image_id,year,month,day,final_date,stage,texts,raw
000001,2027,06,26,2027-06-26,s1,161 | 판매원홈푸드코리아(주)/제주특 | 301空 | 내포장재질 폴리에틸렌(내면 | 号卫空20130628332176 | 반품 및 교환 구입처 | 1899-1494 | 보관방법 직사광선을 피하고 서늘 | 하고 습하지 않는 곳에 실온 보관 | 1포씩 드십시오.원액 그대로 섭취 | 하거나 물에 희석하여 드십시오. | 가법게 흔들어서 드세요 | ※부정 불량식품 신고는 국번없이 | 고시 소비자 분쟁해결 | 기준에 의거 정당한 식품안전관리인증 | HACCP | 소비자 피해에 대해 | 보상해드립니다. 식품의약품안전처 | 소비기한 2027.06.26 까지 | LOT NO 543123,"[[""161"", 18, 33, 135], [""판매원홈푸드코리아(주)/제주특"", 50, 41, 135], [""301空"", 124, 36, 135], [""내포장재질 폴리에틸렌(내면"", 158, 39, 139], [""号卫空20130628332176"", 192, 38, 140], [""반품 및 교환 구입처"", 228, 41, 140], [""1899-1494"", 264, 38, 142], [""보관방법 직사광선을 피하고 서늘"", 297, 39, 144], [""하고 습하지 않는 곳에 실온 보관"", 332, 40, 144], [""1포씩 드십시오.원액 그대로 섭취"", 399, 40, 147], [""하거나 물에 희석하여 드십시오."", 434, 37, 147], [""가법게 흔들어서 드세요"", 468, 34, 149], [""※부정 불량식품 신고는 국번없이"", 500, 39, 148], [""고시 소비자 분쟁해결"", 566, 29, 155], [""식품안전관리인증"", 582, 29, 402], [""기준에 의거 정당한"", 598, 35, 152], [""HACCP"", 608, 35, 403], [""소비자 피해에 대해"", 630, 30, 155], [""보상해드립니다."", 663, 32, 155], [""식품의약품안전처"", 654, 24, 410], [""소비기한"", 723, 30, 157], [""까지"", 719, 32, 462], [""2027.06.26"", 735, 38, 276], [""LOT NO"", 761, 26, 157], [""543123"", 758, 33, 277]]"
000002,2025,12,11,2025-12-11,s1,개성는닫는 | 나주H | JINCE1963 2025.12.11外 2A12106 가 x,"[[""개성는닫는"", 173, 34, 72], [""나주H"", 197, 50, 74], [""가 x"", 420, 90, 499], [""2025.12.11外"", 408, 33, 288], [""JINCE1963"", 418, 21, 0], [""2A12106"", 434, 40, 283]]"
000003,2026,05,12,2026-05-12,s1,2026.05.12 | 옥수수40%함유 | Caramel | POPL | 카라닐,"[[""2026.05.12"", 402, 29, 295], [""옥수수40%함유"", 494, 47, 255], [""Caramel"", 572, 150, 261], [""POPL"", 622, 152, 433], [""카라닐"", 682, 101, 490]]"
000004,2022,02,14,2022-02-14,det5,"220464088 | 품사용시용기따손주본제품은토토 | 제,되지고기,고,쇠고기오장어를시용한세 | 조시설에서제조하고있습니다.제품특성생습 | 는상이있을수있으나품질에는이상이으 | 들에사용하십시오·소비자 분쟁해결 기준에 의거 교통되 | 기는·부정불량식품 신고는 국번없이 39·개봉 | 시번질가능성이있으므로,사용후에는죽시밀봉하해하 | 환하여주십시오 | 및함량매물굴농축에굴자식농축액골농에국 | 에지두외국신,우수 | 레스트린,주정,구연산,탄김 센니트중제정소국신 대두,밀조개류(굴,세유 | 유리 | 01007683508 드 뚜개방 VK | 2022.02.14 16:01","[[""220464088"", 29, 63, 163], [""품사용시용기따손주본제품은토토"", 73, 70, 163], [""제,되지고기,고,쇠고기오장어를시용한세"", 109, 60, 178], [""조시설에서제조하고있습니다.제품특성생습"", 146, 57, 176], [""는상이있을수있으나품질에는이상이으"", 182, 57, 173], [""들에사용하십시오·소비자 분쟁해결 기준에 의거 교통되"", 217, 50, 169], [""기는·부정불량식품 신고는 국번없이 39·개봉"", 251, 55, 168], [""시번질가능성이있으므로,사용후에는죽시밀봉하해하"", 284, 53, 168], [""환하여주십시오"", 316, 46, 169], [""및함량매물굴농축에굴자식농축액골농에국"", 351, 63, 160], [""에지두외국신,우수"", 384, 69, 160], [""센니트중제정소국신"", 417, 64, 161], [""레스트린,주정,구연산,탄김"", 448, 52, 163], [""대두,밀조개류(굴,세유"", 447, 60, 323], [""유리"", 538, 36, 395], [""01007683508"", 590, 52, 186], [""뚜개방"", 576, 37, 385], [""드"", 590, 33, 389], [""VK"", 580, 32, 466], [""2022.02.14"", 628, 56, 203], [""16:01"", 616, 57, 385]]"
000005,2026,07,02,2026-07-02,s1,21:58F590 | 2026.07.02 | 2026.07.02,"[[""21:58F590"", 355, 61, 253], [""2026.07.02"", 409, 52, 259], [""2026.07.02"", 513, 63, 234]]"
000006,2026,02,17,2026-02-17,s1,영88 | 2026.02.17 | 40,"[[""영88"", 148, 45, 120], [""2026.02.17"", 435, 52, 193], [""40"", 475, 48, 185]]"
000007,2026,06,25,2026-06-25,s1,"북동 필로 성수처 용력구 | 量249 | 후면표기일까지 영양정보 81 | 260kcal | 라기남향료 3종 총 내용량당 기준치에 대한 비율 1일 영양성분 | 2,기타식용유지가공품 LE喜105.mg 5% | 우유,돼지고기 함유 탄수화물62g 19% | 질폴리에틸렌 당류47g 47% | 19870415003402 지방08 0% | 갈,대두,혼두,복숭아,종 트랜스지방0g | 포함)혼입가능:제품을 포화지방0g 0% | 고 삼키지 않도록 주의하세 콜레스테롤0mg 0% | 자 기본법에 의한 피해보 단백질38 5% | 광선을 피해 온:습도가 | 보관,개봉후가급적별 이므로개인의필요열량에 따라 다를수있습니다. | ·부청·불량식품 신고 | 5700（）1522-40 | 1:본사 및 구입한 곳 ·제조과정 중 원료가 국거나 고온에서갈변화되어환색 | 당어리나 검은 점이 보일 수 있으나 인체에 무해합니다. | 소비 25.06.26 부터 | 71655709 OTHEF | 기한 26.06.25 까지 | HACCR 22:06 A03","[[""필로 성수처 용력구"", 99, 58, 106], [""북동"", 107, 24, 111], [""量249"", 122, 33, 93], [""후면표기일까지"", 142, 33, 77], [""영양정보"", 170, 35, 343], [""81"", 170, 35, 467], [""260kcal"", 188, 28, 511], [""라기남향료 3종"", 205, 25, 59], [""총 내용량당 기준치에 대한 비율"", 221, 57, 336], [""1일 영양성분"", 209, 28, 486], [""2,기타식용유지가공품"", 235, 34, 0], [""LE喜105.mg"", 242, 39, 336], [""우유,돼지고기 함유"", 258, 25, 59], [""탄수화물62g"", 260, 41, 335], [""5%"", 250, 25, 560], [""질폴리에틸렌"", 277, 26, 2], [""당류47g"", 279, 37, 347], [""19%"", 270, 31, 551], [""19870415003402"", 297, 28, 2], [""지방08"", 299, 34, 332], [""47%"", 291, 28, 553], [""갈,대두,혼두,복숭아,종"", 320, 28, 1], [""트랜스지방0g"", 324, 40, 346], [""0%"", 312, 26, 564], [""포함)혼입가능:제품을"", 341, 32, 4], [""포화지방0g"", 347, 34, 345], [""고 삼키지 않도록 주의하세"", 363, 32, 0], [""0%"", 358, 26, 569], [""콜레스테롤0mg"", 372, 34, 328], [""자 기본법에 의한 피해보"", 387, 36, 0], [""0%"", 382, 29, 569], [""단백질38"", 396, 35, 328], [""광선을 피해 온:습도가"", 412, 37, 0], [""5%"", 407, 26, 571], [""보관,개봉후가급적별"", 436, 37, 4], [""이므로개인의필요열량에 따라 다를수있습니다."", 446, 37, 322], [""·부청·불량식품 신고"", 462, 38, 2], [""5700（）1522-40"", 512, 33, 1], [""1:본사 및 구입한 곳"", 538, 37, 0], [""·제조과정 중 원료가 국거나 고온에서갈변화되어환색"", 543, 40, 349], [""당어리나 검은 점이 보일 수 있으나 인체에 무해합니다."", 565, 39, 347], [""소비"", 630, 27, 276], [""71655709"", 646, 31, 0], [""OTHEF"", 647, 28, 149], [""25.06.26"", 646, 45, 352], [""부터"", 646, 32, 570], [""기한"", 671, 34, 272], [""26.06.25"", 682, 43, 352], [""HACCR"", 694, 21, 149], [""까지"", 692, 26, 568], [""22:06"", 707, 30, 357], [""A03"", 714, 24, 458]]"
000008,2027,06,29,2027-06-29,s1,2027.06.29 A,"[[""2027.06.29 A"", 552, 52, 139]]"
000009,2026,10,29,2026-10-29,s1,"백설 포도씨유 | 100% | 수있습니다.·사용후빈용기와마개는분리수거하여재활용합시다.과열되거나미 | P5 2026.10.29 09人l | 제품명 포도씨유 식품유형 기타식물성유지 | 내용량 900 mL(7,430 kcal, 25 ℃) | 원재료명 100% | 업소명및 씨제이제일제당(주) | 소재지 14049 | 품목보고번호 19790190025-19 반품 및구입처또는 | 소비기한 라벨 상단 표기일까지 교환처영업소 | 포장재질(내면)용기-PET,마개-PE | 영양정보 | 나트륨0mg 87% | 100g185% 13 | 콜레스테롤0mg 0% 단백질0g0% | 1g=1.09mL","[[""포도씨유"", 59, 81, 347], [""백설"", 68, 61, 257], [""100%"", 99, 36, 357], [""수있습니다.·사용후빈용기와마개는분리수거하여재활용합시다.과열되거나미"", 332, 48, 163], [""P5"", 434, 25, 167], [""2026.10.29 09人l"", 439, 34, 265], [""제품명"", 488, 29, 163], [""포도씨유"", 489, 30, 222], [""식품유형 기타식물성유지"", 492, 29, 399], [""내용량"", 518, 29, 164], [""900 mL(7,430 kcal, 25 ℃)"", 522, 34, 221], [""원재료명"", 550, 29, 164], [""100%"", 554, 31, 217], [""업소명및"", 583, 40, 159], [""씨제이제일제당(주)"", 590, 31, 268], [""소재지"", 610, 34, 161], [""14049"", 616, 36, 267], [""품목보고번호"", 646, 36, 163], [""19790190025-19"", 653, 28, 270], [""반품 및구입처또는"", 649, 42, 425], [""소비기한 라벨 상단 표기일까지"", 680, 51, 162], [""교환처영업소"", 678, 39, 429], [""포장재질(내면)용기-PET,마개-PE"", 744, 55, 163], [""영양정보"", 779, 52, 164], [""나트륨0mg"", 813, 42, 169], [""100g185%"", 844, 51, 167], [""87%"", 830, 30, 521], [""13"", 848, 55, 288], [""콜레스테롤0mg"", 873, 50, 168], [""0%"", 882, 25, 296], [""단백질0g0%"", 877, 38, 370], [""1g=1.09mL"", 942, 37, 174]]"
000010,2026,06,08,2026-06-08,s1,"1,980 T류정로데로정: | 리즈 | 0 | 리츠 비김 | 2 레 리즈 | 씨즈 초코 크림 | 2026.06.08","[[""T류정로데로정:"", 18, 38, 225], [""1,980"", 30, 27, 22], [""리즈"", 134, 114, 192], [""0"", 216, 77, 212], [""리츠"", 268, 57, 200], [""비김"", 264, 37, 283], [""리즈"", 360, 53, 553], [""레"", 388, 82, 306], [""2"", 403, 113, 210], [""씨즈"", 530, 86, 154], [""초코 크림"", 530, 41, 347], [""2026.06.08"", 636, 40, 173]]"
000011,2026,02,05,2026-02-05,s1,리즈 치즈 | 리츠 치즈 | RITL | RIT | CHEESE | 2026.02.05 D,"[[""리즈"", 117, 154, 39], [""치즈"", 63, 32, 177], [""리츠"", 203, 92, 82], [""치즈"", 179, 26, 202], [""RITL"", 277, 60, 89], [""RIT"", 464, 107, 274], [""CHEESE"", 562, 48, 281], [""2026.02.05 D"", 653, 42, 232]]"
000012,2026,03,23,2026-03-23,s1,ARLEV HAROT | 매공한 | 피 | OTHER 사광선을피해사틸 | 관하십시오 | 용물의 파손을맞 | ircushion)하 | 1정불량식품신 | 180941318821641 | 소비기한: | 2026-03-23 까지,"[[""ARLEV HAROT"", 66, 58, 498], [""매공한"", 165, 48, 80], [""피"", 387, 34, 587], [""OTHER"", 388, 37, 253], [""사광선을피해사틸"", 402, 35, 593], [""관하십시오"", 416, 28, 599], [""용물의 파손을맞"", 432, 33, 608], [""ircushion)하"", 450, 35, 610], [""1정불량식품신"", 467, 34, 614], [""180941318821641"", 471, 41, 260], [""소비기한:"", 519, 42, 226], [""2026-03-23"", 578, 37, 263], [""까지"", 578, 26, 456]]"
000013,2026,03,20,2026-03-20,s1,"ONEY MUSTA | 기한 | EL 2026.03.20A | 품명:프레켈허니향머 | TARD H名号:85 g(409kcal | F 식품 유형:과자(유처리 | 드맛 기도 파주시월통산로49 | 러드머스타 | 아변성전분 데스트린 | 가공소금정제소금제상인 | 사양별꿀 | 길,대두,우유","[[""ONEY MUSTA"", 41, 46, 100], [""기한"", 419, 26, 256], [""EL"", 452, 41, 3], [""2026.03.20A"", 460, 41, 285], [""품명:프레켈허니향머"", 580, 33, 246], [""TARD"", 620, 49, 0], [""H名号:85 g(409kcal"", 605, 30, 246], [""식품 유형:과자(유처리"", 627, 26, 246], [""F"", 638, 25, 1], [""드맛"", 666, 32, 0], [""기도 파주시월통산로49"", 662, 27, 241], [""러드머스타"", 712, 44, 247], [""아변성전분 데스트린"", 731, 35, 239], [""가공소금정제소금제상인"", 750, 37, 240], [""사양별꿀"", 773, 32, 243], [""길,대두,우유"", 798, 34, 245]]"
000014,2026,01,31,2026-01-31,s1,"한국식 스웨데젤리식품의유형캔디류 号丘7120100211096119 | 100g(360kcal) | TEL031-957-4788 | 돼지고기,우유함유 | (식용색소황색제4호,식용색소청색제1호) | 영양정보 총내용량당 | 총내용량 나트륨44mg 2% 지방0g 0% 26.01.31 | 100g 탄수화물88 27% 트랜스지방0g 까지 | 360 kal 당류7g 7% 포화지방0g 0% | 콜레스테롤Omg 단백질19 2% | OTHER | 031- | 손비자 957-4788 | 상담실","[[""한국식 스웨데젤리식품의유형캔디류"", 144, 60, 20], [""号丘7120100211096119"", 157, 42, 145], [""100g(360kcal)"", 170, 31, 24], [""TEL031-957-4788"", 219, 32, 20], [""돼지고기,우유함유"", 344, 28, 333], [""(식용색소황색제4호,식용색소청색제1호)"", 358, 45, 27], [""영양정보"", 530, 29, 3], [""총내용량당"", 530, 26, 46], [""총내용량"", 554, 29, 4], [""나트륨44mg"", 551, 24, 54], [""2%"", 550, 21, 151], [""지방0g"", 550, 24, 186], [""0%"", 547, 20, 291], [""26.01.31"", 551, 35, 370], [""100g"", 574, 25, 18], [""탄수화물88"", 573, 32, 54], [""27%"", 574, 23, 148], [""트랜스지방0g"", 574, 26, 202], [""까지"", 565, 20, 474], [""360 kal"", 593, 26, 13], [""당류7g"", 596, 29, 67], [""7%"", 598, 25, 156], [""포화지방0g"", 598, 26, 203], [""0%"", 596, 20, 292], [""콜레스테롤Omg"", 618, 32, 60], [""단백질19"", 622, 24, 195], [""2%"", 620, 23, 292], [""OTHER"", 638, 29, 393], [""031-"", 698, 31, 390], [""손비자"", 711, 26, 308], [""상담실"", 728, 28, 307], [""957-4788"", 713, 45, 372]]"
000015,2026,03,01,2026-03-01,s1,"Matket | 마켓오 브라우니 | 소비 2025, 09, 02/21135 부터 | E 기한 2026.03.017A 까지 | Ket 9 | ACE2008 | New","[[""Matket"", 212, 81, 31], [""마켓오 브라우니"", 251, 48, 81], [""E"", 652, 93, 3], [""2025, 09, 02/21135"", 614, 31, 298], [""소비"", 626, 25, 212], [""부터"", 617, 26, 511], [""기한"", 648, 27, 212], [""2026.03.017A"", 638, 29, 298], [""까지"", 639, 22, 509], [""Ket"", 818, 93, 12], [""9"", 838, 59, 224], [""ACE2008"", 870, 36, 0], [""New"", 914, 93, 344]]"
000016,2026,01,22,2026-01-22,s1,"에서 제조하고 있습니 ·직간서을 피하고 서늘하고 건조한 곳에 보 | 개봉후 바로 드십시오. | 새우가 쏙~ 으로 검게 보이는 것으로 안심하고 드셔도 | 표든 백 입자는 파슬리 입니다. | 스비지본틴에 의거 교환,환불해드립니다 | 139 | ·반물본사 및 구입한 곳. | 새우와밀가루를장혼합한후스림을 ·신는지를위해 질소충전포장될 하였습 | 이용하여 만든 반족을 폴러로양게필어주고, | 식품연전관리인증 | HACCP | 넣어 | 구원좋니다 38010430360 | 2026.01.22 Oniaina | 9 | 드레싱을골고루뿌러완성 | 구 방동) ※농심의 녹자적인 설비와 공법으로 만들거, 영양정보 총 내용량80 | 가정에서 동일하게 만들기는 어렵습니다. 410kcal | 수신자요금부담 농심물바르하기 层量460mg23%量52g16% | 023-5181 상 | 2되요","[[""에서 제조하고 있습니"", 21, 42, 286], [""·직간서을 피하고 서늘하고 건조한 곳에 보"", 33, 69, 280], [""개봉후 바로 드십시오."", 65, 50, 288], [""으로 검게 보이는 것으로 안심하고 드셔도"", 101, 65, 290], [""새우가 쏙~"", 134, 29, 0], [""표든 백 입자는 파슬리 입니다."", 128, 57, 290], [""스비지본틴에 의거 교환,환불해드립니다"", 148, 59, 290], [""139"", 172, 55, 290], [""·반물본사 및 구입한 곳."", 199, 43, 291], [""새우와밀가루를장혼합한후스림을"", 239, 66, 23], [""·신는지를위해 질소충전포장될 하였습"", 216, 57, 287], [""이용하여 만든 반족을 폴러로양게필어주고,"", 259, 74, 16], [""식품연전관리인증"", 300, 26, 303], [""HACCP"", 316, 27, 303], [""넣어"", 358, 20, 2], [""38010430360"", 348, 34, 409], [""구원좋니다"", 370, 36, 4], [""Oniaina"", 424, 29, 596], [""2026.01.22"", 449, 34, 331], [""9"", 488, 20, 48], [""드레싱을골고루뿌러완성"", 517, 53, 38], [""영양정보"", 576, 39, 304], [""총 내용량80"", 555, 43, 518], [""※농심의 녹자적인 설비와 공법으로 만들거,"", 591, 32, 32], [""410kcal"", 574, 34, 536], [""구"", 590, 23, 0], [""방동)"", 607, 30, 0], [""가정에서 동일하게 만들기는 어렵습니다."", 608, 38, 43], [""层量460mg23%量52g16%"", 610, 55, 301], [""수신자요금부담"", 640, 41, 0], [""농심물바르하기"", 636, 30, 133], [""023-5181"", 656, 35, 1], [""상"", 662, 49, 124], [""2되요"", 732, 41, 297]]"
000017,2026,11,25,2026-11-25,s1,"영양정보 총 내용량당 기준치에대한비율 1일영양성분 총 내용량당 | 나트륨14mg 1% 지방0g | 총내용량48m 탄수화물1g 0% 트랜스지방0g | 4kcal 당류0g 0% 포화지방0g | 콜레스테롤Omg 0% 단택질0g | 10（%2.000kcal | 기준이므로,개인의 필요 열량에 따라 다를수 있습니다 | 201-eeinOONZllgs | 유통판매시법적벌을받습니다 | 2026.11.25","[[""1일영양성분"", 46, 30, 525], [""총 내용량당"", 56, 26, 601], [""영양정보"", 74, 47, 290], [""총 내용량당"", 64, 29, 398], [""기준치에대한비율"", 62, 32, 496], [""나트륨14mg"", 94, 29, 400], [""1%"", 85, 20, 568], [""지방0g"", 89, 32, 600], [""총내용량48m"", 116, 42, 290], [""탄수화물1g"", 122, 31, 401], [""0%"", 112, 23, 566], [""트랜스지방0g"", 116, 23, 608], [""4kcal"", 142, 23, 294], [""당류0g"", 148, 29, 410], [""0%"", 140, 22, 566], [""포화지방0g"", 143, 26, 608], [""콜레스테롤Omg"", 172, 23, 407], [""0%"", 168, 20, 568], [""단택질0g"", 171, 32, 600], [""10（%2.000kcal"", 198, 33, 407], [""기준이므로,개인의 필요 열량에 따라 다를수 있습니다"", 216, 33, 408], [""201-eeinOONZllgs"", 260, 37, 276], [""유통판매시법적벌을받습니다"", 311, 28, 278], [""2026.11.25"", 351, 32, 270]]"
000018,2025,04,02,2025-04-02,s1,OPEN | 당수기 | ABC | 코쿠키 OPEN | 맛있는 곡물로만든 0 8 ABe 1ime | 씨리얼 ABC | 초코 코쿠키 | 쿠키앤크림 | kcal5%45% | ABC | 초코쿠키 | ：1801062879890 쿠키앤크림 | 25.4.2 B 까지 | 17:20 | 렛트 EEO,"[[""당수기"", 16, 33, 526], [""OPEN"", 28, 31, 661], [""ABC"", 62, 65, 478], [""씨리얼"", 116, 134, 168], [""맛있는 곡물로만든"", 76, 57, 209], [""코쿠키"", 106, 97, 455], [""0"", 95, 22, 338], [""초코"", 158, 47, 237], [""OPEN"", 140, 29, 616], [""ABC"", 209, 90, 515], [""8 ABe 1ime"", 191, 45, 593], [""코쿠키"", 266, 131, 476], [""kcal5%45%"", 328, 95, 452], [""쿠키앤크림"", 313, 75, 519], [""ABC"", 447, 36, 524], [""：1801062879890"", 466, 32, 315], [""초코쿠키"", 494, 55, 507], [""25.4.2 B"", 512, 26, 266], [""쿠키앤크림"", 538, 33, 552], [""17:20"", 541, 28, 262], [""까지"", 554, 24, 495], [""렛트"", 638, 106, 236], [""EEO"", 722, 139, 454]]"
000019,2026,04,09,2026-04-09,s1,A가지 지즈로 더욱 풍부해진 | 치즈샌드 Rich. | 2025.07.10B le | 부터 | 2026.04.09 까지맛있는약속 | 3g,"[[""A가지 지즈로 더욱 풍부해진"", 210, 33, 278], [""치즈샌드"", 261, 62, 223], [""Rich."", 272, 32, 472], [""le"", 330, 71, 446], [""2025.07.10B"", 350, 32, 239], [""부터"", 370, 20, 425], [""2026.04.09"", 392, 29, 245], [""까지맛있는약속"", 404, 22, 421], [""3g"", 794, 35, 139]]"
000020,2025,10,09,2025-10-09,s1,단함이 가득 DELICIOUS | 단질빵 | *SINCE | 194 | L2025.10.09A1-5 GOOD CUIA,"[[""단함이 가득"", 181, 79, 214], [""DELICIOUS"", 170, 29, 472], [""단질빵"", 256, 142, 107], [""*SINCE"", 413, 25, 601], [""194"", 446, 50, 598], [""L2025.10.09A1-5"", 476, 45, 244], [""GOOD CUIA"", 486, 20, 627]]"
000021,2025,10,10,2025-10-10,s1,허 | 품미를 살린 패스추리 호밀 발효좋을넣어 부드러운 부담은 时河10-2320 | 25.10.10,"[[""호밀 발효좋을넣어 부드러운"", 270, 252, 162], [""품미를 살린 패스추리"", 264, 191, 130], [""허"", 218, 47, 657], [""부담은"", 248, 22, 671], [""时河10-2320"", 269, 30, 668], [""25.10.10"", 582, 41, 233]]"
000022,2025,10,14,2025-10-14,s1,KIRIN | 과영양 | 고구마 | 크림빵 25.10.14l.A1.F2 | ESH SLOW BREAD | 연출된 예 | 복합 | 특허유산균 | 구20%) 부담은 발효,"[[""KIRIN"", 236, 95, 93], [""과영양"", 290, 26, 25], [""고구마"", 330, 70, 42], [""크림빵"", 383, 102, 0], [""25.10.14l.A1.F2"", 426, 88, 296], [""ESH SLOW BREAD"", 444, 55, 0], [""연출된 예"", 593, 48, 145], [""복합"", 665, 45, 468], [""특허유산균"", 715, 116, 371], [""구20%)"", 702, 45, 5], [""부담은"", 762, 93, 390], [""발효"", 759, 48, 462]]"
000023,2025,10,10,2025-10-10,s1,달콤 8 | 빅단 팥슈크림빵 | 25.10.10外A1F2 | 맛도 BG키기도B | 산균 | 공법 | 품부한 단팥양금 수크린 | (360kcal),"[[""달콤"", 262, 37, 430], [""빅단 팥슈크림빵"", 355, 178, 61], [""8"", 276, 20, 471], [""25.10.10外A1F2"", 538, 68, 334], [""맛도 BG키기도B"", 611, 40, 406], [""산균"", 723, 56, 0], [""공법"", 751, 48, 0], [""품부한"", 779, 26, 0], [""(360kcal)"", 818, 45, 0], [""단팥양금"", 832, 35, 376], [""수크린"", 846, 29, 507]]"
000024,2025,10,11,2025-10-11,s1,"UJ리브 | 통밀식빵 | 발효빵맛춤 | 허유산균 F1. | 효공법 25.10.11까지 | 18.8.%, | 0.002% 이미지 사진입니다 | (1,480kcal)","[[""UJ리브"", 87, 162, 49], [""통밀식빵"", 206, 148, 133], [""발효빵맛춤"", 334, 33, 0], [""허유산균"", 369, 52, 0], [""F1."", 390, 51, 148], [""효공법"", 408, 50, 0], [""25.10.11까지"", 438, 78, 141], [""18.8.%,"", 626, 44, 0], [""0.002%"", 656, 50, 0], [""(1,480kcal)"", 686, 46, 2], [""이미지 사진입니다"", 697, 36, 520]]"
000025,2026,06,11,2026-06-11,s1,"닭고기 | 합포함),듯 | 2026.06.11A 까지","[[""닭고기"", 58, 41, 395], [""합포함),듯"", 79, 65, 384], [""까지"", 342, 53, 464], [""2026.06.11A"", 382, 76, 182]]"
000026,2025,11,13,2025-11-13,s1,랜스지방 0g | 포화지방 5g | 콜레스테롤 0mg | 단백질 11 g | 1일 영양성분 기준침에 대한 비율 | 에따라다를 수있습니다. | OT | 809486 992593 | 소비기한 | 2025.11.13 | 까지,"[[""랜스지방"", 54, 29, 264], [""0g"", 56, 27, 340], [""포화지방"", 74, 23, 251], [""5g"", 79, 26, 340], [""콜레스테롤"", 99, 34, 240], [""0mg"", 106, 28, 335], [""단백질"", 126, 29, 239], [""11 g"", 131, 27, 323], [""1일 영양성분 기준침에 대한 비율"", 156, 41, 239], [""에따라다를 수있습니다."", 185, 28, 238], [""OT"", 336, 25, 492], [""809486"", 352, 20, 257], [""992593"", 349, 22, 351], [""소비기한"", 416, 37, 218], [""2025.11.13"", 492, 29, 289], [""까지"", 532, 33, 494]]"
000027,2026,04,27,2026-04-27,s1,E0 27 .04.2026 | P0 28.04.2025 | F07:57,"[[""E0 27 .04.2026"", 473, 34, 182], [""P0 28.04.2025"", 498, 33, 182], [""F07:57"", 524, 32, 180]]"
000028,2025,03,31,2025-03-31,s1,GHANA행복사서항 | 970-4567-5050 가나와함께한50년의이아기를 | 지금바로들어보세요 | （：25.3.31） | wowpoomamamomwm//:dwy 6/ | × | 88 은있콜 품릿습 | 주도 | 변정통서 | 주부유드 | 통상구,"[[""GHANA행복사서항"", 97, 50, 321], [""970-4567-5050"", 150, 38, 53], [""가나와함께한50년의이아기를"", 142, 40, 324], [""지금바로들어보세요"", 174, 35, 324], [""（：25.3.31）"", 199, 34, 325], [""wowpoomamamomwm//:dwy"", 533, 257, 83], [""6/"", 498, 138, 263], [""×"", 634, 20, 542], [""88"", 812, 84, 351], [""품릿습"", 802, 33, 427], [""은있콜"", 826, 33, 395], [""주도"", 869, 51, 394], [""변정통서"", 893, 38, 398], [""주부유드"", 917, 26, 400], [""통상구"", 944, 31, 398]]"
000029,2026,08,02,2026-08-02,s1,"총내 | 영등보 | 원미구 | 고번호 포화지방 | 료명 콜레스테롤 | 단백질4 | 1일영양성분 | 기준이므로 개 | 유화제,향료V ·제품0 | 돼지고기,복숭아 함유 30C | 낮은 습 | 롯데웰푸드 | 비닐류 | 801062898862 OTHER | 2026.08.02H1 | 까지 | (주산)","[[""총내"", 30, 29, 677], [""영등보"", 94, 35, 242], [""포화지방"", 130, 37, 631], [""원미구"", 143, 31, 261], [""콜레스테롤"", 152, 42, 617], [""고번호"", 173, 30, 202], [""료명"", 187, 27, 191], [""단백질4"", 175, 41, 623], [""1일영양성분"", 200, 32, 632], [""기준이므로 개"", 216, 30, 635], [""·제품0"", 251, 36, 639], [""유화제,향료V"", 300, 50, 130], [""30C"", 278, 39, 646], [""낮은"", 308, 45, 649], [""습"", 304, 25, 701], [""돼지고기,복숭아 함유"", 300, 86, 316], [""롯데웰푸드"", 389, 44, 252], [""비닐류"", 457, 32, 476], [""801062898862"", 516, 38, 166], [""OTHER"", 510, 42, 463], [""2026.08.02H1"", 624, 42, 164], [""까지"", 648, 38, 464], [""(주산)"", 656, 23, 687]]"
000030,2028,08,17,2028-08-17,s1,"3,480 | 3.480 | SPAM | 스방콜레식 | SPAM | 맛의 비밀 MA6 | 맛이 깔끔한 28.08.17 16-44 | 로맛있게 | 개봉방법 | 게 | 단? 1 점선을따라 3 | 금호수를채취, SPAM 파우치를 SPAM | 사이프리스 열어주세요 | 제) 돼지고기 함유 | 보관방법실온보관 | 30405015-210 포장재질(내면)폴리프로필렌 | 80g/250kca | 영양정보","[[""3,480"", 20, 30, 288], [""3.480"", 40, 32, 276], [""SPAM"", 114, 67, 77], [""스방콜레식"", 138, 36, 92], [""SPAM"", 192, 67, 97], [""MA6"", 370, 28, 476], [""맛의 비밀"", 384, 36, 0], [""28.08.17"", 414, 42, 243], [""16-44"", 406, 33, 431], [""맛이 깔끔한"", 415, 32, 0], [""로맛있게"", 436, 26, 0], [""개봉방법"", 450, 23, 114], [""게"", 470, 23, 0], [""단?"", 501, 22, 0], [""1"", 494, 25, 105], [""점선을따라"", 504, 38, 191], [""3"", 494, 26, 293], [""금호수를채취,"", 522, 20, 0], [""SPAM"", 524, 23, 134], [""파우치를"", 528, 30, 190], [""SPAM"", 524, 22, 320], [""사이프리스"", 553, 24, 0], [""열어주세요"", 551, 26, 193], [""제)"", 718, 28, 2], [""돼지고기 함유"", 710, 29, 339], [""보관방법실온보관"", 772, 38, 267], [""30405015-210"", 812, 33, 0], [""포장재질(내면)폴리프로필렌"", 800, 39, 260], [""80g/250kca"", 840, 39, 317], [""영양정보"", 858, 33, 14]]"
000031,2026,02,14,2026-02-14,s1,"신상품 | 가격 +:thg 1,460 2개 2재구매시 | 알인 구매시할인 | 2026.02.14 | 0839A182 | 반리이는 널 용원해","[[""신상품"", 117, 24, 588], [""가격"", 146, 40, 334], [""+:thg"", 136, 23, 431], [""2개"", 145, 40, 580], [""1,460"", 156, 28, 431], [""2재구매시"", 150, 20, 656], [""알인"", 169, 22, 342], [""구매시할인"", 172, 29, 566], [""2026.02.14"", 500, 62, 133], [""0839A182"", 538, 55, 187], [""반리이는"", 602, 54, 127], [""널"", 610, 39, 295], [""용원해"", 610, 50, 346]]"
000032,2026,03,22,2026-03-22,s1,23 월두들 | 0 | 2026.03.2211 | 8813:40 | 너라면 할수있어,"[[""23"", 134, 23, 467], [""0"", 158, 24, 354], [""월두들"", 153, 126, 415], [""2026.03.2211"", 482, 75, 139], [""8813:40"", 509, 58, 182], [""너라면 할수있어"", 566, 81, 126]]"
000033,2026,06,17,2026-06-17,s1,"1.660 | 1,770 | LOTTE PEPERO | 26. 06. 17 09:29 F2 까지","[[""1.660"", 349, 36, 278], [""1,770"", 380, 43, 541], [""PEPERO"", 497, 62, 357], [""LOTTE"", 506, 43, 227], [""26. 06. 17 09:29 F2"", 561, 52, 202], [""까지"", 566, 37, 550]]"
000034,2026,06,30,2026-06-30,s1,37g0 | white oook | 手37o(185kco | PRER 1.660 | LOTTE PEPERO | 까지 | 26.06.30 05:18,"[[""37g0"", 27, 38, 465], [""手37o(185kco"", 99, 67, 552], [""white oook"", 84, 48, 601], [""PRER"", 247, 68, 50], [""1.660"", 266, 49, 273], [""PEPERO"", 484, 61, 340], [""LOTTE"", 494, 30, 207], [""26.06.30 05:18"", 560, 39, 191], [""까지"", 560, 37, 544]]"
000035,2026,08,17,2026-08-17,s1,33.d | EE | 2026.08.171 | 2481043,"[[""33.d"", 107, 42, 578], [""EE"", 171, 42, 218], [""2026.08.171"", 458, 63, 149], [""2481043"", 499, 52, 145]]"
000036,2026,08,26,2026-08-26,s1,1+1 3.980 1+1 | 88 이채죽 | 단호박국 | 2026.08.26 | 11:48F3,"[[""1+1"", 77, 36, 239], [""3.980"", 78, 23, 348], [""1+1"", 75, 38, 576], [""88"", 148, 26, 53], [""이채죽"", 159, 66, 311], [""단호박국"", 234, 65, 463], [""2026.08.26"", 524, 39, 201], [""11:48F3"", 560, 43, 199]]"
000037,2026,07,17,2026-07-17,s1,1+1 | 조리예 | 양한 | U | 2026.07.17 | 22:59F3,"[[""1+1"", 196, 31, 601], [""조리예"", 250, 41, 153], [""양한"", 267, 34, 558], [""U"", 318, 35, 554], [""2026.07.17"", 547, 51, 161], [""22:59F3"", 598, 70, 164]]"
000038,2027,02,12,2027-02-12,s1,"오뚜기크림스프80G | 2,590 | 1+1 3.980 | EF | ISOUP | 크림스요 POMPKIN | 2027.02.12/K | 콘스프 | 스프 | VONO","[[""오뚜기크림스프80G"", 63, 42, 147], [""2,590"", 104, 62, 196], [""1+1"", 165, 38, 538], [""3.980"", 181, 26, 635], [""EF"", 194, 31, 0], [""ISOUP"", 217, 35, 0], [""크림스요"", 234, 27, 0], [""POMPKIN"", 259, 30, 227], [""2027.02.12/K"", 543, 61, 159], [""스프"", 622, 41, 141], [""콘스프"", 614, 54, 379], [""VONO"", 637, 27, 54]]"
000039,2026,05,26,2026-05-26,s1,2026.05.26T周 | 함께해요! 8o,"[[""2026.05.26T周"", 504, 69, 184], [""함께해요!"", 538, 76, 117], [""8o"", 578, 20, 545]]"
000040,2025,10,11,2025-10-11,s1,2025.10.110 | 10:25DEHB17 | GOOD TODAY 음볼,"[[""2025.10.110"", 512, 46, 251], [""10:25DEHB17"", 557, 49, 254], [""음볼"", 836, 116, 273], [""GOOD TODAY"", 889, 26, 280]]"
000041,2025,10,11,2025-10-11,s1,2025.10.11 | 10:52DMEHB25 | GOOD TODAY 음루 | 보결면빠게으 | 제주A2,"[[""2025.10.11"", 500, 34, 209], [""10:52DMEHB25"", 538, 37, 211], [""음루"", 789, 117, 179], [""GOOD TODAY"", 839, 24, 196], [""제주A2"", 912, 65, 103], [""보결면빠게으"", 888, 144, 434]]"
000042,2025,10,12,2025-10-12,s1,"enmar | 방후 Mim | 2025, 10.12.A | mark","[[""enmar"", 398, 38, 538], [""방후"", 464, 27, 570], [""Mim"", 467, 26, 652], [""2025, 10.12.A"", 592, 77, 279], [""mark"", 680, 109, 107]]"
000043,NONE,10,14,NONE-10-14,s1,10.131 | 2.A3M 10.14 09:45 PA Denma | 상단표 | 유통기한제품 원F8B lil | 영업장의 명칭 정읍 1A급원유 | 밀소재지 | 렌마크 | 130℃ 니쉬우유 | 동물복지 | 습나,"[[""10.131"", 424, 59, 620], [""2.A3M"", 452, 64, 0], [""10.14 09:45 PA"", 514, 83, 224], [""Denma"", 531, 82, 591], [""유통기한제품"", 651, 50, 267], [""상단표"", 646, 43, 422], [""영업장의 명칭"", 676, 47, 263], [""원F8B"", 662, 36, 449], [""lil"", 687, 42, 546], [""밀소재지"", 697, 42, 279], [""정읍"", 692, 36, 408], [""1A급원유"", 710, 49, 529], [""렌마크"", 791, 119, 516], [""니쉬우유"", 843, 168, 476], [""130℃"", 820, 24, 310], [""동물복지"", 881, 113, 494], [""습나"", 857, 20, 0]]"
000044,2026,02,07,2026-02-07,s1,26.02.072FA 23:53 | CJ124-10,"[[""26.02.072FA"", 306, 71, 181], [""23:53"", 320, 62, 385], [""CJ124-10"", 456, 102, 230]]"
000045,2027,04,21,2027-04-21,s1,·식용유형:조릿가공품 | ·원재료명및향량:판초코A(준 | 변질용은구입처및사에서 교환하여본 제품은 공정거래위원회고시 | 号155kca个量210（6%）40寸0g（0%）件190 | 품질경영및공산품안전관리법에의한품질표시 | 2027/04/21,"[[""·식용유형:조릿가공품"", 150, 23, 200], [""·원재료명및향량:판초코A(준"", 174, 23, 201], [""변질용은구입처및사에서 교환하여본 제품은 공정거래위원회고시"", 300, 24, 206], [""号155kca个量210（6%）40寸0g（0%）件190"", 358, 24, 214], [""품질경영및공산품안전관리법에의한품질표시"", 420, 22, 203], [""2027/04/21"", 534, 43, 242]]"
000046,2025,10,10,2025-10-10,s1,소비기한 | 2025.10.10D | 20 J,"[[""소비기한"", 615, 38, 116], [""2025.10.10D"", 692, 49, 228], [""20 J"", 900, 118, 526]]"
000047,2027,04,14,2027-04-14,s1,"자르기 | 품목보고번호 19850499011231 식품유형 양포 | 업소명 및 대상(주)순창공장:전북특별자치도 순 | 소재지 순창읍 순창로 30 | 원재료명 정제수,탈지대두(외국산(인도·미국·중과 | 비아(감미료),종국,영양강화제 대두,밀 함유 | 내포장재질 용기-폴리에틸렌테레프탈레이트,뚜껑 | 에틸렌 | 고객상담실 F12408 | DAESANG | 소중한 자원,까한 환경 | 소비기한 | 2027.04.14 15:55","[[""자르기"", 34, 21, 340], [""19850499011231"", 102, 29, 129], [""식품유형 양포"", 106, 38, 325], [""품목보고번호"", 111, 36, 23], [""대상(주)순창공장:전북특별자치도 순"", 136, 39, 98], [""업소명 및"", 142, 33, 21], [""소재지"", 168, 31, 21], [""순창읍 순창로 30"", 162, 37, 100], [""원재료명"", 198, 29, 24], [""정제수,탈지대두(외국산(인도·미국·중과"", 195, 32, 93], [""비아(감미료),종국,영양강화제"", 290, 31, 25], [""대두,밀 함유"", 286, 34, 291], [""내포장재질"", 332, 33, 25], [""용기-폴리에틸렌테레프탈레이트,뚜껑"", 319, 45, 114], [""에틸렌"", 350, 31, 114], [""고객상담실"", 556, 41, 88], [""F12408"", 541, 32, 306], [""DAESANG"", 566, 35, 347], [""소중한 자원,까한 환경"", 630, 53, 37], [""소비기한"", 674, 43, 39], [""2027.04.14 15:55"", 697, 62, 141]]"
000048,2026,06,12,2026-06-12,s1,비형 아스에 시원다) 불이지는 | 전기성 부 함가하는 하한 공동 한이야기 아기절병 | 1.100 | 26.06.12F111401:33GB,"[[""비형"", 295, 26, 134], [""전기성 부 함가하는 하한 공동"", 320, 40, 32], [""아스에 시원다) 불이지는"", 311, 40, 284], [""한이야기"", 348, 57, 290], [""아기절병"", 348, 61, 498], [""1.100"", 363, 38, 169], [""26.06.12F111401:33GB"", 668, 37, 132]]"
000049,2026,03,01,2026-03-01,s1,"Ret 0 | 2브라우니 | 소비 2025, 09, 02/21 1 35 부터 | 기한 2026.03.01/A 까지","[[""Ret"", 156, 78, 0], [""0"", 166, 57, 105], [""2브라우니"", 196, 55, 0], [""2025, 09, 02/21 1 35"", 632, 34, 238], [""소비"", 643, 36, 98], [""부터"", 644, 37, 568], [""기한"", 680, 40, 98], [""2026.03.01/A"", 671, 36, 238], [""까지"", 678, 36, 562]]"
000050,2025,09,30,2025-09-30,s1,"제품명 후레쉬미니제리(빙수용) 영양정보 | 식품유형 캔디류 200g 200 | 100g348kcal | 원재료명 농축액,사과농축액,오렌지농축액,레몬농축액,혼합제제 100g 1일영양성분 | 나트륨 기준치에 대한 비율 | 1(프로필렌글리롤 적 합성향료,트리아세틴),합성향료 65mg3% | 혼합제제2(주정,천연량 프로필렌글리콜,합성향료),혼 탄수화물 87 g 27% | 합제제3(프로필렌글리콜,주정,합성향료,정산)혼합제 당류 66g 66% | 제4(천연향료,프로필렌글리콜,주정),홈국색소,혼합제제 지방 0g 0% | 트랜스지방 0g | 포화지방 0g 0% | 콜레스테롤 mg 0% | 출색소,정제수,3-카로틴(착색료),비타민타) | 단백질 0g | 소비기한 후면표기일까지 | 포장재질 2025.09.30 기준이므로 개인의 필요 열량에 따라 대를수를 1일영양성분 기준치에 대한 비율(%)은 까 | 제조원 달곰씨앤에프/경기도 파주시 정문로 | 543-1(周) 꿈과 사랑의 과자 | 유통전문판매원 (주)청우식품/경기도 포천시영중면 (주)청우식품 | 129 객행복센터 | 080-039-8585 | 반품및교환 제조원및판매원 www.cwfood.co.kr | 8801204","[[""제품명"", 38, 36, 19], [""후레쉬미니제리(빙수용)"", 38, 31, 128], [""영양정보"", 64, 83, 514], [""식품유형"", 72, 42, 20], [""캔디류"", 71, 32, 125], [""200g"", 71, 30, 269], [""200"", 81, 50, 645], [""100g348kcal"", 102, 55, 621], [""원재료명"", 107, 40, 24], [""100g"", 122, 41, 522], [""농축액,사과농축액,오렌지농축액,레몬농축액,혼합제제"", 136, 52, 25], [""1일영양성분"", 137, 41, 641], [""기준치에 대한 비율"", 154, 44, 612], [""적 합성향료,트리아세틴),합성향료"", 166, 32, 164], [""나트륨"", 164, 43, 513], [""1(프로필렌글리롤"", 168, 41, 30], [""65mg3%"", 186, 47, 592], [""프로필렌글리콜,합성향료),혼"", 199, 38, 237], [""혼합제제2(주정,천연량"", 201, 43, 32], [""탄수화물"", 204, 42, 510], [""87 g 27%"", 220, 38, 605], [""합제제3(프로필렌글리콜,주정,합성향료,정산)혼합제"", 235, 46, 34], [""당류"", 240, 33, 521], [""66g 66%"", 253, 36, 610], [""제4(천연향료,프로필렌글리콜,주정),홈국색소,혼합제제"", 268, 41, 39], [""지방"", 276, 32, 514], [""0g 0%"", 286, 34, 619], [""트랜스지방"", 314, 37, 524], [""0g"", 320, 29, 623], [""포화지방"", 350, 35, 524], [""0g"", 354, 29, 623], [""0%"", 356, 25, 668], [""출색소,정제수,3-카로틴(착색료),비타민타)"", 394, 34, 54], [""콜레스테롤"", 388, 27, 516], [""mg"", 389, 32, 609], [""0%"", 389, 24, 668], [""소비기한"", 425, 32, 52], [""후면표기일까지"", 432, 37, 128], [""단백질"", 424, 34, 512], [""0g"", 424, 29, 622], [""포장재질"", 456, 35, 49], [""2025.09.30"", 457, 60, 124], [""1일영양성분 기준치에 대한 비율(%)은 까"", 460, 27, 513], [""제조원"", 483, 36, 51], [""달곰씨앤에프/경기도 파주시 정문로"", 496, 41, 131], [""기준이므로 개인의 필요 열량에 따라 대를수를"", 477, 32, 511], [""543-1(周)"", 518, 37, 131], [""유통전문판매원"", 534, 41, 59], [""(주)청우식품/경기도 포천시영중면"", 550, 50, 130], [""꿈과 사랑의 과자"", 530, 32, 502], [""129"", 570, 39, 130], [""(주)청우식품"", 555, 50, 499], [""반품및교환 제조원및판매원"", 628, 83, 58], [""객행복센터"", 592, 35, 550], [""080-039-8585"", 619, 46, 515], [""www.cwfood.co.kr"", 640, 41, 515], [""8801204"", 792, 54, 485]]"
000051,2026,01,12,2026-01-12,s1,04145 | 2026.01.12 | 띠크니사과 | 04145 | 2026.01.12 | 피크니사과,"[[""04145"", 169, 46, 468], [""2026.01.12"", 210, 41, 358], [""띠크니사과"", 433, 72, 211], [""04145"", 633, 51, 445], [""2026.01.12"", 676, 44, 332], [""피크니사과"", 912, 72, 191]]"
000052,2025,11,19,2025-11-19,s1,"섯가지야채, | 토마토 | 시금치 | 있어요 | 감자 | 고객지원센터 080-024-6060 | 09:00G | SNEC 2025.11.19 | 다코코","[[""섯가지야채,"", 180, 34, 314], [""토마토"", 296, 24, 54], [""시금치"", 308, 21, 167], [""있어요"", 352, 38, 114], [""감자"", 412, 32, 58], [""고객지원센터"", 508, 27, 69], [""080-024-6060"", 502, 28, 183], [""09:00G"", 554, 24, 235], [""2025.11.19"", 586, 30, 206], [""SNEC"", 598, 45, 44], [""다코코"", 820, 32, 28]]"
000053,2025,12,20,2025-12-20,s1,자르기 | 소 | 202512.20期周,"[[""자르기"", 34, 24, 339], [""소"", 452, 63, 0], [""202512.20期周"", 536, 56, 95]]"
000054,2025,10,08,2025-10-08,s1,오 | 미니꿀호떡 | 가25.10.08까지E이영자 | 16 2/400g（1124 | 0.56%豆 %.쌀가루05,"[[""오"", 104, 167, 351], [""미니꿀호떡"", 272, 67, 257], [""가25.10.08까지E이영자"", 625, 51, 237], [""16"", 750, 82, 168], [""2/400g（1124"", 744, 66, 237], [""%.쌀가루05"", 807, 53, 321], [""0.56%豆"", 820, 49, 1]]"
000055,2026,08,04,2026-08-04,s1,4881320g 제품명새콤상큼 초고추장 식품유형혼합장(살균제품 | 2004904797 | 원재료명 | 장 | 정당 | LOW | TAG 플라스틱 | 100gg 영양정보 20g/100225kcal | 담류 4g | 소비기한 | 2026.08.04,"[[""제품명새콤상큼 초고추장"", 176, 39, 235], [""식품유형혼합장(살균제품"", 174, 51, 417], [""4881320g"", 198, 33, 238], [""2004904797"", 198, 41, 408], [""원재료명"", 262, 29, 240], [""장"", 382, 89, 0], [""정당"", 439, 26, 37], [""LOW"", 460, 55, 10], [""플라스틱"", 456, 25, 548], [""TAG"", 489, 50, 20], [""영양정보"", 524, 25, 262], [""20g/100225kcal"", 524, 41, 432], [""100gg"", 530, 63, 20], [""4g"", 558, 43, 68], [""담류"", 576, 22, 35], [""소비기한"", 613, 32, 267], [""2026.08.04"", 636, 31, 320]]"
000056,2026,07,11,2026-07-11,s1,"고 스버고 맛있는 | 양남든백 | 미국,호주산),대두(외국산),정제소금,종국,물엿,정제수,볶음대두 영양정보 100g215kcal 500g | 분대두외국산(미국,캐나다,호주 등),기타과당,고추양림(중국산),주정 量2130mg107%3611%异28g28% | 설탕,마늘농축에,효모씨즈닝,마늘,육수베이스분말,생강농축액,볶음참해 3.9g7%00.6g4% | 틸·영소명 및 소재지대생주)순장공장전북수창균순청을 순장로30이 1일명방성분 기준처에 대한을은 있개준)로개의들 대수있습니까 | ·오래들수록색이 진해질 수 있으나 숙성에 의한 현상이므로 안심하고 드셔도 됩니다.제품중의검은 입자는대두의일부분으로안심하고 드셔서도 됩니다. 80019-919（ | ·서늘하고 건조한 곳에 보관,개봉후 냉장보관 | ·반품 및 교환장소:고객상담실 및 구입처·본 ·제조일: 2025.07.12 | 제품은 소비자기본법에의거 교환 또는 보상. ·소비기한: 2026.07.11 까지 | F,乳、岛F12306 | 8801052438016 DAESANG 소비자 | hitps/ww.dasang.com 뚜껑:위P,되드지:OTHER | 청정원 DAESANG | 치 고소하고 맛있는","[[""고 스버고 맛있는"", 20, 29, 423], [""양남든백"", 78, 93, 389], [""미국,호주산),대두(외국산),정제소금,종국,물엿,정제수,볶음대두"", 420, 37, 76], [""영양정보"", 418, 37, 345], [""500g"", 411, 26, 472], [""분대두외국산(미국,캐나다,호주 등),기타과당,고추양림(중국산),주정"", 440, 39, 60], [""100g215kcal"", 428, 25, 446], [""설탕,마늘농축에,효모씨즈닝,마늘,육수베이스분말,생강농축액,볶음참해"", 458, 40, 51], [""量2130mg107%3611%异28g28%"", 446, 31, 336], [""3.9g7%00.6g4%"", 466, 27, 339], [""틸·영소명 및 소재지대생주)순장공장전북수창균순청을 순장로30이"", 497, 46, 54], [""·오래들수록색이 진해질 수 있으나 숙성에 의한 현상이므로 안심하고 드셔도"", 515, 42, 58], [""1일명방성분 기준처에 대한을은 있개준)로개의들 대수있습니까"", 505, 26, 337], [""됩니다.제품중의검은 입자는대두의일부분으로안심하고 드셔서도 됩니다."", 533, 44, 58], [""80019-919（"", 534, 29, 340], [""·서늘하고 건조한 곳에 보관,개봉후 냉장보관"", 548, 33, 61], [""·반품 및 교환장소:고객상담실 및 구입처·본"", 566, 37, 63], [""·제조일:"", 567, 24, 235], [""2025.07.12"", 572, 43, 309], [""제품은 소비자기본법에의거 교환 또는 보상."", 585, 42, 67], [""·소비기한:"", 599, 28, 233], [""2026.07.11"", 612, 42, 308], [""까지"", 608, 24, 508], [""F,乳、岛F12306"", 642, 32, 284], [""8801052438016"", 673, 41, 80], [""DAESANG"", 667, 30, 282], [""소비자"", 674, 29, 427], [""hitps/ww.dasang.com"", 690, 27, 282], [""뚜껑:위P,되드지:OTHER"", 695, 20, 471], [""청정원"", 904, 57, 113], [""DAESANG"", 898, 22, 478], [""고소하고 맛있는"", 940, 42, 258], [""치"", 942, 31, 87]]"
000057,2026,06,24,2026-06-24,s1,"소금(국내산) Post 포스트 | 시아산,필라핀산) | 덱스트린,D-a- POST는몬렐리즈 인터내셔널그룹의 | 성전분,이라비아김 | 방산영설량,비타민 동서식품 고객상담실 | 구소 바타인E 비타민 | 리세린,0-토코페롤(혼합형 080-023-9114 | 는 있유되지 통서식품 www.dongsuh.co.kr | 에1용량과같은 제조 | 유20m를밝는 것이 한 식 비닐류 | OTHER | 2026.06.24 | 18:52号A | 스트 | Post | 콘푸라이트","[[""Post"", 32, 65, 131], [""포스트"", 43, 86, 274], [""소금(국내산)"", 42, 37, 0], [""시아산,필라핀산)"", 72, 37, 0], [""덱스트린,D-a-"", 98, 39, 0], [""성전분,이라비아김"", 120, 43, 0], [""방산영설량,비타민"", 145, 44, 0], [""POST는몬렐리즈 인터내셔널그룹의"", 117, 69, 306], [""구소 바타인E 비타민"", 168, 47, 0], [""동서식품 고객상담실"", 150, 39, 93], [""리세린,0-토코페롤(혼합형"", 192, 51, 0], [""080-023-9114"", 211, 42, 103], [""는 있유되지"", 266, 65, 5], [""에1용량과같은 제조"", 288, 63, 10], [""통서식품"", 279, 50, 154], [""www.dongsuh.co.kr"", 267, 72, 328], [""유20m를밝는 것이 한 식"", 348, 89, 0], [""비닐류"", 350, 34, 490], [""OTHER"", 410, 49, 471], [""2026.06.24"", 579, 65, 278], [""18:52号A"", 606, 79, 281], [""스트"", 685, 145, 0], [""콘푸라이트"", 826, 89, 298], [""Post"", 794, 40, 335]]"
000058,2027,03,27,2027-03-27,s1,"사랑하는 사랑과 국수를 | ·오뚜기국수는 F2) | 최고의 재료와※ 정성을 그대로 담은최고의 국수 입니다. 제조원 | 다가수 숙성제면법 | 반국과가방총가사량을충분하하여 | 을 객정한 온도로오랜시간 가루에유루받을강체시키고 ·대두 | 속성시담으로써연말을 손비자기 | 보관 | 르시기 바랍니다. | 원 안에 인부 수에맛는 | 국수를채우면 전확한양으로 총 내용량 | 1인분 알하게 조리통세요~ 영양정보 100g340 | 당류 7g 7%지방 3g | （1100g） 트랜스지방 포화지방 1g | 量1.000m5） | 오뚜기국수를넣고 | 4~5분간 삶습니다 종리법대로삶아행취 드시면 나트륨함량 | 줄어들어요~ | 나트륨함량 %영양성분 기준 | 조리전 | 삶은후 | 해면완성됩니다. | *%영양성분 기준치:1일영양성분 기준치에대한비 | *당사 식품안전센터 분석 결과 | HACCP 8801045""490472 | 2027.03.27 | F2A09:15","[[""사랑하는 사랑과 국수를"", 17, 38, 34], [""F2)"", 45, 20, 287], [""제조원"", 69, 24, 233], [""·오뚜기국수는"", 68, 51, 9], [""최고의 재료와※ 정성을"", 82, 45, 15], [""그대로 담은최고의 국수 입니다."", 95, 47, 15], [""다가수 숙성제면법"", 121, 45, 8], [""반국과가방총가사량을충분하하여"", 136, 41, 12], [""·대두"", 141, 20, 230], [""가루에유루받을강체시키고"", 151, 38, 14], [""손비자기"", 153, 27, 240], [""을 객정한 온도로오랜시간"", 164, 36, 14], [""속성시담으로써연말을"", 177, 36, 13], [""보관"", 196, 20, 247], [""르시기 바랍니다."", 218, 50, 321], [""총 내용량"", 257, 41, 380], [""원 안에"", 272, 29, 28], [""인부 수에맛는"", 266, 27, 104], [""전확한양으로"", 283, 28, 104], [""100g340"", 276, 45, 372], [""국수를채우면"", 293, 38, 16], [""영양정보"", 293, 42, 235], [""1인분"", 317, 43, 15], [""알하게"", 302, 27, 105], [""조리통세요~"", 318, 25, 104], [""3g"", 312, 22, 437], [""당류"", 340, 22, 243], [""7g 7%지방"", 330, 46, 293], [""포화지방"", 338, 34, 361], [""1g"", 333, 20, 436], [""트랜스지방"", 356, 26, 243], [""（1100g）"", 382, 39, 9], [""量1.000m5）"", 404, 41, 9], [""오뚜기국수를넣고"", 420, 36, 22], [""종리법대로삶아행취 드시면 나트륨함량"", 417, 54, 237], [""4~5분간 삶습니다"", 439, 27, 23], [""줄어들어요~"", 441, 26, 253], [""%영양성분 기준"", 448, 28, 407], [""나트륨함량"", 460, 24, 317], [""조리전"", 485, 20, 249], [""삶은후"", 504, 21, 251], [""*%영양성분 기준치:1일영양성분 기준치에대한비"", 536, 41, 247], [""해면완성됩니다."", 555, 26, 23], [""*당사 식품안전센터 분석 결과"", 560, 26, 244], [""8801045\""490472"", 659, 28, 309], [""HACCP"", 692, 24, 28], [""2027.03.27"", 727, 38, 338], [""F2A09:15"", 756, 35, 339]]"
000059,2027,06,22,2027-06-22,s1,"2~3번 씻어내어 주십시오 어산물에 | Rinse cooked noodles | with cold water twice | or three times. | 4.씻은면을사리를지어그롯에 | 담아놓은후칠강콩국물을 | 부어 드시면 더욱 좋습니다 | Make a coil with coked | moodles in a bow and | pour Chikab Soybean Soup | to bowl for best taste. | 5.멸치 국물이나 고기 국물 | 을부어서시되파,김가루 | 생강,마는진 것을적당 | 넣어 드시면 내욱 맛이 좋습니다. | galic for more delicious oup. 2027.06.22 | 주의사항 | ·국수를 삶을때 화력이 세면 거품이 나서 념처 | 화재 위험이나 화상을 입을 수 있으니 거품이 | 나며넘치려 할때 찬물을 한,두 스품씩 부어가 | 며 익하면 됩니다.·면이 삶아진 후에 계속오 | 래 꿀이면 퍼질 수 있으니 적당히 말량말량해지 | 나는것과 함께 보관 하지 말아 주시기 바랍니다. | 직사광선을 피하여 건조하고 서늘한 곳에 실온 | 보관 하십시오.·부정·불량식품 신고는 국번","[[""2~3번 씻어내어 주십시오"", 24, 53, 284], [""어산물에"", 12, 26, 420], [""Rinse cooked noodles"", 45, 54, 284], [""with cold water twice"", 66, 51, 285], [""or three times."", 84, 35, 289], [""4.씻은면을사리를지어그롯에"", 141, 56, 266], [""담아놓은후칠강콩국물을"", 169, 56, 290], [""부어 드시면 더욱 좋습니다"", 195, 48, 294], [""Make a coil with coked"", 218, 45, 291], [""moodles in a bow and"", 239, 44, 291], [""pour Chikab Soybean Soup"", 260, 46, 292], [""to bowl for best taste."", 282, 42, 292], [""5.멸치 국물이나 고기 국물"", 328, 47, 268], [""을부어서시되파,김가루"", 356, 45, 291], [""생강,마는진 것을적당"", 385, 44, 291], [""넣어 드시면 내욱 맛이 좋습니다."", 414, 40, 294], [""galic for more delicious oup."", 506, 51, 133], [""2027.06.22"", 532, 75, 212], [""주의사항"", 563, 40, 139], [""·국수를 삶을때 화력이 세면 거품이 나서 념처"", 588, 50, 138], [""화재 위험이나 화상을 입을 수 있으니 거품이"", 619, 52, 133], [""나며넘치려 할때 찬물을 한,두 스품씩 부어가"", 650, 44, 137], [""며 익하면 됩니다.·면이 삶아진 후에 계속오"", 682, 45, 135], [""래 꿀이면 퍼질 수 있으니 적당히 말량말량해지"", 714, 43, 137], [""나는것과 함께 보관 하지 말아 주시기 바랍니다."", 777, 47, 135], [""직사광선을 피하여 건조하고 서늘한 곳에 실온"", 809, 50, 133], [""보관 하십시오.·부정·불량식품 신고는 국번"", 842, 53, 132]]"
000060,2026,04,30,2026-04-30,s1,소재pP)로글는 | 2026.04.30 川A | 안전은 행복를 위한 약속 | 호지법,"[[""소재pP)로글는"", 128, 67, 0], [""2026.04.30 川A"", 372, 39, 267], [""안전은 행복를 위한 약속"", 397, 50, 230], [""호지법"", 600, 38, 52]]"
000061,2026,05,04,2026-05-04,s1,OLOTTE ABC | 801062893546 코쿠키 | 26.05.04 | 11:32 까지 | ABC초콜릿과 | 소프트쿠키의 0LOTTE | 지 한양리g,"[[""ABC"", 424, 63, 512], [""OLOTTE"", 448, 36, 35], [""코쿠키"", 491, 104, 491], [""801062893546"", 505, 44, 225], [""26.05.04"", 575, 69, 131], [""까지"", 612, 37, 474], [""11:32"", 619, 51, 134], [""ABC초콜릿과"", 706, 97, 416], [""소프트쿠키의"", 740, 87, 421], [""한양리g"", 780, 111, 406], [""0LOTTE"", 725, 60, 599], [""지"", 807, 134, 97]]"
000062,2026,05,26,2026-05-26,s1,호수 | ZEC 제대로 만든크래퀴 | 26.05.26 0:46 A 까지 | 하H낸로는 글,"[[""호수"", 180, 54, 665], [""ZEC"", 489, 331, 176], [""제대로 만든크래퀴"", 554, 121, 368], [""까지"", 670, 26, 588], [""26.05.26 0:46 A"", 683, 84, 284], [""하H낸로는 글"", 901, 120, 478]]"
000063,2026,06,16,2026-06-16,s1,CROU'N | 2025.06.17 부터 l0e9 | 까지 맛있는 약속 | 202606.16 | CROU'N | 5.06.17 부터 le | 까진 이는 약속,"[[""l0e9"", 584, 133, 571], [""CROU'N"", 564, 62, 97], [""부터"", 602, 35, 554], [""2025.06.17"", 642, 90, 257], [""까지"", 650, 29, 557], [""맛있는 약속"", 660, 54, 590], [""202606.16"", 717, 84, 261], [""le"", 891, 104, 579], [""CROU'N"", 896, 65, 119], [""부터"", 908, 36, 550], [""5.06.17"", 939, 51, 339], [""까진 이는 약속"", 948, 21, 553]]"
000064,2026,08,03,2026-08-03,s1,큰피로 | 구론산타우 | 0C | 피로회복·자양강장 | 번호: | 기한: 2026.08.03.10 :45 | ※본 박스는 운반용입니다.,"[[""큰피로"", 124, 37, 445], [""구론산타우"", 150, 31, 426], [""0C"", 176, 25, 440], [""피로회복·자양강장"", 228, 41, 265], [""번호:"", 512, 29, 151], [""기한:"", 548, 35, 147], [""2026.08.03.10 :45"", 555, 52, 251], [""※본 박스는 운반용입니다."", 642, 31, 434]]"
000065,2026,01,12,2026-01-12,s1,미떼 | 핫초코 마일드 | 2026.01.1204:52时 | 달콤한 핫초코에 | 풍부한 우유맛이 더해진 | 부드러운 핫초코 | 是22%010% | 300g1250kcal[30g(125kca/x102W],"[[""미떼"", 325, 218, 240], [""핫초코 마일드"", 468, 49, 358], [""2026.01.1204:52时"", 526, 46, 332], [""달콤한 핫초코에"", 648, 35, 175], [""풍부한 우유맛이 더해진"", 672, 40, 151], [""부드러운 핫초코"", 694, 34, 180], [""是22%010%"", 844, 44, 547], [""300g1250kcal[30g(125kca/x102W]"", 864, 53, 473]]"
000066,2026,08,17,2026-08-17,s1,m | 커피만들어있어요 | 2026.08.1708:319AP 피만 들어있어요 | Maxim 2026.08.1708-310 | Mocha Gold Mild Max | Mocha Gold | AMERICANO BLACK AMERICANO B | 커피만 들어있는 Max | 블랙스틱커피 모카골드미 | 0 STICKS 20 커피원두1 | STICKS 중량:18g | 20 STICKS,"[[""m"", 268, 71, 1], [""커피만들어있어요"", 325, 40, 191], [""2026.08.1708:319AP"", 385, 45, 243], [""피만 들어있어요"", 413, 30, 559], [""Maxim"", 461, 94, 234], [""2026.08.1708-310"", 456, 35, 586], [""Max"", 515, 66, 588], [""Mocha Gold Mild"", 519, 38, 260], [""AMERICANO BLACK"", 558, 32, 278], [""Mocha Gold"", 559, 29, 609], [""AMERICANO B"", 589, 27, 625], [""커피만 들어있는"", 711, 58, 163], [""Max"", 729, 82, 564], [""블랙스틱커피"", 751, 52, 161], [""모카골드미"", 785, 49, 564], [""0"", 832, 53, 1], [""20"", 857, 75, 562], [""STICKS"", 850, 33, 32], [""커피원두1"", 876, 36, 657], [""20"", 912, 53, 147], [""STICKS"", 901, 24, 579], [""중량:18g"", 906, 35, 655], [""STICKS"", 928, 22, 202]]"
000067,2025,12,19,2025-12-19,s1,자매품 | 다리 | 96 $950g | 2025.12.19万 | 고기 | 8류신만0,"[[""자매품"", 112, 45, 522], [""다리"", 171, 60, 514], [""$950g"", 364, 49, 304], [""96"", 377, 26, 308], [""2025.12.19万"", 419, 40, 241], [""고기"", 648, 393, 0], [""8류신만0"", 930, 30, 559]]"
000068,2026,06,17,2026-06-17,s1,자매품 | 롯다리 | 이 2026.06.17川 #3.50g | 쿠이,"[[""자매품"", 254, 38, 602], [""롯다리"", 322, 53, 592], [""이"", 510, 142, 21], [""#3.50g"", 461, 46, 286], [""2026.06.17川"", 517, 43, 224], [""쿠이"", 725, 479, 0]]"
000069,2026,06,24,2026-06-24,s1,중량50g | 2026.06.24 | 기구이,"[[""중량50g"", 434, 49, 287], [""2026.06.24"", 482, 53, 228], [""기구이"", 646, 385, 0]]"
000070,2026,10,08,2026-10-08,s1,좋은 | GOOD TODAY | 아있는 | 피스타치오 | Pistachio | 2026.10.08 | 고소한 품0 | 바식한 | 100% (1.650kcal),"[[""좋은"", 36, 73, 158], [""GOOD TODAY"", 88, 31, 158], [""아있는"", 225, 54, 0], [""피스타치오"", 314, 103, 5], [""Pistachio"", 383, 45, 0], [""2026.10.08"", 640, 46, 265], [""고소한 품0"", 689, 100, 415], [""바식한"", 752, 127, 403], [""(1.650kcal)"", 896, 69, 37], [""100%"", 898, 43, 12]]"
000071,2027,07,20,2027-07-20,s1,은은한 중미와 향긋한 | 마카다마아 | Macadamia | 10 | 2025.07.21 | 全2027.07.20办 호주산마 | 200g | 0실온보관 | 음,"[[""은은한 중미와 향긋한"", 179, 74, 69], [""마카다마아"", 280, 151, 74], [""Macadamia"", 379, 40, 84], [""10"", 574, 39, 593], [""2025.07.21"", 605, 52, 206], [""全2027.07.20办"", 638, 52, 205], [""호주산마"", 666, 58, 551], [""200g"", 774, 96, 140], [""0실온보관"", 812, 41, 270], [""음"", 912, 66, 532]]"
000072,2026,04,25,2026-04-25,s1,"허니머스타드 | 유형소스 2001445534 | 포장재질용가-폴리에틸렌(내면,뚜껑-폴리에틸렌 | 원료명정제수,식물성유지외국산(아르헨티나,미국,중국 등),설러드머스터드 | 미국산식초머스터드소금,터메믹,파프리카,기타과당,설탕,발효식초(주정발효영양원 | 나다,미국,우크라이나 등),향미유건조당밀, 렌지식이섬유,잔탄검,겨자분 겨자:외국산(캐 영양정보 100g285kcal | 효소제 향신료 영양강화제 대두 계란 함유 三650mg33%个号27g8% | 주식회사 오뚜기 22g22%19g35% | 128 | ·밀,토마토 우유,돼지고기쇠고기 조개류(굴) g4.6g31% | 혼입가능·소비자기본법에 따라 피해 보상· 15mg5%1g2% | 11399 200 | 광선을 피해 서늘한 곳에 보관,개봉 후에는 냉 개인의 필요 열량에 따라 다를 수 있습니다. | H2034 | 2013-0 | ：080-231） 8801045176338 | 플라스틱 소비기한 DN2 | OTHER 2026.04.25 까지 | 껑:LDPE | 라벨:PP 09:24","[[""허니머스타드"", 200, 35, 269], [""2001445534"", 240, 36, 286], [""유형소스"", 246, 34, 199], [""포장재질용가-폴리에틸렌(내면,뚜껑-폴리에틸렌"", 272, 45, 185], [""원료명정제수,식물성유지외국산(아르헨티나,미국,중국 등),설러드머스터드"", 304, 50, 146], [""미국산식초머스터드소금,터메믹,파프리카,기타과당,설탕,발효식초(주정발효영양원"", 335, 45, 132], [""렌지식이섬유,잔탄검,겨자분 겨자:외국산(캐"", 394, 32, 118], [""영양정보"", 418, 65, 336], [""나다,미국,우크라이나 등),향미유건조당밀,"", 422, 31, 116], [""100g285kcal"", 427, 37, 490], [""효소제 향신료 영양강화제 대두 계란 함유"", 454, 40, 112], [""三650mg33%个号27g8%"", 462, 35, 344], [""주식회사 오뚜기"", 484, 33, 118], [""128"", 512, 41, 116], [""22g22%19g35%"", 497, 36, 347], [""·밀,토마토 우유,돼지고기쇠고기 조개류(굴)"", 538, 38, 116], [""g4.6g31%"", 532, 37, 348], [""혼입가능·소비자기본법에 따라 피해 보상·"", 563, 38, 113], [""15mg5%1g2%"", 566, 40, 348], [""11399"", 588, 45, 111], [""광선을 피해 서늘한 곳에 보관,개봉 후에는 냉"", 613, 42, 114], [""200"", 602, 37, 355], [""개인의 필요 열량에 따라 다를 수 있습니다."", 624, 35, 356], [""H2034"", 663, 54, 113], [""2013-0"", 687, 58, 112], [""：080-231）"", 718, 67, 112], [""8801045176338"", 724, 39, 400], [""소비기한"", 756, 39, 227], [""DN2"", 756, 43, 493], [""플라스틱"", 773, 22, 166], [""2026.04.25"", 798, 42, 250], [""OTHER"", 810, 41, 149], [""까지"", 815, 40, 495], [""껑:LDPE"", 826, 34, 151], [""라벨:PP"", 841, 33, 157], [""09:24"", 842, 40, 311]]"
000073,2026,03,12,2026-03-12,s1,"리드지(내면):폴리에틸렌 | 话199104450778427 | 원샘표식품()-서울특별시중구충무로 | Pelr2 | 1052 70 부정량성품 | 안전관리인증 본제품은소비 | 소비자중심 ccm HACCP 플라스틱 결기준에의 | 공정거래위원회 식품의약품인전처 있습*9] | OTHER 게,우돼되 | 객지원실(수신자 부담) 080-872-8888 캡:PP/리드지:OTHER/슈림크:페트 산류두되까 | |잣혼입기등 | 2026.03.12/A 반품 및교환가 | 영야정보 | 식물성유지 78 | 황액(단황(계란:국산),발효 18g8 | 정제소금,조제겨자클래 E 7 | 미국산(식초,겨자씨,소금 수을20 | 몬부말 정제수설 설 | T8250 | 랜 | 프지방 10 | 양별꿀(국신","[[""리드지(내면):폴리에틸렌"", 22, 43, 241], [""话199104450778427"", 58, 41, 210], [""원샘표식품()-서울특별시중구충무로"", 99, 77, 203], [""Pelr2"", 162, 79, 612], [""부정량성품"", 206, 99, 607], [""1052 70"", 190, 61, 163], [""본제품은소비"", 246, 75, 611], [""안전관리인증"", 258, 30, 256], [""ccm"", 268, 29, 179], [""결기준에의"", 288, 65, 607], [""소비자중심"", 296, 35, 150], [""HACCP"", 286, 31, 257], [""플라스틱"", 298, 33, 437], [""있습*9]"", 330, 68, 600], [""공정거래위원회"", 334, 21, 159], [""식품의약품인전처"", 334, 23, 261], [""OTHER"", 362, 39, 414], [""게,우돼되"", 371, 54, 600], [""객지원실(수신자 부담)"", 386, 37, 134], [""080-872-8888"", 389, 36, 236], [""캡:PP/리드지:OTHER/슈림크:페트"", 398, 39, 381], [""산류두되까"", 412, 52, 595], [""|잣혼입기등"", 454, 47, 588], [""2026.03.12/A"", 502, 69, 200], [""반품 및교환가"", 501, 55, 579], [""영야정보"", 572, 46, 574], [""식물성유지"", 616, 43, 252], [""황액(단황(계란:국산),발효"", 656, 71, 168], [""78"", 640, 37, 600], [""18g8"", 654, 51, 563], [""정제소금,조제겨자클래"", 700, 65, 197], [""E 7"", 687, 80, 550], [""미국산(식초,겨자씨,소금"", 739, 69, 200], [""수을20"", 729, 67, 549], [""몬부말"", 770, 31, 237], [""정제수설"", 782, 38, 290], [""설"", 780, 20, 349], [""T8250"", 814, 64, 544], [""랜"", 848, 87, 547], [""프지방 10"", 888, 79, 555], [""양별꿀(국신"", 936, 38, 370]]"
000074,2026,08,28,2026-08-28,s1,제품명 백설 허니머스타드소스 | 내용량 250g | 식품의 유형 소스(살균제품) | 소비기한 후면 별도 표시일까지 MCTNUE7 | 실온보관/개봉후냉장보관 BRUnE | 유통전문판매원:씨제이제 | 일제당(주)충청북도 진천군 광 | 업소명및 112 | 소재지 ·제조원:(주)동방푸드마스타 | CAC宝105 | 번길70 | 2026.08.28/C | 까지 | 합제제(유화,"[[""제품명"", 206, 31, 228], [""백설 허니머스타드소스"", 200, 31, 282], [""내용량"", 237, 28, 228], [""250g"", 234, 34, 280], [""식품의 유형"", 268, 32, 217], [""소스(살균제품)"", 268, 33, 279], [""MCTNUE7"", 287, 26, 607], [""소비기한"", 301, 26, 218], [""후면 별도 표시일까지"", 300, 29, 279], [""BRUnE"", 318, 28, 589], [""실온보관/개봉후냉장보관"", 334, 33, 279], [""유통전문판매원:씨제이제"", 366, 31, 290], [""일제당(주)충청북도 진천군 광"", 394, 29, 278], [""업소명및"", 416, 37, 207], [""112"", 423, 34, 274], [""소재지"", 448, 29, 217], [""·제조원:(주)동방푸드마스타"", 450, 34, 275], [""CAC宝105"", 478, 35, 275], [""번길70"", 505, 38, 271], [""2026.08.28/C"", 596, 68, 224], [""까지"", 652, 42, 432], [""합제제(유화"", 945, 32, 388]]"
000075,2026,01,06,2026-01-06,s1,"우유 | 잣성분 혼입 가능, | 1399 | 영양정보 320g F24 | 100g385kcal | L暑700mg35% 26g8% | 异 22g22 % 31g57% | 트랜스지방09 4.429% | 量10mg3% 단백질1g2% | DAESN | 소비기한: | 2026.01.06 | 11:18","[[""우유"", 68, 51, 93], [""잣성분 혼입 가능,"", 156, 73, 91], [""1399"", 180, 95, 91], [""320g"", 228, 39, 372], [""F24"", 234, 32, 578], [""영양정보"", 258, 58, 89], [""100g385kcal"", 268, 47, 325], [""L暑700mg35%"", 326, 42, 96], [""26g8%"", 316, 44, 311], [""异 22g22 %"", 366, 42, 95], [""31g57%"", 360, 49, 310], [""트랜스지방09"", 405, 44, 99], [""4.429%"", 399, 51, 265], [""量10mg3%"", 441, 50, 97], [""단백질1g2%"", 436, 53, 351], [""DAESN"", 476, 27, 594], [""소비기한:"", 604, 66, 98], [""2026.01.06"", 623, 70, 293], [""11:18"", 678, 58, 346]]"
000076,2026,08,17,2026-08-17,s1,제품명 백설논까스소스 | L格255g | 식품의 유형 소스 (살균제품) | 소비기한 후면 별도 표시일까지 | 보관방법 실온보관/개봉후냉장보관 | 유통전문판매원:씨제이제 | 일제당(주)충청북도 진천군 광 | 업소명및 112 | 소재지 ·제조원:(주)동방푸드마스타 반품 및고 | 号记CHACH宝105 | 번길70 품목 | 영양장보 | 2026.08.17/D 나트 11 | 까지,"[[""제품명"", 128, 35, 205], [""백설논까스소스"", 119, 44, 252], [""L格255g"", 158, 50, 202], [""식품의 유형 소스 (살균제품)"", 191, 44, 196], [""소비기한"", 227, 32, 198], [""후면 별도 표시일까지"", 222, 36, 250], [""보관방법"", 260, 32, 197], [""실온보관/개봉후냉장보관"", 254, 37, 252], [""유통전문판매원:씨제이제"", 289, 38, 269], [""일제당(주)충청북도 진천군 광"", 318, 34, 257], [""업소명및"", 341, 20, 194], [""112"", 348, 35, 251], [""소재지"", 376, 29, 200], [""·제조원:(주)동방푸드마스타"", 376, 37, 252], [""반품 및고"", 380, 36, 529], [""号记CHACH宝105"", 404, 35, 253], [""번길70"", 433, 32, 253], [""품목"", 431, 55, 518], [""영양장보"", 470, 56, 523], [""2026.08.17/D"", 530, 63, 212], [""나트 11"", 528, 24, 534], [""까지"", 584, 39, 418]]"
000077,2026,03,07,2026-03-07,s1,India | 0.28%98 | 2026.03.07 까,"[[""India"", 492, 60, 0], [""0.28%98"", 579, 48, 415], [""2026.03.07"", 678, 62, 174], [""까"", 676, 37, 507]]"
000078,2025,06,19,2025-06-19,s1,"옥수수천분), 국산)변성전분,과·채가공품/미 토마토,정제소금,구연산 | 대두,밀,토마토함유 | 300g 안전관리인증 | 100g270kcal HACCP | OT | mg27%59g18%18g18% | 3%트랜스지방 0g | 5g2%1g2% | 8809781220032 | 2025.0619刘至","[[""토마토,정제소금,구연산"", 34, 68, 453], [""옥수수천분),"", 24, 48, 0], [""국산)변성전분,과·채가공품/미"", 43, 81, 0], [""대두,밀,토마토함유"", 116, 53, 510], [""300g"", 314, 40, 309], [""안전관리인증"", 321, 26, 616], [""100g270kcal"", 348, 37, 278], [""HACCP"", 342, 30, 614], [""OT"", 388, 25, 692], [""mg27%59g18%18g18%"", 404, 49, 0], [""3%트랜스지방 0g"", 452, 44, 0], [""5g2%1g2%"", 502, 43, 0], [""8809781220032"", 544, 47, 544], [""2025.0619刘至"", 683, 47, 209]]"
000079,2026,01,31,2026-01-31,s1,머들러로사용 | 뱅쇼(프랑스 따듯한 와인) | ·소비기한 | 2026.01.31 까지,"[[""머들러로사용"", 132, 55, 105], [""뱅쇼(프랑스 따듯한 와인)"", 266, 50, 112], [""·소비기한"", 534, 34, 119], [""2026.01.31"", 568, 45, 200], [""까지"", 578, 26, 523]]"
000080,2026,09,16,2026-09-16,det5,"18 | 제재후랜지화이매심92G | 3,990 | 1225 | 읍 | 로필렌 1802259020431 | 혼합분유 | 가나산,에 0 롯데웰푸드 | 길:미국산) | 품유(말레 | 전분),전란 | 소금, ,산도 25.09.17 부터 | 지방산에스 26.09.16 까지","[[""18"", 30, 62, 181], [""제재후랜지화이매심92G"", 84, 65, 424], [""3,990"", 123, 96, 478], [""1225"", 284, 51, 0], [""읍"", 330, 49, 0], [""로필렌"", 453, 52, 0], [""1802259020431"", 443, 55, 216], [""혼합분유"", 501, 58, 0], [""가나산,에"", 544, 55, 0], [""0"", 549, 40, 237], [""롯데웰푸드"", 550, 71, 316], [""길:미국산)"", 584, 56, 0], [""품유(말레"", 625, 57, 0], [""전분),전란"", 666, 62, 0], [""25.09.17"", 688, 75, 227], [""부터"", 690, 53, 544], [""소금,"", 704, 35, 3], ["",산도"", 701, 44, 62], [""까지"", 728, 49, 543], [""지방산에스"", 742, 53, 0], [""26.09.16"", 736, 61, 234]]"
000081,2026,05,18,2026-05-18,s1,소비기한 | 부터 | 2025.05.19/10:27 | 크란? 2026.05.18 까지 | 고 안전하다고 | 하는마크입니다,"[[""소비기한"", 468, 54, 155], [""부터"", 520, 51, 563], [""2025.05.19/10:27"", 561, 42, 215], [""크란?"", 620, 49, 0], [""2026.05.18"", 608, 40, 216], [""까지"", 616, 48, 562], [""고 안전하다고"", 662, 26, 0], [""하는마크입니다"", 690, 32, 0]]"
000082,2026,08,24,2026-08-24,s1,엉아손 | 101 | 기운내 | 자 아자 | From. | 2025.08.25导E3 | 2026.08.24/A,"[[""엉아손"", 66, 77, 91], [""101"", 110, 55, 147], [""기운내"", 381, 94, 14], [""아자"", 500, 214, 80], [""자"", 530, 97, 24], [""From."", 610, 55, 39], [""2025.08.25导E3"", 678, 65, 174], [""2026.08.24/A"", 739, 58, 175]]"
000083,2026,07,01,2026-07-01,s1,행사상품 | 상금달콤롯데샌드 | 롯샌 | 파인해플 | 26.07.01向 | 17106 까지,"[[""행사상품"", 230, 60, 223], [""상금달콤롯데샌드"", 404, 50, 215], [""롯샌"", 486, 172, 172], [""파인해플"", 570, 37, 253], [""26.07.01向"", 640, 52, 168], [""까지"", 672, 28, 489], [""17106"", 690, 45, 175]]"
000084,2026,03,31,2026-03-31,s1,LOTTE | 대한민국 No.1 | 카스타는 | 1989 | 소비 2025.10.01/12.47 부터 | 기한 2026.03.31/A 까지 | 사장입니다 | 29,"[[""LOTTE"", 25, 42, 63], [""대한민국 No.1"", 101, 92, 224], [""카스타는"", 200, 167, 96], [""1989"", 280, 64, 273], [""소비"", 564, 47, 41], [""2025.10.01/12.47"", 567, 44, 216], [""부터"", 562, 51, 624], [""기한"", 619, 52, 44], [""2026.03.31/A"", 620, 53, 217], [""까지"", 616, 49, 621], [""사장입니다"", 749, 50, 3], [""29"", 845, 28, 2]]"
000085,2026,03,30,2026-03-30,s1,아름 | 영양정보 | 20mg1% 全司量40912% 45201 | 080-024-6060 | (수신자 요금 부담) | http://www.lottewellfood.com | 2026.03.30B1 7818010,"[[""아름"", 23, 20, 148], [""영양정보"", 159, 42, 140], [""20mg1%"", 212, 51, 139], [""全司量40912%"", 235, 89, 437], [""45201"", 228, 79, 553], [""080-024-6060"", 385, 46, 170], [""(수신자 요금 부담)"", 424, 31, 277], [""http://www.lottewellfood.com"", 454, 33, 245], [""2026.03.30B1"", 550, 71, 209], [""7818010"", 575, 75, 520]]"
000086,2026,03,14,2026-03-14,s1,제수엔 | 25.09.15 18:25 부터 | 26.03.14 A 까지,"[[""제수엔"", 506, 51, 0], [""부터"", 596, 48, 635], [""25.09.15 18:25"", 600, 59, 214], [""26.03.14 A"", 656, 56, 212], [""까지"", 655, 48, 634]]"
000087,2026,08,10,2026-08-10,s1,"4,120 | 4,330 | 2025.08.11 부터 02 | 까지 | 2026.08.102 맛있는 약속","[[""4,120"", 188, 47, 79], [""4,330"", 288, 55, 583], [""02"", 527, 186, 524], [""2025.08.11"", 549, 54, 106], [""부터"", 569, 44, 471], [""까지"", 640, 41, 469], [""2026.08.102"", 661, 50, 109], [""맛있는 약속"", 672, 43, 555]]"
000088,2026,09,03,2026-09-03,s1,소비 25.09.04 00:34 부터 | 기한 26.09.03 까지,"[[""부터"", 498, 49, 602], [""소비"", 510, 49, 27], [""25.09.04 00:34"", 518, 52, 183], [""26.09.03"", 568, 49, 183], [""까지"", 570, 47, 598], [""기한"", 588, 54, 31]]"
000089,2026,09,11,2026-09-11,s1,01103 | 26.09.11 | 15124 | 26.07.11 | 2026.09.11 | 010EB | 잡혜 | 김한 | UUR | ·에코철취천,"[[""01103"", 176, 35, 280], [""26.09.11"", 211, 36, 272], [""15124"", 260, 22, 498], [""26.07.11"", 280, 23, 490], [""2026.09.11"", 480, 33, 223], [""010EB"", 511, 30, 261], [""잡혜"", 565, 85, 0], [""김한"", 622, 24, 626], [""UUR"", 751, 76, 466], [""·에코철취천"", 873, 172, 475]]"
000090,2026,09,01,2026-09-01,erode5,Max | OPENL | 2026.09.01 225 | 21:05,"[[""OPENL"", 456, 41, 254], [""21:05"", 565, 52, 195], [""Max"", 85, 162, 433], [""2026.09.01 225"", 505, 116, 161]]"
000091,2027,05,22,2027-05-22,s1,스테비아 | 제주레몬차 소우 | 16g 넣어갈이만든 | 내내 | 제티 | L | 제티 | 초코 | 2027.05.22 10:352 | 콤부자 | 콤부자,"[[""스테비아"", 25, 48, 389], [""제주레몬차"", 50, 72, 362], [""내내"", 104, 51, 0], [""16g"", 104, 22, 392], [""소우"", 112, 78, 607], [""넣어갈이만든"", 170, 46, 585], [""제티"", 430, 141, 237], [""제티"", 564, 79, 275], [""L"", 572, 27, 583], [""초코"", 614, 29, 331], [""2027.05.22 10:352"", 704, 59, 71], [""콤부자"", 861, 46, 608], [""콤부자"", 904, 49, 581]]"
000092,2026,12,05,2026-12-05,s1,탈내내 | 20 | 제티 | 제티 L | 2026.12.05 1006F,"[[""탈내내"", 26, 59, 183], [""20"", 64, 29, 194], [""제티"", 408, 130, 256], [""제티"", 528, 77, 292], [""L"", 538, 37, 571], [""2026.12.05 1006F"", 665, 68, 114]]"
000093,2026,04,23,2026-04-23,s1,2026.04.23 | TREI,"[[""2026.04.23"", 364, 54, 230], [""TREI"", 824, 101, 526]]"
000094,2027,06,30,2027-06-30,s1,19:30G1 | 2027. 06. 30 | 2022.06.30 | kcal,"[[""19:30G1"", 396, 54, 260], [""2027. 06. 30"", 439, 58, 245], [""2022.06.30"", 529, 64, 261], [""kcal"", 657, 66, 0]]"
000095,2026,07,29,2026-07-29,s1,Okcal:23 | P5 26.07.29 | SUGAR 2026.0729,"[[""P5 26.07.29"", 437, 70, 195], [""Okcal:23"", 436, 51, 44], [""2026.0729"", 544, 68, 276], [""SUGAR"", 600, 111, 0]]"
000096,2026,05,26,2026-05-26,s1,Por | 2026.05.26 | 래이,"[[""Por"", 42, 39, 21], [""2026.05.26"", 456, 49, 236], [""래이"", 748, 97, 576]]"
000097,2025,11,19,2025-11-19,s1,중국산OEM | 9（100%） | 제일제당 | 쁘띠철 | 연출예 petit2el | 플라스틱 요거젤리 밀감 | 기:OTHER | Mandatin | 쁘띠켈 요거젤리 밀감 | 210 g(221 kcal) | 밀강15% 2025.11.19 | 나타드코코 15% | 210 | 열량나트륨탄수화물 트랜스지방포화지방콜레스테롤 | 2214% 11% 35%17% 0g 47% | kcal75mg35g35g9g | 0c | ·식품유형캔디류·포장재질(내면:용기/m | 4소비자분쟁해결기준에의거.길,"[[""중국산OEM"", 186, 69, 74], [""9（100%）"", 213, 70, 105], [""제일제당"", 382, 35, 101], [""쁘띠철"", 483, 65, 294], [""연출예"", 500, 31, 4], [""petit2el"", 544, 87, 216], [""플라스틱"", 558, 24, 3], [""기:OTHER"", 590, 24, 0], [""요거젤리 밀감"", 603, 53, 269], [""쁘띠켈 요거젤리 밀감"", 636, 46, 0], [""Mandatin"", 643, 50, 294], [""210 g(221 kcal)"", 658, 41, 0], [""밀강15%"", 675, 34, 0], [""나타드코코 15%"", 698, 36, 0], [""2025.11.19"", 714, 49, 173], [""210"", 721, 40, 5], [""열량나트륨탄수화물"", 749, 44, 18], [""2214%"", 765, 32, 21], [""kcal75mg35g35g9g"", 792, 55, 16], [""11%"", 776, 30, 116], [""35%17%"", 784, 34, 165], [""트랜스지방포화지방콜레스테롤"", 778, 39, 263], [""0c"", 818, 64, 15], [""0g"", 803, 28, 278], [""47%"", 799, 26, 338], [""·식품유형캔디류·포장재질(내면:용기/m"", 838, 53, 62], [""4소비자분쟁해결기준에의거.길"", 849, 47, 37]]"
000098,2026,03,11,2026-03-11,s1,"petitzel 요거젤리 블루베리 | 2026.01.10 | 주의하세요·부정·불량식 | 소비기한제품 상단  | 제일제당 | 쁘띠철 | ad petit2el | A | 요거젤리 화이트코코 | Ulitecoes | 뿌피철 요거젤리 화이트코코, | 210 g(216keal) | 나티드되코코0% 2026.03.11 | 8210 | Cra 70mg36g36g8g 4%11%36%15% 0g 40% 0% 0%","[[""petitzel"", 130, 167, 0], [""요거젤리 블루베리"", 140, 126, 20], [""2026.01.10"", 192, 107, 77], [""주의하세요·부정·불량식"", 354, 48, 235], [""제일제당"", 389, 24, 168], [""소비기한제품 상단 "", 373, 56, 237], [""ad"", 452, 47, 0], [""쁘띠철"", 454, 44, 289], [""A"", 486, 22, 0], [""petit2el"", 502, 68, 233], [""요거젤리 화이트코코"", 550, 47, 246], [""뿌피철 요거젤리 화이트코코,"", 592, 48, 77], [""Ulitecoes"", 582, 40, 291], [""210 g(216keal)"", 609, 39, 77], [""나티드되코코0%"", 626, 30, 76], [""8210"", 652, 36, 72], [""2026.03.11"", 656, 49, 279], [""4%11%36%15%"", 708, 53, 110], [""Cra 70mg36g36g8g"", 724, 57, 78], [""0g"", 734, 27, 269], [""40%"", 734, 32, 325], [""0%"", 740, 32, 375], [""0%"", 749, 26, 430]]"
000099,2026,03,07,2026-03-07,s1,시설에 | 제일제당 | 쁘띠철 | 연출에 petit2el | 과일젤리 밀감 | 용기:OTHER | :OTHER Mandarin | 뿌띠켈 젤리 밀감 | 210 g(140 kcal) | 밀감20% | 0.97500 2026.03.07 | 210g | 열량나트륨탄수화물 당류 지방트랜스지방포화지방콜레스테롤 단백질 DA | 140 12% 11% 32% 0g 0% 0% 0% | kcal 40mg 35g 09 mg,"[[""시설에"", 234, 33, 559], [""제일제당"", 269, 38, 139], [""쁘띠철"", 375, 70, 311], [""연출에"", 379, 36, 37], [""petit2el"", 441, 104, 231], [""용기:OTHER"", 472, 30, 12], ["":OTHER"", 486, 29, 12], [""과일젤리 밀감"", 504, 71, 278], [""뿌띠켈 젤리 밀감"", 522, 54, 13], [""210 g(140 kcal)"", 548, 49, 11], [""Mandarin"", 548, 63, 303], [""밀감20%"", 566, 35, 9], [""0.97500"", 607, 67, 5], [""210g"", 620, 51, 7], [""2026.03.07"", 648, 71, 282], [""열량나트륨탄수화물"", 658, 63, 16], [""140"", 670, 23, 24], [""12%"", 676, 37, 38], [""당류"", 675, 30, 173], [""kcal"", 689, 20, 22], [""11%"", 690, 34, 114], [""지방트랜스지방포화지방콜레스테롤"", 707, 74, 225], [""40mg"", 700, 36, 51], [""32%"", 700, 33, 166], [""35g"", 711, 30, 111], [""09"", 733, 29, 219], [""0g"", 736, 31, 281], [""0%"", 737, 34, 346], [""단백질"", 736, 35, 477], [""0%"", 750, 32, 413], [""DA"", 741, 32, 593], [""0%"", 762, 39, 477], [""mg"", 772, 33, 404]]"
000100,2026,02,11,2026-02-11,s1,Ioor | Powuts | 日早人100%） | A508 Best before | 소비기한 2026.02.11（A) | 소 판아원 및구매처 | 땅콩 07:53:58 | 함유 | 村是100大 | 1300-1908 슈퍼너즈 | 352-026 유리 공식 판해처와 | 460g 확인하세요! 다양한 혜택 | 6%,"[[""Ioor"", 403, 43, 198], [""Powuts"", 438, 60, 189], [""日早人100%）"", 586, 81, 59], [""A508"", 613, 56, 92], [""Best before"", 627, 36, 237], [""소비기한"", 646, 35, 238], [""소 판아원 및구매처"", 675, 72, 90], [""2026.02.11（A)"", 680, 78, 214], [""땅콩"", 716, 41, 151], [""함유"", 735, 36, 156], [""07:53:58"", 734, 49, 261], [""村是100大"", 756, 63, 112], [""1300-1908"", 780, 59, 128], [""352-026"", 809, 44, 153], [""유리"", 808, 23, 234], [""슈퍼너즈"", 810, 35, 405], [""460g"", 847, 41, 299], [""공식 판해처와"", 827, 32, 404], [""다양한 혜택"", 842, 32, 404], [""확인하세요!"", 858, 28, 405], [""6%"", 878, 31, 179]]"
000101,2026,04,08,2026-04-08,s1,주L농 자욱 | 원 랜운공 | 12961 | K1B1 22:41 | 2026.04.08 방심 | 육개장 한국인의 맛 | 시방면 | 면 스밀면,"[[""주L농"", 52, 108, 127], [""자욱"", 71, 42, 517], [""원"", 277, 227, 5], [""랜운공"", 310, 109, 388], [""2026.04.08"", 505, 26, 49], [""K1B1 22:41"", 502, 32, 321], [""12961"", 500, 31, 513], [""방심"", 536, 32, 410], [""육개장"", 604, 145, 281], [""한국인의 맛"", 582, 47, 467], [""시방면"", 670, 65, 419], [""면"", 724, 109, 42], [""스밀면"", 804, 28, 657]]"
000102,2025,11,13,2025-11-13,s1,유간밀 | 전명 지장볼 | 지방:담지 | 한 2025.11.13 | 05:46 | 롯네 %,"[[""유간밀"", 154, 49, 423], [""전명"", 192, 25, 381], [""지장볼"", 190, 54, 427], [""지방:담지"", 231, 50, 180], [""한"", 465, 54, 190], [""2025.11.13"", 452, 41, 259], [""05:46"", 487, 38, 365], [""롯네"", 614, 259, 191], [""%"", 538, 75, 490]]"
000103,2025,12,18,2025-12-18,s1,HEEFE BUTUER BREAD | 6개입 | EXP.2025/12/18 | Bkel | BREAD | 맛잇게 | 에어프라이어 | 치즈버터브레드 | 주기2,"[[""HEEFE BUTUER BREAD"", 22, 33, 170], [""6개입"", 66, 48, 202], [""EXP.2025/12/18"", 471, 32, 202], [""Bkel"", 572, 85, 278], [""BREAD"", 616, 35, 280], [""맛잇게"", 645, 65, 640], [""에어프라이어"", 692, 29, 664], [""치즈버터브레드"", 871, 32, 240], [""주기2"", 922, 25, 301]]"
000104,2026,04,01,2026-04-01,s1,SWEET | 2026. 04. 01 | Brand | MILK STICKS | 유유즈 | 16,"[[""SWEET"", 518, 39, 171], [""2026. 04. 01"", 618, 31, 259], [""Brand"", 658, 31, 7], [""MILK STICKS"", 748, 44, 1], [""유유즈"", 789, 59, 20], [""16"", 910, 30, 510]]"
000105,2025,11,09,2025-11-09,s1,L00 | 2025.11.09 | 김:F1단무지:F2 | MEALSEAY | 리미엄 김밥세트 | 줄 (5인분) 440g | 냉장보관,"[[""L00"", 32, 47, 87], [""2025.11.09"", 190, 38, 235], [""김:F1단무지:F2"", 218, 41, 235], [""MEALSEAY"", 422, 319, 0], [""리미엄 김밥세트"", 582, 143, 0], [""줄"", 680, 45, 2], [""440g"", 690, 75, 65], [""(5인분)"", 706, 29, 0], [""냉장보관"", 722, 23, 221]]"
000106,NONE,NONE,NONE,NONE,fail,NO No Brand No Brand No Brand NO Brand Brand | 브랜드가 이니다! 브랜드가 N니라스비자다. 브랜드가 이니다.스비자다. 브랜드가이니면 스비자다. 스비자다 | 2.580 습인이 스마트 컨슈미가 되는 길 전이 스마트컨슈머가되는 길 신이스마트컨슈머가되는길 신이 스마트 컨슈머가 되는 길 No Brand No Brand | 이미지사 Plain Pain Plain Plain 450g 기lain 스마트컨슈머 #이마트 mbn 브랜드가 이니니I다! 브랜드가 이L니 스비자다. 08Sz 스비자다 | cal) 8 신이 스마트 컨슈머가 되는 길 신이 스마트 컨슈머가 되는 길 | puelg ON 국더아 Dei PLS 더니묵 껑 Jngh VOGURT YOGURT VOGURT VOGURT /OGURT e 커미이 Ur y미l Sugair Sugur Sugear Sugoar Sugir Plain lain YOGURT an 신이 스마트컨슈머가되는 길 브랜드기 NO Brand | ece Jea pDne 요거 #요거 #요거 #요거 es | 스마트컨슈머 스마트컨슈머 스마트컨슈머 실마트컨슈며 이마트 #이마트 #이마트 이마트 1:20 18:2013:5 10:2013:5 10:20 13:4 0.20 135弄 135X 일인 유방무첨가 유방무첨가 유방함무첨가 ug 코미이 ylilo | 450gl 450g 450gl 450g cal 농후바 | 이미지사1 이미지사요 이미지사1 이미지사1 1 LHn30 0: 767740 67.74 01741 707.740 VOGUAT CU | 2.580 2.580 2.580 2.580 u미 | PEEINETIAIILA 국더스 | puelg ON mg mgw | 요거 #요거 | 이마트 #이마트 월가인 일/인 | 스마트컨슈머 스마트컨슈머 8：:20130 영땅무첨가 영살탕무첨가 | 후방 후방 | 450g 450g | 이미지사 이미지사1 0.7 01740 40 | 2.580 2.580 | MgEEINETIAUILA FEIOINI AILA | ..,"[[""No Brand"", 46, 59, 190], [""브랜드가 이니다.스비자다."", 74, 51, 196], [""전이 스마트컨슈머가되는 길"", 104, 45, 213], [""기lain"", 191, 68, 234], [""VOGURT"", 312, 260, 26], [""Sugoar"", 426, 143, 415], [""#요거"", 502, 25, 482], [""유방함무첨가"", 538, 38, 484], [""#이마트"", 560, 31, 177], [""10:2013:5"", 568, 68, 273], [""스마트컨슈머"", 582, 34, 160], [""707.740"", 606, 62, 497], [""450gl"", 636, 28, 129], [""이미지사1"", 658, 40, 168], [""2.580"", 778, 27, 72], [""Brand"", 41, 52, 256], [""NO"", 54, 43, 190], [""스비자다"", 64, 20, 317], [""브랜드가 이니다!"", 77, 40, 196], [""신이스마트컨슈머가되는길"", 103, 44, 215], [""Plain"", 190, 78, 211], [""VOGURT"", 313, 302, 23], [""Sugear"", 424, 168, 398], [""Dei"", 476, 155, 77], [""#요거"", 500, 27, 479], [""유방무첨가"", 537, 33, 484], [""135X"", 562, 58, 369], [""#이마트"", 560, 29, 176], [""1:20"", 576, 63, 267], [""농후바"", 574, 63, 461], [""스마트컨슈머"", 581, 34, 159], [""0:"", 610, 11, 473], [""67.74"", 606, 63, 491], [""450g"", 636, 31, 128], [""cal"", 624, 19, 235], [""이미지사1"", 659, 42, 162], [""2.580"", 778, 24, 75], [""PEEINETIAIILA"", 882, 23, 156], [""YOGURT"", 333, 643, 499], [""2.580"", 132, 106, 168], [""450g"", 164, 74, 308], [""이미지사"", 218, 106, 285], [""스마트컨슈머"", 201, 76, 362], [""#이마트"", 204, 52, 385], [""브랜드기"", 228, 58, 863], [""NO Brand"", 284, 186, 880], [""신이 스마트컨슈머가되는 길"", 300, 173, 834], [""cal)"", 249, 38, 327], [""an"", 342, 117, 735], [""ug"", 521, 171, 487], [""요거"", 505, 36, 447], [""Jngh"", 382, 683, 56], [""mbn"", 190, 191, 375], [""8"", 218, 25, 497], [""국더아"", 418, 173, 82], [""puelg ON"", 433, 180, 18], [""es"", 474, 27, 617], [""ylilo"", 514, 81, 640], [""코미이"", 512, 59, 547], [""08Sz"", 180, 29, 528], [""Ur y미l"", 300, 39, 451], [""e"", 336, 19, 457], [""더니묵"", 380, 67, 151], [""커미이"", 399, 28, 481], [""PLS"", 440, 31, 185], [""껑"", 459, 27, 191], [""pDne"", 534, 116, 84], [""LHn30"", 648, 250, 90], [""u미"", 767, 74, 303], [""국더스"", 856, 45, 333], [""puelg ON"", 914, 59, 341], [""No Brand"", 46, 58, 190], [""브랜드가이니면 스비자다."", 74, 51, 196], [""신이 스마트 컨슈머가 되는 길"", 104, 44, 219], [""Plain"", 192, 67, 225], [""/OGURT"", 304, 228, 68], [""Sugir"", 424, 127, 419], [""#요거"", 502, 25, 484], [""일인"", 520, 33, 483], [""유방무첨가"", 539, 42, 483], [""이마트"", 560, 31, 180], [""18:2013:5"", 569, 65, 272], [""스마트컨슈머"", 582, 32, 163], [""767740"", 606, 65, 494], [""450gl"", 636, 24, 130], [""이미지사1"", 658, 41, 167], [""2.580"", 780, 27, 69], [""No Brand"", 92, 115, 386], [""브랜드가 이L니 스비자다."", 146, 93, 394], [""신이 스마트 컨슈머가 되는 길"", 207, 82, 443], [""lain"", 383, 148, 476], [""CU"", 590, 351, 430], [""1"", 646, 229, 279], [""mgw"", 854, 184, 858], [""요거"", 1002, 43, 970], [""일/인"", 1036, 37, 986], [""영살탕무첨가"", 1075, 58, 975], [""이마트"", 1122, 53, 356], [""8：:20130"", 1141, 107, 557], [""후방"", 1150, 90, 968], [""스마트컨슈머"", 1165, 60, 321], [""01740"", 1208, 113, 1033], [""450g"", 1270, 53, 260], [""이미지사1"", 1320, 73, 332], [""2.580"", 1556, 49, 140], [""FEIOINI AILA"", 1762, 49, 314], ["".."", 1754, 85, 857], [""No Brand"", 92, 116, 383], [""스비자다"", 130, 37, 630], [""브랜드가 이니니I다!"", 156, 71, 398], [""신이 스마트 컨슈머가 되는 길"", 209, 78, 434], [""Plain"", 383, 136, 439], [""VOGUAT"", 614, 562, 24], [""mg"", 854, 181, 868], [""#요거"", 1001, 50, 964], [""월가인"", 1039, 54, 973], [""영땅무첨가"", 1076, 60, 974], [""#이마트"", 1122, 48, 358], [""후방"", 1151, 78, 974], [""스마트컨슈머"", 1165, 62, 318], [""40"", 1196, 85, 1135], [""0.7"", 1219, 96, 1043], [""450g"", 1272, 53, 259], [""이미지사"", 1320, 70, 336], [""2.580"", 1555, 46, 146], [""MgEEINETIAUILA"", 1762, 47, 309], [""NO Brand"", 46, 53, 199], [""Pain"", 192, 74, 223], [""Sugur"", 423, 150, 410], [""Jea"", 482, 159, 75], [""0.20 135弄"", 553, 146, 254], [""01741"", 606, 68, 511], [""VOGURT"", 308, 279, 27], [""No Brand"", 46, 59, 190], [""브랜드가 N니라스비자다."", 74, 53, 196], [""습인이 스마트 컨슈미가 되는 길"", 104, 49, 204], [""이마트"", 560, 33, 178], [""실마트컨슈며"", 581, 30, 170], [""450g"", 636, 28, 130], [""이미지사요"", 656, 39, 168], [""2.580"", 778, 27, 71], [""Plain"", 192, 71, 225], [""YOGURT"", 310, 267, 30], [""Sugair"", 423, 146, 410], [""ece"", 481, 154, 76], [""10:20 13:4"", 568, 79, 267]]"
000107,2025,12,25,2025-12-25,s1,No Bra | 브랜드 가니 | 당신이 스마트 천루 | 소비기한 | 2025.12.25 | 09:29A | 200ml | 1.380,"[[""No Bra"", 263, 46, 260], [""브랜드 가니"", 290, 38, 257], [""당신이 스마트 천루"", 317, 32, 258], [""소비기한"", 432, 43, 180], [""2025.12.25"", 497, 68, 234], [""09:29A"", 524, 56, 254], [""200ml"", 795, 46, 327], [""1.380"", 834, 89, 279]]"
000108,2025,10,24,2025-10-24,s1,NIo Bran | 콜두부 | 산콩 국산콩을사용하여 만들어 | 0% 더욱 고소하고 담백한 두부입니다 | 소비기한: | 个站号5g2%营弄0g0% | 25-10-24PXI14 | 백질5g9% | 00 kcal 기준이므로 개안의 필요 열량에 따라 | 하거나 빨리 드시기 바랍니디 | 시소비자 분쟁해결 기준에 의게 | 반품 및 교환장소:구입처 및 | 01011399 142044 | 1대 위원회 고시 소미사 문생해료 기준에 는거 | 수 있습니다.반품 및 교환장소:구입처 및 | 11399 809387 742044,"[[""NIo Bran"", 63, 25, 214], [""콜두부"", 148, 119, 0], [""산콩"", 207, 22, 5], [""국산콩을사용하여 만들어"", 215, 37, 125], [""0%"", 224, 28, 0], [""더욱 고소하고 담백한 두부입니다"", 235, 42, 88], [""个站号5g2%营弄0g0%"", 326, 48, 0], [""소비기한:"", 318, 31, 258], [""백질5g9%"", 366, 30, 3], [""25-10-24PXI14"", 370, 51, 285], [""00 kcal 기준이므로 개안의 필요 열량에 따라"", 389, 36, 0], [""하거나 빨리 드시기 바랍니디"", 423, 38, 2], [""시소비자 분쟁해결 기준에 의게"", 450, 48, 3], [""반품 및 교환장소:구입처 및"", 476, 47, 8], [""01011399"", 494, 29, 3], [""142044"", 526, 29, 445], [""1대 위원회 고시 소미사 문생해료 기준에 는거"", 637, 52, 1], [""수 있습니다.반품 및 교환장소:구입처 및"", 657, 56, 4], [""11399"", 673, 45, 3], [""809387"", 697, 26, 334], [""742044"", 706, 27, 427]]"
000109,2025,12,12,2025-12-12,s1,5g30% | 2000d | %E 공공/B루 수 | 소비 | 주있습니회·부명 15 | -에제조믿에기위에 | 제조하고있습니요 | 소비기한 | 2025.12:120 | 04:43 D3,"[[""5g30%"", 50, 30, 609], [""2000d"", 92, 25, 600], [""수"", 112, 32, 595], [""%E 공공/B루"", 177, 96, 16], [""소비"", 250, 22, 80], [""주있습니회·부명 15"", 285, 48, 300], [""-에제조믿에기위에"", 315, 56, 291], [""제조하고있습니요"", 402, 35, 226], [""소비기한"", 448, 48, 206], [""2025.12:120"", 500, 49, 263], [""04:43 D3"", 524, 35, 267]]"
000110,2025,10,29,2025-10-29,s1,소비기한 | 25.10.29 | 밤에 싸먹는 함 | ICE CK | fahn PORK | 스마트컨수 데비올배당,"[[""소비기한"", 266, 39, 212], [""25.10.29"", 379, 71, 242], [""밤에 싸먹는 함"", 531, 60, 0], [""ICE"", 654, 241, 4], [""CK"", 750, 99, 611], [""fahn"", 770, 81, 1], [""PORK"", 788, 63, 126], [""스마트컨수"", 842, 49, 11], [""데비올배당"", 933, 55, 599]]"
000111,2025,10,05,2025-10-05,s1,5.10.25 11:50F21 | asty 다.소비자다 and | GE | EAS,"[[""asty"", 408, 65, 38], [""5.10.25 11:50F21"", 403, 54, 247], [""and"", 451, 34, 622], [""다.소비자다"", 474, 20, 617], [""GE"", 538, 23, 1], [""EAS"", 824, 37, 661]]"
000112,2025,10,17,2025-10-17,s1,생낮토 | 25.10.17 11:10 | 까지 | -2 （CHE99.99%） | 수있는 00,"[[""생낮토"", 172, 45, 378], [""25.10.17 11:10"", 382, 78, 282], [""까지"", 430, 25, 480], [""-2"", 757, 177, 275], [""（CHE99.99%）"", 740, 35, 529], [""수있는"", 860, 101, 11], [""00"", 868, 37, 283]]"
000113,2026,01,16,2026-01-16,s1,rand | 소비자다 | 2026.01.16 | 담은 | ed Radish 량이무침 이미지사진 | 식감이 살아있는 무치 | 니다.,"[[""rand"", 241, 44, 0], [""소비자다"", 266, 33, 0], [""2026.01.16"", 318, 45, 233], [""담은"", 461, 86, 0], [""량이무침"", 580, 203, 0], [""ed Radish"", 658, 41, 0], [""이미지사진"", 661, 44, 442], [""식감이 살아있는"", 694, 38, 0], [""무치"", 690, 54, 622], [""니다."", 719, 32, 0]]"
000114,2026,02,28,2026-02-28,s1,어교를 크pns 0 이 | ce.g 국 | H  | 2026.02.28 어 StLLN HSIOvH dATOldI1S 어 （%06 니어 바미80 식구름미 조 H이 번호 하번 | 2ngIg ON,"[[""0"", 62, 123, 679], [""어교를"", 79, 127, 540], [""크pns"", 78, 101, 619], [""국"", 106, 108, 251], [""이"", 74, 41, 775], [""ce.g"", 118, 65, 212], [""어"", 430, 527, 554], [""StLLN HSIOvH dATOldI1S"", 434, 522, 647], [""（%06"", 442, 537, 761], [""H "", 225, 108, 878], [""2026.02.28"", 317, 46, 295], [""어"", 547, 288, 700], [""니어"", 527, 138, 827], [""번호"", 489, 31, 886], [""하번"", 510, 31, 886], [""2ngIg ON"", 578, 135, 226], [""조"", 527, 22, 887], [""H이"", 546, 20, 894], [""바미80"", 564, 29, 860], [""식구름미"", 583, 24, 862]]"
000115,2025,12,08,2025-12-08,s1,"22300ml | 1,580 | YOGL | 2025.12.08 | PICKLED BURDC | 김02","[[""22300ml"", 20, 42, 235], [""1,580"", 88, 73, 253], [""YOGL"", 303, 52, 597], [""2025.12.08"", 469, 82, 273], [""김02"", 884, 25, 487], [""PICKLED BURDC"", 770, 223, 603]]"
000116,2026,03,27,2026-03-27,s1,No Brand | 브랜드가 아니다.소비자다 | 당신이 스마트 컨슈머가 되는 길 | 2026.03.27 | 아삭한 쌈무 | Pickled Radishes | #쌈무#쌈#고기#야채 | 350 g(卫:210g/(:90kcal60 %( | 제품명 아삭한 쌈무 식품유형 절임식품 품 | 판매원 37（）/02)380-5678,"[[""No Brand"", 323, 57, 404], [""브랜드가 아니다.소비자다"", 356, 45, 406], [""당신이 스마트 컨슈머가 되는 길"", 388, 45, 409], [""2026.03.27"", 448, 52, 265], [""쌈무"", 508, 114, 364], [""아삭한"", 522, 109, 137], [""Pickled Radishes"", 586, 63, 141], [""#쌈무#쌈#고기#야채"", 661, 46, 139], [""350 g(卫:210g/(:90kcal60 %("", 696, 99, 136], [""품"", 725, 26, 701], [""식품유형 절임식품"", 745, 58, 379], [""제품명 아삭한 쌈무"", 768, 53, 81], [""판매원"", 921, 42, 112], [""37（）/02)380-5678"", 906, 67, 219]]"
000117,2025,11,28,2025-11-28,s1,브랜 | 2025.11.28 당신이 | 08:54FF2 | No Brand BE | 아니다.소비자다 | 스마트컨슈머가되는 길 AME | LD | EN | T 표 | #취양저격 아메 | 라더,"[[""2025.11.28"", 371, 36, 301], [""08:54FF2"", 406, 39, 292], [""No Brand"", 443, 86, 179], [""아니다.소비자다"", 476, 55, 204], [""브랜"", 476, 31, 682], [""스마트컨슈머가되는 길"", 500, 59, 200], [""당신이"", 502, 37, 672], [""LD"", 575, 73, 226], [""EN"", 623, 83, 220], [""BE"", 616, 85, 611], [""AME"", 650, 67, 606], [""T"", 656, 29, 265], [""표"", 671, 28, 300], [""#취양저격"", 718, 36, 290], [""아메"", 850, 59, 638], [""라더"", 858, 35, 13]]"
000118,2026,03,23,2026-03-23,s1,2025.11.28 | 08:54FF2 | Brand | 3까 | 2026.03.230 | 02:16-0F2 | No Brand | 소비자다,"[[""2025.11.28"", 185, 26, 75], [""08:54FF2"", 208, 30, 70], [""Brand"", 240, 34, 26], [""3까"", 365, 30, 80], [""2026.03.230"", 431, 52, 296], [""No Brand"", 490, 99, 170], [""02:16-0F2"", 471, 48, 310], [""소비자다"", 530, 42, 228]]"
000119,2026,08,24,2026-08-24,s1,2026.08-24 | 2026.08.24 | P10F1,"[[""2026.08-24"", 168, 43, 304], [""2026.08.24"", 412, 35, 295], [""P10F1"", 442, 33, 306]]"
000120,2026,08,25,2026-08-25,s1,2026.08.25,"[[""2026.08.25"", 191, 44, 282]]"
000121,2027,04,13,2027-04-13,s1,02380-56787 | 분쟁해결기준에의거 교환 또는 | 을받을 수있습니다.반품및 | 교환장소:구입처 및제조원·부정 | 11399 8809580 | 0 No Brand는 모두 이마트의 상표입니다 | 2027.04.13 | MOCHAGO | MLK COFFEE | 포카골드 믹스,"[[""02380-56787"", 70, 58, 253], [""분쟁해결기준에의거 교환 또는"", 368, 64, 165], [""을받을 수있습니다.반품및"", 391, 62, 166], [""교환장소:구입처 및제조원·부정"", 414, 55, 169], [""8809580"", 426, 24, 405], [""11399"", 438, 53, 170], [""0"", 528, 23, 243], [""No Brand는 모두 이마트의 상표입니다"", 514, 36, 268], [""2027.04.13"", 582, 45, 235], [""MOCHAGO"", 718, 101, 529], [""MLK COFFEE"", 766, 83, 530], [""포카골드 믹스"", 807, 81, 525]]"
000122,2027,04,28,2027-04-28,erode5,02 COELN | 2027.04.28,"[[""COELN"", 415, 158, 735], [""2027.04.28"", 526, 62, 407], [""02"", 378, 194, 46]]"
000123,2026,06,04,2026-06-04,s1,"내용량 105g | 좋음깨는껌 소비기한하단표시일까지 | 식품유형 추잉껌 量35%,D-E量27% 초제(식물성유치 | 레시틴,-토코페롤(혼합형) 0트4%,밀 | 루명 | 국색소),소비를 | (02)380-5678 | 19930439002-406 | 한 제품과 같은 제조시설에서 제조하고 있습니 | 11399 | 공정거래위원회 고시 소비지 쟁해결준에의 | 수 있습니다.제품 표면이주 분에놀아 하양게 | No Brand는 모두 이마트의 상표입니다 | 2026.06.04 A 802534 881214","[[""내용량"", 28, 25, 421], [""105g"", 26, 24, 498], [""좋음깨는껌"", 39, 22, 254], [""소비기한하단표시일까지"", 51, 40, 414], [""식품유형"", 62, 21, 170], [""추잉껌"", 60, 21, 247], [""量35%,D-E量27%"", 77, 40, 240], [""초제(식물성유치"", 86, 42, 561], [""레시틴,-토코페롤(혼합형)"", 99, 38, 238], [""0트4%,밀"", 107, 42, 505], [""루명"", 138, 21, 177], [""국색소),소비를"", 192, 34, 606], [""(02)380-5678"", 281, 28, 225], [""19930439002-406"", 313, 28, 214], [""한 제품과 같은 제조시설에서 제조하고 있습니"", 377, 48, 204], [""11399"", 400, 33, 219], [""공정거래위원회 고시 소비지"", 457, 34, 213], [""쟁해결준에의"", 461, 38, 513], [""수 있습니다.제품 표면이주"", 486, 32, 220], [""분에놀아 하양게"", 492, 31, 512], [""No Brand는 모두 이마트의 상표입니다"", 630, 36, 203], [""2026.06.04 A"", 694, 54, 160], [""802534"", 714, 23, 518], [""881214"", 718, 25, 616]]"
000124,2026,01,02,2026-01-02,s1,2026.01.02,"[[""2026.01.02"", 533, 30, 240]]"
000125,2026,04,07,2026-04-07,s1,82% | 품/ | al) | 바E 1지 | 2026.04.07712,"[[""82%"", 40, 43, 0], [""품/"", 112, 33, 0], [""al)"", 166, 44, 0], [""바E"", 370, 129, 28], [""1지"", 404, 171, 287], [""2026.04.07712"", 467, 54, 219]]"
000126,2026,06,12,2026-06-12,s1,"No Brand"" | 2026.06.12 | #노브랜드#스마트컨슈머#팔양껑 파양껑","[[""No Brand\"""", 349, 32, 521], [""2026.06.12"", 371, 47, 175], [""파양껑"", 739, 442, 547], [""#노브랜드#스마트컨슈머#팔양껑"", 680, 290, 489]]"
000127,2026,04,27,2026-04-27,s1,"할양명 | SUPER | 2026.04.27 | No Brand xSUPER MATCHA | 0450g | 4,280","[[""할양명"", 120, 155, 551], [""SUPER"", 368, 66, 32], [""2026.04.27"", 449, 50, 238], [""No Brand"", 478, 38, 163], [""xSUPER MATCHA"", 482, 42, 306], [""0450g"", 779, 28, 278], [""4,280"", 828, 48, 412]]"
000128,2026,05,28,2026-05-28,s1,"필렌글리콜,글리서 산균배양분말(유산사 황색소,치자청색 | 색소,정제수 치자황 OTHER | 제조원 과당 | IPPLE | IDER | EGAR | 수 | 후가급 | 26.05.28  | 8206005477 총 내용량 40g | 영양보 128kcal | 지방/0% 트랜스지방 0g 포화지방0g0% | 1일 | 따라 다를 수있습니다. | 사광당 | CHSRER MATCHA BEAN | 말차양껑 | SI","[[""필렌글리콜,글리서"", 34, 62, 1], [""황색소,치자청색"", 38, 55, 142], [""산균배양분말(유산사"", 49, 80, 4], [""치자황"", 63, 33, 100], [""색소,정제수"", 80, 51, 12], [""OTHER"", 87, 30, 428], [""제조원"", 123, 45, 22], [""과당"", 139, 38, 631], [""IPPLE"", 193, 50, 553], [""IDER"", 230, 49, 557], [""EGAR"", 269, 58, 557], [""수"", 310, 27, 423], [""후가급"", 330, 28, 415], [""26.05.28 "", 450, 33, 296], [""8206005477"", 472, 26, 98], [""영양보"", 508, 36, 97], [""총 내용량 40g"", 493, 38, 354], [""128kcal"", 513, 34, 402], [""지방/0%"", 566, 39, 103], [""트랜스지방 0g"", 578, 38, 147], [""포화지방0g0%"", 574, 47, 285], [""1일"", 606, 24, 116], [""따라 다를 수있습니다."", 658, 39, 154], [""CHSRER"", 768, 127, 244], [""사광당"", 741, 52, 313], [""MATCHA BEAN"", 791, 70, 577], [""말차양껑"", 808, 59, 570], [""SI"", 901, 126, 561]]"
000129,2026,01,09,2026-01-09,s1,2026.0109 | 가장최저의가격대를만드는것0×6 | 이것이 노브랜드의0×0) 이념과 철학 | ×0)당신이 스마트컨슈머가되는길 | 우형 | 원,"[[""2026.0109"", 446, 37, 292], [""가장최저의가격대를만드는것0×6"", 558, 27, 226], [""이것이 노브랜드의0×0) 이념과 철학"", 575, 27, 226], [""×0)당신이 스마트컨슈머가되는길"", 594, 27, 226], [""우형"", 680, 34, 0], [""원"", 710, 21, 2]]"
000130,2027,02,05,2027-02-05,s1,OlaoN 컨슈머#모카골드#믹스커피#달달한#당충전#홈카페 STICKS AGOLD MIX COFFEE 30 골드 믹스커피 | 27.02.05 | 22:41,"[[""컨슈머#모카골드#믹스커피#달달한#당충전#홈카페"", 195, 390, 226], [""AGOLD MIX COFFEE 30"", 241, 483, 255], [""골드 믹스커피"", 247, 495, 341], [""OlaoN"", 421, 175, 138], [""STICKS"", 420, 93, 226], [""27.02.05"", 552, 35, 277], [""22:41"", 587, 39, 308]]"
000131,2026,08,05,2026-08-05,s1,2026.08.05 | 07:11 | No | AL제,"[[""2026.08.05"", 492, 29, 321], [""07:11"", 512, 29, 334], [""No"", 531, 28, 226], [""AL제"", 723, 24, 603]]"
000132,2026,08,21,2026-08-21,s1,CHA GOLO | No Brand | CORN NUTS BAR | 2026.08.212,"[[""CHA GOLO"", 62, 96, 0], [""No Brand"", 220, 103, 389], [""CORN NUTS BAR"", 429, 78, 33], [""2026.08.212"", 484, 35, 191]]"
000133,2025,11,25,2025-11-25,s1,"곳에 보관하십시오 | 피해 건조하고 서늘한 | 제조하고 있습니다. | ·본 제품은 공정거래위원회 고시 | 소비자 분쟁 해결기준에 의거 | 2""000000292656 | 25-11-2025","[[""곳에 보관하십시오"", 14, 29, 188], [""피해 건조하고 서늘한"", 30, 65, 342], [""제조하고 있습니다."", 80, 29, 186], [""·본 제품은 공정거래위원회 고시"", 104, 45, 182], [""소비자 분쟁 해결기준에 의거"", 128, 36, 187], [""2\""000000292656"", 432, 42, 201], [""25-11-2025"", 526, 43, 284]]"
000134,2026,09,23,2026-09-23,s1,No Brand X OuR Bakeru | 2026.09.23A | Dirty /Choco | Chunk Qranolo | 더티초코청크그래놀라 식품유형 곡류가공품 내용량 300 g | 후면표기일까지 포장재질(내면) 폴리에틸렌 | 문판매원 | 고번호 20080435169414 반품 및 교환장소 구입처 및 제조원 | 세인나트륨 유료,"[[""No Brand X OuR Bakeru"", 410, 41, 71], [""2026.09.23A"", 459, 32, 203], [""Dirty"", 529, 83, 71], [""/Choco"", 526, 71, 228], [""Chunk Qranolo"", 609, 88, 81], [""더티초코청크그래놀라"", 681, 43, 24], [""식품유형"", 695, 38, 211], [""곡류가공품"", 698, 31, 306], [""내용량"", 697, 32, 492], [""300 g"", 696, 34, 574], [""후면표기일까지"", 716, 41, 18], [""포장재질(내면) 폴리에틸렌"", 736, 37, 209], [""문판매원"", 782, 38, 0], [""고번호"", 818, 35, 0], [""20080435169414"", 833, 45, 47], [""반품 및 교환장소 구입처 및 제조원"", 854, 31, 316], [""세인나트륨 유료"", 944, 34, 23]]"
000135,2026,04,18,2026-04-18,s1,"EXP2026.04.18 영양정보 총 내용량 5EB리 | 나트륨15mg 1%탄수화물시 | 당류4g 4%지방0g | 트랜스지방0g 포화지방 0g | 引量0mg0%E | 필요열량에 따라 다를 수 있습니다. | 주의사항:제품을 구대로 는 | 이미지사진 내포장:OTHER 뚜껑:PP | 스틱 재활용어려움 조심하시기 바랍니다/.이 | 대두, 밀두복아사용한 | 두얼리먹는#젤리스틱 원회고시 소비자분장 | MOCEN 받을수있 | N184 No Brand는또두마드 | 노브랜드의 이념과 실천","[[""EXP2026.04.18"", 450, 23, 325], [""영양정보"", 460, 35, 477], [""총 내용량 5EB리"", 458, 28, 632], [""나트륨15mg"", 497, 32, 474], [""1%탄수화물시"", 500, 31, 607], [""당류4g"", 524, 33, 477], [""4%지방0g"", 526, 27, 598], [""트랜스지방0g"", 554, 26, 477], [""포화지방 0g"", 550, 24, 630], [""引量0mg0%E"", 579, 42, 474], [""필요열량에 따라 다를 수 있습니다."", 620, 31, 475], [""주의사항:제품을 구대로 는"", 644, 50, 472], [""이미지사진"", 668, 38, 247], [""뚜껑:PP"", 662, 21, 383], [""스틱"", 725, 118, 85], [""내포장:OTHER"", 678, 22, 364], [""재활용어려움"", 695, 20, 374], [""조심하시기 바랍니다/.이"", 734, 59, 480], [""대두,"", 763, 30, 486], [""밀두복아사용한"", 751, 66, 518], [""두얼리먹는#젤리스틱"", 815, 78, 91], [""원회고시 소비자분장"", 803, 57, 475], [""MOCEN"", 833, 45, 95], [""N184"", 859, 73, 207], [""받을수있"", 830, 45, 498], [""노브랜드의 이념과 실천"", 895, 44, 210], [""No Brand는또두마드"", 876, 57, 538]]"
000136,2025,12,02,2025-12-02,s1,치오일) 트랜스지방 3% | 밀함유 포화지방0.4g | 산공단 콜레스테롤 10 mg 3%335mg | 4%19g | 구세종대로 단백질2g | 영양성분 기준치에 대 （%）号2.000kc | -5678 준이므로 개인의 필요열 따라다를 수있습 | OTHIR | 기금적 빠든 8180107713718001 내포장:9 | 은온도편차 재활용어N용 | 인하여 변질 | 장으로 No Brand는 모두 이미트의 상표입니다 HACCP | 세요 | 소비기한 | 2025.12.02 | A | 까지,"[[""트랜스지방"", 13, 29, 209], [""3%"", 17, 22, 406], [""치오일)"", 30, 49, 0], [""포화지방0.4g"", 41, 48, 207], [""3%335mg"", 54, 33, 403], [""밀함유"", 59, 64, 0], [""10 mg"", 70, 33, 281], [""산공단"", 90, 46, 0], [""콜레스테롤"", 82, 43, 184], [""4%19g"", 92, 34, 404], [""단백질2g"", 118, 39, 187], [""（%）号2.000kc"", 130, 34, 412], [""구세종대로"", 140, 48, 0], [""영양성분 기준치에 대"", 143, 52, 209], [""따라다를 수있습"", 158, 31, 420], [""-5678"", 168, 45, 0], [""준이므로 개인의 필요열"", 169, 50, 197], [""OTHIR"", 279, 24, 545], [""내포장:9"", 301, 24, 535], [""기금적 빠든"", 320, 42, 0], [""8180107713718001"", 322, 33, 202], [""재활용어N용"", 321, 26, 538], [""은온도편차"", 344, 37, 0], [""인하여 변질"", 368, 33, 0], [""HACCP"", 384, 27, 550], [""장으로"", 394, 28, 0], [""No Brand는 모두 이미트의 상표입니다"", 392, 32, 238], [""세요"", 418, 23, 2], [""소비기한"", 468, 30, 221], [""2025.12.02"", 518, 44, 291], [""A"", 561, 34, 296], [""까지"", 574, 30, 502]]"
000137,2026,03,26,2026-03-26,s1,"이미지사진 | HOHCHA WAFERS | 원재료명 | 품유형과자 | 충청남도 아산시 신장 | 48（） | 구세종대로7길 우유,대두,밀 함유 | 5678 | 60g | 반품 및 교환장소 구입처 및 제조원 | 곳에 보관해 주시고 개봉 후에는 빨리 드십시오 | 60g/60gg310kcal 소비기한 | 2026.03.26 | 2% 14g14% /13:36 | 13g87% | 6g 1% 까지 | 의 필요 열량에 따라 다를 수 있습니다. | N2063 | 랜드의 이념과 실천 804433 103510 | OTHER","[[""이미지사진"", 38, 39, 481], [""WAFERS"", 120, 63, 142], [""HOHCHA"", 126, 78, 0], [""원재료명"", 156, 31, 130], [""품유형과자"", 172, 43, 0], [""충청남도 아산시 신장"", 190, 50, 0], [""48（）"", 213, 40, 0], [""구세종대로7길"", 253, 42, 0], [""우유,대두,밀 함유"", 270, 36, 108], [""5678"", 277, 31, 0], [""60g"", 301, 32, 0], [""반품 및 교환장소 구입처 및 제조원"", 331, 56, 100], [""곳에 보관해 주시고 개봉 후에는 빨리 드십시오"", 402, 45, 0], [""60g/60gg310kcal"", 482, 40, 0], [""소비기한"", 482, 36, 217], [""2026.03.26"", 518, 61, 292], [""2%"", 519, 28, 0], [""14g14%"", 524, 37, 40], [""/13:36"", 551, 60, 289], [""13g87%"", 560, 43, 4], [""6g 1%"", 594, 39, 0], [""까지"", 608, 37, 424], [""의 필요 열량에 따라 다를 수 있습니다."", 628, 39, 0], [""N2063"", 679, 50, 0], [""랜드의 이념과 실천"", 708, 31, 0], [""OTHER"", 731, 27, 115], [""804433"", 730, 34, 247], [""103510"", 734, 23, 360]]"
000138,2026,05,14,2026-05-14,s1,"형과자 | /02-380-5678 | 제품의별도표/시일까지(년/월/일 순) | 유,정제수,코코아분말,우유분말,향료,대두 | 밀가루,설탕 나트륨 밀,우유,대두 함유 | 레시틴, 탄 | 폴리프로 | 직사광 피하고 서늘한 곳에 보관 | 교환장소:구입처 | 수있습니다. | 1399 | 400 | 100g499kcal | 1일영양성분 | 기준치에대한비율 2026/05/14 | mg 7% | 9g 21% | 31% | 43% | 방0.5g미만 No Brand는 모두 이마트의 상표입니다 | 13g 87% | 5mg 2% | 7% | （%）2.00kcal 비닐류 | 열량에 따라 다를 수 있습니다. 21087685119730631 | Stock Code : NB2","[[""형과자"", 74, 39, 0], [""/02-380-5678"", 113, 40, 23], [""제품의별도표/시일까지(년/월/일 순)"", 164, 47, 10], [""유,정제수,코코아분말,우유분말,향료,대두"", 192, 42, 137], [""밀가루,설탕"", 201, 36, 7], [""레시틴,"", 229, 32, 2], [""탄"", 226, 21, 71], [""나트륨 밀,우유,대두 함유"", 220, 38, 149], [""폴리프로"", 256, 37, 0], [""직사광"", 284, 27, 7], [""피하고 서늘한 곳에 보관"", 282, 32, 109], [""교환장소:구입처"", 310, 31, 6], [""수있습니다."", 362, 27, 4], [""1399"", 389, 32, 3], [""400"", 442, 32, 52], [""100g499kcal"", 468, 33, 26], [""1일영양성분"", 499, 32, 72], [""기준치에대한비율"", 518, 32, 34], [""2026/05/14"", 528, 40, 254], [""mg"", 542, 30, 0], [""7%"", 547, 30, 117], [""9g"", 572, 36, 0], [""21%"", 578, 35, 100], [""31%"", 610, 36, 98], [""43%"", 641, 38, 96], [""방0.5g미만"", 668, 39, 0], [""13g"", 696, 34, 0], [""No Brand는 모두 이마트의 상표입니다"", 691, 34, 239], [""87%"", 704, 37, 93], [""5mg"", 728, 35, 0], [""2%"", 736, 37, 105], [""7%"", 768, 31, 107], [""（%）2.00kcal"", 795, 44, 1], [""열량에 따라 다를 수 있습니다."", 816, 43, 0], [""비닐류"", 804, 29, 499], [""21087685119730631"", 833, 46, 200], [""Stock Code : NB2"", 876, 47, 220]]"
000139,2026,07,26,2026-07-26,s1,HoBrano | No Brand' | 브랜드가 아니다.소비자다 | EXP:2026/07/26 | 26G101,"[[""HoBrano"", 37, 52, 37], [""No Brand'"", 437, 26, 433], [""브랜드가 아니다.소비자다"", 456, 22, 431], [""EXP:2026/07/26"", 486, 36, 220], [""26G101"", 515, 30, 326]]"
000140,2026,07,14,2026-07-14,s1,"：02-380-5678 | 원재료명 | 밀,대두,우유,계란 함유 | 환불 받을 수있습니다. | 반품 및 교환장소:수입원 및 구입처 | EXP:2026/07/14 | 146101","[[""：02-380-5678"", 12, 25, 310], [""원재료명"", 104, 26, 218], [""밀,대두,우유,계란 함유"", 298, 39, 292], [""환불 받을 수있습니다."", 370, 36, 216], [""반품 및 교환장소:수입원 및 구입처"", 499, 40, 207], [""EXP:2026/07/14"", 589, 46, 247], [""146101"", 628, 43, 342]]"
000141,2026,09,17,2026-09-17,s1,스틱 | #노브랜드#스마트컨슈머#고소한 | #간식#우유랑#참깨스틱 | ISPY 2026.09.17 | NACK | CRISP | SNACK,"[[""스틱"", 239, 252, 283], [""#노브랜드#스마트컨슈머#고소한"", 366, 55, 344], [""#간식#우유랑#참깨스틱"", 396, 47, 385], [""2026.09.17"", 529, 48, 138], [""ISPY"", 554, 73, 0], [""NACK"", 598, 71, 0], [""CRISP"", 635, 58, 591], [""SNACK"", 676, 51, 590]]"
000142,2026,05,14,2026-05-14,s1,F2-2026.05.14A | No Brand | 브랜드가 아니다.소비자다 | 당신이 스마트 컨슈머가 되는 길 | Cheddar | 있다치즈맛씨즈닝 체다치즈볼 | N189,"[[""F2-2026.05.14A"", 406, 48, 219], [""No Brand"", 456, 70, 346], [""브랜드가 아니다.소비자다"", 487, 59, 347], [""당신이 스마트 컨슈머가 되는 길"", 518, 55, 350], [""Cheddar"", 586, 101, 280], [""체다치즈볼"", 696, 104, 306], [""있다치즈맛씨즈닝"", 733, 62, 177], [""N189"", 709, 86, 578]]"
000143,2027,03,06,2027-03-06,s1,"제품명 (图0/（02)380-5678/ | 수입원 37 () | 원산지이탈리 | 혼에서 일정시간 보관시 원상태로 돌아오면,품질에는 문제가 없습니다 | 본 제품은 공정거래위원회 고시 소비자분쟁해결기준에 의거 교환 또 | 수입원및구입처 | 영양정보 100mlg820kcal 100 | 나트륨 0%탄수화물 0%당류 | 91g1 169% 019 14993 | 콜레스테롤0mg 0%단백질 0% | 06/03/2027 L154448 | 2000000806785 | No Brand는 #노브랜드#스마트컨슈머#식용유#파스타 N776 | 이마트의상표입니다 #설러드#엑스트라버진#이탈리아#올리브유해","[[""제품명"", 53, 38, 179], [""(图0/（02)380-5678/"", 66, 31, 228], [""수입원"", 92, 35, 184], [""37 ()"", 92, 34, 228], [""원산지이탈리"", 184, 41, 531], [""혼에서 일정시간 보관시 원상태로 돌아오면,품질에는 문제가 없습니다"", 282, 37, 184], [""본 제품은 공정거래위원회 고시 소비자분쟁해결기준에 의거 교환 또"", 304, 40, 184], [""수입원및구입처"", 352, 36, 185], [""영양정보"", 386, 42, 185], [""100"", 373, 25, 536], [""100mlg820kcal"", 392, 21, 534], [""나트륨"", 416, 21, 191], [""0%탄수화물"", 414, 20, 299], [""0%당류"", 412, 20, 466], [""91g1"", 436, 21, 246], [""169%"", 436, 22, 284], [""019"", 435, 26, 396], [""14993"", 433, 22, 499], [""콜레스테롤0mg"", 458, 25, 190], [""0%단백질"", 457, 27, 298], [""0%"", 456, 21, 463], [""06/03/2027 L154448"", 558, 38, 242], [""2000000806785"", 576, 33, 464], [""No Brand는"", 622, 35, 198], [""N776"", 614, 35, 554], [""#노브랜드#스마트컨슈머#식용유#파스타"", 622, 29, 314], [""이마트의상표입니다"", 644, 38, 197], [""#설러드#엑스트라버진#이탈리아#올리브유해"", 640, 43, 311]]"
000144,2027,03,25,2027-03-25,s1,wHr pliet | 딸기청 | Sweet | 기청 | Fruit Tas | Strawborry 2027.03.25 D | 80g N1838 No Brand Main Ingredient Strawolern | 40%）70 브랜드가 아니다.소비자다 | 당신이 스마트컨슈머가되는길 580 g | 액상차 (9740 | 뚜하게#들기지,"[[""wHr pliet"", 17, 44, 355], [""딸기청"", 79, 129, 294], [""Sweet"", 174, 37, 1], [""기청"", 222, 72, 0], [""Fruit Tas"", 367, 78, 188], [""2027.03.25 D"", 500, 31, 224], [""Strawborry"", 517, 48, 14], [""Main Ingredient"", 537, 20, 362], [""N1838"", 552, 31, 97], [""Strawolern"", 554, 69, 449], [""80g"", 559, 32, 0], [""No Brand"", 564, 43, 189], [""브랜드가 아니다.소비자다"", 594, 38, 188], [""40%）70"", 597, 42, 0], [""당신이 스마트컨슈머가되는길"", 623, 40, 188], [""580 g"", 624, 49, 398], [""액상차"", 693, 64, 210], [""(9740"", 685, 83, 375], [""뚜하게#들기지"", 731, 46, 476]]"
000145,2027,03,24,2027-03-24,s1,"생강청의 마9 | 시원한 | Noeel 서원한딸가 | 제품명 청 따듯한 따한 | 소비기한 밀크티 | 식품유형 품목보고번호 신선한유 | 원재료명 토평 | 생강(국산) 요거트0.0 | 산)07% | （）34.98 푸드베이스 신송길 | 생강오일0.0 캘러드레방에 | 올레오레진진 | 제조원 주의사항 Frult Ta7 | 보존료 무첨가개 | 유통전문 색이 진해질수의 | 판매원 2027.03.24C ·특이체질,알래리 027.01.23 | 포장재질 에 따라 과민을 No Brai 2027 | Bingedient 원료확인후식 | Giwger ·원료의 특성 No | 현상이 생길수 액상 브랜드 | 고 이없습니운성 당신이 | 음 용 N1195 ·본제품은 또 Type | 수에 부정,불량 노브랜드의 이념과 실천 한제품과 길리 | 593%，07% 있습니다 본제품은","[[""생강청의 마9"", 36, 73, 448], [""시원한"", 69, 67, 447], [""Noeel"", 71, 72, 109], [""청"", 145, 126, 102], [""서원한딸가"", 111, 72, 471], [""따듯한"", 142, 71, 449], [""제품명"", 142, 46, 31], [""소비기한"", 166, 45, 25], [""따한"", 178, 59, 471], [""식품유형"", 190, 57, 21], [""품목보고번호"", 214, 53, 6], [""밀크티"", 214, 46, 474], [""원재료명"", 239, 44, 24], [""신선한유"", 246, 54, 474], [""생강(국산)"", 265, 44, 16], [""산)07%"", 286, 43, 12], [""토평"", 283, 44, 471], [""（）34.98"", 310, 39, 15], [""요거트0.0"", 314, 46, 476], [""생강오일0.0"", 332, 44, 10], [""올레오레진진"", 356, 38, 13], [""푸드베이스"", 353, 50, 451], [""신송길"", 367, 26, 621], [""캘러드레방에"", 384, 38, 478], [""제조원"", 402, 31, 36], [""주의사항"", 430, 36, 454], [""유통전문"", 462, 32, 30], [""Frult Ta7"", 448, 45, 534], [""보존료 무첨가개"", 468, 36, 449], [""판매원"", 486, 33, 36], [""색이 진해질수의"", 497, 34, 454], [""2027.03.24C"", 506, 35, 230], [""포장재질"", 529, 34, 29], [""·특이체질,알래리"", 526, 35, 449], [""027.01.23"", 524, 27, 524], [""Bingedient"", 554, 29, 107], [""에 따라 과민을"", 555, 40, 451], [""No Brai"", 571, 34, 536], [""2027"", 569, 34, 671], [""Giwger"", 597, 48, 124], [""원료확인후식"", 584, 45, 449], [""·원료의 특성"", 614, 50, 445], [""No"", 630, 43, 673], [""고"", 631, 20, 86], [""현상이 생길수"", 642, 51, 448], [""액상"", 652, 34, 558], [""음"", 667, 32, 22], [""용"", 664, 38, 34], [""N1195"", 676, 50, 181], [""브랜드"", 659, 31, 672], [""수에"", 684, 31, 21], [""이없습니운성"", 673, 64, 444], [""당신이"", 688, 32, 673], [""노브랜드의 이념과 실천"", 702, 33, 183], [""부정,불량"", 703, 50, 21], [""·본제품은 또"", 702, 68, 440], [""593%，07%"", 752, 77, 113], [""Type"", 732, 31, 676], [""한제품과 길리"", 730, 62, 444], [""있습니다"", 764, 67, 440], [""본제품은"", 788, 74, 440]]"
000146,2026,04,03,2026-04-03,s1,"No Brand | 까드가아니다.소비자다 | DAILY | :PET N1368 2026.04.03B | 데일리갈릭 | 유형 소스(살균 본관방법:직사광선을피한고 | 1315g 실온에서 보관하시기 바랍니 보관 | 질(용기리드지 010） | PE/뚜껑:PP 달갈 하시기 바랍니다.본 제품은 | 쇠고기 함유 밀,닭고기,아황산류,메밀 | (대두:외 고등어 게,복숭아,호두, | 발효식초 토마토,돼지고기,새우,조개류 | 사용한제품과 같은제조 방33k | 국산 제조하고 있습니다.포 | 출액 변형,평창,손상되었거나 | 변성전분 내용물이 변질되었을 경두 게 품. | 진제 품 드시지 마시고구입처에 | 바질 오레 교환하시기 바랍니다. | 보료) 파라옥시 제품은 유통 안전성을 시키기 위해 질소가스 | 표시일까지 포장을했니다본 | 이마트서울특별신중구 은공정거래위원회 | 话山星7237（） 소비자분쟁해결기 | 0380-5678 의거 교환 또는 환불 | 스충북 청주시 흥덕구 수있습니다.·부정 | 12102 식품 신고는","[[""No Brand"", 311, 35, 617], [""까드가아니다.소비자다"", 328, 35, 618], [""N1368"", 377, 108, 58], [""DAILY"", 388, 39, 625], ["":PET"", 406, 27, 20], [""데일리갈릭"", 440, 50, 14], [""2026.04.03B"", 448, 43, 270], [""유형 소스(살균"", 488, 59, 14], [""1315g"", 530, 47, 21], [""본관방법:직사광선을피한고"", 533, 47, 239], [""질(용기리드지"", 559, 61, 26], [""실온에서 보관하시기 바랍니"", 559, 34, 236], [""PE/뚜껑:PP"", 584, 55, 46], [""달갈"", 586, 25, 160], [""010）"", 582, 31, 237], [""보관"", 576, 21, 455], [""쇠고기"", 601, 32, 123], [""함유"", 610, 27, 172], [""하시기 바랍니다.본 제품은"", 606, 35, 235], [""(대두:외"", 632, 35, 147], [""밀,닭고기,아황산류,메밀"", 628, 34, 237], [""발효식초"", 653, 37, 144], [""고등어 게,복숭아,호두,"", 652, 31, 241], [""토마토,돼지고기,새우,조개류"", 672, 34, 240], [""국산"", 695, 37, 169], [""사용한제품과 같은제조"", 694, 35, 241], [""출액"", 718, 24, 186], [""제조하고 있습니다.포"", 715, 36, 240], [""변성전분"", 734, 45, 153], [""변형,평창,손상되었거나"", 736, 33, 243], [""방33k"", 739, 38, 600], [""진제"", 759, 28, 137], [""품"", 750, 22, 173], [""내용물이 변질되었을 경두"", 756, 34, 244], [""바질"", 776, 23, 143], [""드시지 마시고구입처에"", 775, 34, 244], [""오레"", 788, 20, 176], [""교환하시기 바랍니다."", 794, 31, 246], [""게 품."", 790, 31, 616], [""보료)"", 805, 40, 114], [""파라옥시"", 810, 39, 168], [""표시일까지"", 830, 49, 118], [""제품은 유통 안전성을"", 815, 34, 245], [""이마트서울특별신중구"", 853, 68, 100], [""시키기 위해 질소가스"", 833, 34, 246], [""话山星7237（）"", 870, 67, 97], [""포장을했니다본"", 852, 37, 246], [""은공정거래위원회"", 871, 36, 248], [""0380-5678"", 886, 43, 111], [""소비자분쟁해결기"", 890, 38, 250], [""스충북 청주시 흥덕구"", 918, 62, 117], [""의거 교환 또는 환불"", 910, 44, 246], [""12102"", 936, 49, 123], [""수있습니다.·부정"", 932, 43, 245], [""식품 신고는"", 947, 28, 245]]"
000147,2026,03,21,2026-03-21,s1,Bran | 2.680 335g | 2026.03.21外B 780,"[[""Bran"", 278, 83, 0], [""2.680"", 454, 57, 0], [""2026.03.21外B"", 548, 43, 247], [""335g"", 566, 47, 520], [""780"", 624, 77, 489]]"
000148,2026,02,26,2026-02-26,s1,장 볶음 | (각종 요리의 감칠맛을 쌀러 | No Brand | EXP26.02.26 | PRD24.08.27 만능 | 지일보DG 뚜껑:PP 맛소금 | 라벨:페트 보법 후추,"[[""장"", 252, 111, 5], [""볶음"", 315, 26, 497], [""(각종"", 424, 23, 495], [""요리의 감칠맛을 쌀러"", 430, 49, 545], [""EXP26.02.26"", 482, 29, 284], [""No Brand"", 480, 34, 593], [""PRD24.08.27"", 518, 31, 283], [""만능"", 559, 66, 582], [""지일보DG"", 564, 33, 235], [""맛소금"", 604, 101, 531], [""뚜껑:PP"", 583, 36, 372], [""라벨:페트"", 608, 32, 373], [""보법"", 635, 28, 490], [""후추"", 648, 73, 563]]"
000149,2026,04,28,2026-04-28,s1,제품명 국산 고충가루 | 식품유형 卫外190g | 원재료명 卫100 %(H) | 소비기한 하단표시일까지 | 보관 및 직사광선을 피하고 서늘한 | 취급방법 곳에 보관하시기 바랍니다. | 제조원농업회사법인한생(주)/ | 충남 서천군 장황읍 장황공단길 | 믿의있을살먹주 28117/041-956-1434 Brand | 유통전문판매원(주)이마트/ 소비자다 | 37 | (全) / (02)380-5678 | 반능 号2005047117351 | 8주 금 소비기한: 0%국산 | 26 2026.04.28 까지 | 추가두 | ER POWDER | 1#양념 | #고추 | Nd Brand,"[[""국산 고충가루"", 44, 51, 210], [""제품명"", 64, 46, 143], [""卫外190g"", 80, 54, 210], [""식품유형"", 98, 54, 140], [""卫100 %(H)"", 118, 52, 219], [""원재료명"", 133, 48, 146], [""하단표시일까지"", 156, 44, 218], [""소비기한"", 170, 41, 154], [""보관 및 직사광선을 피하고 서늘한"", 253, 63, 159], [""취급방법"", 288, 47, 160], [""곳에 보관하시기 바랍니다."", 276, 43, 230], [""제조원농업회사법인한생(주)/"", 311, 49, 171], [""충남 서천군 장황읍 장황공단길"", 342, 48, 173], [""Brand"", 366, 47, 582], [""28117/041-956-1434"", 369, 43, 177], [""믿의있을살먹주"", 400, 46, 17], [""소비자다"", 391, 37, 595], [""유통전문판매원(주)이마트/"", 400, 44, 177], [""37"", 428, 49, 183], [""(全) / (02)380-5678"", 456, 41, 185], [""반능"", 486, 42, 36], [""号2005047117351"", 486, 49, 182], [""0%국산"", 531, 115, 552], [""금"", 528, 73, 37], [""8주"", 554, 47, 49], [""추가두"", 594, 145, 548], [""소비기한:"", 552, 38, 189], [""2026.04.28"", 564, 36, 261], [""까지"", 565, 30, 441], [""26"", 586, 23, 0], [""ER POWDER"", 644, 91, 570], [""1#양념"", 682, 49, 620], [""#고추"", 699, 42, 622], [""Nd Brand"", 816, 91, 363]]"
000150,2026,08,12,2026-08-12,s1,소비기한하단표시일까지 | 재질 프탈레이트/뚜껑-폴리프로필렌 | 보관및 직사광선을 피하고 서늘한 | 취급방법 곳에 보관하시기 바랍니다. | 제조원농업회사법인한생(주)/ | 주의사항 및보관방법 충남 서천군 장향읍 장항공단길 | 개봉 후 냉장복관한 28117/041-956-1434 | 수 유통전문판매원(주)이마트/ | 캐별레이 | () / (02)380-5678 | 제품 号卫2005047117389 | 소비기한: | 2026.08.12 까지,"[[""소비기한하단표시일까지"", 90, 55, 198], [""프탈레이트/뚜껑-폴리프로필렌"", 157, 49, 226], [""재질"", 165, 24, 208], [""직사광선을 피하고 서늘한"", 191, 42, 264], [""보관및"", 194, 35, 205], [""취급방법"", 224, 44, 201], [""곳에 보관하시기 바랍니다."", 220, 37, 269], [""제조원농업회사법인한생(주)/"", 256, 37, 207], [""주의사항 및보관방법"", 276, 52, 14], [""충남 서천군 장향읍 장항공단길"", 288, 34, 207], [""개봉 후 냉장복관한"", 302, 56, 17], [""28117/041-956-1434"", 316, 30, 210], [""수"", 332, 20, 110], [""유통전문판매원(주)이마트/"", 348, 39, 206], [""캐별레이"", 360, 49, 27], [""() / (02)380-5678"", 409, 44, 211], [""号卫2005047117389"", 441, 46, 208], [""제품"", 446, 39, 68], [""소비기한:"", 478, 36, 211], [""2026.08.12"", 510, 47, 259], [""까지"", 523, 28, 467]]"
000151,2026,09,07,2026-09-07,s1,Bran | TM | d | TM | nd 2026.09.07 .B | 소비자다 | 법을찾아 | 만드는 것 | 과 철학 | 되는길,"[[""Bran"", 99, 48, 1], [""TM"", 208, 24, 76], [""d"", 240, 54, 0], [""TM"", 364, 22, 119], [""nd"", 402, 67, 0], [""2026.09.07 .B"", 401, 44, 189], [""소비자다"", 444, 42, 0], [""법을찾아"", 506, 41, 0], [""만드는 것"", 540, 35, 0], [""과 철학"", 574, 31, 0], [""되는길"", 609, 36, 2]]"
000152,2026,07,31,2026-07-31,s1,d | 자다 | 소비기한 | 2026.07.31.A | 2cm크기 | 약4장분량,"[[""d"", 288, 42, 0], [""자다"", 320, 30, 0], [""소비기한"", 335, 30, 140], [""2026.07.31.A"", 360, 61, 234], [""2cm크기"", 864, 52, 467], [""약4장분량"", 900, 128, 411]]"
000153,2026,10,12,2026-10-12,s1,P 기2 | 쌀가루40% | EXP:2026/10-12E,"[[""기2"", 272, 125, 196], [""P"", 313, 128, 26], [""쌀가루40%"", 478, 102, 155], [""EXP:2026/10-12E"", 551, 30, 208]]"
000154,2027,08,13,2027-08-13,s1,and 2027.08.13 | 단소비지다. 까지 | No Brahd | 브렌,"[[""2027.08.13"", 455, 46, 233], [""and"", 487, 50, 0], [""까지"", 498, 43, 282], [""단소비지다."", 522, 41, 0], [""No Brahd"", 758, 141, 39], [""브렌"", 820, 62, 531]]"
000155,2026,06,22,2026-06-22,s1,우리질법 | 2026.06.22  08:26:40 L1,"[[""우리질법"", 314, 46, 305], [""2026.06.22  08:26:40 L1"", 488, 46, 240]]"
000156,2026,07,29,2026-07-29,s1,까지B | 2026.07.29 | 올리오 | No Brand | %666,"[[""까지B"", 432, 54, 395], [""2026.07.29"", 450, 37, 216], [""올리오"", 487, 69, 0], [""No Brand"", 626, 121, 0], [""%666"", 759, 32, 617]]"
000157,2027,07,08,2027-07-08,hires,N1586 | 11904 | 보관법법 A분 08/07/2027 | 입일 확 리기 | 시20troe,"[[""N1586"", 768, 53, 206], [""11904"", 760, 40, 587], [""08/07/2027"", 782, 51, 566], [""보관법법"", 800, 34, 414], [""A분"", 788, 21, 496], [""입일 확 리기"", 822, 52, 416], [""시20troe"", 870, 55, 422]]"
000158,2028,07,20,2028-07-20,s1,당기준에 | 100mlg 물39 Omg | 기준치에 대한 비율 | 나트륨0mg 0% | 남축에 37% 탄수화물39 1% 리출:TNER 캡지D면 | 10% 당류3g 3% F12308 | 지방09 0% | 트랜스지방 0g | 포화지방0g 0% | 콜레스테롤0mg 0% | 단백질09 0% | 2028.07.20 16:34,"[[""당기준에"", 28, 45, 625], [""100mlg"", 67, 46, 193], [""Omg"", 53, 22, 630], [""기준치에 대한 비율"", 82, 33, 273], [""물39"", 72, 23, 628], [""나트륨0mg"", 117, 48, 197], [""0%"", 120, 36, 384], [""탄수화물39"", 151, 54, 199], [""1%"", 156, 33, 385], [""캡지D면"", 142, 28, 481], [""남축에 37%"", 154, 29, 0], [""당류3g"", 185, 45, 211], [""리출:TNER"", 164, 34, 467], [""10%"", 176, 27, 0], [""3%"", 194, 33, 385], [""지방09"", 216, 44, 210], [""F12308"", 200, 28, 446], [""0%"", 224, 35, 384], [""트랜스지방 0g"", 250, 49, 217], [""포화지방0g"", 278, 49, 221], [""0%"", 287, 32, 385], [""콜레스테롤0mg"", 310, 54, 221], [""단백질09"", 333, 46, 225], [""0%"", 317, 30, 385], [""0%"", 346, 29, 385], [""2028.07.20 16:34"", 451, 67, 240]]"
000159,2027,01,08,2027-01-08,det5,소비자밤장하결기준에 의거 표된 | 는 받을 수있습니다 | 부점 1량식품 신고는 국번없이 | 1399 사용시주의사항:당분으로입해법 MATSUL 선에#잡내제거#비린내제거 | 사용하십시오 | 이미지사진 | 제품명:맛 | 무색페트 | 뚜껑:LDPE | 라벨:OTHER | 소비기한: | 2027. 01.08.21 까지 | 0,"[[""소비자밤장하결기준에 의거 표된"", 18, 39, 87], [""는 받을 수있습니다"", 52, 75, 82], [""부점"", 88, 39, 99], [""1량식품 신고는 국번없이"", 88, 72, 131], [""1399"", 125, 40, 102], [""사용시주의사항:당분으로입해법"", 156, 72, 98], [""MATSUL"", 154, 33, 516], [""선에#잡내제거#비린내제거"", 177, 34, 512], [""사용하십시오"", 284, 55, 129], [""이미지사진"", 352, 28, 557], [""제품명:맛"", 446, 31, 536], [""무색페트"", 520, 13, 270], [""라벨:OTHER"", 557, 21, 262], [""뚜껑:LDPE"", 546, 17, 265], [""소비기한:"", 577, 44, 187], [""2027."", 613, 46, 207], [""01.08.21"", 617, 52, 271], [""까지"", 605, 34, 407], [""0"", 849, 55, 663]]"
000160,2026,10,27,2026-10-27,s1,침치 | /PRO:2025/04/28 | 21 EXP:2026/10/27 | 액 | 3.780,"[[""침치"", 326, 65, 211], [""/PRO:2025/04/28"", 522, 39, 262], [""EXP:2026/10/27"", 546, 43, 268], [""21"", 569, 34, 4], [""액"", 611, 106, 0], [""3.780"", 896, 47, 373]]"
000161,2027,05,10,2027-05-10,s1,"N1674 1004电 | 대상별 균산공장 | 딩 | SYRL 全盐】/02-380-5678 | 용가-폴리에틸렌테레프탈레이트 | JP (PET),캡-폴리에틸렌(PE) | 号生卫20030484120103 :LDPE | 산품 및 교환장소구입처 및 제조원 라벨:OTHER | 올리고당! 01199 | 2027.05:10 16153 | N1212","[[""1004电"", 76, 23, 351], [""N1674"", 92, 32, 0], [""대상별 균산공장"", 148, 41, 286], [""딩"", 236, 84, 101], [""全盐】/02-380-5678"", 273, 30, 294], [""SYRL"", 288, 21, 118], [""용가-폴리에틸렌테레프탈레이트"", 306, 37, 299], [""JP"", 336, 36, 6], [""(PET),캡-폴리에틸렌(PE)"", 334, 31, 298], [""号生卫20030484120103"", 364, 31, 266], ["":LDPE"", 362, 28, 481], [""산품 및 교환장소구입처 및 제조원"", 393, 32, 264], [""라벨:OTHER"", 380, 30, 474], [""01199"", 444, 38, 265], [""올리고당!"", 461, 46, 0], [""2027.05:10 16153"", 508, 58, 284], [""N1212"", 838, 115, 592]]"
000162,2027,06,12,2027-06-12,s1,"법에 의거 교환 또는 보상 | 05.10 16:5 | rand | ,비자 뚜:LDPE | 넣아있는 길 라벨:PET | 훈연참치 | 900ml(2） | N121 | 2027 .06. 12  | 폴리고당1.2kg 노브랜 | 4.580","[[""법에 의거 교환 또는 보상"", 94, 37, 0], [""05.10 16:5"", 174, 42, 0], [""rand"", 288, 40, 128], ["",비자"", 319, 32, 128], [""넣아있는 길"", 353, 30, 133], [""뚜:LDPE"", 368, 42, 482], [""라벨:PET"", 396, 43, 483], [""훈연참치"", 493, 58, 649], [""900ml(2）"", 517, 55, 647], [""N121"", 548, 67, 640], [""2027 .06. 12 "", 572, 53, 233], [""폴리고당1.2kg"", 863, 58, 0], [""4.580"", 935, 55, 55], [""노브랜"", 937, 27, 617]]"
000163,2026,11,20,2026-11-20,s1,뚜는곳 | 보관시 치퍼를 이용하세요 | 2026. 1 1 . 20,"[[""뚜는곳"", 46, 30, 558], [""보관시 치퍼를 이용하세요"", 96, 40, 419], [""2026. 1 1 . 20"", 407, 40, 256]]"
000164,2026,04,27,2026-04-27,s1,보관시 지퍼를 이용하세요 | 다 2026.04.27 | 는길 | 0,"[[""보관시 지퍼를 이용하세요"", 163, 36, 479], [""다"", 482, 29, 0], [""2026.04.27"", 473, 50, 250], [""는길"", 519, 32, 0], [""0"", 908, 57, 3]]"
000165,2027,01,13,2027-01-13,s1,먹는곳 | 보관시지퍼를이용하세요 | 2027.01.13,"[[""먹는곳"", 322, 28, 475], [""보관시지퍼를이용하세요"", 361, 40, 384], [""2027.01.13"", 552, 83, 275]]"
000166,2027,08,18,2027-08-18,s1,뚜는곳 | 보관시 지퍼를 이용하세요 | 2027.08.18 | 단분,"[[""뚜는곳"", 146, 30, 427], [""보관시 지퍼를 이용하세요"", 212, 72, 317], [""2027.08.18"", 514, 117, 239], [""단분"", 819, 288, 0]]"
000167,2026,08,07,2026-08-07,s1,까지B 2026.08.07 | 115mg | 탄수화물 25g 8 | 당류 89 8 | 1.9g 이 | 0g 이유 | 0% | 이,"[[""2026.08.07"", 492, 54, 283], [""까지B"", 519, 44, 280], [""8"", 823, 22, 376], [""115mg"", 826, 45, 267], [""8"", 844, 25, 385], [""25g"", 848, 42, 288], [""이"", 859, 22, 414], [""89"", 873, 40, 304], [""탄수화물"", 893, 54, 134], [""1.9g"", 902, 49, 300], [""이유"", 902, 22, 440], [""당류"", 930, 41, 144], [""0g"", 924, 41, 326], [""0%"", 928, 52, 429], [""이"", 947, 20, 470]]"
000168,2026,02,16,2026-02-16,s1,"1,580 | 2026.02.16F2 안전관리인증 HACCP","[[""1,580"", 316, 67, 290], [""2026.02.16F2"", 470, 40, 185], [""안전관리인증"", 508, 25, 654], [""HACCP"", 523, 28, 659]]"
000169,2026,03,18,2026-03-18,s1,2026.03.18 | 까지 F1 | E,"[[""2026.03.18"", 441, 63, 240], [""까지"", 486, 41, 242], [""F1"", 494, 43, 363], [""E"", 679, 137, 0]]"
000170,2026,09,07,2026-09-07,s1,seesoreog8 | 2026.09.07AE | 우의a)원리원 제징환그류,"[[""seesoreog8"", 378, 50, 121], [""2026.09.07AE"", 520, 87, 208], [""제징환그류"", 784, 173, 70], [""우의a)원리원"", 827, 32, 222]]"
000171,2026,05,27,2026-05-27,s1,"F1-C 13:38 | 2025.08.28早 | 2026.05.27外 | 제품명 초코 소프트콘 | 식품유형 초콜릿가공품 | 내용량 120 g | 옥수수가루(옥수 | 탕,가공유지(판 | 시아산),코코","[[""F1-C 13:38"", 512, 37, 249], [""2025.08.28早"", 548, 26, 249], [""2026.05.27外"", 583, 28, 248], [""제품명"", 788, 32, 226], [""초코 소프트콘"", 782, 35, 321], [""식품유형"", 822, 37, 218], [""초콜릿가공품"", 818, 30, 323], [""내용량"", 853, 35, 225], [""120 g"", 850, 39, 321], [""옥수수가루(옥수"", 885, 40, 324], [""탕,가공유지(판"", 914, 45, 323], [""시아산),코코"", 941, 38, 325]]"
000172,2026,06,10,2026-06-10,s1,F2-B15:33 | 2025.09.11早E | 2026.06.10 | 제조원 | 유통전문 전남 담양군 담양을어 에코길까 | 판매원 | 유지(을 | (국산) | 원재료명,"[[""F2-B15:33"", 407, 44, 294], [""2025.09.11早E"", 435, 46, 287], [""2026.06.10"", 464, 42, 291], [""제조원"", 732, 29, 274], [""전남 담양군 담양을어"", 768, 40, 329], [""에코길까"", 744, 57, 458], [""유통전문"", 781, 35, 275], [""판매원"", 800, 35, 283], [""유지(을"", 882, 34, 348], [""(국산)"", 892, 41, 409], [""원재료명"", 925, 36, 295]]"
000173,2026,09,17,2026-09-17,s1,1AioJo | AAI | 후게 | 아이비 | LOW SUGAR | 全2026.09.17A1 | 기한,"[[""1AioJo"", 266, 80, 549], [""AAI"", 340, 73, 527], [""후게"", 456, 27, 264], [""아이비"", 500, 76, 270], [""LOW SUGAR"", 550, 31, 301], [""全2026.09.17A1"", 598, 55, 210], [""기한"", 630, 29, 212]]"
000174,2026,09,05,2026-09-05,s1,제종 | 일자 2025.09.06 | 속빈 2026.09.05A2 | 7/9,"[[""제종"", 418, 25, 202], [""일자"", 437, 24, 204], [""2025.09.06"", 435, 44, 246], [""속빈"", 486, 50, 202], [""2026.09.05A2"", 486, 45, 251], [""7/9"", 809, 208, 523]]"
000175,2026,06,28,2026-06-28,s1,KO | YEE | 6 화이트하엄 | 2025.09.29B 부터 | 2026.06.28 까지 | 맛있는 약속 | 에,"[[""KO"", 46, 95, 74], [""YEE"", 128, 97, 334], [""화이트하엄"", 216, 185, 579], [""6"", 205, 102, 30], [""2025.09.29B"", 515, 32, 212], [""부터"", 506, 25, 464], [""2026.06.28"", 561, 32, 216], [""까지"", 550, 25, 464], [""맛있는 약속"", 572, 27, 501], [""에"", 704, 214, 565]]"
000176,2026,09,22,2026-09-22,s1,크래커 | 6 크래커 | 6 | SALTINE CRACKERS K0 | 2025.09.23 터 | 2026.09.22 까지 | 맛있는 약속 | V.N02L 69g 0,"[[""크래커"", 125, 59, 402], [""6"", 173, 87, 383], [""크래커"", 164, 61, 591], [""6"", 210, 87, 556], [""K0"", 388, 96, 523], [""SALTINE CRACKERS"", 389, 37, 212], [""2025.09.23"", 497, 36, 195], [""터"", 500, 45, 388], [""2026.09.22"", 548, 36, 193], [""까지"", 546, 25, 396], [""맛있는 약속"", 566, 27, 428], [""V.N02L"", 802, 91, 444], [""0"", 820, 107, 627], [""69g"", 832, 91, 555]]"
000177,2026,08,18,2026-08-18,s1,RET | Sablé | 사브레 | 소비기한 2025.08.19 2026.08.18 A 부터 | 까지 | 0상,"[[""RET"", 170, 41, 355], [""Sablé"", 440, 31, 346], [""사브레"", 490, 75, 279], [""소비기한"", 592, 109, 158], [""2025.08.19"", 568, 36, 228], [""부터"", 574, 35, 529], [""2026.08.18 A"", 603, 35, 226], [""까지"", 620, 35, 530], [""0상"", 921, 85, 194]]"
000178,2026,06,25,2026-06-25,s1,땅콩신드 | HACCP | 2025.09.26 le | 2026.06.25 부터 | 까지맛있는 약속 | YEE 화이트하임,"[[""땅콩신드"", 98, 59, 220], [""HACCP"", 374, 49, 233], [""le"", 434, 74, 456], [""2025.09.26"", 468, 55, 248], [""부터"", 486, 20, 454], [""2026.06.25"", 509, 55, 249], [""까지맛있는 약속"", 520, 36, 449], [""화이트하임"", 832, 176, 462], [""YEE"", 816, 75, 145]]"
000179,2026,06,29,2026-06-29,s1,1% 사브레 | loe | 2025.09.30 B4 导 | 2026.06.29 까지 | 맛있는 약속 | YDE | 이한,"[[""사브레"", 96, 93, 645], [""1%"", 92, 27, 612], [""loe"", 436, 77, 445], [""2025.09.30 B4 导"", 503, 94, 250], [""까지"", 512, 32, 473], [""맛있는 약속"", 529, 50, 476], [""2026.06.29"", 554, 61, 268], [""YDE"", 658, 67, 576], [""이한"", 757, 56, 339]]"
000180,2026,06,02,2026-06-02,s1,식품안전관리인증 | HACCP | 2025.09.26 -2 | 2026.06.2期 | 까지맛있는약속 | 류,"[[""식품안전관리인증"", 381, 28, 234], [""HACCP"", 405, 32, 231], [""-2"", 487, 71, 421], [""2025.09.26"", 496, 35, 261], [""2026.06.2期"", 536, 46, 258], [""까지맛있는약속"", 566, 27, 404], [""류"", 936, 31, 457]]"
000181,2026,09,08,2026-09-08,s1,2025.09.09 부터 b | 2026.09.08 까지 | 맛있는,"[[""b"", 490, 66, 643], [""부터"", 524, 35, 605], [""2025.09.09"", 556, 64, 231], [""까지"", 574, 40, 606], [""맛있는"", 592, 39, 651], [""2026.09.08"", 612, 61, 250]]"
000182,2026,10,01,2026-10-01,s1,TEN MINSTE HOUDBAAR TOT | 01 10 :2026 (E)01:57 | 114464504 | 450 | PAP 21 | CARTON VER | CARDBOARD | 0 PAPER | Recycling,"[[""TEN MINSTE HOUDBAAR TOT"", 475, 35, 276], [""(E)01:57"", 514, 31, 392], [""01 10 :2026"", 530, 43, 184], [""114464504"", 536, 28, 394], [""450"", 581, 44, 665], [""PAP 21"", 666, 25, 584], [""VER"", 676, 21, 687], [""CARTON"", 686, 27, 590], [""CARDBOARD"", 702, 27, 586], [""0"", 731, 28, 515], [""PAPER"", 722, 29, 600], [""Recycling"", 740, 25, 597]]"
000183,2027,07,28,2027-07-28,s1,"면이질분지않고 면의 탄력성 향상 세폴리나가루로만들어 배유 부분만 도정하여만든 질분지않아처음식감그대로 100% 듀럼밀의배유를같아 100% 파스타면의 비밀 이탈리아감파니아 폰타나 4,480 | 맛있는 맛으로 떠나는 여행 PROD.DATE:2024.07.29 | EXP.DATE: 2027.07.28 | B1ML21124 16:13","[[""4,480"", 128, 61, 559], [""파스타면의 비밀"", 222, 170, 224], [""이탈리아감파니아"", 229, 194, 256], [""폰타나"", 165, 60, 301], [""질분지않아처음식감그대로"", 266, 220, 82], [""100%"", 264, 219, 111], [""듀럼밀의배유를같아"", 224, 143, 144], [""100%"", 214, 135, 177], [""면이질분지않고 면의 탄력성 향상"", 273, 216, 19], [""세폴리나가루로만들어"", 236, 138, 43], [""배유 부분만 도정하여만든"", 242, 156, 60], [""맛있는"", 496, 74, 3], [""맛으로 떠나는 여행"", 536, 172, 34], [""PROD.DATE:2024.07.29"", 514, 60, 183], [""2027.07.28"", 540, 44, 338], [""EXP.DATE:"", 558, 45, 186], [""16:13"", 575, 40, 380], [""B1ML21124"", 593, 47, 188]]"
000184,2027,11,19,2027-11-19,s1,"1.75 | 4,280 행시 | 살는시간 | L19MZR2 7-9号 | 19112027 | 이탈리아에서스파게티를와 | DIVELLA 시간보다. 1~2분 정도 다 함이 | 디벨라스파게티맛있게 | Prodotto in Italig da F. DIVELLA S.p.A. 4,스파게티면이잡길정도의큰남 | 스품으로 2스분정도의약)의보 | 3.꿀는물에디벨라스파게티를넣고 | 내시면 디벨라 스파게티의 최고의9","[[""1.75"", 20, 34, 458], [""행시"", 337, 105, 593], [""4,280"", 379, 70, 210], [""살는시간"", 440, 25, 629], [""7-9号"", 462, 33, 627], [""L19MZR2"", 488, 41, 294], [""19112027"", 520, 44, 284], [""이탈리아에서스파게티를와"", 521, 42, 523], [""시간보다. 1~2분 정도 다 함이"", 555, 36, 528], [""DIVELLA"", 602, 74, 263], [""디벨라스파게티맛있게"", 602, 43, 526], [""4,스파게티면이잡길정도의큰남"", 617, 42, 528], [""스품으로 2스분정도의약)의보"", 644, 37, 543], [""Prodotto in Italig da F. DIVELLA S.p.A."", 653, 51, 224], [""3.꿀는물에디벨라스파게티를넣고"", 659, 40, 519], [""내시면 디벨라 스파게티의 최고의9"", 672, 40, 540]]"
000185,2028,03,15,2028-03-15,s1,"CJ琴大哥日吧500g | 500 | 영양정보 100g365kcal | PP | 1.7g3%0 포화지방0g 0% | 콜레스테롤0mg0% 단백질 11 g 20% | co0 kcal 기준 C80-50-1200 | 1666-5471号3） | 이므로 개인의 필요 열량에 따라 cico | 읽는법:일,월,연도순) E.DATE: 15/03/2028 까지 | 필렌 원산지이탈리아산 | -+100% 밀함유 L135TM221:18 | 질 수 있으니 주의하시기 | 량식품 신고는 국번없이 | 사용한 제품과 같은 제 | 을수 있습니다.·제품 | 주십시오","[[""CJ琴大哥日吧500g"", 184, 31, 230], [""영양정보"", 258, 35, 85], [""500"", 264, 38, 375], [""100g365kcal"", 292, 37, 359], [""1.7g3%0"", 336, 49, 62], [""콜레스테롤0mg0%"", 361, 40, 60], [""포화지방0g 0%"", 352, 38, 357], [""PP"", 346, 23, 578], [""단백질 11"", 370, 29, 262], [""g 20%"", 378, 33, 344], [""이므로 개인의 필요 열량에 따라"", 430, 47, 59], [""co0 kcal 기준"", 420, 37, 383], [""C80-50-1200"", 432, 37, 542], [""1666-5471号3）"", 452, 38, 543], [""cico"", 466, 27, 523], [""읽는법:일,월,연도순)"", 488, 45, 16], [""필렌"", 513, 24, 5], [""원산지이탈리아산"", 523, 50, 32], [""E.DATE: 15/03/2028 까지"", 522, 59, 219], [""-+100%"", 547, 34, 0], [""밀함유"", 562, 38, 122], [""질 수 있으니 주의하시기"", 585, 48, 1], [""L135TM221:18"", 581, 37, 274], [""량식품 신고는 국번없이"", 610, 45, 2], [""사용한 제품과 같은 제"", 635, 44, 3], [""을수 있습니다.·제품"", 660, 50, 0], [""주십시오"", 678, 32, 0]]"
000186,2028,04,14,2028-04-14,s1,al | Bagllolni | 2028/04/14 | L-0210 05 71 | FRESCO TE기 | 시작됩니 | 파게티는,"[[""al"", 30, 45, 0], [""Bagllolni"", 182, 110, 279], [""2028/04/14"", 448, 59, 255], [""71"", 459, 34, 452], [""L-0210 05"", 486, 46, 264], [""TE기"", 554, 50, 488], [""FRESCO"", 585, 28, 300], [""시작됩니"", 623, 42, 283], [""파게티는"", 641, 26, 267]]"
000187,2028,02,05,2028-02-05,s1,2 | ANINENIT 크프 물이라륨 1초율 2028/02/05 %00兰 | 98:80 | L06T N2,"[[""크프 물이라륨"", 268, 382, 121], [""2"", 134, 125, 375], [""ANINENIT"", 266, 356, 8], [""1초율"", 257, 208, 190], [""%00兰"", 286, 265, 566], [""2028/02/05"", 424, 33, 285], [""98:80"", 436, 53, 426], [""L06T"", 460, 35, 283], [""N2"", 466, 30, 386]]"
000188,2027,09,30,2027-09-30,s1,"FRES | 프레스코마카로니는신선환 | 류림밀세폴리나(밀)를직접 | ACARON) 선별엄선하여관리합니다. | 오뚜기프레스코 스파게티소스와 | 함께하시면전문 스파기리점의 | 맛을 가정에서도손십게 | 10% 즐기실 수있습니다. 두고 삶아아 마습니가 | 말랑말량해지, 특유의탄데 | 일까지 념치는맛을느수있습니다 이렇게 잘 삶아낸 마카로니는 | 물기를완전하원 | 보상 오뚜기 골드 마요네스 | 099 오뚜기 스위트콘과 섬으면 | 한 곳에 보관 2027/09/30 간단하게 맛있는 살러데 | 완성할수있습니다. | 2-231 L24550 02 | (부담) | 총내용량 | N345a | 补量70g22% 제조원: 880104536050 | 电器1 Pastificio Fabianeli S.p.A | 05g3% 오뚜기molle | 聘盟 13g24% 수입판매원: 있다 | 예(주:에를 수있습 주식회사오뚜기 | 도안양시 동안구 | 405","[[""FRES"", 156, 55, 406], [""프레스코마카로니는신선환"", 252, 73, 374], [""ACARON)"", 251, 35, 251], [""류림밀세폴리나(밀)를직접"", 272, 70, 371], [""선별엄선하여관리합니다."", 291, 64, 366], [""오뚜기프레스코 스파게티소스와"", 312, 73, 353], [""함께하시면전문 스파기리점의"", 332, 69, 353], [""10%"", 326, 25, 228], [""맛을 가정에서도손십게"", 352, 59, 363], [""즐기실 수있습니다."", 373, 52, 369], [""일까지"", 372, 23, 219], [""두고 삶아아 마습니가"", 421, 72, 565], [""보상"", 414, 27, 208], [""말랑말량해지, 특유의탄데"", 442, 73, 561], [""099"", 434, 39, 200], [""념치는맛을느수있습니다"", 460, 71, 559], [""한 곳에 보관"", 454, 39, 195], [""이렇게 잘 삶아낸 마카로니는"", 480, 63, 558], [""2-231"", 494, 39, 185], [""2027/09/30"", 503, 70, 299], [""물기를완전하원"", 494, 53, 552], [""오뚜기 골드 마요네스"", 513, 50, 549], [""(부담)"", 511, 22, 186], [""L24550"", 539, 58, 288], [""오뚜기 스위트콘과 섬으면"", 534, 54, 545], [""총내용량"", 554, 35, 193], [""간단하게 맛있는 살러데"", 554, 52, 543], [""N345a"", 572, 49, 179], [""02"", 554, 23, 415], [""완성할수있습니다."", 572, 48, 541], [""补量70g22%"", 593, 60, 160], [""电器1"", 624, 71, 152], [""제조원:"", 636, 48, 268], [""05g3%"", 647, 49, 148], [""聘盟 13g24%"", 682, 71, 140], [""Pastificio Fabianeli S.p.A"", 677, 70, 262], [""수입판매원:"", 701, 48, 259], [""예(주:에를 수있습"", 717, 52, 155], [""880104536050"", 705, 36, 522], [""주식회사오뚜기"", 758, 51, 285], [""오뚜기molle"", 744, 40, 506], [""도안양시 동안구"", 781, 66, 235], [""있다"", 764, 37, 516], [""405"", 796, 57, 227]]"
000189,2026,08,25,2026-08-25,s1,"19:09 | 소미기한하단표기일까지 이탈리아 전통의피 | 다이스드토마토(토마토,토마토 듀량 | 칼/미국정제수,토마토페이 | 원재료명 스DS, 국산),대육,설탕,블랙올디브 제소금,마늘,건조 | 흑후추 도함량70생물 | 토마토,대두,밀,신고 닭고기,조 | 용기우리,뚜껑제,폴리엄화 | 장소 고객상담실 및구입처 | 콩,게,새우,아황,류,오징어,돼지 | 성분 입기능·서늘하고건조한 곳에 | 보관하여도번질우격가있으니 가급적한 | ·본제품은 소비자기본법에 의거 교환 또는 보 | 80019-9119 | 빈용기는개곳이분리수거하여재활용합시다.소중한자원 | 15:410 | 2026.08.25 2-32号250g（895kca） 이탈리아산(OEM) 2개 | 상구매시 | 50 파스타 | 9,980 명사성 | 2개구 | 50 | 18/0/8","[[""19:09"", 51, 32, 513], [""소미기한하단표기일까지"", 100, 29, 272], [""이탈리아 전통의피"", 102, 37, 433], [""다이스드토마토(토마토,토마토"", 122, 30, 244], [""듀량"", 128, 20, 527], [""칼/미국정제수,토마토페이"", 143, 32, 246], [""국산),대육,설탕,블랙올디브"", 164, 33, 248], [""원재료명"", 174, 25, 209], [""스DS,"", 185, 22, 254], [""제소금,마늘,건조"", 184, 31, 278], [""흑후추"", 205, 22, 251], [""도함량70생물"", 204, 33, 272], [""토마토,대두,밀,신고"", 226, 26, 249], [""닭고기,조"", 228, 24, 346], [""용기우리,뚜껑제,폴리엄화"", 252, 29, 256], [""장소"", 273, 22, 257], [""고객상담실 및구입처"", 273, 32, 279], [""콩,게,새우,아황,류,오징어,돼지"", 298, 27, 243], [""성분 입기능·서늘하고건조한 곳에"", 320, 31, 239], [""보관하여도번질우격가있으니 가급적한"", 342, 29, 231], [""·본제품은 소비자기본법에 의거 교환 또는 보"", 364, 31, 211], [""2-32号250g（895kca）"", 506, 245, 479], [""80019-9119"", 410, 29, 209], [""이탈리아산(OEM)"", 518, 213, 523], [""빈용기는개곳이분리수거하여재활용합시다.소중한자원"", 447, 29, 209], [""15:410"", 469, 20, 338], [""2026.08.25"", 502, 29, 272], [""2개"", 578, 103, 584], [""상구매시"", 638, 61, 594], [""50"", 692, 64, 34], [""9,980"", 730, 72, 155], [""파스타"", 711, 32, 589], [""명사성"", 735, 34, 599], [""2개구"", 757, 32, 594], [""50"", 785, 40, 601], [""18/0/8"", 830, 33, 578]]"
000190,2022,11,26,2022-11-26,s1,"185114615 722.11.26 | 제품명 원재료명및함토마토볼프 24 | (바실리코 스파게티소스 (고형분 29% | 스(실균제품원산지이탈리아 전연방료내질6 | BarlaGeRFrateSpA(바틸라) | 품무원식품(주) | 30-27 | 뚜껑 없면 표시일까지(일/월/년) | 용기-유리,뚜껑-정제 | 폴리염화비닐(내면)","[[""722.11.26"", 426, 46, 207], [""185114615"", 414, 31, 219], [""제품명"", 716, 22, 234], [""(바실리코 스파게티소스"", 730, 40, 254], [""원재료명및함토마토볼프 24"", 720, 73, 401], [""스(실균제품원산지이탈리아"", 764, 47, 258], [""(고형분 29%"", 754, 47, 408], [""BarlaGeRFrateSpA(바틸라)"", 786, 46, 255], [""전연방료내질6"", 773, 75, 408], [""품무원식품(주)"", 806, 39, 252], [""30-27"", 831, 52, 252], [""뚜껑 없면 표시일까지(일/월/년)"", 858, 46, 254], [""용기-유리,뚜껑-정제"", 887, 26, 360], [""폴리염화비닐(내면)"", 907, 24, 361]]"
000191,2026,06,NONE,2026-06-NONE,s1,"기대운ULD | 맛으로 나랍들에게 기형함 결동을 | ：021750 | 유통신문관판매원 (주)크래프트하인츠코리아, | 제조원 (주)에스피씨살림 | 소비기한: | 15까지A | 2026 o6 | 로바질","[[""기대운ULD"", 238, 45, 416], [""맛으로 나랍들에게 기형함 결동을"", 261, 40, 147], [""：021750"", 354, 52, 160], [""유통신문관판매원"", 387, 47, 164], [""(주)크래프트하인츠코리아,"", 384, 52, 236], [""제조원"", 432, 35, 189], [""(주)에스피씨살림"", 438, 35, 246], [""소비기한:"", 486, 42, 190], [""2026"", 528, 34, 243], [""o6"", 527, 20, 351], [""15까지A"", 506, 61, 417], [""로바질"", 940, 36, 0]]"
000192,NONE,06,24,NONE-06-24,s1,제조함인즈가 5습년 0상 전 비제 | 식품유형 가초스리용 | 소비기한 감동을 선내험기 대용있니다. | R 요든게하는기치를 찾아는토아토 | 제품과 | 경정고1한 전세에 소비지 전페에 기준 | D30-2193-075014年 | (주)크레프트하인츠코리아 | GOOD | 제조원 | 주)에스피씨삼립 | 소비기한 | 350.g .06.240XID | (508kcal TH | 350 | 0g2280,"[[""제조함인즈가 5습년 0상 전 비제"", 130, 30, 305], [""가초스리용"", 151, 20, 478], [""식품유형"", 167, 50, 48], [""감동을 선내험기 대용있니다."", 180, 34, 324], [""소비기한"", 198, 44, 57], [""요든게하는기치를 찾아는토아토"", 202, 45, 297], [""R"", 220, 23, 123], [""제품과"", 232, 23, 72], [""경정고1한 전세에 소비지 전페에 기준"", 245, 38, 392], [""D30-2193-075014年"", 282, 32, 226], [""(주)크레프트하인츠코리아"", 313, 36, 251], [""GOOD"", 324, 59, 643], [""제조원"", 358, 25, 196], [""주)에스피씨삼립"", 366, 25, 256], [""소비기한"", 414, 33, 192], ["".06.240XID"", 434, 65, 287], [""350.g"", 454, 48, 70], [""TH"", 460, 24, 359], [""(508kcal"", 483, 54, 50], [""350"", 531, 46, 666], [""0g2280"", 933, 34, 0]]"
000193,2026,03,06,2026-03-06,s1,Bol | 반품 토마트 | 볼로네즈 | 2026.03.06F | 신선한 토마토 | 소비기한 3인분 | 2개 이상구매시 50,"[[""Bol"", 320, 182, 478], [""토마트"", 454, 117, 551], [""반품"", 435, 28, 269], [""볼로네즈"", 510, 77, 578], [""신선한 토마토"", 595, 93, 544], [""소비기한"", 599, 28, 100], [""2026.03.06F"", 561, 140, 232], [""3인분"", 617, 48, 574], [""50"", 794, 190, 394], [""2개"", 766, 113, 165], [""이상구매시"", 840, 46, 189]]"
000194,2027,04,23,2027-04-23,s1,제조원 | 유통전문 | 판매운 | 소비기한 하단표기일까지(년/월/일) | 내용량 33g | 원재료명 100%（） | 号2009027517831 | OCK | 2027.04.23 | 까지 | LLAN | RB MIX | ROS | 리아허브믹스 | 로즈 | 100 | 피코크,"[[""제조원"", 196, 27, 314], [""유통전문"", 265, 32, 311], [""판매운"", 286, 22, 318], [""소비기한"", 320, 21, 313], [""하단표기일까지(년/월/일)"", 316, 33, 363], [""내용량"", 346, 23, 317], [""33g"", 346, 20, 364], [""원재료명"", 372, 23, 313], [""100%（）"", 367, 36, 356], [""号2009027517831"", 393, 34, 305], [""OCK"", 412, 27, 0], [""2027.04.23"", 450, 40, 308], [""까지"", 468, 28, 455], [""LLAN"", 496, 26, 0], [""RB MIX"", 522, 26, 0], [""ROS"", 561, 49, 637], [""리아허브믹스"", 586, 43, 0], [""로즈"", 660, 52, 646], [""100"", 689, 44, 633], [""피코크"", 940, 42, 92]]"
000195,2027,07,01,2027-07-01,s1,"PARSTR | 식품유형 천연향신료(건조제품) | 100% | (주브레드가든 성남공장/경기도 성남시 가든파슬리7 | 제조원 总宁营型52B106.B107.8108 | 용가-유리,뚜껑-상갑 폴리므로필렌(주 | 포장재질 하캡:아크틸로니트림-부타디안-스 | (ABS),마개-폴리스티렌페이페(P) | 소비기한 제품별도표기일까지(년 | 20090275178346 | 2027.07.01 | 까지 | 국포번법 | UE | 사상규에시 215027H","[[""PARSTR"", 174, 34, 615], [""식품유형 천연향신료(건조제품)"", 248, 33, 249], [""100%"", 276, 30, 248], [""(주브레드가든 성남공장/경기도 성남시"", 304, 31, 300], [""제조원"", 312, 25, 249], [""가든파슬리7"", 305, 25, 535], [""总宁营型52B106.B107.8108"", 324, 35, 299], [""용가-유리,뚜껑-상갑 폴리므로필렌(주"", 351, 30, 300], [""포장재질"", 368, 29, 246], [""하캡:아크틸로니트림-부타디안-스"", 371, 28, 300], [""(ABS),마개-폴리스티렌페이페(P)"", 392, 30, 301], [""소비기한 제품별도표기일까지(년"", 418, 32, 247], [""20090275178346"", 442, 29, 244], [""2027.07.01"", 512, 39, 249], [""까지"", 536, 35, 423], [""국포번법"", 784, 30, 338], [""UE"", 805, 28, 330], [""215027H"", 906, 130, 3], [""사상규에시"", 919, 46, 20]]"
000196,2027,02,27,2027-02-27,s1,"갈릭비프까장 | 하늘&쇠고기 | olBod.3 | 일조가원예제가드레 | 오주 | 3,980 | 3,980 | 4,980 | 2027.02.27-1 객5","[[""갈릭비프까장"", 43, 86, 337], [""하늘&쇠고기"", 86, 50, 377], [""olBod.3"", 106, 50, 354], [""일조가원예제가드레"", 162, 53, 340], [""3,980"", 196, 49, 61], [""오주"", 256, 34, 665], [""3,980"", 284, 60, 248], [""4,980"", 428, 73, 563], [""2027.02.27-1"", 574, 43, 235], [""객5"", 664, 107, 605]]"
000197,2026,07,30,2026-07-30,s1,"기 오즈키진 브라윤비프카레 뚜기 오즈키친 고추마 | 3,980 류 시일 내에 상품을 준비 해당 상품은 품절 되었 | (5)483603 | 2026.07.30","[[""기 오즈키진 브라윤비프카레"", 162, 23, 7], [""뚜기 오즈키친 고추마"", 160, 29, 522], [""3,980"", 228, 55, 89], [""해당 상품은 품절 되었"", 215, 28, 553], [""류 시일 내에 상품을 준비"", 237, 32, 528], [""(5)483603"", 288, 29, 600], [""2026.07.30"", 531, 40, 175]]"
000198,2026,05,08,2026-05-08,erode5,"3,980 | 2026.05.08.11:31 F3.8 | 주2","[[""3,980"", 98, 65, 89], [""2026.05.08.11:31 F3.8"", 522, 50, 217], [""주2"", 718, 117, 54]]"
000199,2027,09,07,2027-09-07,s1,"오즈키진 Ealat Itohan | 196903640041717 | 마토,쇠고기 함유 유통전문 생표식품출/서울특 | 118 판매원 중구충무로2 | 매원및구입처 포장재질/내면-폴리에틸렌 | 습어 | 지설에서 제소하고 있 주의사 지 | 개봉후보관시에는 밀봉하여 십시오 | 100g450kcal 2객5 | 号58918%19g19% | E10g18% | a 기준이므로 개인의 필요 열량에 따라 다를 수 있습니다. 8801005001144 | 080-875-999 | www.tasia.co.kr 2027.09.07 B1","[[""오즈키진"", 15, 26, 0], [""Ealat Itohan"", 26, 27, 311], [""196903640041717"", 107, 39, 86], [""마토,쇠고기 함유"", 212, 27, 1], [""유통전문"", 228, 27, 273], [""생표식품출/서울특"", 236, 49, 335], [""118"", 240, 25, 0], [""판매원"", 246, 24, 271], [""중구충무로2"", 250, 34, 333], [""매원및구입처"", 266, 27, 0], [""포장재질/내면-폴리에틸렌"", 270, 26, 122], [""습어"", 308, 41, 395], [""지설에서 제소하고 있"", 324, 28, 10], [""주의사"", 326, 27, 299], [""지"", 332, 36, 386], [""개봉후보관시에는"", 344, 24, 137], [""밀봉하여"", 348, 27, 305], [""십시오"", 351, 25, 386], [""100g450kcal"", 393, 36, 56], [""2객5"", 407, 72, 574], [""号58918%19g19%"", 414, 41, 0], [""E10g18%"", 455, 34, 1], [""a 기준이므로 개인의 필요 열량에 따라 다를 수 있습니다."", 479, 35, 0], [""8801005001144"", 489, 44, 257], [""080-875-999"", 505, 38, 13], [""www.tasia.co.kr"", 522, 29, 6], [""2027.09.07 B1"", 558, 65, 270]]"
000200,2027,07,14,2027-07-14,erode3,"오뚜기 카레 L | 노란 | 최고의 건강요리입니다. | 空车开全）1000 | 2,380 | 2027.07.14 01 | 13:342G16P | 오뚜기카레 순한맛 영격하게 선별된 원료와 오렌 2年71969营号2年719 | OTOKI CURRY MILD 카레 본연의 맛과 향이 살아 있는 | 재료(4인분) | 조리 | 2","[[""L"", 56, 28, 582], [""空车开全）1000"", 284, 27, 364], [""01"", 535, 16, 646], [""2年71969营号2年719"", 574, 37, 434], [""영격하게 선별된 원료와 오렌"", 594, 35, 406], [""OTOKI CURRY MILD"", 606, 35, 147], [""카레 본연의 맛과 향이 살아 있는"", 614, 31, 440], [""재료(4인분)"", 654, 27, 303], [""조리"", 685, 14, 309], [""2"", 917, 14, 167], [""오뚜기 카레"", 63, 72, 303], [""노란"", 77, 38, 247], [""최고의 건강요리입니다."", 111, 57, 274], [""2,380"", 337, 54, 484], [""2027.07.14"", 506, 48, 219], [""13:342G16P"", 532, 50, 217], [""오뚜기카레 순한맛"", 572, 58, 109]]"
000201,2027,03,30,2027-03-30,s1,"카리는 노란 오뚜기카레 는 | 최고의 건강요리입니다. | 3.780 | 2,380 | 2027.03.300 S2 | 13:583D11P | 비밀카레 약간매운맛 글루텐프리 | 카레라이스 | OTTOGI GLUTEN FREE CURRY MEDIUM | 재료(4인분) | 비()밀의레시피 | 1밀가루가 아닌국산 가루쌀로 더욱 고소하게! 조리방법 | 230% | 44.1% | *오뚜기카레 약간매운맛 기준 다음밥위에없어내면완성됩니다 | 유형 상단 표시일까 | 원료명 | 분,후추분,표고버섯엑기스분말 | 포장재질 폴리에틸렌(내 제조원 주식회사 오뚜기 | 돼지고기","[[""카리는"", 102, 71, 0], [""노란 오뚜기카레"", 114, 71, 250], [""는"", 127, 32, 590], [""최고의 건강요리입니다."", 160, 57, 283], [""3.780"", 266, 56, 0], [""2,380"", 334, 58, 321], [""2027.03.300"", 490, 37, 213], [""13:583D11P"", 517, 40, 234], [""S2"", 520, 24, 608], [""비밀카레"", 554, 51, 70], [""약간매운맛"", 560, 40, 201], [""글루텐프리"", 563, 26, 342], [""OTTOGI GLUTEN FREE CURRY MEDIUM"", 590, 40, 67], [""카레라이스"", 588, 33, 339], [""비()밀의레시피"", 640, 55, 70], [""재료(4인분)"", 623, 30, 337], [""1밀가루가 아닌국산 가루쌀로 더욱 고소하게!"", 678, 51, 51], [""230%"", 702, 48, 54], [""조리방법"", 692, 27, 336], [""44.1%"", 726, 51, 53], [""*오뚜기카레 약간매운맛 기준"", 754, 31, 186], [""유형"", 776, 32, 57], [""다음밥위에없어내면완성됩니다"", 772, 29, 336], [""원료명"", 800, 35, 54], [""상단 표시일까"", 812, 23, 568], [""분,후추분,표고버섯엑기스분말"", 894, 57, 67], [""포장재질"", 916, 35, 63], [""폴리에틸렌(내"", 924, 31, 132], [""돼지고기"", 946, 26, 73], [""제조원"", 942, 30, 295], [""주식회사 오뚜기"", 944, 32, 394]]"
000202,2027,02,06,2027-02-06,s1,쇠고기씨징 | 2+1 2+ | 카레 0류 침고개기기 | 카레 | 2허1 21 | 천짜장 S1 2027.02.06 | 05144 F3.1 | 있·는·3·분·요·리 까지,"[[""쇠고기씨징"", 19, 39, 27], [""2+"", 121, 68, 619], [""2+1"", 152, 69, 119], [""카레"", 279, 52, 258], [""0류"", 268, 25, 478], [""침고개기기"", 272, 40, 550], [""카레"", 295, 32, 450], [""2허1"", 390, 47, 86], [""21"", 379, 50, 298], [""천짜장"", 511, 70, 3], [""S1"", 504, 21, 233], [""2027.02.06"", 508, 30, 282], [""05144 F3.1"", 536, 35, 277], [""있·는·3·분·요·리"", 572, 29, 3], [""까지"", 568, 23, 421]]"
000203,2026,07,01,2026-07-01,clahe,"과 함께 짜장면으로도 즐겨보세요! | 国电器2001038182580 세기한하단 0 | 산),돼지고기(국산,양파(국산),춘장 ,카라멜색소 | 산도조절제), 스드오니온,특제 변성전분,대파 | (감미료) 우유 개두,밀,돼지고기,닭고기,쇠고기,초 | 시현곡면나 계탑 2 14-38.2号 358-7 | (주)/서울특 지 구충무로2포 내면-폴리프로필렌 | 그입처·알류 활,땅콩,고등어,게,새 ,토마토,아황산류 | 제품은 소비 기본법에 의거,교환 또는 가능·부정 량식 | 치에 손이 베일 우려 있으니 주의·포장 형,평창, 9 | 드거우니 안전사고에 주의·직사광선 피 온보관 봉 | 180g150kcal | 号22g7%：号8g8% | g0.7g5% | 7913% 8801005200257 | 준이므로 개인의필요 에 따라 다를 수 있습니다 | 안전관리인증 2026.07/01 | HACCP B31V.56 | 식포의마품안전지 OTHER","[[""国电器2001038182580"", 50, 66, 0], [""과 함께 짜장면으로도 즐겨보세요!"", 50, 69, 290], [""산),돼지고기(국산,양파(국산),춘장"", 84, 77, 0], [""세기한하단"", 86, 72, 266], [""산도조절제),"", 105, 38, 0], [""스드오니온,특제"", 118, 61, 105], ["",카라멜색소"", 130, 53, 350], [""0"", 109, 18, 469], [""(감미료)"", 136, 38, 0], [""우유"", 144, 31, 106], [""개두,밀,돼지고기,닭고기,쇠고기,초"", 171, 93, 151], [""변성전분,대파"", 159, 51, 345], [""시현곡면나"", 166, 39, 0], [""계탑"", 176, 25, 100], [""2"", 178, 12, 134], [""14-38.2号"", 186, 47, 152], [""(주)/서울특"", 198, 41, 0], [""구충무로2포"", 218, 48, 135], [""358-7"", 217, 62, 310], [""지"", 207, 18, 108], [""그입처·알류"", 229, 40, 0], [""활,땅콩,고등어,게,새"", 250, 50, 134], [""내면-폴리프로필렌"", 252, 52, 368], [""제품은 소비"", 257, 42, 2], [""기본법에 의거,교환 또는"", 276, 54, 123], [""치에 손이 베일 우려 있으니 주의·포장"", 294, 67, 0], ["",토마토,아황산류"", 284, 49, 387], [""드거우니 안전사고에 주의·직사광선 피"", 321, 68, 0], [""가능·부정"", 303, 34, 373], [""형,평창,"", 328, 36, 358], [""량식"", 312, 20, 463], [""9"", 332, 17, 427], [""온보관"", 351, 32, 362], [""180g150kcal"", 384, 56, 22], [""봉"", 356, 15, 439], [""号22g7%：号8g8%"", 409, 58, 0], [""g0.7g5%"", 434, 57, 0], [""7913%"", 454, 43, 0], [""준이므로 개인의필요"", 478, 37, 0], [""에 따라 다를 수 있습니다"", 494, 37, 117], [""8801005200257"", 502, 40, 273], [""안전관리인증"", 529, 32, 15], [""HACCP"", 548, 36, 12], [""2026.07/01"", 562, 47, 214], [""식포의마품안전지"", 583, 24, 20], [""OTHER"", 592, 37, 85], [""B31V.56"", 590, 41, 244]]"
000204,2026,06,18,2026-06-18,s1,"681 | 화제,레시틴,탄 마 | 고추맛기름,홈 | 치고기(국내산),대국산),고추베이스소스,중화 두 고추엑기스,화조유,대두 마늘,마조유, 설 생강 | 정제 | 지천 피센두반장),쇠고기추출액,글소 표 | 환처 | 시제품과0 | 180g210kcal | 含1394%8595% | 0g2913% | %E412922% | 20kc기준므로 개인의 필요열량에 따라 다를 수 있습니다 8801005200127 | 소비자 | 중심 HACCP | THER 2026.06.18 | 18:44F2L7","[[""화제,레시틴,탄"", 30, 45, 403], [""681"", 22, 28, 540], [""치고기(국내산),대국산),고추베이스소스,중화 두"", 45, 46, 48], [""고추맛기름,홈"", 54, 53, 397], [""마"", 46, 24, 526], [""고추엑기스,화조유,대두"", 64, 32, 213], [""지천 피센두반장),쇠고기추출액,글소"", 69, 34, 46], [""마늘,마조유,"", 75, 46, 382], [""설"", 86, 20, 485], [""생강"", 98, 27, 524], [""정제"", 118, 27, 504], [""표"", 145, 20, 508], [""환처"", 211, 34, 510], [""시제품과0"", 242, 35, 8], [""180g210kcal"", 306, 53, 146], [""含1394%8595%"", 324, 61, 107], [""0g2913%"", 343, 60, 94], [""%E412922%"", 356, 48, 76], [""20kc기준므로 개인의 필요열량에 따라 다를 수 있습니다"", 383, 70, 69], [""소비자"", 408, 23, 68], [""8801005200127"", 428, 64, 292], [""중심"", 422, 33, 61], [""HACCP"", 430, 34, 104], [""THER"", 473, 34, 150], [""2026.06.18"", 490, 47, 280], [""18:44F2L7"", 514, 48, 279]]"
000205,2027,05,18,2027-05-18,s1,Cumnuo! UTT | JtL- BEST BEFORE (DD/MM/YY) | LDENCURRY 18.5.2027 | AUCE WiTh VECETABLES | 3.580 | 매,"[[""Cumnuo!"", 268, 189, 241], [""UTT"", 220, 81, 541], [""BEST BEFORE (DD/MM/YY)"", 408, 43, 205], [""JtL-"", 449, 32, 0], [""18.5.2027"", 444, 40, 252], [""LDENCURRY"", 469, 62, 0], [""3.580"", 494, 41, 509], [""AUCE WiTh VECETABLES"", 504, 43, 0], [""매"", 618, 46, 169]]"
000206,2026,05,08,2026-05-08,s1,"号三2（仓）115g 하우스바몬트 | 100g号31139 | 3,580 3,580 | 85362130 15/의정/경 (D)853607 | 운맛 EU루PY | ·소비기한: | 2026.05.08 16:38 | B1 | 까지","[[""하우스바몬트"", 17, 38, 279], [""100g号31139"", 37, 38, 289], [""3,580"", 58, 79, 437], [""号三2（仓）115g"", 54, 66, 0], [""3,580"", 117, 80, 67], [""(D)853607"", 108, 37, 400], [""15/의정/경"", 127, 32, 304], [""85362130"", 156, 46, 75], [""EU루PY"", 291, 75, 507], [""운맛"", 361, 116, 0], [""·소비기한:"", 544, 31, 44], [""2026.05.08 16:38"", 582, 51, 176], [""B1"", 571, 32, 536], [""까지"", 644, 30, 536]]"
000207,2026,09,24,2026-09-24,s1,JAVACSURYOE JAVAS | 소비 | 기한 2026.9.24/A-Q,"[[""JAVACSURYOE"", 150, 225, 374], [""JAVAS"", 168, 119, 468], [""소비"", 510, 30, 99], [""2026.9.24/A-Q"", 533, 44, 192], [""기한"", 538, 33, 98]]"
000208,2026,04,13,2026-04-13,s1,1 | JAVAEUTY | (MONTH.DAY YEAR) baa7Food JAVA CURRY BT5L | 4.13.2026/B-V HOT,"[[""1"", 114, 162, 377], [""JAVAEUTY"", 216, 181, 514], [""JAVA"", 532, 53, 505], [""BT5L"", 515, 32, 613], [""baa7Food"", 536, 32, 373], [""CURRY"", 540, 31, 616], [""(MONTH.DAY YEAR)"", 547, 26, 203], [""4.13.2026/B-V"", 583, 26, 269], [""HOT"", 586, 45, 599]]"
000209,2027,08,11,2027-08-11,clahe,"간표일까 | 크리안더(모로 | ,복합조미식품,식물성크림,양피 테아린유(말레이 | 만늘맛분 | 쇠고기밀,토마토우유 | 주식회사오뚜기 | (내면) 제조원 충북 음성군 대소면 대충산단도 | 징어,새우,계란,잣 조개류 혼입가는·손비자기본법에따 | 여 주십시오.·소비기한을 꼭 확인 후 사용한,십시오 | 0800242311） | 용량 1kg 간든가기따라할수있는 | 415kcal 맛있는 요리가 한가득! | 영양성분 0 Kitchen 친(www.okitchen.co.k)에 | 한비율 놀랜으세요 | 219% | 18% 2027.08.11 . | 19% 10169F29 | 31% | 03 | 3% 조리후 장시간 보관할 경우 품질 변화가 | 0% 발생할 수 있으니 주의하십시오, | 3% 포장재 절단면이 날카로워 다칠 우려가 | 이 있으므로 개봉 및 사용시 주의하신시오 | 에","[["",복합조미식품,식물성크림,양피"", 27, 58, 98], [""테아린유(말레이"", 54, 91, 452], [""크리안더(모로"", 36, 65, 517], [""간표일까"", 24, 56, 578], [""만늘맛분"", 84, 77, 480], [""쇠고기밀,토마토우유"", 114, 113, 279], [""(내면)"", 142, 50, 0], [""주식회사오뚜기"", 144, 52, 261], [""제조원"", 152, 46, 150], [""충북 음성군 대소면 대충산단도"", 184, 97, 252], [""징어,새우,계란,잣 조개류 혼입가는·손비자기본법에따"", 215, 120, 0], [""여 주십시오.·소비기한을 꼭 확인 후 사용한,십시오"", 283, 91, 0], [""0800242311）"", 321, 77, 0], [""용량 1kg"", 362, 50, 0], [""415kcal"", 391, 40, 0], [""영양성분"", 424, 42, 0], [""간든가기따라할수있는"", 419, 38, 525], [""0"", 430, 36, 279], [""Kitchen"", 440, 48, 307], [""맛있는 요리가 한가득!"", 440, 38, 531], [""한비율"", 449, 36, 0], [""친(www.okitchen.co.k)에"", 464, 38, 511], [""219%"", 483, 40, 0], [""놀랜으세요"", 484, 30, 560], [""18%"", 518, 37, 10], [""19%"", 552, 37, 6], [""2027.08.11"", 553, 50, 212], [""10169F29"", 584, 59, 210], [""."", 566, 27, 457], [""31%"", 587, 36, 1], [""3%"", 659, 38, 0], [""03"", 658, 28, 550], [""0%"", 697, 36, 0], [""조리후 장시간 보관할 경우 품질 변화가"", 700, 53, 84], [""3%"", 736, 37, 0], [""발생할 수 있으니 주의하십시오,"", 732, 43, 92], [""포장재 절단면이 날카로워 다칠 우려가"", 770, 38, 82], [""이"", 770, 14, 3], [""에"", 788, 30, 0], [""있으므로 개봉 및 사용시 주의하신시오"", 796, 30, 84]]"
000210,2027,05,20,2027-05-20,erode3,오뚜기짜질 2.080 | 2.900 | 2027.05.20 N3 | 10F431E22K | 백세카레매운맛 더 맛있고 질 녹는 과림형 카레 | 오뚜기백세카레는 강형 착량 더호 | OTTOGI BEKSE CURRY SPICY 즈미리 | 제트(4인원 | 8100,"[[""오뚜기짜질"", 62, 43, 25], [""N3"", 442, 23, 568], [""더 맛있고 질 녹는 과림형 카레"", 479, 28, 411], [""OTTOGI BEKSE CURRY SPICY"", 512, 33, 92], [""오뚜기백세카레는 강형 착량"", 501, 22, 394], [""더호"", 504, 11, 561], [""즈미리"", 519, 16, 380], [""제트(4인원"", 552, 21, 255], [""8100"", 941, 24, 282], [""2.080"", 76, 59, 165], [""2.900"", 103, 60, 172], [""2027.05.20"", 428, 38, 201], [""10F431E22K"", 448, 30, 201], [""백세카레매운맛"", 480, 53, 80]]"
000211,2026,02,12,2026-02-12,s1,ER | 2026.02.1203 | 19:23#2 | DWS 17 | 3.700 | 3.700 | ME.INTRC06ME,"[[""ER"", 470, 28, 255], [""2026.02.1203"", 487, 119, 170], [""19:23#2"", 521, 94, 183], [""DWS 17"", 552, 81, 350], [""3.700"", 732, 40, 0], [""3.700"", 760, 43, 399], [""ME.INTRC06ME"", 824, 37, 455]]"
000212,NONE,12,16,NONE-12-16,s1,"VONO | VONO | 어니연 | 12.160 | 6:16 SF17L | D1 | 오뚜기 쇠고기스프 mall 오뚜기 | OTHER | 를으면서어니다. 280go禁量800ml 불에올러놀공꿀을,때까지 간더이면있는 지않도록가끔적으면서 | 저어준다을기시작하면 오뚜기고기스가니다. | 을 약하게합니다. | 가열된용기는 뜨거우므로화상 | 120010445055201","[[""VONO"", 299, 32, 483], [""VONO"", 313, 28, 194], [""어니연"", 358, 37, 484], [""12.160"", 532, 26, 339], [""6:16"", 548, 29, 254], [""SF17L"", 553, 34, 353], [""쇠고기스프"", 610, 88, 164], [""D1"", 576, 20, 515], [""오뚜기"", 592, 30, 112], [""오뚜기"", 610, 20, 508], [""mall"", 626, 22, 505], [""OTHER"", 678, 24, 605], [""280go禁量800ml"", 780, 53, 123], [""를으면서어니다."", 790, 53, 125], [""지않도록가끔적으면서"", 780, 33, 520], [""불에올러놀공꿀을,때까지"", 789, 29, 331], [""저어준다을기시작하면"", 803, 28, 331], [""간더이면있는"", 794, 30, 529], [""오뚜기고기스가니다."", 808, 33, 528], [""을 약하게합니다."", 818, 27, 332], [""가열된용기는 뜨거우므로화상"", 860, 35, 145], [""120010445055201"", 892, 40, 427]]"
000213,2026,03,20,2026-03-20,s1,소비기한 까지~ | 2026.03.20/L | VONO 단호박스프,"[[""소비기한"", 534, 31, 113], [""까지~"", 526, 29, 556], [""2026.03.20/L"", 586, 49, 199], [""단호박스프"", 646, 46, 181], [""VONO"", 662, 24, 115]]"
000214,2026,08,13,2026-08-13,s1,"8：21：2 | 농축액에서 나타나는 지연적인 | 현상이므로 안심하고 드 셔도 | 됩니다 | ·본 제품은 소비자기본법에 | 의거 교환 또는 보상 | ·부정불량식품 신고는 | 11399 | 소비자중심 | 빈용기는깨곳이 분리수거하여재활용합시다.소강한사원,까한환경 | 2026.08:13 /14:-16 | 까지","[[""8：21：2"", 46, 39, 273], [""농축액에서 나타나는 지연적인"", 199, 51, 222], [""현상이므로 안심하고 드 셔도"", 225, 50, 222], [""됩니다"", 257, 36, 221], [""·본 제품은 소비자기본법에"", 276, 43, 218], [""의거 교환 또는 보상"", 302, 36, 222], [""·부정불량식품 신고는"", 328, 37, 220], [""11399"", 354, 31, 224], [""소비자중심"", 406, 23, 288], [""빈용기는깨곳이 분리수거하여재활용합시다.소강한사원,까한환경"", 458, 31, 222], [""2026.08:13 /14:-16"", 528, 42, 268], [""까지"", 546, 21, 503]]"
000215,2026,10,14,2026-10-14,det5,"·청전물또는 유해 성분이므로 안심하시고 사용하서도 | 됩니다 ·보관 중 갈변이 발생 할 수 있으나 과실 | 농축액에서 나타나는 자연적인 현상이므로 모:라임 | 안심하고 드셔도 됩니다. | ·본 제품은 소비자기본법에 | 의거 교환 또는 보상. | ·부정불량식품 신고는 | 1399 | 2150 HACCP 소비자중심 우색페트 | 이상구시 2개 | 2026.10. 14 이상구매시 | 11,980 | 홈초 | 명사상품 청정원 | 2개구매시 10ml1 | 50 % | 함인 | 1기이스(점/ | 1051","[[""·청전물또는"", 19, 44, 113], [""유해 성분이므로 안심하시고 사용하서도"", 36, 80, 121], [""됩니다"", 90, 47, 131], [""·보관 중 갈변이 발생 할 수 있으나 과실"", 105, 84, 133], [""모:라임"", 150, 50, 549], [""농축액에서 나타나는 자연적인 현상이므로"", 138, 86, 146], [""안심하고 드셔도 됩니다."", 180, 62, 152], [""·본 제품은 소비자기본법에"", 214, 62, 153], [""의거 교환 또는 보상."", 248, 48, 165], [""·부정불량식품 신고는"", 279, 50, 166], [""2150"", 384, 174, 0], [""1399"", 312, 37, 177], [""HACCP"", 374, 25, 196], [""우색페트"", 366, 21, 366], [""소비자중심"", 379, 24, 265], [""2개"", 440, 148, 541], [""이상구시"", 410, 40, 0], [""이상구매시"", 509, 71, 555], [""2026.10. 14"", 512, 49, 241], [""11,980"", 541, 68, 12], [""홈초"", 606, 39, 567], [""명사상품"", 630, 45, 548], [""청정원"", 628, 53, 646], [""2개구매시"", 654, 47, 541], [""10ml1"", 655, 41, 647], [""50"", 680, 46, 536], [""함인"", 702, 34, 598], [""%"", 686, 19, 607], [""1기이스(점/"", 724, 45, 510], [""1051"", 768, 32, 676]]"
000216,2026,03,16,2026-03-16,s1,MIASTO BE HEINZ 3ASAKIOK TO YOUR [HOW TO USE] | dnHa THAS TO BE HEIN2 4.FRIED DISHES? SPEAAL WMH HEINZ 2. MAKE YOUR TACO | OLVW | ZNIE 소비기한 | 2026. 03. 1 6 | 8801065002990,"[[""MIASTO BE HEINZ"", 401, 100, 166], [""3ASAKIOK TO YOUR"", 390, 81, 366], [""[HOW TO USE]"", 451, 130, 535], [""THAS TO BE HEIN2"", 486, 110, 336], [""4.FRIED DISHES?"", 486, 76, 361], [""SPEAAL WMH HEINZ"", 497, 94, 494], [""2. MAKE YOUR TACO"", 498, 91, 507], [""dnHa"", 498, 40, 145], [""OLVW"", 519, 50, 133], [""ZNIE"", 555, 68, 112], [""소비기한"", 555, 24, 217], [""2026. 03. 1 6"", 589, 48, 219], [""8801065002990"", 643, 42, 378]]"
000217,2027,03,08,2027-03-08,s1,"동결현상 | 에 손가락을 까워 앞으로 당겨 주시고 낮은 온도 보관 시 동결현상으로 용고 및 침전물이 | 오개봉후식초와 같은특 | %|외국산 라질,파라과이 등)기·대두함유 를 가진 제품과 함께 보관 | 약간의 이취가 발생 될 수 있으니 | 기일까지 의하십시오 | 제일제당(주)인,광시 주의사항·식용유는 과일면 불이 | 14049 날 수 있으니 함상 추의깊게 관차해 | 용기-PE,마개-PE 야 합니다.가열되었거나 불이 은 | 구입처 또는 영업소 기름에 물을 넣지 미·부정 소비자중 | 2010-17 | 콩기름 본 제품은 소비자 분쟁해결 기준 | 한국식품연구원 의거,교환 또는 보상 받을 수 있습 | 다.사용후빈용기와 마개는분리 | KS2102（） 수거하여 재활용합시다 | HDPE | K4 27.03.08 14:06 마개:LDE | 402345 까지 라벨:OTHER","[[""동결현상"", 85, 38, 257], [""낮은 온도 보관 시 동결현상으로 용고 및 침전물이"", 111, 46, 258], [""에 손가락을 까워 앞으로 당겨 주시고"", 140, 65, 0], [""오개봉후식초와 같은특"", 198, 41, 322], [""를 가진 제품과 함께 보관"", 225, 40, 319], [""%|외국산"", 239, 46, 0], [""약간의 이취가 발생 될 수 있으니"", 252, 43, 268], [""라질,파라과이 등)기·대두함유"", 256, 63, 0], [""의하십시오"", 282, 35, 266], [""기일까지"", 296, 39, 0], [""주의사항·식용유는 과일면 불이"", 304, 46, 268], [""제일제당(주)인,광시"", 317, 58, 0], [""날 수 있으니 함상 추의깊게 관차해"", 330, 46, 272], [""14049"", 345, 44, 0], [""야 합니다.가열되었거나 불이 은"", 355, 40, 274], [""용기-PE,마개-PE"", 372, 39, 30], [""기름에 물을 넣지 미·부정"", 381, 42, 277], [""소비자중"", 378, 25, 584], [""구입처 또는 영업소"", 400, 37, 34], [""2010-17"", 429, 38, 35], [""본 제품은 소비자 분쟁해결 기준"", 431, 40, 279], [""콩기름"", 460, 29, 37], [""의거,교환 또는 보상 받을 수 있습"", 456, 47, 277], [""한국식품연구원"", 487, 34, 40], [""다.사용후빈용기와 마개는분리"", 480, 45, 280], [""KS2102（）"", 514, 26, 1], [""수거하여 재활용합시다"", 508, 39, 282], [""HDPE"", 518, 33, 591], [""마개:LDE"", 544, 40, 576], [""K4"", 566, 23, 102], [""27.03.08 14:06"", 575, 49, 189], [""까지"", 576, 39, 518], [""라벨:OTHER"", 567, 44, 565], [""402345"", 604, 25, 1]]"
000218,2026,05,03,2026-05-03,s1,080 | 마요네스 오뚜기 | 량식품 | 마요네스 1984L 9.580 | 2026.05:03 | G2 까지,"[[""080"", 38, 48, 174], [""오뚜기"", 79, 52, 71], [""마요네스"", 98, 65, 54], [""량식품"", 296, 63, 261], [""마요네스"", 380, 95, 217], [""1984L"", 368, 65, 405], [""9.580"", 384, 55, 622], [""2026.05:03"", 511, 56, 250], [""G2"", 600, 21, 251], [""까지"", 600, 31, 404]]"
000219,2026,09,07,2026-09-07,s1,2026.09.07 | 김상큐B,"[[""2026.09.07"", 475, 36, 277], [""김상큐B"", 503, 30, 278]]"
000220,2026,02,23,2026-02-23,s1,0/1399 | 300g | 양성정보 11g3% 100g545kcal 고객방담 | 55g102% 080-019-91 | (수신자부담 | 10% 8953% | 05g 미만 ：30m010%蜡型294% | DAESANG | 2026.02.23 | 12:04 까지,"[[""0/1399"", 128, 53, 217], [""300g"", 154, 30, 303], [""100g545kcal"", 176, 36, 281], [""고객방담"", 192, 43, 428], [""양성정보"", 194, 64, 172], [""11g3%"", 202, 37, 269], [""080-019-91"", 214, 41, 430], [""55g102%"", 226, 35, 269], [""(수신자부담"", 234, 35, 439], [""10%"", 250, 24, 192], [""8953%"", 250, 35, 269], [""05g 미만"", 269, 46, 183], [""：30m010%蜡型294%"", 282, 64, 182], [""DAESANG"", 324, 29, 449], [""2026.02.23"", 490, 31, 282], [""12:04"", 518, 32, 309], [""까지"", 524, 21, 496]]"
000221,2026,07,15,2026-07-15,s1,"(품 유형 소스(살균제품 | 号200204610736292 | 원재료명 정제수,발사믹식초(이탈러 | 효모식품,바질분말,타임,오레가노분말,BE 폰타 | 포장재질(내면)뚜껑(내면)-폴리에틸랜터프틸레이트E 행 | 제조원(취동원홈푸드 아산공장 F로:충남아산시 영인면 신봉28) 2개 | 3 | 유통전문판매원 생표식품주식회사/서용품9g2 25-09-30 | 영양정보 3/0/정/점 | 콜레스테를0mg 8% 단백질8g 8% | 1老0082.80eKcal | 2026.07.15.B F2 ! | 고객지원실/ | 801005924207 | 4,SREI! | 3.290","[[""(품 유형 소스(살균제품"", 88, 47, 225], [""号200204610736292"", 107, 58, 224], [""원재료명 정제수,발사믹식초(이탈러"", 133, 56, 225], [""폰타"", 216, 30, 677], [""행"", 243, 24, 696], [""효모식품,바질분말,타임,오레가노분말,BE"", 252, 63, 236], [""2개"", 268, 29, 684], [""포장재질(내면)뚜껑(내면)-폴리에틸랜터프틸레이트E"", 281, 54, 245], [""3"", 298, 37, 682], [""제조원(취동원홈푸드 아산공장 F로:충남아산시 영인면 신봉28)"", 303, 56, 247], [""25-09-30"", 319, 26, 660], [""3/0/정/점"", 342, 27, 654], [""유통전문판매원 생표식품주식회사/서용품9g2"", 350, 66, 250], [""영양정보"", 384, 36, 259], [""단백질8g 8%"", 426, 37, 445], [""콜레스테를0mg 8%"", 445, 34, 272], [""1老0082.80eKcal"", 461, 38, 273], [""!"", 510, 43, 515], [""2026.07.15.B F2"", 535, 44, 298], [""고객지원실/"", 592, 43, 477], [""801005924207"", 653, 28, 306], [""4,SREI!"", 752, 41, 22], [""3.290"", 852, 54, 335]]"
000222,2026,03,25,2026-03-25,s1,"폰타나드레싱몬 | 270g 행사상품 1001906 | 2개구매시 | 80 30 함인 4,480 | 2026.03.25CF2 | 시간이 지나면서 색이 열어지나 | 품질에는 이상이 없이니안심하시 | 고혼들에드십시오·직사광선을 | 하고 실온에 보관하십시오,유리방 | 에손될수있으취급시주의하 | 신기바랍니다. | 안전관리인 | 소비자중심 HACCP | 영양정보 235","[[""폰타나드레싱몬"", 86, 29, 308], [""270g"", 108, 29, 0], [""행사상품"", 113, 30, 326], [""1001906"", 112, 27, 429], [""2개구매시"", 140, 29, 325], [""80"", 184, 66, 0], [""30"", 173, 40, 327], [""4,480"", 177, 66, 496], [""함인"", 181, 24, 390], [""2026.03.25CF2"", 541, 38, 261], [""시간이 지나면서 색이 열어지나"", 599, 50, 257], [""품질에는 이상이 없이니안심하시"", 626, 51, 257], [""고혼들에드십시오·직사광선을"", 651, 48, 257], [""하고 실온에 보관하십시오,유리방"", 676, 51, 258], [""에손될수있으취급시주의하"", 701, 52, 258], [""신기바랍니다."", 724, 48, 256], [""소비자중심"", 788, 48, 261], [""안전관리인"", 771, 25, 369], [""HACCP"", 789, 32, 367], [""영양정보"", 944, 36, 245], [""235"", 946, 29, 338]]"
000223,2026,08,13,2026-08-13,s1,A1 | 연겨자 | 2026.08.138,"[[""A1"", 247, 129, 610], [""연겨자"", 437, 62, 251], [""2026.08.138"", 520, 45, 218]]"
000224,2026,06,15,2026-06-15,s1,"E量4570mg | 27.9. | 0% | 지방0-g | 지방0g | 박종추장품 스테롤 | 5,00 단백질 时全人240g | 색다류 8~801003""001724 80 | 소비기한 | 2026.06.15A","[[""E量4570mg"", 22, 44, 270], [""27.9."", 44, 23, 316], [""0%"", 98, 26, 394], [""지방0-g"", 126, 32, 297], [""지방0g"", 158, 36, 283], [""박종추장품"", 178, 27, 31], [""스테롤"", 191, 36, 269], [""5,00"", 226, 54, 8], [""단백질"", 225, 38, 250], [""时全人240g"", 232, 44, 556], [""80"", 298, 63, 617], [""8~801003\""001724"", 385, 181, 368], [""색다류"", 321, 22, 258], [""소비기한"", 518, 29, 257], [""2026.06.15A"", 536, 34, 302]]"
000225,2026,04,06,2026-04-06,s1,리르기유발물질 따두치 청정원 | (주)태경식품 충북 제조 | 至120.6嗒 대상(주)서울특별시종 교환장소및구가 반품및 2 클래식 | 없으므로 안심하고흔들어서 사용하시면 됩니 몬카초소스 | 영양정보 총 내용량29 | 100g850 ka 과통스과 페간매출의 품 부한 및 | 220m15%量103 | 콜레스테롤0mg 0% 단백질 3g5% | 00 | 개인의 필요 열량에 따라 다를 수 있습니다. | 지사진 | 2026.04.06 | 13kcal 14:09,"[[""리르기유발물질 따두치"", 176, 34, 392], [""청정원"", 174, 38, 593], [""클래식"", 226, 56, 537], [""(주)태경식품 충북 제조"", 214, 30, 302], [""반품및 2"", 231, 32, 427], [""대상(주)서울특별시종"", 234, 34, 303], [""교환장소및구가"", 248, 29, 429], [""至120.6嗒"", 253, 30, 306], [""몬카초소스"", 272, 53, 536], [""없으므로 안심하고흔들어서 사용하시면 됩니"", 287, 39, 301], [""총 내용량29"", 308, 26, 440], [""과통스과 페간매출의 품 부한 및"", 317, 41, 538], [""영양정보"", 328, 51, 279], [""100g850 ka"", 328, 24, 438], [""220m15%量103"", 354, 54, 280], [""단백질 3g5%"", 386, 28, 428], [""콜레스테롤0mg 0%"", 401, 35, 290], [""00"", 414, 51, 290], [""개인의 필요 열량에 따라 다를 수 있습니다."", 432, 46, 293], [""지사진"", 460, 22, 251], [""2026.04.06"", 482, 40, 328], [""13kcal"", 514, 33, 244], [""14:09"", 505, 32, 357]]"
000226,2027,03,15,2027-03-15,s1,"27M50 2개.5 50 2개5 | 1자지 | 27.03.15 19:23지 | 맛 고기 요리는 미림 3큰술로 고기를 부드럽게! | 갈비,불고기 맛줄","[[""27M50"", 40, 71, 14], [""2개.5"", 28, 57, 217], [""50"", 40, 71, 512], [""2개5"", 36, 69, 597], [""1자지"", 146, 21, 528], [""27.03.15 19:23지"", 548, 51, 285], [""맛"", 886, 122, 197], [""고기 요리는 미림 3큰술로"", 886, 33, 340], [""고기를 부드럽게!"", 911, 30, 365], [""맛줄"", 927, 61, 510], [""갈비,불고기"", 945, 30, 424]]"
000227,2028,09,17,2028-09-17,s1,"영양정보 100m812kcal 48900m | 사과농축액에 중국산발 | 제센식 | 14% | 틸렌테레프탈레이트, | 틸렌 | 2 | 회사 오뚜기 | 광여시울주군삼남을 반구내 | 음성군대소면대품신단로18 | 따라 피해 보상 | Oktchen | 하고 뚜껑을달아 살은 보과 오두기 식초를볶유한 대양한 | 길수있으나원료유래일 시재를강색세보세오. 개봉시,등근고리에 손가락을 까워 | 락을끼워아래로떼에사용 오기천신w,odchen.c.k) 아래로페어낸후사용하십시오 | 招营：080-024-231（个风导 | 2028.09. 17.F | 14:45 | VDA4 | 연출이지 | 800ml/40 | 농축액2","[[""48900m"", 36, 37, 317], [""영양정보"", 72, 80, 114], [""100m812kcal"", 62, 43, 304], [""사과농축액에 중국산발"", 148, 34, 0], [""제센식"", 174, 28, 0], [""14%"", 198, 27, 0], [""틸렌테레프탈레이트,"", 242, 34, 0], [""틸렌"", 266, 30, 0], [""2"", 288, 45, 0], [""회사 오뚜기"", 319, 36, 0], [""광여시울주군삼남을 반구내"", 334, 59, 0], [""음성군대소면대품신단로18"", 355, 60, 0], [""Oktchen"", 376, 39, 179], [""따라 피해 보상"", 386, 41, 0], [""오두기 식초를볶유한 대양한"", 399, 28, 176], [""시재를강색세보세오."", 413, 24, 185], [""개봉시,등근고리에 손가락을 까워"", 398, 57, 285], [""하고 뚜껑을달아 살은 보과"", 422, 64, 0], [""오기천신w,odchen.c.k)"", 436, 32, 182], [""아래로페어낸후사용하십시오"", 422, 55, 293], [""길수있으나원료유래일"", 442, 62, 0], [""락을끼워아래로떼에사용"", 460, 63, 0], [""招营：080-024-231（个风导"", 478, 74, 0], [""2028.09. 17.F"", 489, 63, 229], [""14:45"", 505, 46, 376], [""VDA4"", 544, 41, 429], [""연출이지"", 694, 57, 592], [""800ml/40"", 738, 86, 587], [""농축액2"", 774, 63, 616]]"
000228,2025,10,20,2025-10-20,s1,2025.10.20 | 皖B:54 | 수기준1급 | 양성내점 00% | 100%g,"[[""2025.10.20"", 462, 45, 281], [""皖B:54"", 500, 52, 317], [""수기준1급"", 711, 36, 251], [""양성내점"", 760, 55, 251], [""00%"", 774, 27, 621], [""100%g"", 906, 50, 11]]"
000229,2025,10,28,2025-10-28,s1,02ZAKELLA | 0% m | Deomack | Fresh 2025.10.28까지 | M2ZAKELLA | 100% Mini | (원료 원유 기준) | milky Hww | 1256 이0 BEHE K | 조리예,"[[""02ZAKELLA"", 263, 65, 92], [""m"", 303, 36, 232], [""0%"", 308, 36, 141], [""Deomack"", 442, 53, 213], [""2025.10.28까지"", 464, 48, 230], [""Fresh"", 499, 88, 43], [""M2ZAKELLA"", 582, 197, 5], [""Mini"", 635, 59, 508], [""100%"", 674, 123, 193], [""(원료 원유 기준)"", 738, 41, 235], [""milky Hww"", 816, 101, 73], [""이0"", 885, 37, 231], [""K"", 891, 46, 323], [""1256"", 918, 79, 86], [""BEHE"", 910, 41, 234], [""조리예"", 917, 38, 452]]"
000230,2026,03,28,2026-03-28,s1,DRE | PHILADE | 필라렐피아크림 | 6.980 100833991 필라렐피아크림치즈19 | 5.45 | 한없면에표시된 기일까지 영양정보 | 에서 15초 이상 살균 | 롯로커스트콩검우유 함유 23g43%12 | 시고드셔도괜찮습니다. 95mg32%50% 우식 | 일 내드시기 바랍니다. 따라다를수있습니다 35 | EXP 2026-03-28T901,"[[""DRE"", 26, 24, 419], [""PHILADE"", 103, 50, 614], [""필라렐피아크림"", 164, 26, 640], [""6.980"", 271, 60, 49], [""필라렐피아크림치즈19"", 286, 67, 448], [""100833991"", 294, 31, 451], [""5.45"", 368, 73, 599], [""한없면에표시된 기일까지"", 439, 48, 113], [""영양정보"", 439, 47, 320], [""에서 15초 이상 살균"", 470, 36, 119], [""롯로커스트콩검우유 함유"", 501, 32, 121], [""23g43%12"", 502, 46, 326], [""시고드셔도괜찮습니다."", 533, 32, 127], [""95mg32%50%"", 530, 45, 326], [""일 내드시기 바랍니다."", 563, 36, 132], [""우식"", 551, 27, 585], [""35"", 579, 56, 563], [""따라다를수있습니다"", 572, 29, 327], [""EXP 2026-03-28T901"", 594, 57, 245]]"
000231,2028,05,27,2028-05-27,s1,Pert 56 | 제조번호: | 255284 | 지용기한 | 20280527 | 까지 까지 | 20BL,"[[""Pert 56"", 112, 37, 539], [""제조번호:"", 558, 23, 215], [""255284"", 574, 33, 290], [""지용기한"", 597, 24, 213], [""20280527"", 616, 33, 288], [""까지"", 638, 26, 146], [""까지"", 636, 23, 542], [""20BL"", 706, 79, 271]]"
000232,NONE,NONE,NONE,NONE,fail,"INAGOS | 15,맛지g 15.980 1통,맛게 | 메디켈허브 사용기한및제조재(P,P2):- 제조번호:튜브상단에별도표기 15,맛g 15.930 | 1% 1% | JV1OL TV1O 15.986 | (d | 사용기한및제조재P1,P2): 사용기한및제조자(P1,P2): 사용기한및제조재P,P2): 제조번호:류브 상단에별도 표기 제조번호:튜브상단에별도포기 제조번호:튜브상단에별도표기 : : 2(배 (< 피우루류기 | TOTAL TOTAL TOTAL TOTAL TOTAL TOTAL TOTAL TOTAL | 2 SODYNE 내9주지 메디캘허보 메디캘허브 메디캘허브 메디컬허브 메디캘허브 + T 7 7 7 7 | 04/소 | 제조번호:튜브 상단에별도 표기. | 사용기한및제조자(P,P2): | TOTAL TOTAL P2 TOTAL TOTAL | 7 | 메디켈허브 메디캘허브","[[""15.980"", 98, 46, 374], [""사용기한및제조재P1,P2):"", 516, 25, 139], [""TOTAL"", 545, 32, 0], [""TOTAL"", 549, 30, 344], [""2"", 612, 86, 7], [""7"", 617, 108, 344], [""메디캘허브"", 630, 42, 175], [""1%"", 314, 13, 95], [""제조번호:튜브상단에별도표기"", 496, 19, 146], [""제조번호:튜브상단에별도포기"", 496, 25, 144], [""사용기한및제조자(P1,P2):"", 513, 27, 141], [""TOTAL"", 545, 32, 0], [""TOTAL"", 552, 42, 341], [""7"", 618, 147, 334], [""+"", 584, 49, 232], [""메디컬허브"", 630, 48, 171], [""INAGOS"", 68, 56, 848], [""사용기한및제조재(P,P2):-"", 221, 154, 431], [""제조번호:튜브상단에별도표기"", 225, 160, 452], [""메디켈허브"", 254, 159, 305], [""15.986"", 417, 88, 838], [""피우루류기"", 466, 156, 609], ["":"", 495, 160, 484], [""2(배 (<"", 497, 152, 499], [""SODYNE"", 652, 71, 0], [""JV1OL"", 412, 27, 302], [""TV1O"", 416, 27, 656], [""(d"", 445, 26, 438], ["":"", 464, 23, 416], [""04/소"", 648, 26, 572], [""15,맛지g"", 100, 49, 374], [""1%"", 314, 11, 97], [""제조번호:류브 상단에별도 표기"", 496, 21, 147], [""사용기한및제조재P,P2):"", 514, 23, 143], [""TOTAL"", 544, 31, 0], [""TOTAL"", 549, 30, 343], [""메디캘허브"", 629, 44, 174], [""15,맛g"", 197, 96, 752], [""TOTAL"", 1089, 64, 0], [""P2 TOTAL"", 1092, 76, 540], [""메디캘허브"", 1260, 80, 355], [""15.930"", 196, 83, 754], [""내9주지"", 624, 56, 179], [""제조번호:튜브 상단에별도 표기."", 992, 34, 295], [""사용기한및제조자(P,P2):"", 1030, 40, 280], [""TOTAL"", 1090, 59, 0], [""TOTAL"", 1097, 48, 657], [""7"", 1199, 50, 38], [""메디켈허브"", 1261, 76, 356], [""T"", 586, 20, 243], [""메디캘허보"", 630, 42, 174], [""7"", 614, 121, 340], [""1통,맛게"", 97, 46, 374], [""TOTAL"", 544, 27, 0], [""TOTAL"", 548, 29, 344], [""메디캘허브"", 630, 42, 175], [""7"", 616, 112, 343]]"
000233,2028,01,13,2028-01-13,det5,시과대학평가완료 외품 PERIOE | 살라아의깨한눈을닭은 간편하게 | 청정 | 6 PET | 정대:PP | 재활용어러용 | P2 B5D | 20280113,"[[""시과대학평가완료"", 29, 28, 232], [""외품"", 30, 25, 415], [""PERIOE"", 42, 43, 446], [""청정"", 63, 16, 191], [""살라아의깨한눈을닭은"", 52, 32, 224], [""간편하게"", 66, 14, 329], [""6"", 100, 11, 357], [""PET"", 109, 23, 402], [""정대:PP"", 147, 16, 405], [""재활용어러용"", 159, 17, 395], [""P2 B5D"", 506, 26, 283], [""20280113"", 524, 29, 283]]"
000234,2026,10,27,2026-10-27,s1,Dove DOV | Dove | 037 090525 21:26 | R3 EXP261027 | 도브 스칼프너리싱 삼푸 | 너리싱삼푸를 만나보세요. | √약해진 모발과 큐티클길에 | 단백질&영양공급,"[[""Dove"", 66, 59, 391], [""Dove"", 100, 55, 90], [""DOV"", 87, 44, 645], [""037 090525 21:26"", 520, 36, 322], [""R3 EXP261027"", 544, 35, 328], [""도브 스칼프너리싱 삼푸"", 656, 47, 303], [""너리싱삼푸를 만나보세요."", 746, 58, 257], [""√약해진 모발과 큐티클길에"", 848, 41, 303], [""단백질&영양공급"", 873, 36, 334]]"
000235,2026,03,08,2026-03-08,s1,"더한 | 타소스 | 은 편안하게 하고 싶은 | 경험을 제공합니다. | 2026.03.08L | 의 재료를 넣어 드시면 더 맛있습니다. | 소비기한 후면 상단표시일까지 | (보존료) 우유,대두,밀,닭고기 함유 | 품토보고번호 200004430423230","[[""더한"", 108, 35, 0], [""타소스"", 170, 77, 0], [""은 편안하게 하고 싶은"", 238, 37, 0], [""경험을 제공합니다."", 268, 37, 1], [""2026.03.08L"", 362, 66, 162], [""의 재료를 넣어 드시면 더 맛있습니다."", 569, 43, 0], [""소비기한 후면 상단표시일까지"", 626, 56, 67], [""(보존료)"", 909, 41, 6], [""우유,대두,밀,닭고기 함유"", 904, 50, 240], [""품토보고번호"", 946, 25, 68], [""200004430423230"", 944, 29, 273]]"
000236,2026,04,08,2026-04-08,s1,가급적한번에사용하세요. | 영양정보 총나 | L三号830mg42% 탄수화물8g2% | 14g26%0.5g | 引人印量45mg15% 단백질3g5% | 2026.04.08（B） | 15:45:09 | www.fontanastyle.com 비닐류 | 0808728888 OTHER 8,"[[""가급적한번에사용하세요."", 151, 52, 135], [""영양정보"", 258, 64, 138], [""총나"", 262, 43, 664], [""L三号830mg42%"", 303, 48, 144], [""탄수화물8g2%"", 304, 44, 468], [""14g26%0.5g"", 344, 55, 144], [""引人印量45mg15%"", 383, 46, 148], [""단백질3g5%"", 386, 48, 487], [""2026.04.08（B）"", 491, 48, 182], [""15:45:09"", 524, 38, 234], [""www.fontanastyle.com"", 563, 43, 189], [""비닐류"", 561, 36, 548], [""0808728888"", 606, 41, 190], [""8"", 610, 45, 646], [""OTHER"", 624, 40, 521]]"
000237,2026,06,05,2026-06-05,s2,"201 | *본 제품은 소비자 분쟁해결 기준에 의거 교환 또는 보상 가능*메밀, | 토마토,아황산류,호두,오징어,조개류,잣 혼입 가능*부정·불량 | *직사광선을 피해 실온에 보관하시고 개봉 후에는 냉장 보관하여도 | 한번에 사용하세요 | 영양정보 총내 | LI三号700mg35% 10g3% | 20g37% 트랜스지방 0.6g | 量55mg18% 단백질2g4% | 2026.06.05（月2 | 09:44:11 | www.fontanastyle.com 비닐류 | 080872-8888 8 | OTHER","[[""201"", 12, 26, 74], [""한번에 사용하세요"", 194, 53, 91], [""총내"", 290, 47, 650], [""영양정보"", 310, 73, 99], [""10g3%"", 344, 45, 446], [""LI三号700mg35%"", 354, 53, 110], [""트랜스지방 0.6g"", 389, 40, 385], [""20g37%"", 400, 45, 114], [""단백질2g4%"", 432, 42, 467], [""量55mg18%"", 440, 45, 117], [""09:44:11"", 590, 32, 142], [""비닐류"", 615, 42, 550], [""www.fontanastyle.com"", 628, 37, 169], [""080872-8888"", 672, 45, 170], [""8"", 658, 25, 663], [""OTHER"", 682, 30, 531], [""*본 제품은 소비자 분쟁해결 기준에 의거 교환 또는 보상 가능*메밀,"", 41, 78, 83], [""토마토,아황산류,호두,오징어,조개류,잣 혼입 가능*부정·불량"", 88, 75, 85], [""*직사광선을 피해 실온에 보관하시고 개봉 후에는 냉장 보관하여도"", 136, 74, 89], [""2026.06.05（月2"", 554, 41, 93]]"
000238,2026,09,10,2026-09-10,s1,제조 2025.09.11 | 일자 | 2026.09.10B3,"[[""제조"", 371, 64, 75], [""일자"", 411, 66, 64], [""2025.09.11"", 456, 133, 250], [""2026.09.10B3"", 591, 162, 209]]"
000239,2026,07,10,2026-07-10,s1,"(토마토70g 기준) 라이코렌 함유 싱성한 토미토 원료 | 제품명 진한토마토케칩 | 19950449002363 | 원재료명 정제수,토마토페이스트(중국산),물엿,기타과당, | 설탕,발효식초,캐찹베이스(정제소금(국산),캐찹스파이스 | 믹스(계피분말:베트남산),변성전분 | 알레르기 유발물질토마토,대두 함유 | 내포장재질|용기/리드지-폴리에틸렌,캡-폴리프로필렌 도이도도세로SOL08 | (국,홍합 포함)성분 혼입 기능·반품 및 교환장소:고객상담실 | 및구입처·본 제품은 소비자기본법에 의거 교환 또는 보상 | 소비기한: 00 | 2026.07.10B | 까지 | 139 | 영양정보 8300g/100120 | 恒三号910mg46%全号26g8%异22g22%不07 | 0000%量0g0%","[[""(토마토70g 기준)"", 20, 27, 312], [""라이코렌 함유 싱성한 토미토 원료"", 15, 30, 389], [""제품명 진한토마토케칩"", 118, 38, 354], [""19950449002363"", 153, 41, 256], [""원재료명 정제수,토마토페이스트(중국산),물엿,기타과당,"", 191, 44, 202], [""설탕,발효식초,캐찹베이스(정제소금(국산),캐찹스파이스"", 224, 42, 173], [""믹스(계피분말:베트남산),변성전분"", 256, 39, 153], [""알레르기 유발물질토마토,대두 함유"", 291, 48, 145], [""도이도도세로SOL08"", 405, 220, 627], [""내포장재질|용기/리드지-폴리에틸렌,캡-폴리프로필렌"", 328, 37, 130], [""(국,홍합 포함)성분 혼입 기능·반품 및 교환장소:고객상담실"", 469, 53, 129], [""및구입처·본 제품은 소비자기본법에 의거 교환 또는 보상"", 498, 47, 134], [""소비기한:"", 533, 36, 155], [""00"", 530, 25, 631], [""2026.07.10B"", 562, 43, 288], [""까지"", 594, 35, 556], [""139"", 634, 35, 278], [""영양정보"", 724, 69, 148], [""8300g/100120"", 726, 35, 434], [""恒三号910mg46%全号26g8%异22g22%不07"", 759, 44, 164], [""0000%量0g0%"", 793, 50, 162]]"
000240,2027,05,20,2027-05-20,s1,소비자중심) | 139 | 영양정보 /2 500g/10025kcal | 0mg0%号72g22%2g2% | 61g5gog0%0g | 0g0%0mg0%0g0% | 개인의 필요 열량에 따라 다를 수 있습니다. | 2027.05.20 F1 | 까지 | F12408 | 캡LD마E(실리콘라렐(위 | 8801052120188 wwwdaesang.com/ | 8019-919 )wwjngoneshp.com | 청청에코탭,"[[""소비자중심)"", 236, 32, 548], [""139"", 339, 34, 293], [""영양정보"", 377, 34, 292], [""/2"", 375, 26, 357], [""500g/10025kcal"", 375, 32, 400], [""0mg0%号72g22%2g2%"", 408, 34, 295], [""61g5gog0%0g"", 442, 29, 296], [""0g0%0mg0%0g0%"", 476, 33, 295], [""개인의 필요 열량에 따라 다를 수 있습니다."", 522, 27, 290], [""2027.05.20 F1"", 597, 50, 293], [""까지"", 624, 39, 573], [""F12408"", 678, 53, 288], [""캡LD마E(실리콘라렐(위"", 749, 30, 524], [""8801052120188"", 768, 25, 311], [""wwwdaesang.com/"", 776, 21, 522], [""8019-919"", 796, 22, 334], ["")wwjngoneshp.com"", 796, 22, 486], [""청청에코탭"", 830, 27, 416]]"
000241,2027,08,10,2027-08-10,s1,"이래로떼어낸후사용하십시오 | 유형 물엿 1920253681 | 원료명 아,러시아 등) 100% | 소비기한 하단표시일까지 | 포장재질 푸껑:폴리에틸렌,용가-폴리에틸렌테레프틸레이트 | 0% 주식회사오뚜기 | 제조원 149 | ·소비자기본법에따라 햇볶상부정불량식품실고는3 | 곳에 보관하십시오·사용 후 뚜껑을 꼭 닫아 보관하십시호 | 080024-231 | 2027.08.10.F2 16:05","[[""이래로떼어낸후사용하십시오"", 28, 37, 346], [""물엿"", 102, 36, 292], [""1920253681"", 105, 58, 433], [""유형"", 108, 35, 240], [""100%"", 137, 72, 285], [""원료명"", 158, 37, 232], [""아,러시아 등)"", 168, 40, 289], [""소비기한"", 212, 37, 224], [""하단표시일까지"", 206, 39, 288], [""푸껑:폴리에틸렌,용가-폴리에틸렌테레프틸레이트"", 246, 63, 282], [""포장재질"", 248, 39, 223], [""0%"", 278, 23, 302], [""주식회사오뚜기"", 275, 36, 310], [""제조원"", 299, 40, 229], [""149"", 312, 39, 295], [""·소비자기본법에따라 햇볶상부정불량식품실고는3"", 351, 58, 224], [""곳에 보관하십시오·사용 후 뚜껑을 꼭 닫아 보관하십시호"", 412, 40, 226], [""080024-231"", 454, 42, 274], [""2027.08.10.F2 16:05"", 586, 54, 272]]"
000242,2026,05,21,2026-05-21,s1,식품안전관리인증 HACCP 마크란? | 格46g/206kcal HACCP 식약처에서 위생적이고 안전하다고 | 1일영양성분 기준치에 인증한 식품에만 표기하는 마크입니다 | 총 내용량 당 대한비율 소비기한 | 방 6g11% 2025.09.22/15:10 부터 | 트랜스지방0g | 3.523% 2026.05.21 까지 | 백질 4g 7% | 量(%)22.000kcal | 라 다를 수있습니다,"[[""格46g/206kcal"", 369, 48, 0], [""식품안전관리인증"", 370, 33, 333], [""HACCP 마크란?"", 386, 55, 422], [""1일영양성분 기준치에"", 404, 47, 6], [""HACCP"", 390, 35, 331], [""식약처에서 위생적이고 안전하다고"", 421, 44, 419], [""총 내용량 당"", 440, 42, 0], [""대한비율"", 433, 36, 106], [""소비기한"", 446, 60, 208], [""인증한 식품에만 표기하는 마크입니다"", 444, 42, 416], [""방"", 470, 27, 0], [""6g11%"", 482, 39, 76], [""트랜스지방0g"", 504, 42, 0], [""2025.09.22/15:10"", 526, 62, 278], [""3.523%"", 537, 50, 0], [""부터"", 542, 60, 538], [""백질"", 558, 37, 0], [""2026.05.21"", 562, 53, 274], [""4g 7%"", 572, 41, 68], [""量(%)22.000kcal"", 598, 41, 0], [""까지"", 606, 57, 532], [""라 다를 수있습니다"", 620, 43, 0]]"
000243,2026,08,17,2026-08-17,s1,5.5gx47Hg) | 185kcal | 异1.4g1% | 3g22% 2026.08.17 D3 | 로 개인의 필요,"[[""5.5gx47Hg)"", 367, 80, 0], [""185kcal"", 407, 77, 0], [""异1.4g1%"", 454, 73, 0], [""3g22%"", 500, 68, 0], [""2026.08.17 D3"", 560, 123, 230], [""로 개인의 필요"", 599, 62, 0]]"
000244,2026,06,21,2026-06-21,s1,2025.08.22/00132 부터 | 2026.06.21 까지,"[[""2025.08.22/00132"", 531, 82, 284], [""2026.06.21"", 568, 67, 278], [""부터"", 578, 45, 639], [""까지"", 626, 42, 630]]"
000245,2026,02,24,2026-02-24,s1,"% | 이9 | 1% | 28% | 의치2 이미예 | 소비기한 | 부터 | 후면표기일까지 25.09.25 21:58 | 26.02.24/R | 11 까지 | 유지,변성전분, | 산,치종유호 | 베트남산,말레 | 식품인안전관리인증 | 닭고기 함유 SMART HACCP | 87005149 식품의약품안전처 OTHER | 제품본연의가치를늘여 나가겠습니다 | 어,새우,게, | 보존을위해","[[""%"", 134, 43, 1], [""이9"", 170, 51, 0], [""1%"", 207, 46, 0], [""28%"", 240, 45, 0], [""의치2"", 352, 122, 0], [""이미예"", 348, 44, 113], [""소비기한"", 427, 48, 214], [""부터"", 526, 52, 615], [""후면표기일까지"", 550, 41, 1], [""25.09.25 21:58"", 548, 50, 255], [""26.02.24/R"", 600, 46, 252], [""11"", 617, 34, 4], [""유지,변성전분,"", 660, 57, 0], [""까지"", 648, 49, 606], [""산,치종유호"", 699, 49, 0], [""베트남산,말레"", 740, 54, 0], [""닭고기 함유"", 821, 59, 0], [""SMART"", 817, 48, 261], [""식품인안전관리인증"", 798, 31, 404], [""HACCP"", 822, 37, 401], [""87005149"", 861, 54, 0], [""OTHER"", 856, 45, 509], [""식품의약품안전처"", 863, 29, 407], [""어,새우,게,"", 904, 63, 0], [""제품본연의가치를늘여 나가겠습니다"", 892, 25, 231], [""보존을위해"", 939, 45, 0]]"
000246,2026,02,04,2026-02-04,s1,"이탈리아쉐프 | 마리오 파타타 | ROFILE | 이탈리아어로'감자'를뚜하는 | 파타타쉐프의 대표 요리는 | 강자그라팅양념바베큐,어니언 | 좋이있습니다. | 25.09.05 부터 | 26.02.04 | 05:40A01F4 까지 | 식품인전관리인럼 | HACCP | OTHER 801117175280","[[""이탈리아쉐프"", 191, 36, 346], [""마리오 파타타"", 220, 48, 319], [""ROFILE"", 306, 53, 335], [""이탈리아어로'감자'를뚜하는"", 370, 80, 242], [""파타타쉐프의 대표 요리는"", 408, 79, 240], [""강자그라팅양념바베큐,어니언"", 448, 104, 192], [""좋이있습니다."", 478, 64, 225], [""25.09.05"", 576, 67, 289], [""26.02.04"", 610, 63, 285], [""부터"", 624, 57, 503], [""05:40A01F4"", 644, 66, 278], [""까지"", 671, 55, 495], [""식품인전관리인럼"", 730, 33, 172], [""OTHER"", 764, 57, 69], [""HACCP"", 747, 37, 167], [""801117175280"", 823, 54, 308]]"
000247,2026,05,20,2026-05-20,s1,BBD:20/05/2026YVT 05 | ABD19:25,"[[""BBD:20/05/2026YVT 05"", 499, 78, 200], [""ABD19:25"", 537, 54, 273]]"
000248,2026,04,21,2026-04-21,s1,"하십시오.개용 | 옥수수의 일부분으로 안심하고 드서도 됩니다 | ·소비자기본법에 의거 교환,환불해 드립니다. | 1399 | ·반품:본사및 구입한 곳. | ·신선도 유지를 위해 질소충전포장을 | 하였습니다. OTHER | 1801043036672 | 시킨후 2026.04.21外 | 다 | 영양정보 총내용량83g 420kcal | 620mg31%量55g17% | 3.3g3%20g37% | 量0mg0%5.0g9% | 2.000kcal | ·본사:서울 습니다.","[[""하십시오.개용"", 19, 42, 120], [""옥수수의 일부분으로 안심하고 드서도 됩니다"", 61, 100, 123], [""·소비자기본법에 의거 교환,환불해 드립니다."", 95, 93, 125], [""1399"", 132, 93, 130], [""·반품:본사및 구입한 곳."", 174, 73, 134], [""·신선도 유지를 위해 질소충전포장을"", 202, 83, 138], [""OTHER"", 209, 32, 507], [""하였습니다."", 250, 52, 148], [""1801043036672"", 400, 61, 249], [""2026.04.21外"", 490, 66, 279], [""시킨후"", 544, 45, 0], [""다"", 582, 25, 1], [""총내용량83g"", 650, 54, 491], [""영양정보"", 700, 107, 189], [""420kcal"", 684, 50, 525], [""620mg31%量55g17%"", 740, 93, 208], [""3.3g3%20g37%"", 784, 63, 221], [""量0mg0%5.0g9%"", 853, 68, 237], [""2.000kcal"", 881, 40, 566], [""습니다."", 910, 42, 580], [""·본사:서울"", 932, 41, 475]]"
000249,2026,02,16,2026-02-16,s1,"2시신맛 | 센),볶음참까,구운천일영 | 류토마토,쇠고기,닭고기, | 유함유 | 장재질 폴리에틸렌 | 2018060302219 | 달갈,우유,땅콩,호두,복숭아,되 | 고기,오징어,게,고등어,조개루 | (국,홈합)혼입가능 | CILIWD 오리온냉을 인터넷에서 만나 | htp://www.orionworld.com | 2025.09.17 | 2026.02.16 부터 | 기한 | 07:36A01 까지","[[""2시신맛"", 12, 24, 493], [""센),볶음참까,구운천일영"", 99, 62, 251], [""류토마토,쇠고기,닭고기,"", 146, 61, 239], [""유함유"", 186, 52, 228], [""폴리에틸렌"", 224, 40, 263], [""장재질"", 230, 45, 221], [""2018060302219"", 270, 53, 210], [""달갈,우유,땅콩,호두,복숭아,되"", 345, 58, 204], [""고기,오징어,게,고등어,조개루"", 386, 63, 193], [""(국,홈합)혼입가능"", 424, 47, 183], [""오리온냉을 인터넷에서 만나"", 492, 53, 220], [""CILIWD"", 496, 24, 183], [""htp://www.orionworld.com"", 526, 50, 231], [""2025.09.17"", 611, 66, 226], [""2026.02.16"", 655, 65, 217], [""부터"", 652, 52, 560], [""기한"", 666, 51, 133], [""07:36A01"", 696, 64, 214], [""까지"", 706, 52, 551]]"
000250,2026,03,04,2026-03-04,s1,"씨눈(검정) 일부 제품표면의반점은 | 껌질(갈색) ""옥수수 씨는 또는 껌질이오니 | 안심하고 드시기 바랍니다 | 영양정보 총내용량70g | 377/kcal | 号370mg19%午量44g14% | 含号2g2% 21g39% | 트랜스지방09 | 含73.5mg11% | 25.09.0514:11 | 부터 | 26.03.04 B6 까 | 맛있는","[[""씨눈(검정)"", 70, 33, 267], [""일부 제품표면의반점은"", 71, 40, 480], [""껌질(갈색)"", 107, 34, 207], [""\""옥수수 씨는 또는 껌질이오니"", 107, 53, 401], [""안심하고 드시기 바랍니다"", 140, 40, 462], [""총내용량70g"", 254, 40, 514], [""영양정보"", 284, 55, 206], [""377/kcal"", 288, 31, 581], [""号370mg19%午量44g14%"", 330, 58, 203], [""含号2g2%"", 370, 35, 207], [""21g39%"", 361, 42, 439], [""트랜스지방09"", 405, 32, 210], [""含73.5mg11%"", 474, 37, 212], [""25.09.0514:11"", 681, 50, 326], [""부터"", 698, 36, 681], [""26.03.04 B6"", 736, 48, 330], [""까"", 736, 29, 692], [""맛있는"", 778, 45, 648]]"
000251,2026,02,24,2026-02-24,s1,실종예방에 대해 | 더배워보아요! | 2 | 25.08.2517:16 | 26.02.24 A2 | 자료 | 제공 | 아동관리보장원 제보처,"[[""실종예방에 대해"", 152, 129, 56], [""2"", 242, 59, 488], [""더배워보아요!"", 204, 125, 58], [""25.08.2517:16"", 624, 78, 228], [""26.02.24 A2"", 679, 72, 239], [""자료"", 779, 22, 156], [""제공"", 794, 25, 159], [""제보처"", 782, 23, 531], [""아동관리보장원"", 790, 45, 332]]"
000252,2026,07,09,2026-07-09,s1,소비기한 | 2026.07.09 | 2026.07.09,"[[""소비기한"", 418, 60, 190], [""2026.07.09"", 532, 88, 278], [""2026.07.09"", 621, 97, 301]]"
000253,2026,06,20,2026-06-20,s1,영양정보 65g | IE号510mg kcal | 量41.6 26% | 당류 4g | 지방15g 28% | 트랜스지방 0g | 포화지방 6 9 40% | 콜레스테롤 5mg미단 1% | 습니다. 단백질5.6g 10% | 전관리인증 2000kcal | HACCP 개인의 필요 열량에 따라 를 수 있습니다 | 2026.06.20 | 11:27B,"[[""65g"", 12, 22, 362], [""영양정보"", 31, 69, 111], [""kcal"", 36, 30, 356], [""26%"", 74, 39, 369], [""IE号510mg"", 76, 87, 124], [""量41.6"", 124, 86, 130], [""당류 4g"", 176, 69, 159], [""28%"", 184, 46, 436], [""지방15g"", 226, 71, 149], [""0g"", 251, 42, 317], [""트랜스지방"", 267, 64, 182], [""40%"", 273, 34, 472], [""6"", 303, 24, 305], [""9"", 300, 25, 328], [""포화지방"", 318, 61, 188], [""1%"", 316, 41, 487], [""5mg미단"", 340, 63, 309], [""10%"", 362, 41, 489], [""콜레스테롤"", 367, 84, 164], [""단백질5.6g"", 410, 71, 180], [""습니다."", 440, 51, 0], [""를 수 있습니다"", 424, 44, 470], [""2000kcal"", 431, 108, 188], [""개인의 필요 열량에 따라"", 452, 65, 278], [""전관리인증"", 504, 30, 0], [""HACCP"", 520, 40, 0], [""2026.06.20"", 524, 83, 287], [""11:27B"", 564, 50, 361]]"
000254,2026,08,12,2026-08-12,s1,트65mg | 탄수화물49g | 림 당류36g | 지방0.6g | 트랜스지방0g | 포화지방0g | 콜레스테롤0mg | 단백질28 | ·제품내부에수분이 많고 부드러워 고온에 약 | 이하에 보관해주시고 허절기전면 직사광선을피 | 먹어리나검은 점이 보일 수 있으나인체에 무해합니나 | 소비 25.08.13/14:45 부터 | 기한 26.08.12. 2 (F2) 까지 | OTHER,"[[""트65mg"", 31, 36, 253], [""탄수화물49g"", 54, 44, 212], [""림"", 72, 25, 2], [""당류36g"", 85, 42, 225], [""지방0.6g"", 116, 41, 201], [""트랜스지방0g"", 149, 46, 217], [""포화지방0g"", 178, 44, 214], [""콜레스테롤0mg"", 206, 49, 183], [""단백질28"", 232, 44, 178], [""·제품내부에수분이 많고 부드러워 고온에 약"", 342, 71, 193], [""이하에 보관해주시고 허절기전면 직사광선을피"", 368, 77, 186], [""먹어리나검은 점이 보일 수 있으나인체에 무해합니나"", 428, 94, 175], [""소비"", 500, 37, 38], [""25.08.13/14:45"", 541, 74, 166], [""부터"", 551, 60, 529], [""기한"", 572, 55, 24], [""26.08.12. 2 (F2)"", 593, 86, 157], [""까지"", 622, 59, 519], [""OTHER"", 762, 40, 476]]"
000255,2026,08,20,2026-08-20,erode5,802259-0265011 | 26.08.20 A | 08:14 | 까지,"[[""802259-0265011"", 420, 73, 280], [""까지"", 589, 57, 553], [""26.08.20 A"", 458, 111, 245], [""08:14"", 514, 110, 236]]"
000256,2027,01,02,2027-01-02,s1,Nexweel | E080-023-3399个 | 2B ERO 글루타치온 50mg | 보존료 소비기한 | nkcan 27.01.02B科,"[[""Nexweel"", 160, 135, 155], [""E080-023-3399个"", 458, 61, 260], [""ERO"", 527, 61, 126], [""2B"", 519, 50, 0], [""글루타치온 50mg"", 517, 26, 297], [""보존료"", 563, 34, 153], [""소비기한"", 565, 34, 213], [""nkcan"", 590, 57, 140], [""27.01.02B科"", 602, 59, 240]]"
000257,2025,12,10,2025-12-10,s1,2025.1210,"[[""2025.1210"", 406, 89, 167]]"
000258,2026,05,30,2026-05-30,s1,"후광평이가발생할수 있으니반드시냉장보관하시고빨리드세요·일류(가금 | 류에한함),우유,메밀,땅콤,대두,밀,고등이,게,새우,돼지고기,복숭아,토마 | 토,아황산류,호두,닭고기,쇠고기,오징어,조개류(글,전복,홈합 포함),잣 | 성분혼입가는,용기를 가열 조리용으로사용불가·부정불량식품신고는 국번 | 안전관리인증 | ·뚜껑을 처음 열 때 빵소리'가 나야 정상입니다.·반품 및 HACCP | 교환:구입처및제조원www.daesangdives.com | 소비기한: 2026.05.30 | 11:23 까지 비르","[[""후광평이가발생할수 있으니반드시냉장보관하시고빨리드세요·일류(가금"", 242, 67, 237], [""류에한함),우유,메밀,땅콤,대두,밀,고등이,게,새우,돼지고기,복숭아,토마"", 272, 64, 235], [""토,아황산류,호두,닭고기,쇠고기,오징어,조개류(글,전복,홈합 포함),잣"", 302, 61, 234], [""성분혼입가는,용기를 가열 조리용으로사용불가·부정불량식품신고는 국번"", 330, 61, 233], [""·뚜껑을 처음 열 때 빵소리'가 나야 정상입니다.·반품 및"", 386, 49, 233], [""안전관리인증"", 381, 25, 551], [""교환:구입처및제조원www.daesangdives.com"", 416, 49, 229], [""HACCP"", 401, 32, 549], [""소비기한:"", 440, 33, 249], [""2026.05.30"", 460, 46, 318], [""11:23"", 498, 35, 369], [""까지 비르"", 506, 27, 597]]"
000259,2025,11,09,2025-11-09,s1,과일 원물이 들어 상큼달콤한! | J이 복숭아 가득 | 푸딩젤리 | Peach Pudding Jelly | 안전 | 플라스틱 | 2025.11.09 식품의약품 | OTHER | 리드:OTHER | 27%0.14% | 45kcal)/실본보관 210 | 당류 지방트랜스지방 포화지방콜레스테롤단백질 | （%2.000kcal | 에 따라 다를 수 있습니다.,"[[""J이"", 170, 127, 0], [""과일 원물이 들어 상큼달콤한!"", 179, 138, 133], [""복숭아 가득"", 232, 183, 92], [""푸딩젤리"", 292, 158, 49], [""Peach Pudding Jelly"", 338, 130, 16], [""2025.11.09"", 501, 156, 126], [""27%0.14%"", 610, 276, 0], [""45kcal)/실본보관"", 613, 150, 0], [""플라스틱"", 570, 55, 536], [""안전"", 587, 32, 681], [""OTHER"", 630, 80, 482], [""당류"", 644, 37, 46], [""리드:OTHER"", 655, 77, 475], [""지방트랜스지방 포화지방콜레스테롤단백질"", 750, 210, 130], [""식품의약품"", 668, 50, 651], [""210"", 753, 120, 404], [""（%2.000kcal"", 818, 209, 0], [""에 따라 다를 수 있습니다."", 837, 156, 0]]"
000260,2027,04,01,2027-04-01,s1,스터수지 | 글(가공소 | 로인산나 | 노신산이 8801392002663 | WB1A | 27.04.01 | 까,"[[""스터수지"", 224, 76, 0], [""글(가공소"", 278, 80, 0], [""로인산나"", 333, 84, 0], [""8801392002663"", 319, 118, 226], [""노신산이"", 392, 95, 0], [""WB1A"", 458, 88, 169], [""까"", 541, 64, 649], [""27.04.01"", 552, 152, 162]]"
000261,2026,03,07,2026-03-07,s1,소한조 | 영양정보 총내용 | 가 낮으 L三140mg 7%18g | 주십시 | 담실  탄수화물48g 15% 트랜스지방0g | 기본 법신보 당류18g 18% 포화지방69 40% | 콜레스테롤0mg | 다. 이므로 개인의 필요 열량에 따라 다를 수 있습니다. | 1 | 25.09.08 20:26 | 26.03.07 A1 | 카랑리륨,"[[""소한조"", 116, 79, 238], [""영양정보"", 262, 37, 116], [""총내용"", 266, 38, 320], [""가 낮으"", 278, 28, 0], [""주십시"", 299, 25, 1], [""L三140mg"", 298, 23, 119], [""7%18g"", 300, 37, 231], [""담실 "", 322, 33, 0], [""탄수화물48g"", 322, 24, 120], [""15%"", 321, 25, 226], [""트랜스지방0g"", 330, 32, 279], [""기본"", 340, 28, 1], [""법신보"", 358, 65, 22], [""당류18g"", 348, 25, 129], [""18%"", 347, 22, 226], [""포화지방69"", 354, 30, 278], [""40%"", 362, 23, 378], [""콜레스테롤0mg"", 373, 21, 121], [""다."", 397, 26, 0], [""이므로 개인의 필요 열량에 따라 다를 수 있습니다."", 410, 28, 118], [""1"", 471, 84, 341], [""25.09.08 20:26"", 501, 30, 198], [""26.03.07 A1"", 527, 32, 200], [""카랑리륨"", 630, 32, 75]]"
000262,2027,01,10,2027-01-10,s1,"Morburdes | 성/법! | 2027.01,10","[[""Morburdes"", 78, 30, 46], [""성/법!"", 232, 43, 462], [""2027.01,10"", 525, 24, 420]]"
000263,2028,01,22,2028-01-22,erode3,양반 방반 | NO. | 가름김 양반김 들기름김 | 재정처 | 시주의하준 | 2028.01.220xl | 2:40 29231 | 20,"[[""양반"", 20, 40, 0], [""방반"", 16, 33, 383], [""NO."", 57, 24, 263], [""양반김"", 82, 31, 260], [""재정처"", 400, 43, 134], [""시주의하준"", 427, 115, 235], [""20"", 540, 21, 472], [""가름김"", 92, 59, 0], [""들기름김"", 92, 59, 335], [""2028.01.220xl"", 474, 43, 242], [""2:40 29231"", 504, 39, 241]]"
000264,2026,06,06,2026-06-06,s1,26.06.06 7/7/ 19:37 F2B,"[[""26.06.06 7/7/ 19:37 F2B"", 682, 51, 197]]"
000265,2026,11,26,2026-11-26,s1,2026.11.26 | 청정원 | 순창 | Spicy Cocktail Sauce | 자,"[[""2026.11.26"", 560, 41, 257], [""청정원"", 707, 76, 315], [""순창"", 797, 108, 253], [""Spicy Cocktail Sauce"", 908, 41, 306], [""자"", 939, 43, 369]]"
000266,2025,12,04,2025-12-04,s1,티 | 취향저! | 이미지예 | 안전관리인증 | HACCP | 2025.12.04,"[[""티"", 124, 105, 187], [""취향저!"", 202, 31, 251], [""이미지예"", 448, 51, 554], [""안전관리인증"", 715, 32, 544], [""HACCP"", 741, 40, 541], [""2025.12.04"", 778, 57, 299]]"
000267,2026,06,02,2026-06-02,s1,26.06. 02,"[[""26.06. 02"", 406, 36, 286]]"
000268,2026,07,14,2026-07-14,s1,리츠 | ZEC 제대로만든크래퀴! | 26.07.14 01832 8,"[[""리츠"", 53, 96, 607], [""ZEC"", 425, 166, 233], [""제대로만든크래퀴!"", 485, 62, 330], [""26.07.14 01832 8"", 563, 44, 248]]"
000269,2026,05,15,2026-05-15,s1,"비기한 후면별도표기일까 | 72 |  남대문로 81(소공동) | 카라멜색소,홍국색소,고량색소,안나토 | [함올레인유(말레이시아산),해바라기유 | 페롤(혼합형)],레시틴,카로틴 | 대두 함유 | 호 20100461303356 | 1139 | 아손상 우려가 있으므로 주의 바랍니다. | 1일 영양성 | 치에 대한 비톨 안전관리인증 2026.05.15 | 78% HACCP | OTHER 02:41 | 107% | 13% | 필요열량에 따라 | 88090275504111","[[""비기한"", 19, 38, 0], [""후면별도표기일까"", 14, 32, 70], [""72"", 46, 45, 0], ["" 남대문로 81(소공동)"", 77, 45, 0], [""카라멜색소,홍국색소,고량색소,안나토"", 112, 49, 0], [""[함올레인유(말레이시아산),해바라기유"", 146, 49, 1], [""페롤(혼합형)],레시틴,카로틴"", 182, 41, 1], [""대두 함유"", 238, 37, 248], [""호"", 287, 20, 8], [""20100461303356"", 283, 34, 39], [""1139"", 355, 38, 0], [""아손상 우려가 있으므로 주의 바랍니다."", 383, 36, 26], [""1일 영양성"", 523, 24, 5], [""치에 대한 비톨"", 544, 28, 0], [""안전관리인증"", 536, 23, 261], [""HACCP"", 558, 27, 262], [""2026.05.15"", 549, 38, 403], [""78%"", 572, 34, 29], [""02:41"", 589, 41, 404], [""OTHER"", 605, 30, 154], [""107%"", 644, 34, 20], [""13%"", 682, 35, 37], [""필요열량에 따라"", 713, 32, 0], [""88090275504111"", 742, 34, 133]]"
000270,2026,09,03,2026-09-03,s1,"RE:EARTH분리배출캠페인[(비닐류] | 맛있게먹는 TP 1지퍼부분은 가위로 철단 후중량제 배출 | 온가족이 눌러않아 추먹의 옛날과자를 | 내용품비우고세적건조후합 오명시중량제배출 | 영양정보 100461kcal 160g | 174：号1（2早）2居（9） | 업소명: 031-858-2727 유통전물판이소:롯데쇼평/서울특별시중구 100g 1일 영양성분 | 소재지 대문로81 买吉）/1899 3000 준치에 대한 비율 | 밀거루(밀:마 호주산), 탕,옥배유(옥수수 나트륨 06mg | 외국신김(국 공소금 골엿,효모,혼합제제 탄수화물 69g | 원재료명베이킹데(신상 산니 륨,탄산칼륨,탄산수 당류 20g | 소나트륨 루코노- 수수전분,구연산)],포 지방 17g | 토당 소처리스테비 식품 밀함유 트랜스지방 | 포장재(신)폴리에틸렌품목, 京2017037001854 0g | ·반품 및 교환장소 구길처 및 판매운 제품은 소비자기본법 포화지방 2.3g 15% | 에 따는 소비자분장해결기준에 의거 교환 는 보상 받을 수 있습 콜레스테롤 0mg | 니다.·부정·불량식품신고는 국번없이 99·취급 및 보관시 단백질 8g 15% | 주의사항:직사황선을 피하여 서늘하고 조한 곳에 보관하십시 1일 영양성분 기준치에 대한 비율(% | 号2000kcal至g | ·함께 포장된 실리카켈(방습제)은 드시  마십시오. 필요 열류에 따라 대를 수 있습니다 | 안전관리인증 | HACCP 8801936010109 | 2026.09.03","[[""RE:EARTH분리배출캠페인[(비닐류]"", 23, 32, 312], [""맛있게먹는 TP"", 48, 35, 66], [""1지퍼부분은 가위로 철단 후중량제 배출"", 48, 28, 305], [""온가족이 눌러않아 추먹의 옛날과자를"", 67, 46, 62], [""내용품비우고세적건조후합"", 130, 31, 328], [""오명시중량제배출"", 123, 31, 578], [""160g"", 182, 51, 561], [""영양정보"", 192, 37, 435], [""100461kcal"", 204, 63, 539], [""174：号1（2早）2居（9）"", 217, 40, 104], [""1일 영양성분"", 243, 52, 584], [""업소명:"", 240, 34, 49], [""031-858-2727"", 238, 27, 106], [""유통전물판이소:롯데쇼평/서울특별시중구"", 252, 40, 101], [""100g"", 242, 29, 438], [""준치에 대한 비율"", 260, 53, 566], [""소재지"", 262, 30, 56], [""대문로81"", 273, 32, 109], [""买吉）/1899"", 270, 28, 198], [""3000"", 268, 21, 284], [""나트륨"", 280, 28, 439], [""06mg"", 282, 37, 560], [""호주산),"", 294, 23, 223], [""탕,옥배유(옥수수"", 292, 29, 284], [""밀거루(밀:마"", 297, 37, 97], [""골엿,효모,혼합제제"", 312, 28, 285], [""탄수화물"", 305, 28, 440], [""69g"", 311, 38, 567], [""공소금"", 314, 27, 220], [""외국신김(국"", 318, 39, 99], [""산니"", 334, 23, 246], [""륨,탄산칼륨,탄산수"", 334, 23, 285], [""당류"", 332, 26, 450], [""20g"", 337, 36, 568], [""원재료명베이킹데(신상"", 342, 57, 52], [""수수전분,구연산)],포"", 354, 31, 279], [""소나트륨 루코노-"", 358, 40, 104], [""지방"", 360, 28, 442], [""17g"", 366, 35, 571], [""식품"", 376, 23, 275], [""밀함유"", 377, 28, 373], [""토당 소처리스테비"", 380, 43, 101], [""트랜스지방"", 388, 26, 453], [""京2017037001854"", 400, 25, 271], [""0g"", 396, 30, 582], [""포장재(신)폴리에틸렌품목,"", 409, 54, 61], [""포화지방"", 416, 27, 453], [""2.3g"", 422, 32, 568], [""제품은 소비자기본법"", 430, 29, 274], [""15%"", 428, 21, 623], [""·반품 및 교환장소 구길처 및 판매운"", 436, 51, 68], [""는 보상 받을 수 있습"", 454, 23, 281], [""콜레스테롤"", 446, 26, 444], [""0mg"", 451, 34, 567], [""에 따는 소비자분장해결기준에 의거 교환"", 459, 46, 65], [""99·취급 및 보관시"", 476, 23, 290], [""단백질"", 475, 28, 443], [""니다.·부정·불량식품신고는 국번없이"", 481, 42, 64], [""8g"", 481, 22, 584], [""15%"", 484, 21, 622], [""주의사항:직사황선을 피하여 서늘하고"", 502, 38, 62], [""조한 곳에 보관하십시"", 499, 22, 269], [""1일 영양성분 기준치에 대한 비율(%"", 506, 36, 445], [""号2000kcal至g"", 530, 30, 442], [""·함께 포장된 실리카켈(방습제)은 드시  마십시오."", 546, 31, 67], [""필요 열류에 따라 대를 수 있습니다"", 552, 31, 442], [""안전관리인증"", 637, 24, 279], [""HACCP"", 655, 24, 279], [""8801936010109"", 672, 51, 455], [""2026.09.03"", 829, 62, 262]]"
000271,2026,03,24,2026-03-24,s1,"밀가루(밀:미국산,호주산),설탕,한량 | 정보 | 용량당 기준치에 대 | 330mg | 화물 86g | 황산나트륨,합성향료(바닐라향분말) 20g | 밀,대두,우유,아황산류 함유 22g | 장재질(내면) 폴리에틸렌 내스지방 0g | 量2002046712787 지방 6g | 및 교환장소:구입처 및 판매원·본 제품은 스테롤 0mg | 자기본법에 따른 소비자분쟁해결 기준에 의거 교 7g | 살 또는 보상받을 수 있습니다.·부정불량식품 신 활성분 기준치에 대한 비율 | 로 개인의 필요 열량에 따 | 가능성이 있습니다. | 2026.03.24外-2","[[""밀가루(밀:미국산,호주산),설탕,한량"", 316, 48, 232], [""정보"", 351, 24, 527], [""용량당"", 382, 24, 533], [""기준치에 대"", 386, 20, 650], [""330mg"", 407, 22, 614], [""황산나트륨,합성향료(바닐라향분말)"", 448, 47, 212], [""화물"", 428, 21, 539], [""86g"", 426, 21, 642], [""20g"", 448, 22, 648], [""밀,대두,우유,아황산류 함유"", 469, 41, 241], [""22g"", 469, 25, 653], [""장재질(내면)"", 480, 31, 158], [""폴리에틸렌"", 484, 27, 241], [""量2002046712787"", 501, 34, 155], [""내스지방"", 491, 26, 551], [""0g"", 492, 24, 668], [""및 교환장소:구입처 및 판매원·본 제품은"", 526, 41, 155], [""지방"", 514, 27, 560], [""6g"", 516, 25, 674], [""자기본법에 따른 소비자분쟁해결 기준에 의거 교"", 546, 35, 150], [""스테롤"", 536, 25, 571], [""0mg"", 540, 28, 668], [""살 또는 보상받을 수 있습니다.·부정불량식품 신"", 570, 34, 126], [""7g"", 566, 26, 688], [""활성분 기준치에 대한 비율"", 585, 36, 577], [""로 개인의 필요 열량에 따"", 600, 35, 582], [""가능성이 있습니다."", 648, 29, 120], [""2026.03.24外-2"", 710, 54, 201]]"
000272,2026,05,10,2026-05-10,s1,"파우더네얼란드산),유지크림분 | 분말,포제 (식성유지외국산)1 스위트핫시즈닝 영양정보 | 산도조제,파프리색소(삭 총 내용량당 | 기준치에 | 향),향료,향미증진제 | 탄수화물 59.6g | (내면)폴리에틸렌 당류 1129 | 供量19900355116313 지방 23.2g | 및교환장소구입처및판매원 은소비자기본법에 따는 소비자분쟁해결 트랜스지방 | 에의거환 또는 복상을 받을 수있습니다 포화지방 15 | 콜레스테롤 | 메밀,딸콩,고등어,게,새우돼지1길, 단백질 | 의,이황산류 호두,닭고기,오정에 조가류(국 1일 영양성분 기준치에 대 기준이므로 개기필요열 | 합포함),잣혼입가능성이 있다 | 사광선을 피하고 건조한 곳에 실관 | 제품의 품질보존을 위해 질소가충진을 | 하였습니다 | 2026.05.10C 8""80207","[[""파우더네얼란드산),유지크림분"", 302, 27, 184], [""(식성유지외국산)1 스위트핫시즈닝"", 315, 30, 173], [""영양정보"", 308, 27, 526], [""분말,포제"", 329, 32, 167], [""산도조제,파프리색소(삭"", 343, 26, 180], [""총 내용량당"", 334, 23, 532], [""기준치에"", 341, 26, 666], [""향),향료,향미증진제"", 370, 25, 160], [""탄수화물"", 373, 22, 541], [""59.6g"", 376, 22, 650], [""당류"", 392, 23, 555], [""1129"", 393, 24, 663], [""(내면)폴리에틸렌"", 406, 41, 131], [""지방"", 412, 22, 552], [""23.2g"", 410, 24, 668], [""供量19900355116313"", 423, 46, 125], [""트랜스지방"", 432, 26, 565], [""및교환장소구입처및판매원"", 440, 50, 119], [""은소비자기본법에 따는 소비자분쟁해결"", 455, 52, 119], [""포화지방"", 454, 21, 570], [""15"", 451, 22, 699], [""에의거환 또는 복상을 받을 수있습니다"", 474, 60, 109], [""콜레스테롤"", 473, 24, 567], [""단백질"", 496, 26, 571], [""메밀,딸콩,고등어,게,새우돼지1길,"", 516, 61, 99], [""1일 영양성분 기준치에 대"", 517, 23, 573], [""기준이므로 개기필요열"", 530, 25, 574], [""의,이황산류 호두,닭고기,오정에 조가류(국"", 536, 61, 94], [""합포함),잣혼입가능성이 있다"", 557, 60, 89], [""사광선을 피하고 건조한 곳에 실관"", 580, 56, 83], [""제품의 품질보존을 위해 질소가충진을"", 600, 59, 78], [""하였습니다"", 630, 37, 73], [""8\""80207"", 664, 27, 594], [""2026.05.10C"", 673, 48, 113]]"
000273,2026,03,13,2026-03-13,s1,"냉분말,북어엑기스 | 트리아세틴,향료채종유,주정,파프리카주출색소향료기 | 글리세린지방산에스테트,0-토코페롤(혼합형),향료2종 | 고추장미요맛 ,새우,대두,계란,쇠고기,우유 함유 | 소비기한 후면표기일까지 포장재질 | 품목 1720154001-530（早） 폴리프로필렌 | 보고번호 26010549541-186（)） | 매콤달콤 있습니다. | 부드러운 개봉후로십시오 ·직사광선을 하고 서늘하고 건도한 곳에 보관하십시오 | 고추마요맛 간혹제준 잡은갈색이나 검은색 부분은원료의 일부분 | 입자는 파슬리입니다. | ·소비자기본법에 의거 교환,환불해 도십니다. | 1399 | ·반품:본사 및 구입한 곳. AER | ·신선도 유지를 위해 질소충전포장을 하였습니다. | 2026.03.13 | 2B301301 | 식품인신관리인증 | HACCP | 완사자8일당0 영양정보 280kcm | -농실물 바로가기 三450mg23%个量41 | 담 수신까요금부담 O-023-5181 12g12%11g20% | ww.hone","[[""냉분말,북어엑기스"", 28, 44, 446], [""트리아세틴,향료채종유,주정,파프리카주출색소향료기"", 81, 78, 240], [""글리세린지방산에스테트,0-토코페롤(혼합형),향료2종"", 100, 69, 240], ["",새우,대두,계란,쇠고기,우유 함유"", 121, 52, 251], [""소비기한"", 140, 25, 245], [""후면표기일까지"", 146, 41, 293], [""고추장미요맛"", 122, 72, 1], [""포장재질"", 154, 26, 439], [""품목"", 168, 28, 252], [""1720154001-530（早）"", 172, 40, 298], [""폴리프로필렌"", 164, 36, 485], [""보고번호"", 191, 28, 242], [""26010549541-186（)）"", 194, 38, 297], [""매콤달콤"", 270, 52, 69], [""있습니다."", 266, 31, 249], [""·직사광선을 하고 서늘하고 건도한 곳에 보관하십시오"", 292, 59, 242], [""부드러운"", 301, 52, 61], [""고추마요맛"", 325, 38, 61], [""개봉후로십시오"", 313, 26, 251], [""간혹제준 잡은갈색이나 검은색 부분은원료의 일부분"", 338, 38, 247], [""입자는 파슬리입니다."", 387, 24, 254], [""·소비자기본법에 의거 교환,환불해 도십니다."", 410, 27, 246], [""1399"", 434, 29, 248], [""·반품:본사 및 구입한 곳."", 458, 23, 250], [""AER"", 450, 22, 540], [""·신선도 유지를 위해 질소충전포장을 하였습니다."", 482, 30, 243], [""2026.03.13"", 536, 32, 305], [""2B301301"", 565, 30, 306], [""식품인신관리인증"", 608, 30, 76], [""HACCP"", 631, 28, 81], [""영양정보"", 710, 74, 243], [""완사자8일당0"", 720, 40, 0], [""280kcm"", 706, 31, 517], [""-농실물 바로가기"", 748, 35, 98], [""담 수신까요금부담"", 771, 51, 0], [""三450mg23%个量41"", 749, 68, 248], [""O-023-5181"", 796, 68, 0], [""12g12%11g20%"", 786, 55, 257], [""ww.hone"", 808, 20, 0]]"
000274,2026,03,02,2026-03-02,s1,갈(아카시아벌글 | 함유 | HLI | 서2공장/ | 장남영동) | 3.신선한기통에 | 튀겨습니다 | 바색1m2달한~ 기니 안심하고 드세요.제품 표면의 녹색 가 | 허니버터칩볶게번오! 루는 파슬리입니다. | 4 | 강정보 235 kcal | mg9탄수g8% | 25.09.03 F2 20:11 | 플레스테롤mg0% 26.03.02 까지 A5 | 대한 비율(%)은 | 개인의 필요 열량에 따리 | 096403 | 호든M | 안전관리인 | HACCI | OTHER,"[[""갈(아카시아벌글"", 34, 35, 458], [""함유"", 78, 29, 489], [""HLI"", 100, 47, 15], [""서2공장/"", 150, 40, 489], [""장남영동)"", 221, 60, 540], [""3.신선한기통에"", 284, 50, 43], [""튀겨습니다"", 308, 43, 43], [""바색1m2달한~"", 511, 42, 0], [""기니 안심하고 드세요.제품 표면의 녹색 가"", 520, 47, 259], [""허니버터칩볶게번오!"", 534, 36, 2], [""루는 파슬리입니다."", 546, 32, 262], [""4"", 569, 36, 76], [""강정보"", 587, 30, 1], [""235 kcal"", 596, 33, 86], [""mg9탄수g8%"", 626, 35, 1], [""25.09.03"", 660, 40, 339], [""플레스테롤mg0%"", 676, 49, 0], [""F2 20:11"", 660, 33, 500], [""26.03.02"", 702, 41, 339], [""까지 A5"", 700, 41, 506], [""대한 비율(%)은"", 730, 46, 3], [""개인의 필요 열량에 따리"", 755, 52, 0], [""096403"", 800, 32, 0], [""호든M"", 826, 40, 327], [""안전관리인"", 846, 23, 530], [""HACCI"", 862, 25, 529], [""OTHER"", 882, 45, 617]]"
000275,2026,04,23,2026-04-23,s1,"소비기한 후면 표기일까지 | 자와 바베큐맛이 포장재질 폴리프로필렌 | 맛있는 스냉입니다 품목 19720154001 19760342001134(218) 1-48（) | 바삭바살 감자스틱 보고번호 ·새우,토마토,게,땅콩, 닭고기,오징어,계란, | 조개류(굴,전복,통합 함)를 사용한 제품과 | 같은시설에서제조하 있습니다. | 하십시오.개봉후 바 드십시오. | ·간혹과자에있는추색물질은원료인 파슬리 | 이오니 안심하고 또셔도 됩니다. | ·소비자기본법에 거 교환,환불해 드립니다. | 139 | ·반품:본사/구입한 곳. | ·신선도 유치를 위해 질소충전포장을 | 하였습니다. OTHER | 2026.04.23外 | 식품인전관리인증 | HACCP | 139 영양정보 75g | 370 kcal | ·본사:서울특별시 동작구 三470mg24%量54g17% | 112） 3.9g4%15g28% | 금부담 농심물 바로가기 | 5181 농심 0mg0%4.4g8% | (%)%2000kcal","[[""후면 표기일까지"", 30, 52, 356], [""소비기한"", 50, 42, 282], [""폴리프로필렌"", 65, 52, 357], [""포장재질"", 83, 44, 282], [""19760342001134(218)"", 92, 64, 357], [""자와 바베큐맛이"", 90, 63, 0], [""품목"", 117, 36, 301], [""1-48（)"", 114, 30, 472], [""맛있는 스냉입니다"", 124, 66, 0], [""19720154001"", 124, 47, 362], [""보고번호"", 142, 37, 285], [""닭고기,오징어,계란,"", 150, 43, 491], [""바삭바살"", 165, 38, 19], [""·새우,토마토,게,땅콩,"", 166, 63, 286], [""함)를 사용한 제품과"", 180, 40, 485], [""감자스틱"", 178, 50, 16], [""조개류(굴,전복,통합"", 192, 51, 292], [""있습니다."", 210, 30, 487], [""같은시설에서제조하"", 220, 53, 293], [""하십시오.개봉후 바 드십시오."", 278, 56, 292], [""·간혹과자에있는추색물질은원료인 파슬리"", 307, 60, 285], [""이오니 안심하고 또셔도 됩니다."", 340, 49, 294], [""·소비자기본법에 거 교환,환불해 드립니다."", 371, 53, 287], [""139"", 404, 53, 288], [""·반품:본사/구입한 곳."", 440, 47, 292], [""·신선도 유치를 위해 질소충전포장을"", 470, 45, 295], [""하였습니다."", 508, 42, 296], [""OTHER"", 502, 27, 618], [""2026.04.23外"", 598, 41, 371], [""식품인전관리인증"", 682, 23, 111], [""HACCP"", 704, 27, 109], [""영양정보"", 747, 60, 299], [""75g"", 732, 47, 564], [""139"", 760, 32, 0], [""370 kcal"", 764, 39, 593], [""三470mg24%量54g17%"", 808, 57, 304], [""·본사:서울특별시 동작구"", 828, 38, 17], [""112）"", 861, 38, 25], [""3.9g4%15g28%"", 849, 46, 309], [""농심물 바로가기"", 898, 36, 75], [""금부담"", 914, 35, 0], [""농심"", 937, 46, 78], [""0mg0%4.4g8%"", 921, 57, 310], [""5181"", 941, 36, 0], [""(%)%2000kcal"", 947, 25, 563]]"
000276,2026,03,25,2026-03-25,s2,자가비 케첩맛 | Jagabee | 4취급주의:제품 개봉시 손이 베지 않도록 주의하시기 바랍니다. | OPEN | 3 25.09.26 19:28 | ：26.03.25,"[[""자가비"", 58, 59, 212], [""케첩맛"", 59, 62, 510], [""Jagabee"", 91, 20, 280], [""OPEN"", 328, 33, 150], [""4취급주의:제품 개봉시 손이 베지 않도록 주의하시기 바랍니다."", 308, 25, 282], [""3 25.09.26 19:28"", 615, 36, 189], [""：26.03.25"", 644, 35, 196]]"
000277,2026,07,15,2026-07-15,s1,HACCP 마크란? | HACCP | 식약처에서 위생적이고 안전하다고 | 인증한 식품에만 표기하는 마크입니다 | 8801117282301 | 소비 부터 | 2025.09.16/20:52 | 기한 2026.07.151A-2 까지,"[[""HACCP 마크란?"", 263, 38, 276], [""HACCP"", 284, 27, 184], [""식약처에서 위생적이고 안전하다고"", 298, 29, 278], [""인증한 식품에만 표기하는 마크입니다"", 322, 25, 278], [""8801117282301"", 460, 33, 195], [""소비"", 507, 36, 124], [""부터"", 498, 42, 482], [""2025.09.16/20:52"", 522, 41, 185], [""기한"", 548, 39, 124], [""까지"", 539, 38, 486], [""2026.07.151A-2"", 557, 36, 184]]"
000278,2026,06,22,2026-06-22,s1,25.09/23제21157 | 26.06.22c | g0 | 직한 고기와야채,"[[""25.09/23제21157"", 466, 49, 277], [""26.06.22c"", 510, 44, 270], [""g0"", 678, 119, 0], [""직한"", 888, 99, 173], [""고기와야채"", 914, 96, 290]]"
000279,2026,06,02,2026-06-02,s1,25.09.03 1443 | 26.06.02 | AOH | 확찬 소와 피의 캘런스 | assorted vegetables | 1만번 이상 치단 | 연출이미지 Chewy wrappe | 10000,"[[""25.09.03"", 522, 29, 276], [""1443"", 521, 30, 445], [""26.06.02"", 560, 31, 274], [""AOH"", 594, 34, 559], [""확찬 소와 피의 캘런스"", 676, 41, 273], [""assorted vegetables"", 845, 62, 271], [""1만번 이상 치단"", 900, 53, 273], [""Chewy wrappe"", 930, 43, 272], [""연출이미지"", 945, 28, 95], [""10000"", 950, 21, 317]]"
000280,2026,03,23,2026-03-23,s1,CJ | 제일제당 | SSC5 | 2026.03.23 | 까지 | GOUPMET | DELICIOUS 고에 LIFE | ASTY CUISINE | 모짜렐라몬카,"[[""CJ"", 113, 28, 119], [""제일제당"", 161, 44, 116], [""SSC5"", 378, 27, 325], [""2026.03.23"", 426, 35, 277], [""까지"", 488, 23, 371], [""GOUPMET"", 596, 72, 368], [""고에"", 684, 130, 350], [""LIFE"", 673, 26, 599], [""DELICIOUS"", 690, 27, 232], [""ASTY CUISINE"", 770, 71, 377], [""모짜렐라몬카"", 900, 120, 122]]"
000281,2026,07,15,2026-07-15,s1,"客200g（310 원재료명정제수 | 고충가륨(벤듯남산),복한 수유(목수수배아:외국산),공가루(국산) | 국산),옥수수전분(옥수수 | -글루탐산나트륨(향미 | 륨,무수구연산),들까 대두,밀,쇠고기,돼지고기 함유 | 기,조개류(굴 포함)함유 장재질 폴리에틸렌 360g | 청북도 단양군 대강면 | 120340-26 | 보관방법-18 C이하 냉동 보관 반품 및 교환장소 고객상담실 및 구입처 | 내포장재질 폴리에틸렌 | 정통 우동면 （200g） | 200g 영양정보 200g | 0kcal 275kcal 소비자중심 비닐류 | 류4g4% | g47% F12408 OTHER | 0g0%5g9% 분리수기를 생활화합시다. | 따라 다를 수있습니다. 소중한 자원,깨곳한 환경 | 26.07.15 | 13:35A0827","[[""원재료명정제수"", 12, 25, 189], [""客200g（310"", 18, 34, 0], [""수유(목수수배아:외국산),공가루(국산)"", 22, 38, 225], [""고충가륨(벤듯남산),복한"", 47, 49, 0], [""국산),옥수수전분(옥수수"", 64, 51, 0], [""-글루탐산나트륨(향미"", 79, 48, 0], [""대두,밀,쇠고기,돼지고기 함유"", 92, 35, 259], [""륨,무수구연산),들까"", 96, 44, 0], [""장재질 폴리에틸렌"", 118, 29, 216], [""360g"", 113, 25, 383], [""기,조개류(굴 포함)함유"", 132, 42, 0], [""청북도 단양군 대강면"", 156, 39, 0], [""120340-26"", 158, 31, 233], [""반품 및 교환장소"", 184, 29, 322], [""고객상담실 및 구입처"", 180, 29, 460], [""보관방법-18 C이하 냉동 보관"", 198, 45, 12], [""내포장재질 폴리에틸렌"", 204, 26, 492], [""정통 우동면"", 370, 34, 89], [""（200g）"", 364, 26, 176], [""200g"", 381, 28, 391], [""200g"", 403, 34, 0], [""영양정보"", 407, 52, 97], [""275kcal"", 402, 27, 403], [""소비자중심"", 403, 26, 541], [""비닐류"", 396, 21, 662], [""0kcal"", 426, 31, 0], [""OTHER"", 436, 20, 651], [""류4g4%"", 452, 33, 0], [""F12408"", 460, 24, 531], [""g47%"", 480, 33, 0], [""분리수기를 생활화합시다."", 486, 28, 534], [""0g0%5g9%"", 494, 43, 114], [""소중한 자원,깨곳한 환경"", 514, 29, 534], [""따라 다를 수있습니다."", 531, 24, 0], [""26.07.15"", 582, 44, 280], [""13:35A0827"", 616, 38, 280]]"
000282,2026,09,10,2026-09-10,s1,"2026.09.10 | 뚜기 맛있는 까지D | 교차 | 김치 이렇게 요리해보세요! | 부드러운 씹만두를 즐기실때 | 1)찜통에 적당량의물을넣고꿀입니다. | 개운한김치를 3)맛있는 믿만두 드실 수 있습니다. | 가득채원! | 바삭바삭균만를 기실 때 | （97347W） | 2냉동상태의 만두를프라이랜에 넣고,튀잡어가는셔 | 떡만듯국을줄기실때 2인분기료:맛있는 고자감처6 | 따라 소금과 | 앗있는 | 냉든 -18C | 냉동보관 | 468gX27W#","[[""2026.09.10"", 301, 27, 399], [""까지D"", 325, 20, 429], [""뚜기"", 348, 22, 1], [""맛있는"", 346, 49, 44], [""교차"", 406, 99, 0], [""김치"", 484, 94, 42], [""이렇게 요리해보세요!"", 452, 41, 383], [""부드러운 씹만두를 즐기실때"", 492, 37, 259], [""1)찜통에 적당량의물을넣고꿀입니다."", 512, 33, 384], [""개운한김치를"", 554, 33, 98], [""3)맛있는 믿만두 드실 수 있습니다."", 547, 32, 386], [""가득채원!"", 577, 34, 107], [""바삭바삭균만를 기실 때"", 586, 37, 262], [""（97347W）"", 621, 45, 401], [""2냉동상태의 만두를프라이랜에 넣고,튀잡어가는셔"", 635, 54, 390], [""떡만듯국을줄기실때"", 686, 37, 268], [""2인분기료:맛있는 고자감처6"", 664, 55, 415], [""따라 소금과"", 736, 41, 424], [""앗있는"", 795, 57, 549], [""냉든"", 854, 27, 136], [""-18C"", 854, 21, 192], [""냉동보관"", 880, 33, 180], [""468gX27W#"", 923, 78, 526]]"
000283,2027,09,17,2027-09-17,s1,"梦号100% | 원재료명 외국산(베트남, | 미얀마,중국등)] | 업소명 씨제이제일제당(주) | 인천광역시 총구서해 | 소재지 堂140时49 | 포장재질 마개-폴리에틸렌 | (내면) | 품목보고 19790190025-145 | 보관방법사용 후에는 마개를꽃 | 믿고 서늘하고 그늘진 곳에 보관 | 이 반품및 하여주십시오 구입처 또는 영업소 | 교환처 | 주의사항 ·부정불량식품 신고 | 011399· | 소비자 분쟁해결 기준에 의거,교 | 한 또는 보상 받을 수 있습니다. | 사용후 포장재는 반드시 지정 | 된 장소에 버례 주십시오·내용 | 중에침전/동결이있을 수있 | 저온에서 습나,제품에는 이상이 있습니다. | 27.09.17 14:07 | X3 까지","[[""梦号100%"", 18, 23, 350], [""외국산(베트남,"", 36, 26, 347], [""원재료명"", 42, 33, 301], [""미얀마,중국등)]"", 54, 26, 346], [""씨제이제일제당(주)"", 94, 29, 345], [""업소명"", 100, 28, 302], [""인천광역시 총구서해"", 112, 29, 347], [""소재지"", 132, 28, 304], [""堂140时49"", 130, 23, 347], [""포장재질"", 154, 24, 299], [""마개-폴리에틸렌"", 157, 28, 345], [""(내면)"", 172, 21, 302], [""품목보고"", 192, 31, 296], [""19790190025-145"", 196, 27, 347], [""보관방법사용 후에는 마개를꽃"", 226, 35, 294], [""믿고 서늘하고 그늘진 곳에 보관"", 243, 26, 300], [""이"", 274, 55, 215], [""하여주십시오"", 259, 28, 298], [""반품및"", 283, 26, 299], [""구입처 또는 영업소"", 290, 27, 347], [""교환처"", 298, 25, 299], [""주의사항"", 318, 21, 297], [""·부정불량식품 신고"", 318, 27, 336], [""011399·"", 336, 25, 294], [""소비자 분쟁해결 기준에 의거,교"", 354, 25, 294], [""한 또는 보상 받을 수 있습니다."", 372, 22, 294], [""저온에서"", 443, 135, 202], [""사용후 포장재는 반드시 지정"", 390, 23, 295], [""된 장소에 버례 주십시오·내용"", 406, 28, 292], [""중에침전/동결이있을 수있"", 424, 28, 292], [""습나,제품에는 이상이 있습니다."", 442, 25, 292], [""27.09.17 14:07"", 535, 43, 329], [""X3"", 594, 24, 310], [""까지"", 594, 29, 420]]"
000284,2026,08,20,2026-08-20,s1,"찹셔살미니도나스 만드는 방법 Y/0YYT | 준세H | 7게한물 만들기 고반축하기 3.두기기 | -0의 반축그롯에 반죽믹스 -프라이팬에이약2cm~3cm | 24m（4 240g（2号2 | 넣고 찰 저어 고루 섞어주세요 섞어준후손으로 2~3분정도 가열한후반을고4~5분정도 | 반축해주세요 고르게튀겨주세요 | 반죽을메추리말크기정도 ※도나스를튀기면 2혜 정도 부푸니,등글린 반죽은 | （910g.20m 프라이의 절반안 넣고 튀겨거주세요 | 동그한 구슬모양으로등글러 주세요 도나스가 식으면 토평믹스와 질 섞이 드세요 | 찹석치즈볼 오 찹찰빵 만드는 방법 Y/TYE | 공통 | ! | 찹석치즈볼 만들기(프라이팬 조리) 찹석찰빵 만들기에어프라이어 조원 | 넣고 구먹이 생기지 않도록 동그황게 등글러 주세요. | 후 반죽을넣고 4~5분정도 고르게 튀겨주세요. ※기호에 따라 검은께(또는 참께)를 넣으시면 맛있는 깨잡 | 기호에 따라 다양한 치즈를넣어 조리하실 수 있습니다. | FSCC155910 소비기한: | 2026.08.20 A | 까지 | 801045380513","[[""찹셔살미니도나스 만드는 방법"", 50, 31, 146], [""Y/0YYT"", 50, 44, 437], [""준세H"", 94, 21, 39], [""7게한물 만들기"", 234, 29, 23], [""고반축하기"", 232, 27, 247], [""3.두기기"", 228, 27, 455], [""-0의 반축그롯에 반죽믹스"", 254, 25, 214], [""-프라이팬에이약2cm~3cm"", 253, 24, 402], [""24m（4"", 272, 26, 22], [""240g（2号2"", 270, 27, 227], [""넣고 찰 저어 고루 섞어주세요"", 288, 24, 22], [""섞어준후손으로"", 284, 22, 229], [""2~3분정도"", 285, 20, 292], [""가열한후반을고4~5분정도"", 283, 28, 413], [""반축해주세요"", 300, 21, 229], [""고르게튀겨주세요"", 300, 21, 416], [""반죽을메추리말크기정도"", 317, 22, 227], [""※도나스를튀기면 2혜 정도 부푸니,등글린 반죽은"", 318, 23, 404], [""（910g.20m"", 333, 26, 229], [""프라이의 절반안 넣고 튀겨거주세요"", 334, 26, 412], [""동그한 구슬모양으로등글러 주세요"", 348, 25, 228], [""도나스가 식으면 토평믹스와 질 섞이 드세요"", 349, 24, 403], [""찹석치즈볼 오 찹찰빵 만드는 방법"", 388, 33, 147], [""Y/TYE"", 382, 34, 435], [""공통"", 422, 27, 83], [""!"", 438, 29, 65], [""찹석치즈볼 만들기(프라이팬 조리)"", 477, 32, 70], [""찹석찰빵 만들기에어프라이어 조원"", 472, 33, 393], [""넣고 구먹이 생기지 않도록 동그황게 등글러 주세요."", 533, 26, 0], [""※기호에 따라 검은께(또는 참께)를 넣으시면 맛있는 깨잡"", 558, 29, 316], [""후 반죽을넣고 4~5분정도 고르게 튀겨주세요."", 571, 31, 0], [""기호에 따라 다양한 치즈를넣어 조리하실 수 있습니다."", 595, 29, 0], [""FSCC155910"", 694, 22, 83], [""소비기한:"", 694, 35, 227], [""2026.08.20 A"", 728, 44, 261], [""까지"", 780, 33, 576], [""801045380513"", 807, 27, 9]]"
000285,2027,07,02,2027-07-02,s1,"식품유형 천연향신료(건조제품) | 100%（ | (취브레드가든 성남공장/경기도 성남시종 | 제조원 | 용기-유리,뚜껑-상갈폴리프로필렌랜P9 | 포장재질하캡:아크릴로니트랄-부타디엔-스티틴 | (ABS),마개-폴리스티렌페이페(PSP) | 소비기한 제품별도표기일까지(년,월.일) | 号空卫20090275178349 | 2027.07.02 | 까지","[[""식품유형 천연향신료(건조제품)"", 368, 42, 276], [""100%（"", 394, 41, 275], [""(취브레드가든 성남공장/경기도 성남시종"", 414, 37, 317], [""제조원"", 433, 22, 280], [""용기-유리,뚜껑-상갈폴리프로필렌랜P9"", 460, 35, 318], [""포장재질하캡:아크릴로니트랄-부타디엔-스티틴"", 482, 42, 275], [""(ABS),마개-폴리스티렌페이페(PSP)"", 502, 29, 322], [""소비기한 제품별도표기일까지(년,월.일)"", 530, 30, 276], [""号空卫20090275178349"", 556, 30, 275], [""2027.07.02"", 630, 39, 274], [""까지"", 654, 41, 452]]"
000286,2027,03,11,2027-03-11,s1,"구주변),직사 | 색상이 어 유를 사용한 제품과 같은 제 | 니 건조하고 | 고,개봉후에 | 니다 | 하지 않을 경우 | 징,긋음,가정 총 내용량96g | 날카로우므로 있으니 밀페보관 영양정보 220kcal | 하십시오. 号18620mg931%全号299% | 기소비기한 당류9g % 6g11% | 품 후면표기일까지 트랜스지방 0.5g2.617% | 콜레스테롤 5mg2%13g24% | ),조미아채양념분말 %000kcal | 정제소금,건마늘가 기준이므로 개인의 필요 열량에 따라 다를 수 있습니다. | 산나트륨(향미증진 | 향미증진제),설탕,포 | 두류가공품(탈지 | 식물성단백농축액, | 농축액(호주산),정 소비기한: | 1기엑기스(쇠고기: DB4 | 기스(호주산),아미 | 감칠맛분말,한우다 2027.03.11/12B | 출물분말,효모추출 까지 | 이스분말,후추가루 조미식품2,향미유 HACCP P04 | 가늘양파혼합분함","[[""구주변),직사"", 17, 36, 0], [""색상이 어"", 38, 54, 0], [""유를 사용한 제품과 같은 제"", 24, 51, 200], [""니 건조하고"", 62, 51, 0], [""고,개봉후에"", 84, 53, 0], [""니다"", 111, 48, 0], [""총 내용량96g"", 134, 41, 436], [""하지 않을 경우"", 135, 55, 0], [""220kcal"", 164, 44, 461], [""징,긋음,가정"", 159, 62, 0], [""영양정보"", 176, 53, 199], [""있으니 밀페보관"", 182, 55, 0], [""날카로우므로"", 207, 58, 0], [""号18620mg931%全号299%"", 207, 76, 191], [""하십시오."", 238, 48, 0], [""%"", 246, 24, 290], [""6g11%"", 235, 44, 336], [""당류9g"", 252, 35, 200], [""기소비기한"", 265, 48, 0], [""0.5g2.617%"", 267, 59, 278], [""트랜스지방"", 280, 35, 200], [""품"", 301, 22, 2], [""후면표기일까지"", 288, 49, 17], [""5mg2%13g24%"", 298, 56, 286], [""콜레스테롤"", 311, 33, 204], [""%000kcal"", 332, 55, 203], [""),조미아채양념분말"", 350, 55, 0], [""기준이므로 개인의 필요 열량에 따라 다를 수 있습니다."", 356, 49, 202], [""정제소금,건마늘가"", 376, 48, 0], [""산나트륨(향미증진"", 402, 44, 0], [""향미증진제),설탕,포"", 428, 43, 0], [""두류가공품(탈지"", 454, 41, 0], [""식물성단백농축액,"", 480, 39, 0], [""농축액(호주산),정"", 506, 35, 0], [""소비기한:"", 508, 39, 195], [""DB4"", 501, 30, 506], [""1기엑기스(쇠고기:"", 532, 29, 0], [""기스(호주산),아미"", 560, 29, 1], [""2027.03.11/12B"", 573, 38, 288], [""감칠맛분말,한우다"", 587, 32, 1], [""까지"", 592, 39, 539], [""출물분말,효모추출"", 614, 41, 0], [""P04"", 626, 29, 539], [""이스분말,후추가루"", 643, 38, 0], [""HACCP"", 642, 29, 204], [""조미식품2,향미유"", 668, 35, 0], [""가늘양파혼합분함"", 691, 50, 0]]"
000287,2027,02,18,2027-02-18,s1,"조리예 | 06066 66666 | 300~350m1 끌는물에굴물내기한할 1개를넣고3분간 불어습니다. | ~2컵)를꿀여습니다 불어진 국물에 | 소비기한후면별도표기일까지 영양정보 100g | 식품유형 복합조미식품 295kcal | 号件2024068342470 총 내용량당 1일 영양성분 | L三云8.290mg 기준치에대한비을 | 415% | 탄수화물54g 17% | 당류13g 13 | 지방1.6g 3% | 대두,밀,쇠고기 함유 트랜스지방0g | 국산) 포화지방0.8g | 콜레스테롤95mg 32 | 단백질16g 29 | %200 | 기준이므로 개인의 필요 열량에 따라 다를 수 | 27.02.18 J11 080-019-9 | 소비자중심 www.daesang. | DAESANG 분리수거를생활화","[[""조리예"", 12, 21, 200], [""06066"", 102, 20, 387], [""66666"", 100, 20, 547], [""300~350m1"", 121, 28, 350], [""끌는물에굴물내기한할"", 120, 35, 514], [""1개를넣고3분간 불어습니다."", 140, 47, 501], [""~2컵)를꿀여습니다"", 138, 25, 353], [""불어진 국물에"", 149, 45, 660], [""소비기한후면별도표기일까지"", 174, 24, 206], [""영양정보"", 184, 36, 519], [""100g"", 196, 39, 639], [""식품유형 복합조미식품"", 190, 61, 0], [""295kcal"", 217, 42, 652], [""号件2024068342470"", 212, 71, 2], [""총 내용량당"", 230, 28, 523], [""1일 영양성분"", 240, 37, 653], [""L三云8.290mg"", 264, 43, 524], [""기준치에대한비을"", 254, 39, 623], [""탄수화물54g"", 288, 41, 525], [""415%"", 278, 29, 667], [""당류13g"", 312, 36, 542], [""17%"", 302, 26, 682], [""지방1.6g"", 337, 34, 528], [""13"", 325, 26, 685], [""대두,밀,쇠고기 함유"", 358, 26, 316], [""트랜스지방0g"", 364, 36, 547], [""3%"", 348, 23, 690], [""국산)"", 371, 26, 53], [""포화지방0.8g"", 390, 35, 548], [""콜레스테롤95mg"", 416, 36, 531], [""32"", 422, 22, 698], [""단백질16g"", 442, 32, 533], [""29"", 447, 24, 700], [""%200"", 470, 26, 531], [""기준이므로 개인의 필요 열량에 따라 다를 수"", 487, 26, 532], [""소비자중심"", 731, 30, 46], [""27.02.18"", 730, 35, 234], [""J11"", 729, 26, 427], [""080-019-9"", 731, 34, 629], [""DAESANG"", 766, 28, 108], [""www.daesang."", 762, 25, 629], [""분리수거를생활화"", 786, 29, 630]]"
000288,2029,07,25,2029-07-25,s1,1 | 2029.07.25,"[[""1"", 132, 98, 428], [""2029.07.25"", 462, 37, 234]]"
000289,2030,07,23,2030-07-23,s1,2030.07.23까지 | 40432205,"[[""2030.07.23까지"", 490, 57, 182], [""40432205"", 524, 55, 205]]"
000290,2027,03,02,2027-03-02,s1,"231（大豆早） ·손비자기본법에 따라 피해보상·부정·불량 로필렌 네시아산),양파분(미국산)) | 필쳐서 지거 | 8 후용하십오 토마토함유 | 계한 맛있는 기장 이어온 부터 19714 | () 02 | 대품유설 2027/03.021 | A | 까지","[[""로필렌"", 34, 59, 336], [""네시아산),양파분(미국산))"", 98, 194, 358], [""·손비자기본법에 따라 피해보상·부정·불량"", 212, 359, 301], [""231（大豆早）"", 132, 156, 253], [""필쳐서 지거"", 222, 95, 270], [""후용하십오"", 329, 136, 259], [""8"", 299, 56, 247], [""토마토함유"", 328, 114, 354], [""계한"", 451, 66, 243], [""맛있는"", 454, 72, 316], [""이어온"", 455, 72, 370], [""기장"", 456, 53, 346], [""부터"", 458, 57, 400], [""19714"", 458, 73, 421], [""()"", 538, 57, 148], [""대품유설"", 580, 107, 124], [""02"", 534, 30, 421], [""2027/03.021"", 585, 68, 265], [""A"", 646, 38, 417], [""까지"", 692, 34, 426]]"
000291,2027,07,21,2027-07-21,s1,"제품명 해표해바라기유 | 식품유형해바라기유 | 소비기한 상단 또는 중별도표시일까지 | 보관방법 | (내면) 포장재질 뚜껑-폴리에틸렌 | 업소명 및(주)사조대림 | 품목보고번호 1995020805639 | 상이 다를 수 있으나 원료의 수확시기,산지에 따라 | 발생 가능한 차이이면 품질에는 이상이 없습니다. | -개봉후에는 뚜껑을 꼭 닫아 서늘하고 어두운 곳 | 에 보관하시고 가급적 빨리 드시기 바랍니다. | 이제품은대두를사용한제품과 같은제조시설 | 에서 제조하고 있습니다.-부정·불량 식품 신고는 | 1399 | 2027.07.21 | 본 제품은 소비자 분쟁 해결기준에 의거 교환 또 | 는 보상받을 수 있습니다.-반품 및 교환:구입처 및 | (080-900-6133)dr.sajo.co.kr | -깨곳한 우리자연 깨곳한 우리마음 | 영양정보 (1 g = 1.09 mL) 100 g 900 kcal 900m | 나트륨mg 0% 100g185% | 탄수화물0g 0% 트랜스지방09 | 당류0g 0% 11g73% | 콜레스테롤0mg 0%0g0%","[[""제품명 해표해바라기유"", 10, 22, 207], [""식품유형해바라기유"", 52, 43, 164], [""상단 또는 중별도표시일까지"", 94, 39, 226], [""소비기한"", 100, 32, 165], [""보관방법"", 124, 33, 164], [""포장재질"", 146, 33, 165], [""뚜껑-폴리에틸렌"", 156, 34, 228], [""(내면)"", 164, 33, 171], [""업소명 및(주)사조대림"", 182, 44, 161], [""1995020805639"", 244, 28, 297], [""품목보고번호"", 250, 34, 162], [""상이 다를 수 있으나 원료의 수확시기,산지에 따라"", 415, 40, 159], [""발생 가능한 차이이면 품질에는 이상이 없습니다."", 436, 40, 158], [""-개봉후에는 뚜껑을 꼭 닫아 서늘하고 어두운 곳"", 456, 40, 161], [""에 보관하시고 가급적 빨리 드시기 바랍니다."", 478, 41, 157], [""이제품은대두를사용한제품과 같은제조시설"", 498, 39, 162], [""에서 제조하고 있습니다.-부정·불량 식품 신고는"", 520, 39, 158], [""1399"", 547, 31, 160], [""2027.07.21"", 590, 47, 254], [""본 제품은 소비자 분쟁 해결기준에 의거 교환 또"", 640, 45, 165], [""는 보상받을 수 있습니다.-반품 및 교환:구입처 및"", 664, 48, 153], [""(080-900-6133)dr.sajo.co.kr"", 688, 46, 154], [""-깨곳한 우리자연 깨곳한 우리마음"", 714, 37, 155], [""영양정보"", 767, 56, 154], [""900m"", 743, 40, 372], [""(1 g = 1.09 mL) 100 g 900 kcal"", 771, 49, 268], [""나트륨mg"", 809, 34, 156], [""0%"", 810, 23, 268], [""100g185%"", 799, 47, 342], [""탄수화물0g 0%"", 838, 39, 155], [""트랜스지방09"", 829, 38, 345], [""당류0g 0%"", 868, 37, 157], [""11g73%"", 856, 49, 345], [""콜레스테롤0mg"", 896, 33, 159], [""0%0g0%"", 888, 51, 304]]"
000292,2026,02,13,2026-02-13,s1,13/02/2026 | 13925D 0123,"[[""13/02/2026"", 430, 37, 282], [""13925D 0123"", 470, 41, 273]]"
000293,2025,10,24,2025-10-24,s1,불한방을 넣지 하고 | H 00%！ RECYCLEO BOTTLE 류 | 일7지 |  F 25.10.24 |  또시오 뚜껑:DPE (06:37) | 볼리까이가않을 라벨:PP | 습다·용기가 재활용우수 영양정보 총 내용량 70ml | 상치제품번증에 100mlg40kcal | 에사제품과같은 배로드되기 바랍 量15mg93%0 | ·본품은 공정 88%% | 일 십습니다. | 두김 | 5일까지 E타민C Omg 0% 营合61mg9%/程U | we.kr,"[[""불한방을 넣지 하고"", 340, 63, 193], [""RECYCLEO"", 349, 20, 453], [""류"", 352, 45, 514], [""BOTTLE"", 363, 22, 460], [""H 00%！"", 382, 88, 131], [""일7지"", 379, 20, 518], [""25.10.24"", 478, 42, 289], ["" F"", 492, 47, 60], [""(06:37)"", 505, 26, 292], ["" 또시오"", 520, 46, 57], [""뚜껑:DPE"", 528, 30, 138], [""볼리까이가않을"", 544, 39, 57], [""라벨:PP"", 550, 28, 141], [""총 내용량 70ml"", 546, 40, 471], [""습다·용기가"", 572, 35, 59], [""재활용우수"", 568, 31, 137], [""영양정보"", 586, 70, 218], [""100mlg40kcal"", 578, 61, 440], [""상치제품번증에"", 600, 31, 59], [""배로드되기 바랍"", 626, 31, 59], [""量15mg93%0"", 627, 91, 219], [""에사제품과같은"", 655, 34, 55], [""·본품은 공정"", 682, 35, 55], [""88%%"", 668, 93, 222], [""일 십습니다."", 711, 38, 55], [""두김"", 736, 37, 54], [""E타민C Omg 0%"", 760, 42, 240], [""营合61mg9%/程U"", 737, 88, 369], [""5일까지"", 764, 24, 60], [""we.kr"", 794, 33, 55]]"
000294,2026,09,08,2026-09-08,s1,"제조일자: 2025.09.09 WF4 | 소비기한: 2026.09.0808:54 까지 | 8500g/100gg210kcal | 대두(외국산),소백분(밀:미국산,호추산)정제소금,밀월,품국,물맛,발호곡물소백분(담 2.510mg126%37g11%23g23% | 국선,호주센산)정제소금국산,밀쌀,중국,해연설담당,고추명념(중국센,주정,정세수,대진양료, | 정제세소금장기를대두,밀함유·포장재질내면:용기뚜-폴리프로렌레드사-폴리 量0mg0%8g15% | 에틸렌,유산지-실리콘고무·반품 및 교환처:전국 판매점및대리점·보관방법직사광선을 000 cal | 피해 실온보관개봉후냉장보관권장생물재료가청가되오래물수록색이진 개인에 필요 열량에 따라 다를 수 있습니다. | -8501200/666471 | 보이는 입지는원료(내두,밀쌀)의일부분이므로 안심하고드세도 | 분해결기준에의거 교환 또는보상기능·게조개류신고기오 | 정내새운흡입기능·제조원제이제일제(주|충청남도공주시 8801007052854 | 59:19184547-13 뚜껑:PP","[[""WF4"", 436, 28, 579], [""제조일자:"", 452, 40, 73], [""2025.09.09"", 450, 30, 210], [""까지"", 471, 38, 581], [""소비기한:"", 486, 35, 75], [""2026.09.0808:54"", 480, 29, 210], [""8500g/100gg210kcal"", 518, 35, 478], [""대두(외국산),소백분(밀:미국산,호추산)정제소금,밀월,품국,물맛,발호곡물소백분(담"", 540, 35, 79], [""2.510mg126%37g11%23g23%"", 545, 38, 385], [""국선,호주센산)정제소금국산,밀쌀,중국,해연설담당,고추명념(중국센,주정,정세수,대진양료,"", 561, 36, 79], [""정제세소금장기를대두,밀함유·포장재질내면:용기뚜-폴리프로렌레드사-폴리"", 602, 35, 80], [""量0mg0%8g15%"", 594, 32, 389], [""에틸렌,유산지-실리콘고무·반품 및 교환처:전국 판매점및대리점·보관방법직사광선을"", 624, 31, 84], [""000 cal"", 616, 43, 391], [""피해 실온보관개봉후냉장보관권장생물재료가청가되오래물수록색이진"", 644, 30, 88], [""개인에 필요 열량에 따라 다를 수 있습니다."", 638, 36, 395], [""-8501200/666471"", 660, 41, 389], [""보이는 입지는원료(내두,밀쌀)의일부분이므로 안심하고드세도"", 687, 28, 90], [""분해결기준에의거 교환 또는보상기능·게조개류신고기오"", 729, 30, 95], [""정내새운흡입기능·제조원제이제일제(주|충청남도공주시"", 751, 35, 94], [""59:19184547-13"", 772, 31, 100], [""8801007052854"", 754, 46, 404], [""뚜껑:PP"", 774, 23, 335]]"
000295,2025,11,08,2025-11-08,s1,"2025.11.08 A2 | 콤치즈맛 유요한 | 즈맛 시즈닝7g | 관 푸디버디가 입맛의 | 782332 가치를 올려요. | 매원 | 푸디버디 | (밀:미국산), 팥콘치킨 달콤치즈맛 | (품올레인유 이렇게 만들어서 더 맛있어요! | 분,백후추 | 산나트륨), 1,고소한 치즈로 진하게 맛을 낸 | 말레이시아, 진짜 치즈 시즈닝! | 기타가공품 말물엿 국내산 닭가습살을 바삭하게 | 튀긴 함콘 치킨 | 1봉을넣고 Shach 1t!","[[""2025.11.08 A2"", 308, 46, 295], [""콤치즈맛"", 350, 52, 0], [""유요한"", 350, 40, 443], [""즈맛 시즈닝7g"", 472, 37, 0], [""푸디버디가 입맛의"", 482, 49, 323], [""관"", 502, 27, 1], [""가치를 올려요."", 520, 38, 325], [""782332"", 534, 35, 0], [""매원"", 602, 35, 0], [""푸디버디"", 630, 37, 183], [""(밀:미국산),"", 670, 42, 0], [""팥콘치킨 달콤치즈맛"", 665, 52, 183], [""(품올레인유"", 704, 46, 0], [""이렇게 만들어서 더 맛있어요!"", 702, 46, 183], [""분,백후추"", 736, 49, 0], [""산나트륨),"", 771, 48, 0], [""1,고소한 치즈로 진하게 맛을 낸"", 764, 57, 190], [""진짜 치즈 시즈닝!"", 807, 52, 228], [""말레이시아,"", 834, 37, 2], [""기타가공품"", 863, 32, 0], [""국내산 닭가습살을 바삭하게"", 867, 73, 223], [""말물엿"", 886, 22, 37], [""튀긴 함콘 치킨"", 909, 38, 228], [""1봉을넣고"", 946, 33, 430], [""Shach 1t!"", 942, 35, 569]]"
000296,2026,07,28,2026-07-28,s1,2026.07.28 | 달구별명가식품 | 달구별 | CH즈 | 마창,"[[""2026.07.28"", 105, 62, 209], [""달구별명가식품"", 255, 74, 10], [""달구별"", 383, 159, 0], [""CH즈"", 565, 180, 0], [""마창"", 793, 360, 0]]"
000297,2026,04,08,2026-04-08,s1,2026.04.08 | 산물 안전관리인 | 상책임 HACCP | 보험가입 | 반십더,"[[""2026.04.08"", 110, 65, 324], [""산물"", 176, 31, 0], [""안전관리인"", 168, 31, 96], [""상책임"", 202, 39, 0], [""HACCP"", 198, 36, 102], [""보험가입"", 230, 31, 0], [""반십더"", 721, 404, 40]]"
000298,2026,09,11,2026-09-11,s1,"사꿀곰탕 | Beef Bone Soup | 한과 함께 소기한 | 의 일함을 2026.09.11 | ,더출검게! 06:43 F1 F | VAA | 엄선한한우 사골을 우려내깊고전안 | 남도 논산시 연무읍 | 당(주)진천BLOSS 2 8시간 정성스럽게 고이낸담백한 | 진천군 진천읍 씨제 연출 다양한 요리의 밀국로활용 | 이미지 | 포장재질(내면) 비비고 한우사골곰탕 조리방법 | 폴리프로필렌 Pot냉비조리 | 사골추출물(한우사 -개봉하여 냉비에 붓고 중불로 3~4분 조리 | 산)],한우사골추출 | 제소금(국산),한우 | 증진제,마늘농축액, Microwave전자레인지 | 고기,대두 함유 | 반품 및 교환처 | 구입처및 대리점 Double steaming 중탕조리 | 꿀는물에봉지째넣고3~4분 조리 water and cook fors | 습니다","[[""사꿀곰탕"", 152, 114, 8], [""Beef Bone Soup"", 199, 76, 5], [""한과 함께"", 306, 53, 3], [""소기한"", 288, 34, 226], [""의 일함을"", 333, 44, 0], [""2026.09.11"", 316, 61, 330], ["",더출검게!"", 366, 48, 0], [""06:43 F1 F"", 368, 63, 335], [""VAA"", 472, 31, 229], [""엄선한한우 사골을 우려내깊고전안"", 494, 40, 424], [""남도 논산시 연무읍"", 544, 33, 1], [""2"", 552, 22, 404], [""8시간 정성스럽게 고이낸담백한"", 542, 39, 426], [""당(주)진천BLOSS"", 572, 26, 2], [""연출"", 584, 31, 194], [""진천군 진천읍 씨제"", 600, 30, 2], [""다양한 요리의 밀국로활용"", 586, 37, 429], [""이미지"", 610, 31, 192], [""비비고 한우사골곰탕 조리방법"", 636, 49, 203], [""포장재질(내면)"", 658, 34, 33], [""폴리프로필렌"", 690, 35, 36], [""Pot냉비조리"", 679, 34, 202], [""-개봉하여 냉비에 붓고 중불로 3~4분 조리"", 702, 38, 205], [""사골추출물(한우사"", 725, 36, 1], [""산)],한우사골추출"", 756, 39, 0], [""제소금(국산),한우"", 788, 36, 0], [""Microwave전자레인지"", 800, 36, 201], [""증진제,마늘농축액,"", 820, 41, 0], [""고기,대두 함유"", 858, 42, 0], [""반품 및 교환처"", 896, 37, 23], [""Double steaming 중탕조리"", 909, 52, 197], [""구입처및 대리점"", 934, 30, 14], [""꿀는물에봉지째넣고3~4분 조리"", 932, 57, 207], [""water and cook fors"", 929, 64, 424], [""습니다"", 945, 29, 503]]"
000299,2026,05,13,2026-05-13,s1,GCA3 | 2026.05.13 | 영양정보 340g（170gx27H） | 17H(170g)636kcal | 소비기한/ | 보관방법 가정에서는 냉장고 냉동실 보관)  | 제조원:농업회사법인 지엔티(주)/ | 업소명 | 및소재지,"[[""GCA3"", 192, 28, 456], [""2026.05.13"", 294, 37, 266], [""영양정보"", 436, 48, 88], [""340g（170gx27H）"", 420, 32, 321], [""17H(170g)636kcal"", 446, 33, 345], [""소비기한/"", 624, 30, 73], [""보관방법"", 650, 27, 73], [""가정에서는 냉장고 냉동실 보관) "", 650, 29, 165], [""제조원:농업회사법인 지엔티(주)/"", 676, 25, 169], [""업소명"", 704, 33, 80], [""및소재지"", 730, 34, 69]]"
000300,2026,05,21,2026-05-21,s1,1개당 1일영양성분 기준치에대한비율 | 보 나트륨20mg 14% 지방10g 19% | 360g 15g 5% 트랜스지방0g | 당류2g 2% 포화지방1.9g 13% | 당 40g13%12g 22% | cal | BD-L | 소비기한 | 2026.05.21 | 까지,"[[""1개당"", 279, 22, 45], [""보"", 298, 37, 0], [""1일영양성분 기준치에대한비율"", 288, 30, 367], [""나트륨20mg"", 306, 40, 51], [""14%"", 310, 31, 244], [""지방10g"", 312, 40, 290], [""19%"", 320, 38, 491], [""360g"", 330, 29, 0], [""15g"", 338, 34, 56], [""5%"", 341, 26, 256], [""트랜스지방0g"", 345, 42, 325], [""당류2g"", 370, 39, 73], [""2%"", 370, 30, 256], [""포화지방1.9g"", 374, 42, 325], [""13%"", 382, 38, 443], [""40g13%12g"", 402, 41, 59], [""당"", 403, 22, 1], [""22%"", 414, 37, 481], [""cal"", 428, 25, 0], [""BD-L"", 477, 36, 485], [""소비기한"", 529, 34, 203], [""2026.05.21"", 582, 40, 240], [""까지"", 630, 29, 474]]"
000301,2027,04,09,2027-04-09,s1,157kcal | OTHER | 소비기한 | 2027.04.09 | 까지,"[[""OTHER"", 494, 27, 529], [""157kcal"", 514, 32, 23], [""소비기한"", 568, 29, 23], [""2027.04.09"", 580, 53, 186], [""까지"", 642, 26, 666]]"
000302,2026,03,15,2026-03-15,s1,2026.03.15 | SSA3 | UrISpy | 고메,"[[""2026.03.15"", 368, 40, 165], [""SSA3"", 439, 42, 512], [""UrISpy"", 552, 80, 436], [""고메"", 756, 92, 169]]"
000303,2026,07,31,2026-07-31,s1,"풀어주세요 号450mlm 부드러운 양지고기 | 더꿀여주면 맛있는 남해안산 미역 | 간이달라질 수있으니, | 소고기,조개류(굴,바지락)함유 | 가지 | 냉동보관 반품 및 교환장소 고객상 실구입 | 84 | 1000 | kcal 비닐류 | 양성분 139 DAESANG OTHER | 한비율 | 72% 소비기한: | 2% | 1% 26.07.31 | 13% 까지 | 12% 고객상담실 | 3% 80019-9119） | 9% 8801052130583 -18 C이하 | 냉동보관 소비자중심)","[[""号450mlm"", 12, 24, 0], [""양지고기"", 17, 27, 437], [""풀어주세요"", 26, 25, 0], [""부드러운"", 27, 28, 195], [""남해안산 미역"", 48, 33, 195], [""더꿀여주면 맛있는"", 44, 41, 0], [""간이달라질 수있으니,"", 80, 39, 0], [""소고기,조개류(굴,바지락)함유"", 318, 28, 10], [""가지"", 346, 30, 0], [""실구입"", 362, 39, 440], [""냉동보관"", 377, 32, 2], [""반품 및 교환장소 고객상"", 372, 38, 212], [""84"", 392, 25, 445], [""1000"", 516, 31, 0], [""비닐류"", 528, 26, 544], [""kcal"", 544, 29, 4], [""DAESANG"", 564, 34, 409], [""양성분"", 574, 29, 0], [""139"", 570, 37, 95], [""OTHER"", 570, 31, 532], [""한비율"", 595, 28, 0], [""72%"", 620, 28, 2], [""소비기한:"", 623, 34, 101], [""2%"", 648, 29, 12], [""1%"", 678, 26, 17], [""26.07.31"", 682, 54, 284], [""13%"", 706, 29, 10], [""까지"", 698, 31, 559], [""고객상담실"", 748, 39, 425], [""12%"", 762, 25, 17], [""3%"", 789, 26, 25], [""80019-9119）"", 776, 43, 366], [""9%"", 813, 24, 29], [""8801052130583"", 819, 28, 109], [""-18 C이하"", 818, 27, 420], [""소비자중심)"", 827, 22, 495], [""냉동보관"", 840, 25, 417]]"
000304,2026,06,01,2026-06-01,s1,EH3 | 2026.06.01 까지 | 20:44 | 상 계란옷 고소하고부드러운 콤직하게 | 풍부한 | 1.20170.c 다채로 | 2해동시키지 않은 냉동 | 고 아래기준에 맞게,"[[""EH3"", 360, 39, 429], [""2026.06.01"", 422, 41, 208], [""까지"", 414, 33, 441], [""20:44"", 469, 40, 211], [""고소하고부드러운"", 777, 29, 80], [""계란옷"", 791, 25, 85], [""콤직하게"", 784, 21, 265], [""상"", 802, 22, 0], [""풍부한"", 814, 41, 485], [""다채로"", 838, 38, 486], [""1.20170.c"", 866, 32, 92], [""2해동시키지 않은 냉동"", 883, 30, 92], [""고 아래기준에 맞게"", 897, 34, 112]]"
000305,2026,02,24,2026-02-24,erode5,스비기한: | 26.02.24,"[[""스비기한:"", 312, 40, 29], [""26.02.24"", 376, 42, 171]]"
000306,2026,09,16,2026-09-16,s1,AC1 | 떡갈비 2026.09.16 까지 | okgalbi 12:41 | Rich and Juicy Meat | 연출 The Live | 이미지 | 즐기는법 | 비비고 남도 떡갈비,"[[""AC1"", 358, 24, 504], [""까지"", 397, 20, 498], [""떡갈비"", 442, 72, 0], [""2026.09.16"", 428, 39, 246], [""12:41"", 468, 41, 240], [""okgalbi"", 490, 33, 0], [""Rich and Juicy Meat"", 625, 64, 332], [""연출"", 825, 39, 228], [""The Live"", 822, 65, 340], [""이미지"", 857, 39, 211], [""비비고 남도 떡갈비"", 930, 47, 153], [""즐기는법"", 894, 82, 356]]"
000307,2025,11,14,2025-11-14,s1,소비 25.11.142 | 기한 09:51 H15 | 폴리는 | 운항,"[[""25.11.142"", 348, 52, 294], [""소비"", 360, 29, 221], [""기한"", 382, 25, 222], [""09:51"", 388, 36, 293], [""H15"", 380, 55, 413], [""폴리는"", 429, 72, 24], [""운항"", 524, 130, 0]]"
000308,2025,12,04,2025-12-04,s1,"2025.12.04B2 | 05:25 김성대 | ,육습부","[[""2025.12.04B2"", 298, 45, 166], [""05:25"", 347, 41, 166], [""김성대"", 342, 43, 315], ["",육습부"", 698, 175, 232]]"
000309,2027,04,01,2027-04-01,s1,"품명꿀땅콩 | 원산지중국산 | 땅콩,밀 | 설에서 제조하고 있습니다. | 300g | 영양정보 100g% 520kcal | 28952%33% 80113300680 | 量0mg0%17g31% | OTHER | 2027.04.0108 | HC02F2","[[""품명꿀땅콩"", 53, 28, 82], [""원산지중국산"", 72, 53, 535], [""땅콩,밀"", 197, 42, 607], [""설에서 제조하고 있습니다."", 356, 50, 86], [""300g"", 413, 26, 439], [""영양정보"", 441, 59, 80], [""100g%"", 437, 20, 395], [""520kcal"", 434, 28, 442], [""80113300680"", 500, 39, 575], [""28952%33%"", 510, 57, 94], [""量0mg0%17g31%"", 546, 43, 102], [""OTHER"", 582, 20, 548], [""2027.04.0108"", 683, 49, 157], [""HC02F2"", 725, 54, 223]]"
000310,2026,07,28,2026-07-28,s1,"제조및(주)석보유통 | 2011044104650 | 원재료명 | 축액,해바라기씨유)]20% 호두함유 | 정보 200g20g122kcal | 레스테롤Omg0% 단백질3g/6% | 소비기한 2026.07.28 까지 | 종이 | 809019711769","[[""제조및(주)석보유통"", 82, 25, 199], [""2011044104650"", 125, 22, 198], [""원재료명"", 206, 27, 196], [""축액,해바라기씨유)]20%"", 240, 26, 304], [""호두함유"", 242, 27, 551], [""정보"", 268, 26, 226], [""200g20g122kcal"", 266, 23, 387], [""레스테롤Omg0%"", 341, 22, 205], [""단백질3g/6%"", 340, 22, 408], [""소비기한"", 570, 28, 193], [""2026.07.28"", 569, 29, 333], [""까지"", 568, 27, 603], [""종이"", 718, 33, 541], [""809019711769"", 746, 28, 247]]"
000311,2026,08,09,2026-08-09,s1,"제품명매일견과 요거트 본제품은 땅콩,돼지고기, | 식품의 유형 땅콩 또는 견과류 가공품 L200g（970kcal）[20g（97kcal)x107H 제품과 동일한 제조라인어 | 반품 및 교환 구입처 및편 | ：031-575-50 | 원재료 자제품의 크기가 일정하지 | 및함량 | 호두,우유,대두 함유 | 소비기한별데표기일기 포장재질(내면)폴리프로필린 | 영양정보 200g（970kcal 해결기준에 의거 고환 | 17H(20g)97kcal | 나트륨 11g3% 3g3% | 지방59 9% | 콜레스테롤 mg0 | 1일 영양성분 기준치에내한 비율(%) | 소비기한 | 2026년08월09일까지 8809036","[[""제품명매일견과 요거트"", 150, 29, 36], [""본제품은 땅콩,돼지고기,"", 149, 30, 595], [""식품의 유형 땅콩 또는 견과류 가공품"", 182, 34, 32], [""L200g（970kcal）[20g（97kcal)x107H"", 180, 27, 277], [""제품과 동일한 제조라인어"", 176, 23, 599], [""반품 및 교환 구입처 및편"", 200, 26, 598], [""：031-575-50"", 225, 30, 594], [""원재료"", 296, 31, 32], [""자제품의 크기가 일정하지"", 300, 30, 586], [""및함량"", 328, 36, 35], [""호두,우유,대두 함유"", 370, 34, 419], [""소비기한별데표기일기"", 407, 34, 35], [""포장재질(내면)폴리프로필린"", 406, 29, 178], [""200g（970kcal"", 432, 29, 404], [""해결기준에 의거 고환"", 427, 26, 604], [""영양정보"", 448, 47, 32], [""17H(20g)97kcal"", 453, 36, 432], [""나트륨"", 489, 28, 47], [""11g3%"", 484, 26, 332], [""3g3%"", 483, 34, 443], [""지방59"", 520, 31, 48], [""9%"", 512, 23, 543], [""콜레스테롤"", 552, 33, 46], [""mg0"", 551, 29, 155], [""1일 영양성분 기준치에내한 비율(%)"", 583, 32, 38], [""소비기한"", 621, 36, 39], [""2026년08월09일까지"", 662, 44, 329], [""8809036"", 657, 28, 609]]"
000312,2026,08,26,2026-08-26,s1,N | VIXEB BUTS | Coffee Peawtr Larer smack Fruds | 스냉을혼합하여 | 영양을 한번에 Bawana dhip | 앤 믹스너츠 | 간식#단짠믹스 | asted Alword | Glvinous Rive coatodl Peanut | 2026.08.26 | 450g.228kcal 860839%.0早二5% 퍼아믹스,"[[""N"", 43, 50, 1], [""BUTS"", 76, 156, 223], [""VIXEB"", 113, 105, 5], [""Fruds"", 150, 65, 594], [""Larer smack"", 160, 45, 507], [""Coffee Peawtr"", 189, 60, 328], [""스냉을혼합하여"", 268, 61, 0], [""Bawana dhip"", 277, 76, 247], [""영양을 한번에"", 296, 64, 0], [""앤 믹스너츠"", 324, 67, 0], [""간식#단짠믹스"", 396, 73, 0], [""asted Alword"", 552, 50, 197], [""Glvinous"", 618, 67, 212], [""Rive coatodl Peanut"", 632, 126, 183], [""2026.08.26"", 690, 41, 246], [""퍼아믹스"", 841, 174, 353], [""450g.228kcal"", 868, 111, 3], [""860839%.0早二5%"", 914, 96, 8]]"
000313,2026,03,17,2026-03-17,s2,mMi지퍼포장 | 2026.03.17011 | 튀기지 않아 담백 | 고온 복사십 유탕처리 N이! | 고온 복사열로 구워 | 질리지 않는 또 | 국산 사양벌꿀과 비 | 진동 효과 | 33 곡물 장인의 노 | 1979号号 | 바삭 바스 | 고온의 공기를 이요 | 제품명,"[[""mMi지퍼포장"", 298, 29, 162], [""튀기지 않아 담백"", 412, 57, 326], [""고온 복사십"", 476, 21, 245], [""유탕처리 N이!"", 517, 52, 474], [""고온 복사열로 구워"", 578, 45, 473], [""질리지 않는 또"", 665, 56, 475], [""국산 사양벌꿀과 비"", 730, 62, 468], [""진동 효과"", 774, 33, 320], [""33"", 802, 27, 374], [""곡물 장인의 노"", 827, 74, 469], [""1979号号"", 883, 75, 467], [""바삭"", 936, 41, 488], [""제품명"", 947, 26, 168], [""고온의 공기를 이요"", 945, 33, 332], [""바스"", 945, 29, 550], [""2026.03.17011"", 346, 28, 182]]"
000314,2026,09,01,2026-09-01,s1,오는 | 좋은 | GOOD TODAY | 번구워 더구수한 | 륨지 2026.09.01升B | corched Rice 연출된예 | 10,"[[""오는"", 134, 99, 194], [""좋은"", 216, 99, 195], [""GOOD TODAY"", 276, 33, 195], [""번구워 더구수한"", 409, 40, 3], [""륨지"", 489, 115, 0], [""2026.09.01升B"", 441, 64, 349], [""연출된예"", 544, 26, 583], [""corched Rice"", 566, 31, 0], [""10"", 868, 114, 485]]"
000315,2026,07,19,2026-07-19,s1,20260719,"[[""20260719"", 532, 84, 249]]"
000316,2027,03,01,2027-03-01,s1,"수 소비기한 16:37 3-1 2027.03.01 | 까지 | 조리방법 | 간을 좋아하는분들은 불양을조절해도좋습니다. | 국수,떡 등을 넣어서 조리하면 기호에 따라소금,후추,김게","[[""수"", 510, 121, 13], [""소비기한"", 468, 31, 145], [""2027.03.01"", 486, 35, 382], [""16:37 3-1"", 518, 35, 382], [""까지"", 536, 27, 615], [""조리방법"", 702, 37, 93], [""간을 좋아하는분들은 불양을조절해도좋습니다."", 742, 53, 0], [""국수,떡 등을 넣어서 조리하면"", 938, 44, 0], [""기호에 따라소금,후추,김게"", 934, 57, 348]]"
000317,2025,11,15,2025-11-15,s1,20251115办天 | 0814108,"[[""20251115办天"", 557, 49, 250], [""0814108"", 600, 41, 287]]"
000318,2025,11,09,2025-11-09,s1,"2025.11.09 | 도 VOW | LH引T1500 | F8B/경기도성남중원문촌대로 | 14(www.dongwonfnb.com) | 리투아니아.이탈리아 등),정제소금 | 천일열(호추산)),조미액,대두유,설탕 | 게농축액 L-글루담산나트륨(향미증진제) | 린,프필렌글리콜),혼합제제(폴리글리세","[[""2025.11.09"", 390, 57, 277], [""도"", 416, 57, 6], [""VOW"", 425, 38, 302], [""LH引T1500"", 587, 34, 188], [""F8B/경기도성남중원문촌대로"", 618, 39, 79], [""14(www.dongwonfnb.com)"", 644, 34, 73], [""리투아니아.이탈리아 등),정제소금"", 770, 45, 32], [""천일열(호추산)),조미액,대두유,설탕"", 802, 49, 41], [""게농축액 L-글루담산나트륨(향미증진제)"", 830, 48, 38], [""린,프필렌글리콜),혼합제제(폴리글리세"", 915, 56, 16]]"
000319,2026,02,14,2026-02-14,s1,제02 | 냉장보관/소비기한 | 2026. 02. 14  | 11:19 E1509 | BH5 | 천 현지의 맛을 집에서 즐기는 | 라탕면,"[[""제02"", 30, 31, 472], [""냉장보관/소비기한"", 386, 40, 277], [""2026. 02. 14 "", 462, 45, 305], [""11:19 E1509"", 503, 40, 309], [""BH5"", 526, 25, 241], [""천"", 699, 137, 18], [""현지의 맛을"", 695, 46, 162], [""집에서 즐기는"", 725, 43, 170], [""라탕면"", 854, 210, 9]]"
000320,2025,11,12,2025-11-12,s1,"내콤달콤 도통폴깃 9방보 | 각유부초밥 | 4 첨가 | 빙초산,스테비울배당체 | 착색료(3-카로틴),라밀색소 | 제조일자: | 2025.08.13早 | 0g 0~10℃ 소비기한: 2025.11.12外 | kcal) 냉장보관 | 29","[[""9방보"", 107, 42, 512], [""도통폴깃"", 126, 39, 140], [""내콤달콤"", 135, 52, 3], [""각유부초밥"", 208, 111, 0], [""4"", 348, 87, 307], [""첨가"", 364, 49, 431], [""빙초산,스테비울배당체"", 394, 33, 334], [""착색료(3-카로틴),라밀색소"", 413, 31, 321], [""제조일자:"", 634, 32, 224], [""2025.08.13早"", 660, 46, 318], [""2025.11.12外"", 699, 43, 318], [""0g"", 728, 47, 0], [""0~10℃"", 724, 37, 66], [""소비기한:"", 714, 31, 226], [""kcal)"", 761, 24, 0], [""냉장보관"", 756, 37, 70], [""29"", 818, 26, 36]]"
000321,2025,10,29,2025-10-29,s1,4% | 2025.10.29加 | K | 사조 | 우리,"[[""4%"", 31, 26, 401], [""2025.10.29加"", 412, 57, 132], [""K"", 678, 75, 184], [""사조"", 893, 28, 48], [""우리"", 940, 24, 55]]"
000322,2025,10,29,2025-10-29,s1,2025. 10. 29 IOO | 사조 | 우리,"[[""2025. 10. 29 IOO"", 410, 56, 153], [""사조"", 874, 33, 40], [""우리"", 922, 29, 44]]"
000323,2025,12,21,2025-12-21,s1,바김 초밥 방재전방 | 양반 | 새콤한맛 | 들어있어요 | 향반 | 들기름김 | 개봉방법 | K 산한연고리 | 레몬사워 디평소스 | 디디 | 제조일자: | 2025.09.22早E | 미개 디평소스 소비기한: 2025.12.21 | 개 1개 | %,"[[""바김"", 18, 27, 3], [""초밥"", 97, 198, 0], [""방재전방"", 42, 47, 539], [""양반"", 196, 69, 403], [""새콤한맛"", 230, 103, 0], [""들어있어요"", 294, 49, 440], [""향반"", 304, 30, 297], [""들기름김"", 351, 53, 263], [""개봉방법"", 378, 26, 385], [""K"", 408, 31, 399], [""레몬사워 디평소스"", 428, 67, 449], [""산한연고리"", 411, 49, 466], [""디디"", 472, 50, 384], [""제조일자:"", 647, 38, 175], [""2025.09.22早E"", 680, 39, 310], [""미개"", 728, 32, 0], [""디평소스"", 730, 35, 49], [""2025.12.21"", 725, 52, 308], [""소비기한:"", 740, 35, 175], [""개"", 766, 63, 0], [""1개"", 770, 52, 45], [""%"", 824, 40, 8]]"
000324,2027,05,15,2027-05-15,s1,"*量显100% (원물원료:사골,한우,다시마,양파,마늘,대파,무) | 호박산, | 3 이산화규소 카제인나트륨 | 1000] 10001 | 꿀는,물에 1분링을 3 분링으로 완성한 | 1개 넣고 약 1분간 물에 다양한 요러를 | 국물을 우려줍니다. 시작해보세요! | *3의 시 뜨거운 물에 데지 않도록 조심하십시 | PAb | 출물:호주산),콩발효추출 2027.05.15E22A3 | 말NM,함유,진국육수분말. | 충가루 | 쇠고기,우유,대두,밀 함유 영양정보 80g 205kcal | 210 | 326%0g | 콜레스테롤5mg2% | （%）2.000kcal | 열량에 따라 다를 수 있습니다. | 850-12001666-5471（q.co.k","[[""*量显100%"", 18, 37, 324], [""(원물원료:사골,한우,다시마,양파,마늘,대파,무)"", 29, 58, 320], [""3"", 82, 89, 332], [""호박산,"", 59, 28, 475], [""카제인나트륨"", 77, 22, 476], [""이산화규소"", 96, 28, 472], [""10001"", 264, 31, 445], [""1000]"", 286, 34, 123], [""3"", 314, 44, 351], [""분링으로 완성한"", 302, 38, 421], [""꿀는,물에 1분링을"", 322, 43, 77], [""물에 다양한 요러를"", 329, 36, 411], [""1개 넣고 약 1분간"", 348, 42, 76], [""시작해보세요!"", 358, 33, 428], [""국물을 우려줍니다."", 375, 40, 74], [""*3의 시 뜨거운 물에 데지 않도록 조심하십시"", 388, 25, 361], [""PAb"", 489, 32, 597], [""2027.05.15E22A3"", 574, 55, 256], [""출물:호주산),콩발효추출"", 600, 29, 9], [""말NM,함유,진국육수분말."", 628, 33, 10], [""충가루"", 654, 28, 0], [""80g"", 655, 42, 550], [""영양정보"", 684, 62, 205], [""쇠고기,우유,대두,밀 함유"", 688, 41, 2], [""205kcal"", 680, 39, 588], [""210"", 724, 36, 1], [""326%0g"", 758, 59, 333], [""콜레스테롤5mg2%"", 789, 54, 405], [""（%）2.000kcal"", 846, 69, 423], [""열량에 따라 다를 수 있습니다."", 875, 76, 425], [""850-12001666-5471（q.co.k"", 918, 79, 398]]"
000325,2025,11,03,2025-11-03,s1,"Reo디 | 단판단판 감칠맛넘치는 간장소스 | 식품유형 만들기어려운 반숙 장조림을간편하게 | 별도표시일까지 | 소비기한 | 영양정보 300g | 100g116kcal | 조재지 | 원재료명 喜813mg | 당제l, 청양고추엑기스 지방1Ag | 트랜스지방0g | 산도조절 포화지방4.1g | 207 | 단백질7g | 기준이므로 개인의 필요 1일 영양성분 기준치에대한 | 202104230298 | 원·본 제품은초비자기 | 준에 의거 교환 | 없이 | 냉장보관하시 | 88098697 | 쇠고기 | HACCP | 서유래한 | 하고드시면 됩니다 각마이므로제거 25.11.03","[[""Reo디"", 10, 21, 61], [""단판단판 감칠맛넘치는 간장소스"", 91, 31, 409], [""만들기어려운 반숙 장조림을간편하게"", 114, 37, 408], [""식품유형"", 114, 44, 14], [""별도표시일까지"", 124, 31, 71], [""소비기한"", 136, 41, 16], [""300g"", 175, 48, 557], [""영양정보"", 178, 27, 451], [""100g116kcal"", 199, 54, 531], [""조재지"", 206, 46, 18], [""원재료명"", 248, 40, 17], [""喜813mg"", 256, 36, 484], [""당제l,"", 284, 30, 49], [""지방1Ag"", 300, 39, 480], [""청양고추엑기스"", 299, 51, 45], [""트랜스지방0g"", 332, 46, 502], [""산도조절"", 347, 32, 397], [""포화지방4.1g"", 359, 46, 504], [""207"", 387, 42, 489], [""단백질7g"", 414, 39, 493], [""1일 영양성분 기준치에대한"", 444, 43, 496], [""기준이므로 개인의 필요"", 456, 33, 502], [""202104230298"", 473, 34, 107], [""원·본 제품은초비자기"", 498, 25, 261], [""준에 의거 교환"", 519, 24, 212], [""없이"", 544, 21, 343], [""냉장보관하시"", 568, 29, 346], [""88098697"", 592, 34, 524], [""쇠고기"", 618, 25, 351], [""HACCP"", 724, 23, 572], [""서유래한"", 744, 31, 93], [""각마이므로제거"", 767, 44, 62], [""하고드시면 됩니다"", 790, 51, 60], [""25.11.03"", 787, 54, 221]]"
000326,2025,10,18,2025-10-18,s1,011399 | 영양정보 70g98kcal | 0g0%4.2g8% | 2025.10.18讲,"[[""011399"", 424, 25, 380], [""영양정보"", 500, 37, 76], [""70g98kcal"", 493, 32, 293], [""0g0%4.2g8%"", 561, 36, 81], [""2025.10.18讲"", 770, 35, 200]]"
000327,2025,10,21,2025-10-21,s1,"마토 미트볼 LIE县860mg 43% | 까지 절취,전자레인지에 조리후 169 5% | 司三至。 (700w 1是 40至, 1000w 1号) 당류89 8% | 20 37% | 봉지째 넣고 10분 데운후 트랜스지방09 | 개봉하여드세요. 포화지방69 40% | 크기에 따라 조리시간이 달라질 수 있습니다 콜레스테롤60mg | 포장재질(내면):폴리프로필렌 13 20% | 1 24% | (주) | 112 | 스-다이스드토마토(미국산),크러쉬 있습니다 | 332% | 34.% | TA10 | 단백,정제소금,해피부스터,비프소스 토 | 흑후추로일,난백분말,혼합제제(폴리인산 25.10.21A 16:24 | 나트륨),카라기단,카라멜색소 | 고기,대두,계란,밀,닭고기 함유 까지 | 햇부분을 평팽하게 당겨서 질 세워 | 화상을 입을 수 있으니 주의하십시오 고객행복센터 | 수 있으니 드실 때 조심하시기 바랍 소중한의견을기다립니다 | 태로 조리하세요.(제품이 터질 수 있습 080-850-1200 | 말이 있을수있 | ·본제품의 1666-5471（号） | 에의한 검은 점 cj.co.kr | 있습니다.·제품 내 | 셔도 됩니다.·이 제품은  0~10℃ | 호두,오징어,조개류(굴,전복 메밀 HACCP 냉장보관 | 조시설에서 제조하고 있습니다. OTHER | 드시 냉장보관하시고 바로 드십시오 | 수 있으니 주의하십시오.)·부정·불 | 품은 소비자 분쟁해결기준에 의거 | 품 및 교환장소:전국판매적또 | 7626994","[[""43%"", 48, 33, 574], [""마토 미트볼"", 67, 78, 0], [""LIE县860mg"", 71, 34, 329], [""5%"", 76, 40, 577], [""169"", 96, 42, 326], [""8%"", 106, 36, 576], [""까지 절취,전자레인지에 조리후"", 112, 51, 0], [""당류89"", 123, 32, 348], [""37%"", 135, 41, 568], [""司三至。 (700w 1是 40至, 1000w 1号)"", 132, 55, 1], [""20"", 150, 34, 326], [""봉지째 넣고 10분 데운후"", 174, 48, 0], [""트랜스지방09"", 164, 52, 342], [""포화지방69"", 189, 46, 342], [""40%"", 200, 40, 556], [""개봉하여드세요."", 205, 40, 0], [""콜레스테롤60mg"", 216, 55, 314], [""크기에 따라 조리시간이 달라질 수 있습니다"", 225, 52, 0], [""20%"", 232, 43, 553], [""포장재질(내면):폴리프로필렌"", 251, 48, 18], [""13"", 249, 38, 315], [""24%"", 263, 42, 553], [""1"", 283, 42, 0], [""(주)"", 314, 35, 0], [""112"", 334, 39, 0], [""스-다이스드토마토(미국산),크러쉬"", 351, 56, 0], [""있습니다"", 360, 42, 310], [""332%"", 377, 54, 0], [""34.%"", 402, 49, 0], [""TA10"", 419, 34, 545], [""토"", 445, 20, 274], [""단백,정제소금,해피부스터,비프소스"", 452, 41, 2], [""25.10.21A"", 474, 43, 370], [""흑후추로일,난백분말,혼합제제(폴리인산"", 478, 41, 0], [""16:24"", 478, 28, 549], [""나트륨),카라기단,카라멜색소"", 504, 27, 4], [""까지"", 522, 30, 624], [""고기,대두,계란,밀,닭고기 함유"", 536, 25, 3], [""햇부분을 평팽하게 당겨서 질 세워"", 567, 28, 17], [""화상을 입을 수 있으니 주의하십시오"", 593, 32, 21], [""고객행복센터"", 585, 38, 431], [""수 있으니 드실 때 조심하시기 바랍"", 618, 35, 26], [""소중한의견을기다립니다"", 610, 38, 428], [""태로 조리하세요.(제품이 터질 수 있습"", 642, 43, 0], [""080-850-1200"", 640, 31, 412], [""말이 있을수있"", 664, 31, 18], [""·본제품의"", 674, 24, 179], [""1666-5471（号）"", 667, 38, 413], [""cj.co.kr"", 697, 30, 414], [""에의한"", 708, 29, 6], [""검은 점"", 714, 26, 65], [""있습니다.·제품 내"", 737, 36, 8], [""셔도 됩니다.·이 제품은 "", 766, 46, 6], [""0~10℃"", 748, 39, 517], [""메밀"", 778, 25, 198], [""HACCP"", 776, 27, 323], [""냉장보관"", 773, 44, 518], [""호두,오징어,조개류(굴,전복"", 795, 50, 3], [""조시설에서 제조하고 있습니다."", 822, 59, 0], [""OTHER"", 814, 29, 405], [""드시 냉장보관하시고 바로 드십시오"", 852, 69, 0], [""수 있으니 주의하십시오.)·부정·불"", 880, 80, 0], [""품은 소비자 분쟁해결기준에 의거"", 909, 84, 0], [""품 및 교환장소:전국판매적또"", 928, 67, 0], [""7626994"", 941, 37, 457]]"
000328,2025,12,25,2025-12-25,s1,"0 은 | GOO | TODAK | 표첨가스,더국건강하게 | 치자단무지와 | 우엉절 | Pickled Radish Arid Burdock | 2025.12.25外 5 | 소브산칼륨 | %5%% | 소비기 일면는 | 15/080-917-1004 | 조롯데평(주)/서울특별 8 | 발효식초,효소처리스테비아(김","[[""은"", 30, 58, 310], [""0"", 24, 21, 299], [""GOO"", 53, 44, 276], [""TODAK"", 73, 20, 318], [""표첨가스,더국건강하게"", 183, 92, 101], [""치자단무지와"", 267, 113, 96], [""우엉절"", 380, 107, 102], [""Pickled Radish Arid Burdock"", 464, 33, 105], [""5"", 506, 71, 466], [""2025.12.25外"", 536, 35, 235], [""소브산칼륨"", 555, 78, 528], [""%5%%"", 653, 60, 97], [""소비기"", 688, 24, 367], [""일면는"", 702, 58, 554], [""15/080-917-1004"", 740, 33, 143], [""조롯데평(주)/서울특별"", 761, 52, 101], [""8"", 757, 20, 569], [""발효식초,효소처리스테비아(김"", 806, 52, 102]]"
000329,2025,12,25,2025-12-25,s1,오는 | 좋은 | GOOD TODAY | 하게톡터지는 | 사비맛쌈무 | d Wasabi Radish 2025.12.25外 연출된예 곡산 | 9 | 나트 수화물 당류 지방 트랜스지방 포화지방 콜레스테 단백질 | 34% 3% 7% 0% 0g 0% 0% 2% HACCP | 0g 0g 0mg 1g | 롯데쇼평취/서울특별시 중구 남대문로 81(소,"[[""오는"", 200, 86, 320], [""좋은"", 271, 86, 321], [""GOOD TODAY"", 324, 27, 323], [""하게톡터지는"", 401, 32, 4], [""사비맛쌈무"", 472, 94, 6], [""d Wasabi Radish"", 545, 34, 0], [""곡산"", 543, 36, 655], [""2025.12.25外"", 558, 50, 213], [""연출된예"", 556, 38, 494], [""9"", 639, 47, 0], [""나트"", 702, 26, 14], [""수화물"", 700, 28, 89], [""당류 지방 트랜스지방 포화지방 콜레스테 단백질"", 695, 44, 141], [""3%"", 732, 33, 89], [""0%"", 732, 31, 194], [""0%"", 728, 33, 342], [""0%"", 725, 32, 425], [""2%"", 724, 34, 501], [""HACCP"", 720, 25, 648], [""34%"", 733, 26, 14], [""7%"", 731, 34, 148], [""0g"", 743, 34, 263], [""0g"", 754, 20, 199], [""0g"", 750, 29, 342], [""0mg"", 750, 27, 424], [""1g"", 746, 23, 498], [""롯데쇼평취/서울특별시 중구 남대문로 81(소"", 857, 28, 10]]"
000330,2025,11,02,2025-11-02,s1,"포장재질(내면): | F1-2019045 김치/비살균제품 49500799刘 | BLOSSOM CAMPUS | 115-23F4 | 사/경기도 환성시 전북지자전한군부귀면가 | 장기한 상온에 노출될 견우 변질될 우려가 있으니 개봉후 | 재품용가 | 과가루로 선당한 빛깔 25.10.04 성 | 25.11.02 소비자중십 | 에드내상 대통량상 수상 F1 | 는 먹드기 되습습니다. | 900g AB7 | 100g30kcal | 탄수화물6g2% | 지방0g0% 김치양품이 | 포화지방0g0% | #上#量2g4% | 의데를 수있습니다. (배(국산),CJ김치양념베이스,채소류(국산) | CJ새우액정,하선정멸치액정골드(멸치(국산)], | 080-850-1200 생강페이스트(생강:국산),유산균배양액 5291 | 새우,대두 함유 880100","[[""포장재질(내면):"", 138, 33, 421], [""김치/비살균제품"", 154, 35, 280], [""F1-2019045"", 168, 31, 277], [""49500799刘"", 169, 34, 427], [""BLOSSOM CAMPUS"", 191, 32, 432], [""사/경기도 환성시"", 236, 23, 268], [""115-23F4"", 228, 22, 439], [""전북지자전한군부귀면가"", 250, 49, 261], [""장기한 상온에 노출될 견우 변질될 우려가 있으니 개봉후"", 329, 58, 216], [""과가루로 선당한 빛깔"", 447, 24, 95], [""25.10.04"", 450, 35, 332], [""성"", 476, 61, 582], [""재품용가"", 448, 25, 627], [""25.11.02"", 488, 33, 335], [""에드내상 대통량상 수상"", 504, 28, 113], [""소비자중십"", 500, 29, 626], [""는 먹드기 되습습니다."", 533, 25, 102], [""F1"", 526, 21, 341], [""900g"", 580, 40, 120], [""AB7"", 583, 31, 396], [""100g30kcal"", 602, 41, 117], [""탄수화물6g2%"", 627, 44, 114], [""지방0g0%"", 651, 36, 121], [""포화지방0g0%"", 678, 48, 118], [""#上#量2g4%"", 699, 52, 107], [""김치양품이"", 680, 58, 584], [""의데를 수있습니다."", 734, 32, 138], [""(배(국산),CJ김치양념베이스,채소류(국산)"", 740, 44, 234], [""CJ새우액정,하선정멸치액정골드(멸치(국산)],"", 759, 48, 234], [""080-850-1200"", 765, 30, 147], [""생강페이스트(생강:국산),유산균배양액"", 774, 48, 237], [""새우,대두 함유"", 792, 25, 329], [""5291"", 792, 32, 624], [""880100"", 808, 29, 549]]"
000331,2025,10,31,2025-10-31,s1,2025.10.31 | 오는 | 좋은 | GOOD TODAY | 한 우엉과 단무지가들어가 감칠맛이 나는 | 가지곳 꿀찬,"[[""2025.10.31"", 312, 45, 271], [""오는"", 469, 126, 292], [""좋은"", 571, 122, 295], [""GOOD TODAY"", 648, 33, 302], [""한 우엉과 단무지가들어가 감칠맛이 나는"", 817, 55, 1], [""가지곳"", 903, 98, 10], [""꿀찬"", 900, 97, 224]]"
000332,2025,10,22,2025-10-22,s1,"소비기한 FD4 | 2025.10.22 J337 | 삼호어묵 까지 | 가루로 폴깃하고,도통해서 탱글한 | 도통사각","[[""FD4"", 378, 38, 494], [""소비기한"", 395, 36, 250], [""2025.10.22 J337"", 450, 40, 315], [""까지"", 492, 29, 522], [""삼호어묵"", 522, 75, 20], [""가루로 폴깃하고,도통해서 탱글한"", 716, 66, 3], [""도통사각"", 824, 181, 8]]"
000333,2025,11,07,2025-11-07,s1,장충동 8 족발 2025.11.07开,"[[""8"", 534, 69, 175], [""족발"", 530, 61, 248], [""장충동"", 538, 67, 32], [""2025.11.07开"", 531, 54, 389]]"
000334,2026,03,15,2026-03-15,s1,냉장보관/소비기한 | 2026. 03. 15  | DC5 03:41 A1609 | 산겨울무로 담가 | 시원한 동치미 육수,"[[""냉장보관/소비기한"", 340, 52, 238], [""2026. 03. 15 "", 426, 51, 290], [""03:41 A1609"", 470, 45, 289], [""DC5"", 490, 28, 215], [""산겨울무로 담가"", 664, 146, 1], [""시원한 동치미 육수"", 751, 158, 0]]"
000335,2025,11,28,2025-11-28,s1,"생줄면 | 길이 들어간비발 | 생품면사리 | 두지생폴면 | 판매1등 | *NIQ 그리아 | 양념비밤장 |건조고명 2020~2024 | 55g 49 452.g | 2/1 2개 (1,050 kcal) | 조리에 | 2025.11.28外","[[""생줄면"", 117, 137, 10], [""길이 들어간비발"", 246, 36, 0], [""생품면사리"", 274, 43, 0], [""두지생폴면"", 409, 54, 516], [""판매1등"", 500, 85, 440], [""양념비밤장"", 550, 33, 44], [""|건조고명"", 558, 39, 132], [""*NIQ 그리아"", 551, 33, 515], [""55g"", 572, 29, 58], [""49"", 582, 39, 163], [""452.g"", 586, 45, 265], [""2020~2024"", 570, 37, 472], [""2/1"", 605, 26, 52], [""2개"", 607, 28, 144], [""(1,050 kcal)"", 616, 38, 228], [""조리에"", 670, 43, 619], [""2025.11.28外"", 769, 52, 296]]"
000336,2025,11,20,2025-11-20,s1,소비 25.11.202 | 기한 16:00 126 | 냉세트 2 | 1인분 개별포장×4개,"[[""소비"", 286, 37, 170], [""25.11.202"", 290, 44, 296], [""기한"", 312, 35, 173], [""16:00"", 329, 40, 296], [""126"", 328, 33, 481], [""냉세트"", 736, 192, 0], [""2"", 716, 157, 459], [""1인분 개별포장×4개"", 834, 40, 509]]"
000337,2025,12,09,2025-12-09,s1,"6.7号寸3%， | 이크01%함유 | 75.5g 수제비/장갈제비소스/건조고명)김깨고명 467g | 27H127H/27H (1,150kcal) | 2025.12.09","[[""6.7号寸3%，"", 515, 30, 205], [""이크01%함유"", 532, 27, 161], [""467g"", 560, 31, 269], [""수제비/장갈제비소스/건조고명)김깨고명"", 563, 39, 0], [""75.5g"", 586, 25, 0], [""(1,150kcal)"", 585, 36, 258], [""27H127H/27H"", 600, 47, 62], [""2025.12.09"", 682, 59, 220]]"
000338,2026,05,28,2026-05-28,s1,AKA | 2026.05.28 까지 | 14:48 | LIFE,"[[""AKA"", 346, 39, 451], [""까지"", 432, 33, 476], [""2026.05.28"", 447, 62, 200], [""14:48"", 498, 53, 193], [""LIFE"", 758, 36, 104]]"
000339,2026,08,18,2026-08-18,s1,2026.08.18外D | 여러분들의 품을음원합니다 | 고한갈바는 | 기분준은 품식 맛이 화,"[[""2026.08.18外D"", 405, 44, 242], [""여러분들의 품을음원합니다"", 435, 42, 240], [""고한갈바는"", 588, 55, 472], [""화"", 620, 40, 529], [""맛이"", 628, 29, 474], [""기분준은 품식"", 647, 146, 0]]"
000340,2026,08,11,2026-08-11,s1,OPEN | 26.08.11 | A7 F2,"[[""OPEN"", 302, 31, 489], [""26.08.11"", 410, 45, 247], [""A7 F2"", 446, 38, 336]]"
000341,2026,04,29,2026-04-29,s1,"영양정보 | 430mg | 탄수화물 55g | 당류 9g | 지방 6.2g | 트랜스지방 0g | 포화지방 0.8g | 콜레스테롤 14.8mg 5% | 단백질 11.6g 21% | 돼지고기,복숭아, 080-929-1001 | 포함),잣을사용 고객 지원실 | (수신자 요금부담) | 천일식품(주) | ChuniL | 다. | 바로 보관 HACCP | OTHER | 380128428 | 2026.04.29","[[""영양정보"", 70, 36, 215], [""430mg"", 122, 30, 296], [""55g"", 140, 28, 309], [""탄수화물"", 146, 27, 212], [""당류"", 166, 25, 224], [""9g"", 159, 24, 298], [""6.2g"", 177, 26, 300], [""지방"", 186, 24, 211], [""0g"", 200, 29, 335], [""트랜스지방"", 202, 29, 224], [""0.8g"", 220, 31, 328], [""포화지방"", 222, 27, 223], [""14.8mg"", 242, 33, 334], [""콜레스테롤"", 244, 31, 209], [""5%"", 244, 22, 512], [""11.6g"", 262, 32, 307], [""단백질"", 268, 29, 208], [""21%"", 266, 22, 509], [""돼지고기,복숭아,"", 374, 31, 0], [""080-929-1001"", 382, 31, 386], [""포함),잣을사용"", 394, 33, 0], [""고객 지원실"", 393, 34, 264], [""(수신자 요금부담)"", 408, 26, 416], [""천일식품(주)"", 485, 38, 301], [""ChuniL"", 516, 26, 219], [""다."", 544, 31, 0], [""바로 보관"", 568, 32, 0], [""HACCP"", 568, 21, 504], [""OTHER"", 603, 24, 409], [""380128428"", 627, 32, 229], [""2026.04.29"", 793, 54, 272]]"
000342,2026,06,22,2026-06-22,s1,비 2026.06.22,"[[""2026.06.22"", 488, 53, 295], [""비"", 490, 23, 159]]"
000343,2025,12,30,2025-12-30,s1,2025.12.30！ | 소비기한,"[[""2025.12.30！"", 526, 39, 210], [""소비기한"", 551, 34, 81]]"
000344,2026,08,04,2026-08-04,s1,Cet | wave | 2026.08.04/1918B | 까지 | 소불고기 | 구운주먹밥 | 조리방법,"[[""Cet"", 204, 63, 563], [""wave"", 244, 53, 564], [""2026.08.04/1918B"", 395, 56, 173], [""까지"", 460, 41, 624], [""소불고기"", 632, 142, 40], [""구운주먹밥"", 792, 167, 34], [""조리방법"", 943, 33, 26]]"
000345,2026,04,09,2026-04-09,s1,소비기한 2026.04.09川 | KAVIARPRODUCTNO.173 | KAVIAR PRODUCT TEAM Director 홍정훈 Devel | 삼원가든 한우닭은 설렁탕을 맛있게 즐 | 해동방법 개봉하지 않은 상태로 후르는 물에 1~2시간 담 | 12시간 이내로 해동해주세요. | 직접가열조리 | 충분히 가열하여 드세요,"[[""소비기한"", 467, 44, 44], [""2026.04.09川"", 480, 51, 232], [""KAVIARPRODUCTNO.173"", 594, 39, 17], [""KAVIAR PRODUCT TEAM"", 730, 54, 22], [""Director 홍정훈"", 728, 45, 459], [""Devel"", 722, 28, 650], [""삼원가든 한우닭은 설렁탕을 맛있게 즐"", 778, 57, 242], [""해동방법"", 834, 35, 108], [""개봉하지 않은 상태로 후르는 물에 1~2시간 담"", 835, 52, 255], [""12시간 이내로 해동해주세요."", 870, 34, 257], [""직접가열조리"", 894, 35, 96], [""충분히 가열하여 드세요"", 934, 39, 259]]"
000346,2026,05,15,2026-05-15,s1,포화지방0.8g | HACCP | 비닐류 | 803103 002825 | OTHER | 소비기한 | 2026.05.15,"[[""포화지방0.8g"", 397, 24, 413], [""HACCP"", 474, 23, 528], [""비닐류"", 544, 22, 566], [""803103"", 578, 39, 151], [""002825"", 573, 33, 321], [""OTHER"", 591, 30, 551], [""소비기한"", 668, 43, 67], [""2026.05.15"", 712, 55, 120]]"
000347,2027,05,26,2027-05-26,s1,베미춘 함날감자 | 하고 있습니다 | 일영양성분 1일영양성분 | 기준치에대한비율 100g 기준치에대한비율 | 营353mg 18% 6% | 영 탄수화물23g 7% 트랜스지방0g | 당류0g 0% 포화지방1g 7% | 콜레스테롤0mg 단백질2.8g | 130kcal | OTHER | 소비기한 | 2027.05.26 | 까지,"[[""베미춘 함날감자"", 35, 42, 499], [""하고 있습니다"", 388, 29, 262], [""일영양성분"", 416, 21, 258], [""1일영양성분"", 408, 32, 432], [""100g"", 424, 21, 341], [""기준치에대한비율"", 434, 26, 222], [""기준치에대한비율"", 426, 34, 406], [""6%"", 447, 20, 489], [""营353mg"", 466, 25, 148], [""18%"", 460, 21, 295], [""탄수화물23g"", 492, 29, 123], [""7%"", 487, 20, 304], [""트랜스지방0g"", 482, 31, 347], [""영"", 510, 46, 71], [""포화지방1g"", 508, 29, 348], [""7%"", 502, 21, 488], [""당류0g"", 523, 24, 135], [""0%"", 514, 22, 302], [""단백질2.8g"", 536, 29, 342], [""콜레스테롤0mg"", 548, 32, 124], [""130kcal"", 568, 39, 5], [""OTHER"", 562, 23, 512], [""소비기한"", 632, 32, 16], [""2027.05.26"", 671, 45, 260], [""까지"", 700, 25, 643]]"
000348,2026,04,02,2026-04-02,s1,"폴리에틸렌 | 포장재질 2014044901878 | 품목보고 | 400g | 영양정보 100g302kcal 반품및 교환장소:구입처및판매원 | 본제품은소비자기본법에따른 손비자 | 1일영양성분 | 100gg 기준치에대한비율 취급,보관시주의사항:보관방법 미준 | L三号331.2mg 17% 주시기 바랍니다.조리 시 조리기구가 | 탄수화물20g 6% 하십시오.필요한 양만 사용하시고닐 | 한 번에 드시기 바랍니다.특정 원료 | 异0.89g 1% 하신기 바랍니다. | 19.3g 36% 돼지 고기,쇠고기,닭고기,달갈,메 | 트랜스지방0 오장어,조개류(굴,홍합,전복포함 | 포화지방 3.5 23% | 引量31.8mg 11% 온라인 바로구 | 단백질12g 22% (QR코드접속) | www.lotteon.com 에서 | 기준이므로캐인의필요열함에따라다를수있습니다. 검색이 바삭한 생선까스 | 소비기한 | 2026.04.027X","[[""폴리에틸렌"", 52, 31, 290], [""2014044901878"", 82, 42, 289], [""포장재질"", 88, 25, 184], [""품목보고"", 105, 28, 184], [""400g"", 117, 32, 277], [""반품및 교환장소:구입처및판매원"", 132, 38, 418], [""100g302kcal"", 141, 30, 230], [""영양정보"", 146, 59, 158], [""본제품은소비자기본법에따른 손비자"", 152, 38, 421], [""1일영양성분"", 171, 20, 311], [""기준치에대한비율"", 188, 26, 273], [""취급,보관시주의사항:보관방법 미준"", 193, 32, 424], [""100gg"", 196, 45, 157], [""17%"", 217, 24, 334], [""주시기 바랍니다.조리 시 조리기구가"", 216, 33, 428], [""L三号331.2mg"", 226, 55, 151], [""하십시오.필요한 양만 사용하시고닐"", 240, 33, 428], [""6%"", 248, 30, 358], [""탄수화물20g"", 260, 48, 151], [""한 번에 드시기 바랍니다.특정 원료"", 266, 30, 431], [""1%"", 284, 31, 360], [""异0.89g"", 292, 41, 162], [""하신기 바랍니다."", 293, 28, 431], [""36%"", 318, 33, 352], [""19.3g"", 326, 35, 149], [""돼지 고기,쇠고기,닭고기,달갈,메"", 322, 29, 430], [""트랜스지방0"", 361, 34, 157], [""오장어,조개류(굴,홍합,전복포함"", 352, 29, 437], [""포화지방 3.5"", 397, 34, 159], [""23%"", 396, 29, 351], [""온라인 바로구"", 417, 43, 531], [""引量31.8mg"", 434, 32, 148], [""11%"", 432, 28, 350], [""(QR코드접속)"", 452, 29, 531], [""단백질12g"", 470, 36, 151], [""22%"", 468, 28, 352], [""www.lotteon.com 에서"", 479, 28, 530], [""검색이 바삭한 생선까스"", 504, 33, 533], [""기준이므로캐인의필요열함에따라다를수있습니다."", 520, 36, 150], [""소비기한"", 572, 31, 157], [""2026.04.027X"", 599, 34, 298]]"
000349,2025,12,07,2025-12-07,s1,BIC 한대sg  간 | 정보 BLNWEIT 원/스 에선까스 | 간편하게 완성되는 진짜 전문점 방식 | 쉬림프카츠입니다 | 안전관리인 | 비닐류 (소비자증심) HACCP | 8801114154199 | OTHER | 2025:12.07 | 소비기한,"[[""BIC"", 224, 65, 91], [""한대sg "", 240, 33, 229], [""간"", 238, 25, 468], [""원/스"", 265, 40, 232], [""에선까스"", 266, 54, 428], [""정보"", 285, 50, 33], [""BLNWEIT"", 278, 21, 100], [""간편하게 완성되는 진짜 전문점 방식"", 432, 22, 514], [""쉬림프카츠입니다"", 450, 26, 558], [""안전관리인"", 536, 21, 369], [""비닐류"", 558, 29, 170], [""(소비자증심)"", 556, 37, 255], [""HACCP"", 551, 24, 369], [""8801114154199"", 580, 24, 490], [""OTHER"", 600, 31, 155], [""2025:12.07"", 644, 34, 367], [""소비기한"", 674, 27, 86]]"
000350,2027,05,15,2027-05-15,s1,"식품형 해바라기유 | 제조업소:BASSO FEDELE& | 업소껑및 FIGLIS.R.L. | 소개지 수입판매업소:롯데쇼평취롯데마트 | 사업본부/서울특별시송파구올림피로 | 269（ | 소기한 제품의 별도 표기일까지(년/월/일 순) | 원 료명 100%） | 포장 개질(내면) 용기:PET,뚜껑:PE | 2027/05/15 | L51351N1G | 영양정보 100ml820kca 1.000m | 나트륨0mg 0% 0g0%0g | 91g169% | 콜레스테롤0mg0% 단백질0g 0% | 뚜:LDPE 3004123017466 | 라벨:PP","[[""식품형"", 238, 31, 170], [""해바라기유"", 238, 28, 256], [""제조업소:BASSO FEDELE&"", 264, 27, 263], [""업소껑및"", 289, 28, 171], [""FIGLIS.R.L."", 282, 26, 264], [""수입판매업소:롯데쇼평취롯데마트"", 302, 27, 267], [""소개지"", 312, 27, 179], [""사업본부/서울특별시송파구올림피로"", 320, 28, 266], [""269（"", 340, 27, 267], [""소기한"", 364, 28, 175], [""제품의 별도 표기일까지(년/월/일 순)"", 363, 30, 259], [""원"", 387, 20, 178], [""료명"", 388, 25, 189], [""100%）"", 386, 28, 239], [""포장 개질(내면) 용기:PET,뚜껑:PE"", 412, 30, 161], [""2027/05/15"", 568, 33, 293], [""L51351N1G"", 597, 34, 293], [""1.000m"", 641, 32, 409], [""영양정보"", 667, 52, 174], [""100ml820kca"", 662, 33, 399], [""0g0%0g"", 692, 39, 307], [""나트륨0mg 0%"", 704, 33, 170], [""91g169%"", 736, 33, 173], [""단백질0g 0%"", 754, 33, 347], [""콜레스테롤0mg0%"", 765, 36, 175], [""뚜:LDPE"", 924, 24, 210], [""3004123017466"", 924, 49, 314], [""라벨:PP"", 940, 24, 217]]"
000351,2026,05,03,2026-05-03,s1,300g | 영양정보 100g475kcal | 量15g5% | 看820mg41% 46g85% | 早弄11g11% 747% (수인류원 | 랜스지방0.5g 미만 단백질0g0% | 量20mg7% | 이므로 개인의 필요 열량에 따라 다를 수 있습니다. | 소비기한: 2026.05.03 | 10:44,"[[""300g"", 366, 33, 390], [""영양정보"", 382, 51, 253], [""100g475kcal"", 383, 30, 373], [""量15g5%"", 402, 30, 365], [""看820mg41%"", 408, 38, 256], [""46g85%"", 420, 27, 366], [""早弄11g11%"", 428, 31, 256], [""747%"", 439, 30, 367], [""(수인류원"", 438, 29, 482], [""랜스지방0.5g 미만"", 444, 32, 255], [""단백질0g0%"", 459, 28, 367], [""量20mg7%"", 462, 30, 257], [""이므로 개인의 필요 열량에 따라 다를 수 있습니다."", 492, 28, 257], [""소비기한:"", 612, 20, 248], [""2026.05.03"", 626, 33, 353], [""10:44"", 650, 32, 377]]"
000352,2026,08,27,2026-08-27,s1,스테이크소스는 포도주로속성하여 각종 | 을부드럽고 깊게해주는 소스입니다. | 오랜노하우와 성으로 만들어정통 소스의 | 했습니다. | 470g100g 12kcd | 180mg90全量27g8% | 당류 26926%090% | 포화지방0g 0% | 제울 0g 0% | 단백점 1g미만1% | 2026.08.27 | 0919 까지 | 주식회사 오뚜기,"[[""포도주로속성하여 각종"", 258, 35, 345], [""스테이크소스는"", 258, 29, 269], [""깊게해주는 소스입니다."", 273, 30, 346], [""을부드럽고"", 274, 29, 266], [""성으로 만들어정통 소스의"", 288, 32, 344], [""오랜노하우와"", 289, 28, 266], [""했습니다."", 305, 28, 265], [""470g100g 12kcd"", 340, 33, 319], [""180mg90全量27g8%"", 365, 39, 258], [""당류"", 396, 27, 248], [""26926%090%"", 388, 37, 259], [""포화지방0g 0%"", 412, 28, 338], [""제울"", 442, 41, 243], [""0g 0%"", 438, 29, 290], [""단백점"", 465, 34, 247], [""1g미만1%"", 462, 32, 307], [""2026.08.27"", 528, 37, 266], [""0919"", 552, 25, 299], [""까지"", 554, 22, 431], [""주식회사 오뚜기"", 608, 49, 306]]"
000353,2026,03,08,2026-03-08,s1,"운크림맛데콤함을동시에 | 클까르보나다파스타 소스 | 은 바쁜 일상에 쇼평만큼은 편안하게 하고 싶은 | 게 고민 없이 편리한 쇼평 경험을 제공합니다. | 2026. 03.08 L1 | 타만들기 | 제품) 소비기한 후면 상단표시일까지 | 유,대두,밀,닭고기,쇠고기 함유 | 리프로필렌  2000044304 23218 | 광선을 피해","[[""운크림맛데콤함을동시에"", 328, 53, 0], [""클까르보나다파스타 소스"", 356, 99, 0], [""은 바쁜 일상에 쇼평만큼은 편안하게 하고 싶은"", 409, 56, 0], [""게 고민 없이 편리한 쇼평 경험을 제공합니다."", 430, 55, 0], [""2026. 03.08 L1"", 461, 52, 265], [""타만들기"", 574, 33, 0], [""소비기한 후면 상단표시일까지"", 652, 49, 183], [""제품)"", 673, 26, 0], [""유,대두,밀,닭고기,쇠고기 함유"", 856, 46, 0], [""23218"", 856, 31, 441], [""리프로필렌"", 888, 29, 0], ["" 2000044304"", 875, 54, 188], [""광선을 피해"", 944, 31, 314]]"
000354,2027,07,06,2027-07-06,s1,"LH客525 조원:농업회사법인데이웰(주) | /전북무 264-34 | 유통전문판매원 알티스트/서울특별시 영등포구 | 异人堂15,12 원재료명 및 함량:알륨로스 시럽, | 효소처 테비아,나한과추출분말 | (나한 量100%/ | ：201 496065261 | 피하시고 개봉후어 껑을닫아 서늘한 곳에 보관하십시오 | 포장 용기(PET)/뚜껑(PE) | 소비자 상담실:02 13-3388 | 구입처주의사항본 우유,메밀,땅콩,대두밀,복숭아 토마토, | 호두를사용한제품 은제조시설에서 제조하고있습니다. | 효르는 제형으로사용 양조절에 유의하세요 보관 중 침전이 | 생길수있으나말 스고유 성분이므로 안심하고 드셔도 | 좋습니다.사용후 부분에 내용물이 국으면 갈안 열릴 수 | 있으므로잘닭아뚜 닫아서 보관해주십시오 취급부주의로 | 인한 포장 파손 될 가능성이 있으니 드시지 마시고 | 하시기바랍니다. | 본 제품은 공정거래원원회 고시 소비자분해결 기준에 의거 교환 | 또는 보상받으실 수 있습니다. | 1139 | 영양정보 5258 | 100g15kcal | 알로스67g | 소비기한: 2027.07.06 | HACCP | 뚜껑:PE 8809568426084 | 라벨:PP | ALTist","[[""조원:농업회사법인데이웰(주)"", 20, 42, 310], [""LH客525"", 25, 42, 205], [""264-34"", 40, 40, 316], [""/전북무"", 44, 38, 225], [""알티스트/서울특별시 영등포구"", 64, 45, 316], [""유통전문판매원"", 68, 46, 196], [""원재료명 및 함량:알륨로스 시럽,"", 86, 45, 317], [""异人堂15,12"", 89, 48, 192], [""테비아,나한과추출분말"", 105, 44, 316], [""효소처"", 108, 36, 245], [""(나한"", 132, 32, 255], [""量100%/"", 129, 37, 318], [""496065261"", 154, 45, 316], [""：201"", 158, 43, 182], [""껑을닫아 서늘한 곳에 보관하십시오"", 176, 44, 317], [""피하시고 개봉후어"", 182, 39, 180], [""포장"", 201, 26, 260], [""용기(PET)/뚜껑(PE)"", 196, 31, 319], [""13-3388"", 221, 40, 314], [""소비자 상담실:02"", 227, 38, 179], [""우유,메밀,땅콩,대두밀,복숭아 토마토,"", 245, 42, 325], [""구입처주의사항본"", 249, 44, 161], [""은제조시설에서 제조하고있습니다."", 268, 41, 320], [""호두를사용한제품"", 272, 38, 173], [""양조절에 유의하세요 보관 중 침전이"", 290, 37, 321], [""효르는 제형으로사용"", 294, 36, 171], [""스고유 성분이므로 안심하고 드셔도"", 314, 35, 324], [""생길수있으나말"", 318, 39, 178], [""부분에 내용물이 국으면 갈안 열릴 수"", 336, 37, 318], [""좋습니다.사용후"", 342, 41, 174], [""닫아서 보관해주십시오 취급부주의로"", 360, 39, 321], [""있으므로잘닭아뚜"", 365, 36, 169], [""인한 포장 파손"", 388, 35, 184], [""될 가능성이 있으니 드시지 마시고"", 384, 29, 323], [""하시기바랍니다."", 407, 26, 324], [""본 제품은 공정거래원원회 고시 소비자분해결 기준에 의거 교환"", 432, 46, 160], [""또는 보상받으실 수 있습니다."", 455, 33, 268], [""1139"", 480, 35, 241], [""5258"", 514, 21, 457], [""영양정보"", 530, 33, 198], [""100g15kcal"", 533, 26, 440], [""알로스67g"", 588, 25, 193], [""소비기한:"", 672, 27, 199], [""2027.07.06"", 680, 38, 300], [""HACCP"", 774, 20, 208], [""뚜껑:PE"", 795, 28, 272], [""8809568426084"", 796, 35, 348], [""라벨:PP"", 816, 27, 273], [""ALTist"", 854, 38, 326]]"
000355,2028,06,17,2028-06-17,s1,2028.06.17까지 | 14.25,"[[""2028.06.17까지"", 506, 53, 203], [""14.25"", 540, 45, 275]]"
000356,2027,03,17,2027-03-17,s1,"제조원 566 | 유통전문 (주)사조대림/경기도 | 판매원 125 | 포장재질 용기-폴리에틸렌테레프탈레이트 | (내면)뚜껑-폴리에틸렌 | 199104430241681 | 보관방법실온보관(개봉후 냉장보관) | -본 제품은 공정거래위원회 고시 소비자 분쟁해 | 결기준에 의거 교환 또는 보상 받을 수 있습니다. | -반품 및 교환장소:구입처 및 고객상담실-고객 | ：080-900-6133(）dr.sajo.0 | kr-본 제품은 밀,달갈,대두,우유 고등어게,새우 | 쇠고기,닭고기,오징어,돼지고기,토마토, 메밀,땅 | 콩,복숭아,아황산류,호두 조개류굴,전복,홍합포 | 함)를 사용한 제품과 같은 제조시설에서 제조하 | 고 있습니다.-원료에서 기인한 침전물이 발생할 | 수 있으니 혼들어서 사용해주세요 | 1399 | 8801039006610 LDPE 리일:OTHER | 소비기한 | 2027.03.17 Ax | 500g/10032kcal | 7.886mg 394 %不0g 0% | 탄수화물59 2% 트랜스지방0g | 당류3g 3% 포화지방0g 0% | 0mg0%3 5%","[[""제조원"", 24, 33, 129], [""566"", 25, 31, 192], [""유통전문"", 60, 34, 126], [""(주)사조대림/경기도"", 52, 31, 193], [""판매원"", 81, 30, 131], [""125"", 72, 32, 191], [""포장재질 용기-폴리에틸렌테레프탈레이트"", 101, 44, 126], [""(내면)뚜껑-폴리에틸렌"", 124, 47, 133], [""199104430241681"", 150, 47, 126], [""보관방법실온보관(개봉후 냉장보관)"", 177, 46, 139], [""-본 제품은 공정거래위원회 고시 소비자 분쟁해"", 206, 49, 132], [""결기준에 의거 교환 또는 보상 받을 수 있습니다."", 233, 50, 130], [""-반품 및 교환장소:구입처 및 고객상담실-고객"", 259, 50, 134], [""：080-900-6133(）dr.sajo.0"", 286, 51, 132], [""kr-본 제품은 밀,달갈,대두,우유 고등어게,새우"", 314, 46, 134], [""쇠고기,닭고기,오징어,돼지고기,토마토, 메밀,땅"", 340, 46, 136], [""콩,복숭아,아황산류,호두 조개류굴,전복,홍합포"", 368, 49, 135], [""함)를 사용한 제품과 같은 제조시설에서 제조하"", 396, 47, 136], [""고 있습니다.-원료에서 기인한 침전물이 발생할"", 424, 46, 136], [""수 있으니 혼들어서 사용해주세요"", 452, 43, 139], [""1399"", 480, 43, 144], [""LDPE"", 578, 21, 390], [""8801039006610"", 594, 43, 154], [""리일:OTHER"", 592, 24, 389], [""소비기한"", 644, 35, 144], [""2027.03.17 Ax"", 683, 74, 225], [""500g/10032kcal"", 737, 48, 149], [""0%"", 754, 27, 434], [""7.886mg 394 %不0g"", 769, 47, 147], [""2%"", 795, 35, 293], [""트랜스지방0g"", 786, 37, 348], [""탄수화물59"", 804, 33, 150], [""3%"", 825, 38, 293], [""포화지방0g 0%"", 812, 46, 349], [""당류3g"", 834, 35, 174], [""5%"", 832, 25, 451], [""0mg0%3"", 857, 63, 150]]"
000357,2027,08,11,2027-08-11,s1,"해물 필렌(내면) | 2007039 | 반및환장소 | 이미지사진 | 피 초간단 사용법 | 알류 | 아토마토 | 영양정보 | ,굴)로만들어 80g/130kcal | 시피해물 한 알이면 | 수있습니다. | 73mg24% | 11g19% | 고객서 | 0-900-6133 | dr.sajo.co.kr | SAJO 사조대림 | 2027.08.11 | OTHER","[[""필렌(내면)"", 77, 20, 511], [""2007039"", 94, 21, 515], [""반및환장소"", 146, 36, 463], [""해물"", 176, 50, 30], [""이미지사진"", 249, 41, 96], [""피 초간단 사용법"", 292, 64, 0], [""알류"", 384, 30, 181], [""아토마토"", 396, 39, 177], [""80g/130kcal"", 421, 34, 454], [""영양정보"", 464, 53, 162], [""11g19%"", 514, 34, 445], ["",굴)로만들어"", 520, 52, 0], [""시피해물 한 알이면"", 540, 57, 0], [""73mg24%"", 543, 80, 158], [""수있습니다."", 568, 42, 0], [""고객서"", 626, 30, 244], [""사조대림"", 634, 40, 565], [""0-900-6133"", 644, 31, 255], [""dr.sajo.co.kr"", 670, 39, 226], [""SAJO"", 665, 30, 482], [""2027.08.11"", 754, 56, 248], [""OTHER"", 871, 40, 17]]"
000358,2027,09,16,2027-09-16,s1,SAUCE | 2027.0916城,"[[""SAUCE"", 339, 62, 381], [""2027.0916城"", 586, 48, 238]]"
000359,2028,08,16,2028-08-16,s1,서울기법 | 2028.0816周自 | 안전은 정보 약속,"[[""서울기법"", 109, 37, 156], [""2028.0816周自"", 490, 35, 232], [""안전은"", 516, 35, 191], [""정보"", 517, 34, 310], [""약속"", 514, 28, 508]]"
000360,2026,02,13,2026-02-13,erode3,"25. 08. 19 정조 | 26. 02. 13 까지 | 화류멸치볶음 게 특첨가 | 정장원이 만든 더욱 맛있는 반찬 | 원 반찬은?내 카의 맛과 영양을위한 현명한선택입니다. | 원과와 메치를 따트 볶아 더 고소하고 바삭합니다. | 강정원 견과류밀치볶은 식품유형 조류(균제 | 포면상단표 7 품목보고번호 200304490095 | 내포장재질 리프로렌 | 마는.이질는 정재소을,소스 이재동","[[""특첨가"", 558, 56, 475], [""정장원이 만든 더욱 맛있는 반찬"", 640, 40, 47], [""원 반찬은?내 카의 맛과 영양을위한 현명한선택입니다."", 678, 48, 0], [""원과와 메치를 따트 볶아 더 고소하고 바삭합니다."", 706, 39, 7], [""강정원 견과류밀치볶은"", 759, 29, 23], [""식품유형"", 766, 27, 250], [""조류(균제"", 762, 33, 343], [""포면상단표"", 786, 17, 33], [""7"", 786, 9, 151], [""품목보고번호"", 790, 23, 239], [""200304490095"", 784, 34, 350], [""내포장재질"", 813, 26, 243], [""리프로렌"", 808, 38, 340], [""25. 08. 19"", 340, 39, 355], [""26. 02. 13"", 373, 37, 356], [""정조"", 336, 35, 542], [""까지"", 369, 36, 543], [""화류멸치볶음"", 538, 86, 5], [""게"", 518, 105, 433], [""마는.이질는 정재소을,소스 이재동"", 852, 67, 199]]"
000361,2026,12,19,2026-12-19,erode5,샘표 | 믿0 2026.12.19 | 반동특 15.52E,"[[""샘표"", 267, 55, 481], [""믿0"", 446, 21, 39], [""반동특"", 480, 27, 79], [""2026.12.19"", 442, 63, 266], [""15.52E"", 474, 51, 267]]"
000362,2026,08,11,2026-08-11,s1,"욱시원한 | 기육개장 | 초리법 | 식품유형측석조리식품 | L350g | 품목보고번호 | 소비기한별도표시일까지 | 우유,대두,밀,토 | 영양 영양정보 350g/120kcal ·이 제품은알류,메밀,땅콩,고등 | 三层1.460mg73%含量 9g3% 호두,닭고기,오징어,조개류굴 | 4g 4%지방 6g11% 제품과 같은 제조시설에서 제조1 | 트랜스지방 0g 1.4g9% 개봉한 제품은변질될우려가 | 본 제품은 공정거래위원회 고사 | 20mg7% 단백질 8g15% 또는 보상받을 수 있습니다.·부 | %2000kcal 제품에 이상이 있을 경우 취식하 | 보관방법 미준수시에는 변질등 | 제켜주시기바랍니다.·소비 | 2026.08.11 요금부담)·조리치자리를뜨 | 조리시 많는 물에 화상을입 | A2-2 안준혁 홈에 손가락을 베이지 않도록 | The 미식의 모든 상품들은 | 더미식올에서 만나보실 수 HACCP | OTHER | 있습니다. | F 0 | www.the-mishik.com.","[[""기육개장"", 44, 90, 286], [""욱시원한"", 22, 39, 366], [""초리법"", 69, 27, 576], [""식품유형측석조리식품"", 102, 74, 147], [""L350g"", 123, 52, 413], [""품목보고번호"", 146, 36, 604], [""소비기한별도표시일까지"", 159, 68, 159], [""우유,대두,밀,토"", 297, 34, 603], [""영양정보"", 318, 40, 151], [""350g/120kcal"", 317, 44, 264], [""·이 제품은알류,메밀,땅콩,고등"", 334, 45, 530], [""영양"", 330, 26, 156], [""三层1.460mg73%含量"", 356, 47, 149], [""9g3%"", 358, 34, 438], [""호두,닭고기,오징어,조개류굴"", 361, 44, 542], [""4g 4%지방"", 390, 42, 248], [""6g11%"", 394, 38, 439], [""제품과 같은 제조시설에서 제조1"", 388, 43, 546], [""개봉한 제품은변질될우려가"", 416, 43, 548], [""트랜스지방 0g"", 430, 36, 150], [""1.4g9%"", 428, 39, 341], [""본 제품은 공정거래위원회 고사"", 445, 40, 551], [""20mg7%"", 464, 35, 154], [""단백질"", 462, 31, 324], [""8g15%"", 464, 30, 441], [""또는 보상받을 수 있습니다.·부"", 474, 37, 552], [""%2000kcal"", 497, 36, 152], [""제품에 이상이 있을 경우 취식하"", 505, 30, 553], [""보관방법 미준수시에는 변질등"", 535, 41, 551], [""제켜주시기바랍니다.·소비"", 565, 32, 555], [""2026.08.11"", 606, 48, 187], [""요금부담)·조리치자리를뜨"", 596, 37, 556], [""조리시 많는 물에 화상을입"", 626, 37, 556], [""A2-2"", 665, 54, 175], [""안준혁"", 668, 55, 308], [""홈에 손가락을 베이지 않도록"", 658, 42, 556], [""The 미식의 모든 상품들은"", 733, 53, 253], [""더미식올에서 만나보실 수"", 770, 54, 254], [""HACCP"", 759, 31, 559], [""OTHER"", 785, 31, 638], [""있습니다."", 810, 49, 252], [""F"", 847, 20, 150], [""0"", 852, 27, 177], [""www.the-mishik.com."", 866, 35, 265]]"
000363,2026,04,21,2026-04-21,s1,"간편하게 뚜으세요! | AEASY CUTL | 지국밥 2026.04.21 C 12: 38 | 까지 | Y GUKBAP | 얼큰돼지국밥은 얼큰돼지밥더맛있게 | 아도,얼큰하고 진한 국물을 즐가는 방 | 다. 소면 | 듬떡넣어 깊은맛이 느겨지는 | 티브로 한 제품입니다. | 냉비 조리시 전자레인지 이용서 | 배기에 얼큰돼지국밥을 부은 후 5분 | 43 | 이 증발하여 파질 수 있으니 기호에 맞게 도구에 따라 조리시간이 다를 수 있습니다. 三（10001） | 여드십시오 | 품","[[""간편하게 뚜으세요!"", 224, 41, 440], [""AEASY CUTL"", 255, 46, 456], [""지국밥"", 474, 79, 0], [""2026.04.21 C 12: 38"", 439, 79, 205], [""까지"", 491, 20, 610], [""Y GUKBAP"", 526, 29, 0], [""얼큰돼지밥더맛있게"", 566, 39, 317], [""얼큰돼지국밥은"", 578, 37, 0], [""아도,얼큰하고 진한 국물을"", 613, 32, 0], [""즐가는 방"", 610, 37, 492], [""소면"", 632, 36, 280], [""다."", 641, 24, 0], [""듬떡넣어 깊은맛이 느겨지는"", 676, 35, 1], [""티브로 한 제품입니다."", 702, 29, 0], [""냉비 조리시"", 754, 34, 7], [""전자레인지 이용서"", 745, 47, 425], [""5분"", 791, 34, 253], [""배기에 얼큰돼지국밥을 부은 후"", 795, 32, 0], [""43"", 820, 35, 0], [""도구에 따라 조리시간이 다를 수 있습니다."", 845, 31, 0], [""三（10001）"", 844, 59, 387], [""이 증발하여 파질 수 있으니 기호에 맞게"", 863, 29, 0], [""여드십시오"", 882, 23, 0], [""품"", 944, 25, 2]]"
000364,2026,06,04,2026-06-04,s1,"차동탄장씨 부대지게 | Dongwon | 60g 소비기한 | 하남산 1E-2 | .com) 2026.06.04까지 | 차돌양 | 된장A 수라 차돌된장찌개가 맛있는 이유 | 아채혼 | 건표고 | L-글루 자사기존방식 | 농축액, 자사개선방식 | 출물 열처리시간 | 20%단속 | 함유 시간","[[""차동탄장씨"", 46, 73, 87], [""부대지게"", 58, 57, 413], [""Dongwon"", 352, 39, 326], [""60g"", 469, 36, 0], [""소비기한"", 469, 30, 123], [""하남산"", 541, 32, 0], [""1E-2"", 544, 39, 177], ["".com)"", 569, 28, 0], [""2026.06.04까지"", 571, 40, 178], [""차돌양"", 640, 40, 0], [""된장A"", 680, 35, 2], [""수라 차돌된장찌개가 맛있는 이유"", 695, 55, 130], [""아채혼"", 715, 32, 1], [""건표고"", 747, 36, 0], [""자사기존방식"", 766, 27, 376], [""L-글루"", 781, 40, 0], [""농축액,"", 814, 39, 0], [""자사개선방식"", 807, 38, 414], [""출물"", 850, 40, 0], [""열처리시간"", 845, 20, 228], [""20%단속"", 862, 20, 230], [""함유"", 890, 43, 0], [""시간"", 901, 20, 470]]"
000365,2026,03,11,2026-03-11,s1,"소비기한 | 2026.03.11 | 인레시피로 11:37:11/M31 | 한 요기를가장고 | 전문 브랜입니다. | 치찌개 육통령 | 으로,두품하게 쌀어낸 | 지고기 김치지 개는 | 다. | 맛이 깔끔한 국물 맛 맛있게 먹는 TIP | 기호에 따라수제비,란면 사리등을 | 하게 쌀어낸 돼지고기, 결들여 드셔도 맛있습니다. | 전자레인지 700 | 중탕꿀는물에봉지째 | 제품을넣고5~6분조리 | 냉비뚜껑을열조리하세요. | (제품이 터질 수있습니다)","[[""소비기한"", 371, 30, 162], [""2026.03.11"", 396, 31, 313], [""인레시피로"", 432, 28, 4], [""11:37:11/M31"", 432, 29, 234], [""한 요기를가장고"", 451, 30, 0], [""전문 브랜입니다."", 472, 32, 0], [""치찌개"", 564, 51, 0], [""육통령"", 560, 37, 343], [""으로,두품하게 쌀어낸"", 614, 36, 0], [""지고기 김치지 개는"", 644, 33, 0], [""다."", 669, 28, 0], [""맛이 깔끔한 국물 맛"", 733, 36, 0], [""맛있게 먹는 TIP"", 716, 29, 266], [""기호에 따라수제비,란면 사리등을"", 736, 45, 263], [""하게 쌀어낸 돼지고기,"", 764, 37, 0], [""결들여 드셔도 맛있습니다."", 758, 49, 260], [""전자레인지"", 840, 48, 310], [""중탕꿀는물에봉지째"", 873, 36, 50], [""700"", 848, 85, 310], [""제품을넣고5~6분조리"", 896, 35, 51], [""냉비뚜껑을열조리하세요."", 921, 32, 0], [""(제품이 터질 수있습니다)"", 939, 40, 5]]"
000366,2026,09,05,2026-09-05,s1,"소비기한 | 2026.09.05L2 | 까지 | 있어 초리방법 | 어 | ※오래 꿀이면 쌀 수 있으니 조리시간을준수해주세요. | 스파탐 | 전자레인지 | 송뻔대파, (700) | 토르트식품 품목보고번호 19840532001372","[[""소비기한"", 288, 39, 164], [""2026.09.05L2"", 309, 52, 302], [""까지"", 339, 30, 565], [""있어"", 631, 22, 0], [""초리방법"", 628, 36, 78], [""어"", 680, 23, 0], [""※오래 꿀이면 쌀 수 있으니 조리시간을준수해주세요."", 702, 46, 166], [""스파탐"", 766, 31, 0], [""전자레인지"", 824, 34, 178], [""송뻔대파,"", 840, 30, 0], [""(700)"", 852, 35, 179], [""토르트식품"", 932, 43, 0], [""품목보고번호"", 932, 29, 141], [""19840532001372"", 938, 37, 291]]"
000367,2026,05,18,2026-05-18,s1,"추어탕 Hisit | Our | Website | 소비기한 | 과 함께 | 상을 2026.05.18 | 즐겁게! 01: 53 B. | 0U 4 까지 | 미꾸라지를 같이 | 진한 국물 | 107 | 풍성한시래가 | 토란대와 대과 | 지(중국산),정제 연출 산초,들까가루 | (미얀마산),대파, 이미지 풍미가득 | 합조미식품1,혼합 비비고 남도식추어탕 조리방법 | 3,들깨가루,고춘 Pot 냉비조리 | 제,효모추출물,설 | 쇠고기 함유 -개봉하여 냉비에 붓고 중불로 4~5분 조리 | 오래골이면할수있으니 조리 시간을준수하여 주세요기호에 따비 | Microwave전자레인지","[[""추어탕"", 175, 88, 5], [""Hisit"", 188, 40, 455], [""Our"", 212, 29, 464], [""Website"", 234, 34, 444], [""소비기한"", 299, 44, 168], [""과 함께"", 360, 31, 0], [""2026.05.18"", 374, 39, 308], [""상을"", 391, 30, 0], [""즐겁게!"", 422, 31, 0], [""01: 53 B."", 415, 42, 357], [""까지"", 508, 37, 606], [""0U 4"", 516, 34, 187], [""미꾸라지를 같이"", 566, 32, 490], [""진한 국물"", 594, 32, 490], [""107"", 628, 37, 0], [""풍성한시래가"", 633, 36, 491], [""토란대와 대과"", 660, 27, 494], [""연출"", 708, 36, 179], [""산초,들까가루"", 705, 34, 495], [""지(중국산),정제"", 724, 40, 1], [""이미지"", 734, 29, 181], [""풍미가득"", 734, 29, 496], [""(미얀마산),대파,"", 754, 40, 1], [""비비고 남도식추어탕 조리방법"", 778, 47, 192], [""합조미식품1,혼합"", 784, 42, 0], [""3,들깨가루,고춘"", 814, 45, 0], [""Pot 냉비조리"", 817, 30, 191], [""제,효모추출물,설"", 844, 47, 0], [""-개봉하여 냉비에 붓고 중불로 4~5분 조리"", 854, 42, 194], [""쇠고기 함유"", 879, 52, 12], [""오래골이면할수있으니 조리 시간을준수하여 주세요기호에 따비"", 900, 47, 187], [""Microwave전자레인지"", 929, 34, 191]]"
000368,NONE,09,22,NONE-09-22,det5,"SBCRET | 고기를질게 RBCTPE 영양정보 240/kcal | 다져구현한 L巨号960mg48%量13 4% | 정통 유니짜장 白异 11g 11% 15g28% | 장을 트랜스지방0g 포화지방4.2g 28% | 量40mg13%E g 24% | （%2.000kcal 므5 | 개인의 필요 열량에 따라 다를 수 있습니다. | 4 0U | 비닐류 | OTHER 09.22.06:19F3.7 까지 | 꿀는물이용시 | 1促10岁 Z(700W) 꿀는 물에 제품을봉지째 넣고 3분 간데워드십시오 | 0초 *꿀는 물 이용시 파우치믿면(스패당 부분)에 뜨거운물이 고여 화상의 우려가 있으니주의하십시오*개봉시 내용이 퇴지 없드록 | 지 개봉하여주시기 바랍니다. 조리시뚜는근처의내용물을는곳아래로후개봉하십시오*가열후에는우치및내용물이매우거주하십시오 | 제품명 오즈키친 정통직화유니짜장 | 유형 측석조리식품 | 카라엘색소덱스트린,효모추물 대파,참맛짜장양념분 향미증진제 | 난각분말,생강 | 국 | 상 | 원드선정 | 의 상량","[[""SBCRET"", 160, 24, 133], [""영양정보"", 182, 51, 234], [""240/kcal"", 174, 41, 517], [""RBCTPE"", 173, 24, 132], [""고기를질게"", 194, 29, 107], [""4%"", 206, 31, 567], [""다져구현한"", 215, 30, 109], [""L巨号960mg48%量13"", 211, 54, 237], [""정통 유니짜장"", 237, 44, 100], [""白异 11g 11%"", 246, 44, 239], [""15g28%"", 236, 44, 410], [""28%"", 262, 36, 542], [""장을"", 276, 28, 0], [""트랜스지방0g"", 275, 38, 241], [""포화지방4.2g"", 266, 43, 404], [""g 24%"", 295, 32, 555], [""量40mg13%E"", 302, 55, 241], [""므5"", 330, 29, 584], [""（%2.000kcal"", 335, 43, 252], [""개인의 필요 열량에 따라 다를 수 있습니다."", 351, 44, 308], [""4"", 410, 27, 57], [""0U"", 408, 27, 121], [""비닐류"", 438, 38, 43], [""09.22.06:19F3.7"", 454, 42, 293], [""까지"", 469, 40, 587], [""OTHER"", 486, 27, 25], [""꿀는물이용시"", 521, 34, 124], [""1促10岁"", 546, 32, 1], [""Z(700W)"", 547, 24, 64], [""꿀는 물에 제품을봉지째 넣고 3분"", 544, 33, 122], [""간데워드십시오"", 543, 30, 311], [""0초"", 574, 25, 0], [""*꿀는 물 이용시 파우치믿면(스패당 부분)에 뜨거운물이 고여 화상의 우려가 있으니주의하십시오*개봉시"", 570, 29, 125], [""내용이 퇴지 없드록"", 568, 34, 549], [""지 개봉하여주시기 바랍니다."", 598, 29, 0], [""조리시뚜는근처의내용물을는곳아래로후개봉하십시오*가열후에는우치및내용물이매우거주하십시오"", 596, 37, 126], [""제품명"", 646, 32, 99], [""오즈키친 정통직화유니짜장"", 646, 32, 161], [""유형"", 679, 34, 109], [""측석조리식품"", 678, 33, 168], [""카라엘색소덱스트린,효모추물 대파,참맛짜장양념분"", 832, 61, 88], [""향미증진제"", 812, 58, 557], [""난각분말,생강"", 864, 37, 93], [""국"", 888, 19, 2], [""상"", 910, 25, 0], [""원드선정"", 932, 33, 0], [""의 상량"", 952, 15, 0]]"
000369,2027,06,25,2027-06-25,s1,주레하씨자오사이 | 짜장 S1 2027. 06. 25 131 43 E3. | 까지 | 3·분·요.리,"[[""주레하씨자오사이"", 26, 57, 367], [""S1 2027. 06. 25"", 431, 47, 233], [""짜장"", 470, 110, 0], [""131 43 E3."", 466, 37, 282], [""까지"", 486, 29, 487], [""3·분·요.리"", 542, 50, 36]]"
000370,2026,09,02,2026-09-02,clahe,"월 | 구성환흡율 94-5 | 별시 종로구 名星1206登 | 까지 영양정보 | 폴리에틸렌 | 선을 피하고 건초한 실온에 보관 총 내용량 80g | 을 보관할 경우 변질의 우려가 275kcal | 가급적 한번에 드십시오 | 땅콩,공등어.게.새우,복숭아. 슈지 | 잣. 오징어,조개류(굴, mg | 포함)-아황산류 혼입 가능 | 소비자기본법에 의거 교환 | 방3.4 9 | 0 | 교환장소:고객상담실및 트랜스지방0g | .부정·불량식 20 | 9011399 콜레스테롤0mg0% | 고객사실 단백질6g 11% | OTHER %2000 | 00 기준이므로 기피요 연량에 따라 다를 수있습니 | 12503 | 2026.09.02","[[""월"", 186, 8, 463], [""구성환흡율"", 233, 16, 265], [""94-5"", 224, 13, 423], [""별시 종로구"", 249, 20, 256], [""名星1206登"", 242, 24, 395], [""까지"", 267, 16, 163], [""영양정보"", 276, 30, 400], [""폴리에틸렌"", 291, 26, 94], [""총 내용량 80g"", 303, 24, 404], [""선을 피하고 건초한 실온에 보관"", 308, 37, 81], [""275kcal"", 323, 26, 404], [""을 보관할 경우 변질의 우려가"", 328, 39, 106], [""가급적 한번에 드십시오"", 351, 32, 82], [""땅콩,공등어.게.새우,복숭아."", 377, 38, 74], [""슈지"", 362, 7, 531], [""mg"", 385, 14, 533], [""잣. 오징어,조개류(굴,"", 399, 34, 74], [""포함)-아황산류 혼입 가능"", 422, 40, 65], [""소비자기본법에 의거 교환"", 445, 37, 63], [""방3.4"", 463, 16, 427], [""9"", 464, 8, 499], [""0"", 468, 9, 605], [""트랜스지방0g"", 490, 28, 433], [""교환장소:고객상담실및"", 495, 44, 33], ["".부정·불량식"", 522, 47, 27], [""20"", 526, 11, 375], [""9011399"", 552, 33, 7], [""콜레스테롤0mg0%"", 548, 33, 414], [""고객사실"", 580, 38, 17], [""단백질6g"", 579, 22, 420], [""11%"", 580, 24, 552], [""OTHER"", 612, 21, 241], [""%2000"", 608, 26, 416], [""00"", 630, 17, 376], [""기준이므로"", 629, 20, 419], [""기피요 연량에 따라 다를 수있습니"", 626, 25, 497], [""12503"", 645, 38, 20], [""2026.09.02"", 674, 43, 196]]"
000371,2026,02,15,2026-02-15,s1,2026.02.15  07:36:57 L1,"[[""2026.02.15  07:36:57 L1"", 454, 39, 196]]"
000372,2026,09,15,2026-09-15,s1,"SECRET | RECIPE | 밤을넣어 | 고소한 맛을 전자레인지조리시 | 한층더한팥죽 | 二（0010 | SECRET | RECIPE | 통팥을직접삶아 꿀는물 이용시 | 쌀과함께 데워드십시오 에제품을녹지재공고왜에품간 | 몽근하게인 | 동지판죽 | *데우지않고 드셔도됩니다. | 量450g 첨가 | 495kcal 첨가 -네오탐(2,미료) -아세설쌈칼a(감미-이스파담입미료 | 二号92g28% | 7g13% 소비기한 | 2.7g18% | 16g29% 2026.09.15.F4.15:21.5 | 므로 개인의 필요 열량에 따라 다를 수 있습니다 까지 | 제품명 오즈키친 동지판죽 | 유형 측석조리식품 | 원료명 | 고 싶은 | 4,정성을 검정찰현미,정제소금,덱스트린 | 행복한 하루 | 소비기한 상단표시일까지 | 비닐류 | 품목보고번호 F4)19920308038115 | THER","[[""SECRET"", 58, 27, 139], [""RECIPE"", 76, 25, 137], [""밤을넣어"", 102, 32, 126], [""고소한 맛을"", 126, 30, 117], [""전자레인지조리시"", 110, 33, 402], [""한층더한팥죽"", 154, 36, 114], [""二（0010"", 166, 55, 397], [""SECRET"", 237, 26, 88], [""RECIPE"", 254, 22, 89], [""통팥을직접삶아"", 278, 33, 57], [""꿀는물 이용시"", 268, 37, 406], [""에제품을녹지재공고왜에품간"", 288, 41, 403], [""쌀과함께"", 302, 30, 75], [""데워드십시오"", 306, 31, 406], [""몽근하게인"", 324, 36, 68], [""동지판죽"", 348, 36, 76], [""*데우지않고 드셔도됩니다."", 356, 30, 408], [""첨가"", 390, 29, 402], [""量450g"", 406, 23, 72], [""첨가"", 418, 25, 364], [""-아세설쌈칼a(감미-이스파담입미료"", 408, 23, 402], [""495kcal"", 426, 23, 79], [""-네오탐(2,미료)"", 424, 20, 402], [""二号92g28%"", 454, 23, 22], [""7g13%"", 480, 21, 1], [""소비기한"", 484, 28, 175], [""2.7g18%"", 503, 29, 0], [""16g29%"", 527, 30, 19], [""2026.09.15.F4.15:21.5"", 512, 60, 216], [""까지"", 534, 24, 540], [""므로 개인의 필요 열량에 따라 다를 수 있습니다"", 555, 30, 0], [""제품명"", 632, 28, 120], [""오즈키친 동지판죽"", 631, 29, 189], [""유형"", 662, 30, 125], [""측석조리식품"", 662, 29, 187], [""원료명"", 749, 32, 110], [""고 싶은"", 774, 25, 0], [""4,정성을"", 794, 30, 0], [""검정찰현미,정제소금,덱스트린"", 792, 48, 186], [""행복한 하루"", 814, 29, 0], [""소비기한"", 833, 26, 106], [""상단표시일까지"", 834, 29, 187], [""비닐류"", 866, 26, 0], [""품목보고번호"", 877, 28, 107], [""THER"", 904, 35, 0], [""F4)19920308038115"", 883, 45, 229]]"
000373,2025,09,18,2025-09-18,s1,"우리쌀쇠고기 스프 | 식품유형주석조리식품 | 소재지 손명원 | 입 가능성이있습니다. | 영양정보 총 내용량당 기준치에대한비율 총 내용량당 기준치에대한비율 1일영양성분 | L三号1,360mg 68% 지방5.1g 9% | 탄수화물45g 14% 트랜스지방0g | 총내용량60g 당류 17g 17% 포화지방 3.1g 21% | 237kcal 콜레스테롤10mg 3% 단백질2.8g 5% | 소비기한 | 2025.09.18 HACCP 비닐류 | 18:2501 | 8809847090135 OTHER","[[""우리쌀쇠고기 스프"", 49, 50, 174], [""식품유형주석조리식품"", 83, 36, 114], [""손명원"", 105, 28, 113], [""소재지"", 116, 25, 116], [""입 가능성이있습니다."", 348, 39, 93], [""1일영양성분"", 358, 29, 565], [""총 내용량당"", 376, 23, 188], [""총 내용량당"", 368, 30, 422], [""기준치에대한비율"", 371, 30, 534], [""영양정보"", 388, 51, 76], [""기준치에대한비율"", 380, 24, 300], [""L三号1,360mg"", 404, 29, 185], [""68%"", 402, 21, 365], [""지방5.1g"", 398, 27, 426], [""9%"", 400, 31, 606], [""탄수화물45g"", 432, 33, 184], [""14%"", 427, 24, 365], [""트랜스지방0g"", 423, 26, 446], [""총내용량60g"", 447, 40, 74], [""당류 17g"", 458, 29, 200], [""17%"", 452, 25, 365], [""포화지방 3.1g"", 450, 27, 448], [""21%"", 452, 29, 608], [""237kcal"", 480, 43, 69], [""콜레스테롤10mg"", 484, 31, 182], [""3%"", 481, 26, 377], [""단백질2.8g"", 480, 29, 431], [""5%"", 478, 29, 621], [""소비기한"", 566, 27, 218], [""HACCP"", 578, 20, 541], [""2025.09.18"", 590, 37, 251], [""비닐류"", 584, 25, 631], [""18:2501"", 607, 30, 256], [""OTHER"", 622, 28, 610], [""8809847090135"", 635, 28, 49]]"
000374,2026,08,28,2026-08-28,s1,"식 그대로 재료 본연의 깊은 맛 Dong..on | 단쌀죽 1등 | 420g 소비기한 | 12108 | 광주광역시 광산구 하남산 | www.dongwonfnb.com) 2026.08.28 | 시일까지 | 12.0%（) | 식방7.0%,설탕,비타민C.,산 든든한아침을책임지는 | 금,산도조절제B),고운양금 한끼 건강식 양반죽 | 설탕,정제수,딸24%,물,정 양반죽은 전통죽에현대적인 가치를 더하여 | 정제소금 雪5.7%（香60%叫 목든재료를한번에넣고오랜시간저으면서꿀여내는 | 폴리프로필렌 양반죽은 맛과 영양을제대로 담아내어 | 19950227050186 한끼의품격을올리는건강식입니다. | 토,돼지고기,메밀,알류,땅, | 아,아황산류,대루,밀,쇠공기조 양반죽 1등비법 밤단딸죽은? | 굴포함),오정어,새우,우유게 | 용한 제품과 같은 제조시설에서 제 재료본연의 맛이 살아 있는 | 보관방법:1,실온보관(냉장및 국내산 찹쌀과업쌀 쌀알이 굴고 깨지지 없은 | )2.개봉한제품은변질의우려가 | 한번에 드십시오.조리 시 제품과 | 안전사고에주의하십시오 | 에손을베일 수있으니 주의하십실 3(무)첨가","[[""식 그대로 재료 본연의 깊은 맛"", 222, 25, 4], [""Dong..on"", 225, 44, 415], [""단쌀죽"", 268, 77, 1], [""1등"", 268, 38, 198], [""420g"", 338, 34, 42], [""소비기한"", 340, 36, 250], [""12108"", 374, 45, 399], [""광주광역시 광산구 하남산"", 399, 32, 2], [""2026.08.28"", 415, 59, 296], [""www.dongwonfnb.com)"", 426, 34, 0], [""시일까지"", 456, 27, 0], [""12.0%（)"", 486, 35, 0], [""식방7.0%,설탕,비타민C.,산"", 518, 42, 0], [""든든한아침을책임지는"", 514, 35, 336], [""금,산도조절제B),고운양금"", 545, 41, 0], [""한끼 건강식 양반죽"", 540, 37, 337], [""설탕,정제수,딸24%,물,정"", 572, 46, 0], [""雪5.7%（香60%叫"", 597, 52, 0], [""양반죽은 전통죽에현대적인 가치를 더하여"", 568, 37, 301], [""정제소금"", 618, 36, 0], [""목든재료를한번에넣고오랜시간저으면서꿀여내는"", 611, 48, 273], [""폴리프로필렌"", 646, 43, 0], [""19950227050186"", 676, 49, 0], [""양반죽은 맛과 영양을제대로 담아내어"", 654, 39, 317], [""한끼의품격을올리는건강식입니다."", 674, 37, 321], [""토,돼지고기,메밀,알류,땅,"", 710, 67, 0], [""아,아황산류,대루,밀,쇠공기조"", 734, 68, 0], [""굴포함),오정어,새우,우유게"", 758, 70, 0], [""양반죽 1등비법 밤단딸죽은?"", 726, 48, 264], [""용한 제품과 같은 제조시설에서 제"", 782, 71, 0], [""보관방법:1,실온보관(냉장및"", 807, 72, 0], [""재료본연의 맛이 살아 있는"", 774, 31, 358], ["")2.개봉한제품은변질의우려가"", 831, 74, 0], [""쌀알이 굴고 깨지지 없은"", 794, 67, 438], [""한번에 드십시오.조리 시 제품과"", 854, 75, 0], [""국내산 찹쌀과업쌀"", 816, 49, 444], [""안전사고에주의하십시오"", 876, 73, 0], [""에손을베일 수있으니 주의하십실"", 902, 79, 0], [""3(무)첨가"", 893, 45, 441]]"
000375,2026,05,31,2026-05-31,s1,"소비 0 A 2 26.05.31 22:36 까지 | 기한 | 맛있는 죽의 기준이 되다 | 햇반 쌀전문가‘햇반'이 찾아낸,맛의 차이를 만드는 레시피 | 100% | 고소한 전복내장과 폴깃한 전복의 | 살아있는 식감 | 전복내장죽 정성들여 꿀여낸 깊은 맛의 양지육수 | 한 전복내장죽 조리방법 제품명 전복내장죽 | 원레인지조리시 식품의 유형 측석조리식품 | 치상단안전절취선'을1/2정도 개봉하여 내용량 420g | 레인지에 당지 않도록 상단을 젊은후 업소명및 씨제이제일제당주식회사/ | 고 아래 기준에 맞취 조리해주세요. 소재지 210 | 700W 1000W 정제수,입쌀(국산),참고등살(외% | 2号30左 2분 | 아,루마니아,튀르키예등)],페 | 국산),새송이버섯,전복살(외국, | 이시아,인도네시아 등),함께","[[""26.05.31"", 393, 29, 207], [""22:36"", 387, 34, 422], [""소비"", 396, 22, 63], [""0 A 2"", 402, 29, 102], [""까지"", 398, 23, 644], [""기한"", 416, 27, 63], [""맛있는 죽의 기준이 되다"", 504, 48, 309], [""햇반"", 556, 93, 106], [""쌀전문가‘햇반'이 찾아낸,맛의 차이를 만드는 레시피"", 540, 46, 283], [""100%"", 582, 28, 288], [""고소한 전복내장과 폴깃한 전복의"", 610, 30, 287], [""살아있는 식감"", 635, 30, 306], [""전복내장죽"", 674, 60, 65], [""정성들여 꿀여낸 깊은 맛의 양지육수"", 661, 32, 295], [""제품명"", 738, 25, 412], [""전복내장죽"", 734, 26, 478], [""한 전복내장죽 조리방법"", 745, 29, 60], [""원레인지조리시"", 772, 33, 61], [""식품의 유형"", 762, 29, 401], [""측석조리식품"", 758, 27, 480], [""치상단안전절취선'을1/2정도 개봉하여"", 796, 39, 60], [""내용량"", 786, 32, 413], [""420g"", 784, 28, 482], [""레인지에 당지 않도록 상단을 젊은후"", 818, 34, 70], [""업소명및"", 810, 29, 409], [""씨제이제일제당주식회사/"", 807, 28, 485], [""소재지"", 831, 24, 417], [""210"", 828, 31, 487], [""고 아래 기준에 맞취 조리해주세요."", 840, 33, 95], [""700W"", 866, 21, 120], [""1000W"", 868, 25, 216], [""정제수,입쌀(국산),참고등살(외%"", 870, 41, 489], [""2号30左"", 887, 31, 112], [""2분"", 892, 25, 226], [""아,루마니아,튀르키예등)],페"", 897, 42, 490], [""국산),새송이버섯,전복살(외국,"", 926, 47, 493], [""이시아,인도네시아 등),함께"", 948, 30, 492]]"
000376,2025,10,07,2025-10-07,s1,"유어스프리미엄 | 오모리 | 어득 | 김 OMORI EOMUK | 쫄깃한 어 | 얼큰한오 | ·기타어육가 | 2025.10.07外 배추2. | 号420mg21%号6g2%号1201%不 | 100g945kcal 1200kcal | 국산)·대두,밀 소고기,닭고기,새우,오징어,조개류(바지락,굴)함유 | 주의사항,비냉장 보관 시 소비기한 이내에 변질될 우려가 | 뚜껑을 살 이내라도 빨리 드시기 바랍니다.개봉시 뜨거운 | -제품 내간혹 흑마이 발견될 수있 | 드시기바랍니다.-이제품은","[[""유어스프리미엄"", 15, 31, 442], [""오모리"", 145, 86, 291], [""어득"", 240, 100, 597], [""김"", 318, 324, 118], [""OMORI"", 314, 23, 627], [""EOMUK"", 336, 20, 630], [""쫄깃한 어"", 380, 30, 635], [""얼큰한오"", 408, 30, 641], [""·기타어육가"", 481, 54, 613], [""2025.10.07外"", 514, 63, 236], [""배추2."", 536, 58, 620], [""号420mg21%号6g2%号1201%不"", 599, 50, 301], [""100g945kcal"", 661, 52, 176], [""1200kcal"", 665, 38, 301], [""국산)·대두,밀 소고기,닭고기,새우,오징어,조개류(바지락,굴)함유"", 702, 67, 171], [""뚜껑을 살"", 866, 111, 61], [""주의사항,비냉장 보관 시 소비기한 이내에 변질될 우려가"", 836, 38, 273], [""이내라도 빨리 드시기 바랍니다.개봉시 뜨거운"", 871, 38, 306], [""-제품 내간혹 흑마이 발견될 수있"", 906, 47, 353], [""드시기바랍니다.-이제품은"", 938, 44, 401]]"
000377,2026,07,01,2026-07-01,s1,"구입처또는 소비 031-534-015 www.e-sand.co.kr 습니다. 포장시설에서 포장 닭고기 메밀,내두, 습기를 피해 서늘 드아몬드(미국산) 콩,설탕커피고구마전분볶음아 산(설탕,땅콩,커피땅콩(중국산 건포도해바라기유 화이트볼(중 틸아디편산이전분,건포도(미국신 ,밀가루꿀,착옥수수변성전분(아 원재료명 꿀땅콩(중국산) 땅콩, 248-48 제조 판매원포천시 구내면용 (주)산과들에/경기 품목보고번호 2011037253213 소비기한 별도표기 내포장재질 폴리에틸렌 제품명 오리진스 믹스너 | 아황산류 땅콩,밀 | 포화지 14g mg m 영양정보 질소 충전 포장하였습니다. 제품의 신선도 유지를위해 주의하시기 바랍니다. 삼키면 질식의위험이 있으 01399 ·부정,불량식품 신고는 국번 소비자기본법에의한 피해보상 | 90 kcal 총내용량20 국을 씹지 않고 2026.07.01外","[[""메밀,내두,"", 306, 58, 244], [""드아몬드(미국산)"", 325, 90, 309], [""콩,설탕커피고구마전분볶음아"", 353, 155, 326], [""031-534-015"", 360, 152, 142], [""산(설탕,땅콩,커피땅콩(중국산"", 354, 151, 350], [""건포도해바라기유 화이트볼(중"", 356, 157, 373], [""틸아디편산이전분,건포도(미국신"", 354, 155, 393], ["",밀가루꿀,착옥수수변성전분(아"", 359, 147, 416], [""원재료명"", 310, 47, 443], [""제조 판매원포천시 구내면용"", 354, 153, 482], [""습니다."", 312, 41, 192], [""품목보고번호"", 314, 65, 522], [""www.e-sand.co.kr"", 342, 93, 174], [""닭고기"", 314, 35, 229], [""소비기한"", 314, 50, 546], [""내포장재질"", 312, 55, 570], [""제품명"", 312, 39, 596], [""포장시설에서 포장"", 384, 111, 206], [""꿀땅콩(중국산) 땅콩,"", 383, 98, 443], [""248-48"", 384, 96, 466], [""2011037253213"", 382, 97, 526], [""별도표기"", 364, 59, 552], [""폴리에틸렌"", 372, 84, 573], [""오리진스 믹스너"", 380, 105, 597], [""구입처또는 소비"", 394, 90, 128], [""습기를 피해 서늘"", 390, 95, 279], [""(주)산과들에/경기"", 383, 86, 507], [""아황산류"", 400, 56, 248], [""땅콩,밀"", 404, 48, 310], [""포화지"", 522, 35, 74], [""m"", 514, 28, 166], [""영양정보"", 532, 65, 221], [""질소 충전 포장하였습니다."", 568, 143, 263], [""제품의 신선도 유지를위해"", 578, 161, 284], [""주의하시기 바랍니다."", 555, 118, 307], [""삼키면 질식의위험이 있으"", 573, 156, 328], [""01399"", 547, 102, 353], [""·부정,불량식품 신고는 국번"", 582, 157, 374], [""소비자기본법에의한 피해보상"", 584, 153, 400], [""14g"", 574, 38, 143], [""mg"", 572, 44, 163], [""총내용량20"", 616, 74, 234], [""국을 씹지 않고"", 621, 76, 351], [""90 kcal"", 628, 52, 213], [""2026.07.01外"", 619, 24, 450]]"
000378,2026,05,29,2026-05-29,s1,2905 202540 | 29052026B1 | FLAVOUR CHICKEN | noak GEMEI | 맛있어,"[[""2905"", 320, 30, 203], [""202540"", 316, 36, 352], [""29052026B1"", 377, 40, 200], [""FLAVOUR"", 493, 126, 48], [""CHICKEN"", 498, 127, 76], [""noak"", 670, 332, 262], [""GEMEI"", 647, 158, 388], [""맛있어"", 824, 91, 34]]"
000379,2026,09,05,2026-09-05,s1,"영양정보 #LH159 | 三喜2mg0%E个量14g4% 13913% | 콜레스테롤Omg 0% 단백질0g 0% | 050926 18049731306914 | 2.13 50693519301171138095480 | 식품유형캔디류 LH15g（60kcal） | OTHE | 원재료명 | 포장재질 구연산,구연산십니","[[""영양정보"", 268, 27, 34], [""#LH159"", 267, 30, 280], [""三喜2mg0%E个量14g4%"", 294, 25, 30], [""13913%"", 294, 23, 302], [""콜레스테롤Omg 0%"", 334, 25, 35], [""단백질0g 0%"", 332, 26, 210], [""050926"", 437, 34, 108], [""18049731306914"", 449, 40, 468], [""2.13"", 472, 35, 109], [""50693519301171138095480"", 483, 50, 463], [""식품유형캔디류"", 687, 50, 62], [""LH15g（60kcal）"", 694, 33, 226], [""OTHE"", 714, 33, 600], [""원재료명"", 772, 35, 67], [""포장재질"", 800, 39, 64], [""구연산,구연산십니"", 790, 27, 117]]"
000380,2026,09,02,2026-09-02,s1,HACCP | ) / : 30 g(125 kcal) 1.6%0.8% NEW 호박 찹쌀 약과 2026.09.02|A,"[[""HACCP"", 164, 63, 74], [""NEW 호박 찹쌀 약과"", 436, 397, 166], ["") / : 30 g(125 kcal)"", 507, 500, 42], [""1.6%0.8%"", 574, 361, 84], [""2026.09.02|A"", 682, 69, 188]]"
000381,2027,01,20,2027-01-20,s1,N 0E LOT:5.020.43.8 | 00M:20/01/2027,"[[""N 0E LOT:5.020.43.8"", 512, 50, 179], [""00M:20/01/2027"", 555, 46, 211]]"
000382,2026,08,18,2026-08-18,s1,"7：2026.08.18 | 08140 | 까지 | 영양정보 481,000mL(100mL×10%） 168kcal | 号0mg0%含量17g5%异16g16%不0g0% | 人0g0g0%0mg0%0g0% | （%2.00 | SAENG GI-D | ""801674""810573 | 대구경북능금농협","[[""7：2026.08.18"", 446, 47, 245], [""08140"", 469, 24, 362], [""까지"", 501, 30, 473], [""영양정보"", 557, 30, 248], [""481,000mL(100mL×10%）"", 545, 21, 365], [""168kcal"", 562, 23, 433], [""号0mg0%含量17g5%异16g16%不0g0%"", 581, 24, 248], [""人0g0g0%0mg0%0g0%"", 602, 27, 248], [""（%2.00"", 624, 22, 250], [""SAENG GI-D"", 744, 52, 223], [""\""801674\""810573"", 884, 35, 260], [""대구경북능금농협"", 934, 51, 226]]"
000383,2026,04,03,2026-04-03,s1,"HIEI500 | 젤리 | 제조원2층) 소비기한후면표기일까지(연,월,일) | 포장재질폴리에틸렌 20170484590109 | 소비기한 | 2026.04.03E | 까지 | 영양정 소비기한을 꼭!확인하세요. | 名489 HACCP | 160kcal | 트랜스지방 0g 포 포화지방0g 0% 비닐류 | 단백질4g 7% OTHER","[[""HIEI500"", 218, 56, 239], [""젤리"", 284, 35, 271], [""제조원2층)"", 404, 34, 75], [""소비기한후면표기일까지(연,월,일)"", 397, 46, 166], [""20170484590109"", 413, 45, 301], [""포장재질폴리에틸렌"", 432, 39, 78], [""소비기한"", 668, 29, 297], [""2026.04.03E"", 693, 40, 356], [""까지"", 716, 23, 531], [""영양정"", 789, 40, 135], [""소비기한을 꼭!확인하세요."", 764, 67, 328], [""名489"", 791, 39, 414], [""HACCP"", 788, 24, 501], [""160kcal"", 810, 38, 426], [""트랜스지방 0g 포"", 874, 42, 186], [""비닐류"", 856, 21, 510], [""포화지방0g 0%"", 874, 33, 279], [""단백질4g 7%"", 899, 40, 194], [""OTHER"", 888, 27, 498]]"
000384,2026,07,08,2026-07-08,s1,BRONOIR 소비기한 | 2026:07:08办大 | HACCP,"[[""BRONOIR"", 544, 99, 107], [""소비기한"", 508, 22, 433], [""2026:07:08办大"", 563, 22, 470], [""HACCP"", 588, 20, 29]]"
000385,2026,09,14,2026-09-14,s1,2025.09.15B | 부터 | 2026.09.14 | 까지 | 맛있는약속,"[[""2025.09.15B"", 521, 34, 301], [""부터"", 534, 24, 457], [""2026.09.14"", 558, 37, 303], [""까지"", 566, 21, 460], [""맛있는약속"", 575, 26, 497]]"
000386,2026,06,10,2026-06-10,s1,시리즈 | 트랜베리로드 | 새콤달콤크랜비리와고소한 아몬드 | 2한 크랜베리와이몬의건강한만남 | 5가지통곡들료만든오곡볼 | 미세후크지퍼백으로 | 쌀특없이신선하게! | 아카오 | 2025.06-11 | 2026.06.10,"[[""시리즈"", 296, 25, 161], [""트랜베리로드"", 316, 42, 394], [""새콤달콤크랜비리와고소한 아몬드"", 368, 27, 390], [""크랜베리와이몬의건강한만남"", 383, 24, 389], [""2한"", 398, 41, 160], [""5가지통곡들료만든오곡볼"", 456, 22, 390], [""미세후크지퍼백으로"", 523, 24, 394], [""쌀특없이신선하게!"", 542, 25, 395], [""아카오"", 552, 53, 607], [""2025.06-11"", 833, 24, 406], [""2026.06.10"", 847, 24, 406]]"
000387,2027,01,21,2027-01-21,s1,"당,홈삼농축액 | (통삼성분 50mg/g. | 분 60% 이상 | 국산)8% | ：2027.01.21 까지","[[""당,홈삼농축액"", 699, 32, 195], [""(통삼성분 50mg/g."", 720, 30, 186], [""분 60% 이상"", 742, 23, 224], [""국산)8%"", 763, 34, 184], [""：2027.01.21"", 858, 31, 102], [""까지"", 862, 27, 405]]"
000388,2026,01,15,2026-01-15,s1,S | 빠 약과 | 산아르헨티나브라질미국 | 2026.01.15,"[[""S"", 482, 23, 266], [""빠"", 537, 109, 174], [""약과"", 540, 89, 294], [""산아르헨티나브라질미국"", 613, 22, 247], [""2026.01.15"", 661, 24, 264]]"
000389,2026,02,27,2026-02-27,s1,"농협식품 2026.02.27 | 쌀약과 기품목보고번호표명밀가루국주센실담,가국내신제종위재종 | 고또는방별을수있습니고·유통가정등 포껑리목손되내용물이 영양정보 | 트랜스방지방4g플라스세톨mg질2g | （548","[[""농협식품"", 486, 23, 29], [""2026.02.27"", 486, 33, 382], [""쌀약과"", 580, 81, 85], [""기품목보고번호표명밀가루국주센실담,가국내신제종위재종"", 544, 22, 299], [""영양정보"", 598, 29, 451], [""고또는방별을수있습니고·유통가정등 포껑리목손되내용물이"", 603, 22, 298], [""트랜스방지방4g플라스세톨mg질2g"", 640, 25, 447], [""（548"", 664, 23, 226]]"
000390,2026,05,19,2026-05-19,s1,통산자 | 원재료 및 성분배침비율·입쌀튀밥(입출열튀밥(쌀:외국산)] | ·소비기한별도표기일까지 | ·유통과정에서 변질품이나 파손품은 본사 및 구입처에서 교환 | ※부정불량 식품 신고는 | 2026 0519 | 미담푸드,"[[""통산자"", 356, 106, 248], [""원재료 및 성분배침비율·입쌀튀밥(입출열튀밥(쌀:외국산)]"", 482, 23, 263], [""·소비기한별도표기일까지"", 556, 28, 262], [""·유통과정에서 변질품이나 파손품은 본사 및 구입처에서 교환"", 570, 24, 263], [""2026 0519"", 615, 44, 254], [""※부정불량 식품 신고는"", 593, 23, 261], [""미담푸드"", 637, 26, 276]]"
000391,2026,12,10,2026-12-10,s1,"4,500 | 누렐 | 全7减.2026.12.10 | 연고농장 | YEON GO FARM | VEGAN | We deliver a cup of tea to a very precious | 박하차 티백 | [국내산]박한 | 25ea（1g/1日叫） | 식품의 유형:침출차 | ：20180564 | ""정직하게 볶았습니다. | Honesty roasted","[[""4,500"", 44, 62, 139], [""누렐"", 54, 38, 661], [""全7减.2026.12.10"", 122, 43, 329], [""연고농장"", 452, 69, 223], [""YEON GO FARM"", 494, 27, 266], [""VEGAN"", 570, 23, 255], [""We deliver a cup of tea to a very precious"", 603, 34, 217], [""박하차 티백"", 696, 43, 281], [""[국내산]박한"", 727, 30, 285], [""25ea（1g/1日叫）"", 764, 41, 279], [""식품의 유형:침출차"", 790, 30, 306], [""：20180564"", 806, 34, 267], [""\""정직하게 볶았습니다."", 850, 50, 244], [""Honesty roasted"", 872, 41, 278]]"
000392,2025,08,29,2025-08-29,s1,ORION | THE | 실속형 2매UP 사용각중량 테비) | 소비기한 | 간편하게 즐기는 | 25.08.29 14:52 | 깔끔한 더 자일리톨 25.08.28 | THE 용기 또는 파우치에 리필해서 드세요! | XYLITOL | 달지않아 깔끔한 더자일리톨 | 더 드립니다 | 복숭아맛 | OTHER | 19870415003279,"[[""ORION"", 62, 29, 216], [""THE"", 134, 74, 336], [""실속형"", 326, 163, 0], [""2매UP"", 293, 78, 357], [""사용각중량 테비)"", 335, 33, 428], [""소비기한"", 403, 22, 357], [""간편하게 즐기는"", 440, 46, 56], [""25.08.29 14:52"", 453, 28, 384], [""25.08.28"", 472, 25, 384], [""깔끔한 더 자일리톨"", 491, 54, 28], [""용기 또는 파우치에 리필해서 드세요!"", 552, 31, 342], [""THE"", 582, 60, 114], [""XYLITOL"", 643, 80, 52], [""달지않아 깔끔한 더자일리톨"", 690, 38, 84], [""더"", 753, 114, 123], [""드립니다"", 718, 56, 214], [""복숭아맛"", 829, 27, 157], [""OTHER"", 910, 28, 257], [""19870415003279"", 919, 42, 326]]"
000393,2027,08,02,2027-08-02,s1,"2027.08.02外 | P (100 g(12)是至) | 1.큰냉비를준비하여물 | 100 | 100 | 입니다.(큰 그롯에물을충분 | 희 넣고꿀이시면 넘치지않 | 고안전하게 꿀일수 있습니다 | Pour 1ooo m of water into a large | pot,and bing toa boi ti ower 10. | 도 정가락으로저어가면서 | Put noodkes in boing walir,saod","[[""2027.08.02外"", 386, 39, 158], [""(100 g(12)是至)"", 445, 36, 426], [""P"", 467, 38, 185], [""1.큰냉비를준비하여물"", 474, 37, 419], [""100"", 490, 34, 420], [""100"", 507, 30, 418], [""입니다.(큰 그롯에물을충분"", 524, 30, 418], [""희 넣고꿀이시면 넘치지않"", 542, 33, 418], [""고안전하게 꿀일수 있습니다"", 558, 34, 417], [""Pour 1ooo m of water into a large"", 576, 27, 418], [""pot,and bing toa boi ti ower 10."", 590, 31, 419], [""도 정가락으로저어가면서"", 628, 33, 418], [""Put noodkes in boing walir,saod"", 658, 31, 419]]"
000394,2026,04,14,2026-04-14,det5,"죽장연 개장 인지조 | 축장연은 마을 이를측장연과자연을 | 0号三量个看01100% | 지역에서생산되는원료와전통방식으로 | 직접 장을 만드는브랜드입니다. | 원료명된장대두(외 | 수,된장2대두 | BE바 | 사골에 시준 | 대두밀쇠고기 함유 | 号20010445055895 | 우유,새우,돼지고기닭고기,토마톤,란,온징어게조개류 굴,통합전 | 함),잣,이황산류 혼입가능소비자법에 따라피해 보상 부정 | 이사이 일을 때(부문 제품 등)는 드시지 시고구입 에서 교환하 | 광을 피하여 실온에 보관하십시 | 조리방 재료 1/4左（80g） 영양정보 香202kcal | 200g）1（8g）30g400 총 내용량당 1일영양성분 주 마한내을 | 나트륨 3.300mg165% | 3. 6분 탄수하물 39g 12% | 6g 6% | 지방 59 9% | 트랜스 방09 4 | 감재박,두분 묵배기에물,양 깊어오는 하지방 0.9g 6% | 쌀어준비합니다. 감자,매호박을넣 4분간 행이버섯을넣고 2분 인두부 콜레스테롤 mg 0% | 간 더좋여완성합니다. 단백질 %）200kca7 15% | 1일영양성분 기준대 이므로개인의요열량 따라다를수있습니 | 오뚜기 | 함사 오뚜기 다있다! mal | 내소면 내품식 128 ACCP 비닐류 녹색인증 881045728834 | 국가한품기포장지 | OTHER ：G1-23-0679 | 2026.04.1422 F345153","[[""죽장연"", 20, 42, 110], [""개장"", 22, 44, 221], [""인지조"", 18, 21, 685], [""축장연은 마을 이를측장연과자연을"", 95, 36, 134], [""0号三量个看01100%"", 107, 35, 133], [""지역에서생산되는원료와전통방식으로"", 120, 35, 133], [""직접 장을 만드는브랜드입니다."", 131, 32, 133], [""원료명된장대두(외"", 194, 38, 44], [""수,된장2대두"", 212, 31, 43], [""BE바"", 231, 16, 48], [""사골에"", 248, 17, 108], [""시준"", 252, 14, 305], [""대두밀쇠고기 함유"", 272, 29, 42], [""号20010445055895"", 294, 24, 47], [""우유,새우,돼지고기닭고기,토마톤,란,온징어게조개류"", 313, 34, 53], [""굴,통합전"", 322, 40, 454], [""함),잣,이황산류 혼입가능소비자법에 따라피해 보상"", 333, 39, 41], [""부정"", 338, 28, 460], [""이사이 일을 때(부문 제품 등)는 드시지"", 375, 32, 49], [""시고구입"", 374, 23, 275], [""에서 교환하"", 371, 28, 395], [""광을 피하여 실온에 보관하십시"", 395, 28, 50], [""영양정보"", 422, 33, 368], [""조리방"", 429, 25, 55], [""香202kcal"", 432, 43, 439], [""재료"", 432, 11, 146], [""1/4左（80g）"", 432, 25, 186], [""200g）1（8g）30g400"", 454, 26, 59], [""총 내용량당"", 446, 21, 370], [""1일영양성분"", 450, 25, 466], [""주 마한내을"", 455, 29, 503], [""나트륨"", 466, 25, 371], [""3.300mg165%"", 472, 31, 463], [""3."", 484, 22, 248], [""6분"", 494, 28, 317], [""탄수하물"", 487, 32, 367], [""39g"", 492, 33, 460], [""12%"", 498, 21, 539], [""6g"", 516, 33, 459], [""6%"", 518, 25, 542], [""지방"", 536, 24, 376], [""59"", 538, 31, 460], [""9%"", 540, 25, 541], [""트랜스"", 558, 28, 378], [""방09"", 560, 37, 439], [""감재박,두분"", 568, 27, 46], [""묵배기에물,양"", 569, 26, 143], [""깊어오는"", 571, 26, 247], [""하지방"", 582, 31, 390], [""0.9g"", 584, 35, 459], [""4"", 566, 13, 539], [""감자,매호박을넣"", 590, 28, 140], [""4분간"", 592, 22, 249], [""인두부"", 594, 31, 279], [""6%"", 584, 25, 541], [""쌀어준비합니다."", 606, 31, 42], [""행이버섯을넣고 2분"", 614, 32, 250], [""콜레스테롤"", 607, 29, 367], [""mg"", 610, 29, 461], [""0%"", 607, 24, 541], [""간"", 634, 18, 247], [""더좋여완성합니다."", 636, 33, 254], [""단백질"", 630, 29, 365], [""15%"", 629, 24, 535], [""1일영양성분 기준대"", 650, 19, 364], [""%）200kca7"", 647, 20, 493], [""이므로개인의요열량 따라다를수있습니"", 662, 33, 400], [""오뚜기"", 674, 20, 202], [""오뚜기"", 700, 43, 96], [""mal"", 688, 25, 197], [""함사"", 700, 15, 82], [""다있다!"", 704, 26, 196], [""내소면 내품식"", 740, 44, 35], [""녹색인증"", 742, 39, 303], [""128"", 753, 24, 151], [""ACCP"", 750, 11, 204], [""비닐류"", 752, 24, 252], [""국가한품기포장지"", 766, 21, 292], [""881045728834"", 758, 39, 408], [""OTHER"", 780, 24, 238], [""：G1-23-0679"", 780, 25, 292], [""2026.04.1422"", 842, 55, 118], [""F345153"", 838, 72, 331]]"
000395,2026,03,15,2026-03-15,hires,지의의로 | 2026.03.15지/18113:35 | 농심 | 인생을맛있게 | 농심 | 2명비6입 법먹 | 8801043015622,"[[""지의의로"", 62, 83, 452], [""2026.03.15지/18113:35"", 767, 66, 322], [""농심"", 840, 105, 1134], [""인생을맛있게"", 917, 44, 456], [""농심"", 982, 98, 448], [""2명비6입"", 1062, 37, 296], [""법먹"", 1132, 174, 1178], [""8801043015622"", 1238, 38, 315]]"
000396,2026,02,27,2026-02-27,s1,인생을맛있게 | 농심 | 후주 품 | 신 | 라렌 | 매울신 | SHW RAMYUN | 소비기한 | 농심mas? | 叫2A04 2026.02:27办 2 5개입,"[[""인생을맛있게"", 202, 23, 162], [""농심"", 228, 35, 161], [""후주"", 306, 49, 398], [""품"", 322, 51, 445], [""신"", 390, 33, 465], [""라렌"", 493, 98, 396], [""매울신"", 549, 36, 152], [""SHW RAMYUN"", 674, 45, 411], [""소비기한"", 712, 27, 97], [""5개입"", 756, 114, 450], [""농심mas?"", 731, 30, 376], [""2026.02:27办"", 752, 31, 130], [""叫2A04"", 771, 27, 169], [""2"", 766, 30, 395]]"
000397,2026,02,19,2026-02-19,s1,"정보 香610g | 100g65kcal | 560mg28%量10g3%异7g7% | 2.1g4%0.5g3% | 0mg0%2g4% | （%200cal | 기준이므로 개인의 필요 열량에 따라 다를 수 있습니다. | ·고등에,우유,게,새우,쇠고기,오징어, | 알류,메밀,복숭아,호두,잣,땅콩,아황산 | 류후입가능·소비자분쟁해결기준에의 | 거,교환또는 보상 가능·취급시용기가 | 유리재질이므로 파손되어 다칠 위험이 있 유리 | 리를 확인하세요. | 연출이미지 2026.02.19 16:16","[[""정보"", 382, 31, 272], [""香610g"", 383, 34, 437], [""100g65kcal"", 401, 34, 426], [""560mg28%量10g3%异7g7%"", 419, 46, 262], [""2.1g4%0.5g3%"", 440, 44, 250], [""0mg0%2g4%"", 460, 36, 235], [""（%200cal"", 484, 37, 235], [""기준이므로 개인의 필요 열량에 따라 다를 수 있습니다."", 504, 35, 235], [""·고등에,우유,게,새우,쇠고기,오징어,"", 556, 35, 235], [""알류,메밀,복숭아,호두,잣,땅콩,아황산"", 577, 40, 228], [""류후입가능·소비자분쟁해결기준에의"", 598, 43, 227], [""거,교환또는 보상 가능·취급시용기가"", 618, 43, 225], [""유리재질이므로 파손되어 다칠 위험이 있"", 639, 44, 226], [""유리"", 644, 23, 464], [""리를 확인하세요."", 676, 35, 224], [""연출이미지"", 722, 33, 180], [""2026.02.19 16:16"", 728, 29, 291]]"
000398,2027,07,30,2027-07-30,s1,"2027.07,30 | M 까지2 | 소면조리법 백설 |  5[1,00全 소면 | 백설소면 | 비기한후면표시일까지 | 안반 목수를 삶아 밝은 면에 부은 후 | 1기 보고기 330 | (국산)밀 함유 | 1972016800173 | ""더맛있는 이유* | 고","[[""2027.07,30"", 218, 47, 426], [""까지2"", 242, 32, 453], [""M"", 275, 50, 6], [""백설"", 310, 73, 398], [""소면조리법"", 316, 37, 100], [""소면"", 398, 108, 387], ["" 5[1,00全"", 392, 25, 129], [""백설소면"", 480, 24, 388], [""비기한후면표시일까지"", 516, 27, 367], [""안반 목수를 삶아 밝은 면에 부은 후"", 544, 27, 158], [""330"", 546, 31, 405], [""1기"", 570, 23, 3], [""보고기"", 567, 22, 65], [""(국산)밀 함유"", 611, 25, 404], [""1972016800173"", 640, 28, 433], [""\""더맛있는 이유*"", 704, 69, 157], [""고"", 762, 43, 234]]"
000399,2027,01,31,2027-01-31,s1,"질온보관개봉냉장보관장 | 소스(살균제품) | 하단표기일까지 | 20020464088-32 | 황산류 혼입 가능·소비자 분성해질 | 미노베품지내두외국산)양조간장원에탈지내두,국센황 | 재농축에양중국)대두밀,세유조개 | 영양정보 #500/10g080m | 400mg205%1 | 지방0g0% | 量0mg0%2g4% | 0-850-1200166-5471 | 2027.01.31 03:52","[[""질온보관개봉냉장보관장"", 128, 37, 290], [""소스(살균제품)"", 146, 23, 293], [""하단표기일까지"", 165, 20, 296], [""20020464088-32"", 183, 20, 298], [""황산류 혼입 가능·소비자 분성해질"", 302, 24, 302], [""미노베품지내두외국산)양조간장원에탈지내두,국센황"", 374, 33, 248], [""재농축에양중국)대두밀,세유조개"", 394, 35, 245], [""영양정보"", 418, 25, 247], [""#500/10g080m"", 414, 26, 322], [""400mg205%1"", 434, 30, 246], [""지방0g0%"", 456, 20, 248], [""量0mg0%2g4%"", 472, 28, 246], [""0-850-1200166-5471"", 510, 25, 247], [""2027.01.31 03:52"", 612, 38, 250]]"
000400,2026,01,11,2026-01-11,s1,"한층 더살러줍니다 | 추천레시피! | 사용량을조절하세요! | 불고기 스테이크오평내조문 | Chef's tip! 하시면 더욱부한맛을별수있 요리에새공함을 더할,식초의까에 | 영양정보 100ml155k | 나트륨5mg 0% 号39g12 | 异39g39%0g0% | 量0mg0%1E0g03 | 200 | 개인의 월요 열량에 따라 다를 수 있습니다. | 고객행복센터 | 080-850-1200 | 口1666-5471（号） 마개:LDPE | j.co.kr 리별:PP | 24.07.120 부터 | 26. 01.11 까지 | 0B7","[[""한층 더살러줍니다"", 170, 33, 271], [""추천레시피!"", 190, 33, 272], [""사용량을조절하세요!"", 228, 34, 273], [""스테이크오평내조문"", 252, 42, 381], [""불고기"", 250, 25, 295], [""요리에새공함을 더할,식초의까에"", 276, 41, 350], [""Chef's tip!"", 282, 28, 278], [""하시면 더욱부한맛을별수있"", 290, 40, 349], [""영양정보"", 329, 40, 279], [""100ml155k"", 339, 38, 413], [""나트륨5mg 0%"", 359, 27, 283], [""号39g12"", 360, 29, 411], [""异39g39%0g0%"", 380, 29, 285], [""量0mg0%1E0g03"", 423, 32, 285], [""200"", 443, 27, 286], [""개인의 월요 열량에 따라 다를 수 있습니다."", 456, 27, 285], [""고객행복센터"", 484, 31, 308], [""080-850-1200"", 509, 26, 290], [""口1666-5471（号）"", 528, 27, 291], [""마개:LDPE"", 526, 26, 419], [""j.co.kr"", 547, 22, 291], [""리별:PP"", 541, 24, 423], [""24.07.120"", 604, 37, 308], [""부터"", 596, 31, 436], [""까지"", 622, 37, 435], [""26. 01.11"", 632, 32, 310], [""0B7"", 660, 26, 365]]"
000401,2027,04,12,2027-04-12,s1,SPAM SPAM SPAM | 스필 스형 2두 2통리데 | 86 | 27.04.12办2W19:35,"[[""SPAM"", 20, 37, 526], [""SPAM"", 38, 77, 252], [""SPAM"", 66, 91, 0], [""2통리데"", 50, 35, 572], [""스형"", 85, 40, 265], [""2두"", 82, 25, 329], [""스필"", 116, 29, 15], [""86"", 256, 26, 513], [""27.04.12办2W19:35"", 599, 36, 225]]"
000402,2028,04,19,2028-04-19,s1,SA4 | 28.04.19 12:58闪 | 클래식 | 봉방법 파우치를 정성을따라 | 20080405015-209 | 영양정보,"[[""SA4"", 226, 22, 499], [""28.04.19"", 250, 26, 346], [""12:58闪"", 248, 23, 457], [""클래식"", 272, 21, 70], [""봉방법"", 321, 28, 66], [""정성을따라"", 316, 23, 205], [""파우치를"", 330, 21, 205], [""20080405015-209"", 514, 23, 94], [""영양정보"", 542, 25, 195]]"
000403,2027,04,01,2027-04-01,up2x,환도 | 2 | 0 2 | 27-04-01 | 1명 | 12,"[[""환도"", 114, 187, 219], [""2"", 221, 50, 106], [""0"", 350, 245, 16], [""2"", 327, 30, 1084], [""27-04-01"", 974, 95, 486], [""1명"", 1035, 58, 537], [""12"", 1063, 32, 546]]"
000404,2026,06,10,2026-06-10,s1,9 | 소비기한 B1 | 2026.06.10-16:42 | 까지,"[[""9"", 64, 49, 654], [""B1"", 436, 27, 559], [""소비기한"", 449, 30, 119], [""2026.06.10-16:42"", 476, 43, 246], [""까지"", 502, 23, 566]]"
000405,2027,10,15,2027-10-15,s1,"2027.10.15# | 15.393F16K | 하이라이스소스 | OTTGI HASH | 2불을약하게한는이스소스를조금식넣어충분히어습니다. | Kitchen | 유형 | 료명 | 코아분말 쇠고기,닭고기,밀,토마토,우유,대두,조개류(굴)함유 | 포장재질 제조원 주싱회산오뚜기 128 | 십시오 | 080024-2311）","[[""2027.10.15#"", 272, 25, 205], [""15.393F16K"", 291, 24, 231], [""하이라이스소스"", 326, 58, 158], [""OTTGI HASH"", 364, 23, 248], [""2불을약하게한는이스소스를조금식넣어충분히어습니다."", 514, 26, 324], [""Kitchen"", 590, 26, 200], [""유형"", 642, 20, 103], [""료명"", 665, 26, 101], [""코아분말"", 756, 33, 101], [""쇠고기,닭고기,밀,토마토,우유,대두,조개류(굴)함유"", 754, 50, 270], [""포장재질"", 789, 34, 102], [""제조원"", 793, 24, 295], [""주싱회산오뚜기"", 778, 31, 353], [""128"", 792, 40, 352], [""십시오"", 866, 33, 104], [""080024-2311）"", 894, 36, 206]]"
000406,2028,01,03,2028-01-03,s1,2506:2820 | 경기 연천 먹는생물 | 무기 | 갈춥(C | 241~28 | 무기물함량(mg/L) | 칼습(Ca) 나트륨(Na) 칼륨(K) 고(Mal) 불소(F) | 211-28.1 3.9~4.9 5.0~6.8 0.0~0.1 | 835-3568左 | 개업소명및,"[[""2506:2820"", 422, 53, 239], [""경기 연천 먹는생물"", 491, 47, 232], [""무기"", 668, 23, 678], [""갈춥(C"", 698, 35, 669], [""무기물함량(mg/L)"", 737, 50, 146], [""241~28"", 718, 31, 668], [""칼습(Ca)"", 762, 35, 150], [""나트륨(Na)"", 769, 25, 214], [""칼륨(K)"", 770, 20, 288], [""고(Mal)"", 764, 29, 349], [""불소(F)"", 758, 30, 412], [""211-28.1"", 783, 31, 153], [""3.9~4.9"", 791, 24, 215], [""5.0~6.8"", 786, 27, 353], [""0.0~0.1"", 779, 28, 410], [""835-3568左"", 859, 30, 305], [""개업소명및"", 880, 31, 337]]"
000407,2025,12,01,2025-12-01,s1,"장보관·포주제장(원기에량로량(g) | 3900 | 025.10.10 | 직량농입하나로 | 하늘초양념김 | ·보관방법:10C이하 냉장보관·포침재장(폴리에팅료량(g) | 2025.10.03 2025.12.01 6500 | 포장년,월.일 | NH 진량농입하나로마트","[[""장보관·포주제장(원기에량로량(g)"", 12, 26, 2], [""3900"", 56, 38, 82], [""025.10.10"", 73, 27, 0], [""직량농입하나로"", 100, 32, 0], [""하늘초양념김"", 631, 29, 246], [""·보관방법:10C이하 냉장보관·포침재장(폴리에팅료량(g)"", 698, 33, 227], [""6500"", 757, 38, 438], [""2025.10.03"", 766, 22, 224], [""2025.12.01"", 767, 22, 309], [""포장년,월.일"", 782, 23, 218], [""NH"", 800, 24, 217], [""진량농입하나로마트"", 804, 27, 314]]"
000408,2025,10,05,2025-10-05,s1,전성 | 소금(국산전일)으로 | 간이되어있습니다. | 갈친(해 동 | 원산지:국 | 2025.10.052025.10.09 11800 | 진량농없하나로마트,"[[""전성"", 248, 72, 703], [""소금(국산전일)으로"", 289, 56, 691], [""간이되어있습니다."", 308, 48, 710], [""갈친(해"", 392, 38, 659], [""동"", 386, 22, 795], [""원산지:국"", 411, 34, 657], [""11800"", 492, 37, 807], [""2025.10.052025.10.09"", 512, 45, 654], [""진량농없하나로마트"", 529, 38, 717]]"
000409,2027,03,26,2027-03-26,s2,영농협 | 비2 Barley Tea seul Mountain | 오리자 | 더건강하게만든 우리보리차! | 최고품질의 보리만을엄선하여 | 맛 좋고 영양가가풍부합니다. | 100% | 400g 100% | NH 유가농업형동조합 | 202703.26川入,"[[""영농협"", 283, 40, 421], [""비2"", 361, 52, 149], [""seul Mountain"", 353, 24, 368], [""오리자"", 434, 97, 145], [""더건강하게만든 우리보리차!"", 514, 27, 139], [""400g"", 606, 31, 134], [""Barley Tea"", 372, 18, 356], [""최고품질의 보리만을엄선하여"", 536, 17, 139], [""맛 좋고 영양가가풍부합니다."", 548, 15, 139], [""100%"", 561, 16, 139], [""100%"", 607, 16, 201], [""NH"", 824, 16, 199], [""유가농업형동조합"", 825, 22, 335], [""202703.26川入"", 846, 22, 320]]"
000410,2027,04,13,2027-04-13,s1,명밝은햇살 생강분말 식품의 유형 천연향신료 | 卫194040409243 | ·소비기한: 2Q27.04.13,"[[""명밝은햇살 생강분말 식품의 유형"", 533, 40, 267], [""천연향신료"", 533, 24, 475], [""卫194040409243"", 603, 45, 265], [""·소비기한:"", 622, 35, 262], [""2Q27.04.13"", 636, 33, 371]]"
000411,2026,09,09,2026-09-09,s1,NH 남영양농 | 경북 영하과주 허살촌 | 영양청결 | 고추가루 | 2025.09.10 | 全开2026.09:09 | 북 영양 고추만을 엄선하여 생산하였습니 | 개조명 햇살촌 영양청결고충가루 보관방법:직사광선을 피하 서늘하고 건조한 | 식품유 고충가루 곳에보관하시고 개봉후어는품질유를위해 | 냉장보관하시기바랍니다 | 500g ·주의사항:고축가루를손으로사용후이 | 제조원 영양농협가공사업소 ·본 제품은 음식에 사용시 1시간 정도 지나하 피부 민강한 곳에 접촉을 피하시기 바발니다 | 소비기한 영양군 입암면 다리골길 29 고유의 빛깔이 나타닙니다 | 원재료명 포장지후면 별도표시일까지 | 포장개질 100% 색도를십입하였습니다. ·반품교환:조원일처 | 품목보고번호 폴리에틸렌(내면) | 소비가상담실 199305850052 | 지리적도시 지리적특산품:※고충가루 | 국밀농산품통질관리원지리적표시능류제5호 KPGI:Yeongyang red pepper powder | 원주산식 산자단체:영양고추영농조합법인(담영양농협가공사업소) 88082801705002 OTHER | 量/EL（02763-317,"[[""NH"", 178, 38, 204], [""남영양농"", 186, 35, 429], [""경북"", 338, 23, 211], [""영하과주"", 354, 33, 222], [""허살촌"", 352, 40, 317], [""영양청결"", 383, 25, 259], [""고추가루"", 422, 72, 271], [""2025.09.10"", 488, 23, 454], [""全开2026.09:09"", 510, 28, 454], [""북 영양 고추만을 엄선하여 생산하였습니"", 545, 29, 132], [""개조명"", 610, 22, 109], [""햇살촌 영양청결고충가루"", 613, 26, 170], [""보관방법:직사광선을 피하 서늘하고 건조한"", 621, 28, 370], [""식품유"", 630, 24, 102], [""고충가루"", 633, 24, 168], [""곳에보관하시고 개봉후어는품질유를위해"", 638, 28, 371], [""500g"", 655, 24, 165], [""냉장보관하시기바랍니다"", 653, 25, 372], [""·주의사항:고축가루를손으로사용후이"", 670, 30, 364], [""제조원"", 680, 25, 113], [""영양농협가공사업소"", 682, 25, 165], [""피부 민강한 곳에 접촉을 피하시기 바발니다"", 686, 29, 369], [""영양군 입암면 다리골길 29"", 700, 33, 164], [""소비기한"", 708, 27, 113], [""·본 제품은 음식에 사용시 1시간 정도 지나하"", 702, 28, 365], [""포장지후면 별도표시일까지"", 724, 32, 166], [""고유의 빛깔이 나타닙니다"", 719, 28, 369], [""원재료명"", 730, 30, 113], [""100%"", 747, 42, 168], [""포장개질"", 752, 30, 108], [""색도를십입하였습니다."", 753, 30, 368], [""품목보고번호"", 773, 34, 96], [""폴리에틸렌(내면)"", 768, 37, 166], [""·반품교환:조원일처"", 770, 31, 358], [""소비가상담실"", 796, 35, 87], [""199305850052"", 790, 36, 162], [""지리적도시"", 852, 33, 78], [""지리적특산품:※고충가루"", 851, 37, 146], [""KPGI:Yeongyang red pepper powder"", 868, 43, 143], [""원주산식"", 886, 35, 74], [""국밀농산품통질관리원지리적표시능류제5호"", 880, 34, 145], [""산자단체:영양고추영농조합법인(담영양농협가공사업소)"", 893, 40, 143], [""88082801705002"", 910, 22, 392], [""OTHER"", 906, 30, 551], [""量/EL（02763-317"", 940, 26, 383]]"
000412,2026,01,19,2026-01-19,s1,"속쉽고 깔끔하게 혹! | 신선한 경북 영양 고추를 담아 | 컨제 어디서나 간편하게 | 요리할 수 있는 스틱 고추가루 | 제품의 특징 | ·HACCP인증 받은 제조시설에서 위생적 | 으로 생산됩니다. | 보관방법 | ·직사광선을 피해 서늘한 곳에 보관하시고 | 개봉 후에는 냉장 또는 냉동보관 하시기 | 바랍니다. | ·본 제품은 공정거래위원회 고시 소비자분쟁 | 해결기준에 의거 교환 또는 보상받을 수 | 있습니다. | 소비기한 | 2026,1,19 | 까지","[[""속쉽고 깔끔하게 혹!"", 143, 36, 258], [""신선한 경북 영양 고추를 담아"", 187, 30, 280], [""컨제 어디서나 간편하게"", 213, 28, 279], [""요리할 수 있는 스틱 고추가루"", 239, 28, 277], [""제품의 특징"", 314, 29, 291], [""·HACCP인증 받은 제조시설에서 위생적"", 373, 30, 196], [""으로 생산됩니다."", 398, 29, 208], [""보관방법"", 449, 30, 298], [""·직사광선을 피해 서늘한 곳에 보관하시고"", 482, 31, 195], [""개봉 후에는 냉장 또는 냉동보관 하시기"", 508, 30, 208], [""바랍니다."", 532, 24, 206], [""·본 제품은 공정거래위원회 고시 소비자분쟁"", 560, 31, 195], [""해결기준에 의거 교환 또는 보상받을 수"", 586, 30, 204], [""있습니다."", 611, 24, 203], [""소비기한"", 693, 24, 204], [""2026,1,19"", 722, 32, 266], [""까지"", 740, 23, 432]]"
000413,2027,04,23,2027-04-23,s1,"칠갑농산 2027.04.23 | 우유에 타서먹는 | 성국장가루 | 300g | (1,401kcal) | 100 g467kcal","[[""칠갑농산"", 441, 32, 309], [""2027.04.23"", 446, 29, 428], [""우유에 타서먹는"", 507, 45, 341], [""성국장가루"", 583, 140, 186], [""300g"", 685, 38, 387], [""(1,401kcal)"", 709, 24, 388], [""100 g467kcal"", 727, 27, 389]]"
000414,2026,04,07,2026-04-07,s1,2026.04.07 | 양방 | 호/료,"[[""2026.04.07"", 550, 33, 265], [""양방"", 872, 36, 637], [""호/료"", 917, 66, 629]]"
000415,NONE,NONE,NONE,NONE,fail,뚜 운극류 | 까스마스아 | VAHL | 운극품 크HIO 영양정보 | % 오 분매가 터아 | 후물매이아 00 60g/15kcal 락과조사기 1 아삭아살 새콤달콤한 RG유아J지 타J 피로유 | 0 4 0 0 0수0는J산품 I0% 냉장보관이 락 8093 락과초사 락과초사기 락페초사기 락과초사기 과초사 아삭아살 새콤달콤한 아삭아삭 새콤달콤한 야식아식색지관7 아삭아삭 새콤달콤한 아삭아삭 새고닫골한 D | 1U/ U2십 | 1U아페는J산 | 든는곳 10 나기요 | 영양정보 영양정보 영양정보 양정보 #48960g/ 19kc 60g/5kca 60g/15kcal 4860g/15kcal | 量391%弄00.8% 5-8093 8809307 8809307 1390034 390034 | R% | 0% 냉장보관 냉장보관 냉장보관 OTHI OTHER OTHER OTHER 는곳 뚜는곳 들는곳 | 15C리이조산락고 | 나기 U장J산함 JU/1UV 락리초사 락리조사기 아삭아삭 새콤달콤한 아삭아삭 새콤달콤한 P MTR | 영양정보 영양정보 4860g/15kcal 4860g/15kcal 8809307390034 88093071390034 | 售420mg21%午量3g1%异1g可0.8% | 비닐류 | 레스테톨Om오 0%단백질0g 0% 뚜는곳 뚜는곳 | 냉장보관OTHER 냉장보관OTHER,"[[""아삭아삭 새콤달콤한"", 500, 47, 345], [""0수0는J산품"", 542, 93, 131], [""락페초사기"", 550, 115, 225], [""영양정보"", 652, 31, 224], [""60g/15kcal"", 648, 28, 344], [""8809307"", 658, 22, 465], [""뚜는곳"", 712, 61, 588], [""0"", 546, 97, 111], [""D"", 514, 12, 482], [""1390034"", 656, 14, 539], [""냉장보관"", 726, 20, 468], [""OTHER"", 724, 18, 519], [""아삭아살 새콤달콤한"", 500, 49, 343], [""0"", 543, 104, 108], [""I0%"", 506, 19, 146], [""락"", 545, 100, 226], [""과초사"", 541, 102, 316], [""영양정보"", 652, 34, 221], [""60g/5kca"", 648, 33, 342], [""냉장보관"", 726, 17, 471], [""OTHER"", 724, 17, 518], [""는곳"", 716, 95, 570], [""뚜"", 102, 33, 360], [""까스마스아"", 154, 21, 396], [""영양정보"", 259, 72, 294], [""락과조사기"", 421, 380, 360], [""60g/15kcal"", 395, 102, 299], [""아삭아살 새콤달콤한"", 450, 217, 436], [""냉장보관이"", 505, 66, 226], [""00"", 476, 15, 297], [""8093"", 504, 41, 296], [""든는곳"", 620, 70, 216], [""운극류"", 100, 66, 682], [""분매가 터아"", 270, 219, 474], [""VAHL"", 171, 32, 717], [""피로유"", 460, 69, 639], [""1U/ U2십"", 566, 22, 493], [""1U아페는J산"", 579, 24, 492], [""10"", 599, 26, 496], [""나기요"", 618, 27, 497], [""크HIO"", 236, 23, 148], [""운극품"", 248, 59, 68], [""%"", 274, 31, 116], [""오"", 308, 31, 426], [""RG유아J지"", 415, 100, 587], [""타J"", 413, 100, 605], [""1"", 416, 86, 370], [""후물매이아"", 458, 43, 163], [""아삭아삭 새콤달콤한"", 500, 39, 350], [""락과초사"", 549, 102, 196], [""양정보"", 652, 14, 239], [""4860g/15kcal"", 648, 28, 345], [""8809307"", 658, 23, 465], [""390034"", 656, 14, 544], [""量391%弄00.8%"", 672, 30, 300], [""0%"", 712, 13, 406], [""냉장보관"", 726, 21, 470], [""OTHER"", 724, 17, 521], [""15C리이조산락고"", 902, 49, 235], [""아삭아삭 새콤달콤한"", 1000, 88, 698], [""락리초사"", 1098, 228, 363], [""영양정보"", 1306, 59, 445], [""4860g/15kcal"", 1296, 51, 691], [""8809307390034"", 1313, 42, 936], [""售420mg21%午量3g1%异1g可0.8%"", 1344, 54, 455], [""0%단백질0g"", 1427, 40, 638], [""0%"", 1422, 35, 808], [""레스테톨Om오"", 1432, 24, 469], [""냉장보관OTHER"", 1450, 37, 941], [""뚜는곳"", 1426, 126, 1174], [""아삭아삭 새콤달콤한"", 1002, 87, 694], [""나기"", 1092, 205, 177], [""U장J산함"", 1080, 186, 261], [""JU/1UV"", 1056, 135, 291], [""락리조사기"", 1102, 241, 439], [""P"", 1026, 14, 971], [""MTR"", 1086, 21, 1211], [""영양정보"", 1305, 52, 449], [""4860g/15kcal"", 1296, 53, 692], [""88093071390034"", 1312, 39, 938], [""비닐류"", 1396, 31, 1067], [""냉장보관OTHER"", 1449, 36, 940], [""뚜는곳"", 1425, 118, 1174], [""야식아식색지관7"", 501, 45, 350], [""0"", 548, 61, 94], [""락과초사기"", 552, 126, 222], [""영양정보"", 653, 28, 226], [""#48960g/ 19kc"", 648, 22, 346], [""5-8093"", 659, 14, 470], [""R%"", 688, 28, 575], [""OTHI"", 725, 14, 522], [""들는곳"", 711, 62, 587], [""락과초사기"", 552, 121, 224], [""아삭아삭 새고닫골한"", 500, 45, 348], [""4"", 548, 104, 88]]"
000416,2026,04,07,2026-04-07,s1,롤업 | 소비기한 | 먹고 넣다고? | 오도목 그럼말아보사 2026.04.07 | GOl~,"[[""롤업"", 183, 62, 618], [""소비기한"", 521, 20, 368], [""오도목"", 558, 54, 99], [""먹고 넣다고?"", 542, 21, 209], [""그럼말아보사"", 562, 23, 210], [""GOl~"", 583, 34, 209], [""2026.04.07"", 565, 24, 372]]"
000417,2026,03,15,2026-03-15,s1,2.480 | 더맛있게 소비기한 | 먹고 싶다고? | 오도들 그류말아보사 2026.03.15 | GOl~,"[[""2.480"", 71, 47, 376], [""더맛있게"", 533, 28, 182], [""소비기한"", 533, 28, 372], [""오도들"", 565, 72, 47], [""먹고 싶다고?"", 551, 27, 182], [""그류말아보사"", 573, 30, 182], [""2026.03.15"", 576, 29, 370], [""GOl~"", 597, 40, 180]]"
000418,2026,09,08,2026-09-08,s1,180 | 1.780 | 2026.09.08 | G09 16:53,"[[""180"", 66, 43, 0], [""1.780"", 84, 49, 290], [""2026.09.08"", 524, 52, 204], [""G09 16:53"", 564, 55, 207]]"
000419,2026,08,05,2026-08-05,s1,되는 | 웨하 | EASY CAP O는법 소비기한 | 2026.08.05Y | 영양정보 | 총 코코아분말 6% | 否号：75g[400kcal(15gX | 알레르기정보:영면확인,"[[""되는"", 278, 51, 208], [""웨하"", 384, 93, 615], [""EASY CAP O는법"", 469, 23, 181], [""소비기한"", 472, 24, 247], [""2026.08.05Y"", 497, 38, 311], [""영양정보"", 550, 35, 272], [""총 코코아분말 6%"", 722, 35, 537], [""否号：75g[400kcal(15gX"", 744, 43, 535], [""알레르기정보:영면확인"", 759, 34, 534]]"
000420,2025,12,04,2025-12-04,s1,"960 | E3ar | min | 식품유형 | 소비기한 후면 표기일까지(연.월.일) 영양정보 총내용량70g | 내포장재질 220 kcal | 유통전문 롯데웰푸드(주)서울시 25mg | 판매원 空量529 | 제조원 (주)에스디푸드 경기도 부천시 #39g | 9量25g | 목보고번호 2016063409586 지방09 | 원재료명 설탕,물엿,젤라틴,D-소비톨액 트랜스지방0g | %,산도조절제,오렌지농축액,포도농축액, 포화지방09 | 농축액,펙틴,향료,향료,기타식용유지 콜레스테롤0mg | 단백질49 | 지자적색소,치자청색소,주정),블랙캐롯 | 혼합제제I(파프리카추출색소,카로틴) ·제품이 고온에 약하나 | 돼지고기,복숭아 함유 은도로보관해주고 30'C 이하에서 직사광선을 피료 | 빨리 드십시오.·소비지 | 롯데웰푸드 구입 상점 및본 의한 피해보상·유 | ·부정·불량식 | 1399只 | 비닐류 밀,닭고기,쇠고 | 8801062898862 으별 수 있습니다.·한 번에 통입 가능·과량 섭취시 설시 | 않도록 주의하세요 | 2025.12.04G1","[[""960"", 52, 43, 617], [""E3ar"", 101, 40, 392], [""min"", 138, 38, 395], [""식품유형"", 314, 29, 120], [""소비기한"", 326, 26, 120], [""후면 표기일까지(연.월.일)"", 334, 26, 186], [""영양정보"", 332, 24, 404], [""총내용량70g"", 328, 27, 489], [""내포장재질"", 342, 30, 118], [""220 kcal"", 342, 25, 504], [""유통전문"", 358, 25, 122], [""롯데웰푸드(주)서울시"", 360, 25, 182], [""25mg"", 360, 29, 404], [""판매원"", 372, 21, 125], [""空量529"", 375, 34, 404], [""(주)에스디푸드 경기도 부천시"", 390, 26, 177], [""#39g"", 392, 31, 416], [""제조원"", 400, 23, 126], [""9量25g"", 410, 35, 415], [""목보고번호"", 427, 22, 124], [""2016063409586"", 425, 23, 169], [""지방09"", 424, 29, 400], [""원재료명"", 446, 21, 127], [""설탕,물엿,젤라틴,D-소비톨액"", 444, 24, 171], [""트랜스지방0g"", 444, 31, 410], [""%,산도조절제,오렌지농축액,포도농축액,"", 462, 25, 128], [""포화지방09"", 460, 31, 407], [""농축액,펙틴,향료,향료,기타식용유지"", 481, 26, 132], [""콜레스테롤0mg"", 476, 30, 393], [""단백질49"", 492, 26, 394], [""지자적색소,치자청색소,주정),블랙캐롯"", 518, 24, 134], [""혼합제제I(파프리카추출색소,카로틴)"", 537, 28, 136], [""·제품이 고온에 약하나"", 536, 29, 399], [""돼지고기,복숭아 함유"", 558, 23, 213], [""30'C 이하에서 직사광선을 피료"", 552, 34, 402], [""은도로보관해주고"", 569, 42, 402], [""빨리 드십시오.·소비지"", 585, 36, 407], [""롯데웰푸드"", 612, 23, 173], [""의한 피해보상·유"", 602, 37, 407], [""구입 상점 및본"", 621, 34, 408], [""·부정·불량식"", 639, 34, 410], [""1399只"", 656, 30, 413], [""비닐류"", 672, 21, 302], [""밀,닭고기,쇠고"", 673, 36, 413], [""8801062898862"", 696, 37, 131], [""통입 가능·과량 섭취시 설시"", 686, 43, 415], [""으별 수 있습니다.·한 번에"", 704, 42, 415], [""2025.12.04G1"", 742, 37, 139], [""않도록 주의하세요"", 724, 33, 414]]"
000421,2026,07,17,2026-07-17,s1,tetc htitnur | Dtget | Diget | DLOTTE | 상금달콩 | 26.07.17 16:35 A 롯시 | 파인해플,"[[""tetc htitnur"", 78, 32, 556], [""Dtget"", 126, 107, 476], [""Diget"", 188, 132, 97], [""DLOTTE"", 446, 26, 93], [""상금달콩"", 460, 39, 430], [""롯시"", 528, 134, 393], [""26.07.17 16:35 A"", 586, 30, 102], [""파인해플"", 610, 33, 458]]"
000422,2026,06,09,2026-06-09,s1,"화이트 | 화이트하엄 화이트하일 | CROUN | 2025.09.10 A5 | 화이트하임 2026.06.09 | 4,780","[[""화이트"", 312, 20, 675], [""화이트하엄"", 350, 23, 189], [""화이트하일"", 375, 24, 646], [""CROUN"", 492, 22, 18], [""화이트하임"", 526, 36, 77], [""2025.09.10 A5"", 531, 25, 457], [""2026.06.09"", 552, 24, 456], [""4,780"", 836, 27, 551]]"
000423,2026,06,04,2026-06-04,s1,580 | 소보로 | 소보로 6봉입 제로쿠앤크 | 소목소보속 소보로 2026.06.04 2025.06.05 be | 맛있는약속,"[[""580"", 106, 74, 0], [""소보로"", 174, 61, 105], [""소보로"", 260, 103, 243], [""6봉입"", 238, 29, 650], [""제로쿠앤크"", 254, 25, 657], [""be"", 444, 59, 466], [""소목소보속"", 495, 102, 86], [""소보로"", 486, 127, 103], [""2025.06.05"", 455, 38, 344], [""2026.06.04"", 497, 31, 346], [""맛있는약속"", 501, 20, 472]]"
000424,2026,03,28,2026-03-28,s1,"좋고 새우항 | 소비기한후면표기일까지 2001054954-20/700 포장재질 폴리프로필 | 19720154001-458（早） | 개봉후바로드십시오. | ·간과자은물질은새입 | 경게 보이는 것으로 안심하 함 | ·소비자기본법에 이거 교환,센원데드 | 139 | ·반품:본사 및 구입한곳. | 반는반로없게 많하고. ·신선도유지를위해질소충진포또장을해십지 | R | 8801043036078 | 2026.03.28 | 0농섭×방8 2A082227 | 영양정보","[[""좋고"", 304, 29, 207], [""새우항"", 311, 58, 239], [""소비기한후면표기일까지"", 391, 26, 434], [""포장재질 폴리프로필"", 396, 30, 543], [""2001054954-20/700"", 404, 27, 467], [""19720154001-458（早）"", 418, 29, 466], [""개봉후바로드십시오."", 473, 25, 437], [""·간과자은물질은새입"", 486, 25, 435], [""경게 보이는 것으로 안심하 함"", 500, 26, 437], [""·소비자기본법에 이거 교환,센원데드"", 513, 27, 435], [""139"", 528, 27, 433], [""·반품:본사 및 구입한곳."", 543, 24, 436], [""반는반로없게 많하고."", 573, 46, 287], [""·신선도유지를위해질소충진포또장을해십지"", 556, 37, 433], [""R"", 599, 42, 208], [""8801043036078"", 636, 37, 508], [""2026.03.28"", 694, 37, 491], [""0농섭×방8"", 722, 23, 200], [""2A082227"", 708, 36, 493], [""영양정보"", 767, 32, 453]]"
000425,2025,11,05,2025-11-05,s1,소비기한 뚜는곳 Rollrgs | 2025.11.05 11:25 콘푸로스 | 까지,"[[""Rollrgs"", 504, 66, 385], [""뚜는곳"", 494, 24, 329], [""콘푸로스"", 534, 64, 577], [""소비기한"", 522, 26, 109], [""2025.11.05 11:25"", 556, 27, 142], [""까지"", 571, 22, 321]]"
000426,2026,12,26,2026-12-26,s1,홈일홈게맛액은 | 100m39.33kca | 영양정보 | 79349ing40% | 지방 0g 0% | 레스테Omg 0% | 소비기한 | 2026.12.26 F3,"[[""홈일홈게맛액은"", 554, 25, 305], [""영양정보"", 706, 31, 257], [""100m39.33kca"", 703, 41, 399], [""79349ing40%"", 734, 30, 253], [""지방 0g 0%"", 755, 26, 259], [""레스테Omg 0%"", 776, 29, 266], [""소비기한"", 838, 31, 259], [""2026.12.26 F3"", 859, 36, 326]]"
000427,2027,04,01,2027-04-01,s1,한면 | 찹치액 | 따라할수없는 | 9 7% 원조의맛과향 | 2027.04.01 ,"[[""한면"", 488, 47, 347], [""찹치액"", 621, 184, 227], [""따라할수없는"", 716, 29, 329], [""9 7%"", 742, 47, 237], [""원조의맛과향"", 736, 29, 331], [""2027.04.01 "", 812, 31, 314]]"
000428,2026,04,23,2026-04-23,s1,26.04.233 | 04:00 G1 FR-2,"[[""26.04.233"", 528, 37, 231], [""04:00 G1 FR-2"", 555, 32, 231]]"
000429,2026,01,04,2026-01-04,s1,CUPOF | RESPECT 생산하도록 있습니다. | —MESCAFE 0 1938-- | 제품명 테이스터스 초이스 마일드 모키 식품유형 커피 업소명및소세지 | 98104500245 | 손비기한 | 2026.01.04 | 0E:59,"[[""CUPOF"", 279, 65, 130], [""RESPECT"", 324, 79, 115], [""생산하도록 있습니다."", 319, 36, 327], [""—MESCAFE 0 1938--"", 366, 35, 125], [""식품유형 커피 업소명및소세지"", 419, 30, 454], [""제품명 테이스터스 초이스 마일드 모키"", 421, 36, 204], [""98104500245"", 494, 41, 197], [""손비기한"", 654, 21, 156], [""2026.01.04"", 702, 30, 236], [""0E:59"", 716, 33, 423]]"
000430,2028,02,01,2028-02-01,s1,제정:체이출슬넷항커피·식품유형 ·원재료명:인안스타위피 | 내용량:50g·포장재질:방위품 | 월므로필헌·소비기한:제품 별도 표기일까지 보관상주의사항:습기 및직품 | 에보하십신뚜 주데 | 2028.02.01 CB | NET WT 50,"[[""제정:체이출슬넷항커피·식품유형"", 453, 36, 255], [""·원재료명:인안스타위피"", 456, 35, 433], [""내용량:50g·포장재질:방위품"", 482, 29, 406], [""월므로필헌·소비기한:제품 별도 표기일까지"", 504, 37, 251], [""보관상주의사항:습기 및직품"", 506, 32, 419], [""에보하십신뚜 주데"", 530, 44, 247], [""2028.02.01 CB"", 695, 27, 326], [""NET WT 50"", 711, 41, 451]]"
000431,2026,03,17,2026-03-17,s1,리아주식회사충북 청주시 흥덕구박 로72 | 길21·소비기한.아래에 표시된 일 | 100%） | 100%）：--P | （）198104150 | 하고 서늘한 곳에 보관·질소충전 | 본필에 의한 피해보상 부정 불량식품 | 1399 | 080-730-5336NESCAFEisa 100ge | eistered trademart.Usedunder icense. | Distibitedby LOTE-Nestle(korea)(o.Itd | 원터디하페인공법으로카메인부담을 줄인 디카페인커피 | 유리 | 88010551780266 | 2026.03.17 23:33 | 40783657,"[[""리아주식회사충북 청주시 흥덕구박"", 464, 35, 264], [""로72"", 463, 34, 471], [""길21·소비기한.아래에 표시된 일"", 486, 32, 267], [""100%）"", 508, 34, 270], [""100%）：--P"", 530, 39, 268], [""（）198104150"", 552, 37, 269], [""하고 서늘한 곳에 보관·질소충전"", 574, 33, 267], [""본필에 의한 피해보상 부정 불량식품"", 597, 38, 260], [""1399"", 619, 34, 268], [""080-730-5336NESCAFEisa"", 642, 25, 264], [""100ge"", 636, 31, 434], [""eistered trademart.Usedunder icense."", 659, 24, 262], [""Distibitedby LOTE-Nestle(korea)(o.Itd"", 676, 27, 264], [""원터디하페인공법으로카메인부담을 줄인 디카페인커피"", 702, 22, 265], [""유리"", 744, 21, 441], [""88010551780266"", 758, 22, 276], [""2026.03.17"", 802, 23, 280], [""23:33"", 800, 29, 430], [""40783657"", 828, 29, 279]]"
000432,2027,04,28,2027-04-28,s1,iBRew PLUS | SWEET BLACK COFFEE | 스위트 블랙커피 | BReW아이보로 | Mrlk kzlalo 아이브루 | 플러스 | 80 2027.04.28 | 80 STICKS 0.099 0Z. (2.8 g / 10 kcal) | STICKS NET WT. 7.920Z.(224 g /800 kcal),"[[""iBRew"", 328, 112, 210], [""PLUS"", 359, 38, 473], [""SWEET BLACK COFFEE"", 415, 32, 242], [""스위트 블랙커피"", 448, 29, 286], [""BReW아이보로"", 504, 82, 414], [""Mrlk kzlalo"", 652, 70, 220], [""아이브루"", 654, 58, 288], [""플러스"", 699, 45, 302], [""80"", 848, 55, 186], [""2027.04.28"", 822, 31, 287], [""80 STICKS 0.099 0Z. (2.8 g / 10 kcal)"", 856, 37, 253], [""STICKS"", 882, 20, 188], [""NET WT. 7.920Z.(224 g /800 kcal)"", 879, 34, 252]]"
000433,2026,08,05,2026-08-05,s1,유기농 가루녹차 | 50g 식품유형 고형차 | 100%（) | 포장재질 내포장:폴린프로필렌 | 보관방법 실온보관 | 제조원 (주)티전 |  80-23 | 卫豆2009523072106 | 소비기한 | Y2026.08.05 | 에드림니·부정·불량식품 신고 | 데고건당곳세보 | 전통성으·교환 및문의: | M1580247室 | eazenmall.com,"[[""유기농 가루녹차"", 346, 30, 284], [""50g"", 376, 22, 289], [""식품유형"", 372, 29, 352], [""고형차"", 372, 25, 394], [""100%（)"", 400, 29, 286], [""포장재질"", 427, 30, 254], [""내포장:폴린프로필렌"", 426, 32, 287], [""보관방법"", 452, 33, 252], [""실온보관"", 452, 32, 289], [""제조원"", 474, 23, 254], [""(주)티전"", 477, 24, 292], ["" 80-23"", 502, 33, 289], [""卫豆2009523072106"", 527, 42, 249], [""소비기한"", 547, 33, 250], [""Y2026.08.05"", 578, 49, 294], [""에드림니·부정·불량식품 신고"", 661, 46, 260], [""데고건당곳세보"", 702, 44, 260], [""전통성으·교환 및문의:"", 722, 41, 261], [""eazenmall.com"", 808, 36, 292], [""M1580247室"", 794, 25, 333]]"
000434,2026,10,28,2026-10-28,s1,"19830464030 | 포장재질 뚜껑(내면-폴리영화비닐 | 원료명 기타과당,정제수,설탕,올리고당,대추(국산),대추농축백에대추 | (국산)아카시아꿀(국산),설롤로스검,카라기난,합성향료(대추,전탄김 | 정산칼구연산 | ·우유,대두,토마토복숭아혼입가는·소비자기본법에 따라 피해보상 | ·개봉후냉장보관(가금적 빠튼시일내 섭취)·유리방 피손 주의 | 预国号：080-338882午71） | ：080-024-231（早） | ·소비기한: | 2026.10.28 | 06:21","[[""19830464030"", 443, 30, 242], [""포장재질 뚜껑(내면-폴리영화비닐"", 468, 22, 242], [""원료명 기타과당,정제수,설탕,올리고당,대추(국산),대추농축백에대추"", 491, 32, 241], [""(국산)아카시아꿀(국산),설롤로스검,카라기난,합성향료(대추,전탄김"", 512, 27, 241], [""정산칼구연산"", 534, 31, 238], [""·우유,대두,토마토복숭아혼입가는·소비자기본법에 따라 피해보상"", 561, 34, 241], [""·개봉후냉장보관(가금적 빠튼시일내 섭취)·유리방 피손 주의"", 604, 39, 240], [""预国号：080-338882午71）"", 626, 36, 240], [""：080-024-231（早）"", 648, 42, 255], [""·소비기한:"", 709, 29, 239], [""2026.10.28"", 735, 32, 321], [""06:21"", 762, 25, 357]]"
000435,2026,07,14,2026-07-14,s1,"제품명 식품의 유형 | 품목제조번호 | pet/뚜껑:pp,좋이 | 8101-811 | 1회 1티백을찬물또는더운물에우려서섭취 | 2026/07/14","[[""제품명"", 338, 23, 237], [""식품의 유형"", 338, 20, 376], [""품목제조번호"", 361, 20, 231], [""pet/뚜껑:pp,좋이"", 451, 20, 303], [""8101-811"", 542, 21, 302], [""1회 1티백을찬물또는더운물에우려서섭취"", 622, 24, 303], [""2026/07/14"", 756, 37, 274]]"
000436,2026,02,12,2026-02-12,s1,서울우유 서울두 | 2026.02.12 뚜껑회전 시내부 | 16:51 | 은박이 개봉됩니다,"[[""서울두"", 16, 36, 228], [""서울우유"", 32, 66, 66], [""2026.02.12"", 439, 48, 247], [""16:51"", 464, 27, 253], [""뚜껑회전 시내부"", 460, 33, 429], [""은박이 개봉됩니다"", 485, 34, 423]]"
000437,2030,05,02,2030-05-02,rot180,-zmg0 | JUGTTT 4 22 | 300502.02011 | lk식,"[[""-zmg0"", 398, 87, 472], [""4"", 507, 24, 335], [""JUGTTT"", 520, 25, 266], [""22"", 519, 22, 403], [""300502.02011"", 534, 24, 281], [""lk식"", 570, 46, 398]]"
000438,2026,02,19,2026-02-19,hires,24개 | B | 1지 | 2026.02.190지00:56 | 1368 241220813885 2E9,"[[""24개"", 38, 57, 959], [""B"", 264, 133, 218], [""1지"", 496, 102, 1255], [""2026.02.190지00:56"", 1003, 48, 520], [""1368 241220813885 2E9"", 1026, 55, 539]]"
000439,2026,03,18,2026-03-18,s1,소비기한 까지 베지밀 | 2026. 03. 18 41 - 05:23 검은 콩 두유고갈습,"[[""소비기한"", 425, 30, 203], [""까지"", 427, 26, 319], [""베지밀"", 439, 34, 446], [""41 - 05:23"", 450, 35, 220], [""검은"", 478, 43, 393], [""콩"", 475, 52, 437], [""2026. 03. 18"", 477, 36, 220], [""두유고갈습"", 486, 44, 476]]"
000440,2025,NONE,13,2025-NONE-13,fail,"1 0079- | () | ( | 0 品%26 | 천동 | 포이 밀 향 내미호 리h탕묵 등량 | IN 논명 (용 편 0 | 동백 기형아출성위험을높입니다. 해손상이나 치매를 011399 늘한 곳에 보관 페닐알라닌함유), 입국,효모 927 de 08: 09 1 | 므 | 나피 I로g | 울한 | 22 원동:담물:13까지 25:88:1300 25:88:13 | 0ml 리식품유형영균택주 에리식품유형성균택주 리식품유형실균택주 에판율량알분6% 포 포 또이 천동 천동 천동 | ：（47.927% （47.927% 当（7.927% 0 이 | ,주산),입국, 미국산,주산),입국,모 미국산,주산),입국,모 국,효포 이 | 스페(감미료,페닐알라함유), 스페(김미료,페닐알라함유), 보단품 | 카린나트륨(감미료) 아카린나트륨(감미료) 카린나트륨(감미로) 밀함유 밀함유 밀함유 | 가단표시일까지 기상단표시일까지 가상단표시일까지 9 | 6400 고서늘한 곳에 보관 피하고서늘한 곳에 보관 피하고서늘한 곳에 보관 9 기 | #01399 01399 | ,기에 손상이나 치매를 ,기역력 손상이나 치매를 | 는기아볶을입니다 | 25:88:1308 25:88：13 | 200ml 200ml 리및콜리식품유형살균탁주 우리젤약결리식품유형살균탁주 에탄올함량알콜분6% 에탄올함량알콜분6% 포천 동 | ，（）7.927% ，（7.927%， 이 이 | 기루(미국산,호주산),입국,모, 가루(미국산,호주산),입국,효모, 터륨이 | 스과담(감미료,페닐알라년함유) 스피(감미료,페닐알라닌함유), | 사카린나트륨(감미료) 사카린나트륨(감미료) 밀함유 밀함유 | 용가상단표시일까지 용기상단표시일까지 | 电201300150833 1031532-6400 0532-6400 품을피하고서늘한 곳에 보관 선을 피하고 서늘한 곳에 보관 우기 | 1% 300150833 ：801390 | 성이    입니 | 이동백트 이동백우","[[""25:88:13"", 524, 30, 315], [""에리식품유형성균택주"", 720, 41, 245], [""또이"", 746, 59, 395], [""천동"", 744, 63, 422], [""当（7.927%"", 755, 44, 248], [""미국산,주산),입국,모"", 773, 50, 248], [""아카린나트륨(감미료)"", 804, 42, 249], [""가단표시일까지"", 821, 42, 250], [""밀함유"", 812, 23, 347], [""기"", 864, 128, 422], [""고서늘한 곳에 보관"", 843, 39, 273], [""22"", 564, 328, 40], [""리식품유형영균택주"", 719, 44, 243], [""：（47.927%"", 754, 45, 246], ["",주산),입국,"", 771, 48, 247], [""스페(감미료,페닐알라함유),"", 788, 47, 249], [""카린나트륨(감미료)"", 803, 40, 249], [""9"", 864, 161, 410], [""기상단표시일까지"", 821, 34, 257], [""밀함유"", 812, 22, 348], [""피하고서늘한 곳에 보관"", 843, 32, 277], [""#01399"", 888, 44, 273], ["",기역력 손상이나 치매를"", 904, 42, 277], [""동백"", 300, 45, 0], [""기형아출성위험을높입니다."", 342, 109, 18], [""011399"", 350, 91, 53], [""늘한 곳에 보관"", 338, 56, 102], [""페닐알라닌함유),"", 344, 76, 155], [""해손상이나 치매를"", 359, 67, 39], [""IN"", 324, 15, 426], [""입국,효모"", 361, 56, 171], [""927"", 346, 25, 195], [""08:"", 370, 46, 423], [""de"", 364, 18, 192], [""므"", 380, 11, 195], [""나피"", 412, 29, 204], [""울한"", 438, 31, 187], [""천동"", 282, 31, 713], [""포이"", 310, 33, 718], [""밀"", 340, 14, 750], [""향"", 346, 22, 805], [""내미호"", 344, 20, 903], [""리h탕묵 등량"", 359, 66, 914], [""(용"", 355, 30, 788], [""논명"", 369, 28, 769], [""편"", 367, 22, 840], [""0"", 393, 47, 834], [""1"", 404, 15, 805], [""09"", 432, 13, 784], [""1"", 104, 73, 214], [""0079-"", 107, 18, 413], [""("", 170, 47, 331], [""()"", 154, 35, 390], [""0"", 202, 25, 300], [""品%26"", 206, 46, 326], [""I로g"", 433, 16, 273], [""25:88:1300"", 524, 28, 314], [""리식품유형실균택주"", 721, 34, 257], [""0ml"", 731, 14, 262], [""포"", 734, 27, 399], [""천동"", 746, 61, 425], [""（47.927%"", 754, 43, 249], [""에판율량알분6%"", 739, 28, 285], [""미국산,주산),입국,모"", 772, 45, 250], [""0"", 760, 12, 403], [""스페(김미료,페닐알라함유),"", 790, 49, 251], [""카린나트륨(감미로)"", 805, 36, 253], [""가상단표시일까지"", 822, 39, 258], [""밀함유"", 814, 21, 347], [""피하고서늘한 곳에 보관"", 844, 35, 277], [""9"", 854, 52, 442], [""6400"", 854, 10, 287], [""01399"", 890, 43, 276], ["",기에 손상이나 치매를"", 906, 41, 278], [""는기아볶을입니다"", 922, 40, 279], [""25:88:1308"", 1048, 54, 632], [""우리젤약결리식품유형살균탁주"", 1439, 76, 498], [""200ml"", 1460, 44, 509], [""포천"", 1469, 104, 780], [""에탄올함량알콜분6%"", 1478, 49, 581], [""，（7.927%，"", 1508, 87, 497], [""동"", 1515, 64, 843], [""기루(미국산,호주산),입국,모,"", 1544, 93, 500], [""이"", 1522, 41, 799], [""스피(감미료,페닐알라닌함유),"", 1580, 91, 501], [""사카린나트륨(감미료)"", 1606, 77, 503], [""용기상단표시일까지"", 1638, 83, 500], [""밀함유"", 1625, 38, 702], [""품을피하고서늘한 곳에 보관"", 1678, 99, 505], [""1031532-6400"", 1696, 68, 506], [""电201300150833"", 1722, 75, 498], [""：801390"", 1766, 141, 480], [""이동백트"", 1892, 59, 534], [""25:88：13"", 1048, 59, 631], [""리및콜리식품유형살균탁주"", 1438, 81, 494], [""200ml"", 1460, 43, 508], [""에탄올함량알콜분6%"", 1477, 48, 580], [""，（）7.927%"", 1508, 85, 496], [""가루(미국산,호주산),입국,효모,"", 1544, 89, 502], [""이"", 1522, 55, 795], [""스과담(감미료,페닐알라년함유)"", 1579, 88, 502], [""사카린나트륨(감미료)"", 1606, 76, 504], [""터륨이"", 1590, 66, 788], [""용가상단표시일까지"", 1638, 85, 498], [""밀함유"", 1624, 39, 703], [""우기"", 1725, 252, 861], [""선을 피하고 서늘한 곳에 보관"", 1682, 78, 529], [""0532-6400"", 1701, 52, 533], [""300150833"", 1728, 56, 528], [""성이 "", 1802, 125, 495], [""1%"", 1754, 7, 514], [""  입니"", 1832, 143, 487], [""이동백우"", 1894, 60, 537], [""원동:담물:13까지"", 523, 26, 315], [""포"", 735, 26, 401], [""천동"", 744, 61, 416], [""이"", 759, 16, 401], [""국,효포"", 776, 18, 347], [""보단품"", 796, 11, 357], [""이"", 794, 38, 391]]"
000441,2025,12,NONE,2025-12-NONE,s1,6개 | 8.25%（卫 85mL×67H(510mL/510kcal) 굴&배 Freezer Pop 아이스주스 얼려먹는 상하목 | 75%（60%） | 2025.12:53,"[[""6개"", 287, 42, 167], [""8.25%（卫"", 387, 154, 158], [""85mL×67H(510mL/510kcal)"", 442, 263, 177], [""아이스주스"", 520, 252, 303], [""상하목"", 494, 179, 476], [""얼려먹는"", 518, 169, 366], [""Freezer Pop"", 518, 103, 278], [""굴&배"", 520, 66, 208], [""75%（60%）"", 608, 219, 159], [""2025.12:53"", 743, 52, 250]]"
000442,2025,11,30,2025-11-30,s1,및소재지(주)동원F&8 수원공장/경기도 | 21021-15 | 소비기한용기하단표기일까지포장재질 | 00413 | 후냉장보관하시고 빠른 시일 내에 드세 | 효·이 제품은 소비자 분쟁해결 기준에 | 의거 교환 또는 보상을 받을 수 있습니 | 다원료에의한부유물이나침전이 | 2025.11.30 | 01:26:303A,"[[""및소재지(주)동원F&8 수원공장/경기도"", 482, 44, 223], [""21021-15"", 507, 38, 219], [""소비기한용기하단표기일까지포장재질"", 530, 35, 213], [""00413"", 576, 30, 234], [""후냉장보관하시고 빠른 시일 내에 드세"", 597, 30, 233], [""효·이 제품은 소비자 분쟁해결 기준에"", 620, 33, 236], [""의거 교환 또는 보상을 받을 수 있습니"", 642, 41, 234], [""다원료에의한부유물이나침전이"", 663, 40, 233], [""2025.11.30"", 828, 39, 339], [""01:26:303A"", 851, 46, 335]]"
000443,2026,04,06,2026-04-06,s1,"요미요이 핑크폴 아기상어 | 유기농 쌀과자 초록 | 손기각으로과자를같는 소비기한 | 아이를위한 유기농쌀과자 | 2026.04.0616:09A 오미요며 유기농 | 믿을 수있는 유기농재료 4.2 | 유기농 쌀로만들어원재료안심 | 소근육 운동을 고려한 모양설게 | 손가락으로 집어 스스로 먹을 수 있는 크기 | 성장에 필요한 영양이 쏙! | 과일의건강한단맛을더해 | 더욱 맛있게! | 요미요미 안심정보공개시스템 | 원재료부터 생산까지 투명한 생산과정 공개 | 제품명 요미요미 유기농 쌀과자 초록 식품의 유형 과자 영양정보 L8259 | 포장재질(내면)폴리프로필렌 20060515035126 | 료명및방량(유기농함량 98%)유기농쌀(국산),유기농백포도농 보관방법 실온보관 총 내용량당 기준치에 대한 | 과(터치산),유기농브로폴리분말(국산),로틸라원말,탄산갈, 나트륨10mg | 空号229 | 11-9 당59 | 품및 고환장소판매원및구입처 51 지방09 트랜스지방09 | 포화지방09 | 콜레스테롤0mg | 2合105mg | 비타민C 15mg | 므로 개인의 필요 | 매일유업(주)","[[""요미요이"", 238, 55, 161], [""핑크폴 아기상어"", 225, 34, 317], [""유기농 쌀과자 초록"", 252, 26, 318], [""소비기한"", 311, 24, 357], [""손기각으로과자를같는"", 317, 37, 97], [""아이를위한 유기농쌀과자"", 334, 43, 81], [""2026.04.0616:09A"", 348, 30, 375], [""오미요며 유기농"", 348, 24, 633], [""4.2"", 395, 34, 669], [""믿을 수있는 유기농재료"", 398, 24, 418], [""유기농 쌀로만들어원재료안심"", 414, 22, 418], [""소근육 운동을 고려한 모양설게"", 435, 24, 419], [""손가락으로 집어 스스로 먹을 수 있는 크기"", 452, 23, 420], [""성장에 필요한 영양이 쏙!"", 473, 26, 421], [""과일의건강한단맛을더해"", 512, 28, 421], [""더욱 맛있게!"", 530, 20, 425], [""요미요미 안심정보공개시스템"", 548, 33, 422], [""원재료부터 생산까지 투명한 생산과정 공개"", 565, 29, 423], [""제품명 요미요미 유기농 쌀과자 초록 식품의 유형 과자"", 602, 30, 84], [""영양정보"", 608, 42, 381], [""L8259"", 590, 31, 523], [""포장재질(내면)폴리프로필렌"", 634, 27, 87], [""20060515035126"", 622, 25, 216], [""료명및방량(유기농함량 98%)유기농쌀(국산),유기농백포도농"", 654, 39, 85], [""보관방법 실온보관"", 639, 22, 217], [""총 내용량당"", 642, 25, 384], [""기준치에 대한"", 637, 29, 514], [""과(터치산),유기농브로폴리분말(국산),로틸라원말,탄산갈,"", 669, 42, 84], [""나트륨10mg"", 664, 22, 384], [""空号229"", 678, 20, 386], [""11-9"", 699, 38, 84], [""당59"", 694, 21, 393], [""51"", 718, 48, 85], [""지방09"", 710, 20, 387], [""품및 고환장소판매원및구입처"", 731, 37, 87], [""트랜스지방09"", 721, 24, 394], [""포화지방09"", 737, 22, 395], [""콜레스테롤0mg"", 752, 25, 387], [""2合105mg"", 783, 27, 385], [""비타민C 15mg"", 796, 25, 386], [""므로 개인의 필요"", 822, 29, 411], [""매일유업(주)"", 845, 41, 385]]"
000444,2026,07,01,2026-07-01,s1,요이미 유기농 쌈더빵 | 시금치와 브로콜리 | 믿을 수 있는 유기농 재료 | 异100%别豆！ | 처음과자를 접하는 아이를위한 구강구조와 식감을 고려한 설계 | 유기농쌀떡빵 입안에서녹는간식 기릉에 뒷기지 않고열과압력으로 만들어 | 요미요미 안심정보 | 공개시스템 | 원재료부터 생산까지 투명한 | 생산과정 공개 | 유기농 요미요미 유기농주스로 | 9쌀 충분한 수분가영양을 | 시금치 | 소비기한 | 유기농 | 브로콜리! 2026.07.01 | 영양정보 | 1일 영양성분 품목보고번호 포장재질(내면) 2006037812332 반품 및교환장소 판매원 및구입처 | 나륨10mg 기준치에 대한비을 보관방법 | 수20g 원재료명 | 당류0g 말(국신) | 트랜스자방0g | 0g,"[[""유기농"", 196, 38, 363], [""쌈더빵"", 185, 24, 421], [""요이미"", 213, 60, 234], [""시금치와 브로콜리"", 222, 31, 382], [""믿을 수 있는 유기농 재료"", 269, 40, 429], [""异100%别豆！"", 288, 41, 430], [""처음과자를"", 308, 28, 262], [""구강구조와 식감을 고려한 설계"", 314, 40, 430], [""접하는 아이를위한"", 326, 31, 248], [""기릉에 뒷기지 않고열과압력으로 만들어"", 334, 37, 430], [""유기농쌀떡빵"", 347, 46, 240], [""입안에서녹는간식"", 349, 28, 433], [""요미요미 안심정보"", 376, 29, 436], [""공개시스템"", 398, 37, 433], [""원재료부터 생산까지 투명한"", 421, 20, 437], [""생산과정 공개"", 436, 20, 439], [""유기농"", 490, 21, 331], [""요미요미 유기농주스로"", 481, 26, 413], [""9쌀"", 504, 21, 319], [""충분한 수분가영양을"", 496, 23, 424], [""시금치"", 526, 21, 245], [""소비기한"", 549, 27, 391], [""유기농"", 596, 22, 237], [""브로콜리!"", 612, 24, 233], [""2026.07.01"", 609, 32, 469], [""영양정보"", 668, 37, 159], [""포장재질(내면)"", 700, 41, 302], [""품목보고번호"", 684, 29, 307], [""1일 영양성분"", 702, 31, 251], [""2006037812332"", 683, 48, 367], [""기준치에 대한비을"", 713, 35, 237], [""반품 및교환장소 판매원 및구입처"", 691, 46, 467], [""나륨10mg"", 718, 33, 180], [""보관방법"", 716, 31, 314], [""수20g"", 736, 32, 183], [""원재료명"", 736, 30, 314], [""당류0g"", 754, 27, 189], [""말(국신)"", 749, 34, 370], [""트랜스자방0g"", 796, 36, 190], [""0g"", 814, 34, 192]]"
000445,2026,07,17,2026-07-17,s1,가득퍼지는 | 쿠 앤크림의달콤함! | 쿠기원크림처 | 코와우유가만나면 | 진한 | 몸에좋은 5가지곡물과 | 고 영양성분단백질은 UP! | 트 ↓담류 함탕은DOWN! | 단백질 비타민D 칼순 아연 | 83.ng 8.33μg 283mg | 한 | 영양설기 | 29） | 8420g | 769 23% | 17% | 포장재질폴리에틸렌 | 제품으로 습기나해충의영형 | 쉐우므로개봉후에는받드시 | 건조하고늘한 곳에 보 | 2026.07. 17 / 15 :40 ·제품은초포함 | 11399 | 2025kellggCompany | 홈페이지Iwww.kllogg.co.kr | 켈로그 홈페이지를 콜릭하시면 제품에 | （（%）22.000kcal 문의처농성체로금주식회사 소비자 상담실,"[[""가득퍼지는"", 65, 28, 454], [""쿠"", 84, 20, 429], [""앤크림의달콤함!"", 86, 39, 460], [""쿠기원크림처"", 108, 26, 321], [""코와우유가만나면"", 122, 39, 463], [""진한"", 139, 30, 426], [""5가지곡물과"", 174, 38, 475], [""몸에좋은"", 178, 38, 426], [""고"", 238, 26, 163], [""영양성분단백질은 UP!"", 246, 43, 455], [""↓담류"", 286, 34, 329], [""함탕은DOWN!"", 270, 41, 446], [""트"", 292, 69, 105], [""비타민D"", 362, 23, 412], [""칼순"", 355, 22, 533], [""단백질"", 364, 21, 208], [""아연"", 358, 20, 620], [""8.33μg"", 378, 23, 412], [""283mg"", 375, 33, 608], [""83.ng"", 382, 24, 310], [""한"", 396, 27, 126], [""영양설기"", 417, 40, 106], [""29）"", 508, 26, 290], [""8420g"", 534, 24, 534], [""769"", 568, 20, 155], [""23%"", 570, 20, 214], [""17%"", 600, 20, 215], [""포장재질폴리에틸렌"", 655, 22, 242], [""제품으로 습기나해충의영형"", 687, 43, 544], [""쉐우므로개봉후에는받드시"", 701, 45, 545], [""2026.07. 17 / 15 :40"", 730, 27, 313], [""건조하고늘한 곳에 보"", 716, 43, 546], [""·제품은초포함"", 731, 44, 547], [""11399"", 800, 28, 247], [""2025kellggCompany"", 813, 31, 247], [""홈페이지Iwww.kllogg.co.kr"", 831, 26, 282], [""켈로그 홈페이지를 콜릭하시면 제품에"", 844, 27, 283], [""（（%）22.000kcal"", 866, 33, 157], [""문의처농성체로금주식회사 소비자 상담실"", 872, 28, 283]]"
000446,2026,04,11,2026-04-11,s1,2026-04.11n | 수국가 | HYDRANGEA TEA | 32g0.8gx407H2） | 수국22% | 꽃샘 수국차,"[[""2026-04.11n"", 374, 39, 400], [""수국가"", 512, 157, 407], [""HYDRANGEA TEA"", 596, 37, 420], [""32g0.8gx407H2）"", 768, 28, 164], [""수국22%"", 788, 26, 167], [""꽃샘 수국차"", 945, 30, 161]]"
000447,2025,11,22,2025-11-22,s1,을러보니한 | BEACIN IBUREEY TEA | 2025. 11. 22,"[[""을러보니한"", 46, 94, 374], [""BEACIN IBUREEY TEA"", 93, 50, 408], [""2025. 11. 22"", 361, 39, 277]]"
000448,2026,08,20,2026-08-20,s1,"영양정보 | 10mg1%全量17g5% | 48g89%0g空 | 5mg만 1% 6#2547% | （）22 | 2026.08.20 8,98","[[""영양정보"", 440, 37, 264], [""10mg1%全量17g5%"", 471, 28, 264], [""48g89%0g空"", 496, 31, 264], [""5mg만 1%"", 522, 25, 262], [""6#2547%"", 520, 29, 356], [""（）22"", 544, 29, 305], [""8,98"", 572, 38, 636], [""2026.08.20"", 596, 39, 313]]"
000449,2026,01,28,2026-01-28,s1,28.01.2026 | BB L028K06--- 13:08 | 판매원 | 영양정보,"[[""28.01.2026"", 461, 30, 251], [""BB L028K06--- 13:08"", 486, 37, 246], [""판매원"", 750, 33, 141], [""영양정보"", 813, 48, 128]]"
000450,2026,03,11,2026-03-11,s1,쌀 카스테라 건강성 | OrYou | (주)오리온 | htt://www.orionworld.com | 소비 2025.09.12/13:18 부터 | 기한 2026.03.11/A 까지 | 카스테라 HACCP | 보침,"[[""쌀"", 267, 82, 244], [""카스테라"", 287, 60, 295], [""건강성"", 282, 44, 548], [""OrYou"", 394, 64, 485], [""(주)오리온"", 469, 24, 389], [""htt://www.orionworld.com"", 485, 26, 389], [""2025.09.12/13:18"", 527, 30, 416], [""부터"", 522, 30, 577], [""소비"", 530, 25, 359], [""기한"", 556, 28, 359], [""2026.03.11/A"", 549, 28, 417], [""까지"", 547, 28, 577], [""카스테라"", 607, 75, 6], [""HACCP"", 617, 25, 406], [""보침"", 779, 104, 214]]"
000451,2026,02,27,2026-02-27,s1,"Colbee | 어니버터침 | 넣게만들어져요! | 신선한 생감자! (미국산),버터 시아꿀분말(아카시꿀(국산) | 스산) 우유,대두,밀,조개류(굴 | 소비기한후면표기일까지 | 포장재질폴리에틸렌(내면) | 제조원해태가루비(주)제 | 강원특별자치도원주시문막을 | 1니다. 유통전문판매원해태제과식품 |  201603834281 | 3.신선한 기름에 ·직사광선 및 습기찬 곳을 피하여 | 제품은 공정거래위원회 고시에의거 | 상·반품 및 교환장소:본사 및구입 | 은토마토,계란게새우오 | 아,호두조개(포함 | 류를사용한제품과제조식 | 반삭!하고달콤한~ 의일부분이니 안심하고 디요 | 영양정보 허니버터칩을줄겨보세요! 녹색 가루는 파슬리입니다 모 | 25.08.28 F2 19:31 | 26.02.27 外x A1 매콤달 | 수있습니다.","[[""Colbee"", 120, 29, 6], [""어니버터침"", 265, 44, 115], [""넣게만들어져요!"", 291, 38, 128], [""(미국산),버터"", 327, 24, 380], [""시아꿀분말(아카시꿀(국산)"", 342, 29, 379], [""신선한 생감자!"", 339, 26, 244], [""스산) 우유,대두,밀,조개류(굴"", 357, 32, 380], [""소비기한후면표기일까지"", 372, 22, 383], [""포장재질폴리에틸렌(내면)"", 388, 23, 383], [""제조원해태가루비(주)제"", 404, 27, 382], [""강원특별자치도원주시문막을"", 420, 31, 382], [""1니다."", 439, 26, 174], [""유통전문판매원해태제과식품"", 437, 32, 383], ["" 201603834281"", 470, 26, 385], [""·직사광선 및 습기찬 곳을 피하여"", 486, 24, 385], [""3.신선한 기름에"", 498, 22, 234], [""제품은 공정거래위원회 고시에의거"", 521, 22, 387], [""상·반품 및 교환장소:본사 및구입"", 538, 32, 385], [""은토마토,계란게새우오"", 570, 30, 385], [""아,호두조개(포함"", 586, 33, 386], [""류를사용한제품과제조식"", 603, 32, 388], [""모"", 701, 143, 573], [""반삭!하고달콤한~"", 662, 40, 132], [""허니버터칩을줄겨보세요!"", 686, 53, 130], [""의일부분이니 안심하고 디요"", 668, 43, 387], [""녹색 가루는 파슬리입니다"", 686, 39, 389], [""영양정보"", 715, 40, 129], [""25.08.28 F2 19:31"", 744, 46, 434], [""매콤달"", 777, 72, 606], [""26.02.27 外x A1"", 762, 49, 432], [""수있습니다."", 824, 33, 125]]"
000452,2026,03,25,2026-03-25,hires,양뚜딸받 | 베모리 개한 | 고래법 | 내방 볶용양남1P 4 | 타피l) 놀고래(엔롤진) 꽃게(여보게) 복어(요리보과) 거북이(메탈부기) 640 | 소비 2025.07.26/09:45 부터 | 2026.03:25 | 기한 까지 | 가재(십게가재) 망치상어(송망치) 왼동가리(아네모네) 다랑어(따랑해),"[[""양뚜딸받"", 322, 49, 1216], [""베모리 개한"", 372, 67, 1147], [""고래법"", 641, 190, 944], [""내방 볶용양남1P 4"", 1043, 92, 1238], [""640"", 1136, 113, 1258], [""놀고래(엔롤진)"", 1132, 31, 544], [""꽃게(여보게)"", 1130, 35, 710], [""복어(요리보과)"", 1128, 31, 860], [""거북이(메탈부기)"", 1126, 30, 1013], [""타피l)"", 1138, 23, 0], [""소비"", 1244, 35, 770], [""부터"", 1240, 35, 1092], [""2025.07.26/09:45"", 1248, 50, 813], [""2026.03:25"", 1272, 46, 821], [""기한"", 1296, 31, 772], [""까지"", 1290, 35, 1091], [""가재(십게가재)"", 1320, 27, 57], [""망치상어(송망치)"", 1319, 24, 218], [""왼동가리(아네모네)"", 1319, 30, 412], [""다랑어(따랑해)"", 1315, 32, 601]]"
000453,2026,01,26,2026-01-26,s1,"유 말레이시아산,고육래산방하라기 | 카진 어니면 미국산,아스파탐(감미료) (스페인산,아르헨티나산,우크라이 양파맛시즈닝(양파분말(양파 국내센). | 100% | Baw Original 제철햇포카칩 生19870415003246 | ·달길,땅,호두복숭아 | 설햇감지 혼합포함)혼입가능·제 | 의한 피해보상·고객센터: | 유리온 5700（）1522-4002 온·도가낮은 곳에 보관 2025 | 리 드세요·부정·불량식품 | 1399·外对：家于 | 보이는은반점은감자 | 만한감가/인1 소 실처럼보이는것은감자좋 이는붉은 반점은양맛조에 | 고추가루이므로심카고드일 | 영양정보 | 위한신품종감자개발! 30 | 나트륨95mg | 3000 16g 5% 34日 | 직접농가를방문하여 당류1g미만 1% 28 | 콤콤한품질체크까지! 지방11g | 트랜스지방0g | #438 | 다양한 정보는 콜레스테0mg | OR코드로 단백질2g | 확인할수있습니다 | 소비 25.08.27 | 26:01:26 부터 | 기한 08:38 C05 까지 8801117760304","[[""카진"", 216, 111, 0], [""유 말레이시아산,고육래산방하라기"", 217, 47, 456], [""(스페인산,아르헨티나산,우크라이"", 229, 38, 460], [""양파맛시즈닝(양파분말(양파 국내센)."", 243, 42, 459], [""100%"", 262, 35, 330], [""어니면 미국산,아스파탐(감미료)"", 255, 32, 459], [""Baw Original"", 270, 33, 30], [""제철햇포카칩"", 287, 44, 310], [""生19870415003246"", 292, 33, 461], [""·달길,땅,호두복숭아"", 306, 28, 465], [""설햇감지"", 318, 72, 59], [""혼합포함)혼입가능·제"", 333, 24, 466], [""의한 피해보상·고객센터:"", 364, 22, 467], [""유리온"", 382, 35, 256], [""5700（）1522-4002"", 380, 23, 468], [""온·도가낮은 곳에 보관"", 397, 34, 466], [""리 드세요·부정·불량식품"", 412, 31, 467], [""2025"", 409, 48, 657], [""1399·外对：家于"", 428, 35, 467], [""보이는은반점은감자"", 444, 35, 467], [""만한감가/인1"", 470, 45, 193], [""소"", 470, 31, 369], [""실처럼보이는것은감자좋"", 461, 28, 469], [""이는붉은 반점은양맛조에"", 477, 32, 467], [""고추가루이므로심카고드일"", 492, 27, 469], [""영양정보"", 526, 30, 475], [""위한신품종감자개발!"", 561, 28, 243], [""30"", 564, 39, 474], [""3000"", 593, 35, 203], [""나트륨95mg"", 585, 22, 477], [""직접농가를방문하여"", 612, 27, 218], [""16g"", 604, 21, 479], [""5%"", 601, 22, 579], [""34日"", 602, 25, 599], [""콤콤한품질체크까지!"", 634, 35, 242], [""당류1g미만"", 624, 26, 486], [""1%"", 620, 20, 581], [""28"", 619, 20, 603], [""지방11g"", 644, 22, 478], [""트랜스지방0g"", 662, 21, 489], [""#438"", 682, 23, 488], [""다양한 정보는"", 699, 30, 256], [""콜레스테0mg"", 702, 22, 479], [""OR코드로"", 718, 31, 254], [""단백질2g"", 721, 24, 478], [""확인할수있습니다"", 738, 30, 254], [""소비"", 772, 20, 177], [""25.08.27"", 778, 33, 232], [""기한"", 801, 28, 170], [""26:01:26"", 794, 33, 233], [""부터"", 794, 23, 365], [""08:38 C05"", 810, 33, 231], [""까지"", 821, 22, 364], [""8801117760304"", 822, 41, 499]]"
000454,2026,01,14,2026-01-14,s1,02026.01.14 | 2025.0715 | Dongwon | 양반 | 대한민국 좋은원초에 들기름향이 그욱한 | NO. | 양반김 들기름김 | 양반철학 | 재료가 살아야 | 맛이산다 | 3 봉,"[[""02026.01.14"", 214, 32, 437], [""2025.0715"", 244, 31, 437], [""Dongwon"", 268, 31, 536], [""양반"", 331, 90, 267], [""대한민국"", 398, 23, 13], [""좋은원초에 들기름향이 그욱한"", 414, 33, 213], [""NO."", 429, 42, 14], [""들기름김"", 488, 107, 178], [""양반김"", 468, 45, 14], [""양반철학"", 759, 23, 67], [""재료가 살아야"", 778, 33, 48], [""맛이산다"", 796, 36, 61], [""3"", 873, 60, 76], [""봉"", 892, 22, 123]]"
000455,2026,02,10,2026-02-10,s1,제조제 2025.08:11(10:46) | 2026.02.10 | 보고 | uone | 차기로,"[[""제조제"", 420, 30, 420], [""2025.08:11(10:46)"", 422, 29, 469], [""2026.02.10"", 447, 26, 472], [""보고"", 633, 102, 0], [""uone"", 866, 27, 0], [""차기로"", 939, 40, 168]]"
000456,2025,12,26,2025-12-26,s1,대한민국 全H2025.12.26A | NO. 양반김 孙至2025.06.27T N9Won | 양반 | 00 명장이 엄선환 원초로 잘 되지지 않는 | 김밥김 Roasted Gimbap Laver | Y | 국산김전장김10매 Y | 100%/22g(75 Y,"[[""대한민국"", 217, 20, 71], [""全H2025.12.26A"", 218, 28, 528], [""NO."", 244, 35, 71], [""양반김"", 244, 45, 154], [""孙至2025.06.27T"", 246, 33, 526], [""N9Won"", 236, 30, 647], [""양반"", 294, 89, 324], [""00"", 360, 30, 99], [""명장이 엄선환 원초로 잘 되지지 않는"", 376, 34, 236], [""김밥김"", 462, 162, 199], [""Roasted Gimbap Laver"", 538, 23, 289], [""Y"", 866, 21, 686], [""국산김전장김10매"", 894, 30, 517], [""Y"", 898, 33, 679], [""100%/22g(75"", 915, 22, 518], [""Y"", 920, 36, 672]]"
000457,2026,06,18,2026-06-18,s1,2026.06.18外 김원초가두꺼워부드럽게갈말리고 질기지않고바삭한 원원기밥김 | 쟁이 지도표두번구운 김밥김 | 만됩니다. 召 100 %  | 21g (80kcal) (10매) |  성경식품 SEAWEED(韓国海衣 LAVER)100 %,"[[""원원기밥김"", 542, 500, 565], [""2026.06.18外"", 313, 22, 90], [""김원초가두꺼워부드럽게갈말리고"", 478, 347, 458], [""질기지않고바삭한"", 496, 384, 490], [""쟁이"", 825, 62, 137], [""지도표두번구운 김밥김"", 817, 30, 518], [""만됩니다."", 843, 42, 141], [""召 100 % "", 838, 27, 596], [""21g"", 870, 46, 528], [""(10매)"", 858, 29, 613], [""(80kcal)"", 874, 27, 591], ["" 성경식품"", 896, 33, 246], [""SEAWEED(韓国海衣 LAVER)100 %"", 902, 30, 453]]"
000458,2026,07,01,2026-07-01,s1,"HAEPYO 해표 LAVER | 2026.07.01弄 | 2025.07.02 30년 전통방식 그대로 | 더고소한김 | 김밥김 | , 20 g(75 kcal) I  10 | 召）100%","[[""해표"", 564, 53, 287], [""HAEPYO"", 576, 27, 164], [""LAVER"", 582, 20, 437], [""2026.07.01弄"", 610, 25, 68], [""2025.07.02"", 627, 23, 69], [""30년 전통방식 그대로"", 633, 38, 231], [""더고소한김"", 694, 105, 144], [""김밥김"", 772, 72, 251], ["", 20 g(75 kcal) I  10"", 874, 35, 90], [""召）100%"", 905, 31, 92]]"
000459,2026,01,19,2026-01-19,s1,"농협 철원오대쌀 떡국 국산쌀로만들어폴지하며 | 0 % (周150g,13g) | 안곡물 7.29% 99.5% 유통전문판과 국산/철원 | 물시골분말? | 426.01.19 미식품  | 2 건북,우골에 | 쇠고기 함유 | 루 3.약 2분후 내용물을 골고루 저어주시고맛있게 드세요 알콜에감하 환또는보상법 | *부정·불량 | 습니다 | 163390kcal | 元202%/内21g4%#00 | 0gg15%","[[""농협"", 214, 48, 229], [""떡국"", 312, 261, 470], [""철원오대쌀"", 288, 186, 424], [""국산쌀로만들어폴지하며"", 289, 184, 602], [""0"", 456, 42, 6], [""안곡물"", 499, 58, 0], [""%"", 476, 24, 58], [""(周150g,13g)"", 476, 22, 496], [""99.5%"", 493, 24, 500], [""유통전문판과"", 493, 28, 677], [""7.29%"", 509, 22, 492], [""국산/철원"", 508, 25, 679], [""물시골분말?"", 525, 24, 679], [""426.01.19"", 544, 23, 153], [""미식품 "", 540, 23, 681], [""2"", 556, 21, 521], [""건북,우골에"", 556, 21, 679], [""쇠고기 함유"", 572, 21, 677], [""루"", 625, 102, 0], [""3.약 2분후 내용물을 골고루 저어주시고맛있게 드세요"", 624, 22, 377], [""환또는보상법"", 618, 21, 675], [""알콜에감하"", 634, 22, 675], [""*부정·불량"", 666, 28, 674], [""습니다"", 694, 24, 0], [""163390kcal"", 773, 22, 441], [""元202%/内21g4%#00"", 806, 22, 444], [""0gg15%"", 820, 25, 439]]"
000460,2025,12,03,2025-12-03,s1,"농협 | 3년육비 | 지 | 2025.12.03 | 방순희 | 고 진한 풍미 용도 | 미역국,콤나물국,김치찌개,육개장 등 한우의 깊은 맛과 | 사용하여 채소의갈끔한맛이 필요한 각종국물,볶음,조림 요리등에사용하세요 | 있습니다 보관방법 | 고온다습,직사광선을 피하여건조하고 서늘한 곳에 | 깔끔한 맛 ※개봉한후밀봉하시면 이물등의혼입과 | 사용방법 | 의 비법 재료! | 분말이 | 여줍니다. 간을 맞추시는 것이 좋습니다 | 내용량 1kg | 식품유형 복합조미식품","[[""농협"", 22, 43, 563], [""3년육비"", 58, 42, 553], [""지"", 338, 85, 3], [""2025.12.03"", 466, 29, 340], [""방순희"", 494, 29, 341], [""고 진한 풍미"", 548, 41, 0], [""용도"", 538, 23, 358], [""미역국,콤나물국,김치찌개,육개장 등 한우의 깊은 맛과"", 568, 23, 247], [""사용하여"", 593, 30, 0], [""채소의갈끔한맛이 필요한 각종국물,볶음,조림 요리등에사용하세요"", 588, 32, 208], [""있습니다"", 619, 31, 0], [""보관방법"", 619, 28, 344], [""고온다습,직사광선을 피하여건조하고 서늘한 곳에"", 648, 31, 255], [""깔끔한 맛"", 694, 33, 0], [""※개봉한후밀봉하시면 이물등의혼입과"", 688, 35, 270], [""사용방법"", 736, 32, 345], [""의 비법 재료!"", 752, 31, 0], [""분말이"", 780, 28, 0], [""여줍니다."", 808, 31, 0], [""간을 맞추시는 것이 좋습니다"", 802, 32, 313], [""내용량"", 860, 32, 376], [""1kg"", 854, 25, 455], [""식품유형"", 882, 32, 77], [""복합조미식품"", 878, 36, 172]]"
000461,2026,11,28,2026-11-28,s1,농협한식된장 식품유형 | 품질유지기한별 | （CH100%，）43.5% | ）13.8% 내두함유 | 영월농협가공사업소강원특별자치도 영월군 북면원 | 유통전문판매원농협식품(주)서울시마포구신존로66 | 보관방법 | 011399 | 2026.11.28 8801448531253,"[[""농협한식된장"", 454, 20, 273], [""식품유형"", 453, 24, 407], [""품질유지기한별"", 468, 24, 401], [""（CH100%，）43.5%"", 488, 29, 276], [""）13.8%"", 508, 30, 277], [""내두함유"", 506, 21, 499], [""영월농협가공사업소강원특별자치도 영월군 북면원"", 528, 28, 272], [""유통전문판매원농협식품(주)서울시마포구신존로66"", 544, 23, 209], [""보관방법"", 592, 23, 212], [""011399"", 636, 28, 197], [""2026.11.28"", 692, 39, 241], [""8801448531253"", 698, 29, 439]]"
000462,2027,05,27,2027-05-27,s1,백성 육수에는1분량 멸치가득 국내산바지락 | 1분량'이란? 연출이미지 | 맛있는 육수를내는데 필요한 | 백심재료를한함에 | 가운데원형으로품어 비지락:딸치92% | 조리방법(1인분 기준) 3 | 量300~350ml (약1%~2컵)을 는에1분량을 1분량으로완성한 | 골여줍니다 국물을우려줍니다. 시작해트세요 | 2027.05.27 H26 A2 | 80g | 영양정보,"[[""국내산바지락"", 166, 27, 398], [""육수에는1분량"", 190, 63, 196], [""멸치가득"", 182, 24, 409], [""백성"", 205, 36, 127], [""연출이미지"", 220, 27, 470], [""1분량'이란?"", 242, 35, 79], [""맛있는 육수를내는데 필요한"", 272, 31, 63], [""백심재료를한함에"", 289, 25, 79], [""비지락:딸치92%"", 301, 51, 383], [""가운데원형으로품어"", 333, 23, 63], [""3"", 368, 56, 386], [""조리방법(1인분 기준)"", 408, 28, 67], [""1분량으로완성한"", 484, 29, 414], [""量300~350ml"", 504, 23, 90], [""는에1분량을"", 496, 26, 256], [""(약1%~2컵)을"", 518, 28, 79], [""시작해트세요"", 512, 23, 438], [""골여줍니다"", 531, 23, 102], [""국물을우려줍니다."", 524, 26, 256], [""2027.05.27 H26 A2"", 616, 50, 368], [""80g"", 654, 34, 494], [""영양정보"", 680, 32, 337]]"
000463,2027,02,01,2027-02-01,s1,"열림 닫함 | 닫함 ·담함 VNI이IRO 크HS | 영양정보 제품명 백설 소물고기양념 | 서 식품유형 소스(살균제품) 신제이제일정당(주)충청남도 500g 백설 | 제조원신산시연부 | 포장재질(내면)용기-유리,뚜껑-폴리영화비닐 | 고기원 탄수출 품목보고번호 소비기한하단표기일까지 20020464088-34 소불고 | 원재료명합간장(아미노산액(탈지대두 | 100% | 조리예 국산배·사과 | 500g 반두,밀함유 | (925 kcall 및교환장소 전국판매점 | 고기1kg용 | 까지 | 2027.02.1 BUOT | 05:31 ABb | 明 13.2 % 暂导","[[""열림"", 141, 30, 420], [""VNI이IRO 크HS"", 196, 134, 514], [""닫함"", 134, 36, 562], [""닫함"", 163, 31, 96], [""·담함"", 153, 26, 212], [""백설"", 328, 88, 557], [""영양정보"", 307, 26, 176], [""서"", 330, 55, 0], [""제품명 백설 소물고기양념"", 308, 29, 241], [""식품유형 소스(살균제품)"", 327, 30, 243], [""500g"", 325, 24, 382], [""제조원신산시연부"", 354, 35, 245], [""신제이제일정당(주)충청남도"", 344, 26, 272], [""고기원"", 412, 110, 0], [""포장재질(내면)용기-유리,뚜껑-폴리영화비닐"", 377, 32, 244], [""탄수출"", 394, 24, 185], [""소비기한하단표기일까지"", 396, 28, 246], [""소불고"", 426, 101, 505], [""품목보고번호"", 429, 27, 248], [""20020464088-34"", 431, 24, 311], [""원재료명합간장(아미노산액(탈지대두"", 446, 37, 246], [""100%"", 530, 51, 501], [""국산배·사과"", 556, 48, 495], [""조리예"", 551, 26, 141], [""반두,밀함유"", 578, 34, 252], [""500g"", 574, 29, 143], [""및교환장소 전국판매점"", 596, 42, 251], [""(925 kcall"", 594, 34, 125], [""고기1kg용"", 610, 37, 125], [""까지"", 623, 20, 425], [""2027.02.1"", 648, 30, 287], [""BUOT"", 637, 22, 444], [""05:31"", 665, 20, 313], [""ABb"", 656, 20, 422], [""明 13.2 % 暂导"", 691, 44, 620]]"
000464,2026,03,19,2026-03-19,s1,2026.03.1972319812 | 스냉면 효고들 활고 바로먹는 | 62 (285 kcal)x67h | 조리에 | 오뚜기malle 8801045572342 | 57264 | 2Y Fufny 9 afn,"[[""2026.03.1972319812"", 451, 66, 339], [""활고"", 564, 21, 296], [""바로먹는"", 558, 68, 360], [""효고들"", 582, 23, 292], [""62"", 605, 28, 443], [""(285 kcal)x67h"", 590, 55, 482], [""스냉면"", 612, 201, 15], [""조리에"", 652, 20, 292], [""8801045572342"", 694, 56, 416], [""57264"", 732, 76, 419], [""오뚜기malle"", 770, 41, 51], [""afn"", 838, 129, 460], [""9"", 882, 38, 400], [""Fufny"", 864, 159, 309], [""2Y"", 896, 132, 106]]"
000465,2027,07,30,2027-07-30,s1,탱두들 | 2% | 트남별국 | 쌀 | E | JILNAHLOY ININEINIT 3스V을이 기한을 2027/07/30 륨Y 를%0이 1료륨 로 Uinev | L31S 이탈 | 5-62是50,"[[""탱두들"", 54, 88, 424], [""2%"", 100, 27, 459], [""트남별국"", 115, 68, 8], [""쌀"", 306, 77, 500], [""ININEINIT"", 479, 212, 189], [""3스V을이"", 483, 232, 255], [""E"", 409, 56, 395], [""JILNAHLOY"", 478, 161, 166], [""기한을"", 482, 122, 293], [""륨Y 를%0이 1료륨 로"", 494, 159, 499], [""Uinev"", 505, 45, 540], [""2027/07/30"", 552, 23, 344], [""L31S"", 574, 24, 343], [""이탈"", 587, 26, 680], [""5-62是50"", 613, 22, 660]]"
000466,2027,06,07,2027-06-07,s1,산모용 놀기 | 좋은원초만을엄선하여위생적으 | 믿고 드실 수 있는 우수한 제품입니다. 1209 | Lio号：120g | 가족의 행복을 위한 바른먹거 | 고객을 가족처럼 | (주)두레 F&D | 2027.06.07.X,"[[""산모용 놀기"", 386, 21, 350], [""좋은원초만을엄선하여위생적으"", 408, 38, 250], [""1209"", 416, 33, 616], [""믿고 드실 수 있는 우수한 제품입니다."", 429, 36, 265], [""Lio号：120g"", 546, 57, 301], [""가족의 행복을 위한 바른먹거"", 696, 56, 194], [""고객을 가족처럼"", 726, 26, 320], [""(주)두레"", 744, 28, 320], [""F&D"", 740, 27, 411], [""2027.06.07.X"", 805, 36, 364]]"
000467,2025,12,26,2025-12-26,s1,GHANA행복사서항 | 070-4567-5050 | 25.12.26 A2 | 디 | 양 바량 또 이 | m o 0098006961 건울 콩 | 후고 | 노간ELZ굴을 3 KO 백인 을 부 0 %8E68兰%Z1668暑停 %00L6   02-() | 30 프로A 록Y피 0표 05이 %6 | 1%Sbu,"[[""GHANA행복사서항"", 230, 25, 362], [""070-4567-5050"", 270, 25, 152], [""25.12.26 A2"", 384, 37, 282], [""양 바량"", 485, 118, 253], [""디"", 454, 58, 301], [""또"", 484, 20, 303], [""0098006961"", 536, 103, 188], [""이"", 503, 20, 303], [""m"", 525, 20, 167], [""건울"", 532, 39, 323], [""o"", 548, 41, 167], [""콩"", 556, 21, 324], [""후고"", 622, 97, 188], [""%8E68兰%Z1668暑停"", 783, 272, 438], [""%00L6"", 729, 160, 467], [""  02-()"", 786, 279, 504], [""노간ELZ굴을"", 752, 159, 167], [""KO"", 737, 22, 286], [""백인"", 755, 24, 283], [""0"", 756, 41, 343], [""3"", 763, 26, 242], [""을"", 780, 39, 304], [""부"", 802, 21, 307], [""%6"", 842, 118, 485], [""05이"", 870, 141, 462], [""록Y피"", 884, 82, 287], [""30"", 870, 28, 228], [""프로A"", 882, 54, 259], [""0표"", 896, 94, 326], [""1%Sbu"", 918, 53, 487]]"
000468,2026,04,06,2026-04-06,s1,"4, | D0 | 킨더조미 | 완구원신지:베트남 | P10062025 | 06042026","[[""4,"", 78, 54, 659], [""D0"", 579, 25, 387], [""킨더조미"", 600, 30, 380], [""완구원신지:베트남"", 669, 34, 402], [""P10062025"", 750, 34, 386], [""06042026"", 770, 33, 365]]"
000469,2026,07,21,2026-07-21,s1,"Yummy Gummies | Everythimg in1pack | s even more than perfect | Pickup by/yourtaste  | 5 | ho% | 2026.07,21","[[""Yummy Gummies"", 479, 24, 124], [""Everythimg in1pack"", 499, 31, 123], [""s even more than perfect"", 514, 33, 123], [""Pickup by/yourtaste "", 531, 31, 123], [""5"", 613, 24, 532], [""ho%"", 651, 25, 534], [""2026.07,21"", 736, 33, 470]]"
000470,2026,08,06,2026-08-06,s1,".ORION | 양정보 215kcal 식품유형캔디류내포장재질 폴리에 후면 표기일까지(연.월.일) | 영등포구 양평로 21 | 金封号52 | 알코올39 물맛,설탕,D-소비톨액(감미료 | 스지방0g 라틴,산도조절제2종,펙틴,혼합제제(트 | 지방0g 0% 아세틴,합성향료,주정,적산,정제수,프로표 렌글리콜),향료2종,기타식용유지가공 | mg 0% 기농축액,오렌지농축액,분말헌 천치지 | 청색소,유화제2종,블랙캐롯농축액 | 돼지고기두 | 아,땅콩,닭고기,오 품목보고번호 20110484438 | 길,쇠고기 혼입 가능 고객지원센터 | 법에의한 피해 노상 | 입상점및 | 환·부정불량 | 이삼키지않도록주하 | 품이 고온에 약하 | C 이하에서 직사 26.08.06D | 후빨리 드십시오","[["".ORION"", 195, 96, 318], [""양정보"", 342, 26, 165], [""215kcal"", 352, 27, 223], [""식품유형캔디류내포장재질 폴리에"", 342, 22, 357], [""후면 표기일까지(연.월.일)"", 355, 24, 403], [""金封号52"", 394, 21, 157], [""영등포구 양평로 21"", 384, 24, 405], [""알코올39"", 426, 20, 160], [""물맛,설탕,D-소비톨액(감미료"", 435, 26, 404], [""스지방0g"", 457, 27, 152], [""라틴,산도조절제2종,펙틴,혼합제제(트"", 451, 29, 369], [""지방0g"", 474, 24, 161], [""0%"", 475, 20, 252], [""아세틴,합성향료,주정,적산,정제수,프로표"", 469, 26, 351], [""mg"", 492, 26, 168], [""0%"", 492, 23, 250], [""렌글리콜),향료2종,기타식용유지가공"", 486, 28, 355], [""기농축액,오렌지농축액,분말헌 천치지"", 504, 27, 364], [""청색소,유화제2종,블랙캐롯농축액"", 520, 27, 352], [""돼지고기두"", 540, 27, 459], [""아,땅콩,닭고기,오"", 554, 25, 175], [""품목보고번호"", 556, 20, 356], [""20110484438"", 558, 23, 425], [""길,쇠고기 혼입 가능"", 572, 27, 176], [""법에의한 피해 노상"", 589, 24, 177], [""고객지원센터"", 583, 20, 355], [""입상점및"", 606, 23, 220], [""환·부정불량"", 622, 23, 204], [""이삼키지않도록주하"", 653, 27, 164], [""품이 고온에 약하"", 669, 26, 165], [""C 이하에서 직사"", 683, 24, 167], [""26.08.06D"", 687, 24, 378], [""후빨리 드십시오"", 714, 24, 156]]"
000471,2027,01,08,2027-01-08,s1,뚜는곳 | 영지2미연 | 3오뚜기햇닐자 | 판매원 | 01个号607-12 | 전남완도군완도읍 | 농공단지5길 | 하단표시일까지 | :20253 | 2027.01.08F3.058,"[[""뚜는곳"", 138, 31, 388], [""영지2미연"", 258, 43, 140], [""3오뚜기햇닐자"", 288, 30, 90], [""판매원"", 548, 24, 97], [""01个号607-12"", 618, 27, 206], [""전남완도군완도읍"", 632, 29, 180], [""농공단지5길"", 641, 27, 98], [""하단표시일까지"", 670, 26, 184], ["":20253"", 803, 29, 369], [""2027.01.08F3.058"", 822, 25, 320]]"
000472,2026,01,01,2026-01-01,s1,가지 목이 | 추억위껑하비 | 0 | /210g | (779.1kcal) | 13.19 | 202601.1까지,"[[""가지 목이"", 650, 41, 407], [""추억위껑하비"", 674, 51, 419], [""0"", 725, 30, 472], [""/210g"", 742, 29, 282], [""(779.1kcal)"", 762, 26, 306], [""13.19"", 781, 27, 252], [""202601.1까지"", 824, 31, 229]]"
000473,2026,03,01,2026-03-01,hires,1 좋디 | 2 2봉지데! | 25%30 | 325keall | 1005 고소함이 가득! | 75g 보리니 | 9405 미 현미 | 2026.03.01 달 경향 함쌀 목문 수수 | 56% 목수수 | 부두서리테 | 20 | 160g 号：1211530 | 0당 지방랜스지방포화지방콜레스테롤단백질 | 당류 32 % / ( 0% 16% )/160g(694kca | 8% 20% 0g 5r 0.ng 9g | 18g 11g | 9 | 준이므로 개인의필요 량에따라 다를 | 000 | 2026.05 F07,"[[""좋디"", 184, 271, 1107], [""1"", 98, 19, 1061], [""2"", 230, 201, 439], [""25%30"", 370, 406, 878], [""2봉지데!"", 199, 80, 962], [""325keall"", 516, 41, 627], [""1005"", 537, 30, 652], [""고소함이 가득!"", 592, 68, 1078], [""75g"", 706, 37, 1126], [""9405"", 723, 29, 1106], [""보리니"", 722, 23, 1199], [""2026.03.01"", 754, 59, 1067], [""미"", 737, 20, 1199], [""현미"", 732, 23, 1233], [""달"", 750, 8, 1206], [""경향"", 748, 20, 1234], [""함쌀"", 756, 17, 1315], [""목수수"", 782, 31, 1344], [""목문"", 764, 11, 1362], [""56%"", 774, 8, 1326], [""수수"", 768, 13, 1400], [""부두서리테"", 798, 33, 1337], [""20"", 973, 278, 463], [""0당"", 1390, 23, 340], [""160g"", 1388, 19, 441], [""당류"", 1431, 24, 517], [""지방랜스지방포화지방콜레스테롤단백질"", 1428, 27, 578], [""号：1211530"", 1432, 33, 929], [""32 % / ("", 1466, 31, 700], [""0%"", 1466, 31, 767], [""8%"", 1468, 27, 521], [""20%"", 1468, 28, 571], [""16%"", 1466, 29, 835], [""0g"", 1478, 30, 640], ["")/160g(694kca"", 1493, 46, 930], [""18g"", 1496, 23, 513], [""11g"", 1494, 25, 574], [""5r"", 1493, 20, 710], [""0.ng"", 1494, 27, 768], [""9g"", 1494, 27, 840], [""000"", 1530, 11, 515], [""준이므로 개인의필요 량에따라 다를"", 1528, 22, 573], [""9"", 1528, 9, 786], [""2026.05"", 1595, 36, 640], [""F07"", 1600, 14, 847]]"
000474,2025,06,25,2025-06-25,s1,젤리셔스 | 청포 | 유내에되고토신기 | 포)입가능·소 | 지드십오·식신간는 관에 | 양정보 518 | E%E2c300m300% | 25.06.25 A,"[[""젤리셔스"", 52, 107, 215], [""청포"", 436, 113, 520], [""유내에되고토신기"", 568, 36, 238], [""포)입가능·소"", 586, 37, 238], [""지드십오·식신간는 관에"", 620, 37, 240], [""양정보"", 643, 24, 246], [""518"", 640, 39, 269], [""E%E2c300m300%"", 674, 31, 273], [""25.06.25 A"", 726, 39, 296]]"
000475,2030,07,26,2030-07-26,s1,이닐 | eclipse 스트료 | pse | BEST BEFORE | 30/07/26B19 | 5069870 930249 8-2-0345-22 1125-4,"[[""eclipse"", 143, 170, 466], [""이닐"", 90, 31, 686], [""스트료"", 115, 35, 667], [""pse"", 314, 144, 504], [""BEST BEFORE"", 550, 34, 322], [""30/07/26B19"", 579, 34, 325], [""5069870 930249 8-2-0345-22 1125-4"", 615, 24, 283]]"
000476,2026,07,06,2026-07-06,s1,ried | 유ard | 1.650 캐소미 | 0.53% | 평사 강가 05%%유 | 매두 | 2026.07.06,"[[""ried"", 171, 20, 382], [""유ard"", 183, 30, 424], [""캐소미"", 236, 99, 250], [""1.650"", 228, 35, 18], [""평사"", 305, 41, 4], [""0.53%"", 286, 39, 340], [""강가 05%%유"", 301, 52, 345], [""매두"", 461, 22, 694], [""2026.07.06"", 834, 28, 302]]"
000477,2026,07,21,2026-07-21,s1,"사광선을피하여온도,습도가낮은 | 에보관해주시고개봉후가급적 | 엄안가드 상주한 린드십시오 | 청포도 비자기본법에의한 피해! 숭아,우유,대두,돼지고기,딸 | 중변질품은구입상점 | 서항상 교환해 드립니다. | ()서울시 치잡는고운 마음,안버리는받 | EN13宝188 주시청원구오장읍 영양정보 총 내용량 | 지폴리프로필렌 595kcal | 2L710415034748 내용량당1일영양성분가치에대한비율 | 후인 표기일까지(연,월.일) 트륨20mg | 설탕,물넷청프도농축에 149g 46% | 1.94%（号68%）, 异121g 121% | 조절세:산도조정제,향료, 지방09 | 향료기,전문,본합 제제(정제 트랜스지방09 | 수,치자청색소,심황색소,프 포화지방09 | 도랜콜리골),혼합식용유 콜레스테롤0mg 0% | 번이삼키지않도록 주의하세요. 판백질0g 0% | 빈봉지가나오는경우가있으나 | 중량에는 차이가 없습니다. | 고객지원센터 | 롯데웰푸드 080-024-6060 | htp://.loteellfood.com 880106200952 | 2026.07.21","[[""사광선을피하여온도,습도가낮은"", 218, 42, 391], [""에보관해주시고개봉후가급적"", 236, 39, 387], [""린드십시오"", 248, 28, 387], [""엄안가드 상주한"", 248, 45, 230], [""청포도"", 291, 104, 171], [""숭아,우유,대두,돼지고기,딸"", 289, 38, 387], [""비자기본법에의한 피해!"", 316, 37, 386], [""중변질품은구입상점"", 333, 41, 386], [""서항상 교환해 드립니다."", 349, 40, 385], [""치잡는고운 마음,안버리는받"", 368, 44, 384], [""()서울시"", 367, 27, 219], [""주시청원구오장읍"", 410, 23, 208], [""EN13宝188"", 422, 21, 205], [""영양정보"", 426, 35, 383], [""총 내용량"", 423, 23, 462], [""지폴리프로필렌"", 437, 22, 169], [""595kcal"", 441, 27, 489], [""2L710415034748"", 454, 23, 180], [""내용량당1일영양성분가치에대한비율"", 454, 31, 386], [""후인 표기일까지(연,월.일)"", 470, 23, 197], [""트륨20mg"", 469, 31, 386], [""설탕,물넷청프도농축에"", 486, 27, 196], [""149g"", 488, 27, 383], [""46%"", 493, 22, 519], [""1.94%（号68%）,"", 502, 25, 196], [""异121g"", 506, 27, 392], [""121%"", 510, 24, 517], [""조절세:산도조정제,향료,"", 520, 22, 192], [""지방09"", 526, 27, 383], [""향료기,전문,본합 제제(정제"", 538, 23, 188], [""트랜스지방09"", 544, 27, 388], [""수,치자청색소,심황색소,프"", 554, 25, 182], [""포화지방09"", 561, 28, 389], [""도랜콜리골),혼합식용유"", 572, 30, 179], [""콜레스테롤0mg"", 580, 29, 382], [""0%"", 582, 24, 536], [""번이삼키지않도록 주의하세요."", 599, 28, 146], [""판백질0g"", 598, 29, 381], [""0%"", 600, 21, 537], [""빈봉지가나오는경우가있으나"", 618, 25, 148], [""중량에는 차이가 없습니다."", 636, 28, 151], [""고객지원센터"", 672, 22, 193], [""롯데웰푸드"", 696, 32, 114], [""080-024-6060"", 689, 20, 199], [""htp://.loteellfood.com"", 715, 25, 189], [""880106200952"", 716, 22, 433], [""2026.07.21"", 774, 43, 398]]"
000478,2026,06,11,2026-06-11,s1,"4,800 | 26.06.11 A","[[""4,800"", 39, 52, 583], [""26.06.11 A"", 512, 51, 265]]"
000479,2026,05,22,2026-05-22,s1,Cw청우 | ROLL TYPE 소비기한 | COOKIES | EUROPEANE 2026. 05. 22 | REMIUM COOKIES 까지 | MARENCO,"[[""Cw청우"", 530, 41, 62], [""소비기한"", 572, 28, 408], [""ROLL TYPE"", 583, 20, 286], [""COOKIES"", 596, 23, 299], [""EUROPEANE"", 645, 22, 242], [""2026. 05. 22"", 646, 23, 436], [""REMIUM COOKIES"", 661, 26, 237], [""까지"", 674, 27, 609], [""MARENCO"", 696, 46, 194]]"
000480,2026,07,21,2026-07-21,s1,"026.07.21 보리가루4.5%함요 | ZERO | 식콩 미료(이세설탐칼륨,수크랄로스) 연양강 | 부데성단빛다 Red Dewn Fusre Tels | 량식품신고는 | 교환 장소:구입 상점 | 취시설사를일으킬수 | 30C 이하에서 낮은 습도로보관 | 정상 표면에 기포가 발생할 수 | 갈로지 | 강보 | 300g（50g | 12（50g）95k | 33g | 섬유59 | 20g | 0% | 지방0g | 09 0% 1802259021360 | 0mg | 2% | （）200kca | 안의요열량에 따라 다를 수 있습니다. | 2026.06.04 | 롯데웰푸드","[[""보리가루4.5%함요"", 26, 51, 456], [""026.07.21"", 31, 40, 404], [""ZERO"", 283, 51, 367], [""연양강"", 336, 53, 407], [""식콩 미료(이세설탐칼륨,수크랄로스)"", 355, 27, 126], [""부데성단빛다"", 376, 41, 417], [""Red Dewn Fusre Tels"", 381, 46, 445], [""량식품신고는"", 429, 23, 128], [""교환 장소:구입 상점"", 443, 23, 128], [""취시설사를일으킬수"", 457, 24, 129], [""30C 이하에서 낮은 습도로보관"", 483, 25, 130], [""정상 표면에 기포가 발생할 수"", 512, 23, 129], [""갈로지"", 518, 30, 505], [""강보"", 550, 23, 129], [""300g（50g"", 566, 24, 142], [""12（50g）95k"", 581, 26, 169], [""33g"", 627, 24, 128], [""섬유59"", 658, 24, 130], [""20g"", 674, 25, 129], [""0%"", 687, 20, 252], [""지방0g"", 704, 26, 132], [""09"", 720, 26, 130], [""0%"", 719, 20, 254], [""1802259021360"", 722, 22, 406], [""0mg"", 736, 25, 131], [""2%"", 748, 21, 254], [""（）200kca"", 766, 23, 132], [""안의요열량에 따라 다를 수 있습니다."", 777, 23, 133], [""2026.06.04"", 786, 35, 412], [""롯데웰푸드"", 816, 20, 143]]"
000481,2026,03,09,2026-03-09,s1,EXP 2026.03.09 | kc,"[[""EXP 2026.03.09"", 512, 125, 132], [""kc"", 805, 104, 206]]"
000482,NONE,NONE,NONE,NONE,fail,"어종 2026 국 분 | 9 | 码费：15419487447） 보트:1등하는 주비분의국주세주) 电：154-9487447) 국수세구 에루 이류 국수 | NC NC NCI NCI 1에 | 일-한 공당국물에 줄 한 변량 1~한 공탕국물에 골.한 면발 로방국불에 을 있한 받든 곰탕국물에 놀 한 면발 FRIE FRIE FRIE FRIE 장면 | 이터 어운움를프Y 내 3 10 0 | <> | N국분 1 B- 요T또 00뚜 리 조리예 면수 국수 면국수 微线：15419467447 154144RA47 | 20 2025. 202-21427 3 14까진 까제 0 ㅇ0 NCNTIO NCNTg 3 | V프주 Va68 3-한 곰당국물에콜시한 면발 1-한 콤탕국물에 놀한 면발 딸기루 50% 는 FRIED FRIED 양일아 | 조리에 조리예 조리예 분OK 4분O0K 4분OK 꿀끔는물에 믿는들에 부OK 꿀는물에 데드호오 | <조리방법> | 93.5g(80g.=13.5g/340kcal) | 제품명 피공당면 쌀국수 식품의 유 2097 | )충남 황성군 천읍 담산길30 | ON 1(변성전분,덱스트린,타피오카전분 | 이정제소골 | 라까러 #185g340kcal 국수 면국수 | 꿀는물에 꿀는물에 | 조리예 조리예 4분OK 4분OK | 조 조리 리 방법 | 8 | 93.5g(80g.=13.5g/340kcal) 93.5g(80g.4=13.5g/340kcal) e 바 3 미미 9 100° 100风早 열고 스프를 개봉하여 면위에 골고루 뿌 C)을 용기의 안쪽 표시선까지 부어출 스프를 개봉하여 면위에 골고루 뿌릭니 % | C 껑 9 닫은 후 4분간 기다린 후 잘 처에 드시면 됩니 을후 4분간 기다린 후찰처에드시면됩 | 곰탕면 쌀국수 식품의 유형 건번 조 209-7 | 03195别F2:告 2013047302216/F2202407203195230 30 | 미국산),전분(9 면불가루(웰외국산),밀가루(밀:호주산,미국산),전분(밀전분:호주산),혼합제제(변성전분,택스트린),타피오카전분 현성전분,덱스트린),타피오카전분 | 린지방산에스터 744 수(국산),천일염 8803660-882 88030601082441 | 도네시아 자경화원(정제가공유지(외국산:인도네시아,말레이시아,필리핀 등),L글루탐산 빨레이시아 영양정보 총 내용량 89359340 kca | ,복합조미식품기,건파(중국산),복합초미식품3사골액 9 | 프본오일SW(정제우지:호주산),설탕,복합조미식 | D","[[""码费：15419487447）"", 197, 22, 190], [""에루"", 206, 23, 370], [""NCI"", 244, 44, 364], [""FRIE"", 272, 48, 349], [""1에"", 254, 23, 424], [""ㅇ0"", 479, 52, 681], [""꿀는물에"", 570, 26, 556], [""조리예"", 580, 23, 345], [""4분OK"", 587, 22, 557], [""9"", 156, 9, 592], [""20"", 488, 14, 73], [""까제"", 490, 16, 249], [""3"", 503, 16, 219], [""면국수"", 390, 449, 457], [""电：154-9487447)"", 195, 28, 220], [""NCI"", 244, 38, 368], [""FRIE"", 271, 56, 346], [""1~한 공탕국물에 골.한 면발"", 265, 64, 44], [""2025."", 488, 26, 68], [""14까진"", 490, 23, 217], [""V프주"", 550, 39, 146], [""믿는들에"", 569, 32, 553], [""조리예"", 580, 24, 343], [""4분O0K"", 586, 26, 555], [""<조리방법>"", 611, 24, 343], [""93.5g(80g.=13.5g/340kcal)"", 646, 33, 54], [""제품명 피공당면 쌀국수 식품의 유"", 663, 20, 58], [""2097"", 674, 27, 333], ["")충남 황성군 천읍 담산길30"", 690, 26, 387], [""1(변성전분,덱스트린,타피오카전분"", 706, 19, 369], [""이정제소골"", 724, 11, 396], [""#185g340kcal"", 736, 24, 479], [""2026"", 108, 74, 463], [""조리예"", 369, 46, 370], [""B-"", 363, 14, 304], [""리"", 370, 13, 342], [""00뚜"", 383, 14, 337], [""요T또"", 396, 11, 330], [""는"", 509, 48, 366], [""데드호오"", 594, 50, 595], [""어종"", 121, 64, 135], [""국"", 144, 44, 558], [""분"", 152, 24, 576], [""국수"", 210, 57, 451], [""10"", 338, 16, 605], [""0"", 494, 23, 491], [""이터 어운움를프Y 내"", 334, 20, 202], [""<>"", 352, 19, 311], [""1"", 374, 22, 123], [""N국분"", 391, 28, 118], [""ON"", 715, 42, 301], [""국수세구"", 196, 17, 289], [""NC"", 244, 36, 368], [""곰탕국물에 놀 한 면발"", 262, 33, 98], [""FRIE"", 272, 47, 351], [""국수"", 453, 282, 483], [""3"", 322, 21, 508], [""딸기루 50%"", 508, 86, 332], [""꿀끔는물에"", 570, 18, 559], [""분OK"", 585, 16, 561], [""154144RA47"", 392, 44, 457], [""NCNTIO"", 499, 87, 739], [""양일아"", 540, 111, 1352], [""1-한 콤탕국물에 놀한 면발"", 532, 127, 73], [""FRIED"", 548, 100, 707], [""국수"", 954, 484, 966], [""꿀는물에"", 1138, 48, 1112], [""조리예"", 1160, 43, 691], [""4분OK"", 1172, 47, 1112], [""조리"", 1219, 22, 705], [""스프를 개봉하여 면위에 골고루 뿌릭니"", 1252, 39, 818], [""9"", 1248, 25, 779], [""93.5g(80g.4=13.5g/340kcal)"", 1290, 67, 117], [""100°"", 1280, 21, 783], [""C)을 용기의 안쪽 표시선까지 부어출"", 1280, 47, 813], [""3"", 1284, 19, 718], [""C"", 1299, 12, 719], [""을후 4분간 기다린 후찰처에드시면됩"", 1309, 48, 801], [""곰탕면 쌀국수 식품의 유형 건번"", 1328, 43, 179], [""209-7"", 1344, 41, 491], [""2013047302216/F2202407203195230"", 1371, 62, 199], [""면불가루(웰외국산),밀가루(밀:호주산,미국산),전분(밀전분:호주산),혼합제제(변성전분,택스트린),타피오카전분"", 1405, 70, 189], [""744"", 1439, 62, 212], [""88030601082441"", 1428, 36, 1007], [""자경화원(정제가공유지(외국산:인도네시아,말레이시아,필리핀 등),L글루탐산"", 1471, 54, 288], [""영양정보"", 1478, 31, 832], ["",복합조미식품기,건파(중국산),복합초미식품3사골액"", 1500, 47, 345], [""총 내용량"", 1478, 20, 956], [""9"", 1500, 11, 781], [""프본오일SW(정제우지:호주산),설탕,복합조미식"", 1528, 44, 354], [""D"", 1688, 15, 867], [""0"", 322, 47, 1181], [""微线：15419467447"", 393, 40, 409], [""NCNTg"", 498, 104, 731], [""3"", 470, 21, 1179], [""3-한 곰당국물에콜시한 면발"", 532, 135, 69], [""FRIED"", 548, 101, 703], [""면국수"", 891, 628, 926], [""라까러"", 979, 30, 470], [""꿀는물에"", 1138, 48, 1112], [""조리예"", 1162, 40, 693], [""4분OK"", 1174, 49, 1109], [""조"", 1219, 24, 701], [""리"", 1218, 20, 725], [""방법"", 1222, 47, 747], [""바"", 1272, 87, 711], [""8"", 1236, 23, 757], [""열고 스프를 개봉하여 면위에 골고루 뿌"", 1252, 45, 774], [""미미"", 1268, 53, 752], [""93.5g(80g.=13.5g/340kcal)"", 1290, 60, 115], [""e"", 1286, 56, 690], [""100风早"", 1281, 40, 769], [""%"", 1270, 7, 1122], [""껑"", 1306, 50, 723], [""9"", 1298, 8, 758], [""닫은 후 4분간 기다린 후 잘 처에 드시면 됩니"", 1308, 47, 769], [""조"", 1342, 15, 502], [""03195别F2:告"", 1371, 30, 441], [""30"", 1378, 33, 730], [""미국산),전분(9"", 1406, 25, 477], [""현성전분,덱스트린),타피오카전분"", 1414, 27, 764], [""린지방산에스터"", 1440, 23, 475], [""8803660-882"", 1430, 35, 1007], [""수(국산),천일염"", 1446, 24, 886], [""도네시아"", 1472, 14, 502], [""빨레이시아"", 1474, 22, 576], [""89359340"", 1473, 32, 988], [""kca"", 1467, 18, 1139], [""로방국불에 을 있한 받든"", 261, 34, 96], [""장면"", 287, 318, 460], [""보트:1등하는 주비분의국주세주)"", 197, 22, 202], [""이류"", 206, 23, 376], [""NC"", 244, 44, 363], [""일-한 공당국물에 줄 한 변량"", 266, 67, 39], [""FRIE"", 272, 51, 348], [""202-21427"", 494, 48, 63], [""Va68"", 548, 35, 151], [""조리에"", 580, 21, 346], [""부OK"", 586, 13, 560], [""면수"", 368, 485, 448]]"
000483,2027,04,15,2027-04-15,s1,2027.04.15-306743/M,"[[""2027.04.15-306743/M"", 506, 49, 169]]"
000484,2027,11,14,2027-11-14,s1,EXP:2027.11.14 | 사조대림,"[[""EXP:2027.11.14"", 567, 24, 355], [""사조대림"", 650, 20, 303]]"
000485,2027,09,17,2027-09-17,s1,UT 처스 JUST | EXP : 2027-09--17,"[[""JUST"", 68, 53, 572], [""UT"", 114, 68, 267], [""처스"", 96, 37, 571], [""EXP : 2027-09--17"", 530, 41, 253]]"
000486,NONE,NONE,NONE,NONE,fail,"cwpio Pickled Perila Leaves in Soy Sauce | 샘표 4497570 | 2l 리엄마 %6860 | 0지 mpio Pickled Perila Leav | Kosu 표8 표 표 표g 부로우므로보판및주의하십오 이미지사진 70g38.9% 이2 이아 이아 27 7 /61 BMEs 9이루지2어 이 Fd 05 마이 우리엄마 %68商0 %68商60 % 68602 Yl N 샘표 | auad pa거pd c 5fos내 sañea1 uad papd oid AeaT 리니dd pappd Oic 70g38.9% 들단부분이 날가로므로개봉,보판및제기시주의하십시오 표8 이미지사진 A | 20 anes fos u saea1 éluad papd oidim | 표 2 1w 9이륨스2어 9이루스2어 0 | pones fos ut sayeaj eluad papd oiduss aones ros u saear eluad papd oiduas % 68%c 6 00 % 6-88 书c 6 0 9757-0 149757-0 9","[[""이2"", 498, 231, 138], [""표8"", 489, 110, 95], [""%68商60"", 528, 169, 545], [""5fos내 sañea1 uad papd oid"", 609, 166, 44], [""/61 BMEs"", 473, 206, 286], [""Yl"", 417, 50, 554], [""표"", 494, 136, 87], [""N"", 508, 146, 574], [""%68商0"", 536, 127, 538], [""20"", 656, 166, 425], [""A"", 603, 14, 580], [""auad pa거pd c"", 644, 77, 52], [""cwpio Pickled Perila Leaves in Soy Sauce"", 61, 40, 252], [""샘표"", 118, 52, 446], [""리엄마"", 177, 73, 405], [""0지"", 322, 29, 523], [""70g38.9%"", 566, 35, 348], [""이미지사진"", 572, 30, 523], [""들단부분이 날가로므로개봉,보판및제기시주의하십시오"", 592, 32, 348], [""4497570"", 96, 19, 536], [""2l"", 150, 25, 394], [""%6860"", 154, 35, 481], [""05"", 431, 27, 393], [""마이"", 545, 72, 384], [""표8"", 603, 52, 432], [""anes fos u saea1 éluad papd oidim"", 660, 43, 498], [""mpio Pickled Perila Leav"", 322, 124, 641], [""부로우므로보판및주의하십오"", 442, 192, 108], [""70g38.9%"", 420, 140, 139], [""우리엄마"", 465, 222, 504], [""샘표"", 484, 87, 578], [""이미지사진"", 526, 83, 132], [""이아"", 499, 226, 141], [""9이루지2어"", 488, 152, 321], [""표"", 495, 124, 95], [""% 68602"", 547, 130, 547], [""Kosu"", 551, 36, 49], [""AeaT 리니dd pappd Oic"", 632, 115, 49], [""9이륨스2어"", 972, 307, 635], [""1w"", 1012, 327, 444], [""2"", 878, 30, 482], [""% 6-88 书c 6 0"", 1090, 257, 1097], [""aones ros u saear eluad papd oiduas"", 1210, 432, 84], [""9"", 1111, 20, 1243], [""9757-0"", 1146, 64, 1236], [""0"", 866, 151, 1116], [""9이루스2어"", 974, 303, 640], [""표"", 990, 249, 186], [""% 68%c 6 00"", 1092, 248, 1104], [""pones fos ut sayeaj eluad papd oiduss"", 1212, 427, 85], [""149757-0"", 1132, 92, 1238], [""27"", 485, 358, 50], [""이아"", 498, 227, 138], [""이 Fd"", 493, 145, 320], [""표g"", 482, 93, 96], [""7"", 475, 326, 149]]"
000487,2027,12,11,2027-12-11,s1,202712.11 | F417:29HP件,"[[""202712.11"", 586, 32, 291], [""F417:29HP件"", 612, 35, 284]]"
000488,2026,02,27,2026-02-27,s1,맛:밤 아무것도넣지않은 100% | 소비기한 후면표기일까지 | 교환장소 구입처및대리점 | 보관방법 직사광선을 피하고 실온보관 | 식품 유형 IANGSHAN LYUAN | 제조원 INDUSTRIAL COLTD | 씨제이제일제당(주) | 수입판매원 330 | 니라 제조과정시 생기는 것이니 안심하고 | 드십시오개봉후에는쉽게변질되오니가 | 금적한번에 드십시오·밤을통패로 삼키시 | 면 질식의위험이 있으니 주의하시기바럼 | 니다.·포장지가 파손되어 있는 경우 드시지 | 마십시오·봉지패로는전자레인지에넣지 | 마십시오·본 제품은 소비자분정해결기준 | 양정보 36g/60kcal | mg0% 个型量14g4% | 당류1g4% | 포화지방0g0% 트랜스지방09 | 단백질1g2% | 고객명복센터 | 2026.02.2777F,"[[""맛:밤"", 257, 50, 247], [""아무것도넣지않은"", 244, 26, 338], [""100%"", 259, 32, 338], [""소비기한"", 295, 23, 258], [""후면표기일까지"", 287, 33, 319], [""구입처및대리점"", 308, 31, 323], [""교환장소"", 321, 27, 261], [""직사광선을 피하고 실온보관"", 344, 31, 322], [""보관방법"", 355, 32, 265], [""식품 유형"", 372, 34, 264], [""IANGSHAN LYUAN"", 374, 31, 327], [""제조원"", 393, 30, 274], [""INDUSTRIAL COLTD"", 388, 29, 329], [""씨제이제일제당(주)"", 405, 24, 331], [""수입판매원"", 423, 33, 269], [""330"", 420, 25, 330], [""니라 제조과정시 생기는 것이니 안심하고"", 501, 42, 267], [""드십시오개봉후에는쉽게변질되오니가"", 517, 42, 269], [""금적한번에 드십시오·밤을통패로 삼키시"", 533, 41, 268], [""면 질식의위험이 있으니 주의하시기바럼"", 548, 44, 271], [""니다.·포장지가 파손되어 있는 경우 드시지"", 565, 39, 276], [""마십시오·봉지패로는전자레인지에넣지"", 581, 37, 280], [""마십시오·본 제품은 소비자분정해결기준"", 596, 39, 285], [""양정보"", 636, 29, 301], [""mg0%"", 655, 34, 308], [""36g/60kcal"", 637, 41, 365], [""个型量14g4%"", 654, 40, 398], [""당류1g4%"", 671, 37, 427], [""포화지방0g0%"", 711, 49, 299], [""트랜스지방09"", 692, 40, 418], [""단백질1g2%"", 729, 48, 292], [""고객명복센터"", 787, 24, 333], [""2026.02.2777F"", 842, 23, 273]]"
000489,2026,05,08,2026-05-08,s1,"1.400 | 영양정보 | 45mg15%12g | 2026.05.08.11153 F3.7 | 는들에제품을 자넣고3간데유 드십시오 | 원료명돼지고기(국산),양파(국산),볶은양패양과국산) | 카놀라유(캐나다산),정제수,당근,마늘,토마토페이스트양 | 지국물농축액사골엑기스비프엑기스 생강,우스스우 | % 소비기한 상단표시일까지포장재질 폴리프로폴렌 | 801045686318 | 주제일오뚜기","[[""1.400"", 73, 26, 596], [""영양정보"", 303, 23, 340], [""45mg15%12g"", 365, 26, 359], [""2026.05.08.11153 F3.7"", 433, 38, 321], [""는들에제품을 자넣고3간데유 드십시오"", 474, 24, 299], [""원료명돼지고기(국산),양파(국산),볶은양패양과국산)"", 539, 31, 293], [""카놀라유(캐나다산),정제수,당근,마늘,토마토페이스트양"", 554, 34, 292], [""지국물농축액사골엑기스비프엑기스 생강,우스스우"", 568, 38, 291], [""%"", 660, 21, 167], [""소비기한 상단표시일까지포장재질 폴리프로폴렌"", 658, 41, 291], [""801045686318"", 736, 32, 173], [""주제일오뚜기"", 760, 35, 193]]"
000490,2025,11,27,2025-11-27,s1,햇반 | 들까 행반 | 들까 | 25.11.27,"[[""햇반"", 126, 59, 112], [""행반"", 176, 62, 400], [""들까"", 184, 41, 128], [""들까"", 236, 35, 405], [""25.11.27"", 461, 26, 298]]"
000491,2026,09,19,2026-09-19,s1,"차호차이·자오자이 | 차오차이마라상귀소스 | 3,480 | 3,480 | 추질물대두.밀 함유 | 2026.09.19","[[""차호차이·자오자이"", 25, 53, 404], [""차오차이마라상귀소스"", 134, 39, 435], [""3,480"", 156, 40, 214], [""3,480"", 194, 49, 513], [""추질물대두.밀 함유"", 573, 22, 250], [""2026.09.19"", 592, 25, 249]]"
000492,2026,03,12,2026-03-12,s1,소비기한: | 2026.03.12  BT2 | 8801037058642 | 까지,"[[""소비기한:"", 468, 33, 352], [""2026.03.12  BT2"", 530, 37, 375], [""8801037058642"", 580, 24, 156], [""까지"", 588, 29, 553]]"
000493,2026,06,17,2026-06-17,s1,"찹곡밥 | ×3개입 | 밥엔야채 | 청정원 법8인 1간지 녹황색아채가 | VEGETABLE 들백 들어있어요! 연출된 조리예 | 맛있는밥엔 조리법 199104430292190 | 내포장재질폴리에틸렌 소비기한후면하단표기일까지 | 원재료명 아채베이스(밥엔맛림(유당(우유:미국산),조미창(볶음 | 함매(외국산),건청경채후레이크,건양배추후레이크밥엔씨즈닝과 | 림,당근후레이크(옥수수전분(옥수수:외국산),당근분말(건당근 | 레이크,클로렐라후레이크,시금치후레이크,건브로콜리,캐일 | 달길,우유,대두,밀,조개류(굴포함)함유 | 영양정보 24g（8gx37m 128(8g)930kcal | 맛있는밥&요리제안 恒喜430mg22%午量5g2 2%弄3g3% | 0.9g2%0g 포화지방0g0% | 레스테롤5mg미만 단백질1g미만 2% | （%）2000ca | 개인의 필요 열량에 따라 다를 수 있습니다. | 관 시 색상이 질어지거나 수있으니개에는 가를 | 리 사용하십시오메뚜 | DAESANG | 소기한: | 2026.06.17","[[""찹곡밥"", 23, 46, 375], [""×3개입"", 106, 29, 669], [""밥엔야채"", 146, 44, 215], [""법8인"", 168, 36, 221], [""1간지 녹황색아채가"", 164, 31, 414], [""청정원"", 186, 32, 148], [""들백 들어있어요!"", 191, 34, 438], [""VEGETABLE"", 195, 28, 214], [""연출된 조리예"", 196, 30, 566], [""199104430292190"", 227, 34, 319], [""소비기한후면하단표기일까지"", 238, 33, 490], [""맛있는밥엔 조리법"", 246, 31, 133], [""내포장재질폴리에틸렌"", 245, 28, 325], [""원재료명 아채베이스(밥엔맛림(유당(우유:미국산),조미창(볶음"", 292, 37, 321], [""함매(외국산),건청경채후레이크,건양배추후레이크밥엔씨즈닝과"", 310, 38, 322], [""림,당근후레이크(옥수수전분(옥수수:외국산),당근분말(건당근"", 329, 40, 323], [""레이크,클로렐라후레이크,시금치후레이크,건브로콜리,캐일"", 365, 36, 324], [""달길,우유,대두,밀,조개류(굴포함)함유"", 384, 38, 323], [""24g（8gx37m"", 396, 22, 518], [""영양정보"", 412, 35, 329], [""128(8g)930kcal"", 411, 23, 544], [""맛있는밥&요리제안"", 430, 25, 144], [""恒喜430mg22%午量5g2"", 432, 29, 327], [""2%弄3g3%"", 427, 24, 532], [""0.9g2%0g"", 450, 31, 333], [""포화지방0g0%"", 443, 26, 513], [""레스테롤5mg미만"", 468, 25, 327], [""단백질1g미만 2%"", 461, 27, 506], [""（%）2000ca"", 482, 44, 329], [""개인의 필요 열량에 따라 다를 수 있습니다."", 499, 28, 331], [""관 시 색상이 질어지거나"", 531, 25, 333], [""수있으니개에는 가를"", 524, 36, 485], [""리 사용하십시오메뚜"", 545, 25, 333], [""DAESANG"", 626, 21, 407], [""소기한:"", 660, 22, 158], [""2026.06.17"", 666, 31, 242]]"
000494,2025,06,13,2025-06-13,det5,12개입 | 추침가량분 360g(1.740kcal) | (관리트로#그림0#오에스후기인크림 | 2.780 | 사리 후레쉬베리 | HAITAI 호데 오에스 자연을뚜르게환경을깨곳이 해터롤에서간식자기 | 쿠키앤크림 제조일 2025.06.139 2823.12.120A2 | COORIE·REAM 소비기한,"[[""12개입"", 65, 44, 511], [""추침가량분"", 86, 43, 450], [""360g(1.740kcal)"", 92, 31, 517], [""(관리트로#그림0#오에스후기인크림"", 112, 37, 454], [""2.780"", 230, 45, 0], [""후레쉬베리"", 363, 108, 302], [""사리"", 358, 55, 134], [""오에스"", 472, 52, 158], [""호데"", 468, 35, 40], [""HAITAI"", 487, 16, 44], [""자연을뚜르게환경을깨곳이"", 492, 23, 370], [""해터롤에서간식자기"", 492, 13, 535], [""쿠키앤크림"", 528, 79, 86], [""제조일"", 524, 21, 377], [""2025.06.139"", 528, 36, 459], [""2823.12.120A2"", 544, 36, 458], [""COORIE·REAM"", 565, 32, 145], [""소비기한"", 556, 23, 374]]"
000495,2026,02,19,2026-02-19,s1,2026.02.19/F-2,"[[""2026.02.19/F-2"", 540, 23, 504]]"
000496,2027,03,05,2027-03-05,s1,"12.090 | 7.190 | 99%（）862%，14% | 유통전문단매원|농협식품(주)/서울 마포구신온로6용기(포장제 | 208282 | 본제품정거래위원회고시소비자분쟁해결에의거교환또는보상별을수십 | 용기가반,땅장,손상되었거나내용물아질되었을경우드시마십오·부품 | 소비기한: | 2027. 03.05","[[""12.090"", 22, 47, 369], [""7.190"", 139, 77, 5], [""99%（）862%，14%"", 398, 39, 217], [""유통전문단매원|농협식품(주)/서울 마포구신온로6용기(포장제"", 442, 33, 217], [""208282"", 462, 30, 218], [""본제품정거래위원회고시소비자분쟁해결에의거교환또는보상별을수십"", 484, 24, 220], [""용기가반,땅장,손상되었거나내용물아질되었을경우드시마십오·부품"", 542, 26, 219], [""소비기한:"", 572, 25, 217], [""2027. 03.05"", 594, 32, 283]]"
000497,2026,08,31,2026-08-31,s1,"장장원열근 국수 | 2,28 | 26.08.31까지B","[[""장장원열근"", 242, 47, 562], [""국수"", 265, 30, 668], [""2,28"", 320, 67, 629], [""26.08.31까지B"", 464, 31, 256]]"
000498,2026,03,07,2026-03-07,s1,"08 | 1,500 | 2026.03.078 | 21850全91259","[[""1,500"", 94, 73, 205], [""08"", 64, 21, 696], [""2026.03.078"", 528, 38, 257], [""21850全91259"", 563, 40, 257]]"
000499,2026,05,13,2026-05-13,s1,2026.05.13 | 15:58 | 제일제당 | 해찬들 | 갖은 양념으로 쌈맛을 살린 | 듬 사계절 쌈장 | 해찬들 | 대한민국 장류 1등,"[[""2026.05.13"", 402, 29, 283], [""15:58"", 424, 24, 383], [""제일제당"", 472, 35, 135], [""해찬들"", 519, 66, 279], [""갖은 양념으로 쌈맛을 살린"", 605, 50, 155], [""듬"", 653, 78, 1], [""사계절 쌈장"", 684, 115, 148], [""해찬들"", 859, 45, 294], [""대한민국"", 914, 80, 130], [""1등"", 916, 92, 478], [""장류"", 932, 55, 349]]"
000500,2026,12,17,2026-12-17,s1,"oe 제조일지: 2025.06.18 09:16 BG4 | 소비기한: 2026.12.17 까지 | ·식품의유향교주장영재료명및함량교추양중국산교초기루정 영양정보 500g/100g230kcal |  수센국센정 전밀명국선주 2450mg13%15%3% | 성두 성재소금0유분교조가류교추국산),중국산별가루쌀국 加24g4%0g物0g0% | 신료포장재질내방용기품-유 드자-E·반품 0mg0%4g7% | 교화가분국번점보관방법식사광선을해실온보관개봉후 성분2어있 | 냉성보면원·색산불치는것은숙성의한현상으로안심하 DAC품수있성0 | 2399 | 비자분성해결기준에 의가,교환또는 보상가능·조원: | 품일제(주|증하남도논신시연유을 국본2길1·품목보고 | 电：202046408-66 영양동방류","[[""제조일지:"", 434, 27, 234], [""2025.06.18 09:16"", 440, 29, 301], [""BG4"", 435, 22, 516], [""oe"", 446, 53, 133], [""소비기한:"", 458, 23, 234], [""2026.12.17"", 464, 23, 303], [""까지"", 461, 26, 514], [""·식품의유향교주장영재료명및함량교추양중국산교초기루정"", 489, 30, 146], [""영양정보"", 494, 27, 335], ["" 수센국센정 전밀명국선주"", 510, 37, 146], [""500g/100g230kcal"", 494, 23, 409], [""2450mg13%15%3%"", 518, 28, 334], [""성두 성재소금0유분교조가류교추국산),중국산별가루쌀국"", 530, 32, 148], [""신료포장재질내방용기품-유 드자-E·반품"", 550, 31, 149], [""加24g4%0g物0g0%"", 540, 27, 335], [""교화가분국번점보관방법식사광선을해실온보관개봉후"", 572, 33, 149], [""0mg0%4g7%"", 563, 30, 334], [""냉성보면원·색산불치는것은숙성의한현상으로안심하"", 592, 35, 150], [""성분2어있"", 585, 28, 336], [""2399"", 612, 31, 152], [""DAC품수있성0"", 602, 23, 336], [""비자분성해결기준에 의가,교환또는 보상가능·조원:"", 632, 33, 151], [""품일제(주|증하남도논신시연유을 국본2길1·품목보고"", 652, 38, 152], [""电：202046408-66"", 671, 39, 153], [""영양동방류"", 687, 24, 335]]"
000501,2026,02,24,2026-02-24,s1,Pd 밥은 먹고 다니냐? | ald | E 도시락 | DOSHIR | DOSHIRAK SINCE1986 사E SINCE198 | 26.0 | 26.02.24外|DH F2 :여기까지어주세요 | 꿀는물 0 | 3분 유탕면 86g |  / 86g (380 kcal) | 스프류중건김지94%함유 | 김치 도시락 86g | 950 | 60,"[[""Pd"", 94, 83, 58], [""밥은 먹고"", 82, 47, 316], [""다니냐?"", 120, 54, 352], [""ald"", 164, 50, 652], [""E"", 274, 227, 22], [""사E"", 386, 345, 196], [""도시락"", 236, 31, 384], [""DOSHIRAK"", 368, 41, 73], [""DOSHIR"", 371, 41, 641], [""SINCE1986"", 390, 40, 75], [""SINCE198"", 392, 40, 640], [""26.0"", 517, 30, 663], [""26.02.24外|DH F2"", 533, 36, 95], ["":여기까지어주세요"", 586, 110, 586], [""0"", 612, 47, 640], [""꿀는물"", 607, 28, 130], [""3분"", 625, 24, 137], ["" / 86g (380 kcal)"", 652, 37, 80], [""유탕면"", 654, 24, 634], [""86g"", 653, 24, 674], [""스프류중건김지94%함유"", 683, 35, 80], [""김치 도시락 86g"", 845, 36, 184], [""950"", 889, 46, 237], [""60"", 946, 20, 258]]"
000502,2026,06,20,2026-06-20,s1,"자(유탕처리제품) | 일제과/대구광 | 2026.06.20X 42 | 측면표시일까? | g（±3g（173kc | 1211530 불가루(밀:호주산 | 号30-0899065 올레인유(함을인우 | 영양정보 총내용량40g 드말토웨스트E 산),d-토코 | 173kcal 유:미국신함수프드 | 총내용량당 1일영양성분 림(유인아 | 기준치에대한비율 시럽카제인니 | 三零120mg 6% 륨이산화 | 수물30g 9% (합성향료)이스 | 79 7% | 방A9 8% 유지( 갈,함수결정 | 트랜스지방0g 시아산),코 | 화지방1.9g 13% 산) 밀우 | 스테롤mg 첨가물이 | 3g 제제홈국식 | （%2000 바닐린(합 | 에필요열량에 따라 대수있습니요 폴리프로필 | 量1980016304 | 직사","[[""자(유탕처리제품)"", 330, 27, 483], [""일제과/대구광"", 349, 30, 484], [""2026.06.20X"", 372, 35, 232], [""42"", 369, 28, 485], [""측면표시일까?"", 389, 28, 488], [""g（±3g（173kc"", 412, 28, 482], [""1211530"", 441, 22, 242], [""불가루(밀:호주산"", 436, 23, 483], [""号30-0899065"", 457, 22, 241], [""올레인유(함을인우"", 455, 30, 481], [""산),d-토코"", 474, 26, 483], [""영양정보"", 496, 40, 244], [""총내용량40g"", 487, 26, 317], [""드말토웨스트E"", 491, 30, 480], [""173kcal"", 506, 26, 335], [""유:미국신함수프드"", 510, 29, 481], [""1일영양성분"", 531, 20, 337], [""림(유인아"", 529, 32, 483], [""총내용량당"", 537, 24, 248], [""기준치에대한비율"", 546, 24, 307], [""시럽카제인니"", 546, 31, 480], [""三零120mg"", 565, 34, 250], [""6%"", 566, 23, 366], [""륨이산화"", 565, 27, 483], [""수물30g"", 586, 40, 249], [""9%"", 588, 26, 364], [""(합성향료)이스"", 584, 31, 480], [""79"", 606, 36, 250], [""7%"", 610, 23, 367], [""방A9"", 628, 38, 248], [""8%"", 630, 25, 363], [""갈,함수결정"", 622, 33, 480], [""트랜스지방0g"", 650, 39, 253], [""유지("", 642, 33, 479], [""화지방1.9g"", 671, 38, 255], [""시아산),코"", 658, 29, 481], [""13%"", 673, 24, 357], [""산) 밀우"", 678, 35, 478], [""스테롤mg"", 694, 34, 264], [""첨가물이"", 700, 32, 477], [""3g"", 716, 28, 284], [""제제홈국식"", 718, 35, 477], [""（%2000"", 738, 25, 273], [""바닐린(합"", 737, 30, 478], [""에필요열량에 따라 대수있습니요"", 751, 27, 273], [""폴리프로필"", 757, 28, 480], [""量1980016304"", 778, 29, 481], [""직사"", 802, 21, 487]]"
000503,2026,02,18,2026-02-18,s1,받용 | ·조리무2간 원스 간미 | BEBE지지 | LEGEND | FE 1 | paldo | 색다론즐거움딸도 | PROVE | EAT | KING OF LEGEND | 황뚜껑 | ·먹고 페이커도만나고 % 뚜껑 | JO FAKER | 프로케이머 페이커 26.02.18外YF：F1 | 8801128503488 | 깊꿀는물3분 /110g(495 kcal),"[[""받용"", 74, 132, 552], [""·조리무2간 원스 간미"", 149, 32, 184], [""BEBE지지"", 164, 28, 209], [""LEGEND"", 185, 37, 24], [""1"", 208, 55, 44], [""FE"", 219, 37, 26], [""paldo"", 264, 41, 330], [""색다론즐거움딸도"", 286, 27, 353], [""PROVE"", 343, 76, 324], [""EAT"", 409, 94, 312], [""%"", 602, 203, 330], [""황뚜껑"", 534, 45, 73], [""KING OF LEGEND"", 512, 39, 523], [""·먹고"", 564, 39, 75], [""뚜껑"", 586, 114, 490], [""페이커도만나고"", 602, 45, 75], [""FAKER"", 676, 95, 468], [""JO"", 674, 89, 101], [""프로케이머 페이커"", 726, 27, 138], [""26.02.18外YF：F1"", 736, 40, 381], [""8801128503488"", 765, 28, 227], [""깊꿀는물3분"", 795, 33, 217], [""/110g(495 kcal)"", 802, 34, 283]]"
000504,2026,02,28,2026-02-28,s1,KING OF LEGEND | 와 7 | alda | 색다는 즐거음탕도 | PROVE | EAT | KING OFLEGEND | 페이커도만나고 뚜명 | FAKER | 이페이커 26.02.283A1F1 | 8801128503235,"[[""와"", 149, 80, 171], [""KING OF LEGEND"", 116, 29, 250], [""7"", 148, 54, 250], [""alda"", 240, 61, 390], [""색다는 즐거음탕도"", 267, 31, 415], [""PROVE"", 334, 108, 378], [""EAT"", 403, 102, 364], [""KING OFLEGEND"", 524, 27, 534], [""페이커도만나고"", 559, 63, 133], [""뚜명"", 591, 105, 497], [""FAKER"", 673, 96, 471], [""이페이커"", 677, 50, 193], [""8801128503235"", 723, 46, 247], [""26.02.283A1F1"", 725, 52, 398]]"
000505,2026,03,02,2026-03-02,s1,UVUH 원 복작복작 | paldo | PROVE | EAT 편의점용 | KING OF LEGEND | 황뚜껑 | ·먹고· 페이커 도만나고 % 뚜명 | FAKER | 프로게이머페이커 26.03.02/90 F1 | 꿀는물3분 /110g（495kcal）,"[[""복작복작"", 73, 32, 619], [""원"", 130, 150, 226], [""UVUH"", 93, 38, 303], [""paldo"", 277, 49, 361], [""PROVE"", 359, 82, 365], [""EAT"", 436, 83, 365], [""편의점용"", 431, 40, 543], [""%"", 624, 211, 331], [""KING OF LEGEND"", 523, 50, 531], [""뚜명"", 602, 137, 496], [""황뚜껑"", 572, 47, 135], [""·먹고·"", 600, 31, 143], [""페이커"", 636, 41, 149], [""도만나고"", 634, 30, 222], [""FAKER"", 694, 81, 494], [""26.03.02/90 F1"", 738, 35, 427], [""프로게이머페이커"", 742, 25, 218], [""꿀는물3분"", 798, 23, 297], [""/110g（495kcal）"", 798, 23, 361]]"
000506,2026,06,18,2026-06-18,s1,후 | HAITAI 에이스 | 커피와 | 함께하는즐거움 | 이벤트 모하고 | 제주 가자! | 아가는 | 우리들의 | 1원 제종 2025.06.19 2026.06. 18. C1 부터 과자(유천리제 | 마지 151,"[[""후"", 298, 50, 28], [""HAITAI"", 330, 24, 32], [""에이스"", 409, 343, 70], [""커피와"", 454, 48, 546], [""함께하는즐거움"", 479, 58, 545], [""모하고"", 538, 35, 108], [""이벤트"", 539, 32, 54], [""제주"", 557, 31, 62], [""가자!"", 556, 31, 109], [""아가는"", 679, 20, 121], [""우리들의"", 713, 20, 53], [""1원"", 761, 112, 58], [""제종"", 774, 27, 186], [""2025.06.19"", 772, 22, 239], [""부터"", 770, 23, 390], [""2026.06. 18. C1"", 788, 25, 238], [""과자(유천리제"", 788, 23, 525], [""151"", 800, 67, 643], [""마지"", 794, 22, 391]]"
000507,2026,05,19,2026-05-19,s1,"식품유형 과자내포장재질 폴리프로필렌 | 골리시톨액(감미료),향료3종,주정, | 고객지원센터 25. 08.20 16:53 부터 | 26.05.19 84 까지","[[""식품유형 과자내포장재질 폴리프로필렌"", 490, 21, 491], [""골리시톨액(감미료),향료3종,주정,"", 540, 23, 556], [""고객지원센터"", 603, 26, 394], [""25. 08.20 16:53"", 599, 26, 517], [""부터"", 598, 26, 676], [""26.05.19 84"", 616, 25, 515], [""까지"", 620, 24, 674]]"
000508,2026,08,25,2026-08-25,s1,3801062870455 | 센터 | 부담 6060 26.08.25 17:14 까지 | ellfood.com,"[[""3801062870455"", 652, 49, 158], [""센터"", 694, 43, 0], [""6060"", 734, 36, 0], [""까지"", 747, 50, 548], [""26.08.25 17:14"", 756, 77, 165], [""부담"", 761, 30, 0], [""ellfood.com"", 801, 26, 0]]"
000509,2026,09,01,2026-09-01,s1,9 | F2 | 3 | 소비기한: | 25.09.02(20:46) 부터 | 26.09.014A13 | 까지,"[[""9"", 50, 69, 204], [""F2"", 139, 100, 425], [""3"", 228, 82, 221], [""소비기한:"", 564, 36, 141], [""부터"", 602, 31, 484], [""25.09.02(20:46)"", 612, 42, 164], [""26.09.014A13"", 641, 40, 164], [""까지"", 660, 33, 486]]"
000510,2026,09,03,2026-09-03,s1,"건조양파,치즈분말,바질,오레가노,흑후추 | 62.1%（5Brix） | 토마토,매두,우유 밀,쇠고기,닭고기,조가 (국)함요 | 재포장재질 용기-유리,뚜껑-철,폴리엄화비닐 | 및 교환장소 고객상담실 및 구입처 | 류 땅콩,게,새우,아황산류,오징어,돼지고기,조개류(홍합 | 포함 성분 혼입 가능·서늘하고 건조한 곳에 보관,개봉 후에는 | 냉장보관하여도 변질우려가 있으니 가급적 한번에 사용 | 본 제품은 소비자기본법에 의거 교환 또는 보상. 유리 | 1399 | 0199119 캡:철,라벨:PP | htps/ww.desang.com.htps//wjungoneshop.com F12404 | 20:05 | 2026.09.03 까지","[[""건조양파,치즈분말,바질,오레가노,흑후추"", 143, 64, 85], [""62.1%（5Brix）"", 184, 58, 84], [""토마토,매두,우유 밀,쇠고기,닭고기,조가 (국)함요"", 225, 64, 79], [""재포장재질 용기-유리,뚜껑-철,폴리엄화비닐"", 269, 59, 88], [""및 교환장소 고객상담실 및 구입처"", 314, 51, 109], [""류"", 362, 27, 95], [""땅콩,게,새우,아황산류,오징어,돼지고기,조개류(홍합"", 360, 43, 117], [""성분 혼입 가능·서늘하고 건조한 곳에 보관,개봉 후에는"", 399, 44, 114], [""포함"", 402, 30, 91], [""냉장보관하여도 변질우려가 있으니 가급적 한번에 사용"", 439, 38, 90], [""본 제품은 소비자기본법에 의거 교환 또는 보상."", 480, 34, 91], [""유리"", 498, 40, 476], [""1399"", 519, 47, 84], [""0199119"", 562, 42, 80], [""캡:철,라벨:PP"", 558, 40, 452], [""htps/ww.desang.com.htps//wjungoneshop.com"", 596, 38, 82], [""F12404"", 586, 31, 490], [""20:05"", 635, 42, 304], [""2026.09.03"", 690, 50, 140], [""까지"", 709, 44, 492]]"
000511,2026,03,24,2026-03-24,s1,소비 26.03.242 | 기한 13:51125,"[[""26.03.242"", 361, 52, 168], [""소비"", 366, 39, 68], [""기한"", 396, 37, 70], [""13:51125"", 424, 63, 171]]"
000512,2026,02,17,2026-02-17,s1,모렐명.쌀스티커 | 50 mimn 재질.PVC | 202508 | 37175 | 국한국 사용연령:3세이산(어린이용) | 의사항:경고!3세 미만의 어린이는사용할 수없음 | 은부품을 를 포함하고 있음 | 643-2501 | K 소비지 ccm | 0-3 | 안전확인 신고확인증번호 공정거래위원회 | CB061L011-2001 | 2026.02.17外 | B423 | 영양정보 30g140kcal 85 | 30 g당 1일 영양성분 기준치에 대한 비율 총 내용량당 | LE喜150mg 8% 430mg 22% | 229 7% 63g 19% | 다르5 5% 13g 13%,"[[""모렐명.쌀스티커"", 26, 37, 166], [""재질.PVC"", 42, 41, 423], [""50 mimn"", 55, 30, 70], [""202508"", 64, 43, 237], [""37175"", 136, 55, 65], [""사용연령:3세이산(어린이용)"", 187, 45, 177], [""국한국"", 197, 70, 3], [""의사항:경고!3세 미만의 어린이는사용할 수없음"", 245, 78, 0], [""은부품을"", 304, 57, 0], [""를 포함하고 있음"", 295, 51, 72], [""643-2501"", 352, 39, 0], [""K"", 388, 107, 210], [""ccm"", 364, 37, 592], [""소비지"", 396, 37, 536], [""0-3"", 415, 28, 376], [""공정거래위원회"", 442, 27, 554], [""안전확인 신고확인증번호"", 455, 36, 163], [""CB061L011-2001"", 480, 27, 188], [""2026.02.17外"", 536, 65, 118], [""B423"", 604, 60, 159], [""85"", 738, 40, 489], [""영양정보"", 768, 67, 0], [""30g140kcal"", 776, 48, 429], [""30 g당"", 824, 40, 0], [""총 내용량당"", 816, 39, 551], [""1일 영양성분 기준치에 대한 비율"", 827, 42, 103], [""LE喜150mg"", 868, 69, 0], [""8%"", 861, 42, 313], [""430mg"", 858, 45, 403], [""22%"", 851, 51, 574], [""229"", 912, 67, 0], [""7%"", 904, 41, 315], [""63g"", 902, 46, 401], [""19%"", 891, 48, 577], [""다르5"", 945, 32, 23], [""13g"", 942, 37, 404], [""13%"", 931, 48, 577], [""5%"", 944, 31, 318]]"
000513,2026,09,03,2026-09-03,s1,초곳 | 2026.09.0314 | 2551521,"[[""초곳"", 239, 72, 22], [""2026.09.0314"", 528, 56, 124], [""2551521"", 576, 43, 125]]"
000514,2026,07,13,2026-07-13,s1,엑티블 | 콘후리에 | 소비기한 | 2026.07.13 | 09: 03 | 까지,"[[""엑티블"", 59, 65, 133], [""콘후리에"", 161, 72, 550], [""소비기한"", 552, 53, 60], [""2026.07.13"", 577, 46, 276], [""09: 03"", 612, 44, 362], [""까지"", 637, 54, 570]]"
000515,2025,01,NONE,2025-01-NONE,s1,ERO | 제한추리도있다 | 제조 | 0 | 201045 46 +U 2025.01 | 영양성 영양정보 73g/400kcal | 0mg0%4g7% | 18022 | 과지,"[[""ERO"", 26, 49, 17], [""제한추리도있다"", 70, 30, 54], [""제조"", 176, 32, 11], [""0"", 228, 63, 6], [""201045 46 +U"", 500, 31, 99], [""2025.01"", 501, 26, 441], [""영양정보"", 594, 42, 65], [""영양성"", 604, 20, 74], [""73g/400kcal"", 603, 35, 354], [""0mg0%4g7%"", 682, 44, 70], [""18022"", 718, 32, 648], [""과지"", 906, 79, 0]]"
000516,2026,07,16,2026-07-16,s1,"업명및소재지 | ·제조업소 FRANCESTLE | CONFECTONERIES(M) | SDNBHD | 수일판매업소:롯데쇼평(주 | 롯데아트 사업본부/서울특별시 | 二6含）1899-3000 | 원재료명 설탕,황핵유,아몬드 | 코코아분말,(유청분말,레시틴, | 향료(바닐라향)우유,대두 함유 | 포장재질(내단)기 뚜껑-폴리에틸렌 | 통-폴리에틸렌테레프탈레이트 | 땅콩,호두 혼입 가능성이 있습 | PC17075 | EXP：16/07/2026","[[""업명및소재지"", 24, 49, 213], [""·제조업소 FRANCESTLE"", 74, 74, 207], [""CONFECTONERIES(M)"", 111, 73, 205], [""SDNBHD"", 140, 43, 207], [""수일판매업소:롯데쇼평(주"", 184, 68, 210], [""롯데아트 사업본부/서울특별시"", 222, 71, 201], [""二6含）1899-3000"", 296, 59, 202], [""원재료명 설탕,황핵유,아몬드"", 342, 65, 196], [""코코아분말,(유청분말,레시틴,"", 384, 61, 194], [""향료(바닐라향)우유,대두 함유"", 426, 67, 191], [""포장재질(내단)기 뚜껑-폴리에틸렌"", 472, 60, 196], [""통-폴리에틸렌테레프탈레이트"", 518, 51, 200], [""땅콩,호두 혼입 가능성이 있습"", 565, 55, 186], [""PC17075"", 687, 40, 188], [""EXP：16/07/2026"", 726, 47, 186]]"
000517,2026,09,25,2026-09-25,s1,고 개봉 후 가급직 | 0-2002 | 내용50 | M0 kcal | 量40g12% 당류 26926%090% | 0g0% 콜레스테롤 mg 0% 395 % | EB20.5mg 36% HE2B60.2mg13% | 다. | 26.09.25 R | 까지 | 비닐류 | OTHER,"[[""고 개봉 후 가급직"", 34, 70, 0], [""0-2002"", 108, 53, 10], [""내용50"", 161, 48, 402], [""M0 kcal"", 198, 55, 435], [""당류"", 222, 37, 182], [""26926%090%"", 233, 73, 241], [""量40g12%"", 236, 64, 0], [""콜레스테롤"", 268, 45, 96], [""mg"", 268, 31, 261], [""0%"", 270, 35, 311], [""395"", 282, 55, 374], [""0g0%"", 281, 49, 0], [""%"", 290, 38, 533], [""36%"", 311, 36, 147], [""HE2B60.2mg13%"", 324, 63, 272], [""EB20.5mg"", 319, 50, 0], [""다."", 402, 30, 1], [""26.09.25 R"", 537, 58, 217], [""까지"", 606, 43, 451], [""비닐류"", 742, 45, 436], [""OTHER"", 813, 42, 408]]"
000518,2026,09,14,2026-09-14,s1,26.09.14F2 | BdaH,"[[""26.09.14F2"", 549, 105, 102], [""BdaH"", 657, 63, 329]]"
000519,2026,08,10,2026-08-10,s1,당효밀 | 받진 | 소비 25.08.11 08146 부터 | 기한 26.08.10 까지,"[[""당효밀"", 120, 43, 398], [""받진"", 195, 142, 378], [""소비"", 460, 36, 72], [""25.08.11 08146"", 474, 38, 188], [""부터"", 470, 41, 505], [""26.08.10"", 505, 34, 186], [""기한"", 518, 41, 70], [""까지"", 531, 40, 502]]"
000520,2026,09,15,2026-09-15,s1,부청불질품신 지축본사 | 녹아 한입에 삼키지 | 반점이생 수있으인체에두 | 영양정보 香小路52g/125 | LE号20mg1% | 量0mg0%3.46% | (수신자 요금 부담) 롯데웰푸드 | http://www.lottewelfood.com | THER | 2026.09.15A1 까지 88010628730,"[[""부청불질품신"", 39, 44, 398], [""지축본사"", 25, 43, 555], [""한입에 삼키지"", 73, 48, 506], [""반점이생 수있으인체에두"", 106, 73, 421], [""녹아"", 112, 21, 364], [""香小路52g/125"", 178, 59, 521], [""영양정보"", 230, 49, 95], [""LE号20mg1%"", 257, 70, 84], [""量0mg0%3.46%"", 307, 116, 88], [""롯데웰푸드"", 390, 38, 588], [""(수신자 요금 부담)"", 430, 56, 220], [""THER"", 434, 25, 679], [""http://www.lottewelfood.com"", 456, 57, 209], [""88010628730"", 541, 50, 570], [""까지"", 564, 41, 482], [""2026.09.15A1"", 575, 58, 194]]"
000521,2026,03,10,2026-03-10,s1,아 0 | mall | 해태물에서간식사기 | 제조일 2025.09.11早E | 소비기한 2026.03.100XC1,"[[""아"", 491, 58, 262], [""0"", 488, 27, 360], [""mall"", 534, 42, 261], [""해태물에서간식사기"", 581, 35, 270], [""제조일"", 644, 42, 59], [""2025.09.11早E"", 671, 58, 257], [""2026.03.100XC1"", 721, 68, 249], [""소비기한"", 724, 41, 51]]"
000522,2026,02,21,2026-02-21,s1,내포장재질 폴리프로필렌 식품유형 과자 | 25.08.22 06:05 부터 | 26.02.21 까지,"[[""내포장재질 폴리프로필렌 식품유형 과자"", 168, 54, 5], [""25.08.22"", 513, 64, 145], [""06:05"", 506, 41, 390], [""부터"", 505, 40, 562], [""26.02.21"", 549, 46, 150], [""까지"", 560, 44, 555]]"
000523,2026,03,23,2026-03-23,s1,매품 소비기한 | 2025.09.24对 | 2026.03.23办大 | 까지,"[[""매품"", 395, 70, 0], [""소비기한"", 414, 41, 139], [""2025.09.24对"", 513, 46, 204], [""2026.03.23办大"", 563, 45, 204], [""까지"", 626, 40, 495]]"
000524,2026,06,18,2026-06-18,s1,na strana obalu:/ Minóségét megrzi: | L-169 13:35 | 18/06/2026,"[[""na strana obalu:/ Minóségét megrzi:"", 497, 52, 0], [""L-169 13:35"", 628, 55, 181], [""18/06/2026"", 678, 47, 184]]"
000525,2027,09,08,2027-09-08,s1,"포장재질(내면용기-유리,뚜껑-철,폴리엄화비닐 | 38%（15% | 원재료명 (딸기 80 %(국산),설탕,아미드펙틴,구연산 | 업스명및 (주)대상다이브스 | 까지 28 | 080-254-6580 | 활성할 수 있으니 냉장보관하시고 빨리드세요. | 혼입가는용기를가열조리용으로사용불가. | ·소비자분장해결기준에 의거,교환 또는 보상 | 식기한 | 2027.09.08 | 15:33 까지","[[""포장재질(내면용기-유리,뚜껑-철,폴리엄화비닐"", 32, 43, 176], [""38%（15%"", 74, 43, 236], [""원재료명"", 84, 33, 185], [""(딸기 80 %(국산),설탕,아미드펙틴,구연산"", 111, 46, 241], [""업스명및"", 138, 25, 190], [""(주)대상다이브스"", 150, 43, 243], [""까지"", 176, 21, 199], [""28"", 187, 48, 244], [""080-254-6580"", 222, 45, 231], [""활성할 수 있으니 냉장보관하시고 빨리드세요."", 298, 63, 202], [""혼입가는용기를가열조리용으로사용불가."", 422, 73, 212], [""·소비자분장해결기준에 의거,교환 또는 보상"", 453, 76, 211], [""식기한"", 500, 39, 219], [""2027.09.08"", 560, 51, 300], [""15:33"", 591, 40, 329], [""까지"", 597, 30, 533]]"
000526,2026,07,04,2026-07-04,s2,POs0 현 그래놀라 | 2026.07.04/1462 | 100027 Ltd. 30개입 포류 | NETWT.1.62kg 버섯 | （54gx30） VONO PORCINI MUS,"[[""POs0 현 그래놀라"", 152, 55, 217], [""30개입"", 509, 54, 201], [""Ltd."", 508, 27, 3], [""포류"", 530, 51, 644], [""100027"", 536, 21, 0], [""버섯"", 568, 62, 641], [""NETWT.1.62kg"", 573, 38, 63], [""VONO"", 601, 56, 363], [""（54gx30）"", 609, 36, 147], [""PORCINI MUS"", 604, 20, 617], [""2026.07.04/1462"", 380, 48, 55]]"
000527,2025,10,12,2025-10-12,s1,ost | 2025.10.12办.C.J | 0 M | 통밀로채우는 M EA 로마병사의 힘 | 로만밀 | 통밀식빵 | 12 7.5 | PROTEIN 1912 | 고 식이섬유,"[[""ost"", 52, 65, 1], [""2025.10.12办.C.J"", 362, 92, 76], [""M"", 440, 27, 369], [""0"", 451, 22, 336], [""M"", 550, 47, 313], [""EA"", 567, 39, 345], [""통밀로채우는"", 572, 29, 187], [""로마병사의 힘"", 574, 29, 468], [""로만밀"", 642, 81, 259], [""통밀식빵"", 750, 139, 111], [""12"", 864, 65, 135], [""7.5"", 866, 69, 526], [""PROTEIN"", 933, 26, 129], [""1912"", 934, 31, 329], [""고 식이섬유"", 947, 28, 513]]"
000528,2026,03,11,2026-03-11,s1,3akcHu | 2026.03.11,"[[""3akcHu"", 80, 128, 84], [""2026.03.11"", 321, 47, 200]]"
000529,2026,01,12,2026-01-12,s1,BBD2026/01/12 | 43170857,"[[""BBD2026/01/12"", 503, 45, 134], [""43170857"", 544, 47, 188]]"
000530,2026,06,24,2026-06-24,s1,926.06.24 | 용두베리준1%함원 | 젤리스트로우 手2119390,"[[""926.06.24"", 185, 82, 276], [""용두베리준1%함원"", 370, 135, 74], [""手2119390"", 412, 99, 424], [""젤리스트로우"", 440, 104, 61]]"
000531,2026,02,28,2026-02-28,s1,과 | samlid 미니꿀약 | 종당 | 옥수수 | 소비기 | 2026.02.28F | 초당 | 0C,"[[""과"", 39, 60, 459], [""미니꿀약"", 210, 155, 331], [""samlid"", 230, 36, 133], [""종당"", 384, 217, 304], [""옥수수"", 543, 234, 292], [""소비기"", 677, 38, 631], [""2026.02.28F"", 720, 63, 332], [""초당"", 803, 26, 534], [""0C"", 910, 42, 181]]"
000532,2026,02,28,2026-02-28,s1,초당 | 옥수수 | 페이스트 | 2026.02.28 함유,"[[""초당"", 420, 51, 603], [""옥수수"", 465, 50, 607], [""페이스트"", 512, 45, 598], [""2026.02.28"", 556, 67, 67], [""함유"", 554, 45, 600]]"
000533,2026,03,26,2026-03-26,s1,"유의 | ：080-088-1212 | (수신자요금부담) | 오뚜기 | moll엔 안전관리인증 | 다있다! HACCP 비닐류 | OTHER | 1200 1400 1600 | 1000 5 6 1800 | 800 1100mg 2000mg | Omg 나트륨 함량 비교 표시 기준량 | 2026.03.26外 | 2302 B161 | 8""801045""662305","[[""유의"", 58, 53, 94], [""：080-088-1212"", 114, 46, 209], [""(수신자요금부담)"", 156, 38, 301], [""오뚜기"", 202, 38, 204], [""moll엔"", 228, 35, 201], [""안전관리인증"", 230, 27, 334], [""다있다!"", 252, 32, 201], [""HACCP"", 261, 36, 332], [""비닐류"", 256, 41, 522], [""OTHER"", 325, 35, 494], [""1400"", 358, 25, 353], [""1200"", 368, 25, 285], [""1600"", 370, 25, 424], [""1000"", 396, 24, 238], [""5"", 392, 20, 391], [""6"", 407, 22, 432], [""1800"", 400, 25, 472], [""800"", 433, 22, 217], [""1100mg"", 451, 38, 318], [""2000mg"", 443, 30, 500], [""Omg"", 476, 24, 202], [""나트륨 함량 비교 표시"", 481, 26, 277], [""기준량"", 474, 27, 505], [""2026.03.26外"", 606, 54, 233], [""2302 B161"", 670, 39, 282], [""8\""801045\""662305"", 854, 43, 202]]"
000534,2027,01,29,2027-01-29,erode5,EP 2027.01.29 | 본 RE | 부8국VEIYS 9 4료국아  | 2고2,"[[""본"", 482, 39, 242], [""RE"", 496, 52, 289], [""9"", 546, 22, 303], [""2고2"", 666, 72, 253], [""EP 2027.01.29"", 384, 81, 260], [""4료국아 "", 593, 248, 378], [""부8국VEIYS"", 600, 235, 161]]"
000535,2026,02,04,2026-02-04,s1,0/TS | 소비기한 | 2026.02.04 | 까지,"[[""0/TS"", 210, 69, 815], [""소비기한"", 258, 56, 203], [""2026.02.04"", 349, 103, 314], [""까지"", 442, 35, 701]]"
000536,2026,01,01,2026-01-01,s1,개입 | 파스타 | 2026.01.01（5B1）（3） | LE,"[[""개입"", 350, 83, 277], [""파스타"", 428, 64, 2], [""2026.01.01（5B1）（3）"", 504, 41, 151], [""LE"", 776, 169, 0]]"
000537,2026,05,08,2026-05-08,s1,영껑정보 | 三Omg40%13g | 류9g9 16g30% | 향신료와 트랜스지방15g 포화지방Eg40% | 4515%1222% | 개인의 필요 열량에 따라 다를 수 있습니다. | 2026.05.08.11:30 F3.7 | 까지 | 에품을봉자남고B간 데워드십시오 | 소금 | OTHER |  20010445055694 | 686318 | 채로두지마스,"[[""영껑정보"", 320, 43, 171], [""三Omg40%13g"", 343, 38, 189], [""류9g9"", 368, 29, 184], [""16g30%"", 360, 32, 288], [""트랜스지방15g"", 386, 29, 178], [""포화지방Eg40%"", 379, 26, 316], [""향신료와"", 397, 20, 90], [""4515%1222%"", 404, 37, 171], [""개인의 필요 열량에 따라 다를 수 있습니다."", 443, 27, 168], [""2026.05.08.11:30 F3.7"", 504, 38, 162], [""까지"", 523, 20, 428], [""에품을봉자남고B간 데워드십시오"", 570, 33, 115], [""소금"", 792, 23, 104], [""OTHER"", 852, 31, 24], ["" 20010445055694"", 874, 55, 94], [""686318"", 934, 33, 0], [""채로두지마스"", 948, 26, 94]]"
000538,2026,02,06,2026-02-06,s1,덮밥 | %방7 | 2026.02.06TAIB | 오뚜기와 함퍼 철소면 도박 근럽,"[[""덮밥"", 26, 49, 174], [""%방7"", 315, 94, 610], [""2026.02.06TAIB"", 530, 29, 224], [""오뚜기와 함퍼 철소면 도박"", 554, 31, 193], [""근럽"", 556, 24, 513]]"
000539,2027,08,11,2027-08-11,hires,"2027.08.110A | D9:432H13P N2 | 먹세카레약간매운맛 오뚜기 백세카레는 강황 함량을 높에 더 거강하고 | 로즈마리,월계수잎 의 허브를 더해 | OTOKI BEKSE CURRY MEDIUM 풍부한 향과 맛을 즐길 수 있는 카레입니다 | 00000 | （）60g，2（25g）700m（3） | 조리방법1고기,양파,감자,당근을 적당한크기로쌀어오뚜기식용유해갈볶은 마요 | 물을 붓고 재료가 완전히 약을 때까지 꿀입니다 | 카레라이스 2불을약하게한후백세카레를조금씩넣어충분하폴면서꿀인다음 | 밥위에없어내면완성됩니다. | 부본합조미시 탕오뚜기비프분말,효목추출물,변 喜0.53%（","[[""2027.08.110A"", 742, 43, 165], [""D9:432H13P"", 775, 46, 197], [""N2"", 778, 37, 817], [""먹세카레약간매운맛"", 866, 72, 4], [""오뚜기 백세카레는 강황 함량을 높에 더 거강하고"", 841, 46, 526], [""로즈마리,월계수잎 의 허브를 더해"", 877, 48, 582], [""OTOKI BEKSE CURRY MEDIUM"", 929, 39, 4], [""풍부한 향과 맛을 즐길 수 있는 카레입니다"", 913, 51, 563], [""00000"", 994, 81, 285], [""（）60g，2（25g）700m（3）"", 1028, 59, 420], [""조리방법1고기,양파,감자,당근을 적당한크기로쌀어오뚜기식용유해갈볶은 마요"", 1058, 100, 283], [""물을 붓고 재료가 완전히 약을 때까지 꿀입니다"", 1096, 56, 423], [""2불을약하게한후백세카레를조금씩넣어충분하폴면서꿀인다음"", 1121, 85, 417], [""카레라이스"", 1157, 44, 77], [""밥위에없어내면완성됩니다."", 1165, 46, 422], [""탕오뚜기비프분말,효목추출물,변"", 1347, 104, 540], [""喜0.53%（"", 1366, 50, 735], [""부본합조미시"", 1381, 28, 12]]"
000540,2026,03,24,2026-03-24,s1,2026.03.24012,"[[""2026.03.24012"", 503, 76, 105]]"
000541,2026,03,22,2026-03-22,s1,2026.03.22 | A6240854,"[[""2026.03.22"", 488, 55, 224], [""A6240854"", 561, 53, 232]]"
000542,2027,07,22,2027-07-22,s1,"업소:품국면 1,120mg 순지에대한비울 | 광역시 북구 탄수화물79g 56% | 19노원로 (노원2 당류5g 24% | 356-446 5% | 문판매업소 2% | 구 핑(주)/ 남디 포 | 소공동 콜레스 | 000 단백질66 | 하 | 영양성분 기준치에 대한 비율(%) | 므로개인의 필요 열량에따라 다를수 | :3 | 정제조 | 함 | 01 | 입처 | 리사 3801354402555 | 이름 | 안전관리인증 | HACCP | 2027.07.22 | 까지","[[""업소:품국면"", 15, 32, 0], [""1,120mg"", 21, 42, 259], [""순지에대한비울"", 18, 39, 352], [""탄수화물79g"", 42, 55, 204], [""광역시 북구"", 34, 42, 0], [""56%"", 42, 38, 384], [""19노원로"", 55, 48, 0], [""당류5g"", 69, 45, 202], [""24%"", 70, 37, 384], [""(노원2"", 76, 46, 0], [""5%"", 99, 35, 394], [""356-446"", 99, 40, 0], [""문판매업소"", 122, 44, 0], [""포"", 148, 59, 202], [""2%"", 126, 33, 396], [""핑(주)/"", 146, 38, 0], [""구"", 170, 36, 0], [""남디"", 165, 24, 32], [""소공동"", 193, 36, 0], [""콜레스"", 192, 39, 194], [""000"", 218, 30, 0], [""단백질66"", 230, 44, 191], [""하"", 250, 33, 0], [""영양성분 기준치에 대한 비율(%)"", 269, 42, 213], [""므로개인의 필요 열량에따라 다를수"", 288, 43, 217], ["":3"", 312, 39, 0], [""정제조"", 338, 32, 0], [""함"", 370, 30, 6], [""01"", 403, 22, 9], [""입처"", 432, 30, 3], [""리사"", 462, 58, 0], [""3801354402555"", 455, 34, 197], [""이름"", 495, 48, 14], [""안전관리인증"", 528, 23, 235], [""HACCP"", 547, 24, 235], [""2027.07.22"", 716, 39, 203], [""까지"", 756, 43, 246]]"
000543,2020,09,01,2020-09-01,clahe,"도육주의 는 물에 넣고 3분간데워드세요. | 면,갈국수면,우동면 사리 등과 함께 짜장면으로도 세용 | E214-383号星358-7 유내돼시고기,신고기조기류함유 | 시중구충무로장재질내면-폴리프로필렌 | 땅콩 어,게,새우,복숭아,토마토,아항 | 거,교환 또는 보상 가능 | 있으니 주의·포장재 변형,평상,손상 시섭주 | 에주의·직사광선 피해 실온보관·개봉 | 180g150kcal | %당류8g8% | 0.7-g50k | 량에따라 다를? 880100520025 | 2026.00. | OTHER C1 09.20","[[""도육주의"", 27, 24, 2], [""는 물에 넣고 3분간데워드세요."", 40, 60, 0], [""세용"", 86, 31, 421], [""면,갈국수면,우동면 사리 등과 함께 짜장면으로도"", 98, 90, 0], [""유내돼시고기,신고기조기류함유"", 256, 77, 0], [""E214-383号星358-7"", 290, 66, 0], [""시중구충무로장재질내면-폴리프로필렌"", 327, 62, 0], [""어,게,새우,복숭아,토마토,아항"", 364, 41, 93], [""땅콩"", 368, 33, 43], [""거,교환 또는 보상 가능"", 396, 35, 107], [""있으니 주의·포장재 변형,평상,손상 시섭주"", 429, 38, 67], [""에주의·직사광선 피해 실온보관·개봉"", 463, 38, 32], [""180g150kcal"", 546, 35, 3], [""%당류8g8%"", 580, 35, 0], [""0.7-g50k"", 613, 38, 1], [""880100520025"", 668, 50, 219], [""량에따라 다를?"", 676, 13, 24], [""2026.00."", 763, 46, 152], [""OTHER"", 812, 41, 7], [""C1 09.20"", 805, 56, 179]]"
000544,2029,06,02,2029-06-02,erode5,1wt ka the | atkin noa | J 2029.06.2 | 나어,"[[""1wt ka the"", 326, 157, 362], [""atkin noa"", 386, 243, 0], [""J"", 536, 23, 244], [""2029.06.2"", 560, 66, 102], [""나어"", 650, 191, 46]]"
000545,2027,07,09,2027-07-09,s1,"브랜드로 | 양조간장 | 식품유형 표시 | 간장 에틸렌테레꿀탈러이트 | SDYSAUCE | 대두,밀함유 | 프라일 | 139 | 간장 영양정보 500mL/100mL76kcl | Prime 0g0% 트랜스지방 0g 포화지방0g0% | wed Soy Sauce 量0mg0%6g11% | 카시아꿀 함유 므로 개인의 필요 열량에 따라 다를 수 있습니다. | 500ml 품질유지기한: | 2027.07.09","[[""브랜드로"", 21, 45, 493], [""양조간장"", 48, 34, 325], [""간장"", 110, 104, 0], [""식품유형"", 62, 48, 220], [""표시"", 82, 30, 398], [""SDYSAUCE"", 144, 40, 0], [""에틸렌테레꿀탈러이트"", 119, 79, 179], [""대두,밀함유"", 192, 63, 455], [""프라일"", 244, 105, 9], [""139"", 332, 61, 159], [""간장"", 395, 72, 0], [""500mL/100mL76kcl"", 379, 51, 242], [""영양정보"", 387, 36, 160], [""Prime"", 442, 36, 0], [""트랜스지방 0g"", 444, 35, 243], [""0g0%"", 448, 33, 154], [""포화지방0g0%"", 448, 39, 410], [""wed Soy Sauce"", 469, 36, 0], [""量0mg0%6g11%"", 478, 34, 152], [""카시아꿀 함유"", 534, 36, 1], [""므로 개인의 필요 열량에 따라 다를 수 있습니다."", 538, 39, 153], [""품질유지기한:"", 578, 41, 176], [""500ml"", 588, 37, 40], [""2027.07.09"", 628, 41, 302]]"
000546,2026,08,10,2026-08-10,s1,"198504991103 | ：（（（70.8%，29.2%） | 제주,청정원순창발효메주된장,메주된장(메주,정제소금/중국산),정제수,쇠고기 | 사태역기스(최고기호주산),정제소금(국산),청양고가루,주정,대파농축액,마늘농축 | 대상주)순청공장:전북특별자치도순창군순창읍 순창로30·오내등수록색이 진해질수 | 소중한자원,까한 환경 101399 C皇.全拉F1242 | ·제조일: 2025.08.11 | 소비기한: 2026.08.10 까지 소비자중심","[[""198504991103"", 428, 43, 248], [""：（（（70.8%，29.2%）"", 448, 44, 226], [""제주,청정원순창발효메주된장,메주된장(메주,정제소금/중국산),정제수,쇠고기"", 468, 47, 212], [""사태역기스(최고기호주산),정제소금(국산),청양고가루,주정,대파농축액,마늘농축"", 487, 48, 191], [""대상주)순청공장:전북특별자치도순창군순창읍 순창로30·오내등수록색이 진해질수"", 546, 45, 189], [""101399"", 634, 33, 189], [""C皇.全拉F1242"", 641, 34, 380], [""소중한자원,까한 환경"", 655, 28, 190], [""·제조일:"", 691, 32, 189], [""2025.08.11"", 691, 39, 292], [""소비자중심"", 711, 24, 565], [""소비기한:"", 732, 33, 188], [""2026.08.10"", 739, 36, 293], [""까지"", 730, 33, 526]]"
000547,2026,05,28,2026-05-28,s1,2026.05.28 13:57 | MA5 | 제품명 궁중식 쇠고기볶음고추장 | 식품의 유형 혼합장(살균제품) | 소비기한 후면 상단표기일까지 | 업소명 및 씨제이제일제당(주)충청남도 논산시 | 소재지 1 | 품목보고번호 20020464088-190 | 반품 및 교환장소 전국 판매점 또는 대리점 | 장재질(내면) 파우치/캡-폴리에틸렌,"[[""2026.05.28"", 392, 68, 68], [""13:57"", 373, 36, 375], [""MA5"", 581, 41, 16], [""제품명"", 640, 44, 72], [""궁중식 쇠고기볶음고추장"", 650, 51, 209], [""식품의 유형"", 685, 42, 48], [""혼합장(살균제품)"", 692, 47, 208], [""소비기한"", 731, 43, 59], [""후면 상단표기일까지"", 735, 46, 205], [""업소명 및"", 778, 47, 57], [""씨제이제일제당(주)충청남도 논산시"", 778, 50, 199], [""소재지"", 816, 41, 62], [""1"", 813, 46, 198], [""품목보고번호"", 861, 45, 32], [""20020464088-190"", 856, 35, 198], [""반품 및 교환장소"", 908, 52, 20], [""전국 판매점 또는 대리점"", 900, 42, 194], [""장재질(내면)"", 946, 27, 32], [""파우치/캡-폴리에틸렌"", 942, 35, 191]]"
000548,2026,05,26,2026-05-26,s1,NB4 | 2026.05.26 11:29 | 소비기한: | 조류오장에 혼입 기능·소비자분해결기준에 의거 | 방가·제이제일당(주)충청남도논산시 우색페트 | P李2216 | ·사용후 포장재 분리 | 품목보고번호 | 18248-190 8801007303819,"[[""NB4"", 422, 39, 446], [""2026.05.26"", 442, 50, 201], [""소비기한:"", 449, 38, 137], [""11:29"", 454, 35, 435], [""조류오장에 혼입 기능·소비자분해결기준에 의거"", 618, 46, 95], [""방가·제이제일당(주)충청남도논산시"", 641, 53, 90], [""P李2216"", 657, 42, 92], [""·사용후 포장재 분리"", 678, 41, 91], [""우색페트"", 666, 30, 501], [""품목보고번호"", 698, 41, 90], [""18248-190"", 722, 43, 99], [""8801007303819"", 751, 50, 171]]"
000549,2027,01,16,2027-01-16,s2,"샘표 | 전문 그대로 백숙 상계당 | 냉비에닭/2~.4k용, | (백숙용 한아리 아 상계닭 루아리) | 새미네육수팩,물노.5L를 | 넣고 강불에서 깊이기 맛있는 국물을활용하여 | 칼국수나 누등지죽으로도 | 판판 깊으면 뚜껑을 닫고 즐겨보세요! | 약불로 줄여 45분 깊이면 오R코드를 화왜 자세한는 | 맛있는 백숙/상계탕 완성! 확인 해보세요 백숙/상계타 메시미를 | 소비기한 | 2027.01.16A 09142 | 까지 OTHER | （）199104450779630 | 정제수,백숙용소스(진간장(탈지대두(외국산),설탕,쌍화농축액(작약(국산),천국,당귀,통기 | 중국산),양파분말 대두,밀,닭고기 함유 | 平E号82号 105H2 70 | 매업소생표식품주식회사/서울특별시 중구충무로2포장재질 폴리프로필렌(내면) 소비자중식 | HACCP | 영양정보 에의거,교환등보상을받으실 수있습니다. www.sempio.com | 4100g 고객지원실(요금은 콤표가 부담니 | 60 kcal | 5异8g8%0g0% | 트랜스지방 09","[[""샘표"", 12, 24, 162], [""그대로 백숙 상계당"", 76, 54, 207], [""전문"", 82, 33, 115], [""냉비에닭/2~.4k용,"", 184, 46, 249], [""(백숙용 한아리 아 상계닭 루아리)"", 212, 35, 249], [""새미네육수팩,물노.5L를"", 244, 35, 248], [""넣고 강불에서 깊이기"", 278, 35, 247], [""맛있는 국물을활용하여"", 273, 38, 501], [""칼국수나 누등지죽으로도"", 300, 37, 503], [""판판 깊으면 뚜껑을 닫고"", 330, 38, 244], [""즐겨보세요!"", 325, 32, 543], [""약불로 줄여 45분 깊이면"", 366, 35, 243], [""오R코드를 화왜 자세한는"", 377, 32, 561], [""맛있는 백숙/상계탕 완성!"", 402, 34, 243], [""백숙/상계타 메시미를"", 395, 28, 562], [""확인 해보세요"", 410, 24, 560], [""소비기한"", 452, 22, 91], [""까지"", 523, 24, 532], [""OTHER"", 523, 22, 606], [""중국산),양파분말 대두,밀,닭고기 함유"", 611, 38, 124], [""平E号82号 105H2 70"", 636, 45, 116], [""소비자중식"", 667, 24, 600], [""에의거,교환등보상을받으실 수있습니다."", 776, 66, 75], [""영양정보"", 802, 61, 72], [""www.sempio.com"", 786, 31, 479], [""4100g"", 819, 30, 325], [""고객지원실(요금은 콤표가 부담니"", 814, 27, 435], [""60 kcal"", 841, 28, 369], [""5异8g8%0g0%"", 873, 64, 81], [""트랜스지방 09"", 891, 29, 273], [""2027.01.16A 09142"", 488, 35, 155], [""（）199104450779630"", 543, 28, 111], [""정제수,백숙용소스(진간장(탈지대두(외국산),설탕,쌍화농축액(작약(국산),천국,당귀,통기"", 569, 40, 118], [""매업소생표식품주식회사/서울특별시 중구충무로2포장재질 폴리프로필렌(내면)"", 658, 37, 121], [""HACCP"", 736, 23, 601]]"
000550,2026,05,29,2026-05-29,s1,330 | 영양정보 100g155kcal | 1일 영양성분 총 내용량당 1일 영양성분 | 내용량당 기준치에대한 비율 기준치에 대한 비율 | DE看4581.4mg229% 지방 4g | 个时量24.8g 8% 트랜스지방0g | 2.3g 2% 포화지방 1.4g | 레스테롤20mg 7% 단백질5g 9% | 캡:철 | 라벨:PP 88092985814664 | 소비기한 | 2026.05.29(B) | 까지,"[[""330"", 121, 58, 327], [""100g155kcal"", 144, 61, 298], [""영양정보"", 148, 71, 155], [""1일 영양성분"", 170, 34, 218], [""총 내용량당"", 174, 31, 297], [""1일 영양성분"", 176, 39, 390], [""기준치에 대한 비율"", 192, 45, 362], [""내용량당 기준치에대한 비율"", 194, 57, 157], [""지방 4g"", 212, 37, 300], [""DE看4581.4mg229%"", 225, 68, 156], [""트랜스지방0g"", 248, 42, 313], [""8%"", 249, 28, 264], [""个时量24.8g"", 264, 49, 157], [""2%"", 284, 30, 265], [""포화지방 1.4g"", 283, 44, 314], [""2.3g"", 300, 43, 160], [""7%"", 320, 27, 267], [""단백질5g"", 317, 38, 301], [""레스테롤20mg"", 330, 49, 157], [""9%"", 326, 22, 442], [""캡:철"", 484, 25, 215], [""라벨:PP"", 503, 24, 211], [""88092985814664"", 512, 30, 277], [""소비기한"", 582, 36, 163], [""2026.05.29(B)"", 640, 45, 210], [""까지"", 674, 33, 435]]"
000551,2026,12,19,2026-12-19,s1,"알려진 알로어 | 가법고생기있는하루위해 식가전후가법게 Fre 의보존성을위해 | 운동 전후에너지충전을위하 다. | 향 또는 손상 | 지 마십시오. | 됩니다. 온직사광선을 피해 실 | 라일 고콜리 드시기 바랍 보편하시고 개봉후반드 | 안심하고 드셔도 됩니다. 제품은 소비자 분쟁해 | 보상: 분으로인해 | ·부정불량식품 신고는 식물이 생길 수 이나 | 011399 어0므로 잘 은 | 고객상담실 판매처및 고객행 | D80-019-9119（） Y량 식품 신고는 국 | 소비자중심 | 내법1DFE,의랍F,레발DTFER | https://ww.daesang.com | htps//ww.jungoneshop.com | 2026.12.19 16:00 까지 CHDPE | 1G3","[[""알려진 알로어"", 20, 39, 126], [""식가전후가법게"", 88, 49, 280], [""Fre"", 80, 23, 566], [""가법고생기있는하루위해"", 92, 69, 111], [""의보존성을위해"", 86, 74, 599], [""운동 전후에너지충전을위하"", 126, 69, 112], [""다."", 126, 23, 613], [""향 또는 손상"", 143, 73, 597], [""지 마십시오."", 179, 58, 588], [""온직사광선을 피해 실"", 202, 59, 580], [""라일"", 264, 77, 10], [""됩니다."", 233, 40, 116], [""보편하시고 개봉후반드"", 231, 54, 577], [""고콜리 드시기 바랍"", 260, 49, 577], [""제품은 소비자 분쟁해"", 287, 42, 578], [""안심하고 드셔도 됩니다."", 298, 45, 123], [""분으로인해"", 341, 38, 599], [""보상:"", 357, 30, 126], [""식물이 생길 수"", 364, 49, 559], [""어0므로 잘"", 390, 60, 565], [""이나"", 371, 40, 651], [""·부정불량식품 신고는"", 375, 40, 123], [""011399"", 402, 31, 127], [""판매처및 고객행"", 423, 56, 572], [""은"", 400, 22, 647], [""고객상담실"", 440, 29, 172], [""Y량 식품 신고는 국"", 450, 61, 567], [""D80-019-9119（）"", 468, 29, 131], [""소비자중심"", 533, 24, 190], [""내법1DFE,의랍F,레발DTFER"", 564, 23, 264], [""https://ww.daesang.com"", 592, 28, 212], [""htps//ww.jungoneshop.com"", 610, 34, 214], [""2026.12.19 16:00"", 702, 57, 147], [""CHDPE"", 696, 40, 616], [""까지"", 711, 26, 415], [""1G3"", 740, 31, 610]]"
000552,2026,09,07,2026-09-07,s1,"조리용순가락을구분하여사용하십시오 | hows/ww.daesang.com 분리수거를 생활화합시다. | htos/wwjungoneshop.com 소중한자원,곳한 환경 G12507 | 2026.09.07 | 09:14/15","[[""조리용순가락을구분하여사용하십시오"", 540, 52, 76], [""hows/ww.daesang.com"", 577, 28, 103], [""분리수거를 생활화합시다."", 574, 29, 258], [""소중한자원,곳한 환경"", 599, 30, 258], [""G12507"", 592, 31, 400], [""htos/wwjungoneshop.com"", 597, 26, 104], [""2026.09.07"", 638, 46, 170], [""09:14/15"", 678, 40, 200]]"
000553,2028,10,24,2028-10-24,s1,"식품유형 천연향신료(건조제품) | ·제조업소:(취신영에프에스 | 업소명 및 | 소재지 ·유통전문판매업소:롯데쇼평(주) | 是至81（189-3 | 원재료명 월 100 | 포장재질(내면) 꿀에틸 | 소비기한 면하단 포시일까지 | 품목보고번호 201903878548 | 반품 및 교환장소 구입처및판개일 | 닭고가,쇠고기,오징어,조개류,잣 혼입2는성기 있습니다. | 소비기한 | 2028.10.24 8809258659402 | 까지OTHER","[[""천연향신료(건조제품)"", 52, 43, 320], [""식품유형"", 53, 42, 201], [""·제조업소:(취신영에프에스"", 90, 38, 324], [""업소명 및"", 118, 38, 198], [""·유통전문판매업소:롯데쇼평(주)"", 145, 46, 327], [""소재지"", 146, 35, 210], [""是至81（189-3"", 180, 73, 356], [""100"", 218, 47, 363], [""원재료명"", 220, 37, 205], [""월"", 216, 27, 328], [""포장재질(내면)"", 264, 41, 180], [""꿀에틸"", 260, 34, 327], [""소비기한"", 308, 43, 205], [""면하단"", 304, 31, 340], [""포시일까지"", 306, 36, 411], [""품목보고번호"", 352, 43, 191], [""201903878548"", 349, 26, 336], [""구입처및판개일"", 393, 44, 337], [""반품 및 교환장소"", 400, 39, 182], [""닭고가,쇠고기,오징어,조개류,잣 혼입2는성기 있습니다."", 556, 61, 192], [""소비기한"", 634, 31, 113], [""2028.10.24"", 659, 60, 198], [""8809258659402"", 653, 62, 563], [""까지OTHER"", 682, 43, 440]]"
000554,2027,09,17,2027-09-17,s1,2027.09.17 B | 품정 | GOOOTGGAY,"[[""2027.09.17 B"", 425, 54, 163], [""품정"", 503, 36, 519], [""GOOOTGGAY"", 901, 34, 555]]"
000555,2027,04,16,2027-04-16,s1,CopkingTi | 각종2리이사동하시면다늘 | 고유의풍미를피십수있습니다. | 유리 | 외캡:P/리드지OTHER | 과벨:PP | 수속필류:OPS | 소비기한 | 2027.04.16,"[[""CopkingTi"", 254, 40, 206], [""각종2리이사동하시면다늘"", 287, 36, 207], [""고유의풍미를피십수있습니다."", 313, 34, 208], [""유리"", 410, 34, 363], [""외캡:P/리드지OTHER"", 460, 33, 332], [""과벨:PP"", 485, 32, 362], [""수속필류:OPS"", 510, 33, 353], [""소비기한"", 584, 38, 223], [""2027.04.16"", 622, 45, 245]]"
000556,2026,08,07,2026-08-07,s1,2026.08.07 | 움트리,"[[""2026.08.07"", 408, 46, 185], [""움트리"", 610, 99, 188]]"
000557,2026,08,12,2026-08-12,s1,"보세요 | 1.500g号280~300m | 정도 숙성시컵니다. | 2.갈 숙성된 반죽을 조금씩 뚜어 않게 평준 후 | 꿀는 육수에 넣어 10분간 꿀이면 맛있는 | 수제비 반죽 및 요리방법 수제비가완성됩니다.기호에 따라 호박, | 환성 (4~5인분) 감자 등 야채를 넣어 꿀이면 더욱 좋습니다. | 를 만드실 수있습니다. | 소비기한: FA2 | 길66 2026.08.12 F1 | 1233279 11:46A4 | 까지 | 있는장소 | 정세오 750g | 100gg345kcal | 영양정보 | OTHER | 125398","[[""보세요"", 31, 64, 96], [""1.500g号280~300m"", 123, 66, 278], [""정도 숙성시컵니다."", 174, 35, 291], [""2.갈 숙성된 반죽을 조금씩 뚜어 않게 평준 후"", 206, 48, 276], [""꿀는 육수에 넣어 10분간 꿀이면 맛있는"", 232, 49, 293], [""수제비 반죽 및 요리방법"", 242, 36, 97], [""수제비가완성됩니다.기호에 따라 호박,"", 257, 49, 295], [""환성"", 256, 27, 38], [""(4~5인분)"", 267, 36, 147], [""감자 등 야채를 넣어 꿀이면 더욱 좋습니다."", 281, 51, 296], [""를 만드실 수있습니다."", 318, 35, 38], [""소비기한:"", 386, 43, 153], [""FA2"", 404, 41, 480], [""길66"", 466, 27, 77], [""2026.08.12 F1"", 473, 56, 238], [""1233279"", 496, 33, 83], [""11:46A4"", 508, 48, 283], [""있는장소"", 555, 36, 105], [""까지"", 558, 36, 479], [""정세오"", 594, 26, 121], [""750g"", 612, 48, 456], [""영양정보"", 663, 52, 183], [""100gg345kcal"", 639, 56, 446], [""OTHER"", 900, 40, 498], [""125398"", 923, 34, 372]]"
000558,2025,05,16,2025-05-16,s1,"500g | 용기(포장)재질 용기폴리에틸 테레프탈 | 껑폴리프로 렌,폴리에 | ·보관시 주의사항 직사광선을 피해 실온에보관하 | 2꿀은 처온이나 온도변화에의결정이 생길 | 나 이는 벌꿀 내당 의과포화로일 나는자연스 | 상으로 품질에는 이 없습니다.3 화된꿀은 | 물에용기패로중여자연스럽게 이면 됩니 | 号：033-735760 | 엄격검사를필한지입니다. | 은공정거래위회고시 소비자 분쟁해결개준에 | ·부정 불량식품 신고 01399 | 소분일 | 2Q25.05.16 | 플라스틱 | PET | 내법:PP외캡:LDPE | 8809017627505 라벨:P/재활용어려움","[[""500g"", 12, 24, 247], [""용기폴리에틸"", 37, 32, 253], [""테레프탈"", 46, 41, 342], [""용기(포장)재질"", 56, 44, 131], [""껑폴리프로"", 63, 26, 257], [""렌,폴리에"", 74, 36, 359], [""직사광선을 피해"", 90, 33, 258], [""·보관시 주의사항"", 95, 42, 134], [""실온에보관하"", 100, 43, 349], [""온도변화에의결정이 생길"", 123, 56, 261], [""2꿀은 처온이나"", 122, 37, 140], [""의과포화로일 나는자연스"", 147, 52, 243], [""나 이는 벌꿀 내당"", 148, 40, 139], [""없습니다.3"", 171, 34, 278], [""상으로 품질에는 이"", 174, 37, 139], [""화된꿀은"", 180, 44, 347], [""물에용기패로중여자연스럽게"", 201, 42, 141], [""이면 됩니"", 206, 47, 347], [""号：033-735760"", 256, 45, 131], [""엄격검사를필한지입니다."", 314, 50, 130], [""은공정거래위회고시 소비자 분쟁해결개준에"", 344, 52, 178], [""·부정"", 401, 30, 131], [""불량식품 신고"", 400, 30, 176], [""01399"", 401, 36, 309], [""소분일"", 476, 33, 117], [""2Q25.05.16"", 525, 60, 126], [""플라스틱"", 598, 33, 435], [""PET"", 652, 40, 431], [""내법:PP외캡:LDPE"", 682, 42, 404], [""8809017627505"", 709, 32, 95], [""라벨:P/재활용어려움"", 708, 41, 401]]"
000559,2027,04,21,2027-04-21,s1,2027.04-21,"[[""2027.04-21"", 462, 44, 98]]"
000560,2027,07,13,2027-07-13,s1,"코코넷오일(인도네시아신 | 원재료명 필리핀산),함유],카제인, | 제이인산칼륨,제삼인산칼순 | 폴리인산칼륨,유화제1, | 유화제2 우유 함유 | 포장재질 폴리에틸렌 | 동서식품(주)경상남도 | 제조원 창원시 의창구 반계로 40 | 품목보고번호 19860589043-12 | 소비기한 | 2027.07.13 15:26 | 창원C1 장주영 까지 | ·맛과 향미를 오래 보존하고 흡습을 | 방지하기 위해서 병에 올겨 담아 | 사용하십시오. | ·직사광선을 피하시고 건조한 실온에 | 보관하십시오. | ·유통과정에서 변질된 제품은 대리점 | 또는 지점에서 교환하여 드립니다. | ·이 제품은 소비자기본법에 따른 | 손비자분쟁해결기준에 따라 피해를 | 보상해 드립니다.","[[""코코넷오일(인도네시아신"", 24, 39, 197], [""필리핀산),함유],카제인,"", 67, 38, 200], [""원재료명"", 89, 46, 48], [""제이인산칼륨,제삼인산칼순"", 110, 37, 201], [""폴리인산칼륨,유화제1,"", 152, 39, 202], [""유화제2"", 196, 41, 202], [""우유 함유"", 193, 40, 313], [""포장재질"", 244, 38, 62], [""폴리에틸렌"", 242, 39, 205], [""동서식품(주)경상남도"", 292, 39, 209], [""제조원"", 314, 38, 78], [""창원시 의창구 반계로 40"", 330, 38, 209], [""품목보고번호"", 381, 36, 71], [""19860589043-12"", 380, 35, 256], [""소비기한"", 426, 37, 258], [""2027.07.13 15:26"", 501, 49, 140], [""창원C1"", 552, 46, 211], [""장주영"", 557, 48, 349], [""까지"", 572, 37, 499], [""·맛과 향미를 오래 보존하고 흡습을"", 632, 40, 99], [""방지하기 위해서 병에 올겨 담아"", 666, 42, 113], [""사용하십시오."", 696, 32, 118], [""·직사광선을 피하시고 건조한 실온에"", 730, 48, 105], [""보관하십시오."", 760, 37, 123], [""·유통과정에서 변질된 제품은 대리점"", 794, 39, 112], [""또는 지점에서 교환하여 드립니다."", 824, 41, 124], [""·이 제품은 소비자기본법에 따른"", 855, 46, 114], [""손비자분쟁해결기준에 따라 피해를"", 884, 39, 132], [""보상해 드립니다."", 912, 36, 133]]"
000561,2028,08,07,2028-08-07,s1,"·포정개질:리드페틸반-조고 | 라이네(폴리메틸렌)·Vaxim오리지날 | 1.1 | 100 | 프리마를 넣어 드세요.·품질보존을 위하여 사용 | 후 뚜껑을 닫아 건조하고 직사광선을 피한 실온에 | 보관하세요.·유통과정에서 변질된 제품은 구입처 | 지점 및 대리점에서 교환하여 드립니다.·이 제품은 | 소비자기본법에 따른 소비재분정해결 기준에 따라 | 피해를 보상해 드립니다.·부정,불량식품 신고는 | 11399080-023-9114 | MAXIM은 몬렐리즈 인터내서널 그름의 상표이며 | 라이선스 하에 사용됩니다.·질소충전 | 소비기한 2028.08.0711:46 | 유혜원인천 B | 까지 | 유리 | 뚜껑:PP 8801037000382 | /서/식/www.dongsuh.co.kr","[[""·포정개질:리드페틸반-조고"", 20, 41, 80], [""라이네(폴리메틸렌)·Vaxim오리지날"", 54, 70, 81], [""1.1"", 101, 68, 89], [""100"", 146, 66, 96], [""프리마를 넣어 드세요.·품질보존을 위하여 사용"", 193, 65, 96], [""후 뚜껑을 닫아 건조하고 직사광선을 피한 실온에"", 236, 64, 101], [""보관하세요.·유통과정에서 변질된 제품은 구입처"", 280, 62, 108], [""지점 및 대리점에서 교환하여 드립니다.·이 제품은"", 322, 56, 115], [""소비자기본법에 따른 소비재분정해결 기준에 따라"", 363, 58, 119], [""피해를 보상해 드립니다.·부정,불량식품 신고는"", 402, 53, 125], [""11399080-023-9114"", 441, 50, 133], [""MAXIM은 몬렐리즈 인터내서널 그름의 상표이며"", 478, 53, 139], [""라이선스 하에 사용됩니다.·질소충전"", 515, 50, 143], [""소비기한"", 565, 36, 157], [""2028.08.0711:46"", 576, 49, 186], [""유혜원인천 B"", 612, 48, 261], [""까지"", 626, 37, 458], [""유리"", 721, 28, 215], [""뚜껑:PP"", 760, 23, 204], [""8801037000382"", 746, 28, 306], [""/서/식/www.dongsuh.co.kr"", 782, 36, 195]]"
000562,2025,12,30,2025-12-30,s1,"BRAZIL CERRADC | BRAZIL 고소한 너트류의 플레이버와 맛을 | 즐기실 수 있습니다. | 2001 e2001 | 이디야 커피연구소의 연구개발 | made by 이디야 드림팩토리 | 고객남께 제공합니다. | 기한 속빛 2025.12.30 까지 | 13:36 | 05起/200G 10,100","[[""BRAZIL CERRADC"", 29, 62, 277], [""BRAZIL"", 117, 26, 162], [""고소한 너트류의 플레이버와 맛을"", 118, 67, 282], [""즐기실 수 있습니다."", 150, 49, 286], [""2001"", 293, 25, 125], [""e2001"", 280, 51, 212], [""이디야 커피연구소의 연구개발"", 370, 31, 209], [""made by 이디야 드림팩토리"", 469, 22, 205], [""고객남께 제공합니다."", 535, 27, 199], [""속빛"", 622, 40, 106], [""2025.12.30"", 624, 36, 321], [""까지"", 619, 32, 550], [""기한"", 642, 37, 105], [""13:36"", 656, 33, 319], [""10,100"", 855, 130, 300], [""05起/200G"", 846, 56, 182]]"
000563,2026,01,10,2026-01-10,s1,26.01.10 | 마,"[[""26.01.10"", 454, 52, 244], [""마"", 830, 33, 626]]"
000564,2026,06,25,2026-06-25,s1,소비기한 | 2026.06.25F01,"[[""소비기한"", 382, 30, 111], [""2026.06.25F01"", 460, 43, 254]]"
000565,2025,12,05,2025-12-05,s1,냉장보관/소비기한 | 2025.12.05  | 15:46 F0608 | BKb | 새껑 좋짓 탱글 면발과 | 좋면 과일 특제 양념장,"[[""냉장보관/소비기한"", 216, 73, 236], [""2025.12.05 "", 288, 73, 254], [""15:46 F0608"", 326, 65, 256], [""BKb"", 385, 34, 212], [""좋짓 탱글 면발과"", 444, 79, 218], [""새껑"", 492, 134, 3], [""과일 특제 양념장"", 502, 87, 220], [""좋면"", 688, 377, 0]]"
000566,2026,09,17,2026-09-17,s1,오든에구분 | 2026.09.17X | 오는에 구운 | 고구마탈랭이 | sweet porato | 고구마말라랜,"[[""오든에구분"", 325, 52, 397], [""2026.09.17X"", 438, 83, 91], [""오는에 구운"", 636, 117, 194], [""고구마탈랭이"", 741, 251, 34], [""sweet porato"", 830, 97, 196], [""고구마말라랜"", 918, 91, 120]]"
000567,2025,10,29,2025-10-29,s1,25.10.29 까지 | 08:11D | THE 건강한 | 틸비엔나 | 280g | X2 | 특별기획,"[[""25.10.29"", 218, 36, 264], [""까지"", 214, 21, 439], [""건강한"", 368, 287, 0], [""08:11D"", 238, 27, 286], [""THE"", 431, 46, 3], [""틸비엔나"", 526, 98, 3], [""280g"", 642, 55, 476], [""X2"", 700, 80, 474], [""특별기획"", 772, 49, 463]]"
000568,2026,02,23,2026-02-23,s1,"유향유 19760263004135 | 21021-15 | ：·0-10℃·9卫 | 없으므로 잘흔들어 드시기 바랍니다.향상 냉 | ·용기가 변형,평장,손상되었을 경우 내용물이 번 | 젤되었을 가능성이 높으므로 음용하지 마십시오 | ·이 제품은 알류,메밀,땅콩,대두,밀,복숭아,토 | 마토,호두,돼지고기,쇠고기를 사용한 제품과 같 | 은 제조시설에서 제조하고 있습니다 | 2026.02.23 | 21116100 3D","[[""19760263004135"", 315, 44, 162], [""유향유"", 328, 33, 68], [""21021-15"", 402, 48, 67], [""：·0-10℃·9卫"", 430, 44, 74], [""없으므로 잘흔들어 드시기 바랍니다.향상 냉"", 480, 32, 88], [""·용기가 변형,평장,손상되었을 경우 내용물이 번"", 532, 36, 80], [""젤되었을 가능성이 높으므로 음용하지 마십시오"", 558, 32, 79], [""·이 제품은 알류,메밀,땅콩,대두,밀,복숭아,토"", 588, 26, 83], [""마토,호두,돼지고기,쇠고기를 사용한 제품과 같"", 616, 30, 83], [""은 제조시설에서 제조하고 있습니다"", 644, 26, 88], [""2026.02.23"", 700, 35, 140], [""21116100 3D"", 724, 33, 140]]"
000569,2025,11,02,2025-11-02,s1,2025.11.02弄 | 13148,"[[""2025.11.02弄"", 476, 32, 117], [""13148"", 505, 32, 120]]"
000570,2026,05,20,2026-05-20,s1,2026.05.20까지A명A | 영양명 | OS | D0행지 | 05,"[[""2026.05.20까지A명A"", 273, 78, 218], [""영양명"", 480, 48, 181], [""OS"", 518, 44, 179], [""D0행지"", 546, 41, 184], [""05"", 570, 20, 218]]"
000571,NONE,10,18,NONE-10-18,s1,10ml100/130 | 10.18 11:24 | 까지F5.L2 | 가장많이 연구 | 세계 | NO.1 | Maeil | 바이오 | PROBIOTIC | 1 림요거,"[[""10ml100/130"", 25, 42, 410], [""10.18 11:24"", 264, 65, 214], [""까지F5.L2"", 304, 60, 210], [""가장많이 연구"", 433, 44, 625], [""세계"", 457, 38, 647], [""NO.1"", 488, 63, 621], [""Maeil"", 517, 43, 345], [""바이오"", 594, 93, 213], [""PROBIOTIC"", 663, 38, 241], [""1"", 844, 104, 87], [""림요거"", 867, 135, 188]]"
000572,NONE,10,15,NONE-10-15,s1,영양정보 | LI三云 115 mg 6 % 탄수화물89 | 7014% 트랜스지방 0.5g 미는 | 배지6g1 | 人31mg10% | 다를 수있습니다. | 홈페이지:www.foodis.com | ILDONG 일동후디스 | 10.1513:56,"[[""영양정보"", 80, 93, 127], [""탄수화물89"", 111, 80, 541], [""LI三云 115 mg 6 %"", 148, 79, 128], [""트랜스지방 0.5g 미는"", 182, 98, 436], [""7014%"", 210, 53, 212], [""배지6g1"", 228, 44, 574], [""人31mg10%"", 282, 79, 125], [""다를 수있습니다."", 384, 53, 125], [""홈페이지:www.foodis.com"", 441, 102, 206], [""ILDONG 일동후디스"", 522, 93, 116], [""10.1513:56"", 622, 105, 59]]"
000573,NONE,NONE,NONE,NONE,fail,국 gx4컵 개입 전을에 | (0.OT-0) | 어어로요 관가형 스어어내요 | 냉장보관 320 g (288kcal / 80g×4) 오늘 하루 으거트 함식 ts 2Z:O1 오늘 하루 요거트 한스준 오늘 하루 요거트 한스분 오늘 하루 요거트 한스분 오늘 하루 요거트 한스분 속비 속비 기한 한 10.2粥 10.22M 10.22 10.2 10.2 Peach Yogurt 복숭아 오늘 하루 요거트 한스준 | 좋은 좋은 좋은 좋은 음볼 오통 오는 오통 오는 EY 떠먹는 요거트 떠먹는 요거트 떠먹는 요거트 떠먹는 요거트 떠먹는 요거트 떠먹는 요거트 | GOODTODAY GOOD TODAY GOOD TODAY GOODTDOAY %0.002% 복숭아 복숭아 복숭아 복숭아 복숭아 L여국아기 오늘 하루 요거트 한스분 소비 기한 기한 10.2M | 음류 Peach Yogurt Peach Yogurt Peach Yogurt Poach Yogurt 표가한카여불우특어 10온j 떠먹는 요거트 10.22 | unbod yapad HNbo스 yaped 2 Sonal 소비 (0 OT~0)] 10.2 | GOODTODAY 오는 유산균 프로바이오틱스 8먹마리 복숭아 0우함 오늘 하루 요거트 한스분 기한 | 연출된예 Peach Yogurt JC L어글아기 떠먹는 요거트 음어 도 Xb | 오k 표거후 카여을우특어 | 좋은 MN ZC:OT 명 | GOOD TODAY 320 g (288 kcal/ 80 gx4) 320 g (288kcal/ 0gx42) 320g(288kcal/80gx42) 320g (288kcal/ 80g×4) 320g(288ked/80gX4) 복숭아 프로바이오틱스 프로바이오틱스 프로바이오틱스 프로바이오틱스 8억마리 8억마리 8억마리 8먹마리 8억마리 | 개입 개입 개입 개입 1 냉장보관 냉장보관 냉장보관 받부럼 베속마비볼프로부이오스0m2 6%，0.0142% 6%0.00142% 6%0.0012% 유산균 유산균 유산균 유산균 | gx4법 gx4 gx 4 gx4컵 (0~10℃) (0~10℃) (0~10℃) (0~10℃） | Peach Yogurt 연출된예 연출된 예 연출된 예 연출된 예 | 8억마리 | 320 g (288kcal /80gX4) 프로바이오틱스 | 개입 냉장보관 1 6%0.00142% 유산균 | gx4럽 (0~10℃) | 연출된 예 | 8억마리 | 320g(288kcal/80g×4) 프로바이오틱스 | 개입 냉장보관 유산균 | gx4럽 (0~10℃) %002% | 연출된 예,"[[""10.2"", 254, 41, 441], [""오늘 하루 요거트 한스분"", 278, 31, 149], [""오는"", 309, 56, 18], [""떠먹는 요거트"", 325, 64, 150], [""좋은"", 354, 59, 15], [""복숭아"", 394, 71, 146], [""Peach Yogurt"", 438, 25, 148], [""명"", 729, 24, 562], [""8억마리"", 768, 55, 522], [""320g (288kcal/ 80g×4)"", 800, 41, 137], [""프로바이오틱스"", 802, 26, 532], [""개입"", 826, 39, 37], [""유산균"", 822, 26, 558], [""냉장보관"", 838, 30, 180], [""6%0.00142%"", 843, 42, 270], [""gx4"", 857, 34, 35], [""(0~10℃)"", 860, 29, 181], [""연출된 예"", 874, 31, 602], [""GOOD TODAY"", 390, 23, 14], [""한"", 262, 48, 382], [""10.22M"", 254, 48, 430], [""오늘 하루 요거트 한스준"", 278, 35, 148], [""오통"", 310, 67, 13], [""떠먹는 요거트"", 324, 75, 145], [""좋은"", 348, 81, 7], [""복숭아"", 394, 79, 140], [""GOODTODAY"", 388, 19, 14], [""Peach Yogurt"", 438, 23, 149], [""8억마리"", 766, 57, 518], [""320 g (288kcal/ 0gx42)"", 800, 51, 131], [""프로바이오틱스"", 800, 27, 533], [""개입"", 826, 41, 38], [""유산균"", 822, 21, 564], [""냉장보관"", 838, 31, 179], [""6%0.0012%"", 843, 46, 269], [""gx4컵"", 857, 38, 34], [""(0~10℃)"", 860, 32, 179], [""연출된 예"", 874, 34, 600], [""gx4컵"", 70, 76, 83], [""개입"", 73, 73, 113], [""320 g (288kcal / 80g×4)"", 284, 294, 137], [""Peach Yogurt"", 204, 107, 510], [""복숭아"", 238, 183, 531], [""떠먹는 요거트"", 327, 355, 603], [""오늘 하루 요거트 한스준"", 260, 221, 668], [""냉장보관"", 216, 99, 105], [""%0.002%"", 390, 255, 98], [""기한"", 404, 31, 682], [""10.22"", 472, 72, 681], [""8먹마리"", 592, 143, 166], [""Sonal"", 521, 27, 687], [""2"", 536, 23, 689], [""프로바이오틱스"", 594, 116, 148], [""유산균"", 590, 56, 131], [""연출된예"", 638, 72, 74], [""스어어내요"", 128, 118, 788], [""ts"", 199, 18, 238], [""2Z:O1"", 248, 76, 234], [""L여국아기"", 394, 353, 291], [""EY"", 320, 25, 248], [""표가한카여불우특어"", 460, 221, 261], [""10온j"", 483, 183, 359], [""unbod yapad"", 516, 110, 429], [""(0 OT~0)]"", 500, 83, 846], [""JC"", 640, 55, 283], [""도"", 645, 70, 806], [""Xb"", 649, 72, 842], [""오k"", 682, 46, 285], [""국"", 86, 35, 45], [""(0.OT-0)"", 99, 31, 457], [""관가형"", 138, 25, 104], [""어어로요"", 158, 28, 67], [""HNbo스 yaped"", 521, 24, 458], [""0우함"", 566, 66, 393], [""L어글아기"", 636, 63, 218], [""음어"", 650, 61, 615], [""표거후 카여을우특어"", 682, 31, 354], [""MN ZC:OT"", 706, 44, 173], [""속비"", 255, 24, 386], [""10.2"", 254, 38, 442], [""기한"", 270, 25, 387], [""음볼"", 332, 123, 5], [""오늘 하루 요거트 한스분"", 278, 32, 150], [""떠먹는 요거트"", 325, 64, 149], [""복숭아"", 394, 73, 145], [""GOOD TODAY"", 389, 20, 16], [""Peach Yogurt"", 439, 26, 147], [""8억마리"", 768, 52, 522], [""320 g (288 kcal/ 80 gx4)"", 800, 41, 136], [""프로바이오틱스"", 802, 28, 531], [""개입"", 826, 39, 34], [""유산균"", 822, 29, 561], [""1"", 840, 20, 148], [""gx 4"", 858, 35, 35], [""(0~10℃）"", 860, 26, 180], [""연출된예"", 874, 31, 602], [""전을에"", 28, 25, 691], [""10.2M"", 370, 63, 639], [""소비"", 370, 33, 564], [""기한"", 394, 33, 564], [""음류"", 486, 172, 10], [""오늘 하루 요거트 한스분"", 406, 40, 220], [""떠먹는 요거트"", 474, 92, 220], [""복숭아"", 575, 98, 212], [""GOODTODAY"", 567, 31, 25], [""Peach Yogurt"", 640, 33, 219], [""8억마리"", 1118, 73, 765], [""320 g (288kcal /80gX4)"", 1166, 52, 201], [""프로바이오틱스"", 1169, 32, 779], [""개입"", 1205, 56, 52], [""유산균"", 1199, 38, 821], [""냉장보관"", 1222, 41, 263], [""1"", 1221, 26, 368], [""6%0.00142%"", 1230, 56, 391], [""gx4럽"", 1253, 50, 51], [""(0~10℃)"", 1254, 37, 266], [""연출된 예"", 1274, 39, 881], [""10.2"", 507, 82, 886], [""소비"", 506, 47, 771], [""기한"", 542, 43, 773], [""오늘 하루 요거트 한스분"", 556, 54, 302], [""오는"", 618, 103, 35], [""떠먹는 요거트"", 650, 140, 297], [""좋은"", 708, 114, 31], [""복숭아"", 786, 141, 292], [""GOOD TODAY"", 778, 33, 33], [""Peach Yogurt"", 878, 43, 301], [""8억마리"", 1532, 105, 1049], [""320g(288kcal/80g×4)"", 1600, 80, 276], [""프로바이오틱스"", 1604, 39, 1071], [""개입"", 1652, 70, 82], [""유산균"", 1644, 45, 1128], [""냉장보관"", 1674, 55, 359], [""%002%"", 1686, 71, 548], [""gx4럽"", 1716, 59, 74], [""(0~10℃)"", 1721, 46, 368], [""연출된 예"", 1748, 56, 1208], [""10.2粥"", 256, 55, 377], [""오늘 하루 으거트 함식"", 277, 35, 149], [""오는"", 310, 56, 16], [""떠먹는 요거트"", 325, 66, 150], [""좋은"", 353, 60, 15], [""복숭아"", 396, 77, 144], [""8억마리"", 767, 48, 525], [""320g(288ked/80gX4)"", 798, 37, 140], [""받부럼 베속마비볼프로부이오스0m2"", 847, 59, 144], [""10.22"", 254, 42, 441], [""속비"", 262, 36, 386], [""오늘 하루 요거트 한스분"", 277, 32, 149], [""GOODTDOAY"", 390, 19, 16], [""Poach Yogurt"", 438, 25, 148], [""8먹마리"", 768, 51, 523], [""320g(288kcal/80gx42)"", 800, 44, 136], [""프로바이오틱스"", 802, 27, 532], [""개입"", 826, 42, 37], [""유산균"", 822, 27, 562], [""냉장보관"", 838, 30, 181], [""6%，0.0142%"", 844, 45, 269], [""gx4법"", 858, 36, 34], [""(0~10℃)"", 860, 27, 183], [""연출된 예"", 874, 31, 603], [""오통"", 309, 58, 15], [""떠먹는 요거트"", 325, 64, 150], [""좋은"", 354, 59, 14], [""복숭아"", 394, 73, 145]]"
000574,2026,02,24,2026-02-24,s1,"130mL/95kcal 두껑:HDPE | 个站号24g7% 号15g15% | 지방0g 포화지방0g0% | 단백질0g0% | （%2,000kcal219 | 습니다. | 2026.02.24 | 209:26 ATAB","[[""130mL/95kcal"", 52, 106, 135], [""두껑:HDPE"", 17, 39, 573], [""号15g15%"", 121, 88, 365], [""个站号24g7%"", 122, 81, 0], [""포화지방0g0%"", 186, 67, 178], [""지방0g"", 196, 67, 0], [""단백질0g0%"", 261, 76, 18], [""（%2,000kcal219"", 330, 84, 0], [""습니다."", 383, 53, 0], [""2026.02.24"", 513, 100, 162], [""209:26"", 623, 91, 180], [""ATAB"", 623, 59, 525]]"
000575,NONE,10,14,NONE-10-14,up2x,10.14 13:48 | 00199 PJS | 인스명 | 품유형 우유 김고명 및소재지 | 내용량 750mL 유통기한 | 무항생제 1급A원유,"[[""10.14"", 726, 71, 467], [""13:48"", 740, 92, 747], [""00199"", 786, 78, 470], [""PJS"", 810, 95, 834], [""인스명"", 1518, 67, 1129], [""품유형"", 1567, 114, 742], [""우유"", 1573, 104, 969], [""김고명"", 1560, 55, 1137], [""및소재지"", 1630, 121, 1106], [""내용량"", 1740, 124, 744], [""750mL"", 1746, 97, 939], [""유통기한"", 1760, 114, 1122], [""무항생제 1급A원유"", 1867, 117, 940]]"
000576,2026,05,21,2026-05-21,s1,안심프로 적 | 2023.08.22 | 2026.05.21 | 생산담당 박순이 | 품무원,"[[""안심프로 적"", 314, 43, 273], [""2023.08.22"", 460, 58, 225], [""2026.05.21"", 508, 50, 227], [""생산담당"", 548, 33, 111], [""박순이"", 554, 51, 231], [""품무원"", 840, 229, 145]]"
000577,2026,04,20,2026-04-20,s1,지퍼를 닫아 보관 | 25.06.1 | 랜거식 2026.04.20X | DDODC,"[[""지퍼를 닫아 보관"", 79, 30, 574], [""25.06.1"", 192, 43, 587], [""랜거식"", 488, 175, 0], [""2026.04.20X"", 468, 56, 271], [""DDODC"", 757, 32, 241]]"
000578,2026,03,04,2026-03-04,s1,직화 참기름김 | 12봉 | 름김 | d | HP3 Roasted Seaweec | Seasoned with | Sesame Oil | 2026.03.04外大 450/30,"[[""직화 참기름김"", 103, 104, 103], [""12봉"", 284, 311, 39], [""름김"", 484, 111, 492], [""d"", 574, 25, 1], [""Roasted Seaweec"", 572, 37, 454], [""HP3"", 592, 33, 355], [""Seasoned with"", 601, 36, 452], [""Sesame Oil"", 630, 39, 449], [""2026.03.04外大"", 669, 47, 184], [""450/30"", 672, 35, 456]]"
000579,2026,07,10,2026-07-10,s1,EXP:2026/0710 | 191 | 9 | T후음V 이수를:금 무 부오 바1루,"[[""EXP:2026/0710"", 490, 92, 54], [""191"", 562, 62, 396], [""9"", 681, 30, 136], [""T후음V"", 856, 200, 462], [""이수를:금"", 854, 193, 499], [""부오"", 870, 169, 619], [""바1루"", 920, 71, 671], [""무"", 936, 43, 520]]"
000580,2026,02,28,2026-02-28,s1,"ERB | 2026.02.28B911:27 | 식품유형 과자(유탕처리제품 보관방법 실온보관 | 금),정제품올레인유(품올레 | 파래,효모추출물),향신료올레오레진류 | 밀한","[[""ERB"", 364, 39, 598], [""2026.02.28B911:27"", 483, 75, 54], [""보관방법 실온보관"", 699, 44, 416], [""식품유형 과자(유탕처리제품"", 712, 51, 6], [""금),정제품올레인유(품올레"", 845, 59, 24], [""파래,효모추출물),향신료올레오레진류"", 928, 64, 36], [""밀한"", 944, 29, 606]]"
000581,2026,02,25,2026-02-25,s1,·보관방법:직사광신이 | 소비 2026.02.25/B | 기한 비닐 | OT,"[[""·보관방법:직사광신이"", 23, 51, 41], [""소비"", 504, 50, 60], [""2026.02.25/B"", 528, 75, 142], [""기한"", 548, 47, 65], [""비닐"", 560, 48, 821], [""OT"", 651, 44, 790]]"
000582,2025,11,21,2025-11-21,s1,202511.21.까지F1 | With,"[[""202511.21.까지F1"", 430, 52, 103], [""With"", 818, 99, 449]]"
000583,2035,11,23,2035-11-23,up2x,"T3 | 지원지 | E | 35-11.23C 01:35 | 습더글 GS8 | 피이두슬콩 까지 | 제품 | 가슴살/국산),정제수,카놀라유(카놀라유(외국신 | TJT 규소수지),포도당,흑후추분말(흑후추외국산(베 | 시아 등)],안데스소금,혼합제제(정산나트륨 | 고류가공품,혼합제제(폴리인산나트륨,피로인산 | 탄산수소나트륨,향신료조제품1,비타민C .향신 | 1향미증지제 하시로조제포3복합","[[""T3"", 495, 66, 930], [""지원지"", 608, 80, 811], [""E"", 752, 210, 469], [""35-11.23C"", 890, 171, 290], [""01:35"", 940, 61, 614], [""습더글"", 1128, 343, 0], [""GS8"", 1258, 59, 902], [""피이두슬콩"", 1374, 192, 0], [""까지"", 1334, 73, 910], [""제품"", 1458, 64, 5], [""가슴살/국산),정제수,카놀라유(카놀라유(외국신"", 1536, 68, 9], [""규소수지),포도당,흑후추분말(흑후추외국산(베"", 1608, 86, 2], [""TJT"", 1622, 41, 7], [""시아 등)],안데스소금,혼합제제(정산나트륨"", 1680, 69, 5], [""고류가공품,혼합제제(폴리인산나트륨,피로인산"", 1756, 70, 5], [""탄산수소나트륨,향신료조제품1,비타민C .향신"", 1829, 78, 6], [""1향미증지제 하시로조제포3복합"", 1894, 48, 6]]"
000584,2026,07,15,2026-07-15,s1,행복한 세상 | 112 | √아동학대 | CROUN 안스 의동권리보장원 | 5 | 2025.07.16A 부터 | 2026.07.15 | 까지 | 맛있는 약속,"[[""행복한 세상"", 193, 163, 283], [""112"", 241, 109, 465], [""√아동학대"", 288, 46, 337], [""안스"", 410, 27, 571], [""의동권리보장원"", 440, 91, 486], [""CROUN"", 468, 63, 115], [""5"", 520, 37, 246], [""부터"", 614, 41, 430], [""2025.07.16A"", 626, 62, 168], [""2026.07.15"", 678, 61, 173], [""까지"", 678, 47, 433], [""맛있는 약속"", 690, 62, 517]]"
000585,2026,05,16,2026-05-16,det5,"PR | CG | A Golden Pure Indulgence | Cookies Baked Treat GPR In Every Cookies Bite | -CLASSIC- | BUTTER COOKIES | ENTs: Wheat Flour, Vegetable Oil (Palm Oil, Sugar, Butter, Full Cream Mik Powder,R | Flavouring and Raising Agent (Sodium Bicarbonate) (INs 5ooi). ALLERgEN INFoRMA | vheat,milk & soy. Manufactured on eguipment that also processes products that containi | AMuAN: Tepung Gandum, Minyak Sayuran (Minyak Kelapa Sawit), Gula, Mentega, Sert | Kismis Perisa karbonat)(INs500i). MAK | atan yang juga memproses | 트랜스지방0g LE号265mg13% 영양정보 원재료명 제조회사 소재지 업소명 내용량 A Lever (Sodium Végétale (Huile De Palme gué sur des éguipements Bicarbon | S: Harina De Trigo, Aceite | 14g93% 号77g24% *보관방법:직사광선을 피하고 서늘한 곳에 보관 결기준에의거교환 또는보상을 받을 수있습니다. 하고 있습니다.*본 제품은 공정거래위원회 고시 소비자분쟁 해 *본 제품은 계란,너트류를사용한 제품과 같은 제조시설에서 제조 *유전자변형대두포함가능성있음 전지분유,건포도,합성향료(버터향),탄산수소나트륨 밀가루,식물성유지(품유,유화제),설탕,버터12%(우유,정제소금), GLOBAL PREMIUM RESOURCES SDN.BHD 图/O|TEL.051-265-8045 소비기한제품밀면의별도표시일까지 114g (601kcal) 제품명 지피알클래식버터쿠키 nozes. as Permitidos, Levedante romatizante Permitido, Ga che y soja. Fabricado en e Es: Farinha de Trigo, Ole ) Fabricado em eguipame | 콜레스테롤Omg 0% 异24g24% 원산지 반품 및 교환 포장재질 식품유형 | E8g 15% 71929g54% 114g601kcal 초 밀,우유,대두함유 말레이시아 수입원및구입처 u보: | EZP:2026.05.16 | B.NO:CK.BT.AF1124","[[""PR"", 20, 23, 319], [""CG"", 48, 51, 137], [""GPR"", 107, 90, 237], [""A Golden"", 88, 25, 136], [""Pure Indulgence"", 86, 23, 431], [""Baked Treat"", 108, 23, 124], [""In Every"", 105, 22, 464], [""Cookies"", 128, 20, 145], [""Cookies Bite"", 125, 26, 452], [""-CLASSIC-"", 163, 40, 197], [""COOKIES"", 215, 98, 330], [""BUTTER"", 222, 87, 95], [""ENTs: Wheat Flour, Vegetable Oil (Palm Oil, Sugar, Butter, Full Cream Mik Powder,R"", 274, 42, 0], [""Flavouring and Raising Agent (Sodium Bicarbonate) (INs 5ooi). ALLERgEN INFoRMA"", 293, 40, 0], [""vheat,milk & soy."", 318, 25, 0], [""Manufactured on eguipment that also processes products that containi"", 310, 31, 137], [""AMuAN: Tepung Gandum, Minyak Sayuran (Minyak Kelapa Sawit), Gula, Mentega, Sert"", 329, 39, 0], [""Perisa"", 351, 21, 75], [""karbonat)(INs500i)."", 343, 26, 495], [""MAK"", 341, 20, 674], [""Kismis"", 354, 19, 11], [""atan yang"", 363, 22, 496], [""juga memproses"", 360, 23, 572], [""원재료명"", 395, 55, 276], [""제조회사"", 393, 57, 329], [""소재지"", 393, 44, 357], [""업소명"", 391, 44, 379], [""소비기한제품밀면의별도표시일까지"", 482, 244, 399], [""내용량"", 390, 47, 428], [""제품명 지피알클래식버터쿠키"", 460, 197, 449], [""결기준에의거교환 또는보상을 받을 수있습니다."", 509, 272, 169], [""하고 있습니다.*본 제품은 공정거래위원회 고시 소비자분쟁 해"", 544, 343, 193], [""*본 제품은 계란,너트류를사용한 제품과 같은 제조시설에서 제조"", 544, 344, 218], [""Végétale (Huile De Palme"", 378, 28, 494], [""트랜스지방0g"", 418, 73, 39], [""LE号265mg13%"", 434, 111, 62], [""영양정보"", 411, 66, 91], [""*보관방법:직사광선을 피하고 서늘한 곳에 보관"", 506, 257, 146], [""A Lever (Sodium"", 396, 23, 501], [""Bicarbon"", 395, 20, 645], [""图/O|TEL.051-265-8045"", 505, 188, 378], [""114g (601kcal)"", 469, 116, 428], [""gué sur des éguipements"", 414, 35, 496], [""전지분유,건포도,합성향료(버터향),탄산수소나트륨"", 558, 283, 277], [""밀가루,식물성유지(품유,유화제),설탕,버터12%(우유,정제소금),"", 589, 346, 299], [""GLOBAL PREMIUM RESOURCES SDN.BHD"", 543, 256, 330], [""*유전자변형대두포함가능성있음"", 520, 190, 255], [""S: Harina De Trigo,"", 433, 22, 499], [""Aceite"", 431, 20, 657], [""romatizante Permitido, Ga"", 450, 32, 498], [""che y soja. Fabricado en e"", 469, 26, 499], [""号77g24%"", 534, 105, 69], [""Es: Farinha de Trigo, Ole"", 486, 25, 502], [""14g93%"", 538, 103, 40], [""as Permitidos, Levedante"", 504, 27, 501], [""Fabricado em eguipame"", 522, 21, 517], [""nozes."", 542, 20, 514], ["")"", 562, 25, 515], [""콜레스테롤Omg 0%"", 639, 112, 46], [""异24g24%"", 622, 81, 74], [""반품 및 교환"", 635, 84, 412], [""포장재질"", 634, 57, 438], [""식품유형"", 632, 61, 461], [""114g601kcal"", 692, 161, 103], [""원산지"", 640, 57, 390], [""밀,우유,대두함유"", 714, 107, 265], [""말레이시아"", 702, 69, 389], [""수입원및구입처"", 711, 100, 412], [""u보:"", 677, 16, 443], [""E8g 15%"", 736, 82, 53], [""71929g54%"", 736, 73, 82], [""초"", 736, 15, 156], [""EZP:2026.05.16"", 807, 42, 217], [""B.NO:CK.BT.AF1124"", 838, 45, 214]]"
000586,2026,03,14,2026-03-14,s2,2026.03.14까지,"[[""2026.03.14까지"", 444, 73, 90]]"
000587,2026,02,07,2026-02-07,s1,스비기 | 뚜처 정 분이 있는 경 머리점 | 제품에 수는 것이니 | 가옥 아니라 제조과정시 생기는 쉽게변질되오니 가급 적 한번에 | 위험이 있으 | 삼키시면 질식의 드시지 마십시오 | 파손되어 있는 경우 | 전자레인지에넣지 마십시오 | 째로는 소비자분쟁해결기준에 의거 | 제품은 | 니다 | 영양정보 총 내용량 | 三喜10mg1% 28g9% | 당류9g9% 1.2g2% 트랜스 | 포화지방0g0% 콜레스테롤0mg0% 단백질 | 필요 열량에 따라 다를 수 있습니다. | 고객행복센터 | 비닐류 소중한의견을기다립니다 | 080-850-1200 | OTHER 1666-5471（号） | cj.co.kr | 2026.02.0777 | 11300/0,"[[""머리점"", 21, 46, 599], [""스비기"", 22, 45, 2], [""경"", 54, 23, 291], [""뚜처"", 80, 42, 6], [""있는"", 70, 30, 217], [""한번에"", 82, 51, 446], [""분이"", 80, 37, 150], [""것이니"", 74, 58, 283], [""적"", 86, 29, 408], [""정"", 105, 32, 14], [""있으"", 110, 44, 452], [""제품에 수는"", 108, 80, 35], [""가옥"", 140, 32, 7], [""위험이"", 135, 78, 342], [""마십시오"", 150, 58, 453], [""쉽게변질되오니 가급"", 132, 117, 129], [""아니라 제조과정시 생기는"", 130, 136, 0], [""드시지"", 166, 55, 352], [""삼키시면 질식의"", 176, 103, 135], [""파손되어 있는 경우"", 215, 106, 104], [""전자레인지에넣지 마십시오"", 227, 140, 138], [""째로는"", 285, 62, 48], [""소비자분쟁해결기준에 의거"", 262, 138, 137], [""제품은"", 321, 63, 44], [""총 내용량"", 354, 88, 535], [""니다"", 351, 46, 74], [""28g9%"", 420, 76, 290], [""영양정보"", 443, 77, 22], [""트랜스"", 447, 36, 671], [""三喜10mg1%"", 476, 75, 34], [""1.2g2%"", 472, 69, 314], [""단백질"", 494, 35, 682], [""당류9g9%"", 525, 62, 42], [""콜레스테롤0mg0%"", 520, 79, 306], [""포화지방0g0%"", 566, 62, 50], [""필요 열량에 따라 다를 수 있습니다."", 633, 85, 55], [""고객행복센터"", 678, 47, 322], [""소중한의견을기다립니다"", 706, 39, 324], [""비닐류"", 739, 34, 189], [""080-850-1200"", 741, 33, 315], [""1666-5471（号）"", 771, 34, 318], [""OTHER"", 796, 37, 184], [""cj.co.kr"", 802, 35, 315], [""2026.02.0777"", 886, 68, 76], [""11300/0"", 874, 127, 585]]"
000588,2025,11,28,2025-11-28,s1,1 | 명가 | 50년 전통의 비법을 담은 | 재래김 | 2025.11.28外 JR2 | 1016-7 F3,"[[""1"", 38, 23, 586], [""명가"", 279, 357, 304], [""50년 전통의 비법을 담은"", 463, 32, 306], [""재래김"", 538, 101, 291], [""2025.11.28外"", 746, 49, 260], [""JR2"", 740, 32, 550], [""1016-7"", 780, 37, 260], [""F3"", 788, 32, 435]]"
000589,2026,04,02,2026-04-02,s1,본장재질(내면) | 100%号 0100% 제조원한울농 | 경상북도 영천 | 건강한 먹거리입니다. 품목보고번호 | 맛있는 TP!조리예 보관방법 | 전자레인지에 10초 정도 톨려서 드시면 | 반품 및 교 | 고객센터 | 10초 소비기한 | 본제품 | 같은 시 | ·본제 | 해결 | 안심하세요! 제품의 보관온도와 가공일자에 따라 있습 | 본 | 을 | OTHER 801207 120599 | 2026.04.02M10-28 LEO,"[[""본장재질(내면)"", 29, 45, 574], [""100%号"", 34, 62, 128], [""제조원한울농"", 53, 48, 570], [""0100%"", 44, 91, 132], [""경상북도 영천"", 78, 51, 572], [""품목보고번호"", 105, 46, 578], [""건강한 먹거리입니다."", 96, 85, 133], [""보관방법"", 147, 46, 587], [""맛있는 TP!조리예"", 125, 110, 126], [""반품 및 교"", 198, 49, 593], [""전자레인지에 10초 정도 톨려서 드시면"", 172, 127, 129], [""고객센터"", 232, 45, 608], [""10초"", 265, 49, 458], [""소비기한"", 268, 50, 611], [""본제품"", 315, 50, 626], [""같은 시"", 350, 54, 631], [""·본제"", 388, 52, 637], [""해결"", 428, 55, 648], [""안심하세요!"", 440, 75, 117], [""있습"", 472, 51, 661], [""제품의 보관온도와 가공일자에 따라"", 466, 91, 122], [""본"", 519, 44, 679], [""을"", 568, 43, 686], [""801207"", 739, 36, 343], [""120599"", 737, 40, 495], [""OTHER"", 746, 37, 123], [""2026.04.02M10-28 LEO"", 850, 70, 61]]"
000590,2025,12,05,2025-12-05,s1,2025.12.05/16:01:02,"[[""2025.12.05/16:01:02"", 591, 62, 128]]"
000591,2026,07,27,2026-07-27,s1,20% 중량 . | (자사용기 대비) | 껌 | 지널 | 26.07.27 까지 | 리에틸렌 품목보고번호 19690086003932,"[[""20%"", 48, 98, 186], [""."", 29, 36, 450], [""중량"", 53, 40, 360], [""(자사용기 대비)"", 88, 40, 289], [""껌"", 457, 142, 190], [""지널"", 697, 119, 0], [""26.07.27"", 746, 81, 386], [""까지"", 748, 49, 656], [""리에틸렌"", 927, 52, 0], [""품목보고번호"", 936, 43, 165], [""19690086003932"", 925, 48, 323]]"
000592,2025,03,25,2025-03-25,s1,TUHE50ITEE7096 | KOBKM/DATE DYEMBALLAGE | ATE/ FECHA DE EXPIRAOIONI 26/03/2023 | )/ DATE DE LIMITE DE 25/032025 | MATION | /NUMERO DE LOTE E2204401D3085 | APTMM/NUMERO DE LO | IONAL FACTS 8:EDHETTOS NETWEIGHT 30 g/r | TIN | OIOENET EAAMOS NETOS: 1.05oz | JTES -8.당 | PR/1443/995 17960041231798 | (200334 V01 | A모속 KALZWEASRLANGA1064 | BNAL:NFOBTEALATEASCCON,"[[""TUHE50ITEE7096"", 128, 33, 505], [""KOBKM/DATE DYEMBALLAGE"", 258, 47, 3], [""26/03/2023"", 274, 48, 384], [""ATE/ FECHA DE EXPIRAOIONI"", 296, 45, 1], [""25/032025"", 312, 48, 385], ["")/ DATE DE LIMITE DE"", 332, 44, 0], [""MATION"", 367, 36, 0], [""E2204401D3085"", 388, 50, 306], [""/NUMERO DE LOTE"", 399, 36, 3], [""APTMM/NUMERO DE LO"", 428, 40, 2], [""30 g/r"", 475, 58, 548], [""NETWEIGHT"", 468, 31, 431], [""IONAL FACTS"", 486, 28, 0], [""8:EDHETTOS"", 492, 26, 434], [""TIN"", 513, 24, 0], [""OIOENET"", 516, 30, 434], [""1.05oz"", 528, 45, 556], [""EAAMOS NETOS:"", 538, 31, 432], [""-8.당"", 601, 110, 98], [""JTES"", 622, 25, 0], [""PR/1443/995"", 684, 33, 2], [""17960041231798"", 686, 35, 342], [""(200334 V01"", 728, 29, 533], [""A모속"", 820, 90, 0], [""KALZWEASRLANGA1064"", 792, 27, 214], [""BNAL:NFOBTEALATEASCCON"", 834, 29, 215]]"
000593,2026,07,22,2026-07-22,erode5,LOTTT PEPERO | 26.07.22 00: 13 F2 까지,"[[""PEPERO"", 117, 84, 466], [""LOTTT"", 134, 42, 252], [""까지"", 226, 48, 778], [""26.07.22 00: 13 F2"", 236, 80, 203]]"
000594,2026,08,25,2026-08-25,s1,기운내 내 E 0로구 | 티타임 | 아자 아지 에 | From. D0 | 2025.08.26E2 표 | 2026.08.25B,"[[""기운내"", 106, 57, 183], [""아자"", 196, 183, 75], [""아지"", 204, 175, 212], [""내"", 122, 27, 748], [""0로구"", 139, 39, 845], [""E"", 149, 30, 749], [""티타임"", 184, 36, 707], [""에"", 222, 38, 732], [""From."", 284, 45, 185], [""2025.08.26E2"", 332, 63, 286], [""D0"", 320, 41, 847], [""2026.08.25B"", 382, 69, 279], [""표"", 381, 58, 771]]"
000595,2026,05,01,2026-05-01,s1,고소한현미 | 2026.05.01715:35 동 | 영양,"[[""고소한현미"", 130, 111, 196], [""2026.05.01715:35"", 279, 50, 262], [""동"", 324, 108, 684], [""영양"", 397, 74, 678]]"
000596,2026,08,13,2026-08-13,s1,안전관리인증 | HACCP | 연출된 이미지 입니 | 부터 | 2026.08.13.81 까지,"[[""안전관리인증"", 138, 25, 207], [""HACCP"", 168, 36, 207], [""연출된 이미지 입니"", 234, 36, 341], [""부터"", 286, 37, 608], [""2026.08.13.81"", 316, 45, 254], [""까지"", 314, 32, 610]]"
000597,2026,09,02,2026-09-02,s1,21 | 통전용 소비 2025.09.03/17:42 부터 | 기한 2026.09.02 까지,"[[""21"", 103, 34, 387], [""통전용"", 314, 126, 0], [""소비"", 316, 41, 257], [""부터"", 308, 45, 688], [""2025.09.03/17:42"", 320, 59, 363], [""기한"", 378, 42, 261], [""2026.09.02"", 380, 58, 366], [""까지"", 373, 42, 687]]"
000598,2026,03,09,2026-03-09,s1,"소비기한 측면표기일까지 | HACCP HACCP 인증제품 | 5：2017041515830 | 8801117546519 | 밀,달갈,우유,대두 함유 | 소비 부터 | 25.09.10(09:55) | 의한 피해보상·직사광선을 피해 기한 26.03.09(A)F4 까지 | ）080-023-5700（) | 구입한곳","[[""소비기한 측면표기일까지"", 14, 31, 120], [""HACCP"", 52, 28, 553], [""HACCP 인증제품"", 58, 33, 645], [""5：2017041515830"", 102, 37, 2], [""8801117546519"", 254, 35, 539], [""밀,달갈,우유,대두 함유"", 313, 36, 108], [""소비"", 338, 32, 458], [""부터"", 341, 36, 865], [""25.09.10(09:55)"", 356, 35, 525], [""의한 피해보상·직사광선을 피해"", 386, 38, 1], [""기한"", 390, 35, 458], [""26.03.09(A)F4"", 392, 45, 517], [""까지"", 386, 38, 863], [""）080-023-5700（)"", 419, 36, 1], [""구입한곳"", 456, 34, 2]]"
000599,2026,09,04,2026-09-04,s1,소비 | 기한 2026.09.04A3. 까지,"[[""소비"", 257, 66, 82], [""기한"", 336, 70, 78], [""2026.09.04A3."", 334, 51, 271], [""까지"", 341, 64, 733]]"
000600,2026,08,31,2026-08-31,s1,Bal 2025.09.01 코코아분말 4%. | 2026.08.31F2A | 콜릿가공,"[[""코코아분말 4%."", 156, 269, 784], [""Bal"", 111, 72, 379], [""2025.09.01"", 202, 64, 371], [""2026.08.31F2A"", 250, 71, 379], [""콜릿가공"", 363, 163, 784]]"
000601,2026,01,27,2026-01-27,s1,2025.04.28B 부터 l0e9 | 2026.01.27 까지 | 맛있는 약속,"[[""l0e9"", 225, 142, 665], [""2025.04.28B"", 234, 42, 324], [""부터"", 262, 35, 623], [""2026.01.27"", 314, 41, 324], [""까지"", 322, 33, 624], [""맛있는 약속"", 344, 36, 698]]"
000602,2026,09,22,2026-09-22,s1,CROUN | 2025.09.23A 부터 | 2026.09.22 까지 | 맛있는 약속,"[[""CROUN"", 64, 49, 414], [""2025.09.23A"", 268, 69, 202], [""부터"", 262, 38, 525], [""까지"", 330, 50, 533], [""2026.09.22"", 344, 69, 199], [""맛있는 약속"", 345, 54, 627]]"
000603,2026,09,24,2026-09-24,s1,"344383 | 달갈,쇠고기 혼입 가능 고객지원센터 | 자기본법에 의한 피해 보상 | 종 변질품은 구입 상점 및 | 항상 교환·부정·불량 | 1399 | 상키지 않도록 주의 8 ""801062""002542 | 고온에 약하 S비닐류 | 에서 직사광신을 26.09.24B | 보관해,주시고 OTHER | 십시오 | 롯데웰푸드","[[""달갈,쇠고기 혼입 가능"", 27, 48, 60], [""344383"", 24, 52, 762], [""자기본법에 의한 피해 보상"", 68, 47, 48], [""고객지원센터"", 62, 55, 454], [""종 변질품은 구입 상점 및"", 112, 45, 46], [""항상 교환·부정·불량"", 155, 48, 57], [""1399"", 198, 44, 48], [""상키지 않도록 주의"", 243, 54, 55], [""8"", 247, 24, 464], [""\""801062\""002542"", 257, 50, 495], [""고온에 약하"", 289, 60, 67], [""에서 직사광신을"", 336, 61, 76], [""26.09.24B"", 352, 61, 529], [""S비닐류"", 340, 35, 860], [""보관해,주시고"", 378, 55, 85], [""OTHER"", 399, 44, 853], [""십시오"", 412, 31, 69], [""롯데웰푸드"", 483, 39, 539]]"
000604,2026,09,15,2026-09-15,s1,콜레스데틸 | 수신자 요금 부담) 롯데웰푸드 | htk//w w.lottewelfood.com | 2026.09.15B1 | 까지 880106,"[[""콜레스데틸"", 16, 36, 166], [""수신자 요금 부담)"", 172, 43, 324], [""롯데웰푸드"", 188, 57, 840], [""htk//w w.lottewelfood.com"", 213, 35, 297], [""2026.09.15B1"", 354, 75, 254], [""까지"", 417, 56, 675], [""880106"", 392, 60, 787]]"
000605,2028,07,01,2028-07-01,s1,"기,닭고기,계란,우 | 2028.07.01A","[[""기,닭고기,계란,우"", 17, 35, 705], [""2028.07.01A"", 272, 64, 263]]"
000606,2026,10,01,2026-10-01,rot90,"0보 목 | 050kcal) 120gx5 号：600g 레스햄(멸균제품) 품의 유형: 7 클래식 0묘 | 까지 2026년 10월 01일 표시된 날짜보다 긴 제품만으로 구성될 수 있습니다 하기 소비기한은 내용물 중 짧은 제품 기준이며, 조리예","[[""050kcal)"", 76, 131, 26], [""120gx5"", 78, 148, 60], [""号：600g"", 84, 166, 98], [""레스햄(멸균제품)"", 124, 215, 134], [""품의 유형:"", 87, 144, 167], [""0보"", 37, 28, 197], [""목"", 37, 30, 244], [""7"", 64, 25, 213], [""0묘"", 65, 26, 244], [""클래식"", 118, 85, 208], [""표시된 날짜보다 긴 제품만으로 구성될 수 있습니다"", 492, 452, 244], [""하기 소비기한은 내용물 중 짧은 제품 기준이며,"", 493, 418, 275], [""2026년 10월 01일"", 494, 338, 117], [""까지"", 687, 76, 62], [""조리예"", 696, 64, 323]]"
000607,2028,06,23,2028-06-23,s1,"(식육통조림/멸균제품 | 목보고번호 20050405003230 | 반품 및 구입처및 | co.kr) 교환장소 고객만족센터 8801047862673 | 산:미국 | 포솔트(네 2028.06-23 | 가공품 | 등),카라기 까지 | 륨(발색제)","[[""(식육통조림/멸균제품"", 124, 53, 3], [""목보고번호"", 155, 38, 1], [""20050405003230"", 170, 44, 142], [""반품 및"", 245, 45, 202], [""co.kr)"", 263, 39, 2], [""구입처및"", 255, 40, 377], [""교환장소"", 276, 33, 189], [""고객만족센터"", 284, 40, 358], [""산:미국"", 304, 54, 1], [""8801047862673"", 298, 41, 578], [""포솔트(네"", 354, 55, 0], [""가공품"", 398, 55, 0], [""2028.06-23"", 398, 61, 273], [""등),카라기"", 448, 62, 4], [""까지"", 474, 47, 744], [""륨(발색제)"", 492, 45, 0]]"
000608,2026,08,13,2026-08-13,s2,6OSNC | 2026.08.13까지 | 165,"[[""6OSNC"", 88, 97, 371], [""165"", 276, 45, 273], [""2026.08.13까지"", 218, 41, 275]]"
000609,2027,06,11,2027-06-11,s1,쌈산쉐프가제한하는 | 다양한 레시피를 확인해보세요 | 2027.06.11外 500 | 10:02-02 후연 | 4%,"[[""쌈산쉐프가제한하는"", 14, 32, 553], [""다양한 레시피를 확인해보세요"", 36, 43, 470], [""2027.06.11外"", 244, 47, 397], [""500"", 244, 45, 710], [""10:02-02"", 297, 48, 395], [""후연"", 300, 71, 705], [""4%"", 344, 53, 707]]"
000610,2026,06,04,2026-06-04,s1,NCE1065 F.1 | 동 | 는 2026.06.04  | :,"[[""F.1"", 216, 52, 393], [""NCE1065"", 214, 23, 2], [""동"", 272, 103, 0], [""는"", 363, 36, 0], [""2026.06.04 "", 374, 55, 392], ["":"", 415, 44, 10]]"
000611,2026,07,20,2026-07-20,s1,"랜스지방 0g | 포화지방09 % | 콜레스테롤0mg 0 % | 단백질29 4% | （%200kcal 고객상담실 | 기준이므로 개인의 필요 열량에 따라 다를 수 있습니다. 080-019-9119 | (수신자요금부담) | 빈통는 깨이 분리수거 하여 재활용합시다.소증한 자원,깨용한 환경 | 소기한: 2026.07.20B","[[""랜스지방 0g"", 14, 32, 280], [""포화지방09"", 50, 52, 250], [""%"", 63, 34, 587], [""콜레스테롤0mg"", 100, 53, 220], [""0"", 106, 25, 560], [""%"", 108, 29, 591], [""단백질29"", 148, 47, 220], [""4%"", 153, 42, 553], [""고객상담실"", 178, 37, 700], [""（%200kcal"", 194, 41, 242], [""기준이므로 개인의 필요 열량에 따라 다를 수 있습니다."", 224, 37, 214], [""080-019-9119"", 216, 36, 665], [""(수신자요금부담)"", 246, 39, 673], [""빈통는 깨이 분리수거 하여 재활용합시다.소증한 자원,깨용한 환경"", 282, 47, 200], [""소기한:"", 370, 45, 217], [""2026.07.20B"", 362, 54, 408]]"
000612,2026,05,07,2026-05-07,s1,"업소명및 112 | 소재지 ·제조원:(주)동방푸드마스타 | 号105 | 번길70 | 영양정 | 2026.05.07/A 나트륨 | 까지 | 원재료명 정제수,CJ마요소스대두유(대 R","[[""업소명및"", 30, 57, 315], [""112"", 22, 44, 405], [""소재지"", 70, 39, 331], [""·제조원:(주)동방푸드마스타"", 58, 54, 411], [""号105"", 93, 53, 405], [""번길70"", 134, 34, 408], [""영양정"", 184, 71, 738], [""2026.05.07/A"", 276, 68, 365], [""나트륨"", 261, 37, 746], [""까지"", 330, 56, 610], [""원재료명"", 391, 44, 332], [""R"", 360, 54, 739], [""정제수,CJ마요소스대두유(대"", 393, 54, 412]]"
000613,2026,05,28,2026-05-28,s1,기 | 보관·사용 전 혼들어 주세요 | 2231 | 2026.05.28 | 13:47,"[[""기"", 112, 39, 634], [""보관·사용 전 혼들어 주세요"", 142, 53, 201], [""2231"", 198, 82, 242], [""2026.05.28"", 294, 81, 221], [""13:47"", 350, 59, 337]]"
000614,2026,03,07,2026-03-07,s1,냉비기한: | 2026.03.07A | 16:09,"[[""냉비기한:"", 209, 50, 187], [""2026.03.07A"", 252, 50, 352], [""16:09"", 309, 51, 412]]"
000615,2026,03,24,2026-03-24,s1,"조리릉분류 조개류질, | 드시고 냉장보관 하십시오 | 소비기한: | 2026.03.24A | 까지","[[""조개류질,"", 12, 23, 252], [""조리릉분류"", 70, 119, 204], [""드시고 냉장보관 하십시오"", 239, 40, 248], [""소비기한:"", 285, 38, 242], [""2026.03.24A"", 304, 47, 369], [""까지"", 346, 30, 606]]"
000616,2026,09,10,2026-09-10,s1,·반품및 교환장소:고객상담실 및 구입처 | 제품은 소비자기본법에 의거 교환 또는 보상 | 1399 소비자중심 ccñ | 고객상담실 080019-9119） | 이미지사진 | 18:32 | 2026.09.10 까지,"[[""·반품및 교환장소:고객상담실 및 구입처"", 72, 105, 165], [""제품은 소비자기본법에 의거 교환 또는 보상"", 113, 82, 190], [""ccñ"", 127, 24, 633], [""소비자중심"", 152, 33, 594], [""1399"", 162, 87, 171], [""080019-9119）"", 200, 53, 294], [""고객상담실"", 220, 53, 175], [""이미지사진"", 249, 54, 108], [""18:32"", 290, 49, 418], [""까지"", 362, 44, 658], [""2026.09.10"", 362, 77, 232]]"
000617,2026,07,11,2026-07-11,det5,"하는 향신료 줄기이므로 안심하고 드십시오. 18미질 | 담실 https://www.daesang.com 분리수거를생활화합니다. | 신자요금부담) DAESANG htps://ww.jungoneshop.com 소중한자원,깨한 영경 | ccm 소비기한: 2026. 07. 11. 3 비닐류 × | 자중심 까지 OTHER 00 | 정거래위원회","[[""안심하고 드십시오."", 36, 64, 438], [""18미질"", 10, 22, 690], [""하는 향신료 줄기이므로"", 46, 92, 7], [""담실"", 114, 60, 0], [""분리수거를생활화합니다."", 106, 46, 654], [""https://www.daesang.com"", 116, 56, 332], [""소중한자원,깨한 영경"", 146, 53, 655], [""신자요금부담)"", 162, 63, 0], [""htps://ww.jungoneshop.com"", 154, 54, 335], [""DAESANG"", 173, 32, 215], [""소비기한:"", 229, 69, 109], [""2026. 07. 11. 3"", 242, 111, 310], [""비닐류"", 232, 31, 733], [""×"", 228, 15, 871], [""ccm"", 267, 40, 8], [""00"", 264, 18, 865], [""자중심"", 300, 45, 0], [""까지"", 296, 49, 681], [""OTHER"", 290, 44, 729], [""정거래위원회"", 348, 22, 0]]"
000618,2026,08,26,2026-08-26,s1,"V3LH(30g),将32含 | ※전자레인지 조리 불가 | 1.号1.5cm 2,판에 식용유를 넣고 중불에 | 짝뚝 쌀고,대파는 얇게 1분 정도 충분히 예열한 뒤, 3.대파를 넣고 1분간더 볶다가 두부와 | 소스를 넣고 30초간 끔이면 완성 | 어슷 쌀어주세요 돼지고기를 넣고 2분간 질 볶아주세요 | 러운마파두부Tip | 홈콩식마파두부의 소비기한 | 다양한 레시피를 2026.08-26701553 | 확인해 보세요 | 스(살균)품목보고번호 199104450779152 소비기한 후면 표일 | 정제쉬양피 | 지가장","[[""V3LH(30g),将32含"", 36, 37, 1], [""※전자레인지 조리 불가"", 36, 30, 684], [""1.号1.5cm"", 90, 28, 13], [""2,판에 식용유를 넣고 중불에"", 84, 30, 319], [""3.대파를 넣고 1분간더 볶다가 두부와"", 88, 31, 609], [""짝뚝 쌀고,대파는 얇게"", 118, 31, 37], [""1분 정도 충분히 예열한 뒤,"", 111, 28, 329], [""소스를 넣고 30초간 끔이면 완성"", 114, 28, 629], [""어슷 쌀어주세요"", 146, 31, 49], [""돼지고기를 넣고 2분간 질 볶아주세요"", 138, 32, 290], [""러운마파두부Tip"", 198, 33, 3], [""소비기한"", 254, 43, 220], [""홈콩식마파두부의"", 258, 36, 25], [""2026.08-26701553"", 264, 46, 397], [""다양한 레시피를"", 287, 37, 34], [""확인해 보세요"", 317, 36, 47], [""소비기한"", 347, 38, 598], [""후면 표일"", 340, 45, 722], [""199104450779152"", 356, 41, 338], [""스(살균)품목보고번호"", 376, 61, 1], [""정제쉬양피"", 422, 46, 0], [""지가장"", 442, 23, 226]]"
000619,2026,09,15,2026-09-15,s1,영양하호 yo170kcal | 叫号460mg233%全豆量41913% 18918% | 00%0g0g0% | 콜레스테롤0mg0% 단백질2g 4% | %2000kcal | 인의 필요 열량에 따라 다를 수 있습니다. | 11:06 | 2026.09.15 | 까지,"[[""영양하호"", 14, 28, 232], [""yo170kcal"", 10, 20, 491], [""叫号460mg233%全豆量41913% 18918%"", 44, 66, 230], [""00%0g0g0%"", 82, 64, 230], [""단백질2g 4%"", 118, 36, 426], [""콜레스테롤0mg0%"", 126, 39, 236], [""%2000kcal"", 158, 42, 238], [""인의 필요 열량에 따라 다를 수 있습니다."", 194, 45, 243], [""11:06"", 248, 32, 479], [""2026.09.15"", 292, 49, 331], [""까지"", 321, 32, 581]]"
000620,2026,07,06,2026-07-06,s1,개통후냉장보관·홍고추씨입자는원료고유의성분이 | 안심하고 드십시오. | 2026.07.06 | 13:55,"[[""개통후냉장보관·홍고추씨입자는원료고유의성분이"", 117, 62, 255], [""안심하고 드십시오."", 154, 47, 260], [""2026.07.06"", 285, 48, 291], [""13:55"", 332, 46, 382]]"
000621,2026,08,25,2026-08-25,s1,기준에 의거 교환 보장 또는 | 교환장소제조원및각구입처 | 1399 | 소비기한 | 2026. 08. 25 A F2,"[[""기준에 의거 교환 보장 또는"", 42, 61, 229], [""교환장소제조원및각구입처"", 95, 84, 211], [""1399"", 143, 50, 215], [""소비기한"", 234, 61, 174], [""2026. 08. 25 A F2"", 298, 75, 258]]"
000622,2027,01,02,2027-01-02,s1,양파(중)1기 | 남은 국물에 | 700 2꿀기 시작하면 야채와 볶아 드셔도 | 양념을 넣고 센 불에 추가재료를 넣고 면을 따로 삶 | 3분간 꿀입니다. 약 5분간 더 꿀입니다. 더욱 맛있습 | 소비기한 2027.01.2 | 식품유형 소스(살균제품) 품목보고번호 포리프로필레반품 1991044507755,"[[""양파(중)1기"", 24, 37, 867], [""남은 국물에"", 68, 36, 861], [""700"", 100, 39, 260], [""볶아 드셔도"", 97, 34, 861], [""2꿀기 시작하면 야채와"", 108, 34, 536], [""양념을 넣고 센 불에"", 133, 48, 258], [""추가재료를 넣고"", 140, 31, 562], [""면을 따로 삶"", 139, 33, 859], [""3분간 꿀입니다."", 166, 41, 259], [""약 5분간 더 꿀입니다."", 172, 29, 560], [""더욱 맛있습"", 170, 33, 859], [""소비기한"", 272, 49, 54], [""2027.01.2"", 303, 61, 375], [""식품유형"", 415, 56, 64], [""품목보고번호"", 410, 54, 507], [""1991044507755"", 399, 46, 725], [""소스(살균제품)"", 418, 52, 237], [""포리프로필레반품"", 439, 30, 720]]"
000623,2027,03,10,2027-03-10,s1,기타과당제조 롯미(국산) | 2027.03.10 까지 | GAU | 1味： DA6,"[[""기타과당제조"", 21, 42, 159], [""롯미(국산)"", 16, 40, 488], [""2027.03.10"", 258, 41, 218], [""까지"", 258, 39, 587], [""GAU"", 280, 24, 640], [""DA6"", 300, 37, 577], [""1味："", 306, 33, 296]]"
000624,2027,06,15,2027-06-15,s1,소비기한 | 제철 재료 | 레시피가 2027.06.15 F2 | 궁금하다면? 품질관리자이의성 | Q080-996-777 ：8010,"[[""소비기한"", 176, 53, 211], [""제철 재료"", 201, 48, 52], [""레시피가"", 251, 52, 56], [""2027.06.15 F2"", 246, 58, 301], [""궁금하다면?"", 302, 55, 34], [""품질관리자이의성"", 307, 60, 300], [""Q080-996-777"", 381, 65, 25], [""：8010"", 380, 59, 845]]"
000625,2027,04,01,2027-04-01,s1,"80105""299602 | 소비기한 | 2027.04.01 | D010159 | 유리 고객지원실 (요금은 샘표가 부담합 | 080-996-7","[[""80105\""299602"", 83, 32, 336], [""소비기한"", 158, 44, 278], [""2027.04.01"", 234, 55, 388], [""D010159"", 298, 40, 405], [""고객지원실 (요금은 샘표가 부담합"", 376, 50, 490], [""유리"", 398, 33, 340], [""080-996-7"", 430, 47, 547]]"
000626,2026,07,01,2026-07-01,s1,26.07.01 | H16:20F1,"[[""26.07.01"", 506, 67, 207], [""H16:20F1"", 569, 66, 208]]"
000627,2022,01,08,2022-01-08,erode5,IEROJUKAD | 2022:1:8 | ugarljl | 맛있는 | 약젤리 | 포도,"[[""IEROJUKAD"", 106, 41, 459], [""2022:1:8"", 410, 64, 180], [""ugarljl"", 525, 50, 112], [""맛있는"", 607, 126, 87], [""약젤리"", 698, 98, 145], [""포도"", 790, 103, 159]]"
000628,2025,02,03,2025-02-03,s1,25.02.03/1300LF1,"[[""25.02.03/1300LF1"", 398, 109, 224]]"
000629,2025,09,22,2025-09-22,clahe,마이밀 | 25.09.22까지 LKW21115E447E | 23844 | 0mz,"[[""마이밀"", 266, 65, 157], [""25.09.22까지"", 367, 78, 250], [""LKW21115E447E"", 343, 56, 274], [""23844"", 390, 33, 336], [""0mz"", 573, 118, 131]]"
000630,2026,03,31,2026-03-31,s1,"202603.31 | CUTTING POIN | 제품명 검은콩 귀리 호두 두유 포장재질(내면) 폴리프로필렌 | 료명 | 두-미국산,잣),탄산칼,정제소금(국산)대두,호두,땅콩,잣함유 | 아 별도 표기일까지 | 가공두유(멸균제품) | 2018049104473 | 유통전문판매원-서울우유협동 | 경기도","[[""202603.31"", 327, 74, 284], [""CUTTING POIN"", 364, 41, 0], [""제품명"", 566, 47, 0], [""검은콩 귀리 호두 두유"", 591, 60, 96], [""포장재질(내면)"", 630, 56, 410], [""폴리프로필렌"", 646, 49, 560], [""료명"", 665, 41, 0], [""두-미국산,잣),탄산칼,정제소금(국산)대두,호두,땅콩,잣함유"", 784, 139, 49], [""아"", 770, 27, 4], [""별도 표기일까지"", 800, 75, 43], [""가공두유(멸균제품)"", 844, 77, 29], [""2018049104473"", 884, 70, 19], [""유통전문판매원-서울우유협동"", 926, 72, 8], [""경기도"", 944, 30, 5]]"
000631,2025,11,15,2025-11-15,s1,개:PP | OTHER | 는 모두 이마트의 상표입니다 N1660 | 노브랜드의 이념과 실천 | 25.11.15,"[[""개:PP"", 76, 35, 0], [""OTHER"", 108, 33, 0], [""N1660"", 169, 70, 267], [""는 모두 이마트의 상표입니다"", 194, 38, 0], [""노브랜드의 이념과 실천"", 216, 27, 292], [""25.11.15"", 404, 65, 47]]"
000632,2025,12,28,2025-12-28,s1,소브산칼륨(보존필 | 도 안산시 단원구 시화로38(성곡동 | 680-5678 | 구입처및 판매원 포장재질 내면:폴리에틸렌 | OC 이상에서 5분 이상 살균 | 안전관리인증 | 2025. 12. 28 HACCP | N1065,"[[""소브산칼륨(보존필"", 16, 33, 110], [""도 안산시 단원구 시화로38(성곡동"", 36, 69, 116], [""680-5678"", 122, 41, 38], [""포장재질 내면:폴리에틸렌"", 128, 57, 225], [""구입처및 판매원"", 154, 53, 15], [""OC 이상에서 5분 이상 살균"", 184, 65, 2], [""안전관리인증"", 336, 27, 451], [""HACCP"", 354, 30, 452], [""2025. 12. 28"", 402, 75, 164], [""N1065"", 474, 53, 414]]"
000633,2025,12,24,2025-12-24,s1,"236kcal | 29g 29% 지방8g 处量34810元 | 랜스지방 0.5g 미만 15 | 印量30mg10%日 단백질7g | 13 일1 | 열량에 따라 다를 수 있습니다. | 소비기한 | 2025.12,24 | 23128 B3 곳림 | 2,580","[[""处量34810元"", 45, 93, 213], [""236kcal"", 26, 55, 314], [""29g"", 44, 31, 15], [""29%"", 46, 42, 139], [""지방8g"", 62, 56, 213], [""랜스지방 0.5g 미만"", 76, 37, 0], [""印量30mg10%日"", 114, 50, 0], [""15"", 102, 20, 361], [""단백질7g"", 132, 53, 206], [""열량에 따라 다를 수 있습니다."", 168, 32, 1], [""13"", 161, 20, 351], [""일1"", 176, 39, 471], [""소비기한"", 312, 43, 0], [""2025.12,24"", 395, 51, 71], [""23128 B3"", 432, 50, 65], [""곳림"", 436, 33, 399], [""2,580"", 558, 139, 0]]"
000634,2026,02,05,2026-02-05,s1,"011399 | 제두,기,새우,돼지 | 2026.02.05 | 김유나 | B3 | 삭탕맛","[[""제두,기,새우,돼지"", 40, 83, 256], [""011399"", 29, 50, 318], [""2026.02.05"", 430, 45, 152], [""B3"", 462, 37, 148], [""김유나"", 472, 41, 226], [""삭탕맛"", 726, 55, 59]]"
000635,2026,02,21,2026-02-21,s1,양정보 245g | 륨18mg 탄수화물 100g527kcal 920% | 류24 24% 27g50% | 랜스지보 0g | 클콜레스테 4mg1%E6g1 | 1일영양성분 天量（%）2.000kcal | 개인의필요 | 2025.08.22早 | 2026.02.21 맛있는약속 | 롯말리는,"[[""245g"", 188, 30, 221], [""100g527kcal"", 206, 40, 196], [""양정보"", 231, 53, 0], [""탄수화물"", 232, 33, 174], [""920%"", 222, 31, 234], [""륨18mg"", 262, 48, 0], [""27g50%"", 254, 45, 136], [""24%"", 272, 37, 70], [""류24"", 288, 44, 0], [""0g"", 294, 37, 75], [""랜스지보"", 309, 39, 0], [""4mg1%E6g1"", 296, 75, 83], [""天量（%）2.000kcal"", 314, 68, 92], [""클콜레스테"", 333, 42, 0], [""1일영양성분"", 352, 39, 7], [""개인의필요"", 367, 38, 8], [""2025.08.22早"", 438, 78, 116], [""맛있는약속"", 458, 43, 315], [""2026.02.21"", 473, 78, 127], [""롯말리는"", 600, 49, 341]]"
000636,2026,03,09,2026-03-09,s1,실당 | 2026.03.09 | 한그릇,"[[""실당"", 30, 64, 336], [""2026.03.09"", 496, 95, 90], [""한그릇"", 908, 77, 0]]"
000637,2026,06,17,2026-06-17,s1,2026.06.1722:37:55L1,"[[""2026.06.1722:37:55L1"", 353, 110, 16]]"
000638,2026,06,16,2026-06-16,s1,십재요로 볶음요리 사브사브등 | 실당면 | 2026.06.1606:36:45L1,"[[""십재요로 볶음요리 사브사브등"", 16, 35, 9], [""실당면"", 58, 82, 9], [""2026.06.1606:36:45L1"", 398, 44, 89]]"
000639,2026,02,02,2026-02-02,s1,메로그 | N615 | 소비기한: | 2026.02.02 | 까지 | ·나32 | 줄깃한 면발과 가쓰오 조미 | No Brand 메밀소,"[[""메로그"", 18, 38, 63], [""N615"", 80, 59, 300], [""소비기한:"", 280, 45, 92], [""2026.02.02"", 316, 33, 130], [""까지"", 350, 25, 341], [""·나32"", 714, 69, 331], [""줄깃한 면발과 가쓰오 조미"", 742, 65, 321], [""No Brand"", 776, 32, 183], [""메밀소"", 780, 114, 307]]"
000640,2026,02,08,2026-02-08,s1,기한 | 2026.02.08 | 까지,"[[""기한"", 337, 34, 0], [""2026.02.08"", 384, 85, 71], [""까지"", 385, 39, 414]]"
000641,2026,09,02,2026-09-02,s1,"2026.09.02 | 까지B | 권장설취량 및 섭취방법 | 영양정보 담아우유를부어 드십시오 | 30g 당 | 나트 110mg | 탄수화물 26g 8% | 당류 139 13% | 지방 1,3g 2% | 0 | 트랜스지방 0g | 포화지방 07g | 콜레스테롤 0mg | 단백질 29 175RAE 25 % 583 | 비타민A 03 mg 26 | 비타민 B1 Q35mg | 비타민B2 | 나이아신 3.75mgNE | 비타민 B6 038mg 25% | 25 mg | 275心-TE 25% | 25%","[[""2026.09.02"", 401, 40, 188], [""까지B"", 431, 38, 186], [""권장설취량 및 섭취방법"", 546, 30, 138], [""담아우유를부어 드십시오"", 555, 36, 288], [""영양정보"", 594, 89, 155], [""8%"", 619, 29, 391], [""110mg"", 627, 40, 285], [""13%"", 640, 38, 388], [""30g 당"", 642, 42, 178], [""26g"", 651, 30, 301], [""2%"", 661, 33, 402], [""0"", 664, 21, 473], [""나트"", 664, 43, 182], [""139"", 675, 31, 308], [""탄수화물"", 685, 50, 190], [""1,3g"", 700, 39, 311], [""당류"", 710, 37, 210], [""0g"", 722, 31, 328], [""지방"", 738, 37, 206], [""07g"", 747, 36, 326], [""트랜스지방"", 748, 54, 226], [""583"", 750, 33, 476], [""0mg"", 764, 35, 343], [""25"", 772, 25, 427], [""%"", 766, 25, 441], [""포화지방"", 776, 45, 235], [""29"", 787, 34, 348], [""26"", 797, 24, 436], [""콜레스테롤"", 802, 59, 228], [""175RAE"", 800, 66, 336], [""단백질"", 833, 52, 235], [""03 mg"", 828, 38, 345], [""비타민A"", 852, 57, 242], [""Q35mg"", 853, 44, 344], [""비타민 B1"", 873, 64, 248], [""3.75mgNE"", 874, 55, 354], [""25%"", 881, 38, 460], [""비타민B2"", 892, 64, 255], [""038mg"", 901, 48, 360], [""나이아신"", 917, 65, 257], [""25 mg"", 917, 37, 381], [""275心-TE 25%"", 923, 73, 371], [""25%"", 932, 37, 477], [""비타민 B6"", 936, 49, 267]]"
000642,2025,09,01,2025-09-01,s1,2025.09.01 | 블 | 영양정보 100g495kcal 400g | 388 | 기씨 100 g  1일 기준치에 대한 비율 | 주[설 | 글리 나트륨 150 mg 8% | 탄수화물 65g 20% | 당류 21g 21% | 지방 23g 43% | 트랜스지방 0g | 36%,"[[""2025.09.01"", 288, 86, 182], [""블"", 460, 172, 0], [""400g"", 542, 61, 222], [""영양정보"", 595, 78, 60], [""100g495kcal"", 578, 59, 197], [""1일"", 618, 28, 265], [""388"", 629, 31, 0], [""기준치에 대한 비율"", 640, 66, 205], [""기씨"", 667, 35, 0], [""100 g "", 658, 41, 64], [""8%"", 680, 40, 342], [""주[설"", 698, 34, 0], [""나트륨"", 710, 37, 58], [""150 mg"", 700, 33, 168], [""글리"", 727, 32, 0], [""20%"", 733, 44, 334], [""탄수화물"", 756, 35, 56], [""65g"", 749, 34, 188], [""21g"", 800, 38, 206], [""21%"", 784, 45, 348], [""당류"", 806, 40, 87], [""23g"", 855, 40, 145], [""43%"", 836, 48, 349], [""지방"", 858, 39, 51], [""트랜스지방"", 910, 42, 85], [""0g"", 906, 37, 241], [""36%"", 935, 49, 359]]"
000643,2026,01,21,2026-01-21,s1,"rand 카국 0석 | 0kcal) 202601.21 | 분말스프중 | 3.6% | 분말스프 건더기스프를 개봉하여 넣은 다음 많는 물을 | 후 뚜껑을 닫고 2분정도 지난 뒷 질 저어 드시면 됩 | 의 스프를 첨가하여 나트륨(소금)섭취를 조절하십시오 | /164g（230kca | 캐나다산),변성전분,정제소금(국산),옥수수기름옥 | 아,브라질등),규소수지),혼합제제(산도조절제,정제 | 94.6% 1399 | 산),정제소금(국산),간장분말에이치비,덱스트린,밀 영양정보 164g230kcal | （22%65%（19% 총 내용량당 1일 영양성분 기준치에 대한 비율 | (중국산),산도조절제·건더기스프:별미튀김6호밀 2.120mg106%号49g15%1g1% | 시아산),건파(중국산),건당근,건미역,김후레이크 | 밀,대두,계란,새우,쇠고기,우유,아황산류 함유 1.8g3%0g0g0% | 525 0g0%5g9%","[[""카국"", 276, 295, 184], [""rand"", 168, 27, 0], [""0석"", 221, 123, 339], [""0kcal)"", 442, 46, 0], [""202601.21"", 450, 62, 139], [""분말스프중"", 480, 63, 0], [""3.6%"", 517, 38, 0], [""분말스프 건더기스프를 개봉하여 넣은 다음 많는 물을"", 613, 43, 1], [""후 뚜껑을 닫고 2분정도 지난 뒷 질 저어 드시면 됩"", 643, 42, 5], [""의 스프를 첨가하여 나트륨(소금)섭취를 조절하십시오"", 672, 42, 3], [""/164g（230kca"", 706, 30, 91], [""캐나다산),변성전분,정제소금(국산),옥수수기름옥"", 730, 36, 14], [""아,브라질등),규소수지),혼합제제(산도조절제,정제"", 756, 39, 4], [""94.6%"", 781, 38, 3], [""산),정제소금(국산),간장분말에이치비,덱스트린,밀"", 807, 38, 4], [""1399"", 801, 34, 340], [""（22%65%（19%"", 832, 36, 3], [""영양정보"", 824, 31, 237], [""164g230kcal"", 836, 37, 390], [""(중국산),산도조절제·건더기스프:별미튀김6호밀"", 858, 35, 4], [""총 내용량당"", 850, 26, 236], [""1일 영양성분 기준치에 대한 비율"", 862, 39, 367], [""시아산),건파(중국산),건당근,건미역,김후레이크"", 882, 36, 5], [""2.120mg106%号49g15%1g1%"", 887, 45, 239], [""밀,대두,계란,새우,쇠고기,우유,아황산류 함유"", 909, 38, 10], [""1.8g3%0g0g0%"", 916, 43, 239], [""525"", 930, 33, 2], [""0g0%5g9%"", 941, 36, 236]]"
000644,2027,03,11,2027-03-11,s1,커피 #달달한#당충전#홈카페 믹스커피 | 27.03.11 | 16:23,"[[""커피 #달달한#당충전#홈카페"", 156, 297, 111], [""믹스커피"", 256, 426, 249], [""27.03.11"", 568, 43, 106], [""16:23"", 617, 44, 137]]"
000645,2025,05,13,2025-05-13,s1,"2025-05-13 | LR13303:51 | No Brand | 브랜드가 아니다.소비자다 | 수입원(주)이마트/ | 대로7길3기(순환동) 서울특별신 충구 세종 보광서개 선 피하고 | ：021380.5678 늘봉 흔들어 | 소비기한 용기 상단 주시고 개봉후 | 별도 표시일까지 반드시 냉장보관 | (년.월.일준) | 원재료명사과주스 | (사과퓨레,사과농축물) | 포도주스(정제수,포도 | 탕큰농축액) | (망고퓨레,","[[""2025-05-13"", 394, 46, 95], [""LR13303:51"", 427, 61, 91], [""No Brand"", 554, 45, 125], [""브랜드가 아니다.소비자다"", 573, 42, 128], [""보광서개"", 696, 85, 349], [""선"", 686, 25, 376], [""피하고"", 678, 28, 416], [""늘봉"", 714, 40, 376], [""수입원(주)이마트/"", 698, 65, 123], [""흔들어"", 714, 33, 417], [""서울특별신 충구 세종"", 717, 72, 129], [""주시고"", 738, 27, 357], [""개봉후"", 734, 37, 413], [""대로7길3기(순환동)"", 738, 69, 133], [""반드시 냉장보관"", 753, 38, 356], [""：021380.5678"", 755, 66, 137], [""소비기한 용기 상단"", 777, 59, 144], [""별도 표시일까지"", 801, 55, 147], [""(년.월.일준)"", 821, 50, 153], [""원재료명사과주스"", 836, 59, 155], [""(사과퓨레,사과농축물)"", 853, 66, 158], [""포도주스(정제수,포도"", 870, 65, 162], [""탕큰농축액)"", 893, 45, 239], [""(망고퓨레,"", 910, 39, 248]]"
000646,2027,01,15,2027-01-15,s1,irapefrui' | 몽허니 15/01/2027,"[[""irapefrui'"", 449, 41, 20], [""15/01/2027"", 490, 55, 138], [""몽허니"", 502, 24, 43]]"
000647,2026,08,19,2026-08-19,s1,"2026.08.19 | ROLZER OTZERO7 제품명 스파클림네드 | 식품유형탄산을물 | 소비기한 뚜껑또는 | OLZERC 산,비타민(영국) 원재료명:정제수 | ZERO 보관방법 B2 JIEIP1869 직 | 제조원 | R | 유통","[[""2026.08.19"", 298, 37, 166], [""OTZERO7"", 602, 112, 84], [""제품명"", 606, 43, 277], [""스파클림네드"", 583, 58, 332], [""ROLZER"", 651, 111, 81], [""식품유형탄산을물"", 626, 86, 276], [""소비기한 뚜껑또는"", 654, 95, 277], [""OLZERC"", 750, 104, 91], [""원재료명:정제수"", 687, 82, 281], [""산,비타민(영국)"", 711, 84, 282], [""B2 JIEIP1869"", 813, 74, 287], [""직"", 822, 22, 368], [""ZERO"", 875, 96, 99], [""보관방법"", 844, 52, 292], [""제조원"", 881, 44, 292], [""R"", 924, 29, 233], [""유통"", 922, 33, 296]]"
000648,2026,08,25,2026-08-25,erode5,0 | 2026/08/2522,"[[""0"", 406, 137, 74], [""2026/08/2522"", 465, 120, 84]]"
000649,2027,01,07,2027-01-07,clahe,"2027 1 .07까지 | 레 순한맛 ""더 맛있고 질 | 오뚜기백세카레는강황 | <SE CURRY MILD 로즈마리,월계수잎 등을 | （4100g | （7）60g，（25g）7 | 조리방법1.고기,양파,감자,당근을 적당한크7 | 물을붓고재료가완전히의을때까지 | 레라이스 2.불을 약하게한후오뚜기백세카레를 | 밥위에없어내면완성됩니다 | 품목보고번호 20010445055181 소비 | 루(밀:미국산/호주산)덱스트린,카레분12%강","[[""2027"", 503, 34, 42], ["".07까지"", 490, 39, 279], [""1"", 498, 8, 225], [""\""더 맛있고 질"", 565, 44, 372], [""레 순한맛"", 600, 67, 0], [""오뚜기백세카레는강황"", 602, 39, 350], [""로즈마리,월계수잎 등을"", 635, 38, 325], [""<SE CURRY MILD"", 653, 33, 1], [""（4100g"", 703, 54, 141], [""（7）60g，（25g）7"", 728, 47, 252], [""조리방법1.고기,양파,감자,당근을 적당한크7"", 760, 59, 145], [""물을붓고재료가완전히의을때까지"", 786, 53, 257], [""2.불을 약하게한후오뚜기백세카레를"", 814, 53, 257], [""레라이스"", 847, 40, 1], [""밥위에없어내면완성됩니다"", 844, 45, 259], [""소비"", 890, 45, 470], [""품목보고번호"", 910, 33, 35], [""20010445055181"", 908, 43, 209], [""루(밀:미국산/호주산)덱스트린,카레분12%강"", 938, 51, 0]]"
000650,2026,08,05,2026-08-05,s1,10g18% 수축필 OTHER 페트 | 스티커:PP | 星128 | 2026.08.050m | 10:49903 | 이2서 | 080 | 네비니품목,"[[""10g18%"", 65, 24, 238], [""OTHER"", 138, 73, 448], [""수축필"", 139, 40, 440], [""스티커:PP"", 167, 60, 434], [""페트"", 164, 35, 481], [""星128"", 196, 72, 0], [""2026.08.050m"", 437, 39, 105], [""10:49903"", 480, 47, 132], [""080"", 724, 114, 0], [""네비니품목"", 776, 76, 29], [""이2서"", 807, 36, 295]]"
000651,2026,06,25,2026-06-25,s1,1LSMO | 2026.06.250 | MEALO,"[[""1LSMO"", 368, 91, 304], [""2026.06.250"", 437, 46, 104], [""MEALO"", 516, 59, 209]]"
000652,2027,03,31,2027-03-31,s1,"로관하세요·입구부분에내용물이국으면갈안열수있으니 | 사용후,질,닭아 뚜껑을 담아 주세요·보관중 침전이 생길 수 | 있으나 할불로스 고유의 성분으로 안심하고 드셔도 | 1399 | 본 제품은 공정거래 위원회 고시 소비자 분쟁해결기준에 | 의거 교환 또는 보상 받을 수 있습니다. | ）：080023-3399 | 소비기한 | 2027.03.31-A 까지 | 영양상 영양정보 490g10039kcal | 나트륨 5mg 0%지방 0g0% | 탄수화물 75g 23% 트랜스지방 0 | 당류 2g2% 포화지방 08 0% | 당알콜 48 콜레스테롤 0mg 0% | 알로오스 62g 단백질 0g0% | 개인의 필요 열량에 따라 다를 수 있습니다.","[[""로관하세요·입구부분에내용물이국으면갈안열수있으니"", 145, 58, 11], [""사용후,질,닭아 뚜껑을 담아 주세요·보관중 침전이 생길 수"", 183, 62, 14], [""있으나 할불로스 고유의 성분으로 안심하고 드셔도"", 222, 50, 15], [""1399"", 262, 48, 31], [""본 제품은 공정거래 위원회 고시 소비자 분쟁해결기준에"", 300, 44, 27], [""의거 교환 또는 보상 받을 수 있습니다."", 337, 40, 27], [""）：080023-3399"", 377, 38, 39], [""소비기한"", 434, 42, 36], [""2027.03.31-A"", 478, 47, 140], [""까지"", 492, 43, 423], [""영양정보"", 563, 79, 27], [""490g10039kcal"", 575, 48, 179], [""영양상"", 580, 27, 44], [""나트륨"", 630, 40, 37], [""5mg 0%지방"", 634, 44, 136], [""0g0%"", 631, 50, 365], [""탄수화물"", 672, 43, 34], [""75g 23%"", 677, 40, 127], [""트랜스지방"", 678, 39, 260], [""0"", 674, 41, 363], [""당류"", 715, 42, 43], [""2g2%"", 719, 42, 133], [""포화지방"", 721, 40, 260], [""08"", 718, 39, 368], [""0%"", 714, 36, 431], [""당알콜"", 757, 48, 40], [""48"", 764, 41, 129], [""콜레스테롤"", 765, 42, 254], [""0mg 0%"", 758, 50, 367], [""알로오스 62g"", 804, 64, 36], [""단백질"", 806, 44, 251], [""0g0%"", 800, 45, 368], [""개인의 필요 열량에 따라 다를 수 있습니다."", 880, 48, 35]]"
000653,2027,01,19,2027-01-19,s1,제조번호 C08474B | 사용기한: 2027.01.19,"[[""C08474B"", 461, 49, 192], [""제조번호"", 474, 41, 23], [""2027.01.19"", 500, 56, 196], [""사용기한:"", 530, 41, 29]]"
000654,2028,07,02,2028-07-02,s1,미액과품보피순면커버내추질 | 프황수지부분문제기 | 2028.07.02个 | 250703Gb05298,"[[""미액과품보피순면커버내추질"", 306, 67, 240], [""프황수지부분문제기"", 340, 47, 348], [""2028.07.02个"", 388, 103, 69], [""250703Gb05298"", 445, 106, 40]]"
000655,2026,08,27,2026-08-27,s1,영양정보 100g568k | 恒县60mg34%号33g10%号16g16 | 콜레스테롤O0mg0% 19g35% | 준이로 개인의 필요 열량에 따라 다를 수 있습니다. | 소비기한 | 2026.08.27 B252 F2,"[[""영양정보"", 35, 58, 0], [""100g568k"", 40, 55, 324], [""恒县60mg34%号33g10%号16g16"", 92, 56, 0], [""콜레스테롤O0mg0%"", 187, 40, 1], [""19g35%"", 194, 48, 188], [""준이로 개인의 필요 열량에 따라 다를 수 있습니다."", 276, 75, 2], [""소비기한"", 310, 45, 0], [""2026.08.27"", 410, 70, 54], [""B252 F2"", 424, 57, 239]]"
000656,2026,09,04,2026-09-04,s1,총 내용량40g | 115kcal | 1일 영양성분 | 기준치에 대한 비율 | ng 38% | 3% | 10% | 5% | Dongwon OTHER | 8% | mg 22% | 12g 22% | 叫（%）号2.000kcal | 따라 다를 수 있습니다 8801047183655 | 2026.09.04 4HJC,"[[""총 내용량40g"", 30, 33, 49], [""115kcal"", 60, 30, 111], [""1일 영양성분"", 91, 38, 73], [""기준치에 대한 비율"", 122, 34, 19], [""38%"", 152, 30, 147], [""ng"", 160, 20, 0], [""3%"", 180, 29, 162], [""10%"", 209, 30, 151], [""5%"", 236, 31, 165], [""Dongwon"", 268, 31, 276], [""OTHER"", 266, 23, 428], [""8%"", 290, 27, 169], [""mg"", 325, 22, 5], [""22%"", 317, 24, 161], [""12g"", 350, 23, 1], [""22%"", 343, 26, 161], [""叫（%）号2.000kcal"", 374, 37, 0], [""8801047183655"", 387, 25, 282], [""따라 다를 수 있습니다"", 398, 36, 6], [""4HJC"", 506, 55, 337], [""2026.09.04"", 519, 64, 96]]"
000657,2026,07,27,2026-07-27,s1,랜스지방 8g | 화지방 1g 4% 11% | 스테롤 18mg 3% 8% | 질 4.0 7% 24 | 2026.07.27,"[[""랜스지방"", 80, 49, 0], [""8g"", 84, 37, 169], [""화지방"", 127, 46, 0], [""1g"", 130, 39, 172], [""4%"", 133, 40, 279], [""11%"", 140, 39, 495], [""스테롤"", 172, 45, 2], [""18mg"", 173, 42, 134], [""3%"", 174, 41, 282], [""8%"", 180, 40, 500], [""질"", 218, 37, 4], [""4.0"", 216, 30, 175], [""7%"", 216, 35, 287], [""24"", 221, 36, 495], [""2026.07.27"", 490, 72, 97]]"
000658,2026,01,16,2026-01-16,s1,2026.01.16617,"[[""2026.01.16617"", 503, 93, 80]]"
000659,2026,08,24,2026-08-24,s1,Flavor | SWEET! | 2026.08.24 | 까지 | 804433 103688 | MADE IN KOREA | 소비자 안전관리인증 | 중심 HACCP,"[[""Flavor"", 102, 165, 50], [""SWEET!"", 245, 148, 131], [""2026.08.24"", 490, 53, 88], [""까지"", 550, 31, 410], [""103688"", 714, 39, 301], [""804433"", 732, 38, 178], [""MADE IN KOREA"", 782, 66, 170], [""안전관리인증"", 834, 43, 419], [""소비자"", 859, 30, 271], [""HACCP"", 859, 47, 423], [""중심"", 881, 24, 293]]"
000660,2026,02,28,2026-02-28,s1,니다. | 영양정보 | 나트륨 150mg 8% 지방 19g | 35% | 탄수화물 100g 31% 트랜스지방 0g | 당류 33g 33% 포화지방 14g93% | 콜레스테롤 15 mg 5% 단백질6g 11% | 2026.02.28B20:35 | 소비 | 기한 까지 | 801728 108830 | MADE IN KOREA | 안전관리인증,"[[""니다."", 95, 40, 6], [""영양정보"", 153, 72, 2], [""8%"", 210, 33, 219], [""지방 19g"", 216, 61, 273], [""나트륨"", 218, 44, 1], [""150mg"", 215, 36, 89], [""35%"", 247, 47, 455], [""탄수화물"", 266, 43, 2], [""100g"", 262, 38, 109], [""31%"", 259, 36, 212], [""트랜스지방"", 265, 50, 299], [""0g"", 278, 43, 412], [""당류 33g"", 312, 41, 19], [""33%"", 308, 36, 207], [""포화지방"", 311, 48, 298], [""14g93%"", 327, 56, 394], [""15 mg"", 358, 37, 130], [""5%"", 356, 33, 220], [""단백질6g"", 360, 54, 275], [""콜레스테롤"", 360, 43, 4], [""11%"", 378, 33, 473], [""2026.02.28B20:35"", 542, 49, 145], [""소비"", 566, 37, 37], [""기한"", 603, 40, 37], [""까지"", 608, 40, 453], [""801728"", 795, 34, 153], [""108830"", 802, 32, 317], [""MADE IN KOREA"", 863, 38, 184], [""안전관리인증"", 932, 25, 410]]"
000661,2026,04,17,2026-04-17,s1,SNEFN! | 영양정보 140g615kcal | 三号200mg 10% 지방 | 탄수화물 93g29% 24g44% | 트랜스지방 0.5g미만 | 당류 48g48% | 콜레스테롤20mg 7% 단백질 | 7g13% | 2026.04.17A10:04 | 소비 | 기한 | 38017281108748 | HACCP,"[[""SNEFN!"", 40, 91, 147], [""140g615kcal"", 158, 92, 192], [""영양정보"", 146, 62, 17], [""10%"", 194, 37, 181], [""지방"", 198, 44, 255], [""三号200mg"", 198, 53, 6], [""24g44%"", 220, 52, 383], [""93g29%"", 236, 44, 108], [""탄수화물"", 239, 44, 6], [""트랜스지방 0.5g미만"", 256, 62, 282], [""48g48%"", 276, 48, 113], [""당류"", 280, 43, 23], [""콜레스테롤20mg"", 319, 45, 1], [""7%"", 320, 29, 186], [""단백질"", 322, 35, 255], [""7g13%"", 345, 50, 394], [""2026.04.17A10:04"", 525, 52, 112], [""소비"", 550, 40, 27], [""기한"", 586, 39, 31], [""38017281108748"", 751, 32, 158], [""HACCP"", 838, 22, 413]]"
000662,2026,03,11,2026-03-11,s1,"과지방 15g | 레스테롤 1mg | 환백질 3g | 영양성분 기준치에 대한 비율(%)은 2,0 | 준이므로 개있의 필요 열량에 따라 다를수 | 소비기한 | 2026.03.11外 | 까지 | CSAMIG.","[[""15g"", 62, 62, 306], [""과지방"", 82, 67, 77], [""1mg"", 126, 55, 309], [""레스테롤"", 144, 75, 64], [""3g"", 188, 61, 303], [""환백질"", 206, 53, 57], [""영양성분 기준치에 대한 비율(%)은 2,0"", 254, 73, 53], [""준이므로 개있의 필요 열량에 따라 다를수"", 305, 64, 49], [""소비기한"", 412, 41, 46], [""2026.03.11外"", 491, 48, 145], [""까지"", 580, 29, 411], [""CSAMIG."", 804, 43, 168]]"
000663,2026,02,10,2026-02-10,s1,25.09.11 부터 | 26.02.10 까지 | 20:20 A04,"[[""25.09.11"", 456, 47, 107], [""부터"", 455, 56, 407], [""26.02.10"", 500, 43, 110], [""까지"", 505, 46, 409], [""20:20 A04"", 540, 51, 110]]"
000664,2026,02,20,2026-02-20,s1,"유지를 위해 질소충전 포장을 하였습니다. OTHER | 전관리인증 | CCP | 식품안전지 | 801043""044400 | 2026.02.20 | 영양정보 350kcal | 号480mg24% 탄수화물 47g15% | 류6g6% 16g30% | 지방0g 14.4g8% | 5mg미만 1% 단백 | 있습니다","[[""유지를 위해 질소충전 포장을 하였습니다."", 41, 64, 8], [""OTHER"", 19, 35, 424], [""전관리인증"", 164, 32, 0], [""CCP"", 198, 44, 0], [""식품안전지"", 264, 27, 0], [""801043\""044400"", 289, 43, 189], [""2026.02.20"", 430, 55, 68], [""영양정보"", 661, 124, 0], [""350kcal"", 638, 69, 414], [""47g15%"", 682, 75, 412], [""탄수화물"", 708, 52, 290], [""号480mg24%"", 724, 55, 0], [""류6g6%"", 769, 38, 0], [""16g30%"", 758, 57, 166], [""지방0g"", 802, 27, 81], [""14.4g8%"", 790, 80, 412], [""5mg미만 1%"", 836, 34, 157], [""단백"", 833, 46, 344], [""있습니다"", 867, 54, 445]]"
000665,2026,03,25,2026-03-25,s1,고환 제조원및구입처 나트륨 제용량당 1밀 영양성분기준에 대한내율 | 직사광선을 피하여 건조하고 탄수화물 | 서늘한 곳에 실온보관 당류 26g | 사용한 제품과 같은 제조시설에서 제조 알레르기발생 가능성이 있는 토마토 트랜스지방 20g | 포화지방 0g | 니다.개봉 시 포장재 절단면이 날카 콜레스테롤 | 으니 주의하세요 45mg15% | 3g 5% | 좋은 공정거래위원회 고시 소비자분쟁 1200 | 에의거 교환 또는 보상받을 수 있습니다. 기준이므로 개인의 필요 열량에 따라 대를 수 있습니다. | 139 | 의 신선도를 유지하기 위해 넣은 선도 | 는 드시지 마십시오 | 2026.03.25,"[[""제조원및구입처"", 16, 35, 42], [""제용량당 1밀 영양성분기준에 대한내율"", 32, 67, 366], [""고환"", 26, 33, 0], [""나트륨"", 32, 29, 345], [""직사광선을 피하여 건조하고"", 51, 48, 9], [""탄수화물"", 65, 36, 337], [""서늘한 곳에 실온보관"", 83, 48, 12], [""당류"", 86, 30, 341], [""26g"", 94, 32, 428], [""알레르기발생 가능성이 있는 토마토"", 120, 56, 0], [""트랜스지방"", 137, 34, 346], [""20g"", 136, 29, 431], [""사용한 제품과 같은 제조시설에서 제조"", 150, 56, 0], [""포화지방"", 157, 33, 345], [""0g"", 156, 27, 439], [""니다.개봉 시 포장재 절단면이 날카"", 182, 57, 0], [""콜레스테롤"", 182, 30, 344], [""45mg15%"", 202, 40, 428], [""으니 주의하세요"", 213, 40, 1], [""1200"", 242, 45, 345], [""3g 5%"", 229, 34, 444], [""좋은 공정거래위원회 고시 소비자분쟁"", 243, 52, 0], [""기준이므로 개인의 필요 열량에 따라 대를 수 있습니다."", 259, 43, 345], [""에의거 교환 또는 보상받을 수 있습니다."", 274, 43, 0], [""139"", 306, 39, 0], [""의 신선도를 유지하기 위해 넣은 선도"", 337, 41, 0], [""는 드시지 마십시오"", 372, 36, 0], [""2026.03.25"", 510, 39, 112]]"
000666,2025,09,01,2025-09-01,s1,LOTTE | 8801062893546 | 25:09.01 까지,"[[""LOTTE"", 352, 31, 2], [""8801062893546"", 439, 35, 144], [""25:09.01"", 552, 131, 40], [""까지"", 584, 48, 448]]"
000667,2026,06,22,2026-06-22,s1,활심 양:위관의(인증 | HACCP | 식품의약품안전처 e | 2025.09.23 | 부터 | 2026.06.22 | 까지 맛있는 약속,"[[""활심 양:위관의(인증"", 279, 28, 60], [""HACCP"", 312, 45, 64], [""e"", 412, 111, 352], [""식품의약품안전처"", 379, 28, 74], [""2025.09.23"", 449, 52, 87], [""부터"", 476, 29, 317], [""2026.06.22"", 506, 53, 90], [""까지"", 529, 28, 319], [""맛있는 약속"", 527, 31, 372]]"
000668,2026,04,30,2026-04-30,s1,소비기한 | 2026.4.30 영 | A5203270510 | 성향료(바,"[[""소비기한"", 485, 37, 48], [""영"", 518, 39, 496], [""2026.4.30"", 536, 56, 137], [""A5203270510"", 574, 57, 158], [""성향료(바"", 704, 45, 384]]"
000669,2026,09,02,2026-09-02,s1,SALTINE CRACKERS | 2025.09.03 | 2026.09.02 까지 | 맛있는 약속,"[[""SALTINE CRACKERS"", 286, 51, 106], [""2025.09.03"", 462, 57, 106], [""까지"", 517, 30, 385], [""2026.09.02"", 536, 55, 114], [""맛있는 약속"", 542, 33, 429]]"
000670,2024,12,09,2024-12-09,hires,릿이 통째로 | L | 6 부터 | 9 12 24F | 까지,"[[""릿이 통째로"", 203, 162, 0], [""L"", 454, 51, 88], [""부터"", 861, 110, 876], [""6"", 910, 66, 467], [""24F"", 947, 96, 413], [""12"", 972, 69, 287], [""까지"", 998, 92, 880], [""9"", 980, 25, 250]]"
000671,2026,03,31,2026-03-31,s1,나피 | 소비 2025.10.01/17:15 부터 | 기한 2026.03.31/A 까지 | 입니다 http://www.orionworld.com,"[[""나피"", 282, 73, 403], [""소비"", 421, 48, 1], [""2025.10.01/17:15"", 458, 67, 135], [""기한"", 466, 48, 0], [""부터"", 470, 53, 465], [""2026.03.31/A"", 498, 64, 130], [""까지"", 516, 54, 459], [""입니다"", 584, 38, 46], [""http://www.orionworld.com"", 619, 54, 210]]"
000672,2026,02,08,2026-02-08,s1,"포화시형9 | 래스테롤10mg | 단백질59 이 | 객지원센터 080-024-6060 비닐류 | 신자요금부담 | OTHER | 801062""641826 | 26:02.08F4C3 | 까지 | 품질관리하에 제조되었습니다.","[[""포화시형9"", 11, 26, 58], [""래스테롤10mg"", 35, 71, 40], [""이"", 70, 36, 352], [""단백질59"", 74, 62, 49], [""객지원센터"", 194, 97, 54], [""비닐류"", 208, 32, 337], [""080-024-6060"", 228, 74, 72], [""신자요금부담"", 254, 47, 106], [""OTHER"", 260, 26, 326], [""801062\""641826"", 421, 42, 116], [""26:02.08F4C3"", 516, 54, 104], [""까지"", 534, 41, 457], [""품질관리하에 제조되었습니다."", 614, 33, 102]]"
000673,2026,06,02,2026-06-02,erode5,"선울피허 서늘한 | 충이받생합수있 | 현상으로 안심하 | 관하서고 유료 | 2계란 메밀 땅콩 고등 | 토마토 아황산류,호두 | 굴,전복,혼함포함),잣 | 에서 제조하고 있습니다 | 고시 소비자분쟁해결기준 | 실수 있습니다 | 134 | 2026.06.02","[[""선울피허 서늘한"", 52, 43, 127], [""충이받생합수있"", 90, 43, 123], [""현상으로 안심하"", 126, 45, 137], [""관하서고 유료"", 244, 47, 81], [""2계란 메밀 땅콩 고등"", 280, 67, 36], [""토마토 아황산류,호두"", 319, 62, 49], [""굴,전복,혼함포함),잣"", 356, 65, 49], [""에서 제조하고 있습니다"", 392, 57, 97], [""고시 소비자분쟁해결기준"", 424, 59, 171], [""실수 있습니다"", 465, 50, 219], [""134"", 505, 28, 265], [""2026.06.02"", 624, 113, 118]]"
000674,2026,06,02,2026-06-02,s1,현미Bre | 귀리 Oats | 백미 White | 난소화성물 | 단백질11 | 의원 1（190g7 | 소비 26.06.02 | 기한 | LT5 까지,"[[""현미Bre"", 13, 29, 391], [""귀리"", 58, 47, 392], [""Oats"", 54, 31, 464], [""백미"", 184, 51, 400], [""White"", 188, 29, 479], [""난소화성물"", 252, 47, 404], [""단백질11"", 364, 54, 404], [""의원"", 418, 35, 16], [""1（190g7"", 402, 26, 445], [""26.06.02"", 494, 61, 198], [""소비"", 508, 34, 2], [""기한"", 538, 33, 5], [""까지"", 538, 32, 484], [""LT5"", 553, 36, 86]]"
000675,2028,06,03,2028-06-03,s1,사골육수 질의 깊고담들 | CRL523B 11:01 | 03-06-2028 | %T6tF JU기 0 %060兰,"[[""사골육수"", 122, 240, 259], [""질의 깊고담들"", 94, 170, 375], [""CRL523B 11:01"", 370, 47, 120], [""03-06-2028"", 407, 45, 122], [""%T6tF"", 889, 141, 52], [""%060兰"", 915, 88, 276], [""JU기 0"", 922, 75, 238]]"
000676,2026,06,10,2026-06-10,s1,2026.06.1004:46:1311,"[[""2026.06.1004:46:1311"", 380, 82, 52]]"
000677,2027,08,17,2027-08-17,s1,조리 | 2027.08.17 4분 | e 까지 | 수#멸치국수#비밤국수 | 800kcal),"[[""조리"", 374, 51, 489], [""4분"", 412, 73, 490], [""2027.08.17"", 438, 65, 108], [""까지"", 498, 59, 175], [""e"", 521, 58, 4], [""수#멸치국수#비밤국수"", 655, 56, 3], [""800kcal)"", 870, 77, 0]]"
000678,2026,07,24,2026-07-24,s1,"9:향매 | 명번나트륨), 정제소금,가수는 | 옥수수,밀),탄산나트륨,향 | 발 효모추출물, 변성전분,5리 | 티드이나트륨, ,카라멜색소,초산 | 추추출물 밀,우유,대두,토 | E 폴리에틸렌(내포장) 원 | N1409 | 노므부드류 식과 실천 는 오두이마트은 | 2026.7.24 | J210","[[""명번나트륨),"", 19, 34, 138], [""정제소금,가수는"", 38, 78, 320], [""9:향매"", 16, 34, 421], [""옥수수,밀),탄산나트륨,향"", 70, 113, 190], [""발"", 96, 27, 156], [""효모추출물,"", 94, 43, 196], [""변성전분,5리"", 120, 85, 342], [""티드이나트륨,"", 133, 41, 148], ["",카라멜색소,초산"", 156, 90, 284], [""추추출물"", 170, 42, 138], [""밀,우유,대두,토"", 207, 82, 313], [""폴리에틸렌(내포장)"", 232, 69, 128], [""E"", 237, 68, 46], [""원"", 258, 31, 420], [""N1409"", 308, 80, 25], [""노므부드류 식과 실천"", 346, 49, 24], [""는 오두이마트은"", 370, 47, 422], [""2026.7.24"", 482, 111, 114], [""J210"", 591, 69, 171]]"
000679,2027,09,17,2027-09-17,s1,주의사항 하십시오 당전을 피하시고 실온에 보관 | 제조원 연암율금로42/ | 080）225-1383 | 문 | （号）/（02）380-5678 | 번호 20090449018240 | 및교환처:구입처및제조원 | 소비기한 | 2027.09.17 까지 | 804645 006746,"[[""주의사항"", 23, 37, 9], [""하십시오"", 25, 35, 137], [""당전을 피하시고 실온에 보관"", 12, 26, 264], [""제조원"", 88, 35, 21], [""연암율금로42/"", 92, 34, 138], [""080）225-1383"", 120, 31, 141], [""문"", 156, 28, 70], [""（号）/（02）380-5678"", 184, 29, 142], [""번호"", 214, 26, 84], [""20090449018240"", 216, 26, 137], [""및교환처:구입처및제조원"", 260, 31, 55], [""소비기한"", 476, 31, 18], [""2027.09.17"", 540, 38, 149], [""까지"", 555, 32, 480], [""804645"", 874, 28, 183], [""006746"", 870, 26, 306]]"
000680,2025,10,15,2025-10-15,s1,비닐류 | OTHER | 안전관리인증 | HACCP | 8 809117 021739 | 소비기한 | 2025.10.15 까지,"[[""비닐류"", 67, 32, 433], [""OTHER"", 125, 34, 411], [""안전관리인증"", 182, 20, 415], [""HACCP"", 203, 26, 413], [""809117"", 255, 35, 71], [""021739"", 248, 38, 240], [""8"", 260, 21, 21], [""소비기한"", 370, 51, 19], [""2025.10.15"", 556, 88, 54], [""까지"", 549, 48, 452]]"
000681,2026,01,09,2026-01-09,s1,2026.01.0911:25 1/2 | 게 맛있는 운,"[[""1/2"", 506, 29, 444], [""2026.01.0911:25"", 516, 57, 54], [""운"", 730, 229, 323], [""게 맛있는"", 683, 66, 0]]"
000682,2026,01,25,2026-01-25,s2,2026.01.25 12:42mlW1 | 고부드러운 갈,"[[""갈"", 677, 337, 273], [""고부드러운"", 639, 53, 3], [""2026.01.25 12:42mlW1"", 476, 59, 35]]"
000683,2026,03,11,2026-03-11,s1,Korean Style Beef Soup | 2026.03.11A | 00105 090406 | 까지,"[[""Korean Style Beef Soup"", 308, 39, 94], [""2026.03.11A"", 470, 57, 72], [""00105 090406"", 521, 42, 54], [""까지"", 586, 61, 438]]"
000684,2026,03,23,2026-03-23,s1,2026.03.23 | 03815 193648 | 까지,"[[""2026.03.23"", 494, 67, 71], [""03815 193648"", 542, 63, 77], [""까지"", 577, 54, 415]]"
000685,2026,05,28,2026-05-28,s1,2026.05.28B | 001261322 | 까지 | STE | 탕 우려내,"[[""2026.05.28B"", 412, 47, 64], [""001261322"", 441, 31, 106], [""까지"", 470, 51, 455], [""STE"", 716, 29, 0], [""탕"", 864, 191, 0], [""우려내"", 902, 33, 298]]"
000686,2025,10,03,2025-10-03,s2,우려가 있으니 섭취 시 주의하시기 바랍니다.실소 | 조리방법:충간불에서 가열 조리 후 섭취 | 영양정보 | 나트륨 600mg30% 탄수화물 | 4.9 | 引量40mg13% 단박 | 1（%）2000kcal0 | 81809148793278 | 제조일자 소비기한 | 2025.10.032025.10.127 | 반품 및 교환처:구입처 및 제조원,"[[""영양정보"", 112, 53, 18], [""탄수화물"", 165, 40, 411], [""나트륨"", 175, 40, 27], [""600mg30%"", 171, 40, 130], [""단박"", 252, 44, 483], [""引量40mg13%"", 260, 49, 39], [""소비기한"", 472, 36, 339], [""제조일자"", 481, 36, 61], [""반품 및 교환처:구입처 및 제조원"", 605, 41, 39], [""우려가 있으니 섭취 시 주의하시기 바랍니다.실소"", 16, 31, 5], [""조리방법:충간불에서 가열 조리 후 섭취"", 49, 39, 8], [""4.9"", 214, 53, 33], [""1（%）2000kcal0"", 302, 45, 17], [""81809148793278"", 424, 46, 49], [""2025.10.032025.10.127"", 536, 45, 35]]"
000687,2025,10,17,2025-10-17,s1,개봉시 | 용도 | 당 | 100% | 식품유형:포장욱 |   803000317683 | 20251017 까지 880 | HACCP 비닐류 | 냉장보관 OTHER OTHER | 라벨:PP,"[[""개봉시"", 71, 54, 442], [""용도"", 182, 47, 475], [""당"", 232, 42, 513], [""100%"", 336, 64, 65], [""식품유형:포장욱"", 396, 65, 63], ["" "", 526, 151, 70], [""803000317683"", 484, 50, 135], [""20251017"", 570, 54, 128], [""까지"", 571, 28, 376], [""880"", 583, 24, 483], [""HACCP"", 688, 23, 81], [""비닐류"", 684, 25, 357], [""냉장보관"", 728, 32, 178], [""OTHER OTHER"", 725, 26, 258], [""라벨:PP"", 746, 26, 342]]"
000688,2025,11,10,2025-11-10,s1,란 | gs | 이미지 사진 | 소비기한: 2025.11.10 까지 | 보한견란,"[[""란"", 166, 144, 0], [""gs"", 264, 55, 0], [""이미지 사진"", 382, 33, 414], [""까지"", 448, 25, 485], [""2025.11.10"", 472, 35, 190], [""소비기한:"", 487, 31, 5], [""보한견란"", 662, 36, 5]]"
000689,2025,10,27,2025-10-27,s1,영양성 | 1일 영양성분 | 총 내용량당 기준치에 대한 비율 | 三云660mg 33% 류 | 수화물8g 2% | 당류4g 4% | 11g 20% | 랜스지방09 | 3.4g 23% | 콜레스테롤50mg 17% | 12g 22% | 열량에 따라 다를 수 있습니다. | 고객행복센터 080-850-1200 | 소충한 의견을기다립니다 1666-5471（号） | 25.10.27B,"[[""영양성"", 17, 39, 116], [""1일 영양성분"", 24, 21, 287], [""기준치에 대한 비율"", 41, 33, 240], [""총 내용량당"", 51, 45, 117], [""33%"", 65, 30, 334], [""류"", 56, 22, 464], [""三云660mg"", 80, 52, 120], [""2%"", 98, 31, 343], [""수화물8g"", 110, 45, 129], [""4%"", 130, 29, 343], [""당류4g"", 143, 37, 138], [""20%"", 155, 29, 336], [""11g"", 176, 33, 157], [""랜스지방09"", 199, 51, 148], [""23%"", 206, 30, 338], [""3.4g"", 222, 50, 136], [""17%"", 235, 29, 340], [""콜레스테롤50mg"", 249, 52, 115], [""22%"", 266, 32, 340], [""12g"", 282, 45, 109], [""열량에 따라 다를 수 있습니다."", 350, 50, 102], [""고객행복센터"", 400, 34, 145], [""080-850-1200"", 392, 20, 304], [""1666-5471（号）"", 414, 22, 308], [""소충한 의견을기다립니다"", 422, 29, 144], [""25.10.27B"", 544, 89, 81]]"
000690,2025,10,11,2025-10-11,s1,운일율H | 메가피자불고기버 | 2025.10.08.01人早 | 2025.10.11.22人 | 880106892402222211 | 号/1/FC35 | Jo2 dijuess Y표피 bU 0zz1금원물곤요 물코기(위)노,"[[""운일율H"", 254, 81, 133], [""메가피자불고기버"", 352, 59, 115], [""2025.10.08.01人早"", 396, 57, 97], [""2025.10.11.22人"", 442, 59, 96], [""880106892402222211"", 632, 73, 103], [""号/1/FC35"", 668, 81, 114], [""bU 0zz1금원물곤요 물코기(위)노"", 847, 226, 444], [""Y표피"", 872, 153, 433], [""Jo2 dijuess"", 896, 127, 292]]"
000691,2026,09,22,2026-09-22,s1,CNERS | HKER | SNIGKERS (2함 | 1유 | 25.09.23/07:31 부터 | 까지 | 26.09.22/F3 | 연양껑 Milka | 연양,"[[""CNERS"", 19, 38, 156], [""HKER"", 52, 39, 171], [""SNIGKERS"", 96, 85, 41], [""(2함"", 125, 26, 284], [""1유"", 186, 34, 87], [""부터"", 479, 53, 416], [""25.09.23/07:31"", 476, 61, 74], [""까지"", 519, 52, 411], [""26.09.22/F3"", 526, 56, 79], [""Milka"", 613, 89, 477], [""연양"", 635, 24, 155], [""연양껑"", 638, 31, 322]]"
000692,2026,08,21,2026-08-21,s1,"2T | TEIN BAP | 실단백질 | 오리온 | 유정 | 우유,땅 | 26.08.21B","[[""2T"", 76, 49, 97], [""TEIN"", 122, 71, 0], [""BAP"", 128, 27, 94], [""실단백질"", 160, 22, 2], [""오리온"", 219, 26, 470], [""유정"", 342, 29, 367], [""우유,땅"", 376, 84, 422], [""26.08.21B"", 501, 56, 164]]"
000693,2026,09,01,2026-09-01,s1,"BCAA 2,000mg | 닥터유 프로 단백질바 크런치70 | 온)닥터유PRO단백 | W2.700 | GR | 이너지바 Post 16 | 25.09.02/04:33 부터 | 26.09.01/F3 까지 | Hhama | Mtiko","[[""BCAA 2,000mg"", 16, 34, 71], [""닥터유 프로 단백질바 크런치70"", 34, 54, 46], [""온)닥터유PRO단백"", 126, 51, 0], [""GR"", 160, 27, 499], [""W2.700"", 162, 43, 23], [""16"", 209, 61, 466], [""Post"", 210, 48, 401], [""이너지바"", 259, 48, 153], [""부터"", 434, 33, 392], [""25.09.02/04:33"", 450, 50, 90], [""까지"", 468, 38, 389], [""26.09.01/F3"", 493, 54, 92], [""Hhama"", 686, 62, 131], [""Mtiko"", 842, 107, 321]]"
000694,2026,09,01,2026-09-01,erode5,보인 기기 | 제속개통합 정법품 | SUSTAINADLE CACO | 26.09.01 A3,"[[""보인 기기"", 224, 35, 318], [""제속개통합 정법품"", 294, 32, 297], [""SUSTAINADLE CACO"", 324, 41, 216], [""26.09.01 A3"", 430, 71, 151]]"
000695,2027,09,09,2027-09-09,s1,03 2027.09.09 | 까지 | 리,"[[""03"", 446, 37, 72], [""2027.09.09"", 460, 39, 159], [""까지"", 556, 37, 403], [""리"", 586, 35, 25]]"
000696,2025,10,28,2025-10-28,s1,"오조로C후는 내용물이 뜨거우니 섭취시주의 | 드거운 들기 수있으니 주의하십시오.간혹 | 주의 수십시오 제품의 특성상 고기의 | 류,호두,오징어,초개류(굴,전복,홈합),잣을 | 서 제조하고 있습니다.부정불량식품 | 2025.10.28人","[[""오조로C후는 내용물이 뜨거우니 섭취시주의"", 91, 77, 1], [""드거운 들기"", 136, 35, 4], [""수있으니 주의하십시오.간혹"", 123, 62, 141], [""주의"", 168, 23, 21], [""수십시오 제품의 특성상 고기의"", 158, 59, 120], [""류,호두,오징어,초개류(굴,전복,홈합),잣을"", 328, 69, 0], [""서 제조하고 있습니다.부정불량식품"", 362, 54, 3], [""2025.10.28人"", 448, 57, 142]]"
000697,2025,10,07,2025-10-07,s1,2025.10.0715 1B35 | 02M,"[[""2025.10.0715"", 416, 53, 103], [""1B35"", 410, 41, 338], [""02M"", 545, 220, 50]]"
000698,NONE,10,12,NONE-10-12,s1,10.12 R1435 | 낮아진 | 당 함량 | 20%DOWN | ·식약처 평균값대비 | 서아상럽담 아연함까,"[[""10.12 R1435"", 383, 76, 122], [""낮아진"", 538, 48, 33], [""당 함량"", 574, 47, 36], [""20%DOWN"", 606, 25, 45], [""·식약처 평균값대비"", 674, 31, 39], [""서아상럽담 아연함까"", 910, 69, 0]]"
000699,2025,09,NONE,2025-09-NONE,fail,"50 50 豆腐 0묘 5 | 차 차 09드 콘즈,와사비 미 포함 0리러 809720 금 모찌리 차모찌리도 차모찌리도 모찌리도 모찌리도 9 2025 모찌리 금 5표 | 있2A 2025 2025 2025 2025 202510 822525 37 차모찌리 모찌리 N 2is | 이 809720 809720 809720 809720 809720 더리더 822525 822525 822525 822525 822525 | 콘즈,와사비 미 포림 몬즈,와사비미 포함 몬즈,와사비 미 포함 몬즈,와사비 미 포함 콘즈,와사비 미 포함 | 의1과 백김 정품1과 판반구2 에탄구견 판료 위리레 원품명위인/정류 | 2025 2025 | mmm | 8 809720 809720 822525 822525 | 몬즈,와사비미 포함 몬즈,와사비 미 포함 | 정품1고 탄단강","[[""50"", 85, 131, 0], [""차모찌리도"", 198, 171, 0], [""2025"", 494, 52, 85], [""809720"", 729, 39, 138], [""822525"", 726, 33, 331], [""콘즈,와사비 미 포함"", 787, 57, 134], [""정품1과 판반구2"", 910, 53, 136], [""5"", 84, 151, 63], [""모찌리"", 198, 196, 0], [""202510"", 491, 68, 79], [""809720"", 728, 42, 135], [""822525"", 724, 43, 326], [""몬즈,와사비 미 포함"", 788, 67, 128], [""의1과 백김"", 908, 65, 131], [""원품명위인/정류"", 906, 68, 296], [""모찌리"", 257, 514, 684], [""2025"", 146, 129, 439], [""5표"", 302, 460, 811], [""콘즈,와사비 미 포함"", 294, 313, 146], [""809720"", 208, 136, 212], [""822525"", 389, 124, 218], [""0리러"", 240, 481, 122], [""09드"", 244, 473, 16], [""금"", 246, 322, 758], [""N 2is"", 324, 172, 869], [""있2A"", 498, 60, 47], [""금"", 172, 55, 88], [""9"", 226, 30, 452], [""더리더"", 760, 185, 0], [""0묘"", 82, 122, 6], [""차모찌리도"", 197, 160, 0], [""2025"", 496, 47, 86], [""809720"", 730, 37, 140], [""822525"", 726, 29, 330], [""몬즈,와사비 미 포함"", 787, 58, 133], [""에탄구견 판료 위리레"", 913, 48, 208], [""차모찌리"", 399, 389, 0], [""2025"", 992, 100, 171], [""822525"", 1450, 65, 662], [""809720"", 1458, 72, 279], [""몬즈,와사비미 포함"", 1574, 105, 265], [""모찌리"", 397, 394, 0], [""이"", 736, 92, 2], [""2025"", 992, 99, 169], [""mmm"", 1305, 136, 329], [""822525"", 1448, 67, 660], [""809720"", 1457, 74, 279], [""8"", 1469, 50, 136], [""몬즈,와사비 미 포함"", 1574, 103, 269], [""정품1고 탄단강"", 1822, 101, 272], [""2025"", 496, 51, 84], [""37"", 490, 27, 207], [""809720"", 729, 40, 136], [""822525"", 724, 35, 330], [""콘즈,와사비 미 포림"", 787, 58, 132], [""豆腐"", 84, 127, 2], [""모찌리도"", 198, 170, 93], [""차"", 206, 87, 11], [""2025"", 495, 50, 84], [""809720"", 729, 40, 138], [""822525"", 726, 33, 330], [""몬즈,와사비미 포함"", 787, 57, 132], [""50"", 85, 131, 0], [""모찌리도"", 196, 163, 91], [""차"", 205, 90, 10]]"
000700,2025,10,24,2025-10-24,s1,0뚜 | 2025.10.24.F3,"[[""0뚜"", 86, 147, 244], [""2025.10.24.F3"", 506, 65, 77]]"
000701,2025,10,05,2025-10-05,s1,< | 25.10.05 | 300 원,"[[""<"", 284, 123, 38], [""25.10.05"", 484, 120, 18], [""300"", 909, 96, 0], [""원"", 895, 56, 181]]"
000702,2025,10,09,2025-10-09,s1,미I L | 25.10.09办.B2.F2,"[[""미I"", 119, 22, 405], [""L"", 107, 37, 449], [""25.10.09办.B2.F2"", 432, 79, 84]]"
000703,2026,01,25,2026-01-25,s1,흔들어 | 소비기한 드세요 | 2026.01.25 16:468 | 부담 없이 맛있는 초코우유,"[[""흔들어"", 344, 45, 408], [""드세요"", 386, 47, 404], [""소비기한"", 394, 41, 49], [""2026.01.25 16:468"", 469, 64, 53], [""부담 없이 맛있는 초코우유"", 555, 36, 65]]"
000704,2026,07,29,2026-07-29,s1,나T.리 | 안심하고 드십시오 | ：080-024-2311 | 2026.07.29 9까지 | 16:11,"[[""나T.리"", 16, 29, 18], [""안심하고 드십시오"", 265, 80, 18], [""：080-024-2311"", 317, 84, 75], [""9까지"", 418, 70, 314], [""2026.07.29"", 424, 82, 61], [""16:11"", 486, 67, 184]]"
000705,2026,06,29,2026-06-29,s1, 실은에 는시고개봉후에는 질밀통 여냉장보만 하십시오 | 특성상 분리 상이 발생될 수있으나제품에는 이상이 없니 | 고드셔도닙 다.·사용 직전 충분히 효들어세 사용하시기바랍 개봉후 | 卫检08090-333 냉장보관 | 소색기한 | 2026.06.29外 | 김상큐B,"[["" 실은에 는시고개봉후에는 질밀통 여냉장보만 하십시오"", 117, 76, 56], [""특성상 분리 상이 발생될 수있으나제품에는 이상이 없니"", 159, 72, 61], [""개봉후"", 192, 43, 655], [""고드셔도닙 다.·사용 직전 충분히 효들어세 사용하시기바랍"", 202, 63, 82], [""냉장보관"", 232, 45, 650], [""卫检08090-333"", 245, 60, 91], [""소색기한"", 327, 44, 56], [""2026.06.29外"", 402, 83, 173], [""김상큐B"", 478, 74, 179]]"
000706,2026,03,11,2026-03-11,s1,열고 스프를 꺼낸 후(2)불고기맛 스프의 양을 | 먹기 알맞게 부습니다. 기호에 맞게 넣습니다. | 2026.03.11外 | 0235B081 | 8801045560038 | 영양정보 | LIE号810mg 41% 탄수,"[[""열고 스프를 꺼낸 후(2)불고기맛 스프의 양을"", 187, 97, 2], [""기호에 맞게 넣습니다."", 229, 66, 274], [""먹기 알맞게 부습니다."", 255, 64, 6], [""2026.03.11外"", 416, 99, 23], [""0235B081"", 486, 83, 63], [""8801045560038"", 784, 56, 22], [""영양정보"", 872, 95, 20], [""LIE号810mg"", 938, 45, 41], [""41%"", 938, 43, 302], [""탄수"", 936, 47, 447]]"
000707,2026,08,19,2026-08-19,s1,2026.08.19B,"[[""2026.08.19B"", 508, 53, 122]]"
000708,2025,09,18,2025-09-18,s1,2025.09.18外 | 일산 6B2흥치정지,"[[""2025.09.18外"", 462, 49, 69], [""일산 6B2흥치정지"", 522, 59, 61]]"
000709,2025,10,14,2025-10-14,s1,제일제품 | 행복 한 모 | 캘러드처럼 가법게 즐기세요! 오리엔탈 드 | 25.10.14 MR10 | 조리에,"[[""제일제품"", 12, 23, 27], [""모"", 120, 185, 284], [""행복"", 95, 90, 90], [""한"", 102, 72, 195], [""캘러드처럼"", 288, 41, 95], [""오리엔탈 드"", 309, 68, 293], [""가법게 즐기세요!"", 325, 38, 97], [""25.10.14"", 450, 65, 138], [""MR10"", 466, 34, 453], [""조리에"", 546, 22, 338]]"
000710,2025,10,14,2025-10-14,s1,16종의스티커와 2025.10.14.F3 더블황치즈 아메리란구 | 전당 1.9g,"[[""더블황치즈"", 309, 291, 341], [""아메리란구"", 472, 600, 445], [""16종의스티커와"", 306, 205, 32], [""2025.10.14.F3"", 534, 49, 117], [""1.9g"", 827, 91, 48], [""전당"", 825, 56, 0]]"
000711,2025,10,09,2025-10-09,s1,간면 연중무유 국밥 | 먹큰 순살감자탕 법 | 소비기한 | 2025.10.09 | 까지 | OTHER | 809011 836361,"[[""간면"", 360, 37, 130], [""연중무유"", 365, 36, 226], [""국밥"", 366, 39, 351], [""먹큰"", 425, 70, 106], [""순살감자탕"", 432, 77, 143], [""법"", 433, 50, 447], [""소비기한"", 536, 31, 80], [""2025.10.09"", 581, 39, 188], [""까지"", 632, 25, 468], [""OTHER"", 740, 22, 450], [""809011"", 803, 25, 158], [""836361"", 802, 23, 278]]"
000712,2025,11,20,2025-11-20,s1,"주기개한 행계란 | 로비비먹는 | 함9 케한반 | 출된예 | 소비기한 | 2025.11.20 | 까지 | 809011 836736 | 4,900 원 | 중앙닭강정)오리지널떡볶이 | 809267021634","[[""행계란"", 169, 110, 157], [""주기개한"", 166, 58, 0], [""로비비먹는"", 204, 25, 1], [""케한반"", 260, 99, 181], [""함9"", 269, 40, 21], [""출된예"", 316, 35, 0], [""소비기한"", 362, 25, 5], [""2025.11.20"", 412, 39, 113], [""까지"", 455, 30, 437], [""809011"", 616, 21, 172], [""836736"", 618, 23, 285], [""4,900"", 724, 72, 61], [""원"", 742, 39, 245], [""중앙닭강정)오리지널떡볶이"", 804, 73, 0], [""809267021634"", 890, 55, 0]]"
000713,2025,10,23,2025-10-23,s1,틴:다이닝 | 일식끌판왕 장호준 세프의 | 일본식함박커리 8 | 소비기한 | 2025.10.23 | 까지 | OTHER | 8809056561815,"[[""틴:다이닝"", 218, 37, 218], [""일식끌판왕 장호준 세프의"", 281, 44, 129], [""8"", 312, 25, 514], [""일본식함박커리"", 336, 78, 26], [""소비기한"", 413, 30, 30], [""2025.10.23"", 457, 35, 116], [""까지"", 477, 29, 472], [""OTHER"", 570, 25, 425], [""8809056561815"", 622, 27, 149]]"
000714,2026,03,12,2026-03-12,s1,"소비기한(일,월,년) KF | 2/ 12.3.2026","[[""KF"", 424, 41, 408], [""소비기한(일,월,년)"", 430, 42, 66], [""2/"", 570, 45, 4], [""12.3.2026"", 563, 48, 151]]"
000715,2026,06,26,2026-06-26,s1,2실수있닙다 | 영양정보 242K | 비닐류 三县130mg7% 个量34g10%日弄20020% | 10g19% 트랜스지방 0g | THER 콜레스테롤Omg0% 단백질4g 7% | EXP:26/06/2026,"[[""2실수있닙다"", 13, 30, 0], [""242K"", 15, 32, 400], [""영양정보"", 47, 69, 76], [""个量34g10%日弄20020%"", 64, 103, 222], [""三县130mg7%"", 105, 48, 65], [""비닐류"", 130, 43, 0], [""트랜스지방 0g"", 118, 47, 227], [""10g19%"", 138, 48, 63], [""단백질4g 7%"", 148, 56, 235], [""콜레스테롤Omg0%"", 170, 49, 65], [""THER"", 194, 46, 0], [""EXP:26/06/2026"", 466, 76, 70]]"
000716,2025,11,07,2025-11-07,s1,질o | 먹어도 꿀앗 | 2025/11/07B1 | 영양정보 | 총내용량당 1일영양성분기준 | 나트륨 72mg,"[[""질o"", 35, 86, 364], [""먹어도 꿀앗"", 80, 123, 339], [""2025/11/07B1"", 458, 79, 134], [""영양정보"", 820, 102, 168], [""총내용량당"", 894, 60, 173], [""1일영양성분기준"", 881, 82, 359], [""나트륨"", 940, 37, 185], [""72mg"", 932, 51, 408]]"
000717,2025,10,12,2025-10-12,det5,2025 10.12 0% | Maeil | 에 | Enjoy Yogurt,"[[""2025 10.12"", 506, 93, 123], [""0%"", 510, 14, 378], [""Maeil"", 610, 73, 191], [""에"", 753, 162, 60], [""Enjoy"", 940, 40, 311], [""Yogurt"", 925, 69, 408]]"
000718,2026,01,17,2026-01-17,s1,180 | 2026.01.17 | MYANG 제품명 | 원료명,"[[""180"", 283, 61, 145], [""2026.01.17"", 336, 64, 138], [""제품명"", 882, 48, 449], [""MYANG"", 934, 47, 0], [""원료명"", 930, 53, 451]]"
000719,2026,04,04,2026-04-04,s1,~릉명기 | 2026.04.04 | 10277101:57LJH | 혼들어 드세요! Shake it!,"[[""~릉명기"", 278, 37, 174], [""2026.04.04"", 392, 61, 90], [""10277101:57LJH"", 438, 53, 97], [""Shake it!"", 530, 102, 330], [""혼들어 드세요!"", 546, 41, 15]]"
000720,2026,02,28,2026-02-28,s1,F2H16:37 | 2026.02.28 | B-GLUCAN | 700mg | 놀라운 맛을 위해 혼들어 주세요 | 어메이징 오트 오리지널,"[[""F2H16:37"", 401, 44, 39], [""2026.02.28"", 450, 46, 36], [""B-GLUCAN"", 500, 51, 368], [""700mg"", 538, 36, 390], [""놀라운 맛을 위해 혼들어 주세요"", 668, 50, 132], [""어메이징 오트 오리지널"", 706, 52, 132]]"
000721,2026,12,17,2026-12-17,s1,GS23 | 2026.12.17 | 햇초코 | ORIGINAL | 하나. | 네덜란드와 인도네시아산 코코아 | 더로 더욱 진하고 달콤한 맛 | 따듯한 물만 있으면 남녀노소 누구나 | 좋아하는 깊은 풍미의 핫초코 | 스틱 포장으로 언제 어디서나 | 즐길 수있는 간편함 | 영양정보 200g(20gX10） | 1(20g）85kcal | L三喜50mg3% 全量量16g5%号11g11%,"[[""GS23"", 154, 53, 21], [""2026.12.17"", 315, 54, 180], [""햇초코"", 444, 107, 147], [""ORIGINAL"", 504, 34, 203], [""하나."", 569, 26, 140], [""네덜란드와 인도네시아산 코코아"", 593, 29, 174], [""더로 더욱 진하고 달콤한 맛"", 618, 29, 191], [""따듯한 물만 있으면 남녀노소 누구나"", 689, 26, 153], [""좋아하는 깊은 풍미의 핫초코"", 714, 27, 178], [""스틱 포장으로 언제 어디서나"", 786, 25, 187], [""즐길 수있는 간편함"", 812, 27, 216], [""영양정보"", 904, 51, 152], [""200g(20gX10）"", 898, 28, 260], [""1(20g）85kcal"", 923, 29, 280], [""L三喜50mg3%"", 942, 34, 154], [""全量量16g5%号11g11%"", 947, 27, 248]]"
000722,2020,08,04,2020-08-04,s1,20.08.04,"[[""20.08.04"", 267, 44, 222]]"
000723,NONE,NONE,NONE,NONE,fail,Y IY | 진스일바 | 상단의 량 22 | BT 26 | 0 90 | 26 26.050 | 상단의 량는 기오필법 상단의 량는 기피오놀입니면 상단의 량는 피오벌입니나 상단의 량는 오캘입니니 상단의 량 보콜 입니 | 제조원 제조원롯 제조원 제조원롯레 제조웨데 22 | 상단의 량 기보늘법 상단의 량는 니오필입니 나1 | 제조원 제조원제질 제질성,"[[""상단의 량는 기피오놀입니면"", 862, 74, 148], [""제조원롯"", 928, 59, 149], [""26"", 374, 35, 135], [""상단의 량는 오캘입니니"", 859, 100, 136], [""제조원"", 925, 71, 136], [""상단의 량"", 218, 135, 65], [""Y IY"", 32, 50, 245], [""진스일바"", 95, 62, 133], [""0"", 585, 36, 245], [""90"", 583, 28, 360], [""BT"", 369, 12, 136], [""상단의 량 보콜 입니"", 859, 90, 147], [""제조원롯레"", 926, 65, 148], [""22"", 208, 46, 802], [""26"", 748, 53, 266], [""22"", 940, 77, 209], [""나1"", 1680, 62, 905], [""상단의 량 기보늘법"", 1730, 130, 295], [""제조원제질"", 1847, 148, 285], [""26.050"", 750, 95, 260], [""상단의 량는 니오필입니"", 1724, 162, 286], [""제질성"", 1830, 158, 629], [""제조원"", 1856, 123, 295], [""상단의 량는 기오필법"", 862, 70, 149], [""제조웨데"", 926, 59, 151], [""상단의 량는 피오벌입니나"", 861, 78, 148], [""제조원"", 927, 62, 149]]"
000724,2026,05,20,2026-05-20,s1,250ENDN | 26.05.20外13:49,"[[""250ENDN"", 107, 70, 253], [""26.05.20外13:49"", 509, 60, 79]]"
000725,2026,04,16,2026-04-16,s1,26.04.16까지09:20,"[[""26.04.16까지09:20"", 461, 66, 54]]"
000726,2026,09,16,2026-09-16,s1,2026.09.160 | 185841,"[[""2026.09.160"", 617, 50, 27], [""185841"", 674, 45, 31]]"
000727,2026,06,22,2026-06-22,det5,"간편하게 들유세요! | EASY CUT | RKK4T | 2026.06.22.03: 50 F3.8 까지 | 사골로만 고아 | 준) | 하고 맛있게 | ,쇠고기미역국 | 전자레인지이용시 | 5분 전자레인지용 용기에 부은 | 号700W","[[""간편하게 들유세요!"", 190, 63, 264], [""EASY"", 242, 44, 280], [""CUT"", 237, 41, 402], [""RKK4T"", 454, 33, 432], [""2026.06.22.03: 50 F3.8"", 518, 60, 25], [""까지"", 532, 35, 472], [""사골로만 고아"", 670, 40, 0], [""준)"", 700, 29, 0], [""하고 맛있게"", 729, 36, 0], ["",쇠고기미역국"", 756, 46, 0], [""전자레인지이용시"", 829, 42, 150], [""전자레인지용 용기에 부은"", 880, 40, 225], [""5분"", 900, 47, 88], [""号700W"", 940, 39, 222]]"
000728,2026,06,24,2026-06-24,s1,2026.06.24,"[[""2026.06.24"", 521, 72, 45]]"
000729,2026,01,07,2026-01-07,s1,장국 | 소비기한 | 2026.01.07 | 04:55 | 3A1 까지 | 사골 육수와 들기름으로 | 맛을 낸 구수한 국물 | 한 번 볶아내 | 고소한 황태 | 두부를 더해 | 부드러운 식김 | 태듬북해장국 조리방법,"[[""장국"", 174, 103, 0], [""소비기한"", 286, 39, 11], [""2026.01.07"", 362, 54, 73], [""04:55"", 438, 55, 64], [""3A1"", 522, 40, 0], [""까지"", 538, 49, 448], [""사골 육수와 들기름으로"", 648, 39, 290], [""맛을 낸 구수한 국물"", 679, 38, 287], [""한 번 볶아내"", 730, 29, 286], [""고소한 황태"", 756, 33, 284], [""두부를 더해"", 808, 37, 280], [""부드러운 식김"", 840, 41, 277], [""태듬북해장국 조리방법"", 930, 59, 4]]"
000730,2026,02,26,2026-02-26,det5,2026.02.26  | + 9,"[[""2026.02.26 "", 209, 77, 43], [""+"", 276, 9, 66], [""9"", 278, 7, 287]]"
000731,2026,03,08,2026-03-08,s1,2026.03.089 | 02150090336,"[[""2026.03.089"", 396, 77, 44], [""02150090336"", 463, 74, 47]]"
000732,2025,03,15,2025-03-15,s1,025.03.153#,"[[""025.03.153#"", 440, 59, 24]]"
000733,2026,03,24,2026-03-24,s2,2026.03.240244604 | 모든 날이 빛날거마,"[[""모든 날이 빛날거마"", 251, 39, 342], [""2026.03.240244604"", 213, 46, 205]]"
000734,2025,10,28,2025-10-28,s1,080-855-55257GSTHEFRESH080-345-T700 | 총내용 | 3% 1g0.2% 당류 0 | 4g7% 트랜스지방 0g 포화지방2.5 | mg 5% 6g11% 196m | 리얼프라이스는가격과 품질의 합리적 | 809117 022323 | 2025.10.28！,"[[""080-855-55257GSTHEFRESH080-345-T700"", 18, 43, 0], [""총내용"", 50, 43, 493], [""당류 0"", 130, 49, 402], [""3%"", 144, 49, 9], [""1g0.2%"", 135, 49, 116], [""포화지방2.5"", 174, 41, 412], [""트랜스지방 0g"", 184, 44, 120], [""4g7%"", 194, 55, 0], [""196m"", 220, 43, 408], [""6g11%"", 227, 56, 117], [""mg 5%"", 240, 51, 0], [""리얼프라이스는가격과 품질의 합리적"", 361, 34, 30], [""809117"", 391, 26, 374], [""022323"", 384, 28, 465], [""2025.10.28！"", 452, 81, 100]]"
000735,2027,01,12,2027-01-12,s1,"영양정보 | 0g0%量0mg0%0g0% | 00：485g | ·식품유형:당류가공품·소비기한:별도표기일까지 | ：201404874877（ | 비울배당체,나한과추출분말(중국산)·포장재질:용기- | 폴리에틸렌테레프탈레이트,뚜껑-폴리프로필렌 | 2027.01.12.H | 개봉후벌레 등이 들어가 오염될 수 있으므로, | 사용후뚜껑을닫아서늘한곳에보관하세요 | 있으니,사용후질닭아뚜껑을닫아주세요 | 보관전이생길수있으나,알로스 | 02-6747-2300","[[""영양정보"", 21, 45, 134], [""0g0%量0mg0%0g0%"", 134, 63, 134], [""00：485g"", 206, 59, 135], [""·식품유형:당류가공품·소비기한:별도표기일까지"", 242, 53, 139], [""：201404874877（"", 278, 51, 141], [""비울배당체,나한과추출분말(중국산)·포장재질:용기-"", 422, 47, 141], [""폴리에틸렌테레프탈레이트,뚜껑-폴리프로필렌"", 456, 39, 144], [""2027.01.12.H"", 526, 39, 218], [""개봉후벌레 등이 들어가 오염될 수 있으므로,"", 578, 47, 143], [""사용후뚜껑을닫아서늘한곳에보관하세요"", 613, 55, 141], [""있으니,사용후질닭아뚜껑을닫아주세요"", 682, 61, 140], [""보관전이생길수있으나,알로스"", 716, 67, 141], [""02-6747-2300"", 924, 36, 260]]"
000736,2025,12,17,2025-12-17,s1,품명 오/늘/은말차 식품유형 고형차 | 중량 100g | 장재질 폴리에틸렌 품목보고번호 200906311472 | 원및판매원 | 소비자 상담실 064-787-2254www.onulun.com | 장 주의사항 직사광선을 피하고 건냉한 곳에 보관하십시오 | 기한:제품의 별도표기일까지 | 2025.12.17,"[[""품명"", 99, 40, 0], [""오/늘/은말차"", 94, 47, 132], [""식품유형"", 109, 48, 394], [""고형차"", 137, 59, 589], [""중량"", 144, 44, 385], [""장재질"", 171, 50, 0], [""폴리에틸렌"", 168, 42, 124], [""100g"", 174, 53, 589], [""품목보고번호"", 189, 52, 391], [""원및판매원"", 206, 49, 0], [""200906311472"", 216, 59, 587], [""064-787-2254www.onulun.com"", 261, 93, 112], [""소비자 상담실"", 243, 40, 0], [""장 주의사항 직사광선을 피하고 건냉한 곳에 보관하십시오"", 292, 75, 0], [""기한:제품의 별도표기일까지"", 409, 63, 2], [""2025.12.17"", 641, 67, 219]]"
000737,2026,03,04,2026-03-04,s1,내용량. | 소비기한 | 에리스레 | ：202302811574 | ：032-873-2272 | 139 | 서늘한곳에보관하세요.보관중 침전물이 생길 수 있나알로스 | 있으니사용후질닭아주세요. | HACCP sugdr | FREE | 809668 040258 | 12026.03.04 까지,"[[""내용량."", 23, 47, 63], [""소비기한"", 49, 54, 64], [""에리스레"", 79, 54, 66], [""：202302811574"", 189, 77, 78], [""：032-873-2272"", 221, 68, 84], [""139"", 268, 62, 87], [""서늘한곳에보관하세요.보관중 침전물이 생길 수 있나알로스"", 321, 62, 93], [""있으니사용후질닭아주세요."", 384, 37, 99], [""sugdr"", 455, 32, 233], [""HACCP"", 474, 27, 127], [""FREE"", 485, 44, 227], [""809668"", 508, 26, 373], [""040258"", 498, 29, 428], [""까지"", 554, 24, 477], [""12026.03.04"", 589, 64, 129]]"
000738,2026,02,12,2026-02-12,s1,100%) Best before | 소비기한 | 2026.02.12（B） | 구매처 | 땅콩 09:27:05 | 함유 *개봉후빠른시일내에 섭취해주세요! | 기니처 | 908 유리 곰식 판월체와 슈페너즈 | 460g 파인하세요! 다양한 해택을 | 품질 보증이 불가합니다. | lool- HACCP | eanuts,"[[""100%)"", 390, 29, 150], [""Best before"", 392, 26, 243], [""소비기한"", 412, 24, 246], [""2026.02.12（B）"", 449, 60, 224], [""구매처"", 477, 22, 162], [""09:27:05"", 496, 39, 262], [""땅콩"", 506, 27, 165], [""함유"", 528, 27, 166], [""*개봉후빠른시일내에 섭취해주세요!"", 526, 44, 248], [""기니처"", 556, 33, 168], [""슈페너즈"", 566, 33, 394], [""908"", 580, 30, 173], [""유리"", 582, 25, 235], [""곰식 판월체와"", 584, 26, 394], [""460g"", 608, 36, 298], [""다양한 해택을"", 600, 27, 394], [""파인하세요!"", 615, 26, 396], [""품질 보증이 불가합니다."", 676, 29, 233], [""lool-"", 800, 27, 148], [""HACCP"", 796, 25, 237], [""eanuts"", 828, 44, 143]]"
000739,2024,08,07,2024-08-07,s1,"EA4 | 2023.08.08 | 2024.08.0711:00外 | 대두,밀,조개류(바지락)함유 | 96 | ：1991045804787 08-850-100/166-5471/.c | 영양정보 450g5kcal | 4三号4.070mg204% 号 17g5% 당류8g 8% 7g13% | g1.1g7%mg0% 13g24% | 따라 다를 수있습니다.","[[""EA4"", 370, 39, 489], [""2023.08.08"", 418, 55, 146], [""2024.08.0711:00外"", 449, 108, 141], [""대두,밀,조개류(바지락)함유"", 542, 35, 486], [""96"", 647, 46, 574], [""：1991045804787"", 713, 30, 92], [""08-850-100/166-5471/.c"", 702, 49, 226], [""450g5kcal"", 735, 43, 341], [""영양정보"", 756, 48, 111], [""당류8g 8%"", 769, 33, 349], [""7g13%"", 762, 32, 430], [""4三号4.070mg204%"", 785, 32, 118], [""号 17g5%"", 778, 31, 244], [""13g24%"", 792, 36, 418], [""g1.1g7%mg0%"", 808, 53, 118], [""따라 다를 수있습니다."", 865, 32, 126]]"
000740,2026,07,23,2026-07-23,s1,2026.07.23 | 커 | The PlantEat 본 제품은 더플랜잇의 데이터 기한 | 푸드테크가 적용되었습니다 | 자 영양정보 45g | 200kcal | 리에틸렌(내면) 총 내용량당 1일 영양성분 | 기준치에 대한 비울 | 13% | LIE号265mg 10% | 탄수화물 31g 10%,"[[""2026.07.23"", 404, 35, 261], [""커"", 511, 94, 0], [""The"", 628, 22, 291], [""본 제품은 더플랜잇의 데이터 기한"", 633, 42, 373], [""PlantEat"", 646, 27, 288], [""푸드테크가 적용되었습니다"", 657, 40, 371], [""영양정보"", 742, 57, 233], [""45g"", 726, 53, 461], [""자"", 762, 43, 0], [""200kcal"", 757, 46, 507], [""리에틸렌(내면)"", 817, 58, 0], [""1일 영양성분"", 796, 41, 514], [""총 내용량당"", 820, 36, 231], [""기준치에 대한 비울"", 821, 48, 470], [""13%"", 851, 47, 525], [""LIE号265mg"", 884, 38, 227], [""10%"", 891, 50, 521], [""탄수화물 31g"", 925, 39, 227], [""10%"", 928, 48, 517]]"
000741,2025,12,03,2025-12-03,s1,Pulmuone 25.08.04研 제주 | 25.12.03开 햇마늘 | 무원 햇 국산 다진마 | 부껑1LDAE | EROTHERY,"[[""25.08.04研"", 407, 53, 265], [""제주"", 407, 162, 544], [""Pulmuone"", 445, 48, 118], [""25.12.03开"", 457, 53, 265], [""햇마늘"", 469, 150, 586], [""햇"", 677, 346, 240], [""국산"", 611, 132, 504], [""무원"", 642, 143, 137], [""다진마"", 718, 165, 495], [""부껑1LDAE"", 810, 35, 188], [""EROTHERY"", 829, 34, 186]]"
000742,2026,05,01,2026-05-01,s2,2026.05.01217L001087 | 88:34 2号ERC17S,"[[""88:34 2号ERC17S"", 552, 76, 125], [""2026.05.01217L001087"", 516, 62, 100]]"
000743,2026,11,16,2026-11-16,s1,"1544-4307 지매배농장,강원도 홍천군 내 238182告 원(주)컨비니,서울특별시 강 통배(국내산)60%,유기농 조일로부터24개월 2018041201011 500ml 성에 컨비니 톨배발효액 | 이나 | 2026.11.16 | 유리","[[""1544-4307"", 116, 133, 15], [""지매배농장,강원도 홍천군 내"", 206, 317, 94], [""238182告"", 90, 97, 171], [""원(주)컨비니,서울특별시 강"", 198, 312, 206], [""통배(국내산)60%,유기농"", 202, 316, 307], [""조일로부터24개월"", 154, 228, 355], [""2018041201011"", 144, 183, 412], [""500ml"", 159, 236, 456], [""성에 컨비니 톨배발효액"", 213, 292, 512], [""이나"", 308, 61, 382], [""2026.11.16"", 431, 76, 173], [""유리"", 496, 45, 7]]"
000744,2027,08,18,2027-08-18,s1,"290g2010037817447 | 원재료명 ）100% | 제조원 슬로패밀리 경기도 양평군 단월면 | 922-8/031-774-5714 | 보관방법 실온보관,개봉 후 냉장보관 | 음용법 원액과음용수를1:8또는기호에 맞게 | 희석해서 다양한 음료로 드십시오. | 포장재질 용기(유리),뚜껑(PS),속마개(HDPE) | 반품 및 교환 구입처 또는 본사 | 202708.18 뚜껑:P5 | 속마개:HDPE | 본 제품은 공정거래위원회고시 소비자피해보상 | 균정에 의거 교환 또는 보상받으실 수 있습니다.","[[""290g2010037817447"", 34, 49, 119], [""원재료명"", 82, 46, 121], [""）100%"", 80, 39, 210], [""슬로패밀리 경기도 양평군 단월면"", 126, 42, 217], [""제조원"", 152, 43, 131], [""922-8/031-774-5714"", 170, 38, 218], [""보관방법"", 222, 39, 127], [""실온보관,개봉 후 냉장보관"", 217, 45, 218], [""원액과음용수를1:8또는기호에 맞게"", 267, 56, 214], [""음용법"", 286, 27, 140], [""희석해서 다양한 음료로 드십시오."", 305, 46, 221], [""포장재질 용기(유리),뚜껑(PS),속마개(HDPE)"", 356, 53, 134], [""반품 및 교환 구입처 또는 본사"", 403, 52, 136], [""202708.18"", 450, 62, 136], [""뚜껑:P5"", 462, 23, 478], [""속마개:HDPE"", 480, 26, 467], [""본 제품은 공정거래위원회고시 소비자피해보상"", 561, 58, 148], [""균정에 의거 교환 또는 보상받으실 수 있습니다."", 598, 67, 153]]"
000745,2026,01,10,2026-01-10,s1,20 | 체다고다 | 모짜렐라크림치 | 540Kcal60%25% | 소비 26.01.10T1 까지 | 기한,"[[""20"", 30, 45, 225], [""체다고다"", 143, 48, 467], [""모짜렐라크림치"", 192, 46, 386], [""540Kcal60%25%"", 352, 63, 43], [""소비"", 459, 36, 55], [""26.01.10T1"", 474, 52, 197], [""까지"", 481, 40, 621], [""기한"", 494, 37, 54]]"
000746,2026,06,23,2026-06-23,s1,2026.06.23,"[[""2026.06.23"", 442, 77, 235]]"
000747,2026,06,22,2026-06-22,s1,"섭취시 설사를일으킬 수 있으며,용기는 가열 조리용으로사용불가합니다부 | ※뚜껑을 처음 열때 빵소리'가 나야 정상제품입니다. | 소비기한 | 2026.06.22 | 16:59 까지","[[""섭취시 설사를일으킬 수 있으며,용기는 가열 조리용으로사용불가합니다부"", 378, 38, 182], [""※뚜껑을 처음 열때 빵소리'가 나야 정상제품입니다."", 462, 30, 184], [""소비기한"", 501, 32, 183], [""2026.06.22"", 532, 35, 246], [""16:59"", 571, 32, 276], [""까지"", 570, 28, 470]]"
000748,2027,01,22,2027-01-22,s1,"100%EH 고추장 우리쌀 | 소비기한 2027.01.22 14:25 8""","[[""100%EH"", 514, 106, 154], [""우리쌀"", 486, 75, 496], [""고추장"", 530, 49, 504], [""소비기한"", 606, 42, 149], [""2027.01.22 14:25"", 599, 50, 223], [""8\"""", 592, 27, 674]]"
000749,2026,01,21,2026-01-21,erode5,2026.01217A/A31 | 의 맛을 살린 | 엉국 | dPollock Soup | [10 g(32 kcal)X5 ] MUJLBI,"[[""2026.01217A/A31"", 447, 70, 119], [""의 맛을 살린"", 542, 54, 1], [""dPollock Soup"", 699, 56, 5], [""MUJLBI"", 840, 59, 479], [""[10 g(32 kcal)X5 ]"", 851, 62, 6], [""엉국"", 622, 104, 0]]"
000750,2026,01,06,2026-01-06,s1,"조미유를 질 비버 분 더 꿀입니다 조리법 소하고 진한 베리 | 3""801043""015226 | 2026.01.06外X | 2090143 | 800 볶음요리에 폴리브유 | 1100m 1000 1200 1400 기준이므로 개인의 필요 열량에 띠 1일영양성분 기준치에대한 11g20%162 8g53% 7g7%20037 L号1,100mg55% 영양정 나소스등의 재료로 많이 세 서양에서는 설러드요리나 니다.특히,따른 식물성 수전년 동안 인류에게 개용되 | 아에 | 아","[[""조미유를 질 비버"", 77, 154, 47], [""분 더 꿀입니다"", 76, 151, 100], [""조리법"", 68, 129, 316], [""소하고 진한"", 80, 154, 397], [""베리"", 152, 275, 503], [""3\""801043\""015226"", 342, 41, 91], [""2026.01.06外X"", 459, 59, 206], [""2090143"", 502, 55, 210], [""볶음요리에"", 676, 103, 564], [""폴리브유"", 657, 76, 642], [""영양정"", 730, 210, 437], [""기준이므로 개인의 필요 열량에 띠"", 805, 309, 179], [""11g20%162"", 805, 309, 258], [""8g53%"", 802, 314, 314], [""7g7%20037"", 794, 309, 354], [""1일영양성분 기준치에대한"", 804, 307, 208], [""L号1,100mg55%"", 762, 237, 408], [""800"", 695, 44, 0], [""1000"", 736, 58, 54], [""수전년"", 803, 48, 584], [""1200"", 821, 64, 103], [""나소스등의 재료로 많이 세"", 888, 137, 502], [""서양에서는 설러드요리나"", 886, 147, 529], [""니다.특히,따른 식물성"", 889, 141, 558], [""동안 인류에게 개용되"", 890, 139, 586], [""1100m"", 904, 103, 6], [""1400"", 892, 82, 125], [""아에"", 919, 30, 445], [""아"", 943, 24, 445]]"
000751,2025,05,08,2025-05-08,s1,고객상담실 | 80019-9119） | 폴리스틱 | DAESANG | 소비지품실 | 활용합시다. https://www.daesang.com OTHER | 한 환경 https://www.jungoneshop.com 으으 되습게 보므장에터 | 2025.05.08 | 11:05 까지,"[[""고객상담실"", 90, 49, 163], [""80019-9119）"", 139, 51, 81], [""폴리스틱"", 286, 35, 559], [""DAESANG"", 326, 37, 190], [""소비지품실"", 344, 39, 371], [""OTHER"", 359, 38, 546], [""활용합시다."", 376, 51, 0], [""https://www.daesang.com"", 384, 39, 117], [""으으 되습게 보므장에터"", 398, 44, 519], [""한 환경"", 415, 48, 0], [""https://www.jungoneshop.com"", 411, 34, 119], [""2025.05.08"", 458, 53, 180], [""까지"", 488, 49, 625], [""11:05"", 508, 57, 231]]"
000752,2026,07,09,2026-07-09,s1,"니라민말레산(P)-25mg,카페인무 | 量P）300mg风：全理 뒷 | 시트르산나트륨수화물,시트산수확물,오원 | 19, | 수프락토올리고당,프로필렌글리콜성생 미황 | 연노량의 투명한 액제 효능·효과 감기제중상 | (여러증상)[롯곳물,코막힘,재채기,인취목구성통 | 기침,레,오한습고멸리는증상),발열,두통 | 절통,근육통의 완화 | 제조번호/사용기한(연,월.일) | 20460/26.07.09","[[""니라민말레산(P)-25mg,카페인무"", 85, 64, 167], [""量P）300mg风：全理"", 129, 60, 177], [""뒷"", 116, 23, 486], [""시트르산나트륨수화물,시트산수확물,오원"", 168, 58, 179], [""19,"", 208, 48, 179], [""수프락토올리고당,프로필렌글리콜성생 미황"", 246, 50, 176], [""연노량의 투명한 액제 효능·효과 감기제중상"", 285, 44, 174], [""(여러증상)[롯곳물,코막힘,재채기,인취목구성통"", 324, 36, 168], [""기침,레,오한습고멸리는증상),발열,두통"", 365, 50, 162], [""절통,근육통의 완화"", 401, 45, 163], [""제조번호/사용기한(연,월.일)"", 446, 56, 163], [""20460/26.07.09"", 546, 64, 166]]"
000753,2020,01,04,2020-01-04,hires,"까지 | 202E 2 | 더 맛있고 질 녹 | 카레약간매운맛 오뚜기백세카레는 강황 함 | SI BEKSE CURRY MEDIUM 로즈마리,월계수잎등을 | 가까지습니다 | 목보고번호 밥위에없어내면완성됩니다. | 밀:미국산/호주산) 200104 | L 182 소비기한 | 이시아 민,웨두그릭,웨널 로즈 덱스트린 고시 号12%31.9","[[""202E"", 833, 88, 193], [""까지"", 830, 59, 1017], [""2"", 902, 49, 975], [""카레약간매운맛"", 1048, 169, 3], [""더 맛있고 질 녹"", 1030, 87, 1002], [""SI BEKSE CURRY MEDIUM"", 1134, 95, 0], [""오뚜기백세카레는 강황 함"", 1120, 59, 930], [""로즈마리,월계수잎등을"", 1188, 101, 855], [""가까지습니다"", 1524, 203, 631], [""목보고번호"", 1628, 135, 252], [""밥위에없어내면완성됩니다."", 1644, 173, 635], [""밀:미국산/호주산)"", 1711, 204, 215], [""200104"", 1700, 104, 566], [""민,웨두그릭,웨널 로즈"", 1798, 247, 199], [""이시아"", 1806, 101, 182], [""덱스트린"", 1820, 136, 639], [""L"", 1780, 29, 625], [""182"", 1804, 63, 956], [""소비기한"", 1791, 94, 1134], [""고시"", 1876, 31, 966], [""号12%31.9"", 1872, 98, 1007]]"
000754,2026,05,24,2026-05-24,s1,"2%1.2% 정제소금(해수:국산 손쉬운 빙구시다 요리법 | 아레르기 대두,밀 오리의제 개등 각종 요리시 | 면저간 | 기전는 물에 | 닭고기 쇠고 | 사용한제품과  마토이산 | 의사항 분쟁해결기준에습거 본 제품은 곳정거 | 대해 교환 및 환불 해습니다. | 직사광선을 피하고서늘한 곳에 보관하여주십시오. | 판방법 | 033-462-5050 /www.bukseorak.com | 왁센터 | orlower depending onyourcalones ees. | 8809093047273 OTHER +1213747775www.wltarusa.om | 소비기한(BEST BEFORE) | 2026.05.24开","[[""2%1.2%"", 25, 52, 106], [""정제소금(해수:국산"", 12, 27, 238], [""손쉬운 빙구시다 요리법"", 24, 35, 394], [""아레르기"", 50, 23, 31], [""대두,밀"", 62, 35, 105], [""오리의제"", 49, 25, 402], [""면저간"", 72, 31, 403], [""개등 각종 요리시"", 68, 41, 459], [""기전는 물에"", 92, 46, 471], [""닭고기 쇠고"", 113, 25, 95], [""사용한제품과 "", 127, 23, 93], [""본 제품은 곳정거"", 146, 26, 90], [""마토이산"", 125, 40, 231], [""의사항"", 149, 32, 21], [""분쟁해결기준에습거"", 161, 50, 86], [""대해 교환 및 환불 해습니다."", 177, 44, 88], [""직사광선을 피하고서늘한 곳에 보관하여주십시오."", 236, 59, 78], [""판방법"", 260, 35, 22], [""033-462-5050 /www.bukseorak.com"", 317, 52, 79], [""왁센터"", 340, 49, 23], [""orlower depending onyourcalones ees."", 366, 40, 430], [""8809093047273"", 476, 33, 32], [""OTHER"", 472, 31, 173], [""+1213747775www.wltarusa.om"", 484, 40, 437], [""소비기한(BEST BEFORE)"", 554, 26, 17], [""2026.05.24开"", 638, 49, 303]]"
000755,2026,04,30,2026-04-30,s1,"wink Chupd | Chips | 1+1 | 소비기한 | 2026.4.30 영양정보 | B5202270517 | 제품명 카라파키 산리오캐릭터즈 초콜릿 내용 | 식품유형 초콜릿가공품 소비기한별도표기일까지(연,월. | 수입원","[[""wink"", 59, 26, 180], [""Chupd"", 74, 33, 273], [""Chips"", 101, 38, 270], [""1+1"", 327, 28, 129], [""소비기한"", 422, 33, 148], [""2026.4.30"", 471, 34, 191], [""B5202270517"", 506, 42, 194], [""영양정보"", 493, 20, 445], [""제품명"", 563, 31, 169], [""카라파키 산리오캐릭터즈 초콜릿"", 575, 36, 228], [""식품유형"", 589, 30, 173], [""내용"", 578, 22, 492], [""초콜릿가공품 소비기한별도표기일까지(연,월."", 600, 38, 226], [""수입원"", 612, 30, 170]]"
000756,2027,02,24,2027-02-24,s1,0g | 0g | 0g 0% | 콜레스테롤 mg 0% | 단백질 0 0% | 2027.02.24 | H26 까지 | 비닐류,"[[""0g"", 21, 26, 198], [""0g"", 54, 31, 196], [""0%"", 74, 37, 348], [""0g"", 88, 35, 193], [""mg"", 124, 33, 194], [""0%"", 113, 36, 348], [""콜레스테롤"", 132, 43, 20], [""0%"", 150, 37, 348], [""단백질"", 169, 40, 20], [""0"", 159, 22, 200], [""2027.02.24"", 365, 44, 93], [""까지"", 386, 33, 354], [""H26"", 417, 46, 95], [""비닐류"", 537, 20, 327]]"
000757,NONE,10,22,NONE-10-22,s1,고단백 | 고단백 2 | 13 2e1 | 2+1 .1600 | 홈서울9유 | 소비기한 10.22 F1 V3JB1 까지 | 여는곳 | Youus | 춘식이우유 | 1등급 원유 바나나,"[[""고단백"", 34, 61, 429], [""고단백"", 67, 67, 341], [""2"", 85, 38, 431], [""13"", 118, 43, 346], [""2e1"", 106, 33, 439], [""2+1"", 145, 34, 342], ["".1600"", 152, 41, 408], [""홈서울9유"", 177, 42, 451], [""소비기한"", 324, 23, 65], [""10.22 F1 V3JB1"", 322, 37, 133], [""까지"", 332, 25, 405], [""여는곳"", 359, 31, 50], [""Youus"", 438, 32, 97], [""춘식이우유"", 530, 80, 56], [""1등급"", 656, 40, 30], [""바나나"", 673, 70, 177], [""원유"", 684, 35, 41]]"
000758,2026,03,11,2026-03-11,s1,2026.03.11 까지 | A23:05 | 신다게 혼들과! 단백질 충전!,"[[""2026.03.11"", 334, 28, 103], [""까지"", 334, 31, 271], [""A23:05"", 362, 29, 129], [""신다게 혼들과! 단백질 충전!"", 438, 31, 103]]"
000759,2026,05,14,2026-05-14,s1,지동향 | 아색소안토시아닌 | 토매료함유 | 성물이발쌀생할있나 | 잡었다가 드십시오 제품에 | 씨는 명개봉시 주의본 제품은 | 패또는 상 받을 있습니다. | 2026/05/14 | 10:48 G | LAB1047-3,"[[""지동향"", 24, 41, 4], [""아색소안토시아닌"", 64, 71, 0], [""토매료함유"", 108, 74, 4], [""성물이발쌀생할있나"", 156, 67, 0], [""잡었다가 드십시오 제품에"", 198, 50, 1], [""씨는 명개봉시 주의본 제품은"", 238, 49, 0], [""패또는 상 받을 있습니다."", 279, 58, 0], [""2026/05/14"", 388, 39, 210], [""10:48"", 436, 37, 222], [""G"", 433, 24, 363], [""LAB1047-3"", 492, 27, 179]]"
000760,NONE,11,20,NONE-11-20,det5,"11.20 R13 53 | 제품명 요플레 오리지널 목보고번호 | 낮아진 내자보과,0 업소명및소재지(주)기에경5 10C | 당함량 | 20%DOWN","[[""11.20 R13 53"", 528, 74, 187], [""제품명 요플레 오리지널"", 604, 78, 336], [""목보고번호"", 584, 37, 630], [""낮아진"", 668, 65, 118], [""업소명및소재지(주)기에경5"", 648, 100, 333], [""10C"", 680, 25, 582], [""당함량"", 714, 73, 114], [""내자보과,0"", 690, 33, 443], [""20%DOWN"", 752, 51, 125]]"
000761,NONE,11,11,NONE-11-11,clahe,022-0056 콜레스테롤30m | 기로배출 영양성 | 11.110PF1 | FCJI1.T,"[[""콜레스테롤30m"", 32, 53, 378], [""022-0056"", 45, 44, 166], [""영양성"", 52, 18, 421], [""기로배출"", 70, 45, 176], [""11.110PF1"", 466, 59, 178], [""FCJI1.T"", 508, 50, 177]]"
000762,2026,08,02,2026-08-02,s1,tter Cookies 버터쿠키 리스 lice | 1000 | 20260802 | 바삭한 식감 CRISP | 품부한 BUT,"[[""버터쿠키"", 176, 353, 286], [""리스"", 65, 132, 398], [""lice"", 45, 88, 476], [""tter Cookies"", 129, 167, 213], [""1000"", 330, 45, 594], [""20260802"", 436, 62, 234], [""바삭한 식감"", 623, 180, 277], [""CRISP"", 630, 162, 459], [""품부한"", 905, 102, 286], [""BUT"", 909, 94, 456]]"
000763,NONE,11,12,NONE-11-12,s1,"含240ml195kcal 240mL195kcal 위해 | 98%27g27% 원유78%,매론 | 4.5g30% | 96g11% 농추과줍(고형분 | 수있습니다 2000kcal 65%)0.1% | 11.12 05.지IF | 20","[[""含240ml195kcal"", 22, 51, 131], [""240mL195kcal"", 28, 33, 310], [""위해"", 22, 28, 468], [""98%27g27%"", 52, 61, 148], [""원유78%,매론"", 66, 45, 315], [""4.5g30%"", 84, 50, 159], [""농추과줍(고형분"", 108, 50, 321], [""96g11%"", 124, 49, 160], [""65%)0.1%"", 152, 49, 326], [""2000kcal"", 152, 32, 162], [""수있습니다"", 170, 31, 161], [""11.12"", 431, 48, 234], [""05.지IF"", 424, 37, 417], [""20"", 456, 29, 409]]"
000764,2023,12,NONE,2023-12-NONE,erode3,CoTYA 0 | 00 | 2023.12 | 달콤한 두유 | 지밀,"[[""CoTYA"", 84, 59, 134], [""0"", 100, 50, 643], [""00"", 170, 18, 92], [""2023.12"", 464, 59, 314], [""달콤한 두유"", 536, 45, 319], [""지밀"", 694, 104, 259]]"
000765,2025,11,21,2025-11-21,erode5,2025.11.21,"[[""2025.11.21"", 477, 52, 281]]"
000766,2024,09,26,2024-09-26,s1,Best before/Batch: | 24 09 26 0218 | L5175G2 087431 | Shake wellbefore seving Once | .opened keep in the midge and | consume within 3 days.,"[[""Best before/Batch:"", 392, 26, 235], [""24 09 26 0218"", 444, 37, 230], [""L5175G2 087431"", 472, 35, 230], [""Shake wellbefore seving Once"", 484, 24, 419], ["".opened keep in the midge and"", 500, 25, 418], [""consume within 3 days."", 514, 24, 419]]"
000767,2026,08,01,2026-08-01,up2x,COCO | ZERO | 2026.08.1,"[[""COCO"", 362, 77, 537], [""ZERO"", 416, 61, 595], [""2026.08.1"", 984, 87, 556]]"
000768,2026,06,26,2026-06-26,s1,20260626 8006,"[[""20260626 8006"", 353, 51, 258]]"
000769,2026,12,10,2026-12-10,s1,EAP:2026.12.10 00FIF11,"[[""EAP:2026.12.10 00FIF11"", 456, 29, 218]]"
000770,NONE,NONE,NONE,NONE,fail,"94-2030 HEWd1E 10% | 0 2OE/ | 72아/ 7R | FNDMH ON.JOT | LOTNO. LOTINO. EWOVJEE HEWO1SER HEWdV5EB 015567 | 9412030 9412039 | LOTINO. LOTINO, HEWDN5EE HEWO15E5 | 제조 제조 9412030 Q412030 | EXPORYDATE EXPIRYDATE | 사용 사용기","[[""HEWO1SER"", 487, 32, 273], [""9412030"", 515, 36, 276], [""LOTNO."", 496, 17, 210], [""10%"", 301, 89, 598], [""015567"", 488, 39, 341], [""94-2030"", 335, 124, 422], [""HEWd1E"", 326, 107, 457], [""0"", 378, 26, 460], [""2OE/"", 387, 120, 495], [""72아/"", 444, 39, 274], [""7R"", 452, 15, 479], [""FNDMH"", 473, 32, 277], [""ON.JOT"", 465, 18, 478], [""HEWdV5EB"", 487, 30, 276], [""LOTINO."", 496, 14, 214], [""9412039"", 515, 34, 277], [""HEWO15E5"", 973, 60, 551], [""LOTINO,"", 990, 29, 425], [""제조"", 1018, 29, 426], [""Q412030"", 1027, 54, 553], [""EXPIRYDATE"", 1090, 30, 424], [""사용"", 1119, 22, 433], [""HEWDN5EE"", 973, 56, 551], [""LOTINO."", 990, 31, 421], [""제조"", 1018, 26, 425], [""9412030"", 1028, 61, 552], [""EXPORYDATE"", 1090, 30, 421], [""사용기"", 1118, 29, 429], [""EWOVJEE"", 486, 27, 285]]"
000771,2019,11,26,2019-11-26,det5,무설당칸디 | 오로리징의 딸기스다 | 밀디 | 2+1 세본APP 12.1-12.31 | 목보관 | 필비일지 | SAM이)한호질법 | .800 2 12000 | 1000 | 19 11 .26 | 5148-20,"[[""무설당칸디"", 116, 64, 263], [""오로리징의"", 124, 49, 143], [""밀디"", 152, 71, 135], [""딸기스다"", 203, 16, 652], [""필비일지"", 228, 32, 55], [""2+1"", 252, 88, 486], ["".800"", 259, 32, 38], [""12.1-12.31"", 253, 34, 626], [""세본APP"", 272, 34, 623], [""목보관"", 286, 31, 620], [""2"", 333, 36, 485], [""SAM이)한호질법"", 327, 38, 563], [""12000"", 362, 24, 581], [""1000"", 381, 40, 564], [""19 11 .26"", 432, 43, 303], [""5148-20"", 461, 28, 326]]"
000772,NONE,12,20,NONE-12-20,s1,"교차 인해드 | 매일 매일)두유검은콩 고단백 고단백 정식품)고단백 | 190ml 190ml 12 | 2.800 12 33.200 고단백 | 8801121025710 21.400m 8801033808913 2 1,6002 88010338 | 12.20.10:0747F5 | 유통 기한 까지 00lwz | 후레쉬 감사합니다 향상사량해 | 서울우유 밀크 | 100%FreshMilk","[[""교차"", 26, 24, 188], [""인해드"", 30, 25, 292], [""매일)두유검은콩"", 57, 30, 103], [""매일"", 66, 26, 63], [""고단백"", 71, 24, 357], [""고단백"", 72, 21, 416], [""정식품)고단백"", 70, 32, 482], [""190ml"", 84, 31, 174], [""190ml"", 96, 34, 464], [""2.800"", 120, 30, 126], [""12"", 110, 23, 678], [""12"", 132, 21, 381], [""33.200"", 130, 30, 482], [""고단백"", 125, 20, 696], [""21.400m"", 153, 46, 110], [""2 1,6002"", 162, 44, 458], [""8801121025710"", 158, 22, 0], [""8801033808913"", 166, 22, 355], [""88010338"", 178, 21, 664], [""12.20.10:0747F5"", 426, 32, 218], [""유통"", 438, 34, 98], [""00lwz"", 454, 81, 570], [""까지"", 452, 59, 535], [""기한"", 462, 31, 99], [""향상사량해"", 582, 89, 629], [""후레쉬"", 597, 80, 352], [""감사합니다"", 608, 89, 625], [""서울우유"", 660, 43, 126], [""밀크"", 686, 89, 356], [""100%FreshMilk"", 751, 38, 360]]"
000773,NONE,12,10,NONE-12-10,s1,"교차 교차 | 정식품)고단백 고단백 정식품)베지밀 정식 | 190ml 190ml 검은콩두 | 373.200 12 33.200 3개 | 21.600 21.600 8801033807893 1.6 | 신습번양 의 기출 | 제조일지)를 각인이로S드 | 크 후레 방() 12.10.14:30 F5 까지 | 까지 11.28.14#30 02 | sh Milk | 신선함의 | 서울우유 기준, | 제조일자 | ·내편을여십시오 확인하세요 | 재활용 일반팩류 | 전지방 분리하지 않으셔도 됩니다. 입구부분은별도로","[[""교차"", 34, 21, 102], [""교차"", 34, 22, 431], [""정식품)고단백"", 66, 31, 31], [""고단백"", 72, 21, 297], [""정식품)베지밀"", 64, 23, 372], [""정식"", 64, 25, 696], [""190ml"", 91, 30, 20], [""190ml"", 90, 24, 344], [""검은콩두"", 88, 25, 668], [""373.200"", 124, 31, 48], [""33.200"", 122, 29, 367], [""3개"", 119, 24, 687], [""12"", 131, 22, 267], [""21.600"", 157, 43, 33], [""21.600"", 154, 42, 348], [""1.6"", 148, 36, 678], [""8801033807893"", 156, 23, 569], [""신습번양 의 기출"", 284, 37, 602], [""제조일지)를 각인이로S드"", 310, 48, 563], [""후레"", 399, 48, 39], [""방()"", 436, 112, 143], [""까지"", 406, 49, 591], [""12.10.14:30"", 408, 35, 247], [""F5"", 403, 22, 482], [""크"", 440, 43, 57], [""까지"", 452, 51, 20], [""11.28.14#30"", 440, 34, 251], [""02"", 436, 21, 481], [""sh Milk"", 472, 23, 59], [""신선함의"", 520, 30, 520], [""서울우유"", 553, 26, 168], [""기준,"", 546, 28, 545], [""제조일자"", 575, 36, 531], [""확인하세요"", 606, 35, 530], [""재활용 일반팩류"", 662, 34, 524], [""·내편을여십시오"", 620, 134, 0], [""입구부분은별도로"", 692, 35, 527], [""전지방"", 719, 60, 137], [""분리하지 않으셔도 됩니다."", 717, 38, 477]]"
000774,2026,02,08,2026-02-08,s1,"연관바닐리라항 원두:브라질산) 로즈버드 | 갈(커피원두 | 절제,잔탄경 화제3 | 천연비 | 설갈륨(미료) | 고카페인함유,송카페인 함량78mg 801069422317 | 26.02.08 | 08134.B | 까지","[[""연관바닐리라항"", 32, 56, 173], [""로즈버드"", 52, 36, 341], [""원두:브라질산)"", 50, 45, 216], [""갈(커피원두"", 76, 41, 215], [""화제3"", 88, 31, 298], [""절제,잔탄경"", 96, 39, 216], [""천연비"", 100, 37, 384], [""설갈륨(미료)"", 137, 48, 215], [""고카페인함유,송카페인 함량78mg"", 398, 205, 188], [""801069422317"", 402, 25, 261], [""26.02.08"", 468, 37, 282], [""08134.B"", 496, 38, 282], [""까지"", 516, 25, 426]]"
000775,2025,12,17,2025-12-17,s1,25.12.17 | 에코절취선 | 커피를간편하게! | la,"[[""25.12.17"", 499, 44, 283], [""에코절취선"", 546, 105, 611], [""커피를간편하게!"", 759, 94, 0], [""la"", 851, 58, 0]]"
000776,2026,01,09,2026-01-09,s1,BARSTA | eulos | 바리스타스 | 2026.01.09 까 | 0453F50,"[[""BARSTA"", 370, 158, 98], [""eulos"", 468, 63, 223], [""바리스타스"", 514, 38, 254], [""2026.01.09"", 606, 46, 232], [""까"", 596, 29, 491], [""0453F50"", 643, 47, 232]]"
000777,2026,03,NONE,2026-03-NONE,s1,"dtrate Bg 2% 소황색 제4호 (수:하(전/제() | Fber 0g 0% 보수비부이) 불(2지침)부cl) | garn 5g ·내포장재 두함유 | des 5g Added Sugars 10% 을피하고온도 7기형/소드세품3! | 교환장소구입 w4.000 | 위원회 고시 소비자분성세 | 0% Calcium11mg 0% 교환 또는 보상받을 수있습니다. | Potas. 34mg 0% 139 | wihow much a nutient in ：080-215-980（ | 영양정보 132 | 100g559kcal | 1일 명양성을기준비을 | LE号42.8mg | 号599 | INCENTRATE, SOY LECITHIN (AN U, MILK 弄53.69 54% | ), NATURALAND ARTIFICIAL 33.79 62% | PPERMINT OIL, COLORS ADDED 트랜스지방09 | AKE, BLUE 1 LAKE). 03% | UCT CONTAINS MILK AND SOY 콜레스테2mg 1% | 단백질59 9% | 이므로 개인에 필요일량에 디린다를 | K26560-14C23-F | 소비기한: 202603 | ANDES CANDIESI | DVANWI11 | TRI, LLC | www.footsie.com | 10-26560-KORQ1PP","[[""소황색 제4호"", 25, 32, 370], [""dtrate Bg"", 24, 26, 12], [""2%"", 20, 20, 137], [""(수:하(전/제()"", 18, 25, 456], [""0%"", 42, 21, 137], [""불(2지침)부cl)"", 37, 23, 461], [""Fber 0g"", 48, 21, 0], [""두함유"", 64, 30, 385], [""보수비부이)"", 54, 27, 458], [""garn 5g"", 72, 29, 0], [""·내포장재"", 76, 21, 264], [""10%"", 92, 20, 129], [""을피하고온도"", 98, 27, 261], [""7기형/소드세품3!"", 88, 23, 631], [""des 5g Added Sugars"", 94, 29, 0], [""교환장소구입"", 117, 30, 261], [""w4.000"", 120, 30, 639], [""위원회 고시 소비자분성세"", 138, 38, 260], [""0%"", 158, 20, 1], [""Calcium11mg 0%"", 159, 22, 66], [""교환 또는 보상받을 수있습니다."", 160, 29, 262], [""139"", 180, 35, 260], [""Potas. 34mg 0%"", 184, 23, 73], [""：080-215-980（"", 202, 33, 260], [""wihow much a nutient in"", 213, 22, 33], [""영양정보"", 228, 35, 263], [""132"", 226, 27, 360], [""100g559kcal"", 243, 28, 335], [""1일 명양성을기준비을"", 262, 20, 339], [""LE号42.8mg"", 280, 28, 267], [""号599"", 303, 30, 269], [""U, MILK"", 317, 24, 87], [""弄53.69"", 327, 30, 274], [""54%"", 328, 27, 396], [""INCENTRATE, SOY LECITHIN (AN"", 336, 22, 0], [""33.79"", 350, 27, 270], [""62%"", 350, 29, 395], [""), NATURALAND ARTIFICIAL"", 355, 25, 1], [""PPERMINT OIL, COLORS ADDED"", 375, 22, 0], [""트랜스지방09"", 370, 29, 277], [""AKE, BLUE 1 LAKE)."", 393, 25, 1], [""03%"", 396, 27, 397], [""UCT CONTAINS MILK AND SOY"", 413, 23, 0], [""콜레스테2mg"", 417, 30, 270], [""1%"", 418, 35, 404], [""단백질59"", 440, 30, 270], [""9%"", 440, 29, 408], [""이므로 개인에 필요일량에 디린다를"", 472, 24, 290], [""K26560-14C23-F"", 492, 27, 269], [""소비기한:"", 517, 28, 268], [""202603"", 532, 36, 339], [""ANDES CANDIESI"", 631, 30, 271], [""DVANWI11"", 654, 35, 269], [""TRI, LLC"", 678, 29, 270], [""www.footsie.com"", 699, 31, 270], [""10-26560-KORQ1PP"", 778, 32, 272]]"
000778,2026,06,22,2026-06-22,s1,연세우유 | 크림(이등·복 00% | 전양법 | 본의.5이 | lotus | Biscoff 2026 06 22 C,"[[""연세우유"", 49, 45, 438], [""00%"", 82, 45, 642], [""크림(이등·복"", 84, 39, 437], [""전양법"", 205, 38, 203], [""본의.5이"", 266, 28, 196], [""lotus"", 541, 36, 67], [""2026 06 22 C"", 551, 38, 217], [""Biscoff"", 585, 80, 0]]"
000779,2026,06,03,2026-06-03,s1,"￥000 | 리미티드 | 신,전지방코코아피 무소재지: | 시틴,합성향료(바닐린향) 신위면 진위서로 63) | ·알레르기정보:혜이즐넷,우유,대두함유 판매원:매일유업(주)경기도 | 평택시 진위면 진위서로 63 | ：1588-1539 | ·식품유형:과자 반품및교환:구입처및수입원 | 산,황원철,비타민터 질산연,비타민B2연 의거교환 또는 보상 | ·알레르기 정보:밀(글루텐),보리(글루텐) 부정·불량식품 받을 수있습니다 카 | 신고는 국번없이 | 같은제조시설에서제조하고있습니다. | 영양정보 52g267kcal 원산지:캐나다 개봉별품:알루미 | L三号125mg 6%全量33.5g10% 03062026 | 트랜스지방0g 포화지방4.7g L234K07--- 83 15:37 | 量1.6mg1%3.8g | ·소비기한(일-월-년순까지) | ·냉장보관을하지마시고, | 10980080005 건조하고 서늘한 곳에 보관","[[""￥000"", 125, 27, 643], [""리미티드"", 233, 20, 382], [""신,전지방코코아피"", 254, 24, 93], [""무소재지:"", 250, 20, 368], [""시틴,합성향료(바닐린향)"", 270, 23, 55], [""신위면 진위서로 63)"", 266, 23, 342], [""·알레르기정보:혜이즐넷,우유,대두함유"", 288, 29, 43], [""판매원:매일유업(주)경기도"", 282, 25, 272], [""평택시 진위면 진위서로 63"", 300, 22, 275], [""：1588-1539"", 317, 22, 272], [""·식품유형:과자"", 330, 24, 48], [""반품및교환:구입처및수입원"", 334, 22, 273], [""산,황원철,비타민터 질산연,비타민B2연"", 362, 26, 45], [""의거교환 또는 보상"", 367, 23, 275], [""·알레르기 정보:밀(글루텐),보리(글루텐)"", 394, 20, 50], [""받을 수있습니다"", 385, 20, 276], [""카"", 397, 58, 601], [""부정·불량식품"", 401, 20, 274], [""신고는 국번없이"", 418, 21, 277], [""같은제조시설에서제조하고있습니다."", 430, 22, 46], [""영양정보"", 458, 35, 41], [""원산지:캐나다"", 451, 20, 275], [""개봉별품:알루미"", 445, 20, 378], [""52g267kcal"", 457, 24, 122], [""L三号125mg"", 477, 24, 45], [""6%全量33.5g10%"", 477, 25, 132], [""03062026"", 485, 20, 292], [""포화지방4.7g"", 509, 22, 155], [""L234K07--- 83 15:37"", 502, 22, 290], [""트랜스지방0g"", 511, 20, 47], [""量1.6mg1%3.8g"", 526, 25, 47], [""·소비기한(일-월-년순까지)"", 581, 24, 284], [""·냉장보관을하지마시고,"", 601, 24, 285], [""10980080005"", 624, 26, 91], [""건조하고 서늘한 곳에 보관"", 616, 25, 289]]"
000780,2026,04,27,2026-04-27,s1,"이크햇 프로 | 1 20 | 7-SELEC | HS 19:06 | 2026,04.27 | 흔들어 주세요!","[[""프로"", 218, 83, 344], [""이크햇"", 218, 70, 235], [""1"", 257, 64, 250], [""20"", 276, 48, 420], [""7-SELEC"", 418, 40, 607], [""HS"", 493, 26, 283], [""19:06"", 494, 29, 356], [""2026,04.27"", 517, 32, 283], [""흔들어 주세요!"", 614, 32, 356]]"
000781,2026,10,02,2026-10-02,s1,05:12 F5 91 | 2026.10.02,"[[""05:12 F5 91"", 460, 40, 278], [""2026.10.02"", 490, 37, 284]]"
000782,NONE,12,19,NONE-12-19,s1,12.19 D1758 | 오폴레 | 00배 | 캔슈,"[[""12.19 D1758"", 459, 42, 276], [""오폴레"", 740, 84, 178], [""00배"", 826, 131, 179], [""캔슈"", 929, 71, 209]]"
000783,2025,12,21,2025-12-21,s1,전지방딸기 ACTIVA | 25.12.21A15sU20,"[[""ACTIVA"", 289, 378, 361], [""전지방딸기"", 284, 175, 314], [""25.12.21A15sU20"", 520, 67, 197]]"
000784,2037,05,28,2037-05-28,s1,20370528 | 1455F,"[[""20370528"", 441, 48, 245], [""1455F"", 479, 49, 273]]"
000785,2026,10,15,2026-10-15,det5,0 026.10.15 OPEN | 11:34 F9 | G | COLD | BREW | F,"[[""0"", 305, 383, 26], [""OPEN"", 295, 48, 357], [""026.10.15"", 370, 57, 293], [""11:34 F9"", 400, 45, 295], [""G"", 454, 87, 194], [""COLD"", 504, 56, 188], [""BREW"", 528, 64, 169], [""F"", 732, 72, 262]]"
000786,2017,01,02,2017-01-02,s1,IHCLER DHEILES | 20ANA 2司 | 방향(성증) 17 1  2 F5 까지 dER | 05 1 01 | 신선함의 기준 | 서울우유 서울우우,"[[""DHEILES"", 48, 31, 162], [""IHCLER"", 57, 34, 92], [""20ANA"", 221, 40, 4], [""2司"", 220, 37, 165], [""방향(성증)"", 464, 139, 64], [""까지"", 441, 66, 590], [""1  2"", 449, 34, 383], [""dER"", 472, 99, 633], [""17"", 446, 24, 278], [""F5"", 452, 34, 538], [""05"", 490, 29, 274], [""1"", 491, 34, 383], [""01"", 493, 35, 535], [""신선함의 기준"", 606, 42, 254], [""서울우우"", 846, 173, 216], [""서울우유"", 850, 57, 25]]"
000787,2026,04,09,2026-04-09,s1,숙산원원 | k | 소비기한 까지 | 2026.04.09 09:05 | 서울우유 저지방,"[[""숙산원원"", 414, 33, 492], [""k"", 453, 60, 496], [""소비기한"", 524, 43, 179], [""까지"", 518, 46, 520], [""2026.04.09 09:05"", 578, 35, 213], [""서울우유"", 656, 62, 170], [""저지방"", 651, 53, 407]]"
000788,NONE,01,21,NONE-01-21,clahe,0빙그레 | 아나나맛 | 우유 | 1.2109F1 | 2FT1L,"[[""0빙그레"", 51, 51, 269], [""아나나맛"", 98, 63, 240], [""우유"", 151, 66, 372], [""1.2109F1"", 582, 46, 192], [""2FT1L"", 621, 42, 187]]"
000789,NONE,12,19,NONE-12-19,s1,2+1 | 2200 2.300 2300 2.300 | 보품분질 | 22 0 | 12.19 D1758 | 플레 | OEH,"[[""2+1"", 24, 48, 587], [""2200"", 58, 25, 129], [""2.300"", 66, 20, 241], [""2300"", 75, 22, 354], [""2.300"", 83, 24, 463], [""보품분질"", 154, 27, 25], [""22"", 207, 28, 349], [""0"", 206, 22, 447], [""12.19 D1758"", 493, 45, 277], [""플레"", 816, 95, 162], [""OEH"", 910, 118, 159]]"
000790,NONE,04,01,NONE-04-01,s1,"JC당 소비기한 01일까지(년월순) 신고는 국번 | 제조회사 | formance 원재료명 | 0100%0 | 9 비타민B2우유함유 | 영양정보: 총내용량81g | K 309kcal | L兰B2) 1227mg61%g3%69%14g3% 비닐류 | 量424mg12%74.617mg PP | C<1 | 11100 | (28) 필 20222UR.1 | T2E | 0 ""901550151289 | Lbb<ttU 9 | <는는u | 0 | 4-0141 | A10","[[""소비기한"", 22, 27, 180], [""01일까지(년월순)"", 31, 34, 263], [""신고는 국번"", 36, 47, 506], [""JC당"", 36, 40, 0], [""제조회사"", 62, 27, 177], [""formance"", 82, 41, 0], [""원재료명"", 88, 27, 179], [""0100%0"", 117, 36, 0], [""비타민B2우유함유"", 132, 29, 259], [""9"", 146, 39, 2], [""영양정보:"", 220, 34, 166], [""총내용량81g"", 222, 47, 418], [""309kcal"", 249, 36, 419], [""K"", 266, 44, 0], [""1227mg61%g3%69%14g3%"", 280, 38, 166], [""L兰B2)"", 293, 36, 0], [""비닐류"", 294, 23, 553], [""量424mg12%74.617mg"", 337, 30, 166], [""PP"", 338, 22, 555], [""C<1"", 372, 31, 0], [""11100"", 443, 28, 0], [""(28)"", 533, 45, 0], [""필"", 544, 29, 115], [""20222UR.1"", 548, 58, 218], [""T2E"", 586, 32, 225], [""0"", 768, 62, 28], [""Lbb<ttU"", 788, 50, 31], [""\""901550151289"", 754, 94, 283], [""9"", 798, 68, 536], [""<는는u"", 824, 41, 0], [""4-0141"", 874, 39, 0], [""0"", 845, 63, 359], [""A10"", 934, 41, 295]]"
000791,2026,06,30,2026-06-30,erode5,26.06.30 21143 C | I'mReal10021号,"[[""26.06.30 21143 C"", 554, 51, 213], [""I'mReal10021号"", 640, 66, 159]]"
000792,2026,04,05,2026-04-05,s1,11 | 1+1 | 09 | ARISI | 2026.04.05 | 15:420,"[[""11"", 22, 41, 206], [""1+1"", 61, 46, 56], [""09"", 98, 37, 69], [""ARISI"", 164, 52, 75], [""2026.04.05"", 498, 36, 140], [""15:420"", 528, 23, 144]]"
000793,2026,05,06,2026-05-06,s1,"NRI MAT | G | 1+1 2+1 2-1 ur | 1+1 | 세울우유 | 맛있는 원색 영성 | 매일우유 고속항 | F2K 03153 | 2026, 05, 06 | 흔들어 드세요 | 언스위트","[[""ur"", 17, 26, 550], [""NRI MAT"", 29, 35, 0], [""2-1"", 34, 33, 412], [""G"", 87, 79, 6], [""2+1"", 67, 36, 307], [""세울우유"", 56, 39, 534], [""1+1"", 112, 38, 155], [""영성"", 156, 41, 285], [""1+1"", 148, 35, 37], [""원색"", 175, 38, 223], [""맛있는"", 205, 32, 159], [""고속항"", 204, 26, 227], [""매일우유"", 258, 46, 8], [""F2K 03153"", 498, 31, 224], [""2026, 05, 06"", 521, 30, 225], [""흔들어 드세요"", 547, 32, 412], [""언스위트"", 638, 36, 305]]"
000794,2026,10,27,2026-10-27,s1,W2300 | 20P | 10:2FS | 2026.10.27,"[[""W2300"", 244, 23, 433], [""20P"", 390, 22, 92], [""10:2FS"", 467, 44, 283], [""2026.10.27"", 504, 47, 290]]"
000795,NONE,NONE,NONE,NONE,fail,lo SINTAR TOP Endak Fnaak Endak Endak Endol FNOOR | yppu DDU MISH TAESTE SPECAUSTY | DDLE GEATER | 2s /키7 Enak | LEVEL LEVEL3 FVEL 1 SPICY SPICY SRICY SPICY NTAR TOP ONTAR TOP ANTAR TOP ANTAR TOP noor | LEVEL3 | Enoak Enaak Fnoas 방 2 E 오예스 2에스 | yppu | 0 | 18 IGH NTAR TOP NTAR TOP | 50 오에스 오에스,"[[""Endak"", 90, 67, 544], [""SPICY"", 545, 156, 23], [""LEVEL"", 554, 101, 0], [""Enaak"", 754, 399, 140], [""ANTAR TOP"", 606, 119, 571], [""2"", 785, 163, 280], [""오예스"", 918, 70, 599], [""Endak"", 88, 81, 541], [""SRICY"", 544, 185, 16], [""LEVEL3"", 561, 128, 0], [""ONTAR TOP"", 600, 144, 566], [""Enoak"", 749, 414, 146], [""lo"", 32, 55, 22], [""DDLE"", 251, 196, 12], [""noor"", 624, 124, 846], [""yppu"", 105, 135, 55], [""SINTAR TOP"", 112, 73, 521], [""MISH TAESTE SPECAUSTY"", 130, 53, 536], [""GEATER"", 367, 90, 709], [""Enak"", 486, 231, 525], [""SPICY"", 638, 116, 463], [""E"", 699, 14, 491], [""LEVEL3"", 687, 67, 506], [""DDU"", 222, 435, 361], [""2s"", 422, 135, 592], [""/키7"", 408, 77, 666], [""yppu"", 872, 67, 22], [""1"", 548, 198, 0], [""ANTAR TOP"", 607, 121, 571], [""FNOOR"", 178, 91, 1103], [""18"", 1094, 405, 0], [""0"", 1011, 28, 565], [""NTAR TOP"", 1204, 267, 1145], [""50"", 1712, 32, 6], [""오에스"", 1835, 128, 1206], [""Endol"", 180, 127, 1091], [""NTAR TOP"", 1204, 254, 1150], [""IGH"", 1117, 60, 1188], [""오에스"", 1838, 134, 1202], [""Fnaak"", 90, 63, 549], [""방"", 740, 419, 122], [""Endak"", 90, 67, 546], [""FVEL"", 559, 65, 15], [""NTAR TOP"", 610, 105, 571], [""2에스"", 922, 53, 612], [""SPICY"", 547, 160, 17], [""Fnoas"", 755, 390, 147]]"
000796,NONE,NONE,NONE,NONE,fail,MISH TASTE SPECIAIUST SIANTAR TOP | DDUA DDU3 8 | 3w3) Faag | GERMEY | MBBrg TASTE S dOl IVLN NTAR TOP NTAR TOP Enoo Trcan Fraan | nao P후/ | 9 EM | 6 | ICY YIGH ANTAR TOP NTAR TOP | 4 | GEREY EM,"[[""9"", 855, 170, 127], [""Faag"", 324, 20, 434], [""NTAR TOP"", 603, 177, 571], [""nao"", 793, 334, 102], [""DDUA"", 210, 241, 0], [""3w3)"", 336, 99, 58], [""SIANTAR TOP"", 102, 82, 522], [""MISH TASTE SPECIAIUST"", 123, 60, 534], [""GERMEY"", 389, 100, 743], [""Enoo"", 523, 260, 525], [""DDU3"", 212, 425, 390], [""MBBrg"", 635, 23, 235], [""P후/"", 658, 23, 223], [""NTAR TOP"", 613, 146, 576], [""TASTE S"", 588, 42, 589], [""EM"", 819, 101, 297], [""Trcan"", 646, 41, 866], [""NTAR TOP"", 1224, 296, 1156], [""4"", 1290, 5, 1163], [""EM"", 1632, 209, 613], [""8"", 172, 47, 1272], [""Fraan"", 648, 43, 867], [""6"", 1008, 49, 914], [""YIGH"", 1116, 73, 1205], [""ANTAR TOP"", 1224, 290, 1158], [""ICY"", 1172, 187, 0], [""GEREY"", 1648, 348, 544], [""dOl IVLN"", 618, 130, 576]]"
000797,2026,08,25,2026-08-25,s1,IANTAR TO | MAKANAN RINGAT | NOODLE SNAC | GEMEL | Enaak | 25 08 2025 25 | 25 08 2026 A1 | Eat | CHICKEN 9 | FLAVOUR | Time 맛있,"[[""IANTAR"", 62, 29, 39], [""TO"", 59, 20, 157], [""MAKANAN RINGAT"", 53, 40, 559], [""NOODLE SNAC"", 68, 37, 583], [""GEMEL"", 349, 112, 246], [""Enaak"", 477, 275, 11], [""25 08 2025 25"", 658, 51, 219], [""25 08 2026 A1"", 691, 50, 220], [""9"", 738, 39, 650], [""Eat"", 708, 57, 658], [""CHICKEN"", 786, 54, 83], [""FLAVOUR"", 825, 58, 71], [""맛있"", 858, 83, 616], [""Time"", 848, 53, 500]]"
000798,NONE,12,20,NONE-12-20,s1,43 | 비요 비요 | 24 24 | 12.20 D1539 | 1000m 요폴레,"[[""43"", 82, 47, 631], [""비요"", 184, 31, 153], [""비요"", 191, 42, 265], [""24"", 262, 41, 455], [""24"", 270, 30, 509], [""12.20 D1539"", 501, 40, 261], [""요폴레"", 782, 75, 264], [""1000m"", 846, 157, 187]]"
000799,NONE,12,20,NONE-12-20,s1,12.20 D1539 | 요플레,"[[""12.20 D1539"", 482, 52, 253], [""요플레"", 909, 106, 244]]"
000800,2026,08,12,2026-08-12,s1,"페인 C 마일드로스트 | 동서미니카누마일드10입 내출)스타백스마다엄료 # | w3,800 #5.500 ￥5.500 | 농심 함까 | 떡볶이 | 비백면한 | 품질유지기한 | 2026.08.12 | 52257848 15:52","[[""C"", 28, 40, 42], [""페인"", 44, 23, 0], [""마일드로스트"", 37, 27, 158], [""#"", 68, 21, 699], [""내출)스타백스마다엄료"", 103, 26, 329], [""동서미니카누마일드10입"", 115, 28, 82], [""￥5.500"", 114, 26, 533], [""#5.500"", 127, 28, 354], [""w3,800"", 136, 31, 110], [""함까"", 229, 97, 577], [""농심"", 245, 34, 316], [""떡볶이"", 336, 75, 303], [""비백면한"", 407, 58, 525], [""품질유지기한"", 478, 37, 93], [""2026.08.12"", 522, 29, 211], [""52257848"", 564, 29, 211], [""15:52"", 563, 30, 394]]"
000801,2026,03,25,2026-03-25,s1,"2.800 | ARIST | 2026.03.25 | 01:39 F1 | EST 2016 | ORGAN | 황산류 ,호두 것을 사용한 제품과 | 있습니다.·부정 불량식품신고:국번 | 125ml | 14%12%1% 0gl 0% 0g | 유산2 받효액","[[""2.800"", 38, 31, 106], [""ARIST"", 120, 73, 60], [""2026.03.25"", 446, 35, 223], [""01:39 F1"", 480, 31, 241], [""2016"", 596, 29, 406], [""EST"", 601, 35, 228], [""ORGAN"", 684, 80, 199], [""황산류 ,호두 것을 사용한 제품과"", 764, 33, 245], [""있습니다.·부정 불량식품신고:국번"", 787, 36, 236], [""125ml"", 810, 39, 218], [""14%12%1%"", 855, 32, 242], [""0%"", 851, 20, 379], [""0gl"", 865, 28, 346], [""0g"", 868, 22, 383], [""유산2 받효액"", 947, 22, 293]]"
000802,2026,07,03,2026-07-03,s1,"허니머스타드 | 2001044505534 | 포장재질용기-폴리에틸렌(내면),뚜껑-폴리에틸렌 | 나다.,미국,우크라이나등)향미유,건조당밀, 렌지식이섬유,잔탄검,겨자분 겨자:외국산(개 영양정보 100g285kcal 265g | 효소제 향신료 영양강화제 대두계란함유 三号650mg33%全号27g8% | 주식회사 오뚜기 异22g22%不19g35% | 号OCACNG128 | ·일토토우유,돼지고기쇠고기조개류굴 g4.6g31% | 혼입가능·소비자기본법에 따라 피해 보상· 15mg5%1g2% | 광선을 피해서늘한곳에보관,개봉후에는냉 개인의 들요 열양에 따라 다를 수 있습니다. 200 | H2034 | 2013- | ：080-024-231 88010451176338 | 소비기한 DN2 | OTHER 2026.07.03 까지 | 09:15","[[""허니머스타드"", 186, 26, 252], [""2001044505534"", 219, 26, 196], [""포장재질용기-폴리에틸렌(내면),뚜껑-폴리에틸렌"", 242, 25, 188], [""렌지식이섬유,잔탄검,겨자분 겨자:외국산(개"", 334, 28, 129], [""영양정보"", 354, 43, 306], [""265g"", 342, 20, 444], [""나다.,미국,우크라이나등)향미유,건조당밀,"", 357, 29, 128], [""100g285kcal"", 362, 31, 420], [""효소제 향신료 영양강화제"", 378, 30, 127], [""대두계란함유"", 384, 27, 234], [""三号650mg33%全号27g8%"", 388, 29, 309], [""주식회사 오뚜기"", 402, 26, 132], [""号OCACNG128"", 424, 35, 131], [""异22g22%不19g35%"", 414, 31, 311], [""·일토토우유,돼지고기쇠고기조개류굴"", 442, 31, 128], [""g4.6g31%"", 439, 28, 311], [""혼입가능·소비자기본법에 따라 피해 보상·"", 462, 29, 128], [""15mg5%1g2%"", 465, 30, 311], [""광선을 피해서늘한곳에보관,개봉후에는냉"", 498, 33, 127], [""200"", 491, 28, 317], [""개인의 들요 열양에 따라 다를 수 있습니다."", 506, 23, 318], [""H2034"", 536, 35, 130], [""2013-"", 553, 36, 129], [""：080-024-231"", 576, 41, 129], [""88010451176338"", 579, 26, 349], [""소비기한"", 603, 30, 221], [""DN2"", 602, 32, 418], [""2026.07.03"", 636, 29, 236], [""OTHER"", 646, 26, 161], [""까지"", 645, 28, 420], [""09:15"", 668, 31, 279]]"
000803,2026,09,13,2026-09-13,s1,쌀56% | 함유 | Mil | CLASSIC 쌀 | 2026/09/13 | 입안에서 사르르,"[[""쌀56%"", 166, 37, 565], [""함유"", 186, 27, 589], [""Mil"", 360, 164, 370], [""CLASSIC"", 474, 65, 408], [""쌀"", 482, 57, 664], [""2026/09/13"", 544, 46, 273], [""입안에서 사르르"", 890, 38, 479]]"
000804,2027,09,01,2027-09-01,s1,블-랙 | PRD 010925 | EXP 010927,"[[""블-랙"", 79, 64, 67], [""PRD 010925"", 570, 49, 238], [""EXP 010927"", 609, 40, 234]]"
000805,2027,01,01,2027-01-01,s1,"제조회사 | hanc 원재료명 설탕,포도당,물엿 | 0 | 비타민B2우유함유 | 9 | 영양정보: 총내용량81g | EK 309kcal | B2) | 비닐류 | 424mg12%4.617mg | L<1 PP | New Taste New Happiness /www.neje.co.kr | 0 | 단) 필 | 7/0R. | T241 | <온는니 | b<2디 05 901550151289 | 127/1-1 | +nt | (A10","[[""제조회사"", 13, 26, 111], [""설탕,포도당,물엿"", 20, 36, 193], [""hanc"", 40, 47, 0], [""원재료명"", 34, 37, 110], [""0"", 72, 37, 0], [""비타민B2우유함유"", 62, 43, 192], [""9"", 102, 27, 0], [""총내용량81g"", 134, 49, 358], [""영양정보:"", 156, 45, 100], [""309kcal"", 163, 36, 360], [""EK"", 212, 49, 0], [""비닐류"", 211, 30, 511], [""B2)"", 242, 34, 0], [""PP"", 259, 24, 522], [""424mg12%4.617mg"", 268, 45, 103], [""L<1"", 318, 44, 0], [""New Taste New Happiness /www.neje.co.kr"", 329, 52, 126], [""0"", 422, 41, 0], [""단)"", 499, 38, 0], [""필"", 494, 29, 56], [""7/0R."", 485, 30, 317], [""T241"", 527, 38, 169], [""<온는니"", 660, 38, 0], [""05"", 739, 48, 0], [""901550151289"", 726, 74, 239], [""b<2디"", 761, 44, 0], [""127/1-1"", 787, 92, 228], [""+nt"", 816, 34, 491], [""(A10"", 932, 55, 254]]"
000806,2026,10,02,2026-10-02,s1,방:3) | 3 | 소속1호 | 1900 | 3.500 | 영Y비를글 | 2026 10 02 16:30 2041255 | ASSAM MILK TEA,"[[""방:3)"", 24, 21, 1], [""3"", 45, 28, 0], [""소속1호"", 60, 26, 0], [""1900"", 102, 34, 280], [""3.500"", 153, 40, 1], [""영Y비를글"", 372, 43, 317], [""2026 10 02 16:30 2041255"", 519, 60, 96], [""ASSAM MILK TEA"", 704, 57, 88]]"
000807,2026,05,29,2026-05-29,s1,1e | EXP 29/05/2026 | 04:03:39J11 | shake wel,"[[""1e"", 55, 38, 213], [""EXP 29/05/2026"", 292, 55, 152], [""04:03:39J11"", 344, 46, 153], [""wel"", 698, 110, 472], [""shake"", 684, 133, 310]]"
000808,2026,06,18,2026-06-18,s1,콜드 | 3ARIS | 11 | H/명 단 | 21 | 2026.06.12 | 2026.0618 | 로명정제수 | 프레 우유(국내산)35% | 미디엄 캘스트 커,"[[""콜드"", 88, 88, 505], [""3ARIS"", 114, 94, 101], [""11"", 170, 47, 120], [""H/명 단"", 249, 23, 640], [""21"", 270, 41, 15], [""2026.06.12"", 453, 54, 268], [""2026.0618"", 576, 58, 273], [""로명정제수"", 803, 128, 78], [""우유(국내산)35%"", 874, 125, 203], [""프레"", 862, 73, 111], [""미디엄 캘스트 커"", 927, 74, 214]]"
000809,2026,08,30,2026-08-30,s1,3500 | 치피T | 2026.08.30 | (주)빙그레 경기도,"[[""3500"", 49, 27, 130], [""치피T"", 192, 25, 547], [""2026.08.30"", 435, 54, 234], [""(주)빙그레"", 915, 90, 166], [""경기도"", 926, 57, 373]]"
000810,2026,03,31,2026-03-31,s1,  | 26.03.31 | B/1020 | .10,"[["" "", 408, 65, 170], [""26.03.31"", 477, 64, 165], [""B/1020"", 538, 59, 173], ["".10"", 778, 62, 138]]"
000811,2026,03,31,2026-03-31,s1,26.03.31 | B/1020 | の元，1未满の乳见 | 5U | L7,"[[""26.03.31"", 519, 46, 263], [""B/1020"", 562, 42, 271], [""の元，1未满の乳见"", 732, 41, 245], [""5U"", 793, 46, 230], [""L7"", 948, 30, 246]]"
000812,2026,05,29,2026-05-29,s1,11O% Hel Helj! 1NGK. Im m | Real Real | 100 100 | 2-1 1o1 | EXP 29/05/2026 | 04:03:39J11 | Best B | shake well,"[[""Hel Helj!"", 38, 76, 49], [""Im"", 76, 39, 335], [""m"", 73, 40, 467], [""11O%"", 92, 33, 82], [""1NGK."", 86, 34, 208], [""Real"", 111, 52, 329], [""Real"", 110, 58, 456], [""100"", 148, 33, 341], [""100"", 148, 43, 461], [""2-1"", 236, 48, 108], [""1o1"", 222, 30, 329], [""EXP 29/05/2026"", 412, 36, 203], [""04:03:39J11"", 448, 38, 200], [""Best B"", 486, 32, 663], [""well"", 699, 88, 425], [""shake"", 695, 104, 319]]"
000813,2026,08,24,2026-08-24,s1,"手外  거반터 (않는이) | Ctoeodate cungte dis (Noele | 9연세우유 | 무통 드로사용어로 동 번g | W4OC0 | 110g(580kcal) | iscoff.com을 참조해주세요 | s Bakeries Belgie, | at52,9971Lembeke, | 에서 생산하였습니다. 2026 08 24 FS | Best before","[[""手外"", 20, 41, 265], ["" 거반터 (않는이)"", 22, 32, 548], [""Ctoeodate cungte dis (Noele"", 44, 33, 288], [""9연세우유"", 158, 39, 71], [""무통 드로사용어로 동 번g"", 266, 24, 517], [""W4OC0"", 289, 31, 535], [""110g(580kcal)"", 378, 25, 380], [""iscoff.com을 참조해주세요"", 426, 34, 0], [""s Bakeries Belgie,"", 450, 26, 0], [""at52,9971Lembeke,"", 476, 28, 0], [""에서 생산하였습니다."", 504, 26, 3], [""2026 08 24 FS"", 509, 34, 271], [""Best before"", 598, 26, 510]]"
000814,2026,06,22,2026-06-22,s1,"연세우유 8 | 두 크림(기듬~북 8 | 에이 | HEN신상품 | W1.500 | W4,000 | otus | coff 2026.06./22 0 | 160g","[[""8"", 31, 28, 691], [""연세우유"", 41, 38, 235], [""크림(기듬~북"", 72, 33, 243], [""8"", 68, 25, 427], [""두"", 106, 81, 0], [""에이"", 144, 73, 1], [""HEN신상품"", 168, 37, 65], [""W1.500"", 216, 23, 91], [""W4,000"", 213, 28, 461], [""otus"", 462, 39, 0], [""2026.06./22 0"", 482, 38, 180], [""coff"", 519, 107, 0], [""160g"", 767, 54, 500]]"
000815,2026,06,22,2026-06-22,erode5,2026 06 22 C,"[[""2026 06 22 C"", 498, 88, 83]]"
000816,2026,10,09,2026-10-09,erode5,2026.10.09F48 | EASY %UT | JELL | HE 젤리 RVEL | 블리 | Apple Shine,"[[""2026.10.09F48"", 426, 65, 194], [""EASY %UT"", 498, 40, 257], [""JELL"", 590, 60, 251], [""RVEL"", 624, 121, 357], [""HE"", 638, 81, 177], [""Apple Shine"", 910, 94, 162], [""젤리"", 678, 117, 247], [""블리"", 761, 102, 257]]"
000817,NONE,NONE,NONE,NONE,fail,V3 | CDCD DoNral E이트방 내HOE로 데이트햇 데Ue가또법 테이터 E이프짜 데아트롯 | UE 모지E 2ZE 7TE 2지 모TE 몬지E | BEE:NTY 122026 80 43.43 43 43 43 43 43.43 D+:Nra Do: Nratl 데이호방 테이다짜 테이트팩 | 용 9287 Z 4IN:388 기02 1156390825 PRC PRC 모TE 모지E 몬지E 몬지터 | V25132011 V2513201 15639 25 V2513201 15639 0825 42513201 15639 0825 12513281 15639 8035 15639 9877N:338 | 0 | BBE:NIY 2 2826 BEE:N1Y122026 EE：NTY招2826 BBEN12826 5380 68951 10281574 43.43 43.43 43.43 | CO CD | EVG 9ME DBd | REOR EFNOH ) | 0 0 0 | 0 % 2513201 15639 0025 156390825 | EBE:N112826 BEE：NT拉2826,"[[""DoNral"", 145, 26, 331], [""데이트햇"", 154, 29, 482], [""E이프짜"", 149, 24, 597], [""모지E"", 180, 33, 459], [""몬지E"", 175, 40, 573], [""43.43"", 264, 89, 443], [""V2513201 15639 0825"", 434, 64, 178], [""BEE:N1Y122026"", 511, 58, 178], [""데Ue가또법"", 152, 24, 486], [""43.43"", 264, 97, 434], [""V25132011"", 431, 66, 174], [""15639"", 437, 54, 292], [""EE：NTY招2826"", 513, 76, 172], [""BEE:NTY 122026"", 290, 224, 418], [""1156390825"", 370, 174, 491], [""80"", 291, 12, 525], [""43.43"", 558, 226, 657], [""V3"", 105, 78, 160], [""CDCD"", 168, 216, 221], [""UE"", 219, 116, 136], [""9287 Z 4IN:388"", 430, 226, 481], [""용"", 365, 74, 130], [""9877N:338"", 449, 61, 317], [""5380 68951 10281574"", 525, 65, 266], [""CO CD"", 698, 84, 51], [""EVG"", 784, 42, 28], [""9ME"", 781, 44, 164], [""DBd"", 797, 26, 333], [""REOR"", 812, 29, 37], [""EFNOH"", 808, 32, 166], ["")"", 814, 21, 336], [""E이트방"", 154, 29, 482], [""테이터"", 150, 21, 598], [""2ZE"", 180, 31, 484], [""2지"", 176, 38, 576], [""V2513201 15639 25"", 434, 65, 177], [""BBEN12826"", 510, 61, 177], [""0"", 485, 22, 409], [""D+:Nra"", 288, 41, 665], [""테이다짜"", 298, 47, 1167], [""데이호방"", 307, 48, 963], [""PRC"", 328, 56, 665], [""몬지터"", 348, 91, 1144], [""모지E"", 358, 70, 916], [""43.43"", 530, 175, 890], [""156390825"", 874, 120, 587], [""0"", 846, 8, 457], [""0"", 846, 7, 546], [""0"", 866, 9, 466], [""%"", 865, 14, 560], [""BEE：NT拉2826"", 1014, 142, 348], [""Do: Nratl"", 288, 50, 661], [""테이트팩"", 296, 47, 1193], [""PRC"", 328, 65, 660], [""몬지E"", 350, 81, 1146], [""기02"", 342, 43, 475], [""모TE"", 358, 74, 914], [""43.43"", 527, 172, 886], [""2513201 15639 0025"", 868, 111, 374], [""0"", 854, 21, 371], [""EBE:N112826"", 1016, 129, 353], [""12513281 15639 8035"", 434, 65, 177], [""43 43"", 264, 89, 442], [""내HOE로"", 155, 18, 488], [""데아트롯"", 150, 24, 600], [""7TE"", 180, 29, 493], [""모TE"", 176, 35, 575], [""42513201 15639 0825"", 434, 64, 176], [""43 43"", 264, 90, 443], [""BBE:NIY 2 2826"", 511, 62, 176]]"
000818,2026,05,12,2026-05-12,s1,43 | 251320115639 0825 | BBE.MAY 12 2026,"[[""43"", 204, 84, 605], [""251320115639 0825"", 424, 77, 158], [""BBE.MAY 12 2026"", 542, 77, 155]]"
000819,2026,05,18,2026-05-18,s2,국정개 용관리분담조내있교호고내0g | W5.000 | 2+ | 소유법법) /7g | 2.800 R) 2+1 | 2.800. Ahthe | ar 0 puepny Sasjewuman' empeog 9E1 MI1882IB 23:14:23G1 BEST BEFORE: 18.05.2026 | 01 DDT MNdXIW 'LTE 김치 | AIVBINEIN | (0w) × (%EZ) 9 마 | < | % MIW O3V 3WWINS | 3IONVEI | 6w 009 SINSINSI 9 | 6ul WNWONVWSM3 | 0L | %2 JEI이 | % Kbiau3 re | BSL PA0 | 족표 표 | 4 | 0,"[[""2+"", 32, 63, 338], [""2+1"", 35, 62, 497], [""/7g"", 35, 28, 436], [""W5.000"", 106, 27, 177], [""R)"", 103, 23, 410], [""Ahthe"", 124, 20, 556], [""2.800"", 138, 23, 403], [""2.800."", 140, 27, 546], [""마"", 267, 36, 673], [""김치"", 341, 62, 485], [""'LTE"", 517, 42, 277], [""9"", 533, 26, 339], [""9"", 559, 20, 457], [""empeog 9E1"", 546, 89, 147], [""MNdXIW"", 550, 71, 227], [""(%EZ)"", 557, 60, 294], [""3IONVEI"", 566, 51, 413], [""DDT"", 602, 52, 184], [""×"", 620, 23, 215], [""Sasjewuman'"", 601, 78, 98], [""SINSINSI"", 618, 55, 378], [""3WWINS"", 632, 46, 251], [""(0w)"", 646, 55, 172], [""WNWONVWSM3"", 618, 108, 397], [""0"", 676, 25, 48], [""puepny"", 647, 59, 62], [""AIVBINEIN"", 667, 66, 106], [""MIW O3V"", 660, 61, 216], [""ar"", 702, 34, 12], [""re"", 676, 71, 489], [""JEI이"", 719, 40, 373], [""Kbiau3"", 746, 48, 420], [""6w 009"", 776, 51, 167], [""PA0"", 780, 44, 418], [""BSL"", 848, 34, 348], [""4"", 874, 21, 476], [""0"", 877, 20, 513], [""표"", 860, 87, 413], [""0L"", 892, 35, 96], [""%"", 917, 22, 184], [""족표"", 912, 87, 353], [""%2"", 940, 42, 70], [""소유법법)"", 48, 17, 439], [""국정개 용관리분담조내있교호고내0g"", 74, 19, 141], [""BEST BEFORE: 18.05.2026"", 426, 54, 132], [""MI1882IB 23:14:23G1"", 454, 46, 138], [""01"", 642, 19, 158], [""<"", 654, 17, 217], [""6ul"", 795, 26, 186], [""%"", 826, 11, 18]]"
000820,2026,05,18,2026-05-18,s2,WS.GCC | 2300 | Y성ts retse: ogpha.c는 | 2800 | 륨요 | YueuMaN 'empeoug 9El BEST BEFORE: 18.05.2026 | nH:g pauodul'puejaz MaN Joy MI1882IB23114:23G1 |  ( | X기IW) MEBALDMA ODY JIDVI ITVS  | unpe) 3DNVEI | bw 009 6w86 unpos SANSAMNS 1SLz6-tlL | bw 059 suebns | 609 ajephuogue) WVOO1 WOH YIWVAOS N 3OW | 0 pajeinues | JBIO 0 | 11D LOLLS | J2기9E 6bau3 gog | NOILI81ON,"[[""WS.GCC"", 25, 30, 209], [""ogpha.c는"", 21, 22, 643], [""2300"", 69, 24, 460], [""2800"", 76, 33, 621], [""륨요"", 580, 99, 0], [""3DNVEI"", 603, 63, 430], [""LOLLS"", 660, 81, 642], [""YueuMaN 'empeoug 9El"", 590, 161, 8], ["" ("", 585, 164, 216], [""SANSAMNS 1SLz6-tlL"", 649, 124, 380], [""nH:g pauodul'puejaz MaN Joy"", 616, 212, 5], [""unpe)"", 709, 67, 284], [""WVOO1 WOH YIWVAOS N 3OW"", 668, 168, 410], [""unpos"", 726, 67, 304], [""0"", 734, 22, 502], [""suebns"", 746, 58, 320], [""11D"", 744, 95, 497], [""gog"", 766, 123, 514], [""MEBALDMA ODY JIDVI ITVS "", 725, 198, 47], [""ajephuogue)"", 776, 97, 302], [""pajeinues"", 794, 86, 332], [""JBIO"", 812, 54, 370], [""X기IW)"", 820, 61, 13], [""6w86"", 827, 50, 192], [""6bau3"", 850, 53, 438], [""bw 009"", 876, 65, 89], [""bw 059"", 894, 63, 107], [""609"", 927, 47, 151], [""J2기9E"", 931, 57, 300], [""NOILI81ON"", 922, 80, 466], [""Y성ts retse:"", 36, 25, 629], [""BEST BEFORE: 18.05.2026"", 400, 66, 36], [""MI1882IB23114:23G1"", 441, 54, 42], [""0"", 938, 15, 198]]"
000821,2026,02,02,2026-02-02,s1,2+12+1 | PEEL HERE | 클김치 | EXF26/02/02FV | 0311 20:28 | schoolchoice | 수입업소명 및 소재지 함량:부분탈지우유 원산지:미국·내용 ·식품유형:치스,"[[""2+12+1"", 180, 62, 493], [""PEEL HERE"", 311, 44, 272], [""클김치"", 429, 82, 560], [""EXF26/02/02FV"", 472, 63, 276], [""0311 20:28"", 516, 50, 281], [""schoolchoice"", 713, 70, 252], [""수입업소명 및 소재지"", 823, 142, 292], [""함량:부분탈지우유"", 822, 140, 311], [""원산지:미국·내용"", 815, 123, 335], [""·식품유형:치스"", 811, 106, 359]]"
000822,2026,02,02,2026-02-02,s1,20 | PEEL HERE | EF26/02/02FV 이김지 | 031120:28 | choolchoice. | 수인업소명 먹소 함량:부분탈지우유 원산지:미국·내용 ·식품유형:치,"[[""20"", 146, 54, 623], [""PEEL HERE"", 212, 65, 236], [""이김지"", 404, 77, 552], [""EF26/02/02FV"", 412, 65, 245], [""031120:28"", 464, 61, 246], [""choolchoice."", 702, 80, 235], [""수인업소명 먹소"", 811, 132, 262], [""함량:부분탈지우유"", 825, 158, 283], [""원산지:미국·내용"", 818, 141, 311], [""·식품유형:치"", 814, 122, 337]]"
000823,2027,02,23,2027-02-23,s1,Using our classic Fr | our Brioche kee | for longer and are st | thanks to our perfe | our in-house sta | that uses wil | 3256540003347 | BBD(YYYY/MMDD): | 2027/02/23 | L25351 0 | 031316:01P,"[[""Using our classic Fr"", 13, 27, 558], [""our Brioche kee"", 35, 26, 589], [""for longer and are st"", 60, 36, 546], [""thanks to our perfe"", 85, 34, 563], [""our in-house sta"", 109, 32, 581], [""that uses wil"", 133, 30, 603], [""3256540003347"", 420, 49, 259], [""BBD(YYYY/MMDD):"", 554, 57, 246], [""2027/02/23"", 594, 51, 212], [""L25351"", 674, 67, 192], [""0"", 671, 30, 542], [""031316:01P"", 732, 83, 202]]"
000824,NONE,12,18,NONE-12-18,s1,영양고 | 바나나맛 | 비요 비요뜨 | 행(성) 12.18.10:41 F5 12.05. 10.41 D1 까지 oCE2 | 산선함의 기준 | 서울우유 서울우유,"[[""영양고"", 58, 22, 119], [""바나나맛"", 83, 40, 104], [""비요"", 338, 53, 364], [""비요뜨"", 360, 60, 552], [""행(성)"", 490, 113, 102], [""12.18.10:41 F5"", 460, 34, 182], [""까지"", 481, 56, 510], [""oCE2"", 506, 93, 541], [""12.05. 10.41 D1"", 498, 36, 183], [""산선함의 기준"", 606, 46, 227], [""서울우유"", 782, 141, 196], [""서울우유"", 768, 57, 55]]"
000825,2026,06,22,2026-06-22,s1,3320 | 흔들어 드세요 | 2026.06.22 17:34 90,"[[""3320"", 13, 20, 428], [""흔들어 드세요"", 334, 38, 166], [""2026.06.22 17:34 90"", 444, 51, 131]]"
000826,2026,06,22,2026-06-22,s1,흔들허드세요 | 2026.0622 17:4 0,"[[""흔들허드세요"", 340, 37, 127], [""2026.0622 17:4 0"", 460, 51, 88]]"
000827,2026,08,09,2026-08-09,s1,"소비기한(아래 8숭자) Best Befon | (MYYYY/MN,20) | 20260809 | 제품명 | 수입판매업소 | 원재료명 | ·소비자상담 해결기준에의거 교","[[""소비기한(아래 8숭자)"", 378, 45, 141], [""Best Befon"", 389, 30, 440], [""(MYYYY/MN,20)"", 411, 36, 441], [""20260809"", 480, 53, 209], [""제품명"", 703, 34, 152], [""수입판매업소"", 731, 36, 144], [""원재료명"", 780, 39, 145], [""·소비자상담"", 870, 36, 143], [""해결기준에의거 교"", 900, 31, 411]]"
000828,NONE,12,21,NONE-12-21,s1,유기맛유 | walon Ravored Nalk | 소세기한 용기표기일까지 | ※뚜껑은 제거후일반쓰레기로비 | 12.21 OSAF2 | ENCS,"[[""유기맛유"", 62, 67, 572], [""walon Ravored Nalk"", 120, 50, 261], [""소세기한 용기표기일까지"", 148, 44, 258], [""※뚜껑은 제거후일반쓰레기로비"", 264, 61, 230], [""OSAF2"", 488, 50, 383], [""12.21"", 495, 43, 240], [""ENCS"", 528, 75, 318]]"
000829,2026,03,20,2026-03-20,s1,"·0-10 | 운하습)%도이하놀욱내표요 | ·이제품은알류,메밀,땅콤,대두,밀,복숭아, | 마토,호두,돼지고기,쇠고기를 사용한 제품과 | 은제조시설에 서 제조하고 있습니다 | 2026.03.20 | 16:48:463A","[[""·0-10"", 44, 62, 255], [""운하습)%도이하놀욱내표요"", 266, 339, 107], [""·이제품은알류,메밀,땅콤,대두,밀,복숭아,"", 307, 86, 164], [""마토,호두,돼지고기,쇠고기를 사용한 제품과"", 353, 64, 172], [""은제조시설에 서 제조하고 있습니다"", 396, 59, 177], [""2026.03.20"", 502, 48, 253], [""16:48:463A"", 553, 54, 265]]"
000830,2025,12,20,2025-12-20,s1,DaNONe | ACTIVA | 저지방사과 | 25.12.20m 0omo42,"[[""DaNONe"", 163, 64, 208], [""ACTIVA"", 230, 393, 48], [""저지방사과"", 310, 158, 237], [""25.12.20m 0omo42"", 608, 76, 200]]"
000831,2025,07,16,2025-07-16,s1,2800:16.07.2025 4% | *원산지:폴란드 | *이 제품은 공정거래위원회 고시 소비자분쟁해결기준에 | 의거교환 또는보상받을 수있습니다,"[[""2800:16.07.2025"", 448, 28, 147], [""4%"", 449, 22, 469], [""*원산지:폴란드"", 516, 26, 543], [""*이 제품은 공정거래위원회 고시 소비자분쟁해결기준에"", 700, 28, 270], [""의거교환 또는보상받을 수있습니다"", 715, 27, 308]]"
000832,2026,07,16,2026-07-16,s2,2200.16.07.2025 43 | 2R6.16.07.2026 | 제품명:락티마 믹스클루시브 올리브 8포선(Lactima Exclusive with olives 8portions) | （130ACMA0.0 원산지:폴란드 | 영양정보 140g（17.5g×8）/17.5g（1）40kcal | 지방0g 지방2.3 15%스10mg 4%백질3g 5% | （200ca） | ：（P：）：14017.5g8315kca | 139 | *이 제품은 공정거래위원회 고시 소비자분쟁해결기준에 | 의거 교환 또는보상 받을 수있습니다.,"[[""43"", 437, 24, 473], [""원산지:폴란드"", 508, 47, 535], [""영양정보"", 651, 24, 140], [""의거 교환 또는보상 받을 수있습니다."", 753, 35, 293], [""2200.16.07.2025"", 452, 49, 63], [""2R6.16.07.2026"", 482, 43, 68], [""제품명:락티마 믹스클루시브 올리브 8포선(Lactima Exclusive with olives 8portions)"", 514, 65, 47], [""（130ACMA0.0"", 535, 58, 55], [""140g（17.5g×8）/17.5g（1）40kcal"", 632, 59, 259], [""지방0g 지방2.3 15%스10mg 4%백질3g 5%"", 668, 65, 153], [""（200ca）"", 685, 62, 169], [""：（P：）：14017.5g8315kca"", 703, 62, 179], [""139"", 720, 56, 207], [""*이 제품은 공정거래위원회 고시 소비자분쟁해결기준에"", 737, 46, 244]]"
000833,2026,04,27,2026-04-27,s1,"로스 | 인크프 20 | HS19:06 | 2026,04.27 | 흔들어 주세요!","[[""로스"", 17, 35, 290], [""20"", 66, 53, 332], [""인크프"", 55, 111, 87], [""HS19:06"", 380, 39, 165], [""2026,04.27"", 412, 35, 170], [""흔들어 주세요!"", 544, 52, 275]]"
000834,2026,02,02,2026-02-02,s1,"PEEL HERE | E 26/02/02FV | 031120:28 | schoolchoice. | 함량:부분탈지우유(우유), Low-Moist","[[""PEEL HERE"", 344, 29, 278], [""E 26/02/02FV"", 446, 45, 277], [""031120:28"", 476, 33, 282], [""schoolchoice."", 612, 42, 272], [""함량:부분탈지우유(우유),"", 712, 144, 298], [""Low-Moist"", 740, 123, 364]]"
000835,2026,02,02,2026-02-02,s1,L800 1.700 | 무말번일목침 | PEEL HERE | EXF26/02/02FV | 0311 20:28 | schoochoice,"[[""L800"", 66, 23, 458], [""1.700"", 65, 23, 596], [""무말번일목침"", 115, 56, 435], [""PEEL HERE"", 297, 26, 355], [""EXF26/02/02FV"", 394, 39, 352], [""0311 20:28"", 421, 38, 356], [""schoochoice"", 554, 43, 333]]"
000836,2026,05,18,2026-05-18,s2,단백 | 20g 단백 | STRHSS통99류 | 20g | 66 N M1882T B 23:14:23 G1 BEST BEFORE: 18.05.2026 | Lpuepny' /3ayeuMaN' puepaz MNI | EZOL1 | H (7I) | o S8AIS OD 3UD1 | l w009 | 금(%)륨(서함기 k이kl<(곰8 a | 60 | 0 | L% BzL Jad PAID 95 | BSL | 0 9↓ 코레L 운운륨/1 B또L 6OOL Jas | 음을원내 | 움HC 0 | 후르먹레 24*,"[[""단백"", 71, 48, 152], [""단백"", 82, 44, 42], [""20g"", 126, 32, 164], [""20g"", 134, 30, 60], [""N"", 432, 82, 156], [""puepaz MNI"", 443, 81, 175], [""/3ayeuMaN'"", 476, 73, 110], [""66"", 472, 145, 30], [""Lpuepny'"", 514, 59, 73], [""(7I)"", 521, 52, 172], [""3UD1"", 522, 49, 204], [""EZOL1"", 538, 40, 55], [""OD"", 546, 34, 185], [""S8AIS"", 567, 38, 123], [""o"", 626, 29, 37], [""w009"", 638, 47, 164], [""PAID"", 658, 38, 387], [""6OOL"", 757, 30, 263], [""B또L"", 776, 24, 272], [""금(%)륨(서함기 k이kl<(곰8 a"", 728, 157, 0], [""BzL"", 784, 34, 136], [""움HC"", 796, 39, 393], [""운운륨/1"", 799, 50, 197], [""코레L"", 823, 26, 167], [""L%"", 854, 23, 22], [""후르먹레"", 828, 63, 377], [""9↓"", 900, 21, 30], [""음을원내"", 884, 61, 79], [""STRHSS통99류"", 99, 21, 157], [""BEST BEFORE: 18.05.2026"", 335, 36, 158], [""M1882T B 23:14:23 G1"", 360, 45, 158], [""H"", 582, 18, 55], [""95"", 654, 17, 436], [""l"", 674, 14, 94], [""BSL"", 713, 30, 322], [""Jad"", 699, 28, 342], [""0"", 738, 19, 134], [""Jas"", 734, 18, 331], [""60"", 746, 31, 86], [""0"", 752, 17, 467], [""24*"", 774, 18, 473], [""0"", 906, 15, 1]]"
000837,NONE,NONE,NONE,NONE,fail,"NN 'SAMAZN ITNS ASAAHD MVOAH2 3saaHS umumd PEEL HERE ASAAHD BVOGAHD | /b ) 1sl/ugow1s)]) %)/umgs 3SaA S umund 크RAH T크Ad ER21261K11 Mbtanf rets sineg an.ter talftg/2,g. tias | Premium CHEESE | 지| 부시 Mgr BAH T크Ad Mnd0gatedsg | PFER 2126 EXFFER21261K1F1 EFTEB2126K11 EP EBM2S KM 1 EXFFER2126K1.1 1K1 CHEDDAR CHEESE INCREDIEITS: CHEDA SALT, ENZYMES.AIN | EY | PEEL HERE PEEL HERE PEEL HERE PEEL HERE | CHEDDAR CHEESE CHEDDAR CHEESE CHEDDAR CHEES CHEDDAR CHEESE Premium CHEESE Premium CHEESE Premium CHEESE CHEESE Pron BONGARD BONGARDE | SALT, ENZYMES. INREDIEMTS: CHED lg/보 lhtefet srngil tan.te EAFFER2126K111 EXFTEB2126K111 | PEEL HERE PEEL HERE | CHEDDAR CHEESE CHEDDAR CHEESE Premium CHEESE Premium CHEESE BONGARDS BONGARD | LUIKBLU SALT, ENZYMES,ANN SALT,ENZYMES,ANN NGREDIEITS: CHEDDA INGREDIENTS: CHEODA (nc.0gAdedSugars0%) lond. Og Aded Sugas 0% 0% Sodum18mg.8%M,Tola Tolatg2%sag Bamms. Etl tsa fratas Soinea n","[[""EXFFER2126K1.1"", 438, 39, 176], [""PEEL HERE"", 597, 40, 237], [""CHEDDAR CHEESE"", 754, 191, 268], [""Premium CHEESE"", 747, 134, 353], [""PFER 2126"", 440, 33, 203], [""1K1"", 438, 31, 349], [""PEEL HERE"", 596, 39, 236], [""CHEDDAR CHEESE"", 753, 198, 264], [""Premium CHEESE"", 745, 138, 351], [""lg/보"", 912, 94, 372], [""lhtefet srngil tan.te"", 911, 96, 396], [""SALT, ENZYMES."", 911, 72, 275], [""INREDIEMTS: CHED"", 916, 84, 294], [""PEEL HERE"", 316, 155, 341], [""ER21261K11"", 319, 172, 505], [""NN 'SAMAZN ITNS"", 293, 32, 0], [""ASAAHD MVOAH2"", 294, 54, 109], [""1sl/ugow1s)])"", 337, 30, 0], [""/b )"", 354, 29, 0], [""3SaA S umund"", 366, 27, 149], [""%)/umgs"", 374, 28, 0], [""지| 부시 Mgr"", 408, 17, 2], [""Mbtanf rets sineg an.ter"", 314, 17, 865], [""BAH T크Ad"", 405, 156, 577], [""talftg/2,g. tias"", 330, 23, 869], [""Premium CHEESE"", 354, 30, 679], [""Mnd0gatedsg"", 365, 26, 873], [""INCREDIEITS: CHEDA"", 410, 32, 874], [""CHEDDAR CHEESE"", 426, 51, 660], [""SALT, ENZYMES.AIN"", 427, 32, 876], [""EY"", 439, 8, 923], [""ASAAHD BVOGAHD"", 206, 192, 400], [""3saaHS umumd"", 214, 137, 340], [""크RAH T크Ad"", 362, 42, 327], [""EFTEB2126K11"", 439, 44, 170], [""PEEL HERE"", 598, 40, 237], [""BONGARD"", 736, 258, 355], [""CHEDDAR CHEESE"", 754, 191, 266], [""Premium CHEESE"", 746, 137, 351], [""EXFTEB2126K111"", 878, 71, 347], [""PEEL HERE"", 1195, 70, 477], [""BONGARD"", 1456, 457, 725], [""CHEDDAR CHEESE"", 1510, 386, 532], [""Premium CHEESE"", 1492, 270, 703], [""Sodum18mg.8%M,Tola"", 1830, 172, 722], [""Tolatg2%sag"", 1830, 179, 761], [""NGREDIEITS: CHEDDA"", 1836, 159, 597], [""(nc.0gAdedSugars0%)"", 1834, 170, 687], [""SALT,ENZYMES,ANN"", 1838, 162, 558], [""Bamms. Etl"", 1859, 82, 803], [""EAFFER2126K111"", 878, 68, 350], [""PEEL HERE"", 1195, 70, 477], [""BONGARDS"", 1480, 521, 718], [""CHEDDAR CHEESE"", 1511, 378, 538], [""Premium CHEESE"", 1492, 267, 705], [""tsa fratas Soinea n"", 1819, 172, 802], [""lond. Og Aded Sugas 0% 0%"", 1834, 169, 690], [""SALT, ENZYMES,ANN"", 1837, 165, 558], [""INGREDIENTS: CHEODA"", 1836, 163, 598], [""LUIKBLU"", 1880, 72, 548], [""EP EBM2S KM 1"", 438, 41, 171], [""EXFFER21261K1F1"", 439, 40, 170], [""PEEL HERE"", 597, 40, 237], [""CHEDDAR CHEES"", 748, 171, 271], [""Pron"", 702, 39, 356], [""CHEESE"", 774, 71, 358], [""BONGARDE"", 732, 227, 363]]"
000838,NONE,NONE,NONE,NONE,fail,"LNO3 3SAAHD immumd ASAAHD MVOQAH | 0%S) D9U9NI ASAAHD MVO(AHS PEEL HERE Premium CHEESE Sodiar TotalF | p3ul 크NAH TAId Inc!.O | mpos 티이 MRUPTN ASaaHS immmd EXPFEB2126 IKT EXPFEB2126I10 EXPFEB21261K16 EXPFEB2126W16 EXPFEL2126K1 971383483 ANAH TAd CHEDDAR CHEESE SALT, INGREE (1S%D | CONTA | 971384X3 | 티리 PEEL HERE PEEL HERE PEEL HERE HERE | 2 CHEDDAR CHEESE CHEDDAR CHEESE CHEDDAR CHEES CHEDDAR CHEESE CHEDDAR CHEESE Premium CHEESE emium CHEESE M CNEESE FONGARDS RONGARD EXPFEB2IZON1 EXPFEB21261K164 | 유 | PEELHERE PEEL HERE | CHEDDAR CHEESE CHEDDAR CHEESE Premium CHEESE Premium CHEESE PONGARD ONGARD","[[""EXPFEB2126I10"", 420, 35, 180], [""PEEL HERE"", 588, 31, 251], [""CHEDDAR CHEESE"", 774, 233, 279], [""유"", 945, 12, 396], [""EXPFEB2126W16"", 420, 41, 176], [""PEEL HERE"", 588, 29, 249], [""CHEDDAR CHEESE"", 773, 239, 274], [""2"", 708, 85, 38], [""Premium CHEESE"", 772, 168, 362], [""LNO3"", 272, 23, 0], [""PEEL HERE"", 334, 161, 360], [""ASAAHD MVO(AHS"", 303, 45, 72], [""D9U9NI"", 310, 23, 0], [""0%S)"", 341, 22, 0], [""p3ul"", 362, 21, 0], [""mpos"", 382, 19, 0], [""ASaaHS immmd"", 382, 36, 105], [""티이"", 403, 20, 0], [""MRUPTN"", 422, 17, 0], [""971383483"", 414, 251, 403], [""ANAH TAd"", 386, 168, 573], [""TotalF"", 318, 21, 934], [""Premium CHEESE"", 338, 42, 690], [""Sodiar"", 338, 19, 934], [""Inc!.O"", 360, 21, 933], [""(1S%D"", 380, 23, 930], [""CHEDDAR CHEESE"", 418, 42, 660], [""INGREE"", 410, 23, 925], [""SALT,"", 430, 22, 924], [""CONTA"", 449, 22, 923], [""ASAAHD MVOQAH"", 186, 231, 396], [""3SAAHD immumd"", 186, 167, 321], [""크NAH TAId"", 372, 30, 305], [""971384X3"", 540, 34, 285], [""EXPFEB2126 IKT"", 419, 43, 179], [""티리"", 588, 13, 260], [""HERE"", 587, 20, 337], [""RONGARD"", 760, 268, 387], [""CHEDDAR CHEESE"", 774, 236, 278], [""emium CHEESE"", 787, 134, 371], [""EXPFEB2IZON1"", 837, 70, 359], [""PEELHERE"", 1176, 57, 504], [""CHEDDAR CHEESE"", 1548, 463, 560], [""ONGARD"", 1556, 469, 794], [""Premium CHEESE"", 1547, 328, 726], [""EXPFEB21261K164"", 838, 107, 352], [""PEEL HERE"", 1176, 54, 506], [""PONGARD"", 1514, 585, 765], [""CHEDDAR CHEESE"", 1548, 460, 563], [""Premium CHEESE"", 1546, 329, 729], [""EXPFEL2126K1"", 418, 41, 178], [""CHEDDAR CHEES"", 770, 208, 283], [""EXPFEB21261K16"", 418, 40, 178], [""PEEL HERE"", 588, 31, 251], [""CHEDDAR CHEESE"", 771, 226, 279], [""M CNEESE"", 806, 99, 372], [""FONGARDS"", 771, 316, 381]]"
000839,2026,01,03,2026-01-03,s1,SEVEN 건강한 닭이 넣은 | 세븐함 Fa 신선한 등급 달 | 질등급 중량규격 | 황란 | 특 세본함이 선정한 깨곳한 농장에서 | 등급 대란 정성들여 키운 닭이 낮은 | 증 | 소란 신선한 계란입니다. | 축산물품질평가원 | 등급판정일자 2025.11.26 | 소비기한: 2026.01.03 | 000 NAN | TOT TOT CCd | 해적한 환껑 세척 상균 건란 선별포장 | 17503 | 식품유형:시요라 O~10C 냉장보 | ·측산물 통과한 신선한 계란입니다,"[[""건강한 닭이 넣은"", 66, 55, 210], [""SEVEN"", 74, 29, 14], [""Fa"", 108, 74, 15], [""달"", 132, 106, 591], [""등급"", 138, 94, 536], [""신선한"", 149, 123, 189], [""세븐함"", 154, 38, 44], [""질등급"", 243, 26, 24], [""중량규격"", 240, 26, 92], [""황란"", 265, 22, 107], [""특"", 286, 25, 103], [""세본함이 선정한 깨곳한 농장에서"", 277, 49, 210], [""등급"", 310, 25, 36], [""대란"", 309, 22, 111], [""정성들여 키운 닭이 낮은"", 317, 44, 211], [""증"", 332, 23, 112], [""소란"", 354, 20, 114], [""신선한 계란입니다."", 355, 44, 213], [""축산물품질평가원"", 378, 26, 37], [""2025.11.26"", 429, 46, 210], [""등급판정일자"", 450, 60, 15], [""2026.01.03"", 482, 44, 208], [""소비기한:"", 504, 51, 17], [""000"", 571, 22, 149], [""NAN"", 566, 27, 252], [""TOT"", 595, 28, 147], [""TOT"", 592, 31, 251], [""CCd"", 590, 25, 469], [""건란"", 607, 30, 367], [""세척"", 623, 26, 158], [""상균"", 620, 27, 263], [""선별포장"", 616, 27, 463], [""해적한 환껑"", 626, 30, 32], [""17503"", 626, 27, 616], [""식품유형:시요라 O~10C 냉장보"", 743, 72, 130], [""·측산물"", 786, 35, 192], [""통과한 신선한 계란입니다"", 786, 33, 470]]"
000840,2026,01,01,2026-01-01,s1,"옥수수 | 3첨가 100 | 제품명 벽놀모양 레드벨넷 케이크 | 식품유형/빵류 90g（430kcal） | . | 내포장재용기:PET,포크:PS,트레이:종이 | 20210363128114 | 6 | 판매원 1333 | 제조원 원(주)타르트엔코/경기도 용인시 처인구 모현읍 초부로 | 132-12（TEL031-323-4177） | 소비기한 | 26.01.01 | 80924311176679 | 안안까","[[""옥수수"", 44, 72, 546], [""3첨가"", 100, 35, 609], [""100"", 94, 21, 692], [""제품명 벽놀모양 레드벨넷 케이크"", 140, 44, 61], [""90g（430kcal）"", 156, 41, 272], [""식품유형/빵류"", 172, 37, 57], [""."", 172, 28, 674], [""내포장재용기:PET,포크:PS,트레이:종이"", 225, 50, 45], [""20210363128114"", 260, 49, 38], [""6"", 293, 72, 25], [""판매원"", 333, 40, 27], [""1333"", 324, 46, 106], [""제조원"", 372, 33, 27], [""원(주)타르트엔코/경기도 용인시 처인구 모현읍 초부로"", 362, 54, 61], [""132-12（TEL031-323-4177）"", 400, 40, 87], [""소비기한"", 471, 46, 264], [""26.01.01"", 528, 39, 254], [""80924311176679"", 565, 23, 42], [""안안까"", 744, 31, 559]]"
000841,2025,12,22,2025-12-22,s1,145 | kcal | 이미지예 | ~10℃) 2025.12.22.F3,"[[""145"", 316, 83, 378], [""kcal"", 380, 57, 385], [""이미지예"", 467, 52, 526], [""~10℃)"", 534, 62, 3], [""2025.12.22.F3"", 573, 76, 213]]"
000842,2026,07,03,2026-07-03,s1,03 07 2026 | L260KBB-J011:09 | 소비기한(일-월-년 순 까지) | FERRERO | ROCHER,"[[""03 07 2026"", 473, 47, 221], [""L260KBB-J011:09"", 514, 43, 221], [""소비기한(일-월-년 순 까지)"", 552, 31, 226], [""FERRERO"", 633, 38, 265], [""ROCHER"", 668, 41, 264]]"
000843,2026,06,17,2026-06-17,s1,보상 받을 수 있습니다 | 영양정보 90g562kcal | 나트륨15mg 1% 탄수화물39g 12% | 당류29g 29% 지방42g 78% | 트랜스지방 0g 포화지방 22g 145% | 콜레스테롤9mg 3% 단백질7g 13% | 소비기한 | (일-월-년 순 까지) | 17.06.2026 | 203K06UKC | 16:3202 | 3801121044087,"[[""보상 받을 수 있습니다"", 35, 34, 202], [""영양정보"", 134, 31, 190], [""90g562kcal"", 130, 29, 420], [""나트륨15mg"", 166, 28, 189], [""1%"", 164, 25, 388], [""탄수화물39g"", 164, 32, 435], [""12%"", 165, 30, 633], [""당류29g"", 198, 30, 189], [""29%"", 198, 28, 371], [""지방42g"", 198, 33, 434], [""78%"", 198, 28, 629], [""트랜스지방 0g"", 230, 32, 188], [""포화지방 22g"", 231, 32, 434], [""145%"", 232, 28, 618], [""콜레스테롤9mg"", 262, 32, 188], [""3%"", 264, 23, 384], [""단백질7g"", 264, 27, 432], [""13%"", 266, 29, 629], [""소비기한"", 381, 32, 178], [""(일-월-년 순 까지)"", 410, 33, 180], [""17.06.2026"", 462, 30, 195], [""203K06UKC"", 484, 33, 206], [""16:3202"", 502, 37, 193], [""3801121044087"", 544, 31, 473]]"
000844,2026,07,03,2026-07-03,s1,EDE지FO | ROXCHR | 2-1 | 03 07 2026 | L260KBB-JO 1109 | 소비기한(일-월-년 순 까지) | FERRERO | ROCHER,"[[""EDE지FO"", 140, 26, 297], [""ROXCHR"", 164, 27, 298], [""2-1"", 354, 40, 315], [""03 07 2026"", 500, 66, 198], [""L260KBB-JO 1109"", 554, 70, 195], [""소비기한(일-월-년 순 까지)"", 604, 49, 201], [""FERRERO"", 704, 55, 243], [""ROCHER"", 748, 53, 239]]"
000845,2026,06,17,2026-06-17,s1,당류 29g 29% 지방 | 트랜스지방 0g 포화 | 콜레스테롤9mg 3% 단백 | 소비기한 | (일-월-년 순 까지) | 17.06.2026 | L203K06UKC | 16:3202,"[[""당류 29g"", 46, 54, 139], [""29%"", 40, 50, 507], [""지방"", 41, 56, 633], [""트랜스지방 0g"", 109, 55, 139], [""포화"", 104, 51, 633], [""콜레스테롤9mg"", 174, 52, 142], [""3%"", 170, 49, 528], [""단백"", 170, 55, 631], [""소비기한"", 416, 49, 128], [""(일-월-년 순 까지)"", 469, 52, 130], [""17.06.2026"", 574, 39, 169], [""L203K06UKC"", 616, 43, 169], [""16:3202"", 654, 54, 165]]"
000846,2026,05,28,2026-05-28,s1,16:53 28.05.2026 | OPJO4535224 | und vor Warme schitzen. | 10248428 | 10m11 | 비닐류 2 | 01 号（2000cal | 수PP 기준이므로 개인의 필요 열량에 따라 나를 수 있습니다.,"[[""16:53 28.05.2026"", 532, 37, 252], [""OPJO4535224"", 569, 44, 247], [""und vor Warme schitzen."", 649, 35, 223], [""10248428"", 671, 45, 1], [""10m11"", 774, 55, 265], [""01"", 786, 48, 43], [""비닐류"", 782, 29, 211], [""2"", 797, 55, 269], [""수PP"", 816, 37, 175], [""号（2000cal"", 820, 58, 270], [""기준이므로 개인의 필요 열량에 따라 나를 수 있습니다."", 838, 58, 274]]"
000847,2026,05,28,2026-05-28,det5,16:53 28.05.2026 | OPJO4535224 | consererabn del chaleuretd humdite! | und vor Warme schutzen. | 40g190cal | 틸즈비사지(방사 10m% | 유에두함 비닐류 44204mg% | 제조하고이침 2000kca | 반을별을수십.PP 기준이므로 개인의 필이 여라이,"[[""16:53 28.05.2026"", 421, 62, 128], [""OPJO4535224"", 487, 67, 118], [""consererabn del chaleuretd humdite!"", 584, 68, 79], [""und vor Warme schutzen."", 634, 48, 91], [""40g190cal"", 804, 97, 158], [""10m%"", 848, 85, 174], [""틸즈비사지(방사"", 831, 29, 0], [""유에두함"", 864, 35, 2], [""비닐류"", 867, 52, 79], [""44204mg%"", 889, 80, 179], [""제조하고이침"", 892, 17, 17], [""2000kca"", 924, 76, 181], [""반을별을수십.PP"", 926, 50, 22], [""기준이므로 개인의 필이 여라이"", 942, 41, 185]]"
000848,2021,05,21,2021-05-21,s1,21 05 2021 18KBBNH 2AHOON,"[[""2AHOON"", 546, 167, 536], [""21 05 2021"", 500, 49, 263], [""18KBBNH"", 544, 52, 266]]"
000849,2026,05,21,2026-05-21,s1,21 05 2026 218KBBNHX 2AHD0N,"[[""2AHD0N"", 550, 156, 477], [""21 05 2026"", 516, 58, 226], [""218KBBNHX"", 558, 61, 228]]"
000850,2026,08,09,2026-08-09,s1,완구원산지:중국 | L286K11-6 | R13102025 | E09 08 2026 | 소코비 | 초코비,"[[""완구원산지:중국"", 260, 68, 313], [""L286K11-6"", 370, 40, 270], [""R13102025"", 410, 35, 269], [""E09 08 2026"", 446, 39, 271], [""소코비"", 582, 54, 578], [""초코비"", 724, 57, 602]]"
000851,2026,06,30,2026-06-30,s1,246K11-1 | P03092025 | E30062026,"[[""246K11-1"", 490, 62, 214], [""P03092025"", 545, 66, 169], [""E30062026"", 603, 62, 176]]"
000852,2026,08,14,2026-08-14,s1,20444G | BBE 14.08.26,"[[""20444G"", 478, 74, 247], [""BBE 14.08.26"", 548, 98, 174]]"
000853,2026,09,24,2026-09-24,s1,L27 | 味26.09.24 | 款造25.09.25,"[[""L27"", 462, 45, 296], [""味26.09.24"", 520, 68, 277], [""款造25.09.25"", 575, 48, 274]]"
000854,2026,09,04,2026-09-04,s1,식품안전관리인증 HACCP 마크란? | HACCP | 식약처에서 위생적이고 안전하다고 | 인증한 식품에만 표기하는 마크입니다 | 801117282301 | 소비 부터 | 기한 2025.11.05/15:11 까지 | 2026.09.04/A-1,"[[""식품안전관리인증"", 102, 29, 100], [""HACCP 마크란?"", 111, 48, 208], [""HACCP"", 126, 33, 99], [""식약처에서 위생적이고 안전하다고"", 152, 35, 210], [""인증한 식품에만 표기하는 마크입니다"", 178, 33, 209], [""801117282301"", 336, 34, 112], [""소비"", 382, 40, 34], [""부터"", 384, 43, 431], [""기한"", 427, 44, 35], [""2025.11.05/15:11"", 420, 36, 136], [""까지"", 426, 39, 431], [""2026.09.04/A-1"", 456, 32, 137]]"
000855,2026,08,25,2026-08-25,s1,GEMEIL | no | 25 08 2025 25 | 25082026A1 | HICKEN | AVOUR,"[[""GEMEIL"", 54, 115, 257], [""no"", 258, 248, 0], [""25 08 2025 25"", 486, 54, 178], [""25082026A1"", 533, 48, 177], [""HICKEN"", 659, 88, 0], [""AVOUR"", 715, 87, 0]]"
000856,2026,06,03,2026-06-03,s1,"경기도 평택지전국 | 판매원:매일유업(주)경기도 | 우유,대두 함유 평택시 진위면 진위서로 63 | ：1588-1539 | 반품 및 교환:구입처 및 수입원 | (밀가루,니코틴 본 제품은 공정거래위원회 고시에 | ,비타민B2,엽 의거 교환 또는 보상 | 아추출분말,효모 받을 수 있습니다 | 렌),보리(글루텐) ·부정·불량식품 플라스틱 | 를 사용한제품과 신고는 국번없이 | 하고 있습니다. 1399 PP | 52g267kcal 원산지:캐나다 개봉필륨:알루미늄 | 空量33.5g10% | 13.1g 24% 03062026 | 4.7g31% L234K07---83 15:37 | 단백질3.8g 7% | (%)2.000kcal | 량에 따라 다를 수 있습니다 | 소비기한(일-월-년 순 까지) | ·냉장보관을 하지 마시고, | 80005 건조하고 서늘한 곳에 보관 방","[[""경기도 평택지전국"", 16, 35, 196], [""판매원:매일유업(주)경기도"", 40, 65, 199], [""우유,대두 함유"", 83, 63, 0], [""평택시 진위면 진위서로 63"", 80, 61, 205], [""：1588-1539"", 124, 57, 203], [""반품 및 교환:구입처 및 수입원"", 159, 71, 203], [""(밀가루,니코틴"", 213, 50, 0], [""본 제품은 공정거래위원회 고시에"", 198, 68, 211], ["",비타민B2,엽"", 248, 52, 0], [""의거 교환 또는 보상"", 242, 50, 219], [""아추출분말,효모"", 283, 48, 0], [""받을 수 있습니다"", 283, 50, 221], [""플라스틱"", 292, 55, 485], [""렌),보리(글루텐)"", 322, 50, 0], [""·부정·불량식품"", 322, 49, 216], [""를 사용한제품과"", 364, 49, 0], [""신고는 국번없이"", 359, 48, 228], [""PP"", 376, 39, 507], [""하고 있습니다."", 403, 46, 0], [""1399"", 400, 36, 229], [""개봉필륨:알루미늄"", 408, 39, 464], [""원산지:캐나다"", 434, 49, 229], [""52g267kcal"", 461, 55, 0], [""空量33.5g10%"", 504, 50, 0], [""03062026"", 510, 48, 273], [""13.1g"", 543, 34, 1], [""24%"", 536, 36, 156], [""L234K07---83 15:37"", 546, 54, 272], [""4.7g31%"", 574, 50, 0], [""단백질3.8g"", 610, 33, 1], [""7%"", 604, 32, 177], [""(%)2.000kcal"", 642, 35, 3], [""량에 따라 다를 수 있습니다"", 666, 39, 0], [""소비기한(일-월-년 순 까지)"", 722, 47, 273], [""·냉장보관을 하지 마시고,"", 766, 44, 273], [""방"", 792, 30, 580], [""건조하고 서늘한 곳에 보관"", 800, 42, 288], [""80005"", 818, 41, 24]]"
000857,2025,01,28,2025-01-28,s1,"ACETO BALSAMICO | DIMODENAIG | Certificato da Organismo | 식품위생법에의한한글표시 | ·제품명:모데나 발사믹식초 | 14 | Giuseppe Cremonin Via Fosche | Modena,taly)*·유통기한 제품 뒷면 하단 별도 | （）250m | ：6%75.99% | （100%）23%（100%） | 1%0.01% | 무수아황산 함유 | ·원산지:이탈리아 | ·용기재질:유리 | ·뚜껑내부:폴리에틸렌 | ·뚜껑외부:알미능·반품교환장소:구입처 및판매처 | 초산균이자연적으로 먹어리져 생긴 마더오브비니거로 | 결러내셔서 섭취하시면 됩니다.본 제품은 소비자 피해 | 보상 규정에의거 교환 및 보상을 받을 수 있습니다. | 본 제품은 이태리에서 포장까지 마친 원제품으로 | 2025/01/28 | 산도:6% 유리 | 250ml | 8007150901968","[[""ACETO BALSAMICO"", 21, 22, 267], [""DIMODENAIG"", 40, 22, 273], [""Certificato da Organismo"", 60, 25, 265], [""식품위생법에의한한글표시"", 96, 23, 259], [""·제품명:모데나 발사믹식초"", 115, 26, 233], [""14"", 154, 20, 235], [""Giuseppe Cremonin Via Fosche"", 172, 22, 234], [""Modena,taly)*·유통기한 제품 뒷면 하단 별도"", 189, 28, 232], [""（）250m"", 208, 23, 235], [""：6%75.99%"", 225, 28, 234], [""（100%）23%（100%）"", 244, 25, 236], [""1%0.01%"", 262, 25, 234], [""무수아황산 함유"", 307, 34, 238], [""·원산지:이탈리아"", 344, 20, 238], [""·용기재질:유리"", 362, 21, 239], [""·뚜껑내부:폴리에틸렌"", 380, 22, 238], [""·뚜껑외부:알미능·반품교환장소:구입처 및판매처"", 397, 22, 238], [""초산균이자연적으로 먹어리져 생긴 마더오브비니거로"", 448, 24, 239], [""결러내셔서 섭취하시면 됩니다.본 제품은 소비자 피해"", 482, 25, 239], [""보상 규정에의거 교환 및 보상을 받을 수 있습니다."", 500, 21, 240], [""본 제품은 이태리에서 포장까지 마친 원제품으로"", 535, 22, 239], [""2025/01/28"", 635, 20, 273], [""산도:6%"", 704, 27, 255], [""유리"", 704, 26, 385], [""250ml"", 741, 44, 251], [""8007150901968"", 831, 24, 262]]"
000858,2021,10,NONE,2021-10-NONE,clahe,9 | 2021/10 | Ro1 88 | 0 7:00,"[[""9"", 179, 132, 430], [""2021/10"", 582, 21, 276], [""Ro1"", 596, 16, 310], [""88"", 594, 17, 367], [""0"", 608, 11, 328], [""7:00"", 607, 19, 343]]"
000859,NONE,NONE,NONE,NONE,fail,2상 2상 | 09ecrl 1398 | CRT4 398846813 | PZ | 0 | 2 ·R84 3 0 | 6 7 8 9 | 0,"[[""398846813"", 412, 82, 242], [""CRT4"", 402, 49, 258], [""09ecrl"", 358, 36, 457], [""PZ"", 486, 57, 264], [""2상"", 158, 42, 343], [""2상"", 158, 42, 343], [""1398"", 308, 123, 680], [""·R84"", 809, 94, 538], [""0"", 788, 19, 547], [""2"", 802, 11, 539], [""3"", 820, 21, 685], [""0"", 825, 24, 715], [""6"", 836, 16, 600], [""8"", 835, 20, 680], [""7"", 842, 11, 641], [""9"", 844, 21, 717], [""0"", 854, 21, 687]]"
000860,2022,07,23,2022-07-23,s2,"sgarurano Biro | ss eng fotsh | Hinimase m:Bup 1 k-COcia8: | 0% eswwEalo Aus Isuan.JBrugn, Breut.ununeon. | Poest conter tranas s prosucles kca /8 aefua mrecrt ur cato oroa sur. ss   | hest pdour dimgy and suniuhts Sore ina coestahyodour re ptao /Corsener dans un endrota rabr de ta chalaur. (a | cantains lard and is dervetves /Aucum de nos prodkis ne cantiert ps as saindouo ou dadotits | V 0227472840-01001641646-01005400549 | Tavsiye edilen tiketim tanihi (ail)ve part numares ambalajn izenindedir | e:Tudiye Best before date: see on the packagg | isletmeKayitNo:TR-41-K-001282 Pari Sen No Batch No | Ret. No/Kmd No Sevt No/Sorte-Nr Net Agrhk /Netto Oewicht! Produot Date / Best Before Uretim Tarihi /TETT | 0g HoMDD  BHna/Soort nummar Pords Net Net Weigh: tayas JG | bobgmdob No / Numero de Anticulo Temo / Netto gewicht | ca VRSTA BR Nr Speciment ybco jmnbs /Pesd Neto GIDA SAN VE TIO.A.S | 2g ADIB ETO TE.ZINA.:Orcutaten 0y6/yrobcw/Prolavodec LOT:233 | g Ka8cpd Bapos  Gobae Organize Sanay! hsanDede Cd.800stNo:1Z2 BESTBEFORE | Debz/Kocal/TURKEY 23.07.2022 | TO52620466713(POX) | FaX-0.2626410680-90 | kg www.tayas.com.tr | 690997 156297 2000)70.550z | BOXNO:B056291 | nuhh.mnblocaahaW yisnly","[[""isletmeKayitNo:TR-41-K-001282"", 184, 25, 113], [""Pari Sen No Batch No"", 192, 23, 425], [""kg"", 308, 24, 214], [""2000)70.550z"", 342, 29, 173], [""ss eng fotsh"", 17, 18, 534], [""sgarurano Biro"", 8, 11, 542], [""Hinimase"", 40, 11, 388], [""eswwEalo Aus Isuan.JBrugn, Breut.ununeon."", 62, 19, 424], [""m:Bup"", 52, 11, 425], [""1 k-COcia8:"", 52, 19, 463], [""0%"", 58, 8, 266], [""Poest conter tranas s prosucles kca /8 aefua mrecrt ur cato oroa sur. ss  "", 100, 31, 118], [""hest pdour dimgy and suniuhts Sore ina coestahyodour re ptao /Corsener dans un endrota rabr de ta chalaur."", 109, 26, 55], [""cantains lard and is dervetves /Aucum de nos prodkis ne cantiert ps as saindouo ou dadotits"", 130, 25, 0], [""(a"", 121, 17, 456], [""V"", 137, 18, 18], [""e:Tudiye"", 162, 17, 0], [""Tavsiye edilen tiketim tanihi (ail)ve part numares ambalajn izenindedir"", 158, 24, 60], [""Best before date: see on the packagg"", 167, 21, 58], [""0227472840-01001641646-01005400549"", 157, 20, 393], [""Sevt No/Sorte-Nr"", 200, 18, 63], [""0g"", 209, 14, 0], [""Ret. No/Kmd No"", 209, 18, 63], [""Net Agrhk /Netto Oewicht!"", 208, 18, 168], [""Produot Date / Best Before"", 216, 24, 408], [""Uretim Tarihi /TETT"", 205, 19, 436], [""bobgmdob No / Numero de Anticulo"", 227, 22, 21], [""HoMDD  BHna/Soort nummar"", 218, 22, 27], [""Pords Net Net Weigh:"", 218, 17, 175], [""Temo / Netto gewicht"", 230, 19, 176], [""tayas"", 224, 17, 313], [""ca"", 237, 10, 2], [""VRSTA BR Nr Speciment"", 236, 19, 38], [""ybco jmnbs /Pesd Neto"", 240, 21, 152], [""JG"", 228, 11, 534], [""2g"", 250, 14, 0], [""ADIB"", 244, 9, 51], [""ETO TE.ZINA.:Orcutaten"", 252, 22, 164], [""GIDA SAN VE TIO.A.S"", 246, 22, 287], [""Ka8cpd Bapos "", 263, 19, 161], [""Gobae Organize Sanay!"", 267, 21, 285], [""0y6/yrobcw/Prolavodec"", 257, 18, 287], [""g"", 266, 9, 2], [""LOT:233"", 261, 18, 447], [""hsanDede Cd.800stNo:1Z2"", 276, 17, 286], [""Debz/Kocal/TURKEY"", 283, 21, 285], [""BESTBEFORE"", 274, 19, 447], [""TO52620466713(POX)"", 291, 20, 284], [""23.07.2022"", 286, 19, 448], [""FaX-0.2626410680-90"", 300, 17, 285], [""www.tayas.com.tr"", 308, 16, 293], [""690997"", 324, 16, 26], [""BOXNO:B056291"", 338, 20, 31], [""156297"", 326, 13, 89], [""nuhh.mnblocaahaW yisnly"", 391, 40, 5]]"
000861,2022,07,23,2022-07-23,s2,"At:Ses NoBach | Produse Date Best Beford | layas | LOT:232 | BESTBEFORE | 2kg 23,07.2022 | 8690997156297 BOYMOB05629 (2000)70.55OZ | muhf.mabjoa aafalw sim","[[""2kg"", 344, 62, 145], [""(2000)70.55OZ"", 388, 34, 164], [""At:Ses NoBach"", 229, 16, 353], [""Produse Date"", 252, 18, 336], [""layas"", 262, 19, 258], [""Best Beford"", 255, 18, 405], [""LOT:232"", 300, 21, 374], [""BESTBEFORE"", 314, 17, 375], [""23,07.2022"", 328, 18, 377], [""8690997156297"", 368, 22, 33], [""BOYMOB05629"", 382, 19, 53], [""muhf.mabjoa aafalw sim"", 438, 45, 36]]"
000862,NONE,NONE,NONE,NONE,fail,9 | Aoorsocaner  prseronoo ant k Aconsommer de préférence avant le / Aconsommer de préférence avant le / Aconsommer de préférence avant le / 당9라L :1au spiod | Best before / E Best before/ Best before / A consommer de préférence avant le / FR FR FR FR | Corts. pirerxe koo te s tes 08l Consumir preferentemente antes del/ Consumir preferentemente antes del/ Consumir preferentemente antes del/ Best before / 35-239-001 35-239-001 35-239-001 35-239-001) | Aooem de pretainxe ankoodr A consumir de preferéncia antes de : A consumir de preferéncia antes de : A consumir de preferéncia antes de : Consumir preferentemente antes del/ 김루음류마:필류 CE CE CE 35-239-001 FR | 30 PE0P PROD PROD PECP EXP EXP ExP aa:10.2L-. PR0n a9.10.2939 19 S:18:8809 A consumir de preferéncia antes de : #线：18:859 编线:18:8889 :18:로 :ap sajue ejouajajaud ap junsuoo y CE | 89 UN) PROD EXP 필로 18:믿므로 /ajjag isaa /ep sajue ajueuajuajajald junsuo | MEAE /ep sejue ajua NUN Polds ner Aconsumir de preferéncia antes de : Poids net: 125g Poids net; 125 g Best before / 125g /a juene aouajajaid ap jauuosuooy 80 32280201481846 | /이 juene gouaijaid ap jauuosuooy :18:8889 Poids net: 125g 9 802 1844 | /ajojag 1sag | jaud junsuo Aconsommer de préférence avant le/ | Best before/ FR | Raca Consumir preferentemente antes del/ 35-239-001 | 280201481846 % 0 A consumir de preferéncia antes de: CE | PROC EXP 블:18:로Y | Poids net : 125g 22802011481846,"[[""Aconsommer de préférence avant le /"", 292, 21, 340], [""Consumir preferentemente antes del/"", 320, 21, 342], [""35-239-001"", 322, 22, 671], [""编线:18:8889"", 382, 39, 404], [""EXP"", 388, 23, 351], [""Poids net: 125g"", 438, 35, 326], [""Best before/"", 306, 17, 405], [""FR"", 310, 17, 705], [""A consumir de preferéncia antes de :"", 334, 16, 346], [""CE"", 336, 15, 699], [""PROD"", 376, 19, 336], [""Aconsommer de préférence avant le /"", 290, 21, 339], [""Best before /"", 306, 17, 405], [""Consumir preferentemente antes del/"", 319, 20, 342], [""FR"", 309, 16, 705], [""35-239-001"", 322, 20, 674], [""A consumir de preferéncia antes de :"", 332, 16, 345], [""CE"", 334, 15, 697], [""PECP"", 382, 39, 334], [""#线：18:859"", 382, 37, 403], [""32280201481846"", 437, 24, 589], [""PE0P"", 369, 82, 313], [""Aconsumir de preferéncia antes de :"", 437, 184, 378], [""UN)"", 418, 24, 325], [""Best before /"", 439, 66, 409], [""NUN"", 434, 23, 324], ["":18:8889"", 496, 125, 318], [""280201481846"", 690, 139, 274], [""Raca"", 648, 116, 471], [""0"", 690, 45, 508], [""%"", 700, 28, 501], [""9"", 230, 20, 314], [""MEAE"", 436, 23, 218], [""/이 juene gouaijaid ap jauuosuooy"", 522, 198, 282], [""/ep sejue ajua"", 466, 78, 310], [""/ajojag 1sag"", 522, 69, 296], [""jaud junsuo"", 578, 74, 310], [""당9라L"", 284, 32, 481], ["":1au spiod"", 279, 22, 550], [""김루음류마:필류"", 339, 30, 408], [""30"", 386, 11, 241], ["":ap sajue ejouajajaud ap junsuoo y"", 388, 16, 432], [""/ep sajue ajueuajuajajald junsuo"", 401, 24, 424], [""89"", 412, 16, 237], [""/ajjag isaa"", 416, 17, 488], [""/a juene aouajajaid ap jauuosuooy"", 430, 19, 427], [""Aconsommer de préférence avant le /"", 292, 19, 342], [""Best before /"", 306, 17, 405], [""Consumir preferentemente antes del/"", 320, 21, 343], [""FR"", 310, 16, 705], [""35-239-001"", 322, 22, 673], [""A consumir de preferéncia antes de :"", 333, 16, 345], [""CE"", 336, 15, 699], [""PROD"", 376, 16, 338], ["":18:로"", 382, 40, 404], [""EXP"", 388, 19, 352], [""Poids net; 125 g"", 438, 35, 327], [""80"", 438, 7, 635], [""A consommer de préférence avant le /"", 312, 17, 366], [""Best before /"", 328, 17, 434], [""FR"", 332, 16, 753], [""Consumir preferentemente antes del/"", 342, 17, 368], [""35-239-001"", 345, 20, 722], [""A consumir de preferéncia antes de :"", 358, 17, 370], [""CE"", 358, 15, 747], [""PROD"", 402, 20, 359], [""필로 18:믿므로"", 409, 48, 430], [""EXP"", 415, 18, 378], [""Poids net: 125g"", 469, 36, 350], [""9"", 470, 7, 670], [""802"", 470, 7, 680], [""1844"", 468, 11, 767], [""Aconsommer de préférence avant le/"", 583, 42, 683], [""Best before/"", 612, 30, 812], [""FR"", 618, 29, 1411], [""Consumir preferentemente antes del/"", 639, 30, 689], [""35-239-001"", 644, 33, 1351], [""A consumir de preferéncia antes de:"", 667, 26, 695], [""CE"", 670, 33, 1398], [""PROC"", 750, 30, 676], [""블:18:로Y"", 766, 98, 805], [""EXP"", 776, 38, 706], [""125g"", 874, 56, 803], [""Poids net :"", 882, 44, 664], [""22802011481846"", 876, 34, 1222], [""19 S:18:8809"", 382, 33, 345], [""Aoorsocaner  prseronoo ant k"", 292, 22, 339], [""E"", 307, 14, 403], [""FR"", 308, 15, 705], [""Corts. pirerxe koo te s tes 08l"", 322, 17, 344], [""35-239-001)"", 322, 20, 678], [""Aooem de pretainxe ankoodr"", 334, 15, 347], [""Polds ner"", 442, 19, 331], [""PR0n a9.10.2939"", 378, 34, 332], [""ExP aa:10.2L-."", 390, 31, 332], [""125g"", 437, 34, 403]]"
000863,2018,NONE,10,2018-NONE-10,up2x,08 | Acorsommer de prtrence avant te/ | Best before/ FR | Consumir preferentemente artes del/ 35-239-001 | A cons.mir de preferéncia antes de CE | PROC EXP .18.81 .10.2020 | Poids net: 125g 32280261281848,"[[""08"", 484, 31, 396], [""Acorsommer de prtrence avant te/"", 544, 53, 469], [""FR"", 547, 26, 955], [""Best before/"", 568, 35, 557], [""35-239-001"", 570, 41, 918], [""Consumir preferentemente artes del/"", 593, 52, 478], [""CE"", 593, 26, 957], [""A cons.mir de preferéncia antes de"", 618, 45, 488], ["".18.81"", 705, 66, 576], [""PROC"", 698, 39, 485], ["".10.2020"", 686, 43, 615], [""EXP"", 720, 35, 510], [""125g"", 802, 49, 589], [""32280261281848"", 779, 48, 841], [""Poids net:"", 815, 52, 496]]"
000864,2023,03,04,2023-03-04,s1,imgsz/Nahwerte pro: TIN FACTS/NAHRWERTKENNZEICHNUNG | sering /Nahrwerte pro | podes fom fat/ Brennwert aus fett | %aily Yalue:Prozentsatz Tagesdose | TOF1/Fet: | Suredfat/davon gesaitigte fetsuren | 259 | Basat/ davon ungesitigte fettsuren 139 | Oolesterol/Cholestein | Sodium/ Natrium | Total Carbohydrate/Kohlenhydrate: | Dietary Fber/Davon Ballststoffe: 99 366 | Sugar/Davon Zucker: | Gadm/kalim:109 mg11%loe Esen 3mg17% | Enerjive Besin ogeler Tablosu 100o | Ereyji (Kal-K) | Date Limite de consommalion | enminste Houdar TotSn iketim Toiñi | •Best before •Mindestens Hotbar Bis | BESTBEFORE:04/03/2023 | BATCH:3751 | 690777125215 | Netto Gewicht-Net Agirlk | Net Weight-Poids Net | Nettowkt- | e400g,"[[""TIN FACTS/NAHRWERTKENNZEICHNUNG"", 28, 37, 159], [""imgsz/Nahwerte pro:"", 36, 27, 144], [""sering /Nahrwerte pro"", 66, 29, 164], [""podes fom fat/ Brennwert aus fett"", 95, 32, 140], [""%aily Yalue:Prozentsatz Tagesdose"", 130, 38, 175], [""Suredfat/davon gesaitigte fetsuren"", 156, 33, 128], [""TOF1/Fet:"", 140, 23, 130], [""259"", 176, 28, 301], [""Basat/ davon ungesitigte fettsuren"", 194, 30, 124], [""139"", 188, 20, 305], [""Oolesterol/Cholestein"", 212, 25, 121], [""Sodium/ Natrium"", 229, 24, 118], [""Total Carbohydrate/Kohlenhydrate:"", 250, 26, 117], [""Dietary Fber/Davon Ballststoffe:"", 263, 26, 117], [""Sugar/Davon Zucker:"", 275, 24, 116], [""99 366"", 272, 21, 297], [""Gadm/kalim:109 mg11%loe Esen"", 323, 33, 114], [""3mg17%"", 329, 24, 288], [""Enerjive Besin ogeler Tablosu 100o"", 395, 26, 165], [""Ereyji (Kal-K)"", 415, 20, 166], [""Date Limite de consommalion"", 507, 24, 167], [""enminste Houdar TotSn iketim Toiñi"", 520, 23, 143], [""•Best before •Mindestens Hotbar Bis"", 536, 23, 153], [""BESTBEFORE:04/03/2023"", 643, 24, 112], [""BATCH:3751"", 668, 24, 112], [""690777125215"", 814, 33, 126], [""Netto Gewicht-Net Agirlk"", 862, 26, 172], [""Net Weight-Poids Net"", 878, 26, 178], [""Nettowkt-"", 892, 28, 177], [""e400g"", 925, 53, 149]]"
000865,2021,09,25,2021-09-25,s1,DELI | 3- | 1.8% | 25.09.2021,"[[""DELI"", 372, 21, 142], [""3-"", 411, 20, 676], [""1.8%"", 425, 22, 674], [""25.09.2021"", 460, 20, 398]]"
000866,2021,09,25,2021-09-25,s1,36- | 지 | 25.09.2021 | 사원고일,"[[""36-"", 343, 42, 210], [""지"", 346, 46, 389], [""25.09.2021"", 393, 26, 285], [""사원고일"", 530, 61, 345]]"
000867,2020,02,07,2020-02-07,clahe,TEGOGold E 8 PRD P DATE DATE Nal nc 9 10 7 2 20 0 21 20 | ATOHA COOKIES ATCH NO 1 Y 20 BY,"[[""TEGOGold"", 639, 86, 0], [""PRD"", 638, 17, 300], [""DATE"", 638, 17, 361], [""Nal"", 646, 27, 471], [""nc"", 646, 30, 484], [""9"", 640, 15, 518], [""7"", 640, 13, 529], [""20"", 638, 15, 565], [""DATE"", 652, 20, 359], [""20"", 638, 11, 594], [""E"", 652, 14, 302], [""8"", 652, 17, 313], [""P"", 652, 14, 330], [""10"", 652, 18, 515], [""ATCH"", 663, 20, 311], [""2"", 651, 12, 565], [""0"", 651, 12, 576], [""21"", 651, 12, 594], [""ATOHA COOKIES"", 672, 20, 2], [""NO"", 664, 17, 387], [""1"", 663, 10, 443], [""Y"", 664, 14, 471], [""20"", 664, 18, 481], [""BY"", 664, 18, 512]]"
000868,NONE,NONE,NONE,NONE,fail,EGO | EF sAoos V1 | 7EE Iuu 1 moosa 9 | UmT | 3X7 1o/ | -00 | 9 | 100 비 E NUTUS- NON 1FEF 1FEF FEF 1방성 | 전 | omm | -CTUN 또g | 0 NWU 0 | D10 | EXE | EGO EGO EGOGold EGOGold EGOGold EGOGold rolld 2829 품용 TCH TCH FCH BATE % % ILNAU:LNT B88 초코 21 0g 18 4ua | IA COOKIES LA OOOKIES IA COOKIES ACOOKIES ACOOKIES 초코림 M의 주-리다 | ※조 | EGOGold BSP F TC H B BAT AT H wwo CVUCUS- 10IN 0 G | IA COOKIES,"[[""FEF"", 286, 114, 439], [""EGOGold"", 422, 54, 0], [""품용"", 434, 48, 197], [""IA COOKIES"", 440, 24, 0], [""BATE"", 428, 15, 257], [""FCH"", 443, 17, 227], [""0g"", 448, 12, 360], [""1"", 214, 41, 532], [""9"", 214, 43, 558], [""E"", 292, 98, 392], [""EGOGold"", 420, 59, 0], [""IA COOKIES"", 439, 22, 0], [""18"", 438, 33, 371], [""EGO"", 49, 84, 207], [""UmT"", 212, 18, 191], [""3X7"", 224, 22, 189], [""-00"", 237, 19, 190], [""100"", 262, 20, 189], [""전"", 286, 23, 185], [""비"", 275, 16, 193], [""omm"", 299, 20, 186], [""NWU"", 360, 24, 182], [""-CTUN"", 349, 20, 186], [""D10"", 384, 23, 181], [""0"", 370, 13, 186], [""2829"", 440, 59, 189], [""초코 21"", 423, 85, 295], [""초코림 M의 주-리다"", 477, 78, 300], [""EF"", 161, 81, 228], [""7EE"", 218, 83, 231], [""Iuu"", 218, 18, 427], [""1o/"", 244, 21, 424], [""NON"", 280, 22, 422], [""9"", 270, 15, 441], [""NUTUS-"", 292, 22, 421], [""또g"", 366, 17, 421], [""0"", 392, 13, 439], [""EXE"", 416, 22, 417], [""4ua"", 428, 19, 417], [""moosa"", 218, 52, 482], [""sAoos V1"", 200, 21, 555], [""1FEF"", 286, 113, 439], [""EGOGold"", 422, 54, 0], [""ACOOKIES"", 440, 23, 1], [""TCH"", 444, 9, 227], [""%"", 434, 7, 277], [""1FEF"", 286, 113, 439], [""EGOGold"", 422, 54, 0], [""ACOOKIES"", 440, 23, 1], [""TCH"", 444, 9, 227], [""%"", 434, 7, 277], [""※조"", 624, 56, 829], [""EGOGold"", 844, 97, 0], [""BSP"", 868, 93, 398], [""BAT"", 855, 30, 511], [""wwo"", 874, 63, 578], [""CVUCUS-"", 878, 61, 678], [""10IN"", 880, 62, 702], [""F"", 870, 23, 463], [""IA COOKIES"", 880, 35, 1], [""B"", 872, 21, 513], [""AT"", 874, 29, 532], [""TC"", 886, 22, 462], [""H"", 888, 21, 507], [""H"", 892, 21, 558], [""0"", 899, 18, 729], [""G"", 899, 20, 752], [""EGO"", 418, 30, 4], [""ILNAU:LNT B88"", 438, 46, 203], [""1방성"", 286, 108, 442], [""EGO"", 418, 36, 1], [""rolld"", 428, 26, 93], [""LA OOOKIES"", 440, 20, 0]]"
000869,2021,09,15,2021-09-15,s1,"코트리플 샌드 영양정보 200 | 제조선에서 제조하고 있습니다. 100gg520kca | 곳에보 15-09-2021 号230mg12%伞数62g19%43g | 손비자분쟁희결 01:10 27g50%0.3g16107 | 을수있습니다. 000000848327 爱量15mg5%7g13% | 입처 0I1399 트레이:PP No Brand는 이마트의 상표입니다 방성분준은2기준또의매수 | 우유,대두,밀,계단,아황산류함유","[[""코트리플 샌드"", 277, 30, 18], [""제조선에서 제조하고 있습니다."", 306, 29, 11], [""영양정보"", 302, 40, 646], [""200"", 295, 26, 771], [""100gg520kca"", 316, 33, 738], [""곳에보"", 325, 27, 0], [""손비자분쟁희결"", 347, 29, 0], [""号230mg12%伞数62g19%43g"", 338, 31, 642], [""15-09-2021"", 347, 27, 459], [""을수있습니다."", 367, 29, 0], [""01:10"", 365, 23, 526], [""27g50%0.3g16107"", 364, 30, 641], [""000000848327"", 375, 25, 258], [""0I1399"", 386, 23, 0], [""爱量15mg5%7g13%"", 388, 27, 641], [""입처"", 406, 31, 0], [""트레이:PP"", 411, 23, 173], [""No Brand는 이마트의 상표입니다"", 414, 21, 241], [""방성분준은2기준또의매수"", 410, 27, 638], [""우유,대두,밀,계단,아황산류함유"", 522, 26, 585]]"
000870,2021,10,15,2021-10-15,s1,1일 영양성분 100g 1일 영양성분 EXP | 기준치에 대한 비율 기준치에 대한 비율 | 210mg11%30g 56% 15.10.2021 6B | 53g16%0.5g AME44A 13:28 | 내용량 당류25g 25% | 75g | 100g 量5mg2%12g 22% | 200,"[[""1일 영양성분"", 208, 29, 117], [""1일 영양성분"", 207, 28, 255], [""100g"", 220, 25, 175], [""EXP"", 210, 21, 328], [""기준치에 대한 비율"", 227, 27, 95], [""기준치에 대한 비율"", 227, 24, 233], [""210mg11%30g"", 260, 31, 46], [""56%"", 258, 25, 278], [""15.10.2021 6B"", 270, 23, 396], [""53g16%0.5g"", 292, 31, 50], [""AME44A 13:28"", 288, 25, 396], [""내용량"", 319, 30, 0], [""당류25g"", 330, 30, 64], [""25%"", 326, 31, 122], [""75g"", 343, 26, 0], [""量5mg2%12g"", 360, 33, 63], [""22%"", 356, 23, 287], [""100g"", 370, 25, 0], [""200"", 392, 24, 72]]"
000871,2021,10,15,2021-10-15,rot90,g 당 | 2분 정보까g당 | 스테롤 탄수물53g 기준자에 피한 비을 | 130g8 | EXP | AME44A 13:28 15.10.2021,"[[""g"", 12, 24, 301], [""당"", 11, 16, 327], [""정보까g당"", 34, 67, 426], [""2분"", 25, 10, 303], [""탄수물53g"", 61, 60, 361], [""스테롤"", 66, 30, 308], [""기준자에 피한 비을"", 86, 57, 423], [""130g8"", 133, 36, 427], [""EXP"", 230, 23, 432], [""AME44A 13:28"", 305, 88, 350], [""15.10.2021"", 307, 96, 362]]"
000872,2021,02,26,2021-02-26,s1,j6ofugg uado HSAIMH 0EDIIS | BestByFEB/26/21 10:48NDL2A,"[[""0EDIIS"", 280, 257, 532], [""HSAIMH"", 267, 198, 351], [""j6ofugg uado"", 382, 116, 111], [""BestByFEB/26/21"", 511, 28, 305], [""10:48NDL2A"", 507, 28, 499]]"
000873,2021,08,26,2021-08-26,s1,BELGIOIOR HSAINH 1ANVZZ0N QEDITS | BestBy FE8/26/21 10:48NDL.2A,"[[""HSAINH"", 217, 184, 205], [""1ANVZZ0N"", 258, 283, 238], [""QEDITS"", 228, 223, 324], [""BELGIOIOR"", 233, 260, 153], [""BestBy FE8/26/21"", 435, 26, 160], [""10:48NDL.2A"", 433, 26, 277]]"
000874,2020,06,22,2020-06-22,rot270,"PRODUCT OFTHE USA %E DE2 BIY 90mg30% %1DC | sfae sbuauas IL nogy 6ujAJas/lunouy %지 %8 Bujalas/unouy A0 % 60 Jg 10% papunja ag m auou nok um paysges gagajduco jou ay,noku 3anpoud amjeubis puepury su ATVSA1OHM OOLSO0 8Q3inBHisI NOIUVHODHOJ | Jaujejuos jad azjs bujaIas B0 1SuBll 'Saw스zNa'TvS 'hw S.Ivog 0azidnALsvd dadnLinS :SuNaiudgN %t 6g uajod %0 s보bns pappy do 1ou VSn WOOOOISOJMWM | Gujaas jJad MIW :SMIMINOS 크V브크이브크8 d크크 Londodd Vsn3 | 200622","[[""%1DC"", 66, 107, 20], [""um paysges gagajduco jou ay,noku"", 162, 183, 185], [""3anpoud amjeubis puepury su"", 162, 186, 197], [""papunja ag m auou nok"", 172, 167, 215], [""8Q3inBHisI"", 157, 136, 233], [""ATVSA1OHM OOLSO0"", 160, 153, 246], [""WOOOOISOJMWM"", 160, 143, 336], [""NOIUVHODHOJ"", 158, 100, 267], [""%E DE2 BIY"", 196, 101, 21], [""VSn"", 158, 31, 314], [""90mg30%"", 168, 155, 40], [""10%"", 284, 38, 185], [""%0 s보bns pappy do 1ou"", 355, 188, 277], [""크V브크이브크8 d크크"", 341, 165, 393], [""'Saw스zNa'TvS 'hw S.Ivog 0azidnALsvd dadnLinS :SuNaiudgN"", 541, 480, 348], [""Londodd"", 348, 95, 462], [""Vsn3"", 348, 109, 472], [""200622"", 357, 64, 580], [""Bujalas/unouy A0 %"", 434, 143, 177], [""60 Jg"", 424, 71, 232], [""6g uajod"", 427, 84, 301], [""PRODUCT OFTHE USA"", 368, 185, 2], [""%8"", 479, 38, 208], [""%지"", 488, 37, 232], [""%t"", 484, 31, 305], [""6ujAJas/lunouy"", 576, 106, 173], [""B0 1SuBll"", 574, 99, 247], [""sbuauas IL nogy"", 698, 135, 217], [""azjs bujaIas"", 715, 111, 259], [""MIW :SMIMINOS"", 715, 128, 373], [""Jaujejuos jad"", 716, 103, 242], [""sfae"", 720, 77, 198], [""Gujaas jJad"", 734, 85, 328]]"
000875,2021,08,01,2021-08-01,rot270, DE2 8 含日器90mg30% 있수 mg | Bugauas/yunoury 량 buguasgunouy A0% 6>당이타이% A0% pges leaguc go anoka pepungai g aw fouou mok panpoud amgeulis purury 되 8 0aLnBBLSIO NOLLYAOdHOS | SYSBg sbuuas 1 Inogy 9 리이 %8 Dus j이syo Bg uan % 60Jg 0j> sJBinS J피이  Spns pappy 0 3자 8292-121-08-1 LSO WOCOOLSOOMWM | (내8z)z0 zis buuas buo8 unpos SAWUN TvS NW S.IMOS G3ZBMALSY G3HNLIN SUNSIUdMl 3V 크 d크a | NIW :SHMINOO 크8이크림LS3B Jongodd VSN 3HLdO,"[[""있수"", 51, 73, 0], [""mg"", 39, 20, 49], [""pges leaguc go anoka"", 124, 114, 166], [""panpoud amgeulis purury 되"", 121, 116, 183], [""pepungai g aw fouou mok"", 128, 110, 195], [""8 0aLnBBLSIO"", 118, 89, 217], [""NOLLYAOdHOS"", 120, 66, 249], [""8292-121-08-1"", 124, 76, 305], [""WOCOOLSOOMWM"", 125, 92, 320], ["" DE2 8"", 136, 73, 1], [""LSO"", 121, 22, 294], [""含日器90mg30%"", 119, 108, 21], [""A0%"", 201, 27, 167], ["" Spns pappy 0 3자"", 252, 133, 264], [""3V 크 d크a"", 246, 112, 383], [""SAWUN TvS NW S.IMOS G3ZBMALSY G3HNLIN SUNSIUdMl"", 376, 323, 349], [""Jongodd"", 254, 61, 453], [""VSN 3HLdO"", 253, 72, 467], [""0j> sJBinS J피이"", 275, 87, 245], [""buguasgunouy A0%"", 302, 97, 170], [""6>당이타이%"", 290, 87, 202], [""60Jg"", 294, 55, 226], [""Bg uan %"", 314, 90, 295], [""량"", 335, 22, 203], [""%8 Dus j이syo"", 381, 114, 266], [""Bugauas/yunoury"", 394, 73, 172], [""9 리이"", 398, 65, 200], [""buo8 unpos"", 400, 80, 293], [""sbuuas 1 Inogy"", 478, 90, 217], [""SYSBg"", 492, 58, 197], [""zis buuas"", 490, 72, 262], [""NIW :SHMINOO"", 496, 87, 375], [""크8이크림LS3B"", 502, 79, 430], [""(내8z)z0"", 501, 54, 282]]"
000876,2021,07,01,2021-07-01,s1,19:27 | 2021.07.01 | 까지 | 피크니사과,"[[""19:27"", 283, 23, 604], [""2021.07.01"", 301, 22, 537], [""까지"", 325, 26, 675], [""피크니사과"", 432, 37, 470]]"
000877,2023,04,03,2023-04-03,up2x,sera | BEST BEFORE:03/04/23 | BATUH:0946/1/3 | SADE | HELVA SUBE SESAMPASTE | TRADITIONAL HELVA | Nettogewicht: Netwt.:12.3oz- .350ge,"[[""sera"", 528, 103, 1103], [""BEST BEFORE:03/04/23"", 927, 41, 341], [""BATUH:0946/1/3"", 958, 40, 339], [""SADE"", 1018, 83, 472], [""HELVA"", 1126, 119, 468], [""SUBE SESAMPASTE"", 1116, 59, 893], [""TRADITIONAL HELVA"", 1166, 56, 891], [""Nettogewicht:"", 1197, 32, 777], ["".350ge"", 1222, 64, 967], [""Netwt.:12.3oz-"", 1226, 35, 773]]"
000878,NONE,NONE,NONE,NONE,fail,3UpaOCcgun | VATAH TVNOLLIQVAL VATAH | HELVA SADE BEFORER BJas Sera Sera Sera Sera Sera Sera IOVS 5240450:300/3日1533 HOL보터 VATAH TVNOLLIQVAL | TRADITIONAL HELVA SUBE SESAMPASTE BATCHF094613 BATCHF094613 BEST BEFORBUTO BEST BEFORBUTO 109467173 BIas Sera IOVS VATAH | SADE SADE SADE SADE SADE SADE 1E0 Sera | HELVA HELVA HELVA HELVA HELVA HELVA SOBE SESAMPASTE SOBE SESAMPASTE SOBE SESAMPASTE SOBE SESAMPASTE SUBE SESAMPASTE TRADITIONAL HELVA TRADITIONAL HELVA TRADITIONAL HELVA TRADITIONAL HEIVA TRADITIONAL HELVA | Nettogewichte: Nettogowiche: Netogewichr: Netogewichr: Nerwt:123at New:123ar New:123ar Nerw:1230z- 350ge 350e 350.e 350.e 350.e | BEST BEFORE:OE/O4/2S | BATCHF0946V13 | SADE | HELVA SUBE SESAMPASTE TRADITIONAL HELVA | Nonogmwkh: Notwt:123ot 350.e,"[[""Sera"", 211, 38, 369], [""109467173"", 448, 38, 154], [""SADE"", 476, 49, 158], [""SUBE SESAMPASTE"", 490, 39, 312], [""HELVA"", 520, 67, 163], [""TRADITIONAL HELVA"", 512, 43, 309], [""350.e"", 540, 32, 345], [""Nettogowiche:"", 543, 23, 274], [""Nerwt:123at"", 554, 29, 274], [""Sera"", 210, 42, 365], [""SADE"", 476, 55, 156], [""SOBE SESAMPASTE"", 490, 43, 309], [""HELVA"", 520, 79, 154], [""TRADITIONAL HELVA"", 511, 48, 308], [""Nettogewichte:"", 543, 26, 273], [""350ge"", 540, 38, 341], [""Nerw:1230z-"", 552, 31, 273], [""BEFORER"", 178, 72, 184], [""HELVA"", 240, 154, 86], [""SADE"", 208, 91, 134], [""TRADITIONAL HELVA"", 394, 171, 105], [""SUBE SESAMPASTE"", 384, 149, 129], [""Sera"", 418, 96, 411], [""VATAH TVNOLLIQVAL"", 245, 172, 487], [""BJas"", 224, 93, 192], [""VATAH"", 400, 160, 485], [""IOVS"", 433, 98, 446], [""1E0"", 456, 27, 444], [""3UpaOCcgun"", 99, 25, 308], [""VATAH"", 120, 70, 325], [""VATAH TVNOLLIQVAL"", 129, 44, 161], [""IOVS"", 165, 49, 388], [""HOL보터"", 178, 29, 472], [""5240450:300/3日1533"", 204, 52, 367], [""BIas"", 430, 39, 175], [""Sera"", 210, 39, 365], [""BEST BEFORBUTO"", 439, 50, 110], [""BATCHF094613"", 453, 50, 110], [""SADE"", 476, 51, 157], [""SOBE SESAMPASTE"", 490, 41, 310], [""HELVA"", 520, 71, 161], [""TRADITIONAL HELVA"", 512, 44, 306], [""350.e"", 540, 32, 345], [""Netogewichr:"", 542, 23, 275], [""New:123ar"", 554, 30, 275], [""Sera"", 210, 39, 365], [""BEST BEFORBUTO"", 439, 50, 110], [""BATCHF094613"", 453, 50, 110], [""SADE"", 476, 51, 157], [""SOBE SESAMPASTE"", 490, 41, 310], [""HELVA"", 520, 71, 161], [""TRADITIONAL HELVA"", 512, 44, 306], [""350.e"", 540, 32, 345], [""Netogewichr:"", 542, 23, 275], [""New:123ar"", 554, 30, 275], [""Sera"", 419, 80, 735], [""BEST BEFORE:OE/O4/2S"", 872, 98, 222], [""BATCHF0946V13"", 906, 88, 224], [""SADE"", 953, 96, 319], [""SUBE SESAMPASTE"", 980, 71, 628], [""HELVA"", 1042, 139, 325], [""TRADITIONAL HELVA"", 1022, 79, 629], [""350.e"", 1081, 62, 692], [""Nonogmwkh:"", 1085, 42, 550], [""Notwt:123ot"", 1108, 51, 550], [""Sera"", 210, 37, 370], [""SADE"", 476, 52, 158], [""HELVA"", 520, 71, 162], [""Sera"", 211, 34, 370], [""SADE"", 477, 50, 158], [""SOBE SESAMPASTE"", 490, 41, 311], [""TRADITIONAL HEIVA"", 512, 45, 309], [""350e"", 540, 33, 345], [""HELVA"", 520, 71, 162]]"
000879,2021,05,11,2021-05-11,s1,"CHEESE DIP | 품위생법에의한한글표시사항 영양정보 | 초앤담치즈(치즈8%함유) NACHO CHIPS CHILI FLAVOR | 回2.400mg agents:magnesiumcarbonate,slicon dioxide, aiyregulto | EL SABOR MEXICAN FOODS S.A | 23% KOKKINIA, INOFITA VIOTIA | PC32011,GREECE. | 147-31 지방30g Tel:+30 2262031020 +30 22620 31188 cheese dip: ater,vetable i(rpesee oil.coconutal), | 85g，全90g1,155kcal) 트랜스지방 0g | 포화지방14g Fax:+30 2262031695 | 콜레스테Omg Web site: www.elsabor.gr | 단백질10g | place. Best before se on package. | TOTAL NET WEIGHT: | 175ge | PROD.DATE:15/07/2020 | EXP. OFTE:11/05/2021 | 0720W177 5120217510198311","[[""CHEESE DIP"", 51, 20, 490], [""품위생법에의한한글표시사항"", 60, 23, 0], [""영양정보"", 68, 23, 294], [""초앤담치즈(치즈8%함유)"", 88, 23, 0], [""NACHO CHIPS CHILI FLAVOR"", 97, 22, 489], [""回2.400mg"", 119, 23, 295], [""agents:magnesiumcarbonate,slicon dioxide, aiyregulto"", 114, 25, 704], [""EL SABOR MEXICAN FOODS S.A"", 128, 21, 489], [""23%"", 144, 21, 435], [""KOKKINIA, INOFITA VIOTIA"", 144, 20, 491], [""PC32011,GREECE."", 160, 22, 489], [""지방30g"", 184, 24, 295], [""Tel:+30 2262031020"", 176, 20, 491], [""147-31"", 188, 24, 0], [""+30 22620 31188"", 192, 20, 510], [""cheese dip: ater,vetable i(rpesee oil.coconutal),"", 191, 25, 705], [""85g，全90g1,155kcal)"", 207, 23, 0], [""트랜스지방 0g"", 205, 22, 303], [""포화지방14g"", 226, 23, 305], [""Fax:+30 2262031695"", 224, 20, 490], [""콜레스테Omg"", 248, 23, 296], [""Web site: www.elsabor.gr"", 255, 25, 489], [""단백질10g"", 270, 23, 297], [""place. Best before se on package."", 284, 23, 703], [""TOTAL NET WEIGHT:"", 349, 20, 491], [""175ge"", 375, 37, 488], [""PROD.DATE:15/07/2020"", 450, 26, 429], [""EXP."", 470, 21, 431], [""OFTE:11/05/2021"", 468, 25, 478], [""0720W177"", 486, 26, 476], [""5120217510198311"", 492, 23, 716]]"
000880,2021,05,11,2021-05-11,s1,"영양정보 Prona ltal,wetbieol panl),ndnert teytratedl | howp,ist | he di: t,etab olntal | deseth),modhduirsart ahoatou furng | Erat tfoeebsaborar tables ata ngrr cats pora | atotdart obat msgt ge egolads | NACHON DIP | 175ge | PRO0.DATE:15/07/2020 | EXP.DRTE:11/05/2021 | LOT0720W177 5120217510198310","[[""영양정보"", 70, 26, 180], [""Prona ltal,wetbieol panl),ndnert teytratedl"", 61, 22, 454], [""howp,ist"", 76, 23, 454], [""he di: t,etab olntal"", 170, 23, 459], [""deseth),modhduirsart ahoatou furng"", 184, 23, 460], [""Erat tfoeebsaborar"", 218, 24, 316], [""tables ata ngrr cats pora"", 212, 23, 461], [""atotdart obat msgt ge egolads"", 239, 24, 461], [""NACHON DIP"", 300, 24, 322], [""175ge"", 340, 38, 322], [""PRO0.DATE:15/07/2020"", 406, 23, 287], [""EXP.DRTE:11/05/2021"", 423, 24, 288], [""LOT0720W177"", 439, 24, 287], [""5120217510198310"", 438, 27, 478]]"
000881,2021,06,08,2021-06-08,s1,2021.06.08 | 유통기한 15:3110 | 개봉 후 반드시 냉장보관 하시고 빨리 드시기 | 바랍니다,"[[""2021.06.08"", 374, 22, 426], [""유통기한"", 392, 31, 330], [""15:3110"", 395, 28, 423], [""개봉 후 반드시 냉장보관 하시고 빨리 드시기"", 475, 26, 437], [""바랍니다"", 496, 21, 437]]"
000882,2021,06,08,2021-06-08,s1,유통기한 202106.08 | 15:31A10 | 0-10℃空 개봉 후 반드시 냉장보관 하시고 빨리 드시기,"[[""유통기한"", 321, 31, 231], [""202106.08"", 319, 40, 296], [""15:31A10"", 339, 42, 293], [""0-10℃空"", 406, 33, 215], [""개봉 후 반드시 냉장보관 하시고 빨리 드시기"", 412, 41, 296]]"
000883,NONE,07,03,NONE-07-03,det5,생산일자 2021.01.04 | 유통기한 2821.7.03 까지 801150300451,"[[""생산일자"", 437, 37, 226], [""2021.01.04"", 451, 26, 344], [""유통기한"", 466, 31, 233], [""2821.7.03"", 466, 31, 348], [""까지"", 465, 31, 555], [""801150300451"", 474, 21, 653]]"
000884,2021,07,03,2021-07-03,up2x,고강출 꿀골 금 유는 | 생산일자 2021.01.04 | 유통기한 2021.07.03 까지 8801150300451,"[[""고강출 꿀골 금 유는"", 493, 192, 679], [""생산일자"", 763, 66, 256], [""유통기한"", 816, 64, 253], [""2021.01.04"", 823, 78, 403], [""2021.07.03"", 856, 75, 411], [""까지"", 886, 53, 680], [""8801150300451"", 934, 69, 783]]"
000885,2024,07,09,2024-07-09,s1,0주의사항 | 본제품은 통곡물과 견과류가들어가 있어서 유통증에 섭게 변질월 SSG.COM | 우려가있습니다.그러므로개봉후에는가급적 빨리 드십시오. | 유통기한 | 8804433100120 202407.09 까지,"[[""0주의사항"", 181, 23, 161], [""본제품은 통곡물과 견과류가들어가 있어서 유통증에 섭게 변질월"", 202, 35, 151], [""우려가있습니다.그러므로개봉후에는가급적 빨리 드십시오."", 216, 32, 147], [""SSG.COM"", 216, 35, 474], [""유통기한"", 250, 21, 419], [""8804433100120"", 297, 36, 148], [""202407.09"", 297, 49, 412], [""까지"", 316, 20, 600]]"
000886,NONE,07,09,NONE-07-09,rot90,리! 3리드로7장분 추배는 기골식 별리.드십시오 | 87429 유통기한 | 까지 07.09 SSG.COM,"[[""3리드로7장분 추배는 기골식 별리.드십시오"", 178, 115, 421], [""리!"", 180, 37, 130], [""87429"", 298, 78, 347], [""유통기한"", 280, 46, 398], [""SSG.COM"", 345, 100, 434], [""07.09"", 354, 76, 365], [""까지"", 393, 20, 353]]"
000887,2029,02,01,2029-02-01,hires,"Contains Sachet Seas Seasoning Powder, Seasoning Oi, Sweet Soy | Sauce, Chili Powder, Fried Shallot | 1 02 29 | At Noodles | eng | 9Spi | reng Pedas | toes Insnlonées | STIR FRY NOODLES HALAL","[[""Contains Sachet Seas"", 248, 23, 562], [""Seasoning Powder, Seasoning Oi, Sweet Soy"", 258, 33, 562], [""Sauce, Chili Powder, Fried Shallot"", 278, 28, 563], [""1"", 354, 17, 478], [""02"", 354, 21, 628], [""29"", 353, 14, 692], [""At Noodles"", 445, 78, 206], [""eng"", 564, 62, 231], [""9Spi"", 620, 51, 207], [""reng Pedas"", 658, 55, 184], [""STIR FRY NOODLES"", 713, 106, 382], [""toes Insnlonées"", 678, 53, 202], [""HALAL"", 714, 19, 830]]"
000888,2021,12,NONE,2021-12-NONE,s1,"Sesoning Powder, Seasoning OI1, Swee Soy | hio Sauce. Chil Powder, Fred Shallot | BEFORE 2021 12 | KRA152 |  Noodles | ng | 9Spicy","[[""hio"", 213, 85, 88], [""Sesoning Powder, Seasoning OI1, Swee Soy"", 229, 50, 347], [""Sauce. Chil Powder, Fred Shallot"", 240, 42, 344], [""BEFORE 2021 12"", 273, 50, 300], [""KRA152"", 290, 39, 292], ["" Noodles"", 337, 78, 113], [""ng"", 430, 66, 113], [""9Spicy"", 470, 47, 92]]"
000889,2021,05,27,2021-05-27,s2,"TeDIdOxL STMOE LndA | 로프로글 | 00 | BEST BV MAY 27 2021 | ""100Juice | Dk 트로피칼 | Tropical | FRUIT BOWLS:","[[""로프로글"", 211, 41, 314], [""00"", 257, 58, 150], [""\""100Juice"", 368, 73, 99], [""Dk"", 410, 92, 362], [""트로피칼"", 402, 63, 628], [""Tropical"", 459, 44, 641], [""FRUIT BOWLS:"", 499, 34, 348], [""TeDIdOxL"", 182, 24, 354], [""STMOE"", 179, 22, 626], [""LndA"", 186, 19, 721], [""BEST BV MAY 27 2021"", 318, 26, 280]]"
000890,2021,04,05,2021-04-05,s1,"10:56 | 2021.04,05 | 까지 | 흔들어드세요 | 이쉬초콜릿드링크","[[""10:56"", 258, 23, 447], [""2021.04,05"", 275, 27, 400], [""까지"", 294, 21, 491], [""흔들어드세요"", 323, 24, 457], [""이쉬초콜릿드링크"", 420, 26, 481]]"
000891,2021,04,05,2021-04-05,s1,"10:56 | 2021,04.05 | 까지 | 혼들어드세","[[""10:56"", 212, 28, 253], [""2021,04.05"", 229, 36, 241], [""까지"", 241, 20, 303], [""혼들어드세"", 264, 37, 277]]"
000892,2022,02,07,2022-02-07,s1,Supermoist. | Betty | Crocker Chocolate | 07FEB2022 PV 07:172,"[[""Betty"", 402, 36, 593], [""Supermoist."", 395, 38, 736], [""Crocker"", 424, 36, 570], [""07FEB2022 PV 07:172"", 427, 24, 184], [""Chocolate"", 437, 28, 763]]"
000893,2022,02,07,2022-02-07,s1,Betty Supermoist. | Crocker | 07FEB2022 PV 07172,"[[""Supermoist."", 324, 38, 510], [""Betty"", 344, 28, 418], [""Crocker"", 364, 27, 408], [""07FEB2022 PV 07172"", 388, 40, 150]]"
000894,2021,06,02,2021-06-02,s1,23145 | 2021.06.02 | 까지 | 피크니청포도,"[[""23145"", 224, 21, 470], [""2021.06.02"", 240, 23, 396], [""까지"", 260, 26, 540], [""피크니청포도"", 368, 38, 326]]"
000895,2021,06,02,2021-06-02,s1,23:45 | 2021.06.02 | 까지 | 피크니청포도,"[[""23:45"", 195, 24, 327], [""2021.06.02"", 208, 30, 276], [""까지"", 232, 23, 374], [""피크니청포도"", 320, 40, 223]]"
000896,2023,02,15,2023-02-15,s1,AKBAR | FOR THE PERFECT CUP | Pour freshly boiled water and allow to | Can be drunk either hot or cold. Store in a cool dry place | Packing Date / Date demballage | acamra yaksmi /Lara ynakyBagns VnakoBamit y Ilpi-J1aumi | Expiry Date / Date d'expiration | Verbrauchsdatum / Touen ao 2023/02/15 | Cakray ep3imi /Tepwia 3óepiragms Akbar Brothers (Pvt) Ltd | 334JayMawathom0an | 100×1.25g,"[[""AKBAR"", 84, 88, 303], [""FOR THE PERFECT CUP"", 238, 38, 26], [""Pour freshly boiled water and allow to"", 264, 50, 25], [""Store in a cool dry place"", 316, 32, 403], [""Can be drunk either hot or cold."", 328, 44, 28], [""Packing Date / Date demballage"", 370, 37, 30], [""VnakoBamit y Ilpi-J1aumi"", 389, 32, 410], [""acamra yaksmi /Lara ynakyBagns"", 412, 37, 31], [""Expiry Date / Date d'expiration"", 454, 37, 33], [""2023/02/15"", 464, 27, 254], [""Verbrauchsdatum / Touen ao"", 476, 33, 34], [""Akbar Brothers (Pvt) Ltd"", 489, 59, 306], [""Cakray ep3imi /Tepwia 3óepiragms"", 497, 36, 33], [""334JayMawathom0an"", 520, 45, 339], [""100×1.25g"", 566, 43, 97]]"
000897,2025,05,19,2025-05-19,s2,"Certificato da Organismo di | controllo autorizzato dal Mipaaf. | 식품위생법에의한한글표시사항 | ·제품명:모데나 발사믹식초·식품의 유형 | 발효식초·수입·판매원:서영이앤티(주)I서울 | 14cet | GpCrmninViahieo1142pm | Modena, Italy)*유통기한:제품 뒷면 하단별 | 250 | 6%5.99 | （100%）23%（100% | 1%0.01% | 무수아황산 함유 | ·원산지:이탈리아 | ·용기재질:유리 | ·뚜껑내부:폴리에틸렌 | ·뚜껑외부:알미능·반품교환장소:구입처 및 판매 | 080-584-5151 | 들지 않는 건냉한 곳에 보관·식초에서 발견되는 입자는 | 초산균이 자연적으로 땅어리져 생긴 마더오브비니거로 | 인체에 무해하며,있는 그대로 드시거나 필터 등으로 | 걸러내셔서 섭취하시면 됩니다.본 제품은 소비자 피해 | 보상 규정에의거 교환 및 보상을 받을 수 있습니다. | 본 제품은 이태리에서 포장까지 마친 원제품으로 | 직수입됩니다. | 올리타리아홈페이지 www.olitaliakorea.kr | Best before: | BESTBEFORE | 2025/05/19 | 산도:6% 유리 | 250ml 뚜껑외부:알미늄 뚜껑내부: HDPE | 8007150901968","[[""controllo autorizzato dal Mipaaf."", 25, 31, 204], [""식품위생법에의한한글표시사항"", 44, 39, 210], [""·제품명:모데나 발사믹식초·식품의 유형"", 68, 28, 186], [""발효식초·수입·판매원:서영이앤티(주)I서울"", 89, 30, 184], [""14cet"", 109, 30, 185], [""GpCrmninViahieo1142pm"", 128, 29, 185], [""Modena, Italy)*유통기한:제품 뒷면 하단별"", 148, 31, 185], [""250"", 168, 31, 185], [""6%5.99"", 187, 35, 186], [""（100%）23%（100%"", 207, 33, 187], [""1%0.01%"", 228, 30, 187], [""무수아황산 함유"", 278, 33, 192], [""·원산지:이탈리아"", 318, 24, 189], [""·용기재질:유리"", 338, 23, 190], [""·뚜껑내부:폴리에틸렌"", 358, 24, 191], [""·뚜껑외부:알미능·반품교환장소:구입처 및 판매"", 376, 30, 190], [""080-584-5151"", 396, 28, 192], [""들지 않는 건냉한 곳에 보관·식초에서 발견되는 입자는"", 415, 28, 193], [""초산균이 자연적으로 땅어리져 생긴 마더오브비니거로"", 435, 30, 191], [""인체에 무해하며,있는 그대로 드시거나 필터 등으로"", 454, 28, 194], [""걸러내셔서 섭취하시면 됩니다.본 제품은 소비자 피해"", 474, 29, 194], [""보상 규정에의거 교환 및 보상을 받을 수 있습니다."", 492, 27, 195], [""본 제품은 이태리에서 포장까지 마친 원제품으로"", 532, 24, 195], [""올리타리아홈페이지 www.olitaliakorea.kr"", 571, 22, 196], [""Best before:"", 597, 23, 205], [""산도:6%"", 726, 30, 215], [""유리"", 728, 31, 365], [""250ml"", 770, 45, 213], [""8007150901968"", 876, 22, 227], [""Certificato da Organismo di"", 9, 19, 220], [""직수입됩니다."", 554, 19, 198], [""BESTBEFORE"", 624, 19, 245], [""2025/05/19"", 640, 19, 246], [""뚜껑내부: HDPE"", 770, 19, 345], [""뚜껑외부:알미늄"", 782, 17, 345]]"
000898,2025,05,19,2025-05-19,s2,"Certificato | controllo autorizzato | 식품위생법에의한한글표시사항 | ·제품명:모데나 발사믹식초·식품의 유형 | 발효식초*수입·판매원:서영이앤티(주)서울 | 五：营）8：2500 | 人：6%8品盟：21275.90 | （100%）23%（100% | 1%，早（）001% | 무수아황산 함유 | ·원산지:이탈리아 | ·용기재질:유리 | ·뚜껑내부:폴리에틸렌 | ·뚜껑외부:알미는반품교환장소:구입처및만드 | 들지 않는 간냉한 곳에 보관·식초에서 발견되는 입자는 | 초산균이 자연적으로 당어리져 생긴 마더오브비니거로 | 인체에무해하며,있는 그대로 드시거나필터 등으로 | 결러내서서 섭취하시면 됩니다.본 제품은 소비자 피해 | 보상 규정에 의거 교환 및 보상을 받을 수 있습니다. | 1399 | 은 제해은 이로리에서 요장까지 마친 원자품으로 | 직수입됩니다. | 폴리타리아홈페이지 www.olitaliakoreo.kr | Best before: | BESTBEFORE | 2025/05/19 | 산도:6% 유리 | 250ml 뚜법념가법방법 | 8 0071501901968","[[""식품위생법에의한한글표시사항"", 31, 60, 142], [""·제품명:모데나 발사믹식초·식품의 유형"", 46, 69, 120], [""五：营）8：2500"", 112, 67, 132], [""人：6%8品盟：21275.90"", 124, 70, 134], [""（100%）23%（100%"", 137, 70, 136], [""1%，早（）001%"", 150, 67, 139], [""무수아황산 함유"", 192, 44, 148], [""은 제해은 이로리에서 요장까지 마친 원자품으로"", 348, 66, 177], [""유리"", 462, 33, 348], [""산도:6%"", 485, 36, 216], [""뚜법념가법방법"", 494, 46, 331], [""250ml"", 512, 49, 218], [""Certificato"", 18, 30, 145], [""controllo autorizzato"", 26, 43, 134], [""발효식초*수입·판매원:서영이앤티(주)서울"", 60, 64, 123], [""·원산지:이탈리아"", 222, 35, 152], [""·용기재질:유리"", 236, 33, 154], [""·뚜껑내부:폴리에틸렌"", 246, 37, 157], [""·뚜껑외부:알미는반품교환장소:구입처및만드"", 246, 65, 159], [""들지 않는 간냉한 곳에 보관·식초에서 발견되는 입자는"", 272, 65, 164], [""초산균이 자연적으로 당어리져 생긴 마더오브비니거로"", 284, 67, 167], [""인체에무해하며,있는 그대로 드시거나필터 등으로"", 296, 64, 170], [""결러내서서 섭취하시면 됩니다.본 제품은 소비자 피해"", 309, 65, 172], [""보상 규정에 의거 교환 및 보상을 받을 수 있습니다."", 322, 62, 175], [""1399"", 339, 52, 177], [""직수입됩니다."", 377, 28, 182], [""폴리타리아홈페이지 www.olitaliakoreo.kr"", 375, 58, 184], [""Best before:"", 404, 28, 194], [""BESTBEFORE"", 410, 43, 230], [""2025/05/19"", 420, 40, 232], [""8"", 588, 11, 247], [""0071501901968"", 570, 49, 252]]"
000899,2022,09,02,2022-09-02,s1,"CAPPUCCINO 영양정보 100g395kcal | Candies | EXP.DATE:2022.09.02 | ※%개봉후빠론시일내에드시가바랍니다 | ※패키지의사진이나 일간스트는 이미지오리나 | ※간혹 작은 캔디나빈용지가나을 수있으다 | 제품 중량에는 차이가 없습니다. | ※건강별련스를생각하여,한번에많은 양의 | 섭취를 삼가시기 바랍니다.","[[""영양정보"", 301, 30, 326], [""CAPPUCCINO"", 312, 35, 24], [""100g395kcal"", 306, 33, 429], [""Candies"", 334, 31, 21], [""EXP.DATE:2022.09.02"", 575, 20, 397], [""※%개봉후빠론시일내에드시가바랍니다"", 713, 30, 327], [""※패키지의사진이나 일간스트는 이미지오리나"", 730, 27, 328], [""※간혹 작은 캔디나빈용지가나을 수있으다"", 750, 27, 327], [""제품 중량에는 차이가 없습니다."", 770, 21, 338], [""※건강별련스를생각하여,한번에많은 양의"", 788, 30, 325], [""섭취를 삼가시기 바랍니다."", 807, 23, 341]]"
000900,2022,09,02,2022-09-02,s2,CAPPUCCINO 영양정보 395kcal | Candies : e관re | 0TE 5% 지방0g 0 | 30% 프랜스지방0g | 88 포화지방0g 1 | 0% 단백질1g | 영양정한기로지에대한비품지 | EXP.DATE:2022.09.02 | 개통하는사닐내에시가:버입니다. | 페키자면 사진이나믿스드는이미지구 | 간축적은랜디나변습시가나을 수있과 | 제품 중향에는 차이가없습니다. | 건강별련스를 생각하에.한 번에 믿은 안어 | 섭취를 십가시기바랍니다.,"[[""CAPPUCCINO"", 222, 32, 11], [""개통하는사닐내에시가:버입니다."", 494, 21, 301], [""영양정보"", 218, 18, 284], [""395kcal"", 222, 17, 401], [""Candies"", 236, 23, 11], ["":"", 238, 15, 333], [""e관re"", 238, 17, 412], [""0TE"", 254, 10, 11], [""5%"", 253, 10, 349], [""지방0g"", 254, 12, 373], [""0"", 254, 8, 440], [""30%"", 269, 12, 343], [""프랜스지방0g"", 268, 17, 374], [""88"", 283, 12, 342], [""포화지방0g"", 283, 18, 374], [""단백질1g"", 297, 12, 372], [""1"", 284, 4, 441], [""0%"", 297, 10, 348], [""영양정한기로지에대한비품지"", 312, 11, 299], [""EXP.DATE:2022.09.02"", 402, 19, 345], [""페키자면 사진이나믿스드는이미지구"", 506, 15, 302], [""간축적은랜디나변습시가나을 수있과"", 519, 18, 300], [""제품 중향에는 차이가없습니다."", 532, 19, 289], [""건강별련스를 생각하에.한 번에 믿은 안어"", 544, 16, 299], [""섭취를 십가시기바랍니다."", 556, 14, 300]]"
000901,2021,11,01,2021-11-01,s1,  | 공1 | ()<8 | 이lo  Ydsssmoo | 용유위(능 | (이 | 무) | ( | (주조1간2지  | )0 | 는26음 Y | 들 | /< | SH크XOV8S DV3HMATOHM) KRE울 | Przechowywac w DD/MM/YYYY | nomi suhom przed:/Najbojie upotijebi doc:/ Nairje uporabno se consuma de preferintinainte de:/Najlepiespozyt 8 g8 01/11/2021 paguets/Contine 10 ambalaje/Zawiera | preferéncia antes de:/Avdkuon kand mporiunon mpv L2102731 10pakwanSad1aktasebj | Contem10embalagens/neptx10 | 10,"[["" "", 139, 33, 0], [""공1"", 162, 33, 0], [""()<8"", 198, 26, 63], [""Ydsssmoo"", 211, 25, 77], [""이lo "", 217, 24, 0], [""용유위(능"", 242, 28, 13], [""(이"", 284, 29, 0], [""무)"", 298, 29, 0], [""("", 311, 31, 0], [""(주조1간2지 "", 324, 25, 50], ["")0"", 340, 29, 3], [""는26음 Y"", 369, 28, 0], [""들"", 394, 20, 121], [""/<"", 409, 24, 86], [""SH크XOV8S DV3HMATOHM) KRE울"", 426, 29, 0], [""DD/MM/YYYY"", 466, 26, 494], [""Przechowywac w"", 492, 22, 0], [""se consuma de preferintinainte de:/Najlepiespozyt"", 490, 22, 222], [""g8"", 485, 26, 461], [""01/11/2021"", 492, 29, 496], [""paguets/Contine 10 ambalaje/Zawiera"", 483, 24, 666], [""nomi suhom"", 507, 20, 0], [""przed:/Najbojie upotijebi doc:/ Nairje uporabno"", 504, 23, 222], [""8"", 501, 26, 462], [""10pakwanSad1aktasebj"", 498, 22, 667], [""L2102731"", 520, 29, 498], [""preferéncia antes de:/Avdkuon kand mporiunon mpv"", 533, 24, 223], [""Contem10embalagens/neptx10"", 528, 23, 667], [""10"", 542, 21, 739]]"
000902,2021,11,01,2021-11-01,s1,DD/MM/YY | 29 01/11/2021 | L2102731 | rerincants /t까r | J,"[[""DD/MM/YY"", 424, 25, 317], [""29"", 440, 21, 296], [""01/11/2021"", 447, 26, 313], [""L2102731"", 471, 24, 321], [""rerincants /t까r"", 484, 22, 136], [""J"", 499, 22, 171]]"
000903,2021,08,31,2021-08-31,s1,MSURA | Misu | 31-08-2021 | L2024403-234 | melu | DOUBLE | CHOCOLATE | COOKIES | with delicieus Dok and | Mi0k hocolate hunks,"[[""MSURA"", 48, 84, 241], [""Misu"", 176, 58, 624], [""31-08-2021"", 319, 24, 385], [""L2024403-234"", 336, 24, 386], [""melu"", 400, 73, 175], [""DOUBLE"", 582, 39, 160], [""CHOCOLATE"", 623, 50, 112], [""COOKIES"", 674, 86, 53], [""with delicieus"", 735, 45, 118], [""Dok and"", 744, 36, 272], [""Mi0k hocolate hunks"", 769, 57, 123]]"
000904,2021,08,23,2021-08-23,s2,"M.SLUJFU | 23-08-2021 | L2024403-234 | merla | EDITION | DOUBLE | CHOCOLATE | COOKIES | with delicious Dok and. | M.8.O,Becolate Runks","[[""M.SLUJFU"", 44, 67, 239], [""merla"", 273, 66, 134], [""EDITION"", 328, 33, 242], [""DOUBLE"", 394, 48, 118], [""CHOCOLATE"", 421, 61, 73], [""COOKIES"", 455, 97, 16], [""with delicious Dok and."", 500, 65, 68], [""M.8.O,Becolate Runks"", 520, 63, 76], [""23-08-2021"", 235, 29, 336], [""L2024403-234"", 247, 28, 335]]"
000905,2022,01,NONE,2022-01-NONE,s1,"제품명 초코크레커 비스킨원산지 인도네시아 식품 | 포장재질폴리프로필렌유통기한 제품의별도 표기된 해당 | UBM EXP:01.2022 밀가루(밀),설탕(보존료 무수아황산 함유,함유,경 | BP.1.5102 원재료명 (유자가능성),성 포도당(보존료 무수야황산 함유,탄산수소함모능,탄산수 | 밀,우유,내두,아황산류함유 | 01399T | 보관방법 직사광선을 피하고건냉한 곳에 보관 반품 및 | 본제품은 공정거래위원회 고시 소비자분해결기준에의거 교환","[[""제품명 초코크레커 비스킨원산지 인도네시아 식품"", 311, 35, 713], [""UBM"", 355, 26, 51], [""포장재질폴리프로필렌유통기한 제품의별도 표기된 해당"", 360, 37, 711], [""EXP:01.2022"", 370, 23, 421], [""BP.1.5102"", 396, 37, 417], [""밀가루(밀),설탕(보존료 무수아황산 함유,함유,경"", 386, 36, 750], [""포도당(보존료 무수야황산 함유,탄산수소함모능,탄산수"", 412, 35, 748], [""원재료명"", 416, 27, 712], [""(유자가능성),성"", 435, 60, 741], [""밀,우유,내두,아황산류함유"", 461, 34, 746], [""01399T"", 487, 39, 706], [""보관방법 직사광선을 피하고건냉한 곳에 보관 반품 및"", 510, 39, 704], [""본제품은 공정거래위원회 고시 소비자분해결기준에의거 교환"", 536, 39, 701]]"
000906,2022,01,NONE,2022-01-NONE,s1,"제품명초코크러가 비스 | 포정재질폴리프로렌유통기한 제품의 별도또 | UBM EXP:01.2022 밀가류밀,설탕보존로 우수이품산 함위. | BP.1.5102 0프수 | 유시유자내통기가능하없을 | 부식통신고는국먹입제조 | 보관방법 직사품선을 피하고간당한 곳에 보관 | 본제품은공정거래위원회고시소지품해결기준에요","[[""UBM"", 290, 27, 54], [""제품명초코크러가 비스"", 327, 38, 498], [""EXP:01.2022"", 351, 42, 299], [""BP.1.5102"", 372, 45, 295], [""포정재질폴리프로렌유통기한 제품의 별도또"", 378, 53, 494], [""밀가류밀,설탕보존로 우수이품산 함위."", 402, 49, 517], [""0프수"", 424, 61, 487], [""유시유자내통기가능하없을"", 446, 59, 513], [""부식통신고는국먹입제조"", 487, 61, 482], [""보관방법 직사품선을 피하고간당한 곳에 보관"", 509, 56, 483], [""본제품은공정거래위원회고시소지품해결기준에요"", 530, 57, 480]]"
000907,2022,01,NONE,2022-01-NONE,s1,"제품명 객넷크레커 볶스치)완산지도과아 식품유자 제조 | UBM 35g（650kca | EXP:01.2022 밀까류질,강화함의산화방지에 부달허드록시아니슬 함의 | BP.1.2072 원재료명","[[""제품명 객넷크레커 볶스치)완산지도과아 식품유자 제조"", 285, 30, 709], [""UBM"", 348, 25, 233], [""35g（650kca"", 340, 31, 718], [""EXP:01.2022"", 377, 28, 368], [""밀까류질,강화함의산화방지에 부달허드록시아니슬 함의"", 370, 37, 754], [""BP.1.2072"", 401, 24, 368], [""원재료명"", 408, 27, 719]]"
000908,2022,01,NONE,2022-01-NONE,s1,Janyppo | UBM | EXP:01.2022 | BP.1.2072 | N,"[[""Janyppo"", 67, 102, 59], [""UBM"", 309, 27, 171], [""EXP:01.2022"", 347, 34, 261], [""BP.1.2072"", 367, 32, 260], [""N"", 504, 71, 68]]"
000909,2021,09,20,2021-09-20,s1,"를바 | ·이제품은 기간 땅정,대두,아품산류,호두를사용한 제품과 같은시 | 제조해고 있습니다·본 제품은 공정가레위인회 고시 | 소비자 분쟁해결기준에의거 교불또는 보상 받들수 | 8066001428758 | 20-09-2021","[[""를바"", 238, 60, 0], [""·이제품은 기간 땅정,대두,아품산류,호두를사용한 제품과 같은시"", 343, 46, 332], [""제조해고 있습니다·본 제품은 공정가레위인회 고시"", 357, 44, 331], [""소비자 분쟁해결기준에의거 교불또는 보상 받들수"", 371, 43, 328], [""8066001428758"", 490, 51, 330], [""20-09-2021"", 652, 24, 283]]"
000910,2021,09,20,2021-09-20,s1,00001428758 | 20-09-2021,"[[""00001428758"", 308, 40, 365], [""20-09-2021"", 445, 45, 306]]"
000911,2022,05,05,2022-05-05,s1,"Nestlé | Nesguik 초콜릿맛 | 비타인 | 균형잡한 | 영양섭취 | 상기그림은 연출 된화만임 | 네스퀴을맛있게 스품으로장저어서복 | 만드는방법 넣은후저어주요 | 영양정보 25g51k (（13.5gx | 우리 제품의리한 | 300mg 15% 스15 우유80m는 가지하 | 829 아면별식아 | 트랜스지방09 09 Mpté 비타민D3가 함유되어 많습 | 단페질 | 19.3mg161% 유익한식 | 14%103mg103% 균형잡영양섭취를합수있도록 네스워릿맛은 성장기아이들이 | 식타인 E1 02mg17%15mg125% | 식재방% 157915%11911 네슬레에게이야기하세요 | 에 따라 다를수있습니다. 20010 | E MRPF 식품유형 기타 코아가공품 백설탕,코코아분말(8%,식비타단습니 | 방정분 원재료명비타만이3,비타인터,한성별스,피로 신이까 | 슬레 대두함유 | 통기한믿에 표시된 일자까지 내포장재질폴리에틸렌수지 | 유통기한 | 2022.05.05 | 0300365707:54 | CHER","[[""Nestlé"", 72, 41, 284], [""Nesguik"", 118, 74, 280], [""초콜릿맛"", 144, 32, 408], [""비타인"", 173, 28, 371], [""균형잡한"", 198, 29, 361], [""영양섭취"", 214, 27, 361], [""상기그림은 연출 된화만임"", 292, 29, 125], [""네스퀴을맛있게"", 314, 35, 123], [""스품으로장저어서복"", 320, 37, 527], [""만드는방법"", 331, 32, 161], [""넣은후저어주요"", 336, 25, 413], [""영양정보"", 372, 24, 124], [""(（13.5gx"", 368, 28, 237], [""25g51k"", 381, 23, 234], [""우리 제품의리한"", 397, 33, 511], [""300mg"", 422, 25, 238], [""15%"", 424, 20, 284], [""스15"", 420, 27, 512], [""우유80m는 가지하"", 434, 22, 512], [""829"", 448, 20, 240], [""아면별식아"", 451, 24, 510], [""트랜스지방09"", 470, 25, 134], [""09"", 475, 20, 240], [""Mpté"", 480, 32, 357], [""비타민D3가 함유되어 많습"", 481, 22, 504], [""단페질"", 512, 20, 119], [""19.3mg161%"", 529, 23, 227], [""유익한식"", 537, 24, 342], [""14%103mg103%"", 556, 25, 203], [""네스워릿맛은 성장기아이들이"", 556, 25, 341], [""식타인 E1"", 566, 21, 118], [""02mg17%15mg125%"", 570, 27, 168], [""균형잡영양섭취를합수있도록"", 568, 23, 341], [""식재방%"", 593, 28, 113], [""157915%11911"", 585, 26, 168], [""20010"", 613, 30, 114], [""네슬레에게이야기하세요"", 604, 24, 350], [""에 따라 다를수있습니다."", 622, 26, 115], [""E MRPF"", 643, 32, 89], [""식품유형 기타 코아가공품"", 652, 33, 160], [""방정분"", 665, 28, 87], [""백설탕,코코아분말(8%,식비타단습니"", 651, 42, 417], [""원재료명비타만이3,비타인터,한성별스,피로 신이까"", 672, 47, 378], [""슬레"", 694, 21, 151], [""대두함유"", 700, 26, 418], [""통기한믿에 표시된 일자까지"", 720, 29, 167], [""내포장재질폴리에틸렌수지"", 720, 31, 382], [""유통기한"", 736, 25, 125], [""2022.05.05"", 772, 24, 244], [""0300365707:54"", 797, 30, 244], [""CHER"", 822, 27, 119]]"
000912,2022,05,05,2022-05-05,s2,"Nestlé | esgunl | 균영작인 | 대류단9 | 네스라을맛있게 만드는 방법 9 네스 9 한무유 따맛한 9 | 단에불어세요 시아주R 45es | 영양정보 총내용법 U당 51 od Lute | 닐트 우의재품가리한% | en. | 3 | 품랜스지방 아r | 31 Ptlé ※석면 O가 없든가 있습어 | 주베스비! | 1 유입한 식 | U% #상이이 | 지g | 5% 미% 도와로니다. | 1% 내네슬레에게 이이기하세요 | 수품유형]기타 코조하가공품 백성방프아문일8지,까일터터 |  주리티 미루뉴,RS스 2RAANE 부ONFRAL)] 원재료명비타인지 타인까 | 판되이 주식통시/중성도봉주시총아구비용로7번길2 | 기한에표시원일지까지 포제에일센주지 | 기한 | 2022.05. 05 | 03003657 07154 | HER","[[""esgunl"", 76, 47, 323], [""만드는 방법"", 193, 30, 170], [""우의재품가리한%"", 284, 33, 474], [""Ptlé"", 322, 29, 363], ["" 주리티 미루뉴,RS스 2RAANE 부ONFRAL)]"", 433, 52, 149], [""판되이 주식통시/중성도봉주시총아구비용로7번길2"", 445, 50, 141], [""기한에표시원일지까지"", 454, 37, 139], [""원재료명비타인지 타인까"", 458, 39, 332], [""백성방프아문일8지,까일터터"", 446, 34, 366], [""포제에일센주지"", 480, 29, 328], [""2022.05."", 499, 36, 202], [""Nestlé"", 39, 38, 303], [""균영작인"", 132, 21, 362], [""대류단9"", 154, 11, 365], [""네스라을맛있게"", 178, 27, 140], [""9"", 196, 12, 262], [""영양정보"", 214, 25, 133], [""단에불어세요"", 211, 23, 273], [""네스"", 199, 10, 276], [""총내용법"", 215, 18, 187], [""9"", 210, 11, 380], [""따맛한"", 212, 18, 396], [""한무유"", 220, 12, 397], [""U당 51"", 234, 16, 244], [""시아주R"", 235, 18, 435], [""9"", 226, 10, 490], [""닐트"", 241, 17, 125], [""od Lute"", 252, 19, 384], [""45es"", 246, 23, 514], [""품랜스지방"", 280, 23, 136], [""주베스비!"", 294, 12, 122], [""31"", 298, 6, 207], [""3"", 309, 28, 468], [""en."", 300, 28, 472], [""아r"", 320, 30, 465], [""U%"", 343, 12, 192], [""1"", 334, 7, 197], [""※석면 O가 없든가 있습어"", 340, 24, 461], [""지g"", 350, 7, 172], [""유입한"", 351, 21, 311], [""5%"", 362, 12, 189], [""#상이이"", 370, 35, 308], [""식"", 358, 11, 357], [""미%"", 372, 9, 248], [""1%"", 382, 12, 246], [""도와로니다."", 382, 19, 308], [""수품유형]기타 코조하가공품"", 407, 34, 139], [""내네슬레에게 이이기하세요"", 402, 28, 312], [""기한"", 456, 13, 118], [""HER"", 511, 14, 106], [""03003657"", 516, 34, 199], [""05"", 510, 20, 317], [""07154"", 530, 27, 326]]"
000913,2021,10,19,2021-10-19,s1,NG | 스 아이밀 | 남남 8180115750545 | DHA워하스 유통기한: | 요구르트 2021.10.19,"[[""NG"", 508, 23, 0], [""스"", 536, 28, 0], [""아이밀"", 540, 49, 73], [""남남"", 568, 34, 92], [""8180115750545"", 562, 25, 300], [""DHA워하스"", 606, 39, 25], [""유통기한:"", 597, 24, 308], [""요구르트"", 640, 23, 112], [""2021.10.19"", 640, 25, 309]]"
000914,2021,07,21,2021-07-21,s1,"26,000 | MOTHER | 일부터 2021.07.21 | 월까지 ：10:3002088 | / | / | 방유넣하가 | an | MOTHER | 엄마로태어나다 | 아이엠마더","[[""26,000"", 130, 70, 382], [""MOTHER"", 296, 86, 62], [""일부터"", 370, 20, 0], [""2021.07.21"", 372, 25, 351], [""월까지"", 386, 20, 0], [""：10:3002088"", 390, 27, 309], [""/"", 495, 28, 425], [""/"", 518, 27, 422], [""방유넣하가"", 538, 27, 420], [""an"", 568, 23, 248], [""MOTHER"", 611, 54, 37], [""엄마로태어나다"", 659, 22, 206], [""아이엠마더"", 678, 31, 175]]"
000915,2021,07,NONE,2021-07-NONE,s2,26.000 | MOTHER | 2021 07 J | 유통기한: 10:30 02088 | MOTHER | 원아로어니디 | 아이엘마더,"[[""26.000"", 68, 53, 355], [""MOTHER"", 184, 55, 51], [""MOTHER"", 395, 42, 3], [""2021"", 234, 18, 303], [""07"", 234, 15, 390], [""유통기한:"", 248, 17, 264], [""10:30"", 248, 15, 323], [""02088"", 246, 15, 405], [""J"", 236, 9, 461], [""아이엘마더"", 441, 18, 123], [""원아로어니디"", 429, 12, 154]]"
000916,2022,06,06,2022-06-06,s1,"식품의 유형일반식품(기타가공품) | 원재료명 | 권장섭취량 | 및섭취방법 | 섭취식 | 주의사항 | 보관방법 | 내포장재질 고객상담실 | 구입처 및 고객상담실 연구및개발원 | (주)함소아제약 | 유통전문 서울특별시 강남구 도산대로 제조원 | 판매원 | 663127-16 | 영양정보 100g（10g10） | 1（10g）10kcal | 1.5 0% 15 mg 총 내용량당 1% 환 또는 보상받을 수있습니다 | 나트 탄수화물 29 1% 20g 6% 땅콩,밀,고등어,게,새운,돼지기 ※본 제품은 알류(가금류),메밀 | 당류 29 2% 20g 20% 복숭아,토마토,아황산류,호두 | 지방 0g 0% 0g 0% 고기,쇠고기,오징어,조개 | 트랜스지방 0g 0g 전복,혼합포함),잣등을원재료로 | 포화지방 0g 1% 0g 0% 사용한 제품과 같은제조시설에서 | 콜레스테롤 mg 0% mg 0% 제조되었습니다.※부정·불량식품 | 단백질 0g 2% 0g 0% | 비터반C. 1.7mg 2% 17mg 17% www.hamsoamall.com www.hamsoapharm.com | 비만B1 0.078mg 7% 0.78mg 65% | 비타민B? 0.099mg 7% 0.99mg 71% | 인B6 0.081mg 5% 0.81mg 54% | 8180922612049351 | 2022.06.06B","[[""식품의 유형일반식품(기타가공품)"", 20, 41, 347], [""원재료명"", 54, 25, 111], [""권장섭취량"", 136, 25, 94], [""및섭취방법"", 152, 27, 92], [""섭취식"", 186, 35, 97], [""주의사항"", 200, 35, 91], [""보관방법"", 240, 35, 89], [""고객상담실"", 268, 31, 354], [""내포장재질"", 269, 32, 83], [""구입처 및 고객상담실"", 280, 27, 146], [""연구및개발원"", 289, 28, 354], [""(주)함소아제약"", 302, 25, 147], [""유통전문"", 317, 33, 81], [""서울특별시 강남구 도산대로"", 318, 29, 142], [""제조원"", 326, 25, 365], [""판매원"", 334, 38, 80], [""663127-16"", 348, 25, 433], [""100g（10g10）"", 368, 37, 191], [""영양정보"", 382, 46, 66], [""1（10g）10kcal"", 390, 35, 254], [""총 내용량당"", 415, 32, 314], [""환 또는 보상받을 수있습니다"", 428, 45, 415], [""1.5"", 435, 26, 142], [""0%"", 432, 23, 232], [""15 mg"", 436, 29, 289], [""나트"", 445, 29, 64], [""1%"", 442, 21, 373], [""※본 제품은 알류(가금류),메밀"", 448, 40, 416], [""29"", 458, 22, 165], [""1%"", 454, 25, 233], [""20g"", 458, 29, 302], [""탄수화물"", 465, 33, 62], [""6%"", 462, 21, 371], [""땅콩,밀,고등어,게,새운,돼지기"", 468, 37, 417], [""29"", 480, 23, 161], [""2%"", 477, 27, 228], [""20g"", 480, 28, 302], [""당류"", 488, 33, 68], [""20%"", 484, 22, 363], [""복숭아,토마토,아황산류,호두"", 487, 32, 420], [""0g"", 502, 29, 154], [""0%"", 502, 25, 228], [""0g"", 504, 28, 310], [""고기,쇠고기,오징어,조개"", 508, 45, 419], [""지방"", 512, 26, 59], [""0%"", 508, 21, 373], [""0g"", 526, 29, 152], [""0g"", 528, 29, 310], [""전복,혼합포함),잣등을원재료로"", 529, 40, 421], [""트랜스지방"", 530, 37, 66], [""0g"", 552, 29, 150], [""1%"", 552, 26, 232], [""0g"", 552, 30, 309], [""사용한 제품과 같은제조시설에서"", 550, 39, 421], [""포화지방"", 554, 35, 64], [""0%"", 555, 24, 374], [""mg"", 578, 28, 134], [""mg"", 577, 28, 295], [""제조되었습니다.※부정·불량식품"", 572, 34, 423], [""콜레스테롤"", 582, 42, 45], [""0%"", 578, 23, 223], [""0%"", 580, 25, 374], [""단백질"", 608, 31, 43], [""0g"", 604, 27, 147], [""2%"", 604, 25, 223], [""0g"", 603, 29, 308], [""0%"", 604, 25, 374], [""17mg"", 630, 31, 284], [""www.hamsoamall.com"", 620, 29, 425], [""비터반C."", 634, 34, 38], [""1.7mg"", 630, 26, 117], [""2%"", 630, 27, 221], [""17%"", 631, 24, 367], [""www.hamsoapharm.com"", 641, 28, 426], [""비만B1"", 660, 29, 33], [""0.078mg"", 659, 28, 101], [""7%"", 658, 28, 220], [""0.78mg"", 656, 29, 278], [""65%"", 658, 24, 366], [""비타민B?"", 686, 33, 25], [""0.099mg"", 685, 28, 98], [""7%"", 684, 25, 220], [""0.99mg"", 684, 29, 275], [""71%"", 685, 24, 366], [""인B6"", 714, 25, 18], [""0.081mg"", 712, 25, 100], [""5%"", 710, 25, 220], [""0.81mg"", 710, 23, 277], [""54%"", 709, 25, 361], [""8180922612049351"", 736, 22, 442], [""2022.06.06B"", 777, 24, 250]]"
000917,2022,06,06,2022-06-06,s1,"판매원 16号/13-16 서울별시 방남구 도산대로 | 舌8%100g（10g*10至） | 영양정보 | 년부 기준치에 대한 바을 총 내용량 당 | 1포당 제(), | 수화물 29 2% 1% | 당류 29 0% | 트랜스지방 0g ,포함),원 사용한제제조시 | 포화지방 0% 0% 제조되었습니다.※부정·불량식 | 콜레스테롤 2% 0% 1399 | 단백 1.7mg 2% 17mg 17% www.hamsoamall.com | 비바인61 비타간C 0.07gmg 7% 0.78mg 65% | 석타민B? 0.099mg 7% 0.99mg | 네F터:인B6 | 2022.06.06","[[""서울별시 방남구 도산대로"", 225, 54, 121], [""판매원"", 253, 32, 67], [""16号/13-16"", 243, 34, 122], [""舌8%100g（10g*10至）"", 253, 44, 171], [""총 내용량 당"", 278, 26, 292], [""영양정보"", 287, 42, 55], [""제(),"", 280, 43, 386], [""년부 기준치에 대한 바을"", 292, 35, 130], [""1포당"", 316, 28, 56], [""1%"", 318, 22, 214], [""29"", 331, 20, 151], [""2%"", 334, 23, 213], [""29"", 346, 21, 150], [""수화물"", 346, 35, 53], ["",포함),원"", 336, 44, 394], [""0%"", 352, 22, 214], [""당류"", 363, 30, 62], [""사용한제제조시"", 351, 44, 397], [""0g"", 380, 20, 146], [""제조되었습니다.※부정·불량식"", 366, 44, 398], [""트랜스지방"", 390, 36, 62], [""0%"", 388, 22, 354], [""1399"", 384, 41, 403], [""포화지방"", 408, 34, 62], [""0%"", 405, 26, 212], [""0%"", 406, 23, 355], [""www.hamsoamall.com"", 402, 40, 404], [""2%"", 423, 20, 214], [""콜레스테롤"", 428, 42, 47], [""17mg"", 434, 23, 274], [""17%"", 424, 27, 349], [""단백"", 450, 32, 44], [""2%"", 443, 25, 212], [""0.78mg"", 454, 27, 267], [""65%"", 444, 24, 349], [""1.7mg"", 456, 25, 117], [""비타간C"", 468, 27, 42], [""7%"", 462, 26, 213], [""0.07gmg"", 475, 28, 102], [""7%"", 481, 26, 214], [""0.99mg"", 472, 26, 267], [""비바인61"", 486, 30, 37], [""0.099mg"", 495, 28, 101], [""석타민B?"", 505, 34, 32], [""네F터:인B6"", 526, 31, 26], [""2022.06.06"", 536, 38, 246]]"
000918,2021,09,17,2021-09-17,s2,"모양만들기 | 질녹은 0을 티스뿐등을 | 이용하여몰드에 채운다. | T입회용함주머니를이용하여 | 콤드에 당으면깔끔하게차을 수있어요 | 귀여운동불모양의 | 쁘띠 초콜릿 국하기 | 서늘한 곳 혹은 냉장고약10분)에서 | 귀여우면서도 다양한 모양과 초콜릿을국한다. | 크기의동물얼굴초콜릿을 Tp초콜릿이국기전에음드를바닥에치면 | 화이트,평크,옐로우 3가지 색상으로 표번이매끄러운 초골릿을만들수있어요 | 간단하고쉽게 만들 수있는 | DY제품이에요 | 활용도가높은 다크초코펜이 장식하기 | 들어 있어 다양한 모양의 따듯한 물에중당하여 녹인 초코펜으로 | 나만의초콜릿을 만들 수있어요 다양하게 장식하여완성한다. | 0 Tg다양한모양과 색상으로 꾸민초콜릿을 | QR코드를통하여확인하세요. | APPLICATION WRAPPING TIP | 음용예 음용예 음용예 | 귀여운동물들의표정을 동그라미와하트초콜릿을 푸드데코펜을이용해 브미초콜릿을초코펜을 | 초코펜을이용하여 이용하여귀여운 인형을 메시지를쓰고케이크나머핀 이용하여 폴리밥스틱과앞뒤로 | 다양하게 표현해보세요. 만든 수있어요 위에 올러 장식해보세요 불이고 예쁘게 포장해보세요. | Bread 유통기한 202109.17 FCM003 | Courden 8809409690124","[[""모양만들기"", 23, 26, 467], [""쁘띠 초콜릿"", 137, 39, 75], [""서늘한 곳 혹은 냉장고약10분)에서"", 162, 30, 464], [""간단하고쉽게 만들 수있는"", 215, 24, 73], [""APPLICATION"", 374, 26, 68], [""WRAPPING TIP"", 385, 24, 498], [""Bread"", 651, 37, 79], [""유통기한"", 652, 20, 216], [""Courden"", 672, 40, 72], [""질녹은 0을 티스뿐등을"", 39, 26, 466], [""이용하여몰드에 채운다."", 53, 24, 467], [""T입회용함주머니를이용하여"", 71, 26, 467], [""콤드에 당으면깔끔하게차을 수있어요"", 86, 29, 487], [""귀여운동불모양의"", 116, 19, 79], [""국하기"", 143, 24, 465], [""귀여우면서도 다양한 모양과"", 170, 20, 75], [""초콜릿을국한다."", 174, 21, 464], [""크기의동물얼굴초콜릿을"", 186, 21, 75], [""화이트,평크,옐로우 3가지 색상으로"", 200, 21, 74], [""Tp초콜릿이국기전에음드를바닥에치면"", 194, 26, 465], [""표번이매끄러운 초골릿을만들수있어요"", 207, 26, 484], [""DY제품이에요"", 230, 15, 75], [""활용도가높은 다크초코펜이"", 260, 21, 73], [""들어 있어 다양한 모양의"", 275, 22, 72], [""장식하기"", 268, 21, 462], [""나만의초콜릿을 만들 수있어요"", 291, 22, 71], [""따듯한 물에중당하여 녹인 초코펜으로"", 286, 22, 461], [""0"", 308, 19, 355], [""다양하게 장식하여완성한다."", 300, 21, 461], [""Tg다양한모양과 색상으로 꾸민초콜릿을"", 315, 22, 461], [""QR코드를통하여확인하세요."", 328, 19, 484], [""음용예"", 546, 17, 163], [""음용예"", 548, 17, 310], [""음용예"", 549, 16, 453], [""귀여운동물들의표정을"", 566, 23, 56], [""동그라미와하트초콜릿을"", 568, 21, 202], [""초코펜을이용하여"", 578, 21, 56], [""푸드데코펜을이용해"", 570, 18, 347], [""브미초콜릿을초코펜을"", 571, 20, 488], [""이용하여귀여운 인형을"", 582, 22, 202], [""다양하게 표현해보세요."", 594, 21, 55], [""메시지를쓰고케이크나머핀"", 584, 20, 345], [""이용하여 폴리밥스틱과앞뒤로"", 585, 18, 489], [""만든 수있어요"", 596, 19, 202], [""위에 올러 장식해보세요"", 598, 20, 346], [""불이고 예쁘게 포장해보세요."", 600, 15, 490], [""202109.17"", 666, 21, 273], [""FCM003"", 672, 44, 590], [""8809409690124"", 696, 21, 456]]"
000919,2022,03,11,2022-03-11,s1,"3.150 치고기 | 국산대파를사용하여동질건조한 | 800 리얼슬라이스 생생대파 해표 | 다시다 | 해표 리얼슬라이스 생생대과 특징 해표리얼슬라어는생생대과사용방법 | 국,당,피개,볶음듯슬라이스대파가 | 필요한 모든 요리에 가능 | 믿을수있는놀은품질의국산농산물 한스의을넣대파가 | 동결거조공법으로고유의맛과향을유지 복원되면 요리에어주세요. | 18:월온보관으로간면 균당,지개용 | 해여형,캠평등·백게구대 가능 땅개 | 제품명 해표리얼슬라이스생생대파 식품유형과·채가공품 | 내용량 유통기한후면하단표기일까지 | 포장재질 吾号堂卫划室 2017052530116 | 원재료명 까대파 97%(국산),올리고당 | 보관방법 | 제조원 | 주의하시기 바랍니다.동결건조 제품은 습기에 약하므로 개봉 | 후에는가급적빨리사용하시고,장기보관시질밀봉하여냉 | 1399：080-900-6133（） 장·냉동보관하여주십시오.·부정·불량식품 신고는 국번없이 사조매원 | ·반품 및 교환장소:구입처 및 고객상담실·drsajo.co.kr | 2022.03.11","[[""3.150"", 52, 45, 489], [""치고기"", 66, 41, 602], [""800"", 186, 37, 0], [""국산대파를사용하여동질건조한"", 192, 32, 260], [""리얼슬라이스"", 211, 34, 223], [""생생대파"", 220, 51, 329], [""해표"", 221, 23, 475], [""해표 리얼슬라이스 생생대과 특징"", 270, 39, 143], [""해표리얼슬라어는생생대과사용방법"", 288, 50, 323], [""다시다"", 271, 60, 597], [""국,당,피개,볶음듯슬라이스대파가"", 295, 42, 140], [""필요한 모든 요리에 가능"", 307, 37, 151], [""믿을수있는놀은품질의국산농산물"", 327, 40, 137], [""동결거조공법으로고유의맛과향을유지"", 347, 40, 135], [""한스의을넣대파가"", 338, 27, 334], [""복원되면 요리에어주세요."", 350, 27, 334], [""18:월온보관으로간면"", 365, 34, 135], [""해여형,캠평등·백게구대 가능"", 388, 34, 146], [""균당,지개용"", 376, 26, 323], [""땅개"", 393, 30, 331], [""제품명"", 442, 23, 130], [""해표리얼슬라이스생생대파"", 445, 29, 190], [""내용량"", 459, 23, 129], [""식품유형과·채가공품"", 457, 30, 344], [""포장재질"", 476, 23, 128], [""유통기한후면하단표기일까지"", 475, 31, 342], [""원재료명"", 494, 25, 125], [""吾号堂卫划室 2017052530116"", 491, 32, 331], [""까대파 97%(국산),올리고당"", 499, 27, 188], [""보관방법"", 513, 24, 124], [""제조원"", 531, 22, 121], [""주의하시기 바랍니다.동결건조 제품은 습기에 약하므로 개봉"", 631, 40, 111], [""후에는가급적빨리사용하시고,장기보관시질밀봉하여냉"", 649, 40, 110], [""장·냉동보관하여주십시오.·부정·불량식품 신고는 국번없이"", 668, 45, 109], [""1399：080-900-6133（）"", 685, 41, 109], [""·반품 및 교환장소:구입처 및 고객상담실·drsajo.co.kr"", 704, 47, 108], [""사조매원"", 696, 25, 432], [""2022.03.11"", 757, 28, 256]]"
000920,2022,03,11,2022-03-11,s1,3.150 | 생생대파 | 1수일J온보관으로간면 | 2弄：080-900-6133（个享） | 2022.03.11,"[[""3.150"", 22, 30, 459], [""생생대파"", 134, 39, 307], [""1수일J온보관으로간면"", 228, 28, 125], [""2弄：080-900-6133（个享）"", 442, 32, 90], [""2022.03.11"", 491, 22, 218]]"
000921,2022,02,26,2022-02-26,s1,RICL | PAPER | 쌀가루40% | EXP:2022/02/26AU | 카이스까이지,"[[""RICL"", 107, 216, 47], [""PAPER"", 294, 375, 0], [""쌀가루40%"", 501, 120, 163], [""EXP:2022/02/26AU"", 615, 26, 206], [""카이스까이지"", 717, 196, 30]]"
000922,2022,02,26,2022-02-26,s1,RICC | PAPER | 쌀가루40% | EXP12022/02/26AU | 라이스페이지,"[[""RICC"", 64, 134, 73], [""PAPER"", 208, 198, 0], [""쌀가루40%"", 355, 72, 153], [""라이스페이지"", 514, 181, 10], [""EXP12022/02/26AU"", 438, 36, 181]]"
000923,NONE,02,01,NONE-02-01,s1,02.01.20:49.N0 | 친안신 | 유통기한 까지 | GT | 아인슈타인 | 100%/1A | 두뇌구성성분DHA | 머리가 마시는 우유! | 아인슈타인,"[[""02.01.20:49.N0"", 249, 26, 214], [""친안신"", 268, 25, 297], [""유통기한"", 282, 21, 185], [""까지"", 281, 20, 414], [""GT"", 343, 40, 392], [""아인슈타인"", 382, 50, 180], [""100%/1A"", 418, 25, 177], [""두뇌구성성분DHA"", 497, 110, 158], [""머리가 마시는 우유!"", 556, 27, 230], [""아인슈타인"", 616, 81, 183]]"
000924,NONE,02,02,NONE-02-02,s1,2입 | 02.02.18:17.M0 | 천안신 | 유통기한 까지 | 남 | 맛있는 우유GT 100%1号司！ | 우유 | 맛있는 | 우유 | GT | 대한민국최고등급!,"[[""2입"", 99, 84, 141], [""02.02.18:17.M0"", 307, 26, 204], [""천안신"", 326, 30, 281], [""유통기한"", 340, 20, 170], [""까지"", 342, 20, 404], [""남"", 382, 22, 170], [""맛있는 우유GT"", 419, 32, 163], [""100%1号司！"", 418, 33, 346], [""우유"", 532, 31, 424], [""맛있는"", 748, 68, 207], [""우유"", 812, 71, 241], [""GT"", 866, 55, 259], [""대한민국최고등급!"", 914, 37, 213]]"
000925,NONE,02,02,NONE-02-02,s1,2일 | 02.02.18:17.M0 | 맛있는우유GT 100%1号司！ | 우유 | 맛있는 | 우유 | GT | 대한민국 최고통급!,"[[""2일"", 76, 49, 130], [""02.02.18:17.M0"", 217, 28, 181], [""맛있는우유GT"", 290, 23, 148], [""100%1号司！"", 292, 26, 308], [""우유"", 368, 20, 383], [""맛있는"", 510, 49, 192], [""우유"", 555, 57, 221], [""GT"", 588, 38, 242], [""대한민국 최고통급!"", 622, 26, 201]]"
000926,2021,06,10,2021-06-10,s1,2021.06.10 H | 일 매 연유 71521元500g | 1452克0.01%/） 일까지·보관방법:건에관(실교제 유유함유·유통기한:용기상단기 | 유장탄,"[[""2021.06.10 H"", 496, 24, 249], [""매"", 560, 31, 211], [""연유"", 570, 76, 227], [""일"", 578, 25, 213], [""71521元500g"", 578, 35, 332], [""1452克0.01%/）"", 616, 25, 196], [""일까지·보관방법:건에관(실교제"", 627, 30, 194], [""유유함유·유통기한:용기상단기"", 613, 28, 289], [""유장탄"", 750, 23, 245]]"
000927,2021,08,23,2021-08-23,s1,"허니머스타드 | 닭가슬살색러드,소시지, 김요리에질어울립니다 | 식품유형 소스 | 晋号至卫州堂200104450534 | 원료명정제숙,식성유지외국산(이류 | 센터나미국중국,캘러드머스테드13% | 미국산식초메스터드 소금,터메릭,파프리카,기타과당,설탕 | %5% | 자분기나다센,정제소금,난황액,오련지식이섬유,잔탄검,겨자분 | 한 곳에 보관,개봉후에는 냉장0~0C보관 | 하시고얼지않도록 주의하십시오 | 合营：02-211个早） | 2021.08.23 | OTHER 15:27 까지","[[""허니머스타드"", 258, 38, 259], [""닭가슬살색러드,소시지,"", 290, 25, 202], [""김요리에질어울립니다"", 290, 25, 337], [""식품유형 소스"", 316, 31, 185], [""晋号至卫州堂200104450534"", 336, 26, 179], [""원료명정제숙,식성유지외국산(이류"", 358, 32, 173], [""센터나미국중국,캘러드머스테드13%"", 377, 32, 168], [""미국산식초메스터드 소금,터메릭,파프리카,기타과당,설탕"", 396, 32, 168], [""%5%"", 416, 29, 167], [""자분기나다센,정제소금,난황액,오련지식이섬유,잔탄검,겨자분"", 436, 33, 167], [""한 곳에 보관,개봉후에는 냉장0~0C보관"", 545, 30, 172], [""하시고얼지않도록 주의하십시오"", 563, 30, 167], [""合营：02-211个早）"", 586, 37, 165], [""2021.08.23"", 622, 25, 262], [""OTHER"", 647, 26, 189], [""15:27"", 641, 28, 310], [""까지"", 650, 23, 419]]"
000928,2022,03,13,2022-03-13,s1,DE LELLO tn | 식품위생법에의한한글표시사항 | 1001250220028 500ml | 13/03/22 L19520 | C2211:40,"[[""DE LELLO"", 43, 72, 244], [""tn"", 71, 43, 595], [""식품위생법에의한한글표시사항"", 154, 29, 238], [""500ml"", 671, 33, 386], [""1001250220028"", 674, 24, 205], [""13/03/22 L19520"", 736, 25, 218], [""C2211:40"", 758, 26, 270]]"
000929,2022,03,13,2022-03-13,s1,Otltlll | 는기한조장정관 | 500ml | 13/03/22L19520 | 022,"[[""Otltlll"", 17, 35, 267], [""는기한조장정관"", 306, 25, 327], [""500ml"", 441, 28, 316], [""13/03/22L19520"", 478, 35, 155], [""022"", 493, 20, 202]]"
000930,2021,07,29,2021-07-29,s1,2021.07.2907 | 17198122 | 오행복충만 사랍가득,"[[""2021.07.2907"", 478, 26, 229], [""17198122"", 498, 28, 230], [""오행복충만 사랍가득"", 533, 28, 220]]"
000931,2021,07,29,2021-07-29,s1,2021:07:29까지 | 행복후만 사탕가득,"[[""2021:07:29까지"", 328, 24, 216], [""행복후만 사탕가득"", 364, 25, 208]]"
000932,2021,05,26,2021-05-26,s1,2021.05.26 | 10:38F1,"[[""2021.05.26"", 426, 21, 304], [""10:38F1"", 443, 26, 311]]"
000933,NONE,NONE,NONE,NONE,fail,151385-79 오당:S0로 오당:S0로,"[[""151385-79"", 386, 124, 275], [""오당:S0로"", 341, 44, 319], [""오당:S0로"", 341, 44, 319]]"
000934,2021,02,10,2021-02-10,s1,데크정 | 한가 맛눌있습니다. 뚜장HDPE | 21.01.25座 | 21.02.10 | ANO | 영양정보 190m/10kcal | g0 0mg에까 | OIg5(,"[[""데크정"", 115, 90, 359], [""뚜장HDPE"", 547, 20, 345], [""한가 맛눌있습니다."", 567, 39, 114], [""21.01.25座"", 604, 27, 192], [""21.02.10"", 626, 26, 191], [""ANO"", 650, 31, 110], [""영양정보"", 694, 43, 167], [""190m/10kcal"", 684, 43, 242], [""g0 0mg에까"", 750, 55, 166], [""OIg5("", 779, 59, 166]]"
000935,2021,02,10,2021-02-10,s1,단었습니다. 5 | 21.01.25 | 21.02.10까지 | 영양정보 890m/110kcl | 0 | 5,"[[""5"", 399, 28, 203], [""단었습니다."", 412, 36, 127], [""21.01.25"", 428, 36, 198], [""21.02.10까지"", 442, 33, 199], [""영양정보"", 492, 34, 187], [""890m/110kcl"", 478, 38, 254], [""0"", 526, 51, 194], [""5"", 545, 55, 198]]"
000936,2021,10,19,2021-10-19,s1,다담 청국장 | 2021.01.20 | 2021.10.19 | 530g(4/7） | 8801007097268,"[[""청국장"", 310, 63, 306], [""다담"", 311, 44, 229], [""2021.01.20"", 374, 25, 268], [""2021.10.19"", 394, 26, 268], [""530g(4/7）"", 444, 32, 253], [""8801007097268"", 508, 20, 262]]"
000937,2022,06,11,2022-06-11,s1,"-· | , | 080-99-7 | ·및보지 주:을내보 | 당장보관는 것이·부는 | 일백적 소세지분해결개준 주게 교과등보방을받을수있십 | 2022.06.11.09:49","[[""-·"", 496, 35, 293], ["","", 510, 35, 293], [""080-99-7"", 541, 25, 172], [""·및보지 주:을내보"", 563, 26, 293], [""당장보관는 것이·부는"", 577, 24, 293], [""일백적 소세지분해결개준 주게 교과등보방을받을수있십"", 605, 22, 292], [""2022.06.11.09:49"", 628, 20, 243]]"
000938,2022,06,11,2022-06-11,s2,"재-· , |  Bm전,Btg | , | ·보지주두안되, | 받양 하까 -받 먹 | 당적 소뚜지 분량 기관자 두,과  법품 1함로 수있습다 5% | 2022.06.11.09:49","[["","", 336, 23, 287], [""재-·"", 328, 22, 288], ["" Bm전,Btg"", 346, 18, 288], ["","", 355, 21, 289], [""·보지주두안되,"", 373, 16, 289], [""받양 하까 -받 먹"", 383, 15, 290], [""당적 소뚜지 분량 기관자 두,과  법품 1함로 수있습다"", 402, 14, 291], [""5%"", 400, 6, 460], [""2022.06.11.09:49"", 416, 18, 244]]"
000939,2021,10,28,2021-10-28,s1,2021/10/28 | LR0190 | HS,"[[""2021/10/28"", 490, 25, 282], [""LR0190"", 507, 22, 296], [""HS"", 645, 272, 0]]"
000940,2021,07,03,2021-07-03,erode3,0 | 21 7 3 0 | 0 0 1 | 9 | HSMI,"[[""7"", 312, 9, 351], [""0"", 304, 7, 390], [""0"", 324, 10, 300], [""1"", 324, 11, 354], [""3"", 319, 8, 374], [""0"", 315, 8, 390], [""0"", 328, 10, 335], [""9"", 335, 10, 352], [""21"", 318, 25, 313], [""HSMI"", 480, 184, 11]]"
000941,2021,07,02,2021-07-02,s1,2UNG CRUNCRI CRUL DUNG% | MATES MATES | BEST BY | 20210702 | 1800741 | 17:28 | UNCH | MATES | ch | orna Cha,"[[""DUNG%"", 207, 24, 464], [""2UNG"", 234, 50, 0], [""CRUNCRI"", 229, 44, 129], [""CRUL"", 217, 36, 288], [""MATES"", 250, 27, 160], [""MATES"", 256, 33, 7], [""BEST BY"", 336, 28, 367], [""20210702"", 360, 28, 369], [""1800741"", 387, 29, 367], [""17:28"", 412, 23, 384], [""UNCH"", 574, 107, 2], [""MATES"", 646, 62, 9], [""ch"", 791, 182, 3], [""orna"", 887, 38, 5], [""Cha"", 875, 57, 192]]"
000942,2021,05,29,2021-05-29,s1,"PROD29082020 | EXP29052021 | MLYYAY | YTTOY | B 03 | 18:30 | Cheese Snack Biscuits. Ingred | Wheat Flour,Vegetable Os | Sunflower,Dried Cheese (12%) | Pow.ersd Cheese, Natural Fo | (Chuese), Yeast Extracl | Siucose Syrup, Salt, Drs | Earley Malt Extract, Rais | (mmunium Bicarbonat | Bicarbonate), Acid (Lactic | Flevcanings (Pepper Cay | Milk, Gluten. May also cont | ) | al","[[""PROD29082020"", 300, 29, 221], [""EXP29052021"", 321, 26, 241], [""MLYYAY"", 356, 29, 253], [""YTTOY"", 398, 27, 313], [""B 03"", 432, 27, 228], [""18:30"", 436, 24, 334], [""Cheese Snack Biscuits. Ingred"", 489, 41, 265], [""Wheat Flour,Vegetable Os"", 514, 49, 264], [""Sunflower,Dried Cheese (12%)"", 540, 50, 266], [""Pow.ersd Cheese, Natural Fo"", 566, 53, 265], [""(Chuese), Yeast Extracl"", 592, 54, 269], [""Siucose Syrup, Salt, Drs"", 618, 58, 269], [""Earley Malt Extract, Rais"", 644, 60, 269], [""(mmunium Bicarbonat"", 670, 58, 271], [""Bicarbonate), Acid (Lactic"", 696, 60, 269], [""Flevcanings (Pepper Cay"", 722, 67, 269], [""Milk, Gluten. May also cont"", 747, 65, 270], ["")"", 820, 71, 270], [""al"", 894, 43, 274]]"
000943,2021,05,29,2021-05-29,s1,"PROD2908 2020 | 29052021 | Cheese Snack Biscuits. | Wheat Flour, Vegetable | Sunfiower), Dred Cheese (12 | Powcerrsd Cheese, Natural F | (Chuese), Yeast Exracl | Siujose Syrup, Salt, Dr | Eartey Malt Extract, Rais | (vmronium Bicarbona | Bicarbonate), Acid (Ladk | Flevc iings (Pepper, | Mik, Gluton. May alsc | Jt,J3","[[""PROD2908 2020"", 202, 23, 202], [""29052021"", 219, 20, 260], [""Cheese Snack Biscuits."", 330, 32, 245], [""Wheat Flour, Vegetable"", 347, 34, 247], [""Sunfiower), Dred Cheese (12"", 363, 41, 248], [""Powcerrsd Cheese, Natural F"", 380, 42, 251], [""(Chuese), Yeast Exracl"", 398, 44, 255], [""Siujose Syrup, Salt, Dr"", 414, 46, 256], [""Eartey Malt Extract, Rais"", 433, 46, 257], [""(vmronium Bicarbona"", 450, 47, 260], [""Bicarbonate), Acid (Ladk"", 467, 48, 259], [""Flevc iings (Pepper,"", 486, 43, 262], [""Mik, Gluton. May alsc"", 503, 44, 263], [""Jt,J3"", 618, 27, 275]]"
000944,2021,07,03,2021-07-03,s1,gullón | (ega | PROD:03/04/2020 | EXP:03/07/2021 | L3080942022:13,"[[""gullón"", 394, 70, 244], [""(ega"", 575, 30, 259], [""PROD:03/04/2020"", 648, 24, 147], [""EXP:03/07/2021"", 666, 25, 148], [""L3080942022:13"", 684, 22, 150]]"
000945,2020,04,03,2020-04-03,s1,gullon | PROD:03/04/2020,"[[""gullon"", 250, 57, 226], [""PROD:03/04/2020"", 416, 30, 128]]"
000946,2021,09,30,2021-09-30,s1,2021.09.30 | AVE11E 12:16 | 2WTlTH | 8,"[[""2021.09.30"", 313, 28, 385], [""AVE11E 12:16"", 335, 26, 390], [""2WTlTH"", 396, 43, 220], [""8"", 436, 25, 296]]"
000947,2021,09,30,2021-09-30,s1,2021.09.30 | AVE11E12:16 | 2wJlH,"[[""2021.09.30"", 210, 23, 353], [""AVE11E12:16"", 226, 23, 356], [""2wJlH"", 264, 34, 207]]"
000948,2021,10,24,2021-10-24,s1,80 53501GrascmtGermany. | 22 | Caibohydrates | L4924000499134 0019 | Production Date:24/07/2020 | Best Before Date:24/10/2021,"[[""80"", 243, 46, 3], [""53501GrascmtGermany."", 237, 32, 198], [""22"", 296, 31, 2], [""Caibohydrates"", 501, 24, 200], [""L4924000499134 0019"", 620, 25, 258], [""Production Date:24/07/2020"", 640, 27, 254], [""Best Before Date:24/10/2021"", 660, 27, 255]]"
000949,2021,10,24,2021-10-24,s1,Praductlon Date:24/o7/2020 | BestBeforeDato:24/10/2021,"[[""Praductlon Date:24/o7/2020"", 428, 52, 186], [""BestBeforeDato:24/10/2021"", 441, 50, 183]]"
000950,2022,09,16,2022-09-16,s2,Swisom | 2 리 | 쿠키앤초코 | 2022.09.16.14:274F | (장우콩위치키러러) | 장Y를매공후명위워위 | Fyl아럽수륨o 이름르 | l2 | rgs m c aatalo (iolo | AmloRlcR | fa wa,"[[""Swisom"", 20, 33, 600], [""2"", 276, 27, 253], [""리"", 276, 33, 331], [""쿠키앤초코"", 322, 33, 281], [""Fyl아럽수륨o 이름르"", 474, 26, 242], [""l2"", 698, 20, 298], [""rgs m c aatalo (iolo"", 791, 32, 199], [""AmloRlcR"", 813, 48, 189], [""fa wa"", 837, 28, 284], [""2022.09.16.14:274F"", 357, 26, 144], [""(장우콩위치키러러)"", 443, 26, 241], [""장Y를매공후명위워위"", 458, 26, 242]]"
000951,2021,04,05,2021-04-05,s1,"02:14 | 2021.04,05 | 까지 | HERSHEYS ORIGINAL 허쉬초콜릿드링크 | 오리지널 | 235×4 | *동일날짜로 포장된 상품입니다.","[[""02:14"", 434, 27, 406], [""2021.04,05"", 458, 29, 355], [""까지"", 484, 26, 456], [""HERSHEYS"", 624, 108, 51], [""허쉬초콜릿드링크"", 586, 43, 444], [""ORIGINAL"", 622, 30, 443], [""오리지널"", 650, 27, 443], [""235×4"", 761, 32, 61], [""*동일날짜로 포장된 상품입니다."", 783, 32, 61]]"
000952,2021,04,05,2021-04-05,s1,02:14 | 2021.04.05 | HERSHEYS ORIGINAL 허쉬초콜릿드링크 | 오리지널 | 号235L×4 | ·동일날짜로 포장된 상품입니다.,"[[""02:14"", 268, 27, 340], [""2021.04.05"", 287, 28, 292], [""허쉬초콜릿드링크"", 365, 38, 366], [""HERSHEYS"", 406, 95, 15], [""ORIGINAL"", 390, 31, 365], [""오리지널"", 409, 26, 363], [""号235L×4"", 504, 35, 19], [""·동일날짜로 포장된 상품입니다."", 517, 40, 18]]"
000953,2021,02,05,2021-02-05,s1,연출이미지 | 90.33% | 는햄등심 OD 촉촉하고 담백한 100% | BEER&PLTTER | 21.02.05 21.01.07 B 껑 융YY | 8801057869629 DA1,"[[""연출이미지"", 22, 28, 440], [""90.33%"", 254, 32, 1], [""는햄등심"", 335, 111, 0], [""100%"", 321, 36, 229], [""OD"", 356, 33, 108], [""촉촉하고 담백한"", 352, 33, 230], [""BEER&PLTTER"", 406, 29, 243], [""껑"", 689, 60, 346], [""융YY"", 693, 52, 378], [""21.01.07"", 694, 29, 214], [""21.02.05"", 716, 30, 213], [""B"", 706, 20, 330], [""8801057869629"", 728, 25, 28], [""DA1"", 719, 20, 349]]"
000954,NONE,NONE,NONE,NONE,fail,（）90.33% 7（）9033% 7（）9033% NN 햄등심 08 | 햄등심 햄등심 햄등심 햄등심 햄등심 햄등심 21:82:838 촉촉하고 담백한 촉촉하고 담백한 촉촉하고 담백한 촉촉하고 담백한 최촉하고 담백단 00리방 100% 100% 100% 100% 100% 13: 1c3r LYO Pbrk Pbrk BEERKP 촉촉하고 담백한 8동양로양1질 100% | BEER BEER BEERAP BEEROPL UEN2L BEFRNPXOEER PR OR | 생식용 | ）9033% %00L aaa Dtdpdaa8 Pl | 부터 부터 부터 의 의 을 논%00 유 을 | 21:82:83 21:81:83 21:81:83 21:82:83 21:82:83 7월8 0 0 B B DA1 DA1 DA1 DA1 까지 까지 까지 품 5이 5이 100% | 8 1801037 햄등심 음 촉촉하고 담백한 %EE06 (음종)l | BEERSPT ER | R 관품의유성 | 돼지2기무유심고기 | 9 부터 | 21:82:83 B DAT 까지 | 8801057869629,"[[""100%"", 214, 39, 175], [""햄등심"", 251, 95, 0], [""촉촉하고 담백한"", 236, 38, 178], [""BEEROPL"", 268, 41, 190], [""21:82:83"", 469, 64, 173], [""까지"", 450, 28, 301], [""PR"", 248, 16, 346], [""부터"", 436, 17, 303], [""B"", 460, 17, 286], [""DA1"", 465, 20, 301], [""1801037"", 515, 22, 32], [""（）90.33%"", 200, 45, 0], [""100%"", 214, 45, 174], [""햄등심"", 250, 107, 0], [""촉촉하고 담백한"", 235, 40, 178], [""OR"", 248, 18, 348], [""BEERAP"", 269, 42, 188], [""21:82:83"", 468, 69, 170], [""B"", 460, 19, 284], [""DA1"", 464, 23, 299], [""8"", 522, 11, 23], [""햄등심"", 99, 156, 354], [""NN"", 195, 24, 148], [""촉촉하고 담백한"", 227, 100, 384], [""100%"", 233, 118, 403], [""21:82:838"", 262, 156, 140], [""BEERKP"", 242, 103, 351], [""Pl"", 340, 83, 409], [""생식용"", 338, 27, 180], [""%00L"", 406, 118, 192], [""aaa"", 406, 89, 254], [""음"", 552, 177, 206], [""08"", 124, 9, 582], [""LYO"", 178, 20, 311], [""8동양로양1질"", 172, 57, 330], [""1c3r"", 191, 18, 313], [""13:"", 206, 18, 314], [""Dtdpdaa8"", 374, 47, 308], [""을"", 392, 92, 459], [""유"", 404, 40, 366], [""을 논%00"", 426, 41, 350], [""%EE06 (음종)l"", 439, 46, 531], [""7（）9033%"", 202, 46, 0], [""100%"", 214, 40, 173], [""Pbrk"", 203, 28, 313], [""햄등심"", 251, 96, 0], [""촉촉하고 담백한"", 237, 39, 179], [""BEER"", 273, 26, 194], [""부터"", 436, 16, 304], [""까지"", 450, 17, 305], [""의"", 439, 26, 325], [""21:81:83"", 469, 60, 174], [""5이"", 452, 13, 331], [""0"", 460, 22, 282], [""DA1"", 465, 18, 301], [""7（）9033%"", 202, 46, 0], [""100%"", 214, 40, 173], [""Pbrk"", 203, 28, 313], [""햄등심"", 251, 96, 0], [""촉촉하고 담백한"", 237, 39, 179], [""BEER"", 273, 26, 194], [""부터"", 436, 16, 304], [""까지"", 450, 17, 305], [""의"", 439, 26, 325], [""21:81:83"", 469, 60, 174], [""5이"", 452, 13, 331], [""0"", 460, 22, 282], [""DA1"", 465, 18, 301], [""）9033%"", 404, 87, 0], [""100%"", 428, 75, 354], [""햄등심"", 502, 191, 0], [""촉촉하고 담백한"", 472, 72, 361], [""ER"", 498, 41, 684], [""BEERSPT"", 532, 87, 385], [""R"", 687, 21, 121], [""관품의유성"", 678, 35, 153], [""돼지2기무유심고기"", 768, 40, 313], [""부터"", 871, 35, 605], [""까지"", 900, 39, 606], [""21:82:83"", 939, 126, 347], [""B"", 919, 30, 572], [""DAT"", 929, 34, 605], [""9"", 965, 17, 2], [""8801057869629"", 1024, 63, 44], [""00리방"", 216, 31, 188], [""UEN2L"", 265, 46, 193], [""7월8"", 468, 59, 178], [""햄등심"", 251, 94, 0], [""100%"", 214, 41, 174], [""최촉하고 담백단"", 237, 37, 179], [""BEFRNPXOEER"", 262, 55, 189], [""품"", 450, 57, 298], [""21:82:83"", 470, 56, 177], [""햄등심"", 252, 94, 0]]"
000955,2022,01,25,2022-01-25,s1,비스트 | 하비스 | 달콤한 선울이 가득! | 롯데제과 | facebook | 22.01.25 22:51 까지 | 지로울레,"[[""비스트"", 72, 139, 409], [""하비스"", 150, 139, 384], [""달콤한 선울이 가득!"", 371, 22, 292], [""롯데제과"", 387, 20, 314], [""facebook"", 406, 23, 293], [""22.01.25 22:51"", 466, 28, 232], [""까지"", 474, 27, 427], [""지로울레"", 639, 26, 233]]"
000956,2022,01,25,2022-01-25,s1,하비스트 | 하비스 | facebook | 22.01.25 22151 까지,"[[""하비스트"", 96, 132, 392], [""하비스"", 142, 110, 375], [""facebook"", 294, 39, 262], [""22.01.25 22151"", 324, 44, 198], [""까지"", 352, 25, 369]]"
000957,2021,02,22,2021-02-22,s1,"에(주판식땅(주/ 영양정보 秀270m|15kcal | / 号暑10mg1%量299%2 |  농과증 0%0% | 皖A·PEA435 量0mg0%0% | MSANIC~/0C) EIComg0%7g2%0mgo3 | 로푸명-폴리에 1일영양성분기준치에대한비(은2kc | 불주오·상온 기준이므로 개인의 필요 열량에 따라다를 수있습니. | 운은과육 | 분든보관하시고 | 토 목통아,우유를 21.01.29附 | 품불교환:본사 21.02.22办A | 결기준에 | 페트 | E | MORAA-IO 8801114139844","[[""에(주판식땅(주/"", 426, 34, 139], [""영양정보"", 426, 35, 205], [""秀270m|15kcal"", 429, 32, 293], [""/"", 448, 33, 139], [""号暑10mg1%量299%2"", 454, 39, 201], ["" 농과증"", 472, 33, 137], [""0%0%"", 478, 35, 202], [""皖A·PEA435"", 497, 34, 136], [""量0mg0%0%"", 503, 30, 202], [""MSANIC~/0C)"", 522, 28, 137], [""EIComg0%7g2%0mgo3"", 528, 29, 199], [""로푸명-폴리에"", 546, 28, 134], [""1일영양성분기준치에대한비(은2kc"", 558, 33, 201], [""불주오·상온"", 570, 31, 133], [""기준이므로 개인의 필요 열량에 따라다를 수있습니."", 578, 32, 199], [""운은과육"", 592, 32, 131], [""분든보관하시고"", 615, 34, 127], [""토 목통아,우유를"", 638, 35, 126], [""21.01.29附"", 632, 31, 218], [""품불교환:본사"", 662, 37, 126], [""21.02.22办A"", 652, 30, 217], [""결기준에"", 687, 38, 124], [""페트"", 715, 22, 366], [""E"", 752, 36, 360], [""MORAA-IO"", 780, 39, 119], [""8801114139844"", 786, 29, 190]]"
000958,2031,01,29,2031-01-29,up2x,3P조 공통 영양정보 专68820折/115k | 36 Cmg0%g0%Em | 02 车9c0mg0%给7mg2863 | 물리에 | 오성은 기준이므로 개인의 필요 열량에 따라 다를 수 있습니서 | 분든 없는 과육 | 든 성보관하습고 | 토함아유유형 31.01.29m | 품고한:본사 21.02.22办内I | 본관껑기준에 | 8-02 | 간E가 | NA- 8801114139844,"[[""3P조"", 530, 37, 244], [""영양정보"", 542, 53, 352], [""공통"", 578, 101, 227], [""专68820折/115k"", 570, 63, 504], [""36"", 622, 43, 263], [""Cmg0%g0%Em"", 657, 86, 322], [""02"", 656, 32, 264], [""车9c0mg0%给7mg2863"", 692, 77, 316], [""물리에"", 688, 31, 255], [""오성은"", 717, 56, 187], [""분든 없는 과육"", 746, 53, 182], [""기준이므로 개인의 필요 열량에 따라 다를 수 있습니서"", 758, 69, 314], [""든 성보관하습고"", 776, 44, 172], [""토함아유유형"", 806, 53, 163], [""31.01.29m"", 828, 61, 322], [""품고한:본사"", 840, 52, 172], [""21.02.22办内I"", 854, 65, 316], [""본관껑기준에"", 870, 59, 151], [""8-02"", 901, 66, 142], [""NA-"", 992, 64, 122], [""8801114139844"", 1026, 65, 238], [""간E가"", 996, 27, 550]]"
000959,2022,07,19,2022-07-19,s1,"초고추장 | 새콤달콤 초고추장 이야기! | 상품한라입/건강한올리고당/건강에좋은매실/향곳한마늘 | 104901206 | 소명원대상주)수성공장전환북도순성군순성읍순장로30 | 소지본서울특별시동대문구천호대로26 | 원제료명 고추장하 %고추양념(중국산),물엿,소백분밀미국,주 | 센,밀,정제소금,설탕,정제수,기타과당,구연산,마(중국산) | 과임농축액(미국산),발효식초0.5%,올리고당,매실농축먹,효모분말 | 볶음장개 대두,밀함유 | 내포장재질용기리드자-폴리에틸렌,뚜껑-폴리프로필렌 | ·사늘하고 건조한 곳에 보관,개봉 후에는 냉장보관 | ·본제품은 소비자 기본법에의거 교환 또는 보상. | 반품 및 교환장소:본사 및 구입처 | 080-019-919（ | DAsANG hs/ws.desong.com | 영양정보 100g8220kc | 10mg868157 | 200 | *비용기는개이분리수거하여지활용합시다.소한자원곳한함경 | 땅 2022.07.19","[[""초고추장"", 120, 62, 263], [""새콤달콤 초고추장 이야기!"", 162, 43, 226], [""상품한라입/건강한올리고당/건강에좋은매실/향곳한마늘"", 234, 37, 210], [""104901206"", 254, 36, 198], [""소명원대상주)수성공장전환북도순성군순성읍순장로30"", 272, 35, 199], [""소지본서울특별시동대문구천호대로26"", 289, 28, 200], [""원제료명 고추장하 %고추양념(중국산),물엿,소백분밀미국,주"", 308, 31, 201], [""센,밀,정제소금,설탕,정제수,기타과당,구연산,마(중국산)"", 327, 32, 201], [""과임농축액(미국산),발효식초0.5%,올리고당,매실농축먹,효모분말"", 344, 31, 201], [""볶음장개"", 362, 25, 202], [""대두,밀함유"", 364, 23, 377], [""내포장재질용기리드자-폴리에틸렌,뚜껑-폴리프로필렌"", 382, 28, 201], [""·사늘하고 건조한 곳에 보관,개봉 후에는 냉장보관"", 401, 24, 204], [""·본제품은 소비자 기본법에의거 교환 또는 보상."", 419, 26, 202], [""반품 및 교환장소:본사 및 구입처"", 438, 22, 206], [""080-019-919（"", 478, 25, 207], [""DAsANG hs/ws.desong.com"", 564, 25, 202], [""영양정보"", 602, 35, 203], [""100g8220kc"", 608, 26, 358], [""10mg868157"", 627, 29, 203], [""200"", 665, 20, 203], [""*비용기는개이분리수거하여지활용합시다.소한자원곳한함경"", 682, 25, 200], [""땅"", 719, 48, 204], [""2022.07.19"", 713, 26, 253]]"
000960,2022,07,19,2022-07-19,s1,"초고추장 | 새콤달홈초고추장 이야기! | 제지본사서울품되법시 통대품구 전한내로강8 | 고추정 %고#품국센),소방(,3주 구(국 | 내포장까질|용기인드지-드데드렌두-폴리프토받륨 | 품및교환장소:본사및구입처 | 영양정보 | 2022.07.19","[[""초고추장"", 102, 66, 278], [""새콤달홈초고추장 이야기!"", 128, 73, 239], [""제지본사서울품되법시 통대품구 전한내로강8"", 204, 57, 206], [""고추정 %고#품국센),소방(,3주"", 222, 75, 205], [""구(국"", 234, 76, 202], [""내포장까질|용기인드지-드데드렌두-폴리프토받륨"", 266, 65, 196], [""품및교환장소:본사및구입처"", 294, 45, 193], [""영양정보"", 395, 38, 176], [""2022.07.19"", 484, 48, 208]]"
000961,2023,10,21,2023-10-21,s1,2023/10/21 | L02956.001A | 갈어울립니다 2일파스타소스와 더욱 | 폰타나 | 의 시작 | 파니아 파스타면의 비밀 | 스타면의선택이 파스 100% | 옥한 감마니아는 럼 의 맛을 좌우합니다.토 럼믿의 배유를같아 | 용한 탄력있는 식감의 | 으로 유명합니다.듀럼,"[[""2023/10/21"", 276, 26, 276], [""L02956.001A"", 304, 30, 276], [""2일파스타소스와 더욱"", 692, 38, 232], [""갈어울립니다"", 707, 34, 233], [""폰타나"", 788, 33, 255], [""의 시작"", 806, 33, 149], [""파니아"", 828, 29, 134], [""파스타면의 비밀"", 831, 41, 254], [""스타면의선택이 파스"", 872, 29, 98], [""100%"", 872, 33, 258], [""의 맛을 좌우합니다.토"", 889, 32, 79], [""럼믿의 배유를같아"", 900, 30, 258], [""옥한 감마니아는 럼"", 906, 31, 76], [""용한 탄력있는 식감의"", 922, 32, 77], [""으로 유명합니다.듀럼"", 939, 28, 76]]"
000962,2023,10,21,2023-10-21,s1,2023/10/21 | L02956.001A | 量2+100%,"[[""2023/10/21"", 203, 38, 246], [""L02956.001A"", 222, 39, 243], [""量2+100%"", 593, 40, 164]]"
000963,2023,11,14,2023-11-14,s1,2023/11/14 | L20640 | 코스파게티면 맛있게 설 | Fresco 틱스피까제터네 | 피스파게티는 | 이탈리아 정릉기술로 | 홈을만들어하르게 | 좋은 파스타는좋은 조리가가능한 | 듀럼밀 세올리나(밀)에서 스파제티 입니다. | 시작됩니다.스파게티를 STEP 1 | 질 아는 특별한 당신을 | 위해프리미엄 맛을가정에서 | 간편하게 즐기실 수 있도록 | 준비하였습니다 | STEP | 지 이탈리아 量2100%,"[[""2023/11/14"", 314, 23, 189], [""L20640"", 350, 29, 188], [""코스파게티면 맛있게 설"", 365, 42, 369], [""틱스피까제터네"", 416, 52, 371], [""Fresco"", 446, 55, 175], [""피스파게티는"", 455, 32, 369], [""이탈리아 정릉기술로"", 472, 38, 367], [""홈을만들어하르게"", 488, 40, 369], [""좋은 파스타는좋은"", 519, 36, 188], [""조리가가능한"", 506, 38, 368], [""스파제티 입니다."", 520, 37, 370], [""듀럼밀 세올리나(밀)에서"", 542, 38, 180], [""시작됩니다.스파게티를"", 565, 38, 182], [""STEP 1"", 554, 48, 381], [""질 아는 특별한 당신을"", 588, 39, 185], [""위해프리미엄 맛을가정에서"", 610, 43, 177], [""간편하게 즐기실 수 있도록"", 632, 46, 181], [""준비하였습니다"", 677, 36, 209], [""STEP"", 704, 53, 380], [""지 이탈리아"", 746, 33, 193], [""量2100%"", 754, 52, 210]]"
000964,2023,11,14,2023-11-14,s1,"2023/11/14 | L20640 | Fresco | 좋은 파스타는좋은 | 듀림밀세울리나(밀)에서 | 시작됩니다. 스파게티를 STEP1, | 질 아는특별한 당신을 | STEP","[[""2023/11/14"", 232, 30, 142], [""L20640"", 257, 28, 145], [""Fresco"", 320, 45, 137], [""좋은 파스타는좋은"", 368, 36, 153], [""듀림밀세울리나(밀)에서"", 384, 40, 147], [""STEP1,"", 379, 42, 329], [""시작됩니다. 스파게티를"", 400, 35, 151], [""질 아는특별한 당신을"", 415, 38, 153], [""STEP"", 481, 36, 335]]"
000965,2023,07,20,2023-07-20,s1,"UT&SPRUNGL1 GMBH·수입판매업소(주)농심 서울 | 방동)·유통기한제품 뒷면의 표시일까지(일월년순,천번째 L | 영양정보 | 100g530kcal | 12mg4%6.2g11% | (E701.13)J25 Dods s.A | Mah. Baglard. No:14 | DE-52072AACHEN | 23.07.202 | L5700 17 | Prod. date / Fecha de producción / Data de | fabricaco/ 3""046920""029674 | (//) | STORE INA COOLAND DRY LACE 상 100g NET | Consenvar en lugar fescoy seco-Consenarem koc | serin ve kuyerdes","[[""UT&SPRUNGL1 GMBH·수입판매업소(주)농심 서울"", 90, 49, 344], [""방동)·유통기한제품 뒷면의 표시일까지(일월년순,천번째 L"", 111, 52, 322], [""영양정보"", 231, 36, 144], [""100g530kcal"", 253, 36, 447], [""12mg4%6.2g11%"", 314, 37, 148], [""(E701.13)J25"", 418, 36, 232], [""Dods s.A"", 428, 24, 530], [""Mah. Baglard. No:14"", 476, 24, 420], [""DE-52072AACHEN"", 514, 23, 149], [""23.07.202"", 634, 26, 153], [""L5700 17"", 666, 22, 153], [""Prod. date / Fecha de producción / Data de"", 739, 28, 82], [""fabricaco/"", 760, 34, 80], [""3\""046920\""029674"", 765, 34, 393], [""(//)"", 780, 25, 82], [""100g NET"", 813, 69, 400], [""STORE INA COOLAND DRY LACE"", 812, 40, 82], [""상"", 817, 32, 382], [""Consenvar en lugar fescoy seco-Consenarem koc"", 835, 31, 80], [""serin ve kuyerdes"", 849, 36, 78]]"
000966,2021,08,10,2021-08-10,s1,"1Le | 10/08/2021 ZUM0 DE UVA MOSCATEL. | L-H100121622 MUSCAT GRAPE JUICE. |  MUSCAT GRAPE JUICE. Simon 1L Pressitud Muskaatvinamarjamahl | rsvhapped 8 sosivesikud kcal, rasvad Og sh ktlastunud | 16.3gshsuhkrud16.3g | kuin2 | 시몬 습모스카켈주스 8L(650kcal | 식품유형과체주스 | AUORI","[[""1Le"", 296, 49, 354], [""10/08/2021"", 333, 24, 186], [""ZUM0 DE UVA MOSCATEL."", 334, 30, 356], [""L-H100121622"", 355, 26, 190], [""MUSCAT GRAPE JUICE."", 355, 28, 356], ["" MUSCAT GRAPE JUICE."", 410, 29, 122], [""Muskaatvinamarjamahl"", 400, 24, 394], [""Simon 1L Pressitud"", 412, 25, 391], [""kcal, rasvad Og sh ktlastunud"", 476, 26, 352], [""rsvhapped 8 sosivesikud"", 488, 27, 350], [""16.3gshsuhkrud16.3g"", 500, 26, 350], [""kuin2"", 511, 27, 350], [""시몬 습모스카켈주스"", 586, 51, 187], [""8L(650kcal"", 593, 30, 307], [""식품유형과체주스"", 605, 40, 192], [""AUORI"", 652, 25, 159]]"
000967,2022,10,17,2022-10-17,s1,"제품명 녹차원녹차라떼 | 식품유형 고형차 | 내용량 130g（13g×10） | 내포장재질 폴리에틸렌 | (야자경화유(외국산:인도네시아 | 말레이시아산 필리핀산 등)38. | (유크림(호추산 | 19.2%，是50 | 유지(외국산:말레이시아산 | 원재료명 | 네시아산,말레이시아산,필리핀산 | ）77%51% | 녹차기루국산%,이산화구소,글리신 | 구연산나트륨,요구르트향코톤(덱스트린, | 합성향료(요구르트향),합성향료(사이다향) | HERY 오렌지오일 ,아라비아검)정제영(국산) 합성향료(레몬향),레몬오일 라임오일 | 우유,대두함유 | 문의 및 교환처본사및 구입처 | CHOCOU 품목보고번호 | 업소명및 | 소재지 | 공장소재지: | 433 | ：021597-3949 | 제조하고 있습니다.·직사광선 및 고온다습한 곳을 피해 조설 | 분쟁 해결기준에 의거 교환 또는 보상을 받으실 수 있습니다. 공정위원회고시소비자 | 유통기한 2022.10.17","[[""제품명"", 12, 21, 195], [""녹차원녹차라떼"", 11, 22, 259], [""식품유형"", 32, 27, 185], [""고형차"", 32, 22, 260], [""내용량"", 53, 24, 192], [""130g（13g×10）"", 52, 25, 257], [""내포장재질"", 72, 23, 180], [""폴리에틸렌"", 71, 20, 256], [""(야자경화유(외국산:인도네시아"", 111, 28, 260], [""말레이시아산"", 134, 23, 260], [""필리핀산 등)38."", 132, 30, 329], [""(유크림(호추산"", 152, 26, 315], [""19.2%，是50"", 174, 23, 296], [""유지(외국산:말레이시아산"", 194, 28, 257], [""원재료명"", 247, 20, 189], [""네시아산,말레이시아산,필리핀산"", 272, 25, 259], [""）77%51%"", 315, 34, 259], [""녹차기루국산%,이산화구소,글리신"", 334, 32, 259], [""구연산나트륨,요구르트향코톤(덱스트린,"", 352, 25, 259], [""합성향료(요구르트향),합성향료(사이다향)"", 370, 28, 259], [""합성향료(레몬향),레몬오일 라임오일"", 388, 26, 261], [""오렌지오일 ,아라비아검)정제영(국산)"", 407, 32, 258], [""HERY"", 401, 184, 14], [""우유,대두함유"", 428, 23, 297], [""문의 및 교환처본사및 구입처"", 448, 26, 179], [""품목보고번호"", 468, 23, 180], [""CHOCOU"", 463, 58, 95], [""업소명및"", 488, 23, 187], [""소재지"", 505, 23, 194], [""공장소재지:"", 518, 23, 266], [""433"", 536, 22, 268], [""：021597-3949"", 553, 26, 263], [""조설"", 589, 32, 180], [""제조하고 있습니다.·직사광선 및 고온다습한 곳을 피해"", 603, 29, 182], [""공정위원회고시소비자"", 620, 29, 314], [""분쟁 해결기준에 의거 교환 또는 보상을 받으실 수 있습니다."", 635, 22, 185], [""유통기한"", 684, 27, 188], [""2022.10.17"", 681, 22, 277]]"
000968,2022,10,17,2022-10-17,s2,"제품명 | 식품유형 고형차 | 내용량 | 내포장재질 폴리에틸렌 | 믹스식 | (양자경 | OF: | 19.2 유미 | 외 | 19.2 % | 원재료명 (이자 | 말레이시아산 | 당, | 네틸 란드산,77 51% | 글리신 | 오렌지오일 아라비아길)정제염(국센 | 우유,대두 함유 | 문의 및 교환처 본사 및 구입처 | 목보고번호 2011036047233 | 업소명 소재지 본사:서울 찬원주 서초구서초대로4길 | 공장소재지 | 433 | 소비자상담실 | 시오 | 유통기한 2022.10. 17 | 까지 | WWW.NOKCHAWON.CO.KR","[[""식품유형"", 33, 32, 123], [""내포장재질"", 60, 35, 119], [""란드산,77"", 199, 32, 235], [""오렌지오일 아라비아길)정제염(국센"", 255, 48, 228], [""본사 및 구입처"", 290, 38, 232], [""업소명"", 330, 33, 172], [""433"", 339, 50, 249], [""2022.10."", 438, 37, 272], [""유통기한"", 458, 32, 195], [""제품명"", 20, 28, 128], [""고형차"", 21, 24, 188], [""내용량"", 46, 27, 129], [""폴리에틸렌"", 44, 33, 193], [""믹스식"", 61, 22, 195], [""(양자경"", 75, 24, 198], [""OF:"", 94, 16, 257], [""19.2"", 104, 19, 257], [""유미"", 97, 12, 294], [""외"", 124, 14, 236], [""19.2"", 142, 15, 212], [""%"", 134, 6, 284], [""(이자"", 160, 19, 246], [""원재료명"", 174, 29, 148], [""말레이시아산"", 167, 32, 259], [""당,"", 195, 16, 220], [""51%"", 188, 23, 307], [""글리신"", 195, 20, 351], [""네틸"", 210, 13, 223], [""우유,대두 함유"", 269, 35, 265], [""문의 및 교환처"", 304, 31, 163], [""2011036047233"", 301, 38, 235], [""목보고번호"", 318, 32, 166], [""찬원주"", 316, 24, 248], [""서초구서초대로4길"", 313, 36, 299], [""본사:서울"", 326, 17, 249], [""소재지"", 342, 24, 183], [""공장소재지"", 336, 25, 250], [""소비자상담실"", 360, 22, 253], [""시오"", 411, 10, 237], [""17"", 426, 17, 375], [""까지"", 436, 21, 390], [""WWW.NOKCHAWON.CO.KR"", 478, 49, 232]]"
000969,2022,06,30,2022-06-30,s1,"tate wtr fondente facao mi 45%Ingredieti ecitina di soia, aroma naturale divaniglia), | conratilme%miriss5% | mandort nocckot, tt e cerealicontenent | 영양정보 ,6g | 100g458 45%]. | 0mg0%3g5% | 25g@e-4410 | 70 |       |  e | 468 1962100 | ing hor esciuto | Pride | Dastbilmsnte entro fine: 2022/06/30 | L157828 | 13:05 | MA IMBONATI 59, MILANO (UITALY]. | RALE EUROPA 14, SENAGO (MI).","[[""tate wtr fondente facao mi 45%Ingredieti"", 81, 41, 301], [""ecitina di soia, aroma naturale divaniglia),"", 91, 31, 318], [""conratilme%miriss5%"", 105, 36, 281], [""mandort nocckot, tt e cerealicontenent"", 127, 26, 283], [""영양정보"", 304, 29, 247], ["",6g"", 297, 20, 484], [""100g458"", 312, 23, 335], [""45%]."", 322, 20, 474], [""0mg0%3g5%"", 363, 26, 241], [""25g@e-4410"", 438, 53, 55], [""70"", 459, 26, 276], [""     "", 503, 24, 248], ["" e"", 532, 25, 250], [""468"", 545, 22, 164], [""1962100"", 545, 25, 252], [""ing hor esciuto"", 558, 31, 41], [""Pride"", 590, 63, 575], [""Dastbilmsnte entro fine:"", 628, 24, 39], [""2022/06/30"", 632, 29, 304], [""L157828"", 663, 24, 302], [""13:05"", 688, 21, 302], [""MA IMBONATI 59, MILANO (UITALY]."", 706, 34, 47], [""RALE EUROPA 14, SENAGO (MI)."", 722, 37, 46]]"
000970,2022,06,30,2022-06-30,s2,"bdo crtri | ngi, frun | c trus | rich | olat: | 미번료 jus | irus | % es, | hert. | 5g | 영양정보 100g8458 Kcal 45 | B0 59-8000 romal. | utkrr. | 소비자기관법에의한 档0时量0m90%／2号32.5% ihur! ratter. | OOR 61.63 | 4 Pruo! | saalt l uga :gn | -U  | sne-2410z (Luavde anr3es) | 57 | JEretur Cu | -0 | 1381 Pride | rtof.frais et sec: | hor. 2022/06/30 | Im.nte entro fine: | hen:e avant fin: L157828 | 13:05 | MA :MBOMATI 59, MILANO UITALY). | ALEEUKOPA14,SENAGOIMI.","[[""Pride"", 385, 42, 521], [""L157828"", 442, 23, 275], [""bdo crtri"", 74, 9, 376], [""ngi, frun"", 101, 12, 409], [""c trus"", 118, 9, 422], [""rich"", 135, 12, 422], [""olat:"", 152, 10, 429], [""미번료"", 166, 9, 179], [""jus"", 161, 10, 430], [""irus"", 169, 10, 430], [""%"", 180, 6, 167], [""es,"", 178, 10, 430], [""5g"", 194, 15, 426], [""hert."", 186, 10, 430], [""영양정보"", 206, 18, 220], [""100g8458"", 210, 15, 297], [""59-8000"", 217, 16, 169], [""Kcal"", 212, 13, 383], [""45"", 210, 15, 420], [""B0"", 223, 10, 154], [""romal."", 220, 12, 419], [""utkrr."", 228, 15, 418], [""소비자기관법에의한"", 241, 22, 146], [""档0时量0m90%／2号32.5%"", 245, 22, 211], [""ihur!"", 237, 12, 419], [""61.63"", 254, 19, 416], [""ratter."", 246, 9, 420], [""OOR"", 255, 6, 381], [""saalt l uga :gn"", 280, 13, 311], [""4"", 274, 7, 381], [""Pruo!"", 272, 9, 432], [""-U "", 289, 18, 242], [""sne-2410z"", 299, 33, 62], [""(Luavde anr3es)"", 298, 11, 330], [""57"", 312, 9, 185], [""JEretur"", 322, 9, 154], [""Cu"", 326, 10, 386], [""-0"", 368, 9, 189], [""1381"", 376, 9, 273], [""rtof.frais et sec:"", 397, 12, 69], [""hor."", 418, 7, 46], [""Im.nte entro fine:"", 428, 11, 69], [""2022/06/30"", 422, 21, 278], [""hen:e avant fin:"", 446, 12, 60], [""13:05"", 462, 15, 278], [""MA :MBOMATI 59, MILANO UITALY)."", 478, 16, 54], [""ALEEUKOPA14,SENAGOIMI."", 489, 17, 51]]"
000971,2021,11,11,2021-11-11,s1,3 빙그레 | 색소·향료 | 받보료 *KTds ST8 무첨가 | 와 | 친구들 치즈 | 2021.11.11B 까지 칼습함유철분함유7가지비타민 | 초콜릿칩상글 | 허쉬,"[[""3"", 303, 24, 104], [""빙그레"", 305, 42, 131], [""받보료"", 383, 130, 230], [""색소·향료"", 339, 52, 529], [""무첨가"", 361, 50, 544], [""*KTds ST8"", 386, 21, 549], [""와"", 407, 36, 482], [""친구들"", 466, 69, 309], [""치즈"", 465, 36, 466], [""2021.11.11B"", 530, 25, 136], [""까지"", 537, 24, 359], [""칼습함유철분함유7가지비타민"", 538, 23, 447], [""초콜릿칩상글"", 639, 88, 153], [""허쉬"", 678, 43, 130]]"
000972,2021,06,25,2021-06-25,s1,2021.06.25 | Chocofate Milk | 푸르필 생초콜릿우유,"[[""2021.06.25"", 505, 20, 210], [""Chocofate Milk"", 541, 29, 261], [""푸르필"", 573, 36, 188], [""생초콜릿우유"", 572, 44, 262]]"
000973,2022,12,02,2022-12-02,up2x,BEST BY | 021222 | LOCRLeb8NEY | ocle | 제품명 글로버허니 | 식품유형 발질(십화질) | 수입원 | 제조상 식방양성 또 부 있습rg 의유보터 | 유통기한터 | BUN UD U,"[[""BEST BY"", 882, 47, 576], [""021222"", 908, 45, 573], [""LOCRLeb8NEY"", 1390, 68, 516], [""ocle"", 1415, 34, 595], [""제품명"", 1454, 31, 368], [""글로버허니"", 1451, 30, 500], [""식품유형"", 1480, 31, 382], [""발질(십화질)"", 1478, 29, 498], [""수입원"", 1515, 28, 391], [""제조상"", 1544, 27, 394], [""식방양성 또 부 있습rg 의유보터"", 1548, 60, 606], [""유통기한터"", 1570, 24, 398], [""BUN UD U"", 1866, 41, 433]]"
000974,NONE,NONE,NONE,NONE,fail,89 MS BE치BS BE치Bg 12 12 | 맛림타방 | LOCRLMINEE LOCRLMINEE | 하 하 | 3지.4% 3지.4% | LOCRLHSNER | BALUEBNIAN,"[[""BE치Bg"", 296, 27, 233], [""BE치BS"", 295, 32, 229], [""89"", 300, 38, 172], [""맛림타방"", 344, 28, 291], [""12"", 296, 27, 233], [""LOCRLMINEE"", 462, 27, 201], [""하"", 482, 10, 220], [""3지.4%"", 540, 17, 234], [""12"", 296, 27, 233], [""LOCRLMINEE"", 462, 27, 201], [""하"", 482, 10, 220], [""3지.4%"", 540, 17, 234], [""LOCRLHSNER"", 924, 48, 404], [""BALUEBNIAN"", 1239, 32, 299], [""MS"", 296, 29, 232]]"
000975,2023,08,03,2023-08-03,s1,Fresco 프레스코 후실리 | (FRESCO FUSLLI) | 좋은 파스타는좋은 럼밀 | 세폴리나(밀)에서 시작됩니다. 파스타면의한 종류인후실리는 | 프레스코후실리는신선한 고불꼬불 돌돌말린 나사 모양이 | 듀럼밀 세롤리나(밀)를 특징입니다. | 선별엄선하여합습다. 색러드나 파스타로 요리해 먹으면 | 뚜기프레스코파게린 간단한 일품 요리가 됩니다. | 함께 하시면 전문 스피리점의 고불간보양때문에쉽게 | 맛을 가정에서도 손쉽게 면이 지 않고 소스가많이 묵어 | 즐기실 수있습니다. 맛을 풍부하게 느낄 수 있어 | 거 교환 간단히 기분 전환용 간식으로도 | 드살 수 있습니다. | 2023/08/03 | L20434 08 | 8801045360553 | ·제조원: 오뚜기m | Pastificio Fabianelli S.p.A | 이판매원: | 주식회사오뚜기 | 경기도 안양시 동안구 총안대로 46,"[[""Fresco"", 252, 51, 161], [""프레스코 후실리"", 273, 34, 412], [""(FRESCO FUSLLI)"", 302, 35, 415], [""좋은 파스타는좋은 럼밀"", 324, 29, 158], [""세폴리나(밀)에서 시작됩니다."", 344, 31, 154], [""파스타면의한 종류인후실리는"", 343, 37, 413], [""프레스코후실리는신선한"", 365, 27, 167], [""고불꼬불 돌돌말린 나사 모양이"", 366, 35, 415], [""듀럼밀 세롤리나(밀)를"", 386, 29, 165], [""특징입니다."", 387, 24, 416], [""선별엄선하여합습다."", 406, 28, 165], [""색러드나 파스타로 요리해 먹으면"", 410, 31, 415], [""뚜기프레스코파게린"", 426, 26, 163], [""간단한 일품 요리가 됩니다."", 432, 29, 415], [""함께 하시면 전문 스피리점의"", 446, 26, 159], [""고불간보양때문에쉽게"", 456, 33, 413], [""맛을 가정에서도 손쉽게"", 468, 22, 169], [""면이"", 476, 21, 417], [""지 않고 소스가많이 묵어"", 478, 29, 441], [""즐기실 수있습니다."", 488, 23, 178], [""맛을 풍부하게 느낄 수 있어"", 500, 25, 415], [""거 교환"", 516, 21, 79], [""간단히 기분 전환용 간식으로도"", 522, 25, 415], [""드살 수 있습니다."", 544, 26, 414], [""2023/08/03"", 597, 26, 167], [""L20434 08"", 630, 35, 162], [""8801045360553"", 682, 36, 420], [""·제조원:"", 714, 23, 132], [""Pastificio Fabianelli S.p.A"", 737, 30, 143], [""오뚜기m"", 723, 20, 428], [""이판매원:"", 760, 31, 153], [""주식회사오뚜기"", 797, 38, 176], [""경기도 안양시 동안구 총안대로 46"", 817, 27, 179]]"
000976,2023,08,03,2023-08-03,s1,Fresco 프레스코후실리 | (FRESCO FUSILLI) | 파스타면의한 종류인후실리는 | 꼬불고볼폴롤말린나사모양이 | 특징입니다. | 선없선하여합니다. 살러드나 파스타로 요리해 먹오면 | 기프레스까 간단한 일품 요리가 됩니다. | 함게 하시면 전문스점의 고양해문에섭게 | 맛을가정에도손십게 않고 소스가많이 믿어 | 즐기수있습니다. 국을풍부하게느필수있어 | 기단히 기분전환용간시으로도 | 드볼수 있습니다. | 2023/08/03 | L20434 | Pastificio Fabianeli S.p.A | 이류매원: | 오뚜기,"[[""프레스코후실리"", 148, 33, 360], [""Fresco"", 167, 50, 137], [""(FRESCO FUSILLI)"", 163, 37, 364], [""파스타면의한 종류인후실리는"", 190, 36, 366], [""꼬불고볼폴롤말린나사모양이"", 205, 38, 368], [""특징입니다."", 226, 29, 370], [""살러드나 파스타로 요리해 먹오면"", 234, 39, 372], [""간단한 일품 요리가 됩니다."", 250, 39, 374], [""선없선하여합니다."", 268, 44, 149], [""고양해문에섭게"", 264, 40, 395], [""기프레스까"", 284, 35, 150], [""않고 소스가많이 믿어"", 276, 37, 410], [""함게 하시면 전문스점의"", 295, 40, 148], [""국을풍부하게느필수있어"", 295, 40, 375], [""맛을가정에도손십게"", 308, 37, 157], [""기단히 기분전환용간시으로도"", 308, 44, 378], [""즐기수있습니다."", 322, 34, 167], [""드볼수 있습니다."", 327, 34, 380], [""2023/08/03"", 394, 36, 166], [""L20434"", 420, 35, 166], [""Pastificio Fabianeli S.p.A"", 487, 42, 155], [""이류매원:"", 508, 26, 166], [""오뚜기"", 521, 32, 238]]"
000977,2021,11,03,2021-11-03,s1,03112020 | 03112021 | 222A3 | woozjpwge.eo.dunsuooud | :g peingusia pue peuodu | 'snueed pue | VINvA MuALNIS VSIHAd UVTAdAM NILisA7),"[[""03112020"", 283, 22, 405], [""03112021"", 302, 24, 403], [""222A3"", 322, 26, 402], [""woozjpwge.eo.dunsuooud"", 422, 21, 415], ["":g peingusia pue peuodu"", 491, 24, 414], [""'snueed pue"", 542, 22, 506], [""VINvA MuALNIS VSIHAd UVTAdAM NILisA7)"", 752, 23, 336]]"
000978,NONE,02,22,NONE-02-22,up2x,0311 03.01 2 3829 | 2.22A3 | he 'uorséjuued sapun pasn dnou6 ruogeuuejuj zajapuow | 2화 | Jo SxuuBpB Bu éouep puE O3HO INIw | Uec-e식1 | wodzijpupeeouatunsuooud | + TE MaANOONzTo 1Gk hers | 0 | % ouf sauctcsyud zajapuow | Xg pejnausig pue pouoduj | /S3-tbr0tc | MISANOONI JO LONQOHd | 'sanueod pue | 1.0ciy  SoU re Ame a Miu Bujuejuos sjonpoud sesseooud osje peu juaudjnbe uo paungoejnuew | 'BKos pue pedym suejuoo :uogeuuoju uaésav | whwid stesoesegingd eigy Antol nrenonsue roaca teunoes uOuo ogetuñs pue ud jo aB e시appe poo. | UungpoS/ruansgeN anonaleuuA rouapl | T:E AJWCHRSUPa JEAI eunueN MzzcsN) uuaoer xos)Jeyrsnua uous uoo es BtncossNl | 4ogwDmog.wsnaraprnpguwrl 비jaggfh eeuogeoa unjuouuy (ojoogsnl euuogueag unipos)suedy Buseb | WwNaYOUD/goPys0dr dnus sogonuyapmod oooo MéicsNl OHal uppoauy sueuoO-tuev | Mrpuoc uruar heprmeicar ebbanr uruar Mpu udud)o egacya peaugooup/H-uoNeéns nold noum :sauopeutul | wotpoutanits/Aunuec Neurl ONVOV NVA NSNS ONNONVONAW | awnL.otsogorcoar] ONVA UNMSIa S3SoHdw3W VoNr DNvA NvIVhvHad VOvd ISxNQoddIQ | Ma/타ugT uuP Inu3 TVBAL MVLAOIG ONVA NVHVA HVLAVg IVHI'NADHATV ONNQNVON3W | ABwe1 VINVA MLLALNIS VSNHAd'UVTAQAN MLLISA기) | wv/Nvirvs uad HvIwnr 1STNWAONAdONNOVT UNd WVAVS'(1VNOBHVB WNINOWY WNIHIN) | wrsanuinrewo coendeg terunr | oag Dut나gg/osg ue aryt | DMIN ISVWHOINI ONNONYONAWUVBVNXVANIWNVINDNOISAL ONNdAL ISISOdWON,"[[""03.01"", 436, 42, 722], [""3829"", 460, 89, 807], [""0311"", 460, 39, 716], [""2"", 460, 17, 829], [""he"", 470, 13, 38], [""2.22A3"", 487, 46, 713], [""Uec-e식1"", 522, 57, 26], [""2화"", 492, 11, 117], [""'uorséjuued sapun pasn dnou6 ruogeuuejuj zajapuow"", 562, 93, 485], [""+"", 541, 8, 5], [""MaANOONzTo 1Gk"", 566, 56, 31], [""TE"", 554, 13, 116], [""hers"", 560, 27, 157], [""0"", 564, 9, 3], [""Jo SxuuBpB Bu éouep puE O3HO INIw"", 593, 76, 597], [""%"", 625, 26, 205], [""wodzijpupeeouatunsuooud"", 635, 58, 722], [""/S3-tbr0tc"", 644, 57, 0], [""ouf sauctcsyud zajapuow"", 704, 59, 744], [""Xg pejnausig pue pouoduj"", 724, 65, 707], [""1.0ciy  SoU re Ame a"", 734, 53, 0], [""nrenonsue roaca teunoes"", 763, 46, 53], [""Miu Bujuejuos sjonpoud sesseooud osje peu juaudjnbe uo paungoejnuew"", 790, 117, 288], [""MISANOONI JO LONQOHd"", 760, 54, 753], [""whwid stesoesegingd eigy Antol"", 772, 52, 14], [""UungpoS/ruansgeN"", 800, 38, 107], [""T:E AJWCHRSUPa JEAI"", 818, 49, 10], [""'BKos pue pedym suejuoo :uogeuuoju uaésav"", 828, 85, 546], [""'sanueod pue"", 804, 38, 865], [""4ogwDmog.wsnaraprnpguwrl"", 833, 56, 0], [""eunueN MzzcsN) uuaoer xos)Jeyrsnua uous uoo es BtncossNl"", 879, 118, 277], [""uOuo ogetuñs pue ud jo aB e시appe poo."", 852, 77, 562], [""WwNaYOUD/goPys0dr"", 859, 44, 28], [""Mrpuoc uruar heprmeicar"", 870, 47, 0], [""비jaggfh"", 858, 26, 170], [""eeuogeoa unjuouuy (ojoogsnl euuogueag unipos)suedy Buseb"", 902, 117, 275], [""ebbanr uruar Mpu"", 884, 53, 0], [""dnus sogonuyapmod oooo MéicsNl OHal uppoauy sueuoO-tuev"", 924, 116, 278], [""anonaleuuA rouapl"", 888, 51, 766], [""wotpoutanits/Aunuec Neurl"", 910, 46, 0], [""udud)o egacya peaugooup/H-uoNeéns nold noum :sauopeutul"", 946, 113, 273], [""awnL.otsogorcoar]"", 930, 42, 60], [""Ma/타ugT uuP Inu3"", 958, 42, 0], [""ABwe1"", 976, 52, 8], [""ONVA UNMSIa S3SoHdw3W VoNr DNvA NvIVhvHad VOvd ISxNQoddIQ"", 999, 112, 270], [""wv/Nvirvs uad HvIwnr"", 992, 51, 0], [""TVBAL MVLAOIG ONVA NVHVA HVLAVg IVHI'NADHATV ONNQNVON3W"", 1022, 111, 270], [""ONVOV NVA NSNS ONNONVONAW"", 998, 65, 623], [""wrsanuinrewo coendeg terunr"", 1010, 53, 0], [""oag Dut나gg/osg ue aryt"", 1024, 53, 0], [""DMIN ISVWHOINI"", 1041, 48, 0], [""1STNWAONAdONNOVT UNd WVAVS'(1VNOBHVB WNINOWY WNIHIN)"", 1069, 110, 264], [""VINVA MLLALNIS VSNHAd'UVTAQAN MLLISA기)"", 1062, 74, 531], [""ONNONYONAWUVBVNXVANIWNVINDNOISAL ONNdAL ISISOdWON"", 1114, 109, 259]]"
000979,2021,06,14,2021-06-14,s1,오리온 | 후레쉬베리 FRESH BERRY | 801117545512 | 통한 221.06.14F2 2020. 12. 15>08: 53 껑 | 유므륨,"[[""오리온"", 328, 26, 239], [""후레쉬베리"", 362, 55, 173], [""FRESH BERRY"", 383, 22, 220], [""801117545512"", 398, 23, 400], [""통한"", 466, 66, 218], [""2020. 12. 15>08: 53"", 450, 29, 273], [""껑"", 466, 65, 503], [""221.06.14F2"", 472, 25, 273], [""유므륨"", 625, 38, 262]]"
000980,2021,06,14,2021-06-14,s1,후레쉬베리 | 2020.12-1503:53 | 2021.06.14VF-2,"[[""후레쉬베리"", 237, 50, 176], [""2020.12-1503:53"", 302, 29, 262], [""2021.06.14VF-2"", 315, 28, 262]]"
000981,2021,08,08,2021-08-08,rot90,OQ:4431631 20210808 | RiCS THICKE | Rouno Great,"[[""OQ:4431631"", 259, 122, 543], [""20210808"", 260, 118, 572], [""Rouno"", 531, 250, 151], [""RiCS"", 556, 269, 306], [""Great"", 666, 74, 242], [""THICKE"", 675, 89, 267]]"
000982,2022,02,15,2022-02-15,s1,"USE BY15FEB22B 09107 | Clara Pan-stoak B& Bro | Ole | PASTA SAUCE | Italian Style | -Cook penne according to packuge ms | -Inapan, sauté garic onions andor | Blendin Clara Oté italan swtep","[[""USE BY15FEB22B 09107"", 211, 34, 218], [""Clara"", 255, 36, 86], [""Pan-stoak B& Bro"", 242, 33, 255], [""Ole"", 281, 34, 106], [""PASTA SAUCE"", 311, 34, 77], [""Italian Style"", 332, 45, 48], [""-Cook penne according to packuge ms"", 477, 33, 293], [""-Inapan, sauté garic onions andor"", 522, 39, 300], [""Blendin Clara Oté italan swtep"", 580, 37, 315]]"
000983,2021,08,20,2021-08-20,s1,AKBAR | 식품위생법에의한 한글표시 | 제품명 히비스커스허브티(HIBISCUS) | 식품의 유형 침출차(허브티) | 원료 및 함량 00%） | 중량 100g | 포장재질 폴리에틸렌 | 보관방법 건냉한 장소에 보관 | 반품 및 교환 수입원및구입처 | 제조원 Akbar Brothers Ltd. | 수입/소분원 032)672-3742 | 판매원 ）1800-9750 | 교환 또는보상을받을 수있습니다. | 2021.08.20 | OTHER | 200~250ml Black Tea 2~3분 | 90~100℃ Herbal Tea 3~5분,"[[""AKBAR"", 41, 79, 190], [""식품위생법에의한 한글표시"", 232, 43, 212], [""제품명"", 246, 24, 135], [""히비스커스허브티(HIBISCUS)"", 258, 45, 228], [""식품의 유형"", 270, 30, 111], [""침출차(허브티)"", 277, 32, 229], [""원료 및 함량"", 295, 29, 107], [""00%）"", 306, 45, 227], [""중량"", 320, 29, 141], [""100g"", 324, 29, 228], [""포장재질"", 346, 26, 123], [""폴리에틸렌"", 349, 33, 227], [""보관방법"", 371, 24, 125], [""건냉한 장소에 보관"", 376, 35, 227], [""반품 및 교환"", 397, 26, 111], [""수입원및구입처"", 400, 34, 227], [""제조원"", 422, 25, 134], [""Akbar Brothers Ltd."", 426, 35, 226], [""수입/소분원"", 448, 27, 112], [""032)672-3742"", 451, 36, 225], [""）1800-9750"", 476, 34, 227], [""판매원"", 484, 28, 132], [""교환 또는보상을받을 수있습니다."", 590, 29, 105], [""2021.08.20"", 632, 31, 104], [""OTHER"", 828, 45, 502], [""200~250ml"", 866, 36, 84], [""90~100℃"", 881, 28, 231], [""Black Tea 2~3분"", 869, 36, 355], [""Herbal Tea 3~5분"", 888, 40, 350]]"
000984,2021,08,20,2021-08-20,s1,BAR | 식품위생법에의한한글표시 | 하비스커스 허브티(HIBISCUS) | 식품의유형 침출차(허브티) | 원료 및 향량 | 중량 | 포장재질 폴리에틸렌 | 보관방법 건냉한 장소에 보관 | 반품 및 교환 수입원및구입처 | 제조원 | 수입/소분원 0032)672-3742 | 판매원 （）1800-9750 | 2021.08.20,"[[""BAR"", 28, 63, 272], [""식품위생법에의한한글표시"", 138, 47, 216], [""식품의유형"", 154, 29, 125], [""하비스커스 허브티(HIBISCUS)"", 158, 52, 229], [""원료 및 향량"", 170, 29, 122], [""침출차(허브티)"", 166, 34, 228], [""중량"", 187, 20, 151], [""포장재질"", 203, 26, 131], [""보관방법"", 220, 26, 131], [""폴리에틸렌"", 213, 31, 223], [""반품 및 교환"", 238, 29, 118], [""건냉한 장소에 보관"", 234, 37, 223], [""수입원및구입처"", 248, 35, 219], [""제조원"", 254, 26, 137], [""수입/소분원"", 271, 26, 117], [""0032)672-3742"", 286, 43, 216], [""판매원"", 295, 26, 133], [""（）1800-9750"", 302, 41, 217], [""2021.08.20"", 398, 39, 101]]"
000985,2021,12,28,2021-12-28,s1,BANANA | EXP:DEC-28-2021 | LOT:OC184296,"[[""BANANA"", 490, 30, 366], [""EXP:DEC-28-2021"", 600, 25, 96], [""LOT:OC184296"", 620, 24, 98]]"
000986,2021,12,28,2021-12-28,s2,Sewn | EXPDEC-28-2021 | L0TGC184296,"[[""Sewn"", 302, 11, 103], [""EXPDEC-28-2021"", 403, 27, 104], [""L0TGC184296"", 416, 25, 107]]"
000987,2021,12,28,2021-12-28,s1,Quick Set | Net Wt: MANGO | 85g | EXP:DEC-28-2021,"[[""Quick Set"", 427, 27, 89], [""Net Wt:"", 491, 28, 168], [""MANGO"", 500, 50, 461], [""85g"", 506, 31, 189], [""EXP:DEC-28-2021"", 632, 27, 106]]"
000988,2021,12,28,2021-12-28,s2,Ouck set | Four Servng | Net Wt: MANGO | 85g | EXP:DEC-28-2021 | LT0C184296,"[[""MANGO"", 356, 29, 418], [""Ouck set"", 307, 20, 82], [""Four Servng"", 318, 23, 80], [""Net Wt:"", 348, 21, 155], [""85g"", 360, 21, 177], [""EXP:DEC-28-2021"", 443, 16, 109], [""LT0C184296"", 456, 15, 113]]"
000989,2020,07,21,2020-07-21,det5,DA CONSUMARSI PREFERIBILMENTE ENTRO IL: PREPARATO A BASE DI | BEST BEFORE: | GRASSO VEGETALE | A LUNGA CONSERVAZIONE U.H.T. | 20/07/21 DA MONTARE E PER CUCINA | P20707 14:94:23含09 | MIX | responsibie sources Board from | FSC FSCC014047 | 1000me | da Montave Whipping | D eperCucina fooking,"[[""DA CONSUMARSI PREFERIBILMENTE ENTRO IL:"", 420, 16, 137], [""PREPARATO A BASE DI"", 423, 22, 402], [""BEST BEFORE:"", 432, 17, 138], [""GRASSO VEGETALE"", 442, 21, 400], [""A LUNGA CONSERVAZIONE U.H.T."", 458, 26, 397], [""20/07/21"", 475, 30, 175], [""DA MONTARE E PER CUCINA"", 474, 27, 396], [""P20707"", 488, 20, 202], [""14:94:23含09"", 502, 31, 189], [""MIX"", 508, 18, 486], [""responsibie sources"", 529, 19, 452], [""Board from"", 521, 14, 476], [""FSC"", 534, 15, 411], [""FSCC014047"", 542, 23, 443], [""1000me"", 556, 40, 195], [""da"", 600, 28, 290], [""Whipping"", 610, 42, 455], [""Montave"", 614, 70, 279], [""D"", 636, 48, 159], [""fooking"", 646, 61, 446], [""eperCucina"", 639, 64, 282]]"
000990,NONE,NONE,NONE,NONE,fail,Bmnyoo HO BEST BEFOAA 6m | 10 mnmnd U3d MCd | BnnddnM 3hopmuoV 0P | LFOFIODO8 10l 1000mle | 04- 04- cinuptere | 4 4 XIW da | DA CONSLUMAREIPREFER DA CONSLUMAREIPREFER DA CONSOMARSE PREFERIRILMENTE ENMIO ILI DA CONSUMARSE PREFERINIL MENTE ENMIO IL! MENTE ENTRO IL MENTE ENTRO IL PREPARATO A BASE DI PREPARATO A BASE DI PREEPARATOABLASEDN PREPARATO ABASEDT PREPARATO ABASEDT | BEST BEFORE: BEST BEFOREE BEST BEFOREE BEST BEFORE: IHN 3NOIZVA8NSNOS VONCTY GRASSO VEGETALE CRASSO YEOTALE GRASSO VEGETALE GRASSO VEGETALE GRASSO VEGETALE | ALUMCA COWSERVEAZNOINE ULH.T. ALUNGA CONSERVAZIONE U.H.T. ALUNGA CONSERVAZIONE U.N.T. ALUNGA CONSERVAZIONE U.N.T. ALUNGA CONSERVAZIONE U.N.T. | eperCucina 로% TOUING 3UNGWTIBRE3.RS mEMINSNOS VO DA MONTARE E PER CUCINA DA MONTARE E PER CUCINA DA MONTAAE E PER CUCINCA DA MONTAREE PER CUCINA DA MONTAREE PER CUCINA | 20 20 20 20 0P | 14 14-34:232409 14:34:2309 14:34:2309 23-109 - G MIX MIX MIX MIX | PSC PSC FSC 식관번P 식관번P Prettron L | 1000mle 1000mle 1000mle 1000mle 1000mlC PREPARATO A BASE DI F8C-C014047 P80*C014047 P80*C014047 FSC-C014047 | LOP1 CUZ1R HDPK NDP16 Whippin 1a da da DA MONTARE E PER CUCINA Montare Montave Montarea Montarea Montave eperCucina eperCucina percucivta percucivta PCuciHa ooking ooking Wwippins Wwippins Whipping | WWINOSY0 ZIONE U.H.T. | DA CONSIUMARST PREFERIMILMENTE ENTRO ILG PREPARATO A BASE DI | BEST BEFORE GRASSO VEGETALE | ALUNGA CONSERVAZIONE U.H.T. | F2007 2P2697261 DA MONTAREE PER CUCINA | 14.34:2309 MIX | Boart Fr | PSC | F8C-CG14047 | 1000mle | HDPK dla Montaye for Whipping | eperCucinta fooking,"[[""ALUNGA CONSERVAZIONE U.N.T."", 316, 34, 358], [""1000mle"", 402, 37, 193], [""Whipping"", 418, 21, 432], [""Montave"", 431, 58, 277], [""LOP1"", 454, 64, 158], [""eperCucina"", 447, 58, 281], [""PREPARATO A BASE DI"", 295, 28, 358], [""DA CONSUMARSE PREFERINIL MENTE ENMIO IL!"", 310, 35, 123], [""GRASSO VEGETALE"", 308, 25, 359], [""BEST BEFORE:"", 324, 19, 128], [""DA MONTARE E PER CUCINA"", 329, 30, 359], [""Prettron"", 360, 22, 428], [""MIX"", 350, 13, 441], [""14-34:232409"", 364, 30, 182], [""FSC"", 372, 14, 376], [""F8C-C014047"", 373, 20, 413], [""da"", 425, 22, 282], [""PREPARATO A BASE DI"", 294, 27, 357], [""DA CONSOMARSE PREFERIRILMENTE ENMIO ILI"", 310, 34, 123], [""ALUNGA CONSERVAZIONE U.H.T."", 316, 34, 356], [""GRASSO VEGETALE"", 308, 25, 358], [""BEST BEFORE:"", 324, 18, 129], [""DA MONTARE E PER CUCINA"", 328, 30, 358], [""MIX"", 348, 13, 442], [""FSC-C014047"", 372, 17, 415], [""1000mle"", 401, 38, 192], [""da"", 426, 17, 283], [""Montave"", 430, 62, 276], [""HDPK"", 453, 70, 156], [""eperCucina"", 446, 60, 280], [""BEST BEFOAA"", 158, 63, 309], [""1000mle"", 244, 103, 222], [""eperCucina"", 350, 135, 166], [""da"", 297, 30, 202], [""DA MONTARE E PER CUCINA"", 429, 141, 299], [""PREPARATO A BASE DI"", 418, 118, 331], [""Whippin"", 468, 67, 213], [""ZIONE U.H.T."", 489, 66, 323], [""HO"", 142, 19, 307], [""6m"", 175, 78, 424], [""U3d"", 194, 25, 320], [""0P"", 342, 30, 420], [""WWINOSY0"", 478, 66, 306], [""MCd"", 187, 68, 367], [""Bmnyoo"", 199, 20, 138], [""10"", 206, 9, 185], [""mnmnd"", 195, 53, 222], [""BnnddnM"", 224, 21, 123], [""3hopmuoV"", 210, 54, 236], [""0P"", 216, 18, 330], [""10l"", 234, 13, 186], [""LFOFIODO8"", 268, 20, 147], [""cinuptere"", 281, 16, 165], [""XIW"", 292, 13, 175], [""IHN 3NOIZVA8NSNOS VONCTY"", 324, 32, 112], [""TOUING 3UNGWTIBRE3.RS mEMINSNOS VO"", 330, 36, 313], [""L"", 358, 7, 460], [""04-"", 284, 12, 143], [""4"", 292, 9, 157], [""MENTE ENTRO IL"", 305, 13, 252], [""PREPARATO ABASEDT"", 295, 28, 359], [""DA CONSLUMAREIPREFER"", 314, 24, 126], [""ALUNGA CONSERVAZIONE U.N.T."", 316, 32, 359], [""GRASSO VEGETALE"", 308, 24, 360], [""BEST BEFOREE"", 324, 15, 129], [""DA MONTAREE PER CUCINA"", 328, 25, 360], [""20"", 351, 12, 268], [""MIX"", 350, 14, 440], [""14:34:2309"", 364, 29, 183], [""20"", 357, 20, 200], [""PSC"", 372, 11, 378], [""P80*C014047"", 372, 19, 414], [""식관번P"", 366, 9, 417], [""1000mle"", 402, 37, 193], [""Montarea"", 432, 57, 274], [""Wwippins"", 415, 26, 431], [""ooking"", 440, 28, 427], [""percucivta"", 447, 54, 283], [""04-"", 284, 12, 143], [""4"", 292, 9, 157], [""MENTE ENTRO IL"", 305, 13, 252], [""PREPARATO ABASEDT"", 295, 28, 359], [""DA CONSLUMAREIPREFER"", 314, 24, 126], [""ALUNGA CONSERVAZIONE U.N.T."", 316, 32, 359], [""GRASSO VEGETALE"", 308, 24, 360], [""BEST BEFOREE"", 324, 15, 129], [""DA MONTAREE PER CUCINA"", 328, 25, 360], [""20"", 351, 12, 268], [""MIX"", 350, 14, 440], [""14:34:2309"", 364, 29, 183], [""20"", 357, 20, 200], [""PSC"", 372, 11, 378], [""P80*C014047"", 372, 19, 414], [""식관번P"", 366, 9, 417], [""1000mle"", 402, 37, 193], [""Montarea"", 432, 57, 274], [""Wwippins"", 415, 26, 431], [""ooking"", 440, 28, 427], [""percucivta"", 447, 54, 283], [""PREPARATO A BASE DI"", 590, 49, 718], [""GRASSO VEGETALE"", 616, 46, 719], [""DA CONSIUMARST PREFERIMILMENTE ENTRO ILG"", 620, 59, 254], [""ALUNGA CONSERVAZIONE U.H.T."", 633, 58, 719], [""BEST BEFORE"", 649, 32, 259], [""DA MONTAREE PER CUCINA"", 658, 51, 721], [""2P2697261"", 698, 67, 332], [""MIX"", 698, 27, 883], [""F2007"", 714, 29, 380], [""Boart Fr"", 716, 21, 863], [""14.34:2309"", 728, 52, 369], [""PSC"", 744, 23, 757], [""F8C-CG14047"", 746, 27, 834], [""1000mle"", 803, 68, 389], [""for"", 814, 21, 860], [""Whipping"", 833, 46, 859], [""dla"", 850, 38, 565], [""fooking"", 880, 65, 854], [""Montaye"", 861, 108, 558], [""HDPK"", 906, 141, 319], [""eperCucinta"", 894, 101, 568], [""-"", 361, 18, 252], [""G"", 364, 27, 374], [""CUZ1R"", 454, 62, 160], [""PREEPARATOABLASEDN"", 295, 26, 359], [""ALUMCA COWSERVEAZNOINE ULH.T."", 316, 32, 359], [""CRASSO YEOTALE"", 308, 24, 360], [""DA MONTAAE E PER CUCINCA"", 328, 27, 360], [""로%"", 343, 12, 282], [""14"", 367, 16, 185], [""23-109"", 362, 21, 245], [""1000mlC"", 402, 33, 195], [""1a"", 427, 14, 285], [""PCuciHa"", 445, 46, 297], [""Montare"", 432, 54, 278], [""NDP16"", 454, 63, 166]]"
000991,2021,03,04,2021-03-04,s1,"10% | 6% | 8% | 10% unti thickend; stir. | It source of | Cholesterol, | n A,Vitamin C, time is approximate. | les are based on a | ITE HOMINY CORN | ERALS: MIACIN, | THIAMIN MONO- | VIN, FOLIC ACID. | ods Sales, Inc. | Ralcop Holdings,Inc. | ,MO6318-618 | VITH 14173-D | SINEERING R096153 | FG-ZG1-A#10a | 12NK09119 | BEST BY MAR 04 2021 09:34","[[""10%"", 30, 32, 88], [""6%"", 52, 30, 92], [""8%"", 73, 32, 88], [""unti thickend; stir."", 81, 32, 179], [""10%"", 98, 29, 81], [""It source of"", 132, 44, 24], [""Cholesterol,"", 148, 42, 29], [""time is approximate."", 156, 29, 163], [""n A,Vitamin C,"", 167, 50, 3], [""les are based on a"", 210, 43, 0], [""ITE HOMINY CORN"", 245, 43, 0], [""ERALS: MIACIN,"", 280, 39, 0], [""THIAMIN MONO-"", 298, 37, 0], [""VIN, FOLIC ACID."", 316, 39, 0], [""ods Sales, Inc."", 385, 32, 0], [""Ralcop Holdings,Inc."", 400, 34, 0], ["",MO6318-618"", 432, 36, 0], [""14173-D"", 434, 33, 289], [""R096153"", 458, 32, 288], [""VITH"", 478, 31, 0], [""FG-ZG1-A#10a"", 481, 34, 245], [""SINEERING"", 494, 36, 0], [""12NK09119"", 600, 32, 78], [""BEST BY MAR 04 2021 09:34"", 621, 40, 70]]"
000992,2021,04,NONE,2021-04-NONE,det5,"10% 2 SlowNy stir n gnt | 0% 3 | 8% 4 until thickend: stir. | 10% | 8ource of ase more wuter. | Due to diterences in micros | Vitamin Bine Is approximato. | Dacd ona | OMINY CORN | MIN MONO. S: MACIN. | OLIC ACID. | hes,. Ine. |  Holdings, Inc. | 6318-5618 | 14173-D | R096153 | EERING FG-ZG1-A#10a | 04 2021 09:34","[[""2"", 39, 22, 103], [""SlowNy stir n gnt"", 27, 40, 116], [""10%"", 53, 22, 38], [""3"", 54, 18, 103], [""0%"", 68, 22, 40], [""4"", 68, 18, 104], [""8%"", 82, 21, 38], [""until thickend: stir."", 66, 43, 117], [""10%"", 100, 25, 32], [""ase more wuter."", 97, 33, 108], [""Due to diterences in micros"", 105, 49, 96], [""8ource of"", 123, 42, 0], [""Bine Is approximato."", 118, 39, 108], [""Vitamin"", 148, 36, 0], [""Dacd ona"", 174, 40, 0], [""OMINY CORN"", 196, 44, 0], [""S: MACIN."", 221, 42, 0], [""MIN MONO."", 232, 40, 0], [""OLIC ACID."", 243, 39, 0], [""hes,. Ine."", 292, 24, 0], [""14173-D"", 285, 31, 235], ["" Holdings, Inc."", 300, 39, 0], [""R096153"", 301, 31, 234], [""6318-5618"", 323, 30, 0], [""FG-ZG1-A#10a"", 316, 39, 202], [""EERING"", 362, 29, 11], [""09:34"", 399, 32, 304], [""04 2021"", 413, 36, 194]]"
000993,NONE,02,18,NONE-02-18,hires,"4본바코드 | 00 | 1801121510179 백도 요거트 Tle | 02.18MA | 200 8 15:49.F1G | 6 여편,","[[""4본바코드"", 314, 41, 273], [""00"", 352, 23, 274], [""Tle"", 416, 121, 615], [""1801121510179"", 484, 223, 273], [""백도 요거트"", 525, 188, 413], [""02.18MA"", 642, 33, 381], [""15:49.F1G"", 666, 32, 382], [""200"", 684, 38, 298], [""8"", 680, 23, 312], [""여편,"", 696, 21, 318], [""6"", 703, 8, 304]]"
000994,NONE,02,18,NONE-02-18,clahe,02.180 | T5:49.F1R | PROB,"[[""02.180"", 372, 23, 298], [""T5:49.F1R"", 392, 25, 296], [""PROB"", 638, 167, 491]]"
000995,NONE,NONE,NONE,NONE,fail,odd PROB | 7 OE:JN.1M 우로:48까지 우로:48까지 우로:19까지 우류:19까지 | godd PROB PROB PROB PROB 20OD 18까지 | PROB,"[[""PROB"", 462, 110, 391], [""우로:19까지"", 272, 81, 242], [""7"", 270, 15, 257], [""godd"", 414, 52, 123], [""PROB"", 226, 52, 404], [""odd"", 184, 103, 202], [""우로:48까지"", 273, 76, 243], [""PROB"", 457, 112, 391], [""우로:48까지"", 273, 76, 243], [""PROB"", 457, 112, 391], [""18까지"", 536, 56, 609], [""PROB"", 920, 225, 777], [""OE:JN.1M"", 274, 61, 249], [""20OD"", 465, 104, 393], [""우류:19까지"", 273, 70, 247], [""PROB"", 464, 105, 392]]"
000996,NONE,02,17,NONE-02-17,up2x,02.17A | 13:10-F1E | 4본 바코드 PROBIOTIC | 880112151010 딸기 요거,"[[""02.17A"", 838, 56, 684], [""13:10-F1E"", 874, 44, 689], [""PROBIOTIC"", 1476, 591, 1093], [""4본 바코드"", 1533, 54, 573], [""880112151010"", 1741, 356, 565], [""딸기 요거"", 1806, 228, 781]]"
000997,NONE,NONE,NONE,NONE,fail,lt0lgQd AERB PROBIOTIC | 4본 바코드 13187 13:187E 13:187E 13:10.F1E 우류:18까지 까지 | 륨 | 딸기요기 | 카아당 AERB | 880112151010 | 2ldOigQdD | 4본 바코드 4본바코드 4본 바코드 4본 바코드 4본바코드 PROBIOTI B | 8801121 8801121 0 0% 0 우류:18까지는 | 1510 1510 딸기요 딸기요거 딸기요기 딸기요기 딸기요기 딸기요기 | 4본 바코드 PROBIOTIC | 880112151010 딸기요거,"[[""우류:18까지"", 275, 52, 279], [""딸기요기"", 591, 78, 286], [""4본 바코드"", 499, 18, 203], [""0"", 516, 13, 202], [""13187"", 274, 45, 279], [""PROBIOTI"", 481, 196, 426], [""4본바코드"", 498, 21, 203], [""0"", 516, 14, 201], [""딸기요거"", 590, 85, 283], [""4본 바코드"", 242, 80, 130], [""륨"", 304, 46, 9], [""2ldOigQdD"", 455, 54, 54], [""PROBIOTIC"", 186, 56, 385], [""딸기요기"", 334, 41, 553], [""AERB"", 399, 78, 489], [""880112151010"", 436, 37, 506], [""lt0lgQd"", 157, 200, 159], [""AERB"", 142, 18, 362], [""카아당"", 364, 48, 199], [""13:187E"", 276, 44, 281], [""4본 바코드"", 499, 18, 205], [""8801121"", 545, 84, 190], [""딸기요기"", 591, 78, 286], [""1510"", 594, 39, 192], [""13:187E"", 276, 44, 281], [""4본 바코드"", 499, 18, 205], [""8801121"", 545, 84, 190], [""딸기요기"", 591, 78, 286], [""1510"", 594, 39, 192], [""우류:18까지는"", 552, 93, 562], [""PROBIOTIC"", 973, 406, 853], [""4본 바코드"", 998, 34, 411], [""880112151010"", 1132, 240, 378], [""딸기요거"", 1180, 155, 572], [""B"", 472, 32, 445], [""딸기요"", 588, 75, 283], [""4본바코드"", 500, 19, 204], [""0%"", 516, 13, 201], [""딸기요기"", 590, 77, 286], [""까지"", 263, 34, 280], [""13:10.F1E"", 280, 43, 279]]"
000998,2021,11,11,2021-11-11,s1,B0 | ren Graischat Gemany. | 유시용한 제품과같은 | 제조하고있습니다. | 정거래위원회 고시 | 결기준에의거교환 | L49240005130901614 | % Production Date:11/08/2020 | Best Before Date:11/11/2021 | 001686301555,"[[""B0"", 89, 76, 0], [""Graischat Gemany."", 138, 36, 205], [""ren"", 167, 50, 0], [""유시용한 제품과같은"", 308, 29, 0], [""제조하고있습니다."", 324, 24, 0], [""정거래위원회 고시"", 385, 23, 0], [""결기준에의거교환"", 400, 23, 0], [""L49240005130901614"", 548, 22, 260], [""Production Date:11/08/2020"", 570, 26, 258], [""%"", 586, 37, 75], [""Best Before Date:11/11/2021"", 590, 25, 258], [""001686301555"", 828, 27, 249]]"
000999,2021,11,11,2021-11-11,s1,50 | en | Date:11/11/2021,"[[""50"", 68, 53, 2], [""en"", 122, 28, 6], [""Date:11/11/2021"", 400, 23, 348]]"
001000,2021,09,07,2021-09-07,s1,P패SLOl | BEST BEFORE | 07SEP21 | 30811L5 | 1통,"[[""P패SLOl"", 224, 95, 300], [""BEST BEFORE"", 571, 28, 173], [""07SEP21"", 588, 25, 188], [""30811L5"", 610, 25, 188], [""1통"", 680, 67, 272]]"
