image_id,year,month,day,final_date,stage,texts,raw
000001,2027,06,26,2027-06-26,s1,첨0로 161 | 판매원 홀푸드코리아(주)/제주특 | 별자치도 제주시 첨단로 213-3 | 301호 | 내포장재질 폴리에틸렌(내면) | 품목보고번호 20130628332176 | 반품 및 교환 구입처 | 소비자상담실1899-1494 | 보관방법 직사광선을 피하고 서늘 | 하고 습하지 않는 곳에 실온·보관 | 섭취량및섭취방법 121-3회.1회 | 1포씩 드십시오.원액 그대로 섭취 | 하거나 물에 희석하여 드십시오. | 가볍게 흔들어서 드세요 | ※부정·불량식품 신고는 국번없이 | 1399 ※본제품은공정거래위원회 | 고시 소비자 분쟁해결 | 기준에 의거 정당한 식품안전관리인증 | HACCP | 소비자 피해에 대해 | 보상해드립니다. 식품의약품인전저 | 소비기한 2027.06.26 까지 | LOTNO 543123,"[[""첨0로 161"", 18, 33, 135], [""판매원 홀푸드코리아(주)/제주특"", 50, 41, 135], [""별자치도 제주시 첨단로 213-3"", 86, 42, 136], [""301호"", 124, 36, 135], [""내포장재질 폴리에틸렌(내면)"", 158, 39, 139], [""품목보고번호 20130628332176"", 192, 38, 140], [""반품 및 교환 구입처"", 228, 41, 140], [""소비자상담실1899-1494"", 264, 38, 142], [""보관방법 직사광선을 피하고 서늘"", 297, 39, 144], [""하고 습하지 않는 곳에 실온·보관"", 332, 40, 144], [""섭취량및섭취방법 121-3회.1회"", 364, 41, 146], [""1포씩 드십시오.원액 그대로 섭취"", 399, 40, 147], [""하거나 물에 희석하여 드십시오."", 434, 37, 147], [""가볍게 흔들어서 드세요"", 468, 34, 149], [""※부정·불량식품 신고는 국번없이"", 500, 39, 148], [""1399 ※본제품은공정거래위원회"", 533, 40, 150], [""고시 소비자 분쟁해결"", 566, 29, 155], [""식품안전관리인증"", 582, 29, 402], [""기준에 의거 정당한"", 598, 35, 152], [""HACCP"", 608, 35, 403], [""소비자 피해에 대해"", 630, 30, 155], [""보상해드립니다."", 663, 32, 155], [""식품의약품인전저"", 654, 24, 410], [""소비기한"", 723, 30, 157], [""까지"", 719, 32, 462], [""2027.06.26"", 735, 38, 276], [""LOTNO"", 761, 26, 157], [""543123"", 758, 33, 277]]"
000002,2025,12,11,2025-12-11,s1,Met TI | 나7H | IN CE 1963 2025.12.11까지 | 원주/2A1 운선화 2106,"[[""Met TI"", 99, 23, 120], [""나7H"", 197, 50, 74], [""2025.12.11까지"", 408, 33, 288], [""IN CE 1963"", 418, 21, 0], [""원주/2A1 운선화 2106"", 434, 40, 283]]"
000003,2026,05,12,2026-05-12,s1,2026.05.12 | 옥수수40%함유 | Caramel | PoPa | 카라벨,"[[""2026.05.12"", 402, 29, 295], [""옥수수40%함유"", 494, 47, 255], [""Caramel"", 572, 150, 261], [""PoPa"", 622, 152, 433], [""카라벨"", 682, 101, 490]]"
000004,2022,02,14,2022-02-14,det5,"2026.2020464/08-368 | 시용용기따손주본제품은 | 지고기,기고기오어를사용 | 은설서제조하고있니다제품 | 는현상이있을수있으품질에는이상이으 | 들에 사용하십시오.·소비자 분쟁해결 기준에 의거 고획 | 1부정 불량식품신는국번없19 181 | 시질가능성이있으므로,사용후에는즉시밀용하해 | 하여 주십시오. | 량물굴농축굴자농축액 궁농에 | 스트린,주정,구연산,잔진단검 대두밀조개류굴,우 | 유리 | 01007 683508 45E VK | 2022.02.14 16:01","[[""2026.2020464/08-368"", 29, 63, 163], [""시용용기따손주본제품은"", 73, 70, 163], [""지고기,기고기오어를사용"", 109, 60, 178], [""은설서제조하고있니다제품"", 146, 57, 176], [""는현상이있을수있으품질에는이상이으"", 182, 57, 173], [""들에 사용하십시오.·소비자 분쟁해결 기준에 의거 고획"", 217, 50, 169], [""1부정 불량식품신는국번없19 181"", 251, 55, 168], [""시질가능성이있으므로,사용후에는즉시밀용하해"", 284, 53, 168], [""하여 주십시오."", 316, 46, 169], [""량물굴농축굴자농축액 궁농에"", 351, 63, 160], [""스트린,주정,구연산,잔진단검"", 448, 52, 163], [""대두밀조개류굴,우"", 447, 60, 323], [""유리"", 538, 36, 395], [""01007 683508"", 590, 52, 186], [""45E"", 590, 33, 389], [""VK"", 580, 32, 466], [""2022.02.14"", 628, 56, 203], [""16:01"", 616, 57, 385]]"
000005,2026,07,02,2026-07-02,s1,21 58 FS A1 | 2026.07.02 | 2026.07.02,"[[""21 58 FS A1"", 355, 61, 253], [""2026.07.02"", 409, 52, 259], [""2026.07.02"", 513, 63, 234]]"
000006,2026,02,17,2026-02-17,s1,2026.02.17까2 | 독신A11 혜1403,"[[""2026.02.17까2"", 435, 52, 193], [""독신A11 혜1403"", 475, 48, 185]]"
000007,2026,06,25,2026-06-25,s1,"북동 | 0로249 | 후면표기일까지 | 영양정보 총 내용량인18 260 kCAl | 카라기님 향료 3종 총 내용량당 기준치에 대한 비율 1일 영양성분 | 읽,기타식용휴치가공품 나트를 105  g 5% | 우유,돼지고기 함유 탄수화물62g 19 % | 질폴리에틸렌 당류 47 g 47 % | 2번호198/0415003402 지방O8 0% | 갈, 대두, 혼두,복숭아, 종 트랜스지방 0g | 포함) 혼입가능 :제품을 포화지방 0 g 0% | 고삼키지 않도록 주의하세 콜레스테롤0mg 0% | 자 기본법에 의한 피해보 단백질3g 5% | 광선을 피해 온·습도가 | 보관,개봉 후 가급적 빨 이므로 개인의 필요 열량에 따라 다를 수 있습니다. | ·부정·불량식품 신고 | 399.고객센8..전화 | 5700.문자)1522-40 | 1:본사 및 구입한 곳 ·제조과정 중 원료가 군거나 고은에서 갈변화되어 흰색 | 명어리나 검은 점이 보일 수 있으나 인체에 무해합니다. | OTHEL 소비 25.06.26 부터 | 7655709 | 기한 26.06.25 까지 | HACCR 22.06 A03","[[""북동"", 107, 24, 111], [""0로249"", 122, 33, 93], [""후면표기일까지"", 142, 33, 77], [""영양정보"", 170, 35, 343], [""총 내용량인18"", 170, 35, 467], [""260 kCAl"", 188, 28, 511], [""카라기님 향료 3종"", 205, 25, 59], [""총 내용량당 기준치에 대한 비율"", 221, 57, 336], [""1일 영양성분"", 209, 28, 486], [""읽,기타식용휴치가공품"", 235, 34, 0], [""나트를 105  g"", 242, 39, 336], [""우유,돼지고기 함유"", 258, 25, 59], [""탄수화물62g"", 260, 41, 335], [""5%"", 250, 25, 560], [""질폴리에틸렌"", 277, 26, 2], [""당류 47 g"", 279, 37, 347], [""19 %"", 270, 31, 551], [""2번호198/0415003402"", 297, 28, 2], [""지방O8"", 299, 34, 332], [""47 %"", 291, 28, 553], [""갈, 대두, 혼두,복숭아, 종"", 320, 28, 1], [""트랜스지방 0g"", 324, 40, 346], [""0%"", 312, 26, 564], [""포함) 혼입가능 :제품을"", 341, 32, 4], [""포화지방 0 g"", 347, 34, 345], [""고삼키지 않도록 주의하세"", 363, 32, 0], [""0%"", 358, 26, 569], [""콜레스테롤0mg"", 372, 34, 328], [""자 기본법에 의한 피해보"", 387, 36, 0], [""0%"", 382, 29, 569], [""단백질3g"", 396, 35, 328], [""광선을 피해 온·습도가"", 412, 37, 0], [""5%"", 407, 26, 571], [""보관,개봉 후 가급적 빨"", 436, 37, 4], [""이므로 개인의 필요 열량에 따라 다를 수 있습니다."", 446, 37, 322], [""·부정·불량식품 신고"", 462, 38, 2], [""399.고객센8..전화"", 486, 34, 3], [""5700.문자)1522-40"", 512, 33, 1], [""1:본사 및 구입한 곳"", 538, 37, 0], [""·제조과정 중 원료가 군거나 고은에서 갈변화되어 흰색"", 543, 40, 349], [""명어리나 검은 점이 보일 수 있으나 인체에 무해합니다."", 565, 39, 347], [""소비"", 630, 27, 276], [""7655709"", 646, 31, 0], [""OTHEL"", 647, 28, 149], [""25.06.26"", 646, 45, 352], [""부터"", 646, 32, 570], [""기한"", 671, 34, 272], [""26.06.25"", 682, 43, 352], [""HACCR"", 694, 21, 149], [""까지"", 692, 26, 568], [""22.06"", 707, 30, 357], [""A03"", 714, 24, 458]]"
000008,2027,06,29,2027-06-29,det5,2027.06.29 A,"[[""2027.06.29 A"", 552, 60, 134]]"
000009,2026,10,29,2026-10-29,s1,"백설 포도씨유 | 100%0페인산 | 수있습니다.사용후비용기와마개는 분리수거하여 재활용합시다.과열되거  | P5 2026.10.29.09시 | 제품명 포도씨유 식품유형 기타식물성유지 | 내용량 900 ML.7.430 kCAl.25 C) | 원재료명 포도씨유 100%(스페인산) | 업소명및 씨제이제일제당(주) | 소재지 인천광 시 중구 서해대로 140번249 | 품목보고번호 19790190025-19 반품및구입처또는 | 소비기한라벨 상단표기일까지 교환처영업소 | 포장재질(내면) 용기-PET, 마개-PE | 영양정보 | 나트륨Omg 87% | 지방1009185 % 트랜스지방09 포화지방 139 | 콜레스테롤Omg 0% 단백질0g 0% | 19=1.09.0L","[[""포도씨유"", 59, 81, 347], [""백설"", 68, 61, 257], [""100%0페인산"", 99, 36, 357], [""수있습니다.사용후비용기와마개는 분리수거하여 재활용합시다.과열되거 "", 332, 48, 163], [""P5"", 434, 25, 167], [""2026.10.29.09시"", 439, 34, 265], [""제품명"", 488, 29, 163], [""포도씨유"", 489, 30, 222], [""식품유형 기타식물성유지"", 492, 29, 399], [""내용량"", 518, 29, 164], [""900 ML.7.430 kCAl.25 C)"", 522, 34, 221], [""원재료명"", 550, 29, 164], [""포도씨유 100%(스페인산)"", 554, 31, 217], [""업소명및"", 583, 40, 159], [""씨제이제일제당(주)"", 590, 31, 268], [""소재지"", 610, 34, 161], [""인천광 시 중구 서해대로 140번249"", 616, 36, 267], [""품목보고번호"", 646, 36, 163], [""19790190025-19"", 653, 28, 270], [""반품및구입처또는"", 649, 42, 425], [""소비기한라벨 상단표기일까지"", 680, 51, 162], [""교환처영업소"", 678, 39, 429], [""포장재질(내면) 용기-PET, 마개-PE"", 744, 55, 163], [""영양정보"", 779, 52, 164], [""나트륨Omg"", 813, 42, 169], [""지방1009185 %"", 844, 51, 167], [""87%"", 830, 30, 521], [""트랜스지방09 포화지방 139"", 848, 55, 288], [""콜레스테롤Omg"", 873, 50, 168], [""0%"", 882, 25, 296], [""단백질0g 0%"", 877, 38, 370], [""19=1.09.0L"", 942, 37, 174]]"
000010,2026,06,08,2026-06-08,rot90,2026.06.08 E 씬즈 오 곳 | 초코 크림,"[[""씬즈"", 233, 158, 380], [""2026.06.08 E"", 318, 298, 297], [""곳"", 238, 86, 661], [""오"", 274, 122, 504], [""초코 크림"", 410, 131, 413]]"
000011,2026,02,05,2026-02-05,s1,리츠 치즈 | 리츠 치즈 | RITZ | RITZ | CHEESE | 2026.02.05.0,"[[""리츠"", 117, 154, 39], [""치즈"", 63, 32, 177], [""리츠"", 203, 92, 82], [""치즈"", 179, 26, 202], [""RITZ"", 277, 60, 89], [""RITZ"", 464, 107, 274], [""CHEESE"", 562, 48, 281], [""2026.02.05.0"", 653, 42, 232]]"
000012,2026,03,23,2026-03-23,s1,ARLEY HARDI | 공한 | OTHER 사광 ma | 용물의 파손을 막기 | ircushion)을하 | 1정·불량 식품 신 | 1809413/8821641 | 소비기한: | 2026-03-23 까지,"[[""ARLEY HARDI"", 66, 58, 498], [""공한"", 165, 48, 80], [""OTHER"", 388, 37, 253], [""사광 ma"", 402, 35, 593], [""용물의 파손을 막기"", 432, 33, 608], [""ircushion)을하"", 450, 35, 610], [""1정·불량 식품 신"", 467, 34, 614], [""1809413/8821641"", 471, 41, 260], [""소비기한:"", 519, 42, 226], [""2026-03-23"", 578, 37, 263], [""까지"", 578, 26, 456]]"
000013,2026,03,20,2026-03-20,s1,"ONEY MUSTAF | 기한 | EL 2026.03.20A | 첼 품명:프레첼허니향머 | TARD 품유형:과자(유처리 내용량.85 9(409kCA/ | E | 나드맛 넘기도파주시월통산로40 | 러드머스타 | 212 2.23 당가공소금정제소금 제상인 E 변성전분 데스E | 사양벌꿀 | 김.대두,우유","[[""ONEY MUSTAF"", 41, 46, 100], [""기한"", 419, 26, 256], [""EL"", 452, 41, 3], [""2026.03.20A"", 460, 41, 285], [""첼"", 530, 127, 0], [""품명:프레첼허니향머"", 580, 33, 246], [""TARD"", 620, 49, 0], [""내용량.85 9(409kCA/"", 605, 30, 246], [""품유형:과자(유처리"", 627, 26, 246], [""E"", 638, 25, 1], [""나드맛"", 666, 32, 0], [""넘기도파주시월통산로40"", 662, 27, 241], [""러드머스타"", 712, 44, 247], [""212 2.23"", 746, 32, 69], [""E 변성전분 데스E"", 731, 35, 239], [""당가공소금정제소금 제상인"", 750, 37, 240], [""사양벌꿀"", 773, 32, 243], [""김.대두,우유"", 798, 34, 245]]"
000014,2026,01,31,2026-01-31,s1,"한국식 스웨데젤리식품의유형캔디류 보2번호20100211090119 | 1009(36OkCAl) | TEL 031-957-4/88 | 돼지고기,우유함유 | (식용색소황색제4호,식용색소청색제1호) | 영양정보 총내용량당 | 총내용량 나트륨44mg 2% 지방0g 0% 26.01.31 | 1009 0수을 889 27% 트랜스지방0g 까지 | 360/C2l 당류 7g 7% 포화지방0g 0% | 콜레스테를Omg 단백질19 2% | OTHER | 031- | 손비장 957-4788 | 상담실","[[""한국식 스웨데젤리식품의유형캔디류"", 144, 60, 20], [""보2번호20100211090119"", 157, 42, 145], [""1009(36OkCAl)"", 170, 31, 24], [""TEL 031-957-4/88"", 219, 32, 20], [""돼지고기,우유함유"", 344, 28, 333], [""(식용색소황색제4호,식용색소청색제1호)"", 358, 45, 27], [""영양정보"", 530, 29, 3], [""총내용량당"", 530, 26, 46], [""총내용량"", 554, 29, 4], [""나트륨44mg"", 551, 24, 54], [""2%"", 550, 21, 151], [""지방0g"", 550, 24, 186], [""0%"", 547, 20, 291], [""26.01.31"", 551, 35, 370], [""1009"", 574, 25, 18], [""0수을 889"", 573, 32, 54], [""27%"", 574, 23, 148], [""트랜스지방0g"", 574, 26, 202], [""까지"", 565, 20, 474], [""360/C2l"", 593, 26, 13], [""당류 7g"", 596, 29, 67], [""7%"", 598, 25, 156], [""포화지방0g"", 598, 26, 203], [""0%"", 596, 20, 292], [""콜레스테를Omg"", 618, 32, 60], [""단백질19"", 622, 24, 195], [""2%"", 620, 23, 292], [""OTHER"", 638, 29, 393], [""031-"", 698, 31, 390], [""손비장"", 711, 26, 308], [""상담실"", 728, 28, 307], [""957-4788"", 713, 45, 372]]"
000015,2026,03,01,2026-03-01,s1,Market | 마켓오 브리우니 | 소비 2025.09.02/21.35 부터 | E 기한 2026.03.01/A 까지 | Ket • | JCE 2008 | New,"[[""Market"", 212, 81, 31], [""마켓오 브리우니"", 251, 48, 81], [""E"", 652, 93, 3], [""2025.09.02/21.35"", 614, 31, 298], [""소비"", 626, 25, 212], [""부터"", 617, 26, 511], [""기한"", 648, 27, 212], [""2026.03.01/A"", 638, 29, 298], [""까지"", 639, 22, 509], [""Ket"", 818, 93, 12], [""•"", 838, 59, 224], [""JCE 2008"", 870, 36, 0], [""New"", 914, 93, 344]]"
000016,2026,01,22,2026-01-22,s1,"에서 제조하고 있습니 ·직17""서을 피하고 서늘하고 건조한 곳에보 | 개봉 후 바로 드십시오. | 새우가 쏙~ 으로 검게 보이는 것으로 안심하고 드셔도 | 표던 가 동색 입자는 파슬리 입니다. | 사자 본팀에 의거 교환,환불해드립니다 | 부정 불량식품 신고는 국번없이1399 | ·반품 본사 및 구입한 곳. | 새우와 밀가루를잘혼합한 후스팀을 ·신지를 위해 질소충전포장을 하였습니 | 이용하여 만든 반족을 클러로 앞게 밀어주고 | 식동인전원리인경 | HACCP | y어 | 구원 줍니다. 31801043/0360 | 2026.01.22까지 Oniainal | ④ 안양2B31양혜란 0437 | 드레싱을 골고루 뿌려완성 | 직구 방동) ※농심의 독자적인 설비와 공법으로 만들거, 영양정보 총내용80 410 kCal | 가정에서 동일하게 만들기는 어렵습니다. | 수신자요금부담 농심물 바르라기 나트를460 M9 23%탄수화를 52 9 16% | 023-5181 | 2","[[""에서 제조하고 있습니"", 21, 42, 286], [""·직17\""서을 피하고 서늘하고 건조한 곳에보"", 33, 69, 280], [""개봉 후 바로 드십시오."", 65, 50, 288], [""으로 검게 보이는 것으로 안심하고 드셔도"", 101, 65, 290], [""새우가 쏙~"", 134, 29, 0], [""표던 가 동색 입자는 파슬리 입니다."", 128, 57, 290], [""사자 본팀에 의거 교환,환불해드립니다"", 148, 59, 290], [""부정 불량식품 신고는 국번없이1399"", 172, 55, 290], [""·반품 본사 및 구입한 곳."", 199, 43, 291], [""새우와 밀가루를잘혼합한 후스팀을"", 239, 66, 23], [""·신지를 위해 질소충전포장을 하였습니"", 216, 57, 287], [""이용하여 만든 반족을 클러로 앞게 밀어주고"", 259, 74, 16], [""식동인전원리인경"", 300, 26, 303], [""HACCP"", 316, 27, 303], [""y어"", 358, 20, 2], [""31801043/0360"", 348, 34, 409], [""구원 줍니다."", 370, 36, 4], [""Oniainal"", 424, 29, 596], [""2026.01.22까지"", 449, 34, 331], [""안양2B31양혜란 0437"", 473, 32, 331], [""④"", 488, 20, 48], [""드레싱을 골고루 뿌려완성"", 517, 53, 38], [""영양정보"", 576, 39, 304], [""총내용80"", 555, 43, 518], [""※농심의 독자적인 설비와 공법으로 만들거,"", 591, 32, 32], [""410 kCal"", 574, 34, 536], [""직구"", 590, 23, 0], [""방동)"", 607, 30, 0], [""가정에서 동일하게 만들기는 어렵습니다."", 608, 38, 43], [""나트를460 M9 23%탄수화를 52 9 16%"", 610, 55, 301], [""수신자요금부담"", 640, 41, 0], [""농심물 바르라기"", 636, 30, 133], [""023-5181"", 656, 35, 1], [""2"", 732, 41, 297]]"
000017,2026,11,25,2026-11-25,s1,"영양정보 총 내용량당 기준치에대한비율 1일영양성분 총 내용량당 | 나트름14mo 1% 지방 0e | 총내용량 48m 탄수화물19 0% 트랜스지방0g | 4kcal 당류 0g 0% 포화지방09 | 콜레스테롤Omg 0% 단택질0g | 1일 영양성분 기준치에대한 비을 0)2 2000 /C3 | 기준이으로,개인의 필요 열량에 따라다를 수 있습니다 | ©20r& LeeVin, ATOoNZ. All rights reserved. | 유통판매시법적벌을받습니다. | 2026.11.25","[[""1일영양성분"", 46, 30, 525], [""총 내용량당"", 56, 26, 601], [""영양정보"", 74, 47, 290], [""총 내용량당"", 64, 29, 398], [""기준치에대한비율"", 62, 32, 496], [""나트름14mo"", 94, 29, 400], [""1%"", 85, 20, 568], [""지방 0e"", 89, 32, 600], [""총내용량 48m"", 116, 42, 290], [""탄수화물19"", 122, 31, 401], [""0%"", 112, 23, 566], [""트랜스지방0g"", 116, 23, 608], [""4kcal"", 142, 23, 294], [""당류 0g"", 148, 29, 410], [""0%"", 140, 22, 566], [""포화지방09"", 143, 26, 608], [""콜레스테롤Omg"", 172, 23, 407], [""0%"", 168, 20, 568], [""단택질0g"", 171, 32, 600], [""1일 영양성분 기준치에대한 비을 0)2 2000 /C3"", 198, 33, 407], [""기준이으로,개인의 필요 열량에 따라다를 수 있습니다"", 216, 33, 408], [""©20r& LeeVin, ATOoNZ. All rights reserved."", 260, 37, 276], [""유통판매시법적벌을받습니다."", 311, 28, 278], [""2026.11.25"", 351, 32, 270]]"
000018,2026,04,24,2026-04-24,s1,"OPEN | ABC | 코쿠키 OPEN | 맺있는 곡물로만든 t's ABe Time | 씨리얼 ABC | 초코 초코쿠키 | 쿠키앤크림 | C00 식물성AU53.%,과N45 %.초2쿠/3111 | ABC | 초코쿠키 | 88010628/9896 쿠키앤크림 | 26.04.24.8 까지 | 17.20 | 렛트 HEEDA","[[""OPEN"", 28, 31, 661], [""ABC"", 62, 65, 478], [""씨리얼"", 116, 134, 168], [""맺있는 곡물로만든"", 76, 57, 209], [""코쿠키"", 106, 97, 455], [""초코"", 158, 47, 237], [""OPEN"", 140, 29, 616], [""ABC"", 209, 90, 515], [""t's ABe Time"", 191, 45, 593], [""초코쿠키"", 266, 131, 476], [""C00 식물성AU53.%,과N45 %.초2쿠/3111"", 328, 95, 452], [""쿠키앤크림"", 313, 75, 519], [""ABC"", 447, 36, 524], [""88010628/9896"", 466, 32, 315], [""초코쿠키"", 494, 55, 507], [""26.04.24.8"", 512, 26, 266], [""쿠키앤크림"", 538, 33, 552], [""17.20"", 541, 28, 262], [""까지"", 554, 24, 495], [""렛트"", 638, 106, 236], [""HEEDA"", 722, 139, 454]]"
000019,2026,04,09,2026-04-09,s1,"4가지 지즈로더욱 풍부해진 | 치즈샌드 Rich, | 2025.07.108 | 부터 | 2026.04.09 까지맛있는약속 | Jig | LC","[[""4가지 지즈로더욱 풍부해진"", 210, 33, 278], [""치즈샌드"", 261, 62, 223], [""Rich,"", 272, 32, 472], [""2025.07.108"", 350, 32, 239], [""부터"", 370, 20, 425], [""2026.04.09"", 392, 29, 245], [""까지맛있는약속"", 404, 22, 421], [""Jig"", 794, 35, 139], [""LC"", 936, 46, 495]]"
000020,2025,10,09,2025-10-09,s1,단팥이 가득 DELICIOUS | 단팥빵 | *SINCE | J94 | 나2025.10.09 까지.A1-58대 GOODQUA,"[[""단팥이 가득"", 181, 79, 214], [""DELICIOUS"", 170, 29, 472], [""단팥빵"", 256, 142, 107], [""*SINCE"", 413, 25, 601], [""J94"", 446, 50, 598], [""나2025.10.09 까지.A1-58대"", 476, 45, 244], [""GOODQUA"", 486, 20, 627]]"
000021,2025,10,10,2025-10-10,s1,헉 | 풍미를살린 패스쥬리 호밀 발효종을 넣어 부드러운 부담은 201/10-2320 | 025.10.10까지A신재명,"[[""호밀 발효종을 넣어 부드러운"", 270, 252, 162], [""풍미를살린 패스쥬리"", 264, 191, 130], [""헉"", 218, 47, 657], [""부담은"", 248, 22, 671], [""201/10-2320"", 269, 30, 668], [""025.10.10까지A신재명"", 582, 41, 233]]"
000022,2025,10,14,2025-10-14,s1,"KIRIN | 가영양 | 고구마 | 크림빵 25.10.14까지.A1.F2 | ESH SLOW BREAD | ""연출된 예 | 복합 | 구마/20%) 특허유산균 | 2유산2프21스 0.005 부담은","[[""KIRIN"", 236, 95, 93], [""가영양"", 290, 26, 25], [""고구마"", 330, 70, 42], [""크림빵"", 383, 102, 0], [""25.10.14까지.A1.F2"", 426, 88, 296], [""ESH SLOW BREAD"", 444, 55, 0], [""\""연출된 예"", 593, 48, 145], [""복합"", 665, 45, 468], [""특허유산균"", 715, 116, 371], [""구마/20%)"", 702, 45, 5], [""2유산2프21스 0.005"", 744, 70, 4], [""부담은"", 762, 93, 390]]"
000023,2025,10,10,2025-10-10,s1,빅단팥슈크림빵 | 25.10.10까지.A1.F2 | 맛도BG!기도B | 산균 | 공법 | 풍부한 단팥앙금 수크림 | 36o kcal),"[[""빅단팥슈크림빵"", 355, 178, 61], [""25.10.10까지.A1.F2"", 538, 68, 334], [""맛도BG!기도B"", 611, 40, 406], [""산균"", 723, 56, 0], [""공법"", 751, 48, 0], [""풍부한"", 779, 26, 0], [""36o kcal)"", 818, 45, 0], [""단팥앙금"", 832, 35, 376], [""수크림"", 846, 29, 507]]"
000024,2025,10,11,2025-10-11,clahe,통밀시방 | 발효빵맞춤 | 허유산균 F.. | 요공법 25.10.117 | 부한 | 고 | 18.8.% | 02미스0.002.% 이미지 사진입니다. | (1.480kCAl),"[[""통밀시방"", 207, 161, 129], [""발효빵맞춤"", 334, 35, 1], [""허유산균"", 370, 56, 0], [""F.."", 390, 41, 151], [""요공법"", 409, 49, 0], [""25.10.117"", 439, 79, 143], [""고"", 460, 12, 24], [""부한"", 448, 39, 50], [""18.8.%"", 626, 48, 0], [""02미스0.002.%"", 655, 50, 0], [""(1.480kCAl)"", 686, 47, 2], [""이미지 사진입니다."", 698, 35, 521]]"
000025,2026,06,11,2026-06-11,s1,"닭고기 | '합포함),짓 | 2026.06.11A 까지","[[""닭고기"", 58, 41, 395], [""'합포함),짓"", 79, 65, 384], [""까지"", 342, 53, 464], [""2026.06.11A"", 382, 76, 182]]"
000026,2025,11,13,2025-11-13,s1,앤스지방 0g | 표화지방 5g | 콜레스테롤 0mg | 단백질 11g | 1일 영양성북 긴준침엘 대한 비육 | 에 따라다를 수있습니다. | OTI | 809486 992593 | 소비기한 | 2025.11.13 | 까지,"[[""앤스지방"", 54, 29, 264], [""0g"", 56, 27, 340], [""표화지방"", 74, 23, 251], [""5g"", 79, 26, 340], [""콜레스테롤"", 99, 34, 240], [""0mg"", 106, 28, 335], [""단백질"", 126, 29, 239], [""11g"", 131, 27, 323], [""1일 영양성북 긴준침엘 대한 비육"", 156, 41, 239], [""에 따라다를 수있습니다."", 185, 28, 238], [""OTI"", 336, 25, 492], [""809486"", 352, 20, 257], [""992593"", 349, 22, 351], [""소비기한"", 416, 37, 218], [""2025.11.13"", 492, 29, 289], [""까지"", 532, 33, 494]]"
000027,2026,04,27,2026-04-27,s1,01001 | E0.27.04.2026 | P0.28.04.2025 | F07.57,"[[""01001"", 107, 32, 229], [""E0.27.04.2026"", 473, 34, 182], [""P0.28.04.2025"", 498, 33, 182], [""F07.57"", 524, 32, 180]]"
000028,2025,03,31,2025-03-31,s1,GHANA행복사서항 | 070-4567-5050 가나와 함께한 50년의 이야기를 | 지금 바로 들어보세요 | (용성에세지유효기2.-25.3.31) | 0909-120-08088YNN8/Y223 B한간 2.8. %61661%9661/ ∞ | 품릿습 | 변정통서 | 통능,"[[""GHANA행복사서항"", 97, 50, 321], [""070-4567-5050"", 150, 38, 53], [""가나와 함께한 50년의 이야기를"", 142, 40, 324], [""지금 바로 들어보세요"", 174, 35, 324], [""(용성에세지유효기2.-25.3.31)"", 199, 34, 325], [""0909-120-08088YNN8/Y223"", 566, 332, 105], [""%61661%9661/"", 556, 319, 210], [""B한간 2.8."", 540, 267, 162], [""∞"", 634, 20, 542], [""품릿습"", 802, 33, 427], [""변정통서"", 893, 38, 398], [""통능"", 944, 31, 398]]"
000029,2026,08,02,2026-08-02,s1,"총내 | 영등보 | 워미구 | 고번호 포화지방 | 대료명 콜레스테를 | 단백질4 | 1일영양성분 | 기준이므로 개 | 유화제,향료IV ·제품0 | 돼지고기, 복승아 함유 30°C | 낮은습 습 | 롯데웰푸드 | 비닐류 | 801062/898862 OTHER | 2026.08.02H1 | 까지 | )","[[""총내"", 30, 29, 677], [""영등보"", 94, 35, 242], [""포화지방"", 130, 37, 631], [""워미구"", 143, 31, 261], [""콜레스테를"", 152, 42, 617], [""고번호"", 173, 30, 202], [""대료명"", 187, 27, 191], [""단백질4"", 175, 41, 623], [""1일영양성분"", 200, 32, 632], [""기준이므로 개"", 216, 30, 635], [""·제품0"", 251, 36, 639], [""유화제,향료IV"", 300, 50, 130], [""30°C"", 278, 39, 646], [""낮은습"", 308, 45, 649], [""습"", 304, 25, 701], [""돼지고기, 복승아 함유"", 300, 86, 316], [""롯데웰푸드"", 389, 44, 252], [""비닐류"", 457, 32, 476], [""801062/898862"", 516, 38, 166], [""OTHER"", 510, 42, 463], [""2026.08.02H1"", 624, 42, 164], [""까지"", 648, 38, 464], ["")"", 656, 23, 687]]"
000030,2028,08,17,2028-08-17,s1,"3.480 | 3.480 | SPAM | SPAM | 맛의비밀 MA6 | 맛이깔끔한 28.08.17 1644/2까2 | 는 맛있게 | 기부방법 | 게 | ? 1 점선을따라 2 | 금호수를채취, SPAM 파우치를 SPAM | 사이프리스 열어주세요 | 제) 돼지고기 함유 | 원면 광혜원산단2길112 보관방법 실온보관 | 30405015-210 포장재질(내면)폴리프로필런 | 총 내용량 80 g/250 kC | 영양정보","[[""3.480"", 20, 30, 288], [""3.480"", 40, 32, 276], [""SPAM"", 114, 67, 77], [""SPAM"", 192, 67, 97], [""MA6"", 370, 28, 476], [""맛의비밀"", 384, 36, 0], [""28.08.17"", 414, 42, 243], [""1644/2까2"", 406, 33, 431], [""맛이깔끔한"", 415, 32, 0], [""는 맛있게"", 436, 26, 0], [""기부방법"", 450, 23, 114], [""게"", 470, 23, 0], [""?"", 501, 22, 0], [""1"", 494, 25, 105], [""점선을따라"", 504, 38, 191], [""2"", 494, 26, 293], [""금호수를채취,"", 522, 20, 0], [""SPAM"", 524, 23, 134], [""파우치를"", 528, 30, 190], [""SPAM"", 524, 22, 320], [""사이프리스"", 553, 24, 0], [""열어주세요"", 551, 26, 193], [""제)"", 718, 28, 2], [""돼지고기 함유"", 710, 29, 339], [""원면 광혜원산단2길112"", 776, 36, 2], [""보관방법 실온보관"", 772, 38, 267], [""30405015-210"", 812, 33, 0], [""포장재질(내면)폴리프로필런"", 800, 39, 260], [""총 내용량 80 g/250 kC"", 840, 39, 317], [""영양정보"", 858, 33, 14]]"
000031,2026,02,14,2026-02-14,s1,신상품 | 기격 1 1.460 2개 | 알인 구매시알인 | 2026.02.1412 | 0839 A182 | 간르이는 용원해,"[[""신상품"", 117, 24, 588], [""기격"", 146, 40, 334], [""1"", 136, 23, 431], [""2개"", 145, 40, 580], [""1.460"", 156, 28, 431], [""알인"", 169, 22, 342], [""구매시알인"", 172, 29, 566], [""2026.02.1412"", 500, 62, 133], [""0839 A182"", 538, 55, 187], [""간르이는"", 602, 54, 127], [""용원해"", 610, 50, 346]]"
000032,2040,02,13,2040-02-13,det5,B2 13.40 | 너라면할 수있어,"[[""B2 13.40"", 508, 62, 178], [""너라면할"", 560, 81, 121], [""수있어"", 573, 70, 288]]"
000033,2026,06,17,2026-06-17,s1,1.660 | 1.770 | LOTTE PEPERO | 26.06.17.09.29.F2 까지,"[[""1.660"", 349, 36, 278], [""1.770"", 380, 43, 541], [""PEPERO"", 497, 62, 357], [""LOTTE"", 506, 43, 227], [""26.06.17.09.29.F2"", 561, 52, 202], [""까지"", 566, 37, 550]]"
000034,2026,06,30,2026-06-30,erode5,1.660 | −·− − PEPERO | 26.06.30.05.18 F2,"[[""1.660"", 266, 44, 285], [""PEPERO"", 485, 57, 345], [""−·− −"", 492, 20, 225], [""26.06.30.05.18 F2"", 560, 45, 188]]"
000035,2026,08,17,2026-08-17,det5,33 | 2026.08.1712 | 248 1043,"[[""33"", 110, 25, 583], [""2026.08.1712"", 458, 72, 141], [""248 1043"", 498, 65, 135]]"
000036,2026,08,26,2026-08-26,s1,1+1 3.980 1+1 | 야채죽 | 단호박죽 | 2026.08.2602 | 11:48 전복 F3,"[[""1+1"", 77, 36, 239], [""3.980"", 78, 23, 348], [""1+1"", 75, 38, 576], [""야채죽"", 159, 66, 311], [""단호박죽"", 234, 65, 463], [""2026.08.2602"", 524, 39, 201], [""11:48 전복 F3"", 560, 43, 199]]"
000037,2026,07,17,2026-07-17,s1,1+1 | 조리예 | 고객상담실 080- 9번 | 박주 | 2026.07.17.까지 | 22.59단F3,"[[""1+1"", 196, 31, 601], [""고객상담실 080-"", 272, 91, 364], [""조리예"", 250, 41, 153], [""9번"", 267, 34, 558], [""박주"", 318, 35, 554], [""2026.07.17.까지"", 547, 51, 161], [""22.59단F3"", 598, 70, 164]]"
000038,2027,02,12,2027-02-12,s1,오뚜기크림스프80G | 2.590 | 1+1 3.980 | EF | ISOUP | IPUMPKIN | 2027.02.12/K | 콘스프 | 캅스프 | VONO,"[[""오뚜기크림스프80G"", 63, 42, 147], [""2.590"", 104, 62, 196], [""1+1"", 165, 38, 538], [""3.980"", 181, 26, 635], [""EF"", 194, 31, 0], [""ISOUP"", 217, 35, 0], [""IPUMPKIN"", 259, 30, 227], [""2027.02.12/K"", 543, 61, 159], [""캅스프"", 622, 41, 141], [""콘스프"", 614, 54, 379], [""VONO"", 637, 27, 54]]"
000039,2026,05,26,2026-05-26,det5,가 | 할인 | 2026.05.26.12.B | 알께해요 소년 도박,"[[""가"", 112, 27, 681], [""할인"", 140, 37, 661], [""2026.05.26.12.B"", 506, 83, 178], [""알께해요"", 538, 79, 115], [""소년"", 551, 84, 310], [""도박"", 558, 57, 426]]"
000040,2025,10,11,2025-10-11,s1,2025.10.1102 | 10 25DNE AB17 | GOOD TODAY,"[[""2025.10.1102"", 512, 46, 251], [""10 25DNE AB17"", 557, 49, 254], [""GOOD TODAY"", 889, 26, 280]]"
000041,2025,10,11,2025-10-11,s1,2025.10.1102 | 10 52DNE B25 | GOOD TODAY | 제주A2,"[[""2025.10.1102"", 500, 34, 209], [""10 52DNE B25"", 538, 37, 211], [""GOOD TODAY"", 839, 24, 196], [""제주A2"", 912, 65, 103]]"
000042,2025,10,12,2025-10-12,s1,Denmark | Min | 2025.10.12.A31 | nmarh,"[[""Denmark"", 398, 38, 538], [""Min"", 467, 26, 652], [""2025.10.12.A31"", 592, 77, 279], [""nmarh"", 680, 109, 107]]"
000043,NONE,NONE,NONE,NONE,fail,띠아 | ET 01 Denma 미 | Iy눔롬을 | 등히개 | 터미 | 정 | 5 풍 O 환한 | V 이저 | 20/7 MIW 풍목 O봉 요중한니 거밀 | 0 고번호 포장재질 100%.국 원재료명 명칭 10.14 09.45 PA 데마: UA ST.60TT01 10.13 10.131 10.131 10.131 10.13 1 m 품보에 제장내두기하가다량 세복여이 양8 | 움 O 폴리 1A | 0 AA ST.60 11 01 | 2.AH 2.A ewuae Denma Denma Denma Denma | 10.1409.45 10.14 09.45 PA 10.14 09.45 PA 10.14 09.45 PA 10.14 09.45 PA Põ SUN GE 1988 2N/00 1000 | 12T 01 데마크 | |y눔롬 유통기한 유통기한제품 상 Dp De 상단표 월F8B 10.13 Milk ik | 및소재지 영업장의 명칭 영업장의 명칭 및소재지 영업장의 명칭 및소재지 정읍 A원 1A원유 금원유 10.13 10.13 | 원재료명 원재료명1A등급 100%국산.세2 세균 | 포장재질 199804 덴마크 덴마크 덴마크 | 품목보고번호 그번호 이 0 매니쉬우 H니쉬우유 H니쉬우유 | 관 130C ·개봉 요 제 등 동물복지 동물복지 | 세 복승아 선 복지 | 동일 | 하기다 고 에 희 건 교 번 Denma Denma | 영양정보 10.14 09.45 PA 10.14 09.45 PA SUN CE 1985 S/N CE 1985 | 제품상단표기일까 Fresh Fresh | 유통기한 Milk Miik | 영업장의 명칭 영업장의 명칭 전 1A등급원유 TA동급원유 | 및소재지 및소재지 | 100%. 덴마크 덴마크 | 표준화우 C이상 살에! ·유지방할 내 니쉬우 H니쉬우유 | .1 관·개봉후 후 이체 이제활동 동 | 에 드세요 아. 토아 D 동물복지 물복지 | 내두기하기 품과 0 | 었니다 | 영양정보 영양정보,"[[""10.13 1"", 424, 59, 620], [""10.14 09.45 PA"", 514, 83, 224], [""Denma"", 531, 82, 591], [""유통기한제품 상"", 651, 50, 267], [""상단표"", 646, 43, 422], [""영업장의 명칭"", 676, 47, 263], [""월F8B"", 662, 36, 449], [""ik"", 687, 42, 546], [""및소재지"", 697, 42, 279], [""정읍"", 692, 36, 408], [""1A원유"", 710, 49, 529], [""덴마크"", 791, 119, 516], [""H니쉬우유"", 843, 168, 476], [""130C"", 820, 24, 310], [""동물복지"", 881, 113, 494], [""이"", 818, 12, 366], [""관"", 830, 16, 295], [""·개봉"", 834, 18, 314], [""세"", 847, 12, 318], [""요"", 848, 11, 334], [""5"", 260, 11, 323], [""데마:"", 354, 61, 482], [""10.13"", 422, 56, 619], [""10.1409.45"", 512, 81, 220], [""Denma"", 532, 87, 589], [""Põ"", 526, 39, 412], [""영업장의 명칭"", 676, 58, 257], [""Milk"", 687, 74, 519], [""및소재지"", 696, 45, 277], [""A원"", 709, 56, 528], [""원재료명"", 716, 42, 260], [""세균"", 739, 36, 394], [""덴마크"", 791, 132, 504], [""포장재질"", 762, 39, 260], [""H니쉬우유"", 840, 192, 460], [""품목보고번호"", 781, 44, 254], [""제"", 839, 18, 391], [""동물복지"", 882, 120, 489], [""복승아"", 859, 20, 308], [""하기다"", 883, 44, 246], [""고"", 879, 14, 267], [""에"", 893, 21, 264], [""선"", 883, 33, 472], [""희"", 896, 17, 303], [""건"", 898, 13, 325], [""동일"", 890, 11, 399], [""교"", 908, 15, 343], [""번"", 912, 15, 376], [""영양정보"", 948, 25, 248], [""10.14 09.45 PA"", 344, 247, 400], [""20/7"", 256, 11, 47], [""풍목"", 282, 41, 173], [""포장재질"", 304, 89, 179], [""100%.국"", 322, 118, 197], [""원재료명"", 312, 100, 224], [""0"", 332, 10, 137], [""고번호"", 348, 56, 166], [""움"", 356, 12, 121], [""명칭"", 376, 46, 265], [""O"", 373, 12, 136], [""폴리"", 380, 38, 183], [""1A"", 380, 35, 225], [""0"", 406, 9, 174], [""10.13"", 662, 87, 511], [""|y눔롬"", 592, 136, 26], [""ET 01"", 55, 86, 395], [""띠아"", 68, 85, 782], [""미"", 121, 75, 761], [""Denma"", 63, 133, 483], [""UA ST.60TT01"", 375, 244, 472], [""풍"", 306, 18, 647], [""정"", 300, 15, 683], [""O"", 342, 11, 837], [""환한"", 350, 26, 884], [""O봉"", 364, 19, 812], [""요중한니"", 380, 28, 835], [""이저"", 362, 21, 848], [""m"", 389, 14, 809], [""세복여이"", 400, 36, 835], [""거밀"", 387, 23, 886], [""양8"", 437, 71, 933], [""품보에"", 437, 23, 798], [""제장내두기하가다량"", 459, 35, 794], [""Iy눔롬을"", 77, 118, 57], [""등히개"", 120, 175, 0], [""터미"", 170, 121, 24], [""V"", 250, 48, 117], [""MIW"", 272, 59, 106], [""ewuae"", 429, 78, 0], [""AA ST.60 11 01"", 445, 82, 254], [""12T 01"", 534, 61, 0], [""10.131"", 424, 62, 619], [""10.14 09.45 PA"", 515, 82, 223], [""Denma"", 532, 81, 591], [""SUN GE 1988"", 571, 67, 610], [""유통기한"", 650, 40, 269], [""영업장의 명칭"", 676, 47, 263], [""및소재지"", 697, 37, 282], [""원재료명1A등급"", 719, 52, 259], [""금원유"", 715, 34, 550], [""100%국산.세2"", 743, 44, 261], [""그번호"", 786, 14, 329], [""199804"", 778, 34, 383], [""0"", 811, 8, 399], [""Dp"", 654, 46, 389], [""10.13"", 846, 107, 1244], [""10.14 09.45 PA"", 1029, 164, 446], [""Denma"", 1062, 148, 1191], [""SUN CE 1985"", 1139, 131, 1220], [""Fresh"", 1324, 77, 1074], [""영업장의 명칭"", 1351, 92, 523], [""Miik"", 1375, 128, 1052], [""및소재지"", 1395, 80, 557], [""전"", 1387, 26, 831], [""TA동급원유"", 1420, 80, 1067], [""100%."", 1481, 102, 511], [""덴마크"", 1582, 221, 1038], [""니쉬우"", 1673, 301, 954], [""표준화우"", 1598, 60, 526], [""·유지방할"", 1592, 79, 731], [""살에!"", 1622, 37, 778], ["".1"", 1633, 14, 592], [""C이상"", 1636, 32, 694], [""내"", 1646, 17, 796], [""후"", 1664, 22, 741], [""이체"", 1677, 46, 743], [""동"", 1709, 81, 1016], [""D"", 1702, 23, 780], [""물복지"", 1779, 156, 1058], [""0"", 1754, 13, 779], [""영양정보"", 1898, 50, 498], [""De"", 655, 62, 382], [""데마크"", 710, 100, 980], [""10.13"", 842, 93, 1248], [""10.14 09.45 PA"", 1030, 165, 445], [""Denma"", 1062, 141, 1194], [""S/N CE 1985"", 1139, 130, 1220], [""유통기한"", 1300, 78, 542], [""제품상단표기일까"", 1284, 165, 741], [""Fresh"", 1323, 81, 1072], [""영업장의 명칭"", 1352, 93, 523], [""Milk"", 1375, 127, 1050], [""및소재지"", 1394, 77, 561], [""1A등급원유"", 1420, 81, 1065], [""덴마크"", 1582, 223, 1037], [""H니쉬우유"", 1678, 370, 925], [""관·개봉후"", 1664, 58, 568], [""내두기하기"", 1716, 135, 497], [""동물복지"", 1766, 226, 992], [""에"", 1679, 32, 546], [""드세요"", 1692, 46, 586], [""이제활동"", 1667, 112, 726], [""토아"", 1708, 49, 730], [""었니다"", 1720, 24, 0], [""품과"", 1744, 68, 699], [""아."", 1718, 30, 700], [""영양정보"", 1898, 51, 496], [""10.131"", 424, 65, 618], [""2.A"", 452, 73, 0], [""10.14 09.45 PA"", 514, 87, 223], [""10.131"", 424, 61, 619], [""2.AH"", 452, 70, 0], [""10.14 09.45 PA"", 514, 83, 224], [""Denma"", 531, 79, 592], [""2N/00 1000"", 574, 52, 622], [""덴마크"", 790, 115, 516], [""등"", 857, 33, 510], [""복지"", 898, 55, 566], [""매니쉬우"", 836, 160, 472]]"
000044,2026,02,NONE,2026-02-NONE,s1,26.02.0/까지 123.53 | HEC | CJ2i-,"[[""26.02.0/까지"", 306, 71, 181], [""123.53"", 320, 62, 385], [""HEC"", 401, 27, 328], [""CJ2i-"", 456, 102, 230]]"
000045,2027,04,21,2027-04-21,s1,·:가공 | ·원명:A() | 변질용은 구입처및 본사에서교형하며 본제용은 공정거래워원회고시 | 역8 18S/CL한수화울21069).0U80 0).9류19 | 품질경영 및 공산품 안전관리법에의한 품질표시 | 2027/04/21 IKS,"[[""·:가공"", 150, 23, 200], [""·원명:A()"", 174, 23, 201], [""변질용은 구입처및 본사에서교형하며 본제용은 공정거래워원회고시"", 300, 24, 206], [""역8 18S/CL한수화울21069).0U80 0).9류19"", 358, 24, 214], [""품질경영 및 공산품 안전관리법에의한 품질표시"", 420, 22, 203], [""IKS"", 529, 44, 430], [""2027/04/21"", 534, 43, 242]]"
000046,2025,10,10,2025-10-10,s1,소비기한 | 나2025.10.10.까지.0.현종,"[[""소비기한"", 615, 38, 116], [""나2025.10.10.까지.0.현종"", 692, 49, 228]]"
000047,2027,04,14,2027-04-14,s1,"자르기 | 품목보고번호 19850499011231 식품유형 양조 | 업소명 및 대상(주)순창공장:전북특별자치도 순 | 조재치 순창읍 순창로30 | 원재료명 정제수,탈지대두{외국산(인도·미국·중국) | 비아(감미료),종국,영양강화제 대두밀함유 | 내포장재질 용기-폴리에틸렌테레프탈레이트,뚜 | 에틸렌 | 8고객상담실 F2408 | DAESANG | 소중한 자원,깨끗한 환경 | 소비기한 | 2027.04.14.15.55","[[""자르기"", 34, 21, 340], [""19850499011231"", 102, 29, 129], [""식품유형 양조"", 106, 38, 325], [""품목보고번호"", 111, 36, 23], [""대상(주)순창공장:전북특별자치도 순"", 136, 39, 98], [""업소명 및"", 142, 33, 21], [""조재치"", 168, 31, 21], [""순창읍 순창로30"", 162, 37, 100], [""원재료명"", 198, 29, 24], [""정제수,탈지대두{외국산(인도·미국·중국)"", 195, 32, 93], [""비아(감미료),종국,영양강화제"", 290, 31, 25], [""대두밀함유"", 286, 34, 291], [""내포장재질"", 332, 33, 25], [""용기-폴리에틸렌테레프탈레이트,뚜"", 319, 45, 114], [""에틸렌"", 350, 31, 114], [""8고객상담실"", 556, 41, 88], [""F2408"", 541, 32, 306], [""DAESANG"", 566, 35, 347], [""소중한 자원,깨끗한 환경"", 630, 53, 37], [""소비기한"", 674, 43, 39], [""2027.04.14.15.55"", 697, 62, 141]]"
000048,2026,06,12,2026-06-12,s1,nlb uael | unlabe 1 100 만이야기 아기 절병 | 26.06.12까지F111401.33GB,"[[""nlb"", 295, 26, 134], [""uael"", 311, 40, 284], [""만이야기"", 348, 57, 290], [""아기 절병"", 348, 61, 498], [""unlabe"", 352, 30, 60], [""1 100"", 363, 38, 169], [""26.06.12까지F111401.33GB"", 668, 37, 132]]"
000049,2026,03,01,2026-03-01,s1,ket | 2브라우니 | 소비 2025.09.02/21.35 부터 | 기한 2026.03.01/A 까지,"[[""ket"", 156, 78, 0], [""2브라우니"", 196, 55, 0], [""2025.09.02/21.35"", 632, 34, 238], [""소비"", 643, 36, 98], [""부터"", 644, 37, 568], [""기한"", 680, 40, 98], [""2026.03.01/A"", 671, 36, 238], [""까지"", 678, 36, 562]]"
000050,2025,09,30,2025-09-30,s1,"제품명 후레쉬 미니제리(빙수용) 영양정보 | 식품유형 캔디류 내용량 200 9 총내용량 200 | 100g당348 kCa | 원재료명 농축액, 사과농축액, 오렌지농축액,레몬농축액,혼합제제 100 g당 1일영양성분 | 나트륨 기준치에 대한비을 | 1(프로필렌글리콜 저 합성향료,트리아세틴),합성향료 65 Mg 3% | 혼합제제2(주정,천연방 프로필렌글리콜,합성향료),혼 탄수화물 879 21% | 합제제3(프로필렌글리콜,주정, 합성향료,젖산)혼합제 당류 669 66% | 제4(천연항료,프로필렌글리콜,주정),홍국색소,혼합제제 지방 0g 0% | 트랜스지방 0g | 포화지방 0g 0% | 콜레스테롤 0mg 0% | 출색소,정제수,β3-카로틴(착색료),비타민타} | 단백질 0g | 소비기한 후면표기일까지 | 포장재질 플리프로필렌2025.09.30 기준이므로 개인의 필요 열량에 따라 다불수 1일 영양성분 기준치에 대한비을(%)은2 | 제조원 달공씨앤에프/경기도 파주시 정문로 | 543-1(가동) 끔과사랑의 과자 | 유통전문판매원 (주)청우식품/경기도포천시영중면 (주)청우식품 | 먼재킬 129 7객행복센터 | 080-039-8585 | 반품및교제조원 및 판매원 www.cwfood.co.kr | 8801204","[[""제품명"", 38, 36, 19], [""후레쉬 미니제리(빙수용)"", 38, 31, 128], [""영양정보"", 64, 83, 514], [""식품유형"", 72, 42, 20], [""캔디류"", 71, 32, 125], [""내용량 200 9"", 71, 30, 269], [""총내용량 200"", 81, 50, 645], [""100g당348 kCa"", 102, 55, 621], [""원재료명"", 107, 40, 24], [""100 g당"", 122, 41, 522], [""농축액, 사과농축액, 오렌지농축액,레몬농축액,혼합제제"", 136, 52, 25], [""1일영양성분"", 137, 41, 641], [""기준치에 대한비을"", 154, 44, 612], [""저 합성향료,트리아세틴),합성향료"", 166, 32, 164], [""나트륨"", 164, 43, 513], [""1(프로필렌글리콜"", 168, 41, 30], [""65 Mg 3%"", 186, 47, 592], [""프로필렌글리콜,합성향료),혼"", 199, 38, 237], [""혼합제제2(주정,천연방"", 201, 43, 32], [""탄수화물"", 204, 42, 510], [""879 21%"", 220, 38, 605], [""합제제3(프로필렌글리콜,주정, 합성향료,젖산)혼합제"", 235, 46, 34], [""당류"", 240, 33, 521], [""669 66%"", 253, 36, 610], [""제4(천연항료,프로필렌글리콜,주정),홍국색소,혼합제제"", 268, 41, 39], [""지방"", 276, 32, 514], [""0g 0%"", 286, 34, 619], [""트랜스지방"", 314, 37, 524], [""0g"", 320, 29, 623], [""포화지방"", 350, 35, 524], [""0g"", 354, 29, 623], [""0%"", 356, 25, 668], [""출색소,정제수,β3-카로틴(착색료),비타민타}"", 394, 34, 54], [""콜레스테롤"", 388, 27, 516], [""0mg"", 389, 32, 609], [""0%"", 389, 24, 668], [""소비기한"", 425, 32, 52], [""후면표기일까지"", 432, 37, 128], [""단백질"", 424, 34, 512], [""0g"", 424, 29, 622], [""포장재질"", 456, 35, 49], [""플리프로필렌2025.09.30"", 457, 60, 124], [""1일 영양성분 기준치에 대한비을(%)은2"", 460, 27, 513], [""제조원"", 483, 36, 51], [""달공씨앤에프/경기도 파주시 정문로"", 496, 41, 131], [""기준이므로 개인의 필요 열량에 따라 다불수"", 477, 32, 511], [""543-1(가동)"", 518, 37, 131], [""유통전문판매원"", 534, 41, 59], [""(주)청우식품/경기도포천시영중면"", 550, 50, 130], [""끔과사랑의 과자"", 530, 32, 502], [""먼재킬 129"", 570, 39, 130], [""(주)청우식품"", 555, 50, 499], [""반품및교제조원 및 판매원"", 628, 83, 58], [""7객행복센터"", 592, 35, 550], [""080-039-8585"", 619, 46, 515], [""www.cwfood.co.kr"", 640, 41, 515], [""8801204"", 792, 54, 485]]"
000051,2026,01,12,2026-01-12,det5,"048.45 | 2026.01.12 | 피크닉,사과 | 04.45 | 2026.01.12 | 피크닉사과","[[""048.45"", 168, 55, 465], [""2026.01.12"", 209, 62, 346], [""피크닉,사과"", 434, 85, 204], [""04.45"", 632, 66, 436], [""2026.01.12"", 676, 57, 327], [""피크닉사과"", 911, 85, 183]]"
000052,2025,11,19,2025-11-19,s1,"나섯 가지 야채, | 토마토 | 시금치 | 입어요 | 감자 | 고객지원센터 수신사 요금 부5 080-024-6060 | 09.00G | SNac: 2025.11.19 | 다코코!","[[""나섯 가지 야채,"", 180, 34, 314], [""토마토"", 296, 24, 54], [""시금치"", 308, 21, 167], [""입어요"", 352, 38, 114], [""감자"", 412, 32, 58], [""고객지원센터"", 508, 27, 69], [""수신사 요금 부5 080-024-6060"", 502, 28, 183], [""09.00G"", 554, 24, 235], [""2025.11.19"", 586, 30, 206], [""SNac:"", 598, 45, 44], [""다코코!"", 820, 32, 28]]"
000053,2025,12,20,2025-12-20,rot90,202512.20m1- 자르기,"[[""202512.20m1-"", 230, 303, 371], [""자르기"", 362, 47, 916]]"
000054,2025,10,08,2025-10-08,s1,오 | 미니 꿀호떡 | 가25.10.08까지E0영자 | 16 개입/M2001.124k21 | 0.56%.00 06.쌀가루051,"[[""오"", 104, 167, 351], [""미니 꿀호떡"", 272, 67, 257], [""가25.10.08까지E0영자"", 625, 51, 237], [""16"", 750, 82, 168], [""개입/M2001.124k21"", 744, 66, 237], [""06.쌀가루051"", 807, 53, 321], [""0.56%.00"", 820, 49, 1]]"
000055,2026,08,04,2026-08-04,s1,내용량 3209 제품명새상큼초고추장 식품유형혼합장(살군제품 | 품목보2번호/20100904/97 | 원재료명 | 장 | LOW 플라스틱 | TAG | 100 09 영양정보 총내용량3209/109당225 /C | 류 4g | 소비기한 | 2026.08.04,"[[""제품명새상큼초고추장"", 176, 39, 235], [""식품유형혼합장(살군제품"", 174, 51, 417], [""내용량 3209"", 198, 33, 238], [""품목보2번호/20100904/97"", 198, 41, 408], [""원재료명"", 262, 29, 240], [""장"", 382, 89, 0], [""LOW"", 460, 55, 10], [""플라스틱"", 456, 25, 548], [""TAG"", 489, 50, 20], [""영양정보"", 524, 25, 262], [""총내용량3209/109당225 /C"", 524, 41, 432], [""100 09"", 530, 63, 20], [""4g"", 558, 43, 68], [""류"", 576, 22, 35], [""소비기한"", 613, 32, 267], [""2026.08.04"", 636, 31, 320]]"
000056,2026,07,11,2026-07-11,s1,"소맛있는 | 양님틈뿐 | 품목보2한호198504901.재료명 된장50소택분 영양정보 10  당 215 kCA 총내용량 5009 | 미국,호주신)대두(외국신),정제소금 종국, 물엇 정제수,복음대두 | 분대두외국신(미국,캐나다.호주 등).기타과당,고추양팀중국산)주정 30E 230 9107 36 110류28028 | 설당,마능농축액,효모씨즈닝,미를 육수베이스분말,생강농축액 복음참께 지방 39978E2N방09포화지방06948 | 려업소명및소재지대생주 수창공장전북수창군순창을순창로30 | ·오래둘수록색이 진해질 수 있으나 숙성에 의한 현상이므로 안심하고 드셔도 됩니다.제품중의검은입자는대두의일부분으로안심하고드셔도됩니다. 8고객상담080-019-9119/수자요금부담) | ·사늘하고 건조한 곳에 보관,개봉 후 냉장보관 ·반품 및 교환장소고객상담실 및 구입처·본 ·제조일: 2025.07.12 | 부정 블량식룹 신는국번업이 139 제품은 소비자기본법에 의거 교환 또는 보상 ·소비기한: 2026.07.11 까지 | 대두.밀.망F23206 | 8801052 438016  DAESANG | hps/ww.daesang.com 뚜영PP,드A:OTHER | 청정원 DAESANG | 수츠 고소하고 맛있는","[[""소맛있는"", 20, 29, 423], [""양님틈뿐"", 78, 93, 389], [""품목보2한호198504901.재료명 된장50소택분"", 400, 35, 97], [""미국,호주신)대두(외국신),정제소금 종국, 물엇 정제수,복음대두"", 420, 37, 76], [""영양정보"", 418, 37, 345], [""총내용량 5009"", 411, 26, 472], [""분대두외국신(미국,캐나다.호주 등).기타과당,고추양팀중국산)주정"", 440, 39, 60], [""10  당 215 kCA"", 428, 25, 446], [""설당,마능농축액,효모씨즈닝,미를 육수베이스분말,생강농축액 복음참께"", 458, 40, 51], [""30E 230 9107 36 110류28028"", 446, 31, 336], [""지방 39978E2N방09포화지방06948"", 466, 27, 339], [""려업소명및소재지대생주 수창공장전북수창군순창을순창로30"", 497, 46, 54], [""·오래둘수록색이 진해질 수 있으나 숙성에 의한 현상이므로 안심하고 드셔도"", 515, 42, 58], [""됩니다.제품중의검은입자는대두의일부분으로안심하고드셔도됩니다."", 533, 44, 58], [""8고객상담080-019-9119/수자요금부담)"", 534, 29, 340], [""·사늘하고 건조한 곳에 보관,개봉 후 냉장보관"", 548, 33, 61], [""·반품 및 교환장소고객상담실 및 구입처·본"", 566, 37, 63], [""·제조일:"", 567, 24, 235], [""2025.07.12"", 572, 43, 309], [""제품은 소비자기본법에 의거 교환 또는 보상"", 585, 42, 67], [""부정 블량식룹 신는국번업이 139"", 602, 37, 67], [""·소비기한:"", 599, 28, 233], [""2026.07.11"", 612, 42, 308], [""까지"", 608, 24, 508], [""대두.밀.망F23206"", 642, 32, 284], [""8801052 438016"", 673, 41, 80], ["" DAESANG"", 667, 30, 282], [""hps/ww.daesang.com"", 690, 27, 282], [""뚜영PP,드A:OTHER"", 695, 20, 471], [""청정원"", 904, 57, 113], [""DAESANG"", 898, 22, 478], [""고소하고 맛있는"", 940, 42, 258], [""수츠"", 942, 31, 87]]"
000057,2026,06,24,2026-06-24,s1,"소금(국내산) Post. 포스트 | 시아산,필라핀산 | 텍스트린,da- | 성전분 이라비아검 POST는 몬델리즈 인터내셔널그룹의 | 영비타민 동서식품 고객상담실 | 스 비타 비타민 | 리원-코페혼합형 | 080-023-9114 | 은  W통서식품 www.dongsuh.co.kr |  것이 한께 식 비닐류 | OTHER | 2026.06.24 | 18:52 길률A | 스트 | Post | 콘푸라이트","[[""Post."", 32, 65, 131], [""포스트"", 43, 86, 274], [""소금(국내산)"", 42, 37, 0], [""시아산,필라핀산"", 72, 37, 0], [""텍스트린,da-"", 98, 39, 0], [""성전분 이라비아검"", 120, 43, 0], [""영비타민"", 145, 44, 0], [""POST는 몬델리즈 인터내셔널그룹의"", 117, 69, 306], [""스 비타 비타민"", 168, 47, 0], [""동서식품 고객상담실"", 150, 39, 93], [""리원-코페혼합형"", 192, 51, 0], [""080-023-9114"", 211, 42, 103], [""은 "", 288, 63, 10], [""W통서식품"", 279, 50, 154], [""www.dongsuh.co.kr"", 267, 72, 328], ["" 것이 한께 식"", 348, 89, 0], [""비닐류"", 350, 34, 490], [""OTHER"", 410, 49, 471], [""2026.06.24"", 579, 65, 278], [""18:52 길률A"", 606, 79, 281], [""스트"", 685, 145, 0], [""콘푸라이트"", 826, 89, 298], [""Post"", 794, 40, 335]]"
000058,2027,03,27,2027-03-27,s1,"사랑하는 산람과 국수를 | 오기국수는 F2) | 최고의 재료와 옛 정성을 그대로 당은 최고의 국수 입니다. 제조원 | 다가수 숙성제면법 | 운도로 오행시간 을  ·대두 | 으 을  손비자기 | 보관 | 듣시기 바랍니다. | 원 안에 인본 수에 맞는 | 국수를 채우면 정확학 양으로 총 내용량 | 딱1인분 알게 조리세요~ 영양정보 1009 8 340 | 당류 797%/지방 39 | 조0방법.11분100기준) 트랜스지방 포화지방 19 | 0물1.000 (50)를 팔팔 0인후 | 오뚜기국수를 넣고 | 4~5분간 삶습니다 ""조리법 대로삶아 행권 드시면 나트륨함량 | 줄어들어요~ | 나트룸 함량 %영양성분 기준 | 조리전 | 삶은후 | 빠면 완성됩니다. | *%영양성분 기준치 : 1일영양성분 기준치에대한 | *당사 식품안전센터 분석 결과 | HACCP 8801045490472 | 2027.03.27 | F2A 09.15","[[""사랑하는 산람과 국수를"", 17, 38, 34], [""F2)"", 45, 20, 287], [""제조원"", 69, 24, 233], [""오기국수는"", 68, 51, 9], [""최고의 재료와 옛 정성을"", 82, 45, 15], [""그대로 당은 최고의 국수 입니다."", 95, 47, 15], [""다가수 숙성제면법"", 121, 45, 8], [""·대두"", 141, 20, 230], [""을 "", 151, 38, 14], [""손비자기"", 153, 27, 240], [""운도로 오행시간"", 164, 36, 14], [""으 을 "", 177, 36, 13], [""보관"", 196, 20, 247], [""듣시기 바랍니다."", 218, 50, 321], [""총 내용량"", 257, 41, 380], [""원 안에"", 272, 29, 28], [""인본 수에 맞는"", 266, 27, 104], [""정확학 양으로"", 283, 28, 104], [""1009 8 340"", 276, 45, 372], [""국수를 채우면"", 293, 38, 16], [""영양정보"", 293, 42, 235], [""딱1인분"", 317, 43, 15], [""알게"", 302, 27, 105], [""조리세요~"", 318, 25, 104], [""39"", 312, 22, 437], [""당류"", 340, 22, 243], [""797%/지방"", 330, 46, 293], [""포화지방"", 338, 34, 361], [""19"", 333, 20, 436], [""트랜스지방"", 356, 26, 243], [""조0방법.11분100기준)"", 382, 39, 9], [""0물1.000 (50)를 팔팔 0인후"", 404, 41, 9], [""오뚜기국수를 넣고"", 420, 36, 22], [""\""조리법 대로삶아 행권 드시면 나트륨함량"", 417, 54, 237], [""4~5분간 삶습니다"", 439, 27, 23], [""줄어들어요~"", 441, 26, 253], [""%영양성분 기준"", 448, 28, 407], [""나트룸 함량"", 460, 24, 317], [""조리전"", 485, 20, 249], [""삶은후"", 504, 21, 251], [""*%영양성분 기준치 : 1일영양성분 기준치에대한"", 536, 41, 247], [""빠면 완성됩니다."", 555, 26, 23], [""*당사 식품안전센터 분석 결과"", 560, 26, 244], [""8801045490472"", 659, 28, 309], [""HACCP"", 692, 24, 28], [""2027.03.27"", 727, 38, 338], [""F2A 09.15"", 756, 35, 339]]"
000059,2027,06,22,2027-06-22,s1,"2~3번 씻어내어 주십시오. 억산물에 | Rinse cooked noodies | with cold water twice | or three times. | 4.씻은면을사리를지어그릇에 | 담아놓은후칠가콩국물을 | 부어 드시면 더욱 좋습니다 | Make a coil with cooked | moodles in a bow and | pour Chikab Soybean Soup | to bowl for best taste. | 5.멸치국물이나고기국물 | 을부어서시의파김가루 | 생강,마늘진것을적당히 | 넣어드시면 너욱 맛이 좋습니다. | galic for more delicious soup. 2027.06.22.까지 | ▪주의사항 | ·국수를삶을때 화력이세면 거품이 나서 넘쳐 | 화재위험이나 화상을 입을 수있으니거품이 | 나며 넘치려 할때 찬물을 한,두 스푼씩 부어가 | 며 익히면 됩니다.·면이 삶아진 후에 계속 오 | 래 끊이면 퍼질 수 있으니 적당히 말랑말랑해지 | 나는것과 함께 토관 하지 말아 주시기 바랍니다. | 직사광선을 피하여 건조하고 서늘한 곳에 실온 | 보관 하십시오.·부정·불량식품 신고는 국번 | 없 139. 1본 제품 메밀을 사용한 제품과","[[""2~3번 씻어내어 주십시오."", 24, 53, 284], [""억산물에"", 12, 26, 420], [""Rinse cooked noodies"", 45, 54, 284], [""with cold water twice"", 66, 51, 285], [""or three times."", 84, 35, 289], [""4.씻은면을사리를지어그릇에"", 141, 56, 266], [""담아놓은후칠가콩국물을"", 169, 56, 290], [""부어 드시면 더욱 좋습니다"", 195, 48, 294], [""Make a coil with cooked"", 218, 45, 291], [""moodles in a bow and"", 239, 44, 291], [""pour Chikab Soybean Soup"", 260, 46, 292], [""to bowl for best taste."", 282, 42, 292], [""5.멸치국물이나고기국물"", 328, 47, 268], [""을부어서시의파김가루"", 356, 45, 291], [""생강,마늘진것을적당히"", 385, 44, 291], [""넣어드시면 너욱 맛이 좋습니다."", 414, 40, 294], [""galic for more delicious soup."", 506, 51, 133], [""2027.06.22.까지"", 532, 75, 212], [""▪주의사항"", 563, 40, 139], [""·국수를삶을때 화력이세면 거품이 나서 넘쳐"", 588, 50, 138], [""화재위험이나 화상을 입을 수있으니거품이"", 619, 52, 133], [""나며 넘치려 할때 찬물을 한,두 스푼씩 부어가"", 650, 44, 137], [""며 익히면 됩니다.·면이 삶아진 후에 계속 오"", 682, 45, 135], [""래 끊이면 퍼질 수 있으니 적당히 말랑말랑해지"", 714, 43, 137], [""나는것과 함께 토관 하지 말아 주시기 바랍니다."", 777, 47, 135], [""직사광선을 피하여 건조하고 서늘한 곳에 실온"", 809, 50, 133], [""보관 하십시오.·부정·불량식품 신고는 국번"", 842, 53, 132], [""없 139. 1본 제품 메밀을 사용한 제품과"", 875, 55, 132]]"
000060,2026,04,30,2026-04-30,s1,소재(PP)로 끝는 | 2026.04.30.12.A | 안전은  행보을  위한  약속 | 조대법,"[[""소재(PP)로 끝는"", 128, 67, 0], [""2026.04.30.12.A"", 372, 39, 267], [""안전은  행보을  위한  약속"", 397, 50, 230], [""조대법"", 600, 38, 52]]"
000061,2026,06,04,2026-06-04,det5,IFo AEC Vlae | e LOTTE ABC | 8 1801062/893546 초코쿠키 | 26.06.04.8 | 11.32 까지 | ABC초클릿과 | 스프트ㅋ키의 @LOTTE | g,"[[""IFo AEC Vlae"", 388, 23, 579], [""ABC"", 424, 77, 503], [""e"", 452, 17, 39], [""LOTTE"", 447, 36, 56], [""초코쿠키"", 489, 118, 484], [""8"", 516, 21, 202], [""1801062/893546"", 504, 47, 216], [""26.06.04.8"", 572, 87, 123], [""11.32"", 621, 64, 124], [""까지"", 610, 41, 474], [""ABC초클릿과"", 705, 107, 411], [""스프트ㅋ키의"", 741, 95, 419], [""g"", 785, 139, 394], [""@LOTTE"", 723, 62, 597]]"
000062,2026,05,26,2026-05-26,s1,호수 | ZEC 제대로 만든 크래귀! | 26.05.26 04.46A 까지 | EE,"[[""호수"", 180, 54, 665], [""ZEC"", 489, 331, 176], [""제대로 만든 크래귀!"", 554, 121, 368], [""까지"", 670, 26, 588], [""26.05.26 04.46A"", 683, 84, 284], [""EE"", 901, 120, 478]]"
000063,2026,06,16,2026-06-16,s1,CROUN | 2025.06.17 부터 | 까지 맛있는 약속 | 2026.06.16 | CROUN | 5.06.17 부터 | 까진-이는 약속,"[[""CROUN"", 564, 62, 97], [""부터"", 602, 35, 554], [""2025.06.17"", 642, 90, 257], [""까지"", 650, 29, 557], [""맛있는 약속"", 660, 54, 590], [""2026.06.16"", 717, 84, 261], [""CROUN"", 896, 65, 119], [""부터"", 908, 36, 550], [""5.06.17"", 939, 51, 339], [""까진-이는 약속"", 948, 21, 553]]"
000064,2026,08,03,2026-08-03,s1,큰피로 | 구론산타우 | 피로회복·자양강장 | <번호: | 2기한: 2026.08.03.10.45 | ※본 박스는 운반용입니다.,"[[""큰피로"", 124, 37, 445], [""구론산타우"", 150, 31, 426], [""피로회복·자양강장"", 228, 41, 265], [""<번호:"", 512, 29, 151], [""2기한:"", 548, 35, 147], [""2026.08.03.10.45"", 555, 52, 251], [""※본 박스는 운반용입니다."", 642, 31, 434]]"
000065,2026,01,12,2026-01-12,s1,미떼 | 핫초코 마일드 | 2026.01.12.04.5212 | 달콤한 핫초코에 | 풍부한우유맛이더해진 | 부드러운 핫초코 | 탈지/분유22%크0분할 10% | 증량.300 01250 KC0/300125 000101,"[[""미떼"", 325, 218, 240], [""핫초코 마일드"", 468, 49, 358], [""2026.01.12.04.5212"", 526, 46, 332], [""달콤한 핫초코에"", 648, 35, 175], [""풍부한우유맛이더해진"", 672, 40, 151], [""부드러운 핫초코"", 694, 34, 180], [""탈지/분유22%크0분할 10%"", 844, 44, 547], [""증량.300 01250 KC0/300125 000101"", 864, 53, 473]]"
000066,2026,08,17,2026-08-17,s1,n. | 커피만들어있어요 | 2026.08.1708.3192A/P 피만 들어있어요 | Maxim. 2026.08.1708.3121 | Mocha Gold Mild Max | Mocha Gold | AMERICANO BLACK AMERICANO BI | 커피만 들어있는 Max | 블랙스틱커피 모카골드 미 | 0 STICKS 20 커피원두1 | STICKS 중량: 18g | 20 STICKS,"[[""n."", 268, 71, 1], [""커피만들어있어요"", 325, 40, 191], [""2026.08.1708.3192A/P"", 385, 45, 243], [""피만 들어있어요"", 413, 30, 559], [""Maxim."", 461, 94, 234], [""2026.08.1708.3121"", 456, 35, 586], [""Max"", 515, 66, 588], [""Mocha Gold Mild"", 519, 38, 260], [""AMERICANO BLACK"", 558, 32, 278], [""Mocha Gold"", 559, 29, 609], [""AMERICANO BI"", 589, 27, 625], [""커피만 들어있는"", 711, 58, 163], [""Max"", 729, 82, 564], [""블랙스틱커피"", 751, 52, 161], [""모카골드 미"", 785, 49, 564], [""0"", 832, 53, 1], [""20"", 857, 75, 562], [""STICKS"", 850, 33, 32], [""커피원두1"", 876, 36, 657], [""20"", 912, 53, 147], [""STICKS"", 901, 24, 579], [""중량: 18g"", 906, 35, 655], [""STICKS"", 928, 22, 202]]"
000067,2025,12,19,2025-12-19,s1,자매품 | 솟다리 | 중량50g | 2025.12.191 | E고기,"[[""자매품"", 112, 45, 522], [""솟다리"", 171, 60, 514], [""중량50g"", 364, 49, 304], [""2025.12.191"", 419, 40, 241], [""E고기"", 648, 393, 0]]"
000068,2026,06,17,2026-06-17,s1,자매품 | ® | 솟다리 | 이 2026.06.17.1지 증량 508 | 기구이,"[[""자매품"", 254, 38, 602], [""®"", 283, 24, 697], [""솟다리"", 322, 53, 592], [""이"", 510, 142, 21], [""증량 508"", 461, 46, 286], [""2026.06.17.1지"", 517, 43, 224], [""기구이"", 725, 479, 0]]"
000069,2026,06,24,2026-06-24,s1,중량50g | 2026.06.2412 | 기구이,"[[""중량50g"", 434, 49, 287], [""2026.06.2412"", 482, 53, 228], [""기구이"", 646, 385, 0]]"
000070,2026,10,08,2026-10-08,s1,좋은 | GOOD TODAY | 가 있는 | 피스타치오 | Pistachio | 2026.10.08까지 | 고소한 풍0O | 바작한 | 100% (01.650kCa)/0실온보관,"[[""좋은"", 36, 73, 158], [""GOOD TODAY"", 88, 31, 158], [""가 있는"", 225, 54, 0], [""피스타치오"", 314, 103, 5], [""Pistachio"", 383, 45, 0], [""2026.10.08까지"", 640, 46, 265], [""고소한 풍0O"", 689, 100, 415], [""바작한"", 752, 127, 403], [""(01.650kCa)/0실온보관"", 896, 69, 37], [""100%"", 898, 43, 12]]"
000071,2027,07,20,2027-07-20,s1,은은한 풍미와 향긋한 | 마카다마아 | Macadamia | B | 포장 2025.07.21 | 소비 2027.07.20까지 호주산마 | 200.0 | 1o실은보관,"[[""은은한 풍미와 향긋한"", 179, 74, 69], [""마카다마아"", 280, 151, 74], [""Macadamia"", 379, 40, 84], [""B"", 526, 27, 595], [""포장 2025.07.21"", 605, 52, 206], [""소비 2027.07.20까지"", 638, 52, 205], [""호주산마"", 666, 58, 551], [""200.0"", 774, 96, 140], [""1o실은보관"", 812, 41, 270]]"
000072,2026,04,25,2026-04-25,s1,"허니머스타드 | 유형 소스 품록보2호/20104.505534 | 포장재질용가-폴리에틸렌(내면)뚜껑-폴리에틸렌 | 원료명정제수식물성유지외국산아르헨티나,미국,중국 등)샐러드머스터드 | (미국산식초머스터드소금,터메리,파프리키기타과당,설당,발효식초주정,발효영양원, | 나다.미국,우크라이나 등).향미유 건조당일. 렌지식이섬유 잔단검,겨자분겨자:외국산(캐 영양정보 100g당 285/Ca 층내용량 2659 | 효소제제 향신료 영양강화제 대두계란 함유 나트룹 650Mg 33%탄수화물 279 8% | @주식회사 오뚜기 당률 22g 22%지방19 35% | 층북 /군 대1면 대풍산단로 128 | ·밀토마토 우유 돼지고기 쇠고기 조개류굴 E랜스지방 09 포화지방 4.69 31 | 혼입가능·소비자기본법에 따라 피해 보상· 콜레스테15M9 5%단백질 19 2% | 부정 불량식품 신고는국번업이 1399.직사 1일 영양성분 기준치대한바울(/)은200Nd기준002 | 광선을 피해 서늘한 곳에 보관,개봉 후에는 냉 개인의 필요 열량에 따라 다를 수 있습니다. | 20MOC 보관하시고 엌지 않도록 주의하 | 2시2.1주의 호및명칭 SM2032래8인 | 2호물연 제203-06호1증기영.한국연구원 | 객상담08-024-231수자요금부담 8801045 /176338 | 플라스틱 소비기한 DN2 | OTHER 2026.04.25 까지 | 뚜껑:LDPE | 라벨:PP 09.24","[[""허니머스타드"", 200, 35, 269], [""품록보2호/20104.505534"", 240, 36, 286], [""유형 소스"", 246, 34, 199], [""포장재질용가-폴리에틸렌(내면)뚜껑-폴리에틸렌"", 272, 45, 185], [""원료명정제수식물성유지외국산아르헨티나,미국,중국 등)샐러드머스터드"", 304, 50, 146], [""(미국산식초머스터드소금,터메리,파프리키기타과당,설당,발효식초주정,발효영양원,"", 335, 45, 132], [""렌지식이섬유 잔단검,겨자분겨자:외국산(캐"", 394, 32, 118], [""영양정보"", 418, 65, 336], [""층내용량 2659"", 400, 28, 520], [""나다.미국,우크라이나 등).향미유 건조당일."", 422, 31, 116], [""100g당 285/Ca"", 427, 37, 490], [""효소제제 향신료 영양강화제 대두계란 함유"", 454, 40, 112], [""나트룹 650Mg 33%탄수화물 279 8%"", 462, 35, 344], [""@주식회사 오뚜기"", 484, 33, 118], [""층북 /군 대1면 대풍산단로 128"", 512, 41, 116], [""당률 22g 22%지방19 35%"", 497, 36, 347], [""·밀토마토 우유 돼지고기 쇠고기 조개류굴"", 538, 38, 116], [""E랜스지방 09 포화지방 4.69 31"", 532, 37, 348], [""혼입가능·소비자기본법에 따라 피해 보상·"", 563, 38, 113], [""콜레스테15M9 5%단백질 19 2%"", 566, 40, 348], [""부정 불량식품 신고는국번업이 1399.직사"", 588, 45, 111], [""광선을 피해 서늘한 곳에 보관,개봉 후에는 냉"", 613, 42, 114], [""1일 영양성분 기준치대한바울(/)은200Nd기준002"", 602, 37, 355], [""20MOC 보관하시고 엌지 않도록 주의하"", 638, 45, 115], [""개인의 필요 열량에 따라 다를 수 있습니다."", 624, 35, 356], [""2시2.1주의 호및명칭 SM2032래8인"", 663, 54, 113], [""2호물연 제203-06호1증기영.한국연구원"", 687, 58, 112], [""객상담08-024-231수자요금부담"", 718, 67, 112], [""8801045 /176338"", 724, 39, 400], [""소비기한"", 756, 39, 227], [""DN2"", 756, 43, 493], [""플라스틱"", 773, 22, 166], [""2026.04.25"", 798, 42, 250], [""OTHER"", 810, 41, 149], [""까지"", 815, 40, 495], [""뚜껑:LDPE"", 826, 34, 151], [""라벨:PP"", 841, 33, 157], [""09.24"", 842, 40, 311]]"
000073,2026,03,12,2026-03-12,s1,"/리드지내면): 폴리에틸렌 | 20199104450//8427 | 개원 샘표식품()-서울특시중구 충무로? | 105번길/70 부 | 안전관리인증 본품은 | 소비자중심 ccm HACCP '플라스틱 결기준에의 | 공정거래위원회 식품의약품인전처 있 | OTHER | [지원실(수신자 부담) 2080-872-8888 캡:PP리드지:OHR슈링크:페트 , | |잣혼입기능 | 2026.03.12/A 반품및  | 영양정보 | 0001 | [식물성유지 | 난항액난황계란:국산)],발효 20.08 | 정제소금,조제겨자클래 ET | 미국산식초,겨자씨,소금 수화을 2 | 본부막 ,정제수,설 설부 | 08 23 | T | H양벌(국신","[[""/리드지내면): 폴리에틸렌"", 22, 43, 241], [""20199104450//8427"", 58, 41, 210], [""개원 샘표식품()-서울특시중구 충무로?"", 99, 77, 203], [""부"", 206, 99, 607], [""105번길/70"", 190, 61, 163], [""본품은"", 246, 75, 611], [""안전관리인증"", 258, 30, 256], [""ccm"", 268, 29, 179], [""결기준에의"", 288, 65, 607], [""소비자중심"", 296, 35, 150], [""HACCP"", 286, 31, 257], [""'플라스틱"", 298, 33, 437], [""있"", 330, 68, 600], [""공정거래위원회"", 334, 21, 159], [""식품의약품인전처"", 334, 23, 261], [""OTHER"", 362, 39, 414], [""[지원실(수신자 부담)"", 386, 37, 134], [""2080-872-8888"", 389, 36, 236], [""캡:PP리드지:OHR슈링크:페트"", 398, 39, 381], ["","", 412, 52, 595], [""|잣혼입기능"", 454, 47, 588], [""2026.03.12/A"", 502, 69, 200], [""반품및 "", 501, 55, 579], [""영양정보"", 572, 46, 574], [""[식물성유지"", 616, 43, 252], [""0001"", 596, 38, 574], [""난항액난황계란:국산)],발효"", 656, 71, 168], [""20.08"", 654, 51, 563], [""정제소금,조제겨자클래"", 700, 65, 197], [""ET"", 687, 80, 550], [""미국산식초,겨자씨,소금"", 739, 69, 200], [""수화을 2"", 729, 67, 549], [""본부막"", 770, 31, 237], ["",정제수,설"", 782, 38, 290], [""설부"", 780, 20, 349], [""08 23"", 814, 64, 544], [""T"", 888, 79, 555], [""H양벌(국신"", 936, 38, 370]]"
000074,2026,08,28,2026-08-28,s1,제품명 백설 허니머스타드 소스 | 내용량 250g | 식품의 유형 소스(살제품) | 소비기한 후면 별도 표시일까지 | 실온보관/개봉후냉장보관 UL | 유통전문판매원:씨제이제 | 일제당(주)충청북도 진천군 광 | 업소명및 혜원면 광혜원/단2/112 | 소재지 ·제조원:(주)동방푸드마스타 | 층북 음/ 군 대 면 대금로 105 | 번길70 | 2026.08.28/0 | 까지 | 한제제(유회,"[[""제품명"", 206, 31, 228], [""백설 허니머스타드 소스"", 200, 31, 282], [""내용량"", 237, 28, 228], [""250g"", 234, 34, 280], [""식품의 유형"", 268, 32, 217], [""소스(살제품)"", 268, 33, 279], [""소비기한"", 301, 26, 218], [""후면 별도 표시일까지"", 300, 29, 279], [""실온보관/개봉후냉장보관"", 334, 33, 279], [""UL"", 341, 29, 571], [""유통전문판매원:씨제이제"", 366, 31, 290], [""일제당(주)충청북도 진천군 광"", 394, 29, 278], [""업소명및"", 416, 37, 207], [""혜원면 광혜원/단2/112"", 423, 34, 274], [""소재지"", 448, 29, 217], [""·제조원:(주)동방푸드마스타"", 450, 34, 275], [""층북 음/ 군 대 면 대금로 105"", 478, 35, 275], [""번길70"", 505, 38, 271], [""2026.08.28/0"", 596, 68, 224], [""까지"", 652, 42, 432], [""한제제(유회"", 945, 32, 388]]"
000075,2026,01,06,2026-01-06,s1,잣 성분 혼입 가능. | 4청 불량식품 신고는 국번없이 1399 | 영양정보 총 내용량 320 9 F1200 | 100 9 당 385 kCAl | V트룹 700 Mg 35 % 탄수화물 2698% | 탐륙 22 922% 지방 31 9 57 % | 트랜스지방0 9 포화지방 44929% | 2레스테를 10 Mg 3 % 단백질192% | DAESA | 소비기한: | 2026.01.06 | 11.18,"[[""잣 성분 혼입 가능."", 156, 73, 91], [""4청 불량식품 신고는 국번없이 1399"", 180, 95, 91], [""총 내용량 320 9"", 228, 39, 372], [""F1200"", 234, 32, 578], [""영양정보"", 258, 58, 89], [""100 9 당 385 kCAl"", 268, 47, 325], [""V트룹 700 Mg 35 %"", 326, 42, 96], [""탄수화물 2698%"", 316, 44, 311], [""탐륙 22 922%"", 366, 42, 95], [""지방 31 9 57 %"", 360, 49, 310], [""트랜스지방0 9"", 405, 44, 99], [""포화지방 44929%"", 399, 51, 265], [""2레스테를 10 Mg 3 %"", 441, 50, 97], [""단백질192%"", 436, 53, 351], [""DAESA"", 476, 27, 594], [""소비기한:"", 604, 66, 98], [""2026.01.06"", 623, 70, 293], [""11.18"", 678, 58, 346]]"
000076,2026,08,17,2026-08-17,s1,제품명 백설돈까스소스 | 내용량 255g | 식품의 유형 소스(살균제품) | 소비기한 후면 별도 표시일까지 | 보관방법 실온보관/개봉후냉장보관 | 유통전문판매원: 씨제이제 | 일체당(주)충청북도 진천군 광 | 업소명 및 원면 광/원/단2112 | 소재지 ·제조원: (주)동방푸드마스타 반풍 및고 | 충북 음성 군 대면 대금로 105 | 번길70 | 영양정보 | 2026.08.17/0 나트름14 | 까지,"[[""제품명"", 128, 35, 205], [""백설돈까스소스"", 119, 44, 252], [""내용량 255g"", 158, 50, 202], [""식품의 유형 소스(살균제품)"", 191, 44, 196], [""소비기한"", 227, 32, 198], [""후면 별도 표시일까지"", 222, 36, 250], [""보관방법"", 260, 32, 197], [""실온보관/개봉후냉장보관"", 254, 37, 252], [""유통전문판매원: 씨제이제"", 289, 38, 269], [""일체당(주)충청북도 진천군 광"", 318, 34, 257], [""업소명 및"", 341, 20, 194], [""원면 광/원/단2112"", 348, 35, 251], [""소재지"", 376, 29, 200], [""·제조원: (주)동방푸드마스타"", 376, 37, 252], [""반풍 및고"", 380, 36, 529], [""충북 음성 군 대면 대금로 105"", 404, 35, 253], [""번길70"", 433, 32, 253], [""영양정보"", 470, 56, 523], [""2026.08.17/0"", 530, 63, 212], [""나트름14"", 528, 24, 534], [""까지"", 584, 39, 418]]"
000077,2026,03,07,2026-03-07,s1,India | 마늘베이스0.28%마늘분 98 | 2026.03.07 까,"[[""India"", 492, 60, 0], [""마늘베이스0.28%마늘분 98"", 579, 48, 415], [""2026.03.07"", 678, 62, 174], [""까"", 676, 37, 507]]"
000078,2025,06,19,2025-06-19,s1,"옥수수전분), 국산)변성전분},과·채가공품/미 {토마토,정제소금,구연산 | 대두,밀,토마토함유 | 총 내용량 3002 안전관리인증 | 보 100 g당 270 kCAl HACCP | OTI | Mg 27%탈수화물 59g 18%담류.18g 18% | 3%트랜스지방 0g 포화지방 0.6g4% | 5M8미만 2% 단 182% | 8809781220032 | 2025.06.19.제조","[[""{토마토,정제소금,구연산"", 34, 68, 453], [""옥수수전분),"", 24, 48, 0], [""국산)변성전분},과·채가공품/미"", 43, 81, 0], [""대두,밀,토마토함유"", 116, 53, 510], [""총 내용량 3002"", 314, 40, 309], [""안전관리인증"", 321, 26, 616], [""보"", 343, 40, 0], [""100 g당 270 kCAl"", 348, 37, 278], [""HACCP"", 342, 30, 614], [""OTI"", 388, 25, 692], [""Mg 27%탈수화물 59g 18%담류.18g 18%"", 404, 49, 0], [""3%트랜스지방 0g"", 452, 44, 0], [""포화지방 0.6g4%"", 454, 39, 203], [""5M8미만 2% 단 182%"", 502, 43, 0], [""8809781220032"", 544, 47, 544], [""2025.06.19.제조"", 683, 47, 209]]"
000079,2026,01,31,2026-01-31,s1,머들러로사용 | 뱅쇼(프랑스 따듯한 와인) | 2에 레드와인1과일(오지1.레본1/2사과1/2시나온 | ·소비기한 | 2026.01.31 까지,"[[""머들러로사용"", 132, 55, 105], [""뱅쇼(프랑스 따듯한 와인)"", 266, 50, 112], [""2에 레드와인1과일(오지1.레본1/2사과1/2시나온"", 303, 50, 106], [""·소비기한"", 534, 34, 119], [""2026.01.31"", 568, 45, 200], [""까지"", 578, 26, 523]]"
000080,2025,09,17,2025-09-17,det5,"M00000A/920 | 3.990 | 1길 25 | 읍 | 프로필렌 802259/020431 | 혼합분유 | 가나산,에 0 롯데웰푸드 | 밀:미국산) | 팔유(말레 | 전분),전리 | |소금, ,산도 25.09.17 부터 | 지방산에스 … 까지","[[""M00000A/920"", 84, 65, 424], [""3.990"", 123, 96, 478], [""1길 25"", 284, 51, 0], [""읍"", 330, 49, 0], [""프로필렌"", 453, 52, 0], [""802259/020431"", 443, 55, 216], [""혼합분유"", 501, 58, 0], [""가나산,에"", 544, 55, 0], [""0"", 549, 40, 237], [""롯데웰푸드"", 550, 71, 316], [""밀:미국산)"", 584, 56, 0], [""팔유(말레"", 625, 57, 0], [""전분),전리"", 666, 62, 0], [""25.09.17"", 688, 75, 227], [""부터"", 690, 53, 544], [""|소금,"", 704, 35, 3], ["",산도"", 701, 44, 62], [""까지"", 728, 49, 543], [""지방산에스"", 742, 53, 0], [""…"", 736, 61, 234]]"
000081,2026,05,18,2026-05-18,s1,소비기한 | 부터 | 2025.05.19/10.27 | 마크란? 2026.05.18 까지 | 고 안전하다고 | 하는마크입니다,"[[""소비기한"", 468, 54, 155], [""부터"", 520, 51, 563], [""2025.05.19/10.27"", 561, 42, 215], [""마크란?"", 620, 49, 0], [""2026.05.18"", 608, 40, 216], [""까지"", 616, 48, 562], [""고 안전하다고"", 662, 26, 0], [""하는마크입니다"", 690, 32, 0]]"
000082,2026,08,24,2026-08-24,s1,엄아손 | 기운내 | 자 아자! | From | 2025.08.25부터3 | 2026.08.24까지A,"[[""엄아손"", 66, 77, 91], [""기운내"", 381, 94, 14], [""아자!"", 500, 214, 80], [""자"", 530, 97, 24], [""From"", 610, 55, 39], [""2025.08.25부터3"", 678, 65, 174], [""2026.08.24까지A"", 739, 58, 175]]"
000083,2026,07,01,2026-07-01,erode5,널사상품 | 롯샌 | 26.07.01.A | 17.06,"[[""널사상품"", 230, 56, 228], [""26.07.01.A"", 639, 56, 167], [""17.06"", 690, 51, 171], [""롯샌"", 486, 172, 172]]"
000084,2026,03,31,2026-03-31,s1,LOTTE | 대한민국No.1 | 카스타S | 1989 | 소비 2025.10.01/12.47 부터 | 기한 2026.03.31/A 까지 | 사랑입니다.,"[[""LOTTE"", 25, 42, 63], [""대한민국No.1"", 101, 92, 224], [""카스타S"", 200, 167, 96], [""1989"", 280, 64, 273], [""소비"", 564, 47, 41], [""2025.10.01/12.47"", 567, 44, 216], [""부터"", 562, 51, 624], [""기한"", 619, 52, 44], [""2026.03.31/A"", 620, 53, 217], [""까지"", 616, 49, 621], [""사랑입니다."", 749, 50, 3]]"
000085,2026,03,30,2026-03-30,s1,아름 | 영양정보 | 나5를20101% 8수화물 40.12% 총내용광 520/16 | 고객지월센8 080-02/6060 | (수신자 요금 부담) | http://www.lottewellfood.com | 2026.03.30.81 까지 818010,"[[""아름"", 23, 20, 148], [""영양정보"", 159, 42, 140], [""나5를20101%"", 212, 51, 139], [""8수화물 40.12%"", 235, 89, 437], [""총내용광 520/16"", 228, 79, 553], [""고객지월센8 080-02/6060"", 385, 46, 170], [""(수신자 요금 부담)"", 424, 31, 277], [""http://www.lottewellfood.com"", 454, 33, 245], [""2026.03.30.81"", 550, 71, 209], [""까지 818010"", 575, 75, 520]]"
000086,2026,03,14,2026-03-14,s1,"제수,엔 | 25.09.15 18:25 부터 | 26.03.14.A 까지","[[""제수,엔"", 506, 51, 0], [""부터"", 596, 48, 635], [""25.09.15 18:25"", 600, 59, 214], [""26.03.14.A"", 656, 56, 212], [""까지"", 655, 48, 634]]"
000087,2026,08,10,2026-08-10,s1,"4,120 | 4.330 | 2025.08.11 부터 | 까지 | 2026.08.103 맛있는 약속","[[""4,120"", 188, 47, 79], [""4.330"", 288, 55, 583], [""2025.08.11"", 549, 54, 106], [""부터"", 569, 44, 471], [""까지"", 640, 41, 469], [""2026.08.103"", 661, 50, 109], [""맛있는 약속"", 672, 43, 555]]"
000088,2025,09,04,2025-09-04,s1,소비 25.09.04.00.34 부터 | 기한 까지,"[[""부터"", 498, 49, 602], [""소비"", 510, 49, 27], [""25.09.04.00.34"", 518, 52, 183], [""까지"", 570, 47, 598], [""기한"", 588, 54, 31]]"
000089,2026,09,11,2026-09-11,s1,01.03 | 26.09.11 | 05 124 | 26.02.11 | DILEE | 집혜 | u한 | WUR | ·에코절취선,"[[""01.03"", 176, 35, 280], [""26.09.11"", 211, 36, 272], [""05 124"", 260, 22, 498], [""26.02.11"", 280, 23, 490], [""DILEE"", 511, 30, 261], [""집혜"", 565, 85, 0], [""u한"", 622, 24, 626], [""WUR"", 751, 76, 466], [""·에코절취선"", 873, 172, 475]]"
000090,2026,09,01,2026-09-01,erode5,Max | OPEN-→ | 2026.09.01P25 | 21.05 H,"[[""OPEN-→"", 456, 41, 254], [""21.05"", 565, 52, 195], [""H"", 553, 34, 399], [""Max"", 85, 162, 433], [""2026.09.01P25"", 505, 116, 161]]"
000091,2027,05,22,2027-05-22,s1,스테비아 | 제주레몬차 | 소우 | 내내 | 제티 | 레티 L | 초코 | 2027.05.22.10.352천 | 공부차 | 공부차,"[[""스테비아"", 25, 48, 389], [""제주레몬차"", 50, 72, 362], [""내내"", 104, 51, 0], [""소우"", 112, 78, 607], [""제티"", 430, 141, 237], [""레티"", 564, 79, 275], [""L"", 572, 27, 583], [""초코"", 614, 29, 331], [""2027.05.22.10.352천"", 704, 59, 71], [""공부차"", 861, 46, 608], [""공부차"", 904, 49, 581]]"
000092,2026,12,05,2026-12-05,s1,날내내 | 제티 | 제티 | 2026.12.05.10 060천F,"[[""날내내"", 26, 59, 183], [""제티"", 408, 130, 256], [""제티"", 528, 77, 292], [""2026.12.05.10 060천F"", 665, 68, 114]]"
000093,2026,04,23,2026-04-23,det5,2026.04.23 | RKLIN | TRE,"[[""2026.04.23"", 363, 74, 222], [""RKLIN"", 666, 68, 16], [""TRE"", 824, 110, 519]]"
000094,2027,06,30,2027-06-30,s1,2027.06.30 | kcal | 0232,"[[""2027.06.30"", 439, 58, 245], [""kcal"", 657, 66, 0], [""0232"", 764, 86, 540]]"
000095,2026,07,29,2026-07-29,s1,Okcal·m | P5 26.07.29 | SUGAR  ,"[[""P5 26.07.29"", 437, 70, 195], [""Okcal·m"", 436, 51, 44], ["" "", 544, 68, 276], [""SUGAR"", 600, 111, 0]]"
000096,2026,05,26,2026-05-26,s1,Pad | 2026.05.26,"[[""Pad"", 42, 39, 21], [""2026.05.26"", 456, 49, 236]]"
000097,2025,11,19,2025-11-19,s1,"중국산OEM | 군밤0100% | 제일제당 | 68/01 쁘띠첼 | 연출예 petitzel | 플라스틱 요거젤리 밀감 | 기:OTHER | Mandarin | 쁘띠첼 요거젤리 밀감 | 210 g(221 kCAl) | 밀감 15% 2025.11.19 | 나타드코코 15% | 총내용량 2109당 | 열량나트륨탄수화물 트랜스지방 포화지방 콜레스테롤 | 2214% 11% 35 % 17 % 0 g 47 % | MCA1 75 g 35935999 | 1밀 영양성분 기준치에 대한 비율.%)은 20O CA기준므로 개02 | ·식품유형·디류·포장재질(내면:용기/m | EV·소비자분쟁해결기준에 의거,교","[[""중국산OEM"", 186, 69, 74], [""군밤0100%"", 213, 70, 105], [""제일제당"", 382, 35, 101], [""68/01"", 469, 71, 133], [""쁘띠첼"", 483, 65, 294], [""연출예"", 500, 31, 4], [""petitzel"", 544, 87, 216], [""플라스틱"", 558, 24, 3], [""기:OTHER"", 590, 24, 0], [""요거젤리 밀감"", 603, 53, 269], [""쁘띠첼 요거젤리 밀감"", 636, 46, 0], [""Mandarin"", 643, 50, 294], [""210 g(221 kCAl)"", 658, 41, 0], [""밀감 15%"", 675, 34, 0], [""나타드코코 15%"", 698, 36, 0], [""2025.11.19"", 714, 49, 173], [""총내용량 2109당"", 721, 40, 5], [""열량나트륨탄수화물"", 749, 44, 18], [""2214%"", 765, 32, 21], [""MCA1 75 g 35935999"", 792, 55, 16], [""11%"", 776, 30, 116], [""35 % 17 %"", 784, 34, 165], [""트랜스지방 포화지방 콜레스테롤"", 778, 39, 263], [""1밀 영양성분 기준치에 대한 비율.%)은 20O CA기준므로 개02"", 818, 64, 15], [""0 g"", 803, 28, 278], [""47 %"", 799, 26, 338], [""·식품유형·디류·포장재질(내면:용기/m"", 838, 53, 62], [""EV·소비자분쟁해결기준에 의거,교"", 849, 47, 37]]"
000098,2026,03,11,2026-03-11,s1,Petitzel 요거젤리 블루베리 | 2026.01.10 | 의하세요·부정-불량식 | ·소비기한·제품 단  | 제일제당 | 쁘띠첼 | Pr petitzel | A | 요거젤리 화이트코코 | Whitecoeo | 쁘떠칠 요거질리 화이트코코 | 2100(216 kea0) | O 2026.03.11 |  사용량200당 | 20709/369369/89 4%11836%15% 0g 40% 0% 0%,"[[""Petitzel"", 130, 167, 0], [""요거젤리 블루베리"", 140, 126, 20], [""2026.01.10"", 192, 107, 77], [""의하세요·부정-불량식"", 354, 48, 235], [""제일제당"", 389, 24, 168], [""·소비기한·제품 단 "", 373, 56, 237], [""Pr"", 452, 47, 0], [""쁘띠첼"", 454, 44, 289], [""A"", 486, 22, 0], [""petitzel"", 502, 68, 233], [""요거젤리 화이트코코"", 550, 47, 246], [""쁘떠칠 요거질리 화이트코코"", 592, 48, 77], [""Whitecoeo"", 582, 40, 291], [""2100(216 kea0)"", 609, 39, 77], [""O"", 626, 30, 76], ["" 사용량200당"", 652, 36, 72], [""2026.03.11"", 656, 49, 279], [""4%11836%15%"", 708, 53, 110], [""20709/369369/89"", 724, 57, 78], [""0g"", 734, 27, 269], [""40%"", 734, 32, 325], [""0%"", 740, 32, 375], [""0%"", 749, 26, 430]]"
000099,2026,03,07,2026-03-07,s1,시설에 | 제일제당 | 16685L 쁘띠첼 | 연출에 petitzel | 과일젤리 밀감 | 용기:OTHER | 필름:OTHER Mandarin | 쁘띠첼 젤리밀감 | 210 g(140 kCAl) | 밀감20% | 2런지 농축에0.975%배합함량 오지100% 2026.03.07 | 총내용량 210당 | 열량나트륨탄수화물 당류 지방 트랜스지방 포화지방콜레스테롤 단백질 | 1403 12% 11 % 32% 0 g 0% 0% 0% | Kcal 40mg 35 g 09 0 mg,"[[""시설에"", 234, 33, 559], [""제일제당"", 269, 38, 139], [""16685L"", 342, 79, 154], [""쁘띠첼"", 375, 70, 311], [""연출에"", 379, 36, 37], [""petitzel"", 441, 104, 231], [""용기:OTHER"", 472, 30, 12], [""필름:OTHER"", 486, 29, 12], [""과일젤리 밀감"", 504, 71, 278], [""쁘띠첼 젤리밀감"", 522, 54, 13], [""210 g(140 kCAl)"", 548, 49, 11], [""Mandarin"", 548, 63, 303], [""밀감20%"", 566, 35, 9], [""2런지 농축에0.975%배합함량 오지100%"", 607, 67, 5], [""총내용량 210당"", 620, 51, 7], [""2026.03.07"", 648, 71, 282], [""열량나트륨탄수화물"", 658, 63, 16], [""1403"", 670, 23, 24], [""12%"", 676, 37, 38], [""당류"", 675, 30, 173], [""Kcal"", 689, 20, 22], [""11 %"", 690, 34, 114], [""지방 트랜스지방 포화지방콜레스테롤"", 707, 74, 225], [""40mg"", 700, 36, 51], [""32%"", 700, 33, 166], [""35 g"", 711, 30, 111], [""09"", 733, 29, 219], [""0 g"", 736, 31, 281], [""0%"", 737, 34, 346], [""단백질"", 736, 35, 477], [""0%"", 750, 32, 413], [""0%"", 762, 39, 477], [""0 mg"", 772, 33, 404]]"
000100,2026,02,11,2026-02-11,s1,"Iool | Peonuts | 2AA0100% | AG08 Best before | 소비기한 2026.02.11 까지(A | 쇠판대원 및 구매처 | 땅콩 07:53.58 | 함유 | 10,시니 | 1300-1908 슈퍼너츠 | 352-0261 유리 | 4608 확인하세요! 다양한 혜 | 6%","[[""Iool"", 403, 43, 198], [""Peonuts"", 438, 60, 189], [""2AA0100%"", 586, 81, 59], [""AG08"", 613, 56, 92], [""Best before"", 627, 36, 237], [""소비기한"", 646, 35, 238], [""쇠판대원 및 구매처"", 675, 72, 90], [""2026.02.11 까지(A"", 680, 78, 214], [""땅콩"", 716, 41, 151], [""함유"", 735, 36, 156], [""07:53.58"", 734, 49, 261], [""10,시니"", 756, 63, 112], [""1300-1908"", 780, 59, 128], [""352-0261"", 809, 44, 153], [""유리"", 808, 23, 234], [""슈퍼너츠"", 810, 35, 405], [""4608"", 847, 41, 299], [""다양한 혜"", 842, 32, 404], [""확인하세요!"", 858, 28, 405], [""6%"", 878, 31, 179]]"
000101,2026,04,08,2026-04-08,s1,래L농 R욱 | 2026.04.080 K1B1 22.41 12961 | 동심 | 육개장 한국인의 맛 | 발면 | 면 | 스밑면,"[[""래L농"", 52, 108, 127], [""R욱"", 71, 42, 517], [""2026.04.080"", 505, 26, 49], [""K1B1 22.41"", 502, 32, 321], [""12961"", 500, 31, 513], [""동심"", 536, 32, 410], [""육개장"", 604, 145, 281], [""한국인의 맛"", 582, 47, 467], [""발면"", 670, 65, 419], [""면"", 724, 109, 42], [""스밑면"", 804, 28, 657]]"
000102,2025,11,13,2025-11-13,s1,[unlabel] | [unlabel | 소반 2025.11.13까지 | 05.46,"[[""[unlabel]"", 192, 25, 381], [""[unlabel"", 231, 50, 180], [""소반"", 465, 54, 190], [""2025.11.13까지"", 452, 41, 259], [""05.46"", 487, 38, 365]]"
000103,2025,12,18,2025-12-18,s1,HESEBUTUBR BKEAD | 6개입 | E8P.2025/12/18 | Baked | BREAD | 맛잇케 | 에어프라이0 | 치즈버터브레드 | 6개입,"[[""HESEBUTUBR BKEAD"", 22, 33, 170], [""6개입"", 66, 48, 202], [""E8P.2025/12/18"", 471, 32, 202], [""Baked"", 572, 85, 278], [""BREAD"", 616, 35, 280], [""맛잇케"", 645, 65, 640], [""에어프라이0"", 692, 29, 664], [""치즈버터브레드"", 871, 32, 240], [""6개입"", 922, 25, 301]]"
000104,2026,04,01,2026-04-01,s1,S WEE.T | 2026.04.01 | Brand | MILK STICKS | 우유스 | 16,"[[""S WEE.T"", 518, 39, 171], [""2026.04.01"", 618, 31, 259], [""Brand"", 658, 31, 7], [""MILK STICKS"", 748, 44, 1], [""우유스"", 789, 59, 20], [""16"", 910, 30, 510]]"
000105,2025,11,09,2025-11-09,s1,2025.11.09까지 | 김:F1단무지:F2 | MEALSY | 리미엄 김밥세트 | 줄 (5인분) 440 9 | 냉장보관,"[[""2025.11.09까지"", 190, 38, 235], [""김:F1단무지:F2"", 218, 41, 235], [""MEALSY"", 422, 319, 0], [""리미엄 김밥세트"", 582, 143, 0], [""줄"", 680, 45, 2], [""440 9"", 690, 75, 65], [""(5인분)"", 706, 29, 0], [""냉장보관"", 722, 23, 221]]"
000106,2040,07,07,2040-07-07,up2x,NO Brand | 브랜드가 0Ir! 스비자다 | 전이 스마트 컨슈머가 되는 길 | Dlain | YOGUAT | nga | #요거 | #이마트 | 스마트컨슈머 항무첨가 | 450 g J 후박 | 이미지 사 07.7 40 | 2.580 | m.4,"[[""NO Brand"", 92, 116, 383], [""스비자다"", 130, 37, 630], [""브랜드가 0Ir!"", 156, 71, 398], [""전이 스마트 컨슈머가 되는 길"", 209, 78, 434], [""Dlain"", 383, 136, 439], [""YOGUAT"", 614, 562, 24], [""nga"", 854, 181, 868], [""#요거"", 1001, 50, 964], [""항무첨가"", 1076, 60, 974], [""#이마트"", 1122, 48, 358], [""후박"", 1151, 78, 974], [""스마트컨슈머"", 1165, 62, 318], [""J"", 1178, 11, 957], [""40"", 1196, 85, 1135], [""07.7"", 1219, 96, 1043], [""450 g"", 1272, 53, 259], [""이미지 사"", 1320, 70, 336], [""2.580"", 1555, 46, 146], [""m.4"", 1754, 80, 850]]"
000107,2025,12,25,2025-12-25,s1,NoBrE | 브드M | 당신아스마트한 | 소비기한 | 2025.12.25 | 09.29 A | 200.1 | 1.380,"[[""NoBrE"", 263, 46, 260], [""브드M"", 290, 38, 257], [""당신아스마트한"", 317, 32, 258], [""소비기한"", 432, 43, 180], [""2025.12.25"", 497, 68, 234], [""09.29 A"", 524, 56, 254], [""200.1"", 795, 46, 327], [""1.380"", 834, 89, 279]]"
000108,2025,10,24,2025-10-24,s1,No Brane | 출산글두부 | 상콩 국산콩을사용하여만들어 | 0% 더욱 고소하고 담백한 두부입니다 | 소비기한: | 수화물592%/당.090% | 지방09포화/방0795% 25.10.242.14 | 백질5g9% | Joo kcal 기준이으로 개인의 요 량에 따라 | 하거나 빨리 드시기 바랍니다 | 시 소비자 분쟁해결 기준에 의게 | -반품 및 교환장소:구입치 및 | 번/00/1300 2420/14 | 대 위원회 고시 소비사 문생해르기순에는기 | 수 있습니다.반품 및 교환장소:구입처 및 | /품신2는 국번없0/ 1399 809387 742044,"[[""No Brane"", 63, 25, 214], [""출산글두부"", 148, 119, 0], [""상콩"", 207, 22, 5], [""국산콩을사용하여만들어"", 215, 37, 125], [""0%"", 224, 28, 0], [""더욱 고소하고 담백한 두부입니다"", 235, 42, 88], [""수화물592%/당.090%"", 326, 48, 0], [""소비기한:"", 318, 31, 258], [""지방09포화/방0795%"", 348, 45, 0], [""백질5g9%"", 366, 30, 3], [""25.10.242.14"", 370, 51, 285], [""Joo kcal 기준이으로 개인의 요 량에 따라"", 389, 36, 0], [""하거나 빨리 드시기 바랍니다"", 423, 38, 2], [""시 소비자 분쟁해결 기준에 의게"", 450, 48, 3], [""-반품 및 교환장소:구입치 및"", 476, 47, 8], [""번/00/1300"", 494, 29, 3], [""2420/14"", 526, 29, 445], [""대 위원회 고시 소비사 문생해르기순에는기"", 637, 52, 1], [""수 있습니다.반품 및 교환장소:구입처 및"", 657, 56, 4], [""/품신2는 국번없0/ 1399"", 673, 45, 3], [""809387"", 697, 26, 334], [""742044"", 706, 27, 427]]"
000109,2025,12,12,2025-12-12,s1,Sg.309 | 2000d | E%OEO공/EE | .!0- | 1-0010121.A12 | 제a하고있습요 | 소비b | 2025.12.120N | 04:43 03,"[[""Sg.309"", 50, 30, 609], [""2000d"", 92, 25, 600], [""E%OEO공/EE"", 177, 96, 16], ["".!0-"", 285, 48, 300], [""1-0010121.A12"", 315, 56, 291], [""제a하고있습요"", 402, 35, 226], [""소비b"", 448, 48, 206], [""2025.12.120N"", 500, 49, 263], [""04:43 03"", 524, 35, 267]]"
000110,2025,10,29,2025-10-29,s1,소비기한 | 25.10.29까지 | 밥에 싸먹는 행 | ICE CK | fam PORK | 스마트컨수스 데비배당,"[[""소비기한"", 266, 39, 212], [""25.10.29까지"", 379, 71, 242], [""밥에 싸먹는 행"", 531, 60, 0], [""ICE"", 654, 241, 4], [""CK"", 750, 99, 611], [""fam"", 770, 81, 1], [""PORK"", 788, 63, 126], [""스마트컨수스"", 842, 49, 11], [""데비배당"", 933, 55, 599]]"
000111,2035,11,25,2035-11-25,det5,Tasty 10 25 11.350F2 .소비자다 and | NA | EAS,"[[""Tasty"", 398, 115, 0], [""10 25 11.350F2"", 401, 63, 258], [""NA"", 504, 175, 0], [""and"", 451, 32, 624], ["".소비자다"", 472, 19, 620], [""EAS"", 822, 41, 657]]"
000112,2025,10,17,2025-10-17,s1,생낮도 | 25.10.17 11:10 | 까지 | -여 대599.99%) | 수 있는 0,"[[""생낮도"", 172, 45, 378], [""25.10.17 11:10"", 382, 78, 282], [""까지"", 430, 25, 480], [""-여"", 757, 177, 275], [""대599.99%)"", 740, 35, 529], [""수 있는"", 860, 101, 11], [""0"", 868, 37, 283]]"
000113,2026,01,16,2026-01-16,s1,rand | .소비자다 | 2026.01.16 | 담은 | ed Radish 랑이무침 이미지사진 | 식감이살아있는 무침 | 니다.,"[[""rand"", 241, 44, 0], ["".소비자다"", 266, 33, 0], [""2026.01.16"", 318, 45, 233], [""담은"", 461, 86, 0], [""랑이무침"", 580, 203, 0], [""ed Radish"", 658, 41, 0], [""이미지사진"", 661, 44, 442], [""식감이살아있는"", 694, 38, 0], [""무침"", 690, 54, 622], [""니다."", 719, 32, 0]]"
000114,2026,02,28,2026-02-28,s1,어문를 Capns 108T6 0S9 | neua | 21-/80 | 2026.02.28 ( 0(0 089 0S0O2 후2눔 합번 | 어 10 품영 식글름 조 화 | 5O,"[[""108T6 0S9"", 59, 119, 718], [""어문를"", 79, 127, 540], [""Capns"", 78, 101, 619], [""neua"", 118, 65, 212], [""( 0(0"", 442, 537, 761], [""21-/80"", 216, 61, 827], [""089 0S0O2 후2눔"", 354, 238, 821], [""2026.02.28"", 317, 46, 295], [""어"", 547, 288, 700], [""10"", 581, 228, 724], [""합번"", 510, 31, 886], [""조"", 527, 22, 887], [""화"", 532, 21, 915], [""품영"", 564, 29, 860], [""식글름"", 583, 24, 862], [""5O"", 656, 40, 826]]"
000115,2025,12,08,2025-12-08,s1,피레소 21 300M | 1.580 | YOGL | 2025.12.08 | PICKLED BURDC,"[[""피레소 21 300M"", 20, 42, 235], [""1.580"", 88, 73, 253], [""YOGL"", 303, 52, 597], [""2025.12.08"", 469, 82, 273], [""PICKLED BURDC"", 770, 223, 603]]"
000116,2026,03,27,2026-03-27,s1,No Brand | 브랜드가 아니다.소비자다 | 당신이 스마트컨슈머가 되는 길 | 2026.03.27 | 아삭한 쌈무 | Pickled Radishes | #쌈무#쌈 #고기 #야채 | 35092형량2109/290@0]장보관무60%7 | 제품명 아작한 쌈무 식품유형 절임식품 풀 | 판매원 723/(순화동)/.02)380-5678 | 0시0a.(구사)정제수 정계소금(국신,"[[""No Brand"", 323, 57, 404], [""브랜드가 아니다.소비자다"", 356, 45, 406], [""당신이 스마트컨슈머가 되는 길"", 388, 45, 409], [""2026.03.27"", 448, 52, 265], [""쌈무"", 508, 114, 364], [""아삭한"", 522, 109, 137], [""Pickled Radishes"", 586, 63, 141], [""#쌈무#쌈 #고기 #야채"", 661, 46, 139], [""35092형량2109/290@0]장보관무60%7"", 696, 99, 136], [""풀"", 725, 26, 701], [""식품유형 절임식품"", 745, 58, 379], [""제품명 아작한 쌈무"", 768, 53, 81], [""판매원"", 921, 42, 112], [""723/(순화동)/.02)380-5678"", 906, 67, 219], [""0시0a.(구사)정제수 정계소금(국신"", 934, 60, 243]]"
000117,2025,11,28,2025-11-28,s1,브랜 | 2025.11.2802 당신이 | 08 54 FF2 | Ho Brand BR | 아니다.소비자다 | 스파트 컨슈머가 되는 길 AMEI | LD | LEW | T E | #취향저격 아메 | 라더,"[[""2025.11.2802"", 371, 36, 301], [""08 54 FF2"", 406, 39, 292], [""Ho Brand"", 443, 86, 179], [""아니다.소비자다"", 476, 55, 204], [""브랜"", 476, 31, 682], [""스파트 컨슈머가 되는 길"", 500, 59, 200], [""당신이"", 502, 37, 672], [""LD"", 575, 73, 226], [""LEW"", 623, 83, 220], [""BR"", 616, 85, 611], [""AMEI"", 650, 67, 606], [""T"", 656, 29, 265], [""E"", 671, 28, 300], [""#취향저격"", 718, 36, 290], [""아메"", 850, 59, 638], [""라더"", 858, 35, 13]]"
000118,2026,03,23,2026-03-23,s1,2025.11.20 | 08 54 F F2 | Brand | W | 2026.03.2302 | 02/16 D F2 | No Brand | 소비자다,"[[""2025.11.20"", 185, 26, 75], [""08 54 F F2"", 208, 30, 70], [""Brand"", 240, 34, 26], [""W"", 365, 30, 80], [""2026.03.2302"", 431, 52, 296], [""No Brand"", 490, 99, 170], [""02/16 D F2"", 471, 48, 310], [""소비자다"", 530, 42, 228]]"
000119,2026,08,24,2026-08-24,s1,2026.08.24 | 2026.08.24 | 10 FI,"[[""2026.08.24"", 168, 43, 304], [""2026.08.24"", 412, 35, 295], [""10 FI"", 442, 33, 306]]"
000120,2026,08,25,2026-08-25,det5,2026.08.25 | 2026.08.25,"[[""2026.08.25"", 191, 49, 279], [""2026.08.25"", 424, 35, 274]]"
000121,2027,04,13,2027-04-13,s1,/02)380-5678/ | 분쟁해결 기준에의거교환 또는 | 한물받을 수있습니다·반품및 | 교환장소:구입처 및 제조원·부정 | 량식품 신고는 국번없이 1399 8 809580 | No Brand는 모두이마트의상표입니다 | 2027.04.13 | MOCHAGO | WICOFFEE | 연카금드 익스,"[[""/02)380-5678/"", 70, 58, 253], [""분쟁해결 기준에의거교환 또는"", 368, 64, 165], [""한물받을 수있습니다·반품및"", 391, 62, 166], [""교환장소:구입처 및 제조원·부정"", 414, 55, 169], [""8 809580"", 426, 24, 405], [""량식품 신고는 국번없이 1399"", 438, 53, 170], [""No Brand는 모두이마트의상표입니다"", 514, 36, 268], [""2027.04.13"", 582, 45, 235], [""MOCHAGO"", 718, 101, 529], [""WICOFFEE"", 766, 83, 530], [""연카금드 익스"", 807, 81, 525]]"
000122,2022,04,NONE,2022-04-NONE,s1,oueI.oN EOEIN HV## 20043/12//5 10-12#3001 | 2022.04,"[[""20043/12//5"", 367, 242, 860], [""oueI.oN"", 380, 196, 47], [""HV##"", 388, 221, 833], [""EOEIN"", 414, 161, 736], [""10-12#3001"", 423, 132, 894], [""2022.04"", 527, 48, 406]]"
000123,2026,06,04,2026-06-04,s1,"내용량 105 9 | 졸음깨는껌 소비기한하단표시일까지 | 식품유형 추잉껌 자일2를 35%D-E를 27% 21 조제[식물성유지 | 레시틴d-토코페(혼합형)] 0말트 4%,말 | H론명 | 국색소),소비를 | (02)380-5678 | 1419930439002-406 | 용한 제품과 같은 제조시설에서 제조하고 있습니 | 국번00 1399 | 공정거래위원회 고시 소비지 쟁해결 기준에 의기 | 수 있습니다.제품 표면이 주 분에 놀아 하양게 | NoBrand는 모두 이마트의 상표입니다 | 2026.06.04.A 802534 881214","[[""내용량"", 28, 25, 421], [""105 9"", 26, 24, 498], [""졸음깨는껌"", 39, 22, 254], [""소비기한하단표시일까지"", 51, 40, 414], [""식품유형"", 62, 21, 170], [""추잉껌"", 60, 21, 247], [""자일2를 35%D-E를 27% 21"", 77, 40, 240], [""조제[식물성유지"", 86, 42, 561], [""레시틴d-토코페(혼합형)]"", 99, 38, 238], [""0말트 4%,말"", 107, 42, 505], [""H론명"", 138, 21, 177], [""국색소),소비를"", 192, 34, 606], [""(02)380-5678"", 281, 28, 225], [""1419930439002-406"", 313, 28, 214], [""용한 제품과 같은 제조시설에서 제조하고 있습니"", 377, 48, 204], [""국번00 1399"", 400, 33, 219], [""공정거래위원회 고시 소비지"", 457, 34, 213], [""쟁해결 기준에 의기"", 461, 38, 513], [""수 있습니다.제품 표면이 주"", 486, 32, 220], [""분에 놀아 하양게"", 492, 31, 512], [""NoBrand는 모두 이마트의 상표입니다"", 630, 36, 203], [""2026.06.04.A"", 694, 54, 160], [""802534"", 714, 23, 518], [""881214"", 718, 25, 616]]"
000124,2026,01,02,2026-01-02,s1,2026.01.02,"[[""2026.01.02"", 533, 30, 240]]"
000125,2026,04,07,2026-04-07,s1,"82%, | 품/ | cal) | 2026.04.07021","[[""82%,"", 40, 43, 0], [""품/"", 112, 33, 0], [""cal)"", 166, 44, 0], [""2026.04.07021"", 467, 54, 219]]"
000126,2026,06,12,2026-06-12,s1,"No Brand"" | 2026.06.12 | #노브랜드#스마트컨슈머#팔양갱 팝양갱","[[""No Brand\"""", 349, 32, 521], [""2026.06.12"", 371, 47, 175], [""팝양갱"", 739, 442, 547], [""#노브랜드#스마트컨슈머#팔양갱"", 680, 290, 489]]"
000127,2026,04,27,2026-04-27,s1,할양경 | SUPER | 2026.04.27 | No Brand x'SUPER MATCHA | 노부0518경 450 | 4.280,"[[""할양경"", 120, 155, 551], [""SUPER"", 368, 66, 32], [""2026.04.27"", 449, 50, 238], [""No Brand"", 478, 38, 163], [""x'SUPER MATCHA"", 482, 42, 306], [""노부0518경 450"", 779, 28, 278], [""4.280"", 828, 48, 412]]"
000128,2026,05,28,2026-05-28,s1,"필렌글리콜,글리서 산균배양분말(유산균 사은 항색소,치자정색 | 자황 | 색소, 정제수 OTHER | 제조원 nae | IPPLE | IDER | EGAR | 홍후가급 | 26.05.28 B.까지 | 8 206 005477 | 총내용량 408 | 영행보 128 kCA/ | 트랜스지방0g 포화지방0g 0% | 1일일 | 게 따라다를 수 있습니다. | 사과당 | SRCAER MATCHA BEAN | 말차양생 | SI","[[""필렌글리콜,글리서"", 34, 62, 1], [""항색소,치자정색"", 38, 55, 142], [""산균배양분말(유산균 사은"", 49, 80, 4], [""자황"", 63, 33, 100], [""색소, 정제수"", 80, 51, 12], [""OTHER"", 87, 30, 428], [""제조원"", 123, 45, 22], [""nae"", 139, 38, 631], [""IPPLE"", 193, 50, 553], [""IDER"", 230, 49, 557], [""EGAR"", 269, 58, 557], [""홍후가급"", 330, 28, 415], [""26.05.28 B.까지"", 450, 33, 296], [""8 206 005477"", 472, 26, 98], [""영행보"", 508, 36, 97], [""총내용량 408"", 493, 38, 354], [""128 kCA/"", 513, 34, 402], [""트랜스지방0g"", 578, 38, 147], [""포화지방0g 0%"", 574, 47, 285], [""1일일"", 606, 24, 116], [""게 따라다를 수 있습니다."", 658, 39, 154], [""SRCAER"", 768, 127, 244], [""사과당"", 741, 52, 313], [""MATCHA BEAN"", 791, 70, 577], [""말차양생"", 808, 59, 570], [""SI"", 901, 126, 561]]"
000129,2026,01,09,2026-01-09,s1,2026.0109 | 가장최저의 가격대를만드는것×⑥ | 이것이 노브랜드의 ⑥×⑥ 이념과 철학 | ×⑥당신이 스마트 컨슈머가 되는길 | 유형 | 원,"[[""2026.0109"", 446, 37, 292], [""가장최저의 가격대를만드는것×⑥"", 558, 27, 226], [""이것이 노브랜드의 ⑥×⑥ 이념과 철학"", 575, 27, 226], [""×⑥당신이 스마트 컨슈머가 되는길"", 594, 27, 226], [""유형"", 680, 34, 0], [""원"", 710, 21, 2]]"
000130,2027,02,05,2027-02-05,s1,elavor 트컨슈머 #모카골드#믹스커피 #달달한 #당충전#홈카페 STICKS AGOLD MIX COFFEE 30 골드 믹스커피 | 27.02.05 | 22.41,"[[""트컨슈머 #모카골드#믹스커피 #달달한 #당충전#홈카페"", 195, 390, 226], [""AGOLD MIX COFFEE 30"", 241, 483, 255], [""골드 믹스커피"", 247, 495, 341], [""elavor"", 421, 175, 138], [""STICKS"", 420, 93, 226], [""27.02.05"", 552, 35, 277], [""22.41"", 587, 39, 308]]"
000131,2026,08,05,2026-08-05,s1,2026.08.05 | 07.11 | ALNO,"[[""2026.08.05"", 492, 29, 321], [""07.11"", 512, 29, 334], [""ALNO"", 723, 24, 603]]"
000132,2026,08,21,2026-08-21,s1,SCHAGOLD | No Brand | CORN NUTS BAR | 2026.08.21.김8원,"[[""SCHAGOLD"", 62, 96, 0], [""No Brand"", 220, 103, 389], [""CORN NUTS BAR"", 429, 78, 33], [""2026.08.21.김8원"", 484, 35, 191]]"
000133,2025,11,25,2025-11-25,s1,곳에 보관하십시오 | 피해건조하고 서늘한 | 제조하고 있습니다. | ·본 제품은 공정거래위원회 고시 | 소비자 분쟁 해결기준에 의거 | 2000000/292656 | 25-11-2025,"[[""곳에 보관하십시오"", 14, 29, 188], [""피해건조하고 서늘한"", 30, 65, 342], [""제조하고 있습니다."", 80, 29, 186], [""·본 제품은 공정거래위원회 고시"", 104, 45, 182], [""소비자 분쟁 해결기준에 의거"", 128, 36, 187], [""2000000/292656"", 432, 42, 201], [""25-11-2025"", 526, 43, 284]]"
000134,2026,09,23,2026-09-23,s1,No Brand X OuR Bakery | 2026.09.23A | Dirty /Choco | Chunk Granola | 더티초코청크그래놀라 식품유형 곡류가공품 내용량 300 9 | 후면 표기일까지 포장재질(내면) 폴리에틸렌 | 문판매원 | 고번호 20080435169414 반품 및 교환장소 구입처 및 제조원 | 메인나트륨 유해,"[[""No Brand X OuR Bakery"", 410, 41, 71], [""2026.09.23A"", 459, 32, 203], [""Dirty"", 529, 83, 71], [""/Choco"", 526, 71, 228], [""Chunk Granola"", 609, 88, 81], [""더티초코청크그래놀라"", 681, 43, 24], [""식품유형"", 695, 38, 211], [""곡류가공품"", 698, 31, 306], [""내용량"", 697, 32, 492], [""300 9"", 696, 34, 574], [""후면 표기일까지"", 716, 41, 18], [""포장재질(내면) 폴리에틸렌"", 736, 37, 209], [""문판매원"", 782, 38, 0], [""고번호"", 818, 35, 0], [""20080435169414"", 833, 45, 47], [""반품 및 교환장소 구입처 및 제조원"", 854, 31, 316], [""메인나트륨 유해"", 944, 34, 23]]"
000135,2026,04,18,2026-04-18,s1,"EXP 2026.04.18 영양정보 층내용 | 나트륨15mg 1%탄수회을 4 | 당류4g 4%지방0g | 트랜스지방0g 포화지방 0g | 콜레스테롤0 M8 0%단01 | 12영01분 기준치대한비802003 | 필요열량에 따라 다를 수 있습니다. | 주의사항:제품을 규대통놓는 | 이미지사진 내포장:OTHER 뚜껑:PP | 리스틱 재활용어려움 조심하시기바랍니다/이 | 198/ 6/1 대투문 밀,혼두복충아를 사용 |  알리먹는#겔리스틱 원회고시소비자분장 | N184 L000001 받을수있습 | NoBrand | 노브랜드의 이념과 실천","[[""EXP 2026.04.18"", 450, 23, 325], [""영양정보"", 460, 35, 477], [""층내용"", 458, 28, 632], [""나트륨15mg"", 497, 32, 474], [""1%탄수회을 4"", 500, 31, 607], [""당류4g"", 524, 33, 477], [""4%지방0g"", 526, 27, 598], [""트랜스지방0g"", 554, 26, 477], [""포화지방 0g"", 550, 24, 630], [""콜레스테롤0 M8 0%단01"", 579, 42, 474], [""12영01분 기준치대한비802003"", 602, 41, 474], [""필요열량에 따라 다를 수 있습니다."", 620, 31, 475], [""주의사항:제품을 규대통놓는"", 644, 50, 472], [""이미지사진"", 668, 38, 247], [""뚜껑:PP"", 662, 21, 383], [""리스틱"", 725, 118, 85], [""내포장:OTHER"", 678, 22, 364], [""재활용어려움"", 695, 20, 374], [""198/ 6/1"", 775, 80, 428], [""조심하시기바랍니다/이"", 734, 59, 480], [""대투문"", 763, 30, 486], [""밀,혼두복충아를 사용"", 751, 66, 518], ["" 알리먹는#겔리스틱"", 815, 78, 91], [""원회고시소비자분장"", 803, 57, 475], [""L000001"", 852, 83, 428], [""N184"", 859, 73, 207], [""받을수있습"", 830, 45, 498], [""노브랜드의 이념과 실천"", 895, 44, 210], [""NoBrand"", 876, 57, 538]]"
000136,2025,12,02,2025-12-02,s1,"치오일, 트랜스지방 3% | H두밀함유 포화지방 0.48 | 산공단 클레스테를 10mg 3%335 M8 | 4%3.98 | 구세종대로 단백질28 | 영양성분 기준치에대 (%)은 2000 kC | -56/8 준이므로 개인의 필요 열 따라다를수있습 | OTHIR | 가급적 빠른 8180107/1371800 내포장:이 | 은온도편차 재활용어용 | 인하여 변질 | 장으로 No Brand는 모두 이마트의 상표입니다 HACCP | 세요 | 소비한 | 2025.12.02 | A | 까지","[[""트랜스지방"", 13, 29, 209], [""3%"", 17, 22, 406], [""치오일,"", 30, 49, 0], [""포화지방 0.48"", 41, 48, 207], [""3%335 M8"", 54, 33, 403], [""H두밀함유"", 59, 64, 0], [""10mg"", 70, 33, 281], [""산공단"", 90, 46, 0], [""클레스테를"", 82, 43, 184], [""4%3.98"", 92, 34, 404], [""단백질28"", 118, 39, 187], [""(%)은 2000 kC"", 130, 34, 412], [""구세종대로"", 140, 48, 0], [""영양성분 기준치에대"", 143, 52, 209], [""따라다를수있습"", 158, 31, 420], [""-56/8"", 168, 45, 0], [""준이므로 개인의 필요 열"", 169, 50, 197], [""OTHIR"", 279, 24, 545], [""내포장:이"", 301, 24, 535], [""가급적 빠른"", 320, 42, 0], [""8180107/1371800"", 322, 33, 202], [""재활용어용"", 321, 26, 538], [""은온도편차"", 344, 37, 0], [""인하여 변질"", 368, 33, 0], [""HACCP"", 384, 27, 550], [""장으로"", 394, 28, 0], [""No Brand는 모두 이마트의 상표입니다"", 392, 32, 238], [""세요"", 418, 23, 2], [""소비한"", 468, 30, 221], [""2025.12.02"", 518, 44, 291], [""A"", 561, 34, 296], [""까지"", 574, 30, 502]]"
000137,2026,03,26,2026-03-26,s1,"이미지사진 | HOHICHA WAFERS | 원재료명 | 품유형 과자 | 충청남도 아산시 신창 | 48(외2지) | 구세종대로7길 우유,대두,밀 함유 | 5678 | 60g | 반품 및 교환장소구입처 및 제조원 | 곳에 보관해 주시고 개봉 후에는 빨리 드십시오. | 609/60g당 310 kCAl 소비기한 | 2026.03.26 | 12 % G류 149 14 % 까지H13.36 | 포화지방 139.87% | 6g 7% 까지 | 의 필요 열량에 따라 다를 수 있습니다. | V2063 | 브랜드의 이념과 실천 804433 103510 | OTHER","[[""이미지사진"", 38, 39, 481], [""WAFERS"", 120, 63, 142], [""HOHICHA"", 126, 78, 0], [""원재료명"", 156, 31, 130], [""품유형 과자"", 172, 43, 0], [""충청남도 아산시 신창"", 190, 50, 0], [""48(외2지)"", 213, 40, 0], [""구세종대로7길"", 253, 42, 0], [""우유,대두,밀 함유"", 270, 36, 108], [""5678"", 277, 31, 0], [""60g"", 301, 32, 0], [""반품 및 교환장소구입처 및 제조원"", 331, 56, 100], [""곳에 보관해 주시고 개봉 후에는 빨리 드십시오."", 402, 45, 0], [""609/60g당 310 kCAl"", 482, 40, 0], [""소비기한"", 482, 36, 217], [""2026.03.26"", 518, 61, 292], [""12 %"", 519, 28, 0], [""G류 149 14 %"", 524, 37, 40], [""까지H13.36"", 551, 60, 289], [""포화지방 139.87%"", 560, 43, 4], [""6g 7%"", 594, 39, 0], [""까지"", 608, 37, 424], [""의 필요 열량에 따라 다를 수 있습니다."", 628, 39, 0], [""V2063"", 679, 50, 0], [""브랜드의 이념과 실천"", 708, 31, 0], [""OTHER"", 731, 27, 115], [""804433"", 730, 34, 247], [""103510"", 734, 23, 360]]"
000138,2026,05,14,2026-05-14,s1,"형과자 | /02-380-5678 | 제품의 별도 표시일까지 (년/월/일 순) | 유, 정제수, 코코아분말, 우유분말,향료, 대두 | 밀가루설팅 나트륨 밀,우유,대두 함유 | 레시틴 탄조 | 폴리프로 | 직사광 피하고 서늘한 곳에 보관 | 교환장소:구입처 | 수 있습니다. | 식품 신고는 국번 없이 1399 | 총내용량 4009 | 1009당 499 kCal | 1일영양성분 | 기준치에대한 비율 2026/05/14 | mg 7% | 9g 21% | 31% | 43% | 방0.5 g미만 No Brand 는 모두 이마트의 상표입니다 | 13g 87% | 5mg 2% | 7% | 대한비을/%)은2000.kCAal 비닐류 | 열량에 따라다를 수 있습니다 2108768519730631 | Stock Code: NB2","[[""형과자"", 74, 39, 0], [""/02-380-5678"", 113, 40, 23], [""제품의 별도 표시일까지 (년/월/일 순)"", 164, 47, 10], [""유, 정제수, 코코아분말, 우유분말,향료, 대두"", 192, 42, 137], [""밀가루설팅"", 201, 36, 7], [""레시틴"", 229, 32, 2], [""탄조"", 226, 21, 71], [""나트륨 밀,우유,대두 함유"", 220, 38, 149], [""폴리프로"", 256, 37, 0], [""직사광"", 284, 27, 7], [""피하고 서늘한 곳에 보관"", 282, 32, 109], [""교환장소:구입처"", 310, 31, 6], [""수 있습니다."", 362, 27, 4], [""식품 신고는 국번 없이 1399"", 389, 32, 3], [""총내용량 4009"", 442, 32, 52], [""1009당 499 kCal"", 468, 33, 26], [""1일영양성분"", 499, 32, 72], [""기준치에대한 비율"", 518, 32, 34], [""2026/05/14"", 528, 40, 254], [""mg"", 542, 30, 0], [""7%"", 547, 30, 117], [""9g"", 572, 36, 0], [""21%"", 578, 35, 100], [""31%"", 610, 36, 98], [""43%"", 641, 38, 96], [""방0.5 g미만"", 668, 39, 0], [""13g"", 696, 34, 0], [""No Brand 는 모두 이마트의 상표입니다"", 691, 34, 239], [""87%"", 704, 37, 93], [""5mg"", 728, 35, 0], [""2%"", 736, 37, 105], [""7%"", 768, 31, 107], [""대한비을/%)은2000.kCAal"", 795, 44, 1], [""열량에 따라다를 수 있습니다"", 816, 43, 0], [""비닐류"", 804, 29, 499], [""2108768519730631"", 833, 46, 200], [""Stock Code: NB2"", 876, 47, 220]]"
000139,2026,07,26,2026-07-26,s1,"HoBrano | No Brand"" | 브랜드가 아니다.소비자다 | EXP:2026/07/26 | 26G101","[[""HoBrano"", 37, 52, 37], [""No Brand\"""", 437, 26, 433], [""브랜드가 아니다.소비자다"", 456, 22, 431], [""EXP:2026/07/26"", 486, 36, 220], [""26G101"", 515, 30, 326]]"
000140,2026,07,14,2026-07-14,s1,"전화:02-380-5678 | 원재료명 | 밀,대두,우유,계란 함유 | 환불 받을 수 있습니다. | 반품 및 교환장소:수입원 및 구입처 | EXP.2026/07/14 | 146101","[[""전화:02-380-5678"", 12, 25, 310], [""원재료명"", 104, 26, 218], [""밀,대두,우유,계란 함유"", 298, 39, 292], [""환불 받을 수 있습니다."", 370, 36, 216], [""반품 및 교환장소:수입원 및 구입처"", 499, 40, 207], [""EXP.2026/07/14"", 589, 46, 247], [""146101"", 628, 43, 342]]"
000141,2026,09,17,2026-09-17,s1,스틱 | #노브랜드 #스마트컨슈머 #고소한 | #간식#우유랑#참깨스틱 | RISPY 2026.09.17 | NACK | CRISP | SNACK,"[[""스틱"", 239, 252, 283], [""#노브랜드 #스마트컨슈머 #고소한"", 366, 55, 344], [""#간식#우유랑#참깨스틱"", 396, 47, 385], [""2026.09.17"", 529, 48, 138], [""RISPY"", 554, 73, 0], [""NACK"", 598, 71, 0], [""CRISP"", 635, 58, 591], [""SNACK"", 676, 51, 590]]"
000142,2026,05,14,2026-05-14,s1,F2-2026.05.14가지 | No Brand | 브랜드가 아니다.소비자다 | 당신이 스마트컨슈머가되는길 | Cheddar | 다치즈ㅁ씨즈닝 체다치즈볼 | 2/82,"[[""F2-2026.05.14가지"", 406, 48, 219], [""No Brand"", 456, 70, 346], [""브랜드가 아니다.소비자다"", 487, 59, 347], [""당신이 스마트컨슈머가되는길"", 518, 55, 350], [""Cheddar"", 586, 101, 280], [""체다치즈볼"", 696, 104, 306], [""다치즈ㅁ씨즈닝"", 733, 62, 177], [""2/82"", 709, 86, 578]]"
000143,2027,03,06,2027-03-06,s1,"제품명 주0마트/(02)380-5678/ | 수입원 서울특별시증구세종대로7237/순화동) | 원산지 이탈리 | 혼에서 일정시간 보광시 원상태로 돌아오며,품질에는 문제가 없습니 | 본 제품은 공정거래위원회 고시 소비자분쟁해결기준에 의거 교환 다 | 수입원 및 구입처 | 영양정보 100 M당820kC 2 내8 100 | 나트륨 0%탄수화을 0%당류 | 919 1 169 %트랜스지방 6019 포화지방 149 309 | 콜레스테롤0mg 0%단백질 0% | 06/03/2027L1544418 | 2000000806785 | No Brand는 #노브랜드#스마트컨슈머#식용유#파스타 N776 | 이마트의상표입니다 #샐러드#엑스트라버진#이탈리아#올리브유","[[""제품명"", 53, 38, 179], [""주0마트/(02)380-5678/"", 66, 31, 228], [""수입원"", 92, 35, 184], [""서울특별시증구세종대로7237/순화동)"", 92, 34, 228], [""원산지 이탈리"", 184, 41, 531], [""혼에서 일정시간 보광시 원상태로 돌아오며,품질에는 문제가 없습니"", 282, 37, 184], [""본 제품은 공정거래위원회 고시 소비자분쟁해결기준에 의거 교환 다"", 304, 40, 184], [""수입원 및 구입처"", 352, 36, 185], [""영양정보"", 386, 42, 185], [""2 내8 100"", 373, 25, 536], [""100 M당820kC"", 392, 21, 534], [""나트륨"", 416, 21, 191], [""0%탄수화을"", 414, 20, 299], [""0%당류"", 412, 20, 466], [""919 1"", 436, 21, 246], [""169 %트랜스지방"", 436, 22, 284], [""6019"", 435, 26, 396], [""포화지방 149 309"", 433, 22, 499], [""콜레스테롤0mg"", 458, 25, 190], [""0%단백질"", 457, 27, 298], [""0%"", 456, 21, 463], [""06/03/2027L1544418"", 558, 38, 242], [""2000000806785"", 576, 33, 464], [""No Brand는"", 622, 35, 198], [""N776"", 614, 35, 554], [""#노브랜드#스마트컨슈머#식용유#파스타"", 622, 29, 314], [""이마트의상표입니다"", 644, 38, 197], [""#샐러드#엑스트라버진#이탈리아#올리브유"", 640, 43, 311]]"
000144,2027,03,25,2027-03-25,s1,e pleet | 딸기청 | Sweet | I청 | Fruit Tas | Strawberry 2027.03.250 | 80g N18 38 No Brand Main Iingredient Strawbem | 당절임(딸기40%)70 브랜드가 아니다소비자다 | 당신이 스마트컨슈머가 되는길 580 g | 액상차 딸기당절(딸기40% | 뜨하게기,"[[""e pleet"", 17, 44, 355], [""딸기청"", 79, 129, 294], [""Sweet"", 174, 37, 1], [""I청"", 222, 72, 0], [""Fruit Tas"", 367, 78, 188], [""2027.03.250"", 500, 31, 224], [""Strawberry"", 517, 48, 14], [""Main Iingredient"", 537, 20, 362], [""N18 38"", 552, 31, 97], [""Strawbem"", 554, 69, 449], [""80g"", 559, 32, 0], [""No Brand"", 564, 43, 189], [""브랜드가 아니다소비자다"", 594, 38, 188], [""당절임(딸기40%)70"", 597, 42, 0], [""당신이 스마트컨슈머가 되는길"", 623, 40, 188], [""580 g"", 624, 49, 398], [""액상차"", 693, 64, 210], [""딸기당절(딸기40%"", 685, 83, 375], [""뜨하게기"", 731, 46, 476]]"
000145,2027,03,24,2027-03-24,s1,"생강청의 Des | 사원한 | dweet | 제품명 청 따뜻한 따뜻한물 | 소비기한 밀크티 | 식품유형 | 품목보고번호 신신한 유위내 | 원재료명 토핑 | 생강(국산) | 산)0.7% | (국산)34.98 생강10.02 √푸드베이스 신송길 | 올레오레진진 샐러드라에 | 제조원 주의사항 Frult Ta/ | 보존료 무참가제 | 유통전문 색이 진해질 수역 | 판매원 2027.03.24.0 특이체질,알려리 2027.01.23 | 포장재질 에 따라 과민분을 No Bral 2027 | int 원료 확인후십 | Ginger ·원료의 특성상 No | 현상이 생길수 액상치 브랜드 | 고 이없/ 당신이 | N1195 ·본제품 Type | 주에 부정,불량 노브랜드의 이범과 실렌 한제품과 같은 | 2.593%가루07% 있습니다 본제은 | 00 34.89020.02.24","[[""생강청의 Des"", 36, 73, 448], [""사원한"", 69, 67, 447], [""dweet"", 71, 72, 109], [""청"", 145, 126, 102], [""따뜻한"", 142, 71, 449], [""제품명"", 142, 46, 31], [""소비기한"", 166, 45, 25], [""따뜻한물"", 178, 59, 471], [""식품유형"", 190, 57, 21], [""품목보고번호"", 214, 53, 6], [""밀크티"", 214, 46, 474], [""원재료명"", 239, 44, 24], [""신신한 유위내"", 246, 54, 474], [""생강(국산)"", 265, 44, 16], [""산)0.7%"", 286, 43, 12], [""토핑"", 283, 44, 471], [""(국산)34.98"", 310, 39, 15], [""생강10.02"", 332, 44, 10], [""올레오레진진"", 356, 38, 13], [""√푸드베이스"", 353, 50, 451], [""신송길"", 367, 26, 621], [""샐러드라에"", 384, 38, 478], [""제조원"", 402, 31, 36], [""주의사항"", 430, 36, 454], [""유통전문"", 462, 32, 30], [""Frult Ta/"", 448, 45, 534], [""보존료 무참가제"", 468, 36, 449], [""판매원"", 486, 33, 36], [""색이 진해질 수역"", 497, 34, 454], [""2027.03.24.0"", 506, 35, 230], [""포장재질"", 529, 34, 29], [""특이체질,알려리"", 526, 35, 449], [""2027.01.23"", 524, 27, 524], [""int"", 554, 29, 107], [""에 따라 과민분을"", 555, 40, 451], [""No Bral"", 571, 34, 536], [""2027"", 569, 34, 671], [""Ginger"", 597, 48, 124], [""원료 확인후십"", 584, 45, 449], [""·원료의 특성상"", 614, 50, 445], [""No"", 630, 43, 673], [""고"", 631, 20, 86], [""현상이 생길수"", 642, 51, 448], [""액상치"", 652, 34, 558], [""N1195"", 676, 50, 181], [""브랜드"", 659, 31, 672], [""주에"", 684, 31, 21], [""이없/"", 673, 64, 444], [""당신이"", 688, 32, 673], [""노브랜드의 이범과 실렌"", 702, 33, 183], [""부정,불량"", 703, 50, 21], [""·본제품"", 702, 68, 440], [""2.593%가루07%"", 752, 77, 113], [""Type"", 732, 31, 676], [""한제품과 같은"", 730, 62, 444], [""00 34.89020.02.24"", 790, 69, 120], [""있습니다"", 764, 67, 440], [""본제은"", 788, 74, 440]]"
000146,2026,04,03,2026-04-03,s1,"No Brand | 드가아니다.소비자다 | DAILY | .PET N7368 2026.04.03까지B | 명데일리갈릭 유행소스살균 58E/105/6088 본관방법:직사광선을피하고 | 2/3159 실온에서 보관하시기 바랍니 본관 | 사질용기리드지 개봉 후에는냉장0-10C) | PE·PP 달걀 하시기바랍니다.복 제품은 | 쇠고기 함유 밀,닭고기,아황산류,메밀 | (대두:외 고등어,게,복숭아 호두 | 발효식초 토마토 돼지고기,새우 조개류 | 사용한 제품과 같은 제조시 | 국산 제조하고있습니다.-포성 | 추 출액 변형,팽창,손상되었거나 | (변성전문) 내용물이 변질되었을 경우 이a | 진제 드시지 마시고 구입처에서 | ,바질 오레 교환하시기 바랍니다. | 보 파라옥시 제품은 유통 안전성을 시키기 위해 질소가스 | 표시일까지 포장을 했습니다본 | 이마트서울특별시중구 은 공정거래위원회 | 0273/(20) 소비자 분쟁해결 기 | 380-5678 의거 교환 또는 환불 | 스충북 청주시 흥덕귀 수 있습니다.·부정· | 산업12102 식품 신고는","[[""No Brand"", 311, 35, 617], [""드가아니다.소비자다"", 328, 35, 618], [""N7368"", 377, 108, 58], [""58E/105/6088"", 467, 181, 174], [""DAILY"", 388, 39, 625], ["".PET"", 406, 27, 20], [""명데일리갈릭"", 440, 50, 14], [""2026.04.03까지B"", 448, 43, 270], [""유행소스살균"", 488, 59, 14], [""2/3159"", 530, 47, 21], [""본관방법:직사광선을피하고"", 533, 47, 239], [""사질용기리드지"", 559, 61, 26], [""실온에서 보관하시기 바랍니"", 559, 34, 236], [""PE·PP"", 584, 55, 46], [""달걀"", 586, 25, 160], [""개봉 후에는냉장0-10C)"", 582, 31, 237], [""본관"", 576, 21, 455], [""쇠고기"", 601, 32, 123], [""함유"", 610, 27, 172], [""하시기바랍니다.복 제품은"", 606, 35, 235], [""(대두:외"", 632, 35, 147], [""밀,닭고기,아황산류,메밀"", 628, 34, 237], [""발효식초"", 653, 37, 144], [""고등어,게,복숭아 호두"", 652, 31, 241], [""토마토 돼지고기,새우 조개류"", 672, 34, 240], [""국산"", 695, 37, 169], [""사용한 제품과 같은 제조시"", 694, 35, 241], [""추"", 714, 23, 161], [""출액"", 718, 24, 186], [""제조하고있습니다.-포성"", 715, 36, 240], [""(변성전문)"", 734, 45, 153], [""변형,팽창,손상되었거나"", 736, 33, 243], [""진제"", 759, 28, 137], [""내용물이 변질되었을 경우"", 756, 34, 244], ["",바질"", 776, 23, 143], [""드시지 마시고 구입처에서"", 775, 34, 244], [""오레"", 788, 20, 176], [""교환하시기 바랍니다."", 794, 31, 246], [""이a"", 790, 31, 616], [""보"", 805, 40, 114], [""파라옥시"", 810, 39, 168], [""표시일까지"", 830, 49, 118], [""제품은 유통 안전성을"", 815, 34, 245], [""이마트서울특별시중구"", 853, 68, 100], [""시키기 위해 질소가스"", 833, 34, 246], [""0273/(20)"", 870, 67, 97], [""포장을 했습니다본"", 852, 37, 246], [""은 공정거래위원회"", 871, 36, 248], [""380-5678"", 886, 43, 111], [""소비자 분쟁해결 기"", 890, 38, 250], [""스충북 청주시 흥덕귀"", 918, 62, 117], [""의거 교환 또는 환불"", 910, 44, 246], [""산업12102"", 936, 49, 123], [""수 있습니다.·부정·"", 932, 43, 245], [""식품 신고는"", 947, 28, 245]]"
000147,2026,03,21,2026-03-21,s1,10.T A1 A1 22V | Bran | 2.680 03359 | 2026.03.21까지8 780,"[[""10.T A1 A1 22V"", 116, 222, 228], [""Bran"", 278, 83, 0], [""2.680"", 454, 57, 0], [""2026.03.21까지8"", 548, 43, 247], [""03359"", 566, 47, 520], [""780"", 624, 77, 489]]"
000148,2026,02,26,2026-02-26,s1,장 볶음 | (각종 요리의 감칠맛을살려 | No Brand | EXP26.02.26 | PRD24.08.27 만능 | 지일보D 껑:PP 맞소금 | 라벨페트 후추,"[[""장"", 252, 111, 5], [""볶음"", 315, 26, 497], [""(각종"", 424, 23, 495], [""요리의 감칠맛을살려"", 430, 49, 545], [""EXP26.02.26"", 482, 29, 284], [""No Brand"", 480, 34, 593], [""PRD24.08.27"", 518, 31, 283], [""만능"", 559, 66, 582], [""지일보D"", 564, 33, 235], [""맞소금"", 604, 101, 531], [""껑:PP"", 583, 36, 372], [""라벨페트"", 608, 32, 373], [""후추"", 648, 73, 563]]"
000149,2026,04,28,2026-04-28,s1,제품명 국산 고층가루 | 식품유형 고추가루 내용량 1909 | 원재료명 건고추100%(국내산) | 소비기한 하단표시일까지 | 보관 및직사광선을피하고서늘한 | 취급방법 곳에 보관하시기 바랍니다. | 제조원농업회사법인 한생(주)/ | 충남 서천군 장항읍 장항공단길 | 을 이 28번길17/041-956-1434 Brand | 유통전문판매원(주)이마트/ 소비자다 | 서울특별시중7 세종대27237 | (순화동)/(02)380-5678 | 만능 품목보2번호200504/117/351 | 26 소비기한: 2026.04.28 까지 0%국산 | 충가루 | ERPOWDER | 1#양년 | #고추 | Nd Brand,"[[""국산 고층가루"", 44, 51, 210], [""제품명"", 64, 46, 143], [""고추가루 내용량 1909"", 80, 54, 210], [""식품유형"", 98, 54, 140], [""건고추100%(국내산)"", 118, 52, 219], [""원재료명"", 133, 48, 146], [""하단표시일까지"", 156, 44, 218], [""소비기한"", 170, 41, 154], [""보관 및직사광선을피하고서늘한"", 253, 63, 159], [""취급방법"", 288, 47, 160], [""곳에 보관하시기 바랍니다."", 276, 43, 230], [""제조원농업회사법인 한생(주)/"", 311, 49, 171], [""충남 서천군 장항읍 장항공단길"", 342, 48, 173], [""Brand"", 366, 47, 582], [""28번길17/041-956-1434"", 369, 43, 177], [""을 이"", 400, 46, 17], [""소비자다"", 391, 37, 595], [""유통전문판매원(주)이마트/"", 400, 44, 177], [""서울특별시중7 세종대27237"", 428, 49, 183], [""(순화동)/(02)380-5678"", 456, 41, 185], [""만능"", 486, 42, 36], [""품목보2번호200504/117/351"", 486, 49, 182], [""0%국산"", 531, 115, 552], [""충가루"", 594, 145, 548], [""소비기한:"", 552, 38, 189], [""2026.04.28"", 564, 36, 261], [""까지"", 565, 30, 441], [""26"", 586, 23, 0], [""ERPOWDER"", 644, 91, 570], [""1#양년"", 682, 49, 620], [""#고추"", 699, 42, 622], [""Nd Brand"", 816, 91, 363]]"
000150,2026,08,12,2026-08-12,s1,소비기한하단표시일까지 | 재질 프탈레이트뚜껑-폴리프로필렌 | 보관및 직사광선을피하고서늘한 | 취급방법 곳에 보관하시기 바랍니다 | 제조원농업회사법인 한생(주)/ | 주의사항및 보관방법 충남 서천군 장항읍 장항공단길 | 객봉 흥 냉장복관하 28번길117/041-956-1434 | 수 유통전문판매원(주)이마트/ | 애벌레이 서울특별시중구세종대로7237 | 순화동)/(02)380-5678 | 제품 품목보2번호200504/117389 | 소비기한: | 2026.08.12 까지,"[[""소비기한하단표시일까지"", 90, 55, 198], [""프탈레이트뚜껑-폴리프로필렌"", 157, 49, 226], [""재질"", 165, 24, 208], [""직사광선을피하고서늘한"", 191, 42, 264], [""보관및"", 194, 35, 205], [""취급방법"", 224, 44, 201], [""곳에 보관하시기 바랍니다"", 220, 37, 269], [""제조원농업회사법인 한생(주)/"", 256, 37, 207], [""주의사항및 보관방법"", 276, 52, 14], [""충남 서천군 장항읍 장항공단길"", 288, 34, 207], [""객봉 흥 냉장복관하"", 302, 56, 17], [""28번길117/041-956-1434"", 316, 30, 210], [""수"", 332, 20, 110], [""유통전문판매원(주)이마트/"", 348, 39, 206], [""애벌레이"", 360, 49, 27], [""서울특별시중구세종대로7237"", 382, 41, 210], [""순화동)/(02)380-5678"", 409, 44, 211], [""품목보2번호200504/117389"", 441, 46, 208], [""제품"", 446, 39, 68], [""소비기한:"", 478, 36, 211], [""2026.08.12"", 510, 47, 259], [""까지"", 523, 28, 467]]"
000151,2026,09,07,2026-09-07,s1,Brano | TM | d | TM | nd 2026.09.07.B | 소비자다 | 법을찾아 | 만드는 것 | 과 철학 | 되는길,"[[""Brano"", 99, 48, 1], [""TM"", 208, 24, 76], [""d"", 240, 54, 0], [""TM"", 364, 22, 119], [""nd"", 402, 67, 0], [""2026.09.07.B"", 401, 44, 189], [""소비자다"", 444, 42, 0], [""법을찾아"", 506, 41, 0], [""만드는 것"", 540, 35, 0], [""과 철학"", 574, 31, 0], [""되는길"", 609, 36, 2]]"
000152,2026,07,31,2026-07-31,det5,• | 기자다 | 소비기한 | 2026.07.31.A | 약4장분량,"[[""•"", 286, 20, 7], [""기자다"", 318, 31, 0], [""소비기한"", 334, 33, 138], [""2026.07.31.A"", 359, 68, 230], [""약4장분량"", 900, 125, 414]]"
000153,2026,10,12,2026-10-12,s1,P | 쌀가루 40% | EXP/2026/10/12,"[[""P"", 313, 128, 26], [""쌀가루 40%"", 478, 102, 155], [""EXP/2026/10/12"", 551, 30, 208]]"
000154,2027,08,13,2027-08-13,s1,rand 2027.08.13 | [Un비e] 까지 | NoBrahd | 브렌,"[[""2027.08.13"", 455, 46, 233], [""rand"", 487, 50, 0], [""까지"", 498, 43, 282], [""[Un비e]"", 522, 41, 0], [""NoBrahd"", 758, 141, 39], [""브렌"", 820, 62, 531]]"
000155,2026,06,22,2026-06-22,s1,우리필법 | 2026.06.22까지.08 26 40 L1,"[[""우리필법"", 314, 46, 305], [""2026.06.22까지.08 26 40 L1"", 488, 46, 240]]"
000156,2026,07,29,2026-07-29,s1,까지B | 2026.07.29 | 올리오 | NoBrand | 3667 | %666 | 0/L622 | 00V6 65,"[[""까지B"", 432, 54, 395], [""2026.07.29"", 450, 37, 216], [""올리오"", 487, 69, 0], [""NoBrand"", 626, 121, 0], [""3667"", 738, 32, 612], [""%666"", 759, 32, 617], [""0/L622"", 780, 42, 613], [""00V6 65"", 804, 34, 637]]"
000157,2027,02,08,2027-02-08,hires,보abb ME L1904 | unbel 08/02/2027 | nl | 100A11,"[[""L1904"", 760, 40, 587], [""08/02/2027"", 782, 51, 566], [""보abb"", 800, 34, 414], [""ME"", 788, 21, 496], [""unbel"", 822, 52, 416], [""nl"", 870, 55, 422], [""100A11"", 987, 44, 440]]"
000158,2028,07,20,2028-07-20,s1,당기준 | Omg | 10mig 기증치에 대하 비을 물3g | 나E륨Omg 0% | 22.379 반수화물 3g 1% | a10% 당류30 3% FT2 308 | 지방0g 0% | 트랜스지방0g | 포화지방 0g 0% | 콜레스테롤0mg 0% | 단백질09 0% | 2028.07.2016.34까지,"[[""당기준"", 28, 45, 625], [""10mig"", 67, 46, 193], [""Omg"", 53, 22, 630], [""기증치에 대하 비을"", 82, 33, 273], [""물3g"", 72, 23, 628], [""나E륨Omg"", 117, 48, 197], [""0%"", 120, 36, 384], [""반수화물 3g"", 151, 54, 199], [""1%"", 156, 33, 385], [""22.379"", 154, 29, 0], [""당류30"", 185, 45, 211], [""a10%"", 176, 27, 0], [""3%"", 194, 33, 385], [""지방0g"", 216, 44, 210], [""FT2 308"", 200, 28, 446], [""0%"", 224, 35, 384], [""트랜스지방0g"", 250, 49, 217], [""포화지방 0g"", 278, 49, 221], [""0%"", 287, 32, 385], [""콜레스테롤0mg"", 310, 54, 221], [""단백질09"", 333, 46, 225], [""0%"", 317, 30, 385], [""0%"", 346, 29, 385], [""2028.07.2016.34까지"", 451, 67, 240]]"
000159,2027,01,08,2027-01-08,det5,생자범강해걸 기준에 의거 그는 | 는리받을 수있습니다. | 보경 부량식품 신고는 국번없이 | 1399 사용시주의사항:당분으로 인해병 MATSUL 선에#잡내제거#비린내제거 | 사용하십시오 | 이미지사진 | 전품명:있을 | 무색페트 | 껑:LDPE | 라벨:OTHER | 소비기한: | 2027 01.08.21 까지,"[[""생자범강해걸 기준에 의거 그는"", 18, 39, 87], [""는리받을 수있습니다."", 52, 75, 82], [""보경"", 88, 39, 99], [""부량식품 신고는 국번없이"", 88, 72, 131], [""1399"", 125, 40, 102], [""사용시주의사항:당분으로 인해병"", 156, 72, 98], [""MATSUL"", 154, 33, 516], [""선에#잡내제거#비린내제거"", 177, 34, 512], [""사용하십시오"", 284, 55, 129], [""이미지사진"", 352, 28, 557], [""전품명:있을"", 446, 31, 536], [""무색페트"", 520, 13, 270], [""라벨:OTHER"", 557, 21, 262], [""껑:LDPE"", 546, 17, 265], [""소비기한:"", 577, 44, 187], [""2027"", 613, 46, 207], [""01.08.21"", 617, 52, 271], [""까지"", 605, 34, 407]]"
000160,2026,10,27,2026-10-27,s1,참치 | PRO:2025/04/28 | EXP/2026/10/27 | 액 | 3.780,"[[""참치"", 326, 65, 211], [""PRO:2025/04/28"", 522, 39, 262], [""EXP/2026/10/27"", 546, 43, 268], [""액"", 611, 106, 0], [""3.780"", 896, 47, 373]]"
000161,2027,05,10,2027-05-10,s1,"N1674 1001..22 | 29 500상100 /수분2 | 대상이 근신공장 | 전북특별자치도 군산시 외항로 84 | 딩 (취이마트/서울특별시 중구 서종대로일 37 0상2 경/0시가201 | SYRU (순화동)/02-380-3678 | 용가-폴리에틸렌터레프틸레이트 | JP (PET),캡-폴리에틸레(PE) | 보2번호/20030484120103 D-LOPE | 산품 및 교환장소 구입처 및 제조원 :OTHER | 올리고당! 부정 블신2이 1399 | 2027.05.1016.53 | N1212","[[""1001..22"", 76, 23, 351], [""N1674"", 92, 32, 0], [""29 500상100 /수분2"", 109, 34, 287], [""대상이 근신공장"", 148, 41, 286], [""전북특별자치도 군산시 외항로 84"", 176, 37, 291], [""0상2 경/0시가201"", 210, 40, 285], [""딩"", 236, 84, 101], [""(취이마트/서울특별시 중구 서종대로일 37"", 242, 42, 288], [""(순화동)/02-380-3678"", 273, 30, 294], [""SYRU"", 288, 21, 118], [""용가-폴리에틸렌터레프틸레이트"", 306, 37, 299], [""JP"", 336, 36, 6], [""(PET),캡-폴리에틸레(PE)"", 334, 31, 298], [""보2번호/20030484120103"", 364, 31, 266], [""D-LOPE"", 362, 28, 481], [""산품 및 교환장소 구입처 및 제조원"", 393, 32, 264], ["":OTHER"", 380, 30, 474], [""부정 블신2이 1399"", 444, 38, 265], [""올리고당!"", 461, 46, 0], [""2027.05.1016.53"", 508, 58, 284], [""N1212"", 838, 115, 592]]"
000162,2027,06,12,2027-06-12,s1,법에 의거 교환 또는 보상 | 국번업0 139 | 05.10.16.5 | wand | 뚜정:LDPE | 라벨:PET | 훈연참치력 | 900 M.(2 | N12 | 2027.06.12.깨지 | 몰리고당 1.2kg | 4.580 노브래,"[[""법에 의거 교환 또는 보상"", 94, 37, 0], [""국번업0 139"", 117, 37, 0], [""05.10.16.5"", 174, 42, 0], [""wand"", 288, 40, 128], [""뚜정:LDPE"", 368, 42, 482], [""라벨:PET"", 396, 43, 483], [""훈연참치력"", 493, 58, 649], [""900 M.(2"", 517, 55, 647], [""N12"", 548, 67, 640], [""2027.06.12.깨지"", 572, 53, 233], [""몰리고당 1.2kg"", 863, 58, 0], [""4.580"", 935, 55, 55], [""노브래"", 937, 27, 617]]"
000163,2026,11,20,2026-11-20,s1,뜯는곳 | 보관시지퍼를 이용하세요 | 2026.11.20까2,"[[""뜯는곳"", 46, 30, 558], [""보관시지퍼를 이용하세요"", 96, 40, 419], [""2026.11.20까2"", 407, 40, 256]]"
000164,2026,04,27,2026-04-27,s1,보관시 지미를 이용하세요 | 가다 2026.04.27파2 | 는길 | 0,"[[""보관시 지미를 이용하세요"", 163, 36, 479], [""가다"", 482, 29, 0], [""2026.04.27파2"", 473, 50, 250], [""는길"", 519, 32, 0], [""0"", 908, 57, 3]]"
000165,2027,01,13,2027-01-13,s1,묻는곳→ | 보관시지퍼를이용하세요 | 2027.01.13까2,"[[""묻는곳→"", 322, 28, 475], [""보관시지퍼를이용하세요"", 361, 40, 384], [""2027.01.13까2"", 552, 83, 275]]"
000166,2027,08,18,2027-08-18,s1,뜯는곳 | 보관시지퍼를이용하세요 | 2027.08.18까2 | 문,"[[""뜯는곳"", 146, 30, 427], [""보관시지퍼를이용하세요"", 212, 72, 317], [""2027.08.18까2"", 514, 117, 239], [""문"", 819, 288, 0]]"
000167,2026,08,07,2026-08-07,s1,까지B 2026.08.07 | 115 M9 | 탄수화물 25 g 8 | 당류 8g 8 olo | 1.9 g oo | 09 olo | 0% | 0o,"[[""2026.08.07"", 492, 54, 283], [""까지B"", 519, 44, 280], [""8"", 823, 22, 376], [""115 M9"", 826, 45, 267], [""8"", 844, 25, 385], [""olo"", 842, 27, 402], [""25 g"", 848, 42, 288], [""oo"", 859, 22, 414], [""8g"", 873, 40, 304], [""탄수화물"", 893, 54, 134], [""1.9 g"", 902, 49, 300], [""olo"", 902, 22, 440], [""당류"", 930, 41, 144], [""09"", 924, 41, 326], [""0%"", 928, 52, 429], [""0o"", 947, 20, 470]]"
000168,2026,02,16,2026-02-16,s1,E020N//2061 | 1.580 | 안전관리인증 | 2026.02.16F2 HACCP,"[[""E020N//2061"", 267, 68, 252], [""1.580"", 316, 67, 290], [""2026.02.16F2"", 470, 40, 185], [""안전관리인증"", 508, 25, 654], [""HACCP"", 523, 28, 659]]"
000169,2026,03,18,2026-03-18,s1,2026.03.18 | 까지 F1,"[[""2026.03.18"", 441, 63, 240], [""까지"", 486, 41, 242], [""F1"", 494, 43, 363]]"
000170,2026,09,07,2026-09-07,s1,Seelloreo8ll8 | 2026.09.07.J2E | 제장한그룹,"[[""Seelloreo8ll8"", 378, 50, 121], [""2026.09.07.J2E"", 520, 87, 208], [""제장한그룹"", 784, 173, 70]]"
000171,2026,05,27,2026-05-27,s1,"F1-C13.38 | 2025.08.28부8 | 2026.05.27까지 | 제품명 초코 소프트콘 | 식품유형 초콜릿가공품 | 내용량 120 8 | 옥수수가루(옥수 | 탕, 가공유지(판 | 시아산),코코","[[""F1-C13.38"", 512, 37, 249], [""2025.08.28부8"", 548, 26, 249], [""2026.05.27까지"", 583, 28, 248], [""제품명"", 788, 32, 226], [""초코 소프트콘"", 782, 35, 321], [""식품유형"", 822, 37, 218], [""초콜릿가공품"", 818, 30, 323], [""내용량"", 853, 35, 225], [""120 8"", 850, 39, 321], [""옥수수가루(옥수"", 885, 40, 324], [""탕, 가공유지(판"", 914, 45, 323], [""시아산),코코"", 941, 38, 325]]"
000172,2026,06,10,2026-06-10,s1,F2-B 15:33 | 2025.09.11부터 | 2026.06.10까지 | 제조원 | 유통전문 전남 담양군 담양읍어 에코길 | 판매원 | 유지(팔을 | ) | 원재료명,"[[""F2-B 15:33"", 407, 44, 294], [""2025.09.11부터"", 435, 46, 287], [""2026.06.10까지"", 464, 42, 291], [""제조원"", 732, 29, 274], [""전남 담양군 담양읍어"", 768, 40, 329], [""에코길"", 744, 57, 458], [""유통전문"", 781, 35, 275], [""판매원"", 800, 35, 283], [""유지(팔을"", 882, 34, 348], ["")"", 892, 41, 409], [""원재료명"", 925, 36, 295]]"
000173,2026,09,17,2026-09-17,s1,IRJOIO | AㅅI | 아이비 | LOW SUGAR | 손비2026.09.17A1 | 기한,"[[""IRJOIO"", 266, 80, 549], [""AㅅI"", 340, 73, 527], [""아이비"", 500, 76, 270], [""LOW SUGAR"", 550, 31, 301], [""손비2026.09.17A1"", 598, 55, 210], [""기한"", 630, 29, 212]]"
000174,2026,09,05,2026-09-05,s1,제존 | 일자 2025.09.06 | 2026.09.05A2,"[[""제존"", 418, 25, 202], [""일자"", 437, 24, 204], [""2025.09.06"", 435, 44, 246], [""2026.09.05A2"", 486, 45, 251]]"
000175,2026,06,28,2026-06-28,s1,문bER | 크래커 | * 화이트하임 | 2025.09.298 부터 | 2026.06.28 까지 | 맛있는 약속,"[[""문bER"", 128, 97, 334], [""화이트하임"", 216, 185, 579], [""크래커"", 168, 65, 82], [""*"", 205, 102, 30], [""2025.09.298"", 515, 32, 212], [""부터"", 506, 25, 464], [""2026.06.28"", 561, 32, 216], [""까지"", 550, 25, 464], [""맛있는 약속"", 572, 27, 501]]"
000176,2026,09,22,2026-09-22,s1,크래커 | 00 크래커 | ※0 | SALTINE CRACKERS <O | 2025.09.23 PE | 2026.09.22 까지 | 맛있는 약속 | Unn0b 2/3609 D,"[[""크래커"", 125, 59, 402], [""00"", 173, 87, 383], [""크래커"", 164, 61, 591], [""※0"", 210, 87, 556], [""<O"", 388, 96, 523], [""SALTINE CRACKERS"", 389, 37, 212], [""2025.09.23"", 497, 36, 195], [""PE"", 500, 45, 388], [""2026.09.22"", 548, 36, 193], [""까지"", 546, 25, 396], [""맛있는 약속"", 566, 27, 428], [""Unn0b"", 802, 91, 444], [""D"", 820, 107, 627], [""2/3609"", 832, 91, 555]]"
000177,2026,08,18,2026-08-18,s1,Sablé | 사브레 | 소비기한 2025.08.19 2026.08.18A 부터 | 까지 | 내 | DY,"[[""Sablé"", 440, 31, 346], [""사브레"", 490, 75, 279], [""소비기한"", 592, 109, 158], [""2025.08.19"", 568, 36, 228], [""부터"", 574, 35, 529], [""2026.08.18A"", 603, 35, 226], [""까지"", 620, 35, 530], [""내"", 686, 81, 624], [""DY"", 921, 85, 194]]"
000178,2026,06,25,2026-06-25,s1,땅공신도 | HACCP | 2025.09.26 | 2026.06.25 부터 | 까지 맛있는 약속 | 무UEE 화이트하임,"[[""땅공신도"", 98, 59, 220], [""HACCP"", 374, 49, 233], [""2025.09.26"", 468, 55, 248], [""부터"", 486, 20, 454], [""2026.06.25"", 509, 55, 249], [""까지 맛있는 약속"", 520, 36, 449], [""화이트하임"", 832, 176, 462], [""무UEE"", 816, 75, 145]]"
000179,2026,06,29,2026-06-29,s1,사브레 | 2025.09.30.B4 부5 | 2026.06.29 까지 | 맛있는약속 | YDEY,"[[""사브레"", 96, 93, 645], [""2025.09.30.B4 부5"", 503, 94, 250], [""까지"", 512, 32, 473], [""맛있는약속"", 529, 50, 476], [""2026.06.29"", 554, 61, 268], [""YDEY"", 658, 67, 576]]"
000180,2026,06,25,2026-06-25,s1,식품안전관리인증 | HACCP | 2025.09.26 | 2026.06.25 | 까지맛있는약속,"[[""식품안전관리인증"", 381, 28, 234], [""HACCP"", 405, 32, 231], [""2025.09.26"", 496, 35, 261], [""2026.06.25"", 536, 46, 258], [""까지맛있는약속"", 566, 27, 404]]"
000181,2026,09,08,2026-09-08,s1,2025.09.09 부터 | 2026.09.08 까지 | 맛있는?,"[[""부터"", 524, 35, 605], [""2025.09.09"", 556, 64, 231], [""까지"", 574, 40, 606], [""맛있는?"", 592, 39, 651], [""2026.09.08"", 612, 61, 250]]"
000182,2026,10,01,2026-10-01,s1,TEN MINSTE HOUDBAAR TOT | 01 10 2026 (E)01.57 | 114 4 64504 | 450 | -PAP21 | CARTON VER | CARDBOARD | PAPER | Recydling,"[[""TEN MINSTE HOUDBAAR TOT"", 475, 35, 276], [""(E)01.57"", 514, 31, 392], [""01 10 2026"", 530, 43, 184], [""114 4 64504"", 536, 28, 394], [""450"", 581, 44, 665], [""-PAP21"", 666, 25, 584], [""VER"", 676, 21, 687], [""CARTON"", 686, 27, 590], [""CARDBOARD"", 702, 27, 586], [""PAPER"", 722, 29, 600], [""Recydling"", 740, 25, 597]]"
000183,2027,07,28,2027-07-28,s1,면이잘분지않고 면의 탄력성 향상 세몰리나가루로만들어 배유 부분만 도정하여만든 잘붙지않아처음식감그대로 만든 세2나 100%로만들0 듀럼밀의배유를같아 세톨리나100% 파스타면의비밀 이탈리아감파니아 폰타나 4.480 | 맜있는 맛으로떠나는 여행 PROD.DATE.2024.07.29 | EXP.DATE: 2027.07.28 | B1 ML 211 24 16.13,"[[""4.480"", 128, 61, 559], [""파스타면의비밀"", 222, 170, 224], [""이탈리아감파니아"", 229, 194, 256], [""폰타나"", 165, 60, 301], [""잘붙지않아처음식감그대로"", 266, 220, 82], [""만든 세2나 100%로만들0"", 264, 219, 111], [""듀럼밀의배유를같아"", 224, 143, 144], [""세톨리나100%"", 214, 135, 177], [""면이잘분지않고 면의 탄력성 향상"", 273, 216, 19], [""세몰리나가루로만들어"", 236, 138, 43], [""배유 부분만 도정하여만든"", 242, 156, 60], [""맜있는"", 496, 74, 3], [""맛으로떠나는 여행"", 536, 172, 34], [""PROD.DATE.2024.07.29"", 514, 60, 183], [""2027.07.28"", 540, 44, 338], [""EXP.DATE:"", 558, 45, 186], [""16.13"", 575, 40, 380], [""B1 ML 211 24"", 593, 47, 188]]"
000184,2027,11,19,2027-11-19,s1,.75. | 4.280 행시 | 삶는시간 | 19 M2R2 7-9분 | 19 11 2027 | 이탈리아에서 스파게티를이 | DIVELLA 시간오다 1~2분 정도다 삶이 | 디벨라스파게티맛있게 | Prodotto in Italia da F. DIVELLA S.p.A. 나.스파게티면이잡길정도의큰님 | 스폰으로 2스폰 정도의 양)의비 | 3.는 에디벨라 스파게를넣고 | 내시면 디벨라 스파게티의최고의9,"[["".75."", 20, 34, 458], [""행시"", 337, 105, 593], [""4.280"", 379, 70, 210], [""삶는시간"", 440, 25, 629], [""7-9분"", 462, 33, 627], [""19 M2R2"", 488, 41, 294], [""19 11 2027"", 520, 44, 284], [""이탈리아에서 스파게티를이"", 521, 42, 523], [""시간오다 1~2분 정도다 삶이"", 555, 36, 528], [""DIVELLA"", 602, 74, 263], [""디벨라스파게티맛있게"", 602, 43, 526], [""나.스파게티면이잡길정도의큰님"", 617, 42, 528], [""스폰으로 2스폰 정도의 양)의비"", 644, 37, 543], [""Prodotto in Italia da F. DIVELLA S.p.A."", 653, 51, 224], [""3.는 에디벨라 스파게를넣고"", 659, 40, 519], [""내시면 디벨라 스파게티의최고의9"", 672, 40, 540]]"
000185,2028,03,15,2028-03-15,s1,"C3백N A파20원 5001 | 총 내용량 500 9 | 영양정보 100 g 당 365 kCAl | PP | 지방1.793% 트랜스지방09 포화지방g 0% | 콜레스테롤0mg 0% 단배지11 g 20% | cockcal 기준 080-50-1200 | 1666-54/8문자1 | 이므로 개인의 필요 열량에 따라 Ncico | 읽는법:일,월,연도순 E.DATE.15/03/2028 까지 | 필렌 원산지이탈리아산 | 100% 밀함유 L135T M2 21.18 | 질수 있으니 주의하시기 | 량식품 신고는 국번없이 | 사용한 제품과 같은 제 | 을수 있습니다.•제품 | 주십시오","[[""C3백N A파20원 5001"", 184, 31, 230], [""영양정보"", 258, 35, 85], [""총 내용량 500 9"", 264, 38, 375], [""100 g 당 365 kCAl"", 292, 37, 359], [""지방1.793% 트랜스지방09"", 336, 49, 62], [""콜레스테롤0mg 0%"", 361, 40, 60], [""포화지방g 0%"", 352, 38, 357], [""PP"", 346, 23, 578], [""단배지11"", 370, 29, 262], [""g 20%"", 378, 33, 344], [""이므로 개인의 필요 열량에 따라"", 430, 47, 59], [""cockcal 기준"", 420, 37, 383], [""080-50-1200"", 432, 37, 542], [""1666-54/8문자1"", 452, 38, 543], [""Ncico"", 466, 27, 523], [""읽는법:일,월,연도순"", 488, 45, 16], [""필렌"", 513, 24, 5], [""원산지이탈리아산"", 523, 50, 32], [""E.DATE.15/03/2028 까지"", 522, 59, 219], [""100%"", 547, 34, 0], [""밀함유"", 562, 38, 122], [""질수 있으니 주의하시기"", 585, 48, 1], [""L135T M2 21.18"", 581, 37, 274], [""량식품 신고는 국번없이"", 610, 45, 2], [""사용한 제품과 같은 제"", 635, 44, 3], [""을수 있습니다.•제품"", 660, 50, 0], [""주십시오"", 678, 32, 0]]"
000186,2028,04,14,2028-04-14,s1,al | Tagllolni | 2028/04/14 | 000210 05 | OS | FRESCO | 시작됩니다 | 스파게티는,"[[""al"", 30, 45, 0], [""Tagllolni"", 182, 110, 279], [""2028/04/14"", 448, 59, 255], [""000210 05"", 486, 46, 264], [""OS"", 514, 87, 485], [""FRESCO"", 585, 28, 300], [""시작됩니다"", 623, 42, 283], [""스파게티는"", 641, 26, 267]]"
000187,2028,02,05,2028-02-05,s1,HNINEINIT 이 |기간율 2028/02/05 융를%0이룸 | 98:80 | L06T N2,"[[""이"", 268, 382, 121], [""HNINEINIT"", 266, 356, 8], [""|기간율"", 257, 208, 190], [""융를%0이룸"", 286, 265, 566], [""2028/02/05"", 424, 33, 285], [""98:80"", 436, 53, 426], [""L06T"", 460, 35, 283], [""N2"", 466, 30, 386]]"
000188,2027,09,30,2027-09-30,s1,FRES | 프레스코 마카로니는 신선한 | 듀럼밀 세물리나(밀)를 직접 | NACARONI 선별 업선하여 관리합니다. | 오뚜기 프레스코 스파게티소스와 | 함께 하시면 전문 스파기리정의 | 맛을 가정에서도 손쉽게 | 즐기실 수 있습니다. 두고살야 | 넘치는맛을느수입습니 | 이렇게 잘살아낸 마카로는 | 물기를완전히면뒤 | 22101399 오뚜기 골드 마요네스 오뚜기 스위트콘과 석으면 | 출한 곳에 보관 2027/09/30 간단하게 맛있는 살러데 | 완성할 수 있습니다. | 01-2311 L24550 02 | ) | 총내용량5 | 208 345./18 |  70 229 제조원: 8 801045 36050 | 22방17931 Pastifio Fbianelli S.p.A | 8050.3% 오뚜moll | CN 130 24. 수입판매원: 다있다 | 에 수있습  주식회사 오뚜기 | 경가도 안양시 동안구 | 흥인대로405,"[[""FRES"", 156, 55, 406], [""프레스코 마카로니는 신선한"", 252, 73, 374], [""NACARONI"", 251, 35, 251], [""듀럼밀 세물리나(밀)를 직접"", 272, 70, 371], [""선별 업선하여 관리합니다."", 291, 64, 366], [""오뚜기 프레스코 스파게티소스와"", 312, 73, 353], [""함께 하시면 전문 스파기리정의"", 332, 69, 353], [""맛을 가정에서도 손쉽게"", 352, 59, 363], [""즐기실 수 있습니다."", 373, 52, 369], [""두고살야"", 421, 72, 565], [""22101399"", 434, 39, 200], [""넘치는맛을느수입습니"", 460, 71, 559], [""출한 곳에 보관"", 454, 39, 195], [""이렇게 잘살아낸 마카로는"", 480, 63, 558], [""01-2311"", 494, 39, 185], [""2027/09/30"", 503, 70, 299], [""물기를완전히면뒤"", 494, 53, 552], [""오뚜기 골드 마요네스"", 513, 50, 549], ["")"", 511, 22, 186], [""L24550"", 539, 58, 288], [""오뚜기 스위트콘과 석으면"", 534, 54, 545], [""총내용량5"", 554, 35, 193], [""간단하게 맛있는 살러데"", 554, 52, 543], [""208 345./18"", 572, 49, 179], [""02"", 554, 23, 415], [""완성할 수 있습니다."", 572, 48, 541], ["" 70 229"", 593, 60, 160], [""22방17931"", 624, 71, 152], [""제조원:"", 636, 48, 268], [""8050.3%"", 647, 49, 148], [""CN 130 24."", 682, 71, 140], [""Pastifio Fbianelli S.p.A"", 677, 70, 262], [""수입판매원:"", 701, 48, 259], [""에 수있습 "", 717, 52, 155], [""8 801045 36050"", 705, 36, 522], [""주식회사 오뚜기"", 758, 51, 285], [""오뚜moll"", 744, 40, 506], [""경가도 안양시 동안구"", 781, 66, 235], [""다있다"", 764, 37, 516], [""흥인대로405"", 796, 57, 227]]"
000189,2026,08,25,2026-08-25,s1,"19 09 | 소비기한 하단 표기일까지 이탈리아 전통의 | 다이스드토마토 토마토, 토마토? 듀림 | 칼습/미국"" 정제수, 토미토페 | 원재료명 스DS, (국신),대유설당,블래오디브 제소금,마늘,건조 | 흑후추 0E17021생 | 통마토, 대두,밀 쇠고 .닭고기조 | 용가-우리뚜껑-저 폴리엄화 | 장소 고객상담실 및 구입처 | 콩,게 새우,아황그류,오징어,돼지 | 성분혼입기능서늘하고건조한곳 | 보관하여도 번질우의가 있으니 가급적한 | 본제품은 소비자기본법에 의거 교환 또는 보 | 부정 불량식품 신고는 국번 139 | 8고객상담080-019-9119 수자요금부8 | 빈용기는 깨끗이분리수거하여재활용합시다.소중한자원 | 15.410 | 2026.08.25 2-3인분 2509.(895 kCa 이탈리아산(OEM) 2개 | 상구매시 | 50 파스타: | 9.980 영사성 | 2개권 | 50 | 18/0/3","[[""19 09"", 51, 32, 513], [""소비기한 하단 표기일까지"", 100, 29, 272], [""이탈리아 전통의"", 102, 37, 433], [""다이스드토마토 토마토, 토마토?"", 122, 30, 244], [""듀림"", 128, 20, 527], [""칼습/미국\"" 정제수, 토미토페"", 143, 32, 246], [""(국신),대유설당,블래오디브"", 164, 33, 248], [""원재료명"", 174, 25, 209], [""스DS,"", 185, 22, 254], [""제소금,마늘,건조"", 184, 31, 278], [""흑후추"", 205, 22, 251], [""0E17021생"", 204, 33, 272], [""통마토, 대두,밀 쇠고"", 226, 26, 249], ["".닭고기조"", 228, 24, 346], [""용가-우리뚜껑-저 폴리엄화"", 252, 29, 256], [""장소"", 273, 22, 257], [""고객상담실 및 구입처"", 273, 32, 279], [""콩,게 새우,아황그류,오징어,돼지"", 298, 27, 243], [""성분혼입기능서늘하고건조한곳"", 320, 31, 239], [""보관하여도 번질우의가 있으니 가급적한"", 342, 29, 231], [""본제품은 소비자기본법에 의거 교환 또는 보"", 364, 31, 211], [""부정 불량식품 신고는 국번 139"", 385, 31, 214], [""2-3인분 2509.(895 kCa"", 506, 245, 479], [""8고객상담080-019-9119 수자요금부8"", 410, 29, 209], [""이탈리아산(OEM)"", 518, 213, 523], [""빈용기는 깨끗이분리수거하여재활용합시다.소중한자원"", 447, 29, 209], [""15.410"", 469, 20, 338], [""2026.08.25"", 502, 29, 272], [""2개"", 578, 103, 584], [""상구매시"", 638, 61, 594], [""50"", 692, 64, 34], [""9.980"", 730, 72, 155], [""파스타:"", 711, 32, 589], [""영사성"", 735, 34, 599], [""2개권"", 757, 32, 594], [""50"", 785, 40, 601], [""18/0/3"", 830, 33, 578]]"
000190,2022,11,26,2022-11-26,s1,"08 5/ 114.615 223. 222.11.26 | [Uunlabel | 제품명 바실리코 스파게티소스 원영및토아토24 | 소스실군제품)원산지이탈리아 (고형분 29% 천연 | 무원식품(주) | 3북02대소 양로73027 | 무경 없면 표시일까지(일/월년) | 용가-유리,뚜껑-철저 | 폴리염화비닐(내면)","[[""223. 222.11.26"", 426, 46, 207], [""08 5/ 114.615"", 414, 31, 219], [""[Uunlabel"", 660, 77, 49], [""제품명"", 716, 22, 234], [""바실리코 스파게티소스"", 730, 40, 254], [""원영및토아토24"", 720, 73, 401], [""소스실군제품)원산지이탈리아"", 764, 47, 258], [""(고형분 29%"", 754, 47, 408], [""천연"", 773, 75, 408], [""무원식품(주)"", 806, 39, 252], [""3북02대소 양로73027"", 831, 52, 252], [""무경 없면 표시일까지(일/월년)"", 858, 46, 254], [""용가-유리,뚜껑-철저"", 887, 26, 360], [""폴리염화비닐(내면)"", 907, 24, 361]]"
000191,2020,10,20,2020-10-20,rot180,HIYHLS T | 흐습서 | 201020-82-080.122,"[[""HIYHLS T"", 452, 57, 186], [""흐습서"", 473, 39, 461], [""201020-82-080.122"", 605, 49, 293]]"
000192,2025,05,24,2025-05-24,clahe,0E1 133730102N | 00091120/200028 | 신 0M178225.0..2/0.010 | HREE | 나한즈가한는 법병동을 햇보유 | [unalel | M21.080-2199-0750/수/7부9 | (주)크레프트하인츠코리아 | 11131281 20000 | 제조원 주)에스피씨삼립 | 생기 무용  총력구 산단로 8(송장동) | 350 이 025.05/24까지D | (508 kC3 인 재 | 009당 2280원 인즈 0쉬룸치2크림 파/타소/ 3500,"[[""0E1 133730102N"", 132, 33, 268], [""00091120/200028"", 155, 39, 298], [""0M178225.0..2/0.010"", 182, 42, 237], [""신"", 203, 10, 71], [""HREE"", 205, 50, 213], [""나한즈가한는 법병동을 햇보유"", 230, 31, 194], [""[unalel"", 248, 45, 323], [""M21.080-2199-0750/수/7부9"", 282, 35, 187], [""(주)크레프트하인츠코리아"", 313, 40, 245], [""20000"", 322, 57, 643], [""11131281"", 335, 66, 246], [""제조원"", 359, 26, 194], [""주)에스피씨삼립"", 367, 28, 255], [""무용  총력구 산단로 8(송장동)"", 385, 70, 249], [""생기"", 411, 16, 198], [""025.05/24까지D"", 433, 66, 228], [""350"", 456, 34, 76], [""이"", 460, 21, 263], [""인 재"", 462, 26, 307], [""(508 kC3"", 484, 51, 50], [""인즈 0쉬룸치2크림 파/타소/ 3500"", 917, 64, 0], [""009당 2280원"", 934, 34, 0]]"
000193,2026,03,06,2026-03-06,s1,Bol | 토마토 | 볼로네즈 | 2026.03.065 3인분 신선한 토마토 | 소비기한 | 2개 52 | 이상구매 시,"[[""Bol"", 320, 182, 478], [""토마토"", 454, 117, 551], [""볼로네즈"", 510, 77, 578], [""신선한 토마토"", 595, 93, 544], [""소비기한"", 599, 28, 100], [""2026.03.065"", 561, 140, 232], [""3인분"", 617, 48, 574], [""52"", 794, 190, 394], [""2개"", 766, 113, 165], [""이상구매 시"", 840, 46, 189]]"
000194,2027,04,23,2027-04-23,s1,유통전문 | 소비기한 하단표기일까지 (년/월 일) | 내용량 33g | 원자료명 2즈0 100%0키 | 보20200902/51/831 | COCK | 2027.04.23 | 까지 | LLN | RBMIX | ROS | 리아허브믹스 | 로즈 | 2즈마2/100 | 피코ㅋ,"[[""유통전문"", 265, 32, 311], [""소비기한"", 320, 21, 313], [""하단표기일까지 (년/월 일)"", 316, 33, 363], [""내용량"", 346, 23, 317], [""33g"", 346, 20, 364], [""원자료명"", 372, 23, 313], [""2즈0 100%0키"", 367, 36, 356], [""보20200902/51/831"", 393, 34, 305], [""COCK"", 412, 27, 0], [""2027.04.23"", 450, 40, 308], [""까지"", 468, 28, 455], [""LLN"", 496, 26, 0], [""RBMIX"", 522, 26, 0], [""ROS"", 561, 49, 637], [""리아허브믹스"", 586, 43, 0], [""로즈"", 660, 52, 646], [""2즈마2/100"", 689, 44, 633], [""피코ㅋ"", 940, 42, 92]]"
000195,2027,07,01,2027-07-01,s1,"PARSLE | 식품유형 천연항신료(건조제품) | 윈자료명바100%0집 | 필브레드가든 성남공장경기도 성성사 가든 바슬리  | 제조원 완구 기2 로 52 8106 8102 810 | 용가유리장-상몰리므로들 | 포장재질 캡아크릴로니트를-부타디인-스 | (ABS),마개-몰리스티페이페P | 소비기한 제품별도표기일까지(년. | 공국보2번호20090275178346 | 2027.07.01 | 까지 | [ulabel | nb | 2150.2개81","[[""PARSLE"", 174, 34, 615], [""식품유형 천연항신료(건조제품)"", 248, 33, 249], [""윈자료명바100%0집"", 276, 30, 248], [""필브레드가든 성남공장경기도 성성사"", 304, 31, 300], [""제조원"", 312, 25, 249], [""가든 바슬리 "", 305, 25, 535], [""완구 기2 로 52 8106 8102 810"", 324, 35, 299], [""용가유리장-상몰리므로들"", 351, 30, 300], [""포장재질"", 368, 29, 246], [""캡아크릴로니트를-부타디인-스"", 371, 28, 300], [""(ABS),마개-몰리스티페이페P"", 392, 30, 301], [""소비기한 제품별도표기일까지(년."", 418, 32, 247], [""공국보2번호20090275178346"", 442, 29, 244], [""2027.07.01"", 512, 39, 249], [""까지"", 536, 35, 423], [""[ulabel"", 784, 30, 338], [""nb"", 805, 28, 330], [""2150.2개81"", 906, 130, 3]]"
000196,2027,02,27,2027-02-27,s1,갈릭비프까장 | 하늘&시교기 | 오즈 | 2.981 | 3.980 | 4.980 | 2027.02.27까지.1 깨5,"[[""갈릭비프까장"", 43, 86, 337], [""하늘&시교기"", 86, 50, 377], [""2.981"", 196, 49, 61], [""오즈"", 256, 34, 665], [""3.980"", 284, 60, 248], [""4.980"", 428, 73, 563], [""2027.02.27까지.1"", 574, 43, 235], [""깨5"", 664, 107, 605]]"
000197,2026,07,30,2026-07-30,s1,기 오즈키진 브라운비프카레 뚜기 오즈키친 고추마 | 3.980 ‘른 시일 내에 상품을 준비 해당 상품은 품절 되었 | (5)483603  | 2026.07.30까지,"[[""기 오즈키진 브라운비프카레"", 162, 23, 7], [""뚜기 오즈키친 고추마"", 160, 29, 522], [""3.980"", 228, 55, 89], [""해당 상품은 품절 되었"", 215, 28, 553], [""‘른 시일 내에 상품을 준비"", 237, 32, 528], [""(5)483603 "", 288, 29, 600], [""2026.07.30까지"", 531, 40, 175]]"
000198,2026,05,08,2026-05-08,erode5,3.980 | 2026.05.08.11831 F3.8,"[[""3.980"", 98, 65, 89], [""2026.05.08.11831 F3.8"", 522, 50, 217]]"
000199,2027,09,07,2027-09-07,s1,"오즈키진 Lalir Mokan | 풍목보2번호/196903640041717 | 마토,쇠고기 함유 유통전문 샘표실품출/서울 | 비식품//경기도화성/1/계길118 판매원 중구 충무로2 | 매원및구입처 포장재질/내면-폴리에틸렌 | 습어 | 시설에서 제조하고 있 주의 장지 | 개봉후보관시에는 밀봉하여 십시오 | 총내용량 100 g 450 kCal 2개5 | 탄수화물 58 9 18 %당류 19 9 19 % | 방06g/포화/방10967% | 단백질 109.18 % | al 기준이므로 개인의 필요 열량에 따라 다를 수 있습니다. 8801005 001144 | 2객지원/0200210200080-875-999 | www.tasia.co.kr 2027.09.07 81","[[""오즈키진"", 15, 26, 0], [""Lalir Mokan"", 26, 27, 311], [""풍목보2번호/196903640041717"", 107, 39, 86], [""마토,쇠고기 함유"", 212, 27, 1], [""유통전문"", 228, 27, 273], [""샘표실품출/서울"", 236, 49, 335], [""비식품//경기도화성/1/계길118"", 240, 25, 0], [""판매원"", 246, 24, 271], [""중구 충무로2"", 250, 34, 333], [""매원및구입처"", 266, 27, 0], [""포장재질/내면-폴리에틸렌"", 270, 26, 122], [""습어"", 308, 41, 395], [""시설에서 제조하고 있"", 324, 28, 10], [""주의"", 326, 27, 299], [""장지"", 332, 36, 386], [""개봉후보관시에는"", 344, 24, 137], [""밀봉하여"", 348, 27, 305], [""십시오"", 351, 25, 386], [""총내용량 100 g 450 kCal"", 393, 36, 56], [""2개5"", 407, 72, 574], [""탄수화물 58 9 18 %당류 19 9 19 %"", 414, 41, 0], [""방06g/포화/방10967%"", 434, 41, 0], [""단백질 109.18 %"", 455, 34, 1], [""al 기준이므로 개인의 필요 열량에 따라 다를 수 있습니다."", 479, 35, 0], [""8801005 001144"", 489, 44, 257], [""2객지원/0200210200080-875-999"", 505, 38, 13], [""www.tasia.co.kr"", 522, 29, 6], [""2027.09.07 81"", 558, 65, 270]]"
000200,2021,03,28,2021-03-28,rot180,8.092) | 6g  AGOL | (은영 BOO1 | YHein 080 | 백도 | 821/3/28N3 | ()이 | 흘눔러 | /x | 00통7OS2)28/MTD09 V28BOOL0%DN | BOZ(M B BOO() | 국를 | 281BY A6961263 | 00 | 0882 | 극 러티ㄷ어,"[[""(은영"", 34, 40, 114], [""6g "", 25, 23, 234], [""8.092)"", 13, 16, 486], [""BOO1"", 37, 20, 319], [""AGOL"", 30, 10, 341], [""YHein"", 48, 27, 64], [""080"", 50, 15, 316], [""821/3/28N3"", 72, 27, 57], [""백도"", 78, 13, 483], [""()이"", 110, 39, 407], [""흘눔러"", 209, 38, 396], [""/x"", 253, 30, 94], [""00통7OS2)28/MTD09 V28BOOL0%DN"", 282, 33, 0], [""BOZ(M B BOO()"", 299, 42, 0], [""국를"", 366, 40, 0], [""281BY A6961263"", 384, 40, 0], [""00"", 425, 20, 52], [""0882"", 624, 53, 104], [""극"", 903, 26, 110], [""러티ㄷ어"", 898, 73, 128]]"
000201,2027,03,30,2027-03-30,s1,"카레는 노란오뚜기카레 는 | 222.1011 최고의 건강요리입니다. | 3.780 | 2.380 | 2027.03.30021 S2 | 13 58 3011P | 비밀카레 약간매운맛 글루텐프리 | 카레라이스 | OTTOGI GLUTEN FREE CURRY MEDIUM | 재료(4인분) | 비(밀의 레시피 | 1.밀가루가 아닌국산가루쌀로더욱 고소하게! 조리방법 | 2지방 30%감량으로부담없 더가법게 | 3강황 4A.1%증량으로 더 풍부하고 건강하게 | *오푸기카레 약간매운맛 기준 다음밥위에없어내면 완성됩니다. | 유형 상단 표시일까 | 원료명 | 마늘분,후추분,표고버섯에기스문말 | 포장재질 폴리에틸렌( 제조원 춘식회사 오뚜기 | 돼지고기","[[""카레는"", 102, 71, 0], [""노란오뚜기카레"", 114, 71, 250], [""는"", 127, 32, 590], [""222.1011"", 141, 36, 1], [""최고의 건강요리입니다."", 160, 57, 283], [""3.780"", 266, 56, 0], [""2.380"", 334, 58, 321], [""2027.03.30021"", 490, 37, 213], [""13 58 3011P"", 517, 40, 234], [""S2"", 520, 24, 608], [""비밀카레"", 554, 51, 70], [""약간매운맛"", 560, 40, 201], [""글루텐프리"", 563, 26, 342], [""OTTOGI GLUTEN FREE CURRY MEDIUM"", 590, 40, 67], [""카레라이스"", 588, 33, 339], [""비(밀의 레시피"", 640, 55, 70], [""재료(4인분)"", 623, 30, 337], [""1.밀가루가 아닌국산가루쌀로더욱 고소하게!"", 678, 51, 51], [""2지방 30%감량으로부담없 더가법게"", 702, 48, 54], [""조리방법"", 692, 27, 336], [""3강황 4A.1%증량으로 더 풍부하고 건강하게"", 726, 51, 53], [""*오푸기카레 약간매운맛 기준"", 754, 31, 186], [""유형"", 776, 32, 57], [""다음밥위에없어내면 완성됩니다."", 772, 29, 336], [""원료명"", 800, 35, 54], [""상단 표시일까"", 812, 23, 568], [""마늘분,후추분,표고버섯에기스문말"", 894, 57, 67], [""포장재질"", 916, 35, 63], [""폴리에틸렌("", 924, 31, 132], [""돼지고기"", 946, 26, 73], [""제조원"", 942, 30, 295], [""춘식회사 오뚜기"", 944, 32, 394]]"
000202,2027,02,06,2027-02-06,s1,최고기씨성 | 2+1 2+1 | 개a | 2번1 2·1 | 천짜장 S1 2027.02.06 | 05.44.F3.1 | 있·는·3·분·요·리 까지,"[[""최고기씨성"", 19, 39, 27], [""2+1"", 121, 68, 619], [""2+1"", 152, 69, 119], [""개a"", 295, 32, 450], [""2번1"", 390, 47, 86], [""2·1"", 379, 50, 298], [""천짜장"", 511, 70, 3], [""S1"", 504, 21, 233], [""2027.02.06"", 508, 30, 282], [""05.44.F3.1"", 536, 35, 277], [""있·는·3·분·요·리"", 572, 29, 3], [""까지"", 568, 23, 421]]"
000203,2026,07,01,2026-07-01,clahe,"과 함께 짜장연으로도 즐겨보세요! | 국보2번3 20010 38182580 소세기한 하단 UO | 산),돼지고기(국산, 양파(국산),춘장 ,카라멜색소Ⅲ | 산도조절제) '스 드오니온,특제 변성전분,대파 | (감미료) 우유. 제두,밀,돼지소기,닭고기,쇠고기,초 | 시현곡면나 계탑 14-38.경북경 한곡면 안현로358-7 | (주)/서울 시 구충무로2 포 내면-폴리프로필렌 | 그입처·알류 ↓,땅콩,고등어,게,새 ,토마토,아항산류 | 제품은 소비 기본법에 의거,교환 또는 가능·부정 프량식 | 치에 손이 베일 우려 있으니 주의·포장 형,평창, 전 | 드거우니 안전사고에 주의·직사광선 피 온보관 | 총내용 180 9 150 kCAl | 물2207%류808% | 9포화방0795% | 170.13% 8 801005 200257 | 준이므로 개인의 필 에따라 다를 수 있습니다 | 안전관리인증 2026.07.01 | HACCP B31V | OTHER","[[""국보2번3 20010 38182580"", 50, 66, 0], [""과 함께 짜장연으로도 즐겨보세요!"", 50, 69, 290], [""산),돼지고기(국산, 양파(국산),춘장"", 84, 77, 0], [""소세기한 하단"", 86, 72, 266], [""산도조절제)"", 105, 38, 0], [""'스 드오니온,특제"", 118, 61, 105], ["",카라멜색소Ⅲ"", 130, 53, 350], [""UO"", 109, 18, 469], [""(감미료)"", 136, 38, 0], [""우유."", 144, 31, 106], [""제두,밀,돼지소기,닭고기,쇠고기,초"", 171, 93, 151], [""변성전분,대파"", 159, 51, 345], [""시현곡면나"", 166, 39, 0], [""계탑"", 176, 25, 100], [""14-38.경북경"", 186, 47, 152], [""(주)/서울"", 198, 41, 0], [""구충무로2 포"", 218, 48, 135], [""한곡면 안현로358-7"", 217, 62, 310], [""시"", 207, 18, 108], [""그입처·알류"", 229, 40, 0], [""↓,땅콩,고등어,게,새"", 250, 50, 134], [""내면-폴리프로필렌"", 252, 52, 368], [""제품은 소비"", 257, 42, 2], [""기본법에 의거,교환 또는"", 276, 54, 123], [""치에 손이 베일 우려 있으니 주의·포장"", 294, 67, 0], ["",토마토,아항산류"", 284, 49, 387], [""드거우니 안전사고에 주의·직사광선 피"", 321, 68, 0], [""가능·부정"", 303, 34, 373], [""형,평창,"", 328, 36, 358], [""프량식"", 312, 20, 463], [""온보관"", 351, 32, 362], [""전"", 341, 12, 485], [""총내용 180 9 150 kCAl"", 384, 56, 22], [""물2207%류808%"", 409, 58, 0], [""9포화방0795%"", 434, 57, 0], [""170.13%"", 454, 43, 0], [""준이므로 개인의 필"", 478, 37, 0], [""에따라 다를 수 있습니다"", 494, 37, 117], [""8 801005 200257"", 502, 40, 273], [""안전관리인증"", 529, 32, 15], [""HACCP"", 548, 36, 12], [""2026.07.01"", 562, 47, 214], [""OTHER"", 592, 37, 85], [""B31V"", 590, 41, 244]]"
000204,2026,06,18,2026-06-18,s1,"681 | 화제, 레시틴,탄 마 | 고추맛기름,홍 | 지고(국내신),대 중국산),고추베이스소스중화두 '고추엑기스,화조유,대무 마늘, 마조유 설 생강 | 정제 | 천피센두반장),쇠고기추출액,클소 | 고환처 | 시제품과 O9 | 총내8량 180 9 210 CA/ | E수화물/304%/당595% | 2방09/포화방2913% | 38 / 120 22% | 2으로의필요열량이 따라다 수있습니다 8 801005 200127 | 소비자 | 중심 HACCP | OTHER. 2026.06.18 | 18 44F2 L7","[[""화제, 레시틴,탄"", 30, 45, 403], [""681"", 22, 28, 540], [""지고(국내신),대 중국산),고추베이스소스중화두"", 45, 46, 48], [""고추맛기름,홍"", 54, 53, 397], [""마"", 46, 24, 526], [""'고추엑기스,화조유,대무"", 64, 32, 213], [""천피센두반장),쇠고기추출액,클소"", 69, 34, 46], [""마늘, 마조유"", 75, 46, 382], [""설"", 86, 20, 485], [""생강"", 98, 27, 524], [""정제"", 118, 27, 504], [""고환처"", 211, 34, 510], [""시제품과 O9"", 242, 35, 8], [""총내8량 180 9 210 CA/"", 306, 53, 146], [""E수화물/304%/당595%"", 324, 61, 107], [""2방09/포화방2913%"", 343, 60, 94], [""38 / 120 22%"", 356, 48, 76], [""2으로의필요열량이 따라다 수있습니다"", 383, 70, 69], [""소비자"", 408, 23, 68], [""8 801005 200127"", 428, 64, 292], [""중심"", 422, 33, 61], [""HACCP"", 430, 34, 104], [""OTHER."", 473, 34, 150], [""2026.06.18"", 490, 47, 280], [""18 44F2 L7"", 514, 48, 279]]"
000205,2027,05,18,2027-05-18,s1,"CumJmo ""urT | BEST BEFORE (DD/MM/YYYY) | LDENCURRY 18.5.2027 | AUCE With VEGETABLES | 3.580","[[""CumJmo"", 268, 189, 241], [""\""urT"", 220, 81, 541], [""BEST BEFORE (DD/MM/YYYY)"", 408, 43, 205], [""18.5.2027"", 444, 40, 252], [""LDENCURRY"", 469, 62, 0], [""3.580"", 494, 41, 509], [""AUCE With VEGETABLES"", 504, 43, 0]]"
000206,2026,05,08,2026-05-08,s1,몬드카레.순)1159 하우스 바돈트' | 100G당 3113원 | 3.580 3.580 | 052621 100U U10 01 15/0/3/3 (0853207 IU | H운맛 Unlbel | ·소비기한: | 2026.05.08.16.38 | B1 | 까지,"[[""하우스 바돈트'"", 17, 38, 279], [""100G당 3113원"", 37, 38, 289], [""3.580"", 58, 79, 437], [""몬드카레.순)1159"", 54, 66, 0], [""3.580"", 117, 80, 67], [""(0853207 IU"", 108, 37, 400], [""15/0/3/3"", 127, 32, 304], [""052621 100U U10 01"", 156, 46, 75], [""Unlbel"", 291, 75, 507], [""H운맛"", 361, 116, 0], [""·소비기한:"", 544, 31, 44], [""2026.05.08.16.38"", 582, 51, 176], [""B1"", 571, 32, 536], [""까지"", 644, 30, 536]]"
000207,2026,09,24,2026-09-24,s1,JAVACURYES JAVAE | 소비 | 기한 2026.9.24/A-0,"[[""JAVACURYES"", 150, 225, 374], [""JAVAE"", 168, 119, 468], [""소비"", 510, 30, 99], [""2026.9.24/A-0"", 533, 44, 192], [""기한"", 538, 33, 98]]"
000208,2026,04,13,2026-04-13,s1,"n3 | JAVAEIY | (MONTH,DAY, YEAR) SAbueFood JAVA CURRY | 4.13.2026/B-V HOT","[[""n3"", 114, 162, 377], [""JAVAEIY"", 216, 181, 514], [""JAVA"", 532, 53, 505], [""SAbueFood"", 536, 32, 373], [""CURRY"", 540, 31, 616], [""(MONTH,DAY, YEAR)"", 547, 26, 203], [""4.13.2026/B-V"", 583, 26, 269], [""HOT"", 586, 45, 599]]"
000209,2027,06,11,2027-06-11,erode5,"삐(내면 | 새우.계란,잣조개류 혼입가능 ·소비'자개 | 국번801380007피해420011 | 여 주십시오 소비기한을 꼭 확인 후 사용 십시오 | 2080-0242311수신자요3부E | Oktchen | 2027.06.11.021 | 10 16 9F 25UM","[[""삐(내면"", 142, 49, 0], [""새우.계란,잣조개류 혼입가능 ·소비'자개"", 212, 73, 48], [""국번801380007피해420011"", 247, 90, 28], [""여 주십시오 소비기한을 꼭 확인 후 사용 십시오"", 282, 85, 4], [""2080-0242311수신자요3부E"", 326, 69, 121], [""Oktchen"", 432, 76, 267], [""2027.06.11.021"", 554, 67, 205], [""10 16 9F 25UM"", 590, 71, 202]]"
000210,2028,02,10,2028-02-10,rot270,27 | 668 에서비 | %88 %88021022 28L99OSV/OLOO2 10A22눔 ()이 ( | 을러 0002(S22용NCT209 OVY/28 2 10-/2U216 | EN 공D IEYAL | 눈 극러 | 80 8086286001 | 00,"[[""을러"", 196, 306, 507], [""27"", 102, 24, 942], [""EN"", 140, 38, 432], [""0002(S22용NCT209 OVY/28"", 278, 251, 563], [""%88"", 217, 136, 710], [""28L99OSV/OLOO2 10A22눔"", 413, 284, 649], [""%88021022"", 342, 131, 705], [""668"", 392, 39, 874], [""에서비"", 397, 65, 885], [""2"", 390, 12, 620], [""공D IEYAL"", 539, 252, 450], [""80"", 482, 159, 36], [""()이"", 544, 182, 804], [""00"", 597, 212, 6], [""10-/2U216"", 535, 84, 614], [""("", 587, 80, 682], [""8086286001"", 647, 84, 67], [""눈 극러"", 696, 47, 370]]"
000211,2026,02,12,2026-02-12,s1,ER | 2026.02.12까2 | 19 2312-2 | DWS 17 | 3.700 | 3.700,"[[""ER"", 470, 28, 255], [""2026.02.12까2"", 487, 119, 170], [""19 2312-2"", 521, 94, 183], [""DWS 17"", 552, 81, 350], [""3.700"", 732, 40, 0], [""3.700"", 760, 43, 399]]"
000212,2023,12,16,2023-12-16,clahe,"에니요 | 023.12.16까지 | 3.16 5F171 | 쇠고기스프 molle | 다있다! | 수 으로니다 은, 신 들영이 품부하고 HACCR | OTHER | 고 끝을 때까지 놓지 않도록 가끔 저으면서 | 불에 3분 간 더 끝이면 맛있는 | 시작하면 ㅅ프가 됩니D","[[""에니요"", 356, 27, 488], [""023.12.16까지"", 530, 35, 261], [""3.16 5F171"", 551, 36, 251], [""쇠고기스프"", 610, 87, 164], [""은, 신 들영이 품부하고"", 653, 84, 131], [""molle"", 626, 22, 505], [""수 으로니다"", 672, 75, 156], [""다있다!"", 640, 17, 505], [""HACCR"", 650, 10, 567], [""OTHER"", 678, 20, 608], [""고 끝을 때까지"", 788, 18, 389], [""놓지 않도록 가끔 저으면서"", 780, 27, 531], [""불에"", 793, 10, 341], [""시작하면"", 802, 13, 441], [""3분 간 더 끝이면 맛있는"", 794, 26, 533], [""ㅅ프가 됩니D"", 804, 12, 601]]"
000213,2026,03,20,2026-03-20,s1,소비기한 까지 | 2026.03.20/1 | VONO 단호박스프,"[[""소비기한"", 534, 31, 113], [""까지"", 526, 29, 556], [""2026.03.20/1"", 586, 49, 199], [""단호박스프"", 646, 46, 181], [""VONO"", 662, 24, 115]]"
000214,2026,08,13,2026-08-13,s1,81:1초2 | 농축액에서 나타나는 지연적인 | 현상이므로 안심하고드셔도 | 됩니다 | ·본 제품은 소비자기본법에 | 의거교환 또는 보상 | ·부정·불량식품 신고는 | 국번00 1399 | 소비자중심 | 빈용기는 깨끗이 분리수거하여 재활용합시.소한사원깨끗한 환경 | 2026.08.13/1416 | 까지,"[[""81:1초2"", 46, 39, 273], [""농축액에서 나타나는 지연적인"", 199, 51, 222], [""현상이므로 안심하고드셔도"", 225, 50, 222], [""됩니다"", 257, 36, 221], [""·본 제품은 소비자기본법에"", 276, 43, 218], [""의거교환 또는 보상"", 302, 36, 222], [""·부정·불량식품 신고는"", 328, 37, 220], [""국번00 1399"", 354, 31, 224], [""소비자중심"", 406, 23, 288], [""빈용기는 깨끗이 분리수거하여 재활용합시.소한사원깨끗한 환경"", 458, 31, 222], [""2026.08.13/1416"", 528, 42, 268], [""까지"", 546, 21, 503]]"
000215,2015,01,25,2015-01-25,s2,·참전물 유래 성분이므로 안심하시고 사용하셔도 | 됩니다. ·보관 중 갈변이 발생 할 수 있으나 과실 | 농축액에서 나타나는 자연적인 현상이므로 | 안심하고 드셔도 됩니다. | ·본 제품은 소비자기본법에 | 의거 교환 또는 보상. | ·부정·불량식품 신고는 | 국번없01399 | ccM | 이상레시 2개50 HACCP 소비자중심 2개 | 가지 이상구매시 | 5E E BRRS | 11.980 | 홍 청정원 | 명사상품 | 2개구매시 10M11 | 50 25-1 15 | 1기이스/점/ | 1051,"[[""·참전물"", 21, 43, 115], [""유래 성분이므로 안심하시고 사용하셔도"", 36, 78, 124], [""됩니다."", 90, 44, 133], [""·보관 중 갈변이 발생 할 수 있으나 과실"", 106, 83, 134], [""농축액에서 나타나는 자연적인 현상이므로"", 139, 79, 149], [""안심하고 드셔도 됩니다."", 182, 55, 156], [""·본 제품은 소비자기본법에"", 215, 56, 154], [""의거 교환 또는 보상."", 249, 48, 165], [""·부정·불량식품 신고는"", 280, 48, 163], [""2개50"", 385, 167, 0], [""국번없01399"", 312, 33, 178], [""소비자중심"", 379, 26, 261], [""이상레시"", 409, 48, 0], [""2개"", 440, 125, 557], [""5E E BRRS"", 482, 41, 2], [""이상구매시"", 510, 65, 558], [""11.980"", 542, 69, 11], [""홍"", 607, 37, 567], [""명사상품"", 630, 45, 548], [""청정원"", 628, 50, 649], [""2개구매시"", 654, 46, 539], [""10M11"", 655, 39, 649], [""50"", 689, 84, 529], [""1기이스/점/"", 726, 49, 512], [""1051"", 770, 28, 678], [""ccM"", 364, 15, 290], [""HACCP"", 376, 17, 199], [""가지"", 491, 12, 498], [""25-1"", 710, 22, 574], [""15"", 720, 17, 617]]"
000216,2026,03,16,2026-03-16,s1,TIAS TO BE HEINZ 3 AS A KIOK TO YOUR [HOW TO USE] | IT HAS TO BE HEIN2 4.FRIED DISHES? SPECAL WITH HEINZ 2. MAKE YOUR TACO | TZNIEN 소비기한 | 2026.03.16 | 8/801065 /002990,"[[""TIAS TO BE HEINZ"", 401, 100, 166], [""3 AS A KIOK TO YOUR"", 390, 81, 366], [""[HOW TO USE]"", 451, 130, 535], [""IT HAS TO BE HEIN2"", 486, 110, 336], [""4.FRIED DISHES?"", 486, 76, 361], [""SPECAL WITH HEINZ"", 497, 94, 494], [""2. MAKE YOUR TACO"", 498, 91, 507], [""TZNIEN"", 555, 68, 112], [""소비기한"", 555, 24, 217], [""2026.03.16"", 589, 48, 219], [""8/801065 /002990"", 643, 42, 378]]"
000217,2027,03,08,2027-03-08,s1,"동결현상 | 1에 손가락을 끼워 앞으로 당겨 주시고 낮은 온도 보관 시 동결현상으로 용고 및 침전물이 | I오.개봉 후 식초와 같은 특 | %[외국산 브라질,파라과이 등)]·대두함유 H를 가진 제품과 함께 보관 | 약간의 이취가 발생 될 주 있으니 | 기일까지' 의하십시오 | 제일제당(주)인는공시 주의사항·식용유는 과일 면 불이 | 서해대로140번길 49 날 수 있으니 항상 추의깊게 관차해 | 용기-PE,마개-PE 야 합니다.·가열되었거나 불이 들은 | 구입처 또는 영업소 기름에 물을 넣지 마 V?·부정 소비자중심] | 식품연 제2010-17호 불량식품 신고는 국번없이 19 | 콩기름 -본 제품은 소비자 분정해결 기준 | 한국식품연구원 의거,교환 또는 보상 받을 수 있습니 | 다.·사용 후 빈용기와 마개는 분리 | 및명칭 KS H2102(콩기룹) 수거하여 재활용합시다. | HDPE | K4 27.03.08.14.06 마개:LDPE | 402345 까지리 라벨:OTHER","[[""동결현상"", 85, 38, 257], [""낮은 온도 보관 시 동결현상으로 용고 및 침전물이"", 111, 46, 258], [""1에 손가락을 끼워 앞으로 당겨 주시고"", 140, 65, 0], [""I오.개봉 후 식초와 같은 특"", 198, 41, 322], [""H를 가진 제품과 함께 보관"", 225, 40, 319], [""%[외국산"", 239, 46, 0], [""약간의 이취가 발생 될 주 있으니"", 252, 43, 268], [""브라질,파라과이 등)]·대두함유"", 256, 63, 0], [""의하십시오"", 282, 35, 266], [""기일까지'"", 296, 39, 0], [""주의사항·식용유는 과일 면 불이"", 304, 46, 268], [""제일제당(주)인는공시"", 317, 58, 0], [""날 수 있으니 항상 추의깊게 관차해"", 330, 46, 272], [""서해대로140번길 49"", 345, 44, 0], [""야 합니다.·가열되었거나 불이 들은"", 355, 40, 274], [""용기-PE,마개-PE"", 372, 39, 30], [""기름에 물을 넣지 마 V?·부정"", 381, 42, 277], [""소비자중심]"", 378, 25, 584], [""구입처 또는 영업소"", 400, 37, 34], [""불량식품 신고는 국번없이 19"", 407, 46, 277], [""식품연 제2010-17호"", 429, 38, 35], [""-본 제품은 소비자 분정해결 기준"", 431, 40, 279], [""콩기름"", 460, 29, 37], [""의거,교환 또는 보상 받을 수 있습니"", 456, 47, 277], [""한국식품연구원"", 487, 34, 40], [""다.·사용 후 빈용기와 마개는 분리"", 480, 45, 280], [""및명칭 KS H2102(콩기룹)"", 514, 26, 1], [""수거하여 재활용합시다."", 508, 39, 282], [""HDPE"", 518, 33, 591], [""마개:LDPE"", 544, 40, 576], [""K4"", 566, 23, 102], [""27.03.08.14.06"", 575, 49, 189], [""까지리"", 576, 39, 518], [""라벨:OTHER"", 567, 44, 565], [""402345"", 604, 25, 1]]"
000218,2026,05,03,2026-05-03,s1,080 | 마요네스 오뚜기 | 량식품 | 마요네스 1984년 9.580 | 2026.05.03 | G2 까지,"[[""080"", 38, 48, 174], [""오뚜기"", 79, 52, 71], [""마요네스"", 98, 65, 54], [""량식품"", 296, 63, 261], [""마요네스"", 380, 95, 217], [""1984년"", 368, 65, 405], [""9.580"", 384, 55, 622], [""2026.05.03"", 511, 56, 250], [""G2"", 600, 21, 251], [""까지"", 600, 31, 404]]"
000219,2026,09,07,2026-09-07,s1,2026.09.07.까지 | 김상규B,"[[""2026.09.07.까지"", 475, 36, 277], [""김상규B"", 503, 30, 278]]"
000220,2026,02,23,2026-02-23,s1,신2는 국번없1399 | 총내용량 3009 | 정보 탄수화물1193% 100 9 당 545 CA1 고 | 지방 55 9102 % 080-0833 | (수AT) | 010% 포화지방 8953 % | 05g 미만 00N9 0%단 204% | DAESANG | 2026.02.23 | 12.04 까지,"[[""신2는 국번없1399"", 128, 53, 217], [""총내용량 3009"", 154, 30, 303], [""100 9 당 545 CA1"", 176, 36, 281], [""고"", 192, 43, 428], [""정보"", 194, 64, 172], [""탄수화물1193%"", 202, 37, 269], [""080-0833"", 214, 41, 430], [""지방 55 9102 %"", 226, 35, 269], [""(수AT)"", 234, 35, 439], [""010%"", 250, 24, 192], [""포화지방 8953 %"", 250, 35, 269], [""05g 미만"", 269, 46, 183], [""00N9 0%단 204%"", 282, 64, 182], [""DAESANG"", 324, 29, 449], [""2026.02.23"", 490, 31, 282], [""12.04"", 518, 32, 309], [""까지"", 524, 21, 496]]"
000221,2026,07,15,2026-07-15,s1,"홈유형 소스실균제품 | 원재료명 정제수,발사막식초[이탈리 등목보2번호200204618736292 향 | 폰타 | 포장재질(내면)뚜껑(내면)-폴리에틸랜H-물레IE 행 | 제조원(취동 원루0산공장FT중/03J82128 2개 | 0동 원흥주드충주공장 F2 층북 충주.J0M21NA27 30 | 유통전문관매원성식품주식회 25-09-30 | 영양정보 3/0/정/점 | 콜레스테를 0mg 8% 248 0.08 | 19 영8분 72 00 08 880022.202 /C011 | 2026.07.15.B F2 | 고객지원 | 2020N202 | 8801005 924207 | [nabel | 3.2603","[[""향"", 77, 130, 643], [""홈유형 소스실균제품"", 88, 47, 225], [""등목보2번호200204618736292"", 107, 58, 224], [""원재료명 정제수,발사막식초[이탈리"", 133, 56, 225], [""폰타"", 216, 30, 677], [""행"", 243, 24, 696], [""2개"", 268, 29, 684], [""포장재질(내면)뚜껑(내면)-폴리에틸랜H-물레IE"", 281, 54, 245], [""30"", 298, 37, 682], [""제조원(취동 원루0산공장FT중/03J82128"", 303, 56, 247], [""25-09-30"", 319, 26, 660], [""0동 원흥주드충주공장 F2 층북 충주.J0M21NA27"", 324, 57, 250], [""3/0/정/점"", 342, 27, 654], [""유통전문관매원성식품주식회"", 350, 66, 250], [""영양정보"", 384, 36, 259], [""248 0.08"", 426, 37, 445], [""콜레스테를 0mg 8%"", 445, 34, 272], [""19 영8분 72 00 08 880022.202 /C011"", 461, 38, 273], [""2026.07.15.B F2"", 535, 44, 298], [""고객지원"", 592, 43, 477], [""2020N202"", 612, 82, 468], [""8801005 924207"", 653, 28, 306], [""[nabel"", 752, 41, 22], [""3.2603"", 852, 54, 335]]"
000222,2026,03,25,2026-03-25,s1,"폰타나드레싱 폰 폰타나 무지방 오2인탈 2359 | 2709 행사상품 1009당 1906원 | 2개구매시 | 80 30 할인 4.480 | 2026.03.250F2 | 시간이 지나면서 색이 열어지 | 품질에는 이상이없이니 안심하시 | 고,혼들어드십시오·직사광선을 I | 하고 실온에 보관하십시오.유리병 | 에손될수있으취급시주의하 | 시기바랍니다. | 안전관리인증 | 소비자중심 HACCP | 영양정보 총내용량2350","[[""폰타나드레싱 폰"", 86, 29, 308], [""폰타나 무지방 오2인탈 2359"", 81, 36, 425], [""2709"", 108, 29, 0], [""행사상품"", 113, 30, 326], [""1009당 1906원"", 112, 27, 429], [""2개구매시"", 140, 29, 325], [""80"", 184, 66, 0], [""30"", 173, 40, 327], [""4.480"", 177, 66, 496], [""할인"", 181, 24, 390], [""2026.03.250F2"", 541, 38, 261], [""시간이 지나면서 색이 열어지"", 599, 50, 257], [""품질에는 이상이없이니 안심하시"", 626, 51, 257], [""고,혼들어드십시오·직사광선을 I"", 651, 48, 257], [""하고 실온에 보관하십시오.유리병"", 676, 51, 258], [""에손될수있으취급시주의하"", 701, 52, 258], [""시기바랍니다."", 724, 48, 256], [""소비자중심"", 788, 48, 261], [""안전관리인증"", 771, 25, 369], [""HACCP"", 789, 32, 367], [""영양정보"", 944, 36, 245], [""총내용량2350"", 946, 29, 338]]"
000223,2026,08,13,2026-08-13,s1,A1 | 연겨자 | 2026.08.138,"[[""A1"", 247, 129, 610], [""연겨자"", 437, 62, 251], [""2026.08.138"", 520, 45, 218]]"
000224,2026,06,15,2026-06-15,s1,2E84.170 Mg | 27.9. | 0% | 지방0g | 지방0g | 스테롤 | 5.00 단백질 GN 조0 2409 | 색대류 8 8U1005 001724 80 | 소비기한 | 2026.06.15A | nlabel,"[[""2E84.170 Mg"", 22, 44, 270], [""27.9."", 44, 23, 316], [""0%"", 98, 26, 394], [""지방0g"", 126, 32, 297], [""지방0g"", 158, 36, 283], [""스테롤"", 191, 36, 269], [""5.00"", 226, 54, 8], [""단백질"", 225, 38, 250], [""GN 조0 2409"", 232, 44, 556], [""80"", 298, 63, 617], [""8 8U1005 001724"", 385, 181, 368], [""색대류"", 321, 22, 258], [""소비기한"", 518, 29, 257], [""2026.06.15A"", 536, 34, 302], [""nlabel"", 768, 38, 278]]"
000225,2026,04,06,2026-04-06,s1,리르기유물R | (주)태경식품 충북 제최 청정원 | 창경궁로 120.6층 대생(주)서울특별시종 클래식 | 어으므로 안심하고 흔들어서 사용하면 됩내 돈카츠소스 | 영양정보 총 내용량2 | 2E122029 15% 수물 10939 81 100 9당 50/2 박스파 대간개플의 등한했 | 2방090% 0스N방09 N80203 | 콜레스테를0mg 0% 단백질 3g5% | 19 성분 기준치대합비율/%)은200022 | 개인의 필요 열량에 따라 다를 수 있습니다. | 2026.04.06 | 14.09,"[[""리르기유물R"", 176, 34, 392], [""청정원"", 174, 38, 593], [""클래식"", 226, 56, 537], [""(주)태경식품 충북 제최"", 214, 30, 302], [""대생(주)서울특별시종"", 234, 34, 303], [""창경궁로 120.6층"", 253, 30, 306], [""돈카츠소스"", 272, 53, 536], [""어으므로 안심하고 흔들어서 사용하면 됩내"", 287, 39, 301], [""총 내용량2"", 308, 26, 440], [""박스파 대간개플의 등한했"", 317, 41, 538], [""영양정보"", 328, 51, 279], [""100 9당 50/2"", 328, 24, 438], [""2E122029 15% 수물 10939 81"", 354, 54, 280], [""2방090% 0스N방09 N80203"", 374, 56, 284], [""단백질 3g5%"", 386, 28, 428], [""콜레스테를0mg 0%"", 401, 35, 290], [""19 성분 기준치대합비율/%)은200022"", 414, 51, 290], [""개인의 필요 열량에 따라 다를 수 있습니다."", 432, 46, 293], [""2026.04.06"", 482, 40, 328], [""14.09"", 505, 32, 357]]"
000226,2027,03,15,2027-03-15,s1,2.50 2개5 5c 2개5 | E | 27.03.15 19/23 1지 | 맛술 고기 요리는 미림 3큰술로 고기를 부드럽게! | 갈비 불고기 맛술,"[[""2.50"", 40, 71, 14], [""2개5"", 28, 57, 217], [""5c"", 40, 71, 512], [""2개5"", 36, 69, 597], [""E"", 134, 41, 86], [""27.03.15 19/23 1지"", 548, 51, 285], [""맛술"", 886, 122, 197], [""고기 요리는 미림 3큰술로"", 886, 33, 340], [""고기를 부드럽게!"", 911, 30, 365], [""맛술"", 927, 61, 510], [""갈비 불고기"", 945, 30, 424]]"
000227,2028,09,17,2028-09-17,s1,"영양정보 008 12 CA 총내용9002 | 사과농축액 중국선발 | 에센스 08003E3201EN02.01 | 14% | 틸렌테레프탈레이트 | 예틸렌 | 202503 | 회사 오뚜기 | 광역시울주군삼남을반구대로 | 음성군대소면대품신단로2 | 따라 피해 보상 | 신고는 국번업0 139 Okitchen | 하고 뚜껑을달아실은보과 오기 식 한 대망인 | 길수있으나 원료 유라임 시제경보세오 개봉 시, 둥근고리에 손가락을끼워 | 락을끼워아래로때어사용 n. 아래로 페어낸 후 사용하십시오. | 담\/080-02-231/신금부8 | 2028.09.17.53 | 14.45 | VDA4 | 연출이일지 | 200 ML.40 | 농축액 2","[[""총내용9002"", 36, 37, 317], [""영양정보"", 72, 80, 114], [""008 12 CA"", 62, 43, 304], [""사과농축액 중국선발"", 148, 34, 0], [""08003E3201EN02.01"", 142, 62, 136], [""에센스"", 174, 28, 0], [""14%"", 198, 27, 0], [""틸렌테레프탈레이트"", 242, 34, 0], [""예틸렌"", 266, 30, 0], [""202503"", 288, 45, 0], [""회사 오뚜기"", 319, 36, 0], [""광역시울주군삼남을반구대로"", 334, 59, 0], [""음성군대소면대품신단로2"", 355, 60, 0], [""Okitchen"", 376, 39, 179], [""따라 피해 보상"", 386, 41, 0], [""오기 식 한 대망인"", 399, 28, 176], [""신고는 국번업0 139"", 404, 55, 0], [""시제경보세오"", 413, 24, 185], [""개봉 시, 둥근고리에 손가락을끼워"", 398, 57, 285], [""하고 뚜껑을달아실은보과"", 422, 64, 0], [""n."", 436, 32, 182], [""아래로 페어낸 후 사용하십시오."", 422, 55, 293], [""길수있으나 원료 유라임"", 442, 62, 0], [""락을끼워아래로때어사용"", 460, 63, 0], [""담\\/080-02-231/신금부8"", 478, 74, 0], [""2028.09.17.53"", 489, 63, 229], [""14.45"", 505, 46, 376], [""VDA4"", 544, 41, 429], [""연출이일지"", 694, 57, 592], [""200 ML.40"", 738, 86, 587], [""농축액 2"", 774, 63, 616]]"
000228,2025,10,20,2025-10-20,s1,2025.10.20 | 수기준1급 | 90% | 내 | 1008,"[[""2025.10.20"", 462, 45, 281], [""수기준1급"", 711, 36, 251], [""내"", 760, 55, 251], [""90%"", 774, 27, 621], [""1008"", 906, 50, 11]]"
000229,2025,10,28,2025-10-28,s1,GZZARELLA | 2222100% Min | Denmark | Hresh 2025.10.28까지 | MOZZAREULA | 국산원유 100% Mini | (원료 원유 기준) | milky Hawcur | 1256 K | 조리예,"[[""GZZARELLA"", 263, 65, 92], [""Min"", 303, 36, 232], [""2222100%"", 308, 36, 141], [""Denmark"", 442, 53, 213], [""2025.10.28까지"", 464, 48, 230], [""Hresh"", 499, 88, 43], [""MOZZAREULA"", 582, 197, 5], [""Mini"", 635, 59, 508], [""국산원유 100%"", 674, 123, 193], [""(원료 원유 기준)"", 738, 41, 235], [""milky Hawcur"", 816, 101, 73], [""K"", 891, 46, 323], [""1256"", 918, 79, 86], [""조리예"", 917, 38, 452]]"
000230,2026,03,28,2026-03-28,s1,"DRE | PHILADE | 필라엘피아 크림 | 6,980 108 339/21 필라델피아 크림치즈 19 | 1.45 | 한 옆면에 표시된 기일까지 영양정보 | 서 15초 이상 살균 | 윗 로커스트콩검 우유 함유 지방 23 943%트랜스지방1.202 | 고드셔도 괜찮습니다. 콜레스테를 95 M9 32%단질308 | 일내드시기바랍니다 따라다를 수 있습니다 1월 영0 기준 대한 비율은 202/28 55 | EXP 2026-03-28 1901","[[""DRE"", 26, 24, 419], [""PHILADE"", 103, 50, 614], [""필라엘피아 크림"", 164, 26, 640], [""6,980"", 271, 60, 49], [""필라델피아 크림치즈 19"", 286, 67, 448], [""108 339/21"", 294, 31, 451], [""1.45"", 368, 73, 599], [""한 옆면에 표시된 기일까지"", 439, 48, 113], [""영양정보"", 439, 47, 320], [""서 15초 이상 살균"", 470, 36, 119], [""윗 로커스트콩검 우유 함유"", 501, 32, 121], [""지방 23 943%트랜스지방1.202"", 502, 46, 326], [""고드셔도 괜찮습니다."", 533, 32, 127], [""콜레스테를 95 M9 32%단질308"", 530, 45, 326], [""일내드시기바랍니다"", 563, 36, 132], [""1월 영0 기준 대한 비율은 202/28"", 552, 50, 325], [""55"", 579, 56, 563], [""따라다를 수 있습니다"", 572, 29, 327], [""EXP 2026-03-28 1901"", 594, 57, 245]]"
000231,2028,05,27,2028-05-27,s1,제조번호: | 252281 | 사용기한 | 20280527 | 까지 까지 | BO 20BD,"[[""제조번호:"", 558, 23, 215], [""252281"", 574, 33, 290], [""사용기한"", 597, 24, 213], [""20280527"", 616, 33, 288], [""까지"", 638, 26, 146], [""까지"", 636, 23, 542], [""BO"", 708, 86, 0], [""20BD"", 706, 79, 271]]"
000232,2015,02,05,2015-02-05,fail,"INAOOS | 15.02 05.022 05.021 | 메디컬허브 사용기한 및 제조재(P, P2):- 제조번호:튜브상단에별도표기 15.021 15.02 | 15 | 1VOT0 TViO 05.021 | 제조번호:튜브 상단에 별도표기 제조번호:튜브상단에별도표기 제조번호:튜브 상단에별도표기 | 사용기한 및 제조재P1, P2): 사용기한 및 제조재(P1, P2): 사용기한 및 제조재(P, P2): | TOTAL TOTAL TOTAL TOTAL TOTAL TOTAL TOTAL TOTAL | _ SODYNE [Unbel [Unabel 메디결허보 메디컬허브 메디컬혀보 메디컬혀브 메디컬혀브 + † 7 7 7 7 | 제조번호:튜브 상단에 별도 표기. | 사용기한 및 제조재(P1P2):- | TOTAL TOTAL P2TOTAL TOTAL | 7 | 메디컬혀브 메디컬허브","[[""05.022"", 98, 46, 374], [""사용기한 및 제조재P1, P2):"", 516, 25, 139], [""TOTAL"", 545, 32, 0], [""TOTAL"", 549, 30, 344], [""7"", 617, 108, 344], [""메디컬혀브"", 630, 42, 175], [""제조번호:튜브 상단에별도표기"", 496, 19, 146], [""제조번호:튜브상단에별도표기"", 496, 25, 144], [""사용기한 및 제조재(P1, P2):"", 513, 27, 141], [""TOTAL"", 545, 32, 0], [""TOTAL"", 552, 42, 341], [""7"", 618, 147, 334], [""_"", 612, 91, 3], [""+"", 584, 49, 232], [""메디컬혀보"", 630, 48, 171], [""INAOOS"", 68, 56, 848], [""사용기한 및 제조재(P, P2):-"", 221, 154, 431], [""제조번호:튜브상단에별도표기"", 225, 160, 452], [""메디컬허브"", 254, 159, 305], [""05.021"", 417, 88, 838], [""SODYNE"", 652, 71, 0], [""1VOT0"", 412, 27, 302], [""TViO"", 416, 27, 656], [""15.02"", 100, 49, 374], [""15"", 314, 11, 97], [""제조번호:튜브 상단에 별도표기"", 496, 21, 147], [""사용기한 및 제조재(P, P2):"", 514, 23, 143], [""TOTAL"", 544, 31, 0], [""TOTAL"", 549, 30, 343], [""메디컬혀브"", 629, 44, 174], [""15.021"", 197, 96, 752], [""[Unabel"", 624, 59, 178], [""TOTAL"", 1089, 64, 0], [""P2TOTAL"", 1092, 76, 540], [""메디컬허브"", 1260, 80, 355], [""15.02"", 196, 83, 754], [""[Unbel"", 624, 56, 179], [""제조번호:튜브 상단에 별도 표기."", 992, 34, 295], [""사용기한 및 제조재(P1P2):-"", 1030, 40, 280], [""TOTAL"", 1090, 59, 0], [""TOTAL"", 1097, 48, 657], [""7"", 1199, 50, 38], [""메디컬혀브"", 1261, 76, 356], [""†"", 586, 20, 243], [""메디결허보"", 630, 42, 174], [""7"", 614, 121, 340], [""05.021"", 97, 46, 374], [""TOTAL"", 544, 27, 0], [""TOTAL"", 548, 29, 344], [""메디컬허브"", 630, 42, 175], [""7"", 616, 112, 343]]"
000233,2028,01,18,2028-01-18,det5,시과대학 평가완료 오품 PERIOE | 말라야의 깨끗한 눈을 닮은 간편하게 | 청정 | 6 PET | 대:PO | 재활용 어리용 | P2.B5D | 20280118,"[[""시과대학 평가완료"", 29, 28, 232], [""오품"", 30, 25, 415], [""PERIOE"", 42, 43, 446], [""청정"", 63, 16, 191], [""말라야의 깨끗한 눈을 닮은"", 52, 32, 224], [""간편하게"", 66, 14, 329], [""6"", 100, 11, 357], [""PET"", 109, 23, 402], [""대:PO"", 147, 16, 405], [""재활용 어리용"", 159, 17, 395], [""P2.B5D"", 506, 26, 283], [""20280118"", 524, 29, 283]]"
000234,2026,10,27,2026-10-27,s1,Dove | Dove | 037 090525 21.26 | R3 EXP 261027 | 도브스칼프 너리싱샴푸 | 너리싱삼푸를 만나보세요. | √약해진모발과 큐티클걸에 | 단백질&영양공급,"[[""Dove"", 66, 59, 391], [""Dove"", 100, 55, 90], [""037 090525 21.26"", 520, 36, 322], [""R3 EXP 261027"", 544, 35, 328], [""도브스칼프 너리싱샴푸"", 656, 47, 303], [""너리싱삼푸를 만나보세요."", 746, 58, 257], [""√약해진모발과 큐티클걸에"", 848, 41, 303], [""단백질&영양공급"", 873, 36, 334]]"
000235,2026,03,08,2026-03-08,det5,"더한 | 타소스 | 은 편안하게 하고 싶은 | 경험을 제공합니다. | 2026.03.08 L1 | 합니다.②팬에 올리브오일을 두르고 삶은 면과 소스 1봉을 넣고 | 의 재료를 넣어 드시면 더 맛있습니다. | 소비기한 후면 상단표시일까지 | 청북도 진전군 진천을 진광로 120-6 | 판매업소:롯데쇼핑(주)/서울특별 시 중구 남다 | 물성크릭[물엿, 시술성유지(잠유:말레이시아산) | 유청단백농 분말],양파(국산),조미액베이스 | (보존료) 우유,대두,밀,닭고기 함유 | 228고버5 200004430423230","[[""더한"", 109, 32, 0], [""타소스"", 170, 97, 0], [""은 편안하게 하고 싶은"", 238, 40, 0], [""경험을 제공합니다."", 268, 38, 0], [""2026.03.08 L1"", 361, 90, 151], [""합니다.②팬에 올리브오일을 두르고 삶은 면과 소스 1봉을 넣고"", 530, 56, 0], [""의 재료를 넣어 드시면 더 맛있습니다."", 569, 46, 0], [""소비기한"", 630, 40, 70], [""후면 상단표시일까지"", 623, 57, 211], [""청북도 진전군 진천을 진광로 120-6"", 669, 63, 0], [""판매업소:롯데쇼핑(주)/서울특별 시 중구 남다"", 703, 60, 0], [""물성크릭[물엿, 시술성유지(잠유:말레이시아산)"", 788, 70, 0], [""유청단백농 분말],양파(국산),조미액베이스"", 827, 68, 17], [""(보존료)"", 909, 48, 1], [""우유,대두,밀,닭고기 함유"", 905, 62, 234], [""228고버5 200004430423230"", 944, 31, 63]]"
000236,2026,04,08,2026-04-08,s1,"가급적 한번에 사용하세요. | 영양정보 총나 | 나트룹 830 Mg 42 % 탄수화물 8g 2 % | 지방14926%트랜스방0.590만 | 콜레스테를 45 MG 15 % 단백질3g5% | 2026.04.082.0B2 | 15.45.09 | www.fontanastyle.com '비닐류 | 고객지원실(수신자 부담)2080-872-8888 OTHER 8""8","[[""가급적 한번에 사용하세요."", 151, 52, 135], [""영양정보"", 258, 64, 138], [""총나"", 262, 43, 664], [""나트룹 830 Mg 42 %"", 303, 48, 144], [""탄수화물 8g 2 %"", 304, 44, 468], [""지방14926%트랜스방0.590만"", 344, 55, 144], [""콜레스테를 45 MG 15 %"", 383, 46, 148], [""단백질3g5%"", 386, 48, 487], [""2026.04.082.0B2"", 491, 48, 182], [""15.45.09"", 524, 38, 234], [""www.fontanastyle.com"", 563, 43, 189], [""'비닐류"", 561, 36, 548], [""고객지원실(수신자 부담)2080-872-8888"", 606, 41, 190], [""8\""8"", 610, 45, 646], [""OTHER"", 624, 40, 521]]"
000237,2026,06,05,2026-06-05,s2,"*본 제품은 소비자 분쟁해결 기준에 의거 교환 또는 보상 가능*메밀,당 | 토마토,아황산류,호두,오징어,조개류,잣 혼입 가능*부정·불량 | *직사광선을 피해 실온에 보관하시고 개봉 후에는 냉장 보관하여도 | 한번에 사용하세요. | 영양정보 총내 | 나트룹 700 Mg 35 % 탄수화물109 3 % | 지방 20937% 트랜스지방 0.6 g | 콜레스E를 55 M9 18 % 단백질294% | 1일 영양성분 기준치에 대한 비율.(%)은 2.0OOkCa/ 기준00로개인의 필 | 2026.06.0511321.0A3 | 09.44.11 | www.fontanastyle.com 비닐류 | 고객지원실/수신자부담)2080-872-8888 8 | OTHER","[[""한번에 사용하세요."", 194, 53, 91], [""총내"", 290, 47, 650], [""영양정보"", 310, 73, 99], [""탄수화물109 3 %"", 344, 45, 446], [""나트룹 700 Mg 35 %"", 354, 53, 110], [""트랜스지방 0.6 g"", 389, 40, 385], [""지방 20937%"", 400, 45, 114], [""단백질294%"", 432, 42, 467], [""콜레스E를 55 M9 18 %"", 440, 45, 117], [""09.44.11"", 590, 32, 142], [""비닐류"", 615, 42, 550], [""www.fontanastyle.com"", 628, 37, 169], [""고객지원실/수신자부담)2080-872-8888"", 672, 45, 170], [""8"", 658, 25, 663], [""OTHER"", 682, 30, 531], [""*본 제품은 소비자 분쟁해결 기준에 의거 교환 또는 보상 가능*메밀,당"", 41, 78, 83], [""토마토,아황산류,호두,오징어,조개류,잣 혼입 가능*부정·불량"", 88, 75, 85], [""*직사광선을 피해 실온에 보관하시고 개봉 후에는 냉장 보관하여도"", 136, 74, 89], [""1일 영양성분 기준치에 대한 비율.(%)은 2.0OOkCa/ 기준00로개인의 필"", 474, 46, 102], [""2026.06.0511321.0A3"", 554, 41, 93]]"
000238,2026,09,10,2026-09-10,s1,제조 2025.09.11 | 일자 | 2026.09.10B3,"[[""제조"", 371, 64, 75], [""일자"", 411, 66, 64], [""2025.09.11"", 456, 133, 250], [""2026.09.10B3"", 591, 162, 209]]"
000239,2026,07,10,2026-07-10,s1,"(토마토70g기준) 라이코펜 함유싱싱한 토마토 원료 | 제품명 진한토마토케참 | 식유 토마토케첩 목20 199504902363 | 원재료명 정제수,토마토페이스트중국산),물엿,기타과당, | 설탕,발효식초,케참베이스{정제소금(국산),케참스파이스 | 믹스(계피분말:베트남산),변성전분 | 알레르기 유발물질토마토,대두함유 | 내포장재질 |용기/리드지-폴리에틸렌,캡-폴리프로필렌 202242S0L 081 | (굴,홍합 포함)성분 혼입가능·반품 및 교환장소:고객상담실 | 및 구입처·본제품은 소비자기본법에 의거 교환 또는 보상 | ·소비기한 ∞ | 2026.07.10.B | 까지 | 부정 불량식품 신고는 국번없이 1399 | 영양정보 총내용량3009/100g당120 | 나트룹 910 9 46%탄수화물 2698%당류 22922%지방0 | E랜스N00포화지090%2레스테 0M90%단22","[[""(토마토70g기준)"", 20, 27, 312], [""라이코펜 함유싱싱한 토마토 원료"", 15, 30, 389], [""제품명 진한토마토케참"", 118, 38, 354], [""식유 토마토케첩 목20 199504902363"", 153, 41, 256], [""원재료명 정제수,토마토페이스트중국산),물엿,기타과당,"", 191, 44, 202], [""설탕,발효식초,케참베이스{정제소금(국산),케참스파이스"", 224, 42, 173], [""믹스(계피분말:베트남산),변성전분"", 256, 39, 153], [""알레르기 유발물질토마토,대두함유"", 291, 48, 145], [""202242S0L 081"", 405, 220, 627], [""내포장재질 |용기/리드지-폴리에틸렌,캡-폴리프로필렌"", 328, 37, 130], [""(굴,홍합 포함)성분 혼입가능·반품 및 교환장소:고객상담실"", 469, 53, 129], [""및 구입처·본제품은 소비자기본법에 의거 교환 또는 보상"", 498, 47, 134], [""·소비기한"", 533, 36, 155], [""∞"", 530, 25, 631], [""2026.07.10.B"", 562, 43, 288], [""까지"", 594, 35, 556], [""부정 불량식품 신고는 국번없이 1399"", 634, 35, 278], [""영양정보"", 724, 69, 148], [""총내용량3009/100g당120"", 726, 35, 434], [""나트룹 910 9 46%탄수화물 2698%당류 22922%지방0"", 759, 44, 164], [""E랜스N00포화지090%2레스테 0M90%단22"", 793, 50, 162]]"
000240,2027,05,20,2027-05-20,s1,소비자중심 | 부정 불량/품 신는 국번 1399 | 영양정보 총내용량500g/1009당25 kCA | 나E룹0M90%탄수화물/2022%당류202% | 2률로 61 9에2스2톨59지방090%트랜0지방0 | 포화지방090%콜레스8롤0M90%단백질090% | 개인의 필요 열량에 따라 다를 수 있습니다. | 2027.05.20.F1 | 까지 | F12408 | 캡LDPF/실리콘라벌위 | 81801052/120188 wwdaesang.com/ | 0고격상담080-019-919 수사부담) wwjungoneshop.com | 청청에코템,"[[""소비자중심"", 236, 32, 548], [""부정 불량/품 신는 국번 1399"", 339, 34, 293], [""영양정보"", 377, 34, 292], [""총내용량500g/1009당25 kCA"", 375, 32, 400], [""나E룹0M90%탄수화물/2022%당류202%"", 408, 34, 295], [""2률로 61 9에2스2톨59지방090%트랜0지방0"", 442, 29, 296], [""포화지방090%콜레스8롤0M90%단백질090%"", 476, 33, 295], [""개인의 필요 열량에 따라 다를 수 있습니다."", 522, 27, 290], [""2027.05.20.F1"", 597, 50, 293], [""까지"", 624, 39, 573], [""F12408"", 678, 53, 288], [""캡LDPF/실리콘라벌위"", 749, 30, 524], [""81801052/120188"", 768, 25, 311], [""wwdaesang.com/"", 776, 21, 522], [""0고격상담080-019-919 수사부담)"", 796, 22, 334], [""wwjungoneshop.com"", 796, 22, 486], [""청청에코템"", 830, 27, 416]]"
000241,2027,08,10,2027-08-10,s1,"아래로떼어낸후사용하십시오 | 유형 물엿 품못보 번호1920250.28 | 원료명 아,러시아 등)] 00%수전옥수외국  | 소비기한 하단표시일까지 | 포장재질 우껑 폴리에틸렌, 용가-폴리에널렌테레프팔레이트 | 주식회사 오뚜기 | 제조원 울산광역시 울주군 삼남읍 반구대로 149 | :소비자기본법에따락피해 부량신품고는 | 없0 1399.사과 승기를 피하그 릉하 | 곳에 보관하십시오.·사용 후 뚜껑을 꼭 닫아 보관하십시호 | 고객상담:080-024-2311수신자요금부담 | 2027.08.10.F216:05","[[""아래로떼어낸후사용하십시오"", 28, 37, 346], [""물엿"", 102, 36, 292], [""품못보 번호1920250.28"", 105, 58, 433], [""유형"", 108, 35, 240], [""00%수전옥수외국 "", 137, 72, 285], [""원료명"", 158, 37, 232], [""아,러시아 등)]"", 168, 40, 289], [""소비기한"", 212, 37, 224], [""하단표시일까지"", 206, 39, 288], [""우껑 폴리에틸렌, 용가-폴리에널렌테레프팔레이트"", 246, 63, 282], [""포장재질"", 248, 39, 223], [""주식회사 오뚜기"", 275, 36, 310], [""제조원"", 299, 40, 229], [""울산광역시 울주군 삼남읍 반구대로 149"", 312, 39, 295], ["":소비자기본법에따락피해 부량신품고는"", 351, 58, 224], [""없0 1399.사과 승기를 피하그 릉하"", 381, 42, 224], [""곳에 보관하십시오.·사용 후 뚜껑을 꼭 닫아 보관하십시호"", 412, 40, 226], [""고객상담:080-024-2311수신자요금부담"", 454, 42, 274], [""2027.08.10.F216:05"", 586, 54, 272]]"
000242,2026,05,21,2026-05-21,s1,식품안전관리인증 HACCP 마크란? | 용량468/206 kCAl HACCP 식약처에서위생적이고안전하다고 | 1일영양성분기준치에 인증한 식품에만 표기하는 마크입니다 | 총 내용량당 대한 비율 소비기한 | 방 68 11 % 2025.09.22/15.10 부터 | 랜스지방0g | E화지방3.58 23% 2026.05.21 까지 | 백질 4g 7% | 2(%)은2.000 kCal | 라 다를 수있습니다,"[[""용량468/206 kCAl"", 369, 48, 0], [""식품안전관리인증"", 370, 33, 333], [""HACCP 마크란?"", 386, 55, 422], [""1일영양성분기준치에"", 404, 47, 6], [""HACCP"", 390, 35, 331], [""식약처에서위생적이고안전하다고"", 421, 44, 419], [""총 내용량당"", 440, 42, 0], [""대한 비율"", 433, 36, 106], [""소비기한"", 446, 60, 208], [""인증한 식품에만 표기하는 마크입니다"", 444, 42, 416], [""방"", 470, 27, 0], [""68 11 %"", 482, 39, 76], [""랜스지방0g"", 504, 42, 0], [""2025.09.22/15.10"", 526, 62, 278], [""E화지방3.58 23%"", 537, 50, 0], [""부터"", 542, 60, 538], [""백질"", 558, 37, 0], [""2026.05.21"", 562, 53, 274], [""4g 7%"", 572, 41, 68], [""2(%)은2.000 kCal"", 598, 41, 0], [""까지"", 606, 57, 532], [""라 다를 수있습니다"", 620, 43, 0]]"
000243,2026,08,17,2026-08-17,s1,5.5 0x4개입) | 185 kCAl | 류14 01% | 39 22% 2026.08.17.D3 | 로개인의필요,"[[""5.5 0x4개입)"", 367, 80, 0], [""185 kCAl"", 407, 77, 0], [""류14 01%"", 454, 73, 0], [""39 22%"", 500, 68, 0], [""2026.08.17.D3"", 560, 123, 230], [""로개인의필요"", 599, 62, 0]]"
000244,2026,06,21,2026-06-21,s1,2025.08.22/00132 부터 | 2026.06.21 까지,"[[""2025.08.22/00132"", 531, 82, 284], [""2026.06.21"", 568, 67, 278], [""부터"", 578, 45, 639], [""까지"", 626, 42, 630]]"
000245,2026,02,24,2026-02-24,s1,"% | 1% | 28% | 이미시예 | 소비기한 | 부터 | 후면표기일 까지 25.09.25/21.58 | 26.02.24/A | 11 까지 | 유지,변성전분, | 산,체종유 호 | 베트남산,말레 | 식품인전관리인증 | 닭고기 함유 SMART HACCP | 8/005149 식생의약생안전지 OTHER | 제품 본연의 가채를 높여 나가겠습니다 | 어,새우,게, | 보존을 위해","[[""%"", 134, 43, 1], [""1%"", 207, 46, 0], [""28%"", 240, 45, 0], [""이미시예"", 348, 44, 113], [""소비기한"", 427, 48, 214], [""부터"", 526, 52, 615], [""후면표기일 까지"", 550, 41, 1], [""25.09.25/21.58"", 548, 50, 255], [""26.02.24/A"", 600, 46, 252], [""11"", 617, 34, 4], [""유지,변성전분,"", 660, 57, 0], [""까지"", 648, 49, 606], [""산,체종유 호"", 699, 49, 0], [""베트남산,말레"", 740, 54, 0], [""닭고기 함유"", 821, 59, 0], [""SMART"", 817, 48, 261], [""식품인전관리인증"", 798, 31, 404], [""HACCP"", 822, 37, 401], [""8/005149"", 861, 54, 0], [""OTHER"", 856, 45, 509], [""식생의약생안전지"", 863, 29, 407], [""어,새우,게,"", 904, 63, 0], [""제품 본연의 가채를 높여 나가겠습니다"", 892, 25, 231], [""보존을 위해"", 939, 45, 0]]"
000246,2026,02,04,2026-02-04,s1,이탈리아 쉐프 | 마리오 파타타 | ROFILE | 이탈리아어로'감자'를 뜻하는 | '파타타쉐프의 대표 요리는 | 감자그라당양념바베큐어니언 | 등이 있습니다. | 25.09.05 부터 | 26.02.04 | 05.40A01F4 까지 | 식품인전관리안을 | HACCP | OTHER 80111925280,"[[""이탈리아 쉐프"", 191, 36, 346], [""마리오 파타타"", 220, 48, 319], [""ROFILE"", 306, 53, 335], [""이탈리아어로'감자'를 뜻하는"", 370, 80, 242], [""'파타타쉐프의 대표 요리는"", 408, 79, 240], [""감자그라당양념바베큐어니언"", 448, 104, 192], [""등이 있습니다."", 478, 64, 225], [""25.09.05"", 576, 67, 289], [""26.02.04"", 610, 63, 285], [""부터"", 624, 57, 503], [""05.40A01F4"", 644, 66, 278], [""까지"", 671, 55, 495], [""식품인전관리안을"", 730, 33, 172], [""OTHER"", 764, 57, 69], [""HACCP"", 747, 37, 167], [""80111925280"", 823, 54, 308]]"
000247,2026,05,20,2026-05-20,s1,BBD.20/05/2026 YYT 05 | ABD 19.25,"[[""BBD.20/05/2026 YYT 05"", 499, 78, 200], [""ABD 19.25"", 537, 54, 273]]"
000248,2026,04,21,2026-04-21,s1,"하십시오개호 | 옥수수의 일부분으로 안심하고 드서도 됩니다 | ·소비자기본법에 의거 교환,환불해 드립니다. | 부정 불량식품 신고는 국번이 1399 | ·반품·본사 및 구입한 곳. | ·신선도 유지를 위해 질소충전포장을 | 하였습니다. OTHER | 1801043""036672 | 시킨 후 2026.04.21까지 | 니다 아산 B640희나 0721 | 영양정보 총내용량83g 420 kCAl | 나트를620 Mg 31%탄수화물 55 917% | 당륙 3393%지방 209 37% | 트랜스지방09포화지방79.47% | 2레스테를 0M9 0%단백질 5.099% | 2.000 kCal | ·본사:서울 있습니다.","[[""하십시오개호"", 19, 42, 120], [""옥수수의 일부분으로 안심하고 드서도 됩니다"", 61, 100, 123], [""·소비자기본법에 의거 교환,환불해 드립니다."", 95, 93, 125], [""부정 불량식품 신고는 국번이 1399"", 132, 93, 130], [""·반품·본사 및 구입한 곳."", 174, 73, 134], [""·신선도 유지를 위해 질소충전포장을"", 202, 83, 138], [""OTHER"", 209, 32, 507], [""하였습니다."", 250, 52, 148], [""1801043\""036672"", 400, 61, 249], [""2026.04.21까지"", 490, 66, 279], [""시킨 후"", 544, 45, 0], [""아산 B640희나 0721"", 528, 68, 279], [""니다"", 582, 25, 1], [""총내용량83g"", 650, 54, 491], [""영양정보"", 700, 107, 189], [""420 kCAl"", 684, 50, 525], [""나트를620 Mg 31%탄수화물 55 917%"", 740, 93, 208], [""당륙 3393%지방 209 37%"", 784, 63, 221], [""트랜스지방09포화지방79.47%"", 819, 66, 230], [""2레스테를 0M9 0%단백질 5.099%"", 853, 68, 237], [""2.000 kCal"", 881, 40, 566], [""있습니다."", 910, 42, 580], [""·본사:서울"", 932, 41, 475]]"
000249,2026,02,16,2026-02-16,s1,"신)볶음참께,구운천일 염 | 두토마토,쇠고기,닭ㄱ기, | 우함유 | 장재질 리에틸렌 | 국보2법회2018060302219 | 달갈,우유,땅콩,호두,복숭아되 | 지고기,오징어,게,고등어,조개루 | (굴,홍합)혼입 가능 | 오리큰 소넥을 인터넷에서 만나. | htp://www.orionworld.com | 2025.09.17 | 2026.02.16 부터 | 기한 07.36A01 까지","[[""신)볶음참께,구운천일 염"", 99, 62, 251], [""두토마토,쇠고기,닭ㄱ기,"", 146, 61, 239], [""우함유"", 186, 52, 228], [""리에틸렌"", 224, 40, 263], [""장재질"", 230, 45, 221], [""국보2법회2018060302219"", 270, 53, 210], [""달갈,우유,땅콩,호두,복숭아되"", 345, 58, 204], [""지고기,오징어,게,고등어,조개루"", 386, 63, 193], [""(굴,홍합)혼입 가능"", 424, 47, 183], [""오리큰 소넥을 인터넷에서 만나."", 492, 53, 220], [""htp://www.orionworld.com"", 526, 50, 231], [""2025.09.17"", 611, 66, 226], [""2026.02.16"", 655, 65, 217], [""부터"", 652, 52, 560], [""기한"", 666, 51, 133], [""07.36A01"", 696, 64, 214], [""까지"", 706, 52, 551]]"
000250,2039,09,21,2039-09-21,s1,"씨눈(검정) 일부 제품 표면의 반점은 | 껍질(갈색) ""옥 수수 씨눈 또는 껍잘 이오니 | 안심하고 드시기 바랍니다 | 영양정보 총 내용량70g | 377 kCAl | L트룹 370 Mg 19%/탄수화물44 914% | 당류2g 2% 지방 21 9 39% | 트랜스지방0 9 포화지방 89.53 % | 칼술 73.5 9 11 % | 25.09.0514.11 | 부터 | 26.03.04.B6 ㄱ | 맛있는","[[""씨눈(검정)"", 70, 33, 267], [""일부 제품 표면의 반점은"", 71, 40, 480], [""껍질(갈색)"", 107, 34, 207], [""\""옥 수수 씨눈 또는 껍잘 이오니"", 107, 53, 401], [""안심하고 드시기 바랍니다"", 140, 40, 462], [""총 내용량70g"", 254, 40, 514], [""영양정보"", 284, 55, 206], [""377 kCAl"", 288, 31, 581], [""L트룹 370 Mg 19%/탄수화물44 914%"", 330, 58, 203], [""당류2g 2%"", 370, 35, 207], [""지방 21 9 39%"", 361, 42, 439], [""트랜스지방0 9"", 405, 32, 210], [""포화지방 89.53 %"", 398, 39, 397], [""칼술 73.5 9 11 %"", 474, 37, 212], [""25.09.0514.11"", 681, 50, 326], [""부터"", 698, 36, 681], [""26.03.04.B6"", 736, 48, 330], [""ㄱ"", 736, 29, 692], [""맛있는"", 778, 45, 648]]"
000251,2026,02,24,2026-02-24,s1,실종예방에대해 | 더배워보아요! | 25.08.2517.16 | 26.02.24.A2 | 자료 | 제공 | 아동권리보상원 제보처,"[[""실종예방에대해"", 152, 129, 56], [""더배워보아요!"", 204, 125, 58], [""25.08.2517.16"", 624, 78, 228], [""26.02.24.A2"", 679, 72, 239], [""자료"", 779, 22, 156], [""제공"", 794, 25, 159], [""제보처"", 782, 23, 531], [""아동권리보상원"", 790, 45, 332]]"
000252,2026,07,09,2026-07-09,s1,소비기한 | 2026.07.09 | 2026.07.09,"[[""소비기한"", 418, 60, 190], [""2026.07.09"", 532, 88, 278], [""2026.07.09"", 621, 97, 301]]"
000253,2026,06,20,2026-06-20,s1,영양정보 659 | 나트룹 510 M9 skcal | 0수화물 41.6 26% | 당류49 | 지방 15 9 28% | 트랜스지방 0g | 포화지방 6 9 40% | 골래스테를 5 mg미단 1% | 습니다 단질 5.6g 10% | 백전관리인증 12여양상부기준치에대한 비을.9)을200 | HACCP 거인의 필요 열량에 따라 를 수 있습니다 | 2026.06.20 | 11:27B,"[[""659"", 12, 22, 362], [""영양정보"", 31, 69, 111], [""skcal"", 36, 30, 356], [""26%"", 74, 39, 369], [""나트룹 510 M9"", 76, 87, 124], [""0수화물 41.6"", 124, 86, 130], [""당류49"", 176, 69, 159], [""28%"", 184, 46, 436], [""지방 15 9"", 226, 71, 149], [""0g"", 251, 42, 317], [""트랜스지방"", 267, 64, 182], [""40%"", 273, 34, 472], [""6"", 303, 24, 305], [""9"", 300, 25, 328], [""포화지방"", 318, 61, 188], [""1%"", 316, 41, 487], [""5 mg미단"", 340, 63, 309], [""10%"", 362, 41, 489], [""골래스테를"", 367, 84, 164], [""단질 5.6g"", 410, 71, 180], [""습니다"", 440, 51, 0], [""를 수 있습니다"", 424, 44, 470], [""12여양상부기준치에대한 비을.9)을200"", 431, 108, 188], [""거인의 필요 열량에 따라"", 452, 65, 278], [""백전관리인증"", 504, 30, 0], [""HACCP"", 520, 40, 0], [""2026.06.20"", 524, 83, 287], [""11:27B"", 564, 50, 361]]"
000254,2026,08,12,2026-08-12,s1,트65 mg | 탄주화불49g | 림 당류 36 g | 지방0.6g | 트랜스지방 0 8 | 포화지방Og | 콜레스테롤Omg | 단백질 2g | •제품내부에수분이많고부드러워고은에 약 | 이하에 보관해주시고 하절기전면 직사광선을피 | 덩어리나 검은 점이 보일 수 있으나 인체에 무해합니나. | 소비 25.08.13/14.45 부터 | 기한 26.08.12.2(F2) 까지 | OTHER,"[[""트65 mg"", 31, 36, 253], [""탄주화불49g"", 54, 44, 212], [""림"", 72, 25, 2], [""당류 36 g"", 85, 42, 225], [""지방0.6g"", 116, 41, 201], [""트랜스지방 0 8"", 149, 46, 217], [""포화지방Og"", 178, 44, 214], [""콜레스테롤Omg"", 206, 49, 183], [""단백질 2g"", 232, 44, 178], [""•제품내부에수분이많고부드러워고은에 약"", 342, 71, 193], [""이하에 보관해주시고 하절기전면 직사광선을피"", 368, 77, 186], [""덩어리나 검은 점이 보일 수 있으나 인체에 무해합니나."", 428, 94, 175], [""소비"", 500, 37, 38], [""25.08.13/14.45"", 541, 74, 166], [""부터"", 551, 60, 529], [""기한"", 572, 55, 24], [""26.08.12.2(F2)"", 593, 86, 157], [""까지"", 622, 59, 519], [""OTHER"", 762, 40, 476]]"
000255,2026,08,20,2026-08-20,erode5,302239 023501 | 26.08.20 A | 08 144 | 까지,"[[""302239 023501"", 420, 73, 280], [""까지"", 589, 57, 553], [""26.08.20 A"", 458, 111, 245], [""08 144"", 514, 110, 236]]"
000256,2027,01,02,2027-01-02,s1,Nexweel | 센터080-023-3399(수신자부 | B ERO 글루타치온 50mg | 보로 소비기한 | 27.01.02B,"[[""Nexweel"", 160, 135, 155], [""센터080-023-3399(수신자부"", 458, 61, 260], [""ERO"", 527, 61, 126], [""B"", 519, 50, 0], [""글루타치온 50mg"", 517, 26, 297], [""보로"", 563, 34, 153], [""소비기한"", 565, 34, 213], [""27.01.02B"", 602, 59, 240]]"
000257,2025,12,10,2025-12-10,s1,2025.12.10,"[[""2025.12.10"", 406, 89, 167]]"
000258,2026,05,30,2026-05-30,s1,"후광이가발생할수있으니반드시냉장보관하시고빨리드세요.알(가금 | 류에한함),우유메밀,,대두밀고등어,게새우,돼지고기,복숭아,토마 | 토, 아황산류,호두,닭고기,쇠고기,오징어,조개류(굴,전복,홍합 포함),잣 | ·뚜껑을 처음 열때 '뱅소리‘가 나야 정상입니다.·반품 및 없 1399.소비자분쟁해결 기준에의거.교환 또는 보상 성분혼입가능.용기를 가열 조리용으로 사용불가·부정·불량식품신고는 국번 안전관리인증 HACCP 0e0 0E9)60S8/%09/2A | 교환:구입처및제조원·www.daesangdives.com | 소비기한 2026.05.30 | 11.23 까지 비","[[""후광이가발생할수있으니반드시냉장보관하시고빨리드세요.알(가금"", 242, 67, 237], [""0e0 0E9)60S8/%09/2A"", 362, 286, 622], [""류에한함),우유메밀,,대두밀고등어,게새우,돼지고기,복숭아,토마"", 272, 64, 235], [""토, 아황산류,호두,닭고기,쇠고기,오징어,조개류(굴,전복,홍합 포함),잣"", 302, 61, 234], [""성분혼입가능.용기를 가열 조리용으로 사용불가·부정·불량식품신고는 국번"", 330, 61, 233], [""없 1399.소비자분쟁해결 기준에의거.교환 또는 보상"", 356, 47, 233], [""·뚜껑을 처음 열때 '뱅소리‘가 나야 정상입니다.·반품 및"", 386, 49, 233], [""안전관리인증"", 381, 25, 551], [""교환:구입처및제조원·www.daesangdives.com"", 416, 49, 229], [""HACCP"", 401, 32, 549], [""소비기한"", 440, 33, 249], [""2026.05.30"", 460, 46, 318], [""11.23"", 498, 35, 369], [""까지 비"", 506, 27, 597]]"
000259,2025,11,09,2025-11-09,s1,과일 원물이 들어 상큼달콤한! | JINOI 복숭아 가득 | 푸딩젤리 | Peach Pudding Jelly | 안전 | 플라스틱 | 2025.11.09 식품의약품 | OTHER | 리드:OTHER | 복승아27%.레몬/축액0.14% | 45kcal)/실본보관 총내용량 2109당 | 지방 트랜스지방 포화지방콜레스테롤단백질 | 개한비율. %)은2.0O0 KCa/기준00로 | 에 따라 다를 수 있습니다.,"[[""JINOI"", 170, 127, 0], [""과일 원물이 들어 상큼달콤한!"", 179, 138, 133], [""복숭아 가득"", 232, 183, 92], [""푸딩젤리"", 292, 158, 49], [""Peach Pudding Jelly"", 338, 130, 16], [""2025.11.09"", 501, 156, 126], [""복승아27%.레몬/축액0.14%"", 610, 276, 0], [""45kcal)/실본보관"", 613, 150, 0], [""플라스틱"", 570, 55, 536], [""안전"", 587, 32, 681], [""OTHER"", 630, 80, 482], [""리드:OTHER"", 655, 77, 475], [""지방 트랜스지방 포화지방콜레스테롤단백질"", 750, 210, 130], [""식품의약품"", 668, 50, 651], [""총내용량 2109당"", 753, 120, 404], [""개한비율. %)은2.0O0 KCa/기준00로"", 818, 209, 0], [""에 따라 다를 수 있습니다."", 837, 156, 0]]"
000260,2027,04,01,2027-04-01,s1,스터수지 | 금(가공소 | 로인산나 | |노신산이 8 801392/002663 | WB1A | 27.04.01 | 까,"[[""스터수지"", 224, 76, 0], [""금(가공소"", 278, 80, 0], [""로인산나"", 333, 84, 0], [""8 801392/002663"", 319, 118, 226], [""|노신산이"", 392, 95, 0], [""WB1A"", 458, 88, 169], [""까"", 541, 64, 649], [""27.04.01"", 552, 152, 162]]"
000261,2026,03,07,2026-03-07,s1,소한죄 | 영양정보 총U | 가 낮으 나트룹 140 Mg 7%지방189 | 주십시 | 담실및 탄수화물48g 15 % 트랜스지방0g | 기본법 법신보 0류 18 9 18% 포화지방6y 40% | 클레스테롤0mg | 다. 이브로개인의 필요 열량에 따라 다를 수 있습니다. | 25.09.08 20:26 | 26.03.07 A1 | 카랑라공,"[[""소한죄"", 116, 79, 238], [""영양정보"", 262, 37, 116], [""총U"", 266, 38, 320], [""가 낮으"", 278, 28, 0], [""주십시"", 299, 25, 1], [""나트룹 140 Mg"", 298, 23, 119], [""7%지방189"", 300, 37, 231], [""담실및"", 322, 33, 0], [""탄수화물48g"", 322, 24, 120], [""15 %"", 321, 25, 226], [""트랜스지방0g"", 330, 32, 279], [""기본법"", 340, 28, 1], [""법신보"", 358, 65, 22], [""0류 18 9"", 348, 25, 129], [""18%"", 347, 22, 226], [""포화지방6y"", 354, 30, 278], [""40%"", 362, 23, 378], [""클레스테롤0mg"", 373, 21, 121], [""다."", 397, 26, 0], [""이브로개인의 필요 열량에 따라 다를 수 있습니다."", 410, 28, 118], [""25.09.08 20:26"", 501, 30, 198], [""26.03.07 A1"", 527, 32, 200], [""카랑라공"", 630, 32, 75]]"
000262,2027,01,10,2027-01-10,s1,Kornbudr | 2027.01.10,"[[""Kornbudr"", 78, 30, 46], [""2027.01.10"", 525, 24, 420]]"
000263,2028,01,22,2028-01-22,erode3,양반 양반 | N. | 가름김 양반김 들기름김 | 시주의하 | 2028.01.22021 | 22.409702313 | EER,"[[""양반"", 20, 40, 0], [""양반"", 16, 33, 383], [""N."", 57, 24, 263], [""양반김"", 82, 31, 260], [""시주의하"", 427, 115, 235], [""EER"", 592, 84, 346], [""가름김"", 92, 59, 0], [""들기름김"", 92, 59, 335], [""2028.01.22021"", 474, 43, 242], [""22.409702313"", 504, 39, 241]]"
000264,2026,06,06,2026-06-06,s1,26.06.06까17/19/37F2B,"[[""26.06.06까17/19/37F2B"", 682, 51, 197]]"
000265,2026,11,26,2026-11-26,s1,2026.11.26 | 청정원 | 순창 | Spicy Cocktail Sauce | 자,"[[""2026.11.26"", 560, 41, 257], [""청정원"", 707, 76, 315], [""순창"", 797, 108, 253], [""Spicy Cocktail Sauce"", 908, 41, 306], [""자"", 939, 43, 369]]"
000266,2025,12,04,2025-12-04,s1,PEH | 취향저! | 이미지에 | 안전관리인증 | HACCP | 22025.12.04까지1,"[[""PEH"", 124, 105, 187], [""취향저!"", 202, 31, 251], [""이미지에"", 448, 51, 554], [""안전관리인증"", 715, 32, 544], [""HACCP"", 741, 40, 541], [""22025.12.04까지1"", 778, 57, 299]]"
000267,2026,06,02,2026-06-02,s1,26.06.02,"[[""26.06.02"", 406, 36, 286]]"
000268,2032,01,14,2032-01-14,s1,리츠 | ZEC 제대로 만든 크래커! | 26.07.14.01.328,"[[""리츠"", 53, 96, 607], [""ZEC"", 425, 166, 233], [""제대로 만든 크래커!"", 485, 62, 330], [""26.07.14.01.328"", 563, 44, 248]]"
000269,2026,05,15,2026-05-15,s1,"비기한 후면 별도표기일까 | 인면 장영실로 729 | 남대문로 81(소공동) | 카라멜색소,홍국색소,고량색소,안나토 | [잠올레인유(말레이시아산),해바라기유 | 페롤(혼합형)],레시틴,카로틴 | 대두 함유 | 호 20100461303356 | 2식품 신고는 국번 없0 1399 .취급 및 | 아손상 우려가 있으므로 주의 바랍니다. | 1일영양성 | 치에 대한 비율 안전관리인증 2026.05.15 | 78% HACCP | OTHER 김지완 02.41B1 | 107% | 13% | 필요열량에따라 | 880902//550411","[[""비기한"", 19, 38, 0], [""후면 별도표기일까"", 14, 32, 70], [""인면 장영실로 729"", 46, 45, 0], [""남대문로 81(소공동)"", 77, 45, 0], [""카라멜색소,홍국색소,고량색소,안나토"", 112, 49, 0], [""[잠올레인유(말레이시아산),해바라기유"", 146, 49, 1], [""페롤(혼합형)],레시틴,카로틴"", 182, 41, 1], [""대두 함유"", 238, 37, 248], [""호"", 287, 20, 8], [""20100461303356"", 283, 34, 39], [""2식품 신고는 국번 없0 1399 .취급 및"", 355, 38, 0], [""아손상 우려가 있으므로 주의 바랍니다."", 383, 36, 26], [""1일영양성"", 523, 24, 5], [""치에 대한 비율"", 544, 28, 0], [""안전관리인증"", 536, 23, 261], [""HACCP"", 558, 27, 262], [""2026.05.15"", 549, 38, 403], [""78%"", 572, 34, 29], [""김지완 02.41B1"", 589, 41, 404], [""OTHER"", 605, 30, 154], [""107%"", 644, 34, 20], [""13%"", 682, 35, 37], [""필요열량에따라"", 713, 32, 0], [""880902//550411"", 742, 34, 133]]"
000270,2026,09,03,2026-09-03,s1,"RE:EARTH 분리배출캠페인 [비닐류] | 맛있게먹는 TIP 지퍼부분은 가위로 절단 후 종량제 배출 | 온가족이 둘러앉아 추억의 옛날과자를 | 내용물비우고세적 건조 후압착 오염시중광제출 | 영양정보 100 당 461/Ca 총내용량 1609 | 전주174A1(02811동)7 | 업소명 031-858-2727 유통전물판F이소: 롯데쇼핑/서울특별시중구 100 g0 1일 영양성분 | 소재지 대문로 81 2동)/1899 3000 치에바을 | 말루(밀:마 호주산), 탕,옥배유(옥수수 나트륨 J6 mg | 외국신 김(국 공소금, 글엿,효모,혼합제제 탄수화물 69 9 | 원재료명베이강파우데(산 ‘산L 륨,탄산칼슘,탄산수 당류 209 | 나트륨 루코노- 수수전분, 구연산),포 지방 179 | 당 요소처리스테비 식품 밀함유 트랜스지방 | 플에품독 2201703/001854 0g | ·번품 및교환장소구일처 및 판매운 제품은 소비자기본법 포화지방 2.3g 15% | 에따른 소비자분장해결기준에 의거 교환 -는 보상 받을 수 있습 콜레스테롤 O rng | 니다.·부정·불양식품신고는 국번없이 99·취급 및 보관시 단백질 8g 15% | 주의사항:직사황선을 피하여 서늘하고 조한 곳에 보관하십시 1일 영양성 분 기준 대한 비(%) | 은2.0OG kCA/기준00로개9 | ·함께 포장된 실리카겔(방습제)은 드시 마십시오. 필요 열른 에 따라 다를 수 있습니다 | 안전관리인증 | HACCP 8801936 010109 | 2026.09.03","[[""RE:EARTH 분리배출캠페인 [비닐류]"", 23, 32, 312], [""맛있게먹는 TIP"", 48, 35, 66], [""지퍼부분은 가위로 절단 후 종량제 배출"", 48, 28, 305], [""온가족이 둘러앉아 추억의 옛날과자를"", 67, 46, 62], [""내용물비우고세적 건조 후압착"", 130, 31, 328], [""오염시중광제출"", 123, 31, 578], [""총내용량 1609"", 182, 51, 561], [""영양정보"", 192, 37, 435], [""100 당 461/Ca"", 204, 63, 539], [""전주174A1(02811동)7"", 217, 40, 104], [""1일 영양성분"", 243, 52, 584], [""업소명"", 240, 34, 49], [""031-858-2727"", 238, 27, 106], [""유통전물판F이소: 롯데쇼핑/서울특별시중구"", 252, 40, 101], [""100 g0"", 242, 29, 438], [""치에바을"", 260, 53, 566], [""소재지"", 262, 30, 56], [""대문로 81"", 273, 32, 109], [""2동)/1899"", 270, 28, 198], [""3000"", 268, 21, 284], [""나트륨"", 280, 28, 439], [""J6 mg"", 282, 37, 560], [""호주산),"", 294, 23, 223], [""탕,옥배유(옥수수"", 292, 29, 284], [""말루(밀:마"", 297, 37, 97], [""글엿,효모,혼합제제"", 312, 28, 285], [""탄수화물"", 305, 28, 440], [""69 9"", 311, 38, 567], [""공소금,"", 314, 27, 220], [""외국신 김(국"", 318, 39, 99], [""‘산L"", 334, 23, 246], [""륨,탄산칼슘,탄산수"", 334, 23, 285], [""당류"", 332, 26, 450], [""209"", 337, 36, 568], [""원재료명베이강파우데(산"", 342, 57, 52], [""수수전분, 구연산),포"", 354, 31, 279], [""나트륨 루코노-"", 358, 40, 104], [""지방"", 360, 28, 442], [""179"", 366, 35, 571], [""식품"", 376, 23, 275], [""밀함유"", 377, 28, 373], [""당 요소처리스테비"", 380, 43, 101], [""트랜스지방"", 388, 26, 453], [""2201703/001854"", 400, 25, 271], [""0g"", 396, 30, 582], [""플에품독"", 409, 54, 61], [""포화지방"", 416, 27, 453], [""2.3g"", 422, 32, 568], [""제품은 소비자기본법"", 430, 29, 274], [""15%"", 428, 21, 623], [""·번품 및교환장소구일처 및 판매운"", 436, 51, 68], [""-는 보상 받을 수 있습"", 454, 23, 281], [""콜레스테롤"", 446, 26, 444], [""O rng"", 451, 34, 567], [""에따른 소비자분장해결기준에 의거 교환"", 459, 46, 65], [""99·취급 및 보관시"", 476, 23, 290], [""단백질"", 475, 28, 443], [""니다.·부정·불양식품신고는 국번없이"", 481, 42, 64], [""8g"", 481, 22, 584], [""15%"", 484, 21, 622], [""주의사항:직사황선을 피하여 서늘하고"", 502, 38, 62], [""조한 곳에 보관하십시"", 499, 22, 269], [""1일 영양성 분 기준 대한 비(%)"", 506, 36, 445], [""은2.0OG kCA/기준00로개9"", 530, 30, 442], [""·함께 포장된 실리카겔(방습제)은 드시 마십시오."", 546, 31, 67], [""필요 열른 에 따라 다를 수 있습니다"", 552, 31, 442], [""안전관리인증"", 637, 24, 279], [""HACCP"", 655, 24, 279], [""8801936 010109"", 672, 51, 455], [""2026.09.03"", 829, 62, 262]]"
000271,2026,03,24,2026-03-24,s1,"민기무(일: 미국산,호주산),설립,합 | 정보 | 용량당 기a지에대 | 330.M9 | 화물 86 g | 황산나트륨, 합성향료(바닐라향분말) 20 g | 밀, 대두, 우유, 아황산류함유 22.9 | 장재질(내면) 폴리에틸렌 ""스지방 0g | 보2번호20020467/12/87 지방 6g | 풀및 교환장소:구입처 및 판매원·본 제품은 테롤 0 mg | 사기본법에 따른 소비자분쟁해결 기준에 의거 교 7g | 관 또는 보상받을 수 있습니다.·부정·불량식품 신 성분 기준치에 대한 비율 | 2로 개인의 필요 열랑에 때 | 가능성이 있습니다. | 2026.03.24까지-2","[[""민기무(일: 미국산,호주산),설립,합"", 316, 48, 232], [""정보"", 351, 24, 527], [""용량당"", 382, 24, 533], [""기a지에대"", 386, 20, 650], [""330.M9"", 407, 22, 614], [""황산나트륨, 합성향료(바닐라향분말)"", 448, 47, 212], [""화물"", 428, 21, 539], [""86 g"", 426, 21, 642], [""20 g"", 448, 22, 648], [""밀, 대두, 우유, 아황산류함유"", 469, 41, 241], [""22.9"", 469, 25, 653], [""장재질(내면)"", 480, 31, 158], [""폴리에틸렌"", 484, 27, 241], [""보2번호20020467/12/87"", 501, 34, 155], [""\""스지방"", 491, 26, 551], [""0g"", 492, 24, 668], [""풀및 교환장소:구입처 및 판매원·본 제품은"", 526, 41, 155], [""지방"", 514, 27, 560], [""6g"", 516, 25, 674], [""사기본법에 따른 소비자분쟁해결 기준에 의거 교"", 546, 35, 150], [""테롤"", 536, 25, 571], [""0 mg"", 540, 28, 668], [""관 또는 보상받을 수 있습니다.·부정·불량식품 신"", 570, 34, 126], [""7g"", 566, 26, 688], [""성분 기준치에 대한 비율"", 585, 36, 577], [""2로 개인의 필요 열랑에 때"", 600, 35, 582], [""가능성이 있습니다."", 648, 29, 120], [""2026.03.24까지-2"", 710, 54, 201]]"
000272,2026,05,10,2026-05-10,s1,"[Uubel | 따우더 네열란드산)],유지크림분 | 가루크림분말,고추장,도당,정제 (식울성유지:외국산)],스위트항시즈닝 영양정보 | 산도조절제,파프리카추출색소작 총 내용량당 | 기 | 커향), 향료,향미중진제 | 탄수화물 59.59 | 1일(내면) 폴리에릴렌 당류 1129 | 22번호 19900355116313 지방 23.29 | 및교환장소 구입처 및판매원 용은 소비자기본법에 따는 소비자분재해결 트랜스지방 | 에 의거 교환 또는 보상을 받을 수 있습니다. 포화지방 15 | 3불0/품 신고는국번801399 콜레스테롤 | 메, 딸콩,고등어,게,새우,돼지길,복 단백질 | 아,이황산류 호두,닭고기,오장어 조가 류(굴, 1일 영양성분 기준치에 댓 기춘이으로개기기필요열 | 복,혼합포함),잣 혼입가능 넘이 있스다 | 직사광선을 피하고 건조한 못에 실은 년관 | 제품의 품질보존을 위해 질소가 충진=장을 | 하요습니다. | 2026.05.10C 8""80237","[[""[Uubel"", 168, 38, 248], [""따우더 네열란드산)],유지크림분"", 302, 27, 184], [""(식울성유지:외국산)],스위트항시즈닝"", 315, 30, 173], [""영양정보"", 308, 27, 526], [""가루크림분말,고추장,도당,정제"", 329, 32, 167], [""산도조절제,파프리카추출색소작"", 343, 26, 180], [""총 내용량당"", 334, 23, 532], [""기"", 341, 26, 666], [""커향), 향료,향미중진제"", 370, 25, 160], [""탄수화물"", 373, 22, 541], [""59.59"", 376, 22, 650], [""당류"", 392, 23, 555], [""1129"", 393, 24, 663], [""1일(내면) 폴리에릴렌"", 406, 41, 131], [""지방"", 412, 22, 552], [""23.29"", 410, 24, 668], [""22번호 19900355116313"", 423, 46, 125], [""트랜스지방"", 432, 26, 565], [""및교환장소 구입처 및판매원"", 440, 50, 119], [""용은 소비자기본법에 따는 소비자분재해결"", 455, 52, 119], [""포화지방"", 454, 21, 570], [""15"", 451, 22, 699], [""에 의거 교환 또는 보상을 받을 수 있습니다."", 474, 60, 109], [""콜레스테롤"", 473, 24, 567], [""3불0/품 신고는국번801399"", 497, 46, 108], [""단백질"", 496, 26, 571], [""메, 딸콩,고등어,게,새우,돼지길,복"", 516, 61, 99], [""1일 영양성분 기준치에 댓"", 517, 23, 573], [""기춘이으로개기기필요열"", 530, 25, 574], [""아,이황산류 호두,닭고기,오장어 조가 류(굴,"", 536, 61, 94], [""복,혼합포함),잣 혼입가능 넘이 있스다"", 557, 60, 89], [""직사광선을 피하고 건조한 못에 실은 년관"", 580, 56, 83], [""제품의 품질보존을 위해 질소가 충진=장을"", 600, 59, 78], [""하요습니다."", 630, 37, 73], [""8\""80237"", 664, 27, 594], [""2026.05.10C"", 673, 48, 113]]"
000273,2026,03,13,2026-03-13,s1,"닝분말,북어에기스 | 트리아세틴향료재종유,주정,프리추출생소,항료2 | 글리세린지방산에스테트, 아-토코페를(혼합형),료2종 | 고수장마요앗 새우 대두,계린,쇠고기,우유함유 | 소비기한 후면 표기일까지 포장재질 | 품목 1720154001-530(부산) 폴리프로필렌 | 보고번회 20010549541-186(구00 | 매코달 있습니다. | 부드러운 개봉후로:십시오 ·직사광서을 Ⅲ하고 서늘하고 건도한 곳에 보관하십시오 | 고추마요맛 ·간혹 제순이 은 갈색이나 검은색 부분은 원료의 일부분 | 입자는 파슬리입니다. | ·소비자기본법에 의거 교환,환불해 드립니다. | 부정 불량식품 신고는 국번0이 1399 | ·반품:본사 및 구입한 곳. AER | ·신선도 유지를 위해 질소충전포장을 하였습니다. | 2026.03.13까지 | 부산2B30유림 1301 | 식품안신관리인증 | HACCP | 총 내용량 600 | 영양정보 280 /2 | -농심물 바로가기 나트룹 450 M9 23%탄수화물A1/3 | 담 수산까요금부담 0-02.5181 탐류 12912% 지방 11920% | ww.nome","[[""닝분말,북어에기스"", 28, 44, 446], [""트리아세틴향료재종유,주정,프리추출생소,항료2"", 81, 78, 240], [""글리세린지방산에스테트, 아-토코페를(혼합형),료2종"", 100, 69, 240], [""새우 대두,계린,쇠고기,우유함유"", 121, 52, 251], [""소비기한"", 140, 25, 245], [""후면 표기일까지"", 146, 41, 293], [""고수장마요앗"", 122, 72, 1], [""포장재질"", 154, 26, 439], [""품목"", 168, 28, 252], [""1720154001-530(부산)"", 172, 40, 298], [""폴리프로필렌"", 164, 36, 485], [""보고번회"", 191, 28, 242], [""20010549541-186(구00"", 194, 38, 297], [""매코달"", 270, 52, 69], [""있습니다."", 266, 31, 249], [""·직사광서을 Ⅲ하고 서늘하고 건도한 곳에 보관하십시오"", 292, 59, 242], [""부드러운"", 301, 52, 61], [""고추마요맛"", 325, 38, 61], [""개봉후로:십시오"", 313, 26, 251], [""·간혹 제순이 은 갈색이나 검은색 부분은 원료의 일부분"", 338, 38, 247], [""입자는 파슬리입니다."", 387, 24, 254], [""·소비자기본법에 의거 교환,환불해 드립니다."", 410, 27, 246], [""부정 불량식품 신고는 국번0이 1399"", 434, 29, 248], [""·반품:본사 및 구입한 곳."", 458, 23, 250], [""AER"", 450, 22, 540], [""·신선도 유지를 위해 질소충전포장을 하였습니다."", 482, 30, 243], [""2026.03.13까지"", 536, 32, 305], [""부산2B30유림 1301"", 565, 30, 306], [""식품안신관리인증"", 608, 30, 76], [""HACCP"", 631, 28, 81], [""총 내용량 600"", 678, 37, 486], [""영양정보"", 710, 74, 243], [""280 /2"", 706, 31, 517], [""-농심물 바로가기"", 748, 35, 98], [""담 수산까요금부담"", 771, 51, 0], [""나트룹 450 M9 23%탄수화물A1/3"", 749, 68, 248], [""0-02.5181"", 796, 68, 0], [""탐류 12912% 지방 11920%"", 786, 55, 257], [""ww.nome"", 808, 20, 0]]"
000274,2026,03,02,2026-03-02,s1,말(아카시아벌글 | 함유 | HLHH | 2공장/ | 3남영동) | 3.신선한기름에 | 튀겨줍니다. | 바2달동한 이니 안심하고 드세요.제품 표면의 녹색가 | 허니버터2 루는 파슬리입니다. | 총내용량 44 9 | 강정보 235 kCAl | 2098/E2g8% | 30M026랜스방09 25.09.03 F2 20:11 | 레스테Umg 0% 26.03.02 까지 A5 | 대한 비율(%) | 개인의필요 열량에 따리 | 209 A/03 | 안전관리인증 | HACCP | OTHER,"[[""말(아카시아벌글"", 34, 35, 458], [""함유"", 78, 29, 489], [""HLHH"", 100, 47, 15], [""2공장/"", 150, 40, 489], [""3남영동)"", 221, 60, 540], [""3.신선한기름에"", 284, 50, 43], [""튀겨줍니다."", 308, 43, 43], [""바2달동한"", 511, 42, 0], [""이니 안심하고 드세요.제품 표면의 녹색가"", 520, 47, 259], [""허니버터2"", 534, 36, 2], [""루는 파슬리입니다."", 546, 32, 262], [""총내용량 44 9"", 569, 36, 76], [""강정보"", 587, 30, 1], [""235 kCAl"", 596, 33, 86], [""2098/E2g8%"", 626, 35, 1], [""30M026랜스방09"", 652, 45, 0], [""25.09.03"", 660, 40, 339], [""레스테Umg 0%"", 676, 49, 0], [""F2 20:11"", 660, 33, 500], [""26.03.02"", 702, 41, 339], [""까지 A5"", 700, 41, 506], [""대한 비율(%)"", 730, 46, 3], [""개인의필요 열량에 따리"", 755, 52, 0], [""209 A/03"", 800, 32, 0], [""안전관리인증"", 846, 23, 530], [""HACCP"", 862, 25, 529], [""OTHER"", 882, 45, 617]]"
000275,2026,04,23,2026-04-23,s1,"소비기한 후면 표기일까지 | 자와 바베큐 맛이 포장재질 폴리프로필렌 | 맛있는 스낵입니다 품목 19720154001 19760342001 134(안양) 1 48(부산) | 바삭바살 보고번호 닭고기,오징어,계란, | 감자스틱 ·새우, 토마토,게, 땅콩, | 조개류(굴,전복,홍합 함)를 사용한 제품과 | 같은 시설에서 제조하] 있습니다. | 하십시오.개봉후바트드십시오 | ·간혹 과자에 있는 초색 물질은 원료인 파슬리 | 이오니 안심하고도셔도 됩니다. | ·소비자기본법에4거 교환,환불해 드립니다. | 부정 불량식.신고는 국번없이1399 | ·반품:본사' 구입한 곳. | ·신선도 유치를 위해 질소충전포장을 | 하였습니다. 11HER | 2026.04.23까지 | 안양2A22진혜원 2234 | 식품인전관리인증 | HACCP | 139 영양정보 총내용759 | 양양영희 370 kCA/ | ·본사:서울특별시 동작구 나트룹 4/0 Mg 24%탄수화54 917% | 0의대방로112(0대방동) 당류 3.99 4%지방15928% | 금부담 농심몰 바로가기 트랜스지방09포화지방 6940% | 5181 농심 콜레스테를 0M9 0%단백질 44 98% | %)은2000kC3","[[""후면 표기일까지"", 30, 52, 356], [""소비기한"", 50, 42, 282], [""폴리프로필렌"", 65, 52, 357], [""포장재질"", 83, 44, 282], [""19760342001 134(안양)"", 92, 64, 357], [""자와 바베큐 맛이"", 90, 63, 0], [""품목"", 117, 36, 301], [""1 48(부산)"", 114, 30, 472], [""맛있는 스낵입니다"", 124, 66, 0], [""19720154001"", 124, 47, 362], [""보고번호"", 142, 37, 285], [""닭고기,오징어,계란,"", 150, 43, 491], [""바삭바살"", 165, 38, 19], [""·새우, 토마토,게, 땅콩,"", 166, 63, 286], [""함)를 사용한 제품과"", 180, 40, 485], [""감자스틱"", 178, 50, 16], [""조개류(굴,전복,홍합"", 192, 51, 292], [""있습니다."", 210, 30, 487], [""같은 시설에서 제조하]"", 220, 53, 293], [""하십시오.개봉후바트드십시오"", 278, 56, 292], [""·간혹 과자에 있는 초색 물질은 원료인 파슬리"", 307, 60, 285], [""이오니 안심하고도셔도 됩니다."", 340, 49, 294], [""·소비자기본법에4거 교환,환불해 드립니다."", 371, 53, 287], [""부정 불량식.신고는 국번없이1399"", 404, 53, 288], [""·반품:본사' 구입한 곳."", 440, 47, 292], [""·신선도 유치를 위해 질소충전포장을"", 470, 45, 295], [""하였습니다."", 508, 42, 296], [""11HER"", 502, 27, 618], [""2026.04.23까지"", 598, 41, 371], [""안양2A22진혜원 2234"", 632, 39, 373], [""식품인전관리인증"", 682, 23, 111], [""HACCP"", 704, 27, 109], [""영양정보"", 747, 60, 299], [""총내용759"", 732, 47, 564], [""139"", 760, 32, 0], [""양양영희"", 772, 36, 311], [""370 kCA/"", 764, 39, 593], [""나트룹 4/0 Mg 24%탄수화54 917%"", 808, 57, 304], [""·본사:서울특별시 동작구"", 828, 38, 17], [""0의대방로112(0대방동)"", 861, 38, 25], [""당류 3.99 4%지방15928%"", 849, 46, 309], [""농심몰 바로가기"", 898, 36, 75], [""트랜스지방09포화지방 6940%"", 885, 50, 310], [""금부담"", 914, 35, 0], [""농심"", 937, 46, 78], [""콜레스테를 0M9 0%단백질 44 98%"", 921, 57, 310], [""5181"", 941, 36, 0], [""%)은2000kC3"", 947, 25, 563]]"
000276,2026,03,25,2026-03-25,s2,자가비 케첩맛 | Jagabee | !취급주의:제품 개봉시 손이 베지 않도록 주의하시기 바랍니다. | OPEN | 제조일파: 25.09.26 19:28 | 0비기2.26.03.25.12,"[[""자가비"", 58, 59, 212], [""케첩맛"", 59, 62, 510], [""Jagabee"", 91, 20, 280], [""OPEN"", 328, 33, 150], [""!취급주의:제품 개봉시 손이 베지 않도록 주의하시기 바랍니다."", 308, 25, 282], [""제조일파: 25.09.26 19:28"", 615, 36, 189], [""0비기2.26.03.25.12"", 644, 35, 196]]"
000277,2026,07,15,2026-07-15,s1,HACCP 마크란? | HACCP | 식약처에서 위생적이고 안전하다고 | 인증한 식품에만 표기하는 마크 입니다 | 8801117/282301 | 소비 부터 | 2025.09.16/20.52 | 기한 2026.07.15/A-2 까지,"[[""HACCP 마크란?"", 263, 38, 276], [""HACCP"", 284, 27, 184], [""식약처에서 위생적이고 안전하다고"", 298, 29, 278], [""인증한 식품에만 표기하는 마크 입니다"", 322, 25, 278], [""8801117/282301"", 460, 33, 195], [""소비"", 507, 36, 124], [""부터"", 498, 42, 482], [""2025.09.16/20.52"", 522, 41, 185], [""기한"", 548, 39, 124], [""까지"", 539, 38, 486], [""2026.07.15/A-2"", 557, 36, 184]]"
000278,2026,06,22,2026-06-22,s1,25.09/23제2/157 | 26.06.221/.0 | go | 송직한 고기와 야채,"[[""25.09/23제2/157"", 466, 49, 277], [""26.06.221/.0"", 510, 44, 270], [""go"", 678, 119, 0], [""송직한"", 888, 99, 173], [""고기와 야채"", 914, 96, 290]]"
000279,2026,06,02,2026-06-02,s1,25.09.03.제조 11/4/43 | 26.06.02까10/ | AOH | 꽉 찬 소와 피의 밸런스 | assorted vegetables | 1만번 이상 치댄 | 연출이미지 Chewy wrappe | 210.000,"[[""25.09.03.제조"", 522, 29, 276], [""11/4/43"", 521, 30, 445], [""26.06.02까10/"", 560, 31, 274], [""AOH"", 594, 34, 559], [""꽉 찬 소와 피의 밸런스"", 676, 41, 273], [""assorted vegetables"", 845, 62, 271], [""1만번 이상 치댄"", 900, 53, 273], [""Chewy wrappe"", 930, 43, 272], [""연출이미지"", 945, 28, 95], [""210.000"", 950, 21, 317]]"
000280,2026,03,23,2026-03-23,s1,CJ | 체일제당 | SSC5 | 2026.03.23 | 까지 | GOURMET | DELICIOUS 고에 LIFE | ASTY CUISINE | 모짜렐라돈카:,"[[""CJ"", 113, 28, 119], [""체일제당"", 161, 44, 116], [""SSC5"", 378, 27, 325], [""2026.03.23"", 426, 35, 277], [""까지"", 488, 23, 371], [""GOURMET"", 596, 72, 368], [""고에"", 684, 130, 350], [""LIFE"", 673, 26, 599], [""DELICIOUS"", 690, 27, 232], [""ASTY CUISINE"", 770, 71, 377], [""모짜렐라돈카:"", 900, 120, 122]]"
000281,2026,07,15,2026-07-15,s1,"내용3/2009(310 원재료명 정제수 | 고초가륨(벤트남산)봇함 수유(옥수수배아: 외국산) 공가루(중국산)) | 국산)옥수수전분(옥수수 | -늘루담산나트륨(향미중 | 륨.무수구연산), 들깨 대두,밀,쇠고기,돼지고기 함유 | 기,조개류(굴 포함)함유 장재질폴리에틸렌 내용량 3609 | 청북도 단양군 대강면 | 권율로1203번킬 40-26 | 보관방법 -18°C이하 냉동 보관 반품및 교환장소 고객상담실 및 구입처 | 내포장재질 폴리에틸렌 | 정통 우동면 12009) | 용량 2009 영양정보 총내용량 2009 | O kcal 275 kCAl 소비자중심 비닐류 | 류4g4% | g47% F12408 OTHER | 2/테0Mg0%/단백 599% 분리수기를 생활화합시다. | 따라 다를 수 있습니다. 소중한 자원,깨끗한 환경 | 26.07.15 | 13:35 A0827","[[""원재료명 정제수"", 12, 25, 189], [""내용3/2009(310"", 18, 34, 0], [""수유(옥수수배아: 외국산) 공가루(중국산))"", 22, 38, 225], [""고초가륨(벤트남산)봇함"", 47, 49, 0], [""국산)옥수수전분(옥수수"", 64, 51, 0], [""-늘루담산나트륨(향미중"", 79, 48, 0], [""대두,밀,쇠고기,돼지고기 함유"", 92, 35, 259], [""륨.무수구연산), 들깨"", 96, 44, 0], [""장재질폴리에틸렌"", 118, 29, 216], [""내용량 3609"", 113, 25, 383], [""기,조개류(굴 포함)함유"", 132, 42, 0], [""청북도 단양군 대강면"", 156, 39, 0], [""권율로1203번킬 40-26"", 158, 31, 233], [""반품및 교환장소"", 184, 29, 322], [""고객상담실 및 구입처"", 180, 29, 460], [""보관방법 -18°C이하 냉동 보관"", 198, 45, 12], [""내포장재질 폴리에틸렌"", 204, 26, 492], [""정통 우동면"", 370, 34, 89], [""12009)"", 364, 26, 176], [""총내용량 2009"", 381, 28, 391], [""용량 2009"", 403, 34, 0], [""영양정보"", 407, 52, 97], [""275 kCAl"", 402, 27, 403], [""소비자중심"", 403, 26, 541], [""비닐류"", 396, 21, 662], [""O kcal"", 426, 31, 0], [""OTHER"", 436, 20, 651], [""류4g4%"", 452, 33, 0], [""F12408"", 460, 24, 531], [""g47%"", 480, 33, 0], [""분리수기를 생활화합시다."", 486, 28, 534], [""2/테0Mg0%/단백 599%"", 494, 43, 114], [""소중한 자원,깨끗한 환경"", 514, 29, 534], [""따라 다를 수 있습니다."", 531, 24, 0], [""26.07.15"", 582, 44, 280], [""13:35 A0827"", 616, 38, 280]]"
000282,2026,09,10,2026-09-10,s1,맛있는 까지D 2026.09.10 | 나교자 | 김치 이렇게요리해보세요! | 부드러운 찐만두를 즐기실때 | 1)찜통에 적당량의 물을 넣고 끊입니다. | 개운한 김치를 3) 맛있는 뻔만두 드실 수 있습니다. | 가득 채원! | 바삭바삭 군만투를 출기실 때가 | 만두9개당밥개학3~개정도) | 2) 냉동상태의 만두를 프라이팬에 넣고 뒤집어가면서 | 떡만듯국을 즐기실때 [20기:는 B  S/ | 라소금과 | 앗있는 | 냉들 -18'C | 냉동보관 | 4689X2개8,"[[""2026.09.10"", 301, 27, 399], [""까지D"", 325, 20, 429], [""맛있는"", 346, 49, 44], [""나교자"", 406, 99, 0], [""김치"", 484, 94, 42], [""이렇게요리해보세요!"", 452, 41, 383], [""부드러운 찐만두를 즐기실때"", 492, 37, 259], [""1)찜통에 적당량의 물을 넣고 끊입니다."", 512, 33, 384], [""개운한 김치를"", 554, 33, 98], [""3) 맛있는 뻔만두 드실 수 있습니다."", 547, 32, 386], [""가득 채원!"", 577, 34, 107], [""바삭바삭 군만투를 출기실 때가"", 586, 37, 262], [""만두9개당밥개학3~개정도)"", 621, 45, 401], [""2) 냉동상태의 만두를 프라이팬에 넣고 뒤집어가면서"", 635, 54, 390], [""떡만듯국을 즐기실때"", 686, 37, 268], [""[20기:는 B  S/"", 664, 55, 415], [""라소금과"", 736, 41, 424], [""앗있는"", 795, 57, 549], [""냉들"", 854, 27, 136], [""-18'C"", 854, 21, 192], [""냉동보관"", 880, 33, 180], [""4689X2개8"", 923, 78, 526]]"
000283,2027,09,17,2027-09-17,s1,"참개분 100.% | 원재료명 외국산(베트남, | 미얀마, 중국 등)] | 업소명 씨제이제일제당(주) | 인천광역시 증구 서해 | 소재지 대로 140번2 49 | 포장재질 마개-폴리에틸렌 | (내면) | 품목보고 19790190025-145 | 보관방법 사용 후에는 마개를 꼭 | 2고 서들하고 그늘진 곳에 보관 | OIL 반품및 하여 주십시오 구입처 또는 영업소 | 교환처 | 주의사항 ·부정불량식품 신고 | 0국0801309.본제품은 | 조비자 분쟁해결 기준에 의거 교 | 한또는 보상 받을 주 있습니다 | -사용후 포상재는 반드시 지정 |  장소에 버려 주십시오·내용 | 불종에 정전/동결이 있을 수입 | 저온에서 한나.제품에는 이상이 없습니다. | 27.09.17.14-07 | X3 까지 | 22640.KCA1","[[""참개분 100.%"", 18, 23, 350], [""외국산(베트남,"", 36, 26, 347], [""원재료명"", 42, 33, 301], [""미얀마, 중국 등)]"", 54, 26, 346], [""씨제이제일제당(주)"", 94, 29, 345], [""업소명"", 100, 28, 302], [""인천광역시 증구 서해"", 112, 29, 347], [""소재지"", 132, 28, 304], [""대로 140번2 49"", 130, 23, 347], [""포장재질"", 154, 24, 299], [""마개-폴리에틸렌"", 157, 28, 345], [""(내면)"", 172, 21, 302], [""품목보고"", 192, 31, 296], [""19790190025-145"", 196, 27, 347], [""보관방법 사용 후에는 마개를 꼭"", 226, 35, 294], [""2고 서들하고 그늘진 곳에 보관"", 243, 26, 300], [""OIL"", 274, 55, 215], [""하여 주십시오"", 259, 28, 298], [""반품및"", 283, 26, 299], [""구입처 또는 영업소"", 290, 27, 347], [""교환처"", 298, 25, 299], [""주의사항"", 318, 21, 297], [""·부정불량식품 신고"", 318, 27, 336], [""0국0801309.본제품은"", 336, 25, 294], [""조비자 분쟁해결 기준에 의거 교"", 354, 25, 294], [""한또는 보상 받을 주 있습니다"", 372, 22, 294], [""저온에서"", 443, 135, 202], [""-사용후 포상재는 반드시 지정"", 390, 23, 295], ["" 장소에 버려 주십시오·내용"", 406, 28, 292], [""불종에 정전/동결이 있을 수입"", 424, 28, 292], [""한나.제품에는 이상이 없습니다."", 442, 25, 292], [""27.09.17.14-07"", 535, 43, 329], [""22640.KCA1"", 623, 79, 160], [""X3"", 594, 24, 310], [""까지"", 594, 29, 420]]"
000284,2026,08,20,2026-08-20,s1,"합살미니도나스 만드는 방법 YYY | auH | 1.계한물 만들기 2.반축하기 3.뒤가기 | -①의 반죽그릇에 반죽미스 -프라이팬에높이 약2cm~3cm | 식용02AM/42 2400(2봉지을 넣고 주격0로 정도의 기룹을 부01 1O정도 까지 | 넣고 잘 저어 고루 섞어 주세요 섞어춘 후 손으로 2~3분정도 가열한 후 반축을 넣고 4~5분정도 | 반죽해 주세요 고르게 튀겨주세요 | 반죽을메추리알 크기정도 ※ 도나스를 튀기면 2에 정도 부푸니,둥글린 반죽은 | 0109.지를20정도)4 폐어 프라이의 절반안 넣고 거주세요 | 동그란 구슬 모양으로 퉁글려 주세요 ※도나스가 식으면 토핑믹스와 잘어 드세요 | 합살치볼 요 합살찰방 만드는 방법 | 공통 | 방 | 합살치즈볼 만들기(프라이팬 조리) 찹살찰빵 만들기에어프라이어 조 | 반죽을 때0(약 4O9.지를 5Cm정도)동그랗게 둥굴러 주서 | 넣고 구멍이 생기지 않도록 동그렇게 둥글려 주세요 -에어프라이어에서180C에서 15분 구위주세요 | 후 반죽을 넣고 4~5분정도 고르게 튀겨주세요 ※기호에 따라 검은께또는 참께를넣으시면 맛있는 합 | 기호에 따라 다양한 치즈를 넣어 조리하실 수 있습니다. | FSC C155910 소비기한: | 2026.08.20.A | 까지 | 801045 380513","[[""합살미니도나스 만드는 방법"", 50, 31, 146], [""YYY"", 50, 44, 437], [""auH"", 94, 21, 39], [""1.계한물 만들기"", 234, 29, 23], [""2.반축하기"", 232, 27, 247], [""3.뒤가기"", 228, 27, 455], [""-①의 반죽그릇에 반죽미스"", 254, 25, 214], [""-프라이팬에높이 약2cm~3cm"", 253, 24, 402], [""식용02AM/42"", 272, 26, 22], [""2400(2봉지을 넣고 주격0로"", 270, 27, 227], [""정도의 기룹을 부01 1O정도 까지"", 268, 23, 414], [""넣고 잘 저어 고루 섞어 주세요"", 288, 24, 22], [""섞어춘 후 손으로"", 284, 22, 229], [""2~3분정도"", 285, 20, 292], [""가열한 후 반축을 넣고 4~5분정도"", 283, 28, 413], [""반죽해 주세요"", 300, 21, 229], [""고르게 튀겨주세요"", 300, 21, 416], [""반죽을메추리알 크기정도"", 317, 22, 227], [""※ 도나스를 튀기면 2에 정도 부푸니,둥글린 반죽은"", 318, 23, 404], [""0109.지를20정도)4 폐어"", 333, 26, 229], [""프라이의 절반안 넣고 거주세요"", 334, 26, 412], [""동그란 구슬 모양으로 퉁글려 주세요"", 348, 25, 228], [""※도나스가 식으면 토핑믹스와 잘어 드세요"", 349, 24, 403], [""합살치볼 요 합살찰방 만드는 방법"", 388, 33, 147], [""공통"", 422, 27, 83], [""방"", 438, 29, 65], [""합살치즈볼 만들기(프라이팬 조리)"", 477, 32, 70], [""찹살찰빵 만들기에어프라이어 조"", 472, 33, 393], [""반죽을 때0(약 4O9.지를 5Cm정도)동그랗게 둥굴러 주서"", 512, 29, 324], [""넣고 구멍이 생기지 않도록 동그렇게 둥글려 주세요"", 533, 26, 0], [""-에어프라이어에서180C에서 15분 구위주세요"", 535, 32, 322], [""※기호에 따라 검은께또는 참께를넣으시면 맛있는 합"", 558, 29, 316], [""후 반죽을 넣고 4~5분정도 고르게 튀겨주세요"", 571, 31, 0], [""기호에 따라 다양한 치즈를 넣어 조리하실 수 있습니다."", 595, 29, 0], [""FSC C155910"", 694, 22, 83], [""소비기한:"", 694, 35, 227], [""2026.08.20.A"", 728, 44, 261], [""까지"", 780, 33, 576], [""801045 380513"", 807, 27, 9]]"
000285,2027,07,02,2027-07-02,s1,"식품유형 천연향신료(건조제품) | 원재료명/1100%베트) | 브레드가든 성남공장/경기도 성남시종 | 제조원 연구사/기로528106.B107.810 | 용가-유리,뚜강-상감몰리프로 | 포장재질하컴:아크릴로니트릴-부티디엔-스티 | (ABS),마개-폴리스티렌페이페(PS) | 소비기한  제품별도표기일까지(년,월.일) | 육보2번호200902751/8349 | 2027.07.02 | 까지","[[""식품유형 천연향신료(건조제품)"", 368, 42, 276], [""원재료명/1100%베트)"", 394, 41, 275], [""브레드가든 성남공장/경기도 성남시종"", 414, 37, 317], [""제조원"", 433, 22, 280], [""연구사/기로528106.B107.810"", 435, 32, 314], [""용가-유리,뚜강-상감몰리프로"", 460, 35, 318], [""포장재질하컴:아크릴로니트릴-부티디엔-스티"", 482, 42, 275], [""(ABS),마개-폴리스티렌페이페(PS)"", 502, 29, 322], [""소비기한  제품별도표기일까지(년,월.일)"", 530, 30, 276], [""육보2번호200902751/8349"", 556, 30, 275], [""2027.07.02"", 630, 39, 274], [""까지"", 654, 41, 452]]"
000286,2027,03,11,2027-03-11,s1,"구주변),직사 | 색상이 지어 유""를 사용한 제품과 같은 제주 | 의니건조하고 | 고,개봉 후에 | 니다. | 하지 않을 경우 | 허짐,군음,가정 총 내용량96g | 날카로우므로 있으니 밀폐보관 영양정보 220 kCAl | 하십시오. 나트 18620 M931%타수화물 29 99% | 기소비기한 당류9g % 지방 69 11 % | 품 후면표기일까지 트랜스지 0590만포방 2.69.17% | 콜레스테롤 5 M9 0만2%단 13924% | 4),조미야채양념분말 1 영양성분 기준치에대한 비율.(%)은200O .CA1 | ,정제소금,건마늘가 기준이으로 개인의 필요열량에 따라 다를 수 있습니다. | 산나트륨(향미증진 | 향미증진제),설탕,포 | [두류가공품(탈지 | 식물성단백농축액, | 농축액(호주산),정 소비기한: | 1기엑기스(쇠고기: DB4 | 기스(호주산),아미 | 감칠맛분말한우다 2027.03.11.112B | 출물분말,효모추출 까지 | 이스분말,후츠가루 조미식품2,향미유 HACCP P04N | 가늘양파혼합분,항","[[""구주변),직사"", 17, 36, 0], [""색상이 지어"", 38, 54, 0], [""유\""를 사용한 제품과 같은 제주"", 24, 51, 200], [""의니건조하고"", 62, 51, 0], [""고,개봉 후에"", 84, 53, 0], [""니다."", 111, 48, 0], [""총 내용량96g"", 134, 41, 436], [""하지 않을 경우"", 135, 55, 0], [""220 kCAl"", 164, 44, 461], [""허짐,군음,가정"", 159, 62, 0], [""영양정보"", 176, 53, 199], [""있으니 밀폐보관"", 182, 55, 0], [""날카로우므로"", 207, 58, 0], [""나트 18620 M931%타수화물 29 99%"", 207, 76, 191], [""하십시오."", 238, 48, 0], [""%"", 246, 24, 290], [""지방 69 11 %"", 235, 44, 336], [""당류9g"", 252, 35, 200], [""기소비기한"", 265, 48, 0], [""0590만포방 2.69.17%"", 267, 59, 278], [""트랜스지"", 280, 35, 200], [""품"", 301, 22, 2], [""후면표기일까지"", 288, 49, 17], [""5 M9 0만2%단 13924%"", 298, 56, 286], [""콜레스테롤"", 311, 33, 204], [""1 영양성분 기준치에대한 비율.(%)은200O .CA1"", 332, 55, 203], [""4),조미야채양념분말"", 350, 55, 0], [""기준이으로 개인의 필요열량에 따라 다를 수 있습니다."", 356, 49, 202], ["",정제소금,건마늘가"", 376, 48, 0], [""산나트륨(향미증진"", 402, 44, 0], [""향미증진제),설탕,포"", 428, 43, 0], [""[두류가공품(탈지"", 454, 41, 0], [""식물성단백농축액,"", 480, 39, 0], [""농축액(호주산),정"", 506, 35, 0], [""소비기한:"", 508, 39, 195], [""DB4"", 501, 30, 506], [""1기엑기스(쇠고기:"", 532, 29, 0], [""기스(호주산),아미"", 560, 29, 1], [""2027.03.11.112B"", 573, 38, 288], [""감칠맛분말한우다"", 587, 32, 1], [""까지"", 592, 39, 539], [""출물분말,효모추출"", 614, 41, 0], [""P04N"", 626, 29, 539], [""이스분말,후츠가루"", 643, 38, 0], [""HACCP"", 642, 29, 204], [""조미식품2,향미유"", 668, 35, 0], [""가늘양파혼합분,항"", 691, 50, 0]]"
000287,2027,02,18,2027-02-18,det5,"조리예 | 00000 00006 | 해물고유의 풍미와진한감침을내는요리에 물300~/350M1컵반 ~2컵)를 끓여줍니다 1개를 넣고3분간 풀어줍니다. 끝는물에굴물내기한할 | 추천합니다-진치국수,된장지개계란점등 물어진 국물에 | 소비기한 후면 별도표기일까지 영양정보 내00 | 총 내용량당 295 KCA1 | 내포장재질 기준치에 대한 1일영양성분 | (명치산수참치간장말포로랑 8.290 Mg 415 % 비율 | 설탕 멀치추출분말(멀치국산데스트, 합야채에기 탄수화물 54g 17% | 원재료명 스북말(혼한야채에기스(양파 국산) 말토데스트알 정제 당류13 g 13% | 소금(국산),훈연멸치분말(멸치:국산),디포리분말(디포리 지방1.6g 39 | :국산) 대두,밀,쇠고기함유 트랜스지방0g | 제조원/(주)선제충남천안시서북구 성환읍율금1길94-51 포화지방0.8g 5 | 유통전문만매원 대상/(주)서울특별시종로구창경궁로120.6층 콜레스테롤95mg 32 | 직사광선을 피해 건조하고 서늘한 곳에 밀폐 본관하여 단백질16g 29 | 보관방법 주십시오.유통,보관 중 깨지거나 딱딱해질 수 있으나 1일영양성분기준치에대한바을/%)은 200 | 품질에는 이상이 없으니 안심하고 드셔도 됩니다. 기준이므로 개인의 필요 열량에 따라 다를 수 | ·돼지고기,닭고기, 알류메밀,땅콩, 우유, 고등어, 게새우, 복승아, 토마토,호두잣,오징어 | 조개류(굴, 전복,홍합 포함),아황산류 성분 혼입 가능 | 본제품은 소비자기본법에 의거 교환 또는 보상.부정.불량식품 신고는 국번없이 1399 | 4주의·포장지가날카로우니 개봉 및 사용시주의하세요. 조리 시끊는물에 주의하세요 | ·진량의침전물은원물가루이기때문에안심하고조리하셔도됩니다 | ·일부한알의 색상이다를 수 있으나.품질에는 이상이 없습니다 | ·간혹빈 통지가 나오는 경우가있으나,제품 충량에는 차이가없습니다 | 이 | HACCP 소비자중심 cc 27.02.18.111 080-019- | DAESANG www.daesang. | 분리수거를생활화","[[""조리예"", 11, 22, 197], [""00000"", 101, 22, 384], [""00006"", 100, 19, 545], [""물300~/350M1컵반"", 120, 28, 349], [""끝는물에굴물내기한할"", 120, 41, 511], [""~2컵)를 끓여줍니다"", 138, 27, 353], [""1개를 넣고3분간 풀어줍니다."", 139, 46, 498], [""해물고유의 풍미와진한감침을내는요리에"", 136, 68, 14], [""물어진 국물에"", 147, 43, 658], [""추천합니다-진치국수,된장지개계란점등"", 157, 68, 14], [""소비기한 후면 별도표기일까지"", 178, 35, 205], [""영양정보"", 185, 44, 516], [""내00"", 197, 39, 640], [""295 KCA1"", 218, 41, 652], [""총 내용량당"", 230, 33, 523], [""1일영양성분"", 240, 35, 654], [""내포장재질"", 250, 38, 7], [""기준치에 대한"", 252, 31, 624], [""8.290 Mg"", 267, 38, 575], [""(명치산수참치간장말포로랑"", 271, 58, 109], [""415 %"", 276, 36, 666], [""비율"", 260, 20, 694], [""탄수화물"", 286, 37, 525], [""멀치추출분말(멀치국산데스트, 합야채에기"", 294, 58, 87], [""54g"", 290, 31, 593], [""당류13 g"", 312, 39, 539], [""17%"", 301, 30, 681], [""스북말(혼한야채에기스(양파 국산) 말토데스트알 정제"", 316, 59, 50], [""설탕"", 306, 29, 58], [""원재료명"", 327, 35, 0], [""13%"", 324, 33, 682], [""지방1.6g"", 336, 37, 525], [""소금(국산),훈연멸치분말(멸치:국산),디포리분말(디포리"", 339, 55, 50], [""트랜스지방0g"", 364, 39, 544], [""39"", 349, 28, 692], [""대두,밀,쇠고기함유"", 358, 32, 312], ["":국산)"", 372, 33, 52], [""포화지방0.8g"", 390, 37, 545], [""제조원/(주)선제충남천안시서북구 성환읍율금1길94-51"", 392, 57, 0], [""5"", 396, 23, 700], [""콜레스테롤95mg"", 416, 37, 530], [""유통전문만매원 대상/(주)서울특별시종로구창경궁로120.6층"", 420, 63, 0], [""32"", 421, 24, 694], [""직사광선을 피해 건조하고 서늘한 곳에 밀폐 본관하여"", 444, 45, 53], [""단백질16g"", 442, 33, 529], [""29"", 447, 26, 698], [""보관방법 주십시오.유통,보관 중 깨지거나 딱딱해질 수 있으나"", 466, 44, 4], [""1일영양성분기준치에대한바을/%)은 200"", 470, 27, 531], [""품질에는 이상이 없으니 안심하고 드셔도 됩니다."", 490, 41, 53], [""기준이므로 개인의 필요 열량에 따라 다를 수"", 486, 31, 529], [""·돼지고기,닭고기, 알류메밀,땅콩, 우유, 고등어, 게새우, 복승아, 토마토,호두잣,오징어"", 516, 41, 3], [""조개류(굴, 전복,홍합 포함),아황산류 성분 혼입 가능"", 544, 34, 6], [""본제품은 소비자기본법에 의거 교환 또는 보상.부정.불량식품 신고는 국번없이 1399"", 570, 35, 0], [""4주의·포장지가날카로우니 개봉 및 사용시주의하세요. 조리 시끊는물에 주의하세요"", 596, 33, 0], [""·진량의침전물은원물가루이기때문에안심하고조리하셔도됩니다"", 621, 34, 45], [""·일부한알의 색상이다를 수 있으나.품질에는 이상이 없습니다"", 646, 43, 43], [""·간혹빈 통지가 나오는 경우가있으나,제품 충량에는 차이가없습니다"", 672, 50, 42], [""이"", 695, 30, 672], [""HACCP"", 719, 24, 8], [""소비자중심"", 732, 25, 50], [""cc"", 718, 15, 70], [""27.02.18.111"", 728, 35, 232], [""080-019-"", 730, 40, 628], [""DAESANG"", 765, 30, 107], [""www.daesang."", 762, 26, 629], [""분리수거를생활화"", 786, 34, 629]]"
000288,2028,07,25,2028-07-25,s1,2028.07.25 | LE 만,"[[""2028.07.25"", 462, 37, 234], [""LE 만"", 487, 40, 227]]"
000289,2030,07,23,2030-07-23,erode5,2030.07.23까12 | 14.04 372051,"[[""2030.07.23까12"", 491, 58, 181], [""14.04 372051"", 524, 61, 184]]"
000290,2027,03,02,2027-03-02,s1,"201UN요금1담1 ·소비자기본법에 따라 피해보상·부정·불량 프로필렌 네시아산),양파분(미국산)] | 를펼쳐서 지거 | 후것용하십오 토마토함유 | 계한 맜있는 기장 이어온 부터 19/1년 | 02 | 2027.03.021 | A | 까지","[[""프로필렌"", 34, 59, 336], [""네시아산),양파분(미국산)]"", 98, 194, 358], [""·소비자기본법에 따라 피해보상·부정·불량"", 212, 359, 301], [""201UN요금1담1"", 132, 156, 253], [""를펼쳐서 지거"", 222, 95, 270], [""후것용하십오"", 329, 136, 259], [""토마토함유"", 328, 114, 354], [""계한"", 451, 66, 243], [""맜있는"", 454, 72, 316], [""이어온"", 455, 72, 370], [""기장"", 456, 53, 346], [""부터"", 458, 57, 400], [""19/1년"", 458, 73, 421], [""02"", 534, 30, 421], [""2027.03.021"", 585, 68, 265], [""A"", 646, 38, 417], [""까지"", 692, 34, 426]]"
000291,2027,07,21,2027-07-21,s1,"제품명 해표해마라기유 | 식품유형해바라기유 | 소비기한 상단 또는중앙 별도표시일까지 | 보관방법 | (내면) 포장재질 뚜껑-폴리에틸렌 | 업소명및(주)사조대림 | 품목보고번호 1995020805639 | 상이 다를 수 있으나 원료의 수환시기,산지에 따라 | 발생 가능한 차이이며 품질에는 이상이 없습니다. | -개봉 후에는 뚜껑을꼭닫아 서늘하고 어두운곳 | 에 보관하시고 가급적 빨리 드시기 바랍니다. | -이제품은 대두를 사용한 제품과 같은 제조시설 | 에서 제조하고 있습니다.-부정·불량식품신고는 | 국번0이 1399 | 2027.07.21 | -본제품은 소비자 분쟁 해결기준에 의거 교환 또 | 는 보상받을수있습니다.-반품및 교환:구입처 및 | 소비자담실(080-900-6133)-dr.sa10.c0.kr | -깨끗한 우리자연 깨끗한 우리마음 | 영양정보 (19=1.09 L)100 9당900 kCA 총내용량 900 ML | 나트륨mg 0% 지방 1009 185% | 탄수화물0g 0% 트랜스지방0g | 당류0g 0% 포화지방 119 73% | 콜레스테롤mg 0%단백질09.0%","[[""제품명 해표해마라기유"", 10, 22, 207], [""식품유형해바라기유"", 52, 43, 164], [""상단 또는중앙 별도표시일까지"", 94, 39, 226], [""소비기한"", 100, 32, 165], [""보관방법"", 124, 33, 164], [""포장재질"", 146, 33, 165], [""뚜껑-폴리에틸렌"", 156, 34, 228], [""(내면)"", 164, 33, 171], [""업소명및(주)사조대림"", 182, 44, 161], [""1995020805639"", 244, 28, 297], [""품목보고번호"", 250, 34, 162], [""상이 다를 수 있으나 원료의 수환시기,산지에 따라"", 415, 40, 159], [""발생 가능한 차이이며 품질에는 이상이 없습니다."", 436, 40, 158], [""-개봉 후에는 뚜껑을꼭닫아 서늘하고 어두운곳"", 456, 40, 161], [""에 보관하시고 가급적 빨리 드시기 바랍니다."", 478, 41, 157], [""-이제품은 대두를 사용한 제품과 같은 제조시설"", 498, 39, 162], [""에서 제조하고 있습니다.-부정·불량식품신고는"", 520, 39, 158], [""국번0이 1399"", 547, 31, 160], [""2027.07.21"", 590, 47, 254], [""-본제품은 소비자 분쟁 해결기준에 의거 교환 또"", 640, 45, 165], [""는 보상받을수있습니다.-반품및 교환:구입처 및"", 664, 48, 153], [""소비자담실(080-900-6133)-dr.sa10.c0.kr"", 688, 46, 154], [""-깨끗한 우리자연 깨끗한 우리마음"", 714, 37, 155], [""영양정보"", 767, 56, 154], [""총내용량 900 ML"", 743, 40, 372], [""(19=1.09 L)100 9당900 kCA"", 771, 49, 268], [""나트륨mg"", 809, 34, 156], [""0%"", 810, 23, 268], [""지방 1009 185%"", 799, 47, 342], [""탄수화물0g 0%"", 838, 39, 155], [""트랜스지방0g"", 829, 38, 345], [""당류0g 0%"", 868, 37, 157], [""포화지방 119 73%"", 856, 49, 345], [""콜레스테롤mg"", 896, 33, 159], [""0%단백질09.0%"", 888, 51, 304]]"
000292,2026,02,13,2026-02-13,s1,13/02/2026 | 13925 D 0123,"[[""13/02/2026"", 430, 37, 282], [""13925 D 0123"", 470, 41, 273]]"
000293,2025,10,24,2025-10-24,s1,물한방울 넣지 않고 | REGTCLEN | 2재 100% 설탕 무첨가 2얼주식 BOTTE |   25.10.24까지 | 뚜껑HDPE (06:37) | 라벨:PP | 니다·용가 재활용 우수 영양정보 총내용량 7m | 통번에 10 M2.당 40/C2 | 과 같은 보로드시기버랍 2E 1 M919/0903/0 | P·본제품은 공정 8808 08 0908 1801 | 이수습다. | MELC O mg 0% 2습61 M96/1202,"[[""물한방울 넣지 않고"", 340, 63, 193], [""REGTCLEN"", 349, 20, 453], [""BOTTE"", 363, 22, 460], [""2재 100% 설탕 무첨가 2얼주식"", 382, 88, 131], [""25.10.24까지"", 478, 42, 289], ["" "", 492, 47, 60], [""(06:37)"", 505, 26, 292], [""뚜껑HDPE"", 528, 30, 138], [""라벨:PP"", 550, 28, 141], [""총내용량 7m"", 546, 40, 471], [""니다·용가"", 572, 35, 59], [""재활용 우수"", 568, 31, 137], [""영양정보"", 586, 70, 218], [""10 M2.당 40/C2"", 578, 61, 440], [""통번에"", 600, 31, 59], [""보로드시기버랍"", 626, 31, 59], [""2E 1 M919/0903/0"", 627, 91, 219], [""과 같은"", 655, 34, 55], [""P·본제품은 공정"", 682, 35, 55], [""8808 08 0908 1801"", 668, 93, 222], [""이수습다."", 711, 38, 55], [""MELC O mg 0%"", 760, 42, 240], [""2습61 M96/1202"", 737, 88, 369]]"
000294,2026,09,08,2026-09-08,s1,"제조일자: 2025.09.09 WF4 | 소비기한 2026.09.08.08.54 까지 | 총내8량500g/1009당210 CAl | 대두(외국산)소먹분(밀:미국산,호주산)정세소금,밀동물명별호국을소분 0E12 510 M9.126% 물3/7911%당239 23% | 국신호주산,정세소금(국선)밀필과,하인설당,고추영중국선,주정,청수대신, | 정세소금참기를[두.밀함·포장재질(민:응기무명-로들사 2A A 0 M9g 0% 단질8 915% | 에틸레유산지-실리콘고무·반품 및 교환차·전국 판매정및대리정·보관항합직사공신을 120성분기준지0한울/(2.0 C2/0 | 피해 실온보관 개봉 후 냉장보관 권장·생물재료가참가되어오래둘수록 색이진 개인의 필요 열량에 따라 다를 수 있습니다. | 2격0복0808501200/165471(문/901 | 보이는 입지는 원료 대두,밀쌀)의 일부분이므로 안심하고 드셔도 | 됩U.부정0식풍 2국0 139본제은소H | 분쟁해결기준에의거교환또는 보상가능·게조개류쇠고기오 | 징우입능·조원일(정남도공주시 8801007/052854 | 계릉연0구대사92191045847-13 뚜영:PP","[[""WF4"", 436, 28, 579], [""제조일자:"", 452, 40, 73], [""2025.09.09"", 450, 30, 210], [""까지"", 471, 38, 581], [""소비기한"", 486, 35, 75], [""2026.09.08.08.54"", 480, 29, 210], [""총내8량500g/1009당210 CAl"", 518, 35, 478], [""대두(외국산)소먹분(밀:미국산,호주산)정세소금,밀동물명별호국을소분"", 540, 35, 79], [""0E12 510 M9.126% 물3/7911%당239 23%"", 545, 38, 385], [""국신호주산,정세소금(국선)밀필과,하인설당,고추영중국선,주정,청수대신,"", 561, 36, 79], [""정세소금참기를[두.밀함·포장재질(민:응기무명-로들사"", 602, 35, 80], [""2A A 0 M9g 0% 단질8 915%"", 594, 32, 389], [""에틸레유산지-실리콘고무·반품 및 교환차·전국 판매정및대리정·보관항합직사공신을"", 624, 31, 84], [""120성분기준지0한울/(2.0 C2/0"", 616, 43, 391], [""피해 실온보관 개봉 후 냉장보관 권장·생물재료가참가되어오래둘수록 색이진"", 644, 30, 88], [""개인의 필요 열량에 따라 다를 수 있습니다."", 638, 36, 395], [""2격0복0808501200/165471(문/901"", 660, 41, 389], [""보이는 입지는 원료 대두,밀쌀)의 일부분이므로 안심하고 드셔도"", 687, 28, 90], [""됩U.부정0식풍 2국0 139본제은소H"", 708, 29, 92], [""분쟁해결기준에의거교환또는 보상가능·게조개류쇠고기오"", 729, 30, 95], [""징우입능·조원일(정남도공주시"", 751, 35, 94], [""계릉연0구대사92191045847-13"", 772, 31, 100], [""8801007/052854"", 754, 46, 404], [""뚜영:PP"", 774, 23, 335]]"
000295,2025,11,08,2025-11-08,s1,"2025.11.08.A2 | 콤치즈맛 유요한 | 즈맛 시즈닝79 | 관 푸디버디가 입맛의 | 산대로 78길 332 가치를 올려요. | 난매원 | 푸디버디 | (밀:미국산), 팝콘치킨 달콩치즈맛 | (팔올레인유 이렇게 만들어서 더 맛있어요! | 1분,백후추 | 인산나트륨), 1.고소한 치즈로 진하게 맛을 낸 | 말레이시아. 진짜 치즈 시즈닝! | 기타가공품1 말 물엿 국내산 닭가슴살을 바삭하게 | 튀긴 팝콘 치킨 | 1봉을 넣고 Shack t!","[[""2025.11.08.A2"", 308, 46, 295], [""콤치즈맛"", 350, 52, 0], [""유요한"", 350, 40, 443], [""즈맛 시즈닝79"", 472, 37, 0], [""푸디버디가 입맛의"", 482, 49, 323], [""관"", 502, 27, 1], [""가치를 올려요."", 520, 38, 325], [""산대로 78길 332"", 534, 35, 0], [""난매원"", 602, 35, 0], [""푸디버디"", 630, 37, 183], [""(밀:미국산),"", 670, 42, 0], [""팝콘치킨 달콩치즈맛"", 665, 52, 183], [""(팔올레인유"", 704, 46, 0], [""이렇게 만들어서 더 맛있어요!"", 702, 46, 183], [""1분,백후추"", 736, 49, 0], [""인산나트륨),"", 771, 48, 0], [""1.고소한 치즈로 진하게 맛을 낸"", 764, 57, 190], [""진짜 치즈 시즈닝!"", 807, 52, 228], [""말레이시아."", 834, 37, 2], [""기타가공품1"", 863, 32, 0], [""국내산 닭가슴살을 바삭하게"", 867, 73, 223], [""말 물엿"", 886, 22, 37], [""튀긴 팝콘 치킨"", 909, 38, 228], [""1봉을 넣고"", 946, 33, 430], [""Shack t!"", 942, 35, 569]]"
000296,2026,07,28,2026-07-28,s1,2026.07.28 | 달구별명가식품 | 달구별 | TH | 막창,"[[""2026.07.28"", 105, 62, 209], [""달구별명가식품"", 255, 74, 10], [""달구별"", 383, 159, 0], [""TH"", 565, 180, 0], [""막창"", 793, 360, 0]]"
000297,2026,04,08,2026-04-08,s1,2026.04.08 | 산물 안전관리인증 | 상책임 HACCP | 보험가입 | 법심겁데,"[[""2026.04.08"", 110, 65, 324], [""산물"", 176, 31, 0], [""안전관리인증"", 168, 31, 96], [""상책임"", 202, 39, 0], [""HACCP"", 198, 36, 102], [""보험가입"", 230, 31, 0], [""법심겁데"", 721, 404, 40]]"
000298,2026,09,11,2026-09-11,s1,"사골곰탕 | Beef Bone Soup | 한니과 함께 소기한 | 의 일상을 2026.09.11 | Ⅱ,더슬겁게! 06/43 F1 F | VAB | 엄선한 한우 사골을 우려내 깊고전만 | 남도 논산시 연무읍 | I당(취)진천BLOSS 2 8시간 정성스럽게 고이낸 담백한 | 진천군 진천읍 씨제 연출 다양한 요리의밑국클로 활용 | 이미지 | 포장재질(내면) 비비고 한우사골곰탕 조리방법 | 폴리프로필렌 Pot 냄비조리 | 사골추출물(한우사 -개봉하여 냄비에 붓고 중불로3~4분 조리 | 산)],한우사골추출 | ㅔ소금(국산),한우 | 증진제,마늘농축액, Microwave 전자레인지 | 고기,대두 함유 | 반품 및 교환처 | 구입처 및 대리점 Double steaming 중탕조리 | 끝는물에 봉지째 넣고3~4분 조리 water and cook for3 | 습니다)","[[""사골곰탕"", 152, 114, 8], [""Beef Bone Soup"", 199, 76, 5], [""한니과 함께"", 306, 53, 3], [""소기한"", 288, 34, 226], [""의 일상을"", 333, 44, 0], [""2026.09.11"", 316, 61, 330], [""Ⅱ,더슬겁게!"", 366, 48, 0], [""06/43 F1 F"", 368, 63, 335], [""VAB"", 472, 31, 229], [""엄선한 한우 사골을 우려내 깊고전만"", 494, 40, 424], [""남도 논산시 연무읍"", 544, 33, 1], [""2"", 552, 22, 404], [""8시간 정성스럽게 고이낸 담백한"", 542, 39, 426], [""I당(취)진천BLOSS"", 572, 26, 2], [""연출"", 584, 31, 194], [""진천군 진천읍 씨제"", 600, 30, 2], [""다양한 요리의밑국클로 활용"", 586, 37, 429], [""이미지"", 610, 31, 192], [""비비고 한우사골곰탕 조리방법"", 636, 49, 203], [""포장재질(내면)"", 658, 34, 33], [""폴리프로필렌"", 690, 35, 36], [""Pot 냄비조리"", 679, 34, 202], [""-개봉하여 냄비에 붓고 중불로3~4분 조리"", 702, 38, 205], [""사골추출물(한우사"", 725, 36, 1], [""산)],한우사골추출"", 756, 39, 0], [""ㅔ소금(국산),한우"", 788, 36, 0], [""Microwave 전자레인지"", 800, 36, 201], [""증진제,마늘농축액,"", 820, 41, 0], [""고기,대두 함유"", 858, 42, 0], [""반품 및 교환처"", 896, 37, 23], [""Double steaming 중탕조리"", 909, 52, 197], [""구입처 및 대리점"", 934, 30, 14], [""끝는물에 봉지째 넣고3~4분 조리"", 932, 57, 207], [""water and cook for3"", 929, 64, 424], [""습니다)"", 945, 29, 503]]"
000299,2026,05,13,2026-05-13,s1,GCA3 | 2026.05.13.까지 | 영양정보 총내용량 340g(170 9 X2개) | 1개(170g)당636 kCal | 소비기한/ | 보관방법 가정에서는 냉장고 냉동실 보관) | 제조원:농업회사법인 지엔티(주)/ | 업소명 경기도 안성시미양면 제4산단로99-9.가동 | 및소재지,"[[""GCA3"", 192, 28, 456], [""2026.05.13.까지"", 294, 37, 266], [""영양정보"", 436, 48, 88], [""총내용량 340g(170 9 X2개)"", 420, 32, 321], [""1개(170g)당636 kCal"", 446, 33, 345], [""소비기한/"", 624, 30, 73], [""보관방법"", 650, 27, 73], [""가정에서는 냉장고 냉동실 보관)"", 650, 29, 165], [""제조원:농업회사법인 지엔티(주)/"", 676, 25, 169], [""업소명"", 704, 33, 80], [""경기도 안성시미양면 제4산단로99-9.가동"", 700, 32, 167], [""및소재지"", 730, 34, 69]]"
000300,2026,05,21,2026-05-21,s1,1개당 1일영양성분기준치에대한비율 | 보 나트륨28amg 14% 지방10g 19 % | 3609 탄수화물159 5% 트랜스지방0g | 당류29 2% 포화지방1.9g 13% | 당 콜레스테를40 M9 13% 단백질 129 22% | cal | BD-L | 소비기한 | 2026.05.21 | 까지,"[[""1개당"", 279, 22, 45], [""보"", 298, 37, 0], [""1일영양성분기준치에대한비율"", 288, 30, 367], [""나트륨28amg"", 306, 40, 51], [""14%"", 310, 31, 244], [""지방10g"", 312, 40, 290], [""19 %"", 320, 38, 491], [""3609"", 330, 29, 0], [""탄수화물159"", 338, 34, 56], [""5%"", 341, 26, 256], [""트랜스지방0g"", 345, 42, 325], [""당류29"", 370, 39, 73], [""2%"", 370, 30, 256], [""포화지방1.9g"", 374, 42, 325], [""13%"", 382, 38, 443], [""콜레스테를40 M9 13% 단백질 129"", 402, 41, 59], [""당"", 403, 22, 1], [""22%"", 414, 37, 481], [""cal"", 428, 25, 0], [""BD-L"", 477, 36, 485], [""소비기한"", 529, 34, 203], [""2026.05.21"", 582, 40, 240], [""까지"", 630, 29, 474]]"
000301,2027,04,09,2027-04-09,s1,157kCAl | OTHER | 소비기한 | 2027.04.09 | 까지,"[[""OTHER"", 494, 27, 529], [""157kCAl"", 514, 32, 23], [""소비기한"", 568, 29, 23], [""2027.04.09"", 580, 53, 186], [""까지"", 642, 26, 666]]"
000302,2026,03,15,2026-03-15,s1,2026.03.15.까저 | SSA3 | UrIspy | 고메,"[[""2026.03.15.까저"", 368, 40, 165], [""SSA3"", 439, 42, 512], [""UrIspy"", 552, 80, 436], [""고메"", 756, 92, 169]]"
000303,2026,07,31,2026-07-31,s1,"풀어주세요 과물450 M를 부드러운 양지고기 | 더 끓여주면 맛있는 남해안산 미역 | 간이달라질수있으니 | 소(고기,조개류(굴,바지락)함유 | 가지 | 냉동보관 반품 및 교환장소 고객상 남실 및 구입 | -84 | 1001 | kcal. 비닐류 | 영양성분 고는 국번없0 1399 O DAESANG OTHER | 한비율 | 72 % 소비기한: | 2% | 1% 26.07.31 | 13 % 90S215 까지 | 12 % o고객상담실 | 3% 080-019-9119(수신자요금부담) | 9% 8801052/130583 18C이하 | 냉동보관 소비자중심","[[""과물450 M를"", 12, 24, 0], [""양지고기"", 17, 27, 437], [""풀어주세요"", 26, 25, 0], [""부드러운"", 27, 28, 195], [""남해안산 미역"", 48, 33, 195], [""더 끓여주면 맛있는"", 44, 41, 0], [""간이달라질수있으니"", 80, 39, 0], [""소(고기,조개류(굴,바지락)함유"", 318, 28, 10], [""가지"", 346, 30, 0], [""남실 및 구입"", 362, 39, 440], [""냉동보관"", 377, 32, 2], [""반품 및 교환장소 고객상"", 372, 38, 212], [""-84"", 392, 25, 445], [""1001"", 516, 31, 0], [""비닐류"", 528, 26, 544], [""kcal."", 544, 29, 4], [""O DAESANG"", 564, 34, 409], [""영양성분"", 574, 29, 0], [""고는 국번없0 1399"", 570, 37, 95], [""OTHER"", 570, 31, 532], [""한비율"", 595, 28, 0], [""72 %"", 620, 28, 2], [""소비기한:"", 623, 34, 101], [""2%"", 648, 29, 12], [""1%"", 678, 26, 17], [""26.07.31"", 682, 54, 284], [""13 %"", 706, 29, 10], [""90S215"", 714, 70, 70], [""까지"", 698, 31, 559], [""o고객상담실"", 748, 39, 425], [""12 %"", 762, 25, 17], [""3%"", 789, 26, 25], [""080-019-9119(수신자요금부담)"", 776, 43, 366], [""9%"", 813, 24, 29], [""8801052/130583"", 819, 28, 109], [""18C이하"", 818, 27, 420], [""소비자중심"", 827, 22, 495], [""냉동보관"", 840, 25, 417]]"
000304,2026,06,01,2026-06-01,s1,EH3 | 2026.06.01 까지 | 20.44 | 상 계란옷 고소하고부드러운 큼직하게 | 풍부한 | 1001프20011170C01서1 다채로 | 2.해동시키지 않은 냉동수 | 고아래기준에 맞게,"[[""EH3"", 360, 39, 429], [""2026.06.01"", 422, 41, 208], [""까지"", 414, 33, 441], [""20.44"", 469, 40, 211], [""고소하고부드러운"", 777, 29, 80], [""계란옷"", 791, 25, 85], [""큼직하게"", 784, 21, 265], [""상"", 802, 22, 0], [""풍부한"", 814, 41, 485], [""다채로"", 838, 38, 486], [""1001프20011170C01서1"", 866, 32, 92], [""2.해동시키지 않은 냉동수"", 883, 30, 92], [""고아래기준에 맞게"", 897, 34, 112]]"
000305,2020,10,03,2020-10-03,s1,"소비기한: | 까지 | 여유와 맛까지 생각하는청정원의 가정간편식입니다. | ·엄선한 원재료로 깊고 진한 풍미 ·조리방법 | 양지를가득 직전 기열 시(원팩/2인는 기준) | 냉동상태의 제품을 봉지째로친물에 20분 이상 해동해주세요 | 2mm두께로앞게썰어 -해동한계품을 개봉하여 님비에 고 중물로 가열에주 | 부드러운양지살을가득 | 양지&야채육수사용 | 진할 양지수와갖은아채를 끓는 물사용시(원/2인분기준) | 깊은국물맛 -1B3-15분정도가하 제을대원주세요 | 알록달록고명까지듬 제품을 꺼내실 때화상에 주의하세요 | 푸짐하게 대파,계란지단을듬뿐넣어 | 제품명 나주탕 | 품보2번호/201003/0135373 | 내포장재질 폴리에릴렌","[[""소비기한:"", 312, 36, 30], [""까지"", 406, 27, 642], [""여유와 맛까지 생각하는청정원의 가정간편식입니다."", 518, 58, 123], [""·엄선한 원재료로 깊고 진한 풍미"", 580, 46, 41], [""·조리방법"", 580, 41, 423], [""양지를가득"", 618, 36, 115], [""직전 기열 시(원팩/2인는 기준)"", 624, 36, 415], [""2mm두께로앞게썰어"", 644, 33, 114], [""부드러운양지살을가득"", 664, 35, 116], [""냉동상태의 제품을 봉지째로친물에 20분 이상 해동해주세요"", 643, 44, 418], [""-해동한계품을 개봉하여 님비에 고 중물로 가열에주"", 662, 48, 413], [""양지&야채육수사용"", 696, 38, 120], [""진할 양지수와갖은아채를"", 720, 37, 120], [""깊은국물맛"", 750, 33, 122], [""끓는 물사용시(원/2인분기준)"", 730, 49, 414], [""알록달록고명까지듬"", 778, 42, 124], [""-1B3-15분정도가하 제을대원주세요"", 769, 49, 413], [""대파,계란지단을듬뿐넣어"", 802, 43, 125], [""제품을 꺼내실 때화상에 주의하세요"", 788, 41, 413], [""제품명 나주탕"", 838, 58, 62], [""푸짐하게"", 815, 31, 127], [""품보2번호/201003/0135373"", 922, 57, 362], [""내포장재질 폴리에릴렌"", 941, 39, 368]]"
000306,2026,09,16,2026-09-16,s1,A C 1 | 떡갈비 2026.09.16 까지 | okgalbi 12.41 | Rich and Juicy Meat | 연출 The Livel | 이미지 | 즐기는법 | 비비고남도떡갈비,"[[""A C 1"", 358, 24, 504], [""까지"", 397, 20, 498], [""떡갈비"", 442, 72, 0], [""2026.09.16"", 428, 39, 246], [""12.41"", 468, 41, 240], [""okgalbi"", 490, 33, 0], [""Rich and Juicy Meat"", 625, 64, 332], [""연출"", 825, 39, 228], [""The Livel"", 822, 65, 340], [""이미지"", 857, 39, 211], [""비비고남도떡갈비"", 930, 47, 153], [""즐기는법"", 894, 82, 356]]"
000307,2025,11,14,2025-11-14,s1,소비 25.11.14.까지2 | 기한 09.51 H15 | 풀리는 | 문창,"[[""25.11.14.까지2"", 348, 52, 294], [""소비"", 360, 29, 221], [""기한"", 382, 25, 222], [""09.51"", 388, 36, 293], [""H15"", 380, 55, 413], [""풀리는"", 429, 72, 24], [""문창"", 524, 130, 0]]"
000308,2025,12,04,2025-12-04,s1,"2025.12.04B2 | 05.25 김성대 | '투,육즙부","[[""2025.12.04B2"", 298, 45, 166], [""05.25"", 347, 41, 166], [""김성대"", 342, 43, 315], [""'투,육즙부"", 698, 175, 232]]"
000309,2031,09,17,2031-09-17,det5,"꿀땅콩 식품유형 땅콩 또는 건과휴가공 | 기한 별도 표기일까지 포장재질 폴리에틸렌(내면) 원산지중국산 | (F1) QINGDAO GREENUTS FOODS CO.,LTD | 원 (F2) QINGZHOU QINGYOULIN TRADING CO.,LTD | 세계식품(주) /울산광역시 울주군삼남읍 방기로39 | 원/세계식품주식회사/부산광역시/영도7해양로195번길10 | 땅콩,밀가루,설탕, 아카시아꿀, 옥수수유,덱스트린,소금 | 땅콩 일 | 설에서제조하고있습니다. www.murgerbon.com www.instagram.com/mur | 총내용량 3009 | 영양정보 100 05 520 kCA/ | 2E180 M9%탄수화물 51916%당류 209 20% 8 801133 | 지방289.52% 트랜스지방0g 포화지방 5933% 06.806 | 클스테롤Omg 0 % 단백질 17 9 31% | 1880성분/준0바율(8)은 2.00OkCa/기준이므로개인의 필요 열량에따라 다를 수 있습니다. OTHER | …","[[""꿀땅콩"", 51, 19, 123], [""식품유형 땅콩 또는 건과휴가공"", 49, 24, 264], [""원산지중국산"", 70, 53, 533], [""별도 표기일까지"", 64, 23, 127], [""포장재질 폴리에틸렌(내면)"", 64, 20, 264], [""기한"", 68, 24, 91], [""(F1) QINGDAO GREENUTS FOODS CO.,LTD"", 82, 22, 124], [""원"", 96, 18, 98], [""(F2) QINGZHOU QINGYOULIN TRADING CO.,LTD"", 102, 23, 118], [""세계식품(주) /울산광역시 울주군삼남읍 방기로39"", 123, 34, 114], [""원/세계식품주식회사/부산광역시/영도7해양로195번길10"", 145, 36, 112], [""땅콩,밀가루,설탕, 아카시아꿀, 옥수수유,덱스트린,소금"", 168, 47, 113], [""땅콩 일"", 198, 52, 602], [""www.murgerbon.com"", 346, 31, 282], [""www.instagram.com/mur"", 354, 47, 466], [""설에서제조하고있습니다."", 357, 60, 81], [""총내용량 3009"", 413, 27, 437], [""영양정보"", 441, 57, 78], [""100 05"", 436, 20, 393], [""520 kCA/"", 433, 26, 437], [""2E180 M9%탄수화물 51916%당류 209 20%"", 473, 65, 87], [""8 801133"", 496, 33, 541], [""트랜스지방0g"", 510, 40, 180], [""포화지방 5933%"", 506, 32, 319], [""06.806"", 504, 25, 640], [""지방289.52%"", 518, 38, 96], [""클스테롤Omg 0 %"", 550, 37, 102], [""단백질 17 9 31%"", 544, 35, 230], [""1880성분/준0바율(8)은 2.00OkCa/기준이므로개인의 필요 열량에따라 다를 수 있습니다."", 577, 30, 103], [""OTHER"", 581, 20, 547], [""…"", 671, 10, 374]]"
000310,2026,09,28,2026-09-28,s1,"제조및(주)석보유통 | 품보번호/2011044104650 | 원재료명 | 축액,해바라기씨유)]20% 호두함유 | 정보 총 내용량 2009 209당 122kCa1 | 글레스테롤Omg)0% 1단백2.39//6%2 | 소비기한 2026.09.28 까지 | 종이 | 1809019 //711769","[[""제조및(주)석보유통"", 82, 25, 199], [""품보번호/2011044104650"", 125, 22, 198], [""원재료명"", 206, 27, 196], [""축액,해바라기씨유)]20%"", 240, 26, 304], [""호두함유"", 242, 27, 551], [""정보"", 268, 26, 226], [""총 내용량 2009 209당 122kCa1"", 266, 23, 387], [""글레스테롤Omg)0%"", 341, 22, 205], [""1단백2.39//6%2"", 340, 22, 408], [""소비기한"", 570, 28, 193], [""2026.09.28"", 569, 29, 333], [""까지"", 568, 27, 603], [""종이"", 718, 33, 541], [""1809019 //711769"", 746, 28, 247]]"
000311,2026,08,09,2026-08-09,s1,"제품명매일견과요거트 본제품은 땅콩,돼지고기, | 식품의 유형 땅콩 또는 견과류 가공품 내용량 20Og(970 CaA)[20g(97kCal»10개입 제품과 동일한 제조라인어 | 반품 및 교환:구입처 및 판 | 소비자상담실.031-75-50 | 원재료 가제품의 크기가 일정하지 | 및향량 | 호두,우유, 대두 함유 | 소비기한 별도표기일가 포장재질 내면이폴리프로필런 | 영양정보 총내용량2008/9/0 kCal 해결기준에 의거 교환 | 1개 (20 g)당97 kCA | 나트륨 110/3%1 0류 39 3% | 지방 59 9% | 콜레스테롤 mg 09 | 1일 영양성분 기준치에 대한 비율(%) | 소비기한 | 2026년08월09일11/지 81809036","[[""제품명매일견과요거트"", 150, 29, 36], [""본제품은 땅콩,돼지고기,"", 149, 30, 595], [""식품의 유형 땅콩 또는 견과류 가공품"", 182, 34, 32], [""내용량 20Og(970 CaA)[20g(97kCal»10개입"", 180, 27, 277], [""제품과 동일한 제조라인어"", 176, 23, 599], [""반품 및 교환:구입처 및 판"", 200, 26, 598], [""소비자상담실.031-75-50"", 225, 30, 594], [""원재료"", 296, 31, 32], [""가제품의 크기가 일정하지"", 300, 30, 586], [""및향량"", 328, 36, 35], [""호두,우유, 대두 함유"", 370, 34, 419], [""소비기한 별도표기일가"", 407, 34, 35], [""포장재질 내면이폴리프로필런"", 406, 29, 178], [""총내용량2008/9/0 kCal"", 432, 29, 404], [""해결기준에 의거 교환"", 427, 26, 604], [""영양정보"", 448, 47, 32], [""1개 (20 g)당97 kCA"", 453, 36, 432], [""나트륨"", 489, 28, 47], [""110/3%1"", 484, 26, 332], [""0류 39 3%"", 483, 34, 443], [""지방 59"", 520, 31, 48], [""9%"", 512, 23, 543], [""콜레스테롤"", 552, 33, 46], [""mg 09"", 551, 29, 155], [""1일 영양성분 기준치에 대한 비율(%)"", 583, 32, 38], [""소비기한"", 621, 36, 39], [""2026년08월09일11/지"", 662, 44, 329], [""81809036"", 657, 28, 609]]"
000312,2026,08,26,2026-08-26,s1,N | MIKED' BNUTS | Coffee Peant Laven smac Frud | 스낵을혼합하여 | 영양을 한번에 Banana dhip | 펌앤 믹스너츠 | 양간식#단판믹스 | Rasted Alwond | Gltinous Rice coated Peant | 2026.08.26까지 | GNG 2028N0C2 드5 퍼앤믹스너즈,"[[""N"", 43, 50, 1], [""BNUTS"", 76, 156, 223], [""MIKED'"", 113, 105, 5], [""Frud"", 150, 65, 594], [""Laven smac"", 160, 45, 507], [""Coffee Peant"", 189, 60, 328], [""스낵을혼합하여"", 268, 61, 0], [""Banana dhip"", 277, 76, 247], [""영양을 한번에"", 296, 64, 0], [""펌앤 믹스너츠"", 324, 67, 0], [""양간식#단판믹스"", 396, 73, 0], [""Rasted Alwond"", 552, 50, 197], [""Gltinous"", 618, 67, 212], [""Rice coated Peant"", 632, 126, 183], [""2026.08.26까지"", 690, 41, 246], [""퍼앤믹스너즈"", 841, 174, 353], [""GNG 2028N0C2"", 868, 111, 3], [""드5"", 914, 96, 8]]"
000313,2026,03,17,2026-03-17,rot90,제품명 지퍼포장 | →고온 복사! | 고온의 공기를 진동 효과 튀기지 않아 담백 2026.03.17까2 | 바삭 바 1979년부터 쌓0온 곡물 장인의노 국산 사양벌꿀과 비 질리지 않는 딘 고온 복사열로 구워 유탕처리 NO!,"[[""제품명"", 196, 49, 0], [""지퍼포장"", 217, 108, 649], [""2026.03.17까2"", 382, 411, 596], [""→고온 복사!"", 273, 80, 472], [""진동 효과"", 351, 61, 172], [""고온의 공기를"", 379, 98, 0], [""튀기지 않아 담백"", 515, 382, 519], [""1979년부터 쌓0온"", 591, 244, 38], [""곡물 장인의노"", 595, 249, 99], [""국산 사양벌꿀과 비"", 595, 249, 198], [""질리지 않는 딘"", 596, 246, 265], [""고온 복사열로 구워"", 589, 232, 358], [""유탕처리 NO!"", 590, 236, 418], [""바삭 바"", 548, 127, 0]]"
000314,2026,09,01,2026-09-01,s1,오는 | 좋은 | GOOD TODAY | ·번구워 더구수한 | 누룸지 2026.09.01까지B | carched Rice 연출된예 | 10,"[[""오는"", 134, 99, 194], [""좋은"", 216, 99, 195], [""GOOD TODAY"", 276, 33, 195], [""·번구워 더구수한"", 409, 40, 3], [""누룸지"", 489, 115, 0], [""2026.09.01까지B"", 441, 64, 349], [""연출된예"", 544, 26, 583], [""carched Rice"", 566, 31, 0], [""10"", 868, 114, 485]]"
000315,2026,07,19,2026-07-19,s1,2026.07.19,"[[""2026.07.19"", 532, 84, 249]]"
000316,2027,03,01,2027-03-01,s1,"수 소비기한 16/37 3-1 2027.03.01 | 까지 | 조리방법 | 간을좋아하는분들은 물양을 조절해도 좋습니다. | 국수,떡 등을 넣어서 조리하면 기호에따라소금,후추,김 계","[[""수"", 510, 121, 13], [""소비기한"", 468, 31, 145], [""2027.03.01"", 486, 35, 382], [""16/37 3-1"", 518, 35, 382], [""까지"", 536, 27, 615], [""조리방법"", 702, 37, 93], [""간을좋아하는분들은 물양을 조절해도 좋습니다."", 742, 53, 0], [""국수,떡 등을 넣어서 조리하면"", 938, 44, 0], [""기호에따라소금,후추,김 계"", 934, 57, 348]]"
000317,2025,11,15,2025-11-15,s1,2025.11.15까지 | 0814/08,"[[""2025.11.15까지"", 557, 49, 250], [""0814/08"", 600, 41, 287]]"
000318,2025,11,09,2025-11-09,s1,"2025.11.09.11 | 돈 TOW | 내용/ 150 | F&B/경기도 성남//중원-둔촌대로 | 14(www.dongwonfnb.com) | 리투아니아.이탈리아 등),정제소금 | 천일역(호추산)],조미액,대두유,설탕 | 게농축액 -글루담산나트륨(향미증 진제) | 린,프필렌글리콜),호합제제[폴리글리세","[[""2025.11.09.11"", 390, 57, 277], [""돈"", 416, 57, 6], [""TOW"", 425, 38, 302], [""내용/ 150"", 587, 34, 188], [""F&B/경기도 성남//중원-둔촌대로"", 618, 39, 79], [""14(www.dongwonfnb.com)"", 644, 34, 73], [""리투아니아.이탈리아 등),정제소금"", 770, 45, 32], [""천일역(호추산)],조미액,대두유,설탕"", 802, 49, 41], [""게농축액 -글루담산나트륨(향미증 진제)"", 830, 48, 38], [""린,프필렌글리콜),호합제제[폴리글리세"", 915, 56, 16]]"
000319,2026,02,14,2026-02-14,s1,A2122 | 냉장보관/소비기한 | 2026.02.14.까/2 | 11.19 E1509 | BH5 | 천 현지의 맛을 집에서 즐기는 | 라탕면,"[[""A2122"", 30, 31, 472], [""냉장보관/소비기한"", 386, 40, 277], [""2026.02.14.까/2"", 462, 45, 305], [""11.19 E1509"", 503, 40, 309], [""BH5"", 526, 25, 241], [""천"", 699, 137, 18], [""현지의 맛을"", 695, 46, 162], [""집에서 즐기는"", 725, 43, 170], [""라탕면"", 854, 210, 9]]"
000320,2025,11,12,2025-11-12,s1,"H콤달콤 도톰쫄깃 [Unlabel] | 각유부초밥 | 4 첨가 | 빙초산, 스테비올배당체 | 착색료(3-카로틴), 라멜책소 | 제조일자: | 2025.08.13부터 | 0g O~1OC 소비기한: 2025.11.12.까지 |  kcal) 냉장보관 | 조0.294","[[""[Unlabel]"", 107, 42, 512], [""도톰쫄깃"", 126, 39, 140], [""H콤달콤"", 135, 52, 3], [""각유부초밥"", 208, 111, 0], [""4"", 348, 87, 307], [""첨가"", 364, 49, 431], [""빙초산, 스테비올배당체"", 394, 33, 334], [""착색료(3-카로틴), 라멜책소"", 413, 31, 321], [""제조일자:"", 634, 32, 224], [""2025.08.13부터"", 660, 46, 318], [""2025.11.12.까지"", 699, 43, 318], [""0g"", 728, 47, 0], [""O~1OC"", 724, 37, 66], [""소비기한:"", 714, 31, 226], ["" kcal)"", 761, 24, 0], [""냉장보관"", 756, 37, 70], [""조0.294"", 818, 26, 36]]"
000321,2025,10,29,2025-10-29,s1,2025.10.291N1M2 | 사조 | 우리,"[[""2025.10.291N1M2"", 412, 57, 132], [""사조"", 893, 28, 48], [""우리"", 940, 24, 55]]"
000322,2025,10,29,2025-10-29,s1,2025.10.29까지02 | 사조 | 우리,"[[""2025.10.29까지02"", 410, 56, 153], [""사조"", 874, 33, 40], [""우리"", 922, 29, 44]]"
000323,2025,12,21,2025-12-21,s1,바김 초밥 | 새콤한 맛 양반 | 항반 들어있어요 | 들기름김 | 개봉방법 | 레온사워디렁소스 | 제조일자: | 2025.09.22 부터 | 마개 디핑소스 소비기한 2025.12.21.까지 | 1개 | %,"[[""바김"", 18, 27, 3], [""초밥"", 97, 198, 0], [""양반"", 196, 69, 403], [""새콤한 맛"", 230, 103, 0], [""들어있어요"", 294, 49, 440], [""항반"", 304, 30, 297], [""들기름김"", 351, 53, 263], [""개봉방법"", 378, 26, 385], [""레온사워디렁소스"", 428, 67, 449], [""제조일자:"", 647, 38, 175], [""2025.09.22 부터"", 680, 39, 310], [""마개"", 728, 32, 0], [""디핑소스"", 730, 35, 49], [""2025.12.21.까지"", 725, 52, 308], [""소비기한"", 740, 35, 175], [""1개"", 770, 52, 45], [""%"", 824, 40, 8]]"
000324,2027,05,15,2027-05-15,s1,"원물 원 100%기준 (원물 원료:사골,한우 다시마, 양파, 마늘, 대파, 무 | 호박산, | 3 이산화규소 카제인나트륨 | 20001 20001 | 끓는 물에 1분링을 3 분링으로 완성한 | 1개 넣고 약 1분간 물에 다양한 요리를 | 국물을 우려줍니다. 시작해보세요! | *2의 시 뜨거운 물에 데지 않도록 조심하십시 | PA6 | 출물:호주산),콩발효추출 2027.05.15까지.E22.A3 | 말NM,팔유,진국육수분말. | 가루 | 쇠고기,우유,대두,밀 함유 영양정보 총내용량 809 205 kCAl | 역시 사하구 0대로 210 | /지방 3.206%트랜스지방09 | 콜레스테롤 5mg2% | 대한비율. %)은2.000kCA | 열량에 따라 다를 수 있습니다. | 850-12001666-547100.0.k","[[""원물 원 100%기준"", 18, 37, 324], [""(원물 원료:사골,한우 다시마, 양파, 마늘, 대파, 무"", 29, 58, 320], [""3"", 82, 89, 332], [""호박산,"", 59, 28, 475], [""카제인나트륨"", 77, 22, 476], [""이산화규소"", 96, 28, 472], [""20001"", 264, 31, 445], [""20001"", 286, 34, 123], [""3"", 314, 44, 351], [""분링으로 완성한"", 302, 38, 421], [""끓는 물에 1분링을"", 322, 43, 77], [""물에 다양한 요리를"", 329, 36, 411], [""1개 넣고 약 1분간"", 348, 42, 76], [""시작해보세요!"", 358, 33, 428], [""국물을 우려줍니다."", 375, 40, 74], [""*2의 시 뜨거운 물에 데지 않도록 조심하십시"", 388, 25, 361], [""PA6"", 489, 32, 597], [""2027.05.15까지.E22.A3"", 574, 55, 256], [""출물:호주산),콩발효추출"", 600, 29, 9], [""말NM,팔유,진국육수분말."", 628, 33, 10], [""가루"", 654, 28, 0], [""총내용량 809"", 655, 42, 550], [""영양정보"", 684, 62, 205], [""쇠고기,우유,대두,밀 함유"", 688, 41, 2], [""205 kCAl"", 680, 39, 588], [""역시 사하구 0대로 210"", 724, 36, 1], [""/지방 3.206%트랜스지방09"", 758, 59, 333], [""콜레스테롤 5mg2%"", 789, 54, 405], [""대한비율. %)은2.000kCA"", 846, 69, 423], [""열량에 따라 다를 수 있습니다."", 875, 76, 425], [""850-12001666-547100.0.k"", 918, 79, 398]]"
000325,2025,11,03,2025-11-03,s1,"단판단판 감칠맛 넘치는 간장소스 | 만들기어려운반숙장조림을간편하게 | 식품유형 별도 표시일까지 | 소비기한 | 영양정보 총내용 3002 | 100 2당116/Cal | 소재지 | 원재료명 1813 Mg | 당체, 청양고추엑기스 지방TAg | 트랜스지방0g | 산도조절 포화지방4.1g | 콜레스테Z 207 | 단백질7g | 기준이므로 개인의 필요일 1일영양성분 기준지에대한바 | 202104230298 | [원·본 제품은 조비자기 | 춘에 의거 교환 | 없이 | 냉장보관하시 | 8/809869 | 쇠고기 | HACO | 서유래한 | 고드시면됩니다 각막이므로 제거 25.11.03","[[""단판단판 감칠맛 넘치는 간장소스"", 91, 31, 409], [""만들기어려운반숙장조림을간편하게"", 114, 37, 408], [""식품유형"", 114, 44, 14], [""별도 표시일까지"", 124, 31, 71], [""소비기한"", 136, 41, 16], [""총내용 3002"", 175, 48, 557], [""영양정보"", 178, 27, 451], [""100 2당116/Cal"", 199, 54, 531], [""소재지"", 206, 46, 18], [""원재료명"", 248, 40, 17], [""1813 Mg"", 256, 36, 484], [""당체,"", 284, 30, 49], [""지방TAg"", 300, 39, 480], [""청양고추엑기스"", 299, 51, 45], [""트랜스지방0g"", 332, 46, 502], [""산도조절"", 347, 32, 397], [""포화지방4.1g"", 359, 46, 504], [""콜레스테Z 207"", 387, 42, 489], [""단백질7g"", 414, 39, 493], [""1일영양성분 기준지에대한바"", 444, 43, 496], [""기준이므로 개인의 필요일"", 456, 33, 502], [""202104230298"", 473, 34, 107], [""[원·본 제품은 조비자기"", 498, 25, 261], [""춘에 의거 교환"", 519, 24, 212], [""없이"", 544, 21, 343], [""냉장보관하시"", 568, 29, 346], [""8/809869"", 592, 34, 524], [""쇠고기"", 618, 25, 351], [""HACO"", 724, 23, 572], [""서유래한"", 744, 31, 93], [""각막이므로 제거"", 767, 44, 62], [""고드시면됩니다"", 790, 51, 60], [""25.11.03"", 787, 54, 221]]"
000326,2025,10,18,2025-10-18,s1,번80 1399 | 영양정보 총 내용량 70 9 98 k0al | 당류090%지방4.298% E2007LL70L08 | 2025.10.18.까10,"[[""번80 1399"", 424, 25, 380], [""영양정보"", 500, 37, 76], [""총 내용량 70 9 98 k0al"", 493, 32, 293], [""E2007LL70L08"", 580, 175, 629], [""당류090%지방4.298%"", 561, 36, 81], [""2025.10.18.까10"", 770, 35, 200]]"
000327,2025,10,21,2025-10-21,s1,"마토 미트볼 나트를860 09 43 % | 까지 절취,전자레인지에 조리 후 탄수화물 169 5% | 개봉하여 드세요.(70OV 1분 40초,10OW. 1분) 당류89 8% | 지방20g 37 % | 봉지째 넣고 10분 데운후 트랜스지방09 | 개봉하여 드세요 포화지방6g 40% | 크기에따라 조리시간이달라질수 있습니다 콜레스테를60mg | 포장재질(내면):폴리프로필렌 단백질13g 20 % | 지/0-10C냉장보관1 24% | (주)/ | 산단22/112 | 소스-1 다이스드토마토(미국산),크러쉬 있습니다. | 치킨에기스0].돼지고기33.42 %[지방 | 국스페인캐나다 등)34.6%].양파(중 | TA10 | 단택,정제소금,해피부스터,비프소스 | 흑후추로알,난백분말,혼합제제(폴리인산 25.10.21A 16.24 | 나트륨),카라기난,카라멜색소 Ⅲ| | 고기,대두,계란,밀,닭고기 함유 까지 | 랫부분을 팽팽하게 당겨서 잘 세워 | 화상을 입을 수 있으니 주의하십시오 고객행복센터 | 수 있으니 드실 때 조심하시기 바랍 소중한 의견을 기다립니다 | 태로 조리하세요.(제품이 터질 수 있습 080-850-1200 | 막이 있을 수 있 | ·본 제품의 1666-5471(문자) | )에의한김 검은 점 cj.co.kr | 있습니다.·제품내 | 셔도 됩니다.·이 제품은  0~1OC | 호두,오징어,조개류(굴,전복 메밀 HACCP 냉장보관 | 조시설에서 제조하고 있습니다. OTHER | 드시 냉장보관하시고 바로 드십시오 | 수 있으니 주의하십시오.)·부정·불 | 품은 소비자 분쟁해결기준에 의거 | 품 및 교환장소:전국판매적 또 | 196269941","[[""43 %"", 48, 33, 574], [""마토 미트볼"", 67, 78, 0], [""나트를860 09"", 71, 34, 329], [""5%"", 76, 40, 577], [""탄수화물 169"", 96, 42, 326], [""8%"", 106, 36, 576], [""까지 절취,전자레인지에 조리 후"", 112, 51, 0], [""당류89"", 123, 32, 348], [""37 %"", 135, 41, 568], [""개봉하여 드세요.(70OV 1분 40초,10OW. 1분)"", 132, 55, 1], [""지방20g"", 150, 34, 326], [""봉지째 넣고 10분 데운후"", 174, 48, 0], [""트랜스지방09"", 164, 52, 342], [""포화지방6g"", 189, 46, 342], [""40%"", 200, 40, 556], [""개봉하여 드세요"", 205, 40, 0], [""콜레스테를60mg"", 216, 55, 314], [""크기에따라 조리시간이달라질수 있습니다"", 225, 52, 0], [""20 %"", 232, 43, 553], [""포장재질(내면):폴리프로필렌"", 251, 48, 18], [""단백질13g"", 249, 38, 315], [""24%"", 263, 42, 553], [""지/0-10C냉장보관1"", 283, 42, 0], [""(주)/"", 314, 35, 0], [""산단22/112"", 334, 39, 0], [""소스-1 다이스드토마토(미국산),크러쉬"", 351, 56, 0], [""있습니다."", 360, 42, 310], [""치킨에기스0].돼지고기33.42 %[지방"", 377, 54, 0], [""국스페인캐나다 등)34.6%].양파(중"", 402, 49, 0], [""TA10"", 419, 34, 545], [""단택,정제소금,해피부스터,비프소스"", 452, 41, 2], [""25.10.21A"", 474, 43, 370], [""흑후추로알,난백분말,혼합제제(폴리인산"", 478, 41, 0], [""16.24"", 478, 28, 549], [""나트륨),카라기난,카라멜색소 Ⅲ|"", 504, 27, 4], [""까지"", 522, 30, 624], [""고기,대두,계란,밀,닭고기 함유"", 536, 25, 3], [""랫부분을 팽팽하게 당겨서 잘 세워"", 567, 28, 17], [""화상을 입을 수 있으니 주의하십시오"", 593, 32, 21], [""고객행복센터"", 585, 38, 431], [""수 있으니 드실 때 조심하시기 바랍"", 618, 35, 26], [""소중한 의견을 기다립니다"", 610, 38, 428], [""태로 조리하세요.(제품이 터질 수 있습"", 642, 43, 0], [""080-850-1200"", 640, 31, 412], [""막이 있을 수 있"", 664, 31, 18], [""·본 제품의"", 674, 24, 179], [""1666-5471(문자)"", 667, 38, 413], [""cj.co.kr"", 697, 30, 414], ["")에의한김"", 708, 29, 6], [""검은 점"", 714, 26, 65], [""있습니다.·제품내"", 737, 36, 8], [""셔도 됩니다.·이 제품은 "", 766, 46, 6], [""0~1OC"", 748, 39, 517], [""메밀"", 778, 25, 198], [""HACCP"", 776, 27, 323], [""냉장보관"", 773, 44, 518], [""호두,오징어,조개류(굴,전복"", 795, 50, 3], [""조시설에서 제조하고 있습니다."", 822, 59, 0], [""OTHER"", 814, 29, 405], [""드시 냉장보관하시고 바로 드십시오"", 852, 69, 0], [""수 있으니 주의하십시오.)·부정·불"", 880, 80, 0], [""품은 소비자 분쟁해결기준에 의거"", 909, 84, 0], [""품 및 교환장소:전국판매적 또"", 928, 67, 0], [""196269941"", 941, 37, 457]]"
000328,2025,12,25,2025-12-25,s1,"GODU 은 | TODAX | 표첨 가르, 더육 건강하게! | 치자단부지와 | 우엉절임 | Pickled Radish Arid Burdock | 2025.12.25까지 5 | 소브산칼륨 | 25문무%) | 864%.자소0060%창우/0%8/85%130% | ‘소비기 일면 | 215/080-917-1004021 | 조롯데쇼핑(주/서울특별 8 | 000-재료/.치자단무치3 | 발효식초,효소처리스테비아(감","[[""은"", 30, 58, 310], [""GODU"", 53, 44, 276], [""TODAX"", 73, 20, 318], [""표첨 가르, 더육 건강하게!"", 183, 92, 101], [""치자단부지와"", 267, 113, 96], [""우엉절임"", 380, 107, 102], [""Pickled Radish Arid Burdock"", 464, 33, 105], [""5"", 506, 71, 466], [""2025.12.25까지"", 536, 35, 235], [""25문무%)"", 611, 71, 92], [""소브산칼륨"", 555, 78, 528], [""864%.자소0060%창우/0%8/85%130%"", 653, 60, 97], [""‘소비기"", 688, 24, 367], [""일면"", 702, 58, 554], [""215/080-917-1004021"", 740, 33, 143], [""조롯데쇼핑(주/서울특별"", 761, 52, 101], [""8"", 757, 20, 569], [""000-재료/.치자단무치3"", 782, 47, 102], [""발효식초,효소처리스테비아(감"", 806, 52, 102]]"
000329,2025,12,25,2025-12-25,s1,올능 | 좋은 | GOOD TODAY | 하게 톡 터지는 | 사비맛쌈무 | d Wasabi Radish 2025.12.25까지 연출된 예 욕산 | 9 | 나트 수화물 당류 지방 트랜스지방 포화지방 클레스테를 단백질 | 34% 3% 7% 0% 08 0% 0% 2% HACCP | Og 0g Omg 1g0 | 데쇼평주/서울특별시 중구 남대문로 81피소,"[[""올능"", 200, 86, 320], [""좋은"", 271, 86, 321], [""GOOD TODAY"", 324, 27, 323], [""하게 톡 터지는"", 401, 32, 4], [""사비맛쌈무"", 472, 94, 6], [""d Wasabi Radish"", 545, 34, 0], [""욕산"", 543, 36, 655], [""2025.12.25까지"", 558, 50, 213], [""연출된 예"", 556, 38, 494], [""9"", 639, 47, 0], [""나트"", 702, 26, 14], [""수화물"", 700, 28, 89], [""당류 지방 트랜스지방 포화지방 클레스테를 단백질"", 695, 44, 141], [""3%"", 732, 33, 89], [""0%"", 732, 31, 194], [""0%"", 728, 33, 342], [""0%"", 725, 32, 425], [""2%"", 724, 34, 501], [""HACCP"", 720, 25, 648], [""34%"", 733, 26, 14], [""7%"", 731, 34, 148], [""08"", 743, 34, 263], [""Og"", 754, 20, 199], [""0g"", 750, 29, 342], [""Omg"", 750, 27, 424], [""1g0"", 746, 23, 498], [""데쇼평주/서울특별시 중구 남대문로 81피소"", 857, 28, 10]]"
000330,2025,11,02,2025-11-02,s1,"소장재질(내면): 플 | 김치/비실균제품 | F1-2019042 49500799/0 | BLOSSOM CAMPUS | 사/경기로 화성시 건인 전북지 / 아도 진안군 부귀면 가정갈  남양로115-23F4-3 | 2/1문01 제02/102 | 잘가간 상 온에 논출될 경우 변질  우려가 있으니 개봉후 | 마루로 선명한 빛깔 25.10.04 | 드대상 대통령상 수상 25.11.02 소비자중심 | F1 | 2내 9009 AB7 | 100 30 kCA1 | 탄수화물6g2% | 시방 0g 0% | 지방 0g 0% J김지양념풀C | 2204% | 한에수 있습니다. (HH(국산)],C J김치양념베이스,채소류(국산) | 080-850-1200 생강페이스트(생강·국산),유산군배양액 C.J새우액저,하선정멸치액정골드[멀치(국산)], | 새우,대두 함유 205291 | 8 80100","[[""소장재질(내면): 플"", 138, 33, 421], [""김치/비실균제품"", 154, 35, 280], [""F1-2019042"", 168, 31, 277], [""49500799/0"", 169, 34, 427], [""BLOSSOM CAMPUS"", 191, 32, 432], [""사/경기로 화성시"", 236, 23, 268], [""남양로115-23F4-3"", 228, 22, 439], [""건인 전북지 / 아도 진안군 부귀면 가정갈 "", 250, 49, 261], [""2/1문01 제02/102"", 300, 59, 218], [""잘가간 상 온에 논출될 경우 변질  우려가 있으니 개봉후"", 329, 58, 216], [""마루로 선명한 빛깔"", 447, 24, 95], [""25.10.04"", 450, 35, 332], [""25.11.02"", 488, 33, 335], [""드대상 대통령상 수상"", 504, 28, 113], [""소비자중심"", 500, 29, 626], [""F1"", 526, 21, 341], [""2내 9009"", 580, 40, 120], [""AB7"", 583, 31, 396], [""100 30 kCA1"", 602, 41, 117], [""탄수화물6g2%"", 627, 44, 114], [""시방 0g 0%"", 651, 36, 121], [""지방 0g 0%"", 678, 48, 118], [""2204%"", 699, 52, 107], [""J김지양념풀C"", 680, 58, 584], [""한에수 있습니다."", 734, 32, 138], [""(HH(국산)],C J김치양념베이스,채소류(국산)"", 740, 44, 234], [""C.J새우액저,하선정멸치액정골드[멀치(국산)],"", 759, 48, 234], [""080-850-1200"", 765, 30, 147], [""생강페이스트(생강·국산),유산군배양액"", 774, 48, 237], [""새우,대두 함유"", 792, 25, 329], [""205291"", 792, 32, 624], [""8 80100"", 808, 29, 549]]"
000331,2025,10,31,2025-10-31,s1,2025.10.31까지 | 옥능 | 좋은 | GOOD TODAY | 한우엉과단무지가들어가감칠맛이'나는 | 가지그 꽉찬,"[[""2025.10.31까지"", 312, 45, 271], [""옥능"", 469, 126, 292], [""좋은"", 571, 122, 295], [""GOOD TODAY"", 648, 33, 302], [""한우엉과단무지가들어가감칠맛이'나는"", 817, 55, 1], [""가지그"", 903, 98, 10], [""꽉찬"", 900, 97, 224]]"
000332,2025,10,22,2025-10-22,s1,"소비기한 FD4 | 2025.10.22.J337 | 삼호어묵 까지 | 날가루로 쫄깃하고,도톰해서 탱글한 | 도톰사각","[[""FD4"", 378, 38, 494], [""소비기한"", 395, 36, 250], [""2025.10.22.J337"", 450, 40, 315], [""까지"", 492, 29, 522], [""삼호어묵"", 522, 75, 20], [""날가루로 쫄깃하고,도톰해서 탱글한"", 716, 66, 3], [""도톰사각"", 824, 181, 8]]"
000333,2025,11,07,2025-11-07,s1,장충동 왕 족발 2025.11.07 까지,"[[""왕"", 534, 69, 175], [""족발"", 530, 61, 248], [""장충동"", 538, 67, 32], [""2025.11.07 까지"", 531, 54, 389]]"
000334,2026,03,15,2026-03-15,s1,냉장보관/소비기한 | 2026.03.15까지 | DC5 03.41 A1609 | 산 겨울무로 담가 | 시원한 동치미 육수,"[[""냉장보관/소비기한"", 340, 52, 238], [""2026.03.15까지"", 426, 51, 290], [""03.41 A1609"", 470, 45, 289], [""DC5"", 490, 28, 215], [""산 겨울무로 담가"", 664, 146, 1], [""시원한 동치미 육수"", 751, 158, 0]]"
000335,2025,11,28,2025-11-28,s1,생줄면 | 길이 들어간 비빙창 | 생폴면사리 | 기생폴면 | 판매등 | *NIQT리O | 양념비빙장 |건조고명 12020년 2024년.기층 | 55 g 49 452.9 | Ubel 2개4 (1050 kCA) | 조리예 | 2025.11.28.까지,"[[""생줄면"", 117, 137, 10], [""길이 들어간 비빙창"", 246, 36, 0], [""생폴면사리"", 274, 43, 0], [""기생폴면"", 409, 54, 516], [""판매등"", 500, 85, 440], [""양념비빙장"", 550, 33, 44], [""|건조고명"", 558, 39, 132], [""*NIQT리O"", 551, 33, 515], [""55 g"", 572, 29, 58], [""49"", 582, 39, 163], [""452.9"", 586, 45, 265], [""12020년 2024년.기층"", 570, 37, 472], [""Ubel"", 605, 26, 52], [""2개4"", 607, 28, 144], [""(1050 kCA)"", 616, 38, 228], [""조리예"", 670, 43, 619], [""2025.11.28.까지"", 769, 52, 296]]"
000336,2025,11,20,2025-11-20,s1,소비 25.11.20까지2 | 기한 16.00 126 | [냉세트 2 | 1인분 개별포장×4개,"[[""소비"", 286, 37, 170], [""25.11.20까지2"", 290, 44, 296], [""기한"", 312, 35, 173], [""16.00"", 329, 40, 296], [""126"", 328, 33, 481], [""[냉세트"", 736, 192, 0], [""2"", 716, 157, 459], [""1인분 개별포장×4개"", 834, 40, 509]]"
000337,2025,12,09,2025-12-09,s1,07008).된장 3% | 이크0:1%함유 | 5.5g 수제비/장강제비소스/건조고명|김깨고명] 467 9 | 2개/2개/2개 (1.150 kCAl) | 2025.12.09.까지,"[[""07008).된장 3%"", 515, 30, 205], [""이크0:1%함유"", 532, 27, 161], [""467 9"", 560, 31, 269], [""수제비/장강제비소스/건조고명|김깨고명]"", 563, 39, 0], [""5.5g"", 586, 25, 0], [""(1.150 kCAl)"", 585, 36, 258], [""2개/2개/2개"", 600, 47, 62], [""2025.12.09.까지"", 682, 59, 220]]"
000338,2026,05,28,2026-05-28,s1,A KbA | 2026.05.28 까지 | 14.48 | LIFE,"[[""A KbA"", 346, 39, 451], [""까지"", 432, 33, 476], [""2026.05.28"", 447, 62, 200], [""14.48"", 498, 53, 193], [""LIFE"", 758, 36, 104]]"
000339,2026,08,18,2026-08-18,s1,2026.08.18까지.D | 여러분들의 꿈을 응원합니다 | 고소한갈살이는 | 기분종은품하식장 맛으,"[[""2026.08.18까지.D"", 405, 44, 242], [""여러분들의 꿈을 응원합니다"", 435, 42, 240], [""고소한갈살이는"", 588, 55, 472], [""맛으"", 628, 29, 474], [""기분종은품하식장"", 647, 146, 0]]"
000340,2026,08,11,2026-08-11,s1,OPEN | 26.08.11까지 | A7-F2,"[[""OPEN"", 302, 31, 489], [""26.08.11까지"", 410, 45, 247], [""A7-F2"", 446, 38, 336]]"
000341,2026,04,29,2026-04-29,s1,"영양정보 | 4 30 09 | 탄수하물 55 g | 당류 99 | 지방 6.2 g | 트랜스지방 0g | 포화지방 0.8 g | 콜레스테롤 14.8Mg 5Y | 단백질 11.6 9 21% | 돼지고기,복숭아, 080-929-1001 | 포함),잣을사용 고객 지원실 | (수신자 요금부담) | 천일식품(주) | ChuniL | 다. | 바로 보관 HACCP | OTHER | 81801284122 | 2026.04.29","[[""영양정보"", 70, 36, 215], [""4 30 09"", 122, 30, 296], [""55 g"", 140, 28, 309], [""탄수하물"", 146, 27, 212], [""당류"", 166, 25, 224], [""99"", 159, 24, 298], [""6.2 g"", 177, 26, 300], [""지방"", 186, 24, 211], [""0g"", 200, 29, 335], [""트랜스지방"", 202, 29, 224], [""0.8 g"", 220, 31, 328], [""포화지방"", 222, 27, 223], [""14.8Mg"", 242, 33, 334], [""콜레스테롤"", 244, 31, 209], [""5Y"", 244, 22, 512], [""11.6 9"", 262, 32, 307], [""단백질"", 268, 29, 208], [""21%"", 266, 22, 509], [""돼지고기,복숭아,"", 374, 31, 0], [""080-929-1001"", 382, 31, 386], [""포함),잣을사용"", 394, 33, 0], [""고객 지원실"", 393, 34, 264], [""(수신자 요금부담)"", 408, 26, 416], [""천일식품(주)"", 485, 38, 301], [""ChuniL"", 516, 26, 219], [""다."", 544, 31, 0], [""바로 보관"", 568, 32, 0], [""HACCP"", 568, 21, 504], [""OTHER"", 603, 24, 409], [""81801284122"", 627, 32, 229], [""2026.04.29"", 793, 54, 272]]"
000342,2026,06,22,2026-06-22,s1,‘비 2026.06.22,"[[""2026.06.22"", 488, 53, 295], [""‘비"", 490, 23, 159]]"
000343,2025,12,30,2025-12-30,s1,2025.12.30까1지 | 소비기한,"[[""2025.12.30까1지"", 526, 39, 210], [""소비기한"", 551, 34, 81]]"
000344,2026,08,04,2026-08-04,s1,cat | wave | 2026.08.04/1918B | 까지 | 소불고기 | 구운주먹밥 | 조리방법,"[[""cat"", 204, 63, 563], [""wave"", 244, 53, 564], [""2026.08.04/1918B"", 395, 56, 173], [""까지"", 460, 41, 624], [""소불고기"", 632, 142, 40], [""구운주먹밥"", 792, 167, 34], [""조리방법"", 943, 33, 26]]"
000345,2026,04,09,2026-04-09,s1,소비기한 2026.04.09까7 | KAVAR PRODUCT N0.173 | KAVIAR PRODUCT TEAM Director 홍정훈 Devel | 삼원가든한우맑은설렁탕을맛있게즐 | 해동방법 개봉하지않은상태로흐르는물에1~2시간담 | 12시간이내로 해동해주세요 | 직접가열조리 | 충분히 가열하여드세요,"[[""소비기한"", 467, 44, 44], [""2026.04.09까7"", 480, 51, 232], [""KAVAR PRODUCT N0.173"", 594, 39, 17], [""KAVIAR PRODUCT TEAM"", 730, 54, 22], [""Director 홍정훈"", 728, 45, 459], [""Devel"", 722, 28, 650], [""삼원가든한우맑은설렁탕을맛있게즐"", 778, 57, 242], [""해동방법"", 834, 35, 108], [""개봉하지않은상태로흐르는물에1~2시간담"", 835, 52, 255], [""12시간이내로 해동해주세요"", 870, 34, 257], [""직접가열조리"", 894, 35, 96], [""충분히 가열하여드세요"", 934, 39, 259]]"
000346,2026,05,15,2026-05-15,s1,포화지방0.8g | HACCP | 비닐류 | 803103 002825 | OTHER | 스비기한 | 2026.05.15까지,"[[""포화지방0.8g"", 397, 24, 413], [""HACCP"", 474, 23, 528], [""비닐류"", 544, 22, 566], [""803103"", 578, 39, 151], [""002825"", 573, 33, 321], [""OTHER"", 591, 30, 551], [""스비기한"", 668, 43, 67], [""2026.05.15까지"", 712, 55, 120]]"
000347,2027,05,26,2027-05-26,s1,조하고 있습니다. | 1일영양성분 1일영양성분 | 기주시에대한비율 100 g5 기준치에대한비율 | 28 353 Mg 18% 6% | 탄수화불23g 7% 트랜스지방0g | 당류0g 0% 포화지방1g 7% | 콜레스테롤Omg 단백질2.8g | 130 /CAl OTHER | 소비기한 | 2027.05.26 | 까지,"[[""조하고 있습니다."", 388, 29, 262], [""1일영양성분"", 416, 21, 258], [""1일영양성분"", 408, 32, 432], [""100 g5"", 424, 21, 341], [""기주시에대한비율"", 434, 26, 222], [""기준치에대한비율"", 426, 34, 406], [""6%"", 447, 20, 489], [""28 353 Mg"", 466, 25, 148], [""18%"", 460, 21, 295], [""탄수화불23g"", 492, 29, 123], [""7%"", 487, 20, 304], [""트랜스지방0g"", 482, 31, 347], [""포화지방1g"", 508, 29, 348], [""7%"", 502, 21, 488], [""당류0g"", 523, 24, 135], [""0%"", 514, 22, 302], [""단백질2.8g"", 536, 29, 342], [""콜레스테롤Omg"", 548, 32, 124], [""130 /CAl"", 568, 39, 5], [""OTHER"", 562, 23, 512], [""소비기한"", 632, 32, 16], [""2027.05.26"", 671, 45, 260], [""까지"", 700, 25, 643]]"
000348,2026,04,02,2026-04-02,s1,"폴리에틸렌 | 포장재질 2014044901878 | 풍목보고 | 총내용량 4008 | 영양정보 2100g당302 kCAl 반품및교환장소:구입처및판매원 | 본제품은 소비자기본법에 따른 소비자 | 1일 영양성분 부정,0식품신고는국번없01399 | 100g5 기준치에대한비율 취급,보관시주의사항:보관방법미준 | 나트를 331.2 g 17% 주시기바랍니다.조리시 조리기구가 | 탄수화물20g 6% 하십시오.필요한 양만 사용하시고님 | 한번에 드시기 바랍니다.특정 원료 | 등류0.89 g 1% 하시기 바랍니다. | 지방 19.3g 36% 돼지고기,쇠고기,닭고기,달갈,메' | 트랜스저방0 오창어,조개류(굴,홍합,전복 포함 | 포화지방 3.5 23% | 콜레스테를 31.8 Mg 11% 온라인 바로구 | 단백질12g 22% (QR코드접속) | www.lotteon.com 에서 | 기준이므로캐인의필요열에따라다를수있습니다. 1일10성분기준에대한비8(96)22.00kC01 검색어바식한생선까스 | 소비기한 | 2026.04.02.까/2","[[""폴리에틸렌"", 52, 31, 290], [""2014044901878"", 82, 42, 289], [""포장재질"", 88, 25, 184], [""풍목보고"", 105, 28, 184], [""총내용량 4008"", 117, 32, 277], [""반품및교환장소:구입처및판매원"", 132, 38, 418], [""2100g당302 kCAl"", 141, 30, 230], [""영양정보"", 146, 59, 158], [""본제품은 소비자기본법에 따른 소비자"", 152, 38, 421], [""1일 영양성분"", 171, 20, 311], [""부정,0식품신고는국번없01399"", 173, 36, 422], [""기준치에대한비율"", 188, 26, 273], [""취급,보관시주의사항:보관방법미준"", 193, 32, 424], [""100g5"", 196, 45, 157], [""17%"", 217, 24, 334], [""주시기바랍니다.조리시 조리기구가"", 216, 33, 428], [""나트를 331.2 g"", 226, 55, 151], [""하십시오.필요한 양만 사용하시고님"", 240, 33, 428], [""6%"", 248, 30, 358], [""탄수화물20g"", 260, 48, 151], [""한번에 드시기 바랍니다.특정 원료"", 266, 30, 431], [""1%"", 284, 31, 360], [""등류0.89 g"", 292, 41, 162], [""하시기 바랍니다."", 293, 28, 431], [""36%"", 318, 33, 352], [""지방 19.3g"", 326, 35, 149], [""돼지고기,쇠고기,닭고기,달갈,메'"", 322, 29, 430], [""트랜스저방0"", 361, 34, 157], [""오창어,조개류(굴,홍합,전복 포함"", 352, 29, 437], [""포화지방 3.5"", 397, 34, 159], [""23%"", 396, 29, 351], [""온라인 바로구"", 417, 43, 531], [""콜레스테를 31.8 Mg"", 434, 32, 148], [""11%"", 432, 28, 350], [""(QR코드접속)"", 452, 29, 531], [""단백질12g"", 470, 36, 151], [""22%"", 468, 28, 352], [""www.lotteon.com 에서"", 479, 28, 530], [""1일10성분기준에대한비8(96)22.00kC01"", 502, 33, 152], [""검색어바식한생선까스"", 504, 33, 533], [""기준이므로캐인의필요열에따라다를수있습니다."", 520, 36, 150], [""소비기한"", 572, 31, 157], [""2026.04.02.까/2"", 599, 34, 298]]"
000349,2025,12,07,2025-12-07,s1,BIG | 검보 | 간편하게 완성되는 진짜 전문점 방작 | 쉬림프카츠입니다 | 안전관리인증 | 비닐류 소비자중심 HACCP | 8801114/154199 | OTHER | 2025.12.07까지 | 소비기한,"[[""BIG"", 224, 65, 91], [""검보"", 285, 50, 33], [""간편하게 완성되는 진짜 전문점 방작"", 432, 22, 514], [""쉬림프카츠입니다"", 450, 26, 558], [""안전관리인증"", 536, 21, 369], [""비닐류"", 558, 29, 170], [""소비자중심"", 556, 37, 255], [""HACCP"", 551, 24, 369], [""8801114/154199"", 580, 24, 490], [""OTHER"", 600, 31, 155], [""2025.12.07까지"", 644, 34, 367], [""소비기한"", 674, 27, 86]]"
000350,2027,05,15,2027-05-15,s1,"식품형 해바라기유 | ·제조업소:BASSO FEDELE& | 업소경및 FIGLI S.R.L. | 소지 수입판매업소:롯데쇼핑주 롯데마트 | 사업본부/서울특별시 송파구 올림피로 | 269(신천동.롯데캐콜드6층) | 소기한 제품의 별도 표기일까지(년/월/일 순) | 원 료명 해바2/씨유 100%(0탈20) | 포장 질(내면) 용기:PET,뚜껑 :PE | 2027/05/15 | L5135 1N 1G | 영양정보 100 M당 820 kC8 총내용량 1.000M | 나륨0mg 0 % 탄수화물09 0% 당류09 | 지방 91 9 169% 트랜스지방09 포화지방99 60% | 콜레스테롤0mg 0% 단백질0g0% | 뚜평:LDPE 3004123/017466 | 라벨:PP","[[""식품형"", 238, 31, 170], [""해바라기유"", 238, 28, 256], [""·제조업소:BASSO FEDELE&"", 264, 27, 263], [""업소경및"", 289, 28, 171], [""FIGLI S.R.L."", 282, 26, 264], [""수입판매업소:롯데쇼핑주 롯데마트"", 302, 27, 267], [""소지"", 312, 27, 179], [""사업본부/서울특별시 송파구 올림피로"", 320, 28, 266], [""269(신천동.롯데캐콜드6층)"", 340, 27, 267], [""소기한"", 364, 28, 175], [""제품의 별도 표기일까지(년/월/일 순)"", 363, 30, 259], [""원"", 387, 20, 178], [""료명"", 388, 25, 189], [""해바2/씨유 100%(0탈20)"", 386, 28, 239], [""포장 질(내면) 용기:PET,뚜껑 :PE"", 412, 30, 161], [""2027/05/15"", 568, 33, 293], [""L5135 1N 1G"", 597, 34, 293], [""총내용량 1.000M"", 641, 32, 409], [""영양정보"", 667, 52, 174], [""100 M당 820 kC8"", 662, 33, 399], [""탄수화물09 0% 당류09"", 692, 39, 307], [""나륨0mg 0 %"", 704, 33, 170], [""지방 91 9 169%"", 736, 33, 173], [""트랜스지방09 포화지방99 60%"", 722, 43, 303], [""단백질0g0%"", 754, 33, 347], [""콜레스테롤0mg 0%"", 765, 36, 175], [""뚜평:LDPE"", 924, 24, 210], [""3004123/017466"", 924, 49, 314], [""라벨:PP"", 940, 24, 217]]"
000351,2026,05,03,2026-05-03,s1,총내용 3009 | 영양정보 10 9 당475 KCA1 | 탄수화를 15 95% | 0E 820 M9 41% 지방 46 9 85% | gf11% 포화지방79.47% A | 스지방 0.5 g 미만 단백질0g0% | 2스테를 20 M9 7% | 분이브을 개인의 필요 열량에 따라 라를 수 있습니다. | 소비기한: 2026.05.03 | 10.44,"[[""총내용 3009"", 366, 33, 390], [""영양정보"", 382, 51, 253], [""10 9 당475 KCA1"", 383, 30, 373], [""탄수화를 15 95%"", 402, 30, 365], [""0E 820 M9 41%"", 408, 38, 256], [""지방 46 9 85%"", 420, 27, 366], [""gf11%"", 428, 31, 256], [""포화지방79.47%"", 439, 30, 367], [""A"", 438, 29, 482], [""스지방 0.5 g 미만"", 444, 32, 255], [""단백질0g0%"", 459, 28, 367], [""2스테를 20 M9 7%"", 462, 30, 257], [""분이브을 개인의 필요 열량에 따라 라를 수 있습니다."", 492, 28, 257], [""소비기한:"", 612, 20, 248], [""2026.05.03"", 626, 33, 353], [""10.44"", 650, 32, 377]]"
000352,2026,08,27,2026-08-27,s1,스테이크소스는 포도주로 숙성하여 각종 | 맞을 부드럽고 평 김게해주는 소스입니다. | 오랜 노하우와 성으로 만들어 정통 소스의 | 했습니다. | 총량 | 1180 29 9061탄수를 29 8 | 당류 269 28% 지방 09 0% | 포화지방 0g 0% | 0 /9 0% | 단백 1g 미만 1% | 2026.08.27 | 09.19 까지 | 주직이사 오타기 | 총북 성 대1면 대풍산로 128,"[[""포도주로 숙성하여 각종"", 258, 35, 345], [""스테이크소스는"", 258, 29, 269], [""김게해주는 소스입니다."", 273, 30, 346], [""맞을 부드럽고 평"", 274, 29, 266], [""성으로 만들어 정통 소스의"", 288, 32, 344], [""오랜 노하우와"", 289, 28, 266], [""했습니다."", 305, 28, 265], [""총량"", 340, 33, 319], [""1180 29 9061탄수를 29 8"", 365, 39, 258], [""당류"", 396, 27, 248], [""269 28% 지방 09 0%"", 388, 37, 259], [""포화지방 0g 0%"", 412, 28, 338], [""0 /9 0%"", 438, 29, 290], [""단백"", 465, 34, 247], [""1g 미만 1%"", 462, 32, 307], [""2026.08.27"", 528, 37, 266], [""09.19"", 552, 25, 299], [""까지"", 554, 22, 431], [""주직이사 오타기"", 608, 49, 306], [""총북 성 대1면 대풍산로 128"", 639, 38, 263]]"
000353,2026,03,08,2026-03-08,s1,"운 크림맛!대콤함을 동시에 | 클까보나라 파스타 소스 | '은바쁜 일상에 쇼핑만큼은 편안하게 하고싶은 | 게고민없이 편리한 쇼핑경험을 제공합니다. | 2026.03.08 L1 | 타만들기 | 제품) 소비기한후면 상단표시일까지 | 유,대두,밀,닭고기,쇠고기함유 | 리프로필렌 품목보고번호/200004430 23228 | 광선을 피해","[[""운 크림맛!대콤함을 동시에"", 328, 53, 0], [""클까보나라 파스타 소스"", 356, 99, 0], [""'은바쁜 일상에 쇼핑만큼은 편안하게 하고싶은"", 409, 56, 0], [""게고민없이 편리한 쇼핑경험을 제공합니다."", 430, 55, 0], [""2026.03.08 L1"", 461, 52, 265], [""타만들기"", 574, 33, 0], [""소비기한후면 상단표시일까지"", 652, 49, 183], [""제품)"", 673, 26, 0], [""유,대두,밀,닭고기,쇠고기함유"", 856, 46, 0], [""23228"", 856, 31, 441], [""리프로필렌"", 888, 29, 0], [""품목보고번호/200004430"", 875, 54, 188], [""광선을 피해"", 944, 31, 314]]"
000354,2027,07,06,2027-07-06,s1,"내용/.-525 조원:농업회사법인 데이웰(주) | /전북무 0주읍당신강변로64-34 | 유통전문판매원 알티스트 /서울특별시영등포구 | 선유서로 15.12 원재료명 및 함량 알물로스 시럽, | 효소처 테비아,나한과추출분말 | (나한 출100%/중국 | 품목보고번호:20 496065261보방법0사광1을 | 피하시고개봉후에 껑을 달아 서늘한 곳에 보관하십시오 | 포장T 용기(PET)/뚜껑(PE) | 소비자 상담실:02 03-3388반품및교한장소 사및 | 구입처 주의사항본제 우유메밀 땅콩 대두,밀 복숭아토마토 | 호두를 사용한 제품 은 제조시설에서 제조하고 있습니다. | 흐르는 제형으로 사용 양 조절에 유의하세요 보관중 침전이 | 생길수있나알 스고유성분이미로 안심하고 드셔도 | 좋습니다.사용후 부분에 내용물이 군으면 잘 안 열릴 수 | 있어미로잘닦아 닫아서 보관해주십시오 취급부주의로 | 인한 포창 파손 될 가능성이 있으니드시지 마시고 | 하시기바랍니다. | 본 제품은 공정거래위원회 고시 소비자분장해결 기준에 의거 교환 | 또는 보상받으실 수 있습니다. | 부정 불량식품 신고는 국번업이1399 | 영양정보 총대5258 | 100 8당 15 CAl | 2클로스 67 8 2 지방 080%트랜0지방 08 | 소비기한: 2027.07.06 | HACCP | 뚜껑:PE 8809568/426084 | 라벨:PP | ALTist'","[[""조원:농업회사법인 데이웰(주)"", 20, 42, 310], [""내용/.-525"", 25, 42, 205], [""0주읍당신강변로64-34"", 40, 40, 316], [""/전북무"", 44, 38, 225], [""알티스트 /서울특별시영등포구"", 64, 45, 316], [""유통전문판매원"", 68, 46, 196], [""원재료명 및 함량 알물로스 시럽,"", 86, 45, 317], [""선유서로 15.12"", 89, 48, 192], [""테비아,나한과추출분말"", 105, 44, 316], [""효소처"", 108, 36, 245], [""(나한"", 132, 32, 255], [""출100%/중국"", 129, 37, 318], [""496065261보방법0사광1을"", 154, 45, 316], [""품목보고번호:20"", 158, 43, 182], [""껑을 달아 서늘한 곳에 보관하십시오"", 176, 44, 317], [""피하시고개봉후에"", 182, 39, 180], [""포장T"", 201, 26, 260], [""용기(PET)/뚜껑(PE)"", 196, 31, 319], [""03-3388반품및교한장소 사및"", 221, 40, 314], [""소비자 상담실:02"", 227, 38, 179], [""우유메밀 땅콩 대두,밀 복숭아토마토"", 245, 42, 325], [""구입처 주의사항본제"", 249, 44, 161], [""은 제조시설에서 제조하고 있습니다."", 268, 41, 320], [""호두를 사용한 제품"", 272, 38, 173], [""양 조절에 유의하세요 보관중 침전이"", 290, 37, 321], [""흐르는 제형으로 사용"", 294, 36, 171], [""스고유성분이미로 안심하고 드셔도"", 314, 35, 324], [""생길수있나알"", 318, 39, 178], [""부분에 내용물이 군으면 잘 안 열릴 수"", 336, 37, 318], [""좋습니다.사용후"", 342, 41, 174], [""닫아서 보관해주십시오 취급부주의로"", 360, 39, 321], [""있어미로잘닦아"", 365, 36, 169], [""인한 포창 파손"", 388, 35, 184], [""될 가능성이 있으니드시지 마시고"", 384, 29, 323], [""하시기바랍니다."", 407, 26, 324], [""본 제품은 공정거래위원회 고시 소비자분장해결 기준에 의거 교환"", 432, 46, 160], [""또는 보상받으실 수 있습니다."", 455, 33, 268], [""부정 불량식품 신고는 국번업이1399"", 480, 35, 241], [""총대5258"", 514, 21, 457], [""영양정보"", 530, 33, 198], [""100 8당 15 CAl"", 533, 26, 440], [""2클로스 67 8 2"", 588, 25, 193], [""지방 080%트랜0지방 08"", 584, 33, 310], [""소비기한:"", 672, 27, 199], [""2027.07.06"", 680, 38, 300], [""HACCP"", 774, 20, 208], [""뚜껑:PE"", 795, 28, 272], [""8809568/426084"", 796, 35, 348], [""라벨:PP"", 816, 27, 273], [""ALTist'"", 854, 38, 326]]"
000355,2028,06,17,2028-06-17,s1,2028.06.1712 | 14.25,"[[""2028.06.1712"", 506, 53, 203], [""14.25"", 540, 45, 275]]"
000356,2027,03,17,2027-03-17,s1,"제조원 친천군 0월면 0덕로 56 | 유통전문 (주)사조대림/경기도 | 판매원 안산시 단원구 성곡로125 | 포장재질 용기-폴리에틸렌테레프탈레이트 | (내면)우껑-폴리에틸렌 | 품목보2번호/199104430241681 | 보관방법실온보관(개봉 후 냉장보관) | -본 제품은 공정거래위원회 고시소비자 분쟁해 | 결기준에의거 교환 또는 보상받을수 있습니다. | -반품 및 교환장소:구입처 및고객상담실-고객 | 상담실.080-90-6133/수신자부닭-d1.S8J0.0 | .kr-본제품은 밀,달갈,대두,우유,고등어게,새우 | 쇠고기,닭고기오징어 돼지고기 토마토 메밀,땅 | 콩,복숭아, 아황산류 호두 조개류굴,전복,홍합 포 | 함)를 사용한 제품과 같은 제조시설에서 제조하 | 고 있습니다.-원료에서 기인한 침전물이 발생할 | 수 있으니 흔들어서 사용해주세요. | 부정 불량식품 신고는국번업이1399 | 8801039 006610 LDPE OTHER | 소비기한 | 2027.03.17 A12 | 영양정보 총내용량5009/100g당32 Cal | 0트7.88 M9 394%지방09 0% | 탄수화물5g 2% 트랜스지방Og | 당류3g 3% 포화지방0g 0% | 콜레스테D0M9 0%단39 5%","[[""제조원"", 24, 33, 129], [""친천군 0월면 0덕로 56"", 25, 31, 192], [""유통전문"", 60, 34, 126], [""(주)사조대림/경기도"", 52, 31, 193], [""판매원"", 81, 30, 131], [""안산시 단원구 성곡로125"", 72, 32, 191], [""포장재질 용기-폴리에틸렌테레프탈레이트"", 101, 44, 126], [""(내면)우껑-폴리에틸렌"", 124, 47, 133], [""품목보2번호/199104430241681"", 150, 47, 126], [""보관방법실온보관(개봉 후 냉장보관)"", 177, 46, 139], [""-본 제품은 공정거래위원회 고시소비자 분쟁해"", 206, 49, 132], [""결기준에의거 교환 또는 보상받을수 있습니다."", 233, 50, 130], [""-반품 및 교환장소:구입처 및고객상담실-고객"", 259, 50, 134], [""상담실.080-90-6133/수신자부닭-d1.S8J0.0"", 286, 51, 132], ["".kr-본제품은 밀,달갈,대두,우유,고등어게,새우"", 314, 46, 134], [""쇠고기,닭고기오징어 돼지고기 토마토 메밀,땅"", 340, 46, 136], [""콩,복숭아, 아황산류 호두 조개류굴,전복,홍합 포"", 368, 49, 135], [""함)를 사용한 제품과 같은 제조시설에서 제조하"", 396, 47, 136], [""고 있습니다.-원료에서 기인한 침전물이 발생할"", 424, 46, 136], [""수 있으니 흔들어서 사용해주세요."", 452, 43, 139], [""부정 불량식품 신고는국번업이1399"", 480, 43, 144], [""LDPE"", 578, 21, 390], [""8801039 006610"", 594, 43, 154], [""OTHER"", 592, 24, 389], [""소비기한"", 644, 35, 144], [""2027.03.17 A12"", 683, 74, 225], [""영양정보 총내용량5009/100g당32 Cal"", 737, 48, 149], [""0%"", 754, 27, 434], [""0트7.88 M9 394%지방09"", 769, 47, 147], [""2%"", 795, 35, 293], [""트랜스지방Og"", 786, 37, 348], [""탄수화물5g"", 804, 33, 150], [""3%"", 825, 38, 293], [""포화지방0g 0%"", 812, 46, 349], [""당류3g"", 834, 35, 174], [""5%"", 832, 25, 451], [""콜레스테D0M9 0%단39"", 857, 63, 150]]"
000357,2027,08,11,2027-08-11,s1,"해물 필렌(내면) | 2007039 | 반및공환장소 | 이미지사진 | 피초간단 사용법 | 알류 | 아토마토 | 영양정보 | 마,굴)로 만들어 총내용량 80g/130 kCAl | 시피 해물 한 알이면 | 수 있습니다 | 콜레스테를 73 Mg 24% 포화지방.079.4% | 단백질 11 9.19% | 고객시 | 0-900-6133 | dr.sajo.co.kr | SAJO 사조대림 | 2027.08.11 조민수 | OTHER","[[""필렌(내면)"", 77, 20, 511], [""2007039"", 94, 21, 515], [""반및공환장소"", 146, 36, 463], [""해물"", 176, 50, 30], [""이미지사진"", 249, 41, 96], [""피초간단 사용법"", 292, 64, 0], [""알류"", 384, 30, 181], [""아토마토"", 396, 39, 177], [""총내용량 80g/130 kCAl"", 421, 34, 454], [""영양정보"", 464, 53, 162], [""포화지방.079.4%"", 482, 37, 512], [""단백질 11 9.19%"", 514, 34, 445], [""마,굴)로 만들어"", 520, 52, 0], [""시피 해물 한 알이면"", 540, 57, 0], [""콜레스테를 73 Mg 24%"", 543, 80, 158], [""수 있습니다"", 568, 42, 0], [""고객시"", 626, 30, 244], [""사조대림"", 634, 40, 565], [""0-900-6133"", 644, 31, 255], [""dr.sajo.co.kr"", 670, 39, 226], [""SAJO"", 665, 30, 482], [""2027.08.11 조민수"", 754, 56, 248], [""OTHER"", 871, 40, 17]]"
000358,2027,09,16,2027-09-16,s1,SAUCE | 2027.09.16 2지,"[[""SAUCE"", 339, 62, 381], [""2027.09.16 2지"", 586, 48, 238]]"
000359,2026,06,16,2026-06-16,clahe,2026.06.16.121.A | 안전트 필보을 워란 약속,"[[""2026.06.16.121.A"", 490, 33, 234], [""안전트 필보을 워란 약속"", 516, 35, 193]]"
000360,2025,02,18,2025-02-18,s1,25.02.18 마지 | 간편하게 | 아류멸치볶음 즐기는 첨가 | 청정원이 만든 더욱 맛있는 반찬 | 견과류와 멸치를 따로볶아 더 고소하고바삭합니다. | 청정원견과류멸치볶음 식품유형 조림류(살균제품) | 후면상단표기일까지 품목보고번호 200304490005 18 | 실은보(.135C) 내포장재질 폴리프로필렌 | 환장소 고객상담실 및 구입처,"[[""25.02.18"", 356, 79, 353], [""마지"", 366, 37, 548], [""아류멸치볶음"", 538, 86, 6], [""간편하게"", 506, 63, 445], [""즐기는"", 530, 52, 470], [""첨가"", 559, 69, 470], [""청정원이 만든 더욱 맛있는 반찬"", 640, 45, 43], [""견과류와 멸치를 따로볶아 더 고소하고바삭합니다."", 706, 39, 7], [""청정원견과류멸치볶음"", 759, 30, 24], [""식품유형"", 766, 33, 247], [""조림류(살균제품)"", 762, 33, 353], [""후면상단표기일까지"", 786, 23, 30], [""품목보고번호"", 792, 27, 235], [""200304490005 18"", 784, 42, 350], [""실은보(.135C)"", 810, 31, 30], [""내포장재질"", 814, 27, 241], [""폴리프로필렌"", 807, 38, 352], [""환장소 고객상담실 및 구입처"", 920, 31, 0]]"
000361,2026,12,19,2026-12-19,erode5,샘표 | 비우년 2026.12.19 | 박도록 115.522,"[[""샘표"", 267, 55, 481], [""비우년"", 446, 21, 39], [""박도록"", 480, 27, 79], [""2026.12.19"", 442, 63, 266], [""115.522"", 474, 51, 267]]"
000362,2026,08,11,2026-08-11,s1,"욱시원한 | 이육개장 | 초리법 | 식품유형 측석조리식품 | U 용 3909 | 품목보고번호 | 소비기한 별도표서일까지 | 우유,대두,밀,토 | 영양경 영양정보 총내용량350g/120 KCAl ·이 제품은 알류, 메밀, 땅콩,고등C | U트룹/1.460M973%/탄수화물 9g.3% 호두,닭고기,오징어, 조개류굴, | 4g 4%지방 69.11% 제품과 같은 제조시설에서 제조적 | 트랜스지방0g 포화/방 149. 9% 개봉한 제품은 변질될 우려가 | 본 제품은 공정거래위원회고시 | 콜레스테를 20 M9 7% 이단백질 89.15% 또는 보상받을 수 있습니다.·부 | 1일 0양성분 기준치에 대한 비을.(%)은2 0O0 kCA 제품에 이상이 있을 경우 취식하 | 보관방법미준수시에는 변질등 | 저켜주시기바랍니다.·소비 | 2026.08.11.까지 요금부담·조리시자리를뜨 | 조라시끊는 물에화상을입 | A2-2 안준혁 홈에 손가락을 베이지 않도록 | The 미식의 모든 상품들은 | 더미식몰에서 만나보실 수 HACCP | OTHER | 있습니다. | www.the-mishik.com","[[""이육개장"", 44, 90, 286], [""욱시원한"", 22, 39, 366], [""초리법"", 69, 27, 576], [""식품유형 측석조리식품"", 102, 74, 147], [""U 용 3909"", 123, 52, 413], [""품목보고번호"", 146, 36, 604], [""소비기한 별도표서일까지"", 159, 68, 159], [""우유,대두,밀,토"", 297, 34, 603], [""영양정보"", 318, 40, 151], [""총내용량350g/120 KCAl"", 317, 44, 264], [""·이 제품은 알류, 메밀, 땅콩,고등C"", 334, 45, 530], [""영양경"", 330, 26, 156], [""U트룹/1.460M973%/탄수화물"", 356, 47, 149], [""9g.3%"", 358, 34, 438], [""호두,닭고기,오징어, 조개류굴,"", 361, 44, 542], [""4g 4%지방"", 390, 42, 248], [""69.11%"", 394, 38, 439], [""제품과 같은 제조시설에서 제조적"", 388, 43, 546], [""개봉한 제품은 변질될 우려가"", 416, 43, 548], [""트랜스지방0g"", 430, 36, 150], [""포화/방 149. 9%"", 428, 39, 341], [""본 제품은 공정거래위원회고시"", 445, 40, 551], [""콜레스테를 20 M9 7%"", 464, 35, 154], [""이단백질"", 462, 31, 324], [""89.15%"", 464, 30, 441], [""또는 보상받을 수 있습니다.·부"", 474, 37, 552], [""1일 0양성분 기준치에 대한 비을.(%)은2 0O0 kCA"", 497, 36, 152], [""제품에 이상이 있을 경우 취식하"", 505, 30, 553], [""보관방법미준수시에는 변질등"", 535, 41, 551], [""저켜주시기바랍니다.·소비"", 565, 32, 555], [""2026.08.11.까지"", 606, 48, 187], [""요금부담·조리시자리를뜨"", 596, 37, 556], [""조라시끊는 물에화상을입"", 626, 37, 556], [""A2-2"", 665, 54, 175], [""안준혁"", 668, 55, 308], [""홈에 손가락을 베이지 않도록"", 658, 42, 556], [""The 미식의 모든 상품들은"", 733, 53, 253], [""더미식몰에서 만나보실 수"", 770, 54, 254], [""HACCP"", 759, 31, 559], [""OTHER"", 785, 31, 638], [""있습니다."", 810, 49, 252], [""www.the-mishik.com"", 866, 35, 265]]"
000363,2026,04,21,2026-04-21,s1,"간편하게 뜯으세요! | (EASY CUTL | 지국밥 2026.04.21012.38 | 까지 |  GUKBAP | 걸큰돼지국밥은 얼큰돼지밥은더/맛있게 | 아도,얼큰하고 진한 국물을 즐기는방법 | 다. 소면 | 듬 넣어 깊은 맛이 느껴지는 | 티브로 한 제품입니다. | 냄비 조리시 전자레인지이용시 | 배기에 얼큰돼지국밥을 부은 후 5분 | 초~4분30초간끊0드세요 | 이 증발하여 파질 수 있으니 기호에 맞게 도구에 따라 조리시간이 다를 수 있습니다. 2세요.(100W 016AU303 | 여드십시오 | 품","[[""간편하게 뜯으세요!"", 224, 41, 440], [""(EASY CUTL"", 255, 46, 456], [""지국밥"", 474, 79, 0], [""2026.04.21012.38"", 439, 79, 205], [""까지"", 491, 20, 610], ["" GUKBAP"", 526, 29, 0], [""얼큰돼지밥은더/맛있게"", 566, 39, 317], [""걸큰돼지국밥은"", 578, 37, 0], [""아도,얼큰하고 진한 국물을"", 613, 32, 0], [""즐기는방법"", 610, 37, 492], [""소면"", 632, 36, 280], [""다."", 641, 24, 0], [""듬 넣어 깊은 맛이 느껴지는"", 676, 35, 1], [""티브로 한 제품입니다."", 702, 29, 0], [""냄비 조리시"", 754, 34, 7], [""전자레인지이용시"", 745, 47, 425], [""5분"", 791, 34, 253], [""배기에 얼큰돼지국밥을 부은 후"", 795, 32, 0], [""초~4분30초간끊0드세요"", 820, 35, 0], [""도구에 따라 조리시간이 다를 수 있습니다."", 845, 31, 0], [""2세요.(100W 016AU303"", 844, 59, 387], [""이 증발하여 파질 수 있으니 기호에 맞게"", 863, 29, 0], [""여드십시오"", 882, 23, 0], [""품"", 944, 25, 2]]"
000364,2016,NONE,02,2016-NONE-02,rot90,"농축액, L-글루 건표고 야채혼 된장A 차돌양 .com 하남산 60 g | 온도 소비기한 사동면 | 자사기존방식 수라차돌된장찌개가맛있는이유 대.04까지 16/36/2 Don gwon | 시간 자사개선방식 부대세씨게","[[""농축액,"", 35, 73, 125], [""L-글루"", 37, 76, 154], [""건표고"", 36, 73, 195], [""야채혼"", 35, 70, 227], [""된장A"", 34, 65, 265], [""차돌양"", 34, 68, 301], ["".com"", 27, 55, 378], [""하남산"", 25, 50, 404], [""60 g"", 25, 50, 478], [""사동면"", 158, 121, 885], [""수라차돌된장찌개가맛있는이유"", 316, 377, 244], [""소비기한"", 168, 89, 477], [""온도"", 158, 25, 214], [""16/36/2"", 252, 164, 395], [""대.04까지"", 358, 182, 365], [""Don gwon"", 412, 172, 585], [""자사기존방식"", 422, 91, 184], [""자사개선방식"", 465, 105, 133], [""부대세씨게"", 508, 182, 880], [""시간"", 482, 21, 54]]"
000365,2026,03,11,2026-03-11,s1,"소비기한 | 2026.03.11 | 인 레시피치로 11.37.11까지/M31 | 한요기를 가장고 | 전문브랜입니다. | 치찌개 육통령 | 으로,두툼하게 썰어낸 | 지고기 김치찌개는 | 다. | !맛이 깔끔한 국물 맛 맛있게 먹는 TIP | 기호에 따라수제비,라면 사리등을 | 하게 썰어낸 돼지고기, 곁들여 드셔도 맛있습니다. | 전자레인지 용기에 부은 후/00W 기25분 | 중탕끊는 물에 봉지째 | 제품을 넣고5~6분조리 | 냄비 뚜껑을 열고 조리하세요. | (제품이터질수있습니다)","[[""소비기한"", 371, 30, 162], [""2026.03.11"", 396, 31, 313], [""인 레시피치로"", 432, 28, 4], [""11.37.11까지/M31"", 432, 29, 234], [""한요기를 가장고"", 451, 30, 0], [""전문브랜입니다."", 472, 32, 0], [""치찌개"", 564, 51, 0], [""육통령"", 560, 37, 343], [""으로,두툼하게 썰어낸"", 614, 36, 0], [""지고기 김치찌개는"", 644, 33, 0], [""다."", 669, 28, 0], [""!맛이 깔끔한 국물 맛"", 733, 36, 0], [""맛있게 먹는 TIP"", 716, 29, 266], [""기호에 따라수제비,라면 사리등을"", 736, 45, 263], [""하게 썰어낸 돼지고기,"", 764, 37, 0], [""곁들여 드셔도 맛있습니다."", 758, 49, 260], [""전자레인지"", 840, 48, 310], [""중탕끊는 물에 봉지째"", 873, 36, 50], [""용기에 부은 후/00W 기25분"", 848, 85, 310], [""제품을 넣고5~6분조리"", 896, 35, 51], [""냄비 뚜껑을 열고 조리하세요."", 921, 32, 0], [""(제품이터질수있습니다)"", 939, 40, 5]]"
000366,2026,09,05,2026-09-05,s1,"소비기한 | 2026.09.05L2 | 까지 | 초리방법 | 어 | ※오래 끓이면 깔수 있으니조리시간을준수해주세요. | 스파탐 | 전자레인지 | 송썬대파, 용기에부은후뚜껑을덮고 8분.700W기준) | 토르트식품) 품목보고번호 19840532001372","[[""소비기한"", 288, 39, 164], [""2026.09.05L2"", 309, 52, 302], [""까지"", 339, 30, 565], [""초리방법"", 628, 36, 78], [""어"", 680, 23, 0], [""※오래 끓이면 깔수 있으니조리시간을준수해주세요."", 702, 46, 166], [""스파탐"", 766, 31, 0], [""전자레인지"", 824, 34, 178], [""송썬대파,"", 840, 30, 0], [""용기에부은후뚜껑을덮고 8분.700W기준)"", 852, 35, 179], [""토르트식품)"", 932, 43, 0], [""품목보고번호"", 932, 29, 141], [""19840532001372"", 938, 37, 291]]"
000367,2026,05,18,2026-05-18,s1,"추어팅 VISTC | Our | Website | 소비기한 | 과함께 | 상을 2026.05.18 | 즐겁게! 01.53.B. | O U4 까지 | 미꾸라지를갈이 | 진한국술 | 혜원산단길107 | 풍성안시래기 | 토란대와대과 | 지(중국산),정제 연출 산초,들까가루 | H(미얀마산),대파, 이미지 풍미가득 | 합조미식품1,혼합 비비고 남도식추어탕 조리방법 | 23,들깨가루,고츠 Pot 냄비조리 | 제, 효모추출물, 설 | 쇠고기 함유 -개봉하여 냄비에 붓고 중불로 4-5분 조리 | 오래 끝이면 깔수있으니조리시간을준수하여주세요기호에따라 | Microwave 전자레인지","[[""추어팅"", 175, 88, 5], [""VISTC"", 188, 40, 455], [""Our"", 212, 29, 464], [""Website"", 234, 34, 444], [""소비기한"", 299, 44, 168], [""과함께"", 360, 31, 0], [""2026.05.18"", 374, 39, 308], [""상을"", 391, 30, 0], [""즐겁게!"", 422, 31, 0], [""01.53.B."", 415, 42, 357], [""까지"", 508, 37, 606], [""O U4"", 516, 34, 187], [""미꾸라지를갈이"", 566, 32, 490], [""진한국술"", 594, 32, 490], [""혜원산단길107"", 628, 37, 0], [""풍성안시래기"", 633, 36, 491], [""토란대와대과"", 660, 27, 494], [""연출"", 708, 36, 179], [""산초,들까가루"", 705, 34, 495], [""지(중국산),정제"", 724, 40, 1], [""이미지"", 734, 29, 181], [""풍미가득"", 734, 29, 496], [""H(미얀마산),대파,"", 754, 40, 1], [""비비고 남도식추어탕 조리방법"", 778, 47, 192], [""합조미식품1,혼합"", 784, 42, 0], [""23,들깨가루,고츠"", 814, 45, 0], [""Pot 냄비조리"", 817, 30, 191], [""제, 효모추출물, 설"", 844, 47, 0], [""-개봉하여 냄비에 붓고 중불로 4-5분 조리"", 854, 42, 194], [""쇠고기 함유"", 879, 52, 12], [""오래 끝이면 깔수있으니조리시간을준수하여주세요기호에따라"", 900, 47, 187], [""Microwave 전자레인지"", 929, 34, 191]]"
000368,2026,09,22,2026-09-22,erode5,2026.09.22.06.19.F3.7,"[[""2026.09.22.06.19.F3.7"", 454, 47, 230]]"
000369,2027,06,25,2027-06-25,s1,대세씨 사오사이 | 런짜장 S1 2027.06.25 | 까지 | 3·분·요·리,"[[""대세씨 사오사이"", 26, 57, 367], [""S1 2027.06.25"", 431, 47, 233], [""런짜장"", 470, 110, 0], [""까지"", 486, 29, 487], [""3·분·요·리"", 542, 50, 36]]"
000370,2035,09,27,2035-09-27,rot90,"화합시다.소증한 자원.깨칭한 환경 F12503 019 9U3/수신자요금부담) 남실 A고객시 1399 ·부정·불량식 교환장소:곡객상담실 및 소비자기본법에 의거 교환 포함)·아황산류 홍입 가능 땅콩 적 한번에 드십시오 선을 폴리에틸렌 표 1일까지 | OTHER 비닐류 울특별 우유,대두 앉불베이스 풍미분말 밀:미국산 화짜장 | 종 [Unll | 8 801052 | 1일 영앙성분 기준치에대한비율/%)을 2002 단백질6g 콜레스테를Omg 포화지방09 트랜스지방09 지방 3.49 20g 35 9 275 /CA/ 총내용량 809 영양정보 120.6층 94- 최고 해조칼슘 0 | mg 준치에대한 1일","[[""019 9U3/수신자요금부담)"", 112, 224, 326], [""화합시다.소증한 자원.깨칭한 환경 F12503"", 160, 287, 293], [""A고객시"", 66, 99, 360], [""·부정·불량식"", 107, 144, 416], [""교환장소:곡객상담실 및"", 148, 236, 439], [""1399"", 72, 55, 398], [""소비자기본법에 의거 교환"", 174, 241, 491], [""포함)·아황산류 홍입 가능"", 177, 237, 516], [""땅콩"", 95, 48, 562], [""선을"", 104, 39, 637], [""남실"", 121, 52, 368], [""폴리에틸렌"", 138, 103, 654], [""적 한번에 드십시오"", 209, 186, 593], [""표"", 132, 30, 681], [""1일까지"", 177, 62, 680], [""화짜장"", 206, 73, 924], [""울특별"", 246, 65, 706], [""우유,대두"", 263, 94, 736], [""앉불베이스"", 272, 96, 756], [""풍미분말"", 256, 70, 777], [""밀:미국산"", 260, 78, 807], [""OTHER"", 266, 56, 338], [""비닐류"", 264, 48, 377], [""[Unll"", 339, 132, 916], [""종"", 308, 23, 705], [""8"", 386, 19, 323], [""801052"", 384, 29, 346], [""총내용량 809"", 461, 121, 640], [""영양정보"", 460, 126, 666], [""1일 영앙성분 기준치에대한비율/%)을 2002"", 533, 242, 336], [""단백질6g"", 475, 126, 362], [""콜레스테를Omg"", 500, 186, 394], [""지방 3.49"", 468, 113, 482], [""275 /CA/"", 453, 101, 624], [""포화지방09"", 501, 142, 424], [""트랜스지방09"", 506, 156, 450], [""120.6층"", 472, 84, 709], [""94-"", 442, 27, 732], [""20g"", 494, 57, 510], [""해조칼슘"", 496, 70, 767], [""0"", 464, 16, 800], [""35 9"", 520, 54, 537], [""최고"", 506, 39, 751], [""mg"", 544, 65, 560], [""준치에대한"", 556, 71, 583], [""1일"", 560, 21, 606]]"
000371,2026,02,15,2026-02-15,s1,2026.02.151N0736.57 L1,"[[""2026.02.151N0736.57 L1"", 454, 39, 196]]"
000372,2026,09,15,2026-09-15,s1,"SECRET | RECIPE | 밤을 넣어 | 고소한맛을 전자레인지조리시 | 한층더한밭죽 | 대워드시오(00기 | SECRET | RECIPE | 통팥을직접삶아 끓는물 이용시 | 쌀과함께 데워드십시오 는물에제품을넣고에라 | 몽근하게끌인 | 동지팔죽 | *데우지 않고 드셔도 됩니다. | 내용4509 3첨가 | 495 /CAl 첨가 -네오탐(이료) -아세설칼감미-이스입이 | 탄수.920 281 | 913% 소비기한 | 1포화지방 2.7918% | 단백169 29% 2026.09.15.F4.15.21.5 | 미로 개인의 필요 열람데 따라 다를 수 있습니다 까지 | 제품명 오즈키친 동지팔죽 | 유형 즉석조리식품 | 원료명 | 고싶은 | 4.정성을 검정찰현미,정제소금,덱스트린 | 행복한 하루 | 소비기한 상단표시일까지 | 비닐류 | 품목보고번호 F4)19920308038115 | THER","[[""SECRET"", 58, 27, 139], [""RECIPE"", 76, 25, 137], [""밤을 넣어"", 102, 32, 126], [""고소한맛을"", 126, 30, 117], [""전자레인지조리시"", 110, 33, 402], [""한층더한밭죽"", 154, 36, 114], [""대워드시오(00기"", 166, 55, 397], [""SECRET"", 237, 26, 88], [""RECIPE"", 254, 22, 89], [""통팥을직접삶아"", 278, 33, 57], [""끓는물 이용시"", 268, 37, 406], [""는물에제품을넣고에라"", 288, 41, 403], [""쌀과함께"", 302, 30, 75], [""데워드십시오"", 306, 31, 406], [""몽근하게끌인"", 324, 36, 68], [""동지팔죽"", 348, 36, 76], [""*데우지 않고 드셔도 됩니다."", 356, 30, 408], [""3첨가"", 390, 29, 402], [""내용4509"", 406, 23, 72], [""첨가"", 418, 25, 364], [""-아세설칼감미-이스입이"", 408, 23, 402], [""495 /CAl"", 426, 23, 79], [""-네오탐(이료)"", 424, 20, 402], [""탄수.920 281"", 454, 23, 22], [""913%"", 480, 21, 1], [""소비기한"", 484, 28, 175], [""1포화지방 2.7918%"", 503, 29, 0], [""단백169 29%"", 527, 30, 19], [""2026.09.15.F4.15.21.5"", 512, 60, 216], [""까지"", 534, 24, 540], [""미로 개인의 필요 열람데 따라 다를 수 있습니다"", 555, 30, 0], [""제품명"", 632, 28, 120], [""오즈키친 동지팔죽"", 631, 29, 189], [""유형"", 662, 30, 125], [""즉석조리식품"", 662, 29, 187], [""원료명"", 749, 32, 110], [""고싶은"", 774, 25, 0], [""4.정성을"", 794, 30, 0], [""검정찰현미,정제소금,덱스트린"", 792, 48, 186], [""행복한 하루"", 814, 29, 0], [""소비기한"", 833, 26, 106], [""상단표시일까지"", 834, 29, 187], [""비닐류"", 866, 26, 0], [""품목보고번호"", 877, 28, 107], [""THER"", 904, 35, 0], [""F4)19920308038115"", 883, 45, 229]]"
000373,2035,01,09,2035-01-09,s1,"우리쌀쇠고기 스프 | 식품유형 축석조리식품 | 소재지 | 입가능성이있습니다. 1일영양성분 | 영양정보 총내용량당 기준치에대한비를 총내용량당 기준치에대한비를 | L트룹 1.360 Mg 68% 지방5.1g 9% | 탄수화물45g 14% 트랜스지방0g | 총내용량60g 당류17g 17% 포화지방3.1g 21% | 237 kCAl 콜레스테롤10mg 3% 단백질2.8g 5% | 소비기한 | 로므르트스 모크, 1들 HACCP 비닐류 | OTHER | 8 809847/090135","[[""우리쌀쇠고기 스프"", 49, 50, 174], [""식품유형 축석조리식품"", 83, 36, 114], [""소재지"", 116, 25, 116], [""입가능성이있습니다."", 348, 39, 93], [""1일영양성분"", 358, 29, 565], [""총내용량당"", 376, 23, 188], [""총내용량당"", 368, 30, 422], [""기준치에대한비를"", 371, 30, 534], [""영양정보"", 388, 51, 76], [""기준치에대한비를"", 380, 24, 300], [""L트룹 1.360 Mg"", 404, 29, 185], [""68%"", 402, 21, 365], [""지방5.1g"", 398, 27, 426], [""9%"", 400, 31, 606], [""탄수화물45g"", 432, 33, 184], [""14%"", 427, 24, 365], [""트랜스지방0g"", 423, 26, 446], [""총내용량60g"", 447, 40, 74], [""당류17g"", 458, 29, 200], [""17%"", 452, 25, 365], [""포화지방3.1g"", 450, 27, 448], [""21%"", 452, 29, 608], [""237 kCAl"", 480, 43, 69], [""콜레스테롤10mg"", 484, 31, 182], [""3%"", 481, 26, 377], [""단백질2.8g"", 480, 29, 431], [""5%"", 478, 29, 621], [""소비기한"", 566, 27, 218], [""HACCP"", 578, 20, 541], [""로므르트스 모크, 1들"", 590, 37, 251], [""비닐류"", 584, 25, 631], [""OTHER"", 622, 28, 610], [""8 809847/090135"", 635, 28, 49]]"
000374,2026,08,28,2026-08-28,s1,"식 그대로 재료 본연의 값은 맛 Donguor | 단괄죽 1등 | 내용량 4209 소비기한 | 광주광역시 광산구 하남산 | (www.dongwonfnb.com) 2026.08.28 | 도시일까지 | 12.0%0중국산).당침 | 밤7.0%,설탕,비타민C,산 든든한아침을 책임지는 | 금, 산도조절제B),고운앙금 한끼 건강식 양반죽 | 설탕,정제수,팔24%, 물엿,정 양반죽은 전롱죽에현대적인 가치를더하여 | 5.7%60%.쌀 1992년에탄생하였습니다 | 정제소금 모든재료를한번에 넣고오랜시간저으면서끌여내는 | 폴리프로필렌 양반죽은 맛과영양을제대로 담아내어 | 1950227050186 한끼의품격을을리는건강식입니다. | 토,돼지고기,메밀, 알류,땅고 | 아, 아황산류대루,밀,쇠고기,조 양반죽 1등비법 밤단팔죽은? | 굴포함),오정어,새우,우유게 | 용한제품과 같은 제조시설에서 제 재료 본연의 맛이 살아 있는 | ·보관방법:1.실혼보관(냉장및 국내산 참쌀과 입쌀 쌀알이굵고깨지지 있은 | )2.개봉한 제품은변질의 우려가 | 한번에 드십시오.·조리 시 제품과 | 나안전사고에 주의하십시오 | 에 손을 베일 수있으니 주의하십실 3(무)첨가","[[""식 그대로 재료 본연의 값은 맛"", 222, 25, 4], [""Donguor"", 225, 44, 415], [""단괄죽"", 268, 77, 1], [""1등"", 268, 38, 198], [""내용량 4209"", 338, 34, 42], [""소비기한"", 340, 36, 250], [""광주광역시 광산구 하남산"", 399, 32, 2], [""2026.08.28"", 415, 59, 296], [""(www.dongwonfnb.com)"", 426, 34, 0], [""도시일까지"", 456, 27, 0], [""12.0%0중국산).당침"", 486, 35, 0], [""밤7.0%,설탕,비타민C,산"", 518, 42, 0], [""든든한아침을 책임지는"", 514, 35, 336], [""금, 산도조절제B),고운앙금"", 545, 41, 0], [""한끼 건강식 양반죽"", 540, 37, 337], [""설탕,정제수,팔24%, 물엿,정"", 572, 46, 0], [""5.7%60%.쌀"", 597, 52, 0], [""양반죽은 전롱죽에현대적인 가치를더하여"", 568, 37, 301], [""1992년에탄생하였습니다"", 589, 30, 346], [""정제소금"", 618, 36, 0], [""모든재료를한번에 넣고오랜시간저으면서끌여내는"", 611, 48, 273], [""폴리프로필렌"", 646, 43, 0], [""1950227050186"", 676, 49, 0], [""양반죽은 맛과영양을제대로 담아내어"", 654, 39, 317], [""한끼의품격을을리는건강식입니다."", 674, 37, 321], [""토,돼지고기,메밀, 알류,땅고"", 710, 67, 0], [""아, 아황산류대루,밀,쇠고기,조"", 734, 68, 0], [""굴포함),오정어,새우,우유게"", 758, 70, 0], [""양반죽 1등비법 밤단팔죽은?"", 726, 48, 264], [""용한제품과 같은 제조시설에서 제"", 782, 71, 0], [""·보관방법:1.실혼보관(냉장및"", 807, 72, 0], [""재료 본연의 맛이 살아 있는"", 774, 31, 358], ["")2.개봉한 제품은변질의 우려가"", 831, 74, 0], [""쌀알이굵고깨지지 있은"", 794, 67, 438], [""한번에 드십시오.·조리 시 제품과"", 854, 75, 0], [""국내산 참쌀과 입쌀"", 816, 49, 444], [""나안전사고에 주의하십시오"", 876, 73, 0], [""에 손을 베일 수있으니 주의하십실"", 902, 79, 0], [""3(무)첨가"", 893, 45, 441]]"
000375,2026,05,31,2026-05-31,s1,"소비 0 A2 26.05.31 22.36 까지 | 기한 | 맛있는 죽의 기준이 되다 | 햇반 쌀전문가‘햇반’이 찾아낸,맛의 차이를 만드는 레시피 | 2행반이 엄선한 100% 국내산 쌀할 | √고소한 전복내장과 쫄깃한 전복의 | 살아있는 식감 | 전복내장죽 √정성들여 끓여낸 깊은 맛의 양지육수 | 한반 전복내장죽 조리방법 제품명 전복내장죽 | 인레인지조리시 식품의 유형 즉석조리식품 | 치상단'안전절취선'을1/2정도개봉하여 내용량 420 9 | 레인지에 닿지 않도록 상단을 접은후. 업소명및 씨이제일제당주식회사/ | 놓고 아래 기준에맞춰 조리해주세요. 소재지 부산광역시사하구0대로210 | 700W 1000W 정제수,멥쌀(국산), 참고둥살[외를 | 2분 30초 2분 | 아루마니아, 튀르키예 등)],표페 | 국산),새송이버섯,전복살[외권 | 이시아 인도네시아등)참","[[""26.05.31"", 393, 29, 207], [""22.36"", 387, 34, 422], [""소비"", 396, 22, 63], [""0 A2"", 402, 29, 102], [""까지"", 398, 23, 644], [""기한"", 416, 27, 63], [""맛있는 죽의 기준이 되다"", 504, 48, 309], [""햇반"", 556, 93, 106], [""쌀전문가‘햇반’이 찾아낸,맛의 차이를 만드는 레시피"", 540, 46, 283], [""2행반이 엄선한 100% 국내산 쌀할"", 582, 28, 288], [""√고소한 전복내장과 쫄깃한 전복의"", 610, 30, 287], [""살아있는 식감"", 635, 30, 306], [""전복내장죽"", 674, 60, 65], [""√정성들여 끓여낸 깊은 맛의 양지육수"", 661, 32, 295], [""제품명"", 738, 25, 412], [""전복내장죽"", 734, 26, 478], [""한반 전복내장죽 조리방법"", 745, 29, 60], [""인레인지조리시"", 772, 33, 61], [""식품의 유형"", 762, 29, 401], [""즉석조리식품"", 758, 27, 480], [""치상단'안전절취선'을1/2정도개봉하여"", 796, 39, 60], [""내용량"", 786, 32, 413], [""420 9"", 784, 28, 482], [""레인지에 닿지 않도록 상단을 접은후."", 818, 34, 70], [""업소명및"", 810, 29, 409], [""씨이제일제당주식회사/"", 807, 28, 485], [""소재지"", 831, 24, 417], [""부산광역시사하구0대로210"", 828, 31, 487], [""놓고 아래 기준에맞춰 조리해주세요."", 840, 33, 95], [""700W"", 866, 21, 120], [""1000W"", 868, 25, 216], [""정제수,멥쌀(국산), 참고둥살[외를"", 870, 41, 489], [""2분 30초"", 887, 31, 112], [""2분"", 892, 25, 226], [""아루마니아, 튀르키예 등)],표페"", 897, 42, 490], [""국산),새송이버섯,전복살[외권"", 926, 47, 493], [""이시아 인도네시아등)참"", 948, 30, 492]]"
000376,2025,10,07,2025-10-07,s1,"유어스프리미엄 | 오모리 | 어득 | 김s OMORI EOMUK | 쫄깃한 어 | 얼큰한오 | ·기타어육가 | 2025.10.07까지 배추2.7 | 나E룹420M9 21%탄수화물692%당류120.1%/지방 | 영양 층내용랑309 | 2100g 당45 kCA1 19 영양성분 기준치에 대한 바울%은 20O2기준0으로 개 | 국산·다두밀소고기,닭고기,새우오징어 조개류(바지락,굴)함유 | 논현로508.GS강남타위 19층(야삼동)영업본부 서울특분시서 | 주의사항.-비 냉장 보관 시 소비기한 이내에 변질될 우려가 | 뚜껑을 살 이내라도 빨리 드시기 바랍니다.개봉시 뜨거운 | -제품 내 간혹 흑막이 발견될 수있 | 드시기바랍니다.-이제풍은","[[""유어스프리미엄"", 15, 31, 442], [""오모리"", 145, 86, 291], [""어득"", 240, 100, 597], [""김s"", 318, 324, 118], [""OMORI"", 314, 23, 627], [""EOMUK"", 336, 20, 630], [""쫄깃한 어"", 380, 30, 635], [""얼큰한오"", 408, 30, 641], [""·기타어육가"", 481, 54, 613], [""2025.10.07까지"", 514, 63, 236], [""배추2.7"", 536, 58, 620], [""나E룹420M9 21%탄수화물692%당류120.1%/지방"", 599, 50, 301], [""영양 층내용랑309"", 626, 56, 143], [""2100g 당45 kCA1"", 661, 52, 176], [""19 영양성분 기준치에 대한 바울%은 20O2기준0으로 개"", 665, 38, 301], [""국산·다두밀소고기,닭고기,새우오징어 조개류(바지락,굴)함유"", 702, 67, 171], [""논현로508.GS강남타위 19층(야삼동)영업본부 서울특분시서"", 800, 45, 251], [""뚜껑을 살"", 866, 111, 61], [""주의사항.-비 냉장 보관 시 소비기한 이내에 변질될 우려가"", 836, 38, 273], [""이내라도 빨리 드시기 바랍니다.개봉시 뜨거운"", 871, 38, 306], [""-제품 내 간혹 흑막이 발견될 수있"", 906, 47, 353], [""드시기바랍니다.-이제풍은"", 938, 44, 401]]"
000377,2026,07,01,2026-07-01,s1,"구입처 또는 소비 소비자상담/031-534-016 www.e-sandl.co.kr 습니다. 포장시설에서 포장( 닭고기 메밀.대투 습기를피해서능 드아몬드미국산] 공설당커피고구마전 볶음아 산설탕,땅콩]커피땅콩중국산 건포도해바라기화이트볼중 틸아디핀산이전문건포도(미국신 당.밀가루꿀찰옥수수변성전분아 원재료명 꿀콩중국산땅콩 경제로1248-48 제조 판매원 포천시 군내면 용장 (주)산과들에/경기 품목보고번호 2011037253213 소비기한 별도표기 내포장재질 플리에틸렌 제품명 오리진스 믹스너 | 아황산륨 땅콩,밀일 | 포화지 14 9 0 mg 영양정보 질소충전 포장하였습니다. ·제품의신선도유지를위해 주의하시기바랍니다. 삼키면 질식의위험이 있으 없0 1399.제품 ·부정,불량식품 신고는 국번 소비자기본법에의한피해보상 | 90 kcal 총내용량20 숨을썼지 않고 17:006/안성호 2026.07.01까지","[[""메밀.대투"", 306, 58, 244], [""드아몬드미국산]"", 325, 90, 309], [""공설당커피고구마전 볶음아"", 353, 155, 326], [""소비자상담/031-534-016"", 360, 152, 142], [""산설탕,땅콩]커피땅콩중국산"", 354, 151, 350], [""건포도해바라기화이트볼중"", 356, 157, 373], [""틸아디핀산이전문건포도(미국신"", 354, 155, 393], [""당.밀가루꿀찰옥수수변성전분아"", 359, 147, 416], [""원재료명"", 310, 47, 443], [""제조 판매원 포천시 군내면 용장"", 354, 153, 482], [""습니다."", 312, 41, 192], [""품목보고번호"", 314, 65, 522], [""www.e-sandl.co.kr"", 342, 93, 174], [""닭고기"", 314, 35, 229], [""소비기한"", 314, 50, 546], [""내포장재질"", 312, 55, 570], [""제품명"", 312, 39, 596], [""포장시설에서 포장("", 384, 111, 206], [""꿀콩중국산땅콩"", 383, 98, 443], [""경제로1248-48"", 384, 96, 466], [""2011037253213"", 382, 97, 526], [""별도표기"", 364, 59, 552], [""플리에틸렌"", 372, 84, 573], [""오리진스 믹스너"", 380, 105, 597], [""구입처 또는 소비"", 394, 90, 128], [""습기를피해서능"", 390, 95, 279], [""(주)산과들에/경기"", 383, 86, 507], [""아황산륨"", 400, 56, 248], [""땅콩,밀일"", 404, 48, 310], [""포화지"", 522, 35, 74], [""영양정보"", 532, 65, 221], [""질소충전 포장하였습니다."", 568, 143, 263], [""·제품의신선도유지를위해"", 578, 161, 284], [""주의하시기바랍니다."", 555, 118, 307], [""삼키면 질식의위험이 있으"", 573, 156, 328], [""없0 1399.제품"", 547, 102, 353], [""·부정,불량식품 신고는 국번"", 582, 157, 374], [""소비자기본법에의한피해보상"", 584, 153, 400], [""14 9"", 574, 38, 143], [""0 mg"", 572, 44, 163], [""총내용량20"", 616, 74, 234], [""숨을썼지 않고"", 621, 76, 351], [""90 kcal"", 628, 52, 213], [""2026.07.01까지"", 619, 24, 450], [""17:006/안성호"", 634, 20, 454]]"
000378,2026,05,29,2026-05-29,s1,29 05 2025.40 | 29 05 2026 B1 | FLAVOUR CHICKEN | naak GEMEL | 맛이어,"[[""29 05"", 320, 30, 203], [""2025.40"", 316, 36, 352], [""29 05 2026 B1"", 377, 40, 200], [""FLAVOUR"", 493, 126, 48], [""CHICKEN"", 498, 127, 76], [""naak"", 670, 332, 262], [""GEMEL"", 647, 158, 388], [""맛이어"", 824, 91, 34]]"
000379,2026,09,05,2026-09-05,s1,"영양정보 2U821.159 | 나트룹 2M90% 탄수화물 149 4%  13013%1 | 클레스테Omg0% 단백질0g 0% | 050926 804973/306914 | 2.13 5069351 930117 11309 30 | 식품유형 캔디류 내용0 159/60kCAl) | OTHE | 원재료명 | 포장재진 구연산,구연산심니","[[""영양정보"", 268, 27, 34], [""2U821.159"", 267, 30, 280], [""나트룹 2M90% 탄수화물 149 4% "", 294, 25, 30], [""13013%1"", 294, 23, 302], [""클레스테Omg0%"", 334, 25, 35], [""단백질0g 0%"", 332, 26, 210], [""050926"", 437, 34, 108], [""804973/306914"", 449, 40, 468], [""2.13"", 472, 35, 109], [""5069351 930117 11309 30"", 483, 50, 463], [""식품유형 캔디류"", 687, 50, 62], [""내용0 159/60kCAl)"", 694, 33, 226], [""OTHE"", 714, 33, 600], [""원재료명"", 772, 35, 67], [""포장재진"", 800, 39, 64], [""구연산,구연산심니"", 790, 27, 117]]"
000380,2026,09,02,2026-09-02,s1,HACCP | 과자(유탕처리제품)/내용량.308(0125 K02) 호박가루1.6%.찰쌀0.8% NEW 호박 찹쌀 약과 2026.09.02까지4,"[[""HACCP"", 164, 63, 74], [""NEW 호박 찹쌀 약과"", 436, 397, 166], [""과자(유탕처리제품)/내용량.308(0125 K02)"", 507, 500, 42], [""호박가루1.6%.찰쌀0.8%"", 574, 361, 84], [""2026.09.02까지4"", 682, 69, 188]]"
000381,2027,01,20,2027-01-20,det5,N DE LOT.5.020.43.B | DDM.20/01/2027,"[[""N DE LOT.5.020.43.B"", 512, 61, 173], [""DDM.20/01/2027"", 554, 55, 205]]"
000382,2026,08,18,2026-08-18,s1,소비기한.2026.08.18 | 08.40 | 까지 | 영양정보 총내용릉 1.000 ML.(100ML010) 1병 68 kCAl | DE 0M9 0% 탄수학물 179 5% 8류 169 16% 지방0g0% | E0N/09 포N09 0% 2스M 0M9 0% 단09 0% | 1월앙분 기준시에대한비율 (%)은2.00N기준으로개인 필요 | SAENGGI-D | 1801674/810573 | 3대구경북능금농협,"[[""소비기한.2026.08.18"", 446, 47, 245], [""08.40"", 469, 24, 362], [""까지"", 501, 30, 473], [""영양정보"", 557, 30, 248], [""총내용릉 1.000 ML.(100ML010)"", 545, 21, 365], [""1병 68 kCAl"", 562, 23, 433], [""DE 0M9 0% 탄수학물 179 5% 8류 169 16% 지방0g0%"", 581, 24, 248], [""E0N/09 포N09 0% 2스M 0M9 0% 단09 0%"", 602, 27, 248], [""1월앙분 기준시에대한비율 (%)은2.00N기준으로개인 필요"", 624, 22, 250], [""SAENGGI-D"", 744, 52, 223], [""1801674/810573"", 884, 35, 260], [""3대구경북능금농협"", 934, 51, 226]]"
000383,2026,04,03,2026-04-03,s1,"비E 500 | 젤리 | 제조원2층) 소비기한 후면표기일까지(연, 월,일) | 포장재질 폴리에틸렌 품목보고번호 201/0484590109 | 소비기한 | 2026.04.03.E | 까지 | 소비기한을 꼭!확인하세요 | 8내83 489 HACCP | 160 kGA/ | 트랜스지방 0g 포화지방0g 0% 비닐류 | 단백질 4g 7% OTHER","[[""비E 500"", 218, 56, 239], [""젤리"", 284, 35, 271], [""제조원2층)"", 404, 34, 75], [""소비기한 후면표기일까지(연, 월,일)"", 397, 46, 166], [""품목보고번호 201/0484590109"", 413, 45, 301], [""포장재질 폴리에틸렌"", 432, 39, 78], [""소비기한"", 668, 29, 297], [""2026.04.03.E"", 693, 40, 356], [""까지"", 716, 23, 531], [""소비기한을 꼭!확인하세요"", 764, 67, 328], [""8내83 489"", 791, 39, 414], [""HACCP"", 788, 24, 501], [""160 kGA/"", 810, 38, 426], [""트랜스지방 0g"", 874, 42, 186], [""비닐류"", 856, 21, 510], [""포화지방0g 0%"", 874, 33, 279], [""단백질 4g 7%"", 899, 40, 194], [""OTHER"", 888, 27, 498]]"
000384,2026,07,08,2026-07-08,s1,BRONOIR 소비기한 | 2026.07.08까2 | HACCP,"[[""BRONOIR"", 544, 99, 107], [""소비기한"", 508, 22, 433], [""2026.07.08까2"", 563, 22, 470], [""HACCP"", 588, 20, 29]]"
000385,2026,09,14,2026-09-14,s1,2025.09.15 8 | 부터 | 2026.09.14 | 까지 | 맛있는 약속,"[[""2025.09.15 8"", 521, 34, 301], [""부터"", 534, 24, 457], [""2026.09.14"", 558, 37, 303], [""까지"", 566, 21, 460], [""맛있는 약속"", 575, 26, 497]]"
000386,2026,06,10,2026-06-10,s1,시리즈 | 드랜베리로 | 새콤달콤크랜네리와고소한아몬드 | 크랜베리와이=의건강한만남 | 5가지 통곡들로만든오곡볼 | 미세후크지퍼백으로 | 샐틈없이신선하게! | 카카오 | 2025.06.11 | 2026.06.10,"[[""시리즈"", 296, 25, 161], [""드랜베리로"", 316, 42, 394], [""새콤달콤크랜네리와고소한아몬드"", 368, 27, 390], [""크랜베리와이=의건강한만남"", 383, 24, 389], [""5가지 통곡들로만든오곡볼"", 456, 22, 390], [""미세후크지퍼백으로"", 523, 24, 394], [""샐틈없이신선하게!"", 542, 25, 395], [""카카오"", 552, 53, 607], [""2025.06.11"", 833, 24, 406], [""2026.06.10"", 847, 24, 406]]"
000387,2027,01,21,2027-01-21,s1,로당 홍삼농축액 | 통삼성분50Mg/9 | 분 60%이상 | 국산) 8% | 소비기한.2027.01.21 까지,"[[""로당 홍삼농축액"", 699, 32, 195], [""통삼성분50Mg/9"", 720, 30, 186], [""분 60%이상"", 742, 23, 224], [""국산) 8%"", 763, 34, 184], [""소비기한.2027.01.21"", 858, 31, 102], [""까지"", 862, 27, 405]]"
000388,2026,01,15,2026-01-15,s1,간약과 | 2026.01.15까지,"[[""간약과"", 540, 89, 294], [""2026.01.15까지"", 661, 24, 264]]"
000389,2026,02,27,2026-02-27,s1,ㅎ농협식품 2026.02.27 | 쌀약과 기 | 영양정보 | 48  | 금토22/10시1000원21,"[[""ㅎ농협식품"", 486, 23, 29], [""2026.02.27"", 486, 33, 382], [""쌀약과"", 580, 81, 85], [""기"", 544, 22, 299], [""영양정보"", 598, 29, 451], [""48 "", 664, 23, 226], [""금토22/10시1000원21"", 911, 28, 69]]"
000390,2026,05,19,2026-05-19,s1,통산자 | ·원재로 및 성부배한비율·멜쌀휘밥[압춤열휘밥(쌀:외국산)] | ·소비기한별도표기일 까지 | ·유통과정에서 변질품이나 파손품은 본사 및 구입처에서 교환 | *부정불량 식품 신고는 | 2026.05.19 | 미담푸드,"[[""통산자"", 356, 106, 248], [""·원재로 및 성부배한비율·멜쌀휘밥[압춤열휘밥(쌀:외국산)]"", 482, 23, 263], [""·소비기한별도표기일 까지"", 556, 28, 262], [""·유통과정에서 변질품이나 파손품은 본사 및 구입처에서 교환"", 570, 24, 263], [""2026.05.19"", 615, 44, 254], [""*부정불량 식품 신고는"", 593, 23, 261], [""미담푸드"", 637, 26, 276]]"
000391,2026,12,10,2026-12-10,s1,"4.500 | 누텔리 | 소비기한.2026.12.10N1 g0g당 1, | 연고농장 | YEON GO FARM | VEGAN | We deliver a cup of tea to a very precious | 박하차 티백 | [국내산]박한 | 25eA.(1g/18백) | 식품의유형:침출차 | 품제조보1번호:201805644 | “정직하게 볶았습니다. | Honestly roasted","[[""4.500"", 44, 62, 139], [""누텔리"", 54, 38, 661], [""소비기한.2026.12.10N1"", 122, 43, 329], [""g0g당 1,"", 126, 28, 677], [""연고농장"", 452, 69, 223], [""YEON GO FARM"", 494, 27, 266], [""VEGAN"", 570, 23, 255], [""We deliver a cup of tea to a very precious"", 603, 34, 217], [""박하차 티백"", 696, 43, 281], [""[국내산]박한"", 727, 30, 285], [""25eA.(1g/18백)"", 764, 41, 279], [""식품의유형:침출차"", 790, 30, 306], [""품제조보1번호:201805644"", 806, 34, 267], [""“정직하게 볶았습니다."", 850, 50, 244], [""Honestly roasted"", 872, 41, 278]]"
000392,2026,08,28,2026-08-28,s1,SORION | THE | 실속형 2배UP 응가중량 대비 | 소비기한 | 간편하게 즐기는 | 25.08.29.14.52 | 깔끔한 더 자일리톨 26.08.28 | THE 용기 또는 파우치에 리필해서 드세요! | KYLITOL | 달지않아 깔끔한더자일리톨 | 더 드립니다 | 복숭아맛 | OTHER | 품목보고번호198/0415003279,"[[""SORION"", 62, 29, 216], [""THE"", 134, 74, 336], [""실속형"", 326, 163, 0], [""2배UP"", 293, 78, 357], [""응가중량 대비"", 335, 33, 428], [""소비기한"", 403, 22, 357], [""간편하게 즐기는"", 440, 46, 56], [""25.08.29.14.52"", 453, 28, 384], [""26.08.28"", 472, 25, 384], [""깔끔한 더 자일리톨"", 491, 54, 28], [""용기 또는 파우치에 리필해서 드세요!"", 552, 31, 342], [""THE"", 582, 60, 114], [""KYLITOL"", 643, 80, 52], [""달지않아 깔끔한더자일리톨"", 690, 38, 84], [""더"", 753, 114, 123], [""드립니다"", 718, 56, 214], [""복숭아맛"", 829, 27, 157], [""OTHER"", 910, 28, 257], [""품목보고번호198/0415003279"", 919, 42, 326]]"
000393,2027,08,02,2027-08-02,s1,"2027.08.02까지 | RFD 조2법/10091인분기준1 | 1.큰냄비를 준비하여물 | 1000 M종0컵 5에서1 6컵 | 정도)를 넣고 100 20상8 | 입니다.(큰 그릇에물을충분 | 히 넣고 끓이시면 넘치지 않 | 고 안전하게 끓일수 있습니다) | P0UR 100 M of ATer iNTo 2g8 | pot,and ing toa boilovr10. | 20을1고약6-7분정 | 도 첫가라으로 저어가면서 | Pu nodes in baing wal,d","[[""2027.08.02까지"", 386, 39, 158], [""조2법/10091인분기준1"", 445, 36, 426], [""RFD"", 467, 38, 185], [""1.큰냄비를 준비하여물"", 474, 37, 419], [""1000 M종0컵 5에서1 6컵"", 490, 34, 420], [""정도)를 넣고 100 20상8"", 507, 30, 418], [""입니다.(큰 그릇에물을충분"", 524, 30, 418], [""히 넣고 끓이시면 넘치지 않"", 542, 33, 418], [""고 안전하게 끓일수 있습니다)"", 558, 34, 417], [""P0UR 100 M of ATer iNTo 2g8"", 576, 27, 418], [""pot,and ing toa boilovr10."", 590, 31, 419], [""20을1고약6-7분정"", 612, 35, 417], [""도 첫가라으로 저어가면서"", 628, 33, 418], [""Pu nodes in baing wal,d"", 658, 31, 419]]"
000394,2026,04,14,2026-04-14,det5,"죽장연 개장 인지조 | 죽장연은 마을 이름'축장연과 자연'을 | 2합한 00808주001001 | 지역에서생산되는 원료와전통 방식으로 | 직접 장을 만드는 브랜드 입니다. | 원료명 된장대두(외 | 수,된장2대투 | 사골엘 시추 | 대두밀쇠고기 함유 | 풍보2번호20010445055895 | 우유새우 돼지고기 닥고기 토마토 란 오징어게 조개류 굴합전 | 함),장,아황산류 혼입가능·소비자도 콘법에 따라 피해 보상 .부정 | 이사이 이은 때부문 제품 등는 드시지 신고는 국번001 1399.심한 충격 시고구입츠 에서교환하 | 광을 피하여 실온에 보관하십시 | 조리방 자료 2개장된장개양1봉두부1/4모(809) 영양정보 총내용량 120 235 C1 | 2자12/(0U0S).호1/3개(809)섯30g.물400M 총 내용량당 1일 영양성분 | 나트륨 3300 Mg 165% | 3. 6분 탄수하물 39 g 12% | 6g 6% | 시방 5g 9% | 트랜스 | 김자,이박두부 뜻배기에물 양 끝어오 하지빙 0.9g 6% | 벌어 준비합니다. 강자,애호박을 넣 4분간 팽이버섯을 넣고2분 공인뒤두부 콜레스테롤 emg 0% | 간 더끝여 완성합니다. 단백질 %2200.0 15% | 1일영양성분 기준 대U2 이므로 개인의 요 따라 다수있 | 온뚜기 | ""오뚜기 다있다! mall | 조면 대풍 128 IACCP 비닐류 녹색인증 88@10451728834 | OTHER 인000/01-2069 | 2026.04.14까21 F3 15.53","[[""죽장연"", 20, 42, 110], [""개장"", 22, 44, 221], [""인지조"", 18, 21, 685], [""죽장연은 마을 이름'축장연과 자연'을"", 95, 36, 134], [""2합한 00808주001001"", 107, 35, 133], [""지역에서생산되는 원료와전통 방식으로"", 120, 35, 133], [""직접 장을 만드는 브랜드 입니다."", 131, 32, 133], [""원료명 된장대두(외"", 194, 38, 44], [""수,된장2대투"", 212, 31, 43], [""사골엘"", 248, 17, 108], [""시추"", 252, 14, 305], [""대두밀쇠고기 함유"", 272, 29, 42], [""풍보2번호20010445055895"", 294, 24, 47], [""우유새우 돼지고기 닥고기 토마토 란 오징어게 조개류"", 313, 34, 53], [""굴합전"", 322, 40, 454], [""함),장,아황산류 혼입가능·소비자도 콘법에 따라 피해 보상"", 333, 39, 41], ["".부정"", 338, 28, 460], [""신고는 국번001 1399.심한 충격"", 355, 32, 46], [""이사이 이은 때부문 제품 등는 드시지"", 375, 32, 49], [""시고구입츠"", 374, 23, 275], [""에서교환하"", 371, 28, 395], [""광을 피하여 실온에 보관하십시"", 395, 28, 50], [""영양정보"", 422, 33, 368], [""조리방"", 429, 25, 55], [""총내용량 120 235 C1"", 432, 43, 439], [""자료"", 432, 11, 146], [""2개장된장개양1봉두부1/4모(809)"", 432, 25, 186], [""2자12/(0U0S).호1/3개(809)섯30g.물400M"", 454, 26, 59], [""총 내용량당"", 446, 21, 370], [""1일 영양성분"", 450, 25, 466], [""나트륨"", 466, 25, 371], [""3300 Mg 165%"", 472, 31, 463], [""3."", 484, 22, 248], [""6분"", 494, 28, 317], [""탄수하물"", 487, 32, 367], [""39 g"", 492, 33, 460], [""12%"", 498, 21, 539], [""6g"", 516, 33, 459], [""6%"", 518, 25, 542], [""시방"", 536, 24, 376], [""5g"", 538, 31, 460], [""9%"", 540, 25, 541], [""트랜스"", 558, 28, 378], [""김자,이박두부"", 568, 27, 46], [""뜻배기에물 양"", 569, 26, 143], [""끝어오"", 571, 26, 247], [""하지빙"", 582, 31, 390], [""0.9g"", 584, 35, 459], [""강자,애호박을 넣"", 590, 28, 140], [""4분간"", 592, 22, 249], [""공인뒤두부"", 594, 31, 279], [""6%"", 584, 25, 541], [""벌어 준비합니다."", 606, 31, 42], [""팽이버섯을 넣고2분"", 614, 32, 250], [""콜레스테롤"", 607, 29, 367], [""emg"", 610, 29, 461], [""0%"", 607, 24, 541], [""간"", 634, 18, 247], [""더끝여 완성합니다."", 636, 33, 254], [""단백질"", 630, 29, 365], [""15%"", 629, 24, 535], [""1일영양성분 기준 대U2"", 650, 19, 364], [""%2200.0"", 647, 20, 493], [""이므로 개인의 요 따라 다수있"", 662, 33, 400], [""온뚜기"", 674, 20, 202], [""\""오뚜기"", 700, 43, 96], [""mall"", 688, 25, 197], [""다있다!"", 704, 26, 196], [""조면 대풍"", 740, 44, 35], [""녹색인증"", 742, 39, 303], [""128"", 753, 24, 151], [""IACCP"", 750, 11, 204], [""비닐류"", 752, 24, 252], [""88@10451728834"", 758, 39, 408], [""OTHER"", 780, 24, 238], [""인000/01-2069"", 780, 25, 292], [""2026.04.14까21"", 842, 55, 118], [""F3 15.53"", 838, 72, 331]]"
000395,2026,03,15,2026-03-15,hires,2026.03.15MNY1A1.13135 | 농심 | 인생을 맛있게 | 농심 | El범벽(6입) 범벅 | 8801043015622,"[[""2026.03.15MNY1A1.13135"", 767, 66, 322], [""농심"", 840, 105, 1134], [""인생을 맛있게"", 917, 44, 456], [""농심"", 982, 98, 448], [""El범벽(6입)"", 1062, 37, 296], [""범벅"", 1132, 174, 1178], [""8801043015622"", 1238, 38, 315]]"
000396,2026,02,27,2026-02-27,s1,인생을 맛있게 | 농심 | 을 | 라면 | 매울신 | SHIN RAMYUN | 소비기한 | 농심mog | 70 2A 04 2026.02.27까지 5개입,"[[""인생을 맛있게"", 202, 23, 162], [""농심"", 228, 35, 161], [""을"", 422, 35, 453], [""라면"", 493, 98, 396], [""매울신"", 549, 36, 152], [""SHIN RAMYUN"", 674, 45, 411], [""소비기한"", 712, 27, 97], [""5개입"", 756, 114, 450], [""농심mog"", 731, 30, 376], [""2026.02.27까지"", 752, 31, 130], [""70 2A 04"", 771, 27, 169]]"
000397,2026,02,19,2026-02-19,s1,"정보 총내용량610 | 100 g당 65/C3 | 560 M9 28%탄수화물 1093%당/97 | 32.194%트랜스지방0g 포화지방0.503 | 클레스테0M90%단백204% | 1일0양성분 기준치대한 비율.%)은20C3 | 기준이므로 개인의 필요 열량에 따라 다를 수 있습니다. | 부정 불량식품신고는국번없이1399 | ·고등어,우유,게,새우,쇠고기,오징어 | 알류메밀, 복숭아,호두,잣,땅콩,아황산 | 류혼입가능·소비자분쟁해결기준에의 | 거,교환또는 보상가능·취급 시용기가 | 유리재질이므로 파손되어 다칠위험이있 유리 | 리를 확인하세요. | ODT 2026.02.1916.16","[[""정보"", 382, 31, 272], [""총내용량610"", 383, 34, 437], [""100 g당 65/C3"", 401, 34, 426], [""560 M9 28%탄수화물 1093%당/97"", 419, 46, 262], [""32.194%트랜스지방0g 포화지방0.503"", 440, 44, 250], [""클레스테0M90%단백204%"", 460, 36, 235], [""1일0양성분 기준치대한 비율.%)은20C3"", 484, 37, 235], [""기준이므로 개인의 필요 열량에 따라 다를 수 있습니다."", 504, 35, 235], [""부정 불량식품신고는국번없이1399"", 535, 34, 239], [""·고등어,우유,게,새우,쇠고기,오징어"", 556, 35, 235], [""알류메밀, 복숭아,호두,잣,땅콩,아황산"", 577, 40, 228], [""류혼입가능·소비자분쟁해결기준에의"", 598, 43, 227], [""거,교환또는 보상가능·취급 시용기가"", 618, 43, 225], [""유리재질이므로 파손되어 다칠위험이있"", 639, 44, 226], [""유리"", 644, 23, 464], [""리를 확인하세요."", 676, 35, 224], [""ODT"", 722, 33, 180], [""2026.02.1916.16"", 728, 29, 291]]"
000398,2027,07,30,2027-07-30,s1,2027.07.30 | M 까지2 | 소면조리법 백설 | 2ES/1.00후소면 소면 | 백설소면 | 비기한 후면표시일까지 | R에 아은 번 부은 후 | 321 ua기 서울별시 증구 동호로 330 | (국산)밀 함유 | 19/2016800173 | 더 맞있는 이유°,"[[""2027.07.30"", 218, 47, 426], [""까지2"", 242, 32, 453], [""M"", 275, 50, 6], [""백설"", 310, 73, 398], [""소면조리법"", 316, 37, 100], [""소면"", 398, 108, 387], [""2ES/1.00후소면"", 392, 25, 129], [""백설소면"", 480, 24, 388], [""비기한 후면표시일까지"", 516, 27, 367], [""R에 아은 번 부은 후"", 544, 27, 158], [""서울별시 증구 동호로 330"", 546, 31, 405], [""321"", 570, 23, 3], [""ua기"", 567, 22, 65], [""(국산)밀 함유"", 611, 25, 404], [""19/2016800173"", 640, 28, 433], [""더 맞있는 이유°"", 704, 69, 157]]"
000399,2027,01,31,2027-01-31,s1,"집온보관개봉냉상보관정 | 소스(살균제품) | 하단표기일까지 | 2002046/088-32 | 황산류 혼입가능·소비자 분동 | 노산에지대두외국신),양조간장원에(탈지대우·축국산 | 능양중국 우 | 영정보 총내8량500/108806 | 2E1 410 29205%탄수화물 1896%8 109.3 | 지방0g0% 트랜스지방0g 포화지방U | 20스M를0M0% 0질 204% | 02부G080850-1200 1666540182001 | 2027.01.3103.52","[[""집온보관개봉냉상보관정"", 128, 37, 290], [""소스(살균제품)"", 146, 23, 293], [""하단표기일까지"", 165, 20, 296], [""2002046/088-32"", 183, 20, 298], [""황산류 혼입가능·소비자 분동"", 302, 24, 302], [""노산에지대두외국신),양조간장원에(탈지대우·축국산"", 374, 33, 248], [""능양중국 우"", 394, 35, 245], [""영정보"", 418, 25, 247], [""총내8량500/108806"", 414, 26, 322], [""2E1 410 29205%탄수화물 1896%8 109.3"", 434, 30, 246], [""지방0g0%"", 456, 20, 248], [""트랜스지방0g 포화지방U"", 453, 26, 325], [""20스M를0M0% 0질 204%"", 472, 28, 246], [""02부G080850-1200 1666540182001"", 510, 25, 247], [""2027.01.3103.52"", 612, 38, 250]]"
000400,2039,09,12,2039-09-12,s1,"한층더 살려줍니다. | 추천 레시피! | 사용량을 조절하세요! | 불고기 스테이크 오행 | Chef's tip! 하시면 더욱 풍부한을별수있 요리에 새공함을 더할, | 영양정보 총 내용 80 | 10 M 193/20 | 나트륨5mg 0% 탄수화물 39 9 12 | 당류 39 9 39 % 지방09 0% | E랜스지방 09 포화지방090% | 콜레스테를 0 M9 0% 단질0 03 | 1일 영성분기준치에대한 비율.%)22.00022 | 개인의 월요 혈량에 따라 다를 주있습니다. | 고객행복센터 | 2080-850-1200 | 01666-5471(문자) 마:LDPE | cj.co.kr 리별:PP | 24.07.12 부터 | 26.01.11 까지 | OB7","[[""한층더 살려줍니다."", 170, 33, 271], [""추천 레시피!"", 190, 33, 272], [""사용량을 조절하세요!"", 228, 34, 273], [""스테이크 오행"", 252, 42, 381], [""불고기"", 250, 25, 295], [""요리에 새공함을 더할,"", 276, 41, 350], [""Chef's tip!"", 282, 28, 278], [""하시면 더욱 풍부한을별수있"", 290, 40, 349], [""총 내용 80"", 320, 36, 429], [""영양정보"", 329, 40, 279], [""10 M 193/20"", 339, 38, 413], [""나트륨5mg 0%"", 359, 27, 283], [""탄수화물 39 9 12"", 360, 29, 411], [""당류 39 9 39 % 지방09 0%"", 380, 29, 285], [""E랜스지방 09 포화지방090%"", 401, 28, 287], [""콜레스테를 0 M9 0% 단질0 03"", 423, 32, 285], [""1일 영성분기준치에대한 비율.%)22.00022"", 443, 27, 286], [""개인의 월요 혈량에 따라 다를 주있습니다."", 456, 27, 285], [""고객행복센터"", 484, 31, 308], [""2080-850-1200"", 509, 26, 290], [""01666-5471(문자)"", 528, 27, 291], [""마:LDPE"", 526, 26, 419], [""cj.co.kr"", 547, 22, 291], [""리별:PP"", 541, 24, 423], [""24.07.12"", 604, 37, 308], [""부터"", 596, 31, 436], [""까지"", 622, 37, 435], [""26.01.11"", 632, 32, 310], [""OB7"", 660, 26, 365]]"
000401,2027,04,12,2027-04-12,s1,SPAM SPAM | 스럼 스를 25 스럼 25리이E | 201 | 27.04.12까지.2W19.35,"[[""SPAM"", 38, 77, 252], [""SPAM"", 66, 91, 0], [""스럼"", 54, 36, 521], [""25리이E"", 50, 35, 572], [""스를"", 85, 40, 265], [""25"", 82, 25, 329], [""스럼"", 116, 29, 15], [""201"", 326, 29, 8], [""27.04.12까지.2W19.35"", 599, 36, 225]]"
000402,2028,04,19,2028-04-19,s1,팸 28.04.19 12.58까지 SA4 | 클래식 | 봉방법 파우치를 점성을따라 | 재지광혜원면 광혜원/단2길112 | 보고번호20080405015-209 | 영양정보,"[[""팸"", 230, 63, 148], [""SA4"", 226, 22, 499], [""28.04.19"", 250, 26, 346], [""12.58까지"", 248, 23, 457], [""클래식"", 272, 21, 70], [""봉방법"", 321, 28, 66], [""점성을따라"", 316, 23, 205], [""파우치를"", 330, 21, 205], [""재지광혜원면 광혜원/단2길112"", 490, 26, 88], [""보고번호20080405015-209"", 514, 23, 94], [""영양정보"", 542, 25, 195]]"
000403,2027,04,01,2027-04-01,up2x,활도 | u | 27.04.01 | 3 | ',"[[""활도"", 114, 187, 219], [""u"", 221, 50, 106], [""27.04.01"", 974, 95, 486], [""3"", 1023, 20, 726], [""'"", 1472, 168, 31]]"
000404,2026,06,10,2026-06-10,s1,·소비기한 B1 | 2026.06.10.16.42 | 까지,"[[""B1"", 436, 27, 559], [""·소비기한"", 449, 30, 119], [""2026.06.10.16.42"", 476, 43, 246], [""까지"", 502, 23, 566]]"
000405,2027,10,15,2027-10-15,s1,"2027.10.15021 | 15.39 3F16K | 하이라이스스스 | OTTYGI HASH | 2. 물을 약하게한이스스스를 조금씩 넣어충분히풀어습니다. | Kitchen | 유형 | 료명달 | 코아분말 쇠고기,닭고기,밀,토마토,우유 대두조개류(굴) 함유 | 포장재질 품 제조원 $줄싱횟삭 올뛴길 충북 음성군 대소연 대풍산단로 128 | 십시오 | 고객상담.080-024-2311(수신자요금부담)","[[""2027.10.15021"", 272, 25, 205], [""15.39 3F16K"", 291, 24, 231], [""하이라이스스스"", 326, 58, 158], [""OTTYGI HASH"", 364, 23, 248], [""2. 물을 약하게한이스스스를 조금씩 넣어충분히풀어습니다."", 514, 26, 324], [""Kitchen"", 590, 26, 200], [""유형"", 642, 20, 103], [""료명달"", 665, 26, 101], [""코아분말"", 756, 33, 101], [""쇠고기,닭고기,밀,토마토,우유 대두조개류(굴) 함유"", 754, 50, 270], [""포장재질 품"", 789, 34, 102], [""제조원"", 793, 24, 295], [""$줄싱횟삭 올뛴길"", 778, 31, 353], [""충북 음성군 대소연 대풍산단로 128"", 792, 40, 352], [""십시오"", 866, 33, 104], [""고객상담.080-024-2311(수신자요금부담)"", 894, 36, 206]]"
000406,2028,08,05,2028-08-05,s1,5.08.28 40- | 경기 연천 먹는생물 | 갈승lC | 무기물합량(mg/L) 21.1N28 | 칼습(Ca) 나트륨(Na) 칼륨(K) 그승Me) 불소(F) | 2U-28.1 39/49 5.0/68 00/01 | 835-3568 경기도 | 개업소명및,"[[""5.08.28 40-"", 422, 53, 239], [""경기 연천 먹는생물"", 491, 47, 232], [""갈승lC"", 698, 35, 669], [""무기물합량(mg/L)"", 737, 50, 146], [""21.1N28"", 718, 31, 668], [""칼습(Ca)"", 762, 35, 150], [""나트륨(Na)"", 769, 25, 214], [""칼륨(K)"", 770, 20, 288], [""그승Me)"", 764, 29, 349], [""불소(F)"", 758, 30, 412], [""2U-28.1"", 783, 31, 153], [""39/49"", 791, 24, 215], [""5.0/68"", 786, 27, 353], [""00/01"", 779, 28, 410], [""835-3568 경기도"", 859, 30, 305], [""개업소명및"", 880, 31, 337]]"
000407,2025,12,01,2025-12-01,s1,"3900 | 025.10.10 | 진랑농협하나로미' | 하늘 초양 념 김 | 보관방법:10C이하 냉장보관포집저장(플리에팅경량() | 2025.10.03 2025.12.01 6500 | 포장 년,월.일 | NH 진량농협하나로마트","[[""3900"", 56, 38, 82], [""025.10.10"", 73, 27, 0], [""진랑농협하나로미'"", 100, 32, 0], [""하늘 초양 념 김"", 631, 29, 246], [""보관방법:10C이하 냉장보관포집저장(플리에팅경량()"", 698, 33, 227], [""6500"", 757, 38, 438], [""2025.10.03"", 766, 22, 224], [""2025.12.01"", 767, 22, 309], [""포장 년,월.일"", 782, 23, 218], [""NH"", 800, 24, 217], [""진량농협하나로마트"", 804, 27, 314]]"
000408,2025,10,09,2025-10-09,s1,전일영 | 소금(국산 천일염)으로 | 간이 되어있습니다. | 갈친( 해 동 | 원산지:국 | 2025.10.05.2025.10.09 11800 | 진랑농열하나로마트,"[[""전일영"", 248, 72, 703], [""소금(국산 천일염)으로"", 289, 56, 691], [""간이 되어있습니다."", 308, 48, 710], [""갈친( 해"", 392, 38, 659], [""동"", 386, 22, 795], [""원산지:국"", 411, 34, 657], [""11800"", 492, 37, 807], [""2025.10.05.2025.10.09"", 512, 45, 654], [""진랑농열하나로마트"", 529, 38, 717]]"
000409,2027,03,26,2027-03-26,s2,예농협 | 비Fob Barley Tea seui Mountain | 호리자 | 더건강하게만든우리보리차! | 최고품질의 보리만을 엄선하여 | 맛 좋고 영양가가 풍부합니다 | 100% 국산보2 2만들더육 | 400 9 보2/100% | NH 유가농업협동조합 | 2027.03.26 1지,"[[""예농협"", 283, 40, 421], [""비Fob"", 361, 52, 149], [""seui Mountain"", 353, 24, 368], [""호리자"", 434, 97, 145], [""더건강하게만든우리보리차!"", 514, 27, 139], [""400 9"", 606, 31, 134], [""Barley Tea"", 372, 18, 356], [""최고품질의 보리만을 엄선하여"", 536, 17, 139], [""맛 좋고 영양가가 풍부합니다"", 548, 15, 139], [""100% 국산보2 2만들더육"", 561, 16, 139], [""보2/100%"", 607, 16, 201], [""NH"", 824, 16, 199], [""유가농업협동조합"", 825, 22, 335], [""2027.03.26 1지"", 846, 22, 320]]"
000410,2027,04,13,2027-04-13,s1,명읽은햇살생강분말 식품의 유형 천연향신료 | 2194040409243 | ·기한 2027.04.13,"[[""명읽은햇살생강분말 식품의 유형"", 533, 40, 267], [""천연향신료"", 533, 24, 475], [""2194040409243"", 603, 45, 265], [""·기한"", 622, 35, 262], [""2027.04.13"", 636, 33, 371]]"
000411,2026,09,09,2026-09-09,s1,NH 남영양농협 | ©경북 영향기추 헛살촌 | 영양청결 | 오줏가루 | 제조일자 2025.09.10 | 소비기한 2026.09.09 | 북 영양 고추만을 엄선하여 생산하였습니 | 기족명 햇살촌 영양청결고충가루 ·보관방법:직사광선을피하 서늘하고건조한 | 식품유 고층가루 곳에보관하시고개봉후어는품질저를위해 | 냉장보관하시기 바랍니다 | 500 9 ·주의사항고추가루를손으로사용추눈이 | 제조원 능영양농협가공사업소 ·본 제품은음식에 사용시1시간 정도 지나 피부민감한 곳에 접을피하시기비니다 | 소비기 경영양군 입암면 다리골길29 고유의 빛깔이 나타닙니다 | 원료명 모상지 후면 별도표시일까지 | 모장개질 국추100%원산지.경북영) 색도를 삽입하였습니다. :발품및교환:제조원그일처 | 홍목보 고번호 폴라에팅랜(내면) | 소비가상담실 19930530052 | 지리적시 지리적특산품:고충가루 | 원  KPGI: Yeongyang red pepper powder | : 영양능인양농가사업소) 8808280205002 OTHER | 시628인성실업/BL0228-3317,"[[""NH"", 178, 38, 204], [""남영양농협"", 186, 35, 429], [""©경북"", 338, 23, 211], [""영향기추"", 354, 33, 222], [""헛살촌"", 352, 40, 317], [""영양청결"", 383, 25, 259], [""오줏가루"", 422, 72, 271], [""제조일자 2025.09.10"", 488, 23, 454], [""소비기한 2026.09.09"", 510, 28, 454], [""북 영양 고추만을 엄선하여 생산하였습니"", 545, 29, 132], [""기족명"", 610, 22, 109], [""햇살촌 영양청결고충가루"", 613, 26, 170], [""·보관방법:직사광선을피하 서늘하고건조한"", 621, 28, 370], [""식품유"", 630, 24, 102], [""고층가루"", 633, 24, 168], [""곳에보관하시고개봉후어는품질저를위해"", 638, 28, 371], [""500 9"", 655, 24, 165], [""냉장보관하시기 바랍니다"", 653, 25, 372], [""·주의사항고추가루를손으로사용추눈이"", 670, 30, 364], [""제조원"", 680, 25, 113], [""능영양농협가공사업소"", 682, 25, 165], [""피부민감한 곳에 접을피하시기비니다"", 686, 29, 369], [""경영양군 입암면 다리골길29"", 700, 33, 164], [""소비기"", 708, 27, 113], [""·본 제품은음식에 사용시1시간 정도 지나"", 702, 28, 365], [""모상지 후면 별도표시일까지"", 724, 32, 166], [""고유의 빛깔이 나타닙니다"", 719, 28, 369], [""원료명"", 730, 30, 113], [""국추100%원산지.경북영)"", 747, 42, 168], [""모장개질"", 752, 30, 108], [""색도를 삽입하였습니다."", 753, 30, 368], [""홍목보 고번호"", 773, 34, 96], [""폴라에팅랜(내면)"", 768, 37, 166], ["":발품및교환:제조원그일처"", 770, 31, 358], [""소비가상담실"", 796, 35, 87], [""19930530052"", 790, 36, 162], [""지리적시"", 852, 33, 78], [""지리적특산품:고충가루"", 851, 37, 146], [""KPGI: Yeongyang red pepper powder"", 868, 43, 143], [""원 "", 880, 34, 145], ["": 영양능인양농가사업소)"", 893, 40, 143], [""8808280205002"", 910, 22, 392], [""OTHER"", 906, 30, 551], [""시628인성실업/BL0228-3317"", 940, 26, 383]]"
000412,2026,01,19,2026-01-19,s1,스쉽고 깔끔하게 톡! | 신선한 경북 영양 고추를 담아 | 언제 어디서나 간편하게 | 요리할 수 있는 스틱 고츠가루 | 제품의 특징 | 100% 경북 영양 건고추만을 가공합니다 | ·HACCP인증 받은 제조시설에서 위생적 | 으로 생산됩니다. | 보관방법 | ·직사광선을 피해 서늘한 곳에 보관하시고 | 개봉 후에는 냉장 또는 냉동보관 하시기 | 바랍니다. | ·본 제품은 공정거래위원회 고시 소비자분쟁 | 해결기준에 의거 교환 또는 보상받을 수 | 있습니다. | ·부정.불량식품 신고는 국번 없이 1399 | 소비기한 | 2026.1.19 | 까지,"[[""스쉽고 깔끔하게 톡!"", 143, 36, 258], [""신선한 경북 영양 고추를 담아"", 187, 30, 280], [""언제 어디서나 간편하게"", 213, 28, 279], [""요리할 수 있는 스틱 고츠가루"", 239, 28, 277], [""제품의 특징"", 314, 29, 291], [""100% 경북 영양 건고추만을 가공합니다"", 347, 30, 197], [""·HACCP인증 받은 제조시설에서 위생적"", 373, 30, 196], [""으로 생산됩니다."", 398, 29, 208], [""보관방법"", 449, 30, 298], [""·직사광선을 피해 서늘한 곳에 보관하시고"", 482, 31, 195], [""개봉 후에는 냉장 또는 냉동보관 하시기"", 508, 30, 208], [""바랍니다."", 532, 24, 206], [""·본 제품은 공정거래위원회 고시 소비자분쟁"", 560, 31, 195], [""해결기준에 의거 교환 또는 보상받을 수"", 586, 30, 204], [""있습니다."", 611, 24, 203], [""·부정.불량식품 신고는 국번 없이 1399"", 638, 30, 195], [""소비기한"", 693, 24, 204], [""2026.1.19"", 722, 32, 266], [""까지"", 740, 23, 432]]"
000413,2027,04,23,2027-04-23,s1,칠갑농산 2027.04.23 | 우유에타서먹는 | 정국장가르 | 300 9 | (1.401 k0A | 100 g당 467 kCA,"[[""칠갑농산"", 441, 32, 309], [""2027.04.23"", 446, 29, 428], [""우유에타서먹는"", 507, 45, 341], [""정국장가르"", 583, 140, 186], [""300 9"", 685, 38, 387], [""(1.401 k0A"", 709, 24, 388], [""100 g당 467 kCA"", 727, 27, 389]]"
000414,2026,04,07,2026-04-07,s1,2026.04.07까2 | 회요,"[[""2026.04.07까2"", 550, 33, 265], [""회요"", 917, 66, 629]]"
000415,NONE,NONE,NONE,NONE,fail,운극릎스 | 뉴스마스마 | PH스 | 운극릎스 영양정보 | 72006E2026088 | 생장보관이 8093 총내용강60g/15kC1 락교기 누3 아삭아살 새콤달콤한 아삭아살 새콤달콤한 야식아삭 새크함 아삭아삭 새콤달콩한 아삭아삭 새콤달콩한 아삭아삭 새콤달콤한 URU5 | 3 락 | 노뜯는곳 나기며 | 영양정보 영양정보 영양정보 양정보 10909/190 총내8량60g/15k02 총내용량60g/15/C2 총내용량60g/15/C2 | 3한수좌를 301.8100만081 3 3095 8 809307 8 809307 1390034 390034 | R | 0% 냉장보관 냉장보관 냉장보관 OTH OTHER OTHER OTHER V는곳 노뜯는곳 노들는곳 | 15/02120N7 | 락고기 아삭아삭 새콤달콤한 아삭아삭 새콤달콩한 | 영양정보 영양정보 총내용량60g/15/C0l 총내용량60g/15/C2l 8809307/390034 8809307/390034 | LE를 /20M021% 탄수화물 3919./8류 100만0.8% | 방O2 0%E랜방09 포화지방09 | 비닐류 | 레스테롤 Om0 0%0백질09 0% 듣는곳 뜯는곳 | 21022 냉장보관 | OTHER 냉장보관 OTHER,"[[""아삭아살 새콤달콤한"", 500, 47, 345], [""영양정보"", 652, 31, 224], [""총내용량60g/15/C2"", 648, 28, 344], [""8 809307"", 658, 22, 465], [""노뜯는곳"", 712, 61, 588], [""1390034"", 656, 14, 539], [""냉장보관"", 726, 20, 468], [""OTHER"", 724, 18, 519], [""아삭아살 새콤달콤한"", 500, 49, 343], [""락"", 545, 100, 226], [""영양정보"", 652, 34, 221], [""총내8량60g/15k02"", 648, 33, 342], [""냉장보관"", 726, 17, 471], [""OTHER"", 724, 17, 518], [""V는곳"", 716, 95, 570], [""뉴스마스마"", 154, 21, 396], [""영양정보"", 259, 72, 294], [""락교기"", 421, 380, 360], [""총내용강60g/15kC1"", 395, 102, 299], [""아삭아삭 새콤달콤한"", 450, 217, 436], [""생장보관이"", 505, 66, 226], [""8093"", 504, 41, 296], [""노뜯는곳"", 620, 70, 216], [""운극릎스"", 100, 66, 682], [""PH스"", 171, 32, 717], [""나기며"", 618, 27, 497], [""운극릎스"", 248, 59, 68], [""72006E2026088"", 303, 24, 116], [""URU5"", 415, 100, 587], [""누3"", 416, 86, 370], [""아삭아삭 새콤달콩한"", 500, 39, 350], [""3"", 542, 14, 142], [""양정보"", 652, 14, 239], [""총내용량60g/15/C2"", 648, 28, 345], [""8 809307"", 658, 23, 465], [""390034"", 656, 14, 544], [""3한수좌를 301.8100만081"", 672, 30, 300], [""0%"", 712, 13, 406], [""냉장보관"", 726, 21, 470], [""OTHER"", 724, 17, 521], [""15/02120N7"", 902, 49, 235], [""아삭아삭 새콤달콩한"", 1000, 88, 698], [""영양정보"", 1306, 59, 445], [""총내용량60g/15/C0l"", 1296, 51, 691], [""8809307/390034"", 1313, 42, 936], [""LE를 /20M021% 탄수화물 3919./8류 100만0.8%"", 1344, 54, 455], [""방O2 0%E랜방09 포화지방09"", 1387, 46, 466], [""0%0백질09"", 1427, 40, 638], [""0%"", 1422, 35, 808], [""레스테롤 Om0"", 1432, 24, 469], [""냉장보관 OTHER"", 1450, 37, 941], [""21022"", 1456, 11, 815], [""듣는곳"", 1426, 126, 1174], [""아삭아삭 새콤달콤한"", 1002, 87, 694], [""락고기"", 1102, 241, 439], [""영양정보"", 1305, 52, 449], [""총내용량60g/15/C2l"", 1296, 53, 692], [""8809307/390034"", 1312, 39, 938], [""비닐류"", 1396, 31, 1067], [""냉장보관 | OTHER"", 1449, 36, 940], [""뜯는곳"", 1425, 118, 1174], [""야식아삭 새크함"", 501, 45, 350], [""영양정보"", 653, 28, 226], [""10909/190"", 648, 22, 346], [""3 3095"", 659, 14, 470], [""R"", 688, 28, 575], [""OTH"", 725, 14, 522], [""노들는곳"", 711, 62, 587], [""아삭아삭 새콤달콩한"", 500, 45, 348]]"
000416,2026,04,07,2026-04-07,rot90,GO!~ | 2026.04.07 소비기한,"[[""GO!~"", 240, 59, 365], [""2026.04.07"", 454, 168, 382], [""소비기한"", 392, 48, 430]]"
000417,2026,03,15,2026-03-15,s1,a중e] | 2.480 | 더맞있게 소비기한 | 먹고 싶다고? | 오로독 그럼 말아보자 2026.03.15 | GO!~,"[[""a중e]"", 14, 29, 292], [""2.480"", 71, 47, 376], [""더맞있게"", 533, 28, 182], [""소비기한"", 533, 28, 372], [""오로독"", 565, 72, 47], [""먹고 싶다고?"", 551, 27, 182], [""그럼 말아보자"", 573, 30, 182], [""2026.03.15"", 576, 29, 370], [""GO!~"", 597, 40, 180]]"
000418,2026,09,08,2026-09-08,s1,180 | 1.780 | 2026.09.08 | G09 16.53,"[[""180"", 66, 43, 0], [""1.780"", 84, 49, 290], [""2026.09.08"", 524, 52, 204], [""G09 16.53"", 564, 55, 207]]"
000419,2026,08,05,2026-08-05,s1,웨하 | EASY CAP 0는법 소비기한 | 2026.08.05Y | 영양정보 | 총 코코아분말6% | 증량.75 9 A0O kCAl (15 9 | 알레르기정보:옆면확인,"[[""웨하"", 384, 93, 615], [""EASY CAP 0는법"", 469, 23, 181], [""소비기한"", 472, 24, 247], [""2026.08.05Y"", 497, 38, 311], [""영양정보"", 550, 35, 272], [""총 코코아분말6%"", 722, 35, 537], [""증량.75 9 A0O kCAl (15 9"", 744, 43, 535], [""알레르기정보:옆면확인"", 759, 34, 534]]"
000420,2025,12,04,2025-12-04,s1,"960 | min | 식품유형 | 소비기한 후면 표기일까지(연,월,일) 영양정보 총내용량 70g | 내포장재질 220 kCA1 | 유통전문 롯데웰푸등(주)서옥시 나25 mg | 판매원 탄수화물 52 9 | 제조원 (주)에습디푸드 경기도 부천시 0률399 | 당알콜2.5g | 목보고번호 2016063409586 지방0g | 째료명 설탕,물엿,젤라틴,D-소비톨액 트랜스지방0g | 산도조절제,오렌지농축액,포도농축액, 포화지방0g | 방농축액 펙틴,향료1,향료,기타식용유지 콜레스테Omg | 단백질49 | 지자적색소,치자청색소,주정),블랙캐롯 | 혼합제제(파프리카추출색소,카로틴) ·제품이 고온에 약하니 | 돼지고기,복숭아 함유 낮을 도로 보관해주시고개 30'C 이학에서 직사광선을 피 | 리 드십시오소비자 | 롯데웰푸드 구입 상점및본 의한 피해 보상·유F | ·부정·불량식 | 1399.18 | 비닐류 밀닭고기,쇠고 | 8801062898862 흐릴 수있습니다·한번에 통입가능·과량섭취시설시 | 않도록 주의하세요. | 2025.12.04G1","[[""960"", 52, 43, 617], [""min"", 138, 38, 395], [""식품유형"", 314, 29, 120], [""소비기한"", 326, 26, 120], [""후면 표기일까지(연,월,일)"", 334, 26, 186], [""영양정보"", 332, 24, 404], [""총내용량 70g"", 328, 27, 489], [""내포장재질"", 342, 30, 118], [""220 kCA1"", 342, 25, 504], [""유통전문"", 358, 25, 122], [""롯데웰푸등(주)서옥시"", 360, 25, 182], [""나25 mg"", 360, 29, 404], [""판매원"", 372, 21, 125], [""탄수화물 52 9"", 375, 34, 404], [""(주)에습디푸드 경기도 부천시"", 390, 26, 177], [""0률399"", 392, 31, 416], [""제조원"", 400, 23, 126], [""당알콜2.5g"", 410, 35, 415], [""목보고번호"", 427, 22, 124], [""2016063409586"", 425, 23, 169], [""지방0g"", 424, 29, 400], [""째료명"", 446, 21, 127], [""설탕,물엿,젤라틴,D-소비톨액"", 444, 24, 171], [""트랜스지방0g"", 444, 31, 410], [""산도조절제,오렌지농축액,포도농축액,"", 462, 25, 128], [""포화지방0g"", 460, 31, 407], [""방농축액 펙틴,향료1,향료,기타식용유지"", 481, 26, 132], [""콜레스테Omg"", 476, 30, 393], [""단백질49"", 492, 26, 394], [""지자적색소,치자청색소,주정),블랙캐롯"", 518, 24, 134], [""혼합제제(파프리카추출색소,카로틴)"", 537, 28, 136], [""·제품이 고온에 약하니"", 536, 29, 399], [""돼지고기,복숭아 함유"", 558, 23, 213], [""30'C 이학에서 직사광선을 피"", 552, 34, 402], [""낮을 도로 보관해주시고개"", 569, 42, 402], [""리 드십시오소비자"", 585, 36, 407], [""롯데웰푸드"", 612, 23, 173], [""의한 피해 보상·유F"", 602, 37, 407], [""구입 상점및본"", 621, 34, 408], [""·부정·불량식"", 639, 34, 410], [""1399.18"", 656, 30, 413], [""비닐류"", 672, 21, 302], [""밀닭고기,쇠고"", 673, 36, 413], [""8801062898862"", 696, 37, 131], [""통입가능·과량섭취시설시"", 686, 43, 415], [""흐릴 수있습니다·한번에"", 704, 42, 415], [""2025.12.04G1"", 742, 37, 139], [""않도록 주의하세요."", 724, 33, 414]]"
000421,2026,07,17,2026-07-17,s1,Dtget | Diget | LOTTE | 상금달콩 | 26.07.17 16035 A 롯새 | 파인애플,"[[""Dtget"", 126, 107, 476], [""Diget"", 188, 132, 97], [""LOTTE"", 446, 26, 93], [""상금달콩"", 460, 39, 430], [""롯새"", 528, 134, 393], [""26.07.17 16035 A"", 586, 30, 102], [""파인애플"", 610, 33, 458]]"
000422,2026,06,09,2026-06-09,s1,화이트 | 화이트하염 화이트하입 | CROWN | 2025.09.10 A5 | 화이트하임 2026.06.09 | 4.780,"[[""화이트"", 312, 20, 675], [""화이트하염"", 350, 23, 189], [""화이트하입"", 375, 24, 646], [""CROWN"", 492, 22, 18], [""화이트하임"", 526, 36, 77], [""2025.09.10 A5"", 531, 25, 457], [""2026.06.09"", 552, 24, 456], [""4.780"", 836, 27, 551]]"
000423,2026,06,04,2026-06-04,s1,580 | 조보로 | 소보로 6봉입 제로쿠앤크 | 쇠퇴쇠복 소보로 2026.06.04지 2025.06.055 맛있는약속,"[[""580"", 106, 74, 0], [""조보로"", 174, 61, 105], [""소보로"", 260, 103, 243], [""6봉입"", 238, 29, 650], [""제로쿠앤크"", 254, 25, 657], [""쇠퇴쇠복"", 495, 102, 86], [""소보로"", 486, 127, 103], [""2025.06.055"", 455, 38, 344], [""2026.06.04지"", 497, 31, 346], [""맛있는약속"", 501, 20, 472]]"
000424,2026,03,28,2026-03-28,s1,새우항 | 소비기한후면표기일까지 2010549541-20700 포장재질 몰리프로를 | 19/20154001-458부신 | 개봉후바로 드십시오 | 긴혹과는은 물질은  | 김게 보이는 것로 안심하 | ·소비자기본법에이거 | 부품신고는국 | ·반품:본사및구입한곳 | ·신선도 유지를위해질소충진 또장을 | 8801041036078 | 2026.03.28 까지 | 70 2A08 8국화 222 | 영양정보,"[[""새우항"", 311, 58, 239], [""소비기한후면표기일까지"", 391, 26, 434], [""포장재질 몰리프로를"", 396, 30, 543], [""2010549541-20700"", 404, 27, 467], [""19/20154001-458부신"", 418, 29, 466], [""개봉후바로 드십시오"", 473, 25, 437], [""긴혹과는은 물질은 "", 486, 25, 435], [""김게 보이는 것로 안심하"", 500, 26, 437], [""·소비자기본법에이거"", 513, 27, 435], [""부품신고는국"", 528, 27, 433], [""·반품:본사및구입한곳"", 543, 24, 436], [""·신선도 유지를위해질소충진 또장을"", 556, 37, 433], [""8801041036078"", 636, 37, 508], [""2026.03.28 까지"", 694, 37, 491], [""70 2A08 8국화 222"", 708, 36, 493], [""영양정보"", 767, 32, 453]]"
000425,2025,11,05,2025-11-05,s1,소비기한 뜯는곳 Kellug'is | 2025.11.05.11.25 콘푸로시 | 까지,"[[""Kellug'is"", 504, 66, 385], [""뜯는곳"", 494, 24, 329], [""콘푸로시"", 534, 64, 577], [""소비기한"", 522, 26, 109], [""2025.11.05.11.25"", 556, 27, 142], [""까지"", 571, 22, 321]]"
000426,2026,12,26,2026-12-26,s1,홍일홍게맛액은 | 영양정보 102039.3U20 | 26.2 29.909.4009 E수물 439 18/8 0 | 지방 0g 0% 0g0 | 플레스터를 Omg 0% | 소비기한 | 2026.12.26 F3,"[[""홍일홍게맛액은"", 554, 25, 305], [""영양정보"", 706, 31, 257], [""102039.3U20"", 703, 41, 399], [""26.2 29.909.4009"", 734, 30, 253], [""E수물 439 18/8 0"", 731, 44, 328], [""지방 0g 0%"", 755, 26, 259], [""0g0"", 746, 44, 379], [""플레스터를 Omg 0%"", 776, 29, 266], [""소비기한"", 838, 31, 259], [""2026.12.26 F3"", 859, 36, 326]]"
000427,2027,04,01,2027-04-01,s1,한리 | 참치액 | 따라할수없는 |  7 원조의 맛과향 | 2027.04.01 1,"[[""한리"", 488, 47, 347], [""참치액"", 621, 184, 227], [""따라할수없는"", 716, 29, 329], ["" 7"", 742, 47, 237], [""원조의 맛과향"", 736, 29, 331], [""2027.04.01 1"", 812, 31, 314]]"
000428,2025,04,23,2025-04-23,s1,25 .04. 231지,"[[""25 .04. 231지"", 528, 37, 231]]"
000429,2028,12,02,2028-12-02,clahe,"이미지 예 | 케피한 잔에 담크 네스카페의 약속 | CUPOF | RESPECTO 지가고으 생산하도록 고 있습니다. | -NESCAFE01938- 네스카페와 함께, 더나는 하루를 만드세요! 021228 | 제품명테이스터스초이스 마일드모키 식품유형커피 업소명및소 | lesoe 롯데네슬레코리아 주식회사/충청북/2청주시 흥/구백봉로2 | 한상식 2비기한/아래에 표시된2자까지원자료명 및7/커100% (커 | 영지  것으 의국산)포장재질.내)풀2에틸품/198/0150245 ·품질 보존을위해 개봉 후에는 건조하고서늘한 곳에 반드시 밀통 | A22209080-720-5336 에게 이야기 하세요 커피의 맛과을 가직하세요 소· | 이D  전에는 소 | 72mg DtL-t | n비기한e | 880 | 바분류 41043184 | OTHER | vestie. 기 있다. Go od, O  의  부 영에 대 의 ","[[""이미지 예"", 176, 11, 415], [""케피한 잔에 담크 네스카페의 약속"", 233, 52, 273], [""CUPOF"", 278, 62, 130], [""지가고으"", 302, 55, 272], [""RESPECTO"", 324, 80, 116], [""생산하도록 고 있습니다."", 318, 32, 327], [""네스카페와 함께, 더나는 하루를 만드세요!"", 352, 45, 282], [""-NESCAFE01938-"", 366, 32, 137], [""021228"", 363, 22, 553], [""제품명테이스터스초이스 마일드모키"", 421, 36, 204], [""식품유형커피 업소명및소"", 420, 29, 453], [""롯데네슬레코리아 주식회사/충청북/2청주시 흥/구백봉로2"", 444, 33, 203], [""lesoe"", 447, 8, 134], [""한상식"", 478, 15, 113], [""2비기한/아래에 표시된2자까지원자료명 및7/커100% (커"", 469, 28, 208], [""의국산)포장재질.내)풀2에틸품/198/0150245"", 494, 41, 198], [""것으"", 511, 14, 106], [""·품질 보존을위해 개봉 후에는 건조하고서늘한 곳에 반드시 밀통"", 517, 44, 204], [""영지 "", 520, 9, 112], [""커피의 맛과을 가직하세요 소·"", 539, 64, 199], [""에게 이야기 하세요"", 540, 13, 118], [""A22209080-720-5336"", 552, 13, 108], [""소"", 580, 77, 191], [""이D  전에는"", 584, 18, 112], [""72mg"", 610, 20, 142], [""DtL-t"", 627, 47, 202], [""n비기한e"", 652, 20, 156], [""880"", 681, 21, 549], [""바분류"", 704, 15, 159], [""41043184"", 699, 26, 553], [""OTHER"", 727, 22, 150], [""vestie."", 792, 13, 158], [""기 있다. Go od, O  의  부 영에 대 의 "", 787, 40, 202]]"
000430,2028,02,01,2028-02-01,s1,:해이닛향커피·식품유형 ·원재료명:인스터터 | 내공량:50g·포장재길:원 | 월프로젝린·소비기한:제품 별도표기일까게를 보관상주의사상 습기 직 |   | 2028.02.01.08 | NET WT 50,"[["":해이닛향커피·식품유형"", 453, 36, 255], [""·원재료명:인스터터"", 456, 35, 433], [""내공량:50g·포장재길:원"", 482, 29, 406], [""월프로젝린·소비기한:제품 별도표기일까게를"", 504, 37, 251], [""보관상주의사상 습기 직"", 506, 32, 419], ["" "", 579, 48, 244], [""2028.02.01.08"", 695, 27, 326], [""NET WT 50"", 711, 41, 451]]"
000431,2026,03,17,2026-03-17,s1,리아 주식회사|충북 청주시 흥덕구박 로72 | 길21·소비기한 아래에 표시일 | 재2명 및합량 커피 100% 커피원5 | 10%포재질 용/유리무껑1 | 2제(내민)품목보2번호 198104150 | 조하고 서늘한 곳에 보관·질소충전 | 본법에 의한 피해보상·부정 불량식품 | 12이1399.소비자상담 3 | 080-730-5336NECANE12 100g0 | e trdemrkUsedunderlicense. | 터 디페 공성으로  부을  디카페인 | 유리 | 81801055//80266 | 2026.03.17 23.33 | 40783657,"[[""리아 주식회사|충북 청주시 흥덕구박"", 464, 35, 264], [""로72"", 463, 34, 471], [""길21·소비기한 아래에 표시일"", 486, 32, 267], [""재2명 및합량 커피 100% 커피원5"", 508, 34, 270], [""10%포재질 용/유리무껑1"", 530, 39, 268], [""2제(내민)품목보2번호 198104150"", 552, 37, 269], [""조하고 서늘한 곳에 보관·질소충전"", 574, 33, 267], [""본법에 의한 피해보상·부정 불량식품"", 597, 38, 260], [""12이1399.소비자상담 3"", 619, 34, 268], [""080-730-5336NECANE12"", 642, 25, 264], [""100g0"", 636, 31, 434], [""e trdemrkUsedunderlicense."", 659, 24, 262], [""터 디페 공성으로  부을  디카페인"", 702, 22, 265], [""유리"", 744, 21, 441], [""81801055//80266"", 758, 22, 276], [""2026.03.17"", 802, 23, 280], [""23.33"", 800, 29, 430], [""40783657"", 828, 29, 279]]"
000432,2027,04,28,2027-04-28,s1,iBRew PLUS | SWEET BLACK COFFEE | 스위트 블랙커피 | BReW& OH* |   아이브루 | +플러스 | 80 2027.04.28 | 80STCKS 0.09902.(2.8g/10kCA) | STICKS NET WT.7.9202.(224 9/800kCAl,"[[""iBRew"", 328, 112, 210], [""PLUS"", 359, 38, 473], [""SWEET BLACK COFFEE"", 415, 32, 242], [""스위트 블랙커피"", 448, 29, 286], [""BReW& OH*"", 504, 82, 414], ["" "", 652, 70, 220], [""아이브루"", 654, 58, 288], [""+플러스"", 699, 45, 302], [""80"", 848, 55, 186], [""2027.04.28"", 822, 31, 287], [""80STCKS 0.09902.(2.8g/10kCA)"", 856, 37, 253], [""STICKS"", 882, 20, 188], [""NET WT.7.9202.(224 9/800kCAl"", 879, 34, 252]]"
000433,2026,08,05,2026-08-05,s1,유기농 가루녹차 | 50 g 식품유형 고형차 | 유기농 녹차 100%국내산) | 포장재질 대포장:폴리프로필렌 | 보관방법 실온보관 | 제조원 (주)티젠 | 공장 1남도 해남군 계육 대운길8023 | 기한 | M2026.08.05 | 나·부정·불량식품신고 | 보관상주사항: | 보 | R.2및문의 | 제1680247 | eazenmall.com,"[[""유기농 가루녹차"", 346, 30, 284], [""50 g"", 376, 22, 289], [""식품유형"", 372, 29, 352], [""고형차"", 372, 25, 394], [""유기농 녹차 100%국내산)"", 400, 29, 286], [""포장재질"", 427, 30, 254], [""대포장:폴리프로필렌"", 426, 32, 287], [""보관방법"", 452, 33, 252], [""실온보관"", 452, 32, 289], [""제조원"", 474, 23, 254], [""(주)티젠"", 477, 24, 292], [""공장 1남도 해남군 계육 대운길8023"", 502, 33, 289], [""기한"", 547, 33, 250], [""M2026.08.05"", 578, 49, 294], [""나·부정·불량식품신고"", 661, 46, 260], [""보관상주사항:"", 684, 48, 261], [""보"", 702, 44, 260], [""R.2및문의"", 722, 41, 261], [""eazenmall.com"", 808, 36, 292], [""제1680247"", 794, 25, 333]]"
000434,2026,10,28,2026-10-28,s1,"유형 액상차 품목보2번호198304640330 | 포장재질 뚜껑(내면)폴리염화비닐 | 원료명 기타과당,정제수,설당,올리고당,대추국산)대추농축에대추 | (국산아카시아꿀국산)셀물로스검카라기난합성향대추진단검 | 첫산칼슘,구연산 | ·유대두토마토복숭아혼입가능·소비자기본법에따라피해보상 | 부정 경식품 국 139.직을 때실보2 | ·개봉후냉장보관(가급적빠른시일내섭취·유리병파손주의 | 전화주문.080-33-88(오무기를) | 고객상담:080-024-2311(수신사요금부 | ·소비기한: | 2026.10.28 | 06:21","[[""유형 액상차 품목보2번호198304640330"", 443, 30, 242], [""포장재질 뚜껑(내면)폴리염화비닐"", 468, 22, 242], [""원료명 기타과당,정제수,설당,올리고당,대추국산)대추농축에대추"", 491, 32, 241], [""(국산아카시아꿀국산)셀물로스검카라기난합성향대추진단검"", 512, 27, 241], [""첫산칼슘,구연산"", 534, 31, 238], [""·유대두토마토복숭아혼입가능·소비자기본법에따라피해보상"", 561, 34, 241], [""부정 경식품 국 139.직을 때실보2"", 582, 36, 241], [""·개봉후냉장보관(가급적빠른시일내섭취·유리병파손주의"", 604, 39, 240], [""전화주문.080-33-88(오무기를)"", 626, 36, 240], [""고객상담:080-024-2311(수신사요금부"", 648, 42, 255], [""·소비기한:"", 709, 29, 239], [""2026.10.28"", 735, 32, 321], [""06:21"", 762, 25, 357]]"
000435,2026,07,14,2026-07-14,s1,"3지민 | 제품명 식품의 유형 | 품목제조번호 | pet/뚜껑:pp.,종이 | 대구광0시구 성북로8.101-811 | 1회 1티벽을 찬물 또는 더운물에 우려서 섭취 | 2026/07/14","[[""3지민"", 131, 98, 197], [""제품명"", 338, 23, 237], [""식품의 유형"", 338, 20, 376], [""품목제조번호"", 361, 20, 231], [""pet/뚜껑:pp.,종이"", 451, 20, 303], [""대구광0시구 성북로8.101-811"", 542, 21, 302], [""1회 1티벽을 찬물 또는 더운물에 우려서 섭취"", 622, 24, 303], [""2026/07/14"", 756, 37, 274]]"
000436,2026,02,12,2026-02-12,s1,서울우유 서울우 | 2026.02.12 뚜껑회전 시 내부 | 16.51 | 은박이 개봉됩니다.,"[[""서울우"", 16, 36, 228], [""서울우유"", 32, 66, 66], [""2026.02.12"", 439, 48, 247], [""16.51"", 464, 27, 253], [""뚜껑회전 시 내부"", 460, 33, 429], [""은박이 개봉됩니다."", 485, 34, 423]]"
000437,2025,11,19,2025-11-19,s1,[Ue] | 행사상품 | 뉴케어 | T1030705 00E | 25 11.19까2 | 흔들어드세요,"[[""[Ue]"", 26, 29, 445], [""행사상품"", 228, 70, 566], [""뉴케어"", 390, 47, 218], [""T1030705 00E"", 425, 23, 311], [""25"", 441, 28, 284], [""11.19까2"", 442, 28, 327], [""흔들어드세요"", 560, 107, 424]]"
000438,2026,02,19,2026-02-19,s1,1특제 | 2026 02.19 12 08.56 | 1308 24122081 3085 282,"[[""1특제"", 250, 59, 626], [""2026 02.19 12 08.56"", 502, 29, 259], [""1308 24122081 3085 282"", 513, 30, 267]]"
000439,2026,03,18,2026-03-18,s1,소비기한 까지 베지밀 | 2026.03.18 41-05:23 검은 콩 두유고갈습,"[[""소비기한"", 425, 30, 203], [""까지"", 427, 26, 319], [""베지밀"", 439, 34, 446], [""41-05:23"", 450, 35, 220], [""검은"", 478, 43, 393], [""콩"", 475, 52, 437], [""2026.03.18"", 477, 36, 220], [""두유고갈습"", 486, 44, 476]]"
000440,2025,08,13,2025-08-13,s1,"25.08.13까지 |  근탁주 m6% 포이 천동 | 02127.927%.2 | 기(국산,주산), 입국,모 | 니(감미료) 밀함유 | 시일까지 |  서한 곳에 보관 우기","[[""25.08.13까지"", 524, 30, 315], ["" 근탁주"", 720, 41, 245], [""m6%"", 737, 38, 252], [""포이"", 746, 59, 395], [""천동"", 744, 63, 422], [""02127.927%.2"", 755, 44, 248], [""기(국산,주산), 입국,모"", 773, 50, 248], [""니(감미료)"", 804, 42, 249], [""시일까지"", 821, 42, 250], [""밀함유"", 812, 23, 347], [""우기"", 864, 128, 422], ["" 서한 곳에 보관"", 843, 39, 273]]"
000441,2025,02,12,2025-02-12,s1,6개 | 배과즙/축액8.25%(고형분 과채주스85 ML×6개(510 ML/510.kCa) 굴&배 Freezer Pop 아이스주스 얼려먹는 상하로 | 감군능츠075%(고형분60%실은보관 | 2025.02.12,"[[""6개"", 287, 42, 167], [""배과즙/축액8.25%(고형분"", 387, 154, 158], [""과채주스85 ML×6개(510 ML/510.kCa)"", 442, 263, 177], [""아이스주스"", 520, 252, 303], [""상하로"", 494, 179, 476], [""얼려먹는"", 518, 169, 366], [""Freezer Pop"", 518, 103, 278], [""굴&배"", 520, 66, 208], [""감군능츠075%(고형분60%실은보관"", 608, 219, 159], [""2025.02.12"", 743, 52, 250]]"
000442,2025,11,30,2025-11-30,s1,및소재지(주동원F&B 수원공장 /경기도 | 수원시장안구 천천로210번길 21-15 | •소비기한용기하단 표기일까지포장재질 | 폴2프로필품목보고번호/19/60263 | 004137.살균제품.질소충전.개봉 | 후냉장보관하시고 빠른 시일 내에 드세 | 요·이 제품은 소비자 분쟁해결 기준에 | 의거 교환 또는 보상을 받을 수 있습니 | 다·원료에의한 우유둘이나침전이 | 2025.11.30 | 01 26 30 3A,"[[""및소재지(주동원F&B 수원공장 /경기도"", 482, 44, 223], [""수원시장안구 천천로210번길 21-15"", 507, 38, 219], [""•소비기한용기하단 표기일까지포장재질"", 530, 35, 213], [""폴2프로필품목보고번호/19/60263"", 552, 31, 232], [""004137.살균제품.질소충전.개봉"", 576, 30, 234], [""후냉장보관하시고 빠른 시일 내에 드세"", 597, 30, 233], [""요·이 제품은 소비자 분쟁해결 기준에"", 620, 33, 236], [""의거 교환 또는 보상을 받을 수 있습니"", 642, 41, 234], [""다·원료에의한 우유둘이나침전이"", 663, 40, 233], [""2025.11.30"", 828, 39, 339], [""01 26 30 3A"", 851, 46, 335]]"
000443,2026,04,06,2026-04-06,s1,"요이요이 핑크폼 아기상어 | 유기농 쌀과자 초록 | 손개각으로과자를집는 소비기한 | 아이를위한유기농쌀과자 | 2026.04.06M.16.09A 으미요며 유가능? | 믿을 수 있는 유기농 재료 4,2 | 유기농 쌀로 만들어원재료 안심 | 소근육 운동을 고려한 모양설계 | 손가락으로 집어 스스로 먹을수 있는크기 | 성장에 필요한 영양이 쏙! | 과일의 건강한 단맛을 더해 | 더욱 맛있게! | 요미요미 안심정보공개시스템 | 원재료부터 생산까지 투명한 생산과정공개 | 제품명 요미요미 유기농 쌀과자 초록 식품의 유형 과자 영양정보 2내8829 | 사질 (내면) 폴리프로필렌 풍보번호/20060515035126 | 량(유기능량 98%) 유기능(국), 유기농백포도농 보관방법 실온보관 총 내용량당 기준치에대 | (터키산),유기농브로콜리분말(국산) 로릴라 원말, 탄산칼슘 나트륨10mg | 탄수화물229 | 22원(주)에스0씨 전라남도 담군 담읍 에코길 11-9 당59 | 및고장소만매원및구입처 22 매유업(주)경주공장광주0역시광신구0등대로 511 지방09 트랜스지방0g | 포화지방09 | 클레스테롤Omg | 2105.M9 | 비타민C 15 mg | 으로개인의 필요 | 매일유업(주)","[[""요이요이"", 238, 55, 161], [""핑크폼 아기상어"", 225, 34, 317], [""유기농 쌀과자 초록"", 252, 26, 318], [""소비기한"", 311, 24, 357], [""손개각으로과자를집는"", 317, 37, 97], [""아이를위한유기농쌀과자"", 334, 43, 81], [""2026.04.06M.16.09A"", 348, 30, 375], [""으미요며 유가능?"", 348, 24, 633], [""4,2"", 395, 34, 669], [""믿을 수 있는 유기농 재료"", 398, 24, 418], [""유기농 쌀로 만들어원재료 안심"", 414, 22, 418], [""소근육 운동을 고려한 모양설계"", 435, 24, 419], [""손가락으로 집어 스스로 먹을수 있는크기"", 452, 23, 420], [""성장에 필요한 영양이 쏙!"", 473, 26, 421], [""과일의 건강한 단맛을 더해"", 512, 28, 421], [""더욱 맛있게!"", 530, 20, 425], [""요미요미 안심정보공개시스템"", 548, 33, 422], [""원재료부터 생산까지 투명한 생산과정공개"", 565, 29, 423], [""제품명 요미요미 유기농 쌀과자 초록 식품의 유형 과자"", 602, 30, 84], [""영양정보"", 608, 42, 381], [""2내8829"", 590, 31, 523], [""사질 (내면) 폴리프로필렌"", 634, 27, 87], [""풍보번호/20060515035126"", 622, 25, 216], [""량(유기능량 98%) 유기능(국), 유기농백포도농"", 654, 39, 85], [""보관방법 실온보관"", 639, 22, 217], [""총 내용량당"", 642, 25, 384], [""기준치에대"", 637, 29, 514], [""(터키산),유기농브로콜리분말(국산) 로릴라 원말, 탄산칼슘"", 669, 42, 84], [""나트륨10mg"", 664, 22, 384], [""탄수화물229"", 678, 20, 386], [""22원(주)에스0씨 전라남도 담군 담읍 에코길 11-9"", 699, 38, 84], [""당59"", 694, 21, 393], [""22 매유업(주)경주공장광주0역시광신구0등대로 511"", 718, 48, 85], [""지방09"", 710, 20, 387], [""및고장소만매원및구입처"", 731, 37, 87], [""트랜스지방0g"", 721, 24, 394], [""포화지방09"", 737, 22, 395], [""클레스테롤Omg"", 752, 25, 387], [""2105.M9"", 783, 27, 385], [""비타민C 15 mg"", 796, 25, 386], [""으로개인의 필요"", 822, 29, 411], [""매일유업(주)"", 845, 41, 385]]"
000444,2026,07,01,2026-07-01,s1,요아요이 유기농 쌀떡빵 | 시금치와 브로콜리 | 믿을 수 있는 유기농 재료 | 유기능 합량 100%로 원재료 안심1 | 처음과자율 접하는 아이를 위란 구강구조와 식감을 고려한 설계 | 유기농쌀떡삐 입 안에서 녹는 간식 기름에 튀기지 않고 열과 압력으로 만들어 | 용미요미 안심정보 | 공개시스템 | 원재료부터 생산까지 투명한 | 생산과정 공개 | 유기농 요미요미 유기농주스로 | 충분한수분과영양을 | 시금치 | 소비기한 | 유기농 | 브로콜리 2026.07.01 | 영양정보 | 1일영영성분 목보고번호 포장재질(내면) 200603/812232 소0기한추시22 반품 및 교환장소 판매원및구입처 | Y0mg 보관방법 | 29 원재료명 | 영0g 시금지분말(국산) | 0g | 0,"[[""유기농"", 196, 38, 363], [""쌀떡빵"", 185, 24, 421], [""요아요이"", 213, 60, 234], [""시금치와 브로콜리"", 222, 31, 382], [""믿을 수 있는 유기농 재료"", 269, 40, 429], [""유기능 합량 100%로 원재료 안심1"", 288, 41, 430], [""처음과자율"", 308, 28, 262], [""구강구조와 식감을 고려한 설계"", 314, 40, 430], [""접하는 아이를 위란"", 326, 31, 248], [""기름에 튀기지 않고 열과 압력으로 만들어"", 334, 37, 430], [""유기농쌀떡삐"", 347, 46, 240], [""입 안에서 녹는 간식"", 349, 28, 433], [""용미요미 안심정보"", 376, 29, 436], [""공개시스템"", 398, 37, 433], [""원재료부터 생산까지 투명한"", 421, 20, 437], [""생산과정 공개"", 436, 20, 439], [""유기농"", 490, 21, 331], [""요미요미 유기농주스로"", 481, 26, 413], [""충분한수분과영양을"", 496, 23, 424], [""시금치"", 526, 21, 245], [""소비기한"", 549, 27, 391], [""유기농"", 596, 22, 237], [""브로콜리"", 612, 24, 233], [""2026.07.01"", 609, 32, 469], [""영양정보"", 668, 37, 159], [""포장재질(내면)"", 700, 41, 302], [""목보고번호"", 684, 29, 307], [""1일영영성분"", 702, 31, 251], [""200603/812232 소0기한추시22"", 683, 48, 367], [""반품 및 교환장소 판매원및구입처"", 691, 46, 467], [""Y0mg"", 718, 33, 180], [""보관방법"", 716, 31, 314], [""29"", 736, 32, 183], [""원재료명"", 736, 30, 314], [""영0g"", 754, 27, 189], [""시금지분말(국산)"", 749, 34, 370], [""0g"", 796, 36, 190], [""0"", 814, 34, 192]]"
000445,2026,07,17,2026-07-17,s1,가득퍼지는 | 쿠 앤크림의 달콤함! | 쿠키엔크림체 | 코와우유가 만나면 | 진한 | 몸에 좋은 5가지 곡물과 | 고 경양성분단백질은UP! | ↓담류 함량은DOWN! | 단백질 비타민D 칼슘 | 83.ng 3.33 19 28309 | 한 | 영양설계 | 농신로2주시회사경기도안성시공단2로29(신소현동) | 내용량 4209 | 76 9 23% | 17% | 포장재질폴리에틸렌 | 7제품으로 습기나해충의 영 | 쉬우으로개봉에는 드시 | 건조하고보 | 2026.07.17/15.40 이제품은  | 부정 불0식흥신교국번업01399 | 02미국 협1의 등록상U다.02025 Ke099 COmP3n1 | 홈페이지I ww.kellogg.co.kr | 헬로그홈페이지를 클릭하시면제품에 | 8(89)22.0kCA1 문의처농성절로급주식회사 소비자상담실,"[[""가득퍼지는"", 65, 28, 454], [""쿠"", 84, 20, 429], [""앤크림의 달콤함!"", 86, 39, 460], [""쿠키엔크림체"", 108, 26, 321], [""코와우유가 만나면"", 122, 39, 463], [""진한"", 139, 30, 426], [""5가지 곡물과"", 174, 38, 475], [""몸에 좋은"", 178, 38, 426], [""고"", 238, 26, 163], [""경양성분단백질은UP!"", 246, 43, 455], [""↓담류"", 286, 34, 329], [""함량은DOWN!"", 270, 41, 446], [""비타민D"", 362, 23, 412], [""칼슘"", 355, 22, 533], [""단백질"", 364, 21, 208], [""3.33 19"", 378, 23, 412], [""28309"", 375, 33, 608], [""83.ng"", 382, 24, 310], [""한"", 396, 27, 126], [""영양설계"", 417, 40, 106], [""농신로2주시회사경기도안성시공단2로29(신소현동)"", 508, 26, 290], [""내용량 4209"", 534, 24, 534], [""76 9"", 568, 20, 155], [""23%"", 570, 20, 214], [""17%"", 600, 20, 215], [""포장재질폴리에틸렌"", 655, 22, 242], [""7제품으로 습기나해충의 영"", 687, 43, 544], [""쉬우으로개봉에는 드시"", 701, 45, 545], [""2026.07.17/15.40"", 730, 27, 313], [""건조하고보"", 716, 43, 546], [""이제품은 "", 731, 44, 547], [""부정 불0식흥신교국번업01399"", 800, 28, 247], [""02미국 협1의 등록상U다.02025 Ke099 COmP3n1"", 813, 31, 247], [""홈페이지I ww.kellogg.co.kr"", 831, 26, 282], [""헬로그홈페이지를 클릭하시면제품에"", 844, 27, 283], [""8(89)22.0kCA1"", 866, 33, 157], [""문의처농성절로급주식회사 소비자상담실"", 872, 28, 283]]"
000446,2026,04,11,2026-04-11,s1,2026.04.11.7 | 나 누국가 HYDRANGEA TEA | 328(0.88X40개입) | 수국 22% | 꽃샘 수국차,"[[""2026.04.11.7"", 374, 39, 400], [""누국가"", 512, 157, 407], [""나"", 570, 64, 6], [""HYDRANGEA TEA"", 596, 37, 420], [""328(0.88X40개입)"", 768, 28, 164], [""수국 22%"", 788, 26, 167], [""꽃샘 수국차"", 945, 30, 161]]"
000447,2025,11,22,2025-11-22,s1,늘력보리한 | BLACK BAREEY TEA | 2025.11.22,"[[""늘력보리한"", 46, 94, 374], [""BLACK BAREEY TEA"", 93, 50, 408], [""2025.11.22"", 361, 39, 277]]"
000448,2026,08,20,2026-08-20,s1,영양정보 | DE 1OMg 19% 탄수화물 179 5%0류 | 08 489 89% EN방 09 포화지 | 를 5mg미만 1% 62백 267.47% | 2026.08.20 8.98,"[[""영양정보"", 440, 37, 264], [""DE 1OMg 19% 탄수화물 179 5%0류"", 471, 28, 264], [""08 489 89% EN방 09 포화지"", 496, 31, 264], [""를 5mg미만 1%"", 522, 25, 262], [""62백 267.47%"", 520, 29, 356], [""8.98"", 572, 38, 636], [""2026.08.20"", 596, 39, 313]]"
000449,2026,01,28,2026-01-28,s1,n0 | 28.01.2026 | BB L028 0613108 | 원매원 | 영양정보,"[[""n0"", 252, 42, 7], [""28.01.2026"", 461, 30, 251], [""BB L028 0613108"", 486, 37, 246], [""원매원"", 750, 33, 141], [""영양정보"", 813, 48, 128]]"
000450,2026,03,11,2026-03-11,s1,쌀 카스테라 건강설 | OrYou | (주)오리온 | http://www.orionworld.com | 소비 2025.09.12/13/18 부터 | 기한 2026.03.11/A 까지 | 카스테라 HACCP | 도경,"[[""쌀"", 267, 82, 244], [""카스테라"", 287, 60, 295], [""건강설"", 282, 44, 548], [""OrYou"", 394, 64, 485], [""(주)오리온"", 469, 24, 389], [""http://www.orionworld.com"", 485, 26, 389], [""2025.09.12/13/18"", 527, 30, 416], [""부터"", 522, 30, 577], [""소비"", 530, 25, 359], [""기한"", 556, 28, 359], [""2026.03.11/A"", 549, 28, 417], [""까지"", 547, 28, 577], [""카스테라"", 607, 75, 6], [""HACCP"", 617, 25, 406], [""도경"", 779, 104, 214]]"
000451,2026,02,27,2026-02-27,s1,"Calbee | 어니버터칠 | 렇게 만들어져요! | 신선한생감자! (미국산), 버터 시아분말아카시아(국신) | 스산 우유대두, 밀,조개류굴 | 소비기한후면표기일까지 | 포장재질 폴리에틸렌(내면) | 제조원해태가루비(주)제 | 강원특별자치도 원주시문막 | 2다. 유통전문판매원해태제과식품 | 서울특별시 용산구 한강대로 72 | 품보번호201603834281 | 3.신선한기름에 ·직사광선 및 습기찬 곳을 피하여 | 제품은 공정거래위원회 고시에 의게 | 상·반품 및교환장소 본사및 구입 | 정 불0식품 신22국업01 | 은 토마토,계란,계새우왜 | 아,호두조개홍합포험 | 류를 사용한 제품과제조시 | 반식!하고달콤한~ 의 일부분이니 안심하고C | 영양정보 허니버터집을 즐겨보세요! 총내용량 609 녹색 가루는 파슬리입니다. 모2 | 25.08.28 F219.31 | 26.02.27 까지 A1 매콤달 | 수 있습니다.","[[""Calbee"", 120, 29, 6], [""어니버터칠"", 265, 44, 115], [""렇게 만들어져요!"", 291, 38, 128], [""(미국산), 버터"", 327, 24, 380], [""시아분말아카시아(국신)"", 342, 29, 379], [""신선한생감자!"", 339, 26, 244], [""스산 우유대두, 밀,조개류굴"", 357, 32, 380], [""소비기한후면표기일까지"", 372, 22, 383], [""포장재질 폴리에틸렌(내면)"", 388, 23, 383], [""제조원해태가루비(주)제"", 404, 27, 382], [""강원특별자치도 원주시문막"", 420, 31, 382], [""2다."", 439, 26, 174], [""유통전문판매원해태제과식품"", 437, 32, 383], [""서울특별시 용산구 한강대로 72"", 453, 31, 384], [""품보번호201603834281"", 470, 26, 385], [""·직사광선 및 습기찬 곳을 피하여"", 486, 24, 385], [""3.신선한기름에"", 498, 22, 234], [""제품은 공정거래위원회 고시에 의게"", 521, 22, 387], [""상·반품 및교환장소 본사및 구입"", 538, 32, 385], [""정 불0식품 신22국업01"", 554, 30, 385], [""은 토마토,계란,계새우왜"", 570, 30, 385], [""아,호두조개홍합포험"", 586, 33, 386], [""류를 사용한 제품과제조시"", 603, 32, 388], [""모2"", 701, 143, 573], [""반식!하고달콤한~"", 662, 40, 132], [""허니버터집을 즐겨보세요!"", 686, 53, 130], [""의 일부분이니 안심하고C"", 668, 43, 387], [""녹색 가루는 파슬리입니다."", 686, 39, 389], [""영양정보"", 715, 40, 129], [""총내용량 609"", 719, 26, 263], [""25.08.28 F219.31"", 744, 46, 434], [""매콤달"", 777, 72, 606], [""26.02.27 까지 A1"", 762, 49, 432], [""수 있습니다."", 824, 33, 125]]"
000452,2026,03,25,2026-03-25,hires,Una영el | 메모리 게임! | 고래밥 | 대법 파용양년1P 4 | 타피 돌고래(엔돌핀) 꽃게(어보게) 복어(요리보고) 거북이(메탈부기) 640 | 소비 2025.07.26/09:45 부터 | 2026.03.25 | 기한 까지 | 가재(집게가재) 망치상어(솜망치) 흰동가리(아네모네) 다랑어(따랑해),"[[""Una영el"", 322, 49, 1216], [""메모리 게임!"", 372, 67, 1147], [""고래밥"", 641, 190, 944], [""대법 파용양년1P 4"", 1043, 92, 1238], [""640"", 1136, 113, 1258], [""돌고래(엔돌핀)"", 1132, 31, 544], [""꽃게(어보게)"", 1130, 35, 710], [""복어(요리보고)"", 1128, 31, 860], [""거북이(메탈부기)"", 1126, 30, 1013], [""타피"", 1138, 23, 0], [""소비"", 1244, 35, 770], [""부터"", 1240, 35, 1092], [""2025.07.26/09:45"", 1248, 50, 813], [""2026.03.25"", 1272, 46, 821], [""기한"", 1296, 31, 772], [""까지"", 1290, 35, 1091], [""가재(집게가재)"", 1320, 27, 57], [""망치상어(솜망치)"", 1319, 24, 218], [""흰동가리(아네모네)"", 1319, 30, 412], [""다랑어(따랑해)"", 1315, 32, 601]]"
000453,2026,01,26,2026-01-26,s1,"유말레이시아산,고을레산 | E카리 어니언 미국산,아스파탐(감미료) (스페인산,아르헨티나산,우크이 양파맛시즈닝(양파분말(양파국) | 100.국산 | emOriginal 제철햇포카칩 001987041500326 | ·달길,영공,호두 복승아 | 덜햇감지 홍합 포함)혼입가능·제 | 의한 피해보상·고객센터: | 유리온 5700(문8)1522-40021 온·도가 낮은 곳에 보관 2025 | 리 드세요·부정·불량식 | 1399.081사7021 | 보이는 겁은 반점은 감자 | 민간감자95 소 실처럼보이는것은 감자 이는 밝은 반점은 파맛 시 | 고충가루이므로?심하고 드 | 영양정보 | 21988부8 오직 2자 위한 신품종 감자 개발! 308당 기준 대한 8 | 나트륨 95 mg | 0전국 30001개 놓가와 24 탄수화물168 5% 348 | 직접 농가를 방문하여 당류1일미만 1% 28 | 꼽끔한품질체크까지 지방11 | 트랜스지방0 | 포화438 | 다양한 정보는 콜레스테Omg | OR코드로 단백질28 | 확인할수 있습니다 | 소비 25.08.27 | 26.01.26 부터 | 기한 08:38 C05 까지 8801117 260304","[[""E카리"", 216, 111, 0], [""유말레이시아산,고을레산"", 217, 47, 456], [""(스페인산,아르헨티나산,우크이"", 229, 38, 460], [""양파맛시즈닝(양파분말(양파국)"", 243, 42, 459], [""100.국산"", 262, 35, 330], [""어니언 미국산,아스파탐(감미료)"", 255, 32, 459], [""emOriginal"", 270, 33, 30], [""제철햇포카칩"", 287, 44, 310], [""001987041500326"", 292, 33, 461], [""·달길,영공,호두 복승아"", 306, 28, 465], [""덜햇감지"", 318, 72, 59], [""홍합 포함)혼입가능·제"", 333, 24, 466], [""의한 피해보상·고객센터:"", 364, 22, 467], [""유리온"", 382, 35, 256], [""5700(문8)1522-40021"", 380, 23, 468], [""온·도가 낮은 곳에 보관"", 397, 34, 466], [""리 드세요·부정·불량식"", 412, 31, 467], [""2025"", 409, 48, 657], [""1399.081사7021"", 428, 35, 467], [""보이는 겁은 반점은 감자"", 444, 35, 467], [""민간감자95"", 470, 45, 193], [""소"", 470, 31, 369], [""실처럼보이는것은 감자"", 461, 28, 469], [""이는 밝은 반점은 파맛 시"", 477, 32, 467], [""고충가루이므로?심하고 드"", 492, 27, 469], [""영양정보"", 526, 30, 475], [""21988부8 오직 2자"", 541, 29, 205], [""위한 신품종 감자 개발!"", 561, 28, 243], [""308당 기준 대한 8"", 564, 39, 474], [""0전국 30001개 놓가와 24"", 593, 35, 203], [""나트륨 95 mg"", 585, 22, 477], [""직접 농가를 방문하여"", 612, 27, 218], [""탄수화물168"", 604, 21, 479], [""5%"", 601, 22, 579], [""348"", 602, 25, 599], [""꼽끔한품질체크까지"", 634, 35, 242], [""당류1일미만"", 624, 26, 486], [""1%"", 620, 20, 581], [""28"", 619, 20, 603], [""지방11"", 644, 22, 478], [""트랜스지방0"", 662, 21, 489], [""포화438"", 682, 23, 488], [""다양한 정보는"", 699, 30, 256], [""콜레스테Omg"", 702, 22, 479], [""OR코드로"", 718, 31, 254], [""단백질28"", 721, 24, 478], [""확인할수 있습니다"", 738, 30, 254], [""소비"", 772, 20, 177], [""25.08.27"", 778, 33, 232], [""기한"", 801, 28, 170], [""26.01.26"", 794, 33, 233], [""부터"", 794, 23, 365], [""08:38 C05"", 810, 33, 231], [""까지"", 821, 22, 364], [""8801117 260304"", 822, 41, 499]]"
000454,2025,07,15,2025-07-15,s1,202026.01.14 | 제조2025.07.15 | Dongwon | 양반 | 대한민국 좋은원초에 들기름향이 그윽한 | NO. | 양반김 들기름김 | 양반철학 | 재료가살아야 | 맛이산다 | 3 봉,"[[""202026.01.14"", 214, 32, 437], [""제조2025.07.15"", 244, 31, 437], [""Dongwon"", 268, 31, 536], [""양반"", 331, 90, 267], [""대한민국"", 398, 23, 13], [""좋은원초에 들기름향이 그윽한"", 414, 33, 213], [""NO."", 429, 42, 14], [""들기름김"", 488, 107, 178], [""양반김"", 468, 45, 14], [""양반철학"", 759, 23, 67], [""재료가살아야"", 778, 33, 48], [""맛이산다"", 796, 36, 61], [""3"", 873, 60, 76], [""봉"", 892, 22, 123]]"
000455,2026,02,10,2026-02-10,s1,2025.08.11.10.468) | 2026.02.10.까지1 | luone | 차기르,"[[""2025.08.11.10.468)"", 422, 29, 469], [""2026.02.10.까지1"", 447, 26, 472], [""luone"", 866, 27, 0], [""차기르"", 939, 40, 168]]"
000456,2025,12,26,2025-12-26,s1,대한민국 소비2025.12.264 | NO.1 양반김 제조2025.06.277 ngwon | 양반 | 00 명장이 엄선한원초로 잘터지지 않는 | 군김밥김 Roasted Gimbap Laver | √ | 국산김|전장김10 | 100%/229(75,"[[""대한민국"", 217, 20, 71], [""소비2025.12.264"", 218, 28, 528], [""NO.1"", 244, 35, 71], [""양반김"", 244, 45, 154], [""제조2025.06.277"", 246, 33, 526], [""ngwon"", 236, 30, 647], [""양반"", 294, 89, 324], [""00"", 360, 30, 99], [""명장이 엄선한원초로 잘터지지 않는"", 376, 34, 236], [""군김밥김"", 462, 162, 199], [""Roasted Gimbap Laver"", 538, 23, 289], [""√"", 866, 21, 686], [""국산김|전장김10"", 894, 30, 517], [""100%/229(75"", 915, 22, 518]]"
000457,2026,06,18,2026-06-18,s1,2026.06.18까지 김원초가두꺼워부드럽게잘말리고 질기지 않고 바삭한 원균길밥김 | 쟁이가 지도표두번구운김밥김 | 만됩니다. 김100% | 21g (80.kcal) (10매) | y성경식품 SEAWEED AVER)100 %,"[[""원균길밥김"", 542, 500, 565], [""2026.06.18까지"", 313, 22, 90], [""김원초가두꺼워부드럽게잘말리고"", 478, 347, 458], [""질기지 않고 바삭한"", 496, 384, 490], [""쟁이가"", 825, 62, 137], [""지도표두번구운김밥김"", 817, 30, 518], [""만됩니다."", 843, 42, 141], [""김100%"", 838, 27, 596], [""21g"", 870, 46, 528], [""(10매)"", 858, 29, 613], [""(80.kcal)"", 874, 27, 591], [""y성경식품"", 896, 33, 246], [""SEAWEED AVER)100 %"", 902, 30, 453]]"
000458,2026,07,01,2026-07-01,s1,HAEPYO 해표 LAVER | 2026.07.01.까지 | 2025.07.02.제조 30년 전통방식 그대로 | 더고소한김 | 김밥김 | 조미김20g(75 kCA)/전장10매 | 김(국신)100%,"[[""해표"", 564, 53, 287], [""HAEPYO"", 576, 27, 164], [""LAVER"", 582, 20, 437], [""2026.07.01.까지"", 610, 25, 68], [""2025.07.02.제조"", 627, 23, 69], [""30년 전통방식 그대로"", 633, 38, 231], [""더고소한김"", 694, 105, 144], [""김밥김"", 772, 72, 251], [""조미김20g(75 kCA)/전장10매"", 874, 35, 90], [""김(국신)100%"", 905, 31, 92]]"
000459,2026,01,19,2026-01-19,s1,농협 철원오대쌀 떡국 의 국산쌀로만들어쫄지하며 | 0 10 (91509.113 9) | 난곡물 2피내 사골분 7.29% 떨중쌀할량99.5% 유통전문 국산원 | 물시골분말 | 2026.01.19까2지 2 | 쇠고기 항유 | 루 3.약 2분 후 내용물을 골고루 저어주시고 맛있게 드세요 알큼에 민감하니 한또는 보상법 | *부정-불량 | 습니다. | 영양정보 총내8 163 0390 kCal | 당류202%지21049%방09 | 20/0079109088015,"[[""농협"", 214, 48, 229], [""떡국"", 312, 261, 470], [""철원오대쌀"", 288, 186, 424], [""의"", 276, 159, 588], [""국산쌀로만들어쫄지하며"", 289, 184, 602], [""0"", 456, 42, 6], [""난곡물"", 499, 58, 0], [""10"", 476, 24, 58], [""(91509.113 9)"", 476, 22, 496], [""떨중쌀할량99.5%"", 493, 24, 500], [""유통전문"", 493, 28, 677], [""2피내 사골분 7.29%"", 509, 22, 492], [""국산원"", 508, 25, 679], [""물시골분말"", 525, 24, 679], [""2026.01.19까2지"", 544, 23, 153], [""2"", 549, 42, 470], [""쇠고기 항유"", 572, 21, 677], [""루"", 625, 102, 0], [""3.약 2분 후 내용물을 골고루 저어주시고 맛있게 드세요"", 624, 22, 377], [""한또는 보상법"", 618, 21, 675], [""알큼에 민감하니"", 634, 22, 675], [""*부정-불량"", 666, 28, 674], [""습니다."", 694, 24, 0], [""영양정보 총내8 163 0390 kCal"", 773, 22, 441], [""당류202%지21049%방09"", 806, 22, 444], [""20/0079109088015"", 820, 25, 439]]"
000460,2025,12,03,2025-12-03,s1,"종협 | 3년육 | 2025.12.03까지 | 방순희 | 고 진한 풍미 용도 | 미역국,콩나물국, 김치찌개,육개장 등한우의 깊은 맛과 | 사용하여 채소의 깔끔한 맛이 필요한 각종 국물볶음, 조림 요리 등에 사용하세요 | 있습니다. 보관방법 | 고온다습,직사광선을 피하여 건조하고서늘한 곳에 | 깔끔한 맛 ※개봉한 후 밀봉하시면 이물 등의 혼업과 | 사용방법 | 의 비법 재료! | 분말이 | 여줍니다. 간을 맞추시는 것이 좋습니다 | 내용량 1 kg | 식품유형 복합조미식품","[[""종협"", 22, 43, 563], [""3년육"", 58, 42, 553], [""2025.12.03까지"", 466, 29, 340], [""방순희"", 494, 29, 341], [""고 진한 풍미"", 548, 41, 0], [""용도"", 538, 23, 358], [""미역국,콩나물국, 김치찌개,육개장 등한우의 깊은 맛과"", 568, 23, 247], [""사용하여"", 593, 30, 0], [""채소의 깔끔한 맛이 필요한 각종 국물볶음, 조림 요리 등에 사용하세요"", 588, 32, 208], [""있습니다."", 619, 31, 0], [""보관방법"", 619, 28, 344], [""고온다습,직사광선을 피하여 건조하고서늘한 곳에"", 648, 31, 255], [""깔끔한 맛"", 694, 33, 0], [""※개봉한 후 밀봉하시면 이물 등의 혼업과"", 688, 35, 270], [""사용방법"", 736, 32, 345], [""의 비법 재료!"", 752, 31, 0], [""분말이"", 780, 28, 0], [""여줍니다."", 808, 31, 0], [""간을 맞추시는 것이 좋습니다"", 802, 32, 313], [""내용량"", 860, 32, 376], [""1 kg"", 854, 25, 455], [""식품유형"", 882, 32, 77], [""복합조미식품"", 878, 36, 172]]"
000461,2026,11,28,2026-11-28,s1,농협 한식된장 식품유형 | 품질유지기한별 | 메주.대100%국산)43.5% | 천2염.국산)13.8%8제수 대두함유 | 영월농협가공사업소 강원특별자치도 영월군 북면원 | 유통전문판매원농협식품(서울시마포구 신로66 | 보관방법 | 2수있습니다.1정 0식품 신고2국번없01399 | 2026.11.28 8801448 531253,"[[""농협 한식된장"", 454, 20, 273], [""식품유형"", 453, 24, 407], [""품질유지기한별"", 468, 24, 401], [""메주.대100%국산)43.5%"", 488, 29, 276], [""천2염.국산)13.8%8제수"", 508, 30, 277], [""대두함유"", 506, 21, 499], [""영월농협가공사업소 강원특별자치도 영월군 북면원"", 528, 28, 272], [""유통전문판매원농협식품(서울시마포구 신로66"", 544, 23, 209], [""보관방법"", 592, 23, 212], [""2수있습니다.1정 0식품 신고2국번없01399"", 636, 28, 197], [""2026.11.28"", 692, 39, 241], [""8801448 531253"", 698, 29, 439]]"
000462,2027,05,27,2027-05-27,s1,백설 육수에는1분링 멀치가득 국내산 박지락 | 1분량'이란? 연출이미지 |  맛있는 육수를 내는데 필요한 | 핵심 재료를 한 알에 | 가운데를 원형으로 높어 바지락멀치92% | 조리방법(1인분 기준) 3 | 300-350m1 종기법21-2)을 끌는물에1분링을 1분링으로완성한 | 끝여줍니다. 국물을 우려줍니다. 시작해보세요 | 2027.05.27까N.A26 A2 | 총내82/809 | 영양정보,"[[""국내산 박지락"", 166, 27, 398], [""육수에는1분링"", 190, 63, 196], [""멀치가득"", 182, 24, 409], [""백설"", 205, 36, 127], [""연출이미지"", 220, 27, 470], [""1분량'이란?"", 242, 35, 79], ["" 맛있는 육수를 내는데 필요한"", 272, 31, 63], [""핵심 재료를 한 알에"", 289, 25, 79], [""바지락멀치92%"", 301, 51, 383], [""가운데를 원형으로 높어"", 333, 23, 63], [""3"", 368, 56, 386], [""조리방법(1인분 기준)"", 408, 28, 67], [""1분링으로완성한"", 484, 29, 414], [""300-350m1"", 504, 23, 90], [""끌는물에1분링을"", 496, 26, 256], [""종기법21-2)을"", 518, 28, 79], [""시작해보세요"", 512, 23, 438], [""끝여줍니다."", 531, 23, 102], [""국물을 우려줍니다."", 524, 26, 256], [""2027.05.27까N.A26 A2"", 616, 50, 368], [""총내82/809"", 654, 34, 494], [""영양정보"", 680, 32, 337]]"
000463,2027,02,01,2027-02-01,s1,"열림 달함 | 닫힘 | 영양정보 제품명 백설 소불고기양팀 | 설 식품유형 소스(실제품) 씨제이제일제당(주)충청남도 내용 500 백설 | 제조원 씬산이연부 | 모장재질(내면)응가-유리두껑-폴리염화비널 | 불고기월 탄수 품목보고번호 소비기한하단표기일까지 20020464088-34 소불고> | 일새료명 합간장(아미노산역(탈지대두 | 100% | 조리예 국산배·사과 | 5009 내두,밀함유 | 1925 /CAU 번품및교환장소 전국판매점 | 고기1 kg용 | 까지 | 2027.02.1 AB6 | 05.31 | 배13.2%함","[[""열림"", 141, 30, 420], [""달함"", 134, 36, 562], [""닫힘"", 163, 31, 96], [""백설"", 328, 88, 557], [""영양정보"", 307, 26, 176], [""설"", 330, 55, 0], [""제품명 백설 소불고기양팀"", 308, 29, 241], [""식품유형 소스(실제품)"", 327, 30, 243], [""내용 500"", 325, 24, 382], [""제조원 씬산이연부"", 354, 35, 245], [""씨제이제일제당(주)충청남도"", 344, 26, 272], [""불고기월"", 412, 110, 0], [""모장재질(내면)응가-유리두껑-폴리염화비널"", 377, 32, 244], [""탄수"", 394, 24, 185], [""소비기한하단표기일까지"", 396, 28, 246], [""소불고>"", 426, 101, 505], [""품목보고번호"", 429, 27, 248], [""20020464088-34"", 431, 24, 311], [""일새료명 합간장(아미노산역(탈지대두"", 446, 37, 246], [""100%"", 530, 51, 501], [""국산배·사과"", 556, 48, 495], [""조리예"", 551, 26, 141], [""내두,밀함유"", 578, 34, 252], [""5009"", 574, 29, 143], [""번품및교환장소 전국판매점"", 596, 42, 251], [""1925 /CAU"", 594, 34, 125], [""고기1 kg용"", 610, 37, 125], [""까지"", 623, 20, 425], [""2027.02.1"", 648, 30, 287], [""05.31"", 665, 20, 313], [""AB6"", 656, 20, 422], [""배13.2%함"", 691, 44, 620]]"
000464,2026,03,19,2026-03-19,s1,2026.03.19/N 23/9.A12 | 스낵면 들꼬들 읽고 바로먹는 | 62 /285 kCA/Y6/ | 조리에 | 오뚜기molle 8801045/572342 | 57 264 | Fay,"[[""2026.03.19/N 23/9.A12"", 451, 66, 339], [""읽고"", 564, 21, 296], [""바로먹는"", 558, 68, 360], [""들꼬들"", 582, 23, 292], [""62"", 605, 28, 443], [""/285 kCA/Y6/"", 590, 55, 482], [""스낵면"", 612, 201, 15], [""조리에"", 652, 20, 292], [""8801045/572342"", 694, 56, 416], [""57 264"", 732, 76, 419], [""오뚜기molle"", 770, 41, 51], [""Fay"", 864, 159, 309]]"
000465,2027,07,30,2027-07-30,s1,들 누들 | 트남밭로 | 쌀 | OILNAHLNG HNINEINIT 이 기는일 2027/07/30 융 를%이 unev | L31S 이탈 | 56 분 50,"[[""누들"", 54, 88, 424], [""들"", 73, 75, 289], [""트남밭로"", 115, 68, 8], [""쌀"", 306, 77, 500], [""HNINEINIT"", 479, 212, 189], [""이"", 483, 232, 255], [""OILNAHLNG"", 478, 161, 166], [""기는일"", 482, 122, 293], [""융 를%이"", 494, 159, 499], [""unev"", 505, 45, 540], [""2027/07/30"", 552, 23, 344], [""L31S"", 574, 24, 343], [""이탈"", 587, 26, 680], [""56 분 50"", 613, 22, 660]]"
000466,2027,06,07,2027-06-07,s1,산모용 놀기 | 좋은원초만을엄선하여위생적으 | 믿고 드실 수 있는 우수한제품입니다. 1200 | 내8.1209 | '가족의 행복을 위한 바른먹거 | 고객을 가족처럼 | (주)두레 F&D | 2027.06.07.까지,"[[""산모용 놀기"", 386, 21, 350], [""좋은원초만을엄선하여위생적으"", 408, 38, 250], [""1200"", 416, 33, 616], [""믿고 드실 수 있는 우수한제품입니다."", 429, 36, 265], [""내8.1209"", 546, 57, 301], [""'가족의 행복을 위한 바른먹거"", 696, 56, 194], [""고객을 가족처럼"", 726, 26, 320], [""(주)두레"", 744, 28, 320], [""F&D"", 740, 27, 411], [""2027.06.07.까지"", 805, 36, 364]]"
000467,2025,12,26,2025-12-26,s1,GHANA행복사서함 | 070-4567-5050 | 25.12.26.A2 | 뭐 | 20980069611 건액 2289.9.2901088 | H 눔 | 유 Ko 00 6S 22 | 0 을 0909-20-080828/2N1 8688 %21660 %6 0 | 0 % S 6u,"[[""GHANA행복사서함"", 230, 25, 362], [""070-4567-5050"", 270, 25, 152], [""25.12.26.A2"", 384, 37, 282], [""2289.9.2901088"", 537, 190, 500], [""뭐"", 470, 24, 325], [""20980069611"", 536, 103, 188], [""건액"", 532, 39, 323], [""눔"", 622, 97, 188], [""H"", 638, 57, 168], [""8688 %21660"", 783, 272, 438], [""00 6S 22"", 729, 160, 467], [""Ko"", 737, 22, 286], [""유"", 770, 21, 286], [""을"", 780, 39, 304], [""%6 0"", 842, 118, 485], [""0909-20-080828/2N1"", 882, 151, 394], [""0"", 870, 28, 228], [""0"", 896, 94, 326], [""% S 6u"", 918, 53, 487]]"
000468,2025,06,10,2025-06-10,s1,"4,3 | 킨더조미 | 완구 원신지:배른남 | P10 06 2025 | 22E06 01 2026","[[""4,3"", 78, 54, 659], [""킨더조미"", 600, 30, 380], [""완구 원신지:배른남"", 669, 34, 402], [""P10 06 2025"", 750, 34, 386], [""22E06 01 2026"", 770, 33, 365]]"
000469,2026,07,21,2026-07-21,s1,Yummy Gummies | Evenything in1 pack | it's even more than penfect | Pick up byyour taste  | 2026.07.21,"[[""Yummy Gummies"", 479, 24, 124], [""Evenything in1 pack"", 499, 31, 123], [""it's even more than penfect"", 514, 33, 123], [""Pick up byyour taste "", 531, 31, 123], [""2026.07.21"", 736, 33, 470]]"
000470,2026,08,06,2026-08-06,s1,".ORON | 정보 8내87 709 식품유형 캔디류내포장재질 플리에 | 215 kCAl 후면 표기일까지(연월.일) | 영등포구 양평로21 | 수화물 52 9 | 알코올 3g 물엇,설탕,D-소비톨액(감미료 | 스지방0g 라틴,산도조절제2종,펙틴,혼합제제(트 | 지방0g 0% 아세틴,합성향료,주정,정산,정제수 프로를 렌글리콜),향료2종,기타식용유지가공 | 테롤Omg 0% 기농축액,오지농축액,분말한 천 치저 | 청색소,유화제2종,블랙캐롯농축역 | 돼지고기도 | 들아,땅콩,닭고기,오 품목보고번호 20110484438 | 갈,최고기혼입 가능 고객지원센터 | 법에 의한 피해노상 | 김상점및 | 관·부정·불량 | 이삼키지않도록 주하 | 품이 고온에 약하 | C이하에서 직 26.08.06D | 후빨리드십시오","[["".ORON"", 195, 96, 318], [""정보"", 342, 26, 165], [""8내87 709"", 338, 24, 210], [""215 kCAl"", 352, 27, 223], [""식품유형 캔디류내포장재질 플리에"", 342, 22, 357], [""후면 표기일까지(연월.일)"", 355, 24, 403], [""수화물 52 9"", 394, 21, 157], [""영등포구 양평로21"", 384, 24, 405], [""알코올 3g"", 426, 20, 160], [""물엇,설탕,D-소비톨액(감미료"", 435, 26, 404], [""스지방0g"", 457, 27, 152], [""라틴,산도조절제2종,펙틴,혼합제제(트"", 451, 29, 369], [""지방0g"", 474, 24, 161], [""0%"", 475, 20, 252], [""아세틴,합성향료,주정,정산,정제수 프로를"", 469, 26, 351], [""테롤Omg"", 492, 26, 168], [""0%"", 492, 23, 250], [""렌글리콜),향료2종,기타식용유지가공"", 486, 28, 355], [""기농축액,오지농축액,분말한 천 치저"", 504, 27, 364], [""청색소,유화제2종,블랙캐롯농축역"", 520, 27, 352], [""돼지고기도"", 540, 27, 459], [""들아,땅콩,닭고기,오"", 554, 25, 175], [""품목보고번호"", 556, 20, 356], [""20110484438"", 558, 23, 425], [""갈,최고기혼입 가능"", 572, 27, 176], [""법에 의한 피해노상"", 589, 24, 177], [""고객지원센터"", 583, 20, 355], [""김상점및"", 606, 23, 220], [""관·부정·불량"", 622, 23, 204], [""이삼키지않도록 주하"", 653, 27, 164], [""품이 고온에 약하"", 669, 26, 165], [""C이하에서 직"", 683, 24, 167], [""26.08.06D"", 687, 24, 378], [""후빨리드십시오"", 714, 24, 156]]"
000471,2027,01,08,2027-01-08,s1,뜯는곳 | 3020101 | 2오기옛날자 | 판매원 | 0순로607-12 | 를 전남 환도군 완도읍 | 농공단지5길 | 하단 표시일까지 | 2027.01.0812F3.058,"[[""뜯는곳"", 138, 31, 388], [""3020101"", 258, 43, 140], [""2오기옛날자"", 288, 30, 90], [""판매원"", 548, 24, 97], [""0순로607-12"", 618, 27, 206], [""를 전남 환도군 완도읍"", 632, 29, 180], [""농공단지5길"", 641, 27, 98], [""하단 표시일까지"", 670, 26, 184], [""2027.01.0812F3.058"", 822, 25, 320]]"
000472,2026,01,17,2026-01-17,s1,거지 곡 | 위영양식 | 과자/2109 | (779.1/Ca) | 000한분 13.19.88 | 2026 01.17J,"[[""거지 곡"", 650, 41, 407], [""위영양식"", 674, 51, 419], [""과자/2109"", 742, 29, 282], [""(779.1/Ca)"", 762, 26, 306], [""000한분 13.19.88"", 781, 27, 252], [""2026 01.17J"", 824, 31, 229]]"
000473,2026,03,01,2026-03-01,hires,1 폰디 | 2봉지더! | 25%풍랑U | 0/325/01 | 10 006 고소함이 가득! | 750 보리 | 910.51 lbe 현미 [bel | 2026.03.01 합성 공문 수주 | 팔/목수수 | 누두 /서리태 | 3160 9 상표등록.제1211530호 | 당 지방 트랜스지방포화지방콜레스테롤단백질 0자인등록번호.제30-0899065호 | 당류 32% 0% 16 % 과자(유탕처리제품)/1609/694/kC | 8% 20 % 0g 5r 0.ng 9g | 18 g 11 9 | 준이므로 개인의 필요열량에 따라다를 | 000 | 2020.05,"[[""폰디"", 184, 271, 1107], [""1"", 98, 19, 1061], [""25%풍랑U"", 370, 406, 878], [""2봉지더!"", 199, 80, 962], [""0/325/01"", 516, 41, 627], [""10 006"", 537, 30, 652], [""고소함이 가득!"", 592, 68, 1078], [""750"", 706, 37, 1126], [""910.51"", 723, 29, 1106], [""보리"", 722, 23, 1199], [""2026.03.01"", 754, 59, 1067], [""lbe"", 737, 20, 1199], [""현미"", 732, 23, 1233], [""[bel"", 742, 10, 1270], [""합성"", 756, 17, 1315], [""팔/목수수"", 782, 31, 1344], [""공문"", 764, 11, 1362], [""수주"", 768, 13, 1400], [""누두 /서리태"", 798, 33, 1337], [""당"", 1390, 23, 340], [""3160 9"", 1388, 19, 441], [""당류"", 1431, 24, 517], [""지방 트랜스지방포화지방콜레스테롤단백질"", 1428, 27, 578], [""상표등록.제1211530호"", 1432, 33, 929], [""32%"", 1466, 31, 700], [""0%"", 1466, 31, 767], [""0자인등록번호.제30-0899065호"", 1460, 36, 931], [""8%"", 1468, 27, 521], [""20 %"", 1468, 28, 571], [""16 %"", 1466, 29, 835], [""0g"", 1478, 30, 640], [""과자(유탕처리제품)/1609/694/kC"", 1493, 46, 930], [""18 g"", 1496, 23, 513], [""11 9"", 1494, 25, 574], [""5r"", 1493, 20, 710], [""0.ng"", 1494, 27, 768], [""9g"", 1494, 27, 840], [""000"", 1530, 11, 515], [""준이므로 개인의 필요열량에 따라다를"", 1528, 22, 573], [""2020.05"", 1595, 36, 640]]"
000474,2026,06,26,2026-06-26,rot90,26.06.26 실리셔스,"[[""실리셔스"", 347, 202, 856], [""26.06.26"", 345, 100, 214]]"
000475,2030,07,26,2030-07-26,s1,이 | eclipse XE로 | cipse | BEST BEFORE | 30/07/26B19 | 5069870 930249 8-2-0345-22 1125-4,"[[""eclipse"", 143, 170, 466], [""이"", 90, 31, 686], [""XE로"", 115, 35, 667], [""cipse"", 314, 144, 504], [""BEST BEFORE"", 550, 34, 322], [""30/07/26B19"", 579, 34, 325], [""5069870 930249 8-2-0345-22 1125-4"", 615, 24, 283]]"
000476,2026,07,06,2026-07-06,s1,7ried | Hard | 1.650 깨소지 | 참개 양 | 원사동 검께* | 깨투 | 22026.07.06까,"[[""7ried"", 171, 20, 382], [""Hard"", 183, 30, 424], [""깨소지"", 236, 99, 250], [""1.650"", 228, 35, 18], [""원사동"", 305, 41, 4], [""참개 양"", 286, 39, 340], [""검께*"", 301, 52, 345], [""깨투"", 461, 22, 694], [""22026.07.06까"", 834, 28, 302]]"
000477,2026,07,21,2026-07-21,s1,"사광선을 피하여 온도,습도가 낮은 | 에 보관해 주시고 개봉 후 가급적 | 협연기도 성 린드십시오. | 2.불량식품신고는국번없 1399 | 청포도 비자기본법에의한 피해 술아,우유,대두,돼지고기,딸= | 통중변질품은 구입 상점 | 서항상교환해드립니다. | ()울시 지 줍는 고운마음, 안버리는바 | 23802125 | 2산업3로 188 주시청원구 오창읍 영양정보 총 내용량 | 폴리프로필렌 595 /CAl | M호20 10415034748 내용량당 1일 영영정분 기치에 대원 비을 | 후면 문기일까지(연 월,일) 나트륨20mg | 설탕물였청프도농액 한수화물 149 9 46% | 194%(2부68%)신5 0률 121 9 121 % | 조절세!산도조정제향료, 디방09 | 향료 전문,손합제제(정제 트랜스지방 0g | 수,치자청색소심황색소프 포화지방09 | 로디),혼합식용유 클레스테를0mg 0% | 번이 삼키지 않도록 주의하세요. 난백질0g 0% | 빈봉지가 나오는 경우가 있으나 | 중량에는 차이가 없습니다. | 연고객지원센터 | 롯웰푸드 080-024-60301 | /od.com 8 801062 00952 | 2026.07.21","[[""사광선을 피하여 온도,습도가 낮은"", 218, 42, 391], [""에 보관해 주시고 개봉 후 가급적"", 236, 39, 387], [""린드십시오."", 248, 28, 387], [""협연기도 성"", 248, 45, 230], [""청포도"", 291, 104, 171], [""2.불량식품신고는국번없 1399"", 272, 41, 385], [""술아,우유,대두,돼지고기,딸="", 289, 38, 387], [""비자기본법에의한 피해"", 316, 37, 386], [""통중변질품은 구입 상점"", 333, 41, 386], [""서항상교환해드립니다."", 349, 40, 385], [""지 줍는 고운마음, 안버리는바"", 368, 44, 384], [""()울시"", 367, 27, 219], [""23802125"", 381, 28, 214], [""주시청원구 오창읍"", 410, 23, 208], [""2산업3로 188"", 422, 21, 205], [""영양정보"", 426, 35, 383], [""총 내용량"", 423, 23, 462], [""폴리프로필렌"", 437, 22, 169], [""595 /CAl"", 441, 27, 489], [""M호20 10415034748"", 454, 23, 180], [""내용량당 1일 영영정분 기치에 대원 비을"", 454, 31, 386], [""후면 문기일까지(연 월,일)"", 470, 23, 197], [""나트륨20mg"", 469, 31, 386], [""설탕물였청프도농액"", 486, 27, 196], [""한수화물 149 9"", 488, 27, 383], [""46%"", 493, 22, 519], [""194%(2부68%)신5"", 502, 25, 196], [""0률 121 9"", 506, 27, 392], [""121 %"", 510, 24, 517], [""조절세!산도조정제향료,"", 520, 22, 192], [""디방09"", 526, 27, 383], [""향료 전문,손합제제(정제"", 538, 23, 188], [""트랜스지방 0g"", 544, 27, 388], [""수,치자청색소심황색소프"", 554, 25, 182], [""포화지방09"", 561, 28, 389], [""로디),혼합식용유"", 572, 30, 179], [""클레스테를0mg"", 580, 29, 382], [""0%"", 582, 24, 536], [""번이 삼키지 않도록 주의하세요."", 599, 28, 146], [""난백질0g"", 598, 29, 381], [""0%"", 600, 21, 537], [""빈봉지가 나오는 경우가 있으나"", 618, 25, 148], [""중량에는 차이가 없습니다."", 636, 28, 151], [""연고객지원센터"", 672, 22, 193], [""롯웰푸드"", 696, 32, 114], [""080-024-60301"", 689, 20, 199], [""/od.com"", 715, 25, 189], [""8 801062 00952"", 716, 22, 433], [""2026.07.21"", 774, 43, 398]]"
000478,2026,06,11,2026-06-11,clahe,99 480월 | 4.800 | [nlbl | 26.06.11 A11,"[[""99 480월"", 9, 20, 634], [""4.800"", 39, 52, 583], [""[nlbl"", 67, 26, 643], [""26.06.11 A11"", 511, 50, 266]]"
000479,2026,05,22,2026-05-22,s1,CW청우 | ROLL TYPE 소비기한 | COOKIES | EUROPEAN 2026.05.22 | REMIUM COOKIES 까지 | MARENGO,"[[""CW청우"", 530, 41, 62], [""소비기한"", 572, 28, 408], [""ROLL TYPE"", 583, 20, 286], [""COOKIES"", 596, 23, 299], [""EUROPEAN"", 645, 22, 242], [""2026.05.22"", 646, 23, 436], [""REMIUM COOKIES"", 661, 26, 237], [""까지"", 674, 27, 609], [""MARENGO"", 696, 46, 194]]"
000480,2026,07,21,2026-07-21,s1,"026.07.21 보리가4.5% 함은 | ZERO | 미료(아세설탐칼륨,수크람로스 연양갱 | Red Dean Pasre Jell | 식품 | 교환장소구입상점 | 취시설사를일으킬수 | 30'C 이하에서 낮은 습도로 보관 | 정상 표면에 기포가 발생할 수 | 정보 | 총내용량 30 0(5091 | 1갑(50 9)당95 k | 33g 2지원센터080-024-6060 | 유5g | 20g | 0% | 지방0g | 09 0% 802259 021360 | 0mg | 2% | 222시01 M8 09)22.00.kC1 | 인의 요 리다를 수 있습니다. | 2026.06.04 | 롯데웰푸드","[[""보리가4.5% 함은"", 26, 51, 456], [""026.07.21"", 31, 40, 404], [""ZERO"", 283, 51, 367], [""연양갱"", 336, 53, 407], [""미료(아세설탐칼륨,수크람로스"", 355, 27, 126], [""Red Dean Pasre Jell"", 381, 46, 445], [""식품"", 429, 23, 128], [""교환장소구입상점"", 443, 23, 128], [""취시설사를일으킬수"", 457, 24, 129], [""30'C 이하에서 낮은 습도로 보관"", 483, 25, 130], [""정상 표면에 기포가 발생할 수"", 512, 23, 129], [""정보"", 550, 23, 129], [""총내용량 30 0(5091"", 566, 24, 142], [""1갑(50 9)당95 k"", 581, 26, 169], [""33g"", 627, 24, 128], [""2지원센터080-024-6060"", 627, 23, 393], [""유5g"", 658, 24, 130], [""20g"", 674, 25, 129], [""0%"", 687, 20, 252], [""지방0g"", 704, 26, 132], [""09"", 720, 26, 130], [""0%"", 719, 20, 254], [""802259 021360"", 722, 22, 406], [""0mg"", 736, 25, 131], [""2%"", 748, 21, 254], [""222시01 M8 09)22.00.kC1"", 766, 23, 132], [""인의 요 리다를 수 있습니다."", 777, 23, 133], [""2026.06.04"", 786, 35, 412], [""롯데웰푸드"", 816, 20, 143]]"
000481,2026,03,09,2026-03-09,s1,EXP 2026.03.09,"[[""EXP 2026.03.09"", 512, 125, 132]]"
000482,2019,11,13,2019-11-13,s1,202.191113수시7 | NCI TIO | FRIEN | ㅇㅇ | 조리예 끓는물에 | 4분OK,"[[""202.191113수시7"", 197, 22, 190], [""NCI"", 244, 44, 364], [""FRIEN"", 272, 48, 349], [""TIO"", 254, 23, 424], [""ㅇㅇ"", 479, 52, 681], [""끓는물에"", 570, 26, 556], [""조리예"", 580, 23, 345], [""4분OK"", 587, 22, 557]]"
000483,2027,04,15,2027-04-15,s1,2027.04.15/17/106/13/,"[[""2027.04.15/17/106/13/"", 506, 49, 169]]"
000484,2027,11,14,2027-11-14,s1,EXP.2027.11.14 | 사조대림,"[[""EXP.2027.11.14"", 567, 24, 355], [""사조대림"", 650, 20, 303]]"
000485,2027,09,17,2027-09-17,s1,WUSE 처스 1UST | EXP.2027-09-17,"[[""1UST"", 68, 53, 572], [""WUSE"", 114, 68, 267], [""처스"", 96, 37, 571], [""EXP.2027-09-17"", 530, 41, 253]]"
000486,NONE,NONE,NONE,NONE,fail,"wpio Pickled PerilLeaves in Soy Sauce | 샘표 010/87.0 | 리엄마 6860 | 오리지널 1976 D,긴 mpio Pickled Perilla Leav | 020/000 우로보주하시오 209.깨잎38.9%1 9461A/225 | AoSu! S3 표 표RO 표R 이미지사진 16 9/61A/221 오리지널 1976 우리엄마 %68 16성860 %68  DO/ 샘표 | 209.깨잎38.9% 이미지사진 | 단부분이 날로우므로개봉보및가시주의하시오 표 | 0402000 | 표R으 9L6[ 96[ | %68860 %6·8HDO 757-0 149787-0 9","[[""9/61A/221"", 487, 151, 322], [""표"", 489, 110, 95], [""16성860"", 528, 169, 545], [""%68"", 536, 127, 538], [""wpio Pickled PerilLeaves in Soy Sauce"", 61, 40, 252], [""샘표"", 118, 52, 446], [""리엄마"", 177, 73, 405], [""D,긴"", 322, 29, 523], [""오리지널 1976"", 347, 48, 399], [""209.깨잎38.9%"", 566, 35, 348], [""이미지사진"", 572, 30, 523], [""단부분이 날로우므로개봉보및가시주의하시오"", 592, 32, 348], [""0402000"", 624, 19, 367], [""010/87.0"", 96, 19, 536], [""6860"", 154, 35, 481], [""9461A/225"", 374, 51, 411], [""표"", 603, 52, 432], [""mpio Pickled Perilla Leav"", 322, 124, 641], [""우로보주하시오"", 442, 192, 108], [""209.깨잎38.9%1"", 420, 140, 139], [""우리엄마"", 465, 222, 504], [""020/000"", 398, 53, 89], [""오리지널 1976"", 474, 157, 347], [""샘표"", 484, 87, 578], [""이미지사진"", 526, 83, 132], [""16"", 488, 152, 321], [""표RO"", 495, 124, 95], [""%68  DO/"", 547, 130, 547], [""AoSu!"", 551, 36, 49], [""S3"", 572, 11, 57], [""9L6["", 972, 307, 635], [""%6·8HDO"", 1090, 257, 1097], [""9"", 1111, 20, 1243], [""757-0"", 1146, 64, 1236], [""96["", 974, 303, 640], [""표R으"", 990, 249, 186], [""%68860"", 1092, 248, 1104], [""149787-0"", 1132, 92, 1238], [""표R"", 482, 93, 96]]"
000487,2027,12,11,2027-12-11,s1,2027.12.11개자 | F4 17.29 대만,"[[""2027.12.11개자"", 586, 32, 291], [""F4 17.29 대만"", 612, 35, 284]]"
000488,2026,02,27,2026-02-27,s1,맛:밤 아무것도 넣지 않은 밤100%건강스택 | 소비기한 후면 표기일까지 | 교환장소 구입처 및 대리점 | 보관방법 직사광선을 피하고 실은보관 | 식품 유형 TANGSHAN LYUAN | 제조원 INDUSTRIAL COATD | 씨제이제일제당(주 | 수입판매원 서8시중구 동호2 330 | 니라 제조과정시생기는것이니안싱하고 | 드십시오개봉 후에는업게 변질되오니가 | 급적한번에 드십시오·밤을통때로 심키서 | 변질식의 위험이 있으니 주의하시기비습 | 니다.포장지가 파손되어 있는 경우 드시지 | 마십시오·봉지째로는 전자레인지에 넣지 | 마심시오·본 제품은 소비자분정해결기준 | 공양정보 총내용량36g/60N 2 | 20섬.113 4mg0% 탄수화물104% | 당류4g4% | 포화지방0g0% 트랜스지장0g | 단백질1g2% | 고객뱅복센터 | 2026.02.27/가지F,"[[""맛:밤"", 257, 50, 247], [""아무것도 넣지 않은"", 244, 26, 338], [""밤100%건강스택"", 259, 32, 338], [""소비기한"", 295, 23, 258], [""후면 표기일까지"", 287, 33, 319], [""구입처 및 대리점"", 308, 31, 323], [""교환장소"", 321, 27, 261], [""직사광선을 피하고 실은보관"", 344, 31, 322], [""보관방법"", 355, 32, 265], [""식품 유형"", 372, 34, 264], [""TANGSHAN LYUAN"", 374, 31, 327], [""제조원"", 393, 30, 274], [""INDUSTRIAL COATD"", 388, 29, 329], [""씨제이제일제당(주"", 405, 24, 331], [""수입판매원"", 423, 33, 269], [""서8시중구 동호2 330"", 420, 25, 330], [""니라 제조과정시생기는것이니안싱하고"", 501, 42, 267], [""드십시오개봉 후에는업게 변질되오니가"", 517, 42, 269], [""급적한번에 드십시오·밤을통때로 심키서"", 533, 41, 268], [""변질식의 위험이 있으니 주의하시기비습"", 548, 44, 271], [""니다.포장지가 파손되어 있는 경우 드시지"", 565, 39, 276], [""마십시오·봉지째로는 전자레인지에 넣지"", 581, 37, 280], [""마심시오·본 제품은 소비자분정해결기준"", 596, 39, 285], [""공양정보"", 636, 29, 301], [""4mg0%"", 655, 34, 308], [""총내용량36g/60N 2"", 637, 41, 365], [""20섬.113"", 670, 37, 306], [""탄수화물104%"", 654, 40, 398], [""당류4g4%"", 671, 37, 427], [""포화지방0g0%"", 711, 49, 299], [""트랜스지장0g"", 692, 40, 418], [""단백질1g2%"", 729, 48, 292], [""고객뱅복센터"", 787, 24, 333], [""2026.02.27/가지F"", 842, 23, 273]]"
000489,2026,05,08,2026-05-08,s1,"G,40u | 영양정보 | 10테를 45M9 15% 단 1292 | 2026.05.08.11.53.F3.7 | 을 교간대드시오 | 원료명돼지고기국산),양파(국산)복은양파[양때국산) | 카놀라유(캐나다산),정제수,당근 마늘,토마토페이스트 양 | 지국물농축액사골역기스 비프역기스생강,우스타스우 | 소비기한상단표시일까지포장재질 플리으로를 | 801045 686318 | 2 오]","[[""G,40u"", 73, 26, 596], [""영양정보"", 303, 23, 340], [""10테를 45M9 15% 단 1292"", 365, 26, 359], [""2026.05.08.11.53.F3.7"", 433, 38, 321], [""을 교간대드시오"", 474, 24, 299], [""원료명돼지고기국산),양파(국산)복은양파[양때국산)"", 539, 31, 293], [""카놀라유(캐나다산),정제수,당근 마늘,토마토페이스트 양"", 554, 34, 292], [""지국물농축액사골역기스 비프역기스생강,우스타스우"", 568, 38, 291], [""소비기한상단표시일까지포장재질 플리으로를"", 658, 41, 291], [""801045 686318"", 736, 32, 173], [""2 오]"", 760, 35, 193]]"
000490,2025,11,27,2025-11-27,s1,햇반 | 들까 해반 | 들깨 | 25.11.27.까지,"[[""햇반"", 126, 59, 112], [""해반"", 176, 62, 400], [""들까"", 184, 41, 128], [""들깨"", 236, 35, 405], [""25.11.27.까지"", 461, 26, 298]]"
000491,2026,09,19,2026-09-19,s1,"차호차이자오차이 | 치오차이마라상귀소스 | 3.480 | 3,480 | 유추물대두.밀 함유 | 2026.09.19","[[""차호차이자오차이"", 25, 53, 404], [""치오차이마라상귀소스"", 134, 39, 435], [""3.480"", 156, 40, 214], [""3,480"", 194, 49, 513], [""유추물대두.밀 함유"", 573, 22, 250], [""2026.09.19"", 592, 25, 249]]"
000492,2026,03,12,2026-03-12,s1,소비기한: | 2026.03.12.0천.BT2 | 8 801037 058642 | 까지,"[[""소비기한:"", 468, 33, 352], [""2026.03.12.0천.BT2"", 530, 37, 375], [""8 801037 058642"", 580, 24, 156], [""까지"", 588, 29, 553]]"
000493,2026,06,17,2026-06-17,s1,"잡곡밥 | ×3개입 | 밥엔야채 | 청정원 법&킨 ㄱ가지 녹황색야채가 | VEGETABLE 들뿐 들어있어요! 연출된 조리에 | 풀목보2번호199104430292190 | 맛있는 밥&엔 조리법 내포장재질폴리에틸렌 소비기한후면하단표기일까지 | 업20제조원친퓨드친청2육0로/38 | 원재료명 아채베이스[법엔맛립(유당(우유:미국산), 조미참페(볶음 | 참께(외국산),건청경채후레이크, 건양배추후레이크법엔씨즈닝과 | 답].당근후레이크(옥수수전분(옥수수:외국산),당근분말(건당근 | 레이크,클로렐라후레이크,시금치후레이크,건브로클리케일 | 달걀,우유, 대두밀, 조개류(굴 포함) 함유 | 영양정보 J총내용량240/8 0/3개 1개(80)930k2A1 | 맛있는 밥게 요리제안 U트430M9 22%/탄수화를 59 2%/8393% | 지방099 2% 트텐N방 09 포화지방 0g G% | 클레스테를5mg 미만 단백질 1g미만2% | 1월영성분 기준대2비.(%)20O /준032 | 개인의 필요 열량에 따라 다를 수 있습니다. | 관시 색상이 절어지거나  수있으니 개를 에는 가능 | 클리 사용하십시오:멘트곡 |  OAEANG | 기한: 2026.06.17","[[""잡곡밥"", 23, 46, 375], [""×3개입"", 106, 29, 669], [""밥엔야채"", 146, 44, 215], [""법&킨"", 168, 36, 221], [""ㄱ가지 녹황색야채가"", 164, 31, 414], [""청정원"", 186, 32, 148], [""들뿐 들어있어요!"", 191, 34, 438], [""VEGETABLE"", 195, 28, 214], [""연출된 조리에"", 196, 30, 566], [""풀목보2번호199104430292190"", 227, 34, 319], [""소비기한후면하단표기일까지"", 238, 33, 490], [""맛있는 밥&엔 조리법"", 246, 31, 133], [""업20제조원친퓨드친청2육0로/38"", 256, 39, 324], [""내포장재질폴리에틸렌"", 245, 28, 325], [""원재료명 아채베이스[법엔맛립(유당(우유:미국산), 조미참페(볶음"", 292, 37, 321], [""참께(외국산),건청경채후레이크, 건양배추후레이크법엔씨즈닝과"", 310, 38, 322], [""답].당근후레이크(옥수수전분(옥수수:외국산),당근분말(건당근"", 329, 40, 323], [""레이크,클로렐라후레이크,시금치후레이크,건브로클리케일"", 365, 36, 324], [""달걀,우유, 대두밀, 조개류(굴 포함) 함유"", 384, 38, 323], [""J총내용량240/8 0/3개"", 396, 22, 518], [""영양정보"", 412, 35, 329], [""1개(80)930k2A1"", 411, 23, 544], [""맛있는 밥게 요리제안"", 430, 25, 144], [""U트430M9 22%/탄수화를 59"", 432, 29, 327], [""2%/8393%"", 427, 24, 532], [""지방099 2% 트텐N방 09"", 450, 31, 333], [""포화지방 0g G%"", 443, 26, 513], [""클레스테를5mg 미만"", 468, 25, 327], [""단백질 1g미만2%"", 461, 27, 506], [""1월영성분 기준대2비.(%)20O /준032"", 482, 44, 329], [""개인의 필요 열량에 따라 다를 수 있습니다."", 499, 28, 331], [""관시 색상이 절어지거나 "", 531, 25, 333], [""수있으니 개를 에는 가능"", 524, 36, 485], [""클리 사용하십시오:멘트곡"", 545, 25, 333], ["" OAEANG"", 626, 21, 407], [""기한:"", 660, 22, 158], [""2026.06.17"", 666, 31, 242]]"
000494,2025,06,13,2025-06-13,det5,12개입 | 추침가공일 360 0(1.740 kC0) | 식물성크림 0.06 % | 2780 | 시리 후레쉬베리 | HAITAI 오에스 자연을 푸르게 환경을 깨끗이 스해터볼에서 전시자기 | 쿠키앤크림 제조일 2025.06.13부5 2022.12.1200A2 | COORUECRBAM 소비기한,"[[""12개입"", 65, 44, 511], [""추침가공일"", 86, 43, 450], [""360 0(1.740 kC0)"", 92, 31, 517], [""식물성크림 0.06 %"", 114, 33, 604], [""2780"", 230, 45, 0], [""후레쉬베리"", 363, 108, 302], [""시리"", 358, 55, 134], [""오에스"", 472, 52, 158], [""HAITAI"", 487, 16, 44], [""자연을 푸르게 환경을 깨끗이"", 492, 23, 370], [""스해터볼에서 전시자기"", 492, 13, 535], [""쿠키앤크림"", 528, 79, 86], [""제조일"", 524, 21, 377], [""2025.06.13부5"", 528, 36, 459], [""2022.12.1200A2"", 544, 36, 458], [""COORUECRBAM"", 565, 32, 145], [""소비기한"", 556, 23, 374]]"
000495,2026,02,19,2026-02-19,s1,2026.02.19/F-2,"[[""2026.02.19/F-2"", 540, 23, 504]]"
000496,2027,03,05,2027-03-05,s1,"12.090 | 7.190 | 289기(국산)862%81설기1.4N 1 | 유통진문매원농협식품(주)/서울마포구신촌로6용기( | 육2202018328-1023반장소구업치고2 | 본제품은공정거래위원회고시소비자분쟁해결의거도는보을수 | 기가,되었 내용물이되었경우드시지시오 | 소비기한: | 2027.03.05","[[""12.090"", 22, 47, 369], [""7.190"", 139, 77, 5], [""289기(국산)862%81설기1.4N 1"", 398, 39, 217], [""유통진문매원농협식품(주)/서울마포구신촌로6용기("", 442, 33, 217], [""육2202018328-1023반장소구업치고2"", 462, 30, 218], [""본제품은공정거래위원회고시소비자분쟁해결의거도는보을수"", 484, 24, 220], [""기가,되었 내용물이되었경우드시지시오"", 542, 26, 219], [""소비기한:"", 572, 25, 217], [""2027.03.05"", 594, 32, 283]]"
000497,2026,08,31,2026-08-31,s1,청정인 일근 국수 | 2.28 | 26· 08  31가제터,"[[""청정인 일근"", 242, 47, 562], [""국수"", 265, 30, 668], [""2.28"", 320, 67, 629], [""26· 08  31가제터"", 464, 31, 256]]"
000498,2026,03,07,2026-03-07,det5,7고 | 08 | www. | 2026.03.0712 | 한21 5 021259,"[[""7고"", 47, 16, 699], [""08"", 63, 24, 695], [""www."", 80, 14, 690], [""2026.03.0712"", 528, 44, 252], [""한21 5 021259"", 564, 52, 251]]"
000499,2026,05,13,2026-05-13,s1,2026.05.13까지 | 15.58 | 제일제당 | 해찬들 | 갖은 양넘으로 쌈맛을살린 | 1듬의 사계절 쌈장 | 해찬들 | 대한민국 장류 1등,"[[""2026.05.13까지"", 402, 29, 283], [""15.58"", 424, 24, 383], [""제일제당"", 472, 35, 135], [""해찬들"", 519, 66, 279], [""갖은 양넘으로 쌈맛을살린"", 605, 50, 155], [""1듬의"", 653, 78, 1], [""사계절 쌈장"", 684, 115, 148], [""해찬들"", 859, 45, 294], [""대한민국"", 914, 80, 130], [""1등"", 916, 92, 478], [""장류"", 932, 55, 349]]"
000500,2026,12,17,2026-12-17,s1,KORA H조일A: 2025.06.1809.16 BG4 | 소비기한: 2026.12.17 | ·의추영및량 그추중국산정 영양정보 총내용량 50g/109당230 C2 | E 2.US091%수0물 48 15%S239 203 | 추국국국신국 08249 48 20방09 0005 | UUPBN-PPEHE- 2A2A0208 284979 | 20 | 202-부능 822039.1은1 | 는보상- | 2020.0.62166 | [nabe,"[[""H조일A:"", 434, 27, 234], [""2025.06.1809.16"", 440, 29, 301], [""BG4"", 435, 22, 516], [""KORA"", 446, 53, 133], [""소비기한:"", 458, 23, 234], [""2026.12.17"", 464, 23, 303], [""·의추영및량 그추중국산정"", 489, 30, 146], [""영양정보"", 494, 27, 335], [""총내용량 50g/109당230 C2"", 494, 23, 409], [""E 2.US091%수0물 48 15%S239 203"", 518, 28, 334], [""추국국국신국"", 530, 32, 148], [""UUPBN-PPEHE-"", 550, 31, 149], [""08249 48 20방09 0005"", 540, 27, 335], [""2A2A0208 284979"", 563, 30, 334], [""20"", 585, 28, 336], [""202-부능 822039.1은1"", 612, 31, 152], [""는보상-"", 632, 33, 151], [""2020.0.62166"", 671, 39, 153], [""[nabe"", 687, 24, 335]]"
000501,2026,02,24,2026-02-24,s1,"도 | paldo 밥은 먹고 다니냐? | ald | 도시락 | DOSHIR | DOSHIRAK SINCE 1986 시라 SIN CE198 | 26.0 | 26.02.24까지DH.F2 :여기까지뜯어주세요 | 끓는물 | 3분 유탕명"" 86 g( | 유탕면/869 880020 | 스프류중 건김지94%함유 | 김치 도시락86g | 950 | 60","[[""도"", 48, 36, 695], [""paldo"", 94, 83, 58], [""밥은 먹고"", 82, 47, 316], [""다니냐?"", 120, 54, 352], [""ald"", 164, 50, 652], [""시라"", 386, 345, 196], [""도시락"", 236, 31, 384], [""DOSHIRAK"", 368, 41, 73], [""DOSHIR"", 371, 41, 641], [""SINCE 1986"", 390, 40, 75], [""SIN CE198"", 392, 40, 640], [""26.0"", 517, 30, 663], [""26.02.24까지DH.F2"", 533, 36, 95], ["":여기까지뜯어주세요"", 586, 110, 586], [""끓는물"", 607, 28, 130], [""3분"", 625, 24, 137], [""유탕면/869 880020"", 652, 37, 80], [""유탕명\"""", 654, 24, 634], [""86 g("", 653, 24, 674], [""스프류중 건김지94%함유"", 683, 35, 80], [""김치 도시락86g"", 845, 36, 184], [""950"", 889, 46, 237], [""60"", 946, 20, 258]]"
000502,2026,06,20,2026-06-20,s1,"가자(유탕처리제품) | 광일제과/대구광 | 2026.06.2021 군하빈2//242 | 측면표시일까? | 0130(173 kC3 | 상등-제1211530 H가루(밀:호주산 | 0자인등번호.제30-0899065호 올레인유을e) | 영양청보 총내용량 40g 골드말EGAEE 산),d- | 173 /CAl 유미국신합수 | 총내용광당 1일 영양성분 | 기준치에대한 비을 시력,카제인 | VE 120 M9 6% 나트륨,이산화ㅠ | 수물 30g 9% 방(합성향로)이시 | 당79 7% | 지방ag 8% 공유지( 갈,함수결정 | 트랜스지방 09 시아산)코 | 2화지방1.99 13% | 스테를Omg 널가물:이 | 39 제제국식 | 기2AN1088/002 2000  바닐리(합 | 의요 량에 따라다수있습니 폴리프로풀 | 1/1980/63 | 82212919806088 ·직사구","[[""가자(유탕처리제품)"", 330, 27, 483], [""광일제과/대구광"", 349, 30, 484], [""2026.06.2021"", 372, 35, 232], [""군하빈2//242"", 369, 28, 485], [""측면표시일까?"", 389, 28, 488], [""0130(173 kC3"", 412, 28, 482], [""상등-제1211530"", 441, 22, 242], [""H가루(밀:호주산"", 436, 23, 483], [""0자인등번호.제30-0899065호"", 457, 22, 241], [""올레인유을e)"", 455, 30, 481], [""산),d-"", 474, 26, 483], [""영양청보"", 496, 40, 244], [""총내용량 40g"", 487, 26, 317], [""골드말EGAEE"", 491, 30, 480], [""173 /CAl"", 506, 26, 335], [""유미국신합수"", 510, 29, 481], [""1일 영양성분"", 531, 20, 337], [""총내용광당"", 537, 24, 248], [""기준치에대한 비을"", 546, 24, 307], [""시력,카제인"", 546, 31, 480], [""VE 120 M9"", 565, 34, 250], [""6%"", 566, 23, 366], [""나트륨,이산화ㅠ"", 565, 27, 483], [""수물 30g"", 586, 40, 249], [""9%"", 588, 26, 364], [""방(합성향로)이시"", 584, 31, 480], [""당79"", 606, 36, 250], [""7%"", 610, 23, 367], [""지방ag"", 628, 38, 248], [""8%"", 630, 25, 363], [""갈,함수결정"", 622, 33, 480], [""트랜스지방 09"", 650, 39, 253], [""공유지("", 642, 33, 479], [""2화지방1.99"", 671, 38, 255], [""시아산)코"", 658, 29, 481], [""13%"", 673, 24, 357], [""스테를Omg"", 694, 34, 264], [""널가물:이"", 700, 32, 477], [""39"", 716, 28, 284], [""제제국식"", 718, 35, 477], [""기2AN1088/002 2000 "", 738, 25, 273], [""바닐리(합"", 737, 30, 478], [""의요 량에 따라다수있습니"", 751, 27, 273], [""폴리프로풀"", 757, 28, 480], [""1/1980/63"", 778, 29, 481], [""82212919806088"", 861, 124, 300], [""·직사구"", 802, 21, 487]]"
000503,2026,02,18,2026-02-18,s1,릭옹 | · | LEGEND | paldo | 책다른 즐거용팔도 | PROVE | EAT | KING OF LEGEND | 왕뚱껑 | 먹고 페이커도만나고 왕 뚜껑 | FAKER | 프로케이어페이커 26.02.18까지VFF1 | 8801128 503488 | 끓는물3분 유탕면/110 g(495 kCAa,"[[""릭옹"", 74, 132, 552], [""·"", 149, 32, 184], [""LEGEND"", 185, 37, 24], [""paldo"", 264, 41, 330], [""책다른 즐거용팔도"", 286, 27, 353], [""PROVE"", 343, 76, 324], [""EAT"", 409, 94, 312], [""왕"", 602, 203, 330], [""왕뚱껑"", 534, 45, 73], [""KING OF LEGEND"", 512, 39, 523], [""먹고"", 564, 39, 75], [""뚜껑"", 586, 114, 490], [""페이커도만나고"", 602, 45, 75], [""FAKER"", 676, 95, 468], [""프로케이어페이커"", 726, 27, 138], [""26.02.18까지VFF1"", 736, 40, 381], [""8801128 503488"", 765, 28, 227], [""끓는물3분"", 795, 33, 217], [""유탕면/110 g(495 kCAa"", 802, 34, 283]]"
000504,2026,02,28,2026-02-28,s1,KING OF LEGENO | palda | 색다른 즐거용망도 | PROVE | EAT | KING OF LEGEND | 페이커도만나고 가왕 수경 | FAKER | 메이커 26.02.28 까3A 1F1 | 8801128 503235,"[[""KING OF LEGENO"", 116, 29, 250], [""palda"", 240, 61, 390], [""색다른 즐거용망도"", 267, 31, 415], [""PROVE"", 334, 108, 378], [""EAT"", 403, 102, 364], [""가왕"", 588, 245, 254], [""KING OF LEGEND"", 524, 27, 534], [""페이커도만나고"", 559, 63, 133], [""수경"", 591, 105, 497], [""FAKER"", 673, 96, 471], [""메이커"", 677, 50, 193], [""8801128 503235"", 723, 46, 247], [""26.02.28 까3A 1F1"", 725, 52, 398]]"
000505,2026,03,02,2026-03-02,s1,복작복작 | paldo | PROVE | EAT 편의점용 | KING OF LEGEND | 왕뚜껑 | 먹고 페이커 도만나고 왕 뚜껑 | FAKER | 프로게이머페이커 26.03.02까지90 1 | 끓는물 3분 유탕면/1109 (495 kCa),"[[""복작복작"", 73, 32, 619], [""paldo"", 277, 49, 361], [""PROVE"", 359, 82, 365], [""EAT"", 436, 83, 365], [""편의점용"", 431, 40, 543], [""왕"", 624, 211, 331], [""KING OF LEGEND"", 523, 50, 531], [""뚜껑"", 602, 137, 496], [""왕뚜껑"", 572, 47, 135], [""먹고"", 600, 31, 143], [""페이커"", 636, 41, 149], [""도만나고"", 634, 30, 222], [""FAKER"", 694, 81, 494], [""26.03.02까지90 1"", 738, 35, 427], [""프로게이머페이커"", 742, 25, 218], [""끓는물 3분"", 798, 23, 297], [""유탕면/1109 (495 kCa)"", 798, 23, 361]]"
000506,2026,06,18,2026-06-18,s1,HAITAI | 커피와 | 함께하는즐거움 | 이벤트 모하고 | 제주 돈가자! | 아가는 | 우리들의 | 제종 2025.06.19 부터 | 2026.06.18.01 마지 과자(유처리제 151,"[[""HAITAI"", 330, 24, 32], [""커피와"", 454, 48, 546], [""함께하는즐거움"", 479, 58, 545], [""모하고"", 538, 35, 108], [""이벤트"", 539, 32, 54], [""제주"", 557, 31, 62], [""돈가자!"", 556, 31, 109], [""아가는"", 679, 20, 121], [""우리들의"", 713, 20, 53], [""제종"", 774, 27, 186], [""2025.06.19"", 772, 22, 239], [""부터"", 770, 23, 390], [""2026.06.18.01"", 788, 25, 238], [""과자(유처리제"", 788, 23, 525], [""151"", 800, 67, 643], [""마지"", 794, 22, 391]]"
000507,2026,05,19,2026-05-19,s1,"식품유형 과자 내포장재질 폴리프로필렌 | 글리시톨액(감미료)향료3종,주정, | 고객지원센터 25.08.2016.53 부터 | 26.05.19.84 까지","[[""식품유형 과자 내포장재질 폴리프로필렌"", 490, 21, 491], [""글리시톨액(감미료)향료3종,주정,"", 540, 23, 556], [""고객지원센터"", 603, 26, 394], [""25.08.2016.53"", 599, 26, 517], [""부터"", 598, 26, 676], [""26.05.19.84"", 616, 25, 515], [""까지"", 620, 24, 674]]"
000508,2026,08,25,2026-08-25,s1,21801062/8/0455 | 센터 | 부담 5060 26.08.25.17.14 까지 | ellfood.com,"[[""21801062/8/0455"", 652, 49, 158], [""센터"", 694, 43, 0], [""5060"", 734, 36, 0], [""까지"", 747, 50, 548], [""26.08.25.17.14"", 756, 77, 165], [""부담"", 761, 30, 0], [""ellfood.com"", 801, 26, 0]]"
000509,2026,09,01,2026-09-01,s1,3 | 소비기한: G소리 | 25.09.02(20.46) 부터 | 26.09.01.(A1) | 까지,"[[""3"", 228, 82, 221], [""G소리"", 427, 274, 335], [""소비기한:"", 564, 36, 141], [""부터"", 602, 31, 484], [""25.09.02(20.46)"", 612, 42, 164], [""26.09.01.(A1)"", 641, 40, 164], [""까지"", 660, 33, 486]]"
000510,2026,09,03,2026-09-03,s1,"건조양파,치즈분말,바질,오레가노,흑후추 | E0E7 621%(생물기준 5Brix | 토마토 대두우 밀쇠고기.닭고기, 조가 쿠굴함유 | 대포장자질 용기-유리,뚜껑-철,폴리염화비닐 | 및교환장소고객상담실 및 구입처 | 류 땅콩,게,새우,아황산류,오징어,돼지고기,조개류홍합 | 포함 성분 혼입 가능.,서늘하고 건조한 곳에 보관,개봉 후에는 | 냉장보관하여도 변질우려가 있으니 가급적 한번에 사용 | 본 제품은 소비자기본법에 의거 교환 또는 보상. 유리 | 부정 불량식품 신고는 국번없이 1399 | 3고객상담080-019-9119/신자요금부담) 캡:철,라벨:P | s/,dsng.ms/nsp.com F12404 | 20.05 | 2026.09.03 까지","[[""건조양파,치즈분말,바질,오레가노,흑후추"", 143, 64, 85], [""E0E7 621%(생물기준 5Brix"", 184, 58, 84], [""토마토 대두우 밀쇠고기.닭고기, 조가 쿠굴함유"", 225, 64, 79], [""대포장자질 용기-유리,뚜껑-철,폴리염화비닐"", 269, 59, 88], [""및교환장소고객상담실 및 구입처"", 314, 51, 109], [""류"", 362, 27, 95], [""땅콩,게,새우,아황산류,오징어,돼지고기,조개류홍합"", 360, 43, 117], [""성분 혼입 가능.,서늘하고 건조한 곳에 보관,개봉 후에는"", 399, 44, 114], [""포함"", 402, 30, 91], [""냉장보관하여도 변질우려가 있으니 가급적 한번에 사용"", 439, 38, 90], [""본 제품은 소비자기본법에 의거 교환 또는 보상."", 480, 34, 91], [""유리"", 498, 40, 476], [""부정 불량식품 신고는 국번없이 1399"", 519, 47, 84], [""3고객상담080-019-9119/신자요금부담)"", 562, 42, 80], [""캡:철,라벨:P"", 558, 40, 452], [""s/,dsng.ms/nsp.com"", 596, 38, 82], [""F12404"", 586, 31, 490], [""20.05"", 635, 42, 304], [""2026.09.03"", 690, 50, 140], [""까지"", 709, 44, 492]]"
000511,2026,03,24,2026-03-24,s1,소비 26.03.24.까지2 | 기한 13 51125,"[[""26.03.24.까지2"", 361, 52, 168], [""소비"", 366, 39, 68], [""기한"", 396, 37, 70], [""13 51125"", 424, 63, 171]]"
000512,2026,02,17,2026-02-17,s1,모델명 필스티키 | 50mm [재질:PVC | 제조년월2.2025.08 | 상암길37길175 | 국 한국 사용연령:3세0사/(0린0용) | 의사항:경고!3세 미만의 어린이는 사용일 수없음 | 은 부품을 을 포함하고 있음 | 643-2501 | KC 소비사 ccm | 0-3 | 안전확인 신고확인증번호 공정거래위원회 | CBO61L011-2001 | 2026.02.17.까지 | B4 선순일23 | 영양정보 30 g당 140 kCAl 총 내용량 85g | 30 g당 1일 영양성분 기준치에 대한 비율 총 내용량당 | 나트룹 150 M9 8% 430. Mg 22% | 탄수회술 22g 7% 63g 19% | 다르 5 5% 13 9 13%,"[[""모델명 필스티키"", 26, 37, 166], [""[재질:PVC"", 42, 41, 423], [""50mm"", 55, 30, 70], [""제조년월2.2025.08"", 64, 43, 237], [""상암길37길175"", 136, 55, 65], [""사용연령:3세0사/(0린0용)"", 187, 45, 177], [""국 한국"", 197, 70, 3], [""의사항:경고!3세 미만의 어린이는 사용일 수없음"", 245, 78, 0], [""은 부품을"", 304, 57, 0], [""을 포함하고 있음"", 295, 51, 72], [""643-2501"", 352, 39, 0], [""KC"", 388, 107, 210], [""ccm"", 364, 37, 592], [""소비사"", 396, 37, 536], [""0-3"", 415, 28, 376], [""공정거래위원회"", 442, 27, 554], [""안전확인 신고확인증번호"", 455, 36, 163], [""CBO61L011-2001"", 480, 27, 188], [""2026.02.17.까지"", 536, 65, 118], [""B4 선순일23"", 604, 60, 159], [""총 내용량 85g"", 738, 40, 489], [""영양정보"", 768, 67, 0], [""30 g당 140 kCAl"", 776, 48, 429], [""30 g당"", 824, 40, 0], [""총 내용량당"", 816, 39, 551], [""1일 영양성분 기준치에 대한 비율"", 827, 42, 103], [""나트룹 150 M9"", 868, 69, 0], [""8%"", 861, 42, 313], [""430. Mg"", 858, 45, 403], [""22%"", 851, 51, 574], [""탄수회술 22g"", 912, 67, 0], [""7%"", 904, 41, 315], [""63g"", 902, 46, 401], [""19%"", 891, 48, 577], [""다르 5"", 945, 32, 23], [""13 9"", 942, 37, 404], [""13%"", 931, 48, 577], [""5%"", 944, 31, 318]]"
000513,2026,09,03,2026-09-03,det5,2 | 2026.09.03까2 | 255 1521,"[[""2"", 233, 52, 26], [""2026.09.03까2"", 528, 71, 119], [""255 1521"", 576, 54, 120]]"
000514,2026,07,13,2026-07-13,s1,백티브 | 큰후리이 | 소비기한 | 2026.07.13 | 09.03 | 까지,"[[""백티브"", 59, 65, 133], [""큰후리이"", 161, 72, 550], [""소비기한"", 552, 53, 60], [""2026.07.13"", 577, 46, 276], [""09.03"", 612, 44, 362], [""까지"", 637, 54, 570]]"
000515,2026,01,NONE,2026-01-NONE,det5,ERO | [] | o | 201045 46 +0 2026.01 | 영양정보 총내용량739/400kCAl | 나E룹280M9.14%탄수화물449.14%당류22922% | 지방 23943% E랜스지방 09 포화지방 11973% | 콜레스테를0M9 0%단백질 497% | 1열영T성분 기준치에 대한 바을.(%)은 2.0OCa1 기준므로개인의 필요 열량에 따라 다를 수 있습니다. 8 8022,"[[""ERO"", 28, 57, 41], [""[]"", 69, 26, 55], [""o"", 228, 65, 4], [""201045 46 +0"", 499, 34, 95], [""2026.01"", 500, 32, 435], [""영양정보"", 594, 37, 68], [""총내용량739/400kCAl"", 603, 40, 351], [""나E룹280M9.14%탄수화물449.14%당류22922%"", 630, 45, 67], [""지방 23943% E랜스지방 09 포화지방 11973%"", 657, 46, 66], [""콜레스테를0M9 0%단백질 497%"", 682, 43, 70], [""1열영T성분 기준치에 대한 바을.(%)은 2.0OCa1 기준므로개인의 필요 열량에 따라 다를 수 있습니다."", 708, 38, 68], [""8"", 716, 23, 617], [""8022"", 718, 36, 639]]"
000516,2026,07,16,2026-07-16,s1,"업소명 및 소재지 | ·제조업소 FRANCESTLE | CONFECTIONERIES(M) | SDN BHD | ·수입판매업소:롯데쇼핑(주 | 롯데파트 사업본부 /서울특별시 | 송파후 올림피로269.신천동 | 롯데캐슬골드 6층//1899-3000 | 원재료명 설탕,밝핵유,아몬드 | 코코아분말,(유청분말,레시틴, | 향료(바닐라향)우유,대두 함유 | 포장재질(내면기뚜껑-폴리에틸렌 | 통-폴리에틸렌테레프탈레이트 | 땅콩,호두 혼입 가능성이 있습 | PC17075 | EXP:16/07/2026","[[""업소명 및 소재지"", 24, 49, 213], [""·제조업소 FRANCESTLE"", 74, 74, 207], [""CONFECTIONERIES(M)"", 111, 73, 205], [""SDN BHD"", 140, 43, 207], [""·수입판매업소:롯데쇼핑(주"", 184, 68, 210], [""롯데파트 사업본부 /서울특별시"", 222, 71, 201], [""송파후 올림피로269.신천동"", 258, 67, 201], [""롯데캐슬골드 6층//1899-3000"", 296, 59, 202], [""원재료명 설탕,밝핵유,아몬드"", 342, 65, 196], [""코코아분말,(유청분말,레시틴,"", 384, 61, 194], [""향료(바닐라향)우유,대두 함유"", 426, 67, 191], [""포장재질(내면기뚜껑-폴리에틸렌"", 472, 60, 196], [""통-폴리에틸렌테레프탈레이트"", 518, 51, 200], [""땅콩,호두 혼입 가능성이 있습"", 565, 55, 186], [""PC17075"", 687, 40, 188], [""EXP:16/07/2026"", 726, 47, 186]]"
000517,2026,09,25,2026-09-25,s1,고 개봉 후 가급직 | 0-2002 | 총 내용리50 | Mo kcal | 화물 40 9.12 % 당류 269269방00% | 0g0% 콜레스 테롤 mg 0% 0백395 % | 타민B2 0.5 Mg 36% 비타2B6 0.2 Mg 13 % | 다. | 26.09.25.A | 까지 | 비닐류 | OTHER,"[[""고 개봉 후 가급직"", 34, 70, 0], [""0-2002"", 108, 53, 10], [""총 내용리50"", 161, 48, 402], [""Mo kcal"", 198, 55, 435], [""당류"", 222, 37, 182], [""269269방00%"", 233, 73, 241], [""화물 40 9.12 %"", 236, 64, 0], [""콜레스 테롤"", 268, 45, 96], [""mg"", 268, 31, 261], [""0%"", 270, 35, 311], [""0백395"", 282, 55, 374], [""0g0%"", 281, 49, 0], [""%"", 290, 38, 533], [""36%"", 311, 36, 147], [""비타2B6 0.2 Mg 13 %"", 324, 63, 272], [""타민B2 0.5 Mg"", 319, 50, 0], [""다."", 402, 30, 1], [""26.09.25.A"", 537, 58, 217], [""까지"", 606, 43, 451], [""비닐류"", 742, 45, 436], [""OTHER"", 813, 42, 408]]"
000518,2026,09,14,2026-09-14,s1,26.09.14.까지F2 | EdCH | ZL E,"[[""26.09.14.까지F2"", 549, 105, 102], [""EdCH"", 657, 63, 329], [""ZL E"", 729, 112, 235]]"
000519,2026,08,10,2026-08-10,s1,받지 | 소비 25.08.11 08:46 부터 | 기한 26.08.10 까지,"[[""받지"", 195, 142, 378], [""소비"", 460, 36, 72], [""25.08.11 08:46"", 474, 38, 188], [""부터"", 470, 41, 505], [""26.08.10"", 505, 34, 186], [""기한"", 518, 41, 70], [""까지"", 531, 40, 502]]"
000520,2026,09,15,2026-09-15,s1,부정·불림직품진 지측본사 | 녹아 4·한 입에 삼키지 | 약 반점이생을 수있으나 인체에 두 | 영양정보 총0/9S29/125 | LE룹 20Mg.1% | 2레스테0 M9 0% 단백3.406% | 고객지원센8 080-024-6060 | (수신자 요금 부담) 롯데웰푸드 | http://www.lottewelfood.com | THER | 2026.09.15.A1 까지 81801062-873,"[[""부정·불림직품진"", 39, 44, 398], [""지측본사"", 25, 43, 555], [""4·한 입에 삼키지"", 73, 48, 506], [""약 반점이생을 수있으나 인체에 두"", 106, 73, 421], [""녹아"", 112, 21, 364], [""총0/9S29/125"", 178, 59, 521], [""영양정보"", 230, 49, 95], [""LE룹 20Mg.1%"", 257, 70, 84], [""2레스테0 M9 0% 단백3.406%"", 307, 116, 88], [""롯데웰푸드"", 390, 38, 588], [""고객지원센8 080-024-6060"", 393, 92, 116], [""(수신자 요금 부담)"", 430, 56, 220], [""THER"", 434, 25, 679], [""http://www.lottewelfood.com"", 456, 57, 209], [""81801062-873"", 541, 50, 570], [""까지"", 564, 41, 482], [""2026.09.15.A1"", 575, 58, 194]]"
000521,2026,03,10,2026-03-10,s1,아태 | mall | 해태몰에서간식사기 | 제조일 2025.09.11부E | 소비기한 2026.03.10마지C1,"[[""아태"", 491, 58, 262], [""mall"", 534, 42, 261], [""해태몰에서간식사기"", 581, 35, 270], [""제조일"", 644, 42, 59], [""2025.09.11부E"", 671, 58, 257], [""2026.03.10마지C1"", 721, 68, 249], [""소비기한"", 724, 41, 51]]"
000522,2026,02,21,2026-02-21,s1,내포장재질 폴리프로필렌 식품유형 과자 | 25.08.22 06.05 부터 | 26.02.21 H 까지,"[[""내포장재질 폴리프로필렌 식품유형 과자"", 168, 54, 5], [""25.08.22"", 513, 64, 145], [""06.05"", 506, 41, 390], [""부터"", 505, 40, 562], [""26.02.21"", 549, 46, 150], [""H"", 546, 28, 390], [""까지"", 560, 44, 555]]"
000523,2026,03,23,2026-03-23,s1,다매품 소비기한 | 2025.09.24제2 | 2026.03.23까2 | 까지,"[[""다매품"", 395, 70, 0], [""소비기한"", 414, 41, 139], [""2025.09.24제2"", 513, 46, 204], [""2026.03.23까2"", 563, 45, 204], [""까지"", 626, 40, 495]]"
000524,2026,06,18,2026-06-18,s1,n strana obalu:/ Minóségét megörzi: | L.169 13.35 | 18/06/2026,"[[""n strana obalu:/ Minóségét megörzi:"", 497, 52, 0], [""L.169 13.35"", 628, 55, 181], [""18/06/2026"", 678, 47, 184]]"
000525,2027,09,08,2027-09-08,s1,"포장재질 내면용가-유리,뚜껑-철,폴리염화비닐 | 설탕.팔기38%(국)가당/ 15% | 한자료명 [딸기 80%(국산),설탕],아미드렉틴,구연산 | 업스명및 (주대상다이브스 | KA 충남논산/ 성동면 산업단로 3길 28 | 실/080-254-6580 | 일행할 수 있으니 냉장보관하시고 빨리드세요 | 혼입가능.용기를가열조리용으로사용불가 | ·소비자분생해결 기준에 의거교환 또는 보상 | 2027.09.08 | 15.33 까지","[[""포장재질 내면용가-유리,뚜껑-철,폴리염화비닐"", 32, 43, 176], [""설탕.팔기38%(국)가당/ 15%"", 74, 43, 236], [""한자료명"", 84, 33, 185], [""[딸기 80%(국산),설탕],아미드렉틴,구연산"", 111, 46, 241], [""업스명및"", 138, 25, 190], [""(주대상다이브스"", 150, 43, 243], [""KA"", 176, 21, 199], [""충남논산/ 성동면 산업단로 3길 28"", 187, 48, 244], [""실/080-254-6580"", 222, 45, 231], [""일행할 수 있으니 냉장보관하시고 빨리드세요"", 298, 63, 202], [""혼입가능.용기를가열조리용으로사용불가"", 422, 73, 212], [""·소비자분생해결 기준에 의거교환 또는 보상"", 453, 76, 211], [""2027.09.08"", 560, 51, 300], [""15.33"", 591, 40, 329], [""까지"", 597, 30, 533]]"
000526,2026,07,04,2026-07-04,s2,본 Pos 현대 그래놀라 | 2026.07.04/1462 | Ltd. 30개입 | 00027 | NET WT.1.62.k9 버섯 | (549×301 VONO R PORCINI MUS,"[[""Pos 현대 그래놀라"", 152, 55, 217], [""30개입"", 509, 54, 201], [""Ltd."", 508, 27, 3], [""00027"", 536, 21, 0], [""버섯"", 568, 62, 641], [""NET WT.1.62.k9"", 573, 38, 63], [""VONO"", 601, 56, 363], [""(549×301"", 609, 36, 147], [""PORCINI MUS"", 604, 20, 617], [""R"", 618, 21, 574], [""본"", 162, 15, 12], [""2026.07.04/1462"", 380, 48, 55]]"
000527,2025,10,12,2025-10-12,s1,ost | 2025.10.12까지.조성현.0.J | M | 통밀로채우는 M EA 로마병사의 힘 | 로만일 | 통밀식빵 | 12 7.5 | PROTEIN 1912 | 고식이섬유,"[[""ost"", 52, 65, 1], [""2025.10.12까지.조성현.0.J"", 362, 92, 76], [""M"", 440, 27, 369], [""M"", 550, 47, 313], [""EA"", 567, 39, 345], [""통밀로채우는"", 572, 29, 187], [""로마병사의 힘"", 574, 29, 468], [""로만일"", 642, 81, 259], [""통밀식빵"", 750, 139, 111], [""12"", 864, 65, 135], [""7.5"", 866, 69, 526], [""PROTEIN"", 933, 26, 129], [""1912"", 934, 31, 329], [""고식이섬유"", 947, 28, 513]]"
000528,2026,03,11,2026-03-11,s1,BakeHousc | 나2026.03.11지흥병현,"[[""BakeHousc"", 80, 128, 84], [""나2026.03.11지흥병현"", 321, 47, 200]]"
000529,2026,01,12,2026-01-12,s1,BBD2026/01/12 | 4317 0857,"[[""BBD2026/01/12"", 503, 45, 134], [""4317 0857"", 544, 47, 188]]"
000530,2026,06,24,2026-06-24,s1,926.06.241 | 쓸주버리준1%함은 | 젤리스트로우 25베121및 19309,"[[""926.06.241"", 185, 82, 276], [""쓸주버리준1%함은"", 370, 135, 74], [""25베121및 19309"", 412, 99, 424], [""젤리스트로우"", 440, 104, 61]]"
000531,2026,02,28,2026-02-28,s1,과 | samlip 미니꿀약 | 종당 | 옥수수 | 소비기 | 2026.02.28 학8 | 총당,"[[""과"", 39, 60, 459], [""미니꿀약"", 210, 155, 331], [""samlip"", 230, 36, 133], [""종당"", 384, 217, 304], [""옥수수"", 543, 234, 292], [""소비기"", 677, 38, 631], [""2026.02.28 학8"", 720, 63, 332], [""총당"", 803, 26, 534]]"
000532,2026,02,28,2026-02-28,s1,초당 | 옥수수 | 페이스트 | 2026.02.28 까지A 영8 함유,"[[""초당"", 420, 51, 603], [""옥수수"", 465, 50, 607], [""페이스트"", 512, 45, 598], [""2026.02.28 까지A 영8"", 556, 67, 67], [""함유"", 554, 45, 600]]"
000533,2026,03,26,2026-03-26,s1,유의 | 고객상담실:080-088-1212 | (수신자요금부담) | 옴뚜긴 | moll엔 안전관리인증 | 다있다! HACCP 비닐류 | OTHER | 1200 1400 16 00 | 1000 5 6 1800 | 800 1100Mg 2000M9 | Omg J나트륨 함량 비교 표시L 기준영 | 2026.03.26.까지 | 2302 8161 | 8/801 045/662305,"[[""유의"", 58, 53, 94], [""고객상담실:080-088-1212"", 114, 46, 209], [""(수신자요금부담)"", 156, 38, 301], [""옴뚜긴"", 202, 38, 204], [""moll엔"", 228, 35, 201], [""안전관리인증"", 230, 27, 334], [""다있다!"", 252, 32, 201], [""HACCP"", 261, 36, 332], [""비닐류"", 256, 41, 522], [""OTHER"", 325, 35, 494], [""1400"", 358, 25, 353], [""1200"", 368, 25, 285], [""16 00"", 370, 25, 424], [""1000"", 396, 24, 238], [""5"", 392, 20, 391], [""6"", 407, 22, 432], [""1800"", 400, 25, 472], [""800"", 433, 22, 217], [""1100Mg"", 451, 38, 318], [""2000M9"", 443, 30, 500], [""Omg"", 476, 24, 202], [""J나트륨 함량 비교 표시L"", 481, 26, 277], [""기준영"", 474, 27, 505], [""2026.03.26.까지"", 606, 54, 233], [""2302 8161"", 670, 39, 282], [""8/801 045/662305"", 854, 43, 202]]"
000534,2027,01,29,2027-01-29,erode5,EAP 2027.01.29 | 논 ↑  극비도,"[[""논"", 482, 39, 242], [""EAP 2027.01.29"", 384, 81, 260], [""↑  극비도"", 593, 248, 378]]"
000535,2026,02,04,2026-02-04,s1,소비기한 | 2026.02.04 | 까지,"[[""소비기한"", 258, 56, 203], [""2026.02.04"", 349, 103, 314], [""까지"", 442, 35, 701]]"
000536,2026,01,01,2026-01-01,s1,개입 | 파스타 | 2026.01.01 까지(0양5B1)(3 | H,"[[""개입"", 350, 83, 277], [""파스타"", 428, 64, 2], [""2026.01.01 까지(0양5B1)(3"", 504, 41, 151], [""H"", 776, 169, 0]]"
000537,2026,05,08,2026-05-08,erode3,영성 내용장 | 2026.05.08.11830.F3.7,"[[""내용장"", 299, 18, 378], [""영성"", 320, 27, 177], [""2026.05.08.11830.F3.7"", 506, 39, 162]]"
000538,2026,02,06,2026-02-06,s1,열밥 | QFR | 2026.02.06.121.8 | 오두기와 함퍼 청소년 도박 근절,"[[""열밥"", 26, 49, 174], [""QFR"", 266, 48, 652], [""2026.02.06.121.8"", 530, 29, 224], [""오두기와 함퍼 청소년 도박"", 554, 31, 193], [""근절"", 556, 24, 513]]"
000539,2027,08,11,2027-08-11,hires,"2 | 2027.08.1112 | 09:43 2H13P N2 | 엑세카레 약간매운맛 오뚜기 백세카레는 강황 함량을 높액 더 거가하고 | 로즈마리,월계수잎 동의 허브를 더해 | OTOKI BEKSE CURRY MEDIUM 풍부한 향과 맛을 즐길 수 있는 카레입니다 | 재료(4인분)백세카켜 100g.2기(씌고기.되지.닭 1302.양중21 270S.2N개1008 | 당근(소/개)60g.오뛰기식용은 2큰술/252).물70m/3컵 | 조리방법1.고기양파,감자, 당근을 적당한크기로썰어오뚜기식용유에 가 볶은 다 | 물을 붓고 재료가 완전히 익을 때까지 끝입니다 | 카레라이스 2. 불을 약하게 한 후 백세카레를조금씩넣어 충분히 풀면서 끌인 다음 | 밥 위에 얹어내면 완성됩니다. | 부 본합조미시극 탕오뚜기비프분말효모추출물 변상 | 가황분0.53%(인도","[[""2"", 252, 107, 39], [""2027.08.1112"", 742, 43, 165], [""09:43 2H13P"", 775, 46, 197], [""N2"", 778, 37, 817], [""엑세카레 약간매운맛"", 866, 72, 4], [""오뚜기 백세카레는 강황 함량을 높액 더 거가하고"", 841, 46, 526], [""로즈마리,월계수잎 동의 허브를 더해"", 877, 48, 582], [""OTOKI BEKSE CURRY MEDIUM"", 929, 39, 4], [""풍부한 향과 맛을 즐길 수 있는 카레입니다"", 913, 51, 563], [""재료(4인분)백세카켜 100g.2기(씌고기.되지.닭 1302.양중21 270S.2N개1008"", 994, 81, 285], [""당근(소/개)60g.오뛰기식용은 2큰술/252).물70m/3컵"", 1028, 59, 420], [""조리방법1.고기양파,감자, 당근을 적당한크기로썰어오뚜기식용유에 가 볶은 다"", 1058, 100, 283], [""물을 붓고 재료가 완전히 익을 때까지 끝입니다"", 1096, 56, 423], [""2. 불을 약하게 한 후 백세카레를조금씩넣어 충분히 풀면서 끌인 다음"", 1121, 85, 417], [""카레라이스"", 1157, 44, 77], [""밥 위에 얹어내면 완성됩니다."", 1165, 46, 422], [""탕오뚜기비프분말효모추출물 변상"", 1347, 104, 540], [""가황분0.53%(인도"", 1366, 50, 735], [""부 본합조미시극"", 1381, 28, 12]]"
000540,2026,03,24,2026-03-24,s1,2026.03.24까2 | 원주르금최정 축의,"[[""2026.03.24까2"", 503, 76, 105], [""원주르금최정 축의"", 532, 70, 110]]"
000541,2026,03,22,2026-03-22,s1,2026.03.22.까지 | 녹산A62성8선0854,"[[""2026.03.22.까지"", 488, 55, 224], [""녹산A62성8선0854"", 561, 53, 232]]"
000542,2027,07,22,2027-07-22,s1,"업소:품국면 1.120 Mg 순지에 대한 비울 | 광역시북구 탄수화물79g 56 % | 19,노원로 (노원 2 당류5g 24% | 356-4462 5% | 문관매업소 2% | 중구 핑(주)/ 남다 포 | 소공동 콜레스 | 000 단백질65 | 견하던 | 필런 영양성분 기준치에 대한 비을(%) 므로 개인의 필요 열량에 따라 다를수 | :5 | 정제조 | 01 | 두리사 38013544025551 | 이물 | 안전관리인증 | HACCP | 2027.07.22 | 까지","[[""업소:품국면"", 15, 32, 0], [""1.120 Mg"", 21, 42, 259], [""순지에 대한 비울"", 18, 39, 352], [""탄수화물79g"", 42, 55, 204], [""광역시북구"", 34, 42, 0], [""56 %"", 42, 38, 384], [""19,노원로"", 55, 48, 0], [""당류5g"", 69, 45, 202], [""24%"", 70, 37, 384], [""(노원 2"", 76, 46, 0], [""5%"", 99, 35, 394], [""356-4462"", 99, 40, 0], [""문관매업소"", 122, 44, 0], [""포"", 148, 59, 202], [""2%"", 126, 33, 396], [""핑(주)/"", 146, 38, 0], [""중구"", 170, 36, 0], [""남다"", 165, 24, 32], [""소공동"", 193, 36, 0], [""콜레스"", 192, 39, 194], [""000"", 218, 30, 0], [""단백질65"", 230, 44, 191], [""견하던"", 250, 33, 0], [""영양성분 기준치에 대한 비을(%)"", 269, 42, 213], [""필런"", 282, 31, 1], [""므로 개인의 필요 열량에 따라 다를수"", 288, 43, 217], ["":5"", 312, 39, 0], [""정제조"", 338, 32, 0], [""01"", 403, 22, 9], [""두리사"", 462, 58, 0], [""38013544025551"", 455, 34, 197], [""이물"", 495, 48, 14], [""안전관리인증"", 528, 23, 235], [""HACCP"", 547, 24, 235], [""2027.07.22"", 716, 39, 203], [""까지"", 756, 43, 246]]"
000543,2038,02,14,2038-02-14,clahe,"도목주액 는 물에 넣고 3분간 데워드세요. | 면,칼국수면,우동면 사리 등과 함께 짜창면으로도 세요! | 202020002 | 지고기고기,최고기,조개류 합  장 성전분 대, | 계탁2 14-38 경북강 현곡면 안0로 358-1 | 시중구충무로포장재질내면-폴리프로필렌 | 땅콩 어,게,새우,복숭아,토마토아황 | 거,교환 또는 보상 가능 | 있으니주의·포장재 변형,팽장,손상 시 섭주 | 에주의·직사광선 피해 실온보관·개봉 | 180 g 150 kCAl | %당류8g8.% | 070522 | 량에 따라 다를2 8801005/200257 | 2026.06. | OTHER 01 09.25","[[""도목주액"", 27, 24, 2], [""는 물에 넣고 3분간 데워드세요."", 40, 60, 0], [""세요!"", 86, 31, 421], [""면,칼국수면,우동면 사리 등과 함께 짜창면으로도"", 98, 90, 0], [""202020002"", 146, 104, 0], ["" 장 성전분 대,"", 219, 86, 0], [""지고기고기,최고기,조개류 합"", 256, 77, 0], [""계탁2 14-38 경북강 현곡면 안0로 358-1"", 290, 66, 0], [""시중구충무로포장재질내면-폴리프로필렌"", 327, 62, 0], [""어,게,새우,복숭아,토마토아황"", 364, 41, 93], [""땅콩"", 368, 33, 43], [""거,교환 또는 보상 가능"", 396, 35, 107], [""있으니주의·포장재 변형,팽장,손상 시 섭주"", 429, 38, 67], [""에주의·직사광선 피해 실온보관·개봉"", 463, 38, 32], [""180 g 150 kCAl"", 546, 35, 3], [""%당류8g8.%"", 580, 35, 0], [""070522"", 613, 38, 1], [""8801005/200257"", 668, 50, 219], [""량에 따라 다를2"", 676, 13, 24], [""2026.06."", 763, 46, 152], [""OTHER"", 812, 41, 7], [""01 09.25"", 805, 56, 179]]"
000544,2029,06,25,2029-06-25,erode5,k e e | BROKR | 2029.06.25,"[[""e e"", 326, 157, 362], [""k"", 386, 243, 0], [""BROKR"", 508, 81, 142], [""2029.06.25"", 560, 66, 102]]"
000545,2027,07,09,2027-07-09,s1,"브랜드로 | 양조간장 | /식품운형 표시 | 간장 에 탈러이트 | SOYSAVCE | 대두,밀함요 | 프라임 | 28 식품신고는 국번없 1399 | 간장 경양정보 총내용량 500 ML/10O ML 당76 C1 | Prime 0g 0% 트랜스지방 0g 포화지방0g0% | wed Soy Sauce A2를0 Mg 0% 단백 69 11% | 카시아꿀 함유 뜨로 개인의 필요 열량에 따라 다를 수 있습니다. | 500 ML 품질유지기한: | 2027.07.09","[[""브랜드로"", 21, 45, 493], [""양조간장"", 48, 34, 325], [""간장"", 110, 104, 0], [""/식품운형"", 62, 48, 220], [""표시"", 82, 30, 398], [""SOYSAVCE"", 144, 40, 0], [""에 탈러이트"", 119, 79, 179], [""대두,밀함요"", 192, 63, 455], [""프라임"", 244, 105, 9], [""28 식품신고는 국번없 1399"", 332, 61, 159], [""간장"", 395, 72, 0], [""총내용량 500 ML/10O ML 당76 C1"", 379, 51, 242], [""경양정보"", 387, 36, 160], [""Prime"", 442, 36, 0], [""트랜스지방 0g"", 444, 35, 243], [""0g 0%"", 448, 33, 154], [""포화지방0g0%"", 448, 39, 410], [""wed Soy Sauce"", 469, 36, 0], [""A2를0 Mg 0% 단백 69 11%"", 478, 34, 152], [""카시아꿀 함유"", 534, 36, 1], [""뜨로 개인의 필요 열량에 따라 다를 수 있습니다."", 538, 39, 153], [""품질유지기한:"", 578, 41, 176], [""500 ML"", 588, 37, 40], [""2027.07.09"", 628, 41, 302]]"
000546,2026,08,10,2026-08-10,s1,"식품유형:합장2품목보2번호:198504901203.원재 | 2명:문장0외국정제소금국산708%중국산2928).소백분 | 예주,청정원순창발효메주된장,메주된장메주정제소금/중국신)정제수최고기 | 사태역기스(최기주)정제소국신)청양고가루주정,대농축액 마능농축 | 대생주)순창공장:전북특별자치도순창군순창순창로30오리수록색이진해질수 | 소중한 자원 까끗한 환경 보장.부정 불량식풍신고는국번업/이 1399 대두.일.쇠21F2412 | ·제조일: 2025.08.11 | 소비기한 2026.08.10 까지 소비자중심","[[""식품유형:합장2품목보2번호:198504901203.원재"", 428, 43, 248], [""2명:문장0외국정제소금국산708%중국산2928).소백분"", 448, 44, 226], [""예주,청정원순창발효메주된장,메주된장메주정제소금/중국신)정제수최고기"", 468, 47, 212], [""사태역기스(최기주)정제소국신)청양고가루주정,대농축액 마능농축"", 487, 48, 191], [""대생주)순창공장:전북특별자치도순창군순창순창로30오리수록색이진해질수"", 546, 45, 189], [""보장.부정 불량식풍신고는국번업/이 1399"", 634, 33, 189], [""대두.일.쇠21F2412"", 641, 34, 380], [""소중한 자원 까끗한 환경"", 655, 28, 190], [""·제조일:"", 691, 32, 189], [""2025.08.11"", 691, 39, 292], [""소비자중심"", 711, 24, 565], [""소비기한"", 732, 33, 188], [""2026.08.10"", 739, 36, 293], [""까지"", 730, 33, 526]]"
000547,2026,05,28,2026-05-28,s1,2026.05.28 13.57 | MA5 | 제품명 궁중식 쇠고기볶음고추장 | 식품의 유형 혼합장(살균제품) | 소비기한 후면 상단표기일까지 | 업소명 및 씨제이제일제당(주)/충청남도논산시 | 소재지 연무읍 죽본2길16 | 품목보고번호 20020464088-190 | 반품 및 교환장소 전국 판매점 또는 대리점 | [장재지(내면) 파우치/캡-폴리에틸렌,"[[""2026.05.28"", 392, 68, 68], [""13.57"", 373, 36, 375], [""MA5"", 581, 41, 16], [""제품명"", 640, 44, 72], [""궁중식 쇠고기볶음고추장"", 650, 51, 209], [""식품의 유형"", 685, 42, 48], [""혼합장(살균제품)"", 692, 47, 208], [""소비기한"", 731, 43, 59], [""후면 상단표기일까지"", 735, 46, 205], [""업소명 및"", 778, 47, 57], [""씨제이제일제당(주)/충청남도논산시"", 778, 50, 199], [""소재지"", 816, 41, 62], [""연무읍 죽본2길16"", 813, 46, 198], [""품목보고번호"", 861, 45, 32], [""20020464088-190"", 856, 35, 198], [""반품 및 교환장소"", 908, 52, 20], [""전국 판매점 또는 대리점"", 900, 42, 194], [""[장재지(내면)"", 946, 27, 32], [""파우치/캡-폴리에틸렌"", 942, 35, 191]]"
000548,2026,05,26,2026-05-26,s1,NB4 | 소비기한 2026.05.26 11.291 | 류오장어 혼입 가능·소비자분장해결기준에 의거 2022N20/8/A/61 | 방가·제이일(주충청남도논산시 무색퍼트 | 연98 주분216 | ·시용 모분리 | 보고번 | 202V/6AU8/90 880100/303819,"[[""NB4"", 422, 39, 446], [""2026.05.26"", 442, 50, 201], [""소비기한"", 449, 38, 137], [""11.291"", 454, 35, 435], [""류오장어 혼입 가능·소비자분장해결기준에 의거"", 618, 46, 95], [""방가·제이일(주충청남도논산시"", 641, 53, 90], [""2022N20/8/A/61"", 636, 37, 328], [""연98 주분216"", 657, 42, 92], [""·시용 모분리"", 678, 41, 91], [""무색퍼트"", 666, 30, 501], [""보고번"", 698, 41, 90], [""202V/6AU8/90"", 722, 43, 99], [""880100/303819"", 751, 50, 171]]"
000549,2027,01,16,2027-01-16,s2,"샘표 | 전 그대로! 백숙 상계당 | 냉비에닭/1N1.48 | (백숙용 한마리 아 삼계닭 투아리) | 새미네 육수 팩,물 노.5 L를 | 넣고 강불에서 끊이기 맛있는 국물을 활용하여 | 칼국수나 누륨지죽으로도 | 팔팔 끓으면 뚜껑을 닫고 즐겨보세요! | 약불로 줄여 45분 끓이면 | 맛있는 백숙/삼계탕 완성! 확인 해 보세요 백숙/상계란 메시대 | 소비기한 | 2027.01.16/A09.42 | 까지 OTHER | 3스(2제품)품목보고번호/1991044507/9630 | 정제수,백숙용소스[진간장(탈지대두(외국산),설탕,쌍화농축액(작약(국산),천국,당귀,황기 | 중국산),양파분말 대두,밀,닭고기 함유 | 0동방 드마스타/충정북도음성군 대소면 대금로105번/70 | 매업소 생표식품주식회사/서울특별시 충구 충무로2포장재질|폴리프로필렌 내면 소비자중심 | HACCP | 영양정보 에의거,교환등보상을받으수 있습니다. www,sempio.com | 총내용량 1009 고객지원실(요금은 콤표가 부딩나! | 60 kcal | 담류89.8%지방09.0% | 트랜스지방09","[[""샘표"", 12, 24, 162], [""그대로! 백숙 상계당"", 76, 54, 207], [""전"", 82, 33, 115], [""냉비에닭/1N1.48"", 184, 46, 249], [""(백숙용 한마리 아 삼계닭 투아리)"", 212, 35, 249], [""새미네 육수 팩,물 노.5 L를"", 244, 35, 248], [""넣고 강불에서 끊이기"", 278, 35, 247], [""맛있는 국물을 활용하여"", 273, 38, 501], [""칼국수나 누륨지죽으로도"", 300, 37, 503], [""팔팔 끓으면 뚜껑을 닫고"", 330, 38, 244], [""즐겨보세요!"", 325, 32, 543], [""약불로 줄여 45분 끓이면"", 366, 35, 243], [""맛있는 백숙/삼계탕 완성!"", 402, 34, 243], [""백숙/상계란 메시대"", 395, 28, 562], [""확인 해 보세요"", 410, 24, 560], [""소비기한"", 452, 22, 91], [""까지"", 523, 24, 532], [""OTHER"", 523, 22, 606], [""중국산),양파분말 대두,밀,닭고기 함유"", 611, 38, 124], [""0동방 드마스타/충정북도음성군 대소면 대금로105번/70"", 636, 45, 116], [""소비자중심"", 667, 24, 600], [""에의거,교환등보상을받으수 있습니다."", 776, 66, 75], [""영양정보"", 802, 61, 72], [""www,sempio.com"", 786, 31, 479], [""총내용량 1009"", 819, 30, 325], [""고객지원실(요금은 콤표가 부딩나!"", 814, 27, 435], [""60 kcal"", 841, 28, 369], [""담류89.8%지방09.0%"", 873, 64, 81], [""트랜스지방09"", 891, 29, 273], [""2027.01.16/A09.42"", 488, 35, 155], [""3스(2제품)품목보고번호/1991044507/9630"", 543, 28, 111], [""정제수,백숙용소스[진간장(탈지대두(외국산),설탕,쌍화농축액(작약(국산),천국,당귀,황기"", 569, 40, 118], [""매업소 생표식품주식회사/서울특별시 충구 충무로2포장재질|폴리프로필렌 내면"", 658, 37, 121], [""HACCP"", 736, 23, 601]]"
000550,2026,05,29,2026-05-29,s1,총내용량3302 | 영양정보 100 g 15 /CA | 1일 영양성분 총 내용량당 1일 영양성보 | 용량당 기준치에 대한 비 기준치에대한 데을 | VE 458.4Mg229.% 지방4g | 2A화물.24.8g 8% 트랜스지방0g | 2.3g 2% 포화지방1.4g | 플렉스테롤20mg 7% 단백질5g 9% | 캡:철 | 라벨:PP 81809298/581466 | 소비기한 | 2026.05.29.B) | 까지,"[[""총내용량3302"", 121, 58, 327], [""100 g 15 /CA"", 144, 61, 298], [""영양정보"", 148, 71, 155], [""1일 영양성분"", 170, 34, 218], [""총 내용량당"", 174, 31, 297], [""1일 영양성보"", 176, 39, 390], [""기준치에대한 데을"", 192, 45, 362], [""용량당 기준치에 대한 비"", 194, 57, 157], [""지방4g"", 212, 37, 300], [""VE 458.4Mg229.%"", 225, 68, 156], [""트랜스지방0g"", 248, 42, 313], [""8%"", 249, 28, 264], [""2A화물.24.8g"", 264, 49, 157], [""2%"", 284, 30, 265], [""포화지방1.4g"", 283, 44, 314], [""2.3g"", 300, 43, 160], [""7%"", 320, 27, 267], [""단백질5g"", 317, 38, 301], [""플렉스테롤20mg"", 330, 49, 157], [""9%"", 326, 22, 442], [""캡:철"", 484, 25, 215], [""라벨:PP"", 503, 24, 211], [""81809298/581466"", 512, 30, 277], [""소비기한"", 582, 36, 163], [""2026.05.29.B)"", 640, 45, 210], [""까지"", 674, 33, 435]]"
000551,2026,12,19,2026-12-19,s1,"알려진 알로에 | ②기법고생기있=하루를위해 √식가전후 가법게 Fro 의보존성을 위해 | ②운동전후 에지 충전을위하 | 평창 또는 손상5 | 지 마십시오. | 됩니다. 온직사광선을 피해 실 | 라임 고클리 드시기 바랍 보관하시고 개봉후반 | 안심하고 드셔도 됩니다. 제품은 소비자 분쟁해 | J0LR한 또는 보상 받을 | 보상. 서부으로 인해 | ·부정·불량식품 신고는 들이 생길수 O나 | 국번없0 1399 잘 은 | o고객상담실 판매처 및 고객행 | 080-019-9119(수신자요금부담) 불량 식품 신고는 국 | 소비자중심 | 4합UPE, P,레미B | https://ww,daesang.com | htps:/ww.jungoneshop.com | 2026.12.19.16/0 까지 CHDPE | 163","[[""알려진 알로에"", 20, 39, 126], [""√식가전후 가법게"", 88, 49, 280], [""Fro"", 80, 23, 566], [""②기법고생기있=하루를위해"", 92, 69, 111], [""의보존성을 위해"", 86, 74, 599], [""②운동전후 에지 충전을위하"", 126, 69, 112], [""평창 또는 손상5"", 143, 73, 597], [""지 마십시오."", 179, 58, 588], [""온직사광선을 피해 실"", 202, 59, 580], [""라임"", 264, 77, 10], [""됩니다."", 233, 40, 116], [""보관하시고 개봉후반"", 231, 54, 577], [""고클리 드시기 바랍"", 260, 49, 577], [""제품은 소비자 분쟁해"", 287, 42, 578], [""안심하고 드셔도 됩니다."", 298, 45, 123], [""J0LR한 또는 보상 받을"", 314, 47, 546], [""서부으로 인해"", 341, 38, 599], [""보상."", 357, 30, 126], [""들이 생길수"", 364, 49, 559], [""잘"", 390, 60, 565], [""O나"", 371, 40, 651], [""·부정·불량식품 신고는"", 375, 40, 123], [""국번없0 1399"", 402, 31, 127], [""판매처 및 고객행"", 423, 56, 572], [""은"", 400, 22, 647], [""o고객상담실"", 440, 29, 172], [""불량 식품 신고는 국"", 450, 61, 567], [""080-019-9119(수신자요금부담)"", 468, 29, 131], [""소비자중심"", 533, 24, 190], [""4합UPE, P,레미B"", 564, 23, 264], [""https://ww,daesang.com"", 592, 28, 212], [""htps:/ww.jungoneshop.com"", 610, 34, 214], [""2026.12.19.16/0"", 702, 57, 147], [""CHDPE"", 696, 40, 616], [""까지"", 711, 26, 415], [""163"", 740, 31, 610]]"
000552,2026,09,07,2026-09-07,s1,"을 조리용 순가락을 구분하여 사용하십시오. | sww.daesang.com 분리수거를 생활화합시다. | hps/wjungoneshop.com 소중한 자원,끗한 환경 G12507 | 2026.09.07.까지 | 09:14/15","[[""을 조리용 순가락을 구분하여 사용하십시오."", 540, 52, 76], [""sww.daesang.com"", 577, 28, 103], [""분리수거를 생활화합시다."", 574, 29, 258], [""소중한 자원,끗한 환경"", 599, 30, 258], [""G12507"", 592, 31, 400], [""hps/wjungoneshop.com"", 597, 26, 104], [""2026.09.07.까지"", 638, 46, 170], [""09:14/15"", 678, 40, 200]]"
000553,2028,10,24,2028-10-24,det5,"식품유형 천연향신료(건조제품) | ·제조업소:(주신영에프에스 | 소재지 업소명 및 /경기도주N을길12-4/031-706 | ·유톡전문판매업소:롯데쇼핑(주 | 2특시중구남대문로 81(±23)1893 | 원재료명 월 수잎1000/ 튀르키예산 | 장재질(내면) 니에틸 | 소비기한 면하단 시일까지 | 품목보고번호 2019038 /8548 | 반품 및 교환장소 구입처 및판 | ·취급·보관시 주의 의사항:직사광를 피하그서늘리도건지한 곳에 보하십 | 오.본 제품은 소비 자기보법에 따를 소비자를 쟁해결 기준에의기 교할도는보 | 받을 수 있습니다.부정 불략식른 신고는 보2N 1399 2류 위8 | 땅콩,대두밀,고등이,게 새우대지고기,국승아,토마토,아신류 | 닭고기,쇠고기,오징어, 조개루 잣 혼입누성이 있습니다. | 소비기한 2028.10.24 | 까지 OTAYER","[[""식품유형"", 52, 43, 201], [""천연향신료(건조제품)"", 51, 42, 318], [""·제조업소:(주신영에프에스"", 90, 45, 320], [""/경기도주N을길12-4/031-706"", 125, 86, 320], [""업소명 및"", 117, 40, 198], [""·유톡전문판매업소:롯데쇼핑(주"", 146, 52, 323], [""소재지"", 146, 37, 209], [""2특시중구남대문로 81(±23)1893"", 180, 72, 353], [""원재료명"", 220, 39, 203], [""월"", 214, 21, 330], [""수잎1000/"", 216, 37, 366], [""튀르키예산"", 221, 41, 460], [""장재질(내면)"", 262, 40, 190], [""니에틸"", 259, 34, 355], [""소비기한"", 307, 40, 207], [""면하단"", 303, 36, 341], [""시일까지"", 306, 37, 418], [""품목보고번호"", 352, 44, 190], [""2019038"", 348, 31, 332], [""/8548"", 350, 31, 417], [""구입처 및판"", 394, 38, 340], [""반품 및 교환장소"", 399, 44, 180], [""·취급·보관시 주의"", 442, 41, 188], [""의사항:직사광를 피하그서늘리도건지한 곳에 보하십"", 434, 44, 324], [""오.본 제품은 소비 자기보법에 따를 소비자를 쟁해결 기준에의기 교할도는보"", 464, 55, 188], [""받을 수 있습니다.부정 불략식른 신고는 보2N 1399 2류 위8"", 494, 58, 189], [""땅콩,대두밀,고등이,게 새우대지고기,국승아,토마토,아신류"", 522, 68, 185], [""닭고기,쇠고기,오징어, 조개루 잣 혼입누성이 있습니다."", 555, 66, 190], [""소비기한"", 634, 38, 111], [""2028.10.24"", 658, 71, 187], [""까지"", 686, 37, 444], [""OTAYER"", 680, 44, 493]]"
000554,2027,09,17,2027-09-17,s1,2027.09.17.8 | 증정 | 600010047,"[[""2027.09.17.8"", 425, 54, 163], [""증정"", 503, 36, 519], [""600010047"", 901, 34, 555]]"
000555,2027,04,16,2027-04-16,s1,Cogking Ti | 각총2리이사동하민다늘 | 고유의풍미를느끼십수 있습니다. | 2SL 85918S2608 외캡:P/리드:OHBR 유리 | 리벨:P | 수측필름:OPS | 소비기한 | 2027.04.16,"[[""Cogking Ti"", 254, 40, 206], [""각총2리이사동하민다늘"", 287, 36, 207], [""고유의풍미를느끼십수 있습니다."", 313, 34, 208], [""2SL 85918S2608"", 436, 195, 279], [""유리"", 410, 34, 363], [""외캡:P/리드:OHBR"", 460, 33, 332], [""리벨:P"", 485, 32, 362], [""수측필름:OPS"", 510, 33, 353], [""소비기한"", 584, 38, 223], [""2027.04.16"", 622, 45, 245]]"
000556,2026,08,07,2026-08-07,s1,2026.08.07 | 움트리 | n,"[[""2026.08.07"", 408, 46, 185], [""움트리"", 610, 99, 188], [""n"", 814, 261, 132]]"
000557,2026,08,12,2026-08-12,s1,"보세요 | 1.밀가루 5009에 물280-300 M를넣에 | 충분히 반주 후비닐봉지에 N서 20-30분 | 정도 숙성시컵니다. | 2.잘 숙성된 반죽을 조금씩 뜯어 얇게 펴준 후 | 끓는 육수에 넣어 10분간 끊이면 맛있는 | 수제비 반죽 및 요리방법 수제비가 완성됩니다.기호에 따라 호박, | 완성 (4~5인분) 감자 등 야채를 넣어 끊이면 더욱 좋습니다. | 를 만드실 수 있습니다. | 소비기한: FA2 | 2.66 2026.08.12.F1 | 20233279 11.46 A4 | 까지 | 있는장소 | 총내용량 /509 | 10 0당 345 Cal | 영양정보 | OTHER | 125398","[[""보세요"", 31, 64, 96], [""1.밀가루 5009에 물280-300 M를넣에"", 123, 66, 278], [""충분히 반주 후비닐봉지에 N서 20-30분"", 152, 63, 289], [""정도 숙성시컵니다."", 174, 35, 291], [""2.잘 숙성된 반죽을 조금씩 뜯어 얇게 펴준 후"", 206, 48, 276], [""끓는 육수에 넣어 10분간 끊이면 맛있는"", 232, 49, 293], [""수제비 반죽 및 요리방법"", 242, 36, 97], [""수제비가 완성됩니다.기호에 따라 호박,"", 257, 49, 295], [""완성"", 256, 27, 38], [""(4~5인분)"", 267, 36, 147], [""감자 등 야채를 넣어 끊이면 더욱 좋습니다."", 281, 51, 296], [""를 만드실 수 있습니다."", 318, 35, 38], [""소비기한:"", 386, 43, 153], [""FA2"", 404, 41, 480], [""2.66"", 466, 27, 77], [""2026.08.12.F1"", 473, 56, 238], [""20233279"", 496, 33, 83], [""11.46 A4"", 508, 48, 283], [""있는장소"", 555, 36, 105], [""까지"", 558, 36, 479], [""총내용량 /509"", 612, 48, 456], [""영양정보"", 663, 52, 183], [""10 0당 345 Cal"", 639, 56, 446], [""OTHER"", 900, 40, 498], [""125398"", 923, 34, 372]]"
000558,2025,05,16,2025-05-16,s1,5009 | 용기(포장)재질 용기-폴리에를 데레프탈 | 두껑-폴리프로 렌.폴리에 | 보관시추의사항 직사광선을 피해 실온에 보관등 | 2.꿀은 처온이나 온도변화에의결정이 생길 | 나 이는 벌꿀 내당 의과포화로일나는 자연시 | 상으로 품질에는 이 없습니다.3. 정화된끌은 | 물에용기째로 중을여자연스럽게 게녹이면 됩니 | 구입문의및소비자 :033-73 5760 | 엄력 검사를 필한지입니다 | 은공정거래위회고시소비지 분쟁해결 기준에 | ·부정 불량식품신고 국번없0 1399 | 소분일 | 2025.05.16 | 플라스틱 | PET | 랩:PP 외캡:LDPE | 8/80901/1627505 라벨:PP/재활용어려움,"[[""5009"", 12, 24, 247], [""용기-폴리에를"", 37, 32, 253], [""데레프탈"", 46, 41, 342], [""용기(포장)재질"", 56, 44, 131], [""두껑-폴리프로"", 63, 26, 257], [""렌.폴리에"", 74, 36, 359], [""직사광선을 피해"", 90, 33, 258], [""보관시추의사항"", 95, 42, 134], [""실온에 보관등"", 100, 43, 349], [""온도변화에의결정이 생길"", 123, 56, 261], [""2.꿀은 처온이나"", 122, 37, 140], [""의과포화로일나는 자연시"", 147, 52, 243], [""나 이는 벌꿀 내당"", 148, 40, 139], [""없습니다.3."", 171, 34, 278], [""상으로 품질에는 이"", 174, 37, 139], [""정화된끌은"", 180, 44, 347], [""물에용기째로 중을여자연스럽게"", 201, 42, 141], [""게녹이면 됩니"", 206, 47, 347], [""구입문의및소비자 :033-73 5760"", 256, 45, 131], [""엄력 검사를 필한지입니다"", 314, 50, 130], [""은공정거래위회고시소비지 분쟁해결 기준에"", 344, 52, 178], [""·부정"", 401, 30, 131], [""불량식품신고"", 400, 30, 176], [""국번없0 1399"", 401, 36, 309], [""소분일"", 476, 33, 117], [""2025.05.16"", 525, 60, 126], [""플라스틱"", 598, 33, 435], [""PET"", 652, 40, 431], [""랩:PP 외캡:LDPE"", 682, 42, 404], [""8/80901/1627505"", 709, 32, 95], [""라벨:PP/재활용어려움"", 708, 41, 401]]"
000559,2027,04,21,2027-04-21,s1,2027.04.21,"[[""2027.04.21"", 462, 44, 98]]"
000560,2027,07,13,2027-07-13,s1,"[코코넷 오일(인도네시아산! | 원재료명 필리핀산),잠유],카제인, | 제이인산칼륨,제삼인산칼술 | 폴리인산칼륨,유화제1, | 유화제2 우유 함유 | 포장재질 폴리에틸렌 | 동서식품(주)경상남도 | 제조원 창원시 의창구 반계로 40 | 품목보고번호 19860589043-12 | 소비기한 | 2027.07.13.15.26 | 창원C1 장주영 까지 | ·맛과 향미를 오래 보존하고 흡습을 | 방지하기 위해서 병에 옮겨 담아 | 사용하십시오. | ·직사광선을 피하시고 건조한 실온에 | 보관하십시오. | ·유통과정에서 변질된 제품은 대리점 | 또는 지점에서 교환하여 드립니다. | ·이 제품은 소비자기본법에 따른 | 소비자분쟁해결기준에 따라 피해를 | 보상해 드립니다.","[[""[코코넷 오일(인도네시아산!"", 24, 39, 197], [""필리핀산),잠유],카제인,"", 67, 38, 200], [""원재료명"", 89, 46, 48], [""제이인산칼륨,제삼인산칼술"", 110, 37, 201], [""폴리인산칼륨,유화제1,"", 152, 39, 202], [""유화제2"", 196, 41, 202], [""우유 함유"", 193, 40, 313], [""포장재질"", 244, 38, 62], [""폴리에틸렌"", 242, 39, 205], [""동서식품(주)경상남도"", 292, 39, 209], [""제조원"", 314, 38, 78], [""창원시 의창구 반계로 40"", 330, 38, 209], [""품목보고번호"", 381, 36, 71], [""19860589043-12"", 380, 35, 256], [""소비기한"", 426, 37, 258], [""2027.07.13.15.26"", 501, 49, 140], [""창원C1"", 552, 46, 211], [""장주영"", 557, 48, 349], [""까지"", 572, 37, 499], [""·맛과 향미를 오래 보존하고 흡습을"", 632, 40, 99], [""방지하기 위해서 병에 옮겨 담아"", 666, 42, 113], [""사용하십시오."", 696, 32, 118], [""·직사광선을 피하시고 건조한 실온에"", 730, 48, 105], [""보관하십시오."", 760, 37, 123], [""·유통과정에서 변질된 제품은 대리점"", 794, 39, 112], [""또는 지점에서 교환하여 드립니다."", 824, 41, 124], [""·이 제품은 소비자기본법에 따른"", 855, 46, 114], [""소비자분쟁해결기준에 따라 피해를"", 884, 39, 132], [""보상해 드립니다."", 912, 36, 133]]"
000561,2028,08,07,2028-08-07,s1,"포성자찰 리트미널만조건 | 라이네플리에틸렌)Waxim 오리지날 | 1E021.10을21넘2적03의 뜨/운물 | 약 100 M로 응해시킨후기에 맞게 설탕과 | 프리마를 넣어 드세요.품질보존을 위하여 사용 | 후 뚜껑을 닫아 건조하고 직사광선을 피한 실온에 | 보관하세요,유통과정에서 변질된 제품은 구입처 | 지점 및 대리점에서 교환하여 드립니다.이 제품은 | 소비자기본법에 따른 소비재분정해결 기준에 따라 | 피해를 보상해 드립니다.·부정,불량식품 신고는 | 국번없이1399고객상담080-023-9114 | ·MAXIM은 몬델리즈 인터내셔널 그름의 상표이며 | 라이선스 하에 사용됩니다.질소충전 | 소비기한 2028.08.07.11.46 | 유 혜 원 인천 B | 까지 | 유리 | 뚜껑;PP 8801037/000382 | ///www.dongsuh.co.kr","[[""포성자찰 리트미널만조건"", 20, 41, 80], [""라이네플리에틸렌)Waxim 오리지날"", 54, 70, 81], [""1E021.10을21넘2적03의 뜨/운물"", 101, 68, 89], [""약 100 M로 응해시킨후기에 맞게 설탕과"", 146, 66, 96], [""프리마를 넣어 드세요.품질보존을 위하여 사용"", 193, 65, 96], [""후 뚜껑을 닫아 건조하고 직사광선을 피한 실온에"", 236, 64, 101], [""보관하세요,유통과정에서 변질된 제품은 구입처"", 280, 62, 108], [""지점 및 대리점에서 교환하여 드립니다.이 제품은"", 322, 56, 115], [""소비자기본법에 따른 소비재분정해결 기준에 따라"", 363, 58, 119], [""피해를 보상해 드립니다.·부정,불량식품 신고는"", 402, 53, 125], [""국번없이1399고객상담080-023-9114"", 441, 50, 133], [""·MAXIM은 몬델리즈 인터내셔널 그름의 상표이며"", 478, 53, 139], [""라이선스 하에 사용됩니다.질소충전"", 515, 50, 143], [""소비기한"", 565, 36, 157], [""2028.08.07.11.46"", 576, 49, 186], [""유 혜 원 인천 B"", 612, 48, 261], [""까지"", 626, 37, 458], [""유리"", 721, 28, 215], [""뚜껑;PP"", 760, 23, 204], [""8801037/000382"", 746, 28, 306], [""///www.dongsuh.co.kr"", 782, 36, 195]]"
000562,2025,12,30,2025-12-30,s1,BRAZIL CERRADC | BRAZTL 고소한 너트류의 플레이버와 맛을 | 즐기실 수 있습니다. | 2001 커피을 연구해은 이0야커피.SiNCe 2001 | 이디야 커피연구소의 연구개발 | made by이디야 드림팩토리 | 고객님께 제공합니다. | 기한 2025.12.30 까지 | 13.36 | 050/200G 10.100,"[[""BRAZIL CERRADC"", 29, 62, 277], [""BRAZTL"", 117, 26, 162], [""고소한 너트류의 플레이버와 맛을"", 118, 67, 282], [""즐기실 수 있습니다."", 150, 49, 286], [""2001"", 293, 25, 125], [""커피을 연구해은 이0야커피.SiNCe 2001"", 280, 51, 212], [""이디야 커피연구소의 연구개발"", 370, 31, 209], [""made by이디야 드림팩토리"", 469, 22, 205], [""고객님께 제공합니다."", 535, 27, 199], [""2025.12.30"", 624, 36, 321], [""까지"", 619, 32, 550], [""기한"", 642, 37, 105], [""13.36"", 656, 33, 319], [""10.100"", 855, 130, 300], [""050/200G"", 846, 56, 182]]"
000563,2026,01,10,2026-01-10,s1,26.01.10까지 | 1마 | LOF,"[[""26.01.10까지"", 454, 52, 244], [""1마"", 830, 33, 626], [""LOF"", 856, 45, 636]]"
000564,2026,06,25,2026-06-25,s1,소비기한 | 2026.06.251M.F01,"[[""소비기한"", 382, 30, 111], [""2026.06.251M.F01"", 460, 43, 254]]"
000565,2025,12,05,2025-12-05,s1,냉장보관/소비기한 | 2025.12.05까지 | 15.46F0608 | BK6 | 새콤 쫄깃탱글 면발과 | 쓸면 과일 특제 양념장,"[[""냉장보관/소비기한"", 216, 73, 236], [""2025.12.05까지"", 288, 73, 254], [""15.46F0608"", 326, 65, 256], [""BK6"", 385, 34, 212], [""쫄깃탱글 면발과"", 444, 79, 218], [""새콤"", 492, 134, 3], [""과일 특제 양념장"", 502, 87, 220], [""쓸면"", 688, 377, 0]]"
000566,2026,09,17,2026-09-17,s1,오른에 구문 | 2026.09.170012 | 오튼에 구운 | 고구가탈램이 | sweet pocato | 고구마 말래야,"[[""오른에 구문"", 325, 52, 397], [""2026.09.170012"", 438, 83, 91], [""오튼에 구운"", 636, 117, 194], [""고구가탈램이"", 741, 251, 34], [""sweet pocato"", 830, 97, 196], [""고구마 말래야"", 918, 91, 120]]"
000567,2025,10,29,2025-10-29,s1,25.10.29 까지 | 08:11D | THE 건강한 | 릴비엔나 | 280g | X2 | 특별기획,"[[""25.10.29"", 218, 36, 264], [""까지"", 214, 21, 439], [""건강한"", 368, 287, 0], [""08:11D"", 238, 27, 286], [""THE"", 431, 46, 3], [""릴비엔나"", 526, 98, 3], [""280g"", 642, 55, 476], [""X2"", 700, 80, 474], [""특별기획"", 772, 49, 463]]"
000568,2026,02,23,2026-02-23,s1,"유유향유 북보 번호19/026304135 | 825수장안구221021-15 | 2제능.질승전.0-10C장보관.원료고육 | 이어이므로 잘흔들어드시기 바랍니다.항상냉 | ·용기가 변형,평창,손상되었을 경우 내용물이 변 | 질되었을 가능성이'높으므로 음용하지 마십시오. | ·이 제품은 알류,메밀,땅콩,대두,밀,복숭아,토 | 마토,호두,돼지고기,쇠고기를 사용한 제품과 같 | 은 제조시설에서 제조하고 있습니다. | 2026.02.23 | 21 16 00 30","[[""북보 번호19/026304135"", 315, 44, 162], [""유유향유"", 328, 33, 68], [""825수장안구221021-15"", 402, 48, 67], [""2제능.질승전.0-10C장보관.원료고육"", 430, 44, 74], [""이어이므로 잘흔들어드시기 바랍니다.항상냉"", 480, 32, 88], [""·용기가 변형,평창,손상되었을 경우 내용물이 변"", 532, 36, 80], [""질되었을 가능성이'높으므로 음용하지 마십시오."", 558, 32, 79], [""·이 제품은 알류,메밀,땅콩,대두,밀,복숭아,토"", 588, 26, 83], [""마토,호두,돼지고기,쇠고기를 사용한 제품과 같"", 616, 30, 83], [""은 제조시설에서 제조하고 있습니다."", 644, 26, 88], [""2026.02.23"", 700, 35, 140], [""21 16 00 30"", 724, 33, 140]]"
000569,2025,11,02,2025-11-02,s1,2025.11.02.까2 | 13 48 A,"[[""2025.11.02.까2"", 476, 32, 117], [""13 48 A"", 505, 32, 120]]"
000570,2026,05,20,2026-05-20,s1,2026.05.20NA | 5 | DOS ,"[[""2026.05.20NA"", 273, 78, 218], [""5"", 480, 48, 181], [""DOS "", 518, 44, 179]]"
000571,NONE,10,18,NONE-10-18,det5,10 M100원/130 | 10.18 11:24 | 까지 F5 L2 | 가장많이 연구 | 세계 | NO.1 | Maeil | 바이오 | P R O B I O T I C | 그릭요거,"[[""10 M100원/130"", 24, 44, 406], [""10.18"", 260, 50, 213], [""11:24"", 270, 54, 393], [""까지"", 298, 50, 209], [""F5"", 304, 48, 330], [""L2"", 310, 43, 435], [""가장많이 연구"", 432, 45, 623], [""세계"", 456, 41, 646], [""NO.1"", 486, 69, 618], [""Maeil"", 516, 41, 345], [""바이오"", 594, 111, 200], [""P R O B I O T I C"", 662, 41, 240], [""그릭요거"", 856, 137, 73]]"
000572,2020,01,14,2020-01-14,s1,영양정보 | 나트룹 115 M9 6 % 탄수화물89 | 20.01.14.% 트랜스지방 0.5 g 마 | AUMN 2L601 | 콜레스테롤 31 M9 10 70/ | 다를 수 있습니다. | 홈페이지:www.foodis.com | ILDONG 일동후디스 | 10.15까2.13.56,"[[""영양정보"", 80, 93, 127], [""탄수화물89"", 111, 80, 541], [""나트룹 115 M9 6 %"", 148, 79, 128], [""트랜스지방 0.5 g 마"", 182, 98, 436], [""20.01.14.%"", 210, 53, 212], [""AUMN 2L601"", 228, 44, 574], [""콜레스테롤 31 M9 10 70/"", 282, 79, 125], [""다를 수 있습니다."", 384, 53, 125], [""홈페이지:www.foodis.com"", 441, 102, 206], [""ILDONG 일동후디스"", 522, 93, 116], [""10.15까2.13.56"", 622, 105, 59]]"
000573,2021,10,22,2021-10-22,erode5,모늘하루으거트합식 21 10.22.1 | 옥능 떠먹는 요거트 | 좋은 | 복승아 | 8억마리 | 3200200/800040 | 스,"[[""21 10.22.1"", 256, 55, 377], [""모늘하루으거트합식"", 277, 35, 149], [""옥능"", 310, 56, 16], [""떠먹는 요거트"", 325, 66, 150], [""좋은"", 353, 60, 15], [""복승아"", 396, 77, 144], [""8억마리"", 767, 48, 525], [""3200200/800040"", 798, 37, 140], [""스"", 847, 59, 144]]"
000574,2026,02,24,2026-02-24,s1,총 내용량 130 M/95 C21 두생: HDPE | 수화물2497% 당류 15 9 15% | 지방09 포화지방0g0% | 단백질09.0% | 비율(%)은 2.00O KCAl기준0므로개인의 | 습니다. | 2026.02.24 | 009.26 ATAB,"[[""총 내용량 130 M/95 C21"", 52, 106, 135], [""두생: HDPE"", 17, 39, 573], [""당류 15 9 15%"", 121, 88, 365], [""수화물2497%"", 122, 81, 0], [""포화지방0g0%"", 186, 67, 178], [""지방09"", 196, 67, 0], [""단백질09.0%"", 261, 76, 18], [""비율(%)은 2.00O KCAl기준0므로개인의"", 330, 84, 0], [""습니다."", 383, 53, 0], [""2026.02.24"", 513, 100, 162], [""009.26"", 623, 91, 180], [""ATAB"", 623, 59, 525]]"
000575,NONE,10,14,NONE-10-14,hires,10.14 13148 | 00199 PJS | 품유형 9 우유 업소명 | 및 소시지 | 내용량 750 ML유동/한2 | 무항생제 1급A원 T,"[[""10.14 13148"", 534, 91, 333], [""00199"", 576, 54, 343], [""PJS"", 590, 73, 603], [""업소명"", 1122, 91, 818], [""품유형 9"", 1141, 76, 539], [""우유"", 1148, 69, 703], [""및 소시지"", 1190, 90, 805], [""내용량"", 1270, 83, 543], [""750 ML유동/한2"", 1281, 105, 681], [""무항생제 1급A원 T"", 1364, 78, 690]]"
000576,2026,05,21,2026-05-21,s1,2023.08.22 | 2026.05.21 | 생산담당 박 술 이 | 풀무원,"[[""2023.08.22"", 460, 58, 225], [""2026.05.21"", 508, 50, 227], [""생산담당"", 548, 33, 111], [""박 술 이"", 554, 51, 231], [""풀무원"", 840, 229, 145]]"
000577,2026,04,20,2026-04-20,s1,지퍼를 달아 보관해 | 325.06.1 | 래식 2026.04.2011 | DDODC,"[[""지퍼를 달아 보관해"", 79, 30, 574], [""325.06.1"", 192, 43, 587], [""래식"", 488, 175, 0], [""2026.04.2011"", 468, 56, 271], [""DDODC"", 757, 32, 241]]"
000578,2026,03,04,2026-03-04,s1,직화 참기름김 | 12봉 | 름김 | ed | HP3 Roasted Seaweec | Seasoned with | Sesame Oil | 2026.03.04까지 450/00,"[[""직화 참기름김"", 103, 104, 103], [""12봉"", 284, 311, 39], [""름김"", 484, 111, 492], [""ed"", 574, 25, 1], [""Roasted Seaweec"", 572, 37, 454], [""HP3"", 592, 33, 355], [""Seasoned with"", 601, 36, 452], [""Sesame Oil"", 630, 39, 449], [""2026.03.04까지"", 669, 47, 184], [""450/00"", 672, 35, 456]]"
000579,2026,07,10,2026-07-10,s1,EXP:2026/07/10 | 191 | 10 68 88 28 98 98,"[[""EXP:2026/07/10"", 490, 92, 54], [""191"", 562, 62, 396], [""68 88 28 98 98"", 837, 232, 127], [""10"", 852, 21, 27]]"
000580,2026,02,28,2026-02-28,s1,"ER6 | 2026.02.28.BA.11.27 | 식품유형|과자(유탕처리제품 보관방법 실온보관 | 금),정제잠올레인유(잠올레 | 파래,효모추출물),향신료올레오레진류","[[""ER6"", 364, 39, 598], [""2026.02.28.BA.11.27"", 483, 75, 54], [""보관방법 실온보관"", 699, 44, 416], [""식품유형|과자(유탕처리제품"", 712, 51, 6], [""금),정제잠올레인유(잠올레"", 845, 59, 24], [""파래,효모추출물),향신료올레오레진류"", 928, 64, 36]]"
000581,2026,02,25,2026-02-25,s1,·보관방법:직사광신이도 | 소비 2026.02.25까지B | 기한 비늘 | OT,"[[""·보관방법:직사광신이도"", 23, 51, 41], [""소비"", 504, 50, 60], [""2026.02.25까지B"", 528, 75, 142], [""기한"", 548, 47, 65], [""비늘"", 560, 48, 821], [""OT"", 651, 44, 790]]"
000582,2025,11,21,2025-11-21,s1,202511.21.까지.21 | 6 | With,"[[""202511.21.까지.21"", 430, 52, 103], [""6"", 747, 55, 594], [""With"", 818, 99, 449]]"
000583,2015,11,28,2015-11-28,s1,"지유지 | 315.11.280 01.35 | 슬습더룸 | GS8 | 빠피0두슬콩 까지 | 가슴살/국산),정제수,카놀라유[카놀라유(외국산 | 규소수지],포도당 흑후추분말[흑후추(외국산(베 | 시아 등)}],안데스소금,혼합제제(젖산나트륨, | 탄산수소나트륨,향신료조제품 1,비타민C, 향신 곡류가공품,혼합제제(폴리인산나트륨, 피로인산 SS | 1향미증지제 하시르조제품3 복합조매식","[[""지유지"", 304, 42, 405], [""315.11.280"", 447, 91, 134], [""01.35"", 470, 28, 306], [""슬습더룸"", 566, 135, 0], [""GS8"", 630, 31, 449], [""빠피0두슬콩"", 688, 83, 3], [""까지"", 667, 38, 455], [""가슴살/국산),정제수,카놀라유[카놀라유(외국산"", 767, 38, 6], [""규소수지],포도당 흑후추분말[흑후추(외국산(베"", 804, 44, 3], [""시아 등)}],안데스소금,혼합제제(젖산나트륨,"", 840, 37, 7], [""SS"", 896, 126, 365], [""곡류가공품,혼합제제(폴리인산나트륨, 피로인산"", 877, 38, 3], [""탄산수소나트륨,향신료조제품 1,비타민C, 향신"", 914, 47, 1], [""1향미증지제 하시르조제품3 복합조매식"", 946, 28, 4]]"
000584,2026,07,15,2026-07-15,s1,행복한세상 | 신고는 112 | √아동학대 | CROU 우동권리보장원 | 5 | 2025.07.16A 부터 | 2026.07.15 | 까지 | 맛있는 약속,"[[""행복한세상"", 193, 163, 283], [""신고는 112"", 241, 109, 465], [""√아동학대"", 288, 46, 337], [""우동권리보장원"", 440, 91, 486], [""CROU"", 468, 63, 115], [""5"", 520, 37, 246], [""부터"", 614, 41, 430], [""2025.07.16A"", 626, 62, 168], [""2026.07.15"", 678, 61, 173], [""까지"", 678, 47, 433], [""맛있는 약속"", 690, 62, 517]]"
000585,2026,05,16,2026-05-16,det5,"PR | A Golden Pure Indulgence | Cookies Baked Treat GPR In Every Cookies Bite | -CLASSIC- | BuTTER CoOKIES | IENTS: Wheat Flour, Vegetable Oil (Palm Oil), Sugar, Butter, Full Cream Mik Powder, R | Flavouring and Raising Agent (Sodium Bicarbonate) (INS 5ooii). ALLERGEN INFORMA | vheat, milk & soy. Manufactured on equipment that also processes products that containi | AMuAN: Tepung Gandum, Minyak Sayuran (Minyak Kelapa Sawit), Gula, Mentega, Serb | Kismis. Perisa karbonat)(IiNs 50oii). MAK | atan yang juga memproses | 영양정보 원재료명 제조회사 소재지 업소명 내용량 A Lever (Sodium Vegetale (Huile De Palme Bicarbon | 트랜스지방0g 나트265M9 13% 부정.Y량식품 신고는 국번없이 1399 *보관방법:직사광선을 피하고 서늘한 곳에보관 결기준에의거 교한 또는 보상을받을수 있습니다. *유전자변형대두포함가능성있음 주데0TEL.051-265-8045 소비기한 제품밑면의 별도표시일까지 1149 .601kCa) 제품명지피알클래식버터쿠키 S: Harina De Trigo, que sur des équipements es Permitidos, Levedante Aromatizante Permitido, Ga che y soja. Fabricado en er TES: Farinha de Trigo, Ole Fabricado em equipame Aceite | 1일 영야성분 기준대한바을 (%)은20Nk@기준이므로개인의 필요 열에 따라 포화지방149 93% 콜레스테롤Omg 0% 탄화/7924% 02409 24% 하고 있습니다.본제품은 공정거래위원회고시소비자분쟁해 *본제품은 계란,너트류를사용한 제품과 같은 제조시설에서 제조 전지분유,건포도합성향료(버터), 탄산수소나트륨 밀가루,식물성유지(팜유,유화제)설탕,버터12%(우유,정제소금), GLOBAL PREMIUM RESOURCES SDN.BHD 부산광역시 동구중앙대로 286번길9 (초량동.독원당 506호 원산지 반품 및 교환 포장재질 식품유형 nozes. | 단백질89 15% 지방2954% 내용량 1149 601kCA n조 밀.우유대두 함유 말레이시아 수입원 및구입처 ru | EXP.2026.05.16 | B.NOCK.BT.AA1124","[[""PR"", 20, 23, 319], [""GPR"", 107, 90, 237], [""A Golden"", 88, 25, 136], [""Pure Indulgence"", 86, 23, 431], [""Baked Treat"", 108, 23, 124], [""In Every"", 105, 22, 464], [""Cookies"", 128, 20, 145], [""Cookies Bite"", 125, 26, 452], [""-CLASSIC-"", 163, 40, 197], [""CoOKIES"", 215, 98, 330], [""BuTTER"", 222, 87, 95], [""IENTS: Wheat Flour, Vegetable Oil (Palm Oil), Sugar, Butter, Full Cream Mik Powder, R"", 274, 42, 0], [""Flavouring and Raising Agent (Sodium Bicarbonate) (INS 5ooii). ALLERGEN INFORMA"", 293, 40, 0], [""vheat, milk & soy."", 318, 25, 0], [""Manufactured on equipment that also processes products that containi"", 310, 31, 137], [""AMuAN: Tepung Gandum, Minyak Sayuran (Minyak Kelapa Sawit), Gula, Mentega, Serb"", 329, 39, 0], [""Perisa"", 351, 21, 75], [""karbonat)(IiNs 50oii)."", 343, 26, 495], [""MAK"", 341, 20, 674], [""Kismis."", 354, 19, 11], [""atan yang"", 363, 22, 496], [""juga memproses"", 360, 23, 572], [""원재료명"", 395, 55, 276], [""제조회사"", 393, 57, 329], [""소재지"", 393, 44, 357], [""업소명"", 391, 44, 379], [""소비기한 제품밑면의 별도표시일까지"", 482, 244, 399], [""내용량"", 390, 47, 428], [""제품명지피알클래식버터쿠키"", 460, 197, 449], [""결기준에의거 교한 또는 보상을받을수 있습니다."", 509, 272, 169], [""하고 있습니다.본제품은 공정거래위원회고시소비자분쟁해"", 544, 343, 193], [""*본제품은 계란,너트류를사용한 제품과 같은 제조시설에서 제조"", 544, 344, 218], [""Vegetale (Huile De Palme"", 378, 28, 494], [""1일 영야성분 기준대한바을 (%)은20Nk@기준이므로개인의 필요 열에 따라"", 580, 403, 0], [""트랜스지방0g"", 418, 73, 39], [""나트265M9 13%"", 434, 111, 62], [""영양정보"", 411, 66, 91], [""부정.Y량식품 신고는 국번없이 1399"", 496, 236, 119], [""*보관방법:직사광선을 피하고 서늘한 곳에보관"", 506, 257, 146], [""A Lever (Sodium"", 396, 23, 501], [""Bicarbon"", 395, 20, 645], [""주데0TEL.051-265-8045"", 505, 188, 378], [""1149 .601kCa)"", 469, 116, 428], [""que sur des équipements"", 414, 35, 496], [""전지분유,건포도합성향료(버터), 탄산수소나트륨"", 558, 283, 277], [""밀가루,식물성유지(팜유,유화제)설탕,버터12%(우유,정제소금),"", 589, 346, 299], [""GLOBAL PREMIUM RESOURCES SDN.BHD"", 543, 256, 330], [""부산광역시 동구중앙대로 286번길9 (초량동.독원당 506호"", 578, 332, 353], [""*유전자변형대두포함가능성있음"", 520, 190, 255], [""S: Harina De Trigo,"", 433, 22, 499], [""Aceite"", 431, 20, 657], [""Aromatizante Permitido, Ga"", 450, 32, 498], [""che y soja. Fabricado en er"", 469, 26, 499], [""탄화/7924%"", 534, 105, 69], [""TES: Farinha de Trigo, Ole"", 486, 25, 502], [""포화지방149 93%"", 538, 103, 40], [""es Permitidos, Levedante"", 504, 27, 501], [""Fabricado em equipame"", 522, 21, 517], [""nozes."", 542, 20, 514], [""콜레스테롤Omg 0%"", 639, 112, 46], [""02409 24%"", 622, 81, 74], [""반품 및 교환"", 635, 84, 412], [""포장재질"", 634, 57, 438], [""식품유형"", 632, 61, 461], [""내용량 1149 601kCA"", 692, 161, 103], [""원산지"", 640, 57, 390], [""밀.우유대두 함유"", 714, 107, 265], [""말레이시아"", 702, 69, 389], [""수입원 및구입처"", 711, 100, 412], [""ru"", 677, 16, 443], [""단백질89 15%"", 736, 82, 53], [""지방2954%"", 736, 73, 82], [""n조"", 736, 15, 156], [""EXP.2026.05.16"", 807, 42, 217], [""B.NOCK.BT.AA1124"", 838, 45, 214]]"
000586,2026,03,14,2026-03-14,det5,2026.03.1422,"[[""2026.03.1422"", 445, 107, 78]]"
000587,2026,02,07,2026-02-07,s1,스비기 | 품처 정 분이 있는 경 머리젬 | 제품에 수분 것이니 | 가혹 아니라 제조과정시 생기는' 쉽게 변질되오니 가급 적 한번에 | 위험이 있이 | 삼키시면 질식의 드시지 마십시오 | 파손되어 있는 경우 | 전자레인지에 넣지 마십시오 | 째로는 소비자분쟁해결기춘에 의거 | 제품은 | 니다. | 영양정보 총 내용량 | LE룹 10 Mg 1 % 탄수화물28 99% 20/22 | 당류9g 9% 지방1.292% 랜스 | 포화지방 0g 0% 콜레스테롤0mg0% 단택질 | 필요 열량에 따라 다를 수 있습니다. | 고객행복센터 | 비닐류 소중한의견을기다립니다 | 080-850-1200 | OTHER 1666-5471(문0) | 6 cj.co.kr | 2026.02.072/2 | H3m0,"[[""머리젬"", 21, 46, 599], [""스비기"", 22, 45, 2], [""경"", 54, 23, 291], [""품처"", 80, 42, 6], [""있는"", 70, 30, 217], [""한번에"", 82, 51, 446], [""분이"", 80, 37, 150], [""것이니"", 74, 58, 283], [""적"", 86, 29, 408], [""정"", 105, 32, 14], [""있이"", 110, 44, 452], [""제품에 수분"", 108, 80, 35], [""가혹"", 140, 32, 7], [""위험이"", 135, 78, 342], [""마십시오"", 150, 58, 453], [""쉽게 변질되오니 가급"", 132, 117, 129], [""아니라 제조과정시 생기는'"", 130, 136, 0], [""드시지"", 166, 55, 352], [""삼키시면 질식의"", 176, 103, 135], [""파손되어 있는 경우"", 215, 106, 104], [""전자레인지에 넣지 마십시오"", 227, 140, 138], [""째로는"", 285, 62, 48], [""소비자분쟁해결기춘에 의거"", 262, 138, 137], [""제품은"", 321, 63, 44], [""총 내용량"", 354, 88, 535], [""니다."", 351, 46, 74], [""20/22"", 399, 62, 619], [""탄수화물28 99%"", 420, 76, 290], [""영양정보"", 443, 77, 22], [""랜스"", 447, 36, 671], [""LE룹 10 Mg 1 %"", 476, 75, 34], [""지방1.292%"", 472, 69, 314], [""단택질"", 494, 35, 682], [""당류9g 9%"", 525, 62, 42], [""콜레스테롤0mg0%"", 520, 79, 306], [""포화지방 0g 0%"", 566, 62, 50], [""필요 열량에 따라 다를 수 있습니다."", 633, 85, 55], [""고객행복센터"", 678, 47, 322], [""소중한의견을기다립니다"", 706, 39, 324], [""비닐류"", 739, 34, 189], [""080-850-1200"", 741, 33, 315], [""1666-5471(문0)"", 771, 34, 318], [""OTHER"", 796, 37, 184], [""6"", 806, 21, 292], [""cj.co.kr"", 802, 35, 315], [""2026.02.072/2"", 886, 68, 76], [""H3m0"", 874, 127, 585]]"
000588,2025,11,28,2025-11-28,s1,명가 | 50년 전통의 비법을 담은 | 재래김 | 2025.11.28까지 JR2 | 1016-7 F3,"[[""명가"", 279, 357, 304], [""50년 전통의 비법을 담은"", 463, 32, 306], [""재래김"", 538, 101, 291], [""2025.11.28까지"", 746, 49, 260], [""JR2"", 740, 32, 550], [""1016-7"", 780, 37, 260], [""F3"", 788, 32, 435]]"
000589,2026,04,02,2026-04-02,s1,곤장재질(내면) | 100%국산3 첨가물없0100%국산 콜1 제조원 |한울동 | 경상북도 영천 | 건강한 먹거리입니다. 품목보고번호 | 맛있는 TIP!조리예 보관방법 | 전자레인지에 10초 정도 돌려서 드시면 | 반품 및 교 | 고객센테 | 10 소비한 | ·본 제품 | 같은 시 | ·본제 | 해결 | 안심하세요! 제품의보온도와기공인자에 따라 있습 | ·본 | 을 | OTHER 801207 120599 | 2026.04.02 M10-28 LE0,"[[""곤장재질(내면)"", 29, 45, 574], [""100%국산3"", 34, 62, 128], [""제조원 |한울동"", 53, 48, 570], [""첨가물없0100%국산 콜1"", 44, 91, 132], [""경상북도 영천"", 78, 51, 572], [""품목보고번호"", 105, 46, 578], [""건강한 먹거리입니다."", 96, 85, 133], [""보관방법"", 147, 46, 587], [""맛있는 TIP!조리예"", 125, 110, 126], [""반품 및 교"", 198, 49, 593], [""전자레인지에 10초 정도 돌려서 드시면"", 172, 127, 129], [""고객센테"", 232, 45, 608], [""10"", 265, 49, 458], [""소비한"", 268, 50, 611], [""·본 제품"", 315, 50, 626], [""같은 시"", 350, 54, 631], [""·본제"", 388, 52, 637], [""해결"", 428, 55, 648], [""안심하세요!"", 440, 75, 117], [""있습"", 472, 51, 661], [""제품의보온도와기공인자에 따라"", 466, 91, 122], [""·본"", 519, 44, 679], [""을"", 568, 43, 686], [""801207"", 739, 36, 343], [""120599"", 737, 40, 495], [""OTHER"", 746, 37, 123], [""2026.04.02 M10-28 LE0"", 850, 70, 61]]"
000590,2025,12,05,2025-12-05,s1,2025.12.05까지/16.01.02,"[[""2025.12.05까지/16.01.02"", 591, 62, 128]]"
000591,2026,07,27,2026-07-27,s1,20% 중량 | (자사용기 대비) | 껌 | 지널 | 26.07.27 까지 | 리에틸렌 품목보고번호 19690086003932,"[[""20%"", 48, 98, 186], [""중량"", 53, 40, 360], [""(자사용기 대비)"", 88, 40, 289], [""껌"", 457, 142, 190], [""지널"", 697, 119, 0], [""26.07.27"", 746, 81, 386], [""까지"", 748, 49, 656], [""리에틸렌"", 927, 52, 0], [""품목보고번호"", 936, 43, 165], [""19690086003932"", 925, 48, 323]]"
000592,2025,03,25,2025-03-25,s1,M1 NE SONEE 70%  | KOBKM/DATE D'EMBALLAGE | ATE/ FECHA DE EXPIRACION 26/03/2023 | )/DATE DE LIMITE DE 25/03/2025 | MATION | /NUMERO DE LOTE E2204401030 85 | APTMM/NUMERO DE LO | JONAL FACTS ECNET1O NEFWEIGHT 30 g/r | TIN | MDS NET AMG6 NETO 1.05 02 | 4ES -EE-E | PR/1443/995 17960021231793 | 200334V01 | ALLI스 A0UVEA 9 L ANA 1064 | BAL-NFDeELAESCOM,"[[""M1 NE SONEE 70% "", 128, 33, 505], [""KOBKM/DATE D'EMBALLAGE"", 258, 47, 3], [""26/03/2023"", 274, 48, 384], [""ATE/ FECHA DE EXPIRACION"", 296, 45, 1], [""25/03/2025"", 312, 48, 385], ["")/DATE DE LIMITE DE"", 332, 44, 0], [""MATION"", 367, 36, 0], [""E2204401030 85"", 388, 50, 306], [""/NUMERO DE LOTE"", 399, 36, 3], [""APTMM/NUMERO DE LO"", 428, 40, 2], [""30 g/r"", 475, 58, 548], [""NEFWEIGHT"", 468, 31, 431], [""JONAL FACTS"", 486, 28, 0], [""ECNET1O"", 492, 26, 434], [""TIN"", 513, 24, 0], [""MDS NET"", 516, 30, 434], [""1.05 02"", 528, 45, 556], [""AMG6 NETO"", 538, 31, 432], [""-EE-E"", 601, 110, 98], [""4ES"", 622, 25, 0], [""PR/1443/995"", 684, 33, 2], [""17960021231793"", 686, 35, 342], [""200334V01"", 728, 29, 533], [""ALLI스"", 820, 90, 0], [""A0UVEA 9 L ANA 1064"", 792, 27, 214], [""BAL-NFDeELAESCOM"", 834, 29, 215]]"
000593,2026,07,22,2026-07-22,erode5,LOTTT PEPERO | 26.07.22.00813.F2 까지,"[[""PEPERO"", 117, 84, 466], [""LOTTT"", 134, 42, 252], [""까지"", 226, 48, 778], [""26.07.22.00813.F2"", 236, 80, 203]]"
000594,2026,08,25,2026-08-25,s1,기운내 E 야문국 | 티타임 | 아잔 아지! 에C | from | 2025.08.26부터2 표 | 2026.08.25까지B,"[[""기운내"", 106, 57, 183], [""아잔"", 196, 183, 75], [""아지!"", 204, 175, 212], [""야문국"", 139, 39, 845], [""E"", 149, 30, 749], [""티타임"", 184, 36, 707], [""에C"", 222, 38, 732], [""from"", 284, 45, 185], [""2025.08.26부터2"", 332, 63, 286], [""2026.08.25까지B"", 382, 69, 279], [""표"", 381, 58, 771]]"
000595,2026,05,01,2026-05-01,s1,고소한 현미 | 2026.05.01/15.35 동록 | 영앙,"[[""고소한 현미"", 130, 111, 196], [""2026.05.01/15.35"", 279, 50, 262], [""동록"", 324, 108, 684], [""영앙"", 397, 74, 678]]"
000596,2026,08,13,2026-08-13,s1,안전관리인증 | HACCP | 연출된 이미지 입니다. | 부터 | 2026.08.13.B1 까지,"[[""안전관리인증"", 138, 25, 207], [""HACCP"", 168, 36, 207], [""연출된 이미지 입니다."", 234, 36, 341], [""부터"", 286, 37, 608], [""2026.08.13.B1"", 316, 45, 254], [""까지"", 314, 32, 610]]"
000597,2026,09,02,2026-09-02,s1,통전용 소비 2025.09.03/17.42 부터 | 기한 2026.09.02 까지,"[[""통전용"", 314, 126, 0], [""소비"", 316, 41, 257], [""부터"", 308, 45, 688], [""2025.09.03/17.42"", 320, 59, 363], [""기한"", 378, 42, 261], [""2026.09.02"", 380, 58, 366], [""까지"", 373, 42, 687]]"
000598,2026,03,09,2026-03-09,s1,"소비기한 측면표기일까지 | HACCP HACCP 인증제품 | 5:2017041515830 | 81801117/546519 | 밀,달갈,우유,대두 함유 | 소비 부터 | 25.09.10.09.55) | 의한 피해보상·직사광선을 피해 기한 26.03.09(A)F4 까지 | 전화)080-023-5700.문자) | 및 구입한 곳","[[""소비기한 측면표기일까지"", 14, 31, 120], [""HACCP"", 52, 28, 553], [""HACCP 인증제품"", 58, 33, 645], [""5:2017041515830"", 102, 37, 2], [""81801117/546519"", 254, 35, 539], [""밀,달갈,우유,대두 함유"", 313, 36, 108], [""소비"", 338, 32, 458], [""부터"", 341, 36, 865], [""25.09.10.09.55)"", 356, 35, 525], [""의한 피해보상·직사광선을 피해"", 386, 38, 1], [""기한"", 390, 35, 458], [""26.03.09(A)F4"", 392, 45, 517], [""까지"", 386, 38, 863], [""전화)080-023-5700.문자)"", 419, 36, 1], [""및 구입한 곳"", 456, 34, 2]]"
000599,2026,09,04,2026-09-04,s1,소비 08960 0dH | 기한 2026.09.04A3 까지,"[[""08960 0dH"", 251, 104, 873], [""소비"", 257, 66, 82], [""기한"", 336, 70, 78], [""2026.09.04A3"", 334, 51, 271], [""까지"", 341, 64, 733]]"
000600,2026,08,31,2026-08-31,s1,"Bal 2025.09.01 부8 코코아분말 4%, | 2026.08.31 까지F2A | pr슬릿가공","[[""코코아분말 4%,"", 156, 269, 784], [""Bal"", 111, 72, 379], [""2025.09.01 부8"", 202, 64, 371], [""2026.08.31 까지F2A"", 250, 71, 379], [""pr슬릿가공"", 363, 163, 784]]"
000601,2026,01,27,2026-01-27,s1,2025.04.28.8 | 부터 | 2026.01.27 까지 | 맛있는 약속,"[[""2025.04.28.8"", 234, 42, 324], [""부터"", 262, 35, 623], [""2026.01.27"", 314, 41, 324], [""까지"", 322, 33, 624], [""맛있는 약속"", 344, 36, 698]]"
000602,2026,09,22,2026-09-22,s1,CROWN | 2025.09.23A 부터 | 2026.09.22 까지 | 맛있는 약속,"[[""CROWN"", 64, 49, 414], [""2025.09.23A"", 268, 69, 202], [""부터"", 262, 38, 525], [""까지"", 330, 50, 533], [""2026.09.22"", 344, 69, 199], [""맛있는 약속"", 345, 54, 627]]"
000603,2026,09,24,2026-09-24,s1,"344383 | !달갈,쇠고기 혼입 가능 고객지원센터  | 자기본법에 의한 피해 보상 |  질품은 구입 상점 및 | 항상 교환·부정·불량 | 2국번00/1399 | 삼키지 않도록 주의 8 8010621002542 | 고온에 약하 | 에서 직사광신을 26.09.24B | 보관해주시고 OTHER | 2십시오 | 롯데웰푸드","[[""!달갈,쇠고기 혼입 가능"", 27, 48, 60], [""344383"", 24, 52, 762], [""자기본법에 의한 피해 보상"", 68, 47, 48], [""고객지원센터 "", 62, 55, 454], ["" 질품은 구입 상점 및"", 112, 45, 46], [""항상 교환·부정·불량"", 155, 48, 57], [""2국번00/1399"", 198, 44, 48], [""삼키지 않도록 주의"", 243, 54, 55], [""8"", 247, 24, 464], [""8010621002542"", 257, 50, 495], [""고온에 약하"", 289, 60, 67], [""에서 직사광신을"", 336, 61, 76], [""26.09.24B"", 352, 61, 529], [""보관해주시고"", 378, 55, 85], [""OTHER"", 399, 44, 853], [""2십시오"", 412, 31, 69], [""롯데웰푸드"", 483, 39, 539]]"
000604,2026,09,15,2026-09-15,s1,골레스데일 | 고객지원센터080-024-6060 | 수신 자 요금 부담) 롯데웰푸드 | htk//w.w.lottewelffood.com | 2026.09.15 B1 | 까지 880102,"[[""골레스데일"", 16, 36, 166], [""고객지원센터080-024-6060"", 120, 60, 190], [""수신 자 요금 부담)"", 172, 43, 324], [""롯데웰푸드"", 188, 57, 840], [""htk//w.w.lottewelffood.com"", 213, 35, 297], [""2026.09.15 B1"", 354, 75, 254], [""까지"", 417, 56, 675], [""880102"", 392, 60, 787]]"
000605,2028,07,01,2028-07-01,det5,"시쉽고비넓고기,계란우 | 1주이이쓰브니다·“산용 우포상새는 반드시 분리배출하여 주십시오 | 시 소비자 분쟁해결 기준에 의거 교환 또는 보상받으실 수 있습니다.-반품 및 교환장소 | 080-900-6133/수신자부담)-깨한 우2자연 깨한 우리0음-부정불량 식품 신고는 | 2028.07.01까121","[[""시 소비자 분쟁해결 기준에 의거 교환 또는 보상받으실 수 있습니다.-반품 및 교환장소"", 44, 95, 0], [""1주이이쓰브니다·“산용 우포상새는 반드시 분리배출하여 주십시오"", 28, 66, 240], [""시쉽고비넓고기,계란우"", 18, 38, 642], [""080-900-6133/수신자부담)-깨한 우2자연 깨한 우리0음-부정불량 식품 신고는"", 72, 101, 0], [""2028.07.01까121"", 272, 76, 256]]"
000606,2026,10,01,2026-10-01,det5,"조리예 | 하기 소비기한은 내용물 중 짧은 제품 기준이며, | 제품명: 표시된 날짜보다긴 제품만으로 구성될 수 있습니다. | 스팸R클래식 소비기한: :CA5N006 | 식품의 유형: | 프레스행(멸균제품) 2026년 10월 012 | 내용량.600 9 | 120 0x5캠/ 까지 | 2050 kCA)","[[""조리예"", 118, 29, 663], [""하기 소비기한은 내용물 중 짧은 제품 기준이며,"", 163, 37, 283], [""제품명:"", 194, 41, 0], [""표시된 날짜보다긴 제품만으로 구성될 수 있습니다."", 192, 38, 264], [""스팸R클래식"", 228, 46, 0], [""소비기한:"", 250, 49, 265], ["":CA5N006"", 247, 45, 413], [""식품의 유형:"", 265, 42, 0], [""프레스행(멸균제품)"", 301, 44, 0], [""2026년"", 313, 52, 323], [""10월 012"", 312, 61, 473], [""내용량.600 9"", 339, 42, 0], [""120 0x5캠/"", 374, 45, 0], [""까지"", 371, 52, 647], [""2050 kCA)"", 412, 49, 0]]"
000607,2028,06,23,2028-06-23,s1,"(식육통조림/멸균제품) | 목보고번호 20050405003230 | 반품 및 구입처 및 | co.kr) 교환장소 고객만족센터 8/801047/862673 | 산:미국 | 포솔트(네) 2028.06.23 | 본가공품 | 등),카라기 까지 | (발색제)","[[""(식육통조림/멸균제품)"", 124, 53, 3], [""목보고번호"", 155, 38, 1], [""20050405003230"", 170, 44, 142], [""반품 및"", 245, 45, 202], [""co.kr)"", 263, 39, 2], [""구입처 및"", 255, 40, 377], [""교환장소"", 276, 33, 189], [""고객만족센터"", 284, 40, 358], [""산:미국"", 304, 54, 1], [""8/801047/862673"", 298, 41, 578], [""포솔트(네)"", 354, 55, 0], [""본가공품"", 398, 55, 0], [""2028.06.23"", 398, 61, 273], [""등),카라기"", 448, 62, 4], [""까지"", 474, 47, 744], [""(발색제)"", 492, 45, 0]]"
000608,2026,08,13,2026-08-13,erode5,EOS..C | 2026.08.13까2 | 16 05 쇠221 5,"[[""EOS..C"", 89, 94, 374], [""2026.08.13까2"", 219, 44, 273], [""16 05 쇠221 5"", 277, 48, 274]]"
000609,2027,06,11,2027-06-11,s1,출선궤프가 제안하는 | 다양한 레시피를 확인해보세요 | 2027.06.11.까지 500 | 10.02-02 훈연 | 4%,"[[""출선궤프가 제안하는"", 14, 32, 553], [""다양한 레시피를 확인해보세요"", 36, 43, 470], [""2027.06.11.까지"", 244, 47, 397], [""500"", 244, 45, 710], [""10.02-02"", 297, 48, 395], [""훈연"", 300, 71, 705], [""4%"", 344, 53, 707]]"
000610,2026,06,04,2026-06-04,s1,NEE 1065 F.1 | 주동 | 기는 2026.06.04.까지,"[[""F.1"", 216, 52, 393], [""NEE 1065"", 214, 23, 2], [""주동"", 272, 103, 0], [""기는"", 363, 36, 0], [""2026.06.04.까지"", 374, 55, 392]]"
000611,2026,07,20,2026-07-20,s1,"덴스지방 0g | 포화지방 09 % | 콜레스테롤0mg 0 % | 단백질29 4% | 영양성분 기준치에대한 비율 .%)은 200 KC 고객상담실 | >준이므로 개인의 필요 열량에 따라 다를 수 있습니다. 080-019-9119 | (수신자요금부당) | 빈 용있는 깨끗이 분리수거 하여 재활용합시다.소중한 자원,깨끗한 환경 | 소기한 2026.07.20.B","[[""덴스지방 0g"", 14, 32, 280], [""포화지방 09"", 50, 52, 250], [""%"", 63, 34, 587], [""콜레스테롤0mg"", 100, 53, 220], [""0"", 106, 25, 560], [""%"", 108, 29, 591], [""단백질29"", 148, 47, 220], [""4%"", 153, 42, 553], [""고객상담실"", 178, 37, 700], [""영양성분 기준치에대한 비율 .%)은 200 KC"", 194, 41, 242], ["">준이므로 개인의 필요 열량에 따라 다를 수 있습니다."", 224, 37, 214], [""080-019-9119"", 216, 36, 665], [""(수신자요금부당)"", 246, 39, 673], [""빈 용있는 깨끗이 분리수거 하여 재활용합시다.소중한 자원,깨끗한 환경"", 282, 47, 200], [""소기한"", 370, 45, 217], [""2026.07.20.B"", 362, 54, 408]]"
000612,2026,05,07,2026-05-07,s1,"업소명 및 혜원면광혜/원산단22112 | 소재지 ·제조원:(주)동방푸드마스타 | 충북 을/군 대면 대금로 105 | 번길70 | 영양정보 | 2026.05.07/A 나트름 | 까지 | 원재료명 정제수,CJ마요소스대두유(대","[[""업소명 및"", 30, 57, 315], [""혜원면광혜/원산단22112"", 22, 44, 405], [""소재지"", 70, 39, 331], [""·제조원:(주)동방푸드마스타"", 58, 54, 411], [""충북 을/군 대면 대금로 105"", 93, 53, 405], [""번길70"", 134, 34, 408], [""영양정보"", 184, 71, 738], [""2026.05.07/A"", 276, 68, 365], [""나트름"", 261, 37, 746], [""까지"", 330, 56, 610], [""원재료명"", 391, 44, 332], [""정제수,CJ마요소스대두유(대"", 393, 54, 412]]"
000613,2026,05,28,2026-05-28,s1,보관·사용 전 흔들어 주세요. | 고객상담/080-024-231신자요금 | 2026.05.28.까지 | 13.47,"[[""보관·사용 전 흔들어 주세요."", 142, 53, 201], [""고객상담/080-024-231신자요금"", 198, 82, 242], [""2026.05.28.까지"", 294, 81, 221], [""13.47"", 350, 59, 337]]"
000614,2026,03,07,2026-03-07,s1,보비기한 | 2026.03.07A | 16.09,"[[""보비기한"", 209, 50, 187], [""2026.03.07A"", 252, 50, 352], [""16.09"", 309, 51, 412]]"
000615,2026,03,24,2026-03-24,s1,2객상담실 및 구입처 부정 불량식품 신고는 국번0139 | 실은보관(1350)개봉 후금팡이가 생길 수 있으니 빨라 | 드시고 냉장보관 하십시오. | 소비기한 | 2026.03.24A | 까지,"[[""2객상담실 및 구입처 부정 불량식품 신고는 국번0139"", 169, 49, 246], [""실은보관(1350)개봉 후금팡이가 생길 수 있으니 빨라"", 205, 42, 247], [""드시고 냉장보관 하십시오."", 239, 40, 248], [""소비기한"", 285, 38, 242], [""2026.03.24A"", 304, 47, 369], [""까지"", 346, 30, 606]]"
000616,2026,09,10,2026-09-10,s1,·반품 및 교환장소:고객상담실 및 구입처 | 제품은 소비자기본법에 의거 교환 또는 보상. | 부정 Y량식품 신고는 국번없이 1399 소비자중심 c | 8고객상담실 080-019-9119(수신자요금부담) | 이미지 사진 | 18.32 | 2026.09.10 까지,"[[""·반품 및 교환장소:고객상담실 및 구입처"", 72, 105, 165], [""제품은 소비자기본법에 의거 교환 또는 보상."", 113, 82, 190], [""c"", 127, 24, 633], [""소비자중심"", 152, 33, 594], [""부정 Y량식품 신고는 국번없이 1399"", 162, 87, 171], [""080-019-9119(수신자요금부담)"", 200, 53, 294], [""8고객상담실"", 220, 53, 175], [""이미지 사진"", 249, 54, 108], [""18.32"", 290, 49, 418], [""까지"", 362, 44, 658], [""2026.09.10"", 362, 77, 232]]"
000617,2026,07,11,2026-07-11,det5,"하는 향신료 줄기이므로 안심하고 드십시오. -1,아비를 | 담실 https://www.daesang.com 분리수거를 생화합시다. | 신자요금부담) DAESANG https://www.jungoneshop.com 소중한자원,깨끗한 환경 | ccü 소비기한: 2026.07.11.B 비닐류 | 자중심 까지 OTHER ∞ | 경거래위원회","[[""안심하고 드십시오."", 36, 64, 438], [""-1,아비를"", 10, 22, 690], [""하는 향신료 줄기이므로"", 46, 92, 7], [""담실"", 114, 60, 0], [""분리수거를 생화합시다."", 106, 46, 654], [""https://www.daesang.com"", 116, 56, 332], [""소중한자원,깨끗한 환경"", 146, 53, 655], [""신자요금부담)"", 162, 63, 0], [""https://www.jungoneshop.com"", 154, 54, 335], [""DAESANG"", 173, 32, 215], [""소비기한:"", 229, 69, 109], [""2026.07.11.B"", 242, 111, 310], [""비닐류"", 232, 31, 733], [""ccü"", 267, 40, 8], [""∞"", 264, 18, 865], [""자중심"", 300, 45, 0], [""까지"", 296, 49, 681], [""OTHER"", 290, 44, 729], [""경거래위원회"", 348, 22, 0]]"
000618,2026,08,26,2026-08-26,s1,"130.30g).식8.우32술 | ※ 전자레인지 조리 불가 | 1.두부를 1.5CM크기로 2.팬에 식용유를 넣고 중불에 | 깍뜻 쌀고,대파는 앞게 1분 정도 충분히 예열한 뒤, 3.대파를 넣고 1분간 더 볶다가 두부와 | 소스를 넣고 30초간 꽃이면 완성! | 어슷 썰어주세요 돼지고기를 넣고 2분간 잘 볶아주세요 | 트러은 마파두부 Tip | 홍콩식 마파두부의 소비기한 | 다양한 레시피를 2026.08.26/015.53 | 확인해보세요 | 소스(살균 품)품목보고번호 199104450779152 소비기한 후면 표시일 | 정제쉬 양피 | 지가장","[[""130.30g).식8.우32술"", 36, 37, 1], [""※ 전자레인지 조리 불가"", 36, 30, 684], [""1.두부를 1.5CM크기로"", 90, 28, 13], [""2.팬에 식용유를 넣고 중불에"", 84, 30, 319], [""3.대파를 넣고 1분간 더 볶다가 두부와"", 88, 31, 609], [""깍뜻 쌀고,대파는 앞게"", 118, 31, 37], [""1분 정도 충분히 예열한 뒤,"", 111, 28, 329], [""소스를 넣고 30초간 꽃이면 완성!"", 114, 28, 629], [""어슷 썰어주세요"", 146, 31, 49], [""돼지고기를 넣고 2분간 잘 볶아주세요"", 138, 32, 290], [""트러은 마파두부 Tip"", 198, 33, 3], [""소비기한"", 254, 43, 220], [""홍콩식 마파두부의"", 258, 36, 25], [""2026.08.26/015.53"", 264, 46, 397], [""다양한 레시피를"", 287, 37, 34], [""확인해보세요"", 317, 36, 47], [""소비기한"", 347, 38, 598], [""후면 표시일"", 340, 45, 722], [""199104450779152"", 356, 41, 338], [""소스(살균 품)품목보고번호"", 376, 61, 1], [""정제쉬 양피"", 422, 46, 0], [""지가장"", 442, 23, 226]]"
000619,2026,09,15,2026-09-15,s1,영영이호 29 8 1/V KCA1 | 2 460N23%화 419 13%당1818 | 090% 트랜지방09 포화지방090% | 콜레스테롤 Omg 0% 단백질 204% | 2영양성분 기준치대한 비율(%)은 20O KCA기준0므로 | 개인의 필요 열량에 따라 다를 수 있습니다. | 11.06 | 2026.09.15 | 까지,"[[""영영이호"", 14, 28, 232], [""29 8 1/V KCA1"", 10, 20, 491], [""2 460N23%화 419 13%당1818"", 44, 66, 230], [""090% 트랜지방09 포화지방090%"", 82, 64, 230], [""단백질 204%"", 118, 36, 426], [""콜레스테롤 Omg 0%"", 126, 39, 236], [""2영양성분 기준치대한 비율(%)은 20O KCA기준0므로"", 158, 42, 238], [""개인의 필요 열량에 따라 다를 수 있습니다."", 194, 45, 243], [""11.06"", 248, 32, 479], [""2026.09.15"", 292, 49, 331], [""까지"", 321, 32, 581]]"
000620,2026,07,06,2026-07-06,s1,개통후냉장보관·홍고추씨입자는원료고유의 성분이 | 안심하고 드십시오. | 고객상담/080-024-231(주신요금부 | 2026.07.06.까지 | 13.55,"[[""개통후냉장보관·홍고추씨입자는원료고유의 성분이"", 117, 62, 255], [""안심하고 드십시오."", 154, 47, 260], [""고객상담/080-024-231(주신요금부"", 200, 55, 292], [""2026.07.06.까지"", 285, 48, 291], [""13.55"", 332, 46, 382]]"
000621,2026,08,25,2026-08-25,s1,기준에 의거 교환 보장 또는 | 교환장소제조원및각구입처 | 량식품 신고는 국번없이 1399 | 소비기한 | 2026.08.25AF2,"[[""기준에 의거 교환 보장 또는"", 42, 61, 229], [""교환장소제조원및각구입처"", 95, 84, 211], [""량식품 신고는 국번없이 1399"", 143, 50, 215], [""소비기한"", 234, 61, 174], [""2026.08.25AF2"", 298, 75, 258]]"
000622,2027,01,02,2027-01-02,s1,양파(중)1기 | 남은 국물에 | 2700 ML와떡 2 끓기 시작하면 야채와 볶아 드셔도 | 양념을 넣고 센 불에 추가재료를 넣고 면을 따로 삶 | 3분간 끓입니다. 약 5분간 더 끓입니다. 더욱 맛있습! | 신비가한 2027.01.2 | 식품유형 소스(살균제품) 품목보고번호 포리프르픽레반품 1991044507//55,"[[""양파(중)1기"", 24, 37, 867], [""남은 국물에"", 68, 36, 861], [""2700 ML와떡"", 100, 39, 260], [""볶아 드셔도"", 97, 34, 861], [""2 끓기 시작하면 야채와"", 108, 34, 536], [""양념을 넣고 센 불에"", 133, 48, 258], [""추가재료를 넣고"", 140, 31, 562], [""면을 따로 삶"", 139, 33, 859], [""3분간 끓입니다."", 166, 41, 259], [""약 5분간 더 끓입니다."", 172, 29, 560], [""더욱 맛있습!"", 170, 33, 859], [""신비가한"", 272, 49, 54], [""2027.01.2"", 303, 61, 375], [""식품유형"", 415, 56, 64], [""품목보고번호"", 410, 54, 507], [""1991044507//55"", 399, 46, 725], [""소스(살균제품)"", 418, 52, 237], [""포리프르픽레반품"", 439, 30, 720]]"
000623,2027,03,10,2027-03-10,det5,"기타과담이 1 풋백(국산) | 공고추익기스C,감굴류추출물 대두,밀함유 | 2027.03.10 까지 GI | i: … DA6","[[""기타과담이"", 20, 43, 155], [""1 풋백(국산)"", 16, 43, 451], [""공고추익기스C,감굴류추출물 대두,밀함유"", 204, 77, 141], [""2027.03.10"", 258, 55, 211], [""까지"", 259, 44, 585], [""GI"", 280, 20, 642], [""i: …"", 305, 39, 291], [""DA6"", 300, 40, 575]]"
000624,2027,06,15,2027-06-15,s1,소비기한 | '제철 재료 | 레의족시피가 2027.06.15.F2 | 궁금하다면? 품질관리자이의성 | 2080-996-777 까지 88010,"[[""소비기한"", 176, 53, 211], [""'제철 재료"", 201, 48, 52], [""레의족시피가"", 251, 52, 56], [""2027.06.15.F2"", 246, 58, 301], [""궁금하다면?"", 302, 55, 34], [""품질관리자이의성"", 307, 60, 300], [""2080-996-777"", 381, 65, 25], [""까지 88010"", 380, 59, 845]]"
000625,2027,04,01,2027-04-01,s1,"801.05""299602 | 소비기한 | 2027.04.01 | 0010159 | 유리 고객지원실(요금은 생표가 부담합 | 080-996-777","[[""801.05\""299602"", 83, 32, 336], [""소비기한"", 158, 44, 278], [""2027.04.01"", 234, 55, 388], [""0010159"", 298, 40, 405], [""고객지원실(요금은 생표가 부담합"", 376, 50, 490], [""유리"", 398, 33, 340], [""080-996-777"", 430, 47, 547]]"
000626,2026,07,01,2026-07-01,s1,26.07.01 | A16.20F1,"[[""26.07.01"", 506, 67, 207], [""A16.20F1"", 569, 66, 208]]"
000627,2022,02,NONE,2022-02-NONE,fail,ZEROSUGAR IEROSKGAR ZEROSUGAR ZEROSUGAR ZEROSUGAR XT | 비무 sugarlsls 00 | 00 NN ZERO SUGAR ZEROSUGAR | Green Grape NIN | EX PRO PRO PRC EXP EXP PRO EXP 8::8. ::8.2 리 | n NN CICHDNS 는젤도 | sugarls sugarlsls sugarlsls ugarlsl sugarlsls 00 NN 있약포 ZEROSUGAR | 맛있는 맛있는 맛있는 맛있는 맛있는 | 곤약젤리 곤약젤리 곤약젤리 곤약젤리 약젤리 | 청포도 청포도 청 포도 청포도 또도 PRO PRO 2822.11.02M.F2 2022.13.02A.2 건전조 | h EXP EXP ioc tel Green Grape Green Grape Grape | 한말0.1% 받말 01%e 20.1 0.1% | sugarlsls sugarlsls | – 맛있는 맛있는 | 곤약젤리 곤약젤리 | 청포도 청포도 | Green Grope | 말0.1%,"[[""ZEROSUGAR"", 105, 46, 456], [""PRC"", 405, 34, 89], [""EXP"", 426, 32, 92], [""sugarlsls"", 524, 59, 102], [""맛있는"", 606, 131, 85], [""곤약젤리"", 695, 114, 106], [""청포도"", 784, 132, 103], [""받말 01%e"", 919, 82, 156], [""ZEROSUGAR"", 104, 46, 455], [""PRO"", 404, 39, 86], [""EX"", 426, 27, 94], [""sugarlsls"", 524, 73, 97], [""맛있는"", 606, 128, 87], [""곤약젤리"", 695, 130, 97], [""청포도"", 782, 145, 98], [""Grape"", 868, 31, 323], [""0.1%"", 928, 59, 192], [""sugarlsls"", 191, 177, 409], [""XT"", 119, 29, 522], [""비무"", 139, 66, 159], [""00"", 138, 23, 529], [""NN"", 195, 38, 520], [""00"", 222, 42, 520], [""Green Grape"", 326, 177, 72], [""NIN"", 247, 54, 515], [""ZEROSUGAR"", 542, 168, 834], [""리"", 399, 70, 657], [""n"", 440, 53, 381], [""는젤도"", 466, 89, 565], [""NN"", 473, 34, 389], [""00"", 500, 33, 388], [""NN"", 526, 29, 391], [""있약포"", 529, 85, 555], [""CICHDNS"", 436, 65, 441], [""ZEROSUGAR"", 105, 46, 456], [""PRO"", 406, 25, 94], [""EXP"", 426, 32, 93], [""sugarls"", 525, 60, 101], [""맛있는"", 606, 130, 85], [""곤약젤리"", 695, 122, 102], [""청포도"", 783, 133, 103], [""ioc tel Green Grape"", 862, 85, 155], [""한말0.1%"", 918, 80, 159], [""ZERO SUGAR"", 210, 77, 921], [""2822.11.02M.F2"", 826, 107, 350], [""PRO"", 810, 55, 183], [""EXP"", 848, 75, 185], [""sugarlsls"", 1049, 113, 211], [""맛있는"", 1213, 237, 181], [""곤약젤리"", 1389, 260, 198], [""청포도"", 1564, 262, 209], [""Green Grope"", 1734, 71, 482], [""ZEROSUGAR"", 210, 73, 920], [""2022.13.02A.2"", 826, 131, 349], [""건전조"", 784, 62, 782], [""PRO"", 810, 53, 181], [""EXP"", 852, 62, 186], [""sugarlsls"", 1050, 113, 210], [""맛있는"", 1212, 239, 180], [""–"", 1206, 7, 270], [""곤약젤리"", 1390, 242, 206], [""청포도"", 1570, 271, 209], [""말0.1%"", 1846, 140, 339], [""IEROSKGAR"", 106, 41, 459], [""8::8."", 410, 64, 180], [""ugarlsl"", 525, 50, 112], [""맛있는"", 607, 126, 87], [""약젤리"", 698, 98, 145], [""또도"", 790, 103, 159], [""ZEROSUGAR"", 106, 45, 456], [""PRO"", 406, 39, 87], [""EXP"", 424, 39, 90], [""sugarlsls"", 524, 55, 104], [""h"", 851, 28, 191], [""Green Grape"", 868, 39, 238], [""20.1"", 920, 77, 167], [""::8.2"", 406, 81, 173], [""맛있는"", 606, 131, 85], [""곤약젤리"", 694, 115, 106], [""청 포도"", 786, 131, 105]]"
000628,2025,02,03,2025-02-03,det5,25.02.03/1300LF1,"[[""25.02.03/1300LF1"", 398, 115, 220]]"
000629,2025,09,22,2025-09-22,det5,마이밀 | KW21115E447E | 25 .09.22까2 | 25144 | OaWZ,"[[""마이밀"", 264, 82, 144], [""KW21115E447E"", 340, 61, 285], [""25"", 374, 39, 259], ["".09.22까2"", 363, 68, 312], [""25144"", 388, 37, 335], [""OaWZ"", 573, 117, 129]]"
000630,2026,03,31,2026-03-31,s1,"202603.31 | CUTTING POIN | 제품명 검은콩 귀리 호두 두유 포장재질(내면) 폴리프로필렌 | 료명 | 두-미국산,장),탄산칼슘,정제소금(국산)대두,호두,땅콩,잣함유 | 아 별도 표기일까지 | 가공두유(멸균제품) | 2018049104473 | 유통 전문판매원-서울우유협동 | 경기C","[[""202603.31"", 327, 74, 284], [""CUTTING POIN"", 364, 41, 0], [""제품명"", 566, 47, 0], [""검은콩 귀리 호두 두유"", 591, 60, 96], [""포장재질(내면)"", 630, 56, 410], [""폴리프로필렌"", 646, 49, 560], [""료명"", 665, 41, 0], [""두-미국산,장),탄산칼슘,정제소금(국산)대두,호두,땅콩,잣함유"", 784, 139, 49], [""아"", 770, 27, 4], [""별도 표기일까지"", 800, 75, 43], [""가공두유(멸균제품)"", 844, 77, 29], [""2018049104473"", 884, 70, 19], [""유통 전문판매원-서울우유협동"", 926, 72, 8], [""경기C"", 944, 30, 5]]"
000631,2025,11,15,2025-11-15,s1,개:PP | OTHER | 는 모두 이마트의 상표입니다 N1660 | 노브랜드의 이념과실진 | 25.11.15,"[[""개:PP"", 76, 35, 0], [""OTHER"", 108, 33, 0], [""N1660"", 169, 70, 267], [""는 모두 이마트의 상표입니다"", 194, 38, 0], [""노브랜드의 이념과실진"", 216, 27, 292], [""25.11.15"", 404, 65, 47]]"
000632,2025,12,28,2025-12-28,s1,스브산칼륨(모촌) | 도 안산시 단원구 시화로38(성곡동 | 80-5678 | 구입저 및 판매원 포장재질 내면:폴리에틸렌 | IO°C 이상에서 5분 이상 살균 | 안전관리인증 | 2025.12.28 HACCP | N1065,"[[""스브산칼륨(모촌)"", 16, 33, 110], [""도 안산시 단원구 시화로38(성곡동"", 36, 69, 116], [""80-5678"", 122, 41, 38], [""포장재질 내면:폴리에틸렌"", 128, 57, 225], [""구입저 및 판매원"", 154, 53, 15], [""IO°C 이상에서 5분 이상 살균"", 184, 65, 2], [""안전관리인증"", 336, 27, 451], [""HACCP"", 354, 30, 452], [""2025.12.28"", 402, 75, 164], [""N1065"", 474, 53, 414]]"
000633,2025,12,24,2025-12-24,s1,296 /C1 | 29 8 29 % 지방8g 탄수화를 348 101 | 랜스지방 0.5g 미만 포화지방 558 31 15 | 레스테를 30 Mg 10 % 단백질 7g | 3 | 열량에 따라 다를 수 있습니다 | 소비기한 | 2025.12.24까2 | 23 28 B3 | 2.580,"[[""탄수화를 348 101"", 45, 93, 213], [""296 /C1"", 26, 55, 314], [""29 8"", 44, 31, 15], [""29 %"", 46, 42, 139], [""지방8g"", 62, 56, 213], [""랜스지방 0.5g 미만"", 76, 37, 0], [""포화지방 558 31"", 106, 89, 209], [""레스테를 30 Mg 10 %"", 114, 50, 0], [""15"", 102, 20, 361], [""단백질 7g"", 132, 53, 206], [""열량에 따라 다를 수 있습니다"", 168, 32, 1], [""3"", 161, 20, 351], [""소비기한"", 312, 43, 0], [""2025.12.24까2"", 395, 51, 71], [""23 28 B3"", 432, 50, 65], [""2.580"", 558, 139, 0]]"
000634,2026,02,05,2026-02-05,s1,"20/199 | 투,기,사우, | 2026.02.05 | B3 김유나","[[""투,기,사우,"", 40, 83, 256], [""20/199"", 29, 50, 318], [""2026.02.05"", 430, 45, 152], [""B3"", 462, 37, 148], [""김유나"", 472, 41, 226]]"
000635,2026,02,21,2026-02-21,s1,양정보 8내용량 2459 | 륨8mg 탄수화물 100 OV 527 kCA1 229 20% | 류24 24% 지방 27950% | 프랜스지부 Og1 포화지방9960% | 클레스테 4M91% 단백6913 | 1일 영양성분 제에대한 비을/%)은2000 KCa기준02 | 개인의 필요 | 2025.08.22부터 | 2026.02.21까지 맛있는 약속 | 못말리는,"[[""8내용량 2459"", 188, 30, 221], [""100 OV 527 kCA1"", 206, 40, 196], [""양정보"", 231, 53, 0], [""탄수화물"", 232, 33, 174], [""229 20%"", 222, 31, 234], [""륨8mg"", 262, 48, 0], [""지방 27950%"", 254, 45, 136], [""24%"", 272, 37, 70], [""포화지방9960%"", 273, 48, 132], [""류24"", 288, 44, 0], [""Og1"", 294, 37, 75], [""프랜스지부"", 309, 39, 0], [""4M91% 단백6913"", 296, 75, 83], [""제에대한 비을/%)은2000 KCa기준02"", 314, 68, 92], [""클레스테"", 333, 42, 0], [""1일 영양성분"", 352, 39, 7], [""개인의 필요"", 367, 38, 8], [""2025.08.22부터"", 438, 78, 116], [""맛있는 약속"", 458, 43, 315], [""2026.02.21까지"", 473, 78, 127], [""못말리는"", 600, 49, 341]]"
000636,2026,03,09,2026-03-09,s1,투실당 | 2026.03.09.까2 | 한그릇,"[[""투실당"", 30, 64, 336], [""2026.03.09.까2"", 496, 95, 90], [""한그릇"", 908, 77, 0]]"
000637,2026,06,17,2026-06-17,s1,2026.06.171지2237.55 L1,"[[""2026.06.171지2237.55 L1"", 353, 110, 16]]"
000638,2026,06,16,2026-06-16,s1,접재요리 볶음요리 샤브샤브 등 | 실당면 | 2026.06.16지 06 36.45 L1,"[[""접재요리 볶음요리 샤브샤브 등"", 16, 35, 9], [""실당면"", 58, 82, 9], [""2026.06.16지 06 36.45 L1"", 398, 44, 89]]"
000639,2026,02,02,2026-02-02,s1,N615 | 소비기한: | 2026.02.02 | 까지 | ±3 | No Brand 쓸깃한 면발과 가쓰오 조미 | 메밀소,"[[""N615"", 80, 59, 300], [""소비기한:"", 280, 45, 92], [""2026.02.02"", 316, 33, 130], [""까지"", 350, 25, 341], [""±3"", 714, 69, 331], [""쓸깃한 면발과 가쓰오 조미"", 742, 65, 321], [""No Brand"", 776, 32, 183], [""메밀소"", 780, 114, 307]]"
000640,2026,02,08,2026-02-08,s1,기한 | 2026.02.08 | 까지,"[[""기한"", 337, 34, 0], [""2026.02.08"", 384, 85, 71], [""까지"", 385, 39, 414]]"
000641,2026,09,02,2026-09-02,s1,2026.09.02 | 까지B | 권장설취량 및 섭취방법 | 영양정보 담아우유를 부어드십시오 | 30g당 | 나트룸 110 9 | 탄수화물 26 9 8% | 당류 13 9 13% | 지방 1.3g 2% | 트랜스지방 09 | 포화지방 0.7g | 콜레스테를 0mg | 단백질 29 125 9 RAE 25 % 583 | 비타민A 0.3 mg | 비타민81 0.35 m9 | 비타민 B2 | 나이아신 3.75 0O NE | 비타민B6 038 22 25% | 25 09 | 275 OG-TE 25% | 25%,"[[""2026.09.02"", 401, 40, 188], [""까지B"", 431, 38, 186], [""권장설취량 및 섭취방법"", 546, 30, 138], [""담아우유를 부어드십시오"", 555, 36, 288], [""영양정보"", 594, 89, 155], [""8%"", 619, 29, 391], [""110 9"", 627, 40, 285], [""13%"", 640, 38, 388], [""30g당"", 642, 42, 178], [""26 9"", 651, 30, 301], [""2%"", 661, 33, 402], [""나트룸"", 664, 43, 182], [""13 9"", 675, 31, 308], [""탄수화물"", 685, 50, 190], [""1.3g"", 700, 39, 311], [""당류"", 710, 37, 210], [""09"", 722, 31, 328], [""지방"", 738, 37, 206], [""0.7g"", 747, 36, 326], [""트랜스지방"", 748, 54, 226], [""583"", 750, 33, 476], [""0mg"", 764, 35, 343], [""25"", 772, 25, 427], [""%"", 766, 25, 441], [""포화지방"", 776, 45, 235], [""29"", 787, 34, 348], [""콜레스테를"", 802, 59, 228], [""125 9 RAE"", 800, 66, 336], [""단백질"", 833, 52, 235], [""0.3 mg"", 828, 38, 345], [""비타민A"", 852, 57, 242], [""0.35 m9"", 853, 44, 344], [""비타민81"", 873, 64, 248], [""3.75 0O NE"", 874, 55, 354], [""25%"", 881, 38, 460], [""비타민 B2"", 892, 64, 255], [""038 22"", 901, 48, 360], [""나이아신"", 917, 65, 257], [""25 09"", 917, 37, 381], [""275 OG-TE 25%"", 923, 73, 371], [""25%"", 932, 37, 477], [""비타민B6"", 936, 49, 267]]"
000642,2026,09,01,2026-09-01,det5,2026.09.01 | 넘블 | 총내용량 4008 | 영양정보 100 당 495 kCa | 388 1일 영 ㅇ 오 양성 0 | 기씨 1008당 기준치에대한 | 글리 푼[설 나트륨 150 M9 8% | 탄수화물 65g 20 % | 당류 21g 21% | 지방 23g 43  % | 트랜스지방 og | H 36%,"[[""2026.09.01"", 288, 94, 178], [""넘블"", 457, 200, 0], [""총내용량 4008"", 542, 71, 218], [""영양정보"", 594, 84, 57], [""100 당 495 kCa"", 578, 71, 190], [""양성"", 603, 24, 318], [""1일"", 618, 30, 266], [""영"", 610, 21, 297], [""388"", 629, 28, 0], [""ㅇ"", 621, 12, 302], [""오"", 619, 14, 322], [""0"", 616, 14, 346], [""1008당"", 658, 42, 63], [""기준치에대한"", 645, 58, 206], [""기씨"", 666, 33, 0], [""8%"", 680, 44, 340], [""푼[설"", 698, 36, 0], [""나트륨"", 710, 40, 58], [""150 M9"", 700, 35, 168], [""글리"", 726, 35, 0], [""20"", 734, 37, 335], [""%"", 729, 32, 377], [""65g"", 748, 37, 187], [""탄수화물"", 756, 41, 55], [""21g"", 800, 43, 203], [""21%"", 784, 50, 345], [""당류"", 805, 42, 86], [""43 "", 838, 47, 348], [""%"", 832, 30, 389], [""지방"", 858, 39, 49], [""23g"", 854, 42, 144], [""트랜스지방"", 910, 46, 83], [""og"", 906, 43, 238], [""36%"", 934, 51, 358], [""H"", 955, 8, 150]]"
000643,2026,01,21,2026-01-21,s1,"rand 카국 지석 | O kcal) 2026.01.21 | 분말스프 중 | 0.6% | 분말스프,건더기스프를 개봉하여 넣은 다음 끊는 물을 | 후 뚜껑을 닫고 2분정도 지난 뒤 잘 저어 드시면 됩 | 의 스프를 첨가하여 나트륨(소금)섭취를 조절하십시오 | 내용/1640(230/Ca | 캐나다산),변성전분,정제소금(국산),옥수수기름옥 | 아,브라질등),규소수지],혼합제제(산도조절제,정제 | 베이스94.6%L-루담산나트/(항0증진제)고 U다※부정 Y량식품 신고는 국번이 1399 | 산),정제소금(국산),간장분말에이치비,덕스트린,멀 영양정보 총내용량 164 g 230 KCal | 축액(고칭분22%0상)65%멸치19%)1.엔00 총내용량당 1일 영양성분 기준치에 대한 비율 | E(중국산),산도조절제-건더기스프:별미튀김6회밀 나트룹 2.120 M9 106%탄수화물49 915%당류191% | 시아산)],건파(중국산),건당근,건미역,김후레이크 | 밀,대두,계란,새우,쇠고기,우유,아황산류 함유 0방1.8g3%트지방09포화지방090% | -525 소기한/ 벨도표기까지 클레스테롤0Mg0%/단백질509%","[[""카국"", 276, 295, 184], [""rand"", 168, 27, 0], [""지석"", 221, 123, 339], [""O kcal)"", 442, 46, 0], [""2026.01.21"", 450, 62, 139], [""분말스프 중"", 480, 63, 0], [""0.6%"", 517, 38, 0], [""분말스프,건더기스프를 개봉하여 넣은 다음 끊는 물을"", 613, 43, 1], [""후 뚜껑을 닫고 2분정도 지난 뒤 잘 저어 드시면 됩"", 643, 42, 5], [""의 스프를 첨가하여 나트륨(소금)섭취를 조절하십시오"", 672, 42, 3], [""내용/1640(230/Ca"", 706, 30, 91], [""캐나다산),변성전분,정제소금(국산),옥수수기름옥"", 730, 36, 14], [""아,브라질등),규소수지],혼합제제(산도조절제,정제"", 756, 39, 4], [""베이스94.6%L-루담산나트/(항0증진제)고"", 781, 38, 3], [""산),정제소금(국산),간장분말에이치비,덕스트린,멀"", 807, 38, 4], [""U다※부정 Y량식품 신고는 국번이 1399"", 801, 34, 340], [""축액(고칭분22%0상)65%멸치19%)1.엔00"", 832, 36, 3], [""영양정보"", 824, 31, 237], [""총내용량 164 g 230 KCal"", 836, 37, 390], [""E(중국산),산도조절제-건더기스프:별미튀김6회밀"", 858, 35, 4], [""총내용량당"", 850, 26, 236], [""1일 영양성분 기준치에 대한 비율"", 862, 39, 367], [""시아산)],건파(중국산),건당근,건미역,김후레이크"", 882, 36, 5], [""나트룹 2.120 M9 106%탄수화물49 915%당류191%"", 887, 45, 239], [""밀,대두,계란,새우,쇠고기,우유,아황산류 함유"", 909, 38, 10], [""0방1.8g3%트지방09포화지방090%"", 916, 43, 239], [""-525 소기한/ 벨도표기까지"", 930, 33, 2], [""클레스테롤0Mg0%/단백질509%"", 941, 36, 236]]"
000644,2027,03,11,2027-03-11,s1,커피 #달달한#당충전#홈카페 믹스커피 | 27.03.11 | 16.23,"[[""커피 #달달한#당충전#홈카페"", 156, 297, 111], [""믹스커피"", 256, 426, 249], [""27.03.11"", 568, 43, 106], [""16.23"", 617, 44, 137]]"
000645,2026,05,13,2026-05-13,s1,"2026-05-13 | LR133/03.51 | No Brand | 브랜드가 아니다.소비자다 | 수입원(주)이마트/ | 서울특별시 중구 세종 선 피하고 | 대로7길3기(순환독) 전화.02.380.56%8 늘봉 | 소비기한 용기 상단 주시고 개봉후 잘흔들어 | 별도 표시일까지 반드시냉장보관 | (년.월.일순) | 원재료명사과주스 | (사과퓨레,사관농축물), | 포도추스(정제수,폭로 | 당근농축액) | (망고퓨레,","[[""2026-05-13"", 394, 46, 95], [""LR133/03.51"", 427, 61, 91], [""No Brand"", 554, 45, 125], [""브랜드가 아니다.소비자다"", 573, 42, 128], [""선"", 686, 25, 376], [""피하고"", 678, 28, 416], [""늘봉"", 714, 40, 376], [""수입원(주)이마트/"", 698, 65, 123], [""잘흔들어"", 714, 33, 417], [""서울특별시 중구 세종"", 717, 72, 129], [""주시고"", 738, 27, 357], [""개봉후"", 734, 37, 413], [""대로7길3기(순환독)"", 738, 69, 133], [""반드시냉장보관"", 753, 38, 356], [""전화.02.380.56%8"", 755, 66, 137], [""소비기한 용기 상단"", 777, 59, 144], [""별도 표시일까지"", 801, 55, 147], [""(년.월.일순)"", 821, 50, 153], [""원재료명사과주스"", 836, 59, 155], [""(사과퓨레,사관농축물),"", 853, 66, 158], [""포도추스(정제수,폭로"", 870, 65, 162], [""당근농축액)"", 893, 45, 239], [""(망고퓨레,"", 910, 39, 248]]"
000646,2027,01,15,2027-01-15,s1,"irapefrui' | ""몽허니 15/01/2027","[[""irapefrui'"", 449, 41, 20], [""15/01/2027"", 490, 55, 138], [""\""몽허니"", 502, 24, 43]]"
000647,2026,08,19,2026-08-19,s1,"2026.08.19 | EROLZERC MOTZEROTR 제품명 스파클링터트 | 식품유형탄산음 | 소비기한경도는 | OLZERC 산,비타민C(영국산 원재료명 정제수 | ZERO 보관방법 B2 비E0/868 직 | 제조원 | R | 유통진","[[""2026.08.19"", 298, 37, 166], [""MOTZEROTR"", 602, 112, 84], [""제품명"", 606, 43, 277], [""스파클링터트"", 583, 58, 332], [""EROLZERC"", 651, 111, 81], [""식품유형탄산음"", 626, 86, 276], [""소비기한경도는"", 654, 95, 277], [""OLZERC"", 750, 104, 91], [""원재료명 정제수"", 687, 82, 281], [""산,비타민C(영국산"", 711, 84, 282], [""B2 비E0/868"", 813, 74, 287], [""직"", 822, 22, 368], [""ZERO"", 875, 96, 99], [""보관방법"", 844, 52, 292], [""제조원"", 881, 44, 292], [""R"", 924, 29, 233], [""유통진"", 922, 33, 296]]"
000648,2028,08,28,2028-08-28,s1,"X-UES 92020 | (이 | (%∠) | (%)2 (%E)97 | 융h울 밀,우유,대두함유 | 10| ,탄산 | 2028/08/2802 .글리세린 | 원산지: | t","[[""X-UES 92020"", 190, 72, 131], [""밀,우유,대두함유"", 324, 149, 348], [""(이"", 270, 49, 62], [""(%∠)"", 282, 39, 172], [""(%E)97"", 309, 46, 175], [""(%)2"", 342, 43, 45], ["",탄산"", 352, 51, 435], ["".글리세린"", 406, 71, 423], [""융h울"", 389, 38, 0], [""10|"", 402, 127, 94], [""원산지:"", 472, 64, 476], [""2028/08/2802"", 462, 113, 86], [""t"", 676, 65, 420]]"
000649,2022,09,22,2022-09-22,rot180,"CIAY 220922L55111 흐겨ㄴ거눔폼 |     | 2름(8S2)2응MT809 MYY)28 | SUSSPLCC(T | 누 | ""O, | 바문면","[[""220922L55111"", 53, 42, 101], [""흐겨ㄴ거눔폼"", 51, 32, 339], [""CIAY"", 72, 50, 0], [""   "", 200, 58, 0], [""2름(8S2)2응MT809 MYY)28"", 232, 48, 0], [""SUSSPLCC(T"", 308, 32, 356], [""누"", 362, 73, 323], [""\""O,"", 424, 30, 361], [""바문면"", 866, 75, 257]]"
000650,2026,08,05,2026-08-05,s1,단백 10918% | 수축필 OTHER | 스티커:PP E페트 | 신단로 128 | 2026.08.0512 | 1049 영양F3,"[[""단백 10918%"", 65, 24, 238], [""OTHER"", 138, 73, 448], [""수축필"", 139, 40, 440], [""스티커:PP"", 167, 60, 434], [""E페트"", 164, 35, 481], [""신단로 128"", 196, 72, 0], [""2026.08.0512"", 437, 39, 105], [""1049 영양F3"", 480, 47, 132]]"
000651,2026,06,25,2026-06-25,det5,SMO | 2026.06.25까2 | HEHLO,"[[""SMO"", 370, 96, 301], [""2026.06.25까2"", 436, 56, 99], [""HEHLO"", 516, 62, 210]]"
000652,2027,03,31,2027-03-31,s1,"보관하세요·입구 부분에 내용물이궁으면잘안 열릴 준있으니 | 사용 후'잘,닭아 뚜껑을 당아 주세요·보관 중 침전이 생길 수 | 있으나 알룰로스 고유의 성분으로 안심하고 드셔도 | 습니다.부정.불량 식품 신고는 국번J이 1399 | ·본 제품은 공정거래 위원회 고시 소비자 분쟁해결기준에 | 의거 교환 또는 보상 받을 수 있습니다. | 고객상담(수신자요금부담).080-023-3399 | 소비기한 | 2027.03.31.A 까지 | 영양정보 총내용량 490g 100당 39 /Cal | 나트륨 5mg 0%지방 08 0% | 탄수화물 75 823% 트랜스지방 0 | 당류 28 2% 포화지방 08 0% | 당알콜 48 콜레스테롤 omg 0% | 2P로오스 62 8 단백질 08 0% | 개인의 필요 열량에 따라 다를 수 있습니다.","[[""보관하세요·입구 부분에 내용물이궁으면잘안 열릴 준있으니"", 145, 58, 11], [""사용 후'잘,닭아 뚜껑을 당아 주세요·보관 중 침전이 생길 수"", 183, 62, 14], [""있으나 알룰로스 고유의 성분으로 안심하고 드셔도"", 222, 50, 15], [""습니다.부정.불량 식품 신고는 국번J이 1399"", 262, 48, 31], [""·본 제품은 공정거래 위원회 고시 소비자 분쟁해결기준에"", 300, 44, 27], [""의거 교환 또는 보상 받을 수 있습니다."", 337, 40, 27], [""고객상담(수신자요금부담).080-023-3399"", 377, 38, 39], [""소비기한"", 434, 42, 36], [""2027.03.31.A"", 478, 47, 140], [""까지"", 492, 43, 423], [""영양정보"", 563, 79, 27], [""총내용량 490g 100당 39 /Cal"", 575, 48, 179], [""나트륨"", 630, 40, 37], [""5mg 0%지방"", 634, 44, 136], [""08 0%"", 631, 50, 365], [""탄수화물"", 672, 43, 34], [""75 823%"", 677, 40, 127], [""트랜스지방"", 678, 39, 260], [""0"", 674, 41, 363], [""당류"", 715, 42, 43], [""28 2%"", 719, 42, 133], [""포화지방"", 721, 40, 260], [""08"", 718, 39, 368], [""0%"", 714, 36, 431], [""당알콜"", 757, 48, 40], [""48"", 764, 41, 129], [""콜레스테롤"", 765, 42, 254], [""omg 0%"", 758, 50, 367], [""2P로오스 62 8"", 804, 64, 36], [""단백질"", 806, 44, 251], [""08 0%"", 800, 45, 368], [""개인의 필요 열량에 따라 다를 수 있습니다."", 880, 48, 35]]"
000653,2027,01,19,2027-01-19,s1,제조번호 2034748 | 사용기한: 2027.01.19,"[[""2034748"", 461, 49, 192], [""제조번호"", 474, 41, 23], [""2027.01.19"", 500, 56, 196], [""사용기한:"", 530, 41, 29]]"
000654,2028,07,02,2028-07-02,s1,[미액리품)보피순면거버내추일 | Unlab | 2028.07.02.까지 | 250703G b05298,"[[""[미액리품)보피순면거버내추일"", 306, 67, 240], [""Unlab"", 340, 47, 348], [""2028.07.02.까지"", 388, 103, 69], [""250703G b05298"", 445, 106, 40]]"
000655,2026,08,27,2026-08-27,s1,영양정보 100 g당 568 k | E JUNng34%탄탑수화물 339 10%담류 169 16 | 방4/74%트랜스지방 0g포화지방 3g 20% | 클레스를 Omg 0% 단백질.199.35% | 준이로 개인의 필요 열량에 따라 다를 '수 있습니다. | 소비기 | 2026.08.27 B252 F2,"[[""영양정보"", 35, 58, 0], [""100 g당 568 k"", 40, 55, 324], [""E JUNng34%탄탑수화물 339 10%담류 169 16"", 92, 56, 0], [""방4/74%트랜스지방 0g포화지방 3g 20%"", 142, 51, 1], [""클레스를 Omg 0%"", 187, 40, 1], [""단백질.199.35%"", 194, 48, 188], [""준이로 개인의 필요 열량에 따라 다를 '수 있습니다."", 276, 75, 2], [""소비기"", 310, 45, 0], [""2026.08.27"", 410, 70, 54], [""B252 F2"", 424, 57, 239]]"
000656,2026,09,04,2026-09-04,s1,총 내용량 40g | 115 kCal | 1일 영양성분 | 기준치에 대한 비율 | ng 38% | 3% | 10% | 5% | Dongwon OTHER | 8% | mg 22% | 12.0 22% | 비율(%)은 2.000kCal | 따라 다를 수 있습니다 8801047/183655 | 2026.09.04 4 HJC,"[[""총 내용량 40g"", 30, 33, 49], [""115 kCal"", 60, 30, 111], [""1일 영양성분"", 91, 38, 73], [""기준치에 대한 비율"", 122, 34, 19], [""38%"", 152, 30, 147], [""ng"", 160, 20, 0], [""3%"", 180, 29, 162], [""10%"", 209, 30, 151], [""5%"", 236, 31, 165], [""Dongwon"", 268, 31, 276], [""OTHER"", 266, 23, 428], [""8%"", 290, 27, 169], [""mg"", 325, 22, 5], [""22%"", 317, 24, 161], [""12.0"", 350, 23, 1], [""22%"", 343, 26, 161], [""비율(%)은 2.000kCal"", 374, 37, 0], [""8801047/183655"", 387, 25, 282], [""따라 다를 수 있습니다"", 398, 36, 6], [""4 HJC"", 506, 55, 337], [""2026.09.04"", 519, 64, 96]]"
000657,2026,07,27,2026-07-27,s1,렌스지방 8g | 화지방 19 4% 11 | 스테를 1e mg 3% 89 | 질 50 7% 24 | 2026.07.27까지,"[[""렌스지방"", 80, 49, 0], [""8g"", 84, 37, 169], [""화지방"", 127, 46, 0], [""19"", 130, 39, 172], [""4%"", 133, 40, 279], [""11"", 140, 39, 495], [""스테를"", 172, 45, 2], [""1e mg"", 173, 42, 134], [""3%"", 174, 41, 282], [""89"", 180, 40, 500], [""질"", 218, 37, 4], [""50"", 216, 30, 175], [""7%"", 216, 35, 287], [""24"", 221, 36, 495], [""2026.07.27까지"", 490, 72, 97]]"
000658,2026,01,16,2026-01-16,s1,2026.01.16 D2.617,"[[""2026.01.16 D2.617"", 503, 93, 80]]"
000659,2026,08,24,2026-08-24,s1,Flavor | SWEET! | 2026.08.24 | 까지 | 804433 103688 | MADE IN KOREA | 소비자 안전관리인증 | 중심 HACCP,"[[""Flavor"", 102, 165, 50], [""SWEET!"", 245, 148, 131], [""2026.08.24"", 490, 53, 88], [""까지"", 550, 31, 410], [""103688"", 714, 39, 301], [""804433"", 732, 38, 178], [""MADE IN KOREA"", 782, 66, 170], [""안전관리인증"", 834, 43, 419], [""소비자"", 859, 30, 271], [""HACCP"", 859, 47, 423], [""중심"", 881, 24, 293]]"
000660,2026,02,28,2026-02-28,s1,니다. | 영양정보 | 나트륨 150 Mg 8% 지방 19g | 35% | 탄수화물 100 8 31% 트랜스지방 og | 당류 33g 33% 포화지방 14g 93% | 콜레스테롤 15 mg 5% 단백질 6g 11% | 2026.02.28까지B20.35 | 기한 까지 | 801728 108830 | MADE IN KOREA | 안전관리인증,"[[""니다."", 95, 40, 6], [""영양정보"", 153, 72, 2], [""8%"", 210, 33, 219], [""지방 19g"", 216, 61, 273], [""나트륨"", 218, 44, 1], [""150 Mg"", 215, 36, 89], [""35%"", 247, 47, 455], [""탄수화물"", 266, 43, 2], [""100 8"", 262, 38, 109], [""31%"", 259, 36, 212], [""트랜스지방"", 265, 50, 299], [""og"", 278, 43, 412], [""당류 33g"", 312, 41, 19], [""33%"", 308, 36, 207], [""포화지방"", 311, 48, 298], [""14g 93%"", 327, 56, 394], [""15 mg"", 358, 37, 130], [""5%"", 356, 33, 220], [""단백질 6g"", 360, 54, 275], [""콜레스테롤"", 360, 43, 4], [""11%"", 378, 33, 473], [""2026.02.28까지B20.35"", 542, 49, 145], [""기한"", 603, 40, 37], [""까지"", 608, 40, 453], [""801728"", 795, 34, 153], [""108830"", 802, 32, 317], [""MADE IN KOREA"", 863, 38, 184], [""안전관리인증"", 932, 25, 410]]"
000661,2026,04,17,2026-04-17,s1,SNEFI! | 영양정보 총 내용량 140 9 615 KCA | 나트룹 200 Mg 10% 지방 24g 44% | 탄수화물 93829% 트랜스지방 0.5g미만 | 당류 488 48% 포화지방 12 8 80% | 콜레스테롤20mg 7% 단백질 | 79 13% | 2026.04.17까지A10.04 | 소비 | 기한 | 1801728/108748 | HACCP,"[[""SNEFI!"", 40, 91, 147], [""총 내용량 140 9 615 KCA"", 158, 92, 192], [""영양정보"", 146, 62, 17], [""10%"", 194, 37, 181], [""지방"", 198, 44, 255], [""나트룹 200 Mg"", 198, 53, 6], [""24g 44%"", 220, 52, 383], [""93829%"", 236, 44, 108], [""탄수화물"", 239, 44, 6], [""트랜스지방 0.5g미만"", 256, 62, 282], [""488 48%"", 276, 48, 113], [""당류"", 280, 43, 23], [""포화지방 12 8 80%"", 296, 66, 279], [""콜레스테롤20mg"", 319, 45, 1], [""7%"", 320, 29, 186], [""단백질"", 322, 35, 255], [""79 13%"", 345, 50, 394], [""2026.04.17까지A10.04"", 525, 52, 112], [""소비"", 550, 40, 27], [""기한"", 586, 39, 31], [""1801728/108748"", 751, 32, 158], [""HACCP"", 838, 22, 413]]"
000662,2026,03,11,2026-03-11,s1,"화지방 15g | 레스테롤 1mg | 난백질 3g | 일영양성분 기준 치에 대한 비율(%)은 2,0 | /준이므로 개안의 필요 열량에 따라 다를수 | 소비기한 | 2026.03.11까지 | 까지 | ©SAIVIG.","[[""15g"", 62, 62, 306], [""화지방"", 82, 67, 77], [""1mg"", 126, 55, 309], [""레스테롤"", 144, 75, 64], [""3g"", 188, 61, 303], [""난백질"", 206, 53, 57], [""일영양성분 기준 치에 대한 비율(%)은 2,0"", 254, 73, 53], [""/준이므로 개안의 필요 열량에 따라 다를수"", 305, 64, 49], [""소비기한"", 412, 41, 46], [""2026.03.11까지"", 491, 48, 145], [""까지"", 580, 29, 411], [""©SAIVIG."", 804, 43, 168]]"
000663,2026,02,10,2026-02-10,s1,25.09.11 부터 | 26.02.10 까지 | 20.20 A04,"[[""25.09.11"", 456, 47, 107], [""부터"", 455, 56, 407], [""26.02.10"", 500, 43, 110], [""까지"", 505, 46, 409], [""20.20 A04"", 540, 51, 110]]"
000664,2026,02,20,2026-02-20,s1,유지를위해 질소충전 포장을 하였습니다. OTHER | 전관리인증 | CCP | 18010431044400 | 2026.02.202 | 안양2B15김지선 011 | 영양정보 총내용량 709 350 kCa | 1트룹 480 Mg 24% 탄수화물 479/158 | 당류6g6% 지방 16 9 30% | 지방 09 4498% | 5mg미만 1% 단백2 | 있습니다,"[[""유지를위해 질소충전 포장을 하였습니다."", 41, 64, 8], [""OTHER"", 19, 35, 424], [""전관리인증"", 164, 32, 0], [""CCP"", 198, 44, 0], [""18010431044400"", 289, 43, 189], [""2026.02.202"", 430, 55, 68], [""안양2B15김지선 011"", 474, 57, 72], [""총내용량 709"", 605, 80, 378], [""영양정보"", 661, 124, 0], [""350 kCa"", 638, 69, 414], [""479/158"", 682, 75, 412], [""탄수화물"", 708, 52, 290], [""1트룹 480 Mg 24%"", 724, 55, 0], [""당류6g6%"", 769, 38, 0], [""지방 16 9 30%"", 758, 57, 166], [""지방 09"", 802, 27, 81], [""4498%"", 790, 80, 412], [""5mg미만 1%"", 836, 34, 157], [""단백2"", 833, 46, 344], [""있습니다"", 867, 54, 445]]"
000665,2026,03,25,2026-03-25,s1,고환 제조원 및 구입처 나트륨 제용량당 1일 영양성분기준 에 대한내 | 직사광선을 피하여 건조하고 탄수화물 | 서늘한 곳에 실온보관 당류 269 | 사용한 제품과 같은 제조시설에서 제조 은 알레르기 발생 가능성이 있는 토마토 트랜스지방 209 | 포화지방 0g | 니다.개봉시 포장재 절단면이 날카 콜레스테롤 | !으니 주의하세요 45 M9 15% | 39 5% | 죽은 공정거래위원회 고시 소비자분쟁 19영9성분기준/매한8(0은20Nd | 에의거 교환 또는 보상받을 수 있습니다. 기준이므로 개인의 필요 열량에 따라 대를 수 있습다. | 불량식품 신고는 국번없0 1399 | 의 신선도를 유지하기 위해 넣은 선도 | 는 드시지 마십시오 | 2026.03.25,"[[""제조원 및 구입처"", 16, 35, 42], [""제용량당 1일 영양성분기준 에 대한내"", 32, 67, 366], [""고환"", 26, 33, 0], [""나트륨"", 32, 29, 345], [""직사광선을 피하여 건조하고"", 51, 48, 9], [""탄수화물"", 65, 36, 337], [""서늘한 곳에 실온보관"", 83, 48, 12], [""당류"", 86, 30, 341], [""269"", 94, 32, 428], [""은 알레르기 발생 가능성이 있는 토마토"", 120, 56, 0], [""트랜스지방"", 137, 34, 346], [""209"", 136, 29, 431], [""사용한 제품과 같은 제조시설에서 제조"", 150, 56, 0], [""포화지방"", 157, 33, 345], [""0g"", 156, 27, 439], [""니다.개봉시 포장재 절단면이 날카"", 182, 57, 0], [""콜레스테롤"", 182, 30, 344], [""45 M9 15%"", 202, 40, 428], [""!으니 주의하세요"", 213, 40, 1], [""19영9성분기준/매한8(0은20Nd"", 242, 45, 345], [""39 5%"", 229, 34, 444], [""죽은 공정거래위원회 고시 소비자분쟁"", 243, 52, 0], [""기준이므로 개인의 필요 열량에 따라 대를 수 있습다."", 259, 43, 345], [""에의거 교환 또는 보상받을 수 있습니다."", 274, 43, 0], [""불량식품 신고는 국번없0 1399"", 306, 39, 0], [""의 신선도를 유지하기 위해 넣은 선도"", 337, 41, 0], [""는 드시지 마십시오"", 372, 36, 0], [""2026.03.25"", 510, 39, 112]]"
000666,2029,01,08,2029-01-08,rot270,208/290108 | 8,"[[""208/290108"", 281, 158, 427], [""8"", 385, 16, 432]]"
000667,2026,06,22,2026-06-22,s1,HACCP | 식품의약품인전처 | 2025.09.23 | 부터 | 2026.06.22 | 까지 맛있는 약속,"[[""HACCP"", 312, 45, 64], [""식품의약품인전처"", 379, 28, 74], [""2025.09.23"", 449, 52, 87], [""부터"", 476, 29, 317], [""2026.06.22"", 506, 53, 90], [""까지"", 529, 28, 319], [""맛있는 약속"", 527, 31, 372]]"
000668,2026,04,30,2026-04-30,s1,소비기한 | 2026.4.30 영9 | A5203270510 | 성향료(바,"[[""소비기한"", 485, 37, 48], [""영9"", 518, 39, 496], [""2026.4.30"", 536, 56, 137], [""A5203270510"", 574, 57, 158], [""성향료(바"", 704, 45, 384]]"
000669,2026,09,02,2026-09-02,s1,SALTINE' CRACKERS | 2025.09.03.14 | 2026.09.02 까지 | 맛있는 약속,"[[""SALTINE' CRACKERS"", 286, 51, 106], [""2025.09.03.14"", 462, 57, 106], [""까지"", 517, 30, 385], [""2026.09.02"", 536, 55, 114], [""맛있는 약속"", 542, 33, 429]]"
000670,2026,06,24,2026-06-24,erode5,잇어 경 | 25.09.25 | 26.06.24P,"[[""잇어 경"", 105, 50, 8], [""25.09.25"", 445, 66, 8], [""26.06.24P"", 489, 68, 13]]"
000671,2026,03,31,2026-03-31,s1,소비 2025.10.01/17.15 부터 | 기한 2026.03.31/4 까지 | 입니다 http://www.orionworld.com,"[[""소비"", 421, 48, 1], [""2025.10.01/17.15"", 458, 67, 135], [""기한"", 466, 48, 0], [""부터"", 470, 53, 465], [""2026.03.31/4"", 498, 64, 130], [""까지"", 516, 54, 459], [""입니다"", 584, 38, 46], [""http://www.orionworld.com"", 619, 54, 210]]"
000672,2026,02,08,2026-02-08,s1,포화시호3 | 클래스테롤10mg | 단백질5g | 객지원센터 020-024-6060 비닐류 | 자요금부담 | OTHER | 1801062641826 | 26.02.08 F4C3 | 까지 | 품질관리하에 제조되었습니다.,"[[""포화시호3"", 11, 26, 58], [""클래스테롤10mg"", 35, 71, 40], [""단백질5g"", 74, 62, 49], [""객지원센터"", 194, 97, 54], [""비닐류"", 208, 32, 337], [""020-024-6060"", 228, 74, 72], [""자요금부담"", 254, 47, 106], [""OTHER"", 260, 26, 326], [""1801062641826"", 421, 42, 116], [""26.02.08 F4C3"", 516, 54, 104], [""까지"", 534, 41, 457], [""품질관리하에 제조되었습니다."", 614, 33, 102]]"
000673,2026,06,02,2026-06-02,erode5,선울 피해 서늘한 | 증이 발생합 수있 | 현상으로 안심하 | 관하시고 유치 | 2 겨람 메일 땅콩 고등 | 토마토 아황산류 호무 | 류굴 전복 홍합모항.잣물 | 에서 지조하고 있습니다 | 고서 소비자문쟁해결기준 | 실수 있습니다 | 1393 | 2026.06.02,"[[""선울 피해 서늘한"", 52, 43, 127], [""증이 발생합 수있"", 90, 43, 123], [""현상으로 안심하"", 126, 45, 137], [""관하시고 유치"", 244, 47, 81], [""2 겨람 메일 땅콩 고등"", 280, 67, 36], [""토마토 아황산류 호무"", 319, 62, 49], [""류굴 전복 홍합모항.잣물"", 356, 65, 49], [""에서 지조하고 있습니다"", 392, 57, 97], [""고서 소비자문쟁해결기준"", 424, 59, 171], [""실수 있습니다"", 465, 50, 219], [""1393"", 505, 28, 265], [""2026.06.02"", 624, 113, 118]]"
000674,2026,06,02,2026-06-02,s1,연미 BIo | 귀리 Oats | 백미 White | 난소화성밀 | 단백질11 | 희원 10190 002 | 소비 26.06.02 | 기한 | LT5 까지,"[[""연미 BIo"", 13, 29, 391], [""귀리"", 58, 47, 392], [""Oats"", 54, 31, 464], [""백미"", 184, 51, 400], [""White"", 188, 29, 479], [""난소화성밀"", 252, 47, 404], [""단백질11"", 364, 54, 404], [""희원"", 418, 35, 16], [""10190 002"", 402, 26, 445], [""26.06.02"", 494, 61, 198], [""소비"", 508, 34, 2], [""기한"", 538, 33, 5], [""까지"", 538, 32, 484], [""LT5"", 553, 36, 86]]"
000675,2028,06,03,2028-06-03,s1,사골육수 음의 갚고담이 | CA L523B 11.01 | 03-06-2028 | %T OT A1 BYOC %060 %91 627,"[[""사골육수"", 122, 240, 259], [""음의 갚고담이"", 94, 170, 375], [""CA L523B 11.01"", 370, 47, 120], [""03-06-2028"", 407, 45, 122], [""%T OT A1"", 889, 141, 52], [""%060"", 915, 88, 276], [""%91 627"", 913, 92, 317], [""BYOC"", 922, 75, 238]]"
000676,2026,06,10,2026-06-10,s1,2026.06.10까2.04.46.13L1,"[[""2026.06.10까2.04.46.13L1"", 380, 82, 52]]"
000677,2027,08,17,2027-08-17,s1,조리 | 2027.08.17 4분 | e 까지 | 수#멸치국수#비빙국수 | 800 kCAl,"[[""조리"", 374, 51, 489], [""4분"", 412, 73, 490], [""2027.08.17"", 438, 65, 108], [""까지"", 498, 59, 175], [""e"", 521, 58, 4], [""수#멸치국수#비빙국수"", 655, 56, 3], [""800 kCAl"", 870, 77, 0]]"
000678,2026,07,24,2026-07-24,s1,"명반나트륨), 정제소금,가수문 | 옥수수,밀),탄산나트륨,향소 | 말, s 효모추출물, 변성전분,5'리 | 티드이나트륨, 물,카라멜색소|,초산 | 추추출물 밀,우유,대두,토 | 폴리에틸렌(내포장) 원 | LONE | V409 는 모두 이마트의 | 노ECY과실천 | 2026.7.24 | 3210","[[""명반나트륨),"", 19, 34, 138], [""정제소금,가수문"", 38, 78, 320], [""옥수수,밀),탄산나트륨,향소"", 70, 113, 190], [""말, s"", 96, 27, 156], [""효모추출물,"", 94, 43, 196], [""변성전분,5'리"", 120, 85, 342], [""티드이나트륨,"", 133, 41, 148], [""물,카라멜색소|,초산"", 156, 90, 284], [""추추출물"", 170, 42, 138], [""밀,우유,대두,토"", 207, 82, 313], [""폴리에틸렌(내포장)"", 232, 69, 128], [""LONE"", 237, 68, 46], [""원"", 258, 31, 420], [""V409"", 308, 80, 25], [""노ECY과실천"", 346, 49, 24], [""는 모두 이마트의"", 370, 47, 422], [""2026.7.24"", 482, 111, 114], [""3210"", 591, 69, 171]]"
000679,2027,09,17,2027-09-17,s1,주의사항 하십시오. 당전을 피하지고 실온에 보관 | 제조원 연암율금로 42/ | 고객상담실:(080)225-1383 | 전문 | (순화동)/(02)380-5678 | 번호 20090449018240 | 및 교환처:구입처 및 제조원 | 소비기한 | 2027.09.17 까지 | 804645 006746,"[[""주의사항"", 23, 37, 9], [""하십시오."", 25, 35, 137], [""당전을 피하지고 실온에 보관"", 12, 26, 264], [""제조원"", 88, 35, 21], [""연암율금로 42/"", 92, 34, 138], [""고객상담실:(080)225-1383"", 120, 31, 141], [""전문"", 156, 28, 70], [""(순화동)/(02)380-5678"", 184, 29, 142], [""번호"", 214, 26, 84], [""20090449018240"", 216, 26, 137], [""및 교환처:구입처 및 제조원"", 260, 31, 55], [""소비기한"", 476, 31, 18], [""2027.09.17"", 540, 38, 149], [""까지"", 555, 32, 480], [""804645"", 874, 28, 183], [""006746"", 870, 26, 306]]"
000680,2025,10,15,2025-10-15,s1,비닐류 | OTHER | 인민관4인중 | HACCP | 8 809117 0217.39 | 소비기한 | 2025.10.15 까지,"[[""비닐류"", 67, 32, 433], [""OTHER"", 125, 34, 411], [""인민관4인중"", 182, 20, 415], [""HACCP"", 203, 26, 413], [""809117"", 255, 35, 71], [""0217.39"", 248, 38, 240], [""8"", 260, 21, 21], [""소비기한"", 370, 51, 19], [""2025.10.15"", 556, 88, 54], [""까지"", 549, 48, 452]]"
000681,2026,01,09,2026-01-09,s1,2026.01.09.11.25171 V2 | 게 맛있는 운,"[[""V2"", 506, 29, 444], [""2026.01.09.11.25171"", 516, 57, 54], [""운"", 730, 229, 323], [""게 맛있는"", 683, 66, 0]]"
000682,2026,01,25,2026-01-25,s2,2026.01.25.12.420M1.U1 | 그부드러운 갈,"[[""갈"", 677, 337, 273], [""그부드러운"", 639, 53, 3], [""2026.01.25.12.420M1.U1"", 476, 59, 35]]"
000683,2026,03,11,2026-03-11,s1,Korean Style Beef Soup | 2026.03.11 A | 00105 090406 | 까지,"[[""Korean Style Beef Soup"", 308, 39, 94], [""2026.03.11 A"", 470, 57, 72], [""00105 090406"", 521, 42, 54], [""까지"", 586, 61, 438]]"
000684,2026,03,23,2026-03-23,s1,2026.03.23 | 03815 193648 | 까지,"[[""2026.03.23"", 494, 67, 71], [""03815 193648"", 542, 63, 77], [""까지"", 577, 54, 415]]"
000685,2026,05,28,2026-05-28,s1,2026.05.28B | 00126 1322 | 까지 | STE | 탕 우려내,"[[""2026.05.28B"", 412, 47, 64], [""00126 1322"", 441, 31, 106], [""까지"", 470, 51, 455], [""STE"", 716, 29, 0], [""탕"", 864, 191, 0], [""우려내"", 902, 33, 298]]"
000686,2025,10,12,2025-10-12,s2,우려가 있으니 섭취 시 주의하시기 바랍니다.-실조 | -조리방법:중간불에서 가열 조리 후 섭취 | 영양정보 | 나트륨 600Mg.30% 탄수화물 | 지방 4.999% 트랜스지방 09 | 콜레스테를 40Mg 13% 단백 | 1일 영양성분 기준치에 대한 비을.(%)은 2.00Oa1기준00로 | 81180914811993278 | 제조일자 소비기한 | 2025.10.03.2025.10.12까지 | 반품 및 교환처:구입처 및 제조원,"[[""영양정보"", 112, 53, 18], [""탄수화물"", 165, 40, 411], [""나트륨"", 175, 40, 27], [""600Mg.30%"", 171, 40, 130], [""단백"", 252, 44, 483], [""콜레스테를 40Mg 13%"", 260, 49, 39], [""소비기한"", 472, 36, 339], [""제조일자"", 481, 36, 61], [""반품 및 교환처:구입처 및 제조원"", 605, 41, 39], [""우려가 있으니 섭취 시 주의하시기 바랍니다.-실조"", 16, 31, 5], [""-조리방법:중간불에서 가열 조리 후 섭취"", 49, 39, 8], [""지방 4.999% 트랜스지방 09"", 214, 53, 33], [""1일 영양성분 기준치에 대한 비을.(%)은 2.00Oa1기준00로"", 302, 45, 17], [""81180914811993278"", 424, 46, 49], [""2025.10.03.2025.10.12까지"", 536, 45, 35]]"
000687,2025,10,17,2025-10-17,s1,"개봉시 원 | 용도 | 냉 | 쇠고기/탑블레이드,앞다20100% | 식품유형:포장육 |   803000317683 | 2025년 10월 17일 까지 한 | HACCP 비닐류 | 냉장보관 OTHER OTHER | 라벨:PP","[[""개봉시 원"", 71, 54, 442], [""용도"", 182, 47, 475], [""냉"", 232, 42, 513], [""쇠고기/탑블레이드,앞다20100%"", 336, 64, 65], [""식품유형:포장육"", 396, 65, 63], ["" "", 526, 151, 70], [""803000317683"", 484, 50, 135], [""2025년 10월 17일"", 570, 54, 128], [""까지"", 571, 28, 376], [""한"", 583, 24, 483], [""HACCP"", 688, 23, 81], [""비닐류"", 684, 25, 357], [""냉장보관"", 728, 32, 178], [""OTHER OTHER"", 725, 26, 258], [""라벨:PP"", 746, 26, 342]]"
000688,2025,11,10,2025-11-10,s1,gs | 이미지 사진 | 소비기한: 2025.11.10 까지 | 년한계란,"[[""gs"", 264, 55, 0], [""이미지 사진"", 382, 33, 414], [""까지"", 448, 25, 485], [""2025.11.10"", 472, 35, 190], [""소비기한:"", 487, 31, 5], [""년한계란"", 662, 36, 5]]"
000689,2025,10,27,2025-10-27,s1,영양정 | 1일 영양성분 | 총 내용량당 기준치에 대한 비를 | 나트를 660 Mg 33% ulbel | 탈수화물 8g 2% | 당류4g 4% | 11g 20% | 2랜스지방09 | 표지방 3.4g 23% | 콜레스테롤 50mg 17% | 단백질 12g 22% | 열량에 따라 다를 수 있습니다. | 고객행복센터 080-850-1200 | 소중한 의견을 기다립니다 1666-54/1(문자) | 25.10.27.까지B,"[[""영양정"", 17, 39, 116], [""1일 영양성분"", 24, 21, 287], [""기준치에 대한 비를"", 41, 33, 240], [""총 내용량당"", 51, 45, 117], [""33%"", 65, 30, 334], [""ulbel"", 56, 22, 464], [""나트를 660 Mg"", 80, 52, 120], [""2%"", 98, 31, 343], [""탈수화물 8g"", 110, 45, 129], [""4%"", 130, 29, 343], [""당류4g"", 143, 37, 138], [""20%"", 155, 29, 336], [""11g"", 176, 33, 157], [""2랜스지방09"", 199, 51, 148], [""23%"", 206, 30, 338], [""표지방 3.4g"", 222, 50, 136], [""17%"", 235, 29, 340], [""콜레스테롤 50mg"", 249, 52, 115], [""22%"", 266, 32, 340], [""단백질 12g"", 282, 45, 109], [""열량에 따라 다를 수 있습니다."", 350, 50, 102], [""고객행복센터"", 400, 34, 145], [""080-850-1200"", 392, 20, 304], [""1666-54/1(문자)"", 414, 22, 308], [""소중한 의견을 기다립니다"", 422, 29, 144], [""25.10.27.까지B"", 544, 89, 81]]"
000690,2025,10,11,2025-10-11,s1,메가피자불고기버 | 2025.10.08.01시.부8 | 2025.10.11.22시/.까지 | 880106892402222211 | 세븐/1/F1/C35 | 6U 0007 | (0/YN)2/GS8-68 0091  6U 0881 Y표,"[[""메가피자불고기버"", 352, 59, 115], [""2025.10.08.01시.부8"", 396, 57, 97], [""2025.10.11.22시/.까지"", 442, 59, 96], [""880106892402222211"", 632, 73, 103], [""세븐/1/F1/C35"", 668, 81, 114], [""6U 0007"", 765, 55, 375], [""(0/YN)2/GS8-68"", 858, 205, 242], [""Y표"", 872, 153, 433], [""0091"", 844, 47, 330], ["" 6U 0881"", 870, 113, 408]]"
000691,2026,09,22,2026-09-22,s1,GAERS | HKIERS T | SNIGKERS 180 2360 | 자뉴' | 25.09.23/07.31 부터 | 까지 | 26.09.22/F3 | 갱 Milka | 연.양 연 양캠,"[[""GAERS"", 19, 38, 156], [""HKIERS"", 52, 39, 171], [""T"", 76, 71, 463], [""SNIGKERS"", 96, 85, 41], [""180 2360"", 125, 26, 284], [""자뉴'"", 186, 34, 87], [""부터"", 479, 53, 416], [""25.09.23/07.31"", 476, 61, 74], [""까지"", 519, 52, 411], [""26.09.22/F3"", 526, 56, 79], [""Milka"", 613, 89, 477], [""갱"", 600, 20, 381], [""연.양"", 635, 24, 155], [""연 양캠"", 638, 31, 322]]"
000692,2026,08,21,2026-08-21,s1,"9 | OTEIN BAR | 1 단백질 | 호리온 | 유성 | 우유,땅 | 26.08.21 B | name","[[""9"", 76, 49, 97], [""OTEIN"", 122, 71, 0], [""BAR"", 128, 27, 94], [""1 단백질"", 160, 22, 2], [""호리온"", 219, 26, 470], [""유성"", 342, 29, 367], [""우유,땅"", 376, 84, 422], [""26.08.21 B"", 501, 56, 164], [""name"", 844, 43, 71]]"
000693,2026,09,01,2026-09-01,s1,"BCA 2,000 M9 | 닥터유 프로 단백질바 크런치 70 | 온)닥터유PRO단백 | W2.700 | un | 애너지바기 Post 16 | 25.09.02/04.33 부터 | 26.09.01/F3 까지 | Ghama | Mika","[[""BCA 2,000 M9"", 16, 34, 71], [""닥터유 프로 단백질바 크런치 70"", 34, 54, 46], [""온)닥터유PRO단백"", 126, 51, 0], [""un"", 160, 27, 499], [""W2.700"", 162, 43, 23], [""16"", 209, 61, 466], [""Post"", 210, 48, 401], [""애너지바기"", 259, 48, 153], [""부터"", 434, 33, 392], [""25.09.02/04.33"", 450, 50, 90], [""까지"", 468, 38, 389], [""26.09.01/F3"", 493, 54, 92], [""Ghama"", 686, 62, 131], [""Mika"", 842, 107, 321]]"
000694,2015,09,10,2015-09-10,rot90,"221길 25 내포장재질 폴리에틸렌 | 품목보고번호 219690086003670 | 코코아매스),코코아버터(외국산;말레이시아,싱가 | 가공유지I,코코아매스II(코코아빈;베네수엘라산) | 우유,대두 함유 | 열,유통 중 변질품은 구입상점 및 본사에서 교환 | 량식품 신고는 국번없0 1399.밀.달갈.땅콩.돼지고기 | 얀 반점이 생길 수 있으나,인체에 무해하니 드셔도 괜찮 | 밝은 마음 내용량 70 9 385 kCAl 롯데웰푸드 SUSTAINABLE CACAO사용 프로잭 착한 카카오 | 12%/당류 38 9 38 % | 21포화방 15 9.100 % | 9% | 8801062636822","[[""폴리에틸렌"", 87, 40, 260], [""221길 25 내포장재질"", 106, 51, 34], [""219690086003670"", 115, 45, 248], [""품목보고번호"", 130, 42, 138], [""코코아매스),코코아버터(외국산;말레이시아,싱가"", 156, 66, 50], [""가공유지I,코코아매스II(코코아빈;베네수엘라산)"", 182, 65, 53], [""우유,대두 함유"", 202, 43, 323], [""SUSTAINABLE CACAO사용"", 346, 265, 614], [""열,유통 중 변질품은 구입상점 및 본사에서 교환"", 250, 61, 2], [""량식품 신고는 국번없0 1399.밀.달갈.땅콩.돼지고기"", 274, 66, 2], [""얀 반점이 생길 수 있으나,인체에 무해하니 드셔도 괜찮"", 301, 64, 0], [""착한 카카오"", 389, 163, 713], [""밝은 마음"", 342, 37, 3], [""프로잭"", 395, 94, 687], [""롯데웰푸드"", 388, 41, 75], [""내용량 70 9 385 kCAl"", 439, 38, 5], [""12%/당류 38 9 38 %"", 468, 37, 0], [""21포화방 15 9.100 %"", 498, 35, 0], [""9%"", 527, 24, 0], [""8801062636822"", 521, 31, 249]]"
000695,2027,09,09,2027-09-09,clahe,03 2027.09.09 | 까지 | 리,"[[""03"", 448, 35, 74], [""2027.09.09"", 459, 46, 147], [""까지"", 555, 36, 403], [""리"", 586, 29, 43]]"
000696,2025,10,28,2025-10-28,s1,"오.-조로 작후는 거용물이 뜨거우니 섭취 시 주의 | 뜨거운 들기 수 있으니 주의하십시오.-간혹 | 주의 주십시오.-제품의 특성상 고기의 | 류,호두,오칭어,초개류(굴,전복,홍합),잣을' | I서 제조하고 있습니다.'-부정·불량식품 | 2025.10.28까지","[[""오.-조로 작후는 거용물이 뜨거우니 섭취 시 주의"", 91, 77, 1], [""뜨거운 들기"", 136, 35, 4], [""수 있으니 주의하십시오.-간혹"", 123, 62, 141], [""주의"", 168, 23, 21], [""주십시오.-제품의 특성상 고기의"", 158, 59, 120], [""류,호두,오칭어,초개류(굴,전복,홍합),잣을'"", 328, 69, 0], [""I서 제조하고 있습니다.'-부정·불량식품"", 362, 54, 3], [""2025.10.28까지"", 448, 57, 142]]"
000697,2025,10,07,2025-10-07,s1,2025.10.07.15 1파지B3S | 6ZM,"[[""2025.10.07.15"", 416, 53, 103], [""1파지B3S"", 410, 41, 338], [""6ZM"", 545, 220, 50]]"
000698,NONE,10,12,NONE-10-12,s1,"10.12 R1435 | 낮아진 | 당 함량 20%.DOWN 12 | *식약처 평균값 대비 | CHU아상컵당,아연함","[[""10.12 R1435"", 383, 76, 122], [""낮아진"", 538, 48, 33], [""당 함량"", 574, 47, 36], [""12"", 584, 53, 418], [""20%.DOWN"", 606, 25, 45], [""*식약처 평균값 대비"", 674, 31, 39], [""CHU아상컵당,아연함"", 910, 69, 0]]"
000699,2025,10,NONE,2025-10-NONE,det5,"차모찌리 | 2025.10 | 809720 822525 | 폰즈,와사비 미 포함 | 012.017","[[""차모찌리"", 198, 196, 0], [""2025.10"", 491, 68, 79], [""809720"", 728, 42, 135], [""822525"", 724, 43, 326], [""폰즈,와사비 미 포함"", 788, 67, 128], [""012.017"", 908, 65, 131]]"
000700,2025,10,24,2025-10-24,s1,0뚝 | 표 | 2025.10.24까지.F3 | -,"[[""0뚝"", 86, 147, 244], [""표"", 236, 193, 229], [""2025.10.24까지.F3"", 506, 65, 77], [""-"", 577, 102, 452]]"
000701,2025,10,05,2025-10-05,s1,나25.10.05까2B전하 | 300 원,"[[""나25.10.05까2B전하"", 484, 120, 18], [""300"", 909, 96, 0], [""원"", 895, 56, 181]]"
000702,2025,10,09,2025-10-09,s1,미 | 25.10.09까지.B2.F2,"[[""미"", 119, 22, 405], [""25.10.09까지.B2.F2"", 432, 79, 84]]"
000703,2026,01,25,2026-01-25,s1,흔들어 | 소비기한 드세요! | 2026.01.25 16.468 | 부담 없이 맛있는 초코우유,"[[""흔들어"", 344, 45, 408], [""드세요!"", 386, 47, 404], [""소비기한"", 394, 41, 49], [""2026.01.25 16.468"", 469, 64, 53], [""부담 없이 맛있는 초코우유"", 555, 36, 65]]"
000704,2026,07,29,2026-07-29,s1,"나T,리 | 안심하고 드십시오. | 고객상담080-024-2311수신자 | 2026.07.29 9까지 | 16:11","[[""나T,리"", 16, 29, 18], [""안심하고 드십시오."", 265, 80, 18], [""고객상담080-024-2311수신자"", 317, 84, 75], [""9까지"", 418, 70, 314], [""2026.07.29"", 424, 82, 61], [""16:11"", 486, 67, 184]]"
000705,2026,06,29,2026-06-29,s1,009 본사800 02 08 |  실은에 과시고개봉 후는잘밀통여냉장보만 하신시오 | 특성상 분리상이 발생될 수있으나제층는 이상이 없니 | 고드서도될 다·사용 직전층분히흐들에세사용하시기바랍 개봉 | 2객만6분 순신사요부담080 9/0 3033 냉장보문 | 소색기한 | 2026.06.29.까지 | 김상규 B,"[[""009 본사800 02 08"", 74, 79, 69], ["" 실은에 과시고개봉 후는잘밀통여냉장보만 하신시오"", 117, 76, 56], [""특성상 분리상이 발생될 수있으나제층는 이상이 없니"", 159, 72, 61], [""개봉"", 192, 43, 655], [""고드서도될 다·사용 직전층분히흐들에세사용하시기바랍"", 202, 63, 82], [""냉장보문"", 232, 45, 650], [""2객만6분 순신사요부담080 9/0 3033"", 245, 60, 91], [""소색기한"", 327, 44, 56], [""2026.06.29.까지"", 402, 83, 173], [""김상규 B"", 478, 74, 179]]"
000706,2026,03,11,2026-03-11,s1,를 열고 스프를 꺼낸 후 (2) 불고기맛 스프의 양을 | 먹기 알맞게 부습니다. 기호에 맞게 넣습니다 | 2026.03.11까지 | 0235 B081 | 88010451560038 | 영양정보 | 나트륙 810M9 1.41% 탄수,"[[""를 열고 스프를 꺼낸 후 (2) 불고기맛 스프의 양을"", 187, 97, 2], [""기호에 맞게 넣습니다"", 229, 66, 274], [""먹기 알맞게 부습니다."", 255, 64, 6], [""2026.03.11까지"", 416, 99, 23], [""0235 B081"", 486, 83, 63], [""88010451560038"", 784, 56, 22], [""영양정보"", 872, 95, 20], [""나트륙 810M9"", 938, 45, 41], [""1.41%"", 938, 43, 302], [""탄수"", 936, 47, 447]]"
000707,2026,08,19,2026-08-19,s1,2026.08.19B,"[[""2026.08.19B"", 508, 53, 122]]"
000708,2025,09,18,2025-09-18,s1,2025.09.18.까지 | 2산 6B2흥0/0/14,"[[""2025.09.18.까지"", 462, 49, 69], [""2산 6B2흥0/0/14"", 522, 59, 61]]"
000709,2025,10,14,2025-10-14,s1,제일제방 | 행복 특한 모 | 샐러드처럼 가볍게 즐기세요! 오리엔탈 드 | 25 10.14 MR10 | 조리에,"[[""제일제방"", 12, 23, 27], [""모"", 120, 185, 284], [""행복"", 95, 90, 90], [""특한"", 102, 72, 195], [""샐러드처럼"", 288, 41, 95], [""오리엔탈 드"", 309, 68, 293], [""가볍게 즐기세요!"", 325, 38, 97], [""25 10.14"", 450, 65, 138], [""MR10"", 466, 34, 453], [""조리에"", 546, 22, 338]]"
000710,2025,10,14,2025-10-14,s1,16종의스티커와 2025.10.14까지.F3 더블황치즈 아메리간쿠- | 저당 1.98,"[[""더블황치즈"", 309, 291, 341], [""아메리간쿠-"", 472, 600, 445], [""16종의스티커와"", 306, 205, 32], [""2025.10.14까지.F3"", 534, 49, 117], [""1.98"", 827, 91, 48], [""저당"", 825, 56, 0]]"
000711,2025,10,09,2025-10-09,s1,간 년 연중무휴 국밥 | 얼콘 순살감자탕 ㅇ밥 | 소비el | 2025.10.09 | 까지 | OTHER | 809011 836361,"[[""간 년"", 360, 37, 130], [""연중무휴"", 365, 36, 226], [""국밥"", 366, 39, 351], [""얼콘"", 425, 70, 106], [""순살감자탕"", 432, 77, 143], [""ㅇ밥"", 433, 50, 447], [""소비el"", 536, 31, 80], [""2025.10.09"", 581, 39, 188], [""까지"", 632, 25, 468], [""OTHER"", 740, 22, 450], [""809011"", 803, 25, 158], [""836361"", 802, 23, 278]]"
000712,2025,11,20,2025-11-20,s1,새로 비버먹는 햄계란 | Unbe 케찬반 | 연출된 예 | 소비기한 | 2025.11.20 | 까지 | 809011 836736 | 4.900 원 | 중앙닭강정)오리지널떡볶이 | 809267021634,"[[""햄계란"", 169, 110, 157], [""새로 비버먹는"", 204, 25, 1], [""케찬반"", 260, 99, 181], [""Unbe"", 269, 40, 21], [""연출된 예"", 316, 35, 0], [""소비기한"", 362, 25, 5], [""2025.11.20"", 412, 39, 113], [""까지"", 455, 30, 437], [""809011"", 616, 21, 172], [""836736"", 618, 23, 285], [""4.900"", 724, 72, 61], [""원"", 742, 39, 245], [""중앙닭강정)오리지널떡볶이"", 804, 73, 0], [""809267021634"", 890, 55, 0]]"
000713,2025,10,23,2025-10-23,s1,민:다이닝 | 일식끝판왕 장호준 세프의 | 일본식함박커리 & | 소비기한 | 2025.10.23 | 까지 | OTHER | 8809056561815,"[[""민:다이닝"", 218, 37, 218], [""일식끝판왕 장호준 세프의"", 281, 44, 129], [""&"", 312, 25, 514], [""일본식함박커리"", 336, 78, 26], [""소비기한"", 413, 30, 30], [""2025.10.23"", 457, 35, 116], [""까지"", 477, 29, 472], [""OTHER"", 570, 25, 425], [""8809056561815"", 622, 27, 149]]"
000714,2026,03,12,2026-03-12,s1,"소비기한 (일,월, 년) KF | 12.3.2026","[[""KF"", 424, 41, 408], [""소비기한 (일,월, 년)"", 430, 42, 66], [""12.3.2026"", 563, 48, 151]]"
000715,2026,06,26,2026-06-26,s1,2실수 있ㅂ다 | 영양정보 24ZN | 비닐류 나트룹 130Mg 7% 탄수화물 349 10% 9F 20G 20% | 지방 109 19% 트랜스지방 0g E화자방9980% | THER 콜레스테롤 0mg 0% |단백질 4g7% | EXP26/06/2026,"[[""2실수 있ㅂ다"", 13, 30, 0], [""24ZN"", 15, 32, 400], [""영양정보"", 47, 69, 76], [""탄수화물 349 10% 9F 20G 20%"", 64, 103, 222], [""E화자방9980%"", 82, 63, 369], [""나트룹 130Mg 7%"", 105, 48, 65], [""비닐류"", 130, 43, 0], [""트랜스지방 0g"", 118, 47, 227], [""지방 109 19%"", 138, 48, 63], [""|단백질 4g7%"", 148, 56, 235], [""콜레스테롤 0mg 0%"", 170, 49, 65], [""THER"", 194, 46, 0], [""EXP26/06/2026"", 466, 76, 70]]"
000716,2025,11,07,2025-11-07,s1,억어도 꿀맷 | 2025/11/07B1 | 영양정보 | 총내용량 당 1일영양성분기준지 | 나트륨 72mg,"[[""억어도 꿀맷"", 80, 123, 339], [""2025/11/07B1"", 458, 79, 134], [""영양정보"", 820, 102, 168], [""총내용량 당"", 894, 60, 173], [""1일영양성분기준지"", 881, 82, 359], [""나트륨"", 940, 37, 185], [""72mg"", 932, 51, 408]]"
000717,2025,10,12,2025-10-12,det5,2025.10.12 | Maeil | 에 | Enjoy Yogurt,"[[""2025.10.12"", 506, 93, 123], [""Maeil"", 610, 73, 191], [""에"", 753, 162, 60], [""Enjoy"", 940, 40, 311], [""Yogurt"", 925, 69, 408]]"
000718,2026,01,17,2026-01-17,s1,2026.01.17 | 제품명 | AMYANG 원료명,"[[""2026.01.17"", 336, 64, 138], [""제품명"", 882, 48, 449], [""AMYANG"", 934, 47, 0], [""원료명"", 930, 53, 451]]"
000719,2026,04,04,2026-04-04,s1,2026.04.04.001 | 102771 01 57 LJH | 흔들어 드세요! Shake it!,"[[""2026.04.04.001"", 392, 61, 90], [""102771 01 57 LJH"", 438, 53, 97], [""Shake it!"", 530, 102, 330], [""흔들어 드세요!"", 546, 41, 15]]"
000720,2026,02,28,2026-02-28,s1,F2 A 16 37 | 2026.02.28 | B-GLUCAN | 700 Mg | 놀라운 맛을 위해 흔들어 주세요 | 어메이징 오트 오리지널,"[[""F2 A 16 37"", 401, 44, 39], [""2026.02.28"", 450, 46, 36], [""B-GLUCAN"", 500, 51, 368], [""700 Mg"", 538, 36, 390], [""놀라운 맛을 위해 흔들어 주세요"", 668, 50, 132], [""어메이징 오트 오리지널"", 706, 52, 132]]"
000721,2026,12,17,2026-12-17,s1,GS23 | 2026.12.17 | 핫초코 | ORIGINAL | 하나. | 네덜란드와 인도네시아산 코코아 | 울더로 더욱 진하고 달콤한 맛 | 따뜻한 물만 있으면 남녀노소 누구나 | 좋아하는 깊은 풍미의 핫초코 | 스틱 포장으로 언제 어디서나 | 즐길 수 있는 간편함 | 영양정보 총내용량 200 g20 gX 10포 | 1포(20 g당 85 kCal | 나E 50 M9 3% 탄수학물 160 5% 당110.11%,"[[""GS23"", 154, 53, 21], [""2026.12.17"", 315, 54, 180], [""핫초코"", 444, 107, 147], [""ORIGINAL"", 504, 34, 203], [""하나."", 569, 26, 140], [""네덜란드와 인도네시아산 코코아"", 593, 29, 174], [""울더로 더욱 진하고 달콤한 맛"", 618, 29, 191], [""따뜻한 물만 있으면 남녀노소 누구나"", 689, 26, 153], [""좋아하는 깊은 풍미의 핫초코"", 714, 27, 178], [""스틱 포장으로 언제 어디서나"", 786, 25, 187], [""즐길 수 있는 간편함"", 812, 27, 216], [""영양정보"", 904, 51, 152], [""총내용량 200 g20 gX 10포"", 898, 28, 260], [""1포(20 g당 85 kCal"", 923, 29, 280], [""나E 50 M9 3%"", 942, 34, 154], [""탄수학물 160 5% 당110.11%"", 947, 27, 248]]"
000722,2026,08,04,2026-08-04,erode5,26.05.01 | 2026.08.04 | 26 00.23,"[[""26.05.01"", 266, 53, 219], [""2026.08.04"", 574, 55, 172], [""26 00.23"", 625, 56, 191]]"
000723,2026,03,10,2026-03-10,up2x,26 03/10 | 상단의 링는오실입니 | 제조원투 제칠성음,"[[""26 03/10"", 750, 95, 260], [""상단의 링는오실입니"", 1724, 162, 286], [""제칠성음"", 1830, 158, 629], [""제조원투"", 1856, 123, 295]]"
000724,2026,05,20,2026-05-20,s1,<c25헤택가 | 26.05.20까자13.49,"[[""<c25헤택가"", 107, 70, 253], [""26.05.20까자13.49"", 509, 60, 79]]"
000725,2026,04,16,2026-04-16,s1,26.04.16까지.09.20,"[[""26.04.16까지.09.20"", 461, 66, 54]]"
000726,2026,09,16,2026-09-16,det5,2026.09.16까2 | 18 58NC-1,"[[""2026.09.16까2"", 616, 63, 20], [""18 58NC-1"", 674, 58, 20]]"
000727,2026,06,22,2026-06-22,erode5,"간편하게뜰우내요 | IEASY CUT! | RKK4T | 2026.06.22.03850.F3.8 | 산관로만 고아 | 고맛있게 | ,서코기미역국 | 전자페인지 아용시","[[""간편하게뜰우내요"", 192, 54, 266], [""IEASY CUT!"", 240, 47, 286], [""RKK4T"", 454, 38, 431], [""2026.06.22.03850.F3.8"", 518, 57, 33], [""산관로만 고아"", 670, 39, 3], [""고맛있게"", 728, 37, 0], ["",서코기미역국"", 755, 44, 3], [""전자페인지 아용시"", 830, 37, 154]]"
000728,2026,06,24,2026-06-24,s1,2026.06.24,"[[""2026.06.24"", 521, 72, 45]]"
000729,2026,01,07,2026-01-07,s1,1장국 | 소비기한 | 2026.01.07 | 04/55 | 3A] 까지 | 사골 육수와 들기름으로 | 맛을 낸 구수한 국물 | 한 번 볶아내 | 고소한 황태 | 두부를 더해 | 부드러운 식감 | 태듬뿐해장국 조리방법,"[[""1장국"", 174, 103, 0], [""소비기한"", 286, 39, 11], [""2026.01.07"", 362, 54, 73], [""04/55"", 438, 55, 64], [""3A]"", 522, 40, 0], [""까지"", 538, 49, 448], [""사골 육수와 들기름으로"", 648, 39, 290], [""맛을 낸 구수한 국물"", 679, 38, 287], [""한 번 볶아내"", 730, 29, 286], [""고소한 황태"", 756, 33, 284], [""두부를 더해"", 808, 37, 280], [""부드러운 식감"", 840, 41, 277], [""태듬뿐해장국 조리방법"", 930, 59, 4]]"
000730,2026,02,26,2026-02-26,hires,2026.02.26 #,"[[""2026.02.26"", 398, 131, 70], [""#"", 397, 84, 772]]"
000731,2026,03,08,2026-03-08,det5,2026.03.08까2 | 한2 1 A5 0미30336,"[[""2026.03.08까2"", 396, 100, 31], [""한2 1 A5 0미30336"", 464, 99, 31]]"
000732,2026,03,16,2026-03-16,erode5,2026.03.1612 | 원 주태스김 청 주스은크,"[[""2026.03.1612"", 436, 49, 14], [""원 주태스김 청 주스은크"", 478, 51, 20]]"
000733,2026,03,24,2026-03-24,s2,2026.03.24까2.0244.804 | 모든 날이 빛날거마,"[[""모든 날이 빛날거마"", 251, 39, 342], [""2026.03.24까2.0244.804"", 213, 46, 205]]"
000734,2025,10,28,2025-10-28,s1,080-855-525/GS/AEFRESA080-345-//00 | 총내용 | 3% 탄수화물190만 0.2% 당류 0 | 4g 7% 트랜스지방 0 g 포화지방2.5 | mg 5% 단백질 69 11% 칼슘 196m | 리얼프라이스는 가격과 품질의 합리적 | 809117 022323 | 2025.10.28까지,"[[""080-855-525/GS/AEFRESA080-345-//00"", 18, 43, 0], [""총내용"", 50, 43, 493], [""당류 0"", 130, 49, 402], [""3%"", 144, 49, 9], [""탄수화물190만 0.2%"", 135, 49, 116], [""포화지방2.5"", 174, 41, 412], [""트랜스지방 0 g"", 184, 44, 120], [""4g 7%"", 194, 55, 0], [""칼슘 196m"", 220, 43, 408], [""단백질 69 11%"", 227, 56, 117], [""mg 5%"", 240, 51, 0], [""리얼프라이스는 가격과 품질의 합리적"", 361, 34, 30], [""809117"", 391, 26, 374], [""022323"", 384, 28, 465], [""2025.10.28까지"", 452, 81, 100]]"
000735,2027,01,12,2027-01-12,s1,"영양정보 | 20N방 09 0% 2.0M9 0% 월 09.08 | 제품명 마이노멀 알Z로스 내용량.4859 | ·식품유형·당류가공품·소비기한·별도표기일까지 | 국목보2번호201404874877제조/8)대림푸드 | 전북1산시 삼기면 백제1로 16 유통전문판원(주1 | 마1노멀컴퍼1,서울시 강남구 강남대로 502,6층 | 원재료명액상2률로스99.52%,아라비아검.스1 | 비을배당체,나한과추출분말(중국산)·포장재질·응기- | 폴리에틸렌테레프탈레이트,뚜껑-폴리프로필렌 | 2027.01.12.H | 개봉 후 벌레 등이 들어가 오염될 수 있으므로, | 사용후 뚜껑을닫아 서늘한곳에 보관하세요. | 있으니,사용후잘 닦아뚜껑을닫아주세요. | 보관중침전이생길수있나,알로스 | 02-6747-2300","[[""영양정보"", 21, 45, 134], [""20N방 09 0% 2.0M9 0% 월 09.08"", 134, 63, 134], [""제품명 마이노멀 알Z로스 내용량.4859"", 206, 59, 135], [""·식품유형·당류가공품·소비기한·별도표기일까지"", 242, 53, 139], [""국목보2번호201404874877제조/8)대림푸드"", 278, 51, 141], [""전북1산시 삼기면 백제1로 16 유통전문판원(주1"", 313, 48, 139], [""마1노멀컴퍼1,서울시 강남구 강남대로 502,6층"", 349, 40, 142], [""원재료명액상2률로스99.52%,아라비아검.스1"", 384, 39, 146], [""비을배당체,나한과추출분말(중국산)·포장재질·응기-"", 422, 47, 141], [""폴리에틸렌테레프탈레이트,뚜껑-폴리프로필렌"", 456, 39, 144], [""2027.01.12.H"", 526, 39, 218], [""개봉 후 벌레 등이 들어가 오염될 수 있으므로,"", 578, 47, 143], [""사용후 뚜껑을닫아 서늘한곳에 보관하세요."", 613, 55, 141], [""있으니,사용후잘 닦아뚜껑을닫아주세요."", 682, 61, 140], [""보관중침전이생길수있나,알로스"", 716, 67, 141], [""02-6747-2300"", 924, 36, 260]]"
000736,2026,12,17,2026-12-17,s1,품명 오/늘/은 말차 식품유형 고형차 | 중량 1009 | 장재질 폴리에틸렌 품목보고번호 200906311472 | 원및 판매원 | 소비자 상담실 064-787-2254.wWW.0NUUN.C0m | 장 주의사항 직사광선을 피하고 건냉한 곳에 보관하십시오. | 불량식품 신고는 국번없0 1399 | 기한:제품의 별도표기일까지 | 2026.12.17,"[[""품명"", 99, 40, 0], [""오/늘/은 말차"", 94, 47, 132], [""식품유형"", 109, 48, 394], [""고형차"", 137, 59, 589], [""중량"", 144, 44, 385], [""장재질"", 171, 50, 0], [""폴리에틸렌"", 168, 42, 124], [""1009"", 174, 53, 589], [""품목보고번호"", 189, 52, 391], [""원및 판매원"", 206, 49, 0], [""200906311472"", 216, 59, 587], [""064-787-2254.wWW.0NUUN.C0m"", 261, 93, 112], [""소비자 상담실"", 243, 40, 0], [""장 주의사항 직사광선을 피하고 건냉한 곳에 보관하십시오."", 292, 75, 0], [""불량식품 신고는 국번없0 1399"", 371, 64, 3], [""기한:제품의 별도표기일까지"", 409, 63, 2], [""2026.12.17"", 641, 67, 219]]"
000737,2026,03,04,2026-03-04,s1,내용량 | 소비기한 | 에리스리 | 등목보D번호.202302811574 | 소비자상담실.032-873-2272 | 부정 불광식품신고번호는국번없1399번 | 서늘한 곳에 보관하세요.보관 중 침전물이 생길 수 있나알스 | 있으니사용 후잘닦아주세요. | HACCP sugar | FREE | 809668  040298 | 소비기한 2026.03.04 까지,"[[""내용량"", 23, 47, 63], [""소비기한"", 49, 54, 64], [""에리스리"", 79, 54, 66], [""등목보D번호.202302811574"", 189, 77, 78], [""소비자상담실.032-873-2272"", 221, 68, 84], [""부정 불광식품신고번호는국번없1399번"", 268, 62, 87], [""서늘한 곳에 보관하세요.보관 중 침전물이 생길 수 있나알스"", 321, 62, 93], [""있으니사용 후잘닦아주세요."", 384, 37, 99], [""sugar"", 455, 32, 233], [""HACCP"", 474, 27, 127], [""FREE"", 485, 44, 227], [""809668"", 508, 26, 373], ["" 040298"", 498, 29, 428], [""까지"", 554, 24, 477], [""소비기한 2026.03.04"", 589, 64, 129]]"
000738,2026,02,12,2026-02-12,s1,100%) Best before | 모비기한 | 2026.02.12 까지(8) | 구매처 | 땅콩 09:27.05 | 함유 *개봉 후빠른 시일내에 섭취해주세요! | 908 유리 공식편체와 슈페너츠 | 4608 파인하세요! 다양한 해택를 | 품질 보증이 불가합니다. | lool- HACCP | Reanuts,"[[""100%)"", 390, 29, 150], [""Best before"", 392, 26, 243], [""모비기한"", 412, 24, 246], [""2026.02.12 까지(8)"", 449, 60, 224], [""구매처"", 477, 22, 162], [""09:27.05"", 496, 39, 262], [""땅콩"", 506, 27, 165], [""함유"", 528, 27, 166], [""*개봉 후빠른 시일내에 섭취해주세요!"", 526, 44, 248], [""슈페너츠"", 566, 33, 394], [""908"", 580, 30, 173], [""유리"", 582, 25, 235], [""공식편체와"", 584, 26, 394], [""4608"", 608, 36, 298], [""다양한 해택를"", 600, 27, 394], [""파인하세요!"", 615, 26, 396], [""품질 보증이 불가합니다."", 676, 29, 233], [""lool-"", 800, 27, 148], [""HACCP"", 796, 25, 237], [""Reanuts"", 828, 44, 143]]"
000739,2024,08,07,2024-08-07,s1,"EA4 | 2023.08.08 | 2024.08.0711.00까지 | 대두,밀, 조개류바지락 함유 | 9일 | 품목보2번호1991045804787 고객행북센080-850120/16547/1문0/9.01 | 영양정보 총내용46/0/1018 /02 | 나트룹 4.070 Mg 204% 탄수화물 179.5% 당류 8g 8% 지방79 13% 2001081 | E0스N방09 포화지방1197% 레스테0M9 0% 단질 139 24% | 1일 영양성분 기준치대한바율 (%)은20 CA기준이므로 개인의 필요 열량 | 따라 다를 수 있습니다.","[[""EA4"", 370, 39, 489], [""2023.08.08"", 418, 55, 146], [""2024.08.0711.00까지"", 449, 108, 141], [""대두,밀, 조개류바지락 함유"", 542, 35, 486], [""9일"", 647, 46, 574], [""품목보2번호1991045804787"", 713, 30, 92], [""고객행북센080-850120/16547/1문0/9.01"", 702, 49, 226], [""2001081"", 758, 105, 579], [""총내용46/0/1018 /02"", 735, 43, 341], [""영양정보"", 756, 48, 111], [""당류 8g 8%"", 769, 33, 349], [""지방79 13%"", 762, 32, 430], [""나트룹 4.070 Mg 204%"", 785, 32, 118], [""탄수화물 179.5%"", 778, 31, 244], [""단질 139 24%"", 792, 36, 418], [""E0스N방09 포화지방1197% 레스테0M9 0%"", 808, 53, 118], [""1일 영양성분 기준치대한바율 (%)은20 CA기준이므로 개인의 필요 열량"", 833, 62, 122], [""따라 다를 수 있습니다."", 865, 32, 126]]"
000740,2026,07,23,2026-07-23,s1,2026.07.23 | 커 | The PlantEat 본 제품은 더플랜잇의 데이터 기반 | 푸드테크가 적용되었습니다 | 자 영양정보 총내용량 45 9 | 200 kCA/ | 리에틸렌(내면) 총 내용량당 1일 영양성분 | 기준치에 대한 비율 | 13% | 나트를 265 M9 10% | 탄수화물 31 g 10%,"[[""2026.07.23"", 404, 35, 261], [""커"", 511, 94, 0], [""The"", 628, 22, 291], [""본 제품은 더플랜잇의 데이터 기반"", 633, 42, 373], [""PlantEat"", 646, 27, 288], [""푸드테크가 적용되었습니다"", 657, 40, 371], [""영양정보"", 742, 57, 233], [""총내용량 45 9"", 726, 53, 461], [""자"", 762, 43, 0], [""200 kCA/"", 757, 46, 507], [""리에틸렌(내면)"", 817, 58, 0], [""1일 영양성분"", 796, 41, 514], [""총 내용량당"", 820, 36, 231], [""기준치에 대한 비율"", 821, 48, 470], [""13%"", 851, 47, 525], [""나트를 265 M9"", 884, 38, 227], [""10%"", 891, 50, 521], [""탄수화물 31 g"", 925, 39, 227], [""10%"", 928, 48, 517]]"
000741,2025,12,03,2025-12-03,s1,Pulmuone 25.08.04제조 제주 | 25.12.03까지 | 햇마늘 | 무원 햇 국산 | 다진마,"[[""25.08.04제조"", 407, 53, 265], [""제주"", 407, 162, 544], [""Pulmuone"", 445, 48, 118], [""25.12.03까지"", 457, 53, 265], [""햇마늘"", 469, 150, 586], [""햇"", 677, 346, 240], [""국산"", 611, 132, 504], [""무원"", 642, 143, 137], [""다진마"", 718, 165, 495]]"
000742,2026,05,01,2026-05-01,s2,2026.05.012121.001087 | 08.34  R0 1/8,"[[""08.34  R0 1/8"", 552, 76, 125], [""2026.05.012121.001087"", 516, 62, 100]]"
000743,2026,11,16,2026-11-16,s1,"21544-4307 지물배농장, 강원도 홍천군 내 208218 2층 4원 (주)컨비니,서울특별시 강 립돌배(국내산)60%,유기농 R조일로부터 24개월 2018041201011 2사/내용량/500M/ 병에 컨비니 돌배발효액 | 이나 | 2026.11.16/12 | 유리","[[""21544-4307"", 116, 133, 15], [""지물배농장, 강원도 홍천군 내"", 206, 317, 94], [""208218 2층"", 90, 97, 171], [""4원 (주)컨비니,서울특별시 강"", 198, 312, 206], [""립돌배(국내산)60%,유기농"", 202, 316, 307], [""R조일로부터 24개월"", 154, 228, 355], [""2018041201011"", 144, 183, 412], [""2사/내용량/500M/"", 159, 236, 456], [""병에 컨비니 돌배발효액"", 213, 292, 512], [""이나"", 308, 61, 382], [""2026.11.16/12"", 431, 76, 173], [""유리"", 496, 45, 7]]"
000744,2027,08,18,2027-08-18,s1,"내용량 290g품목보고번호 2010037817447 | 원재료명 대추국내산)100% | 제조원 슬로패밀리 경기도 양평군 단월면 | 석산로922-8/031-774-57/14 | 보관방법 실온보관,개봉 후 냉장보관 | 음용법 원액과 음용수를1:8또는기호에맞게 | 금공법 희석해서 다양한 음료로 드십시오 | 포장재질 용기(유리),뚜껑(PS), 속마개(HDPE) | 반품 및 교환 구입처 또는 본사 | 소비기한2027.08.18까지 뚜껑:PS | 속마개:HDPE | 본 제품은 공정거래위원회고시 소비자피해보상 | 규정에 의거 교환 또는 보상받으실 수 있습니다. | 부정 불량/품 신고는 국번없이 1399","[[""내용량 290g품목보고번호 2010037817447"", 34, 49, 119], [""원재료명"", 82, 46, 121], [""대추국내산)100%"", 80, 39, 210], [""슬로패밀리 경기도 양평군 단월면"", 126, 42, 217], [""제조원"", 152, 43, 131], [""석산로922-8/031-774-57/14"", 170, 38, 218], [""보관방법"", 222, 39, 127], [""실온보관,개봉 후 냉장보관"", 217, 45, 218], [""원액과 음용수를1:8또는기호에맞게"", 267, 56, 214], [""음용법"", 286, 27, 140], [""금공법"", 302, 27, 140], [""희석해서 다양한 음료로 드십시오"", 305, 46, 221], [""포장재질 용기(유리),뚜껑(PS), 속마개(HDPE)"", 356, 53, 134], [""반품 및 교환 구입처 또는 본사"", 403, 52, 136], [""소비기한2027.08.18까지"", 450, 62, 136], [""뚜껑:PS"", 462, 23, 478], [""속마개:HDPE"", 480, 26, 467], [""본 제품은 공정거래위원회고시 소비자피해보상"", 561, 58, 148], [""규정에 의거 교환 또는 보상받으실 수 있습니다."", 598, 67, 153], [""부정 불량/품 신고는 국번없이 1399"", 636, 53, 151]]"
000745,2026,01,10,2026-01-10,s1,-° | 체다 고다 | 모짜렐라| 크림치 | 2입/540/C/가공치/냉장제품/치A0029 | 소비. 26.01.10T.1 까지 | 기한,"[[""-°"", 30, 45, 225], [""체다 고다"", 143, 48, 467], [""모짜렐라| 크림치"", 192, 46, 386], [""2입/540/C/가공치/냉장제품/치A0029"", 352, 63, 43], [""소비."", 459, 36, 55], [""26.01.10T.1"", 474, 52, 197], [""까지"", 481, 40, 621], [""기한"", 494, 37, 54]]"
000746,2026,06,23,2026-06-23,s1,2026.06.23까지,"[[""2026.06.23까지"", 442, 77, 235]]"
000747,2026,06,22,2026-06-22,s1,"섭취시설사를일으킬수있으며,용기는가열조리용으로사용불기가합니다 | ※뚜껑을 처음 열때 뱅소리'가 나야 정상제품입니다. | 소비기한 | 2026.06.22 | 16.59 까지","[[""섭취시설사를일으킬수있으며,용기는가열조리용으로사용불기가합니다"", 378, 38, 182], [""※뚜껑을 처음 열때 뱅소리'가 나야 정상제품입니다."", 462, 30, 184], [""소비기한"", 501, 32, 183], [""2026.06.22"", 532, 35, 246], [""16.59"", 571, 32, 276], [""까지"", 570, 28, 470]]"
000748,2027,01,22,2027-01-22,s1,"100%태양초 고추장 우리쌀 | 소비기한 2027.01.2214.25 8""8","[[""100%태양초"", 514, 106, 154], [""우리쌀"", 486, 75, 496], [""고추장"", 530, 49, 504], [""소비기한"", 606, 42, 149], [""2027.01.2214.25"", 599, 50, 223], [""8\""8"", 592, 27, 674]]"
000749,2026,01,21,2026-01-21,erode5,2026.0121 1 0/A31 | 의 맛을 살린 | 엇국 | d Pollock Soup | [10g.32 kCAU)X5개1] MUJI A,"[[""2026.0121 1 0/A31"", 447, 70, 119], [""의 맛을 살린"", 542, 54, 1], [""d Pollock Soup"", 699, 56, 5], [""MUJI A"", 840, 59, 479], [""[10g.32 kCAU)X5개1]"", 851, 62, 6], [""엇국"", 622, 104, 0]]"
000750,2026,01,06,2026-01-06,s1,"조미유를 잘 비벼 분 더 끊입니다. 조리법 소하고 진한 게리 | 38010431015226 | 2026.01.06.까지 | 구0 2A09  은경 0143 | 800 볶음요리에→ 올리브와 | 1100.0 1000 1200 21400 기준이므로 개인의 필요 열량에 때 1일 영양성분 기준치에대한 단백질 11 9 20%칼슘 162 포화지방 8 9 53%/콜레 당류/97%/지방20031 나트룹 1100 M9 551 영양정도 나소스 등의 재료로 많이지 서양에서는 샐러드요리나 니다.특히,다른 식물성 수전년 동안 인류에게 애용되 | 아게","[[""조미유를 잘 비벼"", 77, 154, 47], [""분 더 끊입니다."", 76, 151, 100], [""조리법"", 68, 129, 316], [""소하고 진한"", 80, 154, 397], [""게리"", 152, 275, 503], [""38010431015226"", 342, 41, 91], [""2026.01.06.까지"", 459, 59, 206], [""구0 2A09  은경 0143"", 502, 55, 210], [""볶음요리에→"", 676, 103, 564], [""올리브와"", 657, 76, 642], [""영양정도"", 730, 210, 437], [""기준이므로 개인의 필요 열량에 때"", 805, 309, 179], [""단백질 11 9 20%칼슘 162"", 805, 309, 258], [""포화지방 8 9 53%/콜레"", 802, 314, 314], [""당류/97%/지방20031"", 794, 309, 354], [""1일 영양성분 기준치에대한"", 804, 307, 208], [""나트룹 1100 M9 551"", 762, 237, 408], [""800"", 695, 44, 0], [""1000"", 736, 58, 54], [""수전년"", 803, 48, 584], [""1200"", 821, 64, 103], [""나소스 등의 재료로 많이지"", 888, 137, 502], [""서양에서는 샐러드요리나"", 886, 147, 529], [""니다.특히,다른 식물성"", 889, 141, 558], [""동안 인류에게 애용되"", 890, 139, 586], [""1100.0"", 904, 103, 6], [""21400"", 892, 82, 125], [""아게"", 919, 30, 445]]"
000751,2025,05,08,2025-05-08,s1,불량식품 신고는 국번없이 1399 | 8고객상담실 | 080-019-9119(0신자요금부담) | 플라리스틱 | DAESANG ne | 활용합시다. 소비자실 OTHER | https://www.daesang.com | 한 환경 https://www.jungoneshop.com | 2025.05.08 | 11.05 까지,"[[""불량식품 신고는 국번없이 1399"", 41, 64, 16], [""8고객상담실"", 90, 49, 163], [""080-019-9119(0신자요금부담)"", 139, 51, 81], [""플라리스틱"", 286, 35, 559], [""DAESANG"", 326, 37, 190], [""ne"", 316, 30, 430], [""소비자실"", 344, 39, 371], [""OTHER"", 359, 38, 546], [""활용합시다."", 376, 51, 0], [""https://www.daesang.com"", 384, 39, 117], [""한 환경"", 415, 48, 0], [""https://www.jungoneshop.com"", 411, 34, 119], [""2025.05.08"", 458, 53, 180], [""까지"", 488, 49, 625], [""11.05"", 508, 57, 231]]"
000752,2026,07,09,2026-07-09,s1,"mg,제날레프린영산염(P)-10m로 -50 | 니라민레산염(P)-25m,인무 | 물/0/30.0M2/2타N221 | →트르산나트륨수물,시트르산수화를물,오연 | 2M1U119.00트산나트룹수물.0001 | 1수 프락토올리고당,프로필런글리콜[성생) 미황 | 연노랑)의 투명한 액제[효능·효과 감기 제장상 | (여러 증상)][곳물,코막힘, 재채기,인휘목구멍통 | 기침,가래,오한춤고떨리는증상),발열,두통, | 전통,근육통]의 완화 | 제조번호/사용기한(연,월.일) | 20060/26.07.09","[[""mg,제날레프린영산염(P)-10m로"", 42, 67, 165], [""-50"", 15, 35, 347], [""니라민레산염(P)-25m,인무"", 85, 64, 167], [""물/0/30.0M2/2타N221"", 129, 60, 177], [""→트르산나트륨수물,시트르산수화를물,오연"", 168, 58, 179], [""2M1U119.00트산나트룹수물.0001"", 208, 48, 179], [""1수 프락토올리고당,프로필런글리콜[성생) 미황"", 246, 50, 176], [""연노랑)의 투명한 액제[효능·효과 감기 제장상"", 285, 44, 174], [""(여러 증상)][곳물,코막힘, 재채기,인휘목구멍통"", 324, 36, 168], [""기침,가래,오한춤고떨리는증상),발열,두통,"", 365, 50, 162], [""전통,근육통]의 완화"", 401, 45, 163], [""제조번호/사용기한(연,월.일)"", 446, 56, 163], [""20060/26.07.09"", 546, 64, 166]]"
000753,2020,01,02,2020-01-02,hires,"… 1까 | 1ㅇ:1 | '더 맛있고 잘 녹는 | 카레 약간매운맛 오뚜기백세카레는 강황 함 | SI BEKSE CURRY MEDIUM 로즈마리,월계수잎등을잘 | 재(4인분)기1,고기고 | 을고재료가완전하을까좋니다 | 목보고번호 2 밥위에 얹어내면 완성됩니다. | 밀:미국산/호주산). 200102 | 182 소비기한 | 이시아 쿠민,훼누그릭 훼널 로즈 덱스트린 그u |부12%/강활31.9","[[""1까"", 830, 59, 1017], [""…"", 831, 34, 976], [""1ㅇ:1"", 904, 79, 208], [""카레 약간매운맛"", 1048, 169, 3], [""'더 맛있고 잘 녹는"", 1030, 87, 1002], [""SI BEKSE CURRY MEDIUM"", 1134, 95, 0], [""오뚜기백세카레는 강황 함"", 1120, 59, 930], [""로즈마리,월계수잎등을잘"", 1188, 101, 855], [""재(4인분)기1,고기고"", 1306, 229, 406], [""을고재료가완전하을까좋니다"", 1524, 203, 631], [""목보고번호 2"", 1628, 135, 252], [""밥위에 얹어내면 완성됩니다."", 1644, 173, 635], [""밀:미국산/호주산)."", 1711, 204, 215], [""200102"", 1700, 104, 566], [""쿠민,훼누그릭 훼널 로즈"", 1798, 247, 199], [""이시아"", 1806, 101, 182], [""덱스트린"", 1820, 136, 639], [""182"", 1804, 63, 956], [""소비기한"", 1791, 94, 1134], [""그u"", 1876, 31, 966], [""|부12%/강활31.9"", 1872, 98, 1007]]"
000754,2026,05,24,2026-05-24,s1,"천2염호주산2%정백당20.0두.008  정제소금(해수:국산 손쉬운 앱빙구시다 요리법 | 아레르기 대두,밀 의 | 먼저간 개등 각종 요리시 | 기전끝는 물에 | 닭고기최 | 사용한 제품과 같 마 아황산류,  | 의사항 분쟁해결기에거 본 제품은 공정거 위 | 대해 교환 및 환불 해드니다 | 부정 불량식품신고는국번없이1399 | 직사광선을 피하고서늘한 곳에보관하여주십시오. | 관방법 | 033-462-5050/www.bukse0rak.com | 2객센터 | orwer pendingo your cals . | 880993047273 OTHER 1-213-674-775 WWN.N0APUS8.01 | 소비기한(BEST BEFORE) | 2026.05.24까지","[[""천2염호주산2%정백당20.0두.008"", 25, 52, 106], ["" 정제소금(해수:국산"", 12, 27, 238], [""손쉬운 앱빙구시다 요리법"", 24, 35, 394], [""아레르기"", 50, 23, 31], [""대두,밀"", 62, 35, 105], [""의"", 49, 25, 402], [""먼저간"", 72, 31, 403], [""개등 각종 요리시"", 68, 41, 459], [""기전끝는 물에"", 92, 46, 471], [""닭고기최"", 113, 25, 95], [""사용한 제품과 같"", 127, 23, 93], [""본 제품은 공정거 위"", 146, 26, 90], [""마 아황산류, "", 125, 40, 231], [""의사항"", 149, 32, 21], [""분쟁해결기에거"", 161, 50, 86], [""대해 교환 및 환불 해드니다"", 177, 44, 88], [""부정 불량식품신고는국번없이1399"", 198, 51, 85], [""직사광선을 피하고서늘한 곳에보관하여주십시오."", 236, 59, 78], [""관방법"", 260, 35, 22], [""033-462-5050/www.bukse0rak.com"", 317, 52, 79], [""2객센터"", 340, 49, 23], [""orwer pendingo your cals ."", 366, 40, 430], [""880993047273"", 476, 33, 32], [""OTHER"", 472, 31, 173], [""1-213-674-775 WWN.N0APUS8.01"", 484, 40, 437], [""소비기한(BEST BEFORE)"", 554, 26, 17], [""2026.05.24까지"", 638, 49, 303]]"
000755,2026,04,30,2026-04-30,s1,wink Chupd | Chips | 1+1 | 소비기한 | 2026.4.30 영양정보 | B5202270517 | 제품명 카라파키 산리오캐릭터즈 초콜릿 내용 | 식품유형 초콜릿가공품소비기한별도표기일까지(연월. | 수입원,"[[""wink"", 59, 26, 180], [""Chupd"", 74, 33, 273], [""Chips"", 101, 38, 270], [""1+1"", 327, 28, 129], [""소비기한"", 422, 33, 148], [""2026.4.30"", 471, 34, 191], [""B5202270517"", 506, 42, 194], [""영양정보"", 493, 20, 445], [""제품명"", 563, 31, 169], [""카라파키 산리오캐릭터즈 초콜릿"", 575, 36, 228], [""식품유형"", 589, 30, 173], [""내용"", 578, 22, 492], [""초콜릿가공품소비기한별도표기일까지(연월."", 600, 38, 226], [""수입원"", 612, 30, 170]]"
000756,2027,02,24,2027-02-24,s1,0 g | 0g | 0g 0% | 콜레스테롤 0mg 0% | 단백질 0 0% | 2027.02.24 | H26 까지 | 비닐류,"[[""0 g"", 21, 26, 198], [""0g"", 54, 31, 196], [""0%"", 74, 37, 348], [""0g"", 88, 35, 193], [""0mg"", 124, 33, 194], [""0%"", 113, 36, 348], [""콜레스테롤"", 132, 43, 20], [""0%"", 150, 37, 348], [""단백질"", 169, 40, 20], [""0"", 159, 22, 200], [""2027.02.24"", 365, 44, 93], [""까지"", 386, 33, 354], [""H26"", 417, 46, 95], [""비닐류"", 537, 20, 327]]"
000757,NONE,10,22,NONE-10-22,s1,고단백 | 고단백 2 | 12 2+1 | 2+7 201.1000 | 2A929 | 소비기한 10.22 F1 V3JB1 까지 | 여는곳 | youus | 춘식이우유 | 1등급 원유 바나나,"[[""고단백"", 34, 61, 429], [""고단백"", 67, 67, 341], [""2"", 85, 38, 431], [""12"", 118, 43, 346], [""2+1"", 106, 33, 439], [""2+7"", 145, 34, 342], [""201.1000"", 152, 41, 408], [""2A929"", 177, 42, 451], [""소비기한"", 324, 23, 65], [""10.22 F1 V3JB1"", 322, 37, 133], [""까지"", 332, 25, 405], [""여는곳"", 359, 31, 50], [""youus"", 438, 32, 97], [""춘식이우유"", 530, 80, 56], [""1등급"", 656, 40, 30], [""바나나"", 673, 70, 177], [""원유"", 684, 35, 41]]"
000758,2026,03,11,2026-03-11,s1,2026.03.11 까지 | A 23.05 | 신다게 흔들고! 단백질 충전!,"[[""2026.03.11"", 334, 28, 103], [""까지"", 334, 31, 271], [""A 23.05"", 362, 29, 129], [""신다게 흔들고! 단백질 충전!"", 438, 31, 103]]"
000759,2026,05,14,2026-05-14,s1,"자몽항하 | 마색소안토시아닌! | 물할있으다 | 뒤집었다가 드십시오, 제품에 | 미늄 뚜 개봉시주의 본 제품은 | 2과또는 상받을 수있습니다. | 2026/05/14 | 10:48 G | LAB 1047-3","[[""자몽항하"", 24, 41, 4], [""마색소안토시아닌!"", 64, 71, 0], [""물할있으다"", 156, 67, 0], [""뒤집었다가 드십시오, 제품에"", 198, 50, 1], [""미늄 뚜 개봉시주의 본 제품은"", 238, 49, 0], [""2과또는 상받을 수있습니다."", 279, 58, 0], [""2026/05/14"", 388, 39, 210], [""10:48"", 436, 37, 222], [""G"", 433, 24, 363], [""LAB 1047-3"", 492, 27, 179]]"
000760,NONE,NONE,NONE,NONE,fail,"20%DOWN ,NMO0%0 | 릎영 | 11.20 R13 53 1.D RS 번 :- NMO0%0 | 제품명 요플레 오리지 제품명 요플레 오리지널  제품명 요플레 오리지널  폼 제품명 요플레 오리지널 |품목복보고변호 |품몸보고면 목보고번호 | 낮아진 낮아진 낮아진 낮아진 낮아진 업소명및소재지(그  경도 | 당함량 당 함량 당 함량 당 함량 당 함량 내자보과0 10C | 20%.001N 20%DOWN* 20%DOWN 20%DOWN* | CFU 이상 CFU 이상/컵당 CFU 이상/컵당) | ·개봉후에는 반드 ·개봉후에는 반드시 ·개봉후에는 반드시 | OWER SUGAR 제품명 요플레 오리지널 제품명요플레 오리지널품목보고변호 품몸보고번호 | 낮아진 낮아진 업소명및소재지(그, 업소명및소재지(그,경기도 | 당 함량 당 함량 ㅇ비Ö . 보관방법내장보관.0/10C/ 보관방법내장보과0~10C/ | 20%DOWN 20%DOWN 원재료명 80.64%.(3 원재료명 80.64%(3 | ㅇ ㅇ 변성전분,향료,올리 . 변성전분,향료, 올리고 설팅 | 고 (변성전분,덱스트큰 (변성천분,덱스트린), o | CFU 이상/컵당) CFU 이상/컵당) | 개봉후에는 ·개봉후에는 반드ㅅ","[[""제품명 요플레 오리지널 |품목복보고변호"", 600, 81, 344], [""낮아진"", 668, 59, 124], [""당 함량"", 714, 64, 121], [""20%DOWN"", 752, 45, 130], [""CFU 이상/컵당"", 890, 61, 337], [""·개봉후에는 반드시"", 932, 55, 339], [""제품명 요플레 오리지널 "", 604, 78, 336], [""목보고번호"", 584, 37, 630], [""낮아진"", 668, 65, 118], [""업소명및소재지(그"", 648, 100, 333], [""10C"", 680, 25, 582], [""당함량"", 714, 73, 114], [""내자보과0"", 690, 33, 443], [""20%DOWN*"", 752, 51, 125], [""20%DOWN"", 185, 110, 184], [""NMO0%0"", 533, 116, 727], ["",NMO0%0"", 208, 48, 475], [""릎영"", 350, 35, 206], ["":-"", 526, 29, 431], [""제품명 요플레 오리지"", 607, 47, 348], [""|품몸보고면"", 588, 39, 603], [""낮아진"", 667, 59, 123], [""당 함량"", 713, 68, 119], [""20%DOWN*"", 752, 50, 128], [""CFU 이상"", 892, 34, 346], [""·개봉후에는 반드"", 934, 45, 345], [""제품명요플레 오리지널품목보고변호"", 1200, 177, 677], [""업소명및소재지(그,경기도"", 1291, 184, 670], [""낮아진"", 1337, 112, 250], [""당 함량"", 1428, 128, 245], [""보관방법내장보관.0/10C/"", 1386, 119, 690], [""20%DOWN"", 1502, 89, 262], [""원재료명 80.64%.(3"", 1492, 168, 677], [""변성전분,향료,올리"", 1586, 111, 679], [""ㅇ"", 1633, 30, 740], [""(변성천분,덱스트린),"", 1672, 131, 692], [""고"", 1706, 30, 854], [""CFU 이상/컵당)"", 1777, 134, 677], [""개봉후에는"", 1874, 67, 696], [""품몸보고번호"", 1174, 75, 1226], [""제품명 요플레 오리지널"", 1213, 120, 689], [""SUGAR"", 1247, 98, 347], [""OWER"", 1236, 73, 248], [""업소명및소재지(그,"", 1294, 199, 664], [""낮아진"", 1337, 110, 250], [""당 함량"", 1428, 123, 246], [""보관방법내장보과0~10C/"", 1386, 140, 685], [""ㅇ비Ö"", 1432, 39, 798], [""."", 1427, 16, 966], [""20%DOWN"", 1503, 82, 264], [""원재료명 80.64%(3"", 1489, 180, 675], [""변성전분,향료, 올리고"", 1583, 170, 666], [""."", 1621, 18, 934], [""설팅"", 1624, 65, 1129], [""ㅇ"", 1633, 30, 745], [""(변성전분,덱스트큰"", 1674, 119, 696], [""o"", 1658, 21, 1166], [""CFU 이상/컵당)"", 1778, 147, 673], [""·개봉후에는 반드ㅅ"", 1867, 105, 689], [""11.20 R13 53"", 528, 66, 195], [""낮아진"", 668, 60, 124], [""당 함량"", 713, 64, 121], [""1.D RS 번"", 528, 65, 209], [""제품명 요플레 오리지널  폼"", 600, 80, 345], [""낮아진"", 667, 58, 124], ["" 경도"", 634, 45, 587], [""당 함량"", 714, 65, 121], [""20%.001N"", 752, 47, 130], [""CFU 이상/컵당)"", 889, 62, 338], [""·개봉후에는 반드시"", 932, 56, 338]]"
000761,NONE,NONE,NONE,NONE,fail,"20-022-0056 -022-0056 022-0056 콜레스테롤 30 콜레스테롤30m 콜레스테롤30m 객장보관하거나,빨리 드세요 개장보관하거나,빨리 느세요 9 13M0 936E9 | 기로배출 제기로배출 기로배줄 영양성부 영양성분기 클레스테를 30m 클레스테롤30m | 080-022-0056 30-022-0056 | 게기로 배출 기로 배출 준이므로 개인 1일영앙설분 기준 기준이므로개인이  1일 영양성분 기 | 100000111 기로 배출 00 | r | ………… 11.11 11.11 071/ F1 11.11 07M/F1 ㅁ F1 | …I. ACHi나 … ! ""…! … [Unael] | 9S00-20-08 | .. ... . ....... … ………","[[""콜레스테롤 30"", 28, 43, 378], [""20-022-0056"", 48, 59, 140], [""기로배출"", 72, 53, 148], [""100000111"", 243, 42, 257], [""…………"", 470, 48, 180], [""콜레스테롤30m"", 32, 58, 377], [""-022-0056"", 46, 49, 158], [""영양성분기"", 53, 32, 415], [""제기로배출"", 70, 56, 160], [""기로 배출"", 226, 83, 868], [""00"", 226, 30, 911], [""…"", 518, 21, 492], [""r"", 428, 33, 0], [""… ! \""…!"", 489, 44, 374], [""9S00-20-08"", 909, 78, 445], [""콜레스테롤30m"", 32, 53, 378], [""022-0056"", 45, 44, 166], [""영양성부"", 52, 18, 421], [""기로배줄"", 70, 45, 176], [""11.11 071/ F1"", 466, 59, 178], [""클레스테를 30m"", 68, 118, 757], [""936E9"", 25, 56, 826], [""개장보관하거나,빨리 느세요"", 29, 66, 380], [""1일영앙설분 기준"", 108, 79, 780], [""30-022-0056"", 98, 119, 282], [""준이므로 개인"", 132, 57, 809], [""기로 배출"", 138, 82, 339], [""[Unael]"", 492, 136, 549], [""…"", 924, 69, 734], ["". ......."", 946, 83, 374], [""클레스테롤30m"", 70, 123, 757], [""9 13M0"", 22, 44, 836], [""객장보관하거나,빨리 드세요"", 30, 70, 380], [""1일 영양성분 기"", 114, 105, 776], [""기준이므로개인이 "", 134, 79, 785], [""080-022-0056"", 102, 134, 257], [""게기로 배출"", 141, 94, 306], [""………"", 924, 71, 764], ["".. ..."", 942, 79, 372], [""11.11"", 471, 54, 180], [""ㅁ F1"", 463, 45, 345], [""ACHi나"", 507, 56, 176], [""11.11 07M/F1"", 466, 57, 178], [""…I."", 508, 52, 177]]"
000762,2026,08,02,2026-08-02,s1,itter Cookies 크 버터쿠키 리스 élice | 1.000 | 20260802 | 바삭한 식감 CRISP. | 풍부한 BUT,"[[""크 버터쿠키"", 176, 353, 286], [""리스"", 65, 132, 398], [""élice"", 45, 88, 476], [""itter Cookies"", 129, 167, 213], [""1.000"", 330, 45, 594], [""20260802"", 436, 62, 234], [""바삭한 식감"", 623, 180, 277], [""CRISP."", 630, 162, 459], [""풍부한"", 905, 102, 286], [""BUT"", 909, 94, 456]]"
000763,NONE,11,12,NONE-11-12,erode3,503093 윈유7%대로 | 농취집고행분 | 6526/0.1% | 23000033 | 11.12 05AF2 | EFC5,"[[""윈유7%대로"", 64, 43, 320], [""503093"", 81, 36, 226], [""농취집고행분"", 108, 51, 320], [""6526/0.1%"", 152, 49, 328], [""23000033"", 216, 44, 205], [""11.12 05AF2"", 413, 70, 211], [""EFC5"", 472, 67, 213]]"
000764,2022,03,12,2022-03-12,s1,SDIYA 0 | 01 21 2022.03.12 | 달콤한 두유,"[[""SDIYA"", 83, 60, 133], [""0"", 102, 49, 644], [""01 21"", 455, 34, 343], [""2022.03.12"", 470, 37, 316], [""달콤한 두유"", 535, 42, 320]]"
000765,2023,11,21,2023-11-21,erode5,2023.11.21,"[[""2023.11.21"", 477, 52, 281]]"
000766,2024,09,26,2024-09-26,s1,Best before/Batch: | 24 09 26 02 18 | L5175G2 087431 | Shake well before serving.Once | opened keep inthe tidge and | consume within 3 days,"[[""Best before/Batch:"", 392, 26, 235], [""24 09 26 02 18"", 444, 37, 230], [""L5175G2 087431"", 472, 35, 230], [""Shake well before serving.Once"", 484, 24, 419], [""opened keep inthe tidge and"", 500, 25, 418], [""consume within 3 days"", 514, 24, 419]]"
000767,2026,08,12,2026-08-12,up2x,COCO | ZERO | 2026.08.12,"[[""COCO"", 362, 77, 537], [""ZERO"", 416, 61, 595], [""2026.08.12"", 984, 87, 556]]"
000768,2026,06,26,2026-06-26,clahe,20260626 8006,"[[""20260626 8006"", 354, 63, 253]]"
000769,2026,12,10,2026-12-10,s1,E8P.2026.12.10 00F1.1F11,"[[""E8P.2026.12.10 00F1.1F11"", 456, 29, 218]]"
000770,2030,04,NONE,2030-04-NONE,hires,"LOTNO, HEWONSE65 | 제조 04/2030 | EXPIRYDATE | 사용?","[[""HEWONSE65"", 973, 60, 551], [""LOTNO,"", 990, 29, 425], [""제조"", 1018, 29, 426], [""04/2030"", 1027, 54, 553], [""EXPIRYDATE"", 1090, 30, 424], [""사용?"", 1119, 22, 433]]"
000771,2021,12,31,2021-12-31,s1,교로라핑의 | 2+1 세APP 121-12.31 | 쓰육보관 | SAMOS | 02.800 2 M2.0001 | 1.000 | ot이lA | 이이져,"[[""교로라핑의"", 128, 41, 157], [""2+1"", 252, 89, 487], [""02.800"", 258, 44, 6], [""121-12.31"", 254, 35, 628], [""세APP"", 272, 34, 623], [""쓰육보관"", 286, 31, 621], [""2"", 334, 48, 481], [""SAMOS"", 328, 40, 564], [""M2.0001"", 363, 36, 572], [""1.000"", 380, 41, 561], [""ot이lA"", 606, 49, 588], [""이이져"", 708, 46, 572]]"
000772,NONE,12,20,NONE-12-20,det5,교차 | 교차 | 매일)두유검은콩 고단백 고단백 정식품)고단백 | 190M2 투유초코190M1 | 3개2.800원 고단백 3개3.200원 12 고단 | 8801121025710 각1.400원 원 88010338089/13 각 1.600원 /EN 2 | 880/0338 | 유통 12.20.10.07 17 F5 까지 | 기한 | 후레쉬 감사합니다 향상사랑해 | 서울우유 밀크 | 100.FreSh Mi0k,"[[""교차"", 26, 25, 184], [""매일)두유검은콩"", 57, 34, 100], [""교차"", 42, 21, 558], [""고단백"", 70, 20, 358], [""정식품)고단백"", 69, 33, 479], [""190M2"", 84, 33, 173], [""고단백"", 72, 18, 416], [""투유초코190M1"", 94, 35, 462], [""3개2.800원"", 119, 34, 124], [""고단백"", 108, 13, 381], [""12"", 112, 27, 677], [""3개3.200원"", 130, 34, 480], [""고단"", 124, 11, 697], [""각1.400원"", 152, 43, 100], [""/EN"", 139, 18, 601], [""8801121025710"", 158, 22, 0], [""원"", 157, 16, 220], [""1.600원"", 162, 44, 472], [""2"", 146, 13, 695], [""88010338089/13"", 165, 26, 352], [""각"", 165, 16, 468], [""880/0338"", 176, 24, 662], [""12.20.10.07"", 425, 32, 216], [""17 F5"", 426, 33, 424], [""유통"", 438, 34, 99], [""까지"", 452, 57, 535], [""기한"", 460, 33, 98], [""향상사랑해"", 579, 81, 630], [""후레쉬"", 596, 93, 344], [""감사합니다"", 606, 91, 625], [""서울우유"", 660, 53, 123], [""밀크"", 683, 100, 350], [""100.FreSh Mi0k"", 751, 38, 358]]"
000773,NONE,12,10,NONE-12-10,s1,"교차 교차 | 정식품)고단백 고단백 정식품)베지밀 정식 | 투유초코190M 고단백두유190M 검은콩두 | 3개3.200원 12: 3개3.200원 3개? | 21.600월 41.6002 8801033807893 1,6 | 신번말의기준 | 후레수 12.10.14.30 -- 까지 | 까지 크 11.28.14.30 | sh MiK | 신선함의 | 서울우유 기준, | 제조일자 | '내편을 여십시오 확인하세요 | 재활용 일반팩류 | 저지방 분리하지 않으셔도 됩니다. 입구부분은별도로","[[""교차"", 34, 21, 102], [""교차"", 34, 22, 431], [""정식품)고단백"", 66, 31, 31], [""고단백"", 72, 21, 297], [""정식품)베지밀"", 64, 23, 372], [""정식"", 64, 25, 696], [""투유초코190M"", 91, 30, 20], [""고단백두유190M"", 90, 24, 344], [""검은콩두"", 88, 25, 668], [""3개3.200원"", 124, 31, 48], [""3개3.200원"", 122, 29, 367], [""3개?"", 119, 24, 687], [""12:"", 131, 22, 267], [""21.600월"", 157, 43, 33], [""41.6002"", 154, 42, 348], [""1,6"", 148, 36, 678], [""8801033807893"", 156, 23, 569], [""신번말의기준"", 284, 37, 602], [""후레수"", 399, 48, 39], [""까지"", 406, 49, 591], [""12.10.14.30"", 408, 35, 247], [""--"", 403, 22, 482], [""크"", 440, 43, 57], [""까지"", 452, 51, 20], [""11.28.14.30"", 440, 34, 251], [""sh MiK"", 472, 23, 59], [""신선함의"", 520, 30, 520], [""서울우유"", 553, 26, 168], [""기준,"", 546, 28, 545], [""제조일자"", 575, 36, 531], [""확인하세요"", 606, 35, 530], [""재활용 일반팩류"", 662, 34, 524], [""'내편을 여십시오"", 620, 134, 0], [""입구부분은별도로"", 692, 35, 527], [""저지방"", 719, 60, 137], [""분리하지 않으셔도 됩니다."", 717, 38, 477]]"
000774,2026,02,08,2026-02-08,s1,"연바날라함 (원두:브라질산) 로즈버드 | 말(커피원두 | 절제,잔탄검 화제3 | 천연비 | 설픔칼륨(미료) | 고카페인함유,총카페인 함량78mg 8201069/422317 | 26.02.08 | 08 34..B | 까지","[[""연바날라함"", 32, 56, 173], [""로즈버드"", 52, 36, 341], [""(원두:브라질산)"", 50, 45, 216], [""말(커피원두"", 76, 41, 215], [""화제3"", 88, 31, 298], [""절제,잔탄검"", 96, 39, 216], [""천연비"", 100, 37, 384], [""설픔칼륨(미료)"", 137, 48, 215], [""고카페인함유,총카페인 함량78mg"", 398, 205, 188], [""8201069/422317"", 402, 25, 261], [""26.02.08"", 468, 37, 282], [""08 34..B"", 496, 38, 282], [""까지"", 516, 25, 426]]"
000775,2025,12,17,2025-12-17,det5,8801121032145 | 25.12.17 에코절취선 | E A/2,"[[""8801121032145"", 7, 16, 32], [""25.12.17"", 498, 47, 280], [""에코절취선"", 546, 111, 608], [""E"", 915, 68, 0], [""A/2"", 883, 10, 430]]"
000776,2026,01,09,2026-01-09,s1,BARISTA | Rules | 바리스타스 | 2026.01.09 까 | 04 53 F5 0,"[[""BARISTA"", 370, 158, 98], [""Rules"", 468, 63, 223], [""바리스타스"", 514, 38, 254], [""2026.01.09"", 606, 46, 232], [""까"", 596, 29, 491], [""04 53 F5 0"", 643, 47, 232]]"
000777,2015,02,08,2015-02-08,det5,"drahe 6g 2% 옥소황색제4호 (우해재) | Fber 0g 0% | rgarn 5g ·내포장자' 두함유 | des 5g Added Sugars 10% 을피하고온도 가낮은 m | 교환장소구입처 14.00 | 위원회고시소비자 | 0% CAoUm.1Mg 0% 교환또는 보상받을 수있습니다. | % PoTAs.34 M9 0% 불량식품신고는번업이39 | wuhow much a nutfent in 자상담 080215-9803/수신자부 | 영양정보 중내용량 132 | 100 당 559 /Ca | 10099 | LE를 42.8 Mq | uc, MILK 탄0/590 | INCENTRATE, SOY LECITHIN AN T률 53.69 54% | ), NATURAL AND ARTIFICIAL 지방 33.79 62% | PPERMINT OIL, COLORS ADDED 트랜스지방0g | AKE, BLUE 1 LAKE). 포화지방 3049 03% | UCT CONTAINS MILK AND SOY. 콜레스테를2mg 1% | 단백질5g 99% | 5 K26560-14C23-F | 소비기한: 202 03 | ANDES CANDIES | DEL A/VAN.W 53115 US4 | ©TRI,LLC | www.tootsie.com | 10-26560-KOR01 PP","[[""drahe 6g"", 24, 23, 21], [""2%"", 19, 24, 134], [""옥소황색제4호"", 23, 36, 358], [""(우해재)"", 17, 26, 457], [""Fber 0g"", 48, 24, 0], [""0%"", 42, 25, 135], [""두함유"", 62, 33, 385], [""rgarn 5g"", 71, 28, 0], [""·내포장자'"", 75, 20, 261], [""10%"", 92, 24, 126], [""을피하고온도"", 96, 34, 258], [""m"", 87, 28, 629], [""des 5g Added Sugars"", 93, 27, 0], [""가낮은"", 100, 27, 335], [""교환장소구입처"", 116, 33, 257], [""14.00"", 120, 30, 643], [""위원회고시소비자"", 136, 31, 259], [""0%"", 157, 20, 0], [""CAoUm.1Mg 0%"", 158, 26, 63], [""교환또는 보상받을 수있습니다."", 158, 29, 260], [""불량식품신고는번업이39"", 178, 36, 258], [""%"", 184, 21, 0], [""PoTAs.34 M9 0%"", 184, 26, 71], [""자상담 080215-9803/수신자부"", 200, 33, 260], [""wuhow much a nutfent in"", 211, 23, 31], [""영양정보"", 226, 35, 262], [""중내용량 132"", 225, 22, 361], [""100 당 559 /Ca"", 242, 28, 334], [""10099"", 260, 17, 267], [""LE를 42.8 Mq"", 280, 29, 266], [""탄0/590"", 302, 34, 267], [""uc, MILK"", 317, 23, 90], [""T률 53.69"", 325, 34, 272], [""54%"", 328, 29, 395], [""INCENTRATE, SOY LECITHIN AN"", 335, 25, 0], [""), NATURAL AND ARTIFICIAL"", 354, 26, 0], [""지방 33.79"", 348, 27, 268], [""62%"", 350, 29, 394], [""트랜스지방0g"", 370, 33, 275], [""PPERMINT OIL, COLORS ADDED"", 374, 25, 0], [""AKE, BLUE 1 LAKE)."", 393, 24, 0], [""포화지방 3049"", 393, 30, 276], [""03%"", 394, 29, 396], [""UCT CONTAINS MILK AND SOY."", 412, 28, 0], [""콜레스테를2mg"", 416, 32, 269], [""1%"", 418, 26, 410], [""단백질5g"", 439, 36, 267], [""99%"", 441, 34, 406], [""5"", 488, 16, 130], [""K26560-14C23-F"", 490, 29, 267], [""소비기한:"", 516, 32, 265], [""202 03"", 530, 38, 338], [""ANDES CANDIES"", 630, 33, 268], [""DEL A/VAN.W 53115 US4"", 652, 34, 269], [""©TRI,LLC"", 677, 31, 269], [""www.tootsie.com"", 698, 34, 267], [""10-26560-KOR01 PP"", 778, 35, 269]]"
000778,2026,06,22,2026-06-22,det5,9연세우유 | 크림등-복) | Biscoff 2026 06 22 0,"[[""9연세우유"", 48, 52, 414], [""크림등-복)"", 82, 42, 435], [""2026 06 22 0"", 549, 63, 210], [""Biscoff"", 582, 96, 0]]"
000779,2026,06,03,2026-06-03,s1,"0.002 | 리미티드 | 6),저지방코코아피 무소재지: | 시린,합성향료(바닐린향). 신위면 진위서로63) | 알레르기정보:해이즐넷,우유대두함유 ·판매원:매일유업(주)경기도 | 평택시 진위면 진위서로63 | 고객상담/.158-1539 | ·식품유형:과자 반품및교환:구입처 및수입원 | 산환원철,비타인터질산영 비타민B2엽 의거 교환또는 보상 | ·알레르기 정보:밀(글루텐),보리(글루텐) 부정·불량식품 받을 수 있습니다 카 | 신고는국번없이 | 같은 제조시설에서 제조하고 있습니다. | 영양정보 층내용량 529 267 kCA 원산지:캐나다 개봉필름:알루미능 | 나트를 125 M9 6%탄수화물 359. 10% 03 06 2026 | 트랜스지방0g 포화지방 4.79 L234K07--B3 15:37 | 클레스를 1.6M91%단백3.89 | ·소비기한(일-월-년순 까지) | ·냉장보관을하지 마시고. | 0980080005 건조하고서늘한곳에보관","[[""0.002"", 125, 27, 643], [""리미티드"", 233, 20, 382], [""6),저지방코코아피"", 254, 24, 93], [""무소재지:"", 250, 20, 368], [""시린,합성향료(바닐린향)."", 270, 23, 55], [""신위면 진위서로63)"", 266, 23, 342], [""알레르기정보:해이즐넷,우유대두함유"", 288, 29, 43], [""·판매원:매일유업(주)경기도"", 282, 25, 272], [""평택시 진위면 진위서로63"", 300, 22, 275], [""고객상담/.158-1539"", 317, 22, 272], [""·식품유형:과자"", 330, 24, 48], [""반품및교환:구입처 및수입원"", 334, 22, 273], [""산환원철,비타인터질산영 비타민B2엽"", 362, 26, 45], [""의거 교환또는 보상"", 367, 23, 275], [""·알레르기 정보:밀(글루텐),보리(글루텐)"", 394, 20, 50], [""받을 수 있습니다"", 385, 20, 276], [""카"", 397, 58, 601], [""부정·불량식품"", 401, 20, 274], [""신고는국번없이"", 418, 21, 277], [""같은 제조시설에서 제조하고 있습니다."", 430, 22, 46], [""영양정보"", 458, 35, 41], [""원산지:캐나다"", 451, 20, 275], [""개봉필름:알루미능"", 445, 20, 378], [""층내용량 529 267 kCA"", 457, 24, 122], [""나트를 125 M9"", 477, 24, 45], [""6%탄수화물 359. 10%"", 477, 25, 132], [""03 06 2026"", 485, 20, 292], [""포화지방 4.79"", 509, 22, 155], [""L234K07--B3 15:37"", 502, 22, 290], [""트랜스지방0g"", 511, 20, 47], [""클레스를 1.6M91%단백3.89"", 526, 25, 47], [""·소비기한(일-월-년순 까지)"", 581, 24, 284], [""·냉장보관을하지 마시고."", 601, 24, 285], [""0980080005"", 624, 26, 91], [""건조하고서늘한곳에보관"", 616, 25, 289]]"
000780,2026,04,27,2026-04-27,s1,1:일로 | 이크페 프로핑 | 20 | T-SELEC | HS 19.06 | 2026.04.27 | 흔들어 주세요!,"[[""1:일로"", 180, 29, 622], [""프로핑"", 218, 83, 344], [""이크페"", 218, 70, 235], [""20"", 276, 48, 420], [""T-SELEC"", 418, 40, 607], [""HS"", 493, 26, 283], [""19.06"", 494, 29, 356], [""2026.04.27"", 517, 32, 283], [""흔들어 주세요!"", 614, 32, 356]]"
000781,2026,10,02,2026-10-02,s1,05 12 ES A1 | 2026.10.02,"[[""05 12 ES A1"", 460, 40, 278], [""2026.10.02"", 490, 37, 284]]"
000782,NONE,12,19,NONE-12-19,s1,12.19 D1758 | 오플레 | 00배 | 캔슈,"[[""12.19 D1758"", 459, 42, 276], [""오플레"", 740, 84, 178], [""00배"", 826, 131, 179], [""캔슈"", 929, 71, 209]]"
000783,2025,12,21,2025-12-21,s1,저지방/딸기 ACTIVA | 25.12.21UN 15SU20,"[[""ACTIVA"", 289, 378, 361], [""저지방/딸기"", 284, 175, 314], [""25.12.21UN 15SU20"", 520, 67, 197]]"
000784,2027,05,22,2027-05-22,det5,2027.05.22 | 14 56 F,"[[""2027.05.22"", 441, 57, 238], [""14 56 F"", 478, 55, 270]]"
000785,2026,10,15,2026-10-15,det5,OPEN | 026.10.15 | 11 34 29 | COLD | BREW,"[[""OPEN"", 295, 48, 357], [""026.10.15"", 370, 57, 293], [""11 34 29"", 400, 45, 295], [""COLD"", 504, 56, 188], [""BREW"", 528, 64, 169]]"
000786,NONE,12,17,NONE-12-17,det5,"2.1 | 12.17.13.07 까지 | 1 | 신선함의 기준, | 제조일자를 확인하세요! | 서울우유 서울우우","[[""2.1"", 220, 39, 165], [""까지"", 440, 61, 594], [""12.17.13.07"", 447, 46, 189], [""1"", 490, 39, 374], [""신선함의 기준,"", 605, 52, 248], [""제조일자를 확인하세요!"", 655, 56, 147], [""서울우우"", 847, 206, 205], [""서울우유"", 849, 74, 19]]"
000787,2026,04,09,2026-04-09,s1,국산원 | K | 소비기한 까지 | 2026.04.09.09.05 | 서울우유 저지방,"[[""국산원"", 414, 33, 492], [""K"", 453, 60, 496], [""소비기한"", 524, 43, 179], [""까지"", 518, 46, 520], [""2026.04.09.09.05"", 578, 35, 213], [""서울우유"", 656, 62, 170], [""저지방"", 651, 53, 407]]"
000788,NONE,NONE,NONE,NONE,fail,6빙그레 빙그레 빙그레 빙그레 | 아나나앗 아나나앗 바나나g 아나나와 euug 6빙그레 빙그레 | 우R 우유 우유 우유 아나나g 아나나앗 | 200000003 200000000003 000000000002 …… 우유 우유 | !..… | …… | 10006000000 06000006 | ….… 1…. . ·…   ……  그코시 F1 모위시 F1 | …………… AFT1L …… | 100091 vvvNVVV | RZR | 21 ….… …  ………… | ……,"[[""빙그레"", 50, 43, 331], [""아나나앗"", 98, 61, 239], [""우유"", 149, 68, 372], [""….…"", 580, 44, 195], [""……………"", 620, 37, 188], [""빙그레"", 50, 45, 327], [""아나나앗"", 97, 67, 234], [""우R"", 148, 69, 371], [""…… "", 584, 43, 399], [""……"", 268, 86, 567], [""!..…"", 340, 32, 369], [""……"", 376, 39, 148], [""100091"", 731, 41, 409], [""RZR"", 909, 45, 275], [""6빙그레"", 51, 51, 269], [""아나나와"", 98, 63, 240], [""우유"", 151, 66, 372], [""200000003"", 224, 45, 220], [""·…  "", 582, 46, 192], [""6빙그레"", 106, 94, 549], [""아나나g"", 198, 125, 482], [""우유"", 300, 123, 756], [""10006000000"", 454, 122, 275], [""vvvNVVV"", 722, 169, 372], [""21"", 1200, 209, 360], [""… "", 1166, 68, 781], [""빙그레"", 104, 77, 671], [""아나나앗"", 198, 133, 480], [""우유"", 298, 126, 752], [""06000006"", 450, 95, 347], [""….…"", 1170, 71, 399], [""…………"", 1166, 69, 805], [""……"", 1232, 81, 384], [""200000000003"", 229, 80, 160], [""모위시 F1"", 583, 45, 399], [""AFT1L"", 619, 47, 186], [""euug"", 100, 109, 230], [""빙그레"", 51, 47, 330], [""바나나g"", 98, 65, 239], [""우유"", 148, 63, 376], [""000000000002"", 228, 73, 174], [""1…. ."", 582, 47, 191], [""그코시 F1"", 582, 42, 399], [""……"", 619, 43, 188]]"
000789,NONE,12,19,NONE-12-19,s1,2+1 | 2.200 2.300 2.300 2.300 | Unael | .b | 12.19 D1758 | 오플레,"[[""2+1"", 24, 48, 587], [""2.200"", 58, 25, 129], [""2.300"", 66, 20, 241], [""2.300"", 75, 22, 354], [""2.300"", 83, 24, 463], [""Unael"", 154, 27, 25], ["".b"", 206, 22, 447], [""12.19 D1758"", 493, 45, 277], [""오플레"", 816, 95, 162]]"
000790,2022,09,NONE,2022-09-NONE,rot90,"-0141 (28) 1100 < B2) K L 0100%0 formance | 팔424/M912%7연산4.617/mg 영양정보: 원재료명 제조회사 소비기한 | 송 F 1901 550 “ New Taste New Happiness/www.neje.co.kr 1양성분준대한비는20N준므로인의필요열다를수있습니 E랜스지방0g포화지방129.8% 콜레스테0M9 0%단질020% 나트122/9.61%탄수화물/49 23%당69.69%지방1.493% 비타민B2우유함유 01일까지(년월순) 제품 | 0/151289 309kCAl 총내용량81g | 신고는 국번 부적,물량식품","[[""-0141"", 27, 55, 67], [""(28)"", 55, 112, 401], [""1100"", 23, 44, 502], [""<"", 74, 147, 574], [""B2)"", 54, 105, 650], [""L"", 46, 92, 797], [""0100%0"", 64, 117, 826], [""formance"", 78, 155, 854], [""K"", 79, 142, 674], [""1양성분준대한비는20N준므로인의필요열다를수있습니"", 347, 370, 576], [""팔424/M912%7연산4.617/mg"", 264, 207, 605], [""E랜스지방0g포화지방129.8% 콜레스테0M9 0%단질020%"", 346, 372, 630], [""나트122/9.61%탄수화물/49 23%당69.69%지방1.493%"", 346, 371, 660], [""영양정보:"", 214, 103, 722], [""New Taste New Happiness/www.neje.co.kr"", 385, 400, 538], [""원재료명"", 214, 74, 858], [""제조회사"", 216, 77, 886], [""소비기한"", 218, 75, 926], [""비타민B2우유함유"", 325, 136, 814], [""F"", 282, 29, 172], [""01일까지(년월순)"", 350, 180, 910], [""제품"", 289, 50, 940], [""송"", 323, 90, 0], [""1901 550"", 360, 144, 163], [""“"", 341, 22, 395], [""0/151289"", 466, 129, 186], [""309kCAl"", 461, 91, 693], [""총내용량81g"", 473, 124, 712], [""신고는 국번"", 556, 109, 898], [""부적,물량식품"", 569, 126, 919]]"
000791,2026,06,30,2026-06-30,erode5,26.06.30.21843 0 | MREA.1002론,"[[""26.06.30.21843 0"", 554, 51, 213], [""MREA.1002론"", 640, 66, 159]]"
000792,2026,04,05,2026-04-05,s1,uabel | 1+1 101 | ARISI | 2026.04.05 | 1드: 4E D,"[[""uabel"", 23, 29, 17], [""101"", 22, 41, 206], [""1+1"", 61, 46, 56], [""ARISI"", 164, 52, 75], [""2026.04.05"", 498, 36, 140], [""1드: 4E D"", 528, 23, 144]]"
000793,2026,05,06,2026-05-06,s1,NRI MAT | 1+1 207 200 | 1+1 | 양있는 | 매일우유 | F2 K 03.53 | 2026.05.06 | 흔들어드세요 | 언스위트,"[[""NRI MAT"", 29, 35, 0], [""200"", 34, 33, 412], [""207"", 67, 36, 307], [""1+1"", 112, 38, 155], [""1+1"", 148, 35, 37], [""양있는"", 205, 32, 159], [""매일우유"", 258, 46, 8], [""F2 K 03.53"", 498, 31, 224], [""2026.05.06"", 521, 30, 225], [""흔들어드세요"", 547, 32, 412], [""언스위트"", 638, 36, 305]]"
000794,2026,10,27,2026-10-27,s1,02.J00 | 2026.10.27,"[[""02.J00"", 244, 23, 433], [""2026.10.27"", 504, 47, 290]]"
000795,NONE,NONE,NONE,NONE,fail,E13/137 SIANTAR TOP Endak Endak Endak Endak Endak EndOK | yppUE HIGH TASTE SPECIAUST | GEMEE | Enaas | LEVEL LEVEL3 EVEL SPICY SPICY SPICY VIIS BSVL ROI SPICY NTAR TOP IANTAR TOP ANTAR TOP ANTAR TOP ndak | Enaas Enaak Enaas LEVEL3 오에스 2예스 | yOpUE | LSITVIS3S 3SVLI IGH IANTAR TOP IANTAR TOP | - | 오에스 오에스 | FO,"[[""Endak"", 90, 67, 544], [""SPICY"", 545, 156, 23], [""LEVEL"", 554, 101, 0], [""Enaak"", 754, 399, 140], [""ANTAR TOP"", 606, 119, 571], [""오에스"", 918, 70, 599], [""Endak"", 88, 81, 541], [""SPICY"", 544, 185, 16], [""LEVEL3"", 561, 128, 0], [""IANTAR TOP"", 600, 144, 566], [""Enaas"", 749, 414, 146], [""E13/137"", 34, 69, 339], [""VIIS BSVL ROI"", 590, 51, 316], [""ndak"", 624, 124, 846], [""yppUE"", 105, 135, 55], [""SIANTAR TOP"", 112, 73, 521], [""HIGH TASTE SPECIAUST"", 130, 53, 536], [""GEMEE"", 367, 90, 709], [""Enaas"", 486, 231, 525], [""SPICY"", 638, 116, 463], [""LEVEL3"", 687, 67, 506], [""yOpUE"", 872, 67, 22], [""ANTAR TOP"", 607, 121, 571], [""EndOK"", 178, 91, 1103], [""IANTAR TOP"", 1204, 267, 1145], [""FO"", 1712, 32, 6], [""오에스"", 1835, 128, 1206], [""Endak"", 180, 127, 1091], [""IANTAR TOP"", 1204, 254, 1150], [""IGH"", 1117, 60, 1188], [""-"", 1136, 23, 113], [""LSITVIS3S 3SVLI"", 1200, 155, 1136], [""오에스"", 1838, 134, 1202], [""Endak"", 90, 63, 549], [""Endak"", 90, 67, 546], [""EVEL"", 559, 65, 15], [""NTAR TOP"", 610, 105, 571], [""2예스"", 922, 53, 612], [""SPICY"", 547, 160, 17], [""Enaas"", 755, 390, 147]]"
000796,NONE,NONE,NONE,NONE,fail,DDU HIGH TASTE SPECIAST SIANTAR TOP | GEME | TASTES SIANTAR TOP IANTAR TOP Enaa unlbl frean fraan | nad EMY | 6 | Y 30S 315V1 MIGH IANTAR TOP IANTAR TOP | GEMSE CEMY,"[[""SIANTAR TOP"", 603, 177, 571], [""nad"", 793, 334, 102], [""SIANTAR TOP"", 102, 82, 522], [""HIGH TASTE SPECIAST"", 123, 60, 534], [""GEME"", 389, 100, 743], [""Enaa"", 523, 260, 525], [""DDU"", 212, 425, 390], [""IANTAR TOP"", 613, 146, 576], [""TASTES"", 588, 42, 589], [""EMY"", 819, 101, 297], [""unlbl"", 605, 42, 851], [""frean"", 646, 41, 866], [""IANTAR TOP"", 1224, 296, 1156], [""CEMY"", 1632, 209, 613], [""fraan"", 648, 43, 867], [""6"", 1008, 49, 914], [""MIGH"", 1116, 73, 1205], [""IANTAR TOP"", 1224, 290, 1158], [""Y"", 1172, 187, 0], [""30S 315V1"", 1192, 111, 1169], [""GEMSE"", 1648, 348, 544]]"
000797,2026,08,25,2026-08-25,s1,IANTAR Tor | MAKANAN RINGAR | NOODLE SNAC | GEMEL | Enaak | 25 08 2025 25 25 08 2026 A1 Eetr | Eat | CHICKEN | FLAVOUR | Time 아있,"[[""IANTAR"", 62, 29, 39], [""Tor"", 59, 20, 157], [""MAKANAN RINGAR"", 53, 40, 559], [""NOODLE SNAC"", 68, 37, 583], [""GEMEL"", 349, 112, 246], [""Enaak"", 477, 275, 11], [""Eetr"", 628, 183, 434], [""25 08 2025 25"", 658, 51, 219], [""25 08 2026 A1"", 691, 50, 220], [""Eat"", 708, 57, 658], [""CHICKEN"", 786, 54, 83], [""FLAVOUR"", 825, 58, 71], [""아있"", 858, 83, 616], [""Time"", 848, 53, 500]]"
000798,NONE,12,20,NONE-12-20,s1,43 | 비요 비요 | 24 24 | 12.20 D1539 | 1000 요플레,"[[""43"", 82, 47, 631], [""비요"", 184, 31, 153], [""비요"", 191, 42, 265], [""24"", 262, 41, 455], [""24"", 270, 30, 509], [""12.20 D1539"", 501, 40, 261], [""요플레"", 782, 75, 264], [""1000"", 846, 157, 187]]"
000799,NONE,12,20,NONE-12-20,s1,12.20 D1539 | 요플레,"[[""12.20 D1539"", 482, 52, 253], [""요플레"", 909, 106, 244]]"
000800,2026,08,12,2026-08-12,s1,데인 - 마일드로스트 | 동서이니카누아입드입 | W3.800 15.500 N5.500 | 농심 참재 | 떡복이 | 이백면안 | 품질유지기한 | 2026.08.12 | 52257848 15.52,"[[""-"", 28, 40, 42], [""데인"", 44, 23, 0], [""마일드로스트"", 37, 27, 158], [""동서이니카누아입드입"", 115, 28, 82], [""N5.500"", 114, 26, 533], [""15.500"", 127, 28, 354], [""W3.800"", 136, 31, 110], [""참재"", 229, 97, 577], [""농심"", 245, 34, 316], [""떡복이"", 336, 75, 303], [""이백면안"", 407, 58, 525], [""품질유지기한"", 478, 37, 93], [""2026.08.12"", 522, 29, 211], [""52257848"", 564, 29, 211], [""15.52"", 563, 30, 394]]"
000801,2026,03,25,2026-03-25,s1,2.800 | ARISIA | 2026.03.25 | 01.39 F1 | EST 2018 | ORGANI | 황산류 호두 것을 사용한 제품과 | 있습니다.부정 불량식품신고:국빈 | 125 M2당 | 4%12%10% 00 0% 00 | 유산? 발요액,"[[""2.800"", 38, 31, 106], [""ARISIA"", 120, 73, 60], [""2026.03.25"", 446, 35, 223], [""01.39 F1"", 480, 31, 241], [""2018"", 596, 29, 406], [""EST"", 601, 35, 228], [""ORGANI"", 684, 80, 199], [""황산류 호두 것을 사용한 제품과"", 764, 33, 245], [""있습니다.부정 불량식품신고:국빈"", 787, 36, 236], [""125 M2당"", 810, 39, 218], [""4%12%10%"", 855, 32, 242], [""0%"", 851, 20, 379], [""00"", 865, 28, 346], [""00"", 868, 22, 383], [""유산? 발요액"", 947, 22, 293]]"
000802,2026,07,03,2026-07-03,s1,"허니머스타드 | 유형 소/품목보2번호 /2001044505534 | 포장재질 용기-폴리에틸렌(내면],뚜껑-폴리에틸렌 | 나다.미국,우크라이나 등).향미유건조당밀 /벤지식이섬유 잔탄검,겨자분겨자외국산캐 영양정보 1009당 285/C2 층내용량 20659 | 호소저 향신료 영양화제 대 대두계란함유 나트룹 650M9g 3% 탄수화물 279.8% | @주식회사 오뚜기 담률 229 22% 지방 19 35% | 층북 0성 대소면 대풍산단로 128 | :일토아토우되지고기고기조개 E랜스지방 0g 포화지방 4.69 31% | 혼입가능·소비자기본법에 따라 피해 보상· 콜레스테15M9g 5% 단백질 10 2% | 는국이 광선을피해사한 곳에보관개봉후에는 18 영8성부 기M 02 MN2 200/2022 | 인의 들요 열에 따라다를 수 있습니다. | 장0MOC 보관하시고 엌지 않도록 주의하 | 심시오·표준의번호 및 명칭SH20드레싱인증 | 20식#연제203-06증/8한국연구원 | 2객상담08-024-23주요 8801045/176338 | 소비기한 DN2 | OTHER 2026.07.03 까지 | 09.15","[[""허니머스타드"", 186, 26, 252], [""유형 소/품목보2번호 /2001044505534"", 219, 26, 196], [""포장재질 용기-폴리에틸렌(내면],뚜껑-폴리에틸렌"", 242, 25, 188], [""/벤지식이섬유 잔탄검,겨자분겨자외국산캐"", 334, 28, 129], [""영양정보"", 354, 43, 306], [""층내용량 20659"", 342, 20, 444], [""나다.미국,우크라이나 등).향미유건조당밀"", 357, 29, 128], [""1009당 285/C2"", 362, 31, 420], [""호소저 향신료 영양화제 대"", 378, 30, 127], [""대두계란함유"", 384, 27, 234], [""나트룹 650M9g 3% 탄수화물 279.8%"", 388, 29, 309], [""@주식회사 오뚜기"", 402, 26, 132], [""층북 0성 대소면 대풍산단로 128"", 424, 35, 131], [""담률 229 22% 지방 19 35%"", 414, 31, 311], ["":일토아토우되지고기고기조개"", 442, 31, 128], [""E랜스지방 0g 포화지방 4.69 31%"", 439, 28, 311], [""혼입가능·소비자기본법에 따라 피해 보상·"", 462, 29, 128], [""는국이"", 481, 40, 125], [""콜레스테15M9g 5% 단백질 10 2%"", 465, 30, 311], [""광선을피해사한 곳에보관개봉후에는"", 498, 33, 127], [""18 영8성부 기M 02 MN2 200/2022"", 491, 28, 317], [""장0MOC 보관하시고 엌지 않도록 주의하"", 517, 30, 129], [""인의 들요 열에 따라다를 수 있습니다."", 506, 23, 318], [""심시오·표준의번호 및 명칭SH20드레싱인증"", 536, 35, 130], [""20식#연제203-06증/8한국연구원"", 553, 36, 129], [""2객상담08-024-23주요"", 576, 41, 129], [""8801045/176338"", 579, 26, 349], [""소비기한"", 603, 30, 221], [""DN2"", 602, 32, 418], [""2026.07.03"", 636, 29, 236], [""OTHER"", 646, 26, 161], [""까지"", 645, 28, 420], [""09.15"", 668, 31, 279]]"
000803,2026,09,13,2026-09-13,s1,쌀56% | 함유 | Mil | CLASSIC | 2026/09/13 | 입안에서 사르르,"[[""쌀56%"", 166, 37, 565], [""함유"", 186, 27, 589], [""Mil"", 360, 164, 370], [""CLASSIC"", 474, 65, 408], [""2026/09/13"", 544, 46, 273], [""입안에서 사르르"", 890, 38, 479]]"
000804,2027,09,01,2027-09-01,erode5,P정 용어 | EXP 010927,"[[""P정 용어"", 570, 53, 238], [""EXP 010927"", 610, 47, 233]]"
000805,2027,11,NONE,2027-11-NONE,fail,"nance nance iance nance 제조 원재료명 원재료명 제조회사 원재료명 원재료명 제조회사 설탕,포도당,둘 설탕,포도당,물옛 설탕,포도당,물옛,구연 제조회사 제조회사 유화제.유당영화갈들0.6%,성향료(자몽항)푸마르산나트름 | rance iance 비타민B2 CU1 비타민B2우유함유 비타민B2 우유함유 ① 우유함유 원재료명 원재료명 설탕,포도당,물옛,구연산 설탕,포도당,물엿,구연산 T< /B2) K nance 101.54/ 181.54% | 6 영양정보: 영양정보: 영양정보: 총내용량81g 총내용량81g 총내용량81g 비타민B2 비타민B2 우유함유 우유함유 | go EK EK EK R dd 12/61수화/23/9691./03 MNC-4£CT 309kCAl 309kCAl 309kCAl 영양정보: 원재료명 제조회시 | /B2) /B2) B2) 한스지09포화지129.8%스90%단090% 2랜스시방0포지방129.8%클레스테0M90%단질090% 682/SL0SSL06 비닐류 0221/0/49 424/g 12%/7연4.61/mg/ | PTT 424/M9 12%7연산4.61/mg 424Mg 12%7연4.61/mg 424/Mg 12%7연산4.61/mg/ PP PP PP 2 | LT<1 UT<t 207041 68을해울 B0K0 1901550151289 영양정보: 영양정보: 일양성분지 비은므로인의필다를수있니 1일영양성분기준지에대은2기준으로인의필요량에따다수있니 New Taste New Happiness /www.neje.co.kr New Taste New Happiness /www.neje.co.kr New Taste New Happiness/www.neje.co.kr New Taste New Happiness/www,neje.co.kr (6(0) () New Taste New Happiness/www.neje.co.kr 4C그 구74> 682L SUOSSL061 309kCAl 309kCAl 총내용량81g 총내용량81g 비타민B2우유함유 설탕,포도당,물엿,구연산나 | ① EK 1EK ( () () () () ……… “ 트수% E122/961수화/923%/969지/03 309kCAl 총내용량81g X2 | ) ) /B2) /B2) … U219NO/% 6U2 2027.7/0R/11 2027.7/UR/+1 E랜스지방0g 포화지방1.298% 콜레스태OM9 0%단질0g0% 랜스지방0포지129.8% 콜레스테M90%단질090% ( '비닐류 '비닐류 | T—I T264 1C … T264 1C (6(0) 424M9 12%구연산4.61/Mg 팔424/Mg 12%7연산4.61/mg | 0 비닐류 PP PP | ① ① ① UT<t UT<41 dd <>27 기구0 ( 성한비어무의따다있니 일성분지한기이므로는필요따다를수있니다 <1>2 New Taste New Happiness /www.neje.co.kr New Taste New Happiness/www.neje.co.kr 4C그 09.021 00221/049 | NCU CC 6U2L9 NBT %21 OU2 | ① 4 4 4901550151289 1901550/151289 2901550 151289 1901 550151289 1901550151289 | sbt. | 68융 O CO tnte | (UO) ()) | A10 A10 A1o A1o | ) * | U | ① ① | NCL | 4 4901550151289 1901550151289 | 95 | A10","[[""제조회사"", 13, 26, 111], [""설탕,포도당,물옛"", 20, 36, 193], [""nance"", 40, 47, 0], [""원재료명"", 34, 37, 110], [""비타민B2우유함유"", 62, 43, 192], [""총내용량81g"", 134, 49, 358], [""영양정보:"", 156, 45, 100], [""309kCAl"", 163, 36, 360], [""EK"", 212, 49, 0], [""비닐류"", 211, 30, 511], [""/B2)"", 242, 34, 0], [""PP"", 259, 24, 522], [""424Mg 12%7연4.61/mg"", 268, 45, 103], [""LT<1"", 318, 44, 0], [""New Taste New Happiness/www.neje.co.kr"", 329, 52, 126], ["")"", 499, 38, 0], [""…"", 490, 33, 169], [""…"", 527, 38, 169], [""①"", 689, 46, 0], [""1901 550151289"", 726, 74, 239], [""tnte"", 816, 34, 491], [""A10"", 932, 55, 254], [""()"", 415, 57, 123], [""제조회사"", 12, 26, 110], [""설탕,포도당,물옛,구연"", 18, 38, 192], [""nance"", 38, 45, 0], [""원재료명"", 33, 40, 110], [""우유함유"", 58, 41, 250], [""비타민B2"", 66, 31, 191], [""총내용량81g"", 134, 51, 356], [""영양정보:"", 156, 52, 97], [""309kCAl"", 162, 39, 360], [""EK"", 212, 51, 0], [""한스지09포화지129.8%스90%단090%"", 233, 66, 97], [""/B2)"", 242, 35, 0], [""PP"", 258, 27, 519], [""424/M9 12%7연산4.61/mg"", 268, 49, 100], [""1일영양성분기준지에대은2기준으로인의필요량에따다수있니"", 295, 63, 97], [""New Taste New Happiness /www.neje.co.kr"", 329, 52, 124], [""①"", 422, 42, 0], [""("", 422, 47, 121], [""()"", 414, 43, 246], ["")"", 500, 33, 0], [""①"", 688, 50, 0], [""NCU"", 714, 47, 0], [""4"", 744, 25, 222], [""1901550151289"", 725, 82, 242], [""A10"", 930, 60, 248], [""CU1"", 86, 174, 221], [""①"", 84, 170, 247], [""T<"", 47, 96, 619], [""/B2)"", 22, 45, 706], [""K"", 49, 100, 723], [""nance"", 49, 100, 901], [""424/g 12%/7연4.61/mg/"", 203, 215, 665], [""영양정보:"", 147, 99, 779], [""New Taste New Happiness/www.neje.co.kr"", 340, 441, 606], [""원재료명"", 148, 80, 909], [""제조회시"", 143, 68, 935], [""()"", 376, 510, 516], [""비타민B2우유함유"", 260, 140, 878], [""설탕,포도당,물엿,구연산나"", 273, 168, 919], [""PTT"", 274, 84, 135], [""1901550151289"", 387, 284, 191], [""309kCAl"", 406, 93, 781], [""총내용량81g"", 421, 131, 802], [""비닐류"", 534, 53, 731], [""(6(0)"", 342, 509, 390], [""R"", 186, 56, 194], [""dd"", 185, 34, 249], [""682L SUOSSL061"", 331, 282, 681], [""68을해울"", 299, 136, 107], [""B0K0"", 314, 92, 143], [""X2"", 429, 97, 820], [""U219NO/% 6U2"", 519, 210, 241], [""“"", 429, 34, 492], [""4C그"", 633, 170, 669], [""09.021"", 632, 172, 694], [""00221/049"", 651, 132, 742], [""기구0"", 663, 112, 402], [""<>27"", 672, 96, 294], [""("", 669, 100, 477], [""6"", 162, 75, 94], [""MNC-4£CT"", 171, 89, 190], [""0221/0/49"", 198, 41, 589], [""682/SL0SSL06"", 234, 73, 198], [""2"", 245, 42, 550], [""4C그"", 270, 42, 551], [""구74>"", 300, 36, 650], [""………"", 433, 34, 394], [""("", 462, 29, 686], [""0"", 536, 37, 617], [""(6(0)"", 544, 53, 88], [""<1>2"", 641, 42, 629], [""dd"", 700, 25, 171], [""6U2L9 NBT %21 OU2"", 692, 44, 423], [""68융"", 824, 49, 233], [""제조"", 12, 21, 114], [""유화제.유당영화갈들0.6%,성향료(자몽항)푸마르산나트름"", 32, 67, 185], [""설탕,포도당,둘"", 22, 29, 194], [""iance"", 40, 41, 0], [""원재료명"", 33, 32, 113], [""비타민B2 우유함유"", 62, 42, 193], [""총내용량81g"", 134, 50, 356], [""영양정보:"", 155, 46, 100], [""309kCAl"", 163, 36, 360], [""12/61수화/23/9691./03"", 204, 68, 98], [""EK"", 212, 47, 0], [""2랜스시방0포지방129.8%클레스테0M90%단질090%"", 233, 63, 99], [""B2)"", 242, 34, 0], [""PP"", 260, 20, 523], [""424/Mg 12%7연산4.61/mg/"", 268, 45, 104], [""일양성분지 비은므로인의필다를수있니"", 295, 58, 99], [""207041"", 316, 28, 8], [""New Taste New Happiness /www.neje.co.kr"", 329, 50, 126], [""()"", 415, 53, 125], [""T—I"", 528, 39, 166], [""①"", 689, 44, 0], [""①"", 740, 49, 0], [""4901550151289"", 728, 79, 216], [""CO"", 833, 70, 329], [""A1o"", 932, 51, 255], [""제조회사"", 22, 49, 226], [""101.54/"", 15, 35, 1026], [""설탕,포도당,물옛,구연산"", 38, 80, 384], [""원재료명"", 68, 65, 226], [""iance"", 80, 86, 0], [""우유함유"", 114, 71, 507], [""비타민B2"", 134, 51, 389], [""총내용량81g"", 270, 79, 721], [""영양정보:"", 316, 89, 201], [""309kCAl"", 325, 60, 721], [""트수%"", 408, 128, 196], [""'비닐류"", 424, 55, 1022], [""1EK"", 424, 76, 1], [""E랜스지방0g 포화지방1.298% 콜레스태OM9 0%단질0g0%"", 467, 118, 198], [""/B2)"", 484, 63, 0], [""PP"", 520, 46, 1043], [""424M9 12%구연산4.61/Mg"", 537, 84, 206], [""성한비어무의따다있니"", 591, 120, 186], [""UT<41"", 632, 83, 0], [""New Taste New Happiness/www.neje.co.kr"", 658, 95, 256], [""(UO)"", 830, 69, 495], [""U"", 1320, 63, 1], [""①"", 1377, 78, 0], [""4901550151289"", 1456, 156, 435], [""제조회사"", 22, 48, 226], [""181.54%"", 15, 32, 1032], [""설탕,포도당,물엿,구연산"", 36, 71, 391], [""원재료명"", 68, 65, 226], [""rance"", 80, 79, 0], [""우유함유"", 115, 59, 516], [""비타민B2"", 134, 51, 388], [""go"", 206, 42, 2], [""총내용량81g"", 271, 80, 722], [""영양정보:"", 312, 97, 200], [""309kCAl"", 325, 60, 724], [""E122/961수화/923%/969지/03"", 409, 130, 196], [""'비닐류"", 424, 59, 1021], [""EK"", 424, 80, 0], [""랜스지방0포지129.8% 콜레스테M90%단질090%"", 467, 120, 199], [""/B2)"", 484, 61, 0], [""PP"", 520, 47, 1044], [""팔424/Mg 12%7연산4.61/mg"", 536, 84, 208], [""일성분지한기이므로는필요따다를수있니다"", 591, 122, 199], [""UT<t"", 636, 78, 0], [""New Taste New Happiness /www.neje.co.kr"", 658, 90, 257], [""())"", 830, 71, 520], ["")"", 996, 53, 3], [""*"", 992, 32, 80], [""①"", 1379, 81, 0], [""NCL"", 1429, 78, 0], [""4"", 1484, 48, 449], [""1901550151289"", 1456, 151, 476], [""95"", 1597, 80, 1124], [""A10"", 1866, 93, 520], [""2027.7/UR/+1"", 485, 54, 163], [""T264 1C"", 527, 46, 164], [""2901550 151289"", 727, 76, 241], [""원재료명"", 34, 29, 113], [""nance"", 40, 41, 0], [""UT<t"", 318, 44, 0], [""New Taste New Happiness/www,neje.co.kr"", 329, 49, 128], [""()"", 415, 57, 123], [""2027.7/0R/11"", 486, 51, 164], [""T264 1C"", 527, 43, 164], [""CC"", 714, 44, 1], [""4"", 743, 16, 228], [""1901550/151289"", 726, 77, 232], [""sbt."", 762, 41, 1], [""O"", 838, 53, 332], [""A1o"", 932, 55, 254]]"
000806,2026,10,02,2026-10-02,s1,3 | [nel] | nbe | 3.500 | nbe | 여수너공를글 | 2026 1002 16.30 2041255 | ASSAM MILK TEA,"[[""3"", 24, 21, 1], [""[nel]"", 60, 26, 0], [""nbe"", 102, 34, 280], [""3.500"", 153, 40, 1], [""nbe"", 180, 59, 563], [""여수너공를글"", 372, 43, 317], [""2026 1002 16.30 2041255"", 519, 60, 96], [""ASSAM MILK TEA"", 704, 57, 88]]"
000807,2026,05,29,2026-05-29,s1,EXP 29/05/2026 | 04.03.39J11 | shake wel/,"[[""EXP 29/05/2026"", 292, 55, 152], [""04.03.39J11"", 344, 46, 153], [""wel/"", 698, 110, 472], [""shake"", 684, 133, 310]]"
000808,2026,06,12,2026-06-12,det5,BARISIA 콜드 | le | 2.1 | 2026.06.12 | 2026.06.12 | 미디엄 우유(국내산)35%,"[[""콜드"", 88, 85, 503], [""BARISIA"", 130, 156, 95], [""le"", 208, 41, 254], [""2.1"", 269, 47, 13], [""2026.06.12"", 453, 69, 260], [""2026.06.12"", 576, 84, 258], [""우유(국내산)35%"", 872, 138, 200], [""미디엄"", 924, 75, 210]]"
000809,2026,08,30,2026-08-30,clahe,"13 42 B1 | 2026.08.30 | 상양키광원공장, | 광혜원면축 킬114 | (주)빙그레 경기도","[[""13 42 B1"", 372, 67, 257], [""2026.08.30"", 435, 60, 231], [""상양키광원공장,"", 752, 221, 13], [""광혜원면축 킬114"", 831, 144, 94], [""(주)빙그레 경기도"", 920, 78, 184]]"
000810,2026,03,31,2026-03-31,s1,26.03.31 | B/1020 | 10 | nl분,"[[""26.03.31"", 477, 64, 165], [""B/1020"", 538, 59, 173], [""10"", 778, 62, 138], [""nl분"", 861, 46, 645]]"
000811,2026,03,31,2026-03-31,s1,26.03.31 | B/1020 | 00.10 | C5UD. Nl,"[[""26.03.31"", 519, 46, 263], [""B/1020"", 562, 42, 271], [""00.10"", 732, 41, 245], [""C5UD."", 793, 46, 230], [""Nl"", 789, 40, 607]]"
000812,2026,05,29,2026-05-29,s1,Hel Hej! Im Im | Real Real | 100 100 | 2.1 101 | EXP 29/05/2026 | 04.03.39J11 | Best B | shake wel/,"[[""Hel Hej!"", 38, 76, 49], [""Im"", 76, 39, 335], [""Im"", 73, 40, 467], [""Real"", 111, 52, 329], [""Real"", 110, 58, 456], [""100"", 148, 33, 341], [""100"", 148, 43, 461], [""2.1"", 236, 48, 108], [""101"", 222, 30, 329], [""EXP 29/05/2026"", 412, 36, 203], [""04.03.39J11"", 448, 38, 200], [""Best B"", 486, 32, 663], [""wel/"", 699, 88, 425], [""shake"", 695, 104, 319]]"
000813,2021,02,01,2021-02-01,s1,"F305/2F9/1 | Cte ge i e | nlel | 9연세우유 | 210201 21.000 | 1109 580 KCA0 | iscoff.com 을 참조해주세요 | s Bakeries Belgie, | 0T 52.9971LeMbeke | -에서 생산하였습니다. 2026 08 24 F9 | Best before","[[""F305/2F9/1"", 20, 41, 265], [""Cte ge i e"", 44, 33, 288], [""nlel"", 62, 29, 322], [""9연세우유"", 158, 39, 71], [""21.000"", 289, 31, 535], [""210201"", 301, 30, 300], [""1109 580 KCA0"", 378, 25, 380], [""iscoff.com 을 참조해주세요"", 426, 34, 0], [""s Bakeries Belgie,"", 450, 26, 0], [""0T 52.9971LeMbeke"", 476, 28, 0], [""-에서 생산하였습니다."", 504, 26, 3], [""2026 08 24 F9"", 509, 34, 271], [""Best before"", 598, 26, 510]]"
000814,2026,06,22,2026-06-22,erode5,산드 | coff. 2026 06 22 07,"[[""산드"", 104, 66, 2], [""2026 06 22 07"", 482, 54, 163], [""coff."", 518, 97, 0]]"
000815,2026,06,22,2026-06-22,erode5,2026 06 22 0,"[[""2026 06 22 0"", 498, 88, 83]]"
000816,2026,10,09,2026-10-09,erode5,2026.10.09F41 | EASY OUT | JELLI | HE 젤리 VELI | 블리 | Apple Shine,"[[""2026.10.09F41"", 426, 65, 194], [""EASY OUT"", 498, 40, 257], [""JELLI"", 590, 60, 251], [""VELI"", 624, 121, 357], [""HE"", 638, 81, 177], [""Apple Shine"", 910, 94, 162], [""젤리"", 678, 117, 247], [""블리"", 761, 102, 257]]"
000817,2026,12,NONE,2026-12-NONE,s1,테이b 테이라l | 모지E 본NE | 43.43 | 스1개1 E E | DBE NY 12 2026,"[[""테이b"", 154, 29, 482], [""테이라l"", 149, 24, 597], [""모지E"", 180, 33, 459], [""본NE"", 175, 40, 573], [""43.43"", 264, 89, 443], [""스1개1 E E"", 434, 64, 178], [""DBE NY 12 2026"", 511, 58, 178]]"
000818,2026,05,12,2026-05-12,erode3,V251321 15639 0825 | DBE.MAY 12 2026,"[[""V251321 15639 0825"", 424, 83, 148], [""DBE.MAY 12 2026"", 541, 80, 154]]"
000819,2026,05,18,2026-05-18,s2,2+1 2+1 | 115.000 | 2300 2300 b | 1마 | 김치 | BEST BEF0RE.18.05.2026 | M118821 8 23 14.23 G1 | (x%EZ) | LOLLS09/ | CYTIW | e | 6U 009 | 00 | %Z7 J,"[[""2+1"", 32, 63, 338], [""2+1"", 35, 62, 497], [""115.000"", 106, 27, 177], [""b"", 124, 20, 556], [""2300"", 138, 23, 403], [""2300"", 140, 27, 546], [""1마"", 267, 36, 673], [""김치"", 341, 62, 485], [""(x%EZ)"", 557, 60, 294], [""LOLLS09/"", 610, 73, 559], [""CYTIW"", 646, 55, 172], [""e"", 676, 71, 489], [""6U 009"", 776, 51, 167], [""00"", 892, 35, 96], [""J"", 912, 87, 353], [""%Z7"", 940, 42, 70], [""BEST BEF0RE.18.05.2026"", 426, 54, 132], [""M118821 8 23 14.23 G1"", 454, 46, 138]]"
000820,2026,05,18,2026-05-18,s2,"05.002 | 00 | naub | BEST BEF0RE.18.05.2026 | M118821 8 23 14 23 01 | (PTIW) | o | 내응 unipos | 6U 009 09 6U86 siebns WVOOT WOH VIVAOIS NIW | 609 | U] L0LLS | B, aq","[[""05.002"", 25, 30, 209], [""naub"", 69, 24, 460], [""L0LLS"", 660, 81, 642], [""WVOOT WOH VIVAOIS NIW"", 668, 168, 410], [""unipos"", 726, 67, 304], [""siebns"", 746, 58, 320], [""U]"", 744, 95, 497], [""aq"", 766, 123, 514], [""(PTIW)"", 820, 61, 13], [""6U86"", 827, 50, 192], [""o"", 874, 23, 7], [""6U 009"", 876, 65, 89], [""09"", 894, 63, 107], [""내응"", 906, 63, 1], [""609"", 927, 47, 151], [""B,"", 931, 57, 300], [""00"", 50, 16, 475], [""BEST BEF0RE.18.05.2026"", 400, 66, 36], [""M118821 8 23 14 23 01"", 441, 54, 42]]"
000821,2026,02,02,2026-02-02,s1,20121 | PEEL HERE | 클김지 | EXP 26/02/02FV | 0311.20.28 ab | schoolchoice. | ·수입업소명 및 소재지 함량:부분탈지우유 원산지:미국°내용 ·식품유형:치스,"[[""20121"", 180, 62, 493], [""PEEL HERE"", 311, 44, 272], [""클김지"", 429, 82, 560], [""EXP 26/02/02FV"", 472, 63, 276], [""0311.20.28"", 516, 50, 281], [""ab"", 526, 29, 610], [""schoolchoice."", 713, 70, 252], [""·수입업소명 및 소재지"", 823, 142, 292], [""함량:부분탈지우유"", 822, 140, 311], [""원산지:미국°내용"", 815, 123, 335], [""·식품유형:치스"", 811, 106, 359]]"
000822,2026,02,02,2026-02-02,det5,2.1 | PEEL HEPE | EP.26/02/02V | 0311 20.28 | chool choice. | 함량:부분탈지우유 ·원산지:미국°내용 식품유형:,"[[""2.1"", 145, 58, 624], [""PEEL HEPE"", 212, 75, 228], [""EP.26/02/02V"", 414, 80, 240], [""0311 20.28"", 464, 79, 235], [""chool"", 695, 79, 226], [""choice."", 704, 67, 352], [""함량:부분탈지우유"", 826, 166, 279], [""·원산지:미국°내용"", 820, 149, 311], [""식품유형:"", 815, 132, 333]]"
000823,2027,02,23,2027-02-23,s1,Using our classic Fr | our Brioche kee | for longer and are sti | thanks to our perre | our in-house sta | that uses wil | 312565401003347 | BBD(YYWY/MMDD): | 2027/02/23 | L25 35 1 마 | 03 13 16 01 P,"[[""Using our classic Fr"", 13, 27, 558], [""our Brioche kee"", 35, 26, 589], [""for longer and are sti"", 60, 36, 546], [""thanks to our perre"", 85, 34, 563], [""our in-house sta"", 109, 32, 581], [""that uses wil"", 133, 30, 603], [""312565401003347"", 420, 49, 259], [""BBD(YYWY/MMDD):"", 554, 57, 246], [""2027/02/23"", 594, 51, 212], [""L25 35 1"", 674, 67, 192], [""마"", 671, 30, 542], [""03 13 16 01 P"", 732, 83, 202]]"
000824,NONE,12,18,NONE-12-18,s1,[Unlabe] | 바나나앗 | 비요며 비요뜨 | 12.18.10.41 F5 까지 | 12.06.10.41.01 | 산선함의 기준 | 서울우유 서울우유,"[[""[Unlabe]"", 58, 22, 119], [""바나나앗"", 83, 40, 104], [""비요며"", 338, 53, 364], [""비요뜨"", 360, 60, 552], [""12.18.10.41 F5"", 460, 34, 182], [""까지"", 481, 56, 510], [""12.06.10.41.01"", 498, 36, 183], [""산선함의 기준"", 606, 46, 227], [""서울우유"", 782, 141, 196], [""서울우유"", 768, 57, 55]]"
000825,2026,06,22,2026-06-22,s1,0.3020 | 흔들어드세요 | 2026.06.22.17.34.10,"[[""0.3020"", 13, 20, 428], [""흔들어드세요"", 334, 38, 166], [""2026.06.22.17.34.10"", 444, 51, 131]]"
000826,2026,06,22,2026-06-22,s1,흔들어드세요 | 2026.06.22.17.34.20,"[[""흔들어드세요"", 340, 37, 127], [""2026.06.22.17.34.20"", 460, 51, 88]]"
000827,2026,08,09,2026-08-09,erode5,c제 | 20260809 B | 24 691.197,"[[""c제"", 404, 39, 263], [""20260809 B"", 481, 60, 208], [""24"", 517, 52, 202], [""691.197"", 560, 35, 572]]"
000828,NONE,NONE,NONE,NONE,fail,"[Unbel | Melon Aavored Nalk Melon Aavored Nalk alon Aavored Nilk [Unel] | 소기한용기표기일까지 세기한 용기 표기일까지 | 인(국산) |  기봉보하나, | ROTHER HK THR  무은제거후일반쓰기 3 4싱8전화080-022-0056 ※뚜껑은 제거후 일반쓰레기로 바 ※뚜껑은 제거후 일반쓰레기로바출 육싱8전화 080-022-0056 Melon Aavored Nalk Melon Aavored Nilk | 200000003 "" | … | … …… , BC | … 유함개봉후 냉장보관하거나.리 유함 개봉후 냉장보관하거나,리 | 타시트 EN TE ·-I D트F 12.21.05AF2 12.2N 5시F2 PS PS F … 객싱담8전화 080-022-0056 객상달1:전화 080-022-0056 | 수 OTHER OTHER ※뚜껑은 제거후일반쓰레기로바을 ※뚜껑은 제거후일반쓰레기로바 | 0 1 0 6 00 0 0 4 | Sd | NCR","[[""Melon Aavored Nalk"", 120, 50, 261], [""세기한 용기 표기일까지"", 148, 44, 258], [""※뚜껑은 제거후 일반쓰레기로 바"", 264, 61, 230], [""F"", 488, 50, 383], [""EN"", 528, 75, 318], [""HK"", 268, 15, 212], [""alon Aavored Nilk"", 118, 38, 279], [""소기한용기표기일까지"", 148, 51, 251], [""인(국산)"", 167, 32, 316], [""육싱8전화 080-022-0056"", 238, 61, 235], [""THR"", 266, 19, 210], [""※뚜껑은 제거후 일반쓰레기로바출"", 266, 65, 229], [""…"", 369, 18, 418], [""……"", 406, 29, 416], [""…"", 498, 34, 452], [""\"""", 290, 31, 470], [""…"", 335, 14, 511], [""…"", 462, 39, 337], [""Sd"", 709, 14, 498], [""NCR"", 926, 21, 42], [""[Unbel"", 35, 28, 616], [""Melon Aavored Nalk"", 120, 49, 259], ["" 기봉보하나,"", 212, 61, 241], [""3 4싱8전화080-022-0056"", 240, 64, 197], ["" 무은제거후일반쓰기"", 269, 82, 181], [""ROTHER"", 269, 23, 196], [""200000003"", 312, 48, 230], [""TE ·-I D트F"", 492, 56, 237], [""[Unel]"", 68, 35, 1236], [""Melon Aavored Nalk"", 242, 99, 517], [""유함 개봉후 냉장보관하거나,리"", 424, 103, 483], [""객상달1:전화 080-022-0056"", 478, 116, 472], [""PS"", 504, 41, 409], [""※뚜껑은 제거후일반쓰레기로바을"", 532, 141, 456], [""OTHER"", 541, 66, 374], [""수"", 576, 68, 373], [""0 1 0 6"", 628, 59, 545], [""Melon Aavored Nilk"", 240, 96, 520], ["","", 378, 126, 488], [""BC"", 382, 11, 893], [""유함개봉후 냉장보관하거나.리"", 424, 102, 482], [""객싱담8전화 080-022-0056"", 478, 109, 472], [""PS"", 504, 36, 415], [""※뚜껑은 제거후일반쓰레기로바"", 530, 121, 463], [""OTHER"", 542, 76, 370], [""00 0 0 4"", 625, 72, 543], [""12.2N 5시F2"", 506, 127, 223], [""12.21.05AF2"", 496, 74, 235], [""타시트"", 524, 51, 321]]"
000829,2026,03,20,2026-03-20,s1,"충전.0-1OC 냉장보관원료1 | ·이제품은알류,메밀,땅콩,대두,밀 복숭아,로 | 마토,호두,되지고기,쇠고기를 사용한 제품과 ? | 은 제조시설에서 제조하고 있습니다. | 2026.03.20 | 16:48/46 3A","[[""충전.0-1OC 냉장보관원료1"", 44, 62, 255], [""·이제품은알류,메밀,땅콩,대두,밀 복숭아,로"", 307, 86, 164], [""마토,호두,되지고기,쇠고기를 사용한 제품과 ?"", 353, 64, 172], [""은 제조시설에서 제조하고 있습니다."", 396, 59, 177], [""2026.03.20"", 502, 48, 253], [""16:48/46 3A"", 553, 54, 265]]"
000830,2025,12,20,2025-12-20,s1,DANONe | ACTIVA | 저지방사과 | 25.12.20NN1.00M042,"[[""DANONe"", 163, 64, 208], [""ACTIVA"", 230, 393, 48], [""저지방사과"", 310, 158, 237], [""25.12.20NN1.00M042"", 608, 76, 200]]"
000831,2025,07,16,2025-07-16,s1,2800.16.07.2025 42 | 0110.07/2 | 원산지:폴란드 | *이 제품은 공정거래위원회 고시 소비자분쟁해결기준에 | 의거 교환 또는 보상받을 수 있습니다,"[[""2800.16.07.2025"", 448, 28, 147], [""42"", 450, 24, 544], [""0110.07/2"", 473, 22, 454], [""원산지:폴란드"", 516, 26, 543], [""*이 제품은 공정거래위원회 고시 소비자분쟁해결기준에"", 700, 28, 270], [""의거 교환 또는 보상받을 수 있습니다"", 715, 27, 308]]"
000832,2029,07,16,2029-07-16,s2,2800.16.07.2029 14.12 | 0110/07/2 | 제품명:락티마 이스클루시브 올리브 8포션(Lactima Exclusive with olives 8portions) | 식품유형 가공치즈(130C0상.2초 0상 살2제품) 제조원:UACTMA SP.200 *원산지:폴란드 | 영양정보 내용량140g(17.59x8포센)/17.50(1포840kCA1 | 트랜스N방08 2방2.3.15%12210M9 4% N39 5% | 1일 영성분 기준치대한 바월%)은 2.00N 기준0으로 가2 요열에 따라  수 있습니다 | 소비기한.밀8기/(BP.입.월0순까지 내8랑.140 .17.5082.8315kC2 | 부정.불량식품 신2 국번업이 1399 개봉후가적 클리드시기바랍니다 | *이제품은 공정거래위원회 고시 소비자분쟁해결기준에 | 의거 교환 또는 보상받을 수 있습니다.,"[[""14.12"", 430, 32, 559], [""0110/07/2"", 462, 39, 454], [""*원산지:폴란드"", 508, 47, 535], [""영양정보"", 651, 24, 140], [""의거 교환 또는 보상받을 수 있습니다."", 753, 35, 293], [""2800.16.07.2029"", 452, 49, 63], [""제품명:락티마 이스클루시브 올리브 8포션(Lactima Exclusive with olives 8portions)"", 514, 65, 47], [""식품유형 가공치즈(130C0상.2초 0상 살2제품) 제조원:UACTMA SP.200"", 535, 58, 55], [""내용량140g(17.59x8포센)/17.50(1포840kCA1"", 632, 59, 259], [""트랜스N방08 2방2.3.15%12210M9 4% N39 5%"", 668, 65, 153], [""1일 영성분 기준치대한 바월%)은 2.00N 기준0으로 가2 요열에 따라  수 있습니다"", 685, 62, 169], [""소비기한.밀8기/(BP.입.월0순까지 내8랑.140 .17.5082.8315kC2"", 703, 62, 179], [""부정.불량식품 신2 국번업이 1399 개봉후가적 클리드시기바랍니다"", 720, 56, 207], [""*이제품은 공정거래위원회 고시 소비자분쟁해결기준에"", 737, 46, 244]]"
000833,2026,04,27,2026-04-27,s1,인크포 20 | H5 19.06 | 2026.04.27 | 흔들어 주세요!,"[[""20"", 66, 53, 332], [""인크포"", 55, 111, 87], [""H5 19.06"", 380, 39, 165], [""2026.04.27"", 412, 35, 170], [""흔들어 주세요!"", 544, 52, 275]]"
000834,2026,02,02,2026-02-02,s1,PEEL HERE | EAP 26/02/02FV | 0311 20.28 | schoolchoice. | 함량:부분탈지우유(우유) Low-Moist,"[[""PEEL HERE"", 344, 29, 278], [""EAP 26/02/02FV"", 446, 45, 277], [""0311 20.28"", 476, 33, 282], [""schoolchoice."", 612, 42, 272], [""함량:부분탈지우유(우유)"", 712, 144, 298], [""Low-Moist"", 740, 123, 364]]"
000835,2026,02,02,2026-02-02,s1,1.800 1.700 | PEEL HERE | EAP.26/02/02FV | 03M1 20.28 | sohooichoice,"[[""1.800"", 66, 23, 458], [""1.700"", 65, 23, 596], [""PEEL HERE"", 297, 26, 355], [""EAP.26/02/02FV"", 394, 39, 352], [""03M1 20.28"", 421, 38, 356], [""sohooichoice"", 554, 43, 333]]"
000836,2028,06,09,2028-06-09,s1,단백 단백 | 200 | 200 | 66 | DN | LOLLS09/ | 6U 009 | 6U 08L 6001 | BSL | 28 6 9U)6 02L 1 00E2-219-080 H,"[[""단백"", 71, 48, 152], [""단백"", 82, 44, 42], [""200"", 126, 32, 164], [""200"", 134, 30, 60], [""LOLLS09/"", 519, 74, 523], [""66"", 472, 145, 30], [""DN"", 546, 34, 185], [""6U 009"", 638, 47, 164], [""6001"", 757, 30, 263], [""BSL"", 776, 24, 272], [""6U 08L"", 798, 54, 142], [""H"", 856, 26, 358], [""28 6 9U)6 02L 1"", 904, 91, 87], [""00E2-219-080"", 901, 89, 182]]"
000837,2021,NONE,01,2021-NONE-01,clahe,EXP EB 21 26 1/16 1 | PEEL HERE | CHEDDAR CHEESE Premium CHEESE .BONGARDS,"[[""EXP EB 21 26 1/16 1"", 439, 44, 170], [""PEEL HERE"", 598, 40, 237], ["".BONGARDS"", 736, 258, 355], [""CHEDDAR CHEESE"", 754, 191, 266], [""Premium CHEESE"", 746, 137, 351]]"
000838,2021,NONE,01,2021-NONE-01,clahe,EXP PEB 21 26 01 | HERE | CHEDDAR CHEESE emium CHEESE RONGARD,"[[""EXP PEB 21 26 01"", 419, 43, 179], [""HERE"", 587, 20, 337], [""RONGARD"", 760, 268, 387], [""CHEDDAR CHEESE"", 774, 236, 278], [""emium CHEESE"", 787, 134, 371]]"
000839,2026,01,03,2026-01-03,s1,SEVEN 건강한 닭이 낳은 | 세븐잠 Farm 신선한 등급 달기 | 품질등급 증량규격 | 왕란 | 특린 세븐잠이 선정한 깨끗한 농장에서 | 등급 대란 정성들여 키운 닭이 낳은 | 소란 신선한 계란입니다. | 축산물품질평가원 | 등급판정일자: 2025.11.26 | 소비기한 2026.01.03 | 000 AAR | TOT TOT 000 | 해척한 환경 세척 실균 검란 선별포장 | 17 503 | 식품유형:시요라 O~10‘C 냉장보 | ·축산물” 통과한 신선한 계란입니다.,"[[""건강한 닭이 낳은"", 66, 55, 210], [""SEVEN"", 74, 29, 14], [""Farm"", 108, 74, 15], [""달기"", 132, 106, 591], [""등급"", 138, 94, 536], [""신선한"", 149, 123, 189], [""세븐잠"", 154, 38, 44], [""품질등급"", 243, 26, 24], [""증량규격"", 240, 26, 92], [""왕란"", 265, 22, 107], [""특린"", 286, 25, 103], [""세븐잠이 선정한 깨끗한 농장에서"", 277, 49, 210], [""등급"", 310, 25, 36], [""대란"", 309, 22, 111], [""정성들여 키운 닭이 낳은"", 317, 44, 211], [""소란"", 354, 20, 114], [""신선한 계란입니다."", 355, 44, 213], [""축산물품질평가원"", 378, 26, 37], [""2025.11.26"", 429, 46, 210], [""등급판정일자:"", 450, 60, 15], [""2026.01.03"", 482, 44, 208], [""소비기한"", 504, 51, 17], [""000"", 571, 22, 149], [""AAR"", 566, 27, 252], [""TOT"", 595, 28, 147], [""TOT"", 592, 31, 251], [""000"", 590, 25, 469], [""검란"", 607, 30, 367], [""세척"", 623, 26, 158], [""실균"", 620, 27, 263], [""선별포장"", 616, 27, 463], [""해척한 환경"", 626, 30, 32], [""17 503"", 626, 27, 616], [""식품유형:시요라 O~10‘C 냉장보"", 743, 72, 130], [""·축산물”"", 786, 35, 192], [""통과한 신선한 계란입니다."", 786, 33, 470]]"
000840,2026,01,01,2026-01-01,s1,"옥수수 | 3 100 | 제품명 /벽돌모양 레드벨넷 케이크 | 식품유형/빵류 내용량/909 (430 kCal | 내포장재/용기:PET,포크:PS,트레이:종이 | 품목보2번호/20210363128114 | 유통전문∆퍼/서울시종7새문안로3길 36 | 판매원 1333.내수동용비어천가) | 제조원 원 |(취)타르트엔코/경기도 용인시 처인구 모현읍 초부로 | 132-12/TEL031-323-4177 | 소비기한 | 26.01.01 | 809243176679 | 안안끼","[[""옥수수"", 44, 72, 546], [""3"", 100, 35, 609], [""100"", 94, 21, 692], [""제품명 /벽돌모양 레드벨넷 케이크"", 140, 44, 61], [""내용량/909 (430 kCal"", 156, 41, 272], [""식품유형/빵류"", 172, 37, 57], [""내포장재/용기:PET,포크:PS,트레이:종이"", 225, 50, 45], [""품목보2번호/20210363128114"", 260, 49, 38], [""유통전문∆퍼/서울시종7새문안로3길 36"", 293, 72, 25], [""판매원"", 333, 40, 27], [""1333.내수동용비어천가)"", 324, 46, 106], [""제조원"", 372, 33, 27], [""원 |(취)타르트엔코/경기도 용인시 처인구 모현읍 초부로"", 362, 54, 61], [""132-12/TEL031-323-4177"", 400, 40, 87], [""소비기한"", 471, 46, 264], [""26.01.01"", 528, 39, 254], [""809243176679"", 565, 23, 42], [""안안끼"", 744, 31, 559]]"
000841,2025,12,22,2025-12-22,s1,145 | kcal | 이미지예 | ~10°C) 2025.12.22.F3지,"[[""145"", 316, 83, 378], [""kcal"", 380, 57, 385], [""이미지예"", 467, 52, 526], [""~10°C)"", 534, 62, 3], [""2025.12.22.F3지"", 573, 76, 213]]"
000842,2026,07,03,2026-07-03,s1,03 07 2026 | L260KB8-J0 1109 | 소비기한(일-월-년 순 까지) | FERRERO | ROCHER,"[[""03 07 2026"", 473, 47, 221], [""L260KB8-J0 1109"", 514, 43, 221], [""소비기한(일-월-년 순 까지)"", 552, 31, 226], [""FERRERO"", 633, 38, 265], [""ROCHER"", 668, 41, 264]]"
000843,2026,06,17,2026-06-17,s1,보상 받을 수 있습니다 | 영양정보 총 내용량 909 562kCa | 나트륨15mg 1% 탄수화물39g 12% | 당류 29g 29% 지방42g 78% | 트랜스지방0g 포화지방 22g 145% | 콜레스테롤9mg 3% 단백질79 13% | 소비기한 | (일-월-년 순 까지) | 17.06.2026 | 203KO6UKC | 16.32.02 | 8801121/044087,"[[""보상 받을 수 있습니다"", 35, 34, 202], [""영양정보"", 134, 31, 190], [""총 내용량 909 562kCa"", 130, 29, 420], [""나트륨15mg"", 166, 28, 189], [""1%"", 164, 25, 388], [""탄수화물39g"", 164, 32, 435], [""12%"", 165, 30, 633], [""당류 29g"", 198, 30, 189], [""29%"", 198, 28, 371], [""지방42g"", 198, 33, 434], [""78%"", 198, 28, 629], [""트랜스지방0g"", 230, 32, 188], [""포화지방 22g"", 231, 32, 434], [""145%"", 232, 28, 618], [""콜레스테롤9mg"", 262, 32, 188], [""3%"", 264, 23, 384], [""단백질79"", 264, 27, 432], [""13%"", 266, 29, 629], [""소비기한"", 381, 32, 178], [""(일-월-년 순 까지)"", 410, 33, 180], [""17.06.2026"", 462, 30, 195], [""203KO6UKC"", 484, 33, 206], [""16.32.02"", 502, 37, 193], [""8801121/044087"", 544, 31, 473]]"
000844,2026,07,03,2026-07-03,s1,HRRRO | ROCHER | 201 | 03 07 2026 | L260KBB J0 11:09 | 소비기한 (일-월-년 순 까지) | FERRERO | ROCHER,"[[""HRRRO"", 140, 26, 297], [""ROCHER"", 164, 27, 298], [""201"", 354, 40, 315], [""03 07 2026"", 500, 66, 198], [""L260KBB J0 11:09"", 554, 70, 195], [""소비기한 (일-월-년 순 까지)"", 604, 49, 201], [""FERRERO"", 704, 55, 243], [""ROCHER"", 748, 53, 239]]"
000845,2026,06,17,2026-06-17,s1,당류 29 9 29% 지방 | 트랜스지방 09 포화 | 콜레스테롤 9mg 3% 단백 | 소비기한 | (일-월-년 순 까지) | 17.06.2026 | L203 06UKC | 16.32 02,"[[""당류 29 9"", 46, 54, 139], [""29%"", 40, 50, 507], [""지방"", 41, 56, 633], [""트랜스지방 09"", 109, 55, 139], [""포화"", 104, 51, 633], [""콜레스테롤 9mg"", 174, 52, 142], [""3%"", 170, 49, 528], [""단백"", 170, 55, 631], [""소비기한"", 416, 49, 128], [""(일-월-년 순 까지)"", 469, 52, 130], [""17.06.2026"", 574, 39, 169], [""L203 06UKC"", 616, 43, 169], [""16.32 02"", 654, 54, 165]]"
000846,2026,05,28,2026-05-28,s1,1653 28.05.2026 | 0P J0453522 4 | und vor Warme schutzen. | 10/2484281 | m수방5 | 비닐류 2Mmg단3 | ANPP 19 8기대한울.2200.23 기이으로 개인의 필요 열량에 따라 라를 수 있습니다.,"[[""1653 28.05.2026"", 532, 37, 252], [""0P J0453522 4"", 569, 44, 247], [""und vor Warme schutzen."", 649, 35, 223], [""10/2484281"", 671, 45, 1], [""m수방5"", 774, 55, 265], [""비닐류"", 782, 29, 211], [""2Mmg단3"", 797, 55, 269], [""ANPP"", 816, 37, 175], [""19 8기대한울.2200.23"", 820, 58, 270], [""기이으로 개인의 필요 열량에 따라 라를 수 있습니다."", 838, 58, 274]]"
000847,2026,05,28,2026-05-28,s1,1653 28.05.2026 | OP J0453522 4 | und vor Wärme schützen. | 12구 0형 120.7층 .가 상 영양정보 총내용량 409 190 KCAl | 원료 10수8당1111방815 | 비닐류 22방0화방4402스롤204M2919단질3051 | AR전고있습니 1일 성분 기준치 대한 바율/9)은 2.00O.CA | PP,"[[""1653 28.05.2026"", 422, 55, 131], [""OP J0453522 4"", 487, 56, 123], [""und vor Wärme schützen."", 635, 45, 93], [""12구 0형 120.7층 .가 상"", 778, 59, 0], [""영양정보 총내용량 409 190 KCAl"", 806, 87, 164], [""원료"", 819, 30, 137], [""10수8당1111방815"", 849, 80, 172], [""비닐류"", 868, 42, 84], [""22방0화방4402스롤204M2919단질3051"", 889, 76, 184], [""AR전고있습니"", 892, 31, 4], [""1일 성분 기준치 대한 바율/9)은 2.00O.CA"", 926, 72, 186], [""PP"", 931, 22, 107]]"
000848,2021,05,20,2021-05-20,s1,21 05 202 28KBBNHX POECE,"[[""POECE"", 546, 167, 536], [""21 05 202"", 500, 49, 263], [""28KBBNHX"", 544, 52, 266]]"
000849,2026,05,21,2026-05-21,s1,21 05 2026 218/BNHX POOCEN,"[[""POOCEN"", 550, 156, 477], [""21 05 2026"", 516, 58, 226], [""218/BNHX"", 558, 61, 228]]"
000850,2026,08,09,2026-08-09,s1,완구원산지:중국 | L286K11-16 | R 13 10 2025 | E09 08 2026 | 스코비 | 초코비,"[[""완구원산지:중국"", 260, 68, 313], [""L286K11-16"", 370, 40, 270], [""R 13 10 2025"", 410, 35, 269], [""E09 08 2026"", 446, 39, 271], [""스코비"", 582, 54, 578], [""초코비"", 724, 57, 602]]"
000851,2026,06,30,2026-06-30,s1,206K11-1 | P/03 09 2025 | E30 06 2026,"[[""206K11-1"", 490, 62, 214], [""P/03 09 2025"", 545, 66, 169], [""E30 06 2026"", 603, 62, 176]]"
000852,2026,08,14,2026-08-14,erode5,5/04446 | BBE.14.08.26,"[[""5/04446"", 478, 78, 244], [""BBE.14.08.26"", 549, 100, 177]]"
000853,2026,09,24,2026-09-24,s1,LT | 20 NAL.26.09.24,"[[""LT"", 462, 45, 296], [""20 NAL.26.09.24"", 520, 68, 277]]"
000854,2026,09,04,2026-09-04,s1,식품안전관리인증 HACCP 마크란? | HACCP | 식약처에서 위생적이고 안전하다고 | 인증한 식품에만 표기하는 마크입니다 | 81801117/282301 | 소비 부터 | 기한 2025.11.05/15.11 까지 | 2026.09.04/A-1,"[[""식품안전관리인증"", 102, 29, 100], [""HACCP 마크란?"", 111, 48, 208], [""HACCP"", 126, 33, 99], [""식약처에서 위생적이고 안전하다고"", 152, 35, 210], [""인증한 식품에만 표기하는 마크입니다"", 178, 33, 209], [""81801117/282301"", 336, 34, 112], [""소비"", 382, 40, 34], [""부터"", 384, 43, 431], [""기한"", 427, 44, 35], [""2025.11.05/15.11"", 420, 36, 136], [""까지"", 426, 39, 431], [""2026.09.04/A-1"", 456, 32, 137]]"
000855,2026,08,25,2026-08-25,s1,GEMEL | snaa | 25 08 2026 A1 25 08 2025 25 El | HICKEN | AVOUR,"[[""GEMEL"", 54, 115, 257], [""snaa"", 258, 248, 0], [""El"", 478, 223, 465], [""25 08 2025 25"", 486, 54, 178], [""25 08 2026 A1"", 533, 48, 177], [""HICKEN"", 659, 88, 0], [""AVOUR"", 715, 87, 0]]"
000856,2026,06,03,2026-06-03,s1,"경기도 평택싱언웃 | 판매원:매일유업(주)경기도 | 2유,대두 함유 평택시 진위면 진위서로 63 | 고객상담.1588-1539 | ·반품 및 교환:구입처 및 수입원 | (밀가루,니코틴 본 제품은 공정거래위원회 고시에 | 염,비타민B2,엽 의거 교환 또는 보상 | 가추출분말,효모. 받을 수 있습니다 | 텐),보리(글루텐) ·부정·불량식품 플라스틱 | 를 사용한 제품과 신고는 국번없이 | 하고 있습니다. 1399 PP | 529 267 kCAl 원산지:캐나다 개봉필름:알루미늄 | 수화물 33.59 10% | 방 13.19 24% 03 06 2026 | 포화지방 479 31% L234K07--8315.37 | 단백질 3.89 7% | 비율(%)은 2.000 kCal | 량에 따라 다를 수 있습니다. | ·냉장보관을 하지 마시고, ·소비기한(일-월-년 순 까지) 2U/92G/ | 80005 건조하고 서늘한 곳에 보관","[[""경기도 평택싱언웃"", 16, 35, 196], [""판매원:매일유업(주)경기도"", 40, 65, 199], [""2유,대두 함유"", 83, 63, 0], [""평택시 진위면 진위서로 63"", 80, 61, 205], [""고객상담.1588-1539"", 124, 57, 203], [""·반품 및 교환:구입처 및 수입원"", 159, 71, 203], [""(밀가루,니코틴"", 213, 50, 0], [""본 제품은 공정거래위원회 고시에"", 198, 68, 211], [""염,비타민B2,엽"", 248, 52, 0], [""의거 교환 또는 보상"", 242, 50, 219], [""가추출분말,효모."", 283, 48, 0], [""받을 수 있습니다"", 283, 50, 221], [""플라스틱"", 292, 55, 485], [""텐),보리(글루텐)"", 322, 50, 0], [""·부정·불량식품"", 322, 49, 216], [""를 사용한 제품과"", 364, 49, 0], [""신고는 국번없이"", 359, 48, 228], [""PP"", 376, 39, 507], [""하고 있습니다."", 403, 46, 0], [""1399"", 400, 36, 229], [""개봉필름:알루미늄"", 408, 39, 464], [""원산지:캐나다"", 434, 49, 229], [""529 267 kCAl"", 461, 55, 0], [""수화물 33.59 10%"", 504, 50, 0], [""03 06 2026"", 510, 48, 273], [""방 13.19"", 543, 34, 1], [""24%"", 536, 36, 156], [""L234K07--8315.37"", 546, 54, 272], [""포화지방 479 31%"", 574, 50, 0], [""단백질 3.89"", 610, 33, 1], [""7%"", 604, 32, 177], [""비율(%)은 2.000 kCal"", 642, 35, 3], [""량에 따라 다를 수 있습니다."", 666, 39, 0], [""2U/92G/"", 736, 99, 578], [""·소비기한(일-월-년 순 까지)"", 722, 47, 273], [""·냉장보관을 하지 마시고,"", 766, 44, 273], [""건조하고 서늘한 곳에 보관"", 800, 42, 288], [""80005"", 818, 41, 24]]"
000857,2025,01,28,2025-01-28,s1,"ACETO BALSAMICO | DIMODENAIG | Certificato da Organismo | 식품위생법에 의한 한글표시 | ·제품명:모데나발사믹식초 | 서초구 서초증로14.7층.제조 | Giuseppe Cremonini VFoschie | Modena, tly)·유동기한:제품 뒷면하단 별도 | 표기2까지(2는법년월일순)8 250m | 초산항광 6%원재료명및항 와인식초75.99% | 포도100%)농축포도과즘23%포도100%) | 카소 1%무1산(1화/00.01% | 무수아황산함유 | ·원산지:이탈리아 | ·용기재질:유리 | ·뚜껑내부:폴리에틸렌 | ·뚜껑외부:알미늄반품교환장소:구입처 및 판매처 | 고객상담080-584-5151 보관방법 직사광선0 | 초산균이 자연적으로 명어리져생긴 마더오브비니거로 | 걸러내서서섭취하시면 됩니다.본제품은 소비자 피해 | 보상규정에 의거 교환 및 보상을 받을 수 있습니다. | 본 제품은 이태리에서 포장까지 마친 원제품으로 | 2025/01/28 | 산도:6% 유리 | 250 M2 | 81007150901968","[[""ACETO BALSAMICO"", 21, 22, 267], [""DIMODENAIG"", 40, 22, 273], [""Certificato da Organismo"", 60, 25, 265], [""식품위생법에 의한 한글표시"", 96, 23, 259], [""·제품명:모데나발사믹식초"", 115, 26, 233], [""서초구 서초증로14.7층.제조"", 154, 20, 235], [""Giuseppe Cremonini VFoschie"", 172, 22, 234], [""Modena, tly)·유동기한:제품 뒷면하단 별도"", 189, 28, 232], [""표기2까지(2는법년월일순)8 250m"", 208, 23, 235], [""초산항광 6%원재료명및항 와인식초75.99%"", 225, 28, 234], [""포도100%)농축포도과즘23%포도100%)"", 244, 25, 236], [""카소 1%무1산(1화/00.01%"", 262, 25, 234], [""무수아황산함유"", 307, 34, 238], [""·원산지:이탈리아"", 344, 20, 238], [""·용기재질:유리"", 362, 21, 239], [""·뚜껑내부:폴리에틸렌"", 380, 22, 238], [""·뚜껑외부:알미늄반품교환장소:구입처 및 판매처"", 397, 22, 238], [""고객상담080-584-5151 보관방법 직사광선0"", 415, 22, 238], [""초산균이 자연적으로 명어리져생긴 마더오브비니거로"", 448, 24, 239], [""걸러내서서섭취하시면 됩니다.본제품은 소비자 피해"", 482, 25, 239], [""보상규정에 의거 교환 및 보상을 받을 수 있습니다."", 500, 21, 240], [""본 제품은 이태리에서 포장까지 마친 원제품으로"", 535, 22, 239], [""2025/01/28"", 635, 20, 273], [""산도:6%"", 704, 27, 255], [""유리"", 704, 26, 385], [""250 M2"", 741, 44, 251], [""81007150901968"", 831, 24, 262]]"
000858,2021,10,02,2021-10-02,s1,202/6220 | 2021/10/2,"[[""202/6220"", 202, 90, 316], [""2021/10/2"", 582, 24, 275]]"
000859,NONE,NONE,NONE,NONE,fail,200.22 200.22 2021 | 220 2021 | 2 | 0 8 | · O,"[[""2021"", 156, 59, 339], [""220"", 358, 36, 457], [""200.22"", 158, 42, 343], [""200.22"", 158, 42, 343], [""2021"", 308, 123, 680], [""2"", 820, 21, 685], [""0"", 836, 16, 600], [""8"", 835, 20, 680], [""·"", 849, 12, 665], [""O"", 854, 21, 687]]"
000860,2022,07,23,2022-07-23,s2,sgararang Bupo | Hnmase -COI | 00/31 Ea Aose It.Jar.B.ane | hestour dam and sunigts Store in aoyour-fe pao/Corsener daes unendrt tetr de la chalaur | cantains lard andits dervaves /Aucun de nos poduits ne cantient pes ar saindour ou dadifs/ | 0227472840-01001641846-01005400549 | Tavsiye edlan tiketim tanhi(TEt)ve partinumarasi ambalajn izenindedir. | e.Tuciye Best before date see on the package | SloTMe KAY/T NO.TR 41--001282 Parti Sen No Batch No | Cesit No/ Sote-Nr Ner Agritk /Netto Gewicht Product Date / Best Before Uretim Tarihi/TETT | 0g Ref No/ Kind No HOMDD H BAB Soort nummer Pards Net Ner Weighr tayas | babgmbos No/ Namero de Articulo Temo / Netto gewicht | (03 VRSTA BR Nr Speciment ulgo fembs / Peso Neto GIDA SAN Ve TIC.AS | 29 AOIB NETO TEZINA.Grcutaten Od/Yyroboe/Prolivodac LOT.232 | 9 Kadapd Bapos  Cobze Organlze Sanay. han Dede Cd 0 ak No2 BEST BEFORE | Oebz8 /KOcaall/TURKEY 23.07.2022 | T010262 0488718. P03 | FAX0.2820410880.00 | kg www.layas. com tr | 690997 156297 (22000)70.55.02 | BOXNO.B05 291 | numh.nnboaaahawysiby,"[[""SloTMe KAY/T NO.TR 41--001282"", 184, 25, 113], [""Parti Sen No Batch No"", 192, 23, 425], [""kg"", 308, 24, 214], [""(22000)70.55.02"", 342, 29, 173], [""sgararang Bupo"", 8, 11, 542], [""Hnmase"", 40, 11, 388], [""Ea Aose It.Jar.B.ane"", 62, 19, 424], [""-COI"", 52, 19, 463], [""00/31"", 58, 8, 266], [""hestour dam and sunigts Store in aoyour-fe pao/Corsener daes unendrt tetr de la chalaur"", 109, 26, 55], [""cantains lard andits dervaves /Aucun de nos poduits ne cantient pes ar saindour ou dadifs/"", 130, 25, 0], [""e.Tuciye"", 162, 17, 0], [""Tavsiye edlan tiketim tanhi(TEt)ve partinumarasi ambalajn izenindedir."", 158, 24, 60], [""Best before date see on the package"", 167, 21, 58], [""0227472840-01001641846-01005400549"", 157, 20, 393], [""Cesit No/ Sote-Nr"", 200, 18, 63], [""0g"", 209, 14, 0], [""Ref No/ Kind No"", 209, 18, 63], [""Ner Agritk /Netto Gewicht"", 208, 18, 168], [""Product Date / Best Before"", 216, 24, 408], [""Uretim Tarihi/TETT"", 205, 19, 436], [""babgmbos No/ Namero de Articulo"", 227, 22, 21], [""HOMDD H BAB Soort nummer"", 218, 22, 27], [""Pards Net Ner Weighr"", 218, 17, 175], [""Temo / Netto gewicht"", 230, 19, 176], [""tayas"", 224, 17, 313], [""(03"", 237, 10, 2], [""VRSTA BR Nr Speciment"", 236, 19, 38], [""ulgo fembs / Peso Neto"", 240, 21, 152], [""29"", 250, 14, 0], [""AOIB"", 244, 9, 51], [""NETO TEZINA.Grcutaten"", 252, 22, 164], [""GIDA SAN Ve TIC.AS"", 246, 22, 287], [""Kadapd Bapos "", 263, 19, 161], [""Cobze Organlze Sanay."", 267, 21, 285], [""Od/Yyroboe/Prolivodac"", 257, 18, 287], [""9"", 266, 9, 2], [""LOT.232"", 261, 18, 447], [""han Dede Cd 0 ak No2"", 276, 17, 286], [""Oebz8 /KOcaall/TURKEY"", 283, 21, 285], [""BEST BEFORE"", 274, 19, 447], [""T010262 0488718. P03"", 291, 20, 284], [""23.07.2022"", 286, 19, 448], [""FAX0.2820410880.00"", 300, 17, 285], [""www.layas. com tr"", 308, 16, 293], [""690997"", 324, 16, 26], [""BOXNO.B05 291"", 338, 20, 31], [""156297"", 326, 13, 89], [""numh.nnboaaahawysiby"", 391, 40, 5]]"
000861,2022,07,23,2022-07-23,s2,ar SesNo Bach | Pradust Dale Best Betoeu | tayas | LOT.232 | BEST EEFORE | s2kg 23.07.2022 | 8690997156297 202 10 805829 0A2000)70.55 02 | mumf.mpb)oa.aafw ysiy,"[[""s2kg"", 344, 62, 145], [""0A2000)70.55 02"", 388, 34, 164], [""ar SesNo Bach"", 229, 16, 353], [""Pradust Dale"", 252, 18, 336], [""tayas"", 262, 19, 258], [""Best Betoeu"", 255, 18, 405], [""LOT.232"", 300, 21, 374], [""BEST EEFORE"", 314, 17, 375], [""23.07.2022"", 328, 18, 377], [""8690997156297"", 368, 22, 33], [""202 10 805829"", 382, 19, 53], [""mumf.mpb)oa.aafw ysiy"", 438, 45, 36]]"
000862,NONE,NONE,NONE,NONE,fail,A consommer de préférence avant le / A consommer de préférence avant le/ A consommer de préférence avant le / 11S | Best before / Best before/ Best before/ A consommer de préférence avant le/ FR FR FR FR | Consumir preferentemente antes del/ Consumir preferentemente antes del/ Consumir preferentemente antes del/ Best before/ (35-239-001 35-239-001 35-239-001 33-230-001 | Aampa A consumir de preferéncia antes de: A consumir de preferéncia antes de: A consumir de preferéncia antes de : CE CE CE FR | Consumir preferentemente antes del/ 35-239-001 | PRP PRUO PR EXP EXP ExP :10. PR0N.08.10.2921 202 22.18.1801 A consumir de preferéncia antes de: 22.18.2829 22.18.2821 22.18.2821 CE | 100-622-SC NN Puds net A consumir de preferéncia antes de: FRUB EXP Polds NeCT.125 g Polds NeT.125 g Best before/ 125 8 2E 18.8822 80 31228020281843 | .18.2829 Pold s NeT 125 8 2 8012 184 | Hopa A consommer de préférence avant le/ | Best before/ FR | Consumir preferentemente antes del/ 35-239-001 | 28020481846 A consumir de preferéncia antes de: CE | FFRC 22.18.2822 | Poids net : 125 8 228020281846,"[[""A consommer de préférence avant le/"", 292, 21, 340], [""Consumir preferentemente antes del/"", 320, 21, 342], [""(35-239-001"", 322, 22, 671], [""22.18.2821"", 382, 39, 404], [""EXP"", 388, 23, 351], [""Polds NeCT.125 g"", 438, 35, 326], [""Best before/"", 306, 17, 405], [""FR"", 310, 17, 705], [""A consumir de preferéncia antes de :"", 334, 16, 346], [""CE"", 336, 15, 699], [""A consommer de préférence avant le /"", 290, 21, 339], [""Best before /"", 306, 17, 405], [""Consumir preferentemente antes del/"", 319, 20, 342], [""FR"", 309, 16, 705], [""35-239-001"", 322, 20, 674], [""A consumir de preferéncia antes de:"", 332, 16, 345], [""CE"", 334, 15, 697], [""PR"", 382, 39, 334], [""22.18.2829"", 382, 37, 403], [""31228020281843"", 437, 24, 589], [""PRP"", 369, 82, 313], [""A consumir de preferéncia antes de:"", 437, 184, 378], [""NN"", 418, 24, 325], [""Best before/"", 439, 66, 409], ["".18.2829"", 496, 125, 318], [""Hopa"", 566, 65, 455], [""28020481846"", 690, 139, 274], [""11S"", 284, 32, 481], [""100-622-SC"", 399, 20, 211], [""A consommer de préférence avant le /"", 292, 19, 342], [""Best before/"", 306, 17, 405], [""Consumir preferentemente antes del/"", 320, 21, 343], [""FR"", 310, 16, 705], [""35-239-001"", 322, 22, 673], [""A consumir de preferéncia antes de:"", 333, 16, 345], [""CE"", 336, 15, 699], [""PRUO"", 376, 16, 338], [""22.18.2821"", 382, 40, 404], [""EXP"", 388, 19, 352], [""Polds NeT.125 g"", 438, 35, 327], [""80"", 438, 7, 635], [""A consommer de préférence avant le/"", 312, 17, 366], [""Best before/"", 328, 17, 434], [""FR"", 332, 16, 753], [""Consumir preferentemente antes del/"", 342, 17, 368], [""35-239-001"", 345, 20, 722], [""A consumir de preferéncia antes de:"", 358, 17, 370], [""CE"", 358, 15, 747], [""FRUB"", 402, 20, 359], [""2E 18.8822"", 409, 48, 430], [""EXP"", 415, 18, 378], [""Pold s NeT 125 8"", 469, 36, 350], [""2"", 470, 7, 670], [""8012"", 470, 7, 680], [""184"", 468, 11, 767], [""A consommer de préférence avant le/"", 583, 42, 683], [""Best before/"", 612, 30, 812], [""FR"", 618, 29, 1411], [""Consumir preferentemente antes del/"", 639, 30, 689], [""35-239-001"", 644, 33, 1351], [""A consumir de preferéncia antes de:"", 667, 26, 695], [""CE"", 670, 33, 1398], [""FFRC"", 750, 30, 676], [""22.18.2822"", 766, 98, 805], [""125 8"", 874, 56, 803], [""Poids net :"", 882, 44, 664], [""228020281846"", 876, 34, 1222], [""202 22.18.1801"", 382, 33, 345], [""FR"", 308, 15, 705], [""33-230-001"", 322, 20, 678], [""Aampa"", 334, 15, 347], [""Puds net"", 442, 19, 331], [""PR0N.08.10.2921"", 378, 34, 332], [""ExP :10."", 390, 31, 332], [""125 8"", 437, 34, 403]]"
000863,2022,NONE,20,2022-NONE-20,s2,Aconsomme  pretrence ante/ | Best betore! R | Cnm 35239-001 | Acosm deptrincaantes de CE | PRUC EXP 22.18.20 | Poids net: 125 8,"[[""Cnm"", 297, 30, 238], [""22.18.20"", 350, 51, 284], [""125 8"", 400, 27, 294], [""Aconsomme  pretrence ante/"", 271, 29, 233], [""R"", 274, 11, 477], [""Best betore!"", 284, 20, 278], [""35239-001"", 285, 22, 457], [""CE"", 296, 11, 477], [""Acosm deptrincaantes de"", 309, 26, 241], [""PRUC"", 349, 19, 242], [""EXP"", 360, 19, 254], [""Poids net:"", 408, 25, 248]]"
000864,2023,03,04,2023-03-04,s1,TION FACTS/NAHRWERTKENNZEICHNUNG | serving/ Nahrwerte pro | oes frmt/ Brenert aus fett | 2082 0  | a Ve nsT | TaF:t/fet | Stre t/d esitige etsuen | 289 | as iat/ davon ungesttigte fettsiuren 109 | holesterol/Cholesterin | Sodium/ Natrium | Total Carbohydrate/Kohlenhydrate: | DitaFer/D Baltfe: 99 366 | Sugar/Davon Zucker: |  /NOU2109 9.119/o0/020 3 M9 17% | E2/ve BeN Ogeled T2/o3u100 | Ererji(Kal-K) | Dale Limile deconsomlio | Tenminste HOdr TO SonTkem Tmi | •Best before •Mindesters Holbar Bis | BEST BEF0RE:04/03/2023 | BATCH.3751 | 1690777/1252151 | Netto Gewicht-Net Agrlik | Net Weight-Poids Net | Nettonkt-L | 2400 9,"[[""TION FACTS/NAHRWERTKENNZEICHNUNG"", 28, 37, 159], [""serving/ Nahrwerte pro"", 66, 29, 164], [""oes frmt/ Brenert aus fett"", 95, 32, 140], [""2082 0 "", 116, 42, 256], [""a Ve nsT"", 130, 38, 175], [""Stre t/d esitige etsuen"", 156, 33, 128], [""TaF:t/fet"", 140, 23, 130], [""289"", 176, 28, 301], [""as iat/ davon ungesttigte fettsiuren"", 194, 30, 124], [""109"", 188, 20, 305], [""holesterol/Cholesterin"", 212, 25, 121], [""Sodium/ Natrium"", 229, 24, 118], [""Total Carbohydrate/Kohlenhydrate:"", 250, 26, 117], [""DitaFer/D Baltfe:"", 263, 26, 117], [""Sugar/Davon Zucker:"", 275, 24, 116], [""99 366"", 272, 21, 297], ["" /NOU2109 9.119/o0/020"", 323, 33, 114], [""3 M9 17%"", 329, 24, 288], [""E2/ve BeN Ogeled T2/o3u100"", 395, 26, 165], [""Ererji(Kal-K)"", 415, 20, 166], [""Dale Limile deconsomlio"", 507, 24, 167], [""Tenminste HOdr TO SonTkem Tmi"", 520, 23, 143], [""•Best before •Mindesters Holbar Bis"", 536, 23, 153], [""BEST BEF0RE:04/03/2023"", 643, 24, 112], [""BATCH.3751"", 668, 24, 112], [""1690777/1252151"", 814, 33, 126], [""Netto Gewicht-Net Agrlik"", 862, 26, 172], [""Net Weight-Poids Net"", 878, 26, 178], [""Nettonkt-L"", 892, 28, 177], [""2400 9"", 925, 53, 149]]"
000865,2021,09,25,2021-09-25,erode3,DELI | 3hhy- NS- | HAA 1.86001 | 25.09.2021,"[[""DELI"", 372, 21, 141], [""NS-"", 411, 20, 677], [""HAA"", 422, 19, 235], [""1.86001"", 424, 26, 674], [""25.09.2021"", 460, 23, 399], [""3hhy-"", 400, 47, 291]]"
000866,2021,09,25,2021-09-25,s1,-44y | 3 | 25.09.2021,"[[""-44y"", 177, 168, 379], [""3"", 343, 42, 210], [""25.09.2021"", 393, 26, 285]]"
000867,2020,07,29,2020-07-29,clahe,TEGOGold PRD DATE 7 29 20 | E P DATE 1.0 2 0 21 | ATCHA COOKIES ATCH NO Y 20 BY,"[[""TEGOGold"", 639, 86, 0], [""PRD"", 638, 17, 300], [""DATE"", 638, 17, 361], [""7"", 640, 13, 529], [""29"", 638, 15, 565], [""DATE"", 652, 20, 359], [""20"", 638, 11, 594], [""E"", 652, 14, 302], [""P"", 652, 14, 330], [""1.0"", 652, 18, 515], [""ATCH"", 663, 20, 311], [""2"", 651, 12, 565], [""0"", 651, 12, 576], [""21"", 651, 12, 594], [""ATCHA COOKIES"", 672, 20, 2], [""NO"", 664, 17, 387], [""Y"", 664, 14, 471], [""20"", 664, 18, 481], [""BY"", 664, 18, 512]]"
000868,NONE,NONE,NONE,NONE,fail,EGO | E | WmT | -70 | 100 NON 9 E E E | omm | -RUN | NWUR | D 0+0 U | EGO EGO EGOGold EGOGold EGOGold EGOGold godd 28 21 TCH TCH FcA BATE ..   GUP.AAL5.21.1T 0838 21 BAJ5 10.12 3828 BAJ5 10.12 3828 08 /38.18 2828 2021 | A COOKIES A COCKIS HA COOKIES IA COOKIES IA COOKIES | 초조 | EGOGold wcn F TC H na AT N 6 | IA COOKIES,"[[""E"", 286, 114, 439], [""EGOGold"", 422, 54, 0], [""/38.18 2828"", 440, 33, 314], [""HA COOKIES"", 440, 24, 0], [""BATE"", 428, 15, 257], [""FcA"", 443, 17, 227], [""08"", 448, 12, 360], [""EGOGold"", 420, 59, 0], [""A COOKIES"", 439, 22, 0], [""2021"", 437, 30, 404], [""EGO"", 49, 84, 207], [""WmT"", 212, 18, 191], [""-70"", 237, 19, 190], [""100"", 262, 20, 189], [""omm"", 299, 20, 186], [""NWUR"", 360, 24, 182], [""-RUN"", 349, 20, 186], [""0+0"", 384, 23, 181], [""D"", 370, 13, 186], [""28 21"", 440, 59, 189], [""21"", 423, 85, 295], [""E"", 161, 81, 228], [""NON"", 280, 22, 422], [""9"", 270, 15, 441], [""U"", 392, 13, 439], [""E"", 286, 113, 439], [""EGOGold"", 422, 54, 0], [""BAJ5 10.12 3828"", 438, 45, 250], [""IA COOKIES"", 440, 23, 1], [""TCH"", 444, 9, 227], [""E"", 286, 113, 439], [""EGOGold"", 422, 54, 0], [""BAJ5 10.12 3828"", 438, 45, 250], [""IA COOKIES"", 440, 23, 1], [""TCH"", 444, 9, 227], [""초조"", 624, 56, 829], [""EGOGold"", 844, 97, 0], [""wcn"", 876, 40, 409], [""F"", 870, 23, 463], [""IA COOKIES"", 880, 35, 1], [""na"", 872, 21, 513], [""AT"", 874, 29, 532], [""TC"", 886, 22, 462], [""H"", 888, 21, 507], [""N"", 892, 21, 558], [""6"", 899, 20, 752], [""EGO"", 418, 30, 4], [""..  "", 438, 46, 203], [""EGO"", 418, 36, 1], [""godd"", 428, 26, 93], [""GUP.AAL5.21.1T 0838"", 438, 44, 204], [""A COCKIS"", 440, 20, 0]]"
000869,2021,09,15,2021-09-15,s1,"코트리플샌드 영양정보 총내용량 200 | 제조선에서 제조하고 있습니다. 100 8당520 k3 | 곳에보 15-09-2021 나트를 2302 12% 수을 62 19% 장류 4384 | 소비자분쟁히결 01.10 지방 28 50% 트방 038포N방 16810 | 을수있습니다. 1000001/848327 2스N를 15 Mg 5%단백절 78 13% | 구입처 011399 트레이:PP No Brand는 이마트의 상표입니다 2 | 우유,내두,밀,계단,아황산류 함유","[[""코트리플샌드"", 277, 30, 18], [""제조선에서 제조하고 있습니다."", 306, 29, 11], [""영양정보"", 302, 40, 646], [""총내용량 200"", 295, 26, 771], [""100 8당520 k3"", 316, 33, 738], [""곳에보"", 325, 27, 0], [""소비자분쟁히결"", 347, 29, 0], [""나트를 2302 12% 수을 62 19% 장류 4384"", 338, 31, 642], [""15-09-2021"", 347, 27, 459], [""을수있습니다."", 367, 29, 0], [""01.10"", 365, 23, 526], [""지방 28 50% 트방 038포N방 16810"", 364, 30, 641], [""1000001/848327"", 375, 25, 258], [""011399"", 386, 23, 0], [""2스N를 15 Mg 5%단백절 78 13%"", 388, 27, 641], [""구입처"", 406, 31, 0], [""트레이:PP"", 411, 23, 173], [""No Brand는 이마트의 상표입니다"", 414, 21, 241], [""2"", 410, 27, 638], [""우유,내두,밀,계단,아황산류 함유"", 522, 26, 585]]"
000870,2021,10,15,2021-10-15,s1,정보10g 기준치에 대한 비을 1일 영양성분 10095 기준치에 대한 비율 1일영양성분 EXP | 나E룹 210 Mg 11% 지방 309 5 56% 15.10.2021.68 | 내용량 당류25g 탄수학물539 16% 트랜스지방0.59 125%포화지방99 AME44A 13.28 82926S000000 | 75g | 100 g5 클레스테를 5 M9 2%단질129 22% | 에은2으로의의량에다대를수있습다.,"[[""1일 영양성분"", 208, 29, 117], [""1일영양성분"", 207, 28, 255], [""정보10g"", 225, 42, 0], [""10095"", 220, 25, 175], [""EXP"", 210, 21, 328], [""82926S000000"", 294, 180, 653], [""기준치에 대한 비을"", 227, 27, 95], [""기준치에 대한 비율"", 227, 24, 233], [""나E룹 210 Mg 11% 지방 309 5"", 260, 31, 46], [""56%"", 258, 25, 278], [""15.10.2021.68"", 270, 23, 396], [""탄수학물539 16% 트랜스지방0.59"", 292, 31, 50], [""AME44A 13.28"", 288, 25, 396], [""내용량"", 319, 30, 0], [""당류25g"", 330, 30, 64], [""125%포화지방99"", 326, 31, 122], [""75g"", 343, 26, 0], [""클레스테를 5 M9 2%단질129"", 360, 33, 63], [""22%"", 356, 23, 287], [""100 g5"", 370, 25, 0], [""에은2으로의의량에다대를수있습다."", 392, 24, 72]]"
000871,2021,10,15,2021-10-15,s1,0g8 EXP | E120M9 1 A 309 15.10.2021 68 | 241물539 16% 트랜스지방0.5 AME44A 13.28 | 내용량 당류 259 25% 2화지방99 | 259 | 00g당 2N 529 29 육029,"[[""0g8"", 209, 46, 110], [""EXP"", 202, 20, 217], [""E120M9 1 A 309"", 237, 36, 30], [""241물539 16%"", 266, 32, 30], [""트랜스지방0.5"", 269, 30, 125], [""15.10.2021 68"", 260, 29, 259], [""내용량"", 284, 29, 1], [""AME44A 13.28"", 278, 25, 261], [""당류 259 25% 2화지방99"", 298, 34, 37], [""259"", 306, 22, 0], [""00g당"", 329, 20, 1], [""2N 529 29 육029"", 328, 31, 35]]"
000872,2021,02,26,2021-02-26,s1,HESIMH AANVZZON QEDITS 29V20 9L 1N JAN | BeST BY FEB/26/21 10:48 NDL2A,"[[""AANVZZON"", 310, 309, 416], [""QEDITS"", 280, 257, 532], [""HESIMH"", 267, 198, 351], [""29V20 9L 1N JAN"", 278, 193, 865], [""BeST BY FEB/26/21"", 511, 28, 305], [""10:48 NDL2A"", 507, 28, 499]]"
000873,2021,02,26,2021-02-26,s1,BELGIOIOS HEHAH AOMRZZEET QEDITS | Be8T BY FEB/26/21 1 10.48 NDL 24,"[[""HEHAH"", 217, 184, 205], [""AOMRZZEET"", 258, 283, 238], [""QEDITS"", 228, 223, 324], [""BELGIOIOS"", 233, 260, 153], [""Be8T BY FEB/26/21"", 435, 26, 160], [""1 10.48 NDL 24"", 433, 26, 277]]"
000874,NONE,NONE,NONE,NONE,fail,"18R S09133A 18R S09133A 18R S091 33a 18R S09133A L트를 290M9.15% 나트를 290M9 15% 나트를 290M0.15% 18K S091 33A 1c 10 10 L트를 290Mg 15% 10 L트를 290Mg.15% 10 | PRODUCT OFTHE USA PRODUCT OF THE USA PRODUCT OF THE USA PRODUCT OF THE USA 지방 230 43% PRODUCT OF THE USA 지방 230 43% 트랜스지방 0.90 3 0방 23043% 트랜스지방 0.90포3 6탄수화물30 1% 탄수화물3g 1% 탄수화물 3g 1% 탄수화물3g 1% PRODUCT OF THE USA 탄수화물 3g 1% | 클레스테를 90M0 30% 팔21스8를 90M930%  2레스8를 90M0 30%  0백218 트랜스지방 0.90 0방 23043% 트랜스지방 0.90 3 0방 230 43% 트랜스지방 0.90 포3 | 단백질18 단백질 18 콜레스8를 90M030% 단백2 18 | 1De D6'0Y 콜레1스8를 90M0 30% 단백질 18 | 0U0606006199601 - 개인의 필요열달에 리다을수있을 | 필2스0를 90M0 30% INutrition Nutrition Nutrition 9ES1-T2L86V/M 37UUV3S SN 8/92-122-008-1 E2E L60S/81 PCLCUT 060G 18/NL1 Amount/serving Amount/serving Amount/serving 2006060.6199610 %DV Amount/serving %DV Amount/serving % DV Amount/serving 0M262 29.90 12 22 부1 %DV % DV % DV AOTTVISVETE If you're not completely satisfied with this Kirkiand Signature product, this Kirkiland Signature product, Iyou're not completely satsfied with this Kirkiand Signature product, Ifyou're not completely satisfied with |  DEY Facts Facts Facts Total Fat 6g Total Fat 6g Total Fat 6g 8% 8% 8% Total Carb. <1g Total Carb. < 1g Total Carb. <1g Carb.<19 0% 0% 0% your money will be refunded. your money will be refunded. your money will be refunded. | BEST BEFORE per container per container per container CONiAIRS: MILK. About 11 Servings About 11 Servings About 11 Servings per serving Calories Nutrition 102.289) Serving size per container Sat. Fat 4.5g Sat. Fat 4.5g Sat. Fat 4.5g Facts Nutrition 21% 21% 21% 21% Amount/serving Fiber g Fiber Og Fiber 0g Fiber 0g % DV Amount/serving 0% 0% 0% UPOUSSA MUENUC STCOWHOLES COSTCO WHOLESALE COSTCO WHOLESALE COSTCO WHOLESALE DISTRIBUTED BY: DISTPIRUTED BY: DISTRIBUTED BY: DISTRIBUTED BY: %DV this Kirkiand Signature product, Iyou're not completely satisfied with | 0606 18/NL1 Serving size Serving size Serving size Facts Trans Fat Og Trans Fat Og Trans Fat Og About 11 Servings Total Fat 6g Total Sugars <1 Total Sugars <1g Total Sugars <1g Total Sugars <1g 8% Total Carb. <1g P.O.BOK3E CORPORATON CORPORATION CORPORATION CORPORATION P.0.BOX345 35 P.0.BOX34535 P.0.BO 34535 0% your money will be refunded. | AO% 102.(280) 102.(289) 102.(289) :80 About 11 Servings Cholesterol 25mg Cholesterol 25mg Cholestero! 25mg 8% 8% 8% Sat. Fat 4.5g Incl.Og Added Sugars 0% Incl. Og Added Sugars 0% Incl. Og Added Sugars 0% 21% 08 Fiber 0g SE ATLE WA GS12G-1535 SEATTLE,WA 98124-1535 SEATTLE.WA 98124-1535 SEATTLE WA 98124-1535 US USA USA USA 0% DISTRIBUTED BY: | 8/92-122-008-1 Calories Calories Calories per container Sodium 80mg Sodium 80mg Sodium 80mg % 4% Pruiein 5g 4%Proiein 5g 4%Pruiein 5g bW0s Wnpos (682)201 1-800-774-2678 1-800-774-2678 1-800-774-2678 1-800-174-2878 COSTCO WHOLESALE | 9ESL-T2186VM 37ULV3S per serving per serving per serving 80 80 80 Serving size B2EL60S/81 Trans Fat Og ViTA iN D0%.CAlCIUM 0%.IrON O% POTASSiUM 0% VTA MiN D 0% CACJUM 0% IrON 0% PoTASSJUM 0% ViTA MN D0% CAlCUM 0% IroN 0% POTASSiUM 0% Total Sugars <1g Amount/serving ITM./ART.9090 ITM./ART.9090 ITM./ART.9090 ITM./AAT.9090 Www.cOSTCo.cOM www.cosTco.com www.cOSTCo.cOM Www.cOSTCo.cOM CORPORATION P.0.BOX 34535 %DV Amount/serving % DV If you're not completely satisfied with | PRODUCT OF THE USA OnSCI.S MAR 22 21 06 57 293N0 CONIAIRS: MILK. CONTARS: MILK. COAAIRS: MILK CONIAIRS: MILK. %0 102.280) Sodium 80mg ChOleSTer01 25mg. 8% Trans Fat 0g Sat. Fat 4.5g INGRFNIENTS: CULTURED PASTEURIZED GOAT'S MILK, SALT, ENZYMES INGREDIENTS: CULTURED PASTEURIZED GOAT'S MILK, SALT, ENZYMES. INGREDIENTS: CULTURED PASTEURIZED GOAT'S MILK, SALT, ENZYMES. Total Fat 6g Amount/serving NTS: CULTURED PASTEURIZED GOAT'S MILK, SALT, ENZYMES. %.7 Sodium 80mg Nutrition ChOlAST0r0L 25mg 8% KEEP REFRIGERATED KEEP REFRIGERATED KEEP REFRIGERATED KEEP REFRIGERATED 4%Proiein 5g Incl. Og Added Sugars 0% SEATTLE.WA 98124-1535 1-800-774-2678 USA your money will be refunded. this Kirkiand Signature product. | BEST BEFORE BEST BEFORE BEST BEFORE BEST BEFORE INGREDIENTS: CULTURED PASTEURIZED GOAT'S MILK, SALT, ENZYMES. %0 AO% Calois80 Facts %8 nuaas/unom 18 S09133A 18K S09133A 18 S091 33A 18KS091330 18R S091 33a VTA iN D0%.CAlCTUM 0%IrON 0% POTASSUM 0% UOn PCSS Total Fat 6g 8% ITM./ART.9090 WWW.cOSTCO.cOM Total Carb. <1g 0% DISTRIBUTED BY: | 4% MAR 22 21 06.57  MAR 22 21 06 57 293N0 MAR 22 21 06.57 293N0 MAR 22 21 06 57 290M0 8% 293N0 About 11 Servings INGREDIENTS: CULTURED PASTEURIZED GOAT'S MILK, SALT, ENZYMES. PRODUCT PRODUCT PRODUCT PRODUCT Sat.Fat 4.5g 21% Fiber 0g 0% COSTCO WHOLESALE | %8 %17 %t OF THE USA OF THE USA OF THE USA OF THE USA | 1196619/09090 1196619/090901 196619.09090 1196619/0909011 | B2EL60S/8 (WC mMBI ViTA MiN D 0% CAlCTUM 0%IrON 0% PoT ASSJUM 0% BEST BEFORE CONTAIRS: MILK. Proiein 5g Fiber 0g Total Carb. <1g % DV Amount/serving per container Serving size Trans Fat Og 18K S09133A KEEP REFRIGERATED ChOlesTero 25mg.8% Total Sugars <1g Incl. Og Added Sugars 0% SEATTLE.WA 98124-1535 CORPORATION P.0.B0X 34535 | 01 81 D60Y DY OF THE USA PRODUCT %91 DU062 051 18 K S09133A KEEP REFRIGERATED Wos Wnipos Incl. Og Added Sugars 0% Total Sugars <1g PTCCNOCCSCMCPCLUA Calories MAR 22 21 06 57 293N0 0M262 29 90 12 22 2부41 102.280) BEEL 60S/81 0 PTUCOCSCCLCCA Sodium 80mg PRODUCT OF THE USA 11196619/09090 4%Proiein 5g 1-800-774-2678 USA | % DV per serving 80 ViTA iN D 0%.CAlCiUM 0%IrON 0% PoTASSiUM 0% WWW.COSTCO.cOM | (682)201 POUSSA MNENIE 지방 230 43% INGREDIENTS: CULTURED PASTEURIZED GOAT'S MILK, SALT, ENZYMES. ITM./ART.9090 | 96619/09090 IT M./ART.9090 WWW.cOSTCO.COM 1-800-774-2678 USA SEATTLE,WA 98124-1535 P.0.B0X 34535 CORPORATION COSTCO WHOLESALE DISTRIBUTED BY: your money will be refunded. this Kirkiand Signature product, If you're not completely satsfied with CONTAIRS: MILK. 나트를 290M9 .15% 18KS09133A KEEP REFRIGERATED | BEST BEFORE 단백질 트랜스지방 0.90 탄수화물3g 1% MAR 22 21 06.57 293N0 PRODUCT | 18 포 OF THE USA 0 11/96619/09090","[[""18R S09133A"", 10, 23, 374], [""PRODUCT OF THE USA"", 28, 47, 503], [""나트를 290M0.15%"", 22, 41, 717], [""Nutrition"", 184, 35, 198], [""Amount/serving"", 186, 29, 331], [""% DV Amount/serving"", 190, 29, 455], [""% DV"", 194, 20, 657], [""Iyou're not completely satsfied with"", 198, 27, 708], [""Facts"", 208, 29, 197], [""Total Fat 6g"", 216, 29, 331], [""8% Total Carb. <1g"", 222, 32, 461], [""About 11 Servings"", 232, 28, 193], [""0%"", 225, 20, 664], [""Sat. Fat 4.5g"", 239, 28, 341], [""21%"", 242, 23, 456], [""Fiber 0g"", 245, 26, 503], [""per container"", 252, 21, 193], [""0%"", 246, 24, 666], [""Trans Fat Og"", 262, 29, 342], [""Total Sugars <1g"", 268, 27, 504], [""COSTCO WHOLESALE"", 262, 27, 726], [""Serving size"", 272, 28, 189], [""Cholestero! 25mg"", 287, 28, 328], [""102.(289)"", 293, 30, 186], [""8%"", 289, 20, 463], [""Incl. Og Added Sugars 0%"", 292, 29, 517], [""Sodium 80mg"", 311, 30, 326], [""4% Pruiein 5g"", 314, 31, 460], [""SEATTLE WA 98124-1535"", 304, 29, 715], [""Calories"", 319, 33, 186], [""80"", 332, 31, 267], [""1-800-774-2678"", 334, 24, 750], [""Www.cOSTCo.cOM"", 348, 27, 732], [""ITM./ART.9090"", 369, 30, 712], [""CONIAIRS: MILK."", 386, 23, 182], [""KEEP REFRIGERATED"", 406, 25, 536], [""BEST BEFORE"", 436, 23, 179], [""18 S091 33A"", 440, 24, 563], [""PRODUCT"", 473, 24, 565], [""OF THE USA"", 490, 25, 559], [""1196619/0909011"", 498, 25, 713], [""0방 23043% 트랜스지방 0.90포3"", 52, 61, 715], [""탄수화물3g 1%"", 43, 36, 850], [""10"", 35, 18, 942], [""팔21스8를 90M930% "", 63, 44, 717], [""단백질18"", 82, 30, 886], [""this Kirkiand Signature product,"", 212, 26, 708], [""your money will be refunded."", 226, 22, 706], [""DISTRIBUTED BY:"", 247, 24, 743], [""CORPORATION"", 276, 23, 751], [""P.0.BOX34535"", 290, 24, 750], [""USA"", 320, 17, 787], [""per serving"", 339, 18, 185], [""ViTA MN D0% CAlCUM 0% IroN 0% POTASSiUM 0%"", 345, 32, 326], [""INGREDIENTS: CULTURED PASTEURIZED GOAT'S MILK, SALT, ENZYMES."", 368, 33, 181], [""MAR 22 21 06.57 293N0"", 460, 23, 219], [""18R S091 33a"", 9, 21, 378], [""PRODUCT OF THE USA"", 28, 52, 501], [""나트를 290M9 15%"", 22, 45, 716], [""지방 230 43%"", 39, 38, 711], [""탄수화물 3g 1%"", 42, 38, 850], [""트랜스지방 0.90"", 57, 42, 817], [""10"", 35, 14, 942], [""클레스테를 90M0 30%"", 61, 46, 714], [""단백질 18"", 81, 30, 896], [""INutrition"", 184, 37, 192], [""Amount/serving"", 184, 27, 330], [""%DV Amount/serving"", 190, 26, 456], [""% DV"", 193, 22, 657], [""If you're not completely satisfied with"", 197, 28, 706], [""Facts"", 208, 27, 196], [""Total Fat 6g"", 216, 28, 331], [""this Kirkiand Signature product,"", 211, 28, 706], [""About 11 Servings"", 232, 29, 192], [""8%"", 219, 20, 464], [""Total Carb. < 1g"", 222, 27, 492], [""0%"", 224, 24, 663], [""your money will be refunded."", 225, 25, 706], [""Sat. Fat 4.5g"", 238, 28, 339], [""per container"", 252, 27, 189], [""21%"", 242, 24, 455], [""Fiber g"", 244, 27, 503], [""0%"", 246, 26, 666], [""DISTRIBUTED BY:"", 246, 27, 740], [""Serving size"", 272, 31, 187], [""Trans Fat Og"", 262, 30, 340], [""Total Sugars <1g"", 267, 29, 503], [""COSTCO WHOLESALE"", 260, 27, 725], [""Cholesterol 25mg"", 286, 28, 327], [""CORPORATION"", 276, 25, 750], [""102.(280)"", 292, 32, 184], [""8%"", 290, 23, 459], [""Incl. Og Added Sugars 0%"", 292, 29, 517], [""P.0.BOX345 35"", 290, 26, 749], [""Sodium 80mg"", 310, 29, 324], [""4%Pruiein 5g"", 314, 30, 460], [""SEATTLE,WA 98124-1535"", 304, 29, 714], [""Calories"", 318, 34, 184], [""80"", 330, 39, 264], [""USA"", 320, 20, 786], [""per serving"", 337, 27, 181], [""VTA MiN D 0% CACJUM 0% IrON 0% PoTASSJUM 0%"", 344, 38, 324], [""1-800-774-2678"", 333, 24, 750], [""www.cOSTCo.cOM"", 348, 27, 732], [""INGREDIENTS: CULTURED PASTEURIZED GOAT'S MILK, SALT, ENZYMES."", 368, 35, 181], [""ITM./ART.9090"", 369, 34, 710], [""CONTARS: MILK."", 385, 26, 180], [""KEEP REFRIGERATED"", 405, 26, 536], [""BEST BEFORE"", 436, 24, 178], [""18K S09133A"", 440, 27, 562], [""MAR 22 21 06.57 "", 458, 22, 219], [""293N0"", 459, 22, 423], [""PRODUCT"", 472, 27, 563], [""OF THE USA"", 490, 28, 557], [""1196619/09090"", 498, 28, 707], [""BEST BEFORE"", 237, 117, 187], [""CONiAIRS: MILK."", 244, 128, 235], [""INGREDIENTS: CULTURED PASTEURIZED GOAT'S MILK, SALT, ENZYMES."", 419, 476, 248], [""per serving"", 226, 83, 287], [""Calories"", 229, 85, 302], [""102.289)"", 231, 86, 327], [""Serving size"", 244, 111, 347], [""per container"", 244, 101, 373], [""About 11 Servings"", 261, 136, 387], [""Facts"", 238, 79, 413], [""Nutrition"", 256, 124, 431], [""MAR 22 21 06 57 293N0"", 357, 280, 165], ["":80"", 281, 54, 286], [""ViTA MiN D 0% CAlCTUM 0%IrON 0% PoT ASSJUM 0%"", 510, 367, 272], [""Sodium 80mg"", 384, 121, 309], [""ChOleSTer01 25mg. 8%"", 409, 166, 332], [""Trans Fat 0g"", 386, 97, 359], [""Sat. Fat 4.5g"", 387, 102, 382], [""Total Fat 6g"", 378, 93, 405], [""Amount/serving"", 384, 107, 437], [""18R S091 33a"", 428, 112, 614], [""4%"", 472, 36, 313], [""8%"", 476, 31, 406], [""% DV Amount/serving"", 524, 141, 431], [""Total Carb. <1g"", 548, 125, 399], [""Proiein 5g"", 531, 87, 306], [""Incl. Og Added Sugars 0%"", 603, 188, 326], [""Total Sugars <1g"", 569, 133, 352], [""Fiber 0g"", 536, 71, 378], [""KEEP REFRIGERATED"", 618, 165, 217], [""OF THE USA"", 611, 106, 131], [""PRODUCT"", 609, 92, 150], [""18 K S09133A"", 616, 107, 182], [""0"", 626, 28, 561], [""% DV"", 675, 38, 433], [""PTUCOCSCCLCCA"", 592, 183, 582], [""IT M./ART.9090"", 798, 177, 247], [""SEATTLE,WA 98124-1535"", 799, 182, 313], [""your money will be refunded."", 788, 167, 398], [""this Kirkiand Signature product,"", 797, 182, 409], [""If you're not completely satsfied with"", 798, 184, 425], [""지방 230 43%"", 764, 101, 576], [""COSTCO WHOLESALE"", 800, 155, 361], [""나트를 290M9 .15%"", 779, 129, 590], [""96619/09090"", 794, 137, 123], [""WWW.cOSTCO.COM"", 799, 144, 276], [""DISTRIBUTED BY:"", 802, 129, 374], [""1-800-774-2678"", 804, 111, 291], [""P.0.B0X 34535"", 802, 109, 332], [""CORPORATION"", 799, 100, 349], [""USA"", 802, 37, 307], [""트랜스지방 0.90"", 869, 110, 559], [""탄수화물3g 1%"", 896, 102, 574], [""단백질"", 919, 48, 545], [""18"", 948, 21, 545], [""포"", 947, 24, 559], [""1De"", 66, 107, 20], [""D6'0Y"", 89, 119, 37], [""9ES1-T2L86V/M 37UUV3S"", 160, 175, 290], [""060G 18/NL1"", 160, 173, 353], [""2006060.6199610"", 172, 210, 484], [""8/92-122-008-1"", 158, 107, 322], ["" DEY"", 196, 101, 21], [""SN"", 158, 31, 314], [""필2스0를 90M0 30%"", 168, 155, 40], [""AO%"", 284, 38, 185], [""B2EL60S/81"", 346, 109, 428], [""PRODUCT OF THE USA"", 368, 185, 2], [""%8"", 479, 38, 208], [""%17"", 488, 37, 232], [""%t"", 484, 31, 305], [""0M262 29 90 12 22 2부41"", 606, 290, 445], [""B2EL60S/8"", 528, 98, 0], [""Wos Wnipos"", 580, 107, 296], [""POUSSA MNENIE"", 715, 128, 373], [""(682)201"", 727, 83, 277], [""0U0606006199601"", 136, 23, 86], [""-"", 136, 11, 255], [""PCLCUT"", 162, 23, 305], [""0M262 29.90 12 22 부1"", 175, 22, 464], [""E2E L60S/81"", 194, 25, 293], [""AOTTVISVETE"", 198, 22, 668], [""UPOUSSA MUENUC"", 249, 24, 654], [""0606 18/NL1"", 265, 30, 74], [""8/92-122-008-1"", 301, 24, 108], [""08"", 302, 41, 650], [""bW0s Wnpos"", 323, 30, 528], [""9ESL-T2186VM 37ULV3S"", 330, 28, 73], [""%"", 322, 21, 469], [""(682)201"", 342, 32, 684], [""OnSCI.S"", 388, 22, 98], [""%0"", 388, 23, 265], [""%.7"", 393, 20, 469], [""%0"", 410, 21, 267], [""%8"", 415, 24, 466], [""PCSS"", 426, 27, 687], [""AO%"", 442, 19, 267], [""nuaas/unom"", 449, 26, 526], [""UOn"", 449, 32, 642], [""(WC"", 552, 49, 7], [""mMBI"", 543, 46, 17], [""81"", 552, 28, 0], [""D60Y DY"", 582, 61, 0], [""01"", 599, 22, 0], [""%91 DU062 051"", 612, 41, 124], [""PTCCNOCCSCMCPCLUA"", 606, 47, 276], [""BEEL 60S/81"", 626, 21, 480], [""18R S09133A"", 10, 23, 375], [""PRODUCT OF THE USA"", 28, 44, 503], [""L트를 290M9.15%"", 22, 39, 718], [""지방 230 43% 트랜스지방 0.90 3"", 52, 61, 714], [""6탄수화물30 1%"", 41, 38, 824], [""1c"", 34, 12, 944], [""2레스8를 90M0 30%  0백218"", 69, 54, 717], [""Nutrition"", 184, 35, 197], [""Amount/serving"", 185, 26, 331], [""%DV Amount/serving"", 190, 27, 454], [""%DV"", 194, 20, 657], [""Facts"", 208, 27, 198], [""Ifyou're not completely satisfied with"", 198, 24, 710], [""Total Fat 6g"", 216, 26, 332], [""8%"", 220, 23, 463], [""this Kirkiland Signature product,"", 212, 25, 708], [""About 11 Servings"", 232, 27, 194], [""Total Carb. <1g"", 222, 25, 493], [""0%"", 225, 20, 665], [""your money will be refunded."", 226, 22, 707], [""Sat. Fat 4.5g"", 240, 25, 342], [""per container"", 252, 21, 194], [""21%"", 243, 20, 457], [""Fiber 0g"", 246, 23, 505], [""0%"", 246, 24, 666], [""DISTRIBUTED BY:"", 248, 23, 743], [""Trans Fat Og"", 262, 29, 342], [""Serving size"", 272, 27, 190], [""Total Sugars <1g"", 269, 25, 505], [""COSTCO WHOLESALE"", 262, 24, 726], [""Cholesterol 25mg"", 287, 27, 329], [""CORPORATION"", 276, 23, 751], [""102.(289)"", 293, 30, 186], [""8%"", 289, 20, 461], [""Incl.Og Added Sugars 0%"", 293, 26, 518], [""P.0.BO 34535"", 290, 23, 751], [""Sodium 80mg"", 311, 30, 327], [""4%Proiein 5g"", 314, 27, 461], [""SEATTLE.WA 98124-1535"", 305, 26, 715], [""Calories"", 319, 33, 186], [""80"", 332, 35, 261], [""USA"", 319, 22, 785], [""per serving"", 339, 20, 185], [""ViTA iN D0%.CAlCIUM 0%.IrON O% POTASSiUM 0%"", 344, 31, 326], [""1-800-774-2678"", 334, 23, 751], [""Www.cOSTCo.cOM"", 349, 26, 733], [""INGRFNIENTS: CULTURED PASTEURIZED GOAT'S MILK, SALT, ENZYMES"", 368, 31, 182], [""ITM./ART.9090"", 369, 32, 712], [""CONIAIRS: MILK."", 386, 22, 182], [""KEEP REFRIGERATED"", 406, 22, 537], [""BEST BEFORE"", 438, 21, 181], [""18 S09133A"", 440, 23, 563], [""MAR 22 21 06 57 293N0"", 460, 21, 219], [""PRODUCT"", 474, 23, 565], [""OF THE USA"", 491, 24, 559], [""1196619/090901"", 499, 24, 706], [""18R S09133A"", 12, 29, 483], [""PRODUCT OF THE USA"", 36, 58, 646], [""L트를 290Mg 15%"", 28, 50, 922], [""0방 23043% 트랜스지방 0.90 3"", 66, 74, 919], [""탄수화물3g 1%"", 52, 51, 1062], [""10"", 46, 15, 1211], [""콜레스8를 90M030% 단백2 18"", 88, 69, 922], [""Nutrition"", 238, 43, 253], [""Amount/serving"", 238, 31, 428], [""% DV Amount/serving"", 245, 34, 586], [""%DV"", 249, 26, 844], [""Iyou're not completely satisfied with"", 254, 32, 912], [""Facts"", 267, 35, 252], [""Total Fat 6g"", 278, 33, 426], [""this Kirkiand Signature product,"", 273, 32, 908], [""8%"", 282, 26, 596], [""Total Carb. <1g"", 285, 30, 634], [""About 11 Servings"", 299, 33, 250], [""0%"", 289, 26, 854], [""your money will be refunded."", 290, 25, 910], [""Sat. Fat 4.5g"", 308, 33, 439], [""21%"", 311, 33, 584], [""Fiber 0g"", 315, 31, 648], [""per container"", 325, 26, 248], [""0%"", 317, 28, 856], [""DISTRIBUTED BY:"", 318, 31, 956], [""Trans Fat Og"", 338, 35, 441], [""Total Sugars <1g"", 345, 32, 649], [""COSTCO WHOLESALE"", 336, 32, 932], [""Serving size"", 350, 33, 243], [""CORPORATION"", 355, 30, 965], [""102.280)"", 377, 38, 239], [""ChOlAST0r0L 25mg 8%"", 370, 36, 422], [""Incl. Og Added Sugars 0%"", 376, 33, 666], [""P.0.BOX 34535"", 374, 30, 965], [""Calois80"", 420, 85, 221], [""Sodium 80mg"", 400, 35, 420], [""SEATTLE.WA 98124-1535"", 392, 32, 920], [""4%Proiein 5g"", 404, 34, 593], [""USA"", 410, 25, 1009], [""VTA iN D0%.CAlCTUM 0%IrON 0% POTASSUM 0%"", 443, 42, 419], [""1-800-774-2678"", 429, 32, 965], [""WWW.cOSTCO.cOM"", 448, 30, 942], [""INGREDIENTS: CULTURED PASTEURIZED GOAT'S MILK, SALT, ENZYMES."", 474, 42, 234], [""ITM./ART.9090"", 475, 36, 916], [""CONTAIRS: MILK."", 496, 29, 234], [""KEEP REFRIGERATED"", 522, 28, 691], [""BEST BEFORE"", 561, 26, 232], [""18K S09133A"", 566, 32, 724], [""MAR 22 21 06 57 293N0"", 590, 27, 282], [""PRODUCT"", 609, 29, 727], [""OF THE USA"", 631, 31, 720], [""11196619/09090"", 642, 33, 904], [""18K S091 33A"", 18, 39, 752], [""PRODUCT OF THE USA"", 56, 85, 1010], [""L트를 290Mg.15%"", 42, 73, 1437], [""0방 230 43% 트랜스지방 0.90 포3"", 104, 115, 1432], [""탄수화물 3g 1%"", 85, 62, 1709], [""10"", 71, 18, 1891], [""콜레1스8를 90M0 30%"", 123, 74, 1437], [""개인의 필요열달에 리다을수있을"", 184, 81, 1434], [""단백질 18"", 164, 45, 1795], [""Nutrition"", 371, 58, 397], [""Amount/serving"", 370, 43, 667], [""%DV Amount/serving"", 380, 43, 915], [""% DV"", 386, 36, 1315], [""If you're not completely satisfied with"", 396, 41, 1423], [""Facts"", 416, 50, 397], [""Total Fat 6g"", 432, 46, 666], [""this Kirkiand Signature product."", 424, 44, 1421], [""8%"", 438, 41, 927], [""Total Carb. <1g"", 446, 44, 988], [""0%"", 449, 38, 1332], [""About 11 Servings"", 465, 50, 390], [""your money will be refunded."", 451, 38, 1418], [""Sat.Fat 4.5g"", 479, 48, 687], [""21%"", 484, 43, 911], [""Fiber 0g"", 491, 43, 1013], [""0%"", 493, 42, 1335], [""DISTRIBUTED BY:"", 494, 41, 1488], [""per container"", 505, 36, 387], [""Trans Fat Og"", 526, 49, 689], [""COSTCO WHOLESALE"", 522, 43, 1455], [""Serving size"", 544, 46, 382], [""Total Sugars <1g"", 537, 43, 1015], [""CORPORATION"", 551, 40, 1505], [""102.280)"", 586, 58, 376], [""ChOlesTero 25mg.8%"", 575, 52, 659], [""Incl. Og Added Sugars 0%"", 586, 47, 1038], [""P.0.B0X 34535"", 580, 39, 1503], [""Sodium 80mg"", 622, 51, 653], [""SEATTLE.WA 98124-1535"", 610, 43, 1435], [""Calories"", 637, 54, 376], [""4%Proiein 5g"", 628, 51, 923], [""USA"", 638, 38, 1571], [""80"", 664, 67, 534], [""1-800-774-2678"", 668, 41, 1505], [""per serving"", 677, 34, 372], [""ViTA iN D 0%.CAlCiUM 0%IrON 0% PoTASSiUM 0%"", 690, 61, 655], [""WWW.COSTCO.cOM"", 697, 40, 1469], [""INGREDIENTS: CULTURED PASTEURIZED GOAT'S MILK, SALT, ENZYMES."", 737, 59, 366], [""ITM./ART.9090"", 739, 49, 1431], [""CONTAIRS: MILK."", 772, 42, 366], [""KEEP REFRIGERATED"", 812, 43, 1077], [""BEST BEFORE"", 873, 38, 362], [""18KS09133A"", 880, 42, 1130], [""MAR 22 21 06.57 293N0"", 918, 39, 441], [""PRODUCT"", 947, 40, 1134], [""OF THE USA"", 981, 42, 1121], [""0"", 998, 23, 1394], [""11/96619/09090"", 998, 39, 1428], [""PRODUCT OFTHE USA"", 27, 46, 503], [""Carb.<19"", 223, 16, 528], [""21%"", 241, 16, 458], [""Fiber Og"", 245, 21, 506], [""DISTPIRUTED BY:"", 247, 23, 744], [""Total Sugars <1"", 268, 21, 508], [""STCOWHOLES"", 261, 22, 748], [""CORPORATON"", 276, 25, 752], [""P.O.BOK3E"", 289, 24, 751], [""SE ATLE WA GS12G-1535"", 304, 26, 715], [""US"", 318, 13, 789], [""1-800-174-2878"", 334, 21, 751], [""NTS: CULTURED PASTEURIZED GOAT'S MILK, SALT, ENZYMES."", 369, 33, 249], [""COAAIRS: MILK"", 386, 23, 182], [""KEEP REFRIGERATED"", 406, 26, 537], [""BEST BEFORE"", 437, 24, 179], [""18KS091330"", 440, 26, 562], [""MAR 22 21 06 57 290M0"", 460, 23, 219], [""PRODUCT"", 473, 26, 565], [""OF THE USA"", 491, 24, 559], [""|"", 500, 9, 699], [""196619.09090"", 499, 22, 721], [""www.cosTco.com"", 349, 32, 730], [""ITM./AAT.9090"", 370, 31, 713]]"
000875,NONE,NONE,NONE,NONE,fail,"PRODUCT OF THE USA RODUCT OF THE USA JCT OF THE USA JCT OF THE USA 0명 220 403 민수을 3g 1% 탄수를3g 1s 탄수를3g 1s 단수을 3g 1% 10 10 220020.151 10 | mB 00스8199OM0 201 03 220 331E0208 0.2002 03 220 331E0208 0.2002 0덩 20 03 0스N8 090 2 202N809 2 PRODUCT OF THE USA 0명 230 435 탄수화물 3g 1% | 60 00A81990M0 20 0M418 10 3트000방 090 21 | 2레스81를 90M0 206 | 00A81를 9OMQ 20 2106060 61996 jonpoud ameulis purnury su BEST BEFORE pepunygal ag Im fauou gnod 2S00 CONIAIRS: MILK S0S1-218 YM 2NUVAS 60 8292-122-008-1 WWWSOOOOM 102.289) 0606 18V/NL Serving size per container About 11 Servings Facts Nutrition 6060619961 19 | Nutrition Nutrition Nutrition Nutrition Amount/sening Amount/sening Amount/serving Amount/seving PUT %DV Amount/sening %DV Amount/sening %DV Amount/serving %DV Amount/serving 0M운62 29 90 12 22 2부1 %0V %DV %DV %DV Fyorie nat comy Ihis Kinind Signature product, fyare not corpletely satsfedat | AO% this Kiind Sigmature product 10 10 | Facts Facts Facts Facts MAR 22 21 06157 293N0 Total Fat 6g Total Fat 6g Total Fat 6g Total Fat 6g BEEL 60 S/81 8% Total Carb.<1g 8% Total Carb.<1g 8% Total Carb.<1g 8% Total Carb.<1g 0% 0% 0% 0% your money wil be retunded. your money wl be retunded. | About 11 Servings About 11 Servings About 11 Servigs About 11 Servings Sat. Fat 4.5g Sat. Fat 4.5g Sat. Fat 4.5g Sat. Fat 4.5g 21% 21% 21% Fber 09 21% Fber 09 Sodium 80mg 6Fiber 0g Fiber 0g Trans Fat Og Sat. Fat 4.5g BEEL 6 0SM81 Total Fat 6g 0% 0% 0% 0% Amount/serving COSTOO WHOLESALE COSTOO WKOLESALE COSTOO WKOLESALE COSTOO WHOLESALE DISTRIBUTED BY: DISTRIBUTED BY: DISTRIBUTED BY: DISTRIBUTED BY: | Serving size par container Serving size Serving size Serving size per container per container per container Trans Fat Og Trans Fat Og Trans Fat g TransFat Og JMEREDIENTS: CULTURED PASTEURIZED GOAT'S MUK, SALT,ENZYMES. 0hO/esT2/012mg.8% Total SUugars<1g Total Sugars <1g Total Sugars <1g TotalSugars <1g IncL O Added Sugars 0% POLUUT MIW-SHMINOO P.0.BONX 34535 P.0.BOX 34535 P.0.BOX 34535 P0.BONX 34635 CORPORATION CORPORATION CORPOPATION CORPOPATION | 0606 18V/WL1 102(289) 102 289) 102(289) 102(289) Cholesterol 25mg Cholesterol 25mg Cho/eSTe/rol 25mg.8% Cho/eSTe/rol 25mg.8% 8% 8% Incl. Oo Addet Sugars 0% Incl. Oo Addet Sugars 0% InclL 0o Addet Sugars 0% SEATTLEWA 98124-155 SEATLE.WA 98124-1535 SEATLE.WA 98124-1535 SEATTLE.WA 98124-1535 | WOOOOOOM Calories bujuas/unouy A0% Sodium 80mg Sodium 80mg Sodium 80mg Sodium 80mg VTAaMND0%CACUM.0% roN0%PoTAS.UM 0% 4% Pruein g 4% Prulein 5g 4% Prulein 5g 4% Pruiein 5g 4% P nlb 8%1 1-800-174-2678 1-800-74.2678 1-800-74.2678 1-800-7742678 USA USA USA USA | VSn 8292-122-008-1 per serving 80 2 VTA MN D0% CACUM 0%oN 0% PoTASSJUm 0% VTA MN D0% CACUM 0%oN 0% PoTASSJUm 0% VTA MN D 0% CACUM 0% IrON 0% POTASTUM 0% VA MN.D0%CCU0%oN.0%PoTAS30m.06 Pruiein 5g bu0 unpos Fiber 0g %DV Amount/serving (682)201 ITM./ART.9090 ITM./ART. 9090 ITM./ART.9090 ITM./ART.9090 T M./ART.9090 www.cOSTCo.cOM WWW.COSTCO.cOM www.cOSTCO.cOM www.cOSTCO.cOM %DV Iyoure not completly satsfied at | OE XB5 S0S1 -2.08 YM ULV S %0 sreons pappy oo tou JMCPFNICNTS: CULTURED PASTEURIZED GOAT'S MILK, SALT, ENZYMES. JMCPFNICNTS: CULTURED PASTEURIZED GOAT'S MILK, SALT, ENZYMES. IMCRENIENTS: CULTURED PASTEURIZED GOAT'S MILK, SALT, ENZYMES. IMEPENIENTS: CULTURED PASTEURIZED GOAT'S MLK, SALT,ENZYMES Nutrition %8 Total Sugars < 1g Total Carb.<1g Amount/serving ais bun %DV Amount/serving | ETASETOHM COLSOO CONAIRS: MILK CONAIRS: MILK CONAIRS: MILK CONIAIRS: MILK OF THE USA PRODUCT buuas/Junouy %0 69 U /001 18 S09133A KEEP REFRIGERATED Facts 6008 UN.pOS %17 Incl O Adet SUgars 0% KEEP REFRIGERATED KEEP REFRIGERATED KEEP REFRIGERATED KEEP REFRIGERATED PRODUCT OF THEUSA 0% your money will be retunded. this Kuriand Sigmature product | pepunyat ag m fuou mok BEST BEFORE BEST BEFORE BEST BEFORE BEST BEFORE %0 18 S09133a 18 S09133a 102909133 18 S09133 18 S09133A  0 0MC62 29/90 12 22 2NN %DV Total Fat 6g PAC5S 8%Total Carb.<1g | gonpoud ameulis purnury sue 2n pags iepuc pu auol A0% MAR 22 21 06157 293N0 MAR 22 21 06157 293N0 MAR 22 21 06157 293N0 MAR 22 21 06157 202N0 MAR 22 21 06157 293N0 buuasjunouy A0% About 11 Servings PRODUCT PRODUCT PRODUCT PRODUCT PRODUCT bujus/junouy Sat.Fat 4.5g 21% Fiber 0g 0% DISTRIBUTED BY: | 011/96619.09090 ais u per comtainer (682)201 OF THE USA OF THE USA OFTHEUSA OF THE USA OF THE USA UMIM-MHMENOR cnc 0 1 ths Kniand Sy fynre not comoieteh 2090619 09090 01/96619.090907 01/96619.090907 0/96619.090907 2196619 09090 0명 209 408 COSTOO WHOLESALE | IT M./ART.9090 Serving size wWw.cOSTCO.COM USA SEATTLE.1WA 98124-15035 P0.BONX 345 35 CO WHOLESALE DISTRIBUTED BY: your money wilbe retunded. gnature product oeed at Trans Fat Og 레스테를 90mg % 15% Total Sugars <1g IncL Oo Addel Sugars 0% P.0 BOX 34535 CORPORATION | 102.289) ChO/8STer0/25mg.8% 202/8099 0수19 2021 USA SEATTLE.WA 98124-1535 | 0 Calories Sodium 80mg 4% Pruiein 5g 1-800-774-2678 | per serving 80 VTA MN D0% CA/CTUM. 0% IrON 0% PoTASSJUM 0% WWW.COSTCO.COM | ITM./ART.9090 | IMCRFNIFNTS: CULTURED PASTEURIZED GOAT'S MILK, SALT, ENZYMES | CONAIRS: MILK KEEP REFRIGERATED | 18 K S09133a | BEST BEFORE | MAR 22 21 06157 293N0 PRODUCT | OF THE USA 196619.090907","[[""RODUCT OF THE USA"", 16, 34, 336], [""0덩 20 03 0스N8 090 2"", 28, 53, 467], [""민수을 3g 1%"", 16, 33, 547], [""00A81990M0 20 0M418"", 46, 49, 468], [""Nutrition"", 184, 27, 118], [""Amount/serving"", 180, 21, 209], [""%DV Amount/serving"", 180, 20, 291], [""Facts"", 208, 25, 118], [""Total Fat 6g"", 211, 22, 209], [""8% Total Carb.<1g"", 210, 21, 296], [""0%"", 208, 20, 430], [""About 11 Servings"", 232, 21, 117], [""Sat. Fat 4.5g"", 233, 24, 211], [""6Fiber 0g"", 233, 26, 308], [""0%"", 229, 20, 430], [""COSTOO WHOLESALE"", 240, 25, 467], [""per container"", 252, 25, 114], [""Trans Fat g"", 257, 24, 213], [""Total SUugars<1g"", 256, 27, 321], [""Serving size"", 272, 24, 110], [""InclL 0o Addet Sugars 0%"", 279, 24, 328], [""Cholesterol 25mg"", 282, 23, 203], [""102(289)"", 294, 25, 108], [""SEATTLE.WA 98124-1535"", 285, 22, 459], [""Sodium 80mg"", 306, 24, 202], [""4% Pruiein 5g"", 306, 23, 291], [""VTA MN D 0% CACUM 0% IrON 0% POTASTUM 0%"", 335, 24, 200], [""ITM./ART.9090"", 350, 28, 456], [""CONIAIRS: MILK"", 386, 23, 100], [""KEEP REFRIGERATED"", 393, 22, 337], [""18 S09133A"", 428, 21, 355], [""BEST BEFORE"", 438, 23, 97], [""MAR 22 21 06157 293N0"", 456, 31, 124], [""PRODUCT"", 460, 24, 354], [""OF THE USA"", 480, 21, 350], [""0/96619.090907"", 481, 28, 437], [""10"", 6, 11, 623], [""%0V"", 178, 17, 426], [""fyare not corpletely satsfedat"", 177, 14, 463], [""this Kiind Sigmature product"", 191, 20, 461], [""your money wil be retunded."", 204, 15, 462], [""21%"", 234, 19, 291], [""DISTRIBUTED BY:"", 226, 20, 480], [""CORPORATION"", 255, 20, 486], [""P.0.BONX 34535"", 270, 20, 484], [""8%"", 280, 15, 293], [""USA"", 299, 18, 508], [""1-800-174-2678"", 312, 19, 483], [""WWW.COSTCO.cOM"", 328, 17, 471], [""IMCRENIENTS: CULTURED PASTEURIZED GOAT'S MILK, SALT, ENZYMES."", 362, 26, 99], [""PRODUCT OF THE USA"", 16, 36, 321], [""0명 220 403"", 17, 31, 467], [""단수을 3g 1%"", 16, 32, 559], [""10"", 7, 14, 620], [""00스8199OM0 201"", 38, 39, 468], [""202N809 2"", 34, 43, 535], [""10"", 54, 25, 587], [""Nutrition"", 182, 33, 116], [""Amount/seving"", 180, 21, 209], [""%DV Amount/serving"", 180, 21, 290], [""%DV"", 177, 22, 424], [""Fyorie nat comy"", 176, 17, 461], [""Ihis Kinind Signature product,"", 190, 20, 459], [""Facts"", 207, 28, 115], [""Total Fat 6g"", 210, 25, 208], [""8% Total Carb.<1g"", 210, 26, 293], [""0%"", 208, 20, 430], [""your money wl be retunded."", 204, 20, 460], [""About 11 Servigs"", 230, 25, 116], [""Sat. Fat 4.5g"", 232, 23, 211], [""21%"", 233, 20, 289], [""Fiber 0g"", 233, 22, 319], [""0%"", 230, 25, 430], [""DISTRIBUTED BY:"", 226, 18, 480], [""COSTOO WHOLESALE"", 240, 23, 468], [""par container"", 251, 28, 112], [""TransFat Og"", 257, 26, 212], [""TotalSugars <1g"", 256, 27, 321], [""CORPORATION"", 254, 23, 483], [""Serving size"", 270, 27, 110], [""IncL O Added Sugars 0%"", 278, 26, 325], [""P0.BONX 34635"", 268, 21, 483], [""102 289)"", 292, 29, 107], [""Cholesterol 25mg"", 280, 26, 202], [""8%"", 280, 20, 287], [""SEATTLEWA 98124-155"", 284, 27, 457], [""Sodium 80mg"", 306, 23, 200], [""4% Pruein g"", 305, 24, 288], [""USA"", 299, 20, 505], [""Calories"", 318, 34, 104], [""80"", 330, 37, 157], [""1-800-7742678"", 313, 20, 483], [""VA MN.D0%CCU0%oN.0%PoTAS30m.06"", 334, 28, 199], [""www.cOSTCo.cOM"", 328, 21, 470], [""per serving"", 339, 24, 103], [""ITM./ART. 9090"", 349, 32, 455], [""IMEPENIENTS: CULTURED PASTEURIZED GOAT'S MLK, SALT,ENZYMES"", 361, 30, 100], [""CONAIRS: MILK"", 386, 27, 98], [""KEEP REFRIGERATED"", 392, 23, 336], [""18 S09133"", 428, 23, 353], [""BEST BEFORE"", 437, 24, 96], [""MAR 22 21 06157 293N0"", 455, 31, 122], [""PRODUCT"", 460, 21, 353], [""OF THE USA"", 478, 23, 349], [""0"", 484, 13, 442], [""2196619 09090"", 480, 38, 445], [""BEST BEFORE"", 138, 81, 191], [""CONIAIRS: MILK"", 144, 89, 240], [""JMEREDIENTS: CULTURED PASTEURIZED GOAT'S MUK, SALT,ENZYMES."", 264, 324, 263], [""MAR 22 21 06157 293N0"", 214, 194, 167], [""102.289)"", 138, 57, 334], [""Serving size"", 150, 73, 356], [""per container"", 150, 73, 375], [""About 11 Servings"", 164, 95, 400], [""Facts"", 148, 58, 422], [""Nutrition"", 162, 90, 442], [""VTAaMND0%CACUM.0% roN0%PoTAS.UM 0%"", 322, 244, 291], [""Sodium 80mg"", 242, 74, 323], [""0hO/esT2/012mg.8%"", 258, 115, 345], [""Trans Fat Og"", 245, 70, 371], [""Sat. Fat 4.5g"", 247, 77, 395], [""Total Fat 6g"", 241, 66, 419], [""Amount/serving"", 246, 73, 453], [""4% P"", 304, 35, 327], [""nlb"", 304, 27, 397], [""8%1"", 309, 26, 423], [""%DV Amount/serving"", 338, 96, 452], [""Pruiein 5g"", 341, 56, 325], [""Incl O Adet SUgars 0%"", 386, 129, 347], [""Total Sugars < 1g"", 367, 92, 371], [""Fiber 0g"", 343, 50, 397], [""Total Carb.<1g"", 356, 82, 417], [""PRODUCT OF THEUSA"", 389, 122, 606], [""KEEP REFRIGERATED"", 394, 114, 236], [""OF THE USA"", 386, 72, 152], [""PRODUCT"", 386, 62, 171], [""18 S09133A"", 390, 71, 203], [""011/96619.09090"", 494, 121, 144], [""%DV"", 440, 25, 457], [""IT M./ART.9090"", 514, 118, 276], [""SEATTLE.1WA 98124-15035"", 515, 127, 343], [""your money wilbe retunded."", 514, 117, 423], [""wWw.cOSTCO.COM"", 516, 94, 303], [""cnc"", 480, 20, 397], [""ths Kniand Sy"", 491, 60, 440], [""fynre not comoieteh"", 500, 74, 459], [""DISTRIBUTED BY:"", 521, 88, 404], [""레스테를 90mg %"", 523, 110, 580], [""0명 209 408"", 500, 65, 608], [""P0.BONX 345 35"", 520, 75, 360], [""CO WHOLESALE"", 534, 76, 391], [""USA"", 520, 23, 335], [""gnature product"", 548, 63, 439], [""oeed at"", 555, 48, 458], [""202/8099"", 572, 77, 591], [""15%"", 540, 22, 627], [""0수19 2021"", 590, 71, 605], [""60"", 68, 83, 13], [""mB"", 39, 20, 49], [""jonpoud ameulis purnury su"", 121, 116, 183], [""S0S1-218 YM 2NUVAS"", 125, 127, 271], [""pepunygal ag Im fauou gnod"", 128, 110, 195], [""0606 18V/NL"", 124, 113, 337], [""8292-122-008-1"", 124, 76, 305], [""WWWSOOOOM"", 125, 92, 320], [""6060619961"", 140, 87, 468], [""60"", 121, 22, 294], [""2S00"", 159, 26, 233], [""00A81를 9OMQ 20"", 119, 108, 21], [""AO%"", 201, 27, 167], [""BEEL 6 0SM81"", 250, 71, 417], [""POLUUT"", 254, 61, 453], [""bujuas/unouy A0%"", 302, 97, 170], [""2"", 340, 27, 224], [""0MC62 29/90 12 22 2NN"", 424, 194, 441], [""buuas/Junouy"", 394, 73, 172], [""69 U /001"", 398, 65, 200], [""6008 UN.pOS"", 400, 80, 293], [""ais u"", 490, 72, 262], [""UMIM-MHMENOR"", 496, 87, 375], [""(682)201"", 501, 54, 282], [""2106060 61996"", 160, 29, 69], [""PUT"", 180, 21, 223], [""0M운62 29 90 12 22 2부1"", 184, 29, 329], [""BEEL 60 S/81"", 212, 21, 215], [""MIW-SHMINOO"", 253, 23, 454], [""0606 18V/WL1"", 290, 26, 67], [""WOOOOOOM"", 312, 18, 78], [""8292-122-008-1"", 328, 19, 88], [""bu0 unpos"", 332, 23, 367], [""VSn"", 342, 17, 110], [""(682)201"", 346, 25, 473], [""S0S1 -2.08 YM ULV S"", 356, 23, 63], [""%0 sreons pappy oo tou"", 360, 21, 191], [""%8"", 360, 19, 328], [""OE XB5"", 370, 20, 85], [""ais bun"", 369, 24, 457], [""ETASETOHM COLSOO"", 400, 22, 69], [""%0"", 410, 19, 190], [""%17"", 407, 20, 323], [""%0"", 432, 16, 192], ["" 0"", 430, 27, 371], [""pepunyat ag m fuou mok"", 436, 19, 72], [""PAC5S"", 432, 24, 470], [""gonpoud ameulis purnury sue"", 448, 17, 58], [""buuasjunouy A0%"", 461, 20, 255], [""bujus/junouy"", 460, 23, 361], [""2n pags iepuc pu auol"", 464, 17, 63], [""A0%"", 463, 18, 190], [""0"", 612, 52, 3], [""JCT OF THE USA"", 16, 31, 363], [""03 220 331E0208 0.2002"", 28, 51, 467], [""탄수를3g 1s"", 18, 31, 556], [""Nutrition"", 184, 25, 124], [""Amount/sening"", 180, 19, 211], [""%DV Amount/sening"", 180, 24, 290], [""%DV"", 177, 18, 426], [""Facts"", 208, 25, 118], [""0%"", 208, 19, 430], [""10"", 193, 6, 536], [""Total Fat 6g"", 211, 22, 209], [""8% Total Carb.<1g"", 210, 21, 295], [""About 11 Servings"", 230, 21, 117], [""Sat. Fat 4.5g"", 233, 23, 211], [""21% Fber 09"", 234, 23, 287], [""0%"", 230, 20, 430], [""DISTRIBUTED BY:"", 226, 21, 481], [""COSTOO WKOLESALE"", 240, 23, 468], [""per container"", 252, 25, 114], [""Trans Fat Og"", 257, 27, 212], [""Total Sugars <1g"", 257, 26, 321], [""CORPOPATION"", 256, 17, 487], [""Serving size"", 272, 23, 111], [""P.0.BOX 34535"", 270, 21, 484], [""Cho/eSTe/rol 25mg.8%"", 282, 25, 203], [""Incl. Oo Addet Sugars 0%"", 280, 20, 310], [""102(289)"", 294, 25, 109], [""SEATLE.WA 98124-1535"", 284, 22, 460], [""Sodium 80mg"", 306, 21, 203], [""4% Prulein 5g"", 306, 23, 290], [""USA"", 300, 18, 508], [""1-800-74.2678"", 314, 19, 483], [""VTA MN D0% CACUM 0%oN 0% PoTASSJUm 0%"", 335, 24, 199], [""www.cOSTCO.cOM"", 328, 17, 471], [""ITM./ART.9090"", 350, 28, 457], [""JMCPFNICNTS: CULTURED PASTEURIZED GOAT'S MILK, SALT, ENZYMES."", 362, 26, 98], [""CONAIRS: MILK"", 386, 23, 100], [""KEEP REFRIGERATED"", 393, 20, 337], [""18 S09133a"", 427, 24, 353], [""BEST BEFORE"", 439, 18, 98], [""MAR 22 21 06157 293N0"", 456, 29, 124], [""PRODUCT"", 460, 21, 355], [""OF THE USA"", 480, 20, 351], [""01/96619.090907"", 482, 27, 437], [""JCT OF THE USA"", 16, 31, 363], [""03 220 331E0208 0.2002"", 28, 51, 467], [""탄수를3g 1s"", 18, 31, 556], [""Nutrition"", 184, 25, 124], [""Amount/sening"", 180, 19, 211], [""%DV Amount/sening"", 180, 24, 290], [""%DV"", 177, 18, 426], [""Facts"", 208, 25, 118], [""0%"", 208, 19, 430], [""10"", 193, 6, 536], [""Total Fat 6g"", 211, 22, 209], [""8% Total Carb.<1g"", 210, 21, 295], [""About 11 Servings"", 230, 21, 117], [""Sat. Fat 4.5g"", 233, 23, 211], [""21% Fber 09"", 234, 23, 287], [""0%"", 230, 20, 430], [""DISTRIBUTED BY:"", 226, 21, 481], [""COSTOO WKOLESALE"", 240, 23, 468], [""per container"", 252, 25, 114], [""Trans Fat Og"", 257, 27, 212], [""Total Sugars <1g"", 257, 26, 321], [""CORPOPATION"", 256, 17, 487], [""Serving size"", 272, 23, 111], [""P.0.BOX 34535"", 270, 21, 484], [""Cho/eSTe/rol 25mg.8%"", 282, 25, 203], [""Incl. Oo Addet Sugars 0%"", 280, 20, 310], [""102(289)"", 294, 25, 109], [""SEATLE.WA 98124-1535"", 284, 22, 460], [""Sodium 80mg"", 306, 21, 203], [""4% Prulein 5g"", 306, 23, 290], [""USA"", 300, 18, 508], [""1-800-74.2678"", 314, 19, 483], [""VTA MN D0% CACUM 0%oN 0% PoTASSJUm 0%"", 335, 24, 199], [""www.cOSTCO.cOM"", 328, 17, 471], [""ITM./ART.9090"", 350, 28, 457], [""JMCPFNICNTS: CULTURED PASTEURIZED GOAT'S MILK, SALT, ENZYMES."", 362, 26, 98], [""CONAIRS: MILK"", 386, 23, 100], [""KEEP REFRIGERATED"", 393, 20, 337], [""18 S09133a"", 427, 24, 353], [""BEST BEFORE"", 439, 18, 98], [""MAR 22 21 06157 293N0"", 456, 29, 124], [""PRODUCT"", 460, 21, 355], [""OF THE USA"", 480, 20, 351], [""01/96619.090907"", 482, 27, 437], [""PRODUCT OF THE USA"", 30, 65, 660], [""0명 230 435"", 36, 58, 938], [""220020.151"", 14, 32, 990], [""탄수화물 3g 1%"", 33, 57, 1122], [""10"", 15, 30, 1241], [""3트000방 090 21"", 65, 74, 1041], [""2레스81를 90M0 206"", 80, 63, 943], [""19"", 107, 46, 1144], [""Nutrition"", 366, 53, 238], [""Amount/serving"", 359, 34, 421], [""%DV Amount/serving"", 359, 34, 587], [""%DV"", 354, 35, 852], [""Iyoure not completly satsfied at"", 353, 32, 925], [""this Kuriand Sigmature product"", 382, 31, 923], [""Facts"", 414, 47, 239], [""Total Fat 6g"", 422, 39, 420], [""8%Total Carb.<1g"", 422, 37, 592], [""0%"", 416, 37, 861], [""your money will be retunded."", 410, 29, 922], [""About 11 Servings"", 463, 40, 233], [""0%"", 459, 46, 857], [""DISTRIBUTED BY:"", 452, 34, 963], [""Sat.Fat 4.5g"", 466, 40, 430], [""21%"", 466, 36, 581], [""Fiber 0g"", 468, 40, 644], [""COSTOO WHOLESALE"", 480, 35, 940], [""per comtainer"", 503, 40, 229], [""Trans Fat Og"", 515, 42, 431], [""Total Sugars <1g"", 512, 41, 647], [""CORPORATION"", 510, 34, 973], [""Serving size"", 543, 46, 223], [""P.0 BOX 34535"", 539, 34, 971], [""ChO/8STer0/25mg.8%"", 562, 44, 408], [""IncL Oo Addel Sugars 0%"", 558, 40, 661], [""SEATTLE.WA 98124-1535"", 569, 36, 924], [""102.289)"", 586, 49, 216], [""4% Pruiein 5g"", 609, 44, 583], [""USA"", 598, 32, 1015], [""Sodium 80mg"", 613, 42, 404], [""Calories"", 638, 49, 217], [""1-800-774-2678"", 627, 36, 968], [""80"", 660, 65, 321], [""WWW.COSTCO.COM"", 657, 30, 945], [""per serving"", 677, 46, 210], [""VTA MN D0% CA/CTUM. 0% IrON 0% PoTASSJUM 0%"", 672, 45, 404], [""ITM./ART.9090"", 700, 47, 917], [""IMCRFNIFNTS: CULTURED PASTEURIZED GOAT'S MILK, SALT, ENZYMES"", 724, 47, 205], [""CONAIRS: MILK"", 772, 43, 205], [""KEEP REFRIGERATED"", 786, 36, 678], [""18 K S09133a"", 856, 37, 712], [""BEST BEFORE"", 876, 37, 199], [""MAR 22 21 06157 293N0"", 912, 55, 250], [""PRODUCT"", 922, 35, 713], [""OF THE USA"", 958, 37, 703], [""196619.090907"", 960, 51, 895], [""T M./ART.9090"", 350, 24, 460], [""102909133"", 427, 22, 356], [""MAR 22 21 06157 202N0"", 456, 31, 124], [""PRODUCT"", 460, 21, 355], [""OFTHEUSA"", 480, 21, 350], [""1"", 482, 11, 443], [""2090619 09090"", 482, 25, 448]]"
000876,2021,07,01,2021-07-01,s1,"19:27 | 2021.07.01 | 까지 | 피크닉,사과","[[""19:27"", 283, 23, 604], [""2021.07.01"", 301, 22, 537], [""까지"", 325, 26, 675], [""피크닉,사과"", 432, 37, 470]]"
000877,2023,04,03,2023-04-03,up2x,sera | BEST BEF0RE.03/04/23 | BAT0H0946/1/3 | SADE | HELVA SUBE SESAMPASTE | TRADITIONAL HELVA | Nettogewicht: NeT WT.12.302- .350ge,"[[""sera"", 528, 103, 1103], [""BEST BEF0RE.03/04/23"", 927, 41, 341], [""BAT0H0946/1/3"", 958, 40, 339], [""SADE"", 1018, 83, 472], [""HELVA"", 1126, 119, 468], [""SUBE SESAMPASTE"", 1116, 59, 893], [""TRADITIONAL HELVA"", 1166, 56, 891], [""Nettogewicht:"", 1197, 32, 777], ["".350ge"", 1222, 64, 967], [""NeT WT.12.302-"", 1226, 35, 773]]"
000878,2030,12,01,2030-12-01,s2,Sera | 10946/13 | SADE | HELVA SUBE SESAMPASTE TRADITIONAL HELVA | Netogowiche NOAT 1.12.302 3508e,"[[""Sera"", 211, 38, 369], [""10946/13"", 448, 38, 154], [""SADE"", 476, 49, 158], [""SUBE SESAMPASTE"", 490, 39, 312], [""HELVA"", 520, 67, 163], [""TRADITIONAL HELVA"", 512, 43, 309], [""3508e"", 540, 32, 345], [""Netogowiche"", 543, 23, 274], [""NOAT 1.12.302"", 554, 29, 274]]"
000879,2021,05,11,2021-05-11,s1,"CHEE DIP | 품위생법에의한한글표시사항 영양정보 | 초엔 답 치즈(치즈8% 함유) NACHO CHIPS CHILI FLAVOR | 032.400M0 EL SABOR MEXICAN FOODS S.A | 23% KOKKINIA, INOFITA VIOTIA | PC3 2011.GREECE | 성군 대소인 신내로 147-31 219/ 300 Tel +302262031020 +30226203118 Cheesep:Wat,vetbil(eedolconuto | 1859.소스900.1.155 k02 트랜스지방0 | 포화지방14g FAXC +30 22620 31695 | 콜레스테를Omg Web site: www.elsabor.gr | 단백질10g | place. Best before seeon padkage. | TOTAL NET WEIGHT: | 175ge | PROD.DATE:15/07/2020 | EXP. DATE:11/05/2021 | 0720 V 177 5120217510198311","[[""CHEE DIP"", 51, 20, 490], [""품위생법에의한한글표시사항"", 60, 23, 0], [""영양정보"", 68, 23, 294], [""초엔 답 치즈(치즈8% 함유)"", 88, 23, 0], [""NACHO CHIPS CHILI FLAVOR"", 97, 22, 489], [""032.400M0"", 119, 23, 295], [""EL SABOR MEXICAN FOODS S.A"", 128, 21, 489], [""23%"", 144, 21, 435], [""KOKKINIA, INOFITA VIOTIA"", 144, 20, 491], [""PC3 2011.GREECE"", 160, 22, 489], [""219/ 300"", 184, 24, 295], [""Tel +302262031020"", 176, 20, 491], [""성군 대소인 신내로 147-31"", 188, 24, 0], [""+30226203118"", 192, 20, 510], [""Cheesep:Wat,vetbil(eedolconuto"", 191, 25, 705], [""1859.소스900.1.155 k02"", 207, 23, 0], [""트랜스지방0"", 205, 22, 303], [""포화지방14g"", 226, 23, 305], [""FAXC +30 22620 31695"", 224, 20, 490], [""콜레스테를Omg"", 248, 23, 296], [""Web site: www.elsabor.gr"", 255, 25, 489], [""단백질10g"", 270, 23, 297], [""place. Best before seeon padkage."", 284, 23, 703], [""TOTAL NET WEIGHT:"", 349, 20, 491], [""175ge"", 375, 37, 488], [""PROD.DATE:15/07/2020"", 450, 26, 429], [""EXP."", 470, 21, 431], [""DATE:11/05/2021"", 468, 25, 478], [""0720 V 177"", 486, 26, 476], [""5120217510198311"", 492, 23, 716]]"
000880,2021,05,11,2021-05-11,s1,영양정보 |    | Emat nogetabery | NACHO N' DIP | 175ge | PROD.DATE15/07/2020 | EXP.DATE11/05/2021 | LOT 0720 UV 177 5202175/0198311,"[[""영양정보"", 70, 26, 180], [""  "", 184, 23, 460], [""Emat nogetabery"", 218, 24, 316], [""NACHO N' DIP"", 300, 24, 322], [""175ge"", 340, 38, 322], [""PROD.DATE15/07/2020"", 406, 23, 287], [""EXP.DATE11/05/2021"", 423, 24, 288], [""LOT 0720 UV 177"", 439, 24, 287], [""5202175/0198311"", 438, 27, 478]]"
000881,2021,06,08,2021-06-08,s1,2021.06.08121 | 유통기한 전행호 15.31 A10 | 0-10C냉장보관 개봉 후 반드시 냉장보관 하시고 빨리 드시기 | 바랍니다,"[[""2021.06.08121"", 374, 22, 426], [""유통기한"", 392, 31, 330], [""전행호 15.31 A10"", 395, 28, 423], [""개봉 후 반드시 냉장보관 하시고 빨리 드시기"", 475, 26, 437], [""0-10C냉장보관"", 485, 34, 319], [""바랍니다"", 496, 21, 437]]"
000882,2021,06,08,2021-06-08,s1,유통기한 2021.06.08까2 | 전행호 15 31 A10 | 0-10OYC당장보 개봉 후 반드시 냉장보관 하시고 벌리 드시기,"[[""유통기한"", 321, 31, 231], [""2021.06.08까2"", 319, 40, 296], [""전행호 15 31 A10"", 339, 42, 293], [""0-10OYC당장보"", 406, 33, 215], [""개봉 후 반드시 냉장보관 하시고 벌리 드시기"", 412, 41, 296]]"
000883,2021,07,03,2021-07-03,det5,부 | 생산일자 2021.01.04 | 유통기한 2021.07.03 까지 801150 300451,"[[""부"", 247, 30, 476], [""생산일자"", 437, 37, 226], [""2021.01.04"", 451, 26, 344], [""유통기한"", 466, 31, 233], [""2021.07.03"", 466, 31, 348], [""까지"", 465, 31, 555], [""801150 300451"", 474, 21, 653]]"
000884,2021,NONE,24,2021-NONE-24,det5,부 | 생산일자 유통기한 221.81.24 까지 | 8 201130 300251,"[[""부"", 237, 26, 320], [""생산일자"", 380, 39, 125], [""유통기한"", 406, 38, 123], [""221.81.24"", 420, 70, 193], [""까지"", 442, 31, 336], [""8"", 458, 10, 395], [""201130 300251"", 467, 35, 400]]"
000885,2020,01,10,2020-01-10,s1,①주의사항 | 본제용은 용국과 건과류가들어가 있어서 유통종에섭게 변집원 SSG.COM | 우려가 있습니다.그러므로 개봉 후에는 가급적 떨리 드십시오. | 유통기한 | 8804433/100120 금024207.09 까지,"[[""①주의사항"", 181, 23, 161], [""본제용은 용국과 건과류가들어가 있어서 유통종에섭게 변집원"", 202, 35, 151], [""우려가 있습니다.그러므로 개봉 후에는 가급적 떨리 드십시오."", 216, 32, 147], [""SSG.COM"", 216, 35, 474], [""유통기한"", 250, 21, 419], [""8804433/100120"", 297, 36, 148], [""금024207.09"", 297, 49, 412], [""까지"", 316, 20, 600]]"
000886,2020,01,10,2020-01-10,s1,SSG.COM | 유봉기한 | 8804433 100120,"[[""SSG.COM"", 198, 24, 295], [""유봉기한"", 234, 21, 257], [""8804433 100120"", 286, 29, 81]]"
000887,2021,12,01,2021-12-01,s2,"Contains Sachets oa: Seasoning Powder, Seasoning Oil, Sweet Soy | R Sauce, Chili Powder, Fried Shallot | EEF CFEE 2021 12 1 | 스 1 | ant Noodles | eng | G Spicy | reng Pedas ntanées | s/Ins | HALAL","[[""Contains Sachets oa:"", 222, 20, 506], [""R"", 240, 21, 413], [""Seasoning Powder, Seasoning Oil, Sweet Soy"", 232, 33, 503], [""Sauce, Chili Powder, Fried Shallot"", 250, 25, 503], [""12"", 291, 20, 686], [""스 1"", 318, 20, 429], [""ant Noodles"", 399, 72, 183], [""eng"", 508, 62, 207], [""G Spicy"", 556, 43, 191], [""Pedas"", 586, 27, 224], [""reng"", 596, 36, 172], [""ntanées"", 603, 20, 254], [""s/Ins"", 613, 34, 193], [""EEF CFEE"", 292, 19, 446], [""2021"", 292, 19, 578], [""1"", 290, 17, 750], [""HALAL"", 642, 27, 738]]"
000888,2021,12,NONE,2021-12-NONE,s1,"Seasoning Powder Seasoning Oi, Sweet Soy | wkmie Sauce. Chi Powder, Fid Shallot | BEF0RE 2021 12 | 2KR A1 52 | tNoodles | eng | 9 Spicy","[[""wkmie"", 213, 85, 88], [""Seasoning Powder Seasoning Oi, Sweet Soy"", 229, 50, 347], [""Sauce. Chi Powder, Fid Shallot"", 240, 42, 344], [""BEF0RE 2021 12"", 273, 50, 300], [""2KR A1 52"", 290, 39, 292], [""tNoodles"", 337, 78, 113], [""eng"", 430, 66, 113], [""9 Spicy"", 470, 47, 92]]"
000889,2021,05,27,2021-05-27,s2,STMOA | BEST BY MAY 27 2021 | 100 UC | Dlke 트로피칼 | Tropical | FRUIT BOWLS@,"[[""100 UC"", 368, 73, 99], [""Dlke"", 410, 92, 362], [""트로피칼"", 402, 63, 628], [""Tropical"", 459, 44, 641], [""FRUIT BOWLS@"", 499, 34, 348], [""STMOA"", 179, 22, 626], [""BEST BY MAY 27 2021"", 318, 26, 280]]"
000890,2021,04,05,2021-04-05,s1,10:56 | 2021.04.05 | 까지 | 흔들어드세요 | 허쉬 127주년한정/기획팩 | 허쉬초콜릿드링크,"[[""10:56"", 258, 23, 447], [""2021.04.05"", 275, 27, 400], [""까지"", 294, 21, 491], [""흔들어드세요"", 323, 24, 457], [""허쉬 127주년한정/기획팩"", 370, 29, 380], [""허쉬초콜릿드링크"", 420, 26, 481]]"
000891,2021,04,05,2021-04-05,s1,210.56 | 2021.04.05 | 까지 | 흔들어 드세로 | 허쉬12/주년한정기액,"[[""210.56"", 212, 28, 253], [""2021.04.05"", 229, 36, 241], [""까지"", 241, 20, 303], [""흔들어 드세로"", 264, 37, 277], [""허쉬12/주년한정기액"", 308, 54, 229]]"
000892,2022,02,07,2022-02-07,s1,SuperMoist. | Betty | Crocker Chocolate | 07FEB2022 PV 07.17 2,"[[""Betty"", 402, 36, 593], [""SuperMoist."", 395, 38, 736], [""Crocker"", 424, 36, 570], [""07FEB2022 PV 07.17 2"", 427, 24, 184], [""Chocolate"", 437, 28, 763]]"
000893,2022,02,07,2022-02-07,s1,Bettly SuperMoist. | Crocker | 07FEB2022 PV 07/17 2,"[[""SuperMoist."", 324, 38, 510], [""Bettly"", 344, 28, 418], [""Crocker"", 364, 27, 408], [""07FEB2022 PV 07/17 2"", 388, 40, 150]]"
000894,2021,06,02,2021-06-02,s1,23.45 | 2021.06.02 | 까지 | 피크닉청포도,"[[""23.45"", 224, 21, 470], [""2021.06.02"", 240, 23, 396], [""까지"", 260, 26, 540], [""피크닉청포도"", 368, 38, 326]]"
000895,2021,06,02,2021-06-02,s1,23145 | 2021.06.02 | 까지 | 피크닉청포도,"[[""23145"", 195, 24, 327], [""2021.06.02"", 208, 30, 276], [""까지"", 232, 23, 374], [""피크닉청포도"", 320, 40, 223]]"
000896,2023,02,15,2023-02-15,s1,AKBAR | FOR THE PERFECT CUP | Pour freshly boiled water and allow to | Can be drunk either hot or cold. Store in a cool dry place | Packing Date / Date d'emballage | KacairaH yaks/ara ynakyBaHHs YnaxoBamy llpi-JIanmi | Expiry Date / Date d'expiration | Verbrauchsdatum / Tazen ao 2023/02/15 | CakTay Mep3isi/TepMin 3éepiraHHs Akbar Brothers (Pvt) Ltd | 334.T.B JAYAh MAwATha.Co/oMbDo 10.Sn LAnka | 10X 1.25g,"[[""AKBAR"", 84, 88, 303], [""FOR THE PERFECT CUP"", 238, 38, 26], [""Pour freshly boiled water and allow to"", 264, 50, 25], [""Store in a cool dry place"", 316, 32, 403], [""Can be drunk either hot or cold."", 328, 44, 28], [""Packing Date / Date d'emballage"", 370, 37, 30], [""YnaxoBamy llpi-JIanmi"", 389, 32, 410], [""KacairaH yaks/ara ynakyBaHHs"", 412, 37, 31], [""Expiry Date / Date d'expiration"", 454, 37, 33], [""2023/02/15"", 464, 27, 254], [""Verbrauchsdatum / Tazen ao"", 476, 33, 34], [""Akbar Brothers (Pvt) Ltd"", 489, 59, 306], [""CakTay Mep3isi/TepMin 3éepiraHHs"", 497, 36, 33], [""334.T.B JAYAh MAwATha.Co/oMbDo 10.Sn LAnka"", 520, 45, 339], [""10X 1.25g"", 566, 43, 97]]"
000897,2025,05,19,2025-05-19,s2,"Certificato da Organismo di | controllo autorizzato dal Mipaaf. | 식품위생법에의한한글표시사항 | ·제품명:모데나 발사믹식초·식품의 유형 | 발효식초·수입·판매원:서영이앤티(주)서울 | 서초구 서초중T로 14.7층 제조업소명.AC0T8 | GUS PPE 0 ONN V FOSCh@r0.1142 SAMbDe1 | Modena, Italy)·유통기한:제품 뒷면 하단별 | 표기2까지(2는법/월일)내용량 250 | 초산랑 6% 원재료명 및T 와인식초75.299 | (포도100%)농축포도과즙23%포도1009 | 카색소1%.무수1산(산화지제0.01% | 무수아황산 함유 | ·원산지:이탈리아 | ·용기재질:유리 | 뚜껑내부: 폴리에틸렌 | ·뚜껑외부:알미능반품교환장소:구입처 및 판매 | 고객상담.080-584-5151 보관방법 직사광0 | 들지 않는 건냉한 곳에 보관·식초에서 발견되는 입자는 | 초산균이자연적으로덩어리져생긴 마더오브비니거로 | 인체에 무해하며 있는 그대로 드시거나 필터 등으로 | 걸러내셔서섭취하시면 됩니다.본 제품은 소비자 피해 | 보상규정에의거 교환 및 보상을 받을 수 있습니다 | 부정 불량 식품신고는 국번1399 | 본 제품은 이태리에서 포장까지 마친 원제품으로 | 직수입됩니다 | 올리타리아 홈페이지 www.olitaliakorea.kr | Best before: | BEST BEFORE | 2025/05/19 | 산도:6% 유리 | 250 M1 뚜껑외부:알미늄 뚜껑내부: HDPE | 81007150901968","[[""controllo autorizzato dal Mipaaf."", 25, 31, 204], [""식품위생법에의한한글표시사항"", 44, 39, 210], [""·제품명:모데나 발사믹식초·식품의 유형"", 68, 28, 186], [""발효식초·수입·판매원:서영이앤티(주)서울"", 89, 30, 184], [""서초구 서초중T로 14.7층 제조업소명.AC0T8"", 109, 30, 185], [""GUS PPE 0 ONN V FOSCh@r0.1142 SAMbDe1"", 128, 29, 185], [""Modena, Italy)·유통기한:제품 뒷면 하단별"", 148, 31, 185], [""표기2까지(2는법/월일)내용량 250"", 168, 31, 185], [""초산랑 6% 원재료명 및T 와인식초75.299"", 187, 35, 186], [""(포도100%)농축포도과즙23%포도1009"", 207, 33, 187], [""카색소1%.무수1산(산화지제0.01%"", 228, 30, 187], [""무수아황산 함유"", 278, 33, 192], [""·원산지:이탈리아"", 318, 24, 189], [""·용기재질:유리"", 338, 23, 190], [""뚜껑내부: 폴리에틸렌"", 358, 24, 191], [""·뚜껑외부:알미능반품교환장소:구입처 및 판매"", 376, 30, 190], [""고객상담.080-584-5151 보관방법 직사광0"", 396, 28, 192], [""들지 않는 건냉한 곳에 보관·식초에서 발견되는 입자는"", 415, 28, 193], [""초산균이자연적으로덩어리져생긴 마더오브비니거로"", 435, 30, 191], [""인체에 무해하며 있는 그대로 드시거나 필터 등으로"", 454, 28, 194], [""걸러내셔서섭취하시면 됩니다.본 제품은 소비자 피해"", 474, 29, 194], [""보상규정에의거 교환 및 보상을 받을 수 있습니다"", 492, 27, 195], [""부정 불량 식품신고는 국번1399"", 513, 26, 195], [""본 제품은 이태리에서 포장까지 마친 원제품으로"", 532, 24, 195], [""올리타리아 홈페이지 www.olitaliakorea.kr"", 571, 22, 196], [""Best before:"", 597, 23, 205], [""산도:6%"", 726, 30, 215], [""유리"", 728, 31, 365], [""250 M1"", 770, 45, 213], [""81007150901968"", 876, 22, 227], [""Certificato da Organismo di"", 9, 19, 220], [""직수입됩니다"", 554, 19, 198], [""BEST BEFORE"", 624, 19, 245], [""2025/05/19"", 640, 19, 246], [""뚜껑내부: HDPE"", 770, 19, 345], [""뚜껑외부:알미늄"", 782, 17, 345]]"
000898,2025,05,19,2025-05-19,s2,"Certificato | controllo autorizzato | 식품위생법에의한한글표시사항 | ·제품명:모데나 발사먹식초·식품의 유일 | 발효식초 수입·판매원:서영이앤티(주)1서울 | 1초구 서초증0로14.78 1조업소9 A081 | 표기2까/.820)·4882602 | 20/0889901외275.00 | (25100)84모도과823%00도100 | 카라율색소1%.우수아(00시00.01% | 무수아황산 함유 | ·원산지:이탈리아 | ·용기재질:유리 | ·껑내부:물리에틸랜 | 정외부:알미 반교환장소:구입처일만 | 들지 않는 건생한 곳에 보관 -식초에서 발견되는 입자는 | 초산교이 자연적로영어리져 생긴 마디오비니거로 | 인체에 무해하며, 있는 그대로 드시거나 필터 등으로 | 걸러내서서섭휘하시면 됩니다.본 제용은 소비자피해 | 보상 규정에 의거 교한 및 보상을 받을 수 있습니다. | 부장불당 식품신2는국번이1309 |   | 직수입입니다. | 물리타리아 페이지 www,olitaliakorea.kr | Best before: | BESTBEFORE | 2025/05/19 | 산도:6% 유리 | 250 M1 | 8 1007150901968","[[""식품위생법에의한한글표시사항"", 31, 60, 142], [""·제품명:모데나 발사먹식초·식품의 유일"", 46, 69, 120], [""1초구 서초증0로14.78 1조업소9 A081"", 73, 68, 125], [""표기2까/.820)·4882602"", 112, 67, 132], [""20/0889901외275.00"", 124, 70, 134], [""(25100)84모도과823%00도100"", 137, 70, 136], [""카라율색소1%.우수아(00시00.01%"", 150, 67, 139], [""무수아황산 함유"", 192, 44, 148], ["" "", 348, 66, 177], [""유리"", 462, 33, 348], [""산도:6%"", 485, 36, 216], [""250 M1"", 512, 49, 218], [""Certificato"", 18, 30, 145], [""controllo autorizzato"", 26, 43, 134], [""발효식초 수입·판매원:서영이앤티(주)1서울"", 60, 64, 123], [""·원산지:이탈리아"", 222, 35, 152], [""·용기재질:유리"", 236, 33, 154], [""·껑내부:물리에틸랜"", 246, 37, 157], [""정외부:알미 반교환장소:구입처일만"", 246, 65, 159], [""들지 않는 건생한 곳에 보관 -식초에서 발견되는 입자는"", 272, 65, 164], [""초산교이 자연적로영어리져 생긴 마디오비니거로"", 284, 67, 167], [""인체에 무해하며, 있는 그대로 드시거나 필터 등으로"", 296, 64, 170], [""걸러내서서섭휘하시면 됩니다.본 제용은 소비자피해"", 309, 65, 172], [""보상 규정에 의거 교한 및 보상을 받을 수 있습니다."", 322, 62, 175], [""부장불당 식품신2는국번이1309"", 339, 52, 177], [""직수입입니다."", 377, 28, 182], [""물리타리아 페이지 www,olitaliakorea.kr"", 375, 58, 184], [""Best before:"", 404, 28, 194], [""BESTBEFORE"", 410, 43, 230], [""2025/05/19"", 420, 40, 232], [""8"", 588, 11, 247], [""1007150901968"", 570, 49, 252]]"
000899,2022,09,02,2022-09-02,s1,"CAPPUCCINO 영양정보 100당 395kCa1 | Candies | EXP.DATE.2022.09.02 | ※개봉 후빠른 시일내에도시기바랍니다 | ※패키지의사진이나일스트는이미지오나 | ※간혹 작은캔디나 빈능지가 나올수있으다 | -제품 중량에는 차이가 없습니다. | ※건강밸런스를생각하여,한번에많은 양의 | 섭취를삼가시기 바랍니다.","[[""영양정보"", 301, 30, 326], [""CAPPUCCINO"", 312, 35, 24], [""100당 395kCa1"", 306, 33, 429], [""Candies"", 334, 31, 21], [""EXP.DATE.2022.09.02"", 575, 20, 397], [""※개봉 후빠른 시일내에도시기바랍니다"", 713, 30, 327], [""※패키지의사진이나일스트는이미지오나"", 730, 27, 328], [""※간혹 작은캔디나 빈능지가 나올수있으다"", 750, 27, 327], [""-제품 중량에는 차이가 없습니다."", 770, 21, 338], [""※건강밸런스를생각하여,한번에많은 양의"", 788, 30, 325], [""섭취를삼가시기 바랍니다."", 807, 23, 341]]"
000900,2022,09,02,2022-09-02,s2,CAPPUCCINO 영양정보 395kCAl 101001120 | Candies 10oyu | 5% 사방 0g 0 | 30 랜스지방0 | 88 0g | 0 단배질10 | EP.DATE.2022.09.02 | MCA에 APM니C | 페기자에 사진이나 일스는 이미지  | 간록 적을 괜디나 변시가 나용 | -제용 중할에는 차이가 없습니다 | 설취를 함가사기 바랍니다.,"[[""CAPPUCCINO"", 222, 32, 11], [""MCA에 APM니C"", 494, 21, 301], [""영양정보"", 218, 18, 284], [""395kCAl"", 222, 17, 401], [""101001120"", 213, 8, 407], [""Candies"", 236, 23, 11], [""10oyu"", 239, 12, 374], [""5%"", 253, 10, 349], [""사방 0g"", 254, 12, 373], [""0"", 254, 8, 440], [""30"", 269, 12, 343], [""랜스지방0"", 268, 17, 374], [""88"", 283, 12, 342], [""0g"", 283, 18, 374], [""단배질10"", 297, 12, 372], [""0"", 297, 10, 348], [""EP.DATE.2022.09.02"", 402, 19, 345], [""페기자에 사진이나 일스는 이미지 "", 506, 15, 302], [""간록 적을 괜디나 변시가 나용"", 519, 18, 300], [""-제용 중할에는 차이가 없습니다"", 532, 19, 289], [""설취를 함가사기 바랍니다."", 556, 14, 300]]"
000901,2021,11,01,2021-11-01,s1,l  | 응능 | EZ | 0N8-/98-20.181N382) | 0M OS809888M1 | S/ | DD/MM/YYYY | zechowywac w consmeiinte :/Nispozy 68 01/11/2021 paquets/Confine 10 ambalaje/Zawiera | Inomi suhom przed:/Najboji potrjebii do:/ Nairaje uporabno 100pa/ONAN/SATr10PAkE/VSebU | peernc aes de: n dnn L210273 1 Conte m.10 mbaagenS /optyo 10 | 10,"[[""l "", 217, 24, 0], [""응능"", 242, 28, 13], [""EZ"", 369, 28, 0], [""0N8-/98-20.181N382)"", 382, 27, 22], [""0M OS809888M1"", 398, 23, 2], [""S/"", 409, 24, 86], [""DD/MM/YYYY"", 466, 26, 494], [""zechowywac w"", 492, 22, 0], [""consmeiinte :/Nispozy"", 490, 22, 222], [""68"", 485, 26, 461], [""01/11/2021"", 492, 29, 496], [""paquets/Confine 10 ambalaje/Zawiera"", 483, 24, 666], [""Inomi suhom"", 507, 20, 0], [""przed:/Najboji potrjebii do:/ Nairaje uporabno"", 504, 23, 222], [""100pa/ONAN/SATr10PAkE/VSebU"", 498, 22, 667], [""L210273 1"", 520, 29, 498], [""peernc aes de: n dnn"", 533, 24, 223], [""Conte m.10 mbaagenS /optyo 10"", 528, 23, 667], [""10"", 542, 21, 739]]"
000902,2021,11,01,2021-11-01,s1,EIH | DD/MMY | 01/11/2021 | L210273 1,"[[""EIH"", 212, 28, 31], [""DD/MMY"", 424, 25, 317], [""01/11/2021"", 447, 26, 313], [""L210273 1"", 471, 24, 321]]"
000903,2021,08,31,2021-08-31,s1,MISUPA | MiSU | 31-08-2021 | L2024403-234 | merba | DOUBLE | CHOCOLATE | COOKIES | with delicious Dark and | Milk Chocolate Chunks,"[[""MISUPA"", 48, 84, 241], [""MiSU"", 176, 58, 624], [""31-08-2021"", 319, 24, 385], [""L2024403-234"", 336, 24, 386], [""merba"", 400, 73, 175], [""DOUBLE"", 582, 39, 160], [""CHOCOLATE"", 623, 50, 112], [""COOKIES"", 674, 86, 53], [""with delicious"", 735, 45, 118], [""Dark and"", 744, 36, 272], [""Milk Chocolate Chunks"", 769, 57, 123]]"
000904,2021,08,21,2021-08-21,s2,"MASURS | 21-08-2021 | 22024903-234 | merba | EDITION | DOUBLE | CHOCOLATE | COOKIES | with delicious Dark and. | Mih, Rocolate Runks","[[""MASURS"", 44, 67, 239], [""merba"", 273, 66, 134], [""EDITION"", 328, 33, 242], [""DOUBLE"", 394, 48, 118], [""CHOCOLATE"", 421, 61, 73], [""COOKIES"", 455, 97, 16], [""with delicious Dark and."", 500, 65, 68], [""Mih, Rocolate Runks"", 520, 63, 76], [""21-08-2021"", 235, 29, 336], [""22024903-234"", 247, 28, 335]]"
000905,2022,01,NONE,2022-01-NONE,s1,"제품명 초코크레커 비스킨 |원산지 인도네시아 | 식품 | 수01 주아[인터내셔널 02/2038-8660 서울특별시 송 | 포장재질 폴리프로필렌 유통기한 제품의 별도표기된 해당 | UBM EXP.01.2022 밀가루(밀),설랑(보존료 무수아황산 함유),팜유경 | BP.1.5102 원제료명 능성 포도당(보존료 무수아황산 함유),탄산수소암모눔,탄산수 | 밀우유 때두 아신류 함유 | 부정 불량식품 신2는국139/제조사/PT.UN | 보관방법직사광선을 피하고 건냉한 곳에 보관반품 및 | 본제품은공정거래위원회고시소비자분쟁해결기준에의거 교환","[[""제품명 초코크레커 비스킨 |원산지 인도네시아 | 식품"", 311, 35, 713], [""수01 주아[인터내셔널 02/2038-8660 서울특별시 송"", 335, 34, 714], [""UBM"", 355, 26, 51], [""포장재질 폴리프로필렌 유통기한 제품의 별도표기된 해당"", 360, 37, 711], [""EXP.01.2022"", 370, 23, 421], [""BP.1.5102"", 396, 37, 417], [""밀가루(밀),설랑(보존료 무수아황산 함유),팜유경"", 386, 36, 750], [""포도당(보존료 무수아황산 함유),탄산수소암모눔,탄산수"", 412, 35, 748], [""원제료명"", 416, 27, 712], [""능성"", 435, 60, 741], [""밀우유 때두 아신류 함유"", 461, 34, 746], [""부정 불량식품 신2는국139/제조사/PT.UN"", 487, 39, 706], [""보관방법직사광선을 피하고 건냉한 곳에 보관반품 및"", 510, 39, 704], [""본제품은공정거래위원회고시소비자분쟁해결기준에의거 교환"", 536, 39, 701]]"
000906,2022,01,NONE,2022-01-NONE,s1,  E | UBM ENP.01.2022 일가루일 보존로 우수행산 위 | BP.1.5102 | 은   ,"[[""UBM"", 290, 27, 54], [""ENP.01.2022"", 351, 42, 299], [""BP.1.5102"", 372, 45, 295], [""  E"", 378, 53, 494], [""일가루일 보존로 우수행산 위"", 402, 49, 517], [""은   "", 530, 57, 480]]"
000907,2022,01,NONE,2022-01-NONE,s1,"218 주아.0널 0208-860.서시 승 | UBM 내용량/135065OCa2통기한/저품의 별도 17된 | EXP.01.2022 밀가루릴,경화팜유산화방재째 부달하드록시아니솔 함위 | BP.1.207.2 원자료명","[[""218 주아.0널 0208-860.서시 승"", 314, 33, 713], [""UBM"", 348, 25, 233], [""내용량/135065OCa2통기한/저품의 별도 17된"", 340, 31, 718], [""EXP.01.2022"", 377, 28, 368], [""밀가루릴,경화팜유산화방재째 부달하드록시아니솔 함위"", 370, 37, 754], [""BP.1.207.2"", 401, 24, 368], [""원자료명"", 408, 27, 719]]"
000908,2022,01,NONE,2022-01-NONE,s1,raypvo | UBM | EXP.01.2022 | BP.1.207.2 | 'N,"[[""raypvo"", 67, 102, 59], [""UBM"", 309, 27, 171], [""EXP.01.2022"", 347, 34, 261], [""BP.1.207.2"", 367, 32, 260], [""'N"", 504, 71, 68]]"
000909,2021,09,20,2021-09-20,s1,초면바 | 소자 에 | 있습니다.부정- 식8002 10201099 | 000000428758 | 20-09-2021,"[[""초면바"", 238, 60, 0], [""소자 에"", 371, 43, 328], [""있습니다.부정- 식8002 10201099"", 386, 43, 325], [""000000428758"", 490, 51, 330], [""20-09-2021"", 652, 24, 283]]"
000910,2021,09,20,2021-09-20,s1,22222 | 0000428758 | 20-09-2021,"[[""22222"", 205, 44, 21], [""0000428758"", 308, 40, 365], [""20-09-2021"", 445, 45, 306]]"
000911,2022,05,05,2022-05-05,s1,"Nestle | Nesguik 초플릿맛 | 균형잡한 | UN 8.012 영양섭취 | 상기 그림은 연을 된 화면임 | 네스틱을 맛있게 로서 | 만드는 방법 넣은후저어주요 | 영양정보 5 0당 511 /03.50×억7 | 우리 제품한 | 300 09 15 우유 | 82 0 아연  | 트랜스지방 08 09 Nestie. 비아민 DS가 어 않 | 19.3 9 161 3 유익한식 | 14 8 103 29 103 8 교형잡영양섭취를 합수 있도록 네스워맛은 성장 아이들이 | 02 09 178 15 9 1258 | 1509 158 11298.113 | 네슬레에게 이야기 하세요 |  에 라 다를 수 있습니다. 2021/2108 808200기2008 | 식품유형기타 코아가공품 원료명비타D,비타인B | /99 주리타 아베누,아라스(ZLRTABNUE ARARAS,BRA) | 2아 주사/충정북도청주시 흥무구북봉로 22 대두 함유 | 통기한밑에 표시된일자까지 4장 폴리에탈런수지 | 유5기한 | 2022.05.05 | 0300365707.54 | CHER","[[""Nestle"", 72, 41, 284], [""Nesguik"", 118, 74, 280], [""초플릿맛"", 144, 32, 408], [""UN 8.012"", 206, 29, 200], [""균형잡한"", 198, 29, 361], [""영양섭취"", 214, 27, 361], [""상기 그림은 연을 된 화면임"", 292, 29, 125], [""네스틱을 맛있게"", 314, 35, 123], [""로서"", 320, 37, 527], [""만드는 방법"", 331, 32, 161], [""넣은후저어주요"", 336, 25, 413], [""영양정보"", 372, 24, 124], [""/03.50×억7"", 368, 28, 237], [""5 0당 511"", 381, 23, 234], [""우리 제품한"", 397, 33, 511], [""300 09"", 422, 25, 238], [""15"", 424, 20, 284], [""우유"", 434, 22, 512], [""82 0"", 448, 20, 240], [""아연 "", 451, 24, 510], [""트랜스지방 08"", 470, 25, 134], [""09"", 475, 20, 240], [""Nestie."", 480, 32, 357], [""비아민 DS가 어 않"", 481, 22, 504], [""19.3 9 161 3"", 529, 23, 227], [""유익한식"", 537, 24, 342], [""14 8 103 29 103 8"", 556, 25, 203], [""네스워맛은 성장 아이들이"", 556, 25, 341], [""02 09 178 15 9 1258"", 570, 27, 168], [""교형잡영양섭취를 합수 있도록"", 568, 23, 341], [""1509 158 11298.113"", 585, 26, 168], [""2021/2108 808200기2008"", 613, 30, 114], [""네슬레에게 이야기 하세요"", 604, 24, 350], ["" 에 라 다를 수 있습니다."", 622, 26, 115], [""식품유형기타 코아가공품"", 652, 33, 160], [""/99 주리타 아베누,아라스(ZLRTABNUE ARARAS,BRA)"", 677, 28, 175], [""원료명비타D,비타인B"", 672, 47, 378], [""2아 주사/충정북도청주시 흥무구북봉로 22"", 698, 31, 166], [""대두 함유"", 700, 26, 418], [""통기한밑에 표시된일자까지"", 720, 29, 167], [""4장 폴리에탈런수지"", 720, 31, 382], [""유5기한"", 736, 25, 125], [""2022.05.05"", 772, 24, 244], [""0300365707.54"", 797, 30, 244], [""CHER"", 822, 27, 119]]"
000912,2022,05,05,2022-05-05,s2,Nestl인 | esguit | 안도는 방법 9 베스 9 | 101 030R es | 영양정보  51 od Lite | tie  O  | 유익한 식 | 51 | L에게 이O기 R | 0421N100-20-101 |   | RAANE  DI L | / |   | 212 | 2022.05. O5 | 03003657 07.54 | IER,"[[""esguit"", 76, 47, 323], [""안도는 방법"", 193, 30, 170], [""tie"", 322, 29, 363], [""RAANE "", 433, 52, 149], [""/"", 445, 50, 141], ["" "", 454, 37, 139], [""DI L"", 458, 39, 332], ["" "", 446, 34, 366], [""2022.05."", 499, 36, 202], [""Nestl인"", 39, 38, 303], [""9"", 196, 12, 262], [""영양정보"", 214, 25, 133], [""베스"", 199, 10, 276], [""9"", 212, 18, 396], ["" 51"", 234, 16, 244], [""101 030R"", 235, 18, 435], [""od Lite"", 252, 19, 384], [""es"", 246, 23, 514], ["" O "", 340, 24, 461], [""유익한"", 351, 21, 311], [""51"", 362, 12, 189], [""식"", 358, 11, 357], [""L에게 이O기 R"", 402, 28, 312], [""0421N100-20-101"", 413, 28, 312], [""212"", 456, 13, 118], [""IER"", 511, 14, 106], [""03003657"", 516, 34, 199], [""O5"", 510, 20, 317], [""07.54"", 530, 27, 326]]"
000913,2021,10,19,2021-10-19,s1,NG | 스 아이밀 | 남냥 818011575505451 | DHA웨하스 유통기한: | 요구르트 2021.10.19,"[[""NG"", 508, 23, 0], [""스"", 536, 28, 0], [""아이밀"", 540, 49, 73], [""남냥"", 568, 34, 92], [""818011575505451"", 562, 25, 300], [""DHA웨하스"", 606, 39, 25], [""유통기한:"", 597, 24, 308], [""요구르트"", 640, 23, 112], [""2021.10.19"", 640, 25, 309]]"
000914,2021,07,21,2021-07-21,s1,26.000 | MOTHER | 일부터 2021.07.21 | 월까지 유릉기한:10.30 02088 | amm | MOTHER | 엄마로태어나다 | 아이엠마더,"[[""26.000"", 130, 70, 382], [""MOTHER"", 296, 86, 62], [""일부터"", 370, 20, 0], [""2021.07.21"", 372, 25, 351], [""월까지"", 386, 20, 0], [""유릉기한:10.30 02088"", 390, 27, 309], [""amm"", 568, 23, 248], [""MOTHER"", 611, 54, 37], [""엄마로태어나다"", 659, 22, 206], [""아이엠마더"", 678, 31, 175]]"
000915,2021,07,01,2021-07-01,s2,26 000 | MOTHER | 2021 07 1 | 유통기한: 10 30 02088 | MOTHER | SAOMOLC | 아이엠마더,"[[""26 000"", 68, 53, 355], [""MOTHER"", 184, 55, 51], [""MOTHER"", 395, 42, 3], [""2021"", 234, 18, 303], [""07"", 234, 15, 390], [""유통기한:"", 248, 17, 264], [""10 30"", 248, 15, 323], [""02088"", 246, 15, 405], [""1"", 236, 9, 461], [""아이엠마더"", 441, 18, 123], [""SAOMOLC"", 429, 12, 154]]"
000916,2022,06,06,2022-06-06,s1,"식의유일반식(기타가) | 원재료명 | 권장섭취량 | 및섭취방법 | 섭취시 | 주의사항 | 보관방법 | 내포장재질 고객상담실 | 구입처및고객상담실 연구및개발원 | (주)함소아제약 | 유통전문 서울특별시 강남구 도산대로 제조원 | 판매원 | 663번2127-16 | 영양정보 총내용량 100 9(10 9.10포 | 1포(10g)당10 kCal | 15.0 0% 15 mg 총내용량당 1% 환 또는 보상받을 수 있습니다. | 나트륨 탄수화물 29 1% 20g 6% 땅콩,밀,고등어,게,새우,돼지기 ※본 제품은 알류(가금류),메밀 | 당류 2g 2% 20g 20% 복승아, 토마토, 아황산류,호두 | 지방 0g 0% 0g 0% 고기,쇠고기,오징어, 조개류 | 트랜스지방 0g 0g 전복,홍합 포함),잣 등을 원자료로 | 포화지방 0g )% 0g 0% 사용한 제품과 같은 제조시설에서 | 콜러스테롤 0mg 0% 0mg 0% 제조되었습니다.※부정·불량식품 | 단백질 0g 0% 0g 0% 신고는 국번없0 1399 | 비E인C 1.7 g 2% 17mg 17% www.hamsoamall.com www.hamsoapharm.com | 비E민B1 0.073 Mg 7% 0.78 Mg 65% | 비타민B2 0.099 Mg 7% 0.99 Mg 71% | SE'2B6 0.081 Mg 5% 0.81 Mg 54% | 8809223/40493511 | 2022.06.06.B","[[""식의유일반식(기타가)"", 20, 41, 347], [""원재료명"", 54, 25, 111], [""권장섭취량"", 136, 25, 94], [""및섭취방법"", 152, 27, 92], [""섭취시"", 186, 35, 97], [""주의사항"", 200, 35, 91], [""보관방법"", 240, 35, 89], [""고객상담실"", 268, 31, 354], [""내포장재질"", 269, 32, 83], [""구입처및고객상담실"", 280, 27, 146], [""연구및개발원"", 289, 28, 354], [""(주)함소아제약"", 302, 25, 147], [""유통전문"", 317, 33, 81], [""서울특별시 강남구 도산대로"", 318, 29, 142], [""제조원"", 326, 25, 365], [""판매원"", 334, 38, 80], [""663번2127-16"", 348, 25, 433], [""총내용량 100 9(10 9.10포"", 368, 37, 191], [""영양정보"", 382, 46, 66], [""1포(10g)당10 kCal"", 390, 35, 254], [""총내용량당"", 415, 32, 314], [""환 또는 보상받을 수 있습니다."", 428, 45, 415], [""15.0"", 435, 26, 142], [""0%"", 432, 23, 232], [""15 mg"", 436, 29, 289], [""나트륨"", 445, 29, 64], [""1%"", 442, 21, 373], [""※본 제품은 알류(가금류),메밀"", 448, 40, 416], [""29"", 458, 22, 165], [""1%"", 454, 25, 233], [""20g"", 458, 29, 302], [""탄수화물"", 465, 33, 62], [""6%"", 462, 21, 371], [""땅콩,밀,고등어,게,새우,돼지기"", 468, 37, 417], [""2g"", 480, 23, 161], [""2%"", 477, 27, 228], [""20g"", 480, 28, 302], [""당류"", 488, 33, 68], [""20%"", 484, 22, 363], [""복승아, 토마토, 아황산류,호두"", 487, 32, 420], [""0g"", 502, 29, 154], [""0%"", 502, 25, 228], [""0g"", 504, 28, 310], [""고기,쇠고기,오징어, 조개류"", 508, 45, 419], [""지방"", 512, 26, 59], [""0%"", 508, 21, 373], [""0g"", 526, 29, 152], [""0g"", 528, 29, 310], [""전복,홍합 포함),잣 등을 원자료로"", 529, 40, 421], [""트랜스지방"", 530, 37, 66], [""0g"", 552, 29, 150], ["")%"", 552, 26, 232], [""0g"", 552, 30, 309], [""사용한 제품과 같은 제조시설에서"", 550, 39, 421], [""포화지방"", 554, 35, 64], [""0%"", 555, 24, 374], [""0mg"", 578, 28, 134], [""0mg"", 577, 28, 295], [""제조되었습니다.※부정·불량식품"", 572, 34, 423], [""콜러스테롤"", 582, 42, 45], [""0%"", 578, 23, 223], [""0%"", 580, 25, 374], [""신고는 국번없0 1399"", 594, 31, 425], [""단백질"", 608, 31, 43], [""0g"", 604, 27, 147], [""0%"", 604, 25, 223], [""0g"", 603, 29, 308], [""0%"", 604, 25, 374], [""17mg"", 630, 31, 284], [""www.hamsoamall.com"", 620, 29, 425], [""비E인C"", 634, 34, 38], [""1.7 g"", 630, 26, 117], [""2%"", 630, 27, 221], [""17%"", 631, 24, 367], [""www.hamsoapharm.com"", 641, 28, 426], [""비E민B1"", 660, 29, 33], [""0.073 Mg"", 659, 28, 101], [""7%"", 658, 28, 220], [""0.78 Mg"", 656, 29, 278], [""65%"", 658, 24, 366], [""비타민B2"", 686, 33, 25], [""0.099 Mg"", 685, 28, 98], [""7%"", 684, 25, 220], [""0.99 Mg"", 684, 29, 275], [""71%"", 685, 24, 366], [""SE'2B6"", 714, 25, 18], [""0.081 Mg"", 712, 25, 100], [""5%"", 710, 25, 220], [""0.81 Mg"", 710, 23, 277], [""54%"", 709, 25, 361], [""8809223/40493511"", 736, 22, 442], [""2022.06.06.B"", 777, 24, 250]]"
000917,2022,06,06,2022-06-06,s1,"원 162113-16 서시남구도산대로 | 2내881009(109x102) | 영양정보 | 서부 기준치에 대한 바을 총 내용량 당 | 1포당 제은 일(가), | 29 1% | 당 29 2% | 0% 전복,합포함),장을원 | 트팬스지방 0g 사용한제과갈은제조시 | 지방 0% 0% 신고는 국번없0 1399 제조되었습니다.※부정·불정식 | ~% 0% www.hamsoamall.com | 1.7ma 2% 17 mg 17% | F!B1 0.079.mg 7% 0.78 Mg 65 % | 비타민B> 0.099.Mg 7% 0.99.Mg | diF:2B6 | 2022.06.06","[[""서시남구도산대로"", 225, 54, 121], [""원"", 253, 32, 67], [""162113-16"", 243, 34, 122], [""2내881009(109x102)"", 253, 44, 171], [""총 내용량 당"", 278, 26, 292], [""영양정보"", 287, 42, 55], [""제은 일(가),"", 280, 43, 386], [""서부 기준치에 대한 바을"", 292, 35, 130], [""1포당"", 316, 28, 56], [""1%"", 318, 22, 214], [""29"", 331, 20, 151], [""2%"", 334, 23, 213], [""29"", 346, 21, 150], [""전복,합포함),장을원"", 336, 44, 394], [""0%"", 352, 22, 214], [""당"", 363, 30, 62], [""사용한제과갈은제조시"", 351, 44, 397], [""0g"", 380, 20, 146], [""제조되었습니다.※부정·불정식"", 366, 44, 398], [""트팬스지방"", 390, 36, 62], [""0%"", 388, 22, 354], [""신고는 국번없0 1399"", 384, 41, 403], [""지방"", 408, 34, 62], [""0%"", 405, 26, 212], [""0%"", 406, 23, 355], [""www.hamsoamall.com"", 402, 40, 404], [""~%"", 423, 20, 214], [""17 mg"", 434, 23, 274], [""17%"", 424, 27, 349], [""2%"", 443, 25, 212], [""0.78 Mg"", 454, 27, 267], [""65 %"", 444, 24, 349], [""1.7ma"", 456, 25, 117], [""7%"", 462, 26, 213], [""0.079.mg"", 475, 28, 102], [""7%"", 481, 26, 214], [""0.99.Mg"", 472, 26, 267], [""F!B1"", 486, 30, 37], [""0.099.Mg"", 495, 28, 101], [""비타민B>"", 505, 34, 32], [""diF:2B6"", 526, 31, 26], [""2022.06.06"", 536, 38, 246]]"
000918,2021,09,17,2021-09-17,s2,②모양만들기 | 잘녹은 ①을 티스푼 등을 | 이용하여 몰드에 채운다. | Tip 입회용말주머니를이용하여 | 돌드에 당으면 깔끔하게 차을 수 있어요 | 귀여운동물모양의 | 쁘피 초콜릿 ③굳히기 | 서늘한곳 혹은 냉장고약10분에서 | 귀여우면서도다양한 모양과 초클릿을군한다 | 크기의동물얼굴초콜릿을 Tip 초클릿이군기 전에몸드를바닥에치면 | 화이트핑크엘로우3가지색상으로 표먼이 매끄러운 초골릿을만들 수 있어요 | 간단하고 쉽게 만들 수 있는 | DIY제품이에요 | 활용도가높은다크초코펜이 ④장식하기 | 들어 있어 다양한 모양의 따뜻한 물에중당하여 녹인 초코펜으로 | 나만의 초골릿을만들수 있어요! 다양하게장식하여 완성한다. | Tip 다양한 모양과 색상으로 꾸민 초콜릿을 | CR코드를 통하여 확인하세요 | APPLICATION WRAPPING TIP | 응용예 응용예 응용예 | 귀여운동물들의표정을 동그라미와하트초콜릿을 푸드데코펜을이용해 띠초콜릿을초코덴을 | 초코펜을이용하여 이용하여 귀여운인형을 메시지를쓰고케이크나머핀 이용하여 롤리랍스틱과 앞뒤로 | 다양하게 표현해보세요 만들 수 있어요 위에 올려 장식해보세요 붙이고 예쁘게 포장해보세요 | Bread 유통기한 2021.09.17 FCM003 | Cardens 8809409/690124,"[[""②모양만들기"", 23, 26, 467], [""쁘피 초콜릿"", 137, 39, 75], [""서늘한곳 혹은 냉장고약10분에서"", 162, 30, 464], [""간단하고 쉽게 만들 수 있는"", 215, 24, 73], [""APPLICATION"", 374, 26, 68], [""WRAPPING TIP"", 385, 24, 498], [""Bread"", 651, 37, 79], [""유통기한"", 652, 20, 216], [""Cardens"", 672, 40, 72], [""잘녹은 ①을 티스푼 등을"", 39, 26, 466], [""이용하여 몰드에 채운다."", 53, 24, 467], [""Tip 입회용말주머니를이용하여"", 71, 26, 467], [""돌드에 당으면 깔끔하게 차을 수 있어요"", 86, 29, 487], [""귀여운동물모양의"", 116, 19, 79], [""③굳히기"", 143, 24, 465], [""귀여우면서도다양한 모양과"", 170, 20, 75], [""초클릿을군한다"", 174, 21, 464], [""크기의동물얼굴초콜릿을"", 186, 21, 75], [""화이트핑크엘로우3가지색상으로"", 200, 21, 74], [""Tip 초클릿이군기 전에몸드를바닥에치면"", 194, 26, 465], [""표먼이 매끄러운 초골릿을만들 수 있어요"", 207, 26, 484], [""DIY제품이에요"", 230, 15, 75], [""활용도가높은다크초코펜이"", 260, 21, 73], [""들어 있어 다양한 모양의"", 275, 22, 72], [""④장식하기"", 268, 21, 462], [""나만의 초골릿을만들수 있어요!"", 291, 22, 71], [""따뜻한 물에중당하여 녹인 초코펜으로"", 286, 22, 461], [""다양하게장식하여 완성한다."", 300, 21, 461], [""Tip 다양한 모양과 색상으로 꾸민 초콜릿을"", 315, 22, 461], [""CR코드를 통하여 확인하세요"", 328, 19, 484], [""응용예"", 546, 17, 163], [""응용예"", 548, 17, 310], [""응용예"", 549, 16, 453], [""귀여운동물들의표정을"", 566, 23, 56], [""동그라미와하트초콜릿을"", 568, 21, 202], [""초코펜을이용하여"", 578, 21, 56], [""푸드데코펜을이용해"", 570, 18, 347], [""띠초콜릿을초코덴을"", 571, 20, 488], [""이용하여 귀여운인형을"", 582, 22, 202], [""다양하게 표현해보세요"", 594, 21, 55], [""메시지를쓰고케이크나머핀"", 584, 20, 345], [""이용하여 롤리랍스틱과 앞뒤로"", 585, 18, 489], [""만들 수 있어요"", 596, 19, 202], [""위에 올려 장식해보세요"", 598, 20, 346], [""붙이고 예쁘게 포장해보세요"", 600, 15, 490], [""2021.09.17"", 666, 21, 273], [""FCM003"", 672, 44, 590], [""8809409/690124"", 696, 21, 456]]"
000919,2022,03,11,2022-03-11,s1,"3.150 시고기 | 국산 대파를 사용하여동정건조한 | 800 리얼슬라이스 생생대파 해표 | 다시다 | °해표리얼슬라이스 생생대과 특징 °해표리얼습라어수생과 사용방법 | 국, 탕, 피개,불용슬라이스 대파가 | 필요한 모든 요리에 가능 | 믿을수있는 높은품질의국산 농산을 한스의을 대가 | 동결거조공법으로 고유의맛과항을유지 복원되면 요리에 어주세요 | 18:월은보관으로간면  탕,찌개용 | 해먹여형,캠핑등·백게구대가능 8,개+ | 제품명 해표리얼슬라이스생생대 식품유형과·채가공품 | 내용량 유통기한후면 하단표기일까지 | 포장재질 등보2번호 20170525300116 | 원재료명 까대파97%(국산),올리고당 | 보관방법 | 제조원 | 주의하시기바랍니다.동결건조 제품은 습기에 약하므로개봉 | 후에는가급적빨리사용하시고,장기 보관시잘밀봉하여냉 | B99 고객상담실080-90-6133 (수신자부담) 장·냉동보관하여주십시오.부정· 불량식품신고는국번없이 사조 | ·반품 및 교환장소:구입처 및 고객상담실·dr.sajo.co.kr | 2022.03.11","[[""3.150"", 52, 45, 489], [""시고기"", 66, 41, 602], [""800"", 186, 37, 0], [""국산 대파를 사용하여동정건조한"", 192, 32, 260], [""리얼슬라이스"", 211, 34, 223], [""생생대파"", 220, 51, 329], [""해표"", 221, 23, 475], [""°해표리얼슬라이스 생생대과 특징"", 270, 39, 143], [""°해표리얼습라어수생과 사용방법"", 288, 50, 323], [""다시다"", 271, 60, 597], [""국, 탕, 피개,불용슬라이스 대파가"", 295, 42, 140], [""필요한 모든 요리에 가능"", 307, 37, 151], [""믿을수있는 높은품질의국산 농산을"", 327, 40, 137], [""동결거조공법으로 고유의맛과항을유지"", 347, 40, 135], [""한스의을 대가"", 338, 27, 334], [""복원되면 요리에 어주세요"", 350, 27, 334], [""18:월은보관으로간면"", 365, 34, 135], [""해먹여형,캠핑등·백게구대가능"", 388, 34, 146], ["" 탕,찌개용"", 376, 26, 323], [""8,개+"", 393, 30, 331], [""제품명"", 442, 23, 130], [""해표리얼슬라이스생생대"", 445, 29, 190], [""내용량"", 459, 23, 129], [""식품유형과·채가공품"", 457, 30, 344], [""포장재질"", 476, 23, 128], [""유통기한후면 하단표기일까지"", 475, 31, 342], [""원재료명"", 494, 25, 125], [""등보2번호 20170525300116"", 491, 32, 331], [""까대파97%(국산),올리고당"", 499, 27, 188], [""보관방법"", 513, 24, 124], [""제조원"", 531, 22, 121], [""주의하시기바랍니다.동결건조 제품은 습기에 약하므로개봉"", 631, 40, 111], [""후에는가급적빨리사용하시고,장기 보관시잘밀봉하여냉"", 649, 40, 110], [""장·냉동보관하여주십시오.부정· 불량식품신고는국번없이"", 668, 45, 109], [""B99 고객상담실080-90-6133 (수신자부담)"", 685, 41, 109], [""·반품 및 교환장소:구입처 및 고객상담실·dr.sajo.co.kr"", 704, 47, 108], [""사조"", 696, 25, 432], [""2022.03.11"", 757, 28, 256]]"
000920,2022,03,11,2022-03-11,s1,3.150 | 생생대파 | 02 20082080-900-6B30수신403 | 2022.03.11,"[[""3.150"", 22, 30, 459], [""생생대파"", 134, 39, 307], [""02 20082080-900-6B30수신403"", 442, 32, 90], [""2022.03.11"", 491, 22, 218]]"
000921,2022,02,26,2022-02-26,s1,RIL | PAPER | 쌀가루40% | EXP.2022/02/26A0 | 라이스페이피,"[[""RIL"", 107, 216, 47], [""PAPER"", 294, 375, 0], [""쌀가루40%"", 501, 120, 163], [""EXP.2022/02/26A0"", 615, 26, 206], [""라이스페이피"", 717, 196, 30]]"
000922,2022,02,26,2022-02-26,s1,RUGE | PAPEP | 쌀가루40% | EXP.2022/02/26A0 | 라이스페이피,"[[""RUGE"", 64, 134, 73], [""PAPEP"", 208, 198, 0], [""쌀가루40%"", 355, 72, 153], [""라이스페이피"", 514, 181, 10], [""EXP.2022/02/26A0"", 438, 36, 181]]"
000923,2020,01,02,2020-01-02,s1,02.01.20.49.N0 | 천안신 | 유통기한 까지 | GT | 아인슈타인 | 생우유100%/1A 원유 성분 2정 | 두뇌구성성분DHA | 머리가 마시는 우유! | 아인슈타인,"[[""02.01.20.49.N0"", 249, 26, 214], [""천안신"", 268, 25, 297], [""유통기한"", 282, 21, 185], [""까지"", 281, 20, 414], [""GT"", 343, 40, 392], [""아인슈타인"", 382, 50, 180], [""생우유100%/1A 원유 성분 2정"", 418, 25, 177], [""두뇌구성성분DHA"", 497, 110, 158], [""머리가 마시는 우유!"", 556, 27, 230], [""아인슈타인"", 616, 81, 183]]"
000924,NONE,02,02,NONE-02-02,s1,2입 | 02.02.18:17.M0 | 천안신 | 유통기한 까지 | 남양 | 맛있는 우유GT 100% 1등21 | 우유 | 맛있는 | 우유 | GT | 대한민국최고등급!,"[[""2입"", 99, 84, 141], [""02.02.18:17.M0"", 307, 26, 204], [""천안신"", 326, 30, 281], [""유통기한"", 340, 20, 170], [""까지"", 342, 20, 404], [""남양"", 382, 22, 170], [""맛있는 우유GT"", 419, 32, 163], [""100% 1등21"", 418, 33, 346], [""우유"", 532, 31, 424], [""맛있는"", 748, 68, 207], [""우유"", 812, 71, 241], [""GT"", 866, 55, 259], [""대한민국최고등급!"", 914, 37, 213]]"
000925,2018,02,02,2018-02-02,det5,02.02 18.17.M0 | 유통기한 천안신 까지 | 맛있는 우유GT 100. 1.21 | 우유 | 맛있는 | 웅우 | 대한민국 최고등급!,"[[""02.02"", 214, 22, 181], [""18.17.M0"", 218, 24, 273], [""천안신"", 228, 25, 250], [""유통기한"", 236, 18, 151], [""까지"", 241, 16, 360], [""맛있는 우유GT"", 288, 23, 145], [""100. 1.21"", 292, 24, 310], [""우유"", 368, 23, 381], [""맛있는"", 510, 58, 187], [""웅우"", 570, 105, 211], [""대한민국"", 621, 22, 201], [""최고등급!"", 621, 20, 278]]"
000926,2021,02,03,2021-02-03,s1,2021.06.10.H | 일 맹 연유 가당연유 509 | 1452.990.01/02신 13230.월85473N112육유3.02 21 유유-유통기한:용기상단표기 | 일까지·병법실 | OTHER,"[[""2021.06.10.H"", 496, 24, 249], [""맹"", 560, 31, 211], [""연유"", 570, 76, 227], [""일"", 578, 25, 213], [""가당연유 509"", 578, 35, 332], [""13230.월85473N112육유3.02 21"", 601, 34, 193], [""1452.990.01/02신"", 616, 25, 196], [""일까지·병법실"", 627, 30, 194], [""유유-유통기한:용기상단표기"", 613, 28, 289], [""OTHER"", 750, 23, 245]]"
000927,2021,08,23,2021-08-23,s1,"허니머스타드 | 닭가슴살샐러드, 소시지 김요리에 잘 어울립니다 | 식품유형 소스 | 등못보2번호/2001044505534 | 원로명정제수,식물성유지외국산이르 | 티니이국중국러드스터13% | 미국산시초머스터드 소글터메릭,파프리카,기타과당,설팅 | 효260카시아26% 국센]카스터0스터드25%0국센.연기 | 지분이니다식,정소금난황액,오련지식이섬유 잔탄검 겨자분 | 한 곳에 보관,개봉후에는 냉장~0c보관 | 하시고 얼지않도록 주의하십시오. | 객심실0--부 | 2021.08.23 | OTHER 15.27 까지","[[""허니머스타드"", 258, 38, 259], [""닭가슴살샐러드, 소시지"", 290, 25, 202], [""김요리에 잘 어울립니다"", 290, 25, 337], [""식품유형 소스"", 316, 31, 185], [""등못보2번호/2001044505534"", 336, 26, 179], [""원로명정제수,식물성유지외국산이르"", 358, 32, 173], [""티니이국중국러드스터13%"", 377, 32, 168], [""미국산시초머스터드 소글터메릭,파프리카,기타과당,설팅"", 396, 32, 168], [""효260카시아26% 국센]카스터0스터드25%0국센.연기"", 416, 29, 167], [""지분이니다식,정소금난황액,오련지식이섬유 잔탄검 겨자분"", 436, 33, 167], [""한 곳에 보관,개봉후에는 냉장~0c보관"", 545, 30, 172], [""하시고 얼지않도록 주의하십시오."", 563, 30, 167], [""객심실0--부"", 586, 37, 165], [""2021.08.23"", 622, 25, 262], [""OTHER"", 647, 26, 189], [""15.27"", 641, 28, 310], [""까지"", 650, 23, 419]]"
000928,2022,03,13,2022-03-13,s1,DE [ECCO | 식품위생법에 의한 한글표시사항 | 100M1 8 12 N6 0 88 10029 28 JAO1 02 88 | 1001250220028 500M1 | 13/03/22L19520 | 022.11.40,"[[""DE [ECCO"", 43, 72, 244], [""식품위생법에 의한 한글표시사항"", 154, 29, 238], [""100M1 8 12 N6 0 88"", 475, 28, 263], [""10029 28 JAO1 02 88"", 476, 30, 370], [""500M1"", 671, 33, 386], [""1001250220028"", 674, 24, 205], [""13/03/22L19520"", 736, 25, 218], [""022.11.40"", 758, 26, 270]]"
000929,2022,03,13,2022-03-13,s1,ut ttllo | 5001m21 | 13/03/22.119520 | 022,"[[""ut ttllo"", 17, 35, 267], [""5001m21"", 441, 28, 316], [""13/03/22.119520"", 478, 35, 155], [""022"", 493, 20, 202]]"
000930,2021,07,29,2021-07-29,s1,2021.07.29까2 | 1719 B122 | 오행복출만 사랑가특일,"[[""2021.07.29까2"", 478, 26, 229], [""1719 B122"", 498, 28, 230], [""오행복출만 사랑가특일"", 533, 28, 220]]"
000931,2021,07,29,2021-07-29,clahe,2021.07.29까21 | 1719 8122 | √행복출만 사람가득°,"[[""2021.07.29까21"", 328, 24, 215], [""1719 8122"", 341, 23, 218], [""√행복출만 사람가득°"", 364, 27, 209]]"
000932,2021,05,26,2021-05-26,s1,2021.05.26 | 10 38 F1,"[[""2021.05.26"", 426, 21, 304], [""10 38 F1"", 443, 26, 311]]"
000933,NONE,NONE,NONE,NONE,fail,061 8/7,"[[""061 8/7"", 341, 44, 319]]"
000934,2021,02,10,2021-02-10,s1,크 | 뚜껑HDPE | 을아 만들었습니다. | 21.01.25제조 | 21.02.10까2 | 영양정보 총내용량 190 1/110 C2 | 2020200203008122,"[[""크"", 115, 90, 359], [""뚜껑HDPE"", 547, 20, 345], [""을아 만들었습니다."", 567, 39, 114], [""21.01.25제조"", 604, 27, 192], [""21.02.10까2"", 626, 26, 191], [""영양정보"", 694, 43, 167], [""총내용량 190 1/110 C2"", 684, 43, 242], [""2020200203008122"", 750, 55, 166]]"
000935,2021,02,10,2021-02-10,s1,니다 | 21.01.25체조 | 21.02.10까2 | 영양정보 089021110/,"[[""니다"", 412, 36, 127], [""21.01.25체조"", 428, 36, 198], [""21.02.10까2"", 442, 33, 199], [""영양정보"", 492, 34, 187], [""089021110/"", 478, 38, 254]]"
000936,2021,10,19,2021-10-19,s1,다담 청국장 | 2021.01.20 | 2021.10.19 | 530g(4인기준/7회분) | 8801007/097268,"[[""청국장"", 310, 63, 306], [""다담"", 311, 44, 229], [""2021.01.20"", 374, 25, 268], [""2021.10.19"", 394, 26, 268], [""530g(4인기준/7회분)"", 444, 32, 253], [""8801007/097268"", 508, 20, 262]]"
000937,2022,06,11,2022-06-11,s1,202222/602/0080-9/70 | 적수 | 2022.06.11.09.49,"[[""202222/602/0080-9/70"", 541, 25, 172], [""적수"", 605, 22, 292], [""2022.06.11.09.49"", 628, 20, 243]]"
000938,2022,06,11,2022-06-11,s2,  | 089-112211211704.218200A2222 | 2022.06.11.09.49,"[["" "", 310, 25, 285], [""089-112211211704.218200A2222"", 392, 11, 291], [""2022.06.11.09.49"", 416, 18, 244]]"
000939,2021,10,28,2021-10-28,s1,2021/10/28 | LR0190 | HSTEN,"[[""2021/10/28"", 490, 25, 282], [""LR0190"", 507, 22, 296], [""HSTEN"", 645, 272, 0]]"
000940,2020,03,NONE,2020-03-NONE,up2x,3 2020/28/28 ㅇ 7 | R ㅇ 8.4 | HS,"[[""ㅇ"", 629, 22, 764], [""2020/28/28"", 629, 158, 544], [""ㅇ"", 655, 18, 669], [""3"", 646, 15, 708], [""7"", 646, 13, 793], [""R"", 662, 17, 631], [""8.4"", 662, 47, 694], [""HS"", 954, 429, 0]]"
000941,2021,07,02,2021-07-02,s1,UU | CRUNCH RUL FUNG | MATES MATES | BEST BY | 2021 07 02 | 18 007 41 | 17.28 | RUNCH | MATES | acho | rorta Chip,"[[""UU"", 140, 147, 0], [""FUNG"", 207, 24, 464], [""CRUNCH"", 229, 44, 129], [""RUL"", 217, 36, 288], [""MATES"", 250, 27, 160], [""MATES"", 256, 33, 7], [""BEST BY"", 336, 28, 367], [""2021 07 02"", 360, 28, 369], [""18 007 41"", 387, 29, 367], [""17.28"", 412, 23, 384], [""RUNCH"", 574, 107, 2], [""MATES"", 646, 62, 9], [""acho"", 791, 182, 3], [""rorta"", 887, 38, 5], [""Chip"", 875, 57, 192]]"
000942,2021,05,29,2021-05-29,s1,"PROD 29 08 2020 | ERP 29 05 2021 | Wib Yornr | TT1OY | B 03 | 18.30 | Cheese Snack Biscuits, Ingrect | Wheat Flour, Vegetable Ois | Sunflower', Dried Cheese (12%) | PowLersd Cheese, Natural Fa | (Chuese), Yeast Extracl. | Siucose Syrup, Salt, Dris | Earley Malt Extract, Raisl | (yimmonium Bicarbonal | Eicarbonate), Acid (Lacti | Flavearings (Pepper, Cay | Milk, Gluten. May alsccont | (p)s | Salgo ye | pgall","[[""PROD 29 08 2020"", 300, 29, 221], [""ERP 29 05 2021"", 321, 26, 241], [""Wib Yornr"", 356, 29, 253], [""TT1OY"", 398, 27, 313], [""B 03"", 432, 27, 228], [""18.30"", 436, 24, 334], [""Cheese Snack Biscuits, Ingrect"", 489, 41, 265], [""Wheat Flour, Vegetable Ois"", 514, 49, 264], [""Sunflower', Dried Cheese (12%)"", 540, 50, 266], [""PowLersd Cheese, Natural Fa"", 566, 53, 265], [""(Chuese), Yeast Extracl."", 592, 54, 269], [""Siucose Syrup, Salt, Dris"", 618, 58, 269], [""Earley Malt Extract, Raisl"", 644, 60, 269], [""(yimmonium Bicarbonal"", 670, 58, 271], [""Eicarbonate), Acid (Lacti"", 696, 60, 269], [""Flavearings (Pepper, Cay"", 722, 67, 269], [""Milk, Gluten. May alsccont"", 747, 65, 270], [""(p)s"", 820, 71, 270], [""Salgo ye"", 869, 50, 273], [""pgall"", 894, 43, 274]]"
000943,2021,08,29,2021-08-29,s1,"PRO0 29 08 2020 | 29 08 2021 | Cheese Snack Biscuits. | Wheat Flour, Vegetable | Sunfloweri, Dried Cheese (12s | PowLerrd Cheese, Natural R | (Chuese), Yeast Exracf | Siuuose Syrup, Salt, Dr | Earley Malt Extract, Rais | (mronium Bicarbons | Eicarbonate), Acid (Laci | Flavcirings (Pepper, | Milk, Gluten, Mmy alsc | J,J","[[""PRO0 29 08 2020"", 202, 23, 202], [""29 08 2021"", 219, 20, 260], [""Cheese Snack Biscuits."", 330, 32, 245], [""Wheat Flour, Vegetable"", 347, 34, 247], [""Sunfloweri, Dried Cheese (12s"", 363, 41, 248], [""PowLerrd Cheese, Natural R"", 380, 42, 251], [""(Chuese), Yeast Exracf"", 398, 44, 255], [""Siuuose Syrup, Salt, Dr"", 414, 46, 256], [""Earley Malt Extract, Rais"", 433, 46, 257], [""(mronium Bicarbons"", 450, 47, 260], [""Eicarbonate), Acid (Laci"", 467, 48, 259], [""Flavcirings (Pepper,"", 486, 43, 262], [""Milk, Gluten, Mmy alsc"", 503, 44, 263], [""J,J"", 618, 27, 275]]"
000944,2021,07,03,2021-07-03,s1,gullón | .(a | PROD:03/04/2020 | EXP:03/07/2021 | L308 942022.13,"[[""gullón"", 394, 70, 244], ["".(a"", 575, 30, 259], [""PROD:03/04/2020"", 648, 24, 147], [""EXP:03/07/2021"", 666, 25, 148], [""L308 942022.13"", 684, 22, 150]]"
000945,2020,04,03,2020-04-03,s1,gullón | PR0D:03/04/2020,"[[""gullón"", 250, 57, 226], [""PR0D:03/04/2020"", 416, 30, 128]]"
000946,2021,09,30,2021-09-30,s1,2021.09.30 | AVE 11E 12.16,"[[""2021.09.30"", 313, 28, 385], [""AVE 11E 12.16"", 335, 26, 390]]"
000947,2021,09,30,2021-09-30,s1,2021.09.30 | AVE11E 12.16,"[[""2021.09.30"", 210, 23, 353], [""AVE11E 12.16"", 226, 23, 356]]"
000948,2021,10,24,2021-10-24,s1,80 53 01 GrA SCTGe MANy. | X | Caipohydrates | L4924000499134 0019 | ProdUCTiON DATe.24/07/2020 | BeST Before DATe 24/10/2021,"[[""80"", 243, 46, 3], [""53 01 GrA SCTGe MANy."", 237, 32, 198], [""X"", 296, 31, 2], [""Caipohydrates"", 501, 24, 200], [""L4924000499134 0019"", 620, 25, 258], [""ProdUCTiON DATe.24/07/2020"", 640, 27, 254], [""BeST Before DATe 24/10/2021"", 660, 27, 255]]"
000949,2021,10,24,2021-10-24,s1,PodUCTon D0T 24/07/2020 | B0S B0T00 DOT6 24/10/2021,"[[""PodUCTon D0T 24/07/2020"", 428, 52, 186], [""B0S B0T00 DOT6 24/10/2021"", 441, 50, 183]]"
000950,2022,09,16,2022-09-16,s2,Swiss m | 쿠키앤초코 | 2022.09.16.14.270천.F | 성이영위위 | alz | az,"[[""Swiss m"", 20, 33, 600], [""쿠키앤초코"", 322, 33, 281], [""alz"", 698, 20, 298], [""az"", 837, 28, 284], [""2022.09.16.14.270천.F"", 357, 26, 144], [""성이영위위"", 458, 26, 242]]"
000951,2021,04,05,2021-04-05,s1,02:14 | 2021.04.05 | 까지 | HERSHEY'S ORIGINAL 허쉬초콜릿드링크 | 오리지널 | 가공유 235 ML X4팩 | *동일날짜로포장된 상품입니다.,"[[""02:14"", 434, 27, 406], [""2021.04.05"", 458, 29, 355], [""까지"", 484, 26, 456], [""HERSHEY'S"", 624, 108, 51], [""허쉬초콜릿드링크"", 586, 43, 444], [""ORIGINAL"", 622, 30, 443], [""오리지널"", 650, 27, 443], [""가공유 235 ML X4팩"", 761, 32, 61], [""*동일날짜로포장된 상품입니다."", 783, 32, 61]]"
000952,2021,04,05,2021-04-05,s1,02114 | 2021.04.05 | HERSHEY'S ORIGINAL 허쉬초콜릿드링크 | 오리지널 | 가공유 235 ML 4팩 | -동일날짜로 포장원 상품입니다.,"[[""02114"", 268, 27, 340], [""2021.04.05"", 287, 28, 292], [""허쉬초콜릿드링크"", 365, 38, 366], [""HERSHEY'S"", 406, 95, 15], [""ORIGINAL"", 390, 31, 365], [""오리지널"", 409, 26, 363], [""가공유 235 ML 4팩"", 504, 35, 19], [""-동일날짜로 포장원 상품입니다."", 517, 40, 18]]"
000953,2021,02,05,2021-02-05,s1,연출이미지 | 태지고기(2등심살)90.33 % | 는햄등심 IO□ 촉촉하고 담백한 100%국산등섬 Phrs | BEER&PLNTTER | 21.01.07 B 융무 | 8801037 869629 21.02.05 DA1,"[[""연출이미지"", 22, 28, 440], [""태지고기(2등심살)90.33 %"", 254, 32, 1], [""는햄등심"", 335, 111, 0], [""100%국산등섬"", 321, 36, 229], [""Phrs"", 340, 72, 368], [""IO□"", 356, 33, 108], [""촉촉하고 담백한"", 352, 33, 230], [""BEER&PLNTTER"", 406, 29, 243], [""융무"", 693, 52, 378], [""21.01.07"", 694, 29, 214], [""21.02.05"", 716, 30, 213], [""B"", 706, 20, 330], [""8801037 869629"", 728, 25, 28], [""DA1"", 719, 20, 349]]"
000954,2021,02,05,2021-02-05,rot90,햄등심 | NN 21.02:05B BEER&P 촉촉하고담백한 100% 국산 등 | 생식용 Phre,"[[""햄등심"", 99, 156, 354], [""NN"", 195, 24, 148], [""촉촉하고담백한"", 227, 100, 384], [""100% 국산 등"", 233, 118, 403], [""21.02:05B"", 262, 156, 140], [""BEER&P"", 242, 103, 351], [""Phre"", 340, 83, 409], [""생식용"", 338, 27, 180]]"
000955,2025,03,01,2025-03-01,clahe,달콤한선울이가득! | 롯데제과 | facebook | 2.01.3 251 까지 | RAC Dm,"[[""달콤한선울이가득!"", 370, 25, 292], [""롯데제과"", 388, 21, 314], [""facebook"", 407, 22, 292], [""2.01.3 251"", 466, 30, 232], [""까지"", 475, 26, 427], [""RAC Dm"", 623, 21, 232]]"
000956,2022,01,25,2022-01-25,s1,하비스트 | 한니스! | facebook | 22.01.25 22151 까지,"[[""하비스트"", 96, 132, 392], [""한니스!"", 142, 110, 375], [""facebook"", 294, 39, 262], [""22.01.25 22151"", 324, 44, 198], [""까지"", 352, 25, 369]]"
000957,2021,02,22,2021-02-22,s1,주/ 영양정보 총내용량 202 115/020 | E0291829%828 | 식0섬0g0%109 09E002020 | 35 2스ON2 08 단008 바타A0201 | BE인COMg 0% /mg 2% 20201 | 트F-몰리에 1일영양성기치에대한비은 | 기준이므로개인의 필요 열량에 따라다를수있습다 | 은과육 | 보하시고 | 유유를 21.01.29제조 | 통관본사 21.02.22까2 | 기준에 | 202.108-022 페트 | A- 8801114/139844,"[[""주/"", 426, 34, 139], [""영양정보"", 426, 35, 205], [""총내용량 202 115/020"", 429, 32, 293], [""E0291829%828"", 454, 39, 201], [""식0섬0g0%109 09E002020"", 478, 35, 202], [""35"", 497, 34, 136], [""2스ON2 08 단008 바타A0201"", 503, 30, 202], [""BE인COMg 0% /mg 2% 20201"", 528, 29, 199], [""트F-몰리에"", 546, 28, 134], [""1일영양성기치에대한비은"", 558, 33, 201], [""기준이므로개인의 필요 열량에 따라다를수있습다"", 578, 32, 199], [""은과육"", 592, 32, 131], [""보하시고"", 615, 34, 127], [""유유를"", 638, 35, 126], [""21.01.29제조"", 632, 31, 218], [""통관본사"", 662, 37, 126], [""21.02.22까2"", 652, 30, 217], [""기준에"", 687, 38, 124], [""202.108-022"", 710, 38, 124], [""페트"", 715, 22, 366], [""A-"", 780, 39, 119], [""8801114/139844"", 786, 29, 190]]"
000958,2022,09,23,2022-09-23,s1,영양정보 |   | 0 | 35 Ong 0% EDg0 EPAE | -0 220029 08 08 9 23 220 | - 282/210한8N2008 | 2260.293 21.02.20정 | - | 8801114 139844,"[[""영양정보"", 271, 26, 174], ["" "", 296, 49, 167], [""0"", 313, 48, 163], [""35"", 312, 23, 109], [""-0"", 328, 25, 105], [""Ong 0% EDg0 EPAE"", 329, 44, 160], [""-"", 343, 26, 103], [""220029 08 08 9 23 220"", 346, 43, 158], [""282/210한8N2008"", 364, 43, 156], [""2260.293"", 404, 30, 81], [""21.02.20정"", 422, 61, 151], [""-"", 451, 36, 71], [""8801114 139844"", 514, 37, 118]]"
000959,2022,07,19,2022-07-19,s1,"초고추장 | 새콤달콤 초고추장 이야기! | 싱품한라임/건강한올리고당/건강에좋은매실/곳한다늘 | 092028218090208 | 소지본사서울특별시동대문구 천호대로26 | 원로명 고추장이있고추양념중국산),물면 소맥분(밀미국,호주 | 일을 정제소금,실당,정제수,기타과당,구연산마(중국신 | 라임농축액미국신,발효식초0,5%올리고당,매실농축역 효모분말 | 대두일힘유 | 모장자질 용기리드자-몰리어달린,뚜-몰리프로필렌 | ·사늘하고 건조한 곳에 보관,개봉 후에는 냉징보관 | ·본제품은 소비자기본법에 의거 교환또는 보상 | ·반품 및 교환장소:본사 및 구입처 | 부정 블량식품 신고는 국번업 1309 | 0객상담080-09-99.수요금부80 | DAESANG /ndeng.COn | 영양정보 1009당 220R2 | 2E10029868수화물489158당률3793/9081 | E란0 화지0908블레스테02909단N323 | [일 영영성분 기준치 대한 은 20으 | 는 이 분수거하여 용. 소한 자원 곳한  | 2022.07.19","[[""초고추장"", 120, 62, 263], [""새콤달콤 초고추장 이야기!"", 162, 43, 226], [""싱품한라임/건강한올리고당/건강에좋은매실/곳한다늘"", 234, 37, 210], [""092028218090208"", 254, 36, 198], [""소지본사서울특별시동대문구 천호대로26"", 289, 28, 200], [""원로명 고추장이있고추양념중국산),물면 소맥분(밀미국,호주"", 308, 31, 201], [""일을 정제소금,실당,정제수,기타과당,구연산마(중국신"", 327, 32, 201], [""라임농축액미국신,발효식초0,5%올리고당,매실농축역 효모분말"", 344, 31, 201], [""대두일힘유"", 364, 23, 377], [""모장자질 용기리드자-몰리어달린,뚜-몰리프로필렌"", 382, 28, 201], [""·사늘하고 건조한 곳에 보관,개봉 후에는 냉징보관"", 401, 24, 204], [""·본제품은 소비자기본법에 의거 교환또는 보상"", 419, 26, 202], [""·반품 및 교환장소:본사 및 구입처"", 438, 22, 206], [""부정 블량식품 신고는 국번업 1309"", 456, 22, 205], [""0객상담080-09-99.수요금부80"", 478, 25, 207], [""DAESANG /ndeng.COn"", 564, 25, 202], [""영양정보"", 602, 35, 203], [""1009당 220R2"", 608, 26, 358], [""2E10029868수화물489158당률3793/9081"", 627, 29, 203], [""E란0 화지0908블레스테02909단N323"", 646, 25, 203], [""[일 영영성분 기준치 대한 은 20으"", 665, 20, 203], [""는 이 분수거하여 용. 소한 자원 곳한 "", 682, 25, 200], [""2022.07.19"", 713, 26, 253]]"
000960,2022,07,19,2022-07-19,s1,초고추장 | 새콤달콤초고추장이야기! | 영양정보 | 2022.07.19,"[[""초고추장"", 102, 66, 278], [""새콤달콤초고추장이야기!"", 128, 73, 239], [""영양정보"", 395, 38, 176], [""2022.07.19"", 484, 48, 208]]"
000961,2023,10,21,2023-10-21,s1,2023/10/21 | L02956.001A | 어울립니다 2일 파스타소스와 더욱 | 폰타나 | 의 시작 | 파니아 파스타면의 비밀 | 스타면의 선택이 파스 세물2나 100% | 올한 감마니아는 듀럼 4의맛을좌우합니다토 듀럼밀의 배유를같아 | 사용한 탄력있는 식감의 | 으로 유명합니다.듀럼,"[[""2023/10/21"", 276, 26, 276], [""L02956.001A"", 304, 30, 276], [""2일 파스타소스와 더욱"", 692, 38, 232], [""어울립니다"", 707, 34, 233], [""폰타나"", 788, 33, 255], [""의 시작"", 806, 33, 149], [""파니아"", 828, 29, 134], [""파스타면의 비밀"", 831, 41, 254], [""스타면의 선택이 파스"", 872, 29, 98], [""세물2나 100%"", 872, 33, 258], [""4의맛을좌우합니다토"", 889, 32, 79], [""듀럼밀의 배유를같아"", 900, 30, 258], [""올한 감마니아는 듀럼"", 906, 31, 76], [""사용한 탄력있는 식감의"", 922, 32, 77], [""으로 유명합니다.듀럼"", 939, 28, 76]]"
000962,2023,10,21,2023-10-21,s1,2023/10/21 | L02958.001A | 세물2나 100%,"[[""2023/10/21"", 203, 38, 246], [""L02958.001A"", 222, 39, 243], [""세물2나 100%"", 593, 40, 164]]"
000963,2023,11,14,2023-11-14,s1,2023/11/14 | L20640 | 쿼스파게티면 맛있게십 | Fresco 릭스 | 쿼스파게티는 | 이탈리아 정동기술로 | 좋은 파스타는 좋은 조리가가능한 을 만들어빠르게 | 듀럼밀 세올리나(밀)에서 스파게티입니다. | 시작됩니다.스파게티를 STEP1 | 잘아는특별한당신을 | 위해프리미엄 맛을 가정에서 | 간편하게 즐기실 수 있도록 | 준비하였습니다. | STEP | 8018241008,"[[""2023/11/14"", 314, 23, 189], [""L20640"", 350, 29, 188], [""쿼스파게티면 맛있게십"", 365, 42, 369], [""릭스"", 416, 52, 371], [""Fresco"", 446, 55, 175], [""쿼스파게티는"", 455, 32, 369], [""이탈리아 정동기술로"", 472, 38, 367], [""을 만들어빠르게"", 488, 40, 369], [""좋은 파스타는 좋은"", 519, 36, 188], [""조리가가능한"", 506, 38, 368], [""스파게티입니다."", 520, 37, 370], [""듀럼밀 세올리나(밀)에서"", 542, 38, 180], [""시작됩니다.스파게티를"", 565, 38, 182], [""STEP1"", 554, 48, 381], [""잘아는특별한당신을"", 588, 39, 185], [""위해프리미엄 맛을 가정에서"", 610, 43, 177], [""간편하게 즐기실 수 있도록"", 632, 46, 181], [""준비하였습니다."", 677, 36, 209], [""STEP"", 704, 53, 380], [""8018241008"", 754, 52, 210]]"
000964,2023,11,14,2023-11-14,s1,2023/11/14 | L20640 | Fresco | 좋은 파스타는 좋은 | 듀일 세리나(일)에서 | 시작됩니다 스파게티를 STEP1. | 잘아는 특한 당신을 | STEP,"[[""2023/11/14"", 232, 30, 142], [""L20640"", 257, 28, 145], [""Fresco"", 320, 45, 137], [""좋은 파스타는 좋은"", 368, 36, 153], [""듀일 세리나(일)에서"", 384, 40, 147], [""STEP1."", 379, 42, 329], [""시작됩니다 스파게티를"", 400, 35, 151], [""잘아는 특한 당신을"", 415, 38, 153], [""STEP"", 481, 36, 335]]"
000965,2023,07,20,2023-07-20,s1,"DT&SPRUNGLI GMBH·수입판매업소:(주)농심 서울 | 방동)·유통기한제품 뒷면의 표시일까지(일월년순,첫번째 1= | 세조일자원재료명설팅,코아매스,코코아버터무수유지방, | 영양정보 | 총내용량 100 9 530 Ca1 | A레스테를 12 M9 4%/단백질6.2911% | 05201002233 ood SA | Mah. Baglargid. No:14 | DE-52072 AACHEN | 23.07.202 A2L 821 | 25700 17 | Prod. date / Fecha de producción / Data de | fabricaco// 310469201029674 | (//) | STORE IN A COOL AND DRY LACE 100 g NET | Consenar en lugar frescoy seco· Consenar em loc | /Serin ve kur yerdesal","[[""DT&SPRUNGLI GMBH·수입판매업소:(주)농심 서울"", 90, 49, 344], [""방동)·유통기한제품 뒷면의 표시일까지(일월년순,첫번째 1="", 111, 52, 322], [""세조일자원재료명설팅,코아매스,코코아버터무수유지방,"", 131, 63, 283], [""영양정보"", 231, 36, 144], [""총내용량 100 9 530 Ca1"", 253, 36, 447], [""A레스테를 12 M9 4%/단백질6.2911%"", 314, 37, 148], [""05201002233"", 418, 36, 232], [""ood SA"", 428, 24, 530], [""Mah. Baglargid. No:14"", 476, 24, 420], [""DE-52072 AACHEN"", 514, 23, 149], [""A2L 821"", 626, 69, 349], [""23.07.202"", 634, 26, 153], [""25700 17"", 666, 22, 153], [""Prod. date / Fecha de producción / Data de"", 739, 28, 82], [""fabricaco//"", 760, 34, 80], [""310469201029674"", 765, 34, 393], [""(//)"", 780, 25, 82], [""100 g NET"", 813, 69, 400], [""STORE IN A COOL AND DRY LACE"", 812, 40, 82], [""Consenar en lugar frescoy seco· Consenar em loc"", 835, 31, 80], [""/Serin ve kur yerdesal"", 849, 36, 78]]"
000966,2021,08,10,2021-08-10,s1,"1Le | 10/08/2021 ZUMO DE UVAMOSCATEL. | L-H10ODA 1216.22 MUSCAT GRAPE JUICE. | EN MUSCAT GRAPE JUICE. Simon iL. Pressitud Muskaatvinamarjamahl | rasvhapped Og. ssivesikud kcal, rasvad Og sh kllstunud | 1638 3h SUNU울 1638 | kiudained Og, valgud 0.2g sool | 제영시온착습 모스카텔주스 V88/11 650 Ca | 심품유형과체주스","[[""1Le"", 296, 49, 354], [""10/08/2021"", 333, 24, 186], [""ZUMO DE UVAMOSCATEL."", 334, 30, 356], [""L-H10ODA 1216.22"", 355, 26, 190], [""MUSCAT GRAPE JUICE."", 355, 28, 356], [""EN MUSCAT GRAPE JUICE."", 410, 29, 122], [""Muskaatvinamarjamahl"", 400, 24, 394], [""Simon iL. Pressitud"", 412, 25, 391], [""kcal, rasvad Og sh kllstunud"", 476, 26, 352], [""rasvhapped Og. ssivesikud"", 488, 27, 350], [""1638 3h SUNU울 1638"", 500, 26, 350], [""kiudained Og, valgud 0.2g sool"", 511, 27, 350], [""제영시온착습 모스카텔주스"", 586, 51, 187], [""V88/11 650 Ca"", 593, 30, 307], [""심품유형과체주스"", 605, 40, 192]]"
000967,2022,10,17,2022-10-17,s1,"제품명 녹차원녹차라떼 | 식품유형 고형차 | 내용량 1309(13gx10 스5) | 내포장재질 폴리에틸렌 | {야자경화유(외국산:인도네시아 | 말레이시아산 필리핀산 등)38. | 유크림(호추산 | 5119.2%유0분50 | 유지(외국산:말레이시아산 | 원재료명 | 네시아산,말레이시아산,필리핀산 | 0열런00177%51%08 | 녹가산 이산소,글리신 | 구연산나트륨,요구르트향코톤 덕스트린 | 합성향료(요구르트향) 합성향료(사이다향) | HERS 오렌지오일 아라비아검)정제염(국산) 합성향료(레몬향) 레본오일 라임오일 | 우유,대두함유 | 문의 및 교환처 본사 및 구입처 | CHOCOU 품목보고번호 | 업소명 및 | 소재지 본사 서울시 서초구 서초대로42 84 | 공장소재지: | 경기도 안성시 대덕면 모산로 433 | 소비자상담:02/597-3949 | 부정.불 2국0 139은 | 적조하고 있습니다.·직사용선 및 곡온다습한 듯을 피해 건 | 분쟁 해결기준에 의거 교환 또는 보상을 받으실 수 있습니다. 공정거위원회시소비자 | 유통기한 2022.10.17","[[""제품명"", 12, 21, 195], [""녹차원녹차라떼"", 11, 22, 259], [""식품유형"", 32, 27, 185], [""고형차"", 32, 22, 260], [""내용량"", 53, 24, 192], [""1309(13gx10 스5)"", 52, 25, 257], [""내포장재질"", 72, 23, 180], [""폴리에틸렌"", 71, 20, 256], [""{야자경화유(외국산:인도네시아"", 111, 28, 260], [""말레이시아산"", 134, 23, 260], [""필리핀산 등)38."", 132, 30, 329], [""유크림(호추산"", 152, 26, 315], [""5119.2%유0분50"", 174, 23, 296], [""유지(외국산:말레이시아산"", 194, 28, 257], [""원재료명"", 247, 20, 189], [""네시아산,말레이시아산,필리핀산"", 272, 25, 259], [""0열런00177%51%08"", 315, 34, 259], [""녹가산 이산소,글리신"", 334, 32, 259], [""구연산나트륨,요구르트향코톤 덕스트린"", 352, 25, 259], [""합성향료(요구르트향) 합성향료(사이다향)"", 370, 28, 259], [""합성향료(레몬향) 레본오일 라임오일"", 388, 26, 261], [""오렌지오일 아라비아검)정제염(국산)"", 407, 32, 258], [""HERS"", 401, 184, 14], [""우유,대두함유"", 428, 23, 297], [""문의 및 교환처 본사 및 구입처"", 448, 26, 179], [""품목보고번호"", 468, 23, 180], [""CHOCOU"", 463, 58, 95], [""업소명 및"", 488, 23, 187], [""소재지"", 505, 23, 194], [""본사 서울시 서초구 서초대로42 84"", 503, 26, 265], [""공장소재지:"", 518, 23, 266], [""경기도 안성시 대덕면 모산로 433"", 536, 22, 268], [""소비자상담:02/597-3949"", 553, 26, 263], [""부정.불 2국0 139은"", 572, 29, 181], [""적조하고 있습니다.·직사용선 및 곡온다습한 듯을 피해 건"", 603, 29, 182], [""공정거위원회시소비자"", 620, 29, 314], [""분쟁 해결기준에 의거 교환 또는 보상을 받으실 수 있습니다."", 635, 22, 185], [""유통기한"", 684, 27, 188], [""2022.10.17"", 681, 22, 277]]"
000968,2022,10,NONE,2022-10-NONE,s1,식유형 | 내포장재질 | 관식 37기 | 오지오일 아리비아20)정제염국신 | 본사 및 구인처 | 업소명일 | 225 안1시 00원 모신로 433 | 유통기한 2022.10,"[[""식유형"", 33, 32, 123], [""내포장재질"", 60, 35, 119], [""관식 37기"", 199, 32, 235], [""오지오일 아리비아20)정제염국신"", 255, 48, 228], [""본사 및 구인처"", 290, 38, 232], [""업소명일"", 330, 33, 172], [""225 안1시 00원 모신로 433"", 339, 50, 249], [""2022.10"", 438, 37, 272], [""유통기한"", 458, 32, 195]]"
000969,2022,06,30,2022-06-30,s1,"emgdi tecindi soiarm naturale divaniglial, | N ONCNTo d MPON2 26 8 MT0 r05s 1.541 | mandore nocciole Latee cereali contenent | 영양정보 .6g | 1009 당 458 45 %]. | 2레스테를0M9 0%/단백질 39 5% | 1200-441 02 | 521.10.2UAU201 | 2468.Ur 4 1962 UUU Ar 10 J0 3JUUN N  | im ho ascuto | Pride | Dabimsnte entro fine: 2022/06/30 | L157828 | 13.05 | MA IMBONATI 59, MILANO (ITALY). | RALE EUROPA 14, SENAGO (MI).","[[""emgdi"", 81, 41, 301], [""tecindi soiarm naturale divaniglial,"", 91, 31, 318], [""N ONCNTo d MPON2 26 8 MT0 r05s 1.541"", 105, 36, 281], [""mandore nocciole Latee cereali contenent"", 127, 26, 283], [""영양정보"", 304, 29, 247], ["".6g"", 297, 20, 484], [""1009 당 458"", 312, 23, 335], [""45 %]."", 322, 20, 474], [""2레스테를0M9 0%/단백질 39 5%"", 363, 26, 241], [""1200-441 02"", 438, 53, 55], [""521.10.2UAU201"", 459, 26, 276], [""2468.Ur 4"", 545, 22, 164], [""1962 UUU Ar 10 J0 3JUUN N "", 545, 25, 252], [""im ho ascuto"", 558, 31, 41], [""Pride"", 590, 63, 575], [""Dabimsnte entro fine:"", 628, 24, 39], [""2022/06/30"", 632, 29, 304], [""L157828"", 663, 24, 302], [""13.05"", 688, 21, 302], [""MA IMBONATI 59, MILANO (ITALY)."", 706, 34, 47], [""RALE EUROPA 14, SENAGO (MI)."", 722, 37, 46]]"
000970,2022,06,30,2022-06-30,s2,"do citri | ngi, frun | c trus | rich | olat | jus | 8 내88 125 b9 | 영양정보 100 9 8 458 Kcal 45 % | omal | ukrt. | 00201009.02/90239.53 ratten. | OOH 61.63 | 00.14102 (uaden 2es) | 2257 | e | A | 1002.AUUL1-22 | 20020220101302 130012 Pride | ntat frais et sec 2030 20300 2002 21261 J3UJ101 | Im-nte entro fine: 2022/06/30 | ho ze avant fin: L157 828 | 13.05 | MA(MBONATI 59, MILANO (ITALYI. | ALE EUKOPA 14, SENAGO (MII.","[[""Pride"", 385, 42, 521], [""L157 828"", 442, 23, 275], [""do citri"", 74, 9, 376], [""ngi, frun"", 101, 12, 409], [""c trus"", 118, 9, 422], [""rich"", 135, 12, 422], [""olat"", 152, 10, 429], [""jus"", 161, 10, 430], [""8 내88 125"", 197, 15, 310], [""b9"", 194, 15, 426], [""영양정보"", 206, 18, 220], [""100 9 8 458"", 210, 15, 297], [""Kcal"", 212, 13, 383], [""45 %"", 210, 15, 420], [""omal"", 220, 12, 419], [""ukrt."", 228, 15, 418], [""00201009.02/90239.53"", 245, 22, 211], [""61.63"", 254, 19, 416], [""ratten."", 246, 9, 420], [""OOH"", 255, 6, 381], [""00.14102"", 299, 33, 62], [""(uaden 2es)"", 298, 11, 330], [""2257"", 312, 9, 185], [""e"", 322, 9, 154], [""A"", 331, 12, 174], [""1002.AUUL1-22"", 366, 12, 231], [""130012"", 376, 9, 273], [""20020220101302"", 388, 19, 154], [""ntat frais et sec"", 397, 12, 69], [""2030 20300 2002 21261 J3UJ101"", 396, 25, 149], [""Im-nte entro fine:"", 428, 11, 69], [""2022/06/30"", 422, 21, 278], [""ho ze avant fin:"", 446, 12, 60], [""13.05"", 462, 15, 278], [""MA(MBONATI 59, MILANO (ITALYI."", 478, 16, 54], [""ALE EUKOPA 14, SENAGO (MII."", 489, 17, 51]]"
000971,2021,11,11,2021-11-11,s1,"3 빙그레 | 색소·향료 | 무첨가 | ""Kids sna | '와 | 친구들 치즈 | 2021.11.118 까지 칼습함유철분함유7까지 비타민 | I초콜릿 칩 싱글 | 허쉬","[[""3"", 303, 24, 104], [""빙그레"", 305, 42, 131], [""색소·향료"", 339, 52, 529], [""무첨가"", 361, 50, 544], [""\""Kids sna"", 386, 21, 549], [""'와"", 407, 36, 482], [""친구들"", 466, 69, 309], [""치즈"", 465, 36, 466], [""2021.11.118"", 530, 25, 136], [""까지"", 537, 24, 359], [""칼습함유철분함유7까지 비타민"", 538, 23, 447], [""I초콜릿 칩 싱글"", 639, 88, 153], [""허쉬"", 678, 43, 130]]"
000972,2021,06,25,2021-06-25,s1,2021.06.25 | ChocolateMilk | 푸르릴 생초콜릿우유,"[[""2021.06.25"", 505, 20, 210], [""ChocolateMilk"", 541, 29, 261], [""푸르릴"", 573, 36, 188], [""생초콜릿우유"", 572, 44, 262]]"
000973,2022,12,02,2022-12-02,up2x,BEST EY | 02/12/22 | LOCAdebONES | mnde | 제품명 물로버 허니 | 식물유형 | 수입원 [] | 제a심 109220 | - | 2 | AUG22,"[[""BEST EY"", 882, 47, 576], [""02/12/22"", 908, 45, 573], [""LOCAdebONES"", 1390, 68, 516], [""mnde"", 1415, 34, 595], [""제품명"", 1454, 31, 368], [""물로버 허니"", 1451, 30, 500], [""식물유형"", 1480, 31, 382], [""[]"", 1495, 56, 604], [""수입원"", 1515, 28, 391], [""제a심"", 1544, 27, 394], [""109220"", 1536, 23, 570], [""-"", 1600, 12, 433], [""2"", 1628, 26, 618], [""AUG22"", 1660, 11, 777]]"
000974,NONE,NONE,NONE,NONE,fail,- | - | BEBS | LOCRLMONEP LOCRLMONEP | LOCRLHONEH | L,"[[""LOCRLMONEP"", 462, 27, 201], [""LOCRLMONEP"", 462, 27, 201], [""LOCRLHONEH"", 924, 48, 404], [""L"", 1239, 32, 299], [""-"", 210, 38, 486], [""-"", 223, 14, 584], [""BEBS"", 296, 29, 232]]"
000975,2023,08,03,2023-08-03,s1,Fresco 프레스코 후실리 | (FRESCO FUSILLI) | 좋은 파스타는 좋은 듀럼밀 | 세몰리나(밀)에서시작됩니다. 파스타면의한종류인 후실리는 | 프레스코후실리는신선한 꼬불꼬불돌돌말린 나사모양이 | 듀럼밀 세몰리나(밀)를  특징입니다. | 선별엄선하여  합니다 샐러드나 파스타로 요리해 먹으면 | 뚜기 프레스코파게 간단한일품 요리가 됩니다. | 함께 하시면 전문스피니점의 꼬불간소양때문에 쉽게 | 맛을 가정에서도손쉽게 면이 붙지 않고 소스가많이 묻어 | 즐기시 수 있습니다. 맛을풍부하게 느낄 수 있어 | 리거 교환 간단히 기분 전환용 간식으로도 | 드살수 있습니다 | 2023/08/03 | L20434 08 | 8801045/360553 | ·제조원: 오뚜Jmars | Pastificio Fabianelli S.p.A | 이프매원: | 주시회사오뚜기 | 경기도 안영시 동안구 총안대로 46,"[[""Fresco"", 252, 51, 161], [""프레스코 후실리"", 273, 34, 412], [""(FRESCO FUSILLI)"", 302, 35, 415], [""좋은 파스타는 좋은 듀럼밀"", 324, 29, 158], [""세몰리나(밀)에서시작됩니다."", 344, 31, 154], [""파스타면의한종류인 후실리는"", 343, 37, 413], [""프레스코후실리는신선한"", 365, 27, 167], [""꼬불꼬불돌돌말린 나사모양이"", 366, 35, 415], [""듀럼밀 세몰리나(밀)를 "", 386, 29, 165], [""특징입니다."", 387, 24, 416], [""선별엄선하여  합니다"", 406, 28, 165], [""샐러드나 파스타로 요리해 먹으면"", 410, 31, 415], [""뚜기 프레스코파게"", 426, 26, 163], [""간단한일품 요리가 됩니다."", 432, 29, 415], [""함께 하시면 전문스피니점의"", 446, 26, 159], [""꼬불간소양때문에 쉽게"", 456, 33, 413], [""맛을 가정에서도손쉽게"", 468, 22, 169], [""면이"", 476, 21, 417], [""붙지 않고 소스가많이 묻어"", 478, 29, 441], [""즐기시 수 있습니다."", 488, 23, 178], [""맛을풍부하게 느낄 수 있어"", 500, 25, 415], [""리거 교환"", 516, 21, 79], [""간단히 기분 전환용 간식으로도"", 522, 25, 415], [""드살수 있습니다"", 544, 26, 414], [""2023/08/03"", 597, 26, 167], [""L20434 08"", 630, 35, 162], [""8801045/360553"", 682, 36, 420], [""·제조원:"", 714, 23, 132], [""Pastificio Fabianelli S.p.A"", 737, 30, 143], [""오뚜Jmars"", 723, 20, 428], [""이프매원:"", 760, 31, 153], [""주시회사오뚜기"", 797, 38, 176], [""경기도 안영시 동안구 총안대로 46"", 817, 27, 179]]"
000976,2023,08,03,2023-08-03,s1,Fresco 프레스코 후실리 | (FRESCO FUSILL) | 파스타면의한 종류인 쿠실리는 | 꼬불끄볼돌들말린 나사 모양이 | 특징입니다. | 하여. 샐러드나 파스타로 요리해 먹으인 | 간단한 일품 요리가 됩니다. | 하시면전점의 2에계 | 앗을 게 않고소스가많이어 | 가+있습니다 느수있어 | 기단하기분 전환용 기시이로 | 드O수 있습니다. | 2023/08/03 | L20434 | Pastificio Fabianelli Sp.A | 이매원: | 옴또기,"[[""프레스코 후실리"", 148, 33, 360], [""Fresco"", 167, 50, 137], [""(FRESCO FUSILL)"", 163, 37, 364], [""파스타면의한 종류인 쿠실리는"", 190, 36, 366], [""꼬불끄볼돌들말린 나사 모양이"", 205, 38, 368], [""특징입니다."", 226, 29, 370], [""샐러드나 파스타로 요리해 먹으인"", 234, 39, 372], [""간단한 일품 요리가 됩니다."", 250, 39, 374], [""하여."", 268, 44, 149], [""2에계"", 264, 40, 395], [""않고소스가많이어"", 276, 37, 410], [""하시면전점의"", 295, 40, 148], [""느수있어"", 295, 40, 375], [""앗을 게"", 308, 37, 157], [""기단하기분 전환용 기시이로"", 308, 44, 378], [""가+있습니다"", 322, 34, 167], [""드O수 있습니다."", 327, 34, 380], [""2023/08/03"", 394, 36, 166], [""L20434"", 420, 35, 166], [""Pastificio Fabianelli Sp.A"", 487, 42, 155], [""이매원:"", 508, 26, 166], [""옴또기"", 521, 32, 238]]"
000977,2021,11,03,2021-11-03,s1,03 11 20 20 | 03112021 | 2 22 A3 | snuead pue,"[[""03 11 20 20"", 283, 22, 405], [""03112021"", 302, 24, 403], [""2 22 A3"", 322, 26, 402], [""snuead pue"", 542, 22, 506]]"
000978,NONE,NONE,NONE,NONE,fail,"KOMPOSIS: TEPUNG TERIGU, GULA MINYAK NABAT MENGANDUNG INFORMASI NILAIC | ANTOKSIDAN TBHOI BUBUK COKLAT, SIRUP FRUKTOSA PENGEMBANG | (NATRUM & AMONIUM BIKARBONAT), GARAM, PATI JAGUNG. PENGEMULSI JUMLAH PEN SAIAN/AM | (LESITIN KEDELAl), PERISA SINTETIK VANILA Enerer TotaR/Tota En | MENGANDUNG ALERGEN, LIHAT DAFTAR BAHAN YANG DICETAK TEBAL Energi dari Lemake | DIPRODUKSI PADA PERALATAN YANG JUGA MEMPROSES BISKUIT YANG | MENGANDUNG SUSU DAN KACANG | ingredients. Wheat Flour, Sugar, Non-Hydrogenated Vegetable Oil Palm, Paim | KeNe CoNTAN8 ANT odANT TBNO ONS319N. COCo PONder FUCTOSe SYUP | Raising Aoents (Sodum Bicarbonate (NS5oo(i), Ammonium Bicarbonate | ON S503 M0L SA CON STAC. EMUA Me SoY LeOTNN 0N S322. NATU0 | identical Vanilla Flavour. Food additives are of plant and synthetic origins. 31í ° 21282 203112829 203112829 02 02 Nab UR AA be | Allergen information: Contains wheat and soya. 222 43 222 A3 222 A3 222 A3 | and poanuts. ·· Manufactured on equipment that also processes products containing millk lnc | PRODUCT OF INDONESIA uossuued sopun pesn dnou6 (euogeuuegul zejapuow ""uopsspuuad sepun pesn dnou puogeuueul zejapuow ""uopsspuuad sepun pesn dnou puogeuueul zejapuow ""uossuued sepun pesn dnou uogeepul zeapuow    | O O Imported and Distributed by: | Mondelez Phiippines Inc. | 2032100221 pue 8378 DT. A SANTo8 AVeNU8.PArANAGUe CTY.Pi.lPPiNes 9082-028 (20) 0JU03 0SUODS08 10UNSU0 9082-028 (20000UOD..UN023 9082-028 (20000UOD..UN023 9082-028 (20)J01U000sUO 608 J0UNSU03 | phconsumercare@mdiz.com CoNSUMer RespONse CeNTer.(02) 820.2866 der -oulsouddud zepopuow -ul souddund zopopuoy -ul souddund zopopuoy oul soudduud zopepuow DONEGIA |   MiINIl OREO and device are trademarks of NCC :Aq peinqusi pue pepodul :Aq peinqusi pue pepodul :Aq pejnqulsio pue peuodul Aq peinqusi pue pouodul | / 1 Mondelez Intermational group used under permission. NWW 03 11 | sinueod pue sinueod pue sinueod pue sinueod pue | Mu Duupequo sjonpoud sesseooud osje peu puoudinbe uo paungoegnurew u uupeuo sanpoud sesseood osje jeug juudinbe uo paungoenuew Mi Duupeuoo sonpoud sesseooad osye peg uudinbe uo panjoeynuon Mi Duupeuoo sonpoud sesseooad osye peg uudinbe uo panjoeynuon   0311 ° | DogA … VSOUBS MINIl OREO and device are trade ubuo ouls pue pued jo aie sapDe poo ubuo ouls pue pued jo aie sapDe poo uouo ogequls pue jued jo aue lalippe poos uouo ogeuls pue pued jo aue sae poo cc 2 22 A3 | 08 wd uedIo qeabey pezugop-uoN ens nolem uopabul d uedIo qwabay peugoop-oN enS nol eum uopaibul | DNVOA NVO NSNS DNNANVDNAW DNVOA NVO NSNS DNNANVDNAW | C  D     uossuued aapun pesn dnoul uogeueul zeepuo | ab | w7 jo syeUepeu Be aaep pue OBO INIw | DVIN ISVMDANI DVIN ISVMHOANI | ARATEE woozipwpeuraueunsuooud | oulsuud aepuow | Aa pejnqusia pue pouoduj | [ne] ab synueod pue | miu Duupeuoo sonpoud sesseooud osje ie suauadinbe uo paunoejnuew | upouo oguvs pue iund jo aue lenalppe poo | d'ed qaben paeueoop-uoN bns'nolum suepebu) | ONT S N SNNN ONNONGONIE | ANTSAMPBIMVESAMAOMSIAMPEISAESAMRRRMIAMPURSAMMIISUS | AUIIAMSVCSANSANRHIAMEAYPSAMARRINONIRISANIUNTINII | wv/irvsiadivimnr","[[""222 A3"", 244, 25, 356], [""31í"", 230, 15, 373], [""\""uossuued sepun pesn dnou uogeepul zeapuow"", 281, 52, 241], [""2032100221"", 278, 22, 13], [""9082-028 (20)J01U000sUO 608 J0UNSU03"", 324, 45, 283], [""oul soudduud zopepuow"", 352, 36, 369], [""Aq peinqusi pue pouodul"", 363, 36, 351], [""u uupeuo sanpoud sesseood osje jeug juudinbe uo paungoenuew"", 396, 65, 142], [""sinueod pue"", 402, 22, 429], [""uouo ogeuls pue pued jo aue sae poo"", 426, 45, 278], [""d uedIo qwabay peugoop-oN enS nol eum uopaibul"", 472, 61, 134], [""DVIN ISVMHOANI"", 520, 27, 0], [""21282"", 227, 62, 348], [""222 43"", 242, 27, 354], [""uossuued sopun pesn dnou6 (euogeuuegul zejapuow"", 280, 52, 240], ["" "", 320, 26, 2], [""9082-028 (20) 0JU03 0SUODS08 10UNSU0"", 324, 45, 282], [""/"", 338, 27, 0], [""-oulsouddud zepopuow"", 351, 36, 368], ["":Aq pejnqulsio pue peuodul"", 362, 37, 351], [""Mu Duupequo sjonpoud sesseooud osje peu puoudinbe uo paungoegnurew"", 394, 63, 143], [""DogA"", 399, 8, 70], [""sinueod pue"", 402, 24, 430], [""uouo ogequls pue jued jo aue lalippe poos"", 425, 45, 277], [""wd uedIo qeabey pezugop-uoN ens nolem uopabul"", 472, 61, 134], [""DVIN ISVMDANI"", 518, 27, 0], [""pue"", 310, 18, 230], [""1"", 364, 9, 237], [""NCC"", 366, 21, 390], [""NWW"", 381, 16, 390], [""VSOUBS"", 422, 49, 290], [""cc"", 432, 18, 397], [""08"", 472, 24, 290], [""MINIl OREO and device are trade"", 423, 164, 323], [""°"", 220, 7, 405], [""··"", 235, 10, 214], [""lnc"", 256, 14, 343], [""der"", 326, 21, 266], [""KOMPOSIS: TEPUNG TERIGU, GULA MINYAK NABAT MENGANDUNG"", 83, 62, 165], [""ANTOKSIDAN TBHOI BUBUK COKLAT, SIRUP FRUKTOSA PENGEMBANG"", 94, 59, 165], [""(NATRUM & AMONIUM BIKARBONAT), GARAM, PATI JAGUNG. PENGEMULSI"", 106, 59, 163], [""MENGANDUNG ALERGEN, LIHAT DAFTAR BAHAN YANG DICETAK TEBAL"", 129, 61, 160], [""(LESITIN KEDELAl), PERISA SINTETIK VANILA"", 110, 41, 163], [""DIPRODUKSI PADA PERALATAN YANG JUGA MEMPROSES BISKUIT YANG"", 141, 60, 158], [""INFORMASI NILAIC"", 120, 27, 552], [""MENGANDUNG SUSU DAN KACANG"", 142, 36, 158], [""JUMLAH PEN SAIAN/AM"", 145, 30, 527], [""KeNe CoNTAN8 ANT odANT TBNO ONS319N. COCo PONder FUCTOSe SYUP"", 178, 65, 151], [""ingredients. Wheat Flour, Sugar, Non-Hydrogenated Vegetable Oil Palm, Paim"", 168, 60, 154], [""Enerer TotaR/Tota En"", 151, 24, 528], [""Energi dari Lemake"", 160, 25, 550], [""Raising Aoents (Sodum Bicarbonate (NS5oo(i), Ammonium Bicarbonate"", 190, 62, 151], [""ON S503 M0L SA CON STAC. EMUA Me SoY LeOTNN 0N S322. NATU0"", 201, 62, 149], [""identical Vanilla Flavour."", 196, 30, 149], [""Food additives are of plant and synthetic origins."", 214, 45, 147], [""Allergen information: Contains wheat and soya."", 226, 46, 145], [""Manufactured on equipment that also processes products containing millk"", 245, 62, 145], [""and poanuts."", 238, 23, 143], [""Nab"", 238, 7, 523], [""PRODUCT OF INDONESIA"", 260, 32, 140], [""UR AA be"", 253, 12, 536], [""Imported and Distributed by:"", 278, 35, 138], [""8378 DT. A SANTo8 AVeNU8.PArANAGUe CTY.Pi.lPPiNes"", 308, 57, 133], [""Mondelez Phiippines Inc."", 288, 35, 137], [""CoNSUMer RespONse CeNTer.(02) 820.2866"", 316, 45, 133], [""phconsumercare@mdiz.com"", 323, 36, 131], [""MiINIl OREO and device are trademarks of"", 344, 44, 130], [""Mondelez Intermational group used under permission."", 360, 51, 128], [""DONEGIA"", 364, 10, 593], [""…"", 422, 18, 225], [""203112829"", 226, 59, 348], [""222 A3"", 244, 25, 355], [""02"", 236, 13, 424], [""O"", 262, 7, 69], [""\""uopsspuuad sepun pesn dnou puogeuueul zejapuow"", 281, 51, 242], [""9082-028 (20000UOD..UN023"", 325, 48, 283], [""-ul souddund zopopuoy"", 352, 36, 369], ["":Aq peinqusi pue pepodul"", 363, 36, 351], [""Mi Duupeuoo sonpoud sesseooad osye peg uudinbe uo panjoeynuon"", 395, 68, 141], [""sinueod pue"", 403, 22, 429], [""ubuo ouls pue pued jo aie sapDe poo"", 426, 45, 277], [""DNVOA NVO NSNS DNNANVDNAW"", 499, 38, 309], [""203112829"", 226, 59, 348], [""222 A3"", 244, 25, 355], [""02"", 236, 13, 424], [""O"", 262, 7, 69], [""\""uopsspuuad sepun pesn dnou puogeuueul zejapuow"", 281, 51, 242], [""9082-028 (20000UOD..UN023"", 325, 48, 283], [""-ul souddund zopopuoy"", 352, 36, 369], ["":Aq peinqusi pue pepodul"", 363, 36, 351], [""Mi Duupeuoo sonpoud sesseooad osye peg uudinbe uo panjoeynuon"", 395, 68, 141], [""sinueod pue"", 403, 22, 429], [""ubuo ouls pue pued jo aie sapDe poo"", 426, 45, 277], [""DNVOA NVO NSNS DNNANVDNAW"", 499, 38, 309], [""03 11"", 436, 42, 722], [""0311"", 460, 39, 716], [""°"", 460, 17, 829], [""2 22 A3"", 487, 46, 713], [""ab"", 492, 11, 117], [""w7"", 500, 9, 4], [""uossuued aapun pesn dnoul uogeueul zeepuo"", 562, 93, 485], [""ARATEE"", 554, 13, 116], [""jo syeUepeu Be aaep pue OBO INIw"", 593, 76, 597], [""woozipwpeuraueunsuooud"", 635, 58, 722], [""[ne]"", 696, 51, 0], [""oulsuud aepuow"", 704, 59, 744], [""ab"", 714, 26, 201], [""Aa pejnqusia pue pouoduj"", 724, 65, 707], [""miu Duupeuoo sonpoud sesseooud osje ie suauadinbe uo paunoejnuew"", 790, 117, 288], [""synueod pue"", 804, 38, 865], [""upouo oguvs pue iund jo aue lenalppe poo"", 852, 77, 562], [""d'ed qaben paeueoop-uoN bns'nolum suepebu)"", 946, 113, 273], [""ANTSAMPBIMVESAMAOMSIAMPEISAESAMRRRMIAMPURSAMMIISUS"", 999, 112, 270], [""wv/irvsiadivimnr"", 992, 51, 0], [""AUIIAMSVCSANSANRHIAMEAYPSAMARRINONIRISANIUNTINII"", 1022, 111, 270], [""ONT S N SNNN ONNONGONIE"", 998, 65, 623], [""  "", 285, 42, 301], ["" "", 400, 52, 218], [""C  D    "", 500, 60, 133]]"
000979,2021,06,14,2021-06-14,s1,오리온 | 후레쉬베리 FRESH BERRY | 8801117 545512 | 2020.12.15/08.53 | 2021.06.14/F-2,"[[""오리온"", 328, 26, 239], [""후레쉬베리"", 362, 55, 173], [""FRESH BERRY"", 383, 22, 220], [""8801117 545512"", 398, 23, 400], [""2020.12.15/08.53"", 450, 29, 273], [""2021.06.14/F-2"", 472, 25, 273]]"
000980,2021,06,14,2021-06-14,s1,후레쉬베리 | 2020.12.15/08.53 | 2021.06.14/1.2,"[[""후레쉬베리"", 237, 50, 176], [""2020.12.15/08.53"", 302, 29, 262], [""2021.06.14/1.2"", 315, 28, 262]]"
000981,2021,08,08,2021-08-08,s1,2021 08 08 | 00:44316 31 | RiCpS | THICKE | Great fo | Rouno,"[[""2021 08"", 377, 26, 201], [""08"", 378, 22, 287], [""00:44316 31"", 401, 26, 200], [""RiCpS"", 598, 104, 430], [""THICKE"", 668, 59, 627], [""Great fo"", 692, 59, 627], [""Rouno"", 768, 79, 408]]"
000982,2022,02,15,2022-02-15,s1,"USE BY 15FEB22B 09107 | Clara Pan-steak Beyf& Bro | Ole | PASTA SAUCE | ltalian Style | Cook penne according to package ims | •In a pan, saute garic onions and dho | Bend in Car Oe Italn Style","[[""USE BY 15FEB22B 09107"", 211, 34, 218], [""Clara"", 255, 36, 86], [""Pan-steak Beyf& Bro"", 242, 33, 255], [""Ole"", 281, 34, 106], [""PASTA SAUCE"", 311, 34, 77], [""ltalian Style"", 332, 45, 48], [""Cook penne according to package ims"", 477, 33, 293], [""•In a pan, saute garic onions and dho"", 522, 39, 300], [""Bend in Car Oe Italn Style"", 580, 37, 315]]"
000983,2021,08,20,2021-08-20,s1,AKBAR | 식품위생법에 의한 한글표시 | 제품명 히비스커스허브티(HIBISCUS) | 식품의 유형 침출차(허브티) | 원료및함량 히비스커스100%(세네갈산) | 중량 1009 | 포장재질 폴리에틸렌 | 보관방법 건냉한 장소에 보관 | 반품및교환 수입원 및구입처 | 제조원 Akbar Brothers Ltd. | 수입/소분원 데코2아 8.032)672-3742 | 판매원 (주)E코2아 81800-9750 | 경기도부천시 중동로3//번27 | 부정불량식품신고는 국번없이 1399 | 교환또는보상을 받을수있습니다. | 유통기한 2021.08.20.까지 | OTHER | 200-25OM1 Black Tea 2~3분 | 90-1o0C Herbal Tea 3~5분,"[[""AKBAR"", 41, 79, 190], [""식품위생법에 의한 한글표시"", 232, 43, 212], [""제품명"", 246, 24, 135], [""히비스커스허브티(HIBISCUS)"", 258, 45, 228], [""식품의 유형"", 270, 30, 111], [""침출차(허브티)"", 277, 32, 229], [""원료및함량"", 295, 29, 107], [""히비스커스100%(세네갈산)"", 306, 45, 227], [""중량"", 320, 29, 141], [""1009"", 324, 29, 228], [""포장재질"", 346, 26, 123], [""폴리에틸렌"", 349, 33, 227], [""보관방법"", 371, 24, 125], [""건냉한 장소에 보관"", 376, 35, 227], [""반품및교환"", 397, 26, 111], [""수입원 및구입처"", 400, 34, 227], [""제조원"", 422, 25, 134], [""Akbar Brothers Ltd."", 426, 35, 226], [""수입/소분원"", 448, 27, 112], [""데코2아 8.032)672-3742"", 451, 36, 225], [""(주)E코2아 81800-9750"", 476, 34, 227], [""판매원"", 484, 28, 132], [""경기도부천시 중동로3//번27"", 502, 33, 225], [""부정불량식품신고는 국번없이 1399"", 550, 27, 108], [""교환또는보상을 받을수있습니다."", 590, 29, 105], [""유통기한 2021.08.20.까지"", 632, 31, 104], [""OTHER"", 828, 45, 502], [""200-25OM1"", 866, 36, 84], [""90-1o0C"", 881, 28, 231], [""Black Tea 2~3분"", 869, 36, 355], [""Herbal Tea 3~5분"", 888, 40, 350]]"
000984,2021,08,20,2021-08-20,s1,BAR | 식품위생법에 의한 한글표시 | 히비스커스 허브티(HIBISCUS) | 식품의 유형 침출차(허브티) | 원료 및 항량 히비스/1스100%(세네간산) | 중량 | 포장재질 플리에틸렌 | 보관방법 건냉한 장소에 보관 | 반품 및 교환 수입원 및 구입처 | 제조원 | 수입/소분원 데코2아 8(032)672-3742 | 판매원 (주)티코2아 81800-9750 | 경기도부인시증동로3//번27 | 유통기한 2021.08.20.까지,"[[""BAR"", 28, 63, 272], [""식품위생법에 의한 한글표시"", 138, 47, 216], [""식품의 유형"", 154, 29, 125], [""히비스커스 허브티(HIBISCUS)"", 158, 52, 229], [""원료 및 항량"", 170, 29, 122], [""침출차(허브티)"", 166, 34, 228], [""히비스/1스100%(세네간산)"", 189, 50, 227], [""중량"", 187, 20, 151], [""포장재질"", 203, 26, 131], [""보관방법"", 220, 26, 131], [""플리에틸렌"", 213, 31, 223], [""반품 및 교환"", 238, 29, 118], [""건냉한 장소에 보관"", 234, 37, 223], [""수입원 및 구입처"", 248, 35, 219], [""제조원"", 254, 26, 137], [""수입/소분원"", 271, 26, 117], [""데코2아 8(032)672-3742"", 286, 43, 216], [""판매원"", 295, 26, 133], [""(주)티코2아 81800-9750"", 302, 41, 217], [""경기도부인시증동로3//번27"", 320, 42, 216], [""유통기한 2021.08.20.까지"", 398, 39, 101]]"
000985,2021,12,28,2021-12-28,s1,BANANA | EXP.DEC-28-2021 | LOT.0C184296,"[[""BANANA"", 490, 30, 366], [""EXP.DEC-28-2021"", 600, 25, 96], [""LOT.0C184296"", 620, 24, 98]]"
000986,2021,12,28,2021-12-28,s2,EYP DEC-28-2021 | LOT.0C184296,"[[""EYP DEC-28-2021"", 403, 27, 104], [""LOT.0C184296"", 416, 25, 107]]"
000987,2021,12,28,2021-12-28,s1,Quick Set | Net Wt: MANGO | 85g | EAP.DEC-28-2021,"[[""Quick Set"", 427, 27, 89], [""Net Wt:"", 491, 28, 168], [""MANGO"", 500, 50, 461], [""85g"", 506, 31, 189], [""EAP.DEC-28-2021"", 632, 27, 106]]"
000988,2021,12,28,2021-12-28,s2,Ouck st | Fou serMnR | Net Wt: MANGO | 85g | EYP1DEC-28-2021 | U0T10C184296,"[[""MANGO"", 356, 29, 418], [""Ouck st"", 307, 20, 82], [""Fou serMnR"", 318, 23, 80], [""Net Wt:"", 348, 21, 155], [""85g"", 360, 21, 177], [""EYP1DEC-28-2021"", 443, 16, 109], [""U0T10C184296"", 456, 15, 113]]"
000989,2020,07,14,2020-07-14,det5,DA CONSUMARSI PREFERIBILMENTE ENTRO IL: PREPARATO A BASE DI | BEST BEFORE: | GRASSO VEGETALE | A LUNGA CONSERVAZIONE U.H.T. | DA MONTARE E PER CUCINA | P20/07 14 54 23A09 | MIX | responsible sources Board from | FSC FSC C014047 | 1000 Me | da Montare Whipping | LO' e perCucina fooking,"[[""DA CONSUMARSI PREFERIBILMENTE ENTRO IL:"", 420, 16, 137], [""PREPARATO A BASE DI"", 423, 22, 402], [""BEST BEFORE:"", 432, 17, 138], [""GRASSO VEGETALE"", 442, 21, 400], [""A LUNGA CONSERVAZIONE U.H.T."", 458, 26, 397], [""DA MONTARE E PER CUCINA"", 474, 27, 396], [""P20/07"", 488, 20, 202], [""14 54 23A09"", 502, 31, 189], [""MIX"", 508, 18, 486], [""responsible sources"", 529, 19, 452], [""Board from"", 521, 14, 476], [""FSC"", 534, 15, 411], [""FSC C014047"", 542, 23, 443], [""1000 Me"", 556, 40, 195], [""da"", 600, 28, 290], [""Whipping"", 610, 42, 455], [""Montare"", 614, 70, 279], [""LO'"", 636, 48, 159], [""fooking"", 646, 61, 446], [""e perCucina"", 639, 64, 282]]"
000990,NONE,NONE,NONE,NONE,fail,mmyoo3 10 omnd DECTNOOAA fmos | bnddmM rop | ∠POFIOO-O84 10 1000 M6 | C C | XIN da | DACONESNARTREFER DACONESNARTREFER DA CONESMARSE PREFEREILMENTE ENTIO ILE DA CONESMAARA PREFERRLMENTE ENTIO IL WENTE ENTRO IL WENTE ENTRO IL PREPARATO A BASE DI PREPARATO A BASE DI PREPARATOARASED PREPARATO A BASE DI PREPARATO A BASE DI | BEST BEFONE: BEST BEFORE BEST BEFORE BEST BEFONE: GRASSO VEGETALE CRASSO VEOTALI GRASSO VEGETALE GRASSO VEGETALE GRASSO VEGETALE | A LONCA COWERYA TNNt UH.T. ALUNGA CONSERVAZIONE U.H.T. ALUNGA CONSERVAZIONE U.H.T. ALUNG CONSERVAZIONE U.H.T. ALUNG CONSERVAZIONE U.H.T. 210.091008 | e perCucina DA MONTARE E PER CUCINA DA MONTARE E PERCUCINA DA MONTAI E PTR COCNCA DA MONTAREE PER CUCINA DA MONTAREE PER CUCINA | 20/101 20/101 20 20 op | 10631 14 54.232.09 14 S4 23 109 14 S4 23 109 23-102 MIX MIX MUX MUX | ESC ESC FSC UUG0014047 000001410.17 000001410.17 28C 0014047 | 1000 M2 1000 m6 1000M12 1000M12 1000M10 PREPARATO A BASE DI | HOPIA GPPA HOPR HDPIK Whippin da da da DA MONTARE E PER CUCINA Montare Montare Montarea Montarea Montare e percucina eperCucina epercucina epercucina po Cucira Pooking Pooking Wnipping Wnipping Whipping | ZIONE U.H.T. | DA CONSUAARSI PREFERIELMENTE ENTRO IL PREPARATO A BASE DI | BEST BEFONE GRASSO VEGETALE | A LUNGA CONSERVAZIONE U.H.T. | 320/01 202603/681 DA MONTAREEPER CUCINA | 14.54.23209 MUX | FSC | 180 0014047 | 1000M2 | HoPIA da Montare for Whipping | e perCucina fCooking,"[[""ALUNGA CONSERVAZIONE U.H.T."", 316, 34, 358], [""1000 m6"", 402, 37, 193], [""Whipping"", 418, 21, 432], [""Montare"", 431, 58, 277], [""HOPIA"", 454, 64, 158], [""eperCucina"", 447, 58, 281], [""PREPARATO A BASE DI"", 295, 28, 358], [""DA CONESMAARA PREFERRLMENTE ENTIO IL"", 310, 35, 123], [""GRASSO VEGETALE"", 308, 25, 359], [""BEST BEFONE:"", 324, 19, 128], [""DA MONTARE E PERCUCINA"", 329, 30, 359], [""MUX"", 350, 13, 441], [""14 54.232.09"", 364, 30, 182], [""FSC"", 372, 14, 376], [""UUG0014047"", 373, 20, 413], [""da"", 425, 22, 282], [""PREPARATO A BASE DI"", 294, 27, 357], [""DA CONESMARSE PREFEREILMENTE ENTIO ILE"", 310, 34, 123], [""ALUNGA CONSERVAZIONE U.H.T."", 316, 34, 356], [""GRASSO VEGETALE"", 308, 25, 358], [""BEST BEFONE:"", 324, 18, 129], [""DA MONTARE E PER CUCINA"", 328, 30, 358], [""MUX"", 348, 13, 442], [""28C 0014047"", 372, 17, 415], [""1000 M2"", 401, 38, 192], [""da"", 426, 17, 283], [""Montare"", 430, 62, 276], [""HOPR"", 453, 70, 156], [""e percucina"", 446, 60, 280], [""DECTNOOAA"", 158, 63, 309], [""1000 M6"", 244, 103, 222], [""e perCucina"", 350, 135, 166], [""da"", 297, 30, 202], [""DA MONTARE E PER CUCINA"", 429, 141, 299], [""PREPARATO A BASE DI"", 418, 118, 331], [""Whippin"", 468, 67, 213], [""ZIONE U.H.T."", 489, 66, 323], [""fmos"", 175, 78, 424], [""op"", 342, 30, 420], [""mmyoo3"", 199, 20, 138], [""10"", 206, 9, 185], [""omnd"", 195, 53, 222], [""bnddmM"", 224, 21, 123], [""rop"", 216, 18, 330], [""10"", 234, 13, 186], [""∠POFIOO-O84"", 268, 20, 147], [""XIN"", 292, 13, 175], [""210.091008"", 316, 20, 443], [""C"", 284, 12, 143], [""WENTE ENTRO IL"", 305, 13, 252], [""PREPARATO A BASE DI"", 295, 28, 359], [""DACONESNARTREFER"", 314, 24, 126], [""ALUNG CONSERVAZIONE U.H.T."", 316, 32, 359], [""GRASSO VEGETALE"", 308, 24, 360], [""BEST BEFORE"", 324, 15, 129], [""DA MONTAREE PER CUCINA"", 328, 25, 360], [""20"", 351, 12, 268], [""MIX"", 350, 14, 440], [""14 S4 23 109"", 364, 29, 183], [""20/101"", 357, 20, 200], [""ESC"", 372, 11, 378], [""000001410.17"", 372, 19, 414], [""1000M12"", 402, 37, 193], [""Montarea"", 432, 57, 274], [""Wnipping"", 415, 26, 431], [""Pooking"", 440, 28, 427], [""epercucina"", 447, 54, 283], [""C"", 284, 12, 143], [""WENTE ENTRO IL"", 305, 13, 252], [""PREPARATO A BASE DI"", 295, 28, 359], [""DACONESNARTREFER"", 314, 24, 126], [""ALUNG CONSERVAZIONE U.H.T."", 316, 32, 359], [""GRASSO VEGETALE"", 308, 24, 360], [""BEST BEFORE"", 324, 15, 129], [""DA MONTAREE PER CUCINA"", 328, 25, 360], [""20"", 351, 12, 268], [""MIX"", 350, 14, 440], [""14 S4 23 109"", 364, 29, 183], [""20/101"", 357, 20, 200], [""ESC"", 372, 11, 378], [""000001410.17"", 372, 19, 414], [""1000M12"", 402, 37, 193], [""Montarea"", 432, 57, 274], [""Wnipping"", 415, 26, 431], [""Pooking"", 440, 28, 427], [""epercucina"", 447, 54, 283], [""PREPARATO A BASE DI"", 590, 49, 718], [""GRASSO VEGETALE"", 616, 46, 719], [""DA CONSUAARSI PREFERIELMENTE ENTRO IL"", 620, 59, 254], [""A LUNGA CONSERVAZIONE U.H.T."", 633, 58, 719], [""BEST BEFONE"", 649, 32, 259], [""DA MONTAREEPER CUCINA"", 658, 51, 721], [""202603/681"", 698, 67, 332], [""MUX"", 698, 27, 883], [""320/01"", 714, 29, 380], [""14.54.23209"", 728, 52, 369], [""FSC"", 744, 23, 757], [""180 0014047"", 746, 27, 834], [""1000M2"", 803, 68, 389], [""for"", 814, 21, 860], [""Whipping"", 833, 46, 859], [""da"", 850, 38, 565], [""fCooking"", 880, 65, 854], [""Montare"", 861, 108, 558], [""HoPIA"", 906, 141, 319], [""e perCucina"", 894, 101, 568], [""GPPA"", 454, 62, 160], [""PREPARATOARASED"", 295, 26, 359], [""A LONCA COWERYA TNNt UH.T."", 316, 32, 359], [""CRASSO VEOTALI"", 308, 24, 360], [""DA MONTAI E PTR COCNCA"", 328, 27, 360], [""10631"", 367, 16, 185], [""23-102"", 362, 21, 245], [""1000M10"", 402, 33, 195], [""da"", 427, 14, 285], [""po Cucira"", 445, 46, 297], [""Montare"", 432, 54, 278], [""HDPIK"", 454, 63, 166]]"
000991,2021,03,04,2021-03-04,s1,"10% | 6% | 8% | 10% until thickend; stir. | It source of | Cholesterol, | in A, Vitamin C, time is approximate. | Jes are based on a | ITE HOMINY CORN | ERALS: NIACIN, | THIAMIN MONO- | VIN, FOLIC ACID. | ods Sales, Inc. | Ralcorp Holdings,Inc. | M0 63188-0618 | WITH 14173-0 | SINEERING R096153 | 2FG-2G1-A#108 | /2NK09119 | BEST BV MAR 04 2021 09 34","[[""10%"", 30, 32, 88], [""6%"", 52, 30, 92], [""8%"", 73, 32, 88], [""until thickend; stir."", 81, 32, 179], [""10%"", 98, 29, 81], [""It source of"", 132, 44, 24], [""Cholesterol,"", 148, 42, 29], [""time is approximate."", 156, 29, 163], [""in A, Vitamin C,"", 167, 50, 3], [""Jes are based on a"", 210, 43, 0], [""ITE HOMINY CORN"", 245, 43, 0], [""ERALS: NIACIN,"", 280, 39, 0], [""THIAMIN MONO-"", 298, 37, 0], [""VIN, FOLIC ACID."", 316, 39, 0], [""ods Sales, Inc."", 385, 32, 0], [""Ralcorp Holdings,Inc."", 400, 34, 0], [""M0 63188-0618"", 432, 36, 0], [""14173-0"", 434, 33, 289], [""R096153"", 458, 32, 288], [""WITH"", 478, 31, 0], [""2FG-2G1-A#108"", 481, 34, 245], [""SINEERING"", 494, 36, 0], [""/2NK09119"", 600, 32, 78], [""BEST BV MAR 04 2021 09 34"", 621, 40, 70]]"
000992,2021,04,NONE,2021-04-NONE,det5,"10% 2. Slowy stir in gni | 0% 3. | 8% 4. until thickend; stir. | 10% | source of uoe mare wuter. | Due to cirterences in mlcros | Vitamin ime is approximata. | based on a | DOMINY CORN | MIN MONO- S:NIACIN, | OLIC ACID. | tes, Inc. |  Holdings, Inc. | 010-0618 | 14173-D | R096153 | EERING 2FG-2G1-A#108 | 04 2021 09.34","[[""2."", 39, 22, 103], [""Slowy stir in gni"", 27, 40, 116], [""10%"", 53, 22, 38], [""3."", 54, 18, 103], [""0%"", 68, 22, 40], [""4."", 68, 18, 104], [""8%"", 82, 21, 38], [""until thickend; stir."", 66, 43, 117], [""10%"", 100, 25, 32], [""uoe mare wuter."", 97, 33, 108], [""Due to cirterences in mlcros"", 105, 49, 96], [""source of"", 123, 42, 0], [""ime is approximata."", 118, 39, 108], [""Vitamin"", 148, 36, 0], [""based on a"", 174, 40, 0], [""DOMINY CORN"", 196, 44, 0], [""S:NIACIN,"", 221, 42, 0], [""MIN MONO-"", 232, 40, 0], [""OLIC ACID."", 243, 39, 0], [""tes, Inc."", 292, 24, 0], [""14173-D"", 285, 31, 235], ["" Holdings, Inc."", 300, 39, 0], [""R096153"", 301, 31, 234], [""010-0618"", 323, 30, 0], [""2FG-2G1-A#108"", 316, 39, 202], [""EERING"", 362, 29, 11], [""09.34"", 399, 32, 304], [""04 2021"", 413, 36, 194]]"
000993,2018,09,NONE,2018-09-NONE,up2x,4본 바코드 | ∞° 801121/510179 IOTIC | 백도요거트 | 보유2018년 9월기준 입상시협 200편0상 연구는문1000여편 13.18까지,"[[""IOTIC"", 619, 316, 990], [""4본 바코드"", 509, 60, 446], [""∞°"", 576, 58, 438], [""801121/510179"", 776, 376, 441], [""백도요거트"", 851, 302, 672], [""13.18까지"", 1058, 140, 595], [""보유2018년 9월기준"", 1095, 138, 454], [""입상시협 200편0상"", 1095, 142, 479], [""연구는문1000여편"", 1086, 121, 505]]"
000994,2021,02,18,2021-02-18,up2x,02.18/21 | 15.49.F1A | P RO B,"[[""02.18/21"", 743, 52, 596], [""15.49.F1A"", 784, 51, 604], [""P RO B"", 1282, 310, 987]]"
000995,2018,03,02,2018-03-02,fail,PROB | 'S 02/18/지 02/18/지 02 18까지 0318까2 03.18/2 | PROB PROB PROB PROB 2006 0219.2 18까지 | PROB,"[[""02 18까지"", 272, 80, 243], [""PROB"", 462, 110, 391], [""0318까2"", 272, 81, 242], [""PROB"", 226, 52, 404], [""02/18/지"", 273, 76, 243], [""PROB"", 457, 112, 391], [""02/18/지"", 273, 76, 243], [""PROB"", 457, 112, 391], [""0219.2"", 548, 154, 489], [""18까지"", 536, 56, 609], [""PROB"", 920, 225, 777], [""'S"", 274, 61, 249], [""2006"", 465, 104, 393], [""03.18/2"", 273, 70, 247], [""PROB"", 464, 105, 392]]"
000996,2018,09,01,2018-09-01,fail,1L088 P R OBIOT I C | 8 | 4본 바코드 딸기요거 | 0 | QT' | ] 영c 02 13 1 무름:18 9:1까지는 15.18.2 .19까지 .10.F1E 310.F1E 19까지 10.F1E 온까지 8 180112151010 | 05 12/ | 4본바코드 4본바코드 4본 바코드 4본 바코드 PROB1O R OBIO | 8 8 8 | 8011 801 02.191/731 | 1 딸기요거 딸기요거 딸기요거 딸기요거 딸기 요거 PR OBIO 13.10.F1E | 4본 바코드 | 8 | 딸기요거 | 4본 바코드 PR OBIOT I C | 880112151010 딸기요거,"[[""1"", 430, 50, 338], ["".19까지"", 418, 35, 373], [""310.F1E"", 436, 31, 374], [""R OBIO"", 706, 193, 551], [""4본 바코드"", 766, 30, 285], [""8"", 793, 20, 285], [""8011"", 834, 49, 288], [""딸기요거"", 902, 115, 388], [""9:1까지는"", 427, 84, 324], [""PROB1O"", 695, 214, 545], [""4본바코드"", 766, 32, 283], [""8"", 792, 19, 283], [""딸기요거"", 901, 118, 383], [""8"", 296, 15, 162], [""4본 바코드"", 329, 87, 181], [""0"", 352, 19, 530], [""영c"", 415, 54, 0], [""10.F1E"", 456, 119, 511], [""온까지"", 458, 83, 529], [""P R OBIOT I C"", 154, 39, 593], [""딸기요거"", 306, 51, 845], [""QT'"", 369, 22, 410], [""8"", 424, 19, 787], [""180112151010"", 422, 30, 796], [""1L088"", 134, 91, 410], [""]"", 418, 115, 0], [""02"", 420, 21, 343], [""19까지"", 416, 26, 396], [""13"", 438, 21, 344], ["".10.F1E"", 436, 24, 376], [""4본바코드"", 767, 28, 285], [""8"", 793, 20, 285], [""801"", 828, 37, 289], [""딸기요거"", 902, 115, 387], [""1"", 904, 9, 295], [""05 12/"", 562, 100, 432], [""PR OBIO"", 916, 281, 721], [""4본 바코드"", 1009, 38, 376], [""8"", 1044, 22, 377], [""딸기요거"", 1187, 150, 516], [""02.191/731"", 838, 56, 684], [""13.10.F1E"", 874, 44, 689], [""PR OBIOT I C"", 1476, 591, 1093], [""4본 바코드"", 1533, 54, 573], [""880112151010"", 1741, 356, 565], [""딸기요거"", 1806, 228, 781], [""무름:18"", 428, 58, 337], [""딸기요거"", 901, 114, 389], [""4본 바코드"", 766, 29, 285], [""15.18.2"", 426, 71, 332], [""딸기 요거"", 902, 114, 389]]"
000997,NONE,05,18,NONE-05-18,det5,05.18.까지 | 8 4본 바코드 PROBIOTIC | 딸기요,"[[""05.18.까지"", 274, 45, 279], [""PROBIOTIC"", 481, 196, 426], [""4본 바코드"", 498, 21, 203], [""8"", 516, 14, 201], [""딸기요"", 590, 85, 283]]"
000998,2021,11,11,2021-11-11,s1,"B0 | ren Graisshaft, Germany. | 유사용한 제품과 같은 | H제조하고 있습니다. | 정거래위원회 고시 | 해결기준에의거교환 | L4924000513090 1614 | ProdUCTioN DATe.11/08/2020 | BesT BeforeDATe.11/11/2021 | 0016861301555","[[""B0"", 89, 76, 0], [""Graisshaft, Germany."", 138, 36, 205], [""ren"", 167, 50, 0], [""유사용한 제품과 같은"", 308, 29, 0], [""H제조하고 있습니다."", 324, 24, 0], [""정거래위원회 고시"", 385, 23, 0], [""해결기준에의거교환"", 400, 23, 0], [""L4924000513090 1614"", 548, 22, 260], [""ProdUCTioN DATe.11/08/2020"", 570, 26, 258], [""BesT BeforeDATe.11/11/2021"", 590, 25, 258], [""0016861301555"", 828, 27, 249]]"
000999,2021,11,11,2021-11-11,s1,50 | en | DOTe.11/11/2021,"[[""50"", 68, 53, 2], [""en"", 122, 28, 6], [""DOTe.11/11/2021"", 400, 23, 348]]"
001000,2021,09,07,2021-09-07,s1,pod0 | BEST BEFORE | 07 SEP 21 | 308 11 25,"[[""pod0"", 224, 95, 300], [""BEST BEFORE"", 571, 28, 173], [""07 SEP 21"", 588, 25, 188], [""308 11 25"", 610, 25, 188]]"
