image_id,year,month,day,final_date,stage,texts,raw
000001,2027,06,26,2027-06-26,s1,161 | 판매원홀푸드코리0(주)/제주특 | 301空 | 내포장재질 폴2에틸텐치내면 | 号卫空20130628332176 | 반품 및 교환 구입처 | 1899-1494 | 보관방법 지사광선을 피하고 서늘 | 하고 습하지 않는 곳에 실은 보관 | 1포 드십시오.원액 그대로 섭취 | 한거나 물에희석하0 드십시오 | 가뽑/흔들0서 드세요 | ※부정 불량식품 신고는 국번없이 | 고시 소비/자 분쟁해결 | 기준에 의거 정당한 식품안전관2인증 | HACCP | 소비자 피해에 대해 | 보상해드립니다 식0/야.인전저 | 소비기한 2027.06.26 까지 | LOT NO 543123,"[[""161"", 18, 33, 135], [""판매원홀푸드코리0(주)/제주특"", 50, 41, 135], [""301空"", 124, 36, 135], [""내포장재질 폴2에틸텐치내면"", 158, 39, 139], [""号卫空20130628332176"", 192, 38, 140], [""반품 및 교환 구입처"", 228, 41, 140], [""1899-1494"", 264, 38, 142], [""보관방법 지사광선을 피하고 서늘"", 297, 39, 144], [""하고 습하지 않는 곳에 실은 보관"", 332, 40, 144], [""1포 드십시오.원액 그대로 섭취"", 399, 40, 147], [""한거나 물에희석하0 드십시오"", 434, 37, 147], [""가뽑/흔들0서 드세요"", 468, 34, 149], [""※부정 불량식품 신고는 국번없이"", 500, 39, 148], [""고시 소비/자 분쟁해결"", 566, 29, 155], [""식품안전관2인증"", 582, 29, 402], [""기준에 의거 정당한"", 598, 35, 152], [""HACCP"", 608, 35, 403], [""소비자 피해에 대해"", 630, 30, 155], [""보상해드립니다"", 663, 32, 155], [""식0/야.인전저"", 654, 24, 410], [""소비기한"", 723, 30, 157], [""까지"", 719, 32, 462], [""2027.06.26"", 735, 38, 276], [""LOT NO"", 761, 26, 157], [""543123"", 758, 33, 277]]"
000002,2025,12,11,2025-12-11,s1,MT 11 | TU/NS 02 | U4 1NM | JINCE1963 2025.12.11外 | 0/2 2A12106,"[[""MT 11"", 99, 23, 120], [""TU/NS 02"", 173, 34, 72], [""U4 1NM"", 197, 50, 74], [""2025.12.11外"", 408, 33, 288], [""JINCE1963"", 418, 21, 0], [""2A12106"", 434, 40, 283], [""0/2"", 564, 349, 0]]"
000003,2026,05,12,2026-05-12,s1,2026.05.12 | 옥수수40%함유 | Caramel | PoPl | 카22,"[[""2026.05.12"", 402, 29, 295], [""옥수수40%함유"", 494, 47, 255], [""Caramel"", 572, 150, 261], [""PoPl"", 622, 152, 433], [""카22"", 682, 101, 490]]"
000004,2022,02,14,2022-02-14,det5,卫点2020464088-368 | 사8용손주제은. | 18지되를 | 2서고있니다.제 | 2있을수질이 | 2여 주십시오 | ）公司 | 22 | 01007683508 V2 | 2022.02.14 16:01,"[[""卫点2020464088-368"", 29, 63, 163], [""사8용손주제은."", 73, 70, 163], [""18지되를"", 109, 60, 178], [""2서고있니다.제"", 146, 57, 176], [""2있을수질이"", 182, 57, 173], [""2여 주십시오"", 316, 46, 169], [""）公司"", 417, 64, 161], [""22"", 538, 36, 395], [""01007683508"", 590, 52, 186], [""V2"", 580, 32, 466], [""2022.02.14"", 628, 56, 203], [""16:01"", 616, 57, 385]]"
000005,2026,07,02,2026-07-02,s1,21:58F590 | 2026.07.02 | 2026.07.02,"[[""21:58F590"", 355, 61, 253], [""2026.07.02"", 409, 52, 259], [""2026.07.02"", 513, 63, 234]]"
000006,2026,02,17,2026-02-17,s1,2026.02.17 | 40,"[[""2026.02.17"", 435, 52, 193], [""40"", 475, 48, 185]]"
000007,2026,06,25,2026-06-25,s1,1북5 | 量249 | 연/2까지 영양정보 81 | 260kcal | 카타기 0료3총 총내용량당 /준 에 대한 비를 1일 영양성분 | 2/1타식용//가공률 LE喜105mg 5% | 우육.돼지고기/함유 19 % | 질플2에틸렌 营847g 47 % | 19870415003402 지방08 0% | 2.대두.호두.복숭0.조 트랜스지방 08 | 포합)혼0가능 제품을 포화지방 08 0% | 2삼키지 않도록 주의하세 콜레스테를 0 M8 0% | 자기본법에 의한 피해보 단백질 38 5% | 광선을 피해 온 습도기 | 보관.개봉후가급적별 0므로 개인의 필요 열량에 따라 다를 수 있습니다. | .부청 불T식품 신고 | 5700（）1522-40 | 1:본사및 구입한곳 -제조과정 중 원료가 국거나 고은에서 2변화되어 흰1 | 명어리나 검은 점이 보일 수 2나 인체에 무해합니다. | 71655709 0U LEN 25.06.26 부터 | 기한 26.06.25 까지 | HA CCR 22:06 A03,"[[""1북5"", 107, 24, 111], [""量249"", 122, 33, 93], [""연/2까지"", 142, 33, 77], [""영양정보"", 170, 35, 343], [""81"", 170, 35, 467], [""260kcal"", 188, 28, 511], [""카타기 0료3총"", 205, 25, 59], [""총내용량당 /준 에 대한 비를"", 221, 57, 336], [""1일 영양성분"", 209, 28, 486], [""2/1타식용//가공률"", 235, 34, 0], [""LE喜105mg"", 242, 39, 336], [""우육.돼지고기/함유"", 258, 25, 59], [""5%"", 250, 25, 560], [""질플2에틸렌"", 277, 26, 2], [""营847g"", 279, 37, 347], [""19 %"", 270, 31, 551], [""19870415003402"", 297, 28, 2], [""지방08"", 299, 34, 332], [""47 %"", 291, 28, 553], [""2.대두.호두.복숭0.조"", 320, 28, 1], [""트랜스지방 08"", 324, 40, 346], [""0%"", 312, 26, 564], [""포합)혼0가능 제품을"", 341, 32, 4], [""포화지방 08"", 347, 34, 345], [""2삼키지 않도록 주의하세"", 363, 32, 0], [""0%"", 358, 26, 569], [""콜레스테를 0 M8"", 372, 34, 328], [""자기본법에 의한 피해보"", 387, 36, 0], [""0%"", 382, 29, 569], [""단백질 38"", 396, 35, 328], [""광선을 피해 온 습도기"", 412, 37, 0], [""5%"", 407, 26, 571], [""보관.개봉후가급적별"", 436, 37, 4], [""0므로 개인의 필요 열량에 따라 다를 수 있습니다."", 446, 37, 322], ["".부청 불T식품 신고"", 462, 38, 2], [""5700（）1522-40"", 512, 33, 1], [""1:본사및 구입한곳"", 538, 37, 0], [""-제조과정 중 원료가 국거나 고은에서 2변화되어 흰1"", 543, 40, 349], [""명어리나 검은 점이 보일 수 2나 인체에 무해합니다."", 565, 39, 347], [""71655709"", 646, 31, 0], [""0U LEN"", 647, 28, 149], [""25.06.26"", 646, 45, 352], [""부터"", 646, 32, 570], [""기한"", 671, 34, 272], [""26.06.25"", 682, 43, 352], [""HA CCR"", 694, 21, 149], [""까지"", 692, 26, 568], [""22:06"", 707, 30, 357], [""A03"", 714, 24, 458]]"
000008,2027,06,29,2027-06-29,s1,2027.06.29 A,"[[""2027.06.29 A"", 552, 52, 139]]"
000009,2026,10,29,2026-10-29,s1,"백설 포도.씨유 | 100% | P5 2026.10.29 09人l | 제품명 포도씨유 식품유형 기타물성유지 | 내용량 900 mL(7,430 kcal, 25 ℃) | 원재료영 100%） | 업소명및 씨제이제2제당(주 | 2재지 1404 | 품목보고번호 19790190025-19 반품 및/처 또는 | 소비기한/2벨상단표기2까지 교환처/영업소 | 포장재질.내)용가-PET.마개-PE | 영양정보 | 나E룹 0 Mg 87% | 100g185% 13 | 2레스테를0 Mg 0% 0g0% | 1g=1.09mL","[[""포도.씨유"", 59, 81, 347], [""백설"", 68, 61, 257], [""100%"", 99, 36, 357], [""P5"", 434, 25, 167], [""2026.10.29 09人l"", 439, 34, 265], [""제품명"", 488, 29, 163], [""포도씨유"", 489, 30, 222], [""식품유형 기타물성유지"", 492, 29, 399], [""내용량"", 518, 29, 164], [""900 mL(7,430 kcal, 25 ℃)"", 522, 34, 221], [""원재료영"", 550, 29, 164], [""100%）"", 554, 31, 217], [""업소명및"", 583, 40, 159], [""씨제이제2제당(주"", 590, 31, 268], [""2재지"", 610, 34, 161], [""1404"", 616, 36, 267], [""품목보고번호"", 646, 36, 163], [""19790190025-19"", 653, 28, 270], [""반품 및/처 또는"", 649, 42, 425], [""소비기한/2벨상단표기2까지"", 680, 51, 162], [""교환처/영업소"", 678, 39, 429], [""포장재질.내)용가-PET.마개-PE"", 744, 55, 163], [""영양정보"", 779, 52, 164], [""나E룹 0 Mg"", 813, 42, 169], [""100g185%"", 844, 51, 167], [""87%"", 830, 30, 521], [""13"", 848, 55, 288], [""2레스테를0 Mg"", 873, 50, 168], [""0%"", 882, 25, 296], [""0g0%"", 877, 38, 370], [""1g=1.09mL"", 942, 37, 174]]"
000010,2026,06,08,2026-06-08,s1,"1,980 TTOHIHO! | 22 | 2 | 23 | 21 IO 23 | 씬즈 초코 크림 | 2026.06.08","[[""TTOHIHO!"", 18, 38, 225], [""1,980"", 30, 27, 22], [""22"", 134, 114, 192], [""2"", 268, 57, 200], [""23"", 297, 76, 587], [""23"", 360, 53, 553], [""IO"", 388, 82, 306], [""21"", 403, 113, 210], [""씬즈"", 530, 86, 154], [""초코 크림"", 530, 41, 347], [""2026.06.08"", 636, 40, 173]]"
000011,2026,02,05,2026-02-05,s1,22 치주 | 22 | RIT2 | RUTZ | C HEESE | 2026.02.05 D,"[[""22"", 117, 154, 39], [""치주"", 63, 32, 177], [""22"", 203, 92, 82], [""RIT2"", 277, 60, 89], [""RUTZ"", 464, 107, 274], [""C HEESE"", 562, 48, 281], [""2026.02.05 D"", 653, 42, 232]]"
000012,2026,03,23,2026-03-23,s1,MRLEV AARDT | 2 0N공 | OT ER | ircushiong | 180941318821641 1정/립 식출신 | 소비기한 | 2026-03-23 까지,"[[""MRLEV AARDT"", 66, 58, 498], [""2 0N공"", 165, 48, 80], [""OT ER"", 388, 37, 253], [""ircushiong"", 450, 35, 610], [""1정/립 식출신"", 467, 34, 614], [""180941318821641"", 471, 41, 260], [""소비기한"", 519, 42, 226], [""2026-03-23"", 578, 37, 263], [""까지"", 578, 26, 456]]"
000013,2026,03,20,2026-03-20,s1,ONEY MUS 2A1 | 기한 | 2C 2026.03.20A | 21 | T ARD 품유형.과자유처2 H名号：85g(409kcal） | 2 | 1드및 75人49 | NEEAE | 양 | .CHE0,"[[""ONEY MUS 2A1"", 41, 46, 100], [""기한"", 419, 26, 256], [""2C"", 452, 41, 3], [""2026.03.20A"", 460, 41, 285], [""21"", 530, 127, 0], [""T ARD"", 620, 49, 0], [""H名号：85g(409kcal）"", 605, 30, 246], [""품유형.과자유처2"", 627, 26, 246], [""2"", 638, 25, 1], [""1드및"", 666, 32, 0], [""75人49"", 662, 27, 241], [""NEEAE"", 712, 44, 247], [""양"", 773, 32, 243], ["".CHE0"", 798, 34, 245]]"
000014,2026,01,31,2026-01-31,s1,한국식웨민제2식품의유형 0률 号丘7120100211096119 | 100g(360kcal) | TEL031-957-4788 | 돼지고기.우유 2유 | 영양정보 총내용량당 | 총내용량 L4星喜44mg 2%1 지방 09 0% 26.01.31 | 100g 号889 27% E랜스N방 09 까지 | 360 kcal 7g 7% 포화지방 09 0% | 콜레스AN를 OM9 E1g 2% | OT ER | 031- | 2비자 957-4788 | 상담실,"[[""한국식웨민제2식품의유형 0률"", 144, 60, 20], [""号丘7120100211096119"", 157, 42, 145], [""100g(360kcal)"", 170, 31, 24], [""TEL031-957-4788"", 219, 32, 20], [""돼지고기.우유 2유"", 344, 28, 333], [""영양정보"", 530, 29, 3], [""총내용량당"", 530, 26, 46], [""총내용량"", 554, 29, 4], [""L4星喜44mg"", 551, 24, 54], [""2%1"", 550, 21, 151], [""지방 09"", 550, 24, 186], [""0%"", 547, 20, 291], [""26.01.31"", 551, 35, 370], [""100g"", 574, 25, 18], [""号889"", 573, 32, 54], [""27%"", 574, 23, 148], [""E랜스N방 09"", 574, 26, 202], [""까지"", 565, 20, 474], [""360 kcal"", 593, 26, 13], [""7g"", 596, 29, 67], [""7%"", 598, 25, 156], [""포화지방 09"", 598, 26, 203], [""0%"", 596, 20, 292], [""콜레스AN를 OM9"", 618, 32, 60], [""E1g"", 622, 24, 195], [""2%"", 620, 23, 292], [""OT ER"", 638, 29, 393], [""031-"", 698, 31, 390], [""2비자"", 711, 26, 308], [""상담실"", 728, 28, 307], [""957-4788"", 713, 45, 372]]"
000015,2026,03,01,2026-03-01,s1,"MA.eT | 0켓오 브라우니 | 소비 2025, 09, 02/21135 A부터 | E 기한 2026.03.017A 까지 | KeT 0 | ACE2008 | VeU","[[""MA.eT"", 212, 81, 31], [""0켓오 브라우니"", 251, 48, 81], [""E"", 652, 93, 3], [""2025, 09, 02/21135"", 614, 31, 298], [""소비"", 626, 25, 212], [""A부터"", 617, 26, 511], [""기한"", 648, 27, 212], [""2026.03.017A"", 638, 29, 298], [""까지"", 639, 22, 509], [""KeT"", 818, 93, 12], [""0"", 838, 59, 224], [""ACE2008"", 870, 36, 0], [""VeU"", 914, 93, 344]]"
000016,2026,01,22,2026-01-22,s1,에서 제조하고 있습1 | 개봉 후 바로 드십시오 | 새우가 쪽≈ 0로 검게 보이는 것으로 안심하고 드셔도 | 표E 0  입자는 파슬2 입니다 | 139 | 반2봉사및 구입한0 | 새우와 밀가루를 참 분야한 1스0용 산지를 위해 질소중전포장 하였습 | 이용하여 만든 반/을 SM로 않게 말어주고 | H ACCP | U/1 | 7원 습니다 38010430360 | 2026.01.22 Original | 4 | 드싱을 22루 뿌려완생 | 27 방동 역양정보 410kcal | 가정에서 동입하게 만들기는 어렵습니다 000 | 1수신자8금부담 层量460mg23%个量52g16% | 023-5181,"[[""에서 제조하고 있습1"", 21, 42, 286], [""개봉 후 바로 드십시오"", 65, 50, 288], [""0로 검게 보이는 것으로 안심하고 드셔도"", 101, 65, 290], [""새우가 쪽≈"", 134, 29, 0], [""표E 0  입자는 파슬2 입니다"", 128, 57, 290], [""139"", 172, 55, 290], [""반2봉사및 구입한0"", 199, 43, 291], [""새우와 밀가루를 참 분야한 1스0용"", 239, 66, 23], [""산지를 위해 질소중전포장 하였습"", 216, 57, 287], [""이용하여 만든 반/을 SM로 않게 말어주고"", 259, 74, 16], [""H ACCP"", 316, 27, 303], [""U/1"", 358, 20, 2], [""38010430360"", 348, 34, 409], [""7원 습니다"", 370, 36, 4], [""Original"", 424, 29, 596], [""2026.01.22"", 449, 34, 331], [""4"", 488, 20, 48], [""드싱을 22루 뿌려완생"", 517, 53, 38], [""역양정보"", 576, 39, 304], [""410kcal"", 574, 34, 536], [""27"", 590, 23, 0], [""방동"", 607, 30, 0], [""가정에서 동입하게 만들기는 어렵습니다"", 608, 38, 43], [""000"", 593, 24, 310], [""层量460mg23%个量52g16%"", 610, 55, 301], [""1수신자8금부담"", 640, 41, 0], [""023-5181"", 656, 35, 1]]"
000017,2026,11,25,2026-11-25,s1,영양정보 총내용랑당 기준치에대한비율 1 영양성분 층내용3당 | 4三鲁14mg 1% 지방 09 |  LH名 48 ml 탄수화률19 0% 트랜스지방 09 | 4kCAl 09 0% 포화지방 09 | 콜레스테롤 OM9 0% 00 | 2.000cal | 201-eeinOONZllgs | 유통 판매시 법적 .2을 받습니다 | 2026.11.25,"[[""1 영양성분"", 46, 30, 525], [""층내용3당"", 56, 26, 601], [""영양정보"", 74, 47, 290], [""총내용랑당"", 64, 29, 398], [""기준치에대한비율"", 62, 32, 496], [""4三鲁14mg"", 94, 29, 400], [""1%"", 85, 20, 568], [""지방 09"", 89, 32, 600], ["" LH名 48 ml"", 116, 42, 290], [""탄수화률19"", 122, 31, 401], [""0%"", 112, 23, 566], [""트랜스지방 09"", 116, 23, 608], [""4kCAl"", 142, 23, 294], [""09"", 148, 29, 410], [""0%"", 140, 22, 566], [""포화지방 09"", 143, 26, 608], [""콜레스테롤 OM9"", 172, 23, 407], [""0%"", 168, 20, 568], [""00"", 171, 32, 600], [""2.000cal"", 198, 33, 407], [""201-eeinOONZllgs"", 260, 37, 276], [""유통 판매시 법적 .2을 받습니다"", 311, 28, 278], [""2026.11.25"", 351, 32, 270]]"
000018,2025,04,02,2025-04-02,s1,OPEN | ABC | 11 쿠 키기 OPEN | Is ABC Time | AB/C | 초코 | 쿠//앤크림 | kcal5%45% | AB C | ：1801062879890 코쿠50 | 쿠키앤크림 | 25.4.2 B 까지 | 17:20 | 20트 0EE0,"[[""OPEN"", 28, 31, 661], [""ABC"", 62, 65, 478], [""11 쿠 키기"", 106, 97, 455], [""초코"", 158, 47, 237], [""OPEN"", 140, 29, 616], [""AB/C"", 209, 90, 515], [""Is ABC Time"", 191, 45, 593], [""kcal5%45%"", 328, 95, 452], [""쿠//앤크림"", 313, 75, 519], [""AB C"", 447, 36, 524], [""：1801062879890"", 466, 32, 315], [""코쿠50"", 494, 55, 507], [""25.4.2 B"", 512, 26, 266], [""쿠키앤크림"", 538, 33, 552], [""17:20"", 541, 28, 262], [""까지"", 554, 24, 495], [""20트"", 638, 106, 236], [""0EE0"", 722, 139, 454]]"
000019,2026,04,09,2026-04-09,s1,1TC RiCh. | 2025.07.10B | A부터 | 2026.04.09 까지 맛있는약속 | 0/0 23 | 1 0V,"[[""1TC"", 261, 62, 223], [""RiCh."", 272, 32, 472], [""2025.07.10B"", 350, 32, 239], [""A부터"", 370, 20, 425], [""2026.04.09"", 392, 29, 245], [""까지 맛있는약속"", 404, 22, 421], [""0/0"", 794, 35, 139], [""23"", 793, 22, 160], [""1 0V"", 936, 46, 495]]"
000020,2025,10,09,2025-10-09,s1,단딸01 가득 DEL IC 1 OUS | *SINCE | J94 | L2025.10.09A1-5 G0OD OUA,"[[""단딸01 가득"", 181, 79, 214], [""DEL IC 1 OUS"", 170, 29, 472], [""*SINCE"", 413, 25, 601], [""J94"", 446, 50, 598], [""L2025.10.09A1-5"", 476, 45, 244], [""G0OD OUA"", 486, 20, 627]]"
000021,2025,10,10,2025-10-10,s1,01 | 호밀발효종을 넣어부드러운 부담은 时河10-2320 | 25.10.10,"[[""호밀발효종을 넣어부드러운"", 270, 252, 162], [""01"", 218, 47, 657], [""부담은"", 248, 22, 671], [""时河10-2320"", 269, 30, 668], [""25.10.10"", 582, 41, 233]]"
000022,2025,10,14,2025-10-14,s1,RURN | 고구0 | 크20 25.10.14l.A1.F2 | ESH SL ON BREAD | 연술된 예 | 복합 | 특허유균 | 0/20%） 부담은,"[[""RURN"", 236, 95, 93], [""고구0"", 330, 70, 42], [""크20"", 383, 102, 0], [""25.10.14l.A1.F2"", 426, 88, 296], [""ESH SL ON BREAD"", 444, 55, 0], [""연술된 예"", 593, 48, 145], [""복합"", 665, 45, 468], [""특허유균"", 715, 116, 371], [""0/20%）"", 702, 45, 5], [""부담은"", 762, 93, 390]]"
000023,2025,10,10,2025-10-10,s1,T큼 22 | 1단슈크림빵 | 25.10.10外A1F2 | 맞도 B/G/A2도0 | 산군 | /법 | 풍부한 단파앙금 A크1 | (360kcal),"[[""T큼"", 262, 37, 430], [""1단슈크림빵"", 355, 178, 61], [""22"", 276, 20, 471], [""25.10.10外A1F2"", 538, 68, 334], [""맞도 B/G/A2도0"", 611, 40, 406], [""산군"", 723, 56, 0], [""/법"", 751, 48, 0], [""풍부한"", 779, 26, 0], [""(360kcal)"", 818, 45, 0], [""단파앙금"", 832, 35, 376], [""A크1"", 846, 29, 507]]"
000024,2025,10,11,2025-10-11,erode5,통일N3 | 20 | F1.8 | 25.10.11A | 18.8.% | 临0.002% | (1.480 kcaD),"[[""20"", 338, 83, 152], [""F1.8"", 392, 51, 150], [""25.10.11A"", 438, 82, 143], [""18.8.%"", 626, 48, 0], [""临0.002%"", 654, 57, 0], [""(1.480 kcaD)"", 685, 52, 2], [""통일N3"", 203, 136, 133]]"
000025,2026,06,11,2026-06-11,s1,닭고기 | 합포함0.3 | 2026.06.11A 까지,"[[""닭고기"", 58, 41, 395], [""합포함0.3"", 79, 65, 384], [""까지"", 342, 53, 464], [""2026.06.11A"", 382, 76, 182]]"
000026,2025,11,13,2025-11-13,s1,앤스지방 09 | 화지방 59 | 콜레스테롤 0Mg | 단백질 11g | 에따2다를 수있습니다 | OT1 | 809486 992593 | 소비기한 | 2025.11.13 | 까지,"[[""앤스지방"", 54, 29, 264], [""09"", 56, 27, 340], [""화지방"", 74, 23, 251], [""59"", 79, 26, 340], [""콜레스테롤"", 99, 34, 240], [""0Mg"", 106, 28, 335], [""단백질"", 126, 29, 239], [""11g"", 131, 27, 323], [""에따2다를 수있습니다"", 185, 28, 238], [""OT1"", 336, 25, 492], [""809486"", 352, 20, 257], [""992593"", 349, 22, 351], [""소비기한"", 416, 37, 218], [""2025.11.13"", 492, 29, 289], [""까지"", 532, 33, 494]]"
000027,2026,04,27,2026-04-27,s1,E0 27 .04.2026 | P0 28.04.2025 | F07:57,"[[""E0 27 .04.2026"", 473, 34, 182], [""P0 28.04.2025"", 498, 33, 182], [""F07:57"", 524, 32, 180]]"
000028,2025,03,31,2025-03-31,s1,GHANA 행복사서항 | 970-4567-5050 | 지금 바로 들0보세요 | （：25.3.31） | /6/Y | 0 | 3/// 풀0  | UKIOL,"[[""GHANA 행복사서항"", 97, 50, 321], [""970-4567-5050"", 150, 38, 53], [""지금 바로 들0보세요"", 174, 35, 324], [""（：25.3.31）"", 199, 34, 325], [""/6/Y"", 498, 138, 263], [""0"", 634, 20, 542], [""3///"", 776, 109, 137], [""풀0 "", 802, 33, 427], [""UKIOL"", 869, 51, 394]]"
000029,2026,08,02,2026-08-02,s1,총내 | 원01 | 1고번6 포화지방 | 료명 클2스EL | 단4 | 1 영성분 | 기준00로개 | 유화제향료/V .제품0 | 돼지고기.복승아 함유 30C | 낮은2 0 | 롯데웰푸드 | 비2류 | 801062898862 OT ER | 2026.08.02H1 | 까지 | AA2,"[[""총내"", 30, 29, 677], [""포화지방"", 130, 37, 631], [""원01"", 143, 31, 261], [""클2스EL"", 152, 42, 617], [""1고번6"", 173, 30, 202], [""료명"", 187, 27, 191], [""단4"", 175, 41, 623], [""1 영성분"", 200, 32, 632], [""기준00로개"", 216, 30, 635], ["".제품0"", 251, 36, 639], [""유화제향료/V"", 300, 50, 130], [""30C"", 278, 39, 646], [""낮은2"", 308, 45, 649], [""0"", 304, 25, 701], [""돼지고기.복승아 함유"", 300, 86, 316], [""롯데웰푸드"", 389, 44, 252], [""비2류"", 457, 32, 476], [""801062898862"", 516, 38, 166], [""OT ER"", 510, 42, 463], [""2026.08.02H1"", 624, 42, 164], [""까지"", 648, 38, 464], [""AA2"", 656, 23, 687]]"
000030,2028,08,17,2028-08-17,s1,"3,480 | 3.480 | SP AM | SP AM | 까 비밀 M A6 | 맛이 갈한 28.08.17 16-44| | 2맛있게 | 게1 | 22 1는 전선을따라 2 | 금호수를채취 SP AM 파우치를 SP AM | 사이프2스 열어주세요 | 1져1 돼지고기 유 | 1관방법/실은보관 | 30405015-210 포장재질치내면)폴2프로필 | 80g/250kca | 영양정보","[[""3,480"", 20, 30, 288], [""3.480"", 40, 32, 276], [""SP AM"", 114, 67, 77], [""SP AM"", 192, 67, 97], [""M A6"", 370, 28, 476], [""까 비밀"", 384, 36, 0], [""28.08.17"", 414, 42, 243], [""16-44|"", 406, 33, 431], [""맛이 갈한"", 415, 32, 0], [""2맛있게"", 436, 26, 0], [""게1"", 470, 23, 0], [""22"", 501, 22, 0], [""1는"", 494, 25, 105], [""전선을따라"", 504, 38, 191], [""2"", 494, 26, 293], [""금호수를채취"", 522, 20, 0], [""SP AM"", 524, 23, 134], [""파우치를"", 528, 30, 190], [""SP AM"", 524, 22, 320], [""사이프2스"", 553, 24, 0], [""열어주세요"", 551, 26, 193], [""1져1"", 718, 28, 2], [""돼지고기 유"", 710, 29, 339], [""1관방법/실은보관"", 772, 38, 267], [""30405015-210"", 812, 33, 0], [""포장재질치내면)폴2프로필"", 800, 39, 260], [""80g/250kca"", 840, 39, 317], [""영양정보"", 858, 33, 14]]"
000031,2026,02,14,2026-02-14,s1,"NN83 | 2격 1,460 2개 | 구매시2인 | 2026.02.14 | 0839A182 | 1원해","[[""NN83"", 117, 24, 588], [""2격"", 146, 40, 334], [""2개"", 145, 40, 580], [""1,460"", 156, 28, 431], [""구매시2인"", 172, 29, 566], [""2026.02.14"", 500, 62, 133], [""0839A182"", 538, 55, 187], [""1원해"", 610, 50, 346]]"
000032,2026,03,22,2026-03-22,s1,02 2누들 | 22 | 2026.03.2211 | B2.13.40,"[[""02"", 158, 24, 354], [""2누들"", 153, 126, 415], [""22"", 211, 24, 260], [""2026.03.2211"", 482, 75, 139], [""B2.13.40"", 509, 58, 182]]"
000033,2026,06,17,2026-06-17,s1,"1.660 | 1,770 | LOT TE PEPER0 | 26. 06. 17 09:29 F2 까지","[[""1.660"", 349, 36, 278], [""1,770"", 380, 43, 541], [""PEPER0"", 497, 62, 357], [""LOT TE"", 506, 43, 227], [""26. 06. 17 09:29 F2"", 561, 52, 202], [""까지"", 566, 37, 550]]"
000034,2026,06,30,2026-06-30,s1,37g0 | whitecook | 手37o(185kco | PREIL 1.660 | LOT TE PEPER0 | 1지 | 26.06.30 05:18,"[[""37g0"", 27, 38, 465], [""手37o(185kco"", 99, 67, 552], [""whitecook"", 84, 48, 601], [""PREIL"", 247, 68, 50], [""1.660"", 266, 49, 273], [""PEPER0"", 484, 61, 340], [""LOT TE"", 494, 30, 207], [""26.06.30 05:18"", 560, 39, 191], [""1지"", 560, 37, 544]]"
000035,2026,08,17,2026-08-17,s1,33.d | E2 | 2026.08.171 | 2481043,"[[""33.d"", 107, 42, 578], [""E2"", 171, 42, 218], [""2026.08.171"", 458, 63, 149], [""2481043"", 499, 52, 145]]"
000036,2026,08,26,2026-08-26,s1,1+1 3.980 1+1 | /03/ | 2.6 이채죽 | 단호주 | 2026.08.26 | 11:48F3,"[[""1+1"", 77, 36, 239], [""3.980"", 78, 23, 348], [""1+1"", 75, 38, 576], [""/03/"", 117, 52, 8], [""2.6"", 148, 26, 53], [""이채죽"", 159, 66, 311], [""단호주"", 234, 65, 463], [""2026.08.26"", 524, 39, 201], [""11:48F3"", 560, 43, 199]]"
000037,2026,07,17,2026-07-17,s1,1+1 | 초2예 | 2/2 | 2026.07.17 | 22:59F3,"[[""1+1"", 196, 31, 601], [""초2예"", 250, 41, 153], [""2/2"", 267, 34, 558], [""2026.07.17"", 547, 51, 161], [""22:59F3"", 598, 70, 164]]"
000038,2027,02,12,2027-02-12,s1,"2,590 | 1+1 3.980 | CEF | 1 S OUP | APUV PMUN | 2027.02.12/K | 콘스프 | VONO","[[""2,590"", 104, 62, 196], [""1+1"", 165, 38, 538], [""3.980"", 181, 26, 635], [""CEF"", 194, 31, 0], [""1 S OUP"", 217, 35, 0], [""APUV PMUN"", 259, 30, 227], [""2027.02.12/K"", 543, 61, 159], [""콘스프"", 614, 54, 379], [""VONO"", 637, 27, 54]]"
000039,2026,05,26,2026-05-26,s1,2026.05.26T周 2 | 2M해요! 32 BU0.3,"[[""2026.05.26T周"", 504, 69, 184], [""2M해요!"", 538, 76, 117], [""2"", 521, 28, 557], [""32"", 565, 20, 459], [""BU0.3"", 578, 20, 545]]"
000040,2025,10,11,2025-10-11,s1,2025.10.110 | 10:25DEHB17 | G0OD TODAY 02,"[[""2025.10.110"", 512, 46, 251], [""10:25DEHB17"", 557, 49, 254], [""02"", 836, 116, 273], [""G0OD TODAY"", 889, 26, 280]]"
000041,2025,10,11,2025-10-11,s1,2025.10.11 10 | 10:52DMEHB25 | GOOD TODAY 22 | 제주 A2,"[[""10"", 508, 107, 635], [""2025.10.11"", 500, 34, 209], [""10:52DMEHB25"", 538, 37, 211], [""22"", 789, 117, 179], [""GOOD TODAY"", 839, 24, 196], [""제주 A2"", 912, 65, 103]]"
000042,2025,10,12,2025-10-12,s1,"Denmark | UN21 M1 | 2025, 10.12.A | amark","[[""Denmark"", 398, 38, 538], [""UN21"", 464, 27, 570], [""M1"", 467, 26, 652], [""2025, 10.12.A"", 592, 77, 279], [""amark"", 680, 109, 107]]"
000043,NONE,10,14,NONE-10-14,s1,10.131 | 2.A3M 10.14 09:45 PA Denma | 상단  | 유/한/제품 2F&B A0U1 | 영업장의 명8 전읍 1A  0 | 및재지 | 덴0크 | 130℃ | 동물복지,"[[""10.131"", 424, 59, 620], [""2.A3M"", 452, 64, 0], [""10.14 09:45 PA"", 514, 83, 224], [""Denma"", 531, 82, 591], [""유/한/제품"", 651, 50, 267], [""상단 "", 646, 43, 422], [""영업장의 명8"", 676, 47, 263], [""2F&B"", 662, 36, 449], [""A0U1"", 687, 42, 546], [""및재지"", 697, 42, 279], [""전읍"", 692, 36, 408], [""1A  0"", 710, 49, 529], [""덴0크"", 791, 119, 516], [""130℃"", 820, 24, 310], [""동물복지"", 881, 113, 494]]"
000044,2026,02,07,2026-02-07,s1,26.02.072FA 23:53 | CJ124-10,"[[""26.02.072FA"", 306, 71, 181], [""23:53"", 320, 62, 385], [""CJ124-10"", 456, 102, 230]]"
000045,2027,04,21,2027-04-21,s1,赠号155kcal包个量210（6%）40付异0g（0%），件190 | 품질 경영 및 공산품 안전 관리법에 의한 품질표시 | 2027/04/21 09S,"[[""赠号155kcal包个量210（6%）40付异0g（0%），件190"", 358, 24, 214], [""품질 경영 및 공산품 안전 관리법에 의한 품질표시"", 420, 22, 203], [""09S"", 529, 44, 430], [""2027/04/21"", 534, 43, 242]]"
000046,2025,10,10,2025-10-10,s1,소비기한 | 2025.10.10D,"[[""소비기한"", 615, 38, 116], [""2025.10.10D"", 692, 49, 228]]"
000047,2027,04,14,2027-04-14,s1,자르기 | 품목보고번호 19850499011231 식품O형 2 | 업소명 및 대상/주)순창공장전북특별자치도순83 | 2재지 순창을 순창로 30 | 원재료명/ 정제수.탈지대투/외국산에인도·미국·3 | 비아M감미료).종국.영양강화제 대.일함 | 내포장재질 | 0틸렌 | 0고객상담실 F12408 | DAE SANG | 수증한자원.까한 환경 | 2비기한 | 2027.04.14 15:55,"[[""자르기"", 34, 21, 340], [""19850499011231"", 102, 29, 129], [""식품O형 2"", 106, 38, 325], [""품목보고번호"", 111, 36, 23], [""대상/주)순창공장전북특별자치도순83"", 136, 39, 98], [""업소명 및"", 142, 33, 21], [""2재지"", 168, 31, 21], [""순창을 순창로 30"", 162, 37, 100], [""원재료명/"", 198, 29, 24], [""정제수.탈지대투/외국산에인도·미국·3"", 195, 32, 93], [""비아M감미료).종국.영양강화제"", 290, 31, 25], [""대.일함"", 286, 34, 291], [""내포장재질"", 332, 33, 25], [""0틸렌"", 350, 31, 114], [""0고객상담실"", 556, 41, 88], [""F12408"", 541, 32, 306], [""DAE SANG"", 566, 35, 347], [""수증한자원.까한 환경"", 630, 53, 37], [""2비기한"", 674, 43, 39], [""2027.04.14 15:55"", 697, 62, 141]]"
000048,2026,06,12,2026-06-12,s1,0기절병 | 1.100 | 26.06.12F111401:33GB,"[[""0기절병"", 348, 61, 498], [""1.100"", 363, 38, 169], [""26.06.12F111401:33GB"", 668, 37, 132]]"
000049,2026,03,01,2026-03-01,s1,"AeT 0 | 2브라우4 | 소비 2025, 09, 02/21 1 35 부터 | 기한 2026.03.01/A 까지","[[""AeT"", 156, 78, 0], [""0"", 166, 57, 105], [""2브라우4"", 196, 55, 0], [""2025, 09, 02/21 1 35"", 632, 34, 238], [""소비"", 643, 36, 98], [""부터"", 644, 37, 568], [""기한"", 680, 40, 98], [""2026.03.01/A"", 671, 36, 238], [""까지"", 678, 36, 562]]"
000050,2025,09,30,2025-09-30,s1,"제품명 후레쉬/미니제2/(빙수용) 200g 영양정보 200 | 식품 유형 캔0류 100g348kcal | 원재료명 농축액.사가추액.텐지능축액.2몬농축액.혼합제제 100g 12 /분 | 나트룹  대한  | 65mg3% | 탄수물 87 g 27% | 한제제3프로텐클2콜.주정.합성향료.졌산)혼합제 0류 66g 66% | 제4(천인항료.프로필글2콜주정)홍국색소,혼합제제 지방 0g 0% | 트랜스지방 09 | 포화지방 09 0% | 콜/레스테Z 0 Mg 0% | 출색소.정제수3-카로틴.착색료)비타민E} 단질 09 | 소비기한 후면표/2까지1 2025.09.30 % | 포재 | 11 달곡씨앤에/경기도파주시정문로 | 543-1() 2과 사랑의 과자 | 주)청우식품/경기도포천시영중2 (주)청우식품 | 129 객복센E1 | 080-039-8585 | WWW.CWTOOd.0k | 8801204","[[""제품명"", 38, 36, 19], [""후레쉬/미니제2/(빙수용)"", 38, 31, 128], [""영양정보"", 64, 83, 514], [""식품 유형"", 72, 42, 20], [""캔0류"", 71, 32, 125], [""200g"", 71, 30, 269], [""200"", 81, 50, 645], [""100g348kcal"", 102, 55, 621], [""원재료명"", 107, 40, 24], [""100g"", 122, 41, 522], [""농축액.사가추액.텐지능축액.2몬농축액.혼합제제"", 136, 52, 25], [""12 /분"", 137, 41, 641], ["" 대한 "", 154, 44, 612], [""나트룹"", 164, 43, 513], [""65mg3%"", 186, 47, 592], [""탄수물"", 204, 42, 510], [""87 g 27%"", 220, 38, 605], [""한제제3프로텐클2콜.주정.합성향료.졌산)혼합제"", 235, 46, 34], [""0류"", 240, 33, 521], [""66g 66%"", 253, 36, 610], [""제4(천인항료.프로필글2콜주정)홍국색소,혼합제제"", 268, 41, 39], [""지방"", 276, 32, 514], [""0g 0%"", 286, 34, 619], [""트랜스지방"", 314, 37, 524], [""09"", 320, 29, 623], [""포화지방"", 350, 35, 524], [""09"", 354, 29, 623], [""0%"", 356, 25, 668], [""출색소.정제수3-카로틴.착색료)비타민E}"", 394, 34, 54], [""콜/레스테Z"", 388, 27, 516], [""0 Mg"", 389, 32, 609], [""0%"", 389, 24, 668], [""소비기한"", 425, 32, 52], [""후면표/2까지1"", 432, 37, 128], [""단질"", 424, 34, 512], [""09"", 424, 29, 622], [""포재"", 456, 35, 49], [""2025.09.30"", 457, 60, 124], [""%"", 460, 27, 513], [""11"", 483, 36, 51], [""달곡씨앤에/경기도파주시정문로"", 496, 41, 131], [""543-1()"", 518, 37, 131], [""주)청우식품/경기도포천시영중2"", 550, 50, 130], [""2과 사랑의 과자"", 530, 32, 502], [""129"", 570, 39, 130], [""(주)청우식품"", 555, 50, 499], [""객복센E1"", 592, 35, 550], [""080-039-8585"", 619, 46, 515], [""WWW.CWTOOd.0k"", 640, 41, 515], [""8801204"", 792, 54, 485]]"
000051,2026,01,12,2026-01-12,s1,04145 | 2026.01.12 | 04145 | 2026.01.12,"[[""04145"", 169, 46, 468], [""2026.01.12"", 210, 41, 358], [""04145"", 633, 51, 445], [""2026.01.12"", 676, 44, 332]]"
000052,2025,11,19,2025-11-19,s1,1섯가지야채. | 토0토 | 시1금치 | 있0R | 갑자 | 교객지원센터 080-024-6060 | 09:00G | SNAC 2025.11.19 | 0A코!,"[[""1섯가지야채."", 180, 34, 314], [""토0토"", 296, 24, 54], [""시1금치"", 308, 21, 167], [""있0R"", 352, 38, 114], [""갑자"", 412, 32, 58], [""교객지원센터"", 508, 27, 69], [""080-024-6060"", 502, 28, 183], [""09:00G"", 554, 24, 235], [""2025.11.19"", 586, 30, 206], [""SNAC"", 598, 45, 44], [""0A코!"", 820, 32, 28]]"
000053,2025,12,20,2025-12-20,s1,자르기 | 210311A10 | 202512.20期周,"[[""자르기"", 34, 24, 339], [""210311A10"", 452, 63, 0], [""202512.20期周"", 536, 56, 95]]"
000054,2025,10,08,2025-10-08,s1,2 | 01나 콜호/떡 | 가25.10.08까지E0영자 | 16 2/400g（1124 | 0.56%豆 %外号05,"[[""2"", 104, 167, 351], [""01나 콜호/떡"", 272, 67, 257], [""가25.10.08까지E0영자"", 625, 51, 237], [""16"", 750, 82, 168], [""2/400g（1124"", 744, 66, 237], [""%外号05"", 807, 53, 321], [""0.56%豆"", 820, 49, 1]]"
000055,2026,08,04,2026-08-04,s1,제명 상초추장 | 4881320g 2004904797 |  재료2명1 | 2당 | LOV 클라스틱1 | TAG | 100gg 영양정보 20g/100225kcal | 01 49 | 소비기한 | 2026.08.04,"[[""제명 상초추장"", 176, 39, 235], [""4881320g"", 198, 33, 238], [""2004904797"", 198, 41, 408], ["" 재료2명1"", 262, 29, 240], [""2당"", 439, 26, 37], [""LOV"", 460, 55, 10], [""클라스틱1"", 456, 25, 548], [""TAG"", 489, 50, 20], [""영양정보"", 524, 25, 262], [""20g/100225kcal"", 524, 41, 432], [""100gg"", 530, 63, 20], [""49"", 558, 43, 68], [""01"", 576, 22, 35], [""소비기한"", 613, 32, 267], [""2026.08.04"", 636, 31, 320]]"
000056,2026,07,11,2026-07-11,s1,"미국 주)대투외국신.정저소금.증국)불엇 정제수보음 영양정보 100g215kcal 500 | 2130mg10761128 | 3.9g7%00.6g4% | 营址人）全全30 2 | 2래들수록진질수나에의한한상로 인심하고드셔도 됩니다.제울중의은 는대두의 일부분0로 안하2드도 됩니다 80019-919（ | 사능하고간0한곳에보관.개봉후장보관 반률및 교장소고객담및구입치. 제조21 2025.07.12 | 01399 저특은 2기법 는 보상 소비기한 2026.07.11 까지 | F,乳、F12306 |  DAESANG | 8801052438016 hitps/ww.daesang.com UP.2.0TR | 청정원 DAES AN G | 大人 고소하고 있는","[[""미국 주)대투외국신.정저소금.증국)불엇 정제수보음"", 420, 37, 76], [""영양정보"", 418, 37, 345], [""500"", 411, 26, 472], [""100g215kcal"", 428, 25, 446], [""2130mg10761128"", 446, 31, 336], [""3.9g7%00.6g4%"", 466, 27, 339], [""营址人）全全30"", 497, 46, 54], [""2래들수록진질수나에의한한상로 인심하고드셔도"", 515, 42, 58], [""2"", 505, 26, 337], [""됩니다.제울중의은 는대두의 일부분0로 안하2드도 됩니다"", 533, 44, 58], [""80019-919（"", 534, 29, 340], [""사능하고간0한곳에보관.개봉후장보관"", 548, 33, 61], [""반률및 교장소고객담및구입치."", 566, 37, 63], [""제조21"", 567, 24, 235], [""2025.07.12"", 572, 43, 309], [""저특은 2기법 는 보상"", 585, 42, 67], [""01399"", 602, 37, 67], [""소비기한"", 599, 28, 233], [""2026.07.11"", 612, 42, 308], [""까지"", 608, 24, 508], [""F,乳、F12306"", 642, 32, 284], [""8801052438016"", 673, 41, 80], ["" DAESANG"", 667, 30, 282], [""hitps/ww.daesang.com"", 690, 27, 282], [""UP.2.0TR"", 695, 20, 471], [""청정원"", 904, 57, 113], [""DAES AN G"", 898, 22, 478], [""고소하고 있는"", 940, 42, 258], [""大人"", 942, 31, 87]]"
000057,2026,06,24,2026-06-24,s1,소1국내 PoST 포2트 | POST | A2 UEUPE E 동서식품 고객상담실 | 080-023-9114 | WWw.doNgsuh.co.kr | 비2류 | OT ER | 2026.06.24 | 18:52号A | 2트 | PoST | 콘라0트,"[[""PoST"", 32, 65, 131], [""포2트"", 43, 86, 274], [""소1국내"", 42, 37, 0], [""POST"", 117, 69, 306], [""A2 UEUPE E"", 168, 47, 0], [""동서식품 고객상담실"", 150, 39, 93], [""080-023-9114"", 211, 42, 103], [""WWw.doNgsuh.co.kr"", 267, 72, 328], [""비2류"", 350, 34, 490], [""OT ER"", 410, 49, 471], [""2026.06.24"", 579, 65, 278], [""18:52号A"", 606, 79, 281], [""2트"", 685, 145, 0], [""콘라0트"", 826, 89, 298], [""PoST"", 794, 40, 335]]"
000058,2027,03,27,2027-03-27,s1,"사장하는 사과 국수를 | F21 | 그대로 답은 치교의 국수 입니다 제조원 | .0가수 숙성 제면법 | .대5 | 23U021018 1.2 소비자2 | 보관 | 20/바랍니다 | 원 안0 인부 수에 0는 | 국수를 채우명 2 2으로 총내용 | 1분 초20 세요 영양정보 100g#340 | 0류 797% 39 | 트랜스지방 포화지방 19 | （1100g） | 量1.000m5） | 4~5是4C. 조2법 대로 살아 행귀 드면 나트를 2 | 줄어들어요~ | 나트를 합량 %영 성분기2 | 조2전 | 삶은후 | 개면완성됩니다 %영T성분기준치.1영N성분기준치에대한 | 당사 식품안전센터 분석 결과 | HACCP 8801045""490472 | 2027.03.27 | F2A 09:15","[[""사장하는 사과 국수를"", 17, 38, 34], [""F21"", 45, 20, 287], [""제조원"", 69, 24, 233], [""그대로 답은 치교의 국수 입니다"", 95, 47, 15], ["".0가수 숙성 제면법"", 121, 45, 8], ["".대5"", 141, 20, 230], [""소비자2"", 153, 27, 240], [""23U021018 1.2"", 177, 36, 13], [""보관"", 196, 20, 247], [""20/바랍니다"", 218, 50, 321], [""총내용"", 257, 41, 380], [""원 안0"", 272, 29, 28], [""인부 수에 0는"", 266, 27, 104], [""2 2으로"", 283, 28, 104], [""100g#340"", 276, 45, 372], [""국수를 채우명"", 293, 38, 16], [""영양정보"", 293, 42, 235], [""1분"", 317, 43, 15], [""초20 세요"", 318, 25, 104], [""39"", 312, 22, 437], [""0류"", 340, 22, 243], [""797%"", 330, 46, 293], [""포화지방"", 338, 34, 361], [""19"", 333, 20, 436], [""트랜스지방"", 356, 26, 243], [""（1100g）"", 382, 39, 9], [""量1.000m5）"", 404, 41, 9], [""조2법 대로 살아 행귀 드면 나트를 2"", 417, 54, 237], [""4~5是4C."", 439, 27, 23], [""줄어들어요~"", 441, 26, 253], [""%영 성분기2"", 448, 28, 407], [""나트를 합량"", 460, 24, 317], [""조2전"", 485, 20, 249], [""삶은후"", 504, 21, 251], [""%영T성분기준치.1영N성분기준치에대한"", 536, 41, 247], [""개면완성됩니다"", 555, 26, 23], [""당사 식품안전센터 분석 결과"", 560, 26, 244], [""8801045\""490472"", 659, 28, 309], [""HACCP"", 692, 24, 28], [""2027.03.27"", 727, 38, 338], [""F2A 09:15"", 756, 35, 339]]"
000059,2027,06,22,2027-06-22,s1,RiNS Coked n0odes | WTh Cod VATeRr 0ViC | Or Three Times | 4.씻은면을 사리를지어그룹에 | 담아 놓은후철간 콩국을 | 부어드시면더육좋습니다 | MAk A Co iT Coked | Moodes n A bo ANd | POUr ChikAb SOY/eAN OU | T bO1 1or bEeST TAST e | 5.号0177号 | 을부어서 시파2가류 | 생강.마 진것을적 | 넣0드면 1육맛이 좋줍습니다 | Al/C Tor More de/1C1ouUS oUp 2027.06.22 | 1주의사항 국수를삶때 화력이 세면 거품/ 나서 넘쳐 | 며익히면 됩니다..면이삶아진 후에 계속오 | 래끊0면 퍼질 수있1 적당히 말랑랑해지 | 나는것과 함께 보관 하지 말아 주시가 바랍니다 | 직사광선을 피하여 건조하고 서늘한 곳에 실은 | 보관하십시오.부정.불량식품신고는국번,"[[""RiNS Coked n0odes"", 45, 54, 284], [""WTh Cod VATeRr 0ViC"", 66, 51, 285], [""Or Three Times"", 84, 35, 289], [""4.씻은면을 사리를지어그룹에"", 141, 56, 266], [""담아 놓은후철간 콩국을"", 169, 56, 290], [""부어드시면더육좋습니다"", 195, 48, 294], [""MAk A Co iT Coked"", 218, 45, 291], [""Moodes n A bo ANd"", 239, 44, 291], [""POUr ChikAb SOY/eAN OU"", 260, 46, 292], [""T bO1 1or bEeST TAST e"", 282, 42, 292], [""5.号0177号"", 328, 47, 268], [""을부어서 시파2가류"", 356, 45, 291], [""생강.마 진것을적"", 385, 44, 291], [""넣0드면 1육맛이 좋줍습니다"", 414, 40, 294], [""Al/C Tor More de/1C1ouUS oUp"", 506, 51, 133], [""2027.06.22"", 532, 75, 212], [""1주의사항"", 563, 40, 139], [""국수를삶때 화력이 세면 거품/ 나서 넘쳐"", 588, 50, 138], [""며익히면 됩니다..면이삶아진 후에 계속오"", 682, 45, 135], [""래끊0면 퍼질 수있1 적당히 말랑랑해지"", 714, 43, 137], [""나는것과 함께 보관 하지 말아 주시가 바랍니다"", 777, 47, 135], [""직사광선을 피하여 건조하고 서늘한 곳에 실은"", 809, 50, 133], [""보관하십시오.부정.불량식품신고는국번"", 842, 53, 132]]"
000060,2026,04,30,2026-04-30,s1,S재.PP로는 | 2026.04.30 川A | 안전2 0보을 위한 야속,"[[""S재.PP로는"", 128, 67, 0], [""2026.04.30 川A"", 372, 39, 267], [""안전2 0보을 위한 야속"", 397, 50, 230]]"
000061,2026,05,04,2026-05-04,s1,0 LOT TE ABC | 801062893546 | 26.05.04 | 11:32 까지 | ABC초.2 | 0LOTTE | 2.0 | 22,"[[""ABC"", 424, 63, 512], [""0 LOT TE"", 448, 36, 35], [""801062893546"", 505, 44, 225], [""26.05.04"", 575, 69, 131], [""까지"", 612, 37, 474], [""11:32"", 619, 51, 134], [""ABC초.2"", 706, 97, 416], [""2.0"", 780, 111, 406], [""0LOTTE"", 725, 60, 599], [""22"", 856, 79, 659]]"
000062,2026,05,26,2026-05-26,s1,M82 | 20 | 2EC 제대로 만  크2래N7! | 26.05.26 0:46 A 까지,"[[""M82"", 114, 131, 656], [""20"", 180, 54, 665], [""2EC"", 489, 331, 176], [""제대로 만  크2래N7!"", 554, 121, 368], [""까지"", 670, 26, 588], [""26.05.26 0:46 A"", 683, 84, 284]]"
000063,2026,06,16,2026-06-16,s1,CROU/N | 2025.06.17 부터 | 까지 것있는 약속 | 202606.16 | CROU/N | 5.06.17 부터 | 까지.00속,"[[""CROU/N"", 564, 62, 97], [""부터"", 602, 35, 554], [""2025.06.17"", 642, 90, 257], [""까지"", 650, 29, 557], [""것있는 약속"", 660, 54, 590], [""202606.16"", 717, 84, 261], [""CROU/N"", 896, 65, 119], [""부터"", 908, 36, 550], [""5.06.17"", 939, 51, 339], [""까지.00속"", 948, 21, 553]]"
000064,2026,08,03,2026-08-03,s1,큰피로 | 구론산타우 | O0 | 피로회복.자양강장 | 2번호 | 2기한? 2026.08.03.10 :45 | ※본박스는 운반용입니다,"[[""큰피로"", 124, 37, 445], [""구론산타우"", 150, 31, 426], [""O0"", 176, 25, 440], [""피로회복.자양강장"", 228, 41, 265], [""2번호"", 512, 29, 151], [""2기한?"", 548, 35, 147], [""2026.08.03.10 :45"", 555, 52, 251], [""※본박스는 운반용입니다"", 642, 31, 434]]"
000065,2026,01,12,2026-01-12,s1,핫초코마일드 | 2026.01.1204:52时 | 탈큼한 항초코에 | 등 한 우유맛 더해진 | 부드2운 할초코 | 是22%010% | 증량.300 01250 KC0/300125 000101,"[[""핫초코마일드"", 468, 49, 358], [""2026.01.1204:52时"", 526, 46, 332], [""탈큼한 항초코에"", 648, 35, 175], [""등 한 우유맛 더해진"", 672, 40, 151], [""부드2운 할초코"", 694, 34, 180], [""是22%010%"", 844, 44, 547], [""증량.300 01250 KC0/300125 000101"", 864, 53, 473]]"
000066,2026,08,17,2026-08-17,s1,1 | 커피만 들있어요 | 2026.08.1708:319AP 1피만 들어있어요 | MA..m 2026.08.1708-310 | MOChA Gold Mld MAx | MOChA Gol6 | AMER IC ANO BL ACK AMER/C ANO 8 | 커피만 들어있는 MAx | 블랙스티커피 모카골드 0 | 0 STIC KS 20 커피 1 | STU C K S ：18g | 20 ST CK S,"[[""1"", 268, 71, 1], [""커피만 들있어요"", 325, 40, 191], [""2026.08.1708:319AP"", 385, 45, 243], [""1피만 들어있어요"", 413, 30, 559], [""MA..m"", 461, 94, 234], [""2026.08.1708-310"", 456, 35, 586], [""MAx"", 515, 66, 588], [""MOChA Gold Mld"", 519, 38, 260], [""AMER IC ANO BL ACK"", 558, 32, 278], [""MOChA Gol6"", 559, 29, 609], [""AMER/C ANO 8"", 589, 27, 625], [""커피만 들어있는"", 711, 58, 163], [""MAx"", 729, 82, 564], [""블랙스티커피"", 751, 52, 161], [""모카골드 0"", 785, 49, 564], [""0"", 832, 53, 1], [""20"", 857, 75, 562], [""STIC KS"", 850, 33, 32], [""커피 1"", 876, 36, 657], [""20"", 912, 53, 147], [""STU C K S"", 901, 24, 579], [""：18g"", 906, 35, 655], [""ST CK S"", 928, 22, 202]]"
000067,2025,12,19,2025-12-19,s1,자매품 |  다리 | $950g | 2025.12.19万,"[[""자매품"", 112, 45, 522], ["" 다리"", 171, 60, 514], [""$950g"", 364, 49, 304], [""2025.12.19万"", 419, 40, 241]]"
000068,2026,06,17,2026-06-17,s1,자매품 | 8 | 슷다리 | 01 2026.06.17川 #3.50g | 子,"[[""자매품"", 254, 38, 602], [""8"", 283, 24, 697], [""슷다리"", 322, 53, 592], [""01"", 510, 142, 21], [""#3.50g"", 461, 46, 286], [""2026.06.17川"", 517, 43, 224], [""子"", 725, 479, 0]]"
000069,2026,06,24,2026-06-24,s1,2026.06.24,"[[""2026.06.24"", 482, 53, 228]]"
000070,2026,10,08,2026-10-08,s1,높은 | G00D TODAY | 가있는 | 피스E치/2 | PisT Chi | 2026.10.08 | 고소한  80 | 바4/한 | 100% (1.650kcal),"[[""높은"", 36, 73, 158], [""G00D TODAY"", 88, 31, 158], [""가있는"", 225, 54, 0], [""피스E치/2"", 314, 103, 5], [""PisT Chi"", 383, 45, 0], [""2026.10.08"", 640, 46, 265], [""고소한  80"", 689, 100, 415], [""바4/한"", 752, 127, 403], [""(1.650kcal)"", 896, 69, 37], [""100%"", 898, 43, 12]]"
000071,2027,07,20,2027-07-20,s1,은은한 |0와 향긋한 | 마카CON0 | Macadamia | 1/0 | 2025.07.21 | 全2027.07.20办 호주산0 | 200g | 0실은보만 | 02,"[[""은은한 |0와 향긋한"", 179, 74, 69], [""마카CON0"", 280, 151, 74], [""Macadamia"", 379, 40, 84], [""1/0"", 574, 39, 593], [""2025.07.21"", 605, 52, 206], [""全2027.07.20办"", 638, 52, 205], [""호주산0"", 666, 58, 551], [""200g"", 774, 96, 140], [""0실은보만"", 812, 41, 270], [""02"", 912, 66, 532]]"
000072,2026,04,25,2026-04-25,s1,허니머스타드 | 유형  200104505534 | 포장사질 용가리어틸내면)누껑 폴리어틸런 | 완28/정제수.물성지외국아르헨티나.미국.중국 등.설러드머스드 | 나다.미국.우크라이나 등미유 건조 2지식이섬은잔단검겨자분겨자외국산(개 영양[보 100g285kcal | 三650mg33%E站号27g 8% | 8주식회사 오뛰기 22g22%19g35% | 128 | g4.631% | 혼입가능 소비자기본법에 따라 피해 보상 15mg5%1g2% | 11399 200 | 광선을 때해 서튼한 데에 보관.개봉 후에는1 개인의 요 열 따라 다를 수 있습니다 | 20MOC 보관하시고 엌지 않도록 주의하 | H2034 | 2013-0 | ：080-231 ：801045176338 | 블0스/ 소비기한 DN2 | OT ER 2026.04.25 까지 | 부1.LDPE | 20.PP 09:24,"[[""허니머스타드"", 200, 35, 269], [""200104505534"", 240, 36, 286], [""유형 "", 246, 34, 199], [""포장사질 용가리어틸내면)누껑 폴리어틸런"", 272, 45, 185], [""완28/정제수.물성지외국아르헨티나.미국.중국 등.설러드머스드"", 304, 50, 146], [""2지식이섬은잔단검겨자분겨자외국산(개"", 394, 32, 118], [""영양[보"", 418, 65, 336], [""나다.미국.우크라이나 등미유 건조"", 422, 31, 116], [""100g285kcal"", 427, 37, 490], [""三650mg33%E站号27g 8%"", 462, 35, 344], [""8주식회사 오뛰기"", 484, 33, 118], [""128"", 512, 41, 116], [""22g22%19g35%"", 497, 36, 347], [""g4.631%"", 532, 37, 348], [""혼입가능 소비자기본법에 따라 피해 보상"", 563, 38, 113], [""15mg5%1g2%"", 566, 40, 348], [""11399"", 588, 45, 111], [""광선을 때해 서튼한 데에 보관.개봉 후에는1"", 613, 42, 114], [""200"", 602, 37, 355], [""20MOC 보관하시고 엌지 않도록 주의하"", 638, 45, 115], [""개인의 요 열 따라 다를 수 있습니다"", 624, 35, 356], [""H2034"", 663, 54, 113], [""2013-0"", 687, 58, 112], [""：080-231"", 718, 67, 112], [""：801045176338"", 724, 39, 400], [""소비기한"", 756, 39, 227], [""DN2"", 756, 43, 493], [""블0스/"", 773, 22, 166], [""2026.04.25"", 798, 42, 250], [""OT ER"", 810, 41, 149], [""까지"", 815, 40, 495], [""부1.LDPE"", 826, 34, 151], [""20.PP"", 841, 33, 157], [""09:24"", 842, 40, 311]]"
000073,2026,03,12,2026-03-12,s1,话199104450778427 | 180570  1 | CC 안전관0인증 | 2비자중 H ACCP 플라스 | 공정기래위원회 식문의약/안전1 있. | OT ER | 2지원실/주신자부담) 080-872-8888 잡P/2드.0NR/링크 | 혼/ | 2026.03.12/A | 식물성유2 | 액/11/계]발효 18g8 | 정세소금.조제4자를2 2/2 | 1제설 26 S20V | 1250 | 人 | 사양벨//국신,"[[""话199104450778427"", 58, 41, 210], ["" 1"", 206, 99, 607], [""180570"", 190, 61, 163], [""안전관0인증"", 258, 30, 256], [""CC"", 268, 29, 179], [""2비자중"", 296, 35, 150], [""H ACCP"", 286, 31, 257], [""플라스"", 298, 33, 437], [""있."", 330, 68, 600], [""공정기래위원회"", 334, 21, 159], [""식문의약/안전1"", 334, 23, 261], [""OT ER"", 362, 39, 414], [""2지원실/주신자부담)"", 386, 37, 134], [""080-872-8888"", 389, 36, 236], [""잡P/2드.0NR/링크"", 398, 39, 381], [""혼/"", 454, 47, 588], [""2026.03.12/A"", 502, 69, 200], [""식물성유2"", 616, 43, 252], [""액/11/계]발효"", 656, 71, 168], [""18g8"", 654, 51, 563], [""정세소금.조제4자를2"", 700, 65, 197], [""2/2"", 687, 80, 550], [""1제설"", 782, 38, 290], [""26"", 780, 20, 349], [""S20V"", 770, 79, 547], [""1250"", 814, 64, 544], [""人"", 848, 87, 547], [""사양벨//국신"", 936, 38, 370]]"
000074,2026,08,28,2026-08-28,s1,제품1 백설히니머스타드 소 | 내용량 250g | 품의 유형 2(1제품 | 소비기한 후면 별도 표시2까지 HEINEY | 실은보관/개봉후장보관 | 유1전문면매원.1제제 | 2제당(주)충청북도 진천군 광 | 업소명및 112 | 2소재지 제조원:(주)동방푸드마스타 | CAC105 | 번길70 | 2026.08.28/C | 까지 | 2/제/유화,"[[""제품1"", 206, 31, 228], [""백설히니머스타드 소"", 200, 31, 282], [""내용량"", 237, 28, 228], [""250g"", 234, 34, 280], [""품의 유형"", 268, 32, 217], [""2(1제품"", 268, 33, 279], [""HEINEY"", 287, 26, 607], [""소비기한"", 301, 26, 218], [""후면 별도 표시2까지"", 300, 29, 279], [""실은보관/개봉후장보관"", 334, 33, 279], [""유1전문면매원.1제제"", 366, 31, 290], [""2제당(주)충청북도 진천군 광"", 394, 29, 278], [""업소명및"", 416, 37, 207], [""112"", 423, 34, 274], [""2소재지"", 448, 29, 217], [""제조원:(주)동방푸드마스타"", 450, 34, 275], [""CAC105"", 478, 35, 275], [""번길70"", 505, 38, 271], [""2026.08.28/C"", 596, 68, 224], [""까지"", 652, 42, 432], [""2/제/유화"", 945, 32, 388]]"
000075,2026,01,06,2026-01-06,s1,사성분 혼가능 | 1399 | 영양정보 320g F24 | 000 100g385kcal | L三暑700mg35% 26g8% | 异 22g22 % 31g57% | 트랜스지방 09 4.429% | 量10mg3% 192% | DAESA | 2026.01.06 | 11:18,"[[""사성분 혼가능"", 156, 73, 91], [""1399"", 180, 95, 91], [""320g"", 228, 39, 372], [""F24"", 234, 32, 578], [""영양정보"", 258, 58, 89], [""100g385kcal"", 268, 47, 325], [""000"", 282, 35, 96], [""L三暑700mg35%"", 326, 42, 96], [""26g8%"", 316, 44, 311], [""异 22g22 %"", 366, 42, 95], [""31g57%"", 360, 49, 310], [""트랜스지방 09"", 405, 44, 99], [""4.429%"", 399, 51, 265], [""量10mg3%"", 441, 50, 97], [""192%"", 436, 53, 351], [""DAESA"", 476, 27, 594], [""2026.01.06"", 623, 70, 293], [""11:18"", 678, 58, 346]]"
000076,2026,08,17,2026-08-17,s1,제품명 백설돈까스소스 | L格255g | 식품의 유소스(1제품) | 소비기한 1면 별도 표시일까지 | 보관방법 실은보관/개봉후1장보관 | 유1전문판대원.세제 | 2제당(주)충청북도 진천군광 | 업/명0 112 | 소재지 제조원:(주동방드0스타 반풍및2 | 号记CHACH宝105 | 번길70 | 영정 | 2026.08.17/D 나E 1 | 까지,"[[""제품명"", 128, 35, 205], [""백설돈까스소스"", 119, 44, 252], [""L格255g"", 158, 50, 202], [""식품의 유소스(1제품)"", 191, 44, 196], [""소비기한"", 227, 32, 198], [""1면 별도 표시일까지"", 222, 36, 250], [""보관방법"", 260, 32, 197], [""실은보관/개봉후1장보관"", 254, 37, 252], [""유1전문판대원.세제"", 289, 38, 269], [""2제당(주)충청북도 진천군광"", 318, 34, 257], [""업/명0"", 341, 20, 194], [""112"", 348, 35, 251], [""소재지"", 376, 29, 200], [""제조원:(주동방드0스타"", 376, 37, 252], [""반풍및2"", 380, 36, 529], [""号记CHACH宝105"", 404, 35, 253], [""번길70"", 433, 32, 253], [""영정"", 470, 56, 523], [""2026.08.17/D"", 530, 63, 212], [""나E 1"", 528, 24, 534], [""까지"", 584, 39, 418]]"
000077,2026,03,07,2026-03-07,s1,INdia | 0.28%98 | 2026.03.07,"[[""INdia"", 492, 60, 0], [""0.28%98"", 579, 48, 415], [""2026.03.07"", 678, 62, 174]]"
000078,2025,06,19,2025-06-19,s1,"옥수수전분/,2 국산)변성전분/.과.채가공품/0 1토0토.정제소금.구연산 | 대두.1.토0토함유 | 300g 인전관2인증 | 100g270kcal HACCP | OT1 | mg27%59g18%18g18% | 5g2%1g2% | 8809781220032 | 2025.0619刘","[[""1토0토.정제소금.구연산"", 34, 68, 453], [""옥수수전분/,2"", 24, 48, 0], [""국산)변성전분/.과.채가공품/0"", 43, 81, 0], [""대두.1.토0토함유"", 116, 53, 510], [""300g"", 314, 40, 309], [""인전관2인증"", 321, 26, 616], [""100g270kcal"", 348, 37, 278], [""HACCP"", 342, 30, 614], [""OT1"", 388, 25, 692], [""mg27%59g18%18g18%"", 404, 49, 0], [""5g2%1g2%"", 502, 43, 0], [""8809781220032"", 544, 47, 544], [""2025.0619刘"", 683, 47, 209]]"
000079,2026,01,31,2026-01-31,s1,머들러로 사용 | 뱅쇼(프랑스따듯한 와인) | ·소비기한 | 2026.01.31 까지,"[[""머들러로 사용"", 132, 55, 105], [""뱅쇼(프랑스따듯한 와인)"", 266, 50, 112], [""·소비기한"", 534, 34, 119], [""2026.01.31"", 568, 45, 200], [""까지"", 578, 26, 523]]"
000080,2026,09,16,2026-09-16,det5,"3,990 | 125 | 프로필렌 802259/020431 | 혼합분유 | 가나산.에 0 롯 데웰푸드 | 2:0국산) | 전분).전7 | (소금 1,산도 25.09.17 부E | 지방산에스 26.09.16 까지","[[""3,990"", 123, 96, 478], [""125"", 284, 51, 0], [""프로필렌"", 453, 52, 0], [""802259/020431"", 443, 55, 216], [""혼합분유"", 501, 58, 0], [""가나산.에"", 544, 55, 0], [""0"", 549, 40, 237], [""롯 데웰푸드"", 550, 71, 316], [""2:0국산)"", 584, 56, 0], [""전분).전7"", 666, 62, 0], [""25.09.17"", 688, 75, 227], [""부E"", 690, 53, 544], [""(소금"", 704, 35, 3], [""1,산도"", 701, 44, 62], [""까지"", 728, 49, 543], [""지방산에스"", 742, 53, 0], [""26.09.16"", 736, 61, 234]]"
000081,2026,05,18,2026-05-18,s1,소비기한 | 부터 | 2025.05.19/10:27 | 1크란? 2026.05.18 1지 | 고안전하다고 | 하는 0마크입니다,"[[""소비기한"", 468, 54, 155], [""부터"", 520, 51, 563], [""2025.05.19/10:27"", 561, 42, 215], [""1크란?"", 620, 49, 0], [""2026.05.18"", 608, 40, 216], [""1지"", 616, 48, 562], [""고안전하다고"", 662, 26, 0], [""하는 0마크입니다"", 690, 32, 0]]"
000082,2026,08,24,2026-08-24,s1,엄0손 | 101 | 기운내 | 21 1져 | Fr0M. | 2025.08.25导E3 | 2026.08.24/A,"[[""엄0손"", 66, 77, 91], [""101"", 110, 55, 147], [""기운내"", 381, 94, 14], [""1져"", 500, 214, 80], [""21"", 530, 97, 24], [""Fr0M."", 610, 55, 39], [""2025.08.25导E3"", 678, 65, 174], [""2026.08.24/A"", 739, 58, 175]]"
000083,2026,07,01,2026-07-01,s1,행1사상품 | 상큼달큼 데1 | 롯샌 | 파1애ㅐ플 | 26.07.01向 | 17106 까지,"[[""행1사상품"", 230, 60, 223], [""상큼달큼 데1"", 404, 50, 215], [""롯샌"", 486, 172, 172], [""파1애ㅐ플"", 570, 37, 253], [""26.07.01向"", 640, 52, 168], [""까지"", 672, 28, 489], [""17106"", 690, 45, 175]]"
000084,2026,03,31,2026-03-31,s1,JLOT TE | 대한민국 N0.1 | 1989 | 소비 2025.10.01/12.47 부터 | 기한 2026.03.31/A 까지 | 1사랑/입니다,"[[""JLOT TE"", 25, 42, 63], [""대한민국 N0.1"", 101, 92, 224], [""1989"", 280, 64, 273], [""소비"", 564, 47, 41], [""2025.10.01/12.47"", 567, 44, 216], [""부터"", 562, 51, 624], [""기한"", 619, 52, 44], [""2026.03.31/A"", 620, 53, 217], [""까지"", 616, 49, 621], [""1사랑/입니다"", 749, 50, 3]]"
000085,2026,03,30,2026-03-30,s1,20mg1% 全量40912% 5201 | 080-024-6060 | (수신자 요금 부담) | OTTp//www.loTTewel1food.co/2 | 2026.03.30 81 88010,"[[""20mg1%"", 212, 51, 139], [""全量40912%"", 235, 89, 437], [""5201"", 228, 79, 553], [""080-024-6060"", 385, 46, 170], [""(수신자 요금 부담)"", 424, 31, 277], [""OTTp//www.loTTewel1food.co/2"", 454, 33, 245], [""2026.03.30 81"", 550, 71, 209], [""88010"", 575, 75, 520]]"
000086,2026,03,14,2026-03-14,s1,2제수.엔 | 25.09.15 18:25 부터 | 26.03.14 A 까지,"[[""2제수.엔"", 506, 51, 0], [""부터"", 596, 48, 635], [""25.09.15 18:25"", 600, 59, 214], [""26.03.14 A"", 656, 56, 212], [""까지"", 655, 48, 634]]"
000087,2026,08,10,2026-08-10,s1,"4,120 | 4,330 | 2025.08.11 부터 e | 까지 | 2026.08.102 것있는 약속","[[""4,120"", 188, 47, 79], [""4,330"", 288, 55, 583], [""e"", 527, 186, 524], [""2025.08.11"", 549, 54, 106], [""부터"", 569, 44, 471], [""까지"", 640, 41, 469], [""2026.08.102"", 661, 50, 109], [""것있는 약속"", 672, 43, 555]]"
000088,2026,09,03,2026-09-03,s1,소비 25.09.04 00:34 부8 | 기한 26.09.03 1지,"[[""부8"", 498, 49, 602], [""소비"", 510, 49, 27], [""25.09.04 00:34"", 518, 52, 183], [""26.09.03"", 568, 49, 183], [""1지"", 570, 47, 598], [""기한"", 588, 54, 31]]"
000089,2026,09,11,2026-09-11,s1,01103 | 26.09.11 | 15024 | 26.07.11 | 2026.09.11 | 010 B | 0,"[[""01103"", 176, 35, 280], [""26.09.11"", 211, 36, 272], [""15024"", 260, 22, 498], [""26.07.11"", 280, 23, 490], [""2026.09.11"", 480, 33, 223], [""010 B"", 511, 30, 261], [""0"", 622, 24, 626]]"
000090,2026,09,01,2026-09-01,erode5,MAX | OPEN1 | 2026.09.01 225 | 21:05 A,"[[""OPEN1"", 456, 41, 254], [""21:05"", 565, 52, 195], [""A"", 553, 34, 399], [""MAX"", 85, 162, 433], [""2026.09.01 225"", 505, 116, 161]]"
000091,2027,05,22,2027-05-22,s1,스테비0 | 제주레몬차 | 09 | 레E | 2E L5 | 초코 | 2027.05.22 10:352 | 2부2,"[[""스테비0"", 25, 48, 389], [""제주레몬차"", 50, 72, 362], [""09"", 104, 51, 0], [""레E"", 430, 141, 237], [""2E"", 564, 79, 275], [""L5"", 572, 27, 583], [""초코"", 614, 29, 331], [""2027.05.22 10:352"", 704, 59, 71], [""2부2"", 904, 49, 581]]"
000092,2026,12,05,2026-12-05,s1,2내내 | 23 | 21E | 2UE L2 | 2026.12.05 1006F,"[[""2내내"", 26, 59, 183], [""23"", 64, 29, 194], [""21E"", 408, 130, 256], [""2UE"", 528, 77, 292], [""L2"", 538, 37, 571], [""2026.12.05 1006F"", 665, 68, 114]]"
000093,2026,04,23,2026-04-23,s1,2026.04.23 | TRE1,"[[""2026.04.23"", 364, 54, 230], [""TRE1"", 824, 101, 526]]"
000094,2027,06,30,2027-06-30,s1,19:30G1 | 2027. 06. 30 | 2022.06.30,"[[""19:30G1"", 396, 54, 260], [""2027. 06. 30"", 439, 58, 245], [""2022.06.30"", 529, 64, 261]]"
000095,2026,07,29,2026-07-29,s1,Okcala | P5 26.07.29 | SUG AR/ 2026.0729,"[[""P5 26.07.29"", 437, 70, 195], [""Okcala"", 436, 51, 44], [""2026.0729"", 544, 68, 276], [""SUG AR/"", 600, 111, 0]]"
000096,2026,05,26,2026-05-26,s1,P0S | 2026.05.26 | 1210,"[[""P0S"", 42, 39, 21], [""2026.05.26"", 456, 49, 236], [""1210"", 748, 97, 576]]"
000097,2025,11,19,2025-11-19,s1,E국산OEM | （100%） | 제2제8 | 쁘띠첼 | 연출 peTiT 2e/ | 플라 스틱 요거젤2 밀감 | 기:OTHER | MANd A  | 쁘떠첼 요거젤2 밀감 | 210g(221kcal) | 일감 15% 2025.11.19 | 나타 코 15 % | 210g | 열량 나트룹 탄수화2  E랜스지방/포화지방/콜레스테/ | 2214% 11%3 35%17% 09 47 % | kcal75mg35g35g9g | 0c | 2식물유협다류·장재장/내인)용기/2,"[[""E국산OEM"", 186, 69, 74], [""（100%）"", 213, 70, 105], [""제2제8"", 382, 35, 101], [""쁘띠첼"", 483, 65, 294], [""연출"", 500, 31, 4], [""peTiT 2e/"", 544, 87, 216], [""플라 스틱"", 558, 24, 3], [""기:OTHER"", 590, 24, 0], [""요거젤2 밀감"", 603, 53, 269], [""쁘떠첼 요거젤2 밀감"", 636, 46, 0], [""MANd A "", 643, 50, 294], [""210g(221kcal)"", 658, 41, 0], [""일감 15%"", 675, 34, 0], [""나타 코 15 %"", 698, 36, 0], [""2025.11.19"", 714, 49, 173], [""210g"", 721, 40, 5], [""열량 나트룹 탄수화2 "", 749, 44, 18], [""2214%"", 765, 32, 21], [""kcal75mg35g35g9g"", 792, 55, 16], [""11%3"", 776, 30, 116], [""35%17%"", 784, 34, 165], [""E랜스지방/포화지방/콜레스테/"", 778, 39, 263], [""0c"", 818, 64, 15], [""09"", 803, 28, 278], [""47 %"", 799, 26, 338], [""2식물유협다류·장재장/내인)용기/2"", 838, 53, 62]]"
000098,2026,03,11,2026-03-11,s1,PeTiT 2e/ 요거질리 블루베2 | 2026.01.10 | 2품  | 제2제 U2 | 배띠철 | Ad peTiT 2e1 | 1 | 요거젤2화 트코코 | UhUT ec oC  | 210g(216keal) | 4R30% 2026.03.11 | 8210g | Cra 70mg36g36g8g 4%11%36%15% 09 40% 0% 0%,"[[""PeTiT 2e/"", 130, 167, 0], [""요거질리 블루베2"", 140, 126, 20], [""2026.01.10"", 192, 107, 77], [""제2제"", 389, 24, 168], [""2품 "", 373, 56, 237], [""U2"", 414, 27, 322], [""Ad"", 452, 47, 0], [""배띠철"", 454, 44, 289], [""1"", 486, 22, 0], [""peTiT 2e1"", 502, 68, 233], [""요거젤2화 트코코"", 550, 47, 246], [""UhUT ec oC "", 582, 40, 291], [""210g(216keal)"", 609, 39, 77], [""4R30%"", 626, 30, 76], [""8210g"", 652, 36, 72], [""2026.03.11"", 656, 49, 279], [""4%11%36%15%"", 708, 53, 110], [""Cra 70mg36g36g8g"", 724, 57, 78], [""09"", 734, 27, 269], [""40%"", 734, 32, 325], [""0%"", 740, 32, 375], [""0%"", 749, 26, 430]]"
000099,2026,03,07,2026-03-07,s1,22 | 제2제 | M띠첼 | 연출 peTiT 2e1 | 과일젤리 밀감 02 | 용기.OTHER | .OT HER MANd AN | 쁘띠첼 젤리 밀감 | 210 g(140 kcal) | 일감 20% | 0.97500 2026.03.07 | 210gg | 열량 나룹 탄수화물 0류 지방트스지/포화지방/콜레스테Z 단질1 | KCA 140 12% 11 % 32 % 09 0% 0% 0% OC 2i | 40 Mg 35g 09 00g,"[[""제2제"", 269, 38, 139], [""22"", 296, 22, 634], [""M띠첼"", 375, 70, 311], [""연출"", 379, 36, 37], [""peTiT 2e1"", 441, 104, 231], [""용기.OTHER"", 472, 30, 12], ["".OT HER"", 486, 29, 12], [""과일젤리 밀감"", 504, 71, 278], [""쁘띠첼 젤리 밀감"", 522, 54, 13], [""210 g(140 kcal)"", 548, 49, 11], [""MANd AN"", 548, 63, 303], [""02"", 548, 26, 689], [""일감 20%"", 566, 35, 9], [""0.97500"", 607, 67, 5], [""210gg"", 620, 51, 7], [""2026.03.07"", 648, 71, 282], [""열량 나룹 탄수화물"", 658, 63, 16], [""140"", 670, 23, 24], [""12%"", 676, 37, 38], [""0류"", 675, 30, 173], [""KCA"", 689, 20, 22], [""11 %"", 690, 34, 114], [""지방트스지/포화지방/콜레스테Z"", 707, 74, 225], [""40 Mg"", 700, 36, 51], [""32 %"", 700, 33, 166], [""35g"", 711, 30, 111], [""09"", 733, 29, 219], [""09"", 736, 31, 281], [""0%"", 737, 34, 346], [""단질1"", 736, 35, 477], [""0%"", 750, 32, 413], [""0%"", 762, 39, 477], [""00g"", 772, 33, 404], [""OC 2i"", 786, 62, 555]]"
000100,2026,02,11,2026-02-11,s1,J0 1 | ROUUN5 | 日早人100%） | A508 BeST befor8 | 소비기한 2026.02.11（A) | 2유 07:53:58 | 村是100大 | 1300-1908 슈퍼너즈 | 352-026 유2 | S0- 460g 0인하세요/ CO | 6/,"[[""J0 1"", 403, 43, 198], [""ROUUN5"", 438, 60, 189], [""日早人100%）"", 586, 81, 59], [""A508"", 613, 56, 92], [""BeST befor8"", 627, 36, 237], [""소비기한"", 646, 35, 238], [""2026.02.11（A)"", 680, 78, 214], [""2유"", 735, 36, 156], [""07:53:58"", 734, 49, 261], [""村是100大"", 756, 63, 112], [""1300-1908"", 780, 59, 128], [""352-026"", 809, 44, 153], [""유2"", 808, 23, 234], [""슈퍼너즈"", 810, 35, 405], [""S0-"", 846, 59, 213], [""460g"", 847, 41, 299], [""CO"", 842, 32, 404], [""0인하세요/"", 858, 28, 405], [""6/"", 878, 31, 179]]"
000101,2026,04,08,2026-04-08,s1,08 02/ R2 | 2. 34 2. | 2026.04.08 K1B1 22:41 12961 | 82 | 육정 한국인의1및 | J-0 | 면 | 스2,"[[""02/"", 52, 108, 127], [""R2"", 71, 42, 517], [""08"", 79, 20, 67], [""2."", 277, 227, 5], [""34"", 266, 44, 145], [""2."", 310, 109, 388], [""2026.04.08"", 505, 26, 49], [""K1B1 22:41"", 502, 32, 321], [""12961"", 500, 31, 513], [""82"", 536, 32, 410], [""육정"", 604, 145, 281], [""한국인의1및"", 582, 47, 467], [""J-0"", 670, 65, 419], [""면"", 724, 109, 42], [""스2"", 804, 28, 657]]"
000102,2025,11,13,2025-11-13,s1,221021 | 2 2025.11.13 | 05:46,"[[""221021"", 192, 37, 175], [""2"", 465, 54, 190], [""2025.11.13"", 452, 41, 259], [""05:46"", 487, 38, 365]]"
000103,2025,12,18,2025-12-18,s1,HESEBUTTERBREXD | 6개입 | E8P.2025/12/18 | BA/ed | 2BR E AD | 맛엇케 | 치즈버터브레/드 | 6,"[[""HESEBUTTERBREXD"", 22, 33, 170], [""6개입"", 66, 48, 202], [""E8P.2025/12/18"", 471, 32, 202], [""BA/ed"", 572, 85, 278], [""2BR E AD"", 616, 35, 280], [""맛엇케"", 645, 65, 640], [""치즈버터브레/드"", 871, 32, 240], [""6"", 922, 25, 301]]"
000104,2026,04,01,2026-04-01,s1,S W E E T | 2026. 04. 01 | BrANd | MILK ST IC KS,"[[""S W E E T"", 518, 39, 171], [""2026. 04. 01"", 618, 31, 259], [""BrANd"", 658, 31, 7], [""MILK ST IC KS"", 748, 44, 1]]"
000105,2025,11,09,2025-11-09,s1,2025.11.09不 | 김F1단무지.F2 | MB AV SEY | (5인분) 440g | 냉장보관,"[[""2025.11.09不"", 190, 38, 235], [""김F1단무지.F2"", 218, 41, 235], [""MB AV SEY"", 422, 319, 0], [""440g"", 690, 75, 65], [""(5인분)"", 706, 29, 0], [""냉장보관"", 722, 23, 221]]"
000106,2020,02,02,2020-02-02,fail,NO NO BrANG NO BrANd NO BrANd NO BrAN6 BrANd | 2.5B0 브랜드가 OU 2 AN자다 브랜드가 OUU2 AN자다 AM 자C | NO BrANd NO BrANd | 风 PAiN 20n 2AN 2AiN 450g 2AiN 스마트컨슈0 20마 00bQ 21 AMT/C | 22 28 21 스마트 컨슈머가 되는 길 21 스마트 컨슈머가 되는 길 | 2-1A.호/ Y0G U AT /0G UAT VOG UAT Y0G U AT /0GUA1 Je0 UY 0 0   0 26 OST H02 YOGUAT Q1 브랜드7 NO BrANd | Je2 JO02 0 J8 2/g 2UG 29 20g Sugas PAN 2AiN | 00BNG #00面 0거1 0기5 1요거5 #2715 2/2 20g lo# OAOT 03 A   | 스마트컨슈0 스마트컨슈0 A마트컨슈0 10:20 18:2013:5 10:2013:5 10:20 13:4 0.20 135弄 135 2 N6 23무첨가 02문첨가 2문첨가 | 450gl 450g 450g 450g 0미지1 风 2A1 0 LHN90/ 01 6774 707.74% 01741 707.740 VOG UAT GU1 | 2.580 2.580 2.580 2.580 UUP/ | 0AV UUU1CSA | PU2.8 ON ga nigas | #요거G | 10마 2//1 | 1A마트컨슈0 0마트컨슈1 8：20130 9/무첨가 2Y항무첨가 | 0 2바1 2 1 | 450g 450g 0.7 01740 40 | 风 风 | 2.580 2.580 | A2,"[[""NO BrANd"", 46, 59, 190], [""브랜드가 OUU2 AN자다"", 74, 51, 196], [""2AiN"", 191, 68, 234], [""Y0G U AT"", 312, 260, 26], [""20g"", 426, 143, 415], [""1요거5"", 502, 25, 482], [""2문첨가"", 538, 38, 484], [""#00面"", 560, 31, 177], [""10:2013:5"", 568, 68, 273], [""스마트컨슈0"", 582, 34, 160], [""707.740"", 606, 62, 497], [""450gl"", 636, 28, 129], [""0미지1"", 658, 40, 168], [""2.580"", 778, 27, 72], [""BrANd"", 41, 52, 256], [""NO"", 54, 43, 190], [""AM 자C"", 64, 20, 317], [""PAiN"", 190, 78, 211], [""Y0G U AT"", 313, 302, 23], [""29"", 424, 168, 398], [""0기5"", 500, 27, 479], [""23무첨가"", 537, 33, 484], [""135"", 562, 58, 369], [""10:20"", 576, 63, 267], [""스마트컨슈0"", 581, 34, 159], [""01"", 610, 11, 473], [""707.74%"", 606, 63, 491], [""450g"", 636, 31, 128], [""2A1"", 624, 19, 235], [""风"", 659, 42, 162], [""2.580"", 778, 24, 75], [""YOGUAT"", 333, 643, 499], [""2.5B0"", 132, 106, 168], [""450g"", 164, 74, 308], [""风"", 218, 106, 285], [""스마트컨슈0"", 201, 76, 362], [""20마"", 204, 52, 385], [""브랜드7"", 228, 58, 863], [""NO BrANd"", 284, 186, 880], [""22"", 249, 38, 327], [""Q1"", 342, 117, 735], [""20g"", 521, 171, 487], [""0거1"", 505, 36, 447], [""00bQ"", 190, 191, 375], [""21"", 198, 8, 514], [""28"", 218, 25, 497], [""H02"", 240, 26, 575], [""03"", 474, 27, 617], [""OAOT"", 517, 78, 568], [""A  "", 514, 81, 640], [""lo#"", 512, 59, 547], [""UY 0"", 300, 39, 451], [""26 OST"", 324, 31, 518], [""Je0"", 336, 19, 457], [""2-1A.호/"", 380, 67, 151], [""0   0"", 378, 36, 476], [""J8"", 459, 27, 191], [""00BNG"", 534, 116, 84], [""LHN90/"", 648, 250, 90], [""UUP/"", 767, 74, 303], [""0AV UUU1CSA"", 886, 49, 338], [""PU2.8 ON"", 914, 59, 341], [""NO BrANd"", 46, 58, 190], [""브랜드가 OU 2 AN자다"", 74, 51, 196], [""2AN"", 192, 67, 225], [""/0GUA1"", 304, 228, 68], [""Sugas"", 424, 127, 419], [""0"", 459, 8, 188], [""#2715"", 502, 25, 484], [""2/2"", 520, 33, 483], [""2 N6"", 570, 63, 475], [""02문첨가"", 539, 42, 483], [""18:2013:5"", 569, 65, 272], [""A마트컨슈0"", 582, 32, 163], [""6774"", 606, 65, 494], [""450g"", 636, 24, 130], [""2.580"", 780, 27, 69], [""NO BrANd"", 92, 115, 386], [""21 스마트 컨슈머가 되는 길"", 207, 82, 443], [""2AiN"", 383, 148, 476], [""GU1"", 590, 351, 430], [""0"", 646, 229, 279], [""nigas"", 854, 184, 858], [""#요거G"", 1002, 43, 970], [""2//1"", 1036, 37, 986], [""2Y항무첨가"", 1075, 58, 975], [""10마"", 1122, 53, 356], [""8：20130"", 1141, 107, 557], [""2바1"", 1150, 90, 968], [""0마트컨슈1"", 1165, 60, 321], [""01740"", 1208, 113, 1033], [""450g"", 1270, 53, 260], [""风"", 1320, 73, 332], [""2.580"", 1556, 49, 140], [""A2"", 1534, 13, 846], [""NO BrANd"", 92, 116, 383], [""AMT/C"", 130, 37, 630], [""21 스마트 컨슈머가 되는 길"", 209, 78, 434], [""PAN"", 383, 136, 439], [""VOG UAT"", 614, 562, 24], [""ga"", 854, 181, 868], [""9/무첨가"", 1076, 60, 974], [""2 1"", 1151, 78, 974], [""1A마트컨슈0"", 1165, 62, 318], [""0"", 1178, 11, 957], [""40"", 1196, 85, 1135], [""0.7"", 1219, 96, 1043], [""450g"", 1272, 53, 259], [""风"", 1320, 70, 336], [""2.580"", 1555, 46, 146], [""NO BrAN6"", 46, 53, 199], [""20n"", 192, 74, 223], [""2UG"", 423, 150, 410], [""JO02"", 482, 159, 75], [""0.20 135弄"", 553, 146, 254], [""01741"", 606, 68, 511], [""VOG UAT"", 308, 279, 27], [""NO BrANG"", 46, 59, 190], [""450g"", 636, 28, 130], [""2.580"", 778, 27, 71], [""2AiN"", 192, 71, 225], [""/0G UAT"", 310, 267, 30], [""2/g"", 423, 146, 410], [""Je2"", 481, 154, 76], [""10:20 13:4"", 568, 79, 267]]"
000107,2025,12,25,2025-12-25,s1,NO Br3 | 소비기한 | 2025.12.25 | 09:29A | 200ml | 1.380,"[[""NO Br3"", 263, 46, 260], [""소비기한"", 432, 43, 180], [""2025.12.25"", 497, 68, 234], [""09:29A"", 524, 56, 254], [""200ml"", 795, 46, 327], [""1.380"", 834, 89, 279]]"
000108,2025,10,24,2025-10-24,s1,No Brane | 산큼 국산공을 사용하여 만들0 | 0% 더욱 고소하고 담백한 투부입니다 | 소비기한 | 个站号5g2%营异0g0% | 25-10-24XI14 | 5g9% | 200kcal | 하거나 22 드시/바읍다 | 1소비자 분쟁해결 기준에의2 | 2민품및 교한장소 구입처및 | 01011399 142044 | 수있습니다.반품및교한장소.구입처 및 | 11399 809387 742044,"[[""No Brane"", 63, 25, 214], [""산큼"", 207, 22, 5], [""국산공을 사용하여 만들0"", 215, 37, 125], [""0%"", 224, 28, 0], [""더욱 고소하고 담백한 투부입니다"", 235, 42, 88], [""个站号5g2%营异0g0%"", 326, 48, 0], [""소비기한"", 318, 31, 258], [""5g9%"", 366, 30, 3], [""25-10-24XI14"", 370, 51, 285], [""200kcal"", 389, 36, 0], [""하거나 22 드시/바읍다"", 423, 38, 2], [""1소비자 분쟁해결 기준에의2"", 450, 48, 3], [""2민품및 교한장소 구입처및"", 476, 47, 8], [""01011399"", 494, 29, 3], [""142044"", 526, 29, 445], [""수있습니다.반품및교한장소.구입처 및"", 657, 56, 4], [""11399"", 673, 45, 3], [""809387"", 697, 26, 334], [""742044"", 706, 27, 427]]"
000109,2025,12,12,2025-12-12,s1,5g30% | 2000d | 2UE%OEO/U | 21 소비 | 3-01 | 031222U2 | 소비기/한 | 2025.12:120 | 04:43 D3,"[[""5g30%"", 50, 30, 609], [""2000d"", 92, 25, 600], [""2UE%OEO/U"", 177, 96, 16], [""21"", 244, 35, 4], [""소비"", 250, 22, 80], [""3-01"", 315, 56, 291], [""031222U2"", 402, 35, 226], [""소비기/한"", 448, 48, 206], [""2025.12:120"", 500, 49, 263], [""04:43 D3"", 524, 35, 267]]"
000110,2025,10,29,2025-10-29,s1,소비기한 | 25.10.29 | 밤에 사역/ 함 | ICE CK | JAM2 PORK | EN M비을배,"[[""소비기한"", 266, 39, 212], [""25.10.29"", 379, 71, 242], [""밤에 사역/ 함"", 531, 60, 0], [""ICE"", 654, 241, 4], [""CK"", 750, 99, 611], [""JAM2"", 770, 81, 1], [""PORK"", 788, 63, 126], [""EN"", 842, 49, 11], [""M비을배"", 933, 55, 599]]"
000111,2025,10,05,2025-10-05,s1,5.10.25 11:50F21 | 0sTy 4.소비자다 ANd | G E 2 | EA S,"[[""0sTy"", 408, 65, 38], [""5.10.25 11:50F21"", 403, 54, 247], [""2"", 601, 400, 0], [""ANd"", 451, 34, 622], [""4.소비자다"", 474, 20, 617], [""G E"", 538, 23, 1], [""EA S"", 824, 37, 661]]"
000112,2025,10,17,2025-10-17,det5,22 | 25.10.17.11.10 | 1지 | 内豆 | 2 | -0 （CHE99.99%）,"[[""22"", 203, 254, 475], [""25.10.17.11.10"", 382, 83, 279], [""1지"", 428, 25, 479], [""内豆"", 546, 78, 568], [""2"", 649, 41, 335], [""-0"", 756, 193, 262], [""（CHE99.99%）"", 738, 35, 528]]"
000113,2026,01,16,2026-01-16,s1,And | 1소비자다 | 2026.01.16 | 닫은 | ed RAdish 10무침 이미지사진 | 식감이 살아있는 1무침 | 니다,"[[""And"", 241, 44, 0], [""1소비자다"", 266, 33, 0], [""2026.01.16"", 318, 45, 233], [""닫은"", 461, 86, 0], [""10무침"", 580, 203, 0], [""ed RAdish"", 658, 41, 0], [""이미지사진"", 661, 44, 442], [""식감이 살아있는"", 694, 38, 0], [""1무침"", 690, 54, 622], [""니다"", 719, 32, 0]]"
000114,2026,02,28,2026-02-28,s1,OUGAY UO 1C 0号 0 하22 | NA02 | 2026.02.28 ST UUN HSOV 0ATY OA O D/1S （%06 lo  80 1 10 | 20 00,"[[""0号"", 79, 127, 540], [""하22"", 70, 63, 832], [""OUGAY UO 1C"", 112, 106, 228], [""0"", 74, 41, 775], [""ST UUN HSOV 0ATY OA O D/1S"", 434, 522, 647], [""（%06"", 442, 537, 761], [""NA02"", 225, 108, 878], [""2026.02.28"", 317, 46, 295], [""lo"", 527, 138, 827], [""1"", 527, 22, 887], [""10"", 546, 20, 894], ["" 80"", 564, 29, 860], [""00"", 655, 36, 862], [""20"", 656, 40, 826]]"
000115,2025,12,08,2025-12-08,s1,"22300ml | 1,580 | YOG U | 2025.12.08 | 38공 PC L ED BURDC","[[""22300ml"", 20, 42, 235], [""1,580"", 88, 73, 253], [""YOG U"", 303, 52, 597], [""2025.12.08"", 469, 82, 273], [""38공"", 686, 416, 473], [""PC L ED BURDC"", 770, 223, 603]]"
000116,2026,03,27,2026-03-27,s1,NO BrANd | 브랜드가 아니다.소비자다 | 당신이 스마트 컨슈머가 되는 길 | 2026.03.27 | 아삭한 쌈무 | PiC//ed RAdis/es | #쌓무 #쌈 #고기#0채 | 350 g(卫:210g/(:90kcal60 %( | 제품명/아삭한 쌓무 식품유형/절식품 2 | 판매원 37（）/02)380-5678,"[[""NO BrANd"", 323, 57, 404], [""브랜드가 아니다.소비자다"", 356, 45, 406], [""당신이 스마트 컨슈머가 되는 길"", 388, 45, 409], [""2026.03.27"", 448, 52, 265], [""쌈무"", 508, 114, 364], [""아삭한"", 522, 109, 137], [""PiC//ed RAdis/es"", 586, 63, 141], [""#쌓무 #쌈 #고기#0채"", 661, 46, 139], [""350 g(卫:210g/(:90kcal60 %("", 696, 99, 136], [""2"", 725, 26, 701], [""식품유형/절식품"", 745, 58, 379], [""제품명/아삭한 쌓무"", 768, 53, 81], [""판매원"", 921, 42, 112], [""37（）/02)380-5678"", 906, 67, 219]]"
000117,2025,11,28,2025-11-28,s1,브랜 | 2025.11.28 당신1 | 08:54FF2 | NO BrANd BR | 아니다.소비자다 | 0론 인습여기 되는 길 A TE1 | AE VN | T 2 | 02 | 22,"[[""2025.11.28"", 371, 36, 301], [""08:54FF2"", 406, 39, 292], [""NO BrANd"", 443, 86, 179], [""아니다.소비자다"", 476, 55, 204], [""브랜"", 476, 31, 682], [""0론 인습여기 되는 길"", 500, 59, 200], [""당신1"", 502, 37, 672], [""AE VN"", 623, 83, 220], [""BR"", 616, 85, 611], [""A TE1"", 650, 67, 606], [""T"", 656, 29, 265], [""2"", 671, 28, 300], [""02"", 850, 59, 638], [""22"", 858, 35, 13]]"
000118,2026,03,23,2026-03-23,s1,2025.11.28 | 08:54FF2 | J6rANd | W | 2026.03.230 | 02:16-0F2 | M0B rANd | 2비2다 | 15,"[[""2025.11.28"", 185, 26, 75], [""08:54FF2"", 208, 30, 70], [""J6rANd"", 240, 34, 26], [""W"", 365, 30, 80], [""2026.03.230"", 431, 52, 296], [""M0B rANd"", 490, 99, 170], [""02:16-0F2"", 471, 48, 310], [""2비2다"", 530, 42, 228], [""15"", 660, 48, 277]]"
000119,2026,08,24,2026-08-24,s1,2026.08-24 | 2026.08.24 | P10F1 | 0N3,"[[""2026.08-24"", 168, 43, 304], [""2026.08.24"", 412, 35, 295], [""P10F1"", 442, 33, 306], [""0N3"", 515, 64, 431]]"
000120,2026,08,25,2026-08-25,s1,2026.08.25,"[[""2026.08.25"", 191, 44, 282]]"
000121,2027,04,13,2027-04-13,s1,02380-56787 | 분정해결 기준에의거 교환 또는 | 2을받을 수있습니다.-반품및 | 2한장소/구업처및제조원.부정 | 11399 8809580 | 20 N0 BraNd 는모두 0마트의 상표니다 | 2027.04.13 | UOC HA G0 | MUL COF FEE,"[[""02380-56787"", 70, 58, 253], [""분정해결 기준에의거 교환 또는"", 368, 64, 165], [""2을받을 수있습니다.-반품및"", 391, 62, 166], [""2한장소/구업처및제조원.부정"", 414, 55, 169], [""8809580"", 426, 24, 405], [""11399"", 438, 53, 170], [""20"", 528, 23, 243], [""N0 BraNd 는모두 0마트의 상표니다"", 514, 36, 268], [""2027.04.13"", 582, 45, 235], [""UOC HA G0"", 718, 101, 529], [""MUL COF FEE"", 766, 83, 530]]"
000122,2027,04,28,2027-04-28,erode5,2027.04.28,"[[""2027.04.28"", 526, 62, 407]]"
000123,2026,06,04,2026-06-04,s1,"내용량 105g | 졸을빼는껌 소비기한 단표시2까지 | Y품유형 추1껌 量35%,D-E量27% | ） 0124%2 | UL.2명 | 국색소)소비특 | (02)380-5678 | 克19930439002-406 | 공정거래위원회 고시 소비2 쟁해결기/ 에의7 | 수있습니다..제품 표면이7 분에 놀아 하얗게 | NO BrANd는모두0마트 상 니다 | 2026.06.04A | 802534 881214","[[""내용량"", 28, 25, 421], [""105g"", 26, 24, 498], [""졸을빼는껌"", 39, 22, 254], [""소비기한 단표시2까지"", 51, 40, 414], [""Y품유형"", 62, 21, 170], [""추1껌"", 60, 21, 247], [""量35%,D-E量27%"", 77, 40, 240], [""）"", 99, 38, 238], [""0124%2"", 107, 42, 505], [""UL.2명"", 138, 21, 177], [""국색소)소비특"", 192, 34, 606], [""(02)380-5678"", 281, 28, 225], [""克19930439002-406"", 313, 28, 214], [""공정거래위원회 고시 소비2"", 457, 34, 213], [""쟁해결기/ 에의7"", 461, 38, 513], [""수있습니다..제품 표면이7"", 486, 32, 220], [""분에 놀아 하얗게"", 492, 31, 512], [""NO BrANd는모두0마트 상 니다"", 630, 36, 203], [""2026.06.04A"", 694, 54, 160], [""802534"", 714, 23, 518], [""881214"", 718, 25, 616]]"
000124,2026,01,02,2026-01-02,s1,2026.01.02,"[[""2026.01.02"", 533, 30, 240]]"
000125,2026,04,07,2026-04-07,s1,82% | 풀/ | Al1 | D25 | 2026.04.07712,"[[""82%"", 40, 43, 0], [""풀/"", 112, 33, 0], [""Al1"", 166, 44, 0], [""D25"", 370, 129, 28], [""2026.04.07712"", 467, 54, 219]]"
000126,2026,06,12,2026-06-12,s1,NO BrANd  | 2026.06.12 | #노브랜드#스마트컨슈머#팔양갱 파E양갱 | 杰豆 | 32,"[[""NO BrANd "", 349, 32, 521], [""2026.06.12"", 371, 47, 175], [""파E양갱"", 739, 442, 547], [""#노브랜드#스마트컨슈머#팔양갱"", 680, 290, 489], [""杰豆"", 900, 35, 457], [""32"", 926, 43, 454]]"
000127,2026,04,27,2026-04-27,s1,"SUPER | 2026.04.27 | NO BrANd 1※SUPER MATC MA | 0450g | 4,280","[[""SUPER"", 368, 66, 32], [""2026.04.27"", 449, 50, 238], [""NO BrANd"", 478, 38, 163], [""1※SUPER MATC MA"", 482, 42, 306], [""0450g"", 779, 28, 278], [""4,280"", 828, 48, 412]]"
000128,2026,05,28,2026-05-28,s1,1색소.2사정 | 21자황 OT ER | 색조.정제수 | 제조원 | 1PPLE | IDER | EGAR | 블후가급 | 26.05.28  | 8206005477 40g | 영2보 128kcal | 2N0 E랜스지방 08 | 12 | 1따2다를 수있습니다 | N2달 | S  JRER MAT C HA BEAN | 2차양쟁 | S1,"[[""1색소.2사정"", 38, 55, 142], [""21자황"", 63, 33, 100], [""색조.정제수"", 80, 51, 12], [""OT ER"", 87, 30, 428], [""제조원"", 123, 45, 22], [""1PPLE"", 193, 50, 553], [""IDER"", 230, 49, 557], [""EGAR"", 269, 58, 557], [""블후가급"", 330, 28, 415], [""26.05.28 "", 450, 33, 296], [""8206005477"", 472, 26, 98], [""영2보"", 508, 36, 97], [""40g"", 493, 38, 354], [""128kcal"", 513, 34, 402], [""2N0"", 587, 40, 103], [""E랜스지방 08"", 578, 38, 147], [""12"", 606, 24, 116], [""1따2다를 수있습니다"", 658, 39, 154], [""S  JRER"", 768, 127, 244], [""N2달"", 741, 52, 313], [""MAT C HA BEAN"", 791, 70, 577], [""2차양쟁"", 808, 59, 570], [""S1"", 901, 126, 561]]"
000129,2026,01,09,2026-01-09,s1,2026.0109 | 0x@ 당신이 스마트컨슈머가 되는길 | 무형,"[[""2026.0109"", 446, 37, 292], [""0x@ 당신이 스마트컨슈머가 되는길"", 594, 27, 226], [""무형"", 680, 34, 0]]"
000130,2027,02,05,2027-02-05,s1,lavon 컨슈0#카골드#스/피#달달한#당충전#홈/페 STICKS AG OL MUX COFFEE 30 2드 덱스커피 | 27.02.05 | 22:41,"[[""컨슈0#카골드#스/피#달달한#당충전#홈/페"", 195, 390, 226], [""AG OL MUX COFFEE 30"", 241, 483, 255], [""2드 덱스커피"", 247, 495, 341], [""lavon"", 421, 175, 138], [""STICKS"", 420, 93, 226], [""27.02.05"", 552, 35, 277], [""22:41"", 587, 39, 308]]"
000131,2026,08,05,2026-08-05,s1,2026.08.05 | 07:11 | N10 | 1AL N0,"[[""2026.08.05"", 492, 29, 321], [""07:11"", 512, 29, 334], [""N10"", 531, 28, 226], [""1AL N0"", 723, 24, 603]]"
000132,2026,08,21,2026-08-21,s1,JUNA GUL0 | NOBrANd | CORN NUTS BAR | 2026.08.212,"[[""JUNA GUL0"", 62, 96, 0], [""NOBrANd"", 220, 103, 389], [""CORN NUTS BAR"", 429, 78, 33], [""2026.08.212"", 484, 35, 191]]"
000133,2025,11,25,2025-11-25,s1,"곳에 보관하십시오 | 피해 견조하고 서늘한 | 제조하고 있습니다 | 본제은3거래위원회고시 | 소비자 분쟁해결기준에의거 | 2""000000292656 | 25-11-2025","[[""곳에 보관하십시오"", 14, 29, 188], [""피해 견조하고 서늘한"", 30, 65, 342], [""제조하고 있습니다"", 80, 29, 186], [""본제은3거래위원회고시"", 104, 45, 182], [""소비자 분쟁해결기준에의거"", 128, 36, 187], [""2\""000000292656"", 432, 42, 201], [""25-11-2025"", 526, 43, 284]]"
000134,2026,09,23,2026-09-23,s1,NO BrANd XOUR BA/e2Y | 2026.09.23A | DirTy /ChoC0 | Chunk Gnanola | 0E 초/청 A0래놀라 식품유형 곡류가공품 내용량 300 g | 후연 표/까지 포무재질.(내면가폴리에틸렌 | 문고대원 | 고번호 20080435169414 반품 및 교환장소 구입처 및제조원 | M인UE를 01,"[[""NO BrANd XOUR BA/e2Y"", 410, 41, 71], [""2026.09.23A"", 459, 32, 203], [""DirTy"", 529, 83, 71], [""/ChoC0"", 526, 71, 228], [""Chunk Gnanola"", 609, 88, 81], [""0E 초/청 A0래놀라"", 681, 43, 24], [""식품유형"", 695, 38, 211], [""곡류가공품"", 698, 31, 306], [""내용량"", 697, 32, 492], [""300 g"", 696, 34, 574], [""후연 표/까지"", 716, 41, 18], [""포무재질.(내면가폴리에틸렌"", 736, 37, 209], [""문고대원"", 782, 38, 0], [""고번호"", 818, 35, 0], [""20080435169414"", 833, 45, 47], [""반품 및 교환장소 구입처 및제조원"", 854, 31, 316], [""M인UE를 01"", 944, 34, 23]]"
000135,2026,04,18,2026-04-18,s1,EXP2026.04.18 영양정보 층나 용..0 | LE号 15 mg 1%E今甜量40 | T률 48 4%0g | 트랜스지방 08 포화지방 01 | 引量0mg0%E0 | 필요 량에따20를 수있습니다 | 주의사항 제품을0대로 | 이미지사진 내포장.OTHER 껑.PP | 2스틱 재할용어려움 조심하시/바니다/0 | 대두. | 받을/있습1 | N184 No Brand量 | 노브랜드의 0념과 실천,"[[""EXP2026.04.18"", 450, 23, 325], [""영양정보"", 460, 35, 477], [""층나 용..0"", 458, 28, 632], [""LE号 15 mg"", 497, 32, 474], [""1%E今甜量40"", 500, 31, 607], [""T률 48"", 524, 33, 477], [""4%0g"", 526, 27, 598], [""트랜스지방 08"", 554, 26, 477], [""포화지방 01"", 550, 24, 630], [""引量0mg0%E0"", 579, 42, 474], [""필요 량에따20를 수있습니다"", 620, 31, 475], [""주의사항 제품을0대로"", 644, 50, 472], [""이미지사진"", 668, 38, 247], [""껑.PP"", 662, 21, 383], [""2스틱"", 725, 118, 85], [""내포장.OTHER"", 678, 22, 364], [""재할용어려움"", 695, 20, 374], [""조심하시/바니다/0"", 734, 59, 480], [""대두."", 763, 30, 486], [""N184"", 859, 73, 207], [""받을/있습1"", 830, 45, 498], [""노브랜드의 0념과 실천"", 895, 44, 210], [""No Brand量"", 876, 57, 538]]"
000136,2025,12,02,2025-12-02,s1,트랜스지방 3% | 10mg 3%35mg | 2신공단 클레스테를 | 4%19g | 단백 28 | 구세종대 영1성분 기준치에대1 （%）号2.000kc | -5678 따라 다를 수있 | OT UR | 적 빠른 8180107713718001 내포장/21 | 2온도편차 재활용 어N용 | 인하여 변질 | 장0로1 NoBrand M ACCP | 세요 | 소비기한 | 2025.12.02 | A | 까지,"[[""트랜스지방"", 13, 29, 209], [""3%"", 17, 22, 406], [""3%35mg"", 54, 33, 403], [""10mg"", 70, 33, 281], [""2신공단"", 90, 46, 0], [""클레스테를"", 82, 43, 184], [""4%19g"", 92, 34, 404], [""단백 28"", 118, 39, 187], [""（%）号2.000kc"", 130, 34, 412], [""구세종대"", 140, 48, 0], [""영1성분 기준치에대1"", 143, 52, 209], [""따라 다를 수있"", 158, 31, 420], [""-5678"", 168, 45, 0], [""OT UR"", 279, 24, 545], [""내포장/21"", 301, 24, 535], [""적 빠른"", 320, 42, 0], [""8180107713718001"", 322, 33, 202], [""재활용 어N용"", 321, 26, 538], [""2온도편차"", 344, 37, 0], [""인하여 변질"", 368, 33, 0], [""M ACCP"", 384, 27, 550], [""장0로1"", 394, 28, 0], [""NoBrand"", 392, 32, 238], [""세요"", 418, 23, 2], [""소비기한"", 468, 30, 221], [""2025.12.02"", 518, 44, 291], [""A"", 561, 34, 296], [""까지"", 574, 30, 502]]"
000137,2026,03,26,2026-03-26,s1,00지진 | HONC HA VVAFERS | 원재료영 | 정청남도0산시 신장 | 48（） | 구세종대로7길 우8.대두.일함유 | 5678 | #60g 반품 및 교한장소 구업처 및 제조 | 60g/60gg310kcal 소비기한 | 2026.03.26 | 2%/ 14g14% /13:36 | 13g87% | 6g7% 까지 | 의 2요 열량에 따라 다를 수 있습니다 | N2063 | OT HER 804433 103510,"[[""00지진"", 38, 39, 481], [""VVAFERS"", 120, 63, 142], [""HONC HA"", 126, 78, 0], [""원재료영"", 156, 31, 130], [""정청남도0산시 신장"", 190, 50, 0], [""48（）"", 213, 40, 0], [""구세종대로7길"", 253, 42, 0], [""우8.대두.일함유"", 270, 36, 108], [""5678"", 277, 31, 0], [""#60g"", 301, 32, 0], [""반품 및 교한장소 구업처 및 제조"", 331, 56, 100], [""60g/60gg310kcal"", 482, 40, 0], [""소비기한"", 482, 36, 217], [""2026.03.26"", 518, 61, 292], [""2%/"", 519, 28, 0], [""14g14%"", 524, 37, 40], [""/13:36"", 551, 60, 289], [""13g87%"", 560, 43, 4], [""6g7%"", 594, 39, 0], [""까지"", 608, 37, 424], [""의 2요 열량에 따라 다를 수 있습니다"", 628, 39, 0], [""N2063"", 679, 50, 0], [""OT HER"", 731, 27, 115], [""804433"", 730, 34, 247], [""103510"", 734, 23, 360]]"
000138,2026,05,14,2026-05-14,s1,형/과자 | /02-380-5678 | 제품의별도표/일까지(년/월/일순) | 2정제수.코코0분말 우유분말.향료.대 | 2가루.설 나트륨 밀.우유.대두 함유 | 레시틴 탄2 | 폴2 프로 | 2사광 피하고 서늘한 곳에 보관 | 교환장소.구입처 | 수있습니다 | 1399 | 400g | 100 g499kcal | 1일 영양/분 | 기준치에대한 비율 2026/05/14 | Mg 7% | 99 21% | 31% | 43% | 0.5 NO BrANd 는모두00트의 상표니다 | 13g 87% | 5Mg 2% | 7% | (%）2.000kcal 비22 | 열량 따라 다를 수 있습니다 21087685119730631 | SToCkCode:NB2,"[[""형/과자"", 74, 39, 0], [""/02-380-5678"", 113, 40, 23], [""제품의별도표/일까지(년/월/일순)"", 164, 47, 10], [""2정제수.코코0분말 우유분말.향료.대"", 192, 42, 137], [""2가루.설"", 201, 36, 7], [""레시틴"", 229, 32, 2], [""탄2"", 226, 21, 71], [""나트륨 밀.우유.대두 함유"", 220, 38, 149], [""폴2 프로"", 256, 37, 0], [""2사광"", 284, 27, 7], [""피하고 서늘한 곳에 보관"", 282, 32, 109], [""교환장소.구입처"", 310, 31, 6], [""수있습니다"", 362, 27, 4], [""1399"", 389, 32, 3], [""400g"", 442, 32, 52], [""100 g499kcal"", 468, 33, 26], [""1일 영양/분"", 499, 32, 72], [""기준치에대한 비율"", 518, 32, 34], [""2026/05/14"", 528, 40, 254], [""Mg"", 542, 30, 0], [""7%"", 547, 30, 117], [""99"", 572, 36, 0], [""21%"", 578, 35, 100], [""31%"", 610, 36, 98], [""43%"", 641, 38, 96], [""0.5"", 668, 39, 0], [""13g"", 696, 34, 0], [""NO BrANd 는모두00트의 상표니다"", 691, 34, 239], [""87%"", 704, 37, 93], [""5Mg"", 728, 35, 0], [""2%"", 736, 37, 105], [""7%"", 768, 31, 107], [""(%）2.000kcal"", 795, 44, 1], [""열량 따라 다를 수 있습니다"", 816, 43, 0], [""비22"", 804, 29, 499], [""21087685119730631"", 833, 46, 200], [""SToCkCode:NB2"", 876, 47, 220]]"
000139,2026,07,26,2026-07-26,s1,"NO BrAN6 | NO BrANd"" | 브된드가 아니다.소비자다 | EXP:2026/07/26 | 26G101","[[""NO BrAN6"", 37, 52, 37], [""NO BrANd\"""", 437, 26, 433], [""브된드가 아니다.소비자다"", 456, 22, 431], [""EXP:2026/07/26"", 486, 36, 220], [""26G101"", 515, 30, 326]]"
000140,2026,07,14,2026-07-14,s1,：02-380-5678 | 원재료명 | 2.대두.우유.계란함유 | 환불받을 수있습니다. | 반품및교환장소.수입원및구입처 | EXP:2026/07/14 | 146101,"[[""：02-380-5678"", 12, 25, 310], [""원재료명"", 104, 26, 218], [""2.대두.우유.계란함유"", 298, 39, 292], [""환불받을 수있습니다."", 370, 36, 216], [""반품및교환장소.수입원및구입처"", 499, 40, 207], [""EXP:2026/07/14"", 589, 46, 247], [""146101"", 628, 43, 342]]"
000141,2026,09,17,2026-09-17,s1,2틱1 | #노브랜드#스마트컨슈0#고소한 | #간식#우유랑#참깨스틱 | RUSPY 2026.09.17 | N ACK | CR/SP | SN ACK,"[[""2틱1"", 239, 252, 283], [""#노브랜드#스마트컨슈0#고소한"", 366, 55, 344], [""#간식#우유랑#참깨스틱"", 396, 47, 385], [""2026.09.17"", 529, 48, 138], [""RUSPY"", 554, 73, 0], [""N ACK"", 598, 71, 0], [""CR/SP"", 635, 58, 591], [""SN ACK"", 676, 51, 590]]"
000142,2026,05,14,2026-05-14,s1,F2-2026.05.14A | NO BrANd | 브랜드가 아니다.소비자다 | 당신이 스마트 컨슈머가 되는 길 | Cheddar | 체다치즈볼 | N189,"[[""F2-2026.05.14A"", 406, 48, 219], [""NO BrANd"", 456, 70, 346], [""브랜드가 아니다.소비자다"", 487, 59, 347], [""당신이 스마트 컨슈머가 되는 길"", 518, 55, 350], [""Cheddar"", 586, 101, 280], [""체다치즈볼"", 696, 104, 306], [""N189"", 709, 86, 578]]"
000143,2027,03,06,2027-03-06,s1,제품명 (图0/（02)380-5678/ | 수업원 37() | 2에서2정시간 보관시 원상태로 돌아오며.품질에 문제가 없 | 원및2 | 영2정보 100mlg820kca 100 | 나타룹 0%탄수화 0% | 91g1 169% 019 14g93 | 量0mg 0%0 0% | 06/03/2027 L154448 | 2000000806785 | No BrANd는 #노브랜드#스마트컨슈0#식용유#파스타 N776 | 0마트의 상표입니다,"[[""제품명"", 53, 38, 179], [""(图0/（02)380-5678/"", 66, 31, 228], [""수업원"", 92, 35, 184], [""37()"", 92, 34, 228], [""2에서2정시간 보관시 원상태로 돌아오며.품질에 문제가 없"", 282, 37, 184], [""원및2"", 352, 36, 185], [""영2정보"", 386, 42, 185], [""100"", 373, 25, 536], [""100mlg820kca"", 392, 21, 534], [""나타룹"", 416, 21, 191], [""0%탄수화"", 414, 20, 299], [""0%"", 412, 20, 466], [""91g1"", 436, 21, 246], [""169%"", 436, 22, 284], [""019"", 435, 26, 396], [""14g93"", 433, 22, 499], [""量0mg"", 458, 25, 190], [""0%0"", 457, 27, 298], [""0%"", 456, 21, 463], [""06/03/2027 L154448"", 558, 38, 242], [""2000000806785"", 576, 33, 464], [""No BrANd는"", 622, 35, 198], [""N776"", 614, 35, 554], [""#노브랜드#스마트컨슈0#식용유#파스타"", 622, 29, 314], [""0마트의 상표입니다"", 644, 38, 197]]"
000144,2027,03,25,2027-03-25,s1,wpuieet | 딸기1청 | dweet | 1성 | FUNT TAs | STroUbor1y 2027.03.25 D | 80g N1838 No BrANd MAiN IngredienT ST oU.2m | 40%）70 브랜드가 아니다.소비자다 | 당신이 스마트 컨슈0가 되는2 580 g | 액상차,"[[""wpuieet"", 17, 44, 355], [""딸기1청"", 79, 129, 294], [""dweet"", 174, 37, 1], [""1성"", 222, 72, 0], [""FUNT TAs"", 367, 78, 188], [""2027.03.25 D"", 500, 31, 224], [""STroUbor1y"", 517, 48, 14], [""MAiN IngredienT"", 537, 20, 362], [""N1838"", 552, 31, 97], [""ST oU.2m"", 554, 69, 449], [""80g"", 559, 32, 0], [""No BrANd"", 564, 43, 189], [""브랜드가 아니다.소비자다"", 594, 38, 188], [""40%）70"", 597, 42, 0], [""당신이 스마트 컨슈0가 되는2"", 623, 40, 188], [""580 g"", 624, 49, 398], [""액상차"", 693, 64, 210]]"
000145,2027,03,24,2027-03-24,s1,"생.03 | 0원 | 2 | 제품명 | 2비기한 2크E | 식품유 | 품목보.번호 신한 9 | 원 했 | 생강/국) | 산)0.7% | （）34.98 10.02 2푸드M0 신송길 | 올2((진진 | 제조원 주1 FU TA3/ | 보진 무참가 | 유통 전문 | 판매원 2027.03.24C 특체질,.2 027.01.23 | 포세재질 에따라 과  NO BrA1 2027 | 2ient 원료학11 | GU9e 원2 특1 N0 | 현상 생 역상 브랜드 | 2 당신1 | 23 22 N1195 본제2 TY 08 |  0 부1,불량 한   22 | 593%，07% 0습U","[[""생.03"", 36, 73, 448], [""0원"", 69, 67, 447], [""2"", 113, 20, 75], [""제품명"", 142, 46, 31], [""2비기한"", 166, 45, 25], [""식품유"", 190, 57, 21], [""품목보.번호"", 214, 53, 6], [""2크E"", 214, 46, 474], [""원 했"", 239, 44, 24], [""신한 9"", 246, 54, 474], [""생강/국)"", 265, 44, 16], [""산)0.7%"", 286, 43, 12], [""（）34.98"", 310, 39, 15], [""10.02"", 332, 44, 10], [""올2((진진"", 356, 38, 13], [""2푸드M0"", 353, 50, 451], [""신송길"", 367, 26, 621], [""제조원"", 402, 31, 36], [""주1"", 430, 36, 454], [""유통 전문"", 462, 32, 30], [""FU TA3/"", 448, 45, 534], [""보진 무참가"", 468, 36, 449], [""판매원"", 486, 33, 36], [""2027.03.24C"", 506, 35, 230], [""포세재질"", 529, 34, 29], [""특체질,.2"", 526, 35, 449], [""027.01.23"", 524, 27, 524], [""2ient"", 554, 29, 107], [""에따라 과 "", 555, 40, 451], [""NO BrA1"", 571, 34, 536], [""2027"", 569, 34, 671], [""GU9e"", 597, 48, 124], [""원료학11"", 584, 45, 449], [""원2 특1"", 614, 50, 445], [""N0"", 630, 43, 673], [""2"", 631, 20, 86], [""현상 생"", 642, 51, 448], [""역상"", 652, 34, 558], [""23"", 667, 32, 22], [""22"", 664, 38, 34], [""N1195"", 676, 50, 181], [""브랜드"", 659, 31, 672], ["" 0"", 684, 31, 21], [""당신1"", 688, 32, 673], [""부1,불량"", 703, 50, 21], [""본제2"", 702, 68, 440], [""593%，07%"", 752, 77, 113], [""TY 08"", 732, 31, 676], [""한   22"", 730, 62, 444], [""0습U"", 764, 67, 440]]"
000146,2026,04,03,2026-04-03,s1,NO BrANd | 0S 0U다.소비자다 | N1368 DATILY | 2026.04.03B | /12 보관방법 직사광선을 피하고 | 1315g 실언에서 보관하시기/바랍나 보2 | 010） | PE/APP 달걀 | 고기 함유 | 대두.외 | /식 토0토.돼지고1.새우 조개류 | 사용한 제품과 2은제조1 | 국 제조하고있습니다.포2 | 늘주 출액 변형 쟁창.소상되었거나 | 내8물이 변질되었을 경우 | 2A1 | 바2 교환하시기바랍니다 | 02옥시 제품 0통 안전성을 | 시키기 위해찰소가스단 | 포장을 했습U다.보 | 话山星7237（） 2공정거래위원회 소비자 분쟁해결기 | 0380-5678 의거교환는환 | 수있습니다.부정 | 2102 식품신1,"[[""NO BrANd"", 311, 35, 617], [""0S 0U다.소비자다"", 328, 35, 618], [""N1368"", 377, 108, 58], [""DATILY"", 388, 39, 625], [""2026.04.03B"", 448, 43, 270], [""/12"", 488, 59, 14], [""1315g"", 530, 47, 21], [""보관방법 직사광선을 피하고"", 533, 47, 239], [""실언에서 보관하시기/바랍나"", 559, 34, 236], [""PE/APP"", 584, 55, 46], [""달걀"", 586, 25, 160], [""010）"", 582, 31, 237], [""보2"", 576, 21, 455], [""고기"", 601, 32, 123], [""함유"", 610, 27, 172], [""대두.외"", 632, 35, 147], [""/식"", 653, 37, 144], [""토0토.돼지고1.새우 조개류"", 672, 34, 240], [""국"", 695, 37, 169], [""사용한 제품과 2은제조1"", 694, 35, 241], [""늘주"", 714, 23, 161], [""출액"", 718, 24, 186], [""제조하고있습니다.포2"", 715, 36, 240], [""변형 쟁창.소상되었거나"", 736, 33, 243], [""2A1"", 759, 28, 137], [""내8물이 변질되었을 경우"", 756, 34, 244], [""바2"", 776, 23, 143], [""교환하시기바랍니다"", 794, 31, 246], [""02옥시"", 810, 39, 168], [""제품 0통 안전성을"", 815, 34, 245], [""시키기 위해찰소가스단"", 833, 34, 246], [""话山星7237（）"", 870, 67, 97], [""포장을 했습U다.보"", 852, 37, 246], [""2공정거래위원회"", 871, 36, 248], [""0380-5678"", 886, 43, 111], [""소비자 분쟁해결기"", 890, 38, 250], [""의거교환는환"", 910, 44, 246], [""2102"", 936, 49, 123], [""수있습니다.부정"", 932, 43, 245], [""식품신1"", 947, 28, 245]]"
000147,2026,03,21,2026-03-21,s1,8 A0 | 2.680 335g | 2026.03.21外B 780,"[[""8 A0"", 278, 83, 0], [""2.680"", 454, 57, 0], [""2026.03.21外B"", 548, 43, 247], [""335g"", 566, 47, 520], [""780"", 624, 77, 489]]"
000148,2026,02,26,2026-02-26,s1,볶음 | 각중 22의 감칠까을 쌀러 | NO BrANd | EXP26.02.26 | PRD24.08.27 | 껑.PP 라벨/페트 0소금 | 20 후추,"[[""볶음"", 315, 26, 497], [""각중"", 424, 23, 495], [""22의 감칠까을 쌀러"", 430, 49, 545], [""EXP26.02.26"", 482, 29, 284], [""NO BrANd"", 480, 34, 593], [""PRD24.08.27"", 518, 31, 283], [""0소금"", 604, 101, 531], [""껑.PP"", 583, 36, 372], [""라벨/페트"", 608, 32, 373], [""20"", 635, 28, 490], [""후추"", 648, 73, 563]]"
000149,2028,01,01,2028-01-01,s1,제품명 국산 고층가루 | 식품유형 卫外190g | 원 卫 100 %(H) | 소비기한 1단표시2까지 | 보란및사1을 피하고 서늘한 | 급방법 곳에 보관1A기/바랍니다 | 제조원/농업회사법인한생(주)/ | 충남 서천군 장항읍 장항공단길 | 202801.1 28117/041-956-1434 ATANd | 유통전문판매원/(주이0트/ | 37 | (全) / (02)380-5678 | 01 품목보2번호200504/117351 | 01 22 2비기한 0/국산 | 26 2026.04.28 까지 | 충가트 | ER POW DER | 1 양념 | 02주 | NBANO,"[[""국산 고층가루"", 44, 51, 210], [""제품명"", 64, 46, 143], [""卫外190g"", 80, 54, 210], [""식품유형"", 98, 54, 140], [""卫 100 %(H)"", 118, 52, 219], [""원"", 133, 48, 146], [""1단표시2까지"", 156, 44, 218], [""소비기한"", 170, 41, 154], [""보란및사1을 피하고 서늘한"", 253, 63, 159], [""급방법"", 288, 47, 160], [""곳에 보관1A기/바랍니다"", 276, 43, 230], [""제조원/농업회사법인한생(주)/"", 311, 49, 171], [""충남 서천군 장항읍 장항공단길"", 342, 48, 173], [""ATANd"", 366, 47, 582], [""28117/041-956-1434"", 369, 43, 177], [""202801.1"", 400, 46, 17], [""유통전문판매원/(주이0트/"", 400, 44, 177], [""37"", 428, 49, 183], [""(全) / (02)380-5678"", 456, 41, 185], [""01"", 486, 42, 36], [""품목보2번호200504/117351"", 486, 49, 182], [""0/국산"", 531, 115, 552], [""22"", 528, 73, 37], [""01"", 554, 47, 49], [""충가트"", 594, 145, 548], [""2비기한"", 552, 38, 189], [""2026.04.28"", 564, 36, 261], [""까지"", 565, 30, 441], [""26"", 586, 23, 0], [""ER POW DER"", 644, 91, 570], [""1 양념"", 682, 49, 620], [""02주"", 699, 42, 622], [""NBANO"", 816, 91, 363]]"
000150,2026,08,12,2026-08-12,s1,소비기한/하단표시2까지 | 재질 | 보관및/ 직사광선을 피하고 서늘한 | 급/l 곳에 보관하/기/ 바랍니다 | 제조원/업회사법인한생(주)/ | 주의사항 및 보관방법 충남 서천군 장항읍 장항공02 | 개봉후냉창보관하 28117/041-956-1434 | 애널22O 유통전문판0원주)이0트/ | 3 | () / (02)380-5678 | 제8 품목보2번호200504/11/389 | 소비기한 | 2026.08.12 까지,"[[""소비기한/하단표시2까지"", 90, 55, 198], [""재질"", 165, 24, 208], [""직사광선을 피하고 서늘한"", 191, 42, 264], [""보관및/"", 194, 35, 205], [""급/l"", 224, 44, 201], [""곳에 보관하/기/ 바랍니다"", 220, 37, 269], [""제조원/업회사법인한생(주)/"", 256, 37, 207], [""주의사항 및 보관방법"", 276, 52, 14], [""충남 서천군 장항읍 장항공02"", 288, 34, 207], [""개봉후냉창보관하"", 302, 56, 17], [""28117/041-956-1434"", 316, 30, 210], [""유통전문판0원주)이0트/"", 348, 39, 206], [""애널22O"", 360, 49, 27], [""3"", 382, 41, 210], [""() / (02)380-5678"", 409, 44, 211], [""품목보2번호200504/11/389"", 441, 46, 208], [""제8"", 446, 39, 68], [""소비기한"", 478, 36, 211], [""2026.08.12"", 510, 47, 259], [""까지"", 523, 28, 467]]"
000151,2026,09,07,2026-09-07,s1,OBrand | TM | 0 | TM | Nd 2026.09.07 .B | 소비자다 | 법을 찾아 | 만드는 것 | 1과 철학 | 되는길,"[[""OBrand"", 99, 48, 1], [""TM"", 208, 24, 76], [""0"", 240, 54, 0], [""TM"", 364, 22, 119], [""Nd"", 402, 67, 0], [""2026.09.07 .B"", 401, 44, 189], [""소비자다"", 444, 42, 0], [""법을 찾아"", 506, 41, 0], [""만드는 것"", 540, 35, 0], [""1과 철학"", 574, 31, 0], [""되는길"", 609, 36, 2]]"
000152,2026,07,31,2026-07-31,s1,0 | 1자다 | 소비기한 | 2026.07.31.A | 120 | 약4장분5,"[[""0"", 288, 42, 0], [""1자다"", 320, 30, 0], [""소비기한"", 335, 30, 140], [""2026.07.31.A"", 360, 61, 234], [""120"", 864, 52, 467], [""약4장분5"", 900, 128, 411]]"
000153,2026,10,12,2026-10-12,s1,P 22 | 쌀가루 40% | EXP:2026/10-12E,"[[""22"", 272, 125, 196], [""P"", 313, 128, 26], [""쌀가루 40%"", 478, 102, 155], [""EXP:2026/10-12E"", 551, 30, 208]]"
000154,2027,08,13,2027-08-13,s1,JANd 2027.08.13 | 全 까지 | NO BrAd | 브랜,"[[""2027.08.13"", 455, 46, 233], [""JANd"", 487, 50, 0], [""까지"", 498, 43, 282], [""全"", 522, 41, 0], [""NO BrAd"", 758, 141, 39], [""브랜"", 820, 62, 531]]"
000155,2026,06,22,2026-06-22,s1,2026.06.22  08:26:40 L1,"[[""2026.06.22  08:26:40 L1"", 488, 46, 240]]"
000156,2026,07,29,2026-07-29,s1,까지/B | 2026.07.29 | 올2오 | NOBrANd | %666,"[[""까지/B"", 432, 54, 395], [""2026.07.29"", 450, 37, 216], [""올2오"", 487, 69, 0], [""NOBrANd"", 626, 121, 0], [""%666"", 759, 32, 617]]"
000157,2027,02,08,2027-02-08,hires,NUP2 11904 | 0aU1 N2 08/02/2027 | 2//1,"[[""NUP2"", 768, 53, 206], [""11904"", 760, 40, 587], [""08/02/2027"", 782, 51, 566], [""0aU1"", 800, 34, 414], [""N2"", 788, 21, 496], [""2//1"", 936, 41, 434]]"
000158,2028,07,20,2028-07-20,s1,100mg 물 30 09 | 가A0화8 | LE 0M9 0% | 长37% 1% 21DE | 话10% 得3g 3% F12308 | 00 0% | E랜/방09 | 포화지방 09 0% | 量0mg 0% | 단백질09 0% | 2028.07.20 16:34,"[[""100mg"", 67, 46, 193], [""09"", 53, 22, 630], [""가A0화8"", 82, 33, 273], [""물 30"", 72, 23, 628], [""LE 0M9"", 117, 48, 197], [""0%"", 120, 36, 384], [""1%"", 156, 33, 385], [""21DE"", 142, 28, 481], [""长37%"", 154, 29, 0], [""得3g"", 185, 45, 211], [""话10%"", 176, 27, 0], [""3%"", 194, 33, 385], [""00"", 216, 44, 210], [""F12308"", 200, 28, 446], [""0%"", 224, 35, 384], [""E랜/방09"", 250, 49, 217], [""포화지방 09"", 278, 49, 221], [""0%"", 287, 32, 385], [""量0mg"", 310, 54, 221], [""단백질09"", 333, 46, 225], [""0%"", 317, 30, 385], [""0%"", 346, 29, 385], [""2028.07.20 16:34"", 451, 67, 240]]"
000159,2027,01,08,2027-01-08,det5,보2 1랑식품 신고는 국번없0 | 1399 사용시주의사항/당분0로인해 MAT SUL | 사용하십시오 | 이미지 | 20형.및 | 0색 | 껑.LDPE | 2 OT HER | 소비기한 | 2027. 01.08.21 까지 | 21 0 0,"[[""보2"", 88, 39, 99], [""1랑식품 신고는 국번없0"", 88, 72, 131], [""1399"", 125, 40, 102], [""사용시주의사항/당분0로인해"", 156, 72, 98], [""MAT SUL"", 154, 33, 516], [""사용하십시오"", 284, 55, 129], [""이미지"", 352, 28, 557], [""20형.및"", 446, 31, 536], [""0색"", 520, 13, 270], [""2 OT HER"", 557, 21, 262], [""껑.LDPE"", 546, 17, 265], [""소비기한"", 577, 44, 187], [""2027."", 613, 46, 207], [""01.08.21"", 617, 52, 271], [""까지"", 605, 34, 407], [""21"", 809, 44, 407], [""0"", 829, 55, 530], [""0"", 849, 55, 663]]"
000160,2026,10,27,2026-10-27,s1,참치 | /PRO:2025/04/28 | 21 EXP:2026/10/27 | 0 | 3.780,"[[""참치"", 326, 65, 211], [""/PRO:2025/04/28"", 522, 39, 262], [""EXP:2026/10/27"", 546, 43, 268], [""21"", 569, 34, 4], [""0"", 611, 106, 0], [""3.780"", 896, 47, 373]]"
000161,2027,05,10,2027-05-10,s1,N1674 1004电 | 250g100G个 | 다상4 2산공장 | 0 | SY R2L 全数】/02-380-5678 | JP PEDN컵-20(PE | 号生卫20030484120103 :LDPE | 21.ONER | 2027.05:10 16153 | N1212,"[[""1004电"", 76, 23, 351], [""N1674"", 92, 32, 0], [""250g100G个"", 109, 34, 287], [""다상4 2산공장"", 148, 41, 286], [""0"", 236, 84, 101], [""全数】/02-380-5678"", 273, 30, 294], [""SY R2L"", 288, 21, 118], [""JP"", 336, 36, 6], [""PEDN컵-20(PE"", 334, 31, 298], [""号生卫20030484120103"", 364, 31, 266], ["":LDPE"", 362, 28, 481], [""21.ONER"", 380, 30, 474], [""2027.05:10 16153"", 508, 58, 284], [""N1212"", 838, 115, 592]]"
000162,2027,06,12,2027-06-12,s1,2에의거.교환또는보상 | 01399 | 05.10 16:5 | 2And | A.UP0 | 뚜정.LOPE | 21.PET | 훈연참치1 | 900ml(2） | N121 | 2027 .06. 12 亦 | 1.2kg | 4.580 노브래,"[[""2에의거.교환또는보상"", 94, 37, 0], [""01399"", 117, 37, 0], [""05.10 16:5"", 174, 42, 0], [""2And"", 288, 40, 128], [""A.UP0"", 319, 32, 128], [""뚜정.LOPE"", 368, 42, 482], [""21.PET"", 396, 43, 483], [""훈연참치1"", 493, 58, 649], [""900ml(2）"", 517, 55, 647], [""N121"", 548, 67, 640], [""2027 .06. 12 亦"", 572, 53, 233], [""1.2kg"", 863, 58, 0], [""4.580"", 935, 55, 55], [""노브래"", 937, 27, 617]]"
000163,2026,11,20,2026-11-20,s1,딸는곳1 | 2026. 1 1 . 20,"[[""딸는곳1"", 46, 30, 558], [""2026. 1 1 . 20"", 407, 40, 256]]"
000164,2026,04,27,2026-04-27,s1,보관시 지2를 0용하세요 | 1다 2026.04.27 | 는길 | 21 | 0,"[[""보관시 지2를 0용하세요"", 163, 36, 479], [""1다"", 482, 29, 0], [""2026.04.27"", 473, 50, 250], [""는길"", 519, 32, 0], [""21"", 672, 212, 0], [""0"", 908, 57, 3]]"
000165,2027,01,13,2027-01-13,s1,2는R1 | 보관시지2를 이용하세요. | 2027.01.13,"[[""2는R1"", 322, 28, 475], [""보관시지2를 이용하세요."", 361, 40, 384], [""2027.01.13"", 552, 83, 275]]"
000166,2027,08,18,2027-08-18,s1,팔는곳 | 보관시 지2를 0용하세요 | 2027.08.18 | 0/0분,"[[""팔는곳"", 146, 30, 427], [""보관시 지2를 0용하세요"", 212, 72, 317], [""2027.08.18"", 514, 117, 239], [""0/0분"", 819, 288, 0]]"
000167,2026,08,07,2026-08-07,s1,까지 B 2026.08.07 | 115mg | 탄 화물 25g 8 00 | 당류 89 20 00 | 1.9g | 09 0 | 0 % | 00,"[[""2026.08.07"", 492, 54, 283], [""까지 B"", 519, 44, 280], [""8"", 823, 22, 376], [""00"", 815, 24, 390], [""115mg"", 826, 45, 267], [""20"", 842, 27, 402], [""25g"", 848, 42, 288], [""00"", 859, 22, 414], [""89"", 873, 40, 304], [""탄 화물"", 893, 54, 134], [""1.9g"", 902, 49, 300], [""0"", 902, 22, 440], [""당류"", 930, 41, 144], [""09"", 924, 41, 326], [""0 %"", 928, 52, 429], [""00"", 947, 20, 470]]"
000168,2026,02,16,2026-02-16,s1,"1,580 | 2026.02.16F2 A ACCP","[[""1,580"", 316, 67, 290], [""2026.02.16F2"", 470, 40, 185], [""A ACCP"", 523, 28, 659]]"
000169,2026,03,18,2026-03-18,s1,2026.03.18 | 지 F1,"[[""2026.03.18"", 441, 63, 240], [""지"", 486, 41, 242], [""F1"", 494, 43, 363]]"
000170,2026,09,07,2026-09-07,s1,seesoreog8 | 2026.09.07AE,"[[""seesoreog8"", 378, 50, 121], [""2026.09.07AE"", 520, 87, 208]]"
000171,2026,05,27,2026-05-27,s1,"F1-C 13:38 | 2025.08.28早 | 2026.05.27外 | 제품명 초코 소프트콘 | 식품유형 초콜릿/가공품 | 내용량 120 g | 옥수수가루(옥수 | 탐,가공유지( | 시아산).코코2","[[""F1-C 13:38"", 512, 37, 249], [""2025.08.28早"", 548, 26, 249], [""2026.05.27外"", 583, 28, 248], [""제품명"", 788, 32, 226], [""초코 소프트콘"", 782, 35, 321], [""식품유형"", 822, 37, 218], [""초콜릿/가공품"", 818, 30, 323], [""내용량"", 853, 35, 225], [""120 g"", 850, 39, 321], [""옥수수가루(옥수"", 885, 40, 324], [""탐,가공유지("", 914, 45, 323], [""시아산).코코2"", 941, 38, 325]]"
000172,2026,06,10,2026-06-10,s1,F2-B15:33 | 2025.09.11早E | 2026.06.10 | 제조원 | 유통전문0 전남담양군 담양80 | 판매원 | 유지0을 | 원재료명,"[[""F2-B15:33"", 407, 44, 294], [""2025.09.11早E"", 435, 46, 287], [""2026.06.10"", 464, 42, 291], [""제조원"", 732, 29, 274], [""전남담양군 담양80"", 768, 40, 329], [""유통전문0"", 781, 35, 275], [""판매원"", 800, 35, 283], [""유지0을"", 882, 34, 348], [""원재료명"", 925, 36, 295]]"
000173,2026,09,17,2026-09-17,s1,JA O/0 | 1A1 | 1 1 | LOW SUG/AR | 全2026.09.17A1 | 기한,"[[""JA O/0"", 266, 80, 549], [""1A1"", 340, 73, 527], [""1 1"", 456, 27, 264], [""LOW SUG/AR"", 550, 31, 301], [""全2026.09.17A1"", 598, 55, 210], [""기한"", 630, 29, 212]]"
000174,2026,09,05,2026-09-05,s1,제조 | 2자 2025.09.06 | 2026.09.05A2,"[[""제조"", 418, 25, 202], [""2자"", 437, 24, 204], [""2025.09.06"", 435, 44, 246], [""2026.09.05A2"", 486, 45, 251]]"
000175,2026,06,28,2026-06-28,s1,A0 | YGE6 | 0 화0트1십 | 2025.09.29B A부터 | 2026.06.28 까지 | 맛있는 약속,"[[""A0"", 46, 95, 74], [""YGE6"", 128, 97, 334], [""화0트1십"", 216, 185, 579], [""0"", 205, 102, 30], [""2025.09.29B"", 515, 32, 212], [""A부터"", 506, 25, 464], [""2026.06.28"", 561, 32, 216], [""까지"", 550, 25, 464], [""맛있는 약속"", 572, 27, 501]]"
000176,2026,09,22,2026-09-22,s1,0 | 60 | SA TINE CR ACKERS 60 | 2025.09.23 0E | 2026.09.22 까지 | 맛았는약속 | 69g 01 | 22,"[[""0"", 173, 87, 383], [""60"", 210, 87, 556], [""60"", 388, 96, 523], [""SA TINE CR ACKERS"", 389, 37, 212], [""2025.09.23"", 497, 36, 195], [""0E"", 500, 45, 388], [""2026.09.22"", 548, 36, 193], [""까지"", 546, 25, 396], [""맛았는약속"", 566, 27, 428], [""01"", 820, 107, 627], [""69g"", 832, 91, 555], [""22"", 892, 68, 623]]"
000177,2026,08,18,2026-08-18,s1,RET | 02H SAble | 사브2 | 소비기한 2025.08.19 2026.08.18 A 부터 | 까지,"[[""RET"", 170, 41, 355], [""02H"", 436, 38, 235], [""SAble"", 440, 31, 346], [""사브2"", 490, 75, 279], [""소비기한"", 592, 109, 158], [""2025.08.19"", 568, 36, 228], [""부터"", 574, 35, 529], [""2026.08.18 A"", 603, 35, 226], [""까지"", 620, 35, 530]]"
000178,2026,06,25,2026-06-25,s1,T3신5 | HACCP | 2025.09.26 b2 | 2026.06.25 1E1 | 까지 있았는약속 | Y0E2 00하임,"[[""T3신5"", 98, 59, 220], [""HACCP"", 374, 49, 233], [""b2"", 434, 74, 456], [""2025.09.26"", 468, 55, 248], [""1E1"", 486, 20, 454], [""2026.06.25"", 509, 55, 249], [""까지 있았는약속"", 520, 36, 449], [""00하임"", 832, 176, 462], [""Y0E2"", 816, 75, 145]]"
000179,2026,06,29,2026-06-29,s1,11 가쁘레 | 2025.09.30 B4 导 | 2026.06.29 까지 | 맛있는 약속 | Y0E1 | /0,"[[""가쁘레"", 96, 93, 645], [""11"", 92, 27, 612], [""2025.09.30 B4 导"", 503, 94, 250], [""까지"", 512, 32, 473], [""맛있는 약속"", 529, 50, 476], [""2026.06.29"", 554, 61, 268], [""Y0E1"", 658, 67, 576], [""/0"", 811, 98, 316]]"
000180,2026,06,02,2026-06-02,s1,식품인전관2인증 | HACCP | 2025.09.26 HQ2 | 2026.06.2期 | 까지 찾있는약속 | 2/2,"[[""식품인전관2인증"", 381, 28, 234], [""HACCP"", 405, 32, 231], [""HQ2"", 487, 71, 421], [""2025.09.26"", 496, 35, 261], [""2026.06.2期"", 536, 46, 258], [""까지 찾있는약속"", 566, 27, 404], [""2/2"", 936, 31, 457]]"
000181,2026,09,08,2026-09-08,s1,2025.09.09 부터 | 2026.09.08 까지 | 맞있는2,"[[""부터"", 524, 35, 605], [""2025.09.09"", 556, 64, 231], [""까지"", 574, 40, 606], [""맞있는2"", 592, 39, 651], [""2026.09.08"", 612, 61, 250]]"
000182,2026,10,01,2026-10-01,s1,TEN MIN S TE HOUDB AAR TOT | 01 10 :2026 (E)01:57 | 114464504 | 450 | PAP 21 | CART ON  VER | CARDBOARD | 23 10 PAPER | ReC/Cling,"[[""TEN MIN S TE HOUDB AAR TOT"", 475, 35, 276], [""(E)01:57"", 514, 31, 392], [""01 10 :2026"", 530, 43, 184], [""114464504"", 536, 28, 394], [""450"", 581, 44, 665], [""PAP 21"", 666, 25, 584], ["" VER"", 676, 21, 687], [""CART ON"", 686, 27, 590], [""CARDBOARD"", 702, 27, 586], [""23"", 736, 31, 463], [""10"", 731, 28, 515], [""PAPER"", 722, 29, 600], [""ReC/Cling"", 740, 25, 597]]"
000183,2027,07,28,2027-07-28,s1,"면0찰 분지고면의 탄력8 상 세물2나 가루로만들0 배유 부분만 도정하여 만든 100% 듀럼밀의배유를2아 100% 파스타2의 비밀 0탈2아 /.니아 폰타나 4,480 | 갓았는 및으로 떠나는 0행  PROD.DATE:2024.07.29 | EXP.DATE: 2027.07.28 | B1ML21124 16:13","[[""4,480"", 128, 61, 559], [""파스타2의 비밀"", 222, 170, 224], [""0탈2아 /.니아"", 229, 194, 256], [""폰타나"", 165, 60, 301], [""100%"", 264, 219, 111], [""듀럼밀의배유를2아"", 224, 143, 144], [""100%"", 214, 135, 177], [""면0찰 분지고면의 탄력8 상"", 273, 216, 19], [""세물2나 가루로만들0"", 236, 138, 43], [""배유 부분만 도정하여 만든"", 242, 156, 60], [""갓았는"", 496, 74, 3], [""및으로 떠나는 0행 "", 536, 172, 34], [""PROD.DATE:2024.07.29"", 514, 60, 183], [""2027.07.28"", 540, 44, 338], [""EXP.DATE:"", 558, 45, 186], [""16:13"", 575, 40, 380], [""B1ML21124"", 593, 47, 188]]"
000184,2027,11,19,2027-11-19,s1,".75 | 4,280 행1 | 설는시간 | L19MZR2 7-9분 | 19112027 | DIV ELL A 20벨라 스파게E 맛있게 | Pr0 OTo N 1OG dA F.DIVELA S.p.A","[["".75"", 20, 34, 458], [""행1"", 337, 105, 593], [""4,280"", 379, 70, 210], [""설는시간"", 440, 25, 629], [""7-9분"", 462, 33, 627], [""L19MZR2"", 488, 41, 294], [""19112027"", 520, 44, 284], [""DIV ELL A"", 602, 74, 263], [""20벨라 스파게E 맛있게"", 602, 43, 526], [""Pr0 OTo N 1OG dA F.DIVELA S.p.A"", 653, 51, 224]]"
000185,2028,03,15,2028-03-15,s1,CJ琴大哥日吧500g | 500 | 영양정보 100g365kcal | PP | 1.7g3%0 | 콜레스테를 0Mg 0% 11 g20% | 000kcal7 C80-50-1200 | 1666-5471号） | NCo | 읽는법.2.월.연도순 E.DATE.15/03/2028 까지 | 필2 원산지0탈2아산 | -+100% 2함유 L135T M2 21.18 | 질수있.니 주의하시기 | 양식품 신고는 국번없이 | 사용한 제품 과 같은 제 | 을수 있니다..제품 | 주십/2,"[[""CJ琴大哥日吧500g"", 184, 31, 230], [""영양정보"", 258, 35, 85], [""500"", 264, 38, 375], [""100g365kcal"", 292, 37, 359], [""1.7g3%0"", 336, 49, 62], [""콜레스테를 0Mg 0%"", 361, 40, 60], [""PP"", 346, 23, 578], [""11"", 370, 29, 262], [""g20%"", 378, 33, 344], [""000kcal7"", 420, 37, 383], [""C80-50-1200"", 432, 37, 542], [""1666-5471号）"", 452, 38, 543], [""NCo"", 466, 27, 523], [""읽는법.2.월.연도순"", 488, 45, 16], [""필2"", 513, 24, 5], [""원산지0탈2아산"", 523, 50, 32], [""E.DATE.15/03/2028 까지"", 522, 59, 219], [""-+100%"", 547, 34, 0], [""2함유"", 562, 38, 122], [""질수있.니 주의하시기"", 585, 48, 1], [""L135T M2 21.18"", 581, 37, 274], [""양식품 신고는 국번없이"", 610, 45, 2], [""사용한 제품 과 같은 제"", 635, 44, 3], [""을수 있니다..제품"", 660, 50, 0], [""주십/2"", 678, 32, 0]]"
000186,2028,04,14,2028-04-14,s1,A1 | Tagliolini | 2028/04/14 | L-0210 05 | FRESCO | 시작원/G1,"[[""A1"", 30, 45, 0], [""Tagliolini"", 182, 110, 279], [""2028/04/14"", 448, 59, 255], [""L-0210 05"", 486, 46, 264], [""FRESCO"", 585, 28, 300], [""시작원/G1"", 623, 42, 283]]"
000187,2028,02,05,2028-02-05,s1,2 | ANUN  NIT    21 2028/02/05 98:80 %00兰 | LO6T N2,"[[""   21"", 268, 382, 121], [""2"", 134, 125, 375], [""ANUN  NIT"", 266, 356, 8], [""%00兰"", 286, 265, 566], [""2028/02/05"", 424, 33, 285], [""98:80"", 436, 53, 426], [""LO6T"", 460, 35, 283], [""N2"", 466, 30, 386]]"
000188,2027,09,30,2027-09-30,s1,FRES | 프레스/ 마카2니는신0 | 류립밀 세울2나(9)를 직접 | A/ACAR ON2 선별업선하여관리합니다 | 오두기 2레스크 스케티스스와1 | 함하2 전문 파 2정의 | 맛을 가정에서도 순쉽게 | 즐기 수 있습니다 | 넘치는을 0 | 물기를완전하떤 | 0상 오루기 골드 0요너 | 한곳에 보관 2027/09/30 간단하게 맞았는 20 | 완할수있습니다 | 2-2 L24550 02 | N345ka | 补型量70g22% 제조원 880104536050 | 电器17 Past/ü.C1 FA.ANe1/ .p.A | 280503% | 聘盟13g24% 1입판매원 | 주시회V 1기 | 경기도 안양시 동안구 | 405,"[[""FRES"", 156, 55, 406], [""프레스/ 마카2니는신0"", 252, 73, 374], [""A/ACAR ON2"", 251, 35, 251], [""류립밀 세울2나(9)를 직접"", 272, 70, 371], [""선별업선하여관리합니다"", 291, 64, 366], [""오두기 2레스크 스케티스스와1"", 312, 73, 353], [""함하2 전문 파 2정의"", 332, 69, 353], [""맛을 가정에서도 순쉽게"", 352, 59, 363], [""즐기 수 있습니다"", 373, 52, 369], [""0상"", 414, 27, 208], [""넘치는을 0"", 460, 71, 559], [""한곳에 보관"", 454, 39, 195], [""2-2"", 494, 39, 185], [""2027/09/30"", 503, 70, 299], [""물기를완전하떤"", 494, 53, 552], [""오루기 골드 0요너"", 513, 50, 549], [""L24550"", 539, 58, 288], [""간단하게 맞았는 20"", 554, 52, 543], [""N345ka"", 572, 49, 179], [""02"", 554, 23, 415], [""완할수있습니다"", 572, 48, 541], [""补型量70g22%"", 593, 60, 160], [""电器17"", 624, 71, 152], [""제조원"", 636, 48, 268], [""280503%"", 647, 49, 148], [""聘盟13g24%"", 682, 71, 140], [""Past/ü.C1 FA.ANe1/ .p.A"", 677, 70, 262], [""1입판매원"", 701, 48, 259], [""880104536050"", 705, 36, 522], [""주시회V 1기"", 758, 51, 285], [""경기도 안양시 동안구"", 781, 66, 235], [""405"", 796, 57, 227]]"
000189,2026,08,25,2026-08-25,s1,"19:09 | 듀2 | 료 ADS | 흑후추 | 2소1 1담및구입 | 성분간입가.늘하고조한곳0 | 보관하0도질우가있니가적 | 본지품은 소비에의 교환 또는 | 80019-9119 | 15:410 | 2026.08.25 2-32号250g（895kca） 0탈2/아산(OEM) 2개 | 1구에시 | 50 0스E2 | 9,980 경사성 | 50 | 18/0/8","[[""19:09"", 51, 32, 513], [""듀2"", 128, 20, 527], [""료"", 174, 25, 209], [""ADS"", 185, 22, 254], [""흑후추"", 205, 22, 251], [""2소1"", 273, 22, 257], [""1담및구입"", 273, 32, 279], [""성분간입가.늘하고조한곳0"", 320, 31, 239], [""보관하0도질우가있니가적"", 342, 29, 231], [""본지품은 소비에의 교환 또는"", 364, 31, 211], [""2-32号250g（895kca）"", 506, 245, 479], [""80019-9119"", 410, 29, 209], [""0탈2/아산(OEM)"", 518, 213, 523], [""15:410"", 469, 20, 338], [""2026.08.25"", 502, 29, 272], [""2개"", 578, 103, 584], [""1구에시"", 638, 61, 594], [""50"", 692, 64, 34], [""9,980"", 730, 72, 155], [""0스E2"", 711, 32, 589], [""경사성"", 735, 34, 599], [""50"", 785, 40, 601], [""18/0/8"", 830, 33, 578]]"
000190,2022,11,26,2022-11-26,s1,185114615 223. 222.11.26 | 21 | 제품명 바실리/ 스PB소스 是29%） | 2 .FN SA2 | UP0/1/(주) | 3027 | 경위연2까지2// | 용가유리뚜껑-2제,"[[""223. 222.11.26"", 426, 46, 207], [""185114615"", 414, 31, 219], [""21"", 660, 77, 49], [""제품명"", 716, 22, 234], [""바실리/ 스PB소스"", 730, 40, 254], [""是29%）"", 754, 47, 408], [""2 .FN SA2"", 786, 46, 255], [""UP0/1/(주)"", 806, 39, 252], [""3027"", 831, 52, 252], [""경위연2까지2//"", 858, 46, 254], [""용가유리뚜껑-2제"", 887, 26, 360]]"
000191,2026,06,NONE,2026-06-NONE,s1,22 | 20 | 2堂：080-2193-0750（） | 개2 | 소0기한 15A | 2026 06 | 토바P질,"[[""22"", 260, 33, 105], [""20"", 292, 25, 111], [""2堂：080-2193-0750（）"", 354, 52, 160], [""개2"", 432, 35, 189], [""소0기한"", 486, 42, 190], [""2026"", 528, 34, 243], [""06"", 527, 20, 351], [""15A"", 506, 61, 417], [""토바P질"", 940, 36, 0]]"
000192,2028,06,24,2028-06-24,s2,ESIAR | 식품  | 소비기한 22 | R电N办E文U美ONEEDE | D80-2193-075017年号 | GOOD | 소비26 | 350.g 01 21 28 .06.240XID | (508 kcal | 350 | 0g2280,"[[""ESIAR"", 130, 30, 305], [""식품 "", 167, 50, 48], [""22"", 184, 35, 117], [""소비기한"", 198, 44, 57], [""R电N办E文U美ONEEDE"", 202, 45, 297], [""D80-2193-075017年号"", 282, 32, 226], [""GOOD"", 324, 59, 643], [""소비26"", 414, 33, 192], ["".06.240XID"", 434, 65, 287], [""350.g"", 454, 48, 70], [""28"", 460, 24, 359], [""(508 kcal"", 483, 54, 50], [""350"", 531, 46, 666], [""0g2280"", 933, 34, 0], [""01"", 458, 19, 262], [""21"", 460, 22, 309]]"
000193,2026,03,06,2026-03-06,s1,Bol6 | 05 | 볼로네12 | 2026.03.06F | 신선한 토05 | 31분 | 2개 0상 구매 시 50,"[[""Bol6"", 320, 182, 478], [""05"", 435, 28, 269], [""볼로네12"", 510, 77, 578], [""신선한 토05"", 595, 93, 544], [""2026.03.06F"", 561, 140, 232], [""31분"", 617, 48, 574], [""50"", 794, 190, 394], [""2개"", 766, 113, 165], [""0상 구매 시"", 840, 46, 189]]"
000194,2027,04,23,2027-04-23,s1,유1전 | 2바기 （ | 1용 33g | 100%（） | 보20200902/51/831 | COCK | 2027.04.23 | 까지 | 0.LA2N | RBMIX | ROS | 2안허브스 | 로즈 | 100 | 피코3,"[[""유1전"", 265, 32, 311], [""2바기"", 320, 21, 313], [""（"", 316, 33, 363], [""1용"", 346, 23, 317], [""33g"", 346, 20, 364], [""100%（）"", 367, 36, 356], [""보20200902/51/831"", 393, 34, 305], [""COCK"", 412, 27, 0], [""2027.04.23"", 450, 40, 308], [""까지"", 468, 28, 455], [""0.LA2N"", 496, 26, 0], [""RBMIX"", 522, 26, 0], [""ROS"", 561, 49, 637], [""2안허브스"", 586, 43, 0], [""로즈"", 660, 52, 646], [""100"", 689, 44, 633], [""피코3"", 940, 42, 92]]"
000195,2027,07,01,2027-07-01,s1,PARS23 | 식름11항(조 | 100% | 제조원 总营2106.B107.8 | 포장1 | ABS1.0가-201012 | 소비기한 제품/도0/까.년 | 20090275178346 | 2027.07.01 | 까지 | M21 | 0E | 215027H,"[[""PARS23"", 174, 34, 615], [""식름11항(조"", 248, 33, 249], [""100%"", 276, 30, 248], [""제조원"", 312, 25, 249], [""总营2106.B107.8"", 324, 35, 299], [""포장1"", 368, 29, 246], [""ABS1.0가-201012"", 392, 30, 301], [""소비기한 제품/도0/까.년"", 418, 32, 247], [""20090275178346"", 442, 29, 244], [""2027.07.01"", 512, 39, 249], [""까지"", 536, 35, 423], [""M21"", 784, 30, 338], [""0E"", 805, 28, 330], [""215027H"", 906, 130, 3]]"
000196,2027,02,27,2027-02-27,s1,"22비장 | 2 | 02 | 3.980 | 3,980 | 4.980 | 2027.02.27-1 22H50","[[""22비장"", 43, 86, 337], [""2"", 86, 50, 377], [""3.980"", 196, 49, 61], [""02"", 256, 34, 665], [""3,980"", 284, 60, 248], [""4.980"", 428, 73, 563], [""2027.02.27-1"", 574, 43, 235], [""22H50"", 664, 107, 605]]"
000197,2026,07,30,2026-07-30,s1,"기1즈키진 브2 비프카러 뚜기 오즈키친 고추0 | 3,980 2시일 내에 상품을 준비 해당 상품은 품절되 | (5)483603 | 2026.07.30","[[""기1즈키진 브2 비프카러"", 162, 23, 7], [""뚜기 오즈키친 고추0"", 160, 29, 522], [""3,980"", 228, 55, 89], [""해당 상품은 품절되"", 215, 28, 553], [""2시일 내에 상품을 준비"", 237, 32, 528], [""(5)483603"", 288, 29, 600], [""2026.07.30"", 531, 40, 175]]"
000198,2022,01,11,2022-01-11,rot90,"822118 | 드라이 카레 풍부하게들어간 다진22가 180 | 2 3,980 | KC 진한맛 2기 와일드하고 향신2와  BECNT | 22 02 소금 원료명 제품명 공는물0용시 영 8 | 화상에 소기상단/까지 |오즈키친 포크키마 2 을 /넣고3분간대워 드십시오 1 2 0.5g 3元9g9% | ..... | 21 | |포장재질 27 [유형/석조2식 11 01 22 量45mg15%12g22% 40% 16g30% 790mg40%E个点量13g 총내용량 | 03 245 00g台26219 | 24 | 0 오뚜기 오즈키친 토05","[[""822118"", 28, 55, 900], [""180"", 100, 201, 907], [""드라이 카레"", 48, 56, 525], [""풍부하게들어간"", 46, 61, 541], [""다진22가"", 43, 56, 558], [""3,980"", 148, 124, 827], [""2기 와일드하고"", 174, 82, 533], [""향신2와"", 175, 54, 552], [""2"", 152, 26, 573], [""진한맛"", 175, 44, 514], ["" BECNT"", 182, 57, 567], [""소기상단/까지"", 272, 187, 75], [""소금"", 202, 40, 136], [""원료명"", 204, 60, 249], [""제품명"", 205, 62, 269], [""2 을 /넣고3분간대워 드십시오"", 292, 229, 341], [""공는물0용시"", 226, 95, 366], [""KC"", 190, 34, 464], [""22"", 203, 14, 23], [""02"", 202, 23, 47], [""화상에"", 233, 45, 0], [""|오즈키친 포크키마"", 304, 157, 264], [""0.5g"", 314, 149, 549], [""3元9g9%"", 299, 116, 573], [""영 8"", 285, 84, 628], [""1"", 273, 10, 425], [""量45mg15%12g22%"", 416, 299, 524], [""790mg40%E个点量13g"", 427, 238, 594], [""2"", 354, 8, 423], [""|포장재질"", 402, 76, 71], [""....."", 370, 19, 418], [""21"", 384, 17, 418], [""16g30%"", 456, 147, 576], [""[유형/석조2식"", 466, 136, 260], [""22"", 417, 30, 415], [""11"", 398, 11, 423], [""01"", 428, 19, 417], [""40%"", 492, 152, 548], [""27"", 448, 19, 94], [""총내용량"", 512, 69, 648], [""03"", 508, 25, 415], [""245"", 519, 42, 630], [""0"", 538, 15, 206], [""24"", 544, 23, 403], [""00g台26219"", 585, 86, 851], [""오뚜기 오즈키친 토05"", 628, 183, 859]]"
000199,2027,09,07,2027-09-07,s1,20키진 Lalit Mohan | 196903640041717 | 0토. /고기/8 0통2문 | 118 펜매원 A구1무로2 | 포장재질/내면-풀2에틸런 | 시설에/서저/조하고있 1의사 2/지 02 | 개봉후보관/시에는 별 하0 십시2 | 100g450kcal 2150 | 号58918%19g19% | 0610g67% | E10g18% | 8801005001144 | 080-875-9999 | WWW.TasA.co.kr 2027.09.07 B1,"[[""20키진"", 15, 26, 0], [""Lalit Mohan"", 26, 27, 311], [""196903640041717"", 107, 39, 86], [""0토. /고기/8"", 212, 27, 1], [""0통2문"", 228, 27, 273], [""118"", 240, 25, 0], [""펜매원"", 246, 24, 271], [""A구1무로2"", 250, 34, 333], [""포장재질/내면-풀2에틸런"", 270, 26, 122], [""02"", 318, 56, 417], [""시설에/서저/조하고있"", 324, 28, 10], [""1의사"", 326, 27, 299], [""2/지"", 332, 36, 386], [""개봉후보관/시에는"", 344, 24, 137], [""별 하0"", 348, 27, 305], [""십시2"", 351, 25, 386], [""100g450kcal"", 393, 36, 56], [""2150"", 407, 72, 574], [""号58918%19g19%"", 414, 41, 0], [""0610g67%"", 434, 41, 0], [""E10g18%"", 455, 34, 1], [""8801005001144"", 489, 44, 257], [""080-875-9999"", 505, 38, 13], [""WWW.TasA.co.kr"", 522, 29, 6], [""2027.09.07 B1"", 558, 65, 270]]"
000200,2021,03,28,2021-03-28,rot180,8(092) | %9 O2T MY | B9 8 M9OL 1 M8R | （号） BO01 | D80 | 30/8//3 2NC | 821/3/28NG 01 | 品百居 | 8 | 2/2 | 00 2E/C | 10 | ANC | DOO/.)2EC3 | 1,"[[""%9"", 6, 11, 150], [""O2T MY"", 14, 28, 247], [""（号）"", 34, 40, 114], [""B9 8"", 25, 23, 234], [""8(092)"", 13, 16, 486], [""BO01"", 37, 20, 319], [""M9OL 1"", 30, 10, 341], [""M8R"", 41, 21, 510], [""30/8//3"", 58, 15, 163], [""D80"", 50, 15, 316], [""821/3/28NG"", 72, 27, 57], [""2NC"", 78, 13, 483], [""01"", 88, 11, 425], [""品百居"", 206, 34, 561], [""8"", 224, 29, 570], [""2/2"", 275, 24, 345], [""00"", 384, 44, 336], [""2E/C"", 392, 49, 413], [""10"", 425, 20, 52], [""ANC"", 504, 10, 682], [""DOO/.)2EC3"", 676, 27, 169], [""1"", 886, 40, 404]]"
000201,2027,03,30,2027-03-30,s1,카2/는 노란오뚜기 카21 2 | 최고의 견강요2입니다 | 3.780 | 2.380 | 2027.03.300 S2 | 13:583D11P | 비밀/2 약간매운 글루텐프2 | 카레20스 | OTTO GI GLUTEN FREE CURRY MEDIUM | 재료(41분) | A1 2시피 | 1 초2방법 | 230% | 44.1% | 오누기 례억간0운맛2준 다음밥 위에없어내면 완성됩니다 | 유형 상단 표시2/까 | 원료명 | 是是，人 | 1장재 제조원 주식회사 오뚜기1 | 돼지고21,"[[""카2/는"", 102, 71, 0], [""노란오뚜기 카21"", 114, 71, 250], [""2"", 127, 32, 590], [""최고의 견강요2입니다"", 160, 57, 283], [""3.780"", 266, 56, 0], [""2.380"", 334, 58, 321], [""2027.03.300"", 490, 37, 213], [""13:583D11P"", 517, 40, 234], [""S2"", 520, 24, 608], [""비밀/2"", 554, 51, 70], [""약간매운"", 560, 40, 201], [""글루텐프2"", 563, 26, 342], [""OTTO GI GLUTEN FREE CURRY MEDIUM"", 590, 40, 67], [""카레20스"", 588, 33, 339], [""A1 2시피"", 640, 55, 70], [""재료(41분)"", 623, 30, 337], [""1"", 678, 51, 51], [""230%"", 702, 48, 54], [""초2방법"", 692, 27, 336], [""44.1%"", 726, 51, 53], [""오누기 례억간0운맛2준"", 754, 31, 186], [""유형"", 776, 32, 57], [""다음밥 위에없어내면 완성됩니다"", 772, 29, 336], [""원료명"", 800, 35, 54], [""상단 표시2/까"", 812, 23, 568], [""是是，人"", 894, 57, 67], [""1장재"", 916, 35, 63], [""돼지고21"", 946, 26, 73], [""제조원"", 942, 30, 295], [""주식회사 오뚜기1"", 944, 32, 394]]"
000202,2027,02,06,2027-02-06,s1,2+1 2+1 | 02 | 2+1 21 | 1천짜장 S1 2027.02.06 | 05144 F3.1 | 있.는.3.분.요.2 까지,"[[""2+1"", 121, 68, 619], [""2+1"", 152, 69, 119], [""02"", 268, 25, 478], [""2+1"", 390, 47, 86], [""21"", 379, 50, 298], [""1천짜장"", 511, 70, 3], [""S1"", 504, 21, 233], [""2027.02.06"", 508, 30, 282], [""05144 F3.1"", 536, 35, 277], [""있.는.3.분.요.2"", 572, 29, 3], [""까지"", 568, 23, 421]]"
000203,2026,06,NONE,2026-06-NONE,s1,号马型7州2001038182580 소세기한 하단 | 산1.돼지고기.5 양마.국산).춘5 카2엘색소1 | 신도조절제0 20U온.특제 빈성전분.대1 | 02) 고기.쇠고기.3 | 곡면내 14-38. 358-7 | 주0/서2특 내연-폴2프로 | 제품은 소8 기본법에 거.교한 또 가능.부정/10식 | 접추 | 온보관 | 8180g150kcal | 号22g7%号8g8% | 0.7g5% | 713% 8801005200257 | 안전관2인6 2026 | M A C CP B3 56 | OT ER,"[[""号马型7州2001038182580"", 50, 65, 0], [""산1.돼지고기.5"", 76, 35, 0], [""양마.국산).춘5"", 91, 60, 146], [""소세기한 하단"", 90, 67, 296], [""신도조절제0"", 105, 38, 0], [""20U온.특제"", 121, 52, 149], [""카2엘색소1"", 130, 53, 351], [""02)"", 136, 35, 0], [""빈성전분.대1"", 159, 52, 344], [""곡면내"", 166, 35, 2], [""14-38."", 186, 48, 155], [""고기.쇠고기.3"", 186, 57, 314], [""주0/서2특"", 199, 36, 2], [""358-7"", 218, 64, 313], [""내연-폴2프로"", 252, 53, 370], [""제품은 소8"", 258, 31, 8], [""기본법에 거.교한 또"", 276, 53, 121], [""가능.부정/10식"", 307, 52, 366], [""온보관"", 350, 37, 359], [""접추"", 343, 25, 485], [""8180g150kcal"", 384, 60, 21], [""号22g7%号8g8%"", 410, 57, 0], [""0.7g5%"", 432, 57, 0], [""713%"", 454, 43, 0], [""8801005200257"", 502, 41, 274], [""안전관2인6"", 529, 31, 16], [""M A C CP"", 548, 34, 13], [""2026"", 558, 38, 214], [""OT ER"", 592, 37, 85], [""B3"", 587, 34, 245], [""56"", 591, 24, 390]]"
000204,2026,06,18,2026-06-18,s1,"681 | 화제.레시8.8 10 | 고추기를.홍1 | '2추액기스,화조.대무 0늘 0조유 22 생1 | 2원장)쇠고기추출액.2소 정제 2 | 0한 | ANNA 03 | 180g210kcal | 含1394%8595% | 0g2913% | %E412922% | 88010052C0127 | 소비자 | HACCP | 0T ER 2026.06.18 | 18:44F2L7","[[""화제.레시8.8"", 30, 45, 403], [""681"", 22, 28, 540], [""고추기를.홍1"", 54, 53, 397], [""10"", 46, 24, 526], [""'2추액기스,화조.대무"", 64, 32, 213], [""2원장)쇠고기추출액.2소"", 69, 34, 46], [""0늘 0조유"", 75, 46, 382], [""22"", 86, 20, 485], [""생1"", 98, 27, 524], [""정제"", 118, 27, 504], [""2"", 132, 26, 542], [""0한"", 211, 34, 510], [""ANNA 03"", 242, 35, 8], [""180g210kcal"", 306, 53, 146], [""含1394%8595%"", 324, 61, 107], [""0g2913%"", 343, 60, 94], [""%E412922%"", 356, 48, 76], [""소비자"", 408, 23, 68], [""88010052C0127"", 428, 64, 292], [""HACCP"", 430, 34, 104], [""0T ER"", 473, 34, 150], [""2026.06.18"", 490, 47, 280], [""18:44F2L7"", 514, 48, 279]]"
000205,2027,05,18,2027-05-18,s1,1UTT | JU JU- BEST BEFORE(0D/MM/YYY) | LDEN CURRY 18.5.2027 | AUCE W ITh VEGET ABLES | 3.580,"[[""1UTT"", 220, 81, 541], [""BEST BEFORE(0D/MM/YYY)"", 408, 43, 205], [""JU JU-"", 449, 32, 0], [""18.5.2027"", 444, 40, 252], [""LDEN CURRY"", 469, 62, 0], [""3.580"", 494, 41, 509], [""AUCE W ITh VEGET ABLES"", 504, 43, 0]]"
000206,2026,05,08,2026-05-08,s1,"号三2（仓）115g | 100g31139 | 3,580 3,580 | 85362130 15/0//2 (D)853607 | 1운9 2UAPY | .소비기한 | 2026.05.08 16:38 | B1 | 까지","[[""100g31139"", 37, 38, 289], [""3,580"", 58, 79, 437], [""号三2（仓）115g"", 54, 66, 0], [""3,580"", 117, 80, 67], [""(D)853607"", 108, 37, 400], [""15/0//2"", 127, 32, 304], [""85362130"", 156, 46, 75], [""2UAPY"", 291, 75, 507], [""1운9"", 361, 116, 0], ["".소비기한"", 544, 31, 44], [""2026.05.08 16:38"", 582, 51, 176], [""B1"", 571, 32, 536], [""까지"", 644, 30, 536]]"
000207,2026,09,24,2026-09-24,s1,JAVA GUNYG3 JAV A1 | 소비 | 기한 2026.9.24/A-Q,"[[""JAVA GUNYG3"", 150, 225, 374], [""JAV A1"", 168, 119, 468], [""소비"", 510, 30, 99], [""2026.9.24/A-Q"", 533, 44, 192], [""기한"", 538, 33, 98]]"
000208,2026,04,13,2026-04-13,s1,233 | JAVASIMY | (MONTH.DAY.YEAR) EhouseFoedh JAV A CURRY UT 02U | 4.13.2026/B-V HOT,"[[""233"", 114, 162, 377], [""JAVASIMY"", 216, 181, 514], [""JAV A"", 532, 53, 505], [""UT 02U"", 515, 32, 613], [""EhouseFoedh"", 536, 32, 373], [""CURRY"", 540, 31, 616], [""(MONTH.DAY.YEAR)"", 547, 26, 203], [""4.13.2026/B-V"", 583, 26, 269], [""HOT"", 586, 45, 599]]"
000209,2020,08,22,2020-08-22,rot270,031028/816 可o2号 0 | 12N  | 22 | 02 0 3YN위0/N | ) 6ML 2 JEO /GLT 02 /A1 %6 %81 %61 %1E %8 22 20,"[[""031028/816"", 122, 147, 420], [""可o2号"", 124, 83, 470], [""0"", 152, 37, 644], [""12N "", 239, 76, 541], [""22"", 313, 48, 571], [""3YN위0/N"", 457, 351, 708], [""0"", 413, 28, 572], [""02"", 477, 22, 440], ["")"", 676, 85, 123], [""6ML 2"", 674, 93, 338], [""JEO /GLT"", 677, 85, 374], [""02"", 677, 86, 406], [""/A1"", 678, 83, 431], [""%6"", 681, 76, 465], [""%81"", 680, 66, 500], [""%61"", 683, 65, 536], [""%1E"", 688, 63, 569], [""%8"", 694, 51, 644], [""22"", 694, 41, 683], [""20"", 698, 31, 722]]"
000210,2028,08,02,2028-08-02,rot270,22 | EN S0 2 YA /28 08 2 N23 N6 8 /18/YB//AY 1%880化亮 OY | 2 %880 2 어YN1 | 0862 BIRIEI AONS ANNG ASMA8 GOL1 2 E25 ()I1012& | J80 20 | 눈 극2,"[[""S0 2 YA /28 08 2 N23 N6 8"", 211, 351, 614], [""/18/YB//AY"", 163, 222, 665], [""22"", 102, 24, 942], [""EN"", 140, 38, 432], [""1%880化亮"", 217, 136, 710], [""OY"", 216, 31, 747], [""%880"", 342, 131, 705], [""어YN1"", 397, 65, 885], [""2"", 390, 12, 620], [""2"", 408, 62, 825], [""2"", 427, 80, 575], [""BIRIEI"", 539, 252, 450], [""0862"", 482, 159, 36], [""AONS ANNG ASMA8 GOL1"", 526, 204, 494], [""()I1012&"", 544, 182, 804], [""E25"", 587, 80, 682], [""20"", 614, 24, 670], [""J80"", 622, 16, 645], [""눈 극2"", 696, 47, 370]]"
000211,2026,02,12,2026-02-12,s1,E8 | 2026.02.1203 | 19:23#2 | DW S 17 | 3.700 | 3.700,"[[""E8"", 470, 28, 255], [""2026.02.1203"", 487, 119, 170], [""19:23#2"", 521, 94, 183], [""DW S 17"", 552, 81, 350], [""3.700"", 732, 40, 0], [""3.700"", 760, 43, 399]]"
000212,2023,12,16,2023-12-16,clahe,01U/엔 | 023.12:16 | 1:16SF17L | 0 | 01 쇠고기스프 molle | 다있다1 HA CCF | OT ER | 02 고끓을 때까지 | 시작하면,"[[""01U/엔"", 356, 27, 488], [""023.12:16"", 530, 35, 261], [""1:16SF17L"", 551, 36, 251], [""쇠고기스프"", 610, 87, 164], [""0"", 576, 17, 518], [""01"", 591, 24, 118], [""molle"", 626, 22, 505], [""다있다1"", 640, 17, 505], [""HA CCF"", 650, 10, 567], [""OT ER"", 678, 20, 608], [""고끓을 때까지"", 788, 18, 389], [""02"", 793, 10, 341], [""시작하면"", 802, 13, 441]]"
000213,2026,03,20,2026-03-20,s1,소비기한 2까지 | 2026.03.20/L | VONO 03바스표,"[[""소비기한"", 534, 31, 113], [""2까지"", 526, 29, 556], [""2026.03.20/L"", 586, 49, 199], [""03바스표"", 646, 46, 181], [""VONO"", 662, 24, 115]]"
000214,2026,08,13,2026-08-13,s1,8：21：2 | 동축액/서 나타나 2연적1 | 현상이므로 안심하고 드셔로 | 됩니다 | 본제품은 소비자/본법에 | 의거 교환 또는 보상 | 부정 불량식품 신2는 | 11399 | 소비자중 | 민용기는 개응이 분리수기하여 재용합.한사원.개끗한 경 | 2026.08:13 /14:-16 | 까지,"[[""8：21：2"", 46, 39, 273], [""동축액/서 나타나 2연적1"", 199, 51, 222], [""현상이므로 안심하고 드셔로"", 225, 50, 222], [""됩니다"", 257, 36, 221], [""본제품은 소비자/본법에"", 276, 43, 218], [""의거 교환 또는 보상"", 302, 36, 222], [""부정 불량식품 신2는"", 328, 37, 220], [""11399"", 354, 31, 224], [""소비자중"", 406, 23, 288], [""민용기는 개응이 분리수기하여 재용합.한사원.개끗한 경"", 458, 31, 222], [""2026.08:13 /14:-16"", 528, 42, 268], [""까지"", 546, 21, 503]]"
000215,2026,10,14,2026-10-14,det5,"참전물 또2 유래 성분이므로 안심하시고 사용하셔도 | 됩니다 보관중 갈변이 발생 할 수 있으나 과실 | 농축액/서나타나는자연적인 현상/02 모.22 | 안심하고 드셔도 됩니다 | 본제품은 소비자기/본법0 | 의거 교환 또는 보상 | 부정 불량식품 신고는 | 1399 | 1상 구에시 2150 H AC CP 소비자증심 2개 | 2026.10. 14 0상구매시 | 11,980 | 1초 | 행사상품 1 | 2개구매시 10ml1 | 50 26 | 21 | 17/0/个/周/ | 1051","[[""참전물 또2"", 19, 44, 113], [""유래 성분이므로 안심하시고 사용하셔도"", 36, 80, 121], [""됩니다"", 90, 47, 131], [""보관중 갈변이 발생 할 수 있으나 과실"", 105, 84, 133], [""모.22"", 150, 50, 549], [""농축액/서나타나는자연적인 현상/02"", 138, 86, 146], [""안심하고 드셔도 됩니다"", 180, 62, 152], [""본제품은 소비자기/본법0"", 214, 62, 153], [""의거 교환 또는 보상"", 248, 48, 165], [""부정 불량식품 신고는"", 279, 50, 166], [""2150"", 384, 174, 0], [""1399"", 312, 37, 177], [""H AC CP"", 374, 25, 196], [""소비자증심"", 379, 24, 265], [""2개"", 440, 148, 541], [""1상 구에시"", 410, 40, 0], [""0상구매시"", 509, 71, 555], [""2026.10. 14"", 512, 49, 241], [""11,980"", 541, 68, 12], [""1초"", 606, 39, 567], [""행사상품"", 630, 45, 548], [""1"", 628, 53, 646], [""2개구매시"", 654, 47, 541], [""10ml1"", 655, 41, 647], [""50"", 680, 46, 536], [""21"", 702, 34, 598], [""26"", 686, 19, 607], [""17/0/个/周/"", 724, 45, 510], [""1051"", 768, 32, 676]]"
000216,2026,03,16,2026-03-16,s1,MAS T O BE HEIN 2 3AS A NO TOYOUR [HOW TO USE] | AN OL AT NAS TO BE HELN2 4 RUED DUSHES? SPEO AL W MN AEIN2 2. MAKE Y OUR TA C1 | OLV N | 소비기한 | 2026. 03. 1 6 | 8801065002990,"[[""MAS T O BE HEIN 2"", 401, 100, 166], [""3AS A NO TOYOUR"", 390, 81, 366], [""[HOW TO USE]"", 451, 130, 535], [""AT NAS TO BE HELN2"", 486, 110, 336], [""4 RUED DUSHES?"", 486, 76, 361], [""SPEO AL W MN AEIN2"", 497, 94, 494], [""2. MAKE Y OUR TA C1"", 498, 91, 507], [""AN OL"", 498, 40, 145], [""OLV N"", 519, 50, 133], [""소비기한"", 555, 24, 217], [""2026. 03. 1 6"", 589, 48, 219], [""8801065002990"", 643, 42, 378]]"
000217,2027,03,08,2027-03-08,s1,"동견현상 | 에 가작을 까워 앞으로 당겨 주시고 낮은 온도 보관시동한상으로 응고및 참전물0 | %외국산 를가진 제품과 함께 보관 | 기2까지 의십시1 | （） 주의사항.식용유는과일5면불0 | 14049 날수 있0니 항상 주의게 관N해 | 용기-PE,0개-PE 야합니다.가열되었거나 불이들은 | 구입처 또는 영업소 소비 자1 | 2010-17 | 공기름 -본제품은 소비자 분쟁해결 기준1 | 한국식품연구원 의거.교한또E보상발을주있습 | 0사용후빈용기와 0개는 분리 | KS2102（） 수거하여재용합시다 | HD PE | K4 27.03.08 14:06 마가N.L.02E | 402345 까지2 2벨.OTH.N","[[""동견현상"", 85, 38, 257], [""낮은 온도 보관시동한상으로 응고및 참전물0"", 111, 46, 258], [""에 가작을 까워 앞으로 당겨 주시고"", 140, 65, 0], [""를가진 제품과 함께 보관"", 225, 40, 319], [""%외국산"", 239, 46, 0], [""의십시1"", 282, 35, 266], [""기2까지"", 296, 39, 0], [""주의사항.식용유는과일5면불0"", 304, 46, 268], [""（）"", 317, 58, 0], [""날수 있0니 항상 주의게 관N해"", 330, 46, 272], [""14049"", 345, 44, 0], [""야합니다.가열되었거나 불이들은"", 355, 40, 274], [""용기-PE,0개-PE"", 372, 39, 30], [""소비 자1"", 378, 25, 584], [""구입처 또는 영업소"", 400, 37, 34], [""2010-17"", 429, 38, 35], [""-본제품은 소비자 분쟁해결 기준1"", 431, 40, 279], [""공기름"", 460, 29, 37], [""의거.교한또E보상발을주있습"", 456, 47, 277], [""한국식품연구원"", 487, 34, 40], [""0사용후빈용기와 0개는 분리"", 480, 45, 280], [""KS2102（）"", 514, 26, 1], [""수거하여재용합시다"", 508, 39, 282], [""HD PE"", 518, 33, 591], [""마가N.L.02E"", 544, 40, 576], [""K4"", 566, 23, 102], [""27.03.08 14:06"", 575, 49, 189], [""까지2"", 576, 39, 518], [""2벨.OTH.N"", 567, 44, 565], [""402345"", 604, 25, 1]]"
000218,2026,05,03,2026-05-03,s1,080 | 0요네 오뚜기 | 0식/품 | 0요네스 1984L 9.580 | 2026.05:03 | G2,"[[""080"", 38, 48, 174], [""오뚜기"", 79, 52, 71], [""0요네"", 98, 65, 54], [""0식/품"", 296, 63, 261], [""0요네스"", 380, 95, 217], [""1984L"", 368, 65, 405], [""9.580"", 384, 55, 622], [""2026.05:03"", 511, 56, 250], [""G2"", 600, 21, 251]]"
000219,2026,09,07,2026-09-07,s1,2026.09.07 | 김상규 B,"[[""2026.09.07"", 475, 36, 277], [""김상규 B"", 503, 30, 278]]"
000220,2026,02,23,2026-02-23,s1,0/1399 | 300g | 2보 11g3% 100g545kcal | 55g102% 080-019-91 | (A U. | 10% 8g53% | ：30m010%蜡型294% | DAES ANG | 2026.02.23 | 12:04,"[[""0/1399"", 128, 53, 217], [""300g"", 154, 30, 303], [""100g545kcal"", 176, 36, 281], [""2보"", 194, 64, 172], [""11g3%"", 202, 37, 269], [""080-019-91"", 214, 41, 430], [""55g102%"", 226, 35, 269], [""(A U."", 234, 35, 439], [""10%"", 250, 24, 192], [""8g53%"", 250, 35, 269], [""：30m010%蜡型294%"", 282, 64, 182], [""DAES ANG"", 324, 29, 449], [""2026.02.23"", 490, 31, 282], [""12:04"", 518, 32, 309]]"
000221,2026,07,15,2026-07-15,s1,특유소20 | 号200204610736292 100 | 폰타 | 2개 | 30 | 25-09-30 | 영양정보 3/0/정/점 | 量0mg8% 盟8g% | 1老0082.80eKcal 22 | 2026.07.15.B F2 20 | 801005924207 | 3.290,"[[""100"", 77, 130, 643], [""특유소20"", 88, 47, 225], [""号200204610736292"", 107, 58, 224], [""폰타"", 216, 30, 677], [""2개"", 268, 29, 684], [""30"", 298, 37, 682], [""25-09-30"", 319, 26, 660], [""3/0/정/점"", 342, 27, 654], [""영양정보"", 384, 36, 259], [""盟8g%"", 426, 37, 445], [""量0mg8%"", 445, 34, 272], [""22"", 472, 55, 515], [""1老0082.80eKcal"", 461, 38, 273], [""20"", 510, 43, 515], [""2026.07.15.B F2"", 535, 44, 298], [""801005924207"", 653, 28, 306], [""3.290"", 852, 54, 335]]"
000222,2026,03,25,2026-03-25,s1,폰타나드레 1 | 270g 행사상품 1001906 | 2개구매시 | 80 30 2인 4.480 | 2026.03.25CF2 | 0교 실에보관하십시오.유2 | 소비자중 인전관2인증 HAC CP | 영양.1 235,"[[""폰타나드레 1"", 86, 29, 308], [""270g"", 108, 29, 0], [""행사상품"", 113, 30, 326], [""1001906"", 112, 27, 429], [""2개구매시"", 140, 29, 325], [""80"", 184, 66, 0], [""30"", 173, 40, 327], [""4.480"", 177, 66, 496], [""2인"", 181, 24, 390], [""2026.03.25CF2"", 541, 38, 261], [""0교 실에보관하십시오.유2"", 676, 51, 258], [""소비자중"", 788, 48, 261], [""인전관2인증"", 771, 25, 369], [""HAC CP"", 789, 32, 367], [""영양.1"", 944, 36, 245], [""235"", 946, 29, 338]]"
000223,2026,08,13,2026-08-13,s1,A1 | 연/겨자 | 2026.08.138,"[[""A1"", 247, 129, 610], [""연/겨자"", 437, 62, 251], [""2026.08.138"", 520, 45, 218]]"
000224,2026,06,15,2026-06-15,s1,"E量4570mg 27.9. 0 %% | 0% | 지방09 | 지방09 | 2테Z | 5,00 2백질 | 时至人240g | 8~801003""001724 80 | 기 | 2026.06.15A","[[""%%"", 33, 55, 399], [""E量4570mg"", 22, 44, 270], [""27.9."", 44, 23, 316], [""0"", 57, 60, 386], [""0%"", 98, 26, 394], [""지방09"", 126, 32, 297], [""지방09"", 158, 36, 283], [""2테Z"", 191, 36, 269], [""5,00"", 226, 54, 8], [""2백질"", 225, 38, 250], [""时至人240g"", 232, 44, 556], [""80"", 298, 63, 617], [""8~801003\""001724"", 385, 181, 368], [""기"", 518, 29, 257], [""2026.06.15A"", 536, 34, 302]]"
000225,2026,04,06,2026-04-06,s1,주경식품 충북저 청민원 | 대상주)서울특시증 | 至120.6嗒 클래식 | 영양정보 총내용 20 논/츠소스 | 100g850 ka | 四号220m115%量10g3%8 | #0%g0 | 0mg0% EA395% | 00 | 2인의 필요 열량 따라 다륙 수 있습니 | 2026.04.06 | 14:09,"[[""청민원"", 174, 38, 593], [""클래식"", 226, 56, 537], [""주경식품 충북저"", 214, 30, 302], [""대상주)서울특시증"", 234, 34, 303], [""至120.6嗒"", 253, 30, 306], [""논/츠소스"", 272, 53, 536], [""총내용 20"", 308, 26, 440], [""영양정보"", 328, 51, 279], [""100g850 ka"", 328, 24, 438], [""四号220m115%量10g3%8"", 354, 54, 280], [""#0%g0"", 374, 56, 284], [""EA395%"", 386, 28, 428], [""0mg0%"", 401, 35, 290], [""00"", 414, 51, 290], [""2인의 필요 열량 따라 다륙 수 있습니"", 432, 46, 293], [""2026.04.06"", 482, 40, 328], [""14:09"", 505, 32, 357]]"
000226,2027,03,15,2027-03-15,s1,27M50 275 50 2개5 | 27.03.15 19/23 1지 | 고기를 부드럽게! 0/ | 2AL불고기,"[[""27M50"", 40, 71, 14], [""275"", 28, 57, 217], [""50"", 40, 71, 512], [""2개5"", 36, 69, 597], [""27.03.15 19/23 1지"", 548, 51, 285], [""고기를 부드럽게!"", 911, 30, 365], [""0/"", 927, 61, 510], [""2AL불고기"", 945, 30, 424]]"
000227,2028,09,17,2028-09-17,s1,영양정보 #48900m | 100m812kcal | 농/중1 | 14% | 2 | 회사 오뚜기 |  대대 28 | 따라 피해 보상 | 0 OT CheN | 길수있나2 원 하고경을온보2 20U 개봉시 둥근고2에 순가을 까워 | 2을 끼워로어사용 23 0래로 페어난 추사용하십시오 | 2028.09. 17.F | 14:45 | V D A4 | 연00지 | 800ml/40 | 농출액 2,"[[""#48900m"", 36, 37, 317], [""영양정보"", 72, 80, 114], [""100m812kcal"", 62, 43, 304], [""농/중1"", 148, 34, 0], [""14%"", 198, 27, 0], [""2"", 288, 45, 0], [""회사 오뚜기"", 319, 36, 0], ["" 대대 28"", 355, 60, 0], [""0 OT CheN"", 376, 39, 179], [""따라 피해 보상"", 386, 41, 0], [""개봉시 둥근고2에 순가을 까워"", 398, 57, 285], [""20U"", 424, 31, 118], [""하고경을온보2"", 422, 64, 0], [""0래로 페어난 추사용하십시오"", 422, 55, 293], [""길수있나2 원"", 442, 62, 0], [""2을 끼워로어사용"", 460, 63, 0], [""23"", 478, 74, 0], [""2028.09. 17.F"", 489, 63, 229], [""14:45"", 505, 46, 376], [""V D A4"", 544, 41, 429], [""연00지"", 694, 57, 592], [""800ml/40"", 738, 86, 587], [""농출액 2"", 774, 63, 616]]"
000228,2025,10,20,2025-10-20,s1,2025.10.20 | 皖B:54 | 수기준1급 | 90% | 100%g,"[[""2025.10.20"", 462, 45, 281], [""皖B:54"", 500, 52, 317], [""수기준1급"", 711, 36, 251], [""90%"", 774, 27, 621], [""100%g"", 906, 50, 11]]"
000229,2025,10,28,2025-10-28,s1,GZZARELLA | 0% 2MN | 02..MArk | Nes/ 2025.10.28까지 | MOZZARELLA | 100% MNi | 원료원유 기준) | MY A0ur | 1256 00 01 4 | 초2예,"[[""GZZARELLA"", 263, 65, 92], [""2MN"", 303, 36, 232], [""0%"", 308, 36, 141], [""02..MArk"", 442, 53, 213], [""2025.10.28까지"", 464, 48, 230], [""Nes/"", 499, 88, 43], [""MOZZARELLA"", 582, 197, 5], [""MNi"", 635, 59, 508], [""100%"", 674, 123, 193], [""원료원유 기준)"", 738, 41, 235], [""MY A0ur"", 816, 101, 73], [""00"", 885, 37, 231], [""4"", 891, 46, 323], [""1256"", 918, 79, 86], [""01"", 910, 41, 234], [""초2예"", 917, 38, 452]]"
000230,2026,03,28,2026-03-28,s1,PRE | PH UL ADE | 필2엘피아 크림 | 6.980 14833991 | 5.45 | 2면에 표시된기2까지 영양정보 | 3로카스트콩검 우유 함유 23g43%12 | 95mg32%50% 14 | 31월내드 기 바랍니다 따2 0를수았습니다 35 | EXP 2026-03-28T901,"[[""PRE"", 26, 24, 419], [""PH UL ADE"", 103, 50, 614], [""필2엘피아 크림"", 164, 26, 640], [""6.980"", 271, 60, 49], [""14833991"", 294, 31, 451], [""5.45"", 368, 73, 599], [""2면에 표시된기2까지"", 439, 48, 113], [""영양정보"", 439, 47, 320], [""3로카스트콩검 우유 함유"", 501, 32, 121], [""23g43%12"", 502, 46, 326], [""95mg32%50%"", 530, 45, 326], [""31월내드 기 바랍니다"", 563, 36, 132], [""14"", 551, 27, 585], [""35"", 579, 56, 563], [""따2 0를수았습니다"", 572, 29, 327], [""EXP 2026-03-28T901"", 594, 57, 245]]"
000231,2028,05,27,2028-05-27,s1,제조번호 | 255284 | 사용기한? | 20280527 | 까지 까지 | 80 2080,"[[""제조번호"", 558, 23, 215], [""255284"", 574, 33, 290], [""사용기한?"", 597, 24, 213], [""20280527"", 616, 33, 288], [""까지"", 638, 26, 146], [""까지"", 636, 23, 542], [""80"", 708, 86, 0], [""2080"", 706, 79, 271]]"
000232,2020,11,22,2020-11-22,hires,15900 | 201122 | TOT AL P2 TOTAL | 메디컬형브,"[[""15900"", 197, 96, 752], [""201122"", 1010, 134, 264], [""TOT AL"", 1089, 64, 0], [""P2 TOTAL"", 1092, 76, 540], [""메디컬형브"", 1260, 80, 355]]"
000233,2028,01,13,2028-01-13,det5,시라대학 평가2료 외품 PER OE | 알20의 깨끗한 눈을 닮은 | 청명 간편하게 | 6 PET | 재1용어2율 | P2 B5D | 20280113,"[[""시라대학 평가2료"", 29, 28, 232], [""외품"", 30, 25, 415], [""PER OE"", 42, 43, 446], [""청명"", 63, 16, 191], [""알20의 깨끗한 눈을 닮은"", 52, 32, 224], [""간편하게"", 66, 14, 329], [""6"", 100, 11, 357], [""PET"", 109, 23, 402], [""재1용어2율"", 159, 17, 395], [""P2 B5D"", 506, 26, 283], [""20280113"", 524, 29, 283]]"
000234,2026,10,27,2026-10-27,s1,DOVC 2OV | DOVe | 037 090525 21:26 | R3 EXP261027 | 도브 스/프 너리싱 샴푸 | 너리성삼를만나보세요 | V약해진 모과 큐티를 2 | 단 80  공급,"[[""DOVC"", 66, 59, 391], [""DOVe"", 100, 55, 90], [""2OV"", 87, 44, 645], [""037 090525 21:26"", 520, 36, 322], [""R3 EXP261027"", 544, 35, 328], [""도브 스/프 너리싱 샴푸"", 656, 47, 303], [""너리성삼를만나보세요"", 746, 58, 257], [""V약해진 모과 큐티를 2"", 848, 41, 303], [""단 80  공급"", 873, 36, 334]]"
000235,2026,03,08,2026-03-08,s1,더한 | 타소스 | 은편안하 게 하고 싶은 | 경험을제공합니다 | 2026.03.08L | 2 재료를넣어 드시면 더습니다 | 소비기한/후2 상단표/2까지 | (보존료) 우유.대두.밀.닭고기/함유 | 200004430423230,"[[""더한"", 108, 35, 0], [""타소스"", 170, 77, 0], [""은편안하 게 하고 싶은"", 238, 37, 0], [""경험을제공합니다"", 268, 37, 1], [""2026.03.08L"", 362, 66, 162], [""2 재료를넣어 드시면 더습니다"", 569, 43, 0], [""소비기한/후2 상단표/2까지"", 626, 56, 67], [""(보존료)"", 909, 41, 6], [""우유.대두.밀.닭고기/함유"", 904, 50, 240], [""200004430423230"", 944, 29, 273]]"
000236,2026,04,08,2026-04-08,s1,가급적한번에사용하세요 | 영양정보 총내 | L三号830mg42% 8g2% | 14g26%0.5g | 引人印量45mg15% 3g5% | 2026.04.08A（B） | 15:45:09 | WWW.foNTANAsTyle.com 비닐료 | 0808728888 OT HER 88,"[[""가급적한번에사용하세요"", 151, 52, 135], [""영양정보"", 258, 64, 138], [""총내"", 262, 43, 664], [""L三号830mg42%"", 303, 48, 144], [""8g2%"", 304, 44, 468], [""14g26%0.5g"", 344, 55, 144], [""引人印量45mg15%"", 383, 46, 148], [""3g5%"", 386, 48, 487], [""2026.04.08A（B）"", 491, 48, 182], [""15:45:09"", 524, 38, 234], [""WWW.foNTANAsTyle.com"", 563, 43, 189], [""비닐료"", 561, 36, 548], [""0808728888"", 606, 41, 190], [""88"", 610, 45, 646], [""OT HER"", 624, 40, 521]]"
000237,2026,06,05,2026-06-05,s2,"201 | 본제품은소비자 분쟁해결기준에의거교환 또는보상가능/메밀5 | 토0토.아황산류.호두.오징어.조개류,잣 혼입 가능 부정불량 | 직사광선을 피해 실은에 보관하시고 개봉 후에는 냉장 보관하여도 | 한번에사용하세요 | 영양정보 총내 | LI三喜700mg35% 10g3% | 20g37% | 印量55mg18% 2g4% | 2026.06.05（月2 | 09:44:11 | WWW.foNTANAsTyle.c0m 비2류 | 080872-8888 8 | OT ER","[[""201"", 12, 26, 74], [""한번에사용하세요"", 194, 53, 91], [""총내"", 290, 47, 650], [""영양정보"", 310, 73, 99], [""10g3%"", 344, 45, 446], [""LI三喜700mg35%"", 354, 53, 110], [""20g37%"", 400, 45, 114], [""2g4%"", 432, 42, 467], [""印量55mg18%"", 440, 45, 117], [""09:44:11"", 590, 32, 142], [""비2류"", 615, 42, 550], [""WWW.foNTANAsTyle.c0m"", 628, 37, 169], [""080872-8888"", 672, 45, 170], [""8"", 658, 25, 663], [""OT ER"", 682, 30, 531], [""본제품은소비자 분쟁해결기준에의거교환 또는보상가능/메밀5"", 41, 78, 83], [""토0토.아황산류.호두.오징어.조개류,잣 혼입 가능 부정불량"", 88, 75, 85], [""직사광선을 피해 실은에 보관하시고 개봉 후에는 냉장 보관하여도"", 136, 74, 89], [""2026.06.05（月2"", 554, 41, 93]]"
000238,2026,09,10,2026-09-10,s1,제조 2025.09.11 | 20 | 6쐐 2026.09.10B3,"[[""제조"", 371, 64, 75], [""20"", 411, 66, 64], [""2025.09.11"", 456, 133, 250], [""6쐐"", 481, 158, 21], [""2026.09.10B3"", 591, 162, 209]]"
000239,2026,07,10,2026-07-10,s1,"（星时里70g712） 2 크  싱한 토트 원3 | N1영진한0E/ 참 | 19950449002363 | 원재료명정제수토마토페0스트중국산)물엿,기타과당 | 설탕발0식초케참베이스정제소금국산)케찮스파0 | 2스(계피분베트T산).빈성전분 | 22  유발물질 토마토대두함 | 2.흥합 포함)성분 혼업가능.반품및 교환장소.2객상담실 | 소비기한 00 | 2026.07.10B | 2까지 | 139 | 영양정보 300g/100120 | 三号910mg46%全号26g8%异22g22%不档07 | 0000%量0g0%","[[""（星时里70g712）"", 20, 27, 312], [""2 크  싱한 토트 원3"", 15, 30, 389], [""N1영진한0E/ 참"", 118, 38, 354], [""19950449002363"", 153, 41, 256], [""원재료명정제수토마토페0스트중국산)물엿,기타과당"", 191, 44, 202], [""설탕발0식초케참베이스정제소금국산)케찮스파0"", 224, 42, 173], [""2스(계피분베트T산).빈성전분"", 256, 39, 153], [""22  유발물질 토마토대두함"", 291, 48, 145], [""2.흥합 포함)성분 혼업가능.반품및 교환장소.2객상담실"", 469, 53, 129], [""소비기한"", 533, 36, 155], [""00"", 530, 25, 631], [""2026.07.10B"", 562, 43, 288], [""2까지"", 594, 35, 556], [""139"", 634, 35, 278], [""영양정보"", 724, 69, 148], [""300g/100120"", 726, 35, 434], [""三号910mg46%全号26g8%异22g22%不档07"", 759, 44, 164], [""0000%量0g0%"", 793, 50, 162]]"
000240,2027,05,20,2027-05-20,s1,소비자중 | 1399 | 영양정보 2/ 500/1005kcal | 0mg0%号72g22%2g2% | 61g5gog0%0g | 0g0%0mg0%0g0% | 개인의 요열량에따2 0를 수있습니다 | 2027.05.20 F1 | 까지 | F12408 | 8801052120188 wwdaesang.com/ | 080-019-919 UNgoNeShop.O0 | 청청에코탭,"[[""소비자중"", 236, 32, 548], [""1399"", 339, 34, 293], [""영양정보"", 377, 34, 292], [""2/"", 375, 26, 357], [""500/1005kcal"", 375, 32, 400], [""0mg0%号72g22%2g2%"", 408, 34, 295], [""61g5gog0%0g"", 442, 29, 296], [""0g0%0mg0%0g0%"", 476, 33, 295], [""개인의 요열량에따2 0를 수있습니다"", 522, 27, 290], [""2027.05.20 F1"", 597, 50, 293], [""까지"", 624, 39, 573], [""F12408"", 678, 53, 288], [""8801052120188"", 768, 25, 311], [""wwdaesang.com/"", 776, 21, 522], [""080-019-919"", 796, 22, 334], [""UNgoNeShop.O0"", 796, 22, 486], [""청청에코탭"", 830, 27, 416]]"
000241,2027,08,10,2027-08-10,s1,0래로 떼어낸 후사용하십시오 | 유형 품보2호120230.28 | 원료명 100 | 소비기한 1단표시2까지 | 재 | 2주식회사 오뛰7 | 제조원 149 | 곳에 보관하십시오.사용 후 누껑을 꼭닫아 보관하십 | 080024-231 | 2027.08.10.F2 16:05,"[[""0래로 떼어낸 후사용하십시오"", 28, 37, 346], [""품보2호120230.28"", 105, 58, 433], [""유형"", 108, 35, 240], [""100"", 137, 72, 285], [""원료명"", 158, 37, 232], [""소비기한"", 212, 37, 224], [""1단표시2까지"", 206, 39, 288], [""재"", 248, 39, 223], [""2주식회사 오뛰7"", 275, 36, 310], [""제조원"", 299, 40, 229], [""149"", 312, 39, 295], [""곳에 보관하십시오.사용 후 누껑을 꼭닫아 보관하십"", 412, 40, 226], [""080024-231"", 454, 42, 274], [""2027.08.10.F2 16:05"", 586, 54, 272]]"
000242,2026,05,21,2026-05-21,s1,식문안전관2인증 HACCP 마크란? | 格46g/206kcal HACCP 식약처에서 위생적이고 안전하다고 | 1일 영양성분 기준치 인증한식품에만 표기하는 마크니다 | 내용량당 대한 비율 소비기한 | 방 6g11% 2025.09.22/15:10 부터 | 랜스지방08 | 3.523% 2026.05.21 까지 | 백질 4g7% | 量（%）22.000kcal | 2다를 수있니다,"[[""格46g/206kcal"", 369, 48, 0], [""식문안전관2인증"", 370, 33, 333], [""HACCP 마크란?"", 386, 55, 422], [""1일 영양성분 기준치"", 404, 47, 6], [""HACCP"", 390, 35, 331], [""식약처에서 위생적이고 안전하다고"", 421, 44, 419], [""내용량당"", 440, 42, 0], [""대한 비율"", 433, 36, 106], [""소비기한"", 446, 60, 208], [""인증한식품에만 표기하는 마크니다"", 444, 42, 416], [""방"", 470, 27, 0], [""6g11%"", 482, 39, 76], [""랜스지방08"", 504, 42, 0], [""2025.09.22/15:10"", 526, 62, 278], [""3.523%"", 537, 50, 0], [""부터"", 542, 60, 538], [""백질"", 558, 37, 0], [""2026.05.21"", 562, 53, 274], [""4g7%"", 572, 41, 68], [""量（%）22.000kcal"", 598, 41, 0], [""까지"", 606, 57, 532], [""2다를 수있니다"", 620, 43, 0]]"
000243,2026,08,17,2026-08-17,s1,5.5gx47Hg) | 185kcal | 异1.4g1% | 3g22% 2026.08.17 D3 | 2개인의 필요,"[[""5.5gx47Hg)"", 367, 80, 0], [""185kcal"", 407, 77, 0], [""异1.4g1%"", 454, 73, 0], [""3g22%"", 500, 68, 0], [""2026.08.17 D3"", 560, 123, 230], [""2개인의 필요"", 599, 62, 0]]"
000244,2026,06,21,2026-06-21,s1,U2 2025.08.22/00132 부E | 2026.06.21 까지,"[[""U2"", 522, 102, 138], [""2025.08.22/00132"", 531, 82, 284], [""2026.06.21"", 568, 67, 278], [""부E"", 578, 45, 639], [""까지"", 626, 42, 630]]"
000245,2026,02,24,2026-02-24,s1,"% | % | 1% | 28% | 0미/예 | 소비기한 | 부터 | 후면표/2까지 25.09.25 21:58 | 26.02.24/R | 111 까지 | 유지.변성전분 | 산,체종유 호 | 세트N산.레 | 식품인전02인증 | 닭고기 함8 SMA RT H ACCP | OT ER | 87005149 | 제릉 본/가 나8니0 | 1.새우.1, | 보존을 위해","[[""%"", 134, 43, 1], [""%"", 170, 51, 0], [""1%"", 207, 46, 0], [""28%"", 240, 45, 0], [""0미/예"", 348, 44, 113], [""소비기한"", 427, 48, 214], [""부터"", 526, 52, 615], [""후면표/2까지"", 550, 41, 1], [""25.09.25 21:58"", 548, 50, 255], [""26.02.24/R"", 600, 46, 252], [""111"", 617, 34, 4], [""유지.변성전분"", 660, 57, 0], [""까지"", 648, 49, 606], [""산,체종유 호"", 699, 49, 0], [""세트N산.레"", 740, 54, 0], [""닭고기 함8"", 821, 59, 0], [""SMA RT"", 817, 48, 261], [""식품인전02인증"", 798, 31, 404], [""H ACCP"", 822, 37, 401], [""87005149"", 861, 54, 0], [""OT ER"", 856, 45, 509], [""1.새우.1,"", 904, 63, 0], [""제릉 본/가 나8니0"", 892, 25, 231], [""보존을 위해"", 939, 45, 0]]"
000246,2026,02,04,2026-02-04,det5,02오 파EE | 2ROPIL2 | 감자를뜻하는 | 파타E 표의 대표 요2는 | 양념바베큐.어니언 | 50 있습니다. | 소비 26.02.04 25.09.05 A부터 | 05:40A01F4 까지 | M ACCP | OT ER 8011 75280,"[[""02오 파EE"", 218, 53, 316], [""2ROPIL2"", 307, 63, 335], [""감자를뜻하는"", 378, 74, 362], [""파타E 표의 대표 요2는"", 406, 85, 235], [""양념바베큐.어니언"", 455, 91, 315], [""50 있습니다."", 482, 61, 273], [""소비"", 566, 57, 176], [""25.09.05"", 577, 68, 288], [""26.02.04"", 610, 73, 282], [""A부터"", 624, 61, 500], [""05:40A01F4"", 644, 70, 276], [""까지"", 670, 56, 493], [""M ACCP"", 746, 43, 165], [""OT ER"", 764, 55, 68], [""8011"", 815, 31, 306], [""75280"", 832, 26, 425]]"
000247,2026,05,20,2026-05-20,s1,BBD.20/05/2026 YYT 05 | ABD19:25,"[[""BBD.20/05/2026 YYT 05"", 499, 78, 200], [""ABD19:25"", 537, 54, 273]]"
000248,2026,04,21,2026-04-21,s1,하십시오.21 | 옥수수의 일부분으로 안심하고.드서도 됩니다 | 소비자기본법에 의거 교한 환불해 드립니다 | 1399 | 반품본사및 구입한 곳 | ·신선도 유지를 위해 질소충전포장을 | 하였습니다 OT ER | 1801043036672 | 시킨후 2026.04.21 | JCT | 영 정보 83g 420kcal | 620mg31%量55g17% | 3.3g3%20g37% | 量0mg0%5.0g9% | 2000kcal | 본사.서울 있습니다.,"[[""하십시오.21"", 19, 42, 120], [""옥수수의 일부분으로 안심하고.드서도 됩니다"", 61, 100, 123], [""소비자기본법에 의거 교한 환불해 드립니다"", 95, 93, 125], [""1399"", 132, 93, 130], [""반품본사및 구입한 곳"", 174, 73, 134], [""·신선도 유지를 위해 질소충전포장을"", 202, 83, 138], [""OT ER"", 209, 32, 507], [""하였습니다"", 250, 52, 148], [""1801043036672"", 400, 61, 249], [""2026.04.21"", 490, 66, 279], [""시킨후"", 544, 45, 0], [""JCT"", 582, 25, 1], [""83g"", 650, 54, 491], [""영 정보"", 700, 107, 189], [""420kcal"", 684, 50, 525], [""620mg31%量55g17%"", 740, 93, 208], [""3.3g3%20g37%"", 784, 63, 221], [""量0mg0%5.0g9%"", 853, 68, 237], [""2000kcal"", 881, 40, 566], [""있습니다."", 910, 42, 580], [""본사.서울"", 932, 41, 475]]"
000249,2026,02,16,2026-02-16,s1,2.복음참까.구운천을옆 | ， | 유함유 | 21 | 2018060302219 | 달갈우우.땅콩.호두.복승0.되 | 지고기.오징어.게.고등어.조개투 | 2홍합)혼업/가능 | ETp.//www.oroNword.com | 2025.09.17 | 기한 2026.02.16 | 07:36A01 까지,"[[""2.복음참까.구운천을옆"", 99, 62, 251], [""，"", 146, 61, 239], [""유함유"", 186, 52, 228], [""21"", 230, 45, 221], [""2018060302219"", 270, 53, 210], [""달갈우우.땅콩.호두.복승0.되"", 345, 58, 204], [""지고기.오징어.게.고등어.조개투"", 386, 63, 193], [""2홍합)혼업/가능"", 424, 47, 183], [""ETp.//www.oroNword.com"", 526, 50, 231], [""2025.09.17"", 611, 66, 226], [""2026.02.16"", 655, 65, 217], [""기한"", 666, 51, 133], [""07:36A01"", 696, 64, 214], [""까지"", 706, 52, 551]]"
000250,2026,03,04,2026-03-04,s1,씨(정) 2부 제품 표2의 반점은 | 겁질2) | 인십하고E시기바랍니다 | 영양정보 引70g | 377/kcal | 号370mg19%午量44g14% | 含号2g2% 21g39% | 트랜스지방 09 | 含73.5mg11% | 25.09.05 14:11 | 부터 | 26.03.04 B6 21 | 맛있는,"[[""씨(정)"", 70, 33, 267], [""2부 제품 표2의 반점은"", 71, 40, 480], [""겁질2)"", 107, 34, 207], [""인십하고E시기바랍니다"", 140, 40, 462], [""引70g"", 254, 40, 514], [""영양정보"", 284, 55, 206], [""377/kcal"", 288, 31, 581], [""号370mg19%午量44g14%"", 330, 58, 203], [""含号2g2%"", 370, 35, 207], [""21g39%"", 361, 42, 439], [""트랜스지방 09"", 405, 32, 210], [""含73.5mg11%"", 474, 37, 212], [""25.09.05 14:11"", 681, 50, 326], [""부터"", 698, 36, 681], [""26.03.04 B6"", 736, 48, 330], [""21"", 736, 29, 692], [""맛있는"", 778, 45, 648]]"
000251,2026,02,24,2026-02-24,s1,실종예방에 대해 | 20 배워보아요! | 0M2 | 25.08.2517:16 | 26.02.24 A2 | 자료 | 제공 | 제보처,"[[""실종예방에 대해"", 152, 129, 56], [""20 배워보아요!"", 204, 125, 58], [""0M2"", 302, 25, 256], [""25.08.2517:16"", 624, 78, 228], [""26.02.24 A2"", 679, 72, 239], [""자료"", 779, 22, 156], [""제공"", 794, 25, 159], [""제보처"", 782, 23, 531]]"
000252,2026,07,09,2026-07-09,s1,소비기한 | 2026.07.09 | 2026.07.09,"[[""소비기한"", 418, 60, 190], [""2026.07.09"", 532, 88, 278], [""2026.07.09"", 621, 97, 301]]"
000253,2026,06,20,2026-06-20,s1,영양정보 065g | IE号510mg G C A | 量41.6 26% | T류 49 | 15g 28% | 트랜스지방 09 | 포화/지방 6 9 40% | 5mgLt 1% | EA5.6g 10% | 2000kcal | MA CCP 개인의 필요 열량에따2 를수있습니다 | 2026.06.20 | 11:27B,"[[""065g"", 12, 22, 362], [""영양정보"", 31, 69, 111], [""G C A"", 36, 30, 356], [""26%"", 74, 39, 369], [""IE号510mg"", 76, 87, 124], [""量41.6"", 124, 86, 130], [""T류 49"", 176, 69, 159], [""28%"", 184, 46, 436], [""15g"", 226, 71, 149], [""09"", 251, 42, 317], [""트랜스지방"", 267, 64, 182], [""40%"", 273, 34, 472], [""6"", 303, 24, 305], [""9"", 300, 25, 328], [""포화/지방"", 318, 61, 188], [""1%"", 316, 41, 487], [""5mgLt"", 340, 63, 309], [""10%"", 362, 41, 489], [""EA5.6g"", 410, 71, 180], [""를수있습니다"", 424, 44, 470], [""2000kcal"", 431, 108, 188], [""개인의 필요 열량에따2"", 452, 65, 278], [""MA CCP"", 520, 40, 0], [""2026.06.20"", 524, 83, 287], [""11:27B"", 564, 50, 361]]"
000254,2026,08,12,2026-08-12,s1,套65mg | 498 | 2 营弄368 | E랜스지방 0 8 | 포화지방 08 | 콜레스테블 0  8 | 단백질 28 | 2제품내부에 수분이 많고 부드러워 고은에 약1 | 0하에 보관주시고 히접기 전면 지사관선을 1 | 덩어리나 검은 낌이 보일 수 있/나 인체에 무해합니나 | 소비 25.08.13/14:45 부터 | 기한 26.08.12. 2 (F2) 까지 | OT MER,"[[""套65mg"", 31, 36, 253], [""498"", 54, 44, 212], [""2"", 72, 25, 2], [""营弄368"", 85, 42, 225], [""E랜스지방 0 8"", 149, 46, 217], [""포화지방 08"", 178, 44, 214], [""콜레스테블 0  8"", 206, 49, 183], [""단백질 28"", 232, 44, 178], [""2제품내부에 수분이 많고 부드러워 고은에 약1"", 342, 71, 193], [""0하에 보관주시고 히접기 전면 지사관선을 1"", 368, 77, 186], [""덩어리나 검은 낌이 보일 수 있/나 인체에 무해합니나"", 428, 94, 175], [""소비"", 500, 37, 38], [""25.08.13/14:45"", 541, 74, 166], [""부터"", 551, 60, 529], [""기한"", 572, 55, 24], [""26.08.12. 2 (F2)"", 593, 86, 157], [""까지"", 622, 59, 519], [""OT MER"", 762, 40, 476]]"
000255,2026,08,20,2026-08-20,erode5,802259-0265011 | 26.08.20 A | 08:14 | 까지,"[[""802259-0265011"", 420, 73, 280], [""까지"", 589, 57, 553], [""26.08.20 A"", 458, 111, 245], [""08:14"", 514, 110, 236]]"
000256,2027,01,02,2027-01-02,s1,Ne/XUe21 | E080-023-3399个 | 2B ER 0 营年大150mg | 소비기한 | 27.01.02B科,"[[""Ne/XUe21"", 160, 135, 155], [""E080-023-3399个"", 458, 61, 260], [""ER 0"", 527, 61, 126], [""2B"", 519, 50, 0], [""营年大150mg"", 517, 26, 297], [""소비기한"", 565, 34, 213], [""27.01.02B科"", 602, 59, 240]]"
000257,2025,12,10,2025-12-10,s1,2025.1210 | 22 U2,"[[""2025.1210"", 406, 89, 167], [""22"", 616, 288, 87], [""U2"", 704, 84, 361]]"
000258,2026,05,30,2026-05-30,s1,후광이 생 수니드냉장보하고 2리드세요.알(2금 | 류에한).우유.메밀.땅.대두밀고등게.새우돼지고기 복숭아.토마 | E0산류 호5.닭고기.쇠고기.오징어.조개류(글.전복.홍합포함).짓 | 성분업가능 용기를가열 조리용으로 사용불가.부정 분량/품신고는 국반 | 인전관2인증 | ·뚜껑을 처을열때빵소리가나야정사니다.반품및 HACCP | 2한 구입체및제조원wWW.0dAesSANgdVes.Com | 소비기한 2026.05.30 | 11:23 까지 12,"[[""후광이 생 수니드냉장보하고 2리드세요.알(2금"", 242, 67, 237], [""류에한).우유.메밀.땅.대두밀고등게.새우돼지고기 복숭아.토마"", 272, 64, 235], [""E0산류 호5.닭고기.쇠고기.오징어.조개류(글.전복.홍합포함).짓"", 302, 61, 234], [""성분업가능 용기를가열 조리용으로 사용불가.부정 분량/품신고는 국반"", 330, 61, 233], [""·뚜껑을 처을열때빵소리가나야정사니다.반품및"", 386, 49, 233], [""인전관2인증"", 381, 25, 551], [""2한 구입체및제조원wWW.0dAesSANgdVes.Com"", 416, 49, 229], [""HACCP"", 401, 32, 549], [""소비기한"", 440, 33, 249], [""2026.05.30"", 460, 46, 318], [""11:23"", 498, 35, 369], [""까지 12"", 506, 27, 597]]"
000259,2025,11,09,2025-11-09,s1,과1 원물이 0 상큼달콜한 | JUN O1 복숭아 가득 | 푸딩젤2 | PeOCh PuddiNg JellYy | 인전 | 플라 스틱 | 2025.11.09 식품0/2 | OT HER | 2C.OT HER | 27%0.14% | 45kcal/ 210 | 02 지방 트랜스지방 포화지방 콜레스테를 단백질 | （%2.000kcal | 에따2다를 수있니다.,"[[""JUN O1"", 170, 127, 0], [""과1 원물이 0 상큼달콜한"", 179, 138, 133], [""복숭아 가득"", 232, 183, 92], [""푸딩젤2"", 292, 158, 49], [""PeOCh PuddiNg JellYy"", 338, 130, 16], [""2025.11.09"", 501, 156, 126], [""27%0.14%"", 610, 276, 0], [""45kcal/"", 613, 150, 0], [""플라 스틱"", 570, 55, 536], [""인전"", 587, 32, 681], [""OT HER"", 630, 80, 482], [""02"", 644, 37, 46], [""2C.OT HER"", 655, 77, 475], [""지방 트랜스지방 포화지방 콜레스테를 단백질"", 750, 210, 130], [""식품0/2"", 668, 50, 651], [""210"", 753, 120, 404], [""（%2.000kcal"", 818, 209, 0], [""에따2다를 수있니다."", 837, 156, 0]]"
000260,2027,04,01,2027-04-01,s1,0터수지 | A(A공소 | 로인산나 | 1노신산0 8801392002663 | WB1 A | 27.04.01 | 21,"[[""0터수지"", 224, 76, 0], [""A(A공소"", 278, 80, 0], [""로인산나"", 333, 84, 0], [""8801392002663"", 319, 118, 226], [""1노신산0"", 392, 95, 0], [""WB1 A"", 458, 88, 169], [""21"", 541, 64, 649], [""27.04.01"", 552, 152, 162]]"
000261,2026,03,07,2026-03-07,s1,소한 31 | 영양정보 | 가낮1 L三140mg 7%18g | 주십시 | 号48g 15 % 트랜스지방 09 | 기본 법03보 18g 18% 포화지방 69 40% |   别印量0mg | 0 | 25.09.0820:26 | 26.03.07A1 | 2  3,"[[""소한 31"", 116, 79, 238], [""영양정보"", 262, 37, 116], [""가낮1"", 278, 28, 0], [""주십시"", 299, 25, 1], [""L三140mg"", 298, 23, 119], [""7%18g"", 300, 37, 231], [""号48g"", 322, 24, 120], [""15 %"", 321, 25, 226], [""트랜스지방 09"", 330, 32, 279], [""기본"", 340, 28, 1], [""법03보"", 358, 65, 22], ["" "", 370, 50, 0], [""18g"", 348, 25, 129], [""18%"", 347, 22, 226], [""포화지방 69"", 354, 30, 278], [""40%"", 362, 23, 378], [""别印量0mg"", 373, 21, 121], [""0"", 397, 26, 0], [""25.09.0820:26"", 501, 30, 198], [""26.03.07A1"", 527, 32, 200], [""2  3"", 630, 32, 75]]"
000262,2027,01,10,2027-01-10,s1,"2027.01,10","[[""2027.01,10"", 525, 24, 420]]"
000263,2020,12,12,2020-12-12,s1,1만1 | NO.71 | 기름김 양반김 들기/름김 | 201212 | 0 | 22,"[[""1만1"", 21, 44, 0], [""NO.71"", 55, 32, 259], [""기름김"", 93, 62, 0], [""양반김"", 80, 34, 259], [""들기/름김"", 92, 64, 334], [""201212"", 400, 41, 134], [""0"", 495, 24, 253], [""22"", 552, 57, 257]]"
000264,2026,06,06,2026-06-06,s1,26.06.06 7/7/ 19:37 F2B,"[[""26.06.06 7/7/ 19:37 F2B"", 682, 51, 197]]"
000265,2026,11,26,2026-11-26,s1,2026.11.26 | 청정원 | 순창 | SPICY COCTA11 SAUCe | 20,"[[""2026.11.26"", 560, 41, 257], [""청정원"", 707, 76, 315], [""순창"", 797, 108, 253], [""SPICY COCTA11 SAUCe"", 908, 41, 306], [""20"", 939, 43, 369]]"
000266,2025,12,04,2025-12-04,s1,취향저11 | 0미지에 | 안전02인증 | M ACCP | 2025.12.04,"[[""취향저11"", 202, 31, 251], [""0미지에"", 448, 51, 554], [""안전02인증"", 715, 32, 544], [""M ACCP"", 741, 40, 541], [""2025.12.04"", 778, 57, 299]]"
000267,2026,06,02,2026-06-02,s1,26.06. 02 | 20,"[[""26.06. 02"", 406, 36, 286], [""20"", 858, 22, 173]]"
000268,2026,07,14,2026-07-14,s1,22 | 2EC 제대로 0L 크래7! | 26.07.14 01832 8,"[[""22"", 53, 96, 607], [""2EC"", 425, 166, 233], [""제대로 0L 크래7!"", 485, 62, 330], [""26.07.14 01832 8"", 563, 44, 248]]"
000269,2026,05,15,2026-05-15,s1,비기한 후면별도#/2/까1 | 72 | «남대운로81(소공동) | 카라멜색소.홍국색소.고량색소.안나토 | [팔올레인유(말레이시아산)해바2기유 | 2페롤.(혼합형)].레시틴./로틴 | 대두 함유 | 0 20100461303356 | 1139 | 0슨상 우려가 있으0로 주의 바랍니다 | 1일 영양성 | 치1대한 비1 인전관2인증 2026.05.15 | 78% HA CCP | OT ER 02:41 | 107% | 13% | 2요 열량따라 | 88090275504111,"[[""비기한"", 19, 38, 0], [""후면별도#/2/까1"", 14, 32, 70], [""72"", 46, 45, 0], [""«남대운로81(소공동)"", 77, 45, 0], [""카라멜색소.홍국색소.고량색소.안나토"", 112, 49, 0], [""[팔올레인유(말레이시아산)해바2기유"", 146, 49, 1], [""2페롤.(혼합형)].레시틴./로틴"", 182, 41, 1], [""대두 함유"", 238, 37, 248], [""0"", 287, 20, 8], [""20100461303356"", 283, 34, 39], [""1139"", 355, 38, 0], [""0슨상 우려가 있으0로 주의 바랍니다"", 383, 36, 26], [""1일 영양성"", 523, 24, 5], [""치1대한 비1"", 544, 28, 0], [""인전관2인증"", 536, 23, 261], [""HA CCP"", 558, 27, 262], [""2026.05.15"", 549, 38, 403], [""78%"", 572, 34, 29], [""02:41"", 589, 41, 404], [""OT ER"", 605, 30, 154], [""107%"", 644, 34, 20], [""13%"", 682, 35, 37], [""2요 열량따라"", 713, 32, 0], [""88090275504111"", 742, 34, 133]]"
000270,2026,09,03,2026-09-03,s1,RE0EARTH 분2배출캠페인 (비널류] | 맛았게먹  TP 1지0부분은 가위로 철단후증제배출 | 2가족 들2아 추억의 옛날과자를 | 11 | 내8비우 조후압 | 영양정보 100p9461 kcal 160g | 174：号1（2早）2居（9） | 업/명2 031-858-2727 유전문R/롯데A평/서울시중7 100g | 2재지 문로81 买吉）/1899 3000 나트룹 | 호주산) 18 옥배유(옥수수 06mg | 외국선감0(국 0소금 탄수화물 69g | 2명0경( 산1 2.탄산/슘.탄산수 0류 20 | 수수전분.구인산1포 지방 17g | E 처스테비0 1품 2함유 트랜스지방 | 京2017037001854 09 | 22장소 구처 및판매원 2제품은 소비자/본법 포화지방 2.3g 15 % | 0따는소결 준에의거 교 5는보상받을 수 있습 /레스테Z 00g | ·· 99.취급 및 보관시 던질 89 15 % | 주의사항.직사1선을 피하여 서하고 0조한 곳에 보관하십시 （%） | 号2000kcal | 함포장된실카제)은드시마십시오 필요 열로 에 따 0수 있습니 | 인전관2인증 | HACCP 8801936010109 | 2026.0903,"[[""RE0EARTH 분2배출캠페인 (비널류]"", 23, 32, 312], [""맛았게먹  TP"", 48, 35, 66], [""1지0부분은 가위로 철단후증제배출"", 48, 28, 305], [""2가족 들2아 추억의 옛날과자를"", 67, 46, 62], [""11"", 91, 28, 430], [""내8비우 조후압"", 130, 31, 328], [""160g"", 182, 51, 561], [""영양정보"", 192, 37, 435], [""100p9461 kcal"", 204, 63, 539], [""174：号1（2早）2居（9）"", 217, 40, 104], [""업/명2"", 240, 34, 49], [""031-858-2727"", 238, 27, 106], [""유전문R/롯데A평/서울시중7"", 252, 40, 101], [""100g"", 242, 29, 438], [""2재지"", 262, 30, 56], [""문로81"", 273, 32, 109], [""买吉）/1899"", 270, 28, 198], [""3000"", 268, 21, 284], [""나트룹"", 280, 28, 439], [""06mg"", 282, 37, 560], [""호주산)"", 294, 23, 223], [""18 옥배유(옥수수"", 292, 29, 284], [""탄수화물"", 305, 28, 440], [""69g"", 311, 38, 567], [""0소금"", 314, 27, 220], [""외국선감0(국"", 318, 39, 99], [""산1"", 334, 23, 246], [""2.탄산/슘.탄산수"", 334, 23, 285], [""0류"", 332, 26, 450], [""20"", 337, 36, 568], [""2명0경("", 342, 57, 52], [""수수전분.구인산1포"", 354, 31, 279], [""지방"", 360, 28, 442], [""17g"", 366, 35, 571], [""1품"", 376, 23, 275], [""2함유"", 377, 28, 373], [""E 처스테비0"", 380, 43, 101], [""트랜스지방"", 388, 26, 453], [""京2017037001854"", 400, 25, 271], [""09"", 396, 30, 582], [""포화지방"", 416, 27, 453], [""2.3g"", 422, 32, 568], [""2제품은 소비자/본법"", 430, 29, 274], [""15 %"", 428, 21, 623], [""22장소 구처 및판매원"", 436, 51, 68], [""5는보상받을 수 있습"", 454, 23, 281], [""/레스테Z"", 446, 26, 444], [""00g"", 451, 34, 567], [""0따는소결 준에의거 교"", 459, 46, 65], [""99.취급 및 보관시"", 476, 23, 290], [""던질"", 475, 28, 443], [""··"", 481, 42, 64], [""89"", 481, 22, 584], [""15 %"", 484, 21, 622], [""주의사항.직사1선을 피하여 서하고"", 502, 38, 62], [""0조한 곳에 보관하십시"", 499, 22, 269], [""（%）"", 506, 36, 445], [""号2000kcal"", 530, 30, 442], [""함포장된실카제)은드시마십시오"", 546, 31, 67], [""필요 열로 에 따 0수 있습니"", 552, 31, 442], [""인전관2인증"", 637, 24, 279], [""HACCP"", 655, 24, 279], [""8801936010109"", 672, 51, 455], [""2026.0903"", 829, 62, 262]]"
000271,2026,03,24,2026-03-24,s1,정보 | 용1당 | 330mg | 화물 86g | 20g | ，， 22g | 장재질.(내) 플2에틸렌 10지방 09 | 2002046712787 지방 69 | 및교한장소:구입처및 판매원.본제품은 0Mg | 사기본법에따른 소비자분쟁해결 기준에 의/1교 79 | 2또는 보상받을수있습니다.부정.불량식품 신 2성분기준치에 대한 비율 | 0로개인의 필요열랑에때 | 가능성이 있습니다 | 2026.03.24外-2,"[[""정보"", 351, 24, 527], [""용1당"", 382, 24, 533], [""330mg"", 407, 22, 614], [""화물"", 428, 21, 539], [""86g"", 426, 21, 642], [""20g"", 448, 22, 648], [""，，"", 469, 41, 241], [""22g"", 469, 25, 653], [""장재질.(내)"", 480, 31, 158], [""플2에틸렌"", 484, 27, 241], [""2002046712787"", 501, 34, 155], [""10지방"", 491, 26, 551], [""09"", 492, 24, 668], [""및교한장소:구입처및 판매원.본제품은"", 526, 41, 155], [""지방"", 514, 27, 560], [""69"", 516, 25, 674], [""사기본법에따른 소비자분쟁해결 기준에 의/1교"", 546, 35, 150], [""0Mg"", 540, 28, 668], [""2또는 보상받을수있습니다.부정.불량식품 신"", 570, 34, 126], [""79"", 566, 26, 688], [""2성분기준치에 대한 비율"", 585, 36, 577], [""0로개인의 필요열랑에때"", 600, 35, 582], [""가능성이 있습니다"", 648, 29, 120], [""2026.03.24外-2"", 710, 54, 201]]"
000272,2035,08,01,2035-08-01,s1,"25.30분0.1.8.359.002 영T정보 | 총내용0당 | 기준21 | 탄수화률 59.6g | 0류 1129 | 供量19900355116313 지방 23.2g | 19교장소.구입처및판매원 트랜스지방 | 포화지방 15 | 콜레스테롤 | 단백질 | ，外（） | 사선을 피학고 거조한 못0 실원 1관 | 제2의품질보존을 위해 질소가 충진 창을 | 하였습니다 | 2026.05.10C 8""80207","[[""영T정보"", 308, 27, 526], [""25.30분0.1.8.359.002"", 329, 32, 167], [""총내용0당"", 334, 23, 532], [""기준21"", 341, 26, 666], [""탄수화률"", 373, 22, 541], [""59.6g"", 376, 22, 650], [""0류"", 392, 23, 555], [""1129"", 393, 24, 663], [""지방"", 412, 22, 552], [""23.2g"", 410, 24, 668], [""供量19900355116313"", 423, 46, 125], [""트랜스지방"", 432, 26, 565], [""19교장소.구입처및판매원"", 440, 50, 119], [""포화지방"", 454, 21, 570], [""15"", 451, 22, 699], [""콜레스테롤"", 473, 24, 567], [""단백질"", 496, 26, 571], [""，外（）"", 536, 61, 94], [""사선을 피학고 거조한 못0 실원 1관"", 580, 56, 83], [""제2의품질보존을 위해 질소가 충진 창을"", 600, 59, 78], [""하였습니다"", 630, 37, 73], [""8\""80207"", 664, 27, 594], [""2026.05.10C"", 673, 48, 113]]"
000273,2026,03,13,2026-03-13,s1,2 0요 | 소비기한 후민 표/알까지 1세재 | 품목 1720154001-530（） | 보고번호 26010549541-186（） | 있습니다.2 | 부92운 | 고추10요앗 간 제/1잡갈나검은색 부분은 원료 2부분 | 입자는 파슬2입니다 | ·소비자기본법에 의거 교환.환불해 드니다 | 1399 | 반품 본사및 구입한곳  AER | ·신선도 유지를 위해 질소충전포장을 하였습니다 | 2026.03.13 | 2B301301 | 식문인/ 2인증 | H AC CP | 영양정보 280kca | 0물 바로가기 三450mg23%个量41 | 9수0금부담 O-023-5181 12g12%11g20% | ww.nong,"[[""소비기한"", 140, 25, 245], [""후민 표/알까지"", 146, 41, 293], [""2 0요"", 122, 72, 1], [""1세재"", 154, 26, 439], [""품목"", 168, 28, 252], [""1720154001-530（）"", 172, 40, 298], [""보고번호"", 191, 28, 242], [""26010549541-186（）"", 194, 38, 297], [""있습니다.2"", 266, 31, 249], [""부92운"", 301, 52, 61], [""고추10요앗"", 325, 38, 61], [""간 제/1잡갈나검은색 부분은 원료 2부분"", 338, 38, 247], [""입자는 파슬2입니다"", 387, 24, 254], [""·소비자기본법에 의거 교환.환불해 드니다"", 410, 27, 246], [""1399"", 434, 29, 248], [""반품 본사및 구입한곳"", 458, 23, 250], ["" AER"", 450, 22, 540], [""·신선도 유지를 위해 질소충전포장을 하였습니다"", 482, 30, 243], [""2026.03.13"", 536, 32, 305], [""2B301301"", 565, 30, 306], [""식문인/ 2인증"", 608, 30, 76], [""H AC CP"", 631, 28, 81], [""영양정보"", 710, 74, 243], [""280kca"", 706, 31, 517], [""0물 바로가기"", 748, 35, 98], [""9수0금부담"", 771, 51, 0], [""三450mg23%个量41"", 749, 68, 248], [""O-023-5181"", 796, 68, 0], [""12g12%11g20%"", 786, 55, 257], [""ww.nong"", 808, 20, 0]]"
000274,2026,03,02,2026-03-02,s1,함유 | 2V L N2 | 12공장/ | 0영동 | 3.신선한기들에 | 투겨습니다 | 루는 파슬2입니다 | 2보 235 kcal | mg98E时量5g8% | 25.09.03 F2 20:11 | 量动印量0mg0% 26.03.02 까지 A5 | 대한비/0 | 2개인 필요 열량에 따2 | 096403 | 02H 안전관2인1 | HACCP | OT ER,"[[""함유"", 78, 29, 489], [""2V L N2"", 100, 47, 15], [""12공장/"", 150, 40, 489], [""0영동"", 221, 60, 540], [""3.신선한기들에"", 284, 50, 43], [""투겨습니다"", 308, 43, 43], [""루는 파슬2입니다"", 546, 32, 262], [""2보"", 587, 30, 1], [""235 kcal"", 596, 33, 86], [""mg98E时量5g8%"", 626, 35, 1], [""25.09.03"", 660, 40, 339], [""量动印量0mg0%"", 676, 49, 0], [""F2 20:11"", 660, 33, 500], [""26.03.02"", 702, 41, 339], [""까지 A5"", 700, 41, 506], [""대한비/0"", 730, 46, 3], [""2개인 필요 열량에 따2"", 755, 52, 0], [""096403"", 800, 32, 0], [""02H"", 826, 40, 327], [""안전관2인1"", 846, 23, 530], [""HACCP"", 862, 25, 529], [""OT ER"", 882, 45, 617]]"
000275,2026,04,23,2026-04-23,s1,"소비기한 후면 표/2까지 | 자와 바베큐 맛이 포장재 폴2프로필렌 | 맛있는 스낵입UC 풍목 19720154001 19760342001 134(218) 1-48（) | 반바살 2자스틱 보고번호 새우,토마토.게.땅콩 닭고기.오징어.계란 | 조개류(굴.전복.홍합 함)를 사용한 제과 | 겉은 시설에서 제조하1 있습니다 | 하십시오.개봉 후바5 드십시오 | 간복 과있는 색물질은 원료인 파슬 | 소비자기본법에.4거 교환.환불해 드립니다 | 139 | 반품본사//7입한곳2 | 신선도 유치를 위해 질소충전포장을 | 하였습니다 01 ER | 2026.04.23 | 식청인전관2인증 | HA CCP | 139 여양정보 75g | 370 kcal | 본사.서울특별시 동작구 三470mg24%量54g17% | 112） 3.9g4%15g28% | 금부담 /농심믈 바로가기 | 5181 농심 0mg0%4.4g8% | (%)%2000kcal","[[""후면 표/2까지"", 30, 52, 356], [""소비기한"", 50, 42, 282], [""폴2프로필렌"", 65, 52, 357], [""포장재"", 83, 44, 282], [""19760342001 134(218)"", 92, 64, 357], [""자와 바베큐 맛이"", 90, 63, 0], [""풍목"", 117, 36, 301], [""1-48（)"", 114, 30, 472], [""맛있는 스낵입UC"", 124, 66, 0], [""19720154001"", 124, 47, 362], [""보고번호"", 142, 37, 285], [""닭고기.오징어.계란"", 150, 43, 491], [""반바살"", 165, 38, 19], [""새우,토마토.게.땅콩"", 166, 63, 286], [""함)를 사용한 제과"", 180, 40, 485], [""2자스틱"", 178, 50, 16], [""조개류(굴.전복.홍합"", 192, 51, 292], [""있습니다"", 210, 30, 487], [""겉은 시설에서 제조하1"", 220, 53, 293], [""하십시오.개봉 후바5 드십시오"", 278, 56, 292], [""간복 과있는 색물질은 원료인 파슬"", 307, 60, 285], [""소비자기본법에.4거 교환.환불해 드립니다"", 371, 53, 287], [""139"", 404, 53, 288], [""반품본사//7입한곳2"", 440, 47, 292], [""신선도 유치를 위해 질소충전포장을"", 470, 45, 295], [""하였습니다"", 508, 42, 296], [""01 ER"", 502, 27, 618], [""2026.04.23"", 598, 41, 371], [""식청인전관2인증"", 682, 23, 111], [""HA CCP"", 704, 27, 109], [""여양정보"", 747, 60, 299], [""75g"", 732, 47, 564], [""139"", 760, 32, 0], [""370 kcal"", 764, 39, 593], [""三470mg24%量54g17%"", 808, 57, 304], [""본사.서울특별시 동작구"", 828, 38, 17], [""112）"", 861, 38, 25], [""3.9g4%15g28%"", 849, 46, 309], [""/농심믈 바로가기"", 898, 36, 75], [""금부담"", 914, 35, 0], [""농심"", 937, 46, 78], [""0mg0%4.4g8%"", 921, 57, 310], [""5181"", 941, 36, 0], [""(%)%2000kcal"", 947, 25, 563]]"
000276,2026,03,25,2026-03-25,s2,자가비 케첩 | JAgAbCe | 4취급주의.제품 개봉시 손0 베지 않도록 주의하시기 바랍니다 | 10PEN | 3 25.09.26 19:28 | ：26.03.25,"[[""자가비"", 58, 59, 212], [""케첩"", 59, 62, 510], [""JAgAbCe"", 91, 20, 280], [""10PEN"", 328, 33, 150], [""4취급주의.제품 개봉시 손0 베지 않도록 주의하시기 바랍니다"", 308, 25, 282], [""3 25.09.26 19:28"", 615, 36, 189], [""：26.03.25"", 644, 35, 196]]"
000277,2026,07,15,2026-07-15,s1,AAC CP 0크란? | H ACCP | 식약처1서 위생적이고 안전하다고 | 인증한 식품/난 표/하는 마크입니다 | 8801117282301 | 소비 부터 | 2025.09.16/20:52 | 기한 2026.07.151A-2 까지,"[[""AAC CP 0크란?"", 263, 38, 276], [""H ACCP"", 284, 27, 184], [""식약처1서 위생적이고 안전하다고"", 298, 29, 278], [""인증한 식품/난 표/하는 마크입니다"", 322, 25, 278], [""8801117282301"", 460, 33, 195], [""소비"", 507, 36, 124], [""부터"", 498, 42, 482], [""2025.09.16/20:52"", 522, 41, 185], [""기한"", 548, 39, 124], [""까지"", 539, 38, 486], [""2026.07.151A-2"", 557, 36, 184]]"
000278,2026,06,22,2026-06-22,s1,25.09/23제2/157 | 26.06.22c | 00 | A직한 고기와 야채,"[[""25.09/23제2/157"", 466, 49, 277], [""26.06.22c"", 510, 44, 270], [""00"", 678, 119, 0], [""A직한"", 888, 99, 173], [""고기와 야채"", 914, 96, 290]]"
000279,2026,06,02,2026-06-02,s1,25.09.03 1443 | 26.06.02 | A0H | 짝찬소와 피의 런스 | 0sSorTed VegeTables | 1만번 0상 치닫 | 연출00지 CheWY WRAPPe | 10000,"[[""25.09.03"", 522, 29, 276], [""1443"", 521, 30, 445], [""26.06.02"", 560, 31, 274], [""A0H"", 594, 34, 559], [""짝찬소와 피의 런스"", 676, 41, 273], [""0sSorTed VegeTables"", 845, 62, 271], [""1만번 0상 치닫"", 900, 53, 273], [""CheWY WRAPPe"", 930, 43, 272], [""연출00지"", 945, 28, 95], [""10000"", 950, 21, 317]]"
000280,2026,03,23,2026-03-23,s1,C1 | 체2제5 | SS05 | 2026.03.23 | 까지 | G0UR ME7 | DELIC / 0US 고01 LIFE | ASTY CUS NE | 0짜레2 도/,"[[""C1"", 113, 28, 119], [""체2제5"", 161, 44, 116], [""SS05"", 378, 27, 325], [""2026.03.23"", 426, 35, 277], [""까지"", 488, 23, 371], [""G0UR ME7"", 596, 72, 368], [""고01"", 684, 130, 350], [""LIFE"", 673, 26, 599], [""DELIC / 0US"", 690, 27, 232], [""ASTY CUS NE"", 770, 71, 377], [""0짜레2 도/"", 900, 120, 122]]"
000281,2026,07,15,2026-07-15,s1,200g（310 원재료0/정제수 | 2추가/베트/산).복학 | 1.1수구연산).들깨 대두.2.쇠고기.돼지고기2유 | 기.조개류/굴 포합)함유 장재질 폴2에틸렌 360g | 1북도 단양분 대강면 | 120340-26 | 반품 및 교환장소 고객상담실 및 구입처 | 내포장재질/폴2에틸렌 | 정통 우동면 （200g） | 200g 영양정보 200g | 0 kCA1 275kcal M2 류 | 异4g4% | g47% F12408 OT HER | 0g0%5g9% 분리수/를 생활화합시다 | 따라 다를 수 있습니다 소중한 자원. 개끗한 환경 | 26.07.15 | 13:35 A0827,"[[""원재료0/정제수"", 12, 25, 189], [""200g（310"", 18, 34, 0], [""2추가/베트/산).복학"", 47, 49, 0], [""대두.2.쇠고기.돼지고기2유"", 92, 35, 259], [""1.1수구연산).들깨"", 96, 44, 0], [""장재질 폴2에틸렌"", 118, 29, 216], [""360g"", 113, 25, 383], [""기.조개류/굴 포합)함유"", 132, 42, 0], [""1북도 단양분 대강면"", 156, 39, 0], [""120340-26"", 158, 31, 233], [""반품 및 교환장소"", 184, 29, 322], [""고객상담실 및 구입처"", 180, 29, 460], [""내포장재질/폴2에틸렌"", 204, 26, 492], [""정통 우동면"", 370, 34, 89], [""（200g）"", 364, 26, 176], [""200g"", 381, 28, 391], [""200g"", 403, 34, 0], [""영양정보"", 407, 52, 97], [""275kcal"", 402, 27, 403], [""M2 류"", 396, 21, 662], [""0 kCA1"", 426, 31, 0], [""OT HER"", 436, 20, 651], [""异4g4%"", 452, 33, 0], [""F12408"", 460, 24, 531], [""g47%"", 480, 33, 0], [""분리수/를 생활화합시다"", 486, 28, 534], [""0g0%5g9%"", 494, 43, 114], [""소중한 자원. 개끗한 환경"", 514, 29, 534], [""따라 다를 수 있습니다"", 531, 24, 0], [""26.07.15"", 582, 44, 280], [""13:35 A0827"", 616, 38, 280]]"
000282,2026,09,10,2026-09-10,s1,2026.09.10 | 맞있는 까지D | 2치 0렇게 요2해세요! | 1핑통에 적당의 물을 넣고 니다. | 개운한김치를 3맛있는 떤만두 드 수 있습니다 | 2가특 채원 | 만두9개당밥개학3~개정도) | 2동상태의 안두를프라에 넣고 위집어가2 | 았있는 | 냉튼 22 -18℃ | 냉동보관 | 468gX27H,"[[""2026.09.10"", 301, 27, 399], [""까지D"", 325, 20, 429], [""맞있는"", 346, 49, 44], [""2치"", 484, 94, 42], [""0렇게 요2해세요!"", 452, 41, 383], [""1핑통에 적당의 물을 넣고 니다."", 512, 33, 384], [""개운한김치를"", 554, 33, 98], [""3맛있는 떤만두 드 수 있습니다"", 547, 32, 386], [""2가특 채원"", 577, 34, 107], [""만두9개당밥개학3~개정도)"", 621, 45, 401], [""2동상태의 안두를프라에 넣고 위집어가2"", 635, 54, 390], [""았있는"", 795, 57, 549], [""냉튼"", 854, 27, 136], [""22"", 850, 27, 174], [""-18℃"", 854, 21, 192], [""냉동보관"", 880, 33, 180], [""468gX27H"", 923, 78, 526]]"
000283,2027,09,17,2027-09-17,s1,梦号100% | 원재료명 외국0트 | 00.중국) | 업소명 씨제제2제.주) | 인천광역시증구해 | 소재지 堂140时49 | 포재 1개 폴2에틸 | .내면) | 풍보고 19790190025-145 | 22서을하고그늘진켓에 보관 | 02 반풍2 하여주십시 구치 또는 영업소 | 2한처 | 주의사항 1부정불광식풍 신고 | 011399· | 한또 보상받을수있습니다 | 2사8후 모상제 반C시지정 | 제에서 / | 27.09.17 14:07 | X3 까지,"[[""梦号100%"", 18, 23, 350], [""외국0트"", 36, 26, 347], [""원재료명"", 42, 33, 301], [""00.중국)"", 54, 26, 346], [""씨제제2제.주)"", 94, 29, 345], [""업소명"", 100, 28, 302], [""인천광역시증구해"", 112, 29, 347], [""소재지"", 132, 28, 304], [""堂140时49"", 130, 23, 347], [""포재"", 154, 24, 299], [""1개 폴2에틸"", 157, 28, 345], ["".내면)"", 172, 21, 302], [""풍보고"", 192, 31, 296], [""19790190025-145"", 196, 27, 347], [""22서을하고그늘진켓에 보관"", 243, 26, 300], [""02"", 274, 55, 215], [""하여주십시"", 259, 28, 298], [""반풍2"", 283, 26, 299], [""구치 또는 영업소"", 290, 27, 347], [""2한처"", 298, 25, 299], [""주의사항"", 318, 21, 297], [""1부정불광식풍 신고"", 318, 27, 336], [""011399·"", 336, 25, 294], [""한또 보상받을수있습니다"", 372, 22, 294], [""제에서"", 443, 135, 202], [""2사8후 모상제 반C시지정"", 390, 23, 295], [""/"", 424, 28, 292], [""27.09.17 14:07"", 535, 43, 329], [""X3"", 594, 24, 310], [""까지"", 594, 29, 420]]"
000284,2026,08,20,2026-08-20,s1,합/20M도나스 만드는 방법 \申TYT | 2HT | 1.72堂 2반/ 2 /M1 | -0의 반죽 그에 반족믹스 202cm~3cm | 24m（4 240g（2号2 | 넣고찰 저고1섞0주세요 석어준 후손02 2~3号 | 반축해 주세요 고2게 겨주세요 | 반죽을 메추22 크기정도 도나스기면 21정도 부꾸니.등린 반즈 | （910g.20m | 동그란 구0 모양으로 등글 주세요 | 05 | 2UH | 넣고 구맹이 생기지 않도록 동그/ 둥글2 주세요 | 4 ※기호에 따라 검은/.(또는 참께를 넣시면 맛있는 23 | 기호에 따라 다양한 치즈를 넣어 조리하실 수 있습니다. | FSCC155910 소비기한 | 2026.08.20 A | 까지 | 801045 380513,"[[""합/20M도나스 만드는 방법"", 50, 31, 146], [""\\申TYT"", 50, 44, 437], [""2HT"", 94, 21, 39], [""1.72堂"", 234, 29, 23], [""2반/"", 232, 27, 247], [""2 /M1"", 228, 27, 455], [""-0의 반죽 그에 반족믹스"", 254, 25, 214], [""202cm~3cm"", 253, 24, 402], [""24m（4"", 272, 26, 22], [""240g（2号2"", 270, 27, 227], [""넣고찰 저고1섞0주세요"", 288, 24, 22], [""석어준 후손02"", 284, 22, 229], [""2~3号"", 285, 20, 292], [""반축해 주세요"", 300, 21, 229], [""고2게 겨주세요"", 300, 21, 416], [""반죽을 메추22 크기정도"", 317, 22, 227], [""도나스기면 21정도 부꾸니.등린 반즈"", 318, 23, 404], [""（910g.20m"", 333, 26, 229], [""동그란 구0 모양으로 등글 주세요"", 348, 25, 228], [""05"", 422, 27, 83], [""2UH"", 438, 29, 65], [""넣고 구맹이 생기지 않도록 동그/ 둥글2 주세요"", 533, 26, 0], [""※기호에 따라 검은/.(또는 참께를 넣시면 맛있는 23"", 558, 29, 316], [""4"", 571, 31, 0], [""기호에 따라 다양한 치즈를 넣어 조리하실 수 있습니다."", 595, 29, 0], [""FSCC155910"", 694, 22, 83], [""소비기한"", 694, 35, 227], [""2026.08.20 A"", 728, 44, 261], [""까지"", 780, 33, 576], [""801045 380513"", 807, 27, 9]]"
000285,2027,07,02,2027-07-02,s1,식유청/천신(1조제품 | 100%（ | 6브든성남궁장/경기도성님 | 제조원 2106B107.8 | ABS/).마1-몰리스E페이퍼(PS | 2비기한제품//까지1월 | 号空卫20090275178349 | 2027.07.02 | 2까지,"[[""식유청/천신(1조제품"", 368, 42, 276], [""100%（"", 394, 41, 275], [""6브든성남궁장/경기도성님"", 414, 37, 317], [""제조원"", 433, 22, 280], [""2106B107.8"", 435, 32, 314], [""ABS/).마1-몰리스E페이퍼(PS"", 502, 29, 322], [""2비기한제품//까지1월"", 530, 30, 276], [""号空卫20090275178349"", 556, 30, 275], [""2027.07.02"", 630, 39, 274], [""2까지"", 654, 41, 452]]"
000286,2027,03,11,2027-03-11,s1,"구주변).직사 | 1.2 유""를 사용한 제품과 2은 세1 | 20견조하고 | 2개봉 후에 | 1초습니다 | 하지않을 경우 | 시질.군0.가정 | 날카로 02 있0니 밀폐보관 영양정보 220kcal | 하십시오. 上E号18620mg931%个号29g9% | 기소비기한 당류 99 % 6g11% | 후면#/2/까지 트랜/지 0.52.617% | 콜레스테롤 5mg2%13g24% | 1미야채양분 %000kcal | 정제소금1마늘가 기준00로 개인의 필요 열량에 따라 다를 수 있습니다 | 산나트룹/20증진 | 함0증진제0.설탕포 | [두루가공/탈지 | 식물성0/축액 | 농축액(호주산)정 소비기한 | 2기스(쇠고기 DB4 | 기스(호주산)아0 | 감친맛분말한우다 2027.03.11 /12B | 출물분 추출 까지 | 0스분말 후츠가루 HACCP P04 | 마늘양파훈합분.항","[[""구주변).직사"", 17, 36, 0], [""1.2"", 38, 54, 0], [""유\""를 사용한 제품과 2은 세1"", 24, 51, 200], [""20견조하고"", 62, 51, 0], [""2개봉 후에"", 84, 53, 0], [""1초습니다"", 111, 48, 0], [""하지않을 경우"", 135, 55, 0], [""220kcal"", 164, 44, 461], [""시질.군0.가정"", 159, 62, 0], [""영양정보"", 176, 53, 199], [""있0니 밀폐보관"", 182, 55, 0], [""날카로 02"", 207, 58, 0], [""上E号18620mg931%个号29g9%"", 207, 76, 191], [""하십시오."", 238, 48, 0], [""%"", 246, 24, 290], [""6g11%"", 235, 44, 336], [""당류 99"", 252, 35, 200], [""기소비기한"", 265, 48, 0], [""0.52.617%"", 267, 59, 278], [""트랜/지"", 280, 35, 200], [""후면#/2/까지"", 288, 49, 17], [""5mg2%13g24%"", 298, 56, 286], [""콜레스테롤"", 311, 33, 204], [""%000kcal"", 332, 55, 203], [""1미야채양분"", 350, 55, 0], [""기준00로 개인의 필요 열량에 따라 다를 수 있습니다"", 356, 49, 202], [""정제소금1마늘가"", 376, 48, 0], [""산나트룹/20증진"", 402, 44, 0], [""함0증진제0.설탕포"", 428, 43, 0], [""[두루가공/탈지"", 454, 41, 0], [""식물성0/축액"", 480, 39, 0], [""농축액(호주산)정"", 506, 35, 0], [""소비기한"", 508, 39, 195], [""DB4"", 501, 30, 506], [""2기스(쇠고기"", 532, 29, 0], [""기스(호주산)아0"", 560, 29, 1], [""2027.03.11 /12B"", 573, 38, 288], [""감친맛분말한우다"", 587, 32, 1], [""까지"", 592, 39, 539], [""출물분 추출"", 614, 41, 0], [""P04"", 626, 29, 539], [""0스분말 후츠가루"", 643, 38, 0], [""HACCP"", 642, 29, 204], [""마늘양파훈합분.항"", 691, 50, 0]]"
000287,2027,02,18,2027-02-18,s1,조2예 | 06066 66666 | 300~350m1 1734 2는 에국내기 한 | ~2컵)를 끊여줍니다 2어진 국1 | 소비기/한 후면 별도 표기/일까지 영양 정보 100g | 식품유형/복조0식품 2024068342470 총내용량당 295kcal | L三云8.290mg 기준치에 대한 비 | 415% | 54g 17 % | 异13g 13 % | 1.6g 39 | 대두.0.쇠고기함유 트랜스지방 09 | 국산1 | 95mg 32 | 29 | %200 | 03 | 27.02.18 T. 1. 1. 080-019- | 스비자중 WW.0dAesANg | DAE S ANG 분리수거를생활화1,"[[""조2예"", 12, 21, 200], [""06066"", 102, 20, 387], [""66666"", 100, 20, 547], [""300~350m1"", 121, 28, 350], [""2는 에국내기 한"", 120, 35, 514], [""1734"", 140, 47, 501], [""~2컵)를 끊여줍니다"", 138, 25, 353], [""2어진 국1"", 149, 45, 660], [""소비기/한 후면 별도 표기/일까지"", 174, 24, 206], [""영양 정보"", 184, 36, 519], [""100g"", 196, 39, 639], [""식품유형/복조0식품"", 190, 61, 0], [""295kcal"", 217, 42, 652], [""2024068342470"", 212, 71, 2], [""총내용량당"", 230, 28, 523], [""L三云8.290mg"", 264, 43, 524], [""기준치에 대한 비"", 254, 39, 623], [""54g"", 288, 41, 525], [""415%"", 278, 29, 667], [""异13g"", 312, 36, 542], [""17 %"", 302, 26, 682], [""1.6g"", 337, 34, 528], [""13 %"", 325, 26, 685], [""대두.0.쇠고기함유"", 358, 26, 316], [""트랜스지방 09"", 364, 36, 547], [""39"", 348, 23, 690], [""국산1"", 371, 26, 53], [""95mg"", 416, 36, 531], [""32"", 422, 22, 698], [""29"", 447, 24, 700], [""%200"", 470, 26, 531], [""03"", 695, 28, 673], [""스비자중"", 731, 30, 46], [""27.02.18"", 730, 35, 234], [""T. 1. 1."", 729, 26, 427], [""080-019-"", 731, 34, 629], [""DAE S ANG"", 766, 28, 108], [""WW.0dAesANg"", 762, 25, 629], [""분리수거를생활화1"", 786, 29, 630]]"
000288,2028,07,25,2028-07-25,s1,2028.07.25,"[[""2028.07.25"", 462, 37, 234]]"
000289,2030,07,23,2030-07-23,s1,2030.07.23221 | 40432205,"[[""2030.07.23221"", 490, 57, 182], [""40432205"", 524, 55, 205]]"
000290,2027,03,02,2027-03-02,s1,12필렌 | 181011 231（大豆号早） 소비자기본법에따라 피해보상.부정.불량 | 토마토 함유 |   갓2 기장 01어온 A부터1 19711 | 02 | 2027/.03.021 | A | 까지,"[[""12필렌"", 34, 59, 336], [""소비자기본법에따라 피해보상.부정.불량"", 212, 359, 301], [""231（大豆号早）"", 132, 156, 253], [""181011"", 299, 56, 247], [""토마토 함유"", 328, 114, 354], ["" "", 451, 66, 243], [""갓2"", 454, 72, 316], [""01어온"", 455, 72, 370], [""기장"", 456, 53, 346], [""A부터1"", 458, 57, 400], [""19711"", 458, 73, 421], [""02"", 534, 30, 421], [""2027/.03.021"", 585, 68, 265], [""A"", 646, 38, 417], [""까지"", 692, 34, 426]]"
000291,2027,07,21,2027-07-21,s1,제품명/표O2/1유 | 식품유형/해바2기유 | 소비기한/ | 보관방법 | 포장재질/ | (내면) 누껑-폴2에틸렌 | 업소명및/주사조대림 | 풍목보고번호 1995020805639 | -개봉 후에는 누껑을 꼭단 서늘하고 어무운곳 | 에보관하시고가급적 빨리 드시기 바랍니다 | 20제품은대두를 사용한 제품과 갈 제조설 | 에서제조하고 있습니다.-부정 불량 식품 신고 | 1399 | 2027.07.21 | 본제품은 소비자 분쟁 해기준에 의거 교환 또 | 는보상받을수있습니다.-반품및 교환 구입처 및 | (080-900-6133)dr.sajo.co.kr | -깨끗한 우리자연 깨끗한 우2마음 | 영양정보 (1 g = 1.09 mL) 100 g 900 kcal 900m | 나트룹0.M9 0% 100g185% | 0g0% 트랜스지방 09 | 0g0% 1173% | 콜레스테롤 0 Mg 0%0g0%,"[[""제품명/표O2/1유"", 10, 22, 207], [""식품유형/해바2기유"", 52, 43, 164], [""소비기한/"", 100, 32, 165], [""보관방법"", 124, 33, 164], [""포장재질/"", 146, 33, 165], [""누껑-폴2에틸렌"", 156, 34, 228], [""(내면)"", 164, 33, 171], [""업소명및/주사조대림"", 182, 44, 161], [""1995020805639"", 244, 28, 297], [""풍목보고번호"", 250, 34, 162], [""-개봉 후에는 누껑을 꼭단 서늘하고 어무운곳"", 456, 40, 161], [""에보관하시고가급적 빨리 드시기 바랍니다"", 478, 41, 157], [""20제품은대두를 사용한 제품과 갈 제조설"", 498, 39, 162], [""에서제조하고 있습니다.-부정 불량 식품 신고"", 520, 39, 158], [""1399"", 547, 31, 160], [""2027.07.21"", 590, 47, 254], [""본제품은 소비자 분쟁 해기준에 의거 교환 또"", 640, 45, 165], [""는보상받을수있습니다.-반품및 교환 구입처 및"", 664, 48, 153], [""(080-900-6133)dr.sajo.co.kr"", 688, 46, 154], [""-깨끗한 우리자연 깨끗한 우2마음"", 714, 37, 155], [""영양정보"", 767, 56, 154], [""900m"", 743, 40, 372], [""(1 g = 1.09 mL) 100 g 900 kcal"", 771, 49, 268], [""나트룹0.M9"", 809, 34, 156], [""0%"", 810, 23, 268], [""100g185%"", 799, 47, 342], [""0g0%"", 838, 39, 155], [""트랜스지방 09"", 829, 38, 345], [""0g0%"", 868, 37, 157], [""1173%"", 856, 49, 345], [""콜레스테롤 0 Mg"", 896, 33, 159], [""0%0g0%"", 888, 51, 304]]"
000292,2026,02,13,2026-02-13,s1,13/02/2026 | 13925D 0123,"[[""13/02/2026"", 430, 37, 282], [""13925D 0123"", 470, 41, 273]]"
000293,2025,10,24,2025-10-24,s1,불한바울넣지 나고 | H 00%！ REC OL.20 BOTTLE 22 |  GE 9 25.10.24 | 투껑 OPE (06:37) | 0가 2座：PP | A.용가 용 우수 | 2  1 영양정보 100mlg40kcal |   2 02 드N.  2E 1 M190903/01 | 88%% | JE C O M9 0% 营哈61mg9%,"[[""불한바울넣지 나고"", 340, 63, 193], [""REC OL.20"", 349, 20, 453], [""22"", 352, 45, 514], [""BOTTLE"", 363, 22, 460], [""H 00%！"", 382, 88, 131], [""25.10.24"", 478, 42, 289], ["" GE 9"", 492, 47, 60], [""(06:37)"", 505, 26, 292], [""투껑 OPE"", 528, 30, 138], [""0가"", 544, 39, 57], [""2座：PP"", 550, 28, 141], [""A.용가"", 572, 35, 59], [""용 우수"", 568, 31, 137], [""영양정보"", 586, 70, 218], [""100mlg40kcal"", 578, 61, 440], [""2  1"", 600, 31, 59], [""02 드N. "", 626, 31, 59], [""2E 1 M190903/01"", 627, 91, 219], [""  2"", 655, 34, 55], [""88%%"", 668, 93, 222], [""JE C O M9 0%"", 760, 42, 240], [""营哈61mg9%"", 737, 88, 369]]"
000294,2026,09,08,2026-09-08,s1,제조2자 2025.09.09 WF4 | 소비기한 2026.09.0808:54 1 지 | 0두0국소문(90국1정331231 8500g/100gg210kcal | 2.510mg126%37g11%23g23% | 量0mg0%8g15% | 2000 ca | 号E80-850-1200/666-5471（）/.c | 59:191845847-13 B.PP 8801007052854,"[[""WF4"", 436, 28, 579], [""제조2자"", 452, 40, 73], [""2025.09.09"", 450, 30, 210], [""1 지"", 471, 38, 581], [""소비기한"", 486, 35, 75], [""2026.09.0808:54"", 480, 29, 210], [""8500g/100gg210kcal"", 518, 35, 478], [""0두0국소문(90국1정331231"", 540, 35, 79], [""2.510mg126%37g11%23g23%"", 545, 38, 385], [""量0mg0%8g15%"", 594, 32, 389], [""2000 ca"", 616, 43, 391], [""号E80-850-1200/666-5471（）/.c"", 660, 41, 389], [""59:191845847-13"", 772, 31, 100], [""8801007052854"", 754, 46, 404], [""B.PP"", 774, 23, 335]]"
000295,2025,11,08,2025-11-08,s1,02 2025.11.08 A2 | 유요한 | 2 푸0버0가 입맛의 | 782332 가치를 올려요. | 난0매원 | 푸디버디 | (0:0국산) 팔콘치킨탈/치즈맛 | 팔을레인/ 0렇 게만들0서 더맛있어요! | 1분.백후추 | 인산나트/ 1.고소한 치즈로 진하게 맛을낸 | 팔레이/0 진짜 치즈 시즈닝! | 2타가공품1 | 국내산 닭가슴살을 바삭하게 | 뒤긴 팔콘치킨 | 11봉을 넣고 ShAO 1,"[[""2025.11.08 A2"", 308, 46, 295], [""02"", 350, 52, 0], [""유요한"", 350, 40, 443], [""푸0버0가 입맛의"", 482, 49, 323], [""2"", 502, 27, 1], [""가치를 올려요."", 520, 38, 325], [""782332"", 534, 35, 0], [""난0매원"", 602, 35, 0], [""푸디버디"", 630, 37, 183], [""(0:0국산)"", 670, 42, 0], [""팔콘치킨탈/치즈맛"", 665, 52, 183], [""팔을레인/"", 704, 46, 0], [""0렇 게만들0서 더맛있어요!"", 702, 46, 183], [""1분.백후추"", 736, 49, 0], [""인산나트/"", 771, 48, 0], [""1.고소한 치즈로 진하게 맛을낸"", 764, 57, 190], [""진짜 치즈 시즈닝!"", 807, 52, 228], [""팔레이/0"", 834, 37, 2], [""2타가공품1"", 863, 32, 0], [""국내산 닭가슴살을 바삭하게"", 867, 73, 223], [""뒤긴 팔콘치킨"", 909, 38, 228], [""11봉을 넣고"", 946, 33, 430], [""ShAO 1"", 942, 35, 569]]"
000296,2026,07,28,2026-07-28,s1,2026.07.28 | 탈구밖 | THT | 막창,"[[""2026.07.28"", 105, 62, 209], [""탈구밖"", 383, 159, 0], [""THT"", 565, 180, 0], [""막창"", 793, 360, 0]]"
000297,2026,04,08,2026-04-08,s1,2026.04.08 | 산물 인전2인증 | 책 HACCP | 보험가입 | 2%3 | 2U /2,"[[""2026.04.08"", 110, 65, 324], [""산물"", 176, 31, 0], [""인전2인증"", 168, 31, 96], [""책"", 202, 39, 0], [""HACCP"", 198, 36, 102], [""보험가입"", 230, 31, 0], [""2%3"", 533, 222, 149], [""2U /2"", 721, 404, 40]]"
000298,2026,09,11,2026-09-11,s1,사골탕 | BeeT BONe SoUP | 한/과 함께 소세기한 | 1 2찾을 2026.09.11 | 1.0겁게! 06:43 F1F | VA8 | 남도 논산시연무읍 | 당(주)진천BLOSS 2 | 진천군진천읍 씨제 연출 다양한 요2의 0국블로 활용 | 0미지 | 포는운질치대면서) 비비고 한우사골곰탕 조2방법 | 폴2프로렌 POT 냄비조2 | 사골추출물/한우사 | 난)].한우사골추출 | 1소금/국산).한우 | 증진제.0늘농축액 MiCroWAVe 전자레인지 | 고기.대투 함유 | 반품및 교환처 | 구입처 및 대2점 DOubl STeAaMiNg 증탕조2 | 34 WATer ANd Cook for3 | 습니다,"[[""사골탕"", 152, 114, 8], [""BeeT BONe SoUP"", 199, 76, 5], [""한/과 함께"", 306, 53, 3], [""소세기한"", 288, 34, 226], [""1 2찾을"", 333, 44, 0], [""2026.09.11"", 316, 61, 330], [""1.0겁게!"", 366, 48, 0], [""06:43 F1F"", 368, 63, 335], [""VA8"", 472, 31, 229], [""남도 논산시연무읍"", 544, 33, 1], [""2"", 552, 22, 404], [""당(주)진천BLOSS"", 572, 26, 2], [""연출"", 584, 31, 194], [""진천군진천읍 씨제"", 600, 30, 2], [""다양한 요2의 0국블로 활용"", 586, 37, 429], [""0미지"", 610, 31, 192], [""비비고 한우사골곰탕 조2방법"", 636, 49, 203], [""포는운질치대면서)"", 658, 34, 33], [""폴2프로렌"", 690, 35, 36], [""POT 냄비조2"", 679, 34, 202], [""사골추출물/한우사"", 725, 36, 1], [""난)].한우사골추출"", 756, 39, 0], [""1소금/국산).한우"", 788, 36, 0], [""MiCroWAVe 전자레인지"", 800, 36, 201], [""증진제.0늘농축액"", 820, 41, 0], [""고기.대투 함유"", 858, 42, 0], [""반품및 교환처"", 896, 37, 23], [""DOubl STeAaMiNg 증탕조2"", 909, 52, 197], [""구입처 및 대2점"", 934, 30, 14], [""34"", 932, 57, 207], [""WATer ANd Cook for3"", 929, 64, 424], [""습니다"", 945, 29, 503]]"
000299,2026,05,13,2026-05-13,s1,GCA3 | 2026.05.13 | 영양 정보 340g（170gx27H） | 17H(170g)636kcal | 소비기한/ | 보관방법 가정에서는 냉장고 냉동실 보관1 | 제조원//업회사법인/지엔E/(주)/ | 업소명 | 및소재지,"[[""GCA3"", 192, 28, 456], [""2026.05.13"", 294, 37, 266], [""영양 정보"", 436, 48, 88], [""340g（170gx27H）"", 420, 32, 321], [""17H(170g)636kcal"", 446, 33, 345], [""소비기한/"", 624, 30, 73], [""보관방법"", 650, 27, 73], [""가정에서는 냉장고 냉동실 보관1"", 650, 29, 165], [""제조원//업회사법인/지엔E/(주)/"", 676, 25, 169], [""업소명"", 704, 33, 80], [""및소재지"", 730, 34, 69]]"
000300,2026,05,21,2026-05-21,s1,1개5 1 영양성분 기준치에대한 비율 | 2보 L三喜280mg 14% 10 19 % | 360g 15g 5% 트랜스지방09 | 弄2g 2% 、13% | 5 40g13%12g 22% | CAl | B0-L | 소비기한 | 2026.05.21 | 까지,"[[""1개5"", 279, 22, 45], [""2보"", 298, 37, 0], [""1 영양성분 기준치에대한 비율"", 288, 30, 367], [""L三喜280mg"", 306, 40, 51], [""14%"", 310, 31, 244], [""10"", 312, 40, 290], [""19 %"", 320, 38, 491], [""360g"", 330, 29, 0], [""15g"", 338, 34, 56], [""5%"", 341, 26, 256], [""트랜스지방09"", 345, 42, 325], [""弄2g"", 370, 39, 73], [""2%"", 370, 30, 256], [""、13%"", 382, 38, 443], [""40g13%12g"", 402, 41, 59], [""5"", 403, 22, 1], [""22%"", 414, 37, 481], [""CAl"", 428, 25, 0], [""B0-L"", 477, 36, 485], [""소비기한"", 529, 34, 203], [""2026.05.21"", 582, 40, 240], [""까지"", 630, 29, 474]]"
000301,2027,04,09,2027-04-09,s1,157kcal | OT HER | 소비기한 | 2027.04.09 | 까지,"[[""OT HER"", 494, 27, 529], [""157kcal"", 514, 32, 23], [""소비기한"", 568, 29, 23], [""2027.04.09"", 580, 53, 186], [""까지"", 642, 26, 666]]"
000302,2026,03,15,2026-03-15,s1,2026.03.15 | S5 A 3 | U/SPY | 고01,"[[""2026.03.15"", 368, 40, 165], [""S5 A 3"", 439, 42, 512], [""U/SPY"", 552, 80, 436], [""고01"", 756, 92, 169]]"
000303,2026,07,31,2026-07-31,s1,풀0주세요 号450mlm 부드2문 2지고기 | 더20주면 맛있는 남해인산0역 | 간이 달라질 수있으니 | 가지 | 냉동보관 반품 및 교환장소 고객상 상월구입1 | 84 | 1000 | kC2 비2  | /분 1399  DAESANG 0T  ER | 한비율 | 72 % 소비기한 | 2% | 1% 26.07.31 | 13 % 까지 | 12 % 0고객상담실 | 3% 080019-9119） | 9% 8801052130583 18℃間 | 냉동보관 2비자증1,"[[""号450mlm"", 12, 24, 0], [""2지고기"", 17, 27, 437], [""풀0주세요"", 26, 25, 0], [""부드2문"", 27, 28, 195], [""남해인산0역"", 48, 33, 195], [""더20주면 맛있는"", 44, 41, 0], [""간이 달라질 수있으니"", 80, 39, 0], [""가지"", 346, 30, 0], [""상월구입1"", 362, 39, 440], [""냉동보관"", 377, 32, 2], [""반품 및 교환장소 고객상"", 372, 38, 212], [""84"", 392, 25, 445], [""1000"", 516, 31, 0], [""비2 "", 528, 26, 544], [""kC2"", 544, 29, 4], ["" DAESANG"", 564, 34, 409], [""/분"", 574, 29, 0], [""1399"", 570, 37, 95], [""0T  ER"", 570, 31, 532], [""한비율"", 595, 28, 0], [""72 %"", 620, 28, 2], [""소비기한"", 623, 34, 101], [""2%"", 648, 29, 12], [""1%"", 678, 26, 17], [""26.07.31"", 682, 54, 284], [""13 %"", 706, 29, 10], [""까지"", 698, 31, 559], [""0고객상담실"", 748, 39, 425], [""12 %"", 762, 25, 17], [""3%"", 789, 26, 25], [""080019-9119）"", 776, 43, 366], [""9%"", 813, 24, 29], [""8801052130583"", 819, 28, 109], [""18℃間"", 818, 27, 420], [""2비자증1"", 827, 22, 495], [""냉동보관"", 840, 25, 417]]"
000304,2026,06,01,2026-06-01,s1,EH 3 | 2026.06.01 까지 | 20:44 | 계1. 고소하고부드2운 큼직하게 | J부한 | 0로 | 1.20170.c,"[[""EH 3"", 360, 39, 429], [""2026.06.01"", 422, 41, 208], [""까지"", 414, 33, 441], [""20:44"", 469, 40, 211], [""고소하고부드2운"", 777, 29, 80], [""계1."", 791, 25, 85], [""큼직하게"", 784, 21, 265], [""J부한"", 814, 41, 485], [""0로"", 838, 38, 486], [""1.20170.c"", 866, 32, 92]]"
000305,2020,10,03,2020-10-03,s1,소비기한 | 까지 | 여유와 사까지 생각하는청정원의가정간/니다 | 엄선한 원재료로 깊  진한 등0 12방법 | 양지를 가득 지전기시(원/2인분기준) | 20M두께로 얇게설 | 부드러운 양지살을 가득 | 양지&야채육수사용 | 진지육수와20재를 급는물사용N(원/2인분기준) | 2은국.맛 13-15 | 2독달록 고명까지등뿐 2제품을 꺼내 때상에 주의하세요 | 품짐하게 대파 계지  넣 | 보2번호/201003/0135373 | 내포장재질/물2에를린,"[[""소비기한"", 312, 36, 30], [""까지"", 406, 27, 642], [""여유와 사까지 생각하는청정원의가정간/니다"", 518, 58, 123], [""엄선한 원재료로 깊  진한 등0"", 580, 46, 41], [""12방법"", 580, 41, 423], [""양지를 가득"", 618, 36, 115], [""지전기시(원/2인분기준)"", 624, 36, 415], [""20M두께로 얇게설"", 644, 33, 114], [""부드러운 양지살을 가득"", 664, 35, 116], [""양지&야채육수사용"", 696, 38, 120], [""진지육수와20재를"", 720, 37, 120], [""2은국.맛"", 750, 33, 122], [""급는물사용N(원/2인분기준)"", 730, 49, 414], [""2독달록 고명까지등뿐"", 778, 42, 124], [""13-15"", 769, 49, 413], [""대파 계지  넣"", 802, 43, 125], [""2제품을 꺼내 때상에 주의하세요"", 788, 41, 413], [""품짐하게"", 815, 31, 127], [""보2번호/201003/0135373"", 922, 57, 362], [""내포장재질/물2에를린"", 941, 39, 368]]"
000306,2026,09,16,2026-09-16,s1,A 0 1 | 떡갈비 2026.09.16 까1지 | okgalbi 12:41 | RiCh ANd JUiCY Me01 | 연출 The L/Ve/ | 0미지 | 즐기/는법 | 비비고 남도 떨/비,"[[""A 0 1"", 358, 24, 504], [""까1지"", 397, 20, 498], [""떡갈비"", 442, 72, 0], [""2026.09.16"", 428, 39, 246], [""12:41"", 468, 41, 240], [""okgalbi"", 490, 33, 0], [""RiCh ANd JUiCY Me01"", 625, 64, 332], [""연출"", 825, 39, 228], [""The L/Ve/"", 822, 65, 340], [""0미지"", 857, 39, 211], [""비비고 남도 떨/비"", 930, 47, 153], [""즐기/는법"", 894, 82, 356]]"
000307,2025,11,14,2025-11-14,s1,소B 25.11.142 | 기한 09:51 H15 | 풀20는,"[[""25.11.142"", 348, 52, 294], [""소B"", 360, 29, 221], [""기한"", 382, 25, 222], [""09:51"", 388, 36, 293], [""H15"", 380, 55, 413], [""풀20는"", 429, 72, 24]]"
000308,2025,12,04,2025-12-04,s1,2025.12.04B2 | 05:25 김성대 | 11육습부,"[[""2025.12.04B2"", 298, 45, 166], [""05:25"", 347, 41, 166], [""김성대"", 342, 43, 315], [""11육습부"", 698, 175, 232]]"
000309,2027,04,01,2027-04-01,s1,1품명/0공 | 원산지 증국산 | V.21 | 설에서 제조하고 있습니다. | 300g | 영양정보 100g% 520kcal | 28952%33% 80113300680 | 量0mg0%17g31% | OT ER | 2027.04.0108 | HC02F2,"[[""1품명/0공"", 53, 28, 82], [""원산지 증국산"", 72, 53, 535], [""V.21"", 197, 42, 607], [""설에서 제조하고 있습니다."", 356, 50, 86], [""300g"", 413, 26, 439], [""영양정보"", 441, 59, 80], [""100g%"", 437, 20, 395], [""520kcal"", 434, 28, 442], [""80113300680"", 500, 39, 575], [""28952%33%"", 510, 57, 94], [""量0mg0%17g31%"", 546, 43, 102], [""OT ER"", 582, 20, 548], [""2027.04.0108"", 683, 49, 157], [""HC02F2"", 725, 54, 223]]"
000310,2026,07,28,2026-07-28,s1,제조및/(주석.유통 | 2011044104650 | 원재료명 | ，)20% 호두함유 | 정보 200g20g122kcal | 人印量0mg0% 3g6% | 소비기한 2026.07.28 까지 | 종1 | 809019711769,"[[""제조및/(주석.유통"", 82, 25, 199], [""2011044104650"", 125, 22, 198], [""원재료명"", 206, 27, 196], [""，)20%"", 240, 26, 304], [""호두함유"", 242, 27, 551], [""정보"", 268, 26, 226], [""200g20g122kcal"", 266, 23, 387], [""人印量0mg0%"", 341, 22, 205], [""3g6%"", 340, 22, 408], [""소비기한"", 570, 28, 193], [""2026.07.28"", 569, 29, 333], [""까지"", 568, 27, 603], [""종1"", 718, 33, 541], [""809019711769"", 746, 28, 247]]"
000311,2026,08,09,2026-08-09,s1,"제품명0거트 2제품은 땅.돼고 | 식의 유 땅광 또는 견과류 가공품 L200g（970kcal）[20g（97kcal)x107H 제품과 동한 제조라인0 | 반풍및 교환7입처 및판 | ：031-575-50 | 2재료 1제품의크기가 인정하지 | 및합1 | 호두.우유,대두 함유 | 영양정보 200g（970kcal） 17H(20g)97kcal | 나트륨 11g3% 摄393% | 지방 59 9% | /레스테Z Mg 09 | 2비기는 | 2026년08월09일11/지 8809036","[[""제품명0거트"", 150, 29, 36], [""2제품은 땅.돼고"", 149, 30, 595], [""식의 유 땅광 또는 견과류 가공품"", 182, 34, 32], [""L200g（970kcal）[20g（97kcal)x107H"", 180, 27, 277], [""제품과 동한 제조라인0"", 176, 23, 599], [""반풍및 교환7입처 및판"", 200, 26, 598], [""：031-575-50"", 225, 30, 594], [""2재료"", 296, 31, 32], [""1제품의크기가 인정하지"", 300, 30, 586], [""및합1"", 328, 36, 35], [""호두.우유,대두 함유"", 370, 34, 419], [""200g（970kcal）"", 432, 29, 404], [""영양정보"", 448, 47, 32], [""17H(20g)97kcal"", 453, 36, 432], [""나트륨"", 489, 28, 47], [""11g3%"", 484, 26, 332], [""摄393%"", 483, 34, 443], [""지방 59"", 520, 31, 48], [""9%"", 512, 23, 543], [""/레스테Z"", 552, 33, 46], [""Mg 09"", 551, 29, 155], [""2비기는"", 621, 36, 39], [""2026년08월09일11/지"", 662, 44, 329], [""8809036"", 657, 28, 609]]"
000312,2026,08,26,2026-08-26,s1,UN | MKE0 B NUTS | Cof 0 V0A LAVeN SMACl FJUd9 | 스댁을 혼합하여 | 영양을 한번에 | Y앤덱/너2 BAAA Chup | 2간식#단믹스 | UAsSToOd AU MOd | 6U 1 OYS Rue woated Peanit | 2026.08.26 | 450g.228kcal | 860839%.0早二5%,"[[""UN"", 43, 50, 1], [""B NUTS"", 76, 156, 223], [""MKE0"", 113, 105, 5], [""FJUd9"", 150, 65, 594], [""LAVeN SMACl"", 160, 45, 507], [""Cof 0 V0A"", 189, 60, 328], [""스댁을 혼합하여"", 268, 61, 0], [""BAAA Chup"", 277, 76, 247], [""영양을 한번에"", 296, 64, 0], [""Y앤덱/너2"", 324, 67, 0], [""2간식#단믹스"", 396, 73, 0], [""UAsSToOd AU MOd"", 552, 50, 197], [""6U 1 OYS"", 618, 67, 212], [""Rue woated Peanit"", 632, 126, 183], [""2026.08.26"", 690, 41, 246], [""450g.228kcal"", 868, 111, 3], [""860839%.0早二5%"", 914, 96, 8]]"
000313,2026,03,17,2026-03-17,s2,2지2포장 | 2026.03.17011 | 뒤기2 않아 담백1 | 2은 복사! | 유탕/2/N0 | 고온 복/사열로 구워 | 국산사양벌/과비 | 진동 1과 | 33 곡물 창인의1 | 1979号号 | 바삭 | 제품명,"[[""2지2포장"", 298, 29, 162], [""뒤기2 않아 담백1"", 412, 57, 326], [""2은 복사!"", 476, 21, 245], [""유탕/2/N0"", 517, 52, 474], [""고온 복/사열로 구워"", 578, 45, 473], [""국산사양벌/과비"", 730, 62, 468], [""진동 1과"", 774, 33, 320], [""33"", 802, 27, 374], [""곡물 창인의1"", 827, 74, 469], [""1979号号"", 883, 75, 467], [""바삭"", 936, 41, 488], [""제품명"", 947, 26, 168], [""2026.03.17011"", 346, 28, 182]]"
000314,2026,09,01,2026-09-01,s1,좋은 | G0OD TOD AY | 7릉지 2026.09.01升 | Co /Ched RiCe 연증된예 | 10,"[[""좋은"", 216, 99, 195], [""G0OD TOD AY"", 276, 33, 195], [""7릉지"", 489, 115, 0], [""2026.09.01升"", 441, 64, 349], [""연증된예"", 544, 26, 583], [""Co /Ched RiCe"", 566, 31, 0], [""10"", 868, 114, 485]]"
000315,2026,07,19,2026-07-19,s1,20260719,"[[""20260719"", 532, 84, 249]]"
000316,2027,03,01,2027-03-01,s1,수 소비기한 16:37 3-1 2027.03.01 | 까지 | 조리방법 | 간을 좋아하는 분들은 물양을 조절해도 좋습니다 | 국수 떡등을넣어서 조리하면 기호에따라 소금.후추2 계,"[[""수"", 510, 121, 13], [""소비기한"", 468, 31, 145], [""2027.03.01"", 486, 35, 382], [""16:37 3-1"", 518, 35, 382], [""까지"", 536, 27, 615], [""조리방법"", 702, 37, 93], [""간을 좋아하는 분들은 물양을 조절해도 좋습니다"", 742, 53, 0], [""국수 떡등을넣어서 조리하면"", 938, 44, 0], [""기호에따라 소금.후추2 계"", 934, 57, 348]]"
000317,2025,11,15,2025-11-15,s1,2 | 20251115办天 | 0814108,"[[""2"", 457, 40, 74], [""20251115办天"", 557, 49, 250], [""0814108"", 600, 41, 287]]"
000318,2025,11,09,2025-11-09,s1,2025.11.09 | 5 MOW | LHo引T1500 | F8B/경/도성남//중원/문촌대로 | 14(www.dongwonfnb.com) | 천2역/호주산)1.조미액.대두유.설탕 | 게동축액산나트(미증친제,"[[""2025.11.09"", 390, 57, 277], [""5"", 416, 57, 6], [""MOW"", 425, 38, 302], [""LHo引T1500"", 587, 34, 188], [""F8B/경/도성남//중원/문촌대로"", 618, 39, 79], [""14(www.dongwonfnb.com)"", 644, 34, 73], [""천2역/호주산)1.조미액.대두유.설탕"", 802, 49, 41], [""게동축액산나트(미증친제"", 830, 48, 38]]"
000319,2026,02,14,2026-02-14,s1,냉장보관/소비기한 | 2026. 02. 14  | 11:19 E1509 | BA 5 | 천 현지의 및을 집에서 쓸기는 | 라타면,"[[""냉장보관/소비기한"", 386, 40, 277], [""2026. 02. 14 "", 462, 45, 305], [""11:19 E1509"", 503, 40, 309], [""BA 5"", 526, 25, 241], [""천"", 699, 137, 18], [""현지의 및을"", 695, 46, 162], [""집에서 쓸기는"", 725, 43, 170], [""라타면"", 854, 210, 9]]"
000320,2025,11,12,2025-11-12,s1,N콤 달콤 도통폴2 | 2유부초밥 | 43 2 첨가 | 빙산.스테비울배N단체 | 豆（B- | 제조자 | 2025.08.13早 | 09 0~1OC 소비기한 2025.11.12外 | OkCAl1 냉장보관 | 29,"[[""도통폴2"", 126, 39, 140], [""N콤 달콤"", 135, 52, 3], [""2유부초밥"", 208, 111, 0], [""43"", 348, 87, 307], [""2"", 335, 20, 445], [""첨가"", 364, 49, 431], [""빙산.스테비울배N단체"", 394, 33, 334], [""豆（B-"", 413, 31, 321], [""제조자"", 634, 32, 224], [""2025.08.13早"", 660, 46, 318], [""2025.11.12外"", 699, 43, 318], [""09"", 728, 47, 0], [""0~1OC"", 724, 37, 66], [""소비기한"", 714, 31, 226], [""OkCAl1"", 761, 24, 0], [""냉장보관"", 756, 37, 70], [""29"", 818, 26, 36]]"
000321,2025,10,29,2025-10-29,s1,2025.10.29加 | 22 | 우2,"[[""2025.10.29加"", 412, 57, 132], [""22"", 678, 75, 184], [""우2"", 940, 24, 55]]"
000322,2025,10,29,2025-10-29,s1,2025. 10. 29 IOO | 사조 | 우2,"[[""2025. 10. 29 IOO"", 410, 56, 153], [""사조"", 874, 33, 40], [""우2"", 922, 29, 44]]"
000323,2025,12,21,2025-12-21,s1,12 2합 | 새콤한 맛 0반 | 0반 | 들기름 电 | 개봉방법 | 15 | 제조 | 2025.09.22早E | 0깨 디핑소스 소비기한 2025.12.21 |   1개 | 0/0,"[[""12"", 18, 27, 3], [""2합"", 97, 198, 0], [""0반"", 196, 69, 403], [""새콤한 맛"", 230, 103, 0], [""0반"", 304, 30, 297], [""들기름"", 351, 53, 263], [""电"", 350, 35, 385], [""개봉방법"", 378, 26, 385], [""15"", 408, 31, 399], [""제조"", 647, 38, 175], [""2025.09.22早E"", 680, 39, 310], [""0깨"", 728, 32, 0], [""디핑소스"", 730, 35, 49], [""2025.12.21"", 725, 52, 308], [""소비기한"", 740, 35, 175], ["" "", 766, 63, 0], [""1개"", 770, 52, 45], [""0/0"", 824, 40, 8]]"
000324,2027,05,15,2027-05-15,s1,*量显100% | 호박산 | 3 0산화규소 카제인나트] | 1000] 10001 | 끓는 물에 1분3을 3 분링으로 완성한 | 1개 넣고 약 1분간 불에 다양한 요2를 | 국물을 우려줍니다. 시작해세요! | 21시 뜨거운 물에 데지 않도록 조심하십시 | PA6 | 출물.호주산).콩발효추출 2027.05.15E22A3 | 2NM유 진국육수분 | 층가루 | 쇠고기.우8.대두.밀함유 영양정보 80g 205kcal | 210 | 326%0g | 量5mg2% | （%）2.000kcal | 열량에 따 0수 있습니다 | 850-12001666-5471（q.co.k,"[[""*量显100%"", 18, 37, 324], [""3"", 82, 89, 332], [""호박산"", 59, 28, 475], [""카제인나트]"", 77, 22, 476], [""0산화규소"", 96, 28, 472], [""10001"", 264, 31, 445], [""1000]"", 286, 34, 123], [""3"", 314, 44, 351], [""분링으로 완성한"", 302, 38, 421], [""끓는 물에 1분3을"", 322, 43, 77], [""불에 다양한 요2를"", 329, 36, 411], [""1개 넣고 약 1분간"", 348, 42, 76], [""시작해세요!"", 358, 33, 428], [""국물을 우려줍니다."", 375, 40, 74], [""21시 뜨거운 물에 데지 않도록 조심하십시"", 388, 25, 361], [""PA6"", 489, 32, 597], [""2027.05.15E22A3"", 574, 55, 256], [""출물.호주산).콩발효추출"", 600, 29, 9], [""2NM유 진국육수분"", 628, 33, 10], [""층가루"", 654, 28, 0], [""80g"", 655, 42, 550], [""영양정보"", 684, 62, 205], [""쇠고기.우8.대두.밀함유"", 688, 41, 2], [""205kcal"", 680, 39, 588], [""210"", 724, 36, 1], [""326%0g"", 758, 59, 333], [""量5mg2%"", 789, 54, 405], [""（%）2.000kcal"", 846, 69, 423], [""열량에 따 0수 있습니다"", 875, 76, 425], [""850-12001666-5471（q.co.k"", 918, 79, 398]]"
000325,2025,11,03,2025-11-03,s1,Yeol | 단판단깐 감찰맛 넘치는간장소4 | 식품.형 만을/02운 반숙장조림을 간편하게 | 별도표시일까지 | 소비기한 | 영양정보 300g | 100g116kcal | 2재지 | 1재2명 喜813mg | 청양 고추기스 지방1Ag | 트랜스지방02 | 산도조절 포화지방4.1 | 207 | 단백질7 | 기준00로 개인 요 | 202104230298 | 원.본제품은2비자7 | 1추에의거 교혼 | 없01 | 냉장보관하시 | 88098697 | 쇠고기 | H A CO | 10 | 2 N.됩U0 25.11.03,"[[""Yeol"", 10, 21, 61], [""단판단깐 감찰맛 넘치는간장소4"", 91, 31, 409], [""만을/02운 반숙장조림을 간편하게"", 114, 37, 408], [""식품.형"", 114, 44, 14], [""별도표시일까지"", 124, 31, 71], [""소비기한"", 136, 41, 16], [""300g"", 175, 48, 557], [""영양정보"", 178, 27, 451], [""100g116kcal"", 199, 54, 531], [""2재지"", 206, 46, 18], [""1재2명"", 248, 40, 17], [""喜813mg"", 256, 36, 484], [""지방1Ag"", 300, 39, 480], [""청양 고추기스"", 299, 51, 45], [""트랜스지방02"", 332, 46, 502], [""산도조절"", 347, 32, 397], [""포화지방4.1"", 359, 46, 504], [""207"", 387, 42, 489], [""단백질7"", 414, 39, 493], [""기준00로 개인 요"", 456, 33, 502], [""202104230298"", 473, 34, 107], [""원.본제품은2비자7"", 498, 25, 261], [""1추에의거 교혼"", 519, 24, 212], [""없01"", 544, 21, 343], [""냉장보관하시"", 568, 29, 346], [""88098697"", 592, 34, 524], [""쇠고기"", 618, 25, 351], [""H A CO"", 724, 23, 572], [""10"", 744, 31, 93], [""2 N.됩U0"", 790, 51, 60], [""25.11.03"", 787, 54, 221]]"
000326,2025,10,18,2025-10-18,s1,011399 | 영양정보 70g98kcal | 0g0%4.2g8% | 2025.10.18讲,"[[""011399"", 424, 25, 380], [""영양정보"", 500, 37, 76], [""70g98kcal"", 493, 32, 293], [""0g0%4.2g8%"", 561, 36, 81], [""2025.10.18讲"", 770, 35, 200]]"
000327,2025,10,21,2025-10-21,s1,"0토 0트볼 LE县860mg 43 % | 169 5% | 까지절취.전자레인지에. 조리후 8% | 司三至。 (700w 1是 40至, 1000w 1号) 당류 89 37 % | 20 | 봉지째 넣고10분 데운후 트랜/지방09 | 개봉하여드세요 포화지방 69 40% | 2기에 따라 조리시간이 달라질 수 있습니다 60mg | 포장재질치내면)폴2프로필런 13 20% | 24% | (주/ | 112 | 332% 있습니다 | 34.% | TA1 0 | 단.정제소금.해피부스8.비프소0 5 | 후추로2.난북분.혼합제/폴2인 25.10.21A 16:24 | 나트룹)카라기난,/라멜색소|1 | 고기.대두.계란.밀.닭고기 1유 까지 | 릿부분을 팽팽하게 당겨서 잘 세워 | 화상을 입을 수있니 주의하십시오 고객행복센터 | 수있0니 드실 때 조심하시기/ 바랍 소증한의을 기다립니다 | 태로 조리하세요./제품0 터질 수 있습 080-850-1200 | 2막이 있을 수1 1.본제품의 1666-5471（号） | 1의한 검은 점 Cj.co.kr | 있습니다.제품내 | 셔도 됩니다..0제품은0 0~10℃ | 호두.오징어.조개류(2.전복 02 MA C CP 냉장보관 | 2시설에서 제조하고 있습니다. OT ER | 2시냉장보관하/고 바로 드십시오 | 수있00주의하십시오..부정.불 | 품은 소비자 분쟁해결기준에의거 | 불및교환장소.전국판매2 또 | 7626994","[[""43 %"", 48, 33, 574], [""0토 0트볼"", 67, 78, 0], [""LE县860mg"", 71, 34, 329], [""5%"", 76, 40, 577], [""169"", 96, 42, 326], [""8%"", 106, 36, 576], [""까지절취.전자레인지에. 조리후"", 112, 51, 0], [""당류 89"", 123, 32, 348], [""37 %"", 135, 41, 568], [""司三至。 (700w 1是 40至, 1000w 1号)"", 132, 55, 1], [""20"", 150, 34, 326], [""봉지째 넣고10분 데운후"", 174, 48, 0], [""트랜/지방09"", 164, 52, 342], [""포화지방 69"", 189, 46, 342], [""40%"", 200, 40, 556], [""개봉하여드세요"", 205, 40, 0], [""60mg"", 216, 55, 314], [""2기에 따라 조리시간이 달라질 수 있습니다"", 225, 52, 0], [""20%"", 232, 43, 553], [""포장재질치내면)폴2프로필런"", 251, 48, 18], [""13"", 249, 38, 315], [""24%"", 263, 42, 553], [""(주/"", 314, 35, 0], [""112"", 334, 39, 0], [""있습니다"", 360, 42, 310], [""332%"", 377, 54, 0], [""34.%"", 402, 49, 0], [""TA1 0"", 419, 34, 545], [""5"", 445, 20, 274], [""단.정제소금.해피부스8.비프소0"", 452, 41, 2], [""25.10.21A"", 474, 43, 370], [""후추로2.난북분.혼합제/폴2인"", 478, 41, 0], [""16:24"", 478, 28, 549], [""나트룹)카라기난,/라멜색소|1"", 504, 27, 4], [""까지"", 522, 30, 624], [""고기.대두.계란.밀.닭고기 1유"", 536, 25, 3], [""릿부분을 팽팽하게 당겨서 잘 세워"", 567, 28, 17], [""화상을 입을 수있니 주의하십시오"", 593, 32, 21], [""고객행복센터"", 585, 38, 431], [""수있0니 드실 때 조심하시기/ 바랍"", 618, 35, 26], [""소증한의을 기다립니다"", 610, 38, 428], [""태로 조리하세요./제품0 터질 수 있습"", 642, 43, 0], [""080-850-1200"", 640, 31, 412], [""2막이 있을 수1"", 664, 31, 18], [""1.본제품의"", 674, 24, 179], [""1666-5471（号）"", 667, 38, 413], [""Cj.co.kr"", 697, 30, 414], [""1의한"", 708, 29, 6], [""검은 점"", 714, 26, 65], [""있습니다.제품내"", 737, 36, 8], [""셔도 됩니다..0제품은0"", 766, 46, 6], [""0~10℃"", 748, 39, 517], [""02"", 778, 25, 198], [""MA C CP"", 776, 27, 323], [""냉장보관"", 773, 44, 518], [""호두.오징어.조개류(2.전복"", 795, 50, 3], [""2시설에서 제조하고 있습니다."", 822, 59, 0], [""OT ER"", 814, 29, 405], [""2시냉장보관하/고 바로 드십시오"", 852, 69, 0], [""수있00주의하십시오..부정.불"", 880, 80, 0], [""품은 소비자 분쟁해결기준에의거"", 909, 84, 0], [""불및교환장소.전국판매2 또"", 928, 67, 0], [""7626994"", 941, 37, 457]]"
000328,2025,12,25,2025-12-25,s1,08 2 | G 00 | TOD04 | PiCKled RAdiSh Ari0 BUrdoCk | 2025.12.25外 5 | 소브산찰률 | %5%% | 소비2 2면 | 215/080-917-100421 | 80 | 발O십2.효소처2A테비아(김,"[[""2"", 30, 58, 310], [""08"", 24, 21, 299], [""G 00"", 53, 44, 276], [""TOD04"", 73, 20, 318], [""PiCKled RAdiSh Ari0 BUrdoCk"", 464, 33, 105], [""5"", 506, 71, 466], [""2025.12.25外"", 536, 35, 235], [""소브산찰률"", 555, 78, 528], [""%5%%"", 653, 60, 97], [""소비2"", 688, 24, 367], [""2면"", 702, 58, 554], [""215/080-917-100421"", 740, 33, 143], [""80"", 757, 20, 569], [""발O십2.효소처2A테비아(김"", 806, 52, 102]]"
000329,2025,12,25,2025-12-25,s1,오늘 | 좋은 | G00D TODAY | 1게 톡터지는 | 사비맛쌈무 | dWOs0b Rodish 2025.12.25外 연출된 예 육산 | 0 | 나트 수화들 당률 지방 트랜스지방 포화지방 레스테를 단질 | 34% 3% 7% 0% 02 0% 0% 2% MA CCP | 02 02 02g 1g | 제쇼릉주/서울특//증구남대문로 81소,"[[""오늘"", 200, 86, 320], [""좋은"", 271, 86, 321], [""G00D TODAY"", 324, 27, 323], [""1게 톡터지는"", 401, 32, 4], [""사비맛쌈무"", 472, 94, 6], [""dWOs0b Rodish"", 545, 34, 0], [""육산"", 543, 36, 655], [""2025.12.25外"", 558, 50, 213], [""연출된 예"", 556, 38, 494], [""0"", 639, 47, 0], [""나트"", 702, 26, 14], [""수화들"", 700, 28, 89], [""당률 지방 트랜스지방 포화지방 레스테를 단질"", 695, 44, 141], [""3%"", 732, 33, 89], [""0%"", 732, 31, 194], [""0%"", 728, 33, 342], [""0%"", 725, 32, 425], [""2%"", 724, 34, 501], [""MA CCP"", 720, 25, 648], [""34%"", 733, 26, 14], [""7%"", 731, 34, 148], [""02"", 743, 34, 263], [""02"", 754, 20, 199], [""02"", 750, 29, 342], [""02g"", 750, 27, 424], [""1g"", 746, 23, 498], [""제쇼릉주/서울특//증구남대문로 81소"", 857, 28, 10]]"
000330,2025,11,02,2025-11-02,s1,21재질치대한) | ：F1-2019045 49500799刘 | BL OS S O M C AMPUS 2 | 115-23F4- | 사/경/화성시 | 0로0안빛 25.10.04 | 25.11.02 소비지증 | 20 대통상 수 | F1 | 900g AB7 | 100g30kcal | 四型量6g2% | 赠0g0% | 0g0% | 系上量2g4% | M(국산)1.CJ김치양베0스채소류국산) | 080-850-1200 생간에00(생강육).유산배양액 | 새우.대두 1유 5291 | 880100,"[[""21재질치대한)"", 138, 33, 421], [""：F1-2019045"", 168, 31, 277], [""49500799刘"", 169, 34, 427], [""BL OS S O M C AMPUS 2"", 191, 32, 432], [""사/경/화성시"", 236, 23, 268], [""115-23F4-"", 228, 22, 439], [""0로0안빛"", 447, 24, 95], [""25.10.04"", 450, 35, 332], [""25.11.02"", 488, 33, 335], [""20 대통상 수"", 504, 28, 113], [""소비지증"", 500, 29, 626], [""F1"", 526, 21, 341], [""900g"", 580, 40, 120], [""AB7"", 583, 31, 396], [""100g30kcal"", 602, 41, 117], [""四型量6g2%"", 627, 44, 114], [""赠0g0%"", 651, 36, 121], [""0g0%"", 678, 48, 118], [""系上量2g4%"", 699, 52, 107], [""M(국산)1.CJ김치양베0스채소류국산)"", 740, 44, 234], [""080-850-1200"", 765, 30, 147], [""생간에00(생강육).유산배양액"", 774, 48, 237], [""새우.대두 1유"", 792, 25, 329], [""5291"", 792, 32, 624], [""880100"", 808, 29, 549]]"
000331,2025,10,31,2025-10-31,s1,2025.10.317个 | 22 | 좋은 | GOODTODAY | 가1지1,"[[""2025.10.317个"", 312, 45, 271], [""22"", 469, 126, 292], [""좋은"", 571, 122, 295], [""GOODTODAY"", 648, 33, 302], [""가1지1"", 903, 98, 10]]"
000332,2025,10,22,2025-10-22,s1,소비기한 FD4 | 2025.10.22 J337 | 삼호0묵 까지 | 가루로 폴깃하고.도동해서 쟁글한 | 도통사각,"[[""FD4"", 378, 38, 494], [""소비기한"", 395, 36, 250], [""2025.10.22 J337"", 450, 40, 315], [""까지"", 492, 29, 522], [""삼호0묵"", 522, 75, 20], [""가루로 폴깃하고.도동해서 쟁글한"", 716, 66, 3], [""도통사각"", 824, 181, 8]]"
000333,2025,11,07,2025-11-07,s1,장충동 족발 2025.11.07开,"[[""족발"", 530, 61, 248], [""장충동"", 538, 67, 32], [""2025.11.07开"", 531, 54, 389]]"
000334,2026,03,15,2026-03-15,s1,냉장보관/소0기한 | 2026. 03. 15  | DC5 03:41 A1609 | 산겨울무로 담가 | 시원한 동치0/육수,"[[""냉장보관/소0기한"", 340, 52, 238], [""2026. 03. 15 "", 426, 51, 290], [""03:41 A1609"", 470, 45, 289], [""DC5"", 490, 28, 215], [""산겨울무로 담가"", 664, 146, 1], [""시원한 동치0/육수"", 751, 158, 0]]"
000335,2025,11,28,2025-11-28,s1,21들어간 비 | 생/면사리 | 22/생.면 | 판매.15 | *NIQ 12O | 양념비장 /건조고명 2020~2024 | 55g 49 452g | 2/1 271 (1.050 kcal) | 2025.11.28外,"[[""21들어간 비"", 246, 36, 0], [""생/면사리"", 274, 43, 0], [""22/생.면"", 409, 54, 516], [""판매.15"", 500, 85, 440], [""양념비장"", 550, 33, 44], [""/건조고명"", 558, 39, 132], [""*NIQ 12O"", 551, 33, 515], [""55g"", 572, 29, 58], [""49"", 582, 39, 163], [""452g"", 586, 45, 265], [""2020~2024"", 570, 37, 472], [""2/1"", 605, 26, 52], [""271"", 607, 28, 144], [""(1.050 kcal)"", 616, 38, 228], [""2025.11.28外"", 769, 52, 296]]"
000336,2025,11,20,2025-11-20,s1,2/비 25.11.202 | 기한 16:00 126 | 0냉세트 2 | 1인분 개별포장/4개,"[[""2/비"", 286, 37, 170], [""25.11.202"", 290, 44, 296], [""기한"", 312, 35, 173], [""16:00"", 329, 40, 296], [""126"", 328, 33, 481], [""0냉세트"", 736, 192, 0], [""2"", 716, 157, 459], [""1인분 개별포장/4개"", 834, 40, 509]]"
000337,2025,12,09,2025-12-09,s1,"6.7号寸3%， | 0三0:1% | 75.5g 주제비/장각제비소//조고명/김깨고명1 467g | 27H127H/27H (1,150kcal) | 2025.12.09","[[""6.7号寸3%，"", 515, 30, 205], [""0三0:1%"", 532, 27, 161], [""467g"", 560, 31, 269], [""주제비/장각제비소//조고명/김깨고명1"", 563, 39, 0], [""75.5g"", 586, 25, 0], [""(1,150kcal)"", 585, 36, 258], [""27H127H/27H"", 600, 47, 62], [""2025.12.09"", 682, 59, 220]]"
000338,2026,05,28,2026-05-28,s1,AK 6 4 | 2026.05.28 까지 | 14:48 | L/FE,"[[""AK 6 4"", 346, 39, 451], [""까지"", 432, 33, 476], [""2026.05.28"", 447, 62, 200], [""14:48"", 498, 53, 193], [""L/FE"", 758, 36, 104]]"
000339,2026,08,18,2026-08-18,s1,2026.08.18外D | 0러분 /의 큼을 응원합니다 | 2N | 맛00 吃,"[[""2026.08.18外D"", 405, 44, 242], [""0러분 /의 큼을 응원합니다"", 435, 42, 240], [""2N"", 550, 79, 481], [""맛00"", 628, 29, 474], [""吃"", 638, 29, 558]]"
000340,2026,08,11,2026-08-11,s1,OPENY | 26.08.11 | A7F2,"[[""OPENY"", 302, 31, 489], [""26.08.11"", 410, 45, 247], [""A7F2"", 446, 38, 336]]"
000341,2026,04,29,2026-04-29,s1,영양정보 | 430mig | 팀수0물 559 | 0류 99 | 지방 6.29 | 트랜스지방 09 | 포화지방 0.8g | 콜레스테를 14.8mg 5% | 단백질 11.6g 21% | 태지고기.복승0 080-929-1001 | 포함).잣을사용 고객 지원실 | (수신자요금부담) | 천2식품/주) | ChUNiL | 다. | 바로 보관 HACCP | 07 ER | 380128428 | 2026.04.29,"[[""영양정보"", 70, 36, 215], [""430mig"", 122, 30, 296], [""559"", 140, 28, 309], [""팀수0물"", 146, 27, 212], [""0류"", 166, 25, 224], [""99"", 159, 24, 298], [""6.29"", 177, 26, 300], [""지방"", 186, 24, 211], [""09"", 200, 29, 335], [""트랜스지방"", 202, 29, 224], [""0.8g"", 220, 31, 328], [""포화지방"", 222, 27, 223], [""14.8mg"", 242, 33, 334], [""콜레스테를"", 244, 31, 209], [""5%"", 244, 22, 512], [""11.6g"", 262, 32, 307], [""단백질"", 268, 29, 208], [""21%"", 266, 22, 509], [""태지고기.복승0"", 374, 31, 0], [""080-929-1001"", 382, 31, 386], [""포함).잣을사용"", 394, 33, 0], [""고객 지원실"", 393, 34, 264], [""(수신자요금부담)"", 408, 26, 416], [""천2식품/주)"", 485, 38, 301], [""ChUNiL"", 516, 26, 219], [""다."", 544, 31, 0], [""바로 보관"", 568, 32, 0], [""HACCP"", 568, 21, 504], [""07 ER"", 603, 24, 409], [""380128428"", 627, 32, 229], [""2026.04.29"", 793, 54, 272]]"
000342,2026,06,22,2026-06-22,s1,28 2026.06.22,"[[""2026.06.22"", 488, 53, 295], [""28"", 490, 23, 159]]"
000343,2025,12,30,2025-12-30,s1,2025.12.30！ | 소비기한,"[[""2025.12.30！"", 526, 39, 210], [""소비기한"", 551, 34, 81]]"
000344,2026,08,04,2026-08-04,s1,20T | WAVe | 2026.08.04/1918B | 까지 | 소불2기 | 구운주먹밥 | 조2바번,"[[""20T"", 204, 63, 563], [""WAVe"", 244, 53, 564], [""2026.08.04/1918B"", 395, 56, 173], [""까지"", 460, 41, 624], [""소불2기"", 632, 142, 40], [""구운주먹밥"", 792, 167, 34], [""조2바번"", 943, 33, 26]]"
000345,2026,04,09,2026-04-09,s1,소비기한 2026.04.09川 | KAVIARPRODUCTNO.173 | KAVMAR PRODUCT TEAM DireCTor 홍정훈 DeVel | 삼원가든 한우밟은 설렁탕을 맛 게 즐 | 해동방법 | 12시간 이내로 해동해주세요 | 직접가열조2 | 충분히 가열하여 드세요,"[[""소비기한"", 467, 44, 44], [""2026.04.09川"", 480, 51, 232], [""KAVIARPRODUCTNO.173"", 594, 39, 17], [""KAVMAR PRODUCT TEAM"", 730, 54, 22], [""DireCTor 홍정훈"", 728, 45, 459], [""DeVel"", 722, 28, 650], [""삼원가든 한우밟은 설렁탕을 맛 게 즐"", 778, 57, 242], [""해동방법"", 834, 35, 108], [""12시간 이내로 해동해주세요"", 870, 34, 257], [""직접가열조2"", 894, 35, 96], [""충분히 가열하여 드세요"", 934, 39, 259]]"
000346,2026,05,15,2026-05-15,s1,H AC CP | 비2 류 | 803103 002825 | OT HER | 2비기한 | 2026.05.15不,"[[""H AC CP"", 474, 23, 528], [""비2 류"", 544, 22, 566], [""803103"", 578, 39, 151], [""002825"", 573, 33, 321], [""OT HER"", 591, 30, 551], [""2비기한"", 668, 43, 67], [""2026.05.15不"", 712, 55, 120]]"
000347,2027,05,26,2027-05-26,s1,12영양성분 1 0/분 | 기준치대한비율 100g 기준치대한비율 | 营353mg 18% 6% | 22 23g 1/6 트랜스지방 08 | T류 08 0% 포화지방 18 7% | 콜레스테를 0Mg 2.8g | 130kcal OT H ER | 소비기한 | 2027.05.26 | 까지,"[[""12영양성분"", 416, 21, 258], [""1 0/분"", 408, 32, 432], [""100g"", 424, 21, 341], [""기준치대한비율"", 434, 26, 222], [""기준치대한비율"", 426, 34, 406], [""6%"", 447, 20, 489], [""营353mg"", 466, 25, 148], [""18%"", 460, 21, 295], [""23g"", 492, 29, 123], [""1/6"", 487, 20, 304], [""트랜스지방 08"", 482, 31, 347], [""22"", 510, 46, 71], [""포화지방 18"", 508, 29, 348], [""7%"", 502, 21, 488], [""T류 08"", 523, 24, 135], [""0%"", 514, 22, 302], [""2.8g"", 536, 29, 342], [""콜레스테를 0Mg"", 548, 32, 124], [""130kcal"", 568, 39, 5], [""OT H ER"", 562, 23, 512], [""소비기한"", 632, 32, 16], [""2027.05.26"", 671, 45, 260], [""까지"", 700, 25, 643]]"
000348,2026,04,02,2026-04-02,s1,폴2에틸렌 | 포장재 2014044901878 | 풍목보고 | 400g | 영양정보 100g302kcal 반품및교한장소:구입처및판매원 | 본제품은소비자기본법에따류소비자 | 12 영성분 | 100gg 기준치대한비율 취급.보관시주의사항.보관방법0준 | L三号331.2mg 17% 주시기바랍니다.조2 시조2기구가 | 20g 6% 1십시오.필요한 양만 사용하시고님 | 한번에 드/기 바랍니다.특정 원료 | 0.89g 1% 1A기바랍니다. | 19.3g 36% 대지고기.쇠고기.닭고기.달갈.0 | 트랜스/방/0 오칭0.조개류(굴.홍합.전복포함 | 포화지방 3.5 23% | 引量31.8mg 11% 온라인 바27 | 22% 0R코C 접속) | WW.JoTTeoN.com 에서 | 검색  바한 생선까스 | 소비기한 | 2026.04.027X,"[[""폴2에틸렌"", 52, 31, 290], [""2014044901878"", 82, 42, 289], [""포장재"", 88, 25, 184], [""풍목보고"", 105, 28, 184], [""400g"", 117, 32, 277], [""반품및교한장소:구입처및판매원"", 132, 38, 418], [""100g302kcal"", 141, 30, 230], [""영양정보"", 146, 59, 158], [""본제품은소비자기본법에따류소비자"", 152, 38, 421], [""12 영성분"", 171, 20, 311], [""기준치대한비율"", 188, 26, 273], [""취급.보관시주의사항.보관방법0준"", 193, 32, 424], [""100gg"", 196, 45, 157], [""17%"", 217, 24, 334], [""주시기바랍니다.조2 시조2기구가"", 216, 33, 428], [""L三号331.2mg"", 226, 55, 151], [""1십시오.필요한 양만 사용하시고님"", 240, 33, 428], [""6%"", 248, 30, 358], [""20g"", 260, 48, 151], [""한번에 드/기 바랍니다.특정 원료"", 266, 30, 431], [""1%"", 284, 31, 360], [""0.89g"", 292, 41, 162], [""1A기바랍니다."", 293, 28, 431], [""36%"", 318, 33, 352], [""19.3g"", 326, 35, 149], [""대지고기.쇠고기.닭고기.달갈.0"", 322, 29, 430], [""트랜스/방/0"", 361, 34, 157], [""오칭0.조개류(굴.홍합.전복포함"", 352, 29, 437], [""포화지방 3.5"", 397, 34, 159], [""23%"", 396, 29, 351], [""온라인 바27"", 417, 43, 531], [""引量31.8mg"", 434, 32, 148], [""11%"", 432, 28, 350], [""0R코C 접속)"", 452, 29, 531], [""22%"", 468, 28, 352], [""WW.JoTTeoN.com 에서"", 479, 28, 530], [""검색  바한 생선까스"", 504, 33, 533], [""소비기한"", 572, 31, 157], [""2026.04.027X"", 599, 34, 298]]"
000349,2025,12,07,2025-12-07,s1,B/3 1 | 김1보 JU N /1 | 간편하게 완성되는진짜전문점 방작 | 쉬림프카츠니다 | 안전관2인8 | 비2류 소비증) HACCP | 8801114154199 | OT ER | 2025:12.07 | 소비기한,"[[""B/3"", 224, 65, 91], [""1"", 238, 25, 468], [""김1보"", 285, 50, 33], [""JU N /1"", 278, 21, 100], [""간편하게 완성되는진짜전문점 방작"", 432, 22, 514], [""쉬림프카츠니다"", 450, 26, 558], [""안전관2인8"", 536, 21, 369], [""비2류"", 558, 29, 170], [""소비증)"", 556, 37, 255], [""HACCP"", 551, 24, 369], [""8801114154199"", 580, 24, 490], [""OT ER"", 600, 31, 155], [""2025:12.07"", 644, 34, 367], [""소비기한"", 674, 27, 86]]"
000350,2027,05,15,2027-05-15,s1,식품1 해바2기유 | 제조 업소:BASSO FEDELE& | 업소경및 FIGUT S.R.L | 소개지 수0판매업소:롯데쇼평주롯데0트 | 사업본부/서울특별시송파구율1로 | 269（ | 2/기한 제품의 별도표기2까지(년/월/일 순 | 원 료명 100%） | 포장 질내면)용기.PET.투경.PE | 2027/05/15 | L51351N1G | 영양정보 100ml820kca 1.000m | 나0Mg.0% 0g0%0g | 91g169% | 콜레스테를 0 Mg 0% 0g0% | 투0:LDPE 3004123017466 | 20:PP,"[[""식품1"", 238, 31, 170], [""해바2기유"", 238, 28, 256], [""제조 업소:BASSO FEDELE&"", 264, 27, 263], [""업소경및"", 289, 28, 171], [""FIGUT S.R.L"", 282, 26, 264], [""수0판매업소:롯데쇼평주롯데0트"", 302, 27, 267], [""소개지"", 312, 27, 179], [""사업본부/서울특별시송파구율1로"", 320, 28, 266], [""269（"", 340, 27, 267], [""2/기한"", 364, 28, 175], [""제품의 별도표기2까지(년/월/일 순"", 363, 30, 259], [""원"", 387, 20, 178], [""료명"", 388, 25, 189], [""100%）"", 386, 28, 239], [""포장 질내면)용기.PET.투경.PE"", 412, 30, 161], [""2027/05/15"", 568, 33, 293], [""L51351N1G"", 597, 34, 293], [""1.000m"", 641, 32, 409], [""영양정보"", 667, 52, 174], [""100ml820kca"", 662, 33, 399], [""0g0%0g"", 692, 39, 307], [""나0Mg.0%"", 704, 33, 170], [""91g169%"", 736, 33, 173], [""0g0%"", 754, 33, 347], [""콜레스테를 0 Mg 0%"", 765, 36, 175], [""투0:LDPE"", 924, 24, 210], [""3004123017466"", 924, 49, 314], [""20:PP"", 940, 24, 217]]"
000351,2026,05,03,2026-05-03,s1,300g | 영 정보 100g475kcal | 量15g5% | 看820mg41% 46g85% | U 11% 747% UA 01 | 0.5g 0g0% | 量20mg7% | 2기한 2026.05.03 | 10:44,"[[""300g"", 366, 33, 390], [""영 정보"", 382, 51, 253], [""100g475kcal"", 383, 30, 373], [""量15g5%"", 402, 30, 365], [""看820mg41%"", 408, 38, 256], [""46g85%"", 420, 27, 366], [""U 11%"", 428, 31, 256], [""747%"", 439, 30, 367], [""UA 01"", 438, 29, 482], [""0.5g"", 444, 32, 255], [""0g0%"", 459, 28, 367], [""量20mg7%"", 462, 30, 257], [""2기한"", 612, 20, 248], [""2026.05.03"", 626, 33, 353], [""10:44"", 650, 32, 377]]"
000352,2026,08,27,2026-08-27,s1,2테0 크스스트 0도주로 숙성하여 각5 | 2거해주는 소스입니다 | 했습니다. | 470g100g912kcd | 180mg90全量2g8% | 당류 26926%090% | 0g0% | 2A2  0ng 0% | 만8 1g啦% | 2026.08.27 | 0919 까지,"[[""0도주로 숙성하여 각5"", 258, 35, 345], [""2테0 크스스트"", 258, 29, 269], [""2거해주는 소스입니다"", 273, 30, 346], [""했습니다."", 305, 28, 265], [""470g100g912kcd"", 340, 33, 319], [""180mg90全量2g8%"", 365, 39, 258], [""당류"", 396, 27, 248], [""26926%090%"", 388, 37, 259], [""0g0%"", 412, 28, 338], [""2A2 "", 442, 41, 243], [""0ng 0%"", 438, 29, 290], [""만8"", 465, 34, 247], [""1g啦%"", 462, 32, 307], [""2026.08.27"", 528, 37, 266], [""0919"", 552, 25, 299], [""까지"", 554, 22, 431]]"
000353,2026,03,08,2026-03-08,s1,"운크림맛 10콤함을 동/에 | 클까 보나라 파/스타 소스 | 은바뿐일상에 쇼만큼은편안하/ 하고싶 | 고민2한 쇼핑경험을제공합니다. | 2026. 03.08 L1 | 타만들기 | 제품) 소비기한/후2 상단표/2까지 | 3,대두,밀,닭고기.쇠고기함유 | 2프로필렌  2000044304 23218 | 광서을피해","[[""운크림맛 10콤함을 동/에"", 328, 53, 0], [""클까 보나라 파/스타 소스"", 356, 99, 0], [""은바뿐일상에 쇼만큼은편안하/ 하고싶"", 409, 56, 0], [""고민2한 쇼핑경험을제공합니다."", 430, 55, 0], [""2026. 03.08 L1"", 461, 52, 265], [""타만들기"", 574, 33, 0], [""소비기한/후2 상단표/2까지"", 652, 49, 183], [""제품)"", 673, 26, 0], [""3,대두,밀,닭고기.쇠고기함유"", 856, 46, 0], [""23218"", 856, 31, 441], [""2프로필렌"", 888, 29, 0], ["" 2000044304"", 875, 54, 188], [""광서을피해"", 944, 31, 314]]"
000354,2027,07,06,2027-07-06,s1,"LH名525 | /전북무 264-34 | 0통전문원 2E스E/서울록별N영등7 | 异人堂15,12 원재료명 및랑 알룸2스럽 | 효소처2 E비O.나한과추출분 | 나한 餐量100%/ | ：20 496065261 | 피A고개봉후 경을단아서늘한곳에보하십시오 | 포장1 용//PET)/PE) | 소비자상담/02 13-3388 | 구처주사 | 호두를 사용한제품 2제조시설서제조하고있습니다 | 1조에유의세요 보관중침전이 | 2고유 성분이0로안심하고드셔도 | 좋습니다사용후 부분에내용물이20면안열릴수 | 난0서보해주십시오 취급부주의로 | 인한포장파손 | 하시기바니다 | 본제품은공거래위회고시소경기준에2 | 또는보상받0실수있습니다 | 139 | 영양정보 5258 | 100 g15kcal | 소비기한 2027.07.06 | HACCP | 뚜껑.PE 8809568426084 | 22.PP | ALT iST","[[""LH名525"", 25, 42, 205], [""264-34"", 40, 40, 316], [""/전북무"", 44, 38, 225], [""2E스E/서울록별N영등7"", 64, 45, 316], [""0통전문원"", 68, 46, 196], [""원재료명 및랑 알룸2스럽"", 86, 45, 317], [""异人堂15,12"", 89, 48, 192], [""E비O.나한과추출분"", 105, 44, 316], [""효소처2"", 108, 36, 245], [""나한"", 132, 32, 255], [""餐量100%/"", 129, 37, 318], [""496065261"", 154, 45, 316], [""：20"", 158, 43, 182], [""경을단아서늘한곳에보하십시오"", 176, 44, 317], [""피A고개봉후"", 182, 39, 180], [""포장1"", 201, 26, 260], [""용//PET)/PE)"", 196, 31, 319], [""13-3388"", 221, 40, 314], [""소비자상담/02"", 227, 38, 179], [""구처주사"", 249, 44, 161], [""2제조시설서제조하고있습니다"", 268, 41, 320], [""호두를 사용한제품"", 272, 38, 173], [""1조에유의세요 보관중침전이"", 290, 37, 321], [""2고유 성분이0로안심하고드셔도"", 314, 35, 324], [""부분에내용물이20면안열릴수"", 336, 37, 318], [""좋습니다사용후"", 342, 41, 174], [""난0서보해주십시오 취급부주의로"", 360, 39, 321], [""인한포장파손"", 388, 35, 184], [""하시기바니다"", 407, 26, 324], [""본제품은공거래위회고시소경기준에2"", 432, 46, 160], [""또는보상받0실수있습니다"", 455, 33, 268], [""139"", 480, 35, 241], [""5258"", 514, 21, 457], [""영양정보"", 530, 33, 198], [""100 g15kcal"", 533, 26, 440], [""소비기한"", 672, 27, 199], [""2027.07.06"", 680, 38, 300], [""HACCP"", 774, 20, 208], [""뚜껑.PE"", 795, 28, 272], [""8809568426084"", 796, 35, 348], [""22.PP"", 816, 27, 273], [""ALT iST"", 854, 38, 326]]"
000355,2028,06,17,2028-06-17,s1,2028.06.1712 | 14.25,"[[""2028.06.1712"", 506, 53, 203], [""14.25"", 540, 45, 275]]"
000356,2027,03,17,2027-03-17,s1,제조원 566 | 유통 전문 (주사조대/경기도 | 판매원 125 | 포장재질 용가-2에틸테레프탈레0트 | (내면)부껑-폴2에틸 | 199104430241681 | 보관방법 실은보관(개봉 후냉장보관) | 본제은공거래위원회 고소비자 분쟁해 | 결기준에의거교환 또는 보상받을 수있습니다 | 반품및 교환장소구처 및고객상담-고객 | ：080-900-6133(）dr.sajo.0 | J-본제품밀달갈대두.우8 고등게.새우 | 4고기 닭기 오징돼지고기 토마토 메2땅 | 콩복숭아아항산류호두조개류굴전복 홍합포 | 함를 사한 제과 2 제조설1 제조 | 고있습니다.원료에서기인한 침전물이발생할 | 수 있으니 혼들서 사용해주세요 | 1399 | 8801039006610 10 U.DPE 21 ONER | 소비기한 | 2027.03.17 Ax | 500g/10032kcal | 三喜7.886mg394 %不0g 0% | 탄수화율50 2% 트랜스지방09 | 异3g 3% 5% | 0mg0%3g,"[[""제조원"", 24, 33, 129], [""566"", 25, 31, 192], [""유통 전문"", 60, 34, 126], [""(주사조대/경기도"", 52, 31, 193], [""판매원"", 81, 30, 131], [""125"", 72, 32, 191], [""포장재질 용가-2에틸테레프탈레0트"", 101, 44, 126], [""(내면)부껑-폴2에틸"", 124, 47, 133], [""199104430241681"", 150, 47, 126], [""보관방법 실은보관(개봉 후냉장보관)"", 177, 46, 139], [""본제은공거래위원회 고소비자 분쟁해"", 206, 49, 132], [""결기준에의거교환 또는 보상받을 수있습니다"", 233, 50, 130], [""반품및 교환장소구처 및고객상담-고객"", 259, 50, 134], [""：080-900-6133(）dr.sajo.0"", 286, 51, 132], [""J-본제품밀달갈대두.우8 고등게.새우"", 314, 46, 134], [""4고기 닭기 오징돼지고기 토마토 메2땅"", 340, 46, 136], [""콩복숭아아항산류호두조개류굴전복 홍합포"", 368, 49, 135], [""함를 사한 제과 2 제조설1 제조"", 396, 47, 136], [""고있습니다.원료에서기인한 침전물이발생할"", 424, 46, 136], [""수 있으니 혼들서 사용해주세요"", 452, 43, 139], [""1399"", 480, 43, 144], [""10 U.DPE"", 578, 21, 390], [""8801039006610"", 594, 43, 154], [""21 ONER"", 592, 24, 389], [""소비기한"", 644, 35, 144], [""2027.03.17 Ax"", 683, 74, 225], [""500g/10032kcal"", 737, 48, 149], [""0%"", 754, 27, 434], [""三喜7.886mg394 %不0g"", 769, 47, 147], [""2%"", 795, 35, 293], [""트랜스지방09"", 786, 37, 348], [""탄수화율50"", 804, 33, 150], [""3%"", 825, 38, 293], [""异3g"", 834, 35, 174], [""5%"", 832, 25, 451], [""0mg0%3g"", 857, 63, 150]]"
000357,2027,08,11,2027-08-11,s1,해불 필텐.내면) | 2007039 | 0미지/사2 | 2. | 영 정보 | 2로만들어 80g/130kcal | 시피해물 한 2이면 | 수있습니다 | 73mg24% | 단백질 11 9.19% | 고객시 | 0-900-6133 | dr.sAj0.co.kr | SAJ0 사조대1 | 2027.08.11 | OT NER,"[[""필텐.내면)"", 77, 20, 511], [""2007039"", 94, 21, 515], [""해불"", 176, 50, 30], [""0미지/사2"", 249, 41, 96], [""2."", 384, 30, 181], [""80g/130kcal"", 421, 34, 454], [""영 정보"", 464, 53, 162], [""단백질 11 9.19%"", 514, 34, 445], [""2로만들어"", 520, 52, 0], [""시피해물 한 2이면"", 540, 57, 0], [""73mg24%"", 543, 80, 158], [""수있습니다"", 568, 42, 0], [""고객시"", 626, 30, 244], [""사조대1"", 634, 40, 565], [""0-900-6133"", 644, 31, 255], [""dr.sAj0.co.kr"", 670, 39, 226], [""SAJ0"", 665, 30, 482], [""2027.08.11"", 754, 56, 248], [""OT NER"", 871, 40, 17]]"
000358,2027,09,16,2027-09-16,s1,5AU C2E | 2027.0916城,"[[""5AU C2E"", 339, 62, 381], [""2027.0916城"", 586, 48, 238]]"
000359,2028,08,16,2028-08-16,s1,2028.0816周自 | 2분2,"[[""2028.0816周自"", 490, 35, 232], [""2분2"", 517, 34, 310]]"
000360,2018,02,02,2018-02-02,s1,2 02.18 | 간판하게 | 아류멸/볶음 즐기는 첨가 | 청정원/ 만든 0욱 맛있는 반친 | 견과류와 멸치를 따로 볶아 더 고소하고바삭합니다 | 청정원견과류열치볶음 식품 유형 초림류/군제품) | 후면상단표/2까지 품목보고번호 20030449009549 | （135℃） 내포장재질 폴2프2필렌 | 간장소고객상담실및구입2,"[[""2 02.18"", 356, 79, 353], [""아류멸/볶음"", 538, 86, 6], [""간판하게"", 506, 63, 445], [""즐기는"", 530, 52, 470], [""첨가"", 559, 69, 470], [""청정원/ 만든 0욱 맛있는 반친"", 640, 45, 43], [""견과류와 멸치를 따로 볶아 더 고소하고바삭합니다"", 706, 39, 7], [""청정원견과류열치볶음"", 759, 30, 24], [""식품 유형"", 766, 33, 247], [""초림류/군제품)"", 762, 33, 353], [""후면상단표/2까지"", 786, 23, 30], [""품목보고번호"", 792, 27, 235], [""20030449009549"", 784, 42, 350], [""（135℃）"", 810, 31, 30], [""내포장재질"", 814, 27, 241], [""폴2프2필렌"", 807, 38, 352], [""간장소고객상담실및구입2"", 920, 31, 0]]"
000361,2026,12,19,2026-12-19,erode5,1표 | 2185 2026.12.19 | 22 15.52E,"[[""1표"", 267, 55, 481], [""2185"", 446, 21, 39], [""22"", 480, 27, 79], [""2026.12.19"", 442, 63, 266], [""15.52E"", 474, 51, 267]]"
000362,2026,08,11,2026-08-11,s1,시원한 | 1육0장 | 초0법 | 식품유형 증석조2식 | L350g | 소0기한 도일까지 목보10호 | 우유.대두.0.토0 | 영55 영양정보 350g/120kcal | 三层1.460mg73%含量 9g3% | 4g4% 6g11% | E랜스/방 09 1.4g9% 개봉한 제품은 변질될 우려가 | 본제은0/위회고 | 20mg7% 0질 8g15% 또보상받을 수있습니0.부 | %2000kcal 제품에0상을경우취식하 | 보관방법수0는변질등 | 저켜주기비랍U다.소비 | 2026.08.11 요금부담.조리1자리를5 | 조2시는물에화을 | A2-2 안준혁 홈에 손가람을베이지않도록 | The0식의 모든 상품들은 | HA C CP | OT ER  | 있습니다. | 2 0 | WWw.The-mishik.com,"[[""1육0장"", 44, 90, 286], [""시원한"", 22, 39, 366], [""초0법"", 69, 27, 576], [""식품유형 증석조2식"", 102, 74, 147], [""L350g"", 123, 52, 413], [""목보10호"", 146, 36, 604], [""소0기한 도일까지"", 159, 68, 159], [""우유.대두.0.토0"", 297, 34, 603], [""영양정보"", 318, 40, 151], [""350g/120kcal"", 317, 44, 264], [""영55"", 330, 26, 156], [""三层1.460mg73%含量"", 356, 47, 149], [""9g3%"", 358, 34, 438], [""4g4%"", 390, 42, 248], [""6g11%"", 394, 38, 439], [""개봉한 제품은 변질될 우려가"", 416, 43, 548], [""E랜스/방 09"", 430, 36, 150], [""1.4g9%"", 428, 39, 341], [""본제은0/위회고"", 445, 40, 551], [""20mg7%"", 464, 35, 154], [""0질"", 462, 31, 324], [""8g15%"", 464, 30, 441], [""또보상받을 수있습니0.부"", 474, 37, 552], [""%2000kcal"", 497, 36, 152], [""제품에0상을경우취식하"", 505, 30, 553], [""보관방법수0는변질등"", 535, 41, 551], [""저켜주기비랍U다.소비"", 565, 32, 555], [""2026.08.11"", 606, 48, 187], [""요금부담.조리1자리를5"", 596, 37, 556], [""조2시는물에화을"", 626, 37, 556], [""A2-2"", 665, 54, 175], [""안준혁"", 668, 55, 308], [""홈에 손가람을베이지않도록"", 658, 42, 556], [""The0식의 모든 상품들은"", 733, 53, 253], [""HA C CP"", 759, 31, 559], [""OT ER "", 785, 31, 638], [""있습니다."", 810, 49, 252], [""2"", 847, 20, 150], [""0"", 852, 27, 177], [""WWw.The-mishik.com"", 866, 35, 265]]"
000363,2026,04,21,2026-04-21,s1,간편하게 들으세요! | 1EASY CUTT | 0국밥 2026.04.21 C 12: 38 | 까지 | /GUKBAP | 얼큰돼지국밥은. 2큰돼지.%0/있게 | 쌓아도.얼큰하고 진한 국물을 A기/ 방11 | 소면 | 든뿐 넣어 깊은 맛이 느껴지는 | 티브로 한 제품입니다. | 냄비 조리시 전자레인/0(서 | 배기에 얼/돼지국밥을 부은 후 5분 | 43 | 도구에 따라 조리시간이 다를 수 있습니다 三（10001） | 0드십시오,"[[""간편하게 들으세요!"", 224, 41, 440], [""1EASY CUTT"", 255, 46, 456], [""0국밥"", 474, 79, 0], [""2026.04.21 C 12: 38"", 439, 79, 205], [""까지"", 491, 20, 610], [""/GUKBAP"", 526, 29, 0], [""2큰돼지.%0/있게"", 566, 39, 317], [""얼큰돼지국밥은."", 578, 37, 0], [""쌓아도.얼큰하고 진한 국물을"", 613, 32, 0], [""A기/ 방11"", 610, 37, 492], [""소면"", 632, 36, 280], [""든뿐 넣어 깊은 맛이 느껴지는"", 676, 35, 1], [""티브로 한 제품입니다."", 702, 29, 0], [""냄비 조리시"", 754, 34, 7], [""전자레인/0(서"", 745, 47, 425], [""5분"", 791, 34, 253], [""배기에 얼/돼지국밥을 부은 후"", 795, 32, 0], [""43"", 820, 35, 0], [""도구에 따라 조리시간이 다를 수 있습니다"", 845, 31, 0], [""三（10001）"", 844, 59, 387], [""0드십시오"", 882, 23, 0]]"
000364,2026,06,04,2026-06-04,s1,가.장/ MNA/ | DON. gWoN | 60g 소비기한 | 하남산 1E2 | 0.com) 2026.06.04.02 | 사톨양 | 된장 A | 야채혼 | 건표고 | L-글루 자사기존방식 | 1축액 자사개선방식 | 출물 열처2시간 | 20% | 함유 시간,"[[""가.장/"", 46, 73, 87], [""MNA/"", 58, 57, 413], [""DON. gWoN"", 352, 39, 326], [""60g"", 469, 36, 0], [""소비기한"", 469, 30, 123], [""하남산"", 541, 32, 0], [""1E2"", 544, 39, 177], [""0.com)"", 569, 28, 0], [""2026.06.04.02"", 571, 40, 178], [""사톨양"", 640, 40, 0], [""된장 A"", 680, 35, 2], [""야채혼"", 715, 32, 1], [""건표고"", 747, 36, 0], [""자사기존방식"", 766, 27, 376], [""L-글루"", 781, 40, 0], [""1축액"", 814, 39, 0], [""자사개선방식"", 807, 38, 414], [""출물"", 850, 40, 0], [""열처2시간"", 845, 20, 228], [""20%"", 862, 20, 230], [""함유"", 890, 43, 0], [""시간"", 901, 20, 470]]"
000365,2026,03,11,2026-03-11,s1,2비기한 | 2026.03.11 | 11레A피로 11:37:11/M31 | 한0/를가장2고 | 전문브랜0니다 | TU/1 육통령 | 지고기 2.개는 | 01 | 0팔한 국/맛 딸있/ 먹는 TP | 1게설어낸돼지고1 2들0 드셔도 맛있습니다 | 전자레인지 0700 | 중탐끊는 물에 봉지째 | 념비 무을  조리하세요 | 2제품이터질 수있습니8,"[[""2비기한"", 371, 30, 162], [""2026.03.11"", 396, 31, 313], [""11레A피로"", 432, 28, 4], [""11:37:11/M31"", 432, 29, 234], [""한0/를가장2고"", 451, 30, 0], [""전문브랜0니다"", 472, 32, 0], [""TU/1"", 564, 51, 0], [""육통령"", 560, 37, 343], [""지고기 2.개는"", 644, 33, 0], [""01"", 669, 28, 0], [""0팔한 국/맛"", 733, 36, 0], [""딸있/ 먹는 TP"", 716, 29, 266], [""1게설어낸돼지고1"", 764, 37, 0], [""2들0 드셔도 맛있습니다"", 758, 49, 260], [""전자레인지"", 840, 48, 310], [""중탐끊는 물에 봉지째"", 873, 36, 50], [""0700"", 848, 85, 310], [""념비 무을  조리하세요"", 921, 32, 0], [""2제품이터질 수있습니8"", 939, 40, 5]]"
000366,2026,09,05,2026-09-05,s1,소비기한 | 2026.09.05L2 | 까지 | 초2방법 | 01 | ※오래/면깔수있으니조리시간을 준수해주세요 | A1탐 | 전자레인지 | 송썬대 (700) | 토2트식품) 품목보고번호 19840532001372,"[[""소비기한"", 288, 39, 164], [""2026.09.05L2"", 309, 52, 302], [""까지"", 339, 30, 565], [""초2방법"", 628, 36, 78], [""01"", 680, 23, 0], [""※오래/면깔수있으니조리시간을 준수해주세요"", 702, 46, 166], [""A1탐"", 766, 31, 0], [""전자레인지"", 824, 34, 178], [""송썬대"", 840, 30, 0], [""(700)"", 852, 35, 179], [""토2트식품)"", 932, 43, 0], [""품목보고번호"", 932, 29, 141], [""19840532001372"", 938, 37, 291]]"
000367,2026,05,18,2026-05-18,s1,추05 V STC 0.0 | Our | WNe/SiTc | 소비기한 | 과함께 | 상1 2026.05.18 | 1즐겁게! 01: 53 B. | 0U4 1지 | 미꾸2지를 2 | 진한 국출 | 107 | 풍성인시래7 | 토란0와.대1 | 1지.(중국산)정제 연출 산초.들깐가루 | H00얀마산)대파 00지 풍0 가닭 | 합조0식품1.혼합 비비고 남도식추어탕 조리방법 | 23.들깨가루.고츠 POT 냄비조2 | 제.효모추출물.설 | 쇠고기/함8 | MiCroWAVC 전자레인2,"[[""추05"", 175, 88, 5], [""V STC"", 188, 40, 455], [""0.0"", 188, 24, 538], [""Our"", 212, 29, 464], [""WNe/SiTc"", 234, 34, 444], [""소비기한"", 299, 44, 168], [""과함께"", 360, 31, 0], [""2026.05.18"", 374, 39, 308], [""상1"", 391, 30, 0], [""1즐겁게!"", 422, 31, 0], [""01: 53 B."", 415, 42, 357], [""1지"", 508, 37, 606], [""0U4"", 516, 34, 187], [""미꾸2지를 2"", 566, 32, 490], [""진한 국출"", 594, 32, 490], [""107"", 628, 37, 0], [""풍성인시래7"", 633, 36, 491], [""토란0와.대1"", 660, 27, 494], [""연출"", 708, 36, 179], [""산초.들깐가루"", 705, 34, 495], [""1지.(중국산)정제"", 724, 40, 1], [""00지"", 734, 29, 181], [""풍0 가닭"", 734, 29, 496], [""H00얀마산)대파"", 754, 40, 1], [""비비고 남도식추어탕 조리방법"", 778, 47, 192], [""합조0식품1.혼합"", 784, 42, 0], [""23.들깨가루.고츠"", 814, 45, 0], [""POT 냄비조2"", 817, 30, 191], [""제.효모추출물.설"", 844, 47, 0], [""쇠고기/함8"", 879, 52, 12], [""MiCroWAVC 전자레인2"", 929, 34, 191]]"
000368,2028,02,04,2028-02-04,det5,SE C RE1 | 고기를 / REC PE 영 정보 240/kcal | 0져구현한 L巨号960mg48%E量13 4% | 정통유니장 白异 11g 11% 15g28% | E랜스지방 09 4.2 28% | 0 量40mg13%E g24% | %2.000kca 05 | 개인의 필요 열량 0 수있습니다 | 00 | OT HER .09.22.06:19F3.7 까지 | 끓는물0용시 | 促10岁 간/70ON) 끝는 물에 제을 봉째 넣고 3분 간데워 드0시오 | 0 1 끌는물이용우치면(스딩 부분)에운물이 20화의 위가 있주하십시오'개봉시 | 지개봉하여주시기바랍니다 | 제품명 |오즈키친정통직화유니짜장 | 유형 즉석초2식품 | 10제 | 난가분말 | 국 | N상,"[[""SE C RE1"", 160, 24, 133], [""영 정보"", 182, 51, 234], [""240/kcal"", 174, 41, 517], [""REC PE"", 173, 24, 132], [""고기를 /"", 194, 29, 107], [""4%"", 206, 31, 567], [""0져구현한"", 215, 30, 109], [""L巨号960mg48%E量13"", 211, 54, 237], [""정통유니장"", 237, 44, 100], [""白异 11g 11%"", 246, 44, 239], [""15g28%"", 236, 44, 410], [""28%"", 262, 36, 542], [""E랜스지방 09"", 275, 38, 241], [""4.2"", 266, 43, 404], [""g24%"", 295, 32, 555], [""量40mg13%E"", 302, 55, 241], [""0"", 325, 44, 0], [""05"", 330, 29, 584], [""%2.000kca"", 335, 43, 252], [""개인의 필요 열량 0 수있습니다"", 351, 44, 308], [""00"", 408, 27, 121], ["".09.22.06:19F3.7"", 454, 42, 293], [""까지"", 469, 40, 587], [""OT HER"", 486, 27, 25], [""끓는물0용시"", 521, 34, 124], [""促10岁"", 546, 32, 1], [""간/70ON)"", 547, 24, 64], [""끝는 물에 제을 봉째 넣고 3분"", 544, 33, 122], [""간데워 드0시오"", 543, 30, 311], [""0 1"", 574, 25, 0], [""끌는물이용우치면(스딩 부분)에운물이 20화의 위가 있주하십시오'개봉시"", 570, 29, 125], [""지개봉하여주시기바랍니다"", 598, 29, 0], [""제품명"", 646, 32, 99], [""|오즈키친정통직화유니짜장"", 646, 32, 161], [""유형"", 679, 34, 109], [""즉석초2식품"", 678, 33, 168], [""10제"", 812, 58, 557], [""난가분말"", 864, 37, 93], [""국"", 888, 19, 2], [""N상"", 910, 25, 0]]"
000369,2027,06,25,2027-06-25,s1,PUN사9사0 | 22짜장 S1 2027. 06. 25 131 43 E3. | 2까1지 | 3.분.요.2,"[[""PUN사9사0"", 26, 57, 367], [""S1 2027. 06. 25"", 431, 47, 233], [""22짜장"", 470, 110, 0], [""131 43 E3."", 466, 37, 282], [""2까1지"", 486, 29, 487], [""3.분.요.2"", 542, 50, 36]]"
000370,2020,01,03,2020-01-03,s1,영양정보 | 피하고 건조한 실온에 보관 | 보관할 경우 변질의 우2기 275 kcal | 가급적 한번에 드십시오 | 땅콩.고등0.게.새우.복승0 1준치0 | 잣.오징어.조개류.글 Mg 214 | 포함).아황산류 혼업 가능 | 소비자//본법에 의거 교환 | 3.4g | 2환장소.고객상담실및 트랜스지방 09 | .부정.불량식2 포화지방 09 | ol1399 콜레스테롤 0M9 | 비2류 | -019-91) OT HER 1일 영양성분 기준치에대한 비율 /%)은 200103 | 화합시다.소중한 지원.개꾸한 환경 F12503 기준00로가 | 2E,"[[""영양정보"", 276, 30, 399], [""피하고 건조한 실온에 보관"", 308, 33, 122], [""275 kcal"", 323, 30, 403], [""보관할 경우 변질의 우2기"", 327, 38, 126], [""가급적 한번에 드십시오"", 351, 32, 83], [""1준치0"", 364, 21, 525], [""땅콩.고등0.게.새우.복승0"", 377, 38, 73], [""Mg"", 385, 24, 526], [""214"", 387, 20, 572], [""잣.오징어.조개류.글"", 399, 34, 73], [""포함).아황산류 혼업 가능"", 422, 37, 64], [""소비자//본법에 의거 교환"", 444, 38, 60], [""3.4g"", 462, 27, 409], [""트랜스지방 09"", 489, 30, 431], [""2환장소.고객상담실및"", 494, 43, 33], [""포화지방 09"", 517, 26, 435], ["".부정.불량식2"", 522, 46, 28], [""ol1399"", 552, 36, 17], [""콜레스테롤 0M9"", 548, 25, 416], [""비2류"", 572, 22, 245], [""-019-91)"", 612, 45, 0], [""OT HER"", 612, 21, 241], [""1일 영양성분 기준치에대한 비율 /%)은 200103"", 608, 31, 415], [""기준00로가"", 628, 21, 420], [""F12503"", 639, 26, 231], [""화합시다.소중한 지원.개꾸한 환경"", 646, 35, 18], [""2E"", 678, 35, 199]]"
000371,2026,02,15,2026-02-15,s1,2026.02.15  07:36:57 L1,"[[""2026.02.15  07:36:57 L1"", 454, 39, 196]]"
000372,2026,09,15,2026-09-15,s1,SEC RET | REC IPE | 밤을넣어 | 고소한맛을 전자레인지 조리시 | 한승더한  | SECRET 00 | REC IPE | 토 직  끊는물이용시 | 쌀과께 응근하게 데워드십시2 | 동지죽 | 데우지 않고드셔S 됩니다 | 量450g 3첨가 | 495kcal 첨가 네오담(20료) ） | 号92g28% | 7g13% 소비기한 | 2.7g18% | 16g29% 2026.09.15.F4.15:21.5 | 까지 | 제품명 오즈키친 동지죽 | 유형 즉석조2식품 | 원료명 | 고싶2 | 41.정성 검정찰현0.정제소금.덱스트1 | 생복한 하루 | 소비기한 1단표/2까지 | 22/ | 품목보고번호 F4)19920308038115 | T AER,"[[""SEC RET"", 58, 27, 139], [""REC IPE"", 76, 25, 137], [""밤을넣어"", 102, 32, 126], [""고소한맛을"", 126, 30, 117], [""전자레인지 조리시"", 110, 33, 402], [""한승더한 "", 154, 36, 114], [""SECRET"", 237, 26, 88], [""00"", 229, 48, 401], [""REC IPE"", 254, 22, 89], [""토 직 "", 278, 33, 57], [""끊는물이용시"", 268, 37, 406], [""쌀과께"", 302, 30, 75], [""데워드십시2"", 306, 31, 406], [""응근하게"", 324, 36, 68], [""동지죽"", 348, 36, 76], [""데우지 않고드셔S 됩니다"", 356, 30, 408], [""3첨가"", 390, 29, 402], [""量450g"", 406, 23, 72], [""첨가"", 418, 25, 364], [""）"", 408, 23, 402], [""495kcal"", 426, 23, 79], [""네오담(20료)"", 424, 20, 402], [""号92g28%"", 454, 23, 22], [""7g13%"", 480, 21, 1], [""소비기한"", 484, 28, 175], [""2.7g18%"", 503, 29, 0], [""16g29%"", 527, 30, 19], [""2026.09.15.F4.15:21.5"", 512, 60, 216], [""까지"", 534, 24, 540], [""제품명"", 632, 28, 120], [""오즈키친 동지죽"", 631, 29, 189], [""유형"", 662, 30, 125], [""즉석조2식품"", 662, 29, 187], [""원료명"", 749, 32, 110], [""고싶2"", 774, 25, 0], [""41.정성"", 794, 30, 0], [""검정찰현0.정제소금.덱스트1"", 792, 48, 186], [""생복한 하루"", 814, 29, 0], [""소비기한"", 833, 26, 106], [""1단표/2까지"", 834, 29, 187], [""22/"", 866, 26, 0], [""품목보고번호"", 877, 28, 107], [""T AER"", 904, 35, 0], [""F4)19920308038115"", 883, 45, 229]]"
000373,2026,09,18,2026-09-18,s1,"우2쌀  고기 스프 | 식품유협/학석2식용 | 2재2 | 합가능성있습니27 | 영양정보 총내용량당 기준치대한비를 총내용량당 기준치에대한. | L三号1,360mg 68%  5.1 g 9% | 45g 14% 트랜스지방 08 |  17g 17% 3.1g 21% | 237 kcal 콜레스테를 10 Mg 3% 2.8g 5% | 소비기한 | 2026.09.18 H AC CP 비2류 | 48:2501 | 8809847/090135 OT AER","[[""우2쌀  고기 스프"", 49, 50, 174], [""식품유협/학석2식용"", 83, 36, 114], [""2재2"", 116, 25, 116], [""합가능성있습니27"", 348, 39, 93], [""총내용량당"", 376, 23, 188], [""총내용량당"", 368, 30, 422], [""기준치에대한."", 371, 30, 534], [""영양정보"", 388, 51, 76], [""기준치대한비를"", 380, 24, 300], [""L三号1,360mg"", 404, 29, 185], [""68%"", 402, 21, 365], ["" 5.1 g"", 398, 27, 426], [""9%"", 400, 31, 606], [""45g"", 432, 33, 184], [""14%"", 427, 24, 365], [""트랜스지방 08"", 423, 26, 446], ["" 17g"", 458, 29, 200], [""17%"", 452, 25, 365], [""3.1g"", 450, 27, 448], [""21%"", 452, 29, 608], [""237 kcal"", 480, 43, 69], [""콜레스테를 10 Mg"", 484, 31, 182], [""3%"", 481, 26, 377], [""2.8g"", 480, 29, 431], [""5%"", 478, 29, 621], [""소비기한"", 566, 27, 218], [""H AC CP"", 578, 20, 541], [""2026.09.18"", 590, 37, 251], [""비2류"", 584, 25, 631], [""48:2501"", 607, 30, 256], [""OT AER"", 622, 28, 610], [""8809847/090135"", 635, 28, 49]]"
000374,2026,08,28,2026-08-28,s1,03 | 단괄죽 1 등 UNU DONG..01 | 420g 소비기한 | 12108 | 광주광역시 광산구 하남산 | WWW.doNgwoNfNb.coM) 2026.08.28 | 시2까지 | 12.0%（) | /77.0 % 든든한아침을 책임지는 | ，B， 한 건강식 양반죽 | ，个，24%，， 양반주은전릉죽에현대적인 가치를 0하여 | 경제소금 雪5.7%（香60%叫 | 폴2프2필렌 | 19950227050186 양반주은과영양을제대로담아내 한2의 품을읍2논강/니다 | ，， | 양반죽 1등비밥 밤단죽은7 | 용한계과21시에서계 재료 본연의 맛이 살아 있는 | 쌀알 굽고깨지지 2 | 02.개봉한 /은변질의 우려가 국내산참 업 | 한번에드십시2.조2시제품과 | 1인전사고에 주의 십시오 | 예존을베일  01주의하십실 38첨가,"[[""03"", 194, 33, 537], [""DONG..01"", 225, 44, 415], [""단괄죽"", 268, 77, 1], [""1 등 UNU"", 268, 38, 198], [""420g"", 338, 34, 42], [""소비기한"", 340, 36, 250], [""12108"", 374, 45, 399], [""광주광역시 광산구 하남산"", 399, 32, 2], [""2026.08.28"", 415, 59, 296], [""WWW.doNgwoNfNb.coM)"", 426, 34, 0], [""시2까지"", 456, 27, 0], [""12.0%（)"", 486, 35, 0], [""/77.0 %"", 518, 42, 0], [""든든한아침을 책임지는"", 514, 35, 336], [""，B，"", 545, 41, 0], [""한 건강식 양반죽"", 540, 37, 337], [""，个，24%，，"", 572, 46, 0], [""雪5.7%（香60%叫"", 597, 52, 0], [""양반주은전릉죽에현대적인 가치를 0하여"", 568, 37, 301], [""경제소금"", 618, 36, 0], [""폴2프2필렌"", 646, 43, 0], [""19950227050186"", 676, 49, 0], [""양반주은과영양을제대로담아내"", 654, 39, 317], [""한2의 품을읍2논강/니다"", 674, 37, 321], [""，，"", 710, 67, 0], [""양반죽 1등비밥 밤단죽은7"", 726, 48, 264], [""용한계과21시에서계"", 782, 71, 0], [""재료 본연의 맛이 살아 있는"", 774, 31, 358], [""02.개봉한 /은변질의 우려가"", 831, 74, 0], [""쌀알 굽고깨지지 2"", 794, 67, 438], [""한번에드십시2.조2시제품과"", 854, 75, 0], [""국내산참 업"", 816, 49, 444], [""1인전사고에 주의 십시오"", 876, 73, 0], [""예존을베일  01주의하십실"", 902, 79, 0], [""38첨가"", 893, 45, 441]]"
000375,2026,05,31,2026-05-31,s1,"소비 0A 2 26.05.31 22:36 까지 | 기한 | 맛있는죽의 기준0 되다 | 했/반 쌀전문가했반이찾아낸.맛의 차이를만드는레시피 | 100% | 2고소한 전복내장과 폴깃한 전복의 | 살아있는 식감 | 전복내장죽 √정성들여 끊0낸 깊은 맛의 양지육수 | 한전복내장죽 조2방법 제품명 전복내장죽 | 식품 유 즉석조2식품 | 1/2 내용량 420g | 2지않도록상단을 접은후 업소명및 씨제1제2제당주식회사/ | 2고0래 기준에맞춰 조리해주세요 소재지 210 | 700W 1000W ,(),[ | 2号30左 2분 | ,,],  | 국산)새송이버섯.전복[외2","[[""26.05.31"", 393, 29, 207], [""22:36"", 387, 34, 422], [""소비"", 396, 22, 63], [""0A 2"", 402, 29, 102], [""까지"", 398, 23, 644], [""기한"", 416, 27, 63], [""맛있는죽의 기준0 되다"", 504, 48, 309], [""했/반"", 556, 93, 106], [""쌀전문가했반이찾아낸.맛의 차이를만드는레시피"", 540, 46, 283], [""100%"", 582, 28, 288], [""2고소한 전복내장과 폴깃한 전복의"", 610, 30, 287], [""살아있는 식감"", 635, 30, 306], [""전복내장죽"", 674, 60, 65], [""√정성들여 끊0낸 깊은 맛의 양지육수"", 661, 32, 295], [""제품명"", 738, 25, 412], [""전복내장죽"", 734, 26, 478], [""한전복내장죽 조2방법"", 745, 29, 60], [""식품 유"", 762, 29, 401], [""즉석조2식품"", 758, 27, 480], [""1/2"", 796, 39, 60], [""내용량"", 786, 32, 413], [""420g"", 784, 28, 482], [""2지않도록상단을 접은후"", 818, 34, 70], [""업소명및"", 810, 29, 409], [""씨제1제2제당주식회사/"", 807, 28, 485], [""소재지"", 831, 24, 417], [""210"", 828, 31, 487], [""2고0래 기준에맞춰 조리해주세요"", 840, 33, 95], [""700W"", 866, 21, 120], [""1000W"", 868, 25, 216], ["",(),["", 870, 41, 489], [""2号30左"", 887, 31, 112], [""2분"", 892, 25, 226], ["",,], "", 897, 42, 490], [""국산)새송이버섯.전복[외2"", 926, 47, 493]]"
000376,2025,10,07,2025-10-07,s1,유어스프2미엄 | 오모2 | 0둑 | 25 0MOR1 EO MUK | 꼴깃한에 | 2큰한오 | 기타0육가 | 2025.10.07外 배추27 | 号420mg21%号6g2%号1201%不 | 100g945kcal 1200kcal | 뚜껑을 살» | 제품내간 흑이설수1,"[[""유어스프2미엄"", 15, 31, 442], [""오모2"", 145, 86, 291], [""0둑"", 240, 100, 597], [""25"", 318, 324, 118], [""0MOR1"", 314, 23, 627], [""EO MUK"", 336, 20, 630], [""꼴깃한에"", 380, 30, 635], [""2큰한오"", 408, 30, 641], [""기타0육가"", 481, 54, 613], [""2025.10.07外"", 514, 63, 236], [""배추27"", 536, 58, 620], [""号420mg21%号6g2%号1201%不"", 599, 50, 301], [""100g945kcal"", 661, 52, 176], [""1200kcal"", 665, 38, 301], [""뚜껑을 살»"", 866, 111, 61], [""제품내간 흑이설수1"", 906, 47, 353]]"
000377,2026,07,01,2026-07-01,s1,031-534-015 WWW.e sANDL.o.k1 습니 2 닭고기 산실당0커미/중국0 털민이전문포도0국 밀가루 풀옥/변성전분0 원재료 풍목보2번호 소비기한 별G표기 내포 제품명 | 구입처 또는 소8 2포장시설서 포장1 0 습기를 피해 서1 V. /중 48-48 주)산들에/경기 201103/25321 플20틸 /2진스 믹0너 | 22 포화지 14g 00g 영양정보 2소충전포하였습니다 제품의 신1도 유지를 위 주0하 시기바랍니다 삼키면 질식의 위험이 있 01399 부정 불0식품신고는 국번 2비자기본법에의한피해보상 | 90 kCAa 총내용량 20 을2지않고 2026.07.01外,"[[""031-534-015"", 360, 152, 142], [""산실당0커미/중국0"", 354, 151, 350], [""털민이전문포도0국"", 354, 155, 393], [""밀가루 풀옥/변성전분0"", 359, 147, 416], [""원재료"", 310, 47, 443], [""습니"", 312, 41, 192], [""풍목보2번호"", 314, 65, 522], [""WWW.e sANDL.o.k1"", 342, 93, 174], [""닭고기"", 314, 35, 229], [""소비기한"", 314, 50, 546], [""내포"", 312, 55, 570], [""제품명"", 312, 39, 596], [""2"", 323, 38, 204], [""2포장시설서 포장1"", 384, 111, 206], [""/중"", 383, 98, 443], [""48-48"", 384, 96, 466], [""201103/25321"", 382, 97, 526], [""별G표기"", 364, 59, 552], [""플20틸"", 372, 84, 573], [""/2진스 믹0너"", 380, 105, 597], [""구입처 또는 소8"", 394, 90, 128], [""습기를 피해 서1"", 390, 95, 279], [""주)산들에/경기"", 383, 86, 507], [""0"", 400, 56, 248], [""V."", 404, 48, 310], [""22"", 512, 23, 52], [""포화지"", 522, 35, 74], [""영양정보"", 532, 65, 221], [""2소충전포하였습니다"", 568, 143, 263], [""제품의 신1도 유지를 위"", 578, 161, 284], [""주0하 시기바랍니다"", 555, 118, 307], [""삼키면 질식의 위험이 있"", 573, 156, 328], [""01399"", 547, 102, 353], [""부정 불0식품신고는 국번"", 582, 157, 374], [""2비자기본법에의한피해보상"", 584, 153, 400], [""14g"", 574, 38, 143], [""00g"", 572, 44, 163], [""총내용량 20"", 616, 74, 234], [""을2지않고"", 621, 76, 351], [""90 kCAa"", 628, 52, 213], [""2026.07.01外"", 619, 24, 450]]"
000378,2026,05,29,2026-05-29,s1,2905 202540 | 29052026B1 | FL AVOUR CHIC KEN | naak GE ME1L,"[[""2905"", 320, 30, 203], [""202540"", 316, 36, 352], [""29052026B1"", 377, 40, 200], [""FL AVOUR"", 493, 126, 48], [""CHIC KEN"", 498, 127, 76], [""naak"", 670, 332, 262], [""GE ME1L"", 647, 158, 388]]"
000379,2026,09,05,2026-09-05,s1,영양정보 #LH159 | 三喜2mg0%E个量14g4% 13913% | 블레스테를 OM9 0% 0g0% | 050926 1804973306914 | 2.13 50693519301171138096184 | 식용유8 C1 LH15g（60kcal） | OT HE | 2재료명 | 구연산.구엽산산3,"[[""영양정보"", 268, 27, 34], [""#LH159"", 267, 30, 280], [""三喜2mg0%E个量14g4%"", 294, 25, 30], [""13913%"", 294, 23, 302], [""블레스테를 OM9 0%"", 334, 25, 35], [""0g0%"", 332, 26, 210], [""050926"", 437, 34, 108], [""1804973306914"", 449, 40, 468], [""2.13"", 472, 35, 109], [""50693519301171138096184"", 483, 50, 463], [""식용유8 C1"", 687, 50, 62], [""LH15g（60kcal）"", 694, 33, 226], [""OT HE"", 714, 33, 600], [""2재료명"", 772, 35, 67], [""구연산.구엽산산3"", 790, 27, 117]]"
000380,2026,09,02,2026-09-02,s1,HACCP | ) / : 30 g(125 kcal) 1.6%0.8% NEW 호박 찰쌀 약과 2026.09.02|A,"[[""HACCP"", 164, 63, 74], [""NEW 호박 찰쌀 약과"", 436, 397, 166], ["") / : 30 g(125 kcal)"", 507, 500, 42], [""1.6%0.8%"", 574, 361, 84], [""2026.09.02|A"", 682, 69, 188]]"
000381,2027,01,20,2027-01-20,s1,N 0E LOT:5.020.43.8 | 00M:20/01/2027,"[[""N 0E LOT:5.020.43.8"", 512, 50, 179], [""00M:20/01/2027"", 555, 46, 211]]"
000382,2026,08,18,2026-08-18,s1,"7：2026.08.18 | 08140 | 까지 | 영양정보 481,000mL(100mL×10%） 168kcal | 号0mg0%含量17g5%异16g16%不0g0% | 人0g0g0%0mg0%0g0% | （%2.00 | SAENG G -D | ""801674""810573 | 3대구경북능금농협","[[""7：2026.08.18"", 446, 47, 245], [""08140"", 469, 24, 362], [""까지"", 501, 30, 473], [""영양정보"", 557, 30, 248], [""481,000mL(100mL×10%）"", 545, 21, 365], [""168kcal"", 562, 23, 433], [""号0mg0%含量17g5%异16g16%不0g0%"", 581, 24, 248], [""人0g0g0%0mg0%0g0%"", 602, 27, 248], [""（%2.00"", 624, 22, 250], [""SAENG G -D"", 744, 52, 223], [""\""801674\""810573"", 884, 35, 260], [""3대구경북능금농협"", 934, 51, 226]]"
000383,2026,04,03,2026-04-03,s1,"HIEI500 | 젤리 | 제조원2층) 소비기한 후면표기일까지.(연,월.2) | 포장재질 폴2에틸렌 20170484590109 | 소비기한 | 2026.04.03E | 까지 | 소비기한을 꼭!확인하세요 | 489 MUA CP | 160kcal | 포화지방 0g.0% 비2 률 | 4g7% OT ER","[[""HIEI500"", 218, 56, 239], [""젤리"", 284, 35, 271], [""제조원2층)"", 404, 34, 75], [""소비기한 후면표기일까지.(연,월.2)"", 397, 46, 166], [""20170484590109"", 413, 45, 301], [""포장재질 폴2에틸렌"", 432, 39, 78], [""소비기한"", 668, 29, 297], [""2026.04.03E"", 693, 40, 356], [""까지"", 716, 23, 531], [""소비기한을 꼭!확인하세요"", 764, 67, 328], [""489"", 791, 39, 414], [""MUA CP"", 788, 24, 501], [""160kcal"", 810, 38, 426], [""비2 률"", 856, 21, 510], [""포화지방 0g.0%"", 874, 33, 279], [""4g7%"", 899, 40, 194], [""OT ER"", 888, 27, 498]]"
000384,2026,07,08,2026-07-08,s1,BRON OIR 소비기한 | 2026:07:08办大 | H ACCP,"[[""BRON OIR"", 544, 99, 107], [""소비기한"", 508, 22, 433], [""2026:07:08办大"", 563, 22, 470], [""H ACCP"", 588, 20, 29]]"
000385,2026,09,14,2026-09-14,s1,2025.09.15B | 부터 | 2026.09.14 | 까지 | 맛있는 약속,"[[""2025.09.15B"", 521, 34, 301], [""부터"", 534, 24, 457], [""2026.09.14"", 558, 37, 303], [""까지"", 566, 21, 460], [""맛있는 약속"", 575, 26, 497]]"
000386,2026,06,10,2026-06-10,s1,22 2 2 | 새공달 크 2와 소한 아몬5 | 5가지 봉곡을 만든오곡볼 | 0세후크지퍼백으로 | 2없이 신선하게 | 카카오 | 2025.06-11 | 2026.06.10,"[[""22 2 2"", 316, 42, 394], [""새공달 크 2와 소한 아몬5"", 368, 27, 390], [""5가지 봉곡을 만든오곡볼"", 456, 22, 390], [""0세후크지퍼백으로"", 523, 24, 394], [""2없이 신선하게"", 542, 25, 395], [""카카오"", 552, 53, 607], [""2025.06-11"", 833, 24, 406], [""2026.06.10"", 847, 24, 406]]"
000387,2027,01,21,2027-01-21,s1,0 | 22당.홍삼농축액 | (薯合含是50mg/g | 显60%0 | 국산18% | ：2027.01.21 까지,"[[""0"", 192, 85, 207], [""22당.홍삼농축액"", 699, 32, 195], [""(薯合含是50mg/g"", 720, 30, 186], [""显60%0"", 742, 23, 224], [""국산18%"", 763, 34, 184], [""：2027.01.21"", 858, 31, 102], [""까지"", 862, 27, 405]]"
000388,2026,01,15,2026-01-15,s1,22 APSV | 名吃叶 | 2026.01.15,"[[""22"", 482, 26, 234], [""APSV"", 482, 23, 266], [""名吃叶"", 540, 89, 294], [""2026.01.15"", 661, 24, 264]]"
000389,2026,02,27,2026-02-27,s1,0농협식품 2026.02.27 | 2 쌀약과 | 영양정보 | （548,"[[""0농협식품"", 486, 23, 29], [""2026.02.27"", 486, 33, 382], [""쌀약과"", 580, 81, 85], [""2"", 544, 20, 144], [""영양정보"", 598, 29, 451], [""（548"", 664, 23, 226]]"
000390,2026,05,19,2026-05-19,s1,1산자 | 소비기한 별도표기입 까지 | 유과정에서 변집이나 마슨들은 분사 및 구입처에서 교 | ※부정불량 식품 신고는 | 202605.19. | 0담2,"[[""1산자"", 356, 106, 248], [""소비기한 별도표기입 까지"", 556, 28, 262], [""유과정에서 변집이나 마슨들은 분사 및 구입처에서 교"", 570, 24, 263], [""202605.19."", 615, 44, 254], [""※부정불량 식품 신고는"", 593, 23, 261], [""0담2"", 637, 26, 276]]"
000391,2026,12,10,2026-12-10,s1,"4,500 | 누텔2 | 全7减.2026.12.10 | 연고농장 | YEON G0 FAR M | VEG AN | We deliVer a CUP Of TEeA TTAVeRY PreCious | 박하차 티백 | [국내산]박항 | 25ea（1g/1日叫） | 식품의유형 침출 | ：20180564 | “정직하게 볶았습니다 | HONeSTlY roASTed","[[""4,500"", 44, 62, 139], [""누텔2"", 54, 38, 661], [""全7减.2026.12.10"", 122, 43, 329], [""연고농장"", 452, 69, 223], [""YEON G0 FAR M"", 494, 27, 266], [""VEG AN"", 570, 23, 255], [""We deliVer a CUP Of TEeA TTAVeRY PreCious"", 603, 34, 217], [""박하차 티백"", 696, 43, 281], [""[국내산]박항"", 727, 30, 285], [""25ea（1g/1日叫）"", 764, 41, 279], [""식품의유형 침출"", 790, 30, 306], [""：20180564"", 806, 34, 267], [""“정직하게 볶았습니다"", 850, 50, 244], [""HONeSTlY roASTed"", 872, 41, 278]]"
000392,2025,08,29,2025-08-29,s1,TORION | TNE | 실속형 20NUTP | 소비기한 | 간편하게 즐기는 | 25.08.29 14:52 | 깔끔한 더 자22톨 25.08.28 | T E 용기 또는 파우치에 리필해서 드세21 | KYL T0L | G1 드립니다 | OT HER | 19870415003279,"[[""TORION"", 62, 29, 216], [""TNE"", 134, 74, 336], [""실속형"", 326, 163, 0], [""20NUTP"", 293, 78, 357], [""소비기한"", 403, 22, 357], [""간편하게 즐기는"", 440, 46, 56], [""25.08.29 14:52"", 453, 28, 384], [""25.08.28"", 472, 25, 384], [""깔끔한 더 자22톨"", 491, 54, 28], [""용기 또는 파우치에 리필해서 드세21"", 552, 31, 342], [""T E"", 582, 60, 114], [""KYL T0L"", 643, 80, 52], [""G1"", 753, 114, 123], [""드립니다"", 718, 56, 214], [""OT HER"", 910, 28, 257], [""19870415003279"", 919, 42, 326]]"
000393,2027,08,02,2027-08-02,s1,2027.08.02外 | 门 (100 g(12)是至) | 12냅비를 준비하여물 | 1000 | 100 | 입니다.2그릇에물을 0분 | 희넣고 2이시면 넘치지 8 | 고안전하게 끊수 있습니다1 | Pour1000mlof waterintoalarge | pol | 01 | 도졌가탁으 제0가2서 | Pui,"[[""2027.08.02外"", 386, 39, 158], [""(100 g(12)是至)"", 445, 36, 426], [""门"", 467, 38, 185], [""12냅비를 준비하여물"", 474, 37, 419], [""1000"", 490, 34, 420], [""100"", 507, 30, 418], [""입니다.2그릇에물을 0분"", 524, 30, 418], [""희넣고 2이시면 넘치지 8"", 542, 33, 418], [""고안전하게 끊수 있습니다1"", 558, 34, 417], [""Pour1000mlof waterintoalarge"", 576, 27, 418], [""pol"", 590, 31, 419], [""01"", 620, 33, 279], [""도졌가탁으 제0가2서"", 628, 33, 418], [""Pui"", 658, 31, 419]]"
000394,2035,02,12,2035-02-12,s1,"죽장연 | 1 주장연은 마율이를 육장연과 자업8 温0看豆量本包看0/100% | 직접 장을 한2는 보랜트 업니다 | 号电20010445055895 | 1399 | 영야정보 120235kca | 초2방1 导1/4（80g), 총내용량당 | 나트 3.300mg165% | 6분 탄수하물 39g | 시방 59 69 22 | 트랜스1 | 21 부 특배기에물,  지방 09g | 2이버섯2 2자.애을넣 4분간 1 위두부 콜레스테롤 Cmg | 어준비합니다 2이버섯을 넣고 2분 단질 85 15% | 2더됐완성합니다. 129200 | MA12 | 0었다1 | 2인대풍1 128 S1 인증 8810451728834 | OT ER 室：G1-2-0679","[[""죽장연"", 18, 33, 115], [""1"", 100, 39, 32], [""주장연은 마율이를 육장연과 자업8"", 96, 39, 135], [""温0看豆量本包看0/100%"", 108, 35, 136], [""직접 장을 한2는 보랜트 업니다"", 132, 32, 137], [""号电20010445055895"", 293, 24, 44], [""1399"", 356, 27, 48], [""초2방1"", 430, 25, 59], [""영야정보"", 422, 25, 371], [""120235kca"", 432, 40, 440], [""导1/4（80g),"", 434, 23, 163], [""총내용량당"", 447, 24, 371], [""나트"", 466, 27, 369], [""3.300mg165%"", 474, 35, 463], [""탄수하물"", 488, 30, 369], [""6분"", 496, 21, 322], [""39g"", 493, 30, 463], [""22"", 521, 82, 535], [""69"", 516, 30, 461], [""시방"", 536, 27, 376], [""59"", 539, 28, 460], [""21 부"", 567, 30, 45], [""트랜스1"", 558, 23, 379], [""특배기에물, "", 570, 29, 143], [""2이버섯2"", 588, 27, 45], [""2자.애을넣"", 590, 28, 141], [""4분간 1 위두부"", 594, 31, 247], [""지방"", 582, 27, 376], [""09g"", 586, 27, 462], [""어준비합니다"", 607, 30, 43], [""2이버섯을 넣고 2분"", 614, 28, 242], [""콜레스테롤"", 607, 27, 368], [""Cmg"", 610, 27, 461], [""2더됐완성합니다."", 636, 31, 241], [""단질"", 632, 33, 364], [""85"", 630, 27, 462], [""15%"", 629, 26, 538], [""129200"", 650, 27, 364], [""MA12"", 690, 25, 198], [""0었다1"", 704, 23, 196], [""2인대풍1"", 742, 37, 45], [""S1 인증"", 744, 43, 299], [""128"", 753, 22, 148], [""8810451728834"", 758, 36, 410], [""OT ER"", 782, 25, 239], [""室：G1-2-0679"", 781, 25, 294]]"
000395,2026,03,15,2026-03-15,hires,2026.03.15MNY1A1.13135 | 농삼 | 인생을맞있게 농심 02 | E범박.(6) 법석 | 8801043015622,"[[""2026.03.15MNY1A1.13135"", 767, 66, 322], [""농삼"", 840, 105, 1134], [""02"", 987, 294, 993], [""인생을맞있게"", 917, 44, 456], [""농심"", 982, 98, 448], [""E범박.(6)"", 1062, 37, 296], [""법석"", 1132, 174, 1178], [""8801043015622"", 1238, 38, 315]]"
000396,2026,02,27,2026-02-27,s1,인생을 맛있게 | 농심 | * | 俗酸团 | 2 | 매울신 | S N RAMYUN | 소비기한 | 농/M02 | 叫2A04 2026.02:27办 22 5개,"[[""인생을 맛있게"", 202, 23, 162], [""농심"", 228, 35, 161], [""*"", 306, 49, 398], [""俗酸团"", 390, 33, 465], [""2"", 493, 98, 396], [""매울신"", 549, 36, 152], [""S N RAMYUN"", 674, 45, 411], [""소비기한"", 712, 27, 97], [""5개"", 756, 114, 450], [""농/M02"", 731, 30, 376], [""2026.02:27办"", 752, 31, 130], [""叫2A04"", 771, 27, 169], [""22"", 768, 25, 376]]"
000397,2026,02,19,2026-02-19,s1,"정보 香610g | 100g65kcal | 560mg28%量10g3%异77% | 2.1g4%00.5g3% | 量0mg0%2g4% | （%2.00cal | 고등어.우유.게.새우.쇠고기.오징어 | 알류.메밀.복숭아.호두.잣,땅콩.01산 | 류혼업가능.소비자 분쟁해기준에 | 2교환 또는보상가능.취급시용기가 | 2재질이므로파슨되어 다찰 위험이있 유리 | 외를확하세요. | 2026.02.19 16:16","[[""정보"", 382, 31, 272], [""香610g"", 383, 34, 437], [""100g65kcal"", 401, 34, 426], [""560mg28%量10g3%异77%"", 419, 46, 262], [""2.1g4%00.5g3%"", 440, 44, 250], [""量0mg0%2g4%"", 460, 36, 235], [""（%2.00cal"", 484, 37, 235], [""고등어.우유.게.새우.쇠고기.오징어"", 556, 35, 235], [""알류.메밀.복숭아.호두.잣,땅콩.01산"", 577, 40, 228], [""류혼업가능.소비자 분쟁해기준에"", 598, 43, 227], [""2교환 또는보상가능.취급시용기가"", 618, 43, 225], [""2재질이므로파슨되어 다찰 위험이있"", 639, 44, 226], [""유리"", 644, 23, 464], [""외를확하세요."", 676, 35, 224], [""2026.02.19 16:16"", 728, 29, 291]]"
000398,2027,07,30,2027-07-30,s1,"2027.07,30 | M 까지2 | 소면조2 3설 |  5[1,00全 소면 | 백설 소면 | 비기한 후0시까지 | 330 | 0국산)일8 | 1972016800173 | 0맛있는 이유 | 20","[[""2027.07,30"", 218, 47, 426], [""까지2"", 242, 32, 453], [""M"", 275, 50, 6], [""3설"", 310, 73, 398], [""소면조2"", 316, 37, 100], [""소면"", 398, 108, 387], ["" 5[1,00全"", 392, 25, 129], [""백설 소면"", 480, 24, 388], [""비기한 후0시까지"", 516, 27, 367], [""330"", 546, 31, 405], [""0국산)일8"", 611, 25, 404], [""1972016800173"", 640, 28, 433], [""0맛있는 이유"", 704, 69, 157], [""20"", 762, 43, 234]]"
000399,2027,01,31,2027-01-31,s1,2스/(제) | 하단기까지 | 2002046408-32 | 8양정보 #500/10080 | 看410mg205%量18g6%13g13% | 0g0% | 量0mg0%2g4% | 0-850-1200166-5471 | 2027.01.31 03:52,"[[""2스/(제)"", 146, 23, 293], [""하단기까지"", 165, 20, 296], [""2002046408-32"", 183, 20, 298], [""8양정보"", 418, 25, 247], [""#500/10080"", 414, 26, 322], [""看410mg205%量18g6%13g13%"", 434, 30, 246], [""0g0%"", 456, 20, 248], [""量0mg0%2g4%"", 472, 28, 246], [""0-850-1200166-5471"", 510, 25, 247], [""2027.01.31 03:52"", 612, 38, 250]]"
000400,2039,09,12,2039-09-12,s1,한  살2습니다 | 추천2시2! | 사용을 조정하세요1 | 붙2기 | Cher's Tip | 영양정보 100ml155k | 나트를 5 Mg.0% 탄수화 39 9 129 | 39g39%0g0% | 量0mg0%E003 | 200 | 개인의 요량에 따라0들 주했습U2 | 1고객행복센터 | 080-850-1200 | 口1666-5471（号） T.LOPE | A0j.co.kr 25.P | 24. 07. 120 부터 | 26.01.11 까지 | 0B7,"[[""한  살2습니다"", 170, 33, 271], [""추천2시2!"", 190, 33, 272], [""사용을 조정하세요1"", 228, 34, 273], [""붙2기"", 250, 25, 295], [""Cher's Tip"", 282, 28, 278], [""영양정보"", 329, 40, 279], [""100ml155k"", 339, 38, 413], [""나트를 5 Mg.0%"", 359, 27, 283], [""탄수화 39 9 129"", 360, 29, 411], [""39g39%0g0%"", 380, 29, 285], [""量0mg0%E003"", 423, 32, 285], [""200"", 443, 27, 286], [""개인의 요량에 따라0들 주했습U2"", 456, 27, 285], [""1고객행복센터"", 484, 31, 308], [""080-850-1200"", 509, 26, 290], [""口1666-5471（号）"", 528, 27, 291], [""T.LOPE"", 526, 26, 419], [""A0j.co.kr"", 547, 22, 291], [""25.P"", 541, 24, 423], [""24. 07. 120"", 604, 37, 308], [""부터"", 596, 31, 436], [""까지"", 622, 37, 435], [""26.01.11"", 632, 32, 310], [""0B7"", 660, 26, 365]]"
000401,2027,04,12,2027-04-12,s1,SPA M SPAM 2/2 | A0 A11 2/3 A81 25 AMLE | 0 | 2UT | 27.04.12办2W19:35,"[[""2/2"", 20, 37, 526], [""SPAM"", 38, 77, 252], [""SPA M"", 66, 91, 0], [""A81"", 54, 36, 521], [""25 AMLE"", 50, 35, 572], [""A11"", 85, 40, 265], [""2/3"", 82, 25, 329], [""A0"", 116, 29, 15], [""0"", 256, 26, 513], [""2UT"", 326, 29, 8], [""27.04.12办2W19:35"", 599, 36, 225]]"
000402,2028,04,19,2028-04-19,det5,V.JU51 | 智 2 28.04.19 12:58闪 SA4 | 2래식 | 0봉방법 SP AM 파치를 점선따라 SP AY | 열0주세요 2세요 | 개나다릉)정제수.전분스-엠(태국산)정제소2 백설1 | 0분. | 법2보존 | 卫20080405015-209 | 영2정보 80g/250kica | 三830mg42%量3g%异g2 | 221%083 | 45mg15%10g18% | 0（%2.000kcal | 080-850-1200166-5471（）ci.co | JAER 1반드시냉장보관 하시고바 | 보관시 변질 될 | 1용한 체품과 2 | 풀 1399 포 | 전자레인2 | 1품,"[[""V.JU51"", 98, 199, 474], [""智"", 231, 74, 101], [""2"", 221, 44, 287], [""SA4"", 225, 22, 498], [""28.04.19"", 248, 29, 344], [""12:58闪"", 248, 26, 456], [""2래식"", 268, 27, 65], [""0봉방법"", 320, 32, 65], [""점선따라"", 314, 25, 204], [""SP AM"", 326, 18, 161], [""파치를"", 328, 25, 205], [""SP AY"", 326, 15, 313], [""열0주세요"", 346, 20, 207], [""2세요"", 344, 16, 363], [""개나다릉)정제수.전분스-엠(태국산)정제소2"", 394, 25, 76], [""백설1"", 392, 25, 431], [""0분."", 412, 28, 418], [""법2보존"", 490, 22, 337], [""卫20080405015-209"", 512, 27, 90], [""영2정보"", 541, 28, 192], [""80g/250kica"", 536, 23, 385], [""三830mg42%量3g%异g2"", 557, 30, 195], [""221%083"", 576, 29, 196], [""45mg15%10g18%"", 597, 31, 199], [""0（%2.000kcal"", 616, 34, 196], [""080-850-1200166-5471（）ci.co"", 655, 30, 219], [""JAER"", 672, 10, 95], [""1반드시냉장보관 하시고바"", 682, 28, 348], [""보관시"", 702, 16, 228], [""변질"", 702, 18, 269], [""될"", 702, 13, 302], [""1용한 체품과 2"", 714, 19, 335], [""풀"", 732, 11, 294], [""1399"", 726, 17, 410], [""포"", 724, 13, 487], [""전자레인2"", 740, 16, 418], [""1품"", 763, 14, 254]]"
000403,2027,04,01,2027-04-01,erode5,027.04.01 | F19,"[[""027.04.01"", 487, 50, 203], [""F19"", 522, 52, 238]]"
000404,2026,06,10,2026-06-10,s1,22 | 소비기한 B1 | 2026.06.10-16:42 | 까지,"[[""22"", 64, 49, 654], [""B1"", 436, 27, 559], [""소비기한"", 449, 30, 119], [""2026.06.10-16:42"", 476, 43, 246], [""까지"", 502, 23, 566]]"
000405,2027,10,15,2027-10-15,s1,"2027.10.15# | 15.393F16K | 하이라0스스스 | OT T GI H A SH | KiTChen | 유21 | 20분말 ,,,,,(异 | 포장재 제조원 2주실회사오뚜기 128 | 십시오 | 080024-2311）","[[""2027.10.15#"", 272, 25, 205], [""15.393F16K"", 291, 24, 231], [""하이라0스스스"", 326, 58, 158], [""OT T GI H A SH"", 364, 23, 248], [""KiTChen"", 590, 26, 200], [""유21"", 642, 20, 103], [""20분말"", 756, 33, 101], ["",,,,,(异"", 754, 50, 270], [""포장재"", 789, 34, 102], [""제조원"", 793, 24, 295], [""2주실회사오뚜기"", 778, 31, 353], [""128"", 792, 40, 352], [""십시오"", 866, 33, 104], [""080024-2311）"", 894, 36, 206]]"
000406,2028,01,03,2028-01-03,s1,2506:2820 | 경기 연천 억 생들 | 2가 | 갈승.C | 241~28 | 무기물합량/mg/U | 갈/.CA) 나E1 N) 칼큼/ 불소01 | 211-28.1 3.9~4.9 5.0~6.8 0.0~0.1 | 835-3568左 | 대0업소명및,"[[""2506:2820"", 422, 53, 239], [""경기 연천 억 생들"", 491, 47, 232], [""2가"", 668, 23, 678], [""갈승.C"", 698, 35, 669], [""무기물합량/mg/U"", 737, 50, 146], [""241~28"", 718, 31, 668], [""갈/.CA)"", 762, 35, 150], [""나E1 N)"", 769, 25, 214], [""칼큼/"", 770, 20, 288], [""불소01"", 758, 30, 412], [""211-28.1"", 783, 31, 153], [""3.9~4.9"", 791, 24, 215], [""5.0~6.8"", 786, 27, 353], [""0.0~0.1"", 779, 28, 410], [""835-3568左"", 859, 30, 305], [""대0업소명및"", 880, 31, 337]]"
000407,2025,12,01,2025-12-01,s1,21(gg(g) | 3900 | 025.10.10 | 하 늘 초 양 념 김 | 2：100件((z) | 2025.10.03 2025.12.01 6500 | 포장년.월. | NH 진랑/협0나로0트,"[[""21(gg(g)"", 12, 26, 2], [""3900"", 56, 38, 82], [""025.10.10"", 73, 27, 0], [""하 늘 초 양 념 김"", 631, 29, 246], [""2：100件((z)"", 698, 33, 227], [""6500"", 757, 38, 438], [""2025.10.03"", 766, 22, 224], [""2025.12.01"", 767, 22, 309], [""포장년.월."", 782, 23, 218], [""NH"", 800, 24, 217], [""진랑/협0나로0트"", 804, 27, 314]]"
000408,2025,10,09,2025-10-09,s1,23 | 소금9산전업)으로 | 간0되어었습니다 | 갈치 해 동 | 원산지.국 | 2025.10.05.2025.10.09 11800,"[[""23"", 264, 34, 679], [""소금9산전업)으로"", 289, 56, 691], [""간0되어었습니다"", 308, 48, 710], [""갈치 해"", 392, 38, 659], [""동"", 386, 22, 795], [""원산지.국"", 411, 34, 657], [""11800"", 492, 37, 807], [""2025.10.05.2025.10.09"", 512, 45, 654]]"
000409,2027,03,26,2027-03-26,s2,0농협 | i BArleY Te8 SeU MOUNT a1n | 22자 | 더건강하게만든우리 보2차! | 맞주 영T가가 풍부합니다 | 100% | 400g 100% | NH 0가/업1협동조합 | 202703.26川入,"[[""0농협"", 283, 40, 421], [""i"", 361, 52, 149], [""SeU MOUNT a1n"", 353, 24, 368], [""22자"", 434, 97, 145], [""더건강하게만든우리 보2차!"", 514, 27, 139], [""400g"", 606, 31, 134], [""BArleY Te8"", 372, 18, 356], [""맞주 영T가가 풍부합니다"", 548, 15, 139], [""100%"", 561, 16, 139], [""100%"", 607, 16, 201], [""NH"", 824, 16, 199], [""0가/업1협동조합"", 825, 22, 335], [""202703.26川入"", 846, 22, 320]]"
000410,2027,04,13,2027-04-13,s1,천연흥 료 | 卫电室 1994040409243 | 2M기한 2027.04.13,"[[""천연흥 료"", 533, 24, 475], [""卫电室 1994040409243"", 603, 45, 265], [""2M기한"", 622, 35, 262], [""2027.04.13"", 636, 33, 371]]"
000411,2026,09,09,2026-09-09,s1,NA | 03 21살존 | 1붓가루 | 2025.09.10 | 全开2026:09:09 | 2북 영양 고추만을 엄선하여 생산하였습니 | 행실촌 영양청경고추가루 보관방법:직사광선을 피하0 서늘하고 2조 | 식풍 고층가루 곳에 보관하시고 개봉 후 품질/ 를 위해 | 냉장보관하시기/바랍니다 | 500g | 12원 2영2/협가공사업소 | 고유의 빛깥 나타니다 | 2상지 후연 별도표시2까지 | 100%（： 색도를 삽입하였습니다. | 0보 2번호 클에(내면 | 스비가담 199305850052 | 지리적특산품/02층가루 | KPGI YeONGV ANS ed DeDDer DOWder | ：） 88082801705002 OT ER | ：量馨列：制/EL（02763-317,"[[""NA"", 178, 38, 204], [""03"", 338, 23, 211], [""21살존"", 352, 40, 317], [""1붓가루"", 422, 72, 271], [""2025.09.10"", 488, 23, 454], [""全开2026:09:09"", 510, 28, 454], [""2북 영양 고추만을 엄선하여 생산하였습니"", 545, 29, 132], [""행실촌 영양청경고추가루"", 613, 26, 170], [""보관방법:직사광선을 피하0 서늘하고 2조"", 621, 28, 370], [""식풍"", 630, 24, 102], [""고층가루"", 633, 24, 168], [""곳에 보관하시고 개봉 후 품질/ 를 위해"", 638, 28, 371], [""500g"", 655, 24, 165], [""냉장보관하시기/바랍니다"", 653, 25, 372], [""12원"", 680, 25, 113], [""2영2/협가공사업소"", 682, 25, 165], [""2상지 후연 별도표시2까지"", 724, 32, 166], [""고유의 빛깥 나타니다"", 719, 28, 369], [""100%（："", 747, 42, 168], [""색도를 삽입하였습니다."", 753, 30, 368], [""0보 2번호"", 773, 34, 96], [""클에(내면"", 768, 37, 166], [""스비가담"", 796, 35, 87], [""199305850052"", 790, 36, 162], [""지리적특산품/02층가루"", 851, 37, 146], [""KPGI YeONGV ANS ed DeDDer DOWder"", 868, 43, 143], [""：）"", 893, 40, 143], [""88082801705002"", 910, 22, 392], [""OT ER"", 906, 30, 551], [""：量馨列：制/EL（02763-317"", 940, 26, 383]]"
000412,2026,01,19,2026-01-19,s1,"4쉽고 갈큼하게 톡 | 신선한 경북 영양 고추를 0 | 언제 0디서나 간편하게 | 요2할 수 있는 스1 고츠가루 | 제품의 특3 | HACCP인증 받은 제조시설에서 위생적 | 0로 생산됩니다. | 보관방법 | ·직사광선을 피해 서늘한 곳에 보관하시고 | 개봉 후에는 냉장 또는 냉동보관 하시기 | 바랍니다 | ·본제품은공정거래위원회 고 소비자분쟁 | 해결기준에 의거 교환 또는 보상받을 수 | 있습니다 | 소비기한 | 2026,1,19 | 까지","[[""4쉽고 갈큼하게 톡"", 143, 36, 258], [""신선한 경북 영양 고추를 0"", 187, 30, 280], [""언제 0디서나 간편하게"", 213, 28, 279], [""요2할 수 있는 스1 고츠가루"", 239, 28, 277], [""제품의 특3"", 314, 29, 291], [""HACCP인증 받은 제조시설에서 위생적"", 373, 30, 196], [""0로 생산됩니다."", 398, 29, 208], [""보관방법"", 449, 30, 298], [""·직사광선을 피해 서늘한 곳에 보관하시고"", 482, 31, 195], [""개봉 후에는 냉장 또는 냉동보관 하시기"", 508, 30, 208], [""바랍니다"", 532, 24, 206], [""·본제품은공정거래위원회 고 소비자분쟁"", 560, 31, 195], [""해결기준에 의거 교환 또는 보상받을 수"", 586, 30, 204], [""있습니다"", 611, 24, 203], [""소비기한"", 693, 24, 204], [""2026,1,19"", 722, 32, 266], [""까지"", 740, 23, 432]]"
000413,2027,04,23,2027-04-23,s1,"철갑농/산 2027.04.23 | 우유에타서먹는 | 28//가루 | 300g | (1,401kcal) | 100 g467kcal","[[""철갑농/산"", 441, 32, 309], [""2027.04.23"", 446, 29, 428], [""우유에타서먹는"", 507, 45, 341], [""28//가루"", 583, 140, 186], [""300g"", 685, 38, 387], [""(1,401kcal)"", 709, 24, 388], [""100 g467kcal"", 727, 27, 389]]"
000414,2026,04,07,2026-04-07,s1,2026.04.07 | 21 | 0/6,"[[""2026.04.07"", 550, 33, 265], [""21"", 872, 36, 637], [""0/6"", 917, 66, 629]]"
000415,2020,01,02,2020-01-02,det5,28 | 200102V 2 야/아Y 새칭한 | 영 정보 860g/15kcal | 냉장보관 OT AER 七,"[[""28"", 433, 62, 478], [""야/아Y 새칭한"", 500, 49, 343], [""200102V"", 543, 104, 108], [""2"", 545, 100, 226], [""영 정보"", 652, 34, 221], [""860g/15kcal"", 648, 33, 342], [""냉장보관"", 726, 17, 471], [""OT AER"", 724, 17, 518], [""七"", 716, 95, 570]]"
000416,2026,04,07,2026-04-07,s1,2업1 | 소비기한 | 먹고싶0고? | TA02N 2026.04.07 | GOT,"[[""2업1"", 183, 62, 618], [""소비기한"", 521, 20, 368], [""먹고싶0고?"", 542, 21, 209], [""GOT"", 583, 34, 209], [""2026.04.07"", 565, 24, 372], [""TA02N"", 562, 93, 0]]"
000417,2026,03,15,2026-03-15,s1,2.480 | 0맞있게 소비기한 | 먹고 싶다고? | 2026.03.15 | GOl,"[[""2.480"", 71, 47, 376], [""0맞있게"", 533, 28, 182], [""소비기한"", 533, 28, 372], [""먹고 싶다고?"", 551, 27, 182], [""2026.03.15"", 576, 29, 370], [""GOl"", 597, 40, 180]]"
000418,2026,09,08,2026-09-08,s1,180 | 1.780 | 2026.09.08 | G09 16:53,"[[""180"", 66, 43, 0], [""1.780"", 84, 49, 290], [""2026.09.08"", 524, 52, 204], [""G09 16:53"", 564, 55, 207]]"
000419,2026,08,05,2026-08-05,s1,02 | 웨히 | EASY CAP 02 소비기한 | 2026.08.05Y | 영양정보 | 총코코0분말 6% | 否号：75g[400kcal(15gX,"[[""02"", 278, 51, 208], [""웨히"", 384, 93, 615], [""EASY CAP 02"", 469, 23, 181], [""소비기한"", 472, 24, 247], [""2026.08.05Y"", 497, 38, 311], [""영양정보"", 550, 35, 272], [""총코코0분말 6%"", 722, 35, 537], [""否号：75g[400kcal(15gX"", 744, 43, 535]]"
000420,2025,12,04,2025-12-04,s1,960 | 0.1 | mins | 식B요형 | 소비기한 0/일까지.(1월.일) 영양정보 70 | 내1재 220kcal | 0통전문 20드(주)서육시 LE25mg | 판0원 空量52g | 제조원 (주)에스0푸드경기도부천시 #399 | 9量25g | 2보2번호 2016063409586 지방09 | 설탕.물1.2틴.D-소비톨액 트랜스지방09 | 2산도조절제.지농축액.포도농축액 포화지방09 | 0mg | 단백49 | 지지적색소.치자청색소.주장).1캐롯 | 혼합제제I마프2카추출색소 카로턴) | 돼지2기.복승아 함유 | 롯 데웰푸드 구입상점. 의한피해보상.85 | 부정분식 | 1399早只 | M2  | 8801062898862 동0가능.과람섭취시설1 | 않도록주의하세요 | 2025.12.04G1,"[[""960"", 52, 43, 617], [""0.1"", 101, 40, 392], [""mins"", 138, 38, 395], [""식B요형"", 314, 29, 120], [""소비기한"", 326, 26, 120], [""0/일까지.(1월.일)"", 334, 26, 186], [""영양정보"", 332, 24, 404], [""70"", 328, 27, 489], [""내1재"", 342, 30, 118], [""220kcal"", 342, 25, 504], [""0통전문"", 358, 25, 122], [""20드(주)서육시"", 360, 25, 182], [""LE25mg"", 360, 29, 404], [""판0원"", 372, 21, 125], [""空量52g"", 375, 34, 404], [""(주)에스0푸드경기도부천시"", 390, 26, 177], [""#399"", 392, 31, 416], [""제조원"", 400, 23, 126], [""9量25g"", 410, 35, 415], [""2보2번호"", 427, 22, 124], [""2016063409586"", 425, 23, 169], [""지방09"", 424, 29, 400], [""설탕.물1.2틴.D-소비톨액"", 444, 24, 171], [""트랜스지방09"", 444, 31, 410], [""2산도조절제.지농축액.포도농축액"", 462, 25, 128], [""포화지방09"", 460, 31, 407], [""0mg"", 476, 30, 393], [""단백49"", 492, 26, 394], [""지지적색소.치자청색소.주장).1캐롯"", 518, 24, 134], [""혼합제제I마프2카추출색소 카로턴)"", 537, 28, 136], [""돼지2기.복승아 함유"", 558, 23, 213], [""롯 데웰푸드"", 612, 23, 173], [""의한피해보상.85"", 602, 37, 407], [""구입상점."", 621, 34, 408], [""부정분식"", 639, 34, 410], [""1399早只"", 656, 30, 413], [""M2 "", 672, 21, 302], [""8801062898862"", 696, 37, 131], [""동0가능.과람섭취시설1"", 686, 43, 415], [""2025.12.04G1"", 742, 37, 139], [""않도록주의하세요"", 724, 33, 414]]"
000421,2026,07,17,2026-07-17,s1,UUT2 M2N | Dtget | DgeT | 2LOT TE | 26.07.17 16:35 A 로0 | 10N풀,"[[""UUT2 M2N"", 78, 32, 556], [""Dtget"", 126, 107, 476], [""DgeT"", 188, 132, 97], [""2LOT TE"", 446, 26, 93], [""로0"", 528, 134, 393], [""26.07.17 16:35 A"", 586, 30, 102], [""10N풀"", 610, 33, 458]]"
000422,2026,06,09,2026-06-09,s1,"M0E6 | CROUN | 2025.09.10 A5 | 화0E하임 2026.06.09 | 4,780","[[""M0E6"", 350, 23, 189], [""CROUN"", 492, 22, 18], [""화0E하임"", 526, 36, 77], [""2025.09.10 A5"", 531, 25, 457], [""2026.06.09"", 552, 24, 456], [""4,780"", 836, 27, 551]]"
000423,2026,06,04,2026-06-04,s1,580 | /2보로 | 소보로 6/업 M03 | 2봉보 소보로 2026.06.04 2025.06.05 것있는 2속,"[[""580"", 106, 74, 0], [""/2보로"", 174, 61, 105], [""소보로"", 260, 103, 243], [""6/업"", 238, 29, 650], [""M03"", 254, 25, 657], [""2봉보"", 495, 102, 86], [""소보로"", 486, 127, 103], [""2025.06.05"", 455, 38, 344], [""2026.06.04"", 497, 31, 346], [""것있는 2속"", 501, 20, 472]]"
000424,2026,03,28,2026-03-28,s1,13 | 2001054954-20700 | 19720154001-458（早 | 개부추바로 드시오 | 반풍본사및70한곳 | -신선도 유지를 위해칭소8 8   | 8801044036078 | 2026.03.28 | 2A082227 | 역2정보,"[[""13"", 311, 58, 239], [""2001054954-20700"", 404, 27, 467], [""19720154001-458（早"", 418, 29, 466], [""개부추바로 드시오"", 473, 25, 437], [""반풍본사및70한곳"", 543, 24, 436], [""-신선도 유지를 위해칭소8 8  "", 556, 37, 433], [""8801044036078"", 636, 37, 508], [""2026.03.28"", 694, 37, 491], [""2A082227"", 708, 36, 493], [""역2정보"", 767, 32, 453]]"
000425,2025,11,05,2025-11-05,s1,소비기한 -듣는곳 N60logs | 2025.11.05 11:25 콘2시 | 2까지,"[[""N60logs"", 504, 66, 385], [""-듣는곳"", 494, 24, 329], [""콘2시"", 534, 64, 577], [""소비기한"", 522, 26, 109], [""2025.11.05 11:25"", 556, 27, 142], [""2까지"", 571, 22, 321]]"
000426,2026,12,26,2026-12-26,s1,1일//맛액젓은 | 100m39.33kca | 영양정보 | 79349ing40% | 糖0g0% | 2레스M를 Ong.0% | 소비기한 | 2026.12.26 F3,"[[""1일//맛액젓은"", 554, 25, 305], [""영양정보"", 706, 31, 257], [""100m39.33kca"", 703, 41, 399], [""79349ing40%"", 734, 30, 253], [""糖0g0%"", 755, 26, 259], [""2레스M를 Ong.0%"", 776, 29, 266], [""소비기한"", 838, 31, 259], [""2026.12.26 F3"", 859, 36, 326]]"
000427,2027,04,01,2027-04-01,s1,한2 | 참치 | 따라할수 0는 |  71% 원조의 과항 | 2027.04.01 ,"[[""한2"", 488, 47, 347], [""참치"", 621, 184, 227], [""따라할수 0는"", 716, 29, 329], ["" 71%"", 742, 47, 237], [""원조의 과항"", 736, 29, 331], [""2027.04.01 "", 812, 31, 314]]"
000428,2026,04,23,2026-04-23,s1,26.04.233 | 04:00 G1 FR-2,"[[""26.04.233"", 528, 37, 231], [""04:00 G1 FR-2"", 555, 32, 231]]"
000429,2026,01,04,2026-01-04,clahe,0미지 예 | CUP OF | RESPECT 1 0 . 생산하도록됩1 있습니다 | NESCAFE 01938- 021228 | 제품명 테이스터스 초이스 마일드 모키 식품유형/커피/업소0/2 | Vesoe 롯데네슬레코리아 주식회사/충청북/2청주시 흥/구백봉로2 | 00 | （181041500245 | MAA 2SU0 품질 보존을 위해 개봉 후에는 건조하고 서늘한 에 반드 .1 | 第2号086-730-5336 | E | 72mg itt | 2비/한 | 880 | 2026.01.04 41043184 | OT ER 6187365506:55 | VeS6. 021 82M2 외U9.T0d Fo0d.0oo U2-29 24 8N8 8N 08 4AN 020 23,"[[""0미지 예"", 176, 11, 415], [""CUP OF"", 278, 62, 130], [""0 ."", 302, 55, 272], [""RESPECT 1"", 324, 80, 116], [""생산하도록됩1 있습니다"", 318, 32, 327], [""NESCAFE 01938-"", 366, 32, 137], [""021228"", 363, 22, 553], [""제품명 테이스터스 초이스 마일드 모키"", 421, 36, 204], [""식품유형/커피/업소0/2"", 420, 29, 453], [""롯데네슬레코리아 주식회사/충청북/2청주시 흥/구백봉로2"", 444, 33, 203], [""Vesoe"", 447, 8, 134], [""00"", 469, 28, 208], [""（181041500245"", 494, 41, 198], [""품질 보존을 위해 개봉 후에는 건조하고 서늘한 에 반드 .1"", 517, 44, 204], [""MAA 2SU0"", 520, 9, 112], [""第2号086-730-5336"", 552, 13, 108], [""E"", 584, 18, 112], [""72mg"", 610, 20, 142], [""itt"", 627, 47, 202], [""2비/한"", 652, 20, 156], [""880"", 681, 21, 549], [""2026.01.04"", 702, 32, 234], [""41043184"", 699, 26, 553], [""OT ER"", 727, 22, 150], [""6187365506:55"", 720, 44, 230], [""23"", 774, 51, 199], [""VeS6."", 792, 13, 158], [""021 82M2 외U9.T0d Fo0d.0oo U2-29 24 8N8 8N 08 4AN 020"", 787, 40, 202]]"
000430,2028,02,01,2028-02-01,s1,카·식8 | 201002넷 悟：50g王妈：培 | 보관상주의.11 | 2028.02.01 CB | NET WT 50,"[[""카·식8"", 453, 36, 255], [""201002넷"", 478, 38, 251], [""悟：50g王妈：培"", 482, 29, 406], [""보관상주의.11"", 506, 32, 419], [""2028.02.01 CB"", 695, 27, 326], [""NET WT 50"", 711, 41, 451]]"
000431,2026,03,17,2026-03-17,s1,100% | 100%）：-只-P | （）198104150 | 하고 서늘한 곳에 보관 질소중전1 | 본0의한피보상 부정 불0식 | 1399 | 080-730-5336NESCAFEIsa 100ge | emlic | D | 유2 | 88010551780266 | 2026.03.17 23:33 | 40783657,"[[""100%"", 508, 34, 270], [""100%）：-只-P"", 530, 39, 268], [""（）198104150"", 552, 37, 269], [""하고 서늘한 곳에 보관 질소중전1"", 574, 33, 267], [""본0의한피보상 부정 불0식"", 597, 38, 260], [""1399"", 619, 34, 268], [""080-730-5336NESCAFEIsa"", 642, 25, 264], [""100ge"", 636, 31, 434], [""emlic"", 659, 24, 262], [""D"", 676, 27, 264], [""유2"", 744, 21, 441], [""88010551780266"", 758, 22, 276], [""2026.03.17"", 802, 23, 280], [""23:33"", 800, 29, 430], [""40783657"", 828, 29, 279]]"
000432,2027,04,28,2027-04-28,s1,1BREW PL US | SWEET BL AC K COFFEE | 스위트 블랙커 피1 | BR eWS 0보2 | TYlolxlolo | 0플2스 | 80 2027.04.28 | 80 STICKS 0.099 0Z. (2.8 g / 10 kcal) | STICKS NET WT. 7.920Z.(224 g /800 kcal),"[[""1BREW"", 328, 112, 210], [""PL US"", 359, 38, 473], [""SWEET BL AC K COFFEE"", 415, 32, 242], [""스위트 블랙커 피1"", 448, 29, 286], [""BR eWS 0보2"", 504, 82, 414], [""TYlolxlolo"", 652, 70, 220], [""0플2스"", 699, 45, 302], [""80"", 848, 55, 186], [""2027.04.28"", 822, 31, 287], [""80 STICKS 0.099 0Z. (2.8 g / 10 kcal)"", 856, 37, 253], [""STICKS"", 882, 20, 188], [""NET WT. 7.920Z.(224 g /800 kcal)"", 879, 34, 252]]"
000433,2026,08,05,2026-08-05,s1,유기농 가루녹차 | 50g 식품유형 2형 | 100%（) | 2 대포장.폴리로필렌 | 실은보관 | 저2원 (주)젠 |  80-23 | 卫202076 | 20 | M2026.08.05 | 2NG1.정.통 고 | 2 | M1580247室 | feazenmall.com,"[[""유기농 가루녹차"", 346, 30, 284], [""50g"", 376, 22, 289], [""식품유형"", 372, 29, 352], [""2형"", 372, 25, 394], [""100%（)"", 400, 29, 286], [""2"", 427, 30, 254], [""대포장.폴리로필렌"", 426, 32, 287], [""실은보관"", 452, 32, 289], [""저2원"", 474, 23, 254], [""(주)젠"", 477, 24, 292], ["" 80-23"", 502, 33, 289], [""卫202076"", 527, 42, 249], [""20"", 547, 33, 250], [""M2026.08.05"", 578, 49, 294], [""2NG1.정.통 고"", 661, 46, 260], [""2"", 744, 47, 261], [""feazenmall.com"", 808, 36, 292], [""M1580247室"", 794, 25, 333]]"
000434,2026,10,28,2026-10-28,s1,19830464030 | 포장재질 무경 내인)폴2역화비2 | 완28 기타과당.정제수.설탕.리고당.대추.국산대추추 | 국아카시아꿀 국산)셀룹로카라기난합성향(대추행.진단 | 절산칼.7연산 | 2대두 토마토복승아 혼입가능 소비자기본법에 따라 피해 보 | 전화주문 080433-88(오투기를) | ：080-024-231（早） | 소비기한1 | 2026.10.28 | 06:21,"[[""19830464030"", 443, 30, 242], [""포장재질 무경 내인)폴2역화비2"", 468, 22, 242], [""완28 기타과당.정제수.설탕.리고당.대추.국산대추추"", 491, 32, 241], [""국아카시아꿀 국산)셀룹로카라기난합성향(대추행.진단"", 512, 27, 241], [""절산칼.7연산"", 534, 31, 238], [""2대두 토마토복승아 혼입가능 소비자기본법에 따라 피해 보"", 561, 34, 241], [""전화주문 080433-88(오투기를)"", 626, 36, 240], [""：080-024-231（早）"", 648, 42, 255], [""소비기한1"", 709, 29, 239], [""2026.10.28"", 735, 32, 321], [""06:21"", 762, 25, 357]]"
000435,2026,07,14,2026-07-14,s1,제품명 식품 유 | 품목제조번호 | Pe/pP.종이 | 101-811 | 2026/07/14,"[[""제품명"", 338, 23, 237], [""식품 유"", 338, 20, 376], [""품목제조번호"", 361, 20, 231], [""Pe/pP.종이"", 451, 20, 303], [""101-811"", 542, 21, 302], [""2026/07/14"", 756, 37, 274]]"
000436,2026,02,12,2026-02-12,s1,J음우유 信 | 2026.02.12 뚜껑회전시내부 | 16:51 | 은발이개봉됩니다,"[[""信"", 16, 36, 228], [""J음우유"", 32, 66, 66], [""2026.02.12"", 439, 48, 247], [""16:51"", 464, 27, 253], [""뚜껑회전시내부"", 460, 33, 429], [""은발이개봉됩니다"", 485, 34, 423]]"
000437,2017,11,11,2017-11-11,s1,111117/1 | 뉴케어 | T103070500E | 25 1119 | OPENA,"[[""111117/1"", 26, 29, 445], [""뉴케어"", 390, 47, 218], [""T103070500E"", 425, 23, 311], [""25"", 441, 28, 284], [""1119"", 442, 28, 327], [""OPENA"", 560, 83, 220]]"
000438,2026,02,19,2026-02-19,s1,2026 02.19 12 08.56 | 388 2412288138852EH9,"[[""2026 02.19 12 08.56"", 502, 29, 259], [""388 2412288138852EH9"", 513, 30, 267]]"
000439,2026,03,18,2026-03-18,s1,소비기한 까지 0지2 | 41 - 05:23 | 2026. 03. 18 검은 早异卫合,"[[""소비기한"", 425, 30, 203], [""까지"", 427, 26, 319], [""0지2"", 439, 34, 446], [""41 - 05:23"", 450, 35, 220], [""검은"", 478, 43, 393], [""2026. 03. 18"", 477, 36, 220], [""早异卫合"", 486, 44, 476]]"
000440,2025,08,13,2025-08-13,s1,25.08.13까지 | 20ml时色客蛋6% 当（7.927% 13 NL | 02 | ANEUE(20로) 일 18,"[[""25.08.13까지"", 524, 30, 315], [""20ml时色客蛋6%"", 737, 38, 252], [""13"", 746, 59, 395], [""NL"", 744, 63, 422], [""当（7.927%"", 755, 44, 248], [""ANEUE(20로)"", 804, 42, 249], [""02"", 794, 37, 391], [""일 18"", 812, 23, 347]]"
000441,2025,12,12,2025-12-12,s1,6개 | 8.25%（卫 85mL×67H(510mL/510kcal) | 75%（60%） 2&배 Ereezer PoP 아0스주스 얼려먹는 | 2025.12.12,"[[""6개"", 287, 42, 167], [""8.25%（卫"", 387, 154, 158], [""85mL×67H(510mL/510kcal)"", 442, 263, 177], [""아0스주스"", 520, 252, 303], [""얼려먹는"", 518, 169, 366], [""Ereezer PoP"", 518, 103, 278], [""2&배"", 520, 66, 208], [""75%（60%）"", 608, 219, 159], [""2025.12.12"", 743, 52, 250]]"
000442,2025,11,30,2025-11-30,s1,AF&B | 21021-15 | 0소기한/용/하단표/까포장재질 | 00413 | 후냉장보관하/고바른시일 내에드세 | 0.1제품은소비자 분쟁해결 기준에 | 의거교환모보상을받을수있습니 | 2025.11.30 | 01 26 30 3A,"[[""AF&B"", 482, 44, 223], [""21021-15"", 507, 38, 219], [""0소기한/용/하단표/까포장재질"", 530, 35, 213], [""00413"", 576, 30, 234], [""후냉장보관하/고바른시일 내에드세"", 597, 30, 233], [""0.1제품은소비자 분쟁해결 기준에"", 620, 33, 236], [""의거교환모보상을받을수있습니"", 642, 41, 234], [""2025.11.30"", 828, 39, 339], [""01 26 30 3A"", 851, 46, 335]]"
000443,2026,04,06,2026-04-06,s1,요0요0 핑크풍 0상0 | 유기농 쌀과자 초록 | 손가각으로 과자 2는 소비기한 | 2026.04.0616:09A | 2을 수 있는 유/ 재료 4.2 | 유기 쌀로 만들 원료 안 | 소근을 운동을 고려한 모양설계 | 성장 필요한 영양  | 과의 건강한 단맛을 더해 | 더욱 맛있게! | 요0요미안십정보공개시스템 | 원재료부터생산까지투맹한생산과정 21 | 영양정보 #8#259 | ） 20060515035126 | （98%）异（）告告 보관방법 실은보관 총내용량당 기준/02 | LE号10mg | 号229 | 11-9 | 51 지방09 | 포화지방09 | 量0mg | 2含105mg | BEPIC15mg | 애2유업(주),"[[""요0요0"", 238, 55, 161], [""핑크풍 0상0"", 225, 34, 317], [""유기농 쌀과자 초록"", 252, 26, 318], [""소비기한"", 311, 24, 357], [""손가각으로 과자 2는"", 317, 37, 97], [""2026.04.0616:09A"", 348, 30, 375], [""4.2"", 395, 34, 669], [""2을 수 있는 유/ 재료"", 398, 24, 418], [""유기 쌀로 만들 원료 안"", 414, 22, 418], [""소근을 운동을 고려한 모양설계"", 435, 24, 419], [""성장 필요한 영양 "", 473, 26, 421], [""과의 건강한 단맛을 더해"", 512, 28, 421], [""더욱 맛있게!"", 530, 20, 425], [""요0요미안십정보공개시스템"", 548, 33, 422], [""원재료부터생산까지투맹한생산과정 21"", 565, 29, 423], [""영양정보"", 608, 42, 381], [""#8#259"", 590, 31, 523], [""）"", 634, 27, 87], [""20060515035126"", 622, 25, 216], [""（98%）异（）告告"", 654, 39, 85], [""보관방법 실은보관"", 639, 22, 217], [""총내용량당"", 642, 25, 384], [""기준/02"", 637, 29, 514], [""LE号10mg"", 664, 22, 384], [""号229"", 678, 20, 386], [""11-9"", 699, 38, 84], [""51"", 718, 48, 85], [""지방09"", 710, 20, 387], [""포화지방09"", 737, 22, 395], [""量0mg"", 752, 25, 387], [""2含105mg"", 783, 27, 385], [""BEPIC15mg"", 796, 25, 386], [""애2유업(주)"", 845, 41, 385]]"
000444,2026,07,01,2026-07-01,s1,유기농 1GMH | 시금치와 브로콜21 | 믿을 수 있는 유기농 재료 | 처응22 异100%别豆！ | 접하는아이를위란 구강구조와 식감을 고려한 설계 | 유기농쌀떡 입한에서 녹는 2식 2 진않   압으로 만들0 | 요0요0 안심정보 | 공개N1LE | 원재료부터생산까지투0인 | 생신과정 공개 | 유기능 801801#71午上室 | 9/2 | 시금치 | 소비기한 | 0기능 | 으 2 2026.07.01 | 영2정보 | 22/1.1 200603/812232 소0기한추시22 반품및교장/0원및구0 | 山三路10mg 02방 | 2中国量209 원재료명,"[[""유기농"", 196, 38, 363], [""1GMH"", 185, 24, 421], [""시금치와 브로콜21"", 222, 31, 382], [""믿을 수 있는 유기농 재료"", 269, 40, 429], [""异100%别豆！"", 288, 41, 430], [""처응22"", 308, 28, 262], [""구강구조와 식감을 고려한 설계"", 314, 40, 430], [""접하는아이를위란"", 326, 31, 248], [""2 진않   압으로 만들0"", 334, 37, 430], [""유기농쌀떡"", 347, 46, 240], [""입한에서 녹는 2식"", 349, 28, 433], [""요0요0 안심정보"", 376, 29, 436], [""공개N1LE"", 398, 37, 433], [""원재료부터생산까지투0인"", 421, 20, 437], [""생신과정 공개"", 436, 20, 439], [""유기능"", 490, 21, 331], [""801801#71午上室"", 481, 26, 413], [""9/2"", 504, 21, 319], [""시금치"", 526, 21, 245], [""소비기한"", 549, 27, 391], [""0기능"", 596, 22, 237], [""으 2"", 612, 24, 233], [""2026.07.01"", 609, 32, 469], [""영2정보"", 668, 37, 159], [""22/1.1"", 700, 41, 302], [""200603/812232 소0기한추시22"", 683, 48, 367], [""반품및교장/0원및구0"", 691, 46, 467], [""山三路10mg"", 718, 33, 180], [""02방"", 716, 31, 314], [""2中国量209"", 736, 32, 183], [""원재료명"", 736, 30, 314]]"
000445,2026,07,17,2026-07-17,s1,가 퍼지는 | 71 앤크림의 달=함1 | 쿠0크립2 | 2와1유가안나면 | 진한 | 몸에 좋은 25가지과 | 32 경1 성분 단백질은UP1 | 합/은 DOWN! | ↓담5 | 2 2백질 비타0D 8.33μg 칼슘 283mg | 83.ng | 영양설 | 29） | 420g | 769 23% | 17% | 포장재질 폴2에틸렌 | 2026.07.17 / 15:40 N. /81 | 11399 | 2025kellggCompany | 善o/www.kellogg.co.kr | 0로그페이지를클릭하시면제문에 | （（%）22.000kcal,"[[""가 퍼지는"", 65, 28, 454], [""71"", 84, 20, 429], [""앤크림의 달=함1"", 86, 39, 460], [""쿠0크립2"", 108, 26, 321], [""2와1유가안나면"", 122, 39, 463], [""진한"", 139, 30, 426], [""25가지과"", 174, 38, 475], [""몸에 좋은"", 178, 38, 426], [""32"", 238, 26, 163], [""경1 성분 단백질은UP1"", 246, 43, 455], [""↓담5"", 286, 34, 329], [""합/은 DOWN!"", 270, 41, 446], [""비타0D"", 362, 23, 412], [""칼슘"", 355, 22, 533], [""2"", 372, 33, 116], [""2백질"", 364, 21, 208], [""8.33μg"", 378, 23, 412], [""283mg"", 375, 33, 608], [""83.ng"", 382, 24, 310], [""영양설"", 417, 40, 106], [""29）"", 508, 26, 290], [""420g"", 534, 24, 534], [""769"", 568, 20, 155], [""23%"", 570, 20, 214], [""17%"", 600, 20, 215], [""포장재질 폴2에틸렌"", 655, 22, 242], [""2026.07.17 / 15:40"", 730, 27, 313], [""N. /81"", 731, 44, 547], [""11399"", 800, 28, 247], [""2025kellggCompany"", 813, 31, 247], [""善o/www.kellogg.co.kr"", 831, 26, 282], [""0로그페이지를클릭하시면제문에"", 844, 27, 283], [""（（%）22.000kcal"", 866, 33, 157]]"
000446,2026,04,11,2026-04-11,s1,2026-04.11n | 11 1국 HY DR ANGEA TEA | 32g0.8gx407H2） | 수국 22% | 꽃샘 수국차,"[[""2026-04.11n"", 374, 39, 400], [""1국"", 512, 157, 407], [""11"", 570, 64, 6], [""HY DR ANGEA TEA"", 596, 37, 420], [""32g0.8gx407H2）"", 768, 28, 164], [""수국 22%"", 788, 26, 167], [""꽃샘 수국차"", 945, 30, 161]]"
000447,2025,11,22,2025-11-22,s1,BUACK BARLEYTEA | 2025. 11.22,"[[""BUACK BARLEYTEA"", 93, 50, 408], [""2025. 11.22"", 361, 39, 277]]"
000448,2026,08,20,2026-08-20,s1,"영양정보 | 10mg1%全量17g5% | 48g89%三人0g空胎 | 量蛋5mg啦1% 65#2547% | 120J2021.1002 | 2026.08.20 8,98","[[""영양정보"", 440, 37, 264], [""10mg1%全量17g5%"", 471, 28, 264], [""48g89%三人0g空胎"", 496, 31, 264], [""量蛋5mg啦1%"", 522, 25, 262], [""65#2547%"", 520, 29, 356], [""120J2021.1002"", 544, 29, 305], [""8,98"", 572, 38, 636], [""2026.08.20"", 596, 39, 313]]"
000449,2026,01,28,2026-01-28,s1,000 | 28.01.2026 | BB L028K06--- 13:08 | 경양정보,"[[""000"", 252, 42, 7], [""28.01.2026"", 461, 30, 251], [""BB L028K06--- 13:08"", 486, 37, 246], [""경양정보"", 813, 48, 128]]"
000450,2026,03,11,2026-03-11,s1,쌀 카스테2 | OrY0U | (주)오2온 | hTTt.://W.o0r.oNW0rd.com | 소비 2025.09.12/13:18 부터 | 기한 2026.03.11/A 까지 | /스테라 H ACCP | 52,"[[""쌀"", 267, 82, 244], [""카스테2"", 287, 60, 295], [""OrY0U"", 394, 64, 485], [""(주)오2온"", 469, 24, 389], [""hTTt.://W.o0r.oNW0rd.com"", 485, 26, 389], [""2025.09.12/13:18"", 527, 30, 416], [""부터"", 522, 30, 577], [""소비"", 530, 25, 359], [""기한"", 556, 28, 359], [""2026.03.11/A"", 549, 28, 417], [""까지"", 547, 28, 577], [""/스테라"", 607, 75, 6], [""H ACCP"", 617, 25, 406], [""52"", 779, 104, 214]]"
000451,2026,02,27,2026-02-27,s1,Calbee | LIHEIAT | 떻게 만들0져요1 | 신선한 생감자 （） | 소비기한 후면표/일까지 | 포무재질콜어틸대인) | 제조원해태가루비주)제8 | 강원자치도원주시운막8 | 2SUC |  201603834281 | 3.신선한 /름에 .직사광선 및 습기찬 곳을 피하 | 제품은 공정거래위원회 고시에 의1 | 은토.계8.1우와 | 류를사용한 제품과2제조시 | 허U버터집을 보세21 녹색 가루은 파슬입니다 | 영양정보 | 25.08.28 F2 19:31 | 26.02.27 外x A1 0콤탈,"[[""Calbee"", 120, 29, 6], [""LIHEIAT"", 265, 44, 115], [""떻게 만들0져요1"", 291, 38, 128], [""（）"", 342, 29, 379], [""신선한 생감자"", 339, 26, 244], [""소비기한 후면표/일까지"", 372, 22, 383], [""포무재질콜어틸대인)"", 388, 23, 383], [""제조원해태가루비주)제8"", 404, 27, 382], [""강원자치도원주시운막8"", 420, 31, 382], [""2SUC"", 439, 26, 174], ["" 201603834281"", 470, 26, 385], ["".직사광선 및 습기찬 곳을 피하"", 486, 24, 385], [""3.신선한 /름에"", 498, 22, 234], [""제품은 공정거래위원회 고시에 의1"", 521, 22, 387], [""은토.계8.1우와"", 570, 30, 385], [""류를사용한 제품과2제조시"", 603, 32, 388], [""허U버터집을 보세21"", 686, 53, 130], [""녹색 가루은 파슬입니다"", 686, 39, 389], [""영양정보"", 715, 40, 129], [""25.08.28 F2 19:31"", 744, 46, 434], [""0콤탈"", 777, 72, 606], [""26.02.27 外x A1"", 762, 49, 432]]"
000452,2020,12,13,2020-12-13,rot180,A21 | 0N201213 | /2/ | 23 AY | OT 9 告 ） | AA2C | 福品元品,"[[""A21"", 258, 38, 23], [""0N201213"", 302, 20, 425], [""/2/"", 316, 19, 150], [""23"", 341, 16, 151], [""AY"", 338, 15, 313], [""OT 9"", 391, 60, 0], [""告"", 398, 19, 139], [""）"", 394, 21, 382], [""AA2C"", 643, 102, 86], [""福品元品"", 800, 26, 68]]"
000453,2026,01,26,2026-01-26,s1,EA2 100% | BanOriginal 제철행포카집 19870415003246 | 협행/지 혼합 포행)혼인가능-0 | 의한 피해보상.고객센터2 | 5700（）1522-4002 | 2025 | 1399·第于 | 실처원 보이는 것은 강 /2 | 卫外 | 영양정보 | 위한신품종2자 개발1 30 | L三暑95mz | 3000 168 5% 348 | 직접 농가를방문하야 1% 28 | 콤/한 품질 0까지 11元 | 트랜스지방08 | #438 | 다양한정보는 | 0R AC2 단백질 28 | 확1할 수있습니다 | 25.08.27 | 기한 26.01:26 부터 | 08:38C05 까지 8801117 260304,"[[""EA2"", 216, 111, 0], [""100%"", 262, 35, 330], [""BanOriginal"", 270, 33, 30], [""제철행포카집"", 287, 44, 310], [""19870415003246"", 292, 33, 461], [""협행/지"", 318, 72, 59], [""혼합 포행)혼인가능-0"", 333, 24, 466], [""의한 피해보상.고객센터2"", 364, 22, 467], [""5700（）1522-4002"", 380, 23, 468], [""2025"", 409, 48, 657], [""1399·第于"", 428, 35, 467], [""실처원 보이는 것은 강 /2"", 461, 28, 469], [""卫外"", 492, 27, 469], [""영양정보"", 526, 30, 475], [""위한신품종2자 개발1"", 561, 28, 243], [""30"", 564, 39, 474], [""3000"", 593, 35, 203], [""L三暑95mz"", 585, 22, 477], [""직접 농가를방문하야"", 612, 27, 218], [""168"", 604, 21, 479], [""5%"", 601, 22, 579], [""348"", 602, 25, 599], [""콤/한 품질 0까지"", 634, 35, 242], [""1%"", 620, 20, 581], [""28"", 619, 20, 603], [""11元"", 644, 22, 478], [""트랜스지방08"", 662, 21, 489], [""#438"", 682, 23, 488], [""다양한정보는"", 699, 30, 256], [""0R AC2"", 718, 31, 254], [""단백질 28"", 721, 24, 478], [""확1할 수있습니다"", 738, 30, 254], [""25.08.27"", 778, 33, 232], [""기한"", 801, 28, 170], [""26.01:26"", 794, 33, 233], [""부터"", 794, 23, 365], [""08:38C05"", 810, 33, 231], [""까지"", 821, 22, 364], [""8801117 260304"", 822, 41, 499]]"
000454,2025,07,15,2025-07-15,s1,T82626.0114 | 2025.0715 | DONOWON | 양반 | 대한민국 좋은원초에들/름향0그0한 | NO.1 | 양반김 들기/름김 | 양반철학 | 재료가살0야 | 맛0 산다 | 3 봉,"[[""T82626.0114"", 214, 32, 437], [""2025.0715"", 244, 31, 437], [""DONOWON"", 268, 31, 536], [""양반"", 331, 90, 267], [""대한민국"", 398, 23, 13], [""좋은원초에들/름향0그0한"", 414, 33, 213], [""NO.1"", 429, 42, 14], [""들기/름김"", 488, 107, 178], [""양반김"", 468, 45, 14], [""양반철학"", 759, 23, 67], [""재료가살0야"", 778, 33, 48], [""맛0 산다"", 796, 36, 61], [""3"", 873, 60, 76], [""봉"", 892, 22, 123]]"
000455,2026,02,10,2026-02-10,s1,2025.08:11(10:46) | 2026.02.10 | 1UONe | A12,"[[""2025.08:11(10:46)"", 422, 29, 469], [""2026.02.10"", 447, 26, 472], [""1UONe"", 866, 27, 0], [""A12"", 939, 40, 168]]"
000456,2025,12,26,2025-12-26,s1,대한민국 全H2025.12.26A | NO. 1반김 孙至2025.06.27T 10VON | 양반 | 00 명장/ 엄선활 원초로 잘 지지 않는 | 2김밥김 R0ASTed GiMbAP LAVer | 국산김/전장김10 2 | 100%/22g(75 21,"[[""대한민국"", 217, 20, 71], [""全H2025.12.26A"", 218, 28, 528], [""NO."", 244, 35, 71], [""1반김"", 244, 45, 154], [""孙至2025.06.27T"", 246, 33, 526], [""10VON"", 236, 30, 647], [""양반"", 294, 89, 324], [""00"", 360, 30, 99], [""명장/ 엄선활 원초로 잘 지지 않는"", 376, 34, 236], [""2김밥김"", 462, 162, 199], [""R0ASTed GiMbAP LAVer"", 538, 23, 289], [""국산김/전장김10"", 894, 30, 517], [""2"", 898, 33, 679], [""100%/22g(75"", 915, 22, 518], [""21"", 920, 36, 672]]"
000457,2026,06,18,2026-06-18,s1,2026.06.18外 김원초가두꺼워부드럽게찰말리고 질기지 0고 바작한 | O 지도표두번구운김밥김 | 인8.. 召 100 %  | 21 g  (80.CA (10) | 9 성경식품 SEAWEED(韓国海衣 LAVER)100 %,"[[""2026.06.18外"", 313, 22, 90], [""김원초가두꺼워부드럽게찰말리고"", 478, 347, 458], [""질기지 0고 바작한"", 496, 384, 490], [""O"", 825, 62, 137], [""지도표두번구운김밥김"", 817, 30, 518], [""인8.."", 843, 42, 141], [""召 100 % "", 838, 27, 596], [""21 g "", 870, 46, 528], [""(10)"", 858, 29, 613], [""(80.CA"", 874, 27, 591], [""9 성경식품"", 896, 33, 246], [""SEAWEED(韓国海衣 LAVER)100 %"", 902, 30, 453]]"
000458,2026,07,01,2026-07-01,s1,"H AEPY 0 해표 LAV ER | 2026.07.01弄 | 2025.07.02 30년 전통방식 그대로 | 더고소한김 | 김밥김 | , 20 g(75 kcal) I  10 | 召）100%","[[""해표"", 564, 53, 287], [""H AEPY 0"", 576, 27, 164], [""LAV ER"", 582, 20, 437], [""2026.07.01弄"", 610, 25, 68], [""2025.07.02"", 627, 23, 69], [""30년 전통방식 그대로"", 633, 38, 231], [""더고소한김"", 694, 105, 144], [""김밥김"", 772, 72, 251], ["", 20 g(75 kcal) I  10"", 874, 35, 90], [""召）100%"", 905, 31, 92]]"
000459,2026,01,19,2026-01-19,s1,"농협 철원오대쌀 0 AUN ONT DT  | 0 10 (150 g,13g) | 난곡물 7.29% 9.5% 01 국/1 | 人 | 426.01.19 2 2 | 시2기  | 1루 2또는 보상2 | 부장 블 | 습니다. | 163390kcal | 元202%/内2194%#00 | 量0mg0%8g15%","[[""농협"", 214, 48, 229], [""0"", 312, 261, 470], [""철원오대쌀"", 288, 186, 424], [""AUN ONT DT "", 276, 159, 588], [""0"", 456, 42, 6], [""난곡물"", 499, 58, 0], [""10"", 476, 24, 58], [""(150 g,13g)"", 476, 22, 496], [""9.5%"", 493, 24, 500], [""01"", 493, 28, 677], [""7.29%"", 509, 22, 492], [""국/1"", 508, 25, 679], [""人"", 525, 24, 679], [""426.01.19"", 544, 23, 153], [""2"", 549, 42, 470], [""2"", 556, 21, 521], [""시2기 "", 572, 21, 677], [""1루"", 625, 102, 0], [""2또는 보상2"", 618, 21, 675], [""부장 블"", 666, 28, 674], [""습니다."", 694, 24, 0], [""163390kcal"", 773, 22, 441], [""元202%/内2194%#00"", 806, 22, 444], [""量0mg0%8g15%"", 820, 25, 439]]"
000460,2025,12,03,2025-12-03,s1,농합 | 3년.4 | 21 | 2025.12.03 | 방순희 | 고진한 풍0 용도 | 미역국.2나물국2치개.육개장 등한우의 깊은 맛과 | 사용하여 채소의 갈한 맛이 필요한 각종. 국물.부음.조림 요리 등에 사용하세요 | 있습니다. 보관방법 | 고온다습.직사광선을 피하여 건조하고 서늘한 곳에 | 깔끔. 맛 ※개봉한 후밀봉하시면이물 등의 혼업과 | 사용방법 | 의비법 재료! | 2분말0 | 여줍니다. 간을 맞추시는 것이 좋습니다 | 내용량 1k9 | 식품유형 복합조0식품,"[[""농합"", 22, 43, 563], [""3년.4"", 58, 42, 553], [""21"", 338, 85, 3], [""2025.12.03"", 466, 29, 340], [""방순희"", 494, 29, 341], [""고진한 풍0"", 548, 41, 0], [""용도"", 538, 23, 358], [""미역국.2나물국2치개.육개장 등한우의 깊은 맛과"", 568, 23, 247], [""사용하여"", 593, 30, 0], [""채소의 갈한 맛이 필요한 각종. 국물.부음.조림 요리 등에 사용하세요"", 588, 32, 208], [""있습니다."", 619, 31, 0], [""보관방법"", 619, 28, 344], [""고온다습.직사광선을 피하여 건조하고 서늘한 곳에"", 648, 31, 255], [""깔끔. 맛"", 694, 33, 0], [""※개봉한 후밀봉하시면이물 등의 혼업과"", 688, 35, 270], [""사용방법"", 736, 32, 345], [""의비법 재료!"", 752, 31, 0], [""2분말0"", 780, 28, 0], [""여줍니다."", 808, 31, 0], [""간을 맞추시는 것이 좋습니다"", 802, 32, 313], [""내용량"", 860, 32, 376], [""1k9"", 854, 25, 455], [""식품유형"", 882, 32, 77], [""복합조0식품"", 878, 36, 172]]"
000461,2026,11,28,2026-11-28,s1,농협한식된장 식품유형 | 품질/지기한 별 | （CH100%，）43.5% | ）13.8% 대투함유 | 영월/협가공사업소강자치도1월2특연원 | 66 | 보2방법 1 | 01399 | 2026.11.28 8801448531253,"[[""농협한식된장"", 454, 20, 273], [""식품유형"", 453, 24, 407], [""품질/지기한 별"", 468, 24, 401], [""（CH100%，）43.5%"", 488, 29, 276], [""）13.8%"", 508, 30, 277], [""대투함유"", 506, 21, 499], [""영월/협가공사업소강자치도1월2특연원"", 528, 28, 272], [""66"", 544, 23, 209], [""보2방법 1"", 592, 23, 212], [""01399"", 636, 28, 197], [""2026.11.28"", 692, 39, 241], [""8801448531253"", 698, 29, 439]]"
000462,2027,05,27,2027-05-27,s1,육수에21분릉 2치가득 국내산바지락 | 연출/미지 | 2맛았는 욕수를 내는 2요 | 핵심 재료를 한2 | M가 데를 원 로 됐 바지락.떻치92% | 2（12起） 32 | 量300~350ml 1분립으로 완경항 | ） | 2여줍니다 국물을 우려줍니다. 시작해보세요 | 2027.05.27 H26 A2 | 80g | 영양정보,"[[""국내산바지락"", 166, 27, 398], [""육수에21분릉"", 190, 63, 196], [""2치가득"", 182, 24, 409], [""연출/미지"", 220, 27, 470], [""2맛았는 욕수를 내는 2요"", 272, 31, 63], [""핵심 재료를 한2"", 289, 25, 79], [""바지락.떻치92%"", 301, 51, 383], [""M가 데를 원 로 됐"", 333, 23, 63], [""32"", 368, 56, 386], [""2（12起）"", 408, 28, 67], [""1분립으로 완경항"", 484, 29, 414], [""量300~350ml"", 504, 23, 90], [""）"", 518, 28, 79], [""시작해보세요"", 512, 23, 438], [""2여줍니다"", 531, 23, 102], [""국물을 우려줍니다."", 524, 26, 256], [""2027.05.27 H26 A2"", 616, 50, 368], [""80g"", 654, 34, 494], [""영양정보"", 680, 32, 337]]"
000463,2027,02,01,2027-02-01,s1,열림1 단 | 단힘 2 | 영양정보 | 서2 제조원20 500 03백설 | 고기2 한1 보고번호 소비기한 하단표기 일까지 20020464088-34 소불고7 | 100 % | 조2 22 국산배N사1 | 500g | (925 kcall  장소전국00 | 1kg号 | 2027.02.1 22 | 05:31 AB6  | H13.2%营号,"[[""열림1"", 141, 30, 420], [""단"", 134, 36, 562], [""단힘"", 163, 31, 96], [""2"", 153, 26, 212], [""03백설"", 328, 88, 557], [""영양정보"", 307, 26, 176], [""서2"", 330, 55, 0], [""500"", 325, 24, 382], [""제조원20"", 354, 35, 245], [""고기2"", 412, 110, 0], [""한1"", 394, 24, 185], [""소비기한 하단표기 일까지"", 396, 28, 246], [""소불고7"", 426, 101, 505], [""보고번호"", 429, 27, 248], [""20020464088-34"", 431, 24, 311], [""100 %"", 530, 51, 501], [""국산배N사1"", 556, 48, 495], [""조2"", 551, 26, 141], [""22"", 558, 31, 201], [""500g"", 574, 29, 143], ["" 장소전국00"", 596, 42, 251], [""(925 kcall"", 594, 34, 125], [""1kg号"", 610, 37, 125], [""2027.02.1"", 648, 30, 287], [""22"", 637, 22, 444], [""05:31"", 665, 20, 313], [""AB6 "", 656, 20, 422], [""H13.2%营号"", 691, 44, 620]]"
000464,2026,03,19,2026-03-19,s1,2026.03.1972319812 | 2내2 22들 바로먹는 | 62 (285 kcal)X67H | mall 8801045572342 | 57264 | 23 ay 23 2UV,"[[""2026.03.1972319812"", 451, 66, 339], [""바로먹는"", 558, 68, 360], [""22들"", 582, 23, 292], [""62"", 605, 28, 443], [""(285 kcal)X67H"", 590, 55, 482], [""2내2"", 612, 201, 15], [""8801045572342"", 694, 56, 416], [""57264"", 732, 76, 419], [""mall"", 770, 41, 51], [""2UV"", 838, 129, 460], [""23"", 882, 38, 400], [""23"", 926, 39, 174], [""ay"", 864, 159, 309]]"
000465,2027,07,30,2027-07-30,s1,20 23 2누들 | EL 03 | 쌀 | 2 | 陪&& O1LNAH.LOV ANI.N JNIT lol2lo /A2 2027/07/30 hhy% 00Lhl2号ly高是兰 UUNLV | L31S 0탈 | 5-62是50,"[[""2누들"", 54, 88, 424], [""20"", 73, 75, 289], [""23"", 100, 27, 459], [""EL 03"", 115, 68, 8], [""쌀"", 306, 77, 500], [""ANI.N JNIT"", 479, 212, 189], [""lol2lo"", 483, 232, 255], [""2"", 409, 56, 395], [""O1LNAH.LOV"", 478, 161, 166], [""/A2"", 482, 122, 293], [""hhy% 00Lhl2号ly高是兰"", 494, 159, 499], [""陪&&"", 470, 92, 64], [""UUNLV"", 505, 45, 540], [""2027/07/30"", 552, 23, 344], [""L31S"", 574, 24, 343], [""0탈"", 587, 26, 680], [""5-62是50"", 613, 22, 660]]"
000466,2027,06,07,2027-06-07,s1,2 | 산모8 /놀기 | 종은원초만을 엄1하/위적 | 민고드수있는 우수한제니다 1209 | Lio号：120g | 기족의 행복을 위한 바른먹거 | 고객을 가족 처럼 | (주)두레 F&D | 2027.06.07.X,"[[""2"", 149, 310, 229], [""산모8 /놀기"", 386, 21, 350], [""종은원초만을 엄1하/위적"", 408, 38, 250], [""1209"", 416, 33, 616], [""민고드수있는 우수한제니다"", 429, 36, 265], [""Lio号：120g"", 546, 57, 301], [""기족의 행복을 위한 바른먹거"", 696, 56, 194], [""고객을 가족 처럼"", 726, 26, 320], [""(주)두레"", 744, 28, 320], [""F&D"", 740, 27, 411], [""2027.06.07.X"", 805, 36, 364]]"
000467,2025,12,26,2025-12-26,s1,GHANA 행복사서항 | 070-4567-5050 | 25.12. 26 A2 | 22/Y 1 | 01 | 1ol2 0098006961 YOV N2 22 | Y2 | 21 K0 3/ %00L6 | 2 01 02 B2 20 10 0/0 %8E68兰%Z1668暑停 行品2000(%) | 2 22 %66丽 | 0 2A-A2 Ho N  0  0909-120-080828/2N %S 60,"[[""GHANA 행복사서항"", 230, 25, 362], [""070-4567-5050"", 270, 25, 152], [""25.12. 26 A2"", 384, 37, 282], [""22/Y"", 454, 58, 301], [""YOV N2"", 600, 269, 275], [""1"", 470, 24, 325], [""01"", 484, 20, 303], [""0098006961"", 536, 103, 188], [""22"", 530, 51, 299], [""1ol2"", 548, 41, 167], [""Y2"", 638, 57, 168], [""3/"", 701, 112, 383], [""%8E68兰%Z1668暑停"", 783, 272, 438], [""%00L6"", 729, 160, 467], [""行品2000(%)"", 786, 279, 504], [""21"", 686, 24, 220], [""K0"", 737, 22, 286], [""02"", 755, 24, 283], [""20"", 756, 25, 303], [""0/0"", 756, 41, 343], [""2"", 763, 26, 242], [""01"", 770, 21, 286], [""B2"", 800, 37, 286], [""10"", 802, 21, 307], [""%66丽"", 842, 118, 485], [""22"", 830, 42, 301], [""0909-120-080828/2N"", 882, 151, 394], [""2"", 831, 41, 279], [""Ho"", 884, 82, 287], [""N "", 890, 87, 305], [""0"", 870, 28, 228], [""2A-A2"", 882, 54, 259], [""0 "", 896, 94, 326], [""%S 60"", 918, 53, 487]]"
000468,2026,04,06,2026-04-06,s1,4.3 | 인7 원지. | P10062025 | 06042026,"[[""4.3"", 78, 54, 659], [""인7 원지."", 669, 34, 402], [""P10062025"", 750, 34, 386], [""06042026"", 770, 33, 365]]"
000469,2026,07,21,2026-07-21,s1,YUMMY GUMM22s | Everythingin 1 pack | E3 eVeN MOre ThAN Por1eCT | PiC Up byYour TasTe | 2026.07.21,"[[""YUMMY GUMM22s"", 479, 24, 124], [""Everythingin 1 pack"", 499, 31, 123], [""E3 eVeN MOre ThAN Por1eCT"", 514, 33, 123], [""PiC Up byYour TasTe"", 531, 31, 123], [""2026.07.21"", 736, 33, 470]]"
000470,2026,08,06,2026-08-06,s1,1.OR/0ON | 영정보 70 | 215kcal 후면 표/지...월1.2) | 221 | 全封量52 | 量3g 2설탕D-소비통액0료 | 0 0% | E0 M9 0% | 청색소 유화제2종 블캐류/축역 | 태지1 | 품목보고번호 20110484438 | 2.쇠고기2 가능 고객지원센터 | E법에 의한 피해노장 | 22상정및 | 2.부정. | 1삼키지않도록주0하 | 26.08.06D | 후빨2드시오,"[[""1.OR/0ON"", 195, 96, 318], [""영정보"", 342, 26, 165], [""70"", 338, 24, 210], [""215kcal"", 352, 27, 223], [""후면 표/지...월1.2)"", 355, 24, 403], [""全封量52"", 394, 21, 157], [""221"", 384, 24, 405], [""量3g"", 426, 20, 160], [""2설탕D-소비통액0료"", 435, 26, 404], [""0"", 474, 24, 161], [""0%"", 475, 20, 252], [""E0 M9"", 492, 26, 168], [""0%"", 492, 23, 250], [""청색소 유화제2종 블캐류/축역"", 520, 27, 352], [""태지1"", 540, 27, 459], [""품목보고번호"", 556, 20, 356], [""20110484438"", 558, 23, 425], [""2.쇠고기2 가능"", 572, 27, 176], [""E법에 의한 피해노장"", 589, 24, 177], [""고객지원센터"", 583, 20, 355], [""22상정및"", 606, 23, 220], [""2.부정."", 622, 23, 204], [""1삼키지않도록주0하"", 653, 27, 164], [""26.08.06D"", 687, 24, 378], [""후빨2드시오"", 714, 24, 156]]"
000471,2027,01,08,2027-01-08,s1,들는곳 | 2年 | 판매원 | 01个号607-12 | 전남 완도군 완도읍 | 농공단/ 52 | 하단 표시2까지 | :20253 | 2027.01.08F3.058,"[[""들는곳"", 138, 31, 388], [""2年"", 288, 30, 90], [""판매원"", 548, 24, 97], [""01个号607-12"", 618, 27, 206], [""전남 완도군 완도읍"", 632, 29, 180], [""농공단/ 52"", 641, 27, 98], [""하단 표시2까지"", 670, 26, 184], ["":20253"", 803, 29, 369], [""2027.01.08F3.058"", 822, 25, 320]]"
000472,2026,01,01,2026-01-01,s1,21 | 추위야 | 号1 | /210g | (779.1kcal) | 13.19 | 2026 01.1지,"[[""21"", 650, 41, 407], [""추위야"", 674, 51, 419], [""号1"", 725, 30, 472], [""/210g"", 742, 29, 282], [""(779.1kcal)"", 762, 26, 306], [""13.19"", 781, 27, 252], [""2026 01.1지"", 824, 31, 229]]"
000473,2026,03,01,2026-03-01,hires,25%30 | 325keal) | 고소함이 가득! | 75g | 94051 보11 | 01 0 | 2026.03.01 22 22 합/21 00 | 2 3 /2/목수수 | 1 | 22 | 160g | 지방 랜스지방 포화지방 콜레스테를 단백질 号：1211530 | 0류 | 8% 20% 09 32 % / ( 0% 16 % )/160g(694kca | 18g 11 g 5r 0.ng 99 | 준 0로 개의 필요 량 따라 다를 0 | 000 | 2026.05,"[[""25%30"", 370, 406, 878], [""325keal)"", 516, 41, 627], [""고소함이 가득!"", 592, 68, 1078], [""75g"", 706, 37, 1126], [""94051"", 723, 29, 1106], [""보11"", 722, 23, 1199], [""2026.03.01"", 754, 59, 1067], [""01"", 737, 20, 1199], [""22"", 750, 8, 1206], [""22"", 748, 20, 1234], [""0"", 742, 10, 1270], [""합/21"", 756, 17, 1315], [""/2/목수수"", 782, 31, 1344], [""00"", 764, 11, 1362], [""3"", 774, 8, 1326], [""2"", 782, 7, 1302], [""1"", 807, 6, 932], [""22"", 973, 278, 463], [""160g"", 1388, 19, 441], [""0류"", 1431, 24, 517], [""지방 랜스지방 포화지방 콜레스테를 단백질"", 1428, 27, 578], [""号：1211530"", 1432, 33, 929], [""32 % / ("", 1466, 31, 700], [""0%"", 1466, 31, 767], [""8%"", 1468, 27, 521], [""20%"", 1468, 28, 571], [""16 %"", 1466, 29, 835], [""09"", 1478, 30, 640], ["")/160g(694kca"", 1493, 46, 930], [""18g"", 1496, 23, 513], [""11 g"", 1494, 25, 574], [""5r"", 1493, 20, 710], [""0.ng"", 1494, 27, 768], [""99"", 1494, 27, 840], [""000"", 1530, 11, 515], [""준 0로 개의 필요 량 따라 다를"", 1528, 22, 573], [""0"", 1528, 9, 786], [""2026.05"", 1595, 36, 640]]"
000474,2025,06,25,2025-06-25,s1,폴2셔스 | 卫 | 2양정보 | E700%BE2c300m300% | 25.06.25 A,"[[""폴2셔스"", 52, 107, 215], [""卫"", 568, 36, 238], [""2양정보"", 643, 24, 246], [""E700%BE2c300m300%"", 674, 31, 273], [""25.06.25 A"", 726, 39, 296]]"
000475,2030,07,26,2030-07-26,s1,02 | eClUpse XEE4 | -00pse | BE ST BEF 0RE | 30/07/26B19 | 5069870 930249 8-2-0345-22 1125-4,"[[""eClUpse"", 143, 170, 466], [""02"", 90, 31, 686], [""XEE4"", 115, 35, 667], [""-00pse"", 314, 144, 504], [""BE ST BEF 0RE"", 550, 34, 322], [""30/07/26B19"", 579, 34, 325], [""5069870 930249 8-2-0345-22 1125-4"", 615, 24, 283]]"
000476,2026,07,06,2026-07-06,s1,Pried | 1.650 7rd | 2N5 0.53% | 05 | 2026.07.06,"[[""Pried"", 171, 20, 382], [""7rd"", 183, 30, 424], [""1.650"", 228, 35, 18], [""2N5"", 305, 41, 4], [""0.53%"", 286, 39, 340], [""05"", 301, 52, 345], [""2026.07.06"", 834, 28, 302]]"
000477,2026,07,21,2026-07-21,s1,"사광선을 피하여 온도.습도가 낮은 | 월보관해주시고개봉후가급적 | 2드십시오 | 13 | 청포도 승아.우유.대두.돼지고기.2 | 동중변집은구업점 | 서항상 2해 드립U다 | （） 1죽는고운아음.안버리는 | EN13宝188 영양정보 총내용량 595kcal | 2L710415034748 三号20mg | 후2기까지:(21.1.2 149g 46% | 1.94%（号68%）, 121g 121% | 향 1전문1제.정제 트랜스지방09 | 수치자청색소삼1색소 포화지방 09 | 0mg 0% | 20 살키지 않도록 주의하세요 난백질09 0% | 1반봉지가 나오는 경우가 있2으나 | 중량에는 차0가 없습니다 | 20웰푸드 080-024-6060 880106200952 | htp/ww.otelfod.com | 2026.07.21","[[""사광선을 피하여 온도.습도가 낮은"", 218, 42, 391], [""월보관해주시고개봉후가급적"", 236, 39, 387], [""2드십시오"", 248, 28, 387], [""청포도"", 291, 104, 171], [""13"", 272, 41, 385], [""승아.우유.대두.돼지고기.2"", 289, 38, 387], [""동중변집은구업점"", 333, 41, 386], [""서항상 2해 드립U다"", 349, 40, 385], [""1죽는고운아음.안버리는"", 368, 44, 384], [""（）"", 367, 27, 219], [""EN13宝188"", 422, 21, 205], [""영양정보"", 426, 35, 383], [""총내용량"", 423, 23, 462], [""595kcal"", 441, 27, 489], [""2L710415034748"", 454, 23, 180], [""후2기까지:(21.1.2"", 470, 23, 197], [""三号20mg"", 469, 31, 386], [""149g"", 488, 27, 383], [""46%"", 493, 22, 519], [""1.94%（号68%）,"", 502, 25, 196], [""121g"", 506, 27, 392], [""121%"", 510, 24, 517], [""향 1전문1제.정제"", 538, 23, 188], [""트랜스지방09"", 544, 27, 388], [""수치자청색소삼1색소"", 554, 25, 182], [""포화지방 09"", 561, 28, 389], [""0mg"", 580, 29, 382], [""0%"", 582, 24, 536], [""20 살키지 않도록 주의하세요"", 599, 28, 146], [""난백질09"", 598, 29, 381], [""0%"", 600, 21, 537], [""1반봉지가 나오는 경우가 있2으나"", 618, 25, 148], [""중량에는 차0가 없습니다"", 636, 28, 151], [""20웰푸드"", 696, 32, 114], [""080-024-6060"", 689, 20, 199], [""htp/ww.otelfod.com"", 715, 25, 189], [""880106200952"", 716, 22, 433], [""2026.07.21"", 774, 43, 398]]"
000478,2026,06,11,2026-06-11,s1,"4,800 | 26.06.11 A","[[""4,800"", 39, 52, 583], [""26.06.11 A"", 512, 51, 265]]"
000479,2026,05,22,2026-05-22,s1,OWN우 | R0LL TYPE 소비기한 | COO K IES | 9EUR OPEAN 2 2026. 05. 22 | REMUM COOK IES 까지 | M ARENC0,"[[""OWN우"", 530, 41, 62], [""소비기한"", 572, 28, 408], [""R0LL TYPE"", 583, 20, 286], [""COO K IES"", 596, 23, 299], [""9EUR OPEAN 2"", 645, 22, 242], [""2026. 05. 22"", 646, 23, 436], [""REMUM COOK IES"", 661, 26, 237], [""까지"", 674, 27, 609], [""M ARENC0"", 696, 46, 194]]"
000480,2026,07,21,2026-07-21,s1,026.07.21 左孔外车4.5%品 | 2ERO | 02 | 1A2 V/NVNY ReV DUN PAUSTN Je6 | 한장소구점 | 3OC 0하에서낮은 습도로 보관 | 정상표0에기포가발생수 | 2정보 | 300g（50g | 12（50g）95k | #33g | 台R59 | 20g | 0% | 1809 0% 1802259021360 | 10 g | 2% | （）2000kcal | 2026.06.04 | 롯데웰푸드,"[[""左孔外车4.5%品"", 26, 51, 456], [""026.07.21"", 31, 40, 404], [""2ERO"", 283, 51, 367], [""02"", 336, 53, 407], [""1A2 V/NVNY"", 376, 41, 417], [""ReV DUN PAUSTN Je6"", 381, 46, 445], [""한장소구점"", 443, 23, 128], [""3OC 0하에서낮은 습도로 보관"", 483, 25, 130], [""정상표0에기포가발생수"", 512, 23, 129], [""2정보"", 550, 23, 129], [""300g（50g"", 566, 24, 142], [""12（50g）95k"", 581, 26, 169], [""#33g"", 627, 24, 128], [""台R59"", 658, 24, 130], [""20g"", 674, 25, 129], [""0%"", 687, 20, 252], [""1809"", 720, 26, 130], [""0%"", 719, 20, 254], [""1802259021360"", 722, 22, 406], [""10 g"", 736, 25, 131], [""2%"", 748, 21, 254], [""（）2000kcal"", 766, 23, 132], [""2026.06.04"", 786, 35, 412], [""롯데웰푸드"", 816, 20, 143]]"
000481,2026,03,09,2026-03-09,s1,EXP 2026.03.09,"[[""EXP 2026.03.09"", 512, 125, 132]]"
000482,2019,11,13,2019-11-13,s1,202.191113수시7 | NC 2  | T1O | FRIEN | 00 | 초2예 2 / | 4분 0K,"[[""202.191113수시7"", 197, 22, 190], [""2 "", 226, 46, 416], [""NC"", 244, 44, 364], [""FRIEN"", 272, 48, 349], [""T1O"", 254, 23, 424], [""00"", 479, 52, 681], [""2 /"", 570, 26, 556], [""초2예"", 580, 23, 345], [""4분 0K"", 587, 22, 557]]"
000483,2027,04,15,2027-04-15,s1,AU22 | 2027.04.15-306743/M,"[[""AU22"", 268, 35, 394], [""2027.04.15-306743/M"", 506, 49, 169]]"
000484,2027,11,14,2027-11-14,s1,EXP:2027.11.14 | 20 | 사조대,"[[""EXP:2027.11.14"", 567, 24, 355], [""20"", 617, 26, 269], [""사조대"", 650, 20, 303]]"
000485,2027,09,17,2027-09-17,s1,URT 22 J0 S7 | EXP : 2027-09--17,"[[""J0 S7"", 68, 53, 572], [""URT"", 114, 68, 267], [""22"", 96, 37, 571], [""EXP : 2027-09--17"", 530, 41, 253]]"
000486,2020,02,03,2020-02-03,hires,UN0 0 01A 9461 3/2/20 2 | % 6-88c 6 0 9757-0 10,"[[""01A"", 827, 116, 406], [""2"", 831, 56, 1124], [""9461 3/2/20"", 972, 307, 635], [""UN0"", 994, 276, 175], [""0"", 1012, 327, 444], [""% 6-88c 6 0"", 1090, 257, 1097], [""10"", 1111, 20, 1243], [""9757-0"", 1146, 64, 1236]]"
000487,2027,12,11,2027-12-11,s1,202712.11 | F4 17.29 대만 | 61,"[[""202712.11"", 586, 32, 291], [""F4 17.29 대만"", 612, 35, 284], [""61"", 908, 49, 17]]"
000488,2026,02,27,2026-02-27,s1,맛밤 아무것도넣지2은 100% | 소비기한 |후면표//2까지 | 교환장소 구입처 및 대2 | 보관방법 직사장선을 피하고실은보관 | 식품 유 1AN G S AN UY UAN | 제조 INDUSTHIALCOLID | 씨제0제업제당(주) | 수입판대원 330 | 트십시오.개8 후에는 첨거 변집되오니가 | U0.포장지가 파2되어 있는 경우드시지 | 마십N오-봉지제로전자레인지에1지 | 22 정보 36g/60kcal | 个型量14g4% | 网盟0591 四弄4g4% | 1g2% | 2026.02.2777F,"[[""맛밤"", 257, 50, 247], [""아무것도넣지2은"", 244, 26, 338], [""100%"", 259, 32, 338], [""소비기한"", 295, 23, 258], [""|후면표//2까지"", 287, 33, 319], [""구입처 및 대2"", 308, 31, 323], [""교환장소"", 321, 27, 261], [""직사장선을 피하고실은보관"", 344, 31, 322], [""보관방법"", 355, 32, 265], [""식품 유"", 372, 34, 264], [""1AN G S AN UY UAN"", 374, 31, 327], [""제조"", 393, 30, 274], [""INDUSTHIALCOLID"", 388, 29, 329], [""씨제0제업제당(주)"", 405, 24, 331], [""수입판대원"", 423, 33, 269], [""330"", 420, 25, 330], [""트십시오.개8 후에는 첨거 변집되오니가"", 517, 42, 269], [""U0.포장지가 파2되어 있는 경우드시지"", 565, 39, 276], [""마십N오-봉지제로전자레인지에1지"", 581, 37, 280], [""22 정보"", 636, 29, 301], [""36g/60kcal"", 637, 41, 365], [""个型量14g4%"", 654, 40, 398], [""网盟0591"", 690, 39, 304], [""四弄4g4%"", 671, 37, 427], [""1g2%"", 729, 48, 292], [""2026.02.2777F"", 842, 23, 273]]"
000489,2026,05,08,2026-05-08,s1,1.400 | 영양정보 | 45mg15%12g | 2026.05.08.11153F3.7 | 지국농액A비8스생강.우2 | 801045686318,"[[""1.400"", 73, 26, 596], [""영양정보"", 303, 23, 340], [""45mg15%12g"", 365, 26, 359], [""2026.05.08.11153F3.7"", 433, 38, 321], [""지국농액A비8스생강.우2"", 568, 38, 291], [""801045686318"", 736, 32, 173]]"
000490,2025,11,27,2025-11-27,s1,0반 | 들까 6N반F | 0 들0N | 25.11.27,"[[""0반"", 126, 59, 112], [""6N반F"", 176, 62, 400], [""들까"", 184, 41, 128], [""0"", 218, 43, 128], [""들0N"", 236, 35, 405], [""25.11.27"", 461, 26, 298]]"
000491,2026,09,19,2026-09-19,s1,"차(차이 마라상귀소 | 3,480 3,480 | 1대.일8 | 2026.09.19","[[""차(차이 마라상귀소"", 134, 39, 435], [""3,480"", 156, 40, 214], [""3,480"", 194, 49, 513], [""1대.일8"", 573, 22, 250], [""2026.09.19"", 592, 25, 249]]"
000492,2026,03,12,2026-03-12,s1,소비기한 | 2026.03.12  BT2 | 8801037058642 | 까지,"[[""소비기한"", 468, 33, 352], [""2026.03.12  BT2"", 530, 37, 375], [""8801037058642"", 580, 24, 156], [""까지"", 588, 29, 553]]"
000493,2026,06,17,2026-06-17,s1,참곡밥 | x3개입 | bF엔 채 | 청0원 12지 녹황색야채가 | VEG ET ABLE | 연출된 조2에 | 까있는 밥8엔조2법 号199104430292190 | 내포상재질 풀2에틸런 소비기후연하단/까지 | ）2 | 달간.우8.대두.월.조개류.굴포항)함유 | 영양정보 24g（8gx37m 128(8g)30kcal | 恒喜430mg22%午量5g2 2%3g3% | 0.9g2%0g 风0gC% | 人5mg吃F 1g0F2% | （%）2.00ca | 개한의 활요 혈량에 2 0를수있습니다 |  ONANA | 기한 | 2026.06.17,"[[""참곡밥"", 23, 46, 375], [""x3개입"", 106, 29, 669], [""bF엔 채"", 146, 44, 215], [""12지 녹황색야채가"", 164, 31, 414], [""청0원"", 186, 32, 148], [""VEG ET ABLE"", 195, 28, 214], [""연출된 조2에"", 196, 30, 566], [""号199104430292190"", 227, 34, 319], [""소비기후연하단/까지"", 238, 33, 490], [""까있는 밥8엔조2법"", 246, 31, 133], [""내포상재질 풀2에틸런"", 245, 28, 325], [""）2"", 329, 40, 323], [""달간.우8.대두.월.조개류.굴포항)함유"", 384, 38, 323], [""24g（8gx37m"", 396, 22, 518], [""영양정보"", 412, 35, 329], [""128(8g)30kcal"", 411, 23, 544], [""恒喜430mg22%午量5g2"", 432, 29, 327], [""2%3g3%"", 427, 24, 532], [""0.9g2%0g"", 450, 31, 333], [""风0gC%"", 443, 26, 513], [""人5mg吃F"", 468, 25, 327], [""1g0F2%"", 461, 27, 506], [""（%）2.00ca"", 482, 44, 329], [""개한의 활요 혈량에 2 0를수있습니다"", 499, 28, 331], ["" ONANA"", 626, 21, 407], [""기한"", 660, 22, 158], [""2026.06.17"", 666, 31, 242]]"
000494,2025,06,13,2025-06-13,det5,"12개입 | 360g(1.740.kcal) | 2,780 | U21 | 12 | HAIT A1 자연을 누르게 환경을 깨이? | 쿠키앤크림 제조 2025.06.139 2022.12.120A2 | COORIE·RBAM 소비기한","[[""12개입"", 65, 44, 511], [""360g(1.740.kcal)"", 92, 31, 517], [""2,780"", 230, 45, 0], [""U21"", 358, 55, 134], [""12"", 468, 35, 40], [""HAIT A1"", 487, 16, 44], [""자연을 누르게 환경을 깨이?"", 492, 23, 370], [""쿠키앤크림"", 528, 79, 86], [""제조"", 524, 21, 377], [""2025.06.139"", 528, 36, 459], [""2022.12.120A2"", 544, 36, 458], [""COORIE·RBAM"", 565, 32, 145], [""소비기한"", 556, 23, 374]]"
000495,2026,02,19,2026-02-19,s1,2026.02.19/F-2,"[[""2026.02.19/F-2"", 540, 23, 504]]"
000496,2027,03,05,2027-03-05,s1,12.090 | 7.190 | 99%（）862%，14% | （）66 | 208282 | 8가.당장상되었거나내용물아 되었을경우드마오 1 | 소바기한 | 2027. 03.05,"[[""12.090"", 22, 47, 369], [""7.190"", 139, 77, 5], [""99%（）862%，14%"", 398, 39, 217], [""（）66"", 442, 33, 217], [""208282"", 462, 30, 218], [""8가.당장상되었거나내용물아 되었을경우드마오 1"", 542, 26, 219], [""소바기한"", 572, 25, 217], [""2027. 03.05"", 594, 32, 283]]"
000497,2026,08,31,2026-08-31,clahe,"3 | 국수 | 2,28 | 26.08.31까2B","[[""3"", 50, 41, 319], [""국수"", 265, 28, 668], [""2,28"", 322, 70, 628], [""26.08.31까2B"", 464, 31, 256]]"
000498,2026,03,07,2026-03-07,s1,"08 | 1,500 | 2026.03.078 | 21850全91259","[[""1,500"", 94, 73, 205], [""08"", 64, 21, 696], [""2026.03.078"", 528, 38, 257], [""21850全91259"", 563, 40, 257]]"
000499,2026,05,13,2026-05-13,s1,2026.05.13 | 15:58 | 제2제당 | 해찬들 | 갖은양넘0로 쌀맛을 살린 | 1 사계절삼참 | 해찬들 | 대한0국 장류 1등,"[[""2026.05.13"", 402, 29, 283], [""15:58"", 424, 24, 383], [""제2제당"", 472, 35, 135], [""해찬들"", 519, 66, 279], [""갖은양넘0로 쌀맛을 살린"", 605, 50, 155], [""1"", 653, 78, 1], [""사계절삼참"", 684, 115, 148], [""해찬들"", 859, 45, 294], [""대한0국"", 914, 80, 130], [""1등"", 916, 92, 478], [""장류"", 932, 55, 349]]"
000500,2026,12,17,2026-12-17,s1,2 2 2025.06.18 09:16 BG4 | 2기2 2026.12.17 | 영2정보 500g/100230kcal | 2450mg13%15%3% | P 24g4%乳0g0g0% | 0mg0%g7% | 200ca | 2,"[[""2 2"", 434, 27, 234], [""2025.06.18 09:16"", 440, 29, 301], [""BG4"", 435, 22, 516], [""2기2"", 458, 23, 234], [""2026.12.17"", 464, 23, 303], [""영2정보"", 494, 27, 335], [""500g/100230kcal"", 494, 23, 409], [""2450mg13%15%3%"", 518, 28, 334], [""P"", 550, 31, 149], [""24g4%乳0g0g0%"", 540, 27, 335], [""0mg0%g7%"", 563, 30, 334], [""200ca"", 585, 28, 336], [""2"", 671, 39, 153]]"
000501,2026,02,24,2026-02-24,s1,U | paldo 밥은 먹고 다니냐? | S0d | 도시9 | DO AUR AK DOS HUR | SINCE1986 02 SINCE198 | 26.0 | 26.02.24外|DH F2 | 2는 물 01 | 3분 |  / 86g (380 kcal) 유탕91 86 g/ | 950 | 60,"[[""U"", 48, 36, 695], [""paldo"", 94, 83, 58], [""밥은 먹고"", 82, 47, 316], [""다니냐?"", 120, 54, 352], [""S0d"", 164, 50, 652], [""02"", 386, 345, 196], [""도시9"", 236, 31, 384], [""DO AUR AK"", 368, 41, 73], [""DOS HUR"", 371, 41, 641], [""SINCE1986"", 390, 40, 75], [""SINCE198"", 392, 40, 640], [""26.0"", 517, 30, 663], [""26.02.24外|DH F2"", 533, 36, 95], [""01"", 612, 47, 640], [""2는 물"", 607, 28, 130], [""3분"", 625, 24, 137], ["" / 86g (380 kcal)"", 652, 37, 80], [""유탕91"", 654, 24, 634], [""86 g/"", 653, 24, 674], [""950"", 889, 46, 237], [""60"", 946, 20, 258]]"
000502,2026,06,20,2026-06-20,s1,1재유처2제품) | 2026.06.20 42 | 측연표시2까7 | g（±3g)（173kc | 1211530 U가루00:호주산 | 号30-0899065 올0을2 | 영양청보 40g 173 kcal 00국 | 0U 용당 1일 0양성분 21 | 기준치대한비 시1카/인 | 三零120mg 6% | 国车营量30g 9% /0 | 7% 0/결8 | 8% 공지/ | 1.9g 13% 시아산)코1 | 含量0mg 7号：014 | 39 | （%2000 바닐20 | 量198001634 | 2사7,"[[""1재유처2제품)"", 330, 27, 483], [""2026.06.20"", 372, 35, 232], [""42"", 369, 28, 485], [""측연표시2까7"", 389, 28, 488], [""g（±3g)（173kc"", 412, 28, 482], [""1211530"", 441, 22, 242], [""U가루00:호주산"", 436, 23, 483], [""号30-0899065"", 457, 22, 241], [""올0을2"", 455, 30, 481], [""영양청보"", 496, 40, 244], [""40g"", 487, 26, 317], [""173 kcal"", 506, 26, 335], [""00국"", 510, 29, 481], [""1일 0양성분"", 531, 20, 337], [""21"", 529, 32, 483], [""0U 용당"", 537, 24, 248], [""기준치대한비"", 546, 24, 307], [""시1카/인"", 546, 31, 480], [""三零120mg"", 565, 34, 250], [""6%"", 566, 23, 366], [""国车营量30g"", 586, 40, 249], [""9%"", 588, 26, 364], [""/0"", 584, 31, 480], [""7%"", 610, 23, 367], [""8%"", 630, 25, 363], [""0/결8"", 622, 33, 480], [""공지/"", 642, 33, 479], [""1.9g"", 671, 38, 255], [""시아산)코1"", 658, 29, 481], [""13%"", 673, 24, 357], [""含量0mg"", 694, 34, 264], [""7号：014"", 700, 32, 477], [""39"", 716, 28, 284], [""（%2000"", 738, 25, 273], [""바닐20"", 737, 30, 478], [""量198001634"", 778, 29, 481], [""2사7"", 802, 21, 487]]"
000503,2026,02,18,2026-02-18,s1,18 | LEGEN O | 22 | PAldo | PR0V2 | 2AT | AUNG OF L EG EN O | 왕두 | 2먹고¶ 페0A1 만나고 20 경 | 2UU2 FA KER | 26.02.18外YFF1 | 8801128503488 | 끝는물 3분 /110 g(495 kcal),"[[""18"", 74, 132, 552], [""LEGEN O"", 185, 37, 24], [""22"", 219, 37, 26], [""PAldo"", 264, 41, 330], [""PR0V2"", 343, 76, 324], [""2AT"", 409, 94, 312], [""왕두"", 534, 45, 73], [""AUNG OF L EG EN O"", 512, 39, 523], [""20"", 608, 171, 253], [""2먹고¶"", 564, 39, 75], [""경"", 586, 114, 490], [""페0A1 만나고"", 602, 45, 75], [""FA KER"", 676, 95, 468], [""2UU2"", 674, 89, 101], [""26.02.18外YFF1"", 736, 40, 381], [""8801128503488"", 765, 28, 227], [""끝는물 3분"", 795, 33, 217], [""/110 g(495 kcal)"", 802, 34, 283]]"
000504,2026,02,28,2026-02-28,s1,KUNG OF LEGENO | 22 | DAldG | PROV E | EAT | AUNG OF LEG EN O | 페OA1.만나고 무경 | FA/ VE3 | 26.02.283A1F1 | 8801128503235,"[[""22"", 149, 80, 171], [""KUNG OF LEGENO"", 116, 29, 250], [""DAldG"", 240, 61, 390], [""PROV E"", 334, 108, 378], [""EAT"", 403, 102, 364], [""AUNG OF LEG EN O"", 524, 27, 534], [""페OA1.만나고"", 559, 63, 133], [""무경"", 591, 105, 497], [""FA/ VE3"", 673, 96, 471], [""8801128503235"", 723, 46, 247], [""26.02.283A1F1"", 725, 52, 398]]"
000505,2026,03,02,2026-03-02,s1,복작복작 | V/ N1 | pAldo | PROV E | EAT 편의점용 | KAUNG OF LEGEN D | 왕뚜껑 | 2먹2 도만나고 8 경 | FA V ER | 26.03.02/90 F1 | 끓는물 3분 /110g（495kcal）,"[[""복작복작"", 73, 32, 619], [""V/ N1"", 93, 38, 303], [""pAldo"", 277, 49, 361], [""PROV E"", 359, 82, 365], [""EAT"", 436, 83, 365], [""편의점용"", 431, 40, 543], [""8"", 624, 211, 331], [""KAUNG OF LEGEN D"", 523, 50, 531], [""경"", 602, 137, 496], [""왕뚜껑"", 572, 47, 135], [""2먹2"", 600, 31, 143], [""도만나고"", 634, 30, 222], [""FA V ER"", 694, 81, 494], [""26.03.02/90 F1"", 738, 35, 427], [""끓는물 3분"", 798, 23, 297], [""/110g（495kcal）"", 798, 23, 361]]"
000506,2026,06,18,2026-06-18,s1,02H | HAIT A1 에02 | 커피21 | 함께하 즐거움 | 0벤트 S모하고 | 제주 E가/자/ | 0가는 | 우2들의 | 10 2025. 06. 19 2026.06. 18. C1 부E 과자유처2제 151 | MA 65,"[[""02H"", 298, 50, 28], [""HAIT A1"", 330, 24, 32], [""에02"", 409, 343, 70], [""커피21"", 454, 48, 546], [""함께하 즐거움"", 479, 58, 545], [""S모하고"", 538, 35, 108], [""0벤트"", 539, 32, 54], [""제주"", 557, 31, 62], [""E가/자/"", 556, 31, 109], [""0가는"", 679, 20, 121], [""우2들의"", 713, 20, 53], [""10"", 761, 112, 58], [""2025. 06. 19"", 772, 22, 239], [""부E"", 770, 23, 390], [""2026.06. 18. C1"", 788, 25, 238], [""과자유처2제"", 788, 23, 525], [""151"", 800, 67, 643], [""MA 65"", 806, 29, 118]]"
000507,2026,05,19,2026-05-19,s1,"식품유형 과자 내포장재질 폴2프로필 | (),, | 25.08.20 16:53 부터 | 26.05.19 84 까지","[[""식품유형 과자 내포장재질 폴2프로필"", 490, 21, 491], [""(),,"", 540, 23, 556], [""25.08.20 16:53"", 599, 26, 517], [""부터"", 598, 26, 676], [""26.05.19 84"", 616, 25, 515], [""까지"", 620, 24, 674]]"
000508,2026,08,25,2026-08-25,s1,3801062870455 | 센터 | 분담 6060 26.08.25.17.14 2까지 | el/1f.od.com,"[[""3801062870455"", 652, 49, 158], [""센터"", 694, 43, 0], [""6060"", 734, 36, 0], [""2까지"", 747, 50, 548], [""26.08.25.17.14"", 756, 77, 165], [""분담"", 761, 30, 0], [""el/1f.od.com"", 801, 26, 0]]"
000509,2026,09,01,2026-09-01,s1,0 | 12 | 2 | 소비기한 | 25.09.02(20.46) 부터 | 26.09.014A13 | 까지,"[[""0"", 50, 69, 204], [""12"", 139, 100, 425], [""2"", 228, 82, 221], [""소비기한"", 564, 36, 141], [""부터"", 602, 31, 484], [""25.09.02(20.46)"", 612, 42, 164], [""26.09.014A13"", 641, 40, 164], [""까지"", 660, 33, 486]]"
000510,2026,09,03,2026-09-03,s1,2조양파.치즈분말.바질.오레가노.흑후2 | 62.1%（5Brix） | E0토 대두.우을밀.쇠고기.닭고기.조개 쿠(2)함 | 장자질 용/우리.누껑철.폴리엄화 | 및교환장소/고객상담및 구입처 | 2 평릉.1.새우.아황산류.오징어돼지2기.조개류.홍합 | 성분 혼업가능.서늘하고건조한곳에보관 개봉 후에는 | 장보관하0도 변질우려가 있/니 가급적 한번에 사용 | 본제품은 소비자/ 본법에 의거 교환 또는 보 유2 | 1399 | 0199119 캠철.2벨PP | h/w.//wu. F12404 | 20:05 | 2026.09.03 까지,"[[""2조양파.치즈분말.바질.오레가노.흑후2"", 143, 64, 85], [""62.1%（5Brix）"", 184, 58, 84], [""E0토 대두.우을밀.쇠고기.닭고기.조개 쿠(2)함"", 225, 64, 79], [""장자질 용/우리.누껑철.폴리엄화"", 269, 59, 88], [""및교환장소/고객상담및 구입처"", 314, 51, 109], [""2"", 362, 27, 95], [""평릉.1.새우.아황산류.오징어돼지2기.조개류.홍합"", 360, 43, 117], [""성분 혼업가능.서늘하고건조한곳에보관 개봉 후에는"", 399, 44, 114], [""장보관하0도 변질우려가 있/니 가급적 한번에 사용"", 439, 38, 90], [""본제품은 소비자/ 본법에 의거 교환 또는 보"", 480, 34, 91], [""유2"", 498, 40, 476], [""1399"", 519, 47, 84], [""0199119"", 562, 42, 80], [""캠철.2벨PP"", 558, 40, 452], [""h/w.//wu."", 596, 38, 82], [""F12404"", 586, 31, 490], [""20:05"", 635, 42, 304], [""2026.09.03"", 690, 50, 140], [""까지"", 709, 44, 492]]"
000511,2026,03,24,2026-03-24,s1,소비 26.03.242 | 기한 13:51125,"[[""26.03.242"", 361, 52, 168], [""소비"", 366, 39, 68], [""기한"", 396, 37, 70], [""13:51125"", 424, 63, 171]]"
000512,2026,02,17,2026-02-17,s1,모텔명.필스티키 | 50mm J재.PVC | 202508 | 37175 | 40국 ：3） | 의사항 경고!3세미만의 어린이는사용 3음 | 은부품을 을포함하고 있음 | 643-2501 | CC | 0-3 2비시2 | 인전확인신고확인증번호 공3위회 | CB061L011-2001 | 2026.02.17外 | B423 | 영양정보 30g140kcal 85 | 30g 12 영양성분 기준치에 대한 비율 총내용량당 | LE喜150mg 8% 430mg 22% | 229 7% 63g 19% | 925 5% 13g 13%,"[[""모텔명.필스티키"", 26, 37, 166], [""J재.PVC"", 42, 41, 423], [""50mm"", 55, 30, 70], [""202508"", 64, 43, 237], [""37175"", 136, 55, 65], [""：3）"", 187, 45, 177], [""40국"", 197, 70, 3], [""의사항 경고!3세미만의 어린이는사용 3음"", 245, 78, 0], [""은부품을"", 304, 57, 0], [""을포함하고 있음"", 295, 51, 72], [""643-2501"", 352, 39, 0], [""CC"", 364, 37, 592], [""2비시2"", 396, 37, 536], [""0-3"", 415, 28, 376], [""공3위회"", 442, 27, 554], [""인전확인신고확인증번호"", 455, 36, 163], [""CB061L011-2001"", 480, 27, 188], [""2026.02.17外"", 536, 65, 118], [""B423"", 604, 60, 159], [""85"", 738, 40, 489], [""영양정보"", 768, 67, 0], [""30g140kcal"", 776, 48, 429], [""30g"", 824, 40, 0], [""총내용량당"", 816, 39, 551], [""12 영양성분 기준치에 대한 비율"", 827, 42, 103], [""LE喜150mg"", 868, 69, 0], [""8%"", 861, 42, 313], [""430mg"", 858, 45, 403], [""22%"", 851, 51, 574], [""229"", 912, 67, 0], [""7%"", 904, 41, 315], [""63g"", 902, 46, 401], [""19%"", 891, 48, 577], [""925"", 945, 32, 23], [""13g"", 942, 37, 404], [""13%"", 931, 48, 577], [""5%"", 944, 31, 318]]"
000513,2026,09,03,2026-09-03,s1,23 | 2026.09.0314 | 2551521,"[[""23"", 239, 72, 22], [""2026.09.0314"", 528, 56, 124], [""2551521"", 576, 43, 125]]"
000514,2026,07,13,2026-07-13,s1,UE1B | 소비기한 | 2026.07.13 | 09: 03 | 까지,"[[""UE1B"", 59, 65, 133], [""소비기한"", 552, 53, 60], [""2026.07.13"", 577, 46, 276], [""09: 03"", 612, 44, 362], [""까지"", 637, 54, 570]]"
000515,2025,01,NONE,2025-01-NONE,s1,J20 | 0 | 201045 46 +U 2025.01 | 영 2 영양정보 73g/400kcal | 0mg0%4g7% | 18022,"[[""J20"", 26, 49, 17], [""0"", 228, 63, 6], [""201045 46 +U"", 500, 31, 99], [""2025.01"", 501, 26, 441], [""영양정보"", 594, 42, 65], [""영 2"", 604, 20, 74], [""73g/400kcal"", 603, 35, 354], [""0mg0%4g7%"", 682, 44, 70], [""18022"", 718, 32, 648]]"
000516,2026,07,16,2026-07-16,s1,업 명및1재지 | 제E업소FRANCES 1LE | CON ECT ONERIES M) | SDN BHD | 수9판매업소:데쇼취 | 데N트사업본1/서울별시 | 二6含）1899-3000 | 원재료명.설탕.1핵유.아몬드 | 향료(바닐)우유.대두 함유 | 포무재질치대편)무껑-폴2에틸 | 통-폴2에틸테레프탈레0트 | 땅콩.호두 혼입 가능성이 있습 | PC17075 | EXP：16/07/2026,"[[""업 명및1재지"", 24, 49, 213], [""제E업소FRANCES 1LE"", 74, 74, 207], [""CON ECT ONERIES M)"", 111, 73, 205], [""SDN BHD"", 140, 43, 207], [""수9판매업소:데쇼취"", 184, 68, 210], [""데N트사업본1/서울별시"", 222, 71, 201], [""二6含）1899-3000"", 296, 59, 202], [""원재료명.설탕.1핵유.아몬드"", 342, 65, 196], [""향료(바닐)우유.대두 함유"", 426, 67, 191], [""포무재질치대편)무껑-폴2에틸"", 472, 60, 196], [""통-폴2에틸테레프탈레0트"", 518, 51, 200], [""땅콩.호두 혼입 가능성이 있습"", 565, 55, 186], [""PC17075"", 687, 40, 188], [""EXP：16/07/2026"", 726, 47, 186]]"
000517,2026,09,25,2026-09-25,s1,고개봉후가급 | 0-2002 | 내용50 | M0 CA1 | 量40g12% 0류 26926%090% | 0g0% 콜레스레롤 Mg 0%1 395 % | EB20.5mg 36 % HE2B60.2mg13% | 0 | 26.09.25 R | 까지 | 비2류 | OT ER,"[[""고개봉후가급"", 34, 70, 0], [""0-2002"", 108, 53, 10], [""내용50"", 161, 48, 402], [""M0 CA1"", 198, 55, 435], [""0류"", 222, 37, 182], [""26926%090%"", 233, 73, 241], [""量40g12%"", 236, 64, 0], [""콜레스레롤"", 268, 45, 96], [""Mg"", 268, 31, 261], [""0%1"", 270, 35, 311], [""395"", 282, 55, 374], [""0g0%"", 281, 49, 0], [""%"", 290, 38, 533], [""36 %"", 311, 36, 147], [""HE2B60.2mg13%"", 324, 63, 272], [""EB20.5mg"", 319, 50, 0], [""0"", 402, 30, 1], [""26.09.25 R"", 537, 58, 217], [""까지"", 606, 43, 451], [""비2류"", 742, 45, 436], [""OT ER"", 813, 42, 408]]"
000518,2026,09,14,2026-09-14,s1,26.09.14F2 | EDOH,"[[""26.09.14F2"", 549, 105, 102], [""EDOH"", 657, 63, 329]]"
000519,2026,08,10,2026-08-10,s1,22 | 소비 25.08.11 08146 부터 | 기한 26.08.10 까지,"[[""22"", 195, 142, 378], [""소비"", 460, 36, 72], [""25.08.11 08146"", 474, 38, 188], [""부터"", 470, 41, 505], [""26.08.10"", 505, 34, 186], [""기한"", 518, 41, 70], [""까지"", 531, 40, 502]]"
000520,2026,09,15,2026-09-15,s1,부불/N/ | 0에 키 | 영양정보 香小路52g/125 | LE号20mg1% | 量0mg0%3.46% | (수신자요금부담) 롯테웰푸드 | TTp.//ww./OTT ewel/food.com | JNER | 2026.09.15 A1 까지 88010628730,"[[""부불/N/"", 39, 44, 398], [""0에 키"", 73, 48, 506], [""香小路52g/125"", 178, 59, 521], [""영양정보"", 230, 49, 95], [""LE号20mg1%"", 257, 70, 84], [""量0mg0%3.46%"", 307, 116, 88], [""롯테웰푸드"", 390, 38, 588], [""(수신자요금부담)"", 430, 56, 220], [""JNER"", 434, 25, 679], [""TTp.//ww./OTT ewel/food.com"", 456, 57, 209], [""88010628730"", 541, 50, 570], [""까지"", 564, 41, 482], [""2026.09.15 A1"", 575, 58, 194]]"
000521,2026,03,10,2026-03-10,s1,02H 0.0 | MAl | A해태/에서 간식사기 | 제조2 2025.09.11早E | 소비기한 2026.03.100XC1,"[[""02H"", 491, 58, 262], [""0.0"", 488, 27, 360], [""MAl"", 534, 42, 261], [""A해태/에서 간식사기"", 581, 35, 270], [""제조2"", 644, 42, 59], [""2025.09.11早E"", 671, 58, 257], [""2026.03.100XC1"", 721, 68, 249], [""소비기한"", 724, 41, 51]]"
000522,2026,02,21,2026-02-21,s1,내포장재질 폴2프로필렌식품유형 과자 | 25.08.22 06:05 부터 | 26.02.21 까지,"[[""내포장재질 폴2프로필렌식품유형 과자"", 168, 54, 5], [""25.08.22"", 513, 64, 145], [""06:05"", 506, 41, 390], [""부터"", 505, 40, 562], [""26.02.21"", 549, 46, 150], [""까지"", 560, 44, 555]]"
000523,2026,03,23,2026-03-23,s1,20N품 소비기한 | 2025.09.24对 | 2026.03.23办大 | 2까지,"[[""20N품"", 395, 70, 0], [""소비기한"", 414, 41, 139], [""2025.09.24对"", 513, 46, 204], [""2026.03.23办大"", 563, 45, 204], [""2까지"", 626, 40, 495]]"
000524,2026,06,18,2026-06-18,s1,A STrANA obAlu/MN0segeT Megor2i | L-169 13:35 | 18/06/2026,"[[""A STrANA obAlu/MN0segeT Megor2i"", 497, 52, 0], [""L-169 13:35"", 628, 55, 181], [""18/06/2026"", 678, 47, 184]]"
000525,2027,09,08,2027-09-08,s1,"38%（15% | [180 %（),, | 주0상 0 | 28 | 080-254-6580 | 2기능 응기를가열 조리용로사용불가 | 21생결기준에거.교환 또는 보상 | 2027.09.08 | 15:33 까지","[[""38%（15%"", 74, 43, 236], [""[180 %（),,"", 111, 46, 241], [""주0상 0"", 150, 43, 243], [""28"", 187, 48, 244], [""080-254-6580"", 222, 45, 231], [""2기능 응기를가열 조리용로사용불가"", 422, 73, 212], [""21생결기준에거.교환 또는 보상"", 453, 76, 211], [""2027.09.08"", 560, 51, 300], [""15:33"", 591, 40, 329], [""까지"", 597, 30, 533]]"
000526,2026,07,04,2026-07-04,s2,2 | 2026.07.04/1462 | 100027 LTd. 30개입 02 | NETWT.1.62kg 1섯 | （54gx30） VONO 08 POR CIN MUS,"[[""30개입"", 509, 54, 201], [""LTd."", 508, 27, 3], [""02"", 530, 51, 644], [""100027"", 536, 21, 0], [""1섯"", 568, 62, 641], [""NETWT.1.62kg"", 573, 38, 63], [""VONO"", 601, 56, 363], [""（54gx30）"", 609, 36, 147], [""POR CIN MUS"", 604, 20, 617], [""08"", 618, 21, 574], [""2"", 162, 15, 12], [""2026.07.04/1462"", 380, 48, 55]]"
000527,2025,10,12,2025-10-12,s1,OST | 2025.10.12办.C.J | 0 M1 | 2 | 통밀로 채우는 M1 E A 로0병사의힘 | 2만일 | 통일/빵 | 12 7.5 | 02 | PROTEIN 1912 | 2시0/십유,"[[""OST"", 52, 65, 1], [""2025.10.12办.C.J"", 362, 92, 76], [""M1"", 440, 27, 369], [""0"", 451, 22, 336], [""2"", 481, 24, 432], [""M1"", 550, 47, 313], [""E A"", 567, 39, 345], [""통밀로 채우는"", 572, 29, 187], [""로0병사의힘"", 574, 29, 468], [""2만일"", 642, 81, 259], [""통일/빵"", 750, 139, 111], [""12"", 864, 65, 135], [""7.5"", 866, 69, 526], [""02"", 904, 23, 562], [""PROTEIN"", 933, 26, 129], [""1912"", 934, 31, 329], [""2시0/십유"", 947, 28, 513]]"
000528,2026,03,11,2026-03-11,s1,YBA/eCHoUNC | 2026.03.11,"[[""YBA/eCHoUNC"", 80, 128, 84], [""2026.03.11"", 321, 47, 200]]"
000529,2026,01,12,2026-01-12,s1,BBD2026/01/12 | 43170857,"[[""BBD2026/01/12"", 503, 45, 134], [""43170857"", 544, 47, 188]]"
000530,2026,06,24,2026-06-24,s1,926.06.24 | 各年谷1% | 手2119390,"[[""926.06.24"", 185, 82, 276], [""各年谷1%"", 370, 135, 74], [""手2119390"", 412, 99, 424]]"
000531,2026,02,28,2026-02-28,s1,1 | sAM id 0U0 | 2당 | 옥44 | 소비기 | 2026.02.28F | 초당,"[[""1"", 39, 60, 459], [""0U0"", 210, 155, 331], [""sAM id"", 230, 36, 133], [""2당"", 384, 217, 304], [""옥44"", 543, 234, 292], [""소비기"", 677, 38, 631], [""2026.02.28F"", 720, 63, 332], [""초당"", 803, 26, 534]]"
000532,2026,02,28,2026-02-28,s1,초당 | 옥수4 | 페이/0트 | 2026.02.28 1유,"[[""초당"", 420, 51, 603], [""옥수4"", 465, 50, 607], [""페이/0트"", 512, 45, 598], [""2026.02.28"", 556, 67, 67], [""1유"", 554, 45, 600]]"
000533,2026,03,26,2026-03-26,s1,"유의 | ：080-088-1212 | (수신자요금부담) | 오뚜기 | Mal1 인전관2인증 | 다있다1 HACCP 비2류 | OT HER | 1200 1400 1600 | 1000 5 6 1800 | 800 1100mg 2000mg | 0Mg /나트를 함량 비교 표시1 9 3 | 2026.03.26外 | 2302 B161 | 8""801045""662305","[[""유의"", 58, 53, 94], [""：080-088-1212"", 114, 46, 209], [""(수신자요금부담)"", 156, 38, 301], [""오뚜기"", 202, 38, 204], [""Mal1"", 228, 35, 201], [""인전관2인증"", 230, 27, 334], [""다있다1"", 252, 32, 201], [""HACCP"", 261, 36, 332], [""비2류"", 256, 41, 522], [""OT HER"", 325, 35, 494], [""1400"", 358, 25, 353], [""1200"", 368, 25, 285], [""1600"", 370, 25, 424], [""1000"", 396, 24, 238], [""5"", 392, 20, 391], [""6"", 407, 22, 432], [""1800"", 400, 25, 472], [""800"", 433, 22, 217], [""1100mg"", 451, 38, 318], [""2000mg"", 443, 30, 500], [""0Mg"", 476, 24, 202], [""/나트를 함량 비교 표시1"", 481, 26, 277], [""9 3"", 474, 27, 505], [""2026.03.26外"", 606, 54, 233], [""2302 B161"", 670, 39, 282], [""8\""801045\""662305"", 854, 43, 202]]"
000534,2027,01,29,2027-01-29,erode5,EP 2027.01.29 | 투2/EN3 13 02 | 2 | R,"[[""13"", 482, 39, 242], [""02"", 488, 29, 509], [""2"", 628, 20, 262], [""R"", 666, 72, 253], [""EP 2027.01.29"", 384, 81, 260], [""투2/EN3"", 600, 235, 161]]"
000535,2026,02,04,2026-02-04,s1,S | 소비기한 | 2026.02.04 | 2까지,"[[""S"", 210, 69, 815], [""소비기한"", 258, 56, 203], [""2026.02.04"", 349, 103, 314], [""2까지"", 442, 35, 701]]"
000536,2026,01,01,2026-01-01,s1,NU21 | 파스E | 2026.01.01（5B1）（3） | HT,"[[""NU21"", 350, 83, 277], [""파스E"", 428, 64, 2], [""2026.01.01（5B1）（3）"", 504, 41, 151], [""HT"", 776, 169, 0]]"
000537,2026,05,08,2026-05-08,s1,영01보 | 三Omg40%13g | 异9g9元 含16g30% | 1신2와 5 | 4515%1222% | 개인의 요 열량에따라0를수 있습니다 | 2026.05.08.11/30.F3.7 | 까지 | 소금 | OT ER |  20010445055694 | 686318 | 로투지0,"[[""영01보"", 320, 43, 171], [""三Omg40%13g"", 343, 38, 189], [""异9g9元"", 368, 29, 184], [""含16g30%"", 360, 32, 288], [""5"", 386, 29, 178], [""1신2와"", 397, 20, 90], [""4515%1222%"", 404, 37, 171], [""개인의 요 열량에따라0를수 있습니다"", 443, 27, 168], [""2026.05.08.11/30.F3.7"", 504, 38, 162], [""까지"", 523, 20, 428], [""소금"", 792, 23, 104], [""OT ER"", 852, 31, 24], ["" 20010445055694"", 874, 55, 94], [""686318"", 934, 33, 0], [""로투지0"", 948, 26, 94]]"
000538,2026,02,06,2026-02-06,s1,0밤 | 2026.02.06 T7IB | 20,"[[""0밤"", 26, 49, 174], [""2026.02.06 T7IB"", 530, 29, 224], [""20"", 556, 24, 513]]"
000539,2027,08,11,2027-08-11,hires,P2 | 2027.08.110A | D9:432H13P N2 | 1세카레약간매운T 오뚜기/ 백세카레는 강황 함량을 /0/ 더 겨가하고 | 로즈마리.월계수잎 봉1허브를. 더해 | OTOK BEK SE CURRY MED/UM 풍부한 항과 맛을 즐갈 수 있는 카레입니다 | 00000 | （）60g，2（25g）700m（3） | 물을 붓고 재료가 완전히 익을 때까지 끊니다 | 카레라이스 2불을 약하게 한 후 세카계를 조금 넣어 충분하 풀면서 끊인 다음 | 밤 위에 얹어내면 완성됩니다. | 喜0.53%（）,"[[""P2"", 252, 107, 39], [""2027.08.110A"", 742, 43, 165], [""D9:432H13P"", 775, 46, 197], [""N2"", 778, 37, 817], [""1세카레약간매운T"", 866, 72, 4], [""오뚜기/ 백세카레는 강황 함량을 /0/ 더 겨가하고"", 841, 46, 526], [""로즈마리.월계수잎 봉1허브를. 더해"", 877, 48, 582], [""OTOK BEK SE CURRY MED/UM"", 929, 39, 4], [""풍부한 항과 맛을 즐갈 수 있는 카레입니다"", 913, 51, 563], [""00000"", 994, 81, 285], [""（）60g，2（25g）700m（3）"", 1028, 59, 420], [""물을 붓고 재료가 완전히 익을 때까지 끊니다"", 1096, 56, 423], [""2불을 약하게 한 후 세카계를 조금 넣어 충분하 풀면서 끊인 다음"", 1121, 85, 417], [""카레라이스"", 1157, 44, 77], [""밤 위에 얹어내면 완성됩니다."", 1165, 46, 422], [""喜0.53%（）"", 1366, 50, 735]]"
000540,2026,03,24,2026-03-24,s1,2026.03.24012,"[[""2026.03.24012"", 503, 76, 105]]"
000541,2026,03,22,2026-03-22,s1,2026.03.22 | A6240854,"[[""2026.03.22"", 488, 55, 224], [""A6240854"", 561, 53, 232]]"
000542,2027,07,22,2027-07-22,s1,"업소:풍/인 1,120mg 순지에대한1 | 간역시북구 79g 56% | 5(노원2 당류 52 24% | 356-4461 5% | 문판매업1 2% | 핑주/2 | 증구1 남0 |  공족 콜레스 | 000 단백질 66 | 하 | 필1 영양성분기준치에대한비율.(%) | .3 | 1제2 | 1 | 01 | 2리시 3801354402555 | 0 | 안전관2인증 | HACCP | 2027.07.22 | 까지","[[""업소:풍/인"", 15, 32, 0], [""1,120mg"", 21, 42, 259], [""순지에대한1"", 18, 39, 352], [""79g"", 42, 55, 204], [""간역시북구"", 34, 42, 0], [""56%"", 42, 38, 384], [""당류 52"", 69, 45, 202], [""24%"", 70, 37, 384], [""5(노원2"", 76, 46, 0], [""5%"", 99, 35, 394], [""356-4461"", 99, 40, 0], [""문판매업1"", 122, 44, 0], [""2%"", 126, 33, 396], [""핑주/2"", 146, 38, 0], [""증구1"", 170, 36, 0], [""남0"", 165, 24, 32], ["" 공족"", 193, 36, 0], [""콜레스"", 192, 39, 194], [""000"", 218, 30, 0], [""단백질 66"", 230, 44, 191], [""하"", 250, 33, 0], [""영양성분기준치에대한비율.(%)"", 269, 42, 213], [""필1"", 282, 31, 1], ["".3"", 312, 39, 0], [""1제2"", 338, 32, 0], [""1"", 370, 30, 6], [""01"", 403, 22, 9], [""2리시"", 462, 58, 0], [""3801354402555"", 455, 34, 197], [""0"", 495, 48, 14], [""안전관2인증"", 528, 23, 235], [""HACCP"", 547, 24, 235], [""2027.07.22"", 716, 39, 203], [""까지"", 756, 43, 246]]"
000543,2028,03,19,2028-03-19,clahe,주4 는물에 넣고 3분간 데 위드세요 | 1민갈국/면 우동연 사리 등과 함께 짜장면으로도 J3요1 | 214-383号号星358-7 280319시2.1.121.2를1율 | 땅콩 | 0.교환 또는보상 가능 | 에주의.직사광선 피해실은보관.개봉 | 180g150kcal | %8g8% | 0.7g50k | 880100520025 | 2026.00. | OT HER 01 09.25,"[[""주4"", 27, 24, 2], [""는물에 넣고 3분간 데 위드세요"", 40, 60, 0], [""J3요1"", 86, 31, 421], [""1민갈국/면 우동연 사리 등과 함께 짜장면으로도"", 98, 90, 0], [""280319시2.1.121.2를1율"", 256, 77, 0], [""214-383号号星358-7"", 290, 66, 0], [""땅콩"", 368, 33, 43], [""0.교환 또는보상 가능"", 396, 35, 107], [""에주의.직사광선 피해실은보관.개봉"", 463, 38, 32], [""180g150kcal"", 546, 35, 3], [""%8g8%"", 580, 35, 0], [""0.7g50k"", 613, 38, 1], [""880100520025"", 668, 50, 219], [""2026.00."", 763, 46, 152], [""OT HER"", 812, 41, 7], [""01 09.25"", 805, 56, 179]]"
000544,2029,06,25,2029-06-25,erode5,8A M3 | 0J0 | 2029.06.25 | · 22,"[[""8A M3"", 508, 81, 142], [""0J0"", 536, 23, 244], [""·"", 726, 25, 282], [""22"", 721, 34, 325], [""2029.06.25"", 560, 66, 102]]"
000545,2027,07,09,2027-07-09,s1,22 1조간장 | /식품2형 | 간장 | SOV S A VCE | 대1.일 | 프22 | 139 | 간장 2정보 500mL/100mL76kcl | Prime 赠0g0% 트랜스지방 09 g0% | Wed SOV SAUCE 量0mg0%6g11% | 1카시아2함 2개인의 필요 열량에 따라 다를 수 있습니다 | 500ml 품질유지기한 | 2027.07.09,"[[""22"", 26, 60, 163], [""1조간장"", 48, 34, 325], [""간장"", 110, 104, 0], [""/식품2형"", 62, 48, 220], [""SOV S A VCE"", 144, 40, 0], [""대1.일"", 192, 63, 455], [""프22"", 244, 105, 9], [""139"", 332, 61, 159], [""간장"", 395, 72, 0], [""500mL/100mL76kcl"", 379, 51, 242], [""2정보"", 387, 36, 160], [""Prime"", 442, 36, 0], [""트랜스지방 09"", 444, 35, 243], [""赠0g0%"", 448, 33, 154], [""g0%"", 448, 39, 410], [""Wed SOV SAUCE"", 469, 36, 0], [""量0mg0%6g11%"", 478, 34, 152], [""1카시아2함"", 534, 36, 1], [""2개인의 필요 열량에 따라 다를 수 있습니다"", 538, 39, 153], [""품질유지기한"", 578, 41, 176], [""500ml"", 588, 37, 40], [""2027.07.09"", 628, 41, 302]]"
000546,2026,08,10,2026-08-10,s1,1985049901203 | ：（（（70.8%，29.2%） | ， | 사태A기8주.정소국청양고추가류.주3 대농축액.마능 | 대상주 경장전북자치도순문순읍창로30.오수록색진해질수 | 소증한 자원   101399 C号，皇.全拉F1242 | 2025.08.11 | 비기한 2026.08.10 까지 소비자중,"[[""1985049901203"", 428, 43, 248], [""：（（（70.8%，29.2%）"", 448, 44, 226], [""，"", 468, 47, 212], [""사태A기8주.정소국청양고추가류.주3 대농축액.마능"", 487, 48, 191], [""대상주 경장전북자치도순문순읍창로30.오수록색진해질수"", 546, 45, 189], [""101399"", 634, 33, 189], [""C号，皇.全拉F1242"", 641, 34, 380], [""소증한 자원  "", 655, 28, 190], [""2025.08.11"", 691, 39, 292], [""소비자중"", 711, 24, 565], [""비기한"", 732, 33, 188], [""2026.08.10"", 739, 36, 293], [""까지"", 730, 33, 526]]"
000547,2026,05,28,2026-05-28,s1,2026.05.28 13:57 | MA 5 | 제품명 궁중식고/볶음고추장 | 식품의 유형 혼한장(실에제품) | 소비기한 후면 상단표/2까지 | 업소명 및 씨제이제제8/주)/층청남도논산시 | 소재지 1 | 품목보고번호 20020464088-190 | 반품 및 교한장소 전국 판매점 또는 대2점 | ） 파우치/캡-폴2에틸렌,"[[""2026.05.28"", 392, 68, 68], [""13:57"", 373, 36, 375], [""MA 5"", 581, 41, 16], [""제품명"", 640, 44, 72], [""궁중식고/볶음고추장"", 650, 51, 209], [""식품의 유형"", 685, 42, 48], [""혼한장(실에제품)"", 692, 47, 208], [""소비기한"", 731, 43, 59], [""후면 상단표/2까지"", 735, 46, 205], [""업소명 및"", 778, 47, 57], [""씨제이제제8/주)/층청남도논산시"", 778, 50, 199], [""소재지"", 816, 41, 62], [""1"", 813, 46, 198], [""품목보고번호"", 861, 45, 32], [""20020464088-190"", 856, 35, 198], [""반품 및 교한장소"", 908, 52, 20], [""전국 판매점 또는 대2점"", 900, 42, 194], [""）"", 946, 27, 32], [""파우치/캡-폴2에틸렌"", 942, 35, 191]]"
000548,2026,05,26,2026-05-26,s1,NB4 | M2 2026.05.26 11:29 | （） 21E | 18248-190 8801007303819,"[[""NB4"", 422, 39, 446], [""2026.05.26"", 442, 50, 201], [""M2"", 449, 38, 137], [""11:29"", 454, 35, 435], [""（）"", 641, 53, 90], [""21E"", 666, 30, 501], [""18248-190"", 722, 43, 99], [""8801007303819"", 751, 50, 171]]"
000549,2027,01,16,2027-01-16,s2,"1 | 새미네육수/팩,물15L를 | 넣고 강분에서 끊이기 있있는 국/을 활용하여 | 칼국수나 누지죽으25 | 팔팔 2/면 투껑은 닫고 즐겨보세요/ | 약불로 줄여 45분 밟이면 OR22号2 | 딸있는 백숙/삼계탕 완성/ 확인 해 2/세요 | 소비기한 | 2027.01.16A09142 | 까지 OT ER | ）199104450779630 | 중국산).양파분말 대두.밀닭고기함8 | 平E号82号 105H2 70 | 매업소섬식품주식회사/서울특시중구층무로2|장재질/풀리프로내1 2비자1 | AACC2 | 영양정보 에의거 2한 동보상을 받으» 수 있습니다. WWW.Se P/o.c0M | 100g 고객지원(0은8가부융나 | 60kcal | 5异8g8%0g0% | 트랜스지방09","[[""1"", 12, 24, 162], [""새미네육수/팩,물15L를"", 244, 35, 248], [""넣고 강분에서 끊이기"", 278, 35, 247], [""있있는 국/을 활용하여"", 273, 38, 501], [""칼국수나 누지죽으25"", 300, 37, 503], [""팔팔 2/면 투껑은 닫고"", 330, 38, 244], [""즐겨보세요/"", 325, 32, 543], [""약불로 줄여 45분 밟이면"", 366, 35, 243], [""OR22号2"", 377, 32, 561], [""딸있는 백숙/삼계탕 완성/"", 402, 34, 243], [""확인 해 2/세요"", 410, 24, 560], [""소비기한"", 452, 22, 91], [""까지"", 523, 24, 532], [""OT ER"", 523, 22, 606], [""중국산).양파분말 대두.밀닭고기함8"", 611, 38, 124], [""平E号82号 105H2 70"", 636, 45, 116], [""2비자1"", 667, 24, 600], [""에의거 2한 동보상을 받으» 수 있습니다."", 776, 66, 75], [""영양정보"", 802, 61, 72], [""WWW.Se P/o.c0M"", 786, 31, 479], [""100g"", 819, 30, 325], [""고객지원(0은8가부융나"", 814, 27, 435], [""60kcal"", 841, 28, 369], [""5异8g8%0g0%"", 873, 64, 81], [""트랜스지방09"", 891, 29, 273], [""2027.01.16A09142"", 488, 35, 155], [""）199104450779630"", 543, 28, 111], [""매업소섬식품주식회사/서울특시중구층무로2|장재질/풀리프로내1"", 658, 37, 121], [""AACC2"", 736, 23, 601]]"
000550,2026,05,29,2026-05-29,s1,330 | 양정보 100g155kcal | 1일 영0/분 총내용량당 | 기준치/ .1 | 458m2% 지방 4g | 国个时量24.8g 8% 트랜스지방0g | 류 23 2% 1.4g | 量20mg 7% 단질 52 90% | 2.철 | 2벨/PP 88092985814664 | 소비기한 | 2026.05.29(B) | 까지,"[[""330"", 121, 58, 327], [""100g155kcal"", 144, 61, 298], [""양정보"", 148, 71, 155], [""1일 영0/분"", 170, 34, 218], [""총내용량당"", 174, 31, 297], [""기준치/ .1"", 192, 45, 362], [""지방 4g"", 212, 37, 300], [""458m2%"", 225, 68, 156], [""트랜스지방0g"", 248, 42, 313], [""8%"", 249, 28, 264], [""国个时量24.8g"", 264, 49, 157], [""2%"", 284, 30, 265], [""1.4g"", 283, 44, 314], [""류 23"", 300, 43, 160], [""7%"", 320, 27, 267], [""단질 52"", 317, 38, 301], [""量20mg"", 330, 49, 157], [""90%"", 326, 22, 442], [""2.철"", 484, 25, 215], [""2벨/PP"", 503, 24, 211], [""88092985814664"", 512, 30, 277], [""소비기한"", 582, 36, 163], [""2026.05.29(B)"", 640, 45, 210], [""까지"", 674, 33, 435]]"
000551,2026,12,19,2026-12-19,s1,알진 2 | 0기고생기있/하루위해 2식사전후가법 F20 의보존성을 위해 | 0운동 전후 에너지층전을 위하 니0. | /8창또는 손상 | 됩니다 2직사량선을 피해실 | 2 2하시고개봉후반 | 안심하고 드셔도 됩0다 E은소비자 분쟁해 | 보상 2A 0로 인해 | 부정 불량식품 신고는 0나 1 | 011399 | 2고객상담실 2관처 및 고객 | D80-019-9119（） 9식품 신고는 국 | 소비중 | https://www.daesang.com | TS/JUNgONsh0p.0 | 2026.12.19 16:00 까지 C H D PE | 1G 3,"[[""알진 2"", 20, 39, 126], [""2식사전후가법"", 88, 49, 280], [""F20"", 80, 23, 566], [""0기고생기있/하루위해"", 92, 69, 111], [""의보존성을 위해"", 86, 74, 599], [""0운동 전후 에너지층전을 위하"", 126, 69, 112], [""니0."", 126, 23, 613], [""/8창또는 손상"", 143, 73, 597], [""2직사량선을 피해실"", 202, 59, 580], [""2"", 264, 77, 10], [""됩니다"", 233, 40, 116], [""2하시고개봉후반"", 231, 54, 577], [""E은소비자 분쟁해"", 287, 42, 578], [""안심하고 드셔도 됩0다"", 298, 45, 123], [""2A 0로 인해"", 341, 38, 599], [""보상"", 357, 30, 126], [""0나 1"", 371, 40, 651], [""부정 불량식품 신고는"", 375, 40, 123], [""011399"", 402, 31, 127], [""2관처 및 고객"", 423, 56, 572], [""2고객상담실"", 440, 29, 172], [""9식품 신고는 국"", 450, 61, 567], [""D80-019-9119（）"", 468, 29, 131], [""소비중"", 533, 24, 190], [""https://www.daesang.com"", 592, 28, 212], [""TS/JUNgONsh0p.0"", 610, 34, 214], [""2026.12.19 16:00"", 702, 57, 147], [""C H D PE"", 696, 40, 616], [""까지"", 711, 26, 415], [""1G 3"", 740, 31, 610]]"
000552,2026,09,07,2026-09-07,s1,2용순가을 구분하여 사용하십시오 | hps//w.daesang.com 분리수거를 생화합다 | oS/.Jngoeshop.0om 수권한자원.한 환무 G12507 | 2026.09.07 | 09.14/15,"[[""2용순가을 구분하여 사용하십시오"", 540, 52, 76], [""hps//w.daesang.com"", 577, 28, 103], [""분리수거를 생화합다"", 574, 29, 258], [""수권한자원.한 환무"", 599, 30, 258], [""G12507"", 592, 31, 400], [""oS/.Jngoeshop.0om"", 597, 26, 104], [""2026.09.07"", 638, 46, 170], [""09.14/15"", 678, 40, 200]]"
000553,2028,10,24,2028-10-24,s1,식품 유 천연향신료/(건조제품) | 제조업소주신영에에 | 업소명 및 | 소재지 유특전문판매업소롯데//(주 | 是至81（189-3 | 원재료1 2 100 | 는재질.내면) 10털 | 소비기한 면하단 2시2까지 | 품목보고번1 201903878548 | 반품 및 교환장소 구입처 /판0% | 닭고가쇠고기.오징어.조개루 찾초0노성0 있습니다 | 소비기한 | 2028.10.24 8809258659402 | 까지 1OTNER,"[[""천연향신료/(건조제품)"", 52, 43, 320], [""식품 유"", 53, 42, 201], [""제조업소주신영에에"", 90, 38, 324], [""업소명 및"", 118, 38, 198], [""유특전문판매업소롯데//(주"", 145, 46, 327], [""소재지"", 146, 35, 210], [""是至81（189-3"", 180, 73, 356], [""100"", 218, 47, 363], [""원재료1"", 220, 37, 205], [""2"", 216, 27, 328], [""는재질.내면)"", 264, 41, 180], [""10털"", 260, 34, 327], [""소비기한"", 308, 43, 205], [""면하단"", 304, 31, 340], [""2시2까지"", 306, 36, 411], [""품목보고번1"", 352, 43, 191], [""201903878548"", 349, 26, 336], [""구입처 /판0%"", 393, 44, 337], [""반품 및 교환장소"", 400, 39, 182], [""닭고가쇠고기.오징어.조개루 찾초0노성0 있습니다"", 556, 61, 192], [""소비기한"", 634, 31, 113], [""2028.10.24"", 659, 60, 198], [""8809258659402"", 653, 62, 563], [""까지 1OTNER"", 682, 43, 440]]"
000554,2027,09,17,2027-09-17,s1,2027.09.17 B | 증정 | GOOOTGGAY,"[[""2027.09.17 B"", 425, 54, 163], [""증정"", 503, 36, 519], [""GOOOTGGAY"", 901, 34, 555]]"
000555,2027,04,16,2027-04-16,s1,COkN 9 T1 | 유2 | IPP2IEXIOTHER | 22/P | 수를.OPS | 2비기한 | 2027.04.16,"[[""COkN 9 T1"", 254, 40, 206], [""유2"", 410, 34, 363], [""IPP2IEXIOTHER"", 460, 33, 332], [""22/P"", 485, 32, 362], [""수를.OPS"", 510, 33, 353], [""2비기한"", 584, 38, 223], [""2027.04.16"", 622, 45, 245]]"
000556,2026,08,07,2026-08-07,s1,2026.08.07,"[[""2026.08.07"", 408, 46, 185]]"
000557,2026,08,12,2026-08-12,s1,보세요 | 1.500g号280~300m | 정도 숙성시니다 | 2찰숙성된반죽을조금씨 어밟/ 펴준후 | 끊는 육 수에넣어10분간 이면맛있는 | 수제비 반T 및 요2방 수제비가 완성됩니다.기호에 따라 호박 | (4~5인분) 감자 등0채를넣어높이면 더욱 좋습니다 | 를만드실수 있니다 | 소비기한 FA2 | 266 2026.08.12F1 | 1233279 11:46A4 | 지 | 22 750g | 100g345kcal | 영2정보 | OT ER | 125398,"[[""보세요"", 31, 64, 96], [""1.500g号280~300m"", 123, 66, 278], [""정도 숙성시니다"", 174, 35, 291], [""2찰숙성된반죽을조금씨 어밟/ 펴준후"", 206, 48, 276], [""끊는 육 수에넣어10분간 이면맛있는"", 232, 49, 293], [""수제비 반T 및 요2방"", 242, 36, 97], [""수제비가 완성됩니다.기호에 따라 호박"", 257, 49, 295], [""(4~5인분)"", 267, 36, 147], [""감자 등0채를넣어높이면 더욱 좋습니다"", 281, 51, 296], [""를만드실수 있니다"", 318, 35, 38], [""소비기한"", 386, 43, 153], [""FA2"", 404, 41, 480], [""266"", 466, 27, 77], [""2026.08.12F1"", 473, 56, 238], [""1233279"", 496, 33, 83], [""11:46A4"", 508, 48, 283], [""지"", 558, 36, 479], [""22"", 594, 26, 121], [""750g"", 612, 48, 456], [""영2정보"", 663, 52, 183], [""100g345kcal"", 639, 56, 446], [""OT ER"", 900, 40, 498], [""125398"", 923, 34, 372]]"
000558,2025,05,16,2025-05-16,s1,500g | 용기-몰리에를 | 용()재 투껑 폴22 | 20 | 보관1 주의사 직사 을 때 | 20 온도변화에의 결정이생2 | 나1는 법굴내5 의  화2나는 2연 | 상로 품질는 0 없습니다.3 경화된 | 10면 됩니 | 号：033-735760 | 엄2 검사를 필한지 입니다 | 2공정거래워회고시소비재 분해결기준 | 부8 불2식품 신고 1399 | 소분일 | 2Q25.05.16 | 플라스틱 | PET | .PP.외캡.1DPE | 8809017627505 라/PP/N려,"[[""500g"", 12, 24, 247], [""용기-몰리에를"", 37, 32, 253], [""용()재"", 56, 44, 131], [""투껑 폴22"", 63, 26, 257], [""20"", 74, 36, 359], [""직사 을 때"", 90, 33, 258], [""보관1 주의사"", 95, 42, 134], [""온도변화에의 결정이생2"", 123, 56, 261], [""20"", 122, 37, 140], [""의  화2나는 2연"", 147, 52, 243], [""나1는 법굴내5"", 148, 40, 139], [""없습니다.3"", 171, 34, 278], [""상로 품질는 0"", 174, 37, 139], [""경화된"", 180, 44, 347], [""10면 됩니"", 206, 47, 347], [""号：033-735760"", 256, 45, 131], [""엄2 검사를 필한지 입니다"", 314, 50, 130], [""2공정거래워회고시소비재 분해결기준"", 344, 52, 178], [""부8"", 401, 30, 131], [""불2식품 신고"", 400, 30, 176], [""1399"", 401, 36, 309], [""소분일"", 476, 33, 117], [""2Q25.05.16"", 525, 60, 126], [""플라스틱"", 598, 33, 435], [""PET"", 652, 40, 431], ["".PP.외캡.1DPE"", 682, 42, 404], [""8809017627505"", 709, 32, 95], [""라/PP/N려"", 708, 41, 401]]"
000559,2027,04,21,2027-04-21,s1,2027.04-21,"[[""2027.04-21"", 462, 44, 98]]"
000560,2027,07,13,2027-07-13,s1,[코코넷 오일/인도네시0 | 원재료명 필리핀산).잠유].카제인 | 제0인산칼륨.제삼인산/ | 폴2인산/륨.유화제1 | 유화제2 우유 함유 | 포장재질 폴2에틸렌 | 동서식품(주)경상남도 | 제조원 창원시 의창구 반/로 40 | 품목보고번호 19860589043-12 | 소비기한 | 2027.07.13 15:26 | 창 C1 장주영 까지 | ·맛과 향미를 오래 보존하고 흡습을 | 방지하기 위해서 병에 옮겨 담아 | 사용하십시오 | 직사관선을 피하시고 건조한 실온에 | 보관하십시오 | 유통과정에서 변질된 제품 대2점 | 또는 지정에서 교환하여 드립니다 | 1제품은 소비자/본법에 따른 | 소비자분쟁해결기준에 따라 피해를 | 보상해 드립니다,"[[""[코코넷 오일/인도네시0"", 24, 39, 197], [""필리핀산).잠유].카제인"", 67, 38, 200], [""원재료명"", 89, 46, 48], [""제0인산칼륨.제삼인산/"", 110, 37, 201], [""폴2인산/륨.유화제1"", 152, 39, 202], [""유화제2"", 196, 41, 202], [""우유 함유"", 193, 40, 313], [""포장재질"", 244, 38, 62], [""폴2에틸렌"", 242, 39, 205], [""동서식품(주)경상남도"", 292, 39, 209], [""제조원"", 314, 38, 78], [""창원시 의창구 반/로 40"", 330, 38, 209], [""품목보고번호"", 381, 36, 71], [""19860589043-12"", 380, 35, 256], [""소비기한"", 426, 37, 258], [""2027.07.13 15:26"", 501, 49, 140], [""창 C1"", 552, 46, 211], [""장주영"", 557, 48, 349], [""까지"", 572, 37, 499], [""·맛과 향미를 오래 보존하고 흡습을"", 632, 40, 99], [""방지하기 위해서 병에 옮겨 담아"", 666, 42, 113], [""사용하십시오"", 696, 32, 118], [""직사관선을 피하시고 건조한 실온에"", 730, 48, 105], [""보관하십시오"", 760, 37, 123], [""유통과정에서 변질된 제품 대2점"", 794, 39, 112], [""또는 지정에서 교환하여 드립니다"", 824, 41, 124], [""1제품은 소비자/본법에 따른"", 855, 46, 114], [""소비자분쟁해결기준에 따라 피해를"", 884, 39, 132], [""보상해 드립니다"", 912, 36, 133]]"
000561,2028,08,07,2028-08-07,s1,1.1 | 100 | 프리마를 넣어 드세요.품질보존을 위하여 사용 | 후무껑을 닫아 조하고 직사선을 피한 실은 | 보관하세요.유통과정에서 인된 제품은 구0처 | 지점및대리점에서 교하0 드니다.0 제품은 | 소비자기본법에 따른 소재분에해결 기준에 따 | 피해를 보상해 드니다.부정.불량식품 신고는 | 11399080-023-9114 | 라이선스 하에 사용됩니다.질소층전 | 소비기한 2028.08.07.11.46 | 까지 | 유2 | 뚜껑.PP 8801037000382 | //y/www.dongsuh.co.kr,"[[""1.1"", 101, 68, 89], [""100"", 146, 66, 96], [""프리마를 넣어 드세요.품질보존을 위하여 사용"", 193, 65, 96], [""후무껑을 닫아 조하고 직사선을 피한 실은"", 236, 64, 101], [""보관하세요.유통과정에서 인된 제품은 구0처"", 280, 62, 108], [""지점및대리점에서 교하0 드니다.0 제품은"", 322, 56, 115], [""소비자기본법에 따른 소재분에해결 기준에 따"", 363, 58, 119], [""피해를 보상해 드니다.부정.불량식품 신고는"", 402, 53, 125], [""11399080-023-9114"", 441, 50, 133], [""라이선스 하에 사용됩니다.질소층전"", 515, 50, 143], [""소비기한"", 565, 36, 157], [""2028.08.07.11.46"", 576, 49, 186], [""까지"", 626, 37, 458], [""유2"", 721, 28, 215], [""뚜껑.PP"", 760, 23, 204], [""8801037000382"", 746, 28, 306], [""//y/www.dongsuh.co.kr"", 782, 36, 195]]"
000562,2025,12,30,2025-12-30,s1,"BRA2IL CERRAD6 | BR A21L 고소한 너트큐의 플레이버와 맛 | 즐기실 수 있습니다 | 2001 e2001 | 이디야 커피연구소의 연구개발 | MAde bY 0디야 드림팩토2 | 고객님께 제공합니다 | 기한 솔비 2025.12.30 까지 | 13:36 | 05起/200G 10,100","[[""BRA2IL CERRAD6"", 29, 62, 277], [""BR A21L"", 117, 26, 162], [""고소한 너트큐의 플레이버와 맛"", 118, 67, 282], [""즐기실 수 있습니다"", 150, 49, 286], [""2001"", 293, 25, 125], [""e2001"", 280, 51, 212], [""이디야 커피연구소의 연구개발"", 370, 31, 209], [""MAde bY 0디야 드림팩토2"", 469, 22, 205], [""고객님께 제공합니다"", 535, 27, 199], [""솔비"", 622, 40, 106], [""2025.12.30"", 624, 36, 321], [""까지"", 619, 32, 550], [""기한"", 642, 37, 105], [""13:36"", 656, 33, 319], [""10,100"", 855, 130, 300], [""05起/200G"", 846, 56, 182]]"
000563,2026,01,10,2026-01-10,s1,26.01.10 | 20 | 10F,"[[""26.01.10"", 454, 52, 244], [""20"", 830, 33, 626], [""10F"", 856, 45, 636]]"
000564,2026,06,25,2026-06-25,s1,소비기한 | 2026.06.25F01,"[[""소비기한"", 382, 30, 111], [""2026.06.25F01"", 460, 43, 254]]"
000565,2025,12,05,2025-12-05,s1,냉장보관/소비기한 | 2025.12.05  | 15:46 F0608 | B26 | 새쯤 쓸깃탱글면발과 | 골면 과2 특제양념장,"[[""냉장보관/소비기한"", 216, 73, 236], [""2025.12.05 "", 288, 73, 254], [""15:46 F0608"", 326, 65, 256], [""B26"", 385, 34, 212], [""쓸깃탱글면발과"", 444, 79, 218], [""새쯤"", 492, 134, 3], [""과2 특제양념장"", 502, 87, 220], [""골면"", 688, 377, 0]]"
000566,2026,09,17,2026-09-17,s1,0분에 구분 | 2026.09.17X | 오른에 구문 | 고구0램0 | S eeT pO AT0,"[[""0분에 구분"", 325, 52, 397], [""2026.09.17X"", 438, 83, 91], [""오른에 구문"", 636, 117, 194], [""고구0램0"", 741, 251, 34], [""S eeT pO AT0"", 830, 97, 196]]"
000567,2025,10,29,2025-10-29,s1,25.10.29 까지 | 08:11D | TAE 건가한 | 2비엔나 | 280g | x2 | 특별기획,"[[""25.10.29"", 218, 36, 264], [""까지"", 214, 21, 439], [""건가한"", 368, 287, 0], [""08:11D"", 238, 27, 286], [""TAE"", 431, 46, 3], [""2비엔나"", 526, 98, 3], [""280g"", 642, 55, 476], [""x2"", 700, 80, 474], [""특별기획"", 772, 49, 463]]"
000568,2026,02,23,2026-02-23,s1,2유2유 19760263004135 | 825수장안구221021-1 | ：·0-10℃·9卫 | 응기가한항.평창.손사되었을 경우내8물이변 | 1제품은 알류.메일.땅콩.대두.밀.복숭아.토 | 마토.호두.돼지2기.씌고기를 사용한 제품과 같 | 21조시설에서 제조하고 있습니다 | 2026.02.23 | 211161003D,"[[""19760263004135"", 315, 44, 162], [""2유2유"", 328, 33, 68], [""825수장안구221021-1"", 402, 48, 67], [""：·0-10℃·9卫"", 430, 44, 74], [""응기가한항.평창.손사되었을 경우내8물이변"", 532, 36, 80], [""1제품은 알류.메일.땅콩.대두.밀.복숭아.토"", 588, 26, 83], [""마토.호두.돼지2기.씌고기를 사용한 제품과 같"", 616, 30, 83], [""21조시설에서 제조하고 있습니다"", 644, 26, 88], [""2026.02.23"", 700, 35, 140], [""211161003D"", 724, 33, 140]]"
000569,2025,11,02,2025-11-02,s1,2025.11.02弄 | 13148,"[[""2025.11.02弄"", 476, 32, 117], [""13148"", 505, 32, 120]]"
000570,2026,05,20,2026-05-20,s1,2026.05.20NA | NOS EU | 15蛋,"[[""2026.05.20NA"", 273, 78, 218], [""NOS EU"", 518, 44, 179], [""15蛋"", 570, 20, 218]]"
000571,NONE,10,18,NONE-10-18,s1,10ml100/130 | 10.18 11:24 | 外F5.L2 | 가장많0연구1 | 세계 | NO.1 | MAe11 | PR OB O T  C | 1,"[[""10ml100/130"", 25, 42, 410], [""10.18 11:24"", 264, 65, 214], [""外F5.L2"", 304, 60, 210], [""가장많0연구1"", 433, 44, 625], [""세계"", 457, 38, 647], [""NO.1"", 488, 63, 621], [""MAe11"", 517, 43, 345], [""PR OB O T  C"", 663, 38, 241], [""1"", 844, 104, 87]]"
000572,2020,10,09,2020-10-09,clahe,영양정보 | L三号115mg6% 탄수화물 89 | 8g14%0.5g | 콜레스테롤 31 M9 10 201 | 다를 수 있습니다. | 22 | 홈페0/지.wWW.1oodis.com | ILDONG 2 후0스 | 10.15瓶13:56,"[[""영양정보"", 81, 87, 130], [""탄수화물 89"", 111, 81, 541], [""L三号115mg6%"", 150, 79, 128], [""8g14%0.5g"", 194, 126, 199], [""콜레스테롤 31 M9 10 201"", 284, 81, 124], [""다를 수 있습니다."", 384, 53, 124], [""22"", 382, 27, 674], [""홈페0/지.wWW.1oodis.com"", 442, 104, 202], [""ILDONG 2 후0스"", 524, 96, 116], [""10.15瓶13:56"", 622, 106, 56]]"
000573,NONE,NONE,NONE,NONE,fail,gx4m AE/0 U0 | J0  (0.OT~0) bNUY | ET X6 | N 을 AHL 12008 2N야 | 1냉장보관 08 320 g (288kcal / 80g×4) 오늘 하루 요거트 한스문 오늘 하루 요거트 한스준 0늘하루 0거트 한스문 오늘 하루 요거트한스준 2비 기한 10.2粥 10.22M 10.22 10.2 10.2 PeOCh YogurT 복숭0 오늘 하루 요거트 한스준 | 22 좋은 좋은 좋은 01 오2 02 02 JA1 0 떠먹는 0거트 떠먹는 요거트 떠먹는 0거트 2먹는 요거트 떠먹는 요거트 떠먹는 0거트 | G0OD TODAY G00D TODAY GOOD TODAY GOOD 1D0AY %0.002% 복숭0 복숭0 북승아 복승아 복숭0 오늘 하루 요거트 한스준 소비 기한 기한 10.2M | 0 PeOCh YogurT P0OCh YogUrT PeOCh YogUrT PeOCh YogurT 10/뉴 떠먹는 0거트 10.22 | JUNGO UOD8N 2 2비 (0.01~0) 10.2 | G0OD TODAY 유산균 프로바이2틱스 8억마2 복숭0 10/눔 오늘 하루 요거트 한스준 기한 | 연출된/ 01 Pe0Ch YogurT JUNOJ 0떠먹는 0거트 00 8L 1X6 | 좋0 0서/ 공/G AHL8 O 특3 | U1 | GOOD TODAY 320 g (288 kcal/ 80 gx4) 320 g (288kcal/ 0gx42) 320g(288kcal/80gx42) 320g (288kcal/ 80g×4) 320g(288ked/80gX4) 복숭0 프2바 2틱스 프2바 오틱0 프로바0오틱스 8억마2 8억 마2 8억마2 8억마2 8억마2 | 개입 개입 개입 2 냉장보관 냉장보관 냉장보관 6%，0.0142% 6%0.00142% 6%0.0012% 유산균 유산균 유산균 유산균 | gx4 0x4컵 9X4컵 gx4m (0~10℃) (0~10℃) (0~10℃) (0~10℃） | Pe0Ch YogUrT 출된 연 연출된연 연출된 연 출  | 8억마2 | 320 g (288kcal /80gX4) 프로바0오틱0 | 개입 냉장보관 6%0.00142% 유산균 | (0~10℃) | 연출된 에 | 8억마2 | 320g(288kcal/80g×4) | 개입 냉장보관 유산균 | 0X4컵 (0~10℃) %002% | 연출된 예,"[[""10.2"", 254, 41, 441], [""오늘 하루 요거트 한스준"", 278, 31, 149], [""02"", 309, 56, 18], [""떠먹는 0거트"", 325, 64, 150], [""좋은"", 354, 59, 15], [""복숭0"", 394, 71, 146], [""PeOCh YogurT"", 438, 25, 148], [""8억마2"", 768, 55, 522], [""320g (288kcal/ 80g×4)"", 800, 41, 137], [""프로바0오틱스"", 802, 26, 532], [""개입"", 826, 39, 37], [""유산균"", 822, 26, 558], [""냉장보관"", 838, 30, 180], [""6%0.00142%"", 843, 42, 270], [""0x4컵"", 857, 34, 35], [""(0~10℃)"", 860, 29, 181], [""연출된 연"", 874, 31, 602], [""G00D TODAY"", 390, 23, 14], [""10.22M"", 254, 48, 430], [""오늘 하루 요거트 한스문"", 278, 35, 148], [""01"", 310, 67, 13], [""떠먹는 요거트"", 324, 75, 145], [""22"", 348, 81, 7], [""복숭0"", 394, 79, 140], [""G0OD TODAY"", 388, 19, 14], [""PeOCh YogUrT"", 438, 23, 149], [""8억 마2"", 766, 57, 518], [""320 g (288kcal/ 0gx42)"", 800, 51, 131], [""프2바 오틱0"", 800, 27, 533], [""개입"", 826, 41, 38], [""유산균"", 822, 21, 564], [""냉장보관"", 838, 31, 179], [""6%0.0012%"", 843, 46, 269], [""gx4m"", 857, 38, 34], [""(0~10℃)"", 860, 32, 179], [""연출된연"", 874, 34, 600], [""AE/0"", 38, 52, 575], [""gx4m"", 70, 76, 83], [""bNUY"", 80, 55, 571], [""320 g (288kcal / 80g×4)"", 284, 294, 137], [""PeOCh YogurT"", 204, 107, 510], [""복숭0"", 238, 183, 531], [""떠먹는 0거트"", 327, 355, 603], [""오늘 하루 요거트 한스준"", 260, 221, 668], [""1냉장보관"", 216, 99, 105], [""%0.002%"", 390, 255, 98], [""기한"", 404, 31, 682], [""10.22"", 472, 72, 681], [""8억마2"", 592, 143, 166], [""2"", 536, 23, 689], [""프로바이2틱스"", 594, 116, 148], [""유산균"", 590, 56, 131], [""연출된/"", 638, 72, 74], [""12008"", 128, 147, 734], [""2N야"", 134, 67, 809], [""JA1"", 320, 25, 248], [""0"", 320, 33, 262], [""10/뉴"", 483, 183, 359], [""(0.01~0)"", 500, 83, 846], [""JUNOJ"", 640, 55, 283], [""8L"", 645, 70, 806], [""1X6"", 649, 72, 842], [""0서/"", 682, 46, 285], [""J0 "", 86, 35, 45], [""(0.OT~0)"", 99, 31, 457], [""ET X6"", 103, 36, 613], [""을"", 124, 27, 457], [""AHL"", 134, 41, 610], [""N"", 138, 25, 104], [""08"", 194, 51, 56], [""JUNGO UOD8N"", 521, 24, 458], [""10/눔"", 566, 66, 393], [""00"", 606, 60, 616], [""공/G AHL8 O 특3"", 682, 31, 354], [""2비"", 255, 24, 386], [""10.2"", 254, 38, 442], [""기한"", 270, 25, 387], [""오늘 하루 요거트한스준"", 278, 32, 150], [""떠먹는 0거트"", 325, 64, 149], [""복숭0"", 394, 73, 145], [""GOOD TODAY"", 389, 20, 16], [""PeOCh YogurT"", 439, 26, 147], [""U1"", 730, 9, 579], [""8억마2"", 768, 52, 522], [""320 g (288 kcal/ 80 gx4)"", 800, 41, 136], [""유산균"", 822, 29, 561], [""2"", 840, 20, 148], [""9X4컵"", 858, 35, 35], [""(0~10℃）"", 860, 26, 180], [""출된 연"", 874, 31, 602], [""U0"", 28, 25, 691], [""10.2M"", 370, 63, 639], [""소비"", 370, 33, 564], [""기한"", 394, 33, 564], [""0"", 486, 172, 10], [""오늘 하루 요거트 한스준"", 406, 40, 220], [""떠먹는 0거트"", 474, 92, 220], [""복숭0"", 575, 98, 212], [""G0OD TODAY"", 567, 31, 25], [""Pe0Ch YogurT"", 640, 33, 219], [""8억마2"", 1118, 73, 765], [""320 g (288kcal /80gX4)"", 1166, 52, 201], [""프로바0오틱0"", 1169, 32, 779], [""개입"", 1205, 56, 52], [""유산균"", 1199, 38, 821], [""냉장보관"", 1222, 41, 263], [""6%0.00142%"", 1230, 56, 391], [""(0~10℃)"", 1254, 37, 266], [""연출된 에"", 1274, 39, 881], [""10.2"", 507, 82, 886], [""2비"", 506, 47, 771], [""기한"", 542, 43, 773], [""오늘 하루 요거트 한스준"", 556, 54, 302], [""01"", 618, 103, 35], [""0떠먹는 0거트"", 650, 140, 297], [""좋0"", 708, 114, 31], [""복숭0"", 786, 141, 292], [""GOOD TODAY"", 778, 33, 33], [""Pe0Ch YogUrT"", 878, 43, 301], [""8억마2"", 1532, 105, 1049], [""320g(288kcal/80g×4)"", 1600, 80, 276], [""개입"", 1652, 70, 82], [""유산균"", 1644, 45, 1128], [""냉장보관"", 1674, 55, 359], [""%002%"", 1686, 71, 548], [""0X4컵"", 1716, 59, 74], [""(0~10℃)"", 1721, 46, 368], [""연출된 예"", 1748, 56, 1208], [""10.2粥"", 256, 55, 377], [""오2"", 310, 56, 16], [""2먹는 요거트"", 325, 66, 150], [""좋은"", 353, 60, 15], [""북승아"", 396, 77, 144], [""8억마2"", 767, 48, 525], [""320g(288ked/80gX4)"", 798, 37, 140], [""10.22"", 254, 42, 441], [""0늘하루 0거트 한스문"", 277, 32, 149], [""GOOD 1D0AY"", 390, 19, 16], [""P0OCh YogUrT"", 438, 25, 148], [""8억마2"", 768, 51, 523], [""320g(288kcal/80gx42)"", 800, 44, 136], [""프2바 2틱스"", 802, 27, 532], [""개입"", 826, 42, 37], [""유산균"", 822, 27, 562], [""냉장보관"", 838, 30, 181], [""6%，0.0142%"", 844, 45, 269], [""gx4"", 858, 36, 34], [""(0~10℃)"", 860, 27, 183], [""출 "", 874, 31, 603], [""02"", 309, 58, 15], [""떠먹는 요거트"", 325, 64, 150], [""좋은"", 354, 59, 14], [""복승아"", 394, 73, 145]]"
000574,2026,02,24,2026-02-24,s1,"130mL/95kcal 18.HOPE | 个站号24g7% 15g15% | 00% | （%2,000kcal219 | 습니다. | 2026.02.24 | 209:26 AT A8","[[""130mL/95kcal"", 52, 106, 135], [""18.HOPE"", 17, 39, 573], [""15g15%"", 121, 88, 365], [""个站号24g7%"", 122, 81, 0], [""00%"", 261, 76, 18], [""（%2,000kcal219"", 330, 84, 0], [""습니다."", 383, 53, 0], [""2026.02.24"", 513, 100, 162], [""209:26"", 623, 91, 180], [""AT A8"", 623, 59, 525]]"
000575,NONE,10,14,NONE-10-14,up2x,10.14 13:48 | 00199 P JS | 01 | 품유형 및 21 | 내용량 750mL 유동기한,"[[""10.14"", 726, 71, 467], [""13:48"", 740, 92, 747], [""00199"", 786, 78, 470], [""P JS"", 810, 95, 834], [""01"", 1518, 67, 1129], [""품유형"", 1567, 114, 742], [""및 21"", 1630, 121, 1106], [""내용량"", 1740, 124, 744], [""750mL"", 1746, 97, 939], [""유동기한"", 1760, 114, 1122]]"
000576,2026,05,21,2026-05-21,s1,2023.08.22 | 2026.05.21 | 생산담당 박 순 01 | 풀무원,"[[""2023.08.22"", 460, 58, 225], [""2026.05.21"", 508, 50, 227], [""생산담당"", 548, 33, 111], [""박 순 01"", 554, 51, 231], [""풀무원"", 840, 229, 145]]"
000577,2026,04,20,2026-04-20,s1,지0를 달아 보란 | 25.06.1 | 2H식 2026.04.20X | DDOOD,"[[""지0를 달아 보란"", 79, 30, 574], [""25.06.1"", 192, 43, 587], [""2H식"", 488, 175, 0], [""2026.04.20X"", 468, 56, 271], [""DDOOD"", 757, 32, 241]]"
000578,2026,03,04,2026-03-04,s1,직화참/름김 | 12봉 | 큼김 | AP3 Roasted Seaweed | Se0sONed with | Sesame Oil | 2026.03.04外 450/30,"[[""직화참/름김"", 103, 104, 103], [""12봉"", 284, 311, 39], [""큼김"", 484, 111, 492], [""Roasted Seaweed"", 572, 37, 454], [""AP3"", 592, 33, 355], [""Se0sONed with"", 601, 36, 452], [""Sesame Oil"", 630, 39, 449], [""2026.03.04外"", 669, 47, 184], [""450/30"", 672, 35, 456]]"
000579,2026,07,10,2026-07-10,s1,EXP:2026/0710 | 191 | 0 | 2-0 | 22 /1,"[[""EXP:2026/0710"", 490, 92, 54], [""191"", 562, 62, 396], [""0"", 681, 30, 136], [""2-0"", 798, 121, 376], [""22"", 852, 21, 27], [""/1"", 920, 71, 671]]"
000580,2026,02,28,2026-02-28,s1,ER 6 | 2026.02.28B911:27 | 식품유형/과자/유탕처2제품 보관방법/실은보관 | 금)정제을레인유/을레 | 따래.효모추출물/향신료올레오레진류 | 01,"[[""ER 6"", 364, 39, 598], [""2026.02.28B911:27"", 483, 75, 54], [""보관방법/실은보관"", 699, 44, 416], [""식품유형/과자/유탕처2제품"", 712, 51, 6], [""금)정제을레인유/을레"", 845, 59, 24], [""따래.효모추출물/향신료올레오레진류"", 928, 64, 36], [""01"", 944, 29, 606]]"
000581,2026,02,25,2026-02-25,s1,소비 2026.02.25/B | 기한 비늘 | OT1,"[[""소비"", 504, 50, 60], [""2026.02.25/B"", 528, 75, 142], [""기한"", 548, 47, 65], [""비늘"", 560, 48, 821], [""OT1"", 651, 44, 790]]"
000582,2025,11,21,2025-11-21,s1,202511.21.까지.21 | /6 | Wi-Th,"[[""202511.21.까지.21"", 430, 52, 103], [""/6"", 747, 55, 594], [""Wi-Th"", 818, 99, 449]]"
000583,2028,11,05,2028-11-05,clahe,1세육세지 | 0 EN5-11.280 01:35 | G S 8 | U피/0투0콩 까지 | 1품 | 가슴살/국산)정제수카놀라유(카놀유(0국 | 규소수지도당흑후추 후추외국 | M시아 등M].안데스소금혼합제제(젖산니트륨 | 류가공품혼합제제2인산나트0로인산 | 탄산수소L트룹 항신료조제품1NE민C 1신,"[[""1세육세지"", 305, 42, 404], [""0"", 453, 50, 40], [""EN5-11.280"", 447, 87, 136], [""01:35"", 470, 27, 308], [""G S 8"", 630, 35, 448], [""U피/0투0콩"", 690, 94, 1], [""까지"", 668, 42, 455], [""1품"", 729, 34, 7], [""가슴살/국산)정제수카놀라유(카놀유(0국"", 768, 34, 5], [""규소수지도당흑후추 후추외국"", 802, 49, 0], [""M시아 등M].안데스소금혼합제제(젖산니트륨"", 842, 41, 2], [""류가공품혼합제제2인산나트0로인산"", 878, 50, 0], [""탄산수소L트룹 항신료조제품1NE민C 1신"", 916, 48, 1]]"
000584,2026,07,15,2026-07-15,s1,00복한세상 | 112 | V0통학대 | CROU21 2통권보장원 | 15 | 2025.07.16A 부터 | 2026.07.15 | 1지 | 만있는 약속,"[[""00복한세상"", 193, 163, 283], [""112"", 241, 109, 465], [""V0통학대"", 288, 46, 337], [""2통권보장원"", 440, 91, 486], [""CROU21"", 468, 63, 115], [""15"", 520, 37, 246], [""부터"", 614, 41, 430], [""2025.07.16A"", 626, 62, 168], [""2026.07.15"", 678, 61, 173], [""1지"", 678, 47, 433], [""만있는 약속"", 690, 62, 517]]"
000585,2026,05,16,2026-05-16,det5,PR | C.0 | A GoldeN PUre INdulgeNCe | C0okies BAked Tre0T GPR IN EVerY C0okies BiTe | 2-CL A SSIC- | BUTTER C0OKIES | ENTS:WheAT FOUr.VegeTAble O1 (PAlM O1l).SUgAr.BUTTer.FUL CreAM Mlk POWder.R | Flavouring and RaisingAgent(Sodium Bicarbonate)(INS 50oi).ALLERGEN INFORMA | heAT.Mk &soY. MANUTACTured oN eqUiP eNT ThAT AlSo proCesses produCTs ThAT CoNTAiN | AMUAN.TePUN9 GANdUM.MiNVAk SA/UrAN (MiNYAk KElAPA SAWT).GUA.MeNTegA.Sert | KiS Mis Pers2 karbonat)(INs500i). MAK | ATAN YANg jugA Me Mproses | 트랜스/방09 LE号265mg13% 영양정보 원재료1 제조회사 소재지 업소명 내용량 ALeVer Sodum 2VegeTAle (HUe DePAlM qU8 SUr des eqUPe eNT 0 BiCArboN | S:HArNA DeTg0. ACeiT e | 14g93% 号77g24% 보관방법.직사광선을 피하고 서늘한 곳에 보관 결기준 의거 교한 또는보상을 받을수있습니다 하고있습니다. 본제품 공정거래위원회 고시소비자 분쟁해 #본제품은 계란.너트류를 사용한 제품과 2은 제조시설에서 제조 유전자변형대투포함가능성있음 전지분유 건표도합성향료 버터) 산수소나트를 )12% GL OB AL PREMUM RES OUR CES SDN.BHD 图/O|TEL.051-265-8045 소비기한 제품의 별도시까지 114g (601kcal) 제품영 지02클래식버터쿠키 N02es AS PerMTidos.LeVedANTe AromatizantePermitidoGa Ch8 Y SoA.FAbriCAdo eN e TES.FArNhA de Trg0.Oe FAbriCAdo eM eqUpAMe | 콜레스테ZOM9 0% 异24g24% 원산지 반풍 및 교환 포장재질 식품유 | E8g 15% 71929g54% 114g601kcal U22 2우 .대함 2이시1 수원및구처 U2 | EZP:2026.05.16 | B.NO:CK.BT.AF1124,"[[""PR"", 20, 23, 319], [""C.0"", 48, 51, 137], [""GPR"", 107, 90, 237], [""A GoldeN"", 88, 25, 136], [""PUre INdulgeNCe"", 86, 23, 431], [""BAked Tre0T"", 108, 23, 124], [""IN EVerY"", 105, 22, 464], [""C0okies"", 128, 20, 145], [""C0okies BiTe"", 125, 26, 452], [""2-CL A SSIC-"", 163, 40, 197], [""C0OKIES"", 215, 98, 330], [""BUTTER"", 222, 87, 95], [""ENTS:WheAT FOUr.VegeTAble O1 (PAlM O1l).SUgAr.BUTTer.FUL CreAM Mlk POWder.R"", 274, 42, 0], [""Flavouring and RaisingAgent(Sodium Bicarbonate)(INS 50oi).ALLERGEN INFORMA"", 293, 40, 0], [""heAT.Mk &soY."", 318, 25, 0], [""MANUTACTured oN eqUiP eNT ThAT AlSo proCesses produCTs ThAT CoNTAiN"", 310, 31, 137], [""AMUAN.TePUN9 GANdUM.MiNVAk SA/UrAN (MiNYAk KElAPA SAWT).GUA.MeNTegA.Sert"", 329, 39, 0], [""Pers2"", 351, 21, 75], [""karbonat)(INs500i)."", 343, 26, 495], [""MAK"", 341, 20, 674], [""KiS Mis"", 354, 19, 11], [""ATAN YANg"", 363, 22, 496], [""jugA Me Mproses"", 360, 23, 572], [""원재료1"", 395, 55, 276], [""제조회사"", 393, 57, 329], [""소재지"", 393, 44, 357], [""업소명"", 391, 44, 379], [""소비기한 제품의 별도시까지"", 482, 244, 399], [""내용량"", 390, 47, 428], [""제품영 지02클래식버터쿠키"", 460, 197, 449], [""결기준 의거 교한 또는보상을 받을수있습니다"", 509, 272, 169], [""하고있습니다. 본제품 공정거래위원회 고시소비자 분쟁해"", 544, 343, 193], [""#본제품은 계란.너트류를 사용한 제품과 2은 제조시설에서 제조"", 544, 344, 218], [""2VegeTAle (HUe DePAlM"", 378, 28, 494], [""트랜스/방09"", 418, 73, 39], [""LE号265mg13%"", 434, 111, 62], [""영양정보"", 411, 66, 91], [""보관방법.직사광선을 피하고 서늘한 곳에 보관"", 506, 257, 146], [""ALeVer Sodum"", 396, 23, 501], [""BiCArboN"", 395, 20, 645], [""图/O|TEL.051-265-8045"", 505, 188, 378], [""114g (601kcal)"", 469, 116, 428], [""qU8 SUr des eqUPe eNT 0"", 414, 35, 496], [""전지분유 건표도합성향료 버터) 산수소나트를"", 558, 283, 277], ["")12%"", 589, 346, 299], [""GL OB AL PREMUM RES OUR CES SDN.BHD"", 543, 256, 330], [""유전자변형대투포함가능성있음"", 520, 190, 255], [""S:HArNA DeTg0."", 433, 22, 499], [""ACeiT e"", 431, 20, 657], [""AromatizantePermitidoGa"", 450, 32, 498], [""Ch8 Y SoA.FAbriCAdo eN e"", 469, 26, 499], [""号77g24%"", 534, 105, 69], [""TES.FArNhA de Trg0.Oe"", 486, 25, 502], [""14g93%"", 538, 103, 40], [""AS PerMTidos.LeVedANTe"", 504, 27, 501], [""FAbriCAdo eM eqUpAMe"", 522, 21, 517], [""N02es"", 542, 20, 514], [""콜레스테ZOM9 0%"", 639, 112, 46], [""异24g24%"", 622, 81, 74], [""반풍 및 교환"", 635, 84, 412], [""포장재질"", 634, 57, 438], [""식품유"", 632, 61, 461], [""114g601kcal"", 692, 161, 103], [""원산지"", 640, 57, 390], [""2우 .대함"", 714, 107, 265], [""2이시1"", 702, 69, 389], [""수원및구처"", 711, 100, 412], [""U2"", 677, 16, 443], [""E8g 15%"", 736, 82, 53], [""71929g54%"", 736, 73, 82], [""U22"", 736, 15, 156], [""EZP:2026.05.16"", 807, 42, 217], [""B.NO:CK.BT.AF1124"", 838, 45, 214]]"
000586,2026,03,14,2026-03-14,s2,2026.03.1400,"[[""2026.03.1400"", 444, 73, 90]]"
000587,2026,02,07,2026-02-07,s1,2비/7 | 10N 분0 있는 20 02 | 제품에수분 것0/니 | 가혹 0니라 제조과정시 생/는 쉽게 변질되오. 2급 적 한번0 | 삼키시면 2식의 위협0 2시지 0십시2 | 파손되어 있는 경우 | J째로는 소비자분쟁해결/준에  거 | 제품2 | 니다 | 영양정보 총내 01 | 三喜10mg1% 28g9% | 9g9% 1.2g2% | 0g0% 콜레스테롤 0Mg 0% 2질 | 2요 열량에 따라 다를 수 있습니다 | 고객행복센터 | 비닐류 소중한의견을기다니다 | 080-850-1200 | OT AER 1666-5471（号） | 0j.co.kr | 2026.02.0777 | 11300/0,"[[""02"", 21, 46, 599], [""2비/7"", 22, 45, 2], [""20"", 54, 23, 291], [""10N"", 80, 42, 6], [""있는"", 70, 30, 217], [""한번0"", 82, 51, 446], [""분0"", 80, 37, 150], [""것0/니"", 74, 58, 283], [""적"", 86, 29, 408], [""제품에수분"", 108, 80, 35], [""가혹"", 140, 32, 7], [""위협0"", 135, 78, 342], [""0십시2"", 150, 58, 453], [""쉽게 변질되오. 2급"", 132, 117, 129], [""0니라 제조과정시 생/는"", 130, 136, 0], [""2시지"", 166, 55, 352], [""삼키시면 2식의"", 176, 103, 135], [""파손되어 있는 경우"", 215, 106, 104], [""J째로는"", 285, 62, 48], [""소비자분쟁해결/준에  거"", 262, 138, 137], [""제품2"", 321, 63, 44], [""총내 01"", 354, 88, 535], [""니다"", 351, 46, 74], [""28g9%"", 420, 76, 290], [""영양정보"", 443, 77, 22], [""三喜10mg1%"", 476, 75, 34], [""1.2g2%"", 472, 69, 314], [""2질"", 494, 35, 682], [""9g9%"", 525, 62, 42], [""콜레스테롤 0Mg 0%"", 520, 79, 306], [""0g0%"", 566, 62, 50], [""2요 열량에 따라 다를 수 있습니다"", 633, 85, 55], [""고객행복센터"", 678, 47, 322], [""소중한의견을기다니다"", 706, 39, 324], [""비닐류"", 739, 34, 189], [""080-850-1200"", 741, 33, 315], [""1666-5471（号）"", 771, 34, 318], [""OT AER"", 796, 37, 184], [""0j.co.kr"", 802, 35, 315], [""2026.02.0777"", 886, 68, 76], [""11300/0"", 874, 127, 585]]"
000588,2025,11,28,2025-11-28,s1,0 | 평가 | 50년전통의 비법을담은 | 재22 | 2025.11.28外 JR2 | 1016-7 F3,"[[""0"", 24, 48, 379], [""평가"", 279, 357, 304], [""50년전통의 비법을담은"", 463, 32, 306], [""재22"", 538, 101, 291], [""2025.11.28外"", 746, 49, 260], [""JR2"", 740, 32, 550], [""1016-7"", 780, 37, 260], [""F3"", 788, 32, 435]]"
000589,2026,04,02,2026-04-02,s1,E장.싈/(내면) | 제조원/1울 | 100%号 0100% 경상북도영N | 품목보고번11 | 건강한 1거2입니다 | 까있는 TIP/조2/예 보관방법 | 반품및교 | E | 10 소비/한 | 본제품 | 같은 시 | 본제 | 해결 | 안심하세요! 제품의 보관온도와 가공2자에 따2 있습 | 본 | 2 | 801207 120599 | OT ER | 2026.04.02M10-28 LEO,"[[""E장.싈/(내면)"", 29, 45, 574], [""100%号"", 34, 62, 128], [""제조원/1울"", 53, 48, 570], [""0100%"", 44, 91, 132], [""경상북도영N"", 78, 51, 572], [""품목보고번11"", 105, 46, 578], [""건강한 1거2입니다"", 96, 85, 133], [""보관방법"", 147, 46, 587], [""까있는 TIP/조2/예"", 125, 110, 126], [""반품및교"", 198, 49, 593], [""E"", 232, 45, 608], [""10"", 265, 49, 458], [""소비/한"", 268, 50, 611], [""본제품"", 315, 50, 626], [""같은 시"", 350, 54, 631], [""본제"", 388, 52, 637], [""해결"", 428, 55, 648], [""안심하세요!"", 440, 75, 117], [""있습"", 472, 51, 661], [""제품의 보관온도와 가공2자에 따2"", 466, 91, 122], [""본"", 519, 44, 679], [""2"", 568, 43, 686], [""801207"", 739, 36, 343], [""120599"", 737, 40, 495], [""OT ER"", 746, 37, 123], [""2026.04.02M10-28 LEO"", 850, 70, 61]]"
000590,2025,12,05,2025-12-05,s1,2025.12.05/16:01:02,"[[""2025.12.05/16:01:02"", 591, 62, 128]]"
000591,2026,07,27,2026-07-27,s1,20 중량 | (자사용기 대비1) | 2 껌 | M2널 | 26.07.27 까지 | 2에틸런 품목보고번호 19690086003932,"[[""20"", 48, 98, 186], [""중량"", 53, 40, 360], [""(자사용기 대비1)"", 88, 40, 289], [""2"", 504, 327, 0], [""껌"", 457, 142, 190], [""M2널"", 697, 119, 0], [""26.07.27"", 746, 81, 386], [""까지"", 748, 49, 656], [""2에틸런"", 927, 52, 0], [""품목보고번호"", 936, 43, 165], [""19690086003932"", 925, 48, 323]]"
000592,2025,03,25,2025-03-25,s1,TUHE50ITEE7096 | KOBYM/DATE DEN BALLAGE | ATE/FECMA DEEPIRA OO1 26/03/2023 | D/DATE DE LUMUTE DE 25/032025 | MAT/ ON | /NUMERO DE LOTE E2204401D3085 | APT MM/NUMERO DE 10 | JONAL FAC15 排10 NETWEIGHT 30g/r | 1UN 22 M0O NET 1.05oz | GAAAENETOS | AIES | PR/1443/995 17960041231798 | 200334V01 | ACS2/4 KALZWEASRLANGA1064 | BWAL NOELAESCIN,"[[""TUHE50ITEE7096"", 128, 33, 505], [""KOBYM/DATE DEN BALLAGE"", 258, 47, 3], [""26/03/2023"", 274, 48, 384], [""ATE/FECMA DEEPIRA OO1"", 296, 45, 1], [""25/032025"", 312, 48, 385], [""D/DATE DE LUMUTE DE"", 332, 44, 0], [""MAT/ ON"", 367, 36, 0], [""E2204401D3085"", 388, 50, 306], [""/NUMERO DE LOTE"", 399, 36, 3], [""APT MM/NUMERO DE 10"", 428, 40, 2], [""30g/r"", 475, 58, 548], [""NETWEIGHT"", 468, 31, 431], [""JONAL FAC15"", 486, 28, 0], [""排10"", 492, 26, 434], [""1UN"", 513, 24, 0], [""22"", 524, 46, 119], [""M0O NET"", 516, 30, 434], [""1.05oz"", 528, 45, 556], [""GAAAENETOS"", 538, 31, 432], [""AIES"", 622, 25, 0], [""PR/1443/995"", 684, 33, 2], [""17960041231798"", 686, 35, 342], [""200334V01"", 728, 29, 533], [""ACS2/4"", 820, 90, 0], [""KALZWEASRLANGA1064"", 792, 27, 214], [""BWAL NOELAESCIN"", 834, 29, 215]]"
000593,2026,07,22,2026-07-22,erode5,LOTTT PEPER0 | 26.07.22 00: 13 F2 川大,"[[""PEPER0"", 117, 84, 466], [""LOTTT"", 134, 42, 252], [""川大"", 226, 48, 778], [""26.07.22 00: 13 F2"", 236, 80, 203]]"
000594,2026,08,25,2026-08-25,s1,기운내 내9 E사 | E타임 | 2잔 재 01 | From. 00 | 2025.08.26E2 | 2026.08.25B,"[[""기운내"", 106, 57, 183], [""2잔"", 196, 183, 75], [""재"", 204, 175, 212], [""내9"", 122, 27, 748], [""E사"", 149, 30, 749], [""E타임"", 184, 36, 707], [""01"", 222, 38, 732], [""From."", 284, 45, 185], [""2025.08.26E2"", 332, 63, 286], [""00"", 320, 41, 847], [""2026.08.25B"", 382, 69, 279]]"
000595,2026,05,01,2026-05-01,s1,고소한 현0 | 2026.05.01715:35 27,"[[""고소한 현0"", 130, 111, 196], [""2026.05.01715:35"", 279, 50, 262], [""27"", 324, 108, 684]]"
000596,2026,08,13,2026-08-13,s1,안전관2인증 | HACCP | 부터 | 2026.08.13.81,"[[""안전관2인증"", 138, 25, 207], [""HACCP"", 168, 36, 207], [""부터"", 286, 37, 608], [""2026.08.13.81"", 316, 45, 254]]"
000597,2026,09,02,2026-09-02,s1,통전용 소비 2025.09.03/17:42 부터 | 기한 2026.09.02 까지,"[[""통전용"", 314, 126, 0], [""소비"", 316, 41, 257], [""부터"", 308, 45, 688], [""2025.09.03/17:42"", 320, 59, 363], [""기한"", 378, 42, 261], [""2026.09.02"", 380, 58, 366], [""까지"", 373, 42, 687]]"
000598,2026,03,09,2026-03-09,s1,HACCP HACCP 인G 제품 | 5：2017041515830 | 8801117546519 | 밀.달갈.우유.대두.함유 | 소비 부터 | 25.09.10(09:55) | 의한 피해보상.직사광선을 피해 기한 26.03.09(A)F4 2까지 | ）080-023-5700) | 2구입한곳,"[[""HACCP"", 52, 28, 553], [""HACCP 인G 제품"", 58, 33, 645], [""5：2017041515830"", 102, 37, 2], [""8801117546519"", 254, 35, 539], [""밀.달갈.우유.대두.함유"", 313, 36, 108], [""소비"", 338, 32, 458], [""부터"", 341, 36, 865], [""25.09.10(09:55)"", 356, 35, 525], [""의한 피해보상.직사광선을 피해"", 386, 38, 1], [""기한"", 390, 35, 458], [""26.03.09(A)F4"", 392, 45, 517], [""2까지"", 386, 38, 863], [""）080-023-5700)"", 419, 36, 1], [""2구입한곳"", 456, 34, 2]]"
000599,2026,09,04,2026-09-04,s1,소비1 | 기/한 2026.09.04A3. 1지,"[[""소비1"", 257, 66, 82], [""기/한"", 336, 70, 78], [""2026.09.04A3."", 334, 51, 271], [""1지"", 341, 64, 733]]"
000600,2026,08,31,2026-08-31,s1,BA1 2025.09.01 2코O분발 4.%. | 2026.08.31F2A | A0릿가공,"[[""2코O분발 4.%."", 156, 269, 784], [""BA1"", 111, 72, 379], [""2025.09.01"", 202, 64, 371], [""2026.08.31F2A"", 250, 71, 379], [""A0릿가공"", 363, 163, 784]]"
000601,2026,01,27,2026-01-27,s1,2025.04.28B | 부터 | 2026.01.27 까1지 | 맛있는 약속,"[[""2025.04.28B"", 234, 42, 324], [""부터"", 262, 35, 623], [""2026.01.27"", 314, 41, 324], [""까1지"", 322, 33, 624], [""맛있는 약속"", 344, 36, 698]]"
000602,2026,09,22,2026-09-22,s1,CROUN | 2025.09.23A 부터 | 2026.09.22 2까지 | 맞있는 약속,"[[""CROUN"", 64, 49, 414], [""2025.09.23A"", 268, 69, 202], [""부터"", 262, 38, 525], [""2까지"", 330, 50, 533], [""2026.09.22"", 344, 69, 199], [""맞있는 약속"", 345, 54, 627]]"
000603,2026,09,24,2026-09-24,s1,"344383 | 1달갈,쇠고기 혼업 가능 2객/원센터1 | 기본법에의한피해 보상 | 중 질품은 구입 상점 및 | 1상 교환·부정불량 | 1399 | 2키지 않도록 주의 8 ""801062""002542 | 고온에 약하 JMNN | 에서지사광을 26.09.24B | 보관해주시고 OT HER | 2십시오","[[""1달갈,쇠고기 혼업 가능"", 27, 48, 60], [""344383"", 24, 52, 762], [""기본법에의한피해 보상"", 68, 47, 48], [""2객/원센터1"", 62, 55, 454], [""중 질품은 구입 상점 및"", 112, 45, 46], [""1상 교환·부정불량"", 155, 48, 57], [""1399"", 198, 44, 48], [""2키지 않도록 주의"", 243, 54, 55], [""8"", 247, 24, 464], [""\""801062\""002542"", 257, 50, 495], [""고온에 약하"", 289, 60, 67], [""에서지사광을"", 336, 61, 76], [""26.09.24B"", 352, 61, 529], [""JMNN"", 340, 35, 860], [""보관해주시고"", 378, 55, 85], [""OT HER"", 399, 44, 853], [""2십시오"", 412, 31, 69]]"
000604,2026,09,15,2026-09-15,s1,골레스대2 | 수산자 요금 부담) 롯데월0드 | 1T///ww.loTTewelfood.C0m | 2026.09.15B1 | 까지 880106,"[[""골레스대2"", 16, 36, 166], [""수산자 요금 부담)"", 172, 43, 324], [""롯데월0드"", 188, 57, 840], [""1T///ww.loTTewelfood.C0m"", 213, 35, 297], [""2026.09.15B1"", 354, 75, 254], [""까지"", 417, 56, 675], [""880106"", 392, 60, 787]]"
000605,2028,07,01,2028-07-01,s1,/1.닭고기.계란.우 | 2028.07.01A,"[[""/1.닭고기.계란.우"", 17, 35, 705], [""2028.07.01A"", 272, 64, 263]]"
000606,2026,10,01,2026-10-01,rot90,10부 0 | 050kcal) 120gx5 号：600g 레스챔치멸균제품 의유형 20 클래식 0묘 | 까지 2026년 10월 01일 표시된 날짜보다 긴제품만으로 구성될 수 있습니다 1기 소비기한은 내용물 중짧은 제품 기준0며 조2여,"[[""050kcal)"", 76, 131, 26], [""120gx5"", 78, 148, 60], [""号：600g"", 84, 166, 98], [""레스챔치멸균제품"", 124, 215, 134], [""의유형"", 87, 144, 167], [""10부"", 37, 28, 197], [""0"", 37, 30, 244], [""20"", 64, 25, 213], [""0묘"", 65, 26, 244], [""클래식"", 118, 85, 208], [""표시된 날짜보다 긴제품만으로 구성될 수 있습니다"", 492, 452, 244], [""1기 소비기한은 내용물 중짧은 제품 기준0며"", 493, 418, 275], [""2026년 10월 01일"", 494, 338, 117], [""까지"", 687, 76, 62], [""조2여"", 696, 64, 323]]"
000607,2028,06,23,2028-06-23,s1,(식육통조림/멸균제품 | 복보고번호 20050405003230 | 반품 및 구입처및 | 00.kr 교환장소 2객만족. 센터 8801047862673 | 산.0국 | 포솔트01 2028.06-23 | A가공품 | 5).카라기 까지 | (발색제),"[[""(식육통조림/멸균제품"", 124, 53, 3], [""복보고번호"", 155, 38, 1], [""20050405003230"", 170, 44, 142], [""반품 및"", 245, 45, 202], [""00.kr"", 263, 39, 2], [""구입처및"", 255, 40, 377], [""교환장소"", 276, 33, 189], [""2객만족. 센터"", 284, 40, 358], [""산.0국"", 304, 54, 1], [""8801047862673"", 298, 41, 578], [""포솔트01"", 354, 55, 0], [""A가공품"", 398, 55, 0], [""2028.06-23"", 398, 61, 273], [""5).카라기"", 448, 62, 4], [""까지"", 474, 47, 744], [""(발색제)"", 492, 45, 0]]"
000608,2026,08,13,2026-08-13,s2,SOS NC | 2026.08.1322 | 165,"[[""SOS NC"", 88, 97, 371], [""165"", 276, 45, 273], [""2026.08.1322"", 218, 41, 275]]"
000609,2027,06,11,2027-06-11,s1,22궤/제안하는 | 다양한레피를 확인해보세요 | 2027.06.11外 500 | 10:02-02 | 4%,"[[""22궤/제안하는"", 14, 32, 553], [""다양한레피를 확인해보세요"", 36, 43, 470], [""2027.06.11外"", 244, 47, 397], [""500"", 244, 45, 710], [""10:02-02"", 297, 48, 395], [""4%"", 344, 53, 707]]"
000610,2026,06,04,2026-06-04,s1,NCE1065 F.1 | 1동 | 1는 2026.06.04 ,"[[""F.1"", 216, 52, 393], [""NCE1065"", 214, 23, 2], [""1동"", 272, 103, 0], [""1는"", 363, 36, 0], [""2026.06.04 "", 374, 55, 392]]"
000611,2026,07,20,2026-07-20,s1,포화지방 09 % | 콜레스테롤 0M9 0 % | 단백질 29 4% 1객상담실 | %）2.000kcal 080-019-9119 | /준00로 개인의 필요 열량에 따라 다를 수 있습니다 1수신자요금부담) | 기한 2026.07.20B,"[[""포화지방 09"", 50, 52, 250], [""%"", 63, 34, 587], [""콜레스테롤 0M9"", 100, 53, 220], [""0"", 106, 25, 560], [""%"", 108, 29, 591], [""단백질 29"", 148, 47, 220], [""4%"", 153, 42, 553], [""1객상담실"", 178, 37, 700], [""%）2.000kcal"", 194, 41, 242], [""/준00로 개인의 필요 열량에 따라 다를 수 있습니다"", 224, 37, 214], [""080-019-9119"", 216, 36, 665], [""1수신자요금부담)"", 246, 39, 673], [""기한"", 370, 45, 217], [""2026.07.20B"", 362, 54, 408]]"
000612,2026,05,07,2026-05-07,s1,업소명 및 112 | 2재지 제조원:(주)동방푸드0스타 | 号105 | 번길70 | 2026.05.07/A 나트 | 까지 | 원재료명 CJCH,"[[""업소명 및"", 30, 57, 315], [""112"", 22, 44, 405], [""2재지"", 70, 39, 331], [""제조원:(주)동방푸드0스타"", 58, 54, 411], [""号105"", 93, 53, 405], [""번길70"", 134, 34, 408], [""2026.05.07/A"", 276, 68, 365], [""나트"", 261, 37, 746], [""까지"", 330, 56, 610], [""원재료명"", 391, 44, 332], [""CJCH"", 393, 54, 412]]"
000613,2026,05,28,2026-05-28,s1,22 | 보관 사용 전혼들어 주세요 | 2231 | 2026.05.28 | 13:47,"[[""22"", 112, 39, 634], [""보관 사용 전혼들어 주세요"", 142, 53, 201], [""2231"", 198, 82, 242], [""2026.05.28"", 294, 81, 221], [""13:47"", 350, 59, 337]]"
000614,2026,03,07,2026-03-07,s1,20기한 | 2026.03.07A | 16:09,"[[""20기한"", 209, 50, 187], [""2026.03.07A"", 252, 50, 352], [""16:09"", 309, 51, 412]]"
000615,2026,03,24,2026-03-24,s1,2시고 냉장보관하십시오 | 소비기한 | 2026.03.24A | 까지,"[[""2시고 냉장보관하십시오"", 239, 40, 248], [""소비기한"", 285, 38, 242], [""2026.03.24A"", 304, 47, 369], [""까지"", 346, 30, 606]]"
000616,2026,09,10,2026-09-10,s1,반들T 환장소.고객상담실 및구입처 | 제품은 소비자기본법에 의거 교환 또는 보생 | 1399 소비자중 CCM | 8고객상담실 080019-9119） | 0지사진 | 18:32 | 2026.09.10 까지,"[[""반들T 환장소.고객상담실 및구입처"", 72, 105, 165], [""제품은 소비자기본법에 의거 교환 또는 보생"", 113, 82, 190], [""CCM"", 127, 24, 633], [""소비자중"", 152, 33, 594], [""1399"", 162, 87, 171], [""080019-9119）"", 200, 53, 294], [""8고객상담실"", 220, 53, 175], [""0지사진"", 249, 54, 108], [""18:32"", 290, 49, 418], [""까지"", 362, 44, 658], [""2026.09.10"", 362, 77, 232]]"
000617,2026,07,11,2026-07-11,det5,하는 향신료 줄/00로 안심하고 드시오 | 담실 hTtps//ww.dAaesANg.com 분리수거를생활화합다 | 신자요금부담) DAE S ANG hTtps//.J.UNgoN.eshop.om 소중한자원 한  | CCM 소비기한 2026.07.11.3  22 0 | J자중 까지 00 | 경거에위원회,"[[""안심하고 드시오"", 36, 64, 438], [""하는 향신료 줄/00로"", 46, 92, 7], [""담실"", 114, 60, 0], [""분리수거를생활화합다"", 106, 46, 654], [""hTtps//ww.dAaesANg.com"", 116, 56, 332], [""소중한자원 한 "", 146, 53, 655], [""신자요금부담)"", 162, 63, 0], [""hTtps//.J.UNgoN.eshop.om"", 154, 54, 335], [""DAE S ANG"", 173, 32, 215], [""소비기한"", 229, 69, 109], [""2026.07.11.3"", 242, 111, 310], ["" 22"", 232, 31, 733], [""0"", 228, 15, 871], [""CCM"", 267, 40, 8], [""00"", 264, 18, 865], [""J자중"", 300, 45, 0], [""까지"", 296, 49, 681], [""경거에위원회"", 348, 22, 0]]"
000618,2026,08,26,2026-08-26,s1,"V3LH(30g),将32含 | ※전자레인지 조리 불가 | 1.号1.5cm 2.팬에 식용유를 넣고 중/에 | 깍뜻 쌀고.,대파는 얇게 1분정도 충분히예열한뒤 3. | 0슷쌀어주세요 돼지고기를 넣고 2분간찰볶0주세요 | 2운 마파두부 TiP | 홍콩식 0파두부의 소비기한 | 다양한 레시피를 2026.08-26701553 | 활 해세요 | 2)품목보고번호 199104450779152 소비기한 후면 표/N일 | 1제양0 | 지/자","[[""V3LH(30g),将32含"", 36, 37, 1], [""※전자레인지 조리 불가"", 36, 30, 684], [""1.号1.5cm"", 90, 28, 13], [""2.팬에 식용유를 넣고 중/에"", 84, 30, 319], [""3."", 88, 31, 609], [""깍뜻 쌀고.,대파는 얇게"", 118, 31, 37], [""1분정도 충분히예열한뒤"", 111, 28, 329], [""0슷쌀어주세요"", 146, 31, 49], [""돼지고기를 넣고 2분간찰볶0주세요"", 138, 32, 290], [""2운 마파두부 TiP"", 198, 33, 3], [""소비기한"", 254, 43, 220], [""홍콩식 0파두부의"", 258, 36, 25], [""2026.08-26701553"", 264, 46, 397], [""다양한 레시피를"", 287, 37, 34], [""활 해세요"", 317, 36, 47], [""소비기한"", 347, 38, 598], [""후면 표/N일"", 340, 45, 722], [""199104450779152"", 356, 41, 338], [""2)품목보고번호"", 376, 61, 1], [""1제양0"", 422, 46, 0], [""지/자"", 442, 23, 226]]"
000619,2026,09,15,2026-09-15,s1,yo170kcal | E64609 23% 탄수화 41 /13%5 18.18 | 00%0g0g0% | 量量0mg0% 2g4% | %2000kcal | 2의 필요 열량 따라 다를 수 있습니다 | 11:06 | 2026.09.15 | 까지,"[[""yo170kcal"", 10, 20, 491], [""E64609 23% 탄수화 41 /13%5 18.18"", 44, 66, 230], [""00%0g0g0%"", 82, 64, 230], [""2g4%"", 118, 36, 426], [""量量0mg0%"", 126, 39, 236], [""%2000kcal"", 158, 42, 238], [""2의 필요 열량 따라 다를 수 있습니다"", 194, 45, 243], [""11:06"", 248, 32, 479], [""2026.09.15"", 292, 49, 331], [""까지"", 321, 32, 581]]"
000620,2026,07,06,2026-07-06,s1,개통 후 장 보관고추씨 입는 원료 고육의 성분 | 안심하고 드십시오 | 2026.07.06 | 13:55,"[[""개통 후 장 보관고추씨 입는 원료 고육의 성분"", 117, 62, 255], [""안심하고 드십시오"", 154, 47, 260], [""2026.07.06"", 285, 48, 291], [""13:55"", 332, 46, 382]]"
000621,2026,08,25,2026-08-25,s1,기준에의거 교환 보장 또 | 2소제조및각구입처 | 1399 | 2비기한 | 2026. 08. 25 A F2,"[[""기준에의거 교환 보장 또"", 42, 61, 229], [""2소제조및각구입처"", 95, 84, 211], [""1399"", 143, 50, 215], [""2비기한"", 234, 61, 174], [""2026. 08. 25 A F2"", 298, 75, 258]]"
000622,2027,01,02,2027-01-02,s1,양(중)17 | 남은 국물에 | 700 2기/ 시작하면 야채와 볶아 드셔도 | 양념을 넣고 센분에 추가재료를 넣고 면을따로삶 | 3분간입니다 약 5분간 더 입니다 더욱 맛았습 | 2027.01.2 | 식품유형 소(균제품) 품목보고번호 1991044507755,"[[""양(중)17"", 24, 37, 867], [""남은 국물에"", 68, 36, 861], [""700"", 100, 39, 260], [""볶아 드셔도"", 97, 34, 861], [""2기/ 시작하면 야채와"", 108, 34, 536], [""양념을 넣고 센분에"", 133, 48, 258], [""추가재료를 넣고"", 140, 31, 562], [""면을따로삶"", 139, 33, 859], [""3분간입니다"", 166, 41, 259], [""약 5분간 더 입니다"", 172, 29, 560], [""더욱 맛았습"", 170, 33, 859], [""2027.01.2"", 303, 61, 375], [""식품유형"", 415, 56, 64], [""품목보고번호"", 410, 54, 507], [""1991044507755"", 399, 46, 725], [""소(균제품)"", 418, 52, 237]]"
000623,2027,03,10,2027-03-10,s1,2타과. ） | 2027.03.10 까지 | GAL | 1味： DA6,"[[""2타과."", 21, 42, 159], [""）"", 16, 40, 488], [""2027.03.10"", 258, 41, 218], [""까지"", 258, 39, 587], [""GAL"", 280, 24, 640], [""DA6"", 300, 37, 577], [""1味："", 306, 33, 296]]"
000624,2027,06,15,2027-06-15,s1,2 제철 재료 소비기한 | 21시피가 2027.06.15 F2 | 궁금하다면? 품질관2/자0의성 | Q080-996-777 ：8010,"[[""소비기한"", 176, 53, 211], [""2"", 198, 59, 13], [""제철 재료"", 201, 48, 52], [""21시피가"", 251, 52, 56], [""2027.06.15 F2"", 246, 58, 301], [""궁금하다면?"", 302, 55, 34], [""품질관2/자0의성"", 307, 60, 300], [""Q080-996-777"", 381, 65, 25], [""：8010"", 380, 59, 845]]"
000625,2027,04,01,2027-04-01,s1,"80105""299602 | 소비기/한 | 2027.04.01 | D010159 | 유2 고객지원/요금은생8가/부S2 | 080-996-7","[[""80105\""299602"", 83, 32, 336], [""소비기/한"", 158, 44, 278], [""2027.04.01"", 234, 55, 388], [""D010159"", 298, 40, 405], [""고객지원/요금은생8가/부S2"", 376, 50, 490], [""유2"", 398, 33, 340], [""080-996-7"", 430, 47, 547]]"
000626,2026,07,01,2026-07-01,s1,26.07.01 | H16:20F1,"[[""26.07.01"", 506, 67, 207], [""H16:20F1"", 569, 66, 208]]"
000627,2019,08,02,2019-08-02,erode3,2ER O SUG AR | PR0 ERP 282:19:8.2 | SUGAr 3/3 | 맛있는 | 곤약젤2 | J23 Geen Gr0p8 | 201%,"[[""2ER O SUG AR"", 106, 45, 456], [""PR0"", 406, 39, 87], [""ERP"", 424, 39, 90], [""SUGAr 3/3"", 524, 55, 104], [""J23"", 851, 28, 191], [""Geen Gr0p8"", 868, 39, 238], [""201%"", 920, 77, 167], [""282:19:8.2"", 406, 81, 173], [""맛있는"", 606, 131, 85], [""곤약젤2"", 694, 115, 106]]"
000628,2025,02,03,2025-02-03,s1,25.02.03/1300LF1,"[[""25.02.03/1300LF1"", 398, 109, 224]]"
000629,2022,10,10,2022-10-10,rot180,2MT0 | 101022.60292 中三汽 | 高Q,"[[""2MT0"", 382, 131, 546], [""中三汽"", 572, 34, 264], [""101022.60292"", 592, 78, 140], [""高Q"", 695, 68, 389]]"
000630,2026,03,31,2026-03-31,s1,202603.31 | CUTT/NG PUIN | 제품명 검은콩 귀리 효투 투유 포무재질대면) 폴리프로렌 | 2명 | 두-미국산.장).단산칼.정제소금(구산)대두.호두.땅롯.잣암유 | 01 별도 표기일까지 | 가공두유(별균제품) | 2018049104473 | 유통전문판0원-서울우유협동7 | 2기0,"[[""202603.31"", 327, 74, 284], [""CUTT/NG PUIN"", 364, 41, 0], [""제품명"", 566, 47, 0], [""검은콩 귀리 효투 투유"", 591, 60, 96], [""포무재질대면)"", 630, 56, 410], [""폴리프로렌"", 646, 49, 560], [""2명"", 665, 41, 0], [""두-미국산.장).단산칼.정제소금(구산)대두.호두.땅롯.잣암유"", 784, 139, 49], [""01"", 770, 27, 4], [""별도 표기일까지"", 800, 75, 43], [""가공두유(별균제품)"", 844, 77, 29], [""2018049104473"", 884, 70, 19], [""유통전문판0원-서울우유협동7"", 926, 72, 8], [""2기0"", 944, 30, 5]]"
000631,2025,11,15,2025-11-15,s1,개8PP | OTH- ER | 는모두 0마트의 상표입니다 N1660 | 노보텐5의 0념과설천 | 25.11.15,"[[""개8PP"", 76, 35, 0], [""OTH- ER"", 108, 33, 0], [""N1660"", 169, 70, 267], [""는모두 0마트의 상표입니다"", 194, 38, 0], [""노보텐5의 0념과설천"", 216, 27, 292], [""25.11.15"", 404, 65, 47]]"
000632,2025,12,28,2025-12-28,s1,도안산시단원구 시화로38(성곡동 | 80-5678 | 구입저 및 판매원 포장재질/내면.폴2에틸3 | 인전관2인증 | 2025.12.28 HACCP | N1065,"[[""도안산시단원구 시화로38(성곡동"", 36, 69, 116], [""80-5678"", 122, 41, 38], [""포장재질/내면.폴2에틸3"", 128, 57, 225], [""구입저 및 판매원"", 154, 53, 15], [""인전관2인증"", 336, 27, 451], [""HACCP"", 354, 30, 452], [""2025.12.28"", 402, 75, 164], [""N1065"", 474, 53, 414]]"
000633,2025,12,24,2025-12-24,s1,"236kcal | 29g 29 % 지방 88 处量34g10% | .5g 558379 5 2 | 印量30mg10%日 단백질 78 | 3 21 | 2열광에 따라 다를 수 있습니다 | 소비기한 | 2025.12,24 | 23128 B3 2 | 2,580","[[""处量34g10%"", 45, 93, 213], [""236kcal"", 26, 55, 314], [""29g"", 44, 31, 15], [""29 %"", 46, 42, 139], [""지방 88"", 62, 56, 213], ["".5g"", 76, 37, 0], [""558379"", 106, 89, 209], [""印量30mg10%日"", 114, 50, 0], [""5"", 102, 20, 361], [""단백질 78"", 132, 53, 206], [""2"", 118, 33, 510], [""2열광에 따라 다를 수 있습니다"", 168, 32, 1], [""3"", 161, 20, 351], [""21"", 176, 39, 471], [""소비기한"", 312, 43, 0], [""2025.12,24"", 395, 51, 71], [""23128 B3"", 432, 50, 65], [""2"", 436, 33, 399], [""2,580"", 558, 139, 0]]"
000634,2026,02,05,2026-02-05,s1,011399 | 2026.02.05 | B3 2유나,"[[""011399"", 29, 50, 318], [""2026.02.05"", 430, 45, 152], [""B3"", 462, 37, 148], [""2유나"", 472, 41, 226]]"
000635,2026,02,21,2026-02-21,s1,양정보 245g | 丝喜18mg 탄수화물 100g#527kcal 920% | 异24号 24% 27g50% | 2랜스지8 Ogl | 4mg1%E6g1 | 1 영양성분7 天量（%）2.000kcal | 개인의 필요 | 02 | 2025.08.22早 | 2026.02.21 맛있는약속 | 궁2/1,"[[""245g"", 188, 30, 221], [""100g#527kcal"", 206, 40, 196], [""양정보"", 231, 53, 0], [""탄수화물"", 232, 33, 174], [""920%"", 222, 31, 234], [""丝喜18mg"", 262, 48, 0], [""27g50%"", 254, 45, 136], [""24%"", 272, 37, 70], [""异24号"", 288, 44, 0], [""Ogl"", 294, 37, 75], [""2랜스지8"", 309, 39, 0], [""4mg1%E6g1"", 296, 75, 83], [""天量（%）2.000kcal"", 314, 68, 92], [""02"", 370, 99, 284], [""1 영양성분7"", 352, 39, 7], [""개인의 필요"", 367, 38, 8], [""2025.08.22早"", 438, 78, 116], [""맛있는약속"", 458, 43, 315], [""2026.02.21"", 473, 78, 127], [""궁2/1"", 600, 49, 341]]"
000636,2026,03,09,2026-03-09,s1,2026.03.09 | 21릇,"[[""2026.03.09"", 496, 95, 90], [""21릇"", 908, 77, 0]]"
000637,2026,06,17,2026-06-17,s1,2026.06.1722:37:55L1,"[[""2026.06.1722:37:55L1"", 353, 110, 16]]"
000638,2026,06,16,2026-06-16,s1,집새요2.볶음요2.샤브사브등 | 실당면 | 龙口粉丝园 | 2026.06.1606:36:45L1,"[[""집새요2.볶음요2.샤브사브등"", 16, 35, 9], [""실당면"", 58, 82, 9], [""龙口粉丝园"", 106, 27, 66], [""2026.06.1606:36:45L1"", 398, 44, 89]]"
000639,2026,02,02,2026-02-02,s1,U1 | N615 | 소비기한 | 2026.02.02 | 까지 | 쓸깃한 면발과 가쓰오조0 | No BrANd 12소,"[[""U1"", 18, 38, 63], [""N615"", 80, 59, 300], [""소비기한"", 280, 45, 92], [""2026.02.02"", 316, 33, 130], [""까지"", 350, 25, 341], [""쓸깃한 면발과 가쓰오조0"", 742, 65, 321], [""No BrANd"", 776, 32, 183], [""12소"", 780, 114, 307]]"
000640,2026,02,08,2026-02-08,s1,21한 | 2026.02.08 | 까지,"[[""21한"", 337, 34, 0], [""2026.02.08"", 384, 85, 71], [""까지"", 385, 39, 414]]"
000641,2026,09,02,2026-09-02,s1,2026.09.02 | 까지 B | 권장설취7및섭취방법 | 영양정보 | 30g8 | L트 110mg | 탄수화률 269 8% | 0류 139 13% | 지방 13g 2% | 0 | 트랜0지방 09 | 포화/방 Q79 Ong 22 | 콜레스E1 | 단질 29 17SGRAE 26 % 583 | 비E민 A a3mg 26 | 비타인 81 Q.35mg | 나0야 비타민 82 3.75mgNE 555 28 | 비타민 B6 038mg 25 % | 25mg | 275m心-TE25% | 25 %,"[[""2026.09.02"", 401, 40, 188], [""까지 B"", 431, 38, 186], [""권장설취7및섭취방법"", 546, 30, 138], [""영양정보"", 594, 89, 155], [""8%"", 619, 29, 391], [""110mg"", 627, 40, 285], [""13%"", 640, 38, 388], [""30g8"", 642, 42, 178], [""269"", 651, 30, 301], [""2%"", 661, 33, 402], [""0"", 664, 21, 473], [""L트"", 664, 43, 182], [""139"", 675, 31, 308], [""탄수화률"", 685, 50, 190], [""13g"", 700, 39, 311], [""22"", 725, 66, 431], [""0류"", 710, 37, 210], [""09"", 722, 31, 328], [""지방"", 738, 37, 206], [""Q79"", 747, 36, 326], [""트랜0지방"", 748, 54, 226], [""583"", 750, 33, 476], [""Ong"", 764, 35, 343], [""26"", 772, 25, 427], [""%"", 766, 25, 441], [""포화/방"", 776, 45, 235], [""29"", 787, 34, 348], [""26"", 797, 24, 436], [""콜레스E1"", 802, 59, 228], [""17SGRAE"", 800, 66, 336], [""555"", 843, 86, 439], [""단질"", 833, 52, 235], [""a3mg"", 828, 38, 345], [""28"", 846, 48, 470], [""비E민 A"", 852, 57, 242], [""Q.35mg"", 853, 44, 344], [""비타인 81"", 873, 64, 248], [""3.75mgNE"", 874, 55, 354], [""25 %"", 881, 38, 460], [""비타민 82"", 892, 64, 255], [""038mg"", 901, 48, 360], [""나0야"", 917, 65, 257], [""25mg"", 917, 37, 381], [""275m心-TE25%"", 923, 73, 371], [""25 %"", 932, 37, 477], [""비타민 B6"", 936, 49, 267]]"
000642,2025,09,01,2025-09-01,s1,T02 2025.09.01 | 섬블 | 400g | 388 영양정보 100g495kcal | 기씨 100 g  12 기준치대한비율 | 푼[설 | 글2 나트룹 150 mg 8% | 탄수화물 65 g 20% | 당류 21g 21% | 지방 23 g 43 % | 트랜스지방 08 | 36 %,"[[""T02"", 338, 81, 0], [""2025.09.01"", 288, 86, 182], [""섬블"", 460, 172, 0], [""400g"", 542, 61, 222], [""영양정보"", 595, 78, 60], [""100g495kcal"", 578, 59, 197], [""12"", 618, 28, 265], [""388"", 629, 31, 0], [""기준치대한비율"", 640, 66, 205], [""기씨"", 667, 35, 0], [""100 g "", 658, 41, 64], [""8%"", 680, 40, 342], [""푼[설"", 698, 34, 0], [""나트룹"", 710, 37, 58], [""150 mg"", 700, 33, 168], [""글2"", 727, 32, 0], [""20%"", 733, 44, 334], [""탄수화물"", 756, 35, 56], [""65 g"", 749, 34, 188], [""21g"", 800, 38, 206], [""21%"", 784, 45, 348], [""당류"", 806, 40, 87], [""23 g"", 855, 40, 145], [""43 %"", 836, 48, 349], [""지방"", 858, 39, 51], [""트랜스지방"", 910, 42, 85], [""08"", 906, 37, 241], [""36 %"", 935, 49, 359]]"
000643,2026,01,21,2026-01-21,s1,"rAnd 칼 02 | 0 /CA2 202601.21 | 분2스프1 | 0.6% | 후 무껑을 닫고 2분정도 지난 뒤찰 저0 드면 됩 | 2스프를 첨가하0나트륨(소금섭추를 조절하십시오 | /164g（230kca | 캐나다산)1성전분정제소금국산)옥수수기름옥 | 아브라질등)7소수지혼합제제산도조제.정제 | 4.6% 1399 | 영양정보 164g230kcal | （22%65%（19% 총내용량당 | 2.120mg106%号49g15%1g1% | 일.대두계란,새우.쇠고기.우유.아활산류함 1.8g3%0g0g0% | 525 0mg0%5g9%","[[""칼"", 276, 295, 184], [""rAnd"", 168, 27, 0], [""02"", 221, 123, 339], [""0 /CA2"", 442, 46, 0], [""202601.21"", 450, 62, 139], [""분2스프1"", 480, 63, 0], [""0.6%"", 517, 38, 0], [""후 무껑을 닫고 2분정도 지난 뒤찰 저0 드면 됩"", 643, 42, 5], [""2스프를 첨가하0나트륨(소금섭추를 조절하십시오"", 672, 42, 3], [""/164g（230kca"", 706, 30, 91], [""캐나다산)1성전분정제소금국산)옥수수기름옥"", 730, 36, 14], [""아브라질등)7소수지혼합제제산도조제.정제"", 756, 39, 4], [""4.6%"", 781, 38, 3], [""1399"", 801, 34, 340], [""（22%65%（19%"", 832, 36, 3], [""영양정보"", 824, 31, 237], [""164g230kcal"", 836, 37, 390], [""총내용량당"", 850, 26, 236], [""2.120mg106%号49g15%1g1%"", 887, 45, 239], [""일.대두계란,새우.쇠고기.우유.아활산류함"", 909, 38, 10], [""1.8g3%0g0g0%"", 916, 43, 239], [""525"", 930, 33, 2], [""0mg0%5g9%"", 941, 36, 236]]"
000644,2027,03,11,2027-03-11,s1,커피#달달한 #당충전#홈/페 덱스커피 | 27.03.11 | 16:23,"[[""커피#달달한 #당충전#홈/페"", 156, 297, 111], [""덱스커피"", 256, 426, 249], [""27.03.11"", 568, 43, 106], [""16:23"", 617, 44, 137]]"
000645,2025,05,13,2025-05-13,s1,2025-05-13 | LR13303:51 | NO BrANd | 브랜드가 0니다.소비자다 | 수입원/(주)0마트/ | 서울특1층7세종 피하고 | 대로/3/순1동) ：021380.5678 JUL | 소비기한/용기/상단 주시2 개봉후 잘흔들0 | 별도 표시일까지 반드시냉장보관 | 년.월.2.준) | 원재료명사과주 | (사과퓨.사과/축물) | 망고퓨21,"[[""2025-05-13"", 394, 46, 95], [""LR13303:51"", 427, 61, 91], [""NO BrANd"", 554, 45, 125], [""브랜드가 0니다.소비자다"", 573, 42, 128], [""피하고"", 678, 28, 416], [""JUL"", 714, 40, 376], [""수입원/(주)0마트/"", 698, 65, 123], [""잘흔들0"", 714, 33, 417], [""서울특1층7세종"", 717, 72, 129], [""주시2"", 738, 27, 357], [""개봉후"", 734, 37, 413], [""대로/3/순1동)"", 738, 69, 133], [""반드시냉장보관"", 753, 38, 356], [""：021380.5678"", 755, 66, 137], [""소비기한/용기/상단"", 777, 59, 144], [""별도 표시일까지"", 801, 55, 147], [""년.월.2.준)"", 821, 50, 153], [""원재료명사과주"", 836, 59, 155], [""(사과퓨.사과/축물)"", 853, 66, 158], [""망고퓨21"", 910, 39, 248]]"
000646,2027,01,15,2027-01-15,s1,UApeTr01 | 12하니 15/01/2027,"[[""UApeTr01"", 449, 41, 20], [""15/01/2027"", 490, 55, 138], [""12하니"", 502, 24, 43]]"
000647,2026,08,19,2026-08-19,s1,2026.08.19 | ERO L 2ERC OTZEROT 제품명 | 식품유 2 | 소바기한/우경포61 | 0J2ERC 명/정 | 2ERO 보관방법 B2 JIEIP1869 | 제조원 | B,"[[""2026.08.19"", 298, 37, 166], [""OTZEROT"", 602, 112, 84], [""제품명"", 606, 43, 277], [""ERO L 2ERC"", 651, 111, 81], [""식품유 2"", 626, 86, 276], [""소바기한/우경포61"", 654, 95, 277], [""0J2ERC"", 750, 104, 91], [""명/정"", 687, 82, 281], [""B2 JIEIP1869"", 813, 74, 287], [""2ERO"", 875, 96, 99], [""보관방법"", 844, 52, 292], [""제조원"", 881, 44, 292], [""B"", 924, 29, 233]]"
000648,2028,08,28,2028-08-28,s1,A M.L2 | (%8Y | (%E)8UT9 / | 220310MB28N.A288 2.우유.대투할유 | 0 012 .탄산 | 2028/08/2802 글2세린 | 원산지 | A2 | 20,"[[""A M.L2"", 227, 34, 266], [""2.우유.대투할유"", 324, 149, 348], [""(%8Y"", 282, 39, 172], [""(%E)8UT9 /"", 309, 46, 175], ["".탄산"", 352, 51, 435], [""220310MB28N.A288"", 349, 85, 38], [""글2세린"", 406, 71, 423], [""012"", 402, 127, 94], [""0"", 449, 97, 0], [""원산지"", 472, 64, 476], [""2028/08/2802"", 462, 113, 86], [""20"", 708, 22, 417], [""A2"", 676, 65, 420]]"
000649,2020,10,12,2020-10-12,rot180,CAY | 0TUW AANO AS> | 흙은 극2YA/3 | .0. | 121020.17,"[[""CAY"", 72, 50, 0], [""0TUW AANO AS>"", 308, 32, 356], [""흙은 극2YA/3"", 358, 38, 0], ["".0."", 424, 30, 361], [""121020.17"", 470, 41, 66]]"
000650,2026,08,05,2026-08-05,s1,10g18% | 수육2 OT ER | 스티1.PP | 128 | 2026.08.050m | 10:49903 | 080,"[[""10g18%"", 65, 24, 238], [""OT ER"", 138, 73, 448], [""수육2"", 139, 40, 440], [""스티1.PP"", 167, 60, 434], [""128"", 196, 72, 0], [""2026.08.050m"", 437, 39, 105], [""10:49903"", 480, 47, 132], [""080"", 724, 114, 0]]"
000651,2026,06,25,2026-06-25,s1,2026.06.250 | M3/AJ0,"[[""2026.06.250"", 437, 46, 104], [""M3/AJ0"", 516, 59, 209]]"
000652,2027,03,31,2027-03-31,s1,보관하세요.입구 부분 내용물이 국으면잘안열릴 주있0 | 사용 후찰 닭 투껑을 닫아 주세요.보관 T 침전이 생길수 | 있0나2률로 고유의 성분으로안심하고드져도 | 1399 | 본제품은공정거래 위원회 고소비자 분지기준에 | 의거 교환 또는 보상 받을 수 있습니다 | ）：080023-3399 | 소비기한 | 2027.03.31.A 까지 | 영양정보 490g100g39kcal | 나트룹 5Mg 0%지방 0g0% | 탄수화물 75 g 23% 트랜스지방 0 | 02 2 g 2% 포화지방 0 8 0% | 0/ 48 콜레스테Z 0mg0% | 62g 질 0g0% | 개인의 필요 열량에 따2 다를 수있습니다,"[[""보관하세요.입구 부분 내용물이 국으면잘안열릴 주있0"", 145, 58, 11], [""사용 후찰 닭 투껑을 닫아 주세요.보관 T 침전이 생길수"", 183, 62, 14], [""있0나2률로 고유의 성분으로안심하고드져도"", 222, 50, 15], [""1399"", 262, 48, 31], [""본제품은공정거래 위원회 고소비자 분지기준에"", 300, 44, 27], [""의거 교환 또는 보상 받을 수 있습니다"", 337, 40, 27], [""）：080023-3399"", 377, 38, 39], [""소비기한"", 434, 42, 36], [""2027.03.31.A"", 478, 47, 140], [""까지"", 492, 43, 423], [""영양정보"", 563, 79, 27], [""490g100g39kcal"", 575, 48, 179], [""나트룹"", 630, 40, 37], [""5Mg 0%지방"", 634, 44, 136], [""0g0%"", 631, 50, 365], [""탄수화물"", 672, 43, 34], [""75 g 23%"", 677, 40, 127], [""트랜스지방"", 678, 39, 260], [""0"", 674, 41, 363], [""02"", 715, 42, 43], [""2 g 2%"", 719, 42, 133], [""포화지방"", 721, 40, 260], [""0 8"", 718, 39, 368], [""0%"", 714, 36, 431], [""0/"", 757, 48, 40], [""48"", 764, 41, 129], [""콜레스테Z"", 765, 42, 254], [""0mg0%"", 758, 50, 367], [""62g"", 804, 64, 36], [""질"", 806, 44, 251], [""0g0%"", 800, 45, 368], [""개인의 필요 열량에 따2 다를 수있습니다"", 880, 48, 35]]"
000653,2027,01,19,2027-01-19,s1,제조번호2 C08474B | 사용기한 2027.01.19,"[[""C08474B"", 461, 49, 192], [""제조번호2"", 474, 41, 23], [""2027.01.19"", 500, 56, 196], [""사용기한"", 530, 41, 29]]"
000654,2028,07,02,2028-07-02,s1,2028.07.02个 | 250703Gb05298,"[[""2028.07.02个"", 388, 103, 69], [""250703Gb05298"", 445, 106, 40]]"
000655,2026,08,27,2026-08-27,s1,영양정보 100g568k | 三60mg34%号33g10%16g16 | 引人暖0mg0% 19g35% | 2비기 | 2026.08.27 B252 F2,"[[""영양정보"", 35, 58, 0], [""100g568k"", 40, 55, 324], [""三60mg34%号33g10%16g16"", 92, 56, 0], [""引人暖0mg0%"", 187, 40, 1], [""19g35%"", 194, 48, 188], [""2비기"", 310, 45, 0], [""2026.08.27"", 410, 70, 54], [""B252 F2"", 424, 57, 239]]"
000656,2026,09,04,2026-09-04,s1,40 | 115kcal | 1일 영양성분 | 기준치에 대한 비율 | Ng 38% | 3% | 10% | 5% | DONgWoN OT ER | 8% | 22% | 12g 22% | 叫（%）号2.000kcal | 따라 다를 수있습니다 8801047183655 | 2026.09.04 4 AJG,"[[""40"", 30, 33, 49], [""115kcal"", 60, 30, 111], [""1일 영양성분"", 91, 38, 73], [""기준치에 대한 비율"", 122, 34, 19], [""38%"", 152, 30, 147], [""Ng"", 160, 20, 0], [""3%"", 180, 29, 162], [""10%"", 209, 30, 151], [""5%"", 236, 31, 165], [""DONgWoN"", 268, 31, 276], [""OT ER"", 266, 23, 428], [""8%"", 290, 27, 169], [""22%"", 317, 24, 161], [""12g"", 350, 23, 1], [""22%"", 343, 26, 161], [""叫（%）号2.000kcal"", 374, 37, 0], [""8801047183655"", 387, 25, 282], [""따라 다를 수있습니다"", 398, 36, 6], [""4 AJG"", 506, 55, 337], [""2026.09.04"", 519, 64, 96]]"
000657,2026,07,27,2026-07-27,s1,랜0J0방 00 | 와0 19 4% 11元 | 2A를 08 /g 3% 89 | 0 2.0 7% 24 | 2026.07.27,"[[""랜0J0방"", 80, 49, 0], [""00"", 84, 37, 169], [""와0"", 127, 46, 0], [""19"", 130, 39, 172], [""4%"", 133, 40, 279], [""11元"", 140, 39, 495], [""2A를"", 172, 45, 2], [""08 /g"", 173, 42, 134], [""3%"", 174, 41, 282], [""89"", 180, 40, 500], [""0"", 218, 37, 4], [""2.0"", 216, 30, 175], [""7%"", 216, 35, 287], [""24"", 221, 36, 495], [""2026.07.27"", 490, 72, 97]]"
000658,2026,01,16,2026-01-16,s1,2026.01.16617,"[[""2026.01.16617"", 503, 93, 80]]"
000659,2026,08,24,2026-08-24,s1,FAV or | S W EET1 | 2026.08.24 | 까지 | 804433 103688 | MADE IN KOREA | 소비자 인전관2인증 | 중심 HACCP,"[[""FAV or"", 102, 165, 50], [""S W EET1"", 245, 148, 131], [""2026.08.24"", 490, 53, 88], [""까지"", 550, 31, 410], [""103688"", 714, 39, 301], [""804433"", 732, 38, 178], [""MADE IN KOREA"", 782, 66, 170], [""인전관2인증"", 834, 43, 419], [""소비자"", 859, 30, 271], [""HACCP"", 859, 47, 423], [""중심"", 881, 24, 293]]"
000660,2026,02,28,2026-02-28,s1,니다 | 영양정보 | 나트룹 150mg 8% 19g | 35% | 탄수화률 100g 31% 트랜스지방 02 | 33g 33% 포화지방 14g93% | 콜/레스테톨 15 Mg 5% 단백질 68 11% | 2026.02.28B20:35 | 기한 까지 | 801728 108830 | MADE IN KOREA | 안전관2인증,"[[""니다"", 95, 40, 6], [""영양정보"", 153, 72, 2], [""8%"", 210, 33, 219], [""19g"", 216, 61, 273], [""나트룹"", 218, 44, 1], [""150mg"", 215, 36, 89], [""35%"", 247, 47, 455], [""탄수화률"", 266, 43, 2], [""100g"", 262, 38, 109], [""31%"", 259, 36, 212], [""트랜스지방"", 265, 50, 299], [""02"", 278, 43, 412], [""33g"", 312, 41, 19], [""33%"", 308, 36, 207], [""포화지방"", 311, 48, 298], [""14g93%"", 327, 56, 394], [""15 Mg"", 358, 37, 130], [""5%"", 356, 33, 220], [""단백질 68"", 360, 54, 275], [""콜/레스테톨"", 360, 43, 4], [""11%"", 378, 33, 473], [""2026.02.28B20:35"", 542, 49, 145], [""기한"", 603, 40, 37], [""까지"", 608, 40, 453], [""801728"", 795, 34, 153], [""108830"", 802, 32, 317], [""MADE IN KOREA"", 863, 38, 184], [""안전관2인증"", 932, 25, 410]]"
000661,2026,04,17,2026-04-17,s1,3YNE  | 영양정보 140g615kcal | 三号200mg 10% 지방 24g44% | 탄수화률 93g29% 0.5g | 0류 48g48% 1280% | 콜레스테20 Mg 7% 단백질 | 7g13% | 2026.04.17A10:04 | 소비 21 | 기한 | 38017281108748 | HACCP,"[[""3YNE "", 40, 91, 147], [""140g615kcal"", 158, 92, 192], [""영양정보"", 146, 62, 17], [""10%"", 194, 37, 181], [""지방"", 198, 44, 255], [""三号200mg"", 198, 53, 6], [""24g44%"", 220, 52, 383], [""93g29%"", 236, 44, 108], [""탄수화률"", 239, 44, 6], [""0.5g"", 256, 62, 282], [""48g48%"", 276, 48, 113], [""0류"", 280, 43, 23], [""1280%"", 296, 66, 279], [""콜레스테20 Mg"", 319, 45, 1], [""7%"", 320, 29, 186], [""단백질"", 322, 35, 255], [""7g13%"", 345, 50, 394], [""2026.04.17A10:04"", 525, 52, 112], [""소비"", 550, 40, 27], [""기한"", 586, 39, 31], [""21"", 574, 21, 445], [""38017281108748"", 751, 32, 158], [""HACCP"", 838, 22, 413]]"
000662,2026,03,11,2026-03-11,s1,1지방 15g | 0스테롤 1Mg | 2 39 | 준0므로 개요 의 필요 열량에 따라 다를수 | 소비기한 | 2026.03.11外 | 까지 | SAIvIG.,"[[""15g"", 62, 62, 306], [""1지방"", 82, 67, 77], [""1Mg"", 126, 55, 309], [""0스테롤"", 144, 75, 64], [""39"", 188, 61, 303], [""2"", 206, 53, 57], [""준0므로 개요 의 필요 열량에 따라 다를수"", 305, 64, 49], [""소비기한"", 412, 41, 46], [""2026.03.11外"", 491, 48, 145], [""까지"", 580, 29, 411], [""SAIvIG."", 804, 43, 168]]"
000663,2026,02,10,2026-02-10,s1,25.09.11 부E | 26.02.10 까지 | 20:20 A04,"[[""25.09.11"", 456, 47, 107], [""부E"", 455, 56, 407], [""26.02.10"", 500, 43, 110], [""까지"", 505, 46, 409], [""20:20 A04"", 540, 51, 110]]"
000664,2026,02,20,2026-02-20,s1,"유지를 위해 질소충전포장을하였습니다 OT ER | 전관2인증 | CCP | 801043""044400 | 2026.02.20 | 영양정보 350kcal | 号480mg24% 탄수화물 47g15% | 6g6% 지방 16 9 30% | 14.4g8% | 5mg1% 단뿐2 | 있습니다","[[""유지를 위해 질소충전포장을하였습니다"", 41, 64, 8], [""OT ER"", 19, 35, 424], [""전관2인증"", 164, 32, 0], [""CCP"", 198, 44, 0], [""801043\""044400"", 289, 43, 189], [""2026.02.20"", 430, 55, 68], [""영양정보"", 661, 124, 0], [""350kcal"", 638, 69, 414], [""47g15%"", 682, 75, 412], [""탄수화물"", 708, 52, 290], [""号480mg24%"", 724, 55, 0], [""6g6%"", 769, 38, 0], [""지방 16 9 30%"", 758, 57, 166], [""14.4g8%"", 790, 80, 412], [""5mg1%"", 836, 34, 157], [""단뿐2"", 833, 46, 344], [""있습니다"", 867, 54, 445]]"
000665,2026,03,25,2026-03-25,s1,교환 제조원 및 구입2 | 직사광선을 피하여 건조하고 나트릉 | 서늘한 곳에 실은보관 0류 탄수화물 | 26g | 사용한 제품과2제조시설에서1제 포회지방 20g 09 | 니다개봉시포8재절단면이날/ 2레 LE를 | 0니 주의1세요 45mg15% | 공정거래위원회고시소비자분장 1200 3g5% | 에의거 교한또는보상받을수있습니다 | 139 | 의신선도를 유지하기 위해 넣은 선도 | 는드시지0십시오 | 2026.03.25,"[[""제조원 및 구입2"", 16, 35, 42], [""교환"", 26, 33, 0], [""나트릉"", 32, 29, 345], [""직사광선을 피하여 건조하고"", 51, 48, 9], [""탄수화물"", 65, 36, 337], [""서늘한 곳에 실은보관"", 83, 48, 12], [""0류"", 86, 30, 341], [""26g"", 94, 32, 428], [""20g"", 136, 29, 431], [""사용한 제품과2제조시설에서1제"", 150, 56, 0], [""포회지방"", 157, 33, 345], [""09"", 156, 27, 439], [""니다개봉시포8재절단면이날/"", 182, 57, 0], [""2레 LE를"", 182, 30, 344], [""45mg15%"", 202, 40, 428], [""0니 주의1세요"", 213, 40, 1], [""1200"", 242, 45, 345], [""3g5%"", 229, 34, 444], [""공정거래위원회고시소비자분장"", 243, 52, 0], [""에의거 교한또는보상받을수있습니다"", 274, 43, 0], [""139"", 306, 39, 0], [""의신선도를 유지하기 위해 넣은 선도"", 337, 41, 0], [""는드시지0십시오"", 372, 36, 0], [""2026.03.25"", 510, 39, 112]]"
000666,2029,01,08,2029-01-08,rot270,AN1 | 22 | 208/290108 00 10·器,"[[""AN1"", 34, 72, 332], [""22"", 172, 67, 522], [""10·器"", 334, 347, 484], [""208/290108"", 281, 158, 427], [""00"", 385, 16, 432]]"
000667,2026,06,22,2026-06-22,s1,HACCP | 2025.09.23 | 부터 | 2026.06.22 | 까지 것있는 약속,"[[""HACCP"", 312, 45, 64], [""2025.09.23"", 449, 52, 87], [""부터"", 476, 29, 317], [""2026.06.22"", 506, 53, 90], [""까지"", 529, 28, 319], [""것있는 약속"", 527, 31, 372]]"
000668,2026,04,30,2026-04-30,s1,2026.4.30 영3 | A5203270510 | 성항료.82,"[[""영3"", 518, 39, 496], [""2026.4.30"", 536, 56, 137], [""A5203270510"", 574, 57, 158], [""성항료.82"", 704, 45, 384]]"
000669,2026,09,02,2026-09-02,s1,SALT INE CR AC K ER S | 2025.09.03 | 2026.09.02 까지 | 맛있는 약속,"[[""SALT INE CR AC K ER S"", 286, 51, 106], [""2025.09.03"", 462, 57, 106], [""까지"", 517, 30, 385], [""2026.09.02"", 536, 55, 114], [""맛있는 약속"", 542, 33, 429]]"
000670,2026,06,24,2026-06-24,erode5,21 | 25.09.25 | 26.06.24F,"[[""21"", 301, 48, 22], [""25.09.25"", 445, 66, 8], [""26.06.24F"", 489, 68, 13]]"
000671,2026,03,31,2026-03-31,s1,SU4 | 소비 2025.10.01/17:15 A부터 | 기한 2026.03.31/A 까지 | 입니다 hTtp://wWW.orioNWorld.c0m,"[[""SU4"", 282, 73, 403], [""소비"", 421, 48, 1], [""2025.10.01/17:15"", 458, 67, 135], [""기한"", 466, 48, 0], [""A부터"", 470, 53, 465], [""2026.03.31/A"", 498, 64, 130], [""까지"", 516, 54, 459], [""입니다"", 584, 38, 46], [""hTtp://wWW.orioNWorld.c0m"", 619, 54, 210]]"
000672,2026,02,08,2026-02-08,s1,"人量10mg | 단백질59 % | 2원 | 080-024-6060 비2 2 | A1/자요금부담 | OT  ER | 801062""641826 | 26:02.08F4C3 | 까지 | 품질관2하에제조되었습니다","[[""人量10mg"", 35, 71, 40], [""%"", 70, 36, 352], [""단백질59"", 74, 62, 49], [""2원"", 194, 97, 54], [""비2 2"", 208, 32, 337], [""080-024-6060"", 228, 74, 72], [""A1/자요금부담"", 254, 47, 106], [""OT  ER"", 260, 26, 326], [""801062\""641826"", 421, 42, 116], [""26:02.08F4C3"", 516, 54, 104], [""까지"", 534, 41, 457], [""품질관2하에제조되었습니다"", 614, 33, 102]]"
000673,2021,01,02,2021-01-02,rot90,8 | 21 1 2 보관히 10- 0A 1타나는 하얀 표면층 | 류(2.전복.1 0 r02 20 교 층0  | O M0F1 01 | 1399 2불을 받으실 수 있습니다 래위원회 고시 소비자분쟁해결기준 N설에서 제조하고 있습니다 아0 합포 02 04 F1 발1 1 홈피해 서늘 | ANON 50 | M2 10 | 29 | J12,"[[""8"", 22, 23, 718], [""하얀 표면층"", 74, 149, 820], [""21"", 30, 23, 536], [""래위원회 고시 소비자분쟁해결기준"", 293, 493, 491], [""N설에서 제조하고 있습니다"", 242, 406, 525], [""류(2.전복.1"", 144, 196, 564], [""1"", 67, 22, 617], [""보관히"", 84, 74, 682], [""0A"", 72, 32, 762], [""1타나는"", 98, 107, 796], [""2불을 받으실 수 있습니다"", 253, 398, 453], [""2"", 84, 28, 651], [""10-"", 100, 51, 729], [""r02"", 110, 40, 644], [""20"", 116, 37, 767], [""1399"", 230, 227, 421], [""교"", 154, 56, 769], [""층0 "", 168, 87, 849], [""0"", 170, 25, 626], [""01"", 184, 25, 776], [""O M0F1"", 192, 64, 616], [""발1 1"", 266, 162, 841], [""홈피해 서늘"", 262, 159, 890], [""04"", 216, 43, 761], [""아0"", 240, 39, 588], [""F1"", 252, 31, 781], [""합포"", 285, 77, 589], [""02"", 334, 39, 590], [""ANON 50"", 359, 48, 631], [""M2"", 464, 39, 792], [""10"", 450, 30, 828], [""29"", 490, 36, 790], [""J12"", 519, 24, 640]]"
000674,2026,06,02,2026-06-02,s1,BrO | 귀2 0AT s | WhiTe | 난소화성 | 단질 11 | 1. 1（190g7 | 26.06.02 | 기한 LT 5 까지,"[[""BrO"", 13, 29, 391], [""귀2"", 58, 47, 392], [""0AT s"", 54, 31, 464], [""WhiTe"", 188, 29, 479], [""난소화성"", 252, 47, 404], [""단질 11"", 364, 54, 404], [""1."", 418, 35, 16], [""1（190g7"", 402, 26, 445], [""26.06.02"", 494, 61, 198], [""기한"", 538, 33, 5], [""까지"", 538, 32, 484], [""LT 5"", 553, 36, 86]]"
000675,2028,06,03,2028-06-03,s1,T골0수 | CRL523B 11:01 | 03-06-2028 | %T OT A1 %060兰# 22,"[[""T골0수"", 122, 240, 259], [""CRL523B 11:01"", 370, 47, 120], [""03-06-2028"", 407, 45, 122], [""%T OT A1"", 889, 141, 52], [""%060兰#"", 915, 88, 276], [""22"", 940, 30, 363]]"
000676,2026,06,10,2026-06-10,s1,2026.06.1004:46:1311,"[[""2026.06.1004:46:1311"", 380, 82, 52]]"
000677,2027,08,17,2027-08-17,s1,조2 | 2027.08.17 4분 | 까지 | 수2치국수비범국수 | 800kcal),"[[""조2"", 374, 51, 489], [""4분"", 412, 73, 490], [""2027.08.17"", 438, 65, 108], [""까지"", 498, 59, 175], [""수2치국수비범국수"", 655, 56, 3], [""800kcal)"", 870, 77, 0]]"
000678,2026,07,24,2026-07-24,s1,礼恒， 정제소금.가수문 | 2.1 효0추출물 변성전분.52 | EICOLE 카라멜색소1초산 | 추추출물 2.우유.대두.토 | 폴리에틸텐(내포장) | N1409 | 9/ UNA천 | 2026.7.24 | J210,"[[""礼恒，"", 19, 34, 138], [""정제소금.가수문"", 38, 78, 320], [""2.1"", 96, 27, 156], [""효0추출물"", 94, 43, 196], [""변성전분.52"", 120, 85, 342], [""EICOLE"", 133, 41, 148], [""카라멜색소1초산"", 156, 90, 284], [""추추출물"", 170, 42, 138], [""2.우유.대두.토"", 207, 82, 313], [""폴리에틸텐(내포장)"", 232, 69, 128], [""N1409"", 308, 80, 25], [""9/ UNA천"", 346, 49, 24], [""2026.7.24"", 482, 111, 114], [""J210"", 591, 69, 171]]"
000679,2027,09,17,2027-09-17,s1,주의사항 1십시오 22을 피하시고 실온에 보관 | 제조원 연암율금로42/ | 080）225-1383 | 1문 | （号）/（02）380-5678 | 번호 20090449018240 | 교환처.구입처 및제조원 | 소비기한 | 2027.09.17 까지 | 804645 006746,"[[""주의사항"", 23, 37, 9], [""1십시오"", 25, 35, 137], [""22을 피하시고 실온에 보관"", 12, 26, 264], [""제조원"", 88, 35, 21], [""연암율금로42/"", 92, 34, 138], [""080）225-1383"", 120, 31, 141], [""1문"", 156, 28, 70], [""（号）/（02）380-5678"", 184, 29, 142], [""번호"", 214, 26, 84], [""20090449018240"", 216, 26, 137], [""교환처.구입처 및제조원"", 260, 31, 55], [""소비기한"", 476, 31, 18], [""2027.09.17"", 540, 38, 149], [""까지"", 555, 32, 480], [""804645"", 874, 28, 183], [""006746"", 870, 26, 306]]"
000680,2025,10,15,2025-10-15,s1,비22 | OT ER | HA CCP | 8 809117 021739 | 소비기한 | 2025.10.15 까지,"[[""비22"", 67, 32, 433], [""OT ER"", 125, 34, 411], [""HA CCP"", 203, 26, 413], [""809117"", 255, 35, 71], [""021739"", 248, 38, 240], [""8"", 260, 21, 21], [""소비기한"", 370, 51, 19], [""2025.10.15"", 556, 88, 54], [""까지"", 549, 48, 452]]"
000681,2026,01,09,2026-01-09,s1,2026.01.0911:25 | 게맞있는 운,"[[""2026.01.0911:25"", 516, 57, 54], [""운"", 730, 229, 323], [""게맞있는"", 683, 66, 0]]"
000682,2026,01,25,2026-01-25,s2,2026.01.25 12:42mlW1 | 2부드러운 2,"[[""2"", 677, 337, 273], [""2부드러운"", 639, 53, 3], [""2026.01.25 12:42mlW1"", 476, 59, 35]]"
000683,2026,03,11,2026-03-11,s1,KOreAN STYle Beef S0UP | 2026.03.11A | 00105 090406 | 까지,"[[""KOreAN STYle Beef S0UP"", 308, 39, 94], [""2026.03.11A"", 470, 57, 72], [""00105 090406"", 521, 42, 54], [""까지"", 586, 61, 438]]"
000684,2026,03,23,2026-03-23,s1,2026.03.23 | 03815 193648 | 까지,"[[""2026.03.23"", 494, 67, 71], [""03815 193648"", 542, 63, 77], [""까지"", 577, 54, 415]]"
000685,2026,05,28,2026-05-28,s1,2026.05.28B | 001261322 | 까지 | STE | 우려14,"[[""2026.05.28B"", 412, 47, 64], [""001261322"", 441, 31, 106], [""까지"", 470, 51, 455], [""STE"", 716, 29, 0], [""우려14"", 902, 33, 298]]"
000686,2025,10,03,2025-10-03,s2,조리방법/증간불에서 가열 조리 후 섭취 | 영양정보 | 나트룹 600mg30% 탄수화률 | 4.9 | 引量40mg13% 단5 | 1（%）2000kcal | 81809148793278 | 제조2자 소비기한 | 2025.10.032025.10.127 | 반품및교환처.구입처 및제조원,"[[""영양정보"", 112, 53, 18], [""탄수화률"", 165, 40, 411], [""나트룹"", 175, 40, 27], [""600mg30%"", 171, 40, 130], [""단5"", 252, 44, 483], [""引量40mg13%"", 260, 49, 39], [""소비기한"", 472, 36, 339], [""제조2자"", 481, 36, 61], [""반품및교환처.구입처 및제조원"", 605, 41, 39], [""조리방법/증간불에서 가열 조리 후 섭취"", 49, 39, 8], [""4.9"", 214, 53, 33], [""1（%）2000kcal"", 302, 45, 17], [""81809148793278"", 424, 46, 49], [""2025.10.032025.10.127"", 536, 45, 35]]"
000687,2025,10,17,2025-10-17,s1,애H A1  | 용도 | 10 | 100% | 식품유형.포장육 | 0 뛰 803000317683 | 20251017 까지 88 | HACCP 비2 류 | 냉장보관 OT ER OT HER | 2벨:PP,"[[""애H A1 "", 71, 54, 442], [""용도"", 182, 47, 475], [""10"", 232, 42, 513], [""100%"", 336, 64, 65], [""식품유형.포장육"", 396, 65, 63], [""0 뛰"", 526, 151, 70], [""803000317683"", 484, 50, 135], [""20251017"", 570, 54, 128], [""까지"", 571, 28, 376], [""88"", 583, 24, 483], [""HACCP"", 688, 23, 81], [""비2 류"", 684, 25, 357], [""냉장보관"", 728, 32, 178], [""OT ER OT HER"", 725, 26, 258], [""2벨:PP"", 746, 26, 342]]"
000688,2025,11,10,2025-11-10,s1,2U | 8S | 0미지 사진 | 소비기한 2025.11.10 까지,"[[""2U"", 166, 144, 0], [""8S"", 264, 55, 0], [""0미지 사진"", 382, 33, 414], [""까지"", 448, 25, 485], [""2025.11.10"", 472, 35, 190], [""소비기한"", 487, 31, 5]]"
000689,2025,10,27,2025-10-27,s1,영T2 | 1일 영 /분 | 총내용당 기준치에 대한 비를 | 三云660mg 33 % 12 | 号8g 2% | T류 49 4% | 11g 20% | 3.4g 23 % | 50mg 17 % | 12g 22.% | 열량에 따2 다를 수 있니다 | 고객행복센터 080-850-1200 | 소증한의견을기0립니다 1666-5471（号） | 25.10.27B,"[[""영T2"", 17, 39, 116], [""1일 영 /분"", 24, 21, 287], [""기준치에 대한 비를"", 41, 33, 240], [""총내용당"", 51, 45, 117], [""33 %"", 65, 30, 334], [""12"", 56, 22, 464], [""三云660mg"", 80, 52, 120], [""2%"", 98, 31, 343], [""号8g"", 110, 45, 129], [""4%"", 130, 29, 343], [""T류 49"", 143, 37, 138], [""20%"", 155, 29, 336], [""11g"", 176, 33, 157], [""23 %"", 206, 30, 338], [""3.4g"", 222, 50, 136], [""17 %"", 235, 29, 340], [""50mg"", 249, 52, 115], [""22.%"", 266, 32, 340], [""12g"", 282, 45, 109], [""열량에 따2 다를 수 있니다"", 350, 50, 102], [""고객행복센터"", 400, 34, 145], [""080-850-1200"", 392, 20, 304], [""1666-5471（号）"", 414, 22, 308], [""소증한의견을기0립니다"", 422, 29, 144], [""25.10.27B"", 544, 89, 81]]"
000690,2025,10,11,2025-10-11,s1,M26 S2  N 2 | 메가피/자불고기/버 | 2025.10.08.01人早 | 2025.10.11.22人 | 880106892402222211 | 号/1/FC35 | A/N/2 JY O DVJUES3 Y ）,"[[""M26"", 248, 109, 79], [""S2  N 2"", 254, 81, 133], [""메가피/자불고기/버"", 352, 59, 115], [""2025.10.08.01人早"", 396, 57, 97], [""2025.10.11.22人"", 442, 59, 96], [""880106892402222211"", 632, 73, 103], [""号/1/FC35"", 668, 81, 114], [""）"", 847, 226, 444], [""Y"", 872, 153, 433], [""JY O DVJUES3"", 896, 127, 292], [""A/N/2"", 910, 99, 214]]"
000691,2026,09,22,2026-09-22,s1,GKERS | A  86 | S MA K ERS | 25.09.23/07:31 A부E | 까지 | 26.09.22/F3 | 2 hika | 0 양 연양 개,"[[""GKERS"", 19, 38, 156], [""A  86"", 52, 39, 171], [""S MA K ERS"", 96, 85, 41], [""A부E"", 479, 53, 416], [""25.09.23/07:31"", 476, 61, 74], [""까지"", 519, 52, 411], [""26.09.22/F3"", 526, 56, 79], [""hika"", 613, 89, 477], [""2"", 600, 20, 381], [""0 양"", 635, 24, 155], [""연양 개"", 638, 31, 322]]"
000692,2026,08,21,2026-08-21,s1,22 | OT EIN BAA | 호2/원 | 우유.0 | 26.08.21B | nama,"[[""22"", 76, 49, 97], [""OT EIN"", 122, 71, 0], [""BAA"", 128, 27, 94], [""호2/원"", 219, 26, 470], [""우유.0"", 376, 84, 422], [""26.08.21B"", 501, 56, 164], [""nama"", 844, 43, 71]]"
000693,2026,09,01,2026-09-01,s1,"BCAA 2,000mg | 본)탁E 유 PRO단2 | W2.700 | G1 | ONLITIHNK POUC 16 | 25.09.02/04:33 부터 | 26.09.01/F3 까지 | Hhana","[[""BCAA 2,000mg"", 16, 34, 71], [""본)탁E 유 PRO단2"", 126, 51, 0], [""G1"", 160, 27, 499], [""W2.700"", 162, 43, 23], [""16"", 209, 61, 466], [""POUC"", 210, 48, 401], [""ONLITIHNK"", 259, 48, 153], [""부터"", 434, 33, 392], [""25.09.02/04:33"", 450, 50, 90], [""까지"", 468, 38, 389], [""26.09.01/F3"", 493, 54, 92], [""Hhana"", 686, 62, 131]]"
000694,2015,09,10,2015-09-10,rot90,"폴리에틸렌 | 품목보고번호 19690086003670 | 코코아매스)코코아버터(외국산:말레0시아.싱가 | 가공유지L코코아매스1(코코아빈;베네수엘2산 | 우유,대두 함유 | 2.유통 중 변질품은 구입상점 및 본사에서 교환 | 인반점이 생길 수 있으나.인체에 무해하니 드셔도 괜찮 | 밝은 마음 70g385kcal 롯데웰푸드 SUSTAIN ABLE CAC AO 사용 02젝 착한 //오 | 12%异38g38% | 21포화지방15 9 100% | 9% | 8801062636822","[[""폴리에틸렌"", 87, 40, 260], [""19690086003670"", 115, 45, 248], [""품목보고번호"", 130, 42, 138], [""코코아매스)코코아버터(외국산:말레0시아.싱가"", 156, 66, 50], [""가공유지L코코아매스1(코코아빈;베네수엘2산"", 182, 65, 53], [""우유,대두 함유"", 202, 43, 323], [""SUSTAIN ABLE CAC AO 사용"", 346, 265, 614], [""2.유통 중 변질품은 구입상점 및 본사에서 교환"", 250, 61, 2], [""인반점이 생길 수 있으나.인체에 무해하니 드셔도 괜찮"", 301, 64, 0], [""착한 //오"", 389, 163, 713], [""밝은 마음"", 342, 37, 3], [""02젝"", 395, 94, 687], [""롯데웰푸드"", 388, 41, 75], [""70g385kcal"", 439, 38, 5], [""12%异38g38%"", 468, 37, 0], [""21포화지방15 9 100%"", 498, 35, 0], [""9%"", 527, 24, 0], [""8801062636822"", 521, 31, 249]]"
000695,2027,09,09,2027-09-09,s1,03 2027.09.09 | 大 | 21,"[[""03"", 446, 37, 72], [""2027.09.09"", 460, 39, 159], [""大"", 556, 37, 403], [""21"", 586, 35, 25]]"
000696,2025,10,28,2025-10-28,s1,주있00주의하십시오.-간혹 | 주01 주십시오.제품0특성상 고기의 | 류.호두.오칭어.초개류2.전복 홍합.찾을 | 서제조하고 있0다.부8 불량식품 | 2025.10.28川人,"[[""주있00주의하십시오.-간혹"", 123, 62, 141], [""주01"", 168, 23, 21], [""주십시오.제품0특성상 고기의"", 158, 59, 120], [""류.호두.오칭어.초개류2.전복 홍합.찾을"", 328, 69, 0], [""서제조하고 있0다.부8 불량식품"", 362, 54, 3], [""2025.10.28川人"", 448, 57, 142]]"
000697,2025,10,07,2025-10-07,s1,2025.10.0715 1B35 | 0V2M,"[[""2025.10.0715"", 416, 53, 103], [""1B35"", 410, 41, 338], [""0V2M"", 545, 220, 50]]"
000698,NONE,10,12,NONE-10-12,s1,10.12 R1435 | 낮아진 | 담할량 | 20%.DOWN 02U,"[[""10.12 R1435"", 383, 76, 122], [""낮아진"", 538, 48, 33], [""담할량"", 574, 47, 36], [""02U"", 584, 53, 418], [""20%.DOWN"", 606, 25, 45]]"
000699,2025,08,NONE,2025-08-NONE,fail,"绿茶 豆腐 豆腐 豆腐 豆腐 1豆腐 AM 20 | 1 콘0,와사비미포함 809720 채모찌21 채모찌2도 책모찌2도 모찌2도 모찌2도 8 2025 豆腐 豆腐 책모찌21 豆腐 22 | 02 | 02 NS 2025 2025 2025 2025 202510 822525 A2 채모찌23 채모씨21 | 809720 809720 809720 809720 809720 AG22 822525 822525 822525 822525 822525 | 20,와사비미포 20,와사비미포 2와사비미포 콘0 와사비미포 | 2 | AU22 A2 光器 | 2025 2025 | 21 | 8 809720 809720 822525 822525 | 몬0,와사비미포함 몬0 와사비미포함 | AU2","[[""豆腐"", 85, 131, 0], [""채모찌2도"", 198, 171, 0], [""2025"", 494, 52, 85], [""809720"", 729, 39, 138], [""822525"", 726, 33, 331], [""콘0 와사비미포"", 787, 57, 134], [""1豆腐"", 84, 151, 63], [""绿茶"", 94, 83, 16], [""채모찌21"", 198, 196, 0], [""202510"", 491, 68, 79], [""809720"", 728, 42, 135], [""822525"", 724, 43, 326], [""2와사비미포"", 788, 67, 128], [""光器"", 906, 68, 296], [""책모찌21"", 257, 514, 684], [""AM 20"", 41, 58, 822], [""2025"", 146, 129, 439], [""豆腐"", 302, 460, 811], [""콘0,와사비미포함"", 294, 313, 146], [""809720"", 208, 136, 212], [""02"", 323, 34, 64], [""822525"", 389, 124, 218], [""22"", 219, 60, 899], [""02 NS"", 498, 60, 47], [""8"", 226, 30, 452], [""豆腐"", 82, 122, 6], [""책모찌2도"", 197, 160, 0], [""2025"", 496, 47, 86], [""809720"", 730, 37, 140], [""822525"", 726, 29, 330], [""AG22"", 728, 8, 271], [""20,와사비미포"", 787, 58, 133], [""AU22"", 904, 15, 150], [""豆腐"", 164, 279, 0], [""채모찌23"", 399, 389, 0], [""2025"", 992, 100, 171], [""822525"", 1450, 65, 662], [""809720"", 1458, 72, 279], [""몬0,와사비미포함"", 1574, 105, 265], [""豆腐"", 168, 287, 0], [""채모씨21"", 397, 394, 0], [""2025"", 992, 99, 169], [""21"", 1302, 7, 379], [""822525"", 1448, 67, 660], [""809720"", 1457, 74, 279], [""8"", 1469, 50, 136], [""몬0 와사비미포함"", 1574, 103, 269], [""AU2"", 1832, 27, 616], [""2025"", 496, 51, 84], [""809720"", 729, 40, 136], [""822525"", 724, 35, 330], [""豆腐"", 84, 127, 2], [""모찌2도"", 198, 170, 93], [""2025"", 495, 50, 84], [""A2"", 490, 21, 227], [""809720"", 729, 40, 138], [""822525"", 726, 33, 330], [""20,와사비미포"", 787, 57, 132], [""2"", 880, 17, 307], [""A2"", 915, 24, 309], [""豆腐"", 85, 131, 0], [""모찌2도"", 196, 163, 91], [""1"", 205, 90, 10]]"
000700,2025,10,24,2025-10-24,s1,2U 05 | -1 | 2025.10.24.F3 | 0,"[[""2U"", 53, 109, 125], [""05"", 86, 147, 244], [""-1"", 236, 193, 229], [""2025.10.24.F3"", 506, 65, 77], [""0"", 577, 102, 452]]"
000701,2025,10,05,2025-10-05,s1,U22 | 12 | 25.10.05 | 300,"[[""U22"", 188, 144, 38], [""12"", 284, 123, 38], [""25.10.05"", 484, 120, 18], [""300"", 909, 96, 0]]"
000702,2025,10,09,2025-10-09,s1,01 1N | 25.10.09办.B2.F2,"[[""01"", 119, 22, 405], [""1N"", 107, 37, 449], [""25.10.09办.B2.F2"", 432, 79, 84]]"
000703,2026,01,25,2026-01-25,s1,흡들0 | 소비기한 드세요! | 2026.01.25 16:468 | 부담 없이 맞있는 초코우유,"[[""흡들0"", 344, 45, 408], [""드세요!"", 386, 47, 404], [""소비기한"", 394, 41, 49], [""2026.01.25 16:468"", 469, 64, 53], [""부담 없이 맞있는 초코우유"", 555, 36, 65]]"
000704,2026,07,29,2026-07-29,s1,UT.2 | 안심하고 드십시오 | ：080-024-2311 | 2026.07.29 9까1지 | 16:11,"[[""UT.2"", 16, 29, 18], [""안심하고 드십시오"", 265, 80, 18], [""：080-024-2311"", 317, 84, 75], [""9까1지"", 418, 70, 314], [""2026.07.29"", 424, 82, 61], [""16:11"", 486, 67, 184]]"
000705,2026,06,29,2026-06-29,s1,개봉후 | 怡08090-333 남징보문 | 2바기한 | 2026.06.29外 | 김상규 B,"[[""개봉후"", 192, 43, 655], [""남징보문"", 232, 45, 650], [""怡08090-333"", 245, 60, 91], [""2바기한"", 327, 44, 56], [""2026.06.29外"", 402, 83, 173], [""김상규 B"", 478, 74, 179]]"
000706,2026,03,11,2026-03-11,s1,열2 스프를꺼낸후2)D기맛 스의 양을 | 억기 할맞게 부줍니다 기호에 및게게 넣습니다 | 2026.03.11外 | 0235B081 | 8801045560038 | 영양정보 | LIE号810mg 41% 탄수,"[[""열2 스프를꺼낸후2)D기맛 스의 양을"", 187, 97, 2], [""기호에 및게게 넣습니다"", 229, 66, 274], [""억기 할맞게 부줍니다"", 255, 64, 6], [""2026.03.11外"", 416, 99, 23], [""0235B081"", 486, 83, 63], [""8801045560038"", 784, 56, 22], [""영양정보"", 872, 95, 20], [""LIE号810mg"", 938, 45, 41], [""41%"", 938, 43, 302], [""탄수"", 936, 47, 447]]"
000707,2026,08,19,2026-08-19,s1,2026.08.19B,"[[""2026.08.19B"", 508, 53, 122]]"
000708,2025,09,18,2025-09-18,s1,2025.09.18外 | 6B2喜4,"[[""2025.09.18外"", 462, 49, 69], [""6B2喜4"", 522, 59, 61]]"
000709,2025,10,14,2025-10-14,s1,제2제1 | 해복 한 모 | 샐러  처럽 가법게즐세요! 오리엔탈 드 | 25.10.14 MR10 | 초20,"[[""제2제1"", 12, 23, 27], [""모"", 120, 185, 284], [""해복"", 95, 90, 90], [""한"", 102, 72, 195], [""샐러  처럽"", 288, 41, 95], [""오리엔탈 드"", 309, 68, 293], [""가법게즐세요!"", 325, 38, 97], [""25.10.14"", 450, 65, 138], [""MR10"", 466, 34, 453], [""초20"", 546, 22, 338]]"
000710,2025,10,14,2025-10-14,s1,16 종의 스EA와 더블황치즈 | 2025.10.14.F3 | 2당 1.9g,"[[""더블황치즈"", 309, 291, 341], [""16 종의 스EA와"", 306, 205, 32], [""2025.10.14.F3"", 534, 49, 117], [""1.9g"", 827, 91, 48], [""2당"", 825, 56, 0]]"
000711,2025,10,09,2025-10-09,s1,간0 연중무휴 2국밥 | 순찰2자탐 | 소비/기한 | 2025.10.09 | 까지 | OT HER | 809011 836361,"[[""간0"", 360, 37, 130], [""연중무휴"", 365, 36, 226], [""2국밥"", 366, 39, 351], [""순찰2자탐"", 432, 77, 143], [""소비/기한"", 536, 31, 80], [""2025.10.09"", 581, 39, 188], [""까지"", 632, 25, 468], [""OT HER"", 740, 22, 450], [""809011"", 803, 25, 158], [""836361"", 802, 23, 278]]"
000712,2025,11,20,2025-11-20,s1,"0M 6 행계1란 | 매로 /2 | 2//2 | 연출된 예 | 소비/한 | 2025.11.20 | 까지 | 809011 836736 | 4,900 원 | 중앙닭강정)오2지널떨볶이 | 809267021634","[[""행계1란"", 169, 110, 157], [""0M 6"", 166, 58, 0], [""매로 /2"", 204, 25, 1], [""2//2"", 269, 40, 21], [""연출된 예"", 316, 35, 0], [""소비/한"", 362, 25, 5], [""2025.11.20"", 412, 39, 113], [""까지"", 455, 30, 437], [""809011"", 616, 21, 172], [""836736"", 618, 23, 285], [""4,900"", 724, 72, 61], [""원"", 742, 39, 245], [""중앙닭강정)오2지널떨볶이"", 804, 73, 0], [""809267021634"", 890, 55, 0]]"
000713,2025,10,23,2025-10-23,s1,yI:LIol | 2식판왕 장호준 세표의 | & | 보 | 소비기한 | 2025.10.23 | 까지 | OT ER | 8809056561815,"[[""yI:LIol"", 218, 37, 218], [""2식판왕 장호준 세표의"", 281, 44, 129], [""&"", 312, 25, 514], [""보"", 336, 23, 508], [""소비기한"", 413, 30, 30], [""2025.10.23"", 457, 35, 116], [""까지"", 477, 29, 472], [""OT ER"", 570, 25, 425], [""8809056561815"", 622, 27, 149]]"
000714,2026,03,12,2026-03-12,s1,"소비기한(2.월,년) KF | U/22 12.3.2026","[[""KF"", 424, 41, 408], [""소비기한(2.월,년)"", 430, 42, 66], [""U/22"", 570, 45, 4], [""12.3.2026"", 563, 48, 151]]"
000715,2026,06,26,2026-06-26,s1,영양정보 242K | 비널률 三县130mg7% 个量34g10%日弄20020% | 10g19% 트랜스/방 01 营960% | TH ER 콜레스E를 OMG.0% 4g7% | EXP26/06/2026,"[[""242K"", 15, 32, 400], [""영양정보"", 47, 69, 76], [""个量34g10%日弄20020%"", 64, 103, 222], [""营960%"", 82, 63, 369], [""三县130mg7%"", 105, 48, 65], [""비널률"", 130, 43, 0], [""트랜스/방 01"", 118, 47, 227], [""10g19%"", 138, 48, 63], [""4g7%"", 148, 56, 235], [""콜레스E를 OMG.0%"", 170, 49, 65], [""TH ER"", 194, 46, 0], [""EXP26/06/2026"", 466, 76, 70]]"
000716,2025,11,07,2025-11-07,s1,억0도 꿀앗 | 2025/11/07B1 | 영양정보 | 총내용량당 1일영/  | 나트룹 72 Mg,"[[""억0도 꿀앗"", 80, 123, 339], [""2025/11/07B1"", 458, 79, 134], [""영양정보"", 820, 102, 168], [""총내용량당"", 894, 60, 173], [""1일영/ "", 881, 82, 359], [""나트룹"", 940, 37, 185], [""72 Mg"", 932, 51, 408]]"
000717,2025,10,12,2025-10-12,det5,2025 10.12 03 | MAe11 | 01 | ENJ0V YogurT,"[[""2025 10.12"", 506, 93, 123], [""03"", 510, 14, 378], [""MAe11"", 610, 73, 191], [""01"", 753, 162, 60], [""ENJ0V"", 940, 40, 311], [""YogurT"", 925, 69, 408]]"
000718,2026,01,17,2026-01-17,s1,180 | 2026.01.17 | AMY ANG 제품명 | 0료명,"[[""180"", 283, 61, 145], [""2026.01.17"", 336, 64, 138], [""제품명"", 882, 48, 449], [""AMY ANG"", 934, 47, 0], [""0료명"", 930, 53, 451]]"
000719,2026,04,04,2026-04-04,s1,21 | 2026.04.04 | 10277101:57LJH | 혼들어 드세요! ShAke iT/,"[[""21"", 262, 64, 458], [""2026.04.04"", 392, 61, 90], [""10277101:57LJH"", 438, 53, 97], [""ShAke iT/"", 530, 102, 330], [""혼들어 드세요!"", 546, 41, 15]]"
000720,2026,02,28,2026-02-28,s1,F2H16:37 | 2026.02.28 | B-GLUCAN | 700mg | 놀라운 T을 위해 혼들어 주세요 | 어메0/징 오트 오2지널,"[[""F2H16:37"", 401, 44, 39], [""2026.02.28"", 450, 46, 36], [""B-GLUCAN"", 500, 51, 368], [""700mg"", 538, 36, 390], [""놀라운 T을 위해 혼들어 주세요"", 668, 50, 132], [""어메0/징 오트 오2지널"", 706, 52, 132]]"
000721,2026,12,17,2026-12-17,s1,G S 23 | 2026.12.17 | 02코 | 0R/G IN AL | 하나. | 내덜란드와 인도네시아산 코코아 | 20로 더욱 진하고 탈콤한 맛 | 따뜻한 /만 있으면 남녀노 소 누구나 | 좋아하는 깊은 풍미의 할초코 | 스틸 포장으로 언제 0디서나 | 즐길 수있는 간편함 | 영양정보 200g(20gX10） | 1(20g）85kcal | L三喜50mg3% 全量量16g5%号11g11%,"[[""G S 23"", 154, 53, 21], [""2026.12.17"", 315, 54, 180], [""02코"", 444, 107, 147], [""0R/G IN AL"", 504, 34, 203], [""하나."", 569, 26, 140], [""내덜란드와 인도네시아산 코코아"", 593, 29, 174], [""20로 더욱 진하고 탈콤한 맛"", 618, 29, 191], [""따뜻한 /만 있으면 남녀노 소 누구나"", 689, 26, 153], [""좋아하는 깊은 풍미의 할초코"", 714, 27, 178], [""스틸 포장으로 언제 0디서나"", 786, 25, 187], [""즐길 수있는 간편함"", 812, 27, 216], [""영양정보"", 904, 51, 152], [""200g(20gX10）"", 898, 28, 260], [""1(20g）85kcal"", 923, 29, 280], [""L三喜50mg3%"", 942, 34, 154], [""全量量16g5%号11g11%"", 947, 27, 248]]"
000722,2020,08,04,2020-08-04,s1,20.08.04,"[[""20.08.04"", 267, 44, 222]]"
000723,2032,02,22,2032-02-22,hires,26 | 단의 320222 1UA2 | 제조원11,"[[""26"", 748, 53, 266], [""1UA2"", 1680, 62, 905], [""단의 320222"", 1730, 130, 295], [""제조원11"", 1847, 148, 285]]"
000724,2026,05,20,2026-05-20,s1,250ENDN | 26.05.20外13:49,"[[""250ENDN"", 107, 70, 253], [""26.05.20外13:49"", 509, 60, 79]]"
000725,2026,04,16,2026-04-16,s1,26.04.16까지.09.20,"[[""26.04.16까지.09.20"", 461, 66, 54]]"
000726,2026,09,16,2026-09-16,s1,2026.09.160 | 185841,"[[""2026.09.160"", 617, 50, 27], [""185841"", 674, 45, 31]]"
000727,2026,06,22,2026-06-22,det5,간편하게 세요! | 1EASY CUT 2 | RK K4T | 2026.06.22.03: 50 F3.8 까지 | 사골로만 고아 | 준1 | 가고 맞있게 | 1쇠고기0역국 | 전자레인지 이용시 | 5분 전자레인지용 용/에 부은 | 号700W,"[[""간편하게 세요!"", 190, 63, 264], [""1EASY"", 242, 44, 280], [""CUT 2"", 237, 41, 402], [""RK K4T"", 454, 33, 432], [""2026.06.22.03: 50 F3.8"", 518, 60, 25], [""까지"", 532, 35, 472], [""사골로만 고아"", 670, 40, 0], [""준1"", 700, 29, 0], [""가고 맞있게"", 729, 36, 0], [""1쇠고기0역국"", 756, 46, 0], [""전자레인지 이용시"", 829, 42, 150], [""전자레인지용 용/에 부은"", 880, 40, 225], [""5분"", 900, 47, 88], [""号700W"", 940, 39, 222]]"
000728,2026,06,24,2026-06-24,s1,2026.06.24,"[[""2026.06.24"", 521, 72, 45]]"
000729,2026,01,07,2026-01-07,s1,1장국 | 소비기한 | 2026.01.07 | 04:55 | BA1 까지 | 사골 육수와 들기름0로 | 맛을 낸구수한 국물 | 한 번 볶아내 | 고소한 황태 | 두부를 더해 | 부드러운 식감 | 태듬북해장국 조리방법,"[[""1장국"", 174, 103, 0], [""소비기한"", 286, 39, 11], [""2026.01.07"", 362, 54, 73], [""04:55"", 438, 55, 64], [""BA1"", 522, 40, 0], [""까지"", 538, 49, 448], [""사골 육수와 들기름0로"", 648, 39, 290], [""맛을 낸구수한 국물"", 679, 38, 287], [""한 번 볶아내"", 730, 29, 286], [""고소한 황태"", 756, 33, 284], [""두부를 더해"", 808, 37, 280], [""부드러운 식감"", 840, 41, 277], [""태듬북해장국 조리방법"", 930, 59, 4]]"
000730,2026,02,26,2026-02-26,det5,2026.02.26  | ... | 1 1,"[[""2026.02.26 "", 209, 77, 43], [""..."", 262, 5, 287], [""1"", 276, 9, 66], [""1"", 278, 7, 287]]"
000731,2026,03,08,2026-03-08,s1,2026.03.089 | 02150090336,"[[""2026.03.089"", 396, 77, 44], [""02150090336"", 463, 74, 47]]"
000732,2025,03,15,2025-03-15,s1,025.03.153#,"[[""025.03.153#"", 440, 59, 24]]"
000733,2026,03,24,2026-03-24,s2,2026.03.240244604 | 모든 날0 빛납거야,"[[""모든 날0 빛납거야"", 251, 39, 342], [""2026.03.240244604"", 213, 46, 205]]"
000734,2025,10,28,2025-10-28,s1,D80-855-55257GSTHEFRESH080-345-T700 | 총내용 | 3% 1g0.2% 당류 0 | 4g7% 트랜스지방 09 포화지방 2.5 | Mg 5% 6g11% 196m | 809117 022323 | 2025.10.287A,"[[""D80-855-55257GSTHEFRESH080-345-T700"", 18, 43, 0], [""총내용"", 50, 43, 493], [""당류 0"", 130, 49, 402], [""3%"", 144, 49, 9], [""1g0.2%"", 135, 49, 116], [""포화지방 2.5"", 174, 41, 412], [""트랜스지방 09"", 184, 44, 120], [""4g7%"", 194, 55, 0], [""196m"", 220, 43, 408], [""6g11%"", 227, 56, 117], [""Mg 5%"", 240, 51, 0], [""809117"", 391, 26, 374], [""022323"", 384, 28, 465], [""2025.10.287A"", 452, 81, 100]]"
000735,2027,01,12,2027-01-12,s1,"영양정보 | 0g0%量0mg0%0g0% | 00：485g | 식품유형 당류가공품·소비기한 블도기일까지 | ：201404874877（ | 비울매당체.나한과추출분/중국산)포장재질.응기 | 풀리에틸런테레프탈레이트,뚜껑-폴2프로필런 | 2027.01.12.H | 개봉후 벌레 등이 들어가 오염될 수 있으므로 | 용후껑을 닫 서늘한 곳에 보관하세요 | 2니. 사용후 무을닫아주세요. | 관증침생수나.2로스 | 02-6747-2300","[[""영양정보"", 21, 45, 134], [""0g0%量0mg0%0g0%"", 134, 63, 134], [""00：485g"", 206, 59, 135], [""식품유형 당류가공품·소비기한 블도기일까지"", 242, 53, 139], [""：201404874877（"", 278, 51, 141], [""비울매당체.나한과추출분/중국산)포장재질.응기"", 422, 47, 141], [""풀리에틸런테레프탈레이트,뚜껑-폴2프로필런"", 456, 39, 144], [""2027.01.12.H"", 526, 39, 218], [""개봉후 벌레 등이 들어가 오염될 수 있으므로"", 578, 47, 143], [""용후껑을 닫 서늘한 곳에 보관하세요"", 613, 55, 141], [""2니. 사용후 무을닫아주세요."", 682, 61, 140], [""관증침생수나.2로스"", 716, 67, 141], [""02-6747-2300"", 924, 36, 260]]"
000736,2025,12,17,2025-12-17,s1,품명 오/늘/은말차 식품유형 고형차 | 중량 100g | 1재질 폴2/에틸렌 품목보고번호 200906311472 | 원및 판매원 | 소비자 상담실 064-787-2254www.onulun.com | 상주의사항/직사광선을 피하고 건맹한 곳에 보관하십시오 | 1한:제품의 별도표/2/까지 | 2025.12.17,"[[""품명"", 99, 40, 0], [""오/늘/은말차"", 94, 47, 132], [""식품유형"", 109, 48, 394], [""고형차"", 137, 59, 589], [""중량"", 144, 44, 385], [""1재질"", 171, 50, 0], [""폴2/에틸렌"", 168, 42, 124], [""100g"", 174, 53, 589], [""품목보고번호"", 189, 52, 391], [""원및 판매원"", 206, 49, 0], [""200906311472"", 216, 59, 587], [""064-787-2254www.onulun.com"", 261, 93, 112], [""소비자 상담실"", 243, 40, 0], [""상주의사항/직사광선을 피하고 건맹한 곳에 보관하십시오"", 292, 75, 0], [""1한:제품의 별도표/2/까지"", 409, 63, 2], [""2025.12.17"", 641, 67, 219]]"
000737,2026,03,04,2026-03-04,s1,내용량 | 소비기한 | ：202302811574 | 032-873-2272 | 139 | 늘한곳에보세요.보관중 침전물이생길 수0나2 | 20니사용 후아주세요 | MA CCP SUg01 | FR EE | 809668 040258 | 2026.03.04 까지,"[[""내용량"", 23, 47, 63], [""소비기한"", 49, 54, 64], [""：202302811574"", 189, 77, 78], [""032-873-2272"", 221, 68, 84], [""139"", 268, 62, 87], [""늘한곳에보세요.보관중 침전물이생길 수0나2"", 321, 62, 93], [""20니사용 후아주세요"", 384, 37, 99], [""SUg01"", 455, 32, 233], [""MA CCP"", 474, 27, 127], [""FR EE"", 485, 44, 227], [""809668"", 508, 26, 373], [""040258"", 498, 29, 428], [""까지"", 554, 24, 477], [""2026.03.04"", 589, 64, 129]]"
000738,2026,02,12,2026-02-12,s1,100%) BeST befor8 | 소비기한 | 2026.02.12（B） | 땅콩 09:27:05 | 함유 개봉후빠론시내에섭취해주세요 | 2U2/ | 908 유2 2시2.외 A퍼L너1즈 | 2- 460g 0인하세요1 0한 체 | 품질 보증이 불가합니다. | J00V HUA C CP | 2e0UCTs,"[[""100%)"", 390, 29, 150], [""BeST befor8"", 392, 26, 243], [""소비기한"", 412, 24, 246], [""2026.02.12（B）"", 449, 60, 224], [""09:27:05"", 496, 39, 262], [""땅콩"", 506, 27, 165], [""함유"", 528, 27, 166], [""개봉후빠론시내에섭취해주세요"", 526, 44, 248], [""2U2/"", 556, 33, 168], [""A퍼L너1즈"", 566, 33, 394], [""908"", 580, 30, 173], [""유2"", 582, 25, 235], [""2시2.외"", 584, 26, 394], [""2-"", 622, 48, 220], [""460g"", 608, 36, 298], [""0한 체"", 600, 27, 394], [""0인하세요1"", 615, 26, 396], [""품질 보증이 불가합니다."", 676, 29, 233], [""J00V"", 800, 27, 148], [""HUA C CP"", 796, 25, 237], [""2e0UCTs"", 828, 44, 143]]"
000739,2024,08,07,2024-08-07,s1,"EA4 | 2023.08.08 | 2024.08.0711:00外 | 대두.밀.조개류.(바지람) | 96 | ：1991045804787 8100/6-5471 | 영2정보 450g/100g185kcal | 三号4,70mg 204% 号17g5% 9#8g8% 7g13% | g11g7%mg0% 13g24% | 따라 다를 수있습니다","[[""EA4"", 370, 39, 489], [""2023.08.08"", 418, 55, 146], [""2024.08.0711:00外"", 449, 108, 141], [""대두.밀.조개류.(바지람)"", 542, 35, 486], [""96"", 647, 46, 574], [""：1991045804787"", 713, 30, 92], [""8100/6-5471"", 702, 49, 226], [""450g/100g185kcal"", 735, 43, 341], [""영2정보"", 756, 48, 111], [""9#8g8%"", 769, 33, 349], [""7g13%"", 762, 32, 430], [""三号4,70mg 204%"", 785, 32, 118], [""号17g5%"", 778, 31, 244], [""13g24%"", 792, 36, 418], [""g11g7%mg0%"", 808, 53, 118], [""따라 다를 수있습니다"", 865, 32, 126]]"
000740,2026,07,23,2026-07-23,s1,2026.07.23 | 21 | The 본제은 더플의 데0E 기 | PANTEAT | 영양정보 45g | 200kcal | 2에틸텐.내면) 총 내용량당 기준에 대한 비율 1월 영8성분 | 13 % | LIE号265mg 10 % | 31g 10 %,"[[""2026.07.23"", 404, 35, 261], [""21"", 511, 94, 0], [""The"", 628, 22, 291], [""본제은 더플의 데0E 기"", 633, 42, 373], [""PANTEAT"", 646, 27, 288], [""영양정보"", 742, 57, 233], [""45g"", 726, 53, 461], [""200kcal"", 757, 46, 507], [""2에틸텐.내면)"", 817, 58, 0], [""1월 영8성분"", 796, 41, 514], [""총 내용량당"", 820, 36, 231], [""기준에 대한 비율"", 821, 48, 470], [""13 %"", 851, 47, 525], [""LIE号265mg"", 884, 38, 227], [""10 %"", 891, 50, 521], [""31g"", 925, 39, 227], [""10 %"", 928, 48, 517]]"
000741,2025,12,03,2025-12-03,s1,2U/MUone 25.08.04研 제주 | 25.12.03开 했마들 | 무원 했 국산 다진마 | POLOPE | 2J.JNES,"[[""25.08.04研"", 407, 53, 265], [""제주"", 407, 162, 544], [""2U/MUone"", 445, 48, 118], [""25.12.03开"", 457, 53, 265], [""했마들"", 469, 150, 586], [""했"", 677, 346, 240], [""국산"", 611, 132, 504], [""무원"", 642, 143, 137], [""다진마"", 718, 165, 495], [""POLOPE"", 810, 35, 188], [""2J.JNES"", 829, 34, 186]]"
000742,2026,05,01,2026-05-01,s2,2026.05.01217L001087 | 88:34 2号ERC17S,"[[""88:34 2号ERC17S"", 552, 76, 125], [""2026.05.01217L001087"", 516, 62, 100]]"
000743,2026,11,16,2026-11-16,s1,"1544-4307 A배응청장,강원도 흥천군 내 138182告 2원∆주컨비서울특별시강 照明（）60% 24 2018041201011 500ml  컨비니톨배효액 | 0나 | 2026.11.16 | 유2","[[""1544-4307"", 116, 133, 15], [""A배응청장,강원도 흥천군 내"", 206, 317, 94], [""138182告"", 90, 97, 171], [""2원∆주컨비서울특별시강"", 198, 312, 206], [""照明（）60%"", 202, 316, 307], [""24"", 154, 228, 355], [""2018041201011"", 144, 183, 412], [""500ml"", 159, 236, 456], ["" 컨비니톨배효액"", 213, 292, 512], [""0나"", 308, 61, 382], [""2026.11.16"", 431, 76, 173], [""유2"", 496, 45, 7]]"
000744,2027,08,18,2027-08-18,s1,"290g2010037817447 | 원재료명 ）100% | 제조원 슬로패밀리 경기도 양평군 단월면 | 922-8/031-774-5714 | 보관방법 실은보관.개봉후냉장보관 | 20법 원액과 음용수를1.8또는 기호에맞게 | 00 희석해서 다양한 음료로 드십시오 | 포장재질 용기(유리)누경(PS),속마개NHDPE) | 반품 및 교환 구입처 또는 본사 | 202708.18 뚜껑.P5 | 숙마개.HDPE | 본 제은공거래위원회소비자피해보상 | 규정에 의거 교환 또 보상받으 수있습니다","[[""290g2010037817447"", 34, 49, 119], [""원재료명"", 82, 46, 121], [""）100%"", 80, 39, 210], [""슬로패밀리 경기도 양평군 단월면"", 126, 42, 217], [""제조원"", 152, 43, 131], [""922-8/031-774-5714"", 170, 38, 218], [""보관방법"", 222, 39, 127], [""실은보관.개봉후냉장보관"", 217, 45, 218], [""원액과 음용수를1.8또는 기호에맞게"", 267, 56, 214], [""20법"", 286, 27, 140], [""00"", 302, 27, 140], [""희석해서 다양한 음료로 드십시오"", 305, 46, 221], [""포장재질 용기(유리)누경(PS),속마개NHDPE)"", 356, 53, 134], [""반품 및 교환 구입처 또는 본사"", 403, 52, 136], [""202708.18"", 450, 62, 136], [""뚜껑.P5"", 462, 23, 478], [""숙마개.HDPE"", 480, 26, 467], [""본 제은공거래위원회소비자피해보상"", 561, 58, 148], [""규정에 의거 교환 또 보상받으 수있습니다"", 598, 67, 153]]"
000745,2026,01,10,2026-01-10,s1,/0 | H | 모렐2//크림치 | 540Kcal60%25% | 2비 26.01.10T1 2까2지 | 기한,"[[""/0"", 30, 45, 225], [""H"", 143, 48, 467], [""모렐2//크림치"", 192, 46, 386], [""540Kcal60%25%"", 352, 63, 43], [""2비"", 459, 36, 55], [""26.01.10T1"", 474, 52, 197], [""2까2지"", 481, 40, 621], [""기한"", 494, 37, 54]]"
000746,2026,06,23,2026-06-23,s1,2026.06.23,"[[""2026.06.23"", 442, 77, 235]]"
000747,2026,06,22,2026-06-22,s1,"섭취 시 설사를 일으킬 수 있으며,용기는 가열 조리용으로 사용 가2니  | ※뚜껑을 처음열때 뱅소2/가L야 정상제품니다 | 소비기한 | 2026.06.22 | 16:59 까지","[[""섭취 시 설사를 일으킬 수 있으며,용기는 가열 조리용으로 사용 가2니 "", 378, 38, 182], [""※뚜껑을 처음열때 뱅소2/가L야 정상제품니다"", 462, 30, 184], [""소비기한"", 501, 32, 183], [""2026.06.22"", 532, 35, 246], [""16:59"", 571, 32, 276], [""까지"", 570, 28, 470]]"
000748,2027,01,22,2027-01-22,s1,"100%EH 고추장 우2쌀 | 소비기한 2027.01.22 14:25 8""8","[[""100%EH"", 514, 106, 154], [""우2쌀"", 486, 75, 496], [""고추장"", 530, 49, 504], [""소비기한"", 606, 42, 149], [""2027.01.22 14:25"", 599, 50, 223], [""8\""8"", 592, 27, 674]]"
000749,2017,11,21,2017-11-21,s2,602办3 | 의 맛을 살린 | 2국 | 0PolloCk S0UP | [10g(32kcal)X57H] MU JL  E0J | 2 171121 |0 해자국입/1,"[[""602办3"", 446, 61, 125], [""의 맛을 살린"", 542, 51, 2], [""2국"", 621, 106, 0], [""0PolloCk S0UP"", 699, 53, 3], [""MU JL  E0J"", 839, 58, 475], [""[10g(32kcal)X57H]"", 851, 60, 5], [""|0 해자국입/1"", 943, 33, 459], [""2 171121"", 946, 17, 351]]"
000750,2026,01,06,2026-01-06,s1,"2미유를잘 비벼 분더 니다 조2법 소하고 진한 HE | 3""801043""015226 | 2026.01.06外X | 2090143 | 800 | 1100m 1000 1200 1400 기준이0로 개인의 필요 열량에 때 1일 영양성분 기준치에 대한 11g20%162 8g53% 7g7%2003 L号1,100mg55% 영28 2서양에서는 설러드요2나 U다.특히.0른식물성 수전2 5인 인류에1용되 | 01 | 0","[[""2미유를잘 비벼"", 77, 154, 47], [""분더 니다"", 76, 151, 100], [""조2법"", 68, 129, 316], [""소하고 진한"", 80, 154, 397], [""HE"", 152, 275, 503], [""3\""801043\""015226"", 342, 41, 91], [""2026.01.06外X"", 459, 59, 206], [""2090143"", 502, 55, 210], [""영28"", 730, 210, 437], [""기준이0로 개인의 필요 열량에 때"", 805, 309, 179], [""11g20%162"", 805, 309, 258], [""8g53%"", 802, 314, 314], [""7g7%2003"", 794, 309, 354], [""1일 영양성분 기준치에 대한"", 804, 307, 208], [""L号1,100mg55%"", 762, 237, 408], [""800"", 695, 44, 0], [""1000"", 736, 58, 54], [""수전2"", 803, 48, 584], [""1200"", 821, 64, 103], [""2서양에서는 설러드요2나"", 886, 147, 529], [""U다.특히.0른식물성"", 889, 141, 558], [""5인 인류에1용되"", 890, 139, 586], [""1100m"", 904, 103, 6], [""1400"", 892, 82, 125], [""01"", 919, 30, 445], [""0"", 943, 24, 445]]"
000751,2025,05,08,2025-05-08,s1,0고객상담실 | 80019-9119） | 플2스트 | DAES ANG | 사용합시다. 2비자3 OT ER | hTtops//WWW.dAes8Ng.com | 한환경 Ttos/.JuNgoNeshop.0o0m | 2025.05.08 | 11:05 까지,"[[""0고객상담실"", 90, 49, 163], [""80019-9119）"", 139, 51, 81], [""플2스트"", 286, 35, 559], [""DAES ANG"", 326, 37, 190], [""2비자3"", 344, 39, 371], [""OT ER"", 359, 38, 546], [""사용합시다."", 376, 51, 0], [""hTtops//WWW.dAes8Ng.com"", 384, 39, 117], [""한환경"", 415, 48, 0], [""Ttos/.JuNgoNeshop.0o0m"", 411, 34, 119], [""2025.05.08"", 458, 53, 180], [""까지"", 488, 49, 625], [""11:05"", 508, 57, 231]]"
000752,2026,07,09,2026-07-09,s1,"m1m | 25m | 量P）300mg风：全理 22 | ， | 119,, | 연노의 투명한액제 효능/장 | 기침.가래.오한즘고떨리는증1.발열.뒤특 | 전동.2육통/의 완화 | 제조번호/사용기한(연1월2) | 20460/26.07.09","[[""m1m"", 42, 67, 165], [""25m"", 85, 64, 167], [""量P）300mg风：全理"", 129, 60, 177], [""22"", 116, 23, 486], [""，"", 168, 58, 179], [""119,,"", 208, 48, 179], [""연노의 투명한액제 효능/장"", 285, 44, 174], [""기침.가래.오한즘고떨리는증1.발열.뒤특"", 365, 50, 162], [""전동.2육통/의 완화"", 401, 45, 163], [""제조번호/사용기한(연1월2)"", 446, 56, 163], [""20460/26.07.09"", 546, 64, 166]]"
000753,2020,01,04,2020-01-04,hires,202E | 더맛있고 찰 녹 | 카2 2간매운망 오뚜기/백세카레는 강황 함 | S1 BE K SE CURRY MEDIUM 로즈마2.월계수잎등을잘 | 2N | 목보고번호/2 밥 위에 없어내면 완성됩니다 | 2/0국산/호주산) 200104 소비기/한 | 1 182 | 0시O1 人 2 号12%31.9,"[[""202E"", 833, 88, 193], [""카2 2간매운망"", 1048, 169, 3], [""더맛있고 찰 녹"", 1030, 87, 1002], [""S1 BE K SE CURRY MEDIUM"", 1134, 95, 0], [""오뚜기/백세카레는 강황 함"", 1120, 59, 930], [""로즈마2.월계수잎등을잘"", 1188, 101, 855], [""2N"", 1387, 199, 643], [""목보고번호/2"", 1628, 135, 252], [""밥 위에 없어내면 완성됩니다"", 1644, 173, 635], [""2/0국산/호주산)"", 1711, 204, 215], [""200104"", 1700, 104, 566], [""0시O1"", 1806, 101, 182], [""人"", 1820, 136, 639], [""1"", 1780, 29, 625], [""182"", 1804, 63, 956], [""소비기/한"", 1791, 94, 1134], [""2"", 1876, 31, 966], [""号12%31.9"", 1872, 98, 1007]]"
000754,2026,05,24,2026-05-24,s1,2%1.2% 경제소금해수츠산 손쉬운 2구시다요2법 | 2레2기 대두. 2저2 개등각종요2시 | 21전는 물에 | 사한 제품과22 | 의사항 분쟁해/에13 | 직사광선을 피하고 서늘한 곳에 보관하0주십시오 | 2법 | 033-462-5050 /www.bukseorak.com | 24센E | OO T  NN NYOU C8  | 8809093047273 OT ER +1213747775www.wltarusa.om | 소비기한 BEST BEFORE) | 2026.05.24开,"[[""2%1.2%"", 25, 52, 106], [""경제소금해수츠산"", 12, 27, 238], [""손쉬운 2구시다요2법"", 24, 35, 394], [""2레2기"", 50, 23, 31], [""대두."", 62, 35, 105], [""2저2"", 72, 31, 403], [""개등각종요2시"", 68, 41, 459], [""21전는 물에"", 92, 46, 471], [""사한 제품과22"", 127, 23, 93], [""의사항"", 149, 32, 21], [""분쟁해/에13"", 161, 50, 86], [""직사광선을 피하고 서늘한 곳에 보관하0주십시오"", 236, 59, 78], [""2법"", 260, 35, 22], [""033-462-5050 /www.bukseorak.com"", 317, 52, 79], [""24센E"", 340, 49, 23], [""OO T  NN NYOU C8 "", 366, 40, 430], [""8809093047273"", 476, 33, 32], [""OT ER"", 472, 31, 173], [""+1213747775www.wltarusa.om"", 484, 40, 437], [""소비기한 BEST BEFORE)"", 554, 26, 17], [""2026.05.24开"", 638, 49, 303]]"
000755,2026,04,30,2026-04-30,s1,ViNk C2upd | Chipa | 1+1 | 소비/기/한 | 2026.4.30 영양정보 | B5202270517 | 제품명 카라파키/ 산2오캐릭터즈 초콜릿 내용 | 식품 유형 | 수입원,"[[""ViNk"", 59, 26, 180], [""C2upd"", 74, 33, 273], [""Chipa"", 101, 38, 270], [""1+1"", 327, 28, 129], [""소비/기/한"", 422, 33, 148], [""2026.4.30"", 471, 34, 191], [""B5202270517"", 506, 42, 194], [""영양정보"", 493, 20, 445], [""제품명"", 563, 31, 169], [""카라파키/ 산2오캐릭터즈 초콜릿"", 575, 36, 228], [""식품 유형"", 589, 30, 173], [""내용"", 578, 22, 492], [""수입원"", 612, 30, 170]]"
000756,2027,02,24,2027-02-24,s1,09 | 09 | 09 0% | 콜레스테롤 0Mg 0% | 0 0% | 2027.02.24 | 까지 | H26 | 비2 률,"[[""09"", 21, 26, 198], [""09"", 54, 31, 196], [""0%"", 74, 37, 348], [""09"", 88, 35, 193], [""0Mg"", 124, 33, 194], [""0%"", 113, 36, 348], [""콜레스테롤"", 132, 43, 20], [""0%"", 150, 37, 348], [""0"", 159, 22, 200], [""2027.02.24"", 365, 44, 93], [""까지"", 386, 33, 354], [""H26"", 417, 46, 95], [""비2 률"", 537, 20, 327]]"
000757,NONE,10,22,NONE-10-22,s1,2단 학 | 20백 12 | 12 2+1 | 2+1 .t00 | 1800 | 소비기한 10.22 F1 V3JB1 까지 | 10는곳 | YOUUS | 춘식01우유 | 10급 원유 바1L나,"[[""2단 학"", 34, 61, 429], [""20백"", 67, 67, 341], [""12"", 85, 38, 431], [""12"", 118, 43, 346], [""2+1"", 106, 33, 439], [""2+1"", 145, 34, 342], ["".t00"", 152, 41, 408], [""1800"", 186, 32, 344], [""소비기한"", 324, 23, 65], [""10.22 F1 V3JB1"", 322, 37, 133], [""까지"", 332, 25, 405], [""10는곳"", 359, 31, 50], [""YOUUS"", 438, 32, 97], [""춘식01우유"", 530, 80, 56], [""10급"", 656, 40, 30], [""바1L나"", 673, 70, 177], [""원유"", 684, 35, 41]]"
000758,2026,03,11,2026-03-11,s1,2026.03.11 12 | A23:05 | 신U/ 흔들고! 단백질 충전!,"[[""2026.03.11"", 334, 28, 103], [""12"", 334, 31, 271], [""A23:05"", 362, 29, 129], [""신U/ 흔들고! 단백질 충전!"", 438, 31, 103]]"
000759,2026,05,14,2026-05-14,s1,지용하 | 2E0 | 졌었다가 드십시오 제품에 |  봉주본제 | 2 는 상받을 있습니다 | 2026/05/14 | 10:48 G | LAB1047-3,"[[""지용하"", 24, 41, 4], [""2E0"", 64, 71, 0], [""졌었다가 드십시오 제품에"", 198, 50, 1], ["" 봉주본제"", 238, 49, 0], [""2 는 상받을 있습니다"", 279, 58, 0], [""2026/05/14"", 388, 39, 210], [""10:48"", 436, 37, 222], [""G"", 433, 24, 363], [""LAB1047-3"", 492, 27, 179]]"
000760,NONE,NONE,NONE,NONE,fail,"20%.DOWN 02 908音居品百店 21 NM00%0Z | 11.20 R13 53 11.20 R13 53 1.20R1353 17 NMO0%0Z | 제품명 요플레 22 /0보2 못보2번호 | 낮아진 낮아2 낮아진 낮아진 낮0진 업소명및소재지주. 10C | 0함량 당 할량 당 할량 담할량 당 할량 내자보과 0 | 20%00WH 20%.DONN 20%.DOWN 20%.DOWN | CFU 01 CFU0상/컵당 CFU0상/) | 개보후에는 반5 개봉후/는 반드시 개봉후에는반드시 | OW ER SUG AR 제품명 요플레  2지널N 프0보2번호 | 낮0진 낮아진 업소명및재지.1 업소명및소지주)그.0 | 담할량 당할량 U03 0BO 0 | 20%.DOWN 20%.DOWN 80.64% 80.64%（ | 0 0 변성전분.향료.올리 0 변성전분,1료.올2고 서E | 변성전분./E (변성전분.덱/트린) 2 0 | LOL LOL 1 2 | CFU0상/) CFU0상/당) 0 | 개보호0는 개봉후에는반드","[[""낮아진"", 668, 59, 124], [""당 할량"", 714, 64, 121], [""20%.DOWN"", 752, 45, 130], [""CFU0상/컵당"", 890, 61, 337], [""개봉후/는 반드시"", 932, 55, 339], [""11.20 R13 53"", 528, 74, 187], [""못보2번호"", 584, 37, 630], [""낮아진"", 668, 65, 118], [""업소명및소재지주."", 648, 100, 333], [""10C"", 680, 25, 582], [""0함량"", 714, 73, 114], [""내자보과 0"", 690, 33, 443], [""20%.DOWN"", 752, 51, 125], [""20%.DOWN"", 185, 110, 184], [""02"", 186, 57, 216], [""21"", 204, 59, 260], [""NMO0%0Z"", 533, 116, 727], [""NM00%0Z"", 208, 48, 475], [""908音居品百店"", 208, 49, 168], [""17"", 526, 29, 431], [""제품명 요플레 22"", 607, 47, 348], [""/0보2"", 588, 39, 603], [""낮아진"", 667, 59, 123], [""담할량"", 713, 68, 119], [""20%.DONN"", 752, 50, 128], [""CFU 01"", 892, 34, 346], [""개보후에는 반5"", 934, 45, 345], [""업소명및소지주)그.0"", 1291, 184, 670], [""낮아진"", 1337, 112, 250], [""담할량"", 1428, 128, 245], [""U03"", 1432, 15, 862], [""20%.DOWN"", 1502, 89, 262], [""80.64%"", 1492, 168, 677], [""변성전분.향료.올리"", 1586, 111, 679], [""0"", 1633, 30, 740], [""(변성전분.덱/트린)"", 1672, 131, 692], [""1"", 1706, 30, 854], [""LOL"", 1720, 46, 717], [""CFU0상/)"", 1777, 134, 677], [""개보호0는"", 1874, 67, 696], [""프0보2번호"", 1174, 75, 1226], [""제품명 요플레  2지널N"", 1213, 120, 689], [""SUG AR"", 1247, 98, 347], [""OW ER"", 1236, 73, 248], [""업소명및재지.1"", 1294, 199, 664], [""낮0진"", 1337, 110, 250], [""당할량"", 1428, 123, 246], [""0BO"", 1432, 39, 798], [""0"", 1427, 16, 966], [""20%.DOWN"", 1503, 82, 264], [""80.64%（"", 1489, 180, 675], [""변성전분,1료.올2고"", 1583, 170, 666], [""0"", 1621, 18, 934], [""서E"", 1624, 65, 1129], [""0"", 1633, 30, 745], [""변성전분./E"", 1674, 119, 696], [""2"", 1660, 25, 1142], [""0"", 1658, 21, 1166], [""2"", 1704, 41, 844], [""LOL"", 1720, 37, 721], [""0"", 1726, 30, 1075], [""CFU0상/당)"", 1778, 147, 673], [""개봉후에는반드"", 1867, 105, 689], [""11.20 R13 53"", 528, 66, 195], [""낮아2"", 668, 60, 124], [""당 할량"", 713, 64, 121], [""1.20R1353"", 528, 65, 209], [""낮0진"", 667, 58, 124], [""당 할량"", 714, 65, 121], [""20%00WH"", 752, 47, 130], [""CFU0상/)"", 889, 62, 338], [""개봉후에는반드시"", 932, 56, 338]]"
000761,2020,10,01,2020-10-01,rot90,기2배출 00 | 201001 | T1 | 22,"[[""기2배출"", 226, 83, 868], [""00"", 226, 30, 911], [""201001"", 297, 10, 478], [""T1"", 518, 21, 492], [""22"", 540, 17, 483]]"
000762,2026,08,02,2026-08-02,s1,IT r C0okies 2/4 6liCe | 1000 | 20260802 | 바삭한 식감 CRISP. | 풍부한 BUT,"[[""2/4"", 65, 132, 398], [""6liCe"", 45, 88, 476], [""IT r C0okies"", 129, 167, 213], [""1000"", 330, 45, 594], [""20260802"", 436, 62, 234], [""바삭한 식감"", 623, 180, 277], [""CRISP."", 630, 162, 459], [""풍부한"", 905, 102, 286], [""BUT"", 909, 94, 456]]"
000763,NONE,11,12,NONE-11-12,s1,含240ml195kcal 240mL195kcal 위해 | 98%827g27% 78% | 4.5g30% | 96g11% 농집.1분 | 수있습내0 2.000kcal 65%)0.1% | 11.12 05AF | 22,"[[""含240ml195kcal"", 22, 51, 131], [""240mL195kcal"", 28, 33, 310], [""위해"", 22, 28, 468], [""98%827g27%"", 52, 61, 148], [""78%"", 66, 45, 315], [""4.5g30%"", 84, 50, 159], [""농집.1분"", 108, 50, 321], [""96g11%"", 124, 49, 160], [""65%)0.1%"", 152, 49, 326], [""2.000kcal"", 152, 32, 162], [""수있습내0"", 170, 31, 161], [""11.12"", 431, 48, 234], [""05AF"", 424, 37, 417], [""22"", 456, 29, 409]]"
000764,2022,03,12,2022-03-12,s1,"SD 1VA 0 | 03 | 01""21 2022.03.12 | 달큼한 두유","[[""SD 1VA"", 83, 60, 133], [""0"", 102, 49, 644], [""03"", 170, 26, 86], [""01\""21"", 455, 34, 343], [""2022.03.12"", 470, 37, 316], [""달큼한 두유"", 535, 42, 320]]"
000765,2023,11,21,2023-11-21,erode5,2023.11.21,"[[""2023.11.21"", 477, 52, 281]]"
000766,2024,09,26,2024-09-26,s1,BesT beTore/BATCTh2 | 24 09 26 0218 | L5175G2 087431 | ShAke Ve DefOre SeVNg. ONC8 | 0pened kep iNThe Ogo AN  | CoONSUME iTN 3 d2ayS ,"[[""BesT beTore/BATCTh2"", 392, 26, 235], [""24 09 26 0218"", 444, 37, 230], [""L5175G2 087431"", 472, 35, 230], [""ShAke Ve DefOre SeVNg. ONC8"", 484, 24, 419], [""0pened kep iNThe Ogo AN "", 500, 25, 418], [""CoONSUME iTN 3 d2ayS "", 514, 24, 419]]"
000767,2026,08,11,2026-08-11,up2x,COCO | 2ERO | 2026.08.11,"[[""COCO"", 362, 77, 537], [""2ERO"", 416, 61, 595], [""2026.08.11"", 984, 87, 556]]"
000768,2026,06,26,2026-06-26,s1,20260626 8006,"[[""20260626 8006"", 353, 51, 258]]"
000769,2026,12,10,2026-12-10,s1,EAP:2026.12.10 00FIF11,"[[""EAP:2026.12.10 00FIF11"", 456, 29, 218]]"
000770,NONE,NONE,NONE,NONE,fail,94-2030 AEV01 07 | 0A | JA2 | ON.U01 | LUOT NO LOT NO HEWOSET HEWO15E55 HEWO15E55 015567 | 9412030 9412039 | LOTNO LOTNO HEWO15E65 HEWO15E5 | 제조Y 제조/ 0412030 Q412030 AU2 | EXPUR VDATE EN PURY OATE | N87 N87,"[[""HEWO15E55"", 487, 32, 273], [""9412030"", 515, 36, 276], [""LUOT NO"", 496, 17, 210], [""015567"", 488, 39, 341], [""94-2030"", 335, 124, 422], [""AEV01"", 326, 107, 457], [""0A"", 378, 26, 460], [""07"", 342, 14, 478], [""JA2"", 452, 15, 479], [""ON.U01"", 465, 18, 478], [""HEWO15E55"", 487, 30, 276], [""LOT NO"", 496, 14, 214], [""9412039"", 515, 34, 277], [""HEWO15E5"", 973, 60, 551], [""LOTNO"", 990, 29, 425], [""제조/"", 1018, 29, 426], [""Q412030"", 1027, 54, 553], [""AU2"", 1020, 18, 811], [""EN PURY OATE"", 1090, 30, 424], [""N87"", 1119, 22, 433], [""HEWO15E65"", 973, 56, 551], [""LOTNO"", 990, 31, 421], [""제조Y"", 1018, 26, 425], [""0412030"", 1028, 61, 552], [""EXPUR VDATE"", 1090, 30, 421], [""N87"", 1118, 29, 429], [""HEWOSET"", 486, 27, 285]]"
000771,2021,12,31,2021-12-31,s1,20 M CN | 2+1 1 APP 121-12.31 | 2육보2 | SAMOAg | ¥2.800 12000m | 1.000 | otota | oota,"[[""20 M CN"", 154, 51, 181], [""2+1"", 252, 89, 487], [""¥2.800"", 258, 44, 6], [""121-12.31"", 254, 35, 628], [""1 APP"", 272, 34, 623], [""2육보2"", 286, 31, 621], [""SAMOAg"", 328, 40, 564], [""12000m"", 363, 36, 572], [""1.000"", 380, 41, 561], [""otota"", 606, 49, 588], [""oota"", 708, 46, 572]]"
000772,NONE,12,20,NONE-12-20,s1,"교차 OU ONC | 22 매일)두유검은콩 고0백 정식품/고0백 | 190ml 190ml 12 | 2.800 12 33.200 29 | 8801121025710 21.400m 8801033808913 2 1,6002 88010338 | 96 | 12.20.10:0747F5 | 0통 기한 까지 OPEN | 후레| 2시합U다 항상사2해 | 서울우유 21 | 100%FreshMilk","[[""교차"", 26, 24, 188], [""OU ONC"", 30, 25, 292], [""매일)두유검은콩"", 57, 30, 103], [""22"", 66, 26, 63], [""고0백"", 72, 21, 416], [""정식품/고0백"", 70, 32, 482], [""190ml"", 84, 31, 174], [""190ml"", 96, 34, 464], [""2.800"", 120, 30, 126], [""12"", 110, 23, 678], [""12"", 132, 21, 381], [""33.200"", 130, 30, 482], [""29"", 125, 20, 696], [""21.400m"", 153, 46, 110], [""2 1,6002"", 162, 44, 458], [""8801121025710"", 158, 22, 0], [""8801033808913"", 166, 22, 355], [""88010338"", 178, 21, 664], [""96"", 331, 38, 222], [""12.20.10:0747F5"", 426, 32, 218], [""0통"", 438, 34, 98], [""OPEN"", 454, 81, 570], [""까지"", 452, 59, 535], [""기한"", 462, 31, 99], [""항상사2해"", 582, 89, 629], [""후레|"", 597, 80, 352], [""2시합U다"", 608, 89, 625], [""서울우유"", 660, 43, 126], [""21"", 686, 89, 356], [""100%FreshMilk"", 751, 38, 360]]"
000773,2020,03,12,2020-03-12,s1,"교차 | 정식품)고0백 고0백 정식품)베22 2석 | 190ml 검은콩투 | 37H3.200 12 3.200 3개 1 | 21.600 21,600 8801033807893 1.6 | 2지 A 器 12.10.14:30 11.28.14#30 02 F5 까져 | Sh MUK | 신선함 | 서울우유 기준. | 제2자 | 2대션을여십시오 학인하세요 | 재할용 2반/료 | 2지방 분리하지 않으셔도 됨니다 입구부분은별도로","[[""교차"", 34, 22, 431], [""정식품)고0백"", 66, 31, 31], [""고0백"", 72, 21, 297], [""정식품)베22"", 64, 23, 372], [""2석"", 64, 25, 696], [""190ml"", 90, 24, 344], [""검은콩투"", 88, 25, 668], [""37H3.200"", 124, 31, 48], [""3.200"", 122, 29, 367], [""3개 1"", 119, 24, 687], [""12"", 131, 22, 267], [""21.600"", 157, 43, 33], [""21,600"", 154, 42, 348], [""1.6"", 148, 36, 678], [""8801033807893"", 156, 23, 569], [""器"", 436, 112, 143], [""까져"", 406, 49, 591], [""12.10.14:30"", 408, 35, 247], [""F5"", 403, 22, 482], [""A"", 440, 43, 57], [""2지"", 452, 51, 20], [""11.28.14#30"", 440, 34, 251], [""02"", 436, 21, 481], [""Sh MUK"", 472, 23, 59], [""신선함"", 520, 30, 520], [""서울우유"", 553, 26, 168], [""기준."", 546, 28, 545], [""제2자"", 575, 36, 531], [""학인하세요"", 606, 35, 530], [""재할용 2반/료"", 662, 34, 524], [""2대션을여십시오"", 620, 134, 0], [""입구부분은별도로"", 692, 35, 527], [""2지방"", 719, 60, 137], [""분리하지 않으셔도 됨니다"", 717, 38, 477]]"
000774,2026,02,08,2026-02-08,s1,2U 2 2즈버드 | 화세3 천연H | 78g 801069422317 | 26.02.08 | 08134 .B | 까지,"[[""2U 2"", 32, 56, 173], [""2즈버드"", 52, 36, 341], [""화세3"", 88, 31, 298], [""천연H"", 100, 37, 384], [""78g"", 398, 205, 188], [""801069422317"", 402, 25, 261], [""26.02.08"", 468, 37, 282], [""08134 .B"", 496, 38, 282], [""까지"", 516, 25, 426]]"
000775,2025,12,17,2025-12-17,s1,25.12.17 | 에2절취선 | 커피를 간편하게 | la | U2,"[[""25.12.17"", 499, 44, 283], [""에2절취선"", 546, 105, 611], [""커피를 간편하게"", 759, 94, 0], [""la"", 851, 58, 0], [""U2"", 915, 73, 0]]"
000776,2026,01,09,2026-01-09,s1,BAR/STA | 바2스타/0 | 2026.01.09 | 0453F50,"[[""BAR/STA"", 370, 158, 98], [""바2스타/0"", 514, 38, 254], [""2026.01.09"", 606, 46, 232], [""0453F50"", 643, 47, 232]]"
000777,2015,02,08,2015-02-08,s1,"iydrate Bg 2% 上 | Fber 09 0% | 0AN 5 내포 r함유 | Jes 5 Added SUgArs 10% 을피하고온도 | 교환장소구입 w4.000 | 0%6 Calcium 11mg 0% 교한또는보상반을수습니다 | Potas.34mg 0% 0139 | womuchtintin 자상담 080215-9803 수신자부 | 영양 보 132 | 100g559kcal | LE号42.8mg | 号599 | IN CENTRATE, SOY LEC/HIN AN 02.MUUK 弄53.69 54% | 1,NATURAL AND ART ACAL 33.79 62% | PPERMUNT OL COL ORS AD DED 트랜스/방09 | AKE, BLUE1UAKE 03% | UCT CONTAINS MUL K AND SOY 1% | 단질59 99% | 22 | K26560-14C23-F | 소비기한 202603 | AN D ES CAN D YES 11 | DVANWI11 | ©TA1.LLC | WWW.T0OTS/e.com | 10-26560-KORQ1PP","[[""上"", 25, 32, 370], [""iydrate Bg"", 24, 26, 12], [""2%"", 20, 20, 137], [""0%"", 42, 21, 137], [""Fber 09"", 48, 21, 0], [""r함유"", 64, 30, 385], [""0AN 5"", 72, 29, 0], [""내포"", 76, 21, 264], [""10%"", 92, 20, 129], [""을피하고온도"", 98, 27, 261], [""Jes 5 Added SUgArs"", 94, 29, 0], [""교환장소구입"", 117, 30, 261], [""w4.000"", 120, 30, 639], [""0%6"", 158, 20, 1], [""Calcium 11mg 0%"", 159, 22, 66], [""교한또는보상반을수습니다"", 160, 29, 262], [""0139"", 180, 35, 260], [""Potas.34mg 0%"", 184, 23, 73], [""자상담 080215-9803 수신자부"", 202, 33, 260], [""womuchtintin"", 213, 22, 33], [""영양 보"", 228, 35, 263], [""132"", 226, 27, 360], [""100g559kcal"", 243, 28, 335], [""LE号42.8mg"", 280, 28, 267], [""号599"", 303, 30, 269], [""02.MUUK"", 317, 24, 87], [""弄53.69"", 327, 30, 274], [""54%"", 328, 27, 396], [""IN CENTRATE, SOY LEC/HIN AN"", 336, 22, 0], [""33.79"", 350, 27, 270], [""62%"", 350, 29, 395], [""1,NATURAL AND ART ACAL"", 355, 25, 1], [""PPERMUNT OL COL ORS AD DED"", 375, 22, 0], [""트랜스/방09"", 370, 29, 277], [""AKE, BLUE1UAKE"", 393, 25, 1], [""03%"", 396, 27, 397], [""UCT CONTAINS MUL K AND SOY"", 413, 23, 0], [""1%"", 418, 35, 404], [""단질59"", 440, 30, 270], [""99%"", 440, 29, 408], [""22"", 465, 28, 416], [""K26560-14C23-F"", 492, 27, 269], [""소비기한"", 517, 28, 268], [""202603"", 532, 36, 339], [""AN D ES CAN D YES 11"", 631, 30, 271], [""DVANWI11"", 654, 35, 269], [""©TA1.LLC"", 678, 29, 270], [""WWW.T0OTS/e.com"", 699, 31, 270], [""10-26560-KORQ1PP"", 778, 32, 272]]"
000778,2026,06,22,2026-06-22,s1,연세우유 | 02/ | loT Us | BiS Cof1 2026 06 22 C,"[[""연세우유"", 49, 45, 438], [""02/"", 205, 38, 203], [""loT Us"", 541, 36, 67], [""2026 06 22 C"", 551, 38, 217], [""BiS Cof1"", 585, 80, 0]]"
000779,2026,06,03,2026-06-03,s1,￥000 | 2미티드 | 무소재지 | 시민.합성료(바널 0) | E2레르기 정보.혜이즘l.우8.대두 함유 판매원.0유업주)경기도 | 평택시 진위면 진위서로 63 | ：1588-1539 | 식품유형.과자 반품및교환.구처및수원 | IEBHIEIB2 의거교환 또는 보상 | 2레르기정보.0(루텐).보금루텐) 부정 불량식품 받을 수있습니다 31  | 신고는 국번없 | 같은 제조시설에서 제조하고 있습니다. | 영양정보 52g267kcal 원산지:캐나다 | L三号125mg 6%全量33.5g10% 03062026 | 트랜스지방09 4.7g L234K07--- 83 15:37 | 量1.6mg1%3.8g | 소비기한(2-월-순까지) | 냉장보관을 하지 마시고 | 10980080005 건조하고 서늘한 곳에 보관 0,"[[""￥000"", 125, 27, 643], [""2미티드"", 233, 20, 382], [""무소재지"", 250, 20, 368], [""시민.합성료(바널 0)"", 270, 23, 55], [""E2레르기 정보.혜이즘l.우8.대두 함유"", 288, 29, 43], [""판매원.0유업주)경기도"", 282, 25, 272], [""평택시 진위면 진위서로 63"", 300, 22, 275], [""：1588-1539"", 317, 22, 272], [""식품유형.과자"", 330, 24, 48], [""반품및교환.구처및수원"", 334, 22, 273], [""IEBHIEIB2"", 362, 26, 45], [""의거교환 또는 보상"", 367, 23, 275], [""2레르기정보.0(루텐).보금루텐)"", 394, 20, 50], [""받을 수있습니다"", 385, 20, 276], [""31 "", 397, 58, 601], [""부정 불량식품"", 401, 20, 274], [""신고는 국번없"", 418, 21, 277], [""같은 제조시설에서 제조하고 있습니다."", 430, 22, 46], [""영양정보"", 458, 35, 41], [""원산지:캐나다"", 451, 20, 275], [""52g267kcal"", 457, 24, 122], [""L三号125mg"", 477, 24, 45], [""6%全量33.5g10%"", 477, 25, 132], [""03062026"", 485, 20, 292], [""4.7g"", 509, 22, 155], [""L234K07--- 83 15:37"", 502, 22, 290], [""트랜스지방09"", 511, 20, 47], [""量1.6mg1%3.8g"", 526, 25, 47], [""소비기한(2-월-순까지)"", 581, 24, 284], [""냉장보관을 하지 마시고"", 601, 24, 285], [""10980080005"", 624, 26, 91], [""건조하고 서늘한 곳에 보관 0"", 616, 25, 289]]"
000780,2026,04,27,2026-04-27,s1,"프2핏 | 02 20 | r-SELEC | HS 19:06 | 2026,04.27 | 혼들0주세요!","[[""프2핏"", 218, 83, 344], [""02"", 257, 64, 250], [""20"", 276, 48, 420], [""r-SELEC"", 418, 40, 607], [""HS"", 493, 26, 283], [""19:06"", 494, 29, 356], [""2026,04.27"", 517, 32, 283], [""혼들0주세요!"", 614, 32, 356]]"
000781,2026,10,02,2026-10-02,s1,05:12 F5 91 | 2026.10.02,"[[""05:12 F5 91"", 460, 40, 278], [""2026.10.02"", 490, 37, 284]]"
000782,NONE,12,19,NONE-12-19,s1,12.19 D1758 | 00배,"[[""12.19 D1758"", 459, 42, 276], [""00배"", 826, 131, 179]]"
000783,2025,12,21,2025-12-21,s1,22지방/딸기 ACT// /A | 25.12.21A15sU20,"[[""ACT// /A"", 289, 378, 361], [""22지방/딸기"", 284, 175, 314], [""25.12.21A15sU20"", 520, 67, 197]]"
000784,2037,05,28,2037-05-28,s1,20370528 | 1455F,"[[""20370528"", 441, 48, 245], [""1455F"", 479, 49, 273]]"
000785,2026,10,15,2026-10-15,det5,02 026.10.15 OPEN | 11:34 F9 | G | COLD | BREW | 51,"[[""02"", 305, 383, 26], [""OPEN"", 295, 48, 357], [""026.10.15"", 370, 57, 293], [""11:34 F9"", 400, 45, 295], [""G"", 454, 87, 194], [""COLD"", 504, 56, 188], [""BREW"", 528, 64, 169], [""51"", 732, 72, 262]]"
000786,2026,12,01,2026-12-01,s1,JNGLES ONGLES | 2司 | 26 12 1  2 F51 까지 OPEN | 05 1 01 | 신선함의 기준 | 서울/유 서울우우,"[[""ONGLES"", 48, 31, 162], [""JNGLES"", 57, 34, 92], [""2司"", 220, 37, 165], [""26"", 464, 139, 64], [""까지"", 441, 66, 590], [""1  2"", 449, 34, 383], [""OPEN"", 472, 99, 633], [""12"", 446, 24, 278], [""F51"", 452, 34, 538], [""05"", 490, 29, 274], [""1"", 491, 34, 383], [""01"", 493, 35, 535], [""신선함의 기준"", 606, 42, 254], [""서울우우"", 846, 173, 216], [""서울/유"", 850, 57, 25]]"
000787,2026,04,09,2026-04-09,s1,울산원.8 | K | 소비기한 까지 | 2026.04.09 09:05 | 서울우유 2지방,"[[""울산원.8"", 414, 33, 492], [""K"", 453, 60, 496], [""소비기한"", 524, 43, 179], [""까지"", 518, 46, 520], [""2026.04.09 09:05"", 578, 35, 213], [""서울우유"", 656, 62, 170], [""2지방"", 651, 53, 407]]"
000788,2021,11,01,2021-11-01,up2x,방02 | 29 | 98 | 211101 |  ..,"[[""방02"", 104, 77, 671], [""29"", 188, 44, 387], [""98"", 298, 126, 752], [""211101"", 719, 92, 688], ["" .."", 1232, 81, 384]]"
000789,2030,02,22,2030-02-22,s1,2+1 | 22 2.300 2300 2.300 | 2 | 12.19 D1758 | 0.8,"[[""2+1"", 24, 48, 587], [""22"", 58, 25, 129], [""2.300"", 66, 20, 241], [""2300"", 75, 22, 354], [""2.300"", 83, 24, 463], [""2"", 207, 28, 349], [""12.19 D1758"", 493, 45, 277], [""0.8"", 910, 118, 159]]"
000790,2028,02,02,2028-02-02,det5,"소비기한 신2는국번 | 제조회사 MABAVA FPOOS ORPORATNON OKAYAMA FACTORY /1399 | f0rMANCE 원재료 | 0100%0 비타민B2 우유함유 风,0.6%,(),叶 | U 2 반 항/수입원구입관방사광을하고 늘한 /에보/82 | 2제품운 거래위원회 자분해결기의거도분수있습 | 售、水胎、食具、型 영양정보! 309kcal 81g | 剂、塔化K、 1227mg61%g23%9g69%14g% | 29B2) g12g8%g0%0g0% | 424mg12%4.617mg PP | LC/1 | NeW TAST NeW HAPPiNeSS/wWW.Neje.Cco.kr | 11100 | 02 0 (外袋未封保存場合の期限) | 28 2 2 0 2 | 21 | 分取注 | 意。 | 02 | C0. 901550151289 | 證の召 | 。 22 | 4-0141 | 00 | 0/","[[""소비기한"", 21, 28, 179], [""신2는국번"", 36, 51, 503], [""MABAVA FPOOS ORPORATNON OKAYAMA FACTORY"", 58, 31, 260], [""/1399"", 61, 46, 503], [""제조회사"", 61, 30, 177], [""f0rMANCE"", 82, 43, 0], [""원재료"", 87, 34, 176], [""风,0.6%,(),叶"", 112, 60, 253], [""0100%0"", 116, 39, 0], [""비타민B2 우유함유"", 132, 29, 257], [""U 2"", 146, 41, 13], [""반 항/수입원구입관방사광을하고 늘한 /에보/82"", 163, 65, 159], [""2제품운 거래위원회 자분해결기의거도분수있습"", 192, 66, 158], [""영양정보!"", 220, 37, 165], [""81g"", 222, 47, 416], [""售、水胎、食具、型"", 239, 52, 0], [""309kcal"", 248, 36, 417], [""剂、塔化K、"", 264, 42, 0], [""1227mg61%g23%9g69%14g%"", 279, 42, 163], [""29B2)"", 292, 39, 0], [""g12g8%g0%0g0%"", 309, 36, 165], [""424mg12%4.617mg"", 337, 32, 165], [""PP"", 338, 25, 552], [""LC/1"", 371, 32, 0], [""NeW TAST NeW HAPPiNeSS/wWW.Neje.Cco.kr"", 402, 35, 188], [""11100"", 444, 28, 0], [""02"", 470, 44, 0], [""0"", 486, 41, 178], [""(外袋未封保存場合の期限)"", 480, 57, 306], [""28"", 534, 44, 0], [""2"", 544, 33, 113], [""2"", 554, 38, 218], [""0"", 554, 33, 242], [""2"", 552, 35, 271], [""21"", 618, 32, 0], [""分取注"", 674, 57, 26], [""意。"", 691, 48, 28], [""02"", 720, 65, 25], [""C0."", 744, 61, 28], [""證の召"", 768, 60, 27], [""。"", 788, 52, 33], [""901550151289"", 753, 99, 294], [""22"", 801, 62, 540], [""4-0141"", 872, 47, 0], [""00"", 890, 20, 0], [""0/"", 916, 19, 0]]"
000791,2026,06,30,2026-06-30,erode5,26.06.30 21143 C | I'mReal10021号,"[[""26.06.30 21143 C"", 554, 51, 213], [""I'mReal10021号"", 640, 66, 159]]"
000792,2026,04,05,2026-04-05,s1,10 | 1-1 | 03 | AR US/ 22 | 2026.04.05 | 15:420,"[[""10"", 23, 29, 17], [""1-1"", 22, 41, 206], [""03"", 98, 37, 69], [""22"", 170, 74, 192], [""AR US/"", 164, 52, 75], [""2026.04.05"", 498, 36, 140], [""15:420"", 528, 23, 144]]"
000793,2026,05,06,2026-05-06,s1,"NR1 MAT | 2 | 0+1 2+7 2-1 | 1+1 | 일었는 | F2K 03153 | 2026, 05, 06 | 흔들드세요 | 언스위트","[[""NR1 MAT"", 29, 35, 0], [""2-1"", 34, 33, 412], [""2"", 87, 79, 6], [""2+7"", 67, 36, 307], [""0+1"", 112, 38, 155], [""1+1"", 148, 35, 37], [""일었는"", 205, 32, 159], [""F2K 03153"", 498, 31, 224], [""2026, 05, 06"", 521, 30, 225], [""흔들드세요"", 547, 32, 412], [""언스위트"", 638, 36, 305]]"
000794,2026,10,27,2026-10-27,s1,W2300 | 10:2FS | 2026.10.27,"[[""W2300"", 244, 23, 433], [""10:2FS"", 467, 44, 283], [""2026.10.27"", 504, 47, 290]]"
000795,2020,08,04,2020-08-04,rot180,2 | 53 J0OU2 | 20.8.4 2AS,"[[""J0OU2"", 222, 435, 361], [""2"", 90, 60, 581], [""53"", 183, 142, 322], [""2AS"", 422, 135, 592], [""20.8.4"", 452, 20, 268]]"
000796,2021,02,02,2021-02-02,fail,OOU5 2UON TASTE SPUCUAU3 3U ANTAR TOP 虚分 | tiash | GE/M1G | T AS TE S JO1 YVLN 2U NTAR T0P ANTAR TOP Enad fiaan T04/ | Enaa 8 21 1/MG 21 2 2 | 02 6 | OCY 1 M1GN UANT AR TOP ANTAR TOP | GEMN18,"[[""21"", 824, 165, 268], [""8"", 855, 170, 127], [""tiash"", 324, 20, 434], [""2U NTAR T0P"", 603, 177, 571], [""Enaa"", 793, 334, 102], [""2"", 822, 151, 277], [""3U ANTAR TOP"", 102, 82, 522], [""2UON TASTE SPUCUAU3"", 123, 60, 534], [""GE/M1G"", 389, 100, 743], [""Enad"", 523, 260, 525], [""OOU5"", 212, 425, 390], [""ANTAR TOP"", 613, 146, 576], [""T AS TE S"", 588, 42, 589], [""1/MG"", 819, 101, 297], [""fiaan"", 646, 41, 866], [""02"", 1015, 45, 348], [""ANTAR TOP"", 1224, 296, 1156], [""虚分"", 126, 80, 1242], [""T04/"", 648, 43, 867], [""6"", 1008, 49, 914], [""M1GN"", 1116, 73, 1205], [""UANT AR TOP"", 1224, 290, 1158], [""OCY"", 1172, 187, 0], [""1"", 1243, 10, 1178], [""GEMN18"", 1648, 348, 544], [""2"", 822, 154, 279], [""JO1 YVLN"", 618, 130, 576], [""21"", 823, 162, 275]]"
000797,2026,08,25,2026-08-25,s1,1ANTAR T01 | MAK AN AN AUNGA1 | NOODLE S N AC | GE MCL | Enaak | 25 08 2025 25 25 08 2026 A1 Eotrk | E0T | CHIC KEN 21 | FL AV OUR | TiMe 0있,"[[""1ANTAR"", 62, 29, 39], [""T01"", 59, 20, 157], [""MAK AN AN AUNGA1"", 53, 40, 559], [""NOODLE S N AC"", 68, 37, 583], [""GE MCL"", 349, 112, 246], [""Enaak"", 477, 275, 11], [""Eotrk"", 628, 183, 434], [""25 08 2025 25"", 658, 51, 219], [""25 08 2026 A1"", 691, 50, 220], [""21"", 738, 39, 650], [""E0T"", 708, 57, 658], [""CHIC KEN"", 786, 54, 83], [""FL AV OUR"", 825, 58, 71], [""0있"", 858, 83, 616], [""TiMe"", 848, 53, 500]]"
000798,NONE,12,20,NONE-12-20,s1,43 | 24 24 | 12.20 D1539 | 1000m 요플레1,"[[""43"", 82, 47, 631], [""24"", 262, 41, 455], [""24"", 270, 30, 509], [""12.20 D1539"", 501, 40, 261], [""요플레1"", 782, 75, 264], [""1000m"", 846, 157, 187]]"
000799,NONE,12,20,NONE-12-20,s1,12.20 D1539 | 요플레,"[[""12.20 D1539"", 482, 52, 253], [""요플레"", 909, 106, 244]]"
000800,2026,08,12,2026-08-12,s1,"M21 2 0일드 2스트 | 세승/스하스아사12 MY | w3,800 #5.500 ￥5.500 | 110含 | 농0 22 | GNM/면안 | 품질유지/한 | 2026.08.12 | 52257848 15:52","[[""2"", 28, 40, 42], [""M21"", 44, 23, 0], [""0일드 2스트"", 37, 27, 158], [""MY"", 68, 21, 699], [""세승/스하스아사12"", 103, 26, 329], [""￥5.500"", 114, 26, 533], [""#5.500"", 127, 28, 354], [""w3,800"", 136, 31, 110], [""110含"", 185, 41, 323], [""22"", 229, 97, 577], [""농0"", 245, 34, 316], [""GNM/면안"", 407, 58, 525], [""품질유지/한"", 478, 37, 93], [""2026.08.12"", 522, 29, 211], [""52257848"", 564, 29, 211], [""15:52"", 563, 30, 394]]"
000801,2026,03,25,2026-03-25,s1,2.800 | MAR IS14 | 2026.03.25 | 01:39 F1 | EST 2016 | A5 | 0RG AN | 활산류 호투을 사용한 제품과 | 있습니다.부 불식품신고.21 | 125ml | 4%2.% 08/ 0% 08,"[[""2.800"", 38, 31, 106], [""MAR IS14"", 120, 73, 60], [""2026.03.25"", 446, 35, 223], [""01:39 F1"", 480, 31, 241], [""2016"", 596, 29, 406], [""EST"", 601, 35, 228], [""A5"", 632, 43, 290], [""0RG AN"", 684, 80, 199], [""활산류 호투을 사용한 제품과"", 764, 33, 245], [""있습니다.부 불식품신고.21"", 787, 36, 236], [""125ml"", 810, 39, 218], [""4%2.%"", 855, 32, 242], [""0%"", 851, 20, 379], [""08/"", 865, 28, 346], [""08"", 868, 22, 383]]"
000802,2026,07,03,2026-07-03,s1,허니머스타드 | 2001044505534 | 포장재질 용가-폴리에틸텐내면)누껑-놀2에틸런 | 나미국.우크라나 등N.유 건조당 2지식이섬잔단겨분겨자외국산캐 영양정보 100g285kcal 265g | 대함 三号650mg33%日全量27g8% | @주식회사 오뛰기 22g22%19g35% | 号OCACNG128 | （） g4.6g31% | 혼입가능·소비자기본법에 따라 피해 보상 15mg5%1g2% | 200 | 장0MOC 보관하시고 얼지 않도록 주의하 개2 등요  따라다를 수 있습니1 | 2034 | 03 | 00024-231 88010451176338 | 소비기한 DN2 | OT HER 2026.07.03 까지 | 09:15,"[[""허니머스타드"", 186, 26, 252], [""2001044505534"", 219, 26, 196], [""포장재질 용가-폴리에틸텐내면)누껑-놀2에틸런"", 242, 25, 188], [""2지식이섬잔단겨분겨자외국산캐"", 334, 28, 129], [""영양정보"", 354, 43, 306], [""265g"", 342, 20, 444], [""나미국.우크라나 등N.유 건조당"", 357, 29, 128], [""100g285kcal"", 362, 31, 420], [""대함"", 384, 27, 234], [""三号650mg33%日全量27g8%"", 388, 29, 309], [""@주식회사 오뛰기"", 402, 26, 132], [""号OCACNG128"", 424, 35, 131], [""22g22%19g35%"", 414, 31, 311], [""（）"", 442, 31, 128], [""g4.6g31%"", 439, 28, 311], [""혼입가능·소비자기본법에 따라 피해 보상"", 462, 29, 128], [""15mg5%1g2%"", 465, 30, 311], [""200"", 491, 28, 317], [""장0MOC 보관하시고 얼지 않도록 주의하"", 517, 30, 129], [""개2 등요  따라다를 수 있습니1"", 506, 23, 318], [""2034"", 536, 35, 130], [""03"", 553, 36, 129], [""00024-231"", 576, 41, 129], [""88010451176338"", 579, 26, 349], [""소비기한"", 603, 30, 221], [""DN2"", 602, 32, 418], [""2026.07.03"", 636, 29, 236], [""OT HER"", 646, 26, 161], [""까지"", 645, 28, 420], [""09:15"", 668, 31, 279]]"
000803,2026,09,13,2026-09-13,s1,쌀56% | 함유 | Mi1 | CL A SS/C 2 | 2026/09/13 | 입인에서 사22,"[[""쌀56%"", 166, 37, 565], [""함유"", 186, 27, 589], [""Mi1"", 360, 164, 370], [""CL A SS/C"", 474, 65, 408], [""2"", 482, 57, 664], [""2026/09/13"", 544, 46, 273], [""입인에서 사22"", 890, 38, 479]]"
000804,2027,09,01,2027-09-01,s1,블-28 | PRD 010925 | EXP 010927,"[[""블-28"", 79, 64, 67], [""PRD 010925"", 570, 49, 238], [""EXP 010927"", 609, 40, 234]]"
000805,2039,01,01,2039-01-01,clahe,제조 | 1ANCE 원무료명 설탕 포도당.들 유학제.육0.6료/자)마르산나트S | 비타민B 2 우유함유 | 영양정보 81g | . 309kcal | 1K.1 9% | /B2) 1208%量0mg0%00% | 424mg12%|74.617mg | PP | 存礼< | NeW TASTe NeW HAPPiNeSS/WMN.Nee.Co.kr | 赏味期限（外袋未开封保存易期限） | 126410 | 分の取遇注 | <。 | 00 | NCU1. | 。 确の召 4901550151289 | 1/1/1-39/UVV 2E | の包材达现境票 植物更来の原 | 千少牛老一部使用 | A10,"[[""제조"", 12, 21, 114], [""유학제.육0.6료/자)마르산나트S"", 32, 67, 185], [""설탕 포도당.들"", 22, 29, 194], [""1ANCE"", 40, 41, 0], [""원무료명"", 33, 32, 113], [""비타민B 2 우유함유"", 62, 42, 193], [""81g"", 134, 50, 356], [""영양정보"", 155, 46, 100], [""309kcal"", 163, 36, 360], [""."", 187, 50, 0], [""9%"", 204, 68, 98], [""1K.1"", 212, 47, 0], [""1208%量0mg0%00%"", 233, 63, 99], [""/B2)"", 242, 34, 0], [""PP"", 260, 20, 523], [""424mg12%|74.617mg"", 268, 45, 104], [""存礼<"", 316, 28, 8], [""NeW TASTe NeW HAPPiNeSS/WMN.Nee.Co.kr"", 329, 50, 126], [""赏味期限（外袋未开封保存易期限）"", 415, 53, 125], [""126410"", 528, 39, 166], [""分の取遇注"", 636, 38, 2], [""<。"", 660, 36, 0], [""00"", 689, 44, 0], [""NCU1."", 714, 44, 0], [""确の召"", 740, 49, 0], [""4901550151289"", 728, 79, 216], [""。"", 761, 42, 0], [""2E"", 800, 71, 548], [""1/1/1-39/UVV"", 788, 90, 227], [""の包材达现境票"", 833, 70, 329], [""植物更来の原"", 848, 86, 326], [""千少牛老一部使用"", 871, 90, 328], [""A10"", 932, 51, 255]]"
000806,2026,10,02,2026-10-02,s1,1900 | 3509 | 00 | 2026 10 02 16:30 2041255 | A SS A M MUL K TEA,"[[""1900"", 102, 34, 280], [""3509"", 153, 40, 1], [""00"", 180, 59, 563], [""2026 10 02 16:30 2041255"", 519, 60, 96], [""A SS A M MUL K TEA"", 704, 57, 88]]"
000807,2026,05,29,2026-05-29,s1,H | EXP 29/05/2026 | 04.03.39J11 | Sh8Ake We/,"[[""H"", 55, 38, 213], [""EXP 29/05/2026"", 292, 55, 152], [""04.03.39J11"", 344, 46, 153], [""We/"", 698, 110, 472], [""Sh8Ake"", 684, 133, 310]]"
000808,2026,06,18,2026-06-18,s1,3/AR1S 콜드 | 27 | 2-1 | 2026.06.12 | 2026.0618 | 우유(국내산)35% | 미02/E 컴,"[[""콜드"", 88, 88, 505], [""3/AR1S"", 114, 94, 101], [""27"", 170, 47, 120], [""2-1"", 270, 41, 15], [""2026.06.12"", 453, 54, 268], [""2026.0618"", 576, 58, 273], [""우유(국내산)35%"", 874, 125, 203], [""미02/E 컴"", 927, 74, 214]]"
000809,2026,08,30,2026-08-30,s1,3500 | 2026.08.30 | (주)비그2 경기5,"[[""3500"", 49, 27, 130], [""2026.08.30"", 435, 54, 234], [""(주)비그2"", 915, 90, 166], [""경기5"", 926, 57, 373]]"
000810,2026,03,31,2026-03-31,s1,2 O UA PM | 26.03.31 | B/1020 | L T0 3 | の元、1未满の乳见 | 婴造,"[[""2 O UA PM"", 408, 65, 170], [""26.03.31"", 477, 64, 165], [""B/1020"", 538, 59, 173], [""L T0 3"", 736, 59, 129], [""の元、1未满の乳见"", 778, 62, 138], [""婴造"", 861, 46, 645]]"
000811,2026,03,31,2026-03-31,s1,2 0  | 26.03.31 | B/1020 | 蜂蜜使用 | の元，1戴未满の乳见 | 加寸5表面owtb 2 | 梨造上尧生寸断面 | 粉付场合 | 安心力,"[[""2 0 "", 470, 46, 267], [""26.03.31"", 519, 46, 263], [""B/1020"", 562, 42, 271], [""蜂蜜使用"", 704, 35, 241], [""の元，1戴未满の乳见"", 732, 41, 245], [""加寸5表面owtb"", 793, 46, 230], [""2"", 789, 40, 607], [""梨造上尧生寸断面"", 821, 47, 243], [""粉付场合"", 848, 46, 245], [""安心力"", 948, 30, 246]]"
000812,2026,05,29,2026-05-29,s1,He He11 Im | T 2L Re3l ReA/ | 100 100 | 2-1 101 | EXP 29/05/2026 | 04.03.39J11 | BeST B | ShAke We/,"[[""He He11"", 38, 76, 49], [""Im"", 73, 40, 467], [""T 2L"", 92, 33, 82], [""Re3l"", 111, 52, 329], [""ReA/"", 110, 58, 456], [""100"", 148, 33, 341], [""100"", 148, 43, 461], [""2-1"", 236, 48, 108], [""101"", 222, 30, 329], [""EXP 29/05/2026"", 412, 36, 203], [""04.03.39J11"", 448, 38, 200], [""BeST B"", 486, 32, 663], [""We/"", 699, 88, 425], [""ShAke"", 695, 104, 319]]"
000813,2026,08,24,2026-08-24,s1,"手外 00 | Sootetungue o fhiat | 01세우유 | 0U3 | 110g(580kcal) | scof1.coM을참조해주세요 | SBAkeries BelGie | at52,9971Lembeke, | 에서 생산하였습니다 2026 08 24 FS | Bes before","[[""手外"", 20, 41, 265], [""00"", 22, 32, 548], [""Sootetungue o fhiat"", 44, 33, 288], [""01세우유"", 158, 39, 71], [""0U3"", 312, 27, 535], [""110g(580kcal)"", 378, 25, 380], [""scof1.coM을참조해주세요"", 426, 34, 0], [""SBAkeries BelGie"", 450, 26, 0], [""at52,9971Lembeke,"", 476, 28, 0], [""에서 생산하였습니다"", 504, 26, 3], [""2026 08 24 FS"", 509, 34, 271], [""Bes before"", 598, 26, 510]]"
000814,2026,06,22,2026-06-22,s1,"0연세우유 8 | 25 2U0.- 8 | 00 | NUN A2 | W1.500 | W4,000 | oT US  | Coff6 2026 06 22 0 | 160g","[[""8"", 31, 28, 691], [""0연세우유"", 41, 38, 235], [""2U0.-"", 72, 33, 243], [""8"", 68, 25, 427], [""25"", 106, 81, 0], [""00"", 144, 73, 1], [""NUN A2"", 168, 37, 65], [""W1.500"", 216, 23, 91], [""W4,000"", 213, 28, 461], [""oT US "", 462, 39, 0], [""2026 06 22 0"", 482, 38, 180], [""Coff6"", 519, 107, 0], [""160g"", 767, 54, 500]]"
000815,2026,06,22,2026-06-22,erode5,2 | 2026 06 22 C | 02,"[[""2"", 140, 8, 421], [""02"", 564, 106, 6], [""2026 06 22 C"", 498, 88, 83]]"
000816,2020,11,03,2020-11-03,det5,/T .J00 | 201103 | 까지 | EA SY OUT | T HE 젤2 VEL | 블2 | APPle ShiNe,"[[""/T .J00"", 120, 25, 319], [""201103"", 146, 17, 324], [""까지"", 456, 30, 469], [""EA SY OUT"", 495, 30, 259], [""VEL"", 630, 111, 363], [""젤2"", 668, 146, 237], [""T HE"", 643, 128, 150], [""블2"", 761, 114, 247], [""APPle ShiNe"", 909, 104, 153]]"
000817,2020,02,02,2020-02-02,fail,OAN 1 E1 ONE HO 21ONEN EHOE 0/0/ 60 | 2/UE 2/UE E 22F 2/VE 2/UE | BEE:NTY 122026 43.43 43 43 43 43 43.43 O/1 HO类 0/O | 9287 Z 4IN:388 1156390825 PAO PAO 2/0E 2/0E 2/VE 2//NE | V25132011 V2513201 15639 25 V2513201 15639 0825 42513201 15639 0825 12513281 15639 8035 15639 9877N:338 | BBE:NIY 2 2826 BEE:N1Y122026 EE：NTY招2826 BBEN12826 5380 68951 10281574 01 43.43 43.43 4343 | OB A | 2 2 20 0 0 0 2513201 15639 0025 156390825 | EBE:N112826 BEE：NT拉2826 2,"[[""OAN 1"", 145, 26, 331], [""21ONEN"", 154, 29, 482], [""0/0/"", 149, 24, 597], [""2/UE"", 180, 33, 459], [""2/VE"", 175, 40, 573], [""43.43"", 264, 89, 443], [""V2513201 15639 0825"", 434, 64, 178], [""BEE:N1Y122026"", 511, 58, 178], [""43.43"", 264, 97, 434], [""V25132011"", 431, 66, 174], [""15639"", 437, 54, 292], [""EE：NTY招2826"", 513, 76, 172], [""2"", 851, 119, 205], [""BEE:NTY 122026"", 290, 224, 418], [""1156390825"", 370, 174, 491], [""43.43"", 558, 226, 657], [""9287 Z 4IN:388"", 430, 226, 481], [""9877N:338"", 449, 61, 317], [""5380 68951 10281574"", 525, 65, 266], [""OB A"", 797, 26, 333], [""E1 ONE"", 154, 29, 482], [""EHOE"", 150, 21, 598], [""2/UE"", 180, 31, 484], [""22F"", 176, 38, 576], [""V2513201 15639 25"", 434, 65, 177], [""BBEN12826"", 510, 61, 177], [""01"", 485, 22, 409], [""HO类"", 298, 47, 1167], [""PAO"", 328, 56, 665], [""2//NE"", 348, 91, 1144], [""2/0E"", 358, 70, 916], [""43.43"", 530, 175, 890], [""156390825"", 874, 120, 587], [""0"", 864, 70, 500], [""2"", 855, 10, 373], [""20"", 846, 8, 457], [""0"", 846, 7, 546], [""0"", 866, 9, 466], [""BEE：NT拉2826"", 1014, 142, 348], [""2"", 1010, 10, 688], [""O/1"", 288, 50, 661], [""0/O"", 296, 47, 1193], [""PAO"", 328, 65, 660], [""2/VE"", 350, 81, 1146], [""2/0E"", 358, 74, 914], [""4343"", 527, 172, 886], [""2513201 15639 0025"", 868, 111, 374], [""EBE:N112826"", 1016, 129, 353], [""12513281 15639 8035"", 434, 65, 177], [""43 43"", 264, 89, 442], [""HO"", 155, 18, 488], [""60"", 150, 24, 600], [""E"", 180, 29, 493], [""2/UE"", 176, 35, 575], [""42513201 15639 0825"", 434, 64, 176], [""43 43"", 264, 90, 443], [""BBE:NIY 2 2826"", 511, 62, 176]]"
000818,2026,05,12,2026-05-12,s1,43 | 251320115639 0825 | DBE.MAY 12 2026,"[[""43"", 204, 84, 605], [""251320115639 0825"", 424, 77, 158], [""DBE.MAY 12 2026"", 542, 77, 155]]"
000819,2020,02,22,2020-02-22,s1,5.000 | 2 2+1 | ：2号 | 2800. 2+1 | 2.800. | 22 0 PU2/NV ANU2UMAN | 22 A1UV 8LNAON 2 1OUDV N 'UT8 21치 | 26 C01W 2 2 | 2 22 20 2 0%E2) 2 2A2 | 22 2 JUW O3V ANWNYS S0AUV ONN SNG O0NN 10F | 2 | 品品 6w 009 3JON Y  22 | SUNSTNS  | 01 O NONUN N | %21 | 2 | g | 6 S1 20 | 1Y8Y# | 21 20 | 0 | 01,"[[""2+1"", 32, 63, 338], [""2+1"", 35, 62, 497], [""：2号"", 35, 28, 436], [""5.000"", 106, 27, 177], [""2800."", 138, 23, 403], [""2.800."", 140, 27, 546], [""10F"", 267, 36, 673], [""2"", 270, 22, 118], [""21치"", 341, 62, 485], [""2A2"", 517, 20, 354], [""'UT8"", 517, 42, 277], [""2"", 533, 26, 339], [""22"", 559, 20, 457], [""2"", 590, 37, 270], [""0%E2)"", 557, 60, 294], [""3JON Y "", 566, 51, 413], [""2"", 604, 25, 229], [""2"", 628, 26, 171], [""1OUDV N"", 602, 52, 184], [""2"", 620, 23, 215], [""ANU2UMAN"", 601, 78, 98], [""S0AUV ONN SNG O0NN"", 566, 138, 273], [""SUNSTNS "", 618, 55, 378], [""ANWNYS"", 632, 46, 251], [""C01W"", 646, 55, 172], [""O NONUN N"", 618, 108, 397], [""0"", 676, 25, 48], [""PU2/NV"", 647, 59, 62], [""20"", 672, 31, 190], [""A1UV 8LNAON"", 667, 66, 106], [""22"", 690, 25, 171], [""2 JUW O3V"", 660, 61, 216], [""22"", 702, 34, 12], [""g"", 676, 71, 489], [""22"", 726, 34, 36], [""2"", 728, 25, 102], [""26"", 769, 30, 18], [""6w 009"", 776, 51, 167], [""20"", 780, 44, 418], [""2"", 802, 46, 104], [""22"", 836, 27, 28], [""品品"", 834, 85, 87], [""6 S1"", 848, 34, 348], [""20"", 857, 26, 494], [""21"", 874, 21, 476], [""0"", 877, 20, 513], [""01"", 892, 35, 96], [""2"", 917, 22, 184], [""01"", 910, 64, 492], [""1Y8Y#"", 912, 87, 353], [""%21"", 940, 42, 70]]"
000820,2026,05,18,2026-05-18,s2,WS.GCC | 2300 | 2//1 | 2800 | BEST BEF0RE.18.05.2026 | MI1882IB23114:23G1 | MTUWI %EZ)AS33N | V ALOV ONV JUDV 1TVS 1 | 26 UN.p/22 3AONV 1 | UN.1POS | bw 009 6w86 SJe6NS | bw O59 | 609 0 | 1 20//S | AGU2 A9 | 20 | NOLL8LNN,"[[""WS.GCC"", 25, 30, 209], [""2//1"", 21, 22, 643], [""2300"", 69, 24, 460], [""2800"", 76, 33, 621], [""3AONV 1"", 603, 63, 430], [""20//S"", 660, 81, 642], [""MTUWI %EZ)AS33N"", 585, 164, 216], [""UN.p/22"", 709, 67, 284], [""UN.1POS"", 726, 67, 304], [""0"", 734, 22, 502], [""SJe6NS"", 746, 58, 320], [""A9"", 766, 123, 514], [""V ALOV ONV JUDV 1TVS 1"", 725, 198, 47], [""6w86"", 827, 50, 192], [""AGU2"", 850, 53, 438], [""26"", 874, 23, 7], [""bw 009"", 876, 65, 89], [""bw O59"", 894, 63, 107], [""609"", 927, 47, 151], [""NOLL8LNN"", 922, 80, 466], [""BEST BEF0RE.18.05.2026"", 400, 66, 36], [""MI1882IB23114:23G1"", 441, 54, 42], [""1"", 938, 15, 198], [""20"", 945, 18, 346]]"
000821,2026,02,02,2026-02-02,s1,2+12+1 | PEEL HERE | EXF26/02/02FV | 031120:28 | SChoolChoiCe | 할람.부분/지우8 원산지.미국.4용 식증유형.치2,"[[""2+12+1"", 180, 62, 493], [""PEEL HERE"", 311, 44, 272], [""EXF26/02/02FV"", 472, 63, 276], [""031120:28"", 516, 50, 281], [""SChoolChoiCe"", 713, 70, 252], [""할람.부분/지우8"", 822, 140, 311], [""원산지.미국.4용"", 815, 123, 335], [""식증유형.치2"", 811, 106, 359]]"
000822,2026,02,02,2026-02-02,s1,2+1 | PEEL HERE | F26/02/02FV | 031120:28 | Ch00lChoiCe | 함람.부분/지우유 원산지.0국.4용 0식품유형.지2,"[[""2+1"", 146, 54, 623], [""PEEL HERE"", 212, 65, 236], [""F26/02/02FV"", 412, 65, 245], [""031120:28"", 464, 61, 246], [""Ch00lChoiCe"", 702, 80, 235], [""함람.부분/지우유"", 825, 158, 283], [""원산지.0국.4용"", 818, 141, 311], [""0식품유형.지2"", 814, 122, 337]]"
000823,2027,02,23,2027-02-23,s1,USiNg OUr ClASSiC F1 | 0Ur Broche ke2 | for loNger ANd Are st | ThANks To our per2e | OUr iN-house sTA | ThAT USeS Wil | 3256540003347 | BBD(YYYY/MM/DD): | 2027/02/23 | L25351 01 | 03 13 16/01 P,"[[""USiNg OUr ClASSiC F1"", 13, 27, 558], [""0Ur Broche ke2"", 35, 26, 589], [""for loNger ANd Are st"", 60, 36, 546], [""ThANks To our per2e"", 85, 34, 563], [""OUr iN-house sTA"", 109, 32, 581], [""ThAT USeS Wil"", 133, 30, 603], [""3256540003347"", 420, 49, 259], [""BBD(YYYY/MM/DD):"", 554, 57, 246], [""2027/02/23"", 594, 51, 212], [""L25351"", 674, 67, 192], [""01"", 671, 30, 542], [""03 13 16/01 P"", 732, 83, 202]]"
000824,2026,12,18,2026-12-18,s1,바나나9 | 비요 비L요 | 26 12.18.10:41 F5 12.05. 10.41 D1 까지 OPEN | 신선함의 기준 | 서울우유 서울우유,"[[""바나나9"", 83, 40, 104], [""비요"", 338, 53, 364], [""비L요"", 360, 60, 552], [""26"", 490, 113, 102], [""12.18.10:41 F5"", 460, 34, 182], [""까지"", 481, 56, 510], [""OPEN"", 506, 93, 541], [""12.05. 10.41 D1"", 498, 36, 183], [""신선함의 기준"", 606, 46, 227], [""서울우유"", 782, 141, 196], [""서울우유"", 768, 57, 55]]"
000825,2026,06,22,2026-06-22,s1,3320 | 혼들어 드세요 | 2026.06.22 17:34 90,"[[""3320"", 13, 20, 428], [""혼들어 드세요"", 334, 38, 166], [""2026.06.22 17:34 90"", 444, 51, 131]]"
000826,2026,06,22,2026-06-22,s1,2들0 드세요 | 2026.0622 17:4 0,"[[""2들0 드세요"", 340, 37, 127], [""2026.0622 17:4 0"", 460, 51, 88]]"
000827,2026,08,09,2026-08-09,s1,（） BesT BeT03 | YYYY/MN.20 | 20260809 | 제품명 | 수입판매업소 | 원재료명 | 소비자담 해결기준에의거.22,"[[""（）"", 378, 45, 141], [""BesT BeT03"", 389, 30, 440], [""YYYY/MN.20"", 411, 36, 441], [""20260809"", 480, 53, 209], [""제품명"", 703, 34, 152], [""수입판매업소"", 731, 36, 144], [""원재료명"", 780, 39, 145], [""소비자담"", 870, 36, 143], [""해결기준에의거.22"", 900, 31, 411]]"
000828,NONE,12,21,NONE-12-21,s1,MeoN AOVOred NAl2 | ※무껑은후기 | 12.21 OSAF2 | ENC5,"[[""MeoN AOVOred NAl2"", 120, 50, 261], [""※무껑은후기"", 264, 61, 230], [""OSAF2"", 488, 50, 383], [""12.21"", 495, 43, 240], [""ENC5"", 528, 75, 318]]"
000829,2026,03,20,2026-03-20,s1,·0-10 | 品星）%60品专号百五品 | 마토 호두.되지고기.쇠고기를 사용한 제품과1 | 2제조시설에서 제조하고 있습니다 | 2026.03.20 | 16:48:463A,"[[""·0-10"", 44, 62, 255], [""品星）%60品专号百五品"", 266, 339, 107], [""마토 호두.되지고기.쇠고기를 사용한 제품과1"", 353, 64, 172], [""2제조시설에서 제조하고 있습니다"", 396, 59, 177], [""2026.03.20"", 502, 48, 253], [""16:48:463A"", 553, 54, 265]]"
000830,2025,12,20,2025-12-20,s1,DAN ONe | ACTIVA | 2지방/사과 | 25.12.20m 0omo42,"[[""DAN ONe"", 163, 64, 208], [""ACTIVA"", 230, 393, 48], [""2지방/사과"", 310, 158, 237], [""25.12.20m 0omo42"", 608, 76, 200]]"
000831,2025,07,16,2025-07-16,s1,"2800.16.07.2025 | 2원산지.폴란드 | ""제 공정거래위원회 고시소비자 해기준에 | 의거 2환 또는 보상받을 수있습니다","[[""2800.16.07.2025"", 448, 28, 147], [""2원산지.폴란드"", 516, 26, 543], [""\""제 공정거래위원회 고시소비자 해기준에"", 700, 28, 270], [""의거 2환 또는 보상받을 수있습니다"", 715, 27, 308]]"
000832,2029,07,16,2029-07-16,s2,"2800.16.07.2029 41 | 227.16.07.2026 | 8(Lactima Exclusive witholives8portions) | （130ACMA0.0 22월산지.폴란드 | 영양정보 140g（17.5g×8）/17.5g（1）40kcal | 00至23g15%10mg4%3g5% | （200ca） | ：（P：）：14017.5g8315kca | 139 | ""제은 공정거래위원회 고시소비자분쟁해기준에 | 의거 교환 또는 보상받을 수 있습니다.","[[""41"", 437, 24, 473], [""22월산지.폴란드"", 508, 47, 535], [""영양정보"", 651, 24, 140], [""의거 교환 또는 보상받을 수 있습니다."", 753, 35, 293], [""2800.16.07.2029"", 452, 49, 63], [""227.16.07.2026"", 482, 43, 68], [""8(Lactima Exclusive witholives8portions)"", 514, 65, 47], [""（130ACMA0.0"", 535, 58, 55], [""140g（17.5g×8）/17.5g（1）40kcal"", 632, 59, 259], [""00至23g15%10mg4%3g5%"", 668, 65, 153], [""（200ca）"", 685, 62, 169], [""：（P：）：14017.5g8315kca"", 703, 62, 179], [""139"", 720, 56, 207], [""\""제은 공정거래위원회 고시소비자분쟁해기준에"", 737, 46, 244]]"
000833,2026,04,27,2026-04-27,s1,"62 | 1A포 20 | HS19:06 | 2026,04.27 | 혼들어주세요!","[[""62"", 17, 35, 290], [""20"", 66, 53, 332], [""1A포"", 55, 111, 87], [""HS19:06"", 380, 39, 165], [""2026,04.27"", 412, 35, 170], [""혼들어주세요!"", 544, 52, 275]]"
000834,2026,02,02,2026-02-02,s1,PE5L HERE | E26/02/02FV | 031120:28 | SChoolChoiCe. | LOW-MOiST,"[[""PE5L HERE"", 344, 29, 278], [""E26/02/02FV"", 446, 45, 277], [""031120:28"", 476, 33, 282], [""SChoolChoiCe."", 612, 42, 272], [""LOW-MOiST"", 740, 123, 364]]"
000835,2026,02,02,2026-02-02,s1,L800 1700 | PEEL HERE | EXF26/02/02FV | 0311 20:28 | sdhooichoice,"[[""L800"", 66, 23, 458], [""1700"", 65, 23, 596], [""PEEL HERE"", 297, 26, 355], [""EXF26/02/02FV"", 394, 39, 352], [""0311 20:28"", 421, 38, 356], [""sdhooichoice"", 554, 43, 333]]"
000836,2028,06,09,2028-06-09,s1,0백 | 20g 0 | 20g | N 02 | LPU2PPONV ' | SMA A1S O0 NUN8 A3S A  | 19 00V 2UDV1 | M/22 | 2010 | 1 w009 | 12 62L | w 08L | S2 /1 600L | 22   | 28 6 9U)6 021 8 | 20 | 6 | 2N0 | 12 | JN6,"[[""0"", 71, 48, 152], [""0백"", 82, 44, 42], [""20g"", 126, 32, 164], [""20g"", 134, 30, 60], [""02"", 414, 25, 236], [""A3S A "", 424, 55, 320], [""N"", 432, 82, 156], [""NUN8"", 493, 54, 205], [""LPU2PPONV '"", 514, 59, 73], [""O0"", 521, 52, 172], [""2UDV1"", 522, 49, 204], [""00V"", 546, 34, 185], [""SMA A1S"", 567, 38, 123], [""19"", 590, 23, 103], [""M/22"", 639, 50, 47], [""w009"", 638, 47, 164], [""2010"", 660, 40, 105], [""1"", 736, 26, 22], [""20"", 733, 20, 450], [""600L"", 757, 30, 263], [""62L"", 784, 34, 136], [""2N0"", 796, 39, 393], [""12"", 788, 37, 448], [""w 08L"", 798, 54, 142], [""S2 /1"", 799, 50, 197], [""6"", 826, 21, 323], [""22  "", 821, 56, 219], [""12"", 854, 23, 22], [""JN6"", 845, 54, 403], [""28 6 9U)6 021 8"", 904, 91, 87]]"
000837,2025,03,21,2025-03-21,erode5,2P 3 21 25 131 1 | 22,"[[""2P 3 21 25 131 1"", 438, 41, 171], [""22"", 806, 16, 397]]"
000838,2026,08,21,2026-08-21,hires,EXP FE8 21 26 N12 | PEEL HERE | C HED D AR C HEESE P20MUNT CHEESE ONTGARDY,"[[""EXP FE8 21 26 N12"", 837, 70, 359], [""PEEL HERE"", 1176, 57, 504], [""C HED D AR C HEESE"", 1548, 463, 560], [""ONTGARDY"", 1556, 469, 794], [""P20MUNT CHEESE"", 1547, 328, 726]]"
000839,2026,01,03,2026-01-03,s1,SEV EN 건강한 닭이 넣은 | 세븐람 FA 신선한 등0 딸1 | 품질등급 증광규격 | 0란 | 특 세븐이 선정한 께까한 농장에서 | 1등급 대 정성들0 키운 닭이 낯은 | 증 | 소란 신선한 계란입니다 | 축산물품결증가원 | 등급판0일2 2025.11.26 | 소비기한? 2026.01.03 | 000 AAN | T01 T0T | 개 한한경 세1 22 선별포장 | 17503 | 식품유형.시요2 O~1OC 냉장보 | 축산무3 등과한 신선한 계란입니다,"[[""건강한 닭이 넣은"", 66, 55, 210], [""SEV EN"", 74, 29, 14], [""FA"", 108, 74, 15], [""딸1"", 132, 106, 591], [""등0"", 138, 94, 536], [""신선한"", 149, 123, 189], [""세븐람"", 154, 38, 44], [""품질등급"", 243, 26, 24], [""증광규격"", 240, 26, 92], [""0란"", 265, 22, 107], [""특"", 286, 25, 103], [""세븐이 선정한 께까한 농장에서"", 277, 49, 210], [""1등급"", 310, 25, 36], [""대"", 309, 22, 111], [""정성들0 키운 닭이 낯은"", 317, 44, 211], [""증"", 332, 23, 112], [""소란"", 354, 20, 114], [""신선한 계란입니다"", 355, 44, 213], [""축산물품결증가원"", 378, 26, 37], [""2025.11.26"", 429, 46, 210], [""등급판0일2"", 450, 60, 15], [""2026.01.03"", 482, 44, 208], [""소비기한?"", 504, 51, 17], [""000"", 571, 22, 149], [""AAN"", 566, 27, 252], [""T01"", 595, 28, 147], [""T0T"", 592, 31, 251], [""22"", 607, 30, 367], [""세1"", 623, 26, 158], [""선별포장"", 616, 27, 463], [""개 한한경"", 626, 30, 32], [""17503"", 626, 27, 616], [""식품유형.시요2 O~1OC 냉장보"", 743, 72, 130], [""축산무3"", 786, 35, 192], [""등과한 신선한 계란입니다"", 786, 33, 470]]"
000840,2026,01,01,2026-01-01,s1,옥수수 | 100 | 제품명/벽I모양 레벨빛 케01 | 식품유형//류 90g（430kcal） | 0 | 내포장재/용/.PET.포크.PS 트레O.종0 | 20210363128114 | 36 | 판매원 133） | 제조원 원/주타2트엔코/경기도 용인처인구모현읍 초부로 | 132-12（TEL031-323-4177） | 소비기한 | 26.01.01 | 80924311176679,"[[""옥수수"", 44, 72, 546], [""100"", 94, 21, 692], [""제품명/벽I모양 레벨빛 케01"", 140, 44, 61], [""90g（430kcal）"", 156, 41, 272], [""식품유형//류"", 172, 37, 57], [""0"", 172, 28, 674], [""내포장재/용/.PET.포크.PS 트레O.종0"", 225, 50, 45], [""20210363128114"", 260, 49, 38], [""36"", 293, 72, 25], [""판매원"", 333, 40, 27], [""133）"", 324, 46, 106], [""제조원"", 372, 33, 27], [""원/주타2트엔코/경기도 용인처인구모현읍 초부로"", 362, 54, 61], [""132-12（TEL031-323-4177）"", 400, 40, 87], [""소비기한"", 471, 46, 264], [""26.01.01"", 528, 39, 254], [""80924311176679"", 565, 23, 42]]"
000841,2025,12,22,2025-12-22,s1,145 | kCAl | 0미지예 | 21O°CV 2025.12.22.F3,"[[""145"", 316, 83, 378], [""kCAl"", 380, 57, 385], [""0미지예"", 467, 52, 526], [""21O°CV"", 534, 62, 3], [""2025.12.22.F3"", 573, 76, 213]]"
000842,2026,07,03,2026-07-03,s1,03 07 2026 | L260KBB-J011:09 | 소비기한.(2-월-년순까지) | FERRERO | ROC ER,"[[""03 07 2026"", 473, 47, 221], [""L260KBB-J011:09"", 514, 43, 221], [""소비기한.(2-월-년순까지)"", 552, 31, 226], [""FERRERO"", 633, 38, 265], [""ROC ER"", 668, 41, 264]]"
000843,2026,06,17,2026-06-17,s1,보상 받을 수 있습니다 | 영양정보 90g562kcal | LI三号15mg 1% 39g 12% | 29g 29% 42g 78% | 트랜스지방 09 22 145% | 콜레스테롤 9 M9 3% 단백질79 13% | 소비기한 | (2-월-년순 까지) | 17.06.2026 | 203K06UKC | 16:3202 | 3801121044087,"[[""보상 받을 수 있습니다"", 35, 34, 202], [""영양정보"", 134, 31, 190], [""90g562kcal"", 130, 29, 420], [""LI三号15mg"", 166, 28, 189], [""1%"", 164, 25, 388], [""39g"", 164, 32, 435], [""12%"", 165, 30, 633], [""29g"", 198, 30, 189], [""29%"", 198, 28, 371], [""42g"", 198, 33, 434], [""78%"", 198, 28, 629], [""트랜스지방 09"", 230, 32, 188], [""22"", 231, 32, 434], [""145%"", 232, 28, 618], [""콜레스테롤 9 M9"", 262, 32, 188], [""3%"", 264, 23, 384], [""단백질79"", 264, 27, 432], [""13%"", 266, 29, 629], [""소비기한"", 381, 32, 178], [""(2-월-년순 까지)"", 410, 33, 180], [""17.06.2026"", 462, 30, 195], [""203K06UKC"", 484, 33, 206], [""16:3202"", 502, 37, 193], [""3801121044087"", 544, 31, 473]]"
000844,2026,07,03,2026-07-03,det5,HRRO | 2OC.AUR | 2-1 | 03072026 | L260KBB-JO 11:09 | 소비기한/(일-월-년순까지) | FERRFRO | ROC HER,"[[""HRRO"", 139, 30, 294], [""2OC.AUR"", 162, 33, 296], [""2-1"", 353, 36, 317], [""03072026"", 500, 73, 192], [""L260KBB-JO 11:09"", 554, 77, 191], [""소비기한/(일-월-년순까지)"", 603, 56, 196], [""FERRFRO"", 702, 63, 237], [""ROC HER"", 748, 63, 235]]"
000845,2026,06,17,2026-06-17,s1,29g 29% 지방 | 트랜스지방 09 포화 | 콜레스테롤 9M9 3% 단백 | 소비/한 | (2-월-년순 까지) | 17.06.2026 | L203K06UKC | 16:3202,"[[""29g"", 46, 54, 139], [""29%"", 40, 50, 507], [""지방"", 41, 56, 633], [""트랜스지방 09"", 109, 55, 139], [""포화"", 104, 51, 633], [""콜레스테롤 9M9"", 174, 52, 142], [""3%"", 170, 49, 528], [""단백"", 170, 55, 631], [""소비/한"", 416, 49, 128], [""(2-월-년순 까지)"", 469, 52, 130], [""17.06.2026"", 574, 39, 169], [""L203K06UKC"", 616, 43, 169], [""16:3202"", 654, 54, 165]]"
000846,2026,05,28,2026-05-28,s1,16:53 28.05.2026 | OPJO4535224 | UNd Vor WA e SChUTzeN. | 10248428 | 10m11 | 비닐료/ 2 | UGAAN.PP 19 8기대한울200231,"[[""16:53 28.05.2026"", 532, 37, 252], [""OPJO4535224"", 569, 44, 247], [""UNd Vor WA e SChUTzeN."", 649, 35, 223], [""10248428"", 671, 45, 1], [""10m11"", 774, 55, 265], [""비닐료/"", 782, 29, 211], [""2"", 797, 55, 269], [""UGAAN.PP"", 816, 37, 175], [""19 8기대한울200231"", 820, 58, 270]]"
000847,2026,05,28,2026-05-28,s1,1653 28.05.2026 | OPJ04535224 | UNd Vor NAr e SChUT2eN. | 40g190kcal | A2ANT AMA 110mg6278%111%风8g15% | 비닐류 44g204mg% | 卫 %2.000kca | PP,"[[""1653 28.05.2026"", 422, 55, 131], [""OPJ04535224"", 487, 56, 123], [""UNd Vor NAr e SChUT2eN."", 635, 45, 93], [""40g190kcal"", 806, 87, 164], [""A2ANT AMA"", 832, 33, 0], [""110mg6278%111%风8g15%"", 849, 80, 172], [""비닐류"", 868, 42, 84], [""44g204mg%"", 889, 76, 184], [""卫"", 892, 31, 4], [""%2.000kca"", 926, 72, 186], [""PP"", 931, 22, 107]]"
000848,2021,05,20,2021-05-20,s1,21 05 202 1218KBBNHX PA D 8,"[[""PA D 8"", 546, 167, 536], [""21 05 202"", 500, 49, 263], [""1218KBBNHX"", 544, 52, 266]]"
000849,2026,05,21,2026-05-21,s1,21 05 2026 | 1218KBBNHX,"[[""21 05 2026"", 516, 58, 226], [""1218KBBNHX"", 558, 61, 228]]"
000850,2026,08,09,2026-08-09,s1,완7원산지.층국 | L286K11-6 | R13102025 | E09 08 2026 | A2비1 | 초코비,"[[""완7원산지.층국"", 260, 68, 313], [""L286K11-6"", 370, 40, 270], [""R13102025"", 410, 35, 269], [""E09 08 2026"", 446, 39, 271], [""A2비1"", 582, 54, 578], [""초코비"", 724, 57, 602]]"
000851,2026,06,30,2026-06-30,s1,246K11-1 | P03092025 | E30062026,"[[""246K11-1"", 490, 62, 214], [""P03092025"", 545, 66, 169], [""E30062026"", 603, 62, 176]]"
000852,2026,08,14,2026-08-14,s1,20444G | BBE 14.08/26,"[[""20444G"", 478, 74, 247], [""BBE 14.08/26"", 548, 98, 174]]"
000853,2026,09,24,2026-09-24,s1,L27 | 味26.09.24 | 款造25.09.25,"[[""L27"", 462, 45, 296], [""味26.09.24"", 520, 68, 277], [""款造25.09.25"", 575, 48, 274]]"
000854,2026,09,04,2026-09-04,s1,식품안전0인 H ACCP 0크란2 | HACCP | 식약처에서 위생적이고 안전하다고 | 인증한식품에만 표/하는 마크입니다 | 801117282301 | 소비 부터 | 기한 2025.11.05/15:11 까지 | 2026.09.04/A-1,"[[""식품안전0인"", 102, 29, 100], [""H ACCP 0크란2"", 111, 48, 208], [""HACCP"", 126, 33, 99], [""식약처에서 위생적이고 안전하다고"", 152, 35, 210], [""인증한식품에만 표/하는 마크입니다"", 178, 33, 209], [""801117282301"", 336, 34, 112], [""소비"", 382, 40, 34], [""부터"", 384, 43, 431], [""기한"", 427, 44, 35], [""2025.11.05/15:11"", 420, 36, 136], [""까지"", 426, 39, 431], [""2026.09.04/A-1"", 456, 32, 137]]"
000855,2026,08,25,2026-08-25,s1,0  ME1 | Enaa | 25082026A1 25 08 2025 25 2 | HIC KEN | AV OUR,"[[""0  ME1"", 54, 115, 257], [""Enaa"", 258, 248, 0], [""2"", 478, 223, 465], [""25 08 2025 25"", 486, 54, 178], [""25082026A1"", 533, 48, 177], [""HIC KEN"", 659, 88, 0], [""AV OUR"", 715, 87, 0]]"
000856,2026,06,03,2026-06-03,s1,판매원.매2유업(주)경기도 | 2유.대두 함유 평택시 진위면 진위서로 63 | ：1588-1539 | 반품 및 교환.구입처 및 수입원 | (0밀가루.0코틴 본 제품은 공정거래위원 회 고시에 | 염.비타민B2.엽 의거 교환 또는 보상 | 가추출분말.효모 받을 수있습니다 | ).보2(글루텐) 부정 불량식품 플라스틱 | 를 사용한 제품과 신고는 국번없0 | 하고 있습니다. 1399 PP | 52g267kcal 원산지.캐나다 개봉필름.2/0 | 量33.5g10% | 13.1g 24% 03062026 | 4.7g31% L234K07---83 15:37 | 3.8g 7% | (%)2.000kcal | 량에 따2 다를 수 있니다 | 소비기한(2-월-년순까지) | ·냉장보관을 하지 마시고 | 80005 건조하고 서늘한 곳에 보관 ,"[[""판매원.매2유업(주)경기도"", 40, 65, 199], [""2유.대두 함유"", 83, 63, 0], [""평택시 진위면 진위서로 63"", 80, 61, 205], [""：1588-1539"", 124, 57, 203], [""반품 및 교환.구입처 및 수입원"", 159, 71, 203], [""(0밀가루.0코틴"", 213, 50, 0], [""본 제품은 공정거래위원 회 고시에"", 198, 68, 211], [""염.비타민B2.엽"", 248, 52, 0], [""의거 교환 또는 보상"", 242, 50, 219], [""가추출분말.효모"", 283, 48, 0], [""받을 수있습니다"", 283, 50, 221], [""플라스틱"", 292, 55, 485], ["").보2(글루텐)"", 322, 50, 0], [""부정 불량식품"", 322, 49, 216], [""를 사용한 제품과"", 364, 49, 0], [""신고는 국번없0"", 359, 48, 228], [""PP"", 376, 39, 507], [""하고 있습니다."", 403, 46, 0], [""1399"", 400, 36, 229], [""개봉필름.2/0"", 408, 39, 464], [""원산지.캐나다"", 434, 49, 229], [""52g267kcal"", 461, 55, 0], [""量33.5g10%"", 504, 50, 0], [""03062026"", 510, 48, 273], [""13.1g"", 543, 34, 1], [""24%"", 536, 36, 156], [""L234K07---83 15:37"", 546, 54, 272], [""4.7g31%"", 574, 50, 0], [""3.8g"", 610, 33, 1], [""7%"", 604, 32, 177], [""(%)2.000kcal"", 642, 35, 3], [""량에 따2 다를 수 있니다"", 666, 39, 0], [""소비기한(2-월-년순까지)"", 722, 47, 273], [""·냉장보관을 하지 마시고"", 766, 44, 273], [""건조하고 서늘한 곳에 보관 "", 800, 42, 288], [""80005"", 818, 41, 24]]"
000857,2025,01,28,2025-01-28,s1,ACETO B AL S A IC0 | DI MODEN A1G | CerTi .CAT dA OgAN.S m0 | 식품 위생법의한 한글표시1 | 제품명:2데나 발사1 | 14 | GUSe PPE Ce MONN1 VA FOSCT 2 | MOdeN8.0V 유기한 제품 뒷민하단 별도 | （）250m | ：6%7599% | （100%）23%（100%） | 1%0.01% | 무수0산함 | 1기재질.유리 | 누껑내부.폴2에틸렌 | 무껑외부 20능 반물 환장소구입처 및 관매처 | 초신군이 지인적으로덩져생긴마더(브바니거로 | 걸러내셔서 섭취하시면됩니다.2제문  소비자 피해 | 보상규정에 의거교환 및 보상을 받을 수있습니다 | 본제품 은 0태2서 모장까지 마친 원제으로 | 2025/01/28 | 산도.6% 유21 | 250ml | 8007150901968,"[[""ACETO B AL S A IC0"", 21, 22, 267], [""DI MODEN A1G"", 40, 22, 273], [""CerTi .CAT dA OgAN.S m0"", 60, 25, 265], [""식품 위생법의한 한글표시1"", 96, 23, 259], [""제품명:2데나 발사1"", 115, 26, 233], [""14"", 154, 20, 235], [""GUSe PPE Ce MONN1 VA FOSCT 2"", 172, 22, 234], [""MOdeN8.0V 유기한 제품 뒷민하단 별도"", 189, 28, 232], [""（）250m"", 208, 23, 235], [""：6%7599%"", 225, 28, 234], [""（100%）23%（100%）"", 244, 25, 236], [""1%0.01%"", 262, 25, 234], [""무수0산함"", 307, 34, 238], [""1기재질.유리"", 362, 21, 239], [""누껑내부.폴2에틸렌"", 380, 22, 238], [""무껑외부 20능 반물 환장소구입처 및 관매처"", 397, 22, 238], [""초신군이 지인적으로덩져생긴마더(브바니거로"", 448, 24, 239], [""걸러내셔서 섭취하시면됩니다.2제문  소비자 피해"", 482, 25, 239], [""보상규정에 의거교환 및 보상을 받을 수있습니다"", 500, 21, 240], [""본제품 은 0태2서 모장까지 마친 원제으로"", 535, 22, 239], [""2025/01/28"", 635, 20, 273], [""산도.6%"", 704, 27, 255], [""유21"", 704, 26, 385], [""250ml"", 741, 44, 251], [""8007150901968"", 831, 24, 262]]"
000858,2021,10,02,2021-10-02,s1,2021/10/2,"[[""2021/10/2"", 582, 24, 275]]"
000859,2020,01,08,2020-01-08,clahe,220/1.8,"[[""220/1.8"", 412, 62, 263]]"
000860,2022,07,23,2022-07-23,s2,Sgerairang Bljro | os Lyah | ase MMS/A10P UHREHKCCIE | 03 | hetdanaurisStoenreeoesenaaacha | cantainslardandtsdervtsuundesouitsecontiantpassindouxuadhifs | V JUUU1 0227472840-01001641646-01005400549 | Tavsiyeedien tikeim tarihi (uEW)veparf mumarasiambalajin izerindedif. | 0.TOCNV8 Besbeoredatesegonthepeckagg | isletmeKayitNo:TR-41-K-001282 Pari Sen No/Batch No | C2T NG/SO0-NT NOT ABorlk/NCTT  Oe iC ProdUOT DATe/BeST Befor8 Oretim Tarihi/TETT | 00g RA NO/NOd NA HomepHa Binga Soortnummar POUNS NOT /NOT Wegh2 TAY As | bubgmbobNo/NumerodeAniculo ToMo/N80 go ChT | ica VRSTABRNrSpecimear bugbbo Pembo/PesoNeto GUD A SAN.V0 TIO.A1 | 20 ADV8 NETO TE2 INA ONCUTA 2 o.dn6/wyroboa/Prolrvodac LOT:233 | KagepoBaposd OJN Cobze Organize Sanayl. BEST BEF0RE | 9 hsanDedeCd.800stNo:1Z2 GebzKocal/TURKEY 23.07.2022 | TO52620466713(POX) | FaX-0.2626410680-90 | K2 WNWV.0AYA8.Com.r | 690997 156297 2000)70.550z | BOXNO:B056291,"[[""isletmeKayitNo:TR-41-K-001282"", 184, 25, 113], [""Pari Sen No/Batch No"", 192, 23, 425], [""K2"", 308, 24, 214], [""2000)70.550z"", 342, 29, 173], [""os Lyah"", 17, 18, 534], [""Sgerairang Bljro"", 8, 11, 542], [""ase"", 40, 11, 388], [""MMS/A10P"", 52, 11, 425], [""UHREHKCCIE"", 52, 19, 463], [""03"", 67, 6, 240], [""hetdanaurisStoenreeoesenaaacha"", 109, 26, 55], [""cantainslardandtsdervtsuundesouitsecontiantpassindouxuadhifs"", 130, 25, 0], [""V JUUU1"", 137, 18, 18], [""0.TOCNV8"", 162, 17, 0], [""Tavsiyeedien tikeim tarihi (uEW)veparf mumarasiambalajin izerindedif."", 158, 24, 60], [""Besbeoredatesegonthepeckagg"", 167, 21, 58], [""0227472840-01001641646-01005400549"", 157, 20, 393], [""C2T NG/SO0-NT"", 200, 18, 63], [""00g"", 209, 14, 0], [""RA NO/NOd NA"", 209, 18, 63], [""NOT ABorlk/NCTT  Oe iC"", 208, 18, 168], [""ProdUOT DATe/BeST Befor8"", 216, 24, 408], [""Oretim Tarihi/TETT"", 205, 19, 436], [""bubgmbobNo/NumerodeAniculo"", 227, 22, 21], [""HomepHa Binga Soortnummar"", 218, 22, 27], [""POUNS NOT /NOT Wegh2"", 218, 17, 175], [""ToMo/N80 go ChT"", 230, 19, 176], [""TAY As"", 224, 17, 313], [""ica"", 237, 10, 2], [""VRSTABRNrSpecimear"", 236, 19, 38], [""bugbbo Pembo/PesoNeto"", 240, 21, 152], [""20"", 250, 14, 0], [""ADV8"", 244, 9, 51], [""NETO TE2 INA ONCUTA 2"", 252, 22, 164], [""GUD A SAN.V0 TIO.A1"", 246, 22, 287], [""KagepoBaposd"", 263, 19, 161], [""Cobze Organize Sanayl."", 267, 21, 285], [""o.dn6/wyroboa/Prolrvodac"", 257, 18, 287], [""9"", 266, 9, 2], [""OJN"", 266, 11, 262], [""LOT:233"", 261, 18, 447], [""hsanDedeCd.800stNo:1Z2"", 276, 17, 286], [""GebzKocal/TURKEY"", 283, 21, 285], [""BEST BEF0RE"", 274, 19, 447], [""TO52620466713(POX)"", 291, 20, 284], [""23.07.2022"", 286, 19, 448], [""FaX-0.2626410680-90"", 300, 17, 285], [""WNWV.0AYA8.Com.r"", 308, 16, 293], [""690997"", 324, 16, 26], [""BOXNO:B056291"", 338, 20, 31], [""156297"", 326, 13, 89]]"
000861,2022,07,23,2022-07-23,s2,"w Ser No Bach | PTOTUT DAl21 BestBetora | TAY As | LOT:232 | BE ST BEFORE | Us 2kg 23,07.2022 | 8690997156297 BOYWOB05629 (2000)70.55OZ","[[""Us 2kg"", 344, 62, 145], [""(2000)70.55OZ"", 388, 34, 164], [""w Ser No Bach"", 229, 16, 353], [""PTOTUT DAl21"", 252, 18, 336], [""TAY As"", 262, 19, 258], [""BestBetora"", 255, 18, 405], [""LOT:232"", 300, 21, 374], [""BE ST BEFORE"", 314, 17, 375], [""23,07.2022"", 328, 18, 377], [""8690997156297"", 368, 22, 33], [""BOYWOB05629"", 382, 19, 53]]"
000862,2022,10,02,2022-10-02,erode3,Aoxsoner e crerce a k | FA | Co ree kane aes cd 35-239-001) | PR0n a9.10.2939 ENP.22.10.2L | Pd6 ne1 125g,"[[""Aoxsoner e crerce a k"", 292, 22, 339], [""FA"", 308, 15, 705], [""Co ree kane aes cd"", 322, 17, 344], [""35-239-001)"", 322, 20, 678], [""Pd6 ne1"", 442, 19, 331], [""PR0n a9.10.2939"", 378, 34, 332], [""ENP.22.10.2L"", 390, 31, 332], [""125g"", 437, 34, 403]]"
000863,2020,10,02,2020-10-02,up2x,0 | ACONSOMMEr 0f P/enCe 2AT e/ | BesT beTore/ FR | Conpeeraeteese 35-239-001 | Aconsmirdepelercintaaresde CE | PR00 EXP .18.81 2.10.2020 | Pods NeT 125g 32280261281848,"[[""0"", 484, 31, 396], [""ACONSOMMEr 0f P/enCe 2AT e/"", 544, 53, 469], [""FR"", 547, 26, 955], [""BesT beTore/"", 568, 35, 557], [""35-239-001"", 570, 41, 918], [""Conpeeraeteese"", 593, 52, 478], [""CE"", 593, 26, 957], [""Aconsmirdepelercintaaresde"", 618, 45, 488], ["".18.81"", 705, 66, 576], [""PR00"", 698, 39, 485], [""2.10.2020"", 686, 43, 615], [""EXP"", 720, 35, 510], [""125g"", 802, 49, 589], [""32280261281848"", 779, 48, 841], [""Pods NeT"", 815, 52, 496]]"
000864,2023,03,04,2023-03-04,s1,MON FACTS/ NAHRV ERTKENZEICHNUNG | serving/Nahrwertepro | UFo FAT/BreNeT 2US F | 2382kjoders69kal | A UPNT2 | 20NT/ t | Sngee | 259 | Tasfat/davonungesttigtefetsuren 139 | Colesterol/Cholesterin | SodUM/NOTr.0m | ToTa1 CrbohYdrATe/No/enhYdrte | DA 2T/AON BSTST  99 366 | Sugar/DavonZucker: | Gam/kalim109mg1%sen 3mg17% | EneBesingelenTablosu100 | Ererji KalK) | DateLimitedeconsomalion | Tenminste Houdbaar TolSen TkelmToni | Best before MindestersHolbarBis | BESTBEFORE:04/03/2023 | BATCH:3751 | 690777125215 | NeTTo 6e/CT NeT A1k | NeT WeTNT.POds N1 | NetoiktgjLl isil | e400g,"[[""MON FACTS/ NAHRV ERTKENZEICHNUNG"", 28, 37, 159], [""serving/Nahrwertepro"", 66, 29, 164], [""UFo FAT/BreNeT 2US F"", 95, 32, 140], [""2382kjoders69kal"", 116, 42, 256], [""A UPNT2"", 130, 38, 175], [""Sngee"", 156, 33, 128], [""20NT/ t"", 140, 23, 130], [""259"", 176, 28, 301], [""Tasfat/davonungesttigtefetsuren"", 194, 30, 124], [""139"", 188, 20, 305], [""Colesterol/Cholesterin"", 212, 25, 121], [""SodUM/NOTr.0m"", 229, 24, 118], [""ToTa1 CrbohYdrATe/No/enhYdrte"", 250, 26, 117], [""DA 2T/AON BSTST "", 263, 26, 117], [""Sugar/DavonZucker:"", 275, 24, 116], [""99 366"", 272, 21, 297], [""Gam/kalim109mg1%sen"", 323, 33, 114], [""3mg17%"", 329, 24, 288], [""EneBesingelenTablosu100"", 395, 26, 165], [""Ererji KalK)"", 415, 20, 166], [""DateLimitedeconsomalion"", 507, 24, 167], [""Tenminste Houdbaar TolSen TkelmToni"", 520, 23, 143], [""Best before MindestersHolbarBis"", 536, 23, 153], [""BESTBEFORE:04/03/2023"", 643, 24, 112], [""BATCH:3751"", 668, 24, 112], [""690777125215"", 814, 33, 126], [""NeTTo 6e/CT NeT A1k"", 862, 26, 172], [""NeT WeTNT.POds N1"", 878, 26, 178], [""NetoiktgjLl isil"", 892, 28, 177], [""e400g"", 925, 53, 149]]"
000865,2021,09,25,2021-09-25,s1,3 | DEL1 | 3A0-‡ 20 | 1.8% | 25.09.2021,"[[""3"", 221, 208, 560], [""DEL1"", 372, 21, 142], [""3A0-‡"", 400, 47, 292], [""20"", 404, 41, 604], [""1.8%"", 425, 22, 674], [""25.09.2021"", 460, 20, 398]]"
000866,2021,09,25,2021-09-25,s1,02 y | 小h一牛 天一又味 | 25.09.2021,"[[""y"", 177, 168, 379], [""02"", 264, 22, 123], [""小h一牛"", 343, 42, 210], [""天一又味"", 346, 46, 389], [""25.09.2021"", 393, 26, 285]]"
000867,2020,02,07,2020-02-07,clahe,1 E2 | TEGO G0ld 2 8 PR0 P DATE DAT E NA1 N02 0 10 7 2 20 0 21 20 | ATC HA COOK 1ES 8 AT C A NO 1 Y 20 BY,"[[""1 E2"", 417, 156, 496], [""TEGO G0ld"", 639, 86, 0], [""PR0"", 638, 17, 300], [""DAT E"", 638, 17, 361], [""NA1"", 646, 27, 471], [""N02"", 646, 30, 484], [""0"", 640, 15, 518], [""7"", 640, 13, 529], [""20"", 638, 15, 565], [""DATE"", 652, 20, 359], [""20"", 638, 11, 594], [""2"", 652, 14, 302], [""8"", 652, 17, 313], [""P"", 652, 14, 330], [""10"", 652, 18, 515], [""AT C A"", 663, 20, 311], [""2"", 651, 12, 565], [""0"", 651, 12, 576], [""21"", 651, 12, 594], [""ATC HA COOK 1ES"", 672, 20, 2], [""8"", 664, 13, 301], [""NO"", 664, 17, 387], [""1"", 663, 10, 443], [""Y"", 664, 14, 471], [""20"", 664, 18, 481], [""BY"", 664, 18, 512]]"
000868,2020,02,22,2020-02-22,erode3,203/200222 | EGO J0/d | UA OOO0U3,"[[""203/200222"", 286, 108, 442], [""EGO"", 418, 36, 1], [""J0/d"", 428, 26, 93], [""UA OOO0U3"", 440, 20, 0]]"
000869,2021,09,15,2021-09-15,s1,22트리플 샌드 영양정보 200 | 제조 설에서 제조하고 있습니다 100gg520kca | 0곳에보 15-09-2021 L号230mg12%今数量62g19%弄43g号 | 소비자분쟁하결 01:10 27g50%0.3g16g107 | 수있습니다. 000000848327 爱量15mg5%7g13% | 011399 | PP NOBrANd 는O마트의 상표니다,"[[""22트리플 샌드"", 277, 30, 18], [""제조 설에서 제조하고 있습니다"", 306, 29, 11], [""영양정보"", 302, 40, 646], [""200"", 295, 26, 771], [""100gg520kca"", 316, 33, 738], [""0곳에보"", 325, 27, 0], [""소비자분쟁하결"", 347, 29, 0], [""L号230mg12%今数量62g19%弄43g号"", 338, 31, 642], [""15-09-2021"", 347, 27, 459], [""수있습니다."", 367, 29, 0], [""01:10"", 365, 23, 526], [""27g50%0.3g16g107"", 364, 30, 641], [""000000848327"", 375, 25, 258], [""011399"", 386, 23, 0], [""爱量15mg5%7g13%"", 388, 27, 641], [""PP"", 411, 23, 173], [""NOBrANd 는O마트의 상표니다"", 414, 21, 241]]"
000870,2021,10,15,2021-10-15,s1,12 양/성분 100g 19 영 양/분 EX P | 기준에 대한 비 기준치에대한비율 | 210mg11%30g5 56 % 15.10.2021.68 | 53g16%0.5g AME44A13:28 | 내용량 弄25g 25% | 75g | 100g 量5mg2%12g 22.% | 200,"[[""12 양/성분"", 208, 29, 117], [""19 영 양/분"", 207, 28, 255], [""100g"", 220, 25, 175], [""EX P"", 210, 21, 328], [""기준에 대한 비"", 227, 27, 95], [""기준치에대한비율"", 227, 24, 233], [""210mg11%30g5"", 260, 31, 46], [""56 %"", 258, 25, 278], [""15.10.2021.68"", 270, 23, 396], [""53g16%0.5g"", 292, 31, 50], [""AME44A13:28"", 288, 25, 396], [""내용량"", 319, 30, 0], [""弄25g"", 330, 30, 64], [""25%"", 326, 31, 122], [""75g"", 343, 26, 0], [""量5mg2%12g"", 360, 33, 63], [""22.%"", 356, 23, 287], [""100g"", 370, 25, 0], [""200"", 392, 24, 72]]"
000871,2021,10,15,2021-10-15,s1,108 电 EXP | 三量210mg11%030g 15.10.2021 68 | 子时量539 16% 트린스/방0.5 AME44A 13:28 | 내용량 25g25%鲜9g | 75g | 00 国动明量5mg2%智12g,"[[""108 电"", 209, 46, 110], [""EXP"", 202, 20, 217], [""三量210mg11%030g"", 237, 36, 30], [""子时量539 16%"", 266, 32, 30], [""트린스/방0.5"", 269, 30, 125], [""15.10.2021 68"", 260, 29, 259], [""내용량"", 284, 29, 1], [""AME44A 13:28"", 278, 25, 261], [""25g25%鲜9g"", 298, 34, 37], [""75g"", 306, 22, 0], [""00"", 329, 20, 1], [""国动明量5mg2%智12g"", 328, 31, 35]]"
000872,2021,02,26,2021-02-26,s1,HS ALATA 1AMVZ7ON 0B DI1S | BestByFEB/26/21 10:48NDL2A,"[[""1AMVZ7ON"", 310, 309, 416], [""0B DI1S"", 280, 257, 532], [""HS ALATA"", 267, 198, 351], [""BestByFEB/26/21"", 511, 28, 305], [""10:48NDL2A"", 507, 28, 499]]"
000873,2021,08,26,2021-08-26,s1,BELGIOIOS HS AL2TA 1AAVZ2ON CEDITS | BestBy FE8/26/21 10:48NDL.2A,"[[""HS AL2TA"", 217, 184, 205], [""1AAVZ2ON"", 258, 283, 238], [""CEDITS"", 228, 223, 324], [""BELGIOIOS"", 233, 260, 153], [""BestBy FE8/26/21"", 435, 26, 160], [""10:48NDL.2A"", 433, 26, 277]]"
000874,2029,01,21,2029-01-21,up2x,"18KS09133a LI三香290mg15% 10 | PRODUCT OF T HE USA 301% | 2343%090 | 90mg30% | 11 | 18 | 290121 99 0210N 02 01908 | AU2 | NuT riTioN AM0uNT/serViNg %DV AMouNT/SerViNg % DV IYoUre NOT Co peTey SATisSTied WiTth | This KUriANd S/gNATure produCT | FACT s T0T A FAT 6g 8% Total Carb.<1g 0% YoUr MON2Y WiL be refuNded. | AbOUT 11 SerViNgs SAT.FAT 4.5g 21% Fber 0g 0% CO S T C O W  HOL E S ALE DI STRIBUTED BY: | DEr CONTAiNer TrANS FAT 0g ToT A SugArS /10 CORP OR ATON | SerViNg si2e Cholesterol25mg8% INCI.O0 Added SUgArS 0% SEATTLE,WA98124-1535 P.O.BOX34535 | 10z (28g) SodiUM 80Mg 4%Protein5g US A | CAlories 1-800-774-2678 | per serViNg 80 VitaminD0%·Calcium0%·Iron0%·Potassium0% WWW.COSTCO.COM | ITM./ART.9090 | INGRFNUENT S:CULTURED PASTEURIZED GOAT'S MIL K.SALT. EN 2Y MES | CONTANS:MULK KEEP REFR/GER ATED | 18KS09133a | BE ST BEFORE | MAR 22 21 06:57 293W0 PRODUCT | OF T HE USA 0 9661909090","[[""18KS09133a"", 18, 39, 752], [""PRODUCT OF T HE USA"", 56, 85, 1010], [""LI三香290mg15%"", 42, 73, 1437], [""2343%090"", 104, 115, 1432], [""301%"", 85, 62, 1709], [""10"", 71, 18, 1891], [""90mg30%"", 123, 74, 1437], [""11"", 146, 33, 1725], [""290121 99 0210N 02 01908"", 184, 81, 1434], [""18"", 164, 45, 1795], [""AU2"", 212, 7, 1898], [""NuT riTioN"", 371, 58, 397], [""AM0uNT/serViNg"", 370, 43, 667], [""%DV AMouNT/SerViNg"", 380, 43, 915], [""% DV"", 386, 36, 1315], [""IYoUre NOT Co peTey SATisSTied WiTth"", 396, 41, 1423], [""FACT s"", 416, 50, 397], [""T0T A FAT 6g"", 432, 46, 666], [""This KUriANd S/gNATure produCT"", 424, 44, 1421], [""8%"", 438, 41, 927], [""Total Carb.<1g"", 446, 44, 988], [""0%"", 449, 38, 1332], [""AbOUT 11 SerViNgs"", 465, 50, 390], [""YoUr MON2Y WiL be refuNded."", 451, 38, 1418], [""SAT.FAT 4.5g"", 479, 48, 687], [""21%"", 484, 43, 911], [""Fber 0g"", 491, 43, 1013], [""0%"", 493, 42, 1335], [""DI STRIBUTED BY:"", 494, 41, 1488], [""DEr CONTAiNer"", 505, 36, 387], [""TrANS FAT 0g"", 526, 49, 689], [""CO S T C O W  HOL E S ALE"", 522, 43, 1455], [""SerViNg si2e"", 544, 46, 382], [""ToT A SugArS /10"", 537, 43, 1015], [""CORP OR ATON"", 551, 40, 1505], [""10z (28g)"", 586, 58, 376], [""Cholesterol25mg8%"", 575, 52, 659], [""INCI.O0 Added SUgArS 0%"", 586, 47, 1038], [""P.O.BOX34535"", 580, 39, 1503], [""SodiUM 80Mg"", 622, 51, 653], [""SEATTLE,WA98124-1535"", 610, 43, 1435], [""CAlories"", 637, 54, 376], [""4%Protein5g"", 628, 51, 923], [""US A"", 638, 38, 1571], [""80"", 664, 67, 534], [""1-800-774-2678"", 668, 41, 1505], [""per serViNg"", 677, 34, 372], [""VitaminD0%·Calcium0%·Iron0%·Potassium0%"", 690, 61, 655], [""WWW.COSTCO.COM"", 697, 40, 1469], [""INGRFNUENT S:CULTURED PASTEURIZED GOAT'S MIL K.SALT. EN 2Y MES"", 737, 59, 366], [""ITM./ART.9090"", 739, 49, 1431], [""CONTANS:MULK"", 772, 42, 366], [""KEEP REFR/GER ATED"", 812, 43, 1077], [""BE ST BEFORE"", 873, 38, 362], [""18KS09133a"", 880, 42, 1130], [""MAR 22 21 06:57 293W0"", 918, 39, 441], [""PRODUCT"", 947, 40, 1134], [""OF T HE USA"", 981, 42, 1121], [""0"", 998, 23, 1394], [""9661909090"", 998, 39, 1428]]"
000875,2021,08,01,2021-08-01,rot270,全日器90mg36% | UUNS/UNOUY M0 5 2 onpeidamjeubispueurysn | UU1N1 UE IRA 2ES 26 6 60 JAQ 6 LSU0 NOU2V OdB0 | 0292-121-08-1 V N | A2 bUUAS buo8wunipos 060618N/IN1 | V SN ANL 0 0,"[[""onpeidamjeubispueurysn"", 121, 116, 183], [""060618N/IN1"", 124, 113, 337], [""NOU2V OdB0"", 120, 66, 249], [""0292-121-08-1"", 124, 76, 305], [""V N"", 121, 22, 294], [""LSU0"", 159, 26, 233], [""全日器90mg36%"", 119, 108, 21], [""M0 5"", 201, 27, 167], [""2"", 200, 19, 202], [""6"", 200, 21, 222], [""0"", 194, 19, 478], [""V SN ANL 0"", 253, 72, 467], [""60 JAQ"", 294, 55, 226], [""6"", 335, 22, 203], [""26"", 340, 27, 224], [""UUNS/UNOUY"", 394, 73, 172], [""UE IRA 2ES"", 392, 76, 221], [""buo8wunipos"", 400, 80, 293], [""UU1N1"", 478, 85, 167], [""A2 bUUAS"", 490, 72, 262]]"
000876,2021,07,01,2021-07-01,s1,19:27 | 2021.07.01 | 까지 | 1크1사과,"[[""19:27"", 283, 23, 604], [""2021.07.01"", 301, 22, 537], [""까지"", 325, 26, 675], [""1크1사과"", 432, 37, 470]]"
000877,2023,04,03,2023-04-03,up2x,Sera | BEST BEF0RE.03/04/23 | BATUH:0946/1/3 | S A D.E | HELV A SUBE SE S A MPA STE | TRADIT IONAL HELVA | NeTT ogeWiChT Netwt.:12.3oz- .350ge,"[[""Sera"", 528, 103, 1103], [""BEST BEF0RE.03/04/23"", 927, 41, 341], [""BATUH:0946/1/3"", 958, 40, 339], [""S A D.E"", 1018, 83, 472], [""HELV A"", 1126, 119, 468], [""SUBE SE S A MPA STE"", 1116, 59, 893], [""TRADIT IONAL HELVA"", 1166, 56, 891], [""NeTT ogeWiChT"", 1197, 32, 777], ["".350ge"", 1222, 64, 967], [""Netwt.:12.3oz-"", 1226, 35, 773]]"
000878,2030,12,01,2030-12-01,s2,5erA | 109467173 | SADE | HELV A SU8E SES A MPA STE TRA D /T ON AL HELVA | Netogwicht NOAT 1.12.302 350.e,"[[""5erA"", 211, 38, 369], [""109467173"", 448, 38, 154], [""SADE"", 476, 49, 158], [""SU8E SES A MPA STE"", 490, 39, 312], [""HELV A"", 520, 67, 163], [""TRA D /T ON AL HELVA"", 512, 43, 309], [""350.e"", 540, 32, 345], [""Netogwicht"", 543, 23, 274], [""NOAT 1.12.302"", 554, 29, 274]]"
000879,2021,05,11,2021-05-11,s1,"위생법에의한한글표시사항 CESE DIP | 영양정보 | 초엔팀치즈.치즈8%함유) NACH O CHUPS CHULU FLAVOR | 回2.400mg 20eN SU | EL S AB OR MEXI CAN FOODS S.A | 23% KOK INA. IN OFTA VOT1A | PC32011,GREECE. | 147-31 X1300 Tel:+30 2262031020 +30 22620 31188 | 85g，全90g1,155kcal) | Fax:+30 22620 31695 | 클레스테를 OM9 Web site: www.elsabor.gr | 100 | plAaCe.BesST before.Se ON pA0/ag2e | TOT AL NET WELGHT | 175ge | PROD.DATE:15/07/2020 | EXP. OFTE:11/05/2021 | 0720W177 5120217510198311","[[""CESE DIP"", 51, 20, 490], [""위생법에의한한글표시사항"", 60, 23, 0], [""영양정보"", 68, 23, 294], [""초엔팀치즈.치즈8%함유)"", 88, 23, 0], [""NACH O CHUPS CHULU FLAVOR"", 97, 22, 489], [""回2.400mg"", 119, 23, 295], [""20eN SU"", 114, 25, 704], [""EL S AB OR MEXI CAN FOODS S.A"", 128, 21, 489], [""23%"", 144, 21, 435], [""KOK INA. IN OFTA VOT1A"", 144, 20, 491], [""PC32011,GREECE."", 160, 22, 489], [""X1300"", 184, 24, 295], [""Tel:+30 2262031020"", 176, 20, 491], [""147-31"", 188, 24, 0], [""+30 22620 31188"", 192, 20, 510], [""85g，全90g1,155kcal)"", 207, 23, 0], [""Fax:+30 22620 31695"", 224, 20, 490], [""클레스테를 OM9"", 248, 23, 296], [""Web site: www.elsabor.gr"", 255, 25, 489], [""100"", 270, 23, 297], [""plAaCe.BesST before.Se ON pA0/ag2e"", 284, 23, 703], [""TOT AL NET WELGHT"", 349, 20, 491], [""175ge"", 375, 37, 488], [""PROD.DATE:15/07/2020"", 450, 26, 429], [""EXP."", 470, 21, 431], [""OFTE:11/05/2021"", 468, 25, 478], [""0720W177"", 486, 26, 476], [""5120217510198311"", 492, 23, 716]]"
000880,2021,05,11,2021-05-11,s1,영왕정보 | Enatirlbelabug bltgp | NAC H ON DIP | 175ge | PRO0.DATE:15/07/2020 | EXP.DRTE:11/05/2021 | LOT0720W177 5120217510198310,"[[""영왕정보"", 70, 26, 180], [""Enatirlbelabug"", 218, 24, 316], [""bltgp"", 212, 23, 461], [""NAC H ON DIP"", 300, 24, 322], [""175ge"", 340, 38, 322], [""PRO0.DATE:15/07/2020"", 406, 23, 287], [""EXP.DRTE:11/05/2021"", 423, 24, 288], [""LOT0720W177"", 439, 24, 287], [""5120217510198310"", 438, 27, 478]]"
000881,2021,06,08,2021-06-08,s1,2021.06.08 | 유통기한 15:3110 | 개봉 후반드시냉장보관 하시고 발2 드시기 | 바랍니다,"[[""2021.06.08"", 374, 22, 426], [""유통기한"", 392, 31, 330], [""15:3110"", 395, 28, 423], [""개봉 후반드시냉장보관 하시고 발2 드시기"", 475, 26, 437], [""바랍니다"", 496, 21, 437]]"
000882,2021,06,08,2021-06-08,s1,유통기한 202106.08 | 15:31A10 | 0-10℃空 기능후드시냥장보관하시그2 드시기,"[[""유통기한"", 321, 31, 231], [""202106.08"", 319, 40, 296], [""15:31A10"", 339, 42, 293], [""0-10℃空"", 406, 33, 215], [""기능후드시냥장보관하시그2 드시기"", 412, 41, 296]]"
000883,2021,07,03,2021-07-03,det5,23 21 | 생산22 2021.01.04 | 유통기한 2021.07.03 까지 801150300451,"[[""23"", 251, 72, 400], [""21"", 247, 30, 476], [""생산22"", 437, 37, 226], [""2021.01.04"", 451, 26, 344], [""유통기한"", 466, 31, 233], [""2021.07.03"", 466, 31, 348], [""까지"", 465, 31, 555], [""801150300451"", 474, 21, 653]]"
000884,2028,02,21,2028-02-21,s1,2 220206 22 | 생신 유동기한 2.21/28 까지,"[[""220206 22"", 246, 102, 338], [""2"", 236, 53, 268], [""생신"", 382, 37, 126], [""2.21/28"", 419, 76, 192], [""유동기한"", 408, 33, 125], [""까지"", 444, 21, 342]]"
000885,2020,01,10,2020-01-10,s1,0주의사항 | SSG.COM | 유동기한 | 8804433/100120 6874207.09 까지 | 01 22,"[[""0주의사항"", 181, 23, 161], [""SSG.COM"", 216, 35, 474], [""유동기한"", 250, 21, 419], [""8804433/100120"", 297, 36, 148], [""6874207.09"", 297, 49, 412], [""까지"", 316, 20, 600], [""01"", 528, 62, 248], [""22"", 514, 67, 448]]"
000886,2020,01,10,2020-01-10,s1,SSG.COM | 유동기한 | 8804433 100120,"[[""SSG.COM"", 198, 24, 295], [""유동기한"", 234, 21, 257], [""8804433 100120"", 286, 29, 81]]"
000887,2021,02,10,2021-02-10,rot180,U S2 | SD P d 6U3 | /S B | Bua | 29 | 100221 onirt | AOS 1A MS M0 BUUOS OS JOPMO A BUUOSROS 21,"[[""U S2"", 108, 25, 721], [""SD P d"", 134, 23, 667], [""6U3"", 125, 39, 727], [""/S B"", 164, 43, 635], [""Bua"", 214, 65, 640], [""29"", 403, 22, 350], [""100221"", 431, 22, 165], [""onirt"", 462, 117, 541], [""AOS 1A MS M0 BUUOS OS JOPMO A BUUOSROS"", 488, 32, 162], [""21"", 480, 17, 526]]"
000888,2021,12,NONE,2021-12-NONE,s1,Segnw | sie SUCE CN  POUe. NAd SAl01 | BEFORE 2021 12 | KRA152 | M NOodles | eng | 9 SPICY,"[[""sie"", 213, 85, 88], [""Segnw"", 229, 50, 347], [""SUCE CN  POUe. NAd SAl01"", 240, 42, 344], [""BEFORE 2021 12"", 273, 50, 300], [""KRA152"", 290, 39, 292], [""M NOodles"", 337, 78, 113], [""eng"", 430, 66, 113], [""9 SPICY"", 470, 47, 92]]"
000889,2021,05,27,2021-05-27,s2,"TEJTOOLJ STN/OA | 23 | 00 | BEST BV MAY 27 2021 | ""100Juice | D22 E로피칼 | TropiCA1 | FRUIT BOW LS","[[""23"", 211, 41, 314], [""00"", 257, 58, 150], [""\""100Juice"", 368, 73, 99], [""D22"", 410, 92, 362], [""E로피칼"", 402, 63, 628], [""TropiCA1"", 459, 44, 641], [""FRUIT BOW LS"", 499, 34, 348], [""TEJTOOLJ"", 182, 24, 354], [""STN/OA"", 179, 22, 626], [""BEST BV MAY 27 2021"", 318, 26, 280]]"
000890,2021,04,05,2021-04-05,s1,"10:56 | 2021.04,05 | 까지 | 흔들어 드세요 | 0수1초콜릿드링크","[[""10:56"", 258, 23, 447], [""2021.04,05"", 275, 27, 400], [""까지"", 294, 21, 491], [""흔들어 드세요"", 323, 24, 457], [""0수1초콜릿드링크"", 420, 26, 481]]"
000891,2021,04,05,2021-04-05,s1,"10:56 | 2021,04.5 | 22 | 혼들0 트세S | 허쉬12/주년한정기액","[[""10:56"", 212, 28, 253], [""2021,04.5"", 229, 36, 241], [""22"", 241, 20, 303], [""혼들0 트세S"", 264, 37, 277], [""허쉬12/주년한정기액"", 308, 54, 229]]"
000892,2022,02,07,2022-02-07,s1,Super/MoisT | Bet14y | CroCker ChocolATe | 07FEB2022 PV 07:172,"[[""Bet14y"", 402, 36, 593], [""Super/MoisT"", 395, 38, 736], [""CroCker"", 424, 36, 570], [""07FEB2022 PV 07:172"", 427, 24, 184], [""ChocolATe"", 437, 28, 763]]"
000893,2022,02,07,2022-02-07,s1,BeT1y SupPer/Moist | CroCker | 07FEB2022 PV 07172,"[[""SupPer/Moist"", 324, 38, 510], [""BeT1y"", 344, 28, 418], [""CroCker"", 364, 27, 408], [""07FEB2022 PV 07172"", 388, 40, 150]]"
000894,2021,06,02,2021-06-02,s1,23145 | 2021.06.02 | 까지 | 1크1청표도,"[[""23145"", 224, 21, 470], [""2021.06.02"", 240, 23, 396], [""까지"", 260, 26, 540], [""1크1청표도"", 368, 38, 326]]"
000895,2021,06,02,2021-06-02,s1,23:45 | 2021.06.02 | 까지 | 피크V청표도,"[[""23:45"", 195, 24, 327], [""2021.06.02"", 208, 30, 276], [""까지"", 232, 23, 374], [""피크V청표도"", 320, 40, 223]]"
000896,2023,02,15,2023-02-15,s1,AK B AR | FOR T HE PERFECT CUP | Pour fresh/y boiled wATer ANd Allow T | CAN be druNk eiTher hoT or cold. STore in A Coo drY plACe | PACkiNg DATe/DATe de bAl/Age | KacaraHyakT/laaynakyBa YnaxoBaHHi ypi-JlaHn | ExPRY DAT e/DATe dexPirATi/oN | Verbrauchsdatum/Foxen o 2023/02/15 | CakTayMep3ii/TepMiH3bepiraHHS AkbAr BroThers (PVT)LT을 | 334JayMawathom0an | 100×1.25g,"[[""AK B AR"", 84, 88, 303], [""FOR T HE PERFECT CUP"", 238, 38, 26], [""Pour fresh/y boiled wATer ANd Allow T"", 264, 50, 25], [""STore in A Coo drY plACe"", 316, 32, 403], [""CAN be druNk eiTher hoT or cold."", 328, 44, 28], [""PACkiNg DATe/DATe de bAl/Age"", 370, 37, 30], [""YnaxoBaHHi ypi-JlaHn"", 389, 32, 410], [""KacaraHyakT/laaynakyBa"", 412, 37, 31], [""ExPRY DAT e/DATe dexPirATi/oN"", 454, 37, 33], [""2023/02/15"", 464, 27, 254], [""Verbrauchsdatum/Foxen o"", 476, 33, 34], [""AkbAr BroThers (PVT)LT을"", 489, 59, 306], [""CakTayMep3ii/TepMiH3bepiraHHS"", 497, 36, 33], [""334JayMawathom0an"", 520, 45, 339], [""100×1.25g"", 566, 43, 97]]"
000897,2025,05,19,2025-05-19,s2,Certificatoda Organismo di | controllo autorizzatodal Mipaaf. | 식품위생법의한한글표시사항 | 제품명:모데나 발사1식초.식품의 유1 | 발효식초수입 판매원서8이앤E(주)1서울 | 14cet | GppCrmnnViah1142pm | ModeN8.1TaM) 유통기한 제품 뒷면 하단 별 | 250 | 6%5.99 | （100%）23%（100% | 1%0.01% | 무수0산 함유 | 원산지.이탈2아 | 8기재질.유리 | 누껑내부.폴리에틸렌 | 누껑외부 20 반물 환장소 구입처 및 만 | 080-584-5151 | 들지않는 건한곳에보관·식초에서발되는 입자 | 초신2 자연적으로덩어2져 생긴 마더오브비니거로 | 인체에 무해하며.있는 그대로 드거나 필터 등0로 | 2걸러내셔서 섭취하시2 됩니다.본제품  소비자 피해 | 보상규정 의거 교환 및 보상을 받을 수 있습니다 | 직수입됩니다 | olitaliarea | BeST befor2 | BE ST BEF ORE | 2025/05/19 | 산도.6% 유2 | 250ml 투경내부.HDPE | 8007150901968,"[[""controllo autorizzatodal Mipaaf."", 25, 31, 204], [""식품위생법의한한글표시사항"", 44, 39, 210], [""제품명:모데나 발사1식초.식품의 유1"", 68, 28, 186], [""발효식초수입 판매원서8이앤E(주)1서울"", 89, 30, 184], [""14cet"", 109, 30, 185], [""GppCrmnnViah1142pm"", 128, 29, 185], [""ModeN8.1TaM) 유통기한 제품 뒷면 하단 별"", 148, 31, 185], [""250"", 168, 31, 185], [""6%5.99"", 187, 35, 186], [""（100%）23%（100%"", 207, 33, 187], [""1%0.01%"", 228, 30, 187], [""무수0산 함유"", 278, 33, 192], [""원산지.이탈2아"", 318, 24, 189], [""8기재질.유리"", 338, 23, 190], [""누껑내부.폴리에틸렌"", 358, 24, 191], [""누껑외부 20 반물 환장소 구입처 및 만"", 376, 30, 190], [""080-584-5151"", 396, 28, 192], [""들지않는 건한곳에보관·식초에서발되는 입자"", 415, 28, 193], [""초신2 자연적으로덩어2져 생긴 마더오브비니거로"", 435, 30, 191], [""인체에 무해하며.있는 그대로 드거나 필터 등0로"", 454, 28, 194], [""2걸러내셔서 섭취하시2 됩니다.본제품  소비자 피해"", 474, 29, 194], [""보상규정 의거 교환 및 보상을 받을 수 있습니다"", 492, 27, 195], [""olitaliarea"", 571, 22, 196], [""BeST befor2"", 597, 23, 205], [""산도.6%"", 726, 30, 215], [""유2"", 728, 31, 365], [""250ml"", 770, 45, 213], [""8007150901968"", 876, 22, 227], [""Certificatoda Organismo di"", 9, 19, 220], [""직수입됩니다"", 554, 19, 198], [""BE ST BEF ORE"", 624, 19, 245], [""2025/05/19"", 640, 19, 246], [""투경내부.HDPE"", 770, 19, 345]]"
000898,2025,05,19,2025-05-19,s2,CerTUNCAT  | controlloautorizzato | 식위생법에의한 한급표/사항 | 제출명:모데나발사인식초·울의 유2 | 五：营）8：2500 | 人：6%8品盟：21275.90 | （100%）23%（100% | 1%，早个0（不）0.01% | 무수아황산 함유 | 8기재장 유1 | 투껑내부불2에널원 | 들지업는 경한 곳에8 보관 식초에서1발경되는 인자 | 인체에 무해하여.있는 1대로 드시기나 필터 등0로 | 보상 규정에의거 교환및보싱을 발을 수있습니다 | 1399 | wlitaliara | BesT before: | BE ST BEFORE | 2025/05/19 | 산도.6% 유21 | 250ml | 8 0071501901968,"[[""식위생법에의한 한급표/사항"", 31, 60, 142], [""제출명:모데나발사인식초·울의 유2"", 46, 69, 120], [""五：营）8：2500"", 112, 67, 132], [""人：6%8品盟：21275.90"", 124, 70, 134], [""（100%）23%（100%"", 137, 70, 136], [""1%，早个0（不）0.01%"", 150, 67, 139], [""무수아황산 함유"", 192, 44, 148], [""유21"", 462, 33, 348], [""산도.6%"", 485, 36, 216], [""250ml"", 512, 49, 218], [""CerTUNCAT "", 18, 30, 145], [""controlloautorizzato"", 26, 43, 134], [""8기재장 유1"", 236, 33, 154], [""투껑내부불2에널원"", 246, 37, 157], [""들지업는 경한 곳에8 보관 식초에서1발경되는 인자"", 272, 65, 164], [""인체에 무해하여.있는 1대로 드시기나 필터 등0로"", 296, 64, 170], [""보상 규정에의거 교환및보싱을 발을 수있습니다"", 322, 62, 175], [""1399"", 339, 52, 177], [""wlitaliara"", 375, 58, 184], [""BesT before:"", 404, 28, 194], [""BE ST BEFORE"", 410, 43, 230], [""2025/05/19"", 420, 40, 232], [""8"", 588, 11, 247], [""0071501901968"", 570, 49, 252]]"
000899,2022,09,02,2022-09-02,s1,CAPPUC C INO 영양정보 100g395kcal | CANdies | 220223 | EXP.DATE:2022.09.02 | ※간혹 작은 팬0나 빈T/가 나을 수있으1 | 제품 중량에는 차이가 없습니다 | ※건강 별런스를 생각하여.한번에많은 2의 | 섭취를 삼가시기 바랍니다,"[[""영양정보"", 301, 30, 326], [""CAPPUC C INO"", 312, 35, 24], [""100g395kcal"", 306, 33, 429], [""CANdies"", 334, 31, 21], [""220223"", 462, 41, 63], [""EXP.DATE:2022.09.02"", 575, 20, 397], [""※간혹 작은 팬0나 빈T/가 나을 수있으1"", 750, 27, 327], [""제품 중량에는 차이가 없습니다"", 770, 21, 338], [""※건강 별런스를 생각하여.한번에많은 2의"", 788, 30, 325], [""섭취를 삼가시기 바랍니다"", 807, 23, 341]]"
000900,2022,09,02,2022-09-02,s2,CAPPUCCINO 영양정보 395kcal | CANdies J0oU | 59 A 09 0 | 30% | 88% | 02 EM10 | AU/22 | EXP.DATE:2022.09.02 | 20 | 제용 증됐에는차이가 없습니다,"[[""CAPPUCCINO"", 222, 32, 11], [""영양정보"", 218, 18, 284], [""395kcal"", 222, 17, 401], [""CANdies"", 236, 23, 11], [""J0oU"", 239, 12, 374], [""59"", 253, 10, 349], [""A 09"", 254, 12, 373], [""0"", 254, 8, 440], [""30%"", 269, 12, 343], [""88%"", 283, 12, 342], [""EM10"", 297, 12, 372], [""02"", 297, 10, 348], [""AU/22"", 320, 6, 339], [""EXP.DATE:2022.09.02"", 402, 19, 345], [""20"", 496, 10, 292], [""제용 증됐에는차이가 없습니다"", 532, 19, 289]]"
000901,2021,11,01,2021-11-01,s1,0% | DD/MM/YYYY | 2eChONY/NAC W seonmadeferinnainteNajleppy 23 28 01/11/2021 Pe0U8TS/COn8 10AMbAla8/200128 10opakowan/Sadrzi10pakta/sebuje | N0 1 Suhom pzed:/Nabojieupotrjebilido/Naajeuporabno | preeeciantesdenpor L2102731 Contem10embalagens/neptxa10 | 0,"[[""0%"", 298, 29, 0], [""DD/MM/YYYY"", 466, 26, 494], [""2eChONY/NAC W"", 492, 22, 0], [""seonmadeferinnainteNajleppy"", 490, 22, 222], [""28"", 485, 26, 461], [""01/11/2021"", 492, 29, 496], [""Pe0U8TS/COn8 10AMbAla8/200128"", 483, 24, 666], [""N0 1 Suhom"", 507, 20, 0], [""pzed:/Nabojieupotrjebilido/Naajeuporabno"", 504, 23, 222], [""23"", 501, 26, 462], [""10opakowan/Sadrzi10pakta/sebuje"", 498, 22, 667], [""L2102731"", 520, 29, 498], [""preeeciantesdenpor"", 533, 24, 223], [""Contem10embalagens/neptxa10"", 528, 23, 667], [""0"", 542, 21, 739]]"
000902,2021,11,01,2021-11-01,s1,ELE | DD/MM/YYYY | 28 01/11/2021 | L2102731 | 20 A,"[[""ELE"", 212, 28, 31], [""DD/MM/YYYY"", 424, 25, 317], [""28"", 440, 21, 296], [""01/11/2021"", 447, 26, 313], [""L2102731"", 471, 24, 321], [""20 A"", 493, 24, 478]]"
000903,2021,08,31,2021-08-31,s1,M SUP 1 | M SU | 31-08-2021 | L2024403-234 | Meb0 | D O U B LE | CHOCOLATE | COOKUES | wiTh deliCious 9Ak anD | MOR ChocolaTe ChuNks,"[[""M SUP 1"", 48, 84, 241], [""M SU"", 176, 58, 624], [""31-08-2021"", 319, 24, 385], [""L2024403-234"", 336, 24, 386], [""Meb0"", 400, 73, 175], [""D O U B LE"", 582, 39, 160], [""CHOCOLATE"", 623, 50, 112], [""COOKUES"", 674, 86, 53], [""wiTh deliCious"", 735, 45, 118], [""9Ak anD"", 744, 36, 272], [""MOR ChocolaTe ChuNks"", 769, 57, 123]]"
000904,2021,08,21,2021-08-21,s2,"M.SUU1 | 21-08-2021 | L2024403-234 | Meb-0 | EDUT1ON | D O U B3 L E | CHOC OLATE | COO/0ES | UUR dl10u SArk And | Ml,ChecelateCRunks","[[""M.SUU1"", 44, 67, 239], [""Meb-0"", 273, 66, 134], [""EDUT1ON"", 328, 33, 242], [""D O U B3 L E"", 394, 48, 118], [""CHOC OLATE"", 421, 61, 73], [""COO/0ES"", 455, 97, 16], [""UUR dl10u SArk And"", 500, 65, 68], [""Ml,ChecelateCRunks"", 520, 63, 76], [""21-08-2021"", 235, 29, 336], [""L2024403-234"", 247, 28, 335]]"
000905,2022,01,NONE,2022-01-NONE,s1,제품영커 비스|/원산지인도네N아|식품 | 2 | UB M EXP:01.2022 일가루(2).설탕.보존료무수산 .유. | BP.1.5102 제료1 포도당 보존로 무수야 단산수소암모.단수 | 01399T | 보관방법/직사선을 피하고건당한 곳에 보관/반풍 | 본제응은 공정거위원회 2시 분쟁결 기준에 의거 2,"[[""2"", 317, 48, 57], [""제품영커 비스|/원산지인도네N아|식품"", 311, 35, 713], [""UB M"", 355, 26, 51], [""EXP:01.2022"", 370, 23, 421], [""BP.1.5102"", 396, 37, 417], [""일가루(2).설탕.보존료무수산 .유."", 386, 36, 750], [""포도당 보존로 무수야 단산수소암모.단수"", 412, 35, 748], [""제료1"", 416, 27, 712], [""01399T"", 487, 39, 706], [""보관방법/직사선을 피하고건당한 곳에 보관/반풍"", 510, 39, 704], [""본제응은 공정거위원회 2시 분쟁결 기준에 의거 2"", 536, 39, 701]]"
000906,2022,01,NONE,2022-01-NONE,s1,U8M EXP:01.2022 | BP.1.5102 | 18.AA | 280227,"[[""U8M"", 290, 27, 54], [""EXP:01.2022"", 351, 42, 299], [""BP.1.5102"", 372, 45, 295], [""18.AA"", 464, 44, 512], [""280227"", 509, 56, 483]]"
000907,2022,01,NONE,2022-01-NONE,s1,UB M 35g（650kca | EXP:01.2022 | BP.1.2072 원자2영 | 21,"[[""UB M"", 348, 25, 233], [""35g（650kca"", 340, 31, 718], [""EXP:01.2022"", 377, 28, 368], [""BP.1.2072"", 401, 24, 368], [""원자2영"", 408, 27, 719], [""21"", 588, 162, 35]]"
000908,2022,01,NONE,2022-01-NONE,s1,JOY  VC | 0B M | EXP:01.2022 | BP.1.2072 | U/N,"[[""JOY  VC"", 67, 102, 59], [""0B M"", 309, 27, 171], [""EXP:01.2022"", 347, 34, 261], [""BP.1.2072"", 367, 32, 260], [""U/N"", 504, 71, 68]]"
000909,2021,09,20,2021-09-20,s1,2/A7 | 0006001428758 | 20-09-2021,"[[""2/A7"", 238, 60, 0], [""0006001428758"", 490, 51, 330], [""20-09-2021"", 652, 24, 283]]"
000910,2021,09,20,2021-09-20,s1,00001428758 | 20-09-2021,"[[""00001428758"", 308, 40, 365], [""20-09-2021"", 445, 45, 306]]"
000911,2022,05,05,2022-05-05,s1,NeST6 | Nesquik | 2티2 | 2영집 | 영양 섬1 | 2기그램은 을 된화2 | 0스1을 맞있게 | 드 방 | 영양정보 25g51k 우제문/01 | 300mg 15% 22 | 829 | 09 NO2T2 비타민 DS가 D유 N 2 | 19.3 9 161 3 유익한/식 | 14%103mg103% | 02 09 18 15 9 1258 | 1519 15%119 11 | 네술레에게 이야기하세요 | 형기타 코0가공응 | 04 두1 | 등기한 2에 시된일까지 | 유 기한 | 2022.05.05 | 0300365707:54 | C NER,"[[""NeST6"", 72, 41, 284], [""Nesquik"", 118, 74, 280], [""2티2"", 173, 28, 371], [""2영집"", 198, 29, 361], [""영양 섬1"", 214, 27, 361], [""2기그램은 을 된화2"", 292, 29, 125], [""0스1을 맞있게"", 314, 35, 123], [""드 방"", 331, 32, 161], [""영양정보"", 372, 24, 124], [""25g51k"", 381, 23, 234], [""우제문/01"", 397, 33, 511], [""22"", 430, 68, 355], [""300mg"", 422, 25, 238], [""15%"", 424, 20, 284], [""829"", 448, 20, 240], [""09"", 475, 20, 240], [""NO2T2"", 480, 32, 357], [""비타민 DS가 D유 N 2"", 481, 22, 504], [""19.3 9 161 3"", 529, 23, 227], [""유익한/식"", 537, 24, 342], [""14%103mg103%"", 556, 25, 203], [""02 09 18 15 9 1258"", 570, 27, 168], [""1519 15%119 11"", 585, 26, 168], [""네술레에게 이야기하세요"", 604, 24, 350], [""형기타 코0가공응"", 652, 33, 160], [""04"", 694, 21, 151], [""두1"", 700, 26, 418], [""등기한 2에 시된일까지"", 720, 29, 167], [""유 기한"", 736, 25, 125], [""2022.05.05"", 772, 24, 244], [""0300365707:54"", 797, 30, 244], [""C NER"", 822, 27, 119]]"
000912,2022,05,05,2022-05-05,s2,NO ST6 | lesguil | 2999 | 440 | 0 22 30 | 영양정보 e51 Od UT6 | H | 2 | 21 P02 0 02 200121 | 1 유 한 21 | 61 2/1 | E卡RDRAABNEAL | 2022.05. 05 | 03003657 07154 | 1ER | Sm,"[[""lesguil"", 76, 47, 323], [""P02"", 322, 29, 363], [""E卡RDRAABNEAL"", 433, 52, 149], [""2022.05."", 499, 36, 202], [""NO ST6"", 39, 38, 303], [""2999"", 132, 21, 362], [""440"", 154, 11, 365], [""0"", 196, 12, 262], [""영양정보"", 214, 25, 133], [""22"", 210, 11, 380], [""e51"", 234, 16, 244], [""30"", 226, 10, 490], [""H"", 241, 17, 125], [""Od UT6"", 252, 19, 384], [""2"", 276, 10, 181], [""21"", 298, 6, 207], [""1"", 334, 7, 197], [""0 02 200121"", 340, 24, 461], [""유 한"", 351, 21, 311], [""61"", 362, 12, 189], [""21"", 358, 11, 357], [""2/1"", 372, 9, 248], [""1ER"", 511, 14, 106], [""03003657"", 516, 34, 199], [""05"", 510, 20, 317], [""07154"", 530, 27, 326], [""Sm"", 598, 10, 200]]"
000913,2021,10,19,2021-10-19,s1,NG | 2 | 남냥 8180115750545 | DHA웨/하/스 유통기한 | 요구2트 2021.10.19,"[[""NG"", 508, 23, 0], [""2"", 536, 28, 0], [""남냥"", 568, 34, 92], [""8180115750545"", 562, 25, 300], [""DHA웨/하/스"", 606, 39, 25], [""유통기한"", 597, 24, 308], [""요구2트"", 640, 23, 112], [""2021.10.19"", 640, 25, 309]]"
000914,2021,07,21,2021-07-21,s1,"26,000 | MOTAER | 2/부터 2021.07.21 | 2까지 ：10:3002088 | 2 AM | MOT HER | 20로 태.니다","[[""26,000"", 130, 70, 382], [""MOTAER"", 296, 86, 62], [""2/부터"", 370, 20, 0], [""2021.07.21"", 372, 25, 351], [""2까지"", 386, 20, 0], [""：10:3002088"", 390, 27, 309], [""2"", 558, 39, 194], [""AM"", 568, 23, 248], [""MOT HER"", 611, 54, 37], [""20로 태.니다"", 659, 22, 206]]"
000915,2021,07,01,2021-07-01,s2,26.000 | MOTHER | 2021 07 1 | 10:30 02088 | MOTHER,"[[""26.000"", 68, 53, 355], [""MOTHER"", 184, 55, 51], [""MOTHER"", 395, 42, 3], [""2021"", 234, 18, 303], [""07"", 234, 15, 390], [""10:30"", 248, 15, 323], [""02088"", 246, 15, 405], [""1"", 236, 9, 461]]"
000916,2022,06,06,2022-06-06,s1,（2） | 원재.명 | 2장섬취량 | 및취방법 | 설취시 | 주0사항 | 보관방법 | 내포장재 고객상담실 | 구입처 및 고객상담실 연구및/개발원 | (주)함소아제약 | 0 전문 서울특시강남구도산대로 제조원 | 판내원 | 663127-16 | 영양정보 100g（10g10） | 1（10g）10kcal | 1.5hag 0% 15 Mg 총내용량당 1% 환또는보상받을수있U9 | 나트 E수화물 29 1% 20g 6% ） | 0류 29 2% 20g 20% 복승아.토마토.아황산류.호5 | 지방 09 0% 09 0% | 트랜스지방 09 09 | 포화지방 09 1% 09 0% | 20스테 0Mg 0% 0 g 0% 제조되었습.다.※부8.불0식 | 01 09 0% 09 0% | MEN C 1.7 g 2% 17 Mg 17 % WWW.hAMs0A All.com WWw.hAMs0APhArM.com | HIB1 0.078mg 7% 0.78 mg 65% | M타민B2 0.099mg 7% 0.99mg 71% | IELIB6 0.081mg 5% 0.81mg 54% | 8180922612049351 | 2022.06.06B,"[[""（2）"", 20, 41, 347], [""원재.명"", 54, 25, 111], [""2장섬취량"", 136, 25, 94], [""및취방법"", 152, 27, 92], [""설취시"", 186, 35, 97], [""주0사항"", 200, 35, 91], [""보관방법"", 240, 35, 89], [""고객상담실"", 268, 31, 354], [""내포장재"", 269, 32, 83], [""구입처 및 고객상담실"", 280, 27, 146], [""연구및/개발원"", 289, 28, 354], [""(주)함소아제약"", 302, 25, 147], [""0 전문"", 317, 33, 81], [""서울특시강남구도산대로"", 318, 29, 142], [""제조원"", 326, 25, 365], [""판내원"", 334, 38, 80], [""663127-16"", 348, 25, 433], [""100g（10g10）"", 368, 37, 191], [""영양정보"", 382, 46, 66], [""1（10g）10kcal"", 390, 35, 254], [""총내용량당"", 415, 32, 314], [""환또는보상받을수있U9"", 428, 45, 415], [""1.5hag"", 435, 26, 142], [""0%"", 432, 23, 232], [""15 Mg"", 436, 29, 289], [""나트"", 445, 29, 64], [""1%"", 442, 21, 373], [""）"", 448, 40, 416], [""29"", 458, 22, 165], [""1%"", 454, 25, 233], [""20g"", 458, 29, 302], [""E수화물"", 465, 33, 62], [""6%"", 462, 21, 371], [""29"", 480, 23, 161], [""2%"", 477, 27, 228], [""20g"", 480, 28, 302], [""0류"", 488, 33, 68], [""20%"", 484, 22, 363], [""복승아.토마토.아황산류.호5"", 487, 32, 420], [""09"", 502, 29, 154], [""0%"", 502, 25, 228], [""09"", 504, 28, 310], [""지방"", 512, 26, 59], [""0%"", 508, 21, 373], [""09"", 526, 29, 152], [""09"", 528, 29, 310], [""트랜스지방"", 530, 37, 66], [""09"", 552, 29, 150], [""1%"", 552, 26, 232], [""09"", 552, 30, 309], [""포화지방"", 554, 35, 64], [""0%"", 555, 24, 374], [""0Mg"", 578, 28, 134], [""0 g"", 577, 28, 295], [""제조되었습.다.※부8.불0식"", 572, 34, 423], [""20스테"", 582, 42, 45], [""0%"", 578, 23, 223], [""0%"", 580, 25, 374], [""01"", 608, 31, 43], [""09"", 604, 27, 147], [""0%"", 604, 25, 223], [""09"", 603, 29, 308], [""0%"", 604, 25, 374], [""17 Mg"", 630, 31, 284], [""WWW.hAMs0A All.com"", 620, 29, 425], [""MEN C"", 634, 34, 38], [""1.7 g"", 630, 26, 117], [""2%"", 630, 27, 221], [""17 %"", 631, 24, 367], [""WWw.hAMs0APhArM.com"", 641, 28, 426], [""HIB1"", 660, 29, 33], [""0.078mg"", 659, 28, 101], [""7%"", 658, 28, 220], [""0.78 mg"", 656, 29, 278], [""65%"", 658, 24, 366], [""M타민B2"", 686, 33, 25], [""0.099mg"", 685, 28, 98], [""7%"", 684, 25, 220], [""0.99mg"", 684, 29, 275], [""71%"", 685, 24, 366], [""IELIB6"", 714, 25, 18], [""0.081mg"", 712, 25, 100], [""5%"", 710, 25, 220], [""0.81mg"", 710, 23, 277], [""54%"", 709, 25, 361], [""8180922612049351"", 736, 22, 442], [""2022.06.06B"", 777, 24, 250]]"
000917,2022,06,06,2022-06-06,s1,20 16号13-16 | 舌8%100g（10g*10至） | 영양정보 | 총내용량 당 | 1% （号） | BA2/ 29 29 2% | 5 0% | 1팬스지방 09 | 0AA 2지방 0% 0% 1399 | C/ MV 2%6 0% WW.hA s0AMAll.CoM | MO2C 1.7mg 2% 17  g 17 % | 电IB1 0.07gmg 7% 0.78mg 65 % | 4타 민B2 0.099mg 7% 0.99mg | HEIB6 | 2022.06.06,"[[""20"", 253, 32, 67], [""16号13-16"", 243, 34, 122], [""舌8%100g（10g*10至）"", 253, 44, 171], [""총내용량 당"", 278, 26, 292], [""영양정보"", 287, 42, 55], [""（号）"", 280, 43, 386], [""1%"", 318, 22, 214], [""29"", 331, 20, 151], [""2%"", 334, 23, 213], [""29"", 346, 21, 150], [""BA2/"", 346, 35, 53], [""0%"", 352, 22, 214], [""5"", 363, 30, 62], [""09"", 380, 20, 146], [""1팬스지방"", 390, 36, 62], [""0%"", 388, 22, 354], [""1399"", 384, 41, 403], [""2지방"", 408, 34, 62], [""0%"", 405, 26, 212], [""0%"", 406, 23, 355], [""WW.hA s0AMAll.CoM"", 402, 40, 404], [""2%6"", 423, 20, 214], [""0AA"", 428, 42, 47], [""17  g"", 434, 23, 274], [""17 %"", 424, 27, 349], [""C/ MV"", 450, 32, 44], [""2%"", 443, 25, 212], [""0.78mg"", 454, 27, 267], [""65 %"", 444, 24, 349], [""1.7mg"", 456, 25, 117], [""MO2C"", 468, 27, 42], [""7%"", 462, 26, 213], [""0.07gmg"", 475, 28, 102], [""7%"", 481, 26, 214], [""0.99mg"", 472, 26, 267], [""电IB1"", 486, 30, 37], [""0.099mg"", 495, 28, 101], [""4타 민B2"", 505, 34, 32], [""HEIB6"", 526, 31, 26], [""2022.06.06"", 536, 38, 246]]"
000918,2021,09,17,2021-09-17,s2,2모양만들기 | 찰녹 은 0을E스분등을 | 이용하여 목드에 운다 | 2드 당  깔하게차육 수있어요 | 귀여운 동모양의 | 쁘 초콜릿 3굳하기 | 시늘한  냉 약10분서 | 귀여우인서도 다양한 모2과 초콜릿을 군한다 | 크기의 동물얼굴 초골릿을 | 화 트 평크로우 3가지 색상0로 표인 0러운 초2을 만들 수 있요 | 간단하  쉽게 만들 수 있는 | DY 제품/요 | 활용도가 높은0크 2이 0장식하기 | 들0 있어 다양한 모2의 JNVN 따뜻한 물에 중당하여 인 초크으2 | 나만의 초릿을 만들 수 있어요! 다양하게장식하여완성한다 | DP 다양한 모양과 식상 로 꾸민 초콜릿을 | OR AC를 통하여확인하세요 | APPL/C ATION WR APPING TIP | 응용예 응용예 응용0 | 귀여운 동문들 표정 동그2미와 하트 초콜릿을 푸드데코팬을 0용해 20초릿을 초코센을 | 초코센을 0용하여 0용하여 귀여운인형을 메시지를 쓰고케이크나 머떤 | 다양하게표현해세요 만들 수있어요 위에 올려 장식해세요 붙0고 여쁘거 포장해보세요 | JBre0d 유동기한 202109.17 FCM003 | CourdeN5 8809409690124,"[[""2모양만들기"", 23, 26, 467], [""쁘 초콜릿"", 137, 39, 75], [""시늘한  냉 약10분서"", 162, 30, 464], [""간단하  쉽게 만들 수 있는"", 215, 24, 73], [""APPL/C ATION"", 374, 26, 68], [""WR APPING TIP"", 385, 24, 498], [""JBre0d"", 651, 37, 79], [""유동기한"", 652, 20, 216], [""CourdeN5"", 672, 40, 72], [""찰녹 은 0을E스분등을"", 39, 26, 466], [""이용하여 목드에 운다"", 53, 24, 467], [""2드 당  깔하게차육 수있어요"", 86, 29, 487], [""귀여운 동모양의"", 116, 19, 79], [""3굳하기"", 143, 24, 465], [""귀여우인서도 다양한 모2과"", 170, 20, 75], [""초콜릿을 군한다"", 174, 21, 464], [""크기의 동물얼굴 초골릿을"", 186, 21, 75], [""화 트 평크로우 3가지 색상0로"", 200, 21, 74], [""표인 0러운 초2을 만들 수 있요"", 207, 26, 484], [""DY 제품/요"", 230, 15, 75], [""활용도가 높은0크 2이"", 260, 21, 73], [""들0 있어 다양한 모2의"", 275, 22, 72], [""0장식하기"", 268, 21, 462], [""나만의 초릿을 만들 수 있어요!"", 291, 22, 71], [""JNVN"", 284, 17, 355], [""따뜻한 물에 중당하여 인 초크으2"", 286, 22, 461], [""다양하게장식하여완성한다"", 300, 21, 461], [""DP 다양한 모양과 식상 로 꾸민 초콜릿을"", 315, 22, 461], [""OR AC를 통하여확인하세요"", 328, 19, 484], [""응용예"", 546, 17, 163], [""응용예"", 548, 17, 310], [""응용0"", 549, 16, 453], [""귀여운 동문들 표정"", 566, 23, 56], [""동그2미와 하트 초콜릿을"", 568, 21, 202], [""초코센을 0용하여"", 578, 21, 56], [""푸드데코팬을 0용해"", 570, 18, 347], [""20초릿을 초코센을"", 571, 20, 488], [""0용하여 귀여운인형을"", 582, 22, 202], [""다양하게표현해세요"", 594, 21, 55], [""메시지를 쓰고케이크나 머떤"", 584, 20, 345], [""만들 수있어요"", 596, 19, 202], [""위에 올려 장식해세요"", 598, 20, 346], [""붙0고 여쁘거 포장해보세요"", 600, 15, 490], [""202109.17"", 666, 21, 273], [""FCM003"", 672, 44, 590], [""8809409690124"", 696, 21, 456]]"
000919,2022,03,11,2022-03-11,s1,3.150 M2/ | 국산대마를 사8하여 동2전조한 | 800 2얼슬라이스 생생대. | 4시9 | 해표 2얼라이스 생생대와 특칭1 | ，，，20 | 0요한 모든 요2에 가능 | 2을수있는 높은 용질의 극산 농산을 | 동결거조공법으로고육의 맛과 을 유지 | 18 | 제품명 해표2얼슬 이스생생대 식풍유형 과 채가공 | 내용량 유릉기한 후연하단표기까지 | 포장재 吾号卫划室 2017052530116 | 원료 97% | 보관방법 | 제조원 | 주의하 기바랍니다. 결건조 제품 습기에 약하므로개봉 | 후에는 가2적 탈2 사하시고.장기 보관장밀봉하여내 | 장생동보관하여주십시오.부정 불0식품 신고2국번이 | 1399：080-900-6133） | dr.sajo.co.kr | 2022.03.11,"[[""3.150"", 52, 45, 489], [""M2/"", 66, 41, 602], [""800"", 186, 37, 0], [""국산대마를 사8하여 동2전조한"", 192, 32, 260], [""2얼슬라이스"", 211, 34, 223], [""생생대."", 220, 51, 329], [""해표 2얼라이스 생생대와 특칭1"", 270, 39, 143], [""4시9"", 271, 60, 597], [""，，，20"", 295, 42, 140], [""0요한 모든 요2에 가능"", 307, 37, 151], [""2을수있는 높은 용질의 극산 농산을"", 327, 40, 137], [""동결거조공법으로고육의 맛과 을 유지"", 347, 40, 135], [""18"", 365, 34, 135], [""제품명"", 442, 23, 130], [""해표2얼슬 이스생생대"", 445, 29, 190], [""내용량"", 459, 23, 129], [""식풍유형 과 채가공"", 457, 30, 344], [""포장재"", 476, 23, 128], [""유릉기한 후연하단표기까지"", 475, 31, 342], [""원료"", 494, 25, 125], [""吾号卫划室 2017052530116"", 491, 32, 331], [""97%"", 499, 27, 188], [""보관방법"", 513, 24, 124], [""제조원"", 531, 22, 121], [""주의하 기바랍니다. 결건조 제품 습기에 약하므로개봉"", 631, 40, 111], [""후에는 가2적 탈2 사하시고.장기 보관장밀봉하여내"", 649, 40, 110], [""장생동보관하여주십시오.부정 불0식품 신고2국번이"", 668, 45, 109], [""1399：080-900-6133）"", 685, 41, 109], [""dr.sajo.co.kr"", 704, 47, 108], [""2022.03.11"", 757, 28, 256]]"
000920,2022,03,11,2022-03-11,s1,3.150 | 생생대파 | 2弄：080-900-6133（个享） | 2022.03.11,"[[""3.150"", 22, 30, 459], [""생생대파"", 134, 39, 307], [""2弄：080-900-6133（个享）"", 442, 32, 90], [""2022.03.11"", 491, 22, 218]]"
000921,2022,02,26,2022-02-26,s1,RU0 | PAPER | 쌀가루40% | EXP.2022/02/26A0,"[[""RU0"", 107, 216, 47], [""PAPER"", 294, 375, 0], [""쌀가루40%"", 501, 120, 163], [""EXP.2022/02/26A0"", 615, 26, 206]]"
000922,2022,02,26,2022-02-26,s1,RUG2 | PAUP EN | 쌀가루40% | EXP12022/02/26AU | FOO,"[[""RUG2"", 64, 134, 73], [""PAUP EN"", 208, 198, 0], [""쌀가루40%"", 355, 72, 153], [""FOO"", 514, 181, 10], [""EXP12022/02/26AU"", 438, 36, 181]]"
000923,2020,01,02,2020-01-02,s1,02.01.20.49.N0 | 천안 | 유동기한 까지1 | GT | 100%/1A | 투뇌구성성분 DHA | 머2가 마시는 우유!,"[[""02.01.20.49.N0"", 249, 26, 214], [""천안"", 268, 25, 297], [""유동기한"", 282, 21, 185], [""까지1"", 281, 20, 414], [""GT"", 343, 40, 392], [""100%/1A"", 418, 25, 177], [""투뇌구성성분 DHA"", 497, 110, 158], [""머2가 마시는 우유!"", 556, 27, 230]]"
000924,NONE,02,02,NONE-02-02,s1,20 | 02.02.18:17.M0 | 천안2 | 유통기한 까지 | 남 | 맞있는 우유 GT 100%1号司！ | 1유 | 맞있는 | 우유 | GT,"[[""20"", 99, 84, 141], [""02.02.18:17.M0"", 307, 26, 204], [""천안2"", 326, 30, 281], [""유통기한"", 340, 20, 170], [""까지"", 342, 20, 404], [""남"", 382, 22, 170], [""맞있는 우유 GT"", 419, 32, 163], [""100%1号司！"", 418, 33, 346], [""1유"", 532, 31, 424], [""맞있는"", 748, 68, 207], [""우유"", 812, 71, 241], [""GT"", 866, 55, 259]]"
000925,NONE,02,02,NONE-02-02,s1,20 | 02.02.18:17.M0 | 딸있는 우 유 GT 100%1号司！ | 1유 | 맛있는 | 우8 | GT | 대한민국 최고덩급/,"[[""20"", 76, 49, 130], [""02.02.18:17.M0"", 217, 28, 181], [""딸있는 우 유 GT"", 290, 23, 148], [""100%1号司！"", 292, 26, 308], [""1유"", 368, 20, 383], [""맛있는"", 510, 49, 192], [""우8"", 555, 57, 221], [""GT"", 588, 38, 242], [""대한민국 최고덩급/"", 622, 26, 201]]"
000926,2021,06,10,2021-06-10,s1,2021.06.10 H | 2 01 1연유 71521元500g | 1452克0.01%/） 13230.월85473N112육유3.02 21 | 8TMER,"[[""2021.06.10 H"", 496, 24, 249], [""01"", 560, 31, 211], [""1연유"", 570, 76, 227], [""2"", 578, 25, 213], [""71521元500g"", 578, 35, 332], [""13230.월85473N112육유3.02 21"", 601, 34, 193], [""1452克0.01%/）"", 616, 25, 196], [""8TMER"", 750, 23, 245]]"
000927,2021,08,23,2021-08-23,s1,허니0스타드 | 1가슴살러드.소시지 김요2에 잘어울랍니다 | 식/유형/22 | 号至卫州堂 200104450534 | E13% | %5% | 010 | 하시교 2지압도록 주하십치오 | ：002-231 | 2021.08.23 | OT HER 15:27 까지,"[[""허니0스타드"", 258, 38, 259], [""1가슴살러드.소시지"", 290, 25, 202], [""김요2에 잘어울랍니다"", 290, 25, 337], [""식/유형/22"", 316, 31, 185], [""号至卫州堂 200104450534"", 336, 26, 179], [""E13%"", 377, 32, 168], [""%5%"", 416, 29, 167], [""010"", 545, 30, 172], [""하시교 2지압도록 주하십치오"", 563, 30, 167], [""：002-231"", 586, 37, 165], [""2021.08.23"", 622, 25, 262], [""OT HER"", 647, 26, 189], [""15:27"", 641, 28, 310], [""까지"", 650, 23, 419]]"
000928,2022,03,13,2022-03-13,s1,DECECCO | 식품 위생법에 의한 한글표/사항 | 100ml9卷刘 100l | 1001250220028 500ml | 13/03/22 L19520 | C22 11:40,"[[""DECECCO"", 43, 72, 244], [""식품 위생법에 의한 한글표/사항"", 154, 29, 238], [""100ml9卷刘"", 475, 28, 263], [""100l"", 476, 30, 370], [""500ml"", 671, 33, 386], [""1001250220028"", 674, 24, 205], [""13/03/22 L19520"", 736, 25, 218], [""C22 11:40"", 758, 26, 270]]"
000929,2022,03,13,2022-03-13,s1,UC LTLLU | 500ml | 13/03/22L19520 | 022,"[[""UC LTLLU"", 17, 35, 267], [""500ml"", 441, 28, 316], [""13/03/22L19520"", 478, 35, 155], [""022"", 493, 20, 202]]"
000930,2021,07,29,2021-07-29,s1,2021.07.2907 | 17198122 | C행복충만 사람/가특0,"[[""2021.07.2907"", 478, 26, 229], [""17198122"", 498, 28, 230], [""C행복충만 사람/가특0"", 533, 28, 220]]"
000931,2021,07,29,2021-07-29,s1,2021.07.29까21,"[[""2021.07.29까21"", 328, 24, 216]]"
000932,2021,05,26,2021-05-26,s1,2021.05.26 | 10:38F1,"[[""2021.05.26"", 426, 21, 304], [""10:38F1"", 443, 26, 311]]"
000933,NONE,NONE,NONE,NONE,fail,151385-79,"[[""151385-79"", 386, 124, 275]]"
000934,2021,02,10,2021-02-10,s1,E | 투껑N OPE | NE가 안들았습니다 | 21.01.25座 | 21.02.10 | 영양정보 190m/10kcal,"[[""E"", 115, 90, 359], [""투껑N OPE"", 547, 20, 345], [""NE가 안들았습니다"", 567, 39, 114], [""21.01.25座"", 604, 27, 192], [""21.02.10"", 626, 26, 191], [""영양정보"", 694, 43, 167], [""190m/10kcal"", 684, 43, 242]]"
000935,2021,02,10,2021-02-10,s1,21.01.25 | 21.02.10까2 | 영양정보 890m/110kcl,"[[""21.01.25"", 428, 36, 198], [""21.02.10까2"", 442, 33, 199], [""영양정보"", 492, 34, 187], [""890m/110kcl"", 478, 38, 254]]"
000936,2021,10,19,2021-10-19,s1,05 청국장 | 2021.01.20 | 2021.10.19 | 530g(4/7） | 8801007097268,"[[""청국장"", 310, 63, 306], [""05"", 311, 44, 229], [""2021.01.20"", 374, 25, 268], [""2021.10.19"", 394, 26, 268], [""530g(4/7）"", 444, 32, 253], [""8801007097268"", 508, 20, 262]]"
000937,2022,10,20,2022-10-20,s1,热热080-99-7 022.10.200.1..12U022 | 2022.06.11.09:49,"[[""热热080-99-7"", 541, 25, 172], [""022.10.200.1..12U022"", 550, 29, 293], [""2022.06.11.09:49"", 628, 20, 243]]"
000938,2022,06,11,2022-06-11,s2,L | 2022.06.11.09:49,"[[""L"", 400, 6, 460], [""2022.06.11.09:49"", 416, 18, 244]]"
000939,2021,10,28,2021-10-28,s1,2021/10/28 | LR0190 | JA.SU/E1N,"[[""2021/10/28"", 490, 25, 282], [""LR0190"", 507, 22, 296], [""JA.SU/E1N"", 645, 272, 0]]"
000940,2022,02,02,2022-02-02,erode3,L 0 | 22 2 2 0 | 0 0 1 | 1 0 | ASA A1,"[[""2"", 312, 9, 351], [""L"", 309, 10, 369], [""0"", 304, 7, 390], [""0"", 324, 10, 300], [""1"", 324, 11, 354], [""2"", 319, 8, 374], [""0"", 315, 8, 390], [""0"", 328, 10, 335], [""1"", 340, 7, 336], [""0"", 335, 10, 352], [""22"", 318, 25, 313], [""ASA A1"", 480, 184, 11]]"
000941,2021,07,02,2021-07-02,s1,2UN1 GRU G1 CRUN JUU 0A3 | 2MVA T ES ANVA1TES | BEST 8Y | 20210702 | 1800741 | 17:28 | UN C1 | M AUES | A00 | ortila CM80,"[[""JUU 0A3"", 207, 24, 464], [""2UN1"", 234, 50, 0], [""GRU G1"", 229, 44, 129], [""CRUN"", 217, 36, 288], [""ANVA1TES"", 250, 27, 160], [""2MVA T ES"", 256, 33, 7], [""BEST 8Y"", 336, 28, 367], [""20210702"", 360, 28, 369], [""1800741"", 387, 29, 367], [""17:28"", 412, 23, 384], [""UN C1"", 574, 107, 2], [""M AUES"", 646, 62, 9], [""A00"", 791, 182, 3], [""ortila"", 887, 38, 5], [""CM80"", 875, 57, 192]]"
000942,2021,05,29,2021-05-29,s1,"PROD29082020 | EXP29052021 | MAN YOY.A1 | YT1.O1 | B 03 | 18:30 | Cheese SNACk BisCUTs.INg2 | WheAT FoUr.VegeTAble O16 | SunflowrDredCheee（12%） | Powddheeatua | (ChUeSe).YeAST ExTrACl | SUUCOSe SYUP.SAlT.D | EAYleY MAlT EXTrACT.A | (Ammonium Bicarbonal | EiCArbONATe).ACd (LACi | FAVCAngs PePper.CV | Mik, GlUTeN. MAY AlsC 0N2 | UN | J U1 | JUAN1.JU1","[[""PROD29082020"", 300, 29, 221], [""EXP29052021"", 321, 26, 241], [""MAN YOY.A1"", 356, 29, 253], [""YT1.O1"", 398, 27, 313], [""B 03"", 432, 27, 228], [""18:30"", 436, 24, 334], [""Cheese SNACk BisCUTs.INg2"", 489, 41, 265], [""WheAT FoUr.VegeTAble O16"", 514, 49, 264], [""SunflowrDredCheee（12%）"", 540, 50, 266], [""Powddheeatua"", 566, 53, 265], [""(ChUeSe).YeAST ExTrACl"", 592, 54, 269], [""SUUCOSe SYUP.SAlT.D"", 618, 58, 269], [""EAYleY MAlT EXTrACT.A"", 644, 60, 269], [""(Ammonium Bicarbonal"", 670, 58, 271], [""EiCArbONATe).ACd (LACi"", 696, 60, 269], [""FAVCAngs PePper.CV"", 722, 67, 269], [""Mik, GlUTeN. MAY AlsC 0N2"", 747, 65, 270], [""UN"", 847, 51, 273], [""J U1"", 869, 50, 273], [""JUAN1.JU1"", 920, 36, 277]]"
000943,2021,05,29,2021-05-29,s1,"PROD29082020 | 29052021 | CheeSe SNACK BiSCUTs | WheAT FOUT.Veg0TAbl6 | Sunflower.DriedCheese(12%) | PoweedCheese,Naturai | (ChUeS8).YOAST ExTrAC | SUJOS8 SYUP.SAT.D | EArTOY MAlT ExTrACT.R0s | moronium Bicarbonal | BiCArDONATe).ACd (LC | FAVC JiNg8 POppor. | MU1.GlUToON.M2YAlSC | JUU.JU","[[""PROD29082020"", 202, 23, 202], [""29052021"", 219, 20, 260], [""CheeSe SNACK BiSCUTs"", 330, 32, 245], [""WheAT FOUT.Veg0TAbl6"", 347, 34, 247], [""Sunflower.DriedCheese(12%)"", 363, 41, 248], [""PoweedCheese,Naturai"", 380, 42, 251], [""(ChUeS8).YOAST ExTrAC"", 398, 44, 255], [""SUJOS8 SYUP.SAT.D"", 414, 46, 256], [""EArTOY MAlT ExTrACT.R0s"", 433, 46, 257], [""moronium Bicarbonal"", 450, 47, 260], [""BiCArDONATe).ACd (LC"", 467, 48, 259], [""FAVC JiNg8 POppor."", 486, 43, 262], [""MU1.GlUToON.M2YAlSC"", 503, 44, 263], [""JUU.JU"", 618, 27, 275]]"
000944,2021,07,03,2021-07-03,s1,9ULLoN | PROD:03/04/2020 | EXP:03/07/2021 | L3080942022:13,"[[""9ULLoN"", 394, 70, 244], [""PROD:03/04/2020"", 648, 24, 147], [""EXP:03/07/2021"", 666, 25, 148], [""L3080942022:13"", 684, 22, 150]]"
000945,2020,04,03,2020-04-03,s1,9ULLoN | PROD:03/04/2020,"[[""9ULLoN"", 250, 57, 226], [""PROD:03/04/2020"", 416, 30, 128]]"
000946,2021,09,30,2021-09-30,s1,2021.09.30 | AVE11E 12:16,"[[""2021.09.30"", 313, 28, 385], [""AVE11E 12:16"", 335, 26, 390]]"
000947,2021,09,30,2021-09-30,s1,2021.09.30 | AVE11E12:16,"[[""2021.09.30"", 210, 23, 353], [""AVE11E12:16"", 226, 23, 356]]"
000948,2021,10,24,2021-10-24,s1,3.0 53501GrascmtGermany. | nix | CoJoY 2ates | L4924000499134 0019 | Production Date:24/07/2020 | Best Before Date:24/10/2021,"[[""3.0"", 243, 46, 3], [""53501GrascmtGermany."", 237, 32, 198], [""nix"", 296, 31, 2], [""CoJoY 2ates"", 501, 24, 200], [""L4924000499134 0019"", 620, 25, 258], [""Production Date:24/07/2020"", 640, 27, 254], [""Best Before Date:24/10/2021"", 660, 27, 255]]"
000949,2021,10,24,2021-10-24,s1,Praductlon Date:24/o7/2020 | BestBeforeDato:24/10/2021,"[[""Praductlon Date:24/o7/2020"", 428, 52, 186], [""BestBeforeDato:24/10/2021"", 441, 50, 183]]"
000950,2022,09,16,2022-09-16,s2,Swissm | 00 | 쿠/앤초코 | 2022.09.16.14:274F | (8Y-/YR롱BARM/AA5) | 30 | 可 | 豆lo品lkR | AU2,"[[""Swissm"", 20, 33, 600], [""00"", 276, 33, 331], [""쿠/앤초코"", 322, 33, 281], [""可"", 698, 20, 298], [""豆lo品lkR"", 813, 48, 189], [""AU2"", 837, 28, 284], [""2022.09.16.14:274F"", 357, 26, 144], [""(8Y-/YR롱BARM/AA5)"", 443, 26, 241], [""30"", 509, 8, 119]]"
000951,2021,04,05,2021-04-05,s1,"02:14 | 2021.04,05 | 까지 | HER S HEY S OR/GIN AL 허쉬츠콜릿 드링1 | 오리지널 | 235×4 | 동2달짜로 포장된 상품니다.","[[""02:14"", 434, 27, 406], [""2021.04,05"", 458, 29, 355], [""까지"", 484, 26, 456], [""HER S HEY S"", 624, 108, 51], [""허쉬츠콜릿 드링1"", 586, 43, 444], [""OR/GIN AL"", 622, 30, 443], [""오리지널"", 650, 27, 443], [""235×4"", 761, 32, 61], [""동2달짜로 포장된 상품니다."", 783, 32, 61]]"
000952,2021,04,05,2021-04-05,s1,02:14 | 2021.04.05 | HER S HEY S 0R/G /NAL 어쉬초콜릿 C1 | 오2지널 | 号235L×4 | -동일달2 포장원 상품입니다.,"[[""02:14"", 268, 27, 340], [""2021.04.05"", 287, 28, 292], [""어쉬초콜릿 C1"", 365, 38, 366], [""HER S HEY S"", 406, 95, 15], [""0R/G /NAL"", 390, 31, 365], [""오2지널"", 409, 26, 363], [""号235L×4"", 504, 35, 19], [""-동일달2 포장원 상품입니다."", 517, 40, 18]]"
000953,2021,02,05,2021-02-05,s1,연/미지 | 90.33% | 1는행등섬 10口 촉촉하고담백한 100% A22 | BEER &PL /TTER | 21.02.05 21.01.07 B 11 융/ | 8801057869629 DA1,"[[""연/미지"", 22, 28, 440], [""90.33%"", 254, 32, 1], [""1는행등섬"", 335, 111, 0], [""100%"", 321, 36, 229], [""A22"", 340, 72, 368], [""10口"", 356, 33, 108], [""촉촉하고담백한"", 352, 33, 230], [""BEER &PL /TTER"", 406, 29, 243], [""11"", 689, 60, 346], [""융/"", 693, 52, 378], [""21.01.07"", 694, 29, 214], [""21.02.05"", 716, 30, 213], [""B"", 706, 20, 330], [""8801057869629"", 728, 25, 28], [""DA1"", 719, 20, 349]]"
000954,2018,11,01,2018-11-01,rot180,LY 0 08 | 26 | 011118 | 2 %00L B2/ 0을,"[[""08"", 124, 9, 582], [""LY 0"", 178, 20, 311], [""26"", 198, 35, 288], [""011118"", 374, 47, 308], [""0을"", 392, 92, 459], [""B2/"", 404, 40, 366], [""2"", 436, 63, 252], [""%00L"", 426, 41, 350]]"
000955,2022,01,25,2022-01-25,s1,1B /A트 | 달공한 선물/ 가득1 | 롯데제과 | TAceb0ok | 22.01.25 22:51 까지,"[[""1B /A트"", 72, 139, 409], [""달공한 선물/ 가득1"", 371, 22, 292], [""롯데제과"", 387, 20, 314], [""TAceb0ok"", 406, 23, 293], [""22.01.25 22:51"", 466, 28, 232], [""까지"", 474, 27, 427]]"
000956,2022,01,25,2022-01-25,s1,S/비1스트 | PACeb00 | 22.01.25 22151 2까지,"[[""S/비1스트"", 96, 132, 392], [""PACeb00"", 294, 39, 262], [""22.01.25 22151"", 324, 44, 198], [""2까지"", 352, 25, 369]]"
000957,2021,02,22,2021-02-22,s1,02/ 영양정보 秀8270m|15kcal | / 号暑10mg1%量299%2 | 0%0% | 35 量0mg0%0% | AUT 01 EIComg0%7g2%0mgo3 | EF3-2 200 | 기준00로개인의 필요  따를  | .2 | .를 21.01.29M | 21.02.22办 | 2준 | 20트 | 8801114139844,"[[""02/"", 426, 34, 139], [""영양정보"", 426, 35, 205], [""秀8270m|15kcal"", 429, 32, 293], [""/"", 448, 33, 139], [""号暑10mg1%量299%2"", 454, 39, 201], [""0%0%"", 478, 35, 202], [""35"", 497, 34, 136], [""量0mg0%0%"", 503, 30, 202], [""AUT 01"", 522, 28, 137], [""EIComg0%7g2%0mgo3"", 528, 29, 199], [""EF3-2"", 546, 28, 134], [""200"", 558, 33, 201], [""기준00로개인의 필요  따를 "", 578, 32, 199], ["".2"", 615, 34, 127], ["".를"", 638, 35, 126], [""21.01.29M"", 632, 31, 218], [""21.02.22办"", 652, 30, 217], [""2준"", 687, 38, 124], [""20트"", 715, 22, 366], [""8801114139844"", 786, 29, 190]]"
000958,2022,09,23,2022-09-23,s1,영양정보 | AN2 | 20/ | 2 2 35 | J0-P1 220029 08 08 9 23 220 | 21.02.20 | 8801114 139844,"[[""영양정보"", 271, 26, 174], [""AN2"", 280, 21, 117], [""20/"", 294, 22, 112], [""2 2 35"", 312, 23, 109], [""J0-P1"", 343, 26, 103], [""220029 08 08 9 23 220"", 346, 43, 158], [""21.02.20"", 422, 61, 151], [""8801114 139844"", 514, 37, 118]]"
000959,2022,07,19,2022-07-19,s1,초고추장 | 새콤달큼 초고추장 0야기/ | 생한라입/건강한을리고당/건강좋은대실/창뭇 | 30 | 人子室26 | 61%（（号）量（号 | （） | 대두일 | 사능하고한 곳에 보관.기봉 후는 냉장보관 | 2제은 2비기의거교한 또보상 | 반풍및 장소사및7입처 | 0019-919 | DAESANGhtp//ww.den.cog | 영 정보 100g8220kc | 170mg864815337 | 200 | 2 2022.07.19,"[[""초고추장"", 120, 62, 263], [""새콤달큼 초고추장 0야기/"", 162, 43, 226], [""생한라입/건강한을리고당/건강좋은대실/창뭇"", 234, 37, 210], [""30"", 272, 35, 199], [""人子室26"", 289, 28, 200], [""61%（（号）量（号"", 308, 31, 201], [""（）"", 327, 32, 201], [""대두일"", 364, 23, 377], [""사능하고한 곳에 보관.기봉 후는 냉장보관"", 401, 24, 204], [""2제은 2비기의거교한 또보상"", 419, 26, 202], [""반풍및 장소사및7입처"", 438, 22, 206], [""0019-919"", 478, 25, 207], [""DAESANGhtp//ww.den.cog"", 564, 25, 202], [""영 정보"", 602, 35, 203], [""100g8220kc"", 608, 26, 358], [""170mg864815337"", 627, 29, 203], [""200"", 665, 20, 203], [""2"", 719, 48, 204], [""2022.07.19"", 713, 26, 253]]"
000960,2022,07,19,2022-07-19,s1,초고추장 | 영양정보 | 2022.07.19,"[[""초고추장"", 102, 66, 278], [""영양정보"", 395, 38, 176], [""2022.07.19"", 484, 48, 208]]"
000961,2023,10,21,2023-10-21,s1,2023/10/21 | L02956.001A | 할어울니다. | 폰타L | 1의시작 | 0니0 파스타0의 0일 | 1의 맛을 좌우합니다.5 100% | 유2의 유를 2 | 용한 타 는 식21 | 0로 유명합니다.류1,"[[""2023/10/21"", 276, 26, 276], [""L02956.001A"", 304, 30, 276], [""할어울니다."", 707, 34, 233], [""폰타L"", 788, 33, 255], [""1의시작"", 806, 33, 149], [""0니0"", 828, 29, 134], [""파스타0의 0일"", 831, 41, 254], [""100%"", 872, 33, 258], [""1의 맛을 좌우합니다.5"", 889, 32, 79], [""유2의 유를 2"", 900, 30, 258], [""용한 타 는 식21"", 922, 32, 77], [""0로 유명합니다.류1"", 939, 28, 76]]"
000962,2023,10,21,2023-10-21,s1,2023/10/21 | L02956.001A | 量2+100%,"[[""2023/10/21"", 203, 38, 246], [""L02956.001A"", 222, 39, 243], [""量2+100%"", 593, 40, 164]]"
000963,2023,11,14,2023-11-14,s1,2023/11/14 | L20640 | AreS C0 2J A NE1 | 0스  | 좋은 파스타는 좋은 초2가 가능2 | 타럼밀 세2나(일)에서 2파거티 입니다 | 시작됩니다.스게티를 ST EP 1 | 20는 특별한 당신을 | 유해 프20업 맛을 가정에서 | 2편하 즐기실 수 있도를 | 준비하었습니다 | ST EP | 量2100%,"[[""2023/11/14"", 314, 23, 189], [""L20640"", 350, 29, 188], [""2J A NE1"", 416, 52, 371], [""AreS C0"", 446, 55, 175], [""0스 "", 455, 32, 369], [""좋은 파스타는 좋은"", 519, 36, 188], [""초2가 가능2"", 506, 38, 368], [""2파거티 입니다"", 520, 37, 370], [""타럼밀 세2나(일)에서"", 542, 38, 180], [""시작됩니다.스게티를"", 565, 38, 182], [""ST EP 1"", 554, 48, 381], [""20는 특별한 당신을"", 588, 39, 185], [""유해 프20업 맛을 가정에서"", 610, 43, 177], [""2편하 즐기실 수 있도를"", 632, 46, 181], [""준비하었습니다"", 677, 36, 209], [""ST EP"", 704, 53, 380], [""量2100%"", 754, 52, 210]]"
000964,2023,11,14,2023-11-14,s1,2023/11/14 | L20640 | FreSC0 | 들은 파스타는 18 | 류립일 세울2나9D에서 | A작됩니다.스파계타를 STEP1 | STEP,"[[""2023/11/14"", 232, 30, 142], [""L20640"", 257, 28, 145], [""FreSC0"", 320, 45, 137], [""들은 파스타는 18"", 368, 36, 153], [""류립일 세울2나9D에서"", 384, 40, 147], [""STEP1"", 379, 42, 329], [""A작됩니다.스파계타를"", 400, 35, 151], [""STEP"", 481, 36, 335]]"
000965,2023,07,20,2023-07-20,s1,"UT& SPRUNGU G MBH·수판매업소(주)농심서울 | 영양정보 | 100g530kcal | 12mg4%6.2g11% | (E701.13)J25 Goods SA-uS | Mah.Baglarad.No:14 | DE-52072AACHEN | 23.07.202 | L5700 17 | Prod.dATe/FeChA de prOdUCCiON/DATA de | AbriCAC/VJU/8 346920""029674 | 08//) | CONSeNAr en JUgA ecoY 8e.CoONSeNA em b STORE IN A COOL AND DRY LACE Y25  100g NET | hii/serin vekuruyedes","[[""UT& SPRUNGU G MBH·수판매업소(주)농심서울"", 90, 49, 344], [""영양정보"", 231, 36, 144], [""100g530kcal"", 253, 36, 447], [""12mg4%6.2g11%"", 314, 37, 148], [""(E701.13)J25"", 418, 36, 232], [""Goods SA-uS"", 428, 24, 530], [""Mah.Baglarad.No:14"", 476, 24, 420], [""DE-52072AACHEN"", 514, 23, 149], [""23.07.202"", 634, 26, 153], [""L5700 17"", 666, 22, 153], [""Prod.dATe/FeChA de prOdUCCiON/DATA de"", 739, 28, 82], [""AbriCAC/VJU/8"", 760, 34, 80], [""346920\""029674"", 765, 34, 393], [""08//)"", 780, 25, 82], ["" 100g NET"", 813, 69, 400], [""STORE IN A COOL AND DRY LACE"", 812, 40, 82], [""Y25"", 817, 32, 382], [""CONSeNAr en JUgA ecoY 8e.CoONSeNA em b"", 835, 31, 80], [""hii/serin vekuruyedes"", 849, 36, 78]]"
000966,2021,08,10,2021-08-10,s1,1L 2 | 10/08/2021 2UMO DE UV A MO S CATEL | L-H000:121622 MUS AT GR APE JUICE | EN MUSC AT GR APE JUICE S/MON 1L Pr SS/TUD MUS/AATVAmArA m2h1 | rashappedOgsusivesikud ACOL MOSVeA O8 sh KOASTUUd | 16.3gshsuhkrud16.3g | kuin2 | 8L(650kcal | 2UA2,"[[""1L 2"", 296, 49, 354], [""10/08/2021"", 333, 24, 186], [""2UMO DE UV A MO S CATEL"", 334, 30, 356], [""L-H000:121622"", 355, 26, 190], [""MUS AT GR APE JUICE"", 355, 28, 356], [""EN MUSC AT GR APE JUICE"", 410, 29, 122], [""MUS/AATVAmArA m2h1"", 400, 24, 394], [""S/MON 1L Pr SS/TUD"", 412, 25, 391], [""ACOL MOSVeA O8 sh KOASTUUd"", 476, 26, 352], [""rashappedOgsusivesikud"", 488, 27, 350], [""16.3gshsuhkrud16.3g"", 500, 26, 350], [""kuin2"", 511, 27, 350], [""8L(650kcal"", 593, 30, 307], [""2UA2"", 652, 25, 159]]"
000967,2022,10,17,2022-10-17,s1,제품명 녹차원/차2떼 | 식품유형 고형차 | 내용량 130g(13g×10） | 내포장재질 폴2에틸런 | 2레 시0 38.5 | 0추 | 19.2%，50 | 유지외국산말레0N0산 | 원재료명 | （77%51% | 6%， | 구연산나트룹.요구2E코토/0스트린 | HE22 오지오아라비아)정제염(국 （2）2 | 우유.대투함유 | 문의및 교환체본사 및 구입처 | CH O C OU 품목보고번호 | U2N 업소명 및 | 소재지 | 공장소재지 | 433 | 全：021597-3949 | 저조하고 있습니다.직시선및고온다습한됐을 피하2 | 분쟁해기준0 의거교환 또 보상을 받0실 수있습니다 공정 위회 2시2비자 | 유동기한 2022.10.17,"[[""제품명"", 12, 21, 195], [""녹차원/차2떼"", 11, 22, 259], [""식품유형"", 32, 27, 185], [""고형차"", 32, 22, 260], [""내용량"", 53, 24, 192], [""130g(13g×10）"", 52, 25, 257], [""내포장재질"", 72, 23, 180], [""폴2에틸런"", 71, 20, 256], [""2레 시0"", 134, 23, 260], [""38.5"", 132, 30, 329], [""0추"", 152, 26, 315], [""19.2%，50"", 174, 23, 296], [""유지외국산말레0N0산"", 194, 28, 257], [""원재료명"", 247, 20, 189], [""（77%51%"", 315, 34, 259], [""6%，"", 334, 32, 259], [""구연산나트룹.요구2E코토/0스트린"", 352, 25, 259], [""（2）2"", 388, 26, 261], [""오지오아라비아)정제염(국"", 407, 32, 258], [""HE22"", 401, 184, 14], [""우유.대투함유"", 428, 23, 297], [""문의및 교환체본사 및 구입처"", 448, 26, 179], [""품목보고번호"", 468, 23, 180], [""CH O C OU"", 463, 58, 95], [""U2N"", 492, 25, 112], [""업소명 및"", 488, 23, 187], [""소재지"", 505, 23, 194], [""공장소재지"", 518, 23, 266], [""433"", 536, 22, 268], [""全：021597-3949"", 553, 26, 263], [""저조하고 있습니다.직시선및고온다습한됐을 피하2"", 603, 29, 182], [""공정 위회 2시2비자"", 620, 29, 314], [""분쟁해기준0 의거교환 또 보상을 받0실 수있습니다"", 635, 22, 185], [""유동기한"", 684, 27, 188], [""2022.10.17"", 681, 22, 277]]"
000968,2022,10,17,2022-10-17,s2,유1 고형차 | 내88 | 내장재 | 2스식 | 야지경 | 3 0F U | 192 00 | 21 | 19.2 TE | 원져료명 야. | 6). | 51% | 클2 | 문의 및 교0처 인사 및구인2 | 2011036047233 | 0소9일 SA8/수1 23 | 2재지 공장소재23 | 433 | 2비자담 | 유기한 2022.10. 17 | 까지 | WWW.NOKCHAWON.CO.KR,"[[""유1"", 33, 32, 123], [""내장재"", 60, 35, 119], [""인사 및구인2"", 290, 38, 232], [""0소9일"", 330, 33, 172], [""433"", 339, 50, 249], [""2022.10."", 438, 37, 272], [""유기한"", 458, 32, 195], [""고형차"", 21, 24, 188], [""내88"", 46, 27, 129], [""2스식"", 61, 22, 195], [""야지경"", 75, 24, 198], [""3"", 98, 12, 234], [""0F"", 94, 16, 257], [""U"", 92, 9, 270], [""192"", 104, 19, 257], [""00"", 97, 12, 294], [""21"", 124, 14, 236], [""19.2"", 142, 15, 212], [""TE"", 134, 6, 284], [""야."", 160, 19, 246], [""원져료명"", 174, 29, 148], [""6)."", 195, 16, 220], [""51%"", 188, 23, 307], [""클2"", 195, 20, 351], [""문의 및 교0처"", 304, 31, 163], [""2011036047233"", 301, 38, 235], [""SA8/수1"", 316, 24, 248], [""23"", 322, 8, 290], [""2재지"", 342, 24, 183], [""공장소재23"", 336, 25, 250], [""2비자담"", 360, 22, 253], [""17"", 426, 17, 375], [""까지"", 436, 21, 390], [""WWW.NOKCHAWON.CO.KR"", 478, 49, 232]]"
000969,2022,06,30,2022-06-30,s1,e5% oimraga | conratilme%miriss5% | ml | 영양정보 69 | 100g458 45%]. | 0mg0%3g5% | 25g@e-4410 | y | 468 1962100 | scitto | Pride | DU0 M/NTe eNTro .ne 2022/06/30 | L 157828 | 13:05 | WAIMBONAI59MILANO(ITALY) | ALEEUROPA14ENAGOMI),"[[""e5%"", 81, 41, 301], [""oimraga"", 91, 31, 318], [""conratilme%miriss5%"", 105, 36, 281], [""ml"", 127, 26, 283], [""영양정보"", 304, 29, 247], [""69"", 297, 20, 484], [""100g458"", 312, 23, 335], [""45%]."", 322, 20, 474], [""0mg0%3g5%"", 363, 26, 241], [""25g@e-4410"", 438, 53, 55], [""y"", 532, 25, 250], [""468"", 545, 22, 164], [""1962100"", 545, 25, 252], [""scitto"", 558, 31, 41], [""Pride"", 590, 63, 575], [""DU0 M/NTe eNTro .ne"", 628, 24, 39], [""2022/06/30"", 632, 29, 304], [""L 157828"", 663, 24, 302], [""13:05"", 688, 21, 302], [""WAIMBONAI59MILANO(ITALY)"", 706, 34, 47], [""ALEEUROPA14ENAGOMI)"", 722, 37, 46]]"
000970,2022,06,30,2022-06-30,s2,"0O C2 | 1 | ngi,fru | C1rU5 | 2Ch | o AT | JU5 | J05 | 02 | 0 ten | 11 09 | 영양정보 100ge458 Kcal 4511 | 0 59-8000 omal. | 档0时量0m90%／2号32.5% atted | OOR 61,63 | 02 pad | sne-2410z ananeies) | J01 J 0LL | 1381 Pride | Uo2 /As 0T SeC | 2 2022/06/30 | imnte entro fine: | ee e avant fin: L157828 | 13:05 | MAMBONATI59MILANOITALYI. | ALEEUKOPA14,SENAGOIMI.","[[""Pride"", 385, 42, 521], [""L157828"", 442, 23, 275], [""0O C2"", 74, 9, 376], [""1"", 86, 6, 323], [""ngi,fru"", 101, 12, 409], [""C1rU5"", 118, 9, 422], [""2Ch"", 135, 12, 422], [""o AT"", 152, 10, 429], [""JU5"", 161, 10, 430], [""J05"", 169, 10, 430], [""02"", 178, 10, 430], [""11"", 194, 7, 422], [""0"", 186, 5, 423], [""09"", 194, 15, 426], [""ten"", 186, 10, 430], [""영양정보"", 206, 18, 220], [""100ge458"", 210, 15, 297], [""59-8000"", 217, 16, 169], [""Kcal"", 212, 13, 383], [""4511"", 210, 15, 420], [""0"", 223, 10, 154], [""omal."", 220, 12, 419], [""档0时量0m90%／2号32.5%"", 245, 22, 211], [""61,63"", 254, 19, 416], [""atted"", 246, 9, 420], [""OOR"", 255, 6, 381], [""02"", 274, 7, 381], [""pad"", 272, 9, 432], [""sne-2410z"", 299, 33, 62], [""ananeies)"", 298, 11, 330], [""J01 J"", 331, 12, 174], [""0LL"", 326, 10, 386], [""1381"", 376, 9, 273], [""Uo2 /As 0T SeC"", 397, 12, 69], [""2"", 418, 7, 46], [""imnte entro fine:"", 428, 11, 69], [""2022/06/30"", 422, 21, 278], [""ee e avant fin:"", 446, 12, 60], [""13:05"", 462, 15, 278], [""MAMBONATI59MILANOITALYI."", 478, 16, 54], [""ALEEUKOPA14,SENAGOIMI."", 489, 17, 51]]"
000971,2021,11,11,2021-11-11,s1,6 빙그레 | 색소·향료 | P첨가 | /U SN8 | 친구들 치주 | 2021.11.11B 까지 칼승함유 철분참 1까지 비타민 | 1초클릿 집싱률 | 0 | 허쉬,"[[""6"", 303, 24, 104], [""빙그레"", 305, 42, 131], [""색소·향료"", 339, 52, 529], [""P첨가"", 361, 50, 544], [""/U SN8"", 386, 21, 549], [""친구들"", 466, 69, 309], [""치주"", 465, 36, 466], [""2021.11.11B"", 530, 25, 136], [""까지"", 537, 24, 359], [""칼승함유 철분참 1까지 비타민"", 538, 23, 447], [""0"", 656, 23, 129], [""1초클릿 집싱률"", 639, 88, 153], [""허쉬"", 678, 43, 130]]"
000972,2021,06,25,2021-06-25,s1,3 | 2021.06.25 | OhOColAT Mk | P르N 생초콜릿우유,"[[""3"", 225, 22, 375], [""2021.06.25"", 505, 20, 210], [""OhOColAT Mk"", 541, 29, 261], [""P르N"", 573, 36, 188], [""생초콜릿우유"", 572, 44, 262]]"
000973,2022,12,02,2022-12-02,up2x,BE ST OY | 021222 | LOCAL 1ONEY | me | 제명 블로버 6니 | 1설유 221022 | 수08 | MAN | 0AJ2 | A//22,"[[""BE ST OY"", 882, 47, 576], [""021222"", 908, 45, 573], [""LOCAL 1ONEY"", 1390, 68, 516], [""me"", 1415, 34, 595], [""제명"", 1454, 31, 368], [""블로버 6니"", 1451, 30, 500], [""1설유"", 1480, 31, 382], [""221022"", 1478, 29, 498], [""수08"", 1515, 28, 391], [""MAN"", 1544, 27, 394], [""0AJ2"", 1608, 37, 763], [""A//22"", 1626, 7, 696]]"
000974,2022,01,08,2022-01-08,s1,8/1 22,"[[""8/1 22"", 296, 27, 233]]"
000975,2023,08,03,2023-08-03,s1,A0SC0 프레스코 후실리 | (FRESCO FUSLL) | 좋은 파스타는 좋은 듀럼밀 | 파스타21 한 종류인 후실리는 | 프레스R 후리는 신선한 꼬불끄불 돌말린 나사 모양 | 특징니다 | 선별 업선하여T2합/ 샐러드나 파스타로 요리해 먹0면 | 간0한 일품 요리가 됩니다 | 땅을 가정에서도 손쉽게 면0 2지 않  소가 많 묻 | 즐기싶 수 있습니다. 만을 풍부하게.느깔수있어 | 거 2환 | 트2수 있습니다 | 2023/08/03 | L20434 08 | 81801045360553 | 제조원; mai | PAStTiiCT1o FAbANe1 S.p.A | 1본매원1 | 주시0시 오뚜1,"[[""A0SC0"", 252, 51, 161], [""프레스코 후실리"", 273, 34, 412], [""(FRESCO FUSLL)"", 302, 35, 415], [""좋은 파스타는 좋은 듀럼밀"", 324, 29, 158], [""파스타21 한 종류인 후실리는"", 343, 37, 413], [""프레스R 후리는 신선한"", 365, 27, 167], [""꼬불끄불 돌말린 나사 모양"", 366, 35, 415], [""특징니다"", 387, 24, 416], [""선별 업선하여T2합/"", 406, 28, 165], [""샐러드나 파스타로 요리해 먹0면"", 410, 31, 415], [""간0한 일품 요리가 됩니다"", 432, 29, 415], [""땅을 가정에서도 손쉽게"", 468, 22, 169], [""면0"", 476, 21, 417], [""2지 않  소가 많 묻"", 478, 29, 441], [""즐기싶 수 있습니다."", 488, 23, 178], [""만을 풍부하게.느깔수있어"", 500, 25, 415], [""거 2환"", 516, 21, 79], [""트2수 있습니다"", 544, 26, 414], [""2023/08/03"", 597, 26, 167], [""L20434 08"", 630, 35, 162], [""81801045360553"", 682, 36, 420], [""제조원;"", 714, 23, 132], [""PAStTiiCT1o FAbANe1 S.p.A"", 737, 30, 143], [""mai"", 723, 20, 428], [""1본매원1"", 760, 31, 153], [""주시0시 오뚜1"", 797, 38, 176]]"
000976,2023,08,03,2023-08-03,s1,FrESCO 2레 코 후실2 | (FRESCO FUSILLD | 0불2를 들을 알린나사 모양 | 0정니다 | 간단한 일움 요리가 됩니다 | 0/있습니다 | 20수 있습니다 | 2023/08/03 | L20434 | P0ST TiC F0bANeN S.p.A | 0 0원,"[[""2레 코 후실2"", 148, 33, 360], [""FrESCO"", 167, 50, 137], [""(FRESCO FUSILLD"", 163, 37, 364], [""0불2를 들을 알린나사 모양"", 205, 38, 368], [""0정니다"", 226, 29, 370], [""간단한 일움 요리가 됩니다"", 250, 39, 374], [""0/있습니다"", 322, 34, 167], [""20수 있습니다"", 327, 34, 380], [""2023/08/03"", 394, 36, 166], [""L20434"", 420, 35, 166], [""P0ST TiC F0bANeN S.p.A"", 487, 42, 155], [""0 0원"", 508, 26, 166]]"
000977,2021,11,03,2021-11-03,s1,03112020 | 03112021 | 222A3 | SiNUBed pU8,"[[""03112020"", 283, 22, 405], [""03112021"", 302, 24, 403], [""222A3"", 322, 26, 402], [""SiNUBed pU8"", 542, 22, 506]]"
000978,2020,01,22,2020-01-22,rot180,"KOMPOS /SR TEPUNG TERUOU.OUUL MUNYAL NUAB M VENGANOUNA UN F ONMAS NNL N G | ANMOK S DAN T8 NOL BUBUK COKL AT SRUP FRUKTOSA PENOE BANG | (NATRIUM&AMONIUMBIKARBONAT).GARAM,PATIJAGUNG.PENGEMULI JUMLAHPERSAIAN/AM | LES/TIN KEDELAN.PER SA SIN TETMK VANILA Energl TotaiTotalEn | MEN G AN DUNG ALER OEN.LUNAT DAFTAR BAN AN Y ANG DICET AK TE8 AL Energi dari Lemake, | DUPRODUNK S PAD A PERAL ATAN Y AN G JUGA ME MPRO SES BUS UIT YANG | MEN G AN DUNG SUSU DAN KAC ANG | Kemel-ContainsAntioxidant TBHO (INS319mCocoaPowder.FructoseSyrup. IngedensWhatFlourSugr.Non-HyonatdVgetable PaPa 21 | RaisngAgents(SodiumBicarbonate (INS5oo(),AmmoniumBlcarbonate | ONS503Salt.ComStarch,Emulsfier(SoyaLecithin(NS322Nature | identical Vanlla Flavout MA6 | Foodadditivesareofplantandsyntheticorgin | Allergen informatior:Containswheat and soya. | MANUTACTUred on equpmeNT ThAT Also proCesses proCuCTs CoNTaiN.Ng M2k | oNd poANuTs. | PR  UCT OF IN D ONE STA | ImporTod And DiSTrbUT ed bY 200122 | MONdele2 PN ppNes INC. B378Dr.ASantosAvenue.ParanagueCity.Phlippines | Consumer ResponseCenter:(02)820-2866 DONC0 | PhCoNSUMerCAre@MD2.0om | MINIOREO anddevice are trademarks ot | MoNdele2 INToATioNal groUP USed UNder porM9SioN. | 20","[[""KOMPOS /SR TEPUNG TERUOU.OUUL MUNYAL NUAB M VENGANOUNA"", 83, 62, 165], [""ANMOK S DAN T8 NOL BUBUK COKL AT SRUP FRUKTOSA PENOE BANG"", 94, 59, 165], [""(NATRIUM&AMONIUMBIKARBONAT).GARAM,PATIJAGUNG.PENGEMULI"", 106, 59, 163], [""MEN G AN DUNG ALER OEN.LUNAT DAFTAR BAN AN Y ANG DICET AK TE8 AL"", 129, 61, 160], [""LES/TIN KEDELAN.PER SA SIN TETMK VANILA"", 110, 41, 163], [""DUPRODUNK S PAD A PERAL ATAN Y AN G JUGA ME MPRO SES BUS UIT YANG"", 141, 60, 158], [""UN F ONMAS NNL N G"", 120, 27, 552], [""MEN G AN DUNG SUSU DAN KAC ANG"", 142, 36, 158], [""JUMLAHPERSAIAN/AM"", 145, 30, 527], [""Kemel-ContainsAntioxidant TBHO (INS319mCocoaPowder.FructoseSyrup."", 178, 65, 151], [""IngedensWhatFlourSugr.Non-HyonatdVgetable PaPa"", 168, 60, 154], [""Energl TotaiTotalEn"", 151, 24, 528], [""Energi dari Lemake,"", 160, 25, 550], [""RaisngAgents(SodiumBicarbonate (INS5oo(),AmmoniumBlcarbonate"", 190, 62, 151], [""ONS503Salt.ComStarch,Emulsfier(SoyaLecithin(NS322Nature"", 201, 62, 149], [""identical Vanlla Flavout"", 196, 30, 149], [""Foodadditivesareofplantandsyntheticorgin"", 214, 45, 147], [""Allergen informatior:Containswheat and soya."", 226, 46, 145], [""MANUTACTUred on equpmeNT ThAT Also proCesses proCuCTs CoNTaiN.Ng M2k"", 245, 62, 145], [""21"", 211, 6, 629], [""oNd poANuTs."", 238, 23, 143], [""MA6"", 238, 7, 523], [""PR  UCT OF IN D ONE STA"", 260, 32, 140], [""ImporTod And DiSTrbUT ed bY"", 278, 35, 138], [""B378Dr.ASantosAvenue.ParanagueCity.Phlippines"", 308, 57, 133], [""MONdele2 PN ppNes INC."", 288, 35, 137], [""Consumer ResponseCenter:(02)820-2866"", 316, 45, 133], [""PhCoNSUMerCAre@MD2.0om"", 323, 36, 131], [""200122"", 311, 12, 511], [""MINIOREO anddevice are trademarks ot"", 344, 44, 130], [""MoNdele2 INToATioNal groUP USed UNder porM9SioN."", 360, 51, 128], [""DONC0"", 364, 10, 593], [""20"", 425, 16, 253]]"
000979,2021,06,14,2021-06-14,s1,22온 | 후레/베2 EAE SH BERAY | 801117545512 | U 221.06.14F2 2020. 12. 15>08: 53 U2,"[[""22온"", 328, 26, 239], [""후레/베2"", 362, 55, 173], [""EAE SH BERAY"", 383, 22, 220], [""801117545512"", 398, 23, 400], [""U"", 466, 66, 218], [""2020. 12. 15>08: 53"", 450, 29, 273], [""U2"", 466, 65, 503], [""221.06.14F2"", 472, 25, 273]]"
000980,2021,06,14,2021-06-14,s1,후레A1베2/ | 2020.12-1503:53 | 2021.06.14VF-2,"[[""후레A1베2/"", 237, 50, 176], [""2020.12-1503:53"", 302, 29, 262], [""2021.06.14VF-2"", 315, 28, 262]]"
000981,2021,08,08,2021-08-08,rot90,OQ:4431631 20210808 | RIC0S TAIC KE | ROUN0 GreAT,"[[""OQ:4431631"", 259, 122, 543], [""20210808"", 260, 118, 572], [""ROUN0"", 531, 250, 151], [""RIC0S"", 556, 269, 306], [""GreAT"", 666, 74, 242], [""TAIC KE"", 675, 89, 267]]"
000982,2022,02,15,2022-02-15,s1,USE BY15FEB22B 09107 | ClArA PA sTeAk B2/&Br0 | Ole | P/A S TA S AUCE | ITAliAN ST/le | Cook peNN ACcord Ng To pa 02  | Ingricnan | BlendinCGaraOfe talian Styio,"[[""USE BY15FEB22B 09107"", 211, 34, 218], [""ClArA"", 255, 36, 86], [""PA sTeAk B2/&Br0"", 242, 33, 255], [""Ole"", 281, 34, 106], [""P/A S TA S AUCE"", 311, 34, 77], [""ITAliAN ST/le"", 332, 45, 48], [""Cook peNN ACcord Ng To pa 02 "", 477, 33, 293], [""Ingricnan"", 522, 39, 300], [""BlendinCGaraOfe talian Styio"", 580, 37, 315]]"
000983,2021,08,20,2021-08-20,s1,AK B AR | 식품위생법에 의한 한글표시 | 제품명 히비스커스 허브E( ABIS CUS) | 식품의 유형 침출차/(6브E) | 원료및함량 00%） | 중량 100g | 포장재질 폴리에틸렌 | 보관방법 건냉한 장소에 보관 | 반품 및 교환 수입원 및구입처 | 제조원 AkbAr BroThers LTd | 수입/소분원 032)672-3742 | 판매원 ）1800-9750 | 교환 또는 보상을 받을 수 있습니다. | 2021.08.20 | OT ER | 200~250ml BACk TeA 2-3분 | 90~100℃ HerbA/ TeA 3-5분,"[[""AK B AR"", 41, 79, 190], [""식품위생법에 의한 한글표시"", 232, 43, 212], [""제품명"", 246, 24, 135], [""히비스커스 허브E( ABIS CUS)"", 258, 45, 228], [""식품의 유형"", 270, 30, 111], [""침출차/(6브E)"", 277, 32, 229], [""원료및함량"", 295, 29, 107], [""00%）"", 306, 45, 227], [""중량"", 320, 29, 141], [""100g"", 324, 29, 228], [""포장재질"", 346, 26, 123], [""폴리에틸렌"", 349, 33, 227], [""보관방법"", 371, 24, 125], [""건냉한 장소에 보관"", 376, 35, 227], [""반품 및 교환"", 397, 26, 111], [""수입원 및구입처"", 400, 34, 227], [""제조원"", 422, 25, 134], [""AkbAr BroThers LTd"", 426, 35, 226], [""수입/소분원"", 448, 27, 112], [""032)672-3742"", 451, 36, 225], [""）1800-9750"", 476, 34, 227], [""판매원"", 484, 28, 132], [""교환 또는 보상을 받을 수 있습니다."", 590, 29, 105], [""2021.08.20"", 632, 31, 104], [""OT ER"", 828, 45, 502], [""200~250ml"", 866, 36, 84], [""90~100℃"", 881, 28, 231], [""BACk TeA 2-3분"", 869, 36, 355], [""HerbA/ TeA 3-5분"", 888, 40, 350]]"
000984,2021,08,20,2021-08-20,s1,1B AR | 식품 위생법에의한 한글표 | 히비스커스허브E(0HBIS CUS) | 식품의 유형 침출A(허브티 | 원료 및 항량 | 중량 | 포장재월 플2에틸렌 | 보관방법 건냉한 장소에보관 | 반품 및 교환 수입원및구입2 | 제조원 | 수입/소분원 0032)672-3742 | 판매원 （）1800-9750 | 2021.08.20,"[[""1B AR"", 28, 63, 272], [""식품 위생법에의한 한글표"", 138, 47, 216], [""식품의 유형"", 154, 29, 125], [""히비스커스허브E(0HBIS CUS)"", 158, 52, 229], [""원료 및 항량"", 170, 29, 122], [""침출A(허브티"", 166, 34, 228], [""중량"", 187, 20, 151], [""포장재월"", 203, 26, 131], [""보관방법"", 220, 26, 131], [""플2에틸렌"", 213, 31, 223], [""반품 및 교환"", 238, 29, 118], [""건냉한 장소에보관"", 234, 37, 223], [""수입원및구입2"", 248, 35, 219], [""제조원"", 254, 26, 137], [""수입/소분원"", 271, 26, 117], [""0032)672-3742"", 286, 43, 216], [""판매원"", 295, 26, 133], [""（）1800-9750"", 302, 41, 217], [""2021.08.20"", 398, 39, 101]]"
000985,2021,12,28,2021-12-28,s1,BANANA3 | EXP:DEC-28-2021 | LOT:OC184296,"[[""BANANA3"", 490, 30, 366], [""EXP:DEC-28-2021"", 600, 25, 96], [""LOT:OC184296"", 620, 24, 98]]"
000986,2021,12,28,2021-12-28,s2,Srvins | EXPDEC-28-2021 | L0TGC184296,"[[""Srvins"", 302, 11, 103], [""EXPDEC-28-2021"", 403, 27, 104], [""L0TGC184296"", 416, 25, 107]]"
000987,2021,12,28,2021-12-28,s1,QuiCk SeT | NeT WT: MANGO | 85g | EXP:DEC-28-2021,"[[""QuiCk SeT"", 427, 27, 89], [""NeT WT:"", 491, 28, 168], [""MANGO"", 500, 50, 461], [""85g"", 506, 31, 189], [""EXP:DEC-28-2021"", 632, 27, 106]]"
000988,2021,12,28,2021-12-28,s2,Ouickset | JOUT SC/VUNN | NOT WT: NAANG0 | 85g | EXP:DEC-28-2021 | LT0C184296,"[[""NAANG0"", 356, 29, 418], [""Ouickset"", 307, 20, 82], [""JOUT SC/VUNN"", 318, 23, 80], [""NOT WT:"", 348, 21, 155], [""85g"", 360, 21, 177], [""EXP:DEC-28-2021"", 443, 16, 109], [""LT0C184296"", 456, 15, 113]]"
000989,2020,07,21,2020-07-21,det5,DA CON SUMAR S1 PREFEA B UL MENTE ENTRO 1L PREPAR AT A B ASE D1 | BEST BEFORE: | GR A S S 0 VEG ET ALE | ALUNGA CON SERVAZ/ONEU.N.T. | 20/07./21 DA MONTARE E PER CUCIN A | P20707 14:94:23含09 | MU1X | responsible sources BOOrd froM | F SC FSCC014047 | 1000me | da MONT A/e WiPPiN9 | U02 2perCuCiNA J2okn9,"[[""DA CON SUMAR S1 PREFEA B UL MENTE ENTRO 1L"", 420, 16, 137], [""PREPAR AT A B ASE D1"", 423, 22, 402], [""BEST BEFORE:"", 432, 17, 138], [""GR A S S 0 VEG ET ALE"", 442, 21, 400], [""ALUNGA CON SERVAZ/ONEU.N.T."", 458, 26, 397], [""20/07./21"", 475, 30, 175], [""DA MONTARE E PER CUCIN A"", 474, 27, 396], [""P20707"", 488, 20, 202], [""14:94:23含09"", 502, 31, 189], [""MU1X"", 508, 18, 486], [""responsible sources"", 529, 19, 452], [""BOOrd froM"", 521, 14, 476], [""F SC"", 534, 15, 411], [""FSCC014047"", 542, 23, 443], [""1000me"", 556, 40, 195], [""da"", 600, 28, 290], [""WiPPiN9"", 610, 42, 455], [""MONT A/e"", 614, 70, 279], [""U02"", 636, 48, 159], [""J2okn9"", 646, 61, 446], [""2perCuCiNA"", 639, 64, 282]]"
000990,2020,02,02,2020-02-02,rot180,omyoo | AddM1/M1 20P | 19 | 020220 | 22,"[[""omyoo"", 199, 20, 138], [""AddM1/M1"", 224, 21, 123], [""20P"", 216, 18, 330], [""19"", 234, 13, 186], [""020220"", 281, 16, 165], [""22"", 358, 7, 460]]"
000991,2021,03,04,2021-03-04,s1,"10% | 6% | 8% | 10% UNTUT T/.ckeNd;STr | IT SOUrCe 01 | ChO/eSTer01 | AA VTAMiN C Time Is Approxi ATe. | Jes Are DAsed oN 8 | MTE HO MUNY COAN | ERAL S:NAC/N | THAMN MON0- | VIN.FOLUC ACD | Os SA/eS./NC | RA/o2 HOodgSs./NC | ,MO6318-618 | NITH 14173-D | 2UNEERAING  R096153 | FG-ZG1-A#10a | 12NK09119 | BEST BY MAR 04 2021 09:34","[[""10%"", 30, 32, 88], [""6%"", 52, 30, 92], [""8%"", 73, 32, 88], [""UNTUT T/.ckeNd;STr"", 81, 32, 179], [""10%"", 98, 29, 81], [""IT SOUrCe 01"", 132, 44, 24], [""ChO/eSTer01"", 148, 42, 29], [""Time Is Approxi ATe."", 156, 29, 163], [""AA VTAMiN C"", 167, 50, 3], [""Jes Are DAsed oN 8"", 210, 43, 0], [""MTE HO MUNY COAN"", 245, 43, 0], [""ERAL S:NAC/N"", 280, 39, 0], [""THAMN MON0-"", 298, 37, 0], [""VIN.FOLUC ACD"", 316, 39, 0], [""Os SA/eS./NC"", 385, 32, 0], [""RA/o2 HOodgSs./NC"", 400, 34, 0], ["",MO6318-618"", 432, 36, 0], [""14173-D"", 434, 33, 289], [""R096153"", 458, 32, 288], [""NITH"", 478, 31, 0], [""FG-ZG1-A#10a"", 481, 34, 245], [""2UNEERAING "", 494, 36, 0], [""12NK09119"", 600, 32, 78], [""BEST BY MAR 04 2021 09:34"", 621, 40, 70]]"
000992,2021,04,NONE,2021-04-NONE,det5,10% 2. So T/ STr  N | 6% 3. | 8%6 4 UNUV Uh.CkoNd.Str | 10% | source of use more water. | VTAMN 0. time ts approximate. Duetedifterencesinmicrow | DO0d ON 8 | DOMUNY CORN | MUN MONO- S N ACIN | OUC ACB | 20s.INC. | 0 NOdN0s.IC | 6318-618 | 14173-D | R096153 | ERON G FG-ZG1-A#10a | 04 2021 09:34,"[[""2."", 39, 22, 103], [""So T/ STr  N"", 27, 40, 116], [""10%"", 53, 22, 38], [""3."", 54, 18, 103], [""6%"", 68, 22, 40], [""4"", 68, 18, 104], [""8%6"", 82, 21, 38], [""UNUV Uh.CkoNd.Str"", 66, 43, 117], [""10%"", 100, 25, 32], [""use more water."", 97, 33, 108], [""Duetedifterencesinmicrow"", 105, 49, 96], [""source of"", 123, 42, 0], [""time ts approximate."", 118, 39, 108], [""0."", 138, 16, 45], [""VTAMN"", 148, 36, 0], [""DO0d ON 8"", 174, 40, 0], [""DOMUNY CORN"", 196, 44, 0], [""S N ACIN"", 221, 42, 0], [""MUN MONO-"", 232, 40, 0], [""OUC ACB"", 243, 39, 0], [""20s.INC."", 292, 24, 0], [""14173-D"", 285, 31, 235], [""0 NOdN0s.IC"", 300, 39, 0], [""R096153"", 301, 31, 234], [""6318-618"", 323, 30, 0], [""FG-ZG1-A#10a"", 316, 39, 202], [""ERON G"", 362, 29, 11], [""09:34"", 399, 32, 304], [""04 2021"", 413, 36, 194]]"
000993,2022,02,18,2022-02-18,clahe,4본바코드 | 00 | 백도 요거트 | 2018H 22 02.18 15:49.F1G | 2,"[[""4본바코드"", 254, 37, 220], [""00"", 284, 16, 221], [""백도 요거트"", 424, 153, 336], [""22"", 531, 30, 241], [""02.18"", 520, 33, 307], [""2018H"", 541, 28, 229], [""15:49.F1G"", 539, 32, 309], [""2"", 556, 9, 234]]"
000994,2021,02,18,2021-02-18,up2x,A22 | 2 | 02.18/21 | 15:49.F1R | P R 0 B,"[[""A22"", 514, 63, 71], [""2"", 546, 45, 131], [""02.18/21"", 743, 52, 596], [""15:49.F1R"", 784, 51, 604], [""P R 0 B"", 1282, 310, 987]]"
000995,NONE,NONE,NONE,NONE,fail,A0ND PR0B | 21 Maste | 80 d PR0B PR0B PR0B PR0B 18 | PROB,"[[""PR0B"", 462, 110, 391], [""21"", 270, 15, 257], [""80 d"", 414, 52, 123], [""PR0B"", 226, 52, 404], [""Maste"", 310, 169, 238], [""A0ND"", 184, 103, 202], [""PR0B"", 457, 112, 391], [""PR0B"", 457, 112, 391], [""18"", 536, 56, 609], [""PROB"", 920, 225, 777], [""PR0B"", 464, 105, 392]]"
000996,2015,12,21,2015-12-21,erode5,15.12.21 | 딸기.0기,"[[""15.12.21"", 428, 58, 337], [""딸기.0기"", 901, 114, 389]]"
000997,NONE,NONE,NONE,NONE,fail,福 | PROB OT 1C | 4분 바코드 13187 13:187E 13:187E 13:10.F1E 131826 | 01 딸기 요기 | 880112151010 | 4분 바코드 4분 바코드 4분 바코드 4분 바코드 E PROB  OT1 8 | 8801121 8801121 00 00 18 | 1510 1510 187 딸기 .요기 딸기 요기 딸기 요기 딸기 요기 딸기 요기 | 4분 바코드 PROB  OT C | 880112151010 딸기요기,"[[""131826"", 275, 52, 279], [""딸기 요기"", 591, 78, 286], [""4분 바코드"", 499, 18, 203], [""00"", 516, 13, 202], [""13187"", 274, 45, 279], [""01"", 366, 109, 550], [""PROB  OT1"", 481, 196, 426], [""4분 바코드"", 498, 21, 203], [""00"", 516, 14, 201], [""딸기 요기"", 590, 85, 283], [""4분 바코드"", 242, 80, 130], [""PROB OT 1C"", 186, 56, 385], [""딸기 요기"", 334, 41, 553], [""880112151010"", 436, 37, 506], [""福"", 50, 77, 316], [""13:187E"", 276, 44, 281], [""4분 바코드"", 499, 18, 205], [""8801121"", 545, 84, 190], [""딸기 요기"", 591, 78, 286], [""1510"", 594, 39, 192], [""13:187E"", 276, 44, 281], [""4분 바코드"", 499, 18, 205], [""8801121"", 545, 84, 190], [""딸기 요기"", 591, 78, 286], [""1510"", 594, 39, 192], [""18"", 552, 93, 562], [""PROB  OT C"", 973, 406, 853], [""4분 바코드"", 998, 34, 411], [""880112151010"", 1132, 240, 378], [""딸기요기"", 1180, 155, 572], [""8"", 472, 32, 445], [""187"", 588, 75, 283], [""E"", 500, 19, 204], [""딸기 .요기"", 590, 77, 286], [""13:10.F1E"", 280, 43, 279]]"
000998,2021,11,11,2021-11-11,s1,80 | GA SShAT GeANYy. | ren | 1래위원회고시 | 해경기준에의거교인 | L49240005130901614 | Production Date:11/08/2020 | Best Before Date:11/11/2021 | 001686301555,"[[""80"", 89, 76, 0], [""GA SShAT GeANYy."", 138, 36, 205], [""ren"", 167, 50, 0], [""1래위원회고시"", 385, 23, 0], [""해경기준에의거교인"", 400, 23, 0], [""L49240005130901614"", 548, 22, 260], [""Production Date:11/08/2020"", 570, 26, 258], [""Best Before Date:11/11/2021"", 590, 25, 258], [""001686301555"", 828, 27, 249]]"
000999,2021,11,11,2021-11-11,s1,50 | e | Date:11/11/2021,"[[""50"", 68, 53, 2], [""e"", 122, 28, 6], [""Date:11/11/2021"", 400, 23, 348]]"
001000,2021,09,07,2021-09-07,s1,BE ST BEFORE | 07SEP21 | 30811L5,"[[""BE ST BEFORE"", 571, 28, 173], [""07SEP21"", 588, 25, 188], [""30811L5"", 610, 25, 188]]"
