image_id,year,month,day,final_date,stage,texts,raw
001001,NONE,NONE,NONE,NONE,fail,ENDo0 | peaues VESC 3081 1 | Hunt STLL8O5 Sesameal | 1822 0) &Palmers Chpu | BE BEST BEFORE BEST BEFORE SEP OZ SEP21 OTPEOR21 OTPEOR21 27 | 308110 308115 308115 308118 308115 | 808 | CRACES 200gNETM2 | LEN. | BEST BEFORE | OSEP2T | 308115,"[[""BEST BEFORE"", 369, 31, 128], [""308115"", 396, 36, 139], [""27"", 388, 21, 245], [""peaues"", 140, 101, 192], [""BEST BEFORE"", 368, 34, 128], [""308110"", 394, 35, 136], [""SEP"", 382, 21, 179], [""3081"", 179, 86, 231], [""Hunt"", 228, 84, 333], [""Sesameal"", 230, 47, 467], [""&Palmers"", 294, 105, 304], [""1822"", 269, 34, 170], [""0)"", 268, 18, 231], [""Chpu"", 310, 26, 483], [""CRACES"", 501, 36, 285], [""200gNETM2"", 513, 73, 277], [""ENDo0"", 126, 69, 251], [""808"", 470, 68, 376], [""STLL8O5"", 244, 39, 360], [""OTPEOR21"", 376, 64, 135], [""308115"", 396, 34, 140], [""OTPEOR21"", 376, 64, 135], [""308115"", 396, 34, 140], [""LEN."", 629, 68, 1009], [""BEST BEFORE"", 737, 54, 263], [""OSEP2T"", 763, 64, 283], [""308115"", 792, 63, 280], [""1"", 143, 28, 296], [""BE"", 364, 13, 132], [""OZ SEP21"", 381, 42, 139], [""308118"", 396, 38, 138], [""VESC"", 144, 56, 213]]"
001003,NONE,NONE,NONE,NONE,fail,2088 | 80 | 80 | 20,"[[""80"", 290, 79, 208], [""80"", 422, 15, 267], [""20"", 438, 30, 461], [""2088"", 220, 18, 230]]"
001005,NONE,NONE,NONE,NONE,fail,허니어 허니어 | 기차 R욱 | 0 0 | pom 포화지법 포화지방 29 2.93 2.93 Dmg 영양정보 | CCP | 30 년일 | PD PD 보ab | 마a일니다 마a일니다 -RP | 동심 동심 | n욱 () 9A31包1606 9A31包1606 3020:08-1026 3020:08-1026 n지 | tocd 포화지병 그9요 a.mg | rad | 프레스대표 | Tuytard nel nel 02 Henay Mutard 0 6 onay Mutard oney Muptard -k8 Muytard Muytard Muytard | 9 an | 심 OK | HPCOP 는 마입니다. | na 동심 | 3030:08/1027 -반품 및고면 | 8312包1606 | 801043-036748 | Muytard,"[[""동심"", 296, 39, 502], [""Muytard"", 440, 73, 326], [""포화지법"", 188, 15, 226], [""포화지방 29"", 186, 18, 224], [""Dmg"", 183, 10, 366], [""동심"", 295, 41, 500], [""oney Muptard"", 442, 105, 192], [""CCP"", 212, 29, 356], [""Tuytard"", 464, 193, 164], [""심"", 540, 36, 329], [""R욱"", 105, 76, 276], [""pom"", 198, 64, 76], [""n욱"", 344, 39, 79], [""()"", 334, 31, 116], [""tocd"", 370, 20, 283], [""rad"", 388, 9, 317], [""0"", 441, 16, 332], [""-k8"", 438, 21, 369], [""6"", 453, 20, 326], [""02"", 462, 9, 300], [""9"", 508, 10, 288], [""an"", 510, 13, 370], [""OK"", 525, 10, 387], [""허니어"", 34, 26, 245], [""0"", 174, 9, 287], [""2.93"", 186, 9, 276], [""PD"", 254, 8, 297], [""마a일니다"", 278, 18, 332], [""3020:08-1026"", 332, 43, 212], [""9A31包1606"", 345, 37, 209], [""Muytard"", 440, 78, 323], [""nel"", 447, 42, 225], [""허니어"", 34, 26, 245], [""0"", 174, 9, 287], [""2.93"", 186, 9, 276], [""PD"", 254, 8, 297], [""마a일니다"", 278, 18, 332], [""3020:08-1026"", 332, 43, 212], [""9A31包1606"", 345, 37, 209], [""Muytard"", 440, 78, 323], [""nel"", 447, 42, 225], [""영양정보"", 186, 61, 476], [""30 년일"", 232, 24, 470], [""보ab"", 263, 20, 460], [""-RP"", 284, 14, 492], [""n지"", 347, 28, 455], [""포화지병 그9요"", 374, 33, 451], [""a.mg"", 368, 20, 731], [""프레스대표"", 404, 33, 423], [""는 마입니다."", 560, 53, 572], [""HPCOP"", 560, 35, 362], [""동심"", 589, 76, 1004], [""na"", 579, 24, 530], [""-반품 및고면"", 638, 61, 931], [""3030:08/1027"", 664, 87, 418], [""8312包1606"", 690, 81, 414], [""801043-036748"", 789, 84, 964], [""Muytard"", 882, 148, 705], [""Henay Mutard"", 450, 140, 111], [""기차"", 79, 36, 12], [""onay Mutard"", 442, 87, 201]]"
001016,NONE,NONE,NONE,NONE,fail,"B2ESZRAIL | OVL | BEI.GIOIOSO (10%DV, MERICA'S A'S RIC FREE GLUTEN | FRESH MOZZARELLA PAS 99 | BestBy FEB/21/21 FREE GLUTEN VTTAAVZZONHLEAH PEARLS arnish a salad or have a healthy snack To%m% NutriingzzguntrinCal AMERICA'S FAVORITE CHEESE 21/2g.""LittleOnes"" 6 8/ % (0% %0 VS IISN arnish a salad or have a healthy snack arnish a salad or have a healthy snack Ones"" FREE RBST （6972208 2 WYEN PEARLS PEARLS 'EARLS PEARLS PEARLS 1TIUIOS 'EARLS T VORITE C,HEESE MERICA'S FAVORITE CHEESE MERICA'S FAVORITE CHEESE FAVORITE FRESH MOZZARELLA FRESH MOZZARELLA FRESH MOZZARELLA FRESH MOZZARELLA FRESH MOZZARELLA FRESH MOZZARELLA BEL.GIOIOSO BEI.GIOIOSO BEL.GIOIOSO BELGIOIOSO BEL.GIOIOSO BEI.GIOIOSO | %F%% Potas | REFRIGERATED REFRIGERATED EFRIGERATED GERATED Mein%%Calium%.on%olas.% CTAFTEDIWICONSIN FROM PASTEURIZED MILK, VINEGAR, ENZYMES, SALT. Noigicencsbeom  c tdiciloes. REFRIGERATED HEEP KEEP KEEP KEEP KEEP 5m FREE FREE FREE RBST RBST' RBST C.HEESE 21/2g."" | 19:18NDL4C NERN 131142""00480 Best By STVH BestByFEB/21/21 BestByFEBi21/21 BestBy FEB/21/21 9 FEB/21/21 85mg KEEP 19:18 FREE 19:18NDL4C RBST 19:18NDL4C 19:18NDL4C | 80z225g) VTTANVZZENHLEAH SSOIOSTㅋO Best ByFEB/21/21 REFRIGERATED 19:18NDL 31142""00480 Garnish a salad or have a healthy snack ""Little Ones"" PEARLS AMERICA'S FAVORITE CHEESE FRESH MOZZARELLA BEI.GIOIOSO | REFRIGERATED KEEP FREE RBST | BestByFEBi21i21 19:18NDL4C","[[""FRESH MOZZARELLA"", 357, 414, 630], [""PEARLS"", 347, 328, 547], [""BEI.GIOIOSO"", 356, 239, 679], [""REFRIGERATED"", 520, 103, 313], [""KEEP"", 520, 43, 341], [""BestByFEBi21/21"", 604, 27, 330], [""19:18NDL4C"", 608, 31, 538], [""OVL"", 159, 26, 485], [""MERICA'S FAVORITE CHEESE"", 362, 391, 607], [""(10%DV,"", 239, 50, 462], [""arnish a salad or have a healthy snack"", 347, 281, 508], [""PAS"", 314, 23, 443], [""(0%"", 442, 22, 454], [""Potas"", 485, 26, 450], [""FREE"", 556, 49, 553], [""RBST"", 556, 46, 566], [""%"", 338, 413, 436], [""VS"", 346, 446, 467], [""FRESH MOZZARELLA"", 358, 421, 629], [""PEARLS"", 348, 335, 544], [""arnish a salad or have a healthy snack"", 346, 282, 507], [""BEL.GIOIOSO"", 356, 239, 678], [""99"", 307, 24, 545], [""Ones\"""", 420, 69, 542], [""6"", 428, 11, 350], [""REFRIGERATED"", 516, 106, 308], [""KEEP"", 520, 36, 340], [""FREE"", 554, 52, 550], [""RBST'"", 556, 52, 566], [""Best By"", 602, 28, 327], [""FEB/21/21"", 604, 27, 411], [""19:18NDL4C"", 608, 31, 537], [""BestBy FEB/21/21"", 424, 196, 102], [""（6972208"", 346, 38, 527], [""WYEN"", 370, 25, 562], [""19:18NDL4C"", 604, 140, 97], [""STVH"", 592, 69, 216], [""VTTANVZZENHLEAH"", 667, 61, 156], [""SSOIOSTㅋO"", 707, 46, 244], [""BEI.GIOIOSO"", 252, 45, 242], [""FRESH MOZZARELLA"", 293, 61, 154], [""1TIUIOS"", 358, 143, 593], [""AMERICA'S FAVORITE CHEESE"", 326, 50, 151], [""PEARLS"", 368, 68, 191], [""GLUTEN"", 364, 31, 124], [""FREE"", 380, 26, 126], [""RBST"", 385, 20, 533], [""21/2g.\""LittleOnes\"""", 405, 40, 243], [""FREE"", 400, 23, 529], [""arnish a salad or have a healthy snack"", 431, 38, 207], [""NutriingzzguntrinCal"", 452, 53, 123], [""To%m%"", 467, 48, 125], [""%F%%"", 482, 48, 127], [""Mein%%Calium%.on%olas.%"", 497, 48, 136], [""CTAFTEDIWICONSIN FROM PASTEURIZED MILK, VINEGAR, ENZYMES, SALT."", 516, 44, 141], [""Noigicencsbeom  c tdiciloes."", 530, 41, 154], [""NERN"", 592, 27, 112], [""131142\""00480"", 596, 32, 252], [""80z225g)"", 615, 40, 93], [""9"", 604, 11, 425], [""KEEP"", 610, 25, 500], [""REFRIGERATED"", 633, 32, 465], [""B2ESZRAIL"", 117, 28, 436], [""VTTAAVZZONHLEAH"", 361, 414, 257], [""8/"", 432, 91, 383], [""%0"", 456, 65, 470], [""IISN"", 465, 20, 506], [""FRESH MOZZARELLA"", 356, 415, 628], [""MERICA'S"", 238, 135, 626], [""PEARLS"", 358, 295, 553], [""BEL.GIOIOSO"", 357, 238, 682], [""VORITE C,HEESE"", 444, 219, 613], [""EFRIGERATED"", 522, 91, 314], [""KEEP"", 520, 29, 342], [""FREE"", 556, 51, 551], [""RBST"", 556, 45, 568], [""5m"", 550, 12, 478], [""BestByFEB/21/21"", 603, 28, 329], [""19:18"", 606, 13, 544], [""FRESH MOZZARELLA"", 375, 432, 665], [""RIC"", 246, 55, 664], [""'EARLS"", 383, 302, 579], [""BEI.GIOIOSO"", 372, 252, 718], [""A'S"", 289, 50, 660], [""FAVORITE"", 395, 154, 650], [""2"", 460, 8, 575], [""C.HEESE"", 520, 123, 648], [""REFRIGERATED"", 544, 110, 328], [""KEEP"", 549, 54, 357], [""85mg"", 575, 32, 497], [""FREE"", 583, 52, 579], [""RBST"", 581, 40, 596], [""Best ByFEB/21/21"", 633, 28, 344], [""19:18NDL"", 636, 23, 565], [""FREE"", 292, 70, 1138], [""GLUTEN"", 300, 95, 1165], [""AMERICA'S FAVORITE CHEESE"", 710, 812, 1214], [""FRESH MOZZARELLA"", 718, 829, 1270], [""PEARLS"", 691, 656, 1101], [""Garnish a salad or have a healthy snack"", 692, 542, 1022], [""21/2g.\"""", 578, 183, 1080], [""BEI.GIOIOSO"", 716, 470, 1365], [""31142\""00480"", 672, 257, 700], [""\""Little Ones\"""", 774, 283, 1077], [""REFRIGERATED"", 1033, 206, 628], [""KEEP"", 1035, 88, 678], [""FREE"", 1110, 93, 1102], [""RBST"", 1114, 90, 1137], [""BestByFEBi21i21"", 1206, 44, 661], [""19:18NDL4C"", 1216, 48, 1080], [""BELGIOIOSO"", 359, 238, 681], [""T"", 420, 59, 621], [""FRESH MOZZARELLA"", 356, 410, 635], [""'EARLS"", 362, 295, 549], [""MERICA'S FAVORITE CHEESE"", 361, 396, 607], [""BEL.GIOIOSO"", 357, 240, 680], [""GERATED"", 538, 65, 314], [""HEEP"", 520, 31, 342], [""BestBy FEB/21/21"", 602, 27, 329], [""19:18NDL4C"", 608, 31, 533], [""FRESH MOZZARELLA"", 358, 413, 634], [""PEARLS"", 352, 306, 552]]"
001017,NONE,NONE,NONE,NONE,fail,"BEi.GIOIOSO FRESH MOZZARELLA FRESH FRESH | AMERICA'S FAVORITEC CHEESE | Best ByFEB/21/21 19:18NDL4C FREE DLUTEN OSOOISㅋE PEARLS FM.Poielnpto DV. v. D(os Ov.Calcum CaN DV,Hon (o DV, Poan o.DV GTAFTECHIW.CONSIN FROM PASTEURIZED MILK, VINEGAR, ENZYMES, SALT. Rarmish a salad or huve a healthy snack  avL.Total Car. wto fon Dv. Pter Oo (on DV.Toa Sucars Og thd cg Aded Buam. oN TtalFtg%.asF.t1mg. youus ay D aa o pe D sm STIVHO ARLS ARLS PEARLS PEARLS 'EARLS FARTS RIT RITE ORITE CHEESE ORITE CHEESE MOZZARELLA MOZZARELLA FRESH MOZZARELLA FRESH MOZZARELLA FRESH MOZZARELLA GIOIOSO GIOIOSO BEIGIOIOSO BEI.GIOIOSO BEI.GIOIOSO RBST FREE Nosignfr GTAFTEDNIW (4%DVs Total Car Total F Nutritior:Faots Sor REE STE MERIC | NER 80吃25g) 0 ATSITTZZEMHL EIH <10) | OSOIOID크E LESE HEESE ED | FREE RRST RBST Fat A'S | BestByFEB/21/21 BestByFEB/21/21 Best ByFEB/21/21 BestByFEB/21/21 Best By FEB/21/21 19:10NDL4C 119:18NDL4C 19:18NDL4C 19:18NDL4C 19:18NDL4C ish a salad or FRESH MOZZARELLA BEI.GIOIOSO | Og (inc Amnunt por (28g) lsave a healthy snack ittle Ones EARLS FAVORITE CHEESE | ENZY IES, SALT Potan (oy,DV) w0 A.O9 Added Bur 15mg(5%ov.Sodou85mg Calorks 70, | ATS,0% FREE RBST | BestByFEB/21/21 119:18NDL4C","[[""FRESH MOZZARELLA"", 301, 368, 395], [""'EARLS"", 313, 254, 340], [""BEI.GIOIOSO"", 292, 203, 434], [""RRST"", 483, 44, 362], [""119:18NDL4C"", 526, 30, 344], [""BestByFEB/21/21"", 539, 38, 219], [""HEESE"", 436, 82, 401], [""FRESH MOZZARELLA"", 300, 372, 393], [""PEARLS"", 300, 292, 332], [""BEIGIOIOSO"", 294, 214, 429], [""RITE"", 346, 58, 400], [""FREE"", 484, 43, 362], [""RBST"", 482, 43, 371], [""19:18NDL4C"", 525, 32, 353], [""Best ByFEB/21/21"", 539, 42, 216], [""Best ByFEB/21/21"", 286, 140, 80], [""youus ay D aa o pe D sm"", 332, 30, 215], [""19:18NDL4C"", 405, 95, 102], [""STIVHO"", 374, 55, 206], [""ATSITTZZEMHL EIH"", 426, 53, 161], [""OSOIOID크E"", 451, 34, 242], [""BEi.GIOIOSO"", 188, 35, 193], [""FRESH MOZZARELLA"", 214, 55, 119], [""CHEESE"", 230, 25, 374], [""AMERICA'S FAVORITEC"", 240, 29, 124], [""PEARLS"", 266, 51, 153], [""RBST"", 258, 18, 461], [""FREE"", 269, 19, 461], [""DLUTEN"", 280, 27, 102], [""FREE"", 291, 23, 105], [""Rarmish a salad or huve a healthy snack"", 308, 31, 180], [""TtalFtg%.asF.t1mg."", 332, 39, 111], ["" avL.Total Car. wto fon Dv. Pter Oo (on DV.Toa Sucars Og thd cg Aded Buam. oN"", 342, 40, 114], [""FM.Poielnpto DV. v. D(os Ov.Calcum CaN DV,Hon (o DV, Poan o.DV"", 352, 37, 123], [""GTAFTECHIW.CONSIN FROM PASTEURIZED MILK, VINEGAR, ENZYMES, SALT."", 365, 38, 129], [""NER"", 434, 17, 117], [""0"", 426, 8, 228], [""ED"", 424, 13, 499], [""80吃25g)"", 445, 30, 101], [""OSOOISㅋE"", 344, 206, 172], [""FRESH"", 173, 109, 398], [""MOZZARELLA"", 353, 256, 403], [""GIOIOSO"", 324, 131, 440], [""ARLS"", 351, 173, 345], [""ORITE CHEESE"", 386, 185, 392], [""19:18NDL4C"", 525, 30, 357], [""BestByFEB/21/21"", 540, 41, 219], [""FRESH"", 173, 109, 398], [""MOZZARELLA"", 353, 256, 403], [""GIOIOSO"", 324, 131, 440], [""ARLS"", 351, 173, 345], [""ORITE CHEESE"", 386, 185, 392], [""19:18NDL4C"", 525, 30, 357], [""BestByFEB/21/21"", 540, 41, 219], [""Total F"", 263, 68, 583], [""Nutritior:Faots Sor"", 340, 229, 603], [""(4%DVs"", 268, 65, 563], [""REE"", 250, 37, 690], [""STE"", 250, 40, 708], [""FRESH MOZZARELLA"", 601, 734, 796], [""GTAFTEDNIW"", 334, 135, 517], [""MERIC"", 353, 158, 777], [""Nosignfr"", 340, 91, 503], [""Total Car"", 346, 96, 572], [""<10)"", 408, 34, 558], [""BEI.GIOIOSO"", 588, 409, 870], [""EARLS"", 641, 468, 686], [""ish a salad or"", 516, 169, 644], [""A'S"", 462, 77, 785], [""Fat"", 451, 30, 604], [""FAVORITE CHEESE"", 730, 443, 781], [""lsave a healthy snack"", 720, 252, 652], [""ittle"", 638, 83, 685], [""(28g)"", 698, 56, 633], [""Ones"", 724, 95, 693], [""Amnunt por"", 775, 88, 637], [""Og (inc"", 790, 53, 597], [""15mg(5%ov.Sodou85mg"", 878, 235, 616], [""w0"", 820, 33, 583], [""ENZY"", 840, 48, 558], [""A.O9 Added Bur"", 870, 117, 594], [""Potan (oy,DV)"", 901, 122, 578], [""IES, SALT"", 914, 85, 554], [""Calorks 70,"", 935, 140, 634], [""ATS,0%"", 958, 69, 601], [""FREE"", 966, 86, 724], [""RBST"", 966, 84, 747], [""119:18NDL4C"", 1050, 51, 687], [""BestByFEB/21/21"", 1078, 75, 440], [""FARTS"", 320, 262, 349], [""BEI.GIOIOSO"", 292, 205, 433], [""RIT"", 338, 45, 397], [""LESE"", 440, 67, 403], [""Best By FEB/21/21 19:10NDL4C"", 533, 52, 218], [""FRESH MOZZARELLA"", 300, 369, 391], [""PEARLS"", 304, 279, 341]]"
001018,2021,05,15,2021-05-15,clahe,2021.05.15 | 1619 F1,"[[""2021.05.15"", 432, 28, 274], [""1619 F1"", 452, 22, 289]]"
001019,NONE,NONE,NONE,NONE,fail,18,"[[""18"", 296, 43, 276]]"
001021,2021,06,28,2021-06-28,s2,2021.06.28.# | 10:33 | 100.元！ | 건국 | 여으 Sweetened Condensed | LTT mue | KU HONUKEUNIR 건국유업 | 500g | 경4 | 업게,"[[""100.元！"", 258, 58, 160], [""건국"", 304, 73, 238], [""여으"", 358, 101, 124], [""LTT"", 410, 79, 183], [""KU"", 458, 23, 184], [""건국유업"", 460, 32, 278], [""500g"", 486, 25, 216], [""2021.06.28.#"", 129, 22, 172], [""10:33"", 148, 17, 207], [""Sweetened"", 360, 24, 311], [""Condensed"", 374, 25, 315], [""mue"", 390, 18, 323], [""HONUKEUNIR"", 466, 9, 225], [""경4"", 612, 22, 308], [""업게"", 677, 18, 152]]"
001022,2021,06,NONE,2021-06-NONE,det5,2021.06 | 100.元！ | 건국 | 연 O | [KU 건국유업 | 500 | 위로 향하게 해서 | 분히,"[[""2021.06"", 127, 49, 233], [""100.元！"", 248, 53, 193], [""건국"", 306, 86, 291], [""연"", 332, 103, 130], [""O"", 344, 57, 267], [""[KU"", 430, 49, 183], [""건국유업"", 450, 39, 301], [""500"", 464, 46, 217], [""위로 향하게"", 605, 40, 157], [""분히"", 621, 23, 193], [""해서"", 611, 19, 261]]"
001023,2021,07,13,2021-07-13,s2,CAMBO0OLA | Imported | Use by: | Best before:13.07.2021,"[[""CAMBO0OLA"", 244, 153, 596], [""Imported"", 368, 29, 438], [""Use by:"", 423, 16, 482], [""Best before:13.07.2021"", 455, 28, 293]]"
001030,2022,10,01,2022-10-01,erode3,"HERSHEYS KIttTens 9808KA1 10 2022 | HERSHEYS ""PERFECTLY CHOCOLATE | CHOCOLATE CAKE | 2 tsp. vanlle eoxtract | 1a4cupitlpurpeae four 20ggs 1eup boTng water | 34eupHERSHEYS Cocoa 1cup mik ""PERFECTLY CHOCOLATE"" | Hatip. baing ponder 12 cup vegetable oil CHOCOLATE FROSTING (bedipefolkd) | M2tp.budng seda | ee aor.Gnedfeur to 9-nh roundbgpmOComnedyedhgtad | .Cad.FotPEChLYCHOCOLAT CHOCOLATEROSTING.2sN | REHEYS FEIFECTLY CHOCOLATE CHOCOLATE FROSTING 1tsp. vunila eatraci | 23epHERS 12ee gcd buter or mergarine BAEYS Cecal iacupnk Baups powdared suger | Mesnr.Sir in cucsa. Abermate) rand mlk, beuting to sp | ssrinw a.About 2cups frosting | FETEHGT COCOA TOPOFSTOVE6 SERMINGS: | MepHSHErSCm 4apamk W3 cup hat water | 34tp. wnil eatract | ad uhpsrh.ocoat | FORADDIONALRECIPEIDEAS,MSI: wW.henhe gkitchens.com | TETOONE OARIFOON OANE ND | UG | aROL | MORENG EDIAPOCI6","[[""HERSHEYS \""PERFECTLY CHOCOLATE"", 350, 21, 0], [""CHOCOLATE CAKE"", 366, 17, 2], [""1a4cupitlpurpeae four"", 397, 27, 25], [""2 tsp. vanlle eoxtract"", 386, 20, 366], [""20ggs"", 400, 27, 195], [""34eupHERSHEYS Cocoa"", 412, 25, 26], [""1eup boTng water"", 402, 19, 364], [""Hatip. baing ponder"", 428, 29, 26], [""1cup mik"", 415, 20, 197], [""12 cup vegetable oil"", 430, 26, 195], [""\""PERFECTLY CHOCOLATE\"""", 417, 24, 357], [""M2tp.budng seda"", 442, 27, 28], [""CHOCOLATE FROSTING (bedipefolkd)"", 432, 21, 364], [""12ee gcd buter or mergarine"", 556, 33, 36], [""23epHERS"", 565, 22, 37], [""BAEYS Cecal"", 569, 24, 102], [""Baups powdared suger"", 561, 26, 252], [""1tsp. vunila eatraci"", 556, 22, 447], [""Mesnr.Sir in cucsa. Abermate)"", 586, 30, 19], [""iacupnk"", 574, 23, 255], [""rand mlk, beuting to sp"", 593, 19, 303], [""ssrinw"", 607, 18, 218], [""a.About 2cups frosting"", 608, 15, 296], [""MepHSHErSCm"", 666, 33, 46], [""W3 cup hat water"", 661, 28, 198], [""4apamk"", 675, 22, 200], [""34tp. wnil eatract"", 690, 31, 198], [""gkitchens.com"", 776, 19, 401], [""TETOONE"", 818, 25, 88], [""OARIFOON"", 823, 18, 255], [""OANE"", 817, 22, 459], [""UG"", 834, 20, 259], [""ND"", 826, 26, 461], [""aROL"", 844, 19, 259], [""EDIAPOCI6"", 872, 17, 290], [""MORENG"", 877, 20, 177], [""HERSHEYS KIttTens"", 308, 39, 4], [""9808KA1"", 300, 29, 370], [""10 2022"", 322, 31, 373], [""ee aor.Gnedfeur to 9-nh roundbgpmOComnedyedhgtad"", 464, 29, 14], ["".Cad.FotPEChLYCHOCOLAT CHOCOLATEROSTING.2sN"", 510, 38, 6], [""REHEYS FEIFECTLY CHOCOLATE CHOCOLATE FROSTING"", 539, 42, 9], [""FETEHGT COCOA TOPOFSTOVE6 SERMINGS:"", 639, 50, 18], [""ad uhpsrh.ocoat"", 716, 48, 62], [""FORADDIONALRECIPEIDEAS,MSI: wW.henhe"", 773, 50, 89]]"
001031,2022,10,01,2022-10-01,det5,"AERSHEYS Kitchens 98DEKA1 10-2022 | HOCOLATE CAKE ERSHEYS-PERFECTLY CHOCOLATE | 2 cups sugar 1 tsp. salt 2 tsp. vanilla extract | 13/4cups all-purposeflour 3/4CUp HERSHEYS Cocoa 2eggs 1cup mik Icup boiing water -PERFECTLY CHOCOLATE"" | H12up bulingpowder 1/2cup vegetable oil CHOCOLATE FROSTING (recipe folow) | L02up.bokongsoda toGee andourtw-inchround aking pnsCombedgrediensinrgebo | t0 | etely. FrOnt With -PERFECTLY CHOCOLATE CHOCOLATE FROSTING. 12 sening | 2 cugoco butter or margarine MSHEYS-PERFECTLY CHOCOLATE CHOCOLATE FROSTING 3 cups powdered sugar 1 tsp, vanilla extrac! | 2/OUp HERSHEYS COcOR 1/3 cup mik | FAVOHTE HOT COCOA TOP OF STOVE 6 SERMINGS: | t/3 cup hot water | Dash d  4 cups mik 3/4 tsp. varulte eatract | OTUOONS + GIORTERANG OTAREOON = | OR OR | SEKAR IEASPOOR MCND CHOCOLARE","[[""AERSHEYS Kitchens"", 227, 30, 0], [""98DEKA1"", 216, 24, 318], [""10-2022"", 232, 26, 322], [""ERSHEYS-PERFECTLY CHOCOLATE"", 253, 27, 0], [""HOCOLATE CAKE"", 264, 19, 0], [""2 cups sugar"", 276, 14, 15], [""1 tsp. salt"", 274, 23, 165], [""2eggs"", 286, 22, 167], [""2 tsp. vanilla extract"", 274, 20, 317], [""13/4cups all-purposeflour"", 284, 17, 17], [""3/4CUp HERSHEYS Cocoa"", 296, 20, 17], [""1cup mik"", 296, 21, 169], [""-PERFECTLY CHOCOLATE\"""", 294, 25, 311], [""Icup boiing water"", 286, 20, 316], [""H12up bulingpowder"", 306, 20, 19], [""L02up.bokongsoda"", 316, 21, 19], [""1/2cup vegetable oil"", 306, 24, 169], [""CHOCOLATE FROSTING (recipe folow)"", 306, 22, 317], [""toGee andourtw-inchround aking pnsCombedgrediensinrgebo"", 326, 31, 0], [""t0"", 344, 13, 495], [""etely. FrOnt With -PERFECTLY CHOCOLATE CHOCOLATE FROSTING. 12 sening"", 360, 24, 82], [""MSHEYS-PERFECTLY CHOCOLATE CHOCOLATE FROSTING"", 378, 26, 7], [""2/OUp HERSHEYS COcOR"", 399, 25, 29], [""2 cugoco butter or margarine"", 391, 25, 31], [""3 cups powdered sugar"", 392, 18, 224], [""1 tsp, vanilla extrac!"", 386, 23, 395], [""1/3 cup mik"", 402, 19, 226], [""FAVOHTE HOT COCOA TOP OF STOVE 6 SERMINGS:"", 445, 35, 19], [""t/3 cup hot water"", 460, 21, 180], [""Dash d "", 471, 20, 45], [""4 cups mik"", 470, 20, 183], [""3/4 tsp. varulte eatract"", 478, 17, 184], [""OTUOONS"", 565, 24, 85], [""+"", 572, 15, 170], [""OTAREOON"", 568, 20, 235], [""GIORTERANG"", 576, 17, 241], [""OR OR"", 584, 14, 243], [""="", 576, 15, 333], [""IEASPOOR"", 600, 15, 260], [""SEKAR"", 609, 12, 275], [""MCND CHOCOLARE"", 606, 30, 421]]"
001038,2021,12,28,2021-12-28,s2,EXP:2021.12.28DDFLTF29,"[[""EXP:2021.12.28DDFLTF29"", 637, 26, 196]]"
001039,2021,12,28,2021-12-28,s2,EXP:2021.12.28DDFLTF29,"[[""EXP:2021.12.28DDFLTF29"", 438, 65, 152]]"
001070,NONE,NONE,NONE,NONE,fail,"피너 | 영진 3 | 2+1 150g 3 | X/8 /    F 6OGL | 승군 정거거 F | 2+1 통곡물과 국내산오곡으로든든하게! |떠 든든한끼 불가리스 금글 떠먹는 깨네온플를 폴이눈처내논 교름눈을 01.24 A J능군정1거거 + + | 남양 nbe 바나나 & 곤약 01.24 A 01.2 A 01.24 A 01.24 A 01.24A D1.24 A kn 떠글글 -   | PREMIUM PRE MIU M PREMEUM | 떠먹는 피먹는 떠먹는 떠먹는 PREMIUM 1+3 | 불가리스 불가리스 불가리스 불가리스 떠먹는 | 불가리스 | 든든한끼 든든한끼 든든한끼 든든한끼 든든한끼 든든한끼 +Z | 통곡물과 국내산 오곡으로 든든하게! 동루물과 국베산으루으로 토토허끼 통곡물과 국내산 오곡으로 든든하게! 통곡물과 국내산 오곡으로 든든하게! (이지 | 칼로리는 낮지만 포만감 가득한 곤약과 바나나로 가법게! 칼로리는 낮지만 포안감 가득한 곤익과 바나나로 가법게! 칼로리는 낮지만 포인감 가록한 곤약과 바나나로 가법게! | 바    바니나약 를 귀리 내산오 통곡물과 국내산 오곡으로 든든하게! 바니 바나나& 곤약 바나나 & 곤약 바나나 & 곤약 | 150g 150g 150g 150g 칼로리는 낮지만 포만감 가득한 곤약과 바나나로 가법게! 37%0.1%用%1 | Enioy thre Qualt, 바나나 콘약모통곡를귀리콘내상오공 바나나& 곤약 | 150g 남양 848 01.24 A | PREMIUM | 떠먹는 | 불가리스 | 든든한끼 | 통곡물과 국내산 오곡으로 든든하게! | 칼로리는 낮지만 포만감 가득한 곤약과 바나나로 가법게! | √ 바나나√ 곤약√ 롱곡를 귀리 2국냉산 온곡 | 바나나 & 곤약 | 150g 3.74%0.15%102/g/800","[[""피너"", 49, 27, 0], [""영진"", 68, 29, 2], [""01.24 A"", 426, 33, 300], [""떠먹는"", 492, 24, 302], [""불가리스"", 514, 31, 288], [""든든한끼"", 616, 134, 132], [""통곡물과 국내산 오곡으로 든든하게!"", 750, 35, 95], [""바니나약 를 귀리 내산오"", 785, 28, 97], [""칼로리는 낮지만 포안감 가득한 곤익과 바나나로 가법게!"", 772, 29, 98], [""바나나& 곤약"", 794, 27, 379], [""150g"", 810, 20, 77], [""PRE MIU M"", 478, 13, 303], [""F"", 142, 54, 585], [""F"", 169, 77, 451], [""남양"", 433, 32, 44], [""01.24 A"", 426, 35, 297], [""PREMIUM"", 476, 19, 300], [""떠먹는"", 492, 25, 301], [""불가리스"", 514, 31, 286], [""든든한끼"", 617, 160, 119], [""통곡물과 국내산 오곡으로 든든하게!"", 750, 37, 92], [""칼로리는 낮지만 포만감 가득한 곤약과 바나나로 가법게!"", 771, 24, 98], [""바나나 & 곤약"", 794, 30, 378], [""150g"", 810, 20, 76], [""37%0.1%用%1"", 820, 25, 131], [""150g"", 110, 59, 141], [""통곡물과 국내산오곡으로든든하게!"", 214, 253, 189], [""든든한끼"", 327, 408, 274], [""불가리스"", 327, 82, 432], [""떠먹는"", 328, 55, 456], [""01.24 A"", 350, 101, 517], [""바나나 & 곤약"", 442, 127, 154], [""1+3"", 494, 90, 744], [""+Z"", 616, 71, 783], [""2+1"", 103, 82, 95], [""떠글글"", 398, 393, 547], [""2+1"", 227, 102, 117], [""J능군정1거거"", 274, 132, 780], [""-  "", 456, 220, 807], [""X/8 /"", 150, 27, 181], [""  "", 140, 29, 346], [""6OGL"", 152, 21, 585], [""승군 정거거"", 166, 27, 212], [""깨네온플를 폴이눈처내논 교름눈을"", 210, 33, 383], [""|떠"", 338, 112, 204], [""금글"", 346, 127, 340], [""kn"", 469, 29, 365], [""848"", 862, 57, 232], [""3"", 98, 33, 432], [""01.24A"", 428, 33, 301], [""떠먹는"", 492, 24, 303], [""PREMEUM"", 478, 13, 304], [""불가리스"", 515, 34, 285], [""든든한끼"", 617, 138, 130], [""통곡물과 국내산 오곡으로 든든하게!"", 748, 37, 95], [""바   "", 785, 30, 97], [""칼로리는 낮지만 포인감 가록한 곤약과 바나나로 가법게!"", 772, 29, 99], [""바나나 & 곤약"", 795, 26, 378], [""150g"", 810, 17, 78], [""3"", 74, 15, 592], [""D1.24 A"", 448, 32, 315], [""떠먹는"", 517, 26, 318], [""PREMIUM"", 502, 13, 319], [""불가리스"", 540, 34, 301], [""든든한끼"", 647, 144, 136], [""(이지"", 746, 15, 567], [""통곡물과 국내산 오곡으로 든든하게!"", 786, 33, 99], [""칼로리는 낮지만 포만감 가득한 곤약과 바나나로 가법게!"", 810, 28, 104], [""바나나 콘약모통곡를귀리콘내상오공"", 825, 30, 103], [""바나나& 곤약"", 834, 29, 396], [""150g"", 851, 16, 82], [""+"", 287, 121, 1177], [""+"", 355, 58, 951], [""nbe"", 371, 36, 102], [""Enioy thre Qualt,"", 832, 17, 90], [""01.24 A"", 852, 53, 603], [""남양"", 866, 48, 92], [""PREMIUM"", 954, 23, 604], [""떠먹는"", 984, 49, 607], [""불가리스"", 1028, 48, 579], [""든든한끼"", 1232, 342, 226], [""통곡물과 국내산 오곡으로 든든하게!"", 1500, 59, 192], [""칼로리는 낮지만 포만감 가득한 곤약과 바나나로 가법게!"", 1542, 43, 201], [""2국냉산 온곡"", 1562, 25, 537], [""√ 바나나√ 곤약√ 롱곡를 귀리"", 1572, 39, 203], [""바나나 & 곤약"", 1589, 44, 767], [""150g"", 1620, 34, 154], [""3.74%0.15%102/g/800"", 1633, 68, 227], [""01.2 A"", 427, 36, 299], [""든든한끼"", 617, 142, 129], [""01.24 A"", 427, 34, 300], [""피먹는"", 492, 24, 302], [""불가리스"", 514, 31, 288], [""동루물과 국베산으루으로 토토허끼"", 749, 36, 95], [""바니"", 798, 13, 383], [""150g"", 810, 20, 78], [""든든한끼"", 616, 134, 132]]"
001071,NONE,NONE,NONE,NONE,fail,1508 | 2+ 동곡물과 국내산 오르으로 토든하게! | |떠를 I 01.24 H 01.24 H 01.24 H 01.24 A 01.24 A 글글 HA | 양 든든한끼 불가리스 떠먹는 떠먹는 떠먹는 떠어는 불가리스 불가리스 불가리스 불가리스 불가리 oln. 떠어는 loln 01.24 I떠글글 | 든든 든든 든든한끼 든든한끼 든든한끼 든든한끼 .10 한끼 한끼 | 동록물과 국내션 오르으로 토든하! U    동력물라 국내신 오력으도 토도채개! 동력물라 국내신 오력으도 토도채개! 동곡물과 국내산 오르으로 토든하밍! | U U [nabe [nabe   바나나스공약 | 1509 1509 | 01.24 | 떠먹는 | 불가리스 | 든든 한끼 | 동곡물과 국내산 오르으로 프든차게방! | U | 150,"[[""01.24 H"", 270, 29, 279], [""불가리스"", 330, 29, 276], [""한끼"", 392, 77, 336], [""든든"", 410, 105, 150], [""동곡물과 국내산 오르으로 토든하밍!"", 500, 55, 126], [""떠먹는"", 315, 22, 286], [""바나나스공약"", 502, 36, 379], [""01.24 A"", 270, 29, 278], [""양"", 307, 14, 77], [""떠어는"", 314, 26, 285], [""불가리스"", 330, 33, 273], [""든든한끼"", 399, 148, 138], [""동록물과 국내션 오르으로 토든하!"", 498, 57, 125], ["" "", 518, 21, 230], [""1508"", 146, 54, 76], [""동곡물과 국내산 오르으로 토든하게!"", 234, 215, 113], [""든든한끼"", 322, 350, 179], [""불가리"", 304, 62, 294], [""떠어는"", 310, 46, 317], [""01.24"", 317, 78, 356], [""I떠글글"", 320, 348, 346], [""2+"", 214, 77, 54], [""HA"", 240, 25, 502], [""I"", 284, 13, 263], [""oln."", 330, 49, 302], [""글글"", 233, 104, 294], [""|떠를"", 250, 84, 154], [""loln"", 325, 22, 306], ["".10"", 370, 25, 295], [""01.24 H"", 271, 28, 279], [""떠먹는"", 315, 21, 287], [""불가리스"", 330, 25, 278], [""든든한끼"", 403, 124, 146], [""동력물라 국내신 오력으도 토도채개!"", 501, 54, 126], [""U"", 529, 16, 135], [""[nabe"", 530, 16, 184], [""1509"", 554, 17, 120], [""01.24 H"", 271, 28, 279], [""떠먹는"", 315, 21, 287], [""불가리스"", 330, 25, 278], [""든든한끼"", 403, 124, 146], [""동력물라 국내신 오력으도 토도채개!"", 501, 54, 126], [""U"", 529, 16, 135], [""[nabe"", 530, 16, 184], [""1509"", 554, 17, 120], [""01.24"", 542, 45, 560], [""떠먹는"", 630, 39, 576], [""불가리스"", 661, 54, 554], [""한끼"", 784, 157, 654], [""든든"", 815, 230, 285], [""동곡물과 국내산 오르으로 프든차게방!"", 1000, 107, 256], [""U"", 1030, 92, 268], [""150"", 1109, 38, 235], [""U   "", 500, 54, 128], [""든든한끼"", 404, 126, 145], [""01.24 A"", 271, 28, 279], [""불가리스"", 330, 30, 277], [""한끼"", 391, 80, 334], [""든든"", 411, 106, 149]]"
001072,2023,09,18,2023-09-18,det5,CUT HDVIS 융를%이(름기룸림 thrulu | 이틀 | L38MM1 2023/09/18 0E:80 5-6인분,"[[""융를%이(름기룸림"", 302, 297, 592], [""thrulu"", 289, 166, 640], [""HDVIS"", 398, 232, 68], [""CUT"", 402, 87, 44], [""이틀"", 448, 41, 918], [""2023/09/18"", 478, 23, 376], [""0E:80"", 490, 45, 491], [""L38MM1"", 497, 30, 373], [""5-6인분"", 492, 35, 872]]"
001075,2021,09,30,2021-09-30,s2,BBEMEEME사:LUNOTSSRNGU (SOHEZ)AG 원 | - | 22 | 임정보 148875g4704c 영양정보 | 5480938含聘34791138聘329323 509040242 | 订35365805 | 00 | E | 14 | 우유. | 경영정보  489 37 5 g 240 kcal 영양정보 | LR | HICHLY MELTARLI KIEF COOL | QUALITYGUARANTE | SWIESMADE | MANMTACTUUPINNWIEIELAND OY | LNDTA | UNDTAVRAINA | 30/09/2021 L4620,"[[""BBEMEEME사:LUNOTSSRNGU (SOHEZ)AG 원"", 44, 14, 101], [""-"", 102, 12, 424], [""22"", 122, 20, 105], [""임정보"", 152, 13, 118], [""148875g4704c"", 152, 19, 207], [""영양정보"", 152, 18, 293], [""5480938含聘34791138聘329323"", 166, 15, 117], [""509040242"", 164, 15, 295], [""订35365805"", 178, 19, 164], [""00"", 208, 11, 122], [""E"", 234, 20, 145], [""14"", 246, 11, 191], [""우유."", 268, 9, 295], [""경영정보"", 283, 20, 120], ["" 489 37 5 g 240 kcal"", 281, 16, 205], [""영양정보"", 281, 16, 292], [""LR"", 316, 16, 294], [""HICHLY MELTARLI"", 361, 16, 134], [""KIEF COOL"", 358, 12, 279], [""QUALITYGUARANTE"", 372, 19, 156], [""SWIESMADE"", 394, 17, 189], [""MANMTACTUUPINNWIEIELAND OY"", 404, 18, 137], [""LNDTA"", 412, 11, 150], [""UNDTAVRAINA"", 430, 17, 179], [""30/09/2021"", 472, 23, 162], [""L4620"", 467, 24, 316]]"
001078,2023,09,24,2023-09-24,det5,미국 SELL BY 2023 09 24 CRLRU | RNATIONA,"[[""SELL BY 2023 09 24 CRLRU"", 498, 50, 197], [""미국"", 570, 33, 56], [""RNATIONA"", 782, 37, 0]]"
001079,2023,09,24,2023-09-24,det5,산지:미국 | 46ml SELL BY 2023 09 24 GRURU,"[[""SELL BY 2023 09 24 GRURU"", 317, 50, 191], [""산지:미국"", 355, 39, 2], [""46ml"", 375, 19, 47]]"
001086,2023,10,09,2023-10-09,s2,초이스 HACCP | 오리지빌 | 피업소명 및 소재지:롯데네슬레코리아 주식회사 | 기한:아래에 표시원 일자까지 원재료명 및 | ：100%：） | 8号早量：1981041500250：咨星在号 | 위행 개형 후에는 건조학공 성능원 곳에 박들 | 시일를 보관하이 거피의 및관 함을 김식하서 | 요·집소축전· 제품은 공전기래위원의고 | 신 소비자 분생 해길 기준에 이건 교환 또 | 보 | 6336 | 3eo -Tastors Choice is areg stored | nark Used under license. Distrbuted | TTE-Nestle(Koroa) Co Ltd. | 유리 | :PP | 2023.10.09 20:38 | 02843657,"[[""초이스"", 134, 31, 325], [""오리지빌"", 146, 27, 328], [""HACCP"", 147, 21, 409], [""피업소명 및 소재지:롯데네슬레코리아 주식회사"", 198, 68, 192], [""기한:아래에 표시원 일자까지 원재료명 및"", 227, 66, 196], [""：100%：）"", 244, 66, 197], [""8号早量：1981041500250：咨星在号"", 260, 61, 197], [""위행 개형 후에는 건조학공 성능원 곳에 박들"", 273, 59, 198], [""시일를 보관하이 거피의 및관 함을 김식하서"", 286, 61, 196], [""요·집소축전· 제품은 공전기래위원의고"", 299, 58, 196], [""신 소비자 분생 해길 기준에 이건 교환 또"", 312, 58, 195], [""보"", 306, 14, 197], [""6336"", 332, 27, 241], [""3eo -Tastors Choice is areg stored"", 355, 53, 231], [""nark Used under license. Distrbuted"", 368, 55, 223], [""TTE-Nestle(Koroa) Co Ltd."", 376, 46, 223], [""유리"", 436, 13, 424], [""2023.10.09"", 468, 38, 232], ["":PP"", 456, 24, 411], [""02843657"", 493, 36, 273], [""20:38"", 485, 27, 373]]"
001093,2021,05,25,2021-05-25,clahe,2021.05.25 | 18:26.F1,"[[""2021.05.25"", 484, 29, 308], [""18:26.F1"", 504, 32, 318]]"
001103,NONE,NONE,NONE,NONE,fail,10 | Maell Maell Maoll Maoll | 20119814 썬업 썬업 과일아샐러드 썬업 썬업 과일야채샐러드 썬업 F 과일채샐러드 썬업 FW 썬업 Maell | 201 201 201.9814 - 2011:93-24 | Mael | 썬업 | 과일야채샐러드 | 20210.14 | 183,"[[""Maoll"", 260, 25, 276], [""썬업"", 296, 65, 236], [""과일채샐러드"", 343, 50, 210], [""201.9814"", 398, 51, 223], [""Maoll"", 260, 23, 279], [""썬업"", 296, 70, 234], [""과일야채샐러드"", 341, 46, 211], [""20119814"", 300, 155, 218], [""썬업"", 300, 125, 312], [""Maell"", 306, 52, 369], [""F"", 340, 126, 266], [""10"", 242, 47, 267], [""FW"", 344, 60, 279], [""Maell"", 262, 17, 279], [""썬업"", 297, 68, 236], [""201"", 400, 55, 224], [""Maell"", 262, 17, 279], [""썬업"", 297, 68, 236], [""201"", 400, 55, 224], [""Mael"", 520, 37, 556], [""썬업"", 597, 122, 479], [""과일야채샐러드"", 686, 104, 420], [""20210.14"", 788, 58, 461], [""183"", 808, 27, 522], [""썬업"", 296, 62, 239], [""-"", 396, 43, 226], [""과일아샐러드"", 343, 46, 212], [""2011:93-24"", 398, 45, 227], [""썬업"", 297, 64, 238]]"
001129,2027,01,04,2027-01-04,det5,"유동기한 02.07 까지 | Expiny Datn 22:04 | Denmark | 덴마크 | 할/인/판/매 | 2808115726258088812714 | 드림컴요구름트플레인 | 합민반에시학일 7002 | 04 1,270 원 252 | 100%204%售22100%） 125%内2.858%","[[""유동기한"", 207, 24, 85], [""Expiny Datn"", 222, 25, 83], [""02.07"", 218, 27, 193], [""22:04"", 232, 29, 194], [""까지"", 230, 16, 333], [""Denmark"", 296, 35, 152], [""덴마크"", 378, 47, 16], [""할/인/판/매"", 423, 38, 88], [""2808115726258088812714"", 476, 27, 63], [""드림컴요구름트플레인"", 494, 31, 76], [""합민반에시학일"", 504, 20, 32], [""7002"", 510, 29, 137], [""04"", 522, 13, 88], [""1,270"", 532, 46, 127], [""원"", 542, 16, 205], [""252"", 540, 25, 225], [""125%内2.858%"", 598, 49, 92], [""100%204%售22100%）"", 611, 48, 57]]"
001131,2018,07,10,2018-07-10,s2,"잇있는 맛있는 | 02.12.12""53.HH | 유통기한 까지→ | 맛있는 우유GT 100718 | 우유 | 앗있는 | 우유","[[""잇있는"", 72, 27, 199], [""맛있는"", 78, 24, 303], [""02.12.12\""53.HH"", 224, 34, 95], [""우유"", 360, 20, 331], [""앗있는"", 549, 72, 121], [""우유"", 604, 60, 155], [""유통기한"", 252, 20, 85], [""까지→"", 244, 15, 303], [""100718"", 287, 22, 252], [""맛있는 우유GT"", 294, 24, 73]]"
001134,2021,03,03,2021-03-03,rot90,"EP REFRIGERATED | NET WT 3OZ All natural ingredientst made in New England NO NITRATES OR NITRITES ADDED* PROVOLONE CHEESE&TARALLI GENOA SALAME DANIELE,INC. B | SELL BT 03032I LOT 85I EST 54 MADE IN USA","[[""PROVOLONE CHEESE&TARALLI"", 202, 405, 586], [""EP REFRIGERATED"", 69, 138, 800], [""NO NITRATES OR NITRITES ADDED*"", 198, 338, 548], [""GENOA SALAME"", 194, 275, 622], [""made in New England"", 196, 257, 512], [""All natural ingredientst"", 194, 194, 486], [""NET WT 3OZ"", 188, 123, 417], [""DANIELE,INC."", 196, 136, 661], [""B"", 216, 22, 741], [""SELL BT 03032I LOT 85I EST 54"", 463, 400, 241], [""MADE IN USA"", 368, 105, 804]]"
001136,NONE,NONE,NONE,NONE,fail,NI SNVa | CEDRE CEDRE FORE ARE | ae] ae] | 10 RED RED BEANS RED BEANS RED BEANS IN BEANS 6 6 | TOMATO TOMATO SAU TOMATO SAU G G | MARICOT COI R COI R oue oue Rouets | GAN MT FEORE 1409/28 | 5 | m | RED BEANSIN | TOMATO SAUGE | -12 MARNCOT ROUGS CRPARER 02,"[[""RED"", 434, 33, 144], [""10"", 406, 10, 95], [""FORE"", 419, 24, 254], [""TOMATO"", 456, 45, 139], [""BEANS"", 452, 39, 180], [""RED BEANS IN"", 448, 68, 138], [""ARE"", 420, 17, 268], [""MARICOT"", 462, 37, 129], [""Rouets"", 479, 30, 178], [""NI"", 176, 15, 360], [""SNVa"", 187, 40, 384], [""ae]"", 426, 46, 185], [""CEDRE"", 420, 27, 248], [""RED BEANS"", 446, 56, 142], [""TOMATO SAU"", 463, 59, 136], [""COI R"", 470, 23, 157], [""6"", 465, 14, 255], [""oue"", 480, 22, 189], [""G"", 480, 9, 258], [""ae]"", 426, 46, 185], [""CEDRE"", 420, 27, 248], [""RED BEANS"", 446, 56, 142], [""TOMATO SAU"", 463, 59, 136], [""COI R"", 470, 23, 157], [""6"", 465, 14, 255], [""oue"", 480, 22, 189], [""G"", 480, 9, 258], [""GAN"", 756, 49, 177], [""5"", 822, 42, 344], [""MT"", 814, 34, 399], [""m"", 810, 43, 188], [""FEORE"", 836, 46, 489], [""RED BEANSIN"", 898, 125, 286], [""1409/28"", 862, 39, 616], [""TOMATO SAUGE"", 928, 134, 272], [""MARNCOT ROUGS CRPARER"", 962, 155, 251], [""-12"", 962, 21, 345], [""02"", 1012, 11, 529]]"
001164,2021,03,01,2021-03-01,det5,M   | 콘푸라이트 유통기한 여러분의좋은아침을위하여 | Post 3라이트 2021.03.01 박정원 담당이 안전하게 만들고 | #2 까지 이혜정 담당이끔끔히살폈습니다. | 좋은아침! 좋은생각! | 폭라이트 라이트,"[[""M  "", 74, 12, 651], [""콘푸라이트"", 238, 124, 79], [""유통기한"", 210, 33, 333], [""여러분의좋은아침을위하여"", 227, 30, 669], [""Post"", 262, 41, 0], [""2021.03.01"", 257, 30, 381], [""박정원"", 258, 28, 669], [""담당이 안전하게 만들고"", 260, 27, 748], [""3라이트"", 264, 55, 207], [""#2"", 281, 36, 520], [""까지"", 288, 32, 601], [""이혜정"", 282, 28, 670], [""담당이끔끔히살폈습니다."", 282, 27, 751], [""좋은아침! 좋은생각!"", 362, 35, 592], [""폭라이트"", 484, 142, 311], [""라이트"", 520, 50, 595]]"
001166,NONE,NONE,NONE,NONE,fail,"품목보고번호 품목보고번호 품목보고번호 号20060372438444 号20060372438444 20060372438444 20060372438444 20060372438444 | 신류원 유록 식품의 유형 식품의 유형 식품의 유형 식품의 유형 식품의 유형 고형차 내용량 아 고형차내용량 450g（15g30） 450g（15g30） 450g（15g30） 450g15gX307) 450g（15gX307Hg) | %09 %2( ·유통기한: OS ) 유통전문판매원 품목보고번호 제 60%55 60%55 60%55 60%55 한분말덱스트,갈농축액(고형분 설탐,포도당,데스트린,쌍화농축혼 설탕,포도당,데스트린,쌍화농축혼 설탕,포도당,데스트린,쌍화농축혼 합분말[덕스트린,갈근농축액(고형문 합분말[덕스트린,갈근농축액(고형문 설탕,포도당,덱스트린,쌍화농축혼 합분말[덕스트린,갈근농축액(고형문 포장재질 아국 아국 및함량 원재료명 20060372438444 식품의 유형 품목보고번호 | 원재료명 원재료명 원재료명 원재료명 원재료명 식품의 유형 본드(미국산)2 %,잣중국산)2 %, 카라 본드(미국산)2 %,잣중국산)2 %, 카라 본드(미국산)2%, 잣중국산)2 %, 카라 산),액상카라멜)6%, 대추(국산)2 %, 아 산),액상카라멜)6%, 대추(국산)2 %, 아 산),액상카라멜)6%,대추(국산)2%,아 본드(미국산)2 %, 잣중국산)2 %, 카라 산).액상카라멜6%, 대추(국산)2 %, 아 %）13%60% %）13%60% %）13%60% %）13%60% 유통기한별도표기일까지 이산화규소* 28/ 86%눈hy ly yoosndaulMm( |고형차|내용량 %)13 %. 60 % 450g（15gX307Hg） | 및함량 및함량 및 합량 및함량 및함량 %9 SOTE SOTE 멜색소분말,쌍화농축분말(고형분 50 %)1%,생강추출액분말, 계피농축액분 %1%, 생강출액, 계피농축액부 %1%, 생강출액, 계피농축액부 )1%, 생강추출액말 계피농 액부 멜색소분말 쌍화농촉분말(고형분 50 멜색소분말 쌍화농촉분말(고형분 50 멜색소분말 쌍화농축분말(고형분 50 내포장재질:폴리에틸렌 :리지움이· | 본드(미국산)2% )액상카라멜6% 설탕,포도당,덱스트린. 20060372438444 출혼 | %1% 8장6눈 근야 l놀 머이os내세니이(호름기 （40%)10%0.7% （40%)10%0.7% （40%)10%0.7% （40%10%0.7% 서 합분말[덱스트린,갈근 액( 그형분 | |x«< 감초(우즈베키스탄)]잣 함유 감초(우즈베키스탄)]잣 함유 감초(우즈베키스탄)]잣 함유 감우즈베키스탄]잣 함유 이산화규소*쌍화[작약,천궁,당귀,황기 생강,대추:국산,숙지황중국),계피(베트남). 생강,대추:국산,숙지황중국),계피(베트남). 이산화규소*쌍화 작약, 천국,당귀,황기. 이산화규소*쌍화 작약,천궁,당귀,황기 이산화규소*쌍화 작약,천궁,당귀,황기 생강,대추:국산,숙지황(중국)계피(베트남) 생강,대추:국산,숙지황(중국)계피(베트남) 사형(중국,거패(버트남) 잣함유 실 소*쌍화작약, 천국, 당귀, 황기 출액분말 대추농축액(고형부 60%, ,덱스트린, 450g（15X30） 60%55 | 유통기한 포장재질 장재 우통 기한 질 까지 유 통 기 한 별도표기일까지 유 통 기 한 별도표기일까지 포장재 질내포장재질:폴리에틸렌 포장재 질내포장재질:폴리에틸렌 별도표기일까지 별도표기일까지 형도표기일까지 내포장재질:폴리에틸렌 내포장재질:폴리에틸렌 H 제 서 (고형분 50 잣중국산)2%,카 생화농축액고형분55 !.쌍화농축 %)13%,60%, | 제 제 조원 조 원 도 로천시 소문용 작업산로 앞벽결8 러 액상카라멜]6%,대추(국산)2%,아 | 유통전문판매원 유통전문판매원 단무Q %오[%.½(% 이니림 w.co8 | 작T압기림레배위테인'. % 원재료명 )2 %,잣(중국산)2 %,카리 | ·유통기한: ·유통기한: ·유통기한: ·유통기한: ·유통기한: ·유성기관8 | 2022. 2022-82678 2022-82678 교요고스-금츠음구 2022-82638 및 함량 축분말(고형분 50 | %09  까지 뉴시 까지 까지 까지 까지 추출액분말, 계피농축액분 | 66안지이이('%상탕 | 브극림리 40%)10%0.7% | 기이탁'택 | 이산화규소*쌍화[작약,천궁,당귀,황기, | 흐겨느눔폼 생강,대추:국산,숙지황(중국),계피(베트남). | 감초(우즈베키스탄)] 잣 함유 | 유 통기한 별도표기일까지 | 포 장 재 질 내포장재질:폴리에틸렌 | 제 조 원 | 유통전문판매원 wwopis.co | ·유통기한 : | 2022.82678 | 까지","[[""품목보고번호"", 84, 29, 127], [""20060372438444"", 89, 30, 248], [""식품의 유형"", 118, 34, 128], [""450g（15g30）"", 123, 38, 252], [""설탕,포도당,덱스트린,쌍화농축혼"", 156, 37, 250], [""합분말[덕스트린,갈근농축액(고형문"", 185, 38, 252], [""60%55"", 214, 33, 252], [""%）13%60%"", 241, 34, 253], [""산),액상카라멜)6%,대추(국산)2%,아"", 268, 34, 253], [""원재료명"", 285, 30, 157], [""본드(미국산)2 %, 잣중국산)2 %, 카라"", 295, 40, 253], [""및함량"", 313, 32, 161], [""멜색소분말 쌍화농축분말(고형분 50"", 320, 43, 251], [""%)1%,생강추출액분말, 계피농축액분"", 344, 37, 252], [""（40%)10%0.7%"", 370, 32, 254], [""이산화규소*쌍화[작약,천궁,당귀,황기"", 394, 30, 256], [""생강,대추:국산,숙지황중국),계피(베트남)."", 417, 33, 255], [""감초(우즈베키스탄)]잣 함유"", 441, 35, 254], [""우통 기한"", 468, 23, 159], [""별도표기일까지"", 468, 25, 255], [""내포장재질:폴리에틸렌"", 495, 26, 257], [""유통전문판매원"", 546, 21, 157], [""w.co8"", 546, 23, 257], [""·유통기한:"", 594, 24, 162], [""까지"", 666, 23, 465], [""장재"", 494, 19, 179], [""질"", 494, 17, 229], [""제"", 518, 15, 156], [""조"", 519, 16, 191], [""원"", 520, 19, 229], [""품목보고번호"", 84, 35, 124], [""20060372438444"", 88, 35, 243], [""식품의 유형"", 117, 41, 125], [""고형차내용량"", 122, 39, 246], [""450g（15gX307Hg)"", 124, 33, 393], [""설탐,포도당,데스트린,쌍화농축혼"", 156, 43, 248], [""한분말덱스트,갈농축액(고형분"", 188, 51, 244], [""60%55"", 216, 41, 248], [""%）13%60%"", 241, 38, 251], [""산).액상카라멜6%, 대추(국산)2 %, 아"", 268, 39, 250], [""원재료명"", 284, 35, 154], [""본드(미국산)2%, 잣중국산)2 %, 카라"", 294, 40, 248], [""및함량"", 312, 33, 159], [""멜색소분말,쌍화농축분말(고형분 50"", 320, 48, 245], ["")1%, 생강추출액말 계피농 액부"", 346, 44, 248], [""（40%10%0.7%"", 369, 38, 251], [""이산화규소*쌍화 작약, 천국,당귀,황기."", 394, 35, 252], [""생강,대추:국산,숙지황중국),계피(베트남)."", 418, 37, 252], [""감우즈베키스탄]잣 함유"", 442, 40, 252], [""유통기한"", 467, 30, 145], [""별도표기일까지"", 468, 26, 253], [""포장재질"", 493, 30, 146], [""내포장재질:폴리에틸렌"", 494, 27, 256], [""제 조원"", 518, 31, 147], [""유통전문판매원"", 546, 27, 151], [""·유통기한:"", 594, 30, 157], [""2022."", 630, 37, 182], [""까지"", 666, 23, 462], [""식품의 유형"", 186, 121, 769], [""품목보고번호"", 185, 123, 805], [""유통전문판매원"", 204, 105, 348], [""제"", 167, 26, 379], [""포장재질"", 204, 115, 395], [""유통기한별도표기일까지"", 258, 223, 424], [""·유통기한:"", 209, 98, 301], [""및함량"", 193, 65, 577], [""원재료명"", 192, 74, 605], [""내포장재질:폴리에틸렌"", 332, 163, 397], [""본드(미국산)2%"", 320, 142, 591], [""%)13 %."", 285, 72, 647], [""60 %"", 282, 65, 674], [""450g（15X30）"", 401, 305, 763], [""20060372438444"", 320, 157, 800], [""이산화규소*"", 298, 89, 498], ["")액상카라멜6%"", 342, 147, 615], [""대추농축액(고형부 60%,"", 420, 220, 643], [""소*쌍화작약, 천국, 당귀, 황기"", 428, 207, 494], [""출액분말"", 397, 84, 540], [""생화농축액고형분55"", 458, 194, 669], ["",덱스트린,"", 412, 105, 732], [""잣중국산)2%,카"", 454, 141, 594], [""잣함유"", 433, 62, 452], [""(고형분 50"", 496, 94, 565], [""!.쌍화농축"", 503, 118, 723], [""까지"", 480, 31, 234], [""러"", 530, 18, 601], [""%09"", 229, 222, 221], [""아"", 120, 20, 259], [""OS )"", 192, 166, 304], [""%2("", 185, 124, 249], [""28/"", 266, 277, 507], [""86%눈hy ly yoosndaulMm("", 269, 278, 533], [""%9"", 310, 148, 250], [""|"", 343, 112, 458], [""%1%"", 359, 80, 225], [""실"", 414, 16, 488], [""서"", 452, 37, 511], [""H"", 489, 22, 487], [""제"", 488, 20, 511], ["":리지움이·"", 312, 24, 397], [""8장6눈 근야 l놀 머이os내세니이(호름기"", 359, 22, 134], [""서"", 386, 24, 404], [""|x«<"", 437, 24, 287], [""단무Q %오[%.½(% 이니림"", 536, 29, 119], [""작T압기림레배위테인'. %"", 560, 28, 115], [""%09 "", 664, 23, 133], [""66안지이이('%상탕"", 690, 30, 104], [""브극림리"", 720, 29, 105], [""기이탁'택"", 747, 33, 96], [""흐겨느눔폼"", 820, 29, 408], [""号20060372438444"", 88, 37, 126], [""식품의 유형"", 118, 34, 129], [""450g（15g30）"", 122, 37, 227], [""설탕,포도당,데스트린,쌍화농축혼"", 156, 38, 250], [""합분말[덕스트린,갈근농축액(고형문"", 185, 41, 251], [""아국"", 194, 15, 431], [""60%55"", 214, 31, 252], [""%）13%60%"", 240, 36, 252], [""산),액상카라멜)6%, 대추(국산)2 %, 아"", 268, 31, 253], [""원재료명"", 285, 32, 156], [""본드(미국산)2 %,잣중국산)2 %, 카라"", 295, 37, 252], [""및함량"", 313, 32, 161], [""멜색소분말 쌍화농촉분말(고형분 50"", 320, 43, 251], [""%1%, 생강출액, 계피농축액부"", 345, 50, 250], [""（40%)10%0.7%"", 370, 32, 254], [""SOTE"", 352, 11, 315], [""이산화규소*쌍화 작약,천궁,당귀,황기"", 394, 30, 256], [""생강,대추:국산,숙지황(중국)계피(베트남)"", 418, 33, 256], [""감초(우즈베키스탄)]잣 함유"", 441, 35, 254], [""유 통 기 한 별도표기일까지"", 468, 25, 151], [""포장재 질내포장재질:폴리에틸렌"", 494, 25, 151], [""·유통기한:"", 595, 24, 162], [""2022-82678"", 635, 55, 180], [""까지"", 666, 21, 466], [""号20060372438444"", 88, 37, 126], [""식품의 유형"", 118, 34, 129], [""450g（15g30）"", 122, 37, 227], [""설탕,포도당,데스트린,쌍화농축혼"", 156, 38, 250], [""합분말[덕스트린,갈근농축액(고형문"", 185, 41, 251], [""아국"", 194, 15, 431], [""60%55"", 214, 31, 252], [""%）13%60%"", 240, 36, 252], [""산),액상카라멜)6%, 대추(국산)2 %, 아"", 268, 31, 253], [""원재료명"", 285, 32, 156], [""본드(미국산)2 %,잣중국산)2 %, 카라"", 295, 37, 252], [""및함량"", 313, 32, 161], [""멜색소분말 쌍화농촉분말(고형분 50"", 320, 43, 251], [""%1%, 생강출액, 계피농축액부"", 345, 50, 250], [""（40%)10%0.7%"", 370, 32, 254], [""SOTE"", 352, 11, 315], [""이산화규소*쌍화 작약,천궁,당귀,황기"", 394, 30, 256], [""생강,대추:국산,숙지황(중국)계피(베트남)"", 418, 33, 256], [""감초(우즈베키스탄)]잣 함유"", 441, 35, 254], [""유 통 기 한 별도표기일까지"", 468, 25, 151], [""포장재 질내포장재질:폴리에틸렌"", 494, 25, 151], [""·유통기한:"", 595, 24, 162], [""2022-82678"", 635, 55, 180], [""까지"", 666, 21, 466], [""품목보고번호"", 171, 54, 258], [""20060372438444"", 180, 50, 498], [""식품의 유형"", 238, 61, 260], [""|고형차|내용량"", 244, 64, 478], [""450g（15gX307Hg）"", 250, 53, 799], [""설탕,포도당,덱스트린."", 316, 79, 501], [""출혼"", 315, 48, 1030], [""합분말[덱스트린,갈근"", 370, 73, 500], [""액("", 372, 33, 947], [""그형분"", 378, 48, 1017], [""60%55"", 430, 58, 507], [""%)13%,60%,"", 485, 59, 511], [""액상카라멜]6%,대추(국산)2%,아"", 538, 59, 570], [""원재료명"", 572, 58, 315], ["")2 %,잣(중국산)2 %,카리"", 590, 47, 679], [""및 함량"", 626, 53, 326], [""축분말(고형분 50"", 641, 47, 791], [""추출액분말, 계피농축액분"", 692, 61, 693], [""40%)10%0.7%"", 740, 50, 555], [""이산화규소*쌍화[작약,천궁,당귀,황기,"", 787, 57, 512], [""생강,대추:국산,숙지황(중국),계피(베트남)."", 835, 57, 514], [""감초(우즈베키스탄)] 잣 함유"", 886, 59, 511], [""유 통기한"", 936, 43, 303], [""별도표기일까지"", 939, 40, 511], [""포 장 재 질"", 988, 43, 306], [""내포장재질:폴리에틸렌"", 990, 39, 519], [""제 조 원"", 1040, 48, 304], [""유통전문판매원"", 1091, 44, 310], [""wwopis.co"", 1093, 42, 519], [""·유통기한 :"", 1188, 46, 322], [""2022.82678"", 1270, 111, 356], [""까지"", 1332, 40, 928], [""신류원 유록"", 116, 28, 129], [""·유성기관8"", 594, 25, 163], [""뉴시"", 666, 20, 466], [""교요고스-금츠음구"", 635, 54, 180], [""품목보고번호"", 85, 28, 127], [""20060372438444"", 89, 30, 228], [""식품의 유형 고형차 내용량"", 120, 37, 128], [""450g15gX307)"", 124, 23, 398], [""원재료명"", 285, 32, 155], [""및 합량"", 314, 29, 161], [""사형(중국,거패(버트남)"", 419, 24, 381], [""형도표기일까지"", 470, 18, 264], [""도 로천시 소문용 작업산로 앞벽결8"", 520, 18, 342], [""·유통기한:"", 594, 25, 162], [""까지"", 666, 23, 465], [""2022-82638"", 635, 54, 180]]"
001167,NONE,NONE,NONE,NONE,fail,"풍독보고 품목보고번호 품목보고번호 号号至卫坐堂20060372438444 号号至卫坐堂20060372438444 20060372438444 20060372438444 | 식품의 유칭 식품의 유형 450（1530） 450（1530） 450（1530） 품목보고번호 450g（15g30） 20060372438444 | 설탕,포도당,덕스트린,쌍화농축홈 설탕,포도당,덱스트린,쌍화농축혼 설탕,포도당,덱스트린,쌍화농축혼 설탕,포도당,덕스트린,쌍화농축혼 | de e 식품의 유형 60%55 60%55 60%55 60%55 합문말덕스트리,갈농축액(고형문 합분말[덱스트린,갈근농축액(고형문 합분말[덕스트린,갈근농축액(고형분 합분말[덕스트린,갈근농축액(고형분 고형차  내용량 450g（15gX307g） | 제 %）13%（号60%号 %）13%号60% %）13%号60% %）13%号60% | 원재료명 및 함량 원재없면 원재료명 원재료명 원재료명 ·유동기한 음슬 무로님 유동전문판매원 조 포장재질 유동기한 본드(미국산)2%, 자(중국산)2 %, 카라 본드(미국산)2 %, 재중국산)2 %, 카라 본드(미국산)2 %, 재중국산)2 %, 카라 본드(미국산)2 %, 자중국산)2 %,카라 산)액상카라멜)6 %,대추(국산)2 %, 아 산),액상카라멜)6%,대추(국산)2%,아 산),액상카라멜)6%,대추(국산)2%,아 산),액상카라멜)6%,대추(국산)2%,아 및 함량 원재료명 식품의 유형 품목보고번호 설탕,포도당,덱스트린,쌍화농축혼 | 및 합량 및 함량 및 함량 및 함량 멜색소분말 쌍화농축분말(고형분 50 멜색소분말 쌍화농축분말(고형분 50 멜색소분말 쌓화농축분말(고형분 50 멜색소분말,쌓화농축분말(고형분 50 :움이 한분말(덕스트리,갈근농축액(고형문 | %)1 %, 생강추출액분말,계피농축액분 %)1 %, 생강추출액분말,계피농축액분 %)1%, 생추술액한말 계피농 액분 1 생강추출액  피농액부 | 융 %20%01%0% 8플러스주)mwto 별도묘기일까지 / 생강,대추:국산,숙지항중국)계피(베트남) 생강,대추:국산,숙지항중국).계피(베트남) 생강,대추국산,숙지황중국)계피(베트남) 생강,대추국산,숙지황중국)계피(베트남) 이산화유소""쌍화 작약 천국,당귀, 황기 이산화규소*쌍화 작약,전국,당귀,황기 이산화규소·생화 작약 천궁,당귀,황기 이산화규소·생화 작약 천궁,당귀,황기 （是40%）10%0.7% （号40%）10%0.7% （7喜号40%10%0.7% （7喜号40%10%0.7% de ae %)13 %. 60% 설탕 고형차 60%55 | 유동기한 동 기 한병도트개인 유 통 기 한 별도묘기일까지 유 통 기 한 별도묘기일까지 유 동 기 한 별도묘기일까지 가 가 별도표기일까지 내포장재질:플리에틸렌 감초(우즈베키스탄)] 감초(우즈베키스탄)] 감(우즈베스탄] 감(우즈베키스탄)] 잣함유 잣함유 잣 함유 잣 함유 국산), 포도당. 20060372438444 %）13%60%号 | 모장재질 포장재 질 내포장재질:플리에필렌 포장재 질 내포장재질:플리에필렌 포장 재 질 내포장재질:플리에필렌 ( LHNBBCPAE 내포장재질:물리에필렌 산) ).액상카라멜)6%,대추(국산)2%,아 | %E1(% 제 조 원 유통전문판매원 /이%01(%  ) omecicOk 세시 경A구 로 38 유a전문관매원 식취oncok세시공무 유a전문관매원 식취oncok세시공무 유동전문 판 매 원 리식취ma tomecicok 세시 공세구 로 3 숙지황중국) 리스주)mw oneciscok 세울명시 경서구 R로 38 LONE로N시A품 원재료명 40%10%/0 본드(미국산)2 %, 자중국산)2 %, 카리 | ·유동기한: ·유동기한: ·유통기한: ·유동기한: ·유동기한: 잣향유 및 함량 7 갈 450g（15gX30） 멜색소분말,쌍화농축분말(고형분 50 |  %연정우르기리 한 % 202284678 202284678 2022-82678 거(베트남) 계피농축액부 :회용 (고형분 50 까지 까지 까지 까지 쌍화녹축 40%10%0.7% %)1 %, 생강추출액분말,계피농축액분 | 창6율우조무아우이(구%정C | 이산화규소*쌍화 작약,천궁,당귀,황기 | '한 생강,대추:국산,숙지항(중국),계피(베트남) | HU탕 E5 XA)  일  | 감초(우즈베키스탄)] 잣향유 | 유 동 기 한 별도표기일까지 | 포 장 재 질 내포장재질:폴리에틸렌 | 제 조 원 | 유동전문관매원 홍플리스주)wwwhomepiscokr 서울택일시 공세구 파극로 36 | ·유동기한: | 링크음 골림 | 까지","[[""품목보고번호"", 44, 29, 147], [""20060372438444"", 54, 31, 257], [""식품의 유형"", 67, 33, 146], [""설탕,포도당,덕스트린,쌍화농축혼"", 108, 43, 263], [""합분말[덱스트린,갈근농축액(고형문"", 127, 44, 260], [""60%55"", 147, 42, 258], [""원재료명"", 185, 27, 159], [""본드(미국산)2 %, 자중국산)2 %,카라"", 203, 48, 252], [""및 함량"", 205, 27, 161], [""멜색소분말,쌓화농축분말(고형분 50"", 221, 42, 251], [""%)1%, 생추술액한말 계피농 액분"", 240, 42, 247], [""（号40%）10%0.7%"", 256, 41, 246], [""이산화규소*쌍화 작약,전국,당귀,황기"", 274, 41, 245], [""감(우즈베스탄]"", 302, 37, 239], [""유 동 기 한 별도묘기일까지"", 318, 34, 135], [""450g（15g30）"", 82, 46, 251], [""%）13%号60%"", 166, 41, 256], [""산),액상카라멜)6%,대추(국산)2%,아"", 185, 41, 254], [""생강,대추:국산,숙지항중국).계피(베트남)"", 290, 38, 243], [""잣함유"", 310, 21, 376], [""포장 재 질 내포장재질:플리에필렌"", 338, 38, 133], [""유동전문 판 매 원 리식취ma tomecicok 세시 공세구 로 3"", 378, 41, 131], [""·유동기한:"", 404, 25, 133], [""까지"", 470, 15, 426], [""품목보고번호"", 43, 32, 144], [""20060372438444"", 52, 34, 260], [""450（1530）"", 77, 60, 142], [""설탕,포도당,덕스트린,쌍화농축홈"", 107, 48, 259], [""합문말덕스트리,갈농축액(고형문"", 127, 56, 254], [""60%55"", 146, 48, 254], [""%）13%（号60%号"", 166, 45, 253], [""원재료명"", 184, 31, 156], [""산)액상카라멜)6 %,대추(국산)2 %, 아"", 184, 44, 252], [""및 함량"", 204, 31, 158], [""본드(미국산)2%, 자(중국산)2 %, 카라"", 202, 47, 249], [""멜색소분말 쌓화농축분말(고형분 50"", 220, 47, 247], [""1 생강추출액  피농액부"", 239, 45, 246], [""（是40%）10%0.7%"", 255, 44, 245], [""이산화유소\""쌍화 작약 천국,당귀, 황기"", 272, 43, 242], [""생강,대추:국산,숙지항중국)계피(베트남)"", 290, 43, 241], [""감(우즈베키스탄)]"", 301, 34, 241], [""유동기한"", 314, 27, 133], [""잣함유"", 310, 25, 372], [""별도표기일까지"", 320, 27, 235], [""모장재질"", 332, 28, 131], [""내포장재질:물리에필렌"", 340, 28, 236], [""제 조 원"", 350, 29, 128], [""유통전문판매원"", 368, 25, 129], [""리스주)mw oneciscok 세울명시 경서구 R로 38"", 379, 38, 219], [""·유동기한:"", 402, 27, 129], [""2022-82678"", 440, 60, 149], [""까지"", 470, 19, 423], [""·유동기한"", 177, 86, 225], [""유동전문판매원"", 179, 96, 259], [""제"", 149, 26, 286], [""포장재질"", 184, 101, 293], [""유동기한"", 186, 107, 311], [""식품의 유형"", 202, 119, 554], [""품목보고번호"", 204, 119, 580], [""조"", 181, 28, 283], [""및 함량"", 191, 64, 420], [""원재료명"", 193, 70, 440], [""8플러스주)mwto"", 274, 89, 253], [""내포장재질:플리에틸렌"", 313, 164, 285], [""별도묘기일까지"", 294, 118, 307], [""ae"", 262, 19, 402], [""%)13 %."", 288, 65, 468], [""60%"", 286, 57, 486], [""설탕"", 286, 49, 525], [""고형차"", 300, 67, 554], [""20060372438444"", 338, 150, 570], [""de"", 288, 29, 397], [""omecicOk 세시 경A구 로 38"", 399, 182, 244], [""국산),"", 339, 60, 482], [""포도당."", 342, 77, 519], [""40%10%/0"", 373, 104, 369], [""숙지황중국)"", 383, 99, 336], [""450g（15gX30）"", 447, 230, 534], [""잣향유"", 414, 60, 319], [""갈"", 422, 43, 496], [""거(베트남)"", 467, 88, 331], [""7"", 428, 19, 379], [""계피농축액부"", 472, 109, 378], [""(고형분 50"", 485, 86, 400], [""쌍화녹축"", 508, 104, 508], [""de"", 134, 27, 165], [""e"", 136, 19, 185], [""/"", 279, 267, 343], [""%20%01%0%"", 250, 140, 240], [""융"", 271, 78, 67], [""%E1(%"", 352, 64, 145], ["":회용"", 457, 95, 391], [""음슬 무로님"", 193, 38, 180], ["":움이"", 236, 24, 414], [""("", 350, 42, 127], [""/이%01(%  )"", 384, 40, 122], ["" %연정우르기리 한 %"", 474, 42, 96], [""창6율우조무아우이(구%정C"", 493, 40, 93], [""'한"", 533, 42, 80], [""HU탕 E5 XA)  일 "", 557, 44, 77], [""号号至卫坐堂20060372438444"", 50, 40, 146], [""450（1530）"", 79, 56, 146], [""설탕,포도당,덱스트린,쌍화농축혼"", 108, 41, 263], [""합분말[덕스트린,갈근농축액(고형분"", 127, 42, 261], [""60%55"", 147, 41, 258], [""%）13%号60%"", 166, 41, 256], [""원재료명"", 186, 26, 159], [""산),액상카라멜)6%,대추(국산)2%,아"", 185, 41, 253], [""본드(미국산)2 %, 재중국산)2 %, 카라"", 203, 42, 253], [""및 함량"", 205, 25, 160], [""멜색소분말 쌍화농축분말(고형분 50"", 222, 41, 250], [""%)1 %, 생강추출액분말,계피농축액분"", 239, 39, 247], [""（7喜号40%10%0.7%"", 256, 39, 247], [""이산화규소·생화 작약 천궁,당귀,황기"", 274, 41, 245], [""생강,대추국산,숙지황중국)계피(베트남)"", 290, 39, 243], [""감초(우즈베키스탄)]"", 302, 31, 239], [""가"", 295, 10, 247], [""유 통 기 한 별도묘기일까지"", 319, 34, 133], [""잣 함유"", 310, 18, 384], [""포장재 질 내포장재질:플리에필렌"", 338, 37, 133], [""유a전문관매원 식취oncok세시공무"", 378, 42, 125], [""·유동기한:"", 405, 24, 133], [""202284678"", 440, 58, 150], [""까지"", 470, 18, 425], [""号号至卫坐堂20060372438444"", 50, 40, 146], [""450（1530）"", 79, 56, 146], [""설탕,포도당,덱스트린,쌍화농축혼"", 108, 41, 263], [""합분말[덕스트린,갈근농축액(고형분"", 127, 42, 261], [""60%55"", 147, 41, 258], [""%）13%号60%"", 166, 41, 256], [""원재료명"", 186, 26, 159], [""산),액상카라멜)6%,대추(국산)2%,아"", 185, 41, 253], [""본드(미국산)2 %, 재중국산)2 %, 카라"", 203, 42, 253], [""및 함량"", 205, 25, 160], [""멜색소분말 쌍화농축분말(고형분 50"", 222, 41, 250], [""%)1 %, 생강추출액분말,계피농축액분"", 239, 39, 247], [""（7喜号40%10%0.7%"", 256, 39, 247], [""이산화규소·생화 작약 천궁,당귀,황기"", 274, 41, 245], [""생강,대추국산,숙지황중국)계피(베트남)"", 290, 39, 243], [""감초(우즈베키스탄)]"", 302, 31, 239], [""가"", 295, 10, 247], [""유 통 기 한 별도묘기일까지"", 319, 34, 133], [""잣 함유"", 310, 18, 384], [""포장재 질 내포장재질:플리에필렌"", 338, 37, 133], [""유a전문관매원 식취oncok세시공무"", 378, 42, 125], [""·유동기한:"", 405, 24, 133], [""202284678"", 440, 58, 150], [""까지"", 470, 18, 425], [""품목보고번호"", 87, 52, 297], [""20060372438444"", 108, 55, 536], [""식품의 유형"", 134, 57, 293], [""고형차  내용량"", 154, 63, 535], [""450g（15gX307g）"", 175, 56, 814], [""설탕,포도당,덱스트린,쌍화농축혼"", 214, 86, 525], [""한분말(덕스트리,갈근농축액(고형문"", 257, 102, 516], [""60%55"", 293, 80, 516], [""%）13%60%号"", 332, 76, 515], [""산)"", 350, 29, 518], ["").액상카라멜)6%,대추(국산)2%,아"", 370, 78, 546], [""원재료명"", 370, 50, 318], [""본드(미국산)2 %, 자중국산)2 %, 카리"", 405, 90, 505], [""및 함량"", 409, 48, 325], [""멜색소분말,쌍화농축분말(고형분 50"", 443, 84, 502], [""%)1 %, 생강추출액분말,계피농축액분"", 478, 72, 501], [""40%10%0.7%"", 511, 74, 497], [""이산화규소*쌍화 작약,천궁,당귀,황기"", 546, 71, 492], [""생강,대추:국산,숙지항(중국),계피(베트남)"", 579, 72, 488], [""감초(우즈베키스탄)]"", 604, 53, 486], [""유 동 기 한"", 628, 49, 272], [""잣향유"", 620, 42, 771], [""별도표기일까지"", 642, 48, 482], [""포 장 재 질"", 666, 49, 270], [""내포장재질:폴리에틸렌"", 681, 48, 479], [""제 조 원"", 702, 49, 266], [""유동전문관매원"", 738, 41, 269], [""홍플리스주)wwwhomepiscokr 서울택일시 공세구 파극로 36"", 761, 60, 469], [""·유동기한:"", 808, 43, 272], [""링크음 골림"", 892, 73, 610], [""까지"", 940, 33, 849], [""풍독보고"", 41, 21, 150], [""식품의 유칭"", 67, 29, 148], [""원재없면"", 185, 30, 157], [""및 합량"", 205, 30, 159], [""동 기 한병도트개인"", 318, 23, 160], [""LHNBBCPAE"", 341, 27, 236], [""LONE로N시A품"", 362, 23, 295], [""·유통기한:"", 404, 25, 133]]"
001177,NONE,NONE,NONE,NONE,fail,CE NGE JAM AM NGEJAM AM I4 | SA | IGE JAM NGE JAM | on | 190 | 2821 3718812021 81 730161200614月 | 53730161200614月 | BEST BYDEC012021,"[[""NGE JAM"", 55, 36, 73], [""AM"", 52, 37, 126], [""3718812021"", 467, 54, 240], [""730161200614月"", 449, 32, 283], [""NGE JAM"", 122, 112, 885], [""on"", 257, 20, 475], [""190"", 362, 21, 816], [""CE"", 57, 18, 84], [""AM"", 54, 30, 125], [""I4"", 30, 12, 811], [""NGEJAM"", 64, 43, 94], [""53730161200614月"", 521, 39, 289], [""BEST BYDEC012021"", 546, 33, 289], [""SA"", 52, 34, 1389], [""IGE JAM"", 110, 72, 157], [""2821"", 462, 53, 246], [""81"", 460, 69, 240]]"
001178,NONE,NONE,NONE,NONE,fail,MCEJAM | BESI | BEB88812821 BEB88812821 28612821 TE3791132612821 E39918612821 | T3911398612821,"[[""E39918612821"", 310, 73, 211], [""28612821"", 310, 82, 206], [""BESI"", 244, 65, 293], [""BEB88812821"", 308, 81, 208], [""BEB88812821"", 308, 81, 208], [""MCEJAM"", 158, 80, 44], [""T3911398612821"", 621, 144, 423], [""TE3791132612821"", 310, 76, 211]]"
001179,2022,09,01,2022-09-01,det5,"15285146149 | Best Before Date: 01 SEP 2022 | Pure Ceylon tea, packed in Sri Lanka | TC/E/PR/1007/478 | 6398","[[""15285146149"", 199, 52, 278], [""Best Before Date: 01 SEP 2022"", 311, 56, 253], [""Pure Ceylon tea, packed in Sri Lanka"", 446, 55, 136], [""TC/E/PR/1007/478"", 479, 44, 257], [""6398"", 551, 40, 345]]"
001180,2022,09,01,2022-09-01,det5,"15285146149 | Best Before Date:01 SEP 2022 | 효용용 | Pure Ceylon tea, packed in Sri Lanka | TC/E/PR/1007/478 | 6398","[[""15285146149"", 188, 59, 195], [""Best Before Date:01 SEP 2022"", 290, 81, 176], [""효용용"", 337, 28, 452], [""Pure Ceylon tea, packed in Sri Lanka"", 398, 86, 96], [""TC/E/PR/1007/478"", 427, 56, 176], [""6398"", 488, 39, 232]]"
001186,2021,09,28,2021-09-28,det5,LOTTE | 마가렛트 | 오리지널 | 금요·1금·금8 14:38 부터 080024-6060 고객지원센터 | 21.09.28 까지,"[[""LOTTE"", 229, 28, 97], [""마가렛트"", 275, 64, 136], [""오리지널"", 302, 30, 199], [""고객지원센터"", 305, 28, 459], [""14:38"", 324, 33, 284], [""부터"", 322, 22, 372], [""080024-6060"", 320, 31, 429], [""금요·1금·금8"", 339, 40, 153], [""까지"", 342, 21, 372], [""21.09.28"", 352, 38, 155]]"
001197,2021,10,10,2021-10-10,det5,eryb 10 10 2021 Garudafood | Coi out | Crack,"[[""eryb"", 360, 184, 0], [""Garudafood"", 322, 39, 417], [""10 10 2021"", 372, 31, 406], [""out"", 449, 90, 203], [""Coi"", 491, 89, 90], [""Crack"", 533, 138, 87]]"
001198,2021,10,10,2021-10-10,det5,ery :10 10 2021 Garudafood | CFSN | CoC mHt,"[[""ery"", 290, 179, 0], [""Garudafood"", 309, 56, 269], ["":10 10 2021"", 350, 51, 237], [""CFSN"", 372, 35, 246], [""CoC mHt"", 397, 97, 11]]"
001205,2021,05,02,2021-05-02,fail,Dr.Oetker Hier öffnen Hier öffnen Hier öffnen Hier Öffnen Hler offnen Dr.Oetker | DrOetker DrOetker Dr. Oetker Dr. Oetker Dr.Oetker Dr Oetker VITALIS VITALIS VITALIS VITAUIS VITAIS VITALIS Hier öffnen | 05.21 LO85 2 05.21 L095 2 05.21L095 2 05.21 L095 2 05.21 L095 2 05.21 L095 2 | Knusper Knusper Knusper Knusper Knusper Mindestens haltbar bis Ende: Monat/Jahr Mindestens haltbar bis Ende: Monat/Jahr Mindesters haltbar bs Ende: Monat/lahr Mindestens haltbar bis Ende: Monat/Jahr Mindestens haltbar bis Ende: Monat/Jahr | müsli müsli müsli musli musli müsli' Knusper Plus Plus Plus Plus Plus VITAUIS LHCITU-IPTIT | Dr.Oetker MULTI-FRUCHT MULTI-FRUCHT MULTI-FRUCHT MULTI-FRUCHT MUT-FRUQ크 MULTI-FRUCHT MULTI-FRUCHT 'Plus snld Hier öffnen VITAUIS | DrOetker DrOetker Dr.Oetker Dr.Oetker Dr.Oetker Dr.Oetker SITLIS 05.21L095 2 | G snldusnu OCCLPTIPTIT 9 Knusper Mindestens haltbar bis Ende: Monat/Jahr | Mindestens haltbar bis Ende: Monat/Jah 05.21 L0952 müsli MULTI-FRUCHT Plus | Dr.0etker G,"[[""Hier Öffnen"", 75, 26, 326], [""VITALIS"", 178, 131, 193], [""Dr.Oetker"", 174, 42, 8], [""05.21 L095 2"", 213, 28, 561], [""Knusper"", 258, 53, 229], [""müsli"", 288, 32, 253], [""Plus"", 288, 54, 332], [""MULTI-FRUCHT"", 326, 24, 214], [""Dr.Oetker"", 461, 54, 16], [""Mindestens haltbar bis Ende: Monat/Jahr"", 253, 20, 511], [""Hier öffnen"", 74, 27, 325], [""VITALIS"", 178, 147, 185], [""Dr Oetker"", 173, 46, 7], [""05.21 L095 2"", 214, 27, 560], [""Knusper"", 258, 53, 226], [""Mindestens haltbar bis Ende: Monat/Jahr"", 253, 20, 510], [""musli"", 286, 37, 251], [""Plus"", 287, 62, 324], [""MULTI-FRUCHT"", 327, 28, 213], [""Dr.Oetker"", 461, 68, 9], [""Dr.Oetker"", 143, 256, 133], [""Dr.Oetker"", 90, 165, 427], [""VITAUIS"", 316, 272, 374], [""MULTI-FRUCHT"", 331, 232, 282], [""Knusper"", 306, 160, 331], [""müsli'"", 291, 90, 319], [""'Plus"", 368, 101, 310], [""Hier öffnen"", 370, 91, 533], [""Mindestens haltbar bis Ende: Monat/Jah"", 639, 252, 361], [""05.21 L0952"", 654, 183, 393], [""OCCLPTIPTIT"", 566, 231, 313], [""snldusnu"", 567, 178, 270], [""G"", 513, 18, 106], [""LHCITU-IPTIT"", 296, 25, 453], [""snld"", 334, 61, 473], [""SITLIS"", 444, 134, 456], [""9"", 506, 15, 506], [""Hier öffnen"", 75, 22, 329], [""VITALIS"", 177, 132, 188], [""Dr. Oetker"", 174, 42, 7], [""05.21 L095 2"", 214, 28, 562], [""Knusper"", 258, 51, 231], [""Mindestens haltbar bis Ende: Monat/Jahr"", 252, 17, 514], [""Plus"", 288, 52, 331], [""müsli"", 289, 34, 252], [""MULTI-FRUCHT"", 326, 25, 215], [""Dr.Oetker"", 460, 58, 15], [""Hier öffnen"", 75, 22, 329], [""VITALIS"", 177, 132, 188], [""Dr. Oetker"", 174, 42, 7], [""05.21 L095 2"", 214, 28, 562], [""Knusper"", 258, 51, 231], [""Mindestens haltbar bis Ende: Monat/Jahr"", 252, 17, 514], [""Plus"", 288, 52, 331], [""müsli"", 289, 34, 252], [""MULTI-FRUCHT"", 326, 25, 215], [""Dr.Oetker"", 460, 58, 15], [""Hier öffnen"", 150, 45, 655], [""VITAUIS"", 352, 280, 390], [""Dr.Oetker"", 348, 71, 22], [""05.21L095 2"", 426, 47, 1127], [""Knusper"", 519, 98, 460], [""Mindestens haltbar bis Ende: Monat/Jahr"", 504, 31, 1026], [""Plus"", 577, 97, 654], [""müsli"", 576, 64, 508], [""MULTI-FRUCHT"", 652, 39, 435], [""Dr.0etker"", 920, 115, 27], [""G"", 938, 109, 1228], [""DrOetker"", 176, 48, 6], [""05.21 LO85 2"", 212, 29, 561], [""MUT-FRUQ크"", 327, 27, 217], [""VITAIS"", 178, 136, 193], [""DrOetker"", 460, 57, 13], [""Hler offnen"", 75, 28, 326], [""DrOetker"", 174, 43, 7], [""05.21L095 2"", 213, 28, 561], [""Knusper"", 259, 50, 230], [""Mindesters haltbar bs Ende: Monat/lahr"", 253, 20, 512], [""musli"", 288, 29, 254], [""Plus"", 288, 51, 332], [""MULTI-FRUCHT"", 327, 28, 213], [""DrOetker"", 460, 57, 14], [""VITAUIS"", 178, 131, 193]]"
001206,NONE,05,21,NONE-05-21,rot90,Dr.Oetker Dr.Oetker | MULTI-FRUCHT VITALIS Hier öffnen | 05.21 L0952,"[[""Dr.Oetker"", 97, 184, 160], [""Dr.Oetker"", 94, 129, 471], [""MULTI-FRUCHT"", 241, 170, 301], [""VITALIS"", 253, 186, 413], [""Hier öffnen"", 304, 70, 557], [""05.21 L0952"", 484, 139, 382]]"
001214,2015,05,02,2015-05-02,erode5,2.05.15,"[[""2.05.15"", 392, 47, 297]]"
001215,2021,05,13,2021-05-13,clahe,Gery E8F：13052021  Garudafood | dhoco | Giadkers | U:00100014221200 | MD235513036016 CHOCOLATE | RACKERS 게리초코크래커,"[[""Gery"", 158, 196, 17], ["" Garudafood"", 116, 52, 574], [""E8F：13052021"", 182, 33, 490], [""dhoco"", 274, 103, 290], [""Giadkers"", 329, 154, 272], [""U:00100014221200"", 674, 27, 0], [""MD235513036016"", 690, 29, 0], [""CHOCOLATE"", 686, 45, 635], [""RACKERS"", 706, 24, 1], [""게리초코크래커"", 708, 25, 689]]"
001223,2021,11,NONE,2021-11-NONE,fail,"LEVANTEAQUIPARAABRIR LIFTHERE TOOPEN | FR등AA | HIEAM C CREAM CHEESEIOUE Kraft CREAM CHEESEIOUESO.CREMA NETWT/CONT. EMA NETWT/CON.NET:8OZ（2269)@D TTNCAT NET:80Z22690 NET:8OZ226GD NET:80Z（2269)@D | ORIGINAL Kraft Kraft Kraft Kraft Kraft 99L. 8 CR통AM SEM REVA F81756 F81756 F81756 11 APR_2021 11 APR_2021 11 APR_2021 1 WT/CONTNET:8OZ2269)D | BEST WHEN USED BY DATE SHOWN, BEST WHEN USED BY DATE SHOWN, BEST WHEN USED BY DATE SHOWN, | LOTEY FECHA DE CADUCDAD LOTEYFECHA DE CADUCDAD LOTEY FECHA DE CADUCDAD | ORIGINAL ORIGINAL ORIGINAL ORIGINAL ORIGINAYL Kraft IMPRESOS ENEL ENVASE MAPRESOS ENELENVASE IMPRESOS EN EL ENVASE 11APR_2021 | LETHERETOOREN LIFTHERE TOOPEN LFT HERE TOOPEN LIFTHERETOOPEN CREA TUCKFLAPINTOCLOSE TUCK FLAPINTOCLOSE TUCKFLAPINTOCLOSE TUCKRAPINTOCLOSE ~ F81756 - | LENAATENIMPI LEVANTEAQUIPARAABRIR LEVANTEAQUIPARAABRIR LEVANTEAQUIPARAABRIR GUS METALASOLAPAPARACERRAR METALASOLAPAPARACERRAR METALASOLAPAPARACERRAR METAZASOLAPAPARACERRMR BEST WHEN USED BY DATE SHOWN, REMA | LOTE Y FECHA DE CADUCIDAD | ORIGINAL MMPRESOS EN EL ENVASE | LIFT HERE TOOPEN BEST WHEN USED BY DATE SHOWN, F8 CREAM CHEESE/QUESO CREMA ORNGMLAL TUCKFLAPINTOCLOSE | LEVANTEAQUIPARAABRIR METALASOLAPAPARACERRAR TUCKFLAPINTOCLOSE 11 APR_2021 NET:80Z（2269)D SS METALASOLAPAPARACERRAR NETWT/CONT.NET:80Z(2269) KD | Kraft F81756 11 APR_2021 | BEST WHEN USED BY DATE SHOWN, | LOTE Y FECHA DE CADUCIDAD | ORIGINAL IMPRESOS EN EL ENVASE | LIFT HERE TOOPEN TUCKFLAPINTOCLOSE | LEVANTEAQUIPARAABRIR METALASOLAPAPARACERRAR","[[""Kraft"", 389, 48, 225], [""11 APR_2021"", 377, 32, 533], [""F81756"", 397, 29, 539], [""BEST WHEN USED BY DATE SHOWN,"", 424, 26, 499], [""ORIGINAL"", 448, 45, 198], [""LIFTHERETOOPEN"", 486, 26, 54], [""TUCK FLAPINTOCLOSE"", 490, 25, 570], [""LEVANTEAQUIPARAABRIR"", 504, 24, 13], [""METALASOLAPAPARACERRAR"", 508, 25, 569], [""FR등AA"", 244, 19, 209], [""CREAM CHEESEIOUESO.CREMA"", 297, 20, 200], [""NETWT/CON.NET:8OZ（2269)@D"", 311, 26, 378], [""LOTEYFECHA DE CADUCDAD"", 437, 20, 500], [""MAPRESOS ENELENVASE"", 448, 19, 500], [""CREAM CHEESEIOUE"", 297, 22, 198], [""EMA"", 299, 16, 479], [""NETWT/CONT."", 310, 17, 381], [""NET:80Z（2269)@D"", 310, 29, 530], [""Kraft"", 388, 55, 221], [""11 APR_2021"", 376, 34, 531], [""F81756"", 396, 30, 539], [""ORIGINAL"", 447, 52, 194], [""BEST WHEN USED BY DATE SHOWN,"", 424, 24, 499], [""LOTEY FECHA DE CADUCDAD"", 436, 20, 499], [""IMPRESOS EN EL ENVASE"", 448, 17, 501], [""LIFTHERE TOOPEN"", 486, 25, 52], [""TUCKFLAPINTOCLOSE"", 490, 25, 570], [""LEVANTEAQUIPARAABRIR"", 504, 23, 13], [""METALASOLAPAPARACERRAR"", 508, 26, 569], [""LEVANTEAQUIPARAABRIR"", 94, 163, 206], [""LIFTHERE TOOPEN"", 112, 121, 225], [""CR통AM SEM"", 334, 291, 457], [""ORIGINAL"", 332, 268, 251], [""Kraft"", 290, 129, 309], [""BEST WHEN USED BY DATE SHOWN,"", 578, 155, 285], [""NET:80Z（2269)D"", 651, 257, 395], [""F8"", 564, 52, 314], [""11 APR_2021"", 612, 155, 327], [""METALASOLAPAPARACERRAR"", 663, 189, 199], [""TUCKFLAPINTOCLOSE"", 644, 147, 220], [""SS"", 624, 43, 491], [""TTNCAT"", 271, 43, 495], [""99L."", 324, 28, 304], [""8"", 324, 20, 388], [""HIEAM C"", 297, 10, 208], [""NET:80Z22690"", 310, 21, 534], [""Kraft"", 389, 54, 220], [""11 APR_2021"", 377, 31, 534], [""F81756"", 397, 29, 540], [""BEST WHEN USED BY DATE SHOWN,"", 424, 23, 500], [""ORIGINAL"", 450, 43, 200], [""LOTEY FECHA DE CADUCDAD"", 438, 19, 501], [""IMPRESOS ENEL ENVASE"", 449, 18, 502], [""LFT HERE TOOPEN"", 487, 23, 55], [""TUCKFLAPINTOCLOSE"", 490, 23, 570], [""LEVANTEAQUIPARAABRIR"", 505, 20, 15], [""METALASOLAPAPARACERRAR"", 508, 23, 571], [""WT/CONTNET:8OZ2269)D"", 374, 29, 514], [""REVA"", 361, 10, 562], [""Kraft"", 468, 56, 268], [""11APR_2021"", 454, 35, 642], [""F81756"", 480, 27, 654], [""BEST WHEN USED BY DATE SHOWN,"", 511, 25, 603], [""ORIGINAL"", 542, 51, 241], [""LOTE Y FECHA DE CADUCIDAD"", 528, 20, 605], [""MMPRESOS EN EL ENVASE"", 540, 23, 604], [""LIFT HERE TOOPEN"", 588, 25, 66], [""TUCKFLAPINTOCLOSE"", 591, 26, 688], [""LEVANTEAQUIPARAABRIR"", 608, 24, 18], [""METALASOLAPAPARACERRAR"", 614, 27, 688], [""CREA"", 483, 36, 380], [""~"", 481, 26, 658], [""-"", 482, 15, 804], [""GUS"", 506, 23, 531], [""REMA"", 507, 22, 802], [""ORNGMLAL"", 568, 34, 529], [""CREAM CHEESE/QUESO CREMA"", 595, 34, 403], [""NETWT/CONT.NET:80Z(2269)"", 620, 41, 759], [""KD"", 626, 27, 1449], [""Kraft"", 778, 87, 453], [""11 APR_2021"", 755, 54, 1068], [""F81756"", 794, 49, 1082], [""BEST WHEN USED BY DATE SHOWN,"", 848, 35, 1002], [""ORIGINAL"", 898, 91, 396], [""LOTE Y FECHA DE CADUCIDAD"", 874, 29, 1003], [""IMPRESOS EN EL ENVASE"", 898, 29, 1003], [""LIFT HERE TOOPEN"", 972, 35, 110], [""TUCKFLAPINTOCLOSE"", 980, 37, 1148], [""LEVANTEAQUIPARAABRIR"", 1008, 35, 32], [""METALASOLAPAPARACERRAR"", 1016, 38, 1145], [""Kraft"", 390, 55, 217], [""ORIGINAYL"", 450, 43, 200], [""NET:8OZ226GD"", 310, 25, 533], [""1"", 380, 10, 644], [""LETHERETOOREN"", 487, 26, 52], [""TUCKRAPINTOCLOSE"", 490, 25, 571], [""LENAATENIMPI"", 504, 20, 15], [""METAZASOLAPAPARACERRMR"", 508, 25, 571], [""Kraft"", 389, 54, 220], [""ORIGINAL"", 450, 43, 199]]"
001236,2028,01,11,2028-01-11,rot90,컨슈머가 되는 길 니다.소비자다 rand | delicious 딸기맛 떠먹는 요구르트 3 N-T11. 01. 28. | T,"[[""컨슈머가 되는 길"", 65, 120, 321], [""니다.소비자다"", 62, 116, 355], [""rand"", 62, 114, 384], [""떠먹는 요구르트"", 424, 504, 210], [""01."", 338, 45, 434], [""delicious"", 432, 211, 81], [""N-T11."", 373, 90, 401], [""28."", 380, 57, 430], [""딸기맛"", 430, 137, 175], [""3"", 447, 16, 407], [""T"", 765, 6, 391]]"
001237,2028,01,11,2028-01-11,rot90,ogurt 컨슈머가 되는 길 니다.소비자다 rand | delicious 딸기맛 떠먹는 요구르트 N-T11. 01.28.,"[[""컨슈머가 되는 길"", 48, 97, 376], [""니다.소비자다"", 52, 100, 414], [""rand"", 62, 105, 445], [""ogurt"", 110, 171, 15], [""떠먹는 요구르트"", 316, 433, 170], [""delicious"", 281, 184, 92], [""딸기맛"", 302, 123, 168], [""N-T11."", 309, 76, 421], [""01.28."", 305, 83, 447]]"
001238,NONE,01,31,NONE-01-31,erode3,"√프로바이오피스 함유 | 성장에 필요한 | ,비타리D참유 | √얼려 멕으 더 맛었어의 | 도 m |  01.31 까지 | 뉴이","[[""√프로바이오피스 함유"", 278, 34, 69], [""성장에 필요한"", 312, 21, 95], ["",비타리D참유"", 332, 29, 91], [""√얼려 멕으 더 맛었어의"", 368, 30, 69], [""도"", 475, 38, 0], [""m"", 471, 18, 432], ["" 01.31"", 522, 34, 387], [""까지"", 522, 23, 583], [""뉴이"", 690, 55, 22]]"
001239,2020,12,19,2020-12-19,s2,상하목장 | 2020.12.19 L1 SUOw | 천천히.을바르게 | SLOW KITCHEN | PUMPKIN CREAM SOUP | 단호박크림스프,"[[""상하목장"", 236, 54, 557], [""SUOw"", 310, 44, 517], [""천천히.을바르게"", 389, 43, 519], [""SLOW KITCHEN"", 432, 39, 455], [""단호박크림스프"", 596, 121, 235], [""2020.12.19 L1"", 328, 37, 95], [""PUMPKIN CREAM SOUP"", 513, 36, 409]]"
001254,2019,09,13,2019-09-13,det5,10:53 | 2019.09.13 | 까지 | 드시기 전 충분히 흔들어 주세요 새로운캡 | 손쉽게,"[[""10:53"", 194, 51, 288], [""2019.09.13"", 242, 46, 130], [""까지"", 314, 57, 372], [""새로운캡"", 516, 54, 639], [""드시기 전 충분히 흔들어 주세요"", 529, 46, 154], [""손쉽게"", 617, 100, 577]]"
001257,2023,07,03,2023-07-03,up2x,EPIRY DATE:2023/07/3 L.1852),"[[""EPIRY DATE:2023/07/3 L.1852)"", 884, 185, 660]]"
001261,2018,06,11,2018-06-11,rot180,）） | 8S180611-68 | HIO | .017'03,"[[""））"", 258, 36, 118], [""8S180611-68"", 330, 44, 115], [""HIO"", 383, 22, 529], ["".017'03"", 497, 20, 521]]"
001262,2021,03,25,2021-03-25,erode3,THE테트리스.찜닭 | OHER | 2021.03.257,"[[""OHER"", 370, 16, 58], [""2021.03.257"", 412, 27, 83], [""THE테트리스.찜닭"", 286, 41, 240]]"
001268,2022,09,05,2022-09-05,s2,디자인워터 허니부쉬레온 | 직품유 | 내용 30R13gX107H170kcal | 내보정재 플리에틸렌 | 보고호 19990372301-514 | 제조 | 소비자상담실 080-542-6656（午 | 에리스리5.시과산 레온부일 스트린 유당 레 | 유사제 | 원재료영 및 함량 CN | 65 | 보신오  | 1399 본제중은 | 은 제조시설에서 제조최고요 보 | 영양정보 1개uBgs 0.kcal | 国0%含特0%80%000%0% | 유통기한 2022.09.05 까지,"[[""직품유"", 120, 23, 229], [""내용"", 133, 20, 232], [""소비자상담실"", 186, 25, 213], [""080-542-6656（午"", 190, 25, 291], [""에리스리5.시과산 레온부일 스트린 유당 레"", 205, 26, 290], [""CN"", 232, 23, 323], [""65"", 256, 25, 396], [""영양정보"", 384, 25, 197], [""유통기한"", 469, 24, 195], [""디자인워터 허니부쉬레온"", 109, 22, 295], [""30R13gX107H170kcal"", 136, 23, 295], [""내보정재"", 146, 21, 222], [""플리에틸렌"", 148, 20, 295], [""보고호"", 158, 20, 216], [""19990372301-514"", 162, 20, 294], [""제조"", 172, 19, 230], [""원재료영 및 함량"", 230, 22, 209], [""유사제"", 218, 13, 385], [""보신오 "", 287, 24, 319], [""1399"", 297, 16, 298], [""본제중은"", 296, 13, 326], [""은 제조시설에서 제조최고요"", 334, 15, 226], [""보"", 334, 9, 337], [""1개uBgs 0.kcal"", 395, 12, 423], [""国0%含特0%80%000%0%"", 418, 28, 193], [""2022.09.05"", 474, 22, 274], [""까지"", 476, 16, 462]]"
001269,2021,01,NONE,2021-01-NONE,fail,20 Best before: at buferes Best before: Best before: Best before:11/0ct/2021 11/0ct/2021 1i/0ct/2021 11/0ct/2021 201931102 Best before: | 201931102 201931102 12 201931102 201931102 23:33:03 23:33:03 23:33:03 2333:03 | 201931102 Best before:11/0ct/2021 23:33:03 23:33:03 11/0ct/2021 | Best before: 11/0ct/2021 | 201931102 23:33:03 | A,"[[""Best before:"", 321, 36, 257], [""11/0ct/2021"", 323, 26, 400], [""201931102"", 344, 32, 258], [""23:33:03"", 346, 32, 399], [""Best before:"", 319, 38, 255], [""11/0ct/2021"", 322, 29, 400], [""201931102"", 343, 40, 253], [""23:33:03"", 346, 31, 400], [""A"", 869, 136, 219], [""201931102"", 310, 105, 601], [""Best before:"", 324, 130, 623], [""23:33:03"", 450, 100, 600], [""11/0ct/2021"", 461, 116, 621], [""Best before:11/0ct/2021"", 322, 37, 255], [""201931102"", 344, 31, 256], [""2333:03"", 347, 30, 401], [""Best before:11/0ct/2021"", 424, 47, 338], [""201931102"", 454, 40, 340], [""23:33:03"", 458, 35, 533], [""20"", 316, 113, 12], [""Best before:"", 642, 61, 519], [""11/0ct/2021"", 644, 46, 808], [""201931102"", 688, 61, 516], [""23:33:03"", 692, 55, 805], [""at buferes"", 321, 34, 257], [""12"", 343, 32, 256], [""Best before:"", 320, 37, 257], [""1i/0ct/2021"", 323, 26, 400], [""201931102"", 344, 34, 256], [""23:33:03"", 347, 30, 399]]"
001270,2021,01,NONE,2021-01-NONE,fail,Best before Beat befere Best before Best before: Best before:   11 0ct/2021 110ct/2021 110ct/2021 1i/0ct/2021 | 201931102 201931102 201931102 201931102 201931102 23:33:03 23:33:03 23:33:03 23.33:03 | 201931102 | 시 | Oct Best before 11/0ct/2021 | 1202/05011 2021 201931102 23.33.03,"[[""Best before"", 210, 29, 226], [""1i/0ct/2021"", 214, 23, 356], [""201931102"", 224, 25, 226], [""23.33:03"", 228, 23, 354], [""Best before"", 208, 28, 226], [""201931102"", 223, 30, 222], [""11 0ct/2021"", 212, 23, 354], [""23:33:03"", 228, 25, 351], [""201931102"", 273, 85, 402], [""시"", 372, 12, 409], [""Oct"", 398, 31, 421], [""2021"", 438, 41, 420], [""1202/05011"", 428, 23, 178], [""Best before:"", 210, 29, 227], [""110ct/2021"", 213, 22, 356], [""201931102"", 224, 25, 225], [""23:33:03"", 228, 24, 353], [""Best before:"", 210, 29, 227], [""110ct/2021"", 213, 22, 356], [""201931102"", 224, 25, 225], [""23:33:03"", 228, 24, 353], [""Best before"", 418, 49, 457], [""11/0ct/2021"", 425, 38, 712], [""201931102"", 448, 47, 452], [""23.33.03"", 457, 34, 711], ["" "", 220, 53, 221], [""Beat befere"", 210, 27, 227], [""201931102"", 224, 27, 225]]"
001274,2022,06,17,2022-06-17,s2,식품위생법에 의한 한글표시사항 | 중명 | 110g（614.68kcal) | 완산지및제조사E키 ANL GDASANVETICAS | 코코O | T 00 | 영양정보 | 보고 배념e E | PP m 0%4 | EV | Sen/ Nahnwt e/War | Kirng? saden/Wovt odye/ytiot hodnoty/Valores miconuie | Stot in a col and dy place/ Koel en droog be waren/ Kohlund Enegy/EregeEno | Walor enemetEneou |  eenFe/Moies ge sey/ Theaal Fe/ Idy/lalgy/ Gead Geank | ofwtih stuates /waanan veradgde wetuam/ daengrunpe fes | P uts w tym kwny thcowe natycone/ vae mitt fee/2tahe nane | EETS dez332.1508X07aandam AIO Catolydrate/Koolydraten/ Kohlenhydrate/Gucdes/Weglowod natent musne elin de le oules strades/ d os add gesl uut | yco.com www.jouyco.com F | Oe-H32nw -of whidh sogars /waaran sulen /daven Zacker /don suoe w ym ak | Harrogate -Herth Yoriatire -United Kingdom oknlztohoaky/de en cls anicm/dct ncdhe | bet beoe/len me bouhur tt/Mndetms hahur be Petin/Eesel Be Poteney Boe Photn | SFoUUSSESUSaUSaUSNSOUSUSe | Conumie predeeotemente artes det/ Da consamunl preteriblnerte erto lt Net Wt | JOUY | 4CO | BEST BEFORE | 17/06/2022 | Lot NO:117 | 8 19189,"[[""식품위생법에 의한 한글표시사항"", 88, 33, 157], [""영양정보"", 181, 26, 516], [""F"", 375, 26, 233], [""Net Wt"", 426, 31, 530], [""중명"", 110, 17, 166], [""110g（614.68kcal)"", 119, 22, 220], [""완산지및제조사E키 ANL GDASANVETICAS"", 134, 27, 160], [""코코O"", 156, 13, 381], [""00"", 176, 18, 222], [""T"", 184, 9, 232], [""배념e"", 205, 12, 480], [""E"", 206, 21, 515], [""PP"", 224, 13, 482], [""m"", 219, 22, 516], [""0%4"", 217, 18, 579], [""보고"", 228, 11, 170], [""EV"", 228, 21, 515], [""Sen/ Nahnwt"", 262, 11, 463], [""e/War"", 255, 10, 596], [""Kirng?"", 282, 15, 337], [""saden/Wovt odye/ytiot hodnoty/Valores miconuie"", 272, 31, 361], [""waren/ Kohlund"", 296, 18, 234], [""Enegy/EregeEno"", 290, 23, 335], [""Stot in a col and dy place/ Koel en droog be"", 302, 28, 51], [""Walor enemetEneou"", 301, 22, 335], ["" eenFe/Moies ge"", 310, 23, 336], [""sey/ Theaal Fe/ Idy/lalgy/ Gead Geank"", 303, 26, 454], [""ofwtih stuates /waanan veradgde wetuam/ daengrunpe fes"", 318, 31, 338], [""uts w tym kwny thcowe natycone/ vae mitt fee/2tahe nane"", 329, 31, 349], [""P"", 344, 13, 241], [""natent musne elin de le oules strades/ d os add gesl uut"", 340, 32, 338], [""dez332.1508X07aandam"", 356, 19, 101], [""AIO"", 358, 9, 236], [""Catolydrate/Koolydraten/ Kohlenhydrate/Gucdes/Weglowod"", 352, 28, 337], [""EETS"", 368, 22, 49], [""yco.com www.jouyco.com"", 375, 20, 88], [""-of whidh sogars /waaran sulen /daven Zacker /don suoe w ym ak"", 374, 29, 339], [""Oe-H32nw"", 391, 19, 97], [""oknlztohoaky/de en cls anicm/dct ncdhe"", 388, 29, 338], [""Harrogate -Herth Yoriatire -United Kingdom"", 400, 27, 49], [""Petin/Eesel Be Poteney Boe Photn"", 399, 26, 336], [""bet beoe/len me bouhur tt/Mndetms hahur be"", 410, 32, 51], [""SFoUUSSESUSaUSaUSNSOUSUSe"", 410, 25, 337], [""Conumie predeeotemente artes det/ Da consamunl preteriblnerte erto lt"", 436, 31, 52], [""JOUY"", 439, 21, 448], [""4CO"", 448, 12, 470], [""BEST"", 473, 16, 131], [""BEFORE"", 470, 17, 184], [""17/06/2022"", 483, 20, 131], [""Lot"", 496, 18, 132], [""NO:117"", 494, 19, 174], [""8"", 498, 9, 544], [""19189"", 496, 17, 572]]"
001279,2022,10,09,2022-10-09,s2,WA02830585EXP2022/10/09 | 건강기능식품 식청의약안전서 기능식품,"[[""건강기능식품"", 631, 130, 0], [""기능식품"", 624, 73, 384], [""WA02830585EXP2022/10/09"", 530, 25, 57], [""식청의약안전서"", 625, 62, 357]]"
001280,2022,10,09,2022-10-09,s2,WA02830585EXP2022/10/09 | 영,"[[""영"", 388, 32, 7], [""WA02830585EXP2022/10/09"", 335, 40, 23]]"
001286,2022,11,21,2022-11-21,s2,"OLIO DI SEMI DI VINACCIOLO | GRAPESEED OIL | 스틸라포도씨유 | (Stilla Grape Seed Oil) | ·시의형:기타 식동성 유지 | 조사원산지:AgriolSpA/o | ·수업원 | 精话盟01名Tel:0238522 | ·유통기2:제품축면의도표시인어지(읽는법:일/원/년습) | ·모장재장:용가-유리,뚜장-고일도으리에달렌,알이능 | ：8含：1.000ml(1L）（8.100GD 음리 | ·교환장소:수입원 및 구입치 | ·보관방법:직사광선이 없는 시는안 공에 보관 :orer | ·본 계품은 공정거래위원회 고시비자분쟁해결기에 의기 | 교환 및 환불 받으실 수 있습니다. | 역양계보 100m1 1일영양 100m 1 | 나트 Orng 00 지방 90u 67 | 단수하를 00 트랜스지방 | 당류 Ou 00 화지방 100 | 플레스트를 O 00 단백질 00 00% | 2.000k710-028 | core tlore in a coo and dry place, away from light and heat Canservir in huogD frosco e asciutto, al riparo dalle tuce e da tono | DA CONSUMARSI PREFERIBLMENTE ENTRO/ BEST BEFORE END | 21/11/2022 | L20.326 lle | ACRDL SPA- VIa Seude Snc CONFEZIONATO DA/ PACKED BY: | www. agrioil.t occadanpide (SA)- Italy 014117 440046","[[""·시의형:기타 식동성 유지"", 105, 24, 202], [""조사원산지:AgriolSpA/o"", 130, 24, 201], [""精话盟01名Tel:0238522"", 156, 24, 205], [""lle"", 450, 31, 455], [""ACRDL SPA- VIa Seude Snc"", 482, 28, 189], [""CONFEZIONATO DA/ PACKED BY:"", 472, 26, 190], [""occadanpide (SA)- Italy"", 492, 27, 189], [""OLIO DI SEMI DI VINACCIOLO"", 39, 22, 282], [""GRAPESEED OIL"", 51, 20, 315], [""스틸라포도씨유"", 78, 15, 243], [""(Stilla Grape Seed Oil)"", 90, 15, 248], [""·수업원"", 145, 16, 203], [""·유통기2:제품축면의도표시인어지(읽는법:일/원/년습)"", 182, 23, 201], [""·모장재장:용가-유리,뚜장-고일도으리에달렌,알이능"", 196, 19, 201], [""：8含：1.000ml(1L）（8.100GD"", 210, 15, 203], [""·교환장소:수입원 및 구입치"", 223, 15, 203], [""음리"", 214, 9, 477], [""·보관방법:직사광선이 없는 시는안 공에 보관"", 236, 14, 203], ["":orer"", 234, 19, 464], [""·본 계품은 공정거래위원회 고시비자분쟁해결기에 의기"", 251, 18, 199], [""교환 및 환불 받으실 수 있습니다."", 264, 15, 209], [""역양계보"", 300, 21, 200], [""100m1"", 302, 15, 263], [""1일영양"", 298, 15, 338], [""100m"", 302, 15, 392], [""1"", 298, 15, 462], [""나트"", 323, 14, 262], [""Orng"", 323, 16, 314], [""00"", 324, 13, 364], [""지방"", 323, 14, 393], [""90u"", 324, 13, 448], [""67"", 324, 13, 485], [""단수하를"", 336, 15, 267], [""00"", 337, 14, 363], [""트랜스지방"", 336, 15, 397], [""화지방"", 348, 18, 396], [""당류"", 349, 14, 268], [""Ou"", 350, 14, 322], [""00"", 349, 14, 363], [""100"", 348, 16, 445], [""플레스트를 O"", 362, 15, 261], [""00"", 362, 13, 362], [""단백질"", 362, 15, 390], [""00"", 362, 14, 450], [""00%"", 360, 10, 485], [""2.000k710-028"", 374, 12, 389], [""core tlore in a coo and dry place, away from light and heat"", 406, 22, 191], [""Canservir in huogD frosco e asciutto, al riparo dalle tuce e da tono"", 396, 18, 193], [""DA CONSUMARSI PREFERIBLMENTE ENTRO/ BEST BEFORE END"", 417, 22, 191], [""21/11/2022"", 434, 17, 244], [""L20.326"", 450, 17, 256], [""www. agrioil.t"", 501, 23, 189], [""014117"", 502, 13, 390], [""440046"", 498, 19, 451]]"
001292,2032,09,NONE,2032-09-NONE,s2,"수입원:미성패일리(주)T | 서울특별시송파구삼학사로89 TGime: 20 Minutes | ·포장재질:플리에털렌 黑：外90%，10% he noodles in hot water for 2 minute | 보관상 주의사학직사광선를피하고 실은에서 보관 l soened Drain and rinse in cold | 반품및교환구입처및수입원 ·기에따라 ReaTHA SaUCe를 가미해서 드세요. ir for 30 seconds. Set aside. | ·제품 전연의 사진은 조리에입니다. ar Anise, Cinnamon Stick, Ginge | 011399 Browin sugar in the chicken stock. | Jit to boll | D성ojoi www.msimall.co.kr | 영양정보 LA 49.03mg 2%지 ninutes. Discard the Cinamon Stock and ir and simmer over medium heat fer | 高488号250 2032 09 0 63%스지 Anise. Add THA! Fish sauce | 902kcal A 0mg 9 Rice vinegar into the chicken stodk. | the Slieed Chicken Breast witnte | ared noodles. | RICE STICK 3 mm 9 the Stock  ure to a bowl an | over the Chs | ishy th the E Sprout! | ande Leaves. | e wit the lime fgos. | DFO EKBALLE 'IR: | 8858135001551 | Foo Irsto | imal 10120 | 3,Bar | re ipes | se visit cons | omments6","[[""TGime: 20 Minutes"", 18, 33, 444], [""he noodles in hot water for 2 minute"", 40, 34, 427], [""l soened Drain and rinse in cold"", 56, 35, 424], [""ir for 30 seconds. Set aside."", 70, 32, 424], [""ar Anise, Cinnamon Stick, Ginge"", 87, 30, 441], [""Browin sugar in the chicken stock."", 102, 30, 424], [""ir and simmer over medium heat fer"", 132, 26, 421], [""ninutes. Discard the Cinamon Stock and"", 146, 27, 420], [""Anise. Add THA! Fish sauce"", 162, 28, 422], [""Rice vinegar into the chicken stodk."", 177, 22, 421], [""the Slieed Chicken Breast witnte"", 191, 27, 418], [""9 the Stock "", 224, 27, 413], [""th the E"", 253, 22, 455], [""8858135001551"", 328, 28, 112], [""수입원:미성패일리(주)T"", 8, 14, 70], [""서울특별시송파구삼학사로89"", 17, 18, 112], [""黑：外90%，10%"", 39, 22, 69], [""·포장재질:플리에털렌"", 51, 16, 71], [""보관상 주의사학직사광선를피하고 실은에서 보관"", 60, 29, 69], [""반품및교환구입처및수입원"", 72, 21, 70], [""·기에따라 ReaTHA SaUCe를 가미해서 드세요."", 82, 32, 69], [""·제품 전연의 사진은 조리에입니다."", 94, 22, 70], [""011399"", 105, 21, 71], [""Jit to boll"", 114, 21, 423], [""D성ojoi www.msimall.co.kr"", 127, 22, 73], [""영양정보"", 148, 20, 67], [""49.03mg"", 150, 15, 166], [""2%지"", 146, 17, 227], [""LA"", 150, 13, 123], [""高488号250"", 162, 17, 67], [""2032"", 158, 15, 182], [""63%스지"", 156, 19, 220], [""09"", 170, 13, 194], [""0"", 166, 21, 227], [""902kcal"", 176, 18, 72], [""A"", 180, 18, 123], [""0mg"", 179, 12, 189], [""9"", 172, 7, 334], [""ared noodles."", 208, 24, 416], [""ure to a bowl an"", 220, 21, 515], [""RICE STICK 3 mm"", 228, 22, 130], [""over"", 241, 16, 420], [""the Chs"", 238, 21, 454], [""ishy"", 255, 18, 416], [""Sprout!"", 250, 19, 533], [""ande"", 270, 22, 413], [""Leaves."", 267, 21, 456], [""e wit"", 285, 18, 415], [""the lime"", 282, 20, 456], [""fgos."", 279, 16, 534], [""DFO"", 304, 16, 416], [""EKBALLE"", 299, 22, 459], [""'IR:"", 296, 13, 538], [""Foo"", 336, 13, 420], [""Irsto"", 336, 11, 452], [""imal"", 350, 13, 410], [""10120"", 352, 16, 545], [""3,Bar"", 360, 17, 406], [""re"", 376, 13, 417], [""ipes"", 374, 18, 443], [""se visit"", 387, 23, 404], [""omments6"", 400, 19, 406], [""cons"", 395, 12, 494]]"
001293,2020,09,NONE,2020-09-NONE,det5,日期：2020/09 SAUT |    净含量：400,"[[""日期：2020/09"", 348, 59, 223], [""SAUT"", 344, 33, 715], [""  "", 584, 36, 508], [""净含量：400"", 575, 45, 620]]"
001297,2023,11,NONE,2023-11-NONE,s2,"동위정입에 의한 한글표시사항> | ：（0.1%）4：200g（：720KCa款：风：MADEIN | TALY别风：三0附（TEL:070-86677460）吉 | 31果做生1（：/壁大PAPILLONSPL | 재질:플리프로렌 원재료명·설당포도당시럽 모도당,구연산 천연형료(데본청이 15 심식소본 용은 공정거위 고시 | 소비자 분기에 의거그는 보상을 받을 수 있습니다.보관방법고은 다습 직사광선을 피하고 실은보관 주의사항 신맛이 | 강에 어린이이 장시간 물고 입거나,여러 게를 한번에 심취하면 입속에 상처나 심한 경우 영중이 유발될수 영양정보 #48号200g | 있어주의가 필요함""부정량식품신고-국번없이 100g5/360kcal | 上国0mg0%个特量9g28%弄76.4g782 | 200ge7.05oz MADE IN ITALY 不0g0%天0业赠0g0% | B스터S Ong OSE2 | PESO NETTO /NET WEIGHT | CARAMELLE DURE AL GUSTO DI UIMONE RIPIENE CON POLVERE FREZZANTE | ineredenemucchero.sckoppo di gucosio, destrosio. acidmante acido cllico (E33os | aroma natirale ds lmane Co Tose), calorante curcumru CEtoas | HARD NOILED CANDHES WTTH LEMON FLAVOUR AND FILED WITH SOUR POWDER | naural lemon favOr Co.Tors). tumenc added for colur tEtool. | 2 Confezionato do Papilon srt-Consorto Fracta Labor | Ppllao www.perledisole.com | ComororeEpomo ihoeo thesoo e aseato kupo dle font d care e das loe | drota de ok/ Siare naoood dy poe ey hom he ooe aded araye | De cormaarni prcertimerte orto fine/Best bedore end/A 71et | 11/2023L20204150-331 8","[[""강에 어린이이 장시간 물고 입거나,여러 게를 한번에"", 112, 27, 21], [""심취하면 입속에 상처나 심한 경우 영중이 유발될수"", 128, 32, 21], [""영양정보"", 132, 21, 255], [""#48号200g"", 128, 23, 422], [""있어주의가 필요함\""부정량식품신고-국번없이"", 142, 30, 23], [""上国0mg0%个特量9g28%弄76.4g782"", 156, 31, 250], [""不0g0%天0业赠0g0%"", 174, 25, 253], [""：（0.1%）4：200g（：720KCa款：风：MADEIN"", 40, 45, 14], [""동위정입에 의한 한글표시사항>"", 22, 23, 187], [""TALY别风：三0附（TEL:070-86677460）吉"", 53, 36, 13], [""31果做生1（：/壁大PAPILLONSPL"", 72, 41, 15], [""재질:플리프로렌 원재료명·설당포도당시럽 모도당,구연산 천연형료(데본청이 15 심식소본 용은 공정거위 고시"", 86, 38, 17], [""소비자 분기에 의거그는 보상을 받을 수 있습니다.보관방법고은 다습 직사광선을 피하고 실은보관 주의사항 신맛이"", 101, 38, 19], [""100g5/360kcal"", 142, 19, 422], [""200ge7.05oz"", 171, 20, 26], [""MADE IN ITALY"", 172, 17, 148], [""B스터S Ong OSE2"", 189, 22, 255], [""PESO NETTO /NET WEIGHT"", 208, 19, 30], [""CARAMELLE DURE AL GUSTO DI UIMONE RIPIENE CON POLVERE FREZZANTE"", 224, 23, 31], [""ineredenemucchero.sckoppo di gucosio, destrosio. acidmante acido cllico (E33os"", 235, 21, 30], [""aroma natirale ds lmane Co Tose), calorante curcumru CEtoas"", 244, 21, 31], [""HARD NOILED CANDHES WTTH LEMON FLAVOUR AND FILED WITH SOUR POWDER"", 256, 21, 32], [""naural lemon favOr Co.Tors). tumenc added for colur tEtool."", 274, 20, 33], [""2"", 287, 10, 71], [""Confezionato do Papilon srt-Consorto Fracta Labor"", 284, 17, 133], [""Ppllao"", 300, 18, 51], [""www.perledisole.com"", 307, 18, 132], [""ComororeEpomo ihoeo thesoo e aseato kupo dle font d care e das loe"", 318, 16, 39], [""drota de ok/ Siare naoood dy poe ey hom he ooe aded araye"", 326, 17, 38], [""De cormaarni prcertimerte orto fine/Best bedore end/A 71et"", 337, 19, 36], [""11/2023L20204150-331"", 369, 18, 162], [""8"", 370, 14, 467]]"
001304,2021,04,12,2021-04-12,det5,"CHOIce | L 2021-04.12 | 부드럽게 | 발라먹는 | 버터 | Spreadable Butter | 51% /200g(1,570kcal) 조리예 | 냉장제품","[[""CHOIce"", 331, 32, 333], [""L"", 362, 42, 336], [""2021-04.12"", 369, 32, 381], [""부드럽게"", 439, 94, 251], [""발라먹는"", 494, 93, 240], [""버터"", 574, 159, 215], [""Spreadable Butter"", 653, 114, 149], [""51% /200g(1,570kcal)"", 729, 96, 148], [""조리예"", 800, 39, 557], [""냉장제품"", 834, 53, 434]]"
001305,2021,04,12,2021-04-12,up2x,CHoice | L 202104-12 | 부드럽게 | 발라먹는 | 버터 | Spreadable | 日51%/200g(1.570kcal) | 조리예 | * 냉장제품,"[[""CHoice"", 460, 41, 606], [""L"", 504, 65, 604], [""202104-12"", 517, 42, 689], [""부드럽게"", 600, 113, 472], [""발라먹는"", 673, 112, 453], [""버터"", 780, 198, 411], [""Spreadable"", 864, 97, 294], [""日51%/200g(1.570kcal)"", 982, 129, 277], [""조리예"", 1099, 48, 998], [""* 냉장제품"", 1138, 71, 782]]"
001308,2022,11,06,2022-11-06,clahe,13:37307BEST BEFORED6/11/2022 | cnge,"[[""13:37307BEST"", 184, 31, 192], [""BEFORED6/11/2022"", 194, 36, 183], [""cnge"", 482, 39, 133]]"
001313,2022,01,15,2022-01-15,s2,"컨크랜베리 | 제품명 건크랜베리 식품의유형 | 수입원 1214 당절임 | 소분원 | 반품및 교환처 구입처 및 해당업소 소비자상담실 | 031-763-466 | 유통기한 하단별도표시일까지 | 내용량 59Qg 원산지 미국 | 제조회사 마리아니팩킹사 | 원재료명및함량 5%%% | 내포장재질 폴리에틸렌(PE) | 닭고기,쇠고 지 오징어, 조개류(굴, 전복,홍합 포함), 아황산류를 사용한제 | 생산시설 서 포장하였습니다.특이체질,알레르기 체질의 경우에는? | 따라과민반응을나타낼 수 있으므로 드실 때 주의하시기 바랍 | 공정거래위원회 고시 소비자분쟁해결 기준에 의거 교환 또는 보상 | 유통기한 | 2022.01.15BVA16 까지 8801416824745 | OTHER","[[""컨크랜베리"", 42, 95, 270], [""제품명"", 120, 33, 197], [""건크랜베리"", 118, 32, 337], [""1214"", 162, 83, 313], [""식품의유형"", 136, 37, 488], [""수입원"", 150, 35, 197], [""당절임"", 156, 31, 650], [""소분원"", 178, 35, 197], [""구입처 및 해당업소"", 200, 31, 300], [""반품및 교환처"", 206, 36, 169], [""소비자상담실"", 216, 40, 480], [""하단별도표시일까지"", 242, 45, 453], [""031-763-466"", 233, 38, 619], [""유통기한"", 236, 32, 190], [""내용량"", 266, 25, 195], [""59Qg"", 258, 27, 350], [""원산지"", 272, 31, 507], [""마리아니팩킹사"", 299, 40, 470], [""미국"", 288, 36, 660], [""제조회사"", 292, 23, 186], [""원재료명및함량"", 320, 32, 155], [""5%%%"", 330, 61, 361], [""내포장재질"", 349, 31, 178], [""폴리에틸렌(PE)"", 358, 37, 474], [""닭고기,쇠고"", 467, 20, 156], [""생산시설"", 488, 27, 152], [""유통기한"", 610, 36, 122], [""까지"", 694, 24, 484], [""OTHER"", 702, 20, 536], [""8801416824745"", 691, 36, 613], [""지 오징어, 조개류(굴, 전복,홍합 포함), 아황산류를 사용한제"", 480, 58, 243], [""서 포장하였습니다.특이체질,알레르기 체질의 경우에는?"", 502, 54, 228], [""따라과민반응을나타낼 수 있으므로 드실 때 주의하시기 바랍"", 522, 56, 143], [""공정거래위원회 고시 소비자분쟁해결 기준에 의거 교환 또는 보상"", 546, 53, 141], [""2022.01.15BVA16"", 674, 19, 255]]"
001314,2022,01,15,2022-01-15,s2,"제품명 건크랜베리 식품의 유형 | 수입원 早12414号 당정임 | 소분원 구입처 및 해당업소 소비자 상담실 | 반품및 교환처 031-763-466 | 유통기한 하단별도표시일까지 | 내용량 50Q.g 원산지 미국 | 제조회사 마리아니택킹사 | 원재료명 및 함량 155%44%1% | 내포장재질 폴리에틸렌(PE) | 개봉 후에는 | 메' | 보징어, 조개류(글,전복,혼함 포학), 아황산류를 사용한제 | 장하였습니다.특이체질 알레르기체질의 경우에는 | 정거래위원회 고시 소비자분쟁해결 기준에 의거 교환 또는 보상 | 유통기한 | 2022.01.15BUA16 까지 OTHER","[[""제품명"", 89, 34, 137], [""수입원"", 108, 32, 138], [""구입처 및 해당업소"", 115, 44, 230], [""하단별도표시일까지"", 115, 36, 370], [""반품및 교환처"", 146, 44, 114], [""마리아니택킹사"", 152, 32, 389], [""유통기한"", 166, 35, 134], [""내용량"", 185, 31, 139], [""원재료명 및 함량"", 221, 42, 110], [""내포장재질"", 240, 37, 131], [""유통기한"", 424, 29, 95], [""당정임"", 34, 24, 541], [""식품의 유형"", 46, 25, 397], [""건크랜베리"", 60, 28, 261], [""早12414号"", 65, 68, 242], [""031-763-466"", 84, 27, 518], [""소비자 상담실"", 98, 28, 394], [""미국"", 120, 19, 561], [""소분원"", 127, 30, 140], [""원산지"", 134, 25, 420], [""50Q.g"", 153, 26, 278], [""155%44%1%"", 173, 61, 291], [""폴리에틸렌(PE)"", 191, 32, 395], [""제조회사"", 202, 30, 133], [""개봉 후에는"", 279, 34, 117], [""메'"", 306, 12, 146], [""보징어, 조개류(글,전복,혼함 포학), 아황산류를 사용한제"", 281, 82, 208], [""장하였습니다.특이체질 알레르기체질의 경우에는"", 298, 85, 200], [""정거래위원회 고시 소비자분쟁해결 기준에 의거 교환 또는 보상"", 338, 91, 112], [""까지"", 416, 19, 422], [""OTHER"", 410, 25, 467], [""2022.01.15BUA16"", 431, 49, 215]]"
001318,2020,03,28,2020-03-28,s2,KEEP IN COOL DRY PLACE - CONSERVAR EN LUGAR FRESCO Y SECO | XPAHMTb B CYXOM NPOXIATHOM MECTE NPM OTHOCMTENBHOR BNAKCHOCTH HE SONEE 7O% | CONSERVER DANS UN ENDROIT FRAIS ET SEC | PACKED DATE /FECHA DE EMBALAJE | AATA YTAKOBKM/DATE D'EMBALLAGE | EXPIRY DATE / FECHA DE EXPIRACION | CPOK TOAHOCTM/ | DATE DE LIMITE DE CONSOMMATION | BATCH NO/NUMERO DE LOTE E2003403D3342 | HOMEP NAPTHM/NUMERO DE LOT | BCL FER TIRG HUTRUTONALFACTS 30 g/r | 1 1.050z | TC/U/PR/1443/99S | 200328V00 | MAIRAS MMTEBOAIOMAL OVTED | EALS7,"[[""30 g/r"", 398, 23, 358], [""EALS7"", 520, 31, 71], [""KEEP IN COOL DRY PLACE - CONSERVAR EN LUGAR FRESCO Y SECO"", 276, 33, 7], [""XPAHMTb B CYXOM NPOXIATHOM MECTE NPM OTHOCMTENBHOR BNAKCHOCTH HE SONEE 7O%"", 284, 44, 7], [""CONSERVER DANS UN ENDROIT FRAIS ET SEC"", 301, 26, 10], [""PACKED DATE /FECHA DE EMBALAJE"", 320, 29, 15], [""AATA YTAKOBKM/DATE D'EMBALLAGE"", 334, 30, 19], [""EXPIRY DATE / FECHA DE EXPIRACION"", 348, 30, 21], [""CPOK TOAHOCTM/"", 364, 22, 22], [""DATE DE LIMITE DE CONSOMMATION"", 372, 29, 24], [""E2003403D3342"", 373, 30, 223], [""BATCH NO/NUMERO DE LOTE"", 386, 25, 27], [""HOMEP NAPTHM/NUMERO DE LOT"", 396, 29, 27], [""HUTRUTONALFACTS"", 417, 19, 43], [""1.050z"", 416, 17, 361], [""BCL FER TIRG"", 426, 8, 51], [""1"", 426, 18, 146], [""TC/U/PR/1443/99S"", 480, 21, 56], [""200328V00"", 476, 16, 340], [""MAIRAS MMTEBOAIOMAL OVTED"", 504, 21, 41]]"
001325,2022,07,31,2022-07-31,fail,obbogpol | AV SN LISIA | EOOWES PO0. K193154C00 K193154 000 K193154000 K193154000 | SLIP THU JUL2221GC202:31 P00 0O0 0 · Kellgg's Kellogg's Kellogg's K193154000 | Arifill Fored/Con sbor rificial & CREME COOKIES FROSTED LIFT GENTLY TO OPEN tarts tarts tarts tarts tarts tarts R R R op REWARDS REWARDS REWARDS FAMILY FAMILY FAMILY | JDER TAB BEST If BEST If BESTN BEST I | SjJet Used-By Used-By Used-By Kellgg's K193154000 | ATWV JUL —— 22 21 JUL 2221 GC202:31 JUL 22 21 6C2 02:31 JUL2221GC202:31 GC2 02:31 R FAMILY | SLIP THUMB UNDER TAB SLIP THUMB UNDER TAB SLIP THUMB UNDER TAB TO OPEN TO OPEN TO OPEN tarts REWARDS | LIFT GENTLY LIFT GENTLY LIFT GENTLY Used-By BEST If 0 | FROSTED FROSTED FROSTED FROSTED Kellogg's K193154000 BEST If Used-By | COOKIES COOKIES COOKIES COOKIES JUL22 21GC202:31 | & CREME & CREME & CREME & CREME | Artiicilly Favored/Con sabor atificial Arificially Flavored/Con sabor artificial Artificill Favred/Con sabor atificial Atlcaly Paored/Consberarticol TO OPEN | SLIP THUMB UNDER TAB VISIT US AT VISIT US AT VISIT US AT VISIT US AT | LIFT GENTLY POPTARTS.COM POPTARTS.COM POPTARTS.COM POPTARTS.COM Kellogg's | R FAMILY | FROSTED tarrs REWARDS | COOKIES | & CREME BEST If | Artificilly Flavored/Con sabor artificial Used-By | VISIT US AT | POPTARTS.COM | JUL22 21GC202:31 | TO OPEN | SLIP THUMB UNDER TAB | LIFT GENTLY | FROSTED | COOKIES | & CREME | Artificially Flavored/Con sabor artificial | VISIT US AT | POPTARTS.COM,"[[""K193154000"", 245, 22, 604], [""0O0"", 329, 180, 229], [""Kellogg's"", 386, 28, 627], [""tarts"", 434, 117, 288], [""FAMILY"", 406, 20, 628], [""REWARDS"", 420, 20, 625], [""BEST If"", 481, 23, 574], [""Used-By"", 499, 20, 575], [""JUL 2221 GC202:31"", 550, 28, 245], [""SLIP THUMB UNDER TAB"", 588, 25, 367], [""FROSTED"", 682, 40, 375], [""COOKIES"", 710, 53, 359], [""& CREME"", 742, 55, 360], [""Arificially Flavored/Con sabor artificial"", 767, 60, 336], [""POPTARTS.COM"", 788, 27, 554], [""R"", 408, 9, 562], [""TO OPEN"", 575, 19, 409], [""LIFT GENTLY"", 602, 20, 400], [""VISIT US AT"", 774, 20, 601], [""K193154 000"", 245, 26, 601], [""PO0."", 323, 226, 217], [""Kellogg's"", 386, 21, 629], [""tarts"", 432, 135, 276], [""R"", 407, 8, 561], [""FAMILY"", 406, 23, 627], [""REWARDS"", 418, 20, 625], [""BEST If"", 482, 21, 574], [""Used-By"", 498, 20, 574], [""JUL"", 551, 28, 245], [""22"", 550, 26, 297], [""21"", 550, 23, 338], [""GC2"", 548, 25, 377], [""02:31"", 549, 24, 430], [""TO OPEN"", 576, 17, 412], [""SLIP THUMB UNDER TAB"", 588, 23, 367], [""LIFT GENTLY"", 602, 23, 398], [""FROSTED"", 682, 40, 375], [""COOKIES"", 710, 53, 358], [""& CREME"", 742, 58, 357], [""Artificill Favred/Con sabor atificial"", 766, 58, 336], [""VISIT US AT"", 774, 21, 601], [""POPTARTS.COM"", 788, 28, 554], [""JUL2221GC202:31"", 372, 254, 394], [""tarts"", 424, 265, 465], [""Arifill Fored/Con sbor rificial"", 442, 213, 162], [""& CREME"", 440, 169, 186], [""COOKIES"", 436, 158, 222], [""SLIP THU"", 396, 55, 362], [""FROSTED"", 431, 110, 260], [""LIFT GENTLY"", 437, 76, 349], [""TO OPEN"", 441, 54, 376], [""JDER TAB"", 480, 53, 366], [""Used-By"", 606, 65, 451], [""BEST If"", 606, 64, 468], [""K193154000"", 658, 109, 705], [""Kellogg's"", 656, 57, 560], [""obbogpol"", 64, 53, 378], [""AV SN LISIA"", 186, 20, 48], [""EOOWES"", 250, 54, 206], [""SjJet"", 526, 129, 167], [""ATWV"", 554, 22, 33], [""K193154000"", 244, 23, 604], [""0"", 327, 163, 275], [""Kellgg's"", 387, 24, 628], [""tarts"", 433, 120, 287], [""R"", 408, 13, 561], [""·"", 401, 8, 610], [""FAMILY"", 406, 17, 629], [""REWARDS"", 420, 20, 625], [""BEST I"", 481, 23, 574], [""Used-By"", 500, 19, 575], [""JUL2221GC202:31"", 550, 31, 246], [""TO OPEN"", 575, 20, 410], [""SLIP THUMB UNDER TAB"", 589, 24, 367], [""LIFT GENTLY"", 602, 22, 399], [""FROSTED"", 682, 41, 375], [""COOKIES"", 710, 53, 359], [""& CREME"", 742, 55, 359], [""Artiicilly Favored/Con sabor atificial"", 768, 61, 335], [""VISIT US AT"", 774, 20, 602], [""POPTARTS.COM"", 788, 27, 554], [""K193154000"", 324, 30, 796], [""op"", 426, 219, 399], [""Kellgg's"", 510, 28, 833], [""tarts"", 576, 173, 377], [""R"", 537, 20, 738], [""FAMILY"", 536, 28, 829], [""REWARDS"", 556, 21, 828], [""BEST If"", 636, 27, 760], [""Used-By"", 659, 24, 761], [""JUL22 21GC202:31"", 726, 37, 326], [""TO OPEN"", 759, 25, 543], [""SLIP THUMB UNDER TAB"", 777, 29, 486], [""LIFT GENTLY"", 795, 28, 528], [""FROSTED"", 901, 48, 497], [""COOKIES"", 938, 65, 475], [""& CREME"", 980, 69, 475], [""Artificilly Flavored/Con sabor artificial"", 1012, 75, 446], [""VISIT US AT"", 1024, 27, 795], [""POPTARTS.COM"", 1040, 32, 734], [""K193154000"", 490, 34, 1211], [""0"", 618, 217, 913], [""Kellogg's"", 772, 46, 1260], [""tarrs"", 866, 287, 562], [""R"", 814, 23, 1120], [""FAMILY"", 812, 35, 1256], [""REWARDS"", 840, 30, 1254], [""BEST If"", 963, 34, 1153], [""Used-By"", 997, 38, 1151], [""JUL22 21GC202:31"", 1100, 54, 491], [""TO OPEN"", 1150, 32, 825], [""SLIP THUMB UNDER TAB"", 1177, 38, 739], [""LIFT GENTLY"", 1204, 31, 803], [""FROSTED"", 1364, 67, 755], [""COOKIES"", 1420, 93, 722], [""& CREME"", 1486, 98, 724], [""Artificially Flavored/Con sabor artificial"", 1534, 105, 680], [""VISIT US AT"", 1550, 37, 1206], [""POPTARTS.COM"", 1576, 44, 1112], [""tarts"", 434, 127, 290], [""——"", 548, 23, 255], [""K193154C00"", 244, 23, 602], [""BESTN"", 481, 23, 573], [""JUL 22 21 6C2 02:31"", 550, 31, 247], [""FROSTED"", 682, 41, 376], [""Atlcaly Paored/Consberarticol"", 766, 61, 336], [""VISIT US AT"", 775, 21, 602], [""POPTARTS.COM"", 789, 28, 554], [""P00"", 330, 189, 226], [""tarts"", 434, 121, 288], [""COOKIES"", 711, 57, 358], [""& CREME"", 742, 59, 357]]"
001333,2021,12,NONE,2021-12-NONE,s2,DDM | 12/2021 | LOT | P24158 | 11:00 | 3700112016414 | N,"[[""DDM"", 380, 20, 260], [""P24158"", 436, 21, 245], [""12/2021"", 399, 18, 247], [""LOT"", 417, 18, 261], [""11:00"", 454, 19, 258], [""3700112016414"", 538, 28, 192], [""N"", 560, 7, 339]]"
001334,2021,10,26,2021-10-26,rot90,"y | 26 OCT 2021 BEST BEFORE Patate fi 콜레스테를 Omg 지방 19g 4三暑157mg 영양정보 실수있십니다 | www.patatastorres.com (Barcelona) ESPANA 08160Montmel cVerneda del Congost,4 Pol. Ind. EI Pedregar PATATAS FRITAS TORRESS.L TILLVERKAD I SPANIEN/ GEPRODUCEERD INS HERGESTELLT IN SPANIEN/ FREMSTILLETISN PRODOTTO IN SPAGNA/ PRODUZIDOENSR FABRICADO EN ESPANA / FABR Aardappelchips met ka Potatischips med k Kartoffelchips med Kartoffelchips mit Batatas fritas com Patates fregides 0%단백질2g 35%0g 8%回午龄量16g","[[""y"", 100, 40, 309], [""26 OCT 2021"", 420, 137, 228], [""BEST BEFORE"", 433, 161, 254], [""TILLVERKAD I SPANIEN/ GEPRODUCEERD INS"", 571, 358, 388], [""HERGESTELLT IN SPANIEN/ FREMSTILLETISN"", 565, 358, 406], [""PRODOTTO IN SPAGNA/ PRODUZIDOENSR"", 561, 348, 426], [""콜레스테를 Omg"", 433, 87, 748], [""지방 19g"", 418, 49, 772], [""4三暑157mg"", 429, 79, 782], [""영양정보"", 416, 46, 817], [""FABRICADO EN ESPANA / FABR"", 536, 263, 472], [""Aardappelchips met ka"", 529, 187, 515], [""Potatischips med k"", 520, 164, 539], [""Kartoffelchips med"", 516, 155, 557], [""Kartoffelchips mit"", 513, 151, 571], [""Batatas fritas com"", 512, 148, 590], [""Patate fi"", 472, 64, 608], [""Patates fregides"", 500, 125, 649], [""실수있십니다"", 467, 66, 860], [""0%단백질2g"", 526, 91, 742], [""35%0g"", 531, 98, 759], [""8%回午龄量16g"", 530, 88, 780], [""www.patatastorres.com"", 614, 198, 249], [""(Barcelona) ESPANA"", 603, 168, 271], [""08160Montmel"", 594, 146, 293], [""cVerneda del Congost,4"", 617, 196, 307], [""Pol. Ind. EI Pedregar"", 606, 167, 331], [""PATATAS FRITAS TORRESS.L"", 636, 228, 352]]"
001335,NONE,NONE,NONE,NONE,fail,"9q  19g E路157 53 | 플레스서플 Omg 0mg 0mg 06#29 | 다수있습니다. 따라 다를 수 있습니다. 라다 수 있습니다. 라다 수 있습니다. 电电（%）电2.30） 电电（%）电2.30） | wwwmwmm | Patate uegldes ombt Patate uegldes ombt Patatas frtas conta Patatas frtas conta 话152-9 | cYotreto t Potato chips with cov Potato chips with cov Chips de pommes dey Chips de pommes dey ul19b 5% [unbl | TA MISLRSSL A SS Kartoftelchips mit K Kartofielchips mit k Kartofielchips mit r Kartofielchips mit r Batatas fritas com so Batatas fuitas comto Batatas fuitas comto Paatefe con orome Paatefe con orome 플레스서를 (Omg 0%#29 | Kartoftelchips mec Kartoftelchips mec Kartotelchips mech Kartotelchips mech | Potatischips med K Potatischips med k Potatischips med A Potatischips med A | LSEO Aardappelchips met k Aardappelchips met k Aardappelchips met u Aardappelchips met kui | 26OCT2021 BEST BEFORE EIvVL ICCCI IERGEST FABPICADO EN ESPARA/FAL FABPICADO EN ESPARA/FAL FABRICADO EN ESPARA/ FABR FABRICADO EN ESPANA/ FAB PRODOTTO IN SPAGNA/PRODUZIDOLI PRODOTTO IN SPAGNA/PRODUZIDOLI FADMADEINSPAINTEABRIQUEEN FADMADEINSPAINTEABRIQUEEN PRODOTTO IN SPAGNA/PRODUZIDOBS PRODOTTO IN SPAGNA/ PRODUZIDOBAS 따라다를 수 있습니다. | TILLVERKAD HERGESTELLT IN SPANIEN/FREMSTILET HERGESTELLT IN SPANIEN/FREMSTILET HERGESTELLT IN SPANIEN/ FREMSTILETID HERGESTELLT IN SPANIEN/ FREMSTILLETD TILLVERKAD ISPANIEN / GEPRODUCEEROR TILLVERKAD ISPANIEN / GEPRODUCEEROR TILLVERKAD I SPANIEN / GEPRODUCEROB TILLVERKAD I SPANIEN / GEPRODUCEEROaS Patatas fritas con tat Patates regides ambsan | E D TO Pol. Ind. EI Pedregar Pol. Ind. EI Pedregar Pol. Ind. EI Pedregar Pol. Ind. EI Pedregar PATATAS FRITAS TORRESSL PATATAS FRITAS TORRES SL PATATAS FRITAS TORRESSL PATATAS FRITAS TORRESSL Potato chps wits caviar | RRES RRES RRES RRES 08160Montmelo 08160Montmelb 08160Montmeld 08160Montmeld CVemeda del Congost,4 cVerneda del Congost.4 cVerneda del Congost.4 cVemeda del Congost,4 Chips de pommes devan Patate frtte con aroma | Ind BEBFFO BEST BEFORE BEST BEFORE BEST BEFORE BEST BEFORE BEST BEFORE (Barcelona) ESPANA (Barcelona) ESPANA (Barcelona) ESPANA (Barcelona) ESPANA www.patatastorres.com www.patatastorres.com www.patatastores.com www.patatastorres.com Batatas fritas com sab | 26OOT2021 26O0T2021 26OOT2021 26OOT2021 26OCT2021 PS OCFNPI Kartofrelchips mit k | 17:41 17:41 LOT 300 17:41 LOT 300 17300 LOT LOT300 Kartoftelchips mec | Potatischips med A | Aardappelchips met wu | REGRAARA | HEEAN | C FABRICADO EN ESPANA / FABR | atmoderu MADE IN SPAIN/FABRIQUEEA | m atmos PRODOTTO IN SPAGNA/PRODUZIDO EMS | Vttend HERGESTELLT IN SPANIEN/ FREMSTILLETIS | TILLVERKAD ISPANIEN/GEPRODUCEEROa | TO Pol.Ind.EI Pedregar PATATAS FRITAS TORRESSL | RRES cVerneda del Congost,4 | 08160Montmel0 | (Barcelona) ESPANA | BEST BEFORE www.patatastorres.com | 26O0T2021 | 17:41LOT300","[[""Aardappelchips met u"", 295, 30, 340], [""FABRICADO EN ESPANA/ FAB"", 322, 37, 314], [""RRES"", 431, 28, 331], [""(Barcelona) ESPANA"", 460, 28, 394], [""26OOT2021"", 482, 25, 261], [""E路157"", 110, 17, 320], [""플레스서플 Omg"", 137, 18, 317], [""06#29"", 142, 26, 394], [""53"", 128, 7, 397], [""따라 다를 수 있습니다."", 164, 16, 313], [""Batatas fritas com so"", 247, 26, 345], [""Kartofielchips mit k"", 258, 23, 344], [""Kartoftelchips mec"", 269, 22, 343], [""Potatischips med k"", 281, 23, 343], [""PRODOTTO IN SPAGNA/ PRODUZIDOBAS"", 349, 44, 300], [""HERGESTELLT IN SPANIEN/ FREMSTILLETD"", 364, 45, 297], [""TILLVERKAD I SPANIEN / GEPRODUCEEROaS"", 377, 44, 299], [""PATATAS FRITAS TORRES SL"", 406, 29, 404], [""Pol. Ind. EI Pedregar"", 419, 28, 402], [""cVemeda del Congost,4"", 434, 28, 399], [""08160Montmelb"", 446, 25, 398], [""BEST BEFORE"", 464, 27, 264], [""www.patatastorres.com"", 474, 28, 392], ["" 19g"", 123, 18, 317], [""다수있습니다."", 163, 22, 311], [""Kartoftelchips mit K"", 256, 25, 342], [""Kartoftelchips mec"", 268, 25, 341], [""Potatischips med K"", 280, 25, 341], [""Aardappelchips met kui"", 294, 33, 338], [""FABRICADO EN ESPARA/ FABR"", 319, 40, 312], [""PRODOTTO IN SPAGNA/PRODUZIDOBS"", 348, 45, 299], [""HERGESTELLT IN SPANIEN/ FREMSTILETID"", 362, 43, 297], [""TILLVERKAD I SPANIEN / GEPRODUCEROB"", 376, 43, 298], [""E"", 379, 28, 48], [""TO"", 409, 39, 325], [""PATATAS FRITAS TORRESSL"", 404, 33, 401], [""Pol. Ind. EI Pedregar"", 418, 31, 400], [""RRES"", 430, 31, 329], [""CVemeda del Congost,4"", 432, 34, 396], [""08160Montmelo"", 444, 27, 396], [""BEST BEFORE"", 462, 31, 262], [""(Barcelona) ESPANA"", 458, 29, 394], [""www.patatastores.com"", 472, 31, 390], [""26O0T2021"", 481, 26, 260], [""17:41"", 498, 15, 260], [""LOT300"", 501, 30, 299], [""9q"", 103, 40, 208], [""26OCT2021"", 317, 113, 146], [""BEST BEFORE"", 325, 126, 161], [""TILLVERKAD"", 350, 94, 260], [""IERGEST"", 336, 57, 276], [""Ind"", 440, 23, 217], [""LSEO"", 290, 35, 352], [""wwwmwmm"", 166, 28, 88], [""cYotreto t"", 206, 27, 86], [""TA MISLRSSL A SS"", 234, 29, 52], [""EIvVL ICCCI"", 320, 35, 112], [""REGRAARA"", 568, 29, 237], [""HEEAN"", 579, 26, 234], [""0mg"", 138, 13, 351], [""라다 수 있습니다."", 164, 17, 314], [""电电（%）电2.30）"", 160, 23, 392], [""Patatas frtas conta"", 199, 32, 345], [""Patate uegldes ombt"", 208, 31, 346], [""Potato chips with cov"", 218, 30, 345], [""Chips de pommes dey"", 228, 28, 345], [""Paatefe con orome"", 238, 34, 344], [""Batatas fuitas comto"", 248, 24, 345], [""Kartofielchips mit r"", 258, 21, 344], [""Kartotelchips mech"", 270, 23, 343], [""Potatischips med A"", 281, 24, 343], [""Aardappelchips met k"", 295, 27, 340], [""FADMADEINSPAINTEABRIQUEEN"", 334, 51, 309], [""FABPICADO EN ESPARA/FAL"", 321, 36, 314], [""PRODOTTO IN SPAGNA/PRODUZIDOLI"", 349, 42, 300], [""HERGESTELLT IN SPANIEN/FREMSTILET"", 363, 40, 298], [""TILLVERKAD ISPANIEN / GEPRODUCEEROR"", 377, 38, 300], [""PATATAS FRITAS TORRESSL"", 407, 30, 404], [""Pol. Ind. EI Pedregar"", 419, 30, 401], [""RRES"", 432, 25, 332], [""cVerneda del Congost.4"", 434, 27, 399], [""08160Montmeld"", 447, 25, 398], [""BEST BEFORE"", 465, 30, 263], [""(Barcelona) ESPANA"", 460, 25, 395], [""www.patatastorres.com"", 474, 28, 383], [""26OOT2021"", 482, 25, 261], [""17:41 LOT 300"", 501, 33, 254], [""0mg"", 138, 13, 351], [""라다 수 있습니다."", 164, 17, 314], [""电电（%）电2.30）"", 160, 23, 392], [""Patatas frtas conta"", 199, 32, 345], [""Patate uegldes ombt"", 208, 31, 346], [""Potato chips with cov"", 218, 30, 345], [""Chips de pommes dey"", 228, 28, 345], [""Paatefe con orome"", 238, 34, 344], [""Batatas fuitas comto"", 248, 24, 345], [""Kartofielchips mit r"", 258, 21, 344], [""Kartotelchips mech"", 270, 23, 343], [""Potatischips med A"", 281, 24, 343], [""Aardappelchips met k"", 295, 27, 340], [""FADMADEINSPAINTEABRIQUEEN"", 334, 51, 309], [""FABPICADO EN ESPARA/FAL"", 321, 36, 314], [""PRODOTTO IN SPAGNA/PRODUZIDOLI"", 349, 42, 300], [""HERGESTELLT IN SPANIEN/FREMSTILET"", 363, 40, 298], [""TILLVERKAD ISPANIEN / GEPRODUCEEROR"", 377, 38, 300], [""PATATAS FRITAS TORRESSL"", 407, 30, 404], [""Pol. Ind. EI Pedregar"", 419, 30, 401], [""RRES"", 432, 25, 332], [""cVerneda del Congost.4"", 434, 27, 399], [""08160Montmeld"", 447, 25, 398], [""BEST BEFORE"", 465, 30, 263], [""(Barcelona) ESPANA"", 460, 25, 395], [""www.patatastorres.com"", 474, 28, 383], [""26OOT2021"", 482, 25, 261], [""17:41 LOT 300"", 501, 33, 254], [""话152-9"", 222, 45, 636], [""ul19b"", 248, 35, 638], [""5%"", 254, 19, 792], [""[unbl"", 261, 32, 824], [""플레스서를 (Omg"", 275, 32, 636], [""0%#29"", 284, 41, 793], [""따라다를 수 있습니다."", 329, 30, 629], [""Patatas fritas con tat"", 399, 70, 694], [""Patates regides ambsan"", 420, 83, 690], [""Potato chps wits caviar"", 439, 84, 689], [""Chips de pommes devan"", 458, 72, 689], [""Patate frtte con aroma"", 477, 70, 688], [""Batatas fritas com sab"", 496, 59, 688], [""Kartofrelchips mit k"", 515, 36, 692], [""Kartoftelchips mec"", 538, 37, 691], [""Potatischips med A"", 561, 40, 689], [""Aardappelchips met wu"", 590, 56, 681], [""C"", 599, 16, 77], [""atmoderu"", 612, 39, 100], [""FABRICADO EN ESPANA / FABR"", 641, 70, 630], [""m atmos"", 648, 37, 70], [""MADE IN SPAIN/FABRIQUEEA"", 673, 72, 680], [""Vttend"", 666, 29, 69], [""PRODOTTO IN SPAGNA/PRODUZIDO EMS"", 698, 78, 604], [""HERGESTELLT IN SPANIEN/ FREMSTILLETIS"", 726, 81, 599], [""TILLVERKAD ISPANIEN/GEPRODUCEEROa"", 754, 78, 600], [""TO"", 820, 69, 656], [""PATATAS FRITAS TORRESSL"", 812, 54, 809], [""Pol.Ind.EI Pedregar"", 838, 47, 809], [""RRES"", 860, 51, 665], [""cVerneda del Congost,4"", 867, 50, 803], [""08160Montmel0"", 892, 41, 799], [""BEST BEFORE"", 928, 50, 530], [""(Barcelona) ESPANA"", 919, 46, 793], [""www.patatastorres.com"", 948, 51, 786], [""26O0T2021"", 966, 37, 527], [""17:41LOT300"", 1002, 64, 515], [""D"", 380, 13, 58], [""BEBFFO"", 464, 25, 264], [""PS OCFNPI"", 482, 25, 261], [""BEST BEFORE"", 464, 29, 263], [""26OCT2021"", 482, 25, 261], [""LOT"", 497, 28, 256], [""17300"", 505, 28, 255]]"
001337,2021,07,04,2021-07-04,s2,Melon&MangoCheese125g 영양정보 509kcal | 45#213mg 11% | 2小0#20.19 9% | 总1859 10% | 3949 73% | 1.3g | 아지방 1799 119% | 레스 131mg 44% | 88a 16% | 9316160000950 | Use By: 04JUL21 | 1 | Mon M | CV | 8 | 제 조사 FREUHCEESE CO CAUSTPTYLD 0 | /TEOO | 유통기한 JUN6일 | MaW OC-SCMMM,"[[""Melon&MangoCheese125g"", 224, 50, 141], [""영양정보"", 246, 33, 352], [""9316160000950"", 340, 43, 126], [""45#213mg"", 266, 29, 350], [""2小0#20.19"", 279, 30, 347], [""509kcal"", 268, 23, 508], [""3949"", 300, 25, 344], [""总1859"", 290, 22, 359], [""11%"", 286, 15, 529], [""1.3g"", 314, 29, 357], [""10%"", 308, 17, 526], [""9%"", 298, 12, 533], [""아지방"", 322, 21, 356], [""레스"", 334, 23, 344], [""1799"", 330, 25, 410], [""73%"", 320, 13, 526], [""88a"", 347, 28, 339], [""131mg"", 342, 22, 409], [""Use By:"", 355, 24, 123], [""119%"", 342, 17, 516], [""44%"", 355, 20, 519], [""04JUL21"", 370, 27, 210], [""16%"", 368, 15, 520], [""Mon M"", 412, 60, 185], [""CV"", 412, 41, 183], [""1"", 404, 36, 331], [""8"", 406, 19, 133], [""제"", 416, 11, 124], [""조사"", 418, 17, 139], [""/TEOO"", 450, 59, 175], [""FREUHCEESE CO CAUSTPTYLD"", 430, 33, 177], [""유통기한"", 461, 21, 121], [""0"", 452, 15, 426], [""JUN6일"", 494, 20, 404], [""MaW"", 540, 19, 353], [""OC-SCMMM"", 550, 23, 415]]"
001356,2023,08,NONE,2023-08-NONE,s2,EXP:08/22MFD:08/2023:16 | BATCH:0001015697 | G00p(30.4g) | 30 SECO | 30.4GRAMS 6-8FLOZ | MOL OWATER. | OEVEA AGE,"[[""BATCH:0001015697"", 416, 27, 226], [""EXP:08/22MFD:08/2023:16"", 393, 26, 226], [""G00p(30.4g)"", 640, 38, 143], [""30"", 658, 20, 476], [""SECO"", 650, 31, 491], [""30.4GRAMS"", 677, 28, 253], [""6-8FLOZ"", 675, 28, 369], [""MOL"", 692, 14, 372], [""OWATER."", 688, 23, 384], [""OEVEA"", 704, 16, 370], [""AGE"", 704, 11, 401]]"
001357,2023,08,NONE,2023-08-NONE,s2,EXP:08/22MFD:08/2023:16 | BATCH:0001015697 | 3O.4 GRAMS B-DPL 0z,"[[""EXP:08/22MFD:08/2023:16"", 254, 29, 217], [""BATCH:0001015697"", 268, 19, 220], [""3O.4 GRAMS"", 443, 22, 245], [""0z"", 438, 9, 404], [""B-DPL"", 442, 15, 354]]"
001358,2020,12,08,2020-12-08,s2," 8(1 cay bardablo | 15x25cmboyutianndalk | i karistirarak Kazandibini 3,5 su bardae | in. Kaynamaya baslayinca ocag Kaynamaya baslaynca 3-4d | kisin ve 3-4 dakika daha karstirarak pisirmeye deam edin ve kay | pisirmeye devam edin. dizeltin.Urerine2 yemek kapb | sicakligina gelince bundeo | dilimleyerek servis yapm | 26 cm capinda aluminyum bir tepsinin | kaplayacak sekilde margarin ile tabanini ve kenarlarini tum yuzeyleri tatinin enerive bes | yalayin. Uzerine pisirdiginiz tatly! Yag Enerji 153Kca | dökun ve kuvvetli ates uzerinde Karbonhidrat | gezdirerek kenarlar kizarncaya kadar Protein | (yaklasik5-10dakika)altiniyakin.Oda | sicakligina gelince buzdolabina alin ve icindekiler:Seker, msir | 2 saat bekletin. Dilimleyin ve spatula unu, tapyoka nisastas, | yardim ile ters cevirerek servis yapin. renklendiici(betaa) | srvis önerisi: Rulo seklinde kvirarak servis Domuz yagi ve domundam | hicbir urunu icermez | tep.ile yapiniz. Dr. Oetas | Telelon:08 | TürGida Kodeksi'ne uygundur. | islelmeKayit No:TR-35-K-000884 | OSI Serin, kuru ve kokusuz yerde saklayiniz. Mensei: Tüirkiye | Net:165ge | Tavsiye edilen tüketim tarihi/Parti no: R.7. 8 690629219 | epi8 12.2020-13:28/1819011 | Dr. Oetker Gida San. ve Tic. A.S.","[[""kisin ve 3-4 dakika daha karstirarak"", 52, 92, 270], [""in. Kaynamaya baslayinca ocag"", 38, 79, 307], [""i karistirarak"", 26, 44, 409], [""15x25cmboyutianndalk"", 32, 52, 556], ["" 8(1 cay bardablo"", 18, 38, 560], [""pisirmeye devam edin."", 62, 64, 269], [""Kazandibini 3,5 su bardae"", 50, 53, 555], [""Kaynamaya baslaynca 3-4d"", 65, 50, 554], [""pisirmeye deam edin ve kay"", 80, 52, 554], [""dizeltin.Urerine2 yemek kapb"", 96, 62, 555], [""26 cm capinda aluminyum bir tepsinin"", 148, 83, 263], [""sicakligina gelince bundeo"", 136, 43, 558], [""tabanini ve kenarlarini tum yuzeyleri"", 166, 77, 263], [""dilimleyerek servis yapm"", 150, 41, 560], [""kaplayacak sekilde margarin ile"", 183, 68, 263], [""yalayin. Uzerine pisirdiginiz tatly!"", 204, 72, 260], [""dökun ve kuvvetli ates uzerinde"", 221, 67, 261], [""tatinin enerive bes"", 213, 46, 619], [""gezdirerek kenarlar kizarncaya kadar"", 244, 69, 259], [""(yaklasik5-10dakika)altiniyakin.Oda"", 263, 68, 259], [""Yag"", 242, 25, 625], [""sicakligina gelince buzdolabina alin ve"", 282, 63, 259], [""Karbonhidrat"", 260, 29, 625], [""2 saat bekletin. Dilimleyin ve spatula"", 302, 61, 258], [""yardim ile ters cevirerek servis yapin."", 322, 58, 258], [""icindekiler:Seker, msir"", 309, 38, 567], [""srvis önerisi: Rulo seklinde kvirarak servis"", 343, 68, 77], [""unu, tapyoka nisastas,"", 332, 45, 566], [""renklendiici(betaa)"", 352, 46, 565], [""tep.ile yapiniz."", 386, 31, 75], [""Domuz yagi ve domundam"", 384, 39, 568], [""hicbir urunu icermez"", 405, 32, 570], [""TürGida Kodeksi'ne uygundur."", 446, 40, 66], [""islelmeKayit No:TR-35-K-000884"", 476, 35, 66], [""Mensei: Tüirkiye"", 552, 29, 462], [""Net:165ge"", 579, 38, 461], [""R.7."", 609, 24, 464], [""12.2020-13:28/1819011"", 624, 35, 147], [""690629219"", 624, 37, 642], [""Enerji"", 226, 24, 625], [""153Kca"", 245, 26, 704], [""Protein"", 276, 25, 625], [""Dr. Oetas"", 470, 17, 670], [""Telelon:08"", 482, 24, 669], [""OSI"", 498, 30, 13], [""Serin, kuru ve kokusuz yerde saklayiniz."", 508, 34, 67], [""Tavsiye edilen tüketim tarihi/Parti no:"", 562, 29, 59], [""epi8"", 584, 32, 24], [""8"", 627, 14, 636], [""Dr. Oetker Gida San. ve Tic. A.S."", 680, 37, 340]]"
001359,2020,12,03,2020-12-03,fail,"gistrmeltede | uan. Kaymamaya baslayinca ocal uan. Kaymamaya baslayinca ocal eriin. Kaynamaya baslayinca ocag riin. Kaynamaya baslayinca ocag rekli kangtirarak rekli kangtirarak sureki kanstrarak rekli kanstirarak Kaanditin 3s w bas Kaanditin 3s w bas | pisirmeye devam edin. pisirmeye devam edin. pisirmeye devam edin. pisirmeye devam edin. kisin ve 3-4 dakika daha karstrarak kisin ve 3-4 dakika daha karstirarak kisin ve 3-4 dakika daha karstirarak kisin ve 3-4 dakika daha karstirarak vap MSE 6290691 pprmere de  dedne   dedne  peirin. Kaynamaya baslayinca ocag urekli kanstirarak | onceden taerCn oncedans oncedans | warmda n-z warmda n-z | 26 cm capinda aluminyum bir tepsinin 26 cm capinda alaminyum.bir tepsinin 26 cm capinda alaminyum.bir tepsinin 26 cm capinda aluminyum bir tepsinin tepr ife yapiniz. 8 scaklna  diimdeperek dilimleperek seris? dirmleperek seris dirmleperek seris pisirmeye devam edin. kisin ve 3-4 dakika daha karstirarak PDUETT daettm | kaplayacak sekilde margarn ie kaplayacak sekilde margarn ie kaplayacak sekilde margarin ile kaplayacak sekilde margarin ile tabanin ve kenarlarni tum yuzeyleri tabanin ve kenarlarni tum yuzeyleri tabanin ve kenarann tumyazeyleri tabanin ve kenarann tumyazeyleri tatl tatl 100110 100110 1001a tatlin tatlanun 100gtarf oncedien | leimeKayitNo:TR-35-K-000884 dokun ve kuvvetli ates uzerinde dokun ve kuvveti ates uzerinde dokun ve kuvvetli ates umerinde dokun ve kuvvetli ates umerinde yaglayin. Uzerine pisirdiginiz tatly! yaglayin. Uzerine pisirdiginiz tatlry yaslayn. Uzerine piirdiiniz tatiy yaslayn. Uzerine piirdiiniz tatiy Tur, Gida Kodeksi'ne uygundur. gezdirerek kenarlan kzanncaya kadar gezdirerek kenarlan kmanncaya kadar gezdirerek kenarlan kmanncaya kadar Ya8 Yat Yat Yag Eneri Energ Energ Energ Karbonhid Karbonhidn Karbonhidn Karbonhidrat ISIK ISIK sicaksiguna am ayand2o2 | 069m 3 12.2020-13:28/1819011 Tavsiye edilen tüketim tarihi/Parti no: serin, kuru ve kokusuz yerde saklayiniz. 2 saat bekletin. Dilimleyin ve spatula 2 saat bekletin. Diimleyin ve spatula 2 saat bekletin. Dilimleyin ve spatula 2 saat bekletin. Dilimleyin ve spatula sicakligina gelince buzdolabina alin ve sicakligina gelince buzdolabina alin ve vaklasik s-1o dakika)alanyakn.Oda vaklasik s-1o dakika)alanyakn.Oda sicakligina gelince buzdolabina alin ve sicakligina gelince buzdolabina alin ve (yaklasik S-10 dakika) altun yakm. Oda Icindekiler:Seker,mu unu, tapyoka nigasta unu, tapyoka nisanta Icindekler:Seker,me Icindeldler Seker,mse Icindeldler Seker,mse Protein Protein Protein unu, tapyoka nisastan unu, tapyoka nisastan Protein 26 cm sapinda aluminyum bir tepsinin PRTEW | yardim ile ters cevirerek servis yapin. yardimi ile ters cevirerek servis yapin. yardimt ile ters cevirerek servis yapin. yardimt ile ters cevirerek servis yapin. renklendirici (beta) renkdendirici (beta k renkdendirici (beta k renklendirici (beta  tabamini ve kenarlarni tum yuzeyleri | srvis önerisi: Rulo seklinde kvrarak servis s ruis daerlsls Rulo sekhinde kurarak servis 3s rvis onerisi: Rulo seklinde kivirarak servis 3s rvis onerisi: Rulo seklinde kivirarak servis rvis önerisi: Rulo seklinde kvirarak servis yapak istiyorsaniz,yakmisemii3 cpindaki Domuz yag ve dor Domuz yag ve dor Domuz yag ve dor Domuz yag ve dom 100ztar | yap iap iap p iak istiyorsaniz, yakma islemini 30 cm gapindaki p iak istiyorsaniz, yakma islemini 30 cm gapindaki -ak istiyorsanz, yakma iptemini so cm gapndaki iak istiyorsaniz, yakma islemini 30 cm sapindaki hicbir urunu içerm hicbir arunu icerme hicbir arunu icerme hicbir urunu icerme kaplayacak sekilde margarin ile tatlaen | teps ife yapiniz teps ife yapiniz tep:fe yapiniz. teps te yapiniz. bor ufe yapinz. yaglayin. Uzerine pisirdiginiz tatiy! Epar | kisin ve 3-4 dakika daha karstrarak Tur,Gida Kodeksi'ne uygundur. Tur, Gida Kodeksi'ne uygundur. Tur, Gida Kodeksi'ne uygundur. Tur, Gida Kodeksi'ne uygundur. rur. Gida Kodoksi'ne uygundur. leimeKayitNo:TR-35-K-000884 k'meKayit No:TR-35-K-000884 le.meKayitNo:TR-35-K-000884 le.meKayitNo:TR-35-K-000884 lemeKayitNo:TR-35-K-000884 yardim ile ters Sevirerek servis yapin. yDnSuDN Duop Dpop tE an us dokun ve kuvvetli ates uzerinde Yag Karbonl | pisirmeye devam edin. op an o zno serin, kuru ve kokusuz yerde saklayiniz. erin,kuru ve kokusuz yerde saklayiniz. erin,kuru ve kokusuz yerde saklayiniz. erin, kuru ve kokusuz yerde saklaymz. serin, kuru ve kokusuz yerde saklayniz. Mensei: Turkiye MangeiTurkiye Mensei:Turkiye Mensei:Turkiye Mensei:Turkiye don gezdirerek kenarlar knarncaya kadar (yaklasik5-10dakiko)altiniyakin.Oda Protein | aa)(upuauad Tavsiye edilen tüketim tarihi/Parti no: Tavsiye edilen tüketim tarihi/Parti no: Tavsiye edilen tuketim tarhi/Parti nos: Tavsiye edilen tuketim tarihi/Parti no: Tavsiye edilen tuketim tarihi/Parti no: R.7. ina alin ve Net:165ge Net: 165 ge Net:165ge Net:165ge Net:165ge sicakligina gelince buzdolabina alin ve Icindekiler.Seker, ms | Dr. Oetker Gida San. ve Tic. A.s. 12.2020-13:28/1819011 12.2020-13:28/1819011 12.2020-13:28/1819011 12.2020-13:28/1819011 12.2020-13:28/1819011 Ne:165ge Mensei: Turkiye R.7. R7. R.7. R.7. R.7. 8 869042 1690 69 86904 86904 2 saat bekletin. Dilimleyin ve spatula unu, tapyoka nigasta | Dr. Oetker Gida San. ve Tic. A.s. Dr. Oetker Gida San. ve Tic. A.s. Dr. Oetker Gida San. ve Tie. A$. Dr. Oetker Gida San. ve Tic. A.s. Dr. Oetker Gida San. ve Tic. A.s. yardimi ile ters cevirerek servis yapin. renklendirici (beta | Bekir Saydam Cad. No: 68 35865 Pancar-Ta Bekir Saydam Cad.No:6835865Pancaror Bekir Saydam Cad.No:6835865 Pancaror Bekir SaydamCad.No:6835865Pancarr. Bekir SaydamCad.No:6835865Pancarr. s irvis önerisi: Rulo seklinde kivirarak servis | 32 32 dpp hicbir urunu icen Domuz yag ve do renklendirici (beta unu, tapyoka nis lcindekiler:Seker., yap rak istiyorsaniz, yakma istemini 30 cm sapindaki Domuz yag ve dom hicbir ürunu igermee |  A Tort. tepsfe yapiniz. | 3 yoiDanluon Duop Dypop t-E an uIsi | Tur. Gida Kodeksi'ne uygundur. | leimeKayitNo:TR-35-K-000884 | erin, kuru ve kokusuz yerde saklayiniz | Mensei: Turkiye | Tavsiye edilen tüketim tarihi/Parti no: Net:165ge | R.7. 8 16903 | 12.2020-13:28/1819011 | Dr. Oetker Gida San. ve Tic. A.S | Bekir Saydam Cad.No:68 35865PancarASreuR","[[""eriin. Kaynamaya baslayinca ocag"", 40, 56, 202], [""26 cm capinda aluminyum bir tepsinin"", 118, 49, 198], [""tabanin ve kenarlarni tum yuzeyleri"", 130, 47, 198], [""kaplayacak sekilde margarin ile"", 140, 39, 199], [""yaglayin. Uzerine pisirdiginiz tatlry"", 154, 42, 197], [""dokun ve kuvveti ates uzerinde"", 166, 38, 199], [""2 saat bekletin. Diimleyin ve spatula"", 220, 33, 199], [""tep:fe yapiniz."", 286, 26, 41], [""Tur, Gida Kodeksi'ne uygundur."", 323, 26, 39], [""Mensei:Turkiye"", 382, 25, 380], [""Net:165ge"", 400, 37, 379], [""12.2020-13:28/1819011"", 439, 32, 112], [""sureki kanstrarak"", 30, 37, 282], [""kisin ve 3-4 dakika daha karstirarak"", 53, 52, 202], [""pisirmeye devam edin."", 61, 39, 201], [""onceden taerCn"", 79, 24, 450], [""scaklna "", 98, 21, 452], [""diimdeperek"", 109, 20, 453], [""1001a"", 136, 19, 498], [""tatlin"", 146, 9, 510], [""Energ"", 159, 16, 510], [""Yag"", 170, 14, 514], [""Karbonhid"", 182, 18, 513], [""sicakligina gelince buzdolabina alin ve"", 206, 33, 199], [""Protein"", 192, 17, 511], [""Icindekiler:Seker,mu"", 215, 21, 464], [""yardimi ile ters cevirerek servis yapin."", 233, 30, 199], [""unu, tapyoka nisanta"", 230, 17, 465], [""rvis önerisi: Rulo seklinde kvirarak servis"", 252, 33, 68], [""renklendirici (beta)"", 242, 19, 465], [""yap"", 270, 20, 45], [""iak istiyorsaniz, yakma islemini 30 cm sapindaki"", 270, 28, 75], [""Domuz yag ve dor"", 265, 19, 469], [""hicbir urunu içerm"", 278, 15, 470], [""lemeKayitNo:TR-35-K-000884"", 343, 27, 38], [""serin, kuru ve kokusuz yerde saklayniz."", 363, 30, 41], [""Tavsiye edilen tüketim tarihi/Parti no:"", 399, 32, 35], [""R.7."", 422, 17, 385], [""8"", 427, 12, 531], [""1690"", 424, 20, 543], [""Dr. Oetker Gida San. ve Tic. A.s."", 468, 40, 280], [""Bekir Saydam Cad.No:6835865Pancaror"", 489, 60, 165], [""riin. Kaynamaya baslayinca ocag"", 40, 54, 214], [""rekli kanstirarak"", 30, 33, 296], [""kisin ve 3-4 dakika daha karstrarak"", 52, 55, 199], [""pisirmeye devam edin."", 60, 41, 198], [""pprmere de"", 57, 20, 447], [""26 cm capinda aluminyum bir tepsinin"", 115, 46, 197], [""tabanin ve kenarlarni tum yuzeyleri"", 128, 45, 196], [""dilimleperek seris?"", 108, 22, 452], [""kaplayacak sekilde margarin ile"", 139, 40, 197], [""yaglayin. Uzerine pisirdiginiz tatly!"", 153, 43, 194], [""100gtarf"", 136, 23, 494], [""dokun ve kuvvetli ates uzerinde"", 164, 41, 196], [""tatlanun"", 144, 17, 507], [""Eneri"", 158, 18, 508], [""gezdirerek kenarlan kzanncaya kadar"", 180, 41, 195], [""Ya8"", 169, 16, 510], [""(yaklasik S-10 dakika) altun yakm. Oda"", 192, 41, 196], [""Karbonhidrat"", 180, 19, 511], [""sicakligina gelince buzdolabina alin ve"", 205, 36, 197], [""Protein"", 191, 16, 510], [""2 saat bekletin. Dilimleyin ve spatula"", 218, 36, 196], [""Icindekler:Seker,me"", 213, 26, 462], [""yardim ile ters cevirerek servis yapin."", 231, 34, 196], [""unu, tapyoka nigasta"", 228, 18, 464], [""srvis önerisi: Rulo seklinde kvrarak servis"", 250, 39, 40], [""renklendirici (beta "", 241, 22, 463], [""yapak istiyorsaniz,yakmisemii3 cpindaki"", 267, 36, 40], [""Domuz yag ve dom"", 263, 22, 466], [""teps te yapiniz."", 284, 27, 42], [""hicbir urunu icerme"", 278, 21, 468], [""Tur,Gida Kodeksi'ne uygundur."", 321, 28, 35], [""leimeKayitNo:TR-35-K-000884"", 342, 31, 36], [""serin, kuru ve kokusuz yerde saklayiniz."", 362, 32, 35], [""Mensei: Turkiye"", 378, 29, 378], [""Tavsiye edilen tüketim tarihi/Parti no:"", 398, 37, 31], [""Net:165ge"", 398, 35, 378], [""R.7."", 420, 23, 381], [""869042"", 423, 32, 523], [""12.2020-13:28/1819011"", 437, 38, 110], [""Dr. Oetker Gida San. ve Tic. A.s."", 466, 43, 278], [""Bekir Saydam Cad.No:6835865 Pancaror"", 488, 62, 163], [""gistrmeltede"", 22, 17, 389], [""Tavsiye edilen tüketim tarihi/Parti no:"", 185, 304, 223], [""serin, kuru ve kokusuz yerde saklayiniz."", 190, 303, 261], [""leimeKayitNo:TR-35-K-000884"", 174, 275, 281], [""Tur, Gida Kodeksi'ne uygundur."", 168, 260, 303], [""tepr ife yapiniz."", 104, 125, 341], [""vap"", 62, 30, 363], [""12.2020-13:28/1819011"", 210, 202, 182], [""yardim ile ters Sevirerek servis yapin."", 320, 246, 391], [""Dr. Oetker Gida San. ve Tic. A.s."", 420, 288, 150], [""R.7."", 400, 31, 212], [""Ne:165ge"", 443, 129, 223], [""Mensei: Turkiye"", 435, 109, 245], [""ina alin ve"", 414, 67, 423], [""yDnSuDN Duop Dpop tE an us"", 316, 235, 559], [""hicbir urunu icen"", 525, 110, 351], [""Domuz yag ve do"", 526, 115, 365], [""renklendirici (beta"", 523, 112, 391], [""unu, tapyoka nis"", 518, 101, 402], [""lcindekiler:Seker.,"", 517, 108, 416], [""Tort."", 558, 44, 157], [""6290691"", 64, 67, 409], [""8"", 102, 26, 419], [""kisin ve 3-4 dakika daha karstrarak"", 322, 235, 24], [""pisirmeye devam edin."", 362, 155, 42], [""3"", 583, 14, 90], [""069m"", 216, 15, 52], [""op an o zno"", 375, 19, 53], [""don"", 370, 16, 567], [""aa)(upuauad"", 398, 15, 59], [""dpp"", 532, 21, 121], ["" A"", 552, 24, 91], [""yoiDanluon Duop Dypop t-E an uIsi"", 587, 56, 205], [""uan. Kaymamaya baslayinca ocal"", 40, 57, 200], [""rekli kangtirarak"", 30, 39, 274], [""kisin ve 3-4 dakika daha karstirarak"", 54, 51, 202], [""Kaanditin 3s w bas"", 42, 27, 447], [""pisirmeye devam edin."", 62, 38, 202], ["" dedne "", 62, 29, 447], [""oncedans"", 80, 29, 449], [""warmda n-z"", 89, 20, 451], [""26 cm capinda alaminyum.bir tepsinin"", 118, 49, 198], [""tabanin ve kenarann tumyazeyleri"", 130, 46, 198], [""dirmleperek seris"", 110, 20, 453], [""kaplayacak sekilde margarn ie"", 142, 39, 198], [""yaslayn. Uzerine piirdiiniz tatiy"", 155, 41, 196], [""100110"", 137, 20, 498], [""dokun ve kuvvetli ates umerinde"", 167, 38, 199], [""tatl"", 146, 9, 508], [""gezdirerek kenarlan kmanncaya kadar"", 181, 42, 196], [""Energ"", 160, 17, 510], [""Yat"", 170, 19, 512], [""Karbonhidn"", 182, 19, 513], [""ISIK"", 169, 10, 583], [""vaklasik s-1o dakika)alanyakn.Oda"", 194, 39, 191], [""sicakligina gelince buzdolabina alin ve"", 207, 36, 196], [""Protein"", 192, 12, 511], [""2 saat bekletin. Dilimleyin ve spatula"", 220, 32, 200], [""Icindeldler Seker,mse"", 215, 20, 464], [""yardimt ile ters cevirerek servis yapin."", 234, 31, 198], [""unu, tapyoka nisastan"", 230, 18, 464], [""3s rvis onerisi: Rulo seklinde kivirarak servis"", 252, 33, 48], [""renkdendirici (beta k"", 242, 17, 466], [""iap"", 270, 13, 50], [""p iak istiyorsaniz, yakma islemini 30 cm gapindaki"", 271, 32, 62], [""Domuz yag ve dor"", 266, 18, 470], [""teps ife yapiniz"", 286, 21, 44], [""hicbir arunu icerme"", 280, 15, 471], [""Tur, Gida Kodeksi'ne uygundur."", 324, 25, 38], [""le.meKayitNo:TR-35-K-000884"", 343, 28, 38], [""erin,kuru ve kokusuz yerde saklayiniz."", 363, 30, 40], [""Mensei:Turkiye"", 382, 23, 380], [""Tavsiye edilen tuketim tarihi/Parti no:"", 400, 31, 35], [""Net:165ge"", 399, 31, 381], [""R.7."", 422, 16, 385], [""86904"", 424, 25, 527], [""12.2020-13:28/1819011"", 440, 31, 111], [""Dr. Oetker Gida San. ve Tic. A.s."", 468, 41, 279], [""Bekir SaydamCad.No:6835865Pancarr."", 489, 57, 167], [""32"", 510, 11, 6], [""uan. Kaymamaya baslayinca ocal"", 40, 57, 200], [""rekli kangtirarak"", 30, 39, 274], [""kisin ve 3-4 dakika daha karstirarak"", 54, 51, 202], [""Kaanditin 3s w bas"", 42, 27, 447], [""pisirmeye devam edin."", 62, 38, 202], ["" dedne "", 62, 29, 447], [""oncedans"", 80, 29, 449], [""warmda n-z"", 89, 20, 451], [""26 cm capinda alaminyum.bir tepsinin"", 118, 49, 198], [""tabanin ve kenarann tumyazeyleri"", 130, 46, 198], [""dirmleperek seris"", 110, 20, 453], [""kaplayacak sekilde margarn ie"", 142, 39, 198], [""yaslayn. Uzerine piirdiiniz tatiy"", 155, 41, 196], [""100110"", 137, 20, 498], [""dokun ve kuvvetli ates umerinde"", 167, 38, 199], [""tatl"", 146, 9, 508], [""gezdirerek kenarlan kmanncaya kadar"", 181, 42, 196], [""Energ"", 160, 17, 510], [""Yat"", 170, 19, 512], [""Karbonhidn"", 182, 19, 513], [""ISIK"", 169, 10, 583], [""vaklasik s-1o dakika)alanyakn.Oda"", 194, 39, 191], [""sicakligina gelince buzdolabina alin ve"", 207, 36, 196], [""Protein"", 192, 12, 511], [""2 saat bekletin. Dilimleyin ve spatula"", 220, 32, 200], [""Icindeldler Seker,mse"", 215, 20, 464], [""yardimt ile ters cevirerek servis yapin."", 234, 31, 198], [""unu, tapyoka nisastan"", 230, 18, 464], [""3s rvis onerisi: Rulo seklinde kivirarak servis"", 252, 33, 48], [""renkdendirici (beta k"", 242, 17, 466], [""iap"", 270, 13, 50], [""p iak istiyorsaniz, yakma islemini 30 cm gapindaki"", 271, 32, 62], [""Domuz yag ve dor"", 266, 18, 470], [""teps ife yapiniz"", 286, 21, 44], [""hicbir arunu icerme"", 280, 15, 471], [""Tur, Gida Kodeksi'ne uygundur."", 324, 25, 38], [""le.meKayitNo:TR-35-K-000884"", 343, 28, 38], [""erin,kuru ve kokusuz yerde saklayiniz."", 363, 30, 40], [""Mensei:Turkiye"", 382, 23, 380], [""Tavsiye edilen tuketim tarihi/Parti no:"", 400, 31, 35], [""Net:165ge"", 399, 31, 381], [""R.7."", 422, 16, 385], [""86904"", 424, 25, 527], [""12.2020-13:28/1819011"", 440, 31, 111], [""Dr. Oetker Gida San. ve Tic. A.s."", 468, 41, 279], [""Bekir SaydamCad.No:6835865Pancarr."", 489, 57, 167], [""32"", 510, 11, 6], [""peirin. Kaynamaya baslayinca ocag"", 78, 105, 404], [""urekli kanstirarak"", 60, 63, 572], [""kisin ve 3-4 dakika daha karstirarak"", 105, 98, 405], [""pisirmeye devam edin."", 123, 70, 405], [""PDUETT"", 115, 14, 907], [""daettm"", 132, 23, 903], [""oncedien"", 153, 28, 903], [""ayand2o2"", 176, 32, 907], [""3"", 193, 26, 98], [""sicaksiguna am"", 195, 32, 906], [""26 cm sapinda aluminyum bir tepsinin"", 233, 86, 401], [""tabamini ve kenarlarni tum yuzeyleri"", 258, 83, 400], [""PRTEW"", 220, 13, 976], [""kaplayacak sekilde margarin ile"", 280, 69, 402], [""100ztar"", 272, 33, 1012], [""yaglayin. Uzerine pisirdiginiz tatiy!"", 308, 71, 400], [""tatlaen"", 292, 25, 1022], [""dokun ve kuvvetli ates uzerinde"", 332, 68, 401], [""Epar"", 318, 27, 1025], [""gezdirerek kenarlar knarncaya kadar"", 360, 69, 400], [""Yag"", 340, 28, 1027], [""(yaklasik5-10dakiko)altiniyakin.Oda"", 386, 66, 404], [""Karbonl"", 362, 25, 1031], [""Protein"", 385, 28, 1029], [""sicakligina gelince buzdolabina alin ve"", 413, 60, 401], [""2 saat bekletin. Dilimleyin ve spatula"", 438, 57, 401], [""Icindekiler.Seker, ms"", 430, 38, 932], [""yardimi ile ters cevirerek servis yapin."", 466, 52, 401], [""unu, tapyoka nigasta"", 460, 27, 934], [""s irvis önerisi: Rulo seklinde kivirarak servis"", 503, 62, 87], [""renklendirici (beta"", 486, 27, 935], [""yap rak istiyorsaniz, yakma istemini 30 cm sapindaki"", 540, 59, 86], [""Domuz yag ve dom"", 530, 27, 942], [""hicbir ürunu igermee"", 559, 30, 943], [""tepsfe yapiniz."", 572, 43, 88], [""Tur. Gida Kodeksi'ne uygundur."", 646, 46, 78], [""leimeKayitNo:TR-35-K-000884"", 686, 49, 79], [""erin, kuru ve kokusuz yerde saklayiniz"", 726, 49, 82], [""Mensei: Turkiye"", 763, 38, 765], [""Net:165ge"", 797, 56, 762], [""Tavsiye edilen tüketim tarihi/Parti no:"", 798, 59, 70], [""R.7."", 842, 39, 766], [""16903"", 846, 49, 1088], [""8"", 853, 20, 1065], [""12.2020-13:28/1819011"", 878, 61, 227], [""Dr. Oetker Gida San. ve Tic. A.S"", 936, 74, 562], [""Bekir Saydam Cad.No:68 35865PancarASreuR"", 972, 152, 328], [""MSE"", 52, 17, 380], [""s ruis daerlsls Rulo sekhinde kurarak servis"", 252, 36, 44], [""-ak istiyorsanz, yakma iptemini so cm gapndaki"", 270, 30, 71], [""bor ufe yapinz."", 286, 23, 43], [""rur. Gida Kodoksi'ne uygundur."", 323, 28, 39], [""k'meKayit No:TR-35-K-000884"", 343, 28, 37], [""erin, kuru ve kokusuz yerde saklaymz."", 364, 31, 40], [""MangeiTurkiye"", 382, 22, 381], [""Tavsiye edilen tuketim tarhi/Parti nos:"", 398, 33, 35], [""R7."", 421, 20, 384], [""69"", 424, 12, 553], [""12.2020-13:28/1819011"", 439, 34, 111], [""Dr. Oetker Gida San. ve Tie. A$."", 468, 43, 278], [""Bekir Saydam Cad. No: 68 35865 Pancar-Ta"", 490, 59, 165], [""Net: 165 ge"", 398, 36, 379]]"
001360,2021,09,02,2021-09-02,s2,"Mmor harm corbalanmizn tazell | √RENKLENDIRICI KCERMEZ l uzuto | sogan, nane ozuta. | CORBANIZI HAZIRLAMAK iCiN: Urunlerimizin hicbir cesidinde domuzyagive | 1.1paket Knorr YaylaCorbasi'n (72g) Ssu bardagi(1 litre) soguk suya ilave edelim. uzerindedir.Serin, kuruve kokusuzyerde | 2. Kayniayana kadar karstralim. salaynzsetmayitNo:-34153 | ISO9001,FSSC22000,SO14001veOHSAS1800 | belgeli tesislerimizde Türk GIda Kodeksi'ne uy | 100ml 1 Porsiyon 1 porsiyon olarak üretilmistir. Bu belgeler kaliteye,gida | Enerji ve hazirlanmis (250ml) hazirlanmis (250mluicin RA* güvenligine,cevremize ve calisanlarmiza on | Besin Ögeleri corba icin corba icin verdigimizi gostermektedir. | 25kcal/100kj 60kcal/250kJ %3 | Enerji 0,3g 0,8 g %1 Yaklasik 4 Porsiyon www.herkessofra | Yag 0,1g 0,3g %2 Gida isletmecisi: Unilever San | arbonhidrat Doymus yag 4,6g 11,6g %4 ve Ticaret Türk A.S. Saray Ma | eker 1,1g 2,7g %3 Dr. Adnan Buyukdeniz Cad: | 0,1g 0,2g %1 Uwilever No:1334768,Umraniye-ista | tein 0,6g 1,4g %3 | 0,6g 1,6g %26 | ortalamabiryetiskininreferansalmdizeyinibelirtir8400kJ/2000kca | 2ge TETT:02.09.21 2U2 5930 | mondi TR-39-K-006339 Mondi Kalenobel 6906378 | C/LDPE","[[""Mmor"", 21, 49, 54], [""√RENKLENDIRICI KCERMEZ"", 53, 36, 260], [""sogan, nane ozuta."", 217, 25, 52], [""Urunlerimizin hicbir cesidinde domuzyagive"", 298, 57, 421], [""CORBANIZI HAZIRLAMAK iCiN:"", 294, 51, 98], [""1.1paket Knorr YaylaCorbasi'n (72g)"", 322, 40, 81], [""uzerindedir.Serin, kuruve kokusuzyerde"", 347, 50, 423], [""salaynzsetmayitNo:-34153"", 364, 45, 424], [""2. Kayniayana kadar karstralim."", 364, 44, 74], [""100ml"", 432, 23, 158], [""1 Porsiyon"", 430, 24, 256], [""Enerji ve"", 449, 24, 54], [""hazirlanmis"", 446, 25, 138], [""(250ml) hazirlanmis (250mluicin"", 444, 25, 234], [""corba icin"", 462, 24, 141], [""Besin Ögeleri"", 466, 28, 34], [""verdigimizi gostermektedir."", 472, 30, 431], [""25kcal/100kj"", 480, 26, 123], [""60kcal/250kJ"", 479, 20, 241], [""Enerji"", 490, 20, 31], [""0,3g"", 501, 28, 154], [""0,8 g"", 500, 25, 269], [""Yag"", 510, 21, 28], [""0,1g"", 524, 28, 152], [""0,3g"", 522, 24, 268], [""Doymus yag"", 528, 25, 27], [""Gida isletmecisi: Unilever San"", 526, 28, 507], [""arbonhidrat"", 548, 29, 26], [""4,6g"", 546, 25, 149], [""11,6g"", 544, 27, 266], [""%4"", 542, 20, 366], [""ve Ticaret Türk A.S. Saray Ma"", 547, 28, 507], [""eker"", 570, 20, 31], [""1,1g"", 569, 24, 153], [""2,7g"", 568, 29, 266], [""%3"", 565, 20, 365], [""Dr. Adnan Buyukdeniz Cad:"", 569, 26, 509], [""0,1g"", 591, 28, 146], [""0,2g"", 591, 28, 265], [""Uwilever No:1334768,Umraniye-ista"", 590, 32, 425], [""0,6g"", 616, 27, 142], [""1,4g"", 616, 25, 268], [""%3"", 613, 22, 365], [""0,6g"", 640, 28, 141], [""1,6g"", 639, 28, 265], [""%26"", 637, 24, 359], [""2ge"", 704, 67, 0], [""mondi TR-39-K-006339"", 758, 25, 128], [""6906378"", 758, 28, 594], [""corbalanmizn tazell"", 34, 27, 262], [""harm"", 21, 10, 266], [""l uzuto"", 44, 19, 390], [""Ssu bardagi(1 litre) soguk suya ilave edelim."", 333, 47, 96], [""ISO9001,FSSC22000,SO14001veOHSAS1800"", 399, 40, 429], [""belgeli tesislerimizde Türk GIda Kodeksi'ne uy"", 419, 41, 429], [""1 porsiyon"", 430, 19, 348], [""olarak üretilmistir. Bu belgeler kaliteye,gida"", 436, 39, 429], [""güvenligine,cevremize ve calisanlarmiza on"", 456, 36, 430], [""corba icin"", 461, 16, 263], [""RA*"", 458, 19, 365], [""%3"", 478, 19, 366], [""%1"", 498, 19, 365], [""Yaklasik 4 Porsiyon www.herkessofra"", 500, 33, 435], [""%2"", 520, 19, 365], [""%1"", 588, 19, 366], [""tein"", 616, 19, 34], [""ortalamabiryetiskininreferansalmdizeyinibelirtir8400kJ/2000kca"", 668, 23, 8], [""TETT:02.09.21 2U2 5930"", 717, 28, 141], [""Mondi Kalenobel"", 748, 14, 179], [""C/LDPE"", 765, 10, 81]]"
001361,2029,02,07,2029-02-07,s2,"aroma mava orgto. | nane bitkisel yao(pal/m | sogan, nane orutu | CORBANIZI HAZIRLAMAK iCIN: | dave edelim. | saklayiniz.lsletmeKagitNo:TR-34-k-01530s | 3-Kis/katest belgelf tesislerimizde Tark Gida Kodeksr neuy I5O9001.F55C22000.150140019eOH5AS180 | hazirtanmis 100ml (250m) hazirtanmis 1 Porsiyon olarak uretilmistir. Bu belgeler kalitee.gda guvenligine, cevremize ve calisanlanmitaon | Besin Ogelerl Eneri ve sorba icin serba isin RA- verdigimizi gostermektedir. | neru 0.39 25kcal/100kj 0.8g 60kcal/250kj Yaklasik 4 Porsiyon www.herkessofra | Doymus yad 019 0.3g 2 Gida isletmecisi: Unilever Sar | arbonhidrat 469 1169 93 4 Dr. Adnan Buyukdeniz Cad. ve Ticaret Turk AS. Saray M | net 119 0.29 2.7g 1 Unilever No:1334768,Umraniye-lst | 0.69 0.1g 149 3 | 0,6g 1,6g 26 | alambiryetiskinineferanatmdzeyinibelirtir0/200kca | TETT:02.09.21 5930 | 8 690637","[[""CORBANIZI HAZIRLAMAK iCIN:"", 197, 92, 64], [""ve Ticaret Turk AS. Saray M"", 294, 57, 442], [""Dr. Adnan Buyukdeniz Cad."", 308, 56, 445], [""0.39"", 345, 23, 129], [""No:1334768,Umraniye-lst"", 322, 56, 447], [""Besin Ogelerl"", 340, 43, 18], [""0.29"", 382, 23, 235], [""Doymus yad"", 382, 42, 12], [""26"", 395, 23, 319], [""0.69"", 422, 24, 128], [""mava orgto."", 92, 36, 194], [""aroma"", 101, 28, 212], [""nane bitkisel yao(pal/m"", 147, 52, 15], [""sogan, nane orutu"", 171, 44, 15], [""dave edelim."", 196, 36, 256], [""saklayiniz.lsletmeKagitNo:TR-34-k-01530s"", 181, 64, 357], [""I5O9001.F55C22000.150140019eOH5AS180"", 204, 61, 363], [""belgelf tesislerimizde Tark Gida Kodeksr neuy"", 216, 61, 365], [""olarak uretilmistir. Bu belgeler kalitee.gda"", 228, 62, 367], [""guvenligine, cevremize ve calisanlanmitaon"", 240, 67, 368], [""verdigimizi gostermektedir."", 260, 48, 372], [""www.herkessofra"", 256, 39, 513], [""1 Porsiyon"", 276, 29, 214], [""RA-"", 278, 24, 309], [""3-Kis/katest"", 286, 39, 50], [""(250m) hazirtanmis"", 286, 38, 195], [""Yaklasik 4 Porsiyon"", 280, 43, 377], [""100ml"", 299, 25, 126], [""serba isin"", 297, 30, 219], [""Gida isletmecisi: Unilever Sar"", 279, 54, 441], [""hazirtanmis"", 309, 36, 110], [""60kcal/250kj"", 308, 39, 201], [""2"", 317, 20, 317], [""sorba icin"", 319, 35, 113], [""0.8g"", 323, 24, 229], [""4"", 332, 16, 322], [""Eneri ve"", 328, 30, 37], [""25kcal/100kj"", 331, 40, 100], [""0.3g"", 336, 23, 232], [""1169"", 352, 23, 232], [""93"", 348, 18, 320], [""019"", 360, 23, 130], [""Unilever"", 346, 29, 377], [""neru"", 361, 25, 25], [""469"", 374, 21, 128], [""2.7g"", 366, 23, 236], [""1"", 364, 17, 324], [""3"", 379, 16, 325], [""119"", 390, 18, 133], [""arbonhidrat"", 396, 37, 17], [""149"", 398, 21, 238], [""0.1g"", 406, 23, 129], [""net"", 414, 21, 22], [""1,6g"", 414, 23, 238], [""0,6g"", 438, 24, 129], [""5930"", 429, 31, 391], [""8"", 438, 11, 512], [""690637"", 425, 34, 535], [""alambiryetiskinineferanatmdzeyinibelirtir0/200kca"", 446, 95, 26], [""TETT:02.09.21"", 471, 64, 134]]"
001364,2018,02,05,2018-02-05,fail,"Aq panioeps | Jol panoepu | LC Thand by ildr nin 30° LanyuucuBUG unauoru Mfd Lot Na. | Mld Mfd Mfd Md Lot Na. Lot Na. Lot Na. LotNa 02 18C05 18C05 18C05 18C05 02.2018 2018 n mouaassU | nlhuenu niuey nihuory Mfd Lot Na. 02 022021 nous pe e pun sesn pag pu pessens oor 2021 18C05 02.2018 m | nd) Lid., d-Campr110%Menthl10%Mintil6.0% ream onto the affected muscles 2 to 4 times a day. niuanu a moud Isais u lin mui laoias sU Rellef for stressed and tired muscles around neck and shoul 022021 Lonmruen Lanamarifiuen Lanarnruen erundin -nous pue eu pune sesn pelp pue pessens ofa 18C05 | n pu lassU ernaanden toudhaanlhadaufianncuaetlad mm lmmm deanrean Wlandaommg RefuthgRandke shauuram nssebipca pneil egl LUG tansrarinñiuen Lanararnruun | pleuuradieemni lumm PJW huangun eme m a uadaefur uiremuethldidhrandeu wdu Lot Na. 18C05 | h mm mm m taulenne anmae mys huTeun fua: lmmuuaniniu fuuliumnleuin lau Ione Minmuuenohds walururndoudn thaistu Mfd 022018 | LarULuLLBUGI | m neghnin D pnJinuwnieul fhmAmiuaa hanuphadh 3 mu thatuarAamd anfaeueayas hanhnhia D eraaAmnumfieu thamfadeuiae ns sebiBca pnell eg nauany 02 2021 | sOn vfieAanknlnara viadutal mm nfenhg Iunry | frakin Maanrsfualmdourieuldussaruluiku ui Wmunurieuluuluamgah | nin 30° nin 30° nin 30°c rh aoc | l ter h Rellef forstressed and tired uscles around neck and shou Rellef fo stressed and tired muscles around neck and shou- Rellef for stressed and tired muscles around neck and shout pseod and trod muncles aroundt nack and ahsul- Anenine imAnunul WmAmiuaa huangun | de areas. Non-greasy. Light Texture, Soothing Fragranoe. der areas. Non-greasy. Light Texture, Soothing Fragrancs. ler areas. Non-greasy. Light Texture, Soothing Fragrancs. DIRCS: Ge e a sucie nt of th lr aress. Non-grouny, Light Tentune, Soothing Fragansn 810220 duimnululunh PIW | nin 30° HREGTIoriS: Gendy mun cream onto the affected muscles 2 to 4 times a day. cream onto the affected muscles 2 to 4 times a day. tm onto the alfactad musces 2 to 4 Iimes a diy. cream onto the affected muscles 2 to 4 times a day. DIRECNS: Gently mssge a sufficien quantit of the DIRECTioNS: Gently massage a sufficlent quantiy of the 1CS5 ssagp a suffcient quantity of ine | ACTIVE INGREDIENTS: AGTMENIGREDENTS ACTIVE INGREDIENTS: ACTIVE INGREDIENTS: 11%,Ml0%,i% a%thl10%in dCampr11.0%Mnl10%inl6% Rellef for stressed and tired muscles around neck and shou- | ler areas. Non-greasy, Light Texture,Soothing Fragrance. n lUSIl SU | n. Do not ud on chkhen uiw a yeas. Far p DIRECTioNs: Gentiy massage a sufficlent quantit of the | Cnsing soman and chken kas thn te se cream onto the affected muscles 2 to 4 times a day. Lanamarnuen | De indiaiuais wil non ACTIVE INGREDIENTS: dCam11%l10%in0 Ehe GMing tast on el May cause alegis e | betlore use Store below 3o'C. o. Slere bekow 3oG. CAUtoNFor extenal use ony, Keep out of reach of | Aonutactured for puactured for utactured tor. wu링mm |  PaTor Baim Thaland Ld. po b u | ared by ared by. | belore une. Store below 3o'G. m | uactured for. | Py Toe Balm Thalland Ld, | red by umamr | nis 30°c | Relief for stressed and tired muscles around neck and shoul- | der areas. Non-greasy. Light Texture, Soothing Fragrance. | DIRECTioNS: Gently massage a sufficient quantity of the | cream onto the affected muscles 2 to 4 times a day. | ACTIVE INGREDIENTS: | d-Camphor110%,Menthol100%Mintil6.0% | CAUioN: Fo extemal use ony Keep out of reach of | betore use, Store below 3o'c. | nutactured tor: | w Pa Toer Balm (Thalland) Ld, | ouc (Mhailand)) nulactured by","[[""18C05"", 252, 29, 297], [""Mfd"", 272, 20, 202], [""02"", 273, 22, 298], [""2018"", 273, 24, 343], [""niuey"", 290, 25, 198], [""02"", 290, 21, 298], [""2021"", 290, 28, 343], [""Lanarnruen"", 412, 20, 444], [""m"", 526, 26, 172], [""nin 30°c"", 636, 25, 175], [""DIRECNS: Gently mssge a sufficien quantit of the"", 702, 37, 177], [""ACTIVE INGREDIENTS:"", 732, 35, 177], [""Lot Na."", 254, 17, 202], [""m"", 489, 22, 171], [""Rellef fo stressed and tired muscles around neck and shou-"", 665, 30, 175], [""der areas. Non-greasy. Light Texture, Soothing Fragrancs."", 684, 33, 176], [""cream onto the affected muscles 2 to 4 times a day."", 719, 36, 177], [""utactured tor."", 892, 28, 205], [""ared by"", 940, 21, 235], [""Lot Na."", 251, 24, 198], [""18C05"", 251, 32, 294], [""Mfd"", 270, 27, 197], [""nihuory"", 288, 34, 196], [""Lonmruen"", 410, 23, 442], [""mm"", 524, 25, 170], [""nin 30°"", 634, 32, 170], [""Rellef forstressed and tired uscles around neck and shou"", 662, 35, 173], [""de areas. Non-greasy. Light Texture, Soothing Fragranoe."", 681, 36, 174], [""DIRCS: Ge e a sucie nt of th"", 699, 40, 173], [""cream onto the affected muscles 2 to 4 times a day."", 717, 37, 175], [""ACTIVE INGREDIENTS:"", 730, 35, 175], [""a%thl10%in"", 748, 43, 174], [""Aonutactured for"", 888, 39, 192], [""m"", 303, 262, 422], [""n mouaassU"", 264, 193, 558], [""ildr"", 200, 26, 173], [""d-Campr110%Menthl10%Mintil6.0%"", 334, 310, 191], [""ream onto the affected muscles 2 to 4 times a day."", 340, 309, 227], [""Rellef for stressed and tired muscles around neck and shoul"", 348, 340, 280], [""nin 30°"", 208, 60, 313], [""LC Thand by"", 234, 90, 0], [""unauoru"", 224, 51, 658], [""Mfd"", 221, 40, 680], [""Lot Na."", 222, 43, 700], [""18C05"", 339, 86, 695], [""nd) Lid.,"", 340, 44, 43], [""Lanararnruun"", 482, 81, 538], [""LanyuucuBUG"", 230, 85, 401], [""-nous pue eu pune sesn pelp pue pessens ofa"", 363, 345, 651], [""nssebipca pneil egl"", 450, 189, 376], [""huangun"", 486, 55, 280], [""PJW"", 492, 45, 261], [""Aq panioeps"", 22, 32, 436], [""Jol panoepu"", 69, 34, 434], [""nous pe e pun sesn pag pu pessens oor"", 294, 34, 192], [""LUG"", 452, 22, 451], [""LarULuLLBUGI"", 548, 16, 190], [""ns sebiBca pnell eg"", 572, 29, 356], [""huangun"", 670, 24, 462], [""810220"", 686, 26, 303], [""PIW"", 689, 20, 483], [""1CS5"", 708, 27, 335], [""Lot Na."", 254, 17, 201], [""18C05"", 252, 29, 296], [""Md"", 272, 21, 201], [""02.2018"", 272, 29, 294], [""nlhuenu"", 290, 25, 198], [""022021"", 291, 28, 294], [""lin mui laoias sU"", 388, 26, 169], [""Lanamarifiuen"", 412, 23, 444], [""lmmm"", 446, 27, 169], [""mm"", 465, 22, 170], [""eme"", 489, 22, 172], [""lumm"", 508, 20, 173], [""mm"", 526, 26, 172], [""fua: lmmuuaniniu fuuliumnleuin lau"", 545, 24, 173], [""neghnin D pnJinuwnieul fhmAmiuaa"", 582, 25, 175], [""ui Wmunurieuluuluamgah"", 620, 32, 174], [""nin 30°"", 636, 23, 176], [""Rellef for stressed and tired muscles around neck and shout"", 666, 32, 176], [""ler areas. Non-greasy. Light Texture, Soothing Fragrancs."", 684, 33, 177], [""DIRECTioNS: Gently massage a sufficlent quantiy of the"", 703, 36, 178], [""cream onto the affected muscles 2 to 4 times a day."", 720, 37, 177], [""ACTIVE INGREDIENTS:"", 733, 32, 178], [""dCampr11.0%Mnl10%inl6%"", 750, 41, 177], [""betlore use Store below 3o'C."", 858, 47, 181], ["" PaTor Baim Thaland Ld."", 907, 48, 189], [""puactured for"", 892, 30, 202], [""po"", 922, 51, 202], [""ared by."", 941, 20, 235], [""Lot Na."", 284, 23, 224], [""18C05"", 283, 28, 335], [""Mfd"", 306, 22, 226], [""02.2018"", 308, 27, 334], [""niuanu"", 326, 29, 224], [""022021"", 327, 29, 333], [""n pu lassU"", 436, 27, 189], [""tansrarinñiuen"", 464, 20, 499], [""m"", 572, 20, 196], [""mm"", 592, 30, 193], [""Anenine imAnunul WmAmiuaa"", 656, 31, 196], [""duimnululunh"", 697, 34, 197], [""nin 30°"", 716, 25, 199], [""Rellef for stressed and tired muscles around neck and shou-"", 749, 34, 199], [""ler areas. Non-greasy, Light Texture,Soothing Fragrance."", 769, 37, 199], [""DIRECTioNs: Gentiy massage a sufficlent quantit of the"", 790, 37, 200], [""cream onto the affected muscles 2 to 4 times a day."", 809, 36, 199], [""ACTIVE INGREDIENTS:"", 824, 35, 200], [""dCam11%l10%in0"", 845, 46, 200], [""CAUtoNFor extenal use ony, Keep out of reach of"", 868, 50, 199], [""belore une. Store below 3o'G."", 966, 53, 205], [""uactured for."", 1002, 33, 229], [""Py Toe Balm Thalland Ld,"", 1020, 45, 222], [""red by"", 1059, 18, 268], [""Lot Na."", 506, 32, 403], [""18C05"", 504, 47, 598], [""Mfd"", 542, 33, 402], [""022018"", 546, 44, 594], [""nauany"", 582, 43, 402], [""02 2021"", 582, 43, 594], [""n lUSIl SU"", 774, 45, 338], [""Lanamarnuen"", 824, 33, 889], [""wu링mm"", 890, 44, 341], [""u"", 929, 34, 341], [""m"", 976, 41, 346], [""umamr"", 1053, 36, 349], [""nis 30°c"", 1270, 43, 354], [""Relief for stressed and tired muscles around neck and shoul-"", 1331, 58, 354], [""der areas. Non-greasy. Light Texture, Soothing Fragrance."", 1366, 60, 355], [""DIRECTioNS: Gently massage a sufficient quantity of the"", 1404, 61, 357], [""cream onto the affected muscles 2 to 4 times a day."", 1437, 62, 355], [""ACTIVE INGREDIENTS:"", 1463, 58, 359], [""d-Camphor110%,Menthol100%Mintil6.0%"", 1500, 74, 357], [""CAUioN: Fo extemal use ony Keep out of reach of"", 1540, 83, 355], [""betore use, Store below 3o'c."", 1714, 90, 366], [""nutactured tor:"", 1778, 53, 402], [""w Pa Toer Balm (Thalland) Ld,"", 1810, 87, 385], [""ouc (Mhailand))"", 1889, 66, 380], [""nulactured by"", 1874, 55, 408], [""LotNa"", 254, 21, 201], [""18C05"", 252, 29, 296], [""Mld"", 271, 20, 201], [""a moud Isais u"", 388, 26, 169], [""erundin"", 412, 16, 448], [""deanrean Wlandaommg RefuthgRandke shauuram"", 446, 25, 169], [""ernaanden toudhaanlhadaufianncuaetlad"", 464, 23, 168], [""a uadaefur uiremuethldidhrandeu wdu"", 488, 30, 170], [""pleuuradieemni"", 508, 19, 173], [""taulenne anmae mys huTeun"", 526, 26, 173], [""h"", 544, 16, 178], [""Ione Minmuuenohds walururndoudn thaistu"", 544, 23, 196], [""hanuphadh 3 mu thatuarAamd anfaeueayas"", 564, 25, 182], [""hanhnhia D eraaAmnumfieu thamfadeuiae"", 582, 27, 186], [""sOn vfieAanknlnara viadutal"", 600, 19, 209], [""nfenhg Iunry"", 604, 26, 404], [""frakin Maanrsfualmdourieuldussaruluiku"", 620, 27, 177], [""rh aoc"", 636, 25, 176], [""l ter h"", 664, 22, 192], [""pseod and trod muncles aroundt nack and ahsul-"", 667, 24, 244], [""lr aress. Non-grouny, Light Tentune, Soothing Fragansn"", 684, 32, 180], [""HREGTIoriS: Gendy mun"", 702, 27, 182], [""tm onto the alfactad musces 2 to 4 Iimes a diy."", 719, 35, 177], [""ssagp a suffcient quantity of ine"", 704, 25, 323], [""AGTMENIGREDENTS"", 732, 35, 177], [""11%,Ml0%,i%"", 750, 42, 176], [""n. Do not ud on chkhen uiw a yeas. Far p"", 790, 29, 207], [""Cnsing soman and chken kas thn te se"", 804, 32, 204], [""De indiaiuais wil non"", 845, 25, 211], [""May cause alegis e"", 836, 23, 350], [""o. Slere bekow 3oG."", 861, 21, 234], [""Ehe GMing tast on el"", 850, 12, 353], [""b"", 911, 10, 330]]"
001368,2021,08,19,2021-08-19,hires,20210819 293.264215:58 M,"[[""20210819"", 466, 33, 181], [""M"", 486, 63, 894], [""293.264215:58"", 490, 39, 164]]"
001376,2021,12,02,2021-12-02,s2,BESTBY20211202KOFEAJAPA | 19:51TK3,"[[""19:51TK3"", 505, 29, 376], [""BESTBY20211202KOFEAJAPA"", 482, 29, 378]]"
001377,2021,12,02,2021-12-02,s2,"BESTBY20211202(KDFEA,JAPHN, | 19151TKS","[[""19151TKS"", 366, 31, 329], [""BESTBY20211202(KDFEA,JAPHN,"", 366, 63, 330]]"
001379,2021,01,22,2021-01-22,s2,포장일자 | GFARm 2021.01.22 | 자연의 신선함에 깨끗함을 더하다 | Superfood | ）176.904 | 구입처및판매원 | 리에틸렌 포장일자 별도표기일 | 054-763-7717 | 2a01399,"[[""포장일자"", 164, 28, 361], [""GFARm"", 210, 47, 0], [""자연의"", 286, 26, 0], [""신선함에 깨끗함을"", 274, 43, 64], [""Superfood"", 322, 90, 0], [""）176.904"", 393, 50, 77], [""구입처및판매원"", 430, 34, 82], [""포장일자"", 476, 29, 177], [""리에틸렌"", 490, 27, 95], [""054-763-7717"", 507, 42, 91], [""2021.01.22"", 180, 27, 361], [""더하다"", 260, 26, 258], [""별도표기일"", 468, 23, 264], [""2a01399"", 596, 27, 78]]"
001381,2021,04,09,2021-04-09,s2,넷슨카페 | 마일드 커피픽스 | 52kc | N656 | 080-730-5336 | 2021:04.09 | OTHER 92833657 02:00 | 2722021 -2-,"[[""넷슨카페"", 143, 64, 169], [""마일드 커피픽스"", 176, 61, 171], [""52kc"", 298, 13, 137], [""N656"", 315, 14, 177], [""080-730-5336"", 452, 17, 209], [""2021:04.09"", 492, 23, 218], [""OTHER"", 504, 17, 134], [""92833657"", 506, 20, 218], [""02:00"", 510, 19, 348], [""2722021"", 568, 18, 162], [""-2-"", 568, 19, 390]]"
001384,NONE,NONE,NONE,NONE,fail,"ve ambalajnda saklayiniz. Orake,-istanbul 3o°C'nin altndaki oda sicakliginda saklanmalidr. Cocuklarn goremeyecegi, erisemeyecegi yerlerde reaa madde olarak sm petrolatum ve beyaz petrolatum icerir. Ruhsat sahibi: Pfizer llaclan Ltd. Sti. nite polimiksin Bye esdeger polimiksin B sülfat ve yardimc 09-2018 09-2018 09-2018 161752115 151752115 161752115 161752115 Ruhsat no:26.12.1958.47/10 Recete ile satilir. Kullanmadan once kullanma talimatin okuyunuz. 30°C'nin altndaki oda sicakliginda saklanmaldir ve ambalajinda saklayniz. Cocuklarn goremeyecegi, erisemeyecegi yerlerde 4 | ln Parti no/SonI Kullanmadan önce kullanma talimatin okuyunuz. Parti no/Son kul.ta.: Parti no/Son kul. ta.: Parti no/Son kul. ta.: kul. ta.: 09-2018 151752115 Parti no/Son kul. ta.: UI | Recete ile satilir. e | Ruhsat no:26.12.1958.47/10 Parti no/Son kul.ta.: 00 | M mupek 는오 Ruhsat sahibi: Pfizer aclan Ld.Sti. Uretmlaand 5 I UI | Orake,-istanbul 2166-8 2166-8 | 151752115 |   ououUlrU. Aee BS Prut Parti no/Son kul.ta.: 09-2018 | wne ctetteoenme pue e e..  | ISBnOlSyO","[[""161752115"", 276, 26, 272], [""09-2018"", 299, 24, 280], [""Parti no/Son kul. ta.:"", 342, 23, 228], [""161752115"", 276, 31, 269], [""09-2018"", 296, 30, 275], [""Parti no/SonI"", 342, 27, 226], [""kul. ta.:"", 340, 27, 353], ["" "", 660, 366, 294], [""nite polimiksin Bye esdeger polimiksin B sülfat ve yardimc"", 226, 74, 98], [""Parti no/Son kul. ta.:"", 334, 223, 603], [""madde olarak sm petrolatum ve beyaz petrolatum icerir."", 250, 69, 102], [""Cocuklarn goremeyecegi, erisemeyecegi yerlerde"", 276, 58, 111], [""ve ambalajnda saklayiniz."", 307, 40, 116], [""4"", 313, 20, 672], [""3o°C'nin altndaki oda sicakliginda saklanmalidr."", 323, 50, 119], [""Kullanmadan önce kullanma talimatin okuyunuz."", 348, 46, 123], [""UI"", 346, 23, 671], [""Recete ile satilir."", 378, 33, 126], [""e"", 382, 21, 671], [""Ruhsat no:26.12.1958.47/10"", 398, 37, 127], [""00"", 396, 27, 652], [""Ruhsat sahibi: Pfizer aclan Ld.Sti."", 420, 36, 128], [""UI"", 416, 23, 674], [""Uretmlaand"", 443, 37, 127], [""2166-8"", 462, 26, 462], [""Orake,-istanbul"", 467, 32, 129], [""ln"", 334, 23, 263], [""ve ambalajinda saklayniz."", 212, 193, 420], [""Cocuklarn goremeyecegi, erisemeyecegi yerlerde"", 306, 392, 442], [""Orake,-istanbul"", 198, 136, 265], [""reaa"", 274, 297, 284], [""Ruhsat sahibi: Pfizer llaclan Ltd. Sti."", 256, 259, 310], [""Ruhsat no:26.12.1958.47/10"", 238, 222, 332], [""Recete ile satilir."", 186, 125, 352], [""Kullanmadan once kullanma talimatin okuyunuz."", 301, 354, 378], [""30°C'nin altndaki oda sicakliginda saklanmaldir"", 300, 359, 400], [""2166-8"", 498, 72, 275], [""ououUlrU."", 618, 28, 307], [""161752115"", 276, 28, 271], [""09-2018"", 299, 24, 280], [""Parti no/Son kul.ta.:"", 341, 28, 226], [""151752115"", 324, 33, 318], [""09-2018"", 350, 27, 330], [""Parti no/Son kul.ta.:"", 400, 30, 267], [""5"", 448, 15, 285], [""I"", 424, 109, 554], [""151752115"", 553, 56, 544], [""09-2018"", 596, 47, 564], [""Parti no/Son kul.ta.:"", 682, 45, 454], [""wne"", 1268, 889, 436], [""ctetteoenme pue e e.. "", 1370, 581, 854], [""ISBnOlSyO"", 1626, 142, 435], [""151752115"", 276, 30, 271], [""Parti no/Son kul. ta.:"", 340, 29, 226], [""M"", 442, 112, 177], [""mupek"", 426, 85, 199], [""는오"", 441, 44, 229], [""Aee BS Prut"", 618, 164, 426]]"
001385,NONE,09,20,NONE-09-20,det5,1617 52 15 | 09-20 is | Parti no/Son kul. ta.: | nuns10,"[[""52"", 170, 25, 278], [""15"", 162, 27, 321], [""1617"", 175, 31, 224], [""is"", 178, 23, 307], [""09-20"", 186, 35, 233], [""ta.:"", 203, 24, 339], [""Parti no/Son kul."", 216, 46, 190], [""nuns10"", 476, 93, 412]]"
001393,2022,07,14,2022-07-14,s2,"EXTRA VIRGIN OLIVE OIL 50 | Superior category olive oil obtained directly from olives an | solely by mechanical means | COLD PRESSED - CHOLESTEROL FREE | MANTOVA RATELLI 만토바 엑스트라 권 | SENCEI90S 올리브 오임 | 유통기 | !주의 사항 Nutrition Facis Serving Size I tbsp (is mL) | Servings Per Container 33 | 낮은온도에서 올리브오일이 뿌떻게 Amount Por Serving | 될수 있습니다점진적으로상온에서 Calories 120 FatCal.120 | 원상태로돌아옵니다 Daly Va ue"" | 빛과열로부터멀리두세요 Total Fat 1 21% | 냉장고에보관하지말아주세요 Saturate29 9% | Polyunsralnp Fat 1.5g | Olive Oil may become cloudy at lower Moncerraed Fat 10g | temperatures, it gradually retums Cholestn 0% | to its nomal state at room temperature. Sodium 0% | Keep away from light and heat sources. Total G ote 0g 0% | Do not store in refngerator. Protei | a+0o5odona2000 | Q4817601101 | ProductcontainsselecthighqualtyExtraVirginOliveOil from: | 14.JUL.2022 | Best ifused by seetikL2019N.0660 | 17floz(500ml) | Product packed by | COMPAGNIAALIMENTARE ITALIANA S.p.a. | info@alimentareitalianait wwwalimentareitaliana.it","[[""EXTRA VIRGIN OLIVE OIL"", 29, 32, 134], [""만토바 엑스트라 권"", 123, 30, 266], [""MANTOVA"", 130, 22, 136], [""올리브 오임"", 149, 30, 307], [""유통기"", 175, 30, 528], [""!주의 사항"", 203, 29, 134], [""Best ifused by seetikL2019N.0660"", 494, 33, 102], [""17floz(500ml)"", 534, 37, 155], [""COMPAGNIAALIMENTARE ITALIANA S.p.a."", 580, 24, 164], [""info@alimentareitalianait wwwalimentareitaliana.it"", 611, 27, 145], [""50"", 17, 24, 541], [""Superior category olive oil obtained directly from olives an"", 49, 28, 116], [""solely by mechanical means"", 62, 18, 203], [""COLD PRESSED - CHOLESTEROL FREE"", 78, 25, 157], [""RATELLI"", 119, 8, 167], [""SENCEI90S"", 142, 9, 162], [""Nutrition Facis"", 196, 18, 304], [""Serving Size I tbsp (is mL)"", 208, 17, 303], [""낮은온도에서 올리브오일이 뿌떻게"", 228, 19, 116], [""Servings Per Container 33"", 218, 15, 304], [""될수 있습니다점진적으로상온에서"", 241, 20, 116], [""Amount Por Serving"", 235, 13, 304], [""원상태로돌아옵니다"", 254, 19, 116], [""Calories 120"", 246, 13, 305], [""FatCal.120"", 246, 13, 394], [""빛과열로부터멀리두세요"", 269, 19, 109], [""Daly Va ue\"""", 259, 14, 384], [""Total Fat"", 270, 10, 306], [""1"", 270, 10, 353], [""21%"", 269, 14, 422], [""냉장고에보관하지말아주세요"", 283, 20, 107], [""Saturate29"", 282, 13, 319], [""9%"", 282, 14, 426], [""Polyunsralnp Fat 1.5g"", 294, 15, 319], [""Olive Oil may become cloudy at lower"", 308, 19, 113], [""Moncerraed Fat 10g"", 306, 15, 318], [""temperatures, it gradually retums"", 320, 17, 114], [""Cholestn"", 320, 13, 304], [""0%"", 318, 14, 426], [""to its nomal state at room temperature."", 332, 17, 114], [""Sodium"", 332, 11, 304], [""0%"", 330, 14, 426], [""Keep away from light and heat sources."", 351, 19, 116], [""Total G"", 344, 12, 304], [""ote 0g"", 344, 15, 347], [""0%"", 341, 12, 427], [""Do not store in refngerator."", 364, 19, 115], [""Protei"", 356, 13, 304], [""Q4817601101"", 416, 19, 108], [""a+0o5odona2000"", 401, 13, 371], [""ProductcontainsselecthighqualtyExtraVirginOliveOil from:"", 438, 31, 99], [""14.JUL.2022"", 476, 23, 229], [""Product packed by"", 566, 19, 233]]"
001395,2024,09,02,2024-09-02,s2,찬아름 | 20피b 무보존료 OTHER | 10%0 |  ·  | 로랜리드리·보업:습가업고한보하어리드기버·유  | ·:·본은 | 206：014：20109 | 8 4용수 | 2.9 249 TORO 10g 09 | 11%,"[[""찬아름"", 108, 71, 242], [""20피b"", 268, 167, 125], [""무보존료"", 269, 31, 453], [""206：014：20109"", 424, 60, 111], [""OTHER"", 250, 22, 473], [""10%0"", 324, 71, 55], ["" · "", 346, 63, 62], [""로랜리드리·보업:습가업고한보하어리드기버·유 "", 366, 58, 70], [""·:·본은"", 386, 60, 80], [""4용수"", 459, 25, 190], [""09"", 461, 16, 332], [""8"", 464, 14, 163], [""249"", 472, 17, 220], [""TORO"", 470, 15, 243], [""10g"", 467, 16, 274], [""2.9"", 478, 14, 162], [""11%"", 483, 14, 251]]"
001400,2022,NONE,28,2022-NONE-28,fail,"품목보고번호 품목보고번호 号 20060372438442 号 20060372438442 否号量7堂20060372438442 20060372438442 20060372438442 | 식품의 유형 식품의 유형 식품의 유형 식품의 유형 식품의 유형 고형차내용량 고형차|내용량 450g（15gX307） 450g（15gX30） 450g（15gX30） 품목보고번호 450g（15gX307h） 450g（15gX307hg） 20060372438442 | 설탕,덱스트린 설탕,텍스트린,생강농축액분말[덱 설탕,덱스트린 생강농축액분말[덱 설탕,덱스트린 생강농축액분말[덱 설탕,덱스트린 생강농축액분말[덱 생강농출액분말[데 12 12 | 스트린,생강능축액( 스트린,생강농축액(고형분 60%, 국 스트린,생강농축액(고형분 60%, 국 스트린, 생강능축에고 분 6이 %국 스트린,생강능축액(고형분 60%,국 식품의 유형 축액(고형분 60%,국 고형차 내용량 450g（15gX307h） | 13.84%E 13.84% 13.84% 13.84% 13.84% | 원재료명 원재료명 원재료명 원재료명 원재료명 및 함량 및 힘량 및 함량 및함량 및함량 논 ·유통기한: 204% 204% 제생강오일 어신화규소,부당).대취국 아검.폴리소르베이트 20년 %,혼합제 제생강오일이신화규소 부당),대추국 人三0207%喜 제생강오일,이신화규소,분당),대추(국 제생강오일,이신화규소,분당),대추(국 2014% 제생강오일,이신화규소,분당).대추(국 포장재질 및함량 원재료명 식품의 유형 품목보고번호 설탕,덱스트린,생강농축액분말[덱 | |Y 산il2 %, 재중국산2 %, 아본드(미국산 산)2 %,재중국산)2 %, 아몬드(미국산) 산)2 %, 재(중국산)2 %, 아몬드(미국산) 산)2 %,재(중국산)2 %,아몬드(미국산) 산)2 %,재(중국산)2 %,아몬드(미국산) | 규소 규소잣함유 규소잣함유 규소잣 함유 규소잣 함유    무  연   2%,정제소금,카리별색소분말,아산회 2%, 정제소금,카라멜색소분말,이산화 2%,정제소금,카라멜색소분말,이산화 2%,정제소금,카라멜색소분말,이산화 2%,정제소금,카라멜색소분말,이산화 2202 유통 기한별도표기일까지 규소 몸들무모님 스트린,생강능축액(고형분 60 %,국 | 포장재질 포장재질 포장재질 유통기한 유통기한 포장재질 포장재질 유통기한 유통기한 유 통 기 한 별도표기일까지 별도표기일까지 별도표기일까지 별도표기일까지 별도표기일까지 내포장재질:플리에 릴렌 내포장재질:폴리에틸렌 내포장재질:폴리에틸렌 내포장재질:폴리에틸렌 내포장재질:폴리에틸렌 유통전문판매원홀플러스(주)ww.homepuscok서울시강서구화곡로38 |내포장재질:폴리에틸렌 :지운이· 잣함유 정제소금 제생강오일이신화규소 .생강농 20060372438442 13.84%0 | 유통전문판매원 유통전문판매원 유통전문판매원 유통전문판매원 제 조 원 제 조원 제 조원 유통전문판어원 제 조 원 제 조원 산 Y« 홈플러(주)ww.homepus.cok서울별시강서구화곡로38 울골리식쥐u 세시 감구 공 원재료명 및 함량 서 2202 450g（15g307） 제생강오일,이신화규소,분당),대추(국 204% | ·유통기한: ·유통기한: ·유통기한: 유통가 ·유통기한: ·유통기한: 루트클룸:탈터연장탈 |Y/« ,카리멜색소문말 이산화 보다 산)2 %,재중국산)2 %,아몬드(미국산 | 눔 까지 2022-8228 2022-86668 2022-86668 2022.88628 2022-86638 2022.88628 서 논 2%,정제소금,카라멜색소분말,이산화 | 까지 까지 까지 까지 까지 제지 규소잣함유 | y석인제관입영헌식 | 한스인영래%장상 유 통 기 한 별도표기일까지 |  연C장운이 | 기이 준 포장재질 내포장재질:폴리에틸렌 | (방장 장 )  S  | 제 조 원 홍눔폼 | 유통전문판매원 ww.homeos.co.kr308 | ·유통기한: | 2022.88638 | 까지","[[""품목보고번호"", 34, 31, 144], [""20060372438442"", 36, 26, 248], [""식품의 유형"", 66, 30, 146], [""고형차|내용량"", 68, 28, 254], [""450g（15gX307h）"", 70, 27, 363], [""설탕,덱스트린 생강농축액분말[덱"", 99, 29, 253], [""스트린,생강능축액(고형분 60%,국"", 126, 37, 251], [""13.84%"", 152, 29, 253], [""원재료명"", 174, 32, 159], [""2014%"", 177, 30, 252], [""및 함량"", 201, 30, 167], [""제생강오일,이신화규소,분당).대추(국"", 202, 29, 253], [""산)2 %, 재(중국산)2 %, 아몬드(미국산)"", 226, 25, 254], [""2%,정제소금,카라멜색소분말,이산화"", 252, 33, 250], [""규소잣 함유"", 277, 34, 250], [""유통기한"", 304, 29, 149], [""별도표기일까지"", 306, 25, 251], [""포장재질"", 332, 27, 149], [""내포장재질:폴리에틸렌"", 334, 24, 254], [""제 조 원"", 362, 29, 149], [""유통전문판매원"", 392, 35, 146], [""·유통기한:"", 445, 28, 157], [""2022.88628"", 491, 56, 185], [""까지"", 531, 28, 463], [""품목보고번호"", 36, 31, 143], [""20060372438442"", 36, 28, 247], [""식품의 유형"", 67, 32, 144], [""고형차내용량"", 68, 34, 249], [""450g（15gX307hg）"", 69, 33, 372], [""설탕,덱스트린"", 100, 34, 250], [""생강농출액분말[데"", 102, 48, 353], [""스트린,생강능축액("", 126, 41, 247], [""축액(고형분 60%,국"", 126, 39, 353], [""13.84%"", 151, 40, 248], [""원재료명"", 174, 30, 160], [""人三0207%喜"", 178, 42, 246], [""및 함량"", 200, 33, 163], [""제생강오일이신화규소 부당),대추국"", 202, 39, 246], [""산)2 %,재중국산)2 %, 아몬드(미국산)"", 225, 32, 249], [""2%, 정제소금,카라멜색소분말,이산화"", 251, 34, 248], [""규소잣 함유"", 276, 36, 247], [""유통기한"", 304, 31, 147], [""별도표기일까지"", 306, 27, 249], [""포장재질"", 333, 28, 148], [""내포장재질:폴리에틸렌"", 333, 30, 251], [""제 조원"", 362, 28, 148], [""유통전문판매원"", 391, 38, 145], [""홈플러(주)ww.homepus.cok서울별시강서구화곡로38"", 392, 30, 248], [""·유통기한:"", 444, 32, 155], [""2022.88628"", 491, 62, 182], [""까지"", 530, 31, 460], [""유통전문판매원홀플러스(주)ww.homepuscok서울시강서구화곡로38"", 328, 367, 348], [""포장재질"", 198, 97, 410], [""유통 기한별도표기일까지"", 257, 224, 434], [""식품의 유형"", 195, 108, 672], [""품목보고번호"", 198, 110, 705], [""·유통기한:"", 202, 89, 298], [""및함량"", 195, 60, 540], [""원재료명"", 192, 70, 565], [""|내포장재질:폴리에틸렌"", 330, 179, 408], [""규소"", 272, 46, 462], [""제생강오일이신화규소"", 335, 174, 535], [""450g（15g307）"", 382, 266, 671], [""20060372438442"", 311, 140, 706], [""정제소금"", 317, 71, 488], [""잣함유"", 326, 71, 464], ["".생강농"", 329, 62, 613], ["",카리멜색소문말 이산화"", 429, 178, 479], [""보다"", 435, 32, 551], [""까지"", 480, 42, 213], [""논"", 500, 23, 617], [""논"", 176, 59, 185], [""   무  연  "", 285, 270, 349], [""몸들무모님"", 266, 145, 469], [""Y«"", 362, 126, 293], [""2202"", 402, 147, 469], [""산"", 400, 19, 218], [""눔"", 467, 106, 23], [""서"", 465, 38, 355], [""|Y"", 224, 28, 161], [""2202"", 268, 31, 341], ["":지운이·"", 311, 28, 413], [""서"", 393, 26, 419], [""루트클룸:탈터연장탈"", 422, 27, 248], [""|Y/«"", 448, 25, 297], [""y석인제관입영헌식"", 553, 28, 151], [""한스인영래%장상"", 603, 30, 151], ["" 연C장운이"", 628, 32, 149], [""기이 준"", 655, 34, 147], [""(방장 장 )  S "", 686, 30, 147], [""홍눔폼"", 720, 24, 420], [""号 20060372438442"", 35, 30, 145], [""식품의 유형"", 66, 25, 148], [""450g（15gX30）"", 68, 31, 252], [""설탕,덱스트린 생강농축액분말[덱"", 100, 25, 255], [""스트린,생강농축액(고형분 60%, 국"", 125, 38, 251], [""12"", 109, 15, 449], [""13.84%"", 152, 29, 253], [""원재료명"", 175, 26, 162], [""204%"", 177, 32, 251], [""및함량"", 201, 26, 168], [""제생강오일,이신화규소,분당),대추(국"", 202, 30, 252], [""산)2 %,재(중국산)2 %,아몬드(미국산)"", 226, 25, 254], [""2%,정제소금,카라멜색소분말,이산화"", 250, 33, 250], [""규소잣함유"", 276, 33, 250], [""유통기한"", 306, 25, 151], [""별도표기일까지"", 306, 27, 247], [""포장재질"", 333, 22, 152], [""내포장재질:폴리에틸렌"", 334, 24, 253], [""제 조원"", 363, 26, 150], [""유통전문판매원"", 392, 35, 147], [""·유통기한:"", 445, 28, 159], [""2022-86668"", 490, 61, 183], [""까지"", 532, 28, 463], [""号 20060372438442"", 35, 30, 145], [""식품의 유형"", 66, 25, 148], [""450g（15gX30）"", 68, 31, 252], [""설탕,덱스트린 생강농축액분말[덱"", 100, 25, 255], [""스트린,생강농축액(고형분 60%, 국"", 125, 38, 251], [""12"", 109, 15, 449], [""13.84%"", 152, 29, 253], [""원재료명"", 175, 26, 162], [""204%"", 177, 32, 251], [""및함량"", 201, 26, 168], [""제생강오일,이신화규소,분당),대추(국"", 202, 30, 252], [""산)2 %,재(중국산)2 %,아몬드(미국산)"", 226, 25, 254], [""2%,정제소금,카라멜색소분말,이산화"", 250, 33, 250], [""규소잣함유"", 276, 33, 250], [""유통기한"", 306, 25, 151], [""별도표기일까지"", 306, 27, 247], [""포장재질"", 333, 22, 152], [""내포장재질:폴리에틸렌"", 334, 24, 253], [""제 조원"", 363, 26, 150], [""유통전문판매원"", 392, 35, 147], [""·유통기한:"", 445, 28, 159], [""2022-86668"", 490, 61, 183], [""까지"", 532, 28, 463], [""품목보고번호"", 71, 48, 295], [""20060372438442"", 73, 44, 503], [""식품의 유형"", 134, 52, 295], [""고형차"", 136, 48, 506], [""내용량"", 137, 54, 620], [""450g（15gX307h）"", 140, 51, 758], [""설탕,덱스트린,생강농축액분말[덱"", 200, 67, 500], [""스트린,생강능축액(고형분 60 %,국"", 251, 60, 504], [""13.84%0"", 302, 52, 508], [""원재료명"", 350, 54, 323], [""204%"", 352, 59, 506], [""및 함량"", 402, 55, 336], [""제생강오일,이신화규소,분당),대추(국"", 403, 57, 504], [""산)2 %,재중국산)2 %,아몬드(미국산"", 454, 54, 507], [""2%,정제소금,카라멜색소분말,이산화"", 502, 61, 501], [""규소잣함유"", 551, 60, 502], [""유 통 기 한"", 610, 42, 304], [""별도표기일까지"", 612, 41, 504], [""포장재질"", 667, 44, 303], [""내포장재질:폴리에틸렌"", 667, 44, 507], [""제 조 원"", 724, 47, 301], [""유통전문판매원"", 784, 65, 293], [""ww.homeos.co.kr308"", 784, 43, 503], [""·유통기한:"", 890, 51, 312], [""2022.88638"", 982, 109, 370], [""까지"", 1063, 50, 927], [""유통가"", 446, 31, 156], [""제지"", 531, 32, 461], [""2022-8228"", 490, 55, 185], [""否号量7堂20060372438442"", 35, 30, 145], [""식품의 유형"", 68, 27, 146], [""450g（15gX307）"", 68, 31, 233], [""설탕,텍스트린,생강농축액분말[덱"", 100, 29, 253], [""스트린, 생강능축에고 분 6이 %국"", 127, 35, 251], [""13.84%E"", 152, 33, 252], [""원재료명"", 174, 31, 159], [""아검.폴리소르베이트 20년 %,혼합제"", 176, 31, 252], [""및 힘량"", 201, 30, 166], [""제생강오일 어신화규소,부당).대취국"", 202, 37, 249], [""산il2 %, 재중국산2 %, 아본드(미국산"", 226, 31, 253], [""2%,정제소금,카리별색소분말,아산회"", 252, 29, 251], [""규소"", 275, 28, 250], [""유 통 기 한 별도표기일까지"", 305, 28, 149], [""포장재질"", 332, 27, 149], [""내포장재질:플리에 릴렌"", 334, 28, 249], [""제 조 원"", 362, 29, 148], [""유통전문판어원"", 392, 25, 151], [""울골리식쥐u 세시 감구 공"", 392, 27, 251], [""·유통기한:"", 445, 28, 157], [""까지"", 532, 31, 461], [""2022-86638"", 490, 53, 186]]"
001401,NONE,NONE,NONE,NONE,fail,"품목보고번호 품목보고번호 号号卫20060372438442 号号卫20060372438442 20060372438442 20060372438442 품목보고번호 20060372438442 | 식품의 유 식품의 유형 식품의 유형 고형차 내용량 45015307 45015307 450g（15gx307） 식품의 유형 450g（15gX307Wg) 고형차 내용량 450g（15gX307hg | 설탕,덱스트린 설탕,덕스트린,생강농축액분말(덱 설탕,덕스트린,생강농축액분말(덱 설탕,덕스트린,생농축액분말(덱 |농축액분말[델 | 스트린,생강농작 츠트린,생강능축액(고 형분 60 %국 츠트린,생강능축액(고 형분 60 %국 스트린,생강농축에고형분 60%국 부 60 설탕,텍스트린,생농축액분말[덱 | 국 H 13.84%0 13.84%0 13.84%0 13.84%0 | 원재료명 원재료명 원재료명 원재료명 원재료명 20% 20% 204% | 및 함령 및 함량 및 함량 및 함량 및함량 제 포장재질 유통기한 제(생강오일,이신화규소,분당).대취국 제(생강오일,이신화규소,분당).대취국 제(생강오일,이신화규소,본당)대취국 산)2 %,잿중국산)2%, 아은드(미국산) 산)2 %,잿중국산)2%, 아은드(미국산) 산2%,채중국산2% 아은드(미국산) 산)2 %,재(중국산)2 %,아은드(미국산) 및 함량 원재료명 식품의 유형 스트린,생강능축액고형분 60%국 | 정제소음,카리멜색소분말,이신화 몽들무모님 ·유통기한 규소 규소잣함유 규소잣함유 규소짓 함유 짓함유 2%,정제소금,카리멜색소분말 이산화 2%,정제소금,카라멜색소분말,이산화 2%,정제소금,카라멜색소분말,이산화 2%,정제소금,카라멜색소분말,이산화 몽들무모님 1384% | M 유통기한 포장재질 포장재질 2022.  Moosna 유 통 기 한 별도표기일까지 유 통 기 한 별도표기일까지 유 통 기 한 별도표기일까지 포장 재 질 내포장재질:폴리에틸렌 포장 재 질 내포장재질:폴리에틸렌 내포장재질:폴리에틸렌 별도표기일까지 내포장재질:폴리에틸렌 내포장재질:폴리에틸렌 유통전문판매원 홈플러식주)mwhomepuscok 세울시 강서구 화곡로 38 규소 2%, 원재료명 제생강오일 13.84% 고형차 아검.폴리소르베이트20! %.혼합제 제생강오일, 이신화규소,블당)대취국 | 융 제조원 제 조 원 유통전문판매원 유통전문판매원 장 장치장징빵키리2 |x«| 3 3 유통전문판 매원 |홍물러식주)wwhomepuscak 서울특벌시 강서구 최곡로 38 유통전문판 매원 |홍물러식주)wwhomepuscak 서울특벌시 강서구 최곡로 38 별도표기일까지 홈플러식주)wawhomepus.cok 서울시 강서구화곡로 38 짓함유 및 함량 생강 내용링 산)2 %,전중국산)2 %, 아은드(미국산) | 号号至卫堂20060372438442 한자2. 산 ·유용기한: ·유통기한: ·유통기한: ·유통기한: ·유통기한: 원 V 450g（15gx307Wg） 2%,정제소금,카라멜색소분말,이산화 | 2022-8628 2022-86628 2022-86628 2022-88628 2022-88628 규소짓함유 | 인정리일연 혼합제 까지 까지 까지 까지 까지 | 까지 유통기한 별도표기일까지 | 기운이방리 포 장 재 질 내포장재질:폴리에틸렌 | （ 제 조 원 35 | 유통전문판 매원 | ·유통기한: | 2022-86628 | 까지","[[""품목보고번호"", 25, 36, 178], [""20060372438442"", 42, 46, 263], [""식품의 유형"", 50, 41, 175], [""450g（15gx307）"", 81, 70, 275], [""설탕,덕스트린,생농축액분말(덱"", 108, 70, 274], [""스트린,생강농축에고형분 60%국"", 130, 71, 273], [""원재료명"", 140, 35, 183], [""13.84%0"", 151, 68, 273], [""및함량"", 163, 34, 188], [""204%"", 172, 68, 270], [""제(생강오일,이신화규소,본당)대취국"", 193, 64, 269], [""산)2 %,재(중국산)2 %,아은드(미국산)"", 214, 63, 269], [""2%,정제소금,카라멜색소분말,이산화"", 234, 67, 266], [""규소짓 함유"", 244, 45, 265], [""유 통 기 한 별도표기일까지"", 260, 59, 163], [""포장재질"", 274, 38, 164], [""제 조 원"", 298, 37, 162], [""내포장재질:폴리에틸렌"", 296, 47, 260], [""유통전문판매원"", 324, 37, 161], [""·유통기한:"", 369, 38, 163], [""2022-86628"", 426, 89, 191], [""까지"", 484, 31, 455], [""품목보고번호"", 24, 43, 173], [""식품의 유형"", 50, 43, 172], [""20060372438442"", 43, 44, 275], [""고형차 내용량"", 70, 46, 275], [""설탕,덱스트린"", 96, 48, 273], [""450g（15gX307Wg)"", 92, 49, 395], [""스트린,생강농작"", 118, 51, 270], [""|농축액분말[델"", 120, 53, 418], [""13.84%0"", 150, 71, 270], [""부 60"", 139, 58, 382], [""원재료명"", 140, 36, 183], [""및 함량"", 163, 34, 187], [""산2%,채중국산2% 아은드(미국산)"", 211, 78, 263], [""2%,정제소금,카리멜색소분말 이산화"", 233, 69, 264], [""유통기한"", 250, 43, 162], [""규소"", 236, 29, 266], [""짓함유"", 246, 39, 293], [""포장재질"", 274, 39, 162], [""별도표기일까지"", 268, 42, 264], [""제조원"", 298, 42, 160], [""내포장재질:폴리에틸렌"", 296, 49, 263], [""유통전문판매원"", 324, 44, 158], [""홈플러식주)wawhomepus.cok 서울시 강서구화곡로 38"", 352, 64, 257], [""·유통기한:"", 368, 41, 161], [""2022-86628"", 426, 93, 188], [""까지"", 484, 32, 453], [""·유통기한"", 211, 88, 252], [""제"", 181, 30, 339], [""포장재질"", 211, 100, 345], [""유통기한"", 214, 104, 368], [""식품의 유형"", 228, 111, 565], [""및 함량"", 217, 60, 459], [""원재료명"", 216, 68, 481], [""2022."", 261, 134, 206], [""별도표기일까지"", 318, 122, 350], [""규소"", 286, 43, 389], [""2%,"", 286, 35, 411], [""제생강오일"", 312, 92, 437], [""13.84%"", 312, 81, 489], [""고형차"", 308, 63, 559], [""짓함유"", 344, 68, 377], [""생강"", 351, 53, 500], [""내용링"", 368, 63, 548], [""450g（15gx307Wg）"", 459, 152, 524], [""까지"", 473, 46, 143], [""혼합제"", 498, 61, 432], [""국"", 122, 17, 138], [""H"", 129, 22, 202], [""몽들무모님"", 244, 146, 407], [""M"", 280, 152, 161], [""융"", 275, 66, 57], [""|x«|"", 321, 124, 248], [""한자2."", 332, 69, 120], [""정제소음,카리멜색소분말,이신화"", 229, 230, 203], [""산"", 359, 16, 188], [""내포장재질:폴리에틸렌"", 296, 169, 270], [""원"", 398, 23, 297], [""号号至卫堂20060372438442"", 348, 233, 4], [""유통전문판매원 홈플러식주)mwhomepuscok 세울시 강서구 화곡로 38"", 302, 358, 302], [""몽들무모님"", 200, 59, 175], ["" Moosna"", 286, 63, 126], [""장 장치장징빵키리2"", 312, 63, 124], [""V"", 396, 44, 263], [""인정리일연"", 447, 66, 114], [""기운이방리"", 532, 70, 106], [""（"", 558, 69, 104], [""号号卫20060372438442"", 36, 61, 177], [""45015307"", 74, 87, 174], [""설탕,덕스트린,생강농축액분말(덱"", 108, 68, 275], [""츠트린,생강능축액(고 형분 60 %국"", 128, 71, 273], [""원재료명"", 140, 35, 183], [""13.84%0"", 151, 68, 274], [""및 함량"", 164, 34, 187], [""20%"", 172, 67, 270], [""제(생강오일,이신화규소,분당).대취국"", 193, 62, 269], [""산)2 %,잿중국산)2%, 아은드(미국산)"", 214, 65, 268], [""2%,정제소금,카라멜색소분말,이산화"", 234, 66, 266], [""규소잣함유"", 244, 44, 264], [""유 통 기 한 별도표기일까지"", 261, 58, 164], [""포장 재 질 내포장재질:폴리에틸렌"", 288, 64, 163], [""3"", 320, 79, 162], [""유통전문판 매원 |홍물러식주)wwhomepuscak 서울특벌시 강서구 최곡로 38"", 344, 81, 160], [""·유통기한:"", 370, 39, 164], [""2022-88628"", 426, 87, 192], [""까지"", 485, 30, 455], [""号号卫20060372438442"", 36, 61, 177], [""45015307"", 74, 87, 174], [""설탕,덕스트린,생강농축액분말(덱"", 108, 68, 275], [""츠트린,생강능축액(고 형분 60 %국"", 128, 71, 273], [""원재료명"", 140, 35, 183], [""13.84%0"", 151, 68, 274], [""및 함량"", 164, 34, 187], [""20%"", 172, 67, 270], [""제(생강오일,이신화규소,분당).대취국"", 193, 62, 269], [""산)2 %,잿중국산)2%, 아은드(미국산)"", 214, 65, 268], [""2%,정제소금,카라멜색소분말,이산화"", 234, 66, 266], [""규소잣함유"", 244, 44, 264], [""유 통 기 한 별도표기일까지"", 261, 58, 164], [""포장 재 질 내포장재질:폴리에틸렌"", 288, 64, 163], [""3"", 320, 79, 162], [""유통전문판 매원 |홍물러식주)wwhomepuscak 서울특벌시 강서구 최곡로 38"", 344, 81, 160], [""·유통기한:"", 370, 39, 164], [""2022-88628"", 426, 87, 192], [""까지"", 485, 30, 455], [""품목보고번호"", 48, 67, 357], [""20060372438442"", 88, 78, 557], [""식품의 유형"", 102, 75, 354], [""고형차 내용량"", 140, 83, 558], [""설탕,텍스트린,생농축액분말[덱"", 216, 134, 553], [""450g（15gX307hg"", 184, 84, 801], [""스트린,생강능축액고형분 60%국"", 257, 138, 544], [""1384%"", 302, 125, 547], [""원재료명"", 282, 66, 368], [""아검.폴리소르베이트20! %.혼합제"", 342, 123, 543], [""및 함량"", 327, 62, 377], [""제생강오일, 이신화규소,블당)대취국"", 382, 143, 535], [""산)2 %,전중국산)2 %, 아은드(미국산)"", 425, 134, 536], [""2%,정제소금,카라멜색소분말,이산화"", 468, 128, 535], [""규소짓함유"", 486, 87, 531], [""유통기한"", 501, 66, 336], [""별도표기일까지"", 538, 75, 530], [""포 장 재 질"", 548, 65, 333], [""내포장재질:폴리에틸렌"", 591, 88, 530], [""제 조 원"", 597, 66, 330], [""35"", 655, 120, 528], [""유통전문판 매원"", 646, 67, 326], [""·유통기한:"", 738, 67, 334], [""2022-86628"", 852, 169, 382], [""까지"", 968, 57, 910], [""식품의 유"", 50, 34, 178], [""원재료명"", 140, 36, 182], [""및 함령"", 163, 36, 186], [""·유용기한:"", 369, 42, 159], [""2022-8628"", 426, 89, 190], [""까지"", 484, 32, 454]]"
001402,2020,05,29,2020-05-29,erode3,모양만들기 손에 식용유를 바른 후 반죽을 때어서 손바닥 위에 넓게 | 펴고 캠믹스를 넣어 터지지 않게 잘 오므려 주세요 | 글기 예열된 프라이팬에 기름을 두르고 반죽의 밀봉된 부분을 아례로 향하게 | 약한 불로 금다가 밑부분어 노롯노못해지면 뒤집어서 누르계로 눌라주세요 | (누르개가 없을 경우 밥몽기나 뒤집개로 늘러주세요.) | 더 구워주시면 맛있는 호력어 완성됩니다. | 어프라이어 활용법 조등근 반국 그롯어 온도를 것춘 하용 을 토의 여스트통 공은 후주격으로 온고부 제여주제요 | 호적온프리제스 매경화 적용은 X#순가락스를 보+주격으로 부드계역50분건 | 1 반죽을 말대로 알게 피준 후 캠먹스를 골고루 투려주세요 | 2 돌돌 말아준 후.적당한 크기로 월어주세요 | 1 반축에 캠먹스를 넣어 동그랑게 만들어주세요 | 식용으를 손여 바르겨나 맛가무를 부려주세요 | 금기 전 실온 발효사건 후 구후면 여옥 맛었게 즐가실 수 | '통기한 HD | 2020.05.29 | 15411 | 까지 15010071820644,"[[""모양만들기 손에 식용유를 바른 후 반죽을 때어서 손바닥 위에 넓게"", 58, 63, 0], [""펴고 캠믹스를 넣어 터지지 않게 잘 오므려 주세요"", 90, 51, 96], [""글기"", 124, 18, 4], [""예열된 프라이팬에 기름을 두르고 반죽의 밀봉된 부분을 아례로 향하게"", 146, 57, 95], [""약한 불로 금다가 밑부분어 노롯노못해지면 뒤집어서 누르계로 눌라주세요"", 174, 56, 93], [""(누르개가 없을 경우 밥몽기나 뒤집개로 늘러주세요.)"", 202, 44, 160], [""더 구워주시면 맛있는 호력어 완성됩니다."", 256, 41, 159], [""어프라이어 활용법"", 320, 36, 0], [""조등근 반국 그롯어 온도를 것춘 하용 을 토의 여스트통 공은 후주격으로 온고부 제여주제요"", 322, 38, 179], [""호적온프리제스 매경화 적용은 X#순가락스를 보+주격으로 부드계역50분건"", 346, 39, 177], [""1 반죽을 말대로 알게 피준 후 캠먹스를 골고루 투려주세요"", 384, 35, 175], [""2 돌돌 말아준 후.적당한 크기로 월어주세요"", 408, 31, 175], [""1 반축에 캠먹스를 넣어 동그랑게 만들어주세요"", 483, 28, 174], [""식용으를 손여 바르겨나 맛가무를 부려주세요"", 542, 21, 310], [""금기 전 실온"", 559, 16, 184], [""발효사건 후 구후면 여옥 맛었게 즐가실 수"", 562, 21, 343], [""'통기한"", 608, 33, 1], [""HD"", 610, 33, 305], [""2020.05.29"", 642, 23, 39], [""15411"", 664, 26, 40], [""까지"", 711, 32, 294], [""15010071820644"", 702, 16, 399]]"
001403,NONE,NONE,NONE,NONE,fail,고양만들기 우통기한 호백봉 2양만들기 손에 식용유를 바른 후 반죽을 때어서 손바닥 위에 널게 2양만들기 손에 식용유를 바른 후 반죽을 때어서 손바닥 위에 널게 그양만들기 손에 식용유를 바른 후 반죽을 때어서 손바닥 위에 널게 L양만들기 손에 식용유를 바른 후 반죽을 테어서 손바닥 위에 널게 손에 식용유를 바른 후 반죽을 때어서 손바닥 위에 넓게 110 어프라이어활용법 90 53 | 펴고 캠막스를 넣어 터지지 않게 잘 오므려 주세요 펴고 잼믹스를 넣어 터지지 않게 잘 오므려 주세요 퍼고 챔믹스를 넣어 터지지 않게 잘 오므려 주세요 퍼고 챔믹스를 넣어 터지지 않게 잘 오므려 주세요 펴고 잼믹스를 넣어 터지지 않게 잘 오므려 주세요. 모양만들기 손에 식용유를 바른 후 반죽을 때어서 손바닥 위에 널게 | 기 글기 국기 국기 글기 OH 예열된 프라어팬에 기름을 두르고 반죽의 밀봉된 부분을 어레로 향하 예열된 프라이팬에 기름을 두르고 반죽의 밀봉된 부분을 아래로 향하게 예열된 프라이팬에 기름을 두르고 반죽의 밀봉된 부분을 아래로 향하게 예열된 프라이팬에 기름을 두르고 반죽의 밀봉된 부분을 아래로 향하게 예열된 프라이팬에 기름을 두르고 반죽의 밀봉된 부분을 아래로 향하게 위면연 | ↓ 약한 불로 급다가 밑부분이 노릇노릇해지면 뒤집어서 누르개로 늘리주세요 약한 불로 궁다가 밀부분어 노릇노못해지면 뒤집어서 누르개로 늘라주세요 약한 불로 급다가 밀부분이 노릇노롯해지면 뒤집어서 누르개로 늘러주세요 약한 불로 급다가 밀부분이 노릇노롯해지면 뒤집어서 누르개로 눌러주세요 약한 불로 급다가 밀부분이 노릇노롯해지면 뒤집어서 누르개로 눌러주세요 펴고 잼믹스를 넣어 터지지 않게 잘 오므려 주세요 | (누르개가 없을 경우 밥꽁기나 뒤집개로 눌러주세요.) (누르개가 없을 경우 밥공기나 뒤집개로 늘러주세요.) (누르개가 없을 경우 밥공기나 뒤집개로 늘러주세요.) (누르개가 없을 경우 밥공기나 뒤집개로 놀러주세요.) (누르개가 없을 경우 밥공기나 뒤집개로 눌러주세요.) 8 | 식~면안인낫터태파데취 6o 1~2享 1~2享 | 글기 어프라이어활용법 어프라이어 환용법 어프라이어 활용법 어프라이어 활용법 어프라이어 활용법 예열된 프라이팬에 기름을 두르고 반죽의 밀봉된 부분을 아래로 향하게 약한 불로 급다가 밀부분이 노릇노롯해지면 뒤집어서 누르개로 눌러주세요 (<) ~ 산클면면면레구면연한면면정영영 ~스안인.터킬부파위 한레연우연증레레 더 구워주시면 맛었는 호력어 완성됩니다. 더 구워주시면 맛있는 호먹이 완성됩니다. 더 구위주시면 맛있는 호력이 완성됩니다. 더 구위주시면 맛있는 호력이 완성됩니다. 더 구워주시면 맛있는 호덕이 완성됩니다. 한클면면연배면연한면영 한우연증 ※둥근 반죽 그릇에 온도를 맞춘 따뜻한 물 B0m와 이스트를 넣은 후 주격으로 공고루 자어주세요 ※동근 반국 그롯어 온도 맞슨 파뜻한 을 되m과 여스를 북은 후주격으로 끝고후 부야주제요 ※등근 반죽 그롯에 온도를 맞춘 따뜻한 물 로와 이스트를 넣은 후 주격으로 공고루 자이주세요 ※등근 반죽 그롯에 온도를 맞춘 따뜻한 물 로와 이스트를 넣은 후 주격으로 공고루 자이주세요 조북용프려택스 바또 과 적용을 지데발순가스종를 부고 주격으로 부드립겨학노-론 건 한종ㅣ.면 1（29620 더 구워주시면 맛있는호떡이 완성됩니다. 예열된 프라이팬에 기름을 두르고 반죽의 밀봉된 부분을 아래로 향하게 약한 불로 급다가 밑부분이 노릇노롯해지면 뒤집어서 누르개로 눌러주세요 | 손에 식용유를 바른 후 반죽을 떼어서손바닥위에 널게 1 1 반죽을 밀대로 알게 피준 후 점믹스를 골고루 투리주세요. 1 반죽을 밀대로 알게 피준 후 점믹스를 골고루 투리주세요. 1 반죽을 밀대로 앞게 피준 후 점믹스를 골고루 투려주세요 1 반죽을 말대로 알게 파준 후 광먹스를 몰교투 투려주세요 반죽을 밀대로 앞게 피준 후 점믹스를 골고루 투려주세요. (누르개가 없을 경우 밥공기나 뒤집개로 눌러주세요.) | 호맥볼 호백봉 호백봉 호미봉 까지 펴고 잼믹스를 넣어 터지지 않게 잘 오므려 주세요 HD ※금기전 실은에서 문사 요사간  구무면이욱 제 가살수 #반죽이 끈적일 수 있어 식용유를 손에 바르거나 댓가무를 후려주세요. 2 반죽에 잼믹스를 넣어 동그랗게 만들어주세요. 돌돌 말아준 후.적당한 크기로 필어주세요 1 반죽을 밀대로 앞게 퍼준 후 잼믹스를 골고루 투려주세요. 면극 1 2돌돌 말아준 후.적당한 크기로 떨어주세요 2돌돌 말아준 후.적당한 크기로 떨어주세요 2돌돌 말아준후. 적당한 크기로 필어주세요 2돌돌 말아준 후.적당한 크기로 필어주세요 2 1 반죽에 잼믹스를 넣어 동그랗게 만들어주세요. 1 반죽에 쟁믹스를 넘어 동그랑게 만들어주세요 1 반죽에 쟁믹스를 넘어 동그랑게 만들어주세요 1 반축에 쟁먹스를 넣어 동그랑게 만들어주세요 1 반죽에 챔믹스를 넣어 동그래게 만들어주세요. 돌을 말아준 후.적당한 크거로 붙어주세요 ※둥근 반죽 그릇에 온도를 맞춘 따듯한 물 0m와 이스트를 넣은 후 주적으로 공고루 자어주세요 (누르개가없을경우밥공기나뒤집개로늘러주세요.)  어 융름이어파 더 구워주시면 맛있는 호떡이 완성됩니다. 1~2享电1 | 신장연운연방연) #반죽어 끈적일 수 알어 식용우용 손서 바르겨나 댓가무를 루 #반죽이 끈적일 수 있어 식용유를 손에 바르거나 댓가무를 후려주세요 #반죽이 끈적일 수 있어 식용유을 손에 바르거나 몇가무를 루라주세요 #반죽이 끈적일 수 있어 식용유을 손에 바르거나 몇가무를 루라주세요 프반죽이 끈적일 수 있어 식용유를 손에 바르거나 댓가무를 후려주제요. | 표금기 전 심은에서 자문 니사간 *금기 전 실은에서 과분~사간 발호사건 후구후면 여목 맛았계출기살수 *금기 전 실은에서 과분~사간 발호사건 후구후면 여목 맛았계출기살수 ※금기 전 실은에서 차분~1시간 발효시긴 후구우면 여옥 맛았게 즐기살 수 ※금기 전 실은에서 자분시간 발요사건 구우면 여옥 몇었게 증가살 수 시구 | 통기한 P통기한 우통기한 우통기한 우통기한 기한 면을.겨래압연면면영연어영 HD HD HD HD HD 380 时至制9么380 时至制9么380 | 1541 1541 공므리모- 모크- 어프라이어 활용법 15411 15411 | a정수레영연이클연면영지 8 8801007820644 8801007820644 8010071820644 |«를폐 | |«를 까지 까지 까지 까지 까지 까지 | 1 반죽을 밀대로 앞게 피준 후 쟁믹스를 골고루 투려주세요 | 2돌돌 말아준 후.적당한 크기로 벌어주세요 | 호백볼 1 반죽에 챔믹스를 넣어 동그래게 만들어주세요. | #반죽이 끈적일 수 있어 식용유를 손에 바르거나 댓가루를 루려주세요. | ※금기 전 실온에서 차분~시간 발효시긴 후 구우면 마옥 맛았게 즐가살 수 | 우통기한 HD | 88610071820644 | 까지,"[[""글기"", 110, 24, 0], [""어프라이어 활용법"", 272, 36, 0], [""우통기한"", 508, 31, 0], [""HD"", 520, 25, 337], [""380"", 534, 25, 492], [""1541"", 556, 23, 44], [""까지"", 602, 27, 324], [""그양만들기 손에 식용유를 바른 후 반죽을 때어서 손바닥 위에 널게"", 61, 72, 0], [""펴고 잼믹스를 넣어 터지지 않게 잘 오므려 주세요"", 88, 59, 98], [""예열된 프라이팬에 기름을 두르고 반죽의 밀봉된 부분을 아래로 향하게"", 136, 66, 99], [""약한 불로 급다가 밀부분이 노릇노롯해지면 뒤집어서 누르개로 늘러주세요"", 159, 64, 99], [""(누르개가 없을 경우 밥공기나 뒤집개로 눌러주세요.)"", 183, 50, 170], [""더 구워주시면 맛있는 호덕이 완성됩니다."", 226, 43, 169], [""1（29620"", 302, 48, 189], [""1 반죽을 밀대로 앞게 피준 후 점믹스를 골고루 투려주세요"", 333, 44, 189], [""2돌돌 말아준 후.적당한 크기로 필어주세요"", 353, 40, 187], [""호맥볼"", 399, 23, 0], [""1 반죽에 챔믹스를 넣어 동그래게 만들어주세요."", 414, 35, 187], [""프반죽이 끈적일 수 있어 식용유를 손에 바르거나 댓가무를 후려주제요."", 462, 40, 185], [""※금기 전 실은에서 차분~1시간 발효시긴 후구우면 여옥 맛았게 즐기살 수"", 480, 38, 183], [""110"", 33, 69, 95], [""고양만들기"", 44, 34, 0], [""손에 식용유를 바른 후 반죽을 때어서 손바닥 위에 넓게"", 65, 64, 92], [""펴고 잼믹스를 넣어 터지지 않게 잘 오므려 주세요."", 88, 59, 97], [""글기"", 110, 20, 3], [""예열된 프라이팬에 기름을 두르고 반죽의 밀봉된 부분을 아래로 향하게"", 136, 68, 97], [""약한 불로 급다가 밑부분이 노릇노릇해지면 뒤집어서 누르개로 늘리주세요"", 158, 67, 96], [""↓"", 150, 27, 14], [""(누르개가 없을 경우 밥공기나 뒤집개로 놀러주세요.)"", 182, 54, 168], [""더 구워주시면 맛있는 호먹이 완성됩니다."", 224, 47, 167], [""어프라이어활용법"", 272, 39, 0], [""※둥근 반죽 그릇에 온도를 맞춘 따뜻한 물 B0m와 이스트를 넣은 후 주격으로 공고루 자어주세요"", 282, 50, 189], [""1"", 322, 15, 192], [""반죽을 밀대로 앞게 피준 후 점믹스를 골고루 투려주세요."", 333, 44, 207], [""2돌돌 말아준후. 적당한 크기로 필어주세요"", 352, 43, 185], [""호미봉"", 399, 28, 0], [""1 반죽에 잼믹스를 넣어 동그랗게 만들어주세요."", 413, 38, 184], [""#반죽이 끈적일 수 있어 식용유를 손에 바르거나 댓가무를 후려주세요"", 462, 41, 183], [""※금기 전 실은에서 자분시간 발요사건 구우면 여옥 몇었게 증가살 수"", 478, 41, 182], [""통기한"", 508, 33, 0], [""HD"", 518, 25, 336], [""1541"", 556, 27, 42], [""까지"", 601, 30, 321], [""8"", 596, 12, 428], [""8010071820644"", 599, 27, 448], [""우통기한"", 48, 97, 116], [""호백봉"", 28, 49, 230], [""어프라이어활용법"", 87, 175, 348], [""더 구워주시면 맛있는호떡이 완성됩니다."", 324, 313, 389], [""(누르개가없을경우밥공기나뒤집개로늘러주세요.)"", 370, 412, 430], [""※금기전 실은에서 문사 요사간  구무면이욱 제 가살수"", 407, 452, 140], [""#반죽이 끈적일 수 있어 식용유를 손에 바르거나 댓가무를 후려주세요."", 396, 427, 158], [""6o"", 200, 21, 267], [""1 반죽을 밀대로 앞게 퍼준 후 잼믹스를 골고루 투려주세요."", 392, 409, 284], [""※둥근 반죽 그릇에 온도를 맞춘 따듯한 물 0m와 이스트를 넣은 후 주적으로 공고루 자어주세요"", 411, 446, 333], [""반죽에 잼믹스를 넣어 동그랗게 만들어주세요."", 364, 322, 208], [""돌돌 말아준 후.적당한 크기로 필어주세요"", 361, 308, 268], [""까지"", 350, 53, 28], [""HD"", 360, 46, 110], ["" 어"", 366, 546, 467], [""위면연"", 142, 235, 468], [""한클면면연배면연한면영"", 238, 391, 310], [""90"", 50, 26, 596], [""(<)"", 268, 407, 154], [""53"", 84, 11, 596], [""한우연증"", 280, 305, 334], [""한종ㅣ.면"", 277, 318, 395], [""~"", 305, 325, 181], [""8"", 204, 27, 589], [""1"", 441, 10, 317], [""2"", 442, 16, 337], [""손에 식용유를 바른 후 반죽을 떼어서손바닥위에 널게"", 322, 447, 31], [""|«를"", 590, 99, 28], [""펴고 잼믹스를 넣어 터지지 않게 잘 오므려 주세요"", 342, 404, 58], [""예열된 프라이팬에 기름을 두르고 반죽의 밀봉된 부분을 아래로 향하게"", 272, 545, 101], [""약한 불로 급다가 밀부분이 노릇노롯해지면 뒤집어서 누르개로 눌러주세요"", 272, 544, 126], [""OH"", 121, 30, 255], [""식~면안인낫터태파데취"", 206, 36, 85], [""~스안인.터킬부파위"", 266, 40, 87], [""한레연우연증레레"", 288, 39, 132], [""산클면면면레구면연한면면정영영"", 307, 43, 47], [""융름이어파"", 368, 34, 482], [""면극"", 414, 43, 161], [""신장연운연방연)"", 458, 49, 66], [""면을.겨래압연면면영연어영"", 504, 66, 3], [""a정수레영연이클연면영지"", 575, 60, 102], [""|«를폐"", 596, 29, 547], [""2양만들기 손에 식용유를 바른 후 반죽을 때어서 손바닥 위에 널게"", 61, 72, 0], [""퍼고 챔믹스를 넣어 터지지 않게 잘 오므려 주세요"", 88, 58, 98], [""국기"", 110, 21, 2], [""예열된 프라이팬에 기름을 두르고 반죽의 밀봉된 부분을 아래로 향하게"", 136, 63, 99], [""약한 불로 급다가 밀부분이 노릇노롯해지면 뒤집어서 누르개로 눌러주세요"", 160, 65, 99], [""(누르개가 없을 경우 밥공기나 뒤집개로 늘러주세요.)"", 183, 50, 168], [""1~2享"", 204, 47, 167], [""더 구위주시면 맛있는 호력이 완성됩니다."", 226, 47, 168], [""어프라이어 활용법"", 273, 36, 0], [""※등근 반죽 그롯에 온도를 맞춘 따뜻한 물 로와 이스트를 넣은 후 주격으로 공고루 자이주세요"", 282, 47, 192], [""1 반죽을 밀대로 알게 피준 후 점믹스를 골고루 투리주세요."", 333, 44, 188], [""2돌돌 말아준 후.적당한 크기로 떨어주세요"", 353, 40, 187], [""호백봉"", 399, 24, 0], [""1 반죽에 쟁믹스를 넘어 동그랑게 만들어주세요"", 414, 39, 185], [""#반죽이 끈적일 수 있어 식용유을 손에 바르거나 몇가무를 루라주세요"", 462, 41, 185], [""*금기 전 실은에서 과분~사간 발호사건 후구후면 여목 맛았계출기살수"", 480, 39, 183], [""우통기한"", 509, 31, 0], [""HD"", 520, 26, 337], [""时至制9么380"", 536, 24, 493], [""15411"", 559, 29, 43], [""까지"", 602, 25, 325], [""8801007820644"", 599, 23, 427], [""2양만들기 손에 식용유를 바른 후 반죽을 때어서 손바닥 위에 널게"", 61, 72, 0], [""퍼고 챔믹스를 넣어 터지지 않게 잘 오므려 주세요"", 88, 58, 98], [""국기"", 110, 21, 2], [""예열된 프라이팬에 기름을 두르고 반죽의 밀봉된 부분을 아래로 향하게"", 136, 63, 99], [""약한 불로 급다가 밀부분이 노릇노롯해지면 뒤집어서 누르개로 눌러주세요"", 160, 65, 99], [""(누르개가 없을 경우 밥공기나 뒤집개로 늘러주세요.)"", 183, 50, 168], [""1~2享"", 204, 47, 167], [""더 구위주시면 맛있는 호력이 완성됩니다."", 226, 47, 168], [""어프라이어 활용법"", 273, 36, 0], [""※등근 반죽 그롯에 온도를 맞춘 따뜻한 물 로와 이스트를 넣은 후 주격으로 공고루 자이주세요"", 282, 47, 192], [""1 반죽을 밀대로 알게 피준 후 점믹스를 골고루 투리주세요."", 333, 44, 188], [""2돌돌 말아준 후.적당한 크기로 떨어주세요"", 353, 40, 187], [""호백봉"", 399, 24, 0], [""1 반죽에 쟁믹스를 넘어 동그랑게 만들어주세요"", 414, 39, 185], [""#반죽이 끈적일 수 있어 식용유을 손에 바르거나 몇가무를 루라주세요"", 462, 41, 185], [""*금기 전 실은에서 과분~사간 발호사건 후구후면 여목 맛았계출기살수"", 480, 39, 183], [""우통기한"", 509, 31, 0], [""HD"", 520, 26, 337], [""时至制9么380"", 536, 24, 493], [""15411"", 559, 29, 43], [""까지"", 602, 25, 325], [""8801007820644"", 599, 23, 427], [""모양만들기 손에 식용유를 바른 후 반죽을 때어서 손바닥 위에 널게"", 123, 134, 0], [""펴고 잼믹스를 넣어 터지지 않게 잘 오므려 주세요"", 176, 105, 199], [""글기"", 220, 50, 0], [""예열된 프라이팬에 기름을 두르고 반죽의 밀봉된 부분을 아래로 향하게"", 270, 133, 196], [""약한 불로 급다가 밑부분이 노릇노롯해지면 뒤집어서 누르개로 눌러주세요"", 318, 124, 197], [""(누르개가 없을 경우 밥공기나 뒤집개로 눌러주세요.)"", 366, 95, 344], [""1~2享电1"", 405, 84, 342], [""더 구워주시면 맛있는 호떡이 완성됩니다."", 451, 80, 344], [""어프라이어 활용법"", 544, 62, 4], [""1 반죽을 밀대로 앞게 피준 후 쟁믹스를 골고루 투려주세요"", 665, 80, 381], [""2돌돌 말아준 후.적당한 크기로 벌어주세요"", 704, 70, 377], [""호백볼"", 798, 49, 0], [""1 반죽에 챔믹스를 넣어 동그래게 만들어주세요."", 826, 65, 376], [""#반죽이 끈적일 수 있어 식용유를 손에 바르거나 댓가루를 루려주세요."", 924, 67, 376], [""※금기 전 실온에서 차분~시간 발효시긴 후 구우면 마옥 맛았게 즐가살 수"", 959, 70, 371], [""우통기한"", 1017, 56, 0], [""HD"", 1038, 46, 675], [""까지"", 1202, 52, 650], [""88610071820644"", 1197, 40, 854], [""기한"", 508, 27, 14], [""까지"", 600, 24, 324], [""L양만들기 손에 식용유를 바른 후 반죽을 테어서 손바닥 위에 널게"", 62, 67, 2], [""펴고 캠막스를 넣어 터지지 않게 잘 오므려 주세요"", 88, 57, 99], [""기"", 110, 13, 4], [""예열된 프라어팬에 기름을 두르고 반죽의 밀봉된 부분을 어레로 향하"", 136, 63, 99], [""약한 불로 궁다가 밀부분어 노릇노못해지면 뒤집어서 누르개로 늘라주세요"", 159, 62, 99], [""(누르개가 없을 경우 밥꽁기나 뒤집개로 눌러주세요.)"", 182, 49, 169], [""더 구워주시면 맛었는 호력어 완성됩니다."", 226, 43, 169], [""어프라이어 환용법"", 272, 35, 1], [""※동근 반국 그롯어 온도 맞슨 파뜻한 을 되m과 여스를 북은 후주격으로 끝고후 부야주제요"", 283, 45, 193], [""조북용프려택스 바또 과 적용을 지데발순가스종를 부고 주격으로 부드립겨학노-론 건"", 302, 47, 190], [""1 반죽을 말대로 알게 파준 후 광먹스를 몰교투 투려주세요"", 333, 40, 190], [""2"", 344, 14, 193], [""돌을 말아준 후.적당한 크거로 붙어주세요"", 353, 36, 207], [""1 반축에 쟁먹스를 넣어 동그랑게 만들어주세요"", 414, 35, 188], [""#반죽어 끈적일 수 알어 식용우용 손서 바르겨나 댓가무를 루"", 462, 33, 187], [""표금기 전 심은에서 자문 니사간"", 475, 26, 185], [""시구"", 480, 17, 382], [""P통기한"", 508, 31, 0], [""HD"", 520, 26, 337], [""공므리모- 모크-"", 540, 23, 42], [""까지"", 602, 25, 324]]"
001404,2021,01,27,2021-01-27,s2,"나고자라민용수 개봉한 제품은 벌레,이물,공팡이 | 순심 될가루입니다. 주 01399 | 의 받을 수 있습니다. | 0 사항 백 | 날어 충분히 반주 제조합니다. ·이 제품은 대두,우유들 사용한 제품과 같은 제조 | 속성시니다. | 적당한 목으로 유통기한: | 등의 재료로 만든 | 을 널고호박,감자 2021.01.27F1 | 국수가완성됩니다. 14:38B-1 | 0m를넣어충분히 까지 | 0~30是 | 영양정보 100g360kcal 客号750 | 들어 일게 퍼준 후 끌는 三号5.9mg0%个量72g22%15弄3493% | 이번 것인는 수재에가 완성 23g4%005694% | 호화,감자 등 아를 날어 | 0mg0%12g22% | %000 | 좋반요파를 만드실 수 있습니다. 개인의 필요 열량에 따라C 09 | 1666-547(号cj.co.kr 012973 | 불산한 실량이첫선을 보인 해입니다.","[[""01399"", 44, 33, 139], [""백"", 44, 21, 507], [""날어 충분히 반주"", 148, 29, 0], [""속성시니다."", 164, 31, 0], [""유통기한:"", 160, 24, 152], [""적당한 목으로"", 182, 29, 1], [""등의 재료로 만든"", 217, 35, 0], [""을 널고호박,감자"", 235, 37, 0], [""국수가완성됩니다."", 253, 35, 0], [""客号750"", 284, 30, 387], [""0m를넣어충분히"", 300, 35, 0], [""0~30是"", 318, 36, 0], [""영양정보"", 327, 41, 123], [""들어 일게 퍼준 후 끌는"", 354, 41, 0], [""이번 것인는 수재에가 완성"", 371, 38, 0], [""호화,감자 등 아를 날어"", 388, 35, 0], [""좋반요파를 만드실 수 있습니다."", 436, 31, 0], [""개인의 필요 열량에 따라C"", 420, 61, 139], [""1666-547(号cj.co.kr"", 473, 38, 0], [""불산한 실량이첫선을 보인 해입니다."", 496, 46, 0], [""개봉한 제품은 벌레,이물,공팡이"", 14, 21, 146], [""나고자라민용수"", 45, 22, 0], [""순심 될가루입니다."", 60, 27, 0], [""주"", 58, 15, 113], [""의"", 75, 20, 110], [""받을 수 있습니다."", 76, 17, 139], [""사항"", 100, 39, 105], [""0"", 108, 13, 5], [""·이 제품은 대두,우유들 사용한 제품과 같은 제조"", 106, 24, 131], [""제조합니다."", 122, 17, 136], [""2021.01.27F1"", 212, 19, 184], [""14:38B-1"", 233, 20, 189], [""까지"", 258, 17, 379], [""100g360kcal"", 298, 31, 379], [""三号5.9mg0%个量72g22%15弄3493%"", 332, 77, 127], [""23g4%005694%"", 347, 86, 129], [""0mg0%12g22%"", 375, 69, 132], [""09"", 398, 7, 338], [""%000"", 390, 82, 139], [""012973"", 448, 24, 283]]"
001410,2021,05,25,2021-05-25,clahe,NOOHO:Y 너PR 86    | E Best befoe din de /mm/y-Aconsommer de | préférence avant le-Consumir preferencialmente antes de | 25.05.2021 | BEIQ,"[[""너PR"", 30, 47, 351], [""86"", 258, 511, 371], [""  "", 260, 510, 435], [""NOOHO:Y"", 289, 447, 325], [""E Best befoe din"", 565, 43, 109], [""de"", 550, 19, 275], [""/mm/y-Aconsommer de"", 571, 40, 219], [""préférence avant le-Consumir preferencialmente antes de"", 593, 34, 110], [""25.05.2021"", 688, 34, 163], [""BEIQ"", 713, 33, 161]]"
001411,2022,09,06,2022-09-06,det5,"异：2022.09. 06  | 제품명 고구마라떼 | 서품유형 고형차 | 법소명및 (주)담터/경기도 포천시 신북 | 소재지 | 유통기한 측면상단표기일까지 | 내용량 216g（18gX12) | 원재료명 설탕 식물성크림분물엇,해 | 바라기유(외국 카제인나트륨,제이 | 인산칼륨,폴리 칼륨], 기타가공품[ | 가공유장분(농축유청: 국산), 유청분말 | (외국산)], 옥수수전분[옥수수: 외국산( | 러시아,형가리,세르비아등), 고구마 | 분말(국산), 대두분,분무건조고구마분 | 말(고구마: 국산), 합성향료(고구마향), | 정제소금,탈지분유(미국산), 비타민C, | 강황추출물분말 우유,대두 함유 | 내포장재질-폴리에틸 | 용기(포장)재질 렌(PE) | 품목보고번호 19710372001234 | ·질소충전·이 제품은 호두, 땅콩,밀 | 복숭아를사용한 제품과 같은제조시설 | 에서 제조하고 있습니다.·본 제품은공 | 정거래위원회 고시 소비자분쟁해결기 | 준에 의거 교환 또는 보상받으실 수 있 | 습니다.·보관상 주의사항:직사광선을 | 서능한장소에","[[""异：2022.09. 06 "", 207, 48, 226], [""제품명"", 294, 39, 222], [""고구마라떼"", 292, 33, 313], [""서품유형"", 324, 35, 228], [""고형차"", 324, 35, 311], [""법소명및"", 356, 37, 224], [""(주)담터/경기도 포천시 신북"", 352, 31, 314], [""소재지"", 378, 31, 227], [""유통기한"", 410, 31, 229], [""측면상단표기일까지"", 409, 34, 312], [""내용량"", 443, 32, 229], [""216g（18gX12)"", 441, 36, 314], [""원재료명"", 472, 33, 229], [""설탕 식물성크림분물엇,해"", 471, 38, 313], [""바라기유(외국"", 504, 29, 230], [""카제인나트륨,제이"", 500, 32, 384], [""인산칼륨,폴리"", 530, 29, 231], [""칼륨], 기타가공품["", 526, 32, 370], [""가공유장분(농축유청: 국산), 유청분말"", 554, 40, 230], [""(외국산)], 옥수수전분[옥수수: 외국산("", 580, 41, 231], [""러시아,형가리,세르비아등), 고구마"", 606, 37, 232], [""분말(국산), 대두분,분무건조고구마분"", 632, 42, 231], [""말(고구마: 국산), 합성향료(고구마향),"", 658, 43, 231], [""정제소금,탈지분유(미국산), 비타민C,"", 684, 41, 232], [""강황추출물분말"", 712, 35, 234], [""우유,대두 함유"", 709, 38, 402], [""내포장재질-폴리에틸"", 736, 39, 366], [""용기(포장)재질"", 756, 36, 234], [""렌(PE)"", 765, 32, 367], [""품목보고번호"", 798, 37, 234], [""19710372001234"", 792, 35, 366], [""·질소충전·이 제품은 호두, 땅콩,밀"", 821, 46, 236], [""복숭아를사용한 제품과 같은제조시설"", 844, 48, 237], [""에서 제조하고 있습니다.·본 제품은공"", 868, 47, 238], [""정거래위원회 고시 소비자분쟁해결기"", 891, 46, 239], [""준에 의거 교환 또는 보상받으실 수 있"", 914, 47, 240], [""습니다.·보관상 주의사항:직사광선을"", 936, 46, 240], [""서능한장소에"", 949, 23, 423]]"
001414,2021,02,24,2021-02-24,erode3,열일정보 | [Unael | [Une | [Ua99 | OTHER | 21.02-24 | 까지 | 기한,"[[""열일정보"", 69, 26, 496], [""[Unael"", 102, 24, 511], [""[Une"", 115, 27, 516], [""[Ua99"", 128, 24, 531], [""OTHER"", 282, 37, 434], [""까지"", 418, 32, 429], [""기한"", 477, 28, 147], [""21.02-24"", 412, 60, 213]]"
001417,2021,11,05,2021-11-05,s2,미떼 | 화이트 | 초코 | 2021.11.0504:550m | 카카오버터가 전해주는 | 부드러운 달콤함 | 조리에 | 更27%（22.5%） | 咨：300g(1.250kcal)[30g(125kcalx1071,"[[""미떼"", 120, 61, 229], [""화이트"", 235, 88, 123], [""초코"", 310, 73, 209], [""카카오버터가 전해주는"", 448, 25, 79], [""부드러운 달콤함"", 466, 23, 102], [""更27%（22.5%）"", 580, 22, 390], [""2021.11.0504:550m"", 422, 23, 63], [""조리에"", 546, 13, 583], [""咨：300g(1.250kcal)[30g(125kcalx1071"", 594, 23, 360]]"
001455,2022,04,02,2022-04-02,s2,"Swiss miss | 제품명 의당시럽 식품유형 당류가공움 | 내용량 2009 품록보고번호 20140496065-83 | 흑당시럽[마스코바도50%(필리핀산) | 물엇, 정제수 수크릴로스(감미료)카복시에 | 필셀물로스나트륨. 합성항료(바닐라항. 육당향), | 원재료명 소브산칼륨(보존료). 혼합제제(카라멜색소50% | D-소비톨액, 글리세린,정제수.프로필렌글리골 | 4%.글리세린지방산에스테르d-토코페롤(혼 | ，06%100% | 내포장재질 용기:폴리프로필렌.뚜껑:물리에틸렌 | 제조원 농위황사법입데이빵(주)/전라북도 무주군 | ·유통전문판매원: 녹차원(주)/서울시 서초구 | 손문원 人H4284 | 및판매원 ·소분원:녹찬원(주)포천공장/경기도 모천시 | 午可294 | ：含：02）597-3949 | -WWW.NOKCHAWON.CO.KR | 문의 및 교환처 본사및구입처 | ·인제품은 보류,운윤,메일,방공,대두,원본승아 | 토막통 사용한 제품과같은 체조 시설에서 제조 | 주의사항 합고 있습니다 불상품을 속비자기본법에 의한 손비자봇생해결 기 | 에 의거 교화 똑는봉상 밖으실 수 있습니다 | 직사관선을 피하고 실온보라 하십시오 | 0399 | 유통기한 2022.04.02 | 까지","[[""Swiss miss"", 18, 38, 284], [""당류가공움"", 127, 24, 394], [""품록보고번호"", 141, 20, 302], [""및판매원"", 336, 23, 120], [""：含：02）597-3949"", 356, 21, 206], [""제품명"", 123, 18, 132], [""의당시럽"", 124, 20, 213], [""식품유형"", 126, 21, 315], [""내용량"", 138, 21, 131], [""2009"", 140, 22, 212], [""20140496065-83"", 143, 20, 396], [""흑당시럽[마스코바도50%(필리핀산)"", 160, 29, 212], [""물엇, 정제수 수크릴로스(감미료)카복시에"", 176, 25, 212], [""필셀물로스나트륨. 합성항료(바닐라항. 육당향),"", 190, 24, 212], [""원재료명"", 200, 18, 125], [""소브산칼륨(보존료). 혼합제제(카라멜색소50%"", 204, 25, 213], [""D-소비톨액, 글리세린,정제수.프로필렌글리골"", 219, 23, 210], [""4%.글리세린지방산에스테르d-토코페롤(혼"", 233, 22, 209], [""，06%100%"", 247, 22, 211], [""내포장재질"", 261, 18, 117], [""용기:폴리프로필렌.뚜껑:물리에틸렌"", 264, 21, 210], [""제조원"", 283, 18, 130], [""농위황사법입데이빵(주)/전라북도 무주군"", 280, 22, 211], [""·유통전문판매원: 녹차원(주)/서울시 서초구"", 307, 22, 206], [""손문원"", 325, 16, 132], [""人H4284"", 320, 15, 337], [""·소분원:녹찬원(주)포천공장/경기도 모천시"", 332, 18, 207], [""午可294"", 344, 17, 273], [""-WWW.NOKCHAWON.CO.KR"", 370, 15, 208], [""문의 및 교환처"", 384, 19, 106], [""본사및구입처"", 386, 17, 206], [""·인제품은 보류,운윤,메일,방공,대두,원본승아"", 402, 19, 206], [""토막통 사용한 제품과같은 체조 시설에서 제조"", 413, 20, 215], [""주의사항"", 433, 21, 122], [""합고 있습니다"", 426, 18, 216], [""불상품을 속비자기본법에 의한 손비자봇생해결"", 436, 21, 214], [""에 의거 교화 똑는봉상 밖으실 수 있습니다"", 448, 22, 215], [""기"", 436, 11, 481], [""직사관선을 피하고 실온보라 하십시오"", 459, 19, 215], [""0399"", 470, 14, 207], [""유통기한"", 502, 18, 124], [""2022.04.02"", 504, 17, 255], [""까지"", 516, 13, 465]]"
001463,2021,11,14,2021-11-14,det5,"전자레인지 조리시 | SECRET 데트A오 (0ow2) | RECIPE 는아용시 | 자연의 맛을 | 그대로간직한 | 신선한원재료 | 유통기한 | 2021.11.14,09848 | 오즈카진 영영요쪽 워 즉식조리식품(려토트식품  | 수,가(국)국 참(국신)고육수. | 대두.일계란 우유.돼지고기.닭고기,쇠고기함유 | 들기고싫은 유개 상단프시일까지  플리프로밀렌(내면) | 한부업.정성 | 으로병복한하루 | 8位4500 | 2nkcal","[[""전자레인지 조리시"", 172, 23, 333], [""SECRET"", 214, 17, 158], [""데트A오 (0ow2)"", 201, 36, 330], [""RECIPE"", 224, 17, 157], [""는아용시"", 221, 30, 337], [""자연의 맛을"", 240, 20, 141], [""그대로간직한"", 254, 17, 145], [""신선한원재료"", 269, 20, 135], [""유통기한"", 371, 24, 178], [""2021.11.14,09848"", 392, 39, 232], [""오즈카진 영영요쪽 워 즉식조리식품(려토트식품 "", 456, 37, 121], [""수,가(국)국 참(국신)고육수."", 475, 42, 123], [""대두.일계란 우유.돼지고기.닭고기,쇠고기함유"", 526, 28, 124], [""들기고싫은"", 552, 20, 0], [""유개 상단프시일까지"", 544, 21, 97], ["" 플리프로밀렌(내면)"", 544, 31, 227], [""한부업.정성"", 564, 17, 0], [""으로병복한하루"", 577, 18, 0], [""8位4500"", 594, 23, 0], [""2nkcal"", 606, 23, 14]]"
001466,2020,11,03,2020-11-03,det5,깊고 부드러움을 담다 | 보이차 | 보이차의 제조공정 | 쇄청 발효숙성 및 건조 분쇄 | 재업한 원료를 익힌후 숙성과정을 통해 알맞은크기로 | 비비기를반복하고 미생물을발효시킨후 분쇄합니다 | 햇별에건조시컵니다. 건조합니다. | 보이차를맛있게즐기는 2020.11.03 | 90℃3号 | 보이차 삼각티백을 찻진에 넣고 온수90 다를 부어 운도조해드심시로 기어라우리는시2의 | 3분간 우린후타백을건져내고휘저어줍니다. | 제품명 보이지 식품유형 30 | 차나무잎(보이채중국산) | 플리에릴런 여과지 포장재질 플리아이드 | 제조 | 만어원 时子程2516-1号 통육보2번호 5 | 보관상 주의사항 | 교및문의치 | 은제조시 | :기 | WVN,"[[""깊고 부드러움을 담다"", 110, 29, 420], [""보이차"", 163, 86, 405], [""보이차의 제조공정"", 270, 29, 121], [""쇄청"", 399, 24, 127], [""발효숙성 및 건조"", 398, 23, 302], [""분쇄"", 392, 26, 459], [""재업한 원료를 익힌후"", 422, 26, 128], [""숙성과정을 통해"", 421, 26, 304], [""알맞은크기로"", 414, 29, 461], [""비비기를반복하고"", 440, 25, 131], [""미생물을발효시킨후"", 437, 26, 304], [""분쇄합니다"", 432, 28, 461], [""햇별에건조시컵니다."", 456, 22, 135], [""건조합니다."", 454, 23, 306], [""보이차를맛있게즐기는"", 498, 33, 142], [""2020.11.03"", 514, 35, 265], [""90℃3号"", 528, 34, 457], [""보이차 삼각티백을 찻진에 넣고 온수90 다를 부어"", 554, 31, 208], [""기어라우리는시2의"", 546, 33, 456], [""3분간 우린후타백을건져내고휘저어줍니다."", 574, 32, 209], [""운도조해드심시로"", 561, 32, 457], [""제품명 보이지"", 610, 33, 145], [""식품유형"", 615, 22, 264], [""30"", 610, 41, 298], [""차나무잎(보이채중국산)"", 636, 33, 177], [""플리에릴런"", 654, 31, 178], [""여과지 포장재질"", 659, 24, 248], [""플리아이드"", 656, 25, 306], [""제조"", 669, 24, 152], [""만어원"", 689, 22, 153], [""时子程2516-1号"", 698, 24, 247], [""통육보2번호"", 693, 24, 349], [""5"", 688, 26, 388], [""보관상 주의사항"", 711, 25, 160], [""교및문의치"", 726, 24, 161], [""은제조시"", 766, 13, 278], ["":기"", 822, 44, 168], [""WVN"", 842, 7, 357]]"
001467,2020,07,03,2020-07-03,clahe,깊고 부드러움을 담다 | 보이차 | 보이차의 제조공정 | 쇄청 발효숙성 및 건조 | ulel] | 비p를하고 | 다 건조합니다 | 보이차를 맛있게  620.7.03 0 | 9OT  | nog1225 | 보이차,"[[""깊고 부드러움을 담다"", 94, 29, 379], [""보이차"", 128, 62, 369], [""보이차의 제조공정"", 186, 29, 110], [""쇄청"", 269, 16, 112], [""ulel]"", 286, 21, 113], [""발효숙성 및 건조"", 278, 22, 267], [""비p를하고"", 297, 17, 115], [""다"", 308, 22, 116], [""건조합니다"", 316, 17, 270], [""보이차를 맛있게 "", 341, 40, 119], [""620.7.03"", 354, 25, 246], [""0"", 353, 16, 439], [""9OT "", 372, 19, 405], [""nog1225"", 420, 18, 322], [""보이차"", 430, 9, 192]]"
001477,2022,NONE,18,2022-NONE-18,fail,과일의 영양을 말았니 과일의 영양을 말았니 과일의 영양을 당았습니 과일의 영양을 달았습니 ODED ODED 합성향료 없의 1을 광입관으 | 100% 100% 100% 100% 과일의 영양을 담았습니 | 주정 계 식조 U U | 건강 | T8I A주의사항 A주의사항 A주의사항 주의사항 | RA RA RA 아  치아수나 은  미다  치아 을 수나 은  210 식즈 200% | 으 인  으인 이 이  이   6% 합성향료 과술가요 효오 발죠 | 연 고객행복센터 고객행복센터 고객형복센터 고객형복센터 ( 2  2 C 1  2 C 1  2C  {] L !주의사항 T8I 과일 주정 | B H 080-850-1200 080-850-1200 080-850-1200 080-850-1200 16665471（总） 1666-5471（2） 1666-5471（2） 1666-5471（是） 0021-058-0801 DPE 식조   | B1 cj.co.kr cj.co.kr ci.co.kr cj.co.kr 99 |  Booae R  Ho 1OBO | 부터 d 22 22   18 22.0316 22.0316 글을 1: 1 20 부터 부터 부터 부터 까지 까지 까지 까지 주의사항 | 까지 IB1 I B 1 IB1 IB1 10 RA 름마다 색을 치이가 발생로 수 으나 어것은 들라요 | 4 | 인재료의 고유성부으로 인해 참전을 또는 들 하 | RR 이물질이 아난 료 유래 정문이으로 연심하고 문양 |   | 고객행복센터 | 080-850-1200 | 1666-5471（总办） UDPE | acjco.kr | 22.10 부터 | 까지 | IB1,"[[""과일의 영양을 당았습니"", 98, 61, 302], [""A주의사항"", 216, 34, 277], [""미다  치아 을 수나 은 "", 241, 56, 263], [""으 인"", 269, 56, 260], [""글을 1: 1"", 396, 59, 255], [""부터"", 393, 20, 383], [""100%"", 144, 21, 303], [""주정"", 167, 14, 270], [""식조"", 176, 11, 270], [""RA"", 224, 17, 182], ["" 2C "", 297, 45, 260], [""고객형복센터"", 311, 30, 274], [""080-850-1200"", 325, 30, 270], [""ci.co.kr"", 341, 28, 254], [""1666-5471（是）"", 335, 30, 270], [""DPE"", 349, 20, 376], [""I B 1"", 427, 21, 313], [""까지"", 416, 17, 383], [""과일의 영양을 달았습니"", 98, 63, 301], [""100%"", 144, 21, 304], [""계"", 170, 27, 266], [""주의사항"", 217, 31, 292], [""아  치아수나 은 "", 239, 54, 259], ["" 으인"", 268, 51, 260], [""이 이  이  "", 280, 53, 261], [""2"", 295, 44, 259], [""연"", 302, 11, 258], [""고객형복센터"", 310, 31, 271], [""080-850-1200"", 322, 32, 255], [""16665471（总）"", 334, 30, 270], [""cj.co.kr"", 340, 21, 269], [""부터"", 396, 35, 379], [""까지"", 415, 24, 380], [""IB1"", 426, 25, 309], [""합성향료"", 296, 65, 559], [""!주의사항"", 316, 74, 409], [""과일"", 323, 40, 542], [""B1"", 338, 29, 203], [""H"", 322, 12, 209], [""까지"", 396, 26, 217], [""부터"", 396, 27, 241], [""20"", 387, 12, 381], [""B"", 286, 97, 71], [""("", 308, 67, 314], [""T8I"", 309, 40, 417], [""{]"", 322, 7, 383], [""L"", 324, 13, 393], [""99"", 346, 14, 329], [""T8I"", 213, 22, 289], [""0021-058-0801"", 316, 29, 281], ["" Booae R  Ho 1OBO"", 359, 50, 183], [""d"", 386, 49, 182], [""4"", 445, 38, 180], [""RR"", 524, 21, 346], [""과일의 영양을 말았니"", 98, 64, 300], [""ODED"", 121, 58, 345], [""100%"", 145, 22, 302], [""U"", 179, 22, 307], [""A주의사항"", 216, 31, 276], [""RA"", 224, 17, 182], ["" 2 C 1"", 297, 46, 259], [""고객행복센터"", 311, 30, 274], [""1666-5471（2）"", 335, 30, 270], [""080-850-1200"", 325, 28, 271], [""cj.co.kr"", 340, 27, 255], [""22.0316"", 396, 73, 250], [""22"", 394, 16, 264], [""부터"", 393, 20, 383], [""IB1"", 428, 22, 312], [""까지"", 416, 17, 383], [""과일의 영양을 말았니"", 98, 64, 300], [""ODED"", 121, 58, 345], [""100%"", 145, 22, 302], [""U"", 179, 22, 307], [""A주의사항"", 216, 31, 276], [""RA"", 224, 17, 182], ["" 2 C 1"", 297, 46, 259], [""고객행복센터"", 311, 30, 274], [""1666-5471（2）"", 335, 30, 270], [""080-850-1200"", 325, 28, 271], [""cj.co.kr"", 340, 27, 255], [""22.0316"", 396, 73, 250], [""22"", 394, 16, 264], [""부터"", 393, 20, 383], [""IB1"", 428, 22, 312], [""까지"", 416, 17, 383], [""합성향료 없의 1을 광입관으"", 168, 183, 517], [""과일의 영양을 담았습니"", 198, 123, 608], [""건강"", 234, 33, 542], [""210"", 254, 28, 378], [""6%"", 281, 30, 371], [""식즈"", 282, 28, 542], [""200%"", 289, 36, 609], [""과술가요"", 309, 38, 602], [""효오 발죠"", 319, 36, 712], [""주정"", 332, 33, 535], [""식조"", 353, 28, 535], ["" "", 403, 46, 836], [""주의사항"", 435, 50, 590], [""RA"", 446, 31, 367], [""름마다 색을 치이가 발생로 수 으나 어것은 들라요"", 482, 99, 532], [""인재료의 고유성부으로 인해 참전을 또는 들 하"", 538, 91, 529], [""이물질이 아난 료 유래 정문이으로 연심하고 문양"", 564, 89, 530], ["" "", 592, 83, 520], [""고객행복센터"", 622, 47, 566], [""080-850-1200"", 646, 51, 518], [""1666-5471（总办）"", 668, 59, 515], [""acjco.kr"", 680, 44, 516], [""UDPE"", 698, 29, 752], [""22.10"", 791, 104, 517], [""부터"", 784, 39, 766], [""까지"", 834, 35, 765], [""IB1"", 854, 38, 625], [""10"", 427, 26, 310], [""  18"", 396, 55, 256]]"
001481,2020,01,31,2020-01-31,erode5,피코크 유가능안 | 요개 | 01. 31 201 08:52,"[[""피코크 유가능안"", 546, 50, 288], [""요개"", 584, 49, 434], [""01. 31 201 08:52"", 712, 47, 249]]"
001482,2031,01,02,2031-01-02,fail,10 | 바이오 ESBOK IE'IO | 원욱|∠공 EE 분여 | 5% O kcal 0 피코크 유기농인증 피코크 유기농해 피코크 유기농인줍 피코크 유기농인증 피코크 유기농인증 피코크 유기농인증 피코크 유기농인증 ESBOMK IEIO T | 1143 요거트 요계 요거트 요거트 요거트 요거트 요거트 | 话6215008605 6196085060 6196085060 | 01.3108:53 01.31N G6:E2 01.31办N08:52 01.3108:52 01.3108:52 00 E | 01 | 생크림요거로 | 피코크 유기농인증 | 요거트 | 皖688715008606 | 01.31办08:52,"[[""피코크 유기농인증"", 378, 33, 243], [""요거트"", 402, 31, 374], [""01.3108:53"", 489, 31, 206], [""T"", 270, 9, 584], [""O kcal"", 377, 12, 125], [""피코크 유기농인증"", 378, 35, 240], [""5%"", 391, 18, 110], [""1143"", 404, 15, 119], [""요거트"", 401, 34, 371], [""话6215008605"", 456, 59, 151], [""01.31办N08:52"", 489, 33, 205], [""피코크 유기농인증"", 335, 186, 246], [""요거트"", 401, 54, 224], [""00"", 476, 15, 384], [""01"", 555, 18, 382], [""생크림요거로"", 590, 37, 348], [""10"", 84, 28, 237], [""분여"", 239, 54, 387], [""ESBOMK IEIO"", 348, 176, 474], [""ESBOK IE'IO"", 150, 32, 261], [""원욱|∠공 EE"", 262, 29, 215], [""0"", 390, 14, 156], [""피코크 유기농인증"", 378, 33, 243], [""요거트"", 402, 33, 373], [""6196085060"", 455, 48, 203], [""01.3108:52"", 489, 31, 207], [""피코크 유기농인증"", 378, 33, 243], [""요거트"", 402, 33, 373], [""6196085060"", 455, 48, 203], [""01.3108:52"", 489, 31, 207], [""바이오"", 157, 94, 0], [""E"", 512, 123, 1152], [""피코크 유기농인증"", 756, 59, 489], [""요거트"", 804, 57, 750], [""皖688715008606"", 912, 105, 340], [""01.31办08:52"", 979, 58, 414], [""피코크 유기농해"", 378, 35, 241], [""요계"", 402, 30, 374], [""피코크 유기농인줍"", 378, 35, 242], [""요거트"", 402, 35, 372], [""01.31N G6:E2"", 489, 33, 205]]"
001483,NONE,NONE,NONE,NONE,fail,"img ldeas | platter. SUW. 'Z20 Z- shbasil,olive il, satand | BEST BY FEB/06/2107:45FL6R Pes asa OL | 4-2oz.Minis DD IN CREAN BURRATA BELGIOIOSO (8 | BEST BY FEB/06/2107:45FL6R BEST BY FEB/06/2107:45FL6R BEST BY FEB06/2107:45FL6R BEST BY FEB/06/2107:45FL6H | ining ldeas inimg ldeas img ldeas BEST BY FEB/06/2107:45FL6H | ing ldeas wiodibasil oi ilistand kbhbasl,olive oil, salt and | maCaptese salad. wmaCapese salad. Capese salad. IPLAN IPLIANCHE | Caprese alad pink talt ad iadspinkle with salt and kbalol il satand MADE IN TH MADE IN THEUSA MADE IN THE USA IIALANCHEESES CLASSIC | Seonarugula greens. serve on arugula greens. Seve on arugulagreens. aspinkle with salt and MADE IN THEUSA BLGIOOS BELGIOIOSO' BELGIOIOSO BELGIOIOSO BELGIOIOSO | psplatter. as platter. paso platter. tables and cured egtables and cured egtables and cured seveon arugula greens. BELGIOIOSO | TQ pao plalter. etables and cured BURRATA BURRATA BURRATA BURRATA BURRATA | 0 betolis a spoon. PRESINO WITHSHREDS FRESHMOZZARELLA SOAKED IN CREA SOAKED IN CREA SOAKEDIN CREA BURRATA | bestwlis aspoon. 1spoon. igredients. NET WT. NET WT. NET WT. MET WT WITH SHREDS OF MO 4-2oz.Minls 4-2oz.Minis 4-2oz.Minis 4-2oz.Minis FRESH MOZZARELLA CHES SOAKED IN CREAM ZZAR | lays fot best flavor. best flavor. 8OZ-(226 8OZ.(226g) 8OZ.(226g) 8OZ.(226g) 4-2oz.Minis | edients. NET WT. | ays for best flavor. 8OZ.(226g) | BEST BY FEB/06/2107:45FL6H | ering ldeas | lvaltand CLASSIC | aCaprese salad. IALIAN CHEESES FATTIN.AMEG | dpike with salt and MADE IN THE USA | on argulgreens. BELGIOIOSO' | dvegetables and cured | tplatter. | BURRATA | etls spoon FRESHMOZZARELLACHESERLO WITASHREDS OMOAR SOAKED IN CREAN | fnest ingredients. NET WT. 4-2oz.Minis | as fr best avor. 80Z.(226g)","[[""BEST BY FEB/06/2107:45FL6H"", 524, 48, 138], [""inimg ldeas"", 534, 33, 82], [""wiodibasil oi ilistand"", 566, 53, 81], [""wmaCapese salad."", 579, 45, 83], [""serve on arugula greens."", 627, 50, 95], [""MADE IN THE USA"", 614, 24, 322], [""egtables and cured"", 651, 50, 99], [""BELGIOIOSO"", 647, 52, 316], [""as platter."", 665, 38, 108], [""BURRATA"", 702, 57, 340], [""betolis a spoon."", 730, 57, 110], [""lays fot best flavor."", 780, 55, 122], [""NET WT."", 773, 27, 270], [""8OZ.(226g)"", 793, 32, 253], [""4-2oz.Minis"", 772, 54, 354], [""IPLIANCHE"", 594, 22, 342], [""TQ"", 688, 33, 100], [""SOAKED IN CREA"", 748, 29, 376], [""BEST BY FEB/06/2107:45FL6R"", 524, 55, 134], [""ining ldeas"", 533, 37, 79], [""maCaptese salad."", 578, 42, 85], [""iadspinkle with salt and"", 607, 50, 89], [""Seve on arugulagreens."", 626, 50, 96], [""MADE IN THEUSA"", 613, 22, 324], [""tables and cured"", 650, 49, 99], [""BELGIOIOSO'"", 647, 60, 311], [""psplatter."", 663, 39, 104], [""BURRATA"", 702, 67, 335], [""SOAKED IN CREA"", 748, 29, 376], [""NET WT."", 772, 31, 268], [""8OZ.(226g)"", 792, 33, 252], [""4-2oz.Minis"", 771, 52, 354], [""shbasil,olive il, satand"", 164, 137, 370], [""img ldeas"", 121, 62, 409], [""platter."", 154, 43, 282], [""BEST BY FEB/06/2107:45FL6R"", 320, 380, 408], [""BELGIOIOSO"", 417, 204, 285], [""BURRATA"", 422, 165, 228], [""4-2oz.Minis"", 419, 131, 161], [""DD IN CREAN"", 434, 73, 202], [""(8"", 420, 112, 753], [""SUW. 'Z20 Z-"", 188, 52, 235], [""OL"", 272, 35, 586], [""Pes asa"", 381, 47, 531], [""BEST BY FEB/06/2107:45FL6R"", 524, 49, 137], [""img ldeas"", 536, 29, 88], [""kbhbasl,olive oil, salt and"", 566, 50, 83], [""Capese salad."", 580, 43, 86], [""pink talt ad"", 609, 54, 86], [""IPLAN"", 593, 16, 345], [""Seonarugula greens."", 627, 51, 95], [""MADE IN TH"", 614, 19, 327], [""egtables and cured"", 652, 44, 105], [""BELGIOIOSO"", 648, 50, 316], [""paso platter."", 665, 36, 110], [""BURRATA"", 703, 58, 342], [""0"", 726, 7, 137], [""1spoon."", 739, 26, 161], [""FRESHMOZZARELLA"", 730, 25, 324], [""WITHSHREDS"", 742, 22, 341], [""igredients."", 770, 29, 161], [""SOAKEDIN CREA"", 748, 31, 377], [""best flavor."", 785, 34, 156], [""NET WT."", 773, 28, 271], [""8OZ.(226g)"", 794, 32, 253], [""4-2oz.Minis"", 773, 48, 356], [""BEST BY FEB/06/2107:45FL6H"", 550, 54, 142], [""ing ldeas"", 561, 34, 85], [""kbalol il satand"", 593, 57, 83], [""Caprese alad"", 608, 49, 85], [""CLASSIC"", 608, 19, 384], [""aspinkle with salt and"", 638, 58, 90], [""IIALANCHEESES"", 624, 33, 354], [""seveon arugula greens."", 658, 55, 97], [""MADE IN THEUSA"", 645, 23, 337], [""etables and cured"", 684, 51, 105], [""BELGIOIOSO"", 680, 57, 332], [""pao plalter."", 698, 39, 112], [""BURRATA"", 738, 60, 358], [""bestwlis aspoon."", 768, 57, 116], [""edients."", 802, 71, 114], [""FRESH MOZZARELLA CHES"", 764, 43, 339], [""ZZAR"", 764, 12, 479], [""WITH SHREDS OF MO"", 778, 35, 355], [""SOAKED IN CREAM"", 786, 37, 393], [""ays for best flavor."", 820, 53, 131], [""NET WT."", 812, 30, 283], [""8OZ.(226g)"", 833, 34, 265], [""4-2oz.Minis"", 811, 52, 373], [""BEST BY FEB/06/2107:45FL6H"", 1050, 99, 274], [""ering ldeas"", 1067, 64, 162], [""lvaltand"", 1128, 103, 159], [""aCaprese salad."", 1156, 86, 168], [""CLASSIC"", 1159, 32, 737], [""dpike with salt and"", 1214, 105, 175], [""IALIAN CHEESES"", 1192, 58, 683], [""on argulgreens."", 1248, 125, 164], [""MADE IN THE USA"", 1230, 43, 648], [""FATTIN.AMEG"", 1215, 52, 943], [""dvegetables and cured"", 1298, 103, 184], [""BELGIOIOSO'"", 1295, 102, 632], [""tplatter."", 1324, 84, 189], [""etls spoon"", 1450, 132, 185], [""BURRATA"", 1405, 109, 684], [""fnest ingredients."", 1516, 150, 190], [""FRESHMOZZARELLACHESERLO"", 1449, 106, 641], [""as fr best avor."", 1548, 145, 198], [""WITASHREDS OMOAR"", 1470, 105, 668], [""SOAKED IN CREAN"", 1495, 72, 749], [""NET WT."", 1546, 49, 543], [""4-2oz.Minis"", 1544, 93, 715], [""80Z.(226g)"", 1586, 57, 510], [""BLGIOOS"", 647, 51, 316], [""BURRATA"", 704, 53, 342], [""BEST BY FEB06/2107:45FL6R"", 524, 45, 138], [""BELGIOIOSO"", 648, 53, 316], [""BURRATA"", 702, 55, 342], [""PRESINO"", 733, 12, 328], [""MET WT"", 774, 27, 273], [""8OZ-(226"", 791, 29, 257], [""4-2oz.Minls"", 773, 50, 355]]"
001493,2023,08,17,2023-08-17,up2x,DICHIARAZIONE NUTRE IONALE MEDIA | PER/JERR | DURCHSCHNITTLICHE NAHRWERT 10g | AVERAGE NUTRITIONAL DECLARATION | Energia / Brennwert/En.ng 18 | Grassi/Fett/Fat | di cui acidi grassi Sann 38 | davon Gesttigte fettsuren | of which Saturated | Carboidrati/Kohlenhydate Crbohydan | di cui zuccheri | davon zucker | of which sugars | ∞ Proteine/Eiweis/ Proi in | Sale/Salz/Salt | 17/AUG-2022 L17082023,"[[""DICHIARAZIONE NUTRE IONALE MEDIA"", 712, 40, 509], [""PER/JERR"", 730, 33, 849], [""DURCHSCHNITTLICHE NAHRWERT"", 750, 38, 509], [""10g"", 762, 36, 867], [""AVERAGE NUTRITIONAL DECLARATION"", 788, 33, 511], [""Energia / Brennwert/En.ng"", 827, 38, 510], [""18"", 817, 44, 835], [""Grassi/Fett/Fat"", 862, 35, 511], [""di cui acidi grassi Sann"", 900, 39, 529], [""38"", 916, 41, 865], [""davon Gesttigte fettsuren"", 933, 34, 534], [""of which Saturated"", 968, 36, 530], [""Carboidrati/Kohlenhydate Crbohydan"", 1001, 58, 511], [""di cui zuccheri"", 1041, 37, 530], [""davon zucker"", 1074, 34, 533], [""of which sugars"", 1107, 37, 530], [""∞"", 1134, 37, 463], [""Proteine/Eiweis/ Proi in"", 1141, 37, 509], [""Sale/Salz/Salt"", 1177, 34, 510], [""17/AUG-2022 L17082023"", 1461, 150, 381]]"
001494,2023,06,17,2023-06-17,up2x,DICHLARAZIONE NUTRE ONSTE MEDIA PEXE | DURCHSCHNITTLICHE AHEXET | AVERAGE NUTRTIONAL DECARATION | Energia/Brennwert/E ny 2873 | Grassi /Fett/Fat | di cui acidi grase Satun | davon Geatigte fetaurn | of shich Sanurated | Carbcidani Kohlenhy ae ababyda | di cui zacchen 9 | davon zucker | of which sugan | Proteine EiweiB/ Fry a | Podoto erergestll ur er duor Sale/Salz/Salt | COMPAGNIA ALIMENTARE ITAI NASPA | 17/AUG/2023 L17062023,"[[""DICHLARAZIONE NUTRE ONSTE MEDIA"", 485, 28, 468], [""PEXE"", 495, 28, 784], [""DURCHSCHNITTLICHE AHEXET"", 512, 30, 471], [""AVERAGE NUTRTIONAL DECARATION"", 538, 33, 469], [""Energia/Brennwert/E ny"", 566, 27, 470], [""2873"", 554, 38, 771], [""Grassi /Fett/Fat"", 590, 29, 468], [""di cui acidi grase Satun"", 616, 32, 485], [""davon Geatigte fetaurn"", 639, 32, 485], [""of shich Sanurated"", 664, 26, 487], [""Carbcidani Kohlenhy ae ababyda"", 685, 54, 466], [""di cui zacchen"", 714, 27, 487], [""9"", 715, 34, 792], [""davon zucker"", 738, 27, 488], [""of which sugan"", 761, 24, 487], [""Proteine EiweiB/ Fry a"", 784, 36, 466], [""Sale/Salz/Salt"", 809, 30, 467], [""Podoto erergestll ur er duor"", 835, 66, 301], [""COMPAGNIA ALIMENTARE ITAI NASPA"", 856, 59, 304], [""17/AUG/2023 L17062023"", 1006, 116, 351]]"
001508,NONE,NONE,NONE,NONE,fail,"M. |  Amonds. d Almonds. d Almonds (steam pasteurized). d AImonds (steam pasteurized). Amonds (steam pasteurized) ART:1386722 duct of the USA | s AImonds (steam pasteurized) | ALE CORPORATON ALE CORPORATION Amonds. ITON and foodn | 124-1535 124-1535 | CORPORATON | 0.COM O.COM 24-1535 | yoduct of the USA JSA 83823 | mers with food mers with food an ALERGEN INFORMATON: Pod pduct of the USA PK01906 %60b | e road the ir road the ingr ALERGEN INFORMATONE PrOD | iat proc ontain small shell P | Ciution:May o ners with | read ITM./ART.1386722 ITM./ART.1386722 TM.1ART13S6722 1386 2 all she BEST BY:OCT-19-2021 d AImonds (steam pasteurized). %0 | CHiution:Ma f Amonds. | TM./ART1386722 | ALE CORPORATON | 0 0% spu 9124-1535 | 19661914337 9661914337 19661914337 | 0% O.COM | 9661914337 product of the USA | udu oug peou ar | 83823 83823 83823 83823 y ""hat processes only almonds ALERGEN INFORMATON: PrOducd ana | n sres PK01906 PK01906 PK01906 PK01906 K01906 | e read the ingred. 83823 BEST BY: OCT19-2021 BEST BY:OCT-19-2021 BESTBY:OCT-19-2021 BEST BY: OCT19-2021 BEST BY:OCT-19-2021 memt carefulo | CHution: May contain small shell pi PK01906 spuoLvA | BESTBY:OCT-19-2021 | ITM./ART.1386722 | 0% | 1966191433715 | 83823 | dn arles PK01906 | BESTBY:OCT-19-2021","[[""d Almonds (steam pasteurized)."", 198, 37, 195], [""ALERGEN INFORMATON: Pod"", 321, 26, 69], [""ITM./ART.1386722"", 398, 44, 38], [""0%"", 501, 24, 4], [""19661914337"", 526, 41, 43], [""83823"", 652, 36, 259], [""PK01906"", 676, 39, 261], [""BEST BY:OCT-19-2021"", 706, 39, 259], ["" Amonds."", 212, 17, 175], [""ALE CORPORATION"", 237, 20, 157], [""124-1535"", 252, 20, 141], [""0.COM"", 277, 14, 128], [""mers with food an"", 346, 17, 87], [""road the ingr"", 355, 16, 85], [""Ciution:May o"", 382, 19, 45], [""ontain small shell P"", 370, 27, 131], [""n"", 668, 11, 2], [""sres"", 678, 11, 1], [""d AImonds (steam pasteurized)."", 198, 40, 197], [""d Almonds."", 211, 20, 180], [""ALE CORPORATON"", 236, 22, 157], [""124-1535"", 250, 21, 140], [""O.COM"", 276, 18, 127], [""yoduct of the USA"", 296, 31, 82], [""mers with food"", 344, 17, 88], [""e road the ir"", 354, 16, 81], [""ITM./ART.1386722"", 398, 49, 35], [""19661914337"", 526, 41, 37], [""83823"", 651, 38, 258], [""PK01906"", 676, 41, 258], [""BEST BY:OCT-19-2021"", 706, 42, 257], [""M."", 68, 23, 548], [""ART:1386722"", 147, 140, 545], [""duct of the USA"", 157, 120, 648], [""and foodn"", 232, 57, 612], [""BEST BY:OCT-19-2021"", 388, 265, 232], [""PK01906"", 328, 138, 263], [""83823"", 298, 72, 295], [""spu"", 501, 20, 190], [""%60b"", 323, 22, 736], [""%0"", 404, 15, 738], [""udu oug peou ar"", 606, 14, 600], [""spuoLvA"", 750, 17, 513], [""Amonds (steam pasteurized)"", 198, 31, 211], [""ITON"", 238, 10, 221], [""JSA"", 298, 11, 185], [""1386"", 394, 23, 133], [""2"", 388, 9, 189], [""0"", 502, 22, 4], [""9661914337"", 528, 37, 45], [""83823"", 652, 36, 260], [""PK01906"", 678, 39, 261], [""BESTBY:OCT-19-2021"", 707, 38, 259], [""s AImonds (steam pasteurized)"", 217, 36, 224], [""Amonds."", 232, 19, 202], [""CORPORATON"", 260, 19, 192], [""24-1535"", 276, 17, 166], [""pduct of the USA"", 324, 30, 99], [""ALERGEN INFORMATONE PrOD"", 352, 27, 77], [""iat proc"", 362, 11, 108], [""ners"", 377, 10, 102], [""read"", 388, 10, 93], [""with"", 379, 10, 128], [""all she"", 403, 10, 209], [""CHiution:Ma"", 418, 13, 52], [""TM./ART1386722"", 436, 45, 50], [""0%"", 549, 22, 5], [""9661914337"", 578, 41, 41], [""83823"", 713, 37, 284], [""PK01906"", 740, 39, 286], [""BESTBY:OCT-19-2021"", 774, 45, 282], [""d AImonds (steam pasteurized)."", 397, 68, 393], [""f Amonds."", 423, 30, 366], [""ALE CORPORATON"", 473, 34, 317], [""9124-1535"", 504, 32, 284], [""O.COM"", 552, 39, 245], [""product of the USA"", 594, 60, 148], [""ALERGEN INFORMATON: PrOducd"", 642, 42, 137], [""ana"", 640, 14, 477], [""y \""hat processes only almonds"", 664, 36, 155], [""e read the ingred."", 710, 29, 156], [""memt carefulo"", 691, 32, 405], [""CHution: May contain small shell pi"", 750, 85, 85], [""ITM./ART.1386722"", 797, 80, 76], [""0%"", 1002, 27, 11], [""1966191433715"", 1050, 71, 94], [""83823"", 1304, 61, 523], [""dn"", 1332, 24, 0], [""arles"", 1356, 27, 0], [""PK01906"", 1353, 66, 525], [""BESTBY:OCT-19-2021"", 1414, 73, 518], [""K01906"", 676, 39, 275], [""BEST BY: OCT19-2021"", 706, 42, 258], [""TM.1ART13S6722"", 398, 44, 39], [""83823"", 651, 38, 257], [""PK01906"", 676, 40, 261], [""BEST BY: OCT19-2021"", 706, 41, 258]]"
001509,NONE,NONE,NONE,NONE,fail,906.0d | Aot of the USA BEST BY: 906-0Xd 83823 Csteecm | Umonchs | TAK ITMTART386 13867 | - MORATCR | BESTBY:OCT-19-2021 | Act of the USA 9060 VVLI | 83823 83823 83823 83823 83823 | PK01906 PK0:906 PK0.906 PK0.906 PK01906 | ITMARETS8672 BEST BY: BESTBY:OCT-19-2021 BESTBY:OCT-19-2021 BESTBY:OCT-19-2021 BESTBY:OCT19-2021 STBY:OCF10202 OCT19-2021 | 156619014337 | 83823 | PK01906 | BESTBY:OCT-19-2021,"[[""83823"", 438, 33, 172], [""PK01906"", 460, 42, 168], [""BESTBY:OCT-19-2021"", 492, 71, 159], [""TAK"", 234, 14, 29], [""13867"", 244, 18, 110], [""Aot of the USA"", 178, 43, 88], [""ITMTART386"", 238, 29, 26], [""83823"", 437, 34, 169], [""PK01906"", 458, 45, 167], [""BEST BY:"", 478, 43, 160], [""OCT19-2021"", 500, 55, 254], [""BEST BY:"", 212, 105, 139], [""83823"", 204, 64, 186], [""906-0Xd"", 226, 117, 157], [""9060"", 414, 117, 436], [""BESTBY:OCT-19-2021"", 368, 227, 453], [""906.0d"", 180, 42, 358], [""VVLI"", 406, 17, 580], [""83823"", 438, 30, 173], [""PK0.906"", 460, 42, 168], [""BESTBY:OCT-19-2021"", 492, 70, 159], [""83823"", 438, 30, 173], [""PK0.906"", 460, 42, 168], [""BESTBY:OCT-19-2021"", 492, 70, 159], [""Umonchs"", 271, 32, 367], [""Csteecm"", 276, 38, 479], [""-"", 290, 9, 341], [""MORATCR"", 305, 36, 362], [""Act of the USA"", 356, 84, 154], [""ITMARETS8672"", 480, 58, 53], [""156619014337"", 639, 50, 30], [""83823"", 876, 55, 345], [""PK01906"", 919, 74, 340], [""BESTBY:OCT-19-2021"", 982, 137, 322], [""STBY:OCF10202"", 492, 69, 177], [""83823"", 438, 33, 171], [""PK0:906"", 460, 44, 167], [""BESTBY:OCT19-2021"", 490, 73, 159]]"
001521,2021,07,08,2021-07-08,erode3,2021.07.08 | 까지 | HACCI,"[[""까지"", 434, 23, 395], [""HACCI"", 489, 22, 388], [""2021.07.08"", 410, 37, 205]]"
001523,2021,01,15,2021-01-15,up2x,"감시 그래늘 네널란드시 | 허브솔트맛 일.전지문유 건 ÷,기타식품유지 | 포장재질 필리어널 | ·달길,방용,D | 닭고기,호장어,사 | 톡!맛있는 감자소리 힙)혼입가능·지 | 해질소전 하었 | 갈아 만든 감자의 진한풍미 보이는 경은 반점은 녹색입자는 파슬리 | 심하고 드시도 니 | 깔끔한 감칠맛 허브솔트 의한 피해보상·직시는 | 로가 낮은 곳에 보라 | 리 드세요 ·부정 불B | Q011399.72利 | 5700（品）1522-40 | 사 및 구입한 곳 | HACCP 영양정보 1000 | OTHER 10088 기준ael | 2려트R일터5에서 만니요 LE号620m8 | ho:l/www.orionworid.com 만수화물 69 | 당류 38 | 유통 2021:01.15 부터 U발 EBAXINOR | 기한 16:57A01 까지","[[""그래늘 네널란드시"", 36, 33, 963], [""감시"", 92, 207, 66], [""÷,기타식품유지"", 61, 30, 973], [""일.전지문유 건"", 84, 33, 963], [""포장재질 필리어널"", 138, 33, 961], [""허브솔트맛"", 184, 88, 221], [""·달길,방용,D"", 195, 44, 965], [""닭고기,호장어,사"", 218, 43, 960], [""힙)혼입가능·지"", 242, 48, 959], [""해질소전 하었"", 265, 52, 954], [""녹색입자는 파슬리"", 288, 53, 954], [""보이는 경은 반점은"", 310, 53, 953], [""심하고 드시도 니"", 332, 50, 957], [""의한 피해보상·직시는"", 354, 57, 955], [""톡!맛있는 감자소리"", 341, 150, 192], [""로가 낮은 곳에 보라"", 378, 58, 955], [""리 드세요 ·부정 불B"", 400, 60, 953], [""Q011399.72利"", 422, 61, 956], [""갈아 만든 감자의 진한풍미"", 396, 196, 153], [""5700（品）1522-40"", 444, 62, 955], [""사 및 구입한 곳"", 473, 52, 949], [""깔끔한 감칠맛 허브솔트"", 454, 176, 186], [""1000"", 511, 28, 1137], [""영양정보"", 530, 61, 955], [""기준ael"", 555, 52, 1116], [""10088"", 582, 46, 957], [""LE号620m8"", 612, 53, 950], [""HACCP"", 634, 40, 354], [""OTHER"", 652, 42, 480], [""만수화물 69"", 640, 54, 947], [""당류 38"", 668, 45, 961], [""U발"", 696, 49, 941], [""2려트R일터5에서 만니요"", 700, 67, 337], [""EBAXINOR"", 714, 57, 953], [""ho:l/www.orionworid.com"", 718, 61, 346], [""부터"", 756, 45, 634], [""2021:01.15"", 801, 118, 306], [""까지"", 804, 49, 630], [""유통"", 828, 51, 199], [""16:57A01"", 850, 60, 319], [""기한"", 882, 48, 198]]"
001526,2021,01,21,2021-01-21,rot90,"유통기한: ADAESANG | 80-019-119 땅콩 | 2021.01.21.F2 한곳에보관개봉후에는냉장 조개류전복,홍합 포함잣 새우,돼지고 1-112 염화비 돈 > | C 혼입기능. 복숭아,","[[""유통기한:"", 260, 50, 363], [""ADAESANG"", 268, 62, 396], [""80-019-119"", 320, 170, 416], [""2021.01.21.F2"", 386, 199, 318], [""한곳에보관개봉후에는냉장"", 370, 140, 474], [""조개류전복,홍합 포함잣"", 372, 129, 496], [""땅콩"", 320, 25, 523], [""1-112"", 369, 26, 546], [""새우,돼지고"", 405, 58, 518], [""C"", 440, 87, 402], [""염화비"", 403, 30, 564], [""돈"", 410, 12, 585], ["">"", 406, 9, 609], [""혼입기능."", 457, 64, 490], [""복숭아,"", 454, 27, 517]]"
001546,2021,07,04,2021-07-04,clahe,"배바라씨가 | to clo *때로! | 해바라기 | 초크영 | 订热话1198803110012 | Q3212125 | 한산시 단원구 성곡로 32 | H바라기씨,설탕,물 | 코코아프리퍼레 | 코아 전지분유,코코아 | 분말레시틴],독 | 포르산),코코아프리 | 싱가포르)전지분유코코 | 릿향,바닐라향,설탕 | .039% | 유통중 변질품은본 | 의한 피해보상 | 땅콩,달길,호두 혼입 가능 | 장을 하였습니다. | ·제품의 품 표명C 하얀 반점이생길수있으나인체에 | 유통중초 무해하니드셔도 괜찮습니다. | 고격지원센터 롯데제과 | 080-024-6060 http://www.lotteconf.co.kr 8801062629138 | 30 | 영양정보 160kcal | 나트륨20mg% 号16g5%113g13% | 9g17%0 3g20 | 51%/3g5% | 000c | 21.7.4 | 까지 OTHER","[[""배바라씨가"", 38, 22, 394], [""to clo"", 54, 13, 250], [""*때로!"", 50, 13, 421], [""해바라기"", 74, 31, 248], [""초크영"", 93, 16, 353], [""订热话1198803110012"", 104, 27, 363], [""Q3212125"", 116, 23, 381], [""한산시 단원구 성곡로 32"", 128, 25, 364], [""H바라기씨,설탕,물"", 159, 29, 383], [""코코아프리퍼레"", 175, 27, 396], [""전지분유,코코아"", 191, 33, 389], [""코아"", 200, 11, 375], [""분말레시틴],독"", 208, 29, 401], [""포르산),코코아프리"", 222, 36, 365], [""싱가포르)전지분유코코"", 238, 39, 346], [""릿향,바닐라향,설탕"", 257, 38, 382], ["".039%"", 273, 34, 389], [""유통중 변질품은본"", 310, 34, 386], [""의한 피해보상"", 324, 23, 378], [""땅콩,달길,호두 혼입 가능"", 343, 34, 353], [""하얀 반점이생길수있으나인체에"", 378, 33, 268], [""장을 하였습니다."", 360, 29, 318], [""·제품의 품"", 378, 26, 94], [""표명C"", 381, 10, 191], [""무해하니드셔도 괜찮습니다."", 403, 54, 86], [""유통중초"", 394, 29, 91], [""롯데제과"", 426, 19, 256], [""고격지원센터"", 433, 40, 84], [""8801062629138"", 448, 30, 355], [""080-024-6060"", 450, 38, 89], [""http://www.lotteconf.co.kr"", 451, 25, 187], [""30"", 475, 34, 409], [""영양정보"", 496, 47, 69], [""160kcal"", 498, 28, 458], [""号16g5%113g13%"", 520, 27, 224], [""나트륨20mg%"", 526, 40, 64], [""3g20"", 544, 30, 381], [""9g17%0"", 548, 41, 60], [""51%/3g5%"", 572, 43, 54], [""000c"", 598, 37, 47], [""21.7.4"", 643, 28, 222], [""까지"", 672, 30, 399], [""OTHER"", 682, 13, 510]]"
001548,2023,09,20,2023-09-20,clahe,u al | •· | ROD:23/09/202 | 2809/202 | NH.240GM,"[[""u al"", 450, 44, 296], [""•·"", 546, 15, 352], [""ROD:23/09/202"", 622, 49, 263], [""2809/202"", 646, 45, 263], [""NH.240GM"", 672, 27, 284]]"
001549,2020,09,29,2020-09-29,up2x, as y  | RROD : 29/09/2020* 2809/2022 20273 | NM240GM,"[["" as y "", 612, 87, 559], [""RROD : 29/09/2020*"", 850, 79, 546], [""2809/2022 20273"", 875, 108, 544], [""NM240GM"", 913, 62, 593]]"
001550,2021,08,02,2021-08-02,det5,BEST BEFURE 2021/08/2 | LOT 0238 02:54 4F,"[[""BEST"", 330, 29, 169], [""BEFURE 2021/08/2"", 332, 34, 237], [""LOT 0238 02:54 4F"", 355, 32, 167]]"
001552,2019,02,01,2019-02-01,fail,"된 된 LGG. LGG LGG. GG 국내유일 국내유일 국내유일 국내유일 P R O B IO | 와 Hbn nce by LGG. 독점공급 독점공급 독점공급 독점공급 국내유일 Maeil | Maeil Maeil Maeil Maeil Maeil 동K88/욱 hr Hanser Excellence by 독점공급 바이오 | 65 Maeil 340g(280kcal9% 박여륨 R R 박여륨 | 구된 바이오 바이오 바이오 바이오 바이오 바이오 /85g4） 딸기 요거트 02.19F1 xS8/욱 LGG. Excellence by Chr. Hansen 독점공급 국내유일 | PR O B IOTIC PROBIOT I C PR OB IO T I C PROBIOTIC 이어 Maeil 독점공급 국내유일 | PR O BIOTIC | 02.19F1 02.19F1 02.19开天F1 0219F1 02.19F1 이어A | 딸기요거로 딸기요거트 딸기 요거트 딸기요거트 딸기요거트 | /85gx47 车京界/85gx47起 /85gx47 /85gx47 냉장제품 냉장제품 n장제품 02.19F1 | 340g280kca,9% 340g(280kcal9% 340g(280kcal9% 340g(280cal9% 바이오 딸기 요거트 | 링야논 /85gx4 냉장제품 | 340g(280kcal9% | P R O B IOT I C | 02.19开天F1 | 딸기 요거트 | /85gx4 냉장제품 | 340g(280kcal9% 0-10C 냉창보관","[[""LGG"", 180, 30, 354], [""국내유일"", 170, 30, 421], [""독점공급"", 197, 28, 424], [""Maeil"", 252, 49, 136], [""바이오"", 369, 154, 0], [""PROBIOT I C"", 482, 39, 75], [""02.19F1"", 592, 34, 341], [""딸기요거트"", 640, 41, 349], [""/85gx47"", 698, 29, 290], [""n장제품"", 696, 24, 432], [""340g(280kcal9%"", 720, 35, 278], [""된"", 181, 10, 2], [""R"", 307, 12, 408], [""국내유일"", 170, 31, 422], [""GG"", 180, 27, 361], [""독점공급"", 196, 28, 423], [""Maeil"", 252, 52, 133], [""바이오"", 369, 188, 0], [""PROBIOTIC"", 482, 43, 73], [""02.19开天F1"", 591, 36, 337], [""딸기요거트"", 639, 46, 347], [""/85gx47"", 696, 31, 288], [""냉장제품"", 696, 24, 431], [""340g(280cal9%"", 720, 37, 277], [""바이오"", 224, 448, 515], [""P R O B IO"", 168, 184, 461], [""Maeil"", 201, 127, 682], [""340g(280kcal9%"", 356, 162, 222], [""/85g4）"", 386, 201, 246], [""딸기 요거트"", 418, 138, 299], [""02.19F1"", 412, 135, 351], [""독점공급"", 458, 69, 748], [""국내유일"", 458, 67, 779], [""박여륨"", 301, 137, 617], [""이어"", 498, 443, 282], [""xS8/욱"", 361, 146, 683], [""65"", 330, 46, 165], [""동K88/욱"", 263, 28, 289], [""박여륨"", 320, 41, 232], [""이어A"", 596, 158, 285], [""링야논"", 790, 24, 229], [""LGG."", 180, 34, 352], [""국내유일"", 170, 35, 420], [""된"", 181, 10, 2], [""nce by"", 196, 13, 389], [""독점공급"", 196, 33, 420], [""Hbn"", 203, 10, 377], [""Maeil"", 252, 53, 135], [""바이오"", 368, 157, 0], [""R"", 307, 12, 408], [""PR O B IOTIC"", 482, 38, 75], [""02.19F1"", 592, 33, 339], [""딸기 요거트"", 640, 41, 349], [""/85gx47"", 698, 29, 290], [""냉장제품"", 695, 20, 434], [""340g(280kcal9%"", 720, 33, 279], [""LGG."", 206, 33, 405], [""국내유일"", 196, 40, 480], [""와"", 208, 6, 4], [""독점공급"", 226, 36, 485], [""Excellence by"", 226, 15, 416], [""hr Hanser"", 234, 18, 422], [""Maeil"", 289, 63, 156], [""바이오"", 420, 179, 0], [""PR O BIOTIC"", 552, 46, 86], [""02.19F1"", 678, 36, 390], [""딸기 요거트"", 734, 47, 399], [""/85gx4"", 800, 31, 334], [""냉장제품"", 799, 22, 501], [""340g(280kcal9%"", 825, 38, 320], [""국내유일"", 342, 47, 849], [""LGG."", 359, 54, 706], [""구된"", 364, 29, 1], [""독점공급"", 393, 48, 849], [""Excellence by"", 394, 24, 717], [""Chr. Hansen"", 410, 21, 730], [""Maeil"", 506, 87, 283], [""바이오"", 734, 368, 0], [""P R O B IOT I C"", 965, 62, 159], [""02.19开天F1"", 1183, 60, 688], [""딸기 요거트"", 1278, 76, 703], [""/85gx4"", 1394, 47, 587], [""냉장제품"", 1392, 43, 869], [""0-10C"", 1420, 25, 883], [""340g(280kcal9%"", 1440, 58, 560], [""냉창보관"", 1437, 30, 886], [""Maeil"", 252, 47, 138], [""0219F1"", 592, 35, 339], [""딸기요거로"", 638, 46, 347], [""바이오"", 368, 148, 1], [""LGG."", 180, 29, 352], [""국내유일"", 171, 24, 425], [""독점공급"", 198, 27, 424], [""Maeil"", 252, 49, 137], [""PR OB IO T I C"", 482, 35, 77], [""02.19F1"", 592, 36, 337], [""딸기요거트"", 639, 46, 348], [""车京界/85gx47起"", 698, 26, 292], [""340g280kca,9%"", 720, 38, 277], [""바이오"", 369, 150, 0]]"
001553,2019,02,01,2019-02-01,fail,"0 | LGG LGG LGG. LGG. GG 국내유일 국내유일 국내유일 국내유일 국내유일 | PR OB 독정공급 독점공급 독점공급 특정공리 독정공급 | ¶ Maeil Maeil Maeil Maeil Maeil | 바이오 바이오 바이오 바이오 바이오 바이오 바영스륨 SS8/옥 바이오 Maeil LGG 독점공급 국내유일 | 340g(280kcal799 P RO BIO T IC PROBIOTIC P R O B IO T I C P-ROIB-FOTILC P-ROIB-FOTILC 舌车然京号/85g×47 Maeil ×SS8/ | 딸기 요거트 2.19F1 02.19F1 02.19F1 02.19升F1 02.19F1 02.19MF1 A9ZA FL GG | 헤어A 舌享然京号/85g×47 舌享然京号/85g×47 车号/85g×4718 号/85g×47 받기요거트 딸기요거트 딸기요거트 딸기 요거트 딸기요거트 딸기요거트 에I어A 독정공급 국내유일 | 34.g259kcal.719% 340g(280kcal,9% 340g(280kcal,9% 340g(280kcal,71996 340g(280kcal,799 바이오 | PR O B-LOTIC | 02.19升人F1 | 딸기 요거트 | 냉장제용 | 340g(280kcal,9%","[[""LGG"", 98, 22, 324], [""국내유일"", 90, 23, 386], [""독정공급"", 108, 21, 387], [""Maeil"", 152, 39, 132], [""바이오"", 228, 106, 13], [""P R O B IO T I C"", 305, 35, 74], [""02.19F1"", 372, 29, 309], [""딸기 요거트"", 404, 34, 317], [""号/85g×47"", 444, 25, 264], [""340g(280kcal,71996"", 460, 27, 253], [""LGG"", 98, 21, 323], [""국내유일"", 89, 24, 385], [""독정공급"", 108, 21, 386], [""Maeil"", 152, 39, 130], [""바이오"", 229, 130, 0], [""P RO BIO T IC"", 304, 36, 74], [""02.19升F1"", 372, 30, 307], [""딸기요거트"", 404, 35, 316], [""车号/85g×4718"", 444, 25, 263], [""340g(280kcal,799"", 460, 29, 253], [""바이오"", 200, 397, 359], [""0"", 64, 21, 257], [""PR OB"", 138, 125, 318], [""Maeil"", 188, 113, 467], [""340g(280kcal799"", 320, 134, 165], [""舌车然京号/85g×47"", 326, 125, 183], [""딸기 요거트"", 377, 119, 220], [""2.19F1"", 377, 114, 254], [""GG"", 356, 39, 534], [""독정공급"", 418, 63, 522], [""국내유일"", 417, 62, 541], [""헤어A"", 445, 390, 169], [""×SS8/"", 315, 128, 431], [""SS8/옥"", 196, 26, 252], [""바영스륨"", 236, 35, 201], [""에I어A"", 414, 109, 253], [""LGG."", 98, 22, 325], [""국내유일"", 90, 20, 387], [""독점공급"", 108, 21, 387], [""Maeil"", 151, 42, 131], [""바이오"", 229, 112, 13], [""P-ROIB-FOTILC"", 305, 36, 74], [""02.19F1"", 372, 29, 308], [""딸기요거트"", 404, 36, 317], [""舌享然京号/85g×47"", 445, 26, 264], [""340g(280kcal,9%"", 460, 25, 254], [""LGG."", 98, 22, 325], [""국내유일"", 90, 20, 387], [""독점공급"", 108, 21, 387], [""Maeil"", 151, 42, 131], [""바이오"", 229, 112, 13], [""P-ROIB-FOTILC"", 305, 36, 74], [""02.19F1"", 372, 29, 308], [""딸기요거트"", 404, 36, 317], [""舌享然京号/85g×47"", 445, 26, 264], [""340g(280kcal,9%"", 460, 25, 254], [""국내유일"", 180, 43, 772], [""LGG"", 196, 42, 649], [""독점공급"", 214, 36, 775], [""Maeil"", 304, 69, 267], [""바이오"", 456, 255, 0], [""PR O B-LOTIC"", 610, 63, 157], [""02.19升人F1"", 744, 54, 623], [""딸기 요거트"", 808, 62, 637], [""냉장제용"", 882, 37, 782], [""340g(280kcal,9%"", 920, 49, 509], [""¶"", 154, 6, 148], [""A9ZA FL"", 372, 31, 333], [""받기요거트"", 404, 41, 314], [""바이오"", 228, 102, 15], [""국내유일"", 90, 20, 387], [""GG"", 100, 15, 337], [""특정공리"", 108, 21, 387], [""PROBIOTIC"", 305, 36, 74], [""02.19MF1"", 372, 30, 311], [""딸기요거트"", 404, 38, 315], [""34.g259kcal.719%"", 459, 29, 253], [""Maeil"", 152, 39, 132], [""바이오"", 228, 105, 16]]"
001563,NONE,NONE,NONE,NONE,fail,머허료쩌 자간비 자가비 자가비 자간비 자간비 자가비 Jagabee agatee agatee Jagabee 자가비 짧짤한맛 짧짤한맛 짧짤한맛 짧짤한맛 짭짤한맛 짧짤한맛 IOPEN 짧짤한맛 | A취급주의 :제품 개봉시 손이 베지 않도록 주의하시기 바랍니다. 스취급주의 :제품 개봉시 손이 베지 않도록 주의하시기 바랍니다. A취급주의:제품 개봉시 손이 베지 않도록 주의하시기 바랍니다. A취급주의:제품 개봉시 손이 베지 않도록 주의하시기 바랍니다. A취급주의:제품 개봉시 손이 베지 않도록 주의하시기 바랍니다. Jagabee 22 자가비 | lA 1Z 1X IOPEN IOPEN [OPEN IOPEN IOPEN IOPEN A취급주의 :제품 개봉시 손이 베지 않도록 주의하시기 바랍니다 | NODDC 짧짤한맛 | .:4? ::8:8 28888：47 A취급주의:제품 개봉시 손이 베지 않도록 주의하시기 바랍니다. | IOPEN | 머료 IA {Z{X | 제. 까지 .12:47,"[[""자간비"", 68, 61, 108], [""짧짤한맛"", 70, 61, 369], [""IOPEN"", 345, 36, 42], [""Jagabee"", 102, 16, 180], [""A취급주의 :제품 개봉시 손이 베지 않도록 주의하시기 바랍니다."", 330, 29, 177], [""자가비"", 68, 74, 101], [""짧짤한맛"", 71, 82, 359], [""Jagabee"", 101, 20, 179], [""A취급주의:제품 개봉시 손이 베지 않도록 주의하시기 바랍니다."", 329, 32, 174], [""[OPEN"", 344, 39, 39], ["".:4?"", 644, 86, 117], [""IOPEN"", 100, 112, 483], [""자가비"", 209, 188, 751], [""A취급주의 :제품 개봉시 손이 베지 않도록 주의하시기 바랍니다"", 378, 403, 499], [""짧짤한맛"", 460, 187, 748], [""머허료쩌"", 146, 183, 43], [""22"", 306, 348, 611], [""lA 1Z 1X"", 404, 197, 39], [""NODDC"", 506, 109, 327], [""머료"", 774, 66, 52], [""IA {Z{X"", 776, 60, 302], [""자간비"", 68, 59, 109], [""짧짤한맛"", 70, 62, 368], [""agatee"", 102, 11, 185], [""A취급주의:제품 개봉시 손이 베지 않도록 주의하시기 바랍니다."", 330, 28, 178], [""IOPEN"", 346, 34, 42], [""자간비"", 68, 59, 109], [""짧짤한맛"", 70, 62, 368], [""agatee"", 102, 11, 185], [""A취급주의:제품 개봉시 손이 베지 않도록 주의하시기 바랍니다."", 330, 28, 178], [""IOPEN"", 346, 34, 42], [""자가비"", 137, 126, 217], [""짧짤한맛"", 141, 132, 732], [""Jagabee"", 203, 36, 360], [""A취급주의:제품 개봉시 손이 베지 않도록 주의하시기 바랍니다."", 660, 51, 355], [""IOPEN"", 691, 61, 104], [""제."", 1290, 147, 245], ["".12:47"", 1268, 61, 759], [""까지"", 1311, 58, 758], [""자가비"", 69, 58, 110], [""짧짤한맛"", 70, 60, 369], [""IOPEN"", 345, 30, 41], [""::8:8"", 645, 58, 134], [""자가비"", 69, 59, 109], [""짭짤한맛"", 70, 57, 370], [""스취급주의 :제품 개봉시 손이 베지 않도록 주의하시기 바랍니다."", 330, 29, 177], [""IOPEN"", 346, 33, 41], [""28888：47"", 645, 63, 132]]"
001564,NONE,NONE,NONE,NONE,fail,자간비 자가비 자간비 자간비 자가비 자 가비 자간비 짭짤한맛 짧짤한맛 짭짤한맛 짭짤한맛 짧짤한맛 짧짤한맛 짭짤한맛 | 머옮료표 2 [OPEN fgmte | [OPEN OPEN [OPEN [OPEN OPEN 428:88.85:47 A취급주의:제품 개봉시 손이베지않도록주의하시기바랍니다. A취급주의:제품 개봉시 손이 베지 않도록 주의하시기 바합니다. A취급주의:제품 개봉시 손이 베지 않도록 주의하시기 바합니다. 4취급주의:제품 개봉시 손이 베지 않도록 주의하시기 바랍니다. 소 휘급주의 :제품 개봉시 손이 베지 않도록 주의하시기 바랍니다. 자간비 | lA 1Z {X OPEN ::8:담트- 4 제2::4? 제2::4? 434:28:83:85 7:47 4취급주의:제품 개봉시 손이베지 않도록 주의하시기 바랍니다. NadO→ 짭짤한맛 A취급주의:제품 개봉시 손이 베지 않도록 주의하시기 바랍니다 | NadO: | 머옮료쩌 lA {2 {X | 제종워깔:음:8음:음트 4?,"[[""자간비"", 35, 50, 139], [""짭짤한맛"", 46, 54, 414], [""OPEN"", 239, 32, 47], [""4취급주의:제품 개봉시 손이 베지 않도록 주의하시기 바랍니다."", 240, 42, 193], [""자가비"", 34, 62, 135], [""짭짤한맛"", 46, 59, 410], [""[OPEN"", 238, 35, 45], [""A취급주의:제품 개봉시 손이베지않도록주의하시기바랍니다."", 240, 45, 189], [""4"", 476, 79, 112], [""[OPEN"", 108, 121, 386], [""428:88.85:47"", 302, 366, 135], [""자간비"", 243, 201, 581], [""4취급주의:제품 개봉시 손이베지 않도록 주의하시기 바랍니다."", 404, 424, 378], [""짭짤한맛"", 510, 193, 568], [""머옮료표"", 130, 193, 19], [""lA 1Z {X"", 401, 204, 12], [""NadO:"", 530, 116, 221], [""2"", 166, 53, 164], [""NadO→"", 402, 34, 472], [""머옮료쩌"", 594, 55, 35], [""lA {2 {X"", 606, 52, 295], [""자간비"", 34, 51, 139], [""짧짤한맛"", 46, 54, 413], [""[OPEN"", 239, 32, 47], [""A취급주의:제품 개봉시 손이 베지 않도록 주의하시기 바합니다."", 240, 42, 191], [""제2::4?"", 476, 71, 117], [""자간비"", 34, 51, 139], [""짧짤한맛"", 46, 54, 413], [""[OPEN"", 239, 32, 47], [""A취급주의:제품 개봉시 손이 베지 않도록 주의하시기 바합니다."", 240, 42, 191], [""제2::4?"", 476, 71, 117], [""자간비"", 69, 104, 281], [""짭짤한맛"", 94, 99, 830], [""fgmte"", 118, 25, 429], [""A취급주의:제품 개봉시 손이 베지 않도록 주의하시기 바랍니다"", 480, 77, 386], [""OPEN"", 479, 56, 125], [""제종워깔:음:8음:음트"", 944, 109, 244], [""4?"", 960, 101, 731], [""자 가비"", 35, 42, 146], [""짧짤한맛"", 46, 55, 413], [""::8:담트-"", 476, 59, 121], [""자가비"", 35, 48, 141], [""짭짤한맛"", 46, 53, 413], [""OPEN"", 239, 28, 50], [""소 휘급주의 :제품 개봉시 손이 베지 않도록 주의하시기 바랍니다."", 240, 42, 194], [""434:28:83:85 7:47"", 476, 62, 120]]"
001566,2020,04,23,2020-04-23,det5,STRING | [U0abel] | 23 APR 2020 | KCM 12 15:54 | EXTRA SHARP YELLO 24 CRACKER Cracker | CU 址：2019 6개월 동안 숙성된 깊은 <크래프트>의프리 USA NO.,"[[""STRING"", 117, 106, 26], [""[U0abel]"", 168, 24, 47], [""23 APR"", 324, 42, 361], [""2020"", 320, 35, 489], [""KCM 12"", 351, 35, 360], [""15:54"", 348, 35, 496], [""Cracker"", 619, 481, 145], [""EXTRA SHARP YELLO"", 671, 570, 0], [""24"", 453, 132, 86], [""CRACKER"", 666, 349, 91], [""6개월 동안 숙성된 깊은"", 889, 141, 415], [""<크래프트>의프리"", 889, 140, 443], [""CU"", 889, 118, 111], [""USA NO."", 900, 117, 479], [""址：2019"", 932, 53, 391]]"
001598,2021,03,07,2021-03-07,clahe,No.1 통합1등기업 앨소시지용베이면 | 대민민국  소시지베이 동기 7+2012.01-2018.12）号小 | 21 02 01 12 048 | 21.03.07 D 까지 | FB4 | 짠 맛을 줄여 | 안심 | Down | 100%,"[[""No.1"", 172, 74, 166], [""앨소시지용베이면"", 187, 43, 301], [""7+2012.01-2018.12）号小"", 216, 77, 154], [""통합1등기업"", 206, 57, 287], [""대민민국  소시지베이 동기"", 215, 48, 155], [""21 02 01 12 048"", 276, 59, 199], [""21.03.07"", 288, 42, 197], [""FB4"", 294, 21, 136], [""D 까지"", 312, 35, 332], [""짠 맛을 줄여"", 417, 67, 187], [""안심"", 463, 75, 193], [""Down"", 501, 31, 216], [""100%"", 618, 24, 257]]"
001636,2024,01,05,2024-01-05,rot90,224:1:-05:32 유동기한 | 까지 부터 | 오리온,"[[""유동기한"", 67, 67, 300], [""224:1:-05:32"", 158, 207, 246], [""까지"", 276, 27, 249], [""부터"", 278, 30, 264], [""오리온"", 374, 119, 284]]"
001640,2021,02,NONE,2021-02-NONE,s2,estia | 리이 얼아나어 있니요? | 플리 72 mg | 7305336 | 2021 02 | 9242365 0 | OTHER,"[[""2021"", 488, 29, 171], [""9242365"", 507, 33, 166], [""estia"", 348, 20, 147], [""리이 얼아나어 있니요?"", 400, 30, 173], [""플리"", 417, 24, 174], [""72 mg"", 425, 23, 268], [""7305336"", 450, 27, 31], [""02"", 494, 19, 269], [""0"", 511, 12, 339], [""OTHER"", 528, 23, 49]]"
001644,2021,10,16,2021-10-16,s2,EXP:16.10.2021 41 | 010610316:42 | R | 88n | (OB,"[[""(OB"", 447, 66, 222], [""EXP:16.10.2021"", 264, 59, 203], [""010610316:42"", 287, 62, 201], [""41"", 290, 21, 492], [""R"", 332, 14, 191], [""88n"", 400, 25, 157]]"
001646,NONE,NONE,NONE,NONE,fail,,[]
001688,NONE,NONE,NONE,NONE,fail,2081 | F1 F1 UIR.I [Unble]] | 이a | [UUl | [Unel [Unbl] | ..J..! | F1,"[[""F1"", 587, 20, 222], [""F1"", 588, 23, 218], [""2081"", 403, 96, 378], [""이a"", 706, 201, 246], [""UIR.I"", 589, 20, 223], [""[Unble]]"", 585, 24, 341], [""[UUl"", 809, 36, 417], [""[Unel"", 838, 29, 314], [""[Unbl]"", 832, 36, 486], [""..J..!"", 1138, 34, 588], [""F1"", 1176, 38, 445]]"
001689,NONE,NONE,NONE,NONE,fail,B론RT U론RT U론RT BERTbPRE 은 | JL4 20그,"[[""B론RT"", 380, 39, 222], [""U론RT"", 380, 35, 225], [""U론RT"", 380, 35, 225], [""은"", 326, 159, 329], [""20그"", 700, 51, 711], [""JL4"", 725, 44, 583], [""BERTbPRE"", 366, 73, 218]]"
001693,2021,07,NONE,2021-07-NONE,rot90,자반 설탕 무첨가 | 2021.07 | 돌김자반을 맛있게즐기는방법 | 볶음밥과고소하게 40.5 1320g（80 떡국을 더 맛있게,"[[""자반"", 187, 320, 458], [""돌김자반을 맛있게즐기는방법"", 210, 311, 180], [""볶음밥과고소하게"", 136, 129, 67], [""40.5"", 161, 132, 0], [""1320g（80"", 181, 174, 19], [""설탕 무첨가"", 205, 206, 396], [""2021.07"", 279, 162, 287], [""떡국을 더 맛있게"", 295, 113, 62]]"
001748,2019,07,03,2019-07-03,erode3,총이라서 | O 행복한 | CHEILJEDANG | 손맛살린 DELL LICIOUS 콩 SOY 000 | 고소한두부 | 단단하게 늘러 고소한 두부의 맛은 살리고 따뜻할때 | 국산콩 진공포장하여 신선하고 폰득한 식감을 살했습니다. | 2019.06.16早8 | 2019.07.030 | 380g(399kcal) 제품명 :행복한콩 손맛살린 고소한두부 | 99.01%（,"[[""총이라서"", 97, 56, 595], [""O"", 180, 29, 599], [""CHEILJEDANG"", 206, 32, 179], [""000"", 234, 50, 718], [""DELL"", 240, 44, 568], [""LICIOUS"", 260, 56, 580], [""SOY"", 258, 28, 694], [""단단하게 늘러 고소한 두부의 맛은 살리고 따뜻할때"", 534, 51, 312], [""국산콩"", 581, 60, 201], [""진공포장하여 신선하고 폰득한 식감을 살했습니다."", 573, 50, 312], [""제품명 :행복한콩 손맛살린 고소한두부"", 820, 50, 420], [""380g(399kcal)"", 846, 65, 210], [""99.01%（"", 878, 65, 419], [""행복한"", 152, 79, 571], [""콩"", 236, 105, 630], [""손맛살린"", 294, 135, 174], [""고소한두부"", 422, 177, 180], [""2019.06.16早8"", 726, 51, 226], [""2019.07.030"", 766, 45, 226]]"
001749,NONE,NONE,NONE,NONE,fail,(논)%.어6요 o o 라 라 A A 좋다 좋다 | C CMKYED CHEILJEDA CHEILJEDA CHEIJEDANG CHEILJEDANG 행복한 행복한 행복한 행볼한 행볼한 행복한 콩 콩 콩 콩 | 몸동모:음:웅주음 손맛살린 손맛살린 손맛살린 손맛살린 손맛살린 손맛살린 DELICIOUS DELICIOUS DELICIOUS DELICIOUS CiOUS 콩 콩 9 F0O1 F0O1 000: 콤이라서 좋다 | 국산콩 그등급 CHEILJEDANG 고소한두부 고소한두부 고소한두부 고소한두부 고소한두부 고소한두부 원공논 본을 손맛살린 몸뿔동모:금음:송주림증 (무논)%.이9요 행복한 | 389ka99% 럼터담구 1등급 1등급 1등급 1등급 그등급 국산콩 국산콩 국산콩 국산콩 국산콩 고소한두부 진공포장하여 신선하고 손득한 식감을 살했습니다. 진공포장하여 신선하고 손득한 식감을 살했습니다. 진공포장하여 신선하고 폰득한 식감을 살렸습니다. 진공포장하여 신선하고쏜득한 식감을 살했습니다 진공포장하이 신선하고 손특한 식감을 살했습니다. 단단하계 늘리 고소한 두부의 맛은 살리고따뜻할때 단단하계 늘리 고소한 두부의 맛은 살리고따뜻할때 단단하게 놓러고소한 두부의 맛은 살리고따뜻할때 단단하게 눌러 고소한 두부의 맛은 살리고 따뜻할때 단단하게 놓러 고소한 두부의 맛은 살리고 따뜻할때 손맛살린 DELICIOUS 콩 SOY FOOD | T 제품명:행복한콩 손맛살린 고소한두부 진공포장하여 신선하고 폰득한 식감을 살렸습니다. 단단하게놓러고소한 두부의 맛은 살리고 따뜻할때 본을 루럼터딛구 | 은 금금글 물:금루:금무물팀 국포동:남투:금북북팀 1:: 1:: :: 행복한 | 380g(99kcal) 380g(399kcal) 380g(399kcal) 380g(399kcal) 380g(399kcal 380g(399kd) 99.01% 99.01%（) 99.01%（) 99.01%（号 99.01%（) 99.01%（） 제품명 :행복한콩 손맛살린 고소한두부 제품명 :행복한콩 손맛살린 고소한두부 제품명 :형복한콩 손맛살린 고소한두부 제품명:행복한콩 손맛살린 고소한두부 제품명:행복한콩 손맛살린 고소한두부 3 SOY FOOD 0 고소한두부 | 1등급 단단하게 눌러 고소한 두부의 맛은 살리고 따뜻할 때 | 국산콩 진공포장하여 신선하고 쏜득한 식감을 살렸습니다. | 380g(399kcal) 제품명:행복한콩 손맛살린 고소한두부 | 99.01%（,"[[""행볼한"", 74, 94, 405], [""콩"", 122, 78, 463], [""DELICIOUS"", 140, 55, 412], [""손맛살린"", 189, 122, 133], [""고소한두부"", 264, 157, 147], [""1등급"", 362, 47, 168], [""국산콩"", 391, 50, 171], [""제품명:행복한콩 손맛살린 고소한두부"", 520, 69, 356], [""380g(399kcal)"", 560, 62, 205], [""99.01%（）"", 561, 60, 361], [""CHEILJEDANG"", 140, 33, 128], [""단단하게 눌러 고소한 두부의 맛은 살리고 따뜻할때"", 334, 77, 252], [""진공포장하여 신선하고 폰득한 식감을 살렸습니다."", 360, 73, 256], [""행복한"", 71, 92, 404], [""콩"", 123, 82, 461], [""DELICIOUS"", 140, 53, 413], [""CHEIJEDANG"", 141, 37, 127], [""손맛살린"", 188, 136, 124], [""고소한두부"", 262, 173, 137], [""그등급"", 361, 56, 165], [""단단하게 놓러 고소한 두부의 맛은 살리고 따뜻할때"", 332, 77, 252], [""국산콩"", 390, 55, 168], [""진공포장하여 신선하고쏜득한 식감을 살했습니다"", 358, 75, 256], [""::"", 480, 108, 201], [""제품명:행복한콩 손맛살린 고소한두부"", 520, 70, 354], [""380g(99kcal)"", 560, 71, 202], [""99.01%（)"", 561, 70, 356], [""9"", 143, 28, 518], [""손맛살린"", 277, 293, 389], [""고소한두부"", 366, 451, 296], [""국산콩"", 214, 90, 222], [""그등급"", 209, 82, 253], [""389ka99%"", 369, 334, 48], [""진공포장하여 신선하고 폰득한 식감을 살렸습니다."", 420, 324, 244], [""단단하게놓러고소한 두부의 맛은 살리고 따뜻할때"", 418, 335, 268], [""제품명:행복한콩 손맛살린 고소한두부"", 473, 236, 87], [""행복한"", 483, 156, 519], [""SOY FOOD"", 538, 60, 482], [""0"", 554, 20, 553], [""몸뿔동모:금음:송주림증"", 268, 318, 442], [""(무논)%.이9요"", 196, 173, 535], [""럼터담구"", 366, 283, 131], [""본을"", 430, 87, 335], [""T"", 500, 23, 103], [""(논)%.어6요"", 78, 64, 109], [""몸동모:음:웅주음"", 160, 105, 99], [""원공논"", 250, 50, 383], [""본을"", 278, 52, 390], [""루럼터딛구"", 452, 119, 224], [""은"", 519, 78, 120], [""3"", 528, 18, 490], [""o"", 34, 19, 441], [""라"", 31, 14, 457], [""A"", 29, 8, 474], [""좋다"", 31, 18, 488], [""행복한"", 74, 95, 404], [""콩"", 121, 80, 461], [""DELICIOUS"", 141, 52, 414], [""F0O1"", 119, 26, 530], [""CHEILJEDA"", 143, 24, 134], [""손맛살린"", 191, 116, 128], [""고소한두부"", 258, 184, 134], [""1등급"", 362, 49, 167], [""단단하계 늘리 고소한 두부의 맛은 살리고따뜻할때"", 334, 76, 253], [""국산콩"", 392, 53, 171], [""진공포장하여 신선하고 손득한 식감을 살했습니다."", 360, 75, 252], [""1::"", 483, 102, 207], [""제품명 :행복한콩 손맛살린 고소한두부"", 520, 65, 356], [""380g(399kcal)"", 560, 66, 204], [""99.01%（)"", 562, 63, 359], [""o"", 34, 19, 441], [""라"", 31, 14, 457], [""A"", 29, 8, 474], [""좋다"", 31, 18, 488], [""행복한"", 74, 95, 404], [""콩"", 121, 80, 461], [""DELICIOUS"", 141, 52, 414], [""F0O1"", 119, 26, 530], [""CHEILJEDA"", 143, 24, 134], [""손맛살린"", 191, 116, 128], [""고소한두부"", 258, 184, 134], [""1등급"", 362, 49, 167], [""단단하계 늘리 고소한 두부의 맛은 살리고따뜻할때"", 334, 76, 253], [""국산콩"", 392, 53, 171], [""진공포장하여 신선하고 손득한 식감을 살했습니다."", 360, 75, 252], [""1::"", 483, 102, 207], [""제품명 :행복한콩 손맛살린 고소한두부"", 520, 65, 356], [""380g(399kcal)"", 560, 66, 204], [""99.01%（)"", 562, 63, 359], [""좋다"", 62, 44, 970], [""콤이라서"", 70, 95, 851], [""행복한"", 144, 178, 820], [""콩"", 248, 139, 927], [""DELICIOUS"", 280, 95, 831], [""CHEILJEDANG"", 283, 60, 260], [""SOY FOOD"", 251, 114, 1019], [""손맛살린"", 378, 254, 258], [""고소한두부"", 522, 340, 280], [""1등급"", 722, 89, 338], [""단단하게 눌러 고소한 두부의 맛은 살리고 따뜻할 때"", 668, 137, 513], [""국산콩"", 784, 93, 345], [""진공포장하여 신선하고 쏜득한 식감을 살렸습니다."", 720, 133, 523], [""제품명:행복한콩 손맛살린 고소한두부"", 1044, 136, 706], [""380g(399kcal)"", 1120, 116, 415], [""99.01%（"", 1124, 112, 730], [""행복한"", 72, 76, 412], [""콩"", 124, 69, 466], [""금금글 물:금루:금무물팀"", 482, 81, 212], [""380g(399kd)"", 560, 64, 204], [""99.01%"", 562, 51, 359], [""손맛살린"", 190, 122, 133], [""고소한두부"", 262, 162, 144], [""C"", 113, 24, 126], [""000:"", 117, 31, 530], [""CMKYED"", 143, 28, 128], [""CiOUS"", 146, 24, 440], [""1등급"", 361, 47, 168], [""단단하게 놓러고소한 두부의 맛은 살리고따뜻할때"", 334, 77, 253], [""국산콩"", 391, 48, 173], [""진공포장하이 신선하고 손특한 식감을 살했습니다."", 360, 74, 257], [""국포동:남투:금북북팀"", 484, 85, 212], [""제품명 :형복한콩 손맛살린 고소한두부"", 520, 63, 356], [""380g(399kcal"", 560, 62, 205], [""99.01%（号"", 562, 65, 358], [""행볼한"", 74, 93, 406], [""콩"", 124, 72, 466], [""손맛살린"", 190, 119, 132], [""고소한두부"", 265, 164, 146]]"
001765,2031,07,08,2031-07-08,rot90,10/SEP/21 I 21:36 3 | h  | SR | 0920-6612-080731 | 82 | 8661 88h | 1 | 10(),"[[""10/SEP/21 I 21:36"", 215, 255, 274], [""3"", 133, 34, 487], [""h "", 593, 23, 352], [""SR"", 597, 17, 480], [""0920-6612-080731"", 651, 28, 372], [""82"", 664, 29, 489], [""8661"", 709, 14, 454], [""88h"", 699, 30, 489], [""1"", 721, 30, 489], [""10()"", 772, 32, 355]]"
001766,NONE,NONE,NONE,NONE,fail,"E | 10/SEP/21121:36 3 | FORMATION RC E 7-3268 RE OR CALL DNCAGO.IL60601 RAFT HEINZ FOODS COMPANY 3NOH myCONTAIN: TREE NUTS. mgcoNTAIN: TREE NUTS. canphs: PEANUT. hS: PEANUT. MORE! ON | COMPANT 110 . 109091031310 | CORN STARCH, XANTHAN GUM. | hs: PEANUT. | mgf coNTAIN: TREE NUTS. | I0FORMATION 10/SEP/21121:36 lel 10/SEP/21121:36 10/SEP/21121:36 10/SEP/21 121:36 10/SEP/21121:36 ORMCE 1773268 DNCAGO,IL60601 KRAFT HEINZ FOODS COMPANY KraftHeinz KraftHeinz PEANUT OIL, HONEY, CON KraftHeinz CNCAG0.IL60601 COMPANY RCT LCAEE | RE OR CALI 12 12 A A RAFT HEINZ FOODS COMPANY MA CONTAIN: TREE NUTS. canhs: PEANUT | 8747-3268 RE OR CALL | C E | 1000 | FORMATION. 10/SEP/21121:36 KraftHeinz ECORN STARCH, XANTHAN GUM. TS: PEANUTS SUGARPEANUT OIL, HONEY, COH SI ( 2 9 COMPAE | 미리","[[""mgcoNTAIN: TREE NUTS."", 225, 118, 286], [""KraftHeinz"", 376, 131, 263], [""10/SEP/21121:36"", 378, 41, 65], [""RAFT HEINZ FOODS COMPANY"", 238, 142, 267], [""hS: PEANUT."", 217, 62, 308], [""COMPANY"", 343, 52, 530], [""RC E"", 190, 41, 79], [""DNCAGO.IL60601"", 202, 70, 260], [""myCONTAIN: TREE NUTS."", 224, 120, 285], [""canphs: PEANUT."", 206, 84, 303], [""MORE!"", 182, 31, 331], [""FORMATION"", 221, 59, 61], [""7-3268"", 214, 43, 85], [""RE OR CALL"", 220, 56, 94], [""ON"", 232, 29, 370], [""PEANUT OIL, HONEY, CON"", 380, 145, 342], [""10/SEP/21121:36"", 378, 49, 62], [""10/SEP/21121:36"", 152, 174, 237], [""3"", 88, 10, 432], [""109091031310"", 266, 20, 402], [""E"", 92, 6, 263], [""CORN STARCH, XANTHAN GUM."", 302, 29, 200], [""hs: PEANUT."", 324, 23, 185], [""mgf coNTAIN: TREE NUTS."", 340, 26, 166], [""KRAFT HEINZ FOODS COMPANY"", 360, 27, 165], [""KraftHeinz"", 361, 31, 314], [""DNCAGO,IL60601"", 374, 18, 167], [""8747-3268"", 541, 29, 168], [""RE OR CALL"", 533, 24, 191], [""C E"", 551, 24, 169], [""1000"", 560, 18, 170], [""FORMATION."", 567, 26, 191], [""3NOH"", 232, 29, 278], [""110"", 267, 24, 279], [""10/SEP/21121:36"", 379, 42, 65], [""12"", 426, 15, 277], [""A"", 463, 30, 277], [""10/SEP/21121:36"", 379, 42, 65], [""12"", 426, 15, 277], [""A"", 463, 30, 277], [""I0FORMATION"", 420, 165, 121], [""ORMCE"", 384, 82, 160], [""1773268"", 404, 135, 168], [""CNCAG0.IL60601"", 405, 142, 519], [""RAFT HEINZ FOODS COMPANY"", 471, 276, 538], [""MA CONTAIN: TREE NUTS."", 446, 223, 578], [""canhs: PEANUT"", 412, 155, 609], [""RCT"", 362, 42, 647], [""LCAEE"", 361, 34, 671], [""RE OR CALI"", 440, 113, 197], [""ECORN STARCH, XANTHAN GUM."", 556, 343, 649], [""TS: PEANUTS SUGARPEANUT OIL, HONEY, COH SI"", 674, 559, 668], [""KraftHeinz"", 754, 250, 532], [""("", 694, 100, 759], [""COMPAE"", 682, 87, 1066], [""2"", 690, 14, 811], [""9"", 708, 13, 858], [""10/SEP/21121:36"", 756, 77, 133], [""미리"", 797, 26, 820], [""lel"", 379, 48, 63], [""COMPANT"", 274, 56, 275], [""."", 267, 8, 301], [""KraftHeinz"", 377, 125, 266], [""10/SEP/21 121:36"", 378, 45, 64]]"
001769,2021,12,22,2021-12-22,clahe,C LOTTE | 더욱 달콤하고 바삭해진 | 엄마손 파이 달콤한 선물이 가득! | 21.12.22T 롯데제과 | 까지 facebook,"[[""C LOTTE"", 195, 44, 81], [""더욱 달콤하고 바삭해진"", 252, 50, 170], [""엄마손"", 359, 194, 114], [""파이"", 445, 38, 298], [""달콤한 선물이 가득!"", 452, 37, 582], [""롯데제과"", 488, 40, 609], [""21.12.22T"", 504, 37, 167], [""facebook"", 528, 43, 571], [""까지"", 530, 19, 501]]"
001776,2021,04,05,2021-04-05,clahe,"R Seasoning Powder, | Sauce,Chili Powder | 05 04 2021 | CKR A2 32 05 | It Noodles | J | Noodles | autées YenNoedels NOUILLES SAUTE DRY NOODLES","[[""R"", 82, 17, 362], [""Seasoning Powder,"", 80, 19, 490], [""Sauce,Chili Powder"", 94, 21, 490], [""05 04 2021"", 156, 31, 427], [""CKR A2 32 05"", 184, 28, 405], [""It Noodles"", 300, 62, 33], [""J"", 484, 35, 71], [""Noodles"", 558, 98, 44], [""NOUILLES SAUTE"", 631, 81, 259], [""DRY NOODLES"", 637, 106, 297], [""YenNoedels"", 630, 71, 44], [""autées"", 608, 56, 67]]"
001787,NONE,NONE,NONE,NONE,fail,r.Oetker | usnu | ueireeuonepurseq eqaey sualsepulm Hier offnen Hier offnen Hier öffnen Hier offinen Hier öffnen Jasnur | DnCetker Dr.Oetker Dr0etker Dr.Oetker Dr.Oetker Dr.Oetker Honeys Knusper VITALIS VITAUIS VITAUIS VITAUIS VITALIS VITALIS VITAUIS G G TIIS 1220L3101 12.20L3101 12.20 L3101 12.20L3101 12.20L3101 12.20 L3101 | K 3 Hier öffnen Mindestens halthar bis Ende Monatilane Mindestens haltbar bis Ende: Monat/lahr Mindestens haltbar bis Ende: Monat/lahr Mindestens haltbar bis Ende: Monat/iahr Mindestens haltbar bis Ende: Monat/iahr | Knusper Knusper Knusper Knusper Knusper Knusper Hier öffnen | musli musi müsli müsli musli | TIRIS Honeys Honeys Honeys Honeys Honeys Honeys Jadsnuy | Dr.0etker Mindestens haltbar bis Ende: Monat/lan 12.20 L3101 VITALIS 12.20L3101 | Mindestens haltbar bis Ende: Monat lahs | Knusper | musli | Honeys,"[[""Hier öffnen"", 212, 26, 369], [""12.20L3101"", 338, 35, 596], [""VITALIS"", 378, 155, 222], [""Dr.Oetker"", 383, 48, 2], [""Knusper"", 470, 71, 259], [""musli"", 505, 34, 288], [""Honeys"", 532, 54, 335], [""Mindestens haltbar bis Ende: Monat/lahr"", 373, 30, 565], [""Hier öffnen"", 211, 26, 369], [""12.20 L3101"", 337, 42, 592], [""VITALIS"", 376, 169, 215], [""Dr.Oetker"", 382, 61, 0], [""Mindestens haltbar bis Ende: Monat/lahr"", 373, 32, 563], [""Knusper"", 469, 82, 254], [""musli"", 503, 39, 292], [""Honeys"", 530, 59, 332], [""r.Oetker"", 110, 181, 269], [""VITALIS"", 355, 299, 218], [""Knusper"", 354, 189, 169], [""Honeys"", 407, 146, 115], [""Hier öffnen"", 416, 95, 451], [""K"", 448, 61, 171], [""3"", 436, 15, 360], [""Mindestens haltbar bis Ende: Monat/lan"", 702, 265, 285], [""12.20 L3101"", 695, 200, 317], [""ueireeuonepurseq eqaey sualsepulm"", 242, 270, 358], [""TIRIS"", 591, 292, 303], [""Jadsnuy"", 594, 180, 435], [""usnu"", 170, 25, 581], [""Jasnur"", 204, 71, 504], [""TIIS"", 296, 151, 448], [""Hier offnen"", 212, 25, 370], [""G"", 308, 19, 425], [""12.20L3101"", 340, 35, 596], [""VITAUIS"", 380, 152, 215], [""Dr.Oetker"", 384, 47, 2], [""Mindestens haltbar bis Ende: Monat/iahr"", 374, 33, 566], [""Knusper"", 470, 71, 260], [""müsli"", 504, 41, 289], [""Honeys"", 533, 56, 335], [""Hier offnen"", 212, 25, 370], [""G"", 308, 19, 425], [""12.20L3101"", 340, 35, 596], [""VITAUIS"", 380, 152, 215], [""Dr.Oetker"", 384, 47, 2], [""Mindestens haltbar bis Ende: Monat/iahr"", 374, 33, 566], [""Knusper"", 470, 71, 260], [""müsli"", 504, 41, 289], [""Honeys"", 533, 56, 335], [""Hier öffnen"", 423, 50, 740], [""12.20L3101"", 676, 59, 1197], [""VITALIS"", 756, 324, 449], [""Dr.0etker"", 766, 83, 14], [""Mindestens haltbar bis Ende: Monat lahs"", 748, 51, 1134], [""Knusper"", 944, 136, 523], [""musli"", 1009, 60, 586], [""Honeys"", 1064, 99, 676], [""1220L3101"", 339, 38, 594], [""DnCetker"", 383, 51, 3], [""Knusper"", 472, 68, 261], [""Honeys"", 532, 58, 333], [""VITAUIS"", 378, 160, 219], [""Hier offinen"", 212, 29, 368], [""12.20 L3101"", 338, 36, 595], [""Dr0etker"", 383, 49, 3], [""Mindestens halthar bis Ende Monatilane"", 373, 28, 565], [""Knusper"", 470, 72, 260], [""musi"", 504, 29, 292], [""Honeys"", 532, 57, 333], [""VITAUIS"", 377, 163, 221]]"
001788,2020,12,01,2020-12-01,fail,etker | Honeys Hier offnen Hier offnen VITALIS snuy | 3 Hier offnen SIVIS | etker etker aker etker atker etiker VTALIS VTAIS VITALIS VTALIS VITALIS VITALIS 12.20L3101 1220 L3101 1220 L310 1 12.20L3101 12.20L3101 12.20L3101 | SIMLN Mindesters halsar bs Esde Morat/an Madstresasrbatte Ueurn Mindesters tathar bs Ende Morat/ar Mindestens tatar bs Ende Menat/ab Mindestens tatar bs Ende Menat/ab | musl müsli müsli Knusper Knusper Knusper Knusper Knusper Knusper ar bs Ende: Mo 12.20L3101 | Heneys Honeys Hoheys Hoheys Honeys Honeys Her ffen | etker VITALIS 12.20 L310 | Mindesters halther bs Ende: Monat/ar | Knusper | mus | Honeys,"[[""Hier offnen"", 224, 31, 212], [""12.20L3101"", 326, 46, 377], [""VTALIS"", 386, 155, 121], [""Mindesters tathar bs Ende Morat/ar"", 358, 47, 359], [""etiker"", 404, 51, 38], [""Knusper"", 473, 80, 156], [""musl"", 507, 34, 185], [""Honeys"", 527, 62, 214], [""Hier offnen"", 224, 33, 212], [""12.20L3101"", 326, 50, 375], [""VTALIS"", 387, 175, 106], [""Mindesters halsar bs Esde Morat/an"", 358, 45, 359], [""etker"", 404, 57, 33], [""Knusper"", 466, 108, 151], [""Honeys"", 526, 61, 212], [""etker"", 80, 83, 209], [""VITALIS"", 215, 248, 164], [""Hier offnen"", 247, 70, 399], [""Honeys"", 268, 107, 81], [""3"", 268, 11, 320], [""12.20L3101"", 448, 143, 290], [""ar bs Ende: Mo"", 478, 79, 271], [""SIMLN"", 423, 230, 304], [""snuy"", 168, 79, 343], [""SIVIS"", 254, 160, 310], [""12.20L3101"", 326, 47, 376], [""VITALIS"", 386, 141, 133], [""Mindestens tatar bs Ende Menat/ab"", 358, 48, 361], [""etker"", 404, 52, 16], [""Knusper"", 474, 79, 157], [""müsli"", 506, 40, 183], [""Hoheys"", 528, 63, 214], [""12.20L3101"", 326, 47, 376], [""VITALIS"", 386, 141, 133], [""Mindestens tatar bs Ende Menat/ab"", 358, 48, 361], [""etker"", 404, 52, 16], [""Knusper"", 474, 79, 157], [""müsli"", 506, 40, 183], [""Hoheys"", 528, 63, 214], [""Her ffen"", 448, 60, 426], [""12.20 L310"", 652, 85, 755], [""VITALIS"", 773, 326, 242], [""Mindesters halther bs Ende: Monat/ar"", 716, 84, 724], [""etker"", 807, 100, 73], [""Knusper"", 948, 154, 317], [""mus"", 1016, 47, 380], [""Honeys"", 1056, 114, 433], [""1220 L310 1"", 324, 49, 375], [""aker"", 402, 49, 33], [""Knusper"", 473, 76, 161], [""Heneys"", 529, 61, 213], [""VTAIS"", 387, 167, 116], [""1220 L3101"", 325, 49, 375], [""Madstresasrbatte Ueurn"", 358, 47, 360], [""atker"", 404, 53, 37], [""Knusper"", 474, 77, 158], [""Honeys"", 528, 65, 213], [""VITALIS"", 388, 159, 119]]"
001797,2019,10,10,2019-10-10,up2x,191010N HERSHEY | RICH CHOCOLATE CAKE 28.28 부터 | 까지,"[[""HERSHEY"", 336, 639, 0], [""191010N"", 244, 215, 12], [""RICH CHOCOLATE CAKE"", 632, 84, 76], [""28.28"", 689, 108, 1217], [""부터"", 666, 75, 1741], [""까지"", 750, 73, 1733]]"
001805,2020,11,09,2020-11-09,clahe,"롯데제과 | 8""801062""014675 | 고객지원센터 | 20.02.10 부터 080-024-6060 | 20.11.09 DA 수신자요금부담 | 까지 aiip.//www.lottee","[[""롯데제과"", 208, 51, 677], [""8\""801062\""014675"", 257, 34, 156], [""고객지원센터"", 310, 45, 610], [""20.02.10"", 340, 49, 158], [""부터"", 344, 52, 523], [""080-024-6060"", 348, 29, 643], [""20.11.09"", 370, 41, 160], [""DA"", 372, 35, 421], [""수신자요금부담"", 371, 22, 692], [""까지"", 402, 45, 531], [""aiip.//www.lottee"", 406, 19, 633]]"
001816,2021,01,15,2021-01-15,rot90,"무(국산)53% 조리예 | 비닐류 21.01.15EIA | 제품은 ·개봉한 포장재질(내면):리드(P), 제조원(주터종합식품/ 아황산류 함 보관방법:냉장보관(0 (감미료) 제품명:하선정쌍무(새콤한맛 since1954D 하선정 한식명가 | ·페닐알러 제품은보 식품 | C | 6 | ㅎ n 350g | 2대두,밀혼입 냉장보관하시고 가금적떨리드시기 바랍니다. (산화방지제 (보존료). 【18.5g] 쌈무 내콤하게 만든 00%국산무로 | 1666-5471（） 080-850-1200 8013911027 새콤한 맛이 필요한 요리에 딱! 삼겹살,훈제오리 무말이 냉면 등","[[""무(국산)53%"", 180, 121, 269], [""조리예"", 137, 28, 306], [""21.01.15EIA"", 252, 179, 420], [""비닐류"", 198, 25, 220], [""하선정"", 284, 143, 523], [""제품명:하선정쌍무(새콤한맛"", 297, 134, 232], [""한식명가"", 282, 111, 577], [""포장재질(내면):리드(P),"", 292, 112, 98], [""제조원(주터종합식품/"", 292, 110, 123], [""아황산류 함 보관방법:냉장보관(0"", 315, 153, 164], [""since1954D"", 284, 95, 502], [""·개봉한"", 323, 44, 84], [""제품은"", 338, 41, 62], [""(감미료)"", 342, 39, 194], [""제품은보"", 354, 37, 87], [""·페닐알러"", 370, 37, 50], [""식품"", 372, 27, 242], [""쌈무"", 545, 402, 346], [""350g"", 482, 227, 269], [""C"", 401, 8, 95], [""00%국산무로"", 536, 283, 605], [""6"", 416, 8, 59], [""내콤하게 만든"", 546, 271, 537], [""ㅎ"", 433, 8, 182], [""냉장보관하시고 가금적떨리드시기 바랍니다."", 568, 172, 89], [""n"", 509, 28, 205], [""(보존료)."", 520, 36, 226], [""【18.5g]"", 543, 70, 288], [""(산화방지제"", 540, 45, 207], [""2대두,밀혼입"", 610, 56, 85], [""1666-5471（）"", 640, 87, 138], [""080-850-1200"", 636, 77, 156], [""8013911027"", 644, 98, 209], [""새콤한 맛이 필요한 요리에 딱!"", 682, 169, 292], [""삼겹살,훈제오리 무말이 냉면 등"", 692, 195, 320]]"
001831,2020,12,NONE,2020-12-NONE,s2,004CG4CB19BB_12/2020,"[[""004CG4CB19BB_12/2020"", 340, 40, 121]]"
001833,NONE,NONE,NONE,NONE,fail,마카드 마카다 마카다 마카다 마카다 마카다미 | 100% 마카다 | %00이 | 마카다 | 282:8382BLK26 | 거거터 | –– 100% 100% 100% 100% 0100% #3822:83.82 2822:83.82 ##282288:82BLK26 ##282288:82BLK26 :: u 2822:83.82BLK26 BUK26 BUK26 230g 230g 230g 230g 230g 309 | 230g | %001 | 거러터 | 3822:882 BUK26 230g | 100%,"[[""마카다"", 42, 77, 78], [""230g"", 390, 61, 488], [""BUK26"", 430, 43, 378], [""2822:83.82"", 450, 69, 224], [""100%"", 508, 56, 15], [""마카다미"", 44, 89, 72], [""230g"", 388, 65, 486], [""BUK26"", 427, 40, 392], [""#3822:83.82"", 451, 76, 219], [""100%"", 507, 60, 11], [""100%"", 94, 161, 105], [""마카다"", 169, 178, 560], [""282:8382BLK26"", 345, 253, 152], [""230g"", 540, 106, 222], [""거거터"", 458, 208, 0], [""%001"", 546, 158, 480], [""%00이"", 133, 54, 467], [""거러터"", 600, 82, 361], [""마카다"", 42, 81, 76], [""230g"", 390, 63, 487], [""##282288:82BLK26"", 444, 87, 220], [""100%"", 508, 56, 15], [""마카다"", 42, 81, 76], [""230g"", 390, 63, 487], [""##282288:82BLK26"", 444, 87, 220], [""100%"", 508, 56, 15], [""마카다"", 80, 151, 163], [""230g"", 779, 111, 981], [""BUK26"", 859, 70, 787], [""3822:882"", 892, 125, 518], [""100%"", 1016, 101, 35], [""마카드"", 44, 67, 80], [""309"", 386, 42, 513], ["":: u"", 444, 84, 223], [""––"", 513, 22, 40], [""마카다"", 42, 77, 79], [""230g"", 390, 59, 487], [""2822:83.82BLK26"", 444, 85, 222], [""0100%"", 508, 52, 17]]"
001834,2022,07,12,2022-07-12,det5,022.07-120 | 14,"[[""022.07-120"", 357, 50, 190], [""14"", 386, 32, 208]]"
001842,2021,05,20,2021-05-20,rot90,백포로주스 착줍 NFC T C WHITE GRAPE 100%JUICE MADE FOR CONSUMER No Brand | LE14715:20 05-2021(B）,"[[""MADE FOR CONSUMER"", 272, 219, 433], [""No Brand"", 269, 228, 455], [""WHITE GRAPE"", 283, 214, 179], [""백포로주스"", 278, 172, 59], [""NFC"", 280, 101, 124], [""100%JUICE"", 276, 101, 231], [""착줍"", 280, 79, 83], [""C"", 304, 27, 162], [""LE14715:20"", 398, 173, 581], [""T"", 340, 37, 153], [""05-2021(B）"", 392, 153, 621]]"
001843,2021,05,20,2021-05-20,rot90,NFC OR - MADE FOR CONSUMER No Brand | LE147 15:20 05-2021(B）,"[[""-"", 176, 68, 153], [""MADE FOR CONSUMER"", 253, 192, 267], [""No Brand"", 249, 196, 280], [""NFC"", 272, 77, 63], [""OR"", 291, 35, 105], [""LE147 15:20"", 360, 156, 362], [""05-2021(B）"", 350, 136, 388]]"
001848,2021,11,18,2021-11-18,erode5,NO | 2WAHERROL | 인도니스이 | 바닐라향 웨이퍼롤 | L | ENP12021/11/18 | 18K107,"[[""NO"", 49, 90, 132], [""인도니스이"", 436, 22, 226], [""바닐라향 웨이퍼롤"", 470, 50, 211], [""L"", 498, 5, 226], [""ENP12021/11/18"", 600, 33, 141], [""18K107"", 629, 30, 273], [""2WAHERROL"", 394, 76, 241]]"
001850,2021,12,16,2021-12-16,det5,WAFERROLL | 인도네시이 | 초코 웨이퍼를 N319 부의이 | #달콩 바삭 스티웨이퍼 #노브렌드#수마트건습어 이마트을 115g（575kca)/07.42% | EXP2021/1216 랜드가아니다.소비자다 No Brand | 18L110,"[[""WAFERROLL"", 366, 74, 239], [""인도네시이"", 418, 37, 161], [""초코 웨이퍼를"", 463, 72, 150], [""N319"", 466, 48, 447], [""부의이"", 487, 27, 470], [""#노브렌드#수마트건습어 이마트을"", 498, 23, 146], [""115g（575kca)/07.42%"", 510, 36, 345], [""#달콩 바삭 스티웨이퍼"", 510, 17, 145], [""EXP2021/1216"", 618, 31, 84], [""No Brand"", 616, 24, 324], [""18L110"", 642, 31, 214], [""랜드가아니다.소비자다"", 630, 16, 325]]"
001851,2016,11,10,2016-11-10,s2,WAFERROLL | 인도네시이 | 초코 웨이퍼롤 N319 | EXP20211306 No Brand | 161110,"[[""WAFERROLL"", 242, 56, 227], [""인도네시이"", 274, 23, 163], [""초코 웨이퍼롤"", 305, 48, 154], [""N319"", 314, 29, 414], [""EXP20211306"", 408, 26, 91], [""No Brand"", 411, 19, 305], [""161110"", 426, 17, 207]]"
001853,2018,08,02,2018-08-02,s2,4891 | EXP: | 02 08 18,"[[""4891"", 364, 37, 276], [""08"", 408, 30, 351], [""18"", 422, 30, 428], [""EXP:"", 360, 27, 174], [""02"", 389, 26, 251]]"
001855,NONE,NONE,NONE,NONE,fail,oapesse | SPRAY SPRAY SPRAY SPRAY | G0TO G0K SPRAY | GOCON | COMPAGNAUE COMPAGNA UES COMPAGNAUEN SPRAY | TALAMAS TALANAS TALANASA GOCO | 182ON Z0C0Z7 i Ponte m ViaPomte  COMPAGNAAUIEN | 820773082 03030Bm 03030Broccsela 03030Broccsela 03030Brocoselar TALANAS | L20302 N0781 280-12023 www.sprapeg www.srakgkr SENZA 03030Brccosea | AGAS GAS GAS PA PA PR www.sprajegu 8077-087 182ON20807 COMPAGNAAUER | Daconsme nd BZNS SCR P 등 증을 03030Brccose SPRAY TALANASAA | SACCA SACCA SACCA SACCA GAS Vonte a | CON OLIO CON CON OL10 SENZA Sevizo conm MZO corSura 03030Brocosela | yd wwwsprayegu | ALIA SACCA Daconsumrpen Dcon Dacon  | 280-12023 280-12023 280±2123 280-22023 CON Sevizi consumaom | L20302N0781 L20302 N0781 L20302 N0781 L20312 N0781 sprayegern PR DELLENTE | IRA Daconsmpnm | 280-12023 | E di L20302 N0781 SACCA 마 | CON Sevizio consuraui | Daconmn  | 280-12023 | L20302 N0781,"[[""SPRAY"", 86, 35, 415], [""G0TO"", 108, 29, 485], [""COMPAGNAUEN"", 186, 57, 435], [""TALANASA"", 220, 53, 464], [""ViaPomte "", 247, 54, 457], [""03030Broccsela"", 272, 53, 433], [""www.srakgkr"", 305, 51, 450], [""SACCA"", 490, 27, 254], [""CON"", 512, 26, 263], [""OL10"", 536, 29, 262], [""Sevizo conm"", 524, 27, 473], [""Dcon"", 649, 52, 395], [""280-12023"", 688, 36, 287], [""L20302 N0781"", 720, 38, 282], [""등"", 480, 19, 484], [""SPRAY"", 86, 37, 414], [""COMPAGNA UES"", 186, 59, 433], [""TALAMAS"", 219, 50, 464], [""i Ponte m"", 245, 51, 457], [""03030Broccsela"", 271, 52, 432], [""PR"", 362, 28, 355], [""GAS"", 376, 59, 304], [""SACCA"", 488, 31, 252], [""CON"", 512, 29, 262], [""OLIO"", 535, 28, 260], [""ALIA"", 642, 35, 157], [""Dacon "", 647, 56, 392], [""280-12023"", 688, 40, 284], [""L20302 N0781"", 718, 41, 281], [""L20302 N0781"", 351, 128, 224], [""280-12023"", 344, 111, 253], [""SENZA"", 315, 44, 488], [""Daconsme nd"", 456, 121, 288], [""SPRAY"", 440, 44, 860], [""03030Brccose"", 478, 79, 670], [""182ON20807"", 368, 123, 704], [""8077-087"", 377, 107, 670], [""증을"", 437, 68, 470], [""182ON Z0C0Z7"", 240, 36, 306], [""820773082"", 272, 37, 325], [""SCR"", 472, 27, 405], [""SENZA"", 532, 83, 388], [""yd"", 598, 25, 337], [""SPRAY"", 86, 34, 417], [""G0K"", 108, 28, 487], [""COMPAGNAUE"", 184, 52, 436], [""TALANAS"", 219, 51, 465], [""03030Brocoselar"", 272, 50, 434], [""www.sprapeg"", 305, 46, 451], [""PA"", 362, 21, 359], [""AGAS"", 379, 68, 299], [""SACCA"", 490, 27, 254], [""CON"", 512, 26, 264], [""MZO corSura"", 522, 19, 488], [""Daconsumrpen"", 651, 46, 395], [""280-22023"", 688, 33, 291], [""L20302N0781"", 720, 38, 281], [""SPRAY"", 111, 39, 544], [""GOCON"", 142, 31, 636], [""COMPAGNAAUIEN"", 244, 78, 567], [""TALANAS"", 286, 68, 605], [""03030Brccosea"", 353, 64, 564], [""www.sprajegu"", 396, 67, 585], [""P"", 470, 22, 469], [""GAS"", 490, 71, 399], [""SACCA"", 636, 32, 334], [""CON"", 666, 34, 343], [""Sevizi consumaom"", 680, 35, 618], [""sprayegern"", 710, 33, 644], [""Daconsmpnm"", 842, 68, 515], [""280-12023"", 894, 41, 377], [""L20302 N0781"", 936, 44, 368], [""oapesse"", 47, 97, 916], [""SPRAY"", 171, 58, 836], [""GOCO"", 216, 59, 970], [""COMPAGNAAUER"", 376, 117, 873], [""TALANASAA"", 440, 91, 939], [""Vonte a"", 494, 97, 920], [""03030Brocosela"", 546, 95, 874], [""wwwsprayegu"", 611, 100, 903], [""PR"", 726, 65, 696], [""DELLENTE"", 824, 263, 749], [""IRA"", 872, 104, 294], [""E di"", 956, 91, 300], [""마"", 959, 42, 967], [""SACCA"", 980, 49, 512], [""CON"", 1026, 45, 530], [""Sevizio consuraui"", 1046, 48, 951], [""Daconmn "", 1295, 98, 793], [""280-12023"", 1376, 60, 582], [""L20302 N0781"", 1438, 61, 570], [""SPRAY"", 86, 35, 415], [""03030Bm"", 268, 38, 435], [""GAS PA"", 371, 74, 303], [""BZNS"", 428, 71, 298], [""SACCA"", 490, 28, 255], [""280±2123"", 688, 38, 288], [""L20312 N0781"", 720, 35, 283]]"
001856,NONE,NONE,NONE,NONE,fail,SPRAY SPRAY SPRAY SPRAY | COMPAGNAAUES COMPAGNAAUES COMPAGNAESI COMPAGNAAUES SPRAY | TALAMASAA TAUANAS TAUANAS TAUANASA | Via Pome  VaPorte a VaPorte a VaPomte em | 82077087 03030Brcoscan 03030Brcoscan 03030Brocosta 03030 Broccstar | taadsMMM www.sprajle www.sprejlen www.sprejlen www.sprajlegl VI | 응 GAS GAS GAS GAS PR PR COMPAGNAALE | SRNL plusiou SENZA LENTE OTTO GAS TTALANASAA | TRA TRA IRA IRA E di E di Edi A di L20302 N0781 28.0ct2023 SACCA SACCA SACCA SACCA CON Sevidocn 820772082 Va PonteTam | CON CON CON SENZA SPRAY 03030 Broccostan | Da consi'm 비d Da con Da con Daconm Da consmreel www.spra 03030Brocos Va Pote  COMPAGNAAI D www.sprajlege | ALTA ALTA sMm | BRO 0E0ED 280212023 28.0ct2023 28.0ct2023 280±2023 280±2023 | L20302 N0781 L20302 N0781 L20302N0781 L20302N0781 LEEIE NEPS1 | PR OELENTE | IRA | Edi SACCA Sevizocons | CON Intosprape | OLIO | Da consimare preteribli | RLLA | 280c12023 | L20302N0781,"[[""COMPAGNAAUES"", 112, 33, 361], [""TAUANASA"", 132, 33, 389], [""VaPomte em"", 150, 29, 386], [""03030 Broccstar"", 167, 24, 368], [""www.sprajlegl"", 188, 25, 385], [""GAS"", 254, 47, 266], [""LENTE"", 283, 50, 356], [""IRA"", 315, 39, 128], [""Edi"", 342, 35, 132], [""SACCA"", 336, 29, 225], [""Sevidocn"", 331, 29, 422], [""CON"", 350, 23, 237], [""Da consmreel"", 421, 48, 367], [""28.0ct2023"", 460, 38, 275], [""L20302 N0781"", 480, 41, 272], [""SPRAY"", 50, 21, 335], [""PR"", 241, 18, 308], [""SPRAY"", 49, 24, 333], [""COMPAGNAESI"", 111, 36, 360], [""TALAMASAA"", 130, 32, 389], [""Via Pome "", 148, 32, 384], [""03030Brocosta"", 166, 26, 367], [""www.sprajle"", 186, 29, 383], [""PR"", 240, 23, 305], [""GAS"", 254, 46, 265], [""A"", 327, 88, 118], [""SACCA"", 334, 31, 225], [""CON"", 349, 28, 235], [""Daconm"", 421, 47, 365], [""28.0ct2023"", 459, 41, 274], [""L20302 N0781"", 478, 45, 270], [""응"", 253, 66, 255], [""SENZA"", 276, 39, 319], [""GAS"", 290, 41, 365], [""L20302 N0781"", 332, 113, 138], [""28.0ct2023"", 326, 99, 163], [""SPRAY"", 359, 48, 582], [""03030Brocos"", 408, 75, 463], [""COMPAGNAAI"", 400, 78, 518], [""Da consi'm"", 399, 60, 199], [""www.spra"", 413, 48, 446], [""Va Pote "", 417, 62, 479], [""D"", 408, 28, 595], [""taadsMMM"", 217, 78, 175], [""SRNL"", 286, 38, 43], [""820772082"", 315, 100, 439], [""82077087"", 180, 37, 267], [""VI"", 190, 27, 451], [""OTTO"", 274, 26, 360], [""plusiou"", 294, 34, 153], [""SENZA"", 349, 60, 347], [""비d"", 400, 19, 310], [""sMm"", 452, 23, 177], [""BRO 0E0ED"", 474, 23, 182], [""SPRAY"", 52, 19, 337], [""COMPAGNAAUES"", 112, 33, 361], [""TAUANAS"", 132, 33, 389], [""VaPorte a"", 150, 31, 385], [""03030Brcoscan"", 167, 24, 368], [""www.sprejlen"", 188, 24, 385], [""GAS"", 255, 40, 268], [""TRA"", 315, 40, 127], [""E di"", 342, 39, 130], [""SACCA"", 336, 28, 226], [""CON"", 351, 22, 238], [""Da con"", 428, 25, 371], [""ALTA"", 450, 16, 157], [""280±2023"", 460, 39, 275], [""L20302N0781"", 480, 41, 273], [""SPRAY"", 52, 19, 337], [""COMPAGNAAUES"", 112, 33, 361], [""TAUANAS"", 132, 33, 389], [""VaPorte a"", 150, 31, 385], [""03030Brcoscan"", 167, 24, 368], [""www.sprejlen"", 188, 24, 385], [""GAS"", 255, 40, 268], [""TRA"", 315, 40, 127], [""E di"", 342, 39, 130], [""SACCA"", 336, 28, 226], [""CON"", 351, 22, 238], [""Da con"", 428, 25, 371], [""ALTA"", 450, 16, 157], [""280±2023"", 460, 39, 275], [""L20302N0781"", 480, 41, 273], [""SPRAY"", 99, 34, 672], [""COMPAGNAALE"", 224, 63, 723], [""TTALANASAA"", 262, 57, 785], [""Va PonteTam"", 298, 55, 774], [""03030 Broccostan"", 334, 41, 740], [""www.sprajlege"", 374, 51, 770], [""PR"", 484, 38, 608], [""OELENTE"", 542, 181, 665], [""IRA"", 628, 76, 256], [""Edi"", 686, 72, 263], [""SACCA"", 671, 48, 456], [""Sevizocons"", 662, 51, 848], [""CON"", 700, 41, 476], [""Intosprape"", 693, 67, 843], [""OLIO"", 731, 44, 477], [""Da consimare preteribli"", 840, 90, 737], [""RLLA"", 898, 55, 303], [""280c12023"", 920, 71, 552], [""L20302N0781"", 959, 72, 550], [""IRA"", 315, 36, 129], [""di"", 342, 31, 145], [""280212023"", 460, 39, 274], [""LEEIE NEPS1"", 480, 44, 273]]"
001859,NONE,NONE,NONE,NONE,fail,"포도만을 포도만을 얻 포도만을 엄전하가 만들었습니다 아가는최적의 환경 포도만을 엄신 에시 수확한 무이가것는최적의환경 거 만들있습니다. 확한 포도만을 엄전하가 맛들었습니다 세지 수확한 | *(루로양등)을 뜻합니다. (기후양 등)을 뜻합니다. (기후,토양 등)을 뜻합니다. · (기후,토양 등)을 뜻합니다. (기후,토양 등)을 뜻합니다. 물이는친적이한경 | 제품이 아닙니다.) 제품이 아닙니다.) 제품이 아닙니다.) 당수입하여국에서용가에소 량수입하여국내서용기에소분는 | 신선함을 유지해줍니다. 신선함을 유지해줍니다 신선함을 유지해줍니다 ·유리럼이사스를처단하여처음그로의 제품이 아닙니다.) 량수입하여 국내에서용기에소분한 | 식품유형 품유형 기타식물성 유지 기타식물성유지 [유통기한 하단 표시일7 유통기한하단표시일까지 ·리럼이소차단하여음그대로의 | 재료영 신선함을 유지해줍니다 제품이 아닙니다.) | 307:8 / 조원 식품주식회 사 이전공장 8 N+ /: ·유리병이상스차단하여처음그때로의 | 포장사질 용가 유리 나면몰리 에틸린 신선함을 유지해줍니다. | ( 10 801005964012 시 수 이나 상은에 ‘'루면'원 분에으거교등보상을을수합습내 www.fontanastyle.com© ) 탄수화물 Y 영양정보 080996 식품유형 기타 식물성 유지 타식물성유지 신선함을 유지해줍니다. 제품이 아닙니다.) 유통기한 하단표시일까지 표도만을 엄신하 | 0 .. 고객지원실 요금은 생표가 부답합니다) 고객지원실(요금은 생표가 부담합니다) 0806-T 단백질 Q080-996-7 080-996-1 %0 bwo 지이해보관결으로이고되고 사용뚜을꼭야시하고그늘곳에보관하신시오 H Reined Gapeseed 만들었습니다 | %000 영영상 영양정보 영양정보 영양정보 cX? %0bu 500mL（1g=1.08ml） 500mL(1g=1.08ml） 500mL(1g=1.08ml） 100 g0900kcal 100 g8900 cal 100 g8900kcal 당류 0g 0% 100 g0900 cal 전력 수 있으나 상온에 투면 원상태로 돌아오며,품질는 전화 이랑 500mL(1g=1.08ml 소 | E Omg 0% 00 星量0mg0%含量0g0%0g0% L星号0mg0%E含量0g0%异0g0% N폰타니 로 % 800 T 车时0g0%日 00% TO2070 습니다.품신는국버이3본은치 품주식 이천공경도시법면이다로 | %00%000 1 1% 贴100185%三人 E랜스방 0Q 10185%不g14g8%  으보을수 상을 받을 수 있습 | 를 Umg0% 智0mg0%0g0% 0mg0%#00% 단백질 0g0% 원리 뚜정나면 폴리어털린 반품및 고환체 수입탄원갑 | 으 고객지원실 (요금은 생표가 부담합니다) Q080-996-7 | www.fontanastyle.com www.fontanastyle.com lo.com ww.fontanatyle.com fN타 © f f N 폰다나 N 폰타나 그늘진 곳 | PRR Ur PR 00709 PR M79 PRW7 영양정보 500mL（1g=1.08ml） 100g900kcal | 2 2122/07/08 2022707708 量0mg0%空宝量00%异0g0% 맺효 | 风做10：185%三人大0g不赠14g9% 불량식품 품 신고는 국번었이 139 | 8801005""964012 ：801005964012 501005-964012 외캡:알마능/:P 외법:일능/ 외캡:일마능/:PP : :LDPE 내E:LOPE :LDE 0mg0%0g0% 일성분한은기준무로인의필에다다를수있요 소고결에의으로을을수있 우스이쉬 | ww.fontanastyle.comfN폰타나 고객지원실 (요금은 생표가 부담합니다) Q080-996-7m | ( 10 영양정보 500mL(1g=1.08mL) | 100g900kcal | 나트름 Omg 0% 含型号0g0%指异 0g0% | 8801005964012 10g185% 외캡:알미늄/라벨:PP 내캡:LDPE 트랜스지방 0g 포화지방 14g % | 클스를 0mg 0% 단백질 0q 0% | 성분기준한2기준므로무대를수영 | ww.fontanastyle.com f N폰타나 | 8801005964012 외캡: 알미늄/라월:PP :LDPE","[[""(기후,토양 등)을 뜻합니다."", 38, 35, 297], [""제품이 아닙니다.)"", 100, 34, 294], [""신선함을 유지해줍니다"", 142, 35, 291], [""품유형 기타식물성 유지"", 171, 31, 284], [""[유통기한 하단 표시일7"", 172, 31, 386], [""고객지원실(요금은 생표가 부담합니다)"", 398, 23, 279], [""Q080-996-7"", 400, 27, 405], [""영양정보"", 434, 39, 277], [""500mL(1g=1.08ml）"", 429, 26, 359], [""100 g8900kcal"", 448, 27, 423], [""星量0mg0%含量0g0%0g0%"", 470, 34, 277], [""贴100185%三人"", 492, 31, 277], [""智0mg0%0g0%"", 517, 36, 276], [""으"", 540, 32, 275], [""www.fontanastyle.com"", 565, 29, 276], [""f N 폰다나"", 566, 28, 426], [""PRW7"", 596, 48, 309], ["":LDE"", 714, 27, 440], [""외캡:일마능/:PP"", 726, 40, 416], [""포도만을 얻"", 10, 21, 296], [""©"", 568, 17, 413], [""포도만을 엄전하가 만들었습니다"", 12, 24, 292], [""에시 수확한"", 10, 26, 457], [""*(루로양등)을 뜻합니다."", 38, 37, 295], [""제품이 아닙니다.)"", 100, 36, 291], [""신선함을 유지해줍니다."", 142, 38, 288], [""기타식물성유지"", 171, 34, 302], [""유통기한하단표시일까지"", 174, 45, 380], [""식품유형"", 175, 30, 279], [""재료영"", 200, 18, 288], [""조원"", 224, 22, 285], [""식품주식회"", 242, 27, 325], [""사 이전공장"", 242, 25, 356], [""포장사질"", 269, 26, 279], [""용가"", 267, 22, 308], [""유리"", 266, 24, 322], [""나면몰리"", 266, 27, 355], [""에틸린"", 268, 25, 387], [""고객지원실 요금은 생표가 부답합니다)"", 396, 29, 276], [""080-996-1"", 401, 36, 402], [""영양정보"", 437, 40, 278], [""500mL(1g=1.08ml）"", 429, 28, 358], [""100 g0900kcal"", 448, 31, 420], [""E Omg 0%"", 468, 29, 277], [""车时0g0%日 00%"", 470, 32, 347], [""1 1%"", 492, 29, 275], [""E랜스방 0Q"", 493, 30, 347], [""를 Umg0%"", 514, 34, 274], [""단백질 0g0%"", 518, 30, 388], [""www.fontanastyle.com"", 564, 30, 275], [""f"", 566, 15, 434], [""N"", 566, 14, 458], [""폰타나"", 564, 23, 472], [""8801005\""964012"", 720, 43, 263], ["":LDPE"", 713, 28, 438], [""외캡:알마능/:P"", 725, 40, 415], [""801005964012"", 350, 148, 218], [""www.fontanastyle.com©"", 356, 164, 380], [""영양정보"", 313, 66, 506], [""080996"", 386, 217, 544], [""신선함을 유지해줍니다."", 352, 128, 800], [""제품이 아닙니다.)"", 346, 105, 845], [""표도만을 엄신하"", 336, 83, 939], [""타식물성유지"", 345, 50, 776], [""탄수화물"", 370, 39, 479], [""500mL(1g=1.08ml"", 425, 136, 519], [""Reined Gapeseed"", 418, 93, 745], ["".."", 397, 8, 322], [""단백질"", 408, 28, 433], [""만들었습니다"", 424, 76, 943], [""cX?"", 419, 14, 319], [""100 g0900 cal"", 458, 79, 499], [""H"", 414, 7, 622], [""당류 0g 0%"", 456, 59, 477], [""N폰타니"", 470, 55, 380], [""N+"", 254, 68, 552], [""/:"", 270, 95, 696], ["")"", 376, 123, 384], [""( 10"", 376, 105, 84], [""Y"", 346, 48, 479], [""%0 bwo"", 396, 35, 461], [""/"", 234, 38, 213], [""307:8"", 246, 22, 233], [""8"", 248, 10, 440], [""0"", 394, 13, 294], [""%000"", 440, 26, 260], [""%0bu"", 444, 23, 359], [""00"", 465, 28, 283], [""% 800"", 468, 25, 368], [""%00%000"", 488, 31, 235], [""( 10"", 860, 33, 329], [""아가는최적의 환경"", 27, 54, 289], [""포도만을"", 10, 19, 297], [""(기후양 등)을 뜻합니다."", 38, 35, 298], [""·"", 68, 65, 282], [""당수입하여국에서용가에소"", 84, 49, 288], [""·유리럼이사스를처단하여처음그로의"", 128, 59, 280], [""제품이 아닙니다.)"", 100, 35, 294], [""신선함을 유지해줍니다"", 143, 32, 292], [""수 이나 상은에"", 326, 21, 293], [""‘'루면'원"", 326, 23, 348], [""시"", 346, 9, 286], [""분에으거교등보상을을수합습내"", 366, 41, 290], [""0806-T"", 398, 35, 277], [""영양정보"", 431, 26, 280], [""500mL（1g=1.08ml）"", 429, 26, 358], [""영영상"", 444, 17, 285], [""100 g8900 cal"", 448, 27, 423], [""L星号0mg0%E含量0g0%异0g0%"", 470, 31, 278], [""10185%不g14g8%"", 494, 31, 278], [""0mg0%#00%"", 517, 34, 277], [""ww.fontanatyle.com fN타"", 566, 36, 273], [""PR M79"", 596, 48, 309], [""2022707708"", 628, 43, 313], [""：801005964012"", 721, 42, 264], [""내E:LOPE"", 714, 22, 441], [""외법:일능/"", 726, 36, 415], [""무이가것는최적의환경"", 36, 65, 396], [""포도만을 엄신"", 12, 28, 405], [""거 만들있습니다."", 13, 29, 515], [""확한"", 14, 27, 659], [""(기후,토양 등)을 뜻합니다."", 54, 43, 410], [""량수입하여국내서용기에소분는"", 115, 66, 395], [""·리럼이소차단하여음그대로의"", 176, 79, 387], [""제품이 아닙니다.)"", 137, 42, 403], [""신선함을 유지해줍니다"", 195, 42, 400], [""사용뚜을꼭야시하고그늘곳에보관하신시오"", 396, 53, 389], [""지이해보관결으로이고되고"", 421, 44, 382], [""전력 수 있으나 상온에 투면 원상태로 돌아오며,품질는 전화 이랑"", 448, 51, 381], [""습니다.품신는국버이3본은치"", 475, 56, 377], [""로"", 460, 12, 388], [""T"", 458, 11, 404], ["" 으보을수"", 500, 61, 376], [""TO2070"", 482, 13, 426], [""상을 받을 수 있습"", 502, 22, 560], [""고객지원실 (요금은 생표가 부담합니다)"", 543, 30, 382], [""Q080-996-7"", 547, 42, 552], [""영양정보"", 596, 60, 379], [""500mL（1g=1.08ml）"", 584, 35, 491], [""100g900kcal"", 612, 34, 579], [""量0mg0%空宝量00%异0g0%"", 642, 41, 380], [""风做10：185%三人大0g不赠14g9%"", 674, 46, 376], [""0mg0%0g0%"", 706, 45, 377], [""일성분한은기준무로인의필에다다를수있요"", 738, 39, 378], [""ww.fontanastyle.comfN폰타나"", 772, 46, 376], [""8801005964012"", 985, 52, 364], [""내캡:LDPE"", 974, 32, 603], [""외캡:알미늄/라벨:PP"", 992, 44, 572], [""포도만을 엄전하가 맛들었습니다"", 24, 50, 584], [""물이는친적이한경"", 53, 100, 581], [""세지 수확한"", 23, 51, 905], [""(기후,토양 등)을 뜻합니다."", 78, 62, 601], [""량수입하여 국내에서용기에소분한"", 170, 96, 576], [""제품이 아닙니다.)"", 202, 55, 591], [""·유리병이상스차단하여처음그때로의"", 258, 116, 556], [""신선함을 유지해줍니다."", 286, 59, 585], [""유통기한 하단표시일까지"", 347, 72, 769], [""식품유형 기타 식물성 유지"", 343, 56, 564], [""소"", 448, 15, 582], [""품주식 이천공경도시법면이다로"", 488, 79, 642], [""원리 뚜정나면 폴리어털린 반품및 고환체 수입탄원갑"", 535, 72, 658], [""그늘진 곳"", 578, 29, 790], [""맺효"", 658, 25, 805], [""불량식품"", 692, 26, 657], [""품 신고는 국번었이"", 692, 33, 694], [""139"", 696, 19, 816], [""소고결에의으로을을수있"", 738, 63, 574], [""우스이쉬"", 732, 28, 868], [""고객지원실 (요금은 생표가 부담합니다)"", 794, 42, 560], [""Q080-996-7m"", 802, 58, 813], [""영양정보"", 873, 86, 554], [""500mL(1g=1.08mL)"", 858, 41, 723], [""100g900kcal"", 897, 44, 848], [""나트름 Omg 0%"", 936, 46, 559], [""含型号0g0%指异 0g0%"", 941, 54, 702], [""10g185%"", 983, 46, 556], [""트랜스지방 0g"", 988, 49, 705], [""포화지방 14g %"", 991, 50, 865], [""클스를 0mg 0%"", 1030, 54, 554], [""단백질 0q 0%"", 1037, 46, 787], [""성분기준한2기준므로무대를수영"", 1080, 51, 555], [""ww.fontanastyle.com"", 1129, 52, 556], [""f N폰타나"", 1132, 51, 863], [""8801005964012"", 1442, 73, 535], ["":LDPE"", 1427, 44, 884], [""외캡: 알미늄/라월:PP"", 1452, 63, 839], [""PRR Ur"", 596, 43, 314], [""2"", 628, 40, 313], [""lo.com"", 567, 20, 362], [""501005-964012"", 722, 38, 272], ["":"", 726, 39, 418], [""PR 00709"", 596, 39, 312], [""2122/07/08"", 629, 36, 314]]"
001860,NONE,NONE,NONE,NONE,fail,보도민트 범이의 바니다 9 |     | 신선 유지 신선 유지해습 신선는 유지습니 신선는 유지습니 ·유리이 상 하하어 ·유리이 상 하하어 ·프람스지에 에 당아 | -물성유지 -물성유지 기의 하단되시일까 기의 하단일 | 제용이 하됩니다나 | 7 7 ·유리이 실움 단하여 음그 | 신신함는 유지해줍 | t어 nbe nbe 1 1 속통유스물싱유시 -기의 하단표일까서 | 11 3 고객자원실 (오은 병가 부담원재 고자원실 오은 가 부 영양정보 0 卫080-996-7 卫080-996-7 080-996-7 080-996-77 10% | 영양정보 966-080限 영양정보 영양정보 영양정보 영영정보 2객자원실 오금은 병가 부담재 4 #g500mg10） #g500mg10） 8500m1g=108m 8500m1gm10） 100g900kcal 100900kca 100g900kcal 100g900kcal 유지해줍니 EH | lbl EH 반주을 1 13 공부주식회사 이션 在0元 | EA EMA 1 | 12 -966-0802 0% 500 15 에 남아 더문 | www fontanastyle.com www fontarastyle.com rotyle com ww fontsrastyle.com ww fontsrastyle.com | PER PRR PRR 00 PRR00709 PRR 00709 0070 0070 00709 | 2122707708 2:22707708 2122/07708 2722/07708 2722/07708 | 8 801005 801005964012 801005964012 964012 | 고객자원실 모금은 생보가 부담합-대 080-996-77 | 영양정보 #8g500m（g=108m） 100g900kcal | 반주최을   | 트랜스재방 | 18 | www.fonterastyle.com ‘ | PRR·00709 | 2122/07/08 | 8801005964012,"[[""신선 유지해습"", 110, 25, 255], [""기의 하단되시일까"", 133, 30, 356], [""고자원실 오은 가 부"", 279, 22, 246], [""영양정보"", 304, 25, 252], [""100900kca"", 316, 23, 377], [""반주을"", 328, 20, 315], [""PRR00709"", 414, 39, 280], [""2122/07708"", 434, 29, 286], [""080-996-77"", 284, 24, 360], [""8500m1g=108m"", 302, 23, 321], [""lbl"", 324, 13, 252], [""EMA"", 344, 21, 313], [""1"", 330, 13, 362], [""0%"", 359, 14, 306], [""www fontarastyle.com"", 391, 27, 248], [""801005"", 493, 20, 256], [""964012"", 499, 18, 311], [""신선 유지"", 109, 26, 254], [""기의 하단일"", 133, 34, 353], [""고객자원실 (오은 병가 부담원재"", 279, 22, 247], [""080-996-7"", 284, 27, 359], [""영양정보"", 304, 28, 250], [""8500m1gm10）"", 301, 25, 321], [""100g900kcal"", 314, 21, 377], [""EA"", 344, 25, 312], [""13"", 330, 12, 366], [""1"", 346, 23, 385], [""15"", 362, 16, 392], [""www fontanastyle.com"", 391, 26, 248], [""00709"", 414, 40, 324], [""PER"", 412, 35, 281], [""2122707708"", 432, 35, 280], [""8"", 488, 11, 247], [""영양정보"", 280, 57, 323], [""2객자원실 오금은 병가 부담재"", 308, 106, 351], [""3"", 292, 9, 294], [""유지해줍니"", 322, 50, 525], [""EH"", 326, 18, 293], [""에 남아 더문"", 376, 69, 569], [""500"", 371, 16, 336], [""00"", 407, 12, 319], [""t어"", 244, 95, 87], [""966-080限"", 300, 179, 267], [""12"", 365, 36, 93], [""11"", 278, 14, 228], [""0"", 282, 18, 316], [""4"", 300, 19, 372], [""-966-0802"", 356, 23, 194], ["" "", 71, 37, 254], [""·유리이 상 하하어"", 100, 47, 244], [""신선는 유지습니"", 110, 23, 256], [""-물성유지"", 129, 26, 246], [""7"", 175, 10, 434], [""nbe"", 244, 65, 347], [""1"", 238, 17, 416], [""卫080-996-7"", 281, 34, 246], [""영양정보"", 304, 26, 252], [""#g500mg10）"", 302, 23, 320], [""100g900kcal"", 316, 23, 378], [""ww fontsrastyle.com"", 393, 30, 247], [""PRR"", 412, 39, 280], [""0070"", 414, 34, 326], [""2722/07708"", 434, 35, 283], [""801005964012"", 496, 27, 257], ["" "", 71, 37, 254], [""·유리이 상 하하어"", 100, 47, 244], [""신선는 유지습니"", 110, 23, 256], [""-물성유지"", 129, 26, 246], [""7"", 175, 10, 434], [""nbe"", 244, 65, 347], [""1"", 238, 17, 416], [""卫080-996-7"", 281, 34, 246], [""영양정보"", 304, 26, 252], [""#g500mg10）"", 302, 23, 320], [""100g900kcal"", 316, 23, 378], [""ww fontsrastyle.com"", 393, 30, 247], [""PRR"", 412, 39, 280], [""0070"", 414, 34, 326], [""2722/07708"", 434, 35, 283], [""801005964012"", 496, 27, 257], [""보도민트 범이의 바니다"", 40, 49, 514], [""9"", 50, 13, 867], [""·프람스지에 에 당아"", 122, 87, 493], [""·유리이 실움 단하여 음그"", 202, 92, 490], [""제용이 하됩니다나"", 162, 37, 522], [""신신함는 유지해줍"", 220, 40, 515], [""-기의 하단표일까서"", 264, 57, 684], [""속통유스물싱유시"", 258, 45, 494], [""10%"", 296, 77, 489], [""EH"", 322, 31, 510], [""공부주식회사 이션"", 350, 24, 541], [""在0元"", 356, 25, 719], [""고객자원실 모금은 생보가 부담합-대"", 558, 36, 498], [""080-996-77"", 568, 47, 726], [""영양정보"", 608, 50, 504], [""#8g500m（g=108m）"", 604, 38, 647], [""100g900kcal"", 632, 36, 760], [""반주최을"", 654, 40, 631], ["" "", 662, 34, 775], [""트랜스재방"", 686, 31, 633], [""18"", 725, 26, 794], [""www.fonterastyle.com"", 782, 43, 503], [""‘"", 790, 20, 783], [""PRR·00709"", 826, 68, 567], [""2122/07/08"", 868, 50, 576], [""8801005964012"", 990, 62, 488], [""영영정보"", 305, 22, 254], [""rotyle com"", 393, 18, 305], [""2:22707708"", 434, 32, 285], [""PRR 00709"", 413, 34, 284]]"
001864,2023,08,NONE,2023-08-NONE,det5,SIENTIA | LNERO DI SEPPIA | DESE | 044d8/2023 | 2  L2172 | 4 | 10%,"[[""SIENTIA"", 75, 28, 495], [""LNERO DI SEPPIA"", 312, 47, 108], [""044d8/2023"", 401, 54, 258], [""DESE"", 415, 24, 58], [""L2172"", 430, 41, 265], [""2 "", 460, 32, 53], [""4"", 559, 8, 59], [""10%"", 558, 10, 179]]"
001868,NONE,NONE,NONE,NONE,fail,"AES AES | BESL BY BESL BY BESTBYL2022 20 20 | 9ORNH | VMMRR() | 81 | BR9 皖ER29 RA스 RA스 8琴150 88150ml 88150ml 18150mm BESTBYJL2022 | 외포 인원 프Q스 (상경에프에스 (상경에프에스 1422236 | 2202181538 시당의1일까지 도시해당의1일까지 도시해당의1일까지 해당의 1일까지 BP04 | IBEST ESTBY (BESTBY) (BESTBY) | e e NLE)FEB2MAREAA NLE)FEB2MAREAA | ROU EMEAER | [Unnbe] [Unnbe] | 1-P 1-P N N | 라핫소스오리널 | 150ml | 이트원 상경에프에스 | HNE1026 | 경도트시 해당의 1일까지 | IBEST BY월 년스 | JNI2) FE32MAR3 T AS4) | 일 | tos SANE De ChaDSA | 피현고 사능션 | 31 13518-8389 | 8 원회 공진 조비자 | #40001399 | -,부영외포-PP","[[""BESTBYL2022"", 220, 44, 247], [""시당의1일까지"", 426, 46, 244], [""BR9"", 364, 17, 220], [""인원"", 386, 22, 217], [""프Q스"", 393, 35, 245], [""18150mm"", 390, 32, 315], [""ESTBY"", 435, 36, 246], [""皖ER29"", 364, 23, 219], [""8琴150"", 388, 30, 317], [""IBEST"", 427, 18, 248], [""해당의"", 426, 22, 289], [""1일까지"", 434, 25, 332], [""81"", 301, 20, 417], [""외포"", 346, 25, 4], [""ROU EMEAER"", 461, 46, 102], [""9ORNH"", 230, 45, 250], [""VMMRR()"", 247, 36, 301], [""2202181538"", 420, 44, 229], [""AES"", 56, 61, 284], [""BESL BY"", 214, 23, 251], [""20"", 226, 14, 368], [""RA스"", 368, 33, 216], [""(상경에프에스"", 394, 35, 248], [""88150ml"", 390, 32, 313], [""도시해당의1일까지"", 426, 47, 245], [""(BESTBY)"", 435, 37, 246], [""e"", 446, 24, 207], [""NLE)FEB2MAREAA"", 458, 55, 240], [""[Unnbe]"", 484, 16, 210], [""1-P"", 618, 47, 219], [""N"", 619, 16, 359], [""AES"", 56, 61, 284], [""BESL BY"", 214, 23, 251], [""20"", 226, 14, 368], [""RA스"", 368, 33, 216], [""(상경에프에스"", 394, 35, 248], [""88150ml"", 390, 32, 313], [""도시해당의1일까지"", 426, 47, 245], [""(BESTBY)"", 435, 37, 246], [""e"", 446, 24, 207], [""NLE)FEB2MAREAA"", 458, 55, 240], [""[Unnbe]"", 484, 16, 210], [""1-P"", 618, 47, 219], [""N"", 619, 16, 359], [""BESTBYJL2022"", 439, 82, 496], [""BP04"", 454, 23, 501], [""1422236"", 480, 77, 606], [""라핫소스오리널"", 722, 95, 436], [""이트원"", 768, 44, 431], [""상경에프에스"", 788, 59, 503], [""150ml"", 780, 57, 637], [""HNE1026"", 820, 81, 501], [""경도트시 해당의 1일까지"", 851, 82, 492], [""IBEST BY월 년스"", 870, 67, 494], [""JNI2) FE32MAR3 T AS4)"", 916, 100, 484], [""일"", 987, 18, 482], [""tos SANE De ChaDSA"", 1097, 104, 463], [""피현고 사능션"", 1126, 46, 534], [""8"", 1145, 18, 506], [""원회"", 1158, 39, 537], [""31"", 1138, 9, 569], [""13518-8389"", 1158, 40, 605], [""공진 조비자"", 1172, 37, 585], [""#40001399"", 1227, 56, 528], [""-,부영외포-PP"", 1250, 59, 525]]"
001880,2024,09,01,2024-09-01,clahe,30672# | 손스 | OTHER | 202409-01,"[[""손스"", 343, 74, 322], [""30672#"", 325, 30, 427], [""202409-01"", 398, 60, 128], [""OTHER"", 374, 29, 365]]"
001881,2021,06,20,2021-06-20,fail,NI | BEST IF ST I USED BEST IF USED BY BEST IF USED BY BEST IF USED BY USEDE BY 09:46:00 | 2021JUN20 2021JUN20 2021 JUN 20 2021JUN20 2021JUN20 2671W32KA5 267 1W32K A5 2671W32KA.5 267 1W32K A5 2671W32KA5 2671W32KA5 2021JUN20 BEST IF USED | 09:4E:00 09:4i:00 09:46:00 09:46:00 NIIA BEST IF USED BY | 2021JUN20 | AFATIN' ARFATIN' AREATIN' AEATIN' AAEATIN' MEATIN' 2671W32KA5 BEST IF USED BY | B0ACC0 09:4e:00 2021JUN20 | 2671W32KA.5 | AAFATIN' 09:4:00 | AAEATIN',"[[""BEST IF USED BY"", 284, 35, 260], [""2021JUN20"", 327, 34, 259], [""2671W32KA.5"", 369, 39, 257], [""09:46:00"", 405, 39, 252], [""AEATIN'"", 536, 188, 13], [""BEST IF"", 284, 36, 260], [""USEDE"", 282, 33, 357], [""BY"", 285, 22, 459], [""2021JUN20"", 326, 39, 257], [""2671W32KA5"", 368, 39, 255], [""09:4E:00"", 405, 40, 250], [""AFATIN'"", 536, 206, 1], [""NI"", 136, 250, 322], [""09:46:00"", 310, 111, 536], [""2671W32KA5"", 358, 200, 572], [""2021JUN20"", 356, 195, 609], [""BEST IF USED"", 362, 203, 658], [""MEATIN'"", 574, 238, 447], [""NIIA"", 425, 184, 468], [""B0ACC0"", 633, 36, 283], [""BEST IF USED BY"", 285, 34, 260], [""2021JUN20"", 327, 42, 258], [""2671W32KA5"", 368, 39, 255], [""09:4i:00"", 406, 37, 251], [""AAEATIN'"", 538, 189, 17], [""BEST IF USED BY"", 443, 56, 405], [""2021JUN20"", 510, 59, 403], [""2671W32KA5"", 574, 57, 400], [""09:4e:00"", 631, 55, 392], [""AAFATIN'"", 836, 296, 25], [""BEST IF USED BY"", 570, 66, 523], [""2021JUN20"", 655, 64, 520], [""2671W32KA.5"", 737, 68, 514], [""09:4:00"", 810, 65, 507], [""AAEATIN'"", 1072, 407, 5], [""ST I USED"", 284, 33, 265], [""2021 JUN 20"", 328, 35, 260], [""267 1W32K A5"", 369, 43, 256], [""ARFATIN'"", 535, 182, 15], [""BEST IF USED BY"", 284, 40, 261], [""2021JUN20"", 327, 35, 260], [""267 1W32K A5"", 369, 40, 257], [""09:46:00"", 406, 42, 251], [""AREATIN'"", 536, 185, 14]]"
001882,2020,09,04,2020-09-04,rot90,NIIE | 2671W32KA.5 BEST IF USED B 2021JUN20 09:4E:00,"[[""NIIE"", 117, 200, 216], [""09:4E:00"", 278, 104, 347], [""2671W32KA.5"", 320, 185, 362], [""2021JUN20"", 320, 171, 394], [""BEST IF USED B"", 342, 208, 419]]"
001899,NONE,NONE,NONE,NONE,fail,"7-30-00-30 | - | 12026200N38 (70 US  인 2 2일 BBE:NOU 29 2021 BBENOU 29 2021 BBE:NOU 29 2021 BBE:NOU29 2021 PRNOY IE BBE:NOU29 202 | P | BBE:NOU 29 2021 | unbl 품명고 품명후롯를있고 부정·불식신는번8/ 부정,   |   | 수입업M원 수입원울시강구 수입관대원의크에 시울시 강남구 위 돌코리아 시울시 강남구 | 12026200N38 0 120 | e Teerd  nb BBE:NOU292021 | AFBAWAH ABAMAR | AG- -AG- -NAG PEA | 188 8ca 31kca A-MDEC- -MO-DC-2 -NO-DEC-2 [nlbe | [Unabel A A스N정 인 1 | 1 파민 보건방법 | [ | 제품명후릇바를망고 ·부정·불량식품신는국번없이3 ·제품은공정거고 | 식품의유형과· 체가공품 | 수입판매원유 돌코리아/서울시 강남구 ·제품은 복를시 | 511204 서 | Dde Thdlnd d | JAN1FB2WAR-3AR-4 | M-AG-8 | C-A M-DEC-20 | a ·부정불량식품신고는국없이 | 제품명후릇바를 망고 ·복품은공정 | 식품의유형 과·치가공품 ( 해결기준에의거보상들을수요니다 | [Unbe 수입판매원 위 돌코리아서울시 강남구 ·본제품은 복이를한 | 511（1204 | e Teend d 가 | JAN-1FB-22VAR-31APR-41 | MA-AUG-8 BE  | POCT-10NO-DEC-12 | 666g387kcal | 로명 | (수)","[[""BBE:NOU 29 2021"", 335, 34, 307], [""품명후롯를있고"", 559, 40, 243], [""부정·불식신는번8/"", 557, 58, 434], [""수입관대원의크에 시울시 강남구"", 600, 42, 253], ["" "", 576, 55, 436], [""ABAMAR"", 677, 30, 307], [""-AG-"", 694, 30, 310], [""8ca"", 723, 44, 271], [""-MO-DC-2"", 711, 31, 312], [""A"", 746, 29, 316], [""nb"", 664, 17, 533], [""1"", 759, 21, 337], [""파민"", 762, 11, 423], [""보건방법"", 760, 11, 451], [""BBE:NOU29 2021"", 334, 39, 305], [""품명고"", 558, 40, 239], ["" "", 578, 45, 241], [""수입업M원"", 594, 36, 248], [""위 돌코리아 시울시 강남구"", 602, 35, 293], [""0"", 620, 32, 298], [""AFBAWAH"", 676, 32, 305], [""AG-"", 692, 31, 308], [""188"", 716, 29, 272], [""-NO-DEC-2"", 710, 25, 329], [""31kca"", 725, 30, 310], [""A스N정 인"", 745, 24, 319], [""BBE:NOU29 202"", 378, 142, 607], [""12026200N38"", 341, 144, 315], [""7-30-00-30"", 250, 33, 271], [""-"", 284, 32, 284], [""(70 US "", 338, 29, 302], [""PRNOY IE"", 360, 42, 321], [""P"", 401, 38, 374], [""12026200N38"", 625, 36, 266], [""BBE:NOU 29 2021"", 336, 35, 306], [""unbl"", 539, 64, 0], [""부정,"", 556, 59, 434], [""수입원울시강구"", 600, 44, 251], [""e Teerd "", 638, 47, 253], [""120"", 622, 30, 300], [""-NAG"", 694, 32, 309], [""A-MDEC-"", 710, 32, 310], [""PEA"", 711, 45, 439], [""[nlbe"", 728, 30, 448], [""1"", 744, 18, 453], [""["", 783, 28, 444], [""BBE:NOU 29 2021"", 494, 49, 451], [""제품명후릇바를망고"", 824, 49, 362], [""식품의유형과· 체가공품"", 853, 61, 367], [""·부정·불량식품신는국번없이3"", 819, 80, 644], [""수입판매원유 돌코리아/서울시 강남구"", 884, 60, 373], [""·제품은공정거고"", 848, 86, 643], [""Dde Thdlnd d"", 939, 68, 374], [""511204"", 916, 40, 444], [""·제품은 복를시"", 905, 74, 644], [""서"", 928, 80, 644], [""JAN1FB2WAR-3AR-4"", 997, 39, 455], [""M-AG-8"", 1022, 45, 457], [""C-A M-DEC-20"", 1046, 47, 459], [""a"", 1064, 55, 402], [""[Unbe"", 1184, 45, 419], [""("", 1174, 37, 663], [""BBE:NOU292021"", 670, 58, 620], [""제품명후릇바를 망고"", 1118, 62, 500], [""식품의유형"", 1150, 63, 498], [""·부정불량식품신고는국없이"", 1112, 103, 876], [""과·치가공품"", 1162, 52, 566], [""수입판매원 위 돌코리아서울시 강남구"", 1198, 75, 506], [""·복품은공정"", 1151, 110, 875], [""해결기준에의거보상들을수요니다"", 1189, 104, 882], [""511（1204"", 1243, 50, 602], [""e Teend d"", 1274, 90, 508], [""·본제품은 복이를한"", 1228, 93, 877], [""가"", 1292, 111, 875], [""JAN-1FB-22VAR-31APR-41"", 1352, 55, 615], [""MA-AUG-8"", 1386, 56, 621], [""POCT-10NO-DEC-12"", 1420, 57, 624], [""666g387kcal"", 1450, 49, 619], [""BE "", 1418, 89, 882], [""로명"", 1488, 56, 552], [""(수)"", 1593, 49, 899], [""인 2 2일"", 334, 36, 306], [""[Unabel"", 745, 22, 281], [""BBENOU 29 2021"", 336, 37, 306]]"
001900,2032,03,15,2032-03-15,clahe,BEE:NOU 29 2021 | ·무장 | 150332 | UN | LALI,"[[""BEE:NOU 29 2021"", 239, 39, 268], [""·무장"", 386, 13, 419], [""150332"", 396, 12, 289], [""LALI"", 519, 12, 305], [""UN"", 512, 16, 338]]"
001911,2021,05,21,2021-05-21,erode3,"otal Fat 1g | Ssiturated Fat On | iranafa on | Cholestensl | Sodium 5mg | Total C:rb 15g | Dietary Fiber 2y | Total Sugars 10g | Incl Og Added Sugars | Protein <1g Notasg source cil | VitDOmcg 0%·Carium104mg4% | IronOmg0%·Pois140mg20% | VitC23mg45% | NGHECENIS | ECR PROOUCIS CO FPEMONM | Cenrided rgenic by Dregen TR | 21MAY2021,1319 | 014251591P 03","[[""otal Fat 1g"", 28, 58, 132], [""Ssiturated Fat On"", 68, 67, 136], [""iranafa on"", 94, 56, 144], [""Cholestensl"", 122, 35, 134], [""Sodium"", 160, 32, 135], [""5mg"", 161, 34, 215], [""Total C:rb 15g"", 196, 37, 140], [""Dietary Fiber 2y"", 233, 38, 156], [""Total Sugars 10g"", 270, 34, 165], [""Incl Og Added Sugars"", 306, 35, 178], [""Protein <1g"", 343, 34, 153], [""Notasg"", 334, 21, 323], [""source cil"", 352, 17, 320], [""VitDOmcg 0%·Carium104mg4%"", 402, 39, 161], [""IronOmg0%·Pois140mg20%"", 437, 44, 165], [""VitC23mg45%"", 475, 36, 165], [""NGHECENIS"", 508, 21, 165], [""ECR PROOUCIS CO FPEMONM"", 559, 49, 166], [""Cenrided rgenic by Dregen TR"", 592, 41, 171], [""014251591P"", 712, 32, 204], [""03"", 704, 29, 369], [""21MAY2021,1319"", 679, 60, 198]]"
001912,2021,05,01,2021-05-01,det5,Total Fat 1g % Daily Value | Saturated Fat Og 3% | TramsFat og | Cholesterol mg 영양정보 | Sodium 5mg | otal C: rb'50 1E0/ | Dietary Fiber 29 | Total Sugars 10g | Incl Og Added Sugars | Protein <1g Not a signitcame source ol protein | - | VitD0mcg0%Calcium10.4mg4% - | Iron Omg 0% PO s140mg20% | VitC23mg45% | NGREBENTS: IC PEARS - | SCORBIC ACIO) BERER PRDUCTS CO.FREMONTS ORGAIC UIME SUCE GUREATRE | Cerisied Organic by Oregen-Tith | C1MAY2021 | 014251591P 03,"[[""Total Fat 1g"", 48, 45, 75], [""% Daily Value"", 47, 36, 201], [""Saturated Fat Og"", 75, 42, 87], [""3%"", 72, 21, 258], [""TramsFat og"", 93, 36, 98], [""Cholesterol mg"", 114, 41, 86], [""영양정보"", 114, 24, 317], [""Sodium"", 138, 30, 93], [""5mg"", 137, 26, 167], [""otal C: rb'50"", 160, 38, 107], [""1E0/"", 168, 22, 285], [""Dietary"", 186, 31, 118], [""Fiber 29"", 182, 28, 184], [""Total Sugars 10g"", 208, 36, 127], [""Incl Og Added Sugars"", 231, 38, 143], [""Not a signitcame"", 246, 21, 273], [""Protein <1g"", 260, 33, 124], [""source ol protein"", 258, 21, 273], [""-"", 264, 20, 368], [""-"", 276, 21, 369], [""VitD0mcg0%Calcium10.4mg4%"", 294, 44, 134], [""s140mg20%"", 312, 30, 284], [""Iron Omg 0%"", 324, 32, 142], [""PO"", 317, 18, 259], [""VitC23mg45%"", 346, 34, 144], [""NGREBENTS:"", 368, 19, 152], [""IC PEARS"", 361, 18, 248], [""-"", 360, 29, 382], [""SCORBIC ACIO)"", 393, 20, 158], [""ORGAIC UIME SUCE GUREATRE"", 383, 36, 221], [""BERER PRDUCTS CO.FREMONTS"", 398, 52, 153], [""Cerisied Organic by Oregen-Tith"", 422, 42, 157], [""C1MAY2021"", 483, 32, 194], [""03"", 492, 25, 344], [""014251591P"", 502, 35, 196]]"
001916,2021,06,24,2021-06-24,det5,EXP JUN 24 2021 | 영양정보 | 100 | 0ma | 99 | 24 여여 | kca,"[[""EXP JUN 24 2021"", 210, 45, 247], [""영양정보"", 372, 35, 164], [""0ma"", 413, 35, 192], [""99"", 430, 29, 210], [""100"", 438, 35, 463], [""24"", 462, 13, 190], [""여여"", 486, 33, 242], [""kca"", 543, 13, 315]]"
001924,2022,01,21,2022-01-21,hires,ODAIRE | 2022.01.21X 구운캐슈네 | (국 41100%300833,"[[""ODAIRE"", 388, 35, 751], [""2022.01.21X"", 812, 45, 334], [""구운캐슈네"", 908, 225, 222], [""41100%300833"", 1054, 149, 252], [""(국"", 1100, 164, 251]]"
001925,NONE,NONE,NONE,NONE,fail,CASHEWNU Roasted Roasted | AEWNUT COSHEWNUT | 인도산 구운캐슈네 구운캐슈나 구운캐슈너 구운캐슈네 구운캐슈네 구운캐슈네 구운캐슈너 | ONMEHS E100% 트남인도 (외국산베 (외국산베 115100%309803 1+100% 3008 1+100% 3008 인도산) | 구운캐슈네 0121天 | (외국산트남산) 个100%300%,"[[""구운캐슈너"", 478, 120, 176], [""CASHEWNU"", 88, 185, 107], [""Roasted"", 50, 97, 276], [""구운캐슈네"", 475, 155, 161], [""E100%"", 546, 53, 191], [""인도산)"", 581, 28, 427], [""구운캐슈네"", 359, 376, 94], [""인도산"", 449, 57, 47], [""ONMEHS"", 535, 141, 89], [""구운캐슈네"", 478, 133, 174], [""1+100% 3008"", 551, 72, 186], [""(외국산베"", 572, 66, 185], [""구운캐슈네"", 478, 133, 174], [""1+100% 3008"", 551, 72, 186], [""(외국산베"", 572, 66, 185], [""COSHEWNUT"", 175, 371, 217], [""Roasted"", 92, 163, 564], [""구운캐슈네"", 953, 277, 329], [""0121天"", 858, 60, 621], [""个100%300%"", 1102, 138, 377], [""(외국산트남산)"", 1146, 131, 375], [""AEWNUT"", 112, 129, 280], [""구운캐슈나"", 476, 122, 178], [""구운캐슈너"", 477, 121, 178], [""115100%309803"", 551, 49, 216], [""트남인도"", 574, 39, 250]]"
001937,2015,12,26,2015-12-26,rot180,C3F/R/BH | W AH | SHO | 논N | (EIO) | CAA | 8200-Z-8 151226 asdnpa,"[[""C3F/R/BH"", 178, 20, 423], [""W"", 194, 13, 330], [""AH"", 192, 15, 465], [""SHO"", 226, 16, 150], [""논N"", 309, 20, 324], [""(EIO)"", 325, 12, 181], [""CAA"", 346, 8, 341], [""8200-Z-8 151226"", 462, 68, 107], [""asdnpa"", 480, 107, 149]]"
001939,2021,03,14,2021-03-14,clahe,L021937076 2233 14.03.21 | MADE FROK | PLANT-BASED OILS | Contains VitaminA | 0.4g (or 00mg) of | I can't believe Omega 3 per serving* | it's not Se rightsiepanel | Butter! |  EGEABEUSRED NE KORGINAL,"[[""L021937076 2233 14.03.21"", 132, 37, 153], [""MADE FROK"", 175, 14, 732], [""PLANT-BASED OILS"", 194, 28, 697], [""Contains VitaminA"", 228, 29, 706], [""0.4g (or 00mg) of"", 252, 29, 706], [""Omega 3 per serving*"", 274, 29, 700], [""I can't believe"", 288, 112, 251], [""Se rightsiepanel"", 307, 30, 701], [""it's not"", 340, 83, 362], [""Butter!"", 448, 247, 203], ["" EGEABEUSRED NE KORGINAL"", 592, 87, 173]]"
001945,2020,08,03,2020-08-03,fail,22노 80 290 Ten minste houdbaar tot einde: A consommer de préférence vant fin: Consumir preferentemente antes del fin de: Mindestens haltbar bis Ende: Best before end: Da consumarsi preferibilmente entr fine: 80 0 | 0 | ㅇ | 0 T | Da consumarsi preferibilmente entro fine: Daconsumarsi preeribilmenteentr fine: Da consumarsl preferiblmente entro fine Da consumarsi preferibilmente entro fine: | Best before end: Best before end: Best before end: Best before ends | Mindestens haltbar bis Ende: Mindestens haltbar bis Ende: Mindestens haltbarbis Ende Mindestens haltbar bis Ende: | Consumir preferentemente antes del fin de: Consumlr prderentemente antesdl finde Consumir preferentementeantes defin de: Consumir preferentemente antes del fin de: | A consommer de preference avaat fin: A consommer de préférence avant fin: A consommer de préférence avant fin: A consomme de préfrence avant fn: | Ten minste houdbaar tot einde: Ten minste houdbaar tot einde: Ten minste houdbaar tot eliade Ten minste houdbaar tot einde: | Da consumarsi preferibilmente entr fine: 08 08 03 08 202 2021 2021 2021 2021 | Best before end: | Mindestens haltbar bis Ende: 063 063 063 2. 2. 2. | Consumir preferentemente antes del fin de: | A consommer de préférence avant fin: | Ten minste houdbaar tot einde: | 082021 | 0632 | Da consumarsi preferibilmente entro fine: | Best before end: | Mindestens haltbar bis Ende: | Consumir preferentemente antes del fi n de: | A consommer de préférence avant fin: | Ten minste houdbaar tot einde: | 08 2021 | 063 2©,"[[""Da consumarsi preferibilmente entro fine:"", 490, 25, 163], [""Best before end:"", 511, 23, 166], [""Mindestens haltbar bis Ende:"", 530, 26, 166], [""Consumir preferentemente antes del fin de:"", 550, 26, 167], [""A consommer de préférence avant fin:"", 570, 28, 167], [""Ten minste houdbaar tot einde:"", 589, 26, 169], [""08"", 652, 27, 359], [""2021"", 650, 29, 445], [""063"", 704, 26, 361], [""2."", 703, 24, 472], [""Daconsumarsi preeribilmenteentr fine:"", 488, 29, 160], [""Best before end:"", 510, 23, 163], [""Mindestens haltbar bis Ende:"", 530, 29, 163], [""Consumir preferentementeantes defin de:"", 549, 30, 165], [""A consomme de préfrence avant fn:"", 569, 30, 165], [""Ten minste houdbaar tot einde:"", 588, 27, 167], [""2021"", 650, 29, 442], [""Ten minste houdbaar tot einde:"", 258, 179, 358], [""A consommer de préférence vant fin:"", 274, 212, 376], [""Consumir preferentemente antes del fin de:"", 286, 238, 398], [""Mindestens haltbar bis Ende:"", 252, 171, 417], [""Best before end:"", 215, 98, 439], [""Da consumarsi preferibilmente entr fine:"", 280, 231, 457], [""ㅇ"", 374, 25, 298], [""0"", 400, 19, 248], [""80"", 322, 29, 641], [""0"", 321, 20, 697], [""0"", 348, 23, 644], [""T"", 463, 172, 579], [""290"", 256, 25, 277], [""22노"", 309, 26, 167], [""80"", 309, 32, 269], [""Da consumarsi preferibilmente entro fine:"", 491, 26, 163], [""Best before end:"", 512, 21, 166], [""Mindestens haltbar bis Ende:"", 530, 25, 166], [""Consumir preferentemente antes del fin de:"", 550, 27, 167], [""A consommer de préférence avant fin:"", 570, 28, 168], [""Ten minste houdbaar tot einde:"", 589, 22, 170], [""08"", 654, 27, 360], [""2021"", 652, 26, 444], [""063"", 704, 26, 361], [""2."", 701, 30, 470], [""Da consumarsi preferibilmente entr fine:"", 652, 33, 218], [""Best before end:"", 680, 27, 221], [""Mindestens haltbar bis Ende:"", 706, 31, 222], [""Consumir preferentemente antes del fin de:"", 731, 35, 222], [""A consommer de préférence avant fin:"", 758, 35, 222], [""Ten minste houdbaar tot einde:"", 784, 33, 225], [""082021"", 866, 39, 477], [""0632"", 935, 40, 478], [""Da consumarsi preferibilmente entro fine:"", 980, 45, 331], [""Best before end:"", 1022, 34, 336], [""Mindestens haltbar bis Ende:"", 1060, 43, 336], [""Consumir preferentemente antes del fi n de:"", 1100, 49, 338], [""A consommer de préférence avant fin:"", 1139, 46, 337], [""Ten minste houdbaar tot einde:"", 1178, 41, 340], [""08"", 1304, 47, 728], [""2021"", 1302, 47, 892], [""063"", 1408, 49, 724], [""2©"", 1406, 41, 894], [""03"", 652, 25, 366], [""202"", 652, 26, 445], [""Da consumarsl preferiblmente entro fine"", 490, 25, 164], [""Best before ends"", 512, 24, 167], [""Mindestens haltbarbis Ende"", 530, 28, 165], [""Consumlr prderentemente antesdl finde"", 550, 32, 166], [""A consommer de preference avaat fin:"", 570, 27, 168], [""Ten minste houdbaar tot eliade"", 589, 22, 170], [""08"", 652, 25, 361], [""2021"", 652, 29, 444], [""063"", 704, 29, 360], [""2."", 703, 24, 472]]"
001946,2020,02,08,2020-02-08,fail,r de pr 8 0 2 | Daconsumarsi preferibilmente entro fine: | 0 Da consumarsi preferibilmente entro fine: Da consumarsi preferibilmente entro fine: Da consumarsi preferibilmente entro fine: Da consumarsi preferibilmente entro fine: vente antes del fin de: . | Best before end: Best before end: Best before end: Best before end: Mindestens haltbar bis Ende: | Mindestens haltbar bis Ende: Mindestens haltbar bis Ende: Mindestens haltbar bis Ende: | Consumir preferentemente antes del fin de: Consumir preferentemente antes del fin de: Consumir preferentemente antes del fin de: Consumir preferentemente antes de fin de: | A consommer de preference avant fin: A consommer de preference avant fin: A consommer de preference avant fin: A consommer de preference avant fin: | 2 Ten minste houdbaar tot einde: Ten minste houdbaar tot einde: Ten minste houdbaar tot einde: Ten minste houdbaar tot einde: | o | N 08 08 08 $ 8 2 20 20 202 202 2 1 | o O 6 063 063 6 3 3 2 2 2- 2- 2 ° | Da consumarsi preferibilmente entro fine: | Best before end: | Mindestens haltbar bis Ende: | Consumir preferentemente antes del fin de: | A consommer de préférence avant fin: | Ten minste houdbaar tot einde: | 이8 2021 | ㅇ 6 3 2,"[[""Da consumarsi preferibilmente entro fine:"", 337, 42, 133], [""Consumir preferentemente antes de fin de:"", 376, 44, 139], [""08"", 434, 25, 315], [""Best before end:"", 356, 25, 136], [""Mindestens haltbar bis Ende:"", 366, 33, 138], [""A consommer de preference avant fin:"", 391, 38, 142], [""Ten minste houdbaar tot einde:"", 405, 34, 143], [""202"", 426, 25, 393], [""6 3"", 466, 25, 341], [""2"", 461, 14, 422], [""O"", 472, 11, 323], [""Da consumarsi preferibilmente entro fine:"", 336, 42, 132], [""Best before end:"", 356, 28, 134], [""Mindestens haltbar bis Ende:"", 364, 37, 135], [""Consumir preferentemente antes del fin de:"", 374, 43, 137], [""A consommer de preference avant fin:"", 389, 40, 139], [""Ten minste houdbaar tot einde:"", 404, 35, 142], [""2"", 428, 19, 395], [""2"", 422, 20, 443], [""1"", 418, 11, 474], [""8"", 434, 19, 341], [""6"", 469, 14, 346], [""3"", 465, 14, 371], [""2"", 460, 13, 421], [""o"", 471, 14, 322], [""Daconsumarsi preferibilmente entro fine:"", 237, 207, 282], [""r de pr"", 220, 34, 243], [""vente antes del fin de:"", 298, 107, 256], [""0"", 353, 12, 167], [""2"", 409, 28, 204], [""o"", 432, 20, 209], [""N"", 456, 15, 211], [""2"", 184, 14, 417], [""."", 312, 14, 431], [""8 0"", 205, 24, 274], [""Da consumarsi preferibilmente entro fine:"", 338, 42, 133], [""Best before end:"", 358, 26, 136], [""Mindestens haltbar bis Ende:"", 368, 33, 138], [""Consumir preferentemente antes del fin de:"", 377, 44, 138], [""A consommer de preference avant fin:"", 391, 38, 142], [""Ten minste houdbaar tot einde:"", 406, 31, 145], [""08"", 436, 24, 316], [""20"", 427, 24, 392], [""2-"", 460, 21, 414], [""063"", 468, 31, 318], [""Da consumarsi preferibilmente entro fine:"", 338, 42, 133], [""Best before end:"", 358, 26, 136], [""Mindestens haltbar bis Ende:"", 368, 33, 138], [""Consumir preferentemente antes del fin de:"", 377, 44, 138], [""A consommer de preference avant fin:"", 391, 38, 142], [""Ten minste houdbaar tot einde:"", 406, 31, 145], [""08"", 436, 24, 316], [""20"", 427, 24, 392], [""2-"", 460, 21, 414], [""063"", 468, 31, 318], [""Da consumarsi preferibilmente entro fine:"", 673, 72, 271], [""Best before end:"", 712, 47, 274], [""Mindestens haltbar bis Ende:"", 732, 62, 278], [""Consumir preferentemente antes del fin de:"", 751, 76, 282], [""A consommer de préférence avant fin:"", 780, 69, 284], [""Ten minste houdbaar tot einde:"", 809, 62, 287], [""2021"", 850, 57, 766], [""이8"", 868, 49, 635], [""2"", 920, 27, 841], [""ㅇ 6 3"", 936, 52, 638], [""$"", 434, 14, 341], [""2 °"", 460, 21, 418], [""202"", 426, 29, 392]]"
001947,2022,08,10,2022-08-10,det5,Mitd | pak Netweight300g/549kcal | Best before · | A consommer de | préference avant le: EXP:10AUG2022 | MFG:10AUG_2020 | LOT:BE/NCCS-100820:10-B05 | Lot No: | nported | 10,"[[""Mitd"", 510, 16, 109], [""pak"", 536, 29, 69], [""Netweight300g/549kcal"", 530, 31, 182], [""Best before ·"", 594, 17, 64], [""A consommer de"", 608, 22, 64], [""préference avant le:"", 620, 21, 66], [""EXP:10AUG2022"", 622, 33, 247], [""MFG:10AUG_2020"", 646, 35, 245], [""LOT:BE/NCCS-100820:10-B05"", 669, 32, 247], [""Lot No:"", 690, 20, 82], [""nported"", 732, 9, 576], [""10"", 810, 7, 115]]"
001956,2021,10,NONE,2021-10-NONE,det5,Vateer mutritlve | Nutrieion Paets de be | 수업대통 - heure | 제조최사 BSOUTERE DE UA PONTE DU PAZWR 랑스 ums | 명 orisl | Sanuve San Lipides/Fat79 유동기한 제품 별도시된 Best before 월/년의 01일m지 lisas | Choleterol/Chulaterel 25 mg 25% cur | Soduns /Sodium 95 mg * 질:총이(내모장리어질원) | Glucides/Carbohydrate 12 g 4% 영양정보 鲁8号40g196kcal | Fbees/Fibre 0g 0% 4号158mg8% 个数量20g6% 9g 5 | Sucres/Sugars 5g 1档12g22% 트랜스지방 0.7g  53% | Proteines/ Protein 1g 营器42mg14% 단일 2g 4% | Vitamine A/Mitamin A 6% （2002 | Viamine C/Vitamin C 0% | Calclum/Calcium 0% | Fet / bron 4% Poids net/Net weight/Nettogewicht: | a consommer de preference avant le: | --OCTb2021 40g | EMB29168A 34884,"[[""Nutrieion Paets"", 106, 25, 104], [""Vateer mutritlve"", 96, 23, 106], [""수업대통"", 133, 22, 307], [""-"", 146, 40, 359], [""제조최사"", 150, 21, 307], [""BSOUTERE DE UA PONTE DU PAZWR"", 160, 35, 357], [""de be"", 148, 23, 602], [""Lipides/Fat79"", 165, 24, 90], [""명"", 168, 22, 306], [""랑스"", 170, 19, 553], [""heure"", 163, 20, 602], [""Sanuve San"", 175, 14, 99], [""ums"", 178, 23, 604], [""Choleterol/Chulaterel 25 mg"", 196, 30, 83], [""유동기한"", 194, 25, 304], [""제품 별도시된 Best before 월/년의 01일m지"", 196, 36, 357], [""Soduns /Sodium 95 mg"", 207, 28, 81], [""25%"", 196, 14, 217], [""orisl"", 196, 17, 609], [""Glucides/Carbohydrate 12 g"", 223, 29, 78], [""*"", 217, 14, 215], [""질:총이(내모장리어질원)"", 221, 28, 307], [""lisas"", 212, 14, 613], [""Fbees/Fibre 0g"", 236, 26, 74], [""4%"", 232, 15, 215], [""cur"", 230, 13, 614], [""Sucres/Sugars 5g"", 252, 27, 72], [""0%"", 248, 18, 211], [""영양정보"", 250, 19, 309], [""Proteines/ Protein 1g"", 270, 28, 68], [""4号158mg8%"", 268, 25, 301], [""鲁8号40g196kcal"", 262, 28, 476], [""个数量20g6%"", 274, 23, 403], [""Vitamine A/Mitamin A"", 288, 26, 65], [""1档12g22%"", 284, 24, 316], [""트랜스지방 0.7g"", 289, 24, 409], [""9g 5"", 279, 21, 504], [""6%"", 298, 14, 207], [""营器42mg14%"", 302, 25, 323], ["" 53%"", 294, 25, 497], [""Viamine C/Vitamin C"", 308, 27, 63], [""（2002"", 322, 36, 298], [""단일 2g 4%"", 310, 26, 483], [""Calclum/Calcium"", 326, 25, 58], [""0%"", 318, 15, 205], [""Fet / bron"", 343, 22, 53], [""0%"", 336, 15, 203], [""4%"", 354, 14, 201], [""a consommer de preference avant le:"", 387, 43, 6], [""Poids net/Net weight/Nettogewicht:"", 385, 48, 291], [""--OCTb2021"", 405, 47, 21], [""40g"", 442, 132, 358], [""EMB29168A"", 497, 32, 393], [""34884"", 500, 31, 545]]"
001957,2021,10,NONE,2021-10-NONE,det5,"A consommer de préférence avant fin : | Best before end : | 파레뜨 브르통 식품의 유형과자 H880g（426kcal vement a partir aturation de 15 heures. --OCT.2021 | BISCUITERIE DE LA POINTE DU RAZ 원산지 프랑스 hne ce parfum soutenu | 밀가루,버터(우유,식염), 설탕,계란(난황) 정제소금,평창제 우유.밀.계란함 est autonsoe poirrous | 제품별도표시된 Best before:월/년의 01일까지 ilisation do | 1emmj1d lleure qualt | 이(내포장:폴리에릴렌) 를직사광선을 피하고 건조하고 서늘한곳에 보관하세요. | 号：|1399 를반품및고환장소:구입처 및 수입판대업소 | 8#80g(40g×2等），1等（40g）号，213kcal a la Pointe du Raz | g 10% 量22g7% 8弄11g11% du Raz | 24% 트랜스지방 0.5g 미만 960% | 量33mg11% 단백질2g.4% OTHER 45 Raz | 2000 | 29: NCE f 488430021500 | TEL.0298706073-FAX0298706941 | www.biscuiteriedelapointeduraz.com","[[""A consommer de préférence avant fin :"", 219, 22, 613], [""파레뜨 브르통"", 234, 24, 1], [""식품의 유형과자"", 238, 24, 88], [""vement a partir"", 230, 27, 301], [""H880g（426kcal"", 244, 27, 181], [""Best before end :"", 234, 15, 681], [""aturation de 15 heures."", 253, 26, 301], [""--OCT.2021"", 268, 36, 698], [""BISCUITERIE DE LA POINTE DU RAZ"", 274, 27, 0], [""원산지"", 280, 17, 175], [""프랑스"", 282, 23, 235], [""hne ce parfum soutenu"", 278, 24, 300], [""밀가루,버터(우유,식염), 설탕,계란(난황) 정제소금,평창제"", 293, 30, 0], [""제품별도표시된 Best before:월/년의 01일까지"", 313, 32, 0], [""우유.밀.계란함"", 301, 22, 208], [""est autonsoe poirrous"", 302, 23, 300], [""1emmj1d"", 329, 35, 0], [""ilisation do"", 323, 24, 299], [""이(내포장:폴리에릴렌)"", 341, 20, 0], [""를직사광선을 피하고 건조하고 서늘한곳에 보관하세요."", 349, 28, 87], [""lleure qualt"", 347, 28, 297], [""号：|1399"", 354, 22, 0], [""를반품및고환장소:구입처 및 수입판대업소"", 362, 29, 88], [""8#80g(40g×2等），1等（40g）号，213kcal"", 378, 32, 49], [""g 10%"", 384, 17, 0], [""量22g7%"", 389, 26, 36], [""8弄11g11%"", 396, 22, 158], [""a la Pointe du Raz"", 390, 25, 299], [""24%"", 400, 17, 0], [""트랜스지방 0.5g 미만"", 404, 24, 37], [""量33mg11%"", 416, 20, 0], [""960%"", 410, 22, 151], [""du Raz"", 416, 31, 302], [""2000"", 435, 36, 0], [""단백질2g.4%"", 423, 21, 130], [""OTHER"", 425, 19, 249], [""45"", 434, 11, 259], [""Raz"", 438, 20, 295], [""NCE"", 459, 20, 295], [""f"", 468, 57, 453], [""29:"", 458, 13, 87], [""TEL.0298706073-FAX0298706941"", 486, 30, 25], [""488430021500"", 497, 26, 650], [""www.biscuiteriedelapointeduraz.com"", 510, 33, 56]]"
001971,2021,06,18,2021-06-18,det5,Mindestens haltbar bis: | Best before: | A consommer de préférence avant le: | Chocobelle 18.06.2021,"[[""Mindestens haltbar bis:"", 264, 27, 363], [""Best before:"", 281, 22, 435], [""A consommer de préférence avant le:"", 294, 29, 266], [""Chocobelle"", 368, 47, 110], [""18.06.2021"", 357, 26, 364]]"
001973,2023,03,15,2023-03-15,s2,：20006 | ：202303.15 | 고농도 인공누액 무방부제 | 하메론-S 1회용 점안액 | (히알루론산나트륨) 0.18% | 0.5mL | EU GMP 인증 인과전문기업 | xO(S),"[[""：20006"", 176, 66, 201], [""고농도 인공누액 무방부제"", 249, 78, 155], [""하메론-S"", 300, 117, 146], [""(히알루론산나트륨)"", 335, 69, 146], [""점안액"", 324, 40, 433], [""1회용"", 352, 42, 428], [""0.18%"", 387, 54, 383], [""0.5mL"", 456, 45, 269], [""EU GMP 인증 인과전문기업"", 538, 58, 218], [""xO(S)"", 557, 59, 238], [""：202303.15"", 206, 83, 198]]"
001974,2021,09,08,2021-09-08,fail,"er JOT nun Hazirladiginiz pudingi Hazirladiginiz pudingi Hazirladiginiz pudingi Hazirladig niz puding Hazirladiginiz pudingi Hazirladiginiz pudingi | Dui er gida ISO.22000 kaselere bosaltin. kaselere bosaltin. kaselere bosaltin. kaselere bosaltin. kaeolere bogaltn. ve lig jine ISO kaselere bosaltin. e cevreye 14001belgelerinesahipn verdigimiz orem Hazirladiginiz pudingi | Soguk servis yapin. Soguk sorvis yapin. Soguk servis yapin. Soguk servis yapin. Soguk servis yapin. Soguk servis yapin. SOr. | kaselere bosaltin. | neri: neri: neri: neri: neri: o.tttotic.즌 H8.8 09.2021-14:35/1914619 Tavsiye edilen tüketim lingi ters gevirerek servis yapmak istiyorsaniz, Jingi ters cevirerek servis yapmak istiyorsaniz, lingi ters gevirerek servis yapmak istiyorsaniz, lingi ters cevirerek servis yapmak istiyorsaniz, isletmeKayitNo:TR-35-K-000884 Türk Gida Kodeksi'ne uygundur. kaselere paylastirin. H1,8 neri: Soguk servis yapin. | I (3 su bardagl)süt ile pisirin ve önceden I (3 su bardagl) süt ile pisirin ve önceden I (3 su bardagl) süt ile pisirin ve önceden a islatilmis servis kaplarina döküp sogutun. a islatilmis servis kaplarina dokup sogutun. (3 su bardagl) sut ile pisirin ve önceden islatilmis servis kaplarina döküp sogutun. islatilmis servis kaplarina döküp sogutun. Serin, kuru ve kokusuz ortamda saklayiniz. lingi ters çevirerek servis yapmak istiyorsaniz,  용용 o구 icin icin lsin kak kak: kaka icin kaka | IlulpndziullipeuieH sor sOl sol kaselere paylastirin. kaselere paylastirin. kaselere paylastirin. kaselere paylastirin. gro paylagtirn. arada karistirarak 10 dakika sogutun ve  arada karistirarak 10 dakika sogutun ve I arada karistirarak 10 dakika sogutun ve ihi/Parti no: arada karistirarak 10 dakika sogutun ve ingin kabuk tutmasini önlemek icin pisirdikten ngin kabuk tutmasin onlemek icin pisirdikten ngin kabuk tutmasin önlemek igin pisirdikten ngin kabuk tutmasin önlemek igin pisirdikten Kanstirarak 1o dakka aogutun ve kabuk tutmasini onlomok lgin piglrdikter Il (3 su bardagl)süt ile pisirin ve önceden aislatilmis servis kaplarina dökup sogutun. ngin kabuk tutmasini önlemek icin pisirdikten I arada karistirarak 10 dakika sogutun ve ingin kabuk tutmasini önlemek icin pisirdikten I (3 su bardagl)sut ile pisirin ve önceden lingi ters cevirerek servis yapmak istiyorsanz, Dor Dor ürü üru Dor Dor ürú ürü Soguk servis yapin. kaselere bosaltin. icin kaka Hazirladiginiz pudingi | sot i arada karistirarak 10 dakika sogutun ve Dor | Türk Gida Kodeksi'ne uygundur. Türk Gida Kodeksi'ne uygundur. Türk Gida Kodeksi'ne uygundur. Turk Gida Kodeksi'ne uygundur. rrk Gida Kodokslne uygundur neri: ürú | nun s:Bekir SaydamCad.No:6835865 Uretici: Dr. Oetker Gida San. kaselere paylastirin. IsletmeKayit No:TR-35-K-000884 IsletmeKayit No:TR-35-K-000884 IsletmeKayitNo:TR-35-K-000884 isletmeKayitNo:TR-35-K-000884 sletme Kayit No: TR-35-K-00084 Turk Gida Kodeksi'ne uygundur. Serin, kuru ve kokusuz ortamda saklayiniz. Serin, kuru ve kokusuz ortamda saklayiniz. Serin, kuru ve kokusuz ortamda saklayiniz. Serin, kuru ve kokusuz ortamda saklayiniz. Rerhn, Iuru ve kokusuz oriamda eadayiniz J0S lingi ters çevirerek servis yapmak istiyorsaniz, | Tavsiye edilen tüketim Tavsiye edilen tüketim R.13. Tavsiye edilen tUketim 'ihiParti no: Tavsiye edilen tüketim ihi/Parti no: IsletmeKayit No:TR-35-K-000884 len ttkodm'AhlParti no: Sihi/Parti no: ihi/Parti no: ne Mensei: Türkiye Mensei: Türkiye Mensei: Türkiye Mensel: Tarkye Mensei: Turkiye I (3 su bardagl) süt ile pisirin ve önceden icin | 09.2021 -14:35/19148 09.2021-14:35/1914619 09.2021-14:35/1914619 09.2021-14:35/1914619 09.2021-14:35/1914619 Net:147g Mensei: Turkiye Serin, kuru ve kokusuz ortamda saklayiniz. R.13. R.13. R.13. R.13. R.13. Net:147g Net:147 g Net:147g Net:147 g Net:147g aislatilmis servis kaplarina döküp sogutun. kaka | Tavsiye edilen tüketim"" ihi/Parti no: Mensei: Turkiye | OSts api6 ingin kabuk tutmasini önlemek icin pisirdikten | OSIOn uru Dor Uretlcl: Dr. Oetkor Gida San. Uretici: Dr. Oetker Gida San. Uretici: Dr. Oetker Gida San. Uretici: Dr. Oetker Gida San. Uretici: Dr. Oetker Gida San. kaki icin Net:147g Dor | 09.2021-14:35/1914619 ds:BekirSaydamCad.No:6835865F des:BekirSaydamCad.No:6835865 es:Bekir SaydamCad.No:6835865 s:Bekir SaydamCad.No:6835865 Co: Bekir Saydam Cad. No: 68 35865 I sora arada karistirarak 10 dakika sogutun ve R.13 uru | kaselere paylastirin. | Uretici: Dr.Oetker Gida San. | lulpndziullipeulzep Turk Gida Kodeksi'ne uygundur. ds:BekirSaydamCad.No:6835865 | DS 3 | isletmeKayitNo:TR-35-K-000884 | DID Serin, kuru ve kokusuz ortamda saklayiniz. | Tavsiye edilen tüketim Sihi/Parti no: Mensei: Turkiye | Net:147 9 | 09.2021-14:35/1914619 R.13. | Uretici: Dr.Oetker Gida San. | ds:BekirSaydamCad.No:6835865","[[""Hazirladiginiz pudingi"", 28, 38, 297], [""kaselere bosaltin."", 58, 38, 296], [""Soguk servis yapin."", 89, 38, 300], [""neri:"", 242, 34, 121], [""icin"", 309, 34, 744], [""kaka"", 336, 34, 745], [""Dor"", 376, 26, 750], [""ürü"", 402, 27, 752], [""kaselere paylastirin."", 430, 33, 79], [""Türk Gida Kodeksi'ne uygundur."", 477, 36, 80], [""Sihi/Parti no:"", 602, 27, 344], [""Mensei: Türkiye"", 600, 35, 550], [""Tavsiye edilen tüketim"", 607, 32, 82], [""Net:147g"", 640, 55, 552], [""09.2021-14:35/1914619"", 686, 37, 109], [""R.13."", 686, 35, 553], [""Jingi ters cevirerek servis yapmak istiyorsaniz,"", 272, 42, 122], [""I (3 su bardagl) süt ile pisirin ve önceden"", 302, 41, 135], [""islatilmis servis kaplarina döküp sogutun."", 330, 41, 142], [""ingin kabuk tutmasini önlemek icin pisirdikten"", 366, 43, 126], [""I arada karistirarak 10 dakika sogutun ve"", 397, 38, 124], [""sOl"", 404, 16, 85], [""isletmeKayitNo:TR-35-K-000884"", 512, 37, 81], [""Serin, kuru ve kokusuz ortamda saklayiniz."", 548, 37, 80], [""Uretici: Dr. Oetker Gida San."", 762, 32, 405], [""des:BekirSaydamCad.No:6835865"", 794, 33, 286], [""Hazirladiginiz pudingi"", 28, 49, 292], [""kaselere bosaltin."", 57, 42, 294], [""Soguk servis yapin."", 88, 45, 295], [""neri:"", 242, 33, 121], [""lingi ters cevirerek servis yapmak istiyorsaniz,"", 271, 42, 123], [""(3 su bardagl) sut ile pisirin ve önceden"", 300, 47, 145], [""icin"", 309, 34, 743], [""islatilmis servis kaplarina döküp sogutun."", 330, 47, 141], [""kak:"", 334, 35, 744], [""ngin kabuk tutmasin önlemek igin pisirdikten"", 366, 47, 131], [""Dor"", 375, 32, 748], [""arada karistirarak 10 dakika sogutun ve"", 396, 41, 130], [""sor"", 402, 23, 82], [""üru"", 402, 31, 750], [""kaselere paylastirin."", 428, 35, 76], [""Türk Gida Kodeksi'ne uygundur."", 476, 39, 75], [""IsletmeKayit No:TR-35-K-000884"", 510, 41, 73], [""Serin, kuru ve kokusuz ortamda saklayiniz."", 546, 41, 74], [""ihi/Parti no:"", 600, 35, 362], [""Mensei: Türkiye"", 599, 42, 547], [""Tavsiye edilen tüketim"", 607, 40, 73], [""Net:147g"", 640, 73, 545], [""09.2021-14:35/1914619"", 684, 46, 106], [""R.13."", 684, 41, 549], [""Uretici: Dr. Oetker Gida San."", 761, 40, 400], [""s:Bekir SaydamCad.No:6835865"", 794, 41, 302], [""Dui"", 52, 25, 183], [""er"", 54, 22, 241], [""ISO.22000"", 45, 14, 347], [""ve"", 46, 11, 429], [""ISO"", 48, 19, 450], [""14001belgelerinesahipn"", 50, 27, 480], [""gida"", 57, 18, 347], [""lig"", 56, 15, 429], [""jine"", 56, 17, 447], [""e"", 58, 11, 485], [""cevreye"", 60, 20, 502], [""Tavsiye edilen tüketim"", 196, 271, 333], [""verdigimiz"", 60, 19, 562], [""isletmeKayitNo:TR-35-K-000884"", 262, 402, 429], [""orem"", 64, 19, 650], [""Serin, kuru ve kokusuz ortamda saklayiniz."", 314, 483, 390], [""Türk Gida Kodeksi'ne uygundur."", 257, 356, 466], [""kaselere paylastirin."", 190, 222, 516], [""SOr."", 99, 36, 548], [""09.2021-14:35/1914619"", 249, 287, 252], [""I arada karistirarak 10 dakika sogutun ve"", 356, 470, 544], [""ingin kabuk tutmasini önlemek icin pisirdikten"", 382, 511, 574], [""I (3 su bardagl)sut ile pisirin ve önceden"", 364, 473, 640], [""lingi ters cevirerek servis yapmak istiyorsanz,"", 376, 509, 669], [""neri:"", 156, 61, 703], [""s:Bekir SaydamCad.No:6835865"", 542, 487, 146], [""Soguk servis yapin."", 410, 231, 848], [""kaselere bosaltin."", 406, 213, 886], [""Hazirladiginiz pudingi"", 423, 254, 912], [""ihi/Parti no:"", 422, 134, 343], [""Uretici: Dr. Oetker Gida San."", 593, 390, 180], [""R.13."", 596, 81, 255], [""Net:147g"", 673, 247, 286], [""Mensei: Turkiye"", 668, 239, 339], [""uru"", 774, 43, 546], [""Dor"", 774, 42, 572], [""kaki"", 772, 48, 613], [""icin"", 771, 50, 636], [""er"", 22, 44, 323], [""JOT"", 22, 43, 367], [""nun"", 22, 43, 389], [""H1,8"", 202, 85, 668], [""IlulpndziullipeuieH"", 372, 256, 8], [""ne"", 605, 224, 416], [""OSts"", 733, 10, 223], [""api6"", 742, 17, 575], [""OSIOn"", 752, 14, 482], [""o.tttotic.즌"", 197, 32, 8], [""H8.8"", 274, 35, 165], [""nun"", 556, 29, 0], [""J0S"", 556, 24, 687], [""lulpndziullipeulzep"", 930, 43, 247], [""Hazirladiginiz pudingi"", 28, 40, 295], [""kaselere bosaltin."", 58, 37, 296], [""Soguk servis yapin."", 89, 38, 299], [""neri:"", 242, 28, 124], [""lingi ters gevirerek servis yapmak istiyorsaniz,"", 272, 42, 123], [""I (3 su bardagl)süt ile pisirin ve önceden"", 302, 45, 122], [""icin"", 310, 29, 747], [""a islatilmis servis kaplarina döküp sogutun."", 330, 43, 125], [""kaka"", 335, 30, 748], [""ngin kabuk tutmasin önlemek igin pisirdikten"", 366, 44, 130], [""Dor"", 376, 25, 750], [""arada karistirarak 10 dakika sogutun ve"", 396, 43, 113], [""sol"", 404, 12, 85], [""ürú"", 402, 28, 751], [""kaselere paylastirin."", 428, 31, 81], [""Türk Gida Kodeksi'ne uygundur."", 477, 38, 80], [""IsletmeKayit No:TR-35-K-000884"", 512, 37, 73], [""Serin, kuru ve kokusuz ortamda saklayiniz."", 548, 41, 76], [""Mensei: Turkiye"", 600, 35, 552], [""Tavsiye edilen tüketim ihi/Parti no:"", 604, 39, 81], [""Net:147g"", 640, 55, 553], [""09.2021-14:35/1914619"", 686, 37, 108], [""R.13."", 685, 36, 554], [""Uretici: Dr. Oetker Gida San."", 762, 33, 405], [""ds:BekirSaydamCad.No:6835865F"", 794, 33, 280], [""Hazirladiginiz pudingi"", 33, 45, 348], [""kaselere bosaltin."", 68, 42, 350], [""Soguk servis yapin."", 104, 45, 350], [""neri:"", 284, 30, 146], [""lingi ters çevirerek servis yapmak istiyorsaniz,"", 319, 47, 146], [""Il (3 su bardagl)süt ile pisirin ve önceden"", 354, 51, 147], [""icin"", 364, 33, 875], [""aislatilmis servis kaplarina dökup sogutun."", 388, 49, 146], [""kaka"", 394, 36, 876], [""ngin kabuk tutmasini önlemek icin pisirdikten"", 430, 48, 149], [""Dor"", 441, 30, 880], [""sot i arada karistirarak 10 dakika sogutun ve"", 465, 54, 90], [""ürú"", 472, 33, 880], [""kaselere paylastirin."", 504, 33, 94], [""Turk Gida Kodeksi'ne uygundur."", 560, 44, 91], [""IsletmeKayit No:TR-35-K-000884"", 600, 47, 87], [""Serin, kuru ve kokusuz ortamda saklayiniz."", 642, 44, 90], [""Mensei: Turkiye"", 704, 39, 649], [""Tavsiye edilen tüketim\"" ihi/Parti no:"", 710, 49, 87], [""Net:147g"", 751, 62, 650], [""09.2021-14:35/1914619"", 804, 41, 129], [""R.13"", 803, 40, 650], [""Uretici: Dr.Oetker Gida San."", 894, 35, 476], [""ds:BekirSaydamCad.No:6835865"", 932, 37, 333], [""Hazirladiginiz pudingi"", 57, 76, 601], [""kaselere bosaltin."", 116, 69, 600], [""Soguk servis yapin."", 179, 76, 601], [""neri:"", 484, 53, 220], [""lingi ters çevirerek servis yapmak istiyorsaniz,"", 544, 72, 245], [""I (3 su bardagl) süt ile pisirin ve önceden"", 602, 80, 261], [""icin"", 620, 65, 1491], [""aislatilmis servis kaplarina döküp sogutun."", 660, 75, 256], [""kaka"", 671, 58, 1492], [""ingin kabuk tutmasini önlemek icin pisirdikten"", 732, 78, 255], [""Dor"", 754, 47, 1504], [""sora arada karistirarak 10 dakika sogutun ve"", 794, 89, 156], [""uru"", 804, 52, 1505], [""kaselere paylastirin."", 859, 56, 161], [""Turk Gida Kodeksi'ne uygundur."", 954, 61, 163], [""DS"", 990, 46, 84], [""3"", 978, 23, 107], [""isletmeKayitNo:TR-35-K-000884"", 1022, 67, 164], [""DID"", 1090, 40, 85], [""Serin, kuru ve kokusuz ortamda saklayiniz."", 1094, 69, 152], [""Mensei: Turkiye"", 1199, 64, 1106], [""Tavsiye edilen tüketim Sihi/Parti no:"", 1210, 73, 165], [""Net:147"", 1278, 87, 1111], [""9"", 1292, 77, 1506], [""09.2021-14:35/1914619"", 1372, 65, 221], [""R.13."", 1373, 60, 1111], [""Uretici: Dr.Oetker Gida San."", 1524, 60, 813], [""ds:BekirSaydamCad.No:6835865"", 1589, 62, 566], [""Hazirladig niz puding"", 28, 41, 300], [""kaeolere bogaltn."", 57, 40, 299], [""Soguk sorvis yapin."", 90, 41, 298], ["" 용용 o구"", 329, 34, 383], [""kabuk tutmasini onlomok lgin piglrdikter"", 367, 42, 193], [""Kanstirarak 1o dakka aogutun ve"", 396, 31, 208], [""gro paylagtirn."", 430, 27, 128], [""rrk Gida Kodokslne uygundur"", 477, 36, 83], [""sletme Kayit No: TR-35-K-00084"", 512, 41, 82], [""Rerhn, Iuru ve kokusuz oriamda eadayiniz"", 547, 38, 82], [""len ttkodm'AhlParti no:"", 602, 35, 206], [""Mensel: Tarkye"", 598, 39, 550], [""09.2021 -14:35/19148"", 686, 34, 111], [""R.13."", 686, 39, 551], [""Uretlcl: Dr. Oetkor Gida San."", 762, 38, 403], [""Co: Bekir Saydam Cad. No: 68 35865 I"", 794, 36, 314], [""Net:147 g"", 640, 64, 549], [""Hazirladiginiz pudingi"", 28, 38, 298], [""kaselere bosaltin."", 58, 37, 298], [""Soguk servis yapin."", 90, 41, 298], [""neri:"", 242, 35, 119], [""lingi ters gevirerek servis yapmak istiyorsaniz,"", 272, 39, 124], [""I (3 su bardagl) süt ile pisirin ve önceden"", 302, 41, 127], [""lsin"", 310, 35, 745], [""a islatilmis servis kaplarina dokup sogutun."", 330, 41, 127], [""kak"", 336, 35, 744], [""ngin kabuk tutmasin onlemek icin pisirdikten"", 366, 42, 130], [""Dor"", 376, 29, 749], ["" arada karistirarak 10 dakika sogutun ve"", 397, 42, 123], [""ürü"", 402, 33, 749], [""kaselere paylastirin."", 430, 30, 81], [""Turk Gida Kodeksi'ne uygundur."", 476, 37, 80], [""IsletmeKayitNo:TR-35-K-000884"", 512, 37, 80], [""Serin, kuru ve kokusuz ortamda saklayiniz."", 548, 37, 79], [""Mensei: Türkiye"", 599, 38, 550], [""Tavsiye edilen tUketim 'ihiParti no:"", 605, 42, 79], [""09.2021-14:35/1914619"", 686, 37, 110], [""R.13."", 686, 35, 552], [""Uretici: Dr. Oetker Gida San."", 762, 36, 404], [""es:Bekir SaydamCad.No:6835865"", 794, 33, 286], [""Net:147 g"", 640, 64, 549]]"
001976,2031,03,31,2031-03-31,fail,"tein RENKLENDIRICI MENKLENDIRICI KCERAAEZ. honhidrat ICERAAEZ. asn Ogeleri Enerji ve | sa unu urutulrogomds sa unu urutulrogomds seunu urutulmus ogutamds HDOMATES CORBAST ICindeker ITeT HDOMATES CORBAST ICindeker ITeT IDOMATES CORBAS ICindekIer ITOT LIDOMATES CORBAST IcindekIer ITOT owunu kurutulmu ogtaimds /MENKLENDIRICI KCERAMEZ | ttu tur. Pomiralesuu tou csot ttu tur. Pomiralesuu tou csot otu tue Ponirale suyu toru caat ert ronal ok ert ronal ok utue pomiralt suyu toru taot er (sot Dranolseter. pancar kok r(sat oruna) seter panea kok | wonsantreenCkerevt haue. trme biberrata.yada u tonsantrelen Ckerevit. hanuc. krmse biber arota vagat | oont karabiber.sarmaak deme yapradt oont karabiber.sarmaak deme yapradt oit arabiber. sarmaak defne yapragt tarabiber. sarmaak defne yapragt hin referans alm duzeyinit 0.6g 069 0,2g 1,1g 469 0.1g 029 tod unu.kurutulmusodutuimds LIDOMATES CORBASt Icindekier ITor 100mt UeJ0n'BL7E ELON 2. Kaynayana kadar karstralm. | CORBANIZI HAZIRLAMAK ICIN: CORBANIZI HAZIRLAMAK ICIN: CORBANIZI HAZIRLAMAK ICIN: DRBANIZI HAZIRLAMAK ICIN: botu tut pomiralt suvu toru tsot Ueupya Urumleimnirin hi (toer (adt pruna) seker.pancar koku Oranlerimizin hicbir cesidindedomus Oranlerimizin hicbir cesidindedomus | I.Ipaket Knor Kremal Domates Corbasindeog) I.Ipaket Knor Kremal Domates Corbasindeog) ssu bardadiitre Douaucaave edelim. ssu bardadiitre Douaucaave edelim. guk mgane erin. m eeruu.smaotmou kurutuimus en tetm tnm p en tetm tnm p | 2. Kaynayana kadar karstralm. 2.kayngana kadar karsuralm. 2.kayngana kadar karsuralm. Kaynayana kadar karstralm. aana kadar karsturalm. Kistk ateste to dakika pisirdikten sonra Kistk ateste to dakika pisirdikten sonra t atee 1o dakha pisien sonra 1,6 g 1.4g 069 2,9g 1159 029 2Z% 0.5g nrausukonsantrelen(kerevz.havuc. 55kcal/230kj San.tatl kimmse biber oruta.sagsz 1 Porsiyon 691 bt'l I509001.155C22000.50140m saklaynie, Isletme Raye Nia TeS aklayiniz,Sletme Kayit No:TR-4 aklayiniz,Sletme Kayit No:TR-4 150.9001.FSSC22000.15014001=0/5A5m 150.9001.FSSC22000.15014001=0/5A5m b9'0 b9'0 | dinlendirip servis edelim. Afyet olsun. dinlendirip servis edelim. Afyet olsun. dinlendirip servis edelim. Afiyet olsun. dinlendirip servis edelim. Adiyet olsun. endirap servs cdelim. Arget clsun. E% Deut karatber.sarmsak. detne yapragu. b9'0 belgeu tesslerimede Toks belgeltesislerimide Tort Gdaxodesrne belgeltesislerimide Tort Gdaxodesrne 620 | Enerji ve Enerji ve Enerji ve Enerji ve hazirtanmis hazirtanmis hazirtanmis haiarlananep hazirlanmis 1000 100mt 100mt 100mt 100mt belirtir(8400kJ/2000kcal) 1Porsy 1Parsiyon 1Parsiyon 1Parsiyon 1 Porsiyon 1250mlhanyonmis(250muicin 1250mllhazruanmls(250mlicm 1250mllhazruanmls(250mlicm 250ml)hazrlanmis(250muikin e m kin Iporsiyon Iporsiyon 1 porsiyon 1 porsiyon E 6Z alarak uretlmigta.Bu be olarak uretimistir. Bu belgeler ales gdd olarak uretimistir. Bu belgeler ales gdd govenligine. cevremizeve calisaniarminas govenligine. cevremizeve calisaniarminas EeJpilud | 3sin Ogeleri arsn Ogeleri arsn Ogeleri asin Ogeleri ele corba icin corba icin corba icin corba icin corba icin corba icin corba icin corba icin RA RA- RA"" RA"" RA- erdigimizi goserm verdigimizi gostermektedir. verdigimizl gostermektelr verdigimizl gostermektelr verdigimizl gostermektedir. b9' DeK snu | Eneti Eneti 2Uen 22kcal/90kj 22kcal/90kl 22kcal/90kl ulasl epie 22kcal/90kj55kcal/230kj 55kcal/230kj 55kcal/230kj 55kcal/230kJ $3 '3 '3 31 31 31 43 R1 % pumuta.sot ve sot aranler, hardal,soya. Yaklagik 4 Parsiyan Yaklasik 4 Porsiyon Yaklasik 4 Porsiyon Yaklasik4 Porsiyon Yaklasik4 Porsiyon | 029 029 0.1g 029 029 %27 029 029 0.5g 05g 05g 0.5g 029 029 029 0g %3 1 1 %7 L L% antem hatgi ve susam icerebiit E% MOEZVN S Gida igletn Gida isletr Gida isletr Gida isletn Gida isletn 5Z0 14 | Doymus yag Doymus yag Doymus yag ymus yag 4,6g 0.1g 0.1g 0.1g 59 59 1159 1159 84 84 4 4 ES ve Ticaret ve Ticaret ve Ticaret ve Ticaret ve Ticaret | tonhidrat honhidrar honhidrar onhidrat 4,6g 4,6g 1,1g 469 T.lg T.lg 1.1g 299 299 299 2,9g 29 13 13 %3 %3 Dr.Adnam Dr. Adnan UnileverNo:1334768,Umranlye-Istanb Sruueyizey Dr. Adnan Duyukaanzes Dr. Adnan Duyukaenizcsd Dr. Adnan Duyukaenizcsd buyukae BA? | 029 029 029 029 0.6g 0.6g 069 0,6g C %2 42 42 82 CORBANIZI HAZIRLAMAK iCIN: 9 Unileuev No:1334765. UnileverNo:1334768.Omranlye-1stanb UnileverNo:1334768.Omranlye-1stanb No:1334768.0mrany UT Orunlerimizin hibrcesdende dom | tein tein tein tein 0,6g 0,.6g 0,.6g 0.6g 1,4g 1.6g 16g 16g 1,4g 1,4g 149 1,6 g 1.6d 1,4g 3 27 3 %27 43 43 %27 %27 Dz0 -Ipaket Knor Kremall Domates Corbast'ni(6om). 690 belgeli tesisle 96 Katkiaryoktu .Turkpe de aretim | 0.6g 0.6g 0.6g 0.6g srearassal oralamiretiskininferansamdzeyinieli400J/2000kcau talama bir yetigkinin referans alm duzeyini belir la4oo kJ2go keal) talama bir yetigkinin referans alm duzeyini belir la4oo kJ2go keal) wtigkininreferansalumduzeyinibelirtir(B400kJ/2000kca) Yaklasik 4 Porsiyon ssu bardadrCitrel soguksuco lave edelim. Z/0)unp e sa wleiasuenuepey eueeunex edilen tuketim tarihi Tere parmo | ke e e wesn I토TT 2.Kaynayana kadar karstralm. Dr. Adnan OSZ1 ve Ticaret SA1P.NO:1598 SA1P.NO:1598 . - . 토T F.A·9령 TE1T2E.0221 TE1T2E.0221 Gida isletn azerindedir. serme kuru ekouut ye saklayiniz, Isletme Kayit No:TR-34-o | Cmone Mon Koed Cmone Mon Koed wjeisuey uepey eueeufen No:1334768.Umran bZ0 Kisik ateste 1o dakika pisirdikten sonra D9' 9'0 b9'0 8 8 8 680637812 6806371817 6806371817 1509001.FSSC22000.15014001=OH5AS | dinlendirip servis edelim. Afiyet olsun. belgell tesislerimide Turk Gda Kodeisne | 100mt 1 Porsiyon 1 porsiyon olarak uretilmistir. Bu belgeler taitee gda | Enerji ve 3sin Ogeleri corba icin hazirtanmis DA1 uaabgurs beK snu corba icin ① 1250milhazrlanmis(250mlicin RA- verdigimizl gostermektedir. guvenligine, cevremize ve calisaniarimin | 22kcal/90kl 55kcal/230kj 43 Yaklasik 4 Porsiyon | Eneti 0.29 0.5g | 0.1g 029 1 Gida isletn | Doymus yad 4,6g 11.59 R4 ve Ticaret | bonhidrar 1.1g 2,9g %3 Dr. Adnan Buyukaenizcas | 0.6g %2 Unilevev No:1334768.Umraniye-Istand | 0.2g | 0.6g 1,4g 3 | tein 0.6g 1,6 g %27 | ptatamabiretlgknihreleransalumduzeyinibelirtir(B400kJ/200okcat) | e | Monsi Kalenobel 3 1806371181 | 14 mones TASOX 00","[[""LIDOMATES CORBAST IcindekIer ITOT"", 62, 42, 51], [""seunu urutulmus ogutamds"", 73, 44, 51], [""Yaklasik 4 Porsiyon"", 306, 27, 362], [""."", 455, 72, 212], [""I토TT"", 452, 24, 224], [""RENKLENDIRICI"", 23, 20, 202], [""ICERAAEZ."", 20, 11, 295], [""otu tue Ponirale suyu toru caat"", 82, 39, 66], [""er (sot Dranolseter. pancar kok"", 90, 42, 77], [""trme biberrata.yada"", 110, 36, 85], [""oit arabiber. sarmaak defne yapragt"", 130, 35, 58], [""wonsantreenCkerevt haue."", 121, 40, 59], [""Kaynayana kadar karstralm."", 234, 25, 41], [""dinlendirip servis edelim. Afiyet olsun."", 260, 35, 40], [""100mt"", 283, 18, 108], [""1Parsiyon"", 279, 18, 202], [""1 porsiyon"", 273, 20, 281], [""Enerji ve"", 296, 27, 16], [""hazirlanmis"", 294, 23, 91], [""250ml)hazrlanmis(250muikin"", 286, 28, 181], [""corba icin"", 298, 19, 208], [""RA-"", 292, 13, 300], [""verdigimizl gostermektedir."", 289, 30, 358], [""asin Ogeleri"", 310, 28, 7], [""corba icin"", 304, 22, 97], [""55kcal/230kJ"", 310, 23, 191], [""43"", 304, 13, 304], [""22kcal/90kj"", 317, 24, 87], [""0.5g"", 325, 16, 218], [""R1"", 317, 14, 305], [""029"", 332, 16, 116], [""%7"", 330, 16, 305], [""Gida isletn"", 322, 21, 428], [""029"", 339, 18, 218], [""4"", 344, 15, 304], [""ve Ticaret"", 336, 22, 430], [""0.1g"", 346, 19, 115], [""ymus yag"", 355, 26, 24], [""1159"", 352, 19, 218], [""%3"", 359, 16, 308], [""Dr. Adnan"", 350, 21, 432], [""buyukae"", 348, 19, 503], [""onhidrat"", 368, 25, 25], [""469"", 362, 16, 114], [""2,9g"", 367, 22, 219], [""%2"", 374, 17, 308], [""Unileuev"", 368, 18, 363], [""No:1334768.0mrany"", 362, 28, 434], [""1,1g"", 377, 16, 117], [""029"", 392, 19, 114], [""069"", 384, 15, 220], [""1,4g"", 399, 18, 223], [""3"", 390, 16, 310], [""0.6g"", 408, 18, 113], [""1,6 g"", 415, 16, 224], [""%27"", 406, 16, 309], [""tein"", 418, 18, 14], [""0.6g"", 425, 18, 113], [""wtigkininreferansalumduzeyinibelirtir(B400kJ/2000kca)"", 436, 45, 68], [""MENKLENDIRICI KCERAAEZ."", 20, 29, 187], [""IDOMATES CORBAS ICindekIer ITOT"", 60, 44, 50], [""owunu kurutulmu ogtaimds"", 71, 40, 76], [""utue pomiralt suyu toru taot"", 78, 40, 100], [""r(sat oruna) seter panea kok"", 86, 43, 110], [""krmse biber arota vagat"", 106, 35, 115], [""u tonsantrelen Ckerevit. hanuc."", 117, 34, 98], [""tarabiber. sarmaak defne yapragt"", 129, 36, 72], [""CORBANIZI HAZIRLAMAK ICIN:"", 186, 42, 46], [""2. Kaynayana kadar karstralm."", 232, 31, 14], [""dinlendirip servis edelim. Adiyet olsun."", 260, 35, 41], [""100mt"", 282, 20, 107], [""1 Porsiyon"", 277, 17, 200], [""1 porsiyon"", 272, 19, 281], [""hazirtanmis"", 293, 18, 91], [""1250mlhanyonmis(250muicin"", 285, 31, 180], [""Enerji ve"", 294, 27, 17], [""corba icin"", 297, 19, 206], [""RA-"", 290, 17, 297], [""verdigimizi gostermektedir."", 288, 33, 356], [""3sin Ogeleri"", 310, 33, 6], [""corba icin"", 303, 19, 97], [""$3"", 304, 15, 297], [""Yaklasik 4 Porsiyon"", 305, 33, 359], [""22kcal/90kj55kcal/230kj"", 312, 34, 85], [""0.5g"", 324, 18, 216], [""31"", 317, 20, 301], [""Gida isletn"", 319, 28, 425], [""029"", 332, 19, 113], [""029"", 338, 18, 217], [""4"", 344, 18, 301], [""ve Ticaret"", 334, 25, 427], [""0.1g"", 346, 19, 114], [""1159"", 352, 19, 216], [""Dr. Adnan Duyukaanzes"", 347, 30, 429], [""Doymus yag"", 354, 31, 9], [""4,6g"", 360, 22, 111], [""299"", 367, 22, 216], [""%3"", 358, 19, 304], [""tonhidrat"", 368, 27, 17], [""1.1g"", 376, 19, 115], [""82"", 373, 20, 305], [""UnileverNo:1334768,Umranlye-Istanb"", 362, 37, 360], [""0,6g"", 382, 22, 217], [""029"", 392, 19, 111], [""1,4g"", 398, 24, 218], [""3"", 389, 20, 306], [""0,6g"", 406, 25, 108], [""27"", 406, 23, 303], [""tein"", 417, 24, 10], [""0.6g"", 423, 24, 109], [""1.6g"", 414, 25, 220], [""oralamiretiskininferansamdzeyinieli400J/2000kcau"", 438, 51, 17], [""."", 453, 64, 214], [""ke"", 473, 32, 17], [""8"", 472, 14, 493], [""680637812"", 466, 33, 516], [""tein"", 31, 31, 213], [""asn Ogeleri"", 48, 75, 316], [""Enerji ve"", 46, 56, 332], [""honhidrat"", 52, 63, 259], [""2. Kaynayana kadar karstralm."", 134, 226, 391], [""hin referans alm duzeyinit"", 168, 127, 186], [""0.6g"", 132, 51, 206], [""069"", 132, 44, 225], [""0,2g"", 131, 42, 241], [""469"", 133, 39, 271], [""0.1g"", 132, 37, 286], [""029"", 133, 38, 302], [""100mt"", 130, 46, 349], [""1,1g"", 134, 33, 257], [""55kcal/230kj"", 238, 113, 319], [""1 Porsiyon"", 233, 62, 355], [""1,6 g"", 242, 35, 219], [""1.4g"", 240, 36, 234], [""069"", 240, 41, 250], [""2,9g"", 238, 39, 266], [""1159"", 238, 42, 280], [""029"", 236, 43, 294], [""0.5g"", 236, 42, 309], [""belirtir(8400kJ/2000kcal)"", 292, 137, 197], [""%27"", 325, 30, 229], [""%3"", 324, 25, 245], [""C"", 390, 64, 279], [""Yaklasik 4 Porsiyon"", 429, 136, 319], [""belgeli tesisle"", 395, 82, 373], [""No:1334768.Umran"", 504, 140, 264], [""Dr. Adnan"", 469, 72, 282], [""ve Ticaret"", 464, 69, 294], [""Gida isletn"", 464, 76, 306], [""UeJ0n'BL7E ELON"", 134, 144, 348], [""Ueupya"", 170, 74, 342], [""Z/0)unp e sa"", 432, 304, 412], [""L%"", 322, 17, 326], [""E%"", 320, 21, 353], [""Dz0"", 402, 35, 332], [""690"", 400, 38, 377], [""96"", 396, 39, 407], [""wjeisuey uepey eueeufen"", 496, 206, 220], [""wesn"", 451, 32, 155], [""OSZ1"", 443, 22, 286], [""bZ0"", 504, 41, 325], [""D9'"", 508, 36, 354], [""9'0"", 508, 43, 400], [""b9'0"", 506, 46, 417], [""uaabgurs"", 588, 71, 297], [""DA1"", 587, 44, 286], [""beK snu"", 584, 57, 345], [""①"", 588, 30, 463], [""b9'0"", 216, 18, 489], [""691"", 226, 18, 381], [""b9'0"", 232, 21, 487], [""2Z%"", 234, 17, 298], [""bt'l"", 241, 18, 383], [""E%"", 251, 16, 304], [""620"", 248, 18, 489], [""b9'0"", 258, 18, 381], [""E"", 281, 19, 306], [""6Z"", 272, 19, 383], [""b9'"", 280, 19, 489], [""EeJpilud"", 271, 25, 554], [""DeK snu"", 285, 25, 554], [""%"", 310, 16, 311], [""5Z0"", 309, 16, 490], [""ulasl epie"", 319, 21, 136], [""L"", 324, 11, 316], [""MOEZVN S"", 330, 21, 353], [""ES"", 336, 13, 314], [""Sruueyizey"", 346, 20, 470], [""BA?"", 345, 27, 567], [""wleiasuenuepey eueeunex"", 406, 25, 400], [""HDOMATES CORBAST ICindeker ITeT"", 62, 43, 50], [""sa unu urutulrogomds"", 74, 43, 50], [""ttu tur. Pomiralesuu tou csot"", 83, 42, 49], [""ert ronal ok"", 90, 45, 68], [""oont karabiber.sarmaak deme yapradt"", 132, 37, 49], [""Oranlerimizin hicbir cesidindedomus"", 172, 38, 339], [""CORBANIZI HAZIRLAMAK ICIN:"", 189, 43, 46], [""en tetm tnm p"", 194, 39, 340], [""I.Ipaket Knor Kremal Domates Corbasindeog)"", 204, 44, 29], [""ssu bardadiitre Douaucaave edelim."", 214, 42, 42], [""aklayiniz,Sletme Kayit No:TR-4"", 216, 39, 345], [""2.kayngana kadar karsuralm."", 234, 25, 28], [""150.9001.FSSC22000.15014001=0/5A5m"", 240, 37, 348], [""Kistk ateste to dakika pisirdikten sonra"", 250, 34, 40], [""belgeltesislerimide Tort Gdaxodesrne"", 252, 36, 350], [""dinlendirip servis edelim. Afyet olsun."", 261, 31, 41], [""olarak uretimistir. Bu belgeler ales gdd"", 264, 36, 350], [""100mt"", 284, 14, 110], [""1Parsiyon"", 279, 18, 202], [""Iporsiyon"", 274, 19, 281], [""govenligine. cevremizeve calisaniarminas"", 276, 37, 355], [""hazirtanmis"", 294, 22, 92], [""1250mllhazruanmls(250mlicm"", 286, 28, 182], [""Enerji ve"", 296, 25, 18], [""corba icin"", 298, 17, 208], [""RA\"""", 292, 12, 300], [""verdigimizl gostermektelr"", 290, 34, 357], [""corba icin"", 304, 20, 98], [""55kcal/230kj"", 311, 20, 191], [""'3"", 304, 13, 303], [""arsn Ogeleri"", 311, 30, 7], [""Yaklasik4 Porsiyon"", 306, 27, 363], [""22kcal/90kl"", 318, 23, 86], [""05g"", 325, 16, 218], [""31"", 318, 14, 304], [""029"", 332, 16, 116], [""1"", 331, 16, 304], [""Gida isletr"", 322, 20, 427], [""Eneti"", 332, 17, 6], [""0.1g"", 346, 19, 114], [""029"", 339, 16, 218], [""84"", 345, 16, 303], [""ve Ticaret"", 336, 21, 430], [""Doymus yag"", 356, 27, 10], [""59"", 353, 16, 217], [""13"", 360, 17, 304], [""Dr. Adnan Duyukaenizcsd"", 348, 26, 433], [""honhidrar"", 369, 23, 21], [""4,6g"", 362, 19, 111], [""299"", 368, 18, 219], [""T.lg"", 377, 16, 117], [""42"", 375, 16, 307], [""UnileverNo:1334768.Omranlye-1stanb"", 363, 31, 362], [""029"", 392, 19, 112], [""0.6g"", 383, 20, 218], [""1,4g"", 399, 16, 222], [""43"", 390, 15, 310], [""0,.6g"", 408, 21, 111], [""16g"", 416, 15, 223], [""%27"", 407, 16, 308], [""tein"", 419, 17, 14], [""0.6g"", 424, 20, 111], [""talama bir yetigkinin referans alm duzeyini belir la4oo kJ2go keal)"", 438, 48, 24], [""TE1T2E.0221"", 447, 38, 222], [""e"", 471, 26, 31], [""SA1P.NO:1598"", 463, 38, 220], [""8"", 474, 9, 491], [""6806371817"", 467, 28, 520], [""Cmone Mon Koed"", 498, 37, 96], [""HDOMATES CORBAST ICindeker ITeT"", 62, 43, 50], [""sa unu urutulrogomds"", 74, 43, 50], [""ttu tur. Pomiralesuu tou csot"", 83, 42, 49], [""ert ronal ok"", 90, 45, 68], [""oont karabiber.sarmaak deme yapradt"", 132, 37, 49], [""Oranlerimizin hicbir cesidindedomus"", 172, 38, 339], [""CORBANIZI HAZIRLAMAK ICIN:"", 189, 43, 46], [""en tetm tnm p"", 194, 39, 340], [""I.Ipaket Knor Kremal Domates Corbasindeog)"", 204, 44, 29], [""ssu bardadiitre Douaucaave edelim."", 214, 42, 42], [""aklayiniz,Sletme Kayit No:TR-4"", 216, 39, 345], [""2.kayngana kadar karsuralm."", 234, 25, 28], [""150.9001.FSSC22000.15014001=0/5A5m"", 240, 37, 348], [""Kistk ateste to dakika pisirdikten sonra"", 250, 34, 40], [""belgeltesislerimide Tort Gdaxodesrne"", 252, 36, 350], [""dinlendirip servis edelim. Afyet olsun."", 261, 31, 41], [""olarak uretimistir. Bu belgeler ales gdd"", 264, 36, 350], [""100mt"", 284, 14, 110], [""1Parsiyon"", 279, 18, 202], [""Iporsiyon"", 274, 19, 281], [""govenligine. cevremizeve calisaniarminas"", 276, 37, 355], [""hazirtanmis"", 294, 22, 92], [""1250mllhazruanmls(250mlicm"", 286, 28, 182], [""Enerji ve"", 296, 25, 18], [""corba icin"", 298, 17, 208], [""RA\"""", 292, 12, 300], [""verdigimizl gostermektelr"", 290, 34, 357], [""corba icin"", 304, 20, 98], [""55kcal/230kj"", 311, 20, 191], [""'3"", 304, 13, 303], [""arsn Ogeleri"", 311, 30, 7], [""Yaklasik4 Porsiyon"", 306, 27, 363], [""22kcal/90kl"", 318, 23, 86], [""05g"", 325, 16, 218], [""31"", 318, 14, 304], [""029"", 332, 16, 116], [""1"", 331, 16, 304], [""Gida isletr"", 322, 20, 427], [""Eneti"", 332, 17, 6], [""0.1g"", 346, 19, 114], [""029"", 339, 16, 218], [""84"", 345, 16, 303], [""ve Ticaret"", 336, 21, 430], [""Doymus yag"", 356, 27, 10], [""59"", 353, 16, 217], [""13"", 360, 17, 304], [""Dr. Adnan Duyukaenizcsd"", 348, 26, 433], [""honhidrar"", 369, 23, 21], [""4,6g"", 362, 19, 111], [""299"", 368, 18, 219], [""T.lg"", 377, 16, 117], [""42"", 375, 16, 307], [""UnileverNo:1334768.Omranlye-1stanb"", 363, 31, 362], [""029"", 392, 19, 112], [""0.6g"", 383, 20, 218], [""1,4g"", 399, 16, 222], [""43"", 390, 15, 310], [""0,.6g"", 408, 21, 111], [""16g"", 416, 15, 223], [""%27"", 407, 16, 308], [""tein"", 419, 17, 14], [""0.6g"", 424, 20, 111], [""talama bir yetigkinin referans alm duzeyini belir la4oo kJ2go keal)"", 438, 48, 24], [""TE1T2E.0221"", 447, 38, 222], [""e"", 471, 26, 31], [""SA1P.NO:1598"", 463, 38, 220], [""8"", 474, 9, 491], [""6806371817"", 467, 28, 520], [""Cmone Mon Koed"", 498, 37, 96], [""/MENKLENDIRICI KCERAMEZ"", 43, 50, 397], [""LIDOMATES CORBASt Icindekier ITor"", 124, 74, 104], [""tod unu.kurutulmusodutuimds"", 146, 75, 109], [""botu tut pomiralt suvu toru tsot"", 162, 68, 155], [""(toer (adt pruna) seker.pancar koku"", 176, 69, 200], [""eeruu.smaotmou kurutuimus"", 199, 68, 166], [""San.tatl kimmse biber oruta.sagsz"", 220, 62, 167], [""nrausukonsantrelen(kerevz.havuc."", 242, 69, 117], [""Deut karatber.sarmsak. detne yapragu."", 260, 61, 119], [""pumuta.sot ve sot aranler, hardal,soya."", 302, 74, 110], [""antem hatgi ve susam icerebiit"", 324, 59, 160], [""Orunlerimizin hibrcesdende dom"", 344, 72, 678], [""Katkiaryoktu .Turkpe de aretim"", 366, 69, 684], [""CORBANIZI HAZIRLAMAK iCIN:"", 376, 80, 96], [""edilen tuketim tarihi Tere parmo"", 387, 72, 686], [""-Ipaket Knor Kremall Domates Corbast'ni(6om)."", 407, 78, 77], [""azerindedir. serme kuru ekouut ye"", 410, 70, 689], [""ssu bardadrCitrel soguksuco lave edelim."", 426, 77, 89], [""saklayiniz, Isletme Kayit No:TR-34-o"", 432, 71, 693], [""2.Kaynayana kadar karstralm."", 468, 48, 64], [""1509001.FSSC22000.15014001=OH5AS"", 478, 69, 699], [""Kisik ateste 1o dakika pisirdikten sonra"", 500, 61, 80], [""belgell tesislerimide Turk Gda Kodeisne"", 502, 69, 703], [""dinlendirip servis edelim. Afiyet olsun."", 522, 63, 86], [""olarak uretilmistir. Bu belgeler taitee gda"", 527, 68, 706], [""1 Porsiyon"", 556, 31, 406], [""1 porsiyon"", 546, 29, 567], [""guvenligine, cevremize ve calisaniarimin"", 552, 70, 713], [""100mt"", 566, 31, 220], [""1250milhazrlanmis(250mlicin"", 572, 53, 365], [""hazirtanmis"", 587, 32, 190], [""RA-"", 584, 28, 600], [""Enerji ve"", 592, 47, 37], [""verdigimizl gostermektedir."", 578, 55, 720], [""corba icin"", 597, 30, 418], [""corba icin"", 608, 38, 199], [""43"", 608, 28, 604], [""55kcal/230kj"", 620, 40, 386], [""Yaklasik 4 Porsiyon"", 614, 47, 728], [""3sin Ogeleri"", 620, 57, 17], [""22kcal/90kl"", 634, 41, 179], [""0.5g"", 650, 29, 439], [""Gida isletn"", 642, 40, 859], [""Eneti"", 663, 36, 17], [""0.29"", 663, 32, 232], [""1"", 663, 30, 611], [""029"", 678, 29, 439], [""ve Ticaret"", 671, 34, 866], [""0.1g"", 692, 35, 232], [""R4"", 690, 31, 608], [""11.59"", 706, 35, 436], [""Dr. Adnan Buyukaenizcas"", 694, 46, 869], [""Doymus yad"", 712, 45, 25], [""4,6g"", 722, 35, 227], [""%3"", 718, 31, 613], [""2,9g"", 735, 38, 439], [""Unilevev"", 734, 36, 728], [""No:1334768.Umraniye-Istand"", 722, 47, 870], [""bonhidrar"", 739, 46, 23], [""1.1g"", 753, 34, 232], [""%2"", 749, 32, 614], [""0.6g"", 766, 35, 439], [""0.2g"", 784, 35, 227], [""3"", 780, 30, 619], [""1,4g"", 797, 38, 444], [""0.6g"", 815, 38, 224], [""%27"", 812, 37, 614], [""1,6 g"", 829, 34, 446], [""tein"", 838, 35, 27], [""0.6g"", 847, 35, 226], [""ptatamabiretlgknihreleransalumduzeyinibelirtir(B400kJ/200okcat)"", 876, 89, 43], [""e"", 948, 65, 48], [""1806371181"", 934, 52, 1024], [""3"", 949, 16, 992], [""14"", 1010, 65, 58], [""Monsi Kalenobel"", 982, 37, 299], [""mones"", 1003, 30, 212], [""TASOX"", 1000, 20, 294], [""00"", 994, 13, 392], [""14"", 316, 69, 485], [""-"", 454, 56, 218], [""Urumleimnirin hi"", 175, 25, 343], [""m"", 196, 23, 246], [""guk mgane erin."", 210, 29, 190], [""saklaynie, Isletme Raye Nia TeS"", 216, 33, 347], [""aana kadar karsturalm."", 232, 21, 70], [""t atee 1o dakha pisien sonra"", 250, 32, 57], [""I509001.155C22000.50140m"", 239, 30, 351], [""belgeu tesslerimede Toks"", 252, 31, 353], [""endirap servs cdelim. Arget clsun."", 260, 29, 68], [""alarak uretlmigta.Bu be"", 265, 30, 354], [""1000"", 283, 15, 110], [""1Porsy"", 278, 13, 203], [""e m kin"", 283, 18, 279], [""haiarlananep"", 294, 21, 94], [""RA"", 292, 13, 301], [""erdigimizi goserm"", 290, 23, 363], [""ele"", 308, 13, 53], [""Yaklagik 4 Parsiyan"", 306, 25, 363], [""2Uen"", 318, 15, 86], [""0g"", 325, 16, 220], [""Gida igletn"", 322, 17, 429], [""029"", 338, 19, 219], [""ve Ticaret"", 336, 22, 430], [""Dr.Adnam"", 350, 20, 433], [""29"", 368, 19, 221], [""9"", 368, 11, 367], [""No:1334765."", 363, 24, 433], [""UT"", 360, 11, 525], [""149"", 398, 17, 223], [""1.6d"", 414, 19, 223], [""srearassal"", 444, 17, 112], [""DRBANIZI HAZIRLAMAK ICIN:"", 188, 43, 62], [""토T F.A·9령"", 455, 50, 221]]"
001978,2020,11,04,2020-11-04,clahe,2020.11.0420:38,"[[""2020.11.0420:38"", 464, 142, 364]]"
001979,2020,11,04,2020-11-04,clahe,2020.11.0420:38,"[[""2020.11.0420:38"", 420, 83, 233]]"
001987,2021,12,28,2021-12-28,clahe,"BIOYUGA | CARAMEL 캬라멜 동아의 | 무색소 | 정직한 마음 | 2021-12.28 | 1동아제고 | W 1,000 | iIk  (,) 4. 64 %  90g05 kcalz | （）3.31%院","[[""BIOYUGA"", 464, 49, 83], [""CARAMEL"", 489, 36, 88], [""캬라멜"", 493, 68, 237], [""동아의"", 476, 21, 547], [""무색소"", 508, 45, 518], [""정직한 마음"", 540, 23, 550], [""2021-12.28"", 629, 44, 274], [""1동아제고"", 662, 62, 448], [""W 1,000"", 806, 70, 139], [""iIk"", 874, 67, 0], ["" (,) 4. 64 % "", 877, 60, 131], [""90g05 kcalz"", 872, 56, 547], [""（）3.31%院"", 911, 56, 136]]"
001988,2021,02,12,2021-02-12,fail,"FIK | TSOF06 동아제과 %1()ㄴ1 X! | R 서가마 000 | W 1,000 | BIO CARAMEL CARAMEL CARAMEL CARAMEL CARAMEL BIO YUGA BIO YUGA 서가마 to10号 YUGA BARAMGA카라멜 BARAMGA카라멜 카라델 캬라멜 카라멜 칼라멜 무색 무색소 무색소 무색소 무색소 소 33) | r사 | 202 2021 2 12.28 12.28 2.28782m 1됐아제지 1됐아제지 000 유 | Fo | W W 1,000 W 1,000 W 1,000 W1.000 W 1.000 1,000 | FIK RIK AIK 13 13 （）4.64% （）4.64% （F）4.64% （F）4.64% C464 gCg cus kce 90g05kca 90g05kca 90g05kca 5 kca | 박연 时异（早只）3.31% 只（9只3.31%悦 只（9只3.31%悦 （吊只）3.31% | BIOYUGA 동아의 | CARAMEL 카라멜 무색소 |  마 | W 1,000 | HIK 外（）4.64% 90g05kca | 寸异（早品3.31%品","[[""무색소"", 308, 43, 452], [""카라멜"", 328, 71, 202], [""BIO YUGA"", 336, 38, 62], [""CARAMEL"", 352, 47, 64], [""90g05kca"", 544, 62, 503], [""W 1,000"", 548, 72, 141], [""RIK"", 619, 41, 17], [""（）4.64%"", 584, 94, 146], [""时异（早只）3.31%"", 604, 61, 209], [""무색"", 310, 40, 449], [""소"", 304, 21, 510], [""칼라멜"", 328, 79, 201], [""BIO"", 338, 31, 61], [""YUGA"", 333, 24, 117], [""CARAMEL"", 352, 48, 64], [""2"", 413, 20, 339], [""202"", 424, 34, 244], [""1,000"", 540, 69, 201], [""5 kca"", 536, 26, 572], [""W"", 562, 42, 140], [""FIK"", 619, 42, 13], [""（）4.64%"", 582, 87, 170], [""（吊只）3.31%"", 600, 50, 278], [""박연"", 623, 28, 198], [""FIK"", 52, 68, 0], [""동아제과"", 79, 52, 131], [""R"", 118, 18, 283], [""W 1,000"", 242, 214, 51], [""서가마"", 141, 94, 288], [""33)"", 306, 118, 584], [""000"", 397, 212, 510], [""유"", 384, 36, 602], [""Fo"", 409, 36, 613], [""X!"", 20, 35, 557], [""%1()ㄴ1"", 54, 101, 146], [""TSOF06"", 94, 59, 13], [""000"", 91, 75, 293], [""서가마"", 332, 42, 92], [""to10号"", 352, 21, 130], [""무색소"", 308, 35, 451], [""BARAMGA카라멜"", 334, 77, 55], [""CARAMEL"", 353, 45, 66], [""12.28"", 414, 33, 315], [""1됐아제지"", 420, 32, 403], [""90g05kca"", 545, 52, 505], [""W 1,000"", 548, 74, 140], [""（F）4.64%"", 578, 75, 207], [""13"", 620, 22, 37], [""只（9只3.31%悦"", 602, 51, 246], [""무색소"", 308, 35, 451], [""BARAMGA카라멜"", 334, 77, 55], [""CARAMEL"", 353, 45, 66], [""12.28"", 414, 33, 315], [""1됐아제지"", 420, 32, 403], [""90g05kca"", 545, 52, 505], [""W 1,000"", 548, 74, 140], [""（F）4.64%"", 578, 75, 207], [""13"", 620, 22, 37], [""只（9只3.31%悦"", 602, 51, 246], [""r사"", 400, 24, 111], [""동아의"", 578, 36, 949], [""무색소"", 617, 86, 900], [""카라멜"", 654, 138, 400], [""BIOYUGA"", 673, 74, 124], ["" 마"", 656, 46, 965], [""CARAMEL"", 706, 89, 135], [""90g05kca"", 1088, 103, 1011], [""W 1,000"", 1099, 144, 278], [""HIK"", 1242, 75, 41], [""外（）4.64%"", 1172, 193, 260], [""寸异（早品3.31%品"", 1214, 125, 366], [""카라델"", 328, 73, 192], [""W 1.000"", 548, 80, 137], [""무색소"", 308, 33, 455], [""BIO YUGA"", 336, 38, 62], [""CARAMEL"", 352, 49, 65], [""2.28782m"", 416, 53, 334], [""2021"", 425, 36, 243], [""gCg cus kce"", 545, 56, 503], [""W1.000"", 548, 76, 139], [""C464"", 572, 58, 299], [""AIK"", 620, 38, 23], [""캬라멜"", 327, 72, 199]]"
002009,2021,12,02,2021-12-02,det5,MTAIUAND:BESTBEFOFE02122021(AUSTPALIA),"[[""MTAIUAND:BESTBEFOFE02122021(AUSTPALIA)"", 556, 37, 1]]"
002010,2021,12,02,2021-12-02,s2,"N,TAIWAN);BEST BEF0RE 02 12 2021(AJSTRALIA)","[[""N,TAIWAN);BEST BEF0RE 02 12 2021(AJSTRALIA)"", 355, 44, 22]]"
002011,2020,06,30,2020-06-30,fail,[Unel | 2020.C6.30 2020.C6.30 2020.CO. 30 2020.C6.30 2020.C6.30 [Un] 2020.C6.30 | 2020.C6.30 | 2020.C6.30,"[[""2020.C6.30"", 403, 32, 317], [""2020.C6.30"", 402, 35, 314], [""2020.C6.30"", 390, 146, 541], [""2020.C6.30"", 403, 32, 317], [""2020.C6.30"", 520, 33, 411], [""[Unel"", 148, 68, 62], [""[Un]"", 359, 40, 240], [""2020.C6.30"", 808, 49, 640], [""2020.CO. 30"", 404, 35, 316], [""2020.C6.30"", 404, 31, 317]]"
002012,2020,06,30,2020-06-30,fail,2020.C6.30 2020.C6.30 2020.C6.30 2020.c6.30 2020.C6.30 2020.C6.30 | 2020.C6.30 | 2020.C6.30,"[[""2020.C6.30"", 278, 33, 281], [""2020.C6.30"", 276, 37, 278], [""2020.C6.30"", 344, 131, 346], [""2020.C6.30"", 278, 33, 280], [""2020.C6.30"", 278, 33, 280], [""2020.C6.30"", 554, 55, 566], [""2020.C6.30"", 278, 37, 279], [""2020.c6.30"", 278, 33, 280]]"
002016,2022,04,20,2022-04-20,det5,  | 19 1042022 22:04 20B 161 12387,"[["" "", 275, 192, 311], [""19 1042022 22:04 20B 161"", 420, 52, 41], [""12387"", 422, 32, 343]]"
002019,2022,03,09,2022-03-09,clahe,9-03-2022,"[[""9-03-2022"", 602, 87, 190]]"
002052,NONE,NONE,NONE,NONE,fail,유동 음동 유동기b 유동기b 유동기한 04 04-14 04-14 04-14 04-14 13149 1 4 까식 까식 | Expiny Expiny Date Expiry Date Lupiy Dale Expiry Date Expiry Date PREMIUM Date 2007 SINCE 13:45 13:45 13:45 13:45JK 13:45JK JK JK Js JK 여는 MLEMVOA 이는곳 여는곳 여는곳 | 2O0Z | 덴아크 덴마크 덴마크 덴마크 덴마크 덴마크 SCNIN 04-14 | Denmar Denmar Denmar Denmar Denmar Expiry Date 민트라떼 민트라떼 민트라떼 민트라떼 민트라떼 민트라떼 13:45 JK 여는곳 | MnC Munt Latte Munt Latte Mint Latte Munt Latte MAnC LattE 0 | C SINCE SINCE SINCE SINCE SINCE SINCE 터매교 민트라떼 덴마크 덴마크 | 2007 2007 2007 2007 2007 2007 | PREMIUM PREMIUM PREMIUM PREMIUM PREMIUM LATTE LATTE LATTE LATTE LATTE Denmaru SP:SI AONIN LOOZ nea dx 민트라떼 | Mint Latte | SINCE | 2007 | PREMIUM | LATTE,"[[""04-14"", 90, 31, 214], [""13:45"", 116, 32, 220], [""JK"", 115, 24, 377], [""여는"", 106, 21, 462], [""Expiny Date"", 119, 24, 4], [""덴마크"", 206, 57, 287], [""민트라떼"", 260, 67, 292], [""Denmar"", 259, 32, 51], [""Mint Latte"", 312, 41, 306], [""SINCE"", 446, 53, 31], [""2007"", 488, 51, 41], [""PREMIUM"", 532, 29, 64], [""LATTE"", 550, 25, 95], [""음동"", 98, 18, 10], [""유동"", 98, 25, 5], [""04"", 92, 27, 215], [""1"", 89, 20, 293], [""4"", 88, 17, 319], [""Date"", 116, 18, 103], [""13:45"", 114, 37, 218], [""JK"", 114, 29, 377], [""Expiny"", 120, 20, 4], [""덴마크"", 206, 62, 284], [""민트라떼"", 256, 86, 284], [""Denmar"", 258, 35, 47], [""MnC"", 316, 32, 305], [""0"", 311, 16, 451], [""SINCE"", 446, 65, 26], [""2007"", 488, 58, 39], [""PREMIUM"", 530, 31, 61], [""LATTE"", 548, 27, 96], [""SINCE"", 132, 208, 163], [""2007"", 126, 174, 121], [""PREMIUM"", 142, 155, 94], [""민트라떼"", 446, 305, 348], [""덴마크"", 400, 213, 399], [""C"", 412, 19, 86], [""AONIN"", 510, 194, 422], [""LOOZ"", 514, 179, 460], [""MLEMVOA"", 110, 29, 420], [""2O0Z"", 152, 51, 414], [""SCNIN"", 194, 53, 409], [""터매교"", 434, 57, 140], [""SP:SI"", 524, 33, 293], [""nea"", 523, 16, 470], [""dx"", 522, 15, 549], [""04-14"", 90, 32, 213], [""까식"", 84, 28, 493], [""유동기b"", 96, 29, 4], [""13:45JK"", 116, 34, 219], [""여는곳"", 106, 26, 458], [""Expiry Date"", 119, 24, 4], [""덴마크"", 206, 57, 286], [""Denmar"", 259, 32, 51], [""민트라떼"", 260, 65, 291], [""Munt Latte"", 311, 44, 304], [""SINCE"", 446, 55, 31], [""2007"", 488, 51, 41], [""PREMIUM"", 531, 31, 63], [""LATTE"", 550, 25, 96], [""04-14"", 90, 32, 213], [""까식"", 84, 28, 493], [""유동기b"", 96, 29, 4], [""13:45JK"", 116, 34, 219], [""여는곳"", 106, 26, 458], [""Expiry Date"", 119, 24, 4], [""덴마크"", 206, 57, 286], [""Denmar"", 259, 32, 51], [""민트라떼"", 260, 65, 291], [""Munt Latte"", 311, 44, 304], [""SINCE"", 446, 55, 31], [""2007"", 488, 51, 41], [""PREMIUM"", 531, 31, 63], [""LATTE"", 550, 25, 96], [""04-14"", 180, 53, 432], [""여는곳"", 210, 47, 920], [""JK"", 228, 51, 718], [""Expiry Date"", 238, 44, 13], [""13:45"", 233, 58, 444], [""덴마크"", 416, 117, 583], [""민트라떼"", 523, 144, 579], [""Denmaru"", 516, 62, 102], [""Mint Latte"", 624, 77, 613], [""SINCE"", 891, 102, 72], [""2007"", 976, 103, 85], [""PREMIUM"", 1062, 48, 131], [""LATTE"", 1097, 40, 198], [""Lupiy Dale"", 116, 29, 4], [""Js"", 115, 28, 377], [""덴아크"", 207, 54, 288], [""민트라떼"", 260, 64, 292], [""MAnC LattE"", 312, 45, 305], [""SINCE"", 446, 49, 33], [""2007"", 488, 48, 46], [""13149"", 104, 75, 204], [""유동기한"", 96, 29, 6], [""04-14"", 90, 32, 213], [""JK"", 114, 31, 373], [""이는곳"", 105, 30, 458], [""Expiry Date"", 119, 26, 2], [""13:45"", 116, 34, 220], [""Denmar"", 260, 31, 51], [""Munt Latte"", 312, 42, 306], [""2007"", 488, 48, 44], [""PREMIUM"", 532, 29, 65], [""LATTE"", 549, 24, 97], [""덴마크"", 206, 55, 288], [""민트라떼"", 260, 67, 292], [""SINCE"", 446, 52, 31]]"
002054,NONE,NONE,NONE,NONE,fail,", noMeeHne 18. beAKn A fett/ radas/   00 g: | rgi/ ergi / ergi/ ergi/ ergi/ 00 g: 00 g: 00 g: 00 g: 00 g: VMECS o  BAaKHOC  Bo3AyXa  He rrt ocht sValt. / XpaHuTb npn ar en lugar fresco y seco. 2433k//kA* 2433k/kA×/ 2433kJ/kAk/ 2433kJ/kAk/ 590 kcal/kkaA 590kcal/kkaa 590kcal/kkaa 590kcal/kkan 2433k//kAx/ 590kcal/kkan 01000, PoccMg,r.MocKBa, peeHM Ha TeppuTopn P: tan6A,SE-16972Solna. istribueras av / Markkinoija: ASISINVNIVSSNS ICNIT por: Lindt & Sprungli (España) outh Africa) (Pty) Ltd., 4 Bree of Ireland:POBOX 13038, ited Kingdom: 4 New Square, 0,06 g/r 15 g/r 1,0g/r 8,0g/r 31g/r 51 g/r 590kcal/kkan 2433kJ/kAl | 00 g: 51 g/r 51g/r 51g/r 51g/r 51g/r YU | radas / radas/ radas/ adas/ radas/ | fett/ fett / fett / fett/ fett/ ergi / 31g/r 31g/r 31g/r 31g/r 31g/r 2433kJ/kA/ EAL EAI EAI H EAL | Nettovikt / Macca HerTo: 8,0g/r 8,0g/r 8,0g/r 8,0g/r 8,0g/r 590kcal/kka AO KOHua: CM. WTaMn: 3 3 3 1228201026970m Best before end: Best betore end: Best before end: Best before end: Best before end: 3046920028721 3046920028721 3046920028721 046920028721 046920-028721 1046920028721 122021 Best before end: () u  u  ASITIIVNIVISNS IONIT o6p | 5 Paa pa pa pa pa es/ es/ es/ es/ 1,0g/r 1,0g/r 1,0g/r 1.0g/r 1,0g/r 51 g/r 122021 122021 12 2021 122021 12 2021 1/8900 | beAKM beAKM beAKM beAKM DeAM A radas / Net weight / Peso neto / Nettopaino / www.lindt.com 258816 LINDT SUSTAINABILITY 15g/r 15g/r 15gh 15g/r 15g/r 0.0b g/r 0,06g/r 0,06g/r 0,06g/r 0,06g/r FR-64400OLORON-SAINTE-MARIE LINDT & SPRUNGLI SAS MANUFACTURED IN FRANCE BY: KILCHBERG/ SWITZERLAND CHOCOLADEFABRIKEN LINDT & SPRUNGLI AG QUALITY GUARANTEE Parasta ennen loppua / Bäst före utgngen av / ToAeH Consumir preferentemente antes del fin de / L5640 305 L5640 30506:39 L5640 305 06:39 L5640 305 06:39 L5640-30506:39 L5640 305 06:39 06:39 3""046920""028721 1/8SL 1/80 88 88 PA PAP PAP PAP PAP ed Ceprupukaly | fett / ited Kingdom: 4 New Square, ited Kingdom: 4 New Square, ited Kingdom: 4 New Square, ited Kingdom: 4 New Square, tead Kingum: 4 New Square 31 g/r | of Ireland: PO BOX 13038, of Ireland:PO BOX 13038, of Ireland:POBOX 13038, of Ireland:POBOX 13038, lreLantPOBOx13038 | outh Africa) (Pty) Ltd., 4 Bree outh Africa) (Pty) Ltd., 4 Bree outh Africa) (Pty) Ltd., 4 Bree outh Africa) (Pty) Ltd., 4 Bree uth Ainca (Ptv Lud. 4 Brer Consumir preterentemente antes del tin de/s Consumir preferentemente antes del fin de/ Consumir preferentemente antes del fin de/ Consumir preferentemente antes del fin de / Consumir preferentemente antes del fin de / 1/80'8 | or: Lindt & Sprüngli (España) por: Lindt & Sprüngli (España) por: Lindt & Sprüngli (España) Distribueras av / Markkinoija: Distribueras av / Markkinoija: or: Lindt & Spruingli (España) or Lindt & Spungli Fspana Distribueras  av / Markkinoija: Distribueras av / Markkinoija: snibueras a Markkimo /8LS J/8LE 1/80'8 AO KOHua: CM. WTaMn: AO KOHLa: CM. WTaMn: AO KOHua: CM. WTaMn: AO KOHua: CM. WTaMn: Ao KOHLa: CM.WTaMI: /80'L J/8SL Parasta ennen loppua / Bst före utgángen av / ToAeH Parasta ennen loppua / Bäst före utgngen av/ToAeH Parasta ennen loppua / Bäst före utgngen av/ToAeH Parasta ennen loppua / Bäst före utgngen av / ToAeH Parasta ennen loppua/ Bast tore utgangen av Aoaen 1/900 3 ""046920028721 | 50g/[ an6ASE-16972Solna. tan6A,SE-16972Solna. tan6A,SE-16972Solna. tan 6A, SE-16972 Solna. eTeHMM Ha TeppMTopMn Fit peTeH3MM Ha TeppMTopu P①: peTeH3MM Ha TeppMTopu P①: peTeH3Mn Ha TeppuTopun P①: tan 6A,SE-16972Solna./ peTeH3Mn Ha TeppuTopun P①: 8,0 g/r QUALITY CHOCOHADEFAERIKEN UNDT &SPRUNOIAG 258816 CHOCOLADEFABRIKEN LINDT & SPRUNGLI AG QUALITY GUARANTEE CHOCOLADEFABRIKEN LINDT & SPRUNGLI AG QUALITY GUARANTEE QUALITY GUARANTEE CHOCOLADEFABRIKEN LINDT & SPRONGLI AG CHOCOLADEFABRIKEN LINDT & SPRONGLI AG QUA LI T Y GUARAN T E E GUARANTEE J/8LE    | 01000, PoccMs,E.MockBa. 01000, PoccM9, r.MocKBa, 01000, PoccMy, r.MocKBa, 01000, PoccMy, r.MocKBa, 01000, Poccuy, r. MocKBa, KILCHBERC  SWITZERIAND KILCHBERG / SWITZERLAND KILCHBERG / SWITZERLAND KILCHBERG/SWITZERLAND KILCHBERG/SWITZERLAND Best before end: | 5,nomeweHve18. , nomelleHne 18. ,noMeleHne 18. ,noMeleHne 18. DMeeHe 18. 800 COCOA &SPRI /sepe. MANUFACIURED IN FRANCE BY MANUFACTURED IN FRANCE BY: MANUFACTURED IN FRANCE BY: MANUFACTURED IN FRANCE BY: MANUFACTURED IN FRANCE BY: /8 LS SPR SPR &SPRO | 33 9 LINDT & SPRUNGLI SAS LINDT& SPRUNGLI SAS LINDT& SPRUNGLI SAS DNDT&SPRUNGHSAS LINDT & SPRUNGLI SAS COCOA COCOA COCOA COCOA | es/ FR-64400OLORON-SAINTE-MARIE FR-64400OLORON-SAINTE-MARIE FR-64400OLORON-SAINTE-MARIE FR-mOD OLORON-SAINTE-MARIE FR-64400OLORON-SAINTE-MARIE | ar en lugar tresco y seco. ar en lugar fresco y seco./ ar en lugar fresco y seco./ ar en lugar fresco y seco./ ar en lugar fresco y seco. / 1,0g/r LINDT SUSTAINABILITY LINDT SUSTAINABILITY LINDT SUSTAINABILITY LINDT SUSTAINABILITY LINDT SUSTAINABILITY G PRO G PRO | pa rrt ocht sValt. / XpaHuTb npn rrt ocht svalt./XpaHuTb npn rrt ocht svalt./XpaHuTb npn rt ocht sValt. / XpaHuTb npn m ocht svalt  XpaHMTh mp www.lindt.com www.lindt.com www.lindt.com www.lindt.com lindt. com 12 2021 :800 | o  BAaKHOCTN  BO3AyXa He o BAaKHOCTM BO3AyXa He o BAaKHOCTM BO3AyXa He DM BAHKTM MOAVa He o  BAaKHOCTN  Bo3AyXa He Nettovikt / Macca HeTTo: Mettovikt Macca Hemo Nettovikt / Macca HeTTo: Nettovikt / Macca HeTTo: Nettovikt / Macca HeTTo: Net weighl Peso neor Nettap Net weight / Peso neto / Nettopaino Net weight / Peso neto / Nettopaino Net weight / Peso neto / Nettopaino / Net weight / Peso neto / Nettopaino/ 50g/r 50g/r 50g/r 50g/re 50g/re | beAKM 15g/r L564030506:39 | 0,06 g /r PAP | ited Kingdom: 4 New Square, | of Ireland:PO BOX13038, | outh Africa) (Pty) Ltd., 4 Bree Consumir preferentemente antes del fin de/ | or: Lindt & Sprüngli (España) Parasta ennen loppua / Bst före utgángen av / ToAeH | Distribueras av / Markkinoija: AO KOHua: CM. WTaMn: | tan 6A,SE-16972Solna./ QUALITY GUARANTEE | peTeH3un Ha TeppuTopun P①: CHOCOLADEFABRIKEN LINDT & SPRUNGLI AG | 01000, Poccuy, r.MockBa, KILCHBERG / SWITZERLAND | ,noMelleHne 18. MANUFACTURED IN FRANCE BY: | LINDT & SPRUNGLI SAS | COCOA | FR-64400OLORON-SAINTE-MARIE | ar en lugar fresco y seco./ LINDT SUSTAINABILITY | rrt ocht svalt. / XpaHuTb npn www.lindt.com | oü BAaKHOCTM BO3AyXa He Net weight /Peso neto /Nettopaino / 50g/r | Nettovikt / Macca HeTTo:","[[""00 g:"", 103, 38, 0], [""ergi /"", 138, 31, 0], [""2433k//kAx/"", 134, 27, 80], [""590kcal/kkan"", 157, 26, 80], [""51 g/r"", 194, 35, 106], [""radas /"", 231, 26, 0], [""fett /"", 255, 26, 0], [""31g/r"", 258, 37, 103], [""EAL"", 268, 64, 679], [""046920028721"", 293, 34, 290], [""8,0g/r"", 329, 32, 100], [""Best before end:"", 333, 26, 238], [""es/"", 379, 28, 0], [""1,0g/r"", 391, 32, 100], [""pa"", 406, 31, 0], [""12 2021"", 403, 41, 272], [""beAKM"", 440, 25, 0], [""15g/r"", 442, 32, 108], [""L5640 30506:39"", 454, 46, 273], [""0,06g/r"", 478, 31, 103], [""ited Kingdom: 4 New Square,"", 514, 29, 0], [""of Ireland:PO BOX 13038,"", 537, 22, 6], [""outh Africa) (Pty) Ltd., 4 Bree"", 560, 23, 1], [""or: Lindt & Sprüngli (España)"", 584, 23, 0], [""Distribueras  av / Markkinoija:"", 606, 26, 1], [""AO KOHLa: CM. WTaMn:"", 606, 20, 240], [""tan 6A, SE-16972 Solna."", 628, 28, 0], [""peTeH3Mn Ha TeppuTopun P①:"", 652, 25, 0], [""01000, PoccM9, r.MocKBa,"", 674, 30, 0], ["", nomelleHne 18."", 696, 23, 1], [""LINDT & SPRUNGLI SAS"", 718, 21, 335], [""ar en lugar fresco y seco./"", 765, 31, 0], [""rrt ocht sValt. / XpaHuTb npn"", 790, 33, 0], [""www.lindt.com"", 788, 21, 347], [""o  BAaKHOCTN  BO3AyXa He"", 814, 29, 0], [""Net weight / Peso neto / Nettopaino/"", 816, 25, 280], [""50g/r"", 836, 65, 580], [""Nettovikt / Macca HeTTo:"", 838, 26, 279], [""PAP"", 474, 15, 691], [""Consumir preferentemente antes del fin de /"", 553, 33, 240], [""Parasta ennen loppua / Bäst före utgngen av / ToAeH"", 579, 28, 240], [""QUA LI T Y GUARAN T E E"", 632, 19, 275], [""CHOCOLADEFABRIKEN LINDT & SPRUNGLI AG"", 652, 17, 274], [""KILCHBERG / SWITZERLAND"", 668, 17, 337], [""&SPRO"", 686, 21, 669], [""MANUFACTURED IN FRANCE BY:"", 700, 17, 301], [""FR-64400OLORON-SAINTE-MARIE"", 737, 20, 294], [""COCOA"", 728, 21, 658], [""LINDT SUSTAINABILITY"", 768, 20, 298], [""00 g:"", 102, 42, 0], [""ergi/"", 136, 43, 0], [""2433k/kA×/"", 132, 34, 76], [""590kcal/kkan"", 156, 29, 78], [""51g/r"", 194, 37, 105], [""radas/"", 229, 32, 0], [""fett /"", 254, 29, 0], [""31g/r"", 258, 43, 99], [""EAL"", 269, 70, 673], [""3046920028721"", 292, 43, 273], [""8,0g/r"", 328, 36, 98], [""Best before end:"", 333, 30, 236], [""es/"", 378, 25, 0], [""1,0g/r"", 391, 42, 97], [""pa"", 406, 29, 0], [""122021"", 402, 44, 271], [""beAKM"", 441, 32, 0], [""15g/r"", 442, 39, 105], [""L5640 305"", 456, 47, 270], [""06:39"", 449, 42, 455], [""0,06g/r"", 477, 42, 98], [""PA"", 472, 12, 690], [""ited Kingdom: 4 New Square,"", 514, 32, 0], [""of Ireland: PO BOX 13038,"", 536, 29, 1], [""outh Africa) (Pty) Ltd., 4 Bree"", 560, 27, 0], [""Consumir preferentemente antes del fin de /"", 552, 34, 239], [""or: Lindt & Spruingli (España)"", 582, 27, 0], [""Parasta ennen loppua / Bst före utgángen av / ToAeH"", 578, 34, 237], [""Distribueras av / Markkinoija:"", 604, 33, 0], [""AO KOHua: CM. WTaMn:"", 604, 31, 238], [""tan 6A,SE-16972Solna./"", 628, 26, 0], [""QUALITY"", 629, 27, 272], [""GUARANTEE"", 630, 22, 416], [""peTeH3Mn Ha TeppuTopun P①:"", 651, 26, 0], [""CHOCOLADEFABRIKEN LINDT & SPRUNGLI AG"", 650, 19, 272], [""01000, Poccuy, r. MocKBa,"", 673, 35, 0], [""KILCHBERG / SWITZERLAND"", 667, 20, 335], [""5,nomeweHve18."", 695, 24, 0], [""MANUFACTURED IN FRANCE BY:"", 698, 23, 297], [""LINDT & SPRUNGLI SAS"", 719, 20, 335], [""FR-64400OLORON-SAINTE-MARIE"", 736, 22, 292], [""COCOA"", 730, 17, 657], [""ar en lugar fresco y seco. /"", 765, 33, 0], [""LINDT SUSTAINABILITY"", 767, 20, 297], [""rt ocht sValt. / XpaHuTb npn"", 789, 36, 0], [""www.lindt.com"", 786, 25, 347], [""o  BAaKHOCTN  Bo3AyXa He"", 813, 33, 0], [""Net weight / Peso neto / Nettopaino /"", 815, 32, 277], [""50g/r"", 836, 77, 575], [""Nettovikt / Macca HeTTo:"", 838, 30, 277], [""o  BAaKHOC  Bo3AyXa  He"", 116, 231, 57], [""rrt ocht sValt. / XpaHuTb npn"", 115, 230, 82], [""ar en lugar fresco y seco."", 110, 220, 106], ["", noMeeHne 18."", 68, 133, 176], [""01000, PoccMg,r.MocKBa,"", 112, 223, 198], [""peeHM Ha TeppuTopn P:"", 112, 224, 219], [""tan6A,SE-16972Solna."", 110, 220, 245], [""istribueras av / Markkinoija:"", 112, 221, 267], [""por: Lindt & Sprungli (España)"", 112, 225, 287], [""outh Africa) (Pty) Ltd., 4 Bree"", 112, 225, 314], [""of Ireland:POBOX 13038,"", 112, 221, 339], [""ited Kingdom: 4 New Square,"", 111, 222, 360], [""beAKn"", 28, 53, 436], [""fett/"", 21, 38, 624], [""radas/"", 26, 51, 645], [""00 g:"", 26, 55, 767], [""590kcal/kkan"", 141, 118, 718], [""2433kJ/kAl"", 141, 122, 739], [""0,06 g/r"", 146, 88, 393], [""15 g/r"", 143, 74, 427], [""1,0g/r"", 136, 72, 478], [""8,0g/r"", 134, 73, 541], [""31g/r"", 137, 74, 609], [""51 g/r"", 141, 72, 676], [""AO KOHua: CM. WTaMn:"", 338, 200, 268], [""Parasta ennen loppua / Bäst före utgngen av / ToAeH"", 454, 431, 290], [""Consumir preferentemente antes del fin de /"", 432, 383, 319], [""Best before end:"", 306, 137, 542], [""Nettovikt / Macca HerTo:"", 374, 191, 35], [""Net weight / Peso neto / Nettopaino /"", 421, 288, 56], [""CHOCOLADEFABRIKEN LINDT & SPRUNGLI AG"", 436, 327, 228], [""QUALITY GUARANTEE"", 436, 333, 246], [""L5640 305 06:39"", 417, 290, 407], [""122021"", 340, 135, 462], [""3\""046920\""028721"", 426, 311, 573], [""LINDT SUSTAINABILITY"", 436, 277, 109], [""FR-64400OLORON-SAINTE-MARIE"", 436, 288, 139], [""MANUFACTURED IN FRANCE BY:"", 436, 276, 178], [""LINDT & SPRUNGLI SAS"", 436, 221, 160], [""KILCHBERG/ SWITZERLAND"", 436, 214, 210], [""www.lindt.com"", 436, 193, 87], [""50g/["", 643, 134, 13], [""258816"", 618, 21, 404], [""COCOA"", 686, 56, 151], [""&SPRI"", 688, 44, 191], [""A"", 34, 21, 466], ["" "", 51, 56, 759], [""1228201026970m"", 297, 280, 270], [""ASITIIVNIVISNS IONIT"", 302, 275, 757], [""  "", 622, 226, 636], [""1/900"", 590, 89, 462], [""/8LS"", 597, 72, 179], [""J/8LE"", 600, 70, 238], [""1/80'8"", 602, 73, 312], [""/80'L"", 599, 72, 374], [""J/8SL"", 594, 72, 424], [""800"", 709, 53, 87], [""/sepe."", 709, 52, 220], [""33"", 722, 25, 371], [""9"", 724, 23, 395], [""VMECS"", 117, 14, 29], [""ASISINVNIVSSNS ICNIT"", 120, 20, 165], [""YU"", 213, 32, 511], [""() u  u "", 304, 26, 512], [""258816"", 436, 65, 110], [""1/8900"", 410, 32, 549], [""A"", 414, 19, 11], [""1/8SL"", 446, 31, 561], [""ed"", 482, 25, 711], [""1/80"", 497, 32, 564], [""1/80'8"", 558, 39, 562], [""J/8LE"", 629, 36, 565], [""/8 LS"", 693, 34, 561], ["":800"", 784, 31, 686], [""00 g:"", 103, 38, 0], [""ergi/"", 138, 35, 0], [""2433kJ/kAk/"", 132, 30, 78], [""590kcal/kkaa"", 156, 32, 78], [""51g/r"", 194, 33, 107], [""radas/"", 230, 29, 0], [""fett/"", 254, 29, 0], [""31g/r"", 258, 35, 103], [""EAI"", 268, 59, 680], [""3"", 296, 18, 280], [""3046920028721"", 293, 34, 286], [""8,0g/r"", 328, 38, 98], [""Best before end:"", 334, 29, 237], [""es/"", 379, 30, 0], [""1,0g/r"", 391, 38, 98], [""pa"", 407, 32, 0], [""122021"", 403, 40, 272], [""beAKM"", 440, 28, 0], [""15g/r"", 442, 37, 107], [""L5640 305 06:39"", 454, 48, 272], [""88"", 452, 21, 611], [""0,06g/r"", 477, 32, 103], [""PAP"", 472, 15, 692], [""ited Kingdom: 4 New Square,"", 514, 30, 0], [""of Ireland:POBOX 13038,"", 536, 25, 6], [""outh Africa) (Pty) Ltd., 4 Bree"", 560, 26, 1], [""Consumir preferentemente antes del fin de/"", 553, 33, 239], [""por: Lindt & Sprüngli (España)"", 583, 26, 1], [""Parasta ennen loppua / Bäst före utgngen av/ToAeH"", 579, 28, 239], [""Distribueras av / Markkinoija:"", 604, 29, 0], [""AO KOHua: CM. WTaMn:"", 606, 23, 240], [""tan6A,SE-16972Solna."", 628, 28, 0], [""QUALITY GUARANTEE"", 631, 24, 273], [""peTeH3MM Ha TeppMTopu P①:"", 653, 29, 0], [""CHOCOLADEFABRIKEN LINDT & SPRONGLI AG"", 652, 17, 275], [""01000, PoccMy, r.MocKBa,"", 674, 31, 0], [""KILCHBERG/SWITZERLAND"", 668, 20, 336], ["",noMeleHne 18."", 696, 23, 1], [""SPR"", 686, 17, 673], [""MANUFACTURED IN FRANCE BY:"", 698, 23, 299], [""LINDT& SPRUNGLI SAS"", 719, 24, 334], [""FR-64400OLORON-SAINTE-MARIE"", 736, 23, 293], [""COCOA"", 728, 24, 656], [""ar en lugar fresco y seco./"", 766, 31, 0], [""LINDT SUSTAINABILITY"", 768, 23, 296], [""G PRO"", 770, 17, 670], [""rrt ocht svalt./XpaHuTb npn"", 790, 33, 0], [""www.lindt.com"", 787, 22, 346], [""o BAaKHOCTM BO3AyXa He"", 814, 29, 0], [""Net weight / Peso neto / Nettopaino"", 816, 30, 280], [""50g/re"", 836, 67, 580], [""Nettovikt / Macca HeTTo:"", 839, 27, 280], [""00 g:"", 103, 38, 0], [""ergi/"", 138, 35, 0], [""2433kJ/kAk/"", 132, 30, 78], [""590kcal/kkaa"", 156, 32, 78], [""51g/r"", 194, 33, 107], [""radas/"", 230, 29, 0], [""fett/"", 254, 29, 0], [""31g/r"", 258, 35, 103], [""EAI"", 268, 59, 680], [""3"", 296, 18, 280], [""3046920028721"", 293, 34, 286], [""8,0g/r"", 328, 38, 98], [""Best before end:"", 334, 29, 237], [""es/"", 379, 30, 0], [""1,0g/r"", 391, 38, 98], [""pa"", 407, 32, 0], [""122021"", 403, 40, 272], [""beAKM"", 440, 28, 0], [""15g/r"", 442, 37, 107], [""L5640 305 06:39"", 454, 48, 272], [""88"", 452, 21, 611], [""0,06g/r"", 477, 32, 103], [""PAP"", 472, 15, 692], [""ited Kingdom: 4 New Square,"", 514, 30, 0], [""of Ireland:POBOX 13038,"", 536, 25, 6], [""outh Africa) (Pty) Ltd., 4 Bree"", 560, 26, 1], [""Consumir preferentemente antes del fin de/"", 553, 33, 239], [""por: Lindt & Sprüngli (España)"", 583, 26, 1], [""Parasta ennen loppua / Bäst före utgngen av/ToAeH"", 579, 28, 239], [""Distribueras av / Markkinoija:"", 604, 29, 0], [""AO KOHua: CM. WTaMn:"", 606, 23, 240], [""tan6A,SE-16972Solna."", 628, 28, 0], [""QUALITY GUARANTEE"", 631, 24, 273], [""peTeH3MM Ha TeppMTopu P①:"", 653, 29, 0], [""CHOCOLADEFABRIKEN LINDT & SPRONGLI AG"", 652, 17, 275], [""01000, PoccMy, r.MocKBa,"", 674, 31, 0], [""KILCHBERG/SWITZERLAND"", 668, 20, 336], ["",noMeleHne 18."", 696, 23, 1], [""SPR"", 686, 17, 673], [""MANUFACTURED IN FRANCE BY:"", 698, 23, 299], [""LINDT& SPRUNGLI SAS"", 719, 24, 334], [""FR-64400OLORON-SAINTE-MARIE"", 736, 23, 293], [""COCOA"", 728, 24, 656], [""ar en lugar fresco y seco./"", 766, 31, 0], [""LINDT SUSTAINABILITY"", 768, 23, 296], [""G PRO"", 770, 17, 670], [""rrt ocht svalt./XpaHuTb npn"", 790, 33, 0], [""www.lindt.com"", 787, 22, 346], [""o BAaKHOCTM BO3AyXa He"", 814, 29, 0], [""Net weight / Peso neto / Nettopaino"", 816, 30, 280], [""50g/re"", 836, 67, 580], [""Nettovikt / Macca HeTTo:"", 839, 27, 280], [""00 g:"", 206, 66, 0], [""ergi /"", 276, 60, 0], [""2433kJ/kA/"", 267, 52, 159], [""590kcal/kka"", 313, 48, 164], [""o6p"", 314, 37, 1334], [""51 g/r"", 387, 58, 220], [""Ceprupukaly"", 437, 54, 1330], [""radas /"", 460, 51, 0], [""fett /"", 508, 48, 1], [""31 g/r"", 516, 65, 211], [""3"", 590, 41, 559], [""\""046920028721"", 587, 56, 600], [""8,0 g/r"", 658, 64, 202], [""Best before end:"", 667, 51, 478], [""es/"", 757, 56, 0], [""1,0g/r"", 782, 60, 204], [""12 2021"", 807, 76, 546], [""pa"", 813, 56, 0], [""15g/r"", 884, 65, 218], [""beAKM"", 880, 47, 0], [""L564030506:39"", 909, 87, 552], [""0,06 g /r"", 956, 59, 209], [""PAP"", 948, 42, 1377], [""ited Kingdom: 4 New Square,"", 1029, 46, 4], [""of Ireland:PO BOX13038,"", 1074, 47, 14], [""outh Africa) (Pty) Ltd., 4 Bree"", 1122, 53, 0], [""Consumir preferentemente antes del fin de/"", 1106, 55, 485], [""Parasta ennen loppua / Bst före utgángen av / ToAeH"", 1158, 52, 482], [""or: Lindt & Sprüngli (España)"", 1167, 48, 0], [""Distribueras av / Markkinoija:"", 1211, 48, 2], [""AO KOHua: CM. WTaMn:"", 1210, 44, 483], [""tan 6A,SE-16972Solna./"", 1256, 43, 2], [""QUALITY GUARANTEE"", 1260, 39, 550], [""peTeH3un Ha TeppuTopun P①:"", 1305, 52, 0], [""CHOCOLADEFABRIKEN LINDT & SPRUNGLI AG"", 1302, 31, 549], [""01000, Poccuy, r.MockBa,"", 1347, 50, 2], [""KILCHBERG / SWITZERLAND"", 1334, 29, 673], ["",noMelleHne 18."", 1392, 40, 5], [""MANUFACTURED IN FRANCE BY:"", 1398, 31, 601], [""LINDT & SPRUNGLI SAS"", 1436, 36, 673], [""COCOA"", 1458, 31, 1318], [""FR-64400OLORON-SAINTE-MARIE"", 1474, 32, 592], [""ar en lugar fresco y seco./"", 1532, 61, 0], [""LINDT SUSTAINABILITY"", 1534, 31, 598], [""rrt ocht svalt. / XpaHuTb npn"", 1580, 60, 0], [""www.lindt.com"", 1573, 38, 700], [""oü BAaKHOCTM BO3AyXa He"", 1629, 54, 0], [""Net weight /Peso neto /Nettopaino /"", 1632, 49, 561], [""50g/r"", 1670, 117, 1164], [""Nettovikt / Macca HeTTo:"", 1677, 42, 563], [""H"", 267, 40, 686], [""046920-028721"", 292, 37, 293], [""00 g:"", 102, 35, 0], [""rgi/"", 137, 34, 0], [""2433k//kA*"", 132, 27, 79], [""590 kcal/kkaA"", 156, 29, 79], [""51g/r"", 193, 35, 107], [""adas/"", 230, 25, 2], [""fett/"", 254, 25, 0], [""31g/r"", 256, 35, 103], [""3"", 295, 16, 281], [""1046920028721"", 292, 37, 298], [""8,0g/r"", 328, 35, 99], [""Best betore end:"", 334, 23, 239], [""5"", 379, 12, 4], [""1.0g/r"", 390, 32, 100], [""Paa"", 405, 18, 1], [""15gh"", 440, 35, 108], [""DeAM"", 442, 17, 4], [""L5640-30506:39"", 454, 45, 273], [""0.0b g/r"", 478, 31, 101], [""PAP"", 474, 14, 692], [""tead Kingum: 4 New Square"", 514, 25, 6], [""lreLantPOBOx13038"", 536, 19, 14], [""uth Ainca (Ptv Lud. 4 Brer"", 560, 20, 5], [""Consumir preterentemente antes del tin de/s"", 553, 28, 241], [""or Lindt & Spungli Fspana"", 582, 25, 3], [""Parasta ennen loppua/ Bast tore utgangen av Aoaen"", 579, 28, 239], [""snibueras a Markkimo"", 606, 26, 4], [""Ao KOHLa: CM.WTaMI:"", 606, 20, 242], [""an6ASE-16972Solna."", 628, 24, 3], [""QUALITY GUARANTEE"", 631, 21, 273], [""eTeHMM Ha TeppMTopMn Fit"", 652, 26, 3], [""CHOCOHADEFAERIKEN UNDT &SPRUNOIAG"", 651, 18, 272], [""01000, PoccMs,E.MockBa."", 674, 27, 3], [""KILCHBERC  SWITZERIAND"", 668, 21, 335], [""DMeeHe 18."", 696, 20, 5], [""MANUFACIURED IN FRANCE BY"", 699, 20, 302], [""DNDT&SPRUNGHSAS"", 720, 17, 338], [""FR-mOD OLORON-SAINTE-MARIE"", 738, 19, 294], [""ar en lugar tresco y seco."", 765, 29, 0], [""LINDT SUSTAINABILITY"", 768, 21, 297], [""m ocht svalt  XpaHMTh mp"", 790, 32, 1], [""lindt."", 787, 14, 405], [""com"", 788, 19, 466], [""DM BAHKTM MOAVa He"", 815, 24, 3], [""Net weighl Peso neor Nettap"", 816, 23, 284], [""Mettovikt Macca Hemo"", 840, 21, 284], [""12 2021"", 402, 39, 277], [""50g/r"", 835, 64, 580]]"
002055,2016,09,06,2016-09-06,fail,"oMeujeHne 18. th Africa) (Pty) Ltd., D 2AKM das/ . g: | gi/ gi/ gi/ gi/ 0g: 0g: 0g: 0g: BAaxHOCTM  BO3AyXa He ocht svalt. / XpaHwTb npn en lugar fresco y seco. / 2433kJ/xAx 590kcal/kkaA 590kcal/kkaA 2433k/kAx/ 2433kJ/kAk 2433kJ/kAk 590kcal/ocaA 590kcal/kkaa 2433k//kAk/ 590kcal/kkaA 0o,PoccMs,r.MocKBa, TeH3Mn Ha TeppMTopun P$: 6A,SE-16972Solna : Lindt & Sprungli (España) Ireland:POBOx13038, ALITIIVNIVLSNS LONIT WOIPU!IMMM 0,06g/r 15g/r 1,0g/r 8,0g/r 31 g/r 51 g/r 590kcal/kkaA 2433kl/kA/ J/80S | 0g: 51 g/r 51 g/r 51 g/r 51 g/r 51 g/r 4 Bree ONVTSIZLIMS/EIIHCTIX | das/ das/ das/ das/     | tt/ t! t! tt/ gi/ 31 g/r 31 g/r 31 g/r 31g/r 31g/r 2433kj/kAk/ EAL EAL EAL EAL EA[ | 3 3 3 3 046020-028 3046920028721 3046920028721 046920028721 1046920028721 046920028721 (eued) unuds  pu: | Nettovikt / Macca Herro: 1,0g/r 1,0 g /r 1,0g/r 1,0g/r 1,0g/r 8,0 g /r 8,0g/r 8,0g/r 8,0 g/r 8,0 g/r AO KOHua: CM. WTaMn: 1268201026970m 51 g/r 590kcal/kkaA 12 Best before end Best before end: Best before end: Best before end: Best before end: 122021 122021 122021 12 2021 2021 L5640 122021 Best before end: 3 /8900 'aenbs Mn t opuly p ALITIBVNIVLSNS LONIT WOIPU!IMMM D D D | PAKM PAKM PAKM PAKM UKC4 15 g/r 15 g/r 15 g/r 15 g/r 15 g,/r L5640 L564030506:39 L564030506:39 L564030506:39 L564030506:39 305 06:39 MOXVS | tt/ das/ Net weight / Peso neto / Nettopaino/ FT d Kingdom: 4 New www.Iindt.com PTY LINDT SUSTAINABILITY fIreland:POBOX13038, fIreland:POBOX13038, fIreland:POBOX13038, th Africa) (Pty) Ltd., 4 Bree th Africa) (Pty) Ltd., 4 Bree th Africa) (Pty) Ltd., 4 Bree d Kingdom: 4 New Square, d Kingdom: 4 New Square, d Kingdom: 4 New Square, f Ireland:POBOX13038 th Africa) (Pty) Ltd, 4 Bree B_X FR-64400OLORON-SAINTE-MARIE 0,06g/r 0,06 g /r 0,06g/r 0,06g/r 0,06g/r LINDT& SPRONGLI SAS MANUFACTURED IN FRANCE BY: Square, pane, KILCHBERG/ SWITZERLAND 038, Beee QUALITY GUARANTEE 31 g/r Parasta ennen loppua / Bst fore utgngen av / ToAeH Consumir preferentemente antes del fin de /  LZ0Z ZL 30506:39 Consumir preferentemente antes del fin de/ LZOZ ZL Consumir preferentemente antes del fin de / Consumir preferentemente antes del fin de/ Consumir preferentemente antes del fin de/ Consumir preferentemente antes del fin de / ""046920""028721 AIITVNO LaNI PAP PAP PAP PAP EAL | & opnung : Lindt & Sprungli (España) : Lindt & Sprungli (España) : Lindt & Sprungli (España) : Lindt & Sprungli (España) spana Parasta ennen loppua /Bast fore utgangen av/FoAeH Parasta ennen loppua /Bast fore utgangen av/FoAeH Parasta ennen loppua / Bst fóre utgángen av / ToAeH Parasta ennen loppua/Bist fire utgdingen av/Fowe Parasta ennen loppua / Bst före utgángen av / ToAeH 046920""028721 | B] stribueras av / Markkinoija: stribueras av /Markkinoija: stribueras av /Markkinoija: stribueras av / Markkinoija: Ln-L AO KoHua: CM. WITaMn: AO KDHUa CM WTaMIL AO KOHua: CM. WITaMn: Ao KoHua: CM. MTaMn: Ao KoHua: CM. MTaMn: 3 /8 LE | 5E- 16-9 6A,SE-16972Solna. 6A,SE-16972Solna. 6A,SE-16972Solna. 6A,SE-16972Solna. bolnua QUALITY QUALITY QUALITY CUARANTEE QUALITY CUARANTEE QUALITY GUARANTEE GUARANTEE C U AR AN TE E /1 | TeHeM H TeppeTpe PD TeHmn Ha eppwTopun PD: TeHMM Ha TeppuTopMn PD: TeHMM Ha TeppuTopMn PD: TeH3MM Ha TeppuTopMn PD: HOC OLADEFARRLEN UNDT A SRONCL AO CHOCOLADEFABRIKEN LINDT & SPRONGLI AG CHOCOLADEFABRIKEN LINDT & SPRONGLI AG CHOCOLADEFARRIKEN LINDT A SPRONGLI AG CHOCOLADEFARRIKEN LINDT A SPRONGLI AG | 00. 000,PocMS, PoCCAR 0oo,PoccMs,r.MockBa, 000,PoccMs,F,MockBa, 000,PoccMs,F,MockBa, MockBa, M X.B-3 8,0 g/r KILCHBERG / SWITZERLAND KILCHERO/SWITIERLAND KILCHBERG/ SWITZERLAND KILCHBERG/SWITZERLAND KILCHBERG/SWITZERLAND Best before end: J/8 LS | CULC-se ToMeueHne 18. ToMeueHne 18. oMeueHe18. TOMeweHMe18. 18 MANUFACTURED IN FRANCE BY: MANUFACTURED IN FRANCE BY: MLANLFACTURED IN FRANCE BY MANUFACTURED IN FRANCE BY: MANUFACTURED IN FRANCE BY: | 50g/r J/8 LS /8 1E 1/0 258816 J/8SL /8900 FR-64400OLORON-SAINTE-MARIE FR-64OO OLORON-SAINTE-MARIE FR-64400OLORON-SAINTE-MARIE FR-64400OLORON-SAINTE-MARIE FR-64400OLORON-SAINTE-MARIE LINDT & SPRONGLI SAS LINDT& SPRONGLI SAS LINDT & SPRONGLI SAS LINDT & SPRONGLI SAS LINOT& SPRUNGLISAS 'auenbs Mn t :opsu (eues)unds  u GOCOA GOCOA COCOA COCOA | en lugar en lugar fresco y seco. / fre en lugar fresco y seco. / en lugar fresco y seco./ en lugar fresco y seco./ LINDT SUSTAINADILIT LINDT SUSTAINABILITY LINDT SUSTAINABILITY LINDT SUSTAINABILITY LINDT SUSTAINABILITY :80 | oht svalt/ ocht svalt. / XpaHnTb npn ocht svalt. / XpaHnTb npn ocht svalt./XpaHwTb npn ocht svalt./XpaHwTb npn XP4IHMTb Npe 1,0g/r www.Iindt.com www.lindt.com www.lindt.com www.lindt.com lio dt | BADOOCTMBDAyU BAaXHOCTM BO3AyXa He BAaXHOCTM BO3AyXa He BAaXHOCTM BO3AyXa He BAaxHOCTM  BO3AyXa He HrvTK Nettovikt / Macca Herro: Nettovikt / Macca Herro: Nettovikt/Macca Herro: Nettovikt/Macca Herro: Ho Dek MuCCa HeTR Net weight /Peso neto / Nettopaino. Net weight/ Peso neto / Nettopaino Net weight/ Peso neto / Nettopaino Net weight / Peso neto / Nettopaino/ 50g/r 50g/r 50g/r 50g/r 50g/re 122021 | sep WXVE | BAKM 15 g/r L5640305 506:39 | 006g/r PAP | d Kingdom: 4 New Square, | fIreland:POBOX13038, | th Africa) (Pty) Ltd., 4 Bree Consumir preferentemente antes del fin de/ | : Lindt  Sprüngli (España) Parasta ennen loppua /Bást före utgángen av /ToAeH | stribueras av/Markkinoija: Ao KOHua: CM.WTaMn: | 6A,SE-16972Solna. QUALITY GUARANTEE | TeH3Mn Ha TeppMTopMn P: CHOCOLADEFABRIKEN LINDT & SPRONGLI AG | ooo,PoccMs,r.MockBa, KILCHBERG /SWITZERLAND | OMeujeHme 18. MANUFACTURED IN FRANCE BY: LINDT | LINDT & SPRUNGLI SAS | COCOA | FR-64400 OLORON-SAINTE-MARIE | en lugar fresco y seco./ LINDT SUSTAINABILITY | ocht svalt./XpaHnTb npn www.iindt.com | BAaXKHOCTM BO3AyXa He Net weight/Peso neto/Nettopaino/ 50g/r | Nettovikt/ Macca HeTTo:","[[""0g:"", 86, 21, 0], [""2433k/kAx/"", 104, 26, 55], [""590kcal/kkaA"", 122, 25, 56], [""51 g/r"", 148, 26, 80], [""das/"", 177, 20, 0], [""EAL"", 192, 51, 578], [""31 g/r"", 194, 24, 78], [""046920028721"", 213, 32, 244], [""8,0g/r"", 246, 27, 73], [""Best before end:"", 246, 25, 193], [""1,0g/r"", 290, 27, 73], [""122021"", 294, 37, 223], [""15 g/r"", 327, 26, 79], [""L564030506:39"", 330, 41, 223], [""0,06g/r"", 352, 25, 75], [""d Kingdom: 4 New Square,"", 380, 23, 0], [""fIreland:POBOX13038,"", 396, 27, 0], [""th Africa) (Pty) Ltd., 4 Bree"", 413, 26, 0], ["": Lindt & Sprungli (España)"", 430, 26, 0], [""stribueras av / Markkinoija:"", 446, 27, 0], [""6A,SE-16972Solna."", 462, 25, 0], [""TeHmn Ha eppwTopun PD:"", 480, 28, 0], [""0oo,PoccMs,r.MockBa,"", 494, 23, 0], [""en lugar fresco y seco. /"", 560, 23, 3], [""ocht svalt. / XpaHnTb npn"", 580, 21, 1], [""50g/re"", 600, 45, 489], [""gi/"", 109, 18, 0], [""tt/"", 194, 20, 0], [""3"", 218, 15, 230], [""PAKM"", 330, 15, 0], [""PAP"", 336, 13, 586], [""Consumir preferentemente antes del fin de /"", 401, 34, 194], [""Parasta ennen loppua / Bst före utgángen av / ToAeH"", 419, 32, 192], [""AO KoHua: CM. WITaMn:"", 440, 22, 194], [""QUALITY GUARANTEE"", 456, 28, 222], [""CHOCOLADEFABRIKEN LINDT & SPRONGLI AG"", 471, 22, 222], [""KILCHBERG / SWITZERLAND"", 482, 19, 276], [""oMeueHe18."", 513, 22, 0], [""MANUFACTURED IN FRANCE BY:"", 506, 24, 243], [""LINDT& SPRONGLI SAS"", 520, 22, 274], [""COCOA"", 521, 18, 555], [""FR-64400OLORON-SAINTE-MARIE"", 534, 28, 237], [""LINDT SUSTAINABILITY"", 555, 23, 241], [""www.lindt.com"", 569, 22, 285], [""Net weight /Peso neto / Nettopaino."", 590, 23, 227], [""BAaXHOCTM BO3AyXa He"", 597, 22, 9], [""Nettovikt / Macca Herro:"", 608, 20, 226], [""0g:"", 86, 23, 0], [""gi/"", 110, 23, 0], [""2433k//kAk/"", 104, 27, 55], [""590kcal/kkaa"", 120, 27, 55], [""51 g/r"", 148, 29, 80], [""D"", 257, 206, 565], [""das/"", 177, 20, 0], [""tt/"", 194, 19, 0], [""31 g/r"", 194, 31, 74], [""3"", 218, 18, 228], [""046920028721"", 212, 36, 244], [""8,0g/r"", 246, 25, 73], [""Best before end:"", 245, 24, 192], [""1,0g/r"", 290, 27, 72], [""12"", 296, 25, 225], [""2021"", 292, 32, 264], [""PAKM"", 328, 19, 0], [""15 g/r"", 326, 25, 79], [""305"", 329, 32, 317], [""06:39"", 324, 34, 386], [""L5640"", 334, 35, 222], [""0,06g/r"", 352, 29, 73], [""d Kingdom: 4 New"", 380, 23, 0], [""Square,"", 379, 21, 125], [""f Ireland:POBOX13038"", 396, 29, 0], [""th Africa) (Pty) Ltd, 4 Bree"", 412, 30, 0], [""Consumir preferentemente antes del fin de /"", 400, 38, 193], [""Parasta ennen loppua / Bst fóre utgángen av / ToAeH"", 418, 33, 191], ["": Lindt & Sprungli (España)"", 429, 28, 0], [""stribueras av / Markkinoija:"", 446, 25, 0], [""AO KOHua: CM. WITaMn:"", 439, 25, 193], [""6A,SE-16972Solna."", 461, 24, 2], [""QUALITY"", 458, 24, 221], [""GUARANTEE"", 454, 23, 348], [""TeH3MM Ha TeppuTopMn PD:"", 479, 29, 0], [""CHOCOLADEFABRIKEN LINDT & SPRONGLI AG"", 470, 25, 220], [""000,PocMS,"", 494, 20, 0], [""MockBa,"", 493, 18, 115], [""KILCHBERG/ SWITZERLAND"", 482, 22, 275], [""TOMeweHMe18."", 510, 25, 0], [""MANUFACTURED IN FRANCE BY:"", 505, 24, 242], [""LINDT & SPRONGLI SAS"", 519, 23, 274], [""COCOA"", 520, 15, 556], [""FR-64400OLORON-SAINTE-MARIE"", 533, 28, 236], [""en lugar fresco y seco. /"", 561, 26, 0], [""LINDT SUSTAINABILITY"", 554, 24, 240], [""ocht svalt. / XpaHnTb npn"", 578, 23, 0], [""www.Iindt.com"", 569, 21, 284], [""Net weight / Peso neto / Nettopaino/"", 590, 28, 225], [""50g/r"", 599, 52, 486], [""BAaxHOCTM  BO3AyXa He"", 596, 23, 7], [""Nettovikt / Macca Herro:"", 607, 22, 224], [""BAaxHOCTM  BO3AyXa He"", 96, 177, 31], [""ocht svalt. / XpaHwTb npn"", 93, 181, 51], [""en lugar fresco y seco. /"", 94, 181, 68], [""oMeujeHne 18."", 52, 95, 115], [""0o,PoccMs,r.MocKBa,"", 89, 177, 134], [""TeH3Mn Ha TeppMTopun P$:"", 89, 178, 147], [""6A,SE-16972Solna"", 86, 172, 164], ["": Lindt & Sprungli (España)"", 90, 177, 198], [""th Africa) (Pty) Ltd.,"", 66, 131, 215], [""Ireland:POBOx13038,"", 91, 176, 231], [""2AKM"", 17, 32, 304], [""das/"", 16, 29, 455], [""."", 10, 15, 525], [""g:"", 18, 30, 544], [""590kcal/kkaA"", 112, 106, 508], [""2433kl/kA/"", 111, 110, 520], [""0,06g/r"", 111, 76, 275], [""15g/r"", 108, 65, 298], [""1,0g/r"", 104, 65, 335], [""8,0g/r"", 105, 62, 383], [""31 g/r"", 107, 60, 432], [""51 g/r"", 110, 58, 481], [""4 Bree"", 152, 49, 222], [""AO KOHua: CM. WTaMn:"", 282, 177, 188], [""Parasta ennen loppua / Bst fore utgngen av / ToAeH"", 379, 376, 203], [""Consumir preferentemente antes del fin de / "", 362, 337, 222], [""Best before end:"", 253, 123, 382], [""Nettovikt / Macca Herro:"", 308, 163, 21], [""Net weight / Peso neto / Nettopaino/"", 351, 254, 35], [""QUALITY GUARANTEE"", 364, 290, 170], [""L5640"", 273, 98, 288], [""122021"", 281, 114, 327], [""3"", 242, 30, 413], [""LINDT SUSTAINABILITY"", 362, 243, 73], [""FR-64400OLORON-SAINTE-MARIE"", 363, 254, 93], [""MANUFACTURED IN FRANCE BY:"", 364, 244, 122], [""\""046920\""028721"", 370, 240, 407], [""LINDT& SPRONGLI SAS"", 362, 184, 110], [""KILCHBERG/ SWITZERLAND"", 362, 181, 147], [""www.Iindt.com"", 365, 165, 60], [""30506:39"", 388, 166, 294], [""50g/r"", 543, 112, 13], [""258816"", 524, 19, 295], [""D"", 40, 53, 160], [""J/80S"", 94, 117, 574], [""1268201026970m"", 270, 243, 191], [""ALITIBVNIVLSNS LONIT"", 279, 245, 542], [""WOIPU!IMMM"", 279, 167, 559], [""LZ0Z ZL"", 358, 116, 276], [""AIITVNO"", 359, 121, 447], [""LaNI"", 340, 53, 512], [""'auenbs Mn t :opsu"", 548, 173, 368], [""(eues)unds  u"", 547, 178, 416], [""J/8 LS"", 530, 63, 137], [""/8900"", 528, 75, 343], [""/8 1E"", 533, 60, 183], [""1/0"", 534, 63, 277], [""J/8SL"", 530, 57, 316], [""sep"", 627, 20, 171], [""WXVE"", 624, 31, 323], [""WOIPU!IMMM"", 71, 21, 202], [""ALITIIVNIVLSNS LONIT"", 85, 24, 158], [""ONVTSIZLIMS/EIIHCTIX"", 158, 18, 189], [""   "", 160, 29, 458], [""(eued) unuds  pu:"", 210, 25, 458], [""'aenbs Mn t opuly p"", 260, 26, 459], [""/8900"", 288, 23, 492], [""MOXVS"", 310, 15, 608], [""LZOZ ZL"", 346, 37, 299], [""B]"", 450, 52, 14], [""/8 LE"", 446, 24, 504], [""/1"", 446, 17, 617], [""J/8 LS"", 492, 21, 502], ["":80"", 554, 21, 610], [""0g:"", 86, 21, 0], [""gi/"", 109, 18, 1], [""2433kJ/kAk"", 104, 28, 55], [""590kcal/kkaA"", 122, 27, 54], [""51 g/r"", 148, 24, 80], [""das/"", 177, 20, 0], [""EAL"", 192, 51, 580], [""t!"", 194, 20, 0], [""31g/r"", 194, 24, 78], [""3"", 218, 15, 230], [""3046920028721"", 213, 34, 235], [""D"", 248, 79, 582], [""8,0 g/r"", 246, 25, 74], [""Best before end:"", 246, 25, 192], [""1,0g/r"", 290, 31, 72], [""122021"", 294, 37, 225], [""PAKM"", 330, 16, 0], [""15 g/r"", 327, 24, 79], [""L564030506:39"", 330, 43, 223], [""PAP"", 336, 25, 585], [""0,06g/r"", 352, 23, 75], [""d Kingdom: 4 New Square,"", 379, 26, 0], [""fIreland:POBOX13038,"", 395, 27, 1], [""Consumir preferentemente antes del fin de/"", 400, 37, 192], [""th Africa) (Pty) Ltd., 4 Bree"", 413, 30, 0], [""Parasta ennen loppua /Bast fore utgangen av/FoAeH"", 419, 32, 192], ["": Lindt & Sprungli (España)"", 430, 25, 0], [""stribueras av /Markkinoija:"", 446, 27, 0], [""Ao KoHua: CM. MTaMn:"", 440, 23, 195], [""6A,SE-16972Solna."", 462, 25, 1], [""QUALITY CUARANTEE"", 456, 28, 222], [""TeHMM Ha TeppuTopMn PD:"", 480, 26, 0], [""CHOCOLADEFARRIKEN LINDT A SPRONGLI AG"", 471, 24, 222], [""000,PoccMs,F,MockBa,"", 495, 26, 0], [""KILCHBERG/SWITZERLAND"", 482, 19, 276], [""ToMeueHne 18."", 513, 22, 0], [""MANUFACTURED IN FRANCE BY:"", 506, 24, 242], [""LINDT & SPRONGLI SAS"", 520, 21, 274], [""GOCOA"", 522, 17, 554], [""FR-64400OLORON-SAINTE-MARIE"", 534, 27, 237], [""en lugar fresco y seco./"", 560, 23, 3], [""LINDT SUSTAINABILITY"", 555, 24, 241], [""ocht svalt./XpaHwTb npn"", 580, 21, 2], [""www.lindt.com"", 569, 22, 286], [""Net weight/ Peso neto / Nettopaino"", 590, 24, 226], [""50g/r"", 599, 48, 488], [""BAaXHOCTM BO3AyXa He"", 597, 22, 7], [""Nettovikt/Macca Herro:"", 608, 20, 226], [""0g:"", 86, 21, 0], [""gi/"", 109, 18, 1], [""2433kJ/kAk"", 104, 28, 55], [""590kcal/kkaA"", 122, 27, 54], [""51 g/r"", 148, 24, 80], [""das/"", 177, 20, 0], [""EAL"", 192, 51, 580], [""t!"", 194, 20, 0], [""31g/r"", 194, 24, 78], [""3"", 218, 15, 230], [""3046920028721"", 213, 34, 235], [""D"", 248, 79, 582], [""8,0 g/r"", 246, 25, 74], [""Best before end:"", 246, 25, 192], [""1,0g/r"", 290, 31, 72], [""122021"", 294, 37, 225], [""PAKM"", 330, 16, 0], [""15 g/r"", 327, 24, 79], [""L564030506:39"", 330, 43, 223], [""PAP"", 336, 25, 585], [""0,06g/r"", 352, 23, 75], [""d Kingdom: 4 New Square,"", 379, 26, 0], [""fIreland:POBOX13038,"", 395, 27, 1], [""Consumir preferentemente antes del fin de/"", 400, 37, 192], [""th Africa) (Pty) Ltd., 4 Bree"", 413, 30, 0], [""Parasta ennen loppua /Bast fore utgangen av/FoAeH"", 419, 32, 192], ["": Lindt & Sprungli (España)"", 430, 25, 0], [""stribueras av /Markkinoija:"", 446, 27, 0], [""Ao KoHua: CM. MTaMn:"", 440, 23, 195], [""6A,SE-16972Solna."", 462, 25, 1], [""QUALITY CUARANTEE"", 456, 28, 222], [""TeHMM Ha TeppuTopMn PD:"", 480, 26, 0], [""CHOCOLADEFARRIKEN LINDT A SPRONGLI AG"", 471, 24, 222], [""000,PoccMs,F,MockBa,"", 495, 26, 0], [""KILCHBERG/SWITZERLAND"", 482, 19, 276], [""ToMeueHne 18."", 513, 22, 0], [""MANUFACTURED IN FRANCE BY:"", 506, 24, 242], [""LINDT & SPRONGLI SAS"", 520, 21, 274], [""GOCOA"", 522, 17, 554], [""FR-64400OLORON-SAINTE-MARIE"", 534, 27, 237], [""en lugar fresco y seco./"", 560, 23, 3], [""LINDT SUSTAINABILITY"", 555, 24, 241], [""ocht svalt./XpaHwTb npn"", 580, 21, 2], [""www.lindt.com"", 569, 22, 286], [""Net weight/ Peso neto / Nettopaino"", 590, 24, 226], [""50g/r"", 599, 48, 488], [""BAaXHOCTM BO3AyXa He"", 597, 22, 7], [""Nettovikt/Macca Herro:"", 608, 20, 226], [""0g:"", 172, 53, 0], [""gi/"", 220, 46, 0], [""2433kj/kAk/"", 208, 47, 114], [""590kcal/kkaA"", 243, 44, 116], [""51 g/r"", 296, 49, 164], [""das/"", 354, 37, 0], [""EAL"", 379, 98, 1151], [""tt/"", 390, 43, 0], [""31 g/r"", 389, 46, 159], [""3"", 436, 24, 463], [""046920\""028721"", 426, 57, 497], [""8,0 g/r"", 491, 48, 149], [""Best before end:"", 490, 45, 388], [""1,0g/r"", 581, 48, 150], [""122021"", 589, 62, 451], [""15 g/r"", 654, 45, 162], [""506:39"", 650, 56, 735], [""BAKM"", 660, 38, 0], [""L5640305"", 665, 66, 450], [""PAP"", 674, 39, 1167], [""006g/r"", 706, 48, 153], [""d Kingdom: 4 New Square,"", 760, 42, 2], [""fIreland:POBOX13038,"", 792, 42, 3], [""Consumir preferentemente antes del fin de/"", 801, 62, 390], [""th Africa) (Pty) Ltd., 4 Bree"", 826, 46, 1], [""Parasta ennen loppua /Bást före utgángen av /ToAeH"", 838, 53, 390], ["": Lindt  Sprüngli (España)"", 860, 45, 3], [""stribueras av/Markkinoija:"", 892, 40, 0], [""Ao KOHua: CM.WTaMn:"", 880, 41, 390], [""6A,SE-16972Solna."", 924, 40, 2], [""QUALITY GUARANTEE"", 912, 50, 446], [""TeH3Mn Ha TeppMTopMn P:"", 959, 48, 0], [""CHOCOLADEFABRIKEN LINDT & SPRONGLI AG"", 942, 38, 447], [""KILCHBERG /SWITZERLAND"", 966, 31, 554], [""ooo,PoccMs,r.MockBa,"", 990, 38, 2], [""OMeujeHme 18."", 1025, 40, 0], [""MANUFACTURED IN FRANCE BY:"", 1011, 38, 491], [""LINDT"", 1000, 57, 1079], [""LINDT & SPRUNGLI SAS"", 1039, 34, 552], [""COCOA"", 1042, 28, 1111], [""FR-64400 OLORON-SAINTE-MARIE"", 1067, 40, 481], [""en lugar fresco y seco./"", 1124, 41, 10], [""LINDT SUSTAINABILITY"", 1110, 38, 489], [""www.iindt.com"", 1138, 34, 576], [""ocht svalt./XpaHnTb npn"", 1158, 33, 7], [""50g/r"", 1198, 80, 984], [""Net weight/Peso neto/Nettopaino/"", 1180, 43, 455], [""BAaXKHOCTM BO3AyXa He"", 1194, 34, 20], [""Nettovikt/ Macca HeTTo:"", 1216, 33, 455], [""EA["", 188, 45, 577], [""046020-028"", 213, 30, 259], [""Best before end"", 246, 21, 194], [""UKC4"", 330, 9, 10], [""PAP"", 337, 16, 585], [""0,06 g /r"", 352, 19, 77], [""FT"", 382, 7, 57], [""pane,"", 379, 12, 139], [""B_X"", 396, 12, 90], [""038,"", 395, 16, 142], [""Beee"", 410, 15, 145], [""PTY"", 413, 12, 68], [""spana"", 428, 12, 129], [""&"", 431, 12, 17], [""opnung"", 431, 12, 68], [""Ln-L"", 445, 12, 106], [""AO KDHUa CM WTaMIL"", 440, 22, 195], [""5E- 16-9"", 463, 12, 44], [""bolnua"", 462, 12, 125], [""QUALITY"", 458, 20, 223], [""C U AR AN TE E"", 454, 19, 351], [""HOC OLADEFARRLEN UNDT A SRONCL AO"", 471, 22, 222], [""KILCHERO/SWITIERLAND"", 482, 19, 276], [""00."", 496, 12, 6], [""PoCCAR"", 496, 17, 37], [""M X.B-3"", 494, 11, 123], [""CULC-se"", 513, 14, 3], [""18"", 510, 13, 73], [""MLANLFACTURED IN FRANCE BY"", 506, 20, 244], [""LINOT& SPRUNGLISAS"", 520, 19, 276], [""FR-64OO OLORON-SAINTE-MARIE"", 534, 21, 240], [""en lugar"", 563, 14, 7], [""fre"", 561, 12, 65], [""LINDT SUSTAINADILIT"", 555, 20, 242], [""oht svalt/"", 580, 15, 6], [""XP4IHMTb Npe"", 580, 15, 86], [""lio dt"", 570, 15, 340], [""Ho Dek"", 591, 15, 303], [""BADOOCTMBDAyU"", 596, 17, 10], [""HrvTK"", 610, 9, 243], [""MuCCa HeTR"", 608, 13, 302], [""2433kJ/xAx"", 104, 26, 56], [""590kcal/ocaA"", 121, 24, 56], [""51 g/r"", 147, 24, 81], [""EAL"", 189, 46, 577], [""31 g/r"", 194, 26, 77], [""1046920028721"", 212, 34, 248], [""8,0 g /r"", 246, 22, 75], [""1,0 g /r"", 290, 21, 75], [""12 2021"", 294, 37, 226], [""15 g,/r"", 327, 20, 82], [""L564030506:39"", 330, 41, 223], [""Consumir preferentemente antes del fin de/"", 402, 31, 194], [""Parasta ennen loppua/Bist fire utgdingen av/Fowe"", 419, 32, 193], [""TeHeM H TeppeTpe PD"", 480, 28, 1], [""50g/r"", 599, 44, 491]]"
002060,NONE,NONE,NONE,NONE,fail,106 | 보포 보포 15mg5% | Ci용김보. Ci용김보. 플리에일 플리에일 | ~청업공iF5) ~청업공iF5) SN로 | 5 5 식품선 u분쟁해결 OnE/ OTHER 플리스틱 매일유업(취 복숨아. | 번 | 1개 | 대 제 40818 | 그로 주의바랍니다. 그로 주의바랍니다. IC IC | 吉LH号900g/100 吉LH号900g/100 | 랜 트랜스지방o8 랜스지방 0g 랜스지방 0g 08 탄수화물 5g2% 탄수화물 5g2% 午8量582%0 个量5g2% LI 0 7 | %6 00 4.5g8% 4.5g8% 4g4% | 5mg 5% 0 갑은 | Frllollcr | 플라스틱 플라스틱 1 | GG- LF? o0 | OTHER OTHER OTHER OTHER | 8180112/17 8180112/17 r | 은 세계에서 계에서 계에서 계에서 프로바이오틱 바이오틱 유산균입니다 바이오틱 유산균입니다 새오틱 유산균입니다 유산균입니다 매일유업(주 591 591 | （2018） （2018） 90 매일유업(주 매일유업(주 매일유업(주) Frllol | www.maeill. www.maeill. 明盟楼目1588-1539 明盟楼目1588-1539 ：1588-1539 www.maeil.com 1 | 04.170 04.177515:59 04.177W15:59 04.17715:59 04.17715:59 %S 80/ com com %t Suol | 个量5g2% | 5 70mg4% 트랜스지방og | 398796 风2.6g17% 4g4% | 플라스틱 | LGG | OTHER | OE/경PP | 산균은 세계에서 매일유업(쥐) | 1588-1539 | 04.177周15 www.maeil.com,"[[""个量5g2%"", 288, 33, 167], [""트랜스지방o8"", 307, 35, 120], [""GG-"", 403, 30, 64], [""매일유업(주)"", 464, 58, 331], [""번"", 200, 14, 357], [""제"", 220, 23, 368], [""4g4%"", 318, 50, 340], [""%6"", 328, 17, 76], [""플라스틱"", 390, 18, 144], [""OTHER"", 416, 24, 134], [""은 세계에서"", 452, 45, 33], [""u분쟁해결"", 167, 28, 266], [""식품선"", 178, 27, 256], [""1개"", 209, 16, 150], [""대"", 220, 12, 207], [""午8量582%0"", 290, 47, 163], [""08"", 306, 27, 209], [""랜"", 310, 21, 139], [""00"", 328, 12, 80], [""5mg 5%"", 339, 40, 78], [""플라스틱"", 391, 27, 139], [""OTHER"", 415, 28, 132], [""유산균입니다"", 450, 31, 157], [""매일유업(주"", 464, 67, 327], [""계에서"", 449, 40, 57], [""：1588-1539"", 485, 84, 302], [""프로바이오틱"", 462, 49, 63], [""www.maeil.com"", 502, 73, 317], [""04.170"", 512, 57, 173], [""15mg5%"", 112, 91, 457], [""106"", 90, 33, 483], [""OnE/"", 160, 67, 378], [""OTHER"", 157, 50, 390], [""SN로"", 148, 52, 646], [""플리스틱"", 158, 40, 414], [""복숨아."", 173, 58, 613], [""7"", 300, 95, 275], [""갑은"", 352, 33, 602], [""1"", 383, 10, 267], [""LF?"", 400, 26, 251], [""o0"", 399, 16, 447], [""40818"", 237, 54, 407], [""매일유업(취"", 176, 113, 428], [""0"", 342, 68, 487], [""90"", 464, 31, 321], [""Frllol"", 473, 66, 432], [""LI 0"", 305, 58, 200], [""Frllollcr"", 368, 35, 442], [""r"", 426, 25, 377], [""80/"", 511, 35, 305], [""%S"", 530, 36, 243], [""%t Suol"", 506, 53, 418], [""보포"", 108, 12, 188], [""플리에일"", 121, 18, 247], [""Ci용김보."", 120, 20, 179], [""~청업공iF5)"", 133, 23, 167], [""5"", 155, 10, 147], [""그로 주의바랍니다."", 249, 24, 151], [""吉LH号900g/100"", 273, 48, 192], [""IC"", 244, 8, 365], [""탄수화물 5g2%"", 288, 28, 170], [""랜스지방 0g"", 306, 24, 137], [""4.5g8%"", 324, 20, 217], [""OTHER"", 416, 21, 137], [""8180112/17"", 430, 48, 294], [""매일유업(주"", 464, 58, 331], [""계에서"", 448, 29, 59], [""바이오틱 유산균입니다"", 454, 37, 90], [""明盟楼目1588-1539"", 486, 78, 305], [""591"", 453, 26, 391], [""（2018）"", 474, 27, 121], [""04.17715:59"", 524, 118, 169], [""www.maeill."", 497, 44, 323], [""com"", 518, 28, 401], [""보포"", 108, 12, 188], [""플리에일"", 121, 18, 247], [""Ci용김보."", 120, 20, 179], [""~청업공iF5)"", 133, 23, 167], [""5"", 155, 10, 147], [""그로 주의바랍니다."", 249, 24, 151], [""吉LH号900g/100"", 273, 48, 192], [""IC"", 244, 8, 365], [""탄수화물 5g2%"", 288, 28, 170], [""랜스지방 0g"", 306, 24, 137], [""4.5g8%"", 324, 20, 217], [""OTHER"", 416, 21, 137], [""8180112/17"", 430, 48, 294], [""매일유업(주"", 464, 58, 331], [""계에서"", 448, 29, 59], [""바이오틱 유산균입니다"", 454, 37, 90], [""明盟楼目1588-1539"", 486, 78, 305], [""591"", 453, 26, 391], [""（2018）"", 474, 27, 121], [""04.17715:59"", 524, 118, 169], [""www.maeill."", 497, 44, 323], [""com"", 518, 28, 401], [""个量5g2%"", 575, 60, 338], [""风2.6g17%"", 657, 160, 561], [""4g4%"", 641, 112, 684], [""트랜스지방og"", 614, 66, 246], [""5"", 626, 31, 89], [""70mg4%"", 622, 115, 86], [""398796"", 672, 104, 66], [""플라스틱"", 781, 44, 282], [""LGG"", 808, 75, 104], [""OTHER"", 832, 41, 271], [""OE/경PP"", 856, 42, 255], [""매일유업(쥐)"", 928, 115, 662], [""1588-1539"", 973, 152, 613], [""산균은 세계에서"", 914, 117, 29], [""www.maeil.com"", 1006, 129, 640], [""04.177周15"", 1026, 121, 358], [""04.177515:59"", 524, 115, 169], [""새오틱 유산균입니다"", 451, 28, 121], [""1"", 488, 17, 378], [""04.177W15:59"", 524, 119, 169]]"
002061,NONE,NONE,NONE,NONE,fail,LGG | 매일유업(취 | (0 | 기기근성이어 | OTHER OTHER | 바이오틱 유산균입니다 내오틱 유산곤입니다 내오틱 유산곤입니다 틱 유산교합니다 매일유업(취) 매일유업(취 매일유업(취) 매일유업(취) | www.maeil. www.maeil. 电2号网1588-1539 电2号网1588-1539 | 04= D4. 170915:59 04.177115:59 D4.170W15:59 D4.170W15:59 %88 1715:59 0o com com | 70 0 H 수화52% | 96 랜스지방으B 당류44 | 55 | GG OTHER 88071211 | 59 | 계에서 바이오틱 유산군입니다 电型8目1588-1539 매일유업(취) | 2000（2018） 04.17W15:59 www.maeil.com,"[[""매일유업(취)"", 346, 48, 358], [""바이오틱 유산균입니다"", 344, 39, 77], [""OTHER"", 316, 21, 134], [""OTHER"", 315, 24, 133], [""매일유업(취"", 346, 51, 357], [""1715:59"", 400, 78, 247], [""04="", 386, 31, 183], [""LGG"", 80, 90, 297], [""매일유업(취"", 227, 114, 321], [""70"", 424, 62, 373], [""55"", 556, 51, 291], [""(0"", 282, 29, 355], [""기기근성이어"", 298, 33, 351], [""%88"", 400, 15, 312], [""0o"", 389, 10, 370], [""0"", 414, 7, 391], [""H"", 429, 10, 388], [""매일유업(취)"", 346, 47, 359], [""내오틱 유산곤입니다"", 342, 30, 116], [""电2号网1588-1539"", 364, 59, 330], [""D4.170W15:59"", 395, 86, 175], [""www.maeil."", 373, 36, 346], [""com"", 388, 18, 439], [""매일유업(취)"", 346, 47, 359], [""내오틱 유산곤입니다"", 342, 30, 116], [""电2号网1588-1539"", 364, 59, 330], [""D4.170W15:59"", 395, 86, 175], [""www.maeil."", 373, 36, 346], [""com"", 388, 18, 439], [""수화52%"", 425, 44, 365], [""당류44"", 464, 76, 765], [""96"", 450, 23, 239], [""랜스지방으B"", 456, 65, 259], [""GG"", 615, 44, 122], [""88071211"", 638, 53, 641], [""OTHER"", 631, 38, 272], [""매일유업(취)"", 692, 87, 722], [""59"", 670, 23, 869], [""电型8目1588-1539"", 727, 114, 663], [""계에서"", 686, 47, 105], [""바이오틱 유산군입니다"", 690, 86, 123], [""04.17W15:59"", 790, 176, 349], [""www.maeil.com"", 753, 98, 691], [""2000（2018）"", 726, 97, 97], [""D4. 170915:59"", 394, 84, 175], [""틱 유산교합니다"", 341, 28, 138], [""04.177115:59"", 394, 87, 175]]"
002073,2024,12,21,2024-12-21,det5,제품명 스키홀즈 사위 | 입판매업소 | 제조업소 Mars | 원재료명 | 일함유 | 플리에빌렌 | 곳에 보관하시고개불 후가능한 를리드요 | 11399 | 원산지:중 | 정 6지리 숫자 | 0년까지) OTHER | 24/12/21 | 311,"[[""제품명"", 51, 30, 133], [""스키홀즈 사위"", 63, 36, 242], [""입판매업소"", 76, 25, 147], [""제조업소"", 99, 25, 132], [""Mars"", 106, 17, 242], [""원재료명"", 167, 28, 124], [""일함유"", 220, 24, 226], [""플리에빌렌"", 244, 25, 225], [""곳에 보관하시고개불 후가능한 를리드요"", 274, 26, 359], [""11399"", 336, 15, 270], [""원산지:중"", 354, 31, 124], [""정"", 404, 10, 210], [""6지리 숫자"", 401, 25, 222], [""0년까지)"", 422, 17, 239], [""OTHER"", 422, 16, 303], [""24/12/21"", 458, 39, 148], [""311"", 482, 29, 149]]"
002125,NONE,NONE,NONE,NONE,fail,KALIFORNIA NATURAL WEPH FARMS WHOLE MILK ALIFORNIA NATURAL ARTIF NEPHFARMS | WHOLE MILK NOTBS ORINOS YTIWATOHM | BEST BY 24 BEST EY 211PR/21 BEST BY 21PR/21 BEST EY 211APR/21 BEST EY 211APR/21 FEST BY 21OPR/21 OZZARETLA AR AAMAANBEN NUI | 13 | $81 1933 | SWBNLE SWBNLE AYNNANBN NRT YTIWATOHM YTIWATOHN PTIW3TOHM XTIWBTOH BEST BY 21APR/21 | O0 | PTIW3TOHM,"[[""BEST EY 211PR/21"", 421, 62, 130], [""PTIW3TOHM"", 754, 265, 285], [""$81"", 498, 45, 343], [""BEST BY 24"", 418, 63, 127], [""AR"", 422, 37, 298], [""AYNNANBN NRT"", 734, 295, 224], [""YTIWATOHM"", 754, 273, 278], [""WEPH FARMS"", 118, 154, 94], [""KALIFORNIA NATURAL"", 256, 68, 52], [""ARTIF"", 252, 19, 437], [""WHOLE MILK"", 327, 84, 74], [""ORINOS"", 330, 13, 434], [""OZZARETLA"", 416, 141, 60], [""NOTBS"", 352, 33, 408], [""YTIWATOHM"", 360, 85, 624], [""AAMAANBEN NUI"", 430, 67, 572], [""13"", 469, 52, 407], [""1933"", 523, 64, 393], [""WHOLE MILK"", 202, 271, 312], [""ALIFORNIA NATURAL"", 233, 317, 395], [""NEPHFARMS"", 260, 336, 494], [""BEST EY 211APR/21"", 422, 62, 130], [""SWBNLE"", 698, 311, 56], [""BEST EY 211APR/21"", 422, 62, 130], [""SWBNLE"", 698, 311, 56], [""BEST BY 21APR/21"", 842, 117, 262], [""O0"", 1059, 47, 505], [""PTIW3TOHM"", 1508, 523, 569], [""FEST BY 21OPR/21"", 420, 63, 131], [""XTIWBTOH"", 742, 256, 289], [""BEST BY 21PR/21"", 420, 61, 131], [""YTIWATOHN"", 749, 266, 284]]"
002126,NONE,NONE,NONE,NONE,fail,YETH FARMS SLZARELLA WHOLE MILK EEST EY YLFORNIA NATURAL PEFH FARMS | KLFORNIA NATURAL EEST BY 2 BEST BY 2A BEST BY 2A IEET BY 2UAFR/A1 BEST EY 2110PR/21 EEST EY 21QPR/21 APR/21 YTIW 3TOHM | WHOLE MILK NOrBSI APR/21 | 1 | S SLZARELLA [Ube [Ube TUNIL TUNIL  1S YTIW 3TOHM PTIW 3TOHN XTW 3T YTRIT YTRIT ATTA S  | BEST EY21OPR/21 | S TUTMAANABN NA PTIW 3TOHM ATTL,"[[""EEST EY 21QPR/21"", 277, 52, 137], [""ATTA"", 432, 277, 385], [""PTIW 3TOHN"", 485, 189, 322], [""EEST BY 2"", 281, 38, 136], [""APR/21"", 270, 45, 285], [""S"", 477, 236, 91], [""YTIW 3TOHM"", 488, 185, 313], [""YETH FARMS"", 153, 104, 57], [""EEST EY"", 199, 121, 342], [""KLFORNIA NATURAL"", 280, 35, 43], [""APR/21"", 338, 96, 350], [""WHOLE MILK"", 348, 61, 59], [""NOrBSI"", 349, 37, 285], [""SLZARELLA"", 425, 98, 55], [""YTIW 3TOHM"", 291, 60, 401], ["" 1S"", 444, 115, 266], [""1"", 384, 7, 325], [""S "", 491, 106, 365], [""SLZARELLA"", 202, 290, 165], [""WHOLE MILK"", 149, 184, 261], [""YLFORNIA NATURAL"", 156, 215, 341], [""PEFH FARMS"", 164, 217, 443], [""BEST BY 2A"", 281, 36, 139], [""YTRIT"", 447, 179, 394], [""TUNIL"", 428, 80, 265], [""[Ube"", 489, 77, 211], [""BEST BY 2A"", 281, 36, 139], [""YTRIT"", 447, 179, 394], [""TUNIL"", 428, 80, 265], [""[Ube"", 489, 77, 211], [""BEST EY21OPR/21"", 555, 102, 273], [""ATTL"", 874, 579, 752], [""S"", 950, 473, 186], [""TUTMAANABN NA"", 963, 420, 525], [""PTIW 3TOHM"", 978, 354, 642], [""IEET BY 2UAFR/A1"", 278, 53, 137], [""XTW 3T"", 464, 154, 324], [""BEST EY 2110PR/21"", 277, 52, 137]]"
002157,2021,12,25,2021-12-25,up2x,Keep in a cool ary ivoatoigii | Product of Thailand. | Distributed by CAL Marketing Pty Ltd | Un131WaerCSmaonGrngw27 | austomerservice@calmarketing.com.au | 145gNET(5.1oz) | BEST BEFORE: | DEC.25 2021 | LOE.XF | 8,"[[""ivoatoigii"", 20, 23, 581], [""Keep in a cool ary"", 82, 101, 56], [""Product of Thailand."", 226, 90, 112], [""Distributed by CAL Marketing Pty Ltd"", 258, 146, 114], [""Un131WaerCSmaonGrngw27"", 286, 170, 122], [""austomerservice@calmarketing.com.au"", 338, 121, 148], [""145gNET(5.1oz)"", 478, 59, 197], [""BEST BEFORE:"", 546, 35, 293], [""2021"", 570, 56, 619], [""DEC.25"", 593, 52, 435], [""LOE.XF"", 616, 55, 492], [""8"", 914, 19, 347]]"
002173,NONE,07,01,NONE-07-01,fail,"07.01 07.01 07.01 07.01 | “…” F2 EA F2 EA F2 ER | 07.01 768 | F2 ER | 등요플레바이오플레사과 | 000工口 768 768 8 | 010 0-10 | 탁기부유유치,오리고당실 탁기부유유칭,올리고당,성 | 플레바이오플레사: | 00119 | 리드기바랍니다·호들어드세요·부정 물당 드가바람니다.·흔들어세요·부정불링 | 아바랍니다·냉장 보관 | 요들바이오플레사과 유하게 사도조적계 구여사 TOETL | 드비람니다들어요·물 | 도시 안바랍니다.·냉장 보관하지 | 한,되드시기 바랍니다.흔들어세요·부정 | 다지지않도록구의바니다보는","[[""768"", 522, 45, 188], [""0-10"", 558, 31, 194], [""탁기부유유칭,올리고당,성"", 592, 29, 324], [""드가바람니다.·흔들어세요·부정불링"", 739, 37, 210], [""07.01"", 206, 49, 249], [""8"", 521, 45, 193], [""768"", 316, 109, 424], [""“…”"", 262, 20, 190], [""07.01"", 208, 39, 254], [""F2 ER"", 247, 44, 253], [""등요플레바이오플레사과"", 482, 35, 137], [""768"", 520, 40, 183], [""000工口"", 529, 17, 189], [""010"", 558, 39, 173], [""탁기부유유치,오리고당실"", 591, 26, 321], [""00119"", 702, 23, 201], [""리드기바랍니다·호들어드세요·부정 물당"", 738, 31, 207], [""아바랍니다·냉장 보관"", 768, 26, 292], [""07.01"", 289, 56, 356], [""F2 ER"", 344, 63, 353], [""플레바이오플레사:"", 676, 39, 218], [""유하게 사도조적계 구여사"", 932, 37, 399], [""TOETL"", 944, 21, 486], [""드비람니다들어요·물"", 1033, 64, 296], [""도시"", 1077, 14, 380], [""안바랍니다.·냉장 보관하지"", 1076, 44, 407], [""요들바이오플레사과"", 963, 78, 288], [""한,되드시기 바랍니다.흔들어세요·부정"", 1479, 68, 386], [""다지지않도록구의바니다보는"", 1534, 71, 384], [""07.01"", 206, 44, 254], [""F2 EA"", 246, 44, 254], [""07.01"", 206, 41, 254], [""F2 EA"", 246, 41, 254]]"
002183,2019,02,20,2019-02-20,clahe,"허니머스트 | 닭가슴살샐러드, 소시지, 각종 튀김요리에 잘 어울립니다. | 2001044505534 | W시리트 | 人0E25% 영양정보 善48名2659 | 0국선 연지 자심겨지분케나다션,정계소금 변액 오지식이섬유 100g285kcal |  형  화 로 평  은 号650mg33%全封量282：28 | E을 용가-폴리에틸렌 내면,뚜껑-폴리에틸렌 | 人人年128 10mg3%1g2% | 이은 을 토토 유은 댁지교기 신교기 조개류굴를 사용한 제품과 같은 | 한성고입승·배등은 자분해결준의거고도 | ··직을 대널 |  부 성 이보고 일 주안십시 | ：080-024-2311 818010451176338 | 2019.02:20 | OTHER 13:24 까지 | 라BPP","[[""허니머스트"", 24, 55, 152], [""닭가슴살샐러드, 소시지, 각종 튀김요리에 잘 어울립니다."", 51, 98, 72], [""W시리트"", 126, 32, 450], [""2001044505534"", 120, 77, 50], [""善48名2659"", 160, 31, 454], [""영양정보"", 188, 53, 330], [""100g285kcal"", 183, 39, 428], [""人0E25%"", 199, 78, 46], [""号650mg33%全封量282：28"", 219, 54, 337], [""0국선 연지 자심겨지분케나다션,정계소금 변액 오지식이섬유"", 226, 70, 55], ["" 형  화 로 평  은"", 251, 60, 58], [""E을 용가-폴리에틸렌 내면,뚜껑-폴리에틸렌"", 279, 62, 62], [""10mg3%1g2%"", 276, 51, 346], [""人人年128"", 301, 62, 66], [""이은 을 토토 유은 댁지교기 신교기 조개류굴를 사용한 제품과 같은"", 326, 57, 73], [""한성고입승·배등은 자분해결준의거고도"", 347, 58, 78], [""··직을 대널"", 368, 56, 81], [""818010451176338"", 379, 42, 372], ["" 부 성 이보고 일 주안십시"", 389, 56, 81], [""：080-024-2311"", 412, 54, 87], [""2019.02:20"", 440, 66, 217], [""까지"", 448, 37, 475], [""13:24"", 459, 44, 298], [""OTHER"", 489, 26, 131], [""라BPP"", 512, 14, 144]]"
002190,NONE,NONE,NONE,NONE,fail,TE1BEFORE:FEB/04/2 TE1BEFORE:FEB/04/2 TL1BEFORE FEB/04/20 t*' | * 유샤브소스 | 불! | * 전유사브 청유샤브소스 청유샤브소스 청유샤브소스 청유샤브소스 청유샤브소스 H X N1BEFOREFEB/04/20 | 청유샤브소스,"[[""TL1BEFORE FEB/04/20"", 239, 85, 187], [""청유샤브소스"", 429, 142, 118], [""청유샤브소스"", 428, 143, 116], [""*"", 416, 121, 206], [""t*'"", 226, 127, 362], [""H"", 386, 127, 259], [""X"", 457, 74, 318], [""유샤브소스"", 309, 328, 368], [""*"", 266, 131, 161], [""불!"", 327, 103, 239], [""TE1BEFORE:FEB/04/2"", 238, 88, 185], [""청유샤브소스"", 429, 143, 115], [""TE1BEFORE:FEB/04/2"", 238, 88, 185], [""청유샤브소스"", 429, 143, 115], [""N1BEFOREFEB/04/20"", 480, 160, 379], [""청유샤브소스"", 858, 277, 239], [""전유사브"", 412, 93, 131], [""청유샤브소스"", 429, 137, 121]]"
002208,2022,05,31,2022-05-31,erode5,B4P 20220531,"[[""B4P 20220531"", 159, 42, 292]]"
002220,2019,09,30,2019-09-30,det5,IERRELOESPUS DEABRIR UUNUSGA FRESCO Y RBEATER PENS/ EL ORY PACE mudeLom DOUCEOW H GENETIC 1E MEXICO JID POR OE LECHE. TiCAR. | BEOT BEF ORE SEP.30.2019 | 825002053 00:59,"[[""IERRELOESPUS DEABRIR"", 102, 174, 429], [""UUNUSGA FRESCO Y"", 97, 161, 457], [""RBEATER PENS/"", 76, 113, 488], [""EL ORY PACE"", 63, 90, 513], [""mudeLom"", 50, 63, 545], [""DOUCEOW H GENETIC"", 114, 126, 722], [""1E MEXICO"", 133, 80, 769], [""JID POR"", 127, 63, 847], [""OE LECHE."", 124, 70, 881], [""TiCAR."", 116, 40, 915], [""BEOT"", 248, 55, 34], [""BEF ORE"", 248, 56, 239], [""SEP.30.2019"", 246, 54, 524], [""825002053"", 328, 57, 81], [""00:59"", 317, 50, 754]]"
002227,2023,03,03,2023-03-03,det5,HINC. INECTICUT06902 | EARTH.COM | 电电：101001005 영양정보 | Ily wrapped | ops 지방 0g 0% | 플레스테를 Omg 0% | uroe | dod 6. | TUMEARTH | ep organic | STLFORE | 20230303 | 1 | BV3RO 0 | MEXICO | awberry,"[[""HINC."", 80, 20, 7], [""INECTICUT06902"", 91, 22, 7], [""EARTH.COM"", 111, 29, 6], [""电电：101001005"", 162, 27, 8], [""Ily wrapped"", 186, 33, 9], [""ops"", 200, 19, 14], [""영양정보"", 209, 36, 438], [""지방 0g 0%"", 247, 26, 443], [""플레스테를 Omg 0%"", 265, 32, 444], [""uroe"", 298, 29, 424], [""dod 6."", 330, 68, 489], [""TUMEARTH"", 336, 50, 239], [""ep organic"", 368, 41, 232], [""STLFORE"", 412, 44, 273], [""20230303"", 429, 56, 216], [""1"", 504, 20, 583], [""BV3RO"", 513, 42, 495], [""0"", 524, 16, 588], [""MEXICO"", 548, 14, 31], [""awberry"", 579, 32, 196]]"
002228,2028,03,30,2028-03-30,det5,28/03/302 | Fottonie | Lande | SSSA | ACETO | AMCO,"[[""28/03/302"", 333, 65, 262], [""Fottonie"", 598, 69, 171], [""Lande"", 629, 68, 178], [""SSSA"", 776, 74, 204], [""ACETO"", 808, 71, 205], [""AMCO"", 836, 62, 215]]"
002240,2021,05,26,2021-05-26,fail,T BEST IF USED BEST IF JSEDB BEST IF JSEDB BEST IF JSED BY | 2021MAY26 2021MAY26 2021MAY 26 2021MAY26 2421S31FA5 2421S31FA5 2421S31FA5 2421S31FA5 BEST IF JSED B 08:44:00 2421S31F 2021MAY BEST IF | SIIS SVES 08:44:00 08:44:00 08:44:00 08:44:00 2021MAY 26 | 2421S31FA5 | 08:44:00 | SADYE ASEATIN ASEATIN' ASIEATIN' FSEATIN? SEATIN? ASEATIN? BEST IF JSED | R 2021MAY26 | FSEATIN? 2421S31FA5 | 08:44:00 | ASEATIN?,"[[""BEST IF JSEDB"", 255, 52, 244], [""2021MAY26"", 296, 40, 242], [""2421S31FA5"", 335, 34, 240], [""08:44:00"", 374, 31, 237], [""ASIEATIN'"", 556, 190, 0], [""BEST IF JSEDB"", 254, 55, 240], [""2021MAY26"", 296, 43, 239], [""2421S31FA5"", 334, 36, 239], [""08:44:00"", 372, 31, 237], [""SEATIN?"", 564, 197, 41], [""SADYE"", 526, 93, 0], [""R"", 626, 17, 266], [""T"", 251, 240, 37], [""08:44:00"", 299, 117, 572], [""2421S31F"", 337, 188, 610], [""2021MAY"", 319, 148, 644], [""BEST IF"", 308, 120, 681], [""SIIS SVES"", 392, 160, 236], [""ASEATIN?"", 564, 315, 458], [""BEST IF JSED BY"", 256, 49, 245], [""2021MAY26"", 296, 40, 242], [""2421S31FA5"", 334, 38, 239], [""08:44:00"", 373, 32, 236], [""FSEATIN?"", 556, 193, 0], [""BEST IF JSED B"", 323, 60, 311], [""2021MAY 26"", 374, 48, 304], [""2421S31FA5"", 424, 40, 305], [""08:44:00"", 472, 37, 300], [""FSEATIN?"", 703, 245, 0], [""BEST IF JSED"", 513, 86, 494], [""2021MAY26"", 592, 70, 486], [""2421S31FA5"", 672, 55, 484], [""08:44:00"", 746, 52, 482], [""ASEATIN?"", 1114, 419, 0], [""ASEATIN"", 555, 178, 0], [""BEST IF USED"", 256, 49, 245], [""2021MAY 26"", 296, 40, 242], [""2421S31FA5"", 335, 32, 242], [""08:44:00"", 374, 34, 237], [""ASEATIN'"", 556, 185, 0]]"
002241,2021,05,26,2021-05-26,fail,AUE RSEATIN? 2021AY 26 2021MAY26 2021MAY26 2021PAY26 2021PAY26 BEST IF USED BEST IF USED BEST IF USED BEST IF USED 3 BEST IF USED 3 3n | 2421531FA5 2421531A5 2421531A5 2420531FA5 2421531F45 | 08:44:50 08:44:00 08:44.D 08:44:00 08:44:00 | ASEATIN? ASEATIN? ASEATIN? SEATIN? SEATIN? EATIN' 0077.80 BEST IF USED | 김UE AUE AUE CN Z Z N 08:44:50 2021MAY26 242031FA5 | ASEATIN?,"[[""BEST IF USED"", 170, 61, 205], [""2021MAY26"", 197, 51, 208], [""2420531FA5"", 220, 55, 211], [""08:44:50"", 254, 37, 212], [""ASEATIN?"", 392, 95, 25], [""AUE"", 546, 153, 60], [""BEST IF USED"", 168, 65, 203], [""2021MAY26"", 196, 55, 206], [""2421531FA5"", 220, 57, 208], [""08:44:00"", 252, 39, 211], [""ASEATIN?"", 392, 109, 15], [""CN"", 422, 10, 265], [""RSEATIN?"", 164, 261, 199], [""AUE"", 231, 332, 6], [""N"", 473, 288, 321], [""3n"", 98, 155, 255], [""0077.80"", 388, 38, 317], [""BEST IF USED 3"", 167, 66, 206], [""2021PAY26"", 197, 51, 208], [""2421531A5"", 220, 60, 208], [""08:44:00"", 254, 41, 211], [""SEATIN?"", 392, 97, 26], [""Z"", 548, 131, 230], [""BEST IF USED 3"", 167, 66, 206], [""2021PAY26"", 197, 51, 208], [""2421531A5"", 220, 60, 208], [""08:44:00"", 254, 41, 211], [""SEATIN?"", 392, 97, 26], [""Z"", 548, 131, 230], [""BEST IF USED"", 338, 117, 413], [""2021MAY26"", 393, 100, 417], [""242031FA5"", 441, 102, 422], [""08:44:50"", 506, 69, 428], [""ASEATIN?"", 785, 200, 37], [""EATIN'"", 394, 83, 86], [""김UE"", 543, 158, 46], [""BEST IF USED"", 170, 62, 205], [""2021AY 26"", 198, 50, 209], [""2421531F45"", 221, 56, 211], [""08:44.D"", 254, 39, 211], [""ASEATIN?"", 391, 92, 30], [""AUE"", 544, 154, 50]]"
002244,2021,05,21,2021-05-21,erode5,puvsun | BRETON | adameLotk | PR00: 21701721 | EXP:21/05/21,"[[""puvsun"", 336, 36, 287], [""BRETON"", 379, 43, 287], [""PR00: 21701721"", 538, 49, 130], [""EXP:21/05/21"", 575, 40, 135], [""adameLotk"", 496, 75, 135]]"
002245,2021,05,21,2021-05-21,clahe,Daysan | BRETOn SANS CONSERVATE | INOER BEWAARMIDOR | MadameLoik | FRDT ETUT | EXP:21/05/21,"[[""Daysan"", 226, 37, 235], [""BRETOn"", 254, 39, 235], [""SANS CONSERVATE"", 248, 29, 437], [""INOER BEWAARMIDOR"", 292, 35, 439], [""MadameLoik"", 335, 76, 99], [""FRDT ETUT"", 369, 34, 94], [""EXP:21/05/21"", 392, 42, 98]]"
002250,NONE,NONE,NONE,NONE,fail,"Amu Amuunt Amuun Amuunt onFacts ipoucn ipouch BA pouci onFacts ition Facis | Cal Cal Amount pouci size | Total Fat Total Fat Total Fat 50 50 50 50 a pouch | Saturat Saturated Saturated Saturated Total Fat B.hil Value oD.Mily Value D.ily Value calonies Saturated Total Fatc Gal | irans Fat Chiclesterol( Trans Fat Irans Fato Chiclesterolc Irans Fat g Chioesteral Om mz30mg Saturated Irans Fat Or CONCENTRATE, VITAMAINEC NGREDIENTS: VitA100mcj hiy Value Iron 0.3my Protein Og Total Sugars 9g Dietary Fiber 10 50 Chiclesterol 8688568 les | 013051591 Sode Sodiun: 30mg Sodiun: 30mg Sodium 30mg Total Carb 12g Total Carb 12g Total Card12g Total Car5 12g Dietary Fiber 1g Dietary Fiber 1g Dietary Fitar 1g Dietary Fiber 1g Certified Organic by·Oregon Chotesteral ome GERERPRODUCTSCOFEMOMI49413 13 13% 13% 13% Total Fatog 2%·Potas190mg25% Inc! Og Added Sugars D.il Value dpouch | 1 - Total Sugars 99 Tatal Sugars 9g Tatal Sugars 9g Total Sugars 90 Incl Og Added Sugars Inc! Og Added Sugars Incl Og Added Sugars Inc! Og Added Sugars Sodiun 30mg Total Car12g (ASCORBAC ACO ORGAH 0%VitC22mg45% i rans Fat og Saturated a ource of prote Not a signitican °/o | Protein Og Prateln Og Protein Og Proteia 0g Dietary Fiter 1g ource of protein pource of protein Not a signiticant Not a signicant ource f protein Not a significant 13% | Sa 3958893 Vit D Om1 VtDOm0%·Calcun10mg4 VitDOm0%·Calcium10mg4% VitD0m10%·Calcium10mg4% 0%·Calcium10mg4% Tatal Sugars 9g 확인한 들어주신 들어주신 십uQ- %0 Chiotesteral Omg 1202A9060 영양정보 | Iron 0.3m Iron 0.3m. Iron 0.3m! 7% Iron0.3m2%Potas190mg25% 2%·Potas190mg255 2%·Potas190mg25% ·Potas190mg25% Incl Og Added Sugars 남기 하십시오 -31 Sodiunt 30mg 58 | VitA100mt VtA100m.0%VtC22mg45%5 VitA100mcp0%VitC22mg45% VitA100mcJP0%VitC22mg45% Protein Og 20%VitC22mg45% 경우한SA - Total Car12g Not a significant iource of protein BERAT | INGAEDIENTS INGREDIENTS: OR INGREDIENTS: ORS INGREDIENTS: ORA DRGANIC MANGOESTTER DRGANC LEMON JUC IC CARROTS, ORGANIC APPLE C CARROTS ORGANIC APPLE TER ORGANIC LEMON JUIC TER ORGANIC LEMON JUIC CARROTS, ORGANIC APPLES A | RA MAG ORGANIC MANGOES ORGANIC MANGOES CONCENTRATE, VITAMINFC (ASCORBIC ACID) JNONRAE MIARE AODIRELA CONCENTRATE, VITAMIRFC (ASCORBAC ACID) CONCENTRATE, VITAMINC (ASCORBACACD). VitD 0m10%:Calium 10mg4% - - - Dietary Fiber 1g 13% | GERBER PRDOUCTS CO, FREMOKL H N GEBERPRODUCTSCO.FREMONTMI49413US GERBERPRODUCTSCO.FREMONTMI49413S GERBERPRODUCTSCO.FREMONTMI49413S 취하게하 | S Cerified Organic byDregora SCertified Organic by·Oregon Tith SCertified Organic by:0regon Tilth Certified Organic by:0regon rith Iron 0.3m2%·Potas190mg 25% Tatal Sugars 9g 하십 | n 091RY2021005 G9NRY2021LG5 09NRY2021 L0S Vit A100mcj20%Vit C22mg 45% oe npos -봉후T | 67001202 INGREDIENTS: ORAIC CARROTS ORGANCAPPLE Inc! Og Added Sugars 익동보 | 013051591F 013051591P 013051591F 18 013051591F08 013051591P 3 /.1 ORGANIC MANGOES-TATER ORGANIC LEMON JU E SUe 하십시-전 | CONCENTRATE, VITANINC (ASCORBHC ACID) Protein Og 따빛수를 Not a signiticant | OS GERBERPRODUCTSCO.FREMONT.MI49413,USA source of protein TBALW | Certified Organic byi0regon rith | 될어주십요주 | lunouy VitDOmn0%·Calcium 10mg 4% A- | 1 | Iron 0.3m 2%·Potas190mg25% | Vit A100mcg20%·VitC22mg 45% -H후전의 | INGREDIENTS: ORAIC CARROTS ORGANIC APPLES | ORGANIC MANGOES WTER. ORGANIC LEMON JUIC 하심오-전합 | CONCENTRATE, VITANINEC (ASCORBAC ACID) | GERBERPRODUCTSCO.FREMONT.MI49413,US | Certified Organic byiOregon rith | 688S65","[[""ipouch"", 75, 37, 294], [""Total Fat"", 132, 50, 172], [""50"", 126, 50, 315], [""Saturated"", 163, 41, 187], [""oD.Mily Value"", 166, 29, 295], [""Irans Fat g"", 192, 43, 190], [""Chiclesterolc"", 218, 40, 177], [""Sodiun: 30mg"", 248, 47, 175], [""Total Carb 12g"", 278, 47, 178], [""Dietary Fiber 1g"", 310, 51, 188], [""13%"", 312, 31, 362], [""Tatal Sugars 9g"", 340, 41, 190], [""Inc! Og Added Sugars"", 376, 53, 203], [""Protein Og"", 404, 30, 180], [""Not a signiticant"", 409, 34, 336], [""pource of protein"", 424, 33, 334], [""확인한"", 436, 22, 429], [""VitDOm0%·Calcium10mg4%"", 463, 46, 178], [""들어주신"", 452, 22, 430], [""Iron 0.3m!"", 494, 31, 181], [""2%·Potas190mg25%"", 496, 40, 261], [""하십시오"", 504, 21, 431], [""VitA100mcp0%VitC22mg45%"", 528, 38, 179], [""INGREDIENTS: OR"", 559, 26, 173], [""CARROTS, ORGANIC APPLES"", 558, 27, 303], [""경우한SA"", 554, 21, 433], [""TER ORGANIC LEMON JUIC"", 576, 28, 297], [""ORGANIC MANGOES"", 578, 23, 174], [""CONCENTRATE, VITAMIRFC (ASCORBAC ACID)"", 594, 26, 173], [""-"", 592, 33, 428], [""GERBERPRODUCTSCO.FREMONTMI49413S"", 615, 26, 173], [""SCertified Organic by:0regon Tilth"", 646, 28, 172], [""091RY2021005"", 717, 54, 181], [""013051591F08"", 754, 34, 187], [""Amuunt"", 48, 33, 173], [""Amuun"", 48, 36, 172], [""Cal"", 74, 41, 177], [""ipoucn"", 74, 37, 294], [""Total Fat"", 132, 48, 173], [""50"", 126, 55, 314], [""Saturated"", 162, 41, 186], [""D.ily Value"", 164, 31, 303], [""irans Fat"", 190, 41, 189], [""Chioesteral Om"", 220, 59, 171], [""Sodiun: 30mg"", 248, 52, 172], [""Total Car5 12g"", 279, 52, 175], [""Dietary Fiber 1g"", 310, 52, 188], [""13%"", 311, 34, 361], [""Total Sugars 99"", 340, 42, 189], [""Inc! Og Added Sugars"", 375, 54, 202], [""Protein Og"", 403, 34, 178], [""Not a signicant"", 408, 38, 334], [""ource of protein"", 422, 33, 333], [""Vit D Om1"", 460, 31, 180], [""0%·Calcium10mg4%"", 464, 45, 252], [""Iron 0.3m"", 493, 34, 179], [""7%"", 490, 21, 266], [""·Potas190mg25%"", 496, 42, 285], [""VitA100mt"", 528, 32, 181], [""20%VitC22mg45%"", 528, 36, 285], [""남기"", 517, 22, 431], [""INGREDIENTS: ORS"", 559, 28, 171], [""IC CARROTS, ORGANIC APPLE"", 558, 26, 292], [""TER ORGANIC LEMON JUIC"", 575, 26, 297], [""ORGANIC MANGOES"", 577, 24, 172], [""CONCENTRATE, VITAMINC (ASCORBACACD)."", 594, 29, 172], [""-"", 592, 37, 424], [""GEBERPRODUCTSCO.FREMONTMI49413US"", 613, 30, 170], [""SCertified Organic by·Oregon Tith"", 646, 31, 170], [""67001202"", 724, 31, 185], [""013051591F"", 753, 48, 180], [""013051591"", 258, 161, 179], [""Certified Organic by·Oregon"", 269, 179, 299], [""GERERPRODUCTSCOFEMOMI49413"", 302, 261, 332], [""CONCENTRATE, VITAMAINEC"", 243, 138, 353], [""VitA100mcj"", 234, 103, 418], [""Protein Og"", 234, 107, 541], [""Chiclesterol"", 233, 112, 725], [""Total Fatc"", 221, 95, 804], [""Gal"", 208, 69, 861], [""NGREDIENTS:"", 222, 78, 392], [""Iron 0.3my"", 222, 80, 451], [""Total Sugars 9g"", 264, 152, 596], [""Dietary Fiber 10"", 256, 133, 633], [""Saturated"", 230, 91, 777], [""Inc! Og Added Sugars"", 299, 199, 557], [""2%·Potas190mg25%"", 338, 169, 442], [""les"", 278, 58, 812], [""0%VitC22mg45%"", 349, 152, 410], [""dpouch"", 330, 73, 868], [""(ASCORBAC"", 336, 59, 359], [""ource of prote"", 374, 81, 522], [""Not a signitican"", 376, 81, 534], [""ACO"", 376, 25, 361], [""ORGAH"", 374, 27, 396], [""3958893"", 450, 13, 178], [""8688568"", 276, 13, 718], [""1"", 361, 36, 176], [""1202A9060"", 465, 140, 689], [""Sa"", 443, 38, 111], [""%0"", 448, 40, 477], [""-"", 368, 34, 222], [""oe npos"", 712, 53, 417], [""E SUe"", 770, 39, 444], [""/.1"", 776, 21, 340], [""OS"", 835, 48, 347], [""lunouy"", 912, 36, 492], [""onFacts"", 46, 51, 246], [""Amu"", 46, 18, 179], [""pouci"", 74, 30, 307], [""Total Fat"", 132, 45, 174], [""50"", 126, 45, 318], [""Saturated"", 163, 38, 187], [""B.hil Value"", 166, 24, 297], [""Irans Fato"", 190, 39, 190], [""Chiclesterol("", 218, 41, 177], [""Sodium 30mg"", 248, 45, 177], [""Total Carb 12g"", 278, 47, 179], [""Dietary Fiber 1g"", 310, 48, 189], [""13%"", 312, 15, 370], [""Tatal Sugars 9g"", 340, 43, 190], [""Incl Og Added Sugars"", 376, 53, 202], [""Proteia 0g"", 405, 28, 182], [""Not a significant"", 409, 34, 337], [""ource f protein"", 424, 31, 335], [""VitD0m10%·Calcium10mg4%"", 462, 45, 180], [""들어주신"", 452, 16, 431], [""십uQ-"", 470, 17, 432], [""Iron0.3m2%Potas190mg25%"", 495, 42, 180], [""VitA100mcJP0%VitC22mg45%"", 528, 38, 180], [""-31"", 512, 17, 467], [""-"", 542, 41, 428], [""C CARROTS ORGANIC APPLE"", 558, 27, 293], [""INGREDIENTS: ORA"", 558, 29, 174], [""DRGANIC MANGOESTTER DRGANC LEMON JUC"", 576, 30, 174], [""CONCENTRATE, VITAMINFC (ASCORBIC ACID)"", 594, 26, 173], [""-"", 592, 30, 429], [""GERBERPRODUCTSCO.FREMONTMI49413S"", 615, 26, 173], [""Certified Organic by:0regon rith"", 646, 28, 173], [""n"", 709, 20, 275], [""013051591P"", 754, 31, 189], [""onFacts"", 63, 75, 321], [""Amuunt"", 64, 41, 231], [""Cal"", 98, 71, 225], [""pouci"", 99, 46, 389], [""Total Fat"", 176, 57, 229], [""50"", 166, 68, 415], [""Saturated"", 215, 50, 249], [""hiy Value"", 218, 31, 415], [""Irans Fat Or"", 251, 58, 247], [""Chotesteral ome"", 292, 96, 223], [""Sodiun 30mg"", 327, 64, 231], [""Total Car12g"", 367, 58, 236], [""Dietary Fiter 1g"", 409, 56, 252], [""13%"", 410, 22, 488], [""Tatal Sugars 9g"", 449, 54, 251], [""Incl Og Added Sugars"", 494, 66, 268], [""Protein Og"", 532, 40, 239], [""Not a significant"", 539, 42, 445], [""iource of protein"", 558, 38, 444], [""VitD 0m10%:Calium 10mg4%"", 610, 58, 237], [""Iron 0.3m2%·Potas190mg 25%"", 652, 52, 240], [""취하게하"", 640, 35, 565], [""하십"", 662, 33, 565], [""Vit A100mcj20%Vit C22mg 45%"", 696, 46, 241], [""-봉후T"", 714, 49, 567], [""INGREDIENTS: ORAIC CARROTS ORGANCAPPLE"", 736, 39, 228], [""익동보"", 758, 48, 563], [""ORGANIC MANGOES-TATER ORGANIC LEMON JU"", 760, 35, 229], [""하십시-전"", 781, 46, 564], [""CONCENTRATE, VITANINC (ASCORBHC ACID)"", 783, 30, 230], [""따빛수를"", 802, 39, 565], [""GERBERPRODUCTSCO.FREMONT.MI49413,USA"", 809, 34, 228], [""Certified Organic byi0regon rith"", 852, 35, 233], [""1"", 934, 7, 258], [""ition Facis"", 85, 166, 432], [""Amount"", 98, 57, 350], [""calonies"", 189, 224, 332], [""size"", 110, 66, 467], [""a pouch"", 150, 52, 599], [""Total Fatog"", 274, 120, 344], [""50"", 251, 94, 634], [""Saturated a"", 345, 180, 360], [""D.il Value"", 330, 60, 589], [""i rans Fat og"", 386, 103, 380], [""°/o"", 371, 27, 732], [""Chiotesteral Omg"", 445, 138, 343], [""Sodiunt 30mg"", 498, 91, 352], [""영양정보"", 494, 75, 823], [""Total Car12g"", 558, 93, 354], [""58"", 544, 29, 888], [""BERAT"", 584, 53, 841], [""Dietary Fiber 1g"", 620, 85, 383], [""A"", 610, 43, 844], [""13%"", 623, 48, 728], [""Tatal Sugars 9g"", 682, 74, 382], [""Inc! Og Added Sugars"", 750, 97, 404], [""Protein Og"", 808, 54, 363], [""Not a signiticant"", 818, 55, 676], [""source of protein"", 846, 53, 673], [""TBALW"", 849, 62, 857], [""VitDOmn0%·Calcium 10mg 4%"", 926, 89, 360], [""될어주십요주"", 912, 67, 851], [""A-"", 946, 63, 854], [""2%·Potas190mg25%"", 993, 82, 497], [""Iron 0.3m"", 988, 53, 368], [""Vit A100mcg20%·VitC22mg 45%"", 1056, 68, 365], [""-H후전의"", 1085, 74, 860], [""INGREDIENTS: ORAIC CARROTS ORGANIC APPLES"", 1118, 48, 349], [""ORGANIC MANGOES WTER. ORGANIC LEMON JUIC"", 1154, 43, 350], [""하심오-전합"", 1184, 61, 859], [""CONCENTRATE, VITANINEC (ASCORBAC ACID)"", 1188, 41, 350], [""GERBERPRODUCTSCO.FREMONT.MI49413,US"", 1228, 43, 348], [""Certified Organic byiOregon rith"", 1292, 52, 369], [""688S65"", 1492, 110, 891], [""G9NRY2021LG5"", 716, 47, 186], [""013051591P 3"", 754, 44, 185], [""BA"", 46, 23, 318], [""Saturat"", 161, 32, 191], [""Trans Fat"", 190, 33, 197], [""mz30mg"", 248, 41, 227], [""Sode"", 246, 18, 185], [""13"", 311, 16, 369], [""Total Sugars 90"", 340, 43, 190], [""Prateln Og"", 404, 33, 179], [""Iron 0.3m."", 494, 31, 181], [""2%·Potas190mg255"", 496, 37, 262], [""INGAEDIENTS"", 560, 23, 174], [""RA MAG"", 578, 24, 175], [""JNONRAE MIARE AODIRELA"", 593, 26, 177], [""GERBER PRDOUCTS CO, FREMOKL H N"", 614, 27, 174], [""S Cerified Organic byDregora"", 646, 26, 173], [""Total Card12g"", 278, 45, 180], [""Dietary Fitar 1g"", 310, 49, 189], [""Incl Og Added Sugars"", 376, 55, 202], [""VtDOm0%·Calcun10mg4"", 463, 46, 177], [""VtA100m.0%VtC22mg45%5"", 528, 39, 178], [""09NRY2021 L0S"", 716, 45, 186], [""013051591F 18"", 753, 40, 186]]"
002264,2021,12,07,2021-12-07,rot180,20211207 | BA | VEOMEIOOO TON,"[[""20211207"", 156, 41, 170], [""BA"", 270, 13, 472], [""VEOMEIOOO TON"", 297, 16, 390]]"
002269,2016,03,21,2016-03-21,det5,16/03/21,"[[""16/03/21"", 513, 48, 172]]"
002277,2023,01,NONE,2023-01-NONE,erode3,NEIWI3.640Z.(1030) | BEST BY JL 2023 0189,"[[""NEIWI3.640Z.(1030)"", 404, 36, 188], [""0189"", 688, 46, 358], [""BEST BY JL 2023"", 666, 107, 111]]"
002278,NONE,NONE,NONE,NONE,fail,BEST 6810 1538 | BYJUIL NETWI3.640Z(1030) NEJWT3.640Z(1030) NEJWT3.640Z(1030) NETWI3.640Z(1030) | BEST BEST BEST BYJUL BY JUL BEST BY JUL 20E BEST BY JUL 20E EV JULS 0189 0189 01 0189 | NETWI3.640Z(1030) | BEST BY JUIL 2023 | 0189,"[[""01"", 447, 71, 344], [""BY JUL"", 442, 38, 236], [""BEST"", 458, 43, 141], [""NETWI3.640Z(1030)"", 270, 33, 181], [""BYJUL"", 441, 46, 233], [""BEST"", 458, 45, 139], [""0189"", 459, 34, 354], [""BEST"", 185, 84, 161], [""NETWI3.640Z(1030)"", 296, 219, 355], [""BYJUIL"", 287, 109, 179], [""6810"", 180, 33, 204], [""1538"", 181, 42, 423], [""NEJWT3.640Z(1030)"", 270, 28, 184], [""BEST BY JUL 20E"", 445, 72, 138], [""0189"", 459, 34, 353], [""NEJWT3.640Z(1030)"", 270, 28, 184], [""BEST BY JUL 20E"", 445, 72, 138], [""0189"", 459, 34, 353], [""NETWI3.640Z(1030)"", 540, 57, 367], [""2023"", 872, 48, 707], [""BY JUIL"", 883, 70, 471], [""0189"", 918, 52, 713], [""BEST"", 915, 84, 286], [""BEST"", 458, 45, 141], [""EV JULS"", 448, 66, 203]]"
002281,2022,08,NONE,2022-08-NONE,rot90,"토네이도 젤리 뜯어먹는 재미가 있는 길~쭉 길~쪽 | 07.2022 8 879256 677088 트랜스지방 유를사한제품과같은시설에수 제조 있습니다. 상받을 수 있습니다. 비자 분쟁해결기준에의 구입처 또는수입원 광선을피하고 서늘한 곳에 실온보 포장-비닐류P어폴리프로필포장-페트 PE] 돼지고기함유 색제1호카민,이산화티타늄) 린심항색소 파프리카추출색색료(식용색소 1연산삼나트름,정제소금글리지방산에스테르클리 산구연산합성프나트름 수포함가능성있음)D-사과 유리티되지기 | 주전문(유천자현령","[[""뜯어먹는 재미가 있는"", 196, 161, 331], [""길~쭉 길~쪽"", 190, 139, 350], [""토네이도 젤리"", 202, 117, 314], [""유를사한제품과같은시설에수 제조 있습니다."", 497, 192, 650], [""상받을 수 있습니다."", 454, 107, 673], [""비자 분쟁해결기준에의"", 462, 118, 693], [""구입처 또는수입원"", 446, 83, 717], [""광선을피하고 서늘한 곳에 실온보"", 466, 123, 736], [""포장-비닐류P어폴리프로필포장-페트 PE]"", 504, 204, 758], [""돼지고기함유"", 448, 82, 794], [""색제1호카민,이산화티타늄)"", 467, 122, 827], [""린심항색소 파프리카추출색색료(식용색소"", 498, 195, 841], [""1연산삼나트름,정제소금글리지방산에스테르클리"", 503, 207, 861], [""산구연산합성프나트름"", 503, 210, 885], [""수포함가능성있음)D-사과 유리티되지기"", 502, 205, 911], [""8"", 417, 12, 368], [""879256"", 468, 79, 362], [""07.2022"", 514, 107, 164], [""677088"", 541, 58, 367], [""트랜스지방"", 526, 33, 566], [""주전문(유천자현령"", 562, 68, 937]]"
002282,NONE,NONE,NONE,NONE,fail,"수수포함가능성인D-시과 E2 수수포함가능성인D-시과 E2 수수모항가능성D-기 수모가능성인D-기 수수포함가능성있음 D-시과유라탄지기 | 신구연산 신구연산 구연산성0 산구연신생0 민산싱나 제소리 1  민산싱나 제소리 1  산구인산 합성향(투티프청02시센나트를 | 심색소파프리카추색 민심참책소파프라카추출·베료식용식소 민심참책소파프라카추출·베료식용식소 민심색소파프리카추백리(식용색스 료(식용색소 연산심나트름,정제소금,글리|지방산에스테르 클리 | 아산타) 아산티타) [제1호카인이산화티타동) [제1호카인이산화티타동) | bhe L돼지고기 함유 L돼지고기 함유 L돼지고기 함유 L돼지고기 함유 민심창색소파프리카추출색: 1백료식용색소 | 모장-비벌P리브로. 모장-비 모장-비 모장-비P리프로린,-P -Pe | 구입또는 수입 구인서또는 수입 구인최또는수입 구인최또는수입 색제1호가인,이산화티타동] | 네이도 길~쪽길~쪽 상받을수있습니다 상받을 수 있습니다. 상받을 수 있습니다. 상받을 수 있습니다. 비자 분쟁세경기준에의 비자 분기준에의 비자 분기준에의 비자 분쟁해경기준에의 PP FP PP PP 4.돼지고기 함유 | R새 제감은 시설제 니 R새 제감은 시설제 니 를새 한제품과 같은 사설\제죄 습니다. 새같은 시조 습니다. | 가 있는 통신고는 84201399 84201399 01399 011399 ~르높~ 모장-비닐류PP플리프로릴렌],1모장-테트 (PE) | 7 7 话036g 15 15 광선을 파바고 세능한 곳에 실온 | 수라을 수라을 트랜스지  09 09 | ES 1% | [Unl [Unl 스 TS TS 구입처 또는 수입원 | 10 | Rb-k 비자 분쟁해결기준에 의 | 60 B 상받을 수 있습니다. PP | 4b 1 유를 사도 한제품과 같은 사설에제조 켰습니다. | 길~쭉길~쪽 길~쪽길~쪽 길~쭉길~적 길~쭉길~적 8 8 8 39256 39256 839256 E39256 677088 677088 677088 677088 소금 812421011399 | dd \ 그 들어먹는 재에가있는 들어먹는 재메가 있는 들어먹는 재메가 있는 어먹는 재가있는 2 | 네이도 페리 토네이도 쟁리 토네이도 쟁리 토네이도 페리 프로] | 072022 - 같은 사설제죄 습니다. (베료식용색소 0359 unlbel | 트랜스지발 og | ( 07.2022 07.2022 07.2022 072022 07 2022 072022 표화지장 | 1 | n | 길~쪽 길~쪽 8859256 677088 | 들어먹는 재미가 있는 | 로네이도 젤리 | 072022","[[""수모가능성인D-기"", 58, 59, 373], [""산구연신생0"", 75, 59, 373], [""민심색소파프리카추백리(식용색스"", 107, 50, 375], [""아산티타)"", 118, 35, 376], [""L돼지고기 함유"", 135, 32, 375], [""모장-비P리프로린,-P"", 162, 53, 374], [""구인서또는 수입"", 188, 29, 377], [""비자 분쟁해경기준에의"", 204, 34, 376], [""01399"", 245, 34, 375], [""길~쪽길~쪽"", 394, 31, 138], [""들어먹는 재에가있는"", 411, 30, 127], [""토네이도 페리"", 426, 26, 153], [""07.2022"", 558, 38, 432], [""상받을 수 있습니다."", 218, 29, 377], [""를새 한제품과 같은 사설\\제죄 습니다."", 236, 41, 376], [""FP"", 230, 14, 510], ["" 09"", 304, 25, 469], [""15"", 296, 11, 533], [""스"", 316, 19, 380], [""1%"", 322, 8, 533], [""8"", 421, 10, 388], [""E39256"", 426, 25, 403], [""677088"", 431, 18, 479], [""수수모항가능성D-기"", 58, 60, 372], [""구연산성0"", 75, 59, 371], [""심색소파프리카추색"", 101, 39, 374], [""아산타)"", 118, 35, 376], [""료(식용색소"", 115, 33, 484], [""L돼지고기 함유"", 134, 33, 375], [""모장-비벌P리브로."", 156, 42, 375], [""-Pe"", 170, 33, 489], [""구입또는 수입"", 188, 33, 376], [""비자 분쟁세경기준에의"", 203, 34, 374], [""상받을수있습니다"", 216, 32, 375], [""새같은 시조 습니다."", 236, 46, 374], [""통신고는"", 240, 24, 376], [""PP"", 229, 20, 507], [""011399"", 246, 27, 408], [""话036g"", 289, 17, 466], [""트랜스지"", 302, 22, 469], [""09"", 305, 16, 501], [""15"", 296, 12, 534], [""ES"", 314, 22, 468], [""길~쭉길~쪽"", 392, 35, 133], [""어먹는 재가있는"", 410, 35, 125], [""네이도 페리"", 426, 29, 152], [""839256"", 424, 31, 382], [""677088"", 431, 20, 476], [""072022"", 556, 45, 428], [""길~쪽길~쪽"", 192, 118, 233], [""네이도"", 200, 99, 201], [""가 있는"", 239, 42, 219], [""072022"", 482, 102, 62], [""같은 사설제죄 습니다."", 494, 107, 381], [""2"", 454, 15, 457], [""소금"", 452, 25, 544], [""프로]"", 463, 24, 472], [""(베료식용색소"", 514, 55, 510], [""bhe"", 113, 28, 238], [""~르높~"", 248, 32, 391], [""10"", 294, 7, 99], [""60 B"", 337, 24, 120], [""Rb-k"", 325, 16, 233], [""4b"", 368, 18, 141], [""1"", 377, 15, 173], [""\\"", 404, 44, 93], [""dd"", 411, 14, 111], [""-"", 479, 52, 81], [""("", 522, 36, 154], [""1"", 549, 54, 83], [""수수포함가능성인D-시과 E2"", 58, 55, 373], [""신구연산"", 75, 57, 373], [""민산싱나 제소리 1 "", 92, 52, 374], [""민심참책소파프라카추출·베료식용식소"", 106, 47, 374], [""[제1호카인이산화티타동)"", 118, 32, 377], [""L돼지고기 함유"", 135, 28, 375], [""모장-비"", 161, 53, 374], [""구인최또는수입"", 188, 29, 378], [""비자 분기준에의"", 204, 33, 376], [""상받을 수 있습니다."", 218, 29, 377], [""R새 제감은 시설제 니"", 236, 43, 375], [""84201399"", 246, 31, 376], [""PP"", 230, 14, 511], [""7"", 277, 8, 398], [""수라을"", 290, 14, 380], [""[Unl"", 315, 14, 383], [""TS"", 335, 6, 533], [""길~쭉길~적"", 394, 37, 136], [""들어먹는 재메가 있는"", 411, 30, 127], [""토네이도 쟁리"", 426, 25, 153], [""8"", 421, 10, 388], [""39256"", 425, 26, 395], [""677088"", 431, 18, 477], [""07.2022"", 558, 40, 431], [""수수포함가능성인D-시과 E2"", 58, 55, 373], [""신구연산"", 75, 57, 373], [""민산싱나 제소리 1 "", 92, 52, 374], [""민심참책소파프라카추출·베료식용식소"", 106, 47, 374], [""[제1호카인이산화티타동)"", 118, 32, 377], [""L돼지고기 함유"", 135, 28, 375], [""모장-비"", 161, 53, 374], [""구인최또는수입"", 188, 29, 378], [""비자 분기준에의"", 204, 33, 376], [""상받을 수 있습니다."", 218, 29, 377], [""R새 제감은 시설제 니"", 236, 43, 375], [""84201399"", 246, 31, 376], [""PP"", 230, 14, 511], [""7"", 277, 8, 398], [""수라을"", 290, 14, 380], [""[Unl"", 315, 14, 383], [""TS"", 335, 6, 533], [""길~쭉길~적"", 394, 37, 136], [""들어먹는 재메가 있는"", 411, 30, 127], [""토네이도 쟁리"", 426, 25, 153], [""8"", 421, 10, 388], [""39256"", 425, 26, 395], [""677088"", 431, 18, 477], [""07.2022"", 558, 40, 431], [""수수포함가능성있음 D-시과유라탄지기"", 118, 109, 749], [""산구인산 합성향(투티프청02시센나트를"", 150, 106, 749], [""연산심나트름,정제소금,글리|지방산에스테르 클리"", 183, 102, 751], [""민심창색소파프리카추출색: 1백료식용색소"", 212, 89, 752], [""색제1호가인,이산화티타동]"", 236, 57, 757], [""4.돼지고기 함유"", 270, 56, 754], [""모장-비닐류PP플리프로릴렌],1모장-테트 (PE)"", 322, 92, 755], [""광선을 파바고 세능한 곳에 실온"", 352, 61, 759], [""구입처 또는 수입원"", 375, 48, 759], [""비자 분쟁해결기준에 의"", 408, 57, 755], [""상받을 수 있습니다."", 434, 51, 755], [""유를 사도 한제품과 같은 사설에제조 켰습니다."", 473, 76, 754], [""PP"", 458, 20, 1025], [""812421011399"", 489, 54, 754], [""0359"", 580, 23, 970], [""unlbel"", 566, 14, 1052], [""트랜스지발 og"", 607, 32, 943], [""표화지장"", 630, 26, 944], [""n"", 662, 27, 783], [""길~쪽 길~쪽"", 786, 53, 273], [""들어먹는 재미가 있는"", 820, 51, 257], [""로네이도 젤리"", 850, 41, 308], [""8859256"", 849, 48, 769], [""677088"", 862, 33, 960], [""072022"", 1116, 72, 868], [""그"", 412, 52, 138], [""07 2022"", 558, 43, 430], [""072022"", 558, 41, 431]]"
002284,2022,01,06,2022-01-06,det5,"쏠리C구미 알락 쏠깃 | 삼큼레몬맛 | 몬맛 식품이 유형니캔터료 | 어 | 324 | (주)서주2 일내T내포장재질올리에렌 | 물엿 젤라틴 L연산나트융),비트신C 아미드펙 | 원재료명 41 % 향 조 절제G (5) 기타식 식용휴지가 기공품 과채가공국 | C 유화제 세로 방산에스테르 돼지고기 함유 | HORO ·1 o | 공 사어 있 일 주 | 걸릴 | 배 비 | 면 빨리 변질되 로 | 5 는' 하 F지 | o통 고 04845 1590 | 21.01.07 R 투터 | 809497 530272 22.01/06 까지 | 영양성정보 총내량50g | 나트 170kcal | 트린 全到量40g12% 号28g28% 지방Og 0% | 포화지방g 0% 콜레스테를Omg 0% | TERIC500mg500% OTHER | eudon | ean.com 원료까지 생각한다면고려온단","[[""쏠리C구미"", 61, 105, 50], [""알락 쏠깃"", 88, 25, 478], [""삼큼레몬맛"", 110, 32, 441], [""몬맛"", 158, 17, 187], [""식품이 유형니캔터료"", 150, 41, 258], [""어"", 182, 13, 188], [""324"", 192, 17, 385], [""(주)서주2"", 210, 19, 98], [""일내T내포장재질올리에렌"", 216, 57, 210], [""물엿"", 253, 24, 122], [""젤라틴"", 248, 28, 214], [""L연산나트융),비트신C"", 258, 47, 296], [""아미드펙"", 253, 24, 466], [""41"", 273, 24, 128], [""%"", 272, 23, 152], [""조"", 268, 17, 203], [""절제G"", 268, 26, 219], [""기공품 과채가공국"", 276, 44, 404], [""원재료명"", 286, 33, 33], [""기타식"", 284, 31, 310], [""식용휴지가"", 278, 37, 352], [""향"", 289, 20, 186], [""(5)"", 287, 32, 241], [""유화제"", 306, 29, 199], [""방산에스테르"", 303, 38, 309], [""돼지고기 함유"", 300, 33, 408], [""C"", 308, 12, 142], [""세로"", 308, 20, 273], [""HORO"", 342, 45, 150], [""·1"", 344, 15, 433], [""o"", 342, 11, 466], [""사어"", 397, 44, 136], [""있"", 390, 26, 149], [""일"", 408, 14, 259], [""주"", 404, 20, 416], [""공"", 412, 16, 46], [""걸릴"", 430, 25, 327], [""배"", 446, 10, 168], [""비"", 448, 21, 338], [""면"", 468, 14, 228], [""빨리"", 468, 18, 241], [""변질되"", 468, 17, 300], [""로"", 467, 27, 329], [""5"", 488, 13, 263], [""는'"", 489, 20, 311], [""하"", 490, 16, 359], [""F지"", 492, 22, 368], [""o통"", 518, 43, 268], [""고"", 534, 15, 349], [""04845"", 533, 22, 420], [""1590"", 534, 21, 448], [""21.01.07 R"", 600, 45, 296], [""투터"", 596, 26, 488], [""809497"", 632, 35, 75], [""22.01/06"", 642, 40, 284], [""까지"", 626, 25, 485], [""530272"", 642, 36, 120], [""영양성정보"", 674, 51, 56], [""총내량50g"", 690, 30, 343], [""나트"", 704, 28, 68], [""全到量40g12%"", 732, 50, 115], [""170kcal"", 713, 30, 361], [""트린"", 728, 23, 69], [""号28g28%"", 742, 41, 235], [""포화지방g 0%"", 762, 50, 113], [""지방Og 0%"", 743, 36, 348], [""콜레스테를Omg 0%"", 775, 44, 225], [""TERIC500mg500%"", 795, 60, 113], [""OTHER"", 786, 32, 445], [""eudon"", 816, 45, 62], [""ean.com"", 855, 38, 116], [""원료까지 생각한다면고려온단"", 866, 59, 289]]"
002312,2020,08,17,2020-08-17,s2,Baking Powder | 150g | (주)청은에프엔비 | W12020:08.17,"[[""Baking Powder"", 200, 28, 208], [""150g"", 344, 37, 497], [""(주)청은에프엔비"", 370, 43, 193], [""W12020:08.17"", 436, 35, 236]]"
002322,2015,04,15,2015-04-15,fail,"세경가 세계1 세계1 세계 가장광이연구단 세계 가장광이연구단 LGG유산 LGG유산 LGG유산군 LGG유산군 가장많이연구된 가용많이 연구된"" | NO.I NO.I NO.I NO.I LGG. LGG. LGG. LGG. LGG. 국내유일 국내유얼 국내유일 국내유일 국내유일 | 류야논 세계↑ 가장 많이 연구된"" 독점공급 독점공급 독점공급 독점공급 독점공금 | NO.I 부 LGG유산균 Maeil Maeil Maeil Maeil Maeil Maeil YST0 한테식 LGG. 국내유일 | YSTO 박며운륨 바이오 바이오 바이오 바이오 바이오 바이오 P-R-O- 바이오 배H«×8S8/욱 Maeil 독점공급 | CmteerT 어어A P-R-O-B--OT P-R-O-B--OT PR-O BFOTL P-R-O-B-IOTLC P-R-O BIOTLC Maeil | 설탕 설탕 설탕 설탕 설탕 설탕 340g(260kcal) 85gx4） 플레인 요거트 04.15开大 어어A 플레인 요거트 플레인 요거트 플레인 요거트 플레인 요거트 플레인 요거트 04.15 04.15 플레인요거트 04.15 04.15 04.15 04.15 바이오 | 무첨가 무첨가 무첨가 무첨가 무첨가 무첨가 CLfcerT /85gx4 /85gx4g 古车号/85gx47 /85gx47 /85gx47 통장제 냉장제품 냉제품 냉제품 냉장제품 독점공급 국내유일 | 0-10°℃ | 2C7 L 340g(260kcal) 340g/260kcal 340g(260kcal) 340g(260kcal) 340g(260kcal) 설무 냉장보관 | 류야는 2V997 LON | & IACIY | P-R-O-BIIOTLE | 설탕 04.15开大 | 플레인 요거트 | 무첨가 85gx4 냉장제품’ | 0-10°C | 340g(260kcal) 냉장보관","[[""세계1"", 54, 31, 8], [""가용많이 연구된\"""", 52, 23, 72], [""NO.I"", 76, 29, 6], [""LGG유산"", 66, 24, 70], [""LGG."", 78, 33, 483], [""국내유일"", 73, 32, 553], [""독점공급"", 98, 30, 555], [""Maeil"", 138, 50, 263], [""바이오"", 254, 167, 73], [""P-R-O-B-IOTLC"", 373, 36, 188], [""설탕"", 535, 80, 0], [""04.15"", 508, 38, 461], [""플레인 요거트"", 553, 38, 449], [""무첨가"", 595, 66, 3], [""/85gx4"", 618, 31, 404], [""냉장제품"", 619, 24, 561], [""340g(260kcal)"", 647, 26, 457], [""세계1"", 52, 29, 8], [""가장많이연구된"", 51, 25, 70], [""NO.I"", 74, 37, 3], [""LGG유산"", 66, 27, 69], [""LGG."", 79, 30, 484], [""국내유일"", 73, 36, 551], [""독점공급"", 98, 30, 554], [""Maeil"", 138, 52, 260], [""바이오"", 252, 193, 58], [""P-R-O BIOTLC"", 372, 38, 185], [""설탕"", 533, 80, 0], [""04.15"", 508, 42, 459], [""플레인 요거트"", 553, 44, 445], [""무첨가"", 595, 76, 0], [""/85gx4g"", 620, 35, 402], [""냉장제품"", 620, 28, 558], [""340g(260kcal)"", 646, 31, 453], [""0-10°℃"", 636, 17, 568], [""냉장보관"", 645, 16, 569], [""바이오"", 323, 512, 398], [""부"", 126, 47, 126], [""P-R-O-"", 245, 112, 349], [""Maeil"", 328, 127, 574], [""85gx4）"", 509, 214, 104], [""340g(260kcal)"", 503, 112, 78], [""플레인 요거트"", 532, 169, 168], [""04.15开大"", 533, 146, 211], [""독점공급"", 590, 69, 624], [""국내유일"", 589, 72, 651], [""류야논"", 98, 75, 56], [""YST0"", 150, 144, 486], [""어어A"", 367, 523, 155], [""배H«×8S8/욱"", 208, 156, 603], [""CmteerT"", 357, 130, 114], [""설무"", 656, 57, 506], [""한테식"", 143, 60, 532], [""박며운륨"", 185, 40, 69], [""YSTO"", 230, 36, 78], [""어어A"", 484, 163, 120], [""CLfcerT"", 599, 50, 294], [""류야는"", 665, 29, 61], [""2C7"", 660, 30, 143], [""LON"", 664, 30, 620], [""2V997"", 672, 25, 572], [""&"", 686, 24, 553], [""IACIY"", 684, 23, 626], [""세계 가장광이연구단"", 53, 24, 8], [""NO.I"", 76, 29, 7], [""LGG유산군"", 66, 19, 72], [""LGG."", 78, 29, 486], [""국내유일"", 74, 30, 555], [""독점공급"", 98, 33, 554], [""Maeil"", 138, 46, 263], [""바이오"", 254, 167, 73], [""P-R-O-B--OT"", 374, 35, 188], [""설탕"", 535, 82, 0], [""04.15"", 509, 36, 461], [""플레인 요거트"", 552, 44, 447], [""무첨가"", 596, 62, 5], [""/85gx47"", 619, 28, 406], [""냉제품"", 619, 24, 561], [""340g(260kcal)"", 647, 26, 457], [""세계 가장광이연구단"", 53, 24, 8], [""NO.I"", 76, 29, 7], [""LGG유산군"", 66, 19, 72], [""LGG."", 78, 29, 486], [""국내유일"", 74, 30, 555], [""독점공급"", 98, 33, 554], [""Maeil"", 138, 46, 263], [""바이오"", 254, 167, 73], [""P-R-O-B--OT"", 374, 35, 188], [""설탕"", 535, 82, 0], [""04.15"", 509, 36, 461], [""플레인 요거트"", 552, 44, 447], [""무첨가"", 596, 62, 5], [""/85gx47"", 619, 28, 406], [""냉제품"", 619, 24, 561], [""340g(260kcal)"", 647, 26, 457], [""세계↑"", 108, 51, 19], [""가장 많이 연구된\"""", 103, 37, 148], [""LGG유산균"", 132, 41, 144], [""NO.I"", 148, 53, 17], [""LGG."", 157, 58, 967], [""국내유일"", 146, 52, 1110], [""독점공급"", 197, 54, 1112], [""Maeil"", 276, 87, 532], [""바이오"", 504, 387, 111], [""P-R-O-BIIOTLE"", 747, 64, 378], [""04.15开大"", 1016, 63, 930], [""설탕"", 1069, 146, 7], [""플레인 요거트"", 1106, 68, 903], [""무첨가"", 1191, 120, 14], [""85gx4"", 1238, 57, 812], [""냉장제품’"", 1239, 50, 1121], [""0-10°C"", 1271, 28, 1139], [""340g(260kcal)"", 1294, 53, 913], [""냉장보관"", 1290, 36, 1139], [""Maeil"", 139, 47, 262], [""04.15"", 509, 38, 460], [""플레인요거트"", 553, 44, 447], [""L"", 644, 15, 467], [""바이오"", 254, 161, 76], [""설탕"", 535, 70, 4], [""무첨가"", 594, 65, 5], [""LGG."", 78, 30, 484], [""국내유얼"", 73, 28, 555], [""독점공금"", 98, 31, 555], [""Maeil"", 138, 49, 264], [""PR-O BFOTL"", 373, 36, 188], [""04.15"", 510, 35, 461], [""플레인 요거트"", 554, 41, 448], [""古车号/85gx47"", 618, 31, 405], [""통장제"", 620, 24, 565], [""340g/260kcal"", 647, 26, 457], [""세경가"", 65, 60, 1], [""바이오"", 254, 165, 74], [""설탕"", 534, 75, 2], [""무첨가"", 595, 66, 3]]"
002323,2015,04,15,2015-04-15,fail,NO. 세계 NO. NO. NO.I N경7 세계1 세계1 세계1 106502 세계 까5이연구원 GG GG GG. GG. GG. 국내유일 국내유일 국내유일 국내유일 국내유일 | 문운요능 NO. 동K8/ 독점공급 독점공금 독점공금 독점공급 독정공급 LGG 국내유일 | Maeil Maeil Maeil Maeil Maeil Maeil 독점공급 | 66 YHLST'O 바여륨 바이오 바이오 바이오 바이오 바이오 바이오 ARIO 바이오 YSI'O ×$8/\욱 Maeil | /85gx47 헤어A PERSO-B--OT PERSO-B--OT PRO-B-LOTL P-R-O-B-IOTLC P-R-O-BIOTIC Maeil 바이오 | 타 탕 탕 탕 탕 340g(260kcal) 플레인 요거트 04.15 이어A 플레인요거트 플레인요거트 플레인요거트 플레인요거트 플레인 요거트 플레인 요거트 04.15 04.1577 04.15 04.15 04.15 04.15开 | 첨가 첨가 첨가 첨가 첨가 첨가 豆异/85gx47 净享营支号/85gx472 告享梦豆异/85gx471g 告享梦豆异/85gx471g 享异/85gx47g 냉장제 냉장제 냉딩제품 냉장제품 독점공급 국내유일 | 340g/260hcal 340g(260kcal) 340g(260kcal) 340g(260kcal) 340g(260kcal) 가 | IKIlY `ON T 탕첨 20997 P-R-O-BIIO-TLC IKCIY 'ON | 탕 04.15人 | 플레인요거트 | 첨가 /85gx4g 냉장제품 | 340g(260kcal),"[[""세계"", 16, 27, 38], [""NO."", 35, 28, 31], [""GG."", 80, 30, 479], [""국내유일"", 80, 30, 536], [""Maeil"", 115, 52, 256], [""독점공급"", 103, 34, 531], [""바이오"", 214, 178, 66], [""P-R-O-B-IOTLC"", 318, 55, 152], [""탕"", 440, 75, 3], [""04.15"", 452, 43, 382], [""첨가"", 490, 59, 0], [""플레인요거트"", 490, 47, 362], [""享异/85gx47g"", 543, 37, 314], [""냉딩제품"", 552, 26, 456], [""340g(260kcal)"", 568, 32, 355], [""106502"", 34, 23, 94], [""세계1"", 19, 38, 34], [""NO.I"", 36, 34, 31], [""GG"", 81, 24, 479], [""국내유일"", 81, 34, 534], [""Maeil"", 116, 54, 254], [""독점공급"", 102, 35, 532], [""바이오"", 214, 200, 53], [""P-R-O-BIOTIC"", 318, 56, 150], [""04.15"", 452, 45, 380], [""첨가"", 490, 67, 0], [""플레인요거트"", 490, 50, 360], [""豆异/85gx47"", 544, 44, 310], [""냉장제품"", 552, 29, 455], [""340g(260kcal)"", 569, 34, 353], [""바이오"", 295, 476, 329], [""ARIO"", 204, 74, 316], [""Maeil"", 319, 120, 497], [""/85gx47"", 384, 148, 77], [""340g(260kcal)"", 402, 97, 55], [""플레인 요거트"", 442, 158, 127], [""04.15"", 450, 136, 168], [""독점공급"", 566, 67, 520], [""국내유일"", 568, 65, 544], [""문운요능"", 75, 68, 88], [""66"", 137, 40, 66], [""헤어A"", 351, 474, 113], [""YSI'O"", 190, 137, 432], [""×$8/\\욱"", 258, 147, 522], [""IKIlY"", 576, 56, 4], [""가"", 576, 61, 463], [""`ON"", 580, 47, 25], [""탕첨"", 610, 64, 401], [""동K8/"", 97, 38, 186], [""바여륨"", 150, 47, 117], [""YHLST'O"", 188, 43, 119], [""이어A"", 428, 179, 122], [""T"", 561, 30, 114], [""20997"", 606, 21, 505], [""'ON"", 604, 30, 558], [""IKCIY"", 623, 26, 555], [""세계1"", 20, 32, 38], [""NO."", 36, 26, 33], [""GG."", 80, 30, 477], [""국내유일"", 80, 31, 534], [""Maeil"", 114, 55, 254], [""독점공금"", 102, 33, 532], [""바이오"", 213, 179, 65], [""PERSO-B--OT"", 316, 50, 153], [""탕"", 438, 65, 3], [""04.15"", 452, 43, 382], [""첨가"", 489, 60, 0], [""플레인 요거트"", 490, 48, 362], [""告享梦豆异/85gx471g"", 543, 38, 313], [""340g(260kcal)"", 569, 33, 356], [""냉장제"", 552, 18, 460], [""세계1"", 20, 32, 38], [""NO."", 36, 26, 33], [""GG."", 80, 30, 477], [""국내유일"", 80, 31, 534], [""Maeil"", 114, 55, 254], [""독점공금"", 102, 33, 532], [""바이오"", 213, 179, 65], [""PERSO-B--OT"", 316, 50, 153], [""탕"", 438, 65, 3], [""04.15"", 452, 43, 382], [""첨가"", 489, 60, 0], [""플레인 요거트"", 490, 48, 362], [""告享梦豆异/85gx471g"", 543, 38, 313], [""340g(260kcal)"", 569, 33, 356], [""냉장제"", 552, 18, 460], [""세계"", 34, 50, 77], [""까5이연구원"", 43, 42, 194], [""NO."", 72, 59, 63], [""LGG"", 158, 61, 935], [""국내유일"", 162, 59, 1071], [""Maeil"", 230, 95, 519], [""독점공급"", 205, 60, 1065], [""바이오"", 427, 408, 100], [""P-R-O-BIIO-TLC"", 636, 102, 308], [""탕"", 876, 119, 10], [""04.15人"", 904, 76, 771], [""첨가"", 982, 110, 0], [""플레인요거트"", 980, 83, 730], [""/85gx4g"", 1086, 68, 629], [""냉장제품"", 1106, 51, 912], [""340g(260kcal)"", 1137, 62, 712], [""Maeil"", 115, 44, 259], [""탕"", 438, 54, 9], [""04.1577"", 452, 47, 380], [""첨가"", 490, 60, 0], [""플레인요거트"", 490, 51, 361], [""바이오"", 214, 173, 68], [""GG"", 80, 27, 478], [""국내유일"", 81, 29, 536], [""Maeil"", 115, 50, 256], [""독정공급"", 103, 29, 534], [""PRO-B-LOTL"", 317, 54, 152], [""04.15开"", 452, 43, 382], [""플레인요거트"", 490, 47, 362], [""净享营支号/85gx472"", 543, 38, 314], [""340g/260hcal"", 569, 34, 354], [""N경7"", 28, 54, 28], [""바이오"", 214, 175, 67], [""타"", 440, 78, 0], [""첨가"", 490, 61, 0]]"
002331,2021,12,16,2021-12-16,clahe,2021.12.16,"[[""2021.12.16"", 421, 54, 264]]"
002345,2020,05,12,2020-05-12,det5,Pulmuone DANONE | 우유대신 코코넛으로! | 식물성액티비아 | 비건인증 egan | 풀무원다논 | ACTIVA | 1.127 120520,"[[""Pulmuone"", 332, 25, 374], [""DANONE"", 332, 19, 444], [""우유대신 코코넛으로!"", 365, 39, 342], [""식물성액티비아"", 406, 81, 279], [""비건인증"", 460, 37, 362], [""egan"", 470, 23, 455], [""풀무원다논"", 528, 43, 364], [""ACTIVA"", 571, 86, 285], [""1.127 120520"", 683, 58, 303]]"
002346,2020,05,12,2020-05-12,clahe,Pulmu | 우유대신 코코넷으로! | 식물성 액티비아 | 비건인증)ger | 품무원다논 | ACTIVA | 02.12까지 120520,"[[""Pulmu"", 230, 12, 347], [""우유대신 코코넷으로!"", 250, 36, 319], [""식물성 액티비아"", 279, 61, 269], [""비건인증)ger"", 318, 41, 345], [""품무원다논"", 368, 26, 339], [""ACTIVA"", 401, 69, 302], [""02.12까지 120520"", 482, 67, 325]]"
002368,2022,01,16,2022-01-16,det5,"IT | 个30m量年20至享120ml个 | 2（150m/1 | 제품명 클롭비아 슈프리모 해드드립 원두커미 식품의 유형커피 품목보고번호 | 200049018-145100%100%） | 내포장재질-폴리에렌유통기한별도표시일까지제조원 및 판매원한국맥널 | 42002251383 | (이전화는 수신자 요금 부담입니다)질소충전팩 | ·보관상 주의사항:보관상 주의사항:습기 및 직사광선을 피하시고 건조한 실은에 보관 | 하십시오·반품 및 교환처:구입처 및 판매원·본제품은 공정거래위원회고시소비자 분정 HACCP | 해결기준에의거 교환또는 보상을받을수있으며,개봉시에는 반품이되지않습니다.단제조상 | 대두,돼지고기를 사용한 제품과 같은 제조 시설에서 제조하고 있습니다. | 유통기한 | 2022.01.16","[[""IT"", 53, 36, 157], [""个30m量年20至享120ml个"", 142, 43, 112], [""2（150m/1"", 166, 39, 111], [""제품명 클롭비아 슈프리모 해드드립 원두커미 식품의 유형커피 품목보고번호"", 275, 50, 68], [""200049018-145100%100%）"", 310, 55, 68], [""내포장재질-폴리에렌유통기한별도표시일까지제조원 및 판매원한국맥널"", 384, 48, 70], [""42002251383"", 420, 45, 69], [""(이전화는 수신자 요금 부담입니다)질소충전팩"", 453, 40, 67], [""·보관상 주의사항:보관상 주의사항:습기 및 직사광선을 피하시고 건조한 실은에 보관"", 494, 42, 72], [""하십시오·반품 및 교환처:구입처 및 판매원·본제품은 공정거래위원회고시소비자 분정"", 522, 47, 70], [""HACCP"", 522, 27, 525], [""해결기준에의거 교환또는 보상을받을수있으며,개봉시에는 반품이되지않습니다.단제조상"", 551, 40, 70], [""대두,돼지고기를 사용한 제품과 같은 제조 시설에서 제조하고 있습니다."", 609, 38, 69], [""유통기한"", 666, 31, 75], [""2022.01.16"", 702, 56, 167]]"
002373,2021,12,27,2021-12-27,erode5,No Brand 2021.12.27 | 브맨드가 아니다.소비자다 | 기관 학거의 가를 만도는령 | 이랫이 느노멘도의 이널파 학 | 담성이 스마트 텐슈퍼가되는팀 | 간편한 28-10 | 감자전믹스,"[[""2021.12.27"", 183, 55, 427], [""No Brand"", 196, 59, 19], [""브맨드가 아니다.소비자다"", 239, 42, 19], [""기관 학거의 가를 만도는령"", 328, 27, 29], [""이랫이 느노멘도의 이널파 학"", 359, 32, 27], [""담성이 스마트 텐슈퍼가되는팀"", 389, 38, 27], [""간편한"", 841, 62, 62], [""28-10"", 814, 85, 410], [""감자전믹스"", 901, 80, 78]]"
002390,2021,03,19,2021-03-19,erode5,베이트 | 8801062521272 | 고객지원제 2021.03- 19 | 롯데제과 080-024-6060 환은숙 18: 스⊥,"[[""8801062521272"", 225, 37, 477], [""고객지원제"", 316, 29, 261], [""롯데제과"", 362, 42, 38], [""080-024-6060"", 352, 29, 223], [""베이트"", 160, 109, 1], [""2021.03- 19"", 332, 73, 484], [""환은숙 18: 스⊥"", 373, 52, 483]]"
002393,2020,01,NONE,2020-01-NONE,fail,"DRIGINAL Kraft CMPBB8 A ARRR 01 JU 01JL_2020 01JL_2020 01JUL_2020 2020 | Kraft Kraft Kraft Kraft Kraft MOATBR L VSVRR F8 0734 F8 0734 F8 0734 F8 0734 01 JUL-2020 | BEST WHEN USED BY DATE SHOWN BEST WHEN USED BY DATE SHOWN, BEST WHEN USED BY DATE SHOWN, BEST WHEN USED BY DATE SHOWN, F8 0734 | Kraft LOTE TFECHA DE CADUIKDAD LOTE Y FECHA DE CADUCIDAD LOTE Y FECHA DE CADUCIDAD LOTE Y FECHA DE CADUCIDAD | ORIGINAL ORIGINAL ORIGINAL DRIGINAL ORIGINAL 0 IMPRESOS EN EL ENVASE IMPRESOS EN EL ENVASE IMPRESOS EN EL ENVASE HEOS EELENASE | COUOUDMNCBDBMRCUOD PA EES I ESL E E TUCKFLAPINTOCLOSE TUCKFLAPINTOCLOSE TUCKFLAPINTOCLOSE TUCKFLAPINTOCLOSE LOTE Y FECHA DE CADUCIDAD METALASOLAPA PARA CERRAR METALASOLAPA PARA CERRAR METALASOLAPAPARA CERRAR METALASOLAPA PARA CERRAR FAVSOLAAPHARCER6A BEST WHEN USED BY DATE SHOWN, 01JUL_2020 | MPRESOS EN EL ENVASE OTE Y FECHA OE CADUCIDAD BEST WHEN USED BY DATE SHOWN, DRIGINAL Kraft IMPRESOS EN EL ENVASE 7 F8 0734 | METALA SOLAPA PARA CERRAR TUCKFLAPINTOCLOSE F8 0734 01JL-2020 TUCKFLAPINTOCLOSE METALA SOLAPA PARA CERRAR BEST WHEN USED BY DATE SHOWN, | LOTE Y FECHA DE CADUCIDAD | TANIAE ORIGINAL IMPRESOS EN EL ENVASE | TUCKFLAPINTOCLOSE | METALASOLAPA PARA CERRAR","[[""01JL_2020"", 213, 57, 465], [""Kraft"", 268, 68, 41], [""F8 0734"", 248, 35, 503], [""BEST WHEN USED BY DATE SHOWN,"", 322, 22, 428], [""ORIGINAL"", 369, 74, 1], [""LOTE Y FECHA DE CADUCIDAD"", 345, 20, 428], [""IMPRESOS EN EL ENVASE"", 364, 22, 426], [""TUCKFLAPINTOCLOSE"", 438, 33, 532], [""METALASOLAPA PARA CERRAR"", 470, 30, 532], [""01 JU"", 212, 58, 465], [""2020"", 214, 51, 603], [""Kraft"", 267, 86, 29], [""F8 0734"", 248, 42, 499], [""BEST WHEN USED BY DATE SHOWN,"", 322, 26, 426], [""ORIGINAL"", 368, 95, 0], [""LOTE Y FECHA DE CADUCIDAD"", 344, 22, 426], [""IMPRESOS EN EL ENVASE"", 364, 24, 425], [""TUCKFLAPINTOCLOSE"", 437, 35, 528], [""METALASOLAPA PARA CERRAR"", 469, 36, 528], [""DRIGINAL"", 194, 367, 136], [""Kraft"", 126, 173, 244], [""MPRESOS EN EL ENVASE"", 496, 131, 173], [""BEST WHEN USED BY DATE SHOWN,"", 539, 228, 210], [""OTE Y FECHA OE CADUCIDAD"", 512, 151, 191], [""01JL-2020"", 583, 235, 298], [""F8 0734"", 583, 176, 276], [""METALA SOLAPA PARA CERRAR"", 669, 278, 60], [""TUCKFLAPINTOCLOSE"", 636, 203, 93], [""MOATBR L VSVRR"", 290, 277, 451], [""0"", 380, 248, 180], [""COUOUDMNCBDBMRCUOD"", 452, 149, 336], [""PA EES I ESL E E"", 464, 125, 354], [""TANIAE"", 764, 365, 331], [""CMPBB8 A ARRR"", 75, 29, 152], [""01JUL_2020"", 212, 59, 465], [""Kraft"", 270, 75, 40], [""F8 0734"", 250, 35, 504], [""BEST WHEN USED BY DATE SHOWN,"", 322, 22, 428], [""DRIGINAL"", 370, 73, 4], [""LOTE Y FECHA DE CADUCIDAD"", 345, 20, 427], [""IMPRESOS EN EL ENVASE"", 365, 22, 427], [""TUCKFLAPINTOCLOSE"", 439, 32, 533], [""METALASOLAPA PARA CERRAR"", 470, 31, 531], [""01 JUL-2020"", 278, 77, 610], [""Kraft"", 352, 97, 53], [""F8 0734"", 326, 51, 658], [""BEST WHEN USED BY DATE SHOWN,"", 421, 30, 560], [""DRIGINAL"", 484, 98, 5], [""LOTE Y FECHA DE CADUCIDAD"", 452, 27, 559], [""IMPRESOS EN EL ENVASE"", 477, 32, 557], [""TUCKFLAPINTOCLOSE"", 574, 43, 698], [""METALA SOLAPA PARA CERRAR"", 615, 40, 695], [""01JUL_2020"", 426, 111, 935], [""Kraft"", 535, 136, 84], [""F8 0734"", 498, 61, 1013], [""7"", 509, 39, 702], [""BEST WHEN USED BY DATE SHOWN,"", 642, 47, 855], [""ORIGINAL"", 738, 166, 0], [""LOTE Y FECHA DE CADUCIDAD"", 690, 38, 857], [""IMPRESOS EN EL ENVASE"", 730, 37, 855], [""TUCKFLAPINTOCLOSE"", 876, 56, 1067], [""METALASOLAPA PARA CERRAR"", 940, 57, 1064], [""FAVSOLAAPHARCER6A"", 469, 33, 545], [""Kraft"", 268, 73, 35], [""ORIGINAL"", 369, 76, 1], [""F8 0734"", 248, 33, 501], [""BEST WHEN USED BY DATE SHOWN"", 322, 26, 427], [""LOTE TFECHA DE CADUIKDAD"", 345, 23, 427], [""HEOS EELENASE"", 364, 24, 436], [""TUCKFLAPINTOCLOSE"", 438, 33, 532], [""METALASOLAPAPARA CERRAR"", 470, 32, 531], [""01JL_2020"", 214, 55, 466], [""Kraft"", 267, 74, 37], [""ORIGINAL"", 369, 72, 2]]"
002394,2020,01,NONE,2020-01-NONE,fail,RIGINAL | 01 W 01JL2020 01JL2020 012020 01L2020 2020 | Kraft Kraft Kraft Kraft Kraft Kraft EYRECA OE CAOUCOAO BESTWRENUSEDBYDATESHOM F8 0734 F8 0734 F8 0734 F8 0734 F8 0734 3SYAAC | LOTEYECADECAOCO LOIEYBECHADE CAONCOAO LOIEYBECHADE CAONCOAO LOTEY ECADE CAOCOAO BESTHREN USEBYDATESHOMN BEST HRENUSEDBYDATESHON BEST HRENUSEDBYDATESHON BESTRENUSEDBYDESHO F8 0734 01L2020 | APARACERR RIGINAL RIGINAL RIGINAL RIGINAL RIGINAL RIGINAL MREOS ENELBMAE MREOSENEL BNASE MREOSENEL BNASE 012020 | Kraft TUCKELAPINTOCLOSE TUCKFLAPINTOCLOSE TUCKFLAPINTOCLOSE TCALAPNTOCOSE TUCKFLAPINTOCLOSE METALASOLAPAPARACERAR METALASOLAPAPARACERAR METALASOLAPAPARACERRAR METALASOLAPAPARACERRAR EALASGAAPRCERR ANIE F8 0734 | BEST WHEN USED BY DATE SHOWN | LOTEYECKA DE CAONCOAO | RIGINAL MPRESOS ENEENASE | TUCKFLAPINTOCLOSE | METALASOLAPA PARA CERRAR,"[[""01L2020"", 246, 76, 303], [""Kraft"", 283, 99, 9], [""F8 0734"", 286, 56, 322], [""RIGINAL"", 406, 112, 0], [""BESTHREN USEBYDATESHOMN"", 369, 41, 261], [""LOTEY ECADE CAOCOAO"", 394, 35, 259], [""MREOS ENELBMAE"", 417, 36, 254], [""TUCKFLAPINTOCLOSE"", 511, 54, 309], [""METALASOLAPAPARACERAR"", 550, 55, 303], [""01 W"", 241, 61, 305], [""Kraft"", 281, 110, 0], [""2020"", 250, 61, 395], [""F8 0734"", 286, 61, 318], [""RIGINAL"", 403, 140, 0], [""BESTRENUSEDBYDESHO"", 368, 47, 259], [""LOTEYECADECAOCO"", 393, 38, 256], [""TUCKELAPINTOCLOSE"", 510, 57, 301], [""METALASOLAPAPARACERAR"", 549, 61, 299], [""RIGINAL"", 114, 229, 177], [""BESTWRENUSEDBYDATESHOM"", 336, 148, 251], [""EYRECA OE CAOUCOAO"", 320, 90, 233], [""01L2020"", 385, 166, 353], [""F8 0734"", 384, 127, 329], [""APARACERR"", 437, 80, 72], [""3SYAAC"", 310, 26, 410], [""ANIE"", 524, 224, 354], [""01JL2020"", 246, 76, 302], [""Kraft"", 284, 103, 7], [""F8 0734"", 286, 56, 320], [""RIGINAL"", 406, 112, 0], [""BEST HRENUSEDBYDATESHON"", 369, 41, 262], [""LOIEYBECHADE CAONCOAO"", 394, 35, 258], [""MREOSENEL BNASE"", 417, 38, 256], [""TUCKFLAPINTOCLOSE"", 511, 52, 309], [""METALASOLAPAPARACERRAR"", 550, 55, 304], [""01JL2020"", 246, 76, 302], [""Kraft"", 284, 103, 7], [""F8 0734"", 286, 56, 320], [""RIGINAL"", 406, 112, 0], [""BEST HRENUSEDBYDATESHON"", 369, 41, 262], [""LOIEYBECHADE CAONCOAO"", 394, 35, 258], [""MREOSENEL BNASE"", 417, 38, 256], [""TUCKFLAPINTOCLOSE"", 511, 52, 309], [""METALASOLAPAPARACERRAR"", 550, 55, 304], [""012020"", 490, 150, 608], [""Kraft"", 563, 188, 28], [""F8 0734"", 573, 100, 650], [""RIGINAL"", 810, 243, 0], [""BEST WHEN USED BY DATE SHOWN"", 737, 76, 527], [""LOTEYECKA DE CAONCOAO"", 788, 65, 518], [""MPRESOS ENEENASE"", 832, 67, 511], [""TUCKFLAPINTOCLOSE"", 1021, 98, 616], [""METALASOLAPA PARA CERRAR"", 1100, 99, 610], [""Kraft"", 281, 105, 5], [""RIGINAL"", 406, 112, 0], [""012020"", 246, 75, 303], [""F8 0734"", 286, 51, 323], [""TCALAPNTOCOSE"", 511, 54, 308], [""EALASGAAPRCERR"", 550, 55, 305], [""Kraft"", 282, 103, 7], [""RIGINAL"", 406, 109, 0]]"
002397,2022,01,25,2022-01-25,clahe,QUAKER | ESTP1877- | -WORLD'S No.I OATS BRAND* | 2022.01.25 까지,"[[""QUAKER"", 355, 80, 200], [""-WORLD'S No.I OATS BRAND*"", 391, 70, 160], [""ESTP1877-"", 378, 35, 254], [""2022.01.25"", 425, 73, 170], [""까지"", 476, 24, 489]]"
002398,2021,09,18,2021-09-18,erode5,BE:SEP 18 2021,"[[""BE:SEP 18 2021"", 331, 62, 218]]"
002401,2022,11,04,2022-11-04,up2x,"loyer d Hruittella to credte 대업소영및 소지 심 서울복시 동격구 여의대승로 | ioue  waets made wilh 유통기한]별도표기일까지 (연 월,일 순) | 공통설당,포도당시럽,경화코코넷은,구연산,글래서린지방산에 | fruit juice Enjoy and shr a 의재료명 블루리에 치자정색소,합성향료블루베리향),블루비 한천,아라비이검,로커스트콩검,말토텍스트린,합성상로 | fantas truity 망고및 심황색소, 파프리카추출색소,합성향료망고항 | etr srience. 라즈테리에 적양배추색소, 심황색소, 합성향료라즈베리행 | ·포장재갈:폴리프로필린·반품및 교환장소:취농심 교객상 | 후르트텔리 또는 구입처에 문의·보관시 주의사항·직사랑선을 피하고 건녕한 | 요구르트향(합성 요구르트향 첨가) | A 영양정보 총 내용량 | 40 | 35mg2%326%5g55% | 8g53%0mg0% | 라즈베리맛 블루베리맛 | Reiel | mma.Perfetivan Me Under licence of: Perfe | Under licence of:Perfetti Van me | PERFETTI | ER-ETTI | 20221104 | 0800""002675 | est before end:","[[""loyer"", 138, 38, 320], [""대업소영및 소지 심 서울복시 동격구 여의대승로"", 154, 58, 1030], [""d Hruittella to credte"", 166, 93, 304], [""유통기한]별도표기일까지 (연 월,일 순)"", 188, 53, 987], [""공통설당,포도당시럽,경화코코넷은,구연산,글래서린지방산에"", 228, 65, 1019], [""ioue  waets made wilh"", 213, 114, 291], [""의재료명"", 301, 156, 992], [""한천,아라비이검,로커스트콩검,말토텍스트린,합성상로"", 268, 67, 1057], [""fruit juice"", 275, 72, 342], [""블루리에 치자정색소,합성향료블루베리향),블루비"", 311, 66, 1034], [""Enjoy and shr a"", 320, 95, 312], [""망고및 심황색소, 파프리카추출색소,합성향료망고항"", 354, 71, 1036], [""fantas truity"", 368, 75, 352], [""라즈테리에 적양배추색소, 심황색소, 합성향료라즈베리행"", 398, 69, 1041], [""etr srience."", 414, 54, 427], [""·포장재갈:폴리프로필린·반품및 교환장소:취농심 교객상"", 444, 75, 1025], [""또는 구입처에 문의·보관시 주의사항·직사랑선을 피하고 건녕한"", 492, 73, 1016], [""후르트텔리"", 522, 91, 116], [""요구르트향(합성 요구르트향 첨가)"", 576, 47, 183], [""총 내용량"", 608, 65, 1318], [""영양정보"", 626, 80, 1034], [""A"", 618, 23, 418], [""40"", 658, 35, 1410], [""35mg2%326%5g55%"", 703, 62, 1052], [""8g53%0mg0%"", 757, 64, 1060], [""라즈베리맛"", 903, 66, 243], [""블루베리맛"", 900, 67, 492], [""Reiel"", 995, 62, 417], [""mma.Perfetivan Me"", 1059, 183, 236], [""Under licence of: Perfe"", 1056, 220, 391], [""Under licence of:Perfetti Van me"", 1096, 303, 236], [""PERFETTI"", 1275, 146, 301], [""ER-ETTI"", 1340, 117, 172], [""20221104"", 1439, 92, 207], [""0800\""002675"", 1569, 44, 1124], [""est before end:"", 1692, 99, 0]]"
002402,NONE,NONE,NONE,NONE,fail,low | lover d Hruitcella to oreute dHruitiella to oreute | iourweets made wilh ioux weets mnde wilh | ryy and shr Eryy and shra | fantr-o Hruity | M rience rience. | 루트텔러 트텔러 라즈베리맛 Fyy and shr. Aantr-e. Hruity 话心220013998 话心220013998 또는 구법거에 문의 ·보서 주객 직 는구에의 ·서 주  식통신고는 국번에 19 은  4话22001399艺48 1주 건소 | 영양정보 영양정보 영양정보 영양정보 영양정보 r srience. 프e | ·포정자실 리프로건·한일과경소 | 0M 0M 또는 구입거에 문의·보관서 주직사총 직공을 | 라즈메리옛 라즈베리맛 라즈베리맛 라즈베리맛 라즈베리맛 블루베리맛 라즈베리맛 블루베리맛 를루터리와 블루베리맛 블루베리맛 블루베리맛 블루베리맛 후르트텔러 | 요구(구트항참개 | 영양정보 | 리름 | Ulam2수l BgBN9 | 1a | onoae 라즈베리맛 블루베리맛 | 48 pup Rf | 40,"[[""루트텔러"", 140, 41, 137], [""는구에의 ·서 주 "", 170, 43, 489], [""4话22001399艺48"", 186, 38, 490], [""영양정보"", 210, 33, 495], [""라즈베리맛"", 263, 40, 127], [""블루베리맛"", 276, 40, 241], [""ryy and shr"", 76, 21, 192], [""rience."", 111, 20, 259], [""d Hruitcella to oreute"", 26, 30, 187], [""lover"", 10, 13, 194], [""iourweets made wilh"", 42, 26, 183], [""Eryy and shra"", 74, 23, 184], [""fantr-o Hruity"", 93, 34, 199], [""rience"", 110, 19, 255], [""트텔러"", 140, 46, 143], [""또는 구법거에 문의 ·보서 주객 직"", 168, 37, 490], [""식통신고는 국번에 19 은 "", 186, 43, 488], [""영양정보"", 210, 34, 494], [""라즈베리맛"", 262, 46, 123], [""블루베리맛"", 275, 45, 234], [""라즈베리맛"", 180, 107, 357], [""블루베리맛"", 299, 96, 346], [""M"", 98, 13, 161], [""리름"", 364, 37, 292], [""onoae"", 529, 12, 323], [""48 pup Rf"", 564, 19, 356], [""40"", 610, 9, 319], [""话心220013998"", 186, 29, 499], [""영양정보"", 210, 33, 495], [""라즈베리맛 블루베리맛"", 269, 55, 125], [""0M"", 258, 35, 500], [""话心220013998"", 186, 29, 499], [""영양정보"", 210, 33, 495], [""라즈베리맛 블루베리맛"", 269, 55, 125], [""0M"", 258, 35, 500], [""low"", 22, 21, 392], [""dHruitiella to oreute"", 54, 48, 384], [""ioux weets mnde wilh"", 84, 36, 363], [""Fyy and shr."", 152, 36, 369], [""Aantr-e. Hruity"", 188, 60, 403], [""r srience."", 221, 44, 476], [""후르트텔러"", 272, 105, 184], [""프e"", 275, 74, 1010], [""1주 건소"", 258, 32, 1180], [""요구(구트항참개"", 309, 70, 232], [""·포정자실 리프로건·한일과경소"", 305, 70, 988], [""또는 구입거에 문의·보관서 주직사총 직공을"", 338, 73, 983], [""영양정보"", 422, 59, 993], [""Ulam2수l"", 476, 55, 996], [""BgBN9"", 492, 40, 1169], [""라즈베리맛"", 526, 75, 258], [""블루베리맛"", 552, 72, 481], [""1a"", 557, 66, 999], [""라즈메리옛"", 263, 34, 130], [""를루터리와"", 275, 34, 243], [""영양정보"", 210, 30, 496], [""라즈베리맛"", 263, 40, 128], [""블루베리맛"", 276, 37, 241]]"
002403,NONE,NONE,NONE,NONE,fail,America's Favorite Imerica's Favorite Inerica's Favorite nerica's Favorite erica's Favorite TTLHS | Chili Chili Sauce Chili Sauce Chili Sauce Chili Sauce Sauce 698m Imerica's Favorite ZNIEHC Chili Sauce | SAUCI 1869 SHEINZ Chili Sauce Chili Sauce Anerica's Favorite ZNIEH 6981 America's Favorite TONYS | 020CT2022 | JHEINZ JHEINZ JHEINZ JHEINZ JHEINZ | 1869 1869 1869 1869 CHILI CHULI SAUCI JHUULI | SAUCE SAUCE | JHEINZ | 1869 CHTLI | TUCE | SHEINZ | 1869 CHILI | SAUCE,"[[""Imerica's Favorite"", 131, 81, 125], [""Chili Sauce"", 186, 58, 152], [""JHEINZ"", 745, 77, 190], [""1869"", 794, 32, 293], [""America's Favorite"", 131, 86, 119], [""Chili"", 190, 49, 154], [""Sauce"", 186, 55, 226], [""020CT2022"", 452, 58, 273], [""JHEINZ"", 742, 96, 198], [""SAUCI"", 847, 162, 220], [""1869"", 793, 30, 311], [""America's Favorite"", 275, 308, 785], [""Chili Sauce"", 261, 215, 745], [""SHEINZ"", 342, 283, 177], [""SAUCI"", 360, 287, 33], [""1869"", 347, 82, 154], [""TONYS"", 357, 290, 756], [""ZNIEH"", 368, 283, 703], [""6981"", 372, 87, 780], [""TTLHS"", 137, 74, 249], [""698m"", 166, 29, 320], [""ZNIEHC"", 216, 71, 250], [""Inerica's Favorite"", 128, 83, 126], [""Chili Sauce"", 186, 58, 153], [""JHEINZ"", 744, 79, 190], [""1869"", 795, 32, 295], [""JHUULI"", 824, 71, 283], [""Imerica's Favorite"", 182, 108, 177], [""Chili Sauce"", 262, 74, 217], [""JHEINZ"", 1044, 114, 264], [""CHTLI"", 1152, 120, 328], [""1869"", 1115, 40, 415], [""TUCE"", 1226, 105, 431], [""Anerica's Favorite"", 261, 152, 249], [""Chili Sauce"", 374, 101, 313], [""SHEINZ"", 1486, 179, 363], [""CHILI"", 1646, 173, 468], [""1869"", 1586, 59, 585], [""SAUCE"", 1740, 185, 475], [""erica's Favorite"", 130, 82, 140], [""Chili Sauce"", 186, 61, 151], [""JHEINZ"", 745, 79, 192], [""CHULI"", 821, 86, 237], [""SAUCE"", 873, 82, 242], [""nerica's Favorite"", 130, 78, 136], [""Chili Sauce"", 186, 61, 151], [""JHEINZ"", 745, 77, 190], [""CHILI"", 821, 89, 234], [""1869"", 794, 32, 293], [""SAUCE"", 872, 91, 237]]"
002404,NONE,NONE,NONE,NONE,fail,"America's Imerica's Favorite Inerica's Favorite Inerica's Favorite nerica's Favorite erica's Favorite s Favorite AOOD | Chili Chili Sauce Chili Sauce Chili Sauce Chili Sauce Chili Sauce Sauce -6981 Imerica's Favorite | HEINZ 12 12 ZNIEHE Chili Sauce Chili Sauce Anerica's Favorite | 6981 | SHEINZ JHEINZ JHEINZ JHEINZ JHEINZS JHEINZZ | 1869- 1869- 1869 1869- CHIILI CHIILI CIIILL SAUL IR69 HUULL | SAUCE SAUCE SAUCE SAUCE aoapH S,pua |    | JHEINZZ | 1869 CHIILI | SAUCE","[[""Imerica's Favorite"", 64, 42, 147], [""Chili Sauce"", 99, 47, 163], [""JHEINZ"", 477, 84, 111], [""1869-"", 512, 30, 204], [""America's"", 61, 43, 143], [""s Favorite"", 64, 40, 242], [""Chili"", 93, 44, 161], [""Sauce"", 100, 42, 234], [""SHEINZ"", 474, 92, 118], [""1869"", 510, 28, 214], [""HUULL"", 534, 56, 175], [""SAUCE"", 566, 66, 160], [""HEINZ"", 251, 225, 123], [""Anerica's Favorite"", 278, 267, 552], [""Chili Sauce"", 257, 194, 515], [""6981"", 394, 74, 496], [""AOOD"", 72, 52, 289], [""-6981"", 128, 29, 351], [""ZNIEHE"", 164, 75, 265], [""aoapH S,pua"", 575, 39, 231], [""Inerica's Favorite"", 64, 43, 148], [""Chili Sauce"", 100, 48, 163], [""12"", 278, 15, 243], [""JHEINZ"", 477, 82, 113], [""CHIILI"", 532, 86, 142], [""1869-"", 513, 30, 201], [""SAUCE"", 563, 87, 143], [""Inerica's Favorite"", 64, 43, 148], [""Chili Sauce"", 100, 48, 163], [""12"", 278, 15, 243], [""JHEINZ"", 477, 82, 113], [""CHIILI"", 532, 86, 142], [""1869-"", 513, 30, 201], [""SAUCE"", 563, 87, 143], [""Imerica's Favorite"", 127, 78, 296], [""Chili Sauce"", 199, 96, 326], [""  "", 622, 71, 389], [""JHEINZZ"", 952, 165, 231], [""CHIILI"", 1062, 172, 284], [""1869"", 1022, 47, 433], [""SAUCE"", 1125, 172, 280], [""erica's Favorite"", 64, 42, 162], [""Chili Sauce"", 100, 48, 163], [""JHEINZZ"", 477, 82, 117], [""SAUL"", 548, 144, 125], [""nerica's Favorite"", 64, 45, 153], [""Chili Sauce"", 100, 49, 162], [""JHEINZS"", 477, 86, 111], [""CIIILL"", 532, 83, 144], [""IR69"", 513, 27, 216], [""SAUCE"", 564, 87, 141]]"
002410,2028,02,02,2028-02-02,rot270,020228 | Finm ~~ | n,"[[""020228"", 263, 132, 699], [""Finm"", 418, 41, 90], [""n"", 482, 21, 99], [""~~"", 562, 142, 451]]"
002411,2023,01,12,2023-01-12,det5,안전관리인증 | HACCP ：080-754-5152 | ·담터 대추차 맛있게 드시는 방법· | 유통기한: | 대추차 20230112 까지 | （15g） | 넣습니다. (약90m)을 봇습니다. 드십시오. | 8809257332153,"[[""안전관리인증"", 272, 20, 482], [""HACCP"", 289, 31, 479], [""：080-754-5152"", 292, 33, 625], [""대추차"", 435, 282, 9], [""·담터 대추차 맛있게 드시는 방법·"", 350, 43, 145], [""유통기한:"", 378, 47, 480], [""20230112"", 414, 47, 597], [""까지"", 405, 38, 812], [""（15g）"", 507, 20, 149], [""넣습니다."", 524, 21, 151], [""(약90m)을 봇습니다. 드십시오."", 520, 26, 249], [""8809257332153"", 544, 33, 524]]"
002424,2022,06,09,2022-06-09,clahe,9 | 2022/06/09 | 3CPA | 314492,"[[""9"", 332, 57, 270], [""2022/06/09"", 426, 102, 185], [""3CPA"", 497, 77, 226], [""314492"", 556, 61, 544]]"
002425,2022,06,09,2022-06-09,det5,2022/06 /09 | 3C224 | 314492,"[[""2022/06 /09"", 316, 58, 175], [""3C224"", 370, 59, 211], [""314492"", 414, 48, 519]]"
002430,2021,06,11,2021-06-11,det5,20210611 SPE | KNB107 | BEST If Used By | LIFT TAB TO,"[[""20210611"", 420, 85, 198], [""SPE"", 421, 69, 584], [""KNB107"", 474, 49, 202], [""BEST If Used By"", 592, 36, 215], [""LIFT TAB TO"", 840, 37, 576]]"
002432,2020,07,16,2020-07-16,clahe,크림(유지방는 큰15%) | 제품9Oml(3ookcau) | 연향료(바닐라향)0.4% | ㄷ분태8% 이미지 사진입니다 | Natuur. | NATURAL PREMIUM ICE CREAM | 附至20.07:16A | 바닐라&아몬드바,"[[""크림(유지방는"", 391, 22, 244], [""큰15%)"", 394, 21, 388], [""제품9Oml(3ookcau)"", 408, 27, 193], [""연향료(바닐라향)0.4%"", 424, 35, 153], [""ㄷ분태8%"", 444, 27, 169], [""이미지 사진입니다"", 450, 23, 391], [""Natuur."", 542, 45, 279], [""附至20.07:16A"", 598, 53, 203], [""NATURAL PREMIUM ICE CREAM"", 570, 13, 294], [""바닐라&아몬드바"", 664, 40, 222]]"
002436,2021,06,03,2021-06-03,erode3,7616500662292 | P Preduction Date (dA/mm) Date be prabuxtion-D | Bestbdare (tdimmhw) | antesde | 03.06.2021 | KCsO,"[[""7616500662292"", 414, 38, 200], [""P Preduction Date (dA/mm)"", 436, 31, 160], [""Bestbdare (tdimmhw)"", 452, 35, 172], [""Date be prabuxtion-D"", 447, 22, 342], [""antesde"", 474, 20, 307], [""03.06.2021"", 505, 38, 258], [""KCsO"", 520, 30, 257]]"
002444,2016,06,16,2016-06-16,fail,"16:06 16:06 16:06 16:06 16:06 BEST_BEFORE: BEST_BEFORE BEST_BEFORE! ESTBEFORE  ESTBEFORE  U  Dgpaortav 06 BEST | No Brpmd No Brpmd No Brand No Brand NoBrand"" PUS ON   NONE BEFORE | CEMONL Meμovasa LEMONADE LEMONADE Meμovasa Meμovasa poda LEMONADE LEMONADE 90:91 | BEST EEFORE | SI2 SI2 16:06 | SONAKE SONAKE | No Brand"" | LEMONADE","[[""BEST_BEFORE!"", 220, 40, 189], [""16:06"", 232, 29, 186], [""No Brand"", 319, 29, 259], [""Meμovasa"", 394, 23, 253], [""BEST_BEFORE"", 219, 42, 187], [""16:06"", 231, 36, 184], [""No Brand"", 318, 31, 259], [""LEMONADE"", 376, 74, 185], [""BEST"", 222, 68, 410], [""06"", 246, 47, 396], [""NoBrand\"""", 323, 128, 299], [""BEFORE"", 309, 101, 401], [""PUS ON"", 324, 116, 305], [""NONE"", 367, 116, 357], [""Dgpaortav"", 246, 22, 299], ["" "", 312, 25, 270], [""90:91"", 408, 30, 376], [""ESTBEFORE "", 234, 91, 176], [""16:06"", 233, 30, 186], [""No Brpmd"", 319, 29, 260], [""LEMONADE"", 376, 65, 189], [""Meμovasa"", 395, 20, 258], [""SI2"", 439, 44, 267], [""SONAKE"", 474, 11, 306], [""ESTBEFORE "", 234, 91, 176], [""16:06"", 233, 30, 186], [""No Brpmd"", 319, 29, 260], [""LEMONADE"", 376, 65, 189], [""Meμovasa"", 395, 20, 258], [""SI2"", 439, 44, 267], [""SONAKE"", 474, 11, 306], [""BEST EEFORE"", 439, 72, 380], [""16:06"", 464, 52, 374], [""No Brand\"""", 638, 55, 521], [""LEMONADE"", 756, 166, 366], [""U "", 232, 77, 185], [""CEMONL"", 374, 48, 197], [""16:06"", 233, 30, 187], [""poda"", 396, 19, 257], [""BEST_BEFORE:"", 220, 39, 189], [""LEMONADE"", 379, 85, 185]]"
002452,2022,12,01,2022-12-01,det5,"제품명 꿀땅콩 식품유형 망광도는 류가을 원산지 중 내용량 1.5.kg | 제조원F1 OINGDAO BAOQUAN PEANUT GIOULNTRACHGho! | 수입원C1 [주민민푸드/경상남도 양산시 물금음7 | 소분원 서계식품 주식회사/부산광역시 영도구 | 포장재질 폴리프로필렌(뚜껑)폴리에틸렌터레프릴레이티닝 유통기한별도표 | 원재료명땅콩,밀가루,설탕,아카시이꿀,옥수수유닥스트린,소큼 땅콩,밀함유 | 소비담실0수신부변진된제품은거및입에항니다.신도 지를에 | 습계를투입하였으니먹지마세요본제품은공정거래위원고시소비분정해결기준에의거교환또는보을수있습니다. | 부정·량식품고는국번이·지사신을하여건조하고들곳에보하시고후시보및 | 1.12.22까IF2C2 용기 OTHER 8 801133 006264","[[""제품명"", 314, 29, 117], [""꿀땅콩 식품유형 망광도는 류가을 원산지 중"", 324, 56, 149], [""내용량 1.5.kg"", 330, 36, 476], [""제조원F1"", 342, 26, 116], [""OINGDAO BAOQUAN PEANUT"", 346, 30, 157], [""수입원C1"", 367, 30, 113], [""[주민민푸드/경상남도 양산시 물금음7"", 372, 39, 156], [""GIOULNTRACHGho!"", 357, 25, 487], [""소분원"", 394, 29, 117], [""서계식품 주식회사/부산광역시 영도구"", 396, 35, 154], [""포장재질 폴리프로필렌(뚜껑)폴리에틸렌터레프릴레이티닝"", 424, 43, 110], [""유통기한별도표"", 430, 34, 442], [""원재료명땅콩,밀가루,설탕,아카시이꿀,옥수수유닥스트린,소큼 땅콩,밀함유"", 452, 46, 109], [""소비담실0수신부변진된제품은거및입에항니다.신도 지를에"", 484, 48, 109], [""습계를투입하였으니먹지마세요본제품은공정거래위원고시소비분정해결기준에의거교환또는보을수있습니다."", 508, 43, 113], [""부정·량식품고는국번이·지사신을하여건조하고들곳에보하시고후시보및"", 532, 46, 108], [""1.12.22까IF2C2"", 636, 63, 105], [""용기 OTHER"", 640, 13, 376], [""8"", 652, 8, 456], [""801133"", 652, 16, 467], [""006264"", 655, 19, 511]]"
002454,2023,02,03,2023-02-03,fail,"-  한요 BSL융h움 | Durchschnitliche Durchschnittliche aind' pu EZ6T 7 | Energie: Energie: Energie: Nhrwertet Nahrwertet Nahrwerte: Nahrwerte: Durchschnittliche pro100g pro100g pro 100g (-S2  ※ DR.C. DR.C. DR.C. SOLDAN SOLDAN· SOLDAN SOLDAN Saiz: Eiweis: davon Zucker: Kohlenhydrate: Fett: Energie: 0( | pro Porti pro Portion DR,C. | Fett: Fett: Fett: davongesttigte Fets. davon gesttigte ets ogeees Energie: ren eups 18020745 (392.kcam (392kcal) (392kcal) 1655K 1655K 16551 L303189 OB 08 08 03 02.2023 Durchschnittliche （22g-55t 2g-55tui 1B6 kc pro100g 0- Portion"" portion"" portion"" %pro %pro %pro peyu pro Portion 융  ( Em-eukal Em.eukal Em.eukal Em-eukal Menthol; Eukalyptusöl. :※ : SOLDAN* | 009077 072589 davonZucker: davon Zucker: davon Zucker: Kohlenhydrate: Kohlenhydrate: Kohlenhydrate: Fett: 97g 979 97 g 70g 08 70g 70g 08 Nahrwerte: 0B1 (392.kcal) 03 218 21g 218 0g 1655 Lagerung mindestens haltbar bis Ende: Bei lichtgeschützter, trockener und kühler 및츠 22=tcortion % pro _scnaf.s schnaf.s Wen undvbnnen. Pure Leiden mausgewahite ausgewahite DR.C. | BSL융h움 Eiweis: Eiweis. Eiweis: Kohlenhydrate: Energie: 08 0g 08 15g 15g 15g 0g 08 08 0B Og (86kes) OB pro100g vonEm-eukal1923entwicke P.13 Em-eukal pro100g SOLDAN· | Saiz: Salz: Salz: 08 0g 08 Og. Og 97g Von Dz CarlSel VOnDCmb | davon Zucker: 70g 218 matinn aus Qm nur echt mit der Fahne! mar echa mit der Fakrel nur echt mit der Fahne! nur echt mit der Fahnel ion ausut n Geschmaki pro Portion Woen und Konnen. Pure Leiden chan.Sorgam ausgewahte | : EiweiB.   D  . Don. Fett: 0g 158 08 17 8 (392kcal) 제 1655K 제품명엠-오이칼클래식 22g=55tucki % pro vonEm-eukal0.1923 entwickelt Zutaten.Dast dsCeheimep | 66T Sa/z: 73 k (17 kcal) pro Bonbon. 73 (17 kcal) pro Bonbon. 73k (17kcal) pro Bonbon. 73 k (17 kcal) pro Bonbon. og og 0 식품유형 식품유형캔디류 식품유형캔디류 캔디류 제품명엠-오이칼클래식 제품명엠-오이칼클래식 portion* 0g VoD.CDe Komb | 75ge Menthol;Eukalyptusol. Menthol; Eukalyptusöl. Menthol; Eukalyptusól. Menthol; Eukalyptusöl. ※ Inhalt: ZueGusesi;Kml; Zutaten:ZukerGlksesirp; Karamell; Kohlenhydrate:   수입업소명 및 및 OB 및 수입업소명제제에프비에스E- 수입업소명제제에프비에스E:0 경기도용인시기흥구지상로 경기도용인시기흥구지상로 경기도용인시기흥구지상로 (B6 kcal) 제제에프비에스:86 08 nur echt mit der Fahne! s Gem 귀eyu Em-eukal | 소재지 소재지 978 소재지 201（255-1) 201（255-1） 201（255-1） Wisen und Konnen. Pure Leiden | 73 k (17 kcal) pro Bonbon. 80 80 davon Zucker: Diese ackngenht ca. Portionen. 유통기한 유통기한 유통기한 70g 제품 뒷면 표시일까지 제품 뒷면표시일까지 제품 뒷면 표시일까지 (월,년으로표시-표시월의 1일까지 (월년으로표시-표시월의1일까지 (월,년으로표시-표시월의1일까지 218 제품명엠-오이칼클래식 schaf sorgsam ausgewahite |  ( EiweiB: 내용량 0g 75g(292kcal） 75g(292kcal) 75g(292kcal) 158 식품유형캔디류 Zutaten. Dasst das Geheimeep | 46 Menthol; Eukalyptusöl. 80 80 Zutaten:Zucker:Gluksesirup;Karamell; 원재료명 원재료명 0g 원재료명천연향(엔들,유칼투스오일) 설탕,포도당시럽,카라엘 설탕,포도당시럽,카라얼 설탕,포도당시럽,카라엘 천연향료(멘를,유칼립투스오일) 천연향료 (멘톨, 유칼립투스오일) 0g 및 vonEm-eukale.1923entwickelt | pro100g Sa/z: 공 제조사 제 조 사Dr.C.SOLDAN GmbH 제 조 사Dr.C.SOLDANGmbH Dr.C.SOLDAN GmbH OR 소재지 20255-1） 경기도 용인시 기흥구지삼로 VonDr.CarSoldan Deeinzigaige Kombi | 영양정보 산지독일 원산지 원산지독일 원산지독일 용기포장)재질 폴리프로필렌 용기(포장)재질 폴리프로필렌 용기(포장)재질 폴리프로필렌 유통기한 독일 소재지 e 식품유형캔디류 유통기한 nur echt mit der Fahnel Zutat 0 제품 뒷면 표시일까지 nur echt mit der Fahne! nation aus Qualit und Geschmackist | ) (T-SSZIX)PTOZ m0% 0mg225g Bei lichtgeschützter, trockener und kühler Bei lichtgeschützter, trockener und kühler Bei lichtgeschützter, trockener und kühler Bel lichtgeschotzter, trockener und kohler :ZjeS ※반품 및 교환:구입처 및 수입원 139 ※보관방법:건냉한곳에보관 해결기준에의거교환 또는 보상받을수있습니다. ※본제품은 공정거래위원회고시소비자분정 있으니주의하여주십시오. ※사탕째삼킬경우 질식 또는 식도손상의위험이 용기(포장)재질 폴리프로필렌 D   Ponen. 제조사Dr.C.SOLDANGmbH 75g(292kcal） (월년으로표시-표시월의1일까지 제품 뒷면표시일까지 있으니주의하여 주십시오. 있으니주의하여주십시오 있으니주의하여주십시오. 있으니주의하여주십시오 2011（255-1） ※본 제품은 공정거래위원회 고시 소비자 분장 ※본 제품은 공정거래위원회 고시 소비자 분장 ※본재은공거시고시스자 ※본 제품은 공정거래위원회 고시 소비자 분장 ※사탕째 삼킬 경우 질식 또는 식도 손상의 위험이 ※사탕째삼킬 경우 질식 또는 식도손상의 위험이 방사방재성접경우질식도는식도손설의위회 ※사탕째 삼킬 경우 질식 또는 식도손상의 위험이 경기도용인시기구지상로 가에의거교도는보수9 해결기준에의거교환 또는 보상받을 수 있습니다. 해결기준에 의거 교환 또는 보상받을 수 있습니다. 해결기준에 의거 교환 또는 보상받을 수 있습니다. 수입업소명 제제에프비에스E: 제품명엠-오이칼클래식 원재료명 LH75g(292kcal) 설탕,포도당시럽,카라멜, 천연향료(멘톨,유칼립투스오일) (월,년으로 표시-표시월의 1일까지 SOLDAN' 제 품명일 엠-오이칼 클래식 | Lagerung mindestens haltbar bis Ende: Lagerung mindestens haltbar bis Ende: Lagerung mindesters haltbar bis Ende: Lagerung mindestens haltbar bis Ende: 73 k (17 kcal) pro Bonbon. ※보관방법:건냉한곳에 보관 보관방법:간념화교보관 ※보관방법:건냉한 곳에 보관 ※보관방법:건냉한 곳에 보관 | -  ※부정·불광식플신고는국원업이피 199 1399 제 조 사Dr.C.SOLDANGmbH .Purel 식품유형캔디류 | 다를수있습니다 02.2023 02.2023 02.2023 02.2023 292kcal 총내용량75g Zutaten:Zucker; Glukosesirup; Karamell; ※반품 및 교환:구입처 및 수입원 ※반품 및 교환:구입처 및 수입원 ※반품 및 교환:구입처 및 수입원 류반품원고함:구업처립수업회 PP 원산지독일 용기(포장)재질폴리프로필렌 E0708768-568 | L303189 L303189 L303189 L303189 Menthol; Eukalyptusöl. 80 80 80 :ZES 총내용량 75g 총내용량 75g 총내용량75g ※사탕째 삼킬 경우 질식 또는 식도 손상의 위험이 및 경기도 용인시 기흥구 지삼로 | 1802 0745 18020745 1802 0745 18020745 SST 80 8OL 영양정보 영양정보 영양정보 영양정보 292kcal 292kcal 292kcal 있으니 주의하여 주십시오. 소재지 20（255-1) | emna-wr 8 L6 80 0mg0%个量73g23%弄525g53% 三县0mg0%个封量73g23%县525g53% 0mg0%个量73g23%弄525g53% 11 ※본 제품은 공정거래위원회 고시 소비자 분장 | Bei lichtgeschützter, trockener und kühler Inhalt: Inhalt: Inhalt: Inhalt:  Z6E) g0%g0% 해결기준에 의거 교환 또는 보상받을 수 있습니다. 유통기한 제품 뒷면 표시일까지 | Lagerung mindestens haltbar bis Ende: 75 75ge 75ge 75ge oid% 지방g0% 재해서토스 0mg0%g0% 0mg0%g0% 0mg0%0g0% ※보관방법:건냉한 곳에 보관 (월,년으로 표시-표시월의 1일까지) | NAIOS 8 ot od 1일 영일성본 기문에대대 %200c %200kcl %200kca am다를수있습니다 wma다를 수 있습니다 RwmC를수 있습니다 ※반품 및 교환:구입처 및 수입원 내용량 75g(292kcal) | 4 009077072589 009077 072589 009077072589 009077072589 02.2023 원재료명 설탕,포도당시럽,카라멜 | Dr. C.SOLDAN GmbH· Dr-Carl-Soldan-Platz 1 Dr.C. SOLDAN GmbH- Dr-Carl-Soldan-Platz 1 Dr. C. SOLDAN GmbH· Dr.-Carl-Soldan-Platz 1 SOLDAN GmbH Dr Car Soldan-Pott 천연향료(멘톨,유칼립투스오일) | 91325Adelsdorf,Deutschland 91325Adelsdorf,Deutschland 91325Adelsdorf,Deutschland 325Adelsdort.Deuthls L303189 | ww.em www.em-euk. 18020745 총내용량 75g 제 조 사Dr.C.SOLDANGmbH | 영양정보 292kcal | 원산지 독일 | Inhalt: mg073g23%52.5g53 용기(포장)재질|폴리프로필렌 | 75ge 0mg0%0g0% ※사탕째 삼킬 경우 질식 또는 식도 손상의 위험이 | %200ca 따라 다를 수 있습니다 있으니 주의하여 주십시오. | 4 009077072589 ※본 제품은 공정거래위원회 고시 소비자 분쟁 | Dr.C. SOLDAN GmbH· Dr.-Carl-Soldan-Platz 1 Bei lichtgeschützter, trockener und kühler 해결기준에 의거 교환 또는 보상받을 수 있습니다. | 91325Adelsdorf,Deutschland Lagerung mindestens haltbar bis Ende: ※보관방법:건냉한 곳에 보관 | www.em | ※반품 및 교환:구입처 및 수입원 PP | 02.2023 | L303189 | 18020745 총내용량 75g | 영양정보 292kcal | 52.5g53% | Inhalt: Gluten 三0mg0%个量73g23% | 75g e 지방 0g0% | 0mg0%0g0% | %2000ca FM따라 다를 수 있습니다 | 4 009077072589 | Dr. C. SOLDAN GmbH· Dr.-Carl-Soldan-Platz 1 | 91325Adelsdorf,Deutschland | L3 | NUWN.","[[""Durchschnitliche"", 87, 45, 92], [""Energie:"", 108, 25, 94], [""pro100g"", 116, 41, 204], [""pro Portion"", 134, 35, 261], [""SOLDAN"", 122, 27, 530], [""davon gesttigte ets"", 160, 30, 95], [""Em-eukal"", 181, 49, 452], [""Kohlenhydrate:"", 178, 34, 95], [""davon Zucker:"", 198, 36, 96], [""Eiweis."", 220, 32, 99], [""nur echt mit der Fahne!"", 275, 27, 471], [""73 k (17 kcal) pro Bonbon."", 318, 32, 81], [""제품명엠-오이칼클래식"", 314, 43, 476], [""식품유형캔디류"", 331, 28, 482], [""수입업소명제제에프비에스E:0"", 356, 48, 482], [""Menthol; Eukalyptusól."", 356, 25, 79], [""경기도용인시기흥구지상로"", 372, 31, 542], [""유통기한"", 409, 24, 484], [""(월,년으로표시-표시월의1일까지"", 422, 32, 540], [""75g(292kcal）"", 438, 30, 480], [""원재료명"", 462, 22, 482], [""설탕,포도당시럽,카라엘"", 458, 27, 540], [""천연향료(멘를,유칼립투스오일)"", 474, 25, 539], [""원산지독일"", 508, 26, 480], [""용기(포장)재질 폴리프로필렌"", 527, 24, 480], [""※사탕째 삼킬 경우 질식 또는 식도손상의 위험이"", 554, 24, 481], [""있으니주의하여주십시오"", 571, 24, 498], [""Bei lichtgeschützter, trockener und kühler"", 600, 31, 62], [""※본 제품은 공정거래위원회 고시 소비자 분장"", 590, 21, 482], [""※보관방법:건냉한 곳에 보관"", 628, 23, 480], [""199"", 646, 25, 480], [""02.2023"", 680, 30, 95], [""※반품 및 교환:구입처 및 수입원"", 666, 26, 480], [""L303189"", 705, 28, 93], [""18020745"", 726, 27, 92], [""총내용량 75g"", 731, 27, 644], [""영양정보"", 750, 45, 487], [""292kcal"", 751, 22, 652], [""Inhalt:"", 789, 40, 289], [""0mg0%个量73g23%弄525g53%"", 782, 43, 497], [""75ge"", 818, 54, 288], [""0mg0%g0%"", 836, 42, 496], [""009077072589"", 882, 32, 89], [""%200kcl"", 864, 54, 501], [""91325Adelsdorf,Deutschland"", 927, 33, 51], [""Nhrwertet"", 93, 34, 93], [""DR.C."", 109, 21, 537], [""Fett:"", 143, 18, 97], [""16551"", 143, 30, 223], [""2g-55tui"", 146, 34, 262], [""(392kcal)"", 154, 29, 218], [""%pro"", 148, 27, 326], [""portion\"""", 160, 24, 317], [""08"", 170, 17, 245], [""97g"", 190, 25, 240], [""08"", 180, 15, 248], [""0B1"", 182, 15, 308], [""70g"", 206, 27, 242], [""218"", 205, 22, 305], [""08"", 222, 24, 246], [""15g"", 218, 15, 311], [""_scnaf.s"", 215, 10, 535], [""mausgewahite"", 219, 23, 610], [""Salz:"", 241, 18, 106], [""08"", 239, 22, 248], [""08"", 233, 21, 312], [""Og"", 250, 15, 317], [""및"", 365, 18, 509], [""소재지"", 381, 21, 496], [""201（255-1）"", 387, 28, 541], [""제품 뒷면 표시일까지"", 406, 23, 541], [""제 조 사Dr.C.SOLDAN GmbH"", 490, 24, 481], [""해결기준에 의거 교환 또는 보상받을 수 있습니다."", 607, 22, 497], [""Lagerung mindestens haltbar bis Ende:"", 618, 29, 63], [""am다를수있습니다"", 872, 33, 609], [""Dr. C. SOLDAN GmbH· Dr.-Carl-Soldan-Platz 1"", 908, 46, 48], [""Nahrwerte:"", 93, 34, 94], [""Energie:"", 106, 25, 93], [""pro100g"", 115, 42, 203], [""DR.C."", 108, 23, 537], [""SOLDAN"", 122, 27, 531], [""Fett:"", 142, 20, 97], [""(392.kcam"", 154, 32, 218], [""1655K"", 142, 26, 224], [""%pro"", 147, 30, 324], [""ogeees"", 160, 31, 94], [""Portion\"""", 159, 30, 315], [""ren"", 169, 17, 202], [""OB"", 169, 14, 247], [""Em-eukal"", 180, 50, 447], [""Kohlenhydrate:"", 177, 34, 95], [""979"", 191, 26, 240], [""08"", 179, 16, 248], [""davonZucker:"", 198, 35, 97], [""70g"", 205, 25, 242], [""218"", 205, 20, 307], [""Eiweis:"", 220, 29, 99], [""08"", 222, 21, 249], [""15g"", 218, 18, 310], [""Saiz:"", 242, 21, 103], [""08"", 240, 25, 246], [""08"", 233, 20, 312], [""nur echt mit der Fahne!"", 274, 28, 470], [""73 k (17 kcal) pro Bonbon."", 318, 32, 79], [""제"", 311, 16, 481], [""제품명엠-오이칼클래식"", 315, 42, 487], [""식품유형"", 330, 26, 481], [""캔디류"", 333, 32, 536], [""Menthol; Eukalyptusöl."", 356, 25, 77], [""수입업소명"", 348, 25, 483], [""제제에프비에스:86"", 358, 37, 537], [""및"", 364, 19, 508], [""경기도용인시기흥구지상로"", 371, 33, 540], [""소재지"", 381, 26, 493], [""201（255-1）"", 386, 31, 539], [""유통기한"", 409, 29, 481], [""제품 뒷면표시일까지"", 404, 25, 540], [""(월년으로표시-표시월의1일까지"", 422, 33, 539], [""내용량"", 434, 25, 478], [""75g(292kcal)"", 438, 24, 536], [""원재료명"", 463, 28, 479], [""설탕,포도당시럽,카라엘"", 457, 28, 538], [""천연향료 (멘톨, 유칼립투스오일)"", 473, 29, 538], [""제조사"", 488, 24, 479], [""Dr.C.SOLDAN GmbH"", 490, 22, 539], [""원산지"", 507, 24, 479], [""독일"", 508, 19, 541], [""용기포장)재질 폴리프로필렌"", 526, 26, 479], [""※사탕째삼킬 경우 질식 또는 식도손상의 위험이"", 554, 25, 481], [""있으니주의하여주십시오."", 570, 23, 497], [""Bei lichtgeschützter, trockener und kühler"", 598, 30, 61], [""※본 제품은 공정거래위원회 고시 소비자 분장"", 590, 21, 482], [""해결기준에의거교환 또는 보상받을 수 있습니다."", 606, 27, 495], [""Lagerung mindestens haltbar bis Ende:"", 618, 32, 60], [""※보관방법:건냉한곳에 보관"", 627, 25, 479], [""1399"", 645, 28, 478], [""※반품 및 교환:구입처 및 수입원"", 665, 29, 479], [""02.2023"", 680, 27, 95], [""PP"", 670, 15, 681], [""L303189"", 704, 28, 91], [""1802 0745"", 726, 27, 92], [""총내용량 75g"", 730, 27, 645], [""영양정보"", 750, 47, 486], [""292kcal"", 750, 27, 651], [""Inhalt:"", 788, 41, 289], [""0mg0%个量73g23%弄525g53%"", 782, 46, 494], [""75ge"", 818, 53, 287], [""지방g0%"", 816, 31, 495], [""0mg0%g0%"", 834, 43, 496], [""%200c"", 863, 55, 500], [""009077 072589"", 882, 36, 84], [""RwmC를수 있습니다"", 870, 36, 611], [""Dr. C.SOLDAN GmbH· Dr-Carl-Soldan-Platz 1"", 908, 47, 46], [""91325Adelsdorf,Deutschland"", 926, 31, 51], [""ww.em"", 943, 15, 69], [""Lagerung mindestens haltbar bis Ende:"", 207, 297, 324], [""Bei lichtgeschützter, trockener und kühler"", 212, 307, 344], [""009077 072589"", 178, 185, 58], [""Menthol; Eukalyptusöl."", 164, 169, 593], [""18020745"", 142, 101, 220], [""L303189"", 145, 102, 242], [""02.2023"", 147, 106, 266], [""davon Zucker:"", 136, 77, 745], [""Kohlenhydrate:"", 142, 92, 766], [""Fett:"", 112, 28, 809], [""Energie:"", 121, 54, 839], [""Saiz:"", 118, 25, 712], [""Eiweis:"", 124, 49, 725], [""pro100g"", 235, 65, 824], [""75ge"", 338, 105, 113], [""Inhalt:"", 334, 86, 152], [""0g"", 326, 20, 703], [""※반품 및 교환:구입처 및 수입원"", 562, 166, 280], [""139"", 576, 195, 300], [""※보관방법:건냉한곳에보관"", 559, 158, 321], [""※사탕째삼킬경우 질식 또는 식도손상의위험이"", 588, 217, 393], [""용기(포장)재질 폴리프로필렌"", 548, 136, 421], [""제조사Dr.C.SOLDANGmbH"", 568, 179, 456], [""75g(292kcal）"", 550, 140, 507], [""식품유형캔디류"", 534, 107, 615], [""제품명엠-오이칼클래식"", 562, 175, 621], [""nur echt mit der Fahnel"", 537, 132, 670], [""해결기준에의거교환 또는 보상받을수있습니다."", 598, 221, 342], [""※본제품은 공정거래위원회고시소비자분정"", 587, 210, 358], [""있으니주의하여주십시오."", 560, 139, 379], [""공"", 491, 16, 445], [""유통기한"", 514, 64, 537], [""수입업소명 제제에프비에스E:"", 589, 216, 580], [""m0%"", 575, 162, 101], [""0mg225g"", 600, 211, 153], [""영양정보"", 528, 78, 188], [""산지독일"", 534, 86, 443], [""소재지"", 515, 40, 568], [""e"", 516, 21, 587], [""Zutat"", 546, 34, 733], [""SOLDAN'"", 568, 86, 818], [""(월년으로표시-표시월의1일까지"", 614, 150, 522], [""제품 뒷면표시일까지"", 592, 105, 543], [""2011（255-1）"", 604, 133, 557], [""경기도용인시기구지상로"", 606, 135, 571], [""다를수있습니다"", 668, 83, 73], ["".Purel"", 646, 31, 748], [""292kcal"", 678, 53, 198], [""총내용량75g"", 675, 62, 217], [""※"", 130, 217, 541], [""한요"", 31, 32, 624], [""BSL융h움"", 44, 58, 720], [""0("", 118, 198, 836], [""pu EZ6T"", 79, 85, 225], [""(-S2 "", 116, 134, 370], [""aind'"", 74, 28, 202], [""0-"", 157, 174, 291], ["":※"", 161, 159, 615], ["":"", 159, 164, 654], [""융"", 172, 134, 422], ["" ("", 171, 135, 515], [""eups"", 168, 21, 210], [""및츠"", 202, 21, 358], [""귀eyu"", 385, 80, 772], [""80"", 395, 26, 226], [""80"", 394, 22, 243], [""80"", 459, 28, 212], [""80"", 458, 26, 230], [""46"", 462, 19, 185], [""pro100g"", 484, 76, 93], ["":ZjeS"", 604, 25, 234], [""- "", 52, 44, 337], [""7"", 72, 9, 648], [""peyu"", 170, 37, 346], [""BSL융h움"", 229, 27, 12], ["":"", 294, 28, 79], [""66T"", 314, 25, 52], [""※"", 334, 20, 93], ["" ("", 433, 24, 106], ["")"", 538, 31, 24], [""(T-SSZIX)PTOZ"", 573, 28, 53], [""- "", 644, 45, 74], [""80"", 711, 16, 383], [""80"", 726, 25, 377], [""80"", 722, 21, 448], ["":ZES"", 720, 16, 592], [""SST"", 742, 23, 382], [""80"", 738, 21, 447], [""emna-wr"", 778, 51, 48], [""8OL"", 755, 20, 448], [""8 L6"", 768, 25, 444], [""80"", 781, 12, 452], [""oid%"", 812, 27, 354], ["" Z6E)"", 806, 27, 455], [""NAIOS"", 838, 27, 116], [""8 ot od"", 844, 36, 458], [""Durchschnittliche"", 88, 45, 93], [""Nahrwertet"", 93, 35, 95], [""Energie:"", 108, 22, 94], [""pro 100g"", 116, 40, 205], [""DR.C."", 110, 23, 536], [""SOLDAN·"", 123, 26, 529], [""1655K"", 143, 25, 225], [""（22g-55t"", 146, 34, 261], [""pro Porti"", 133, 22, 268], [""Fett:"", 144, 18, 98], [""%pro"", 148, 17, 332], [""davongesttigte Fets."", 160, 25, 97], [""(392kcal)"", 155, 23, 221], [""portion\"""", 160, 24, 317], [""03"", 170, 17, 245], [""1B6 kc"", 169, 14, 288], [""Em.eukal"", 181, 46, 452], [""Kohlenhydrate:"", 178, 34, 95], [""97 g"", 191, 24, 241], [""08"", 180, 14, 249], [""03"", 183, 16, 307], [""davon Zucker:"", 198, 32, 97], [""70g"", 206, 22, 244], [""21g"", 205, 20, 306], [""0g"", 194, 10, 313], [""Wen undvbnnen. Pure Leiden"", 208, 21, 529], [""Eiweis:"", 220, 30, 99], [""0g"", 222, 19, 249], [""15g"", 218, 14, 311], [""schnaf.s"", 215, 10, 539], [""ausgewahite"", 220, 21, 613], [""0g"", 239, 22, 249], [""0g"", 233, 19, 311], [""VOnDCmb"", 253, 47, 465], [""vonEm-eukal1923entwicke"", 240, 37, 525], [""Salz:"", 240, 15, 106], [""Og."", 249, 16, 316], [""ion ausut n Geschmaki"", 265, 46, 467], ["" "", 279, 42, 90], [""nur echt mit der Fahnel"", 276, 26, 472], [""D  ."", 300, 51, 81], [""73k (17kcal) pro Bonbon."", 318, 32, 82], [""제품명엠-오이칼클래식"", 315, 40, 477], [""Zutaten:ZukerGlksesirp; Karamell;"", 342, 49, 77], [""식품유형캔디류"", 332, 25, 483], [""수입업소명제제에프비에스E-"", 356, 46, 483], [""Menthol; Eukalyptusöl."", 356, 22, 81], [""및"", 366, 17, 510], [""경기도용인시기흥구지상로"", 372, 31, 541], [""소재지"", 382, 23, 496], [""201（255-1)"", 387, 28, 539], [""유통기한"", 409, 25, 484], [""제품 뒷면 표시일까지"", 406, 24, 540], [""(월,년으로표시-표시월의 1일까지"", 422, 29, 538], [""75g(292kcal)"", 438, 26, 481], [""원재료명천연향(엔들,유칼투스오일)"", 471, 50, 477], [""설탕,포도당시럽,카라얼"", 458, 23, 540], [""제 조 사Dr.C.SOLDANGmbH"", 491, 24, 481], [""원산지독일"", 509, 23, 481], [""용기(포장)재질 폴리프로필렌"", 528, 21, 482], [""※사탕째 삼킬 경우 질식 또는 식도 손상의 위험이"", 555, 22, 482], [""있으니주의하여 주십시오."", 572, 23, 498], [""Bei lichtgeschützter, trockener und kühler"", 600, 29, 62], [""※본 제품은 공정거래위원회 고시 소비자 분장"", 591, 20, 482], [""해결기준에 의거 교환 또는 보상받을 수 있습니다."", 608, 21, 497], [""Lagerung mindestens haltbar bis Ende:"", 618, 29, 63], [""※보관방법:건냉한 곳에 보관"", 628, 17, 483], [""02.2023"", 680, 32, 94], [""※반품 및 교환:구입처 및 수입원"", 666, 23, 480], [""L303189"", 704, 22, 94], [""18020745"", 727, 24, 93], [""총내용량75g"", 732, 23, 646], [""영양정보"", 751, 44, 487], [""292kcal"", 751, 22, 652], [""Inhalt:"", 790, 41, 289], [""三县0mg0%个封量73g23%县525g53%"", 783, 42, 497], [""75ge"", 818, 53, 289], [""g0%g0%"", 808, 45, 498], [""0mg0%0g0%"", 836, 41, 498], [""009077072589"", 883, 32, 73], [""%200kca"", 864, 51, 503], [""wma다를 수 있습니다"", 871, 29, 612], [""4"", 888, 10, 65], [""Dr.C. SOLDAN GmbH- Dr-Carl-Soldan-Platz 1"", 908, 47, 48], [""91325Adelsdorf,Deutschland"", 927, 33, 51], [""www.em-euk."", 943, 24, 52], [""Durchschnittliche"", 116, 53, 127], [""Nahrwerte:"", 123, 42, 126], [""Energie:"", 142, 23, 126], [""pro100g"", 153, 50, 273], [""DR,C."", 143, 24, 709], [""SOLDAN*"", 161, 32, 699], [""pro Portion"", 178, 43, 347], [""Fett:"", 188, 22, 128], [""1655"", 189, 34, 298], [""22=tcortion"", 201, 62, 343], [""(392.kcal)"", 204, 33, 290], [""% pro"", 194, 33, 432], [""0B"", 224, 23, 325], [""(86kes)"", 223, 23, 377], [""Em-eukal"", 238, 64, 596], [""Kohlenhydrate:"", 234, 40, 128], [""97g"", 252, 33, 317], [""Og"", 237, 22, 326], [""OB"", 240, 21, 407], [""davon Zucker:"", 261, 42, 129], [""70g"", 271, 32, 319], [""218"", 270, 32, 403], [""Woen und Konnen. Pure Leiden"", 274, 28, 695], [""0g"", 293, 31, 327], [""158"", 288, 33, 405], [""8"", 284, 15, 478], [""Zutaten.Dast dsCeheimep"", 301, 51, 696], [""chan.Sorgam ausgewahte"", 287, 32, 707], [""EiweiB."", 290, 38, 133], [""08"", 307, 34, 410], [""og"", 316, 31, 326], [""17"", 302, 18, 474], [""VoD.CDe Komb"", 333, 63, 612], [""vonEm-eukal0.1923 entwickelt"", 316, 48, 691], ["" "", 352, 85, 111], [""Sa/z:"", 317, 22, 136], [""og"", 329, 28, 415], [""0"", 324, 13, 480], [""s Gem"", 349, 57, 616], [""nur echt mit der Fahne!"", 362, 33, 624], [""Diese ackngenht ca. Portionen."", 395, 60, 108], [""73 k (17 kcal) pro Bonbon."", 418, 39, 109], [""제품명엠-오이칼클래식"", 415, 47, 631], [""Zutaten:Zucker:Gluksesirup;Karamell;"", 450, 63, 102], [""식품유형캔디류"", 436, 35, 637], [""Menthol; Eukalyptusöl."", 467, 32, 106], [""및"", 480, 23, 672], [""경기도 용인시 기흥구지삼로"", 490, 38, 715], [""소재지"", 502, 29, 654], [""20255-1）"", 510, 36, 713], [""유통기한"", 539, 30, 637], [""제품 뒷면 표시일까지"", 534, 30, 713], [""(월,년으로 표시-표시월의 1일까지"", 556, 35, 713], [""LH75g(292kcal)"", 576, 35, 635], [""원재료명"", 610, 35, 634], [""설탕,포도당시럽,카라멜,"", 603, 29, 712], [""천연향료(멘톨,유칼립투스오일)"", 623, 33, 708], [""제 조 사Dr.C.SOLDANGmbH"", 646, 31, 635], [""원산지독일"", 668, 29, 635], [""용기(포장)재질폴리프로필렌"", 694, 23, 637], [""※사탕째 삼킬 경우 질식 또는 식도 손상의 위험이"", 730, 27, 638], [""있으니 주의하여 주십시오."", 752, 24, 658], [""※본 제품은 공정거래위원회 고시 소비자 분장"", 777, 24, 638], [""Bei lichtgeschützter, trockener und kühler"", 789, 36, 84], [""해결기준에 의거 교환 또는 보상받을 수 있습니다."", 799, 28, 655], [""Lagerung mindestens haltbar bis Ende:"", 814, 38, 85], [""※보관방법:건냉한 곳에 보관"", 826, 22, 636], [""※반품 및 교환:구입처 및 수입원"", 877, 30, 634], [""02.2023"", 894, 33, 126], [""L303189"", 928, 32, 122], [""18020745"", 957, 30, 123], [""총내용량 75g"", 962, 33, 850], [""영양정보"", 988, 59, 643], [""292kcal"", 987, 34, 858], [""Inhalt:"", 1040, 47, 385], [""mg073g23%52.5g53"", 1031, 55, 656], [""75ge"", 1078, 67, 381], [""0mg0%0g0%"", 1101, 54, 654], [""%200ca"", 1138, 69, 662], [""따라 다를 수 있습니다"", 1147, 36, 816], [""4"", 1168, 13, 86], [""009077072589"", 1162, 38, 112], [""Dr.C. SOLDAN GmbH· Dr.-Carl-Soldan-Platz 1"", 1196, 61, 65], [""91325Adelsdorf,Deutschland"", 1220, 41, 69], [""www.em"", 1244, 21, 71], [""Durchschnittliche"", 175, 72, 196], [""Nahrwerte:"", 187, 54, 195], [""Energie:"", 215, 40, 193], [""pro100g"", 232, 70, 415], [""DR.C."", 218, 35, 1079], [""SOLDAN·"", 244, 43, 1065], [""pro Portion"", 270, 58, 531], [""1655K"", 286, 53, 452], [""22g=55tucki"", 292, 65, 522], [""Fett:"", 286, 39, 192], [""% pro"", 297, 52, 658], [""(392kcal)"", 310, 53, 441], [""portion*"", 318, 49, 631], [""OB"", 340, 35, 493], [""(B6 kcal)"", 341, 36, 575], [""Em-eukal"", 362, 96, 904], [""Kohlenhydrate:"", 356, 52, 198], [""978"", 383, 52, 482], [""08"", 366, 35, 616], [""davon Zucker:"", 396, 58, 198], [""70g"", 412, 52, 484], [""218"", 411, 44, 612], [""Wisen und Konnen. Pure Leiden"", 414, 45, 1059], [""0g"", 446, 49, 495], [""158"", 437, 49, 613], [""Zutaten. Dasst das Geheimeep"", 456, 77, 1059], [""schaf sorgsam ausgewahite"", 436, 46, 1076], [""EiweiB:"", 440, 51, 202], [""0g"", 469, 48, 622], [""vonEm-eukale.1923entwickelt"", 480, 72, 1052], [""Sa/z:"", 480, 38, 205], [""0g"", 478, 43, 497], [""VonDr.CarSoldan Deeinzigaige Kombi"", 504, 89, 933], [""OR"", 500, 49, 626], [""nation aus Qualit und Geschmackist"", 530, 80, 938], [""0"", 519, 18, 736], [""nur echt mit der Fahne!"", 550, 47, 947], [""D   Ponen."", 600, 89, 165], [""73 k (17 kcal) pro Bonbon."", 635, 56, 166], [""제 품명일"", 622, 31, 966], [""엠-오이칼 클래식"", 634, 60, 1081], [""Zutaten:Zucker; Glukosesirup; Karamell;"", 684, 89, 158], [""식품유형캔디류"", 662, 48, 969], [""E0708768-568"", 712, 79, 971], [""Menthol; Eukalyptusöl."", 708, 43, 163], [""및"", 730, 32, 1022], [""경기도 용인시 기흥구 지삼로"", 744, 51, 1090], [""소재지"", 763, 38, 996], [""20（255-1)"", 774, 49, 1086], [""유통기한"", 818, 42, 970], [""제품 뒷면 표시일까지"", 810, 39, 1085], [""(월,년으로 표시-표시월의 1일까지)"", 844, 51, 1087], [""내용량"", 871, 38, 966], [""75g(292kcal)"", 877, 38, 1065], [""설탕,포도당시럽,카라멜"", 914, 43, 1082], [""원재료명"", 926, 45, 964], [""천연향료(멘톨,유칼립투스오일)"", 946, 43, 1084], [""제 조 사Dr.C.SOLDANGmbH"", 979, 44, 964], [""원산지"", 1014, 37, 965], [""독일"", 1016, 35, 1074], [""용기(포장)재질|폴리프로필렌"", 1054, 36, 968], [""※사탕째 삼킬 경우 질식 또는 식도 손상의 위험이"", 1108, 36, 971], [""있으니 주의하여 주십시오."", 1142, 34, 1001], [""※본 제품은 공정거래위원회 고시 소비자 분쟁"", 1180, 34, 970], [""Bei lichtgeschützter, trockener und kühler"", 1198, 53, 128], [""해결기준에 의거 교환 또는 보상받을 수 있습니다."", 1214, 41, 997], [""Lagerung mindestens haltbar bis Ende:"", 1236, 55, 128], [""※보관방법:건냉한 곳에 보관"", 1254, 35, 966], [""※반품 및 교환:구입처 및 수입원"", 1331, 42, 964], [""02.2023"", 1359, 48, 194], [""PP"", 1341, 22, 1367], [""L303189"", 1410, 44, 190], [""18020745"", 1454, 41, 189], [""총내용량 75g"", 1462, 39, 1295], [""영양정보"", 1501, 102, 971], [""292kcal"", 1499, 46, 1306], [""Gluten"", 1569, 48, 820], [""52.5g53%"", 1552, 41, 1279], [""Inhalt:"", 1578, 70, 585], [""三0mg0%个量73g23%"", 1571, 66, 996], [""75g"", 1639, 62, 589], [""e"", 1626, 64, 689], [""지방 0g0%"", 1632, 50, 997], [""0mg0%0g0%"", 1672, 83, 998], [""%2000ca"", 1728, 97, 1008], [""FM따라 다를 수 있습니다"", 1742, 60, 1215], [""4"", 1774, 24, 129], [""009077072589"", 1765, 58, 173], [""Dr. C. SOLDAN GmbH· Dr.-Carl-Soldan-Platz 1"", 1816, 83, 102], [""91325Adelsdorf,Deutschland"", 1852, 59, 105], [""L3"", 1879, 10, 271], [""NUWN."", 1890, 16, 118], [""SOLDAN"", 122, 25, 530], [""Von Dz CarlSel"", 247, 19, 469], [""P.13"", 240, 18, 589], [""matinn aus Qm"", 262, 14, 473], [""mar echa mit der Fakrel"", 275, 22, 474], [""73 (17 kcal) pro Bonbon."", 318, 32, 81], [""Menthol;Eukalyptusol."", 354, 31, 76], [""방사방재성접경우질식도는식도손설의위회"", 554, 24, 481], [""있으니주의하여주십시오"", 571, 28, 496], [""Bel lichtgeschotzter, trockener und kohler"", 600, 31, 62], [""※본재은공거시고시스자"", 592, 25, 481], [""가에의거교도는보수9"", 608, 25, 497], [""Lagerung mindesters haltbar bis Ende:"", 618, 29, 62], [""보관방법:간념화교보관"", 627, 26, 479], [""※부정·불광식플신고는국원업이피"", 646, 25, 480], [""류반품원고함:구업처립수업회"", 666, 22, 481], [""02.2023"", 680, 33, 93], [""L303189"", 705, 26, 93], [""1802 0745"", 727, 26, 91], [""11"", 775, 12, 649], [""Inhalt:"", 789, 36, 293], [""75"", 818, 19, 301], [""재해서토스"", 814, 32, 497], [""009077072589"", 882, 35, 89], [""1일 영일성본 기문에대대"", 870, 36, 504], [""SOLDAN GmbH Dr Car Soldan-Pott"", 908, 40, 92], [""325Adelsdort.Deuthls"", 927, 30, 75], [""Em.eukal"", 181, 51, 452], [""Don."", 300, 51, 80], [""ZueGusesi;Kml;"", 341, 52, 75], [""영양정보"", 751, 46, 487]]"
002455,2020,02,02,2020-02-02,rot270,sne 0- : | 귀e니비 8SL zed-uepios- | 8 | 020220,"[["":"", 130, 136, 367], [""0-"", 134, 117, 162], [""sne"", 189, 20, 143], [""zed-uepios-"", 313, 90, 577], [""귀e니비"", 314, 72, 501], [""8SL"", 320, 56, 527], [""8"", 430, 13, 113], [""020220"", 487, 102, 448]]"
002459,2021,11,30,2021-11-30,s2,"COL | DER | GANO | *제품명: 크레미니 | [18.1%10%8.4% | 코코아분말3.2%함유]*원산지:이탈리아*식품유형:초콜릿가공품 | ：186（1025kcal） | 유지가공품(코코아버터, 코코넷유해바라기유) 코코아버터, 탈지코아분말, 유분말, 포도당 | 2021-11-30 까지 | *보관방법:직사광선을 피해 건조한 실온에보관제조사:LuigiZaini 영양정보 喜号菱1869 | 100gg551kcal | SpA·수입판매원:홈플러스(주) 比三器30mg2%个数量53216%5弄52g52% | 02-3459-8000量号盟35965%档合#091至169107% | 39800元611元 | 포재:연이내 | 의한 송비자'문행해결 기준에 의거 교할 또등 본상 발은실 수 | 있습니다.는 제품은 일,건과류를 사용한 제품과 | 같은 제조사설에서 제조하고 있습니다.","[[""GANO"", 408, 39, 451], [""*제품명: 크레미니"", 536, 23, 287], [""*보관방법:직사광선을 피해 건조한"", 650, 23, 73], [""실온에보관제조사:LuigiZaini"", 666, 24, 76], [""영양정보"", 663, 20, 309], [""SpA·수입판매원:홈플러스(주)"", 680, 23, 78], [""같은 제조사설에서 제조하고 있습니다."", 778, 21, 287], [""COL"", 327, 10, 377], [""DER"", 398, 21, 387], [""[18.1%10%8.4%"", 555, 24, 190], [""코코아분말3.2%함유]*원산지:이탈리아*식품유형:초콜릿가공품"", 574, 29, 143], [""：186（1025kcal）"", 590, 29, 109], [""유지가공품(코코아버터, 코코넷유해바라기유) 코코아버터, 탈지코아분말, 유분말, 포도당"", 608, 30, 96], [""2021-11-30"", 630, 28, 78], [""까지"", 632, 19, 639], [""喜号菱1869"", 660, 17, 471], [""100gg551kcal"", 672, 17, 454], [""比三器30mg2%个数量53216%5弄52g52%"", 684, 21, 301], [""02-3459-8000量号盟35965%档合#091至169107%"", 696, 26, 88], [""39800元611元"", 710, 23, 99], [""포재:연이내"", 724, 23, 112], [""의한 송비자'문행해결 기준에 의거 교할 또등 본상 발은실 수"", 750, 24, 170], [""있습니다.는 제품은 일,건과류를 사용한 제품과"", 763, 24, 212]]"
002460,2021,11,30,2021-11-30,s2,D | ·제품명: 크레미니 | 0套头18.1%克010%08.4% | 코코아분말3.2었함유·원산지:이탈리아·식물유형:초확가공공 | 8：186.9（025kca）：：00 | 유지가(아버 넷해바라기아버터 아말 유분 도 | 대두시선합대두우유 향유·유동기한: 2021-11-30 끼지 | o-:LugZan 보공방법:정사평설을피해검조한 영양정보 1009 8 | 291 | 2.2,"[[""8"", 386, 20, 543], [""D"", 246, 9, 314], [""·제품명: 크레미니"", 342, 35, 235], [""0套头18.1%克010%08.4%"", 354, 59, 155], [""끼지"", 370, 19, 527], [""코코아분말3.2었함유·원산지:이탈리아·식물유형:초확가공공"", 365, 72, 119], [""2021-11-30"", 384, 38, 374], [""8：186.9（025kca）：：00"", 376, 81, 90], [""유지가(아버 넷해바라기아버터 아말 유분 도"", 387, 85, 79], [""1009"", 416, 19, 379], [""대두시선합대두우유 향유·유동기한:"", 416, 63, 64], [""영양정보"", 428, 24, 258], [""보공방법:정사평설을피해검조한"", 439, 42, 63], [""o-:LugZan"", 448, 41, 65], [""291"", 474, 9, 307], [""2.2"", 488, 7, 391]]"
002463,2021,02,03,2021-02-03,rot180,dd Mte | 92:8 | 210203,"[[""dd Mte"", 116, 21, 272], [""92:8"", 448, 32, 302], [""210203"", 469, 30, 328]]"
002476,2021,03,13,2021-03-13,s2,STS | 이력주서 | 이행 | 번호 0714012100022 | 원산지:참조기(국산)천일염(국산) | 100g | 2021.03.13 | MI043 | 49900 | 100%三07 신선의 자신감Homeplus,"[[""원산지:참조기(국산)천일염(국산)"", 391, 26, 248], [""49900"", 476, 25, 444], [""신선의 자신감Homeplus"", 496, 27, 318], [""STS"", 274, 13, 374], [""이력주서"", 286, 16, 289], [""이행"", 329, 16, 270], [""번호"", 340, 19, 271], [""0714012100022"", 344, 23, 331], [""100g"", 409, 22, 244], [""2021.03.13"", 436, 17, 250], [""MI043"", 453, 12, 450], [""100%三07"", 500, 17, 257]]"
002478,2023,03,15,2023-03-15,s2,하메론-S | 20006 | 2023.03.15,"[[""하메론-S"", 307, 34, 130], [""20006"", 342, 20, 160], [""2023.03.15"", 355, 20, 162]]"
002491,2022,09,08,2022-09-08,clahe,"08.09.22 | 06:211023 | 따라 다 수 있습니다. 1일 영양성분 기준치에 대한 클레스테물Omg(0%) 지방Og(0%) .量0mg(0%) 영양정보 보관방법:개불전 직사광선이 ""장재질:고일도플리에이 교한 받으수 있습니다. 그환장소 내용량 함량 원재료및 유통기한 수입원 제조사 원산지 식품의유형 과체주스 제품명- Boo | 그용은 공정거래위원의 고서소비자본장에울기 수업원 및구입처 200ml(50kca) 천연향료(레온향)우수아원비t 정제수,레몬주스농42N 제품상단의 별도표시업까지를 412（0日 서울록별시강서구 명 영남프레이션 T 26865SanRocco aPeom0 Polenghi LASsd 이태리 제주명 레이지 레은주스피 식용","[[""08.09.22"", 612, 26, 263], [""06:211023"", 638, 32, 235], [""따라 다 수 있습니다."", 734, 99, 4], [""1일 영양성분 기준치에 대한"", 746, 125, 11], [""클레스테물Omg(0%)"", 732, 91, 42], [""지방Og(0%)"", 716, 61, 59], ["".量0mg(0%)"", 726, 78, 82], [""보관방법:개불전 직사광선이"", 752, 135, 129], [""제조사"", 714, 53, 414], [""원산지"", 714, 59, 441], [""식품의유형 과체주스"", 752, 145, 465], [""제품명-"", 708, 60, 508], [""영양정보"", 712, 48, 103], [""\""장재질:고일도플리에이"", 758, 131, 144], [""교한 받으수 있습니다."", 777, 173, 156], [""그환장소"", 728, 65, 203], [""내용량"", 723, 66, 230], [""함량"", 714, 47, 260], [""원재료및"", 729, 84, 276], [""유통기한"", 724, 73, 308], [""수입원"", 714, 48, 358], [""그용은 공정거래위원의 고서소비자본장에울기"", 804, 207, 168], [""식용"", 781, 91, 527], [""Boo"", 748, 33, 553], [""제주명"", 809, 106, 489], [""레이지 레은주스피"", 804, 113, 502], [""수업원 및구입처"", 812, 83, 203], [""26865SanRocco aPeom0"", 833, 122, 396], [""Polenghi LASsd"", 814, 90, 415], [""이태리"", 794, 57, 443], [""200ml(50kca)"", 808, 65, 232], [""천연향료(레온향)우수아원비t"", 832, 115, 264], [""정제수,레몬주스농42N"", 829, 104, 284], [""제품상단의 별도표시업까지를"", 831, 111, 311], [""412（0日"", 828, 102, 337], [""서울록별시강서구 명"", 840, 127, 356], [""영남프레이션 T"", 834, 119, 372]]"
002492,2025,06,21,2025-06-21,fail,blo POREERR | < 성양 Pd Batron | NN 급 I. 식등의유형 과주스 | 원산지 이터리 | 제조사 Poleg Ustd | < | 수입원 | POREERRW 유통기한 | pgn sape 원재료 및 | o | B8.P 내용량 | 06: 06:21 06:21L25 06:21L25 관장소 | o | NE  고5 2 관장소 장소 내용링 원제료 것 원제로l] 원제로l] 원재료 유통기한 유통기한 유통기한 유통기한 수입원 수입원 수입원 수입원 제조사 제조사 제조사 제조사 원산지 원산지 산지 산지 식통의유원고 10 10 식의유 과주스 | 中国国# 44H 0 25865Seom 25865Seom 285 285 Pliegh td PliengpUtd PliengpUtd diegsUd 이테리 이테리 이테리 과주스 제주스 제주스 | ” | 환장소 내용링 원재료및 유통기한 수입원 제조사 원산지 식의유 과주스 | 2 20 위 시구4 2686 이태리,"[[""B8.P"", 418, 39, 216], [""06:21"", 434, 38, 190], [""관장소"", 479, 40, 152], [""원재료"", 493, 57, 220], [""유통기한"", 495, 55, 246], [""수입원"", 496, 37, 292], [""식의유 과주스"", 538, 96, 382], [""고5"", 486, 56, 105], [""제조사"", 506, 39, 343], [""원산지"", 508, 39, 367], [""44H"", 557, 68, 220], [""285"", 578, 75, 314], [""diegsUd"", 574, 53, 337], [""이테리"", 560, 35, 362], [""06:"", 430, 34, 188], [""NE "", 483, 93, 85], [""2"", 506, 113, 111], [""장소"", 480, 38, 152], [""내용링"", 477, 40, 175], [""원제료 것"", 490, 58, 216], [""유통기한"", 494, 52, 245], [""수입원"", 495, 38, 290], [""제조사"", 506, 39, 340], [""원산지"", 511, 42, 368], [""식통의유원고"", 523, 68, 381], [""中国国#"", 534, 59, 150], [""0"", 578, 83, 294], [""285"", 580, 86, 313], [""Pliegh td"", 572, 61, 334], [""과주스"", 564, 53, 379], [""<"", 261, 31, 121], [""POREERRW"", 308, 24, 21], [""pgn sape"", 347, 28, 40], [""o"", 372, 28, 64], [""o"", 429, 37, 21], [""Pd Batron"", 168, 33, 521], [""식등의유형"", 238, 29, 492], [""과주스"", 244, 30, 541], [""원산지"", 260, 23, 490], [""이터리"", 268, 28, 541], [""제조사"", 286, 24, 485], [""Poleg Ustd"", 293, 28, 540], [""수입원"", 336, 25, 476], [""유통기한"", 378, 27, 470], [""원재료 및"", 406, 30, 465], [""내용량"", 450, 27, 456], [""관장소"", 477, 25, 458], [""POREERR"", 62, 76, 319], [""blo"", 80, 33, 257], [""<"", 145, 51, 365], [""성양"", 156, 25, 469], [""NN"", 191, 51, 241], [""급"", 188, 17, 281], [""I."", 200, 19, 354], [""06:21L25"", 443, 58, 190], [""원제로l]"", 492, 53, 220], [""유통기한"", 495, 50, 247], [""수입원"", 496, 30, 295], [""제조사"", 506, 35, 345], [""산지"", 511, 20, 373], [""10"", 518, 11, 396], [""25865Seom"", 572, 67, 316], [""PliengpUtd"", 572, 54, 337], [""이테리"", 561, 30, 363], [""제주스"", 566, 32, 386], [""06:21L25"", 443, 58, 190], [""원제로l]"", 492, 53, 220], [""유통기한"", 495, 50, 247], [""수입원"", 496, 30, 295], [""제조사"", 506, 35, 345], [""산지"", 511, 20, 373], [""10"", 518, 11, 396], [""25865Seom"", 572, 67, 316], [""PliengpUtd"", 572, 54, 337], [""이테리"", 561, 30, 363], [""제주스"", 566, 32, 386], [""”"", 883, 36, 661], [""내용링"", 952, 73, 354], [""환장소"", 960, 65, 309], [""원재료및"", 984, 102, 443], [""유통기한"", 990, 101, 493], [""수입원"", 990, 63, 588], [""2"", 1075, 188, 261], [""제조사"", 1010, 69, 688], [""원산지"", 1019, 70, 740], [""식의유 과주스"", 1078, 185, 764], [""20"", 1051, 32, 361], [""위"", 1136, 135, 535], [""시구4"", 1148, 150, 563], [""2686"", 1162, 157, 633], [""이태리"", 1118, 62, 726]]"
002521,2023,10,02,2023-10-02,s2,Brand | 02/10/2023 |  Herbal Ie | PEPPERI | TEA | 페퍼민트티 | NETWT20g/20TEA BAGS,"[[""Brand"", 170, 26, 27], ["" Herbal Ie"", 258, 40, 165], [""PEPPERI"", 288, 46, 140], [""TEA"", 320, 37, 218], [""페퍼민트티"", 350, 46, 176], [""NETWT20g/20TEA BAGS"", 392, 51, 140], [""02/10/2023"", 224, 27, 397]]"
002537,2021,09,22,2021-09-22,s2,"5 | ar-hi traces de fru (2%) pols e | iacor consumarsi prefenbilst entro a | Ten minst- houdbaar tot: | R gas teu  LOTE | etde ruc tol | let pasteur ada,cacau EXP 22/09/2021 | ouf lgu L-220913:22 | //STS 0 | Hie/ Valor KAREIGNED IEOURATON DON NUTRICIONAL | 유통기] 원산지   | din a cool dy place WC50.SAU | 영양정보","[["" "", 388, 81, 443], [""영양정보"", 556, 51, 279], [""ar-hi traces de fru"", 52, 71, 69], [""5"", 16, 12, 100], [""pols"", 37, 26, 101], [""(2%)"", 55, 23, 98], [""iacor"", 80, 20, 98], [""gas teu "", 116, 55, 93], [""consumarsi prefenbilst"", 106, 25, 304], [""e"", 93, 10, 483], [""R"", 102, 24, 10], [""Ten minst- houdbaar tot:"", 112, 29, 254], [""entro a"", 112, 18, 443], [""etde ruc"", 156, 45, 23], [""tol"", 142, 23, 106], [""LOTE"", 135, 20, 259], [""let pasteur ada,cacau"", 194, 96, 93], [""EXP"", 188, 19, 323], [""ouf lgu"", 206, 31, 20], [""22/09/2021"", 214, 25, 321], [""L-220913:22"", 236, 27, 319], [""//STS"", 304, 70, 237], [""0"", 284, 12, 335], [""Hie/ Valor"", 328, 38, 408], [""KAREIGNED"", 333, 60, 433], [""IEOURATON"", 331, 48, 451], [""DON NUTRICIONAL"", 345, 68, 466], [""유통기]"", 366, 31, 332], [""원산지"", 368, 32, 357], [""din a cool dy place"", 482, 69, 95], [""WC50.SAU"", 494, 55, 354]]"
002539,2021,08,05,2021-08-05,s2,"Idont saturbes/ yas satunadas ! 3.60 ACHEN BEDECKT MIT KOKON | imye | Otdranes 50.2g Pvoptoephat SBure Niatrum, Natrlumbean | rdtrater 1Ctale Dutt Werlh. butter). KonserViere | /dn res/ Ciatrumprolionat. Sauerungnminel Me | e quaos pess FROCHTE, MULCH urD SOJA. | ei ui puccheri/ varav socketacr/ | Dirtay Fibee feas alimen es/ fbea alimentaris/Fibres alimentaires! 1.6g ntouiseret AeG. Dlucose og frucirn  | tntighedsbevarende | Fibra alimentare / Fibre/ asad u (ycerin), I pvemidde atrium acid pyrolon | Ewiten/Eweid /Protein/ Proteine/ Protpinas/ Protbines/ Protein / Proteinas/ 529 natrumocad oun tvenme, smen, konsere | Proein /32 de to e) Kan indeholde te | Sale/ Salt/ clall Sal/Sel /Salt/Sal/Zout/Sae:Sai 0.5g  VGDDER, MFLAOg COJA | ID TIAIAMOPERTAL COCCO. | InredPa ds RuNTO. On di girns | Consorvar en un lugar fresco y seco FR A consot, mei de preteronce avant IanLot  oo eri umidncant gice | EN Best before/B.h: A conserver 'ansn endroit fralis ot soc ears ne  aumI tanigfe be | Store in a cool id dry piace | PT Consumir de pr.terencia antes delLote: Puo contenete traces | Armazenar em loci fren'.J e Buco AABVSD,LAIIOCMIA | NL Houdbaat totl ot: Bewaren  oe Koele og ne     | DE Mindeaiens Ialtbar bis/Lot-Nr: | ToL on und kunI Iagemn. | I Ua cot'sumarsl preferiblimente nntrof Lotto: | Consen are in luogo fresco e atciutto | AR ESNSINESOO | Best before: | 2021/08/05 | Batch:278320","[[""50.2g"", 48, 22, 338], [""Pvoptoephat SBure Niatrum, Natrlumbean"", 57, 26, 421], [""ntouiseret AeG. Dlucose og frucirn "", 136, 34, 423], [""529"", 167, 24, 342], [""de to e) Kan indeholde te"", 188, 31, 454], [""ID TIAIAMOPERTAL COCCO."", 218, 27, 425], [""InredPa ds RuNTO. On di girns"", 230, 27, 424], ["" oo eri umidncant gice"", 250, 29, 428], [""ears ne  aumI tanigfe be"", 270, 31, 428], [""AR"", 360, 24, 235], [""Idont saturbes/"", 9, 18, 267], [""3.60"", 18, 19, 367], [""yas satunadas !"", 16, 17, 274], [""imye"", 27, 22, 274], [""ACHEN BEDECKT MIT KOKON"", 21, 20, 460], [""Otdranes"", 37, 18, 273], [""rdtrater 1Ctale"", 56, 25, 261], [""Ciatrumprolionat. Sauerungnminel Me"", 78, 24, 422], [""Dutt Werlh."", 66, 17, 422], [""butter)."", 66, 17, 509], [""KonserViere"", 69, 18, 559], [""e quaos pess"", 82, 9, 245], [""/dn"", 74, 9, 257], [""res/"", 76, 10, 303], [""ei ui puccheri/ varav socketacr/"", 99, 14, 203], [""FROCHTE, MULCH urD SOJA."", 94, 21, 423], [""Dirtay Fibee feas alimen es/"", 127, 22, 176], [""fbea alimentaris/Fibres alimentaires!"", 118, 19, 178], [""1.6g"", 128, 20, 345], [""Fibra alimentare / Fibre/ asad u"", 145, 22, 176], [""Protpinas/ Protbines/ Protein / Proteinas/"", 156, 22, 174], [""(ycerin), I pvemidde atrium acid pyrolon"", 158, 29, 424], [""tntighedsbevarende"", 148, 22, 508], [""Ewiten/Eweid /Protein/ Proteine/"", 164, 25, 173], [""Proein /32"", 172, 20, 172], [""natrumocad"", 164, 17, 424], [""oun tvenme, smen, konsere"", 170, 25, 509], [""Sal/Sel /Salt/Sal/Zout/Sae:Sai"", 186, 24, 171], [""Sale/ Salt/ clall"", 193, 22, 168], [""0.5g"", 195, 20, 342], ["" VGDDER, MFLAOg COJA"", 195, 24, 423], [""Consorvar en un lugar fresco y seco"", 231, 30, 178], [""FR A consot, mei de preteronce avant IanLot"", 242, 32, 161], [""A conserver 'ansn endroit fralis ot soc"", 251, 30, 176], [""EN"", 256, 11, 164], [""Best before/B.h:"", 258, 20, 175], [""PT Consumir de pr.terencia antes delLote:"", 280, 27, 160], [""Store in a cool"", 267, 20, 177], [""id dry piace"", 270, 21, 261], [""Armazenar em loci fren'.J e Buco"", 288, 24, 176], [""Houdbaat totl ot:"", 296, 19, 175], [""Puo contenete"", 291, 23, 508], [""NL"", 296, 11, 163], [""Bewaren  oe Koele og ne"", 307, 23, 175], [""AABVSD,LAIIOCMIA"", 301, 23, 429], [""traces"", 294, 15, 604], [""DE Mindeaiens Ialtbar bis/Lot-Nr:"", 316, 27, 157], [""ToL on und kunI Iagemn."", 326, 23, 174], [""   "", 320, 21, 512], [""I"", 334, 11, 160], [""Ua cot'sumarsl preferiblimente nntrof Lotto:"", 338, 24, 172], [""Consen are in luogo fresco e atciutto"", 347, 23, 173], [""ESNSINESOO"", 369, 23, 473], [""Best before:"", 405, 21, 202], [""2021/08/05"", 421, 23, 201], [""Batch:278320"", 436, 17, 204]]"
002544,2021,03,21,2021-03-21,up2x,"BOIANG | 고장 극강매움 | SINCE1986 HO 도전하라! | 한일식품(주) | 강라 | 매운맛 그~까이꺼!! 덤벼 | 178g(330kcal) 조리예 | 제품명 본고장 도전한강라면 식품 2021.03.21 1588-1530 전자레인지및인덕션사용불가 | 유통기한 별도 표기일까지 반품및 교환장소 구입처 및 제조원 영양정보 총 | L三喜2.060mg103%三午号63g | 가공품,알긴 산에스테르 면류참가알갈리제(탄산칼륨 탄산나트을 피로인산나습륨),홈 4.6g9 | 합제제(산도조절제,정제수),치자황색소(치자황색소,덕스트린)2)도전매운라면분말스는 0mg0%9g16 | （12）    2009 | ,간장분말, 진한육수분말, 김치찌개풍미분말, 매운맛조미분,탄산칼륨, 표고버섯추출 1200 1400 1600 | 물분말 비르분말 케이에페퍼문말, 복합조미식풀, 지산인산가습,후루말, 할미진제 1000 3 4 5 6 | 마들분말,고추기스,파프리카주출색소,5‘-리보뉴클레오티드이나트륨 3)라면후레이 800 2060mg | 크(3g):건청경채(중국산),건당근(충국산),건파,초미쇠고기맛후레이크,건표고버 0mg 나트륨 함량비교 표시 | 숙면(국물형)나트륨 평균함량 | 오일베이스(대두유,고추씨맛풍미유),d-토코페롤(혼합형) | 밀,대두,우유,닭고기,쇠고기,조개류(바지락, 모시조개)함유 | 포장재질(내면)폴리에틸렌-면,분말스프,향미유/폴리프로필렌-후레이크/알미늄-용기 | 8 18010858816 | 소량 사용하여 약간의 신맛이 날수 있으나 벽질될 것이 아니오니 안심하고 등실시온,:용기에 반드시 불을 | 넣고 조리하십시오·조리 직후 용기가 뜨거워 환상의 위험이 있을니 매손으로 취급하지 마십시오·켜링( | 두리에 말린 분분)부위에 입술이 닿으면 다칠 우려가 있으니 주의 하십시오,:전자레인지 사용 시 전차 | 레인지 파손 및 화재의 우려가 있으니 절대 사용하지 마십시오.·유통기한이 경과한 제품은 으시지 | 마십시오,·이 제품은 계란,고등어,새우,돼지고기,메밀,땅콩,복숭아,게,토마토,호두,오징어 | 조개류,잣,아황산류를 사용한 제품과 같은 제조시설에서 제조하고 있습니다,·본 제 | 품'은 공정거래위원회 고시 소비자 분쟁해결기춘에 의거 교환 또는 보상 받을 | 반드시 분리배출 하여주십시오","[[""극강매움"", 520, 59, 1300], [""BOIANG"", 536, 40, 205], [""도전하라!"", 558, 48, 1308], [""고장"", 590, 64, 199], [""HO"", 581, 68, 1112], [""SINCE1986"", 627, 44, 189], [""한일식품(주)"", 670, 49, 156], [""강라"", 784, 299, 241], [""매운맛 그~까이꺼!!"", 921, 160, 310], [""덤벼"", 958, 133, 679], [""조리예"", 986, 39, 899], [""전자레인지및인덕션사용불가"", 1002, 49, 1148], [""178g(330kcal)"", 1025, 66, 40], [""2021.03.21"", 1042, 53, 469], [""1588-1530"", 1034, 41, 903], [""총"", 1039, 28, 1420], [""영양정보"", 1062, 62, 1156], [""제품명 본고장 도전한강라면 식품"", 1076, 68, 22], [""L三喜2.060mg103%三午号63g"", 1114, 47, 1149], [""유통기한 별도 표기일까지 반품및 교환장소 구입처 및 제조원"", 1108, 87, 29], [""4.6g9"", 1155, 52, 1151], [""0mg0%9g16"", 1194, 49, 1151], [""가공품,알긴 산에스테르 면류참가알갈리제(탄산칼륨 탄산나트을 피로인산나습륨),홈"", 1210, 125, 28], [""2009"", 1234, 43, 1153], [""합제제(산도조절제,정제수),치자황색소(치자황색소,덕스트린)2)도전매운라면분말스는"", 1242, 112, 38], [""1400"", 1285, 30, 1333], [""1200"", 1298, 37, 1264], [""1600"", 1291, 28, 1403], [""（12）"", 1278, 115, 47], [""  "", 1310, 218, 26], [""1000"", 1330, 29, 1214], [""4"", 1324, 22, 1328], [""5"", 1321, 24, 1371], [""3"", 1338, 30, 1285], [""6"", 1328, 28, 1408], ["",간장분말, 진한육수분말, 김치찌개풍미분말, 매운맛조미분,탄산칼륨, 표고버섯추출"", 1342, 110, 69], [""800"", 1373, 28, 1189], [""2060mg"", 1374, 31, 1304], [""물분말 비르분말 케이에페퍼문말, 복합조미식풀, 지산인산가습,후루말, 할미진제"", 1377, 128, 51], [""0mg"", 1412, 25, 1179], [""나트륨 함량비교 표시"", 1402, 33, 1287], [""마들분말,고추기스,파프리카주출색소,5‘-리보뉴클레오티드이나트륨 3)라면후레이"", 1407, 114, 63], [""숙면(국물형)나트륨 평균함량"", 1434, 39, 1208], [""크(3g):건청경채(중국산),건당근(충국산),건파,초미쇠고기맛후레이크,건표고버"", 1440, 107, 73], [""오일베이스(대두유,고추씨맛풍미유),d-토코페롤(혼합형)"", 1513, 84, 87], [""밀,대두,우유,닭고기,쇠고기,조개류(바지락, 모시조개)함유"", 1548, 89, 110], [""8"", 1593, 18, 1200], [""18010858816"", 1585, 40, 1217], [""포장재질(내면)폴리에틸렌-면,분말스프,향미유/폴리프로필렌-후레이크/알미늄-용기"", 1575, 104, 121], [""소량 사용하여 약간의 신맛이 날수 있으나 벽질될 것이 아니오니 안심하고 등실시온,:용기에 반드시 불을"", 1700, 137, 189], [""넣고 조리하십시오·조리 직후 용기가 뜨거워 환상의 위험이 있을니 매손으로 취급하지 마십시오·켜링("", 1732, 135, 207], [""두리에 말린 분분)부위에 입술이 닿으면 다칠 우려가 있으니 주의 하십시오,:전자레인지 사용 시 전차"", 1762, 125, 241], [""레인지 파손 및 화재의 우려가 있으니 절대 사용하지 마십시오.·유통기한이 경과한 제품은 으시지"", 1791, 122, 268], [""마십시오,·이 제품은 계란,고등어,새우,돼지고기,메밀,땅콩,복숭아,게,토마토,호두,오징어"", 1822, 116, 301], [""조개류,잣,아황산류를 사용한 제품과 같은 제조시설에서 제조하고 있습니다,·본 제"", 1851, 104, 365], [""품'은 공정거래위원회 고시 소비자 분쟁해결기춘에 의거 교환 또는 보상 받을"", 1878, 85, 423], [""반드시 분리배출 하여주십시오"", 1894, 51, 859]]"
002545,2021,03,21,2021-03-21,det5,매운맛 그~까이께! 덤뼈 | 178g(330kcal) a | 2021.03.21191588-1530 | .변성전문 영양정보 | 5 | 1200 | 1000 | BO0 206 | ( | 3/일미-용? | 80108,"[[""덤뼈"", 297, 56, 318], [""a"", 294, 26, 418], [""영양정보"", 305, 39, 533], [""매운맛 그~까이께!"", 296, 93, 153], [""5"", 318, 10, 603], [""2021.03.21191588-1530"", 324, 60, 228], ["".변성전문"", 332, 23, 457], [""178g(330kcal)"", 352, 49, 36], [""1200"", 380, 16, 595], [""1000"", 394, 12, 574], [""BO0"", 409, 14, 563], [""206"", 404, 13, 612], [""("", 426, 25, 573], [""3/일미-용?"", 478, 32, 460], [""80108"", 476, 24, 588]]"
002552,2022,01,21,2022-01-21,det5,Best Before: 21.01.22 920g | 08:560210209 | 유  | Using ony thest ingredens hecreated a unqe ecipe | whichris sill used today. | for oer a.hundred years. | Mma and | MADEIN ENGLAND BY,"[[""Best Before: 21.01.22"", 368, 43, 132], [""920g"", 376, 58, 409], [""08:560210209"", 394, 29, 133], [""유 "", 556, 29, 678], [""Using ony thest ingredens hecreated a unqe ecipe"", 740, 46, 117], [""whichris sill used today."", 762, 32, 246], [""for oer a.hundred years."", 811, 40, 238], [""Mma and"", 882, 35, 318], [""MADEIN ENGLAND BY"", 946, 29, 223]]"
002553,2022,01,21,2022-01-21,det5,Best Before: 21.01.22 920g | 08:560210209 | ur area arandfather Edward Joseph began | Using ontv the test iadredients he created a unique recipe | whickerts still used today. | fore ehundred years. | and,"[[""21.01.22 920g"", 260, 55, 217], [""Best Before:"", 280, 40, 102], [""08:560210209"", 299, 36, 103], [""ur area arandfather Edward Joseph began"", 473, 60, 221], [""Using ontv the test iadredients he created a unique recipe"", 510, 72, 124], [""whickerts still used today."", 526, 35, 240], [""fore"", 565, 16, 242], [""ehundred years."", 557, 36, 267], [""and"", 598, 26, 370]]"
002586,NONE,NONE,NONE,NONE,fail,"DIRECTONSTa- I CaoSUN a doY or as DIRECTiONs : Take 1 Capsule a day, or as DIRECTiONs : Take 1 Capsule a day, or as DIRECTiONs : Take 1 Capsule a day, or as DIRECTONs : Take I Capsule a day, or as | directed by your healthcare professional. dretedby poor hercbe poteiscral directed by your healthcare professional. directed by your healthcare professional. | Toe Drcoctiroa Ted-dre Drventno and The product is not a medicine preventing and The product is not a medicine preventing and The product is not a medicine preventing and directed by your healthcare professional. | curing disease. copoo dsease curing disease. curing disease. The product is not a medicine preventing and | curing disease. SUPPLEMENT FACTS: SUPPLEMENT FACTS: SUPPLEMENT FACTS: SUPPLEMENT FACTS: DIRECTIONs : Take 1 Capsule a day, or as | Serving Size 1 Capsule(s) Serving Size 1 Capsule(s) Serving Size 1 Capsule(s) Semo Sxe Capsueis SUPPLEMENT FACTS: directed by your healthcare professional. | Seving Per Container 30 Serving Per Container 30 Serving Per Container 30 Sevr PerLo-tarer 30 Serving Size 1 Capsule(s) | Arrpunt Per Servip Amount Per Serving Amount Per Serving Amount Per Serving Serving Per Container 30 %DVI %DV+ %DV+ The product is not a medicine preventing and | +0% Haematococcus Pluvialis Extract Haematococcus Pluvials Extrac Haematococcus Pluvialis Extract (Standardized to Contain 10% Cordsed to Cn ot Amount Per Serving (Standardized to Contain 1o% 6o.Omg (StandardizedtoContain10%60.0mg %86 60.0mg curing disease. DV | cool, dry place. Marigold Extract Marigold Extract Marigold Extract Lutein Oil, 20mg) Lutein Oil, 20mg) Astaxanthin, 6mg) Lutein Od 2um0 Astaxanthin, 6mg) Astaxanthin, 6mg) Lutein oil.20mg) Vitamin A (as Retinyl Palnitate) Corch detdte Contan 20 Vitamin A (as Retinyl Palritate) (Standardized to Contain 20% Marigold Extract any medications, Astaxanthin, 6mg) VitaminA(asRetinyPalitate)2.100IU (StandardizedtoContain20%108.0mg (StandardizedtoContain20%108:0mg Haematococcus Pluvalis Extrad (Standardized to Contain 10% Dioxide, Caramel Color) %5SNI 6ws'8 1000 2.100IU 200U 9LS,prO'0t •Daily Value not established. a 2.000caloriediet. 60.0mg Selenium (as Sodiumsa Zinc (as Zinc Oxide) Vitamin E (asD-Tocopherol) Vitamin B2 (as Riboflavin) Hydrochloride) Vitamin B1 (as Thiamine Serving Size 1 Capsule(s) Vitamin A (as Retiny Palnitate) SUPPLEMENT FACTS: Lutein Oil, 20mg) Marigold Extract Astaxanthin, 6mg) Haematococcus Pluvialis Extract Amount Per Serving Serving Per Container 30 Serving Size 1 Capsule(s) SUPPLEMENT FACTS: curing disease. | Exp.Date:12/22 BatchNo:652332 KEEP OUT OF REACH OF CHILDREN. DO NOT USE IF BLISTER SEAL IS BROKEN. Ht Hydrochloride) Hydrochloride) may inhibit the absorption of B-carotene. Store in a Hydrochloride) Maion Ba T amounts, it may tum the skin yellow temporarily It Vitamin B1 (as Thiamine Vitamin B1(as Thimike Vitamin B1 (as Thiamine Vitamin B2(as Riboflavin) Vitamin B2 (as Riboflavin) Vitamin B2 (as Riboflavin) Vitamin E (as D-Tocopherol) Vitamin E (as D--Tocopherol) Vitamin E (as D-Tocopherol) adverse reactions occur, When taken in excessive Hydrochloride) Luteinoil20mg consult your doctor t uelul se Leue Vitamin B1 (as Thiamlke WARNING: If you are pregnant, nursing or taking VitaminA(asRetiny PalmitateyZf0oU (StandardizedtoContain20%1080mg Soy Lecithin, Beeswax, OTHER INGREDIENTS: SOy bean Oil Fish 1.2mg .2mg 2mg JU 55 mg 82% IU 55% mg 82% mg 82% 55% +Percent Daily Values(%DV)based on .2mg Amount Per Serving Serving Per Container 30 (StandardizedtoContain10%60.0mg The product is not a medicine preventing and directed by your healthcare professional. DIRECTioNs : Take 1 Capsule a day, or as %DV+ | (wg'uiuexeisy 20 Zinc (as Zinc Oxide) Selenium (as Sodium Sal Zinc (as Zinc OxideyL Zinc (as Zinc Oxide) Selenium (as Sodium .Sale Selenium (as Sodiumslp. Vitamin B2 (as Riboflavin) Bilberry Extract. 40.0 8.5mg 8.5mg 8.5mg 40.05776 40.0／57 5716 8.5mg ng 82% .2mg 2.100IU Haematococcus Pluvialis Extract | a 2.000 calorie diet.   a2.000caloriediet. a2.000caloriediet. + Percent Daily Values(%DV) + Percent Daily Values(%DV) DD + Percent Daly Values(%DV) before use. Vitamin E (asD--Tocopherol) based on based on based on 40.0576 IU 55% 55% ng 82% (StandardizedtoContain10%60.0mg %DV+ | •Daily Value not establisheds •Daily Value not established. *Daily Value not established: Zinc (as Zinc Oxidey * 8.5mgg Astaxanthin, 6mg) | SLS,prO'O0 OHER NGREDIENTS Selenium (as Sodiumsdln) OTHER INGREDIENTS: Soy bean Oil Fish OTHER INGREDIENTS: Soy bean Oil Fish OTHER INGREDIENTS: Soy bean Oil Fish s unpos se) nus 40.0元576 | b0s's oil(Anchovy), Beeswax, Bilberry Extract. oil(Anchovy). Beeswax. Bilberry Extract oil(Anchovy), Beeswax, Bilberry Extract. + Percent Dally Values(%DV) based on Marigold Extract | %5S nl jeter Rr a Z.000 calorie diet Blueberry Extract, Soy Lecithin, Soft Capsute Blueberry Extract, Soy Lecithin, Soft Capsule Blueberry Extract, Soy Lecithin, Soft Capsute   o b | %86 Dioxide, Caramel Color) Dioxide, Caramel Color) Dioxide, Caramel Color) Drnde Caame ar (Pig Gelatin, Glycerin, Purified Water, Titanium (Pig Gelatin, Glycerin, Purified Water, Titanium (Pig Gelatin, Glycerin, Purified Water, Titanium •Daily Value not established, (StandardizedtoContain20%108.0ng | OTHER INGREDIENTS: WARNING: If you are pregnant, nursing or taking WARNiNG: If you are pregnant,nursing or taking WARNiNG: If you are pregnant, nursing or taking Soy bean oilk Fish Lutein Oil,20mg) | any medications, consult your doctor before use. any medications, consult your doctor before use. any medications, consult your doctor before use. oil(Anchovy), Beeswax. Bilberry Extract. | Discontinue use and consult your doctor if any adverse reactions occur, When taken in excessive adverse reactions occur, When taken in excessive adverse reactions occur, When taken in excessive Discontinue use and consult your doctor if any Discontinue use and consult your doctor if any Blueberry Extract, Soy Lecithin, Soft Capsute VitaminA(asRetinylPalmitate)2,100IU | Dioxide, Caramel Color) amounts, it may tum the skin yellow temporarily It amounts, it may tum the skin yellow temporarily It amounts, it may tum the skin yellow temporarily It arom umte oneow toncorR (Pig Gelatin, Glycerin, Purified Water, Titanium | may inhibit the absorption of B-carotene Store in a may inhibit the absorption of B-carotene. Store in a ra rhib te soopxdpaaen Sreina may inhibit the absorption of B-carotene. Store in a Vitamin B1 (as Thiamine | cool, dry place. coo opoce cool, dry place. cool,dry place. WARNiNG: If you are pregnant, nursing or taking 1.2mg | DO NOT USE IF BLISTER SEAL IS BROKEN DO NOT USE IF BLISTER SEAL S BROKEN DO NOT USE IF BLISTER SEAL IS BROKEN. DO NOT USE IF BLISTER SEAL IS BROKEN. any medications, consult your doctor before use. (wg'uluexensy Hydrochloride) | KEEP OUT OF REACH OF CHILDREN. KEEP OUT OF REACH OF CHILDREN. KEEP OUT OF REACH OF CHILDREN. KEEP OUT OF REACH OF CHILDREN. Discontinue use and consult your doctor if any | +A0% amounts,it may turn the skin yellow temporarily It adverse reactions occur. When taken in excessive Vitamin B2,(as Riboflavin) mg 82% | cool,dry place. BatchNo:652332 Batch No: 652332 Batch No: 652332 BatchNo:652332 BatchNo:652332 may inhibit the absorption of B-carotene. Store in a Vitamin E (as D--Tocopherol) IU 55% | Exp.Date:12/22 Exp.Date:12/22 Exp.Date:12/22 Exp.Date: 12/22 Exp.Date: 12/22 SESCSAIEIIL DO NOT USE IF BLISTER SEAL IS BROKEN. Zinc (as Zinc Oxide) 8.5mg | KEEP OUT OF REACH OF CHILDREN. | Selenium (as Sodium Salenn.) 40.05716 | BatchNo:652332 + Percent Daily Values(%DV) based on | Exp.Date:12/22 a 2.000 calorie diet. | Daily Value not established | OTHER INGREDIENTS: Soy bean Oil/Fish | oil(Anchovy), Beeswax, Bilberry Extract. | Blueberry Extract, Soy Lecithin, Soft Capsuté | (Pig Gelatin, Glycerin, Purified Water, Titanium | Dioxide, Caramel Color) | WARNiNG: If you are pregnant, nursing or taking | any medications, consult your doctor before use. | Discontinue use and consult your doctor if any | adverse reactions occur, When taken in excessive | amounts, it may turn the skin yellow temporarily It | may inhibit the absorption of β-carotene. Store in a | cool, dry place. | DO NOT USE IF BLISTER SEAL IS BROKEN. | KEEP OUT OF REACH OF CHILDREN. | BatchNo:652332 | Exp.Date:12/22","[[""SUPPLEMENT FACTS:"", 142, 26, 231], [""Amount Per Serving"", 201, 25, 229], [""(StandardizedtoContain10%60.0mg"", 239, 28, 234], [""Marigold Extract"", 272, 23, 229], [""(StandardizedtoContain20%108:0mg"", 289, 28, 233], [""Lutein Oil, 20mg)"", 303, 24, 234], [""Vitamin A (as Retinyl Palritate)"", 324, 26, 229], [""Vitamin B1 (as Thiamine"", 344, 25, 229], [""Hydrochloride)"", 359, 22, 234], [""Vitamin B2 (as Riboflavin)"", 380, 25, 227], [""mg 82%"", 381, 23, 440], [""Vitamin E (as D-Tocopherol)"", 400, 25, 227], [""Zinc (as Zinc Oxide)"", 420, 22, 228], [""8.5mg"", 422, 24, 417], [""Selenium (as Sodium Sal"", 440, 22, 227], [""40.0／57"", 442, 23, 417], [""a2.000caloriediet."", 480, 22, 237], [""BatchNo:652332"", 794, 25, 259], [""Exp.Date:12/22"", 827, 28, 258], [""DIRECTiONs : Take 1 Capsule a day, or as"", 70, 30, 224], [""directed by your healthcare professional."", 86, 25, 223], [""The product is not a medicine preventing and"", 102, 25, 223], [""curing disease."", 116, 17, 224], [""Serving Size 1 Capsule(s)"", 160, 21, 231], [""Serving Per Container 30"", 178, 21, 230], [""%DV+"", 204, 17, 457], [""Haematococcus Pluvialis Extract"", 224, 23, 229], [""Astaxanthin, 6mg)"", 254, 22, 238], [""200U"", 326, 17, 399], [""1.2mg"", 355, 18, 422], [""IU 55%"", 401, 19, 442], [""+ Percent Daily Values(%DV)"", 465, 22, 227], [""based on"", 468, 21, 421], [""*Daily Value not established:"", 496, 21, 226], [""OTHER INGREDIENTS: Soy bean Oil Fish"", 522, 23, 221], [""oil(Anchovy), Beeswax, Bilberry Extract."", 536, 23, 220], [""Blueberry Extract, Soy Lecithin, Soft Capsute"", 551, 22, 220], [""(Pig Gelatin, Glycerin, Purified Water, Titanium"", 566, 23, 221], [""Dioxide, Caramel Color)"", 579, 22, 220], [""WARNiNG: If you are pregnant, nursing or taking"", 605, 24, 219], [""any medications, consult your doctor before use."", 620, 22, 218], [""Discontinue use and consult your doctor if any"", 634, 22, 218], [""adverse reactions occur, When taken in excessive"", 648, 22, 216], [""amounts, it may tum the skin yellow temporarily It"", 663, 22, 216], [""may inhibit the absorption of B-carotene. Store in a"", 678, 21, 216], [""cool, dry place."", 692, 17, 218], [""DO NOT USE IF BLISTER SEAL IS BROKEN."", 717, 22, 217], [""KEEP OUT OF REACH OF CHILDREN."", 732, 20, 216], [""DIRECTiONs : Take 1 Capsule a day, or as"", 70, 31, 222], [""directed by your healthcare professional."", 85, 25, 222], [""The product is not a medicine preventing and"", 100, 27, 221], [""curing disease."", 115, 20, 222], [""SUPPLEMENT FACTS:"", 141, 28, 228], [""Serving Size 1 Capsule(s)"", 160, 22, 229], [""Seving Per Container 30"", 177, 23, 227], [""Amount Per Serving"", 201, 25, 228], [""%DV+"", 204, 21, 456], [""Haematococcus Pluvialis Extract"", 222, 26, 228], [""(Standardized to Contain 10%"", 238, 26, 234], [""60.0mg"", 240, 22, 411], [""Astaxanthin, 6mg)"", 252, 23, 236], [""Marigold Extract"", 272, 23, 228], [""(StandardizedtoContain20%108.0mg"", 288, 29, 233], [""Lutein Oil, 20mg)"", 302, 27, 232], [""Vitamin A (as Retinyl Palnitate)"", 324, 25, 227], [""2.100IU"", 326, 20, 398], [""Vitamin B1 (as Thiamine"", 344, 25, 228], [""Hydrochloride)"", 358, 22, 233], ["".2mg"", 354, 18, 426], [""Vitamin B2(as Riboflavin)"", 378, 25, 226], [""mg 82%"", 379, 24, 439], [""Vitamin E (as D-Tocopherol)"", 399, 26, 225], [""55%"", 400, 17, 460], [""Zinc (as Zinc Oxide)"", 420, 25, 225], [""8.5mg"", 422, 25, 417], [""Selenium (as Sodium .Sale"", 439, 24, 225], [""40.0"", 441, 20, 417], [""5716"", 442, 20, 457], [""+ Percent Daily Values(%DV)"", 464, 25, 224], [""based on"", 468, 19, 423], [""a 2.000 calorie diet."", 480, 21, 235], [""•Daily Value not established."", 494, 25, 224], [""OTHER INGREDIENTS: Soy bean Oil Fish"", 520, 25, 219], [""oil(Anchovy), Beeswax, Bilberry Extract."", 536, 27, 217], [""Blueberry Extract, Soy Lecithin, Soft Capsute"", 550, 25, 217], [""(Pig Gelatin, Glycerin, Purified Water, Titanium"", 565, 26, 218], [""Dioxide, Caramel Color)"", 578, 22, 217], [""WARNING: If you are pregnant, nursing or taking"", 604, 27, 217], [""any medications, consult your doctor before use."", 619, 22, 216], [""Discontinue use and consult your doctor if any"", 633, 26, 216], [""adverse reactions occur, When taken in excessive"", 647, 22, 216], [""amounts, it may tum the skin yellow temporarily It"", 662, 22, 216], [""may inhibit the absorption of B-carotene Store in a"", 676, 22, 215], [""cool, dry place."", 690, 17, 217], [""DO NOT USE IF BLISTER SEAL IS BROKEN."", 717, 25, 214], [""KEEP OUT OF REACH OF CHILDREN."", 731, 24, 214], [""BatchNo:652332"", 792, 31, 256], [""Exp.Date:12/22"", 826, 32, 256], [""KEEP OUT OF REACH OF CHILDREN."", 344, 251, 217], [""DO NOT USE IF BLISTER SEAL IS BROKEN."", 357, 277, 231], [""cool, dry place."", 270, 99, 260], [""may inhibit the absorption of B-carotene. Store in a"", 362, 285, 273], [""amounts, it may tum the skin yellow temporarily It"", 362, 283, 288], [""adverse reactions occur, When taken in excessive"", 360, 284, 301], [""any medications,"", 271, 100, 331], [""WARNING: If you are pregnant, nursing or taking"", 360, 283, 341], [""Dioxide, Caramel Color)"", 299, 157, 371], [""OTHER INGREDIENTS: SOy bean Oil Fish"", 361, 284, 424], [""•Daily Value not established."", 321, 192, 452], [""+Percent Daily Values(%DV)based on"", 358, 267, 476], [""Selenium (as Sodiumsa"", 295, 136, 505], [""Zinc (as Zinc Oxide)"", 294, 137, 528], [""Vitamin E (asD-Tocopherol)"", 312, 173, 546], [""Vitamin B2 (as Riboflavin)"", 310, 163, 568], [""Vitamin B1 (as Thiamine"", 308, 158, 603], [""Vitamin A (as Retiny Palnitate)"", 317, 180, 624], [""Marigold Extract"", 286, 115, 675], [""Haematococcus Pluvialis Extract"", 321, 180, 724], [""Amount Per Serving"", 295, 134, 747], [""Serving Per Container 30"", 311, 163, 769], [""Serving Size 1 Capsule(s)"", 310, 160, 788], [""SUPPLEMENT FACTS:"", 322, 185, 806], [""curing disease."", 276, 102, 836], [""The product is not a medicine preventing and"", 366, 284, 845], [""directed by your healthcare professional."", 348, 248, 862], [""DIRECTioNs : Take 1 Capsule a day, or as"", 366, 288, 874], [""a 2.000caloriediet."", 300, 127, 470], [""Hydrochloride)"", 284, 95, 594], [""Lutein Oil, 20mg)"", 292, 111, 646], [""Astaxanthin, 6mg)"", 294, 112, 696], [""(StandardizedtoContain10%60.0mg"", 352, 234, 707], [""Exp.Date:12/22"", 350, 186, 118], [""BatchNo:652332"", 359, 206, 151], [""consult your doctor t"", 376, 125, 333], [""Beeswax,"", 349, 64, 416], [""Soy Lecithin,"", 380, 85, 403], [""Bilberry Extract."", 443, 116, 410], [""2.100IU"", 434, 57, 624], [""40.0576"", 455, 80, 506], [""8.5mg"", 441, 44, 528], [""before use."", 466, 66, 329], ["".2mg"", 446, 31, 599], [""ng"", 454, 20, 573], [""55%"", 476, 33, 551], [""82%"", 478, 36, 573], [""%DV+"", 477, 42, 749], [""+0%"", 248, 53, 195], [""%86"", 253, 58, 369], [""6ws'8"", 266, 83, 408], [""%5SNI"", 254, 52, 394], [""9LS,prO'0t"", 268, 80, 432], [""uelul se Leue"", 411, 163, 331], [""(wg'uiuexeisy"", 428, 111, 242], [""*"", 486, 9, 490], [""SLS,prO'O0"", 518, 23, 233], [""s unpos se) nus"", 520, 22, 354], [""b0s's"", 537, 18, 261], [""%5S nl"", 559, 20, 225], [""%86"", 579, 24, 223], [""(wg'uluexensy"", 706, 23, 374], [""+A0%"", 756, 20, 220], [""SESCSAIEIIL"", 818, 26, 309], [""DIRECTiONs : Take 1 Capsule a day, or as"", 70, 31, 225], [""directed by your healthcare professional."", 86, 25, 225], [""The product is not a medicine preventing and"", 101, 28, 223], [""curing disease."", 116, 17, 225], [""SUPPLEMENT FACTS:"", 141, 28, 231], [""Serving Size 1 Capsule(s)"", 160, 21, 231], [""Serving Per Container 30"", 178, 21, 229], [""Amount Per Serving"", 201, 22, 229], [""%DVI"", 204, 17, 458], [""Haematococcus Pluvials Extrac"", 223, 26, 228], [""(Standardized to Contain 1o% 6o.Omg"", 239, 24, 236], [""Astaxanthin, 6mg)"", 254, 23, 238], [""Marigold Extract"", 272, 23, 229], [""(Standardized to Contain 20%"", 288, 27, 234], [""Lutein oil.20mg)"", 303, 25, 234], [""1000"", 290, 10, 412], [""VitaminA(asRetinyPalitate)2.100IU"", 324, 24, 229], [""Vitamin B1(as Thimike"", 343, 32, 226], [""Hydrochloride)"", 360, 20, 228], [""2mg"", 356, 15, 427], [""Vitamin B2 (as Riboflavin)"", 379, 26, 228], [""mg 82%"", 381, 19, 442], [""Vitamin E (as D--Tocopherol)"", 399, 24, 227], [""JU 55"", 401, 19, 441], [""Zinc (as Zinc OxideyL"", 420, 28, 226], [""8.5mg"", 424, 21, 420], [""Selenium (as Sodiumslp."", 440, 23, 226], [""40.05776"", 441, 25, 416], [""+ Percent Daly Values(%DV)"", 464, 24, 226], [""based on"", 466, 23, 420], [""a2.000caloriediet."", 480, 22, 238], [""•Daily Value not establisheds"", 495, 20, 226], [""OTHER INGREDIENTS: Soy bean Oil Fish"", 522, 22, 222], [""oil(Anchovy). Beeswax. Bilberry Extract"", 537, 24, 221], [""Blueberry Extract, Soy Lecithin, Soft Capsule"", 551, 22, 220], [""(Pig Gelatin, Glycerin, Purified Water, Titanium"", 565, 24, 221], [""Dioxide, Caramel Color)"", 578, 17, 220], [""WARNiNG: If you are pregnant,nursing or taking"", 605, 24, 219], [""any medications, consult your doctor before use."", 620, 21, 218], [""Discontinue use and consult your doctor if any"", 634, 22, 218], [""adverse reactions occur, When taken in excessive"", 648, 21, 216], [""amounts, it may tum the skin yellow temporarily It"", 663, 22, 216], [""may inhibit the absorption of B-carotene. Store in a"", 677, 20, 217], [""cool,dry place."", 692, 17, 219], [""DO NOT USE IF BLISTER SEAL IS BROKEN"", 718, 21, 217], [""KEEP OUT OF REACH OF CHILDREN."", 732, 18, 218], [""BatchNo:652332"", 794, 25, 259], [""Exp.Date:12/22"", 827, 28, 258], [""DIRECTONs : Take I Capsule a day, or as"", 81, 37, 260], [""directed by your healthcare professional."", 99, 26, 261], [""The product is not a medicine preventing and"", 117, 30, 260], [""curing disease."", 134, 20, 259], [""SUPPLEMENT FACTS:"", 163, 31, 267], [""Serving Size 1 Capsule(s)"", 186, 25, 266], [""Serving Per Container 30"", 206, 20, 266], [""Amount Per Serving"", 233, 28, 264], [""DV"", 236, 15, 533], [""Haematococcus Pluvalis Extrad"", 257, 31, 264], [""(Standardized to Contain 10%"", 275, 26, 272], [""60.0mg"", 278, 23, 470], [""Astaxanthin, 6mg)"", 292, 23, 277], [""Marigold Extract"", 315, 24, 265], [""(StandardizedtoContain20%1080mg"", 334, 30, 273], [""Luteinoil20mg"", 350, 28, 270], [""VitaminA(asRetiny PalmitateyZf0oU"", 375, 29, 265], [""Vitamin B1 (as Thiamlke"", 397, 30, 263], [""Hydrochloride)"", 416, 20, 274], ["".2mg"", 410, 18, 494], [""Vitamin B2 (as Riboflavin)"", 438, 31, 262], [""ng 82%"", 440, 25, 510], [""Vitamin E (asD--Tocopherol)"", 461, 31, 262], [""IU 55%"", 466, 23, 512], [""Zinc (as Zinc Oxidey"", 485, 32, 262], [""8.5mgg"", 488, 31, 482], [""Selenium (as Sodiumsdln)"", 509, 28, 263], [""40.0元576"", 510, 26, 482], [""+ Percent Dally Values(%DV)"", 537, 26, 263], [""based on"", 538, 30, 475], [""a Z.000 calorie diet"", 554, 19, 276], [""•Daily Value not established,"", 573, 27, 261], [""OTHER INGREDIENTS:"", 602, 21, 257], [""Soy bean oilk Fish"", 603, 30, 420], [""oil(Anchovy), Beeswax. Bilberry Extract."", 620, 27, 254], [""Blueberry Extract, Soy Lecithin, Soft Capsute"", 637, 28, 254], [""(Pig Gelatin, Glycerin, Purified Water, Titanium"", 654, 23, 256], [""Dioxide, Caramel Color)"", 668, 22, 255], [""WARNiNG: If you are pregnant, nursing or taking"", 699, 26, 255], [""any medications, consult your doctor before use."", 716, 22, 253], [""Discontinue use and consult your doctor if any"", 732, 23, 253], [""adverse reactions occur. When taken in excessive"", 749, 20, 253], [""amounts,it may turn the skin yellow temporarily It"", 765, 22, 252], [""may inhibit the absorption of B-carotene. Store in a"", 782, 22, 252], [""cool,dry place."", 798, 17, 253], [""DO NOT USE IF BLISTER SEAL IS BROKEN."", 828, 25, 251], [""KEEP OUT OF REACH OF CHILDREN."", 846, 22, 252], [""BatchNo:652332"", 918, 27, 300], [""Exp.Date:12/22"", 956, 32, 298], [""DIRECTIONs : Take 1 Capsule a day, or as"", 140, 51, 451], [""directed by your healthcare professional."", 171, 40, 453], [""The product is not a medicine preventing and"", 202, 45, 450], [""curing disease."", 230, 32, 451], [""SUPPLEMENT FACTS:"", 284, 41, 466], [""Serving Size 1 Capsule(s)"", 321, 38, 464], [""Serving Per Container 30"", 355, 34, 464], [""Amount Per Serving"", 402, 39, 460], [""%DV+"", 408, 35, 915], [""Haematococcus Pluvialis Extract"", 447, 36, 463], [""(StandardizedtoContain10%60.0mg"", 478, 48, 475], [""Astaxanthin, 6mg)"", 508, 35, 479], [""Marigold Extract"", 545, 36, 461], [""(StandardizedtoContain20%108.0ng"", 577, 48, 472], [""Lutein Oil,20mg)"", 606, 36, 473], [""VitaminA(asRetinylPalmitate)2,100IU"", 649, 42, 461], [""Vitamin B1 (as Thiamine"", 687, 38, 460], [""Hydrochloride)"", 718, 33, 472], [""1.2mg"", 709, 32, 851], [""Vitamin B2,(as Riboflavin)"", 758, 39, 460], [""mg 82%"", 762, 38, 882], [""Vitamin E (as D--Tocopherol)"", 799, 40, 459], [""IU 55%"", 804, 37, 885], [""Zinc (as Zinc Oxide)"", 840, 38, 457], [""8.5mg"", 843, 42, 836], [""Selenium (as Sodium Salenn.)"", 880, 39, 457], [""40.05716"", 883, 34, 839], [""+ Percent Daily Values(%DV)"", 930, 35, 459], [""based on"", 934, 40, 815], [""a 2.000 calorie diet."", 960, 31, 481], [""Daily Value not established"", 991, 34, 479], [""OTHER INGREDIENTS: Soy bean Oil/Fish"", 1044, 37, 446], [""oil(Anchovy), Beeswax, Bilberry Extract."", 1074, 41, 445], [""Blueberry Extract, Soy Lecithin, Soft Capsuté"", 1102, 38, 445], [""(Pig Gelatin, Glycerin, Purified Water, Titanium"", 1130, 37, 445], [""Dioxide, Caramel Color)"", 1158, 33, 444], [""WARNiNG: If you are pregnant, nursing or taking"", 1210, 41, 442], [""any medications, consult your doctor before use."", 1238, 37, 442], [""Discontinue use and consult your doctor if any"", 1267, 36, 442], [""adverse reactions occur, When taken in excessive"", 1296, 35, 441], [""amounts, it may turn the skin yellow temporarily It"", 1324, 33, 440], [""may inhibit the absorption of β-carotene. Store in a"", 1354, 34, 440], [""cool, dry place."", 1382, 33, 439], [""DO NOT USE IF BLISTER SEAL IS BROKEN."", 1434, 34, 439], [""KEEP OUT OF REACH OF CHILDREN."", 1464, 33, 439], [""BatchNo:652332"", 1588, 45, 521], [""Exp.Date:12/22"", 1654, 48, 519], [""Batch No: 652332"", 794, 29, 258], [""Exp.Date: 12/22"", 827, 32, 257], [""DIRECTONSTa- I CaoSUN a doY or as"", 70, 27, 224], [""dretedby poor hercbe poteiscral"", 85, 26, 222], [""Toe Drcoctiroa Ted-dre Drventno and"", 102, 25, 222], [""copoo dsease"", 116, 17, 225], [""SUPPLEMENT FACTS:"", 142, 26, 231], [""Semo Sxe Capsueis"", 161, 20, 232], [""Sevr PerLo-tarer 30"", 178, 21, 231], [""Arrpunt Per Servip"", 201, 24, 227], [""Cordsed to Cn ot"", 239, 24, 236], [""Corch detdte Contan 20"", 289, 22, 232], [""Lutein Od 2um0"", 303, 25, 234], [""Maion Ba T"", 344, 22, 230], [""Ht"", 358, 19, 235], [""20"", 421, 14, 259], [""DD"", 466, 21, 235], ["" "", 480, 22, 237], [""OHER NGREDIENTS"", 521, 18, 221], [""jeter Rr"", 550, 19, 220], [""  o b"", 552, 21, 330], [""Drnde Caame ar"", 579, 16, 221], [""arom umte oneow toncorR"", 664, 17, 218], [""ra rhib te soopxdpaaen Sreina"", 678, 21, 216], [""coo opoce"", 692, 17, 218], [""DO NOT USE IF BLISTER SEAL S BROKEN"", 717, 22, 216], [""KEEP OUT OF REACH OF CHILDREN."", 732, 22, 216], [""Batch No: 652332"", 794, 26, 259], [""Exp.Date: 12/22"", 826, 31, 258]]"
002587,2040,02,02,2040-02-02,fail,"DRLCTKONS Taike DIRECTONs : Take 1 Capsule a day, or as DIRECToNs : Take 1 Capsule a day, or as DIRECToNs : Take 1 Capsule a day, or as DiRECoNs : Take 1 Capsule a day, or as 1C   kis | directed by your heaithcare professional. directed by your heaithcare professional. direced byyour henthcar professional. direced byyour henthcar professional. The Dodoa ho a medkine eenpro and The product is not a medicine preventing and The product is not a medicine preventing and The product is not a medicine preventing and The product is not a medicine preventing and DiRECTONs : Take 1 Capsule a day 01 a5 | curino disease. curing disease. curing disease. curing disease. ctce2 directed by your healthcare professional. | SUPPLEMENT FACTS: SUPPLEMENT FACTS: SUPPLEMENT FACTS: SUPPLEMENT FACTS: SUPPLEMENT FACTS: The product is not a medicine preventing and | Serving Size I Capsule(s) Servino Size I Capsule(s) Serving Size I Capsule() Serving Size I Capsule() | Seving Per Container 30 Seving Per Container 30 Serving Per Container 30 Seving Per Container 30 curing disease. | Amount Per Serving Amount Per Serving Amount Per Serving Amount Per Serving Pe serde %DVI DV DV %DV1 | ed bo C Haematococcus PuMals Extract Haematococcus Pyals Erted Haematococcus Pyals Erted Haematococus PlMals Extract Standaded toCon 1or Standaded toCon 1or CStandardized to Contain 10% CStandardized to Contain 10% 60.0mg 60.0mg 60.0mg 60.0mg SUPPLEMENT FACTS: | Astaxanthin, 6mg) Astaranthin. Gma) Astaranthin. Gma) Astaxanthin. 6ma) | Marigold Extract Marigold Extract Marigold Extract Marigold Extract Serving Size I Capsule(s) | (Standardieed to Contain 20% (Standardieed to Contain 20% (StandardizedtoContain20%10er0ng (StandardzedtoContain20%10e-Ong 1oerbng 1oerbng | ue Lutein Oil. 20ma) Lutein Oil, 20mg) Lutein Oil, 20rmg) Lutein Oil, 20rmg) Aue  soop inod nsuos pue asn anunuosid Senving Per Container 30 | Viamin A (as Retiny Pabritste) VitaminA(asRetinyPaitate)2.100U VitaminA(asRetiny Pfrat)2.1001 VitaminA(asRetiny Pfrat)2.1001 2.100U | Hydrochlorde) Hydrochlorde) Hydrochlorde) Hydrochlorde) Vitamin B1 (as Thiamire Viamin BI (as Thiamire Viamin BI (as Thiamire 2 2 Amount Per Serving %DVI | 00 Vitamin B2 (as Riboflavin) Vitamin B2 (as Riboflavin) Vitamin B2(as Riboflavin) Vitamin B2(as Riboflavin) no 82% nO:82% nO:82% no 82% | Vitamin E Gas bTocopberol Vitamin E Gas bTocopberol Vitamin E (as D-aTocopberol) Vitamin E (as D-aTocopberol MU 55 U55 U55 55% Haematococcus Puvals Extract | Zinc (as Zinc Oxide) Zinc (as Zinc Oxide) Zinc (as Zinc Oxide) Zinc (as Zinc Oxide) 8.5mg 8.5mg LSmo LSmo (Standardized to Contain io% 60.0mg | Stenium Cas Sodumy Stenium Cas Sodumy Seenium Cas SodiumSa Selenium (as Sodiumgre 2 2 40.0元 40.0元 40.0元 40.0元 57 57 | Percent Dalby Values(%DV) +Percent Dalby Values(%DV) +Percent Dalky Valuest%DV) +Percent Dalky Valuest%DV) Spausesa Iou anien Aed based on based on based on based on Astaxanthin.6mg) | Exp.Date:12/22 BatchNo:652332 RENOTUSFRBACTERFEALIDROKEN. uo pased 6us 2,0oo calorie diet 2,0oo calorie diet 2.000 caloriediet. 2.000 caloriediet. Daily Value not establisheds Daily Value not establisheds •Daily Value not established: Daily Value not established OTHER INGREDIENTS: Soy bean OiV/ Fish OTHER INGREDIENTEA Soy bean OV CSh OTHER INGREDIENTEA Soy bean OV CSh OTHER INGREDIENTS: SOY bean OIV/ Fish wngpos se) uruuopes Marigold Extract Standardized to Contain 2o%""1oe.omg | olAnchovy. eeswaxs olAnchovy. eeswaxs oll(Anchovy) Beeswax. Biiberry Extrach ollAnchovy) Beeswax. Biberry Extract Blueberry Extract, Soy Lecithin, Soft Capsute Biuebery Extract. Soy Lecithin Sott Capssi Biuebery Extract. Soy Lecithin Sott Capssi Blueberry Extract Soy Lecithin, sot Capsute bubery Estrct bubery Estrct Lutein Oil. 20mg) | YZ8 0U Dioxide, Caramel Color) Dioxide, Caramel Color) Dioxide, Caramel Color) Dioxide, Caramel Color) (Pig Gelatin. Ghcerin, Punifed Water, Titanium (Pia Gelatin, Glycerin, Punified Water, Titanium (Pia Gelatin, Glycerin Aunified Water, Titanium (Pia Gelatin, Glycerin Aunified Water, Titanium | WARANG: I you are Dreonant nursing or taking WARANG: I you are Dreonant nursing or taking WARNaNG: H you are Dreanant nursing or taking WARNaNG: H you are Dreanant nursing or takino uueul se) I8 upuei (epuoypoUpAH Vitamin A (as Retinyl Patritate) 2.100U | N00IZ any medications, corsult your doctor before tse. any medications, corsult your doctor before tse. any medications, consult your doctor before use. Discontinue use and consut your doctor i aay Discontinue use and consut your doctor i aay any medications, consult your doctor before use. Discontinue use and consult your doctor if any Discontinue use and consut vour doctor it any Vitamin Bi (as Thiamire | adene reactons occua when tahen n eucesk adene reactons occua when tahen n eucesk advense reactions occur. When taken in excesshe ount ma tum the n o tempoy ount ma tum the n o tempoy amounts. R may tum the sin yelow temporariy R adverne reacbons occur, when taken in excesshe amounts. it may turn the san yelow temporarly R (bot Touaim) Hydrochloride) 2mg | cool dry Dlace. cool, dry place. cool dry Dlace. cool dry Dlace. may inhibit the absorption of B-carotene. Store in a mrrhbthe absorption ofB-carotene. Store ina mrrhbthe absorption ofB-carotene. Store ina mar ihibit the absorption of B-carotene. Store in a Deixa piobuew | DO NOT USE IF BLSTER SEAL IS BROKEN. DONOT USE IF BLSTER SEALIS BROKEN. DO NOT USE IF BUSTER SEAL IS BROKEN. DO NOT USE IF BUSTER SEAL IS BROKEN. %0i umuo2 os panpuepuens) SL (ug Upuesy ROCN Vitamin BZ(as Riboflavin) ng 82% | KEENOUTOFREACHEBOFCAILDREN. KEEP OUT OF REACHOF CHILDREN. KEEP OUT OF REACH OF CHILDREN. KEEP OUT OF REACH OF CHILDREN. CHLORIN | 0% Vitamin E (as DaarTocopherol) 55 | BatchNo:652332 BatchNo:652332 BatchNo:652332 Batch No: 652332 BatchNo:652332 Natch No: C52332 (ansde Iais cus Zinc (as Zinc Oxidol Smg | Exp.Date:12/22 Exp.Date:12/22 Exp.Date: 12/22 Exp.Date:12/22 Exp.Date:12/22 xp, Date: 12/22 STSCAANIIIL ""aseasip buuns Seenium Cas Sodium sa 40.0元 5 | SP J0 'ep e ainsde Lanel:s + Percent Dalty Values(?s Dv) based on | a 2.ooo calorie diet. | Daily Value not establisheds | OTHER INGREDIENTS: Soy bean OiV/ Fish | oli(Anchovy). Beeswax. Bilberry Extract | Blueberry Extract. Soy Lecithin, Soft Capsute | (Pig Gelatin, Glycerin, Purified Water, Titanium | Dioxide,Caramel Color) | WARNaNG: Hf you are pregnant nursing or taking | any medications, corsult your doctor before use. | Discontinue use and consuit your doctor if any | adverse reactons occur. When taken in excesshe | amounts it may tum the skin yellow temporaray I | may inhibit the absorption of p-carotene. Store in a | cool, dry place. | DO NOT USE IF BUSTER SEAL IS BROKEN. | KEEP OUT OIF REACH OF CHILDREN. | BatchNo:652332 | Exp.Date:12/22","[[""(StandardzedtoContain20%10e-Ong"", 194, 43, 221], [""Viamin A (as Retiny Pabritste)"", 216, 36, 212], [""Vitamin B2(as Riboflavin)"", 252, 38, 209], [""BatchNo:652332"", 530, 37, 219], [""Exp.Date:12/22"", 552, 35, 217], [""DiRECoNs : Take 1 Capsule a day, or as"", 51, 50, 223], [""directed by your heaithcare professional."", 60, 42, 223], [""The product is not a medicine preventing and"", 72, 45, 221], [""curino disease."", 73, 26, 219], [""SUPPLEMENT FACTS:"", 95, 35, 226], [""Servino Size I Capsule(s)"", 107, 32, 225], [""Seving Per Container 30"", 118, 31, 223], [""Amount Per Serving"", 132, 31, 219], [""Haematococcus PuMals Extract"", 149, 36, 217], [""CStandardized to Contain 10%"", 160, 35, 224], [""%DV1"", 150, 21, 422], [""Astaxanthin. 6ma)"", 167, 30, 225], [""Marigold Extract"", 179, 28, 216], [""60.0mg"", 171, 21, 383], [""Lutein Oil, 20mg)"", 200, 28, 222], [""Hydrochlorde)"", 236, 24, 218], [""2.100U"", 227, 20, 369], [""Vitamin E (as D-aTocopberol)"", 266, 35, 208], [""Zinc (as Zinc Oxide)"", 277, 30, 205], [""no 82%"", 266, 18, 405], [""Seenium Cas SodiumSa"", 291, 32, 205], [""8.5mg"", 292, 19, 381], [""MU 55"", 279, 12, 403], [""+Percent Dalby Values(%DV)"", 310, 35, 205], [""2.000 caloriediet."", 318, 27, 217], [""40.0元"", 304, 13, 379], [""•Daily Value not established:"", 330, 35, 203], [""based on"", 323, 23, 380], [""OTHER INGREDIENTS: SOY bean OIV/ Fish"", 351, 46, 198], [""Blueberry Extract Soy Lecithin, sot Capsute"", 370, 44, 196], [""ollAnchovy) Beeswax. Biberry Extract"", 361, 43, 197], [""(Pia Gelatin, Glycerin, Punified Water, Titanium"", 380, 43, 196], [""Dioxide, Caramel Color)"", 384, 31, 195], [""WARNaNG: H you are Dreanant nursing or takino"", 406, 44, 193], [""Discontinue use and consut vour doctor it any"", 425, 48, 190], [""any medications, consult your doctor before use."", 415, 42, 192], [""adverne reacbons occur, when taken in excesshe"", 434, 46, 190], [""mar ihibit the absorption of B-carotene. Store in a"", 454, 43, 188], [""amounts. it may turn the san yelow temporarly R"", 444, 42, 189], [""cool, dry place."", 454, 23, 187], [""DONOT USE IF BLSTER SEALIS BROKEN."", 480, 42, 186], [""KEEP OUT OF REACHOF CHILDREN."", 488, 39, 185], [""DIRECTONs : Take 1 Capsule a day, or as"", 50, 49, 222], [""The product is not a medicine preventing and"", 71, 46, 221], [""directed by your heaithcare professional."", 59, 41, 222], [""curing disease."", 72, 23, 220], [""SUPPLEMENT FACTS:"", 94, 39, 224], [""Serving Size I Capsule(s)"", 106, 30, 224], [""Serving Per Container 30"", 117, 32, 222], [""Amount Per Serving"", 131, 31, 219], [""Haematococus PlMals Extract"", 149, 34, 219], [""CStandardized to Contain 10%"", 159, 31, 225], [""%DVI"", 149, 20, 422], [""Astaxanthin, 6mg)"", 166, 26, 226], [""Marigold Extract"", 178, 27, 218], [""60.0mg"", 170, 22, 382], [""(StandardizedtoContain20%10er0ng"", 194, 40, 221], [""VitaminA(asRetinyPaitate)2.100U"", 218, 45, 212], [""Lutein Oil. 20ma)"", 199, 26, 221], [""Vitamin B1 (as Thiamire"", 227, 34, 213], [""Vitamin B2(as Riboflavin)"", 250, 37, 210], [""Hydrochlorde)"", 236, 25, 218], [""Vitamin E (as D-aTocopberol"", 264, 34, 209], [""Zinc (as Zinc Oxide)"", 276, 31, 207], [""no 82%"", 265, 20, 403], [""Selenium (as Sodiumgre"", 290, 33, 205], [""55%"", 278, 17, 401], [""8.5mg"", 291, 22, 379], [""Percent Dalby Values(%DV)"", 309, 35, 205], [""40.0元"", 302, 19, 377], [""Daily Value not established"", 329, 36, 203], [""2.000 caloriediet."", 317, 26, 216], [""based on"", 322, 23, 381], [""OTHER INGREDIENTS: Soy bean OiV/ Fish"", 350, 45, 196], [""Blueberry Extract, Soy Lecithin, Soft Capsute"", 369, 43, 195], [""oll(Anchovy) Beeswax. Biiberry Extrach"", 360, 42, 196], [""Dioxide, Caramel Color)"", 382, 32, 193], [""(Pig Gelatin. Ghcerin, Punifed Water, Titanium"", 379, 43, 195], [""WARNaNG: H you are Dreanant nursing or taking"", 405, 44, 192], [""Discontinue use and consult your doctor if any"", 424, 44, 190], [""any medications, consult your doctor before use."", 414, 42, 192], [""advense reactions occur. When taken in excesshe"", 433, 42, 188], [""amounts. R may tum the sin yelow temporariy R"", 443, 43, 188], [""may inhibit the absorption of B-carotene. Store in a"", 453, 42, 186], [""cool dry Dlace."", 454, 24, 186], [""KEENOUTOFREACHEBOFCAILDREN."", 486, 43, 182], [""DO NOT USE IF BLSTER SEAL IS BROKEN."", 479, 43, 185], [""BatchNo:652332"", 530, 40, 216], [""Exp.Date:12/22"", 551, 38, 215], [""RENOTUSFRBACTERFEALIDROKEN."", 310, 255, 127], [""Exp.Date:12/22"", 300, 171, 68], [""BatchNo:652332"", 309, 186, 90], [""ue"", 184, 18, 80], [""00"", 238, 15, 223], [""ctce2"", 88, 36, 260], [""Aue  soop inod nsuos pue asn anunuosid"", 216, 47, 195], [""Spausesa Iou anien Aed"", 310, 35, 269], [""uo pased"", 317, 20, 201], [""6us"", 348, 18, 224], [""wngpos se) uruuopes"", 350, 31, 317], [""YZ8 0U"", 374, 18, 193], [""uueul se) I8 upuei"", 412, 33, 285], [""(epuoypoUpAH"", 404, 26, 336], [""N00IZ"", 413, 20, 218], [""(bot Touaim)"", 440, 29, 320], [""Deixa piobuew"", 461, 28, 322], [""%0i umuo2 os panpuepuens)"", 480, 33, 259], [""(ug Upuesy"", 473, 30, 311], [""0%"", 490, 21, 179], [""STSCAANIIIL"", 545, 35, 252], [""(ansde Iais cus"", 533, 30, 273], [""\""aseasip buuns"", 566, 23, 333], [""SP J0"", 576, 20, 165], [""'ep e ainsde Lanel:s"", 588, 35, 198], [""DIRECToNs : Take 1 Capsule a day, or as"", 51, 50, 223], [""direced byyour henthcar professional."", 60, 44, 223], [""The product is not a medicine preventing and"", 72, 46, 222], [""curing disease."", 74, 26, 221], [""SUPPLEMENT FACTS:"", 95, 35, 226], [""Serving Size I Capsule()"", 107, 32, 225], [""Seving Per Container 30"", 118, 33, 219], [""Amount Per Serving"", 133, 30, 219], [""Haematococcus Pyals Erted"", 149, 35, 219], [""Standaded toCon 1or"", 158, 38, 224], [""DV"", 150, 22, 422], [""Astaranthin. Gma)"", 167, 30, 225], [""Marigold Extract"", 179, 28, 216], [""60.0mg"", 170, 18, 383], [""(Standardieed to Contain 20%"", 192, 34, 222], [""Lutein Oil, 20rmg)"", 200, 28, 224], [""VitaminA(asRetiny Pfrat)2.1001"", 218, 43, 211], [""1oerbng"", 203, 24, 370], [""Viamin BI (as Thiamire"", 227, 38, 212], [""Hydrochlorde)"", 236, 25, 217], [""Vitamin B2 (as Riboflavin)"", 252, 34, 209], [""Vitamin E Gas bTocopberol"", 266, 33, 207], [""2"", 245, 6, 395], [""Zinc (as Zinc Oxide)"", 278, 32, 205], [""nO:82%"", 266, 19, 403], [""Stenium Cas Sodumy"", 290, 33, 205], [""LSmo"", 292, 20, 380], [""U55"", 279, 12, 402], [""+Percent Dalky Valuest%DV)"", 309, 35, 206], [""2,0oo calorie diet"", 318, 27, 217], [""2"", 300, 6, 350], [""40.0元"", 303, 14, 378], [""Daily Value not establisheds"", 329, 39, 201], [""based on"", 323, 24, 380], [""57"", 308, 9, 415], [""OTHER INGREDIENTEA Soy bean OV CSh"", 351, 44, 198], [""Biuebery Extract. Soy Lecithin Sott Capssi"", 370, 46, 196], [""olAnchovy. eeswaxs"", 356, 34, 199], [""(Pia Gelatin, Glycerin Aunified Water, Titanium"", 380, 43, 197], [""bubery Estrct"", 368, 26, 343], [""Dioxide, Caramel Color)"", 384, 31, 196], [""WARANG: I you are Dreonant nursing or taking"", 406, 45, 192], [""any medications, corsult your doctor before tse."", 415, 43, 192], [""adene reactons occua when tahen n eucesk"", 434, 45, 190], [""Discontinue use and consut your doctor i aay"", 425, 44, 192], [""ount ma tum the n o tempoy"", 443, 46, 189], [""mrrhbthe absorption ofB-carotene. Store ina"", 454, 46, 187], [""cool dry Dlace."", 454, 23, 188], [""KEEP OUT OF REACH OF CHILDREN."", 488, 40, 186], [""DO NOT USE IF BUSTER SEAL IS BROKEN."", 480, 42, 187], [""BatchNo:652332"", 530, 37, 219], [""Exp.Date:12/22"", 552, 36, 218], [""DIRECToNs : Take 1 Capsule a day, or as"", 51, 50, 223], [""direced byyour henthcar professional."", 60, 44, 223], [""The product is not a medicine preventing and"", 72, 46, 222], [""curing disease."", 74, 26, 221], [""SUPPLEMENT FACTS:"", 95, 35, 226], [""Serving Size I Capsule()"", 107, 32, 225], [""Seving Per Container 30"", 118, 33, 219], [""Amount Per Serving"", 133, 30, 219], [""Haematococcus Pyals Erted"", 149, 35, 219], [""Standaded toCon 1or"", 158, 38, 224], [""DV"", 150, 22, 422], [""Astaranthin. Gma)"", 167, 30, 225], [""Marigold Extract"", 179, 28, 216], [""60.0mg"", 170, 18, 383], [""(Standardieed to Contain 20%"", 192, 34, 222], [""Lutein Oil, 20rmg)"", 200, 28, 224], [""VitaminA(asRetiny Pfrat)2.1001"", 218, 43, 211], [""1oerbng"", 203, 24, 370], [""Viamin BI (as Thiamire"", 227, 38, 212], [""Hydrochlorde)"", 236, 25, 217], [""Vitamin B2 (as Riboflavin)"", 252, 34, 209], [""Vitamin E Gas bTocopberol"", 266, 33, 207], [""2"", 245, 6, 395], [""Zinc (as Zinc Oxide)"", 278, 32, 205], [""nO:82%"", 266, 19, 403], [""Stenium Cas Sodumy"", 290, 33, 205], [""LSmo"", 292, 20, 380], [""U55"", 279, 12, 402], [""+Percent Dalky Valuest%DV)"", 309, 35, 206], [""2,0oo calorie diet"", 318, 27, 217], [""2"", 300, 6, 350], [""40.0元"", 303, 14, 378], [""Daily Value not establisheds"", 329, 39, 201], [""based on"", 323, 24, 380], [""57"", 308, 9, 415], [""OTHER INGREDIENTEA Soy bean OV CSh"", 351, 44, 198], [""Biuebery Extract. Soy Lecithin Sott Capssi"", 370, 46, 196], [""olAnchovy. eeswaxs"", 356, 34, 199], [""(Pia Gelatin, Glycerin Aunified Water, Titanium"", 380, 43, 197], [""bubery Estrct"", 368, 26, 343], [""Dioxide, Caramel Color)"", 384, 31, 196], [""WARANG: I you are Dreonant nursing or taking"", 406, 45, 192], [""any medications, corsult your doctor before tse."", 415, 43, 192], [""adene reactons occua when tahen n eucesk"", 434, 45, 190], [""Discontinue use and consut your doctor i aay"", 425, 44, 192], [""ount ma tum the n o tempoy"", 443, 46, 189], [""mrrhbthe absorption ofB-carotene. Store ina"", 454, 46, 187], [""cool dry Dlace."", 454, 23, 188], [""KEEP OUT OF REACH OF CHILDREN."", 488, 40, 186], [""DO NOT USE IF BUSTER SEAL IS BROKEN."", 480, 42, 187], [""BatchNo:652332"", 530, 37, 219], [""Exp.Date:12/22"", 552, 36, 218], [""DiRECTONs : Take 1 Capsule a day"", 98, 77, 451], [""directed by your healthcare professional."", 119, 74, 449], [""The product is not a medicine preventing and"", 144, 81, 447], [""curing disease."", 146, 37, 445], [""01"", 126, 11, 889], [""a5"", 131, 12, 921], [""SUPPLEMENT FACTS:"", 190, 61, 457], [""Serving Size I Capsule(s)"", 214, 51, 454], [""Senving Per Container 30"", 236, 52, 452], [""Amount Per Serving"", 264, 51, 447], [""Haematococcus Puvals Extract"", 298, 61, 445], [""(Standardized to Contain io%"", 318, 57, 454], [""%DVI"", 300, 37, 846], [""Astaxanthin.6mg)"", 334, 44, 457], [""60.0mg"", 341, 36, 770], [""Marigold Extract"", 357, 46, 441], [""Standardized to Contain 2o%\""1oe.omg"", 390, 74, 447], [""Lutein Oil. 20mg)"", 398, 45, 448], [""Vitamin A (as Retinyl Patritate)"", 430, 59, 433], [""Vitamin Bi (as Thiamire"", 456, 54, 434], [""2.100U"", 454, 33, 752], [""Hydrochloride)"", 472, 41, 440], [""Vitamin BZ(as Riboflavin)"", 503, 58, 429], [""2mg"", 493, 22, 794], [""Vitamin E (as DaarTocopherol)"", 531, 60, 426], [""ng"", 532, 19, 809], [""82%"", 533, 32, 830], [""Zinc (as Zinc Oxidol"", 556, 55, 422], [""Seenium Cas Sodium sa"", 582, 51, 420], [""55"", 559, 22, 829], [""Smg"", 584, 33, 775], [""+ Percent Dalty Values(?s Dv)"", 618, 57, 419], [""40.0元"", 606, 31, 759], [""a 2.ooo calorie diet."", 636, 46, 435], [""5"", 614, 11, 838], [""Daily Value not establisheds"", 660, 57, 429], [""based on"", 646, 35, 768], [""OTHER INGREDIENTS: Soy bean OiV/ Fish"", 702, 77, 400], [""oli(Anchovy). Beeswax. Bilberry Extract"", 720, 75, 399], [""Blueberry Extract. Soy Lecithin, Soft Capsute"", 740, 75, 397], [""(Pig Gelatin, Glycerin, Purified Water, Titanium"", 759, 78, 395], [""Dioxide,Caramel Color)"", 766, 50, 394], [""WARNaNG: Hf you are pregnant nursing or taking"", 811, 78, 390], [""any medications, corsult your doctor before use."", 830, 73, 389], [""Discontinue use and consuit your doctor if any"", 849, 78, 386], [""adverse reactons occur. When taken in excesshe"", 868, 77, 384], [""amounts it may tum the skin yellow temporaray I"", 888, 77, 380], [""may inhibit the absorption of p-carotene. Store in a"", 907, 76, 379], [""cool, dry place."", 908, 41, 378], [""DO NOT USE IF BUSTER SEAL IS BROKEN."", 960, 75, 376], [""KEEP OUT OIF REACH OF CHILDREN."", 977, 70, 373], [""BatchNo:652332"", 1062, 67, 440], [""Exp.Date:12/22"", 1104, 63, 436], [""Natch No: C52332"", 532, 43, 219], [""xp, Date: 12/22"", 551, 40, 217], [""DRLCTKONS"", 42, 23, 224], [""The Dodoa ho a medkine eenpro and"", 72, 45, 221], [""Taike"", 49, 15, 314], [""1C  "", 56, 27, 337], [""kis"", 66, 7, 462], [""SUPPLEMENT FACTS:"", 95, 33, 226], [""Pe serde"", 134, 18, 271], [""ed bo C"", 158, 15, 270], [""SL"", 484, 7, 332], [""CHLORIN"", 496, 17, 336], [""ROCN"", 490, 19, 374], [""Batch No: 652332"", 531, 40, 218], [""Exp.Date: 12/22"", 552, 39, 216]]"
002598,2021,12,NONE,2021-12-NONE,det5,"Rapso Se0.751 | 100% rapeseed oil | certified by agroVet GmbH | 제명소유차유 식품유형 채중유 | 风人量人子量109制17合 | 유통기한 제에범도 기의 01일일/순) | 488750ml（6.210kcal） 100% 영양정보 48号750m 6,210ical | 사RAPSO OSTERRECH GNBH | 원산지 오스트리아 4Omg 0% | 용기모장재질 병-유리  0g 0% | 뚜껑-고일도플리에릴린  0g 0% | 본제품은 공정거래위원회고시 식이섬유 0g 0% | 소비자분쟁결기준에의거교환 文：690g 1278% | 또는보상받을 수 있습니다.  29 三业风度459300% | 보관방법:직사광선 고온다습한 스 Ong 0% | 곳을 피해서늘하고건조한곳에보관 01399 단백 0g 0% | 반품및교한:구입처또는수입원 | Qualty from the nature | Lpr-trduct | protect from heat and light | RAPSO Ostereich GmbH | BrandstaterstraBe 6, | A-4082Aschach | Internet wwrapso.at | Best before date:/ RE/ Batch no: | 12/2021 120154 08:38 | 9 001466207911","[[""Rapso"", 328, 51, 198], [""Se0.751"", 332, 52, 265], [""100% rapeseed oil"", 361, 28, 201], [""certified by agroVet GmbH"", 378, 23, 200], [""제명소유차유"", 410, 21, 200], [""식품유형 채중유"", 412, 20, 308], [""风人量人子量109制17合"", 436, 24, 201], [""유통기한 제에범도 기의 01일일/순)"", 449, 26, 199], [""488750ml（6.210kcal）"", 460, 19, 199], [""100%"", 473, 20, 200], [""영양정보"", 470, 21, 353], [""48号750m"", 466, 13, 395], [""사RAPSO OSTERRECH GNBH"", 486, 23, 199], [""6,210ical"", 475, 14, 411], [""원산지"", 498, 16, 201], [""오스트리아"", 497, 20, 238], [""용기모장재질 병-유리"", 511, 22, 199], [""4Omg"", 502, 14, 353], ["" 0g"", 514, 17, 355], [""0%"", 504, 12, 428], [""뚜껑-고일도플리에릴린"", 526, 19, 256], ["" 0g"", 526, 16, 358], [""0%"", 516, 12, 428], [""본제품은 공정거래위원회고시"", 542, 23, 197], [""식이섬유 0g"", 537, 20, 358], [""0%"", 528, 12, 427], [""文：690g"", 549, 20, 352], [""0%"", 540, 13, 427], [""소비자분쟁결기준에의거교환"", 553, 20, 201], [""또는보상받을 수 있습니다."", 565, 22, 200], ["" 29"", 561, 20, 358], [""1278%"", 552, 13, 415], [""보관방법:직사광선 고온다습한"", 577, 23, 197], [""三业风度459300%"", 574, 24, 356], [""곳을 피해서늘하고건조한곳에보관"", 590, 18, 199], [""스 Ong"", 586, 19, 351], [""01399"", 602, 23, 196], [""단백 0g"", 597, 17, 351], [""0%"", 588, 11, 425], [""0%"", 599, 12, 425], [""반품및교한:구입처또는수입원"", 614, 21, 195], [""Qualty from the nature"", 635, 22, 191], [""Lpr-trduct"", 648, 23, 190], [""protect from heat and light"", 663, 20, 190], [""RAPSO Ostereich GmbH"", 678, 23, 189], [""BrandstaterstraBe 6,"", 693, 22, 189], [""A-4082Aschach"", 706, 20, 189], [""Internet wwrapso.at"", 720, 23, 188], [""Best before date:/ RE/ Batch no:"", 744, 23, 246], [""12/2021 120154 08:38"", 773, 32, 221], [""9"", 852, 14, 228], [""001466207911"", 853, 26, 244]]"
002605,2017,11,23,2017-11-23,clahe,"Conservare lontano da fonti di calore, dall luce ed evitare ambienti umidi/ | Store away from heat sources, from light and avoid damp places/Conserver a | l'abri des sources de chaleur, de la lumiere et éviter les endroits humides/Vor | Warmequellen und Licht geschützt lagern, feuchte Umgebung vermeiden/ | Mantener alejado de fuentes de calor y de la luz. Evitar ambientes hümedos/ | Manter longe de fontes de calor, de luz e evitar ambientes midos/Verwiderd | van warmte- en ichtbronnen bewaren, vochtige omgeving vermiden/ | Opbevares langt fra varmekilder og beskyttet mod lys. Undga fugtige | omgivelser / Forvara pá avstand fran värme och ljus och undvik fuktig milj | PESO LiQUIDO | 500ge1.1b | Da consumarsi preleribilmente entro/Best before | A consommer de préference avant le./ Mindestens haltbar bis | - Consumir prelerentemente antes det /Consumir de prele | antes de: /Ten minste houdbaar tot /Bedst far./Bast forec/ | (///J | EXP:17/11/23 | 15:17L2210 | 00 Lotto 00220322 | 80","[[""Conservare lontano da fonti di calore, dall luce ed evitare ambienti umidi/"", 134, 111, 68], [""Store away from heat sources, from light and avoid damp places/Conserver a"", 154, 109, 66], [""l'abri des sources de chaleur, de la lumiere et éviter les endroits humides/Vor"", 173, 110, 66], [""Warmequellen und Licht geschützt lagern, feuchte Umgebung vermeiden/"", 193, 108, 65], [""Mantener alejado de fuentes de calor y de la luz. Evitar ambientes hümedos/"", 213, 106, 64], [""Manter longe de fontes de calor, de luz e evitar ambientes midos/Verwiderd"", 232, 113, 62], [""van warmte- en ichtbronnen bewaren, vochtige omgeving vermiden/"", 252, 109, 61], [""Opbevares langt fra varmekilder og beskyttet mod lys. Undga fugtige"", 271, 108, 60], [""omgivelser / Forvara pá avstand fran värme och ljus och undvik fuktig milj"", 288, 101, 60], [""PESO LiQUIDO"", 316, 74, 107], [""500ge1.1b"", 354, 73, 103], [""Da consumarsi preleribilmente entro/Best before"", 436, 70, 235], [""A consommer de préference avant le./"", 444, 50, 237], [""-"", 440, 11, 208], [""Consumir prelerentemente antes det /Consumir de prele"", 466, 62, 236], [""antes de: /Ten minste houdbaar tot /Bedst far./Bast forec/"", 481, 66, 234], [""Mindestens haltbar bis"", 467, 40, 416], [""(///J"", 493, 60, 233], [""EXP:17/11/23"", 523, 54, 253], [""15:17L2210"", 539, 59, 252], [""00"", 538, 27, 199], [""Lotto 00220322"", 558, 52, 252], [""80"", 564, 15, 197]]"
002613,NONE,NONE,NONE,NONE,fail,"12 RACIONES | Paellero Paellero Paellero"" Paellero Paellero Paellero 2 Carmencita Carmencita Carmencita Carmencita armenuta VALENCIANA Paellero | L30408J L30408J VALENCIANA VALENCIANA VALENCIANA VALENCIANA VALENCIANA ATECNIIRA L30408J 04-2023 L30408J 04-2023 L30408J04-2023 04-2023 04-2023 L30408J 04-2023 | Paellero SONIAIS Carmencita | © @PMV SIEHONS | 3 3 SOBRES SOBRES SOBRES SACHETS SACHETS SACHETS RACIONES RACIONES RACIONES 조리예 조리에 조리에 조리에 조리예 조리예 VALENCIANA SES Carmencita | 12 12WES SERVINGS SERVINGS SERVINGS | Paellero Paellero Paellero Paellero Paellero ALENCIANA ALENCIANA LEPCIAN AT Paellero 5 Carmencita | L30408J 04-2023 | 6 VALENCIANA © | 3 SOBRES SACHETS 조리에 | 12RACIONES SERNINGS | Paellero L30408J 04-2023 | LENCIANA | 3 SOBRES SACHETS 조리예 | 12 RACIONES SERVINGS | Paellero | VALENCIANA","[[""Paellero"", 294, 37, 191], [""Carmencita"", 291, 32, 408], [""VALENCIANA"", 338, 42, 188], [""L30408J04-2023"", 408, 30, 244], [""조리예"", 501, 40, 419], [""Paellero"", 560, 46, 160], [""SOBRES"", 480, 17, 89], [""SACHETS"", 492, 18, 93], [""12"", 512, 19, 74], [""RACIONES"", 508, 14, 102], [""SERVINGS"", 518, 13, 110], [""ALENCIANA"", 586, 16, 210], [""Paellero"", 292, 41, 188], [""Carmencita"", 290, 39, 402], [""VALENCIANA"", 337, 45, 183], [""L30408J"", 406, 29, 243], [""04-2023"", 408, 29, 398], [""SOBRES"", 480, 20, 89], [""SACHETS"", 491, 16, 94], [""조리예"", 501, 36, 421], [""RACIONES"", 506, 17, 102], [""SERVINGS"", 518, 13, 110], [""Paellero"", 559, 50, 148], [""AT"", 586, 13, 344], [""12 RACIONES"", 120, 104, 433], [""Paellero"", 302, 306, 363], [""VALENCIANA"", 330, 282, 603], [""Paellero"", 261, 142, 643], [""2"", 245, 24, 439], [""L30408J 04-2023"", 391, 295, 535], [""조리예"", 483, 125, 442], [""Carmencita"", 502, 182, 654], [""ATECNIIRA"", 390, 282, 318], [""SONIAIS"", 442, 20, 548], [""SIEHONS"", 469, 16, 563], [""SES"", 481, 20, 571], [""5"", 580, 15, 681], [""Paellero\"""", 294, 37, 190], [""Carmencita"", 290, 35, 407], [""VALENCIANA"", 338, 46, 186], [""L30408J 04-2023"", 408, 30, 244], [""©"", 457, 23, 422], [""3"", 486, 13, 72], [""SOBRES"", 480, 17, 90], [""SACHETS"", 492, 18, 95], [""조리에"", 500, 34, 423], [""RACIONES"", 508, 14, 105], [""SERVINGS"", 516, 13, 113], [""Paellero"", 560, 46, 156], [""ALENCIANA"", 585, 26, 203], [""Paellero"", 431, 54, 279], [""Carmencita"", 426, 47, 598], [""VALENCIANA"", 498, 59, 275], [""L30408J 04-2023"", 598, 41, 360], [""6"", 666, 27, 205], [""©"", 673, 36, 618], [""3 SOBRES"", 710, 49, 93], [""SACHETS"", 722, 26, 137], [""조리에"", 736, 52, 619], [""12RACIONES"", 749, 42, 100], [""SERNINGS"", 761, 21, 162], [""Paellero"", 823, 67, 228], [""LENCIANA"", 862, 31, 352], [""Paellero"", 588, 65, 386], [""Carmencita"", 580, 59, 813], [""VALENCIANA"", 676, 69, 378], [""L30408J 04-2023"", 815, 52, 492], [""3"", 972, 45, 138], [""SOBRES"", 959, 30, 180], [""SACHETS"", 984, 31, 190], [""조리예"", 1002, 64, 845], [""12"", 1021, 46, 137], [""RACIONES"", 1015, 24, 209], [""SERVINGS"", 1035, 26, 219], [""Paellero"", 1118, 90, 307], [""VALENCIANA"", 1171, 36, 378], [""Paellero"", 295, 39, 189], [""armenuta"", 292, 19, 428], [""VALENCIANA"", 338, 46, 186], [""L30408J 04-2023"", 407, 34, 244], [""조리에"", 501, 42, 418], [""Paellero"", 561, 48, 153], [""Paellero"", 294, 38, 190], [""Carmencita"", 291, 32, 406], [""VALENCIANA"", 338, 43, 187], [""L30408J"", 406, 29, 244], [""04-2023"", 409, 26, 378], [""@PMV"", 458, 25, 419], [""3"", 486, 25, 68], [""조리에"", 500, 41, 419], [""12WES"", 510, 30, 68], [""LEPCIAN"", 586, 16, 242], [""Paellero"", 560, 48, 153]]"
002614,NONE,NONE,NONE,NONE,fail,"AERES | Paellero Paellero Pacllcro Paellero"" Paellero Paellero Carmencita Carmencita Carmencita Carmencita Carmencita | VALENCIANA VALENCIANA VALENCIANA VALENCIANA VALENCIANA VALENCIANA Paellero | L30408J L30408U L30408J04-2023 L30408J04-2023 L30408J 04-2023 VALENCIANA 04-2023 04-2023 | @ @ | 3 3 2 2 SABRES SAERES AOWET ANECNIIAA L30408J04-2023 조리에 조리에 조리에 조리예 조리에 | Paellero Paellero aellero aeulero 1 1 Paellero"" Carmencita | 조리예 © ANNIIAA Carmencita VALENCIANA | L3040804-2023 | 3 SDERES 조리예 | T2S | ae","[[""Paellero\"""", 199, 28, 180], [""Carmencita"", 200, 27, 370], [""VALENCIANA"", 230, 34, 177], [""04-2023"", 280, 23, 368], [""조리예"", 340, 29, 392], [""aeulero"", 379, 36, 198], [""L30408U"", 276, 21, 232], [""SAERES"", 322, 12, 97], [""3"", 326, 17, 80], [""AOWET"", 329, 16, 105], [""2"", 342, 19, 79], [""Paellero"", 198, 32, 176], [""Carmencita"", 200, 31, 368], [""VALENCIANA"", 228, 35, 177], [""L30408J"", 274, 24, 229], [""04-2023"", 278, 24, 369], [""3"", 326, 17, 80], [""SABRES"", 321, 12, 98], [""2"", 342, 16, 86], [""조리에"", 340, 27, 393], [""aellero"", 377, 30, 198], [""AERES"", 124, 50, 311], [""VALENCIANA"", 305, 254, 394], [""Paellero"", 242, 129, 424], [""L30408J04-2023"", 361, 262, 349], [""Carmencita"", 455, 168, 426], [""조리예"", 444, 112, 286], [""©"", 440, 103, 318], [""ANECNIIAA"", 333, 246, 214], [""ANNIIAA"", 410, 33, 208], [""Paellero"", 200, 26, 181], [""Carmencita"", 200, 28, 366], [""VALENCIANA"", 230, 33, 180], [""L30408J04-2023"", 277, 30, 229], [""@"", 312, 15, 390], [""조리에"", 340, 25, 393], [""Paellero"", 380, 38, 156], [""1"", 396, 9, 305], [""Paellero"", 200, 26, 181], [""Carmencita"", 200, 28, 366], [""VALENCIANA"", 230, 33, 180], [""L30408J04-2023"", 277, 30, 229], [""@"", 312, 15, 390], [""조리에"", 340, 25, 393], [""Paellero"", 380, 38, 156], [""1"", 396, 9, 305], [""Paellero\"""", 398, 51, 363], [""Carmencita"", 400, 48, 742], [""VALENCIANA"", 459, 60, 357], [""L3040804-2023"", 554, 48, 464], [""3"", 650, 31, 155], [""SDERES"", 643, 26, 193], [""조리예"", 680, 52, 787], [""T2S"", 684, 36, 156], [""ae"", 758, 35, 420], [""Pacllcro"", 200, 28, 179], [""VALENCIANA"", 230, 35, 177], [""Paellero"", 200, 31, 178], [""Carmencita"", 200, 25, 370], [""VALENCIANA"", 230, 33, 176], [""L30408J 04-2023"", 278, 27, 230], [""조리에"", 341, 28, 391]]"
002625,2021,06,02,2021-06-02,det5,롯데칠성음료 | THE WORLD'S NO.T | JUICE BRAND | opicana. | Pure Juice Orange 100% 2021.06 2引[100% 190 m 6叫 | 1: 22 | 8801056 170585,"[[""THE WORLD'S NO.T"", 168, 113, 582], [""롯데칠성음료"", 180, 41, 92], [""JUICE BRAND"", 238, 132, 584], [""opicana."", 372, 129, 132], [""2引[100% 190 m 6叫"", 350, 85, 710], [""2021.06"", 418, 34, 440], [""22"", 420, 39, 577], [""1:"", 442, 35, 459], [""Pure Juice Orange 100%"", 436, 61, 138], [""170585"", 473, 32, 856], [""8801056"", 486, 38, 743]]"
002629,NONE,NONE,NONE,NONE,fail,"sunflower leci sweetener: sucralose | D: Zutaten | SuBunas 0)0 icralose | 식품위생업에의한 한글표시사항 | (천연 기향0. 안 합 도 S T.07C 료(딸 수인원 향 원산지 원산지 원산지 제조회 제조회 제조회 식품 0.105%）） (knabt knabt nabl 05.2023 : r요 참연향료(딸기향), 합성향료(딸기향), 원재료명:밀가루,감자전분,비트뿌리 | www.knabbi.de www.knabbi.de www.knabbi.de www.kuechle.de www.kuechle.de www.kuechle.de D-89303 Gunzburg D-89303 Gunzburg D-89303 Ginzburg 9303GOnzbu Postfach1336 Postfach1336 Postfach1336 fach1336 (knabl 식품 제조회 “(() 원산지 () (%)6Z ( 과자류 내용량 sspapier stwberry) (%0)6wo 60 (%E)6Z ·과자류 과자류 spapier st 66  기향0. 기향0. 유동기 1일까지 알레르기 SO 법:월,년순) 바라기레시틴(유화제),수크랄로스(감 ·제조회 -뒷면표시된 식품 :밀함유·포장재질:폴리 (knabt 월의 (천연형 | (%0）60 0 W. u. H. Kuchle GmbH & Co. KG W. u. H. KOchle GmbH & Co.KG W. u. H. Küchle GmbH & Co. KG W. u. H. Kachle GmbH & Co. KG 60|x E> 18 (%0）60 （%0）60 ∞0 （%0)6wo H.KUt 내용량. 과자류 내용량 ：250 sspapier stwberry) sspapier st:swberry) wberry) D9482 ),합3 이과 T07C76 SuBunas SuBunas SuBunas D:Zutaten D: Zutaten D:Zutaten 영양정보 sunflower lecitk sunflower leci sunflower leritk 원산지 구입처및수 25g（85kcal) 전을 피해서늘한 뜻에보 | www.knabbi.de www.kuechle.de () D-89303Gunzburg 일 Postfach 1336 46 2 00 지방og(0%) 콜레스테롤 E: Ingredient:wheat four, starcin, 0mg（0%）号19.5g（6%） 트랜스지방 0g T.07C 기향0 당류 0g(0%) 포화지방 0g(0 수인위 원산지 제조회 식품 (knabl (천연 | o 05.2023 05.2023 05.2023 05.2023 05.2023 ( W.u. H. KUchle GmbH & Co. KG D9482 D9482 D9482 D9482 ㅇ유 유 유 식품워사 식품위새 icralose icralose cralose Omg(0%) （%）2000kcal 단백질2g(3%) 话16号 sspapier st:awberry) | 향 Postfach1336 410356001925282 () 41035600119252821 D-89303Gunzburg 4103560019252821 www.knabbi.de W. u. H. Küchle GmbH & Co. KG www.kuechle.de D-89303Gunzburg 2 Postfach1336 ((%9010% 80.105%）） #0.105%）） 0.105%）） 0.105%）） ( 실품위시업에의한글표시사항 에의 o 식품위업에의 nmehl, Starke, Rote-Bete-Saft-k sweetener: sucralose sweetener:sucralose sweetener: sucralose H.KuchlGmt 139 *()안의 수치는1일영양소기준치에대한비율임 기준이므로개인의 필요열량에따라다를수있습니다 号250 7qeuy) 25g 이과 SuBunas"" D:Zutaten sunflower lecith: 기향0. | ungns 1399 139 1399 1399 \+ www.knabbi.de www.kuechle.de 05.2023 Omg(0%) Omg(0%) Omg(0%) 콜레스테롤 콜레스테롤 콜레스테롤 지방og(0%) 지방og(0%) 지방og(0%) y표 영양정보 영양정보 W. u. H. Küchle GmbH & Co. KG 신을 경신을 피해 구입처및수 구인처및 수으 구입처및수 :월,년순) 1일까지 법:월,년순) 법:월,년순) 뒷면 표시된 유동기 뒷면표시된 5뒷면표시된 유통기 유통기한 D9482 -알레르기·밀함유포장재질폴리프 듣기 알레르기 PP 바라기레시틴(유화제),수크랄로스(감 새바라기레시틴(유화제),수크랄로스감! 바라기레 바라기에 1연향료(딸기향), 합성향료(딸기향), -연향료(딸기향),합성향료(딸기향), 연향료(딸기향), 합성향료(딸기향), 연향교(관기향) Sn ·원재료명:밀가루,감자전분,비트뿌리농 원재료명:밀가루,감자전분,비트뿌리농 원재료명:밀가루,감자전분,비트뿌리농 -원제료명:밀가무,감자전분 한글표시사항 업에의히한글표시사항 한글표시사항  --  , spungns eiroot juice concentrate,favouring,emulsifier. iroot juiceconcentrateflvouring, emulsifer:V ),합3료(딸 1향 Icralose. H.Kuchlmr 号·250 sspapier siswberry) SuBunas D: Zutaten sunflower lecitha | 25g 25g 25g 25g 25. 연 qeuy) *()안의 수치는 1일 영양소기준치에 대한 비율임 *()안의 수치는 1일영양소기준치에대한비율임 *()안의 수치는 1일 영양소기준치에대한비율임 (1안의 수치는 1일영양소기준체에대한테윤업 4 기준이므로개인의필요열량에따라다를수있습니 기준이으로개인의필요열량에 따라다를수있습니 （%）200kcal （%）2000kcal （%）2000kcal 단백질2g(3%) 단백질2g(3%) 단백질2g(3%) 트랜스지방 0g 트랜스지방 0g 트랜스지방 0g 포화지방 0g(C 포화지방 0gl( 포화지방0g(0 0mg(0%）量195g(6%寸弄0g(0%） 0mg(0%）号19.5g(6%）弄0g（0%） 0mg（0%）号195g(6%）0g（0%） 25g（85kcal 25g（85kcal） 411o356001925282 피해 한곳에보 월의 궁월의 월의 ·밀함유·포장재질폴리 보:밀함유-포장재질폴리프 시틴(유화제),수크랄로스(감 U onzentrat, Aroma, Emulgator:Lecithine, 0.105%）） 실품위생업에의호한글표시사항 i.sweetener:sucralose Irdientwruiccnceevurmalsifer: 합료(딸 | 05.2023 D9482 반. cralose | 139 *()안의 수치는 1일 영양소 기준치에 대한 비율임 0 기준이으로 개인의 필요열량에따라다를수있습 （%）2000ca Omg(0%) 단백질2g(3%) 35600 콜레스테롤 지방0g(0%) 트랜스지방 0g ""ly: 0mg（0%）号19.5g（6%）0g（0%） 25g（85kcal） 2528 격사광신을 피해 서늘한 곳에 보 구입처및수0 1일까지( 법:월,년순) 두뒷면 표시된당월의 ·유통기호 알레르기ㅂ·밀함유·포장재질:폴리프로벌렌 새바라기레시틴(유화제),수크랄로스(감) *연향료(딸기향),합성향료(딸기향), ·원재료명:밀가루,감자전분,비트뿌리농 반 mSt,Re-B-Sa-zn,m,., 0.105%）） 식품위생업에의히한글표시사항 sweetener:sucralose :Ingredien:wurstrcertuiceconcentrateurin,musifer: | 25g 포화지방 0g(0 Omg(0%) 콜레스테롤 지방0g(0%) 25g（85kcal） 및 1일까지 유통기 알레르기 연향료(딸기향),합성향료(딸기향), ·원재료명:밀가루,감자전분,비트뿌리농 mehI,Starke, Rote-Bete-Saft-Kanzentrat, Aroma,mulgator:Lecithine, | *()안의 수치는 1일영양소기준치에 대한비율임 기준이므로개인의필요열량에따라다를수있습니 %）2000cal 단백질2g(3%) 트랜스지방 0g 0mg（0%）19.5g（6%）0g（0%） 경신을 피해 서늘한 꽃에 보” 구입처및수 법:월,년순) 궁월의 -뒷면표시된 :밀함유·포장재질:폴리프 바라기레시틴(유화제),수크랄로스(감) | 25 g 포화지방0g(0","[[""원산지"", 192, 50, 432], [""제조회"", 191, 48, 458], [""D-89303 Gunzburg"", 253, 134, 151], [""W. u. H. Küchle GmbH & Co. KG"", 295, 218, 186], [""www.knabbi.de"", 244, 113, 118], [""www.kuechle.de"", 248, 118, 137], [""Postfach1336"", 242, 110, 170], [""과자류"", 274, 58, 480], [""spapier st"", 278, 73, 498], [""기향0."", 272, 51, 523], [""SuBunas"", 318, 68, 602], [""sunflower leci"", 333, 102, 637], [""내용량."", 339, 76, 473], [""wberry)"", 351, 64, 497], [""식품위새"", 450, 90, 568], [""nmehl, Starke, Rote-Bete-Saft-k"", 516, 213, 612], [""sweetener: sucralose"", 484, 162, 633], [""05.2023"", 432, 27, 134], [""D9482"", 432, 32, 270], [""ㅇ유"", 426, 22, 545], [""80.105%））"", 501, 74, 520], [""에의"", 532, 55, 568], [""41035600119252821"", 558, 23, 146], [""유통기"", 608, 49, 459], [""알레르기"", 615, 64, 480], [""원재료명:밀가루,감자전분,비트뿌리농"", 704, 252, 531], [""한글표시사항"", 633, 118, 563], [""바라기레시틴(유화제),수크랄로스(감"", 709, 244, 492], [""연향료(딸기향), 합성향료(딸기향),"", 699, 230, 511], [""1399"", 714, 203, 179], [""*()안의 수치는 1일 영양소기준치에대한비율임"", 740, 259, 199], [""（%）2000kcal"", 735, 254, 249], [""콜레스테롤"", 644, 69, 293], [""지방og(0%)"", 644, 67, 317], [""0mg(0%）号19.5g(6%）弄0g（0%）"", 736, 258, 336], [""영양정보"", 638, 60, 367], [""onzentrat, Aroma, Emulgator:Lecithine,"", 737, 238, 596], [""보:밀함유-포장재질폴리프"", 741, 190, 474], [""법:월,년순)"", 704, 80, 435], [""25g（85kcal）"", 735, 122, 365], [""경신을 피해"", 718, 88, 397], [""뒷면표시된"", 710, 83, 456], [""단백질2g(3%)"", 738, 81, 276], [""트랜스지방 0g"", 741, 89, 317], [""한곳에보"", 824, 75, 400], [""포화지방0g(0"", 832, 79, 322], [""25g"", 847, 84, 142], [""T.07C"", 190, 39, 392], [""knabt"", 187, 38, 499], [""r요"", 186, 16, 525], [""D: Zutaten"", 330, 96, 618], [""icralose"", 440, 62, 603], [""iroot juiceconcentrateflvouring, emulsifer:V"", 675, 324, 626], [""o"", 560, 16, 577], [""Omg(0%)"", 638, 59, 275], [""구입처및수"", 714, 83, 419], [""월의"", 794, 32, 459], [""원산지"", 190, 55, 428], [""제조회"", 190, 55, 453], [""(knabt"", 187, 40, 499], [""www.knabbi.de"", 244, 119, 115], [""www.kuechle.de"", 247, 126, 132], [""D-89303 Gunzburg"", 252, 134, 151], [""Postfach1336"", 239, 110, 167], [""W. u. H. Kuchle GmbH & Co. KG"", 293, 218, 183], [""과자류 내용량"", 302, 134, 475], [""sspapier stwberry)"", 309, 146, 497], [""SuBunas"", 316, 73, 598], [""D:Zutaten"", 327, 95, 614], [""sunflower lecitk"", 336, 116, 633], [""E>"", 337, 60, 239], [""식품워사"", 449, 96, 564], [""05.2023"", 432, 33, 130], [""D9482"", 431, 40, 266], [""icralose"", 438, 61, 601], ["" --"", 632, 449, 593], [""유"", 425, 14, 549], [""sweetener: sucralose"", 488, 149, 632], [""#0.105%））"", 504, 78, 518], [""업에의히한글표시사항"", 593, 196, 557], [""410356001925282"", 557, 26, 146], [""2"", 558, 11, 330], [""유동기"", 606, 49, 454], [""원재료명:밀가루,감자전분,비트뿌리농"", 702, 253, 529], [""바라기레"", 623, 68, 498], [""1연향료(딸기향), 합성향료(딸기향),"", 698, 223, 509], [""1399"", 713, 208, 175], [""*()안의 수치는 1일영양소기준치에대한비율임"", 740, 261, 196], [""기준이므로개인의필요열량에따라다를수있습니"", 742, 265, 230], [""（%）2000kcal"", 736, 253, 247], [""Omg(0%)"", 636, 51, 274], [""콜레스테롤"", 643, 71, 288], [""지방og(0%)"", 646, 79, 311], [""0mg(0%）量195g(6%寸弄0g(0%）"", 737, 262, 334], [""시틴(유화제),수크랄로스(감"", 741, 176, 488], [""구입처및수"", 714, 86, 416], ["":월,년순)"", 712, 69, 434], [""뒷면 표시된"", 714, 91, 453], [""·밀함유·포장재질폴리"", 749, 160, 472], [""단백질2g(3%)"", 738, 78, 276], [""트랜스지방 0g"", 740, 86, 319], [""월의"", 794, 35, 456], [""25g"", 846, 90, 138], [""포화지방 0g(C"", 832, 80, 318], [""05.2023"", 182, 105, 511], [""도"", 191, 10, 396], [""S"", 204, 8, 397], [""(%)6Z"", 287, 23, 184], [""(%0)6wo"", 283, 23, 298], [""D9482"", 310, 80, 513], [""SO"", 274, 11, 614], [""60|x"", 329, 20, 182], [""(%0）60"", 326, 21, 285], [""∞0"", 325, 14, 396], [""(%0）60"", 354, 20, 98], [""()"", 378, 19, 170], [""话16号"", 424, 24, 740], [""("", 447, 24, 216], [""()"", 507, 31, 133], [""7qeuy)"", 510, 25, 750], [""((%9010%"", 531, 23, 419], [""("", 533, 26, 515], [""y표"", 578, 33, 272], [""spungns"", 614, 26, 610], [""sunflower leci"", 73, 23, 282], [""sweetener: sucralose"", 77, 23, 417], [""D: Zutaten"", 90, 24, 283], [""SuBunas"", 106, 19, 285], [""icralose"", 110, 19, 406], [""식품위생업에의한"", 138, 33, 407], [""한글표시사항"", 142, 32, 573], [""향"", 167, 22, 414], [""원재료명:밀가루,감자전분,비트뿌리"", 172, 31, 580], [""(천연"", 186, 35, 159], [""기향0."", 186, 21, 246], [""합"", 189, 18, 353], [""료(딸"", 186, 21, 401], [""0.105%））"", 189, 25, 457], [""참연향료(딸기향), 합성향료(딸기향),"", 193, 32, 578], [""(knabl"", 210, 24, 165], [""sspapier stwberry)"", 212, 22, 235], [""바라기레시틴(유화제),수크랄로스(감"", 213, 29, 590], [""식품"", 231, 26, 167], [""과자류 내용량"", 230, 20, 247], [""알레르기"", 232, 25, 582], ["":밀함유·포장재질:폴리"", 234, 28, 675], [""제조회"", 253, 27, 165], [""유동기"", 253, 24, 580], [""-뒷면표시된"", 252, 26, 672], [""월의"", 254, 18, 772], [""원산지"", 276, 22, 169], [""1일까지"", 274, 21, 579], [""법:월,년순)"", 273, 26, 667], [""구입처및수"", 292, 19, 675], [""전을 피해서늘한 뜻에보"", 312, 26, 693], [""0"", 320, 12, 174], [""영양정보"", 345, 20, 610], [""25g（85kcal)"", 344, 16, 675], [""0mg（0%）号19.5g（6%）"", 368, 25, 607], [""당류 0g(0%)"", 365, 20, 795], [""2"", 382, 13, 551], [""지방og(0%)"", 395, 25, 609], [""트랜스지방 0g"", 391, 23, 698], [""포화지방 0g(0"", 388, 24, 795], [""46"", 414, 33, 422], [""00"", 396, 17, 550], [""콜레스테롤"", 418, 26, 608], [""Omg(0%)"", 437, 23, 606], [""단백질2g(3%)"", 432, 19, 701], [""（%）2000kcal"", 456, 32, 609], [""기준이므로개인의 필요열량에따라다를수있습니다"", 472, 34, 610], [""*()안의 수치는1일영양소기준치에대한비율임"", 503, 36, 612], [""W. u. H. Küchle GmbH & Co. KG"", 518, 34, 186], [""139"", 525, 34, 615], [""Postfach1336"", 538, 28, 187], [""25g"", 549, 49, 805], [""D-89303Gunzburg"", 555, 30, 186], [""www.kuechle.de"", 572, 26, 188], [""www.knabbi.de"", 590, 22, 189], [""0)0"", 128, 83, 375], [""()"", 253, 246, 196], [""“(()"", 258, 233, 177], [""66 "", 242, 207, 507], [""안"", 164, 16, 306], [""60"", 222, 84, 382], [""(%E)6Z"", 224, 83, 424], [""("", 254, 80, 262], [""（%0）60"", 317, 64, 385], [""（%0)6wo"", 320, 55, 429], [""일"", 368, 21, 266], [""o"", 428, 81, 123], [""향"", 536, 23, 158], [""ungns"", 650, 49, 99], [""\\+"", 686, 62, 221], [""qeuy)"", 773, 44, 202], [""연"", 781, 28, 178], [""수인원"", 200, 51, 417], [""원산지"", 192, 49, 435], [""제조회"", 191, 51, 454], [""식품"", 191, 44, 479], [""D-89303 Ginzburg"", 253, 132, 152], [""W. u. H. KOchle GmbH & Co.KG"", 295, 218, 186], [""nabl"", 190, 25, 503], [""Postfach1336"", 242, 110, 167], ["":"", 184, 8, 529], [""www.knabbi.de"", 245, 112, 119], [""www.kuechle.de"", 248, 118, 137], [""·과자류"", 272, 73, 480], [""sspapier st:swberry)"", 311, 148, 498], [""기향0."", 272, 57, 522], [""H.KUt"", 299, 44, 458], [""SuBunas"", 318, 69, 602], [""D:Zutaten"", 326, 86, 620], [""sunflower leritk"", 342, 119, 638], [""E: Ingredient:wheat four, starcin,"", 399, 238, 647], [""：250"", 350, 95, 478], [""18"", 340, 19, 257], [""),합3"", 358, 71, 517], [""이과"", 349, 36, 547], [""실품위시업에의한글표시사항"", 546, 297, 559], [""D9482"", 432, 34, 269], [""cralose"", 443, 62, 605], ["" ,"", 632, 453, 593], [""sweetener:sucralose"", 487, 161, 632], [""05.2023"", 432, 27, 133], [""유"", 426, 21, 547], [""0.105%））"", 509, 62, 519], [""eiroot juice concentrate,favouring,emulsifier."", 673, 296, 626], [""4103560019252821"", 558, 23, 147], [""1일까지"", 608, 49, 439], [""유통기한"", 612, 58, 459], [""-알레르기·밀함유포장재질폴리프"", 724, 289, 472], [""새바라기레시틴(유화제),수크랄로스감!"", 709, 252, 492], [""-연향료(딸기향),합성향료(딸기향),"", 696, 236, 511], [""·원재료명:밀가루,감자전분,비트뿌리농"", 706, 257, 529], [""139"", 715, 206, 177], [""*()안의 수치는 1일 영양소기준치에 대한 비율임"", 740, 259, 197], [""기준이으로개인의필요열량에 따라다를수있습니"", 742, 268, 230], [""（%）200kcal"", 736, 253, 248], [""Omg(0%)"", 640, 63, 274], [""콜레스테롤"", 643, 71, 291], [""지방og(0%)"", 644, 68, 316], [""0mg（0%）号195g(6%）0g（0%）"", 735, 256, 337], [""영양정보"", 638, 59, 366], [""25g（85kcal"", 734, 127, 364], [""법:월,년순)"", 705, 82, 435], [""5뒷면표시된"", 708, 91, 456], [""구인처및 수으"", 718, 91, 414], [""신을"", 710, 33, 400], [""단백질2g(3%)"", 738, 82, 276], [""트랜스지방 0g"", 740, 83, 320], [""피해"", 742, 31, 399], [""궁월의"", 789, 42, 459], [""25g"", 846, 85, 142], [""포화지방 0gl("", 831, 72, 322], [""U"", 847, 14, 499], [""원산지"", 294, 83, 657], [""·제조회"", 292, 82, 692], [""식품"", 285, 64, 727], [""(knabt"", 288, 71, 760], [""(천연형"", 281, 69, 793], [""T07C76"", 294, 71, 599], [""www.knabbi.de"", 372, 172, 182], [""www.kuechle.de"", 376, 180, 208], [""D-89303Gunzburg"", 384, 200, 230], [""Postfach 1336"", 366, 159, 257], [""W.u. H. KUchle GmbH & Co. KG"", 448, 325, 284], [""号250"", 478, 247, 731], [""sspapier st:awberry)"", 464, 227, 760], [""기향0"", 406, 83, 796], [""H.KuchlGmt"", 499, 166, 694], [""SuBunas\"""", 485, 108, 917], [""D:Zutaten"", 494, 125, 944], [""sunflower lecith:"", 523, 186, 970], [""Irdientwruiccnceevurmalsifer:"", 836, 826, 955], [""),합3료(딸"", 586, 186, 793], [""이과"", 535, 82, 828], [""1향"", 642, 53, 828], [""실품위생업에의호한글표시사항"", 831, 442, 852], [""mSt,Re-B-Sa-zn,m,.,"", 958, 689, 906], [""Icralose."", 670, 90, 918], [""i.sweetener:sucralose"", 742, 238, 965], [""05.2023"", 657, 40, 204], [""D9482"", 657, 45, 411], [""0.105%））"", 753, 130, 790], [""4"", 852, 14, 230], [""411o356001925282"", 850, 29, 232], [""1일까지("", 924, 83, 664], [""·유통기호"", 929, 94, 694], [""*연향료(딸기향),합성향료(딸기향),"", 1056, 353, 779], [""·원재료명:밀가루,감자전분,비트뿌리농"", 1072, 391, 809], [""반."", 903, 30, 642], [""알레르기ㅂ·밀함유·포장재질:폴리프로벌렌"", 1108, 445, 721], [""새바라기레시틴(유화제),수크랄로스(감)"", 1079, 380, 750], [""기준이으로 개인의 필요열량에따라다를수있습"", 1126, 399, 352], [""（%）2000ca"", 1119, 385, 379], [""Omg(0%)"", 968, 82, 416], [""콜레스테롤"", 977, 102, 442], [""지방0g(0%)"", 975, 100, 481], [""0mg（0%）号19.5g（6%）0g（0%）"", 1118, 390, 515], [""25g（85kcal）"", 1066, 284, 556], [""139"", 1087, 304, 272], [""*()안의 수치는 1일 영양소 기준치에 대한 비율임"", 1126, 387, 304], [""격사광신을 피해 서늘한 곳에 보"", 1149, 318, 599], [""법:월,년순)"", 1075, 133, 664], [""두뒷면 표시된당월의"", 1122, 223, 694], [""구입처및수0"", 1092, 140, 637], [""단백질2g(3%)"", 1121, 114, 424], [""트랜스지방 0g"", 1124, 124, 486], [""포화지방 0g(0"", 1267, 116, 488], [""25g"", 1287, 124, 218], [""원산지"", 385, 98, 867], [""제조회"", 383, 96, 914], [""식품"", 376, 78, 959], [""(knabl"", 371, 74, 999], [""(천연"", 364, 73, 1040], [""T.07C"", 373, 62, 787], [""수인위"", 406, 144, 820], [""www.knabbi.de"", 490, 218, 243], [""www.kuechle.de"", 495, 232, 276], [""D-89303Gunzburg"", 504, 259, 306], [""Postfach1336"", 481, 210, 339], [""W. u. H. Küchle GmbH & Co. KG"", 588, 424, 373], [""sspapier siswberry)"", 616, 296, 998], [""号·250"", 640, 320, 951], [""기향0."", 539, 112, 1045], [""H.Kuchlmr"", 666, 223, 915], ["":Ingredien:wurstrcertuiceconcentrateurin,musifer:"", 1108, 1098, 1255], [""SuBunas"", 638, 131, 1210], [""D: Zutaten"", 654, 169, 1241], [""sunflower lecitha"", 689, 238, 1276], [""PP"", 676, 31, 494], [""Sn"", 676, 39, 528], [""합료(딸"", 804, 190, 1045], [""식품위생업에의히한글표시사항"", 1096, 568, 1124], [""cralose"", 880, 110, 1206], [""mehI,Starke, Rote-Bete-Saft-Kanzentrat, Aroma,mulgator:Lecithine,"", 1264, 894, 1194], [""sweetener:sucralose"", 973, 310, 1271], [""05.2023"", 862, 53, 267], [""D9482"", 864, 55, 544], [""0.105%））"", 991, 174, 1041], [""0"", 1120, 25, 341], [""35600"", 1118, 31, 369], [""\""ly:"", 1116, 21, 510], [""2528"", 1117, 24, 551], [""1일까지"", 1212, 106, 871], [""유통기"", 1213, 102, 916], [""·원재료명:밀가루,감자전분,비트뿌리농"", 1410, 505, 1066], [""반"", 1185, 30, 847], [""알레르기"", 1232, 131, 960], [""바라기레시틴(유화제),수크랄로스(감)"", 1426, 475, 991], [""연향료(딸기향),합성향료(딸기향),"", 1410, 452, 1026], [""기준이므로개인의필요열량에따라다를수있습니"", 1487, 530, 467], [""%）2000cal"", 1474, 505, 502], [""Omg(0%)"", 1274, 105, 548], [""콜레스테롤"", 1286, 131, 586], [""지방0g(0%)"", 1285, 124, 633], [""0mg（0%）19.5g（6%）0g（0%）"", 1472, 509, 680], [""25g（85kcal）"", 1400, 363, 734], [""*()안의 수치는 1일영양소기준치에 대한비율임"", 1480, 507, 400], [""및"", 1246, 29, 851], [""구입처및수"", 1422, 175, 840], [""법:월,년순)"", 1414, 167, 872], [""-뒷면표시된"", 1425, 162, 914], ["":밀함유·포장재질:폴리프"", 1507, 336, 951], [""경신을 피해 서늘한 꽃에 보”"", 1533, 362, 792], [""단백질2g(3%)"", 1476, 147, 559], [""트랜스지방 0g"", 1479, 162, 642], [""궁월의"", 1582, 81, 913], [""포화지방0g(0"", 1670, 153, 644], [""25 g"", 1694, 159, 294], [""05.2023"", 431, 26, 136], [""25."", 842, 65, 153], [""W. u. H. Kachle GmbH & Co. KG"", 296, 215, 186], [""9303GOnzbu"", 258, 86, 158], [""fach1336"", 254, 71, 175], [""05.2023"", 432, 27, 134], [""0.105%））"", 503, 66, 521], [""-원제료명:밀가무,감자전분"", 668, 179, 533], [""한글표시사항"", 632, 114, 564], [""바라기에"", 622, 55, 503], [""연향교(관기향)"", 644, 101, 518], [""1399"", 716, 199, 180], [""(1안의 수치는 1일영양소기준체에대한테윤업"", 742, 246, 202], [""듣기"", 627, 30, 483], [""D9482"", 431, 34, 270], [""식품위업에의"", 489, 168, 567], [""25g"", 846, 84, 142]]"
002630,2023,12,09,2023-12-09,rot180,091223 | epraupanyM epigqeuyMMw,"[[""091223"", 353, 24, 414], [""epraupanyM"", 476, 80, 483], [""epigqeuyMMw"", 477, 73, 501]]"
002638,2022,11,01,2022-11-01,s2,To08 | SOUR CUMM CANDY ace | tspacoeokr | 트 리사우어구미 괜디 우공기한-BEST BEFORE | 88100g(325kcam） | Tol GmbH 2022.11.01 | 내이스(주)서울시 강남구봉은사로 E1）T（02）2176-0324 영양정보 용량 325kcal | 8人636.2 총내용량당 | 나트B0mg | 贴餐779 | 당류 49g 0% | 지방0g | 트랜스지방 Og | NEROERE 포화지방0g | 단백질4.2g 스Omg 8% | 41 | WAIR MOCOIED,"[[""To08"", 216, 64, 28], [""CUMM CANDY"", 265, 43, 28], [""88100g(325kcam）"", 311, 26, 122], [""내이스(주)서울시 강남구봉은사로"", 350, 27, 59], [""8人636.2"", 377, 30, 55], [""贴餐779"", 423, 24, 317], [""SOUR"", 255, 27, 31], [""ace"", 264, 14, 478], [""트 리사우어구미 괜디"", 296, 25, 54], [""tspacoeokr"", 281, 16, 376], [""우공기한-BEST BEFORE"", 304, 20, 316], [""Tol GmbH"", 326, 22, 147], [""2022.11.01"", 338, 17, 364], [""E1）T（02）2176-0324"", 362, 23, 71], [""영양정보"", 372, 18, 314], [""용량"", 374, 15, 423], [""325kcal"", 372, 11, 477], [""총내용량당"", 394, 21, 320], [""나트B0mg"", 409, 22, 317], [""당류 49g"", 438, 21, 323], [""지방0g"", 450, 21, 317], [""0%"", 446, 19, 494], [""NEROERE"", 469, 29, 66], [""트랜스지방 Og"", 464, 22, 323], [""포화지방0g"", 477, 22, 323], [""스Omg"", 490, 22, 318], [""단백질4.2g"", 501, 24, 316], [""8%"", 500, 16, 502], [""41"", 522, 6, 360], [""WAIR MOCOIED"", 574, 16, 447]]"
002643,2032,06,09,2032-06-09,hires,"영양정보 | ICeuvprturel. Ingredients:cocoa | INBEH Nährwerte/Nutritional value a1oo g CDl Zarubiter Schakotade WKvertirel. Zucker,Kalaaautter,Emulgatar: Leci | Brennwert/Energy2190kJ/526kcal Kalkao: 55Yemindestens Kann Bestandte | 95 Fett/Fat dav. gesattigte Fettsauren/Saturated Fat 20,5 9Mindestens halthar bis Ende: Stehe 32,6 9 Milch und Guten enthaliten. Kuhl und t | Chocolare Kohlenhydrate /Carbohydrates 46.8 g Kuvertireschmelzenundtemperieren | H&Co.KG davon Zucker/from sugar 41.99 und im Wassertad bei schwacher Hit achten, dass moclichst kein Wasser i | kolade.de Germany Eiweiss/Protein 6.3g einen schanen GlanzZla der Kuvertiu | tweight: Salz / Salt 0,01g bei schwatiner Hitze unter Rihren | Kuverture durch Unterruhren des l | 11:2022 L10452 3 Leichtauf ehwa30-32°Ceirwairmen abkuhlen.lassen. Dann die Kuver","[[""영양정보"", 108, 24, 711], [""ICeuvprturel. Ingredients:cocoa"", 123, 38, 138], [""CDl Zarubiter Schakotade WKvertirel."", 325, 31, 928], [""INBEH"", 341, 30, 9], [""Nährwerte/Nutritional value a1oo g"", 333, 34, 419], [""Zucker,Kalaaautter,Emulgatar: Leci"", 346, 28, 935], [""95"", 392, 85, 15], [""Brennwert/Energy2190kJ/526kcal"", 362, 41, 412], [""Kalkao: 55Yemindestens Kann Bestandte"", 367, 32, 938], [""Fett/Fat"", 392, 33, 409], [""32,6 9"", 386, 33, 844], [""Milch und Guten enthaliten. Kuhl und t"", 389, 32, 937], [""dav. gesattigte Fettsauren/Saturated Fat 20,5 9Mindestens halthar bis Ende: Stehe"", 410, 47, 404], [""Chocolare"", 441, 26, 1], [""46.8 g"", 437, 26, 845], [""Kuvertireschmelzenundtemperieren"", 433, 30, 948], [""Kohlenhydrate /Carbohydrates"", 441, 29, 407], [""41.99"", 462, 31, 851], [""und im Wassertad bei schwacher Hit"", 454, 33, 951], [""H&Co.KG"", 468, 33, 0], [""davon Zucker/from sugar"", 465, 26, 403], [""achten, dass moclichst kein Wasser i"", 478, 38, 952], [""Germany"", 491, 36, 1], [""Eiweiss/Protein"", 494, 33, 397], [""6.3g"", 491, 36, 867], [""kolade.de"", 511, 32, 0], [""einen schanen GlanzZla der Kuvertiu"", 502, 37, 956], [""Salz / Salt"", 528, 31, 391], [""0,01g"", 524, 30, 859], [""tweight:"", 540, 38, 0], [""bei schwatiner Hitze unter Rihren"", 526, 32, 959], [""Kuverture durch Unterruhren des l"", 550, 33, 967], [""abkuhlen.lassen. Dann die Kuver"", 577, 37, 968], [""11:2022 L10452 3"", 598, 43, 568], [""Leichtauf ehwa30-32°Ceirwairmen"", 604, 39, 968]]"
002644,2032,06,09,2032-06-09,fail,"veight: &CO. KG 99 | ICoprtsrel.Iepred | 8'97 67 6100 4084 Nahrwerte/Nutritional value100g Nahrwerte/Nutritional value100g Nahrwerte/Nutritional value 100g Nahrwerte/Nutritional value100g ter Schskelat | Brennwert/Energy2190kJ/526kcal Brennwert/Energy2190kJ/526kcal Brennwert/Energy 2190kJ/526kcal Brennwert/Energy 2190kJ/526kcal 3032 Kakas: (akat: | 95 95 95 95 95 Fett/Fat Fett/Fat Fett/Fat Fett/Fat Salz/ Salt .ge /Srt at20. davgsatieFettsurenaturatedFa day.gesttigteFesurenSaturatedFat20 day.gesttigteFesurenSaturatedFat20 Fett/Fat 32,69 32.69 32,6 9 32,6 9 | Croteite Croteite e75017778711 Kohlenhydrate / Carbohydrates Kohlenhydrate/Carbohydrates46.8g Kohlenhydrate/Carbohydrates46.8g Kohlenhydrate/Carbohydrates 46.8g rates 6.0 46,89 uvert Kuverturesc 30 | H& CO.KG H& Co. KG H& Co. KG H&CO.KG davon Zucker /from sugar davon Zucker /from sugar davon Zucker /from sugar davon Zucker /from sugar Eiweiss /Protein 4.9 41.9g 41.99 41.99 41.99 und im und im Wasserbad und im Wassertad und im Wassertad | erma Germany Germany Germany Germany Eiweiss /Protein Eiweiss/Protein Eiweiss/Protein Eiweiss/Protein 6.3g 63g 6.39 6.39 6.39 achten, achten, dass m achten, dass m achten, dass m einen sthicen Glanz:? einen schicen Glanz:2 einenschien Ganz:2lade k einenschien Ganz:2lade k | tweight: weight: weight: weight: Holade.de kolade.de kolade.de kolade.de 610'0 80 x Salz/Salt Salz/ Salt Salz/Salt Salz/Salt ne/zie 0 0,01 0.01g 0,01gbei schwacher H 0,01gbei schwacherHitze unter Ru 0,01gbei schwacherHitze unter Ru bel schwacher Hitze u Htce | A-OE OE 6E'9 6612 11.2822L10452 11.282 L10452 a 11.282 L10452 a 11.202 1052 11.2822L10452 121845 ∞ Nahrwerte/ Nutritional value100g uvert Leichtaufehaa30-32ec Kuvertire durch Unterrutren Kuvertire durch Ueterrunren Kuvertire durch Ueterrunren Leicht aufeha 30-32Cenwan Lleichtaf332°e Lleichtaf332°e n.lassen.Dann de n.lassen.Dann de ep'apepos Dann die Nahrwerte/Nutritional value100g OlZartemar Scikotate | 6897 Zucker, Halkantutter,Ermal | 6928 . caa/. G6 Brennwert/Energy 2190kJ/526kcal Kakao: 55%m Esters. Kann Be | 95 18202 /8240) 0 E 0,01g 0 6.39 Fett /Fat 32,69 Mich und Cen enthalen Koh | dav.gesattigteFettsauren/SaturatedFat20 Mindestens halbar bis Ende: | bei sche A5tEOS Kohlenhydrate/Carbohydrates46.8g und im Wassertbad bi sth Kuvertireschmelaenunt tam | H&CO.KG davon Zucker/from sugar 41,99 | Germany ap'apel Eiweiss/Protein 6.39 achten, dass migichst kein Wa einenschinen Glanz:2/3 dar Ku | kolade.de | tweight: Salz/Salt 0,01g bei scheacher Hitze unter Ri | Kuvertire turch Ucterruhren | abkislen-lassen, Oann die | AADE 11.2822L10452 leichtaufehaa30-32Cerwa","[[""95"", 220, 59, 32], [""Brennwert/Energy 2190kJ/526kcal"", 215, 33, 228], [""davgsatieFettsurenaturatedFa"", 246, 31, 223], [""H& CO.KG"", 268, 29, 21], [""Kohlenhydrate / Carbohydrates"", 266, 31, 221], [""davon Zucker /from sugar"", 278, 29, 219], [""41.99"", 285, 26, 439], [""Eiweiss/Protein"", 297, 28, 217], [""6.39"", 306, 29, 443], [""tweight:"", 314, 24, 21], [""Salz/ Salt"", 316, 28, 212], [""0,01gbei schwacher H"", 331, 35, 439], [""11.2822L10452"", 369, 38, 295], [""Leicht aufeha 30-32Cenwan"", 385, 31, 492], [""Nahrwerte/Nutritional value 100g"", 196, 31, 232], [""Fett/Fat"", 230, 18, 229], [""32,69"", 236, 20, 438], [""Kakas:"", 227, 14, 488], [""46,89"", 269, 20, 435], [""Germany"", 282, 25, 24], [""Kuverturesc"", 272, 11, 492], [""kolade.de"", 295, 25, 21], [""und im Wasserbad"", 286, 17, 490], [""x"", 302, 10, 193], [""achten, dass m"", 302, 15, 491], [""einen schicen Glanz:2"", 318, 15, 492], [""Htce"", 334, 13, 567], [""OE"", 356, 18, 78], [""Kuvertire durch Unterrutren"", 350, 23, 494], [""Dann die"", 369, 22, 582], [""Nahrwerte/Nutritional value100g"", 195, 30, 231], [""95"", 219, 58, 30], [""Brennwert/Energy 2190kJ/526kcal"", 214, 33, 227], [""ter Schskelat"", 202, 15, 531], ["".ge /Srt at20."", 244, 41, 218], [""Fett/Fat"", 228, 24, 224], [""32.69"", 237, 22, 437], [""(akat:"", 228, 15, 490], [""H&CO.KG"", 266, 31, 21], [""Kohlenhydrate/Carbohydrates 46.8g"", 266, 35, 219], [""Germany"", 282, 26, 23], [""davon Zucker /from sugar"", 278, 31, 217], [""41.9g"", 284, 26, 437], [""uvert"", 271, 10, 495], [""Holade.de"", 295, 27, 19], [""80"", 305, 56, 184], [""Eiweiss /Protein"", 296, 30, 214], [""und im"", 285, 16, 490], [""weight:"", 314, 30, 20], [""6.3g"", 305, 30, 442], [""Salz/Salt"", 315, 30, 208], [""achten,"", 302, 15, 490], [""0.01g"", 326, 26, 439], [""einen sthicen Glanz:?"", 316, 17, 490], [""A-OE"", 352, 55, 46], [""bel schwacher Hitze u"", 332, 24, 489], [""121845"", 368, 43, 292], [""uvert"", 348, 12, 499], [""Leichtaufehaa30-32ec"", 382, 27, 492], [""veight:"", 52, 45, 317], [""&CO. KG"", 60, 60, 357], [""99"", 62, 53, 391], [""4084"", 198, 32, 296], [""3032"", 210, 32, 369], [""Salz/ Salt"", 252, 84, 309], [""Eiweiss /Protein"", 278, 127, 327], [""Fett/Fat"", 258, 65, 400], [""Nahrwerte/ Nutritional value100g"", 356, 247, 428], [""11.2822L10452"", 351, 110, 252], [""."", 408, 10, 258], [""0,01g"", 464, 47, 302], [""6.39"", 463, 46, 325], [""bei sche"", 514, 43, 301], [""A5tEOS"", 528, 32, 380], [""6100"", 177, 48, 316], [""8'97"", 186, 39, 263], [""67"", 183, 30, 278], [""0"", 430, 14, 238], [""E"", 433, 12, 253], [""0"", 444, 13, 308], [""ap'apel"", 582, 42, 287], [""e75017778711"", 271, 37, 223], [""30"", 284, 26, 536], [""610'0"", 313, 22, 153], [""ne/zie"", 324, 25, 352], [""0"", 320, 21, 437], [""6E'9"", 334, 27, 153], [""∞"", 338, 16, 433], [""ep'apepos"", 344, 25, 558], [""6612"", 355, 22, 156], [""6897"", 370, 21, 156], [""6928"", 404, 21, 157], [""caa/."", 412, 17, 356], [""G6"", 423, 48, 550], [""18202"", 426, 12, 119], [""/8240)"", 440, 12, 115], [""95"", 218, 57, 29], [""Nahrwerte/Nutritional value100g"", 196, 31, 232], [""Brennwert/Energy2190kJ/526kcal"", 216, 32, 228], [""day.gesttigteFesurenSaturatedFat20"", 247, 32, 222], [""Fett/Fat"", 230, 17, 229], [""32,6 9"", 238, 15, 440], [""Croteite"", 249, 17, 26], [""H& Co. KG"", 268, 28, 22], [""Kohlenhydrate/Carbohydrates46.8g"", 266, 33, 221], [""Germany"", 282, 25, 24], [""davon Zucker /from sugar"", 280, 29, 219], [""41.99"", 285, 22, 440], [""kolade.de"", 295, 25, 21], [""Eiweiss/Protein"", 297, 28, 217], [""und im Wassertad"", 286, 16, 490], [""weight:"", 313, 24, 23], [""6.39"", 306, 24, 445], [""achten, dass m"", 302, 19, 489], [""Salz/Salt"", 316, 28, 212], [""einenschien Ganz:2lade k"", 318, 21, 491], [""0,01gbei schwacherHitze unter Ru"", 332, 37, 439], [""11.282 L10452 a"", 368, 40, 289], [""Kuvertire durch Ueterrunren"", 350, 23, 495], [""n.lassen.Dann de"", 368, 23, 536], [""Lleichtaf332°e"", 385, 34, 493], [""95"", 218, 57, 29], [""Nahrwerte/Nutritional value100g"", 196, 31, 232], [""Brennwert/Energy2190kJ/526kcal"", 216, 32, 228], [""day.gesttigteFesurenSaturatedFat20"", 247, 32, 222], [""Fett/Fat"", 230, 17, 229], [""32,6 9"", 238, 15, 440], [""Croteite"", 249, 17, 26], [""H& Co. KG"", 268, 28, 22], [""Kohlenhydrate/Carbohydrates46.8g"", 266, 33, 221], [""Germany"", 282, 25, 24], [""davon Zucker /from sugar"", 280, 29, 219], [""41.99"", 285, 22, 440], [""kolade.de"", 295, 25, 21], [""Eiweiss/Protein"", 297, 28, 217], [""und im Wassertad"", 286, 16, 490], [""weight:"", 313, 24, 23], [""6.39"", 306, 24, 445], [""achten, dass m"", 302, 19, 489], [""Salz/Salt"", 316, 28, 212], [""einenschien Ganz:2lade k"", 318, 21, 491], [""0,01gbei schwacherHitze unter Ru"", 332, 37, 439], [""11.282 L10452 a"", 368, 40, 289], [""Kuvertire durch Ueterrunren"", 350, 23, 495], [""n.lassen.Dann de"", 368, 23, 536], [""Lleichtaf332°e"", 385, 34, 493], [""ICoprtsrel.Iepred"", 97, 26, 200], [""Nahrwerte/Nutritional value100g"", 392, 56, 468], [""95"", 438, 117, 65], [""OlZartemar Scikotate"", 402, 45, 944], [""Brennwert/Energy 2190kJ/526kcal"", 429, 58, 458], [""Zucker, Halkantutter,Ermal"", 433, 50, 967], [""Fett /Fat"", 458, 37, 455], [""Kakao: 55%m"", 455, 34, 972], [""32,69"", 472, 38, 877], [""Mich und Cen enthalen Koh"", 486, 55, 968], [""Esters. Kann Be"", 464, 24, 1130], [""dav.gesattigteFettsauren/SaturatedFat20"", 494, 59, 448], [""Mindestens halbar bis Ende:"", 515, 50, 963], [""H&CO.KG"", 534, 49, 46], [""Kohlenhydrate/Carbohydrates46.8g"", 532, 60, 444], [""davon Zucker/from sugar"", 558, 54, 441], [""Kuvertireschmelaenunt tam"", 544, 43, 974], [""Germany"", 564, 46, 49], [""41,99"", 571, 42, 880], [""und im Wassertbad bi sth"", 572, 35, 975], [""kolade.de"", 591, 46, 43], [""Eiweiss/Protein"", 592, 55, 433], [""6.39"", 612, 47, 891], [""achten, dass migichst kein Wa"", 604, 44, 977], [""tweight:"", 629, 52, 43], [""Salz/Salt"", 632, 47, 425], [""einenschinen Glanz:2/3 dar Ku"", 636, 43, 981], [""0,01g"", 653, 42, 882], [""bei scheacher Hitze unter Ri"", 668, 41, 984], [""AADE"", 708, 67, 112], [""Kuvertire turch Ucterruhren"", 700, 43, 989], [""11.2822L10452"", 738, 67, 591], [""abkislen-lassen, Oann die"", 732, 59, 989], [""leichtaufehaa30-32Cerwa"", 769, 54, 988], [""rates"", 270, 15, 390], [""6.0"", 270, 14, 444], [""erma"", 282, 15, 30], [""4.9"", 284, 23, 440], [""63g"", 306, 20, 448], [""0,01"", 326, 20, 442], [""95"", 218, 53, 32], [""11.202 1052"", 368, 40, 294]]"
002645,2021,12,14,2021-12-14,s2,"EXPIRYDHTE 2021.12.14 | 류 보관방법:직사광선을 피해 건조 영양정보 8270g | 0023805678 하고 서늘한 곳에 보관 하십시오. 100g435kcal | 377 본 제품은 땅콩, 복숭아, 호두를 100gg 기준치에대한 비율 1일 영양성분 | yal Family Food Co., LTD 사용한 제품과 같은 제조시설에서 L三喜160mg 8% | 품별도 표시일까지(년/월/일 순) 제조하고 있습니다. | 본 제품은 공정거래위원회 고시 탄수화물67g 21% | 인애플 밀가루,설탕,맥아당,동아 소비자분쟁해결기준에 의거 교환 당류 27g 27% | 가린[잠유,정제소금,대두레시틴, 또는 환불받을 수 있습니다 지방17g 31% | 합제제(에스테르화팜유,합성향료), 부정·불량 식품 신고는 국번 없이 트랜스지방 0g | 색료(β-카로틴)],버터,계란, 전지 1399 | 분유,합성향료(파인애플향),정제 반품 및 교환장소:구입처 및 수입원 포화지방 10g 67% | 소금, 착색료(β-카로틴) ·개봉후가급적빨리섭취하시기 콜레스테롤 45 mg 15 % | 바랍니다. 단백질 3g 5% | 길,대두,우유,계란 함유 %000ca | 폴리프로필렌(내면) SSG.COM 기준이므로 개인의 필요 열량에 따라 다를 수 있습니다 | 21000000976198","[[""류"", 450, 23, 0], [""보관방법:직사광선을 피해 건조"", 454, 23, 250], [""영양정보"", 459, 42, 496], [""8270g"", 450, 21, 623], [""하고 서늘한 곳에 보관 하십시오."", 475, 22, 250], [""100g435kcal"", 467, 28, 598], [""377"", 494, 25, 0], [""본 제품은 땅콩, 복숭아, 호두를"", 495, 22, 250], [""100gg"", 497, 24, 495], [""1일 영양성분"", 490, 23, 627], [""기준치에대한 비율"", 504, 26, 594], [""yal Family Food Co., LTD"", 519, 22, 0], [""사용한 제품과 같은 제조시설에서"", 516, 22, 251], [""L三喜160mg"", 528, 29, 495], [""제조하고 있습니다."", 536, 23, 250], [""8%"", 529, 22, 660], [""품별도 표시일까지(년/월/일 순)"", 542, 25, 0], [""본 제품은 공정거래위원회 고시"", 557, 22, 250], [""탄수화물67g"", 553, 26, 495], [""21%"", 554, 21, 655], [""인애플 밀가루,설탕,맥아당,동아"", 568, 23, 1], [""소비자분쟁해결기준에 의거 교환"", 577, 22, 251], [""당류 27g"", 578, 29, 503], [""27%"", 578, 24, 651], [""가린[잠유,정제소금,대두레시틴,"", 592, 24, 0], [""또는 환불받을 수 있습니다"", 598, 26, 249], [""지방17g"", 603, 30, 495], [""31%"", 602, 23, 652], [""합제제(에스테르화팜유,합성향료),"", 615, 24, 0], [""부정·불량 식품 신고는 국번 없이"", 618, 22, 250], [""트랜스지방"", 628, 24, 505], [""0g"", 628, 24, 579], [""색료(β-카로틴)],버터,계란, 전지"", 639, 26, 0], [""반품 및 교환장소:구입처 및 수입원"", 658, 23, 250], [""포화지방"", 652, 23, 504], [""10g"", 652, 25, 583], [""분유,합성향료(파인애플향),정제"", 662, 25, 0], [""67%"", 652, 22, 649], [""소금, 착색료(β-카로틴)"", 686, 27, 0], [""·개봉후가급적빨리섭취하시기"", 677, 22, 249], [""콜레스테롤"", 677, 20, 497], [""45 mg"", 677, 20, 583], [""15 %"", 676, 21, 650], [""바랍니다."", 698, 23, 251], [""단백질 3g"", 700, 26, 493], [""길,대두,우유,계란 함유"", 711, 26, 0], [""5%"", 700, 22, 653], [""SSG.COM"", 730, 23, 249], [""%000ca"", 722, 23, 491], [""폴리프로필렌(내면)"", 734, 22, 1], [""EXPIRYDHTE 2021.12.14"", 384, 22, 178], [""0023805678"", 474, 19, 2], [""1399"", 638, 18, 252], [""기준이므로 개인의 필요 열량에 따라 다를 수 있습니다"", 735, 22, 490], [""21000000976198"", 826, 16, 235]]"
002646,2021,12,14,2021-12-14,s2,"EXPIRY D9TE2021.12.14 | 보관방법:직사광선을 피해 건조 영양정보 100g5435kcal 表48#370 | 02)380-5678 하고 서늘한 곳에 보관 하십시오. 1일영양성 | 堂377含个） 본제품은영,복송아호두를 100g5 기준치에대한 비를 | pyal Family Food Co.LTD 제조하고 있습니다 사용한 제품과 같은 제조시설에서 4三器160mg 8% | 품 빌도 표시일까지(년/월/일 순) 본 제품은 공정거래위원회 고시 탄수화물 678 21% | 인애플.밀가루,설탕,맥아당,동아. 소비자분쟁해결기준에 의거 교환 당류 27 g 27% | 가린(참유.정제소금,대두레시틴. 또는 환를 받을 수 있습니다. 178 31% | 합제제(에스테르화팔유,합성향료), 부정 불량 식품 신고는 국번 없이 트랜스지방 0g | 색료(β-카로틴)],버터,계란,전지 근유.합성향료(파인애플향),정제 1399 반품 및 교환장소구입처 및 수입원 포화지방 10g 67% | 소금, 착색료(β-카로탄) 개통 후 가급적 물리섭취하시기 콜레스테롤 45 mg 15% | I대두,우유.계란 함유 바랍니다 단백질 38 5% | 폴리프로필렌(내인) SSG.COM 071020001","[[""영양정보"", 294, 32, 459], [""100g5435kcal"", 293, 29, 548], [""하고 서늘한 곳에 보관 하십시오."", 314, 32, 239], [""100g5"", 320, 20, 460], [""본제품은영,복송아호두를"", 328, 32, 241], [""4三器160mg"", 340, 27, 461], [""堂377含个）"", 340, 29, 21], [""사용한 제품과 같은 제조시설에서"", 341, 32, 242], [""탄수화물"", 358, 25, 463], [""27%"", 367, 20, 603], [""품 빌도 표시일까지(년/월/일 순)"", 372, 32, 25], [""178"", 391, 24, 468], [""인애플.밀가루,설탕,맥아당,동아."", 389, 32, 27], [""가린(참유.정제소금,대두레시틴."", 404, 31, 29], [""또는 환를 받을 수 있습니다."", 397, 32, 247], [""부정 불량 식품 신고는 국번 없이"", 410, 33, 250], [""반품 및 교환장소구입처 및 수입원"", 436, 33, 251], [""15%"", 431, 23, 606], [""색료(β-카로틴)],버터,계란,전지"", 437, 32, 31], [""근유.합성향료(파인애플향),정제"", 452, 32, 34], [""개통 후 가급적 물리섭취하시기"", 450, 32, 254], [""소금, 착색료(β-카로탄)"", 470, 29, 34], [""I대두,우유.계란 함유"", 486, 26, 35], [""SSG.COM"", 486, 27, 259], [""EXPIRY D9TE2021.12.14"", 254, 39, 168], [""表48#370"", 282, 19, 568], [""보관방법:직사광선을 피해 건조"", 300, 31, 238], [""1일영양성"", 308, 19, 575], [""기준치에대한 비를"", 319, 23, 547], [""02)380-5678"", 326, 31, 19], [""8%"", 333, 22, 606], [""678"", 355, 16, 542], [""21%"", 350, 21, 603], [""pyal Family Food Co.LTD"", 357, 30, 23], [""제조하고 있습니다"", 357, 26, 245], [""본 제품은 공정거래위원회 고시"", 369, 29, 247], [""당류"", 374, 21, 472], [""27 g"", 372, 17, 526], [""소비자분쟁해결기준에 의거 교환"", 382, 31, 248], [""31%"", 384, 19, 605], [""트랜스지방"", 406, 23, 476], [""0g"", 404, 15, 547], [""포화지방"", 422, 21, 477], [""10g"", 421, 16, 549], [""67%"", 415, 21, 604], [""합제제(에스테르화팔유,합성향료),"", 421, 30, 33], [""1399"", 428, 16, 254], [""콜레스테롤"", 439, 22, 472], [""45 mg"", 436, 15, 550], [""단백질"", 456, 20, 473], [""38"", 454, 16, 535], [""5%"", 447, 19, 613], [""바랍니다"", 467, 23, 258], [""071020001"", 466, 29, 472], [""폴리프로필렌(내인)"", 502, 25, 38]]"
002650,2021,07,01,2021-07-01,clahe,BBE 01 07 2021 CHOCOCHIP BROWN | LO72420 0818 COOKE 초코칩 브라우니 쿠,"[[""CHOCOCHIP BROWN"", 218, 129, 392], [""COOKE 초코칩 브라우니 쿠"", 290, 122, 407], [""BBE 01 07 2021"", 313, 70, 203], [""LO72420 0818"", 338, 69, 206]]"
002662,2022,01,11,2022-01-11,s2,"Eat, | Rea | PROD:2021-01-11 | EXP:2022-01-11 | te antec cec | hamtar Dae | nckon at consumidor! | unstom service: | o720238queyaquely | mo teto: I het weilght | wehe / Nto Gewicht","[[""Eat,"", 30, 44, 529], [""Rea"", 54, 49, 498], [""PROD:2021-01-11"", 335, 22, 164], [""EXP:2022-01-11"", 353, 22, 175], [""te antec cec"", 380, 13, 235], [""hamtar Dae"", 397, 12, 193], [""unstom"", 428, 13, 167], [""nckon at consumidor!"", 420, 19, 175], [""o720238queyaquely"", 443, 20, 147], [""service:"", 428, 15, 201], [""mo teto: I het weilght"", 460, 19, 148], [""wehe / Nto Gewicht"", 472, 17, 164]]"
002707,NONE,NONE,NONE,NONE,fail,"100 1000 | , 곤향, 곤향, 곤향, | , | , 곤향, …” | , BEST BEFORE: (DD/MM/YY) 그일스럼드 | （002000 유통기한: 아래 첫 6자리 숫자 Skittles Skittles Skittles Skittles Skittles 90 600/居00/高00混号后） | Lemon emoh udo Skittles 90 Skittles 500/居00/层00号店） S일스드 | 5 Fl | cemon 9 | 9pe Be Favo Aa Skittles | 유룡기한 아래 첫 6자리 유통기한:아래 첫 6자리 숫자 유통기한:아래 첫 6자리 숫자 유통기한 아래 첫 6자리 숫장 | BEST BEFORE: (DD/MM/YY) BEST BEFORE: (DD/MM/YY) BEST BEFORE (ODMM/YY) BEST BEFORE: (DD/MM/YY) | (위는 법 0일 0월 0000 （：000005 ：000000 까자 | 향 | 봉 | 유통기한:아래 첫 6자리 숫자 | BEST BEFORE: (DD/MM/YY) 까지 Lemon Flavo ‘몰 | 20012 | 043E2YFESK | Flavol | GRape Flavoue Flavoue | 9WbeR | 유통기한:아래 첫 6자리 숫자 | BEST BEFORE: (DD/MM/YY) | 00000","[[""100"", 30, 31, 614], [""곤향,"", 64, 27, 0], [""Skittles"", 298, 91, 282], [""유통기한 아래 첫 6자리 숫장"", 648, 27, 174], [""BEST BEFORE: (DD/MM/YY)"", 668, 23, 174], [""0000"", 688, 26, 175], [""Lemon"", 432, 35, 273], [""5"", 534, 13, 212], [""1000"", 28, 41, 611], [""Skittles"", 297, 102, 271], [""9pe"", 585, 28, 179], [""유통기한:아래 첫 6자리 숫자"", 648, 31, 170], [""BEST BEFORE: (DD/MM/YY)"", 666, 25, 171], [""：000000"", 686, 25, 171], [""까자"", 682, 17, 343], [""…”"", 131, 40, 660], [""（002000"", 286, 230, 254], [""BEST BEFORE: (DD/MM/YY)"", 252, 158, 283], [""유통기한: 아래 첫 6자리 숫자"", 276, 212, 294], [""Skittles"", 396, 221, 620], [""udo"", 487, 24, 346], [""S일스드"", 418, 175, 740], [""90"", 444, 209, 633], [""500/居00/层00号店）"", 456, 174, 675], [""향"", 700, 23, 52], [""그일스럼드"", 196, 47, 333], [""600/居00/高00混号后）"", 274, 25, 377], [""90"", 312, 28, 345], [""‘몰"", 872, 26, 695], [""곤향,"", 64, 27, 0], ["","", 90, 26, 1], [""Skittles"", 295, 94, 278], [""emoh"", 431, 26, 280], [""Be Favo"", 582, 52, 174], [""유통기한:아래 첫 6자리 숫자"", 648, 28, 173], [""BEST BEFORE: (DD/MM/YY)"", 668, 25, 171], [""（：000005"", 688, 29, 176], [""곤향,"", 82, 32, 0], ["","", 114, 33, 2], [""Skittles"", 379, 122, 357], [""Fl"", 542, 28, 412], [""cemon"", 552, 46, 346], [""9"", 554, 13, 438], [""유통기한:아래 첫 6자리 숫자"", 828, 32, 223], [""BEST BEFORE: (DD/MM/YY)"", 853, 30, 221], [""까지"", 870, 18, 451], [""20012"", 966, 32, 282], [""043E2YFESK"", 983, 40, 282], ["","", 76, 34, 2], [""곤향,"", 124, 58, 0], ["","", 176, 55, 3], [""Skittles"", 600, 181, 551], [""봉"", 780, 50, 3], [""Flavo"", 864, 117, 629], [""Lemon"", 866, 76, 533], [""Flavol"", 1038, 84, 925], [""GRape"", 1155, 140, 304], [""Flavoue"", 1149, 156, 415], [""9WbeR"", 1238, 97, 687], [""Flavoue"", 1180, 179, 783], [""유통기한:아래 첫 6자리 숫자"", 1296, 47, 352], [""BEST BEFORE: (DD/MM/YY)"", 1336, 40, 349], [""00000"", 1371, 76, 343], [""Skittles"", 298, 96, 277], [""Aa"", 584, 21, 224], [""유룡기한 아래 첫 6자리"", 648, 19, 177], [""BEST BEFORE (ODMM/YY)"", 668, 24, 173], [""(위는 법 0일 0월"", 689, 20, 176], [""Skittles"", 298, 95, 278]]"
002708,NONE,NONE,NONE,NONE,fail,"1 1 | 향. | 향, 경일벌스클드을 | 00/层00/600遇亏语） | （：00）/002/00） Skittles Skittles Skittles Skittles Skittles Skittles | 요용기한 아니 성 사원 유통기한 아래 첫 6자의 숫재 유통기한 아래 첫 6자의 숫재 유통기한 아래 첫 6자리 웃 유통기한 아래 첫 6자의 숫자 R Skittles x9o1 质00/600景） Skittles | BEST BEFORE (DD/MMYY) BEST BEFORE (DD/MM/YY) BEST BEFORE (DD/MM/YY) BEST BEORE OOUW BEST BEFORE: (DD/MMYY) | （）号：002/002/00） （号：002/002/00） （8：002）/002/00） （8：002）/002/00） | 로ASRR2 로ASRR2 21 | B | grmon | GRape FlavouR | 유통기한 아래 첫 6자의 숫표 | BEST BEFORE: (DD/MM/YY) | （元：009/002/00） | B9SSR","[[""Skittles"", 223, 73, 241], [""유통기한 아래 첫 6자의 숫자"", 450, 29, 141], [""향."", 49, 18, 1], [""R"", 440, 16, 312], [""BEST BEFORE: (DD/MMYY)"", 463, 25, 139], [""（号：002/002/00）"", 476, 26, 141], [""Skittles"", 220, 93, 229], [""유통기한 아래 첫 6자리 웃"", 450, 29, 139], [""BEST BEFORE (DD/MMYY)"", 462, 30, 138], [""（）号：002/002/00）"", 475, 28, 138], [""21"", 526, 17, 318], [""（：00）/002/00）"", 216, 149, 152], [""Skittles"", 342, 200, 382], [""x9o1"", 429, 144, 436], [""质00/600景）"", 434, 124, 462], [""경일벌스클드을"", 110, 35, 302], [""00/层00/600遇亏语）"", 164, 29, 347], [""B"", 592, 15, 620], [""1"", 53, 26, 542], [""Skittles"", 220, 72, 241], [""유통기한 아래 첫 6자의 숫재"", 451, 31, 139], [""BEST BEFORE (DD/MM/YY)"", 462, 27, 140], [""（8：002）/002/00）"", 476, 29, 140], [""로ASRR2"", 529, 33, 180], [""1"", 53, 26, 542], [""Skittles"", 220, 72, 241], [""유통기한 아래 첫 6자의 숫재"", 451, 31, 139], [""BEST BEFORE (DD/MM/YY)"", 462, 27, 140], [""（8：002）/002/00）"", 476, 29, 140], [""로ASRR2"", 529, 33, 180], [""향,"", 99, 38, 4], [""Skittles"", 445, 138, 482], [""grmon"", 614, 33, 479], [""GRape"", 800, 92, 259], [""FlavouR"", 801, 103, 350], [""유통기한 아래 첫 6자의 숫표"", 900, 45, 285], [""BEST BEFORE: (DD/MM/YY)"", 924, 49, 280], [""（元：009/002/00）"", 952, 44, 283], [""B9SSR"", 1059, 72, 359], [""Skittles"", 223, 69, 244], [""요용기한 아니 성 사원"", 450, 23, 143], [""BEST BEORE OOUW"", 463, 25, 140], [""Skittles"", 222, 73, 242]]"
002713,2021,10,22,2021-10-22,s2,150g（720kcal | 0.83%）0.64%） | 게이플미니쿠ㅋ | EXPIRE DATE: 22/10/2021 12:15,"[[""게이플미니쿠ㅋ"", 488, 121, 1], [""150g（720kcal"", 400, 44, 373], [""0.83%）0.64%）"", 420, 50, 246], [""EXPIRE DATE: 22/10/2021 12:15"", 746, 32, 224]]"
002714,2021,10,22,2021-10-22,s2,0人0.83%，豆（0）0.64%（0元 | 게이플 미니쿠ㅋ | EXPIRE DATE:22/10/2021 12:15,"[[""게이플 미니쿠ㅋ"", 304, 94, 17], [""0人0.83%，豆（0）0.64%（0元"", 257, 40, 207], [""EXPIRE DATE:22/10/2021 12:15"", 475, 30, 179]]"
002717,NONE,NONE,NONE,NONE,fail,00 | %8E | dd | .05 -08 ' ORGER SNAR FARM | SNAR FARM SNAR FARM SNAR FARM SNAR FARM SNAK FARM MAATRAM2 MAAIRAMR MAIGAM2 제품명 풀 버거모 버거모양 버거모양 | 용 I용량 80g 27 | 영양' 품유형 품유형 캔C H H | 270kcal ORGER ORGER ORGER ORGER ORGER 내용량 10g 210 | 총 내용량 80g 영양정보 SNAK FARM 원재 세품명 스내맘버거모양 | 품유형 내용량 제품명 내용량 80 g (27) | SNRNARNN 원 K 소 K 캔드 SRNREAN 809 영양' 총내용량 10g 식품유형 캔 | 1 SNAK FARM ORGER 제조 35 버거모 당류-5 방 제품명 스남 버거모양 | APe APE CUU 방법 I용량 80g(279 | 삭재 영양a | 보 제 및교 |본법에 품유형 캔디 | '희’ 총내용량10g | 현품의 사진은 연출된 이미지입 당류 셈 | PP 플라스틱PP 플라스틱PP 나스틱Pe ORGER 총 내용량 80g 총 내용량 80g 총내용량 80g 영양정보 영양정보 영양정보 영양정보 탄수물 63g 탄수물 63g 탄수물 63g 나드륨 20mg 20mg 0m 19% 19% 19% | 38% 38% 38% | 270kcal 270 kcal 270 kcal 270 kcal 00 0 | 원재/ | AOETGS 방 소정 | 포상 | 가품 비 보법어 원 | 본 제품의건 | 유 | 현품의 사진은 연출된 이미지 입너 제조 | 영양정보 나드륨20mg [Ub 1%트랜스 | 플라스틱PP 영앙정- 총 내용량 80g 탄수회물63g 19%포화지 주 | 270 kcal 5号389 38%콜레스 수입파매의 | 지방00 0% | 빙 | 회원 포장재 | 반품및교환! | * 현품의 사진은 연출된 이미지 입너 | 영양정보 나드륨20mg 1%트랜스 | 가플라스틱PP 탄수회물 63g 19%포화지 | 총 내용량 80g 38% 콜레스 | 270kcal 당류E89 09 | 지방00,"[[""버거모양"", 309, 25, 624], [""SNAR FARM"", 351, 74, 21], [""ORGER"", 462, 123, 1], [""K"", 605, 73, 564], [""제조"", 661, 24, 486], [""영양정보"", 902, 42, 469], [""탄수물 63g"", 914, 35, 554], [""총 내용량 80g"", 927, 26, 472], [""플라스틱PP"", 946, 26, 64], [""270 kcal"", 944, 27, 474], [""H"", 376, 17, 576], [""20mg"", 890, 17, 597], [""19%"", 903, 22, 651], [""38%"", 922, 26, 641], [""0"", 948, 22, 551], [""MAIGAM2"", 293, 80, 319], [""제품명"", 318, 38, 464], [""버거모"", 310, 33, 619], [""SNAR FARM"", 352, 77, 17], [""I용량"", 350, 34, 497], [""80g"", 346, 32, 564], [""27"", 341, 14, 618], [""영양'"", 380, 27, 399], [""품유형"", 382, 44, 489], [""캔C"", 375, 28, 567], [""ORGER"", 461, 152, 0], [""내용량 10g"", 398, 21, 412], [""원재"", 488, 29, 480], [""소"", 562, 13, 570], [""K"", 606, 67, 563], [""원"", 607, 44, 488], [""1"", 720, 29, 105], [""방법"", 750, 23, 516], [""삭재"", 774, 15, 511], [""및교"", 797, 22, 504], [""|본법에"", 795, 24, 612], [""보"", 821, 12, 488], [""제"", 819, 12, 507], [""'희’"", 821, 14, 530], [""연출된 이미지입"", 858, 34, 578], [""현품의 사진은"", 868, 33, 481], [""나드륨 20mg"", 890, 31, 556], [""영양정보"", 901, 42, 469], [""탄수물 63g"", 914, 35, 552], [""19%"", 905, 20, 652], [""PP"", 924, 28, 60], [""38%"", 922, 24, 641], [""총 내용량 80g"", 926, 27, 472], [""플라스틱PP"", 946, 27, 61], [""270 kcal"", 944, 27, 472], [""00"", 948, 22, 551], [""ORGER"", 176, 357, 426], [""SNAR FARM"", 129, 208, 579], [""270kcal"", 506, 63, 4], [""총 내용량 80g"", 510, 76, 19], [""영양정보"", 512, 83, 40], [""품유형"", 524, 78, 559], [""내용량"", 518, 49, 599], [""제품명"", 515, 56, 625], [""캔드"", 586, 29, 574], [""809"", 596, 58, 597], [""버거모"", 647, 74, 633], [""-08"", 132, 32, 339], [""SNRNARNN"", 592, 210, 313], [""00"", 11, 20, 125], [""%8E"", 38, 15, 50], [""dd"", 36, 28, 624], [""SRNREAN"", 610, 67, 485], [""버거모양"", 310, 28, 619], [""풀"", 320, 13, 502], [""SNAR FARM"", 352, 73, 21], [""용"", 350, 19, 504], [""품유형"", 381, 27, 498], [""H"", 376, 19, 575], [""ORGER"", 460, 131, 2], [""210"", 399, 10, 431], [""영양정보"", 902, 37, 472], [""0m"", 890, 13, 599], [""탄수물 63g"", 915, 34, 554], [""19%"", 903, 18, 652], [""총내용량 80g"", 927, 30, 472], [""38%"", 922, 23, 642], [""나스틱Pe"", 948, 22, 79], [""270 kcal"", 944, 27, 474], ["".05"", 229, 22, 234], [""세품명"", 484, 43, 734], [""스내맘버거모양"", 474, 52, 864], [""SNAK FARM"", 536, 99, 40], [""내용량"", 533, 52, 752], [""80 g (27)"", 526, 56, 860], [""영양'"", 580, 35, 614], [""식품유형"", 584, 62, 721], [""캔"", 574, 39, 871], [""ORGER"", 705, 228, 0], [""총내용량 10g"", 611, 36, 616], [""35"", 636, 21, 622], [""당류-5"", 632, 27, 724], [""방"", 662, 20, 732], [""AOETGS"", 1162, 81, 114], [""방"", 1146, 19, 790], [""포상"", 1186, 21, 740], [""보법어"", 1212, 21, 946], [""가품"", 1224, 27, 735], [""비"", 1223, 18, 859], [""본 제품의건"", 1252, 44, 740], [""현품의 사진은 연출된 이미지 입너"", 1314, 71, 731], [""1%트랜스"", 1342, 47, 1002], [""나드륨20mg"", 1358, 47, 845], [""영양정보"", 1368, 37, 723], [""[Ub"", 1350, 19, 962], [""19%포화지"", 1373, 50, 987], [""영앙정-"", 1386, 28, 727], [""탄수회물63g"", 1394, 43, 848], [""총 내용량 80g"", 1414, 38, 722], [""38%콜레스"", 1402, 51, 977], [""5号389"", 1426, 40, 841], [""0%"", 1431, 26, 983], [""플라스틱PP"", 1444, 39, 91], [""270 kcal"", 1440, 38, 724], [""지방00"", 1447, 32, 840], [""제품명"", 636, 67, 958], [""스남 버거모양"", 624, 57, 1136], [""SNAK FARM"", 703, 124, 52], [""I용량"", 698, 77, 987], [""80g(279"", 689, 68, 1130], [""영양a"", 760, 55, 798], [""캔디"", 753, 50, 1139], [""품유형"", 766, 72, 972], [""ORGER"", 922, 329, 0], [""총내용량10g"", 800, 42, 808], [""셈"", 809, 24, 1382], [""당류"", 827, 36, 945], [""원재/"", 977, 52, 963], [""소정"", 1122, 40, 1145], [""원"", 1207, 30, 999], [""유"", 1270, 40, 980], [""제조"", 1322, 55, 967], [""주"", 1384, 39, 1151], [""수입파매의"", 1402, 50, 961], [""빙"", 1503, 24, 1034], [""회원 포장재"", 1558, 61, 861], [""반품및교환!"", 1600, 71, 946], [""* 현품의 사진은 연출된 이미지 입너"", 1725, 90, 933], [""1%트랜스"", 1760, 60, 1317], [""나드륨20mg"", 1781, 52, 1110], [""영양정보"", 1795, 40, 949], [""19%포화지"", 1802, 65, 1296], [""탄수회물 63g"", 1828, 55, 1110], [""38%"", 1845, 42, 1286], [""콜레스"", 1835, 40, 1354], [""총 내용량 80g"", 1854, 47, 949], [""가플라스틱PP"", 1892, 56, 108], [""당류E89"", 1870, 48, 1104], [""270kcal"", 1888, 48, 949], [""09"", 1876, 20, 1296], [""지방00"", 1898, 42, 1102], [""MAAIRAMR"", 298, 77, 250], [""SNAK FARM"", 351, 70, 23], [""APe"", 756, 55, 62], [""ORGER"", 462, 146, 0], [""'"", 142, 45, 445], [""MAATRAM2"", 298, 78, 246], [""SNAR FARM"", 352, 74, 22], [""APE CUU"", 759, 66, 57], [""영양정보"", 902, 39, 471], [""270kcal"", 945, 26, 473], [""ORGER"", 463, 136, 0]]"
002723,2019,12,20,2019-12-20,erode3,BESI-BEFORE | 19/12/20B12 | 917834 8-2-0424-19 1125-3,"[[""BESI-BEFORE"", 470, 47, 128], [""19/12/20B12"", 520, 48, 129], [""917834 8-2-0424-19 1125-3"", 573, 40, 109]]"
002731,2021,04,18,2021-04-18,erode5,18042021 | 08.0S F174 | 250 g,"[[""18042021"", 252, 29, 456], [""08.0S F174"", 293, 32, 448], [""250 g"", 428, 58, 664]]"
002736,2021,04,28,2021-04-28,s2,"0247062574 | 200g690kc | 유통기한라도기(일/월년순)지포장재질 PET 덮거:PE(OTHER) | 본 제품은 공정거래위원회 고시 소비자분쟁해결기준에 의거 | 교환 또는 보상 받을 수 있습니다""부정·불량 식품 신고는 | 1399 200g/100g号345kcal 재활용어려움 | 영양정보 | L三暑800mg40%全号0g0%异0g0%大档27g50% | 1.29至16g107%量70mg23%25g45% | 200kcal0 | Emmi Raclette Classic Slices | Swiss semi-hard cheese, 47 % Fat in dry matter, from | pasteurised cow's millk. | ingredients: Made of pasteurized cow's milk, salt, | bacterial culture, rennet. | Contains milk. | per10gcontains | Energy 1437kJ/346kcal | Fat 27g | of wnich saturates 16g | Carbohydrate <0.19 | of which sugars <0.10 | Protein 26g | Salt 2.0g | Packaged in a protective atmosphere. | Importeur: Fine F&B Service Co Ltd., 06017 Seoul/ Korea | Keep refrigerate at +4°C to +8°C. | Best before: 28.04.2021 CH | 2066 | L1002021551 | 200ge Articel Number: 1282849 | Product of Switzorland | CH-6002LI2em Emmi Schweiz AG 7610900133901 | mmi.com | 0080 0090 00100 200g | 20. %","[[""교환 또는 보상 받을 수 있습니다\""부정·불량 식품 신고는"", 157, 28, 180], [""재활용어려움"", 179, 22, 440], [""<0.10"", 456, 25, 446], [""26g"", 470, 22, 453], [""200ge"", 633, 40, 198], [""200g"", 729, 28, 343], [""20."", 819, 136, 333], [""%"", 852, 29, 484], [""0247062574"", 86, 31, 174], [""200g690kc"", 100, 28, 173], [""유통기한라도기(일/월년순)지포장재질 PET 덮거:PE(OTHER)"", 129, 28, 175], [""본 제품은 공정거래위원회 고시 소비자분쟁해결기준에 의거"", 144, 26, 176], [""1399"", 170, 27, 180], [""200g/100g号345kcal"", 184, 21, 264], [""영양정보"", 189, 16, 183], [""L三暑800mg40%全号0g0%异0g0%大档27g50%"", 198, 27, 185], [""1.29至16g107%量70mg23%25g45%"", 212, 30, 176], [""200kcal0"", 226, 30, 173], [""Emmi Raclette Classic Slices"", 286, 19, 190], [""Swiss semi-hard cheese, 47 % Fat in dry matter, from"", 304, 17, 190], [""pasteurised cow's millk."", 318, 17, 188], [""ingredients: Made of pasteurized cow's milk, salt,"", 332, 21, 188], [""bacterial culture, rennet."", 347, 16, 189], [""Contains milk."", 360, 17, 189], [""per10gcontains"", 384, 17, 191], [""Energy"", 399, 21, 190], [""1437kJ/346kcal"", 398, 14, 390], [""Fat"", 412, 15, 192], [""27g"", 412, 15, 456], [""of wnich saturates"", 426, 19, 198], [""16g"", 427, 16, 457], [""Carbohydrate"", 443, 19, 191], [""<0.19"", 442, 18, 447], [""of which sugars"", 457, 16, 199], [""Protein"", 471, 16, 192], [""Salt"", 486, 15, 193], [""2.0g"", 484, 18, 453], [""Packaged in a protective atmosphere."", 510, 17, 194], [""Importeur: Fine F&B Service Co Ltd., 06017 Seoul/ Korea"", 530, 17, 190], [""Keep refrigerate at +4°C to +8°C."", 550, 21, 188], [""Best before:"", 583, 16, 190], [""28.04.2021"", 580, 19, 308], [""CH"", 576, 18, 437], [""2066"", 590, 17, 432], [""L1002021551"", 609, 16, 341], [""Articel Number: 1282849"", 624, 14, 341], [""Product of Switzorland"", 682, 19, 179], [""Emmi Schweiz AG"", 692, 14, 192], [""CH-6002LI2em"", 701, 16, 194], [""7610900133901"", 699, 22, 331], [""0080 0090 00100"", 723, 14, 203], [""mmi.com"", 714, 10, 226]]"
002749,2020,01,NONE,2020-01-NONE,fail,"HNINOL | EST"" Forte | °1°x°S(2’) | 9LB00463 (10) S.K.T. (17) (21)145G0V1T99XY2A Kgllomg Tablet (01)08699502013063 ke alet KyllmgTablet g Tblet Ny-omg Tabbet Fyllig ablet NESTFote NeST"" Fote EST"" Forte STForte TForte CGeST"" Forte | HNLNOL ANINOL ae bugi IENTINA | ：12.2020 1age bugr (01)08699502013063 (01)08699502013063 (01)08699502013063 (01)08699502013063 (01)08699502013063 | (21)145G0V1T99XY2A C21)145GOV1T99XY2A (21)145G0V1T99XY2A (21)145G0V1T99XY2A （21)145G0V1T99XY2A (01)08699502013063 | (17) S.K.T.:12.2020 (17) S.K.T.:12.2020 (17) S.K.T.:12.2020 (17)S.K.T.:12.2020 (17)S.K.T-:12.2020 TONTINA | （10）9LB00463 (10) 9LB00463 （10)9LB00463 C103 9L000463 （10）9LB00463 esT” Forte | （21)145G0V1T99XY2A | (17)S.K.T-:12.2020 | (10)9LB00463 | (01)08699502013063 | （21)145G0V1T99XY2A | (17)S.K.T.:12.2020 | （10）9LB00463","[[""Ny-omg Tabbet"", 371, 186, 450], [""EST\"" Forte"", 382, 188, 539], [""ANINOL"", 467, 108, 45], [""(01)08699502013063"", 572, 33, 261], [""(21)145G0V1T99XY2A"", 666, 30, 296], [""（10)9LB00463"", 722, 27, 297], [""(17)S.K.T.:12.2020"", 694, 26, 297], [""ke alet"", 359, 228, 432], [""NESTFote"", 368, 235, 518], [""HNLNOL"", 468, 131, 23], [""(01)08699502013063"", 572, 40, 257], [""(21)145G0V1T99XY2A"", 665, 32, 292], [""(17) S.K.T.:12.2020"", 693, 34, 293], [""（10）9LB00463"", 720, 29, 296], [""HNINOL"", 88, 97, 438], [""(01)08699502013063"", 394, 266, 371], [""(10)"", 332, 65, 229], [""(17)"", 332, 65, 259], [""(21)145G0V1T99XY2A"", 433, 280, 279], [""9LB00463"", 430, 137, 225], [""S.K.T."", 404, 93, 258], [""：12.2020"", 547, 128, 254], [""ae bugi"", 494, 104, 495], [""EST\"" Forte"", 196, 137, 267], [""Kgllomg Tablet"", 300, 102, 270], [""TONTINA"", 706, 98, 410], [""°1°x°S(2’)"", 266, 25, 336], [""1age bugr"", 581, 174, 249], [""IENTINA"", 492, 109, 655], [""KyllmgTablet"", 361, 208, 444], [""NeST\"" Fote"", 364, 239, 521], [""(01)08699502013063"", 573, 32, 261], [""（21)145G0V1T99XY2A"", 666, 25, 297], [""(17)S.K.T-:12.2020"", 694, 26, 298], [""（10）9LB00463"", 722, 26, 298], [""Fyllig ablet"", 424, 255, 524], [""CGeST\"" Forte"", 426, 292, 610], [""(01)08699502013063"", 678, 37, 308], [""（21)145G0V1T99XY2A"", 787, 33, 350], [""(17)S.K.T-:12.2020"", 820, 32, 352], [""(10)9LB00463"", 854, 27, 355], [""esT” Forte"", 766, 377, 1088], [""(01)08699502013063"", 1146, 61, 521], [""（21)145G0V1T99XY2A"", 1332, 47, 596], [""(17)S.K.T.:12.2020"", 1388, 43, 598], [""（10）9LB00463"", 1444, 43, 600], [""(01)08699502013063"", 572, 33, 259], [""C21)145GOV1T99XY2A"", 666, 30, 294], [""(17) S.K.T.:12.2020"", 694, 33, 294], [""C103 9L000463"", 722, 29, 296], [""TForte"", 392, 151, 553], [""(01)08699502013063"", 572, 33, 261], [""(21)145G0V1T99XY2A"", 666, 31, 294], [""(17) S.K.T.:12.2020"", 694, 30, 295], [""(10) 9LB00463"", 722, 29, 296], [""g Tblet"", 369, 186, 452], [""STForte"", 386, 171, 547]]"
002752,NONE,NONE,NONE,NONE,fail,Malkist Malkist Malkist Malkist Malkist | Crackers crackers crackers Crackers Crackers Malkist Malkist 9alkist Malkist | Kode @ Malkist | EXP:01.2022 crockers 8.1:2074 G. 1.207 4 G. 1-207 4 G.1.2074 G.1207 4 EPI01.2022 EXP:01.2022 EXP:01.2022 EXP:01:2022 EXP:012022 Walkist Malkist | Kode a tS!MIEW | crackers EXP:012022 Saran Peryajlan Saran Penyajian Saran Penyajian Saran Penyajian | Saran Penyajian Kod tSMDW G.12074 Malkist | EXP:012022 Saran Penyajian | Kode/ G.12074 | Saran Penyajian,"[[""Malkist"", 214, 83, 130], [""Crackers"", 279, 58, 133], [""Malkist"", 309, 44, 312], [""EXP:01:2022"", 410, 31, 329], [""G.1207 4"", 438, 33, 326], [""Saran Penyajian"", 587, 28, 604], [""Malkist"", 213, 108, 119], [""Crackers"", 277, 62, 124], [""Malkist"", 308, 53, 312], [""Kode"", 334, 47, 37], [""EXP:01.2022"", 410, 35, 325], [""G. 1.207 4"", 439, 40, 321], [""Saran Penyajian"", 586, 31, 603], [""EXP:01.2022"", 434, 216, 261], [""Malkist"", 373, 102, 361], [""a"", 488, 12, 249], [""Saran Penyajian"", 664, 122, 88], [""tSMDW"", 674, 317, 159], [""Kode/"", 899, 50, 312], [""tS!MIEW"", 476, 81, 522], [""Malkist"", 216, 81, 133], [""Crackers"", 278, 57, 133], [""9alkist"", 308, 46, 313], [""EXP:012022"", 411, 30, 329], [""G. 1-207 4"", 438, 35, 325], [""Saran Penyajian"", 587, 28, 605], [""Malkist"", 307, 130, 180], [""@"", 376, 98, 124], [""crockers"", 401, 70, 192], [""Walkist"", 443, 65, 454], [""Kode"", 486, 62, 61], [""EXP:012022"", 589, 42, 469], [""G.12074"", 629, 46, 467], [""Saran Penyajian"", 840, 37, 870], [""Malkist"", 428, 200, 250], [""crackers"", 561, 98, 267], [""Malkist"", 618, 85, 635], [""Kod"", 673, 62, 92], [""EXP:012022"", 820, 53, 662], [""G.12074"", 878, 57, 656], [""Saran Penyajian"", 1172, 51, 1214], [""crackers"", 280, 47, 134], [""EPI01.2022"", 412, 35, 322], [""8.1:2074"", 438, 39, 325], [""Malkist"", 215, 84, 129], [""crackers"", 279, 46, 133], [""EXP:01.2022"", 411, 32, 325], [""G.1.2074"", 438, 39, 325], [""Saran Peryajlan"", 586, 27, 604], [""Malkist"", 216, 82, 129]]"
002766,2021,03,16,2021-03-16,up2x,INNOSOT | LHN | eed | Besl before | 16.03-2021 | BU0917 2-01106 | Btir well before use | Retngerate afer opening | and oonoure winl nsdayn | Do noLfmeO,"[[""INNOSOT"", 469, 70, 510], [""LHN"", 538, 43, 199], [""eed"", 649, 118, 132], [""Besl before"", 698, 45, 931], [""16.03-2021"", 776, 66, 630], [""2-01106"", 783, 46, 794], [""BU0917"", 804, 48, 630], [""Btir well before use"", 1076, 49, 158], [""Retngerate afer opening"", 1090, 55, 160], [""nsdayn"", 1094, 26, 387], [""and oonoure winl"", 1110, 41, 168], [""Do noLfmeO"", 1127, 30, 171]]"
002772,NONE,NONE,NONE,NONE,fail,120g NET WEIGHT PESO L POIDS NET 68 | 0 05.2024 0 COCAGNE COCAGNE COCAGNE OCAGNE OCAGNE CAGNE | 6v8 | Since 1906 Sfarceleoo Sfarceleoo Siace 1906 R R | BCCCSCLOSSLOO | LEOIMEGOLLEN | POIES NET POIES NET POIDS NET POIDS NET POIDS EGOUTLE POIDS EGOUTLE POIDS EGOUTTE POIDS EGOUTTE | NEITOGEVICHT NETIOGEVICHI NETIOGEVICHI NETTOGEWICHT UITGELEKT GEWIGHT UITGELEKT GEWIGHT UITGELEKT GENGH UITGELEKT GENGH | PESO LIOUIDO PESO LIOUIDO PESO LICUIDO PESO LICUIDO PESO ESCORRIDO PESO ESCORRIDO PESO ESCORRIDO PESO ESCORRIDO | NET WEIGHT NET WEIGHT NET WEIGHT NET WEIGHT DRAINED WEIGHT DRAINED WEIGHT DRAINED WEIGHT DRAINED WEIGHT | 120g 120g 120g 120g 1303 PNLE DIS 84g 84g 849 849 | 05.2024 05.2024 05.2024 05.2024 84g DRAINED WEIGHT PESO ESCORRIDO POIDS EGOUTTE LHOIMESOLEN L1315 L1303 L130J L130J | COCAGNE | 5 1601010134010 1601010134010 601010134010 601010134010 601010134010 R | POIDS NET POIDS EGOUTTE | NETTOGEVCHT UITGELEKT GEWICHT | PESO LIQUIDO PESO ESCORRIDO | NET WEIGHT DRAINED WEIGHT | 120g 849 | 05.2024 L1307 | 601010134010,"[[""COCAGNE"", 213, 48, 122], [""Siace 1906"", 244, 23, 164], [""L130J"", 374, 20, 289], [""601010134010"", 490, 20, 153], [""R"", 245, 10, 364], [""POIDS NET"", 278, 17, 84], [""NETTOGEWICHT"", 290, 20, 63], [""POIDS EGOUTTE"", 283, 17, 330], [""PESO LIOUIDO"", 301, 19, 66], [""UITGELEKT GEWIGHT"", 294, 15, 315], [""NET WEIGHT"", 314, 19, 68], [""PESO ESCORRIDO"", 306, 15, 329], [""120g"", 328, 24, 90], [""DRAINED WEIGHT"", 317, 14, 331], [""84g"", 330, 23, 375], [""05.2024"", 372, 21, 156], [""COCAGNE"", 213, 50, 105], [""Since 1906"", 244, 23, 162], [""R"", 244, 11, 362], [""POIDS NET"", 278, 20, 82], [""NEITOGEVICHT"", 290, 19, 61], [""POIDS EGOUTTE"", 282, 19, 328], [""PESO LIOUIDO"", 301, 20, 65], [""UITGELEKT GEWIGHT"", 293, 14, 315], [""NET WEIGHT"", 314, 21, 67], [""PESO ESCORRIDO"", 304, 19, 326], [""120g"", 327, 24, 89], [""DRAINED WEIGHT"", 316, 15, 330], [""84g"", 330, 22, 375], [""05.2024"", 372, 25, 155], [""L1303"", 373, 22, 286], [""601010134010"", 489, 24, 144], [""NET WEIGHT"", 118, 97, 234], [""PESO L"", 96, 54, 248], [""120g"", 118, 55, 217], [""POIDS NET"", 125, 77, 269], [""0"", 162, 14, 59], [""05.2024"", 205, 103, 170], [""1303"", 328, 64, 172], [""DRAINED WEIGHT"", 390, 120, 232], [""PESO ESCORRIDO"", 389, 120, 245], [""POIDS EGOUTTE"", 384, 109, 266], [""84g"", 394, 49, 214], [""68"", 128, 43, 319], [""0"", 216, 13, 243], [""DIS"", 333, 49, 236], [""LHOIMESOLEN"", 403, 115, 281], [""6v8"", 226, 23, 110], [""BCCCSCLOSSLOO"", 251, 15, 73], [""LEOIMEGOLLEN"", 266, 19, 342], [""PNLE"", 342, 41, 124], [""OCAGNE"", 214, 49, 157], [""Sfarceleoo"", 244, 18, 164], [""POIES NET"", 278, 18, 85], [""NETIOGEVICHI"", 290, 16, 64], [""POIDS EGOUTLE"", 283, 17, 329], [""PESO LICUIDO"", 301, 19, 67], [""UITGELEKT GENGH"", 294, 12, 316], [""NET WEIGHT"", 314, 17, 70], [""PESO ESCORRIDO"", 305, 16, 329], [""120g"", 328, 22, 91], [""DRAINED WEIGHT"", 317, 14, 331], [""849"", 330, 23, 375], [""1601010134010"", 490, 22, 142], [""OCAGNE"", 214, 49, 157], [""Sfarceleoo"", 244, 18, 164], [""POIES NET"", 278, 18, 85], [""NETIOGEVICHI"", 290, 16, 64], [""POIDS EGOUTLE"", 283, 17, 329], [""PESO LICUIDO"", 301, 19, 67], [""UITGELEKT GENGH"", 294, 12, 316], [""NET WEIGHT"", 314, 17, 70], [""PESO ESCORRIDO"", 305, 16, 329], [""120g"", 328, 22, 91], [""DRAINED WEIGHT"", 317, 14, 331], [""849"", 330, 23, 375], [""1601010134010"", 490, 22, 142], [""COCAGNE"", 428, 93, 238], [""R"", 490, 21, 728], [""POIDS NET"", 558, 31, 171], [""POIDS EGOUTTE"", 565, 30, 660], [""NETTOGEVCHT"", 580, 33, 127], [""UITGELEKT GEWICHT"", 588, 25, 632], [""PESO LIQUIDO"", 603, 34, 131], [""PESO ESCORRIDO"", 610, 27, 659], [""NET WEIGHT"", 628, 33, 138], [""DRAINED WEIGHT"", 634, 26, 662], [""120g"", 655, 42, 184], [""849"", 661, 40, 751], [""05.2024"", 745, 41, 314], [""L1307"", 748, 37, 580], [""601010134010"", 979, 42, 306], [""CAGNE"", 212, 50, 199], [""05.2024"", 372, 27, 156], [""L1315"", 372, 25, 287], [""05.2024"", 373, 25, 156], [""L130J"", 373, 24, 288], [""5"", 491, 16, 118], [""601010134010"", 489, 24, 142], [""COCAGNE"", 213, 46, 125]]"
002773,2024,05,08,2024-05-08,fail,NET VET | 120g WEIGHT URAINED WEIGHT 6v8 | COEIT D0 | 6v8 05.2024 COCAGN 9 COCAGNE CAGNE Lin AGNE COET I I LHDM LAN | aeHDH Since 1906 1906 906 906 90 90 LEN SaOD LHaMEEOLLEN | POIDS NET POIDS NET POHDS NET POHDS NET ROIOSNET 9O6T DOIOSEGMIUE POIDS EGOUTTE POIDS EGOUTTE POIDS EGOULAE POIDS EGOULAE | NELOGEWICHI NELOGEWICHI NETTOGEMICHT NETTOGEVCHT UTGELEKT GENIGHI UTGELEKT GENIGHI UTGELEKTCEWEMI UITGELEKT GEWICHT UITGELEKT GENICHT | PESO LiauiDo PESO LIdUIDO PESO LduDO PESO LduDO FESOESCOE PESO ESCORRIDO PESO ESCORRIDO PESOESCORRIDO PESOESCORRIDO | NET WEIGHT NET WEIGHIT NET WEIGHIT NET WEIGHIT NET WEIGHT URAINED WEIGHT DRANEDWEIGHT URAINED WEIGHT DRAINEDWEIGHT DRAINEDWEIGHT 10 | 120 120g 1209 1209 120g 3 TS 849 849 849 849 | 05.2024 05.2024 05.2024 05.2024 052024 052024 ES L1307 L1307 L1303 L130J L130J L130J 06 XOCAGNE | 849 POIDS NET 5 | Sfnce-loo6 LF | 5601010134010 1601010/134010 1601010/134010 601010134010 601010134010 | POIGS NET POIDS EGOUTTE | NETTOGEMUCHI UITGELEKT GENICHI | PESO LIQUIDO PESO ESCORRIDO | NET WEIGHT URAINED WEIGHT | 1209 849 | 05.2024 L130J | 5 1601010134010,"[[""CAGNE"", 266, 99, 228], [""Since 1906"", 294, 62, 194], [""NETTOGEMICHT"", 320, 50, 63], [""POIDS NET"", 308, 40, 91], [""PESO LiauiDo"", 332, 44, 65], [""NET WEIGHT"", 346, 43, 66], [""120g"", 361, 37, 92], [""POIDS EGOUTTE"", 365, 40, 387], [""UITGELEKT GENICHT"", 378, 47, 367], [""PESO ESCORRIDO"", 391, 44, 382], [""URAINED WEIGHT"", 405, 46, 382], [""05.2024"", 431, 45, 162], [""849"", 422, 35, 434], [""L130J"", 456, 37, 322], [""601010134010"", 575, 74, 132], [""AGNE"", 272, 86, 282], [""NETTOGEVCHT"", 319, 49, 63], [""POIDS NET"", 308, 37, 93], [""1906"", 305, 32, 320], [""PESO LIdUIDO"", 332, 46, 65], [""NET WEIGHT"", 345, 47, 64], [""120g"", 360, 35, 91], [""POIDS EGOUTTE"", 364, 40, 387], [""UITGELEKT GEWICHT"", 377, 46, 367], [""PESO ESCORRIDO"", 390, 41, 381], [""URAINED WEIGHT"", 404, 46, 380], [""05.2024"", 430, 48, 161], [""849"", 421, 32, 435], [""L130J"", 455, 40, 322], [""601010134010"", 575, 72, 136], [""NET"", 90, 42, 290], [""VET"", 90, 39, 323], [""120g"", 126, 70, 259], [""WEIGHT"", 144, 82, 276], [""05.2024"", 224, 129, 182], [""D0"", 183, 26, 293], [""3"", 373, 43, 172], [""849"", 461, 62, 201], [""ES"", 442, 28, 247], [""6v8"", 179, 55, 405], [""9"", 247, 20, 305], [""COET"", 266, 70, 441], [""Lin"", 254, 23, 360], [""URAINED WEIGHT"", 182, 149, 383], [""TS"", 408, 72, 266], [""10"", 432, 40, 555], [""06"", 474, 51, 548], [""5"", 536, 15, 540], [""POIDS NET"", 498, 101, 290], [""COEIT"", 184, 39, 229], [""6v8"", 219, 34, 155], [""LHDM LAN"", 294, 44, 450], [""LHaMEEOLLEN"", 320, 48, 428], [""9O6T"", 335, 34, 232], [""LEN SaOD"", 332, 35, 447], [""I"", 292, 27, 444], [""NELOGEWICHI"", 320, 48, 65], [""POHDS NET"", 308, 41, 91], [""906"", 306, 26, 335], [""PESO LduDO"", 332, 43, 67], [""90"", 320, 18, 438], [""NET WEIGHIT"", 346, 40, 66], [""1209"", 362, 36, 92], [""POIDS EGOULAE"", 366, 41, 388], [""UTGELEKT GENIGHI"", 378, 44, 368], [""PESOESCORRIDO"", 392, 45, 383], [""DRAINEDWEIGHT"", 405, 44, 382], [""052024"", 430, 49, 161], [""849"", 422, 35, 433], [""L1307"", 456, 35, 323], [""1601010/134010"", 574, 73, 122], [""I"", 292, 27, 444], [""NELOGEWICHI"", 320, 48, 65], [""POHDS NET"", 308, 41, 91], [""906"", 306, 26, 335], [""PESO LduDO"", 332, 43, 67], [""90"", 320, 18, 438], [""NET WEIGHIT"", 346, 40, 66], [""1209"", 362, 36, 92], [""POIDS EGOULAE"", 366, 41, 388], [""UTGELEKT GENIGHI"", 378, 44, 368], [""PESOESCORRIDO"", 392, 45, 383], [""DRAINEDWEIGHT"", 405, 44, 382], [""052024"", 430, 49, 161], [""849"", 422, 35, 433], [""L1307"", 456, 35, 323], [""1601010/134010"", 574, 73, 122], [""XOCAGNE"", 522, 187, 332], [""Sfnce-loo6"", 586, 113, 393], [""POIGS NET"", 614, 69, 187], [""NETTOGEMUCHI"", 640, 87, 131], [""PESO LIQUIDO"", 666, 79, 135], [""LF"", 638, 11, 883], [""NET WEIGHT"", 692, 76, 136], [""1209"", 722, 65, 188], [""POIDS EGOUTTE"", 730, 69, 781], [""UITGELEKT GENICHI"", 755, 86, 741], [""PESO ESCORRIDO"", 782, 79, 767], [""URAINED WEIGHT"", 810, 83, 767], [""05.2024"", 860, 90, 323], [""849"", 843, 62, 871], [""L130J"", 912, 67, 648], [""5"", 1096, 35, 195], [""1601010134010"", 1150, 139, 236], [""COCAGN"", 256, 81, 154], [""aeHDH"", 291, 58, 190], [""05.2024"", 430, 51, 160], [""L1303"", 454, 41, 321], [""ROIOSNET"", 308, 36, 96], [""NET WEIGHIT"", 346, 43, 67], [""120"", 360, 27, 94], [""DOIOSEGMIUE"", 365, 42, 386], [""UTGELEKTCEWEMI"", 378, 48, 368], [""FESOESCOE"", 388, 31, 385], [""DRANEDWEIGHT"", 405, 44, 382], [""05.2024"", 430, 49, 161], [""L130J"", 456, 40, 321], [""COCAGNE"", 261, 110, 153], [""5601010134010"", 571, 81, 90]]"
002775,2021,10,03,2021-10-03,up2x,"POIDSNE | ODSNET | BESTBY2021-10-03 | LaLi Ingredients : Water, Mustard Seed, Vinegar, | 0 Salt, Citric Acid.Turmer | 식품위생법에 의한 한글표기사항 | 재면라리그레인머스트자27) | 2 식품의 유형 향신료조제품 | 조연합지:미국(USA) | AMEAEOIDS IRODUKTS COMPANY | 유통기 제품에 별도 표기일까지 | (인는법: 년/월/일) | 718132002967 | 10. | 3 | Best Before Date I see on packaglng | ShakeV well before sor","[[""POIDSNE"", 206, 59, 1108], [""ODSNET"", 250, 63, 1075], [""BESTBY2021-10-03"", 483, 90, 441], [""LaLi"", 720, 119, 255], [""Ingredients : Water,"", 759, 72, 530], [""Mustard Seed, Vinegar,"", 788, 79, 524], [""식품위생법에 의한 한글표기사항"", 830, 107, 357], [""0"", 784, 7, 476], [""Salt, Citric Acid.Turmer"", 814, 79, 519], [""재면라리그레인머스트자27)"", 855, 107, 326], [""2 식품의 유형 향신료조제품"", 861, 86, 306], [""조연합지:미국(USA)"", 876, 71, 303], [""AMEAEOIDS IRODUKTS COMPANY"", 909, 102, 298], [""유통기 제품에 별도 표기일까지"", 970, 109, 289], [""718132002967"", 994, 71, 288], [""(인는법: 년/월/일)"", 998, 75, 399], [""10."", 1049, 52, 283], [""3"", 1184, 7, 291], [""Best Before Date I see on packaglng"", 1234, 93, 241], [""ShakeV"", 1227, 38, 245], [""well before sor"", 1249, 48, 303]]"
002778,2021,10,02,2021-10-02,s2,"Red Alvis Bros Ltd, Lye Cross Farm, | Leicester RedhillBristolBS405RH | 제플명:레드 2O제스ENRED LECESTER)제즈원:ALVIS BROS LTD워산지:영국 | 02470-251742113 운유참유 | '보관기준 냉정보관인-'원재료양 우용 정저스금,렌넷 스타터첩처 안나토색소 | 영양정보 175g/100g400kcal | 720mg36%午号0g0%0g0%34g63% | 0g21g141%量30mg10%24g44% OTHER | 은2수있 | 要开人BestBeloreg）：175g（00kcal | 이상 는시드구입 관로문하기 비립니.개용후음식들리드시기버립니다 | Weight (중량) Best Before (유통기한) | 2506070 1759 02.10.21 | 00074 8 1809075121779","[[""Red"", 328, 23, 203], [""영양정보"", 415, 24, 140], [""1759"", 545, 27, 281], [""1809075121779"", 654, 23, 214], [""Alvis Bros Ltd, Lye Cross Farm,"", 330, 22, 282], [""Leicester"", 343, 18, 203], [""RedhillBristolBS405RH"", 344, 15, 296], [""제플명:레드 2O제스ENRED LECESTER)제즈원:ALVIS BROS LTD워산지:영국"", 362, 24, 136], [""02470-251742113"", 387, 22, 138], [""'보관기준 냉정보관인-'원재료양 우용 정저스금,렌넷 스타터첩처 안나토색소"", 400, 22, 138], [""운유참유"", 390, 12, 451], [""175g/100g400kcal"", 416, 21, 276], [""720mg36%午号0g0%0g0%34g63%"", 432, 21, 142], [""0g21g141%量30mg10%24g44%"", 444, 21, 141], [""은2수있"", 459, 28, 135], [""OTHER"", 454, 13, 451], [""要开人BestBeloreg）：175g（00kcal"", 474, 21, 136], [""이상 는시드구입 관로문하기 비립니.개용후음식들리드시기버립니다"", 498, 24, 133], [""Weight (중량)"", 516, 21, 271], [""Best Before (유통기한)"", 516, 22, 378], [""2506070"", 540, 21, 142], [""02.10.21"", 544, 19, 392], [""8"", 654, 15, 198], [""00074"", 660, 17, 135]]"
002779,2021,10,02,2021-10-02,s2,"Red Alvis Bros Ls, Lye Cross Farm, | Leicester Redhu Bristol aS6D SRH | OAEMREDLECESEONEBAVS BROS LTDBAA 영국 | 1 | Weight() Best Before (유동기한) | 2506070 1759 02.10.21 | 00074 8 18090751121779","[[""18090751121779"", 478, 47, 189], [""Red"", 260, 19, 165], [""Alvis Bros Ls, Lye Cross Farm,"", 246, 31, 238], [""Leicester"", 268, 23, 165], [""Redhu Bristol aS6D SRH"", 256, 28, 250], [""OAEMREDLECESEONEBAVS BROS LTDBAA 영국"", 271, 48, 154], [""1"", 298, 31, 146], [""Best Before (유동기한)"", 368, 26, 341], [""Weight()"", 382, 25, 239], [""02.10.21"", 390, 27, 353], [""1759"", 402, 21, 252], [""2506070"", 412, 25, 119], [""8"", 492, 13, 180], [""00074"", 503, 20, 118]]"
002783,2021,04,22,2021-04-22,s2,"PUF'ESHEEP'SCHEESE | WITH BLACK TRUFFLE | Inuredients: pasteurized sheep's milk, biack truffie saucr | (1,5%)Agaricusbisporus,cornoll,water.Tuberaestivum1,5%,sait, | fiavourings, dried porcine mushrooms, denydrated potatoes herb. | water extract of Tuber aestivum and black truftle flavouring), salt. | rennet, stabilizer: calcium chloride. preservative iytozyme (from egg | and cheese cultures.nedible rind.On rind.black truffle sauce.E-235 | (preservative). | NUTRITION FACTS Lof: | serving size 1002 Per280 0229102010 | 1685KJ A79kJ | Calores 114kcol Best before: | Tofal fat 23.20 330 929 6.59 22/04/2021 | Saturated fat | Carbohydiate 239 0.60 | sugans 0,19 c0.1.9 | Protein 259 79 | Salf 1.99 0.59 | Keep refrigerated between Net Weight: 200 g | 4°cand10c | Produced by Quesos Rocinante, s.L | Ctra de Toledc, t/n 13420Malagon | Ciudad Reat- Spain 8 1420197005886","[[""Net Weight: 200 g"", 365, 46, 323], [""Keep refrigerated between"", 403, 52, 46], [""1420197005886"", 432, 42, 336], [""PUF'ESHEEP'SCHEESE"", 94, 64, 140], [""WITH BLACK TRUFFLE"", 123, 62, 147], [""Inuredients: pasteurized sheep's milk, biack truffie saucr"", 154, 74, 29], [""(1,5%)Agaricusbisporus,cornoll,water.Tuberaestivum1,5%,sait,"", 160, 85, 30], [""fiavourings, dried porcine mushrooms, denydrated potatoes herb."", 173, 86, 29], [""water extract of Tuber aestivum and black truftle flavouring), salt."", 185, 82, 30], [""rennet, stabilizer: calcium chloride. preservative iytozyme (from egg"", 194, 86, 31], [""and cheese cultures.nedible rind.On rind.black truffle sauce.E-235"", 206, 87, 33], [""Lof:"", 235, 16, 344], [""(preservative)."", 245, 32, 33], [""NUTRITION FACTS"", 254, 37, 113], [""Per280"", 254, 22, 267], [""0229102010"", 248, 30, 343], [""1002"", 266, 15, 198], [""A79kJ"", 268, 21, 271], [""1685KJ"", 280, 22, 191], [""114kcol"", 280, 21, 269], [""Best before:"", 273, 30, 344], [""serving size"", 286, 29, 36], [""929"", 295, 16, 278], [""22/04/2021"", 291, 30, 344], [""Calores"", 306, 23, 39], [""330"", 306, 18, 201], [""6.59"", 306, 18, 279], [""23.20"", 317, 19, 198], [""0.60"", 321, 16, 279], [""Tofal fat"", 327, 22, 39], [""Saturated fat"", 335, 28, 51], [""239"", 332, 17, 200], [""c0.1.9"", 332, 17, 277], [""0,19"", 344, 17, 201], [""79"", 347, 16, 286], [""Carbohydiate"", 351, 28, 42], [""sugans"", 364, 24, 52], [""259"", 358, 16, 204], [""0.59"", 361, 18, 280], [""1.99"", 372, 15, 203], [""Protein"", 380, 21, 44], [""Salf"", 394, 19, 45], [""4°cand10c"", 426, 33, 47], [""13420Malagon"", 440, 31, 200], [""8"", 445, 12, 325], [""Produced by Quesos Rocinante, s.L"", 434, 58, 48], [""Ctra de Toledc, t/n"", 460, 37, 49], [""Ciudad Reat- Spain"", 476, 37, 50]]"
002785,2021,04,18,2021-04-18,s2,"EDAM CHEESE4O+ | INGERDIENTS PASTEUR, COWS MILK. SALT | STARTER CULTURE, RENNET | KEEP REFRIGRADETEDBETWEEN+4 C +7'C | CHARGENR52257099 | NL | Z0445 | EC | BEST BEFORE 0.300kg | 18-04-2021 8717731003003 | 축산물위생관리법에 의한 한글표시사항 | CEDAM | TENBV 신가자지 | o-시경이번29 | 우유항 | 보상 받으 /수 있습니다. 임에가인 제이로기재정 고시에 의거","[[""8717731003003"", 392, 50, 178], [""o-시경이번29"", 517, 58, 171], [""EDAM CHEESE4O+"", 252, 70, 158], [""INGERDIENTS PASTEUR, COWS MILK. SALT"", 269, 72, 133], [""STARTER CULTURE, RENNET"", 273, 56, 130], [""KEEP REFRIGRADETEDBETWEEN+4 C +7'C"", 301, 73, 128], [""CHARGENR52257099"", 315, 46, 191], [""BEST BEFORE"", 350, 37, 65], [""18-04-2021"", 364, 33, 77], [""NL"", 364, 20, 423], [""Z0445"", 377, 26, 409], [""EC"", 389, 16, 423], [""0.300kg"", 418, 31, 399], [""축산물위생관리법에 의한 한글표시사항"", 466, 51, 148], [""CEDAM"", 462, 22, 112], [""TENBV"", 476, 19, 93], [""신가자지"", 484, 43, 129], [""우유항"", 570, 23, 362], [""보상 받으"", 586, 21, 18], [""임에가인 제이로기재정 고시에 의거"", 606, 63, 74], [""/수 있습니다."", 600, 25, 68]]"
002788,2021,04,03,2021-04-03,s2,"Organic | value | 100%Naturalandorganicsweetener. | ed from the Blue Agave plant, ready to serve. | rgy,flavor enhancer, greater sweetening power. | 식품위생법에의한 한글표시사항 | yfood.co.kr 제품명:유기농아가베시럽프리미엄 | tion Fac 식품유형:당시업류 | Sie 1Tbsp. (21g) 원산지:멕시코 | ings Per Can about.32 BIOAGAVES DELACOSTA | ntPors 조원 SADECV. | Calories 60 | 全：NinoObrero2267Cudadindustrtal | Total Fat 0g acNayarlt,Medoo;Cp.63173 | Saturated Fat Og 0% ：（（：031-793-5370） | Trans fk 0g 15512（ | Cholestarol Omg 07 | Sodium Omg 유동기원·제품에 별도표시,읽는법:년,을 | Total Carb.16g 6% #：外日100% | Fiber g 0% | Sugars 16g :건조하고서늘한실은보,개용 | Protein 0g 냉장보관 | Nota signicart souroe Vitamin A 반품및교환:수입원 또는 구입처 | Viaminc,caldum or ror. | Peon Daly Values ane based on 본계품은 공정거대위원회고시 소비자 분계해결 | a2000calohediet 기준에 의거 교환 또는 보상받을 수 있습니다. | Produced by: BIOAGAVES DE Lot:Bl-10304842 | LACOSTASA DEC.V. | BestBefore:2021/04/03 | 8118093231920024>","[[""Organic"", 151, 28, 177], [""value"", 170, 32, 186], [""식품위생법에의한 한글표시사항"", 250, 26, 189], [""제품명:유기농아가베시럽프리미엄"", 284, 24, 189], [""식품유형:당시업류"", 300, 22, 189], [""원산지:멕시코"", 317, 22, 189], [""BIOAGAVES DELACOSTA"", 330, 23, 229], [""조원 SADECV."", 342, 25, 188], [""：（（：031-793-5370）"", 397, 24, 187], [""Lot:Bl-10304842"", 599, 20, 233], [""100%Naturalandorganicsweetener."", 192, 21, 113], [""ed from the Blue Agave plant, ready to serve."", 210, 27, 108], [""rgy,flavor enhancer, greater sweetening power."", 230, 27, 107], [""yfood.co.kr"", 282, 21, 86], [""tion Fac"", 307, 16, 73], [""Sie 1Tbsp."", 318, 15, 67], [""(21g)"", 318, 13, 113], [""ings Per Can"", 330, 13, 60], [""about.32"", 330, 10, 123], [""Calories 60"", 358, 13, 44], [""ntPors"", 348, 9, 68], [""全：NinoObrero2267Cudadindustrtal"", 370, 23, 186], [""Total Fat 0g"", 387, 14, 41], [""acNayarlt,Medoo;Cp.63173"", 382, 18, 188], [""Saturated Fat Og"", 402, 16, 45], [""Trans fk 0g"", 416, 19, 46], [""0%"", 402, 10, 137], [""15512（"", 410, 21, 189], [""Cholestarol Omg"", 429, 19, 38], [""Sodium Omg"", 443, 19, 38], [""07"", 431, 8, 135], [""유동기원·제품에 별도표시,읽는법:년,을"", 442, 21, 188], [""Total Carb.16g"", 458, 20, 38], [""6%"", 458, 11, 137], [""#：外日100%"", 456, 21, 187], [""Fiber g"", 472, 19, 41], [""0%"", 472, 11, 136], [""Sugars 16g"", 487, 14, 43], ["":건조하고서늘한실은보,개용"", 489, 20, 185], [""Protein 0g"", 500, 13, 39], [""냉장보관"", 502, 16, 188], [""Viaminc,caldum or ror."", 525, 14, 39], [""Nota signicart souroe Vitamin A"", 516, 13, 40], [""반품및교환:수입원 또는 구입처"", 518, 16, 188], [""Peon Daly Values ane based on"", 539, 16, 39], [""본계품은 공정거대위원회고시 소비자 분계해결"", 536, 17, 188], [""a2000calohediet"", 547, 16, 34], [""기준에 의거 교환 또는 보상받을 수 있습니다."", 548, 16, 187], [""Produced by: BIOAGAVES DE"", 593, 20, 24], [""LACOSTASA DEC.V."", 606, 18, 25], [""BestBefore:2021/04/03"", 640, 22, 232], [""8118093231920024>"", 679, 18, 27]]"
002789,2021,04,03,2021-04-03,s2,"Organie | 10o% Naturarand organic sweetener. | Dd from the Blue Agave plant. ready to sorve. | rgy, favor enhancer. greater sweelening power. | 식품위생법에의한한글표시사항 | yfood.co.kr 제용명:유기농아가베사업 프리미업 | LionFa 당 | 원산지:대시료 | BIOACAVES DEIA COSTA | 원SADECV. | 9：NinoObieo2267Cuddindum | 业151512（电办：2点） | Foww 09 | ] | 1 | ACOSTA: Lot:BI-10304842 | Best.Before:2021/04/03 | 1809","[[""Organie"", 91, 18, 163], [""10o% Naturarand organic sweetener."", 114, 31, 104], [""Dd from the Blue Agave plant. ready to sorve."", 125, 35, 102], [""rgy, favor enhancer. greater sweelening power."", 138, 37, 100], [""식품위생법에의한한글표시사항"", 150, 27, 174], [""yfood.co.kr"", 180, 19, 86], [""제용명:유기농아가베사업 프리미업"", 172, 28, 176], [""당"", 186, 24, 176], [""LionFa"", 199, 12, 77], [""원산지:대시료"", 197, 19, 177], [""BIOACAVES DEIA COSTA"", 203, 20, 211], [""원SADECV."", 214, 19, 178], [""9：NinoObieo2267Cuddindum"", 229, 26, 177], [""业151512（电办：2点）"", 255, 26, 179], [""Foww 09"", 311, 10, 57], [""]"", 339, 28, 181], [""1"", 357, 28, 180], [""Lot:BI-10304842"", 382, 22, 222], [""ACOSTA:"", 400, 12, 44], [""Best.Before:2021/04/03"", 409, 29, 225], [""1809"", 450, 9, 57]]"
002794,2022,10,05,2022-10-05,s2,2022/10/05,"[[""2022/10/05"", 394, 28, 167]]"
002810,2023,01,20,2023-01-20,s2,er Sweet 월기 팔방미이 우엉차 국내산 재료만 담은 | 탈콤한앗 녹차원 무영차는 국내산 무영으로 만윤어 맛마 향이 뛰어났니다 | 2023.01.20 | 100元 | 雪鲁天）100dl1g×100号）（早价50%p/50%1KorenBurdockte牛擀茶,"[[""월기"", 90, 145, 23], [""국내산 재료만 담은"", 60, 38, 214], [""팔방미이"", 116, 95, 117], [""우엉차"", 119, 102, 171], [""Sweet"", 131, 46, 9], [""탈콤한앗"", 188, 93, 14], [""녹차원 무영차는 국내산 무영으로"", 187, 22, 207], [""만윤어 맛마 향이 뛰어났니다"", 205, 24, 221], [""100元"", 482, 49, 133], [""er"", 102, 17, 6], [""2023.01.20"", 434, 21, 176], [""雪鲁天）100dl1g×100号）（早价50%p/50%1KorenBurdockte牛擀茶"", 514, 23, 138]]"
002812,2023,01,13,2023-01-13,s2,"22 | 제품명 고소한 호두아몬드플무차 | 내용량 540g（18g×30） | 내포장재질 몰리에릴렌 식품유형 고형자 | 원재료명 정백당.땅용가공분(물엇,땅콩버터 | (중국산),식통성유지(외국산: 말레이시 | 아산 통).가제인나트용,유의재),복음생기무(외국산) | 일파이(외국신)식성크(원 이자 | 유청분일 제이인신 이산규소)대보  | 아본분대미국산 정제,음무부(중육신) | 1%,로워미국산) 소 이신화규스 | 우대.  | 문의 및 교화체 메사 및 구입치 | 보고번호 20030806080145 | 제 | 유통전문판대원 시시구시 | 주의사항 A    1 | 유통기한 2023.01.13 | 까지","[[""540g（18g×30）"", 226, 27, 252], [""22"", 53, 20, 16], [""제품명"", 200, 19, 181], [""고소한 호두아몬드플무차"", 207, 26, 252], [""내용량"", 217, 22, 180], [""내포장재질"", 234, 23, 170], [""몰리에릴렌"", 240, 23, 254], [""식품유형"", 244, 20, 348], [""원재료명"", 256, 22, 178], [""정백당.땅용가공분(물엇,땅콩버터"", 259, 28, 254], [""고형자"", 247, 18, 423], [""아산 통).가제인나트용,유의재),복음생기무(외국산)"", 283, 32, 164], [""(중국산),식통성유지(외국산: 말레이시"", 272, 26, 255], [""일파이(외국신)식성크(원 이자"", 296, 32, 167], [""유청분일 제이인신 이산규소)대보 "", 307, 32, 168], [""아본분대미국산 정제,음무부(중육신)"", 320, 31, 168], [""1%,로워미국산) 소 이신화규스"", 328, 22, 170], [""우대. "", 342, 21, 242], [""문의 및 교화체 메사 및 구입치"", 355, 25, 170], [""보고번호"", 366, 20, 175], [""20030806080145"", 370, 18, 256], [""제"", 383, 18, 194], [""유통전문판대원"", 404, 18, 175], [""시시구시"", 414, 23, 256], [""주의사항"", 423, 20, 192], [""   1"", 425, 23, 260], [""A"", 432, 15, 261], [""유통기한"", 502, 20, 192], [""2023.01.13"", 505, 23, 291], [""까지"", 521, 16, 407]]"
002814,NONE,NONE,NONE,NONE,fail,유본기한 | BABIET Ha~eiR | BABIES BABIES BABIETA BRBLES 바리스 BABISTA BAGISTA 바리스타플스 바리스타홀스 바리스타스 바리스타스 | una한e 유관기한 유용기한 유분기한 유분기한 972-992 22 가 | BRBISTA 바리스타플스 | 유관기한,"[[""BABIETA"", 344, 175, 75], [""바리스타홀스"", 390, 43, 219], [""유관기한"", 406, 31, 106], [""972-992"", 434, 71, 184], [""가"", 460, 18, 391], [""BABISTA"", 343, 186, 69], [""바리스타플스"", 388, 41, 220], [""유용기한"", 406, 35, 105], [""22"", 435, 77, 180], [""BABIET"", 253, 340, 222], [""유본기한"", 152, 88, 216], [""Ha~eiR"", 253, 32, 335], [""BABIES"", 340, 171, 75], [""바리스타스"", 392, 43, 217], [""유분기한"", 407, 26, 112], [""BABIES"", 340, 171, 75], [""바리스타스"", 392, 43, 217], [""유분기한"", 407, 26, 112], [""BRBISTA"", 688, 345, 157], [""바리스타플스"", 778, 77, 443], [""유관기한"", 814, 59, 213], [""BAGISTA"", 346, 163, 83], [""바리스"", 384, 29, 223], [""una한e"", 406, 35, 105], [""BRBLES"", 344, 165, 80]]"
002816,2021,06,28,2021-06-28,erode3,각자톡 | 복! 맞있는 감자소리 | 길아만른감자의진한풍미 | 발감한 감질맛 허브술트 | 영양정보 | 100g0 | 유동 2021.01.29 부터 | 2021.06.28 | 기한 00:10 A01 까지,"[[""복! 맞있는 감자소리"", 210, 46, 92], [""길아만른감자의진한풍미"", 236, 58, 61], [""발감한 감질맛 허브술트"", 262, 50, 68], [""영양정보"", 388, 29, 437], [""100g0"", 415, 28, 433], [""유동"", 430, 26, 27], [""기한"", 458, 29, 22], [""부터"", 453, 22, 257], [""00:10 A01"", 468, 29, 102], [""까지"", 480, 26, 250], [""각자톡"", 85, 115, 72], [""2021.01.29"", 441, 38, 105], [""2021.06.28"", 455, 32, 104]]"
002826,2021,07,03,2021-07-03,erode3,03 JUL 2021 | B1205:50,"[[""03 JUL 2021"", 344, 29, 323], [""B1205:50"", 364, 30, 323]]"
002827,NONE,NONE,NONE,NONE,fail,03LIL2031 021 | 612 12 12 61205:50 05:50 05:50 05:50 | ILL | US:50 | 03LIL2021 | 612 05:50,"[[""03LIL2031"", 230, 27, 290], [""61205:50"", 244, 29, 293], [""021"", 226, 27, 364], [""612"", 246, 19, 291], [""05:50"", 241, 25, 353], [""ILL"", 346, 33, 403], [""US:50"", 398, 22, 224], [""12"", 246, 15, 297], [""05:50"", 242, 23, 331], [""12"", 246, 15, 297], [""05:50"", 242, 23, 331], [""03LIL2021"", 460, 50, 583], [""612"", 492, 35, 586], [""05:50"", 484, 38, 712]]"
002843,NONE,NONE,NONE,NONE,fail,SI | HH THE HE HE HL | 601010512221 W917220290 06.2023L164A E HL H917220290 HESI HE | 5 | 06.2023 L164A 06.2023-L164A 06.2023L164A 06.2023-L164A | 5 HH 601010 560101051222 5601010512221 601010512221 06.2023-L164A 512221 HL | 5 601010512221 | 06.2023L164A | 5601010512221,"[[""HE"", 313, 38, 371], [""06.2023L164A"", 556, 28, 298], [""601010512221"", 644, 26, 268], [""5"", 646, 13, 261], [""THE"", 311, 46, 361], [""06.2023 L164A"", 555, 32, 297], [""601010"", 646, 27, 281], [""512221"", 644, 23, 382], [""SI"", 266, 13, 307], [""601010512221"", 376, 196, 302], [""06.2023L164A"", 370, 151, 390], [""HE"", 408, 67, 632], [""HESI"", 404, 38, 612], [""HH"", 308, 67, 295], [""H917220290"", 350, 149, 542], [""5"", 453, 12, 641], [""W917220290"", 405, 28, 275], [""HH"", 646, 39, 273], [""HL"", 314, 34, 375], [""E"", 338, 29, 381], [""06.2023-L164A"", 556, 28, 298], [""5601010512221"", 645, 26, 257], [""HL"", 360, 46, 426], [""06.2023-L164A"", 637, 30, 344], [""5"", 744, 13, 299], [""601010512221"", 739, 33, 308], [""HL"", 628, 63, 749], [""06.2023L164A"", 1112, 49, 599], [""5601010512221"", 1290, 49, 514], [""HE"", 313, 25, 378], [""06.2023-L164A"", 556, 30, 299], [""560101051222"", 644, 28, 256]]"
002844,NONE,NONE,NONE,NONE,fail,료료료 | 06.2023 | 06.2023 06.2023 06.2023 06.2023L164A 06.2023L164A L164A L164A LIGAN H6 | 50 50 | 06.2023 L164A | 5 60101051222,"[[""06.2023"", 385, 33, 282], [""L164A"", 397, 30, 349], [""06.2023"", 383, 35, 282], [""L164A"", 396, 33, 342], [""06.2023"", 319, 78, 238], [""료료료"", 237, 46, 448], [""06.2023L164A"", 390, 46, 281], [""50"", 439, 8, 272], [""06.2023L164A"", 390, 46, 281], [""50"", 439, 8, 272], [""H6"", 477, 56, 737], [""06.2023"", 768, 61, 566], [""L164A"", 794, 57, 694], [""5"", 863, 20, 489], [""60101051222"", 897, 92, 527], [""06.2023"", 384, 33, 282], [""LIGAN"", 398, 28, 359]]"
002863,2021,08,22,2021-08-22,up2x,Made by | neuema-Hallum B.V 9074-3-4 | P.O.BOX3-3074ZL | Hallum-Hollarid | www.hellema.com 전 이행 | Best Before: Sa31e | HIB- APT 2021.08. 223:08:3948 | [Un ulbel 8710508912188,"[[""Made by"", 654, 47, 539], [""neuema-Hallum B.V"", 692, 82, 536], [""P.O.BOX3-3074ZL"", 715, 74, 537], [""Hallum-Hollarid"", 736, 64, 537], [""9074-3-4"", 730, 47, 850], [""www.hellema.com"", 762, 66, 535], [""HIB-"", 812, 115, 165], [""Best Before:"", 786, 54, 533], [""APT"", 832, 130, 249], [""전 이행"", 802, 39, 899], [""Sa31e"", 821, 52, 780], [""223:08:3948"", 888, 145, 563], [""2021.08."", 865, 72, 583], [""[Un"", 986, 129, 182], [""ulbel"", 988, 121, 234], [""8710508912188"", 1056, 252, 559]]"
002865,NONE,NONE,NONE,NONE,fail,"—– | -19 | T | 7 T T on ing On tn Tatad | 2 | RCE, OTWC AOD. | ONENR |  t en IM Tatal | XL TAOD","[[""7"", 436, 6, 162], [""on ing On tn Tatad"", 438, 17, 171], [""2"", 454, 14, 173], [""RCE, OTWC AOD."", 464, 17, 208], [""T"", 402, 9, 328], [""ONENR"", 586, 44, 435], [""T"", 428, 28, 133], [""T"", 428, 28, 133], ["" t en IM Tatal"", 876, 31, 323], [""TAOD"", 928, 50, 303], [""XL"", 930, 15, 315], [""—–"", 26, 9, 253], [""-19"", 332, 68, 135]]"
002867,NONE,NONE,NONE,NONE,fail,Roll Break joaq ig/oua auuajad eunuo eg ITALY | ymadL Da consumarsi preferibilmente entro it/ Best before: TIOL | Roll Bpeak Robl Break Roll Bret RollBreak RollBreak Robl Break yadL 26383392 26383782 2능로8글일 2능로8글일 26383322 | Ba comstseari pref Da consumarsi preferibilmente entro if/ Best before: Da consumarsi preferibilmente entro it/ Best before: Da consumarsi preferibilmente entro it / Best before: Da consumarsi preferibilmente entro it / Best before: | ATII | E94 | V2 | RollB B/eak 26383392 | Da consumarsi preferibilmente entro it / Best before:,"[[""Robl Break"", 349, 124, 28], [""26383322"", 369, 52, 360], [""Da consumarsi preferibilmente entro it/ Best before:"", 412, 60, 213], [""Roll Bpeak"", 346, 140, 18], [""26383392"", 368, 59, 356], [""Da consumarsi preferibilmente entro if/ Best before:"", 411, 60, 212], [""Roll Break"", 188, 306, 229], [""ATII"", 463, 36, 317], [""ITALY"", 177, 30, 285], [""yadL"", 378, 123, 342], [""Da consumarsi preferibilmente entro it/ Best before:"", 288, 285, 381], [""joaq ig/oua auuajad eunuo eg"", 230, 61, 150], [""ymadL"", 271, 66, 311], [""TIOL"", 303, 96, 422], [""RollBreak"", 347, 134, 23], [""2능로8글일"", 368, 54, 359], [""Da consumarsi preferibilmente entro it / Best before:"", 413, 60, 214], [""RollBreak"", 347, 134, 23], [""2능로8글일"", 368, 54, 359], [""Da consumarsi preferibilmente entro it / Best before:"", 413, 60, 214], [""RollB"", 674, 199, 58], [""E94"", 582, 8, 668], [""V2"", 596, 24, 670], [""B/eak"", 736, 125, 387], [""26383392"", 736, 100, 721], [""Da consumarsi preferibilmente entro it / Best before:"", 823, 108, 430], [""Roll Bret"", 347, 126, 24], [""26383782"", 369, 52, 360], [""Ba comstseari pref"", 399, 34, 213], [""Robl Break"", 348, 128, 25]]"
002902,2020,07,22,2020-07-22,det5,"SLICED | ALMOND | EVERY DAY WITH FRESH NUT | FOR OUR FAMILY! | 12020.07.22 | 제품명아몬드슬라이스 | 원산지 미국산 ·본제품은땅,대두밀계란되지기 | 내용량 1kg 토마토,호두고기쇠고기,오징어유조 | 수입민업소 (굴,전복,홍합포함)를사용하는 제품과동들한 | 플리에일 장라인에서 생산되었습니다. | 포장일자 별도표기일(년월일 순) ·본제품은공정거래위원고시소비자해 | 그구입및만원 기준에의거교한또는보상받을수있습니다 | ·직을피하고조한실은보한하여주으시 | ·개봉후에는밀하여장보관하주십시 | 88090220201707","[[""SLICED"", 180, 81, 232], [""ALMOND"", 262, 151, 126], [""EVERY DAY WITH FRESH NUT"", 402, 38, 243], [""FOR OUR FAMILY!"", 426, 32, 294], [""12020.07.22"", 618, 35, 282], [""제품명아몬드슬라이스"", 654, 33, 164], [""원산지"", 671, 29, 165], [""미국산"", 675, 30, 216], [""·본제품은땅,대두밀계란되지기"", 664, 49, 422], [""내용량"", 690, 29, 165], [""1kg"", 696, 30, 217], [""수입민업소"", 710, 31, 168], [""토마토,호두고기쇠고기,오징어유조"", 688, 53, 424], [""(굴,전복,홍합포함)를사용하는 제품과동들한"", 712, 59, 423], [""포장일자 별도표기일(년월일 순)"", 757, 58, 171], [""플리에일"", 735, 28, 224], [""장라인에서 생산되었습니다."", 741, 40, 425], [""그구입및만원"", 788, 50, 184], [""·본제품은공정거래위원고시소비자해"", 758, 64, 423], [""기준에의거교한또는보상받을수있습니다"", 782, 64, 425], [""·직을피하고조한실은보한하여주으시"", 802, 75, 423], [""·개봉후에는밀하여장보관하주십시"", 827, 74, 422], [""88090220201707"", 860, 45, 242]]"
002904,NONE,NONE,NONE,NONE,fail,3A0H 033002939072 | BEST BY 053002939075 053002939075 053002939075 033002939075 52023 085 1101 023 085 1101 T932023 085 1101 0L2023 085 11:01 | www- www- www- www- | HOY HDPE HDPE HDPE 61 0 6 | 647065 647065 5706L3023 085 11:01 03 085 1101 | www www 053002939075 053002939075 | HDPE HDPE,"[[""053002939075"", 532, 33, 228], [""HDPE"", 714, 41, 267], [""6"", 720, 21, 414], [""033002939075"", 531, 36, 227], [""www-"", 598, 147, 28], [""HDPE"", 713, 44, 264], [""033002939072"", 328, 205, 410], [""0L2023 085 11:01"", 466, 291, 424], [""3A0H"", 246, 43, 387], [""52023 085 1101"", 503, 81, 226], [""BEST BY"", 512, 31, 234], [""053002939075"", 532, 34, 228], [""www-"", 603, 138, 36], [""HDPE"", 714, 41, 268], [""0"", 720, 12, 418], [""03 085 1101"", 1006, 133, 447], [""647065"", 982, 73, 465], [""053002939075"", 1062, 61, 458], [""www"", 1183, 246, 70], [""HDPE"", 1428, 77, 538], [""647065"", 983, 60, 465], [""5706L3023 085 11:01"", 1014, 93, 455], [""053002939075"", 1062, 64, 457], [""www"", 1182, 245, 73], [""HDPE"", 1427, 72, 538], [""T932023 085 1101"", 512, 48, 279], [""www-"", 600, 147, 30], [""053002939075"", 532, 37, 228], [""www-"", 602, 149, 31], [""HOY"", 712, 38, 266], [""61"", 720, 26, 411], [""023 085 1101"", 500, 65, 226]]"
002915,2022,09,15,2022-09-15,det5,OMYAM | 망고맛 푸딩 PENZ | Mango dding | with nata de coco | 130g(116Kcal) 2022.09.15 | .합성망고향( 0.12% 함유 | :88 | 0 Tomato,"[[""Tomato"", 38, 77, 585], [""PENZ"", 38, 76, 314], [""푸딩"", 254, 127, 68], [""2022.09.15"", 277, 32, 180], [""OMYAM"", 286, 67, 0], [""dding"", 295, 76, 113], [""망고맛"", 328, 139, 0], [""함유"", 365, 21, 189], [""Mango"", 370, 87, 30], [""0.12%"", 380, 29, 168], [""with nata de coco"", 369, 119, 46], ["".합성망고향("", 405, 52, 129], [""130g(116Kcal)"", 421, 76, 77], ["":88"", 484, 17, 80], [""0"", 485, 8, 143]]"
002927,2040,02,02,2040-02-02,fail,8B 요플레 2 입 기획 | KOB 입 2 토핑 토핑부터 특별하니까/ CNDDOD EQ 요플레 요플레 오레오 | 1으(1이이 125g165x1-250gsoa 1으/1이이)품 따크츠 브라우니큐키 솔티드 8[다즈 TOPPING TOPPING TOPPING TOPPING TOPPING / 다크츠코 다크츠코 다크초코 다크초코 C 다크초코 Eh 토핑부터 특별하니까/ 토핑부터 특별하니까/ 토핑부터 특별하니까 토핑부터 특별하니까/ TOPPING / 유통기한 | 유통기한 유통기한 유통기한 2 04.08 04.08 ROTP44 0744 1 88%40 2 2 N 오플레 | 용명문용동가제으로다 기획 | 16 1gkg( 88%40 88%40] TOPPING TOPPING 다크초코 다크초코 H1 토핑부터 특별하니까/ 토핑부터 특별하니까/ | 유통기한 유통기한 N,"[[""요플레"", 288, 158, 565], [""TOPPING"", 471, 230, 218], [""다크초코"", 414, 119, 278], [""토핑부터 특별하니까/"", 474, 237, 429], [""1으/1이이)품"", 512, 290, 26], [""유통기한"", 652, 56, 191], [""2"", 656, 51, 527], [""TOPPING"", 469, 248, 203], [""다크츠코"", 408, 115, 269], [""토핑부터 특별하니까/"", 476, 243, 430], [""유통기한"", 650, 62, 188], [""2"", 652, 75, 514], [""CNDDOD"", 244, 49, 378], [""EQ"", 290, 32, 501], [""C"", 382, 25, 324], [""/"", 454, 41, 366], [""2"", 567, 96, 275], [""8B 요플레"", 126, 72, 75], [""2"", 153, 94, 621], [""입"", 142, 72, 661], [""기획"", 180, 35, 680], [""토핑부터 특별하니까/"", 266, 43, 356], [""KOB"", 300, 55, 61], [""토핑"", 364, 201, 326], [""다크초코"", 430, 30, 353], [""TOPPING"", 478, 52, 351], [""유통기한"", 501, 59, 622], [""88%40"", 636, 36, 370], [""1"", 671, 37, 369], [""입"", 256, 53, 110], [""2"", 308, 61, 110], [""/"", 483, 240, 244], [""Eh"", 548, 115, 414], [""오레오"", 297, 214, 552], [""TOPPING"", 468, 233, 214], [""다크초코"", 416, 122, 277], [""토핑부터 특별하니까"", 474, 237, 428], [""1으(1이이"", 494, 255, 27], [""따크츠 브라우니큐키 솔티드 8[다즈"", 498, 253, 64], [""유통기한"", 650, 50, 193], [""TOPPING"", 936, 484, 422], [""다크초코"", 824, 235, 546], [""토핑부터 특별하니까/"", 952, 463, 872], [""1gkg("", 1026, 573, 60], [""88%40]"", 1024, 569, 131], [""H1"", 835, 190, 635], [""유통기한"", 1298, 96, 388], [""오플레"", 607, 430, 1110], [""TOPPING"", 936, 483, 419], [""다크초코"", 819, 214, 550], [""토핑부터 특별하니까/"", 952, 462, 873], [""16"", 1024, 577, 59], [""88%40"", 1024, 571, 133], [""유통기한"", 1298, 91, 387], [""N"", 1306, 115, 1047], [""04.08"", 626, 37, 279], [""ROTP44"", 650, 30, 301], [""TOPPING"", 471, 230, 213], [""N"", 653, 58, 524], [""다크츠코"", 413, 112, 277], [""토핑부터 특별하니까/"", 475, 238, 429], [""125g165x1-250gsoa"", 476, 214, 30], [""04.08"", 626, 33, 281], [""0744"", 650, 29, 302], [""용명문용동가제으로다"", 684, 50, 281], [""기획"", 708, 55, 523], [""요플레"", 287, 160, 565], [""TOPPING"", 471, 232, 217]]"
002928,NONE,NONE,NONE,NONE,fail,요플레 DEIOERIEE! | 입 c8 2일 기획 요플레 | 2 토핑부터특별하니까 cB | 159 159 1 TOPPING TOPPING TOPPING TOPPING TOPPING TOPPING 디크츠코 크코 크코 다크츠코 다크초코 토평 E 토핑부터 특별하니까? 토핑부터 특별하니까 토핑부터특별하니까 토핑부터특별하니까 토핑부터특별하니까 요레 | 다크코 EEIOREYE! | O4.요8 | 유동기한스 TOPPING 4 4 ROP44 4 2 | lc 유동기한 TOPPING 띠으 띠으 다크츠코 토핑부터 특별하니까/ | 125g250 12 | 유동기한,"[[""요플레"", 204, 109, 519], [""TOPPING"", 288, 167, 181], [""다크초코"", 252, 78, 247], [""토핑부터특별하니까"", 310, 173, 366], [""4"", 418, 32, 249], [""1"", 296, 206, 11], [""TOPPING"", 287, 180, 173], [""다크츠코"", 252, 87, 243], [""토핑부터 특별하니까"", 312, 177, 367], [""유동기한스"", 404, 50, 153], [""DEIOERIEE!"", 86, 31, 346], [""c8"", 179, 44, 217], [""E"", 267, 36, 351], [""lc"", 454, 31, 148], [""요플레"", 92, 63, 143], [""2일"", 156, 105, 406], [""기획"", 186, 34, 449], [""토핑부터특별하니까"", 239, 78, 223], [""토평"", 327, 202, 188], [""다크코"", 372, 39, 210], [""TOPPING"", 422, 73, 203], [""유동기한"", 461, 48, 382], [""12"", 596, 56, 197], [""입"", 167, 54, 118], [""2"", 200, 39, 118], [""cB"", 236, 41, 439], [""EEIOREYE!"", 394, 79, 539], [""159"", 216, 26, 44], [""TOPPING"", 287, 168, 182], [""크코"", 254, 81, 247], [""토핑부터특별하니까"", 309, 162, 372], [""4"", 418, 33, 249], [""띠으"", 477, 44, 436], [""159"", 216, 26, 44], [""TOPPING"", 287, 168, 182], [""크코"", 254, 81, 247], [""토핑부터특별하니까"", 309, 162, 372], [""4"", 418, 33, 249], [""띠으"", 477, 44, 436], [""요레"", 422, 299, 1006], [""125g250"", 576, 356, 40], [""TOPPING"", 575, 330, 365], [""다크츠코"", 505, 148, 496], [""토핑부터 특별하니까/"", 620, 327, 745], [""유동기한"", 806, 73, 316], [""TOPPING"", 288, 158, 186], [""디크츠코"", 254, 81, 247], [""O4.요8"", 402, 39, 233], [""ROP44"", 418, 29, 251], [""2"", 441, 37, 447], [""TOPPING"", 287, 168, 181], [""토핑부터 특별하니까?"", 310, 168, 368]]"
002971,2022,11,14,2022-11-14,det5,WORLD | 카디 |   | 00 0 | 71e | 2022.11.14,"[[""WORLD"", 276, 32, 323], [""카디"", 299, 26, 361], [""00"", 322, 15, 243], ["" "", 313, 18, 245], [""0"", 327, 16, 371], [""71e"", 406, 16, 235], [""2022.11.14"", 424, 31, 235]]"
003004,2023,12,05,2023-12-05,rot180,(960）6 | () ( （%（%)（% 60 （%0）60% (%)2 (%0）6uo 66 | (곳 3 ㅇ 9 S | 051223 | t | (%9 \t MHOnMENEIL <금 | ((%9,"[[""(960）6"", 221, 94, 369], [""()"", 328, 284, 144], [""（%（%)（%"", 328, 274, 342], [""66"", 348, 219, 505], [""("", 358, 213, 164], [""60"", 326, 85, 377], [""(%)2"", 326, 83, 420], [""（%0）60%"", 426, 70, 382], [""(%0）6uo"", 430, 65, 424], [""(곳"", 452, 77, 237], [""3"", 492, 11, 409], [""ㅇ"", 491, 12, 447], [""9"", 490, 11, 474], [""S"", 490, 9, 492], [""051223"", 628, 27, 473], [""t"", 681, 77, 114], [""(%9"", 844, 229, 139], [""<금"", 761, 54, 426], [""MHOnMENEIL"", 876, 166, 213], [""\\t"", 845, 72, 193], [""((%9"", 916, 83, 169]]"
003005,2023,05,01,2023-05-01,rot90,aanym | 1 05.2023 9EEI UP | 0 00 D9481 | ( 일양 | agqeu (X | (91,"[[""aanym"", 85, 36, 504], [""05.2023"", 156, 98, 388], [""9EEI UP"", 118, 33, 524], [""1"", 167, 44, 153], [""D9481"", 275, 78, 407], [""0"", 292, 29, 191], [""00"", 298, 9, 332], [""일양"", 430, 14, 616], [""agqeu"", 452, 23, 565], [""(X"", 448, 21, 621], [""("", 472, 30, 208], [""(91"", 481, 34, 423]]"
003013,2024,01,29,2024-01-29,det5,원산지 멕시코 | 0 | 영양정보 | 나트름 0mg | 大910170% | 스터 Omg 0 | BAG | WITH | OIL | 29.Jan.2024 | L21029 N1725,"[[""원산지 멕시코"", 31, 57, 329], [""0"", 52, 47, 213], [""영양정보"", 197, 74, 313], [""나트름"", 209, 26, 328], [""大910170%"", 234, 57, 313], [""0mg"", 213, 24, 351], [""스터"", 244, 27, 318], [""Omg 0"", 256, 41, 362], [""BAG"", 300, 18, 250], [""WITH"", 309, 19, 249], [""OIL"", 320, 17, 250], [""29.Jan.2024"", 429, 40, 253], [""L21029 N1725"", 448, 45, 244]]"
003014,NONE,NONE,NONE,NONE,fail,f Let Let f fo fo fo G Lot'e stay conreeteef Lets stay connected y CiNnaMen FLaX 1UM POWER onnecteest onnecteest g p p B B | 1UM POWER 1UM POWER 1UM POWER 1UM POWER 1UM POWER UCM POWER BESI BESI TUN 부튜FOR트 BEFORE 2 | y CiNnaMen FLaX y CiNnaMen FLaX y CiNnaMen FLaX y CiNnaMen FLaX y CiNnaMon FLaX YcawaMon FLax 00 0 UEBERRY TASTE 10 10 13:44W ：44W 13617 13617 | LEBERRY WEBERRY TASTE LEBERRY TASTE LUEBERRY TASTE JEBERRY TASTE JEBERRY TASTE ASLES PPPIE TASTE fP 2 | 'Nns Mtt ALWAAS A RGA RGA ORGANI ALWANS ALWANS AWAYS ALWAYS ALWAYS AHS Xel ueweuns h | 1S 1UM POWER 1 NDSESSAANS 1BENORE REFORE | d y CiNnaMen FLaX Xe ueweZm h 4 13:44W 136017 | ' | WEBERRY TASTE | ALWANS | WROSESAAN,"[[""1UM POWER"", 220, 36, 1], [""y CiNnaMen FLaX"", 250, 28, 0], [""ALWANS"", 396, 51, 304], [""Lets stay connected"", 153, 18, 291], [""fo"", 170, 18, 301], [""B"", 170, 18, 430], [""부튜FOR트"", 219, 18, 424], [""TUN"", 230, 15, 427], [""：44W"", 242, 18, 388], [""13617"", 242, 17, 465], [""WEBERRY TASTE"", 341, 34, 5], [""NDSESSAANS"", 440, 23, 362], [""f"", 170, 15, 295], [""B"", 169, 18, 429], [""1UM POWER"", 220, 37, 0], [""BEFORE"", 218, 26, 420], [""2"", 218, 15, 513], [""13:44W"", 240, 25, 361], [""y CiNnaMen FLaX"", 250, 28, 0], [""13617"", 242, 24, 463], [""LEBERRY"", 340, 44, 0], [""TASTE"", 340, 48, 284], [""ALWANS"", 395, 44, 303], [""y CiNnaMen FLaX"", 121, 236, 376], [""1UM POWER"", 126, 246, 403], [""UEBERRY TASTE"", 243, 428, 278], [""fP"", 378, 175, 456], [""ALWAAS"", 401, 182, 221], [""ASLES PPPIE"", 364, 356, 323], [""00"", 244, 14, 213], [""0"", 258, 15, 234], [""Xe ueweZm h"", 519, 236, 236], [""'"", 540, 24, 333], [""Xel ueweuns h"", 390, 28, 399], [""Mtt"", 399, 21, 196], [""'Nns"", 411, 22, 160], [""1S"", 423, 12, 226], [""d"", 472, 13, 177], [""4"", 472, 17, 312], [""Let"", 154, 11, 293], [""onnecteest"", 154, 19, 379], [""fo"", 170, 18, 292], [""p"", 170, 15, 430], [""1UM POWER"", 220, 34, 3], [""BESI"", 218, 15, 365], [""10"", 242, 16, 363], [""y CiNnaMen FLaX"", 251, 30, 1], [""JEBERRY TASTE"", 340, 38, 34], [""ALWAYS"", 390, 39, 314], [""RGA"", 404, 16, 339], [""Let"", 154, 11, 293], [""onnecteest"", 154, 19, 379], [""fo"", 170, 18, 292], [""p"", 170, 15, 430], [""1UM POWER"", 220, 34, 3], [""BESI"", 218, 15, 365], [""10"", 242, 16, 363], [""y CiNnaMen FLaX"", 251, 30, 1], [""JEBERRY TASTE"", 340, 38, 34], [""ALWAYS"", 390, 39, 314], [""RGA"", 404, 16, 339], [""2"", 339, 18, 876], [""1BENORE"", 448, 87, 714], [""1UM POWER"", 442, 65, 4], [""REFORE"", 436, 31, 852], [""13:44W"", 484, 34, 730], [""136017"", 486, 37, 931], [""y CiNnaMen FLaX"", 501, 50, 3], [""WEBERRY TASTE"", 681, 76, 9], [""ALWANS"", 790, 85, 615], [""WROSESAAN"", 878, 33, 728], [""UCM POWER"", 220, 34, 10], [""YcawaMon FLax"", 252, 29, 6], [""LUEBERRY TASTE"", 340, 42, 4], [""A"", 394, 17, 322], [""AHS"", 390, 29, 354], [""Lot'e stay conreeteef"", 154, 21, 289], [""f"", 170, 11, 310], [""G"", 170, 18, 331], [""g"", 170, 13, 432], [""y CiNnaMon FLaX"", 251, 27, 3], [""ORGANI"", 404, 19, 312], [""1"", 440, 11, 390], [""1UM POWER"", 220, 36, 1], [""LEBERRY TASTE"", 340, 35, 6], [""AWAYS"", 390, 32, 312]]"
003016,2022,07,08,2022-07-08,s2,E | Tootsie | Ron | Midgees | M7Q237-072 | 080-215-9800 | 2022.07.0 8 8091411 470237,"[[""Tootsie"", 186, 30, 474], [""Ron"", 204, 27, 493], [""080-215-9800"", 352, 27, 187], [""2022.07.0"", 390, 29, 137], [""E"", 148, 14, 313], [""Midgees"", 219, 26, 498], [""M7Q237-072"", 307, 12, 136], [""8"", 401, 10, 463], [""8091411"", 406, 22, 480], [""470237"", 412, 22, 554]]"
003018,2023,01,04,2023-01-04,det5,2023.01.04,"[[""2023.01.04"", 574, 33, 208]]"
003027,2021,09,28,2021-09-28,s2,"Packs | Product Name /Blueberry Cake | Nom du Produit Biscuit Myrtille | al    Ingredients/ Wheat Flour, Sugar, Maltose, Wax Gourd, Blueberry. | Ingrédients Margarine[PalmOil,Salt, Lecithin(E322), |   Artificial Butter Flavor, β-Carotene 1. Butter, Egg. | 12%  ()  MilkPowder,BlueberryFlavor,Salt,β-Carotene(E160a) | 37% Farine de Ble, Sucre, Maltose, Courge Cireuse, Myrtille, | 50%  β-()1 Margarine[HuiledePalme,Sel, Lecithines(E322). | Arome, Carotene I .Beurre, CEuf, Lait en Poudre, Arome, | 61%    Sel,Carotene(E160a) | β-() Net Weight/ 184g(6.50z) | 113% Poids Net (23g×8Pieces/23g×8) | 9 35%    184公克（6.5益司）（23g×8入） Shelf Life/ Shown on the package Best Before/ Shown on the package | 1913% Durée de conservation 'emballage. Voir date indiqube sur preference avant A consommer de remballage. Voir date indiquee sur | .,LTD W5 BEST BEF0RE:2021/09/28 | Aliergen Inomation Contains eoa. wheat. milk, soybears. MD)","[[""Packs"", 159, 28, 637], [""  "", 410, 22, 70], ["".,LTD"", 473, 20, 0], [""Product Name /Blueberry Cake"", 250, 17, 382], [""Nom du Produit Biscuit Myrtille"", 262, 19, 382], [""al"", 270, 13, 1], [""  "", 280, 18, 133], [""Ingredients/"", 278, 20, 382], [""Wheat Flour, Sugar, Maltose, Wax Gourd, Blueberry."", 279, 21, 481], [""Ingrédients"", 291, 18, 383], [""Margarine[PalmOil,Salt, Lecithin(E322),"", 292, 18, 482], ["" "", 302, 17, 138], [""Artificial Butter Flavor, β-Carotene 1. Butter, Egg."", 305, 19, 482], [""12%"", 318, 15, 0], ["" () "", 324, 19, 142], [""MilkPowder,BlueberryFlavor,Salt,β-Carotene(E160a)"", 318, 18, 481], [""37%"", 334, 15, 2], [""Farine de Ble, Sucre, Maltose, Courge Cireuse, Myrtille,"", 333, 18, 482], [""50%"", 351, 16, 7], ["" β-()1"", 346, 18, 144], [""Margarine[HuiledePalme,Sel, Lecithines(E322)."", 346, 18, 480], [""  "", 367, 20, 148], [""Arome, Carotene I .Beurre, CEuf, Lait en Poudre, Arome,"", 358, 19, 481], [""61%"", 367, 14, 11], [""Sel,Carotene(E160a)"", 370, 17, 480], [""β-()"", 387, 20, 153], [""Net Weight/"", 384, 14, 388], [""184g(6.50z)"", 386, 17, 482], [""113%"", 398, 15, 16], [""Poids Net"", 396, 17, 387], [""(23g×8Pieces/23g×8)"", 397, 18, 480], [""9"", 414, 11, 1], [""35%"", 412, 16, 23], [""184公克（6.5益司）（23g×8入）"", 412, 16, 157], [""Shelf Life/"", 409, 18, 387], [""Shown on the package"", 411, 19, 479], [""Voir date indiqube sur"", 421, 19, 479], [""Best Before/"", 412, 14, 593], [""Shown on the package"", 412, 19, 687], [""1913%"", 426, 20, 0], [""conservation"", 429, 16, 387], [""Durée de"", 420, 12, 391], [""'emballage."", 430, 18, 480], [""A consommer de"", 422, 13, 595], [""remballage."", 431, 18, 685], [""Voir date indiquee sur"", 422, 18, 687], [""preference avant"", 432, 13, 593], [""BEST BEF0RE:2021/09/28"", 472, 31, 426], [""W5"", 475, 10, 130], [""Aliergen Inomation Contains eoa. wheat."", 486, 21, 147], [""milk, soybears."", 498, 17, 252], [""MD)"", 494, 19, 662]]"
003111,2021,06,09,2021-06-09,up2x,0 | 유통기한 | 2021.06.093Xl | 克14:51日11 Dongwr- | 리피르어,"[[""0"", 388, 11, 648], [""Dongwr-"", 544, 71, 864], [""유통기한"", 630, 57, 227], [""2021.06.093Xl"", 606, 129, 316], [""克14:51日11"", 634, 132, 324], [""리피르어"", 776, 101, 524]]"
003114,2021,09,25,2021-09-25,s2,GRANB'OR | CAMEMBERT | Netweight125g | Best before/Consumir preferentemente antes del/A consommer de préférence | avant/Data de validade/: Lsiyl si | PROD.DATE. :2020.09.25 | BEST BEFORE:2021.09.25,"[[""GRANB'OR"", 302, 23, 223], [""Netweight125g"", 468, 21, 284], [""CAMEMBERT"", 337, 26, 168], [""Best before/Consumir preferentemente antes del/A consommer de préférence"", 511, 22, 43], [""avant/Data de validade/: Lsiyl si"", 525, 26, 44], [""PROD.DATE. :2020.09.25"", 573, 35, 141], [""BEST BEFORE:2021.09.25"", 601, 35, 134]]"
003115,2021,09,25,2021-09-25,s2,Net weight 12s so | Best betore/Consumir preferertemente antes det/A consommer de proference | PROD.DATE.:2020.09.25 | BEST BEFORE:2021-09.25,"[[""Net weight 12s so"", 328, 40, 251], [""Best betore/Consumir preferertemente antes det/A consommer de proference"", 364, 77, 44], [""PROD.DATE.:2020.09.25"", 410, 55, 138], [""BEST BEFORE:2021-09.25"", 428, 59, 137]]"
003123,NONE,NONE,NONE,NONE,fail,OAA P 1등: : 링우 {∠H0 10099 OAA :lau splod | Z000822500 CIT-EEO | 10059 A consommer de preterence avant le/ A consommer de preterence avant le/ Aconsommer de préterence avant le / A consommer de préterence avant le / | {≤ HO Best before/ Best before/ Best before/ Best betore/ FR FR | Consumir preterentemente antes del/ A consumir de preferéncia antes de: Consumir preterentemente antes del/ Consumir preterentemente antes del/ Consumir preterentemente antes del/ A consumir de preferéncia antes de: Aconsumr de preferéncia antes de: Aconsumr de preferéncia antes de: 판매가 판매가 판매가 판매가 판 매 가 | PRD FERP 13:88:2829 FERP 13:88:2829 PRP1::9 PBUP 1등:B음: 골요9  12:: 1등:ㅁ음:을우 350 6500 6500 6500 6500 6500 | 0-119 01-119 01-119 01-119 005778 005778 0057780002 0057780082 | Poids net:125g Poids net:125g Poids net:125g Poids net:125g Poidls net : 125 g shm: 125 g 판 Wo Wo | 매 au spioe | Aconsommer de préterence avant le/ | Best betore/ FR | Consumir preterentemente antes del/ A consurmir de preteréncia antes de: 판매가 | FRU드 1등:ㅁ:2음 65001 | 007-1190057780002 | Poidsnet:125g 2929127600065 | Wo,"[[""A consommer de préterence avant le /"", 307, 40, 71], [""판매가"", 311, 37, 432], [""Consumir preterentemente antes del/"", 332, 41, 77], [""6500"", 339, 43, 450], [""PRD"", 384, 46, 73], [""1등:ㅁ음:을우"", 372, 47, 157], [""Wo"", 418, 31, 525], [""Poids net:125g"", 448, 51, 85], [""FR"", 296, 14, 473], [""Best betore/"", 319, 24, 140], [""A consumir de preferéncia antes de:"", 344, 35, 83], [""01-119"", 368, 21, 433], [""0057780082"", 362, 24, 485], [""FR"", 295, 16, 473], [""Aconsommer de préterence avant le /"", 306, 41, 70], [""Best before/"", 318, 23, 140], [""판매가"", 311, 36, 432], [""Consumir preterentemente antes del/"", 330, 37, 77], [""6500"", 338, 51, 446], [""A consumir de preferéncia antes de:"", 342, 37, 82], [""PRP1::9"", 375, 62, 74], [""0-119"", 368, 21, 432], [""0057780002"", 362, 27, 484], [""Wo"", 418, 32, 523], [""Poids net:125g"", 448, 48, 84], [""P 1등: : 링우"", 201, 252, 234], [""판"", 451, 26, 317], [""매"", 474, 33, 320], [""OAA"", 88, 44, 407], [""10099"", 139, 88, 320], [""{∠H0"", 162, 91, 294], [""au spioe"", 504, 89, 444], ["":lau splod"", 185, 27, 465], [""OAA"", 221, 30, 62], [""CIT-EEO"", 272, 17, 152], [""Z000822500"", 278, 24, 66], [""10059"", 301, 46, 91], [""{≤ HO"", 329, 38, 115], [""A consommer de preterence avant le/"", 307, 40, 70], [""Best before/"", 319, 22, 141], [""판매가"", 312, 34, 433], [""Consumir preterentemente antes del/"", 332, 40, 78], [""6500"", 338, 45, 447], [""Aconsumr de preferéncia antes de:"", 344, 36, 84], [""FERP 13:88:2829"", 377, 62, 73], [""01-119"", 368, 15, 436], [""005778"", 364, 17, 487], [""Poids net:125g"", 449, 48, 87], [""A consommer de preterence avant le/"", 307, 40, 70], [""Best before/"", 319, 22, 141], [""판매가"", 312, 34, 433], [""Consumir preterentemente antes del/"", 332, 40, 78], [""6500"", 338, 45, 447], [""Aconsumr de preferéncia antes de:"", 344, 36, 84], [""FERP 13:88:2829"", 377, 62, 73], [""01-119"", 368, 15, 436], [""005778"", 364, 17, 487], [""Poids net:125g"", 449, 48, 87], [""FR"", 590, 27, 949], [""Aconsommer de préterence avant le/"", 612, 71, 146], [""판매가"", 622, 67, 868], [""Best betore/"", 636, 41, 286], [""Consumir preterentemente antes del/"", 660, 73, 157], [""65001"", 678, 81, 898], [""A consurmir de preteréncia antes de:"", 686, 65, 171], [""1등:ㅁ:2음"", 742, 97, 314], [""007-1190057780002"", 730, 55, 868], [""FRU드"", 755, 42, 160], [""2929127600065"", 816, 59, 810], [""Wo"", 838, 59, 1049], [""Poidsnet:125g"", 896, 91, 175], [""350"", 339, 30, 459], ["" 12::"", 376, 57, 81], [""shm: 125 g"", 447, 46, 103], [""판 매 가"", 312, 35, 435], [""6500"", 339, 43, 450], [""PBUP 1등:B음: 골요9"", 376, 56, 78], [""Poidls net : 125 g"", 448, 47, 87]]"
003147,2021,04,22,2021-04-22,s2,2021:04.22 | 09:51 | OTHER | PP,"[[""2021:04.22"", 385, 27, 192], [""09:51"", 398, 17, 215], [""OTHER"", 590, 18, 141], [""PP"", 599, 12, 148]]"
003161,2021,10,NONE,2021-10-NONE,fail,2.0M | unabe 메대개 | 20m 20E | una류 | L010276 141000 10202 | 13:42 일 | 10 2021 10 202113:42 10202113:42 10202113:42 10 202113:42 13:42 . AS | L010276 L010276 141000 L010276 141000 L010276 141000 L010276 141000 141000 [Unaabel | 83을 | 10 202113:42 10 2021 0 13:42 | L010276141000 L010276141000,"[[""2.0M"", 55, 40, 402], [""메대개"", 81, 48, 197], [""10202113:42"", 498, 43, 231], [""L010276 141000"", 531, 40, 232], [""10 2021"", 500, 42, 229], [""13:42"", 496, 38, 379], [""L010276"", 530, 37, 231], [""141000"", 527, 42, 347], [""L010276 141000"", 352, 217, 404], [""10202"", 289, 96, 437], [""13:42"", 416, 81, 445], [""."", 452, 19, 450], [""일"", 410, 44, 484], [""unabe"", 80, 49, 197], [""10 202113:42"", 498, 43, 231], [""L010276 141000"", 531, 47, 230], [""20m"", 110, 69, 805], [""una류"", 158, 93, 395], [""AS"", 440, 486, 741], [""[Unaabel"", 536, 172, 819], [""83을"", 668, 112, 1300], [""10 2021 0 13:42"", 996, 83, 471], [""L010276141000"", 1062, 79, 469], [""20E"", 110, 81, 799], [""10 202113:42"", 996, 75, 469], [""L010276141000"", 1061, 68, 472], [""10 202113:42"", 498, 45, 230], [""L010276 141000"", 531, 44, 231], [""10202113:42"", 499, 44, 231], [""L010276 141000"", 530, 41, 232]]"
003165,NONE,NONE,NONE,NONE,fail,98 | 올플 | dEHIO 스프류중 조리예 | 김치함량9.6%함유 (건조물기준) paldo paldo paldo paldo paldo 색다른 즐거움팔도 색다른 즐거움팔도 색다른 즐거용팔도 위 N 김치민 김치맛 김치맛 김치맛 98/ | SINCE SINCE SINCE SINCE 1986 1986 1986 1986 | 김치 김치 김치 김치 9861 paldo paldo 색다른 즐거음팔도 색다른 즐거움 팔도 IVE 기도시라 도시라 도시라 도시라 도시란 17까지RT 17까지RT I7까지RT 7까지RT ·세월이 지나도 언제나 맛있게 F2 F2 F2 도시라 SINCE 김치맛 김치맛 | ·세월이 지나도 ·세월이 지나도 언제나 맛있게 ·세월이 지나도 언제나 맛있게. ·세월이 지나도 언제나 맛있게. 언제나 맛있게 SINCE SINCE 1986 1986 1986 | 러 김치 까지RT | /86695ca 는물브 9861 김치 렸도 ONNIE 도 Ko 시라 .09.17大RTF2 라 | 여기까지 뜨이지” Opied OTHER OTHER | 조리예 조리예 조리예 조리예 는무부 는물 꽃는물e부 ·세월이 지나도 언제나 맛있게 ·세월이 지나도 언제나 맛있게 | 스프류중 스프류중 스프류중 스프류 중 | [치학량 96월 학은 김치함량9.6%함유(건조물기준) 김치함량9.6%함유(건조물기준) 김치함량9.6%함유(건조물기준) 나소 유탕면/86 유탕면/86 유탕면/86 /863051a 1395cal | 비날류 비닐류 | OTHER OTHER | 조리예 조리예 끓는 물R부 | 스프류중 스프류중 | 들뉴 뜰필 김치함량9.6%함유 (건조물기준) 김치함량9.6%함유(건조물기준) 0e/8695cal /86695kcal),"[[""paldo"", 164, 62, 54], [""김치맛"", 183, 28, 555], [""SINCE"", 214, 33, 219], [""1986"", 208, 35, 405], [""김치"", 344, 127, 114], [""도시라"", 338, 173, 176], [""17까지RT"", 372, 23, 447], [""·세월이 지나도 언제나 맛있게."", 436, 35, 185], [""조리예"", 884, 29, 56], [""스프류중"", 915, 44, 52], [""꽃는물e부"", 897, 46, 584], [""김치함량9.6%함유(건조물기준)"", 944, 31, 53], [""유탕면/86"", 943, 32, 532], [""1395cal"", 944, 25, 626], [""색다른 즐거움팔도"", 190, 16, 87], [""F2"", 374, 15, 578], [""OTHER"", 862, 19, 657], [""paldo"", 164, 56, 52], [""김치맛"", 182, 33, 554], [""색다른 즐거움팔도"", 189, 19, 86], [""SINCE"", 214, 31, 219], [""1986"", 209, 28, 410], [""도시라"", 335, 182, 167], [""김치"", 340, 129, 114], [""7까지RT"", 371, 30, 456], [""F2"", 374, 17, 570], [""·세월이 지나도"", 436, 35, 181], [""언제나 맛있게"", 434, 35, 351], [""OTHER"", 862, 20, 655], [""조리예"", 884, 29, 55], [""는물"", 896, 53, 576], [""스프류중"", 916, 45, 51], [""김치함량9.6%함유(건조물기준)"", 943, 32, 51], [""/863051a"", 940, 38, 523], [""김치함량9.6%함유 (건조물기준)"", 163, 220, 0], [""스프류중"", 90, 68, 28], [""조리예"", 80, 39, 63], [""도시라"", 392, 453, 540], [""·세월이 지나도 언제나 맛있게"", 353, 341, 506], [""SINCE"", 266, 91, 735], [""1986"", 444, 71, 737], [""까지RT"", 525, 90, 574], [""/86695ca"", 619, 180, 0], [""는물브"", 644, 133, 38], [""98/"", 144, 85, 928], [""IVE"", 329, 446, 251], [""N"", 126, 12, 368], [""9861"", 276, 72, 192], [""김치"", 568, 79, 277], [""Ko"", 612, 27, 897], [""98"", 16, 31, 102], [""올플"", 46, 41, 599], [""dEHIO"", 98, 19, 6], [""러"", 586, 15, 119], [""9861"", 752, 33, 240], [""ONNIE"", 748, 34, 407], [""Opied"", 795, 56, 541], [""paldo"", 165, 64, 53], [""색다른 즐거용팔도"", 189, 19, 88], [""김치맛"", 182, 27, 556], [""SINCE"", 213, 34, 218], [""1986"", 208, 35, 405], [""기도시라"", 336, 170, 96], [""I7까지RT"", 372, 23, 452], [""·세월이 지나도 언제나 맛있게"", 436, 37, 182], [""조리예"", 884, 29, 57], [""스프류중"", 914, 47, 51], [""김치함량9.6%함유(건조물기준)"", 944, 31, 56], [""유탕면/86"", 943, 30, 535], [""paldo"", 330, 108, 115], [""김치맛"", 365, 48, 1115], [""색다른 즐거움 팔도"", 378, 31, 174], [""1986"", 417, 62, 817], [""SINCE"", 427, 56, 442], [""렸도"", 682, 354, 181], [""라"", 638, 147, 998], ["".09.17大RTF2"", 743, 58, 765], [""·세월이 지나도 언제나 맛있게"", 870, 65, 367], [""비날류"", 1664, 39, 1329], [""OTHER"", 1724, 35, 1312], [""조리예"", 1770, 53, 115], [""끓는 물R부"", 1794, 80, 1181], [""스프류중"", 1832, 75, 110], [""들뉴"", 1883, 38, 23], [""김치함량9.6%함유(건조물기준)"", 1888, 63, 111], [""0e/8695cal"", 1888, 59, 1069], [""paldo"", 331, 110, 114], [""김치맛"", 366, 47, 1116], [""색다른 즐거음팔도"", 378, 29, 172], [""SINCE"", 428, 53, 442], [""1986"", 418, 61, 818], [""시라"", 668, 376, 576], [""김치"", 682, 271, 223], [""도"", 690, 241, 378], [""여기까지 뜨이지”"", 838, 143, 39], [""·세월이 지나도 언제나 맛있게"", 871, 66, 368], [""비닐류"", 1664, 43, 1327], [""OTHER"", 1724, 38, 1310], [""조리예"", 1768, 52, 114], [""스프류중"", 1832, 75, 110], [""뜰필"", 1884, 58, 14], [""김치함량9.6%함유 (건조물기준)"", 1888, 61, 110], [""/86695kcal)"", 1887, 65, 1065], [""paldo"", 164, 53, 56], [""김치"", 342, 127, 114], [""도시란"", 335, 159, 181], [""위"", 190, 16, 89], [""김치민"", 182, 17, 562], [""SINCE"", 213, 26, 224], [""1986"", 209, 28, 411], [""17까지RT"", 373, 26, 440], [""F2"", 374, 14, 575], [""·세월이 지나도 언제나 맛있게."", 436, 35, 186], [""조리예"", 884, 25, 60], [""는무부"", 897, 45, 577], [""스프류 중"", 914, 34, 59], [""[치학량 96월 학은"", 944, 21, 63], [""유탕면/86"", 943, 32, 536], [""나소"", 944, 13, 184], [""paldo"", 164, 54, 56], [""김치"", 342, 129, 114], [""도시라"", 338, 171, 177]]"
003166,2021,11,24,2021-11-24,erode5,A7 A01 L1302 | V.2021 1124 | RUF Topping | RUF | Topping | Mloubse a Foueatur- Sleuschuim! | Schlssisrymy - Dussurt Yrogpiris | pe   pr | 나,"[[""pe   pr"", 656, 25, 173], [""나"", 688, 17, 193], [""A7 A01 L1302"", 60, 25, 348], [""V.2021 1124"", 74, 29, 348], [""Topping"", 141, 62, 365], [""RUF"", 160, 47, 152], [""RUF"", 335, 72, 282], [""Topping"", 476, 96, 171], [""Mloubse a Foueatur- Sleuschuim!"", 554, 39, 111], [""Schlssisrymy - Dussurt Yrogpiris"", 591, 40, 123]]"
003190,2022,08,16,2022-08-16,det5,ED | 영영정보 ONDS | NaReDeenrs Saoed Almondts (steam pasteurizod). | CONTAINs taond AlnonCs | Calories mper siraing 130 Product of the UsA | S lally I |  0mg ITM./ART.1386722 | 0 966 | 0% | 63823 | PK03306 | BEST BY: AUG 16 2022,"[[""ED"", 177, 64, 231], [""ONDS"", 216, 109, 222], [""NaReDeenrs Saoed Almondts (steam pasteurizod)."", 255, 56, 237], [""CONTAINs taond AlnonCs"", 275, 38, 238], [""영영정보"", 290, 30, 78], [""130"", 340, 32, 195], [""Product of the UsA"", 324, 35, 241], [""mper siraing"", 344, 21, 130], [""Calories"", 357, 26, 113], [""S lally I"", 360, 21, 186], [""ITM./ART.1386722"", 392, 36, 248], ["" 0mg"", 420, 12, 132], [""0"", 472, 8, 264], [""966"", 469, 10, 283], [""0%"", 500, 9, 240], [""63823"", 507, 18, 493], [""PK03306"", 516, 21, 494], [""BEST BY: AUG 16 2022"", 519, 36, 494]]"
003197,2020,11,05,2020-11-05,det5,"스버 아도 오일 | 발산지:에시고 | 구입지수업원 | OCT-10W.NOV-11,DEC-12 | :/ | :NATURA BIO S DE RLDE CV | 기에의거교한또는 보상을 반을 수 있습니다. | Lot: LOTACAEU051120 | ExP:EXP NOU052022 | NGREDIENTS: | Extra Vrain | Avocado Oll. | Made in Mexico by: | Natura Bio S. de R.L de C.V. 7503019799826","[[""스버 아도 오일"", 33, 30, 163], [""발산지:에시고"", 90, 29, 140], [""구입지수업원"", 127, 36, 139], [""OCT-10W.NOV-11,DEC-12"", 182, 33, 138], ["":/"", 210, 32, 136], ["":NATURA BIO S DE RLDE CV"", 224, 30, 137], [""기에의거교한또는 보상을 반을 수 있습니다."", 268, 31, 136], [""Lot:"", 306, 24, 140], [""LOTACAEU051120"", 316, 31, 177], [""ExP:EXP NOU052022"", 343, 28, 138], [""NGREDIENTS:"", 398, 21, 138], [""Extra Vrain"", 410, 21, 138], [""Avocado Oll."", 422, 21, 138], [""Made in Mexico by:"", 434, 23, 137], [""Natura Bio S. de R.L de C.V."", 448, 27, 136], [""7503019799826"", 450, 23, 288]]"
003199,2025,10,12,2025-10-12,det5,원산지:뉴질랜드 | 원재료명 및 함량: | 일랜 본체-유리 | 보관방법:직사광선을 | 피하며건조한실은보관 | 낮은 온도에서 동결현상으로 | 침전물이생길수있으나 | 상은에서 일정시간 보관시 | 원상태로 들아효며 품질 | 변화는 없습니다 | 반품 및 교환장소:구입처 | AEST KORE 12102025 | 952546 | 10,"[[""원산지:뉴질랜드"", 114, 27, 283], [""원재료명 및 함량:"", 200, 23, 283], [""일랜 본체-유리"", 272, 23, 282], [""보관방법:직사광선을"", 288, 31, 280], [""피하며건조한실은보관"", 304, 31, 280], [""낮은 온도에서 동결현상으로"", 320, 35, 279], [""침전물이생길수있으나"", 335, 28, 279], [""상은에서 일정시간 보관시"", 350, 33, 277], [""원상태로 들아효며 품질"", 364, 37, 277], [""변화는 없습니다"", 380, 29, 279], [""반품 및 교환장소:구입처"", 398, 34, 277], [""AEST"", 424, 11, 282], [""KORE"", 430, 17, 280], [""12102025"", 426, 25, 339], [""952546"", 445, 30, 335], [""10"", 456, 15, 280]]"
003214,NONE,NONE,NONE,NONE,fail,DUAGINIA | NDSAY 35 35 ARGE | -W PERFECTING forF FOUR GENERATIONS  | ARGE J0 J0 NSANIT NSANIT NSANIT NSANT SANIT WNSANT -W PERFECTING for FOUR GENERATIONS  BLALK RIPE PITTED ONIVES BLALK RIPE PITTED ONIVES BLAEK RIPEPITTED OHIVES BLALKRIPEPITTEG OAIVES No artificial flavors· Handpicked No artificial flavors· Handpicked 'No artificial flavors · Handpicked | NSANIT LARGE 12012 12012 N0#2835 N0#2835 LiNDSA I ODIHIPO ON | LiNDSA -W PERFECTING for FOUR GENERATIONS 'No artificial flavors •Handpicked BLADK RIPE PITTEE OMIVES LARGE ASON NSANTT | BLADKRIPEPITTEE OHIVES 'No artificial flavors • Handpicked | pickel,"[[""WNSANT"", 188, 333, 196], [""'No artificial flavors · Handpicked"", 192, 316, 473], [""BLAEK RIPEPITTED OHIVES"", 194, 338, 430], [""NSANT"", 182, 353, 182], [""-W PERFECTING forF FOUR GENERATIONS "", 192, 304, 158], [""DUAGINIA"", 123, 22, 60], [""NDSAY"", 178, 95, 23], [""-W PERFECTING for FOUR GENERATIONS "", 200, 81, 299], [""LiNDSA"", 274, 151, 299], [""ARGE"", 268, 77, 41], [""LARGE"", 405, 96, 344], [""BLADK RIPE PITTEE OMIVES"", 468, 75, 278], [""'No artificial flavors •Handpicked"", 508, 69, 293], [""NSANIT"", 364, 162, 50], [""ASON"", 467, 100, 483], [""ARGE"", 94, 95, 346], [""LiNDSA"", 458, 315, 291], [""LARGE"", 448, 217, 186], [""NSANIT"", 200, 278, 199], [""35"", 149, 21, 198], [""J0"", 208, 19, 191], [""No artificial flavors· Handpicked"", 192, 313, 473], [""N0#2835"", 369, 24, 170], [""BLALK RIPE PITTED ONIVES"", 193, 341, 428], [""12012"", 388, 29, 177], [""NSANIT"", 200, 278, 199], [""35"", 149, 21, 198], [""J0"", 208, 19, 191], [""No artificial flavors· Handpicked"", 192, 313, 473], [""N0#2835"", 369, 24, 170], [""BLALK RIPE PITTED ONIVES"", 193, 341, 428], [""12012"", 388, 29, 177], [""NSANTT"", 414, 560, 386], [""-W PERFECTING for FOUR GENERATIONS"", 397, 568, 325], [""'No artificial flavors • Handpicked"", 385, 622, 948], [""BLADKRIPEPITTEE OHIVES"", 386, 676, 860], [""pickel"", 976, 61, 608], [""NSANIT"", 206, 270, 201], [""I ODIHIPO ON"", 276, 137, 479], [""BLALKRIPEPITTEG OAIVES"", 193, 336, 430], [""SANIT"", 186, 323, 196]]"
003220,2021,09,13,2021-09-13,rot90,NEW | Kid-O 2021 09 13 EXP | SUPER CHOCO,"[[""Kid-O"", 324, 337, 166], [""NEW"", 195, 88, 105], [""2021 09 13"", 351, 146, 707], [""EXP"", 313, 60, 756], [""SUPER CHOCO"", 500, 57, 245]]"
003222,NONE,NONE,NONE,NONE,fail,AN EAS | BESTIF USED EY BEST IF USED BY BEST IF USED BY BEST IF USED BY | 2022/JUN/14 2022/JUN/14 2022/JUN/14 221JUNM14 | Barilla 112436960(A)13:29 112436960(A)13:29 112436960(A)13:29 Banla | OVEN-RGADY OVEN-READY OVEN-READY OVEN-READY OVEN-READY | Barilla Barilla Barilla Barilla Barilla LAGAGIUI LASAGNE LASAGNE LASAGNE LASAGNE | 112436960(A)13:29 2022/JUN/14 BEST IF USED BY OVEN-READYLSGE n.399 n.399 n.399 n.399 | n.399 LASAGNE OVEN-READY BEST IF USED BY BEST IF USED BY | 2022/JUN/14 2022/JUN/14 | 112436960(A)13:29 112436960(A)13:29 | OVEN-READY OVEN-READY | Barilla Barilla LASAGNE LASAGNE | n.399 n.399,"[[""BEST IF USED BY"", 323, 25, 467], [""2022/JUN/14"", 353, 24, 457], [""112436960(A)13:29"", 386, 22, 416], [""OVEN-READY"", 428, 26, 544], [""Barilla"", 454, 37, 350], [""LASAGNE"", 458, 27, 571], [""n.399"", 484, 27, 611], [""BEST IF USED BY"", 323, 20, 468], [""2022/JUN/14"", 351, 30, 454], [""112436960(A)13:29"", 386, 25, 414], [""OVEN-READY"", 427, 34, 541], [""Barilla"", 453, 40, 347], [""LASAGNE"", 456, 30, 570], [""n.399"", 484, 24, 613], [""Barilla"", 425, 140, 248], [""Banla"", 388, 68, 517], [""112436960(A)13:29"", 536, 235, 322], [""2022/JUN/14"", 536, 161, 355], [""BEST IF USED BY"", 535, 135, 385], [""OVEN-READYLSGE"", 484, 43, 468], [""OVEN-READY"", 651, 220, 275], [""LASAGNE"", 650, 153, 251], [""n.399"", 645, 64, 226], [""AN EAS"", 265, 24, 237], [""BEST IF USED BY"", 323, 25, 467], [""2022/JUN/14"", 352, 28, 455], [""112436960(A)13:29"", 386, 25, 415], [""OVEN-READY"", 428, 26, 544], [""Barilla"", 454, 37, 350], [""LASAGNE"", 457, 30, 568], [""n.399"", 484, 28, 612], [""BEST IF USED BY"", 646, 35, 940], [""2022/JUN/14"", 704, 45, 912], [""112436960(A)13:29"", 770, 42, 832], [""OVEN-READY"", 854, 53, 1086], [""Barilla"", 906, 71, 712], [""LASAGNE"", 913, 50, 1145], [""n.399"", 968, 45, 1228], [""BEST IF USED BY"", 646, 35, 940], [""2022/JUN/14"", 704, 44, 914], [""112436960(A)13:29"", 770, 39, 833], [""OVEN-READY"", 855, 50, 1087], [""Barilla"", 908, 65, 708], [""LASAGNE"", 913, 46, 1146], [""n.399"", 968, 43, 1229], [""OVEN-RGADY"", 427, 32, 543], [""Barilla"", 454, 37, 353], [""LAGAGIUI"", 455, 30, 571], [""BESTIF USED EY"", 324, 20, 469], [""221JUNM14"", 352, 20, 488], [""OVEN-READY"", 428, 31, 542], [""LASAGNE"", 457, 24, 572], [""n.399"", 484, 26, 610], [""Barilla"", 454, 37, 352]]"
003223,NONE,NONE,NONE,NONE,fail,ANIVLAS | Barilla OUANT Baria | /N/20 BEST IF USED BY BEST IF USEO BY BEST IF USED BY BEST IF USED BY BEST IF USED BY 112436960(A)13:29 OVEN-READYLASGE | 2022/JUN/14 2022/JUN/14 2022/JUN/14 2022/JUN/14 2022/JUN/14 2022/JUV14 BEST IF USED BY | 112436960(A)13:29 112436960(A)13:29 12436960（A）13:29 12436960（A）13:29 436960（471329 | n.399 LASAGNE OVEN-READY Barilla BarHa Barilla Barilla Barilla Barilla LASAGNE LASAGNE LASAGNE LASAGNE LASAGNE OVEN-READY OVEN-READY OVEN-READY OVEN-READY OVEN-READY | n.399 n.399 n.399 n.399 | RO | BEST IF USED BY | 2022/JUN/14 | T12436960(A)1329 | OVEN-READY | Barilla LASAGNE | n.399,"[[""BEST IF USED BY"", 304, 37, 297], [""2022/JUN/14"", 330, 43, 283], [""112436960(A)13:29"", 358, 52, 252], [""Barilla"", 404, 50, 194], [""OVEN-READY"", 410, 54, 324], [""LASAGNE"", 434, 45, 337], [""n.399"", 458, 25, 361], [""BEST IF USED BY"", 303, 38, 296], [""2022/JUN/14"", 329, 42, 282], [""112436960(A)13:29"", 358, 53, 250], [""Barilla"", 404, 55, 191], [""OVEN-READY"", 410, 55, 322], [""LASAGNE"", 434, 46, 335], [""n.399"", 457, 30, 359], [""Barilla"", 246, 101, 210], [""Baria"", 276, 59, 452], [""2022/JUN/14"", 339, 117, 289], [""BEST IF USED BY"", 344, 95, 319], [""OVEN-READYLASGE"", 336, 56, 400], [""OVEN-READY"", 399, 154, 203], [""LASAGNE"", 394, 116, 181], [""n.399"", 387, 48, 174], [""RO"", 492, 24, 349], [""/N/20"", 302, 115, 306], [""112436960(A)13:29"", 308, 161, 332], [""ANIVLAS"", 206, 45, 193], [""OUANT"", 232, 53, 162], [""BEST IF USED BY"", 304, 38, 296], [""2022/JUN/14"", 330, 43, 282], [""12436960（A）13:29"", 358, 51, 253], [""Barilla"", 404, 56, 192], [""OVEN-READY"", 410, 57, 323], [""LASAGNE"", 434, 45, 336], [""n.399"", 458, 24, 361], [""BEST IF USED BY"", 304, 38, 296], [""2022/JUN/14"", 330, 43, 282], [""12436960（A）13:29"", 358, 51, 253], [""Barilla"", 404, 56, 192], [""OVEN-READY"", 410, 57, 323], [""LASAGNE"", 434, 45, 336], [""n.399"", 458, 24, 361], [""BEST IF USED BY"", 608, 63, 598], [""2022/JUN/14"", 658, 76, 568], [""T12436960(A)1329"", 716, 91, 505], [""Barilla"", 807, 96, 393], [""OVEN-READY"", 820, 101, 651], [""LASAGNE"", 868, 83, 677], [""n.399"", 916, 50, 723], [""BarHa"", 404, 50, 195], [""BEST IF USEO BY"", 304, 33, 299], [""2022/JUV14"", 330, 39, 287], [""436960（471329"", 359, 40, 273], [""Barilla"", 404, 50, 195], [""OVEN-READY"", 410, 53, 325], [""LASAGNE"", 434, 44, 337]]"
003228,2021,01,04,2021-01-04,s2,B话：330413023 4/01/2021 FE:0008048 | PACRDHTE:26/0772021LOT:480242,"[[""B话：330413023"", 438, 33, 133], [""FE:0008048"", 459, 32, 271], [""PACRDHTE:26/0772021LOT:480242"", 468, 53, 131], [""4/01/2021"", 449, 20, 174]]"
003241,2022,01,28,2022-01-28,s2,FROMTHE | KINGDOM OF BELGIDN | 75g e | EXP.28-01-2022L0197 | PRD.15-07-2020 08:46,"[[""75g e"", 498, 26, 294], [""FROMTHE"", 458, 15, 273], [""KINGDOM"", 470, 14, 187], [""OF"", 470, 13, 332], [""BELGIDN"", 470, 15, 378], [""EXP.28-01-2022L0197"", 586, 25, 174], [""PRD.15-07-2020 08:46"", 607, 26, 172]]"
003243,2021,06,02,2021-06-02,s2,"식품유형 플릿가공품 제조하고 있습니다. 287Kcal | 입소영 및 소제지 EC三量210602-409-5852量期子量109 본 재품은 공정거래워원회 고시 소비자분정 해결기준에 총 내용행당 | 유동기한 제용에 범도 표기원 월의 1일까지 (읽는 법 /년 순) 의거 교한 또는 보상 법을 수 입습니다 | 50g(287kcal) 보관방법: 직사랑선,고온다습한곳을 피해 4 | 원재료명 020%，型异18.5%/别，立20E[18%，五量0吨8.5% 한 곳에서 보관 2 | 대두레시틴 반용 및 교환 구입처 또는 수입원 1물류 | 대 M | 조AH DUFOURSPA 원산지이탈리아 PP | 기리프로필 2 | EXTRA FINE MILK CHOCOLATE WITH HAZELNUTS. IngredientS: SUgar, | hazelnuts (2o%), whole milk powder, cocoa butter, cocoa mass, | emulsifer:soya lecithin. Cocoa: 3o% minimum in milk chocolate. M | CHOCOLATE ENTRAFINO CON LECHE CON AVELLANAS. IngredienteS: O | aucar, avellanas (2o%o), leche enteraen polvo, manteca de cacao, pasta 0 | de cacao, -musionante: lecitina de soja. Cacao: 3o% minimo en el | chocolate con leche. ∞ | www.novipiusport.it | Carboidrati/Glucides/Carboydrates/Hidratos deCarbono 44.3g and odourless place / Conservar en lugar | fresco, seco y sin olor. | Zuccheri/Sucres/Sugars/Azicares di cui/dont /of which/de los cuales: 41,5g Da consumarsi preferibilmente entro fine/ | Proteine/Proteines/Protein /Proteinas 9.0g A consommer de preference avant fin / Best before end / Consumir preferente- | Sale/Sel/Salt/Sal 0.15g mente antes del fin de: | ELAH·DUFOURS.p.A. 07-21 | Novi Ligure (AL) Strada Serravalle,73 L0G2046 | MADE IN ITALY","[[""유동기한 제용에 범도 표기원 월의 1일까지 (읽는 법 /년 순)"", 37, 22, 59], [""chocolate con leche."", 246, 26, 96], [""www.novipiusport.it"", 308, 27, 279], [""44.3g"", 362, 26, 357], [""fresco, seco y sin olor."", 369, 23, 469], [""41,5g"", 388, 27, 365], [""Zuccheri/Sucres/Sugars/Azicares"", 400, 23, 103], [""9.0g"", 414, 23, 374], [""A consommer de preference avant fin /"", 405, 28, 471], [""Proteine/Proteines/Protein /Proteinas"", 417, 23, 101], [""0.15g"", 430, 21, 370], [""ELAH·DUFOURS.p.A."", 462, 32, 139], [""07-21"", 467, 30, 568], [""Novi Ligure (AL) Strada Serravalle,73"", 487, 35, 138], [""L0G2046"", 490, 35, 568], [""MADE IN ITALY"", 506, 26, 213], [""식품유형 플릿가공품"", 14, 14, 65], [""제조하고 있습니다."", 13, 14, 334], [""287Kcal"", 7, 15, 557], [""입소영 및 소제지"", 25, 10, 63], [""EC三量210602-409-5852量期子量109"", 24, 18, 95], [""본 재품은 공정거래워원회 고시 소비자분정 해결기준에"", 23, 16, 327], [""총 내용행당"", 20, 13, 492], [""의거 교한 또는 보상 법을 수 입습니다"", 33, 18, 333], [""50g(287kcal)"", 51, 14, 62], [""보관방법: 직사랑선,고온다습한곳을 피해"", 44, 17, 327], [""4"", 41, 12, 691], [""020%，型异18.5%/别，立20E[18%，五量0吨8.5%"", 62, 23, 92], [""한 곳에서 보관"", 56, 14, 334], [""2"", 56, 17, 689], [""원재료명"", 64, 13, 62], [""대두레시틴"", 74, 13, 95], [""반용 및 교환 구입처 또는 수입원"", 78, 17, 328], [""대"", 87, 20, 58], [""1물류"", 76, 11, 458], [""M"", 84, 19, 693], [""조AH DUFOURSPA"", 99, 20, 57], [""원산지이탈리아"", 97, 21, 183], [""PP"", 102, 16, 455], [""기리프로필"", 111, 18, 56], [""2"", 111, 16, 693], [""EXTRA FINE MILK CHOCOLATE WITH HAZELNUTS. IngredientS: SUgar,"", 136, 31, 95], [""hazelnuts (2o%), whole milk powder, cocoa butter, cocoa mass,"", 154, 32, 95], [""emulsifer:soya lecithin. Cocoa: 3o% minimum in milk chocolate."", 172, 33, 94], [""M"", 166, 17, 697], [""CHOCOLATE ENTRAFINO CON LECHE CON AVELLANAS. IngredienteS:"", 190, 31, 95], [""O"", 194, 17, 699], [""aucar, avellanas (2o%o), leche enteraen polvo, manteca de cacao, pasta"", 208, 33, 94], [""0"", 208, 13, 700], [""de cacao, -musionante: lecitina de soja. Cacao: 3o% minimo en el"", 226, 31, 95], [""∞"", 240, 17, 701], [""and odourless place / Conservar en lugar"", 353, 24, 469], [""Carboidrati/Glucides/Carboydrates/Hidratos deCarbono"", 365, 24, 104], [""di cui/dont /of which/de los cuales:"", 385, 20, 104], [""Da consumarsi preferibilmente entro fine/"", 392, 25, 471], [""Best before end / Consumir preferente-"", 418, 25, 471], [""Sale/Sel/Salt/Sal"", 436, 19, 102], [""mente antes del fin de:"", 432, 24, 471]]"
003244,2021,07,21,2021-07-21,fail,"VL2TA VL2TA | se se 1-Mey | CEREE CEREE EIEE | 한 2 2 | M | D조N EEOA PP PP PP chocolate con leche. 2 | ETRA PNE EEe EXTRA FINE MILK CHOCOLATE WITH HAZELNUTS, IngredieNnS SUgar, EXTRA INE MILK CHOCOLATE WTH HAZELNUTS. IngredientS. SUgar, EXTRA INE MILK CHOCOLATE WTH HAZELNUTS. IngredientS. SUgar, EXTRA FINE MILK CHOCOLATE WITH HAZELNUTS. IngredientS: SUgar, 32 | hazelnuts (20%),whole milk powder,cocoa butter, cocoamass, hazeinuts (2o), wholemil powder,cocoa buter, cocoa mass, hazelnuts(2o%),whole mll powder,cocoa bute,cocoa mass, hazelnuts(2o%),whole mll powder,cocoa bute,cocoa mass, MM,cocGa 8 8 | MADE IN TALY Nguretraeall3 CHOCOLATE ENTLAFNO CON LECHE CON ANEALANAS emulsfer.soyelecithin.Cocoa:3o% minimuminmikchocolate. emulsifer.solecthin.Cocoa. 30% minimum inmilkchocolte. emusifer.soylecithin.Cocoa 3o% minimum inmilk chocolte. emusifer.soylecithin.Cocoa 3o% minimum inmilk chocolte. ELAH-DUFOURSpA CHOCOLATE EXTRAFINO CON LECHE CON AVELANAS.IngrediEenteS: CHOCOLATE EXTRAFINO CON LECHE CON AVELLANAS. IngredienteS: CHOCOLATE EXTRAFINO CON LECHE CON AVELLANAS. IngredienteS: CHOCOLATE ETRAFINO CON LECHE CON AVELANAS.IngredienteS: 8 M m m 0 O O ATI N 3OMW | azucat,ave azucat, avell (2etsl lecverteaen) e lectina ce xop. aicmel20lechenteren ovo,mantecadecacao,pasta aicmel20lechenteren ovo,mantecadecacao,pasta de acao-musionante:lecitina de soj Cacao:30% minimo en el de acao.-musionante lecitina de soje Cacao:30% minimo en el de acao.-musionante lecitina de soje Cacao:30% minimo en el de acao =musionante:lecitina de soja Cacao: 30% minimo en el [Z-20 as(2o%), lecheenteraen polvo,manteca de cacao, pasta (20%),leche entera en polvo,manteca de cacao, pasta ad nsuo)/ 1 AH | chocolateconleche. chocolate con leche. chocolate con leche. chocolate con leche. [Z-20 0 8 8 00 / | 4L5E www.novipiusport.it 15T /// /us/s/ PP | www.novipiusport.it www.novipiusport.it www.novipiusport.it www.novipiusport.it www.novipiusport.it 1gn, ETRA FINE MILK CHOCOLATE WITH HAZELNUTS.IngTedieNS SUgar, | fresca,secoysnoiot. fresca,secoy sn oiot. fresco,secoysnolon. fresco,secoysnolon. fresco,secoy sin oiot. and odourlessplace / Conservar en lugam and odourless place /Consevar en luga and odouriess place /Conservar en lugar and odouriess place /Conservar en lugar hazelnuts (2o%), whole milk powder, cocoa butter, cocoa mass, | wSe/Spn cs wSe/Spn cs Eacchn/Sce/Supn/aics 415 4S5 4S5 ASL 4S5 emulsifer.soyalecithin. Cocoa 3o% minimum in milk chocolate. Dacosmaprefenbimeeerofe Daconsmaripreterbimee ento fe! Da consumars prefenbimemte entro fne! Da consumars prefenbimemte entro fne! 083900 | e/51/sat/38 00 L0G20U6 0N58 0N58 u nddouese/Coevn mente antes del fn de mente antes del tin de mente antes del tin de mente antes del fin de: 1STT A consommer de preference ivent fn) Aconsommer Ce preferece t f A consomme Ce preltrence tent fal A consomme Ce preltrence tent fal Best beforcend /Consumir preferente Best beforcend /Consumir preferente Best before end/Consumir prefereme Best before end/Consumir preferemte- JSIO CHOCOLATE EXTRAFINO CON LECHE CON AVELANAS. IngredienteS: | ELAH-DUFOUKSA ELAH-DUFOURSpA ELAH-DUFOURSpA ELAH·DUFOURS.pA ELAH·DUFOURs.A ELAH-DUFOURSaA Novi Ligure AU)Strada Seravalle,73 Novi Ligure AU)Strada Seravalle,73 Novi Ligure Al)Strda Seravalle,73 Novi Ligure AL) Strada Seravalle73 Consumir prefereme 07-21 07-21 07-21 07-21 07-21 azucat, avellams(20).lecheenteraen polvo,mantecadecacao, pasta 24 | MAENRALY MADE IN ITALY MADE IN IALY MADE IN IALY MADE IN ITALY 8 1525 de _acao, -musionante: lecitina de soja Cacao: 3o% minimo en el LO62006 LO62006 LOG2046 L06216 006 ATIN 30N 380 | chocolate con leche. /购// /// 80 | /// | SAD www.novipiusport.it | and odourless place / Conservar en lugm | fresco,secoy sin oiot. | tiri bnt tatich/telsoales 2accwn/Suce1/Sagn/kicans 415 Da consumarsi prefenbimente ertro fne! | /Pn Pa A consommer de preterence avant fin | 0N58 Best before end / Consumir preferene | mente antes del tin de. | ELAH·DUFOURs.pA 07-21 | Novi Ligure (AL) Strada Serravall,73 LOG206 | MADE IN ITALY","[[""chocolate con leche."", 260, 33, 46], [""www.novipiusport.it"", 300, 41, 175], [""and odourless place /Consevar en luga"", 329, 40, 307], [""415"", 373, 20, 245], [""Daconsmaripreterbimee ento fe!"", 362, 41, 314], [""Aconsommer Ce preferece t f"", 374, 41, 316], [""Best before end/Consumir prefereme"", 386, 40, 317], [""07-21"", 428, 31, 388], [""ELAH·DUFOURS.pA"", 445, 47, 103], [""LOG2046"", 447, 38, 390], [""Novi Ligure Al)Strda Seravalle,73"", 467, 44, 107], [""MADE IN ITALY"", 483, 30, 158], [""1-Mey"", 38, 9, 282], [""EIEE"", 74, 27, 19], [""M"", 82, 12, 421], [""PP"", 113, 10, 267], [""EEOA"", 132, 22, 2], [""EXTRA FINE MILK CHOCOLATE WITH HAZELNUTS, IngredieNnS SUgar,"", 150, 59, 30], [""M"", 154, 12, 433], [""hazeinuts (2o), wholemil powder,cocoa buter, cocoa mass,"", 167, 59, 34], [""0"", 168, 12, 437], [""emulsifer.solecthin.Cocoa. 30% minimum inmilkchocolte."", 184, 57, 36], [""CHOCOLATE ETRAFINO CON LECHE CON AVELANAS.IngredienteS:"", 198, 60, 39], [""as(2o%), lecheenteraen polvo,manteca de cacao, pasta"", 211, 44, 112], [""00"", 220, 16, 445], [""azucat, avell"", 231, 24, 44], [""de acao-musionante:lecitina de soj Cacao:30% minimo en el"", 231, 59, 43], [""fresca,secoy sn oiot."", 346, 28, 310], [""Eacchn/Sce/Supn/aics"", 394, 29, 72], [""0N58"", 409, 18, 253], [""mente antes del fin de:"", 402, 30, 320], [""한"", 95, 58, 253], [""D조N"", 134, 9, 5], [""EXTRA FINE MILK CHOCOLATE WITH HAZELNUTS. IngredientS: SUgar,"", 150, 58, 31], [""hazelnuts (20%),whole milk powder,cocoa butter, cocoamass,"", 166, 57, 34], [""emulsfer.soyelecithin.Cocoa:3o% minimuminmikchocolate."", 184, 55, 36], [""CHOCOLATE EXTRAFINO CON LECHE CON AVELANAS.IngrediEenteS:"", 198, 58, 37], [""(20%),leche entera en polvo,manteca de cacao, pasta"", 210, 47, 123], [""0"", 220, 12, 446], [""azucat,ave"", 230, 23, 42], [""de acao =musionante:lecitina de soja Cacao: 30% minimo en el"", 230, 62, 42], [""chocolateconleche."", 259, 34, 44], [""www.novipiusport.it"", 300, 46, 173], [""and odourlessplace / Conservar en lugam"", 328, 38, 307], [""fresco,secoy sin oiot."", 345, 28, 310], [""4S5"", 372, 23, 244], [""Dacosmaprefenbimeeerofe"", 362, 42, 313], [""A consommer de preference ivent fn)"", 374, 41, 314], [""Best before end/Consumir preferemte-"", 385, 40, 317], [""0N58"", 408, 20, 253], [""mente antes del fn de"", 401, 30, 318], [""e/51/sat/38"", 426, 21, 87], [""07-21"", 428, 41, 383], [""ELAH·DUFOURs.A"", 444, 51, 101], [""L06216"", 446, 45, 389], [""Novi Ligure AL) Strada Seravalle73"", 466, 45, 106], [""MADE IN ITALY"", 483, 31, 159], [""chocolate con leche."", 100, 107, 363], [""Nguretraeall3"", 193, 171, 148], [""ELAH-DUFOURSpA"", 188, 177, 168], [""MADE IN TALY"", 192, 81, 141], [""www.novipiusport.it"", 251, 156, 319], [""4L5E"", 258, 33, 260], [""fresca,secoysnoiot."", 358, 97, 280], [""nddouese/Coevn"", 392, 170, 291], [""L0G20U6"", 434, 81, 170], [""Consumir prefereme"", 437, 94, 244], [""24"", 420, 9, 580], [""006"", 445, 20, 438], [""380"", 438, 23, 477], [""8"", 453, 14, 415], [""ad nsuo)/"", 204, 98, 369], [""8"", 188, 11, 216], [""[Z-20"", 225, 62, 410], [""u"", 388, 157, 279], [""1STT"", 381, 30, 365], [""JSIO"", 376, 20, 403], [""/购//"", 489, 150, 344], [""ATIN 30N"", 446, 73, 470], [""///"", 506, 109, 395], [""///"", 530, 64, 416], [""ATI N 3OMW"", 157, 30, 409], [""AH"", 195, 47, 365], [""[Z-20"", 211, 30, 195], [""/"", 212, 25, 500], [""///"", 230, 30, 452], [""/us/s/"", 246, 31, 459], [""15T"", 268, 19, 365], [""1gn,"", 292, 19, 370], [""00"", 420, 10, 182], [""SAD"", 617, 10, 341], [""se"", 38, 13, 280], [""VL2TA"", 46, 8, 24], [""2"", 58, 7, 417], [""CEREE"", 75, 28, 0], [""PP"", 112, 11, 267], [""8"", 142, 12, 431], [""EXTRA INE MILK CHOCOLATE WTH HAZELNUTS. IngredientS. SUgar,"", 150, 57, 31], [""m"", 154, 11, 434], [""hazelnuts(2o%),whole mll powder,cocoa bute,cocoa mass,"", 167, 58, 36], [""O"", 180, 12, 439], [""emusifer.soylecithin.Cocoa 3o% minimum inmilk chocolte."", 184, 56, 37], [""CHOCOLATE EXTRAFINO CON LECHE CON AVELLANAS. IngredienteS:"", 198, 57, 39], [""aicmel20lechenteren ovo,mantecadecacao,pasta"", 215, 62, 40], [""8"", 220, 15, 445], [""de acao.-musionante lecitina de soje Cacao:30% minimo en el"", 231, 58, 44], [""chocolate con leche."", 259, 30, 48], [""www.novipiusport.it"", 301, 41, 175], [""and odouriess place /Conservar en lugar"", 329, 37, 309], [""fresco,secoysnolon."", 346, 28, 310], [""4S5"", 373, 20, 246], [""Da consumars prefenbimemte entro fne!"", 363, 38, 315], [""A consomme Ce preltrence tent fal"", 375, 40, 316], [""wSe/Spn cs"", 394, 28, 72], [""Best beforcend /Consumir preferente"", 386, 39, 317], [""mente antes del tin de"", 402, 30, 319], [""07-21"", 428, 35, 386], [""ELAH-DUFOURSpA"", 446, 48, 102], [""LO62006"", 448, 35, 390], [""Novi Ligure AU)Strada Seravalle,73"", 467, 44, 108], [""MADE IN IALY"", 484, 29, 159], [""se"", 38, 13, 280], [""VL2TA"", 46, 8, 24], [""2"", 58, 7, 417], [""CEREE"", 75, 28, 0], [""PP"", 112, 11, 267], [""8"", 142, 12, 431], [""EXTRA INE MILK CHOCOLATE WTH HAZELNUTS. IngredientS. SUgar,"", 150, 57, 31], [""m"", 154, 11, 434], [""hazelnuts(2o%),whole mll powder,cocoa bute,cocoa mass,"", 167, 58, 36], [""O"", 180, 12, 439], [""emusifer.soylecithin.Cocoa 3o% minimum inmilk chocolte."", 184, 56, 37], [""CHOCOLATE EXTRAFINO CON LECHE CON AVELLANAS. IngredienteS:"", 198, 57, 39], [""aicmel20lechenteren ovo,mantecadecacao,pasta"", 215, 62, 40], [""8"", 220, 15, 445], [""de acao.-musionante lecitina de soje Cacao:30% minimo en el"", 231, 58, 44], [""chocolate con leche."", 259, 30, 48], [""www.novipiusport.it"", 301, 41, 175], [""and odouriess place /Conservar en lugar"", 329, 37, 309], [""fresco,secoysnolon."", 346, 28, 310], [""4S5"", 373, 20, 246], [""Da consumars prefenbimemte entro fne!"", 363, 38, 315], [""A consomme Ce preltrence tent fal"", 375, 40, 316], [""wSe/Spn cs"", 394, 28, 72], [""Best beforcend /Consumir preferente"", 386, 39, 317], [""mente antes del tin de"", 402, 30, 319], [""07-21"", 428, 35, 386], [""ELAH-DUFOURSpA"", 446, 48, 102], [""LO62006"", 448, 35, 390], [""Novi Ligure AU)Strada Seravalle,73"", 467, 44, 108], [""MADE IN IALY"", 484, 29, 159], [""2"", 92, 46, 345], [""32"", 134, 42, 348], [""EEe"", 149, 52, 0], [""1"", 195, 40, 358], [""PP"", 226, 21, 534], [""083900"", 318, 174, 851], [""ETRA FINE MILK CHOCOLATE WITH HAZELNUTS.IngTedieNS SUgar,"", 300, 111, 65], [""hazelnuts (2o%), whole milk powder, cocoa butter, cocoa mass,"", 333, 112, 72], [""emulsifer.soyalecithin. Cocoa 3o% minimum in milk chocolate."", 367, 106, 75], [""CHOCOLATE EXTRAFINO CON LECHE CON AVELANAS. IngredienteS:"", 396, 111, 81], [""80"", 441, 28, 893], [""azucat, avellams(20).lecheenteraen polvo,mantecadecacao, pasta"", 429, 118, 82], [""de _acao, -musionante: lecitina de soja Cacao: 3o% minimo en el"", 462, 111, 92], [""chocolate con leche."", 518, 57, 98], [""www.novipiusport.it"", 602, 79, 355], [""and odourless place / Conservar en lugm"", 656, 69, 618], [""fresco,secoy sin oiot."", 692, 53, 621], [""415"", 745, 36, 494], [""Da consumarsi prefenbimente ertro fne!"", 724, 71, 631], [""tiri bnt tatich/telsoales"", 762, 53, 145], [""A consommer de preterence avant fin"", 748, 71, 635], [""2accwn/Suce1/Sagn/kicans"", 788, 52, 149], [""Best before end / Consumir preferene"", 772, 66, 640], [""0N58"", 816, 42, 505], [""mente antes del tin de."", 804, 50, 643], [""/Pn Pa"", 819, 58, 150], [""07-21"", 858, 55, 778], [""ELAH·DUFOURs.pA"", 890, 86, 211], [""LOG206"", 896, 71, 784], [""Novi Ligure (AL) Strada Serravall,73"", 934, 81, 217], [""MADE IN ITALY"", 968, 53, 320], [""ELAH-DUFOUKSA"", 446, 50, 103], [""ETRA PNE"", 164, 21, 36], [""MM,cocGa"", 157, 18, 274], [""CHOCOLATE ENTLAFNO CON LECHE CON ANEALANAS"", 200, 47, 42], [""(2etsl lecverteaen)"", 216, 33, 125], [""e lectina ce xop."", 231, 29, 132], [""www.novipiusport.it"", 300, 44, 174], [""ASL"", 373, 20, 246], [""07-21"", 429, 30, 388], [""1525"", 449, 24, 395], [""MAENRALY"", 484, 29, 158], [""ELAH-DUFOURSaA"", 445, 47, 104]]"
003252,2023,04,NONE,2023-04-NONE,det5,minaeh. baredients 2 | 영양정보 | bgeosr 335kcal U2 | ESPINACAS | in Nutr 1009 | de pisti | COMERCIAL S.A | o/Energy 209 14620ELCarPIo.CORDOBA | wticte 0.59 FABRICADOEN MADE IN SPAIN | trates 679 | 409 Mantener enlugar fresco y se | Rore 529 Sonsumir ppefe enemerte antesde | 04/2023,"[[""minaeh."", 20, 11, 96], [""baredients"", 22, 28, 139], [""2"", 70, 39, 380], [""bgeosr"", 119, 54, 20], [""영양정보"", 109, 26, 289], [""335kcal"", 136, 21, 287], [""U2"", 148, 32, 337], [""ESPINACAS"", 160, 16, 61], [""in Nutr"", 171, 17, 18], [""1009"", 197, 18, 138], [""o/Energy"", 210, 24, 9], [""de pisti"", 205, 22, 121], [""wticte"", 234, 24, 7], [""trates"", 243, 20, 3], [""209"", 238, 28, 123], [""0.59"", 253, 26, 122], [""COMERCIAL"", 251, 34, 298], [""679"", 267, 27, 122], [""14620ELCarPIo.CORDOBA"", 284, 55, 304], [""Rore"", 282, 23, 4], [""409"", 282, 27, 118], [""FABRICADOEN"", 290, 37, 312], [""S.A"", 279, 22, 448], [""529"", 296, 23, 118], [""Mantener enlugar fresco y se"", 322, 52, 292], [""MADE IN SPAIN"", 305, 37, 339], [""Sonsumir ppefe"", 328, 29, 287], [""enemerte antesde"", 346, 38, 372], [""04/2023"", 423, 30, 271]]"
003253,2020,10,20,2020-10-20,det5,"D:20102020 | 20-53-2A | CHIN-SU. | 제품명:친수칠리소스(고추13%함유) | 원산지:베트남 식품유형:소스(살균제품) 8号：250g | 서울특별시송파구 专付297502073 | 조시 재료명: 정제수설탕 고13%,과당시럼,정제소 | 마 늘 | Sinh D | Duong Province, Vietnam. Masan | 하","[[""D:20102020"", 296, 43, 251], [""20-53-2A"", 330, 43, 257], [""CHIN-SU."", 470, 64, 244], [""제품명:친수칠리소스(고추13%함유)"", 529, 81, 141], [""원산지:베트남"", 543, 52, 114], [""식품유형:소스(살균제품)"", 565, 74, 205], [""8号：250g"", 577, 36, 446], [""서울특별시송파구"", 629, 74, 93], [""재료명: 정제수설탕"", 667, 89, 93], [""专付297502073"", 664, 86, 222], [""고13%,과당시럼,정제소"", 699, 61, 271], [""조시"", 685, 12, 111], [""마"", 718, 22, 290], [""늘"", 722, 24, 310], [""Sinh D"", 839, 26, 160], [""Duong Province, Vietnam."", 871, 74, 181], [""Masan"", 896, 27, 414], [""하"", 928, 20, 166]]"
003257,2022,04,01,2022-04-01,s2,영10 | GTRO | 유에프오 우주 밴디 | UF | sauer candy | M | 2022.04.01 | 5 1411011 265 OPEN,"[[""GTRO"", 236, 55, 233], [""유에프오 우주 밴디"", 277, 68, 233], [""UF"", 316, 80, 236], [""sauer"", 364, 27, 237], [""candy"", 332, 96, 324], [""OPEN"", 420, 40, 521], [""영10"", 100, 42, 396], [""M"", 381, 12, 240], [""2022.04.01"", 400, 30, 302], [""265"", 450, 10, 345], [""5"", 466, 8, 242], [""1411011"", 460, 24, 248]]"
003259,NONE,NONE,NONE,NONE,fail,"L0 0022022B1 022022 B1 02202281 022022B1 2022 B1 | 일 0022022B1 | FLAVOUR FLAVOUR LAVOUR FLAVOUR CHICKEN CHICKEN CHICKEN CHICKEN MON NIAE SIANTAR.TOP SIANTARTOP 022022B1 | Eat nloy Your Crunchy Time PT.SIAR FLAVOUR GEMEL FLAVOUR yopu CHICKEN CHICKEN Law39 Enaak naak GEMEL GEMEL GEMEL"" GEMEZ GEMEL N N SIANTAR.TOP CN TAS SIANTARTOP | Ready Ready Etra xtra Ect Enaak Law3y • N N | 맛있어요 맛있어요 맞있어요 맛있어요 맛있어요 To Eat To Eat Extra GEMEL GEMEL | ↓0 | CHICKEN | FLAVOUR Ready | 맛있어요 | Diprod | PT.SIAIRTAR 맛있어요 xtra Extra | 맛있어요","[[""022022B1"", 95, 32, 419], [""FLAVOUR"", 189, 122, 147], [""CHICKEN"", 194, 115, 176], [""naak"", 442, 423, 347], [""GEMEL\"""", 352, 183, 489], [""Ect"", 521, 228, 245], [""Ready"", 549, 71, 153], [""맛있어요"", 616, 159, 108], [""To Eat"", 590, 55, 205], [""L0"", 94, 18, 367], [""2022"", 95, 28, 487], [""B1"", 94, 22, 602], [""Enaak"", 375, 574, 321], [""FLAVOUR"", 188, 126, 144], [""CHICKEN"", 192, 124, 172], [""SIANTARTOP"", 200, 145, 685], [""GEMEL"", 351, 200, 479], [""Etra"", 514, 254, 230], [""N"", 432, 18, 561], [""맛있어요"", 617, 172, 101], [""MON"", 178, 55, 472], [""Eat"", 252, 45, 108], [""yopu"", 444, 198, 81], [""N"", 458, 21, 614], [""Law3y"", 535, 79, 280], [""N"", 504, 18, 615], [""N"", 574, 22, 614], [""GEMEL"", 426, 77, 264], [""Enaak"", 520, 203, 93], [""Extra"", 645, 130, 402], [""↓0"", 708, 48, 578], [""CHICKEN"", 754, 57, 135], [""FLAVOUR"", 783, 58, 127], [""Ready"", 773, 73, 509], [""맛있어요"", 814, 74, 538], [""Diprod"", 864, 14, 107], [""PT.SIAIRTAR"", 873, 14, 110], [""Law39"", 370, 187, 383], [""0022022B1"", 96, 27, 366], [""SIANTAR.TOP"", 202, 152, 687], [""LAVOUR"", 194, 107, 152], [""CHICKEN"", 195, 106, 179], [""GEMEL"", 351, 177, 488], [""Ready"", 550, 81, 151], [""맛있어요"", 614, 162, 109], [""To Eat"", 588, 58, 198], [""0022022B1"", 164, 45, 642], [""FLAVOUR"", 333, 201, 263], [""CHICKEN"", 339, 196, 307], [""SIANTAR.TOP"", 358, 241, 1214], [""GEMEL"", 611, 314, 851], [""xtra"", 958, 280, 462], [""맛있어요"", 1074, 276, 188], [""022022B1"", 190, 57, 841], [""PT.SIAR"", 264, 83, 166], [""FLAVOUR"", 380, 231, 303], [""SIANTARTOP"", 404, 283, 1392], [""CHICKEN"", 388, 222, 359], [""CN TAS"", 340, 65, 1385], [""GEMEL"", 701, 374, 978], [""Extra"", 1058, 424, 516], [""맛있어요"", 1234, 321, 214], [""02202281"", 95, 35, 421], [""GEMEZ"", 353, 187, 490], [""맞있어요"", 618, 161, 104], [""022022 B1"", 95, 33, 418], [""FLAVOUR"", 190, 120, 148], [""CHICKEN"", 193, 116, 177], [""일"", 146, 21, 701], [""NIAE"", 194, 57, 700], [""nloy Your Crunchy Time"", 387, 228, 115], [""GEMEL"", 352, 187, 491], [""•"", 468, 111, 396], [""xtra"", 530, 177, 267], [""맛있어요"", 617, 160, 105]]"
003271,2021,07,07,2021-07-07,s2,"    | 지 | L | 에2에. OTHER | 이제은 ,해일. 있.지기 아항산을 사한 계 은 제 시원에서 제조하고 있습니다. 44 | TigerSelection140ge,6Pieces | Pasteurced Process Cheese spread Gruyere Inareaients Dos cheese | water Eue buteeme powter oulsayna sas. ssmad mik powter salt | Contans Muk mmentaler. Ingredients. Sass cheese water, Dunet | Dutecmlk gowder ermultitymg sat, ssimmed mo powset tan Contains Maoe | Creamy Ingredients: Bees cheese watet, tuitor butermah Doudor. | emutsayng sat sknmed mak powder san Contains Mek | Product ot Sutrentand Emm Brhweit AG. Keep tetrgerated | Crcoo2 Lozern www ammi.com L1001981133 | Best before: 07.07.2021 | 16:00 emi | 23.31 | C | 1616900 205820 2402 | RS-1176617A","[[""   "", 161, 18, 82], [""지"", 186, 14, 436], [""L"", 228, 11, 58], [""에2에."", 247, 27, 31], [""OTHER"", 242, 17, 471], [""44"", 252, 18, 471], [""이제은 ,해일. 있.지기 아항산을 사한 계 은 제 시원에서 제조하고 있습니다."", 264, 29, 31], [""TigerSelection140ge,6Pieces"", 278, 25, 173], [""Pasteurced Process Cheese spread Gruyere Inareaients Dos cheese"", 290, 29, 81], [""water Eue buteeme powter oulsayna sas. ssmad mik powter salt"", 300, 28, 77], [""Contans Muk mmentaler. Ingredients. Sass cheese water, Dunet"", 309, 28, 95], [""Dutecmlk gowder ermultitymg sat, ssimmed mo powset tan Contains Maoe"", 319, 29, 75], [""Creamy Ingredients: Bees cheese watet, tuitor butermah Doudor."", 328, 29, 96], [""emutsayng sat"", 342, 18, 122], [""sknmed mak powder san Contains Mek"", 336, 23, 202], [""Product ot Sutrentand Emm Brhweit AG."", 350, 23, 121], [""Keep tetrgerated"", 344, 17, 342], [""Crcoo2 Lozern www ammi.com"", 359, 20, 122], [""L1001981133"", 354, 17, 344], [""Best before:"", 372, 17, 135], [""07.07.2021"", 368, 21, 226], [""emi"", 379, 18, 368], [""16:00"", 388, 15, 170], [""23.31"", 398, 18, 167], [""2402"", 412, 12, 363], [""C"", 404, 10, 366], [""1616900"", 420, 12, 219], [""205820"", 418, 12, 288], [""RS-1176617A"", 430, 17, 254]]"
003276,NONE,NONE,NONE,NONE,fail,E45kca | ㄹ빈틈없이! !은기본 만듭니다! 0만마리 이상/mL !도 급ㄱ를교 일 82MR | LonfususPL90010/m 나주1 용용 | L.plantarum3512/m LogsernGL752Y52/m 04.10 04.10 04.10 04.10 04.10 cr. 양흡 | 9 회 16 16 나주 16 나주 16 나주 16 샘 | 여야저님 영양정보 영양정보B 량 | SmE15 ca 15品145kca 1일 1일 1일 1일 1일 해 | 8m9 4일 색! ㅐ 1위션 1위엔! 1위센! 1위센! 1위센! | 멍형 2 | 만듭니다! 만듭니다! 만듭니다! 만듭니다! | 양로.29 21 !은기본 !은기본 !은 기본 은 기본 이이o | 2반름없이! 2빈틈없이! 2빈틈없이! ㄹ빈틈없이! | GC녹십자 GC녹심자 | 가진 가정배달 신청 신청 04.10 04.10 | 152 1522 1522-2323 2323 X2 나주 16 나주 16 | 영양정보 | ㅎ명1이 195145kca 량 량 1일 1일 | 나대또g 4% l8 l 색! 색! 1위션! 1위션! | 한수레 Z9 단수세간일 6일 만듭니다! 만듭니다! | 명42g 영2 2 (기존대비 (n기간취대비) | 450 4508% !은기본 !은 기본 | E판스방Og E판스재방0일 E빈틈없이! 큰빈틈없이! | 프스페11 대a부 ! MowiowSDLTJMOU이W | GC북십자 GC 녹십자령 | nabe | 녹립자놀행 공통개할 | ccp 가정배달 신청 가정배달 신청 | 1522-2323 1522-2323,"[[""04.10"", 446, 37, 358], [""나주 16"", 480, 34, 359], [""15品145kca"", 538, 27, 109], [""1일"", 556, 53, 395], [""1위센!"", 598, 61, 391], [""8m9"", 618, 29, 70], [""색!"", 612, 35, 212], [""만듭니다!"", 662, 37, 213], [""양로.29"", 686, 26, 90], [""!은 기본"", 708, 31, 217], [""2빈틈없이!"", 736, 29, 215], [""GC녹심자"", 858, 26, 250], [""해"", 542, 53, 507], [""4일"", 618, 19, 172], [""21"", 686, 17, 177], [""가진"", 922, 11, 121], [""신청"", 922, 15, 174], [""152"", 936, 11, 123], [""X2"", 936, 10, 173], [""04.10"", 446, 35, 357], [""나주 16"", 480, 37, 357], [""영양정보"", 515, 42, 47], [""SmE15 ca"", 538, 27, 106], [""량"", 530, 16, 211], [""1일"", 556, 57, 391], [""1위센!"", 598, 60, 389], [""만듭니다!"", 662, 43, 209], [""이이o"", 698, 92, 391], [""!은기본"", 707, 36, 213], [""ㄹ빈틈없이!"", 736, 30, 215], [""GC녹십자"", 858, 25, 249], [""1522-2323"", 934, 19, 122], [""E45kca"", 152, 87, 405], [""ㄹ빈틈없이!"", 270, 113, 210], [""!은기본"", 262, 95, 235], [""만듭니다!"", 268, 109, 278], [""!도"", 228, 34, 328], [""나주1"", 393, 73, 462], [""LonfususPL90010/m"", 409, 46, 44], [""LogsernGL752Y52/m"", 434, 51, 44], [""cr."", 430, 21, 466], [""L.plantarum3512/m"", 458, 53, 45], [""일"", 293, 60, 531], [""용용"", 372, 38, 890], [""샘"", 492, 29, 596], [""멍형"", 634, 54, 521], [""2"", 646, 15, 918], [""0만마리 이상/mL"", 248, 121, 289], [""급ㄱ를교"", 300, 37, 398], [""82MR"", 307, 30, 573], [""양흡"", 451, 26, 691], [""9 회"", 481, 34, 278], [""04.10"", 447, 34, 359], [""나주 16"", 480, 42, 358], [""여야저님"", 517, 24, 55], [""1일"", 556, 59, 391], [""1위션"", 598, 55, 391], [""만듭니다!"", 662, 37, 213], [""은 기본"", 708, 31, 217], [""2빈틈없이!"", 736, 29, 216], [""가정배달 신청"", 923, 19, 119], [""1522"", 936, 11, 123], [""2323"", 937, 14, 168], [""04.10"", 894, 63, 719], [""나주 16"", 960, 77, 717], [""ㅎ명1이"", 1076, 56, 106], [""량"", 1064, 48, 416], [""1일"", 1112, 106, 791], [""l8 l"", 1175, 40, 258], [""1위션!"", 1200, 114, 788], [""색!"", 1228, 81, 421], [""나대또g 4%"", 1237, 66, 139], [""단수세간일 6일"", 1308, 71, 148], [""만듭니다!"", 1324, 77, 427], [""MowiowSDLTJMOU이W"", 1560, 469, 783], [""영2 2"", 1374, 63, 174], [""(n기간취대비)"", 1366, 27, 521], [""!은기본"", 1418, 67, 430], [""4508%"", 1436, 64, 169], [""E빈틈없이!"", 1472, 58, 433], [""E판스재방0일"", 1494, 56, 199], [""대a부"", 1552, 51, 208], [""프스페11"", 1605, 48, 207], [""!"", 1625, 76, 443], [""GC 녹십자령"", 1718, 55, 499], [""nabe"", 1754, 52, 510], [""녹립자놀행 공통개할"", 1788, 68, 509], [""가정배달 신청"", 1844, 37, 237], [""1522-2323"", 1871, 36, 242], [""04.10"", 893, 62, 722], [""나주 16"", 958, 69, 720], [""영양정보"", 1035, 52, 102], [""량"", 1064, 53, 417], [""195145kca"", 1077, 52, 220], [""1일"", 1111, 100, 792], [""1위션!"", 1198, 108, 790], [""색!"", 1227, 82, 425], [""한수레 Z9"", 1306, 61, 151], [""만듭니다!"", 1324, 73, 429], [""명42g"", 1374, 60, 176], [""(기존대비"", 1366, 24, 521], [""!은 기본"", 1416, 59, 434], [""450"", 1438, 37, 208], [""큰빈틈없이!"", 1472, 51, 435], [""E판스방Og"", 1494, 47, 202], [""GC북십자"", 1716, 50, 499], [""가정배달 신청"", 1844, 43, 236], [""ccp"", 1844, 25, 4], [""1522-2323"", 1871, 38, 242], [""04.10"", 446, 37, 358], [""16"", 479, 42, 358], [""1일"", 555, 52, 394], [""1위엔!"", 598, 54, 394], [""04.10"", 446, 35, 359], [""16"", 480, 34, 359], [""영양정보B"", 520, 72, 48], [""1일"", 556, 54, 393], [""1위센!"", 598, 57, 393], [""ㅐ"", 612, 21, 218], [""만듭니다!"", 662, 36, 213], [""!은기본"", 708, 30, 217], [""2반름없이!"", 736, 29, 215]]"
003277,2025,03,20,2025-03-20,up2x,"2입 PREMIUM 떠먹는 | 불가리스 | 토핑과 요거트의 환상 비울로 맛도~ 스품이 | 또떠볼 [책bl | 또 깍 접어, 떠먹는 불가리스 | 눈꽃 초코& 그래놀라 | 04.05 플라스틱 | 04783 | [이미지예] 영양정보 站125g170 | 냉장제품 | 눈꽃크리스피솔티드그래놀라96%,농후발효유250320kc,12160kc개입","[[""2입"", 415, 206, 85], [""PREMIUM"", 404, 26, 468], [""떠먹는"", 442, 56, 474], [""불가리스"", 496, 59, 442], [""스품이"", 612, 88, 1035], [""토핑과 요거트의 환상 비울로 맛도~"", 625, 70, 252], [""또떠볼"", 798, 327, 208], [""[책bl"", 703, 84, 1082], [""또 깍 접어, 떠먹는"", 963, 84, 173], [""불가리스"", 968, 70, 667], [""눈꽃 초코& 그래놀라"", 1078, 93, 251], [""플라스틱"", 1228, 93, 1178], [""04.05"", 1242, 56, 638], [""04783"", 1316, 28, 469], [""[이미지예]"", 1366, 47, 70], [""영양정보"", 1365, 60, 616], [""站125g170"", 1371, 46, 755], [""냉장제품"", 1466, 63, 165], [""눈꽃크리스피솔티드그래놀라96%,농후발효유250320kc,12160kc개입"", 1553, 68, 79]]"
003280,2023,07,31,2023-07-31,s2,"수입원 | dor 판해원 金#银上下品里1002104克号） | 제조사 PASTIFICIO FELCETTGPA WI OMEIO | 입플기관CCPB an VAFELICETTI938037PREDAZZONTN 82#（TBIO.0091898 be sbmola de trioo duro biol | 유a기한e ne gluten),agua brtoaeomoia toogica do | 모장재절 플리프로일인 | www.gediood.co.kr tche deeowaren van harde |  시자 기에 기  보성발을 수 있니다. | 영양정보 1.734cm | 10m90 360911  1 | PP | 09 | URa UE / EU AOrOre | weContrcliatotrategB/ | ed Operatot nc1ens | ITBIO009 o ooo / Inspocton Boody a | De ueme e Mn haa ti  Bt | wtes oe ITen rne toudaw t ee | 500ge | telicely | 31/07/2023 | 3152717","[[""영양정보"", 174, 24, 179], [""500ge"", 352, 29, 522], [""수입원"", 20, 15, 143], [""dor"", 36, 13, 106], [""판해원"", 32, 18, 145], [""金#银上下品里1002104克号）"", 30, 14, 201], [""제조사"", 43, 18, 148], [""PASTIFICIO FELCETTGPA WI OMEIO"", 41, 24, 200], [""입플기관CCPB an"", 56, 17, 150], [""82#（TBIO.0091898"", 52, 20, 338], [""VAFELICETTI938037PREDAZZONTN"", 63, 20, 247], [""be sbmola de trioo duro biol"", 56, 29, 506], [""brtoaeomoia toogica do"", 66, 27, 507], [""유a기한e"", 80, 15, 157], [""ne gluten),agua"", 76, 20, 509], [""모장재절 플리프로일인"", 97, 20, 342], [""www.gediood.co.kr"", 108, 19, 352], [""tche deeowaren van harde"", 106, 25, 514], ["" 시자 기에 기  보성발을 수 있니다."", 133, 26, 169], [""1.734cm"", 170, 16, 383], [""10m90 360911  1"", 186, 29, 178], [""PP"", 209, 14, 469], [""URa UE / EU AOrOre"", 238, 17, 538], [""09"", 230, 11, 540], [""weContrcliatotrategB/"", 247, 18, 539], [""ed Operatot nc1ens"", 256, 16, 542], [""o ooo / Inspocton Boody a"", 274, 20, 511], [""ITBIO009"", 283, 17, 513], [""De ueme e Mn haa ti  Bt"", 294, 23, 163], [""wtes oe ITen rne toudaw t ee"", 310, 18, 169], [""telicely"", 384, 17, 534], [""31/07/2023"", 440, 18, 234], [""3152717"", 459, 20, 248]]"
003284,2021,09,10,2021-09-10,s2,"재품명 달다리너것 | 너켓 식유형 과자(유당지리) | 원재료명 전지리이드 | 시즈닝,김자분일,영 | 우라이드치킨 유동기한 후면 기일까지 대두일최고기닮고기 향유 | 닭다라니것! 모상재질리프로엔 咨219760342001369(9 | 추라드시니을스낵으로 마로우유,대지고기계린장오정어 새 영용, 조개(전, 보) 사용한 | 구현은닭다리 너켓!빵가루를 같은 시설에서제조하 있니다 | 입 다바식하고 고소합니나 ·직사광선을 피하고 시 하고건조한 곳에 | 보관하십시오 개봉 바로드십시오 | ·소비자기본법에 의거 만.안해니다 | 게 즐기 민? -반:본사및구입 ·부정 불량식품 신고 | -신선도 유지를 위해 소층전포장을 | 하였습니다. | 밝다라 2021.09.10外 | 2A31228 | 영양정보 100g85kcal | 100g5 | e量660mg 193 339 | 个9量639 | 당69 485 | 34562 26g | 랜스지방0.5g미민","[[""너켓"", 108, 85, 51], [""식유형 과자(유당지리)"", 108, 35, 310], [""전지리이드"", 173, 44, 344], [""우라이드치킨"", 174, 28, 34], [""시즈닝,김자분일,영"", 182, 34, 344], [""닭다라니것!"", 208, 45, 56], [""유동기한 후면 기일까지"", 205, 33, 298], [""대두일최고기닮고기 향유"", 197, 35, 343], [""추라드시니을스낵으로"", 230, 33, 52], [""모상재질리프로엔"", 219, 29, 296], [""咨219760342001369(9"", 238, 39, 295], [""구현은닭다리 너켓!빵가루를"", 248, 36, 46], [""마로우유,대지고기계린장오정어 새"", 253, 44, 294], [""입 다바식하고 고소합니나"", 263, 37, 39], [""영용, 조개(전, 보) 사용한"", 266, 42, 298], [""게 즐기"", 306, 21, 43], [""-반:본사및구입"", 332, 30, 286], [""-신선도 유지를 위해"", 344, 31, 284], [""밝다라"", 355, 32, 37], [""2A31228"", 414, 29, 340], [""영양정보"", 451, 37, 271], [""재품명 달다리너것"", 92, 29, 312], [""원재료명"", 151, 20, 306], [""같은 시설에서제조하"", 272, 31, 298], [""·직사광선을 피하고 시"", 284, 29, 291], [""있니다"", 282, 21, 414], [""보관하십시오 개봉"", 296, 30, 293], [""하고건조한 곳에"", 294, 27, 406], [""민?"", 306, 17, 111], [""·소비자기본법에 의거"", 308, 27, 289], [""바로드십시오"", 305, 26, 406], [""·부정 불량식품 신고"", 320, 28, 288], [""만.안해니다"", 319, 28, 406], [""하였습니다."", 355, 25, 285], [""소층전포장을"", 353, 24, 395], [""2021.09.10外"", 397, 28, 345], [""100g85kcal"", 466, 18, 415], [""100g5"", 474, 24, 270], [""e量660mg"", 493, 28, 268], [""个9量639"", 505, 28, 266], [""34562"", 508, 21, 36], [""339"", 502, 16, 467], [""당69"", 517, 24, 270], [""193"", 512, 15, 465], [""26g"", 529, 24, 264], [""랜스지방0.5g미민"", 544, 28, 270], [""485"", 537, 14, 463]]"
003303,NONE,NONE,NONE,NONE,fail,"※자세한 사항은 제품설명서를 참조하세요. 기연카르를리기겨연 정보를 확인하실 수 있습니다. 작정 관리번호를 입력하시면 건강기능식품의 www.tioc ·유통기한: ·제조번호:   （7719620 건강기능식품이력추적관리번호:건강기능 이험   c한겨격연 닐위 기연카르를리기겨 장창장정귀수장활위술말징취수 격 | 건강가능식품이력추적관리번호:건강가능 건강기능식품이력추적관리번호:건강기능 건강기능식품이력추적관리번호:건강기능 건강기능식품이력추적관리번호:건강기능 건강기능식품이력추적관리번호:건강기능 6.K에서 식품이력추적 제이험 이런 분께권합니다! 이런 분께 권합니다! 이런 분께 권합니다! 이런분께 권합니다! 이런 분께 권합니다! 변복니대 | （7719620） （7719620） （7719620 7719620 营0科号世（7719620）+导器7 K ·육류 위주의 식습관으로 지방질 섭취가 육류 위주의 식습관으로 지방질 섭취가 육류 위주의 식습관으로 지방질 섭취가 육류 위주의 식습관으로 지방질 섭취가 육류 위주의 식습관으로 지방질 섭취가 | ·제조번호: ·제조번호: ·제조번호: ·제조번호: 제조번호: 많으신분 많으신뿐 많으신분 많으신분 많으신분 작연작:한면귀술무지 | -인스턴트식품섭휘를많이하사는분 인스턴트 식품 섭취를 많이 하시는분 인스턴트 식품 섭취를 많이 하시는분 인스턴트 식품 섭취를 많이 하시는 분 인스턴트 식품섭취를많이 하시는분 | ·유통기한: ·유통기한: ·유통기한: ·유통기한: ·유통기한: 많으신분 까지 까지 까지 까지 까지 c한겨기연장위환 -부족한 문동으로혈범건강이격용되시는분 부족한 운동으로 혈행 건강이 걱정되시는 분 부족한 운동으로 혈행 건강이 걱정되시는 분 부족한 운동으로 혈행건강이 걱정되시는 분 부족한 운동으로 혈행건강이 걱정되시는 분 | 080-977-3308（） 구입문의 중성지방 수치가 격정되시는 분 정보를 확인하실수 있습니다. 정보를 하만하십 수있습니다. 정보를 확인하실 수 있습니다. 정보를 확인하실 수 있습니다. 정보를 확인하실 수 있습니다. ·부족한 운동으로 혈행 건강이 걱정되시는 분 ""www.tiou.에서 식품이력추적 www.tiogu.kr""에서 식품이력추적 www.tiou.gu.kr'에서 식품이력추적 www.tiou.gu.kr'에서 식품이력추적 wwtdu-gu재 매서 식품이력추적 관리번호를 입력하시면 건강기능식품의 관리번호를 입력하시면 건강기능식품의 관리번호를 입력하시면 건강기능식품의 관리번호를 입력하시면 건강기능식품의 관리번호를 입력하시면 건강기능식용의 ·인스턴트 식품 섭취를많이하시는분 연연:한연기 ·육류 위주의 식습관으로 지방질 섭취가 이런 분께권합니다! ·증성지방 수치가격정되시는분 중성지방 수치가 걱정되시는 분 중성지방 수치가 걱정되시는 분 중성지방 수치가 걱정되시는 분 중성지방 수치가 걱정되시는 분 구입문의 구입문의 구입문의 구입문의 구업문의 구입문의 | ※자세한 사항은 제품설명서를 참조하세요 동자해한 사방은 제품설명서를 협조하세요. ※자세한 사항은 제품설명서를 참조하세요. ※자세한 사항은 제품설명서를 참조하세요 ※자세한 사항은 제품설명서를 참조하세요 080-977-3308（） 080-977-3308（） 080-977-3308（） 080-977-3308（） 080-977-3308（） | 건강기능식품이력추적관리번호:건강기능 이런 분께 권합니다! | （7719620 ·육류 위주의 식습관으로 지방질 섭취가 | ·제조번호: 1 많으신분 | 인스턴트 식품 섭취를 많이 하시는 분 | ·유통기한: 까지 부족한 운동으로 혈행 건강이 걱정되시는 분 | www.tio.gu.kr""에서 식품이력추적 | 이력추진 관리번호를 입력하시면 건강기능식품의 ·중성지방 수치가 걱정되시는 분 | 정보를 확인하실 수 있습니다. 구입문의 | ※자세한 사항은 제품설명서를 참조하세요 080-977-3308（）","[[""이런분께 권합니다!"", 286, 39, 362], [""건강기능식품이력추적관리번호:건강기능"", 300, 39, 85], [""육류 위주의 식습관으로 지방질 섭취가"", 314, 37, 365], [""7719620"", 327, 38, 87], [""많으신분"", 343, 28, 366], [""·제조번호:"", 362, 28, 88], [""인스턴트 식품 섭취를 많이 하시는 분"", 366, 33, 368], [""·유통기한:"", 396, 30, 93], [""까지"", 390, 25, 317], [""부족한 운동으로 혈행 건강이 걱정되시는 분"", 395, 33, 372], [""www.tiogu.kr\""에서 식품이력추적"", 420, 31, 154], [""중성지방 수치가 걱정되시는 분"", 426, 31, 375], [""관리번호를 입력하시면 건강기능식품의"", 444, 31, 157], [""정보를 확인하실 수 있습니다."", 468, 27, 160], [""구입문의"", 469, 34, 441], [""080-977-3308（）"", 498, 30, 384], [""※자세한 사항은 제품설명서를 참조하세요"", 508, 27, 166], [""이런 분께권합니다!"", 286, 43, 359], [""건강기능식품이력추적관리번호:건강기능"", 300, 42, 82], [""육류 위주의 식습관으로 지방질 섭취가"", 314, 39, 361], [""（7719620"", 326, 41, 85], [""많으신분"", 342, 29, 364], [""·제조번호:"", 362, 36, 86], [""인스턴트 식품섭취를많이 하시는분"", 365, 36, 366], [""·유통기한:"", 395, 35, 92], [""까지"", 388, 27, 317], [""부족한 운동으로 혈행 건강이 걱정되시는 분"", 394, 34, 371], [""\""www.tiou.에서 식품이력추적"", 420, 37, 151], [""중성지방 수치가 걱정되시는 분"", 424, 31, 374], [""관리번호를 입력하시면 건강기능식품의"", 442, 33, 154], [""정보를 확인하실수 있습니다."", 466, 33, 157], [""구입문의"", 468, 36, 440], [""080-977-3308（）"", 498, 35, 381], [""※자세한 사항은 제품설명서를 참조하세요."", 506, 33, 163], [""·제조번호:"", 123, 68, 265], [""（7719620"", 212, 251, 294], [""건강기능식품이력추적관리번호:건강기능"", 206, 247, 319], [""·유통기한:"", 126, 63, 231], [""정보를 확인하실 수 있습니다."", 238, 160, 160], [""관리번호를 입력하시면 건강기능식품의"", 254, 200, 182], [""www.tioc"", 182, 58, 208], [""※자세한 사항은 제품설명서를 참조하세요."", 256, 181, 119], [""6.K에서 식품이력추적"", 280, 142, 206], [""·육류 위주의 식습관으로 지방질 섭취가"", 460, 215, 303], [""·부족한 운동으로 혈행 건강이 걱정되시는 분"", 470, 209, 227], [""·인스턴트 식품 섭취를많이하시는분"", 467, 208, 257], [""많으신분"", 394, 61, 285], [""이런 분께권합니다!"", 436, 151, 335], [""080-977-3308（）"", 474, 184, 124], [""중성지방 수치가 격정되시는 분"", 455, 166, 200], [""구입문의"", 468, 83, 157], ["" "", 172, 207, 346], [""기연카르를리기겨"", 169, 204, 379], [""격"", 184, 167, 410], ["" "", 206, 150, 268], [""이험"", 246, 56, 330], [""c한겨기연장위환"", 385, 200, 428], [""K"", 310, 25, 379], [""연연:한연기"", 432, 249, 279], [""장창장정귀수장활위술말징취수"", 174, 27, 332], [""c한겨격연 닐위"", 197, 30, 288], [""작정"", 215, 29, 105], [""기연카르를리기겨연"", 245, 32, 68], [""제이험"", 298, 29, 219], [""작연작:한면귀술무지"", 340, 38, 314], [""이런 분께 권합니다!"", 286, 36, 362], [""건강기능식품이력추적관리번호:건강기능"", 300, 41, 84], [""육류 위주의 식습관으로 지방질 섭취가"", 314, 38, 365], [""（7719620）"", 327, 39, 87], [""많으신분"", 343, 28, 366], [""·제조번호:"", 361, 31, 87], [""인스턴트 식품 섭취를 많이 하시는분"", 365, 32, 368], [""·유통기한:"", 396, 30, 93], [""까지"", 389, 26, 317], [""부족한 운동으로 혈행건강이 걱정되시는 분"", 395, 33, 374], [""www.tiou.gu.kr'에서 식품이력추적"", 420, 32, 155], [""중성지방 수치가 걱정되시는 분"", 425, 30, 375], [""관리번호를 입력하시면 건강기능식품의"", 443, 30, 157], [""정보를 확인하실 수 있습니다."", 466, 31, 160], [""구입문의"", 468, 35, 441], [""080-977-3308（）"", 498, 32, 383], [""※자세한 사항은 제품설명서를 참조하세요"", 506, 27, 167], [""이런 분께 권합니다!"", 286, 36, 362], [""건강기능식품이력추적관리번호:건강기능"", 300, 41, 84], [""육류 위주의 식습관으로 지방질 섭취가"", 314, 38, 365], [""（7719620）"", 327, 39, 87], [""많으신분"", 343, 28, 366], [""·제조번호:"", 361, 31, 87], [""인스턴트 식품 섭취를 많이 하시는분"", 365, 32, 368], [""·유통기한:"", 396, 30, 93], [""까지"", 389, 26, 317], [""부족한 운동으로 혈행건강이 걱정되시는 분"", 395, 33, 374], [""www.tiou.gu.kr'에서 식품이력추적"", 420, 32, 155], [""중성지방 수치가 걱정되시는 분"", 425, 30, 375], [""관리번호를 입력하시면 건강기능식품의"", 443, 30, 157], [""정보를 확인하실 수 있습니다."", 466, 31, 160], [""구입문의"", 468, 35, 441], [""080-977-3308（）"", 498, 32, 383], [""※자세한 사항은 제품설명서를 참조하세요"", 506, 27, 167], [""이런 분께 권합니다!"", 573, 66, 728], [""건강기능식품이력추적관리번호:건강기능"", 602, 69, 172], [""·육류 위주의 식습관으로 지방질 섭취가"", 629, 76, 715], [""（7719620"", 654, 70, 178], [""많으신분"", 684, 54, 732], [""·제조번호:"", 724, 57, 177], [""1"", 709, 14, 468], [""인스턴트 식품 섭취를 많이 하시는 분"", 731, 56, 738], [""까지"", 778, 51, 634], [""·유통기한:"", 792, 56, 189], [""부족한 운동으로 혈행 건강이 걱정되시는 분"", 790, 53, 741], [""www.tio.gu.kr\""에서 식품이력추적"", 840, 59, 305], [""·중성지방 수치가 걱정되시는 분"", 852, 48, 744], [""이력추진"", 884, 35, 217], [""관리번호를 입력하시면 건강기능식품의"", 886, 51, 318], [""정보를 확인하실 수 있습니다."", 934, 47, 324], [""구입문의"", 937, 60, 884], [""080-977-3308（）"", 998, 55, 770], [""※자세한 사항은 제품설명서를 참조하세요"", 1014, 45, 334], [""변복니대"", 284, 37, 366], [""구입문의"", 470, 25, 445], [""이런 분께 권합니다!"", 286, 39, 362], [""건강가능식품이력추적관리번호:건강가능"", 300, 41, 84], [""·육류 위주의 식습관으로 지방질 섭취가"", 314, 37, 353], [""营0科号世（7719620）+导器7"", 326, 39, 87], [""많으신뿐"", 342, 31, 364], [""제조번호:"", 362, 31, 88], [""-인스턴트식품섭휘를많이하사는분"", 366, 36, 364], [""·유통기한:"", 396, 33, 92], [""까지"", 390, 25, 317], [""-부족한 문동으로혈범건강이격용되시는분"", 395, 34, 362], [""wwtdu-gu재 매서 식품이력추적"", 420, 33, 154], [""·증성지방 수치가격정되시는분"", 426, 32, 368], [""관리번호를 입력하시면 건강기능식용의"", 443, 32, 156], [""정보를 하만하십 수있습니다."", 468, 31, 158], [""구업문의"", 468, 31, 443], [""080-977-3308（）"", 498, 29, 384], [""동자해한 사방은 제품설명서를 협조하세요."", 507, 30, 166]]"
003304,2025,03,NONE,2025-03-NONE,det5,CARE | HER LOT CH20002 | LUBRICATED Exp.: 03/2025 | ULTRA THIN. 809350088834,"[[""CARE"", 340, 63, 90], [""HER"", 387, 62, 91], [""LOT"", 378, 21, 478], [""CH20002"", 389, 30, 535], [""Exp.:"", 418, 21, 474], [""03/2025"", 413, 28, 534], [""LUBRICATED"", 422, 25, 95], [""ULTRA THIN."", 440, 26, 97], [""809350088834"", 436, 28, 702]]"
003309,NONE,NONE,NONE,NONE,fail,0l0 | PRETZEL CRACKERS PRETZEL CRACKERS DRETZEL CRACKERS PRETZEL CRACKERS PRETZEL CRACKERS AL | PRETZEL CRACKERS PRETZEL CRACKERS PRETZEL CRACKERS | AL A L AL AL AL 10:48 ZZ082926A AUG292020 | AUG292020 AUG292020 AUG292020 AUG292020 AUG292020 | LE LE LE LE LE ZZ082926A ZZ082926A ZZ082926A ZZ082926A ZZ082926A | 10:48 10:48 10:48 10:48 10:48 ㄱ∀ | AL AL | Prol pro 2r0 | AUG292020 AUG292020 | -E LE ZZ082926A ZZ082926A | 10:48 10:48 | G | 7 pro,"[[""PRETZEL CRACKERS"", 85, 62, 0], [""AL"", 374, 94, 24], [""AUG292020"", 498, 47, 210], [""LE"", 532, 62, 0], [""ZZ082926A"", 544, 57, 210], [""10:48"", 594, 49, 262], [""pro"", 934, 33, 499], [""PRETZEL CRACKERS"", 86, 73, 0], [""AL"", 370, 115, 13], [""AUG292020"", 498, 50, 206], [""LE"", 532, 70, 0], [""ZZ082926A"", 544, 61, 206], [""10:48"", 593, 58, 258], [""Prol"", 934, 50, 487], [""PRETZEL CRACKERS"", 207, 410, 844], [""AL"", 111, 176, 537], [""ZZ082926A"", 328, 240, 385], [""AUG292020"", 326, 234, 437], [""10:48"", 330, 137, 343], [""ㄱ∀"", 610, 165, 332], [""0l0"", 26, 37, 184], [""PRETZEL CRACKERS"", 84, 63, 1], [""AL"", 374, 101, 22], [""AUG292020"", 497, 46, 210], [""LE"", 532, 64, 1], [""ZZ082926A"", 544, 55, 210], [""10:48"", 595, 51, 260], [""PRETZEL CRACKERS"", 168, 115, 3], [""AL"", 742, 200, 41], [""AUG292020"", 994, 90, 421], [""LE"", 1062, 122, 6], [""ZZ082926A"", 1089, 98, 424], [""10:48"", 1190, 97, 527], [""7"", 1867, 24, 1016], [""PRETZEL CRACKERS"", 169, 110, 4], [""AL"", 744, 195, 43], [""AUG292020"", 995, 86, 423], [""-E"", 1060, 136, 0], [""ZZ082926A"", 1089, 96, 427], [""10:48"", 1188, 90, 532], [""G"", 1778, 93, 1002], [""pro"", 1870, 93, 983], [""DRETZEL CRACKERS"", 84, 56, 1], [""AUG292020"", 498, 49, 207], [""LE"", 532, 68, 0], [""ZZ082926A"", 545, 57, 209], [""10:48"", 596, 50, 263], [""A L"", 374, 91, 27], [""PRETZEL CRACKERS"", 85, 60, 0], [""AUG292020"", 498, 49, 208], [""LE"", 532, 64, 0], [""ZZ082926A"", 545, 55, 210], [""10:48"", 596, 47, 263], [""2r0"", 934, 31, 499], [""AL"", 374, 93, 25]]"
003310,NONE,NONE,NONE,NONE,fail,m 4 A | PRETZEL PRETZEL CRACKERS PRETZEL CRACKERS PRETZEL CRACKERS PRETZEL CRACKERS PRETZEL CRACKERS ON CRACKERS | PRETZEL CRACKERS PRETZEL CRACKERS | AL A L A L AL AL AL 10:48 ZZ082926A AUG292020 3 | E E E E E E AUG292020 AUG292020 AUG292020 AUG292020 AUG292020 AUG292020 ZZ082926A ZZ082926A ZZ082926A ZZ082926A ZZ082926A ZZ082926A | LRLRECPRCILIZPLEE 10:48 10:48 10:48 10:48 10:48 10:48 | AL | n | AUG292020 | E ZZ082926A | 10:48,"[[""AL"", 246, 74, 12], [""E"", 348, 40, 12], [""AUG292020"", 344, 47, 170], [""ZZ082926A"", 376, 55, 167], [""10:48"", 408, 43, 210], [""PRETZEL CRACKERS"", 61, 37, 5], [""PRETZEL"", 56, 31, 4], [""CRACKERS"", 62, 34, 165], [""AL"", 244, 86, 5], [""E"", 347, 50, 6], [""AUG292020"", 343, 54, 166], [""ZZ082926A"", 375, 58, 164], [""10:48"", 408, 47, 207], [""PRETZEL CRACKERS"", 189, 369, 561], [""m"", 32, 34, 276], [""A"", 58, 79, 371], [""ZZ082926A"", 272, 219, 231], [""AUG292020"", 273, 214, 270], [""10:48"", 270, 126, 210], [""LRLRECPRCILIZPLEE"", 452, 373, 42], [""n"", 608, 26, 333], [""ON"", 56, 55, 188], [""3"", 294, 42, 591], [""PRETZEL CRACKERS"", 60, 37, 6], [""AL"", 245, 74, 12], [""E"", 348, 43, 10], [""AUG292020"", 344, 50, 168], [""ZZ082926A"", 376, 55, 166], [""10:48"", 409, 47, 209], [""PRETZEL CRACKERS"", 60, 37, 6], [""AL"", 245, 74, 12], [""E"", 348, 43, 10], [""AUG292020"", 344, 50, 168], [""ZZ082926A"", 376, 55, 166], [""10:48"", 409, 47, 209], [""PRETZEL CRACKERS"", 122, 65, 16], [""AL"", 490, 149, 25], [""E"", 694, 87, 20], [""AUG292020"", 688, 90, 339], [""ZZ082926A"", 750, 99, 336], [""10:48"", 818, 79, 424], [""PRETZEL CRACKERS"", 60, 33, 14], [""E"", 347, 50, 7], [""AUG292020"", 344, 54, 167], [""ZZ082926A"", 375, 63, 166], [""10:48"", 408, 49, 208], [""A L"", 246, 66, 16], [""4"", 38, 13, 356], [""PRETZEL CRACKERS"", 61, 34, 7], [""E"", 347, 47, 9], [""AUG292020"", 344, 47, 169], [""ZZ082926A"", 376, 58, 166], [""10:48"", 409, 45, 209], [""A L"", 246, 69, 14]]"
003312,2021,03,11,2021-03-11,up2x,BATEL3019 DATE11.03.2021 | SRLNR:O70,"[[""BATEL3019"", 624, 112, 338], [""DATE11.03.2021"", 660, 81, 515], [""SRLNR:O70"", 676, 63, 408]]"
003318,2021,10,20,2021-10-20,hires,EXP:202110.20 | Dalgom 달곰프란찌 GREEN TEA CREAM COOKIE | Franzzl 녹차크림쿠키,"[[""EXP:202110.20"", 958, 77, 468], [""Dalgom"", 1050, 34, 356], [""Franzzl"", 1112, 110, 348], [""달곰프란찌"", 1066, 30, 505], [""GREEN TEA CREAM COOKIE"", 1079, 42, 694], [""녹차크림쿠키"", 1122, 51, 692]]"
003322,2021,09,01,2021-09-01,det5,"omlip 영용벌럼 | A | 500g(2,540kcal) | 88%E125% | 2021 0 9 01지 | 01 민","[[""영용벌럼"", 92, 127, 156], [""omlip"", 34, 26, 183], [""A"", 144, 23, 276], [""500g(2,540kcal)"", 406, 30, 148], [""88%E125%"", 425, 30, 153], [""2021"", 487, 34, 202], [""0"", 497, 18, 277], [""9"", 498, 19, 291], [""01지"", 499, 26, 318], [""01"", 508, 24, 262], [""민"", 511, 26, 293]]"
003323,NONE,NONE,NONE,NONE,fail,"EASY EASY EASY EASY | OPEN OPEN OPEN OPEN EASY EASY | 88) 2OOL IMLN IN IINTRA. TTALY OPEN | DA DAT “ OPEN | Galbant Galban Gulbu Galbant ialnanu # #TJNTA COOLMLN VSN HL NI 3OVW | LANITAL | DAK 18 188 | STICK CHEESE SICK CHEESE Galbani Galbani albani 맞있는 간식, 갈바니 치즈! bulh JACK CHEESE CHEESE CHEESE CHEESE CHEESE COLBY 0IIG TER 716310:44 USE BYMAY2421NC STICKS Galbant albani IICHEESE “ | 1(Galbani) NO CVTEE STICKS STICKS STICKS STICKS STICKS SADILS 0IIT | USEBYMAY2421NC UBEBYMAY2421 NC USEBYMAY2421NC USEBYMAY2421NC | MADE IN THE USA NETWT.10-02 171631044 1M716310:44 M716310:44 716310:44 | jalbani Galbani balb Dale CHEESE CHEESE | SICK CHEESE COLBY COLBY COLBY COLBY COLBYA ba | SICK CHEESE IACK JACK JACK JACK JACK CVTEE | STICKS STICKS HES | Galbani Galbanl Galbani Galbani 3NO.1브드 3NO.1브드 3NO.1모H V(Ga(bani) V1(Galbani) mbaog 1(Galbani) 12 12 12 | 맞있는 간식, 갈바니 치지! 맞있는 간식, 갈바니 치즈! 맞있는 간식, 갈바니치! 맞입는 간실. 갈바니 차리! 8T LVa SERVN SERVINGS SERVINGS SERVINGS | NETWT I NETWT.10-0 NET WT.10-62 NETWT.10-02(283g) (2830) (283g) | MADE IN THE USA MADE IN THE USA MADE IN THE USA | O | USEBYMAY2421NC | 1M716310:44 USEBYMAY2421NC | 716310:44 | COLBY COLBY | JACK JACK | Galbani 이탈아N이.1치는브론드 | OAL I5S2 갈바니(Galbani) 이탈리아 NO 치즈 브랜드 | Galbani 맞있는 간식, 갈바니치즈! 갈바니(Galbani) | 맞있는 간식, 갈바니 치지! SERVINGS | SERVINGS NETWT.10-02(283g) | MADE IN THE USA NETWT.10-02(283g) | MADE IN THE USA","[[""EASY"", 34, 27, 532], [""OPEN"", 56, 27, 530], [""Galbant"", 149, 66, 168], [""Galbani"", 288, 25, 57], [""CHEESE"", 296, 41, 237], [""STICKS"", 362, 65, 198], [""COLBYA"", 624, 48, 236], [""JACK"", 672, 47, 251], [""Galbani"", 797, 23, 227], [""맞있는 간식, 갈바니 치즈!"", 832, 38, 230], [""SERVINGS"", 848, 30, 477], [""NET WT.10-62"", 868, 30, 477], [""(283g)"", 878, 22, 572], [""MADE IN THE USA"", 891, 29, 476], [""IN"", 94, 18, 302], [""TTALY"", 94, 15, 325], [""DAT"", 112, 13, 258], [""STICK CHEESE"", 328, 13, 56], [""USEBYMAY2421NC"", 480, 18, 215], [""M716310:44"", 498, 16, 253], [""3NO.1브드"", 790, 23, 304], [""1(Galbani)"", 804, 23, 329], [""EASY"", 32, 27, 533], [""OPEN"", 54, 27, 529], [""Galbant"", 147, 69, 164], [""Galbani"", 288, 26, 56], [""CHEESE"", 295, 48, 234], [""SICK CHEESE"", 328, 18, 53], [""STICKS"", 361, 74, 191], [""USEBYMAY2421NC"", 480, 21, 214], [""716310:44"", 498, 21, 273], [""COLBY"", 624, 51, 231], [""JACK"", 671, 57, 247], [""Galbani"", 797, 27, 225], [""3NO.1브드"", 789, 24, 304], [""V(Ga(bani)"", 804, 28, 327], [""맞있는 간식, 갈바니 치지!"", 832, 43, 229], [""SERVINGS"", 848, 30, 476], [""NETWT.10-0"", 868, 34, 475], [""(2830)"", 878, 19, 575], [""MADE IN THE USA"", 890, 28, 476], [""STICKS"", 310, 230, 566], [""IICHEESE"", 294, 189, 641], [""USE BYMAY2421NC"", 304, 183, 468], [""맞있는 간식, 갈바니 치즈!"", 328, 196, 107], [""COLBY"", 312, 149, 311], [""JACK"", 310, 123, 263], [""716310:44"", 320, 93, 454], [""NO"", 368, 129, 157], [""1(Galbani)"", 369, 86, 145], [""MADE IN THE USA"", 518, 85, 55], [""NETWT.10-02"", 524, 96, 78], [""COOLMLN"", 169, 92, 854], [""VSN HL NI 3OVW"", 172, 82, 877], [""SADILS"", 381, 226, 327], [""“"", 361, 200, 813], [""CVTEE"", 380, 149, 274], [""0IIT"", 377, 152, 602], [""88)"", 82, 27, 64], [""2OOL IMLN"", 92, 29, 116], [""“"", 126, 37, 262], [""TER"", 288, 48, 320], [""0IIG"", 336, 45, 295], [""CVTEE"", 664, 41, 305], [""mbaog"", 810, 67, 223], [""8T"", 850, 10, 331], [""LVa"", 848, 17, 375], [""O"", 906, 25, 112], [""EASY"", 34, 27, 532], [""OPEN"", 56, 24, 530], [""IINTRA."", 94, 23, 290], [""DA"", 111, 12, 259], [""ialnanu"", 148, 46, 187], [""bulh"", 292, 37, 195], [""albani"", 290, 13, 65], [""CHEESE"", 296, 43, 230], [""STICKS"", 362, 68, 197], [""USEBYMAY2421NC"", 480, 18, 217], [""171631044"", 498, 22, 249], [""COLBY"", 624, 48, 235], [""JACK"", 673, 52, 249], [""3NO.1모H"", 790, 25, 304], [""12"", 808, 68, 483], [""Galbani"", 797, 23, 227], [""V1(Galbani)"", 804, 23, 328], [""맞있는 간식, 갈바니치!"", 832, 37, 231], [""SERVINGS"", 848, 29, 477], [""NETWT.10-02(283g)"", 872, 45, 474], [""MADE IN THE USA"", 891, 28, 477], [""EASY"", 64, 48, 1039], [""OPEN"", 108, 40, 1032], [""#TJNTA"", 182, 38, 531], [""18"", 215, 14, 646], [""albani"", 287, 107, 386], [""jalbani"", 560, 36, 121], [""CHEESE"", 575, 75, 463], [""balb"", 560, 40, 383], [""SICK CHEESE"", 639, 24, 110], [""STICKS"", 702, 124, 379], [""USEBYMAY2421NC"", 932, 31, 420], [""1M716310:44"", 970, 33, 478], [""COLBY"", 1216, 87, 465], [""JACK"", 1307, 94, 489], [""Galbani"", 1550, 44, 445], [""이탈아N이.1치는브론드"", 1536, 43, 597], [""갈바니(Galbani)"", 1567, 43, 638], [""맞있는 간식, 갈바니치즈!"", 1621, 70, 452], [""SERVINGS"", 1651, 49, 931], [""NETWT.10-02(283g)"", 1698, 86, 924], [""MADE IN THE USA"", 1733, 46, 931], [""EASY"", 65, 44, 1069], [""OPEN"", 111, 46, 1060], [""#"", 184, 20, 549], [""LANITAL"", 188, 31, 600], [""DAK"", 224, 32, 513], [""188"", 222, 23, 659], [""Galbant"", 298, 140, 326], [""Galbani"", 578, 39, 115], [""CHEESE"", 592, 77, 476], [""Dale"", 574, 43, 395], [""ba"", 618, 30, 1055], [""SICK CHEESE"", 656, 27, 111], [""STICKS"", 722, 133, 390], [""HES"", 696, 17, 1058], [""USEBYMAY2421NC"", 958, 33, 430], [""716310:44"", 996, 35, 548], [""COLBY"", 1248, 84, 477], [""JACK"", 1344, 89, 509], [""OAL I5S2"", 1570, 17, 488], [""Galbani"", 1593, 44, 460], [""이탈리아 NO 치즈 브랜드"", 1579, 36, 617], [""갈바니(Galbani)"", 1610, 38, 658], [""맞있는 간식, 갈바니 치지!"", 1666, 72, 459], [""SERVINGS"", 1697, 50, 959], [""NETWT.10-02(283g)"", 1746, 96, 948], [""MADE IN THE USA"", 1782, 49, 955], [""Gulbu"", 150, 59, 175], [""CHEESE"", 295, 48, 235], [""STICKS"", 362, 65, 196], [""COLBY"", 624, 45, 236], [""IACK"", 672, 50, 251], [""12"", 812, 71, 486], [""EASY"", 33, 24, 533], [""OPEN"", 56, 27, 530], [""UBEBYMAY2421 NC"", 480, 21, 214], [""1M716310:44"", 498, 22, 248], [""Galbanl"", 797, 25, 227], [""맞입는 간실. 갈바니 차리!"", 832, 41, 231], [""SERVN"", 848, 27, 476], [""NETWT I"", 868, 31, 477], [""Galban"", 150, 71, 167], [""CHEESE"", 295, 42, 237], [""STICKS"", 362, 67, 196], [""COLBY"", 624, 46, 236], [""JACK"", 672, 48, 251], [""12"", 810, 73, 483]]"
003324,2021,02,16,2021-02-16,det5,Kraft | 자연치즈 함유 99% | FTNELY HREDDED | Triple Cheddar | REDED VERMONT KTECHCSHARP-H | NO rbST | 0-00-2021--02-1603-0 HORMONE YAECRNCONSRASD | CANT DHERENCE HA | WNBETWENMU | PA14 CUP BEEN MrbST-REA | 110 60 170mg 00 NET WT ERIVED NON-AST-REATEDCOS | CALORIES SAT FAT SODIUM TOTAL SUGARS 80Z(226g) | 29% DV 7% DV,"[[""Kraft"", 81, 78, 341], [""자연치즈"", 142, 83, 275], [""함유"", 152, 41, 423], [""99%"", 155, 44, 484], [""FTNELY"", 230, 33, 297], [""HREDDED"", 239, 44, 422], [""Triple Cheddar"", 324, 125, 149], [""REDED VERMONT KTECHCSHARP-H"", 394, 59, 105], [""NO rbST"", 631, 62, 593], [""0-00-2021--02-1603-0"", 674, 38, 273], [""HORMONE"", 660, 50, 591], [""YAECRNCONSRASD"", 678, 36, 607], [""CANT DHERENCE HA"", 748, 37, 615], [""PA14 CUP"", 784, 37, 141], [""BEEN"", 783, 33, 569], [""WNBETWENMU"", 770, 43, 623], [""ERIVED"", 804, 25, 582], [""MrbST-REA"", 788, 46, 639], [""110"", 820, 33, 147], [""60"", 820, 21, 221], [""170mg"", 818, 33, 265], [""00"", 820, 21, 339], [""NET WT"", 818, 40, 452], [""SODIUM"", 833, 22, 267], [""NON-AST-REATEDCOS"", 816, 61, 589], [""CALORIES"", 841, 18, 144], [""SAT FAT"", 836, 23, 207], [""TOTAL"", 835, 14, 334], [""80Z(226g)"", 845, 34, 435], [""29% DV"", 853, 22, 210], [""7% DV"", 852, 14, 276], [""SUGARS"", 846, 17, 328]]"
003326,NONE,NONE,NONE,NONE,fail,"(6gzz) Z08 A0%8 A0 9%Z | IM LEN Kracs Krafe KaE Kias Kais 00 TLOL WNIGOS | SATI 자연치즈 IAIS. 자연치즈 함유 99% 자연치즈 함유99% 자연치즈 함유99% 민치즈함유 99. 함유 99% d | OHISHCWINOLIM K Kiase IM LN (69zz)Z08 | ISQION   FOUR FOURPHEESE Mexican Mexican FOURLHEESE FOUR EHEESE MexicansmE Mexicansre MexicansTE RHEESE FOUR Mexican 자연치즈함유99% 자연치즈 함유99% | 80Z(226g） NET WT SRDEDMONTEREY JACK,CHED PEDDED MONTEREY JACK CHEDD HREDED MONTEREY JACK,CHEDDAE CCULS 자연치즈 함유99% | ARSO | EARSO | 1e NO rbST NO rbST NO rbST NO rbst Mexicanme MexicansmE | HORMONE HORMONE HORMONE | 95989445 F성 43 MAL WIT MIKFRON CONK MAL WT MUKFROMCONS WINOUTALTED RS HON WTOUTA NEDS H WINOUTANDSTH DEWITH MLKIRONCONS FOUR LHEESE FOUR CHEESE | P SUP ""NO SIGNIARNT ""NO SIGNIAR NTDIFEBRNC NOSIGNEAD | BEEN SHOL BETW REL | 100 100 50 SAT FAT 50 SAT FAT SAT FAT SODIUM SODIUM SODIUM 180mg 180mg 180mg TOTAL 0. TOTAL TOTAL 0. 0 헤아네이 에에IEEY 시 NET WT NET WT NET WT NET WT DERIVED DERIVEDT DERIVED | CALORIES CALORIES CALORIES 259%DV 25% DV DV 8% DV 8% DV %DV SUGARS SUGARS SUGARS 80Z (226g) 80Z (226g) 8 0Z (226g) 8 0Z (226g) SHREDDED MONTEREY JACK,CHEDDA AND NON-rbST-TR AND NON-rbST-TREN AND NON-rbST-TREAI | SADACHEI | NO rbST | HORMONE NO rbST | . MAL. WITh MILKFROM COWS HORMONE | WIT'OUT AI DFD rbSTHORN | MAL WITh MLKFROM COWS | WITNOUT ALDFD ROSTHON | PEP1I4DOP *NO SIGNIINT DIFERICH | 100 PEP114DOP 5g 180mg 0g NET WT DERIVEDTIR BEEN SHOL  BETWEN *NOSIGNIFARNT DIFERIC T-TRE | CALORIES SAT FAT SODIUM TOTAL | 100 25% DV 50 8% DV 180mg SUGARS 00 8 0Z (226g) NET WT AND NON-rbST-IREATE BEEN SHOEA BETWVEN bST-IRE | CALORIES SAT FAT SODIUM TOTAL DERIVEDTR | 25% DV 8%DV SUGARS 8 0Z (226g) AND NON-rbST-TREATE","[[""KaE"", 142, 53, 320], [""자연치즈 함유99%"", 203, 54, 260], [""MexicansTE"", 317, 88, 253], [""FOUR"", 369, 39, 281], [""RHEESE"", 371, 46, 355], [""HREDED MONTEREY JACK,CHEDDAE"", 426, 38, 91], [""NO rbST"", 642, 53, 552], [""HORMONE"", 674, 47, 555], [""MAL WT MUKFROMCONS"", 702, 49, 540], [""WINOUTALTED RS HON"", 717, 44, 550], [""\""NO SIGNIAR NTDIFEBRNC"", 775, 40, 530], [""BEEN SHOL"", 797, 28, 534], [""BETW"", 794, 22, 608], [""100"", 809, 30, 133], [""180mg"", 810, 21, 242], [""NET WT"", 810, 29, 412], [""DERIVEDT"", 820, 23, 534], [""80Z (226g)"", 836, 33, 391], [""AND NON-rbST-TREN"", 838, 25, 532], [""SUP"", 778, 19, 179], [""0."", 810, 13, 308], [""SAT FAT"", 824, 17, 186], [""SODIUM"", 824, 20, 239], [""TOTAL"", 823, 14, 300], [""CALORIES"", 828, 17, 128], [""SUGARS"", 833, 14, 295], [""25% DV"", 841, 14, 192], [""8% DV"", 840, 15, 247], [""Kracs"", 141, 64, 312], [""자연치즈"", 202, 49, 261], [""함유"", 207, 36, 389], [""99%"", 201, 50, 449], [""MexicansmE"", 317, 100, 245], [""FOUR EHEESE"", 371, 52, 277], [""SRDEDMONTEREY JACK,CHED"", 427, 45, 88], [""NO rbST"", 642, 59, 548], [""HORMONE"", 674, 52, 553], [""DEWITH MLKIRONCONS"", 700, 37, 557], [""WINOUTANDSTH"", 716, 41, 552], [""NOSIGNEAD"", 774, 44, 527], [""50"", 810, 21, 197], [""180mg"", 808, 25, 240], [""0"", 810, 21, 305], [""NET WT"", 810, 30, 412], [""SAT FAT"", 824, 20, 186], [""SODIUM"", 823, 16, 241], [""TOTAL"", 822, 14, 299], [""DERIVED"", 819, 24, 533], [""CALORIES"", 828, 16, 128], [""SUGARS"", 832, 14, 295], [""80Z (226g)"", 835, 34, 391], [""8% DV"", 840, 15, 246], [""AND NON-rbST-TREAI"", 837, 27, 531], [""259%DV"", 840, 17, 189], [""SATI"", 200, 29, 126], [""Mexican"", 392, 276, 601], [""자연치즈함유99%"", 396, 273, 726], [""FOUR"", 346, 128, 575], [""80Z(226g）"", 436, 86, 110], [""NET WT"", 442, 59, 135], [""IAIS."", 178, 54, 313], ["" "", 323, 272, 175], [""(69zz)Z08"", 285, 88, 821], [""IM LN"", 281, 60, 800], [""(6gzz) Z08"", 124, 33, 237], [""A0%8"", 120, 17, 443], [""A0 9%Z"", 120, 17, 492], [""TLOL"", 138, 14, 388], [""WNIGOS"", 137, 21, 434], [""IM LEN"", 150, 30, 250], [""00"", 150, 25, 389], [""d"", 189, 14, 558], [""OHISHCWINOLIM"", 243, 44, 65], [""ISQION"", 317, 50, 76], [""Krafe"", 142, 55, 319], [""자연치즈 함유 99%"", 202, 54, 260], [""Mexicansre"", 316, 85, 253], [""FOURLHEESE"", 370, 46, 280], [""PEDDED MONTEREY JACK CHEDD"", 426, 32, 103], [""NO rbST"", 642, 52, 551], [""HORMONE"", 675, 46, 553], [""MAL WIT MIKFRON CONK"", 702, 44, 543], [""WTOUTA NEDS H"", 717, 44, 551], [""\""NO SIGNIARNT"", 776, 31, 532], [""100"", 809, 30, 132], [""NET WT"", 810, 31, 411], [""REL"", 793, 14, 614], [""50"", 810, 18, 199], [""180mg"", 810, 19, 244], [""0."", 809, 16, 306], [""SAT FAT"", 825, 16, 186], [""SODIUM"", 824, 16, 241], [""TOTAL"", 823, 14, 299], [""DERIVED"", 820, 23, 535], [""CALORIES"", 829, 16, 128], [""SUGARS"", 833, 14, 296], [""8 0Z (226g)"", 836, 34, 392], [""DV"", 841, 8, 209], [""%DV"", 839, 12, 255], [""AND NON-rbST-TR"", 838, 20, 534], [""Kiase"", 273, 104, 616], [""자연치즈 함유99%"", 386, 95, 503], [""ARSO"", 467, 42, 232], [""Mexicanme"", 603, 174, 477], [""FOUR LHEESE"", 707, 87, 535], [""헤아네이 에에IEEY 시"", 814, 44, 190], [""NO rbST"", 1225, 91, 1056], [""HORMONE"", 1288, 89, 1059], [""."", 1345, 26, 457], [""MAL. WITh MILKFROM COWS"", 1340, 77, 1038], [""WIT'OUT AI DFD rbSTHORN"", 1367, 70, 1058], [""PEP1I4DOP"", 1478, 56, 204], [""*NO SIGNIINT DIFERICH"", 1476, 69, 1014], [""100"", 1542, 67, 247], [""BEEN SHOL  BETWEN"", 1518, 61, 1018], [""5g"", 1544, 38, 378], [""180mg"", 1543, 45, 459], [""0g"", 1544, 35, 586], [""NET WT"", 1546, 51, 788], [""DERIVEDTIR"", 1563, 47, 1021], [""T-TRE"", 1548, 33, 1221], [""CALORIES"", 1580, 27, 245], [""SAT FAT"", 1574, 25, 359], [""SODIUM"", 1570, 31, 462], [""TOTAL"", 1570, 24, 573], [""8 0Z (226g)"", 1594, 58, 753], [""SUGARS"", 1588, 27, 565], [""AND NON-rbST-IREATE"", 1597, 58, 1014], [""25% DV"", 1604, 28, 364], [""8% DV"", 1600, 24, 472], [""K"", 279, 78, 655], [""자연치즈 함유99%"", 406, 101, 526], [""EARSO"", 494, 75, 216], [""1e"", 570, 82, 195], [""MexicansmE"", 634, 193, 498], [""FOUR CHEESE"", 742, 92, 562], [""SHREDDED MONTEREY JACK,CHEDDA"", 856, 69, 177], [""SADACHEI"", 884, 54, 1134], [""NO rbST"", 1286, 96, 1108], [""HORMONE"", 1350, 92, 1112], [""MAL WITh MLKFROM COWS"", 1406, 84, 1088], [""WITNOUT ALDFD ROSTHON"", 1433, 76, 1108], [""PEP114DOP"", 1550, 61, 204], [""*NOSIGNIFARNT DIFERIC"", 1550, 69, 1066], [""100"", 1616, 67, 262], [""BEEN SHOEA BETWVEN"", 1593, 72, 1066], [""50"", 1621, 40, 395], [""180mg"", 1619, 48, 482], [""00"", 1620, 32, 617], [""NET WT"", 1622, 55, 828], [""DERIVEDTR"", 1640, 43, 1073], [""bST-IRE"", 1626, 59, 1251], [""CALORIES"", 1657, 30, 256], [""SAT FAT"", 1650, 27, 374], [""SODIUM"", 1646, 31, 482], [""TOTAL"", 1646, 25, 601], [""SUGARS"", 1666, 27, 592], [""8 0Z (226g)"", 1672, 57, 789], [""AND NON-rbST-TREATE"", 1674, 49, 1066], [""25% DV"", 1682, 26, 381], [""8%DV"", 1679, 28, 492], [""Kais"", 142, 64, 315], [""민치즈함유 99."", 204, 49, 287], [""Mexican"", 316, 81, 253], [""95989445"", 712, 45, 178], [""Kias"", 142, 54, 320], [""자연치즈 함유99%"", 203, 52, 261], [""FOURPHEESE"", 370, 46, 280], [""CCULS"", 426, 26, 278], [""NO rbst"", 643, 54, 552], [""F성 43"", 713, 45, 178], [""P"", 778, 22, 170], [""NET WT"", 810, 29, 413], [""8 0Z (226g)"", 836, 31, 393], [""Mexican"", 314, 82, 253]]"
003327,NONE,NONE,NONE,NONE,fail,"-LS-NON ONY IM L3N (692)Z08 081 ISqiON | 50 SINOIS ON. Kia KaS Krafs Kiafs Kiafs | 자연치즈 자연치즈함유99 자연치즈함유99% 자연지즈 함유 99l 자연지즈 함유 99l 함유99 | ISQTON G R Mexican Mexican MexicansrE MexicansrE MexicansrE MexicansTYE 19108 자연치즈함유99% | Mexican FOUREHEESR FOUREHEESE FOURELEESE FOURELEESE FOUREHEESE | AR | BEDED MONIEREY JACL, CGIEDDASY SDED MONTEREY JACK, CHEDD SDDED MONTEREY JACK, CHEDD- DDED MONTEREY JACK, CHEDDA' DDED MONTEREY JACK, CHEDDA' FOUR Mexi KaE WACE | can NO rbST NO rbST NO rbST 종역 NO rbST FOUREHEESE MexicansTYE | HORMONE HORMONE HORMONE HORMONE | 홍용 MAL. WROUTA WOTAT | 1IAPOP adp GRSDED MONTEREY JACK, CHEDDA'E- ""NO SIGN ""NO SIGN ""NO SIGNIG 'NO SIGNIG E-SUEIOLACE | 100 u0 u0 u0 5 5 SAT FaT 180 180 180 180 0. 0 0 0 NET WT NET WT NET WT NET WT NET WT | CALORUES 80Z（226g) 802(226g) 80Z(226g) 80Z(226g) 80Z(226g) AND NON-rDST- AND NON-rDST- rbST rbST | NO rbST | HORMONE | MA   | WOUTATDSRO | 114C0P ""NO SIGNIE RNTDETIRE | 100 5. 180 0 NET WT BEELSEDEBETWEY | CALORAES SATFAT 80Z(226g) DERIVEUA | AND NON-IbST-IRE","[[""자연치즈함유99%"", 169, 95, 267], [""MexicansrE"", 248, 131, 247], [""SDDED MONTEREY JACK, CHEDD-"", 282, 83, 110], [""FOUREHEESE"", 278, 86, 268], [""NO rbST"", 498, 37, 488], [""HORMONE"", 520, 32, 487], [""NET WT"", 574, 33, 345], [""80Z(226g)"", 589, 41, 326], [""adp"", 499, 23, 142], [""u0"", 514, 16, 110], [""5"", 523, 12, 161], [""180"", 534, 20, 196], [""0"", 546, 13, 254], [""WOTAT"", 547, 26, 478], [""\""NO SIGNIG"", 577, 26, 457], [""AND NON-rDST-"", 620, 36, 451], [""Kia"", 128, 68, 324], [""자연치즈"", 156, 63, 270], [""함유99"", 183, 54, 376], [""MexicansTYE"", 250, 135, 244], [""SDED MONTEREY JACK, CHEDD"", 282, 87, 110], [""FOUREHEESE"", 279, 90, 265], [""WACE"", 372, 33, 537], [""1IAPOP"", 497, 30, 124], [""NO rbST"", 497, 42, 485], [""100"", 511, 28, 100], [""CALORUES"", 523, 26, 92], [""HORMONE"", 519, 36, 486], [""SAT FaT"", 532, 24, 146], [""5"", 523, 14, 158], [""180"", 533, 20, 198], [""MAL."", 534, 9, 477], [""0."", 545, 10, 255], [""WROUTA"", 546, 24, 480], [""NET WT"", 574, 35, 345], [""80Z（226g)"", 588, 44, 324], [""'NO SIGNIG"", 577, 30, 455], [""AND NON-rDST-"", 620, 37, 449], [""Mexi"", 327, 154, 376], [""FOUR"", 318, 93, 354], [""KaE"", 390, 124, 477], [""can"", 446, 81, 352], [""ISqiON"", 113, 78, 480], [""19108"", 274, 99, 548], [""Mexican"", 265, 254, 180], [""홍용"", 490, 40, 250], [""-LS-NON ONY"", 20, 39, 107], [""50"", 50, 22, 67], [""(692)Z08"", 52, 43, 229], [""SINOIS ON."", 63, 28, 130], [""IM L3N"", 66, 33, 238], [""081"", 106, 17, 413], [""ISQTON"", 142, 38, 73], [""Kiafs"", 130, 70, 327], [""자연지즈 함유 99l"", 169, 91, 269], [""MexicansrE"", 248, 133, 247], [""DDED MONTEREY JACK, CHEDDA'"", 285, 90, 109], [""FOURELEESE"", 278, 86, 268], [""NO rbST"", 498, 36, 487], [""u0"", 514, 13, 112], [""HORMONE"", 520, 33, 486], [""180"", 533, 19, 196], [""0"", 546, 10, 255], [""NET WT"", 573, 36, 345], [""80Z(226g)"", 590, 42, 326], [""\""NO SIGN"", 578, 23, 457], [""rbST"", 626, 15, 503], [""Kiafs"", 130, 70, 327], [""자연지즈 함유 99l"", 169, 91, 269], [""MexicansrE"", 248, 133, 247], [""DDED MONTEREY JACK, CHEDDA'"", 285, 90, 109], [""FOURELEESE"", 278, 86, 268], [""NO rbST"", 498, 36, 487], [""u0"", 514, 13, 112], [""HORMONE"", 520, 33, 486], [""180"", 533, 19, 196], [""0"", 546, 10, 255], [""NET WT"", 573, 36, 345], [""80Z(226g)"", 590, 42, 326], [""\""NO SIGN"", 578, 23, 457], [""rbST"", 626, 15, 503], [""자연치즈함유99%"", 340, 188, 533], [""AR"", 286, 11, 296], [""MexicansTYE"", 498, 260, 497], [""GRSDED MONTEREY JACK, CHEDDA'E-"", 565, 178, 185], [""FOUREHEESE"", 556, 160, 541], [""E-SUEIOLACE"", 725, 120, 944], [""114C0P"", 994, 54, 250], [""NO rbST"", 996, 68, 978], [""100"", 1022, 62, 198], [""HORMONE"", 1040, 58, 977], [""CALORAES"", 1048, 45, 189], [""5."", 1046, 26, 320], [""SATFAT"", 1066, 37, 296], [""180"", 1067, 36, 395], [""MA  "", 1072, 39, 948], [""WOUTATDSRO"", 1094, 42, 964], [""0"", 1092, 18, 516], [""NET WT"", 1146, 63, 693], [""\""NO SIGNIE RNTDETIRE"", 1167, 74, 913], [""80Z(226g)"", 1179, 75, 656], [""BEELSEDEBETWEY"", 1194, 77, 913], [""DERIVEUA"", 1210, 58, 907], [""AND NON-IbST-IRE"", 1243, 72, 900], [""KaS"", 128, 95, 305], [""R"", 180, 66, 123], [""Mexican"", 240, 115, 248], [""Krafs"", 129, 75, 322], [""자연치즈함유99"", 169, 93, 268], [""G"", 178, 62, 125], [""Mexican"", 241, 112, 249], [""BEDED MONIEREY JACL, CGIEDDASY"", 281, 88, 99], [""FOUREHEESR"", 278, 83, 270], [""종역"", 498, 31, 492], [""NET WT"", 574, 31, 347], [""802(226g)"", 590, 41, 326]]"
003331,2021,11,03,2021-11-03,s2,"식품위생법에 의한 한글표시사항 | 명:미니프레즐 슬트(요오드소금 3% 함유) | 5CDUNCECCOMSRL250993 | 业调对型立型好提交：02-77-1136 | :일기-시스연영산유정수,육수수문(유전자변행 옥수수 가능성있음] | 주을 요오드소금 효오 성당 단산나를,수산나를, 보존료(타중아산나트름) | 또장재질: 플리프로필랜 반품교한 구업처 또는 수업원 유통기한:제품 별도표시일까지(년/일/일 순) | 보기 적사을 피하고 건방한 곳에 보 은 소비자 경기에거교또는 보성을수 있습니다 | EXP2021.11.03 | 89：专48售250g100g#397kccal | 4热香1.470mg74%）电中量75.6g（23%）界429（4%）对营5.7g（11%） | 电#0生#0.679（4%0mg/03#11g（20%）","[[""식품위생법에 의한 한글표시사항"", 192, 35, 200], [""명:미니프레즐 슬트(요오드소금 3% 함유)"", 217, 34, 154], [""5CDUNCECCOMSRL250993"", 235, 32, 138], [""业调对型立型好提交：02-77-1136"", 268, 21, 120], ["":일기-시스연영산유정수,육수수문(유전자변행 옥수수 가능성있음]"", 279, 40, 114], [""주을 요오드소금 효오 성당 단산나를,수산나를, 보존료(타중아산나트름)"", 296, 35, 107], [""또장재질: 플리프로필랜 반품교한 구업처 또는 수업원 유통기한:제품 별도표시일까지(년/일/일 순)"", 311, 34, 107], [""보기 적사을 피하고 건방한 곳에 보 은 소비자 경기에거교또는 보성을수 있습니다"", 326, 37, 106], [""EXP2021.11.03"", 383, 22, 243], [""89：专48售250g100g#397kccal"", 405, 26, 214], [""4热香1.470mg74%）电中量75.6g（23%）界429（4%）对营5.7g（11%）"", 418, 27, 173], [""电#0生#0.679（4%0mg/03#11g（20%）"", 430, 29, 178]]"
003332,2026,04,20,2026-04-20,erode3,BEST BYAPR/29/2110:00FL60 | CHU | UAMTHUSA MEHOA | BELGIOIOSO | BURRATA | WITHSHRERSOEMOZZARELLA REHMOZZARACHSFEBD | NETNT. SOAKED IN CREAM YAUDL | 80L26 4-2oz.Minis,"[[""BEST BYAPR/29/2110:00FL60"", 452, 36, 232], [""CHU"", 533, 34, 225], [""UAMTHUSA"", 553, 33, 193], [""MEHOA"", 559, 18, 451], [""REHMOZZARACHSFEBD"", 710, 53, 200], [""WITHSHRERSOEMOZZARELLA"", 728, 45, 220], [""NETNT."", 746, 46, 163], [""80L26"", 768, 61, 150], [""SOAKED IN CREAM"", 743, 30, 266], [""4-2oz.Minis"", 776, 47, 247], [""YAUDL"", 755, 20, 480], [""BELGIOIOSO"", 606, 64, 191], [""BURRATA"", 681, 58, 222]]"
003338,2020,06,01,2020-06-01,det5,"시일지 | (16g-8号XIK4 | 1) | 캘라린(지고 | 구연산 | (이산화티타 | (식용색소) | 법성 | 사산, | 사과주스농 | Manufacturer:Guangdong Fuwel Healtth 0.4%,AaW | Technology Co., Ltd. | AddM3Zone11AndBulldingDNo.13-7&08,Jinyuan 고 | induatrial Park,Chaoshan Road,Shantou,Guangdona.Chin | Product of China | 조하고 시 | Best Bel 은 소 | 202006/01 에 의기 | 한상이 발생할수 | 영앙정보","[[""시일지"", 122, 40, 563], [""(16g-8号XIK4"", 136, 39, 564], [""1)"", 206, 35, 562], [""캘라린(지고"", 220, 33, 562], [""구연산"", 233, 31, 561], [""(이산화티타"", 248, 30, 560], [""(식용색소)"", 263, 31, 558], [""법성"", 292, 31, 555], [""사산,"", 306, 32, 553], [""Manufacturer:Guangdong Fuwel Healtth"", 346, 41, 133], [""Technology Co., Ltd."", 354, 26, 134], [""사과주스농"", 348, 27, 550], [""AddM3Zone11AndBulldingDNo.13-7&08,Jinyuan"", 373, 39, 130], [""0.4%,AaW"", 364, 28, 547], [""induatrial Park,Chaoshan Road,Shantou,Guangdona.Chin"", 386, 42, 126], [""Product of China"", 396, 32, 120], [""고"", 392, 23, 543], [""Best Bel"", 424, 21, 122], [""202006/01"", 456, 50, 130], [""조하고 시"", 434, 24, 537], [""은 소"", 461, 26, 525], [""에 의기"", 474, 24, 525], [""한상이 발생할수"", 500, 19, 519], [""영앙정보"", 523, 27, 514]]"
003340,2022,07,22,2022-07-22,fail,222-1092890000 | . Ethical Tea Ethical Tea Ethical Tea Ethical Tea 22027838762 0 | Partnership Partnership Partnership Partnership | Improving the lives of tea Improving tho Ihos of tea Improving the lives of tea Improving the lives of tea | C TCtTte Loose Tea · Tee lose · Té en hojas. Thé en vrac Loose Tea· Tee lose· Té en hojas· Thé en vrac Loose Tea. Tee lose. Té en hojas Thé en vrac eTea.Teelose.Teen holas.Thten vas workers and their environment workers and their environment workers and their environment workors and thelr crvironmont | . r preferibilmente entro il . Best for · Najlepiej Spozy Przed: A consommer de préférence avant le • Da consumarsi houdbaar tot · Consumir preferentemente antes del Best Before · Mindestens haltbar bis · Ten minste CoLossethce.Lol Te in foglie · Losse thee · Losvekt te · Herbata Lisciasta Te in foglie·Losse thee ·Losvekt te · Herbata Lisciasta Te in foglie Losse thee Losvekt te Herbata Lisciasta 70177163452 wekt be-Herbata Lisd Loose Te. Tee lose. Téen hojas. Théen vrac workers and their environment Improving the lives of tea Partnership Ethical Tea | Ethical Tea Ethical Tea | 1 70177163452 70177103452 7017703452 70177103452 8 Partnership Partnership | Improving the lives of tea Improving the lives of tea | workers and their environment workers and their environment | Best Before · Mindestens haltbar bis · Ten minste Best Before Mindestens haltbar bis · Ten minste Best Before · Mindestens haltbar bis·Ten minste Best Before-Mindlestens hakbarblis-Ten minste Loose Tea . Tee lose . Té en hojas • Thé en vrac Loose Tea.Tee lose. Té en hojas. Thé en vrac | houdbaar tot · Consumir preferentemente antes del houdbaartot-Consumir preferentemente antes del houdbaar tot · Consumir preferentemente antes del houdbaar tot· Consumir preferentemente antes del | A consommer de prefrence avant le·Da consumars A consommer de préférence avant le · Da consumarsi A consommer de préférence avant le · Da consumarsi A consommer de préférence avant le · Da consumarsi Te in foglie • Losse thee · Losvekt te · Herbata Lisciasta Te in foglie·Losse thee. Losvekt te· Herbata Lisciasta | preferibilmenteentroil Best for·NajlepiejSpozyPrzed: preferibilmente entro il . Best for · Najlepiej Spozy Przed: preferiblilmenteentro l-Best for-NalepiejSpozycPrzed: preferibilmente entro il.Best for·Najlepiej Spozy Przed: | Tcttcte | 29/8EP/2022 29/SEP/2022 29/SEP/2022 29/SEP/2022 29/8EP/2022 PL PL PL PL | 0000582504 - 273 0000582504 - 273 0000582504-273 0000582504-273 0000582504-273 22:07 22:07 22: 07 22:07 22:07 | 3 7017703452 70177103452 | Best Before · Mindestens haltbar bis . Ten minste Best Before · Mindestens haltbar bis.Ten minste | houdbaar tot . Consumir preferentemente antes del houdbaar tot.Consumir preferentemente antes del | A consommer de préférence avant le· Da consumarsi A consommer de préférence avant le. Da consumarsi | preferibilmente entro il . Best for . Najlepiej Spozy Przed: preferibilmente entro il.Best for·Najlepiej Spozy Przed: | 29/8EP/2022 29/9EP/2022 ' P | 0000582504 - 273 0000582504 - 273 22:07 22:07,"[[""Ethical Tea"", 236, 29, 317], [""Partnership"", 264, 38, 315], [""7017703452"", 539, 25, 316], [""29/SEP/2022"", 746, 33, 205], [""0000582504 - 273"", 777, 37, 202], [""22:07"", 778, 35, 474], [""Improving the lives of tea"", 292, 19, 316], [""workers and their environment"", 307, 16, 316], [""Loose Tea. Tee lose. Té en hojas Thé en vrac"", 330, 25, 241], [""Te in foglie Losse thee Losvekt te Herbata Lisciasta"", 347, 28, 214], [""Best Before Mindestens haltbar bis · Ten minste"", 646, 25, 222], [""houdbaar tot · Consumir preferentemente antes del"", 666, 23, 211], [""A consommer de préférence avant le · Da consumarsi"", 686, 24, 206], [""preferibilmente entro il . Best for · Najlepiej Spozy Przed:"", 706, 25, 191], [""Ethical Tea"", 234, 35, 312], [""Partnership"", 263, 40, 311], [""Improving the lives of tea"", 292, 19, 314], [""workers and their environment"", 305, 20, 313], [""Loose Tea · Tee lose · Té en hojas. Thé en vrac"", 329, 24, 240], [""Te in foglie · Losse thee · Losvekt te · Herbata Lisciasta"", 346, 24, 215], [""70177163452"", 538, 26, 312], [""8"", 538, 13, 471], [""Best Before · Mindestens haltbar bis · Ten minste"", 645, 26, 221], [""houdbaar tot · Consumir preferentemente antes del"", 664, 27, 209], [""A consommer de préférence avant le · Da consumarsi"", 684, 27, 205], [""preferibilmenteentroil Best for·NajlepiejSpozyPrzed:"", 705, 30, 190], [""29/8EP/2022"", 745, 46, 200], [""PL"", 744, 35, 415], [""0000582504-273 22:07"", 776, 44, 198], [""preferibilmente entro il . Best for · Najlepiej Spozy Przed:"", 389, 398, 241], [""A consommer de préférence avant le • Da consumarsi"", 387, 368, 262], [""."", 229, 22, 195], [""houdbaar tot · Consumir preferentemente antes del"", 387, 357, 281], [""Best Before · Mindestens haltbar bis · Ten minste"", 388, 336, 301], [""Loose Te. Tee lose. Téen hojas. Théen vrac"", 388, 304, 614], [""C"", 312, 19, 167], [""70177163452"", 385, 144, 409], [""workers and their environment"", 416, 202, 645], [""Improving the lives of tea"", 402, 173, 657], [""Partnership"", 410, 189, 675], [""Ethical Tea"", 405, 176, 709], [""."", 339, 18, 170], [""r"", 352, 15, 199], [""TCtTte"", 318, 178, 220], [""0"", 242, 16, 532], [""222-1092890000"", 182, 34, 278], [""22027838762"", 214, 35, 356], [""Tcttcte"", 724, 32, 229], [""Ethical Tea"", 235, 32, 317], [""Partnership"", 264, 38, 316], [""Improving the lives of tea"", 292, 19, 316], [""workers and their environment"", 307, 16, 316], [""Loose Tea· Tee lose· Té en hojas· Thé en vrac"", 331, 26, 241], [""Te in foglie·Losse thee ·Losvekt te · Herbata Lisciasta"", 347, 24, 215], [""1"", 540, 10, 275], [""70177103452"", 539, 20, 316], [""Best Before · Mindestens haltbar bis·Ten minste"", 646, 25, 223], [""houdbaar tot· Consumir preferentemente antes del"", 666, 28, 210], [""A consommer de préférence avant le · Da consumarsi"", 686, 24, 207], [""preferibilmente entro il.Best for·Najlepiej Spozy Przed:"", 706, 25, 192], [""29/8EP/2022"", 746, 33, 205], [""PL"", 744, 29, 418], [""0000582504-273"", 777, 37, 202], [""22:07"", 778, 35, 473], [""Ethical Tea"", 468, 53, 634], [""Partnership"", 529, 70, 631], [""Improving the lives of tea"", 583, 38, 633], [""workers and their environment"", 612, 31, 632], [""Loose Tea.Tee lose. Té en hojas. Thé en vrac"", 661, 44, 483], [""Te in foglie·Losse thee. Losvekt te· Herbata Lisciasta"", 693, 42, 434], [""70177103452"", 1078, 33, 637], [""3"", 1080, 13, 551], [""Best Before · Mindestens haltbar bis.Ten minste"", 1290, 46, 448], [""houdbaar tot.Consumir preferentemente antes del"", 1332, 45, 424], [""A consommer de préférence avant le· Da consumarsi"", 1371, 40, 415], [""preferibilmente entro il.Best for·Najlepiej Spozy Przed:"", 1412, 49, 384], [""29/8EP/2022"", 1490, 61, 411], [""P"", 1488, 59, 839], [""0000582504 - 273"", 1553, 64, 411], [""22:07"", 1554, 71, 949], [""Ethical Tea"", 468, 53, 635], [""Partnership"", 528, 72, 631], [""Improving the lives of tea"", 582, 35, 634], [""workers and their environment"", 612, 29, 632], [""Loose Tea . Tee lose . Té en hojas • Thé en vrac"", 660, 39, 486], [""Te in foglie • Losse thee · Losvekt te · Herbata Lisciasta"", 694, 41, 435], [""7017703452"", 1078, 38, 636], [""Best Before · Mindestens haltbar bis . Ten minste"", 1290, 45, 449], [""houdbaar tot . Consumir preferentemente antes del"", 1332, 45, 424], [""A consommer de préférence avant le. Da consumarsi"", 1370, 39, 417], [""preferibilmente entro il . Best for . Najlepiej Spozy Przed:"", 1412, 49, 384], [""29/9EP/2022"", 1489, 60, 413], [""'"", 1492, 32, 715], [""0000582504 - 273"", 1553, 60, 415], [""22:07"", 1554, 71, 946], [""29/SEP/2022"", 745, 38, 203], [""PL"", 746, 31, 408], [""0000582504-273"", 776, 42, 205], [""22:07"", 776, 41, 471], [""Improving tho Ihos of tea"", 292, 22, 315], [""workors and thelr crvironmont"", 307, 16, 317], [""eTea.Teelose.Teen holas.Thten vas"", 332, 20, 274], [""CoLossethce.Lol"", 348, 15, 281], [""wekt be-Herbata Lisd"", 348, 27, 391], [""70177103452"", 539, 20, 320], [""Best Before-Mindlestens hakbarblis-Ten minste"", 645, 28, 222], [""houdbaartot-Consumir preferentemente antes del"", 666, 23, 211], [""A consommer de prefrence avant le·Da consumars"", 686, 22, 206], [""preferiblilmenteentro l-Best for-NalepiejSpozycPrzed:"", 706, 26, 190], [""PL"", 744, 27, 420], [""Ethical Tea"", 235, 34, 317], [""Partnership"", 264, 37, 316], [""29/SEP/2022"", 745, 36, 204], [""0000582504 - 273"", 777, 37, 203], [""22: 07"", 776, 37, 473]]"
003341,2022,07,22,2022-07-22,fail,7 | Ethical Tea Ethical Tea Ethical Tea Ethical Tea Ethical Ten | Partnership Partnership Partnership Partnership Partnership 20:82 | Improving the lives of tea Improving the Iives of tea Improving the Iives of tea hoins the Lp et tea Improving the Iives of tea | ters an ther ewe workers and their ervironment workers and their ervironment workers and their environment workers and their environment 00 | Tea.Terbs Loose Tea- Tee lose-Teen hojas- The en vrac Loose Tea.Teelose.Teenhojas.Theen vrac Loose Tea.Teelose.Teenhojas.Theen vrac Loose Tea· Tee lose.Teen hojas· The en vrac se.Tienlus | Teant 2-059 Te in foglie-Losse thee-Lasvekt te-Herbata Lidiasta Te in foglie-Losse thee-Lasvekt te-Herbata Lidiasta Te in foglie-Losse thee-Losvekt te-Herbata Liciasta cte.H | Partnership 6 Ethical Tea | Ethical Tea | Best Before- Mindestens haltbar bis-Ten minste Partnership | 273 avant le.Da 5 5 5 7017713452 7017713452 7017763452 7017734521 8 improwng te les o oment Improving the lives of tea workars and their environment | 0 Loose Tea. Tee lose.Teen hojas· Thé en vrac | 22:07 houdbaar tot- Consumir preferentemente antes del Best Before· Mindestens haltbar bis- Ten minste houdbaar tot.Consumir preferentemente antesdel houdbaar tot.Consumir preferentemente antesdel Best Before· Mindestens haltbar bis- Ten minste Best Before·Mindestens haltbar bis-Ten minste Best Before·Mindestens haltbar bis-Ten minste houdbaar tot·Consumir preferentemente antes del G0005 Te in foglie-Losse thee-Lesvekt te-Herbata Liciasta | iarsi A consommer de préference avant le· Da consumarsi A consommer de preference avant le· Da consumarsi preferibilmente entroil-Best for-NajlepiejSpoiy≤ Przed: preferibilmente entroil-Best for-Najlepiej Spozye Przed: Aconsommer de preference avant le.Da consumasi Aconsommer de preference avant le.Da consumasi preferibilmente entroil-Best for-NajlepiejSpozyc Przed: preferibilmente entroil-Best for-NajlepiejSpozyc Przed: | 29/SEP/2022 29/8EP/2022 29/9EP/2022 29/9EP/2022 PL PL PL PL | 0000582504- 0000582504-273 0000582504-273 0000582504-273 273 22:07 22:07 22:07 22:07 22:07 22: 07 | 70177163452 | Best Before · Mindestens haltbar bis - Ten minste | houdbaar tot·Consumir preferentemente antes del | A consommer de préférence avant le· Da consumarsi | preferibilmente entro il- Best for - NajlepiejSpozye Przed: | 29/9EP/2022 PL | 0000582504-273 22:07,"[[""Ethical Tea"", 178, 51, 298], [""Partnership"", 198, 53, 295], [""29/8EP/2022"", 494, 51, 138], [""0000582504-273"", 520, 67, 131], [""PL"", 516, 29, 325], [""22:07"", 550, 39, 372], [""Improving the Iives of tea"", 214, 45, 288], [""Te in foglie-Losse thee-Losvekt te-Herbata Liciasta"", 248, 75, 195], [""Loose Tea· Tee lose.Teen hojas· The en vrac"", 238, 68, 218], [""workers and their ervironment"", 226, 47, 287], [""5"", 359, 8, 226], [""7017763452"", 374, 37, 262], [""8"", 390, 12, 400], [""Best Before· Mindestens haltbar bis- Ten minste"", 445, 74, 166], [""houdbaar tot·Consumir preferentemente antes del"", 459, 78, 153], [""A consommer de preference avant le· Da consumarsi"", 472, 78, 147], [""preferibilmente entroil-Best for-Najlepiej Spozye Przed:"", 484, 83, 131], [""Ethical Tea"", 176, 56, 292], [""Partnership"", 197, 58, 287], [""Improving the lives of tea"", 212, 44, 287], [""Loose Tea- Tee lose-Teen hojas- The en vrac"", 236, 69, 217], [""workers and their ervironment"", 226, 48, 285], [""7017734521"", 374, 40, 260], [""Best Before· Mindestens haltbar bis- Ten minste"", 444, 73, 165], [""houdbaar tot- Consumir preferentemente antes del"", 458, 77, 153], [""preferibilmente entroil-Best for-NajlepiejSpoiy≤ Przed:"", 483, 86, 130], [""A consommer de préference avant le· Da consumarsi"", 470, 79, 146], [""29/SEP/2022"", 492, 55, 137], [""0000582504-"", 516, 61, 131], [""PL"", 516, 22, 328], [""273"", 534, 35, 292], [""22:07"", 550, 45, 370], [""improwng te les o oment"", 377, 195, 382], [""273"", 320, 57, 86], [""avant le.Da"", 354, 83, 146], [""22:07"", 408, 77, 69], [""iarsi"", 452, 28, 136], [""20:82"", 231, 80, 528], [""00"", 236, 11, 384], [""Ethical Tea"", 265, 160, 150], [""Partnership"", 261, 172, 169], [""0"", 434, 18, 504], [""G0005"", 471, 54, 490], [""Best Before- Mindestens haltbar bis-Ten minste"", 328, 299, 407], [""7"", 122, 30, 282], [""6"", 282, 10, 405], [""Ethical Tea"", 178, 54, 297], [""Partnership"", 199, 52, 295], [""Improving the Iives of tea"", 214, 43, 288], [""Te in foglie-Losse thee-Lasvekt te-Herbata Lidiasta"", 248, 75, 195], [""Loose Tea.Teelose.Teenhojas.Theen vrac"", 238, 67, 218], [""workers and their environment"", 227, 48, 287], [""5"", 359, 8, 226], [""7017713452"", 374, 35, 262], [""Best Before·Mindestens haltbar bis-Ten minste"", 445, 74, 166], [""houdbaar tot.Consumir preferentemente antesdel"", 459, 77, 153], [""preferibilmente entroil-Best for-NajlepiejSpozyc Przed:"", 484, 83, 132], [""Aconsommer de preference avant le.Da consumasi"", 473, 78, 147], [""29/9EP/2022"", 494, 53, 137], [""0000582504-273"", 522, 65, 132], [""PL"", 516, 32, 322], [""22:07"", 550, 42, 369], [""Ethical Tea"", 178, 54, 297], [""Partnership"", 199, 52, 295], [""Improving the Iives of tea"", 214, 43, 288], [""Te in foglie-Losse thee-Lasvekt te-Herbata Lidiasta"", 248, 75, 195], [""Loose Tea.Teelose.Teenhojas.Theen vrac"", 238, 67, 218], [""workers and their environment"", 227, 48, 287], [""5"", 359, 8, 226], [""7017713452"", 374, 35, 262], [""Best Before·Mindestens haltbar bis-Ten minste"", 445, 74, 166], [""houdbaar tot.Consumir preferentemente antesdel"", 459, 77, 153], [""preferibilmente entroil-Best for-NajlepiejSpozyc Przed:"", 484, 83, 132], [""Aconsommer de preference avant le.Da consumasi"", 473, 78, 147], [""29/9EP/2022"", 494, 53, 137], [""0000582504-273"", 522, 65, 132], [""PL"", 516, 32, 322], [""22:07"", 550, 42, 369], [""Ethical Tea"", 354, 96, 595], [""Partnership"", 395, 102, 586], [""Improving the lives of tea"", 427, 82, 580], [""Loose Tea. Tee lose.Teen hojas· Thé en vrac"", 475, 124, 440], [""workars and their environment"", 453, 86, 577], [""Te in foglie-Losse thee-Lesvekt te-Herbata Liciasta"", 498, 143, 394], [""70177163452"", 747, 68, 529], [""Best Before · Mindestens haltbar bis - Ten minste"", 889, 138, 336], [""houdbaar tot·Consumir preferentemente antes del"", 916, 146, 309], [""A consommer de préférence avant le· Da consumarsi"", 942, 145, 298], [""preferibilmente entro il- Best for - NajlepiejSpozye Przed:"", 969, 160, 266], [""29/9EP/2022"", 986, 95, 278], [""0000582504-273"", 1042, 124, 268], [""PL"", 1032, 50, 654], [""22:07"", 1102, 75, 744], [""22:07"", 550, 46, 369], [""hoins the Lp et tea"", 214, 43, 288], [""Teant"", 224, 22, 197], [""Tea.Terbs"", 228, 27, 251], [""ters an ther ewe"", 226, 41, 304], [""2-059"", 236, 19, 252], [""se.Tienlus"", 239, 28, 317], [""cte.H"", 257, 19, 369], [""Ethical Ten"", 177, 54, 297], [""Partnership"", 198, 53, 295], [""22: 07"", 550, 44, 371]]"
3348,2015,07,05,2015-07-05,det5,"고양이 Lo/kinten () Typical Body Weight(kgl Feeding Guide lpouch/day 일일,권장 급여량(파우치) | () NET Weig HER | 2-4개월/months/ 0.8-1.75 3/2-5pouche 중량 | 4-8개월/months/ 1.75-3.05 5-5/2pohes | 8-127H/months/月 >5/hes 【10274008 | 반품 및교환처:수입판매업체 | engiryHotine:2176565.输入及国内食青康商：台湾瑪氏股份有限公司 | 地址：台北市115南港区三重路19-1115楼.台湾消费者器韵专综： | 080-002-828原地：泰国唱婴anutacturedby/造商MasPetcare | AmhoePanThong.Chonburi216hailan1633141689 | 일 월/ 순) Product of Thailand Manufactug Date (DD/MMYY] PRINTED ON THE PACK/ | (MFG):(D/M/Y)BEST BEFORE D/MMY) | (//)/유통기한:품후면표기(일/년순서)/( | (D/M/Y)/주의사항:항상신선한물과함께급여해주세선이당는해충 | 피하고서늘하고건조한 장소에보관하여주시오질의우려가있니개봉리급여하십시오추에 | sioreinaco.dypaceCafodonly猫咪事用（2-12个月幼猫通用）保存期限雨年保存方 | WKNA101 | MFG13/07-3 5 7 15","[[""고양이 Lo/kinten"", 12, 28, 130], [""Typical Body Weight(kgl"", 15, 30, 288], [""Feeding Guide lpouch/day"", 23, 28, 452], [""일일,권장 급여량(파우치)"", 9, 19, 455], [""()"", 26, 37, 141], [""()"", 34, 34, 287], [""NET Weig"", 45, 42, 629], [""HER"", 33, 36, 656], [""2-4개월/months/"", 54, 35, 128], [""0.8-1.75"", 54, 27, 321], [""3/2-5pouche"", 60, 30, 482], [""중량"", 60, 30, 634], [""4-8개월/months/"", 76, 35, 129], [""1.75-3.05"", 76, 25, 319], [""5-5/2pohes"", 82, 32, 486], [""8-127H/months/月"", 99, 36, 126], ["">5/hes"", 104, 33, 487], [""【10274008"", 108, 35, 635], [""반품 및교환처:수입판매업체"", 157, 34, 503], [""engiryHotine:2176565.输入及国内食青康商：台湾瑪氏股份有限公司"", 237, 42, 104], [""地址：台北市115南港区三重路19-1115楼.台湾消费者器韵专综："", 258, 42, 106], [""080-002-828原地：泰国唱婴anutacturedby/造商MasPetcare"", 280, 41, 106], [""AmhoePanThong.Chonburi216hailan1633141689"", 324, 33, 104], [""일"", 348, 19, 112], [""월/ 순) Product of Thailand Manufactug Date (DD/MMYY] PRINTED ON THE PACK/"", 346, 28, 119], [""(MFG):(D/M/Y)BEST BEFORE D/MMY)"", 368, 31, 104], [""(//)/유통기한:품후면표기(일/년순서)/("", 389, 32, 104], [""(D/M/Y)/주의사항:항상신선한물과함께급여해주세선이당는해충"", 411, 34, 102], [""피하고서늘하고건조한 장소에보관하여주시오질의우려가있니개봉리급여하십시오추에"", 435, 38, 100], [""sioreinaco.dypaceCafodonly猫咪事用（2-12个月幼猫通用）保存期限雨年保存方"", 456, 41, 99], [""WKNA101"", 500, 17, 555], [""MFG13/07-3"", 581, 32, 202], [""5"", 576, 20, 389], [""7"", 590, 19, 390], [""15"", 588, 20, 421]]"
3351,NONE,NONE,NONE,NONE,fail,"AIZIH | O | bofua 88 enJioy enjoy enjoy. enjoy y enjoyy 08시 품명 양념순살닭강정 | 품명 품명 품명 품명 품명 양넘순살닭강정 양념순살닭강경 양념순살닭강정 양념순살닭강정 양념순살닭강정 | 255208108N 08시 08시 22887884 2 2517218.22 35712.10.22人 1022次 [(1)n“{(i enjoyy enjoyy | 3801 8 8801118432 적용배터믹스런D | 가저요 강정용순살치킨-나앞 000 | 는(중국산),토마토 1088 | AE • D 88 2 스[토마토페이스트(토마 enjoy | 전R L요브레드 저요보레CIn 저요브레CIn 품명 중구),마(중국사)] @:중국산)3,마능(중국산>] (중국산)] 품명 양념순살닭강정 1유오 오 양념순살닭강정 | bofua 월08시 25512.0810841 !기년,월 기 | 가저요수사치키- 88011184 강정용준살치킨'-나[타고기(회국산) 880111 843258322219 고기(외국산),닭강정용배터믹스[민 국산),닭강정용배터믹스{미 | ㅎÖㅇㄷ  ㅎOOL 2 L 2ㅎ E7 ㅇ0 | 2 근 '북·오 | ! ¶ | - :중국산),마는(중국사)] E:중국산),마(중국사)] | 저요브레디미 저요브레디미","[[""enjoyy"", 228, 93, 454], [""품명"", 317, 40, 41], [""양념순살닭강정"", 316, 41, 118], [""08시"", 375, 81, 38], [""2"", 366, 64, 324], [""가저요"", 473, 26, 51], [""저요브레CIn"", 638, 35, 57], [""8"", 459, 16, 123], [""AIZIH"", 45, 52, 61], [""enjoy"", 228, 106, 446], [""품명"", 316, 48, 38], [""양념순살닭강정"", 314, 43, 122], [""08시"", 376, 79, 38], [""8801118432"", 463, 43, 108], [""강정용순살치킨-나앞"", 480, 54, 42], [""000"", 488, 33, 377], [""•"", 541, 8, 280], [""중구),마(중국사)]"", 590, 73, 42], [""D"", 575, 14, 301], [""저요보레CIn"", 636, 39, 49], [""08시"", 182, 287, 540], [""품명 양념순살닭강정"", 216, 357, 621], [""O"", 74, 11, 339], [""88"", 126, 35, 495], [""enjoy"", 528, 156, 686], [""bofua"", 192, 147, 193], [""88"", 541, 272, 338], [""1유오 오"", 630, 68, 480], [""[(1)n“{(i"", 369, 59, 436], [""1088"", 502, 16, 551], [""bofua"", 728, 81, 110], [""enjoy y"", 230, 83, 454], [""품명 양넘순살닭강정"", 316, 45, 40], [""255208108N"", 375, 84, 39], [""1022次"", 369, 27, 450], [""적용배터믹스런D"", 465, 32, 429], [""는(중국산),토마토"", 502, 39, 397], [""2"", 522, 11, 408], [""AE"", 550, 11, 97], [""스[토마토페이스트(토마"", 540, 39, 358], [""(중국산)]"", 589, 29, 199], [""L요브레드"", 636, 22, 72], [""enjoyy"", 456, 179, 900], [""품명 양념순살닭강정"", 628, 100, 80], [""25512.0810841"", 754, 140, 90], [""!기년,월"", 734, 123, 696], [""88011184"", 922, 55, 227], [""가저요수사치키-"", 954, 67, 100], [""ㅎOOL 2"", 982, 38, 116], [""고기(외국산),닭강정용배터믹스[민"", 950, 146, 504], [""L"", 988, 30, 659], [""E7 ㅇ0"", 974, 43, 767], [""근"", 1056, 23, 226], [""'북·오"", 1053, 52, 263], [""!"", 1080, 13, 609], [""E:중국산),마(중국사)]"", 1182, 131, 93], [""-"", 1174, 7, 170], [""저요브레디미"", 1274, 59, 120], [""enjoyy"", 456, 193, 898], [""품명"", 633, 88, 80], [""양념순살닭강정"", 629, 80, 241], [""월08시"", 750, 158, 84], [""기"", 733, 122, 702], [""880111 843258322219"", 928, 87, 217], [""강정용준살치킨'-나[타고기(회국산)"", 967, 100, 94], [""국산),닭강정용배터믹스{미"", 940, 118, 654], [""ㅎÖㅇㄷ "", 982, 35, 116], [""2ㅎ"", 974, 46, 763], [""2"", 1054, 22, 224], [""¶"", 1076, 11, 610], ["":중국산),마는(중국사)]"", 1183, 134, 92], [""저요브레디미"", 1274, 62, 119], [""품명"", 316, 37, 46], [""양념순살닭강경"", 315, 42, 119], [""35712.10.22人"", 368, 51, 348], [""enJioy"", 228, 95, 452], [""품명"", 316, 41, 42], [""양념순살닭강정"", 316, 43, 119], [""2517218.22"", 367, 59, 331], [""3801"", 461, 23, 118], [""@:중국산)3,마능(중국산>]"", 588, 50, 54], [""전R"", 633, 20, 63], [""enjoy."", 228, 97, 453], [""22887884"", 375, 86, 37]]"
3352,2025,12,10,2025-12-10,erode5,ena | 품명 양념순살닭강정 | 25/12-10.22,"[[""품명"", 334, 51, 26], [""양념순살닭강정"", 346, 72, 120], [""25/12-10.22"", 423, 58, 396], [""ena"", 258, 105, 547]]"
