image_id,year,month,day,final_date,stage,texts
000001,2027,06,26,2027-06-26,s1,161 | 판매원 홀푸드코리아(주)/제주특 | 301空 | 내포장재질 폴리에틸렌(내면) | 号卫空20130628332176 | 반품 및 교환 구입처 | 1899-1494 | 보관방법 직사광선을 피하고 서늘 | 하고 습하지 않는 곳에 실온·보관 | 1포씩 드십시오.원액 그대로 섭취 | 하거나 물에 희석하여 드십시오. | 가볍게 흔들어서 드세요 | ※부정·불량식품 신고는 국번없이 | 고시 소비자 분쟁해결 | 기준에 의거 정당한 식품안전관리인증 | HACCP | 소비자 피해에 대해 | 보상해드립니다. 식품의약품인전저 | 소비기한 2027.06.26 까지 | LOTNO 543123
000002,2025,12,11,2025-12-11,s1,Met TI | 나7H | JINCE1963 2025.12.11外 | 2A12106
000003,2026,05,12,2026-05-12,s1,2026.05.12 | 옥수수40%함유 | Caramel | PoPa | 카라벨
000004,2022,02,14,2022-02-14,det5,"220464088 | 품사용시용기따손주본제품은토토 | 제,되지고기,고,쇠고기오장어를시용한세 | 조시설에서제조하고있습니다.제품특성생습 | 는상이있을수있으나품질에는이상이으 | 들에사용하십시오·소비자 분쟁해결 기준에 의거 교통되 | 기는·부정불량식품 신고는 국번없이 39·개봉 | 시번질가능성이있으므로,사용후에는죽시밀봉하해하 | 환하여주십시오 | 및함량매물굴농축에굴자식농축액골농에국 | 에지두외국신,우수 | 레스트린,주정,구연산,탄김 센니트중제정소국신 대두,밀조개류(굴,세유 | 유리 | 01007683508 드 뚜개방 VK | 2022.02.14 16:01"
000005,2026,07,02,2026-07-02,s1,21:58F590 | 2026.07.02 | 2026.07.02
000006,2026,02,17,2026-02-17,s1,2026.02.17 | 40
000007,2026,06,25,2026-06-25,s1,"북동 | 量249 | 후면표기일까지 영양정보 총 내용량인18 | 260kcal | 카라기님 향료 3종 총 내용량당 기준치에 대한 비율 1일 영양성분 | 읽,기타식용휴치가공품 LE喜105.mg 5% | 우유,돼지고기 함유 탄수화물62g 19 % | 질폴리에틸렌 당류 47 g 47 % | 19870415003402 지방O8 0% | 갈, 대두, 혼두,복숭아, 종 트랜스지방 0g | 포함) 혼입가능 :제품을 포화지방 0 g 0% | 고삼키지 않도록 주의하세 콜레스테롤0mg 0% | 자 기본법에 의한 피해보 단백질3g 5% | 광선을 피해 온·습도가 | 보관,개봉 후 가급적 빨 이므로 개인의 필요 열량에 따라 다를 수 있습니다. | ·부정·불량식품 신고 | 5700（）1522-40 | 1:본사 및 구입한 곳 ·제조과정 중 원료가 군거나 고은에서 갈변화되어 흰색 | 명어리나 검은 점이 보일 수 있으나 인체에 무해합니다. | 소비 25.06.26 부터 | 71655709 OTHEL | 기한 26.06.25 까지 | HACCR 22:06 A03"
000008,2027,06,29,2027-06-29,det5,2027.06.29 A
000009,2026,10,29,2026-10-29,s1,"백설 포도씨유 | 100% | 수있습니다.사용후비용기와마개는 분리수거하여 재활용합시다.과열되거  | P5 2026.10.29 09人l | 제품명 포도씨유 식품유형 기타식물성유지 | 내용량 900 mL(7,430 kcal, 25 ℃) | 원재료명 100% | 업소명및 씨제이제일제당(주) | 소재지 14049 | 품목보고번호 19790190025-19 반품및구입처또는 | 소비기한라벨 상단표기일까지 교환처영업소 | 포장재질(내면) 용기-PET, 마개-PE | 영양정보 | 나트륨Omg 87% | 100g185% 13 | 콜레스테롤Omg 0% 단백질0g 0% | 1g=1.09mL"
000010,2026,06,08,2026-06-08,det5,1980 T류정포데오당! | 리츠 리즈 | 리츠 비길 | 리즈 | 오레이 | 씨즈 초코크림 | 2026.06. 08
000011,2026,02,05,2026-02-05,s1,리츠 치즈 | 리츠 치즈 | RITZ | RITZ | CHEESE | 2026.02.05 D
000012,2026,03,23,2026-03-23,s1,ARLEY HARDI | 공한 | OTHER 사광 ma | 용물의 파손을 막기 | ircushion)을하 | 1정·불량 식품 신 | 180941318821641 | 소비기한: | 2026-03-23 까지
000013,2026,03,20,2026-03-20,s1,"ONEY MUSTAF | 기한 | EL 2026.03.20A | 첼 품명:프레첼허니향머 | TARD H名号:85 g(409kcal | E 품유형:과자(유처리 | 나드맛 넘기도파주시월통산로40 | 러드머스타 | E 변성전분 데스E | 당가공소금정제소금 제상인 | 사양벌꿀 | 김.대두,우유"
000014,2026,01,31,2026-01-31,s1,"한국식 스웨데젤리식품의유형캔디류 号丘7120100211096119 | 100g(360kcal) | TEL031-957-4788 | 돼지고기,우유함유 | (식용색소황색제4호,식용색소청색제1호) | 영양정보 총내용량당 | 총내용량 나트륨44mg 2% 지방0g 0% 26.01.31 | 100g 全支号 88g 27% 트랜스지방0g 까지 | 360 kal 당류 7g 7% 포화지방0g 0% | 콜레스테를Omg 단백질19 2% | OTHER | 031- | 손비장 957-4788 | 상담실"
000015,2026,03,01,2026-03-01,s1,"Market | 마켓오 브리우니 | 소비 2025, 09, 02/21135 부터 | E 기한 2026.03.017A 까지 | Ket • | ACE2008 | New"
000016,2026,01,22,2026-01-22,s1,"에서 제조하고 있습니 ·직17""서을 피하고 서늘하고 건조한 곳에보 | 개봉 후 바로 드십시오. | 새우가 쏙~ 으로 검게 보이는 것으로 안심하고 드셔도 | 표던 가 동색 입자는 파슬리 입니다. | 사자 본팀에 의거 교환,환불해드립니다 | 139 | ·반품 본사 및 구입한 곳. | 새우와 밀가루를잘혼합한 후스팀을 ·신지를 위해 질소충전포장을 하였습니 | 이용하여 만든 반족을 클러로 앞게 밀어주고 | 식동인전원리인경 | HACCP | y어 | 구원 줍니다. 38010430360 | 2026.01.22 Oniainal | ④ | 드레싱을 골고루 뿌려완성 | 직구 방동) ※농심의 독자적인 설비와 공법으로 만들거, 영양정보 총내용80 | 가정에서 동일하게 만들기는 어렵습니다. 410kcal | 수신자요금부담 농심물 바르라기 层量460mg23%量52g16% | 023-5181 | 2"
000017,2026,11,25,2026-11-25,s1,"영양정보 총 내용량당 기준치에대한비율 1일영양성분 총 내용량당 | 나트름14mo 1% 지방 0e | 총내용량 48m 탄수화물19 0% 트랜스지방0g | 4kcal 당류 0g 0% 포화지방09 | 콜레스테롤Omg 0% 단택질0g | （2.000cal | 기준이으로,개인의 필요 열량에 따라다를 수 있습니다 | ©20r& LeeVin, ATOoNZ. All rights reserved. | 유통판매시법적벌을받습니다. | 2026.11.25"
000018,2025,04,02,2025-04-02,s1,OPEN | ABC | 코쿠키 OPEN | 맺있는 곡물로만든 t's ABe Time | 씨리얼 ABC | 초코 초코쿠키 | 쿠키앤크림 | kcal5%45% | ABC | 초코쿠키 | ：1801062879890 쿠키앤크림 | 25.4.2 B 까지 | 17:20 | 렛트 HEEDA
000019,2026,04,09,2026-04-09,s1,"4가지 지즈로더욱 풍부해진 | 치즈샌드 Rich, | 2025.07.10B | 부터 | 2026.04.09 까지맛있는약속 | Jig | LC"
000020,2025,10,09,2025-10-09,s1,단팥이 가득 DELICIOUS | 단팥빵 | *SINCE | J94 | L2025.10.09A1-5 GOODQUA
000021,2025,10,10,2025-10-10,s1,헉 | 풍미를살린 패스쥬리 호밀 발효종을 넣어 부드러운 부담은 时河10-2320 | 25.10.10
000022,2025,10,14,2025-10-14,s1,"KIRIN | 가영양 | 고구마 | 크림빵 25.10.14l.A1.F2 | ESH SLOW BREAD | ""연출된 예 | 복합 | 특허유산균 | 구마/20%) 부담은"
000023,2025,10,10,2025-10-10,s1,빅단팥슈크림빵 | 25.10.10外A1F2 | 맛도BG!기도B | 산균 | 공법 | 풍부한 단팥앙금 수크림 | 36o kcal)
000024,2025,10,11,2025-10-11,det5,"아J리브 | 통밀식빵 | upgr | 발효빵맛춤 | 허유산균 F1. | 효공법 9 25.10.11까지 아 | 럽고 품부한 | 18.8.%, | 90.002% | (1,480kcal) 이미지 사진입니다."
000025,2026,06,11,2026-06-11,s1,"닭고기 | '합포함),짓 | 2026.06.11A 까지"
000026,2025,11,13,2025-11-13,s1,앤스지방 0g | 표화지방 5g | 콜레스테롤 0mg | 단백질 11g | 1일 영양성북 긴준침엘 대한 비육 | 에 따라다를 수있습니다. | OTI | 809486 992593 | 소비기한 | 2025.11.13 | 까지
000027,2026,04,27,2026-04-27,s1,E0 27 .04.2026 | P0 28.04.2025 | F07:57
000028,2025,03,31,2025-03-31,s1,GHANA행복사서항 | 970-4567-5050 가나와 함께한 50년의 이야기를 | 지금 바로 들어보세요 | （：25.3.31） | B한간 2.8. ∞ | 품릿습 | 변정통서 | 통능
000029,2026,08,02,2026-08-02,s1,"총내 | 영등보 | 워미구 | 고번호 포화지방 | 대료명 콜레스테를 | 단백질4 | 1일영양성분 | 기준이므로 개 | 유화제,향료IV ·제품0 | 돼지고기, 복승아 함유 30℃ | 낮은습 습 | 롯데웰푸드 | 비닐류 | 801062898862 OTHER | 2026.08.02H1 | 까지 | )"
000030,2028,08,17,2028-08-17,s1,"3,480 | 3.480 | SPAM | SPAM | 맛의비밀 MA6 | 맛이깔끔한 28.08.17 16-44 | 는 맛있게 | 기부방법 | 게 | ? 1 점선을따라 2 | 금호수를채취, SPAM 파우치를 SPAM | 사이프리스 열어주세요 | 제) 돼지고기 함유 | 보관방법 실온보관 | 30405015-210 포장재질(내면)폴리프로필런 | 80g/250kca | 영양정보"
000031,2026,02,14,2026-02-14,s1,"신상품 | 기격 1 1,460 2개 | 알인 구매시알인 | 2026.02.14 | 0839A182 | 간르이는 용원해"
000032,2025,03,22,2025-03-22,det5,2025.03 22까지 | B8 13:40 | 너라면할 수있어
000033,2026,06,17,2026-06-17,s1,"1.660 | 1,770 | LOTTE PEPERO | 26. 06. 17 09:29 F2 까지"
000034,2036,06,30,2036-06-30,clahe,whiite | 37g | 화이트쿠키 90 | 3 | PRETIZ 1.660 | DLOTTE PEPERO | 까지 | 36.06.30 05:18 F2
000035,2026,08,17,2026-08-17,det5,33 | 2026.08.17 | 248 1043 | 한심시
000036,2026,08,26,2026-08-26,s1,1+1 3.980 1+1 | 야채죽 | 단호박죽 | 2026.08.26 | 11:48F3
000037,2026,07,17,2026-07-17,s1,1+1 | 조리예 | 9번 | 박주 | 2026.07.17 | 22:59F3
000038,2027,02,12,2027-02-12,s1,"오뚜기크림스프80G | 2,590 | 1+1 3.980 | EF | ISOUP | IPUMPKIN | 2027.02.12/K | 콘스프 | 캅스프 | VONO"
000039,2026,05,26,2026-05-26,det5,가 | 함인 | 2026.05.26  B | 함께해요! 청소년 도박
000040,2025,10,11,2025-10-11,s1,2025.10.110 | 10:25DEHB17 | GOOD TODAY
000041,2025,10,11,2025-10-11,s1,2025.10.11 | 10:52DMEHB25 | GOOD TODAY | 제주A2
000042,2025,10,12,2025-10-12,s1,"Denmark | Min | 2025, 10.12.A | nmarh"
000043,NONE,10,14,NONE-10-14,s1,10.131 | Denma | 10.14 09:45 PA | 상단표 | 유통기한제품 상 월F8B ik | 영업장의 명칭 정읍 1A원유 | 및소재지 | 덴마크 | 130℃ H니쉬우유 | 동물복지
000044,2026,02,07,2026-02-07,s1,26.02.072FA 23:53 | HEC | CJ2i-
000045,2027,04,21,2027-04-21,s1,·:가공 | ·원명:A() | 변질용은 구입처및 본사에서교형하며 본제용은 공정거래워원회고시 | 号155kca个量210（6%）40寸0g（0%）件190 | 품질경영 및 공산품 안전관리법에의한 품질표시 | 2027/04/21 IKS
000046,2025,10,10,2025-10-10,s1,소비기한 | 2025.10.10D
000047,2027,04,14,2027-04-14,s1,"자르기 | 품목보고번호 19850499011231 식품유형 양조 | 업소명 및 대상(주)순창공장:전북특별자치도 순 | 조재치 순창읍 순창로30 | 원재료명 정제수,탈지대두{외국산(인도·미국·중국) | 비아(감미료),종국,영양강화제 대두밀함유 | 내포장재질 용기-폴리에틸렌테레프탈레이트,뚜 | 에틸렌 | 8고객상담실 F12408 | DAESANG | 소중한 자원,깨끗한 환경 | 소비기한 | 2027.04.14 15:55"
000048,2026,06,12,2026-06-12,s1,nlb uael | unlabe 1.100 만이야기 아기 절병 | 26.06.12F111401:33GB
000049,2026,03,01,2026-03-01,s1,"ket | 2브라우니 | 소비 2025, 09, 02/21 1 35 부터 | 기한 2026.03.01/A 까지"
000050,2025,09,30,2025-09-30,s1,"제품명 후레쉬 미니제리(빙수용) 영양정보 | 식품유형 캔디류 200g 200 | 100g348kcal | 원재료명 농축액, 사과농축액, 오렌지농축액,레몬농축액,혼합제제 100g 1일영양성분 | 나트륨 기준치에 대한비을 | 1(프로필렌글리콜 저 합성향료,트리아세틴),합성향료 65mg3% | 혼합제제2(주정,천연방 프로필렌글리콜,합성향료),혼 탄수화물 87 g 27% | 합제제3(프로필렌글리콜,주정, 합성향료,젖산)혼합제 당류 66g 66% | 제4(천연항료,프로필렌글리콜,주정),홍국색소,혼합제제 지방 0g 0% | 트랜스지방 0g | 포화지방 0g 0% | 콜레스테롤 0mg 0% | 출색소,정제수,β3-카로틴(착색료),비타민타} | 단백질 0g | 소비기한 후면표기일까지 | 포장재질 2025.09.30 기준이므로 개인의 필요 열량에 따라 다불수 1일 영양성분 기준치에 대한비을(%)은2 | 제조원 달공씨앤에프/경기도 파주시 정문로 | 543-1(周) 끔과사랑의 과자 | 유통전문판매원 (주)청우식품/경기도포천시영중면 (주)청우식품 | 129 7객행복센터 | 080-039-8585 | 반품및교제조원 및 판매원 www.cwfood.co.kr | 8801204"
000051,2026,01,12,2026-01-12,det5,04145 | 2026.01.12 | 피크니사과 | 04145 | 2026.01.12 | 피크니사과
000052,2025,11,19,2025-11-19,s1,"나섯 가지 야채, | 토마토 | 시금치 | 입어요 | 감자 | 고객지원센터 080-024-6060 | 09:00G | SNac: 2025.11.19 | 다코코!"
000053,2025,12,20,2025-12-20,s1,자르기 | 202512.20期周
000054,2025,10,08,2025-10-08,s1,오 | 미니 꿀호떡 | 가25.10.08까지E 이영자 | 16 2/400g（1124 | 0.56%豆 %外号05
000055,2026,08,04,2026-08-04,s1,4881320g 제품명새상큼초고추장 식품유형혼합장(살군제품 | 2004904797 | 원재료명 | 장 | LOW 플라스틱 | TAG | 100gg 영양정보 20g/100225kcal | 류 4g | 소비기한 | 2026.08.04
000056,2026,07,11,2026-07-11,s1,"소맛있는 | 양님틈뿐 | 미국,호주신)대두(외국신),정제소금 종국, 물엇 정제수,복음대두 영양정보 100g215kcal 500g | 분대두외국신(미국,캐나다.호주 등).기타과당,고추양팀중국산)주정 量2130mg107%3611%异28g28% | 설당,마능농축액,효모씨즈닝,미를 육수베이스분말,생강농축액 복음참께 3.9g7%00.6g4% | 려업소명및소재지대생주 수창공장전북수창군순창을순창로30 | ·오래둘수록색이 진해질 수 있으나 숙성에 의한 현상이므로 안심하고 드셔도 됩니다.제품중의검은입자는대두의일부분으로안심하고드셔도됩니다. 80019-919（ | ·사늘하고 건조한 곳에 보관,개봉 후 냉장보관 ·반품 및 교환장소고객상담실 및 구입처·본 ·제조일: 2025.07.12 | 제품은 소비자기본법에 의거 교환 또는 보상 ·소비기한: 2026.07.11 까지 | F,乳、岛F12306 | 8801052438016  DAESANG | hps/ww.daesang.com 뚜영PP,드A:OTHER | 청정원 DAESANG | 수츠 고소하고 맛있는"
000057,2026,06,24,2026-06-24,s1,"소금(국내산) Post. 포스트 | 시아산,필라핀산 | 텍스트린,da- | 성전분 이라비아검 POST는 몬델리즈 인터내셔널그룹의 | 영비타민 동서식품 고객상담실 | 스 비타 비타민 | 리원-코페혼합형 | 080-023-9114 | 은  W통서식품 www.dongsuh.co.kr |  것이 한께 식 비닐류 | OTHER | 2026.06.24 | 18:52号A | 스트 | Post | 콘푸라이트"
000058,2027,03,27,2027-03-27,s1,"사랑하는 산람과 국수를 | 오기국수는 F2) | 최고의 재료와 옛 정성을 그대로 당은 최고의 국수 입니다. 제조원 | 다가수 숙성제면법 | 운도로 오행시간 을  ·대두 | 으 을  손비자기 | 보관 | 듣시기 바랍니다. | 원 안에 인본 수에 맞는 | 국수를 채우면 정확학 양으로 총 내용량 | 딱1인분 알게 조리세요~ 영양정보 100g340 | 당류 797%X 39 | （100） 트랜스지방 포화지방 19 | 量1.000m5） | 오뚜기국수를 넣고 | 4~5분간 삶습니다 ""조리법 대로삶아 행권 드시면 나트륨함량 | 줄어들어요~ | 나트룸 함량 %영양성분 기준 | 조리전 | 삶은후 | 빠면 완성됩니다. | *%영양성분 기준치 : 1일영양성분 기준치에대한 | *당사 식품안전센터 분석 결과 | HACCP 8801045""490472 | 2027.03.27 | F2A09:15"
000059,2027,06,22,2027-06-22,s1,"2~3번 씻어내어 주십시오. 억산물에 | Rinse cooked noodies | with cold water twice | or three times. | 4.씻은면을사리를지어그릇에 | 담아놓은후칠가콩국물을 | 부어 드시면 더욱 좋습니다 | Make a coil with cooked | moodles in a bow and | pour Chikab Soybean Soup | to bowl for best taste. | 5.멸치국물이나고기국물 | 을부어서시의파김가루 | 생강,마늘진것을적당히 | 넣어드시면 너욱 맛이 좋습니다. | galic for more delicious soup. 2027.06.22 | ▪주의사항 | ·국수를삶을때 화력이세면 거품이 나서 넘쳐 | 화재위험이나 화상을 입을 수있으니거품이 | 나며 넘치려 할때 찬물을 한,두 스푼씩 부어가 | 며 익히면 됩니다.·면이 삶아진 후에 계속 오 | 래 끊이면 퍼질 수 있으니 적당히 말랑말랑해지 | 나는것과 함께 토관 하지 말아 주시기 바랍니다. | 직사광선을 피하여 건조하고 서늘한 곳에 실온 | 보관 하십시오.·부정·불량식품 신고는 국번"
000060,2026,04,30,2026-04-30,s1,소재(PP)로 끝는 | 2026.04.30 川A | 안전은  행보을  위한  약속 | 조대법
000061,2026,06,04,2026-06-04,det5,초로구기 | 1e Aue Ttluca | 0 LOTTE ABC | 8 1801062893546 코쿠키 | 26.06.04 8 | 11:32 까지 | ABC초콜릿과 | 소프트퀴키의 0LOTTE | g | 2
000062,2026,05,26,2026-05-26,s1,호수 | ZEC 제대로 만든 크래귀! | 26.05.26 0:46 A 까지 | EE
000063,2026,06,16,2026-06-16,s1,CROUN | 2025.06.17 부터 | 까지 맛있는 약속 | 202606.16 | CROUN | 5.06.17 부터 | 까진-이는 약속
000064,2026,08,03,2026-08-03,s1,큰피로 | 구론산타우 | 피로회복·자양강장 | <번호: | 2기한: 2026.08.03.10 :45 | ※본 박스는 운반용입니다.
000065,2026,01,12,2026-01-12,s1,미떼 | 핫초코 마일드 | 2026.01.1204:52时 | 달콤한 핫초코에 | 풍부한우유맛이더해진 | 부드러운 핫초코 | 是22%010% | 300g1250kcal[30g(125kca/x102W]
000066,2026,08,17,2026-08-17,s1,n. | 커피만들어있어요 | 2026.08.1708:319AP 피만 들어있어요 | Maxim. 2026.08.1708-310 | Mocha Gold Mild Max | Mocha Gold | AMERICANO BLACK AMERICANO BI | 커피만 들어있는 Max | 블랙스틱커피 모카골드 미 | 0 STICKS 20 커피원두1 | STICKS 중량: 18g | 20 STICKS
000067,2025,12,19,2025-12-19,s1,자매품 | 솟다리 | 중량50g | 2025.12.19万 | E고기
000068,2026,06,17,2026-06-17,s1,자매품 | ® | 솟다리 | 이 2026.06.17川 #3.50g | 기구이
000069,2026,06,24,2026-06-24,s1,중량50g | 2026.06.24 | 기구이
000070,2026,10,08,2026-10-08,s1,좋은 | GOOD TODAY | 가 있는 | 피스타치오 | Pistachio | 2026.10.08 | 고소한 풍0O | 바작한 | 100% (1.650kcal)
000071,2027,07,20,2027-07-20,s1,은은한 풍미와 향긋한 | 마카다마아 | Macadamia | B | 2025.07.21 | 全2027.07.20办 호주산마 | 200g | 1o실은보관
000072,2026,04,25,2026-04-25,s1,"허니머스타드 | 유형 소스 2001445534 | 포장재질용가-폴리에틸렌(내면)뚜껑-폴리에틸렌 | 원료명정제수식물성유지외국산아르헨티나,미국,중국 등)샐러드머스터드 | (미국산식초머스터드소금,터메리,파프리키기타과당,설당,발효식초주정,발효영양원, | 나다.미국,우크라이나 등).향미유 건조당일. 렌지식이섬유 잔단검,겨자분겨자:외국산(캐 영양정보 100g285kcal | 효소제제 향신료 영양강화제 대두계란 함유 三650mg33%个号27g8% | @주식회사 오뚜기 22g22%19g35% | 128 | ·밀토마토 우유 돼지고기 쇠고기 조개류굴 g4.6g31% | 혼입가능·소비자기본법에 따라 피해 보상· 15mg5%1g2% | 11399 200 | 광선을 피해 서늘한 곳에 보관,개봉 후에는 냉 개인의 필요 열량에 따라 다를 수 있습니다. | H2034 | 2013-0 | ：080-231） 8801045176338 | 플라스틱 소비기한 DN2 | OTHER 2026.04.25 까지 | 뚜껑:LDPE | 라벨:PP 09:24"
000073,2026,03,12,2026-03-12,s1,"/리드지내면): 폴리에틸렌 | 话199104450778427 | 개원 샘표식품()-서울특시중구 충무로? | 1052 70 부 | 안전관리인증 본품은 | 소비자중심 ccm HACCP '플라스틱 결기준에의 | 공정거래위원회 식품의약품인전처 있 | OTHER | [지원실(수신자 부담) 080-872-8888 캡:PP리드지:OHR슈링크:페트 , | |잣혼입기능 | 2026.03.12/A 반품및  | 영양정보 | [식물성유지 | 난항액난황계란:국산)],발효 18g8 | 정제소금,조제겨자클래 ET | 미국산식초,겨자씨,소금 수화을 2 | 본부막 ,정제수,설 설부 | T8250 | T | H양벌(국신"
000074,2026,08,28,2026-08-28,s1,제품명 백설 허니머스타드 소스 | 내용량 250g | 식품의 유형 소스(살제품) | 소비기한 후면 별도 표시일까지 | 실온보관/개봉후냉장보관 UL | 유통전문판매원:씨제이제 | 일제당(주)충청북도 진천군 광 | 업소명및 112 | 소재지 ·제조원:(주)동방푸드마스타 | CAC宝105 | 번길70 | 2026.08.28/C | 까지 | 한제제(유회
000075,2026,01,06,2026-01-06,s1,잣 성분 혼입 가능. | 1399 | 영양정보 320g F24 | 100g385kcal | L暑700mg35% 26g8% | 异 22g22 % 31g57% | 트랜스지방0 9 4.429% | 量10mg3% 192% | DAESA | 소비기한: | 2026.01.06 | 11:18
000076,2026,08,17,2026-08-17,s1,제품명 백설돈까스소스 | L格255g | 식품의 유형 소스(살균제품) | 소비기한 후면 별도 표시일까지 | 보관방법 실온보관/개봉후냉장보관 | 유통전문판매원: 씨제이제 | 일체당(주)충청북도 진천군 광 | 업소명 및 112 | 소재지 ·제조원: (주)동방푸드마스타 반풍 및고 | 号记CHACH宝105 | 번길70 | 영양정보 | 2026.08.17/D 나트름14 | 까지
000077,2026,03,07,2026-03-07,s1,India | 0.28%98 | 2026.03.07 까
000078,2025,06,19,2025-06-19,s1,"옥수수전분), 국산)변성전분},과·채가공품/미 {토마토,정제소금,구연산 | 대두,밀,토마토함유 | 300g 안전관리인증 | 보 100g270kcal HACCP | OTI | mg27%59g18%18g18% | 3%트랜스지방 0g | 5g2%1g2% | 8809781220032 | 2025.0619刘至"
000079,2026,01,31,2026-01-31,s1,머들러로사용 | 뱅쇼(프랑스 따듯한 와인) | ·소비기한 | 2026.01.31 까지
000080,2026,09,16,2026-09-16,det5,"18 | 제재후랜지화이매심92G | 3,990 | 1225 | 읍 | 로필렌 1802259020431 | 혼합분유 | 가나산,에 0 롯데웰푸드 | 길:미국산) | 품유(말레 | 전분),전란 | 소금, ,산도 25.09.17 부터 | 지방산에스 26.09.16 까지"
000081,2026,05,18,2026-05-18,s1,소비기한 | 부터 | 2025.05.19/10:27 | 마크란? 2026.05.18 까지 | 고 안전하다고 | 하는마크입니다
000082,2026,08,24,2026-08-24,s1,엄아손 | 기운내 | 자 아자! | From | 2025.08.25导E3 | 2026.08.24/A
000083,2026,07,01,2026-07-01,det5,행사상품 | 롯샌 상금달콤롯데샌드 | 파인애플 | 26.07.01 | 7106
000084,2026,03,31,2026-03-31,s1,LOTTE | 대한민국No.1 | 카스타S | 1989 | 소비 2025.10.01/12.47 부터 | 기한 2026.03.31/A 까지 | 사랑입니다.
000085,2026,03,30,2026-03-30,s1,아름 | 영양정보 | 20mg1% 全司量40912% 45201 | 080-024-6060 | (수신자 요금 부담) | http://www.lottewellfood.com | 2026.03.30B1 7818010
000086,2026,03,14,2026-03-14,s1,"제수,엔 | 25.09.15 18:25 부터 | 26.03.14 A 까지"
000087,2026,08,10,2026-08-10,s1,"4,120 | 4,330 | 2025.08.11 부터 | 까지 | 2026.08.102 맛있는 약속"
000088,2025,09,04,2025-09-04,s1,소비 25.09.04 00:34 부터 | 기한 까지
000089,2026,09,11,2026-09-11,s1,01103 | 26.09.11 | 15124 | 26.07.11 | DILEE | 집혜 | u한 | WUR | ·에코절취선
000090,2026,09,01,2026-09-01,erode5,Max | OPENL | 2026.09.01 225 | 21:05
000091,2027,05,22,2027-05-22,s1,스테비아 | 제주레몬차 | 소우 | 내내 | 제티 | 레티 L | 초코 | 2027.05.22 10:352 | 공부차 | 공부차
000092,2026,12,05,2026-12-05,s1,날내내 | 제티 | 제티 | 2026.12.05 1006F
000093,2026,04,23,2026-04-23,det5,2026.04.23 | RKLI | 60 | TREI
000094,2027,06,30,2027-06-30,s1,2027. 06. 30 | kcal
000095,2026,07,29,2026-07-29,s1,Okcal·m | P5 26.07.29 | SUGAR  
000096,2026,05,26,2026-05-26,s1,Pad | 2026.05.26
000097,2025,11,19,2025-11-19,s1,"중국산OEM | 9（100%） | 제일제당 | 쁘띠첼 | 연출예 petitzel | 플라스틱 요거젤리 밀감 | 기:OTHER | Mandarin | 쁘띠첼 요거젤리 밀감 | 210 g(221 kcal) | 밀감 15% 2025.11.19 | 나타드코코 15% | 210 | 열량나트륨탄수화물 트랜스지방 포화지방 콜레스테롤 | 2214% 11% 35%17% 0 g 47 % | kcal75mg35g35g9g | 0c | ·식품유형·디류·포장재질(내면:용기/m | EV·소비자분쟁해결기준에 의거,교"
000098,2026,03,11,2026-03-11,s1,Petitzel 요거젤리 블루베리 | 2026.01.10 | 의하세요·부정-불량식 | ·소비기한·제품 단  | 제일제당 | 쁘띠첼 | Pr petitzel | A | 요거젤리 화이트코코 | Whitecoeo | 쁘떠칠 요거질리 화이트코코 | 210 g(216keal) | O 2026.03.11 | 8210 | Cra 70mg36g36g8g 4%11%36%15% 0g 40% 0% 0%
000099,2026,03,07,2026-03-07,s1,시설에 | 제일제당 | 쁘띠첼 | 연출에 petitzel | 과일젤리 밀감 | 용기:OTHER | 필름:OTHER Mandarin | 쁘띠첼 젤리밀감 | 210g(140kcal) | 밀감20% | 0.97500 2026.03.07 | 210gg | 열량나트륨탄수화물 당류 지방 트랜스지방 포화지방콜레스테롤 단백질 | 140 12% 11 % 32% 0 g 0% 0% 0% | Kcal 40mg 35 g 09 0 mg
000100,2026,02,11,2026-02-11,s1,"Iool | Peonuts | 日早人100%） | A508 Best before | 소비기한 2026.02.11（A) | 쇠판대원 및 구매처 | 땅콩 07:53:58 | 함유 | 10,시니 | 1300-1908 슈퍼너츠 | 352-026 유리 | 460g 확인하세요! 다양한 혜 | 6%"
000101,2026,04,08,2026-04-08,s1,래L농 R욱 | 2026.04.08 K1B1 22:41 12961 | 동심 | 육개장 한국인의 맛 | 발면 | 면 | 스밑면
000102,2025,11,13,2025-11-13,s1,[unlabel] | [unlabel | 소반 2025.11.13 | 05:46
000103,2025,12,18,2025-12-18,det5,미관ERUTIFER | 6개입 | E8P:2025/12/18 | Bke | BREAD | 맛앗게 | 에어프라이어 | 맛구운 | 지
000104,2026,04,01,2026-04-01,s1,S WEE.T | 2026. 04. 01 | Brand | MILK STICKS | 우유스 | 16
000105,2025,11,09,2025-11-09,s1,2025.11.09 | 김:F1단무지:F2 | MEALSY | 리미엄 김밥세트 | 줄 (5인분) 440g | 냉장보관
000106,NONE,NONE,NONE,NONE,fail,NO No Brand No Brand No Brand NO Brand Brand | 브랜드가 이니다! 브랜드가 N니라스비자다. 브랜드가이니면 스비자다. 브랜드가이다스비자다 스비자다 | 2.580 습인이 스마트 컨슈미가 되는 길 신이 스마트 컨슈머가 되는 길 신이스마트컨슈머가되는길 신이 스마트 컨슈머가 되는 길 No Brand No Brand | 이미지사 Plain Pain Plain Plain 450g Dlain 스마트컨슈머 #이마트 mbn 브랜드가 이니니I다! 브랜드가 이L니 스비자다. 08Sz 스비자다 | cal) 8 신이 스마트 컨슈머가 되는 길 신이 스마트 컨슈머가 되는 길 | puelg ON 국더아 Dei PLS 더니묵 껑 Jngh YOGURT YOGURT VOGURT VOGURT /OGURT e 커미이 Ur y미l Sugair Sugur Sugear Bugas Sugir Plain lain YOGURT an 신이 스마트컨슈머가되는 길 브랜드기 NO Brand | ece Jea pDne 요거 #요거 #요거 #요거 es | 스마트컨슈머 스마트컨슈머 스마트컨슈머 실마트컨슈며 이마트 #이마트 #이마트 이마트 1:20 18:2013:5 10:2013:5 10:20 13:4 0.20 135弄 135X 일인 유방무첨가 유방무첨가 문첨가 ug 코미이 ylilo | 450gl 450g 450gl 450g cal 농후바 | 이미지시 이미지사요 이미지사1 이미지사1 1 LHn30 0: 767740 67.74 01741 707.740 VOGUAT CU | 2.580 2.580 2.580 2.580 u미 | PEEINETIAIILA 국더스 | puelg ON mg mgw | 요거 #요거 | 이마트 #이마트 월가인 일/인 | 스마트컨슈머 스마트컨슈머 8：:20130 영땅무첨가 영살탕무첨가 | 후방 후방 | 450g 450g | 이미지사 이미지사1 0.7 01740 40 | 2.580 2.580 | MgEEINETIAUILA FEIOINI AILA | ..
000107,2025,12,25,2025-12-25,s1,NoBrE | 브드M | 당신아스마트한 | 소비기한 | 2025.12.25 | 09:29A | 200ml | 1.380
000108,2025,10,24,2025-10-24,s1,No Brane | 출산글두부 | 상콩 국산콩을사용하여만들어 | 0% 더욱 고소하고 담백한 두부입니다 | 소비기한: | 个站号5g2%营弄0g0% | 25-10-24PXI14 | 백질5g9% | Joo kcal 기준이으로 개인의 요 량에 따라 | 하거나 빨리 드시기 바랍니다 | 시 소비자 분쟁해결 기준에 의게 | -반품 및 교환장소:구입치 및 | 01011399 142044 | 대 위원회 고시 소비사 문생해르기순에는기 | 수 있습니다.반품 및 교환장소:구입처 및 | 11399 809387 742044
000109,2025,12,12,2025-12-12,s1,5g30% | 2000d | E%OEO공/EE | .!0- | 제a하고있습요 | 소비b | 2025.12:120 | 04:43 D3
000110,2025,10,29,2025-10-29,s1,소비기한 | 25.10.29 | 밥에 싸먹는 행 | ICE CK | fam PORK | 스마트컨수스 데비배당
000111,2025,10,05,2025-10-05,s1,5.10.25 11:50F21 | asty 다.소비자다 and | GE | EAS
000112,2025,10,17,2025-10-17,s1,생낮도 | 25.10.17 11:10 | 까지 | -여 （CHE99.99%） | 수 있는 0
000113,2026,01,16,2026-01-16,s1,rand | .소비자다 | 2026.01.16 | 담은 | ed Radish 랑이무침 이미지사진 | 식감이살아있는 무침 | 니다.
000114,2026,02,28,2026-02-28,s1,neua 어문를 Capns | 2026.02.28 어 ( 0(0 조 합번 화 | 품영 | 10 식글름 | 5O
000115,2025,12,08,2025-12-08,s1,"22300ml | 1,580 | YOGL | 2025.12.08 | PICKLED BURDC"
000116,2026,03,27,2026-03-27,s1,No Brand | 브랜드가 아니다.소비자다 | 당신이 스마트컨슈머가 되는 길 | 2026.03.27 | 아삭한 쌈무 | Pickled Radishes | #쌈무#쌈 #고기 #야채 | 350 g(卫:210g/(:90kcal60 %( | 제품명 아작한 쌈무 식품유형 절임식품 풀 | 판매원 37（）/02)380-5678 | 0시0a.(구사)정제수 정계소금(국신
000117,2025,11,28,2025-11-28,s1,브랜 | 2025.11.28 당신이 | 08:54FF2 | Ho Brand BR | 아니다.소비자다 | 스파트 컨슈머가 되는 길 AMEI | LD | LEW | T E | #취향저격 아메 | 라더
000118,2026,03,23,2026-03-23,s1,2025.11.28 | 08:54FF2 | Brand | W | 2026.03.230 | 02:16-0F2 | No Brand | 소비자다
000119,2026,08,24,2026-08-24,s1,2026.08-24 | 2026.08.24 | 10 FI
000120,2026,08,25,2026-08-25,det5,2026.08.25 | 2026. 08. 25
000121,2027,04,13,2027-04-13,s1,02380-56787 | 분쟁해결 기준에의거교환 또는 | 한물받을 수있습니다·반품및 | 교환장소:구입처 및 제조원·부정 | 11399 8809580 | No Brand는 모두이마트의상표입니다 | 2027.04.13 | MOCHAGO | WICOFFEE | 연카금드 익스
000122,2027,04,28,2027-04-28,erode5,02 COELN | 2027.04.28
000123,2026,06,04,2026-06-04,s1,"내용량 105g | 졸음깨는껌 소비기한하단표시일까지 | 식품유형 추잉껌 量35%,D-E量27% 조제[식물성유지 | 레시틴d-토코페(혼합형)] 0말트 4%,말 | H론명 | 국색소),소비를 | (02)380-5678 | 19930439002-406 | 용한 제품과 같은 제조시설에서 제조하고 있습니 | 11399 | 공정거래위원회 고시 소비지 쟁해결 기준에 의기 | 수 있습니다.제품 표면이 주 분에 놀아 하양게 | NoBrand는 모두 이마트의 상표입니다 | 2026.06.04 A 802534 881214"
000124,2026,01,02,2026-01-02,s1,2026.01.02
000125,2026,04,07,2026-04-07,s1,"82%, | 품/ | cal) | 2026.04.07712"
000126,2026,06,12,2026-06-12,s1,"No Brand"" | 2026.06.12 | #노브랜드#스마트컨슈머#팔양갱 팝양갱"
000127,2026,04,27,2026-04-27,s1,"할양경 | SUPER | 2026.04.27 | No Brand x'SUPER MATCHA | 0450g | 4,280"
000128,2026,05,28,2026-05-28,s1,"필렌글리콜,글리서 산균배양분말(유산균 사은 항색소,치자정색 | 자황 | 색소, 정제수 OTHER | 제조원 nae | IPPLE | IDER | EGAR | 홍후가급 | 26.05.28  | 8206005477 | 40g | 영행보 128kcal | 트랜스지방0g 포화지방0g 0% | 1일일 | 게 따라다를 수 있습니다. | 사과당 | SRCAER MATCHA BEAN | 말차양생 | SI"
000129,2026,01,09,2026-01-09,s1,2026.0109 | 가장최저의 가격대를만드는것×⑥ | 이것이 노브랜드의 ⑥×⑥ 이념과 철학 | ×⑥당신이 스마트 컨슈머가 되는길 | 유형 | 원
000130,2027,02,05,2027-02-05,s1,elavor 트컨슈머 #모카골드#믹스커피 #달달한 #당충전#홈카페 STICKS AGOLD MIX COFFEE 30 골드 믹스커피 | 27.02.05 | 22:41
000131,2026,08,05,2026-08-05,s1,2026.08.05 | 07:11 | ALNO
000132,2026,08,21,2026-08-21,s1,SCHAGOLD | No Brand | CORN NUTS BAR | 2026.08.212
000133,2025,11,25,2025-11-25,s1,"곳에 보관하십시오 | 피해건조하고 서늘한 | 제조하고 있습니다. | ·본 제품은 공정거래위원회 고시 | 소비자 분쟁 해결기준에 의거 | 2""000000292656 | 25-11-2025"
000134,2026,09,23,2026-09-23,s1,No Brand X OuR Bakery | 2026.09.23A | Dirty /Choco | Chunk Granola | 더티초코청크그래놀라 식품유형 곡류가공품 내용량 300 g | 후면 표기일까지 포장재질(내면) 폴리에틸렌 | 문판매원 | 고번호 20080435169414 반품 및 교환장소 구입처 및 제조원 | 메인나트륨 유해
000135,2026,04,18,2026-04-18,s1,"EXP2026.04.18 영양정보 층내용 | 나트륨15mg 1%탄수회을 4 | 당류4g 4%지방0g | 트랜스지방0g 포화지방 0g | 引量0mg0%E0 | 필요열량에 따라 다를 수 있습니다. | 주의사항:제품을 규대통놓는 | 이미지사진 내포장:OTHER 뚜껑:PP | 리스틱 재활용어려움 조심하시기바랍니다/이 | 대투문 밀,혼두복충아를 사용 |  알리먹는#겔리스틱 원회고시소비자분장 | 받을수있습 | N184 NoBrand | 노브랜드의 이념과 실천"
000136,2025,12,02,2025-12-02,s1,"치오일, 트랜스지방 3% | H두밀함유 3%35mg | 산공단 클레스테를 10mg | 4%19g | 단백질28 | 구세종대로 영양성분 기준치에대 （%）号2.000kc | -5678 준이므로 개인의 필요 열 따라다를수있습 | OTHIR | 가급적 빠른 8180107713718001 내포장:이 | 은온도편차 재활용어용 | 인하여 변질 | 장으로 No Brand는 모두 이마트의 상표입니다 HACCP | 세요 | 소비한 | 2025.12.02 | A | 까지"
000137,2026,03,26,2026-03-26,s1,"이미지사진 | HOHICHA WAFERS | 원재료명 | 품유형 과자 | 충청남도 아산시 신창 | 48（） | 구세종대로7길 우유,대두,밀 함유 | 5678 | 60g | 반품 및 교환장소구입처 및 제조원 | 곳에 보관해 주시고 개봉 후에는 빨리 드십시오. | 60g/60gg310kcal 소비기한 | 2026.03.26 | 12 % 14g14% /13:36 | 13g87% | 6g 7% 까지 | 의 필요 열량에 따라 다를 수 있습니다. | N2063 | 브랜드의 이념과 실천 804433 103510 | OTHER"
000138,2026,05,14,2026-05-14,s1,"형과자 | /02-380-5678 | 제품의 별도 표시일까지 (년/월/일 순) | 유, 정제수, 코코아분말, 우유분말,향료, 대두 | 밀가루설팅 나트륨 밀,우유,대두 함유 | 레시틴 탄조 | 폴리프로 | 직사광 피하고 서늘한 곳에 보관 | 교환장소:구입처 | 수 있습니다. | 1399 | 400 | 100g499kcal | 1일영양성분 | 기준치에대한 비율 2026/05/14 | mg 7% | 9g 21% | 31% | 43% | 방0.5 g미만 No Brand 는 모두 이마트의 상표입니다 | 13g 87% | 5mg 2% | 7% | （%）2.00kcal 비닐류 | 열량에 따라다를 수 있습니다 21087685119730631 | Stock Code: NB2"
000139,2026,07,26,2026-07-26,s1,"HoBrano | No Brand"" | 브랜드가 아니다.소비자다 | EXP:2026/07/26 | 26G101"
000140,2026,07,14,2026-07-14,s1,"：02-380-5678 | 원재료명 | 밀,대두,우유,계란 함유 | 환불 받을 수 있습니다. | 반품 및 교환장소:수입원 및 구입처 | EXP:2026/07/14 | 146101"
000141,2026,09,17,2026-09-17,s1,스틱 | #노브랜드 #스마트컨슈머 #고소한 | #간식#우유랑#참깨스틱 | RISPY 2026.09.17 | NACK | CRISP | SNACK
000142,2026,05,14,2026-05-14,s1,F2-2026.05.14A | No Brand | 브랜드가 아니다.소비자다 | 당신이 스마트컨슈머가되는길 | Cheddar | 다치즈ㅁ씨즈닝 체다치즈볼 | N189
000143,2027,03,06,2027-03-06,s1,"제품명 (图0/（02)380-5678/ | 수입원 37 () | 원산지 이탈리 | 혼에서 일정시간 보광시 원상태로 돌아오며,품질에는 문제가 없습니 | 본 제품은 공정거래위원회 고시 소비자분쟁해결기준에 의거 교환 다 | 수입원 및 구입처 | 영양정보 100mlg820kcal 100 | 나트륨 0%탄수화을 0%당류 | 91g1 169% 019 14993 | 콜레스테롤0mg 0%단백질 0% | 06/03/2027 L154448 | 2000000806785 | No Brand는 #노브랜드#스마트컨슈머#식용유#파스타 N776 | 이마트의상표입니다 #샐러드#엑스트라버진#이탈리아#올리브유"
000144,2027,03,25,2027-03-25,s1,e pleet | 딸기청 | Sweet | I청 | Fruit Tas | Strawberry 2027.03.25 D | 80g N1838 No Brand Main Iingredient Strawbem | 40%）70 브랜드가 아니다소비자다 | 당신이 스마트컨슈머가 되는길 580 g | 액상차 딸기당절(딸기40% | 뜨하게기
000145,2027,03,24,2027-03-24,s1,"생강청의 Des | 사원한 | dweet | 제품명 청 따뜻한 따뜻한물 | 소비기한 밀크티 | 식품유형 | 품목보고번호 신신한 유위내 | 원재료명 토핑 | 생강(국산) | 산)0.7% | （）34.98 1002 √푸드베이스 신송길 | 올레오레진진 샐러드라에 | 제조원 주의사항 Frult Ta/ | 보존료 무참가제 | 유통전문 색이 진해질 수역 | 판매원 2027.03.24C 특이체질,알려리 027.01.23 | 포장재질 에 따라 과민분을 No Bral 2027 | int 원료 확인후십 | Ginger ·원료의 특성상 No | 현상이 생길수 액상치 브랜드 | 고 이없/ 당신이 | 주에 N1195 노브랜드의 이범과 실렌 ·본제품 Type | 부정,불량 한제품과 같은 | 593%% 있습니다 본제은"
000146,2026,04,03,2026-04-03,s1,"No Brand | 드가아니다.소비자다 | DAILY | .PET N1368 2026.04.03B | 명데일리갈릭 | 유행소스살균 본관방법:직사광선을피하고 | 1315g 실온에서 보관하시기 바랍니 본관 | 사질용기리드지 010） | PE·PP 달걀 하시기바랍니다.복 제품은 | 쇠고기 함유 밀,닭고기,아황산류,메밀 | (대두:외 고등어,게,복숭아 호두 | 발효식초 토마토 돼지고기,새우 조개류 | 사용한 제품과 같은 제조시 | 국산 제조하고있습니다.-포성 | 추 출액 변형,팽창,손상되었거나 | (변성전문) 내용물이 변질되었을 경우 이a | 진제 드시지 마시고 구입처에서 | ,바질 오레 교환하시기 바랍니다. | 보 파라옥시 제품은 유통 안전성을 시키기 위해 질소가스 | 표시일까지 포장을 했습니다본 | 이마트서울특별시중구 은 공정거래위원회 | 话山星7237（） 소비자 분쟁해결 기 | 0380-5678 의거 교환 또는 환불 | 스충북 청주시 흥덕귀 수 있습니다.·부정· | 12102 식품 신고는"
000147,2026,03,21,2026-03-21,s1,Bran | 2.680 335g | 2026.03.21外B 780
000148,2026,02,26,2026-02-26,s1,장 볶음 | (각종 요리의 감칠맛을살려 | No Brand | EXP26.02.26 | PRD24.08.27 만능 | 지일보D 껑:PP 맞소금 | 라벨페트 후추
000149,2026,04,28,2026-04-28,s1,제품명 국산 고층가루 | 식품유형 卫外190g | 원재료명 卫100 %(H) | 소비기한 하단표시일까지 | 보관 및직사광선을피하고서늘한 | 취급방법 곳에 보관하시기 바랍니다. | 제조원농업회사법인 한생(주)/ | 충남 서천군 장항읍 장항공단길 | 을 이 28117/041-956-1434 Brand | 유통전문판매원(주)이마트/ 소비자다 | 37 | (全) / (02)380-5678 | 만능 号2005047117351 | 26 소비기한: 2026.04.28 까지 0%국산 | 충가루 | ERPOWDER | 1#양년 | #고추 | Nd Brand
000150,2026,08,12,2026-08-12,s1,소비기한하단표시일까지 | 재질 프탈레이트뚜껑-폴리프로필렌 | 보관및 직사광선을피하고서늘한 | 취급방법 곳에 보관하시기 바랍니다 | 제조원농업회사법인 한생(주)/ | 주의사항및 보관방법 충남 서천군 장항읍 장항공단길 | 객봉 흥 냉장복관하 28117/041-956-1434 | 수 유통전문판매원(주)이마트/ | 애벌레이 | () / (02)380-5678 | 제품 号卫2005047117389 | 소비기한: | 2026.08.12 까지
000151,2026,09,07,2026-09-07,s1,Brano | TM | d | TM | nd 2026.09.07 .B | 소비자다 | 법을찾아 | 만드는 것 | 과 철학 | 되는길
000152,2026,07,31,2026-07-31,det5,자다 | 소비기한 | 2026.07.31.A | 약4장분량
000153,2026,10,12,2026-10-12,s1,P | 쌀가루 40% | EXP:2026/10-12E
000154,2027,08,13,2027-08-13,s1,rand 2027.08.13 | [Un비e] 까지 | NoBrahd | 브렌
000155,2026,06,22,2026-06-22,s1,우리필법 | 2026.06.22  08:26:40 L1
000156,2026,07,29,2026-07-29,s1,까지B | 2026.07.29 | 올리오 | NoBrand | %666
000157,2027,07,08,2027-07-08,hires,N1586 | 11904 | 보관법법 A분 08/07/2027 | 입일 확 리기 | 시20troe
000158,2028,07,20,2028-07-20,s1,당기준 | Omg | 10mig 기증치에 대하 비을 물3g | 나E륨Omg 0% | 上#37% 반수화물 3g 1% | a10% 당류30 3% F12308 | 지방0g 0% | 트랜스지방0g | 포화지방 0g 0% | 콜레스테롤0mg 0% | 단백질09 0% | 2028.07.20 16:34
000159,2027,01,08,2027-01-08,det5,소비자밤장하결기준에 의거 표된 | 는 받을 수있습니다 | 부점 1량식품 신고는 국번없이 | 1399 사용시주의사항:당분으로입해법 MATSUL 선에#잡내제거#비린내제거 | 사용하십시오 | 이미지사진 | 제품명:맛 | 무색페트 | 뚜껑:LDPE | 라벨:OTHER | 소비기한: | 2027. 01.08.21 까지 | 0
000160,2026,10,27,2026-10-27,s1,참치 | /PRO:2025/04/28 | EXP:2026/10/27 | 액 | 3.780
000161,2027,05,10,2027-05-10,s1,"N1674 1004电 | 대상이 근신공장 | 전북특별자치도 군산시 외항로 84 | 딩 (취이마트/서울특별시 중구 서종대로일 37 | SYRU 全盐】/02-380-5678 | 용가-폴리에틸렌터레프틸레이트 | JP (PET),캡-폴리에틸레(PE) | 号生卫20030484120103 D-LOPE | 산품 및 교환장소 구입처 및 제조원 :OTHER | 올리고당! 01199 | 2027.05:10 16153 | N1212"
000162,2027,06,12,2027-06-12,s1,법에 의거 교환 또는 보상 | 05.10 16:5 | wand | 뚜정:LDPE | 라벨:PET | 훈연참치력 | 900ml(2） | N12 | 2027 .06. 12  | 몰리고당 1.2kg | 4.580 노브래
000163,2026,11,20,2026-11-20,s1,뜯는곳 | 보관시지퍼를 이용하세요 | 2026. 1 1 . 20
000164,2026,04,27,2026-04-27,s1,보관시 지미를 이용하세요 | 가다 2026.04.27 | 는길 | 0
000165,2027,01,13,2027-01-13,s1,묻는곳→ | 보관시지퍼를이용하세요 | 2027.01.13
000166,2027,08,18,2027-08-18,s1,뜯는곳 | 보관시지퍼를이용하세요 | 2027.08.18 | 문
000167,2026,08,07,2026-08-07,s1,까지B 2026.08.07 | 115mg | 탄수화물 25 g 8 | 당류 8g 8 olo | 1.9g oo | 09 olo | 0% | 0o
000168,2026,02,16,2026-02-16,s1,"1,580 | 2026.02.16F2 안전관리인증 HACCP"
000169,2026,03,18,2026-03-18,s1,2026.03.18 | 까지 F1
000170,2026,09,07,2026-09-07,s1,Seelloreo8ll8 | 2026.09.07AE | 제장한그룹
000171,2026,05,27,2026-05-27,s1,"F1-C 13:38 | 2025.08.28早 | 2026.05.27外 | 제품명 초코 소프트콘 | 식품유형 초콜릿가공품 | 내용량 120 g | 옥수수가루(옥수 | 탕, 가공유지(판 | 시아산),코코"
000172,2026,06,10,2026-06-10,s1,F2-B15:33 | 2025.09.11早E | 2026.06.10 | 제조원 | 유통전문 전남 담양군 담양읍어 에코길 | 판매원 | 유지(팔을 | ) | 원재료명
000173,2026,09,17,2026-09-17,s1,IRJOIO | AㅅI | 아이비 | LOW SUGAR | 全2026.09.17A1 | 기한
000174,2026,09,05,2026-09-05,s1,제존 | 일자 2025.09.06 | 2026.09.05A2
000175,2026,06,28,2026-06-28,s1,문bER | 크래커 | * 화이트하임 | 2025.09.29B 부터 | 2026.06.28 까지 | 맛있는 약속
000176,2026,09,22,2026-09-22,s1,크래커 | 00 크래커 | ※0 | SALTINE CRACKERS <O | 2025.09.23 PE | 2026.09.22 까지 | 맛있는 약속 | Unn0b 69g D
000177,2026,08,18,2026-08-18,s1,Sablé | 사브레 | 소비기한 2025.08.19 2026.08.18 A 부터 | 까지 | 내 | DY
000178,2026,06,25,2026-06-25,s1,땅공신도 | HACCP | 2025.09.26 | 2026.06.25 부터 | 까지 맛있는 약속 | 무UEE 화이트하임
000179,2026,06,29,2026-06-29,s1,사브레 | 2025.09.30 B4 导 | 2026.06.29 까지 | 맛있는약속 | YDEY
000180,2026,06,02,2026-06-02,s1,식품안전관리인증 | HACCP | 2025.09.26 | 2026.06.2期 | 까지맛있는약속
000181,2026,09,08,2026-09-08,s1,2025.09.09 부터 | 2026.09.08 까지 | 맛있는?
000182,2026,10,01,2026-10-01,s1,TEN MINSTE HOUDBAAR TOT | 01 10 :2026 (E)01:57 | 114464504 | 450 | -PAP21 | CARTON VER | CARDBOARD | PAPER | Recydling
000183,2027,07,28,2027-07-28,s1,"면이잘분지않고 면의 탄력성 향상 세몰리나가루로만들어 배유 부분만 도정하여만든 잘붙지않아처음식감그대로 100% 듀럼밀의배유를같아 100% 파스타면의비밀 이탈리아감파니아 폰타나 4,480 | 맜있는 맛으로떠나는 여행 PROD.DATE:2024.07.29 | EXP.DATE: 2027.07.28 | B1ML21124 16:13"
000184,2027,11,19,2027-11-19,s1,".75. | 4,280 행시 | 삶는시간 | L19MZR2 7-9号 | 19112027 | 이탈리아에서 스파게티를이 | DIVELLA 시간오다 1~2분 정도다 삶이 | 디벨라스파게티맛있게 | Prodotto in Italia da F. DIVELLA S.p.A. 나.스파게티면이잡길정도의큰님 | 스폰으로 2스폰 정도의 양)의비 | 3.는 에디벨라 스파게를넣고 | 내시면 디벨라 스파게티의최고의9"
000185,2028,03,15,2028-03-15,s1,"CJ琴大哥日吧500g | 500 | 영양정보 100g365kcal | PP | 1.7g3%0 포화지방g 0% | 콜레스테롤0mg 0% 단배지11 g 20% | cockcal 기준 C80-50-1200 | 1666-5471号3） | 이므로 개인의 필요 열량에 따라 Ncico | 읽는법:일,월,연도순 E.DATE: 15/03/2028 까지 | 필렌 원산지이탈리아산 | -+100% 밀함유 L135TM221:18 | 질수 있으니 주의하시기 | 량식품 신고는 국번없이 | 사용한 제품과 같은 제 | 을수 있습니다.•제품 | 주십시오"
000186,2028,04,14,2028-04-14,s1,al | Tagllolni | 2028/04/14 | L-0210 05 | OS | FRESCO | 시작됩니다 | 스파게티는
000187,2028,02,05,2028-02-05,s1,HNINEINIT 이 |기간율 2028/02/05 융를%0이룸 | 90:80 | L06T N2
000188,2027,09,30,2027-09-30,s1,FRES | 프레스코 마카로니는 신선한 | 듀럼밀 세물리나(밀)를 직접 | NACARONI 선별 업선하여 관리합니다. | 오뚜기 프레스코 스파게티소스와 | 함께 하시면 전문 스파기리정의 | 맛을 가정에서도 손쉽게 | 즐기실 수 있습니다. 두고살야 | 넘치는맛을느수입습니 | 이렇게 잘살아낸 마카로는 | 물기를완전히면뒤 | 099 오뚜기 골드 마요네스 오뚜기 스위트콘과 석으면 | 출한 곳에 보관 2027/09/30 간단하게 맛있는 살러데 | 완성할 수 있습니다. | 2-231 L24550 02 | ) | 총내용량5 | N345a | 补量70g22% 제조원: 880104536050 | 电器1 Pastifio Fbianelli S.p.A | 05g3% 오뚜moll | 聘盟 13g24% 수입판매원: 다있다 | 에 수있습  주식회사 오뚜기 | 경가도 안양시 동안구 | 405
000189,2026,08,25,2026-08-25,s1,"19:09 | 소비기한 하단 표기일까지 이탈리아 전통의 | 다이스드토마토 토마토, 토마토? 듀림 | 칼습/미국"" 정제수, 토미토페 | 원재료명 스DS, (국신),대유설당,블래오디브 제소금,마늘,건조 | 흑후추 | 통마토, 대두,밀 쇠고 .닭고기조 | 용가-우리뚜껑-저 폴리엄화 | 장소 고객상담실 및 구입처 | 콩,게 새우,아황그류,오징어,돼지 | 성분혼입기능서늘하고건조한곳 | 보관하여도 번질우의가 있으니 가급적한 | 본제품은 소비자기본법에 의거 교환 또는 보 | 80019-9119 | 빈용기는 깨끗이분리수거하여재활용합시다.소중한자원 | 15:410 | 2026.08.25 2-32号250g（895kca） 이탈리아산(OEM) 2개 | 상구매시 | 50 파스타: | 9,980 영사성 | 2개권 | 50 | 18/0/8"
000190,2022,11,26,2022-11-26,det5,"185)114615 722.11.26 | 원재료명및함토마토필프 까4 | 제품명 (바실리코 스파게티소스 (고분29 | 식품유청 소스(실균제품 원산지 이탈리아 전방료 | 조 BaniaGeRFrtsp.(바틸라) | 수인 무원식(주) | 730-27 | 껑열면 표시일까지(일/월/년) | 실온보관 용기-유리,뚜껑·철제 | 00g225.6kcam 포장재질 폴리염화비닐(내면) | Carbohydr | 2.6 | 0.3"
000191,2026,06,15,2026-06-15,rot90,소비기한: | 2026 06 15까지A
000192,2024,06,02,2024-06-02,det5,식품유형 는한결같은 만촉스러운 | 소비기한 등을선형기문법D | 제품과 을품요통게하는기치를찾이는 토가도 | 원재료명 | 22理：080-2193-075014开手） | 유전문판매원 (주)크레프트하인츠코리아 | 제조원 (주)에스피씨삼림 C00 | 청수공항 총북 청추지 치총택구산단로88(송정동) | 비간한 2 6 24까지D | (508 kcal 01 인 TH | 유리 | (50g 350 | 002280g
000193,2026,03,06,2026-03-06,s1,Bol | 토마토 | 볼로네즈 | 2026.03.06F 3인분 신선한 토마토 | 소비기한 | 2개 52 | 이상구매 시
000194,2027,04,23,2027-04-23,s1,유통전문 | 소비기한 하단표기일까지 (년/월 일) | 내용량 33g | 원자료명 100%（） | 号2009027517831 | COCK | 2027.04.23 | 까지 | LLN | RBMIX | ROS | 리아허브믹스 | 로즈 | 100 | 피코ㅋ
000195,2027,07,01,2027-07-01,s1,"PARSLE | 식품유형 천연항신료(건조제품) | 100% | 필브레드가든 성남공장경기도 성성사 가든 바슬리  | 제조원 总宁营型52B106.B107.8108 | 용가유리장-상몰리므로들 | 포장재질 캡아크릴로니트를-부타디인-스 | (ABS),마개-몰리스티페이페P | 소비기한 제품별도표기일까지(년. | 20090275178346 | 2027.07.01 | 까지 | [ulabel | nb | 215027H"
000196,2027,02,27,2027-02-27,s1,"갈릭비프까장 | 하늘&시교기 | 오즈 | 3,980 | 3,980 | 4,980 | 2027.02.27-1 깨5"
000197,2026,07,30,2026-07-30,s1,"기 오즈키진 브라운비프카레 뚜기 오즈키친 고추마 | 3,980 ‘른 시일 내에 상품을 준비 해당 상품은 품절 되었 | (5)483603 | 2026.07.30"
000198,2026,05,08,2026-05-08,erode5,"3,980 | 2026.05.08.11:31 F3.8 | 주2"
000199,2027,09,07,2027-09-07,s1,"오즈키진 Lalir Mokan | 196903640041717 | 마토,쇠고기 함유 유통전문 샘표실품출/서울 | 118 판매원 중구 충무로2 | 매원및구입처 포장재질/내면-폴리에틸렌 | 습어 | 시설에서 제조하고 있 주의 장지 | 개봉후보관시에는 밀봉하여 십시오 | 100g450kcal 2개5 | 탄수화물 58 9 18 %당류 19 9 19 % | E10g18% | al 기준이므로 개인의 필요 열량에 따라 다를 수 있습니다. 8801005001144 | 080-875-999 | www.tasia.co.kr 2027.09.07 B1"
000200,2027,07,14,2027-07-14,erode3,"오뚜기 카레 L | 노란 | 최고의 건강요리입니다. | 空车开全）1000 | 2,380 | 2027.07.14 01 | 13:342G16P | 오뚜기카레 순한맛 영격하게 선별된 원료와 오렌 2年71969营号2年719 | OTOKI CURRY MILD 카레 본연의 맛과 향이 살아 있는 | 재료(4인분) | 조리 | 2"
000201,2027,03,30,2027-03-30,s1,"카레는 노란오뚜기카레 는 | 최고의 건강요리입니다. | 3,780 | 2,380 | 2027.03.300 S2 | 13:583D11P | 비밀카레 약간매운맛 글루텐프리 | 카레라이스 | OTTOGI GLUTEN FREE CURRY MEDIUM | 재료(4인분) | 비(밀의 레시피 | 1.밀가루가 아닌국산가루쌀로더욱 고소하게! 조리방법 | 230% | 44.1% | *오푸기카레 약간매운맛 기준 다음밥위에없어내면 완성됩니다. | 유형 상단 표시일까 | 원료명 | 마늘분,후추분,표고버섯에기스문말 | 포장재질 폴리에틸렌( 제조원 춘식회사 오뚜기 | 돼지고기"
000202,2027,02,06,2027-02-06,s1,최고기씨성 | 2+1 2+1 | 개a | 2번1 2·1 | 천짜장 S1 2027.02.06 | 05144 F3.1 | 있·는·3·분·요·리 까지
000203,2026,07,01,2026-07-01,clahe,"과 함께 짜장면으로도 즐겨보세요! | 国电器2001038182580 세기한하단 0 | 산),돼지고기(국산,양파(국산),춘장 ,카라멜색소 | 산도조절제), 스드오니온,특제 변성전분,대파 | (감미료) 우유 개두,밀,돼지고기,닭고기,쇠고기,초 | 시현곡면나 계탑 2 14-38.2号 358-7 | (주)/서울특 지 구충무로2포 내면-폴리프로필렌 | 그입처·알류 활,땅콩,고등어,게,새 ,토마토,아황산류 | 제품은 소비 기본법에 의거,교환 또는 가능·부정 량식 | 치에 손이 베일 우려 있으니 주의·포장 형,평창, 9 | 드거우니 안전사고에 주의·직사광선 피 온보관 봉 | 180g150kcal | 号22g7%：号8g8% | g0.7g5% | 7913% 8801005200257 | 준이므로 개인의필요 에 따라 다를 수 있습니다 | 안전관리인증 2026.07/01 | HACCP B31V.56 | 식포의마품안전지 OTHER"
000204,2026,06,18,2026-06-18,s1,"681 | 화제, 레시틴,탄 마 | 고추맛기름,홍 | 지고(국내신),대 중국산),고추베이스소스중화두 '고추엑기스,화조유,대무 마늘, 마조유 설 생강 | 정제 | 천피센두반장),쇠고기추출액,클소 | 고환처 | 시제품과 O9 | 180g210kcal | 含1394%8595% | 0g2913% | %E412922% | 2으로의필요열량이 따라다 수있습니다 8801005200127 | 소비자 | 중심 HACCP | OTHER. 2026.06.18 | 18:44F2L7"
000205,2027,05,18,2027-05-18,s1,"CumJmo ""urT | BEST BEFORE (DD/MM/YYYY) | LDENCURRY 18.5.2027 | AUCE With VEGETABLES | 3.580"
000206,2026,05,08,2026-05-08,s1,"号三2（仓）115g 하우스 바돈트' | 100g31139 | 3,580 3,580 | 853621 15/0//2 (D)853607 | H운맛 Unlbel | ·소비기한: | 2026.05.08 16:38 | B1 | 까지"
000207,2026,09,24,2026-09-24,s1,JAVACURYES JAVAE | 소비 | 기한 2026.9.24/A-Q
000208,2026,04,13,2026-04-13,s1,"n3 | JAVAEIY | (MONTH,DAY, YEAR) SAbueFood JAVA CURRY | 4.13.2026/B-V HOT"
000209,2027,08,11,2027-08-11,clahe,"간표일까 | 크리안더(모로 | ,복합조미식품,식물성크림,양피 테아린유(말레이 | 만늘맛분 | 쇠고기밀,토마토우유 | 주식회사오뚜기 | (내면) 제조원 충북 음성군 대소면 대충산단도 | 징어,새우,계란,잣 조개류 혼입가는·손비자기본법에따 | 여 주십시오.·소비기한을 꼭 확인 후 사용한,십시오 | 0800242311） | 용량 1kg 간든가기따라할수있는 | 415kcal 맛있는 요리가 한가득! | 영양성분 0 Kitchen 친(www.okitchen.co.k)에 | 한비율 놀랜으세요 | 219% | 18% 2027.08.11 . | 19% 10169F29 | 31% | 03 | 3% 조리후 장시간 보관할 경우 품질 변화가 | 0% 발생할 수 있으니 주의하십시오, | 3% 포장재 절단면이 날카로워 다칠 우려가 | 이 있으므로 개봉 및 사용시 주의하신시오 | 에"
000210,2027,05,20,2027-05-20,erode3,오뚜기짜질 2.080 | 2.900 | 2027.05.20 N3 | 10F431E22K | 백세카레매운맛 더 맛있고 질 녹는 과림형 카레 | 오뚜기백세카레는 강형 착량 더호 | OTTOGI BEKSE CURRY SPICY 즈미리 | 제트(4인원 | 8100
000211,2026,02,12,2026-02-12,s1,ER | 2026.02.1203 | 19:23#2 | DWS 17 | 3.700 | 3.700
000212,NONE,12,16,NONE-12-16,s1,VONO | VONO | 어니언 | 12.160 | :16 SF17L | 어 | Q4기 쇠고기스프 malle 온뚜기 | OTHER |  으 어니다. 280go禁量800ml 불에 올려놓고 끝을때까지 3분 간더 끌이면 맞있는 놓지 앞도록 가끔 저으면서 | 잘저어준다을기 시작하면 오뚜기최고기스는가됩니다. | 불을 약하게 합니다. | 가열된용기는 뜨거우므로 화상 | 120010445055201
000213,2026,03,20,2026-03-20,s1,소비기한 까지 | 2026.03.20/L | VONO 단호박스프
000214,2026,08,13,2026-08-13,s1,8：21：2 | 농축액에서 나타나는 지연적인 | 현상이므로 안심하고드셔도 | 됩니다 | ·본 제품은 소비자기본법에 | 의거교환 또는 보상 | ·부정·불량식품 신고는 | 11399 | 소비자중심 | 빈용기는 깨끗이 분리수거하여 재활용합시.소한사원깨끗한 환경 | 2026.08:13 /14:-16 | 까지
000215,2015,01,25,2015-01-25,s2,"·참전물 유래 성분이므로 안심하시고 사용하셔도 | 됩니다. ·보관 중 갈변이 발생 할 수 있으나 과실 | 농축액에서 나타나는 자연적인 현상이므로 | 안심하고 드셔도 됩니다. | ·본 제품은 소비자기본법에 | 의거 교환 또는 보상. | ·부정·불량식품 신고는 | 11399 | ccM | 이상레시 2150 HACCP 소비자중심 2개 | 가지 이상구매시 | 5E E BRRS | 11,980 | 홍 청정원 | 명사상품 | 2개구매시 10ml | 50 25-1 15 | 1기이스/점/ | 1051"
000216,2026,03,16,2026-03-16,s1,TIAS TO BE HEINZ 3 AS A KIOK TO YOUR [HOW TO USE] | IT HAS TO BE HEIN2 4.FRIED DISHES? SPECAL WITH HEINZ 2. MAKE YOUR TACO | TZNIEN 소비기한 | 2026. 03. 1 6 | 8801065002990
000217,2027,03,08,2027-03-08,s1,"동결현상 | 1에 손가락을 끼워 앞으로 당겨 주시고 낮은 온도 보관 시 동결현상으로 용고 및 침전물이 | I오.개봉 후 식초와 같은 특 | %[외국산 브라질,파라과이 등)]·대두함유 H를 가진 제품과 함께 보관 | 약간의 이취가 발생 될 주 있으니 | 기일까지' 의하십시오 | 제일제당(주)인는공시 주의사항·식용유는 과일 면 불이 | 14049 날 수 있으니 항상 추의깊게 관차해 | 용기-PE,마개-PE 야 합니다.·가열되었거나 불이 들은 | 구입처 또는 영업소 기름에 물을 넣지 마 V?·부정 소비자중심] | 2010-17 불량식품 신고는 국번없이 19 | 콩기름 -본 제품은 소비자 분정해결 기준 | 한국식품연구원 의거,교환 또는 보상 받을 수 있습니 | 다.·사용 후 빈용기와 마개는 분리 | KS2102） 수거하여 재활용합시다. | HDPE | K4 27.03.08 14:06 마개:LDPE | 402345 까지리 라벨:OTHER"
000218,2026,05,03,2026-05-03,s1,080 | 마요네스 오뚜기 | 량식품 | 마요네스 1984L 9.580 | 2026.05:03 | G2 까지
000219,2026,09,07,2026-09-07,s1,2026.09.07 | 김상규B
000220,2026,02,23,2026-02-23,s1,0/1399 | 300g | 정보 号11g3% 100g545kcal 고 | 55g102% 080-019-91 | (수AT) | 10% 8953% | 05g 미만 ：30m010%蜡型294% | DAESANG | 2026.02.23 | 12:04 까지
000221,2026,07,15,2026-07-15,s1,"홈유형 소스실균제품 | 원재료명 정제수,발사막식초[이탈리 号200204610736292 향 | 폰타 | 포장재질(내면)뚜껑(내면)-폴리에틸랜H-물레IE 행 | 2개 | 유통전문관매원성식품주식회 25-09-30 30 | 영양정보 2010g8150c 3/0/정/점 | 콜레스테를 0mg 8% 盟80% | 2026.07.15.B F2 | 고객지원 | 801005924207 | [nabel | 3.290"
000222,2026,03,25,2026-03-25,s1,"폰타나드레싱 폰 | 270g 행사상품 1001906 | 2개구매시 | 480 30 할인 4,480 | :2026.03.25CF2 | 시간이 지나면서 색이 열어지 | 품질에는 이상이없이니 안심하시 | 고,혼들어드십시오·직사광선을 I | 하고 실온에 보관하십시오.유리병 | 에손될수있으취급시주의하 | 시기바랍니다. | 안전관리인증 | 소비자중심 HACCP | 영양정보 235"
000223,2026,08,13,2026-08-13,s1,A1 | 연겨자 | 2026.08.138
000224,2026,06,15,2026-06-15,s1,"E量4570mg | 27.9. | 0% | 지방0g | 지방0g | 스테롤 | 5,00 단백질 时至人240g | 색대류 8~801003""001724 80 | 소비기한 | 2026.06.15A | nlabel"
000225,2026,04,06,2026-04-06,s1,리르기유물R 청정원 | (주)태경식품 충북 제최 | 至120.6嗒 대생(주)서울특별시종 클래식 | 어으므로 안심하고 흔들어서 사용하면 됩내 돈카츠소스 | 영양정보 총 내용량2 | 100g850 ka 박스파 대간개플의 등한했 | 220m15%量103 | 콜레스테를0mg 0% 단백질 3g5% | 00 | 개인의 필요 열량에 따라 다를 수 있습니다. | 2026.04.06 | 14:09
000226,2027,03,15,2027-03-15,s1,27M50 2개5 5c 2개5 | E | 27.03 15 19:23 1지 | 맛술 고기 요리는 미림 3큰술로 고기를 부드럽게! | 갈비 불고기 맛술
000227,2028,09,17,2028-09-17,s1,"영양정보 100m812kcal 48900m | 사과농축액 중국선발 | 에센스 | 14% | 틸렌테레프탈레이트 | 예틸렌 | 2 | 회사 오뚜기 | 광역시울주군삼남을반구대로 | 음성군대소면대품신단로2 | 따라 피해 보상 | Okitchen | 하고 뚜껑을달아실은보과 오기 식 한 대망인 | 길수있으나 원료 유라임 시제경보세오 개봉 시, 둥근고리에 손가락을끼워 | 락을끼워아래로때어사용 n. 아래로 페어낸 후 사용하십시오. | 招营：080-024-231（个风导 | 2028.09. 17.F | 14:45 | VDA4 | 연출이일지 | 800ml/40 | 농축액 2"
000228,2025,10,20,2025-10-20,s1,2025.10.20 | 수기준1급 | 90% | 내 | 100%g
000229,2025,10,28,2025-10-28,clahe,02AKELLA | Mn | Denmark | rewh SNCE1985 2025.10.28 | MZZARELLA | 100% Mni | (원료원유 기준) | Milky Huaur | 1256 우유 BEHIE | K-MILK 국산우유사용인류 초리예
000230,2026,03,28,2026-03-28,s1,DRE | PHILADE | 필라엘피아 크림 | 6.980 100833991 필라델피아 크림치즈 19 | 5.45 | 한 옆면에 표시된 기일까지 영양정보 | 서 15초 이상 살균 | 윗 로커스트콩검 우유 함유 23g43%12 | 고드셔도 괜찮습니다. 95mg32%50% | 일내드시기바랍니다 따라다를 수 있습니다 55 | EXP 2026-03-28T901
000231,2028,05,27,2028-05-27,s1,제조번호: | 255284 | 사용기한 | 20280527 | 까지 까지 | BO 20BD
000232,NONE,NONE,NONE,NONE,fail,"INAGOS | 15,맛지g 15.980 1통,맛게 | 메디켈허브 사용기한및제조재(P,P2):- 제조번호:튜브상단에별도표기 15,맛g 15.930 | 1% | JV1OL TV1O 15.986 | (d | 사용기한 및 제조재P1, P2): 사용기한및제조자(P1,P2): 사용기한및제조재P,P2): 제조번호:류브 상단에별도 표기 제조번호:튜브상단에별도포기 제조번호:튜브 상단에별도표기 : : 2(배 (< 피우루류기 | TOTAL TOTAL TOTAL TOTAL TOTAL TOTAL TOTAL TOTAL | SODYNE 내9주지 메디캘허보 메디캘허브 메디컬허브 메디컬혀브 메디캘허브 + T 7 7 7 7 | 04/소 | 제조번호:튜브 상단에별도 표기. | 사용기한및제조자(P,P2): | TOTAL TOTAL P2 TOTAL TOTAL | 7 | 메디켈허브 메디캘허브"
000233,2028,01,13,2028-01-13,det5,시과대학평가완료 외품 PERIOE | 살라아의깨한눈을닭은 간편하게 | 청정 | 6 PET | 정대:PP | 재활용어러용 | P2 B5D | 20280113
000234,2026,10,27,2026-10-27,s1,Dove | Dove | 037 090525 21:26 | R3 EXP261027 | 도브스칼프 너리싱샴푸 | 너리싱삼푸를 만나보세요. | √약해진모발과 큐티클걸에 | 단백질&영양공급
000235,2026,03,08,2026-03-08,det5,"더한 | 타소스 | 은 편안하게 하고 싶은 | 경험을 제공합니다. | 2026.03.08 L1 | 합니다.2)팬에 올리브오일을 두르고 삶은 면과 소스 1봉을 넣고 | 의 재료를 넣어 드시면 더 맛있습니다. | 소비기한 후면 상단표시일까지 | 20 | 판매업소.롯데쇼평(주)/서울특별서 중구 남다 | 물성크림물연,식물성유지(함유:말레이 시0산), | 육정단백농분말,양파(국산),주미액베이스 | (보존료) 우유,대두,밀닭고기 함유 | 三电用克200004430423230"
000236,2026,04,08,2026-04-08,s1,"가급적 한번에 사용하세요. | 영양정보 총나 | L三号830mg42% 탄수화물 8g 2 % | 14g26%0.5g | 引人印量45mg15% 단백질3g5% | 2026.04.08（B） | 15:45:09 | www.fontanastyle.com '비닐류 | 0808728888 OTHER 8""8"
000237,2026,06,05,2026-06-05,s2,"*본 제품은 소비자 분쟁해결 기준에 의거 교환 또는 보상 가능*메밀,당 | 토마토,아황산류,호두,오징어,조개류,잣 혼입 가능*부정·불량 | *직사광선을 피해 실온에 보관하시고 개봉 후에는 냉장 보관하여도 | 한번에 사용하세요. | 영양정보 총내 | LI三号700mg35% 10g3% | 20g37% 트랜스지방 0.6 g | 量55mg18% 2g4% | 2026.06.05（月2 | 09:44:11 | www.fontanastyle.com 비닐류 | 080872-8888 8 | OTHER"
000238,2026,09,10,2026-09-10,s1,제조 2025.09.11 | 일자 | 2026.09.10B3
000239,2026,07,10,2026-07-10,s1,"(토마토70g기준) 라이코펜 함유싱싱한 토마토 원료 | 제품명 진한토마토케참 | 19950449002363 | 원재료명 정제수,토마토페이스트중국산),물엿,기타과당, | 설탕,발효식초,케참베이스{정제소금(국산),케참스파이스 | 믹스(계피분말:베트남산),변성전분 | 알레르기 유발물질토마토,대두함유 | 내포장재질 |용기/리드지-폴리에틸렌,캡-폴리프로필렌 | (굴,홍합 포함)성분 혼입가능·반품 및 교환장소:고객상담실 | 및 구입처·본제품은 소비자기본법에 의거 교환 또는 보상 | ·소비기한 ∞ | 2026.07.10B | 까지 | 139 | 영양정보 8300g/100120 | 恒三号910mg46%全号26g8%异22g22%不07 | 0000%000%"
000240,2027,05,20,2027-05-20,s1,소비자중심 | 139 | 영양정보 500g/10025kcal | 0mg0%号72g22%2g2% | 61g5gog0%0g | 0g0%0mg0%0g0% | 개인의 필요 열량에 따라 다를 수 있습니다. | 2027.05.20 F1 | 까지 | F12408 | 캡LDPF/실리콘라벌위 | 8801052120188 wwdaesang.com/ | 8019-919 wwjungoneshop.com | 청청에코템
000241,2027,08,10,2027-08-10,s1,"아래로떼어낸후사용하십시오 | 유형 물엿 1920253681 | 원료명 아,러시아 등)] 00%수전옥수외국  | 소비기한 하단표시일까지 | 포장재질 우껑 폴리에틸렌, 용가-폴리에널렌테레프팔레이트 | 주식회사 오뚜기 | 제조원 149 | :소비자기본법에따락피해 부량신품고는 | 곳에 보관하십시오.·사용 후 뚜껑을 꼭 닫아 보관하십시호 | 080024-231 | 2027.08.10.F2 16:05"
000242,2026,05,21,2026-05-21,s1,식품안전관리인증 HACCP 마크란? | 格46g/206kcal HACCP 식약처에서위생적이고안전하다고 | 1일영양성분기준치에 인증한 식품에만 표기하는 마크입니다 | 총 내용량당 대한 비율 소비기한 | 방 6g11% 2025.09.22/15:10 부터 | 랜스지방0g | 3.523% 2026.05.21 까지 | 백질 4g 7% | 量(%)22.000kcal | 라 다를 수있습니다
000243,2026,08,17,2026-08-17,s1,5.5gx47Hg) | 185kcal | 异1.4g1% | 3g22% 2026.08.17 D3 | 로개인의필요
000244,2026,06,21,2026-06-21,s1,2025.08.22/00132 부터 | 2026.06.21 까지
000245,2026,02,24,2026-02-24,s1,"% | % | 1% | 28% | 이미시예 | 소비기한 | 부터 | 후면표기일 까지 25.09.25 21:58 | 26.02.24/R | 11 까지 | 유지,변성전분, | 산,체종유 호 | 베트남산,말레 | 식품인전관리인증 | 닭고기 함유 SMART HACCP | 87005149 식생의약생안전지 OTHER | 제품 본연의 가채를 높여 나가겠습니다 | 어,새우,게, | 보존을 위해"
000246,2026,02,04,2026-02-04,s1,이탈리아 쉐프 | 마리오 파타타 | ROFILE | 이탈리아어로'감자'를 뜻하는 | '파타타쉐프의 대표 요리는 | 감자그라당양념바베큐어니언 | 등이 있습니다. | 25.09.05 부터 | 26.02.04 | 05:40A01F4 까지 | 식품인전관리안을 | HACCP | OTHER 801117175280
000247,2026,05,20,2026-05-20,s1,BED: 20052026 9T 05 | ABD19:25
000248,2026,04,21,2026-04-21,s1,"하십시오개호 | 옥수수의 일부분으로 안심하고 드서도 됩니다 | ·소비자기본법에 의거 교환,환불해 드립니다. | 1399 | ·반품·본사 및 구입한 곳. | ·신선도 유지를 위해 질소충전포장을 | 하였습니다. OTHER | 1801043036672 | 시킨 후 2026.04.21外 | 니다 | 영양정보 총내용량83g 420kcal | 620mg31%量55g17% | 3.3g3%20g37% | 量0mg0%5.0g9% | 2.000kcal | ·본사:서울 있습니다."
000249,2026,02,16,2026-02-16,s1,"신)볶음참께,구운천일 염 | 두토마토,쇠고기,닭ㄱ기, | 우함유 | 장재질 리에틸렌 | 2018060302219 | 달갈,우유,땅콩,호두,복숭아되 | 지고기,오징어,게,고등어,조개루 | (굴,홍합)혼입 가능 | 오리큰 소넥을 인터넷에서 만나. | htp://www.orionworld.com | 2025.09.17 | 2026.02.16 부터 | 기한 07:36A01 까지"
000250,2026,03,04,2026-03-04,s1,"씨눈(검정) 일부 제품 표면의 반점은 | 껍질(갈색) ""옥 수수 씨눈 또는 껍잘 이오니 | 안심하고 드시기 바랍니다 | 영양정보 총 내용량70g | 377/kcal | 号370mg19%午量44g14% | 당류2g 2% 21g39% | 트랜스지방0 9 | 含73.5mg11% | 25.09.0514:11 | 부터 | 26.03.04 B6 ㄱ | 맛있는"
000251,2026,02,24,2026-02-24,s1,실종예방에대해 | 더배워보아요! | 25.08.2517:16 | 26.02.24 A2 | 자료 | 제공 | 아동권리보상원 제보처
000252,2026,07,09,2026-07-09,s1,소비기한 | 2026.07.09 | 2026.07.09
000253,2026,06,20,2026-06-20,s1,영양정보 065g | LE层510mg skcal | 41.6 26% | 당류49 | 15g 28% | 트랜스지방 0g | 포화지방 6 9 40% | 골래스테를 5 mg미단 1% | 습니다 단질 5.6g 10% | 백전관리인증 2000kcal | HACCP 거인의 필요 열량에 따라 를 수 있습니다 | 2026.06.20 | 11:27B
000254,2026,08,12,2026-08-12,s1,트65 mg | 탄주화불49g | 림 당류 36 g | 지방0.6g | 트랜스지방 0 8 | 포화지방Og | 콜레스테롤Omg | 단백질 2g | •제품내부에수분이많고부드러워고은에 약 | 이하에 보관해주시고 하절기전면 직사광선을피 | 덩어리나 검은 점이 보일 수 있으나 인체에 무해합니나. | 소비 25.08.13/14:45 부터 | 기한 26.08.12. 2 (F2) 까지 | OTHER
000255,2026,08,20,2026-08-20,erode5,802259-0265011 | 26.08.20 A | 08:14 | 까지
000256,2027,01,02,2027-01-02,s1,Nexweel | E080-023-3399个 | B ERO 글루타치온 50mg | 보로 소비기한 | 27.01.02B科
000257,2025,12,10,2025-12-10,s1,2025.1210
000258,2026,05,30,2026-05-30,s1,"후광이가발생할수있으니반드시냉장보관하시고빨리드세요.알(가금 | 류에한함),우유메밀,,대두밀고등어,게새우,돼지고기,복숭아,토마 | 토, 아황산류,호두,닭고기,쇠고기,오징어,조개류(굴,전복,홍합 포함),잣 | 성분혼입가능.용기를 가열 조리용으로 사용불가·부정·불량식품신고는 국번 | 안전관리인증 | ·뚜껑을 처음 열때 '뱅소리‘가 나야 정상입니다.·반품 및 HACCP | 교환:구입처및제조원·www.daesangdives.com | 소비기한 2026.05.30 | 11:23 까지 비"
000259,2025,11,09,2025-11-09,s1,과일 원물이 들어 상큼달콤한! | JINOI 복숭아 가득 | 푸딩젤리 | Peach Pudding Jelly | 안전 | 플라스틱 | 2025.11.09 식품의약품 | OTHER | 리드:OTHER | 27%0.14% | 45kcal)/실본보관 210 | 지방 트랜스지방 포화지방콜레스테롤단백질 | （%2.000kcal | 에 따라 다를 수 있습니다.
000260,2027,04,01,2027-04-01,s1,스터수지 | 금(가공소 | 로인산나 | |노신산이 8801392002663 | WB1A | 27.04.01 | 까
000261,2026,03,07,2026-03-07,s1,소한죄 | 영양정보 총U | 가 낮으 L三140mg 7%18g | 주십시 | 담실및 탄수화물48g 15 % 트랜스지방0g | 기본법 법신보 18g 18% 포화지방6y 40% | 클레스테롤0mg | 다. 이브로개인의 필요 열량에 따라 다를 수 있습니다. | 25.09.08 20:26 | 26.03.07 A1 | 카랑라공
000262,2027,01,10,2027-01-10,s1,"Kornbudr | 2027.01,10"
000263,2028,01,22,2028-01-22,erode3,양반 방반 | NO. | 가름김 양반김 들기름김 | 재정처 | 시주의하준 | 2028.01.220xl | 2:40 29231 | 20
000264,2026,06,06,2026-06-06,s1,26.06.06 7/7/ 19:37 F2B
000265,2026,11,26,2026-11-26,s1,2026.11.26 | 청정원 | 순창 | Spicy Cocktail Sauce | 자
000266,2025,12,04,2025-12-04,s1,PEH | 취향저! | 이미지에 | 안전관리인증 | HACCP | 2025.12.04
000267,2026,06,02,2026-06-02,s1,26.06. 02
000268,2026,07,14,2026-07-14,s1,리츠 | ZEC 제대로 만든 크래커! | 26.07.14 01832 8
000269,2026,05,15,2026-05-15,s1,"비기한 후면 별도표기일까 | 72 | 남대문로 81(소공동) | 카라멜색소,홍국색소,고량색소,안나토 | [잠올레인유(말레이시아산),해바라기유 | 페롤(혼합형)],레시틴,카로틴 | 대두 함유 | 호 20100461303356 | 1139 | 아손상 우려가 있으므로 주의 바랍니다. | 1일영양성 | 치에 대한 비율 안전관리인증 2026.05.15 | 78% HACCP | OTHER 02:41 | 107% | 13% | 필요열량에따라 | 88090275504111"
000270,2026,09,03,2026-09-03,s1,"RE:EARTH 분리배출캠페인 [비닐류] | 맛있게먹는 TIP 지퍼부분은 가위로 절단 후 종량제 배출 | 온가족이 둘러앉아 추억의 옛날과자를 | 내용물비우고세적 건조 후압착 오염시중광제출 | 영양정보 100p9461kcal 160g | 174：号1（2早）2居（9） | 업소명 031-858-2727 유통전물판F이소: 롯데쇼핑/서울특별시중구 100g 1일 영양성분 | 소재지 대문로 81 买吉）/1899 3000 치에바을 | 말루(밀:마 호주산), 탕,옥배유(옥수수 나트륨 J6 mg | 외국신 김(국 공소금, 글엿,효모,혼합제제 탄수화물 69g | 원재료명베이강파우데(산 ‘산L 륨,탄산칼슘,탄산수 당류 20g | 나트륨 루코노- 수수전분, 구연산),포 지방 17g | 당 요소처리스테비 식품 밀함유 트랜스지방 | 플에품독 2017037001854 0g | ·번품 및교환장소구일처 및 판매운 제품은 소비자기본법 포화지방 2.3g 15% | 에따른 소비자분장해결기준에 의거 교환 -는 보상 받을 수 있습 콜레스테롤 O rng | 니다.·부정·불양식품신고는 국번없이 99·취급 및 보관시 단백질 8g 15% | 주의사항:직사황선을 피하여 서늘하고 조한 곳에 보관하십시 1일 영양성 분 기준 대한 비(%) | 号2000kcal至g | ·함께 포장된 실리카겔(방습제)은 드시 마십시오. 필요 열른 에 따라 다를 수 있습니다 | 안전관리인증 | HACCP 8801936010109 | 2026.09.03"
000271,2026,03,24,2026-03-24,s1,"민기무(일: 미국산,호주산),설립,합 | 정보 | 용량당 기a지에대 | 330mg | 화물 86 g | 황산나트륨, 합성향료(바닐라향분말) 20 g | 밀, 대두, 우유, 아황산류함유 22g | 장재질(내면) 폴리에틸렌 ""스지방 0g | 量2002046712787 지방 6g | 풀및 교환장소:구입처 및 판매원·본 제품은 테롤 0 mg | 사기본법에 따른 소비자분쟁해결 기준에 의거 교 7g | 관 또는 보상받을 수 있습니다.·부정·불량식품 신 성분 기준치에 대한 비율 | 2로 개인의 필요 열랑에 때 | 가능성이 있습니다. | 2026.03.24外-2"
000272,2026,05,10,2026-05-10,s1,"[Uubel | 따우더 네열란드산)],유지크림분 | 가루크림분말,고추장,도당,정제 (식울성유지:외국산)],스위트항시즈닝 영양정보 | 산도조절제,파프리카추출색소작 총 내용량당 | 기 | 커향), 향료,향미중진제 | 탄수화물 59.6g | 1일(내면) 폴리에릴렌 당류 11.29 | 量19900355116313 지방 23.2g | 및교환장소 구입처 및판매원 용은 소비자기본법에 따는 소비자분재해결 트랜스지방 | 에 의거 교환 또는 보상을 받을 수 있습니다. 포화지방 15 | 콜레스테롤 | 메, 딸콩,고등어,게,새우,돼지길,복 단백질 | 아,이황산류 호두,닭고기,오장어 조가 류(굴, 1일 영양성분 기준치에 댓 기춘이으로개기기필요열 | 복,혼합포함),잣 혼입가능 넘이 있스다 | 직사광선을 피하고 건조한 못에 실은 년관 | 제품의 품질보존을 위해 질소가 충진=장을 | 하요습니다. | 2026.05.10C 8""80207"
000273,2026,03,13,2026-03-13,s1,"닝분말,북어에기스 | 트리아세틴향료재종유,주정,프리추출생소,항료2 | 글리세린지방산에스테트, 아-토코페를(혼합형),료2종 | 고수장마요앗 새우 대두,계린,쇠고기,우유함유 | 소비기한 후면 표기일까지 포장재질 | 품목 1720154001-530（早） 폴리프로필렌 | 보고번회 26010549541-186（)） | 매코달 있습니다. | 부드러운 개봉후로:십시오 ·직사광서을 Ⅲ하고 서늘하고 건도한 곳에 보관하십시오 | 고추마요맛 ·간혹 제순이 은 갈색이나 검은색 부분은 원료의 일부분 | 입자는 파슬리입니다. | ·소비자기본법에 의거 교환,환불해 드립니다. | 1399 | ·반품:본사 및 구입한 곳. AER | ·신선도 유지를 위해 질소충전포장을 하였습니다. | 2026.03.13 | 2B301301 | 식품안신관리인증 | HACCP | 영양정보 280kcm | -농심물 바로가기 三450mg23%个量41 | 담 수산까요금부담 O-023-5181 12g12%11g20% | ww.nome"
000274,2026,03,02,2026-03-02,s1,말(아카시아벌글 | 함유 | HLHH | 2공장/ | 3남영동) | 3.신선한기름에 | 튀겨줍니다. | 바2달동한 이니 안심하고 드세요.제품 표면의 녹색가 | 허니버터2 루는 파슬리입니다. | 4 | 강정보 235 kcal | mg98E时量5g8% | 25.09.03 F2 20:11 | 레스테Umg 0% 26.03.02 까지 A5 | 대한 비율(%) | 개인의필요 열량에 따리 | 096403 | 안전관리인증 | HACCP | OTHER
000275,2026,04,23,2026-04-23,s1,"소비기한 후면 표기일까지 | 자와 바베큐 맛이 포장재질 폴리프로필렌 | 맛있는 스낵입니다 품목 19720154001 19760342001134(218) 1-48（) | 바삭바살 감자스틱 보고번호 ·새우, 토마토,게, 땅콩, 닭고기,오징어,계란, | 조개류(굴,전복,홍합 함)를 사용한 제품과 | 같은 시설에서 제조하] 있습니다. | 하십시오.개봉후바트드십시오 | ·간혹 과자에 있는 초색 물질은 원료인 파슬리 | 이오니 안심하고도셔도 됩니다. | ·소비자기본법에4거 교환,환불해 드립니다. | 139 | ·반품:본사' 구입한 곳. | ·신선도 유치를 위해 질소충전포장을 | 하였습니다. 11HER | 2026.04.23外 | 식품인전관리인증 | HACCP | 139 영양정보 75g | 양양영희 370 kcal | ·본사:서울특별시 동작구 三470mg24%量54g17% | 112） 3.9g4%15g28% | 금부담 농심몰 바로가기 | 5181 농심 0mg0%4.4g8% | (%)%2000kcal"
000276,2026,03,25,2026-03-25,s2,자가비 케첩맛 | Jagabee | !취급주의:제품 개봉시 손이 베지 않도록 주의하시기 바랍니다. | OPEN | 3 25.09.26 19:28 | ：26.03.25
000277,2026,07,15,2026-07-15,s1,HACCP 마크란? | HACCP | 식약처에서 위생적이고 안전하다고 | 인증한 식품에만 표기하는 마크 입니다 | 8801117282301 | 소비 부터 | 2025.09.16/20:52 | 기한 2026.07.151A-2 까지
000278,2026,06,22,2026-06-22,s1,25.09/23제조A157 | 26.06.22c | go | 송직한 고기와 야채
000279,2026,06,02,2026-06-02,s1,25.09.03 1443 | 26.06.02 | AOH | 꽉 찬 소와 피의 밸런스 | assorted vegetables | 1만번 이상 치댄 | 연출이미지 Chewy wrappe | 10000
000280,2026,03,23,2026-03-23,s1,CJ | 체일제당 | SSC5 | 2026.03.23 | 까지 | GOURMET | DELICIOUS 고에 LIFE | ASTY CUISINE | 모짜렐라돈카:
000281,2026,07,15,2026-07-15,s1,"客200g（310 원재료명 정제수 | 고초가륨(벤트남산)봇함 수유(옥수수배아: 외국산) 공가루(중국산)) | 국산)옥수수전분(옥수수 | -늘루담산나트륨(향미중 | 륨.무수구연산), 들깨 대두,밀,쇠고기,돼지고기 함유 | 기,조개류(굴 포함)함유 장재질폴리에틸렌 360g | 청북도 단양군 대강면 | 120340-26 | 보관방법 -18°C이하 냉동 보관 반품및 교환장소 고객상담실 및 구입처 | 내포장재질 폴리에틸렌 | 정통 우동면 （200g） | 200g 영양정보 200g | O kcal 275kcal 소비자중심 비닐류 | 류4g4% | g47% F12408 OTHER | 0g0%5g9% 분리수기를 생활화합시다. | 따라 다를 수 있습니다. 소중한 자원,깨끗한 환경 | 26.07.15 | 13:35A0827"
000282,2026,09,10,2026-09-10,s1,맛있는 까지D 2026.09.10 | 나교자 | 김치 이렇게요리해보세요! | 부드러운 찐만두를 즐기실때 | 1)찜통에 적당량의 물을 넣고 끊입니다. | 개운한 김치를 3) 맛있는 뻔만두 드실 수 있습니다. | 가득 채원! | 바삭바삭 군만투를 출기실 때가 | （97347W） | 2) 냉동상태의 만두를 프라이팬에 넣고 뒤집어가면서 | 떡만듯국을 즐기실때 [20기:는 B  S/ | 라소금과 | 앗있는 | 냉들 -18'C | 냉동보관 | 468gX27W#
000283,2027,09,17,2027-09-17,s1,"梦号100% | 원재료명 외국산(베트남, | 미얀마, 중국 등)] | 업소명 씨제이제일제당(주) | 인천광역시 증구 서해 | 소재지 堂140时49 | 포장재질 마개-폴리에틸렌 | (내면) | 품목보고 19790190025-145 | 보관방법 사용 후에는 마개를 꼭 | 2고 서들하고 그늘진 곳에 보관 | OIL 반품및 하여 주십시오 구입처 또는 영업소 | 교환처 | 주의사항 ·부정불량식품 신고 | 011399· | 조비자 분쟁해결 기준에 의거 교 | 한또는 보상 받을 주 있습니다 | -사용후 포상재는 반드시 지정 |  장소에 버려 주십시오·내용 | 불종에 정전/동결이 있을 수입 | 저온에서 한나.제품에는 이상이 없습니다. | 27.09.17 14:07 | X3 까지"
000284,2026,08,20,2026-08-20,s1,"합살미니도나스 만드는 방법 YYY | auH | 1.계한물 만들기 2.반축하기 3.뒤가기 | -①의 반죽그릇에 반죽미스 -프라이팬에높이 약2cm~3cm | 24m（4 240g（2号2 | 넣고 잘 저어 고루 섞어 주세요 섞어춘 후 손으로 2~3분정도 가열한 후 반축을 넣고 4~5분정도 | 반죽해 주세요 고르게 튀겨주세요 | 반죽을메추리알 크기정도 ※ 도나스를 튀기면 2에 정도 부푸니,둥글린 반죽은 | （910g.20m 프라이의 절반안 넣고 거주세요 | 동그란 구슬 모양으로 퉁글려 주세요 ※도나스가 식으면 토핑믹스와 잘어 드세요 | 합살치볼 요 합살찰방 만드는 방법 | 공통 | 방 | 합살치즈볼 만들기(프라이팬 조리) 찹살찰빵 만들기에어프라이어 조 | 넣고 구멍이 생기지 않도록 동그렇게 둥글려 주세요 | 후 반죽을 넣고 4~5분정도 고르게 튀겨주세요 ※기호에 따라 검은께또는 참께를넣으시면 맛있는 합 | 기호에 따라 다양한 치즈를 넣어 조리하실 수 있습니다. | FSCC155910 소비기한: | 2026.08.20 A | 까지 | 801045380513"
000285,2027,07,02,2027-07-02,s1,"식품유형 천연향신료(건조제품) | 100%（ | 브레드가든 성남공장/경기도 성남시종 | 제조원 | 용가-유리,뚜강-상감몰리프로 | 포장재질하컴:아크릴로니트릴-부티디엔-스티 | (ABS),마개-폴리스티렌페이페(PS) | 소비기한  제품별도표기일까지(년,월.일) | 号空卫20090275178349 | 2027.07.02 | 까지"
000286,2027,03,11,2027-03-11,s1,"구주변),직사 | 색상이 지어 유""를 사용한 제품과 같은 제주 | 의니건조하고 | 고,개봉 후에 | 니다. | 하지 않을 경우 | 허짐,군음,가정 총 내용량96g | 날카로우므로 있으니 밀폐보관 영양정보 220kcal | 하십시오. 号18620mg931%全号299% | 기소비기한 당류9g % 6g11% | 품 후면표기일까지 트랜스지 0.5g2.617% | 콜레스테롤 5mg2%13g24% | 4),조미야채양념분말 %000kcal | ,정제소금,건마늘가 기준이으로 개인의 필요열량에 따라 다를 수 있습니다. | 산나트륨(향미증진 | 향미증진제),설탕,포 | [두류가공품(탈지 | 식물성단백농축액, | 농축액(호주산),정 소비기한: | 1기엑기스(쇠고기: DB4 | 기스(호주산),아미 | 감칠맛분말한우다 2027.03.11/12B | 출물분말,효모추출 까지 | 이스분말,후츠가루 조미식품2,향미유 HACCP P04N | 가늘양파혼합분,항"
000287,2027,02,18,2027-02-18,det5,"조리예 | 66066 66666 | 量300~350ml1 는물에굴물내기한할 | 추천합니다-전치국수,원장개,계란점등 해물고유의품이와 진한감칠을 내는 요리에 ~2컵)를끌여습니다 1개를넣고3분간 풀어습니다. 불어진 국물에 | 소비기한후면별도표기일까지 영양정보 481000 | 295kcal | 총 내용량당 1일영양성분 | 내포장재질 (치)수치간장포로량 号8.290mg 기준치에대한 비율 | 치추출분말(멸치국산),덱스트린,합이채액기 탄수화물 54g 415% 17% | 원재료명 설탕, 스(혼합야채역기습(양파:국산),말토덱스트일,정제 당류13g 13% | 소금(국산),후연멸치분말(멸치:국산),디포리분말(디포리 지방1.6g 3% | 국산) 대두,밀,쇠고기 함유 트랜스지방0g | 포화지방0.8g 5 | （）120.6 콜레스테롤95mg 32 | 직사광선을 피해 건조하고 서늘한 곳에 밀폐 보관하여 단백질16g 29 | 보관방법주십시오유통,보관중 깨지거나 떡떡해질 수있으나 （%2000 | 품질에는 이상이 없으니 안심하고 드셔도 됩니다 기준이므로 개인의 필요 열량에 따라 다를수 | ·돼지고기,닭고기,알류,메밀,땅콩,우유,고등어,게,새우,복숭아,토마토,호두,잣,오징어 | 조개류(굴,전복,홍합 포함),아황산류 성분 혼입 가능 | 4주의·포장지가 날카로우니 개봉및 사용 시 주의하세요,조리 시 꿀는 물에 주의하세요. | ·진량의 침전물은원물가루이기때문에안심하고 조리하셔도 됩니다. | ·일부 한알의 색상이 다를 수 있으나,품질에는 이상이 없습니다. | ·간혹빈 봉지가 나오는 경우가 있으나,제품 중량에는 차이가없습니다. | HACCP 소비자중심) ccM 27.02.18.111 080-019-9 | DAESANG www.daesang. | 분리수거를생활화"
000288,2029,07,25,2029-07-25,s1,2029 07 25 | LE 만
000289,2030,07,23,2030-07-23,det5,030.07.2327 | 404 32205
000290,2027,03,02,2027-03-02,s1,"231（大豆早） ·소비자기본법에 따라 피해보상·부정·불량 프로필렌 네시아산),양파분(미국산)] | 를펼쳐서 지거 | 후것용하십오 토마토함유 | 계한 맜있는 기장 이어온 부터 19714 | 02 | 2027/3.021 | A | 까지"
000291,2027,07,21,2027-07-21,s1,"제품명 해표해마라기유 | 식품유형해바라기유 | 소비기한 상단 또는중앙 별도표시일까지 | 보관방법 | (내면) 포장재질 뚜껑-폴리에틸렌 | 업소명및(주)사조대림 | 품목보고번호 1995020805639 | 상이 다를 수 있으나 원료의 수환시기,산지에 따라 | 발생 가능한 차이이며 품질에는 이상이 없습니다. | -개봉 후에는 뚜껑을꼭닫아 서늘하고 어두운곳 | 에 보관하시고 가급적 빨리 드시기 바랍니다. | -이제품은 대두를 사용한 제품과 같은 제조시설 | 에서 제조하고 있습니다.-부정·불량식품신고는 | 1399 | 2027.07.21 | -본제품은 소비자 분쟁 해결기준에 의거 교환 또 | 는 보상받을수있습니다.-반품및 교환:구입처 및 | (080-900-6133)dr.sajo.co.kr | -깨끗한 우리자연 깨끗한 우리마음 | 영양정보 (1 g = 1.09 mL) 100 g 900 kcal 900m | 나트륨mg 0% 100g185% | 탄수화물0g 0% 트랜스지방0g | 당류0g 0% 11g73% | 콜레스테롤mg 0%0g0%"
000292,2026,02,13,2026-02-13,s1,13/02/2026 | 13925D 0123
000293,2025,10,24,2025-10-24,s1,물한방울 넣지 않고 | REGTCLEN | H 00%！ BOTTE |   25.10.24 | 뚜껑HDPE (06:37) | 라벨:PP | 니다·용가 재활용 우수 영양정보 총내용량 7m | 통번에 100mlg40kcal | 과 같은 보로드시기버랍 量15mg93%0 | P·본제품은 공정 88%% | 이수습다. | MELC O mg 0% 营合61mg9%/程U
000294,2026,09,08,2026-09-08,s1,"제조일자: 2025.09.09 WF4 | 소비기한 2026.09.0808:54 까지 | 8500g/100gg210kcal | 대두(외국산)소먹분(밀:미국산,호주산)정세소금,밀동물명별호국을소분 2.510mg126%37g11%23g23% | 국신호주산,정세소금(국선)밀필과,하인설당,고추영중국선,주정,청수대신, | 정세소금참기를[두.밀함·포장재질(민:응기무명-로들사 量0mg0%8g15% | 에틸레유산지-실리콘고무·반품 및 교환차·전국 판매정및대리정·보관항합직사공신을 000 cal | 피해 실온보관 개봉 후 냉장보관 권장·생물재료가참가되어오래둘수록 색이진 개인의 필요 열량에 따라 다를 수 있습니다. | -8501200/666471 | 보이는 입지는 원료 대두,밀쌀)의 일부분이므로 안심하고 드셔도 | 분쟁해결기준에의거교환또는 보상가능·게조개류쇠고기오 | 징우입능·조원일(정남도공주시 8801007052854 | 59:19184547-13 뚜영:PP"
000295,2025,11,08,2025-11-08,s1,"2025.11.08 A2 | 콤치즈맛 유요한 | 즈맛 시즈닝79 | 관 푸디버디가 입맛의 | 782332 가치를 올려요. | 난매원 | 푸디버디 | (밀:미국산), 팝콘치킨 달콩치즈맛 | (팔올레인유 이렇게 만들어서 더 맛있어요! | 1분,백후추 | 인산나트륨), 1.고소한 치즈로 진하게 맛을 낸 | 말레이시아. 진짜 치즈 시즈닝! | 기타가공품1 말 물엿 국내산 닭가슴살을 바삭하게 | 튀긴 팝콘 치킨 | 1봉을 넣고 Shack t!"
000296,2026,07,28,2026-07-28,s1,2026.07.28 | 달구별명가식품 | 달구별 | TH | 막창
000297,2026,04,08,2026-04-08,s1,2026.04.08 | 산물 안전관리인증 | 상책임 HACCP | 보험가입 | 법심겁데
000298,2026,09,11,2026-09-11,s1,"사골곰탕 | Beef Bone Soup | 한니과 함께 소기한 | 의 일상을 2026.09.11 | Ⅱ,더슬겁게! 06:43 F1 F | VAB | 엄선한 한우 사골을 우려내 깊고전만 | 남도 논산시 연무읍 | I당(취)진천BLOSS 2 8시간 정성스럽게 고이낸 담백한 | 진천군 진천읍 씨제 연출 다양한 요리의밑국클로 활용 | 이미지 | 포장재질(내면) 비비고 한우사골곰탕 조리방법 | 폴리프로필렌 Pot 냄비조리 | 사골추출물(한우사 -개봉하여 냄비에 붓고 중불로3~4분 조리 | 산)],한우사골추출 | ㅔ소금(국산),한우 | 증진제,마늘농축액, Microwave 전자레인지 | 고기,대두 함유 | 반품 및 교환처 | 구입처 및 대리점 Double steaming 중탕조리 | 끝는물에 봉지째 넣고3~4분 조리 water and cook for3 | 습니다)"
000299,2026,05,13,2026-05-13,s1,GCA3 | 2026.05.13 | 영양정보 340g（170gx27H） | 17H(170g)636kcal | 소비기한/ | 보관방법 가정에서는 냉장고 냉동실 보관) | 제조원:농업회사법인 지엔티(주)/ | 업소명 | 및소재지
000300,2026,05,21,2026-05-21,s1,1개당 1일영양성분기준치에대한비율 | 보 나트륨28amg 14% 지방10g 19 % | 360g 15g 5% 트랜스지방0g | 당류29 2% 포화지방1.9g 13% | 당 40g13%12g 22% | cal | BD-L | 소비기한 | 2026.05.21 | 까지
000301,2027,04,09,2027-04-09,s1,157kcal | OTHER | 소비기한 | 2027.04.09 | 까지
000302,2026,03,15,2026-03-15,s1,2026.03.15 | SSA3 | UrIspy | 고메
000303,2026,07,31,2026-07-31,s1,"풀어주세요 号450mlm 부드러운 양지고기 | 더 끓여주면 맛있는 남해안산 미역 | 간이달라질수있으니 | 소(고기,조개류(굴,바지락)함유 | 가지 | 냉동보관 반품 및 교환장소 고객상 남실 및 구입 | -84 | 1000 | kcal. 비닐류 | 영양성분 139 O DAESANG OTHER | 한비율 | 72 % 소비기한: | 2% | 1% 26.07.31 | 13 % 까지 | 12 % o고객상담실 | 3% 80019-9119） | 9% 8801052130583 18C이하 | 냉동보관 소비자중심"
000304,2026,06,01,2026-06-01,s1,EH3 | 2026.06.01 까지 | 20:44 | 상 계란옷 고소하고부드러운 큼직하게 | 풍부한 | 1.20170.c 다채로 | 2.해동시키지 않은 냉동수 | 고아래기준에 맞게
000305,2026,02,24,2026-02-24,erode5,스비기한: | 26.02.24
000306,2026,09,16,2026-09-16,s1,A C 1 | 떡갈비 2026.09.16 까지 | okgalbi 12:41 | Rich and Juicy Meat | 연출 The Livel | 이미지 | 즐기는법 | 비비고남도떡갈비
000307,2025,11,14,2025-11-14,s1,소비 25.11.142 | 기한 09:51 H15 | 풀리는 | 문창
000308,2025,12,04,2025-12-04,s1,"2025.12.04B2 | 05:25 김성대 | '투,육즙부"
000309,2027,04,01,2027-04-01,clahe,"품명꿀땅콩 기한별도표기일까지포장재질폴리에틸렌(내면) 식품유형땅콩 또는견과가공품 H03000 | (F1) QINGDAO GREENUTS FOODS CO.,LTD 원산지중국산 | 원 (F2) QINGZHOU QINGYOULIN TRADING CO.,LTD | 세계식품(주)/울산광역시 울주군 삼남읍 방기로39 | 땅콩,밀가루,설탕,아카시아꿀,옥수수유,덱스트린,소금 | 땅콩 | ( | 300g | 영양정보 100g520kcal | 量180mg9%日个量51916%异20g20% | 28952%533% ：8011330686 | 0mg0%17g31% | c OTHER | 2027.04.010 | HC O 2 F2"
000310,2026,07,28,2026-07-28,s1,"제조및(주)석보유통 | 2011044104650 | 원재료명 | 축액,해바라기씨유)]20% 호두함유 | 정보 200g20g122kcal | 글레스테롤Omg)0% 3g6% | 소비기한 2026.07.28 까지 | 종이 | 809019711769"
000311,2026,08,09,2026-08-09,s1,"제품명매일견과요거트 본제품은 땅콩,돼지고기, | 식품의 유형 땅콩 또는 견과류 가공품 L200g（970kcal）[20g（97kcal)x107H 제품과 동일한 제조라인어 | 반품 및 교환:구입처 및 판 | ：031-575-50 | 원재료 가제품의 크기가 일정하지 | 및향량 | 호두,우유, 대두 함유 | 소비기한 별도표기일가 포장재질 내면이폴리프로필런 | 영양정보 200g（970kcal 해결기준에 의거 교환 | 17H(20g)97kcal | 나트륨 11g3% 3g3% | 지방 59 9% | 콜레스테롤 mg 09 | 1일 영양성분 기준치에 대한 비율(%) | 소비기한 | 2026년08월09일)까지 8809036"
000312,2026,08,26,2026-08-26,s1,N | MIKED' BNUTS | Coffee Peant Laven smac Frud | 스낵을혼합하여 | 영양을 한번에 Banana dhip | 펌앤 믹스너츠 | 양간식#단판믹스 | Rasted Alwond | Gltinous Rice coated Peant | 2026.08.26 | 450g.228kcal 드5 퍼앤믹스너즈
000313,2026,03,17,2026-03-17,det5,mMn지퍼포장 | 2026.03.1701M | 튀기지 않아담백 | 고온 복사 유탕처리 N이! | 고온 복사열로 구워 | 질리지 않는 | 국산 사양벌꿀과 | 신통 효과 | 3 곡물 장인의 노 | 1979号E1 쌀어온 | 고온의 공기 | 제품명
000314,2026,09,01,2026-09-01,s1,오는 | 좋은 | GOOD TODAY | ·번구워 더구수한 | 누룸지 2026.09.01升B | carched Rice 연출된예 | 10
000315,2026,07,19,2026-07-19,s1,20260719
000316,2027,03,01,2027-03-01,s1,"수 소비기한 16:37 3-1 2027.03.01 | 까지 | 조리방법 | 간을좋아하는분들은 물양을 조절해도 좋습니다. | 국수,떡 등을 넣어서 조리하면 기호에따라소금,후추,김 계"
000317,2025,11,15,2025-11-15,s1,20251115办天 | 0814108
000318,2025,11,09,2025-11-09,s1,"2025.11.09 | 돈 TOW | LH引T1500 | F&B/경기도 성남//중원-둔촌대로 | 14(www.dongwonfnb.com) | 리투아니아.이탈리아 등),정제소금 | 천일역(호추산)],조미액,대두유,설탕 | 게농축액 -글루담산나트륨(향미증 진제) | 린,프필렌글리콜),호합제제[폴리글리세"
000319,2026,02,14,2026-02-14,s1,냉장보관/소비기한 | 2026. 02. 14  | 11:19 E1509 | BH5 | 천 현지의 맛을 집에서 즐기는 | 라탕면
000320,2025,11,12,2025-11-12,s1,"H콤달콤 도톰쫄깃 [Unlabel] | 각유부초밥 | 4 첨가 | 빙초산, 스테비올배당체 | 착색료(3-카로틴), 라멜책소 | 제조일자: | 2025.08.13早 | 0g 0~10℃ 소비기한: 2025.11.12外 |  kcal) 냉장보관 | 29"
000321,2025,10,29,2025-10-29,s1,2025.10.29加 | 사조 | 우리
000322,2025,10,29,2025-10-29,s1,2025. 10. 29 IOO | 사조 | 우리
000323,2025,12,21,2025-12-21,s1,바김 초밥 | 새콤한 맛 양반 | 항반 들어있어요 | 들기름김 | 개봉방법 | 레온사워디렁소스 | 제조일자: | 2025.09.22早E | 마개 디핑소스 소비기한 2025.12.21 | 1개 | %
000324,2027,05,15,2027-05-15,s1,"*量显100% (원물 원료:사골,한우 다시마, 양파, 마늘, 대파, 무 | 호박산, | 3 이산화규소 카제인나트륨 | 1000] 10001 | 끓는 물에 1분링을 3 분링으로 완성한 | 1개 넣고 약 1분간 물에 다양한 요리를 | 국물을 우려줍니다. 시작해보세요! | *2의 시 뜨거운 물에 데지 않도록 조심하십시 | PA6 | 출물:호주산),콩발효추출 2027.05.15E22A3 | 말NM,팔유,진국육수분말. | 가루 | 쇠고기,우유,대두,밀 함유 영양정보 80g 205kcal | 210 | 326%0g | 콜레스테롤 5mg2% | （%）2.000kcal | 열량에 따라 다를 수 있습니다. | 850-12001666-5471（q.co.k"
000325,2025,11,03,2025-11-03,s1,"단판단판 감칠맛 넘치는 간장소스 | 만들기어려운반숙장조림을간편하게 | 식품유형 별도 표시일까지 | 소비기한 | 영양정보 300g | 100g116kcal | 소재지 | 원재료명 喜813mg | 당체, 청양고추엑기스 지방TAg | 트랜스지방0g | 산도조절 포화지방4.1g | 207 | 단백질7g | 기준이므로 개인의 필요일 1일영양성분 기준지에대한바 | 202104230298 | [원·본 제품은 조비자기 | 춘에 의거 교환 | 없이 | 냉장보관하시 | 88098697 | 쇠고기 | HACO | 서유래한 | 고드시면됩니다 각막이므로 제거 25.11.03"
000326,2025,10,18,2025-10-18,s1,011399 | 영양정보 70g98kcal | 0g0%4.2g8% | 2025.10.18讲
000327,2025,10,21,2025-10-21,s1,"마토 미트볼 LE号860mg 43 % | 까지 절취,전자레인지에 조리 후 169 5% | 司三至。 (700w 1是 40至, 1000w 1号) 당류89 8% | 지방20g 37 % | 봉지째 넣고 10분 데운후 트랜스지방09 | 개봉하여 드세요 포화지방6g 40% | 크기에따라 조리시간이달라질수 있습니다 콜레스테를60mg | 포장재질(내면):폴리프로필렌 단백질13g 20 % | 24% | (주)/ | 112 | 소스-1 다이스드토마토(미국산),크러쉬 있습니다. | 332 | 34% | TA10 | 단택,정제소금,해피부스터,비프소스 | 흑후추로알,난백분말,혼합제제(폴리인산 25.10.21A 16:24 | 나트륨),카라기난,카라멜색소 Ⅲ| | 고기,대두,계란,밀,닭고기 함유 까지 | 랫부분을 팽팽하게 당겨서 잘 세워 | 화상을 입을 수 있으니 주의하십시오 고객행복센터 | 수 있으니 드실 때 조심하시기 바랍 소중한 의견을 기다립니다 | 태로 조리하세요.(제품이 터질 수 있습 080-850-1200 | 막이 있을 수 있 | ·본 제품의 1666-5471（号） | )에의한김 검은 점 cj.co.kr | 있습니다.·제품내 | 셔도 됩니다.·이 제품은  0~10℃ | 호두,오징어,조개류(굴,전복 메밀 HACCP 냉장보관 | 조시설에서 제조하고 있습니다. OTHER | 드시 냉장보관하시고 바로 드십시오 | 수 있으니 주의하십시오.)·부정·불 | 품은 소비자 분쟁해결기준에 의거 | 품 및 교환장소:전국판매적 또 | 7626994"
000328,2025,12,25,2025-12-25,s1,"GODU 은 | TODAX | 표첨 가르, 더육 건강하게! | 치자단부지와 | 우엉절임 | Pickled Radish Arid Burdock | 2025.12.25外 5 | 소브산칼륨 | 25문무%) | %5%% | ‘소비기 일면 | 15/080-917-1004 | 조롯데쇼핑(주/서울특별 8 | 발효식초,효소처리스테비아(감"
000329,2025,12,25,2025-12-25,s1,올능 | 좋은 | GOOD TODAY | 하게 톡 터지는 | 사비맛쌈무 | d Wasabi Radish 2025.12.25外 연출된 예 욕산 | 9 | 나트 수화물 당류 지방 트랜스지방 포화지방 클레스테를 단백질 | 34% 3% 7% 0% 08 0% 0% 2% HACCP | Og 0g Omg 1g0 | 데쇼평주/서울특별시 중구 남대문로 81피소
000330,2025,11,02,2025-11-02,s1,"소장재질(내면): 플 | F1-2019045 김치/비실균제품 49500799刘 | BLOSSOM CAMPUS | 115-23F4 | 사/경기로 화성시 건인 전북지 / 아도 진안군 부귀면 가정갈  | 잘가간 상 온에 논출될 경우 변질  우려가 있으니 개봉후 | 마루로 선명한 빛깔 25.10.04 | 25.11.02 소비자중심 | 드대상 대통령상 수상 | F1 | 900g AB7 | 100g30kcal | 탄수화물6g2% | 시방 0g 0% | 지방 0g 0% J김지양념풀C | #上#量2g4% | 한에수 있습니다. (HH(국산)],C J김치양념베이스,채소류(국산) | 080-850-1200 생강페이스트(생강·국산),유산군배양액 C.J새우액저,하선정멸치액정골드[멀치(국산)], | 새우,대두 함유 5291 | 880100"
000331,2025,10,31,2025-10-31,s1,2025.10.31 | 옥능 | 좋은 | GOOD TODAY | 한우엉과단무지가들어가감칠맛이'나는 | 가지그 꽉찬
000332,2025,10,22,2025-10-22,s1,"소비기한 FD4 | 2025.10.22 J337 | 삼호어묵 까지 | 날가루로 쫄깃하고,도톰해서 탱글한 | 도톰사각"
000333,2025,11,07,2025-11-07,s1,장충동 왕 족발 2025.11.07开
000334,2026,03,15,2026-03-15,s1,냉장보관/소비기한 | 2026. 03. 15  | DC5 03:41 A1609 | 산 겨울무로 담가 | 시원한 동치미 육수
000335,2025,11,28,2025-11-28,s1,"생줄면 | 길이 들어간 비빙창 | 생폴면사리 | 기생폴면 | 판매등 | *NIQT리O | 양념비빙장 |건조고명 2020~2024 | 55 g 49 452.g | Ubel 2개4 (1,050 kcal) | 조리예 | 2025.11.28外"
000336,2025,11,20,2025-11-20,s1,소비 25.11.202 | 기한 16:00 126 | [냉세트 2 | 1인분 개별포장×4개
000337,2025,12,09,2025-12-09,s1,"6.7号寸3%， | 이크0:1%함유 | 5.5g 수제비/장강제비소스/건조고명|김깨고명] 467g | 27H127H/27H (1,150kcal) | 2025.12.09"
000338,2026,05,28,2026-05-28,s1,A KbA | 2026.05.28 까지 | 14:48 | LIFE
000339,2026,08,18,2026-08-18,s1,2026.08.18外D | 여러분들의 꿈을 응원합니다 | 고소한갈살이는 | 기분종은품하식장 맛으
000340,2026,08,11,2026-08-11,s1,OPEN | 26.08.11 | A7-F2
000341,2026,04,29,2026-04-29,s1,"영양정보 | 430mg | 탄수하물 55 g | 당류 99 | 지방 6.29 | 트랜스지방 0g | 포화지방 0.8 g | 콜레스테롤 14.8mg 5Y | 단백질 11.6g 21% | 돼지고기,복숭아, 080-929-1001 | 포함),잣을사용 고객 지원실 | (수신자 요금부담) | 천일식품(주) | ChuniL | 다. | 바로 보관 HACCP | OTHER | 30128428 | 2026.04.29"
000342,2026,06,22,2026-06-22,s1,‘비 2026.06.22
000343,2025,12,30,2025-12-30,s1,2025.12.30！ | 소비기한
000344,2026,08,04,2026-08-04,s1,cat | wave | 2026.08.04/1918B | 까지 | 소불고기 | 구운주먹밥 | 조리방법
000345,2026,04,09,2026-04-09,s1,소비기한 2026.04.09川 | KAVIARPRODUCTNO.173 | KAVIAR PRODUCT TEAM Director 홍정훈 Devel | 삼원가든한우맑은설렁탕을맛있게즐 | 해동방법 개봉하지않은상태로흐르는물에1~2시간담 | 12시간이내로 해동해주세요 | 직접가열조리 | 충분히 가열하여드세요
000346,2026,05,15,2026-05-15,s1,포화지방0.8g | HACCP | 비닐류 | 803103 002825 | OTHER | 스비기한 | 2026.05.15
000347,2027,05,26,2027-05-26,s1,조하고 있습니다. | 1일영양성분 1일영양성분 | 기주시에대한비율 100g 기준치에대한비율 | 营353mg 18% 6% | 탄수화불23g 7% 트랜스지방0g | 당류0g 0% 포화지방1g 7% | 콜레스테롤Omg 단백질2.8g | 130kcal OTHER | 소비기한 | 2027.05.26 | 까지
000348,2026,04,02,2026-04-02,s1,"폴리에틸렌 | 포장재질 2014044901878 | 풍목보고 | 400g | 영양정보 100g302kcal 반품및교환장소:구입처및판매원 | 본제품은 소비자기본법에 따른 소비자 | 1일 영양성분 | 100gg 기준치에대한비율 취급,보관시주의사항:보관방법미준 | L三号331.2mg 17% 주시기바랍니다.조리시 조리기구가 | 탄수화물20g 6% 하십시오.필요한 양만 사용하시고님 | 한번에 드시기 바랍니다.특정 원료 | 异0.89g 1% 하시기 바랍니다. | 19.3g 36% 돼지고기,쇠고기,닭고기,달갈,메' | 트랜스저방0 오창어,조개류(굴,홍합,전복 포함 | 포화지방 3.5 23% | 引量31.8mg 11% 온라인 바로구 | 단백질12g 22% (QR코드접속) | www.lotteon.com 에서 | 기준이므로캐인의필요열에따라다를수있습니다. 검색어바식한생선까스 | 소비기한 | 2026.04.027X"
000349,2025,12,07,2025-12-07,s1,BIG | 검보 | 간편하게 완성되는 진짜 전문점 방작 | 쉬림프카츠입니다 | 안전관리인증 | 비닐류 소비자중심 HACCP | 8801114154199 | OTHER | 2025:12.07 | 소비기한
000350,2027,05,15,2027-05-15,s1,"식품형 해바라기유 | ·제조업소:BASSO FEDELE& | 업소경및 FIGLI S.R.L. | 소지 수입판매업소:롯데쇼핑주 롯데마트 | 사업본부/서울특별시 송파구 올림피로 | 269（ | 소기한 제품의 별도 표기일까지(년/월/일 순) | 원 료명 100%） | 포장 질(내면) 용기:PET,뚜껑 :PE | 2027/05/15 | L51351N1G | 영양정보 100ml820kca 1.000m | 나륨0mg 0 % 0g0%0g | 91g169% | 콜레스테롤0mg 0% 단백질0g0% | 뚜평:LDPE 3004123017466 | 라벨:PP"
000351,2026,05,03,2026-05-03,s1,300g | 영양정보 100g475kcal | 量15g5% | 看820mg41% 46g85% | gf11% 747% A | 스지방 0.5 g 미만 단백질0g0% | 量20mg7% | 분이브을 개인의 필요 열량에 따라 라를 수 있습니다. | 소비기한: 2026.05.03 | 10:44
000352,2026,08,27,2026-08-27,s1,스테이크소스는 포도주로 숙성하여 각종 | 맞을 부드럽고 평 김게해주는 소스입니다. | 오랜 노하우와 성으로 만들어 정통 소스의 | 했습니다. | 총량 | 180mg90全量27g8% | 당류 26926%090% | 포화지방 0g 0% | 0ng 0% | 단백 1g 미만 1% | 2026.08.27 | 0919 까지 | 주직이사 오타기
000353,2026,03,08,2026-03-08,s1,"운 크림맛!대콤함을 동시에 | 클까보나라 파스타 소스 | '은바쁜 일상에 쇼핑만큼은 편안하게 하고싶은 | 게고민없이 편리한 쇼핑경험을 제공합니다. | 2026. 03.08 L1 | 타만들기 | 제품) 소비기한후면 상단표시일까지 | 유,대두,밀,닭고기,쇠고기함유 | 리프로필렌  2000044304 23218 | 광선을 피해"
000354,2027,07,06,2027-07-06,s1,"L525 조원:농업회사법인 데이웰(주) | /전북무 264-34 | 유통전문판매원 알티스트 /서울특별시영등포구 | 人堂15,12 원재료명 및 함량 알물로스 시럽, | 효소처 테비아,나한과추출분말 | (나한 量100%/ | 품목보고번호:20 496065261 | 피하시고개봉후에 껑을 달아 서늘한 곳에 보관하십시오 | 포장T 용기(PET)/뚜껑(PE) | 소비자 상담실:02 13-3388 | 구입처 주의사항본제 우유메밀 땅콩 대두,밀 복숭아토마토 | 호두를 사용한 제품 은 제조시설에서 제조하고 있습니다. | 흐르는 제형으로 사용 양 조절에 유의하세요 보관중 침전이 | 생길수있나알 스고유성분이미로 안심하고 드셔도 | 좋습니다.사용후 부분에 내용물이 군으면 잘 안 열릴 수 | 있어미로잘닦아 닫아서 보관해주십시오 취급부주의로 | 인한 포창 파손 될 가능성이 있으니드시지 마시고 | 하시기바랍니다. | 본 제품은 공정거래위원회 고시 소비자분장해결 기준에 의거 교환 | 또는 보상받으실 수 있습니다. | 1139 | 영양정보 警5258 | 100g15kcal | 67g | 소비기한: 2027.07.06 | HACCP | 뚜껑:PE 8809568426084 | 라벨:PP | ALTist'"
000355,2028,06,17,2028-06-17,det5,내방9명 | 2028.06.17까지 | 145
000356,2027,03,17,2027-03-17,s1,"제조원 566 | 유통전문 (주)사조대림/경기도 | 판매원 125 | 포장재질 용기-폴리에틸렌테레프탈레이트 | (내면)우껑-폴리에틸렌 | 199104430241681 | 보관방법실온보관(개봉 후 냉장보관) | -본 제품은 공정거래위원회 고시소비자 분쟁해 | 결기준에의거 교환 또는 보상받을수 있습니다. | -반품 및 교환장소:구입처 및고객상담실-고객 | ：080-900-6133(）dr.sajo.0 | .kr-본제품은 밀,달갈,대두,우유,고등어게,새우 | 쇠고기,닭고기오징어 돼지고기 토마토 메밀,땅 | 콩,복숭아, 아황산류 호두 조개류굴,전복,홍합 포 | 함)를 사용한 제품과 같은 제조시설에서 제조하 | 고 있습니다.-원료에서 기인한 침전물이 발생할 | 수 있으니 흔들어서 사용해주세요. | 1399 | 8801039006610 LDPE OTHER | 소비기한 | 2027.03.17 Ax | 500g/10032kcal | 7.886mg 394 %不0g 0% | 탄수화물5g 2% 트랜스지방Og | 당류3g 3% 포화지방0g 0% | 0mg0%3 5%"
000357,2027,08,11,2027-08-11,s1,"해물 필렌(내면) | 2007039 | 반및공환장소 | 이미지사진 | 피초간단 사용법 | 알류 | 아토마토 | 영양정보 | 마,굴)로 만들어 80g/130kcal | 시피 해물 한 알이면 | 수 있습니다 | 73mg24% | 11g19% | 고객시 | 0-900-6133 | dr.sajo.co.kr | SAJO 사조대림 | 2027.08.11 | OTHER"
000358,2027,09,16,2027-09-16,s1,SAUCE | 2027.0916城
000359,2026,06,16,2026-06-16,det5,2026.06.16 까지A | 안전은 정보 아속
000360,2026,02,13,2026-02-13,erode3,"25. 08. 19 정조 | 26. 02. 13 까지 | 화류멸치볶음 게 특첨가 | 정장원이 만든 더욱 맛있는 반찬 | 원 반찬은?내 카의 맛과 영양을위한 현명한선택입니다. | 원과와 메치를 따트 볶아 더 고소하고 바삭합니다. | 강정원 견과류밀치볶은 식품유형 조류(균제 | 포면상단표 7 품목보고번호 200304490095 | 내포장재질 리프로렌 | 마는.이질는 정재소을,소스 이재동"
000361,2026,12,19,2026-12-19,erode5,샘표 | 믿0 2026.12.19 | 반동특 15.52E
000362,2026,08,11,2026-08-11,s1,"욱시원한 | 이육개장 | 초리법 | 식품유형 측석조리식품 | L350g | 품목보고번호 | 소비기한 별도표서일까지 | 우유,대두,밀,토 | 영양경 영양정보 350g/120kcal ·이 제품은 알류, 메밀, 땅콩,고등C | 三层1.460mg73%含量 9g.3% 호두,닭고기,오징어, 조개류굴, | 4g 4%지방 6g11% 제품과 같은 제조시설에서 제조적 | 트랜스지방0g 1.4g9% 개봉한 제품은 변질될 우려가 | 본 제품은 공정거래위원회고시 | 20mg7% 이단백질 8g15% 또는 보상받을 수 있습니다.·부 | %2000kcal 제품에 이상이 있을 경우 취식하 | 보관방법미준수시에는 변질등 | 저켜주시기바랍니다.·소비 | 2026.08.11外 요금부담·조리시자리를뜨 | 조라시끊는 물에화상을입 | A2-2 안준혁 홈에 손가락을 베이지 않도록 | The 미식의 모든 상품들은 | 더미식몰에서 만나보실 수 HACCP | OTHER | 있습니다. | www.the-mishik.com"
000363,2026,04,21,2026-04-21,s1,"간편하게 뜯으세요! | (EASY CUTL | 지국밥 2026.04.21 C 12: 38 | 까지 |  GUKBAP | 걸큰돼지국밥은 얼큰돼지밥은더/맛있게 | 아도,얼큰하고 진한 국물을 즐기는방법 | 다. 소면 | 듬 넣어 깊은 맛이 느껴지는 | 티브로 한 제품입니다. | 냄비 조리시 전자레인지이용시 | 배기에 얼큰돼지국밥을 부은 후 5분 | 43 | 이 증발하여 파질 수 있으니 기호에 맞게 도구에 따라 조리시간이 다를 수 있습니다. 三（10001） | 여드십시오 | 품"
000364,2026,06,04,2026-06-04,det5,"차동왼장씨 부대지게 | Don gwon | 60g 소비기한 | 하남산 153-2 | .com 2026.06.04까지 | 차톨양 | 된장A 수라차톨된장찌개가 맛있는 이유 | 아채혼 | 건표고 온도 | L-글루 자사기존방식 | 농축액, 자사개선방식 | 출물 20%단축 열처리시간 | 함유 시간 | 재료의 맛을 제대료 첨단설비로 열처리 시간을20% 이상 단축시켜 단끼개대보"
000365,2026,03,11,2026-03-11,s1,"소비기한 | 2026.03.11 | 인 레시피치로 11:37:11/M31 | 한요기를 가장고 | 전문브랜입니다. | 치찌개 육통령 | 으로,두툼하게 썰어낸 | 지고기 김치찌개는 | 다. | !맛이 깔끔한 국물 맛 맛있게 먹는 TIP | 기호에 따라수제비,라면 사리등을 | 하게 썰어낸 돼지고기, 곁들여 드셔도 맛있습니다. | 전자레인지 700 | 중탕끊는 물에 봉지째 | 제품을 넣고5~6분조리 | 냄비 뚜껑을 열고 조리하세요. | (제품이터질수있습니다)"
000366,2026,09,05,2026-09-05,s1,"소비기한 | 2026.09.05L2 | 까지 | 초리방법 | 어 | ※오래 끓이면 깔수 있으니조리시간을준수해주세요. | 스파탐 | 전자레인지 | 송썬대파, (700) | 토르트식품) 품목보고번호 19840532001372"
000367,2026,05,18,2026-05-18,s1,"추어팅 VISTC | Our | Website | 소비기한 | 과함께 | 상을 2026.05.18 | 즐겁게! 01: 53 B. | O U4 까지 | 미꾸라지를갈이 | 진한국술 | 107 | 풍성안시래기 | 토란대와대과 | 지(중국산),정제 연출 산초,들까가루 | H(미얀마산),대파, 이미지 풍미가득 | 합조미식품1,혼합 비비고 남도식추어탕 조리방법 | 23,들깨가루,고츠 Pot 냄비조리 | 제, 효모추출물, 설 | 쇠고기 함유 -개봉하여 냄비에 붓고 중불로 4-5분 조리 | 오래 끝이면 깔수있으니조리시간을준수하여주세요기호에따라 | Microwave 전자레인지"
000368,NONE,09,22,NONE-09-22,det5,"SBCRET | 고기를질게 RBCTPE 영양정보 240/kcal | 다져구현한 L巨号960mg48%量13 4% | 정통 유니짜장 白异 11g 11% 15g28% | 장을 트랜스지방0g 포화지방4.2g 28% | 量40mg13%E g 24% | （%2.000kcal 므5 | 개인의 필요 열량에 따라 다를 수 있습니다. | 4 0U | 비닐류 | OTHER 09.22.06:19F3.7 까지 | 꿀는물이용시 | 1促10岁 Z(700W) 꿀는 물에 제품을봉지째 넣고 3분 간데워드십시오 | 0초 *꿀는 물 이용시 파우치믿면(스패당 부분)에 뜨거운물이 고여 화상의 우려가 있으니주의하십시오*개봉시 내용이 퇴지 없드록 | 지 개봉하여주시기 바랍니다. 조리시뚜는근처의내용물을는곳아래로후개봉하십시오*가열후에는우치및내용물이매우거주하십시오 | 제품명 오즈키친 정통직화유니짜장 | 유형 측석조리식품 | 카라엘색소덱스트린,효모추물 대파,참맛짜장양념분 향미증진제 | 난각분말,생강 | 국 | 상 | 원드선정 | 의 상량"
000369,2027,06,25,2027-06-25,s1,대세씨 사오사이 | 런짜장 S1 2027. 06. 25 | 까지 | 3·분·요·리
000370,2026,09,02,2026-09-02,clahe,"월 | 구성환흡율 94-5 | 별시 종로구 名星1206登 | 까지 영양정보 | 폴리에틸렌 | 선을 피하고 건초한 실온에 보관 총 내용량 80g | 을 보관할 경우 변질의 우려가 275kcal | 가급적 한번에 드십시오 | 땅콩,공등어.게.새우,복숭아. 슈지 | 잣. 오징어,조개류(굴, mg | 포함)-아황산류 혼입 가능 | 소비자기본법에 의거 교환 | 방3.4 9 | 0 | 교환장소:고객상담실및 트랜스지방0g | .부정·불량식 20 | 9011399 콜레스테롤0mg0% | 고객사실 단백질6g 11% | OTHER %2000 | 00 기준이므로 기피요 연량에 따라 다를 수있습니 | 12503 | 2026.09.02"
000371,2026,02,15,2026-02-15,s1,2026.02.15  07:36:57 L1
000372,2026,09,15,2026-09-15,s1,"SECRET | RECIPE | 밤을 넣어 | 고소한맛을 전자레인지조리시 | 한층더한밭죽 | 대워드시오(00기 | SECRET | RECIPE | 통팥을직접삶아 끓는물 이용시 | 쌀과함께 데워드십시오 는물에제품을넣고에라 | 몽근하게끌인 | 동지팔죽 | *데우지 않고 드셔도 됩니다. | 量450g 3첨가 | 495kcal 첨가 -네오탐(이료) -아세설칼감미-이스입이 | 联号92g28% | 7g13% 소비기한 | 2.7g18% | 16g29% 2026.09.15.F4.15:21.5 | 미로 개인의 필요 열람데 따라 다를 수 있습니다 까지 | 제품명 오즈키친 동지팔죽 | 유형 즉석조리식품 | 원료명 | 고싶은 | 4.정성을 검정찰현미,정제소금,덱스트린 | 행복한 하루 | 소비기한 상단표시일까지 | 비닐류 | 품목보고번호 F4)19920308038115 | THER"
000373,NONE,02,08,NONE-02-08,s1,"우리쌀쇠고기 스프 | 식품유형 축석조리식품 | 소재지 | 입가능성이있습니다. 1일영양성분 | 영양정보 총내용량당 기준치에대한비를 총내용량당 기준치에대한비를 | L三号1,360mg 68% 지방5.1g 9% | 탄수화물45g 14% 트랜스지방0g | 총내용량60g 당류17g 17% 포화지방3.1g 21% | 237kcal 콜레스테롤10mg 3% 단백질2.8g 5% | 소비기한 | 로므르트스 모크, 1들 HACCP 비닐류 | OTHER | 8809847090135"
000374,2026,08,20,2026-08-20,s1,"식 그대로 재료 본연의 값은 맛 Donguor | 단괄죽 1등 | 420g 소비기한 | 광주광역시 광산구 하남산 2026 . 08.20 | (www.dongwonfnb.com) | 도시일까지 | 12.0%（) | 밤7.0%,설탕,비타민C,산 든든한아침을 책임지는 | 금, 산도조절제B),고운앙금 한끼 건강식 양반죽 | 설탕,정제수,팔24%, 물엿,정 양반죽은 전롱죽에현대적인 가치를더하여 | 정제소금 雪5.7%（香60%叫 모든재료를한번에 넣고오랜시간저으면서끌여내는 | 폴리프로필렌 양반죽은 맛과영양을제대로 담아내어 | 19950227050186 한끼의품격을을리는건강식입니다. | 토,돼지고기,메밀, 알류,땅고 아, 아황산류대루,밀,쇠고기,조 양반죽 1등비법 밤단팔죽은? | 굴포함),오정어,새우,우유게 용한제품과 같은 제조시설에서 제 재료 본연의 맛이 살아 있는 | ·보관방법:1.실혼보관(냉장및 국내산 참쌀과 입쌀 쌀알이굵고깨지지 있은 | )2.개봉한 제품은변질의 우려가 | 한번에 드십시오.·조리 시 제품과 | 나안전사고에 주의하십시오 | 에 손을 베일 수있으니 주의하십실 3(무)첨가"
000375,2026,05,31,2026-05-31,s1,"소비 0 A2 26.05.31 22:36 까지 | 기한 | 맛있는 죽의 기준이 되다 | 햇반 쌀전문가‘햇반’이 찾아낸,맛의 차이를 만드는 레시피 | 100% | √고소한 전복내장과 쫄깃한 전복의 | 살아있는 식감 | 전복내장죽 √정성들여 끓여낸 깊은 맛의 양지육수 | 한반 전복내장죽 조리방법 제품명 전복내장죽 | 인레인지조리시 식품의 유형 즉석조리식품 | 치상단'안전절취선'을1/2정도개봉하여 내용량 420g | 레인지에 닿지 않도록 상단을 접은후. 업소명및 씨이제일제당주식회사/ | 놓고 아래 기준에맞춰 조리해주세요. 소재지 210 | 700W 1000W 정제수,멥쌀(국산), 참고둥살[외를 | 2号30左 2분 | 아루마니아, 튀르키예 등)],표페 | 국산),새송이버섯,전복살[외권 | 이시아 인도네시아등)참"
000376,2025,10,07,2025-10-07,s1,"유어스프리미엄 | 오모리 | 어득 | 김s OMORI EOMUK | 쫄깃한 어 | 얼큰한오 | ·기타어육가 | 2025.10.07外 배추2.7 | 号420mg21%号6g2%号1201%不 | 100g945kcal 1200kcal | 국산·다두밀소고기,닭고기,새우오징어 조개류(바지락,굴)함유 | 주의사항.-비 냉장 보관 시 소비기한 이내에 변질될 우려가 | 뚜껑을 살 이내라도 빨리 드시기 바랍니다.개봉시 뜨거운 | -제품 내 간혹 흑막이 발견될 수있 | 드시기바랍니다.-이제풍은"
000377,2026,07,01,2026-07-01,s1,"구입처 또는 소비 031-534-015 www.e-sandl.co.kr 습니다. 포장시설에서 포장( 닭고기 메밀.대투 습기를피해서능 드아몬드미국산] 공설당커피고구마전 볶음아 산설탕,땅콩]커피땅콩중국산 건포도해바라기화이트볼중 틸아디핀산이전문건포도(미국신 당.밀가루꿀찰옥수수변성전분아 원재료명 꿀콩중국산땅콩 248-48 제조 판매원 포천시 군내면 용장 (주)산과들에/경기 품목보고번호 2011037253213 소비기한 별도표기 내포장재질 플리에틸렌 제품명 오리진스 믹스너 | 아황산륨 땅콩,밀일 | 포화지 14g 0 mg 영양정보 총내용량20 질소충전 포장하였습니다. ·제품의신선도유지를위해 주의하시기바랍니다. 삼키면 질식의위험이 있으 01399 ·부정,불량식품 신고는 국번 소비자기본법에의한피해보상 | 90 kcal 숨을썼지 않고 2026.07.01外"
000378,2026,05,29,2026-05-29,s1,2905 202540 | 29052026B1 | FLAVOUR CHICKEN | naak GEMEL | 맛이어
000379,2026,09,05,2026-09-05,s1,"영양정보 #LH159 | 三喜2mg0%E个量14g4% 13913% | 클레스테Omg0% 단백질0g 0% | 050926 18049731306914 | 2.13 50693519301171138095480 | 식품유형 캔디류 LH15g（60kcal） | OTHE | 원재료명 | 포장재진 구연산,구연산심니"
000380,2026,09,02,2026-09-02,s1,HACCP | ) / : 30 g(125 kcal) 1.6%0.8% NEW 호박 찹쌀 약과 2026.09.02|A
000381,2027,01,20,2027-01-20,det5,2 | N DE LOT:5.020.43.8 | DOM:20/01/2027 | 5
000382,2026,08,18,2026-08-18,s1,"7：2026.08.18 | 08140 | 까지 | 영양정보 481,000mL(100mL×10%） 168kcal | 号0mg0%含量17g5%异16g16%不0g0% | 人0g0g0%0mg0%0g0% | （%2.00 | SAENGGI-D | ""801674""810573 | 3대구경북능금농협"
000383,2026,04,03,2026-04-03,s1,"HIEI500 | 젤리 | 제조원2층) 소비기한 후면표기일까지(연, 월,일) | 포장재질 폴리에틸렌 20170484590109 | 소비기한 | 2026.04.03E | 까지 | 소비기한을 꼭!확인하세요 | 名489 HACCP | 160kcal | 트랜스지방 0g 포화지방0g 0% 비닐류 | 단백질 4g 7% OTHER"
000384,2026,07,08,2026-07-08,s1,BRONOIR 소비기한 | 2026:07:08办大 | HACCP
000385,2026,09,14,2026-09-14,s1,2025.09.15B | 부터 | 2026.09.14 | 까지 | 맛있는 약속
000386,2026,06,10,2026-06-10,s1,시리즈 | 드랜베리로 | 새콤달콤크랜네리와고소한아몬드 | 크랜베리와이=의건강한만남 | 5가지 통곡들로만든오곡볼 | 미세후크지퍼백으로 | 샐틈없이신선하게! | 카카오 | 2025.06-11 | 2026.06.10
000387,2027,01,21,2027-01-21,s1,로당 홍삼농축액 | (薯合含是50mg/g | 분 60%이상 | 국산) 8% | ：2027.01.21 까지
000388,2026,01,15,2026-01-15,s1,간약과 | 2026.01.15
000389,2026,02,27,2026-02-27,s1,ㅎ농협식품 2026.02.27 | 쌀약과 기 | 영양정보 | 48 
000390,2026,05,19,2026-05-19,s1,통산자 | ·원재로 및 성부배한비율·멜쌀휘밥[압춤열휘밥(쌀:외국산)] | ·소비기한별도표기일 까지 | ·유통과정에서 변질품이나 파손품은 본사 및 구입처에서 교환 | *부정불량 식품 신고는 | 2026 0519 | 미담푸드
000391,2026,12,10,2026-12-10,s1,"4,500 | 누텔리 | 全7减.2026.12.10 g0g당 1, | 연고농장 | YEON GO FARM | VEGAN | We deliver a cup of tea to a very precious | 박하차 티백 | [국내산]박한 | 25ea（1g/1日叫） | 식품의유형:침출차 | ：20180564 | “정직하게 볶았습니다. | Honestly roasted"
000392,2025,08,29,2025-08-29,s1,SORION | THE | 실속형 2배UP 응가중량 대비 | 소비기한 | 간편하게 즐기는 | 25.08.29 14:52 | 깔끔한 더 자일리톨 25.08.28 | THE 용기 또는 파우치에 리필해서 드세요! | KYLITOL | 달지않아 깔끔한더자일리톨 | 더 드립니다 | 복숭아맛 | OTHER | 19870415003279
000393,2027,08,02,2027-08-02,s1,"2027.08.02外 | RFD (100 g(12)是) | 1.큰냄비를 준비하여물 | 1000 | 100 | 입니다.(큰 그릇에물을충분 | 히 넣고 끓이시면 넘치지 않 | 고 안전하게 끓일수 있습니다) | Pour1000mlof waterintoalarge | pot,and ing toa boilovr10. | 도 첫가라으로 저어가면서 | Pu nodes in baing wal,d"
000394,2026,04,14,2026-04-14,det5,"죽장연 개장 인지조 | 축장연은 마을 이를측장연과자연을 | 0号三量个看01100% | 지역에서생산되는원료와전통방식으로 | 직접 장을 만드는브랜드입니다. | 원료명된장대두(외 | 수,된장2대두 | BE바 | 사골에 시준 | 대두밀쇠고기 함유 | 号20010445055895 | 우유,새우,돼지고기닭고기,토마톤,란,온징어게조개류 굴,통합전 | 함),잣,이황산류 혼입가능소비자법에 따라피해 보상 부정 | 이사이 일을 때(부문 제품 등)는 드시지 시고구입 에서 교환하 | 광을 피하여 실온에 보관하십시 | 조리방 재료 1/4左（80g） 영양정보 香202kcal | 200g）1（8g）30g400 총 내용량당 1일영양성분 주 마한내을 | 나트륨 3.300mg165% | 3. 6분 탄수하물 39g 12% | 6g 6% | 지방 59 9% | 트랜스 방09 4 | 감재박,두분 묵배기에물,양 깊어오는 하지방 0.9g 6% | 쌀어준비합니다. 감자,매호박을넣 4분간 행이버섯을넣고 2분 인두부 콜레스테롤 mg 0% | 간 더좋여완성합니다. 단백질 %）200kca7 15% | 1일영양성분 기준대 이므로개인의요열량 따라다를수있습니 | 오뚜기 | 함사 오뚜기 다있다! mal | 내소면 내품식 128 ACCP 비닐류 녹색인증 881045728834 | 국가한품기포장지 | OTHER ：G1-23-0679 | 2026.04.1422 F345153"
000395,2026,03,15,2026-03-15,hires,지의의로 | 2026.03.15지/18113:35 | 농심 | 인생을맛있게 | 농심 | 2명비6입 법먹 | 8801043015622
000396,2026,02,27,2026-02-27,s1,인생을 맛있게 | 농심 | 을 | 라면 | 매울신 | SHIN RAMYUN | 소비기한 | 농심mog | 叫2A04 2026.02:27办 5개입
000397,2026,02,19,2026-02-19,s1,"정보 香610g | 100g65kcal | 560mg28%量10g3%异7g7% | 2.1g4%0.5g3% | 0mg0%2g4% | （%200cal | 기준이므로 개인의 필요 열량에 따라 다를 수 있습니다. | ·고등어,우유,게,새우,쇠고기,오징어 | 알류메밀, 복숭아,호두,잣,땅콩,아황산 | 류혼입가능·소비자분쟁해결기준에의 | 거,교환또는 보상가능·취급 시용기가 | 유리재질이므로 파손되어 다칠위험이있 유리 | 리를 확인하세요. | ODT 2026.02.19 16:16"
000398,2027,07,30,2027-07-30,s1,"2027.07,30 | M 까지2 | 소면조리법 백설 |  5[1,00全 소면 | 백설소면 | 비기한 후면표시일까지 | R에 아은 번 부은 후 | ua기 330 | (국산)밀 함유 | 1972016800173 | 더 맞있는 이유°"
000399,2027,01,31,2027-01-31,s1,"집온보관개봉냉상보관정 | 소스(살균제품) | 하단표기일까지 | 20020464088-32 | 황산류 혼입가능·소비자 분동 | 노산에지대두외국신),양조간장원에(탈지대우·축국산 | 능양중국 우 | 영정보 #500/10080 | 看410mg205%量18g6%13g13% | 지방0g0% 트랜스지방0g 포화지방U | 量0mg0%2g4% | 0-850-1200166-5471 | 2027.01.31 03:52"
000400,2026,01,11,2026-01-11,s1,"한층더 살려줍니다. | 추천 레시피! | 사용량을 조절하세요! | 불고기 스테이크 오행 | Chef's tip! 하시면 더욱 풍부한을별수있 요리에 새공함을 더할, | 영양정보 총 내용 80 | 100ml155k | 나트륨5mg 0% 号39g12 | 异39g39%0g0% | 量0mg0%1E0g03 | 200 | 개인의 월요 혈량에 따라 다를 주있습니다. | 고객행복센터 | 080-850-1200 | 口1666-5471（号） 마:LDPE | cj.co.kr 리별:PP | 24.07.120 부터 | 26. 01.11 까지 | OB7"
000401,2027,04,12,2027-04-12,s1,SPAM SPAM | 스럼 스를 25 스럼 25리이E | 27.04.12办2W19:35
000402,2028,04,19,2028-04-19,s1,팸 28.04.19 12:58闪 SA4 | 클래식 | 봉방법 파우치를 점성을따라 | 20080405015-209 | 영양정보
000403,2027,04,01,2027-04-01,up2x,환도 | 2 | 0 2 | 27-04-01 | 1명 | 12
000404,2026,06,10,2026-06-10,s1,·소비기한 B1 | 2026.06.10-16:42 | 까지
000405,2027,10,15,2027-10-15,s1,"2027.10.15# | 15.393F16K | 하이라이스스스 | OTTYGI HASH | 2. 물을 약하게한이스스스를 조금씩 넣어충분히풀어습니다. | Kitchen | 유형 | 료명달 | 코아분말 쇠고기,닭고기,밀,토마토,우유 대두조개류(굴) 함유 | 포장재질 품 제조원 $줄싱횟삭 올뛴길 128 | 십시오 | 080024-2311）"
000406,2028,08,05,2028-08-05,s1,5.08.28 40- | 경기 연천 먹는생물 | 갈승lC | 무기물합량(mg/L) 241~28 | 칼습(Ca) 나트륨(Na) 칼륨(K) 그승Me) 불소(F) | 211-28.1 3.9~4.9 5.0~6.8 0.0~0.1 | 835-3568左 | 개업소명및
000407,2025,12,01,2025-12-01,s1,"3900 | 025.10.10 | 진랑농협하나로미' | 하늘 초양 념 김 | 보관방법:10C이하 냉장보관포집저장(플리에팅경량() | 2025.10.03 2025.12.01 6500 | 포장 년,월.일 | NH 진량농협하나로마트"
000408,2025,10,09,2025-10-09,s1,"전일영 | 소금(국산 천일염)으로 | 간이 되어있습니다. | 갈친( 해 동 | 원산지:국 | 2025,1905,2025.10.09 11800 | 진랑농열하나로마트"
000409,2027,03,26,2027-03-26,s2,예농협 | 비Fob Barley Tea seui Mountain | 호리자 | 더건강하게만든우리보리차! | 최고품질의 보리만을 엄선하여 | 맛 좋고 영양가가 풍부합니다 | 100% | 400g 100% | NH 유가농업협동조합 | 202703.26川入
000410,2027,04,13,2027-04-13,s1,명읽은햇살생강분말 식품의 유형 천연향신료 | 卫194040409243 | ·기한 2Q27.04.13
000411,2026,09,09,2026-09-09,s1,NH 남영양농협 | ©경북 영향기추 헛살촌 | 영양청결 | 오줏가루 | 2025.09.10 | 全开2026.09:09 | 북 영양 고추만을 엄선하여 생산하였습니 | 기족명 햇살촌 영양청결고충가루 ·보관방법:직사광선을피하 서늘하고건조한 | 식품유 고층가루 곳에보관하시고개봉후어는품질저를위해 | 냉장보관하시기 바랍니다 | 500g ·주의사항고추가루를손으로사용추눈이 | 제조원 능영양농협가공사업소 ·본 제품은음식에 사용시1시간 정도 지나 피부민감한 곳에 접을피하시기비니다 | 소비기 경영양군 입암면 다리골길29 고유의 빛깔이 나타닙니다 | 원료명 모상지 후면 별도표시일까지 | 모장개질 100% 색도를 삽입하였습니다. :발품및교환:제조원그일처 | 홍목보 고번호 폴라에팅랜(내면) | 소비가상담실 199305850052 | 지리적시 지리적특산품:고충가루 | 원  KPGI: Yeongyang red pepper powder | : 영양능인양농가사업소) 88082801705002 OTHER | 量/EL（02763-317
000412,2026,01,19,2026-01-19,s1,"스쉽고 깔끔하게 톡! | 신선한 경북 영양 고추를 담아 | 언제 어디서나 간편하게 | 요리할 수 있는 스틱 고츠가루 | 제품의 특징 | ·HACCP인증 받은 제조시설에서 위생적 | 으로 생산됩니다. | 보관방법 | ·직사광선을 피해 서늘한 곳에 보관하시고 | 개봉 후에는 냉장 또는 냉동보관 하시기 | 바랍니다. | ·본 제품은 공정거래위원회 고시 소비자분쟁 | 해결기준에 의거 교환 또는 보상받을 수 | 있습니다. | 소비기한 | 2026,1,19 | 까지"
000413,2027,04,23,2027-04-23,s1,"칠갑농산 2027.04.23 | 우유에타서먹는 | 정국장가르 | 300g | (1,401kcal) | 100 g467kcal"
000414,2026,04,07,2026-04-07,s1,2026.04.07 | 회요
000415,NONE,NONE,NONE,NONE,fail,뚜 운극류 | 까스마스아 | VAHL | 운극품 크HIO 영양정보 | % 오 분매가 터아 | 후물매이아 00 60g/15kcal 락과조사기 1 아삭아살 새콤달콤한 RG유아J지 타J 피로유 | 4 0 I0% 냉장보관이 8093 아삭아살 새콤달콤한 아삭아살 새콤달콤한 야식아식색지관7 아삭아삭 새콤달콤한 아삭아삭 새고닫골한 | 0 락 락과초사 락과초사기 락과초사기 과초사 1U/ U2십 1U아페는J산 | 든는곳 10 | 나기요 | 영양정보 영양정보 영양정보 양정보 #48960g/ 19kc 60g/5kca 60g/15kcal 4860g/15kcal | 量391%弄00.8% 5-8093 8809307 8809307 1390034 390034 | R% | 0% 냉장보관 냉장보관 냉장보관 OTHI OTHER OTHER OTHER 는곳 노뜯는곳 들는곳 | 15C리이조산락고 | 나기 U장J산함 JU/1UV 락리초사 락리조사기 아삭아삭 새콤달콤한 아삭아삭 새콤달콤한 P MTR | 영양정보 영양정보 4860g/15kcal 4860g/15kcal 8809307390034 88093071390034 | 售420mg21%午量3g1%异1g可0.8% | 비닐류 | 레스테톨Om오 0%단백질0g 0% 뚜는곳 뚜는곳 | 냉장보관OTHER 냉장보관OTHER
000416,2026,04,07,2026-04-07,rot90,불어 | GOk~ | 2026.04.07 소비기한
000417,2026,03,15,2026-03-15,s1,a중e] | 2.480 | 더맞있게 소비기한 | 먹고 싶다고? | 오로독 그럼 말아보자 2026.03.15 | GO!~
000418,2026,09,08,2026-09-08,s1,180 | 1.780 | 2026.09.08 | G09 16:53
000419,2026,08,05,2026-08-05,s1,웨하 | EASY CAP 0는법 소비기한 | 2026.08.05Y | 영양정보 | 총 코코아분말6% | 否号：75g[400kcal(15gX | 알레르기정보:옆면확인
000420,2025,12,04,2025-12-04,s1,"960 | min | 식품유형 | 소비기한 후면 표기일까지(연,월,일) 영양정보 총내용량 70g | 내포장재질 220kcal | 유통전문 롯데웰푸등(주)서옥시 나25 mg | 판매원 空量52g | 제조원 (주)에습디푸드 경기도 부천시 39g | 당알콜2.5g | 목보고번호 2016063409586 지방0g | 째료명 설탕,물엿,젤라틴,D-소비톨액 트랜스지방0g | 산도조절제,오렌지농축액,포도농축액, 포화지방0g | 방농축액 펙틴,향료1,향료,기타식용유지 콜레스테Omg | 단백질49 | 지자적색소,치자청색소,주정),블랙캐롯 | 혼합제제(파프리카추출색소,카로틴) ·제품이 고온에 약하니 | 돼지고기,복숭아 함유 낮을 도로 보관해주시고개 30'C 이학에서 직사광선을 피 | 리 드십시오소비자 | 롯데웰푸드 구입 상점및본 의한 피해 보상·유F | ·부정·불량식 | 1399元 | 비닐류 밀닭고기,쇠고 | 88010628988621 흐릴 수있습니다·한번에 통입가능·과량섭취시설시 | 않도록 주의하세요. | 2025.12.04G1"
000421,2026,07,17,2026-07-17,s1,Dtget | Diget | LOTTE | 상금달콩 | 26.07.17 16:35 A 롯새 | 파인애플
000422,2026,06,09,2026-06-09,s1,"화이트 | 화이트하염 화이트하입 | CROWN | 2025.09.10 A5 | 화이트하임 2026.06.09 | 4,780"
000423,2026,06,04,2026-06-04,s1,580 | 조보로 | 소보로 6봉입 제로쿠앤크 | 쇠퇴쇠복 소보로 2026.06.04 2025.06.05 맛있는약속
000424,2026,03,28,2026-03-28,s1,새우항 | 소비기한후면표기일까지 2001054954-20700 포장재질 몰리프로를 | 19720154001-458（早 | 개봉후바로 드십시오 | 긴혹과는은 물질은  | 김게 보이는 것로 안심하 | ·소비자기본법에이거 | 부품신고는국 | ·반품:본사및구입한곳 | ·신선도 유지를위해질소충진 또장을 | 8801044036078 | 2026.03.28 | 2A082227 | 영양정보
000425,2025,11,05,2025-11-05,s1,소비기한 뜯는곳 Kellug'is | 2025.11.05 11:25 콘푸로시 | 까지
000426,2026,12,26,2026-12-26,s1,홍일홍게맛액은 | 영양정보 100m39.33kca | 79349ing40% 0g0 | 지방 0g 0% | 플레스터를 Omg 0% | 소비기한 | 2026.12.26 F3
000427,2027,04,01,2027-04-01,s1,한리 | 참치액 | 따라할수없는 |  7 원조의 맛과향 | 2027.04.01 
000428,2026,04,23,2026-04-23,s1,26.04.233
000429,2026,01,04,2026-01-04,clahe,"이미지예 | 케피한잔에담로 네스카페의약속 | CUPOF 네스는0말요살월커피 놀부들과 | RESPECT 생산하도록 됩과 있습니다. | NESCAFE01938- 네스카페와함까,더나든 하루를만드세요 | 제품명 테이스터스 초이스 마일드 모키 식품유형커피 업소명및소피지 | lesde | 한상식 00 | 랜스는 들의 일으로 세타이 PNE!:EPF 방단품질 （）18104500245 | 까지 있습니다  불양산의 동을 뚜루 는 것으로 품질 보존을위해개봉후에는건조하고서늘한곳에 받드시밀통받 | X27869/086-730-5336 에게 이야기하세요 소비자기준에거,에 커피의맛과을 간직하세소· | 초이스 마일드 보가 한 잔에는 | 72mg Distributed by Lo-neste(korea<0.Itd. | 소비기한 | 8°80 | 바닐류 2026.01.04 41043184 | OTHER |     | Vestié. 첨페스까를 표기하고 있습니다.SOoodFod,Goo L내-있고의 맞과 품부한 영양에 대한 슬네의 확습니"
000430,2028,02,01,2028-02-01,s1,:해이닛향커피·식품유형 ·원재료명:인스터터 | 내공량:50g·포장재길:원 | 월프로젝린·소비기한:제품 별도표기일까게를 보관상주의사상 습기 직 |   | 2028.02.01 CB | NETWT.50
000431,2026,03,17,2026-03-17,s1,리아 주식회사|충북 청주시 흥덕구박 로72 | 길21·소비기한 아래에 표시일 | 100%） | 100%）：--P | （）198104150 | 조하고 서늘한 곳에 보관·질소충전 | 본법에 의한 피해보상·부정 불량식품 | 1399 | 080-730-5336NESCAFEisa 100ge | e trdemrkUsedunderlicense. | 터 디페 공성으로  부을  디카페인 | 유리 | 88010551780266 | 2026.03.17 23:33 | 40783657
000432,2027,04,28,2027-04-28,s1,iBRew PLUS | SWEET BLACK COFFEE | 스위트 블랙커피 | BReW& OH* |   아이브루 | +플러스 | 80 2027.04.28 | 80 STICKS 0.099 0Z. (2.8 g / 10 kcal) | STICKS NET WT. 7.920Z.(224 g /800 kcal)
000433,2026,03,05,2026-03-05,s1,유기농 가루녹차 | 50 g 식품유형 고형차 | 100%（) | 포장재질 대포장:폴리프로필렌 | 보관방법 실온보관 | 제조원 (주)티젠 |  80-23 | 기한 | W2026.03.05 | 나·부정·불량식품신고 | 보관상주사항: | 보 | R.2및문의 | M1580247室 | eazenmall.com
000434,2026,10,28,2026-10-28,s1,"19830464030 | 포장재질 뚜껑(내면)폴리염화비닐 | 원료명 기타과당,정제수,설당,올리고당,대추국산)대추농축에대추 | (국산아카시아꿀국산)셀물로스검카라기난합성향대추진단검 | 첫산칼슘,구연산 | ·유대두토마토복숭아혼입가능·소비자기본법에따라피해보상 | ·개봉후냉장보관(가급적빠른시일내섭취·유리병파손주의 | 预国号：080-338882午71） | ：080-024-231（早） | ·소비기한: | 2026.10.28 | 06:21"
000435,2026,07,14,2026-07-14,s1,"3지민 | 제품명 식품의 유형 | 품목제조번호 | pet/뚜껑:pp.,종이 | 8101-811 | 1회 1티벽을 찬물 또는 더운물에 우려서 섭취 | 2026/07/14"
000436,2026,02,12,2026-02-12,s1,서울우유 서울우 | 2026.02.12 뚜껑회전 시 내부 | 16:51 | 은박이 개봉됩니다.
000437,2030,05,02,2030-05-02,rot180,-zmg0 | JUGTTT 4 22 | 300502.02011 | lk식
000438,2026,02,19,2026-02-19,hires,24개 | B | 1지 | 2026.02.190지00:56 | 1368 241220813885 2E9
000439,2026,03,18,2026-03-18,s1,소비기한 까지 베지밀 | 2026. 03. 18 41 - 05:23 검은 콩 두유고갈습
000440,2025,NONE,13,2025-NONE-13,fail,"1 0079- | () | ( | 0 品%26 | 천동 | 포이 밀 향 내미호 리h탕묵 등량 | IN 논명 (용 편 0 | 동백 기형아출성위험을높입니다. 해손상이나 치매를 011399 늘한 곳에 보관 페닐알라닌함유), 입국,효모 927 de 08: 09 1 | 므 | 나피 I로g | 울한 | 22 원동:담물:13까지 25:88:1300 25:88:13 | 0ml 리식품유형영균택주  근탁주 리식품유형실균택주 m6% 에판율량알분6% 포 포 포이 천동 천동 천동 | ：（47.927% （47.927% 当（7.927% 0 이 | ,주산),입국, 기(국산,주산), 입국,모 미국산,주산),입국,모 국,효포 이 | 스페(감미료,페닐알라함유), 스페(김미료,페닐알라함유), 보단품 | 카린나트륨(감미료) 니(감미료) 카린나트륨(감미로) 밀함유 밀함유 밀함유 | 시일까지 기상단표시일까지 가상단표시일까지 9 | 6400  서한 곳에 보관 피하고서늘한 곳에 보관 피하고서늘한 곳에 보관 9 우기 | #01399 01399 | ,기에 손상이나 치매를 ,기역력 손상이나 치매를 | 는기아볶을입니다 | 25:88:1308 25:88：13 | 200ml 200ml 리및콜리식품유형살균탁주 우리젤약결리식품유형살균탁주 에탄올함량알콜분6% 에탄올함량알콜분6% 포천 동 | ，（）7.927% ，（7.927%， 이 이 | 기루(미국산,호주산),입국,모, 가루(미국산,호주산),입국,효모, 터륨이 | 스과담(감미료,페닐알라년함유) 스피(감미료,페닐알라닌함유), | 사카린나트륨(감미료) 사카린나트륨(감미료) 밀함유 밀함유 | 용가상단표시일까지 용기상단표시일까지 | 电201300150833 1031532-6400 0532-6400 품을피하고서늘한 곳에 보관 선을 피하고 서늘한 곳에 보관 우기 | 1% 300150833 ：801390 | 성이    입니 | 이동백트 이동백우"
000441,2025,12,NONE,2025-12-NONE,s1,6개 | 8.25%（卫 85mL×67H(510mL/510kcal) 굴&배 Freezer Pop 아이스주스 얼려먹는 상하로 | 75%（60%） | 2025.12:53
000442,2025,11,30,2025-11-30,s1,및소재지(주동원F&B 수원공장 /경기도 | 21021-15 | •소비기한용기하단 표기일까지포장재질 | 00413 | 후냉장보관하시고 빠른 시일 내에 드세 | 요·이 제품은 소비자 분쟁해결 기준에 | 의거 교환 또는 보상을 받을 수 있습니 | 다·원료에의한 우유둘이나침전이 | 2025.11.30 | 01:26:303A
000443,2026,04,06,2026-04-06,s1,"요이요이 핑크폼 아기상어 | 유기농 쌀과자 초록 | 손개각으로과자를집는 소비기한 | 아이를위한유기농쌀과자 | 2026.04.0616:09A 으미요며 유가능? | 믿을 수 있는 유기농 재료 4,2 | 유기농 쌀로 만들어원재료 안심 | 소근육 운동을 고려한 모양설계 | 손가락으로 집어 스스로 먹을수 있는크기 | 성장에 필요한 영양이 쏙! | 과일의 건강한 단맛을 더해 | 더욱 맛있게! | 요미요미 안심정보공개시스템 | 원재료부터 생산까지 투명한 생산과정공개 | 제품명 요미요미 유기농 쌀과자 초록 식품의 유형 과자 영양정보 L8259 | 사질 (내면) 폴리프로필렌 20060515035126 | 량(유기능량 98%) 유기능(국), 유기농백포도농 보관방법 실온보관 총 내용량당 기준치에대 | (터키산),유기농브로콜리분말(국산) 로릴라 원말, 탄산칼슘 나트륨10mg | 空号229 | 11-9 당59 | 및고장소만매원및구입처 51 지방09 트랜스지방0g | 포화지방09 | 클레스테롤Omg | 2合105mg | 비타민C 15 mg | 으로개인의 필요 | 매일유업(주)"
000444,2026,07,01,2026-07-01,s1,요아요이 유기농 쌀떡빵 | 시금치와 브로콜리 | 믿을 수 있는 유기농 재료 | 异100%别豆！ | 처음과자율 접하는 아이를 위란 구강구조와 식감을 고려한 설계 | 유기농쌀떡삐 입 안에서 녹는 간식 기름에 튀기지 않고 열과 압력으로 만들어 | 용미요미 안심정보 | 공개시스템 | 원재료부터 생산까지 투명한 | 생산과정 공개 | 유기농 요미요미 유기농주스로 | 충분한수분과영양을 | 시금치 | 소비기한 | 유기농 | 브로콜리 2026.07.01 | 영양정보 | 1일영영성분 목보고번호 포장재질(내면) 2006037812332 반품 및 교환장소 판매원및구입처 | Y0mg 보관방법 | 29 원재료명 | 영0g 시금지분말(국산) | 0g | 0
000445,2026,07,17,2026-07-17,s1,가득퍼지는 | 쿠 앤크림의 달콤함! | 쿠키엔크림체 | 코와우유가 만나면 | 진한 | 몸에 좋은 5가지 곡물과 | 고 경양성분단백질은UP! | ↓담류 함량은DOWN! | 단백질 비타민D 칼슘 | 83.ng 8.33μg 283mg | 한 | 영양설계 | 29） | 8420g | 769 23% | 17% | 포장재질폴리에틸렌 | 7제품으로 습기나해충의 영 | 쉬우으로개봉에는 드시 | 건조하고보 | 2026.07. 17 / 15 :40 이제품은  | 11399 | 2025kellggCompany | 홈페이지I ww.kellogg.co.kr | 헬로그홈페이지를 클릭하시면제품에 | （（%）22.000kcal 문의처농성절로급주식회사 소비자상담실
000446,2026,04,11,2026-04-11,s1,2026-04.11n | 나 누국가 HYDRANGEA TEA | 32g0.8gx407H2） | 수국 22% | 꽃샘 수국차
000447,2025,11,22,2025-11-22,s1,늘력보리한 | BLACK BAREEY TEA | 2025. 11. 22
000448,2026,08,20,2026-08-20,s1,"영양정보 | 10mg1%全量17g5% | 48g89%三人0g空胎 | 를 5mg미만 1% 65#2547% | 2026.08.20 8,98"
000449,2026,01,28,2026-01-28,s1,n0 | 28.01.2026 | BB L028K06--- 13:08 | 원매원 | 영양정보
000450,2026,03,11,2026-03-11,s1,쌀 카스테라 건강설 | OrYou | (주)오리온 | http://www.orionworld.com | 소비 2025.09.12/13:18 부터 | 기한 2026.03.11/A 까지 | 카스테라 HACCP | 도경
000451,2026,02,27,2026-02-27,s1,"Calbee | 어니버터칠 | 렇게 만들어져요! | (미국산), 버터 | 신선한생감자! 시아분말아카시아(국신) | 스산 우유대두, 밀,조개류굴 | 소비기한후면표기일까지 | 포장재질 폴리에틸렌(내면) | 제조원해태가루비(주)제 | 강원특별자치도 원주시문막 | 2다. 유통전문판매원해태제과식품 | 서울특별시 용산구 한강대로 72 |  201603834281 | ·직사광선 및 습기찬 곳을 피하여 | 3.신선한기름에 | 제품은 공정거래위원회 고시에 의게 | 상·반품 및교환장소 본사및 구입 | 은 토마토,계란,계새우왜 | 아,호두조개홍합포험 | 류를 사용한 제품과제조시 | 반식!하고달콤한~ 의 일부분이니 안심하고C | 영양정보 허니버터집을 즐겨보세요! 녹색 가루는 파슬리입니다. 모2 | 25.08.28 F2 19:31 | 26.02.27 外x A1 매콤달 | 수 있습니다."
000452,2026,03,25,2026-03-25,hires,양뚜딸받 | 베모리 개한 | 고래법 | 내방 볶용양남1P 4 | 타피l) 놀고래(엔롤진) 꽃게(여보게) 복어(요리보과) 거북이(메탈부기) 640 | 소비 2025.07.26/09:45 부터 | 2026.03:25 | 기한 까지 | 가재(십게가재) 망치상어(송망치) 왼동가리(아네모네) 다랑어(따랑해)
000453,2026,01,26,2026-01-26,s1,"유말레이시아산,고을레산 | E카리 어니언 미국산,아스파탐(감미료) (스페인산,아르헨티나산,우크이 양파맛시즈닝(양파분말(양파국) | 100% | emOriginal 제철햇포카칩 生19870415003246 | ·달길,영공,호두 복승아 | 덜햇감지 홍합 포함)혼입가능·제 | 의한 피해보상·고객센터: | 유리온 5700（）1522-4002 온·도가 낮은 곳에 보관 2025 | 리 드세요·부정·불량식 | 1399·外对：家于 | 보이는 겁은 반점은 감자 | 민간감자95 소 실처럼보이는것은 감자 이는 밝은 반점은 파맛 시 | 고충가루이므로?심하고 드 | 영양정보 | 위한 신품종 감자 개발! 30 | 나트륨 95 mg | 3000 16g 5% 34日 | 직접 농가를 방문하여 당류1일미만 1% 28 | 꼽끔한품질체크까지 지방11 | 트랜스지방0 | #438 | 다양한 정보는 콜레스테Omg | OR코드로 단백질28 | 확인할수 있습니다 | 소비 25.08.27 | 26:01:26 부터 | 기한 08:38 C05 까지 8801117760304"
000454,2025,07,15,2025-07-15,s1,T82626.0114 | 2025.0715 | Dongwon | 양반 | 대한민국 좋은원초에 들기름향이 그윽한 | NO. | 양반김 들기름김 | 양반철학 | 재료가살아야 | 맛이산다 | 3 봉
000455,2026,02,10,2026-02-10,s1,2025.08:11(10:46) | 2026.02.10 | luone | 차기르
000456,2025,12,26,2025-12-26,s1,대한민국 全H2025.12.26A | NO.1 양반김 孙至2025.06.27T ngwon | 양반 | 00 명장이 엄선한원초로 잘터지지 않는 | 군김밥김 Roasted Gimbap Laver | √ | 국산김|전장김10 | 100%/22g(75
000457,2026,06,18,2026-06-18,s1,2026.06.18外 김원초가두꺼워부드럽게잘말리고 질기지 않고 바삭한 원균길밥김 | 쟁이가 지도표두번구운김밥김 | 만됩니다. 召 100 %  | 21g (80.kcal) (10매) | y성경식품 SEAWEED(韓国海衣 LAVER)100 %
000458,2026,07,01,2026-07-01,s1,"HAEPYO 해표 LAVER | 2026.07.01弄 | 2025.07.02 30년 전통방식 그대로 | 더고소한김 | 김밥김 | , 20 g(75 kcal) I  10 | 召）100%"
000459,2026,01,19,2026-01-19,s1,"농협 철원오대쌀 떡국 의 국산쌀로만들어쫄지하며 | 0 10 (周150g,13g) | 난곡물 7.29% 99.5% 유통전문 국산원 | 물시골분말 | 426.01.19 2 | 쇠고기 항유 | 루 3.약 2분 후 내용물을 골고루 저어주시고 맛있게 드세요 알큼에 민감하니 한또는 보상법 | *부정-불량 | 습니다. | 163390kcal | 元202%/内21g4%#00 | 0gg15%"
000460,2025,12,03,2025-12-03,s1,"종협 | 3년육 | 2025.12.03 | 방순희 | 고 진한 풍미 용도 | 미역국,콩나물국, 김치찌개,육개장 등한우의 깊은 맛과 | 사용하여 채소의 깔끔한 맛이 필요한 각종 국물볶음, 조림 요리 등에 사용하세요 | 있습니다. 보관방법 | 고온다습,직사광선을 피하여 건조하고서늘한 곳에 | 깔끔한 맛 ※개봉한 후 밀봉하시면 이물 등의 혼업과 | 사용방법 | 의 비법 재료! | 분말이 | 여줍니다. 간을 맞추시는 것이 좋습니다 | 내용량 1 kg | 식품유형 복합조미식품"
000461,2026,11,28,2026-11-28,s1,농협 한식된장 식품유형 | 품질유지기한별 | （CH100%，）43.5% | ）13.8% 대두함유 | 영월농협가공사업소 강원특별자치도 영월군 북면원 | 유통전문판매원농협식품(서울시마포구 신로66 | 보관방법 | 011399 | 2026.11.28 8801448531253
000462,2027,05,27,2027-05-27,s1,백설 육수에는1분링 멀치가득 국내산 박지락 | 1분량'이란? 연출이미지 |  맛있는 육수를 내는데 필요한 | 핵심 재료를 한 알에 | 가운데를 원형으로 높어 바지락멀치92% | 조리방법(1인분 기준) 3 | 量300~350ml ） 끌는물에1분링을 1분링으로완성한 | 끝여줍니다. 국물을 우려줍니다. 시작해보세요 | 2027.05.27 H26 A2 | 80g | 영양정보
000463,2027,02,01,2027-02-01,s1,"열림 달함 | 닫힘 | 영양정보 제품명 백설 소불고기양팀 | 설 식품유형 소스(실제품) 씨제이제일제당(주)충청남도 500g 백설 | 제조원 씬산이연부 | 모장재질(내면)응가-유리두껑-폴리염화비널 | 불고기월 탄수 품목보고번호 소비기한하단표기일까지 20020464088-34 소불고> | 일새료명 합간장(아미노산역(탈지대두 | 100% | 조리예 국산배·사과 | 500g 내두,밀함유 | (925 kcall 번품및교환장소 전국판매점 | 고기1 kg용 | 까지 | 2027.02.1 AB6 | 05:31 | 明 13.2 % 暂导"
000464,2026,03,19,2026-03-19,s1,2026.03.1972319812 | 스낵면 들꼬들 읽고 바로먹는 | 62 (285 kcal)x67h | 조리에 | 오뚜기molle 8801045572342 | 57264 | Fay
000465,2027,07,30,2027-07-30,s1,들 누들 | 트남밭로 | 쌀 | OILNAHLNG HNINEINIT 이 기는일 2027/07/30 융 를%이 unev | L31S 이탈 | 5-62是50
000466,2027,06,07,2027-06-07,s1,산모용 놀기 | 좋은원초만을엄선하여위생적으 | 믿고 드실 수 있는 우수한제품입니다. 1209 | Lio号：120g | '가족의 행복을 위한 바른먹거 | 고객을 가족처럼 | (주)두레 F&D | 2027.06.07.X
000467,2025,12,26,2025-12-26,s1,GHANA행복사서함 | 070-4567-5050 | 25.12.26 A2 | 뭐 | 0098006961 건액 | H 눔 | 유 Ko %00L6 | 0 을 %8E68兰%Z1668暑停 %6 0 | 0 % S 6u
000468,2026,04,06,2026-04-06,s1,"4,3 | 킨더조미 | 완구 원신지:배른남 | P10062025 | 06042026"
000469,2026,07,21,2026-07-21,s1,"Yummy Gummies | Evenything in1 pack | it's even more than penfect | Pick up byyour taste  | 2026.07,21"
000470,2026,08,06,2026-08-06,s1,".ORON | 정보 215kcal 식품유형 캔디류내포장재질 플리에 후면 표기일까지(연월.일) | 영등포구 양평로21 | 金封号52 | 알코올 3g 물엇,설탕,D-소비톨액(감미료 | 스지방0g 라틴,산도조절제2종,펙틴,혼합제제(트 | 지방0g 0% 아세틴,합성향료,주정,정산,정제수 프로를 렌글리콜),향료2종,기타식용유지가공 | 테롤Omg 0% 기농축액,오지농축액,분말한 천 치저 | 청색소,유화제2종,블랙캐롯농축역 | 돼지고기도 | 들아,땅콩,닭고기,오 품목보고번호 20110484438 | 갈,최고기혼입 가능 고객지원센터 | 법에 의한 피해노상 | 김상점및 | 관·부정·불량 | 이삼키지않도록 주하 | 품이 고온에 약하 | C이하에서 직 26.08.06D | 후빨리드십시오"
000471,2027,01,08,2027-01-08,s1,뜯는곳 | 2오기옛날자 | 판매원 | 01个号607-12 | 를 전남 환도군 완도읍 | 농공단지5길 | 하단 표시일까지 | 2027.01.08F3.058
000472,2026,01,17,2026-01-17,s1,거지 곡 | 위영양식 | /210g | (779.1kcal) | 13.19 | 2026 01.17
000473,2026,03,01,2026-03-01,hires,1 좋디 | 2 2봉지데! | 25%30 | 325keall | 1005 고소함이 가득! | 75g 보리니 | 9405 미 현미 | 2026.03.01 달 경향 함쌀 목문 수수 | 56% 목수수 | 부두서리테 | 20 | 160g 号：1211530 | 0당 지방랜스지방포화지방콜레스테롤단백질 | 당류 32 % / ( 0% 16% )/160g(694kca | 8% 20% 0g 5r 0.ng 9g | 18g 11g | 9 | 준이므로 개인의필요 량에따라 다를 | 000 | 2026.05 F07
000474,2026,06,26,2026-06-26,rot90,8 | 26.06.26 리셔스
000475,2030,07,26,2030-07-26,det5,BEST BEFORE | 30/07/26B19 | 5069870 930249 8-2-0345-22 125-4 | 2
000476,2026,07,06,2026-07-06,s1,7ried | Hard | 1.650 깨소지 | 참개 양 | 원사동 검께* | 깨투 | 2026.07.06
000477,2026,07,21,2026-07-21,s1,"사광선을 피하여 온도,습도가 낮은 | 에 보관해 주시고 개봉 후 가급적 | 협연기도 성 린드십시오. | 청포도 비자기본법에의한 피해 술아,우유,대두,돼지고기,딸= | 통중변질품은 구입 상점 | 서항상교환해드립니다. | ()울시 지 줍는 고운마음, 안버리는바 | EN13宝188 주시청원구 오창읍 영양정보 총 내용량 | 폴리프로필렌 595kcal | 2L710415034748 내용량당 1일 영영정분 기치에 대원 비을 | 후면 문기일까지(연 월,일) 나트륨20mg | 설탕물였청프도농액 149g 46% | 1.94%（号68%）, 异121g 121% | 조절세!산도조정제향료, 디방09 | 향료 전문,손합제제(정제 트랜스지방 0g | 수,치자청색소심황색소프 포화지방09 | 로디),혼합식용유 클레스테를0mg 0% | 번이 삼키지 않도록 주의하세요. 난백질0g 0% | 빈봉지가 나오는 경우가 있으나 | 중량에는 차이가 없습니다. | 연고객지원센터 | 롯웰푸드 080-024-6060 | /od.com 880106200952 | 2026.07.21"
000478,2026,06,11,2026-06-11,clahe,4.800 | 인:방통 | 26.06.11 A
000479,2026,05,22,2026-05-22,s1,CW청우 | ROLL TYPE 소비기한 | COOKIES | EUROPEAN 2026. 05. 22 | REMIUM COOKIES 까지 | MARENGO
000480,2026,07,21,2026-07-21,s1,"026.07.21 보리가4.5% 함은 | ZERO | 미료(아세설탐칼륨,수크람로스 연양갱 | Red Dean Pasre Jell | 식품 | 교환장소구입상점 | 취시설사를일으킬수 | 30'C 이하에서 낮은 습도로 보관 | 정상 표면에 기포가 발생할 수 | 정보 | 300g（50g | 12（50g）95k | 33g | 유5g | 20g | 0% | 지방0g | 09 0% 1802259021360 | 0mg | 2% | （）200kca | 인의 요 리다를 수 있습니다. | 2026.06.04 | 롯데웰푸드"
000481,2026,03,09,2026-03-09,s1,EXP 2026.03.09
000482,NONE,NONE,NONE,NONE,fail,"어종 2026 국 분 | ) | 码费：15419487447） 보트:1등하는 주비분의국주세주) 电：154-9487447) 국수세구 이류 국수 | NC NC NCI NCI TIO | 일-한 공당국물에 줄 한 변량 1~한 공탕국물에 골.한 면발 로방국불에 을 있한 받든 곰탕국물에 놀 한 면발 FRIE FRIE FRIE FRIEN 장면 | 이터 어운움를프Y 내 3 10 0 | <> | N국분 1 B- 요T또 00뚜 리 조리예 면수 국수 면국수 微线：15419467447 154144RA47 | 2025. 202-21427 14까진 3-한 곰당국물에콜시한 면발 1-한 콤탕국물에 놀한 면발 딸기루 50% 는 0 ㅇㅇ NCNTIO NCNTg 3 양일아 | V프주 Va68 꿀끔는물에 믿는들에 끓는물에 FRIED FRIED | 조리에 조리예 조리예 분OK 4분O0K 4분OK 부OK 데드호오 | <조리방법> | 93.5g(80g.=13.5g/340kcal) | 제품명 피공당면 쌀국수 식품의 유 2097 | )충남 황성군 천읍 담산길30 | ON 1(변성전분,덱스트린,타피오카전분 | 이정제소골 | 라까러 #185g340kcal 국수 면국수 | 꿀는물에 꿀는물에 | 조리예 조리예 4분OK 4분OK | 조 조리 리 방법 | 8 | 93.5g(80g.=13.5g/340kcal) 93.5g(80g.4=13.5g/340kcal) e 바 3 미미 9 100° 100风早 열고 스프를 개봉하여 면위에 골고루 뿌 C)을 용기의 안쪽 표시선까지 부어출 스프를 개봉하여 면위에 골고루 뿌릭니 % | C 껑 9 닫은 후 4분간 기다린 후 잘 처에 드시면 됩니 을후 4분간 기다린 후찰처에드시면됩 | 곰탕면 쌀국수 식품의 유형 건번 조 209-7 | 03195别F2:告 2013047302216/F2202407203195230 30 | 미국산),전분(9 면불가루(웰외국산),밀가루(밀:호주산,미국산),전분(밀전분:호주산),혼합제제(변성전분,택스트린),타피오카전분 현성전분,덱스트린),타피오카전분 | 린지방산에스터 744 수(국산),천일염 8803660-882 88030601082441 | 도네시아 자경화원(정제가공유지(외국산:인도네시아,말레이시아,필리핀 등),L글루탐산 빨레이시아 영양정보 총 내용량 89359340 kca | ,복합조미식품기,건파(중국산),복합초미식품3사골액 9 | 프본오일SW(정제우지:호주산),설탕,복합조미식 | D"
000483,2027,04,15,2027-04-15,s1,2027.04.15-306743/M
000484,2027,11,14,2027-11-14,s1,EXP:2027.11.14 | 사조대림
000485,2027,09,17,2027-09-17,s1,WUSE 처스 1UST | EXP : 2027-09--17
000486,NONE,NONE,NONE,NONE,fail,"cwpio Pickled Perila Leaves in Soy Sauce | 샘표 4497570 | 2l 리엄마 %6860 | 0지 mpio Pickled Perila Leav | Kosu 표 표 표 표g 부로우므로보판및주의하십오 이미지사진 70g38.9% 이아 이아 27 7 /61 BMEs 9이루지2어 이 Fd 05 마이 우리엄마 %68商0 %68商60 Yl N 샘표 | 70g38.9% 들단부분이 날가로므로개봉,보판및제기시주의하십시오 이미지사진 % 68602 | auad pa거pd c AeaT 리니dd pappd Oic 표8 20 A | anes fos u saea1 éluad papd oidim | 표 2 1w 9이륨스2어 9이루스2어 0 | pones fos ut sayeaj eluad papd oiduss aones ros u saear eluad papd oiduas % 68%c 6 00 % 6-88 书c 6 0 9757-0 149757-0 9"
000487,2027,12,11,2027-12-11,s1,202712.11 | F417:29HP件
000488,2026,02,27,2026-02-27,s1,맛:밤 아무것도 넣지 않은 100% | 소비기한 후면 표기일까지 | 교환장소 구입처 및 대리점 | 보관방법 직사광선을 피하고 실은보관 | 식품 유형 TANGSHAN LYUAN | 제조원 INDUSTRIAL COATD | 씨제이제일제당(주 | 수입판매원 330 | 니라 제조과정시생기는것이니안싱하고 | 드십시오개봉 후에는업게 변질되오니가 | 급적한번에 드십시오·밤을통때로 심키서 | 변질식의 위험이 있으니 주의하시기비습 | 니다.포장지가 파손되어 있는 경우 드시지 | 마십시오·봉지째로는 전자레인지에 넣지 | 마심시오·본 제품은 소비자분정해결기준 | 공양정보 36g/60kcal | 4mg0% 早个型量14g4% | 당류4g4% | 포화지방0g0% 트랜스지장0g | 단백질1g2% | 고객뱅복센터 | 2026.02.2777F
000489,2026,05,08,2026-05-08,s1,"G,40u | 영양정보 | 45mg15%12g | 2026.05.08.11153 F3.7 | 을 교간대드시오 | 원료명돼지고기국산),양파(국산)복은양파[양때국산) | 카놀라유(캐나다산),정제수,당근 마늘,토마토페이스트 양 | 지국물농축액사골역기스 비프역기스생강,우스타스우 | 소비기한상단표시일까지포장재질 플리으로를 | 801045686318 | 2 오]"
000490,2025,11,27,2025-11-27,s1,햇반 | 들까 해반 | 들깨 | 25.11.27
000491,2026,09,19,2026-09-19,s1,"차호차이자오차이 | 치오차이마라상귀소스 | 3,480 | 3,480 | 유추물대두.밀 함유 | 2026.09.19"
000492,2026,03,12,2026-03-12,s1,소비기한: | 2026.03.12  BT2 | 8801037058642 | 까지
000493,2026,06,17,2026-06-17,s1,"잡곡밥 | ×3개입 | 밥엔야채 | 청정원 법&킨 ㄱ가지 녹황색야채가 | VEGETABLE 들뿐 들어있어요! 연출된 조리에 | 맛있는 밥&엔 조리법 199104430292190 | 내포장재질폴리에틸렌 소비기한후면하단표기일까지 | 원재료명 아채베이스[법엔맛립(유당(우유:미국산), 조미참페(볶음 | 참께(외국산),건청경채후레이크, 건양배추후레이크법엔씨즈닝과 | 답].당근후레이크(옥수수전분(옥수수:외국산),당근분말(건당근 | 레이크,클로렐라후레이크,시금치후레이크,건브로클리케일 | 달걀,우유, 대두밀, 조개류(굴 포함) 함유 | 영양정보 24g（8gx37m 128(8g)930kcal | 맛있는 밥게 요리제안 恒喜430mg22%午量5g2 2%弄3g3% | 0.9g2%0g 포화지방 0g G% | 클레스테를5mg 미만 단백질 1g미만2% | （%）2000ca | 개인의 필요 열량에 따라 다를 수 있습니다. | 관시 색상이 절어지거나  수있으니 개를 에는 가능 | 클리 사용하십시오:멘트곡 |  OAEANG | 기한: | 2026.06.17"
000494,2025,06,13,2025-06-13,det5,12개입 | 추침가량분 360g(1.740kcal) | (관리트로#그림0#오에스후기인크림 | 2.780 | 사리 후레쉬베리 | HAITAI 호데 오에스 자연을뚜르게환경을깨곳이 해터롤에서간식자기 | 쿠키앤크림 제조일 2025.06.139 2823.12.120A2 | COORIE·REAM 소비기한
000495,2026,02,19,2026-02-19,s1,2026.02.19/F-2
000496,2027,03,05,2027-03-05,s1,"12.090 | 7.190 | 99%（）862%，14% | 유통진문매원농협식품(주)/서울마포구신촌로6용기( | 208282 | 본제품은공정거래위원회고시소비자분쟁해결의거도는보을수 | 기가,되었 내용물이되었경우드시지시오 | 소비기한: | 2027. 03.05"
000497,2026,08,31,2026-08-31,s1,"청정인 일근 국수 | 2,28 | 26· 08  31가제터"
000498,2026,03,07,2026-03-07,det5,고 | 08 | www. | 2026.03.07 | 21850291259
000499,2026,05,13,2026-05-13,s1,2026.05.13 | 15:58 | 제일제당 | 해찬들 | 갖은 양넘으로 쌈맛을살린 | 1듬의 사계절 쌈장 | 해찬들 | 대한민국 장류 1등
000500,2026,12,17,2026-12-17,s1,KORA H조일A: 2025.06.18 09:16 BG4 | 소비기한: 2026.12.17 | ·의추영및량 그추중국산정 영양정보 500g/100g230kcal | 2450mg13%15%3% | 추국국국신국 加24g4%0g物0g0% | UUPBN-PPEHE- 0mg0%4g7% | 20 | 2399 | 는보상- | 电：202046408-66 | [nabe
000501,2026,02,24,2026-02-24,s1,"도 | paldo 밥은 먹고 다니냐? | ald | 도시락 | DOSHIR | DOSHIRAK SINCE1986 시라 SINCE198 | 26.0 | 26.02.24外|DH F2 :여기까지뜯어주세요 | 끓는물 | 3분 유탕명"" 86 g( |  / 86g (380 kcal) | 스프류중 건김지94%함유 | 김치 도시락86g | 950 | 60"
000502,2026,06,20,2026-06-20,s1,"가자(유탕처리제품) | 광일제과/대구광 | 2026.06.20X 42 | 측면표시일까? | g（±3g（173kc | 1211530 H가루(밀:호주산 | 号30-0899065 올레인유을e) | 영양청보 총내용량 40g 골드말EGAEE 산),d- | 173kcal 유미국신합수 | 총내용광당 1일 영양성분 | 기준치에대한 비을 시력,카제인 | 三零120mg 6% 나트륨,이산화ㅠ | 수물 30g 9% 방(합성향로)이시 | 당79 7% | 지방ag 8% 공유지( 갈,함수결정 | 트랜스지방 09 시아산)코 | 1.9g 13% | 스테를Omg 널가물:이 | 39 제제국식 | （%2000 바닐리(합 | 의요 량에 따라다수있습니 폴리프로풀 | 量1980016304 | ·직사구"
000503,2026,02,18,2026-02-18,s1,릭옹 | · | LEGEND | paldo | 책다른 즐거용팔도 | PROVE | EAT | KING OF LEGEND | 왕뚱껑 | 먹고 페이커도만나고 왕 뚜껑 | FAKER | 프로케이어페이커 26.02.18外YF：F1 | 8801128503488 | 끓는물3분 /110g(495 kcal)
000504,2026,02,28,2026-02-28,s1,KING OF LEGENO | palda | 색다른 즐거용망도 | PROVE | EAT | KING OF LEGEND | 페이커도만나고 가왕 수경 | FAKER | 메이커 26.02.283A1F1 | 8801128503235
000505,2026,03,02,2026-03-02,s1,복작복작 | paldo | PROVE | EAT 편의점용 | KING OF LEGEND | 왕뚜껑 | 먹고 페이커 도만나고 왕 뚜껑 | FAKER | 프로게이머페이커 26.03.02/90 F1 | 끓는물 3분 /110g（495kcal）
000506,2026,06,18,2026-06-18,s1,HAITAI | 커피와 | 함께하는즐거움 | 이벤트 모하고 | 제주 돈가자! | 아가는 | 우리들의 | 제종 2025.06.19 부터 | 2026.06. 18. C1 마지 과자(유처리제 151
000507,2026,05,19,2026-05-19,s1,"식품유형 과자 내포장재질 폴리프로필렌 | 글리시톨액(감미료)향료3종,주정, | 고객지원센터 25. 08.20 16:53 부터 | 26.05.19 84 까지"
000508,2026,08,25,2026-08-25,s1,3801062870455 | 센터 | 부담 6060 26.08.25 17:14 까지 | ellfood.com
000509,2026,09,01,2026-09-01,s1,3 | 소비기한: G소리 | 25.09.02<20:46) 부터 | 26.09.014A13 | 까지
000510,2026,09,03,2026-09-03,s1,"건조양파,치즈분말,바질,오레가노,흑후추 | 62.1%（5Brix） | 토마토 대두우 밀쇠고기.닭고기, 조가 쿠굴함유 | 대포장자질 용기-유리,뚜껑-철,폴리염화비닐 | 및교환장소고객상담실 및 구입처 | 류 땅콩,게,새우,아황산류,오징어,돼지고기,조개류홍합 | 포함 성분 혼입 가능.,서늘하고 건조한 곳에 보관,개봉 후에는 | 냉장보관하여도 변질우려가 있으니 가급적 한번에 사용 | 본 제품은 소비자기본법에 의거 교환 또는 보상. 유리 | 1399 | 0199119 캡:철,라벨:P | s/,dsng.ms/nsp.com F12404 | 20:05 | 2026.09.03 까지"
000511,2026,03,24,2026-03-24,s1,소비 26.03.242 | 기한 13:51125
000512,2026,02,17,2026-02-17,s1,모델명 필스티키 | 50mm [재질:PVC | 202508 | 37175 | 국 한국 ：3） | 의사항:경고!3세 미만의 어린이는 사용일 수없음 | 은 부품을 을 포함하고 있음 | 643-2501 | KC 소비사 ccm | 0-3 | 안전확인 신고확인증번호 공정거래위원회 | CB061L011-2001 | 2026.02.17外 | B42 | 영양정보 30g140kcal 총 내용량 85g | 30 g당 1일 영양성분 기준치에 대한 비율 총 내용량당 | LE喜150mg 8% 430mg 22% | 탄수회술 22g 7% 63g 19% | 다르 5 5% 13g 13%
000513,2026,09,03,2026-09-03,det5,조류 | 2026.09.03A | 255 1521 | 제이피
000514,2026,07,13,2026-07-13,s1,백티브 | 큰후리이 | 소비기한 | 2026.07.13 | 09: 03 | 까지
000515,2026,01,NONE,2026-01-NONE,det5,ERO | 0 | 201045 45 +U 2026.01 | 영양정보 73g/400kcal | 喜280mg14%量44g14%22g22% | 23943%0g11973% | 0mg0%4g7% | 8 18022
000516,2026,07,16,2026-07-16,s1,"업소명 및 소재지 | ·제조업소 FRANCESTLE | CONFECTIONERIES(M) | SDN BHD | ·수입판매업소:롯데쇼핑(주 | 롯데파트 사업본부 /서울특별시 | 二6含）1899-3000 | 원재료명 설탕,밝핵유,아몬드 | 코코아분말,(유청분말,레시틴, | 향료(바닐라향)우유,대두 함유 | 포장재질(내면기뚜껑-폴리에틸렌 | 통-폴리에틸렌테레프탈레이트 | 땅콩,호두 혼입 가능성이 있습 | PC17075 | EXP：16/07/2026"
000517,2026,09,25,2026-09-25,s1,고 개봉 후 가급직 | 0-2002 | 총 내용리50 | Mo kcal | 量40g12% 당류 26926%090% | 0g0% 콜레스 테롤 mg 0% 395 % | EB20.5mg 36% HE2B60.2mg13% | 다. | 26.09.25 R | 까지 | 비닐류 | OTHER
000518,2026,09,14,2026-09-14,s1,26.09.14F2 | EdCH | ZL E
000519,2026,08,10,2026-08-10,s1,받지 | 소비 25.08.11 08146 부터 | 기한 26.08.10 까지
000520,2026,09,15,2026-09-15,s1,부정·불림직품진 지측본사 | 녹아 4·한 입에 삼키지 | 약 반점이생을 수있으나 인체에 두 | 영양정보 香小路52g/125 | LE号20mg1% | 量0mg0%3.46% | (수신자 요금 부담) 롯데웰푸드 | http://www.lottewelfood.com | THER | 2026.09.15A1 까지 88010628730
000521,2026,03,10,2026-03-10,s1,아태 | mall | 해태몰에서간식사기 | 제조일 2025.09.11早E | 소비기한 2026.03.100XC1
000522,2026,02,21,2026-02-21,s1,내포장재질 폴리프로필렌 식품유형 과자 | 25.08.22 06:05 부터 | 26.02.21 H 까지
000523,2026,03,23,2026-03-23,s1,다매품 소비기한 | 2025.09.24对 | 2026.03.23办大 | 까지
000524,2026,06,18,2026-06-18,s1,n strana obalu:/ Minóségét megörzi: | L-169 13:35 | 18/06/2026
000525,2027,09,08,2027-09-08,s1,"포장재질 내면용가-유리,뚜껑-철,폴리염화비닐 | 38%（15% | 한자료명 [딸기 80%(국산),설탕],아미드렉틴,구연산 | 업스명및 (주대상다이브스 | KA 28 | 080-254-6580 | 일행할 수 있으니 냉장보관하시고 빨리드세요 | 혼입가능.용기를가열조리용으로사용불가 | ·소비자분생해결 기준에 의거교환 또는 보상 | 2027.09.08 | 15:33 까지"
000526,2026,07,04,2026-07-04,s2,본 Pos 현대 그래놀라 | 2026.07.04/1462 | Ltd. 30개입 | 100027 | NETWT.1.62kg 버섯 | （54gx30） VONO R PORCINI MUS
000527,2025,10,12,2025-10-12,s1,ost | 2025.10.12办.C.J | M | 통밀로채우는 M EA 로마병사의 힘 | 로만일 | 통밀식빵 | 12 7.5 | PROTEIN 1912 | 고식이섬유
000528,2026,03,11,2026-03-11,s1,BakeHousc | 2026.03.11
000529,2026,01,12,2026-01-12,s1,BBD2026/01/12 | 43170857
000530,2026,06,24,2026-06-24,s1,926.06.24 | 쓸주버리준1%함은 | 젤리스트로우 手2119390
000531,2026,02,28,2026-02-28,s1,과 | samlip 미니꿀약 | 종당 | 옥수수 | 소비기 | 2026.02.28F | 총당
000532,2026,02,28,2026-02-28,s1,초당 | 옥수수 | 페이스트 | 2026.02.28 함유
000533,2026,03,26,2026-03-26,s1,"유의 | ：080-088-1212 | (수신자요금부담) | 옴뚜긴 | moll엔 안전관리인증 | 다있다! HACCP 비닐류 | OTHER | 1200 1400 1600 | 1000 5 6 1800 | 800 1100mg 2000mg | Omg J나트륨 함량 비교 표시L 기준영 | 2026.03.26外 | 2302 B161 | 8""801045""662305"
000534,2027,01,29,2027-01-29,erode5,EP 2027.01.29 | 본 RE | 부8국VEIYS 9 4료국아  | 2고2
000535,2026,02,04,2026-02-04,s1,소비기한 | 2026.02.04 | 까지
000536,2026,01,01,2026-01-01,s1,개입 | 파스타 | 2026.01.01（5B1）（3） | H
000537,2026,05,08,2026-05-08,det5,총내용량 | 영정보 245 | 三7Omg40%量13g | SECRET 9g9 16g30% | RBCTPE 트랜스지방 5g 포화지방Eg 40% | 기가 향신료와 45mg15%12922% | 의와일드하고 | 한맛 %200kca | 개인의 필요 열량에 따라 다를 수 있습니다. | KC | 2026.05.08.11.30 F3. | 까지 | 용시 끌는물이음시 | 10 전0월에품을통재넣고간데워드십시오 | 1000 | 소금 | OTHER | 号20010445055694 | 686318 좋에 | 채로두지마스
000538,2026,02,06,2026-02-06,s1,열밥 | QFR | 2026.02.06TAIB | 오두기와 함퍼 청소년 도박 근절
000539,2027,08,11,2027-08-11,hires,"2027.08.110A | D9:432H13P N2 | 먹세카레약간매운맛 오뚜기 백세카레는 강황 함량을 높에 더 거강하고 | 로즈마리,월계수잎 의 허브를 더해 | OTOKI BEKSE CURRY MEDIUM 풍부한 향과 맛을 즐길 수 있는 카레입니다 | 00000 | （）60g，2（25g）700m（3） | 조리방법1고기,양파,감자,당근을 적당한크기로쌀어오뚜기식용유해갈볶은 마요 | 물을 붓고 재료가 완전히 약을 때까지 꿀입니다 | 카레라이스 2불을약하게한후백세카레를조금씩넣어충분하폴면서꿀인다음 | 밥위에없어내면완성됩니다. | 부본합조미시 탕오뚜기비프분말,효목추출물,변 喜0.53%（"
000540,2025,03,24,2025-03-24,s1,2025.03.24012 | 원주르금최정 축의
000541,2026,03,22,2026-03-22,s1,2026.03.22 | A6240854
000542,2027,07,22,2027-07-22,s1,"업소:품국면 1,120mg 순지에 대한 비울 | 광역시북구 탄수화물79g 56 % | 19,노원로 (노원 2 당류5g 24% | 356-446 5% | 문관매업소 2% | 중구 핑(주)/ 남다 포 | 소공동 콜레스 | 000 단백질65 | 견하던 | 필런 영양성분 기준치에 대한 비을(%) 므로 개인의 필요 열량에 따라 다를수 | :5 | 정제조 | 01 | 두리사 3801354402555 | 이물 | 안전관리인증 | HACCP | 2027.07.22 | 까지"
000543,2020,09,01,2020-09-01,clahe,"도육주의 는 물에 넣고 3분간데워드세요. | 면,갈국수면,우동면 사리 등과 함께 짜장면으로도 세용 | E214-383号星358-7 유내돼시고기,신고기조기류함유 | 시중구충무로장재질내면-폴리프로필렌 | 땅콩 어,게,새우,복숭아,토마토,아항 | 거,교환 또는 보상 가능 | 있으니 주의·포장재 변형,평상,손상 시섭주 | 에주의·직사광선 피해 실온보관·개봉 | 180g150kcal | %당류8g8% | 0.7-g50k | 량에따라 다를? 880100520025 | 2026.00. | OTHER C1 09.20"
000544,2029,06,02,2029-06-02,erode5,1wt ka the | atkin noa | J 2029.06.2 | 나어
000545,2027,07,09,2027-07-09,s1,"브랜드로 | 양조간장 | /식품운형 표시 | 간장 에 탈러이트 | SOYSAVCE | 대두,밀함요 | 프라임 | 139 | 간장 경양정보 500mL/100mL76kcl | Prime 0g 0% 트랜스지방 0g 포화지방0g0% | wed Soy Sauce 量0mg0%6g11% | 카시아꿀 함유 뜨로 개인의 필요 열량에 따라 다를 수 있습니다. | 500ml 품질유지기한: | 2027.07.09"
000546,2026,08,10,2026-08-10,s1,"198504991103 | ：（（（70.8%，29.2%） | 예주,청정원순창발효메주된장,메주된장메주정제소금/중국신)정제수최고기 | 사태역기스(최기주)정제소국신)청양고가루주정,대농축액 마능농축 | 대생주)순창공장:전북특별자치도순창군순창순창로30오리수록색이진해질수 | 소중한 자원 까끗한 환경 101399 C皇.全拉F1242 | ·제조일: 2025.08.11 | 소비기한 2026.08.10 까지 소비자중심"
000547,2026,05,28,2026-05-28,s1,2026.05.28 13:57 | MA5 | 제품명 궁중식 쇠고기볶음고추장 | 식품의 유형 혼합장(살균제품) | 소비기한 후면 상단표기일까지 | 업소명 및 씨제이제일제당(주)/충청남도논산시 | 소재지 1 | 품목보고번호 20020464088-190 | 반품 및 교환장소 전국 판매점 또는 대리점 | [장재지(내면) 파우치/캡-폴리에틸렌
000548,2026,05,26,2026-05-26,s1,NB4 | 2026.05.26 11:29 | 소비기한 | 류오장어 혼입 가능·소비자분장해결기준에 의거 | 방가·제이일(주충청남도논산시 무색퍼트 | P李2216 | ·시용 모분리 | 보고번 | 18248-190 8801007303819
000549,2027,01,16,2027-01-16,s2,"샘표 | 전 그대로! 백숙 상계당 | (백숙용 한마리 아 삼계닭 투아리) | 새미네 육수 팩,물 노.5 L를 | 넣고 강불에서 끊이기 맛있는 국물을 활용하여 | 칼국수나 누륨지죽으로도 | 팔팔 끓으면 뚜껑을 닫고 즐겨보세요! | 약불로 줄여 45분 끓이면 | 맛있는 백숙/삼계탕 완성! 확인 해 보세요 백숙/상계란 메시대 | 소비기한 | 2027.01.16A 09142 | 까지 OTHER | （）199104450779630 | 정제수,백숙용소스[진간장(탈지대두(외국산),설탕,쌍화농축액(작약(국산),천국,당귀,황기 | 중국산),양파분말 대두,밀,닭고기 함유 | 平E号82号 105H2 70 | 매업소 생표식품주식회사/서울특별시 충구 충무로2포장재질|폴리프로필렌 내면 소비자중심 | HACCP | 영양정보 에의거,교환등보상을받으수 있습니다. www,sempio.com | 4100g 고객지원실(요금은 콤표가 부딩나! | 60 kcal | 5异8g8%0g0% | 트랜스지방09"
000550,2026,05,29,2026-05-29,s1,330 | 영양정보 100g155kcal | 1일 영양성분 총 내용량당 1일 영양성보 | 용량당 기준치에 대한 비 기준치에대한 데을 | DE看4581.4mg229% 지방4g | 个时量24.8g 8% 트랜스지방0g | 2.3g 2% 포화지방1.4g | 플렉스테롤20mg 7% 단백질5g 9% | 캡:철 | 라벨:PP 88092985814664 | 소비기한 | 2026.05.29(B) | 까지
000551,2026,12,19,2026-12-19,s1,"알려진 알로에 | ②기법고생기있=하루를위해 √식가전후 가법게 Fro 의보존성을 위해 | ②운동전후 에지 충전을위하 | 평창 또는 손상5 | 지 마십시오. | 됩니다. 온직사광선을 피해 실 | 라임 고클리 드시기 바랍 보관하시고 개봉후반 | 안심하고 드셔도 됩니다. 제품은 소비자 분쟁해 | J0LR한 또는 보상 받을 | 보상. 서부으로 인해 | ·부정·불량식품 신고는 들이 생길수 O나 | 011399 잘 은 | o고객상담실 판매처 및 고객행 | D80-019-9119（） 불량 식품 신고는 국 | 소비자중심 | 4합UPE, P,레미B | https://ww,daesang.com | htps:/ww.jungoneshop.com | 2026.12.19 16:00 까지 CHDPE | 1G3"
000552,2026,09,07,2026-09-07,s1,"을 조리용 순가락을 구분하여 사용하십시오. | sww.daesang.com 분리수거를 생활화합시다. | hps/wjungoneshop.com 소중한 자원,끗한 환경 G12507 | 2026.09.07 | 09:14/15"
000553,2028,10,24,2028-10-24,det5,"식품유형 천연향신료(건조제품) | ·제조업소:(주)신영에프에스 | 업소명 및 소재지 124031-796 | ·유특전문판매업소:롯데쇼평(주) | 是至81（189-3m | 원재료명 를 个100.% 튀르키예산 | 장재질(내면) 꽃 쉬에틸 | 소비기한 면하단 포시일까지 | 품목보고번호 2019038 78548 | 반품 및 교환장소 구입처및판 | ·취급·보관시 주의 일사항:직사광 피하서늘건조한 곳에 보관하십 | 오.본 제품은 소비자 기보법에 따를 소비자분 쟁해결 기준에 의게 교환 되는보 | 땅콩,대두,밀,고등이,게개우,돼지고기,1출아,토마토,아산류효 | 닭고가,쇠고기,오징어,조개루,잣 혼입노성기 있습니다. | 소비기한 2028.10.24 | 까지 OTHIER T"
000554,2027,09,17,2027-09-17,s1,2027.09.17 B | 증정 | GOOOTGGAY
000555,2027,04,16,2027-04-16,s1,Cogking Ti | 각총2리이사동하민다늘 | 고유의풍미를느끼십수 있습니다. | 유리 | 외캡:P/리드:OHBR | 리벨:P | 수측필름:OPS | 소비기한 | 2027.04.16
000556,2026,08,07,2026-08-07,s1,2026.08.07 | 움트리 | n
000557,2026,08,12,2026-08-12,s1,"보세요 | 1.500g号280~300m | 정도 숙성시컵니다. | 2.잘 숙성된 반죽을 조금씩 뜯어 얇게 펴준 후 | 끓는 육수에 넣어 10분간 끊이면 맛있는 | 수제비 반죽 및 요리방법 수제비가 완성됩니다.기호에 따라 호박, | 완성 (4~5인분) 감자 등 야채를 넣어 끊이면 더욱 좋습니다. | 를 만드실 수 있습니다. | 소비기한: FA2 | 266 2026.08.12F1 | 1233279 11:46 A4 | 까지 | 있는장소 | 750g | 100g345kcal | 영양정보 | OTHER | 125398"
000558,2025,05,16,2025-05-16,s1,500g | 용기(포장)재질 용기-폴리에를 데레프탈 | 두껑-폴리프로 렌.폴리에 | 보관시추의사항 직사광선을 피해 실온에 보관등 | 2.꿀은 처온이나 온도변화에의결정이 생길 | 나 이는 벌꿀 내당 의과포화로일나는 자연시 | 상으로 품질에는 이 없습니다.3. 정화된끌은 | 물에용기째로 중을여자연스럽게 게녹이면 됩니 | 号：033-735760 | 엄력 검사를 필한지입니다 | 은공정거래위회고시소비지 분쟁해결 기준에 | ·부정 불량식품신고 01399 | 소분일 | 2Q25.05.16 | 플라스틱 | PET | 랩:PP 외캡:LDPE | 8809017627505 라벨:PP/재활용어려움
000559,2027,04,21,2027-04-21,s1,2027.04-21
000560,2027,07,13,2027-07-13,s1,"[코코넷 오일(인도네시아산! | 원재료명 필리핀산),잠유],카제인, | 제이인산칼륨,제삼인산칼술 | 폴리인산칼륨,유화제1, | 유화제2 우유 함유 | 포장재질 폴리에틸렌 | 동서식품(주)경상남도 | 제조원 창원시 의창구 반계로 40 | 품목보고번호 19860589043-12 | 소비기한 | 2027.07.13 15:26 | 창원C1 장주영 까지 | ·맛과 향미를 오래 보존하고 흡습을 | 방지하기 위해서 병에 옮겨 담아 | 사용하십시오. | ·직사광선을 피하시고 건조한 실온에 | 보관하십시오. | ·유통과정에서 변질된 제품은 대리점 | 또는 지점에서 교환하여 드립니다. | ·이 제품은 소비자기본법에 따른 | 소비자분쟁해결기준에 따라 피해를 | 보상해 드립니다."
000561,2028,08,07,2028-08-07,s1,"포성자찰 리트미널만조건 | 라이네플리에틸렌)Waxim 오리지날 | 1.1 | 100 | 프리마를 넣어 드세요.품질보존을 위하여 사용 | 후 뚜껑을 닫아 건조하고 직사광선을 피한 실온에 | 보관하세요,유통과정에서 변질된 제품은 구입처 | 지점 및 대리점에서 교환하여 드립니다.이 제품은 | 소비자기본법에 따른 소비재분정해결 기준에 따라 | 피해를 보상해 드립니다.·부정,불량식품 신고는 | 11399080-023-9114 | ·MAXIM은 몬델리즈 인터내셔널 그름의 상표이며 | 라이선스 하에 사용됩니다.질소충전 | 소비기한 2028.08.0711:46 | 유 혜 원 인천 B | 까지 | 유리 | 뚜껑;PP 8801037000382 | ///www.dongsuh.co.kr"
000562,2025,12,30,2025-12-30,s1,"BRAZIL CERRADC | BRAZTL 고소한 너트류의 플레이버와 맛을 | 즐기실 수 있습니다. | 2001 e2001 | 이디야 커피연구소의 연구개발 | made by이디야 드림팩토리 | 고객님께 제공합니다. | 기한 2025.12.30 까지 | 13:36 | 05起/200G 10,100"
000563,2026,01,10,2026-01-10,s1,26.01.10 | 1마 | LOF
000564,2026,06,25,2026-06-25,s1,소비기한 | 2026.06.25F01
000565,2025,12,05,2025-12-05,s1,냉장보관/소비기한 | 2025.12.05  | 15:46 F0608 | BK6 | 새콤 쫄깃탱글 면발과 | 쓸면 과일 특제 양념장
000566,2026,09,17,2026-09-17,s1,오른에 구문 | 2026.09.17X | 오튼에 구운 | 고구가탈램이 | sweet pocato | 고구마 말래야
000567,2025,10,29,2025-10-29,s1,25.10.29 까지 | 08:11D | THE 건강한 | 릴비엔나 | 280g | X2 | 특별기획
000568,2026,02,23,2026-02-23,s1,"유유향유 19760263004135 | 21021-15 | ：·0-10℃·9卫 | 이어이므로 잘흔들어드시기 바랍니다.항상냉 | ·용기가 변형,평창,손상되었을 경우 내용물이 변 | 질되었을 가능성이'높으므로 음용하지 마십시오. | ·이 제품은 알류,메밀,땅콩,대두,밀,복숭아,토 | 마토,호두,돼지고기,쇠고기를 사용한 제품과 같 | 은 제조시설에서 제조하고 있습니다. | 2026.02.23 | 21116100 3D"
000569,2025,11,02,2025-11-02,s1,2025.11.02弄 | 13148
000570,2026,05,20,2026-05-20,s1,2026.05.20#지A박테영A | 5 | DOS 
000571,NONE,10,18,NONE-10-18,s1,10ml100/130 | 10.18 11:24 | 까지 F5.L2 | 가장많이 연구 | 세계 | NO.1 | Maeil | 바이오 | P R O B I O T I C | 릴요건
000572,NONE,10,15,NONE-10-15,s1,영양정보 | LI三云 115 mg 6 % 탄수화물89 | 7014% 트랜스지방 0.5 g 마 | 人31mg10% | 다를 수 있습니다. | 홈페이지:www.foodis.com | ILDONG 일동후디스 | 10.1513:56
000573,NONE,NONE,NONE,NONE,fail,국 gx4컵 개입 전을에 | (0.OT-0) | 어어로요 관가형 스어어내요 | 냉장보관 320 g (288kcal / 80g×4) 오늘 하루 으거트 함식 ts 2Z:O1 오늘 하루 요거트 한스준 오늘 하루 요거트 한스푼 오늘 하루 요거트 한스분 오늘 하루 요거트 한스분 속비 속비 기한 한 10.2粥 10.22M 10.22 10.2 10.2 Peach Yogurt 복숭아 오늘 하루 요거트 한스준 | 좋은 좋은 좋은 좋은 음볼 오통 오는 오통 오늘 EY 떠먹는 요거트 떠먹는 요거트 떠먹는 요거트 떠먹는 요거트 떠먹는 요거트 떠먹는 요거트 | GOODTODAY GOOD TODAY GOOD TODAY GOODTDOAY %0.002% 복숭아 복숭아 복숭아 복숭아 복숭아 L여국아기 오늘 하루 요거트 한스분 소비 기한 기한 10.2M | 음류 Peach Yogurt Peach Yogurt Peach Yogurt Poach Yogurt 표가한카여불우특어 10온j 떠먹는 요거트 10.22 | unbod yapad HNbo스 yaped 2 Sonal 소비 (0 OT~0)] 10.2 | GOODTODAY 오는 유산균 프로바이오틱스 8먹마리 복숭아 0우함 오늘 하루 요거트 한스분 기한 | 연출된예 Peach Yogurt JC L어글아기 떠먹는 요거트 음어 도 Xb | 오k 표거후 카여을우특어 | 좋은 MN ZC:OT | GOOD TODAY 320 g (288 kcal/ 80 gx4) 320 g (288kcal/ 0gx42) 320g(288kcal/80gx42) 320g (288kcal/ 80g×4) 320g(288ked/80gX4) 복숭아 프로바이오틱스 프로바이오틱스 프로바이오틱스 프로바이오틱스 8억마리 8억마리 8억마리 8먹마리 8억마리 | 개입 개입 개입 개입 1 냉장보관 냉장보관 냉장보관 받부럼 베속마비볼프로부이오스0m2 6%，0.0142% 6%0.00142% 6%0.0012% 유산균 유산균 유산균 유산균 | gx4법 gx4 gx 4 gx4컵 (0~10℃) (0~10℃) (0~10℃) (0~10℃） | Peach Yogurt 연출된예 연출된 예 연출된 예 연출된 예 | 8억마리 | 320 g (288kcal /80gX4) 프로바이오틱스 | 개입 냉장보관 1 6%0.00142% 유산균 | gx4럽 (0~10℃) | 연출된 예 | 8억마리 | 320g(288kcal/80g×4) 프로바이오틱스 | 개입 냉장보관 유산균 | gx4럽 (0~10℃) %002% | 연출된 예
000574,2026,02,24,2026-02-24,s1,"130mL/95kcal 두생: HDPE | 个站号24g7% 15g15% | 지방09 포화지방0g0% | 0g0% | （%2,000kcal219 | 습니다. | 2026.02.24 | 09:26 ATAB"
000575,NONE,10,14,NONE-10-14,up2x,10.14 13:48 | 00199 PJS | 인스명 | 품유형 우유 김고명 및소재지 | 내용량 750mL 유통기한 | 무항생제 1급A원유
000576,2026,05,21,2026-05-21,s1,2023.08.22 | 2026.05.21 | 생산담당 박 술 이 | 풀무원
000577,2026,04,20,2026-04-20,s1,지퍼를 달아 보관해 | 25.06.1 | 래식 2026.04.20X | DDODC
000578,2026,03,04,2026-03-04,s1,직화 참기름김 | 12봉 | 름김 | ed | HP3 Roasted Seaweec | Seasoned with | Sesame Oil | 2026.03.04外大 450/30
000579,2026,07,10,2026-07-10,s1,EXP:2026/0710 | 191 | 10
000580,2026,02,28,2026-02-28,s1,"ER6 | 2026.02.28B911:27 | 식품유형|과자(유탕처리제품 보관방법 실온보관 | 금),정제잠올레인유(잠올레 | 파래,효모추출물),향신료올레오레진류"
000581,2026,02,25,2026-02-25,s1,·보관방법:직사광신이도 | 소비 2026.02.25/B | 기한 비늘 | OT
000582,2025,01,21,2025-01-21,s1,2025-1.21.까자.F1 | 6 | With
000583,2035,11,23,2035-11-23,up2x,"T3 | 지원지 | E | 35-11.23C 01:35 | 습더글 GS8 | 피이두슬콩 까지 | 제품 | 가슴살/국산),정제수,카놀라유(카놀라유(외국신 | TJT 규소수지),포도당,흑후추분말(흑후추외국산(베 | 시아 등)],안데스소금,혼합제제(정산나트륨 | 고류가공품,혼합제제(폴리인산나트륨,피로인산 | 탄산수소나트륨,향신료조제품1,비타민C .향신 | 1향미증지제 하시로조제포3복합"
000584,2026,07,15,2026-07-15,s1,행복한세상 | 112 | √아동학대 | CROU 우동권리보장원 | 5 | 2025.07.16A 부터 | 2026.07.15 | 까지 | 맛있는 약속
000585,2026,05,16,2026-05-16,det5,"PR | CG | A Golden Pure Indulgence | Cookies Baked Treat GPR In Every Cookies Bite | -CLASSIC- | BUTTER COOKIES | ENTs: Wheat Flour, Vegetable Oil (Palm Oil, Sugar, Butter, Full Cream Mik Powder,R | Flavouring and Raising Agent (Sodium Bicarbonate) (INs 5ooi). ALLERgEN INFoRMA | vheat,milk & soy. Manufactured on eguipment that also processes products that containi | AMuAN: Tepung Gandum, Minyak Sayuran (Minyak Kelapa Sawit), Gula, Mentega, Sert | Kismis Perisa karbonat)(INs500i). MAK | atan yang juga memproses | 트랜스지방0g LE号265mg13% 영양정보 원재료명 제조회사 소재지 업소명 내용량 A Lever (Sodium Végétale (Huile De Palme gué sur des éguipements Bicarbon | S: Harina De Trigo, Aceite | 14g93% 号77g24% *보관방법:직사광선을 피하고 서늘한 곳에 보관 결기준에의거교환 또는보상을 받을 수있습니다. 하고 있습니다.*본 제품은 공정거래위원회 고시 소비자분쟁 해 *본 제품은 계란,너트류를사용한 제품과 같은 제조시설에서 제조 *유전자변형대두포함가능성있음 전지분유,건포도,합성향료(버터향),탄산수소나트륨 밀가루,식물성유지(품유,유화제),설탕,버터12%(우유,정제소금), GLOBAL PREMIUM RESOURCES SDN.BHD 图/O|TEL.051-265-8045 소비기한제품밀면의별도표시일까지 114g (601kcal) 제품명 지피알클래식버터쿠키 nozes. as Permitidos, Levedante romatizante Permitido, Ga che y soja. Fabricado en e Es: Farinha de Trigo, Ole ) Fabricado em eguipame | 콜레스테롤Omg 0% 异24g24% 원산지 반품 및 교환 포장재질 식품유형 | E8g 15% 71929g54% 114g601kcal 초 밀,우유,대두함유 말레이시아 수입원및구입처 u보: | EZP:2026.05.16 | B.NO:CK.BT.AF1124"
000586,2026,03,14,2026-03-14,clahe,2026.03.140지
000587,2026,02,07,2026-02-07,s1,스비기 | 품처 정 분이 있는 경 머리젬 | 제품에 수분 것이니 | 가혹 아니라 제조과정시 생기는' 쉽게 변질되오니 가급 적 한번에 | 위험이 있이 | 삼키시면 질식의 드시지 마십시오 | 파손되어 있는 경우 | 전자레인지에 넣지 마십시오 | 째로는 소비자분쟁해결기춘에 의거 | 제품은 | 니다. | 영양정보 총 내용량 | 三喜10mg1% 28g9% | 당류9g 9% 1.2g2% 랜스 | 포화지방 0g 0% 콜레스테롤0mg0% 단택질 | 필요 열량에 따라 다를 수 있습니다. | 고객행복센터 | 비닐류 소중한의견을기다립니다 | 080-850-1200 | OTHER 1666-5471（号） | 6 cj.co.kr | 2026.02.0777 | H3m0
000588,2025,11,28,2025-11-28,s1,명가 | 50년 전통의 비법을 담은 | 재래김 | 2025.11.28外 JR2 | 1016-7 F3
000589,2026,04,02,2026-04-02,s1,곤장재질(내면) | 100%号 0100% 제조원 |한울동 | 경상북도 영천 | 건강한 먹거리입니다. 품목보고번호 | 맛있는 TIP!조리예 보관방법 | 전자레인지에 10초 정도 돌려서 드시면 | 반품 및 교 | 고객센테 | 10 소비한 | ·본 제품 | 같은 시 | ·본제 | 해결 | 안심하세요! 제품의보온도와기공인자에 따라 있습 | ·본 | 을 | OTHER 801207 120599 | 2026.04.02M10-28 LEO
000590,2025,12,05,2025-12-05,s1,2025.12.05/16:01:02
000591,2026,07,27,2026-07-27,s1,20% 중량 | (자사용기 대비) | 껌 | 지널 | 26.07.27 까지 | 리에틸렌 품목보고번호 19690086003932
000592,2025,03,25,2025-03-25,s1,TUHE50ITEE7096 | KOBKM/DATE D'EMBALLAGE | ATE/ FECHA DE EXPIRACION 26-03-2023 | )/DATE DE LIMITE DE 25/032025 | MATION | /NUMERO DE LOTE E2204401D3085 | APTMM/NUMERO DE LO | JONAL FACTS ECNET1O NEFWEIGHT 30 g/r | TIN | MDS NET AMG6 NETO 1.05oz | 4ES -EE-E | PR/1443/995 17960041231798 | 1200334V01 | ALLI스 KALZWEASRLANGA1064 | BAL-NFDeELAESCOM
000593,2026,07,22,2026-07-22,erode5,LOTTT PEPERO | 26.07.22 00: 13 F2 까지
000594,2026,08,25,2026-08-25,s1,기운내 E 야문국 | 티타임 | 아잔 아지! 에C | from | 2025.08.26E2 표 | 2026.08.25B
000595,2026,05,01,2026-05-01,s1,고소한 현미 | 2026.05.01715:35 동록 | 영앙
000596,2026,08,13,2026-08-13,s1,안전관리인증 | HACCP | 연출된 이미지 입니다. | 부터 | 2026.08.13.81 까지
000597,2026,09,02,2026-09-02,s1,통전용 소비 2025.09.03/17:42 부터 | 기한 2026.09.02 까지
000598,2026,03,09,2026-03-09,s1,"소비기한 측면표기일까지 | HACCP HACCP 인증제품 | 5：2017041515830 | 8801117546519 | 밀,달갈,우유,대두 함유 | 소비 부터 | 25.09.10(09:55) | 의한 피해보상·직사광선을 피해 기한 26.03.09(A)F4 까지 | ）080-023-5700（) | 및 구입한 곳"
000599,2026,09,04,2026-09-04,s1,소비 | 기한 2026.09.04A3. 까지
000600,2026,08,31,2026-08-31,s1,"Bal 2025.09.01 코코아분말 4%, | 2026.08.31F2A | pr슬릿가공"
000601,2026,01,27,2026-01-27,s1,2025.04.28B | 부터 | 2026.01.27 까지 | 맛있는 약속
000602,2026,09,22,2026-09-22,s1,CROWN | 2025.09.23A 부터 | 2026.09.22 까지 | 맛있는 약속
000603,2026,09,24,2026-09-24,s1,"344383 | !달갈,쇠고기 혼입 가능 고객지원센터  | 자기본법에 의한 피해 보상 |  질품은 구입 상점 및 | 항상 교환·부정·불량 | 1399 | 삼키지 않도록 주의 8 ""801062""002542 | 고온에 약하 | 에서 직사광신을 26.09.24B | 보관해주시고 OTHER | 2십시오 | 롯데웰푸드"
000604,2026,09,15,2026-09-15,s1,골레스데일 | 수신 자 요금 부담) 롯데웰푸드 | htk//w.w.lottewelffood.com | 2026.09.15B1 | 까지 880106
000605,2028,07,01,2028-07-01,det5,"시십고리기닭고기.계란,우 | 나곳이,씩브니니.사용 우 포장재는 반드시분리배출하여 주십시오 | 시 소비자 분쟁해결 기준에 의거 교환 또는 보상받으실 수 있습니다.반품 및 교환장소 | 2028.07.01A"
000606,2026,10,01,2026-10-01,rot90,"0보 목 | 050kcal) 120gx5 号：600g 레스햄(멸균제품) 품의 유형: 7 클래식 0묘 | 까지 2026년 10월 01일 표시된 날짜보다 긴 제품만으로 구성될 수 있습니다 하기 소비기한은 내용물 중 짧은 제품 기준이며, 조리예"
000607,2028,06,23,2028-06-23,s1,"(식육통조림/멸균제품) | 목보고번호 20050405003230 | 반품 및 구입처 및 | co.kr) 교환장소 고객만족센터 8801047862673 | 산:미국 | 포솔트(네) 2028.06-23 | 본가공품 | 등),카라기 까지 | (발색제)"
000608,2026,08,13,2026-08-13,det5,BOSMC | 2026.08.1303 | 16:05275
000609,2027,06,11,2027-06-11,s1,출선궤프가 제안하는 | 다양한 레시피를 확인해보세요 | 2027.06.11外 500 | 10:02-02 훈연 | 4%
000610,2026,06,04,2026-06-04,s1,NCE1065 F.1 | 주동 | 기는 2026.06.04 
000611,2026,07,20,2026-07-20,s1,"덴스지방 0g | 포화지방 09 % | 콜레스테롤0mg 0 % | 단백질29 4% | （%200kcal 고객상담실 | >준이므로 개인의 필요 열량에 따라 다를 수 있습니다. 080-019-9119 | (수신자요금부당) | 빈 용있는 깨끗이 분리수거 하여 재활용합시다.소중한 자원,깨끗한 환경 | 소기한 2026.07.20B"
000612,2026,05,07,2026-05-07,s1,"업소명 및 112 | 소재지 ·제조원:(주)동방푸드마스타 | 号105 | 번길70 | 영양정보 | 2026.05.07/A 나트름 | 까지 | 원재료명 정제수,CJ마요소스대두유(대"
000613,2026,05,28,2026-05-28,s1,보관·사용 전 흔들어 주세요. | 2231 | 2026.05.28 | 13:47
000614,2026,03,07,2026-03-07,s1,보비기한 | 2026.03.07A | 16:09
000615,2026,03,24,2026-03-24,s1,드시고 냉장보관 하십시오. | 소비기한 | 2026.03.24A | 까지
000616,2026,09,10,2026-09-10,s1,·반품 및 교환장소:고객상담실 및 구입처 | 제품은 소비자기본법에 의거 교환 또는 보상. | 1399 소비자중심 c | 8고객상담실 080019-9119） | 이미지 사진 | 18:32 | 2026.09.10 까지
000617,2026,07,11,2026-07-11,det5,"하는 향신료 줄기이므로 안심하고 드십시오. 18미질 | 담실 https://www.daesang.com 분리수거를생활화합니다. | 신자요금부담) DAESANG htps://ww.jungoneshop.com 소중한자원,깨한 영경 | ccm 소비기한: 2026. 07. 11. 3 비닐류 × | 자중심 까지 OTHER 00 | 정거래위원회"
000618,2026,08,26,2026-08-26,s1,"V3LH(30g),将32含 | ※ 전자레인지 조리 불가 | 1.号1.5cm 2.팬에 식용유를 넣고 중불에 | 깍뜻 쌀고,대파는 앞게 1분 정도 충분히 예열한 뒤, 3.대파를 넣고 1분간 더 볶다가 두부와 | 소스를 넣고 30초간 꽃이면 완성! | 어슷 썰어주세요 돼지고기를 넣고 2분간 잘 볶아주세요 | 트러은 마파두부 Tip | 홍콩식 마파두부의 소비기한 | 다양한 레시피를 2026.08-26701553 | 확인해보세요 | 소스(살균 품)품목보고번호 199104450779152 소비기한 후면 표시일 | 정제쉬 양피 | 지가장"
000619,2026,09,15,2026-09-15,s1,영영이호 yo170kcal | 号460m3%488% | 0%0% | 콜레스테롤 Omg 0% 2g4% | %2000kcal | 개인의 필요 열량에 따라 다를 수 있습니다. | 11:06 | 2026.09.15 | 까지
000620,2026,07,06,2026-07-06,s1,개통후냉장보관·홍고추씨입자는원료고유의 성분이 | 안심하고 드십시오. | 2026.07.06 | 13:55
000621,2026,08,25,2026-08-25,s1,기준에 의거 교환 보장 또는 | 교환장소제조원및각구입처 | 1399 | 소비기한 | 2026. 08. 25 A F2
000622,2027,01,02,2027-01-02,s1,양파(중)1기 | 남은 국물에 | 700 2 끓기 시작하면 야채와 볶아 드셔도 | 양념을 넣고 센 불에 추가재료를 넣고 면을 따로 삶 | 3분간 끓입니다. 약 5분간 더 끓입니다. 더욱 맛있습! | 신비가한 2027.01.2 | 식품유형 소스(살균제품) 품목보고번호 포리프르픽레반품 1991044507755
000623,2027,03,10,2027-03-10,det5,"기타과남데 매미(국산)3 | 교고추의기스C,감귤류추출물 대두,밀함유 제L-루타산나트륨(*미증전제),전산류 | 2027.03.10 까지 GA | DA6"
000624,2027,06,15,2027-06-15,s1,소비기한 | '제철 재료 | 레의족시피가 2027.06.15 F2 | 궁금하다면? 품질관리자이의성 | Q080-996-777 ：8010
000625,2027,04,01,2027-04-01,s1,"80105""299602 | 소비기한 | 2027.04.01 | D010159 | 유리 고객지원실(요금은 생표가 부담합 | 080-996-7"
000626,2026,07,01,2026-07-01,s1,26.07.01 | H16:20F1
000627,2022,01,08,2022-01-08,erode5,IEROJUKAD | 2022:1:8 | ugarljl | 맛있는 | 약젤리 | 포도
000628,2025,02,03,2025-02-03,det5,25.02.03/1300LF1
000629,2025,09,22,2025-09-22,clahe,마이밀 | 25.09.22까지 LKW21115E447E | 23844 | 0mz
000630,2026,03,31,2026-03-31,s1,"202603.31 | CUTTING POIN | 제품명 검은콩 귀리 호두 두유 포장재질(내면) 폴리프로필렌 | 료명 | 두-미국산,장),탄산칼슘,정제소금(국산)대두,호두,땅콩,잣함유 | 아 별도 표기일까지 | 가공두유(멸균제품) | 2018049104473 | 유통 전문판매원-서울우유협동 | 경기C"
000631,2025,11,15,2025-11-15,s1,개:PP | OTHER | 는 모두 이마트의 상표입니다 N1660 | 노브랜드의 이념과실진 | 25.11.15
000632,2025,12,28,2025-12-28,s1,스브산칼륨(모촌) | 도 안산시 단원구 시화로38(성곡동 | 680-5678 | 구입저 및 판매원 포장재질 내면:폴리에틸렌 | IO°C 이상에서 5분 이상 살균 | 안전관리인증 | 2025. 12. 28 HACCP | N1065
000633,2025,12,24,2025-12-24,s1,"236kcal | 29g 29 % 지방8g 处量34g10% | 랜스지방 0.5g 미만 558379 15 | 印量30mg10%日 단백질 7g | 3 | 열량에 따라 다를 수 있습니다 | 소비기한 | 2025.12,24 | 23128 B3 | 2,580"
000634,2026,02,05,2026-02-05,s1,"011399 | 투,기,사우, | 2026.02.05 | B3 김유나"
000635,2026,02,21,2026-02-21,s1,양정보 245g | 륨8mg 탄수화물 100g527kcal 920% | 류24 24% 27g50% | 프랜스지부 Og1 | 클레스테 4mg1%E6g1 | 1일 영양성분 天量（%）2.000kcal | 개인의 필요 | 2025.08.22早 | 2026.02.21 맛있는 약속 | 못말리는
000636,2026,03,09,2026-03-09,s1,투실당 | 2026.03.09 | 한그릇
000637,2026,06,17,2026-06-17,s1,2026.06.1722:37:55L1
000638,2026,06,16,2026-06-16,s1,접재요리 볶음요리 샤브샤브 등 | 실당면 | 2026.06.1606:36:45L1
000639,2026,02,02,2026-02-02,s1,N615 | 소비기한: | 2026.02.02 | 까지 | ±3 | No Brand 쓸깃한 면발과 가쓰오 조미 | 메밀소
000640,2026,02,08,2026-02-08,s1,기한 | 2026.02.08 | 까지
000641,2026,09,02,2026-09-02,s1,2026.09.02 | 까지B | 권장설취량 및 섭취방법 | 영양정보 담아우유를 부어드십시오 | 30g당 | 나트룸 110mg | 탄수화물 269 8% | 당류 139 13% | 지방 1.3g 2% | 트랜스지방 09 | 포화지방 0.7g | 콜레스테를 0mg | 단백질 29 175RAE 25 % 583 | 비타민A 0.3 mg | 비타민81 Q35mg | 비타민 B2 | 나이아신 3.75mgNE | 비타민B6 038mg 25% | 25mg | 275心-TE 25% | 25%
000642,2025,03,01,2025-03-01,det5,2025.03.01 | 껌블 | 400 | 영양정보 100 g 495 kcal | 388 1일 영 오 오 양성 0 분율 | 기씨 100 g  기준치에 대한 비 | 글리 [설 나트륨 150 mg 8% | 탄수화물 65g 20 % | 당류 21g 21% | 지방 23g 43 % | 트랜스지방 0g | L 36%
000643,2026,01,21,2026-01-21,s1,"rand 카국 지석 | O kcal) 202601.21 | 분말스프 중 | 0.6% | 분말스프,건더기스프를 개봉하여 넣은 다음 끊는 물을 | 후 뚜껑을 닫고 2분정도 지난 뒤 잘 저어 드시면 됩 | 의 스프를 첨가하여 나트륨(소금)섭취를 조절하십시오 | /164g（230kca | 캐나다산),변성전분,정제소금(국산),옥수수기름옥 | 아,브라질등),규소수지],혼합제제(산도조절제,정제 | 94.6% 1399 | 산),정제소금(국산),간장분말에이치비,덕스트린,멀 영양정보 164g230kcal | （22%65%（19% 총내용량당 1일 영양성분 기준치에 대한 비율 | E(중국산),산도조절제-건더기스프:별미튀김6회밀 2.120mg106%号49g15%1g1% | 시아산)],건파(중국산),건당근,건미역,김후레이크 | 밀,대두,계란,새우,쇠고기,우유,아황산류 함유 1.8g3%0g0g0% | 525 0g0%5g9%"
000644,2027,03,11,2027-03-11,s1,커피 #달달한#당충전#홈카페 믹스커피 | 27.03.11 | 16:23
000645,2025,05,13,2025-05-13,s1,"2025-05-13 | LR13303:51 | No Brand | 브랜드가 아니다.소비자다 | 수입원(주)이마트/ | 서울특별시 중구 세종 선 피하고 | 대로7길3기(순환독) ：021380.5678 늘봉 | 소비기한 용기 상단 주시고 개봉후 잘흔들어 | 별도 표시일까지 반드시냉장보관 | (년.월.일순) | 원재료명사과주스 | (사과퓨레,사관농축물), | 포도추스(정제수,폭로 | 당근농축액) | (망고퓨레,"
000646,2027,01,15,2027-01-15,s1,"irapefrui' | ""몽허니 15/01/2027"
000647,2026,08,19,2026-08-19,s1,"2026.08.19 | EROLZERC MOTZEROTR 제품명 스파클링터트 | 식품유형탄산음 | 소비기한경도는 | OLZERC 산,비타민C(영국산 원재료명 정제수 | ZERO 보관방법 B2 JIEIP1869 직 | 제조원 | R | 유통진"
000648,2026,08,25,2026-08-25,erode5,0 | 2026/08/2522
000649,2027,01,07,2027-01-07,clahe,"2027 1 .07까지 | 레 순한맛 ""더 맛있고 질 | 오뚜기백세카레는강황 | <SE CURRY MILD 로즈마리,월계수잎 등을 | （4100g | （7）60g，（25g）7 | 조리방법1.고기,양파,감자,당근을 적당한크7 | 물을붓고재료가완전히의을때까지 | 레라이스 2.불을 약하게한후오뚜기백세카레를 | 밥위에없어내면완성됩니다 | 품목보고번호 20010445055181 소비 | 루(밀:미국산/호주산)덱스트린,카레분12%강"
000650,2026,08,05,2026-08-05,s1,10g18% | 수축필 OTHER | 스티커:PP E페트 | 星128 | 2026.08.050m | 10:49903
000651,2026,06,25,2026-06-25,det5,1SMG | 2026.06.250 | MEHLO
000652,2027,03,31,2027-03-31,s1,"보관하세요·입구 부분에 내용물이궁으면잘안 열릴 준있으니 | 사용 후'잘,닭아 뚜껑을 당아 주세요·보관 중 침전이 생길 수 | 있으나 알룰로스 고유의 성분으로 안심하고 드셔도 | 1399 | ·본 제품은 공정거래 위원회 고시 소비자 분쟁해결기준에 | 의거 교환 또는 보상 받을 수 있습니다. | ）：080023-3399 | 소비기한 | 2027.03.31 -A 까지 | 영양정보 490g100g39kcal | 나트륨 5mg 0%지방 0g0% | 탄수화물 75g 23% 트랜스지방 0 | 당류 2g2% 포화지방 08 0% | 당알콜 48 콜레스테롤 omg 0% | 量62g 단백질 0g0% | 개인의 필요 열량에 따라 다를 수 있습니다."
000653,2027,01,19,2027-01-19,s1,제조번호 C08474B | 사용기한: 2027.01.19
000654,2028,07,02,2028-07-02,s1,[미액리품)보피순면거버내추일 | Unlab | 2028.07.02个 | 250703Gb05298
000655,2026,08,27,2026-08-27,s1,영양정보 100g568k | 恒县60mg34%号33g10%号16g16 | 클레스를 Omg 0% 19g35% | 준이로 개인의 필요 열량에 따라 다를 '수 있습니다. | 소비기 | 2026.08.27 B252 F2
000656,2026,09,04,2026-09-04,s1,총 내용량 40g | 115kcal | 1일 영양성분 | 기준치에 대한 비율 | ng 38% | 3% | 10% | 5% | Dongwon OTHER | 8% | mg 22% | 12g 22% | 叫（%）号2.000kcal | 따라 다를 수 있습니다 8801047183655 | 2026.09.04 4 HJC
000657,2026,07,27,2026-07-27,s1,렌스지방 8g | 화지방 19 4% 11 | 스테를 1e mg 3% 89 | 질 50 7% 24 | 2026.07.27
000658,2026,01,16,2026-01-16,s1,2026.01.16617
000659,2026,08,24,2026-08-24,s1,Flavor | SWEET! | 2026.08.24 | 까지 | 804433 103688 | MADE IN KOREA | 소비자 안전관리인증 | 중심 HACCP
000660,2026,02,28,2026-02-28,s1,니다. | 영양정보 | 나트륨 150mg 8% 지방 19g | 35% | 탄수화물 100g 31% 트랜스지방 og | 당류 33g 33% 포화지방 14g93% | 콜레스테롤 15 mg 5% 단백질 6g 11% | 2026.02.28B20:35 | 기한 까지 | 801728 108830 | MADE IN KOREA | 안전관리인증
000661,2026,04,17,2026-04-17,s1,SNEFI! | 영양정보 140g615kcal | 三号200mg 10% 지방 | 탄수화물 93g29% 24g44% | 트랜스지방 0.5g미만 | 당류 48g48% | 콜레스테롤20mg 7% 단백질 | 7g13% | 2026.04.17A10:04 | 소비 | 기한 | 38017281108748 | HACCP
000662,2026,03,11,2026-03-11,s1,"화지방 15g | 레스테롤 1mg | 난백질 3g | 일영양성분 기준 치에 대한 비율(%)은 2,0 | /준이므로 개안의 필요 열량에 따라 다를수 | 소비기한 | 2026.03.11外 | 까지 | ©SAIVIG."
000663,2026,02,10,2026-02-10,s1,25.09.11 부터 | 26.02.10 까지 | 20:20 A04
000664,2026,02,20,2026-02-20,s1,"유지를위해 질소충전 포장을 하였습니다. OTHER | 전관리인증 | CCP | 801043""044400 | 2026.02.20 | 영양정보 350kcal | 号480mg24% 탄수화물 47g15% | 당류6g6% 16g30% | 지방 09 14.4g8% | 5mg미만 1% 단백2 | 있습니다"
000665,2026,03,25,2026-03-25,s1,고환 제조원 및 구입처 나트륨 제용량당 1일 영양성분기준 에 대한내 | 직사광선을 피하여 건조하고 탄수화물 | 서늘한 곳에 실온보관 당류 26g | 사용한 제품과 같은 제조시설에서 제조 은 알레르기 발생 가능성이 있는 토마토 트랜스지방 20g | 포화지방 0g | 니다.개봉시 포장재 절단면이 날카 콜레스테롤 | !으니 주의하세요 45mg15% | 죽은 공정거래위원회 고시 소비자분쟁 3g5% | 에의거 교환 또는 보상받을 수 있습니다. 기준이므로 개인의 필요 열량에 따라 대를 수 있습다. | 139 | 의 신선도를 유지하기 위해 넣은 선도 | 는 드시지 마십시오 | 2026.03.25
000666,2025,08,01,2025-08-01,det5,LOTTE | 801062893546 | 25:08.01 A 까지
000667,2026,06,22,2026-06-22,s1,HACCP | 식품의약품인전처 | 2025.09.23 | 부터 | 2026.06.22 | 까지 맛있는 약속
000668,2026,04,30,2026-04-30,s1,소비기한 | 2026.4.30 영9 | A5203270510 | 성향료(바
000669,2026,09,02,2026-09-02,s1,SALTINE' CRACKERS | 2025.09.03 | 2026.09.02 까지 | 맛있는 약속
000670,2024,12,09,2024-12-09,hires,릿이 통째로 | L | 6 부터 | 9 12 24F | 까지
000671,2026,03,31,2026-03-31,s1,소비 2025.10.01/17:15 부터 | 기한 2026.03.31/A 까지 | 입니다 http://www.orionworld.com
000672,2026,02,08,2026-02-08,s1,"포화시호3 | 클래스테롤10mg | 단백질5g | 객지원센터 080-024-6060 비닐류 | 자요금부담 | OTHER | 801062""641826 | 26:02.08F4C3 | 까지 | 품질관리하에 제조되었습니다."
000673,2026,06,02,2026-06-02,erode5,"선울피허 서늘한 | 충이받생합수있 | 현상으로 안심하 | 관하서고 유료 | 2계란 메밀 땅콩 고등 | 토마토 아황산류,호두 | 굴,전복,혼함포함),잣 | 에서 제조하고 있습니다 | 고시 소비자분쟁해결기준 | 실수 있습니다 | 134 | 2026.06.02"
000674,2026,06,02,2026-06-02,s1,연미 BIo | 귀리 Oats | 백미 White | 난소화성밀 | 단백질11 | 희원 1（190g7 | 소비 26.06.02 | 기한 | LT5 까지
000675,2028,06,03,2028-06-03,s1,사골육수 음의 갚고담이 | CRL523B 11:01 | 03-06-2028 | % BYOC %060兰
000676,2026,06,10,2026-06-10,s1,2026.06.1004:46:1311
000677,2027,08,17,2027-08-17,s1,조리 | 2027.08.17 4분 | e 까지 | 수#멸치국수#비빙국수 | 800kcal)
000678,2026,07,24,2026-07-24,s1,"명반나트륨), 정제소금,가수문 | 옥수수,밀),탄산나트륨,향소 | 말, s 효모추출물, 변성전분,5'리 | 티드이나트륨, 물,카라멜색소|,초산 | 추추출물 밀,우유,대두,토 | 폴리에틸렌(내포장) 원 | LONE | N1409 는 모두 이마트의 | 노ECY과실천 | 2026.7.24 | J210"
000679,2027,09,17,2027-09-17,s1,주의사항 하십시오. 당전을 피하지고 실온에 보관 | 제조원 연암율금로 42/ | 080）225-1383 | 전문 | （号）/（02）380-5678 | 번호 20090449018240 | 및 교환처:구입처 및 제조원 | 소비기한 | 2027.09.17 까지 | 804645 006746
000680,2025,10,15,2025-10-15,s1,비닐류 | OTHER | 인민관4인중 | HACCP | 8 809117 021739 | 소비기한 | 2025.10.15 까지
000681,2026,01,09,2026-01-09,s1,2026.01.0911:25 V2 | 게 맛있는 운
000682,2026,01,25,2026-01-25,s2,2026.01.25 12:42mlW1 | 그부드러운 갈
000683,2026,03,11,2026-03-11,s1,Korean Style Beef Soup | 2026.03.11A | 00105 090406 | 까지
000684,2026,03,23,2026-03-23,s1,2026.03.23 | 03815 193648 | 까지
000685,2026,05,28,2026-05-28,s1,2026.05.28B | 001261322 | 까지 | STE | 탕 우려내
000686,2025,10,03,2025-10-03,s2,우려가 있으니 섭취 시 주의하시기 바랍니다.-실조 | -조리방법:중간불에서 가열 조리 후 섭취 | 영양정보 | 나트륨 600mg30% 탄수화물 | 4.9 | 引量40mg13% 단백 | 1（%）2000kcal0 | 81809148793278 | 제조일자 소비기한 | 2025.10.032025.10.127 | 반품 및 교환처:구입처 및 제조원
000687,2025,10,17,2025-10-17,s1,개봉시 원 | 용도 | 냉 | 100% | 식품유형:포장육 |   803000317683 | 20251017 까지 한 | HACCP 비닐류 | 냉장보관 OTHER OTHER | 라벨:PP
000688,2025,11,10,2025-11-10,s1,gs | 이미지 사진 | 소비기한: 2025.11.10 까지 | 년한계란
000689,2025,10,27,2025-10-27,s1,영양정 | 1일 영양성분 | 총 내용량당 기준치에 대한 비를 | 三云660mg 33% ulbel | 탈수화물 8g 2% | 당류4g 4% | 11g 20% | 표지방 3.4g 23% | 콜레스테롤 50mg 17% | 단백질 12g 22% | 열량에 따라 다를 수 있습니다. | 고객행복센터 080-850-1200 | 소중한 의견을 기다립니다 1666-5471（号） | 25.10.27B
000690,2025,10,11,2025-10-11,s1,메가피자불고기버 | 2025.10.08.01人早 | 2025.10.11.22人 | 880106892402222211 | 号/1/FC35 | Y표
000691,2026,09,22,2026-09-22,s1,GAERS | HKIERS T | SNIGKERS | 자뉴' | 25.09.23/07:31 부터 | 까지 | 26.09.22/F3 | 갱 Milka | 연.양 연 양캠
000692,2026,08,21,2026-08-21,s1,"9 | OTEIN BAR | 1 단백질 | 호리온 | 유성 | 우유,땅 | 26.08.21B | name"
000693,2026,09,01,2026-09-01,s1,"BCAA 2,000mg | 닥터유 프로 단백질바 크런치 70 | 온)닥터유PRO단백 | W2.700 | un | 애너지바기 Post 16 | 25.09.02/04:33 부터 | 26.09.01/F3 까지 | Ghama | Mika"
000694,2026,09,01,2026-09-01,erode5,보인 기기 | 제속개통합 정법품 | SUSTAINADLE CACO | 26.09.01 A3
000695,2027,09,09,2027-09-09,clahe,03 2027.09.09 | 05132 F3.2 | 까지 | 리
000696,2025,10,28,2025-10-28,s1,"오.-조로 작후는 거용물이 뜨거우니 섭취 시 주의 | 뜨거운 들기 수 있으니 주의하십시오.-간혹 | 주의 주십시오.-제품의 특성상 고기의 | 류,호두,오칭어,초개류(굴,전복,홍합),잣을' | I서 제조하고 있습니다.'-부정·불량식품 | 2025.10.28人"
000697,2025,10,07,2025-10-07,s1,2025.10.0715 1파지B3S | 6ZM
000698,NONE,10,12,NONE-10-12,s1,"10.12 R1435 | 낮아진 | 당 함량 20%00WN 12 | *식약처 평균값 대비 | CHU아상컵당,아연함"
000699,2025,09,NONE,2025-09-NONE,fail,"50 豆腐 0묘 5 | 차 차 09드 콘즈,와사비 미 포함 0리러 809720 금 모찌리 차모찌리도 차모찌리도 모찌리도 모찌리도 9 2025 모찌리 금 5표 | 있2A 2025 2025 2025 2025 202510 822525 37 차모찌리 모찌리 N 2is | 이 809720 809720 809720 809720 809720 더리더 822525 822525 822525 822525 822525 | 콘즈,와사비 미 포림 몬즈,와사비미 포함 몬즈,와사비 미 포함 몬즈,와사비 미 포함 폰즈,와사비 미 포함 | 의1과 백김 에탄구견 판료 위리레 원품명위인/정류 | 2025 2025 | mmm | 8 809720 809720 822525 822525 | 몬즈,와사비미 포함 몬즈,와사비 미 포함 | 정품1고 탄단강"
000700,2025,10,24,2025-10-24,s1,0뚝 | 표 | 2025.10.24.F3 | -
000701,2025,10,05,2025-10-05,s1,25.10.05 | 300 원
000702,2025,10,09,2025-10-09,s1,미 | 25.10.09办.B2.F2
000703,2026,01,25,2026-01-25,s1,흔들어 | 소비기한 드세요! | 2026.01.25 16:468 | 부담 없이 맛있는 초코우유
000704,2026,07,29,2026-07-29,s1,"나T,리 | 안심하고 드십시오. | ：080-024-2311 | 2026.07.29 9까지 | 16:11"
000705,2026,06,29,2026-06-29,s1, 실은에 과시고개봉 후는잘밀통여냉장보만 하신시오 | 특성상 분리상이 발생될 수있으나제층는 이상이 없니 | 고드서도될 다·사용 직전층분히흐들에세사용하시기바랍 개봉 | 卫检08090-333 냉장보문 | 소색기한 | 2026.06.29外 | 김상규 B
000706,2026,03,11,2026-03-11,s1,를 열고 스프를 꺼낸 후 (2) 불고기맛 스프의 양을 | 먹기 알맞게 부습니다. 기호에 맞게 넣습니다 | 2026.03.11外 | 0235B081 | 8801045560038 | 영양정보 | LIE号810mg 41% 탄수
000707,2026,08,19,2026-08-19,s1,2026.08.19B
000708,2025,09,18,2025-09-18,s1,2025.09.18外 | 6B2喜4
000709,2025,10,14,2025-10-14,s1,제일제방 | 행복 특한 모 | 샐러드처럼 가볍게 즐기세요! 오리엔탈 드 | 25.10.14 MR10 | 조리에
000710,2025,10,14,2025-10-14,s1,16종의스티커와 2025.10.14.F3 더블황치즈 아메리간쿠- | 저당 1.9g
000711,2025,10,09,2025-10-09,s1,간 년 연중무휴 국밥 | 얼콘 순살감자탕 ㅇ밥 | 소비el | 2025.10.09 | 까지 | OTHER | 809011 836361
000712,2025,11,20,2025-11-20,s1,"새로 비버먹는 햄계란 | Unbe 케찬반 | 연출된 예 | 소비기한 | 2025.11.20 | 까지 | 809011 836736 | 4,900 원 | 중앙닭강정)오리지널떡볶이 | 809267021634"
000713,2025,10,23,2025-10-23,s1,민:다이닝 | 일식끝판왕 장호준 세프의 | 일본식함박커리 & | 소비기한 | 2025.10.23 | 까지 | OTHER | 8809056561815
000714,2026,03,12,2026-03-12,s1,"소비기한 (일,월, 년) KF | 12.3.2026"
000715,2026,06,26,2026-06-26,det5,영양정보 242N | 비닐류 L三130mg7% 日个站量34g10%日弄20020% 60% | 지방10g 19% 트랜스지방 0g 포화지방9 | THER 콜레스테롤 Omg 0% 단백질 AC 7% | EXP:26/06/2026
000716,2025,11,07,2025-11-07,s1,억어도 꿀맷 | 2025/11/07B1 | 영양정보 | 총내용량 당 1일영양성분기준지 | 나트륨 72mg
000717,2025,10,12,2025-10-12,det5,2025 10.12 0% | Maeil | 에 | Enjoy Yogurt
000718,2026,01,17,2026-01-17,s1,2026.01.17 | 제품명 | AMYANG 원료명
000719,2026,04,04,2026-04-04,s1,2026.04.04 | 10277101:57LJH | 흔들어 드세요! Shake it!
000720,2026,02,28,2026-02-28,s1,F2H16:37 | 2026.02.28 | B-GLUCAN | 700mg | 놀라운 맛을 위해 흔들어 주세요 | 어메이징 오트 오리지널
000721,2026,12,17,2026-12-17,s1,GS23 | 2026.12.17 | 핫초코 | ORIGINAL | 하나. | 네덜란드와 인도네시아산 코코아 | 울더로 더욱 진하고 달콤한 맛 | 따뜻한 물만 있으면 남녀노소 누구나 | 좋아하는 깊은 풍미의 핫초코 | 스틱 포장으로 언제 어디서나 | 즐길 수 있는 간편함 | 영양정보 200g(20gX10） | 1(20g）85kcal | L三喜50mg3% 全量量16g5%号11g11%
000722,2026,08,01,2026-08-01,det5,26.08.1 | .0804
000723,NONE,NONE,NONE,NONE,fail,Y IY | 진스일바 | 상단의 량 22 | BT 26 | 0 90 | 26 26.050 | 상단의 량는 기오필법 상단의 링는피오일입니는 상단의 량는 피오벌입니나 상단의 량는 오캘입니니 상단의 량 보콜 입니 | 제조원 제조원퇴 제조원 제조원롯레 제조웨데 22 | 상단의 량 기보늘법 상단의 량는 니오필입니 나1 | 제조원 제조원제질 제질성
000724,2026,05,20,2026-05-20,s1,<c25헤택가 | 26.05.20外13:49
000725,2026,04,16,2026-04-16,s1,26.04.16까지 09:20
000726,2026,09,16,2026-09-16,det5,2026.09.1604 | 18:58NC-1
000727,2026,06,22,2026-06-22,det5,"간편하게 들유세요! | EASY CUT | RKK4T | 2026.06.22.03: 50 F3.8 까지 | 사골로만 고아 | 준) | 하고 맛있게 | ,쇠고기미역국 | 전자레인지이용시 | 5분 전자레인지용 용기에 부은 | 号700W"
000728,2026,06,24,2026-06-24,s1,2026.06.24
000729,2026,01,07,2026-01-07,s1,1장국 | 소비기한 | 2026.01.07 | 04:55 | 3A] 까지 | 사골 육수와 들기름으로 | 맛을 낸 구수한 국물 | 한 번 볶아내 | 고소한 황태 | 두부를 더해 | 부드러운 식감 | 태듬뿐해장국 조리방법
000730,2026,02,26,2026-02-26,det5,2026.02.26  | + 9
000731,2026,03,08,2026-03-08,det5,2026.03.08Am | Q21A50090336
000732,2025,03,15,2025-03-15,det5,2025.03.1534
000733,2026,03,24,2026-03-24,s2,2026.03.240244604 | 모든 날이 빛날거마
000734,2025,10,28,2025-10-28,s1,080-855-55257GSTHEFRESH080-345-T700 | 총내용 | 3% 1g0.2% 당류 0 | 4g 7% 트랜스지방 0 g 포화지방2.5 | mg 5% 6g11% 196m | 리얼프라이스는 가격과 품질의 합리적 | 809117 022323 | 2025.10.28！
000735,2027,01,12,2027-01-12,s1,"영양정보 | 0g0%量0mg0%0g0% | 00：485g | ·식품유형·당류가공품·소비기한·별도표기일까지 | ：201404874877（ | 비을배당체,나한과추출분말(중국산)·포장재질·응기- | 폴리에틸렌테레프탈레이트,뚜껑-폴리프로필렌 | 2027.01.12.H | 개봉 후 벌레 등이 들어가 오염될 수 있으므로, | 사용후 뚜껑을닫아 서늘한곳에 보관하세요. | 있으니,사용후잘 닦아뚜껑을닫아주세요. | 보관중침전이생길수있나,알로스 | 02-6747-2300"
000736,2025,12,17,2025-12-17,s1,품명 오/늘/은 말차 식품유형 고형차 | 중량 100g | 장재질 폴리에틸렌 품목보고번호 200906311472 | 원및 판매원 | 소비자 상담실 064-787-2254www.onulun.com | 장 주의사항 직사광선을 피하고 건냉한 곳에 보관하십시오. | 기한:제품의 별도표기일까지 | 2025.12.17
000737,2026,03,04,2026-03-04,s1,내용량 | 소비기한 | 에리스리 | ：202302811574 | ：032-873-2272 | 139 | 서늘한 곳에 보관하세요.보관 중 침전물이 생길 수 있나알스 | 있으니사용 후잘닦아주세요. | HACCP sugar | FREE | 809668 040258 | 12026.03.04 까지
000738,2026,02,12,2026-02-12,s1,100%) Best before | 모비기한 | 2026.02.12（B） | 구매처 | 땅콩 09:27:05 | 함유 *개봉 후빠른 시일내에 섭취해주세요! | 908 유리 공식편체와 슈페너츠 | 460g 파인하세요! 다양한 해택를 | 품질 보증이 불가합니다. | lool- HACCP | Reanuts
000739,2024,08,07,2024-08-07,s1,"EA4 | 2023.08.08 | 2024.08.0711:00外 | 대두,밀, 조개류바지락 함유 | 9일 | ：1991045804787 08-850-100/166-5471/.c | 영양정보 450g5kcal | 4三号4.070mg204% 号 17g5% 당류 8g 8% 7g13% | g1.1g7%mg0% 13g24% | 따라 다를 수 있습니다."
000740,2026,07,23,2026-07-23,s1,2026.07.23 | 커 | The PlantEat 본 제품은 더플랜잇의 데이터 기반 | 푸드테크가 적용되었습니다 | 자 영양정보 45g | 200kcal | 리에틸렌(내면) 총 내용량당 1일 영양성분 | 기준치에 대한 비율 | 13% | LIE号265mg 10% | 탄수화물 31 g 10%
000741,2025,12,03,2025-12-03,s1,Pulmuone 25.08.04研 제주 | 25.12.03开 | 햇마늘 | 무원 햇 국산 | 다진마
000742,2026,05,01,2026-05-01,s2,2026.05.01217L001087 | 88:34 2号ERC17S
000743,2026,11,16,2026-11-16,s1,"1544-4307 지물배농장, 강원도 홍천군 내 238182告 4원 (주)컨비니,서울특별시 강 립돌배(국내산)60%,유기농 R조일로부터 24개월 2018041201011 500ml 병에 컨비니 돌배발효액 | 이나 | 2026.11.16 | 유리"
000744,2027,08,18,2027-08-18,s1,"290g2010037817447 | 원재료명 ）100% | 제조원 슬로패밀리 경기도 양평군 단월면 | 922-8/031-774-5714 | 보관방법 실온보관,개봉 후 냉장보관 | 음용법 원액과 음용수를1:8또는기호에맞게 | 금공법 희석해서 다양한 음료로 드십시오 | 포장재질 용기(유리),뚜껑(PS), 속마개(HDPE) | 반품 및 교환 구입처 또는 본사 | 202708.18 뚜껑:PS | 속마개:HDPE | 본 제품은 공정거래위원회고시 소비자피해보상 | 규정에 의거 교환 또는 보상받으실 수 있습니다."
000745,2026,01,10,2026-01-10,s1,-° | 체다 고다 | 모짜렐라| 크림치 | 540Kcal60%25% | 소비. 26.01.10T1 까지 | 기한
000746,2026,06,23,2026-06-23,s1,2026.06.23
000747,2026,06,22,2026-06-22,s1,"섭취시설사를일으킬수있으며,용기는가열조리용으로사용불기가합니다 | ※뚜껑을 처음 열때 뱅소리'가 나야 정상제품입니다. | 소비기한 | 2026.06.22 | 16:59 까지"
000748,2027,01,22,2027-01-22,s1,"100%EH 고추장 우리쌀 | 소비기한 2027.01.22 14:25 8""8"
000749,2026,01,21,2026-01-21,erode5,2026.01217A/A31 | 의 맛을 살린 | 엉국 | dPollock Soup | [10 g(32 kcal)X5 ] MUJLBI
000750,2026,01,06,2026-01-06,s1,"조미유를 잘 비벼 분 더 끊입니다. 조리법 소하고 진한 게리 | 3""801043""015226 | 2026.01.06外X | 2090143 | 800 볶음요리에→ 올리브와 | 1100m 1000 1200 1400 기준이므로 개인의 필요 열량에 때 1일 영양성분 기준치에대한 11g20%162 8g53% 7g7%20037 L号1,100mg55% 영양정도 나소스 등의 재료로 많이지 서양에서는 샐러드요리나 니다.특히,다른 식물성 수전년 동안 인류에게 애용되 | 아게"
000751,2025,05,08,2025-05-08,s1,8고객상담실 | 80019-9119） | 플라리스틱 | DAESANG ne | 활용합시다. 소비자실 OTHER | https://www.daesang.com | 한 환경 https://www.jungoneshop.com | 2025.05.08 | 11:05 까지
000752,2026,07,09,2026-07-09,s1,"mg,제날레프린영산염(P)-10m로 -50 | 니라민레산염(P)-25m,인무 | 量P）300mg风：全理 | →트르산나트륨수물,시트르산수화를물,오연 | 19, | 1수 프락토올리고당,프로필런글리콜[성생) 미황 | 연노랑)의 투명한 액제[효능·효과 감기 제장상 | (여러 증상)][곳물,코막힘, 재채기,인휘목구멍통 | 기침,가래,오한춤고떨리는증상),발열,두통, | 전통,근육통]의 완화 | 제조번호/사용기한(연,월.일) | 20460/26.07.09"
000753,2020,01,04,2020-01-04,hires,"까지 | 202E 2 | 더 맛있고 질 녹 | 카레약간매운맛 오뚜기백세카레는 강황 함 | SI BEKSE CURRY MEDIUM 로즈마리,월계수잎등을 | 가까지습니다 | 목보고번호 밥위에없어내면완성됩니다. | 밀:미국산/호주산) 200104 | L 182 소비기한 | 이시아 민,웨두그릭,웨널 로즈 덱스트린 고시 号12%31.9"
000754,2026,05,24,2026-05-24,s1,"2%1.2%  정제소금(해수:국산 손쉬운 앱빙구시다 요리법 | 아레르기 대두,밀 의 개등 각종 요리시 | 먼저간 | 기전끝는 물에 | 닭고기최 | 사용한 제품과 같 마 아황산류,  | 의사항 분쟁해결기에거 본 제품은 공정거 위 | 대해 교환 및 환불 해드니다 | 직사광선을 피하고서늘한 곳에보관하여주십시오. | 관방법 | 033-462-5050 /www.bukseorak.com | 2객센터 | orwer pendingo your cals . | 8809093047273 OTHER +1213747775www.wltarusa.om | 소비기한(BEST BEFORE) | 2026.05.24开"
000755,2026,04,30,2026-04-30,s1,wink Chupd | Chips | 1+1 | 소비기한 | 2026.4.30 영양정보 | B5202270517 | 제품명 카라파키 산리오캐릭터즈 초콜릿 내용 | 식품유형 초콜릿가공품소비기한별도표기일까지(연월. | 수입원
000756,2027,02,24,2027-02-24,s1,0 g | 0g | 0g 0% | 콜레스테롤 0mg 0% | 단백질 0 0% | 2027.02.24 | H26 까지 | 비닐류
000757,NONE,10,22,NONE-10-22,s1,고단백 | 고단백 2 | 12 2+1 | 2+7 .1600 | 소비기한 10.22 F1 V3JB1 까지 | 여는곳 | youus | 춘식이우유 | 1등급 원유 바나나
000758,2026,03,11,2026-03-11,s1,2026.03.11 까지 | A23:05 | 신다게 흔들고! 단백질 충전!
000759,2026,05,14,2026-05-14,s1,"자몽항하 | 마색소안토시아닌! | 물할있으다 | 뒤집었다가 드십시오, 제품에 | 미늄 뚜 개봉시주의 본 제품은 | 2과또는 상받을 수있습니다. | 2026/05/14 | 10:48 G | LAB1047-3"
000760,NONE,11,20,NONE-11-20,det5,"11.20 R13 53 | 제품명 요플레 오리지널 목보고번호 | 낮아진 내자보과,0 업소명및소재지(주)기에경5 10C | 당함량 | 20%DOWN"
000761,NONE,11,11,NONE-11-11,clahe,022-0056 콜레스테롤30m | 기로배출 영양성 | 11.110PF1 | FCJI1.T
000762,2026,08,02,2026-08-02,s1,itter Cookies 크 버터쿠키 리스 élice | 1000 | 20260802 | 바삭한 식감 CRISP. | 풍부한 BUT
000763,NONE,11,12,NONE-11-12,clahe,"倍240mL195kcal 240mL195kcal 위해 | 798%27g27% 원유78%,메론 | 4.5g30% | 6g11% 농추과줍(고형분 | 수있습니다 2.000kca 65%)0.1% | 11.12 05.AIF | EPCS"
000764,2023,12,NONE,2023-12-NONE,erode3,CoTYA 0 | 00 | 2023.12 | 달콤한 두유 | 지밀
000765,2025,11,21,2025-11-21,erode5,2025.11.21
000766,2024,09,26,2024-09-26,s1,Best before/Batch: | 24 09 26 0218 | L5175G2 087431 | Shake well before serving.Once | opened keep inthe tidge and | consume within 3 days
000767,2026,08,01,2026-08-01,up2x,COCO | ZERO | 2026.08.1
000768,2026,06,26,2026-06-26,det5,20260626 | 2 0
000769,2026,12,10,2026-12-10,s1,EAP:2026.12.10 00FIF11
000770,NONE,NONE,NONE,NONE,fail,"94-2030 HEWd1E 10% | 0 2OE/ | 72아/ 7R | FNDMH ON.JOT | LOTNO, LOTINO. EWOVJEE HEWOVSER HEWdV5EB 015567 | 9412030 9412039 | LOTINO. LOTINO, HEWDN5EE HEWO15E5 | 제조 제조 9412030 Q412030 | EXPORYDATE EXPIRYDATE | 사용 사용기"
000771,2019,11,26,2019-11-26,det5,무설당칸디 | 오로리징의 딸기스다 | 밀디 | 2+1 세본APP 12.1-12.31 | 목보관 | 필비일지 | SAM이)한호질법 | .800 2 12000 | 1000 | 19 11 .26 | 5148-20
000772,NONE,12,20,NONE-12-20,s1,"교차 | 매일)두유검은콩 고단백 고단백 정식품)고단백 | 190ml 190ml 12 | 2.800 12 33.200 고단보 | 8801121025710 21.400m 8801033808913 2 1,6002 88010338 | 12.20.10:0747F5 | 유통 기한 까지 Dwz | 후레쉬 감사합니다 향상사랑해 | 서울우유 밀크 | 100%FreshMilk"
000773,NONE,12,10,NONE-12-10,s1,"교차 교차 | 정식품)고단백 고단백 정식품)베지밀 정식 | 190ml 190ml 검은콩두 | 373.200 12: 33.200 3개? | 21.600 21.600 8801033807893 1,6 | 신번말의기준 | 후레수 12.10.14:30 -- 까지 | 까지 크 11.28.14#30 | sh MiK | 신선함의 | 서울우유 기준, | 제조일자 | '내편을 여십시오 확인하세요 | 재활용 일반팩류 | 저지방 분리하지 않으셔도 됩니다. 입구부분은별도로"
000774,2026,02,08,2026-02-08,s1,"연바날라함 (원두:브라질산) 로즈버드 | 말(커피원두 | 절제,잔탄검 화제3 | 천연비 | 설픔칼륨(미료) | 고카페인함유,총카페인 함량78mg 801069422317 | 26.02.08 | 08134.B | 까지"
000775,2025,12,17,2025-12-17,det5,8801121032145 | 25.12.17 에코절취선 | E 시일
000776,2026,01,09,2026-01-09,s1,BARISTA | Rules | 바리스타스 | 2026.01.09 까 | 0453F50
000777,2026,03,NONE,2026-03-NONE,s1,"drate 6g 2% 황색제4호 (우하리재) | Fiber 0g 0% [n l (2b) | gan 5g ·내포장재 두함유 | des 5g Added Sugars 10% 을피하고온도 | 교환장소구입 w4.000 | 위원회고시소비자분성에 | 0% Calcium11mg 0% 교환 또는 보상받을 수있습니다. | Potas. 34mg 0% 139 | vouhow much a nuttient in ：080-215-980（ | 영양정보 132 | 100g559kcal | 1일명당 | LE号42.8mg | 号599 | INCENTRATE, SOY LECITHIN (AN uc, MILK 弄53.69 54% | ), NATURAL AND ARTIFICIAL 33.79 62% | PPERMINT OIL, COLORS ADDED 트랜스지방09 | AKE, BLUE 1 LAKE). 03% | UCT CONTAINS MILK AND SOY. 콜레스테를2mg 19% | 단백질59 9% | K26560-14C23-F | 소비기한: 202603 | ANDES CANDIESI | DVANWI11 | ©TRI, LLC | www.tootsie.com | 10-26560-KORQ1PP"
000778,2026,06,22,2026-06-22,det5,9연세우유 | 샌드 크림(1)등-복) | Biscoff 2026 06 22 C
000779,2026,06,03,2026-06-03,s1,"净000 | 리미티드 | 6),저지방코코아피 무소재지: | 시린,합성향료(바닐린향). 신위면 진위서로63) | 알레르기정보:해이즐넷,우유대두함유 ·판매원:매일유업(주)경기도 | 평택시 진위면 진위서로63 | ：1588-1539 | ·식품유형:과자 반품및교환:구입처 및수입원 | 산환원철,비타인터질산영 비타민B2엽 의거 교환또는 보상 | ·알레르기 정보:밀(글루텐),보리(글루텐) 부정·불량식품 받을 수 있습니다 카 | 신고는국번없이 | 같은 제조시설에서 제조하고 있습니다. | 영양정보 52g267kcal 원산지:캐나다 개봉필름:알루미능 | L三号125mg 6%全量33.5g10% 03062026 | 트랜스지방0g 4.79 L234K07--- 83 15:37 | 量1.6mg1%3.8g | ·소비기한(일-월-년순 까지) | ·냉장보관을하지 마시고. | 10980080005 건조하고서늘한곳에보관"
000780,2026,04,27,2026-04-27,s1,"1:일로 | 이크페 프로핑 | 20 | T-SELEC | HS 19:06 | 2026,04.27 | 흔들어 주세요!"
000781,2026,10,02,2026-10-02,s1,05:12 F5 91 | 2026.10.02
000782,NONE,12,19,NONE-12-19,s1,12.19 D1758 | 오플레 | 00배 | 캔슈
000783,2025,12,21,2025-12-21,s1,저지방/딸기 ACTIVA | 25.12.21A15sU20
000784,2031,05,22,2031-05-22,det5,92 | 20310522 | 1455F | 2
000785,2026,10,15,2026-10-15,det5,0 026.10.15 OPEN | 11:34 F9 | G | COLD | BREW | F
000786,NONE,12,17,NONE-12-17,det5,"司 | 향(성증) 12.05. 12.17.1307 01 5 까지 OdE2 | 신선함의 기준, | 제조일자를확인하세요 | 서울우유 서울우우"
000787,2026,04,09,2026-04-09,s1,국산원 | K | 소비기한 까지 | 2026.04.09 09:05 | 서울우유 저지방
000788,NONE,01,21,NONE-01-21,clahe,0빙그레 | 아나나맛 | 우유 | 1.2109F1 | 2FT1L
000789,NONE,12,19,NONE-12-19,s1,2+1 | 2200 2.300 2300 2.300 | Unael | .b | 12.19 D1758 | 오플레
000790,NONE,04,01,NONE-04-01,s1,소비기한 01일까지(년월순) 신고는 국번 | 제조회사 | formance 원재료명 | 0100%の | L 비타민B2우유함유 | 영양정보: 총내용량81g | K 309kcal | EyB2) 1227mg61%g3%69%14g3% 비닐류 | 424mg12%4.617mg PP | < | 11100 | (28) | C 1901550151289 | 4-0141 | A10
000791,2026,06,30,2026-06-30,erode5,26.06.30 21143 C | I'mReal10021号
000792,2026,04,05,2026-04-05,s1,uabel | 1+1 1-1 | ARISI | 2026.04.05 | 1드: 4E D
000793,2026,05,06,2026-05-06,s1,"NRI MAT | 1+1 2+7 2-1 | 1+1 | 양있는 | 매일우유 | F2K 03153 | 2026, 05, 06 | 흔들어드세요 | 언스위트"
000794,2026,10,27,2026-10-27,s1,W2300 | 2026.10.27
000795,NONE,NONE,NONE,NONE,fail,lo SINTAR TOP Endak Fnaak Endak Endak Endol FNOOR | yppu DDU MISH TAESTE SPECAUSTY | DDLE GEATER | 2s /키7 Enak | LEVEL LEVEL3 FVEL 1 SPICY SPICY SRICY SPICY NTAR TOP ONTAR TOP ANTAR TOP ANTAR TOP noor | LEVEL3 | yppu Enoak Enaak Fnoas 방 E 오에스 2에스 | 0 | 18 IGH NTAR TOP NTAR TOP | 50 오에스 오에스
000796,NONE,NONE,NONE,NONE,fail,MISH TASTE SPECIAIUST SIANTAR TOP | DDUA DDU3 8 | 3w3) | GERMEY | MBBrg TASTE S dOl IVLN NTAR TOP NTAR TOP Enoo Trcan Fraan | nao P후/ | EM | 6 | ICY YIGH ANTAR TOP NTAR TOP | 4 | GEREY EM
000797,2026,08,25,2026-08-25,s1,IANTAR Tor | MAKANAN RINGAR | NOODLE SNAC | GEMEL | Enaak | 25 08 2025 25 25 08 2026 A1 Eetr | Eat | CHICKEN | FLAVOUR | Time 아있
000798,NONE,12,20,NONE-12-20,s1,43 | 비요 비요 | 24 24 | 12.20 D1539 | 1000m 요플레
000799,NONE,12,20,NONE-12-20,s1,12.20 D1539 | 요플레
000800,2026,08,12,2026-08-12,s1,"데인 - 마일드로스트 | 동서이니카누아입드입 | w3,800 #5.500 ￥5.500 | 농심 참재 | 떡복이 | 이백면안 | 품질유지기한 | 2026.08.12 | 52257848 15:52"
000801,2026,03,25,2026-03-25,s1,2.800 | ARISIA | 2026.03.25 | 01:39 F1 | EST 2016 | ORGANI | 황산류 호두 것을 사용한 제품과 | 있습니다.부정 불량식품신고:국빈 | 125ml | 14%12%1% 00 0% 00 | 유산? 발요액
000802,2026,07,03,2026-07-03,s1,"허니머스타드 | 2001044505534 | 포장재질 용기-폴리에틸렌(내면],뚜껑-폴리에틸렌 | 나다.미국,우크라이나 등).향미유건조당밀 /벤지식이섬유 잔탄검,겨자분겨자외국산캐 영양정보 100g285kcal 265g | 호소저 향신료 영양화제 대 대두계란함유 三号650mg33%日全量27g8% | @주식회사 오뚜기 异22g22%不19g35% | 号CACNG128 | :일토아토우되지고기고기조개 g4.6g31% | 혼입가능·소비자기본법에 따라 피해 보상· 15mg5%1g2% | 는국이 광선을피해사한 곳에보관개봉후에는 200 | 인의 들요 열에 따라다를 수 있습니다. | 심시오·표준의번호 및 명칭SH20드레싱인증 | 03 | ：080-024-231） 88010451176338 | 소비기한 DN2 | OTHER 2026.07.03 까지 | 09:15"
000803,2026,09,13,2026-09-13,s1,쌀56% | 함유 | Mil | CLASSIC | 2026/09/13 | 입안에서 사르르
000804,2027,09,01,2027-09-01,det5,랜 | 9 | PRD 010925 | 1 EXP 010927
000805,2027,07,NONE,2027-07-NONE,erode5,2027.7WR.+1 | T2641C | 901550-151289 | 2-
000806,2026,10,02,2026-10-02,s1,3 | [nel] | nbe | 3.500 | nbe | 여수너공를글 | 2026 10 02 16:30 2041255 | ASSAM MILK TEA
000807,2026,05,29,2026-05-29,s1,EXP 29/05/2026 | 04:03:39J11 | shake wel/
000808,2026,06,12,2026-06-12,det5,BARISTA 콜드 | 꿀두에스로세콘 | 21 | 2026.06.12 | 2026.06 12 | 미디엄 우유(국내산)35% 2스트커
000809,2026,08,30,2026-08-30,det5,7 3500 | 지피 | 2026.08.30 | 래소(4상양패키장과 광혜원공장 | )빙그레 경기도
000810,2026,03,31,2026-03-31,s1,26.03.31 | B/1020 | 10 | nl분
000811,2026,03,31,2026-03-31,s1,26.03.31 | B/1020 | の元，1未满の乳见 | C5UD. Nl
000812,2026,05,29,2026-05-29,s1,Hel Hej! Im Im | Real Real | 100 100 | 2.1 101 | EXP 29/05/2026 | 04:03:39J11 | Best B | shake wel/
000813,2026,08,24,2026-08-24,s1,"手外 | Cte ge i e | nlel | 9연세우유 | W4OC0 | 110g(580kcal) | iscoff.com 을 참조해주세요 | s Bakeries Belgie, | at52,9971Lembeke, | -에서 생산하였습니다. 2026 08 24 FS | Best before"
000814,2026,06,22,2026-06-22,erode5,로인매우유 | 드 | 이6 | g | NL00C | coff. 2026 06 22 CR
000815,2026,06,22,2026-06-22,erode5,2026 06 22 C
000816,2026,10,09,2026-10-09,erode5,2026.10.09F48 | EASY %UT | JELL | HE 젤리 RVEL | 블리 | Apple Shine
000817,NONE,NONE,NONE,NONE,fail,V3 | UE CDCD 모지E E이트방 내HOE로 테이b 데Ue가또법 2ZE 7TE 2지 모TE 본NE 테이터 테이라l 데아트롯 | BEE:NTY 122026 80 43.43 43 43 43 43 43.43 D+:Nra Do: Nratl 데이호방 테이다짜 테이트팩 | 용 9287 Z 4IN:388 기02 1156390825 PRC PRC 모TE 모지E 몬지E 몬지터 | V25132011 V2513201 15639 25 스1개1 E E 42513201 15639 0825 12513281 15639 8035 15639 9877N:338 | 0 | BBE:NIY 2 2826 BEE:N1Y22826 EE：NTY招2826 BBEN12826 5380 68951 10281574 43.43 43.43 43.43 | CO CD | EVG 9ME DBd | REOR EFNOH ) | 0 0 0 | 0 % 2513201 15639 0025 156390825 | EBE:N112826 BEE：NT拉2826
000818,2026,05,12,2026-05-12,erode3,42513201 15639 0825 | BBE.MAY 12 2026
000819,2026,05,18,2026-05-18,s2,2+1 2+1 | w5.000 | 2.800. 2.800. b | 1마 | 김치 | BEST BEFORE: 18.05.2026 | MI1882IB 23:14:23G1 | (x%EZ) | LOLLS09/ | CYTIW | e | 6w 009 | 00 | %Z7 J
000820,2026,05,18,2026-05-18,det5,6 2300 | 2300 | J'empeoug 9El M71882T B23:14:23G1 BEST BEFORE:18.05.2026 | dul'puejeaz Man.Joy | ODV 기ILDVI'NAIONdMIW'(LTE | yju! (uzjaip | papuauuoay | (1g8 %LL) unIpe) | bw 009 bW 06 unjpos | bw0s9 u86 siebns- | 09 ajeipyogue) TVOT WON: VIXVAOTS N 3OVW | pajpinies- | B이  0 0 | 0 | 6biau e LOLLS | 62l | ed dadsbugas | NOIL8LON 9
000821,2026,02,02,2026-02-02,s1,2+12+1 | PEEL HERE | 클김지 | EXF26/02/02FV | 0311 20:28 ab | schoolchoice. | ·수입업소명 및 소재지 함량:부분탈지우유 원산지:미국°내용 ·식품유형:치스
000822,2026,02,02,2026-02-02,det5,2+1 | PEEL HERE | ENF26/02/02FV | 0311 20:28 | chool choice. | ·수입업소명및소까지 함량:부분탈지우유 ·원산지:미국·내용 ·식품유형:치스
000823,2027,02,23,2027-02-23,s1,Using our classic Fr | our Brioche kee | for longer and are sti | thanks to our perre | our in-house sta | that uses wil | 3256540003347 | BBD(YYWY/MMDD): | 2027/02/23 | L25351 마 | 031316:01P
000824,NONE,12,18,NONE-12-18,s1,[Unlabe] | 바나나앗 | 비요며 비요뜨 | 12.18.10:41 F5 까지 | 12.05. 10.41 D1 | 산선함의 기준 | 서울우유 서울우유
000825,2026,06,22,2026-06-22,s1,3320 | 흔들어드세요 | 2026.06.22 17:34 90
000826,2026,06,22,2026-06-22,s1,흔들어드세요 | 2026.0622 17:4 0
000827,2026,08,05,2026-08-05,clahe,"Best Befon | 소비기한(아래8충자) (MYYY/MN,20) | 20260805 | 2 4 | 수입판매업소 （401,14MarsF | 원재료명 아 크초콜릿(설탕,코코아매스,탈지분유,유당,코코아버터,식물성유지3 | ·본제 제품은 공정거래위원 먹든 보상받 Bol | ·소비자상담 상남실 해결기준에의거교 1/일7"
000828,NONE,12,21,NONE-12-21,clahe,"유기맛유 목방3 | Molon Fovored Nilk | 유유기봉후냉보관하거나,25 | STAOTHERN 류※뚜껑은 제거후일반쓰레기로비를 080-022-0056 | 666666660 | 12.2105AIF2 | ENCS"
000829,2026,03,20,2026-03-20,s1,"·0-10 | ·이제품은알류,메밀,땅콩,대두,밀 복숭아,로 | 마토,호두,되지고기,쇠고기를 사용한 제품과 ? | 은 제조시설에서 제조하고 있습니다. | 2026.03.20 | 16:48:463A"
000830,2025,12,20,2025-12-20,s1,DANONe | ACTIVA | 저지방사과 | 25.12.20m 0omo42
000831,2026,07,16,2026-07-16,det5,"2800.15.07.2025 41 | ERF.16.07.2026 | （130C）ACMAS00 제품명:락티마 익스루시브 올리브 8포센(Lactima Exclusive with olives 8portions) on원산지:폴란드 | 24706251727 | ：45%（，，），（）7% | (그린울리브,정제수,정제소금,구연산삼나),딸지분유,구연산삼나트,제상인산나,산성피로인산나 | 피로인산나트,폴리인산나트,우유단백질,유청분말(우유),정제소금,라기단,로커스트컵우유함유 | 영양정보 140g17.5g8）/17.5g（1）40kcal | 里量175mg9%午量1gmp0%异1gp/1%X2.8g5% | 2002 | ：（X：：140g[17.5gx8315kca | 1399 | *이제품은 공정거래위원회 고시소비자분쟁해결기준에 | 의거교환 또는보상받을 수있습니다."
000832,2026,07,16,2026-07-16,det5,"2800.16.07.2025 4Y | ER7.16.07.2026 | （1302）ACTIMASP00 제품명:락티마 의스클루시브 올리브 8포선(Lactima Exclusive with olives 8portions) o원산지:폴란드 | 476251727 | 410）0） | ：美45%（，，，合，型），，（）7% | (그린올리분,정제수,정제소금,구연산삼나),발지분유,구연산삼나트,제상인산나,산성피로인산나 | 피로인산나트,폴리인산나트,우유단백질,유청분말(우유),정제소금,카라기,로커스트검우유함유 | 영양정보 140g（17.5g8）/17.5g（1）40kcal | 量175mg9%+量100P：0%#量1901%X2.8.5% | 1是（%200ca量） | ：（XP：：140g[17.5gx8，315kcal | 139 | *이 제품은공정거래위원회 고시 소비자분쟁해결기준에 | 의거교환 또는보상받을 수있습니다."
000833,2026,04,27,2026-04-27,s1,"인크포 20 | HS19:06 | 2026,04.27 | 흔들어 주세요!"
000834,2026,02,02,2026-02-02,s1,PEEL HERE | E 26/02/02FV | 031120:28 | schoolchoice. | 함량:부분탈지우유(우유) Low-Moist
000835,2026,02,02,2026-02-02,s1,L800 1.700 | PEEL HERE | EXF26/02/02FV | 0311 20:28 | sohooichoice
000836,2026,05,18,2026-05-18,s2,단백 단백 | 20g 20g | BEST BEFORE: 18.05.2026 | M1882T B 23:14:23 G1 | 66 | DN LOLLS09/ | EA | w009 | 601 | 600L | BSL | w08L 4* | H
000837,NONE,NONE,NONE,NONE,fail,"NN 'SAMAZN ITNS ASAAHD MVOAH2 3saaHS umumd PEEL HERE ASAAHD BVOGAHD | /b ) 1sl/ugow1s)]) %)/umgs 3SaA S umund 크RAH T크Ad ER21261K11 Mbtanf rets sineg an.ter talftg/2,g. tias | Premium CHEESE | 지| 부시 Mgr BAH T크Ad Mnd0gatedsg | PFER 2126 EXFFER21261K1F1 EFTEB2126K11 EP EBM2S KM 1 EXFFER2126K1.1 1K1 CHEDDAR CHEESE INCREDIEITS: CHEDA SALT, ENZYMES.AIN | EY | PEEL HERE PEEL HERE PEEL HERE PEEL HERE | CHEDDAR CHEESE CHEDDAR CHEESE CHEDDAR CHEES CHEDDAR CHEESE Premium CHEESE Premium CHEESE Premium CHEESE CHEESE Pron BONGARD BONGARDE | SALT, ENZYMES. INREDIEMTS: CHED lg/보 lhtefet srngil tan.te EAFFER2126K111 EXFTEB2126K111 | PEEL HERE PEEL HERE | CHEDDAR CHEESE CHEDDAR CHEESE Premium CHEESE Premium CHEESE BONGARDS BONGARD | LUIKBLU SALT, ENZYMES,ANN SALT,ENZYMES,ANN NGREDIEITS: CHEDDA INGREDIENTS: CHEODA (nc.0gAdedSugars0%) lond. Og Aded Sugas 0% 0% Sodum18mg.8%M,Tola Tolatg2%sag Bamms. Etl tsa fratas Soinea n"
000838,NONE,NONE,NONE,NONE,fail,"LNO3 3SAAHD immumd ASAAHD MVOQAH | 0%S) D9U9NI ASAAHD MVO(AHS PEEL HERE Premium CHEESE Sodiar TotalF | p3ul 크NAH TAId Inc!.O | mpos 티이 MRUPTN ASaaHS immmd EXPFEB2126 IKT EXPFEB2126I10 EXPFEB21261K16 EXPFEB2126W16 EXPFEL2126K1 971383483 ANAH TAd CHEDDAR CHEESE SALT, INGREE (1S%D | CONTA | 971384X3 | 티리 PEEL HERE PEEL HERE PEEL HERE HERE | 2 CHEDDAR CHEESE CHEDDAR CHEESE CHEDDAR CHEES CHEDDAR CHEESE CHEDDAR CHEESE Premium CHEESE emium CHEESE M CNEESE FONGARDS RONGARD EXPFEB2IZON1 EXPFEB21261K164 | PEELHERE PEEL HERE | CHEDDAR CHEESE CHEDDAR CHEESE Premium CHEESE Premium CHEESE PONGARD ONGARD"
000839,2026,01,03,2026-01-03,s1,SEVEN 건강한 닭이 낳은 | 세븐잠 Farm 신선한 등급 달기 | 품질등급 증량규격 | 왕란 | 특린 세븐잠이 선정한 깨끗한 농장에서 | 등급 대란 정성들여 키운 닭이 낳은 | 소란 신선한 계란입니다. | 축산물품질평가원 | 등급판정일자: 2025.11.26 | 소비기한 2026.01.03 | 000 AAR | TOT TOT | 해척한 환경 세척 실균 검란 선별포장 | 17503 | 식품유형:시요라 O~10‘C 냉장보 | ·축산물” 통과한 신선한 계란입니다.
000840,2026,01,01,2026-01-01,s1,"옥수수 | 3 100 | 제품명 /벽돌모양 레드벨넷 케이크 | 식품유형/빵류 90g（430kcal） | 내포장재/용기:PET,포크:PS,트레이:종이 | 20210363128114 | 6 | 판매원 1333 | 제조원 원 |(취)타르트엔코/경기도 용인시 처인구 모현읍 초부로 | 132-12（TEL031-323-4177） | 소비기한 | 26.01.01 | 80924311176679 | 안안끼"
000841,2025,12,22,2025-12-22,s1,145 | kcal | 이미지예 | ~10°C) 2025.12.22.F3
000842,2026,07,03,2026-07-03,s1,03-07-2026 | L260KBB-J011:09 | 소비기한(일-월-년 순 까지) | FERRERO | ROCHER
000843,2026,06,17,2026-06-17,s1,보상 받을 수 있습니다 | 영양정보 90g562kcal | 나트륨15mg 1% 탄수화물39g 12% | 당류 29g 29% 지방42g 78% | 트랜스지방0g 포화지방 22g 145% | 콜레스테롤9mg 3% 단백질79 13% | 소비기한 | (일-월-년 순 까지) | 17.06.2026 | 203K06UKC | 16:3202 | 3801121044087
000844,2026,07,03,2026-07-03,s1,HRRRO | ROCHER | 2-1 | 03 07 2026 | L260KBB-JO 1109 | 소비기한 (일-월-년 순 까지) | FERRERO | ROCHER
000845,2026,06,17,2026-06-17,s1,29g 29% 지방 | 트랜스지방 09 포화 | 콜레스테롤 9mg 3% 단백 | 소비기한 | (일-월-년 순 까지) | 17.06.2026 | L203K06UKC | 16:3202
000846,2026,05,28,2026-05-28,s1,16:53 28.05.2026 | OPJO4535224 | und vor Warme schutzen. | 10248428 | m수방5 | 비닐류 2Mmg단3 | ANPP 号（2000cal 기이으로 개인의 필요 열량에 따라 라를 수 있습니다.
000847,2026,05,28,2026-05-28,s1,1653 28.05.2026 | OPJ04535224 | und vor Wärme schützen. | 40g190kcal | 원료 110mg%111%815% | 비닐류 44g204mg% | AR전고있습니 2000ca | PP
000848,2026,05,21,2026-05-21,clahe,21 05 2026 | 1218KBBNHX
000849,2026,05,21,2026-05-21,s1,21 05 2026 218KBBNHX POOCEN
000850,2026,08,09,2026-08-09,s1,완구원산지:중국 | L286K11-6 | R13102025 | E09 08 2026 | 스코비 | 초코비
000851,2026,06,30,2026-06-30,s1,246K11-1 | P03092025 | E30062026
000852,2026,08,14,2026-08-14,clahe,104446 | BBE 14.08.26
000853,2026,09,24,2026-09-24,s1,LT | 味26.09.24
000854,2026,09,04,2026-09-04,s1,식품안전관리인증 HACCP 마크란? | HACCP | 식약처에서 위생적이고 안전하다고 | 인증한 식품에만 표기하는 마크입니다 | 801117282301 | 소비 부터 | 기한 2025.11.05/15:11 까지 | 2026.09.04/A-1
000855,2026,08,25,2026-08-25,s1,GEMEL | snaa | 25082026A1 25 08 2025 25 El | HICKEN | AVOUR
000856,2026,06,03,2026-06-03,s1,"경기도 평택싱언웃 | 판매원:매일유업(주)경기도 | 2유,대두 함유 평택시 진위면 진위서로 63 | ：1588-1539 | ·반품 및 교환:구입처 및 수입원 | (밀가루,니코틴 본 제품은 공정거래위원회 고시에 | 염,비타민B2,엽 의거 교환 또는 보상 | 가추출분말,효모. 받을 수 있습니다 | 텐),보리(글루텐) ·부정·불량식품 플라스틱 | 를 사용한 제품과 신고는 국번없이 | 하고 있습니다. 1399 PP | 52g267kcal 원산지:캐나다 개봉필름:알루미늄 | 空量33.5g10% | 13.1g 24% 03062026 | 4.7g31% L234K07---83 15:37 | 3.8g 7% | (%)2.000kcal | 량에 따라 다를 수 있습니다. | ·소비기한(일-월-년 순 까지) | ·냉장보관을 하지 마시고, | 80005 건조하고 서늘한 곳에 보관"
000857,2025,01,28,2025-01-28,s1,"ACETO BALSAMICO | DIMODENAIG | Certificato da Organismo | 식품위생법에 의한 한글표시 | ·제품명:모데나발사믹식초 | 14 | Giuseppe Cremonini VFoschie | Modena, tly)·유동기한:제품 뒷면하단 별도 | （）250m | ：6%75.99% | （100%）23%（100%） | 1%0.01% | 무수아황산함유 | ·원산지:이탈리아 | ·용기재질:유리 | ·뚜껑내부:폴리에틸렌 | ·뚜껑외부:알미늄반품교환장소:구입처 및 판매처 | 초산균이 자연적으로 명어리져생긴 마더오브비니거로 | 걸러내서서섭취하시면 됩니다.본제품은 소비자 피해 | 보상규정에 의거 교환 및 보상을 받을 수 있습니다. | 본 제품은 이태리에서 포장까지 마친 원제품으로 | 2025/01/28 | 산도:6% 유리 | 250ml | 8007150901968"
000858,2021,10,NONE,2021-10-NONE,clahe,9 | 2021/10 | Ro1 88 | 0 7:00
000859,NONE,NONE,NONE,NONE,fail,2상 2상 1298 | 09ecrl 1398 | CRT4 | PZ | 0 | 2 ·R84 3 0 | 6 7 8 9 | 0
000860,2022,07,23,2022-07-23,s2,sgararang Bupo | Hnmase -COI | Ea Aose It.Jar.B.ane | hestour dam and sunigts Store in aoyour-fe pao/Corsener daes unendrt tetr de la chalaur | cantains lard andits dervaves /Aucun de nos poduits ne cantient pes ar saindour ou dadifs/ | 0227472840-01001641646-01005400549 | Tavsiye edlan tiketim tanhi(TEt)ve partinumarasi ambalajn izenindedir. | e.Tuciye Best before date see on the package | isletmeKayitNo:TR-41-K-001282 Parti Sen No Batch No | Cesit No/ Sote-Nr Ner Agritk /Netto Gewicht Product Date / Best Before Uretim Tarihi/TETT | 0g Ref No/ Kind No HOMDD H BAB Soort nummer Pards Net Ner Weighr tayas | babgmbos No/ Namero de Articulo Temo / Netto gewicht | (03 VRSTA BR Nr Speciment ulgo fembs / Peso Neto GIDA SAN Ve TIC.AS | 29 AOIB NETO TEZINA.Grcutaten Od/Yyroboe/Prolivodac LOT:233 | 9 Kadapd Bapos  Cobze Organlze Sanay. han Dede Cd 0 ak No2 BEST BEFORE | Oebz8 /KOcaall/TURKEY 23.07.2022 | TO52620466713(POX) | FaX-0.2626410680-90 | kg www.layas. com tr | 690997 156297 2000)70.550z | BOXNO:B056291 | numh.nnboaaahawysiby
000861,2022,07,23,2022-07-23,s2,"ar SesNo Bach | Pradust Dale Best Betoeu | tayas | LOT:232 | BEST EEFORE | s2kg 23,07.2022 | 8690997156297 BOYMOB05629 (2000)70.55OZ | mumf.mpb)oa.aafw ysiy"
000862,NONE,NONE,NONE,NONE,fail,9 | Aoorsocaner  prseronoo ant k Aconsommer de préférence avant le / A consommer de préférence avant le/ Aconsommer de préférence avant le / 당9라L :1au spiod | Best before / E Best before/ Best before / A consommer de préférence avant le / FR FR FR FR | Corts. pirerxe koo te s tes 08l Consumir preferentemente antes del/ Consumir preferentemente antes del/ Consumir preferentemente antes del/ Best before / 35-239-001 35-239-001 35-239-001 35-239-001) | Aooem de pretainxe ankoodr A consumir de preferéncia antes de : A consumir de preferéncia antes de : A consumir de preferéncia antes de : Consumir preferentemente antes del/ 김루음류마:필류 CE CE CE 35-239-001 FR | 30 PE0P PROD PECP EXP EXP ExP aa:10.2L-. PR0n a9.10.2939 19 S:18:8809 A consumir de preferéncia antes de : #线：18:859 编线:18:8889 :18:로 :ap sajue ejouajajaud ap junsuoo y CE | 89 UN) PROD EXP 필로 18:믿므로 /ajjag isaa /ep sajue ajueuajuajajald junsuo | MEAE /ep sejue ajua NUN Polds ner Aconsumir de preferéncia antes de : Poids net: 125g Poids net; 125 g Best before / 125g /a juene aouajajaid ap jauuosuooy 80 32280201481846 | /이 juene gouaijaid ap jauuosuooy :18:8889 Poids net: 125g 9 802 1844 | /ajojag 1sag | jaud junsuo Aconsommer de préférence avant le/ | Best before/ FR | Raca Consumir preferentemente antes del/ 35-239-001 | 280201481846 % 0 A consumir de preferéncia antes de: CE | PROC EXP 블:18:로Y | Poids net : 125g 22802011481846
000863,2018,NONE,10,2018-NONE-10,up2x,08 | Acorsommer de prtrence avant te/ | Best before/ FR | Consumir preferentemente artes del/ 35-239-001 | A cons.mir de preferéncia antes de CE | PROC EXP .18.81 .10.2020 | Poids net: 125g 32280261281848
000864,2023,03,04,2023-03-04,s1,TION FACTS/NAHRWERTKENNZEICHNUNG | serving/ Nahrwerte pro | oes frmt/ Brenert aus fett | a Ve nsT | TaF:t/fet | Stre t/d esitige etsuen | 259 | as iat/ davon ungesttigte fettsiuren 139 | holesterol/Cholesterin | Sodium/ Natrium | Total Carbohydrate/Kohlenhydrate: | DitaFer/D Baltfe: 99 366 | Sugar/Davon Zucker: | Gadm/kalim:109 mg11%loe Esen 3mg17% | Enerjive Besin ogeler Tablosu 100o | Ererji(Kal-K) | Dale Limile deconsomlio | Tenminste HOdr TO SonTkem Tmi | •Best before •Mindesters Holbar Bis | BESTBEFORE:04/03/2023 | BATCH:3751 | 690777125215 | Netto Gewicht-Net Agrlik | Net Weight-Poids Net | Nettonkt-L | e400g
000865,2021,09,25,2021-09-25,det5,DELI FOODS 36- | 0 -/ | 1.8% | 25.09.2021 | 마크사워크림
000866,2021,09,25,2021-09-25,s1,-44y | 3 | 25.09.2021
000867,2020,02,07,2020-02-07,clahe,TEGOGold E 8 PRD P DATE DATE Nal nc 9 10 7 2 20 0 21 20 | ATOHA COOKIES ATCH NO 1 Y 20 BY
000868,2021,08,18,2021-08-18,fail,EGO | EF sAoos V1 | 7EE Iuu 1 moosa 9 | UmT | 3X7 1o/ | -00 | 9 | 100 비 E NUTUS- NON 1FEF 1FEF E 1방성 | 전 | omm | -CTUN 또g | 0 NWU 0 | D10 | EXE | EGO EGO EGOGold EGOGold EGOGold EGOGold rolld 2829 TCH TCH FcA BATE % % ILNAU:LNT B88 초코 21 08 18 4ua | IA COOKIES LA OOOKIES HA COOKIES ACOOKIES ACOOKIES 초코림 M의 주-리다 | ※조 | EGOGold BSP F TC H B BAT AT H wwo CVUCUS- 10IN 0 G | IA COOKIES
000869,2021,09,15,2021-09-15,s1,"코트리플샌드 영양정보 200 | 제조선에서 제조하고 있습니다. 100gg520kca | 곳에보 15-09-2021 号230mg12%伞数62g19%43g | 소비자분쟁히결 01:10 27g50%0.3g16107 | 을수있습니다. 000000848327 爱量15mg5%7g13% | 구입처 0I1399 트레이:PP No Brand는 이마트의 상표입니다 2 | 우유,내두,밀,계단,아황산류 함유"
000870,2021,10,15,2021-10-15,s1,정보10g 기준치에 대한 비을 1일 영양성분 100g 기준치에 대한 비율 1일영양성분 EXP | 210mg11%30g5 56% 15.10.2021 6B | 53g16%0.5g AME44A 13:28 | 내용량 당류25g 25%9 | 75g | 100g 量5mg2%12g 22% | 에은2으로의의량에다대를수있습다.
000871,2021,10,15,2021-10-15,s1,0g8 EXP | 三量210mg11%030g 15.10.2021 68 | 子时量53g 16% 트랜스지방0.5 AME44A 13:28 | 내용량 25g25%鲜9g | 75g | 00g당 国动明量5mg2%智12g
000872,2021,02,26,2021-02-26,s1,HESIMH AANVZZON QEDITS | BestByFEB/26/21 10:48NDL2A
000873,2021,08,26,2021-08-26,s1,BELGIOIOS HEHAH AOMRZZEET QEDITS | BestBy FE8/26/21 10:48NDL.2A
000874,2020,06,22,2020-06-22,rot270,"PRODUCT OFTHE USA %E DE2 BIY 90mg30% %1DC | sfae sbuauas IL nogy 6ujAJas/lunouy %지 %8 Bujalas/unouy A0 % 60 Jg 10% papunja ag m auou nok um paysges gagajduco jou ay,noku 3anpoud amjeubis puepury su ATVSA1OHM OOLSO0 8Q3inBHisI NOIUVHODHOJ | Jaujejuos jad azjs bujaIas B0 1SuBll 'Saw스zNa'TvS 'hw S.Ivog 0azidnALsvd dadnLinS :SuNaiudgN %t 6g uajod %0 s보bns pappy do 1ou VSn WOOOOISOJMWM | Gujaas jJad MIW :SMIMINOS 크V브크이브크8 d크크 Londodd Vsn3 | 200622"
000875,2021,08,01,2021-08-01,rot270, DE2 8 含日器90mg30% 있수 mg | Bugauas/yunoury 량 buguasgunouy A0% 6>당이타이% A0% pges leaguc go anoka pepungai g aw fouou mok panpoud amgeulis purury 되 8 0aLnBBLSIO NOLLYAOdHOS | SYSBg sbuuas 1 Inogy 9 리이 %8 Dus j이syo Bg uan % 60Jg 0j> sJBinS J피이  Spns pappy 0 3자 8292-121-08-1 LSO WOCOOLSOOMWM | (내8z)z0 zis buuas buo8 unpos SAWUN TvS NW S.IMOS G3ZBMALSY G3HNLIN SUNSIUdMl 3V 크 d크a | NIW :SHMINOO 크8이크림LS3B Jongodd VSN 3HLdO
000876,2021,07,01,2021-07-01,s1,"19:27 | 2021.07.01 | 까지 | 피크닉,사과"
000877,2023,04,03,2023-04-03,up2x,sera | BEST BEFORE:03/04/23 | BATUH:0946/1/3 | SADE | HELVA SUBE SESAMPASTE | TRADITIONAL HELVA | Nettogewicht: Netwt.:12.3oz- .350ge
000878,NONE,NONE,NONE,NONE,fail,3UpaOCcgun | VATAH TVNOLLIQVAL VATAH | HELVA SADE BEFORER BJas Sera Sera Sera Sera Sera Sera IOVS 5240450:300/3日1533 HOL보터 VATAH TVNOLLIQVAL | TRADITIONAL HELVA SUBE SESAMPASTE BATCHF094613 BATCHF094613 BEST BEFORBUTO BEST BEFORBUTO 109467173 BIas Sera IOVS VATAH | SADE SADE SADE SADE SADE SADE 1E0 Sera | HELVA HELVA HELVA HELVA HELVA HELVA SOBE SESAMPASTE SOBE SESAMPASTE SOBE SESAMPASTE SOBE SESAMPASTE SUBE SESAMPASTE TRADITIONAL HELVA TRADITIONAL HELVA TRADITIONAL HELVA TRADITIONAL HEIVA TRADITIONAL HELVA | Nettogewichte: Netogowiche Netogewichr: Netogewichr: Nerwt:123at New:123ar New:123ar Nerw:1230z- 350ge 350e 350.e 350.e 350.e | BEST BEFORE:OE/O4/2S | BATCHF0946V13 | SADE | HELVA SUBE SESAMPASTE TRADITIONAL HELVA | Nonogmwkh: Notwt:123ot 350.e
000879,2021,05,11,2021-05-11,s1,"CHEE DIP | 품위생법에의한한글표시사항 영양정보 | 초엔 답 치즈(치즈8% 함유) NACHO CHIPS CHILI FLAVOR | 回2.400mg EL SABOR MEXICAN FOODS S.A | 23% KOKKINIA, INOFITA VIOTIA | PC32011,GREECE | 147-31 X1300 Tel:+30 2262031020 +30 22620 31188 Cheesep:Wat,vetbil(eedolconuto | 至85g90g1,155kcal 트랜스지방0 | 포화지방14g Fax: +30 2262031695 | 콜레스테를Omg Web site: www.elsabor.gr | 단백질10g | place. Best before seeon padkage. | TOTAL NET WEIGHT: | 175ge | PROD.DATE:15/07/2020 | EXP. OFTE:11/05/2021 | 0720W177 5120217510198311"
000880,2021,05,11,2021-05-11,s1,영양정보 |    | Emat nogetabery | NACHO N' DIP | 175ge | PRO0.DATE:15/07/2020 | EXP.DRTE:11/05/2021 | LOT0720W177 5120217510198310
000881,2021,06,08,2021-06-08,s1,2021.06.08 | 유통기한 15:3110 | 개봉 후 반드시 냉장보관 하시고 빨리 드시기 | 바랍니다
000882,2021,06,08,2021-06-08,s1,유통기한 202106.08 | 15:31A10 | 0-10℃空 개봉 후 반드시 냉장보관 하시고 벌리 드시기
000883,NONE,07,03,NONE-07-03,det5,생산일자 2021.01.04 | 유통기한 2821.7.03 까지 801150300451
000884,2021,07,03,2021-07-03,up2x,고강출 꿀골 금 유는 | 생산일자 2021.01.04 | 유통기한 2021.07.03 까지 8801150300451
000885,2038,01,20,2038-01-20,rot90,로견보회보보방보보 | 0 | 8804433 우러가있습니다.그러므로개봉후에는가급적빨리 드십시오. 주의사항 | 량리 1001 L | 유통기한 HACCP |  관시는 874297.09 SSG.COM | 200138 까지
000886,NONE,07,09,NONE-07-09,rot90,리! 3리드로7장분 추배는 기골식 별리.드십시오 | 87429 유통기한 | 까지 07.09 SSG.COM
000887,2029,02,01,2029-02-01,hires,"Contains Sachet Seas Seasoning Powder, Seasoning Oi, Sweet Soy | Sauce, Chili Powder, Fried Shallot | 1 02 29 | At Noodles | eng | 9Spi | reng Pedas | toes Insnlonées | STIR FRY NOODLES HALAL"
000888,2021,12,NONE,2021-12-NONE,s1,"Seasoning Powder Seasoning Oi, Sweet Soy | wkmie Sauce. Chi Powder, Fid Shallot | BEFORE 2021 12 | KRA152 | tNoodles | eng | 9 Spicy"
000889,2021,05,27,2021-05-27,s2,"STMOA | BEST BV MAY 27 2021 | ""100Juice | Dlke 트로피칼 | Tropical | FRUIT BOWLS@"
000890,2021,04,05,2021-04-05,s1,"10:56 | 2021.04,05 | 까지 | 흔들어드세요 | 허쉬초콜릿드링크"
000891,2021,04,05,2021-04-05,s1,"10:56 | 2021,04.05 | 까지 | 흔들어 드세로"
000892,2022,02,07,2022-02-07,s1,SuperMoist. | Betty | Crocker Chocolate | 07FEB2022 PV 07:172
000893,2022,02,07,2022-02-07,s1,Bettly SuperMoist. | Crocker | 07FEB2022 PV 07172
000894,2021,06,02,2021-06-02,s1,23145 | 2021.06.02 | 까지 | 피크닉청포도
000895,2021,06,02,2021-06-02,s1,23:45 | 2021.06.02 | 까지 | 피크닉청포도
000896,2023,02,15,2023-02-15,s1,AKBAR | FOR THE PERFECT CUP | Pour freshly boiled water and allow to | Can be drunk either hot or cold. Store in a cool dry place | Packing Date / Date d'emballage | KacairaH yaks/ara ynakyBaHHs YnaxoBamy llpi-JIanmi | Expiry Date / Date d'expiration | Verbrauchsdatum / Tazen ao 2023/02/15 | CakTay Mep3isi/TepMin 3éepiraHHs Akbar Brothers (Pvt) Ltd | 334JayMawathom0an | 100×1.25g
000897,2025,05,19,2025-05-19,s2,"Certificato da Organismo di | controllo autorizzato dal Mipaaf. | 식품위생법에의한한글표시사항 | ·제품명:모데나 발사믹식초·식품의 유형 | 발효식초·수입·판매원:서영이앤티(주)서울 | 14cet | GpCrmninViahieo1142pm | Modena, Italy)·유통기한:제품 뒷면 하단별 | 250 | 6%5.99 | （100%）23%（100% | 1%0.01% | 무수아황산 함유 | ·원산지:이탈리아 | ·용기재질:유리 | 뚜껑내부: 폴리에틸렌 | ·뚜껑외부:알미능반품교환장소:구입처 및 판매 | 080-584-5151 | 들지 않는 건냉한 곳에 보관·식초에서 발견되는 입자는 | 초산균이자연적으로덩어리져생긴 마더오브비니거로 | 인체에 무해하며 있는 그대로 드시거나 필터 등으로 | 걸러내셔서섭취하시면 됩니다.본 제품은 소비자 피해 | 보상규정에의거 교환 및 보상을 받을 수 있습니다 | 본 제품은 이태리에서 포장까지 마친 원제품으로 | 직수입됩니다 | 올리타리아 홈페이지 www.olitaliakorea.kr | Best before: | BEST BEFORE | 2025/05/19 | 산도:6% 유리 | 250ml 뚜껑외부:알미늄 뚜껑내부: HDPE | 8007150901968"
000898,2025,05,19,2025-05-19,s2,"Certificato | controllo autorizzato | 식품위생법에의한한글표시사항 | ·제품명:모데나 발사먹식초·식품의 유일 | 발효식초 수입·판매원:서영이앤티(주)1서울 | 五：营）8：2500 | 人：6%8品盟：21275.90 | （100%）23%（100% | 1%，早（）001% | 무수아황산 함유 | ·원산지:이탈리아 | ·용기재질:유리 | ·껑내부:물리에틸랜 | 정외부:알미 반교환장소:구입처일만 | 들지 않는 건생한 곳에 보관 -식초에서 발견되는 입자는 | 초산교이 자연적로영어리져 생긴 마디오비니거로 | 인체에 무해하며, 있는 그대로 드시거나 필터 등으로 | 걸러내서서섭휘하시면 됩니다.본 제용은 소비자피해 | 보상 규정에 의거 교한 및 보상을 받을 수 있습니다. | 1399 |   | 직수입입니다. | 물리타리아 페이지 www,olitaliakorea.kr | Best before: | BESTBEFORE | 2025/05/19 | 산도:6% 유리 | 250ml | 8 0071501901968"
000899,2022,09,02,2022-09-02,s1,"CAPPUCCINO 영양정보 100g395kcal | Candies | EXP.DATE:2022.09.02 | ※개봉 후빠른 시일내에도시기바랍니다 | ※패키지의사진이나일스트는이미지오나 | ※간혹 작은캔디나 빈능지가 나올수있으다 | -제품 중량에는 차이가 없습니다. | ※건강밸런스를생각하여,한번에많은 양의 | 섭취를삼가시기 바랍니다."
000900,2022,09,02,2022-09-02,s2,CAPPUCCINO 영양정보 395kcal | Candies 10oyu | 5% 사방 0g 0 | 30 랜스지방0 | 88 0g | 0 단배질10 | EXP.DATE:2022.09.02 | MCA에 APM니C | 페기자에 사진이나 일스는 이미지  | 간록 적을 괜디나 변시가 나용 | -제용 중할에는 차이가 없습니다 | 설취를 함가사기 바랍니다.
000901,2021,11,01,2021-11-01,s1,l  | 응능 | EZ | S/ | DD/MM/YYYY | zechowywac w consmeiinte :/Nispozy 68 01/11/2021 paquets/Confine 10 ambalaje/Zawiera | Inomi suhom przed:/Najboji potrjebii do:/ Nairaje uporabno 10pakwanSad1aktasebj | peernc aes de: n dnn L2102731 Contem10embalagens/neptx10 | 10
000902,2021,11,01,2021-11-01,s1,EIH | DD/MMY | 01/11/2021 | L2102731
000903,2021,08,31,2021-08-31,s1,MISUPA | MiSU | 31-08-2021 | L2024403-234 | merba | DOUBLE | CHOCOLATE | COOKIES | with delicious Dark and | Milk Chocolate Chunks
000904,2021,08,31,2021-08-31,det5,"M:SURLA | MSL | 31-08-2021 | 22024403-234 | merla | EDITION | 9 | DOUBLE | CHOCOLATE | COOKIES | witR delicious Dakand | M.8R,O,Becolate Bunks"
000905,2022,01,NONE,2022-01-NONE,s1,"제품명 초코크레커 비스킨 |원산지 인도네시아 | 식품 | 포장재질 폴리프로필렌 유통기한 제품의 별도표기된 해당 | UBM EXP:01.2022 밀가루(밀),설랑(보존료 무수아황산 함유),팜유경 | BP.1.5102 원제료명 능성 포도당(보존료 무수아황산 함유),탄산수소암모눔,탄산수 | 밀우유 때두 아신류 함유 | 01399T | 보관방법직사광선을 피하고 건냉한 곳에 보관반품 및 | 본제품은공정거래위원회고시소비자분쟁해결기준에의거 교환"
000906,2022,01,NONE,2022-01-NONE,s1,  E | UBM EXP:01.2022 일가루일 보존로 우수행산 위 | BP.1.5102 | 은   
000907,2022,01,NONE,2022-01-NONE,s1,"UBM 35g（650kca | EXP:01.2022 밀가루릴,경화팜유산화방재째 부달하드록시아니솔 함위 | BP.1.2072 원자료명"
000908,2022,01,NONE,2022-01-NONE,s1,raypvo | UBM | EXP:01.2022 | BP.1.2072 | 'N
000909,2021,09,20,2021-09-20,s1,초면바 | 소자 에 | 8066001428758 | 20-09-2021
000910,2021,09,20,2021-09-20,s1,00001428758 | 20-09-2021
000911,2022,05,05,2022-05-05,s1,"Nestle | Nesguik 초플릿맛 | 균형잡한 | 영양섭취 | 상기 그림은 연을 된 화면임 | 네스틱을 맛있게 로서 | 만드는 방법 넣은후저어주요 | 영양정보 25g51k (（13.5gx | 우리 제품한 | 300mg 15 우유 | 829 아연  | 트랜스지방 08 09 Nestie. 비아민 DS가 어 않 | 19.3mg161% 유익한식 | 14%103mg103% 교형잡영양섭취를 합수 있도록 네스워맛은 성장 아이들이 | 02mg17%15mg125% | 157915%11911 | 네슬레에게 이야기 하세요 |  에 라 다를 수 있습니다. 20010 | 식품유형기타 코아가공품 원료명비타D,비타인B | /99 주리타 아베누,아라스(ZLRTABNUE ARARAS,BRA) | 대두 함유 | 통기한밑에 표시된일자까지 4장 폴리에탈런수지 | 유5기한 | 2022.05.05 | 0300365707:54 | CHER"
000912,2022,05,05,2022-05-05,s2,Nestl인 | esguit | 안도는 방법 9 베스 9 | OR es | 영양정보  51 od Lite | tie  O  | 유익한 식 | 51 | L에게 이O기 R |   | RAANE  DI L | / |   | 2022.05. O5 | 03003657 07154 | IER
000913,2021,10,19,2021-10-19,det5,"DHA분말 0.36 % | 310ug 요구르트 혼합분말 6.74% | 36g[190kcal,6 g(27H)×6) | NG | 스 아이밀 | 남남 818011571550545 | DHA워하스 유통기한 | 요구르트 2021.10.19 까지"
000914,2021,07,21,2021-07-21,s1,"26,000 | MOTHER | 일부터 2021.07.21 | 월까지 ：10:3002088 | amm | MOTHER | 엄마로태어나다 | 아이엠마더"
000915,2021,07,01,2021-07-01,s2,26.000 | MOTHER | 2021 07 1 | 유통기한: 10:30 02088 | MOTHER | SAOMOLC | 아이엠마더
000916,2022,06,06,2022-06-06,s1,"식의유일반식(기타가) | 원재료명 | 권장섭취량 | 및섭취방법 | 섭취시 | 주의사항 | 보관방법 | 내포장재질 고객상담실 | 구입처및고객상담실 연구및개발원 | (주)함소아제약 | 유통전문 서울특별시 강남구 도산대로 제조원 | 판매원 | 663127-16 | 영양정보 100g（10g10） | 1（10g）10kcal | 1.5hag 0% 15 mg 총내용량당 1% 환 또는 보상받을 수 있습니다. | 나트륨 탄수화물 29 1% 20g 6% 땅콩,밀,고등어,게,새우,돼지기 ※본 제품은 알류(가금류),메밀 | 당류 2g 2% 20g 20% 복승아, 토마토, 아황산류,호두 | 지방 0g 0% 0g 0% 고기,쇠고기,오징어, 조개류 | 트랜스지방 0g 0g 전복,홍합 포함),잣 등을 원자료로 | 포화지방 0g )% 0g 0% 사용한 제품과 같은 제조시설에서 | 콜러스테롤 0mg 0% 0mg 0% 제조되었습니다.※부정·불량식품 | 단백질 0g 0% 0g 0% | 비E인C 1.7mg 2% 17mg 17% www.hamsoamall.com www.hamsoapharm.com | 비E민B1 0.078mg 7% 0.78mg 65% | 비타민B2 0.099mg 7% 0.99mg 71% | SE'2B6 0.081mg 5% 0.81mg 54% | 8180922612049351 | 2022.06.06B"
000917,2022,06,06,2022-06-06,s1,"원 16号/13-16 서시남구도산대로 | 舌8%100g（10g*10至） | 영양정보 | 서부 기준치에 대한 바을 총 내용량 당 | 1포당 제은 일(가), | 29 1% | 당 29 2% | 0% 전복,합포함),장을원 | 트팬스지방 0g 사용한제과갈은제조시 | 지방 0% 0% 1399 제조되었습니다.※부정·불정식 | ~% 0% www.hamsoamall.com | 1.7ma 2% 17 mg 17% | F!B1 0.07gmg 7% 0.78mg 65 % | 비타민B> 0.099mg 7% 0.99mg | diF:2B6 | 2022.06.06"
000918,2021,09,17,2021-09-17,s2,②모양만들기 | 잘녹은 ①을 티스푼 등을 | 이용하여 몰드에 채운다. | Tip 입회용말주머니를이용하여 | 돌드에 당으면 깔끔하게 차을 수 있어요 | 귀여운동물모양의 | 쁘피 초콜릿 ③굳히기 | 서늘한곳 혹은 냉장고약10분에서 | 귀여우면서도다양한 모양과 초클릿을군한다 | 크기의동물얼굴초콜릿을 Tip 초클릿이군기 전에몸드를바닥에치면 | 화이트핑크엘로우3가지색상으로 표먼이 매끄러운 초골릿을만들 수 있어요 | 간단하고 쉽게 만들 수 있는 | DIY제품이에요 | 활용도가높은다크초코펜이 ④장식하기 | 들어 있어 다양한 모양의 따뜻한 물에중당하여 녹인 초코펜으로 | 나만의 초골릿을만들수 있어요! 다양하게장식하여 완성한다. | Tip 다양한 모양과 색상으로 꾸민 초콜릿을 | CR코드를 통하여 확인하세요 | APPLICATION WRAPPING TIP | 응용예 응용예 응용예 | 귀여운동물들의표정을 동그라미와하트초콜릿을 푸드데코펜을이용해 띠초콜릿을초코덴을 | 초코펜을이용하여 이용하여 귀여운인형을 메시지를쓰고케이크나머핀 이용하여 롤리랍스틱과 앞뒤로 | 다양하게 표현해보세요 만들 수 있어요 위에 올려 장식해보세요 붙이고 예쁘게 포장해보세요 | Bread 유통기한 202109.17 FCM003 | Cardens 8809409690124
000919,2022,03,11,2022-03-11,s1,"3.150 시고기 | 국산 대파를 사용하여동정건조한 | 800 리얼슬라이스 생생대파 해표 | 다시다 | °해표리얼슬라이스 생생대과 특징 °해표리얼습라어수생과 사용방법 | 국, 탕, 피개,불용슬라이스 대파가 | 필요한 모든 요리에 가능 | 믿을수있는 높은품질의국산 농산을 한스의을 대가 | 동결거조공법으로 고유의맛과항을유지 복원되면 요리에 어주세요 | 18:월은보관으로간면  탕,찌개용 | 해먹여형,캠핑등·백게구대가능 8,개+ | 제품명 해표리얼슬라이스생생대 식품유형과·채가공품 | 내용량 유통기한후면 하단표기일까지 | 포장재질 吾号堂卫划室 2017052530116 | 원재료명 까대파97%(국산),올리고당 | 보관방법 | 제조원 | 주의하시기바랍니다.동결건조 제품은 습기에 약하므로개봉 | 후에는가급적빨리사용하시고,장기 보관시잘밀봉하여냉 | 1399：080-900-6133（） 장·냉동보관하여주십시오.부정· 불량식품신고는국번없이 사조 | ·반품 및 교환장소:구입처 및 고객상담실·dr.sajo.co.kr | 2022.03.11"
000920,2022,03,11,2022-03-11,s1,3.150 | 생생대파 | 2弄：080-900-6133（个享） | 2022.03.11
000921,2022,02,26,2022-02-26,det5,D | 쌀가루40% | EXP:2022-0226 AU
000922,2022,02,26,2022-02-26,s1,RUGE | PAPEP | 쌀가루40% | EXP12022/02/26AU | 라이스페이피
000923,NONE,02,01,NONE-02-01,s1,02.01.20:49.N0 | 천안신 | 유통기한 까지 | GT | 아인슈타인 | 100%/1A | 두뇌구성성분DHA | 머리가 마시는 우유! | 아인슈타인
000924,NONE,02,02,NONE-02-02,s1,2입 | 02.02.18:17.M0 | 천안신 | 유통기한 까지 | 남양 | 맛있는 우유GT 100%1号司！ | 우유 | 맛있는 | 우유 | GT | 대한민국최고등급!
000925,NONE,02,02,NONE-02-02,s1,2임 | 02.02.18:17.M0 | 맛있는 우유GT 100%1号司！ | 우유 | 앗있는 | 후유 | GT | 대한민국 최고등급!
000926,2021,06,10,2021-06-10,s1,2021.06.10 H | 일 맹 연유 71521元500g | 1452克0.01%/） 일까지·병법실 유유-유통기한:용기상단표기 | OTHER
000927,2021,08,23,2021-08-23,s1,"허니머스타드 | 닭가슴살샐러드, 소시지 김요리에 잘 어울립니다 | 식품유형 소스 | 晋号至卫州堂200104450534 | 원로명정제수,식물성유지외국산이르 | 티니이국중국러드스터13% | 미국산시초머스터드 소글터메릭,파프리카,기타과당,설팅 | %5% | 지분이니다식,정소금난황액,오련지식이섬유 잔탄검 겨자분 | 한 곳에 보관,개봉후에는 냉장~0c보관 | 하시고 얼지않도록 주의하십시오. | 객심실0--부 | 2021.08.23 | OTHER 15:27 까지"
000928,2022,03,13,2022-03-13,s1,DE [ECCO | 식품위생법에 의한 한글표시사항 | 1001250220028 500ml | 13/03/22 L19520 | C2211:40
000929,2022,03,13,2022-03-13,s1,ut ttllo | 500ml | 13/03/22L19520 | 022
000930,2021,07,29,2021-07-29,s1,2021.07.2907 | 17198122 | 오행복출만 사랑가특일
000931,2021,07,29,2021-07-29,clahe,2021-07.2903 | 1719B122 | 행복후만 사랑가득이
000932,2021,05,26,2021-05-26,s1,2021.05.26 | 10:38F1
000933,NONE,NONE,NONE,NONE,fail,151385-79 오당:S0로 오당:S0로
000934,2021,02,10,2021-02-10,s1,크 | 뚜껑HDPE | 을아 만들었습니다. | 21.01.25座 | 21.02.10 | 영양정보 190m/10kcal
000935,2021,02,10,2021-02-10,s1,니다 | 21.01.25 | 21:02:10까지 | 영양정보 890m/110kcl
000936,2021,10,19,2021-10-19,s1,다담 청국장 | 2021.01.20 | 2021.10.19 | 530g(4/7） | 8801007097268
000937,2022,06,11,2022-06-11,s1,080-99-7 | 적수 | 2022.06.11.09:49
000938,2022,06,11,2022-06-11,s2,  | 2022.06.11.09:49
000939,2021,10,28,2021-10-28,s1,2021/10/28 | LR0190 | HSTEN
000940,2021,07,03,2021-07-03,erode3,0 | 21 7 3 0 | 0 0 1 | 9 | HSMI
000941,2021,07,02,2021-07-02,s1,UU | CRUNCH RUL FUNG | MATES MATES | BEST BY | 20210702 | 1800741 | 17:28 | RUNCH | MATES | acho | rorta Chip
000942,2021,05,29,2021-05-29,s1,"PROD29082020 | EXP29052021 | Wib Yornr | TT1OY | B 03 | 18:30 | Cheese Snack Biscuits, Ingrect | Wheat Flour, Vegetable Ois | Sunflower', Dried Cheese (12%) | PowLersd Cheese, Natural Fa | (Chuese), Yeast Extracl. | Siucose Syrup, Salt, Dris | Earley Malt Extract, Raisl | (yimmonium Bicarbonal | Eicarbonate), Acid (Lacti | Flavearings (Pepper, Cay | Milk, Gluten. May alsccont | (p)s | Salgo ye | pgall"
000943,2021,05,29,2021-05-29,s1,"PROD -28 08 2020 | 29052021 | Cheese Snack Biscuits. | Wheat Flour, Vegetable | Sunfloweri, Dried Cheese (12s | PowLerrd Cheese, Natural R | (Chuese), Yeast Exracf | Siuuose Syrup, Salt, Dr | Earley Malt Extract, Rais | (mronium Bicarbons | Eicarbonate), Acid (Laci | Flavcirings (Pepper, | Milk, Gluten, Mmy alsc | J,J"
000944,2021,07,03,2021-07-03,s1,gullón | .(a | PROD:03/04/2020 | EXP:03/07/2021 | L3080942022:13
000945,2020,04,03,2020-04-03,s1,gullón | PROD:03/04/2020
000946,2021,09,30,2021-09-30,s1,2021.09.30 | AVE11E 12:16
000947,2021,09,30,2021-09-30,s1,2021.09.30 | AVE11E12:16
000948,2021,10,24,2021-10-24,s1,80 53501GrascmtGermany. | X | Caipohydrates | L4924000499134 0019 | Production Date:24/07/2020 | Best Before Date:24/10/2021
000949,2021,10,24,2021-10-24,s1,Praductlon Date:24/o7/2020 | BestBeforeDato:24/10/2021
000950,2022,09,16,2022-09-16,s2,Swiss m | 쿠키앤초코 | 2022.09.16.14:274F | 성이영위위 | alz | az
000951,2021,04,05,2021-04-05,s1,"02:14 | 2021.04,05 | 까지 | HERSHEY'S ORIGINAL 허쉬초콜릿드링크 | 오리지널 | 235×4 | *동일날짜로포장된 상품입니다."
000952,2021,04,05,2021-04-05,s1,02:14 | 2021.04.05 | HERSHEY'S ORIGINAL 허쉬초콜릿드링크 | 오리지널 | 号235L×4 | -동일날짜로 포장원 상품입니다.
000953,2021,02,05,2021-02-05,s1,연출이미지 | 90.33% | 는햄등심 IO□ 촉촉하고 담백한 100% Phrs | BEER&PLNTTER | 21.01.07 B 융무 | 8801057869629 21.02.05 DA1
000954,NONE,NONE,NONE,NONE,fail,（）90.33% 7（）9033% 7（）9033% NN 햄등심 08 | 햄등심 =햄등심 햄등심 햄등심 햄등심 햄등심 21:82:838 촉촉하고 담백한 촉촉하고 담백한 촉촉하고 담백한 촉촉하고 담백한 최촉하고 담백단 00리방 100% 100% 100% 100% 100% 13: 1c3r LYO Phre Pbrk Pbrk BEERKP 촉촉하고 담백한 8동양로양1질 100% | BEER BEER BEERAP BEER&PL UEN2L BEFRNPXOEER OR | 생식용 | ）9033% %00L aaa Dtdpdaa8 Pl | 부터 부터 부터 의 의 을 논%00 유 을 | 21:82:83 21:81:83 21:81:83 21:82:83 21:82:83 7월8 0 0 B B DA1 DA1 DA1 DA1 지 까지 까지 품 5이 5이 100% | 8 1801037 햄등심 음 촉촉하고 담백한 %EE06 (음종)l | BEERSPT ER | R 관품의유성 | 돼지2기무유심고기 | 9 부터 | 21:82:83 B DAT 까지 | 8801057869629
000955,2022,01,25,2022-01-25,s1,비스트 | 하비스! | 달콤한선울이가득! | 롯데제과 | facebook | 22.01.25 22:51 까지 | x3움3
000956,2022,01,25,2022-01-25,s1,하비스트 | 한니스! | facebook | 22.01.25 22151 까지
000957,2021,02,22,2021-02-22,s1,주/ 영양정보 秀270m|15kcal | 10mg%299% | 0%0% | 35 量0mg0%0% | EIComg0%7g2%0mgo3 | 트F-몰리에 1일영양성기치에대한비은 | 기준이므로개인의 필요 열량에 따라다를수있습다 | 은과육 | 보하시고 | 유유를 21.01.29M | 통관본사 21.02.22办 | 기준에 | 페트 | A- 8801114139844
000958,2031,01,29,2031-01-29,up2x,3P조 공통 영양정보 专68820折/115k | 36 Cmg0%g0%Em | 02 车9c0mg0%给7mg2863 | 물리에 | 오성은 기준이므로 개인의 필요 열량에 따라 다를 수 있습니서 | 분든 없는 과육 | 든 성보관하습고 | 토함아유유형 31.01.29m | 품고한:본사 21.02.22办内I | 본관껑기준에 | 8-02 | 간E가 | NA- 8801114139844
000959,2022,07,19,2022-07-19,s1,"초고추장 | 새콤달콤 초고추장 이야기! | 싱품한라임/건강한올리고당/건강에좋은매실/곳한다늘 | 104901206 | 소지본사서울특별시동대문구 천호대로26 | 원로명 고추장이있고추양념중국산),물면 소맥분(밀미국,호주 | 일을 정제소금,실당,정제수,기타과당,구연산마(중국신 | 라임농축액미국신,발효식초0,5%올리고당,매실농축역 효모분말 | 대두일힘유 | 모장자질 용기리드자-몰리어달린,뚜-몰리프로필렌 | ·사늘하고 건조한 곳에 보관,개봉 후에는 냉징보관 | ·본제품은 소비자기본법에 의거 교환또는 보상 | ·반품 및 교환장소:본사 및 구입처 | 080-019-919（ | DAESANG /ndeng.COn | 영양정보 100g8220kc | 10mg868157 | [일 영영성분 기준치 대한 은 20으 | 는 이 분수거하여 용. 소한 자원 곳한  | 2022.07.19"
000960,2022,07,19,2022-07-19,s1,초고추장 | 새콤달콤초고추장이야기! | 영양정보 | 2022 .07.19
000961,2023,10,21,2023-10-21,s1,2023/10/21 | L02956.001A | 어울립니다 2일 파스타소스와 더욱 | 폰타나 | 의 시작 | 파니아 파스타면의 비밀 | 스타면의 선택이 파스 100% | 올한 감마니아는 듀럼 4의맛을좌우합니다토 듀럼밀의 배유를같아 | 사용한 탄력있는 식감의 | 으로 유명합니다.듀럼
000962,2023,10,21,2023-10-21,s1,2023/10/21 | L02956.001A | 量2+100%
000963,2023,11,14,2023-11-14,s1,2023/11/14 | L20640 | 쿼스파게티면 맛있게십 | Fresco 릭스 | 쿼스파게티는 | 이탈리아 정동기술로 | 좋은 파스타는 좋은 조리가가능한 을 만들어빠르게 | 듀럼밀 세올리나(밀)에서 스파게티입니다. | 시작됩니다.스파게티를 STEP1 | 잘아는특별한당신을 | 위해프리미엄 맛을 가정에서 | 간편하게 즐기실 수 있도록 | 준비하였습니다. | STEP | 量2100%
000964,2023,11,14,2023-11-14,s1,2023/11/14 | L20640 | Fresco | 좋은 파스타는 좋은 | 듀일 세리나(일)에서 | 시작됩니다 스파게티를 STEP1. | 잘아는 특한 당신을 | STEP
000965,2023,07,20,2023-07-20,s1,"DT&SPRUNGLI GMBH·수입판매업소:(주)농심 서울 | 방동)·유통기한제품 뒷면의 표시일까지(일월년순,첫번째 1= | 세조일자원재료명설팅,코아매스,코코아버터무수유지방, | 영양정보 | 100g530kcal | 12mg4%6.2g11% | (E701.13)J25 ood SA | Mah. Baglargid. No:14 | DE-52072AACHEN | 23.07.202 | L5700 17 | Prod. date / Fecha de producción / Data de | fabricaco// 3""046920""029674 | (//) | STORE IN A COOL AND DRY LACE 100g NET | Consenar en lugar frescoy seco· Consenar em loc | /Serin ve kur yerdesal"
000966,2021,08,10,2021-08-10,s1,"1Le | 10/08/2021 ZUMO DE UVAMOSCATEL. | L-H000:121622 MUSCAT GRAPE JUICE. | EN MUSCAT GRAPE JUICE. Simon iL. Pressitud Muskaatvinamarjamahl | rasvhapped Og. ssivesikud kcal, rasvad Og sh kllstunud | 16.3gshsuhkrud16.3g | kiudained Og, valgud 0.2g sool | 제영시온착습 모스카텔주스 8L(650kcal | 심품유형과체주스"
000967,2022,10,17,2022-10-17,s1,"제품명 녹차원녹차라떼 | 식품유형 고형차 | 내용량 130g（13g×10） | 내포장재질 폴리에틸렌 | {야자경화유(외국산:인도네시아 | 말레이시아산 필리핀산 등)38. | 유크림(호추산 | 19.2%，是50 | 유지(외국산:말레이시아산 | 원재료명 | 네시아산,말레이시아산,필리핀산 | ）77%51% | 녹가산 이산소,글리신 | 구연산나트륨,요구르트향코톤 덕스트린 | 합성향료(요구르트향) 합성향료(사이다향) | HERS 오렌지오일 아라비아검)정제염(국산) 합성향료(레몬향) 레본오일 라임오일 | 우유,대두함유 | 문의 및 교환처 본사 및 구입처 | CHOCOU 품목보고번호 | 업소명 및 | 소재지 | 공장소재지: | 433 | ：021597-3949 | 적조하고 있습니다.·직사용선 및 곡온다습한 듯을 피해 건 | 분쟁 해결기준에 의거 교환 또는 보상을 받으실 수 있습니다. 공정거위원회시소비자 | 유통기한 2022.10.17"
000968,2022,10,17,2022-10-17,s2,제명 | 식유형 고형차 | 내용량 | 내포장재질 플리에틸렌 | 믹스식 | (야자경 와 | 3 윤 | 19.2 | 와 | 19.2 | 원재료명 (야자) | 말레이시아산 | 네일 관식 37기 51% | 클리신 | 오지오일 아리비아20)정제염국신 | 잎유 대투 함유 | 문의 및 교환처 본사 및 구인처 | 플보고번호 2011036047233 | 업소명일 소재지 본사:서울 농진원취 구서초4 | 공장소재지 | 433 | 소비자상담실 | 최사광 | 유통기한 2022.10. 17 | 까지 | WWW.NOKCHAWON.CO.KR
000969,2022,06,30,2022-06-30,s1,"emgdi tecindi soiarm naturale divaniglial, | conratilme%miriss5% | mandore nocciole Latee cereali contenent | 영양정보 .6g | 100g458 45 %]. | 0mg0%3g5% | 25g@e-4410 | 468 1962100 | im ho ascuto | Pride | Dabimsnte entro fine: 2022/06/30 | L157828 | 13:05 | MA IMBONATI 59, MILANO (ITALY). | RALE EUROPA 14, SENAGO (MI)."
000970,2022,06,30,2022-06-30,s2,"do citri | ngi, frun | c trus | rich | olat | jus | b9 | 영양정보 100ge458 Kcal 45 % | omal | ukrt. | 档0时量0m90%／2号32.5% ratten. | OOH 61,63 | sne-2410z (uaden 2es) | e | A | 1381 Pride | ntat frais et sec | Im-nte entro fine: 2022/06/30 | ho ze avant fin: L157828 | 13:05 | MA(MBONATI 59, MILANO (ITALYI. | ALE EUKOPA 14, SENAGO (MII."
000971,2021,11,11,2021-11-11,s1,"3 빙그레 | 색소·향료 | 무첨가 | ""Kids sna | '와 | 친구들 치즈 | 2021.11.11B 까지 칼습함유철분함유7까지 비타민 | I초콜릿 칩 싱글 | 허쉬"
000972,2021,06,25,2021-06-25,s1,2021.06.25 | ChocolateMilk | 푸르릴 생초콜릿우유
000973,2022,12,02,2022-12-02,up2x,BEST BY | 021222 | LOCRLeb8NEY | ocle | 제품명 글로버허니 | 식품유형 발질(십화질) | 수입원 | 제조상 식방양성 또 부 있습rg 의유보터 | 유통기한터 | BUN UD U
000974,NONE,NONE,NONE,NONE,fail,89 MS BE치BS 12 12 | 맛림타방 | LOCRLMINEE LOCRLMINEE | 하 하 | 3지.4% 3지.4% | LOCRLHSNER | BALUEBNIAN
000975,2023,08,03,2023-08-03,s1,Fresco 프레스코 후실리 | (FRESCO FUSILLI) | 좋은 파스타는 좋은 듀럼밀 | 세몰리나(밀)에서시작됩니다. 파스타면의한종류인 후실리는 | 프레스코후실리는신선한 꼬불꼬불돌돌말린 나사모양이 | 듀럼밀 세몰리나(밀)를  특징입니다. | 선별엄선하여  합니다 샐러드나 파스타로 요리해 먹으면 | 뚜기 프레스코파게 간단한일품 요리가 됩니다. | 함께 하시면 전문스피니점의 꼬불간소양때문에 쉽게 | 맛을 가정에서도손쉽게 면이 붙지 않고 소스가많이 묻어 | 즐기시 수 있습니다. 맛을풍부하게 느낄 수 있어 | 리거 교환 간단히 기분 전환용 간식으로도 | 드살수 있습니다 | 2023/08/03 | L20434 08 | 8801045360553 | ·제조원: 오뚜Jmars | Pastificio Fabianelli S.p.A | 이프매원: | 주시회사오뚜기 | 경기도 안영시 동안구 총안대로 46
000976,2023,08,03,2023-08-03,s1,Fresco 프레스코 후실리 | (FRESCO FUSILL) | 파스타면의한 종류인 쿠실리는 | 꼬불끄볼돌들말린 나사 모양이 | 특징입니다. | 하여. 샐러드나 파스타로 요리해 먹으인 | 간단한 일품 요리가 됩니다. | 하시면전점의 2에계 | 앗을 게 않고소스가많이어 | 가+있습니다 느수있어 | 기단하기분 전환용 기시이로 | 드O수 있습니다. | 2023/08/03 | L20434 | Pastificio Fabianelli Sp.A | 이매원: | 옴또기
000977,2021,11,03,2021-11-03,s1,03112020 | 03112021 | 222A3 | snuead pue
000978,NONE,02,22,NONE-02-22,up2x,0311 03.01 2 3829 | 2.22A3 | he 'uorséjuued sapun pasn dnou6 ruogeuuejuj zajapuow | 2화 | Jo SxuuBpB Bu éouep puE O3HO INIw | Uec-e식1 | wodzijpupeeouatunsuooud | + TE MaANOONzTo 1Gk hers | 0 | % ouf sauctcsyud zajapuow | Xg pejnausig pue pouoduj | /S3-tbr0tc | MISANOONI JO LONQOHd | 'sanueod pue | 1.0ciy  SoU re Ame a Miu Bujuejuos sjonpoud sesseooud osje peu juaudjnbe uo paungoejnuew | 'BKos pue pedym suejuoo :uogeuuoju uaésav | whwid stesoesegingd eigy Antol nrenonsue roaca teunoes uOuo ogetuñs pue ud jo aB e시appe poo. | UungpoS/ruansgeN anonaleuuA rouapl | T:E AJWCHRSUPa JEAI eunueN MzzcsN) uuaoer xos)Jeyrsnua uous uoo es BtncossNl | 4ogwDmog.wsnaraprnpguwrl 비jaggfh eeuogeoa unjuouuy (ojoogsnl euuogueag unipos)suedy Buseb | WwNaYOUD/goPys0dr dnus sogonuyapmod oooo MéicsNl OHal uppoauy sueuoO-tuev | Mrpuoc uruar heprmeicar ebbanr uruar Mpu udud)o egacya peaugooup/H-uoNeéns nold noum :sauopeutul | wotpoutanits/Aunuec Neurl ONVOV NVA NSNS ONNONVONAW | awnL.otsogorcoar] ONVA UNMSIa S3SoHdw3W VoNr DNvA NvIVhvHad VOvd ISxNQoddIQ | Ma/타ugT uuP Inu3 TVBAL MVLAOIG ONVA NVHVA HVLAVg IVHI'NADHATV ONNQNVON3W | ABwe1 VINVA MLLALNIS VSNHAd'UVTAQAN MLLISA기) | wv/Nvirvs uad HvIwnr 1STNWAONAdONNOVT UNd WVAVS'(1VNOBHVB WNINOWY WNIHIN) | wrsanuinrewo coendeg terunr | oag Dut나gg/osg ue aryt | DMIN ISVWHOINI ONNONYONAWUVBVNXVANIWNVINDNOISAL ONNdAL ISISOdWON
000979,2021,06,14,2021-06-14,s1,오리온 | 후레쉬베리 FRESH BERRY | 801117545512 | 2020. 12. 15>08: 53 | 221.06.14F2
000980,2021,06,14,2021-06-14,s1,후레쉬베리 | 2020.12-1503:53 | 2021.06.14VF-2
000981,2021,08,08,2021-08-08,rot90,OQ:4431631 20210808 | RiCS THICKE | Rouno Great
000982,2022,02,15,2022-02-15,s1,"USE BY15FEB22B 09107 | Clara Pan-steak Beyf& Bro | Ole | PASTA SAUCE | ltalian Style | Cook penne according to package ims | •In a pan, saute garic onions and dho | Bend in Car Oe Italn Style"
000983,2021,08,20,2021-08-20,s1,AKBAR | 식품위생법에 의한 한글표시 | 제품명 히비스커스허브티(HIBISCUS) | 식품의 유형 침출차(허브티) | 원료및함량 00%） | 중량 100g | 포장재질 폴리에틸렌 | 보관방법 건냉한 장소에 보관 | 반품및교환 수입원 및구입처 | 제조원 Akbar Brothers Ltd. | 수입/소분원 032)672-3742 | 판매원 ）1800-9750 | 교환또는보상을 받을수있습니다. | 2021.08.20 | OTHER | 200~250ml Black Tea 2~3분 | 90~100℃ Herbal Tea 3~5분
000984,2021,08,20,2021-08-20,s1,BAR | 식품위생법에 의한 한글표시 | 히비스커스 허브티(HIBISCUS) | 식품의 유형 침출차(허브티) | 원료 및 항량 | 중량 | 포장재질 플리에틸렌 | 보관방법 건냉한 장소에 보관 | 반품 및 교환 수입원 및 구입처 | 제조원 | 수입/소분원 0032)672-3742 | 판매원 （）1800-9750 | 2021.08.20
000985,2021,12,28,2021-12-28,s1,BANANA | EXP:DEC-28-2021 | LOT:OC184296
000986,2021,12,28,2021-12-28,s2,EXPDEC-28-2021 | L0TGC184296
000987,2021,12,28,2021-12-28,s1,Quick Set | Net Wt: MANGO | 85g | EXP:DEC-28-2021
000988,2021,12,28,2021-12-28,s2,Ouck st | Fou serMnR | Net Wt: MANGO | 85g | EXP:DEC-28-2021 | LT0C184296
000989,2020,07,21,2020-07-21,det5,DA CONSUMARSI PREFERIBILMENTE ENTRO IL: PREPARATO A BASE DI | BEST BEFORE: | GRASSO VEGETALE | A LUNGA CONSERVAZIONE U.H.T. | 20/07/21 DA MONTARE E PER CUCINA | P20707 14:94:23含09 | MIX | responsibie sources Board from | FSC FSCC014047 | 1000me | da Montave Whipping | D eperCucina fooking
000990,NONE,NONE,NONE,NONE,fail,Bmnyoo HO BEST BEFOAA 6m | 10 mnmnd U3d MCd | BnnddnM 3hopmuoV 0P | LFOFIODO8 10l 1000mle | 04- 04- cinuptere | 4 4 XIW da | DA CONSLUMAREIPREFER DA CONSLUMAREIPREFER DA CONSOMARSE PREFERIRILMENTE ENMIO ILI DA CONESMAARA PREFERRLMENTE ENTIO IL MENTE ENTRO IL MENTE ENTRO IL PREPARATO A BASE DI PREPARATO A BASE DI PREEPARATOABLASEDN PREPARATO ABASEDT PREPARATO ABASEDT | BEST BEFONE: BEST BEFOREE BEST BEFOREE BEST BEFORE: IHN 3NOIZVA8NSNOS VONCTY GRASSO VEGETALE CRASSO YEOTALE GRASSO VEGETALE GRASSO VEGETALE GRASSO VEGETALE | ALUMCA COWSERVEAZNOINE ULH.T. ALUNGA CONSERVAZIONE U.H.T. ALUNGA CONSERVAZIONE U.H.T. ALUNGA CONSERVAZIONE U.N.T. ALUNGA CONSERVAZIONE U.N.T. | eperCucina 로% TOUING 3UNGWTIBRE3.RS mEMINSNOS VO DA MONTARE E PER CUCINA DA MONTARE E PERCUCINA DA MONTAAE E PER CUCINCA DA MONTAREE PER CUCINA DA MONTAREE PER CUCINA | 20 20 20 20 0P | 14 14-34:232409 14:34:2309 14:34:2309 23-109 - G MIX MIX MUX MIX | PSC PSC FSC 식관번P 식관번P F8C-C014047 P80*C014047 P80*C014047 FSC-C014047 L | 1000mle 1000mle 1000mle 1000mle 1000mlC PREPARATO A BASE DI | HOPIA CUZ1R HDPK NDP16 Whippin 1a da da DA MONTARE E PER CUCINA Montare Montare Montarea Montarea Montave eperCucina eperCucina percucivta percucivta PCuciHa ooking ooking Wwippins Wwippins Whipping | WWINOSY0 ZIONE U.H.T. | DA CONSIUMARST PREFERIMILMENTE ENTRO ILG PREPARATO A BASE DI | BEST BEFORE GRASSO VEGETALE | ALUNGA CONSERVAZIONE U.H.T. | F2007 2P2697261 DA MONTAREE PER CUCINA | 14.34:2309 MIX | Boart Fr | PSC | F8C-CG14047 | 1000mle | HDPK dla Montaye for Whipping | eperCucinta fooking
000991,2021,03,04,2021-03-04,s1,"10% | 6% | 8% | 10% until thickend; stir. | It source of | Cholesterol, | in A, Vitamin C, time is approximate. | Jes are based on a | ITE HOMINY CORN | ERALS: NIACIN, | THIAMIN MONO- | VIN, FOLIC ACID. | ods Sales, Inc. | Ralcorp Holdings,Inc. | ,MO6318-618 | WITH 14173-D | SINEERING R096153 | FG-ZG1-A#10a | 12NK09119 | BEST BY MAR 04 2021 09:34"
000992,2021,04,NONE,2021-04-NONE,det5,"10% 2 SlowNy stir n gnt | 0% 3 | 8% 4 until thickend: stir. | 10% | 8ource of ase more wuter. | Due to diterences in micros | Vitamin Bine Is approximato. | Dacd ona | OMINY CORN | MIN MONO. S: MACIN. | OLIC ACID. | hes,. Ine. |  Holdings, Inc. | 6318-5618 | 14173-D | R096153 | EERING FG-ZG1-A#10a | 04 2021 09:34"
000993,NONE,02,18,NONE-02-18,hires,"4본바코드 | 00 | 1801121510179 백도 요거트 Tle | 02.18MA | 200 8 15:49.F1G | 6 여편,"
000994,NONE,02,18,NONE-02-18,clahe,02.180 | T5:49.F1R | PROB
000995,NONE,NONE,NONE,NONE,fail,odd PROB | 7 OE:JN.1M 우로:48까지 우로:48까지 우로:19까지 우류:19까지 | godd PROB PROB PROB PROB 20OD 18까지 | PROB
000996,NONE,02,17,NONE-02-17,up2x,02.17A | 13:10-F1E | 4본 바코드 PROBIOTIC | 880112151010 딸기 요거
000997,NONE,NONE,NONE,NONE,fail,lt0lgQd AERB PROBIOTIC | 4본 바코드 13187 13:187E 13:187E 13:10.F1E 131826 까지 | 륨 | 딸기요기 | 카아당 AERB | 880112151010 | 2ldOigQdD | 4본 바코드 4본바코드 4본 바코드 4본 바코드 4본바코드 PROBIOTI B | 8801121 8801121 0 0% 8 우류:18까지는 | 1510 1510 딸기요 딸기요거 딸기요거 딸기요기 딸기요기 딸기요기 | 4본 바코드 PROBIOTIC | 880112151010 딸기요거
000998,2021,11,11,2021-11-11,s1,"B0 | ren Graisshaft, Germany. | 유사용한 제품과 같은 | H제조하고 있습니다. | 정거래위원회 고시 | 해결기준에의거교환 | L49240005130901614 | Production Date:11/08/2020 | Best Before Date:11/11/2021 | 001686301555"
000999,2021,11,11,2021-11-11,s1,50 | en | Date:11/11/2021
001000,2021,09,07,2021-09-07,s1,pod0 | BEST BEFORE | 07SEP21 | 30811L5
