image_id,year,month,day,final_date,stage,texts
000001,2027,06,26,2027-06-26,s1,止161 | 판매원 홀푸드코리아(주)/제주특 | 2133 | 301空 | 내포장재질 폴리에틸렌(내면) | 号卫空20130628332176 | 반품 및 교환 구입처 | 1899-1494 | 보관방법 직사광선을 피하고 서늘 | 하고 습하지 않는 곳에 실온·보관 | 1포씩 드십시오.원액 그대로 섭취 | 하거나 물에 희석하여 드십시오. | 가볍게 흔들어서 드세요 | ※부정·불량식품 신고는 국번없이 | 고시 소비자 분쟁해결 | 식품안전관리인증 | 기준에 의거 정당한 | HACCP | 소비자 피해에 대해 | 보상해드립니다. | 식품의약품인전저 | 소비기한 | 까지 | 2027.06.26 | LOTNO | 543123
000002,2025,12,11,2025-12-11,s1,Met TI | 나7H | 2025.12.11 까지 | JINCE1963 | 2A12106
000003,2026,05,12,2026-05-12,s1,2026.05.12 | 옥수수40%함유 | Caramel | PoPa | 카라벨
000004,2022,02,14,2022-02-14,clahe,"营型卫电宣20020464088-368 | 등사용시용기따손주의:본제품은토마고 | 등통돼지고기,고기,시고기오징어를사용한 | 조시설에서 제조하고 있습니다. 제품 특상 | 군는 현상이 있을 수 있으나 품질에는이상이 없으 | 들어 사용하십시오.·소비자 분쟁해결 기준에 의거 교관되 | 시질가능성이있으므로,사후에는즉시밀봉해 | 번 하여 주십시오. |  량 해물굴농축액굴자농축액 물농속 | 00850-1001666571 | 801007683508 | [Un1 | 45 | 2022.02.14 16:01 | 고"
000005,2026,07,02,2026-07-02,s1,21:58F590 | 2026.07.02 | 2026.07.02
000006,2026,02,17,2026-02-17,s1,2026.02.17까지 | 40
000007,2026,06,25,2026-06-25,s1,"북동 | 量249 | 후면표기일까지 | 영양정보 | 총 내용량인18 | 260kcal | 카라기님 향료 3종 | 총 내용량당 기준치에 대한 비율 | 1일 영양성분 | 읽,기타식용휴치가공품 | LE喜105mg | 우유,돼지고기 함유 | 탄수화물62g | 5% | 질폴리에틸렌 | 당류 47 g | 19 % | 19870415003402 | 지방O8 | 47 % | 갈, 대두, 혼두,복숭아, 종 | 트랜스지방 0g | 0% | 포함) 혼입가능 :제품을 | 포화지방 0 g | 고삼키지 않도록 주의하세 | 0% | 콜레스테롤0mg | 자 기본법에 의한 피해보 | 0% | 단백질3g | 광선을 피해 온·습도가 | 5% | 보관,개봉 후 가급적 빨 | 이므로 개인의 필요 열량에 따라 다를 수 있습니다. | ·부정·불량식품 신고 | 5700（）1522-40 | 1:본사 및 구입한 곳 | ·제조과정 중 원료가 군거나 고은에서 갈변화되어 흰색 | 명어리나 검은 점이 보일 수 있으나 인체에 무해합니다. | 소비 | 7655709 | OTHEL | 25.06.26 | 부터 | 기한 | 26.06.25 | HACCR | 까지 | 22:06 | A03"
000008,2027,06,29,2027-06-29,clahe,2027.06.29 0
000009,2026,10,29,2026-10-29,s1,"포도씨유 | 백설 | 100% | 수있습니다.사용후비용기와마개는 분리수거하여 재활용합시다.과열되거  | P5 | 2026.10.2909시1 | 제품명 | 포도씨유 | 식품유형 기타식물성유지 | 내용량 | 900 mL(7,430 kcal, 25 ℃C) | 원재료명 | 100% | 업소명및 | 씨제이제일제당(주) | 소재지 | 14049 | 품목보고번호 | 19790190025-19 | 반품및구입처또는 | 소비기한라벨 상단표기일까지 | 교환처영업소 | 포장재질(내면) 용기-PET, 마개-PE | 영양정보 | 나트륨Omg | 100g185% | 87% | 13 | 콜레스테롤Omg | 0% | 단백질0g 0% | 1g=1.09mL"
000010,2026,06,08,2026-06-08,rot90,씬즈 | 2026.06.08 E | 곳 | 오 | 초코 크림
000011,2026,02,05,2026-02-05,s1,리츠 | 치즈 | 리츠 | 치즈 | RITZ | RITZ | CHEESE | 2026.02.05 0
000012,2026,03,23,2026-03-23,s1,ARLEY HARDI | 공한 | OTHER | 사광 ma | 용물의 파손을 막기 | ircushion)을하 | 1정·불량 식품 신 | 180941318821641 | 소비기한: | 2026-03-23 | 까지
000013,2026,03,20,2026-03-20,s1,"ONEY MUSTAF | 기한 | EL | 2026.03.20A | 첼 | 품명:프레첼허니향머 | TARD | H名号:85 g(409kcal | 품유형:과자(유처리 | E | 나드맛 | 넘기도파주시월통산로40 | 러드머스타 | E 변성전분 데스E | 당가공소금정제소금 제상인 | 사양벌꿀 | 김.대두,우유"
000014,2026,01,31,2026-01-31,s1,"한국식 스웨데젤리식품의유형캔디류 | 号丘7120100211096119 | 100g(360kcal) | TEL031-957-4788 | 돼지고기,우유함유 | (식용색소황색제4호,식용색소청색제1호) | 영양정보 | 총내용량당 | 총내용량 | 나트륨44mg | 2% | 지방0g | 0% | 26.01.31 | 100g | 全支号88g | 27% | 트랜스지방0g | 까지 | 360 kal | 당류 7g | 7% | 포화지방0g | 0% | 콜레스테를Omg | 단백질19 | 2% | OTHER | 031- | 손비장 | 상담실 | 957-4788"
000015,2026,03,01,2026-03-01,s1,"Market | 마켓오 브리우니 | E | 2025,09,02/21:35 | 소비 | 부터 | 기한 | 2026,03,01/A | 까지 | Ket | • | ACE2008 | New"
000016,2026,01,22,2026-01-22,s1,"에서 제조하고 있습니 | ·직17""서을 피하고 서늘하고 건조한 곳에보 | 개봉 후 바로 드십시오. | 으로 검게 보이는 것으로 안심하고 드셔도 | 새우가 쏙~ | 표던 가 동색 입자는 파슬리 입니다. | 사자 본팀에 의거 교환,환불해드립니다 | 139 | ·반품 본사 및 구입한 곳. | 새우와 밀가루를잘혼합한 후스팀을 | ·신지를 위해 질소충전포장을 하였습니 | 이용하여 만든 반족을 클러로 앞게 밀어주고 | 식동인전원리인경 | HACCP | y어 | 38010430360 | 구원 줍니다. | Oniainal | 2026.01.22까지 | ④ | 드레싱을 골고루 뿌려완성 | 영양정보 | 총내용80 | ※농심의 독자적인 설비와 공법으로 만들거, | 410kcal | 직구 | 방동) | 가정에서 동일하게 만들기는 어렵습니다. | 层量460mg23%个量52g16% | 수신자요금부담 | 농심물 바르라기 | 023-5181 | 2"
000017,2026,11,25,2026-11-25,s1,"1일영양성분 | 총 내용량당 | 영양정보 | 총 내용량당 | 기준치에대한비율 | 나트름14mo | 1% | 지방 0e | 총내용량 48m | 탄수화물19 | 0% | 트랜스지방0g | 4kcal | 당류 0g | 0% | 포화지방09 | 콜레스테롤Omg | 0% | 단택질0g | （2.000cal | 기준이으로,개인의 필요 열량에 따라다를 수 있습니다 | ©20r& LeeVin, ATOoNZ. All rights reserved. | 유통판매시법적벌을받습니다. | 2026.11.25"
000018,2025,04,02,2025-04-02,s1,OPEN | ABC | 씨리얼 | 맺있는 곡물로만든 | 코쿠키 | 초코 | OPEN | ABC | t's ABe Time | 초코쿠키 | kcal5%45% | 쿠키앤크림 | ABC | ：1801062879890 | 초코쿠키 | 25.4.2 B | 쿠키앤크림 | 17:20 | 까지 | 렛트 | HEEDA
000019,2025,07,10,2025-07-10,s1,"4가지 지즈로더욱 풍부해진 | 치즈샌드 | Rich, | 2025.07.10B | 부터 | 2026.04.09 | 까지맛있는약속 | Jig | LC"
000020,2025,10,09,2025-10-09,s1,단팥이 가득 | DELICIOUS | 단팥빵 | *SINCE | J94 | 나2025.10.09까지A1-5정영대 | GOODQUA
000021,2025,10,10,2025-10-10,s1,호밀 발효종을 넣어 부드러운 | 풍미를살린 패스쥬리 | 헉 | 부담은 | 等1220 | 다25.10.10까지A신재명
000022,2025,10,14,2025-10-14,s1,"KIRIN | 가영양 | 고구마 | 크림빵 | 25.10.14까지.A1.F2 | ESH SLOW BREAD | ""연출된 예 | 복합 | 특허유산균 | 구마/20%) | 부담은"
000023,2025,10,10,2025-10-10,s1,빅단팥슈크림빵 | 25.10.10까지.A1/F2 | 맛도BG!기도B | 산균 | 공법 | 풍부한 | 36o kcal) | 단팥앙금 | 수크림
000024,NONE,NONE,NONE,NONE,fail,"U아리브 | 통밀시빵 | 발효빵맞춤 | 허유산균 | 효공법 | 18.8.% | 0.002% | (1,480kcal) | 이미지 사진입니다 | (1.480kcal) | 0.002% | 18.8% | 효공법 | 허유산균 | 발효빵맞춤- | 통밀시방 | 이미지 사진입니다. | %2000元 | oobd | to | '%88 | %20002元 | %881 | 운 | opobd | 통밀시방 | 발효빵맞춤 | 허유산균 | F.. | 요공법 | 25.10:110A | 고 | 부한 | 18.8.%, | 0.002% | (1,480kcal) | 이미지 사진입니다. | I | 통밀시방 | upgrade | 발효빵맞춤— | 허유산균 | 발효공법 | 10-232088 | 고풍부한 | 18.8% | 0.002% | (1,480kcal) | 이미지 사진입니다"
000025,2026,06,11,2026-06-11,s1,"닭고기 | '합포함),짓 | 까지 | 2026.06.11A"
000026,2025,11,13,2025-11-13,s1,앤스지방 | 0g | 표화지방 | 5g | 콜레스테롤 | 0mg | 단백질 | 11g | 1일 영양성북 긴준침엘 대한 비육 | 에 따라다를 수있습니다. | OTI | 809486 | 992593 | 소비기한 | 2025.11.13 | 까지
000027,2026,04,27,2026-04-27,s1,E0 27.04.2026 | PD 28.04.2025 | F07:57
000028,2025,03,31,2025-03-31,s1,GHANA행복사서항 | 970-4567-5050 | 가나와 함께한 50년의 이야기를 | 지금 바로 들어보세요 | (용성에세지 유효기간: ~25.3.31) | B한간 2.8. | ∞ | 품릿습 | 변정통서 | 통능
000029,2026,08,02,2026-08-02,s1,"총내 | 영등보 | 포화지방 | 워미구 | 콜레스테를 | 고번호 | 대료명 | 단백질4 | 1일영양성분 | 기준이므로 개 | ·제품0 | 유화제,향료IV | 30℃ | 낮은습 | 습 | 돼지고기, 복승아 함유 | 롯데웰푸드 | 비닐류 | 801062898862 | OTHER | 2026.08.02H1 | 까지 | )"
000030,2028,08,17,2028-08-17,s1,"3,480 | 3,480 | SPAM | SPAM | MA6 | 맛의비밀 | 28.08.17 | 16-447 | 맛이깔끔한 | 는 맛있게 | 기부방법 | 게 | ? | 1 | 점선을따라 | 2 | 금호수를채취, | SPAM | 파우치를 | SPAM | 사이프리스 | 열어주세요 | 제) | 돼지고기 함유 | 보관방법 실온보관 | 30405015-210 | 포장재질(내면)폴리프로필런 | 80g/250kca | 영양정보"
000031,2026,02,14,2026-02-14,s1,"신상품 | 기격 | 1 | 2개 | 1,460 | 알인 | 구매시알인 | 2026.02.14 | 0839A182 | 간르이는 | 용원해"
000032,2026,03,28,2026-03-28,clahe,JlN | 2026.03.2811 | B2 13:40 | 너라면 할 수 있어
000033,2026,06,17,2026-06-17,s1,"1.660 | 1,770 | PEPERO | LOTTE | 26. 06. 17 09:29 F2 | 까지"
000034,NONE,NONE,NONE,NONE,fail,"3790 | 手37（185kco | white cook | PRER | 1,660 | PEPERO | LOTTE | 까지 | white | PRET | LOTTE | 1.660 | PEPERO | 3. | 3700 | white | 까지 | 난D | 099'1 | 3OLTT | ZIEN | PD | 1LLTm | 0991 |  UEE어 | 6OE  | white | 화이트쿠키 37 gl | 화이트쿠키 | 90 | PREIZ | 1.660 | PEPERO | DLOTTE | B.E.그 B 18 F | 까지 | white | white cook | PRETZ | 1,660 | PEPERO | LOTTE | 까지"
000035,2026,08,17,2026-08-17,clahe,[!bel | 3E | 2026. 08:17까지 | 2481043 | 2051- | TEL)02 | 제45 | 난면 | 영업신고
000036,2026,08,26,2026-08-26,s1,1+1 | 3.980 | 1+1 | 야채죽 | 단호박죽 | 2026.08.26까지 | 11:48F3
000037,2026,07,17,2026-07-17,s1,1+1 | 조리예 | 9번 | 박주 | 2026.07.17.까지 | 22:59F3
000038,2027,02,12,2027-02-12,s1,"오뚜기크림스프80G | 2,590 | 1+1 | 3.980 | EF | ISOUP | IPUMPKIN | 2027.02.12/K | 캅스프 | 콘스프 | VONO"
000039,2026,05,26,2026-05-26,clahe,2026.05.26  1지 E | 함께해요! | 참소년 도박 근절
000040,2025,10,11,2025-10-11,s1,2025.10. 111 | 10:25DMEHB17 | GOOD TODAY
000041,2025,10,11,2025-10-11,s1,2025. 10.111지 | 10:52DMEHB25 | GOOD TODAY | 제주A2
000042,2025,10,12,2025-10-12,s1,"Denmark | Min | 2025, 10.12.A | nmarh"
000043,NONE,10,14,NONE-10-14,s1,10.131 | 10.14 09:45 PA | Denma | 유통기한제품 상 | 상단표 | 영업장의 명칭 | 월F8B | ik | 및소재지 | 정읍 | 1A원유 | 덴마크 | H니쉬우유 | 130℃ | 동물복지
000044,2026,02,07,2026-02-07,up2x,26.02.07까지 | 23:53 | OTHEF | CJ2a-0 | god | 99
000045,2027,04,21,2027-04-21,s1,·:가공 | ·원명:A() | 변질용은 구입처및 본사에서교형하며 본제용은 공정거래워원회고시 | 号155kca个量210（6%）40寸0g（0%）件190 | 품질경영 및 공산품 안전관리법에의한 품질표시 | IKS | 2027/04/21
000046,2025,10,10,2025-10-10,s1,소비기한 | 나2025.10.10.까지-D 현종
000047,2027,04,14,2027-04-14,s1,"자르기 | 19850499011231 | 식품유형 양조 | 품목보고번호 | 대상(주)순창공장:전북특별자치도 순 | 업소명 및 | 조재치 | 순창읍 순창로30 | 원재료명 | 정제수,탈지대두{외국산(인도·미국·중국) | 비아(감미료),종국,영양강화제 | 대두밀함유 | 내포장재질 | 용기-폴리에틸렌테레프탈레이트,뚜 | 에틸렌 | 8고객상담실 | F12408 | DAESANG | 소중한 자원,깨끗한 환경 | 소비기한 | 2027.04.1415:55"
000048,2026,06,12,2026-06-12,s1,nlb | uael | 만이야기 | 아기 절병 | unlabe | 1.100 | 26.06.12까지F111401:33GB
000049,2026,03,01,2026-03-01,s1,ket | 2브라우니 | 2025.09.02/21±35 | 소비 | 부터 | 기한 | 2026.03.01/ | 까지
000050,2025,09,30,2025-09-30,s1,"제품명 | 후레쉬 미니제리(빙수용) | 영양정보 | 식품유형 | 캔디류 | 200g | 200 | 100g348kcal | 원재료명 | 100g | 농축액, 사과농축액, 오렌지농축액,레몬농축액,혼합제제 | 1일영양성분 | 기준치에 대한비을 | 저 합성향료,트리아세틴),합성향료 | 나트륨 | 1(프로필렌글리콜 | 65mg3% | 프로필렌글리콜,합성향료),혼 | 혼합제제2(주정,천연방 | 탄수화물 | 87 g 27% | 합제제3(프로필렌글리콜,주정, 합성향료,젖산)혼합제 | 당류 | 66g 66% | 제4(천연항료,프로필렌글리콜,주정),홍국색소,혼합제제 | 지방 | 0g 0% | 트랜스지방 | 0g | 포화지방 | 0g | 0% | 출색소,정제수,β3-카로틴(착색료),비타민타} | 콜레스테롤 | 0mg | 0% | 소비기한 | 후면표기일까지 | 단백질 | 0g | 포장재질 | 플리프로필렌2025.09.30 | 1일 영양성분 기준치에 대한비을(%)은2 | 제조원 | 달공씨앤에프/경기도 파주시 정문로 | 기준이므로 개인의 필요 열량에 따라 다불수 | 543-1(周) | 유통전문판매원 | (주)청우식품/경기도포천시영중면 | 끔과사랑의 과자 | 129 | (주)청우식품 | 반품및교제조원 및 판매원 | 7객행복센터 | 080-039-8585 | www.cwfood.co.kr | 8801204"
000051,2026,01,01,2026-01-01,rot90,"피크닉사과 | 피크닉,사과 | 2026.01.1 | 04145 | 1"
000052,2025,11,19,2025-11-19,s1,"나섯 가지 야채, | 토마토 | 시금치 | 입어요 | 감자 | 고객지원센터 | 080-024-6060 | 09:00G | 2025.11.19 | SNac: | 다코코!"
000053,2025,12,20,2025-12-20,s1,자르기 | 202512.20期周
000054,2025,10,08,2025-10-08,s1,오 | 미니 꿀호떡 | 가25.10.08까지E 이영자 | 16 | Z1400g1124 | %外05 | 0.56%豆
000055,2026,08,04,2026-08-04,s1,제품명새상큼초고추장 | 식품유형혼합장(살군제품 | 4881320g | 2004904797 | 원재료명 | 장 | LOW | 플라스틱 | TAG | 영양정보 | 20g/100225kcal | 100gg | 4g | 류 | 소비기한 | 2026.08.04
000056,2026,07,11,2026-07-11,s1,"소맛있는 | 양님틈뿐 | 미국,호주신)대두(외국신),정제소금 종국, 물엇 정제수,복음대두 | 영양정보 | 8500 | 분대두외국신(미국,캐나다.호주 등).기타과당,고추양팀중국산)주정 | 100g215kcal | 설당,마능농축액,효모씨즈닝,미를 육수베이스분말,생강농축액 복음참께 | 2130mg10761128 | 3.9g7%00.6g4% | 려업소명및소재지대생주 수창공장전북수창군순창을순창로30 | ·오래둘수록색이 진해질 수 있으나 숙성에 의한 현상이므로 안심하고 드셔도 | 됩니다.제품중의검은입자는대두의일부분으로안심하고드셔도됩니다. | 80019-919（ | ·사늘하고 건조한 곳에 보관,개봉 후 냉장보관 | ·반품 및 교환장소고객상담실 및 구입처·본 | ·제조일: | 2025.07.12 | 제품은 소비자기본법에 의거 교환 또는 보상 | 01399 | ·소비기한: | 2026.07.11 | 까지 | F,是,号 智岛F12306 | 8801052438016 |  DAESANG | hps/ww.daesang.com | 뚜영PP,드A:OTHER | 청정원 | DAESANG | 고소하고 맛있는 | 수츠"
000057,2026,06,24,2026-06-24,s1,"Post. | 포스트 | 소금(국내산) | 시아산,필라핀산 | 텍스트린,da- | 성전분 이라비아검 | 영비타민 | POST는 몬델리즈 인터내셔널그룹의 | 스 비타 비타민 | 동서식품 고객상담실 | 리원-코페혼합형 | 080-023-9114 | 은  | W통서식품 | www.dongsuh.co.kr |  것이 한께 식 | 비닐류 | OTHER | 2026.06-24 | 18:52号A | 스트 | 콘푸라이트 | Post"
000058,2027,03,27,2027-03-27,s1,"사랑하는 산람과 국수를 | F2) | 제조원 | 오기국수는 | 최고의 재료와 옛 정성을 | 그대로 당은 최고의 국수 입니다. | 다가수 숙성제면법 | ·대두 | 을  | 손비자기 | 운도로 오행시간 | 으 을  | 보관 | 듣시기 바랍니다. | 총 내용량 | 원 안에 | 인본 수에 맞는 | 정확학 양으로 | 100g340 | 국수를 채우면 | 영양정보 | 딱1인분 | 알게 | 조리세요~ | 39 | 당류 | 797%X | 포화지방 | 19 | 트랜스지방 | （1100g） | 量1.000m5） | 오뚜기국수를 넣고 | ""조리법 대로삶아 행권 드시면 나트륨함량 | 4~5분간 삶습니다 | 줄어들어요~ | %영양성분 기준 | 나트룸 함량 | 조리전 | 삶은후 | *%영양성분 기준치 : 1일영양성분 기준치에대한 | 빠면 완성됩니다. | *당사 식품안전센터 분석 결과 | 8801045""490472 | HACCP | 2027.03.27 | F2A09:15"
000059,2027,06,22,2027-06-22,s1,"2~3번 씻어내어 주십시오. | 억산물에 | Rinse cooked noodies | with cold water twice | or three times. | 4.씻은면을사리를지어그릇에 | 담아놓은후칠가콩국물을 | 부어 드시면 더욱 좋습니다 | Make a coil with cooked | moodles in a bow and | pour Chikab Soybean Soup | to bowl for best taste. | 5.멸치국물이나고기국물 | 을부어서시의파김가루 | 생강,마늘진것을적당히 | 넣어드시면 너욱 맛이 좋습니다. | galic for more delicious soup. | 2027.06.22 까지 | ▪주의사항 | ·국수를삶을때 화력이세면 거품이 나서 넘쳐 | 화재위험이나 화상을 입을 수있으니거품이 | 나며 넘치려 할때 찬물을 한,두 스푼씩 부어가 | 며 익히면 됩니다.·면이 삶아진 후에 계속 오 | 래 끊이면 퍼질 수 있으니 적당히 말랑말랑해지 | 나는것과 함께 토관 하지 말아 주시기 바랍니다. | 직사광선을 피하여 건조하고 서늘한 곳에 실온 | 보관 하십시오.·부정·불량식품 신고는 국번"
000060,2026,04,13,2026-04-13,s1,소재(PP)로 끝는 | 2026.04.130 12  | 안전은  행보을  위한  약속 | 조대법
000061,2026,06,04,2026-06-04,clahe,ABC | 초코쿠키 | 8 | 801062893546 | 26.06.04 8 | 11:32 | 까지 | ABC초콜릿과 | 스프트쿠키의
000062,2026,05,26,2026-05-26,s1,호수 | ZEC | 제대로 만든 크래귀! | 까지 | 26.05.26 4법 | EE
000063,2026,06,16,2026-06-16,s1,CROUN | 부터 | 2025.06.17 | 까지 | 맛있는 약속 | 2026.06.16 | CROUN | 부터 | 5.06.17 | 까진-이는 약속
000064,2026,08,03,2026-08-03,s1,큰피로 | 구론산타우 | 피로회복·자양강장 | <번호: | 2기한: | 2026.08.03.10 :45 | ※본 박스는 운반용입니다.
000065,2026,01,12,2026-01-12,s1,미떼 | 핫초코 마일드 | 2026.01.12 04:5274 | 달콤한 핫초코에 | 풍부한우유맛이더해진 | 부드러운 핫초코 | 是22%010% | 300g1250kcal[30g(125kca/x102W]
000066,2026,08,17,2026-08-17,s1,n. | 커피만들어있어요 | 2026.08.17 08:3년천A/P | 피만 들어있어요 | Maxim. | 2026.08.17 0-3101 | Max | Mocha Gold Mild | AMERICANO BLACK | Mocha Gold | AMERICANO BI | 커피만 들어있는 | Max | 블랙스틱커피 | 모카골드 미 | 0 | 20 | STICKS | 커피원두1 | 20 | STICKS | 중량: 18g | STICKS
000067,2025,12,19,2025-12-19,s1,자매품 | 솟다리 | 중량50g | 2025.12.19까지 | E고기
000068,2026,06,17,2026-06-17,s1,자매품 | ® | 솟다리 | 이 | 3508 | 2026.06.17 까지 | 기구이
000069,2026,06,24,2026-06-24,s1,중량50g | 2026.06.2414 | 기구이
000070,2026,10,08,2026-10-08,s1,좋은 | GOOD TODAY | 가 있는 | 피스타치오 | Pistachio | 2026.10.08까지 | 고소한 풍0O | 바작한 | (1.650kcal) | 100%
000071,2027,07,20,2027-07-20,s1,은은한 풍미와 향긋한 | 마카다마아 | Macadamia | B | 포장 2025.07.21 | 소비2027.07.20까지. | 호주산마 | 300g | 1o실은보관
000072,2026,04,25,2026-04-25,s1,"허니머스타드 | 200104450534 | 유형 소스 | 포장재질용가-폴리에틸렌(내면)뚜껑-폴리에틸렌 | 원료명정제수식물성유지외국산아르헨티나,미국,중국 등)샐러드머스터드 | (미국산식초머스터드소금,터메리,파프리키기타과당,설당,발효식초주정,발효영양원, | 렌지식이섬유 잔단검,겨자분겨자:외국산(캐 | 영양정보 | 나다.미국,우크라이나 등).향미유 건조당일. | 100g285kcal | 효소제제 향신료 영양강화제 대두계란 함유 | 三650mg33%号27g8% | @주식회사 오뚜기 | 128 | 22g22%19g35% | ·밀토마토 우유 돼지고기 쇠고기 조개류굴 | g4.6g31% | 혼입가능·소비자기본법에 따라 피해 보상· | 15mg5%1g2% | 1399 | 광선을 피해 서늘한 곳에 보관,개봉 후에는 냉 | 200 | 개인의 필요 열량에 따라 다를 수 있습니다. | H2034 | 2013-0 | ：080-0231 | ：801045176338 | 소비기한 | DN2 | 플라스틱 | 2026.04.25 | OTHER | 까지 | 뚜껑:LDPE | 라벨:PP | 09:24"
000073,2026,03,12,2026-03-12,s1,"/리드지내면): 폴리에틸렌 | 话199104450778427 | 개원 샘표식품()-서울특시중구 충무로? | 부 | 1052 70 | 본품은 | 안전관리인증 | ccm | 결기준에의 | 소비자중심 | HACCP | '플라스틱 | 있 | 공정거래위원회 | 식품의약품인전처 | OTHER | [지원실(수신자 부담) | 080-872-8888 | 캡:PP리드지:OHR슈링크:페트 | , | |잣혼입기능 | 2026.03.12/A | 반품및  | 영양정보 | [식물성유지 | 난항액난황계란:국산)],발효 | 18g8 | 정제소금,조제겨자클래 | ET | 미국산식초,겨자씨,소금 | 수화을 2 | 본부막 | ,정제수,설 | 설부 | T | H양벌(국신"
000074,2026,08,28,2026-08-28,s1,제품명 | 백설 허니머스타드 소스 | 내용량 | 250g | 식품의 유형 | 소스(살제품) | 소비기한 | 후면 별도 표시일까지 | 실온보관/개봉후냉장보관 | UL | 유통전문판매원:씨제이제 | 일제당(주)충청북도 진천군 광 | 업소명및 | 112 | 소재지 | ·제조원:(주)동방푸드마스타 | CAC宝105 | 번길70 | 2026.08.28/C | 까지 | 한제제(유회
000075,2026,01,06,2026-01-06,s1,잣 성분 혼입 가능. | 1399 | 320g | F24 | 영양정보 | 100g385kcal | L三暑700mg35% | 26g8% | 异 22g22 % | 31g57% | 트랜스지방0 9 | 4.429% | 量10mg3% | 192% | DAESA | 소비기한: | 2026.01.06 | 11:18
000076,2026,08,17,2026-08-17,s1,제품명 | 백설돈까스소스 | L格255g | 식품의 유형 소스(살균제품) | 소비기한 | 후면 별도 표시일까지 | 보관방법 | 실온보관/개봉후냉장보관 | 유통전문판매원: 씨제이제 | 일체당(주)충청북도 진천군 광 | 업소명 및 | 112 | 소재지 | ·제조원: (주)동방푸드마스타 | 반풍 및고 | 号记CHACH宝105 | 번길70 | 영양정보 | 2026.08.17/D | 나트름14 | 까지
000077,2026,03,07,2026-03-07,s1,India | 0.28%98 | 2026.03.07 | 까
000078,NONE,NONE,NONE,NONE,fail,"{토마토,정제소금,구연산 | 옥수수전분), | 국산)변성전분},과·채가공품/미 | 대두,밀,토마토함유 | 300g | 안전관리인증 | 보 | 100g270kcal | HACCP | OTI | mg27%59g18%18g18% | 3%트랜스지방 0g | 5g2%1g2% | 8809781220032 | 2025.0619刘至 | %00 | %00 | g2%1g2% | mg27%59g18%18g18% | 139 | 옥수수전분),굴앗, | 2025.0619至 | 100g270kcal | 300g | 몸및 교환:구입처 및(주페리카나 | ,소스가분리될수있으니잘흔들 | 8809781220032 | '르딩,발효 | % | 한0.영 | HIO | TYO0MAZ | AB | 88융 | '쿠고구능 | 신 (토마토,정제소금,구연산 | 옥수수전문), | 국산)변성전분},과 채가공품/미 | 139 | 300g | 100g270kcal | HACCP | OTI | ng27%个就量59g18%异18g18% | 5mg2%1g2% | (%000kca | 8809781220032 | 2025.0619对至 | 12당,발효 | 옥수수전문),굴 | 국산)번 | 대두,밀,토마토함유 | 식품2,양조간장,파라옥시안식향산에틸(보존료) | 300g | 안전관리인증 | HACCP | 100g270kcal | 식동의약인진회 | OTH | mg27%量59g18%18g18% | 3%트랜스지방 0g | mg미만 2% | 단백질1g2% | %0 | 8""809781""220032 | 2025.0619刘至"
000079,2026,01,31,2026-01-31,s1,머들러로사용 | 뱅쇼(프랑스 따듯한 와인) | ·소비기한 | 2026.01.31 | 까지
000080,NONE,NONE,NONE,NONE,fail,"3,990 | 1225 | 읍 | 8 | 18022591020431 | 합분유 | 가나산,에 | 0 | 롯데웰푸드 | 밀:미국산) | 참유(말레 | 전분),전란 | 부터 | |소금,산도 | 까지 | 지방산에스 | …. | 1… | 혼합분유 | 로필렌 | 띠 | H | ∞ | 802259020431 | 롯데웰푸드 | … | 3,990 | 26R | 066℃ | ㅋ | ∞ | 금 | 길름입 | 혼 | 소 | |X{l | 내자'문Y | 문림영까 | (문닌미: | 0 | 크 | 공곡이돌 | 25 | 066 | 26 | EB | 3,990 | 1225 | 읍 | 필런 | 8802259020431 | 나산.에 | 롯데웰푸드 | 길:미국산) | 참유(말레 | 전분),전란 | 17 | 부터 | |소금,산도 | 까지 | 지방산에스 | 3,990 | 125 | 읍 | 프로필렌 | 8 | 802259""020431 | 혼합분유 | 가나산,에 | 롯데웰푸드 | 밀:미국산) | 팔유(말레 | 전분),전란 | 부터 | |소금,산도 | 까지 | 지방산에스"
000081,2026,05,18,2026-05-18,s1,소비기한 | 부터 | 2025.05.19/10:27 | 마크란? | 2026.05.18 | 까지 | 고 안전하다고 | 하는마크입니다
000082,2026,08,24,2026-08-24,s1,엄아손 | 기운내 | 아자! | 자 | From | 2025.08.25부터3 | 2026.08.24까지A
000083,NONE,NONE,NONE,NONE,fail,행사상품 | 상큼달콤롯데샌드 | 롯샌 | 파인애플 | T  | 까지 | 17 | 롯샌 | 상금달콤롯데샌드 | 행사상품 | 파인애플 | .. | … | 류이피 | HY | 행사상품 | 삼큼달콩롯데샌드 | 롯샌 | 파인애플 | 행사상품 | 상큼달콤 롯데샌드 | 롯샌 | 파인애플 | 까지 | …
000084,2026,03,31,2026-03-31,s1,LOTTE | 대한민국No.1 | 카스타S | 1989 | 소비 | 2025.10.01/12.47 | 부터 | 기한 | 2026.03.31/A | 까지 | 사랑입니다.
000085,2026,03,30,2026-03-30,s1,아름 | 영양정보 | 20mg1% | 全司量40912% | 45201 | 080-024-6060 | (수신자 요금 부담) | http://www.lottewellfood.com | 2026.03.30 B1 | 7818010
000086,2026,03,14,2026-03-14,s1,"제수,엔 | 부터 | 25.09.15 18:25 | 26.03.14 A | 까지"
000087,2026,08,10,2026-08-10,s1,4.120 | 4.330 | 2025.08.11 | 부터 | 까지 | 2026.08.103 | 맛있는 약속
000088,2025,09,04,2025-09-04,s1,부터 | 소비 | 25.09.04 00:34 | 까지 | 기한
000089,2026,09,11,2026-09-11,s1,01103 | 26.09.11 | 15024 | 26.07.11 | DILEE | 집혜 | u한 | WUR | ·에코절취선
000090,NONE,NONE,NONE,NONE,fail,Max | OPEN→ | KF | 식품유형 | 소비기한 | 원재료명 | OPEN→ | 뜨모게 | A | 끝 | x | xew | 용청 | 형한명민 | 유기 | 료 | 품비 | K | 휘CAY | 내려이 | xew | Max | OPEN→ | 온로도 | 내용량 | 식품유형 | 커피 | 소비기한 | 원재료명 | 프레소 | Max | OPEN→ | 으로도 | K | 커피 | 식품유형 | 상단표 | 용 | 소비기한 | 원재료명 | 프레소 | 이o%이상
000091,2027,05,22,2027-05-22,s1,스테비아 | 제주레몬차 | 내내 | 소우 | 제티 | 레티 | L | 초코 | 2027.05.22 10:35진천 | 공부차 | 공부차
000092,2026,12,05,2026-12-05,s1,날내내 | 제티 | 제티 | 2026.12.05 1006F
000093,2026,04,23,2026-04-23,clahe,2026.04.23 | SPARK | LEMON | TRE | ATURAS
000094,2027,06,30,2027-06-30,s1,2027. 06. 30 | kcal
000095,2026,07,29,2026-07-29,s1,P5 26.07.29 | Okcal·m |   | SUGAR
000096,2026,05,26,2026-05-26,s1,Pad | 2026.05.26
000097,2025,11,19,2025-11-19,s1,"중국산OEM | 9（100%） | 제일제당 | 쁘띠첼 | 연출예 | petitzel | 플라스틱 | 기:OTHER | 요거젤리 밀감 | 쁘띠첼 요거젤리 밀감 | Mandarin | 210 g(221 kcal) | 밀감 15% | 나타드코코 15% | 2025.11.19 | 210 | 열량나트륨탄수화물 | 2214% | kcal75mg35g35g9g | 11% | 35%17% | 트랜스지방 포화지방 콜레스테롤 | 0c | 0 g | 47 % | ·식품유형·디류·포장재질(내면:용기/m | EV·소비자분쟁해결기준에 의거,교"
000098,2026,03,11,2026-03-11,s1,Petitzel | 요거젤리 블루베리 | 2026.01.10 | 의하세요·부정-불량식 | 제일제당 | ·소비기한·제품 단  | Pr | 쁘띠첼 | A | petitzel | 요거젤리 화이트코코 | 쁘떠칠 요거질리 화이트코코 | Whitecoeo | 210 g(216keal) | O | 8210 | 2026.03.11 | 4%11%36%15% | Cra 70mg36g36g8g | 0g | 40% | 0% | 0%
000099,2026,03,07,2026-03-07,s1,시설에 | 제일제당 | 쁘띠첼 | 연출에 | petitzel | 용기:OTHER | 필름:OTHER | 과일젤리 밀감 | 쁘띠첼 젤리밀감 | 210g(140kcal) | Mandarin | 밀감20% | 0.97500 | 210gg | 2026.03.07 | 열량나트륨탄수화물 | 140 | 12% | 당류 | Kcal | 11 % | 지방 트랜스지방 포화지방콜레스테롤 | 40mg | 32% | 35 g | 09 | 0 g | 0% | 단백질 | 0% | 0% | 0 mg
000100,2026,02,11,2026-02-11,s1,"Iool | Peonuts | 日早人100%） | A508 | Best before | 소비기한 | 쇠판대원 및 구매처 | 2026.02.11 까지(A) | 땅콩 | 함유 | 07:53:58 | 10,시니 | 1300-1908 | 352-026 | 유리 | 슈퍼너츠 | 460g | 다양한 혜 | 확인하세요! | 6%"
000101,2026,04,08,2026-04-08,s1,래L농 | R욱 | 2026.04.08까지 | K1B1 22:41  | 12961 | 동심 | 육개장 | 한국인의 맛 | 발면 | 면 | 스밑면
000102,2025,11,13,2025-11-13,s1,[unlabel] | [unlabel | 소반 | 2025.11.13까지 | 05:46
000103,2025,12,18,2025-12-18,rot90,EXP:2025/12/18 | 치 | SEBUT | ER BRE | 맛잇케 | 구문
000104,2026,04,01,2026-04-01,s1,S WEE.T | 2026.04.01 | Brand | MILK STICKS | 우유스 | 16
000105,2025,11,09,2025-11-09,s1,2025.11.09까지 | 김:F1단무지:F2 | MEALSY | 리미엄 김밥세트 | 줄 | 440g | (5인분) | 냉장보관
000106,NONE,NONE,NONE,NONE,fail,"No Brand | 브랜드가이다스비자다 | 신이 스마트 컨슈머가 되는 길 | Dlain | YOGURT | Bugas | #요거 | 문첨가 | #이마트 | 10:2013:5 | 스마트컨슈머 | 707.740 | 450gl | 이미지시 | 2.580 | YOGURT | 2.580 | 450g | 이미지사 | 스마트컨슈머 | 이마트 | 브랜드기 | NO Brand | 신이스마트컨슈머가되는길 | ca) | ain | nuga | 요거 | embne | pueia ON | es | 폼상 | llo | UnE | aas'z | 2 lalo | jeo | ODLIO | -.R욱 | 연 | mbne | UIp | pueid oN | No Brand | 브랜드가이라 스비자다. | 간이 스마트 컨슈머가 되는 길 | Plain | (OGURT | mgar | #요거"" | 동후바 | 항무첨가 | 이마트 | 18:2013:5 | 스마트컨슈머 | 767740 | 450gl | 이미지사 | 2.580 | NO Brand | 스비자다 | 브랜드가 0Ir! | 전이 스마트 컨슈머가 되는 길 | Dlain | YOGUAT | nga | #요거 | 항무첨가 | #이마트 | 후박 | 스마트컨슈머 | J | 40 | 0.7 | 450g | 이미지 사 | 2.580 | m.4"
000107,2025,12,25,2025-12-25,s1,NoBrE | 브드M | 당신아스마트한 | 소비기한 | 2025.12.25 | 09:29A | 200ml | 1.380
000108,2025,10,24,2025-10-24,s1,No Brane | 출산글두부 | 상콩 | 국산콩을사용하여만들어 | 0% | 더욱 고소하고 담백한 두부입니다 | 个站号5g2%营号0g0% | 소비기한: | 백질5g9% | 25-10-24까지14 | Joo kcal 기준이으로 개인의 요 량에 따라 | 하거나 빨리 드시기 바랍니다 | 시 소비자 분쟁해결 기준에 의게 | -반품 및 교환장소:구입치 및 | 01011399 | 142044 | 대 위원회 고시 소비사 문생해르기순에는기 | 수 있습니다.반품 및 교환장소:구입처 및 | 11399 | 809387 | 742044
000109,2025,12,12,2025-12-12,s1,"5g30% | 2000d | E%OEO공/EE | .!0- | 제a하고있습요 | 소비b | 2025:12,12W1 | 04:43 D3"
000110,2025,10,29,2025-10-29,s1,소비기한 | 25.10.29까지 | 밥에 싸먹는 행 | ICE | CK | fam | PORK | 스마트컨수스 | 데비배당
000111,2025,10,05,2025-10-05,s1,asty | 5.10.25 11:50F21 | and | 다.소비자다 | GE | EAS
000112,2025,10,17,2025-10-17,s1,생낮도 | 25.10.17 11:10 | 까지 | -여 | （CHE99.99%） | 수 있는 | 0
000113,2026,01,16,2026-01-16,s1,rand | .소비자다 | 2026.01.16 | 담은 | 랑이무침 | ed Radish | 이미지사진 | 식감이살아있는 | 무침 | 니다.
000114,2026,02,28,2026-02-28,s1,어문를 | Capns | neua | ( 0(0 | 2026.02.28 | 어 | 10 | 합번 | 조 | 화 | 품영 | 식글름 | 5O
000115,2025,12,08,2025-12-08,s1,"22300ml | 1,580 | YOGL | 2025.12.08 | PICKLED BURDC"
000116,2026,03,27,2026-03-27,s1,No Brand | 브랜드가 아니다.소비자다 | 당신이 스마트컨슈머가 되는 길 | 2026.03.27 | 쌈무 | 아삭한 | Pickled Radishes | #쌈무#쌈 #고기 #야채 | 350 g(卫:210g/(:90kcal60 %( | 풀 | 식품유형 절임식품 | 제품명 아작한 쌈무 | 판매원 | 37（）/02)380-5678 | 0시0a.(구사)정제수 정계소금(국신
000117,2025,11,28,2025-11-28,s1,2025.11.28M4 | 08:54 F F2 | Ho Brand | 아니다.소비자다 | 브랜 | 스파트 컨슈머가 되는 길 | 당신이 | LD | LEW | BR | AMEI | T | E | #취향저격 | 아메 | 라더
000118,2026,03,23,2026-03-23,s1,2025.11.26 | 08:54FF2 | Brand | W | 2026.03.23 | No Brand | 02:16-0F2 | 소비자다
000119,2026,08,24,2026-08-24,s1,2026.08-24 | 김026·08.24 | 10 FI
000120,2028,08,02,2028-08-02,rot90,202808.2 | .7
000121,2027,04,13,2027-04-13,s1,02380-56787 | 분쟁해결 기준에의거교환 또는 | 한물받을 수있습니다·반품및 | 교환장소:구입처 및 제조원·부정 | 8809580 | 11399 | No Brand는 모두이마트의상표입니다 | 2027.04.13 | MOCHAGO | WICOFFEE | 연카금드 익스
000122,NONE,NONE,NONE,NONE,fail,## | oueI.oN | HV## | EOEIN | 207.04. | No Brand | 브랜드가 아니다 소비자다 | 상신이 스마트 컨슈머가 되는 길 | N1303 | #노브랜드#스마트건슈머 | #옥수수차#구수한#식후한진 | #100# | 친주치/ 5 | 퍼#연# | ### | COEIN | OueiaoN | #100# | #옥수수차#구수한#식후한진 | #노브랜드 #스마트건슈머 | N1303 | No Brano | 이스마트 건슈머가 되는길 | Pteao | COH | puei..N | nll리 | H | EOELN | 퍼#0이#
000123,2026,06,04,2026-06-04,s1,"내용량 | 105g | 졸음깨는껌 | 소비기한하단표시일까지 | 식품유형 | 추잉껌 | 量35%,D-E量27% | 조제[식물성유지 | 레시틴d-토코페(혼합형)] | 0말트 4%,말 | H론명 | 국색소),소비를 | (02)380-5678 | 19930439002-406 | 용한 제품과 같은 제조시설에서 제조하고 있습니 | 11399 | 공정거래위원회 고시 소비지 | 쟁해결 기준에 의기 | 수 있습니다.제품 표면이 주 | 분에 놀아 하양게 | NoBrand는 모두 이마트의 상표입니다 | 2026.06.04 A | 802534 | 881214"
000124,2026,01,02,2026-01-02,s1,2026.01.02
000125,2026,04,07,2026-04-07,s1,"82%, | 품/ | cal) | 2026.04.07021"
000126,2026,06,12,2026-06-12,s1,"No Brand"" | 2026.06.12 | 팝양갱 | #노브랜드#스마트컨슈머#팔양갱"
000127,2026,04,27,2026-04-27,s1,"할양경 | SUPER | 2026.04.27 | No Brand | x'SUPER MATCHA | 0450g | 4,280"
000128,2026,05,28,2026-05-28,s1,"필렌글리콜,글리서 | 항색소,치자정색 | 산균배양분말(유산균 사은 | 자황 | 색소, 정제수 | OTHER | 제조원 | nae | IPPLE | IDER | EGAR | 홍후가급 | 26.05.28 B 까지 | 8206005477 | 영행보 |  40g | 128kcal | 트랜스지방0g | 포화지방0g 0% | 1일일 | 게 따라다를 수 있습니다. | SRCAER | 사과당 | MATCHA BEAN | 말차양생 | SI"
000129,NONE,NONE,NONE,NONE,fail,"2026.0109 | 가장최저의 가격대를만드는것×⑥ | 이것이 노브랜드의 ⑥×⑥ 이념과 철학 | ×⑥당신이 스마트 컨슈머가 되는길 | 유형 | 원 | 최적의 소재와×⑥ 제조방법을 찾아 | nd | . | 380-5678 | 식용 | 돼지 | 서북구 | ×⑥당신이 스마트컨슈머가 되는길 | 이것이 노브랜드의 ①×⑥ 이념과 철학 | 가장최저의 가격대를 만드는 것①×⑥ | 최적의 소재와×⑥ 제조방법을찾아 | 충무로 | 2026.0109 | 스이 | xHE | 인도 | IT | 8195-085 | 공 |  @ | @×극리금클터스하처 | 2026:0109 | 최적의 소재와①×⑥ 제조방법을찾아 | 가장최저의 가격대를 만드는것×⑥ | 이것이노브랜드의⑥×⑥ 이념과 철학 | ①×⑥당신이 스마트컨슈머가 되는길 | nd | 원 | 한제품 | 뒷면 | 표시 | 18 | 일까지 | 67 | CHIFOOD COLTD | 서 | (년 | AN | DL-사과무 | ESG | 한색제 식용색소황생제 시 | 청색제회]동축오지주 | 으렌지오일,향료 4 대지 | 선을 | 9 | X | ~일원 | 원회 | 곤시 | 곳에 보관 | 용한제품 | 쟁해결 | 2026.0109 | 최적의 소재와 ×⑥ 제조방법을 찾아 | 가장 최저의 가격대를 만드는 것 @×⑥ | 이것이 노브랜드의 @×⑥ 이념과 철학 | ×⑥ 당신이 스마트 컨슈머가 되는길 | nd | .소비 | 슈머가되는길 | 유형 | ( | 한 제품 월면 별도폭시일까지 (년 | 원 | 2 | 80-5678 | 연산참나트D-사과산 나사 | 한색제4호 식용색소황색제5 식용 | 청색제1회],농축오렌지주 | 오렌지오일, 향료 4종 | 시에 보관 | 돼지 | 의거 교환 | 너 제조"
000130,2027,02,05,2027-02-05,s1,트컨슈머 #모카골드#믹스커피 #달달한 #당충전#홈카페 | AGOLD MIX COFFEE 30 | 골드 믹스커피 | elavor | STICKS | 27.02.05 | 22:41
000131,2026,08,05,2026-08-05,s1,2026.08.05 | 07: 11 | ALNO
000132,2026,08,21,2026-08-21,s1,"SCHAGOLD | No Brand | CORN NUTS BAR | 2026,08.21 김성한"
000133,2025,11,25,2025-11-25,s1,"곳에 보관하십시오 | 피해건조하고 서늘한 | 제조하고 있습니다. | ·본 제품은 공정거래위원회 고시 | 소비자 분쟁 해결기준에 의거 | 2""000000292656 | 25-11-2025"
000134,2026,09,23,2026-09-23,s1,No Brand X OuR Bakery | 2026.09.23 A | Dirty | /Choco | Chunk Granola | 더티초코청크그래놀라 | 식품유형 | 곡류가공품 | 내용량 | 300g | 후면 표기일까지 | 포장재질(내면) 폴리에틸렌 | 문판매원 | 고번호 | 20080435169414 | 반품 및 교환장소 구입처 및 제조원 | 메인나트륨 유해
000135,2026,04,18,2026-04-18,s1,"EXP 2026.04.18 | 영양정보 | 층내용 | 나트륨15mg | 1%탄수회을 4 | 당류4g | 4%지방0g | 트랜스지방0g | 포화지방 0g | 引量0mg0%E0 | 필요열량에 따라 다를 수 있습니다. | 주의사항:제품을 규대통놓는 | 이미지사진 | 뚜껑:PP | 리스틱 | 내포장:OTHER | 재활용어려움 | 조심하시기바랍니다/이 | 대투문 | 밀,혼두복충아를 사용 |  알리먹는#겔리스틱 | 원회고시소비자분장 | N184 | 받을수있습 | 노브랜드의 이념과 실천 | NoBrand"
000136,2025,12,02,2025-12-02,s1,"트랜스지방 | 3% | 치오일, | 3%335mg | H두밀함유 | 10mg | 산공단 | 클레스테를 | 4%19g | 단백질28 | （%）号2.000kc | 구세종대로 | 영양성분 기준치에대 | 따라다를수있습 | -5678 | 준이므로 개인의 필요 열 | OTHIR | 내포장:이 | 가급적 빠른 | 8180107713718001 | 재활용어용 | 은온도편차 | 인하여 변질 | HACCP | 장으로 | No Brand는 모두 이마트의 상표입니다 | 세요 | 소비한 | 2025.12.02 | A | 까지"
000137,2026,03,26,2026-03-26,s1,"이미지사진 | WAFERS | HOHICHA | 원재료명 | 품유형 과자 | 충청남도 아산시 신창 | 48（） | 구세종대로7길 | 우유,대두,밀 함유 | 5678 | 60g | 반품 및 교환장소구입처 및 제조원 | 곳에 보관해 주시고 개봉 후에는 빨리 드십시오. | 60g/60gg310kcal | 소비기한 | 2026.03.26 | 12 % | 14g14% | /13:36 | 13g87% | 6g 7% | 까지 | 의 필요 열량에 따라 다를 수 있습니다. | N2063 | 브랜드의 이념과 실천 | OTHER | 804433 | 103510"
000138,2026,05,14,2026-05-14,s1,"형과자 | /02-380-5678 | 제품의 별도 표시일까지 (년/월/일 순) | 유, 정제수, 코코아분말, 우유분말,향료, 대두 | 밀가루설팅 | 레시틴 | 탄조 | 나트륨 밀,우유,대두 함유 | 폴리프로 | 직사광 | 피하고 서늘한 곳에 보관 | 교환장소:구입처 | 수 있습니다. | 1399 | 400g | 100g499kcal | 1일영양성분 | 기준치에대한 비율 | 2026/05/14 | mg | 7% | 9g | 21% | 31% | 43% | 방0.5 g미만 | 13g | No Brand 는 모두 이마트의 상표입니다 | 87% | 5mg | 2% | 7% | （%）2.0kcal | 열량에 따라다를 수 있습니다 | 비닐류 | 21087685119730631 | Stock Code: NB2"
000139,2026,07,26,2026-07-26,s1,"HoBrano | No Brand"" | 브랜드가 아니다.소비자다 | EXP: 2026/07/26 | 266101"
000140,2026,07,14,2026-07-14,s1,"：02-380-5678 | 원재료명 | 밀,대두,우유,계란 함유 | 환불 받을 수 있습니다. | 반품 및 교환장소:수입원 및 구입처 | EXP: 2026/07/14 | 146101"
000141,2026,09,17,2026-09-17,s1,스틱 | #노브랜드 #스마트컨슈머 #고소한 | #간식#우유랑#참깨스틱 | 2026.09.17 | RISPY | NACK | CRISP | SNACK
000142,2026,05,14,2026-05-14,s1,F2-2026.05.14까지 | No Brand | 브랜드가 아니다.소비자다 | 당신이 스마트컨슈머가되는길 | Cheddar | 체다치즈볼 | 다치즈ㅁ씨즈닝 | N189
000143,2027,03,06,2027-03-06,s1,"제품명 | (图0/（02)380-5678/ | 수입원 | 37 () | 원산지 이탈리 | 혼에서 일정시간 보광시 원상태로 돌아오며,품질에는 문제가 없습니 | 본 제품은 공정거래위원회 고시 소비자분쟁해결기준에 의거 교환 다 | 수입원 및 구입처 | 영양정보 | 100 | 100mlg820kcal | 나트륨 | 0%탄수화을 | 0%당류 | 91g1 | 169% | 019 | 14993 | 콜레스테롤0mg | 0%단백질 | 0% | 06/03/2027 L154448 | 2000000806785 | No Brand는 | N776 | #노브랜드#스마트컨슈머#식용유#파스타 | 이마트의상표입니다 | #샐러드#엑스트라버진#이탈리아#올리브유"
000144,2027,03,25,2027-03-25,s1,e pleet | 딸기청 | Sweet | I청 | Fruit Tas | 2027.03.25 D | Strawberry | Main Iingredient | N1838 | Strawbem | 80g | No Brand | 브랜드가 아니다소비자다 | （40%）70 | 당신이 스마트컨슈머가 되는길 | 580 g | 액상차 | 딸기당절(딸기40% | 뜨하게기
000145,2027,03,24,2027-03-24,s1,"생강청의 Des | 사원한 | dweet | 청 | 따뜻한 | 제품명 | 소비기한 | 따뜻한물 | 식품유형 | 품목보고번호 | 밀크티 | 원재료명 | 신신한 유위내 | 생강(국산) | 산)0.7% | 토핑 | （）34.98 | 10.02 | 올레오레진진 | √푸드베이스 | 신송길 | 샐러드라에 | 제조원 | 주의사항 | 유통전문 | Frult Ta/ | 보존료 무참가제 | 판매원 | 색이 진해질 수역 | 2027.03.240 | 포장재질 | 특이체질,알려리 | 027.01.23 | int | 에 따라 과민분을 | No Bral | 2027 | Ginger | 원료 확인후십 | ·원료의 특성상 | No | 고 | 현상이 생길수 | 액상치 | N1195 | 브랜드 | 주에 | 이없/ | 당신이 | 노브랜드의 이범과 실렌 | 부정,불량 | ·본제품 | 593%，07% | Type | 한제품과 같은 | 있습니다 | 본제은"
000146,2026,04,03,2026-04-03,s1,"No Brand | 드가아니다.소비자다 | N1368 | DAILY | .PET | 명데일리갈릭 | 2026.04.03까지B | 유행소스살균 | 1315g | 본관방법:직사광선을피하고 | 사질용기리드지 | 실온에서 보관하시기 바랍니 | PE·PP | 달걀 | 010） | 본관 | 쇠고기 | 함유 | 하시기바랍니다.복 제품은 | (대두:외 | 밀,닭고기,아황산류,메밀 | 발효식초 | 고등어,게,복숭아 호두 | 토마토 돼지고기,새우 조개류 | 국산 | 사용한 제품과 같은 제조시 | 추 | 출액 | 제조하고있습니다.-포성 | (변성전문) | 변형,팽창,손상되었거나 | 진제 | 내용물이 변질되었을 경우 | ,바질 | 드시지 마시고 구입처에서 | 오레 | 교환하시기 바랍니다. | 이a | 보 | 파라옥시 | 표시일까지 | 제품은 유통 안전성을 | 이마트서울특별시중구 | 시키기 위해 질소가스 | #0星7237（） | 포장을 했습니다본 | 은 공정거래위원회 | 0380-5678 | 소비자 분쟁해결 기 | 스충북 청주시 흥덕귀 | 의거 교환 또는 환불 | 912102 | 수 있습니다.·부정· | 식품 신고는"
000147,2026,03,21,2026-03-21,s1,Bran | 2.680 | 2026.03.21까지 B | 335g | 780
000148,2026,02,26,2026-02-26,s1,장 | 볶음 | (각종 | 요리의 감칠맛을살려 | EXP26.02.26 | No Brand | PRD24.08.27 | 만능 | 지일보D | 맞소금 | 껑:PP | 라벨페트 | 후추
000149,2026,04,28,2026-04-28,s1,국산 고층가루 | 제품명 | 卫外早190g | 식품유형 | 卫100 %(H) | 원재료명 | 하단표시일까지 | 소비기한 | 보관 및직사광선을피하고서늘한 | 취급방법 | 곳에 보관하시기 바랍니다. | 제조원농업회사법인 한생(주)/ | 충남 서천군 장항읍 장항공단길 | Brand | 28117/041-956-1434 | 을 이 | 소비자다 | 유통전문판매원(주)이마트/ | 37 | (全) / (02)380-5678 | 만능 | 号2005047117351 | 0%국산 | 충가루 | 소비기한: | 2026.04.28 | 까지 | 26 | ERPOWDER | 1#양년 | #고추 | Nd Brand
000150,2026,08,12,2026-08-12,s1,소비기한하단표시일까지 | 프탈레이트뚜껑-폴리프로필렌 | 재질 | 직사광선을피하고서늘한 | 보관및 | 취급방법 | 곳에 보관하시기 바랍니다 | 제조원농업회사법인 한생(주)/ | 주의사항및 보관방법 | 충남 서천군 장항읍 장항공단길 | 객봉 흥 냉장복관하 | 28117/041-956-1434 | 수 | 유통전문판매원(주)이마트/ | 애벌레이 | () / (02)380-5678 | 号卫2005047117389 | 제품 | 소비기한: | 2026.08.12 | 까지
000151,2026,09,07,2026-09-07,s1,Brano | TM | d | TM | nd | 2026.09.07 .B | 소비자다 | 법을찾아 | 만드는 것 | 과 철학 | 되는길
000152,2026,07,31,2026-07-31,clahe,d | 기자다 | 소비기한 | 2026.07.31.8 | 12cm3 | 약4장분광 | 5
000153,2026,10,12,2026-10-12,s1,P | 쌀가루 40% | EXP:2026/10/12E
000154,2027,08,13,2027-08-13,s1,2027.08.13 | rand | 까지 | [Un비e] | NoBrahd | 브렌
000155,2026,06,22,2026-06-22,s1,우리필법 | 2026.06.22 까지 08:26:40 L1
000156,2026,07,29,2026-07-29,s1,까지B | 2026.07.29 | 올리오 | NoBrand | 466 | %666
000157,NONE,NONE,NONE,NONE,fail,N1586 | 61904 | 22028190 | ECIN | N1586 | 2027 | 노1우요4 | Q5-0722027 | nbbb
000158,2028,07,20,2028-07-20,s1,당기준 | 10mig | Omg | 기증치에 대하 비을 | 물3g | 나E륨Omg | 0% | 반수화물 3g | 1% | 上#37% | 당류30 | a10% | 3% | 지방0g | F12308 | 0% | 트랜스지방0g | 포화지방 0g | 0% | 콜레스테롤0mg | 단백질09 | 0% | 0% | 2028.07.20 16:34까x
000159,2027,01,08,2027-01-08,clahe,생자 변강해결기준에 | 또는 한를 받을 수 있습니다. | 부경·령식품 신고는 국번없이 | 1399 | 사용시주의사항:당분으로 인해병 | PMATSUL | 일구에 책 결경이생길수있며 | 에#잡내제거#비린내제거 | 수성 과경에서 매실 침전물이나 | 제상이 싶어서 있으니흔들어 | 사용하십시오. | 1 | 이미지사진 | K품면:있송 | 소비자증심 | ccin | 0 | ACCP | T | 뚜껑:LDPE | :OTHER | 소비기한 | 2027.01.08.21
000160,2026,10,27,2026-10-27,s1,참치 | PRO:2025/04/28 | EXP: 2026/10/27 | 액 | 3.780
000161,2027,05,10,2027-05-10,s1,"1004电 | N1674 | 250g100G个 | 대상이 근신공장 | 전북특별자치도 군산시 외항로 84 | 딩 | (취이마트/서울특별시 중구 서종대로일 37 | 全数】/02-380-5678 | SYRU | 용가-폴리에틸렌터레프틸레이트 | JP | (PET),캡-폴리에틸레(PE) | 号生卫20030484120103 | D-LOPE | 산품 및 교환장소 구입처 및 제조원 | :OTHER | 올리고당! | 2027.05.10 16:53 | N1212"
000162,2027,06,12,2027-06-12,s1,법에 의거 교환 또는 보상 | 01399 | 05.10 16:5 | wand | 뚜정:LDPE | 라벨:PET | 훈연참치력 | 900ml(2） | N12 | 2027.06.12 까지 | 몰리고당 1.2kg | 4.580 | 노브래
000163,2020,01,01,2020-01-01,rot90,2026. | ·1.1.20까지 | 보관시 지퍼를 이용하세요 | 뜯는곳
000164,2026,04,27,2026-04-27,s1,보관시 지미를 이용하세요 | 가다 | 2026.04.27까지 | 는길 | 0
000165,2027,01,13,2027-01-13,s1,묻는곳→ | 보관시지퍼를이용하세요 | 2027.01.13까지
000166,2027,08,18,2027-08-18,s1,뜯는곳 | 보관시지퍼를이용하세요 | 2027.08.18까지 | 문
000167,2026,08,07,2026-08-07,s1,2026.08.07 | 까지B | 8 | 115mg | 8 | olo | 25 g | oo | 8g | 탄수화물 | 1.9 g | olo | 당류 | 09 | 0% | 0o
000168,2026,02,16,2026-02-16,s1,"1,580 | 2026.02.16F2 | 안전관리인증 | HACCP"
000169,2026,03,18,2026-03-18,s1,2026.03.18 | 까지 | F1
000170,2026,09,07,2026-09-07,s1,Seelloreo8ll8 | 2026.09.07 1A E | 제장한그룹
000171,2026,05,27,2026-05-27,s1,"F1 - C 13:38 | 2025.08.28부터 | 2026.05.27까지 | 제품명 | 초코 소프트콘 | 식품유형 | 초콜릿가공품 | 내용량 | 120 g | 옥수수가루(옥수 | 탕, 가공유지(판 | 시아산),코코"
000172,2026,06,10,2026-06-10,s1,F2-B 15:33 | 2025.09.11부터 | 2026.06.10까지 | 제조원 | 전남 담양군 담양읍어 | 에코길 | 유통전문 | 판매원 | 유지(팔을 | ) | 원재료명
000173,2026,09,17,2026-09-17,s1,IRJOIO | AㅅI | 아이비 | LOW SUGAR | 손비2026.09.17A1 | 기한
000174,2026,09,05,2026-09-05,s1,제존 | 일자 | 2025.09.06 | 2026.09.05A2
000175,2025,09,29,2025-09-29,s1,문bER | 화이트하임 | 크래커 | * | 2025.09.29B | 부터 | 2026.06.28 | 까지 | 맛있는 약속
000176,2026,09,22,2026-09-22,s1,크래커 | 00 | 크래커 | ※0 | <O | SALTINE CRACKERS | 2025.09.23 | PE | 2026.09.22 | 까지 | 맛있는 약속 | Unn0b | D | 699
000177,2025,08,19,2025-08-19,s1,Sablé | 사브레 | 소비기한 | 2025.08.19 | 부터 | 2026.08.18A | 까지 | 내 | DY
000178,2025,09,26,2025-09-26,s1,땅공신도 | HACCP | 2025.09.26 | 부터 | 2026.06.25 | 까지 맛있는 약속 | 화이트하임 | 무UEE
000179,2026,06,29,2026-06-29,s1,사브레 | 2025.09.30 B4 부터 | 까지 | 맛있는약속 | 2026.06.29 | YDEY
000180,2026,06,02,2026-06-02,s1,식품안전관리인증 | HACCP | 2025.09.26 | 2026.06.2 | 까지맛있는약속
000181,2026,09,08,2026-09-08,s1,부터 | 2025.09.09 | 까지 | 맛있는? | 2026.09.08
000182,NONE,NONE,NONE,NONE,fail,"TEN MINSTE HOUDBAAR TOT | (E)01:57 | 01 10 :2026 | 114464504 | 450 | -PAP21 | VER | CARTON | CARDBOARD | PAPER | Recydling | A CONSOMMER DE PRÉFÉRENCE AVANT LE / MINDESTENS HALTBAR BIS/ | PATES, ALIMENTAIRES DE QUALITÉ SUPÉRIEURE I TEIGWAREN AUS | HARTWEIZENGRIESS/ DEEGWAREN VAN HARDE TARWEGRIESMEEL | BarilaGR.Fratelli-Societa perAzioniViaMantova16643122ParmaItaly | PI | FR | PATES ALIMENTAIRES DE QUALITÉ SUPÉRIEURE / TEIGWAREN AUS | A CONSOMMER DE PRÉFÉRENCE AVANT LE  MINDESTENS HALTBAR BIS/ | HARTWEIZENGRIESS / DEEGWAREN VAN HARDE TARWEGRIESMEEL | BarilaGRFrateliSocietaperAzioniViaMantova,16643122Pama-Italy | 01. 10 :2026 | TEN MINSTE HOUDBAARTOT | 114464504 | (E) 01:57 | CARDBOARD | CARTON | PAP21- | PAPER | VERI | PUT | LS:TO (3) | 9zOz. 0T t0 | 000L | 6000 | 40 | [S:[0(3) | A CONSOMMER DE PREFÉRENCE AVANT LE / MINDESTENS HALTBAR BIS/ | TEN MINSTE HOUDBAAR TOT | 5（(E）01:57 | 01102026 | I14464504 | 450 | PATES,ALIMENTAIRES DE QUALITE SUPÉRIEURE I TEIGWAREN AUS | SHARTWEIZENGRIESS/DEEGWAREN VAN HARDE TARWEGRIESMEEL | laGFratelliSocieazonViaManova664322amataly | P | -PAP21 | VER | CARTON | FR | CARDBOARD | PAPER | Recycling | A CONSOMMER DE PRÉFÉRENCE AVANT LE/ MINDESTENS HALTBAR BISI | TEN MINSTE HOUDBAAR TOT | (E) 01:57 | 01 10 :2026 | 114464504 | 450 | PATES ALIMENTAIRES DE QUALITÉ SUPÉRIEURE I TEIGWAREN AUS | HARTWEIZENGRIESS/ DEEGWAREN VAN HARDE TARWEGRIESMEEL | Barilla G.eR.Fratelli-Societa per Azioni-Via Mantova,166-43122Parma-Italy | P | PAP 21 | VERI | CARTON | CARDBOARD | PAPER | 100g | 19 | 3 | Recycling | 100% | mm"
000183,2027,07,28,2027-07-28,s1,"4,480 | 파스타면의비밀 | 이탈리아감파니아 | 폰타나 | 잘붙지않아처음식감그대로 | 100% | 듀럼밀의배유를같아 | 100% | 면이잘분지않고 면의 탄력성 향상 | 세몰리나가루로만들어 | 배유 부분만 도정하여만든 | 맜있는 | 맛으로떠나는 여행 | PROD.DATE: 2024.07.29 | 2027.07.28 | EXP.DATE: | 16:13 | B1ML21124"
000184,2027,11,19,2027-11-19,s1,.75. | 행시 | 4.280 | 삶는시간 | 7-9분 | L19MZR2 | 19 11 2027 | 이탈리아에서 스파게티를이 | 시간오다 1~2분 정도다 삶이 | DIVELLA | 디벨라스파게티맛있게 | 나.스파게티면이잡길정도의큰님 | 스폰으로 2스폰 정도의 양)의비 | Prodotto in Italia da F. DIVELLA S.p.A. | 3.는 에디벨라 스파게를넣고 | 내시면 디벨라 스파게티의최고의9
000185,2028,03,15,2028-03-15,s1,"CJ琴大哥日吧500g | 영양정보 | 500 | 100g365kcal | 1.7g3%0 | 콜레스테롤0mg 0% | 포화지방g 0% | PP | 단배지11 | g 20% | 이므로 개인의 필요 열량에 따라 | cockcal 기준 | C80-50-1200 | 1666-5471号3） | Ncico | 읽는법:일,월,연도순 | 필렌 | 원산지이탈리아산 | E.DATE: 15/03/2028 까지 | -+100% | 밀함유 | 질수 있으니 주의하시기 | L135TM221:18 | 량식품 신고는 국번없이 | 사용한 제품과 같은 제 | 을수 있습니다.•제품 | 주십시오"
000186,2028,04,14,2028-04-14,s1,al | Tagllolni | 2028/04/14 | L0210 05 | OS | FRESCO | 시작됩니다 | 스파게티는
000187,2028,02,05,2028-02-05,s1,이 | HNINEINIT | |기간율 | 융를%0이룸 | 2028/02/05 | L06T | N2
000188,2027,09,30,2027-09-30,s1,FRES | 프레스코 마카로니는 신선한 | NACARONI | 듀럼밀 세물리나(밀)를 직접 | 선별 업선하여 관리합니다. | 오뚜기 프레스코 스파게티소스와 | 함께 하시면 전문 스파기리정의 | 맛을 가정에서도 손쉽게 | 즐기실 수 있습니다. | 두고살야 | 099 | 넘치는맛을느수입습니 | 출한 곳에 보관 | 이렇게 잘살아낸 마카로는 | 2-231 | 2027/09/30 | 물기를완전히면뒤 | 오뚜기 골드 마요네스 | ) | L24550 | 오뚜기 스위트콘과 석으면 | 총내용량5 | 간단하게 맛있는 살러데 | N345a | 02 | 완성할 수 있습니다. | 补量70g22% | 电器1 | 제조원: | 05g3% | 聘盟13g24% | Pastifio Fbianelli S.p.A | 수입판매원: | 에 수있습  | 880104536050 | 주식회사 오뚜기 | 오뚜moll | 경가도 안양시 동안구 | 다있다 | 405
000189,2026,08,25,2026-08-25,s1,"19:09 | 소비기한 하단 표기일까지 | 이탈리아 전통의 | 다이스드토마토 토마토, 토마토? | 듀림 | 칼습/미국"" 정제수, 토미토페 | (국신),대유설당,블래오디브 | 원재료명 | 스DS, | 제소금,마늘,건조 | 흑후추 | 통마토, 대두,밀 쇠고 | .닭고기조 | 용가-우리뚜껑-저 폴리엄화 | 장소 | 고객상담실 및 구입처 | 콩,게 새우,아황그류,오징어,돼지 | 성분혼입기능서늘하고건조한곳 | 보관하여도 번질우의가 있으니 가급적한 | 본제품은 소비자기본법에 의거 교환 또는 보 | 2-32号250g（895kca） | 80019-9119 | 이탈리아산(OEM) | 빈용기는 깨끗이분리수거하여재활용합시다.소중한자원 | 15:410 | 2026.08.25 | 2개 | 상구매시 | 50 | 9,980 | 파스타: | 영사성 | 2개권 | 50 | 18/0/8"
000190,NONE,07,06,NONE-07-06,up2x,"(IBS)114615 | 2211.26 | 0203.250527 | o66 | [ulbe] | 게품명 | 바실리코 스파게티소스 | A.CO1 | 원료명및토 | 식품유형소시(살제품 | 29 | 원산지 | 이탈리아 | 수입 | 풀무원식품(주 | 안어업소 | 30-27 | 시p | 소비기시일까지일 | 보전방법실온보관 | 는보생을수 | 00g2256kca | 입업소 행 | 용기-유리,뚜껑-철제 | 포장운질 | aLwal | 폴리염화비닐(내면) | 0011399 | hurated | Gbuhyorate | 2.6 | 0.3 | 9 | 2.6 | 9 | Carbohydrates | 이용 | 0.3 | -Sugals | 7.6"
000191,NONE,NONE,NONE,NONE,fail,"：021750 | (주)크래프트하이츠크리아 | 기조원 | (주)에스피씨상립 | 소비기한 | 15까지A | 토바질 | 인 | 소비기한 | coee | 15까지A | HI_HST | HIYHLS T | 흐습서 | （0 | n번건 | K는 태KE | 울파이내스세터20 | 청추지 총택구 산단로 88 (송정동) | 소비기한: | 2026.06 | 15.까지IA | 0 | 입 | 재 | 토바질Ⅱ | AE | 표기울  | EE | 판대원 및 구업게 문의 | ：020750 | NE | 합조미식품 | 올리브 | (주)크래프트하이츠코리아 | 20 | 진탄검,오려가노 | 지조원 | 일, | (주)에스피씨살립 | 우유,대두 밀토마트 | 참수성공 추서시 홍덕구 산단로 8 (승정동) | 0 | 소비기한 | 0 | n. | 5Brox) | 05% | 시17 | 2 L마지A | Kcal) | 유리 | 002389 | 토바질 파스"
000192,2026,06,24,2026-06-24,clahe,DE区SUIR | 신 | HREE | 나한즈가한는 법병동을 햇보유 | [unalel | 电：080-2193-07504 | (주)크레프트하인츠코리아 | GOOD | 제조원 | 주)에스피씨삼립 | 무용  총력구 산단로 8(송장동) | 생기 | 026.06/24까지D | 350 | 이 | 인 재 | (508kca | 002280号
000193,2026,03,06,2026-03-06,s1,Bol | 토마토 | 볼로네즈 | 신선한 토마토 | 소비기한 | 2026.03.06F | 3인분 | 52 | 2개 | 이상구매 시
000194,2027,04,23,2027-04-23,s1,유통전문 | 소비기한 | 하단표기일까지 (년/월 일) | 내용량 | 33g | 원자료명 | 100%（） | 号2009027517831 | COCK | 2027.04.23 | 까지 | LLN | RBMIX | ROS | 리아허브믹스 | 로즈 | 100 | 피코ㅋ
000195,2027,07,01,2027-07-01,s1,"PARSLE | 식품유형 천연항신료(건조제품) | 100% | 필브레드가든 성남공장경기도 성성사 | 제조원 | 가든 바슬리  | 总宁营型52B106.B107.8108 | 용가유리장-상몰리므로들 | 포장재질 | 캡아크릴로니트를-부타디인-스 | (ABS),마개-몰리스티페이페P | 소비기한 제품별도표기일까지(년. | 20090275178346 | 2027.07.01 | 까지 | [ulabel | nb | 215027H"
000196,2027,02,27,2027-02-27,s1,"갈릭비프까장 | 하늘&시교기 | 3.98t | 오즈 | 3,980 | 4.980 | 2027.02.27까지-1 | 깨5"
000197,2026,07,30,2026-07-30,s1,"기 오즈키진 브라운비프카레 | 뚜기 오즈키친 고추마 | 3,980 | 해당 상품은 품절 되었 | ‘른 시일 내에 상품을 준비 | (5)483603 | 2026.07.30까지"
000198,NONE,NONE,NONE,NONE,fail,"오뚜기 오즈키친 토마토 | 3,980 | 100g台26219 | 영양정 | 총 내용량 | 245 | 90mg40%13g | 당튜 9g 9% | 16g30% | 다진 고기가 | 향신료와 | 트랜스지방 0.5g | 40% | 풍부하게 들어간 | 고기의와일드하고 | 45mg15%12g22% | 드라이카레 | 진한맛 | （%2.000kcal7 | 필요 열량이 따라 다를 수 있습니다. | KC | O지7O0W이용시 | 까지 | 분10 | 끝는물이용시 | 끝는물에제품을 봉지째넣고 3분간데워드십시오 | 제품명 오즈키친 포크키마 유형 즉석조리 | KR | 양우원원 | 우유,대두.밀.토마토,쇠고기,돼지고기조7 | OTHER | 号20010445055694 | ·계란 새우게.닭고기,오징어 조개류(전복, 홈회 | 오기 | 채로 투지 마십시오 | 822118 | 34659517 | RET | SECRET | RROTPE | RECIPE | 산) | 소금 | 소비기한 상단표시일까지포장재질 폴리 | 6318 | 때 화상에 및 | 车10 | 82211号 | 드라이카레 | 풍부하게 들어간 | 다진고기가 | 3,980 | 고기의와일드하고 | 향신료와 | 진한맛 | SECRET | 소비기한 상단표시일까지 | 소금 | 원료명 | 제품명 | 끝는물에제품을 봉지패넣고 3분간데워드십시오 | 끝는물이용시 | KC | 화상에 | 오즈키친 포크키마 | 트랜스지방 0.5g | 9g 9% | 영양정 | 量45mg15%12g22% | 790mg40%E个量13g | 포장재질 | 16g30% | 유형 즉석조리식를 | 40% | 고 | 총내용량 | 245 | 品 | 00g台26219 | 오뚜기 오즈키친 토마트 | 양후 | (( | 조 | · | %666 | IY융lo극 | 086' | 알 | 20010445055694 | ro MLne | T |   | .림 | 몬서 | ( | O | IY 융lo 롬극 | Hlo MooLne | JX | 5E%  | %0 | . | %666兰 | S | Cog0oo0 | 80 | 배투엇식 | 1창기인한R인   연 | nael | 오뚜기 오즈키친 토마트 | 3,980 | 100g台26219 | 영양정보 | 총 내용량 | 245 | 喜790mg40%13g | 4% | SECRET | 9g9% | 16g30% | 다진고기가 | RECTPE | 향신료와 | 0.540% | 풍부하게 들어간 | 드라이카레 | 고기의와일드하고 | 45mg15%12g22% | 진한맛 | （%2.000kca0 | 필요 열량이 따라 다를 주 있습니다. | KC | 리인지T00W이용시 | 시 | 끓는 물 이용 | 0최 | '끝는물이용시파우치 밀면(스텐딩 부분에뜨거운 물이 고여화상의 우려가 있으니 주의하십시오""개봉세용을] | .조시는것처의내용물을는곳아레로민후개봉하십시오가열후는파우치및내용물이메우뜨거위 | 제품명 오즈키친 포크키마 유형 즉석조리 | 원료명 돼지고기(국산),양파(국산),복은양파[양 | 카놀라윤(캐나다산)] 정제수 당근,마늘.토마토페이 | 양우 | 지국물농액 사액기스 비엑스 생,우스타 | 지,양조간장,설탕,변성전분 구운양파조각,체다치 | 코리안더,쿠민씨드 카레분,웬넬씨드,강황,고추가 | 카라멜색소테,카르다몸,로즈마리분,덱스트린, | 소금 | 우유.대두.밀.토마토,쇠고기,돼지고기.조? | OTHER | 소비기한 상단표시일까지포장재질 폴리 | 卫20010445055694 | ·계란 새우게,닭고기오징어 조개류(전복 흡화 | 인 u인가는·소비자기법에 따피해 보상 | 5318 | 채로투지 마십시오 | 때 화상어 | 电22119 | 오뚜기 오즈키친 토마토 | 3,980 | 100g826219 | 3465958 | 총 내용량 | 6p9 | 영양정보 | 245 | 88 | kcal | LE喜790mg40%量13g | 4% | m | CRET | SECRET | 元9g9% | 16g30% | RECIPE | RECIPE | 다진 고기가 | 트랜스지방 0.5g | 포화지방 | 향신료와 | 6g40% | 풍부하게 들어간 | 고기의 와일드하고 | 45mg15%12g22% | 드라이 카레 | 진한 맛 | 1（%2.000kcal | 개인 의 필요 열량이 따라 다를 주 있습니다. | KC | 까지 | 품생원의장신관 개봉한 후봉지피서워 |   | 1是10去 | 끓는 물 이용시 | 간70ON) | 끓는 물에 제품을 봉지째 넣고 | 3분 | 간데워드십시오 | 제품명 | 오즈키친 포크키마 | 유형 즉석조리식는 | 원료명 | 양우 | 소금 | 비닐류 | 우유.대두.밀.토마토.쇠고기.돼지고기.조 | OTHER | 소비기한 상단표시일까지 포장재질 폴리프 | 号工20010445055694 | 결람새우게,닭고기,오질어 조개류(전복 홈 | 10431 | 알 효입가능·소비자기본법에 따라 피해 호상 | 686318 | 포함 | [오뚜기 | 채로 투지마십시오·조리! | 때 화상에 | 피하고"
000199,2027,09,07,2027-09-07,s1,"오즈키진 | Lalir Mokan | 196903640041717 | 마토,쇠고기 함유 | 유통전문 | 샘표실품출/서울 | 118 | 판매원 | 중구 충무로2 | 매원및구입처 | 포장재질/내면-폴리에틸렌 | 습어 | 시설에서 제조하고 있 | 주의 | 장지 | 개봉후보관시에는 | 밀봉하여 | 십시오 | 100g450kcal | 2개5 | 탄수화물 58 9 18 %당류 19 9 19 % | 0610g67% | E10g18% | al 기준이므로 개인의 필요 열량에 따라 다를 수 있습니다. | 8801005001144 | 080-875-9999 | www.tasia.co.kr | 2027.09.07 B1"
000200,NONE,04,03,NONE-04-03,s1,"오뚜기카레 | 노란 | 최고의 건강요리입니다. | 空车）100g | 2,380 | 오뚜기 카레 순한맛 | 엄격하게 선별된 원료와 오랜 향신료 블렌딩 노하 | OTOKI CURRY MILD | 재료(4인분)s | 물을 고 재료가 완전히 익을 때까지 끌입니다 | 유형 | 제조원 | 총개률 흥일기자 | 양정보 | 1회 섭휘참고 | 档4.3g | 설위참고량"
000201,2027,03,30,2027-03-30,s1,"카레는 | 노란오뚜기카레 | 는 | 최고의 건강요리입니다. | 3,780 | 2,380 | 2027.03.30까지 | 13:583D11P | S2 | 비밀카레 | 약간매운맛 | 글루텐프리 | OTTOGI GLUTEN FREE CURRY MEDIUM | 카레라이스 | 비(밀의 레시피 | 재료(4인분) | 1.밀가루가 아닌국산가루쌀로더욱 고소하게! | 230% | 조리방법 | 44.1% | *오푸기카레 약간매운맛 기준 | 유형 | 다음밥위에없어내면 완성됩니다. | 원료명 | 상단 표시일까 | 마늘분,후추분,표고버섯에기스문말 | 포장재질 | 폴리에틸렌( | 돼지고기 | 제조원 | 춘식회사 오뚜기"
000202,2027,02,06,2027-02-06,s1,최고기씨성 | 2+1 | 2+1 | 개a | 2번1 | 2·1 | 천짜장 | S1 | 2027.02.06 | 05144 F3.1 | 있·는·3·분·요·리 | 까지
000203,2026,07,01,2026-07-01,clahe,"国电器2001038182580 | 과 함께 짜장연으로도 즐겨보세요! | 산),돼지고기(국산, 양파(국산),춘장 | 소세기한 하단 | 산도조절제) | '스 드오니온,특제 | ,카라멜색소Ⅲ | UO | (감미료) | 우유. | 제두,밀,돼지소기,닭고기,쇠고기,초 | 변성전분,대파 | 시현곡면나 | 계탑 | 14-38.2号 | (주)/서울 | 구충무로2 포 | 358-7 | 시 | 그입처·알류 | ↓,땅콩,고등어,게,새 | 내면-폴리프로필렌 | 제품은 소비 | 기본법에 의거,교환 또는 | 치에 손이 베일 우려 있으니 주의·포장 | ,토마토,아항산류 | 드거우니 안전사고에 주의·직사광선 피 | 가능·부정 | 형,평창, | 프량식 | 온보관 | 전 | 180g150kcal | 号22g7%：号8g8% | g0.7g5% | 7913% | 준이므로 개인의 필 | 에따라 다를 수 있습니다 | 8801005200257 | 안전관리인증 | HACCP | 2026.07/01 | OTHER | B31V"
000204,2026,06,18,2026-06-18,s1,"화제, 레시틴,탄 | 681 | 지고(국내신),대 중국산),고추베이스소스중화두 | 고추맛기름,홍 | 마 | '고추엑기스,화조유,대무 | 천피센두반장),쇠고기추출액,클소 | 마늘, 마조유 | 설 | 생강 | 정제 | 고환처 | 시제품과 O9 | 180g210kcal | 含1394%8595% | 0g2913% | 3%E412922% | 2으로의필요열량이 따라다 수있습니다 | 소비자 | 8801005200127 | 중심 | HACCP | OTHER. | 2026.06.18 | 18:44F2L7"
000205,2027,05,18,2027-05-18,s1,"CumJmo | ""urT | BEST BEFORE (DD/MM/YYYY) | 18.5.2027 | LDENCURRY | 3.580 | AUCE With VEGETABLES"
000206,2026,05,08,2026-05-08,s1,"하우스 바돈트' | 100g31139 | 3,580 | 号三2（仓）115g | 3,580 | (D)853607 | 15/0//2 | 853621 | Unlbel | H운맛 | ·소비기한: | 2026.05.0816:38 | B1 | 까지"
000207,2026,09,24,2026-09-24,s1,JAVACURYES | JAVAE | 소비 | 2026: 9.24/A-0 | 기한
000208,2026,04,13,2026-04-13,s1,"n3 | JAVAEIY | JAVA | SAbueFood | CURRY | (MONTH,DAY, YEAR) | 4.13.2026/B-V | HOT"
000209,NONE,NONE,NONE,NONE,fail,"테아린유(말레이 | 코리안데(.모로> | 는표시일까 | (내면) | 주식회사 오뚜기 | 제조원 | 십시오. | 용량 1kg | 415kcal | 영양성분 | 간편하기 따라할수 있는 | OKitchen | H한 비율 | 맛있는 요리가 한가득! | 키친l(www.okitchen.co.kr)에 | 219% | 늘러으세요 | 18% | 19% | 31% | 3% | 03 | 0% | 3% | 발생할 수 있으니 주의하십시오. | 에 | 여 주십시오.소비기한을 꼭 확인 후 사용 | ：080024-2311） | ·조리후 장시간 보관할 경우 품질 변화가 | 포장재 절단면이 날카로워 다칠 우려가 | 있으므로 개봉 및 사용시 주의하십시오 | 0% | 3% | 31% | 19% | 219% | 415kcal | 용량 1kg | ：080-024-2311） | 여 주십시오.·소비기한을 꼭 확인 후 사용하 십시오 | 18% | (내면) | 포장재 절단면이 날카로원 다칠 우려가 | 발생할수있으니 주의하십시오 | ·조리후 장시간 보관할 경우 품질 변화가 | 분,복합조미식품,식물성크림,양파 | 제조원 | A주식회사오뚜기 | DKitchen | 곳에보관하 | 말,마 | '친(www.okitchen.co.kr)에 | 맛있는 요리가 한가득 | 간편하기따라할수 있는 | 늘맛분 | ?(말레이' | '놀으세요 | 3 | ( 80: | C),코리안데.모로> | 석이 | (매거) | 행 | %6 | %8 | %91 | %91 | %8 | %8 | %0 | %E | %9E | %1 | %8 | %9 | . | ,복합조미식품,식물성크림,양파B | 테아린유(말레이 | 크리안데(.모로= | 느 표시일까 | 말마늘맛분 | 쇠고기,밀토마토우유대후 | (내면) | @주식회사 오뚜기 | 제조원 | 충북 음성군 대소면 대풍산단로 | 징어,새우계란,장조개류혼입가능소 자기본법에 따 | 여 주십시오.·소비기한을 꼭 확인 후 사용하 십시오 | 0800242311） | 용량 1kg | 415kcal | 영양성분 | 간면하기 따라할 수 있는 | )Kitchen | 맛있는 요리가 한가득 | 한비율 | (www.okichen.co.kr)에 | 219% | 늘으세요. | 18% | 19% | 31% | 3% | 03 | 0% | ·조리후 장시간 보관할 경우 품질 변화가 | 3% | 발생할 수 있으니 주의하십시오. | 포장재 절단면이 날카로워 다칠 우려가 | 이 | 에 | 있으므로 개봉 및 사용시 주의하십시오 | ,옥수수분,복합조미식품,식물성크팀,양교 | 코리안더.모로 | (일까? | 테아린유(말레이 | 분말 마늘맛분 | 쇠고기,밀,통마토,우유대후 | (내면) | 주식회사 오뚜기 | 제조원 | 3 | 충북 음성군 | 대소면 | 대풍산단로 | 징어,새우,계란,잣,조개류 | 류 혼입가능·소비'자기본법에 따라 | 는 | 주십시오.·소비기한을 꼭 확인 후 사용해십시오 | 여 | 0800242311） | 용량 1kg | 415kcal | 영양성분 | 간편하기 따라할 수 있는 | Kitchen | 맛있는 요리가 한가득! | H한 비율 | ""'(www.okitchen.co.kr)에 | 219% | 놀력으세요 | 18% | 19% | 31% | 3% | 03 | 0% | 조리후 | 장시간 보관할 | 경우 품질 | 1화가 | 발생할 수 있으니 주의하십시오. | 3% | 포장재 | 절단면이 날카로워 다칠 | 이 | 우려가 | 에 | 있으므로 | 개봉 | 및 사용시 주의하십시오."
000210,NONE,NONE,NONE,NONE,fail,"2,980 | 100g号29809 | 지 | N3 | 백세카레 매운맛 | “더 맛있고 잘 녹는 과립형 카레"" | OTTOGI BEKSE CURRY SPICY | （）60g.2(25g)）700m(3%） | 물을 붓고 재료가 완전히 익을 때까지 끌입니다. | 카레라이스 | 밥위에없어내면완성됩니다 | 문,과일소스분,표고버 섯기스문말,마늘분 | 장재질 | 폴리에틸렌(내면) | 제조원 | 준실회삭 옵뜻길 | 추십시오 | 2311 | 含100g | 르는 | 오뚜기백세카레는 강황 함량을 더욱 증가시키고, | 로즈마리,월계수잎 등을잘 조화시킨 고급카레입니다 | 4外0,0。 | 2.불을 약하게한후오뚜기백세카레를 조금씩 넣어 충분히 풀면서 끝인 다음 | 형 | 명 | [곳기온징어,새으 | 후에 | 080-024-2 | 22g | 22 | 르는 | 00g号2980g | 포장재질폴리에틸렌(내면) | 료명 | 백세카레 매운맛 | OTTOGI BEKSE CURRY SPICY | 카레품목보고번호 | 카레라이스 | 2,980 | 100g | 제조원 | 20010445055183 | 0.88% | 밥 위에 없어내면 완성됩니다."" | 2.불을 약하게한오두기세카지를 조금씩 넣어충분히 풀면서 끝인 다음 | 물을 붓고 재료가 완전히 익을 때까지 끌입니다 | 82（±7）60g，2年712金(25g)量 700m|3%） | 로즈마리월계수잎등을잘 조화시킨고급카레입니다 | 오뚜기백세카레는강황함량을 더욱 증가시키고, | ""더 맛있고 잘 녹는 과립형 카레” | 088% | 소비기한상단표시일까지 | 122g | N3 | 을러 | 27 | EN | %88 | %8802 | 에서비 | 2 | 공D IEYAL | 80 | ()이 | 00 | ( | 눈 극러 | 60012号 | OY | (ㄹ)이륨 |  Y o | 공DIEY  | EN | 86 | 2,980 | 100g号29809 | [Ubel | ?지 | N3 | 백세카레 매운맛 | “더 맛있고 잘 녹는 과립형 카레"" | OTTOGI BEKSE CURRY SPICY | 오뚜기백세카레는강황 함량을 더욱증가시키고 | 로즈마리,월계수잎등을잘 조화시킨 고급카레입니다 | 2（全70）60g，2（25g）700m（3%） | 조리방법1공기 양파,감자당근을 적당한크기로썰어오뚜기식음유에 잘볶은다음 | 물을 붓고 재료가 완전히 익을 때까지 끌입니다. | 가레라이스 | 2 붉을 약하게 한후오뚜기백세카래를 조금씩 넣어 충분히 풀면서 끝인 다음 | 20010445055183 | 밥위에없어내면 완성됩니다 | 주부문,복합 | ,과일조스분,표고버섯기스문말, 마늘문 | 쇠고기,닭고기밀 토마토 우유.대두조개류(굴)함유 | 장재질폴리에틸렌(내면) | 제조원 | 주식회상 요뚜기 | [고기오징어,새으 | CH128 | 불량식유 | 후에 | 추십시오 | 80-024-2311（） | 含100g | 220 | 22 | 2,980 | 100g82980g | 869107111 | 르는 곳 | N3 | 백세카레매운맛 | ""더 맛있고 잘 녹는 과립형 카레” | 오뚜기백세카레는 강황 함량을 더욱 증가시키고, | OTTOGI BEKSE CURRY SPICY | 로즈마리,월계수잎 등을 잘 조화시킨 고급카레입니다. | (4外00g,(,30g()270g,()100g, | （）60g(25g)，700m1(3) | 조리방법 | 1.고기 양파, 감자당근을적당한크기로썰어오뚜기식용유에 잘 복은다음 | 물을 붓고재료가 완전히 익을 때까지 끊입니다 | 카레라이스 | 2.불을 약하게한후오뚜기백세카레를 조금씩넣어 충분히 풀면서끊인다음 | 밥 위에얹어내면 완성됩니다 | 카레 | 품목보고번호 | /）11号1#31.95%（25 | 20010445055183 | 명 | 소비기한상단 표시일까지 | 토마토분,유크림 | .과일소스분,표고버섯엑기스분말,마늘분 | 쇠고기,닭고기,밀,토마토,우유,대두,조개류(굴) 함유 | 장재질 | 폴리에틸렌(내면) | 제조원 | 주식회사 오뚜기 | CH128 | 가비기에따 행 | 추십시오 | 80-024-2311（） | 100 | 9 | 당류 | 22 | 시당 | 22g"
000211,2026,02,12,2026-02-12,s1,ER | 2026.02.12까지 | 19:23#2 | DWS 17 | 3.700 | 3.700
000212,2023,12,16,2023-12-16,clahe,"에니요 | U23.12.16까지 | 1:165F17L | 쇠고기스프 | 은, 신 들영이 품부하고 | molle | 수 으로니다 | 다있다! | HACCR | OTHER | 고 끝을 때까지 | 놓지 않도록 가끔 저으면서 | 불에 | 시작하면 | 3분 간 더 끝이면 맛있는 | ㅅ프가 됩니D"
000213,2026,03,20,2026-03-20,s1,소비기한 | 까지 | 2026.03.20/L | 단호박스프 | VONO
000214,2026,08,13,2026-08-13,s1,8：1：2 | 농축액에서 나타나는 지연적인 | 현상이므로 안심하고드셔도 | 됩니다 | ·본 제품은 소비자기본법에 | 의거교환 또는 보상 | ·부정·불량식품 신고는 | 1399 | 소비자중심 | 빈용기는 깨끗이 분리수거하여 재활용합시.소한사원깨끗한 환경 | 2026.08.13±14:±16 | 까지
000215,2020,10,14,2020-10-14,clahe,"·참전물 또는 | 유래 성분이므로 안심하시고 사용하셔도 | 됩니다. | ·보관 중 갈변이 발생 할 수 있으나 과실 | 모조라임 | 농축액에서 나타나는 자연적인 현상이므로 | 안심하고 드셔도 됩니다. | ·본 제품은 소비자기본법에 | 의거 교환 또는 보상. | ·부정·불량식품 신고는 | 2150 | 1399 | ccM | AACCP | 소비자중심 | ∞ | 이상 레시 | 2개 | uaRR | 마지 | 이상구매시 | 2026:.10.14 20:02 | 11,980 | 홍초 | 명사삼품 | 정정원 | 2개구매시 | 10ml1 | 50 | 1기이스/점/· | 15 | 1051"
000216,2026,03,01,2026-03-01,s1,TIAS TO BE HEINZ | 3 AS A KIOK TO YOUR | [HOW TO USE] | IT HAS TO BE HEIN2 | 4.FRIED DISHES? | SPECAL WITH HEINZ | 2. MAKE YOUR TACO | TZNIEN | 소비기한 | 2026. 03. 1 6 | 8801065002990
000217,2027,03,08,2027-03-08,s1,"동결현상 | 낮은 온도 보관 시 동결현상으로 용고 및 침전물이 | 1에 손가락을 끼워 앞으로 당겨 주시고 | I오.개봉 후 식초와 같은 특 | H를 가진 제품과 함께 보관 | %[외국산 | 약간의 이취가 발생 될 주 있으니 | 브라질,파라과이 등)]·대두함유 | 의하십시오 | 기일까지' | 주의사항·식용유는 과일 면 불이 | 제일제당(주)인는공시 | 날 수 있으니 항상 추의깊게 관차해 | 14049 | 야 합니다.·가열되었거나 불이 들은 | 용기-PE,마개-PE | 기름에 물을 넣지 마 V?·부정 | 소비자중심] | 구입처 또는 영업소 | 불량식품 신고는 국번없이 19 | 2010-17 | -본 제품은 소비자 분정해결 기준 | 콩기름 | 의거,교환 또는 보상 받을 수 있습니 | 한국식품연구원 | 다.·사용 후 빈용기와 마개는 분리 | KS2102） | 수거하여 재활용합시다. | HDPE | 마개:LDPE | K4 | 27.03.08 14:06 | 까지리 | 라벨:OTHER | 402345"
000218,2026,05,03,2026-05-03,s1,080 | 오뚜기 | 마요네스 | 량식품 | 마요네스 | 19844 | 9.580 | 2026.05:03 | G2 | 까지
000219,2026,09,07,2026-09-07,s1,2026.09.07 까지 | 김상규B
000220,2026,02,23,2026-02-23,s1,0/1399 | 300g | 100g545kcal | 고 | 정보 | 号11g3% | 080-019-91 | 55g102% | (수AT) | 10% | 8953% | 05g 미만 | ：30m010%蜡型294% | DAESANG | 2026.02.23 | 12:04 | 까지
000221,2026,07,15,2026-07-15,s1,"향 | 홈유형 소스실균제품 | 号200204610736292 | 원재료명 정제수,발사막식초[이탈리 | 폰타 | 행 | 2개 | 포장재질(내면)뚜껑(내면)-폴리에틸랜H-물레IE | 30 | 25-09-30 | 3/0/정/점 | 유통전문관매원성식품주식회 | 영양정보 | 盟80% | 콜레스테를 0mg 8% | 2026.07.15.B F2 | 고객지원 | 801005924207 | [nabel | 3.290"
000222,2026,03,25,2026-03-25,s1,"폰타나드레싱 폰 | 270g | 행사상품 | 1001906 | 2개구매시 | 480 | 30 | 4,480 | 할인 | 2026.03.25GF2 | 시간이 지나면서 색이 열어지 | 품질에는 이상이없이니 안심하시 | 고,혼들어드십시오·직사광선을 I | 하고 실온에 보관하십시오.유리병 | 에손될수있으취급시주의하 | 시기바랍니다. | 소비자중심 | 안전관리인증 | HACCP | 영양정보 | 235"
000223,2026,08,13,2026-08-13,s1,A1 | 연겨자 | 2026.08.138
000224,2026,06,15,2026-06-15,s1,"E量4570mg | 27.9. | 0% | 지방0g | 지방0g | 스테롤 | 5,00 | 단백질 | 时至人240g | 80 | 8~801003""001724 | 색대류 | 소비기한 | 2026.06.15A | nlabel"
000225,2026,04,06,2026-04-06,s1,리르기유물R | 청정원 | 클래식 | (주)태경식품 충북 제최 | 대생(주)서울특별시종 | 至120.6嗒 | 돈카츠소스 | 어으므로 안심하고 흔들어서 사용하면 됩내 | 총 내용량2 | 박스파 대간개플의 등한했 | 영양정보 | 100g850 ka | 四号220m115%量10g3%8 | #0%g0 | 단백질 3g5% | 콜레스테를0mg 0% | 00 | 개인의 필요 열량에 따라 다를 수 있습니다. | 2026.04.06 | 14:09
000226,2015,03,27,2015-03-27,s1,27150 | 2개5 | 5c | 2개5 | E | 27.03 15 19:23 1지 | 맛술 | 고기 요리는 미림 3큰술로 | 고기를 부드럽게! | 맛술 | 갈비 불고기
000227,2028,09,17,2028-09-17,s1,"48900m | 영양정보 | 100m812kcal | 사과농축액 중국선발 | 에센스 | 14% | 틸렌테레프탈레이트 | 예틸렌 | 2 | 회사 오뚜기 | 광역시울주군삼남을반구대로 | 음성군대소면대품신단로2 | Okitchen | 따라 피해 보상 | 오기 식 한 대망인 | 시제경보세오 | 개봉 시, 둥근고리에 손가락을끼워 | 하고 뚜껑을달아실은보과 | n. | 아래로 페어낸 후 사용하십시오. | 길수있으나 원료 유라임 | 락을끼워아래로때어사용 | 招营：080-024-231（个风导 | 2028.09·17.5쪽 | 14:45 | VDA4 | 연출이일지 | 800ml/40 | 농축액 2"
000228,2025,10,20,2025-10-20,s1,2025.10.20 | 수기준1급 | 내 | 90% | 100%g
000229,2025,10,28,2025-10-28,clahe,GZZAREWLA | in | Denmark | 2025.10.28까지 | SNCE1985 | resh | MOZZARELA | Mini | 100% | (원료원유 기준) | Milky Havour | 1256 | 조리예 | K-MILK | 국산우유사용인증
000230,2026,03,28,2026-03-28,s1,DRE | PHILADE | 필라엘피아 크림 | 6.980 | 필라델피아 크림치즈 19 | 100833991 | 5.45 | 한 옆면에 표시된 기일까지 | 영양정보 | 서 15초 이상 살균 | 윗 로커스트콩검 우유 함유 | 23g43%12 | 고드셔도 괜찮습니다. | 95mg32%50% | 일내드시기바랍니다 | 55 | 따라다를 수 있습니다 | EXP 2026-03-28 !90
000231,2028,05,27,2028-05-27,s1,제조번호: | 255284 | 사용기한 | 20280527 | 까지 | 까지 | BO | 20BD
000232,NONE,NONE,NONE,NONE,fail,"15.980 | 사용기한 및 제조재P1, P2): | TOTAL | TOTAL | 7 | 메디컬혀브 | 제조번호:튜브 상단에별도표기 | INAOOS | 사용기한 및 제조재(P, P2):- | 제조번호:튜브상단에별도표기 | 메디컬허브 | 15.986 | SODYNE | 1VOT0 | TViO | 15.900 | 15 | 제조번호:튜브 상단에 별도표기 | 사용기한 및 제조재(P, P2): | TOTAL | TOTAL | 메디컬혀브 | 15.930 | [Unbel | 제조번호:튜브 상단에 별도 표기. | 사용기한 및 제조재(P1P2):- | TOTAL | TOTAL | 7 | 메디컬혀브"
000233,2028,01,13,2028-01-13,up2x,외품 | 치과대학 평가완료 | buy | PERIOE | 청정 t 말라야의 깨끗한 눈을 닮은 | 스노우 크림타입으로 부드럽고 간면하게! | 플라스틱 | C87% | C3.6u | PET | 식통유재 | 일울계이 | 프 통량제바출 | 33 | 수축일을 페로 | 2 | 발침대:PP | (20号/22~75/6%) | 재활용 어려용 | :부솔트히말라야핑크솔트담은펌핑처약플로럼 | E명· | nalaya Pirksat Pumping Tootrpasle Rorl Mint | l광el | EP | APP:B | 남집:남 부여군 면 | P2 B5D | 20280113
000234,2027,10,26,2027-10-26,s1,Dove | Dove | 037 090525 21:26 | R3 EXP 261027 | 도브스칼프 너리싱샴푸 | 너리싱삼푸를 만나보세요. | √약해진모발과 큐티클걸에 | 단백질&영양공급
000235,2026,03,08,2026-03-08,clahe,"더한 | 타소스 | 은 편안하게 하고 싶은 | 경험을 제공합니다. | 2026.03.08L | 합니다.②팬에 올리브오일을두르고삶은면과소스1봉을넣고 | 의 재료를 넣어 드시면 더 맛있습니다. | 소비기한 후면 상단표시일까지 | 판매업소:롯데쇼핑(주)/서울특별시 중구 남대 | 쿨성크림[물엿,시줄성유지(잠유:말레어'시아·산) | 청다백농츠분말],양파(국산),주미액베이스 | 가공치즈, 시클로덱스트린, 실육추출가공품 | (보존료) | 우유,대두,밀,닭고기 함유 | 푸1브고버호 | 200004430423230"
000236,2026,04,08,2026-04-08,s1,"가급적 한번에 사용하세요. | 영양정보 | 총나 | L三号830mg42% | 탄수화물 8g 2 % | 14g26%0.5g | 引人印量45mg15% | 단백질3g5% | 2026.04.08까지 <E | 15:45:09 | www.fontanastyle.com | '비닐류 | 0808728888 | 8""8 | OTHER"
000237,2026,06,05,2026-06-05,s2,"한번에 사용하세요. | 총내 | 영양정보 | 10g3% | LI三号700mg35% | 트랜스지방 0.6 g | 20g37% | 2g4% | 量55mg18% | 09:44:11 | 비닐류 | www.fontanastyle.com | 080872-8888 | 8 | OTHER | *본 제품은 소비자 분쟁해결 기준에 의거 교환 또는 보상 가능*메밀,당 | 토마토,아황산류,호두,오징어,조개류,잣 혼입 가능*부정·불량 | *직사광선을 피해 실온에 보관하시고 개봉 후에는 냉장 보관하여도 | 2026.06.05파지1 {H?"
000238,2026,09,10,2026-09-10,s1,제조 | 일자 | 2025.09.11 | 2026.09.10B3
000239,2026,07,10,2026-07-10,s1,"(토마토70g기준) | 라이코펜 함유싱싱한 토마토 원료 | 제품명 진한토마토케참 | 19950449002363 | 원재료명 정제수,토마토페이스트중국산),물엿,기타과당, | 설탕,발효식초,케참베이스{정제소금(국산),케참스파이스 | 믹스(계피분말:베트남산),변성전분 | 알레르기 유발물질토마토,대두함유 | 내포장재질 |용기/리드지-폴리에틸렌,캡-폴리프로필렌 | (굴,홍합 포함)성분 혼입가능·반품 및 교환장소:고객상담실 | 및 구입처·본제품은 소비자기본법에 의거 교환 또는 보상 | ·소비기한 | ∞ | 2026.07.10 B | 까지 | 139 | 영양정보 | 8300g/100120 | 恒三号910mg46%全号26g8%异22g22%不07 | 0000%量0g0%"
000240,2027,05,20,2027-05-20,s1,소비자중심 | 영양정보 | 500g/100g25kcal | 0mg0%号72g22%2g2% | 61g5gog0%0g | 0g0%0mg0%0g0% | 개인의 필요 열량에 따라 다를 수 있습니다. | 2027.05.20 F1 | 까지 | F12408 | 캡LDPF/실리콘라벌위 | 8801052120188 | wwdaesang.com/ | 080-019-919 | wwjungoneshop.com | 청청에코템
000241,2027,08,10,2027-08-10,s1,"아래로떼어낸후사용하십시오 | 물엿 | 1920253681 | 유형 | 00%수전옥수외국  | 원료명 | 아,러시아 등)] | 소비기한 | 하단표시일까지 | 우껑 폴리에틸렌, 용가-폴리에널렌테레프팔레이트 | 포장재질 | 주식회사 오뚜기 | 제조원 | 149 | :소비자기본법에따락피해 부량신품고는 | 곳에 보관하십시오.·사용 후 뚜껑을 꼭 닫아 보관하십시호 | 080024-231 | 2027.08.10.F2 16:05"
000242,2026,05,21,2026-05-21,s1,格46g/206kcal | 식품안전관리인증 | HACCP 마크란? | 1일영양성분기준치에 | HACCP | 식약처에서위생적이고안전하다고 | 총 내용량당 | 대한 비율 | 소비기한 | 인증한 식품에만 표기하는 마크입니다 | 방 | 6g11% | 랜스지방0g | 2025.09.22/15:10 | 3.523% | 부터 | 백질 | 2026.05.21 | 4g 7% | 量(%)22.000kcal | 까지 | 라 다를 수있습니다
000243,2026,08,17,2026-08-17,s1,5.5gx47H) | 185kcal | 异1.4g1% | 3g22% | 2026.08.17 D3 | 로개인의필요
000244,2026,06,02,2026-06-02,s1,2025.08.22/00132 | 026.06.2 | 부터 | 까지
000245,2020,08,25,2020-08-25,s1,"% | 1% | 28% | 이미시예 | 소비기한 | 부터 | 후면표기일 까지 | 20.08. 25/21:58 | 26.02.24/R | 11 | 유지,변성전분, | 까지 | 산,체종유 호 | 베트남산,말레 | 닭고기 함유 | SMART | 식품인전관리인증 | HACCP | 87005149 | OTHER | 식생의약생안전지 | 어,새우,게, | 제품 본연의 가채를 높여 나가겠습니다 | 보존을 위해"
000246,2026,02,04,2026-02-04,s1,이탈리아 쉐프 | 마리오 파타타 | ROFILE | 이탈리아어로'감자'를 뜻하는 | '파타타쉐프의 대표 요리는 | 감자그라당양념바베큐어니언 | 등이 있습니다. | 25.09.05 | 26.02.04 | 부터 | 05:40A01F4 | 까지 | 식품인전관리안을 | OTHER | HACCP | 801117175280
000247,2026,05,20,2026-05-20,rot90,BBD:20/05/2026 | ABD19:25 | YT 05
000248,2026,04,21,2026-04-21,s1,"하십시오개호 | 옥수수의 일부분으로 안심하고 드서도 됩니다 | ·소비자기본법에 의거 교환,환불해 드립니다. | 1399 | ·반품·본사 및 구입한 곳. | ·신선도 유지를 위해 질소충전포장을 | OTHER | 하였습니다. | 801043036672 | 2026.04.21까지 | 시킨 후 | 니다 | 총내용량83g | 영양정보 | 420kcal | 620mg31%量55g17% | 3.3g3%20g37% | 量0mg0%5.0g9% | 2.000kcal | 있습니다. | ·본사:서울"
000249,2026,02,16,2026-02-16,s1,"신)볶음참께,구운천일 염 | 두토마토,쇠고기,닭ㄱ기, | 우함유 | 리에틸렌 | 장재질 | 2018060302219 | 달갈,우유,땅콩,호두,복숭아되 | 지고기,오징어,게,고등어,조개루 | (굴,홍합)혼입 가능 | 오리큰 소넥을 인터넷에서 만나. | htp://www.orionworld.com | 2025.09.17 | 2026.02.16 | 부터 | 기한 | 07:36A01 | 까지"
000250,2026,03,04,2026-03-04,s1,"씨눈(검정) | 일부 제품 표면의 반점은 | 껍질(갈색) | ""옥 수수 씨눈 또는 껍잘 이오니 | 안심하고 드시기 바랍니다 | 총 내용량70g | 영양정보 | 377/kcal | 号370mg19%午量44g14% | 당류2g 2% | 21g39% | 트랜스지방0 9 | 含73.5mg11% | 25.09.0514:11 | 부터 | 26.03.04 B6 | ㄱ | 맛있는"
000251,2026,02,24,2026-02-24,s1,실종예방에대해 | 더배워보아요! | 25.08.2517:16 | 26.02.24 A2 | 자료 | 제공 | 제보처 | 아동권리보상원
000252,2026,07,09,2026-07-09,s1,소비기한 | 2026.07.09 | 2026.07.09
000253,2026,06,20,2026-06-20,s1,65g | 영양정보 | skcal | 26% | IE号510mg | 量41.6 | 당류49 | 28% | 15g | 0g | 트랜스지방 | 40% | 6 | 9 | 포화지방 | 1% | 5 mg미단 | 10% | 골래스테를 | 단질 5.6g | 습니다 | 를 수 있습니다 | 2000kcal | 거인의 필요 열량에 따라 | 백전관리인증 | HACCP | 2026.06.20 | 11:27B
000254,2026,08,12,2026-08-12,s1,트65 mg | 탄주화불49g | 림 | 당류 36 g | 지방0.6g | 트랜스지방 0 8 | 포화지방Og | 콜레스테롤Omg | 단백질 2g | •제품내부에수분이많고부드러워고은에 약 | 이하에 보관해주시고 하절기전면 직사광선을피 | 덩어리나 검은 점이 보일 수 있으나 인체에 무해합니나. | 소비 | 25.08.13/14:45 | 부터 | 기한 | 26.08.12. 2 (F2) | 까지 | OTHER
000255,NONE,NONE,NONE,NONE,fail,号130g（32.5gx4号） | 32.5g)175kcal | 6%异11g11% | 6g40% | 8802259026501 | % | 개인의 필요 열량에 따라 다를수 | 까지 | 6g40% | 6%11g11% | 32.5g）175kcal | 130g（32.5gx4号） |  이 이 | 8 | % | % | 개인의 필요 열량에 따라 다를 수 | /YL | %9 | % | 6% | 130g（32.5gx4号） | 32.5g）175kcal | 6%异11g11% | 6g40% | 880225902650 | % | 개인의 필요 열량에 따라 다를 수 | 가시 | 130g（32.5gx4号） | 32.5g）175kcal | 6%异11g11% | 6g40% | 8 | 1802259026501 | % | 개인의 필요 열량에 따라 다를 수 | 까지
000256,2027,01,02,2027-01-02,s1,Nexweel | E080-023-3399个 | ERO | B | 글루타치온 50mg | 보로 | 소비기한 | 27.01.02 E
000257,2025,12,10,2025-12-10,s1,2025: 12:10
000258,2026,05,30,2026-05-30,s1,"후광이가발생할수있으니반드시냉장보관하시고빨리드세요.알(가금 | 류에한함),우유메밀,,대두밀고등어,게새우,돼지고기,복숭아,토마 | 토, 아황산류,호두,닭고기,쇠고기,오징어,조개류(굴,전복,홍합 포함),잣 | 성분혼입가능.용기를 가열 조리용으로 사용불가·부정·불량식품신고는 국번 | ·뚜껑을 처음 열때 '뱅소리‘가 나야 정상입니다.·반품 및 | 안전관리인증 | 교환:구입처및제조원·www.daesangdives.com | HACCP | 소비기한 | 2026.05.30 | 11:23 | 까지 비"
000259,2025,11,09,2025-11-09,s1,JINOI | 과일 원물이 들어 상큼달콤한! | 복숭아 가득 | 푸딩젤리 | Peach Pudding Jelly | 2025.11.09 | 27%0.14% | 45kcal)/실본보관 | 플라스틱 | 안전 | OTHER | 리드:OTHER | 지방 트랜스지방 포화지방콜레스테롤단백질 | 식품의약품 | 210 | （%2.000kcal | 에 따라 다를 수 있습니다.
000260,2027,04,01,2027-04-01,s1,스터수지 | 금(가공소 | 로인산나 | 8801392002663 | |노신산이 | WB1A | 까 | 27.04.01
000261,2026,03,07,2026-03-07,s1,소한죄 | 영양정보 | 총U | 가 낮으 | 주십시 | L三140mg | 7%18g | 담실및 | 탄수화물48g | 15 % | 트랜스지방0g | 기본법 | 법신보 | 18g | 18% | 포화지방6y | 40% | 클레스테롤0mg | 다. | 이브로개인의 필요 열량에 따라 다를 수 있습니다. | 25.09.08 20:26 | 26.03.07 A1 | 카랑라공
000262,2027,01,10,2027-01-10,s1,Kornbudr | 2027.01.10
000263,NONE,NONE,NONE,NONE,fail,"양반 | 양반 | NO.7 | 기름김 | 양반김 | 들기름김 | :40 | 반 | 보관 | ·· | 개용, | 들기름김 | 철단 | 을<를 | 는 | 일 | 보관 | 르 | 물<를 | 'ON | VO. | 양반김 | 들기름김 | 20 | 양반 | NO.1 | 종은문아동이그음 | 들기름김 | 기름김 | 양반김 | 9. | [n1b | 동신자 | 고등 | …"
000264,2026,06,06,2026-06-06,s1,26.06.06 7/7/ 19:37 F2B
000265,2026,11,26,2026-11-26,s1,2026.11.26 | 청정원 | 순창 | Spicy Cocktail Sauce | 자
000266,2025,12,04,2025-12-04,s1,PEH | 취향저! | 이미지에 | 안전관리인증 | HACCP | 2025.12.04까F지
000267,2026,06,02,2026-06-02,s1,26.06.02
000268,2026,07,14,2026-07-14,s1,리츠 | ZEC | 제대로 만든 크래커! | 26.07.14 0:32 2
000269,2026,05,15,2026-05-15,s1,"비기한 | 후면 별도표기일까 | 남대문로 81(소공동) | 카라멜색소,홍국색소,고량색소,안나토 | [잠올레인유(말레이시아산),해바라기유 | 페롤(혼합형)],레시틴,카로틴 | 대두 함유 | 호 | 20100461303356 | 1139 | 아손상 우려가 있으므로 주의 바랍니다. | 1일영양성 | 치에 대한 비율 | 안전관리인증 | HACCP | 2026.05.15 | 78% | 02:41B | OTHER | 107% | 13% | 필요열량에따라 | 8""809027550411"
000270,2026,09,03,2026-09-03,s1,"RE:EARTH 분리배출캠페인 [비닐류] | 맛있게먹는 TIP | 지퍼부분은 가위로 절단 후 종량제 배출 | 온가족이 둘러앉아 추억의 옛날과자를 | 내용물비우고세적 건조 후압착 | 오염시중광제출 |  160g | 영양정보 | 100p9461kcal | 174：号1（2早）2居（9） | 1일 영양성분 | 업소명 | 031-858-2727 | 유통전물판F이소: 롯데쇼핑/서울특별시중구 | 100g | 치에바을 | 소재지 | 대문로 81 | 买吉）/1899 | 3000 | 나트륨 | J6 mg | 호주산), | 탕,옥배유(옥수수 | 말루(밀:마 | 글엿,효모,혼합제제 | 탄수화물 | 69g | 공소금, | 외국신 김(국 | ‘산L | 륨,탄산칼슘,탄산수 | 당류 | 20g | 원재료명베이강파우데(산 | 수수전분, 구연산),포 | 나트륨 루코노- | 지방 | 17g | 식품 | 밀함유 | 당 요소처리스테비 | 트랜스지방 | 京2017037001854 | 0g | 플에품독 | 포화지방 | 2.3g | 제품은 소비자기본법 | 15% | ·번품 및교환장소구일처 및 판매운 | -는 보상 받을 수 있습 | 콜레스테롤 | O rng | 에따른 소비자분장해결기준에 의거 교환 | 99·취급 및 보관시 | 단백질 | 니다.·부정·불양식품신고는 국번없이 | 8g | 15% | 주의사항:직사황선을 피하여 서늘하고 | 조한 곳에 보관하십시 | 1일 영양성 분 기준 대한 비(%) | 号2000kcal | ·함께 포장된 실리카겔(방습제)은 드시 마십시오. | 필요 열른 에 따라 다를 수 있습니다 | 안전관리인증 | HACCP | 8801936010109 | 2026.09.03"
000271,2026,03,24,2026-03-24,s1,"민기무(일: 미국산,호주산),설립,합 | 정보 | 용량당 | 기a지에대 | 330mg | 황산나트륨, 합성향료(바닐라향분말) | 화물 | 86 g | 20 g | 밀, 대두, 우유, 아황산류함유 | 22g | 장재질(내면) | 폴리에틸렌 | 量2002046712787 | ""스지방 | 0g | 풀및 교환장소:구입처 및 판매원·본 제품은 | 지방 | 6g | 사기본법에 따른 소비자분쟁해결 기준에 의거 교 | 테롤 | 0 mg | 관 또는 보상받을 수 있습니다.·부정·불량식품 신 | 7g | 성분 기준치에 대한 비율 | 2로 개인의 필요 열랑에 때 | 가능성이 있습니다. | 2026.03.24 까지-2"
000272,2026,05,10,2026-05-10,s1,"[Uubel | 따우더 네열란드산)],유지크림분 | (식울성유지:외국산)],스위트항시즈닝 | 영양정보 | 가루크림분말,고추장,도당,정제 | 산도조절제,파프리카추출색소작 | 총 내용량당 | 기 | 커향), 향료,향미중진제 | 탄수화물 | 59.6g | 당류 | 11.29 | 1일(내면) 폴리에릴렌 | 지방 | 23.2g | 供量19900355116313 | 트랜스지방 | 및교환장소 구입처 및판매원 | 용은 소비자기본법에 따는 소비자분재해결 | 포화지방 | 15 | 에 의거 교환 또는 보상을 받을 수 있습니다. | 콜레스테롤 | 단백질 | 메, 딸콩,고등어,게,새우,돼지길,복 | 1일 영양성분 기준치에 댓 | 기춘이으로개기기필요열 | 아,이황산류 호두,닭고기,오장어 조가 류(굴, | 복,혼합포함),잣 혼입가능 넘이 있스다 | 직사광선을 피하고 건조한 못에 실은 년관 | 제품의 품질보존을 위해 질소가 충진=장을 | 하요습니다. | 8""80207 | 2026.05.10c"
000273,2026,03,13,2026-03-13,s1,"닝분말,북어에기스 | 트리아세틴향료재종유,주정,프리추출생소,항료2 | 글리세린지방산에스테트, 아-토코페를(혼합형),료2종 | 새우 대두,계린,쇠고기,우유함유 | 소비기한 | 후면 표기일까지 | 고수장마요앗 | 포장재질 | 품목 | 1720154001-530（） | 폴리프로필렌 | 보고번회 | 26010549541-186()） | 매코달 | 있습니다. | ·직사광서을 Ⅲ하고 서늘하고 건도한 곳에 보관하십시오 | 부드러운 | 고추마요맛 | 개봉후로:십시오 | ·간혹 제순이 은 갈색이나 검은색 부분은 원료의 일부분 | 입자는 파슬리입니다. | ·소비자기본법에 의거 교환,환불해 드립니다. | 1399 | ·반품:본사 및 구입한 곳. | AER | ·신선도 유지를 위해 질소충전포장을 하였습니다. | 2026.03.13까지 | 2B301301 | 식품안신관리인증 | HACCP | 영양정보 | 280kca | -농심물 바로가기 | 담 수산까요금부담 | 三450mg23%个量41 | 0-023-5181 | 12g12%11g20% | ww.nome"
000274,2026,03,02,2026-03-02,s1,말(아카시아벌글 | 함유 | HLHH | 2공장/ | 3남영동) | 3.신선한기름에 | 튀겨줍니다. | 바2달동한 | 이니 안심하고 드세요.제품 표면의 녹색가 | 허니버터2 | 루는 파슬리입니다. | 4 | 강정보 | 235kcal | mg98E时量5g8% | 25.09.03 | 레스테Umg 0% | F2 20:11 | 26.03.02 | 까지 A5 | 대한 비율(%) | 개인의필요 열량에 따리 | 096403 | 안전관리인증 | HACCP | OTHER
000275,2026,04,23,2026-04-23,s1,"후면 표기일까지 | 소비기한 | 폴리프로필렌 | 포장재질 | 19760342001134(218) | 자와 바베큐 맛이 | 품목 | 1-48（) | 맛있는 스낵입니다 | 19720154001 | 보고번호 | 닭고기,오징어,계란, | 바삭바살 | ·새우, 토마토,게, 땅콩, | 함)를 사용한 제품과 | 감자스틱 | 조개류(굴,전복,홍합 | 있습니다. | 같은 시설에서 제조하] | 하십시오.개봉후바트드십시오 | ·간혹 과자에 있는 초색 물질은 원료인 파슬리 | 이오니 안심하고도셔도 됩니다. | ·소비자기본법에4거 교환,환불해 드립니다. | 1399 | ·반품:본사' 구입한 곳. | ·신선도 유치를 위해 질소충전포장을 | 하였습니다. | 11HER | 2026.04.23까지 | 식품인전관리인증 | HACCP | 영양정보 | 75g | 139 | 양양영희 | 370 kcal | 三470mg24%量54g17% | ·본사:서울특별시 동작구 | 112 | 3.9g4%15g28% | 농심몰 바로가기 | 금부담 | 농심 | 0mg0%4.4g8% | 5181 | (%)%2000kcal"
000276,2026,03,25,2026-03-25,s2,자가비 | 케첩맛 | Jagabee | OPEN | !취급주의:제품 개봉시 손이 베지 않도록 주의하시기 바랍니다. | 제조일파: 25.09.26 19:28 | ：26.03.25
000277,2026,07,15,2026-07-15,s1,HACCP 마크란? | HACCP | 식약처에서 위생적이고 안전하다고 | 인증한 식품에만 표기하는 마크 입니다 | 8801117282301 | 소비 | 부터 | 2025.09.16/20:52 | 기한 | 까지 | 2026.07.15(A-2
000278,2026,06,22,2026-06-22,s1,25.09/23제조A157 | 26.06.22c | go | 송직한 | 고기와 야채
000279,2026,06,02,2026-06-02,s1,25.09.03 제조 | 1443 | 26.06.02까지y! | AOH | 꽉 찬 소와 피의 밸런스 | assorted vegetables | 1만번 이상 치댄 | Chewy wrappe | 연출이미지 | 10000
000280,2026,03,23,2026-03-23,s1,CJ | 체일제당 | SSC5 | 2026.03.23 | 까지 | GOURMET | 고에 | LIFE | DELICIOUS | ASTY CUISINE | 모짜렐라돈카:
000281,2026,07,15,2026-07-15,s1,"원재료명 정제수 | 客200g（310 | 수유(옥수수배아: 외국산) 공가루(중국산)) | 고초가륨(벤트남산)봇함 | 국산)옥수수전분(옥수수 | -늘루담산나트륨(향미중 | 대두,밀,쇠고기,돼지고기 함유 | 륨.무수구연산), 들깨 | 장재질폴리에틸렌 | 360g | 기,조개류(굴 포함)함유 | 청북도 단양군 대강면 | 120340-26 | 반품및 교환장소 | 고객상담실 및 구입처 | 보관방법 -18°C이하 냉동 보관 | 내포장재질 폴리에틸렌 | 정통 우동면 | （200g） | 200g | 200g | 영양정보 | 275kcal | 소비자중심 | 비닐류 | O kcal | OTHER | 류4g4% | F12408 | g47% | 분리수기를 생활화합시다. | 0g0%5g9% | 소중한 자원,깨끗한 환경 | 따라 다를 수 있습니다. | 26.07.15 | 13:35A0827"
000282,2026,09,10,2026-09-10,s1,2026.09.10 | 까지D | 맛있는 | 나교자 | 김치 | 이렇게요리해보세요! | 부드러운 찐만두를 즐기실때 | 1)찜통에 적당량의 물을 넣고 끊입니다. | 개운한 김치를 | 3) 맛있는 뻔만두 드실 수 있습니다. | 가득 채원! | 바삭바삭 군만투를 출기실 때가 | （297N347） | 2) 냉동상태의 만두를 프라이팬에 넣고 뒤집어가면서 | 떡만듯국을 즐기실때 | [20기:는 B  S/ | 라소금과 | 앗있는 | 냉들 | -18'C | 냉동보관 | 468gX27W#
000283,2027,09,17,2027-09-17,s1,"梦号100% | 외국산(베트남, | 원재료명 | 미얀마, 중국 등)] | 씨제이제일제당(주) | 업소명 | 인천광역시 증구 서해 | 소재지 | 堂140时49 | 포장재질 | 마개-폴리에틸렌 | (내면) | 품목보고 | 19790190025-145 | 보관방법 사용 후에는 마개를 꼭 | 2고 서들하고 그늘진 곳에 보관 | OIL | 하여 주십시오 | 반품및 | 구입처 또는 영업소 | 교환처 | 주의사항 | ·부정불량식품 신고 | 011399· | 조비자 분쟁해결 기준에 의거 교 | 한또는 보상 받을 주 있습니다 | 저온에서 | -사용후 포상재는 반드시 지정 |  장소에 버려 주십시오·내용 | 불종에 정전/동결이 있을 수입 | 한나.제품에는 이상이 없습니다. | 27.09.17 14:07 | X3 | 까지"
000284,2026,08,20,2026-08-20,s1,"합살미니도나스 만드는 방법 | YYY | auH | 1.계한물 만들기 | 2.반축하기 | 3.뒤가기 | -①의 반죽그릇에 반죽미스 | -프라이팬에높이 약2cm~3cm | 24m（4 | 240g（2号2 | 넣고 잘 저어 고루 섞어 주세요 | 섞어춘 후 손으로 | 2~3분정도 | 가열한 후 반축을 넣고 4~5분정도 | 반죽해 주세요 | 고르게 튀겨주세요 | 반죽을메추리알 크기정도 | ※ 도나스를 튀기면 2에 정도 부푸니,둥글린 반죽은 | （910g.20m | 프라이의 절반안 넣고 거주세요 | 동그란 구슬 모양으로 퉁글려 주세요 | ※도나스가 식으면 토핑믹스와 잘어 드세요 | 합살치볼 요 합살찰방 만드는 방법 | 공통 | 방 | 합살치즈볼 만들기(프라이팬 조리) | 찹살찰빵 만들기에어프라이어 조 | 넣고 구멍이 생기지 않도록 동그렇게 둥글려 주세요 | ※기호에 따라 검은께또는 참께를넣으시면 맛있는 합 | 후 반죽을 넣고 4~5분정도 고르게 튀겨주세요 | 기호에 따라 다양한 치즈를 넣어 조리하실 수 있습니다. | FSCC155910 | 소비기한: | 2026.08.20 A | 까지 | 801045380513"
000285,2027,07,02,2027-07-02,s1,"식품유형 천연향신료(건조제품) | 100%（ | 브레드가든 성남공장/경기도 성남시종 | 제조원 | 용가-유리,뚜강-상감몰리프로 | 포장재질하컴:아크릴로니트릴-부티디엔-스티 | (ABS),마개-폴리스티렌페이페(PS) | 소비기한  제품별도표기일까지(년,월.일) | 号空卫20090275178349 | 2027.07.02 | 까지"
000286,2027,03,11,2027-03-11,s1,"구주변),직사 | 색상이 지어 | 유""를 사용한 제품과 같은 제주 | 의니건조하고 | 고,개봉 후에 | 니다. | 총 내용량96g | 하지 않을 경우 | 220kcal | 허짐,군음,가정 | 영양정보 | 있으니 밀폐보관 | 날카로우므로 | 上E号18620mg931%个号29g9% | 하십시오. | % | 6g11% | 당류9g | 기소비기한 | 0.52.617% | 트랜스지 | 품 | 후면표기일까지 | 5mg2%13g24% | 콜레스테롤 | %000kcal | 4),조미야채양념분말 | 기준이으로 개인의 필요열량에 따라 다를 수 있습니다. | ,정제소금,건마늘가 | 산나트륨(향미증진 | 향미증진제),설탕,포 | [두류가공품(탈지 | 식물성단백농축액, | 농축액(호주산),정 | 소비기한: | DB4 | 1기엑기스(쇠고기: | 기스(호주산),아미 | 2027.03.11112B | 감칠맛분말한우다 | 까지 | 출물분말,효모추출 | P04N | 이스분말,후츠가루 | HACCP | 조미식품2,향미유 | 가늘양파혼합분,항"
000287,NONE,01,06,NONE-01-06,s1,"조리예 | 06066 | 66666 | 300~350m1 | 끝는 물에급물내기한알 | 1개를 넣고 3분간 풀어줍니다. | ~2컵)를 끝여줍니다. | 물어진 국물에 | 소비기한 후면 별도 표기일까지 | 영양정보 | 100g | 식품유형 복합조미식품 | 295kcal | 号件2024068342470 | 총 내용량당 | 1일 영양성분 | L三云8.290mg | 기준치에 대한 비을 | 탄수화물54g | 415% | 당류 13 g | 17% | 지방1.6g | 13% | 대두,밀,쇠고기 함유 | 트랜스지방0g | 39 | ·국산) | 포화지방0.8g | 콜레스테롤95mg | 32 | 단백질16g | 29 | %200 | 기준이므로 개인의 필요 열량에 따라 다를 수 | 소비자중심 | 1 | I11 | 080-019-9 | DAESANG | www.daesang. | 분리수거를 생활화 "
000288,NONE,NONE,NONE,NONE,fail,202930725 | LE 만
000289,NONE,NONE,NONE,NONE,fail,030.02 | sue스E tn:t | LODEO | E트- -D DEO | [Uunll
000290,2027,03,02,2027-03-02,s1,"프로필렌 | 네시아산),양파분(미국산)] | ·소비자기본법에 따라 피해보상·부정·불량 | 231（大豆早） | 를펼쳐서 지거 | 후것용하십오 | 토마토함유 | 계한 | 맜있는 | 이어온 | 기장 | 부터 | 19714 | 02 | 2027/3.021 | A | 까지"
000291,2027,07,21,2027-07-21,s1,"제품명 해표해마라기유 | 식품유형해바라기유 | 상단 또는중앙 별도표시일까지 | 소비기한 | 보관방법 | 포장재질 | 뚜껑-폴리에틸렌 | (내면) | 업소명및(주)사조대림 | 1995020805639 | 품목보고번호 | 상이 다를 수 있으나 원료의 수환시기,산지에 따라 | 발생 가능한 차이이며 품질에는 이상이 없습니다. | -개봉 후에는 뚜껑을꼭닫아 서늘하고 어두운곳 | 에 보관하시고 가급적 빨리 드시기 바랍니다. | -이제품은 대두를 사용한 제품과 같은 제조시설 | 에서 제조하고 있습니다.-부정·불량식품신고는 | 11399 | 2027.07.21 | -본제품은 소비자 분쟁 해결기준에 의거 교환 또 | 는 보상받을수있습니다.-반품및 교환:구입처 및 | (080-900-6133)dr.sajo.co.kr | -깨끗한 우리자연 깨끗한 우리마음 | 영양정보 | 900m | (1 g = 1.09 mL) 100 g 900 kcal | 나트륨mg | 0% | 100g185% | 탄수화물0g 0% | 트랜스지방0g | 당류0g 0% | 1173% | 콜레스테롤mg | 0%0g0%"
000292,2026,02,13,2026-02-13,s1,13/02/2026 | 13925D 0123
000293,2025,10,24,2025-10-24,s1,물한방울 넣지 않고 | REGTCLEN | BOTTE | H 00%！ | 25.10.24까지 |   | (06:37) | 뚜껑HDPE | 라벨:PP | 총내용량 7m | 니다·용가 | 재활용 우수 | 영양정보 | 100mlg40kcal | 통번에 | 보로드시기버랍 | 量15mg量% | 과 같은 | P·본제품은 공정 | 88%% | 이수습다. | MELC O mg 0% | 营合61mg9%／程Um
000294,2026,09,08,2026-09-08,s1,"WF4 | 제조일자: | 2025.09.09 | 까지 | 소비기한 | 2026.09.0808:54 | 8500g/100gg210kcal | 대두(외국산)소먹분(밀:미국산,호주산)정세소금,밀동물명별호국을소분 | 2.510mg126%37g11%23g23% | 국신호주산,정세소금(국선)밀필과,하인설당,고추영중국선,주정,청수대신, | 정세소금참기를[두.밀함·포장재질(민:응기무명-로들사 | 量0mg0%8g15% | 에틸레유산지-실리콘고무·반품 및 교환차·전국 판매정및대리정·보관항합직사공신을 | 2000 ca | 피해 실온보관 개봉 후 냉장보관 권장·생물재료가참가되어오래둘수록 색이진 | 개인의 필요 열량에 따라 다를 수 있습니다. | -8501200/666471 | 보이는 입지는 원료 대두,밀쌀)의 일부분이므로 안심하고 드셔도 | 19 | 분쟁해결기준에의거교환또는 보상가능·게조개류쇠고기오 | 징우입능·조원일(정남도공주시 | 59:19184547-13 | 8801007052854 | 뚜영:PP"
000295,2025,11,08,2025-11-08,s1,"2025.11.08 A2 | 콤치즈맛 | 유요한 | 즈맛 시즈닝79 | 푸디버디가 입맛의 | 관 | 가치를 올려요. | 782332 | 난매원 | 푸디버디 | (밀:미국산), | 팝콘치킨 달콩치즈맛 | (팔올레인유 | 이렇게 만들어서 더 맛있어요! | 1분,백후추 | 인산나트륨), | 1.고소한 치즈로 진하게 맛을 낸 | 진짜 치즈 시즈닝! | 말레이시아. | 기타가공품1 | 국내산 닭가슴살을 바삭하게 | 말 물엿 | 튀긴 팝콘 치킨 | 1봉을 넣고 | Shack t!"
000296,2026,07,28,2026-07-28,s1,2026.07.28 | 달구별명가식품 | 달구별 | TH | 막창
000297,2026,04,08,2026-04-08,s1,2026.04.08 | 산물 | 안전관리인증 | 상책임 | HACCP | 보험가입 | 법심겁데
000298,2026,09,11,2026-09-11,s1,"사골곰탕 | Beef Bone Soup | 한니과 함께 | 소기한 | 의 일상을 | 2026.09.11 | Ⅱ,더슬겁게! | 06:43 F1 F | VAB | 엄선한 한우 사골을 우려내 깊고전만 | 남도 논산시 연무읍 | 2 | 8시간 정성스럽게 고이낸 담백한 | I당(취)진천BLOSS | 연출 | 진천군 진천읍 씨제 | 다양한 요리의밑국클로 활용 | 이미지 | 비비고 한우사골곰탕 조리방법 | 포장재질(내면) | 폴리프로필렌 | Pot 냄비조리 | -개봉하여 냄비에 붓고 중불로3~4분 조리 | 사골추출물(한우사 | 산)],한우사골추출 | ㅔ소금(국산),한우 | Microwave 전자레인지 | 증진제,마늘농축액, | 고기,대두 함유 | 반품 및 교환처 | Double steaming 중탕조리 | 구입처 및 대리점 | 끝는물에 봉지째 넣고3~4분 조리 | water and cook for3 | 습니다)"
000299,2026,05,13,2026-05-13,s1,GCA3 | 2026.05.13까지 | 영양정보 | 340g（170gx27H） | 17H(170g)636kcal | 소비기한/ | 보관방법 | 가정에서는 냉장고 냉동실 보관) | 제조원:농업회사법인 지엔티(주)/ | 업소명 | 및소재지
000300,2026,05,21,2026-05-21,s1,1개당 | 보 | 1일영양성분기준치에대한비율 | 나트륨28amg | 14% | 지방10g | 19 % | 360g | 15g | 5% | 트랜스지방0g | 당류29 | 2% | 포화지방1.9g | 13% | 40g13%12g | 당 | 22% | cal | BD-L | 소비기한 | 2026.05.21 | 까지
000301,2027,04,09,2027-04-09,s1,OTHER | 157kcal | 소비기한 | 2027.04.09 | 까지
000302,2026,03,15,2026-03-15,s1,2026.03.15 까제 | SSA3 | UrIspy | 고메
000303,2020,07,31,2020-07-31,s1,"号450mlm | 양지고기 | 풀어주세요 | 부드러운 | 남해안산 미역 | 더 끓여주면 맛있는 | 간이달라질수있으니 | 소(고기,조개류(굴,바지락)함유 | 가지 | 남실 및 구입 | 냉동보관 | 반품 및 교환장소 고객상 | -84 | 1000 | 비닐류 | kcal. | O DAESANG | 영양성분 | 139 | OTHER | 한비율 | 72 % | 소비기한: | 2% | 1% | 20.07.31 | 13 % | 까지 | o고객상담실 | 12 % | 3% | 80019-9119） | 9% | 8801052130583 | 18C이하 | 소비자중심 | 냉동보관"
000304,2026,06,01,2026-06-01,s1,"EH3 | 2026,06,01 | 까지 | 20:44 | 고소하고부드러운 | 계란옷 | 큼직하게 | 상 | 풍부한 | 다채로 | 1.20170.c | 2.해동시키지 않은 냉동수 | 고아래기준에 맞게"
000305,NONE,01,02,NONE-01-02,up2x,"소비기한: | 까지 | HOME:ings(호밍스)는?나만의 공간에서 나의 시간을 만드는편리함에 | 여유와 맛까지 생각하는 청정원의 가정간편식입니다. | ·엄선한 원재료로 깊고 진한 풍미 | 조리방법 | 양지를 가득 | 직접 가일 시 (원팩/2인분 기준) | 2mm두께로얇게썰어 | -냉동 상태의 제품을 봉지째로 찬물에 20분 이상 해동해 주세요 | 부드러운 양지살을 가득 | -해동한 제품을 개봉하여 님비에 붓고 중불로 가열해주세요 | 양지&야채육수사용 | -해동되지않은 부분없이 끌기시작하면 1-2분더여드세요 | *오래 끌이면 깔 수있으니 조리 시간을준수하여 주세요 | 진할 양지육수와 갖은 야채를 | 으린 을수를 함께 넣어 깔끔하고 | 끓는 물사용시(원팩/2인분 기준) | 깊은 국물 맛 | -끝는 물에 냉동 상태의 제품을 봉지째로 넣어 주'요 | 알록달록고명까지듬 | 1315 | 대파, 계란지단을 듬뿐넣어 | *제품을 꺼내실 때 화상에 주의하세요 | 푸짐하게 | 제품명 나주공 | 식품유형 즉석조리식품(가열하여 섭취하는 냉동식품/실균제품) | 원재료명 | 및교환 | 晋号早卫包堂20100370135373 | 내포장재질 폴리에틸렌 | 2115-84"
000306,2026,09,16,2026-09-16,s1,A C 1 | 까지 | 떡갈비 | 2026.09.16 | 12:41 | okgalbi | Rich and Juicy Meat | 연출 | The Livel | 이미지 | 비비고남도떡갈비 | 즐기는법
000307,2025,11,14,2025-11-14,s1,25.11.14.까지2 | 소비 | 기한 | 09:51 | H15 | 풀리는 | 문창
000308,2025,12,04,2025-12-04,s1,"2025.12.04 B2 | 05:25 | 김성대 | '투,육즙부"
000309,2027,04,01,2027-04-01,clahe,"H03000 | 품명 골땅콩 | 기한 별도 표기일까지 포장재질 풀리에릴렌(내면) | 원산지 중국산 | (F1) QINGDAO GREENUTS FOODS CO.,LTD | 원 | (F2) QINGZHOU QINGYOULIN TRADING CO.,LTD | 세계식품(주) /울산광역시울주군삼남읍방기로39 | 땅콩, 밀가루,설탕, 아카시아꿀,옥수수유,덱스트린,소금 | 하드니다지 | 땅콩 | 300g | 영양정보 | 100g520kcal | 4트 180 mg9% 탄수화물 51 g 16 % 당류20 9 20% | ：8011330686 | 28952%533% | 0mg0%17g31% | c | OTHER | 2027.04.010 | HnaF?"
000310,2026,09,28,2026-09-28,s1,"제조및(주)석보유통 | 2011044104650 | 원재료명 | 축액,해바라기씨유)]20% | 호두함유 | 정보 | 200g20g122kcal | 글레스테롤Omg)0% | 3g6% | 소비기한 | 2026.09.28 | 까지 | 종이 | 809019711769"
000311,2026,08,09,2026-08-09,s1,"제품명매일견과요거트 | 본제품은 땅콩,돼지고기, | 식품의 유형 땅콩 또는 견과류 가공품 | L200g（970kcal）[20g（97kcal)x107H | 제품과 동일한 제조라인어 | 반품 및 교환:구입처 및 판 | ：031-575-50 | 원재료 | 가제품의 크기가 일정하지 | 및향량 | 호두,우유, 대두 함유 | 소비기한 별도표기일가 | 포장재질 내면이폴리프로필런 | 200g（970kcal | 해결기준에 의거 교환 | 영양정보 | 17H(20g)97kcal | 나트륨 | 11g3% | 3g3% | 지방 59 | 9% | 콜레스테롤 | mg 09 | 1일 영양성분 기준치에 대한 비율(%) | 소비기한 | 2026년08월09일)까지 | 8809036"
000312,2026,08,26,2026-08-26,s1,N | BNUTS | MIKED' | Frud | Laven smac | Coffee Peant | 스낵을혼합하여 | Banana dhip | 영양을 한번에 | 펌앤 믹스너츠 | 양간식#단판믹스 | Rasted Alwond | Gltinous | Rice coated Peant | 2026.08.26까지 | 퍼앤믹스너즈 | 45 | 드5
000313,NONE,03,01,NONE-03-01,rot90,제품명 | 지퍼포장 | 스ㅇ스-ㅇ3-1구까지 | →고온 복사! | 진동 효과 | 고온의 공기를 | 튀기지 않아 담백 | 1979 | 곡물 장인의노 | 국산 사양벌꿀과 비 | 질리지 않는 딘 | 고온 복사열로 구워 | 유탕처리 NO! | 바삭 바
000314,2026,09,01,2026-09-01,s1,오는 | 좋은 | GOOD TODAY | ·번구워 더구수한 | 누룸지 | 2026.09.01까지B | 연출된예 | carched Rice | 10
000315,2026,07,19,2026-07-19,s1,20260719
000316,2027,03,01,2027-03-01,s1,"수 | 소비기한 | 2027.03.01 | 16:37 3-1 | 까지 | 조리방법 | 간을좋아하는분들은 물양을 조절해도 좋습니다. | 국수,떡 등을 넣어서 조리하면 | 기호에따라소금,후추,김 계"
000317,2025,11,15,2025-11-15,s1,20251115办天 | 0814108
000318,2025,11,09,2025-11-09,s1,"2025.11.09 | 돈 | TOW | LH引T1500 | F&B/경기도 성남//중원-둔촌대로 | 14(www.dongwonfnb.com) | 리투아니아.이탈리아 등),정제소금 | 천일역(호추산)],조미액,대두유,설탕 | 게농축액 -글루담산나트륨(향미증 진제) | 린,프필렌글리콜),호합제제[폴리글리세"
000319,2026,02,14,2026-02-14,s1,냉장보관/소비기한 | 2026.02.14 까지 | 11:19 E1509 | BH5 | 천 | 현지의 맛을 | 집에서 즐기는 | 라탕면
000320,2025,11,12,2025-11-12,s1,"[Unlabel] | 도톰쫄깃 | H콤달콤 | 각유부초밥 | 4 | 첨가 | 빙초산, 스테비올배당체 | 착색료(3-카로틴), 라멜책소 | 제조일자: | 2025.08.13부터 | 2025.11.12까지 | 0g | 0~10℃ | 소비기한: |  kcal) | 냉장보관 | 29"
000321,2025,10,29,2025-10-29,s1,2025.10.29 까1 | 사조 | 우리
000322,2025,10,29,2025-10-29,s1,2025.10.29 까지D어명 | 사조 | 우리
000323,2025,12,21,2025-12-21,s1,바김 | 초밥 | 양반 | 새콤한 맛 | 들어있어요 | 항반 | 들기름김 | 개봉방법 | 레온사워디렁소스 | 제조일자: | 2025.09.22부터 | 마개 | 디핑소스 | 2025.12.21까지 | 소비기한 | 1개 | %
000324,2027,05,15,2027-05-15,s1,"*量显100% | (원물 원료:사골,한우 다시마, 양파, 마늘, 대파, 무 | 3 | 호박산, | 카제인나트륨 | 이산화규소 | 10001 | 1000] | 3 | 분링으로 완성한 | 끓는 물에 1분링을 | 물에 다양한 요리를 | 1개 넣고 약 1분간 | 시작해보세요! | 국물을 우려줍니다. | *2의 시 뜨거운 물에 데지 않도록 조심하십시 | PA6 | 2027.05.15까지 E22A3 | 출물:호주산),콩발효추출 | 말NM,팔유,진국육수분말. | 가루 | 80g | 영양정보 | 쇠고기,우유,대두,밀 함유 | 205kcal | 210 | 326%0 | 콜레스테롤 5mg2% | （%）2.000kcal | 열량에 따라 다를 수 있습니다. | 850-12001666-5471（.co.k"
000325,2025,11,03,2025-11-03,s1,"단판단판 감칠맛 넘치는 간장소스 | 만들기어려운반숙장조림을간편하게 | 식품유형 | 별도 표시일까지 | 소비기한 | 300g | 영양정보 | 100g116kcal | 소재지 | 원재료명 | 喜813mg | 당체, | 지방TAg | 청양고추엑기스 | 트랜스지방0g | 산도조절 | 포화지방4.1g | 207 | 단백질7g | 1일영양성분 기준지에대한바 | 기준이므로 개인의 필요일 | 202104230298 | [원·본 제품은 조비자기 | 춘에 의거 교환 | 없이 | 냉장보관하시 | 88098697 | 쇠고기 | HACO | 서유래한 | 각막이므로 제거 | 고드시면됩니다 | 25.11.03"
000326,2025,10,18,2025-10-18,s1,011399 | 영양정보 | 70g98kcal | 0g0%4.2g8% | 2025.10.18 까지
000327,2025,10,21,2025-10-21,s1,"43 % | 마토 미트볼 | LE县860mg | 5% | 169 | 8% | 까지 절취,전자레인지에 조리 후 | 당류89 | 37 % | 司三至。 (700w 1是 40至, 1000w 1号) | 지방20g | 봉지째 넣고 10분 데운후 | 트랜스지방09 | 포화지방6g | 40% | 개봉하여 드세요 | 콜레스테를60mg | 크기에따라 조리시간이달라질수 있습니다 | 20 % | 포장재질(내면):폴리프로필렌 | 단백질13g | 24% | (주)/ | 112 | 소스-1 다이스드토마토(미국산),크러쉬 | 있습니다. | 332% | 34.% | TA10 | 단택,정제소금,해피부스터,비프소스 | 25.10.21A | 흑후추로알,난백분말,혼합제제(폴리인산 | 16:24 | 나트륨),카라기난,카라멜색소 Ⅲ| | 까지 | 고기,대두,계란,밀,닭고기 함유 | 랫부분을 팽팽하게 당겨서 잘 세워 | 화상을 입을 수 있으니 주의하십시오 | 고객행복센터 | 수 있으니 드실 때 조심하시기 바랍 | 소중한 의견을 기다립니다 | 태로 조리하세요.(제품이 터질 수 있습 | 080-850-1200 | 막이 있을 수 있 | ·본 제품의 | 1666-5471(号） | cj.co.kr | )에의한김 | 검은 점 | 있습니다.·제품내 | 셔도 됩니다.·이 제품은  | 0~10℃ | 메밀 | HACCP | 냉장보관 | 호두,오징어,조개류(굴,전복 | 조시설에서 제조하고 있습니다. | OTHER | 드시 냉장보관하시고 바로 드십시오 | 수 있으니 주의하십시오.)·부정·불 | 품은 소비자 분쟁해결기준에 의거 | 품 및 교환장소:전국판매적 또 | 7626994"
000328,2025,12,25,2025-12-25,s1,"은 | GODU | TODAX | 표첨 가르, 더육 건강하게! | 치자단부지와 | 우엉절임 | Pickled Radish Arid Burdock | 5 | 2025.12.25까지 | 25문무%) | 소브산칼륨 | %5%% | ‘소비기 | 일면 | 15/080-917-1004 | 조롯데쇼핑(주/서울특별 | 8 | 발효식초,효소처리스테비아(감"
000329,2025,12,25,2025-12-25,s1,올능 | 좋은 | GOOD TODAY | 하게 톡 터지는 | 사비맛쌈무 | d Wasabi Radish | 욕산 | 2025.12.25까지 | 연출된 예 | 9 | 나트 | 수화물 | 당류 지방 트랜스지방 포화지방 클레스테를 단백질 | 3% | 0% | 0% | 0% | 2% | HACCP | 34% | 7% | 08 | Og | 0g | Omg | 1g0 | 데쇼평주/서울특별시 중구 남대문로 81피소
000330,2025,11,02,2025-11-02,s1,"소장재질(내면): 플 | 김치/비실균제품 | F1-2019045 | 49500799刘 | BLOSSOM CAMPUS | 사/경기로 화성시 | 115-23F4 | 건인 전북지 / 아도 진안군 부귀면 가정갈  | 잘가간 상 온에 논출될 경우 변질  우려가 있으니 개봉후 | 마루로 선명한 빛깔 | 25.10.04 | 25.11.02 | 드대상 대통령상 수상 | 소비자중심 | F1 | 900g | AB7 | 100g30kcal | 탄수화물6g2% | 시방 0g 0% | 지방 0g 0% | #上#量2g4% | J김지양념풀C | 한에수 있습니다. | (HH(국산)],C J김치양념베이스,채소류(국산) | C.J새우액저,하선정멸치액정골드[멀치(국산)], | 080-850-1200 | 생강페이스트(생강·국산),유산군배양액 | 새우,대두 함유 | 5291 | 880100"
000331,2025,10,31,2025-10-31,s1,2025.10.31까지 | 옥능 | 좋은 | GOOD TODAY | 한우엉과단무지가들어가감칠맛이'나는 | 가지그 | 꽉찬
000332,2025,10,22,2025-10-22,s1,"FD4 | 소비기한 | 2025.10.22J337 | 까지 | 삼호어묵 | 날가루로 쫄깃하고,도톰해서 탱글한 | 도톰사각"
000333,2025,11,07,2025-11-07,s1,왕 | 족발 | 장충동 | 2025.11.07까지
000334,2026,03,15,2026-03-15,s1,냉장보관/소비기한 | 2026.03.15까지 | 03:41 A1609 | DC5 | 산 겨울무로 담가 | 시원한 동치미 육수
000335,2025,11,28,2025-11-28,s1,"생줄면 | 길이 들어간 비빙창 | 생폴면사리 | 기생폴면 | 판매등 | 양념비빙장 | |건조고명 | *NIQT리O | 55 g | 49 | 452.g | 2020~2024 | Ubel | 2개4 | (1,050 kcal) | 조리예 | 2025.11.28 까지"
000336,2025,11,20,2025-11-20,s1,소비 | 25.11.20까지2 | 기한 | 16:00 | 126 | [냉세트 | 2 | 1인분 개별포장×4개
000337,2025,12,09,2025-12-09,s1,"6.79号寸3%， | 이크0:1%함유 | 467g | 수제비/장강제비소스/건조고명|김깨고명] | 5.5g | (1,150kcal) | 27H127H27H | 2025.12.09까지"
000338,2026,05,28,2026-05-28,s1,A KbA | 까지 | 2026.05.28 | 14:48 | LIFE
000339,2026,08,18,2026-08-18,s1,2026.08.18 까지D | 여러분들의 꿈을 응원합니다 | 고소한갈살이는 | 맛으 | 기분종은품하식장
000340,2026,08,11,2026-08-11,s1,OPEN | 26.08.11까지 | A7-F2
000341,2026,04,29,2026-04-29,s1,"영양정보 | 430mg | 55 g | 탄수하물 | 당류 | 99 | 6.2 g | 지방 | 0g | 트랜스지방 | 0.8 g | 포화지방 | 14.8mg | 콜레스테롤 | 5Y | 11.6g | 단백질 | 21% | 돼지고기,복숭아, | 080-929-1001 | 포함),잣을사용 | 고객 지원실 | (수신자 요금부담) | 천일식품(주) | ChuniL | 다. | 바로 보관 | HACCP | OTHER | 380128428 | 2026.04.29"
000342,2026,06,22,2026-06-22,s1,2026.06.22 | ‘비
000343,2025,12,30,2025-12-30,s1,2025.12.30까지! | 소비기한
000344,2026,08,04,2026-08-04,s1,cat | wave | 2026.08.04/1918B | 까지 | 소불고기 | 구운주먹밥 | 조리방법
000345,2026,04,09,2026-04-09,s1,소비기한 | 2026.04.09지 | KAVIARPRODUCTNO.173 | KAVIAR PRODUCT TEAM | Director 홍정훈 | Devel | 삼원가든한우맑은설렁탕을맛있게즐 | 해동방법 | 개봉하지않은상태로흐르는물에1~2시간담 | 12시간이내로 해동해주세요 | 직접가열조리 | 충분히 가열하여드세요
000346,2026,05,15,2026-05-15,s1,포화지방0.8g | HACCP | 비닐류 | 803103 | 002825 | OTHER | 스비기한 | 2026.05.15까지
000347,2027,05,26,2027-05-26,s1,조하고 있습니다. | 1일영양성분 | 1일영양성분 | 100g | 기주시에대한비율 | 기준치에대한비율 | 6% | 营353mg | 18% | 탄수화불23g | 7% | 트랜스지방0g | 포화지방1g | 7% | 당류0g | 0% | 단백질2.8g | 콜레스테롤Omg | 130kcal | OTHER | 소비기한 | 2027.05.26 | 까지
000348,2026,04,02,2026-04-02,s1,"폴리에틸렌 | 2014044901878 | 포장재질 | 풍목보고 | 400g | 반품및교환장소:구입처및판매원 | 100g302kcal | 영양정보 | 본제품은 소비자기본법에 따른 소비자 | 1일 영양성분 | 기준치에대한비율 | 취급,보관시주의사항:보관방법미준 | 100gg | 17% | 주시기바랍니다.조리시 조리기구가 | L三号331.2mg | 하십시오.필요한 양만 사용하시고님 | 6% | 탄수화물20g | 한번에 드시기 바랍니다.특정 원료 | 1% | 异0.89g | 하시기 바랍니다. | 36% | 19.3g | 돼지고기,쇠고기,닭고기,달갈,메' | 트랜스저방0 | 오창어,조개류(굴,홍합,전복 포함 | 포화지방 3.5 | 23% | 온라인 바로구 | 引量31.8mg | 11% | (QR코드접속) | 단백질12g | 22% | www.lotteon.com 에서 | 검색어바식한생선까스 | 기준이므로캐인의필요열에따라다를수있습니다. | 소비기한 | 2026.04.02 까T"
000349,2025,12,07,2025-12-07,s1,BIG | 검보 | 간편하게 완성되는 진짜 전문점 방작 | 쉬림프카츠입니다 | 안전관리인증 | 비닐류 | 소비자중심 | HACCP | 8801114154199 | OTHER | 2025.12.07까지 | 소비기한
000350,2027,05,15,2027-05-15,s1,"식품형 | 해바라기유 | ·제조업소:BASSO FEDELE& | 업소경및 | FIGLI S.R.L. | 수입판매업소:롯데쇼핑주 롯데마트 | 소지 | 사업본부/서울특별시 송파구 올림피로 | 269（ | 소기한 | 제품의 별도 표기일까지(년/월/일 순) | 원 | 료명 | 100%） | 포장 질(내면) 용기:PET,뚜껑 :PE | 2027/05/15 | L51351N1G | 1.000m | 영양정보 | 100ml820kca | 0g0%0g | 나륨0mg 0 % | 91g169% | 단백질0g0% | 콜레스테롤0mg 0% | 뚜평:LDPE | 3004123017466 | 라벨:PP"
000351,2026,05,03,2026-05-03,s1,300g | 영양정보 | 100g475kcal | 量15g5% | 看820mg41% | 46g85% | gf11% | 747% | A | 스지방 0.5 g 미만 | 단백질0g0% | 量20mg7% | 분이브을 개인의 필요 열량에 따라 라를 수 있습니다. | 소비기한: | 2026.05.03 | 10:44
000352,2026,08,27,2026-08-27,s1,포도주로 숙성하여 각종 | 스테이크소스는 | 김게해주는 소스입니다. | 맞을 부드럽고 평 | 성으로 만들어 정통 소스의 | 오랜 노하우와 | 했습니다. | 총량 | 180mg90全量2g8% | 당류 | 26926%090% | 포화지방 0g 0% | 0ng 0% | 단백 | 1g 미만 1% | 2026·08·27 | 0919 | 까지 | 주직이사 오타기
000353,2026,03,08,2026-03-08,s1,"운 크림맛!대콤함을 동시에 | 클까보나라 파스타 소스 | '은바쁜 일상에 쇼핑만큼은 편안하게 하고싶은 | 게고민없이 편리한 쇼핑경험을 제공합니다. | 2026.03.08 L1 | 타만들기 | 소비기한후면 상단표시일까지 | 제품) | 유,대두,밀,닭고기,쇠고기함유 | 23218 | 리프로필렌 |  2000044304 | 광선을 피해"
000354,2027,07,06,2027-07-06,s1,"조원:농업회사법인 데이웰(주) | LI525 | 264-34 | /전북무 | 알티스트 /서울특별시영등포구 | 유통전문판매원 | 원재료명 및 함량 알물로스 시럽, | 人堂15,12 | 테비아,나한과추출분말 | 효소처 | (나한 | 量100%/ | 496065261 | 품목보고번호:20 | 껑을 달아 서늘한 곳에 보관하십시오 | 피하시고개봉후에 | 포장T | 용기(PET)/뚜껑(PE) | 13-3388 | 소비자 상담실:02 | 우유메밀 땅콩 대두,밀 복숭아토마토 | 구입처 주의사항본제 | 은 제조시설에서 제조하고 있습니다. | 호두를 사용한 제품 | 양 조절에 유의하세요 보관중 침전이 | 흐르는 제형으로 사용 | 스고유성분이미로 안심하고 드셔도 | 생길수있나알 | 부분에 내용물이 군으면 잘 안 열릴 수 | 좋습니다.사용후 | 닫아서 보관해주십시오 취급부주의로 | 있어미로잘닦아 | 인한 포창 파손 | 될 가능성이 있으니드시지 마시고 | 하시기바랍니다. | 본 제품은 공정거래위원회 고시 소비자분장해결 기준에 의거 교환 | 또는 보상받으실 수 있습니다. | 139 | 警5258 | 영양정보 | 100g15kcal | 소비기한: | 2027.07.06 | HACCP | 뚜껑:PE | 8809568426084 | 라벨:PP | ALTist'"
000355,NONE,NONE,NONE,NONE,fail,3028.06.170 | 14.25 | 028.06. | 825 | K92 | SZADT | 42190820 | 328.06.0 | 00 | I | 9028.06.170 | 14F
000356,2027,03,17,2027-03-17,s1,"제조원 | 566 | 유통전문 | (주)사조대림/경기도 | 판매원 | 125 | 포장재질 용기-폴리에틸렌테레프탈레이트 | (내면)우껑-폴리에틸렌 | 199104430241681 | 보관방법실온보관(개봉 후 냉장보관) | -본 제품은 공정거래위원회 고시소비자 분쟁해 | 결기준에의거 교환 또는 보상받을수 있습니다. | -반품 및 교환장소:구입처 및고객상담실-고객 | ：080-900-6133(）dr.sajo.0 | .kr-본제품은 밀,달갈,대두,우유,고등어게,새우 | 쇠고기,닭고기오징어 돼지고기 토마토 메밀,땅 | 콩,복숭아, 아황산류 호두 조개류굴,전복,홍합 포 | 함)를 사용한 제품과 같은 제조시설에서 제조하 | 고 있습니다.-원료에서 기인한 침전물이 발생할 | 수 있으니 흔들어서 사용해주세요. | 1399 | LDPE | 8801039006610 | OTHER | 소비기한 | 2027.03.17 A | 500g/10032kcal | 0% | 7,886mg 394 %不0g | 2% | 트랜스지방Og | 탄수화물5g | 3% | 포화지방0g 0% | 당류3g | 5% | 0mg0%3"
000357,2027,08,11,2027-08-11,s1,"필렌(내면) | 2007039 | 반및공환장소 | 해물 | 이미지사진 | 피초간단 사용법 | 알류 | 아토마토 | 80g/130kcal | 영양정보 | 11g19% | 마,굴)로 만들어 | 시피 해물 한 알이면 | 73mg24% | 수 있습니다 | 고객시 | 사조대림 | 0-900-6133 | dr.sajo.co.kr | SAJO | 2027.08.11 조민수 | OTHER"
000358,NONE,NONE,NONE,NONE,fail,SAUCE | 2027.0916城 | 량에 | 2027.0916瓶 | 절취선 | 라벨과 페트를분리하여 | 재활용해주세요 | M91602202 | HNGSAUCE | 8H | M91602202 | 재활용해주세요 | 라벨과 페트를 분리하여 | 절취선 | 2027.0916 | HNYSAUCE | 586% | 3% | 9% | 어의 | 0% | 6% | 요영량에 | 2027.0916瓶
000359,2026,06,16,2026-06-16,clahe,20260616 M지 A | 안전트 필보을 워란 약속
000360,NONE,NONE,NONE,NONE,fail,"26: : 1 | 마지 | 아류멸치볶음 | 간편하게 | 즐기는 | 첨가 | 청정원이 만든 더욱 맛있는 반찬 | 견과류와 멸치를 따로볶아 더 고소하고바삭합니다. | 청정원견과류멸치볶음 | 식품유형 | 조림류(살균제품) | 후면상단표기일까지 | 품목보고번호 | 20030449009549 | （135℃） | 내포장재질 | 폴리프로필렌 | 환장소 고객상담실 및 구입처 | 1206菱 | 한장 | 물질 | 아류멸치볶음 | 후면상단표기일까지 | 청정원견과류멸치볶음 | 합조미식품,변성전분, | 티나,미국,베트남등), | 닭고기, | 청정원이 만든 더욱맛있는 반찬 | 1객상담실 | 구입처 | 볶음참께 | 내포장재질 | 품목보고번호 | 식품유형 | 폴리프로필렌 | 조림류(살균제품) | 1 | 첨가 | (x) | 륨 | 33 | 눔 | V.4E~어 |  ) | 9 | 성 | (OSE~) | 륨 | 연식 | () | M | 아류멸치볶음 | 간편하게 | 즐기는 | 첨가 | 청정원이 만든 더욱 맛있는 반찬 | 원반찬은?내가족의 맛과영양을위한 현명한 선택입니다. | 견과류와멸치를 따로볶아 더 고소하고바식합니다. | 청정원견과류멸치볶음 | 식품유형 | 조림류(살균제품) | 후면상단표기일까지 | 품목보고번호 | 20030449009548 | 1~35℃） | 내포장재질 | 폴리프로필렌 | ) | 합조미식품,변성전훈, 부음참께 | 물짓 고기,후유,말 대두 조개류(굴),쇠고기 함유 | 관장소 고객상담실 및 구입처 | 2133 | 원 | 대상주 | 0 | 6층 | 자류멸치볶음 | 간편하게 | 즐기는 | 첨가 | (사카린 | 청정원이 만든 더욱 맛있는 반찬 | 원 반찬은? 내 가족의 맛과 영양을 위한 현명한 선택입니다. | 견과류와멸치를 따로볶아더 고소하고 바식합니다 | 청정원 견과류멸치볶음 | 식품유형 | 조림류(살균제품) | 후면상단표기일까지 | 품목보고번호 | 20030449009548 | 1~35℃） | 내포장재질 | 폴리프로필렌 | 합조미식품,변성전문,볶음참개 | 발물질 | 닭고기,우유,밀,대두, 조개류(굴),쇠고기 함유 | 환장소 | 고객상담실 및 구입처 | 대상점 | 号1206含"
000361,NONE,05,07,NONE-05-07,up2x,샘표 | 깍짝할 새에 밥 한공기 | 해치우게 하는 | 스쏙싹싹 밥도둑! | 싹싹 | 발도둑 메추리알 장조림은? | 나뜻 킬칼 | 70년간 변함없이 | 국산과리추 | 사랑받는 | 샘표의 깊은 간 | Since19 | 6가지 국산 야채로 | 맛을 낸 비법장즈림 소스 | 19840533006114 | 품목보고번호 | 후면표시일까지 | 소무기한 | 폴리프로필렌 | 포장재질(내면) | 서울특별시 중구 충무로 2 | 9.33%[（ | 야채습S 5.7%{아채추출여과액 | 4%. 범베이 | 처야고츠
000362,2026,08,11,2026-08-11,s1,"이육개장 | 욱시원한 | 초리법 | 식품유형 측석조리식품 | L350g | 품목보고번호 | 소비기한 별도표서일까지 | 우유,대두,밀,토 | 영양정보 | 350g/120kcal | ·이 제품은 알류, 메밀, 땅콩,고등C | 영양경 | 三层1.460mg73%含量 | 9g.3% | 호두,닭고기,오징어, 조개류굴, | 4g 4%지방 | 6g11% | 제품과 같은 제조시설에서 제조적 | 개봉한 제품은 변질될 우려가 | 트랜스지방0g | 1.4g9% | 본 제품은 공정거래위원회고시 | 20mg7% | 이단백질 | 8g15% | 또는 보상받을 수 있습니다.·부 | %2000kcal | 제품에 이상이 있을 경우 취식하 | 보관방법미준수시에는 변질등 | 저켜주시기바랍니다.·소비 | 2026.08.11 까지 | 요금부담·조리시자리를뜨 | 조라시끊는 물에화상을입 | A2-2 | 안준혁 | 홈에 손가락을 베이지 않도록 | The 미식의 모든 상품들은 | 더미식몰에서 만나보실 수 | HACCP | OTHER | 있습니다. | www.the-mishik.com"
000363,2026,04,21,2026-04-21,s1,"간편하게 뜯으세요! | (EASY CUTL | 지국밥 | 2026.04.21 012: 38 | 까지 |  GUKBAP | 얼큰돼지밥은더/맛있게 | 걸큰돼지국밥은 | 아도,얼큰하고 진한 국물을 | 즐기는방법 | 소면 | 다. | 듬 넣어 깊은 맛이 느껴지는 | 티브로 한 제품입니다. | 냄비 조리시 | 전자레인지이용시 | 5분 | 배기에 얼큰돼지국밥을 부은 후 | 30 | 도구에 따라 조리시간이 다를 수 있습니다. | 三（10W） | 이 증발하여 파질 수 있으니 기호에 맞게 | 여드십시오 | 품"
000364,2026,06,04,2026-06-04,clahe,"차동단장이 | 부대게 | Don gwon | 60g | 소비기한 | 하남산 | 1636-2 | .com) | 2026.06.040A | 차돌양 | 된장A, | 수라차돌된장찌개가맛있는이유 | 야채혼 | 건표고 | 온도 | 자사기존방식 | L-글루 | 농축액, | 자사개선방식 | 출물 | 열처리 시간 | 20% 단축 | 함유 | 시간 | 첨단설비로 열처리 시간을20%이상단축시켜 | 개료의 만을 | 27 | H대비"
000365,2026,03,11,2026-03-11,s1,"소비기한 | 2026.03.11 | 인 레시피치로 | 11:37:11/M31 | 한요기를 가장고 | 전문브랜입니다. | 치찌개 | 육통령 | 으로,두툼하게 썰어낸 | 지고기 김치찌개는 | 다. | !맛이 깔끔한 국물 맛 | 맛있게 먹는 TIP | 기호에 따라수제비,라면 사리등을 | 하게 썰어낸 돼지고기, | 곁들여 드셔도 맛있습니다. | 전자레인지 | 중탕끊는 물에 봉지째 | 700 | 제품을 넣고5~6분조리 | 냄비 뚜껑을 열고 조리하세요. | (제품이터질수있습니다)"
000366,2026,09,05,2026-09-05,s1,"소비기한 | 2026.09.05L2 | 까지 | 초리방법 | 어 | ※오래 끓이면 깔수 있으니조리시간을준수해주세요. | 스파탐 | 전자레인지 | 송썬대파, | (700) | 토르트식품) | 품목보고번호 | 19840532001372"
000367,2026,05,18,2026-05-18,s1,"추어팅 | VISTC | Our | Website | 소비기한 | 과함께 | 2026.05.18 | 상을 | 즐겁게! | 01: 53 B. | 까지 | O U4 | 미꾸라지를갈이 | 진한국술 | 107 | 풍성안시래기 | 토란대와대과 | 연출 | 산초,들까가루 | 지(중국산),정제 | 이미지 | 풍미가득 | H(미얀마산),대파, | 비비고 남도식추어탕 조리방법 | 합조미식품1,혼합 | 23,들깨가루,고츠 | Pot 냄비조리 | 제, 효모추출물, 설 | -개봉하여 냄비에 붓고 중불로 4-5분 조리 | 쇠고기 함유 | 오래 끝이면 깔수있으니조리시간을준수하여주세요기호에따라 | Microwave 전자레인지"
000368,NONE,04,02,NONE-04-02,s1,RECIPE | 영양정보 | 240/kcal | 고기를잘게 | 다져 구현한 | L直喜960mg48%E个量134% | 정통 유니짜 |  11g 11% | 15g28% | 4.2g28% | 트랜스지방 0g | 量40mg13%E13g24% | （%2.000kcal） | 개인의 필요 열량에 따라 다를 수 있습니다. | 비닐류 | 까지 | OTHER | 끓는물이용시 | 1促10岁 | Z（700W） | 끓는 물에 제품을 봉지째 넣고 | 3분 | 간데워 드십시오 | 0초 | 지 개봉하여 주시기 바랍니다.|' | 제품명 오즈키친 정통직화유니짜장 | 유형 | 즉석조리식품 | 인드 선정
000369,2027,06,25,2027-06-25,s1,대세씨 사오사이 | S1 2027. 06. 25 | 런짜장 | 까지 | 3·분·요·리
000370,NONE,03,04,NONE-03-04,rot90,"-019-91) | F12503 | A고객시 | ·부정·불량식 | 교환장소:곡객상담실 및 | 1399 | 소비자기본법에 의거 교환 | 포함)·아황산류 홍입 가능 | 땅콩 | 선을 | 남실 | 폴리에틸렌 | 적 한번에 드십시오 | 표 | 1일까지 | 화짜장 | 울특별 | 우유,대두 | 앉불베이스 | 풍미분말 | 밀:미국산 | OTHER | 비닐류 | [Unll | 종 | 8 | 801052 | 영양정보 | %200 | 단백질6g | 콜레스테를Omg | 3.4g | 275 kcal | 포화지방09 | 트랜스지방09 | 120.6 | 94- | 20g | 해조칼슘 | 0 | 55 g | 최고 | mg | 준치에대한 | 1일"
000371,2026,02,15,2026-02-15,s1,2026.02.15 까지 07:36:57 11
000372,2026,09,15,2026-09-15,s1,"SECRET | RECIPE | 밤을 넣어 | 고소한맛을 | 전자레인지조리시 | 한층더한밭죽 | 대워드시오(00기 | SECRET | RECIPE | 통팥을직접삶아 | 끓는물 이용시 | 는물에제품을넣고에라 | 쌀과함께 | 데워드십시오 | 몽근하게끌인 | 동지팔죽 | *데우지 않고 드셔도 됩니다. | 3첨가 | 量450g | 첨가 | -아세설칼감미-이스입이 | 495kcal | -네오탐(이료) | 联号92g28% | 7g13% | 소비기한 | 2.7g18% | 16g29% | 2026.09.15.F4.15:21.5 | 까지 | 미로 개인의 필요 열람데 따라 다를 수 있습니다 | 제품명 | 오즈키친 동지팔죽 | 유형 | 즉석조리식품 | 원료명 | 고싶은 | 4.정성을 | 검정찰현미,정제소금,덱스트린 | 행복한 하루 | 소비기한 | 상단표시일까지 | 비닐류 | 품목보고번호 | THER | F4)19920308038115"
000373,NONE,05,01,NONE-05-01,s1,"우리쌀쇠고기 스프 | 식품유형 축석조리식품 | 소재지 | 입가능성이있습니다. | 1일영양성분 | 총내용량당 | 총내용량당 | 기준치에대한비를 | 영양정보 | 기준치에대한비를 | L三号1,360mg | 68% | 지방5.1g | 9% | 탄수화물45g | 14% | 트랜스지방0g | 총내용량60g | 당류17g | 17% | 포화지방3.1g | 21% | 237kcal | 콜레스테롤10mg | 3% | 단백질2.8g | 5% | 소비기한 | HACCP | 로므르트스 모크, 1들 | 비닐류 | OTHER | 8809847090135"
000374,2026,08,20,2026-08-20,s1,"식 그대로 재료 본연의 값은 맛 | Donguor | 단괄죽 | 1등 | 420g | 소비기한 | 광주광역시 광산구 하남산 | 2026 . 08.20 | (www.dongwonfnb.com) | 도시일까지 | 12.0%（) | 밤7.0%,설탕,비타민C,산 | 든든한아침을 책임지는 | 금, 산도조절제B),고운앙금 | 한끼 건강식 양반죽 | 설탕,정제수,팔24%, 물엿,정 | 雪5.7%（香60%叫 | 양반죽은 전롱죽에현대적인 가치를더하여 | 정제소금 | 모든재료를한번에 넣고오랜시간저으면서끌여내는 | 폴리프로필렌 | 19950227050186 | 양반죽은 맛과영양을제대로 담아내어 | 한끼의품격을을리는건강식입니다. | 토,돼지고기,메밀, 알류,땅고 | 아, 아황산류대루,밀,쇠고기,조 | 굴포함),오정어,새우,우유게 | 양반죽 1등비법 밤단팔죽은? | 용한제품과 같은 제조시설에서 제 | ·보관방법:1.실혼보관(냉장및 | 재료 본연의 맛이 살아 있는 | )2.개봉한 제품은변질의 우려가 | 쌀알이굵고깨지지 있은 | 한번에 드십시오.·조리 시 제품과 | 국내산 참쌀과 입쌀 | 나안전사고에 주의하십시오 | 에 손을 베일 수있으니 주의하십실 | 3(무)첨가"
000375,2026,05,31,2026-05-31,s1,"26- 05.31 | 22:36 | 소비 | 0 A2 | 까지 | 기한 | 맛있는 죽의 기준이 되다 | 햇반 | 쌀전문가‘햇반’이 찾아낸,맛의 차이를 만드는 레시피 | 100% | √고소한 전복내장과 쫄깃한 전복의 | 살아있는 식감 | 전복내장죽 | √정성들여 끓여낸 깊은 맛의 양지육수 | 제품명 | 전복내장죽 | 한반 전복내장죽 조리방법 | 인레인지조리시 | 식품의 유형 | 즉석조리식품 | 치상단'안전절취선'을1/2정도개봉하여 | 내용량 | 420g | 레인지에 닿지 않도록 상단을 접은후. | 업소명및 | 씨이제일제당주식회사/ | 소재지 | 210 | 놓고 아래 기준에맞춰 조리해주세요. | 700W | 1000W | 정제수,멥쌀(국산), 참고둥살[외를 | 2号30左 | 2분 | 아루마니아, 튀르키예 등)],표페 | 국산),새송이버섯,전복살[외권 | 이시아 인도네시아등)참"
000376,2025,10,07,2025-10-07,s1,"유어스프리미엄 | 오모리 | 어득 | 김s | OMORI | EOMUK | 쫄깃한 어 | 얼큰한오 | ·기타어육가 | 2025.10.07까지 | 배추2.7 | 号420mg21%号6g2%号1201%不 | 100g945kcal | 1200kcal | 국산·다두밀소고기,닭고기,새우오징어 조개류(바지락,굴)함유 | 뚜껑을 살 | 주의사항.-비 냉장 보관 시 소비기한 이내에 변질될 우려가 | 이내라도 빨리 드시기 바랍니다.개봉시 뜨거운 | -제품 내 간혹 흑막이 발견될 수있 | 드시기바랍니다.-이제풍은"
000377,2026,07,01,2026-07-01,s1,"메밀.대투 | 드아몬드미국산] | 공설당커피고구마전 볶음아 | 031-534-015 | 산설탕,땅콩]커피땅콩중국산 | 건포도해바라기화이트볼중 | 틸아디핀산이전문건포도(미국신 | 당.밀가루꿀찰옥수수변성전분아 | 원재료명 | 제조 판매원 포천시 군내면 용장 | 습니다. | 품목보고번호 | www.e-sandl.co.kr | 닭고기 | 소비기한 | 내포장재질 | 제품명 | 포장시설에서 포장( | 꿀콩중국산땅콩 | 48-48 | 2011037253213 | 별도표기 | 플리에틸렌 | 오리진스 믹스너 | 구입처 또는 소비 | 습기를피해서능 | (주)산과들에/경기 | 아황산륨 | 땅콩,밀일 | 포화지 | 영양정보 | 질소충전 포장하였습니다. | ·제품의신선도유지를위해 | 주의하시기바랍니다. | 삼키면 질식의위험이 있으 | 01399 | ·부정,불량식품 신고는 국번 | 소비자기본법에의한피해보상 | 14g | 0 mg | 총내용량20 | 숨을썼지 않고 | 90 kcal | 2026.07:01까지"
000378,NONE,NONE,NONE,NONE,fail,2905 | 202540 | 29052026B1 | FLAVOUR | CHICKEN | naak | GEMEL | 맛이어 | M | 이 | (g | N | 6 | 6 | yoDua | 05 | 9 | 4 | m | GEME | 5 | Enaak | 6 | 9 | 9 | 2 | 2 | 0 | CHICKEN | FLAVOUR | 맛있어서 | Time | solo | awll | MOA | 2905 | 202540 | 29052026B1 | FLAVOUR | CHICKEN | GEMEL | ro | 29 | 05 | 2025 | 40 | 2026 | B1 | 29 | 05 | FLAVOUR | CHICKEN | GEMEL | aak | Ready To | 맛이어
000379,NONE,02,13,NONE-02-13,s2,"영양정보 | #LH159 | 三喜2mg0%E个量14g4% | 13913% | 클레스테Omg0% | 단백질0g 0% | 050926 | 18049731306914 | 2.13 | 50693519301171138095480 | 식품유형 캔디류 | LH15g（60kcal） | OTHE | 원재료명 | 포장재진 | 구연산,구연산심니 | 6Ukcar | 기춘이으로 개인의 필요 열량에 따라 다를 수 있습니다. | 소비기한: 읽는 법 (일월년 순)BEST BEFORE: (DDMMYY)"
000380,2026,09,02,2026-09-02,s1,HACCP | NEW 호박 찹쌀 약과 | ) / : 30 g(125 kcal) | 1.6%0.8% | 2026.09.02까지A
000381,2027,01,20,2027-01-20,clahe,N 0ELOT:5.020.43.8 | 00NM:20/01/2027
000382,2026,08,18,2026-08-18,s1,"소비기한 : 2026.08.18 | 08140 | 까지 | 영양정보 | 481,000mL(100mL×10%) | 168kcal | L号0mg0%到量17g5%异16g16%不档0g0% | 人0g0g0%0mg0%0g0% | （%2.00 | SAENGGI-D | ""801674""810573 | 3대구경북능금농협"
000383,2026,04,03,2026-04-03,s1,"HIEI500 | 젤리 | 제조원2층) | 소비기한 후면표기일까지(연, 월,일) | 20170484590109 | 포장재질 폴리에틸렌 | 소비기한 | 2026.04.03 E | 까지 | 소비기한을 꼭!확인하세요 | 名489 | HACCP | 160kcal | 트랜스지방 0g | 비닐류 | 포화지방0g 0% | 단백질 4g 7% | OTHER"
000384,2026,07,08,2026-07-08,s1,BRONOIR | 소비기한 | 2026:07.08까지1 | HACCP
000385,2025,09,15,2025-09-15,s1,2025.09.15 B | 부터 | 2026.09.14 | 까지 | 맛있는 약속
000386,2026,06,10,2026-06-10,s1,시리즈 | 드랜베리로 | 새콤달콤크랜네리와고소한아몬드 | 크랜베리와이=의건강한만남 | 5가지 통곡들로만든오곡볼 | 미세후크지퍼백으로 | 샐틈없이신선하게! | 카카오 | 2025-06-11 | 2026.06.10
000387,2027,01,21,2027-01-21,s1,"로당 홍삼농축액 | (薯合是50mg/g, | 분 60%이상 | 국산) 8% | 소비기한:2027.01.21 | 까지"
000388,2026,01,15,2026-01-15,s1,간약과 | 2026.01.15까지
000389,2026,02,27,2026-02-27,s1,ㅎ농협식품 | 2026.02.27 | 쌀약과 | 기 | 영양정보 | 48 
000390,2026,05,19,2026-05-19,s1,통산자 | ·원재로 및 성부배한비율·멜쌀휘밥[압춤열휘밥(쌀:외국산)] | ·소비기한별도표기일 까지 | ·유통과정에서 변질품이나 파손품은 본사 및 구입처에서 교환 | 202605.19. | *부정불량 식품 신고는 | 미담푸드
000391,2026,12,10,2026-12-10,s1,"4,500 | 누텔리 | 全7减.2026.12.10 | g0g당 1, | 연고농장 | YEON GO FARM | VEGAN | We deliver a cup of tea to a very precious | 박하차 티백 | [국내산]박한 | 25ea（1g/1日叫） | 식품의유형:침출차 | ：20180564 | “정직하게 볶았습니다. | Honestly roasted"
000392,2026,08,28,2026-08-28,s1,"SORION | THE | 실속형 | 2배UP | 응가중량 대비 | 소비기한 | 간편하게 즐기는 | 25:08:29 14:52 | 26,08.28 | 깔끔한 더 자일리톨 | 용기 또는 파우치에 리필해서 드세요! | THE | KYLITOL | 달지않아 깔끔한더자일리톨 | 더 | 드립니다 | 복숭아맛 | OTHER | 19870415003279"
000393,2027,08,02,2027-08-02,s1,"2027.08.02까지 | (100 g(12)是) | RFD | 1.큰냄비를 준비하여물 | 1000 | 100 | 입니다.(큰 그릇에물을충분 | 히 넣고 끓이시면 넘치지 않 | 고 안전하게 끓일수 있습니다) | Pour1000mlof waterintoalarge | pot,and ing toa boilovr10. | 도 첫가라으로 저어가면서 | Pu nodes in baing wal,d"
000394,2020,04,14,2020-04-14,clahe,"죽장연 | 벤빠개장 | 인지조 | 죽장연은 마음 이름 '축장연'과 자연'을 | 0号包量0100% | 지역에서 생산되는 원료와 전통 방식으로 | 직접 장을 만드는 브랜드 입니다. | 대는 | 최고기 | 保至卫用量20010445055895 | 함)잣,아황산류 혼입가능·소비자가 콘법에 따라 피해 보싱 | 1139 | 피하고 개봉한 채로 두지 마십시 | 부전 | 002-231（ | 이사이 이을 때부문 제품 등는 드시지 시고 구입 | 에서교환하 | 120g235kcal | 리방 | 1/4左（80g） | 200g）1/（80g）30g400 | 총 내용량당 | 1일영양성분 | 나트륨 | 3.300mg165% | 3. | 탄수하물 | 6분 | 39 g | 12% | 6g | 6% | 시방 | 5g | 9% | 김자 박무배기에물 양장끝어오트에서 | 트랜스X | 받0g | (게 감자,애호박을 넣고 | 노하지빙 | 0.9g | 4분간끝한 뒤 두부, | 6% | 벌어 준비합니다. | 팽이버섯을 넣고2분 | 콜레스테롤 | cmg | 0% | 간더끝여 완성합니다. | 단백질 | 85 | 15% | 1299）200 | 이므로 개인의 요 량 따라 수있습니다 | 오뚜기 | Malla | 오4] | 다있다! | 녹색인증 | 128 | HACCP | 88：10451728834 | OTHER | 室：G1-2-01679 | 2020.04.14까지 | F315:53"
000395,NONE,NONE,NONE,NONE,fail,농심 | 인생을맛있게 | 농심 | 티범벽(6입) | 범벅 | 8801043015622 | 101003536 | 피범벅(6입) | 농심 | 인생을맛있게 | 농심 | 문욱 | 문욱 | 9) | (9)) | 무욱 | 0농심 | 인생을맛있게 | 농심 | 범벅 | 8801043015622 | 농심 | 까파 | 인생을 맛있게 | 농심 | (티범벽(6입) | 101003536 | 범벅 | 8801043015622
000396,2026,02,27,2026-02-27,s1,인생을 맛있게 | 농심 | 을 | 라면 | 매울신 | SHIN RAMYUN | 소비기한 | 5개입 | 농심mog | 2026.02:27까지 | 叫2A04
000397,2026,02,19,2026-02-19,s1,"정보 | 香610g | 100g65kcal | 560mg28%量10g3%异7g7% | 2.1g4%0.5g3% | 0mg0%2g4% | （%200cal | 기준이므로 개인의 필요 열량에 따라 다를 수 있습니다. | ·고등어,우유,게,새우,쇠고기,오징어 | 알류메밀, 복숭아,호두,잣,땅콩,아황산 | 류혼입가능·소비자분쟁해결기준에의 | 거,교환또는 보상가능·취급 시용기가 | 유리재질이므로 파손되어 다칠위험이있 | 유리 | 리를 확인하세요. | ODT | 2026.02.19 16:16"
000398,2027,07,30,2027-07-30,s1,"2027.07.30 | 까지2 | M | 백설 | 소면조리법 | 소면 |  5[1,00全 | 백설소면 | 비기한 후면표시일까지 | R에 아은 번 부은 후 | 330 | ua기 | (국산)밀 함유 | 1972016800173 | 더 맞있는 이유°"
000399,2027,01,31,2027-01-31,s1,"집온보관개봉냉상보관정 | 소스(살균제품) | 하단표기일까지 | 20020464088-32 | 황산류 혼입가능·소비자 분동 | 노산에지대두외국신),양조간장원에(탈지대우·축국산 | 능양중국 우 | 영정보 | #500/10080 | 看410mg205%量18g6%13g13% | 지방0g0% | 트랜스지방0g 포화지방U | 量0mg0%2g4% | 0-850-1200166-5471 | 2027.01.31 03:52"
000400,2026,01,11,2026-01-11,s1,"한층더 살려줍니다. | 추천 레시피! | 사용량을 조절하세요! | 스테이크 오행 | 불고기 | 요리에 새공함을 더할, | Chef's tip! | 하시면 더욱 풍부한을별수있 | 총 내용 80 | 영양정보 | 100ml155k | 나트륨5mg 0% | 号39g12 | 39g39%0g0% | 量0mg0%E003 | 200 | 개인의 월요 혈량에 따라 다를 주있습니다. | 고객행복센터 | 080-850-1200 | 口1666-5471（号） | 마:LDPE | cj.co.kr | 리별:PP | 24.07.12 | 부터 | 까지 | 26.01.11 | OB7"
000401,2027,04,12,2027-04-12,s1,SPAM | SPAM | 스럼 | 25리이E | 스를 | 25 | 스럼 | 27.04.12까지2W19:35
000402,2028,04,19,2028-04-19,s1,팸 | SA4 | 28.04.19 | 12:58闪 | 클래식 | 봉방법 | 점성을따라 | 파우치를 | 20080405015-209 | 영양정보
000403,2027,04,01,2027-04-01,up2x,활도 | u | 27-04-01 | 3 | '
000404,2026,06,10,2026-06-10,s1,B1 | ·소비기한 | 2026.06.10-16:42 | 까지
000405,2027,10,15,2027-10-15,s1,"2027.10.15# | 15.393F16K | 하이라이스스스 | OTTYGI HASH | 2. 물을 약하게한이스스스를 조금씩 넣어충분히풀어습니다. | Kitchen | 유형 | 료명달 | 코아분말 | 쇠고기,닭고기,밀,토마토,우유 대두조개류(굴) 함유 | 포장재질 품 | 제조원 | $줄싱횟삭 올뛴길 | 128 | 십시오 | 080024-2311）"
000406,2028,08,05,2028-08-05,s1,5.08.28 40- | 경기 연천 먹는생물 | 갈승lC | 무기물합량(mg/L) | 241~28 | 칼습(Ca) | 나트륨(Na) | 칼륨(K) | 그승Me) | 불소(F) | 211~28.1 | 3.9~4.9 | 5.0~6.8 | 0.0~0.1 | 835-3568左 | 개업소명및
000407,2025,12,01,2025-12-01,s1,"3900 | 025,10.10 | 진랑농협하나로미' | 하늘 초양 념 김 | 보관방법:10C이하 냉장보관포집저장(플리에팅경량() | 6500 | 2025.10.03 | 2025.12.01 | 포장 년,월.일 | NH | 진량농협하나로마트"
000408,2025,10,09,2025-10-09,s1,"전일영 | 소금(국산 천일염)으로 | 간이 되어있습니다. | 갈친( 해 | 동 | 원산지:국 | 11800 | 2025,1905,2025.10.09 | 진랑농열하나로마트"
000409,2027,03,26,2027-03-26,s2,예농협 | 비Fob | seui Mountain | 호리자 | 더건강하게만든우리보리차! | 400g | Barley Tea | 최고품질의 보리만을 엄선하여 | 맛 좋고 영양가가 풍부합니다 | 100% | 100% | NH | 유가농업협동조합 | 2027.03.26 까지
000410,2027,04,13,2027-04-13,s1,명읽은햇살생강분말 식품의 유형 | 천연향신료 | 卫194040409243 | ·기한 | 2027.04.13
000411,2026,09,09,2026-09-09,s1,NH | 남영양농협 | ©경북 | 영향기추 | 헛살촌 | 영양청결 | 오줏가루 | 제조일자 2025.09.10 | 소비기한 2026.09.09 | 북 영양 고추만을 엄선하여 생산하였습니 | 기족명 | 햇살촌 영양청결고충가루 | ·보관방법:직사광선을피하 서늘하고건조한 | 식품유 | 고층가루 | 곳에보관하시고개봉후어는품질저를위해 | 500g | 냉장보관하시기 바랍니다 | ·주의사항고추가루를손으로사용추눈이 | 제조원 | 능영양농협가공사업소 | 피부민감한 곳에 접을피하시기비니다 | 경영양군 입암면 다리골길29 | 소비기 | ·본 제품은음식에 사용시1시간 정도 지나 | 모상지 후면 별도표시일까지 | 고유의 빛깔이 나타닙니다 | 원료명 | 100%（： | 모장개질 | 색도를 삽입하였습니다. | 홍목보 고번호 | 폴라에팅랜(내면) | :발품및교환:제조원그일처 | 소비가상담실 | 199305850052 | 지리적시 | 지리적특산품:고충가루 | KPGI: Yeongyang red pepper powder | 원  | : 영양능인양농가사업소) | 88082801705002 | OTHER | 量/EL（02763-317
000412,2026,01,19,2026-01-19,s1,"스쉽고 깔끔하게 톡! | 신선한 경북 영양 고추를 담아 | 언제 어디서나 간편하게 | 요리할 수 있는 스틱 고츠가루 | 제품의 특징 | ·HACCP인증 받은 제조시설에서 위생적 | 으로 생산됩니다. | 보관방법 | ·직사광선을 피해 서늘한 곳에 보관하시고 | 개봉 후에는 냉장 또는 냉동보관 하시기 | 바랍니다. | ·본 제품은 공정거래위원회 고시 소비자분쟁 | 해결기준에 의거 교환 또는 보상받을 수 | 있습니다. | 소비기한 | 2026,1,19 | 까지"
000413,2027,04,23,2027-04-23,s1,"칠갑농산 | 2027.04.23 | 우유에타서먹는 | 정국장가르 | 300g | (1,401kcal) | 100 g467kcal"
000414,2026,04,07,2026-04-07,s1,2026.04.07까지 | 회요
000415,NONE,NONE,NONE,NONE,fail,아삭아살 새콤달콤한 | 영양정보 | 60g/15kcal | 8809307 | 노뜯는곳 | 1390034 | 냉장보관 | OTHER | 뉴스마스마 | 영양정보 | 락교기 | 60g/15kcal | 아삭아삭 새콤달콤한 | 생장보관이 | 8093 | 노뜯는곳 | 운극릎스 | PH스 | 나기며 | 운극릎스 | URU5 | 누3 | 아삭아삭 새콤달콩한 | 3 | 양정보 | 4860g/15kcal | 8809307 | 390034 | 量391%弄00.8% | 0% | 냉장보관 | OTHER | 아삭아삭 새콤달콤한 | 락고기 | 영양정보 | 4860g/15kcal | 88093071390034 | 비닐류 | 냉장보관 | OTHER | 뜯는곳
000416,NONE,04,07,NONE-04-07,rot90,GO!~ | 2328.04.07 | 소비기한
000417,2026,03,15,2026-03-15,s1,a중e] | 2.480 | 더맞있게 | 소비기한 | 오로독 | 먹고 싶다고? | 그럼 말아보자 | 2026.03.15 | GO!~
000418,2026,09,08,2026-09-08,s1,180 | 1.780 | 2026.09.08 | G09 16:53
000419,2026,08,05,2026-08-05,s1,웨하 | EASY CAP 0는법 | 소비기한 | 2026.08.05Y | 영양정보 | 총 코코아분말6% | 否号：75g[400kcal(15gX | 알레르기정보:옆면확인
000420,2025,12,04,2025-12-04,s1,"960 | min | 식품유형 | 소비기한 | 후면 표기일까지(연,월,일) | 영양정보 | 총내용량 70g | 내포장재질 | 220kcal | 유통전문 | 롯데웰푸등(주)서옥시 | 나25 mg | 판매원 | 空量52g | (주)에습디푸드 경기도 부천시 | 39g | 제조원 | 당알콜2.5g | 목보고번호 | 2016063409586 | 지방0g | 째료명 | 설탕,물엿,젤라틴,D-소비톨액 | 트랜스지방0g | 산도조절제,오렌지농축액,포도농축액, | 포화지방0g | 방농축액 펙틴,향료1,향료,기타식용유지 | 콜레스테Omg | 단백질49 | 지자적색소,치자청색소,주정),블랙캐롯 | 혼합제제(파프리카추출색소,카로틴) | ·제품이 고온에 약하니 | 돼지고기,복숭아 함유 | 30'C 이학에서 직사광선을 피 | 낮을 도로 보관해주시고개 | 리 드십시오소비자 | 롯데웰푸드 | 의한 피해 보상·유F | 구입 상점및본 | ·부정·불량식 | 1399元 | 비닐류 | 밀닭고기,쇠고 | 88010628988621 | 통입가능·과량섭취시설시 | 흐릴 수있습니다·한번에 | 2025.12.04G1 | 않도록 주의하세요."
000421,2026,07,17,2026-07-17,s1,"Dtget | Diget | LOTTE | 상금달콩 | 롯새 | 26,07.17 16:35 A | 파인애플"
000422,2026,06,09,2026-06-09,s1,"화이트 | 화이트하염 | 화이트하입 | CROWN | 화이트하임 | 2025.09.10 A5 | 2026.06.09 | 4,780"
000423,2026,06,04,2026-06-04,s1,580 | 조보로 | 소보로 | 6봉입 | 제로쿠앤크 | 쇠퇴쇠복 | 소보로 | 2025.06.05 | 2026.06.04 | 맛있는약속
000424,2026,03,28,2026-03-28,s1,새우항 | 소비기한후면표기일까지 | 포장재질 몰리프로를 | 2001054954-20700 | 19720154001-458（早 | 개봉후바로 드십시오 | 긴혹과는은 물질은  | 김게 보이는 것로 안심하 | ·소비자기본법에이거 | 부품신고는국 | ·반품:본사및구입한곳 | ·신선도 유지를위해질소충진 또장을 | 8801044036078 | 2026.03.28 까지 | 2A082227 | 영양정보
000425,2025,11,05,2025-11-05,s1,Kellug'is | 뜯는곳 | 콘푸로시 | 소비기한 | 2025-11.05 11:25 | 까지
000426,2026,12,26,2026-12-26,s1,"홍일홍게맛액은 | 영양정보 | 100m39.33kca | 79349ing40% | 지방 0g 0% | 0g0 | 플레스터를 Omg 0% | 소비기한 | 2026,12.26 F3"
000427,2027,04,01,2027-04-01,s1,한리 | 참치액 | 따라할수없는 |  7 | 원조의 맛과향 | 2027.04.01
000428,2026,04,23,2026-04-23,clahe,26.04.23까지 | 04:00 G1 PR-2
000429,NONE,NONE,NONE,NONE,fail,"CUPOF | RESPEGT' | 생산하도록고 있습니다. | —MESCAFE 0 1938-- | 식품유형 커피 업소명 및소재지 | 제품명테이스터스 초이스 마일드 모키 | 98104500245 | 소비기한 | 이미지예 | Nete | 백안상식 | 에게 이야기 하세요 | N2765080-730-536 | T2mg | g | 비널류 | 41043134/ | OTHER | Nestle. | RESPEGT | MESCAFE01938- | CUPOF | 98104500245 | 100%（ | 지속 가능하 | 상생협력을 통해 | 커피 한 잔에 담은 | 이미지예 | 품질 | 네스카페의 약속 | 커피원두를 | 00 | 0 | 와 | nse | 한 | 회AV | sed | 이 | RN | 이미지 예 | 케피한 잔에 담크 네스카페의 약속 | CUPOF | 지가고으 | RESPECTO | 생산하도록 고 있습니다. | 네스카페와 함께, 더나는 하루를 만드세요! | NESCAFE01938- | BEAN | 제품명테이스터스초이스 마일드모키 | 식품유형커피 업소명및소 | lesoe | 한상식 | 00 | 9810410245 | 것으 | ·품질 보존을위해 개봉 후에는 건조하고서늘한 곳에 반드시 밀통 | 영지  | 커피의 맛과을 가직하세요 소· | 에게 이야기 하세요 | X27869/086-730-5336 | 소 | 이D  전에는 | 72mg | DtL-t | n비기한e | 880 | 바분류 | 41043184 | OTHER | vestie. | 기 있다. Go od, O  의  부 영에 대 의  | 이미지 예 | 커피 한 잔에 담권 네스카페의 약속 | 네스카페는요커피 부과 | CUP OF | 지고리  재 으로 | 모 | RESPECT' | 생산하도록 고 있습니다. | 네스카페와 함께, 더나 하루를 만드세요! | NESCAFE 0 1938- | 식품유형 | 테이스터스 초이스 마일드 모키 | 커피 | 업소명 및 소재지 | 제품명 | 롯데네슬레코리아 주식회사| 충청북 | Neste | Gent tos, Goo5 1t | 소비기한 | |아래에 표시된 일자까지 | |원재료명 및 함량 | 100%（） | A한 상식 | 한의 표민 방신인 | 의국산)포장재질(내면) | 폴리에틸렌 | 19810415002415 | R로쓰은 출리체의 일중으로 세B이 | 선스의 활동을 먹는 것으로 | 품질 보존을위해개봉 후에는 건조하고서늘한 곳에 반드시 밀봉보 | 커피의 맛과 향을 간직하세요 질소전·본제물은 공정리유원고 | 레에게 이야기 하세요 | 080-730-5335 | 소비장해결기준에의거,환 보상으을수 | 스초이스 마일드 모가 한 집에는 | ·：080-730-5336· | 1399 | 이 입나 어 있나요? | 72mg | Ds | 5 | 소비키한 | 8801055209 | HACCP | 비닐류 | 41043194/20874 | OTHER | Ns기하니다 CFd,G    대한의 "
000430,2028,02,01,2028-02-01,s1,:해이닛향커피·식품유형 | ·원재료명:인스터터 | 내공량:50g·포장재길:원 | 월프로젝린·소비기한:제품 별도표기일까게를 | 보관상주의사상 습기 직 |   | 2028.02.01 CB | NETWT50
000431,2026,03,17,2026-03-17,s1,리아 주식회사|충북 청주시 흥덕구박 | 로72 | 길21·소비기한 아래에 표시일 | 100%） | 100%）：-只-P | （）198104150 | 조하고 서늘한 곳에 보관·질소충전 | 본법에 의한 피해보상·부정 불량식품 | 1399 | 080-730-5336NESCAFEisa | 100ge | e trdemrkUsedunderlicense. | 터 디페 공성으로  부을  디카페인 | 유리 | 88010551780266 | 2026.03.17 | 23:33 | 40783657
000432,2027,04,28,2027-04-28,s1,"iBRew | PLUS | SWEET BLACK COFFEE | 스위트 블랙커피 | BReW& OH* |   | 아이브루 | +플러스 | 80 | 2027,04.28 | 80 STICKS 0.099 0Z. (2.8 g / 10 kcal) | STICKS | NET WT. 7.920Z.(224 g /800 kcal)"
000433,2026,03,05,2026-03-05,s1,유기농 가루녹차 | 50 g | 식품유형 | 고형차 | 100%（) | 포장재질 | 대포장:폴리프로필렌 | 보관방법 | 실온보관 | 제조원 | (주)티젠 |  80-23 | 기한 | W2026.03.05 | 나·부정·불량식품신고 | 보관상주사항: | 보 | R.2및문의 | eazenmall.com | M1580247室
000434,2026,10,28,2026-10-28,s1,"19830464030 | 포장재질 뚜껑(내면)폴리염화비닐 | 원료명 기타과당,정제수,설당,올리고당,대추국산)대추농축에대추 | (국산아카시아꿀국산)셀물로스검카라기난합성향대추진단검 | 첫산칼슘,구연산 | ·유대두토마토복숭아혼입가능·소비자기본법에따라피해보상 | ·개봉후냉장보관(가급적빠른시일내섭취·유리병파손주의 | 预国号：080-338882午71） | ：080-024-231（早） | ·소비기한: | 2026.10.28 | 06:21"
000435,2026,07,14,2026-07-14,s1,"3지민 | 제품명 | 식품의 유형 | 품목제조번호 | pet/뚜껑:pp.,종이 | 8101-811 | 1회 1티벽을 찬물 또는 더운물에 우려서 섭취 | 2026 /07/ 14"
000436,2026,02,12,2026-02-12,s1,서울우 | 서울우유 | 2026.02.12 | 16:51 | 뚜껑회전 시 내부 | 은박이 개봉됩니다.
000437,NONE,NONE,NONE,NONE,fail,[Ue] | 행사상품 | 뉴케어 | T103070500E | 25 | 1119 | 흔들어드세요 | -ZmTO | 뉴케어 | 103070500E | 19까지 | n 오 | 흔들어드세요 | kolk욕 | OWZ4 | -ZmTO | S2 | kolk욕 | 뉴케어 | LLT103070500E | 25 | 11. | 19까지 | 17 | 32 | 은들어 드세요 | oamz- | [Uae] | 생사상품 | bl | 뉴케어 | T103070500E | 1119 | … | 흔들어 드세요
000438,NONE,NONE,NONE,NONE,fail,1특제 | 226821908:56 | 388 2412288138852EH9 | 24 | TAYL | aPco | unb | 1름지 | 21 | 1988:56 | 368 | 226813885EH | 24개 | nbel | 1등 지 | 26268219186:56 | 813882412268138852EH9
000439,2026,03,18,2026-03-18,s1,소비기한 | 까지 | 베지밀 | 41 - 05:23 | 검은 | 콩 | 2026.03.18 | 두유고갈습
000440,NONE,NONE,NONE,NONE,fail,"25:88:13 |  근탁주 | m6% | 포이 | 천동 | 当（7.927% | 기(국산,주산), 입국,모 | 니(감미료) | 시일까지 | 밀함유 | 우기 |  서한 곳에 보관 | 동백 | 는기형아출생위원을높입니다. | 011399 | 늘한 곳에 보관 | 페닐알라닌 함유), | 손상이나 치매를 | SN | ,입국,효모 | 927 | O: | de | 므 | 나프 | :8: | 천동 | 포이 | 밀 | 용 | '논명 | 0079- | ()h | “%∠26< | 90 |   | 듣동:8:마파지 |  식유형 실근탁주 | 0m | 포 | 천동 | （47.927% | 분6% | 가루(국산,주산), 입국,모 | 스(미,페널알라년 함음), | 니트(감미로) | 가시일까지 | 밀함유 | 고 서늘 곳에 보관. | 9 | 6400 | 01399 | ,기역력 손상이나 치를 | 는아 을입니다 | 25:88：13 | 리 식품유형 상근탁주 | 200ml | 예탄올함량알콜분 6% | ，（）7.927% | 가루(미국산,호주산), 입국,효모 | 이 | 나스파탐(감미,페닐알라닌함유) | 카린나트륨(감미료) | 용가상단표시일까지 | 밀함유 | 우기 | 중산을 미하고 서늘한 곳에 보관. | 0532-6400 | 300150833 |  이 | 1 |   다 | 이동백은"
000441,2025,02,13,2025-02-13,clahe,6개 | 8.25%（卫） | 午85mLx67H（510mL/510kcal） | 아이스주스 | 얼려먹는 | Freezer Pop | 글&배 | o수 | 7（60%） | 2025. 2: 13
000442,2025,11,30,2025-11-30,s1,및소재지(주동원F&B 수원공장 /경기도 | 21021-15 | •소비기한용기하단 표기일까지포장재질 | 00413 | 후냉장보관하시고 빠른 시일 내에 드세 | 요·이 제품은 소비자 분쟁해결 기준에 | 의거 교환 또는 보상을 받을 수 있습니 | 다·원료에의한 우유둘이나침전이 | 2025.11.30 | 01:26:303A
000443,2026,04,06,2026-04-06,s1,"요이요이 | 핑크폼 아기상어 | 유기농 쌀과자 초록 | 소비기한 | 손개각으로과자를집는 | 아이를위한유기농쌀과자 | 2026.04.06 16:094 | 으미요며 유가능? | 4,2 | 믿을 수 있는 유기농 재료 | 유기농 쌀로 만들어원재료 안심 | 소근육 운동을 고려한 모양설계 | 손가락으로 집어 스스로 먹을수 있는크기 | 성장에 필요한 영양이 쏙! | 과일의 건강한 단맛을 더해 | 더욱 맛있게! | 요미요미 안심정보공개시스템 | 원재료부터 생산까지 투명한 생산과정공개 | 제품명 요미요미 유기농 쌀과자 초록 식품의 유형 과자 | 영양정보 | 喜L8259 | 사질 (내면) 폴리프로필렌 | 20060515035126 | 량(유기능량 98%) 유기능(국), 유기농백포도농 | 보관방법 실온보관 | 총 내용량당 | 기준치에대 | (터키산),유기농브로콜리분말(국산) 로릴라 원말, 탄산칼슘 | 나트륨10mg | 空号229 | 1-9 | 당59 | 51 | 지방09 | 및고장소만매원및구입처 | 트랜스지방0g | 포화지방09 | 클레스테롤Omg | 2合105mg | 비타민C 15 mg | 으로개인의 필요 | 매일유업(주)"
000444,2026,07,01,2026-07-01,s1,유기농 | 쌀떡빵 | 요아요이 | 시금치와 브로콜리 | 믿을 수 있는 유기농 재료 | 异100%别豆！ | 처음과자율 | 구강구조와 식감을 고려한 설계 | 접하는 아이를 위란 | 기름에 튀기지 않고 열과 압력으로 만들어 | 유기농쌀떡삐 | 입 안에서 녹는 간식 | 용미요미 안심정보 | 공개시스템 | 원재료부터 생산까지 투명한 | 생산과정 공개 | 유기농 | 요미요미 유기농주스로 | 충분한수분과영양을 | 시금치 | 소비기한 | 유기농 | 브로콜리 | 2026.07.01 | 영양정보 | 포장재질(내면) | 목보고번호 | 1일영영성분 | 2006037812332 | 반품 및 교환장소 판매원및구입처 | Y0mg | 보관방법 | 29 | 원재료명 | 영0g | 시금지분말(국산) | 0g | 0
000445,2026,07,17,2026-07-17,s1,가득퍼지는 | 쿠 | 앤크림의 달콤함! | 쿠키엔크림체 | 코와우유가 만나면 | 진한 | 5가지 곡물과 | 몸에 좋은 | 고 | 경양성분단백질은UP! | ↓담류 | 함량은DOWN! | 비타민D | 칼슘 | 단백질 | 8.33μg | 283mg | 83.ng | 한 | 영양설계 | 29） | 8420g | 769 | 23% | 17% | 포장재질폴리에틸렌 | 7제품으로 습기나해충의 영 | 쉬우으로개봉에는 드시 | 2026.07.17/15:40 | 건조하고보 | 이제품은  | 1399 | 2025kellggCompany | 홈페이지I ww.kellogg.co.kr | 헬로그홈페이지를 클릭하시면제품에 | （（%）22.000kcal | 문의처농성절로급주식회사 소비자상담실
000446,2025,04,11,2025-04-11,s1,2025-04.111N | 누국가 | 나 | HYDRANGEA TEA | 32g0.8gx407H2） | 수국 22% | 꽃샘 수국차
000447,2025,11,22,2025-11-22,s1,늘력보리한 | BLACK BAREEY TEA | 2025. 11. 22
000448,2026,08,20,2026-08-20,s1,"영양정보 | 10mg1%全量17g5% | 48g89%三人0g空胎 | 를 5mg미만 1% | 65#2547% | 8,98 | 2026.08.20"
000449,2026,01,28,2026-01-28,s1,n0 | 28.01.2026 | BB L028K06--- 13:08 | 원매원 | 영양정보
000450,2026,03,11,2026-03-11,s1,쌀 | 카스테라 | 건강설 | OrYou | (주)오리온 | http://www.orionworld.com | 2025.09.12/13:18 | 부터 | 소비 | 기한 | 2026.03.11/A | 까지 | 카스테라 | HACCP | 도경
000451,2026,02,27,2026-02-27,s1,"Calbee | 어니버터칠 | 렇게 만들어져요! | (미국산), 버터 | 시아분말아카시아(국신) | 신선한생감자! | 스산 우유대두, 밀,조개류굴 | 소비기한후면표기일까지 | 포장재질 폴리에틸렌(내면) | 제조원해태가루비(주)제 | 강원특별자치도 원주시문막 | 2다. | 유통전문판매원해태제과식품 | 서울특별시 용산구 한강대로 72 |  201603834281 | ·직사광선 및 습기찬 곳을 피하여 | 3.신선한기름에 | 제품은 공정거래위원회 고시에 의게 | 상·반품 및교환장소 본사및 구입 | 은 토마토,계란,계새우왜 | 아,호두조개홍합포험 | 류를 사용한 제품과제조시 | 모2 | 반식!하고달콤한~ | 허니버터집을 즐겨보세요! | 의 일부분이니 안심하고C | 녹색 가루는 파슬리입니다. | 영양정보 | 25.08.28 F2 19:31 | 매콤달 | 26.02.27 까지 A1 | 수 있습니다."
000452,NONE,NONE,NONE,NONE,fail,고래밥 | 법 용양녕1P | 640 | 돌고래() | 꽃게(어보세) | 4 | 망치상어(승임체) | 흰동가리(아네모네) | 기성비 | 복어(요리보고) | 거북이(메말부기) | 소비 | 부터 | 기한 | 까지 | 가재(집기가재) | 망치상어(송망체) | 흰동가리(아네모네 다랑어링하 | 돌고리(인들민) | 꽃게(어보에 복어(요리보고 거북이(메말부기) | 기한 | 고래법 | 6 | AH2C | ) | AY | 기 | 곳 | 는 | AR' | (XILA)HY-HL | AY | ( | (28) | R | AH2C | 19E | 메모리 게이 | 고래압 | 돌고래(엔를민) | 꽃게(0보) | 복어(요리보고) | 거북이(에탈부기) | 4 | 부터 | 기한 | 까지 | 2) | 가재(집게기재) | 망치상어(망체) | 흰동가2|(아네모네) | 다랑어(량해) | 메모리게임 | 고래밥 | 대법 봉용양녕1P 4 | 640 | 돌고래(엔물핀) | 꽃게(여보게) | 복어(요리보고) | 거북이(에탈부기) | 타피 | 소비 | 부터 | 기한 | 까지 | 가재(집계가재) | 망치상어(송망체) | 흰동가리(아네모네) | 다랑어(띠링해) | 사성비
000453,2026,01,26,2026-01-26,s1,"E카리 | 유말레이시아산,고을레산 | (스페인산,아르헨티나산,우크이 | 양파맛시즈닝(양파분말(양파국) | 100% | 어니언 미국산,아스파탐(감미료) | emOriginal | 제철햇포카칩 | 19870415003246 | ·달길,영공,호두 복승아 | 덜햇감지 | 홍합 포함)혼입가능·제 | 의한 피해보상·고객센터: | 유리온 | 5700（）1522-4002 | 온·도가 낮은 곳에 보관 | 리 드세요·부정·불량식 | 2025 | 1399·外对：家于 | 보이는 겁은 반점은 감자 | 민간감자95 | 소 | 실처럼보이는것은 감자 | 이는 밝은 반점은 파맛 시 | 고충가루이므로?심하고 드 | 영양정보 | 위한 신품종 감자 개발! | 30 | 3000 | 나트륨 95 mg | 직접 농가를 방문하여 | 168 | 5% | 34日 | 꼽끔한품질체크까지 | 당류1일미만 | 1% | 28 | 지방11 | 트랜스지방0 | 9438 | 다양한 정보는 | 콜레스테Omg | OR코드로 | 단백질28 | 확인할수 있습니다 | 소비 | 25·08.27 | 기한 | 26.01.26 | 부터 | 08:38C05 | 까지 | 8801117760304"
000454,2025,07,15,2025-07-15,s1,T82626.0114 | 제조2025.07.15 | Dongwon | 양반 | 대한민국 | 좋은원초에 들기름향이 그윽한 | NO. | 들기름김 | 양반김 | 양반철학 | 재료가살아야 | 맛이산다 | 3 | 봉
000455,2026,02,10,2026-02-10,s1,2025.08.11(10:48) | 2026.02.10 까지1 | luone | 차기르
000456,2025,12,26,2025-12-26,s1,대한민국 | 소H2025.12.26A | NO.1 | 양반김 | 제조2025.06.277 | ngwon | 양반 | 00 | 명장이 엄선한원초로 잘터지지 않는 | 군김밥김 | Roasted Gimbap Laver | √ | 국산김|전장김10 | 100%/22g(75
000457,2026,06,18,2026-06-18,s1,원균길밥김 | 2026.06.18까지 | 김원초가두꺼워부드럽게잘말리고 | 질기지 않고 바삭한 | 쟁이가 | 지도표두번구운김밥김 | 만됩니다. | 召 100 %  | 21g | (10매) | (80.kcal) | y성경식품 | SEAWEED(韓国海衣 LAVER)100 %
000458,2026,07,01,2026-07-01,s1,"해표 | HAEPYO | LAVER | 2026.07.01까지 | 2025.07.02제조 | 30년 전통방식 그대로 | 더고소한김 | 김밥김 | , 20 g(75 kcal) I  10 | 召）100%"
000459,NONE,07,29,NONE-07-29,s2,"농협 | 떡국 | 철원오대쌀 | 의 | 국산쌀로만들어쫄지하며 | 0 | 난곡물 | 10 | (周150g,13g) | 99.5% | 유통전문 | 7.29% | 국산원 | 물시골분말 | 426.01.19 | 2 | 쇠고기 항유 | 루 | 3.약 2분 후 내용물을 골고루 저어주시고 맛있게 드세요 | 한또는 보상법 | 알큼에 민감하니 | *부정-불량 | 습니다. | 163390kcal | 元202%/内21g4%#00 | 0gg15% | 163g(390Kcal) | 조리예 | 공는물에 | HACCP | 1.포장된 떡과 스프를 개봉하여 용기에 담아 주세요 | 주의사항'이지 | |조리방법2.용기 안쪽 표시된선까지 끝는 물을 붓고 뚜껑을 덮어주세요 | 같은 제조시설 | 조리예 | OTHER | 209-720130473042 | 아니므로 드시P | 일지 | 쇠고기 | 080-399-9988) | 데밀,탕콩,고등어게 새우, 복숭아, 아황산류,호두,닭고기,오징어 조개류/굴,전복,홍합 | 은제조시 | 고 있습니다.이 제품은 공정거래위원회 고시 소비자분쟁해결기준에 의거 교 | 있습니다.""본 제품은 식품용 주정이 포함되어 있어 떡 개봉시 약간의 냉새가 나며 | 旦量1720mg86%午站量85g26% | 에 주의를 해주시기 바랍니다.떡에 동봉된 탈산제는 인체에 무해하나 식용이 | 니므로 드시지 마십시오.제품중 일부 검은은 쌀눈의 일부분 이므로 안심하고 드십시오 | EN"
000460,2025,12,03,2025-12-03,s1,"종협 | 3년육 | 2025.12.03까지 | 방순희 | 고 진한 풍미 | 용도 | 미역국,콩나물국, 김치찌개,육개장 등한우의 깊은 맛과 | 사용하여 | 채소의 깔끔한 맛이 필요한 각종 국물볶음, 조림 요리 등에 사용하세요 | 있습니다. | 보관방법 | 고온다습,직사광선을 피하여 건조하고서늘한 곳에 | 깔끔한 맛 | ※개봉한 후 밀봉하시면 이물 등의 혼업과 | 사용방법 | 의 비법 재료! | 분말이 | 여줍니다. | 간을 맞추시는 것이 좋습니다 | 내용량 | 1 kg | 식품유형 | 복합조미식품"
000461,2026,11,28,2026-11-28,s1,농협 한식된장 | 식품유형 | 품질유지기한별 | （CH100%，）43.5% | ）13.8% | 대두함유 | 영월농협가공사업소 강원특별자치도 영월군 북면원 | 유통전문판매원농협식품(서울시마포구 신로66 | 보관방법 | 011399 | 2026.11.28 | 8801448531253
000462,2027,05,27,2027-05-27,s1,국내산 박지락 | 육수에는1분링 | 멀치가득 | 백설 | 연출이미지 | 1분량'이란? |  맛있는 육수를 내는데 필요한 | 핵심 재료를 한 알에 | 바지락멀치92% | 가운데를 원형으로 높어 | 3 | 조리방법(1인분 기준) | 1분링으로완성한 | 量300~350ml | 끌는물에1분링을 | 시작해보세요 | 끝여줍니다. | 국물을 우려줍니다. | 2027.05.27까지 H26 A2 | 80g | 영양정보
000463,2027,02,01,2027-02-01,s1,"열림 | 달함 | 닫힘 | 백설 | 영양정보 | 설 | 제품명 백설 소불고기양팀 | 식품유형 소스(실제품) | 500g | 제조원 씬산이연부 | 씨제이제일제당(주)충청남도 | 불고기월 | 모장재질(내면)응가-유리두껑-폴리염화비널 | 탄수 | 소비기한하단표기일까지 | 소불고> | 품목보고번호 | 20020464088-34 | 일새료명 합간장(아미노산역(탈지대두 | 100% | 국산배·사과 | 조리예 | 내두,밀함유 | 500g | 번품및교환장소 전국판매점 | (925 kcall | 고기1 kg용 | 까지 | 2027.02.1 | 05:31 | AB6 | 明 13.2 % 暂导"
000464,2026,03,19,2026-03-19,s1,2026.03.194 2319 R12 | 읽고 | 바로먹는 | 들꼬들 | 62 | (285 kcal)x67h | 스낵면 | 조리에 | 8801045572342 | 57264 | 오뚜기molle | Fay
000465,2027,07,30,2027-07-30,s1,누들 | 들 | 트남밭로 | 쌀 | HNINEINIT | 이 | OILNAHLNG | 기는일 | 융 를%이 | unev | 2027/07/30 | L31S | 이탈 | 5-6是50
000466,2027,06,07,2027-06-07,s1,산모용 놀기 | 좋은원초만을엄선하여위생적으 | 1209 | 믿고 드실 수 있는 우수한제품입니다. | i名号：120g | '가족의 행복을 위한 바른먹거 | 고객을 가족처럼 | (주)두레 | F&D | 2027.06.07.까지
000467,2025,12,26,2025-12-26,s1,GHANA행복사서함 | 070-4567-5050 | 25.12.26 A2 | 뭐 | 0098006961 | 건액 | 눔 | H | %8E68兰%Z1668暑停 | %00L6 | Ko | 유 | 을 | %6 0 | 0 | 0 | % S 6u
000468,2025,06,10,2025-06-10,s1,"4,3 | 킨더조미 | 완구 원신지:배른남 | P 10 06 2025 | E06 04-2020"
000469,2026,07,21,2026-07-21,s1,Yummy Gummies | Evenything in1 pack | it's even more than penfect | Pick up byyour taste  | 2026.07.21
000470,2026,08,06,2026-08-06,s1,".ORON | 정보 | 215kcal | 식품유형 캔디류내포장재질 플리에 | 후면 표기일까지(연월.일) | 金封号52 | 영등포구 양평로21 | 알코올 3g | 물엇,설탕,D-소비톨액(감미료 | 스지방0g | 라틴,산도조절제2종,펙틴,혼합제제(트 | 지방0g | 0% | 아세틴,합성향료,주정,정산,정제수 프로를 | 테롤Omg | 0% | 렌글리콜),향료2종,기타식용유지가공 | 기농축액,오지농축액,분말한 천 치저 | 청색소,유화제2종,블랙캐롯농축역 | 돼지고기도 | 들아,땅콩,닭고기,오 | 품목보고번호 | 20110484438 | 갈,최고기혼입 가능 | 법에 의한 피해노상 | 고객지원센터 | 김상점및 | 관·부정·불량 | 이삼키지않도록 주하 | 품이 고온에 약하 | C이하에서 직 | 26.08.06D | 후빨리드십시오"
000471,2027,01,08,2027-01-08,s1,뜯는곳 | 2오기옛날자 | 판매원 | 01全号607-12 | 를 전남 환도군 완도읍 | 농공단지5길 | 하단 표시일까지 | 2027.01.08#4F3.058
000472,2026,01,17,2026-01-17,rot90,202601.17XI | 13.19 | /210g
000473,2026,03,01,2026-03-01,up2x,"3 | A | 쓴디 | 2봉지더! | 25%풍량U | 고소함이 가득! | 라자름 | 275g | D40.5 | 2026.03.01 | [nabe] | [uUnllael] | PBN | IBP1수수 | 서 | HACC | ORIGINA | 2 | 리돌이 | 话160g | 당류 | 지방 | 렌스지방 포화지방 클레스테용=단백질 | 号号：刘1211530室 | 30-0899065 | 8% | 20% | 32% | 0g | 0% | 16% | ）/160g（694kca | 18g | 19 | 5 | 0.ng | 99 | 000 | 준이므로 개앤의 등요일량에 따라 다를 | 2026, 05."
000474,2026,06,26,2026-06-26,rot90,실리셔스 | 26.06.26
000475,NONE,08,02,NONE-08-02,s1,eclipse | 이 | XE로 | cipse | BEST BEFORE | 30/07126B19 | 5069870 930249 8-2-0345-22 1125-4
000476,2026,07,06,2026-07-06,s1,7ried | Hard | 깨소지 | 1.650 | 원사동 | 참개 양 | 검께* | 깨투 | 2026.07.06까
000477,2026,07,21,2026-07-21,s1,"사광선을 피하여 온도,습도가 낮은 | 에 보관해 주시고 개봉 후 가급적 | 린드십시오. | 협연기도 성 | 청포도 | 술아,우유,대두,돼지고기,딸= | 비자기본법에의한 피해 | 통중변질품은 구입 상점 | 서항상교환해드립니다. | 지 줍는 고운마음, 안버리는바 | ()울시 | 주시청원구 오창읍 | EN13宝188 | 영양정보 | 총 내용량 | 폴리프로필렌 | 595kcal | 2L710415034748 | 내용량당 1일 영영정분 기치에 대원 비을 | 후면 문기일까지(연 월,일) | 나트륨20mg | 설탕물였청프도농액 | 149g | 46% | 1.94%（号68%）, | 异121g | 121% | 조절세!산도조정제향료, | 디방09 | 향료 전문,손합제제(정제 | 트랜스지방 0g | 수,치자청색소심황색소프 | 포화지방09 | 로디),혼합식용유 | 클레스테를0mg | 0% | 번이 삼키지 않도록 주의하세요. | 난백질0g | 0% | 빈봉지가 나오는 경우가 있으나 | 중량에는 차이가 없습니다. | 연고객지원센터 | 롯웰푸드 | 080-024-6060 | /od.com | 880106200952 | 2026.07.21"
000478,2026,06,11,2026-06-11,clahe,4.800 | [nlbl | 26.06.11 A
000479,2026,05,22,2026-05-22,s1,CW청우 | 소비기한 | ROLL TYPE | COOKIES | EUROPEAN | 2026.05.22 | REMIUM COOKIES | 까지 | MARENGO
000480,2026,07,21,2026-07-21,s1,"보리가4.5% 함은 | 026.07.21 | ZERO | 연양갱 | 미료(아세설탐칼륨,수크람로스 | Red Dean Pasre Jell | 식품 | 교환장소구입상점 | 취시설사를일으킬수 | 30'C 이하에서 낮은 습도로 보관 | 정상 표면에 기포가 발생할 수 | 정보 | 300g（50g | 12（50g）95k | 33g | 유5g | 20g | 0% | 지방0g | 09 | 0% | 1802259021360 | 0mg | 2% | （）2000kcal | 인의 요 리다를 수 있습니다. | 2026.06.04 | 롯데웰푸드"
000481,2026,03,09,2026-03-09,s1,EXP 2026.03.09
000482,NONE,NONE,NONE,NONE,fail,"码费：15419487447） | NCI | FRIEN | TIO | ㅇㅇ | 끓는물에 | 조리예 | 4분OK | ) | 조리예 | H | 분 | 살국수 | 방o | 0 | > | HO | ON | (R수사? | NC | 곡탕국물에 골 맛한 면발 | FRIE | 하면국수 | 3 | 쌀가루50% | 끔는 물에 | J분OK | 어 | 微线：15419467447 | NCNTIO | 1~한 금탕국물에한 면발 | FRIED | 청면국수 | 끓는물에 | 조리예 | 4분OK | '조 | 리 | 방법) | 바A바 | 8 | 열고 스프를 개봉하여 면위에 골고루 뿌릴 | 93.5g(80g.=13.5g/340kcal) | 100风早 | . | 닫은 후 4분간 기다린 후 잘 처어 드시면 됩니 | 1소 | 03195别F2:告 | 30 | 미국산),전분(9 | 변성전분,덕스트린),타피오카전분 | 린지방산에 스터 | 8803660-882 | 수(국산),천일염 | 도너사아 및 | 팔레이시아 | 89359340 | kca"
000483,2027,04,15,2027-04-15,s1,2027.04.15까지-106743/M
000484,2027,11,14,2027-11-14,s1,"EXP:2027. 11,14 | 사조대림"
000485,2027,09,17,2027-09-17,rot90,EXP : 2027-09-17 | N
000486,NONE,NONE,NONE,NONE,fail,"표 | %68商60 | wpio Pickled PerilLeaves in Soy Sauce | 샘표 | 리엄마 | D,긴 | 70g38.9% | 이미지사진 | 단부분이 날로우므로개봉보및가시주의하시오 | 4497570 | %6860 | 표 | mpio Pickled Perilla Leav | 우로보주하시오 | 70g38.9% | 우리엄마 | 샘표 | 이미지사진 | 16 | 표RO | %68  DO/ | AoSu! | S3 | 96[ | 표R으 | % 68%c 6 00 | 149757-0"
000487,2027,12,11,2027-12-11,s1,202712.11개자 | F417:29H件
000488,2026,02,27,2026-02-27,s1,맛:밤 | 아무것도 넣지 않은 | 100% | 소비기한 | 후면 표기일까지 | 구입처 및 대리점 | 교환장소 | 직사광선을 피하고 실은보관 | 보관방법 | 식품 유형 | TANGSHAN LYUAN | 제조원 | INDUSTRIAL COATD | 씨제이제일제당(주 | 수입판매원 | 330 | 니라 제조과정시생기는것이니안싱하고 | 드십시오개봉 후에는업게 변질되오니가 | 급적한번에 드십시오·밤을통때로 심키서 | 변질식의 위험이 있으니 주의하시기비습 | 니다.포장지가 파손되어 있는 경우 드시지 | 마십시오·봉지째로는 전자레인지에 넣지 | 마심시오·본 제품은 소비자분정해결기준 | 공양정보 | 4mg0% | 36g/60kcal | 个型量14g4% | 당류4g4% | 포화지방0g0% | 트랜스지장0g | 단백질1g2% | 고객뱅복센터 | 2026.02.277까지 F
000489,2026,05,08,2026-05-08,s1,"G,40u | 영양정보 | 45mg15%12g | 2026.05.08.11153 F3.7 | 을 교간대드시오 | 원료명돼지고기국산),양파(국산)복은양파[양때국산) | 카놀라유(캐나다산),정제수,당근 마늘,토마토페이스트 양 | 지국물농축액사골역기스 비프역기스생강,우스타스우 | 소비기한상단표시일까지포장재질 플리으로를 | 801045686318 | 2 오]"
000490,2025,11,27,2025-11-27,s1,햇반 | 해반 | 들까 | 들깨 | 25:11.27 까지
000491,2026,09,19,2026-09-19,s1,"차호차이자오차이 | 치오차이마라상귀소스 | 3,480 | 3,480 | 유추물대두.밀 함유 | 2026.09.19"
000492,2026,03,12,2026-03-12,s1,소비기한: | 2026.03.12 0천 BT2 | 8801037058642 | 까지
000493,2026,06,17,2026-06-17,s1,"잡곡밥 | ×3개입 | 밥엔야채 | 법&킨 | ㄱ가지 녹황색야채가 | 청정원 | 들뿐 들어있어요! | VEGETABLE | 연출된 조리에 | 号199104430292190 | 소비기한후면하단표기일까지 | 맛있는 밥&엔 조리법 | 내포장재질폴리에틸렌 | 원재료명 아채베이스[법엔맛립(유당(우유:미국산), 조미참페(볶음 | 참께(외국산),건청경채후레이크, 건양배추후레이크법엔씨즈닝과 | 답].당근후레이크(옥수수전분(옥수수:외국산),당근분말(건당근 | 레이크,클로렐라후레이크,시금치후레이크,건브로클리케일 | 달걀,우유, 대두밀, 조개류(굴 포함) 함유 | 24g（8gx37m | 영양정보 | 128(8g)930kcal | 맛있는 밥게 요리제안 | 恒喜430mg22%午量5g2 | 2%3g3% | 0.9g2%0g | 포화지방 0g G% | 클레스테를5mg 미만 | 단백질 1g미만2% | （%）2000ca | 개인의 필요 열량에 따라 다를 수 있습니다. | 관시 색상이 절어지거나  | 수있으니 개를 에는 가능 | 클리 사용하십시오:멘트곡 |  OAEANG | 기한: | 2026.06.17"
000494,NONE,03,07,NONE-03-07,s2,2개입 | k | 2.780 | 베리 | 후레쉬베리 | 오에스 | 태 | mall | 쿠키앤크림 | 제조일 | COORIE•CREAm | 소비기한 | 아원료 3.7 % | HAITAI | 자연을 푸르게 환경을 깨끗이 | 스해터물에서 간시서
000495,2026,02,19,2026-02-19,s1,2026.02.19/F-2
000496,2027,03,05,2027-03-05,s1,"12.090 | 7.190 | 99%（）862%，14% | 유통진문매원농협식품(주)/서울마포구신촌로6용기( | 208282 | 본제품은공정거래위원회고시소비자분쟁해결의거도는보을수 | 기가,되었 내용물이되었경우드시지시오 | 소비기한: | 2027. 03.05"
000497,2026,08,31,2026-08-31,clahe,"정정인 | 국수 | 2,28 | 26.08.31파지E"
000498,2026,03,07,2026-03-07,clahe,고 | 08 | 2026.03.07개 | 21850291259
000499,2026,05,13,2026-05-13,s1,2026.05.13까지 | 15:58 | 제일제당 | 해찬들 | 갖은 양넘으로 쌈맛을살린 | 1듬의 | 사계절 쌈장 | 해찬들 | 대한민국 | 1등 | 장류
000500,2026,12,17,2026-12-17,s1,H조일A: | 2025.06.18 09:16 | BG4 | KORA | 소비기한: | 2026.12.17 | ·의추영및량 그추중국산정 | 영양정보 | 500g/100g230kcal | 2450mg13%15%3% | 추국국국신국 | UUPBN-PPEHE- | 加24g4%0g物0g0% | 0mg0%4g7% | 20 | 는보상- | 电：202046408-661 | [nabe
000501,2026,02,24,2026-02-24,s1,"도 | paldo | 밥은 먹고 | 다니냐? | ald | 시라 | 도시락 | DOSHIRAK | DOSHIR | SINCE1986 | SINCE198 | 26.0 | 26.02.24까지DH F2 | :여기까지뜯어주세요 | 끓는물 | 3분 | 5 / 86g (380 kcal) | 유탕명"" | 86 g( | 스프류중 건김지94%함유 | 김치 도시락86g | 950 | 60"
000502,2026,06,20,2026-06-20,s1,"가자(유탕처리제품) | 광일제과/대구광 | 2026.06.20X | 42 | 측면표시일까? | g（±3g（173kc | 1211530 | H가루(밀:호주산 | 号30-0899065 | 올레인유을e) | 산),d- | 영양청보 | 총내용량 40g | 골드말EGAEE | 173kcal | 유미국신합수 | 1일 영양성분 | 총내용광당 | 기준치에대한 비을 | 시력,카제인 | 三零120mg | 6% | 나트륨,이산화ㅠ | 수물 30g | 9% | 방(합성향로)이시 | 당79 | 7% | 지방ag | 8% | 갈,함수결정 | 트랜스지방 09 | 공유지( | 1.9g | 시아산)코 | 13% | 스테를Omg | 널가물:이 | 39 | 제제국식 | （%2000 | 바닐리(합 | 의요 량에 따라다수있습니 | 폴리프로풀 | 量1980016304 | ·직사구"
000503,2026,02,18,2026-02-18,s1,릭옹 | · | LEGEND | paldo | 책다른 즐거용팔도 | PROVE | EAT | 왕 | 왕뚱껑 | KING OF LEGEND | 먹고 | 뚜껑 | 페이커도만나고 | FAKER | 프로케이어페이커 | 26.02.18까지YFF1 | 8801128503488 | 끓는물3분 | /110g(495 kcal)
000504,2026,02,28,2026-02-28,s1,KING OF LEGENO | palda | 색다른 즐거용망도 | PROVE | EAT | 가왕 | KING OF LEGEND | 페이커도만나고 | 수경 | FAKER | 메이커 | 8801128503235 | 26.02.28지3A 1F1
000505,2026,03,02,2026-03-02,s1,복작복작 | paldo | PROVE | EAT | 편의점용 | 왕 | KING OF LEGEND | 뚜껑 | 왕뚜껑 | 먹고 | 페이커 | 도만나고 | FAKER | 26.03.02까지90F1 | 프로게이머페이커 | 끓는물 3분 | /110g（495kcal)
000506,2025,06,19,2025-06-19,s1,HAITAI | 커피와 | 함께하는즐거움 | 모하고 | 이벤트 | 제주 | 돈가자! | 아가는 | 우리들의 | 제종 | 2025-06.19 | 부터 | 2026.06:18.C1 | 과자(유처리제 | 151 | 마지
000507,2025,08,20,2025-08-20,s1,"식품유형 과자 내포장재질 폴리프로필렌 | 글리시톨액(감미료)향료3종,주정, | 고객지원센터 | 25-08.20 16:53 | 부터 | 26.05.19 B4 | 까지"
000508,2026,08,25,2026-08-25,s1,3801062870455 | 센터 | 6060 | 까지 | 26.08.25 17:14 | 부담 | ellfood.com
000509,2026,09,01,2026-09-01,s1,3 | G소리 | 소비기한: | 부터 | 25.09.02<20:46) | 26.09.01<A1> | 까지
000510,2026,09,03,2026-09-03,s1,"건조양파,치즈분말,바질,오레가노,흑후추 | 62.1%（5Brix） | 토마토 대두우 밀쇠고기.닭고기, 조가 쿠굴함유 | 대포장자질 용기-유리,뚜껑-철,폴리염화비닐 | 및교환장소고객상담실 및 구입처 | 류 | 땅콩,게,새우,아황산류,오징어,돼지고기,조개류홍합 | 성분 혼입 가능.,서늘하고 건조한 곳에 보관,개봉 후에는 | 포함 | 냉장보관하여도 변질우려가 있으니 가급적 한번에 사용 | 본 제품은 소비자기본법에 의거 교환 또는 보상. | 유리 | 1399 | 0199119 | 캡:철,라벨:P | s/,dsng.ms/nsp.com | F12404 | 20:05 | 2026.09.03 | 까지"
000511,2026,03,24,2026-03-24,s1,26.03.24까지2 | 소비 | 기한 | 13:51125
000512,2026,02,17,2026-02-17,s1,모델명 필스티키 | [재질:PVC | 50mm | 202508 | 37175 | ：3） | 국 한국 | 의사항:경고!3세 미만의 어린이는 사용일 수없음 | 은 부품을 | 을 포함하고 있음 | 643-2501 | KC | ccm | 소비사 | 0-3 | 공정거래위원회 | 안전확인 신고확인증번호 | CB061L011-2001 | 2026.02.17까지 | B42 | 총 내용량 85g | 영양정보 | 30g140kcal | 30 g당 | 총 내용량당 | 1일 영양성분 기준치에 대한 비율 | LE喜150mg | 8% | 430mg | 22% | 탄수회술 22g | 7% | 63g | 19% | 다르 5 | 13g | 13% | 5%
000513,2026,09,03,2026-09-03,clahe,초금 | 2026. 09.03까지 | 2551521 | 기도 | 안성시 | 출산면용대권 | 58
000514,2026,07,13,2026-07-13,s1,백티브 | 큰후리이 | 소비기한 | 2026.07.13 | 09: 03 | 까지
000515,NONE,NONE,NONE,NONE,fail,ERC | '제로 | o | 201045 46 +U | 이.1 | 영양정보 | 영양성 | 73g/400kcal | 0mg0%4g7% | 18022 | L三喜280mg14%空号44g14%号22g22% | 23g43%0g11973% | 8 | 0 | 레스테롤0mg0% | 양정보 | 201045 | 23g43% | 280mg14%空量44g14%号22g22% | 46 +0 2026. | 73g/400kcal | 포화지방 | % | 11g73% | 1802 | %/61 |   ()  | n+ sFso | 6 | %0w0号 | 방 | 영 | 나지 | 콜 | 2208 | 8 |   () | %  %0W0 | U9ㅇ | n+ SSFOIO | 거a | EKC | u!aabel] | o | 20104546+U | 2026.01 | 영양정보 | 否L73g/400kcal | LE喜280mg14%号44g14%号22g22% | 23g43%0g11g73% | 0mg0%4g7% | 000 | 8 | 8022 | ERT | o | E | 2门1口45 | 46+u | 영양정보 | 含号含73g/400kcal | L号280mg14%号44g14%号22g22% | 0g0%4g7% | 8 | 18022
000516,2026,07,16,2026-07-16,s1,"업소명 및 소재지 | ·제조업소 FRANCESTLE | CONFECTIONERIES(M) | SDN BHD | ·수입판매업소:롯데쇼핑(주 | 롯데파트 사업본부 /서울특별시 | 二6含）1899-3000 | 원재료명 설탕,밝핵유,아몬드 | 코코아분말,(유청분말,레시틴, | 향료(바닐라향)우유,대두 함유 | 포장재질(내면기뚜껑-폴리에틸렌 | 통-폴리에틸렌테레프탈레이트 | 땅콩,호두 혼입 가능성이 있습 | PC17075 | EXP : 16/07/2026"
000517,2026,09,25,2026-09-25,s1,고 개봉 후 가급직 | 0-2002 | 총 내용리50 | Mo kcal | 당류 | 26g26%090% | 量40g12% | 콜레스 테롤 | mg | 0% | 395 | 0g0% | % | 36% | HE2B60.2mg13% | EB20.5mg | 다. | 26.09.25 8 | 까지 | 비닐류 | OTHER
000518,2026,09,14,2026-09-14,s1,26.09.14까지F2 | EdCH | ZL E
000519,2025,08,11,2025-08-11,s1,받지 | 소비 | 25.08.11 08:46 | 부터 | 26.08.10 | 기한 | 까지
000520,2026,09,15,2026-09-15,s1,부정·불림직품진 | 지측본사 | 4·한 입에 삼키지 | 약 반점이생을 수있으나 인체에 두 | 녹아 | 香小路52g/125 | 영양정보 | LE号20mg1% | 量0mg0%3.46% | 롯데웰푸드 | (수신자 요금 부담) | THER | http://www.lottewelfood.com | 88010628730 | 까지 | 2026.09.15 A1
000521,2026,03,10,2026-03-10,s1,아태 | mall | 해태몰에서간식사기 | 제조일 | 2025.09.11부터 | 2026.03.10마지C1 | 소비기한
000522,2025,08,22,2025-08-22,s1,내포장재질 폴리프로필렌 식품유형 과자 | 25.08.22 | 06:05 | 부터 | 26.02.21 | H | 까지
000523,2025,09,24,2025-09-24,s1,다매품 | 소비기한 | 2025.09.24对 | 2026.03.23办大 | 까지
000524,2026,06,18,2026-06-18,s1,n strana obalu:/ Minóségét megörzi: | L-169 13:35 | 18/06/2026
000525,2027,09,08,2027-09-08,s1,"포장재질 내면용가-유리,뚜껑-철,폴리염화비닐 | 38%（15% | 한자료명 | [딸기 80%(국산),설탕],아미드렉틴,구연산 | 업스명및 | (주대상다이브스 | KA | 28 | 080-254-6580 | 일행할 수 있으니 냉장보관하시고 빨리드세요 | 혼입가능.용기를가열조리용으로사용불가 | ·소비자분생해결 기준에 의거교환 또는 보상 | 2027.09.08 | 15:33 | 까지"
000526,2026,07,04,2026-07-04,s2,Pos 현대 그래놀라 | 30개입 | Ltd. | 100027 | 버섯 | NETWT.1.62kg | VONO | （54gx30） | PORCINI MUS | R | 본 | 2026.07.04/1462
000527,2025,10,12,2025-10-12,s1,ost | 2025.10.12까지.조성현:G.J | M | M | EA | 통밀로채우는 | 로마병사의 힘 | 로만일 | 통밀식빵 | 12 | 7.5 | PROTEIN | 1912 | 고식이섬유
000528,2026,03,11,2026-03-11,s1,BakeHousc | 나2026.03.11 까지 홍병현
000529,2026,01,12,2026-01-12,s1,BED 2026/01/12 | 43170857
000530,NONE,NONE,NONE,NONE,fail,926.06.24 | 쓸주버리준1%함은 | 手2119390 | 젤리스트로우 | 송루베리증 1%함원 | 926.06.24 | 790926 | AOE6T XIM르EEI | 7790926 | 926.06.24 | 송두베리준1%함은 | 926.06.24 | 1% 함유 | 212午2119390
000531,2026,02,28,2026-02-28,s1,과 | 미니꿀약 | samlip | 종당 | 옥수수 | 소비기 | 2026.02.28 까지F박베영B | 총당
000532,2026,02,28,2026-02-28,s1,초당 | 옥수수 | 페이스트 | 2026.02.28 까지A박레영B | 함유
000533,2026,03,26,2026-03-26,s1,"유의 | ：080-088-1212 | (수신자요금부담) | 옴뚜긴 | moll엔 | 안전관리인증 | 다있다! | HACCP | 비닐류 | OTHER | 1400 | 1200 | 1600 | 1000 | 5 | 6 | 1800 | 800 | 1100mg | 2000mg | Omg | J나트륨 함량 비교 표시L | 기준영 | 2026.03.26까지 | 2302 B161 | 8""801045""662305"
000534,NONE,NONE,NONE,NONE,fail,  | E   를 |  극남 니 | 르 | %86 | n | 러 않이 맛있 | 행국국시와 함께 하세요 | 국수를 처음 선토인 해를 의미합니다. | 잔치극수는?* | 우려내 진하고 시원한 국를! | 반죽으로 더 쫄깃한 결발 | 게 먹는 방법» | 00mL（3 | 굴 필요 없이 바로 드세요! | 1g | 1일 영양성분 | 기준치에 대한 비율 | 50mg | 78 % | %8L | bWos | 험르 | 혀리여률 론 | 이IL ) | K극남 IL |  이 | i논 후공VT위지 H | 내이 을 로수 | 50mg | 기준치에 대한 비율 | 이 도 | 필요 없이 바로 드세요! | 30 | 00m（3 | 게 먹는 방법 | 반죽으로 더 쫄깃한 결발 | 우려내 진하고 시원한 국 클! | 잔치극수는? * | 국수를 처음 선로의 해를 의미합니다. | 포국시와 함께 하세요 | 1일 영양성분 | 78% | 루O  영위 식 | HLW | 이 | 널    를 |  극아  | 여서  V | 장운터 | %86 | 군 몽서 불수는 | bWog | D이 IL | 여서우 휘 허V논 | o를이 이 모수높 | 임르 | b00m | 0
000535,2026,02,04,2026-02-04,s1,소비기한 | 2026.02.04 | 까지
000536,2026,01,01,2026-01-01,s1,개입 | 파스타 | 2026.01.01 까지(밀양 5B1)(3) | H
000537,NONE,NONE,NONE,NONE,fail,"영양정보 | 三Omg40%13g | 9g9 | 16g30% | 5 | 포화지방 Eg4.0% | 향신료와 | 4515%1222% | 개인의 필요 열량에 따라 다를 수 있습니다. | 까지 | 을고간데워드십시오 | 소금 | OTHER |  20010445055694 | 686318 | 채로투지마스 | 총 내용량 | 245 | REU | 기의와일드하고 | 디한맛 | %2.000kca | KC | 용시 | 끝는물이용시 | 是10去 | (TOON) | 론에 | 출력 | OTHER | 소비기한 상단표시일까지 | 소금 | 원료명 | 제품명 | 끌는물이용시 | KC | 두지 | 오즈키친포크키마 | 45mg15% | 트랜스지방 | 영정보 | 류9g9 | Omg40%量13g | 따라 | 15g | 포장재질 | 16g30% | 포화지방Eg | 내거나 | 245 | 용 | 메추리 | on ro | 면 | oin Rr | 살 | H | 69 | I0 | 단 | 포 | %4 | 수 | %07 | 6wu | 방 | 류 | 알 | 식 | 채 | MEE N0 | Y융lo롬극 | Y용 | 0()0 | 해 | %O | 666首 | E%Ot uC | 영양정보 | 2mg40%量13g | 鼻9g916g30% | APE | 행신료와 | 익와일드하고 | 4515%1222% | o（%）2.000kca | 이 | 개인의 필요 열량에 따라 다를 주 있습니다. | :-: | : | 까지 | 끝는을에 제품을 봉재매 넘고 3분간 데워 드십시오 | 이용 | 2을 품는 역로 후 제방하십시오'가열 화는 파우! 및 내용물이 때우 | 제플명오즈키친 포크키마유형즉석조리식품 | 기) | 소금 | 우유.대두밀토마토,쇠고기돼지고기 | 함유 | 류(골 | 손비기한상단표시일까지포장재질 | 내면 | OTHER | 20010445055694 |   | 식들 신고은 속번이 에심한 충격 | .부정 | 6863184 | 결을 | 피하고 | 채로 두지 | 총 내용량 | 영양정보 | 245 | 40% | 75Omg40%个13g | 16g30% | SECRET | 류9g9' | R | 포화지방 Eg4.0% | RECIPE | 5 | 기가 | 향신료와 | 4515%1222% | 기의 와일드하고 | 지한맛 | （%2000kcal | 개인의 필요 열량에 따라 다를 주 있습니다. | KC | 까지 | 용시 | 끓는 물 이용시 | 봉재세원 [분10초 | 끝는 들에 제품을 봉지때 넣고 3분간 데워 드십시오. | Z700 | 시이 고  우리가있으니주는 시오 시울물이 | 1000832 | 제품명 | 오즈키친 포크키마 | 유형 즉석조리식품 | 원료명 | 소금 | 비닐류 | 소비기한 상단표시일까지  | OTHER | 품목보고번호 | 포장재질골리조길() | 20010445055694 | 한 | 담물 | 을 | 686318 | 력 | 채로두지마신 | 게ㅐ거나 그릇에 | 바드시출"
000538,2026,02,06,2026-02-06,s1,열밥 | QFR | 2026.02.06 까지 E | 오두기와 함퍼 청소년 도박 | 근절
000539,NONE,01,01,NONE-01-01,up2x,"카레 | 세카레 | 2027 | .1.1파지 | N2 | 넥세카레약간매운맛 | 오뚜기 백세카레는 강황 함량을 높억 더 거가하고 | 로즈마리,월계수잎 됐의 | 허브를더해 | 풍부한 향과 맛을 즐길 수 있는 카레입니다 | OTOKI BEKSE CURRY MEDIUM | 재료(4인분) | 0）1 | （）60g2（25g）700ml（3%） | 조리방법 | 1.고기 양파,감자, 당근을 적당한 크기로썰어 오뚜기식용유에 잘 볶은 다음 | 물을 붓고 재료가 완전히 익을 때까지 끊입니다. | 2.불을약하게한 후백세카레를 조금씩 넣어 충분히 풀면서 끝인다음 | 카레라이스 | 밥 위에 얹어내면 완성됩니다. | 카레 | 품목보고번호 | 20010445055182 | 号0.53%（ | 분 복합조미식품 | O달집 털데이기비프분말 효모추출물 이"
000540,2025,03,24,2025-03-24,s1,2025.03.24012 | 원주르금최정 축의
000541,2026,03,22,2026-03-22,s1,2026.03.22.까지 | A6240854
000542,2027,07,22,2027-07-22,s1,"업소:품국면 | 1,120mg | 순지에 대한 비울 | 탄수화물79g | 광역시북구 | 56 % | 19,노원로 | 당류5g | 24% | (노원 2 | 5% | 356-446 | 문관매업소 | 포 | 2% | 핑(주)/ | 중구 | 남다 | 소공동 | 콜레스 | 000 | 단백질65 | 견하던 | 영양성분 기준치에 대한 비을(%) | 필런 | 므로 개인의 필요 열량에 따라 다를수 | :5 | 정제조 | 01 | 두리사 | 3801354402555 | 이물 | 안전관리인증 | HACCP | 2027.07.22 | 까지"
000543,NONE,NONE,NONE,NONE,fail,"'도록 주의 | 는 물에 넣고 3분간 데워드세요. | 보세요! | 면,칼국수면,우동면 사리 등과 함께 짜창면으로도 | 하탄 표시일까지 | 20010538182580 | 내면-폴리프로필렌 | 시중구 충무로2포장재질 | 메밀,땅콩 어,게,새운,복숭아,토마토 아황 | 의거,교환 또는 보상 가능 | 자기본비 | 180g150kcal | %8g8% | 3801005200257 | OTHER | 있으니주의·포장재 변형,팽당,손상 시 섭취 | L에주의·직사광선 피해 실온보관·개봉 | OTHER | 180g150kcal | 메밀,땅콩 | 경시중구 충무로 | 214-38.号2 | 우유,대두,밀,돼지고기, | 20010538182580 | 는 물에 넣고 3분간 데워드세요. | 68g8% | 스티드오니온,특제춘장소스, | 도록 주의 | 주의·직사광선 피해 실온보관·개봉 후는 | 게,새우,복숭아,토마토 아황 | 358-7 | 88010052002 | 하탄표시 | 보세요! | |얼까지 | -7 | CIA | 08. | r즐하 | ∞ | 88- | . | 글남을오 | b8 | %868% | 제연연제부프문정 | CIA | 도목주액 | 는 물에 넣고 3분간 데워드세요. | 세요! | 면,칼국수면,우동면 사리 등과 함께 짜창면으로도 |  장 성전분 대, | 지고기고기,최고기,조개류 합 | E214-383号星358-7 | 시중구충무로포장재질내면-폴리프로필렌 | 어,게,새우,복숭아,토마토아황 | 땅콩 | 거,교환 또는 보상 가능 | 있으니주의·포장재 변형,팽장,손상 시 섭주 | 에주의·직사광선 피해 실온보관·개봉 | 180g150kcal | %당류8g8.% | 0.7-g50k | 880100520025 | 량에 따라 다를2 | 2026.00. | OTHER | C1095 | 도록 주의 | 는 물에 넣고 3분간 데워드세요. | 보세요! | 면,칼국수면,우동면 사리 등과 함께 짜창면으로도 | 하단 표시일까지 | 소한l | 0010538182580 | 장소스 성전, 대,, | 대두일,돼지고기,고기,최고기,조개류함유 | 우유, | E214-383号P358-7 | 포장재질 | 내면-폴리프로필런 | 시중구 충무로2 | 동어,게,새우,복숭아,토마토 아황 | 메밀,땅콩 | 자기본 의거,교환 또는 보상 가능·부정 출량 | 있으니주의·포장재 변형,팽장,손상 시 섭추 | 주의·직사광선 피해 실온보관·개봉 흑O는 | 180g150kcal | %晚8g8% | 07-50 | 8801005200257 | 열량에 따라 다를 수 있습니디 | OTHER"
000544,NONE,NONE,NONE,NONE,fail,여K문 | orvS | 국내 업계최초! | 안전하안심띠개 | 쉽게여세요 | L | SAJO | 안전한안심띠개 | 안침판개로 | 쉽게여세요 | 국내업계최초! | 작  | 여K류 | H | orvS | L이 | 영KR | HL131130797270 | orvS
000545,2027,07,09,2027-07-09,s1,"브랜드로 | 양조간장 | 간장 | /식품운형 | 표시 | SOYSAVCE | 에 탈러이트 | 대두,밀함요 | 프라임 | 139 | 간장 | 500mL/100mL76kcl | 경양정보 | Prime | 트랜스지방 0g | 0g 0% | 포화지방0g0% | wed Soy Sauce | 量0mg0%6g11% | 카시아꿀 함유 | 뜨로 개인의 필요 열량에 따라 다를 수 있습니다. | 품질유지기한: | 500ml | 2027.07.09"
000546,2026,08,10,2026-08-10,s1,"198504991103 | ：（（（70.8%，29.2%） | 예주,청정원순창발효메주된장,메주된장메주정제소금/중국신)정제수최고기 | 사태역기스(최기주)정제소국신)청양고가루주정,대농축액 마능농축 | 대생주)순창공장:전북특별자치도순창군순창순창로30오리수록색이진해질수 | 101399 | C皇.全拉F1242 | 소중한 자원 까끗한 환경 | ·제조일: | 2025.08.11 | 소비자중심 | 소비기한 | 2026.08.10 | 까지"
000547,2026,05,28,2026-05-28,s1,2026.05.28 | 13:57 | MA5 | 제품명 | 궁중식 쇠고기볶음고추장 | 식품의 유형 | 혼합장(살균제품) | 소비기한 | 후면 상단표기일까지 | 업소명 및 | 씨제이제일제당(주)/충청남도논산시 | 소재지 | 1 | 품목보고번호 | 20020464088-190 | 반품 및 교환장소 | 전국 판매점 또는 대리점 | [장재지(내면) | 파우치/캡-폴리에틸렌
000548,2026,05,26,2026-05-26,s1,NB4 | 2026.05.26 | 소비기한 | 11:29 | 류오장어 혼입 가능·소비자분장해결기준에 의거 | 방가·제이일(주충청남도논산시 | P李2216 | ·시용 모분리 | 무색퍼트 | 보고번 | 18248-190 | 8801007303819
000549,2016,01,07,2016-01-07,s2,"샘표 | 그대로! 백숙 상계당 | 전 | (백숙용 한마리 아 삼계닭 투아리) | 새미네 육수 팩,물 노.5 L를 | 넣고 강불에서 끊이기 | 맛있는 국물을 활용하여 | 칼국수나 누륨지죽으로도 | 팔팔 끓으면 뚜껑을 닫고 | 즐겨보세요! | 약불로 줄여 45분 끓이면 | 맛있는 백숙/삼계탕 완성! | 백숙/상계란 메시대 | 확인 해 보세요 | 소비기한 | 까지 | OTHER | 중국산),양파분말 대두,밀,닭고기 함유 | 平E号82号 105H2 70 | 소비자중심 | 에의거,교환등보상을받으수 있습니다. | 영양정보 | www,sempio.com | 4100g | 고객지원실(요금은 콤표가 부딩나! | 60 kcal | 5异8g8%0g0% | 트랜스지방09 | 20E7.01.16/0 09:42 | （）199104450779630 | 정제수,백숙용소스[진간장(탈지대두(외국산),설탕,쌍화농축액(작약(국산),천국,당귀,황기 | 매업소 생표식품주식회사/서울특별시 충구 충무로2포장재질|폴리프로필렌 내면 | HACCP"
000550,2026,05,29,2026-05-29,s1,330 | 100g155kcal | 영양정보 | 1일 영양성분 | 총 내용량당 | 1일 영양성보 | 기준치에대한 데을 | 용량당 기준치에 대한 비 | 지방4g | DE看4581.4mg229% | 트랜스지방0g | 8% | 个时量24.8g | 2% | 포화지방1.4g | 2.3g | 7% | 단백질5g | 플렉스테롤20mg | 9% | 캡:철 | 라벨:PP | 88092985814664 | 소비기한 | 2026.05.29(B) | 까지
000551,2026,12,19,2026-12-19,s1,"알려진 알로에 | √식가전후 가법게 | Fro | ②기법고생기있=하루를위해 | 의보존성을 위해 | ②운동전후 에지 충전을위하 | 평창 또는 손상5 | 지 마십시오. | 온직사광선을 피해 실 | 라임 | 됩니다. | 보관하시고 개봉후반 | 고클리 드시기 바랍 | 제품은 소비자 분쟁해 | 안심하고 드셔도 됩니다. | J0LR한 또는 보상 받을 | 서부으로 인해 | 보상. | 들이 생길수 | 잘 | O나 | ·부정·불량식품 신고는 | 011399 | 판매처 및 고객행 | 은 | o고객상담실 | 불량 식품 신고는 국 | D80-019-9119（） | 소비자중심 | 4합UPE, P,레미B | https://ww,daesang.com | htps:/ww.jungoneshop.com | 2026.12.19 16:00 | CHDPE | 까지 | 1G3"
000552,2026,09,07,2026-09-07,s1,"을 조리용 순가락을 구분하여 사용하십시오. | sww.daesang.com | 분리수거를 생활화합시다. | 소중한 자원,끗한 환경 | G12507 | hps/wjungoneshop.com | 2026.09.07 까지 | 09:14/15"
000553,2022,11,24,2022-11-24,clahe,"천연향신료(건조제품) | 식품유형 | 제조업소:(취신영에프에스 | 12-4/031-964 | 업소명 및 | ·유특전문판매업소:롯데쇼핑(취 | 소재지 | 是至81（）18993 | 100% | 원재료명 | 월 | 드장재질(내면) | 끝에탈 | 소비기한 | -면 하단 | 도시일까지 | 품목보고번호 | 201903878548 | 반품및 교환장소 | 구입쳐 및 판""! | ·취급·보관 시 주의사항:직사광을 피하그서는전한곳에 보 | 오.본 제품은 소비 자기보법에 따트 소비자는 쟁해결 기준에의기 교환는행 | 1399 | 땅콩,대두,밀,고등이,거 새우,돼지고기,부숨아,토마토,아신류 효류 | 닭고기,쇠고기,오징어, 조개루 찾혼입누성기 있습니다 | 소비기한 | 22.11.24 | 3092 | 58659402 | 가지 | 1OTNER"
000554,2027,09,17,2027-09-17,s1,2027.09.17 B | 증정 | GOOOTGGAY
000555,2027,04,16,2027-04-16,s1,Cogking Ti | 각총2리이사동하민다늘 | 고유의풍미를느끼십수 있습니다. | 유리 | 외캡:P/리드:OHBR | 리벨:P | 수측필름:OPS | 소비기한 | 2027.04.16
000556,2026,08,07,2026-08-07,s1,2026.08.07 | 움트리 | n
000557,2026,08,12,2026-08-12,s1,"보세요 | 1.500g号280~300m | 정도 숙성시컵니다. | 2.잘 숙성된 반죽을 조금씩 뜯어 얇게 펴준 후 | 끓는 육수에 넣어 10분간 끊이면 맛있는 | 수제비 반죽 및 요리방법 | 수제비가 완성됩니다.기호에 따라 호박, | 완성 | (4~5인분) | 감자 등 야채를 넣어 끊이면 더욱 좋습니다. | 를 만드실 수 있습니다. | 소비기한: | FA2 | 266 | 2026.08.12F1 | 1233279 | 11:46 A4 | 있는장소 | 까지 | 750g | 영양정보 | 100g345kcal | OTHER | 125398"
000558,2025,05,16,2025-05-16,s1,500g | 용기-폴리에를 | 데레프탈 | 용기(포장)재질 | 두껑-폴리프로 | 렌.폴리에 | 직사광선을 피해 | 보관시추의사항 | 실온에 보관등 | 온도변화에의결정이 생길 | 2.꿀은 처온이나 | 의과포화로일나는 자연시 | 나 이는 벌꿀 내당 | 없습니다.3. | 상으로 품질에는 이 | 정화된끌은 | 물에용기째로 중을여자연스럽게 | 게녹이면 됩니 | 号：033-735760 | 엄력 검사를 필한지입니다 | 은공정거래위회고시소비지 분쟁해결 기준에 | ·부정 | 불량식품신고 | 01399 | 소분일 | 2025.05.16 | 플라스틱 | PET | 랩:PP 외캡:LDPE | 8809017627505 | 라벨:PP/재활용어려움
000559,2027,04,21,2027-04-21,s1,2027.04-21
000560,2027,07,13,2027-07-13,s1,"[코코넷 오일(인도네시아산! | 필리핀산),잠유],카제인, | 원재료명 | 제이인산칼륨,제삼인산칼술 | 폴리인산칼륨,유화제1, | 유화제2 | 우유 함유 | 포장재질 | 폴리에틸렌 | 동서식품(주)경상남도 | 제조원 | 창원시 의창구 반계로 40 | 품목보고번호 | 19860589043-12 | 소비기한 | 2027.07.13 15:26 | 창원C1 | 장주영 | 까지 | ·맛과 향미를 오래 보존하고 흡습을 | 방지하기 위해서 병에 옮겨 담아 | 사용하십시오. | ·직사광선을 피하시고 건조한 실온에 | 보관하십시오. | ·유통과정에서 변질된 제품은 대리점 | 또는 지점에서 교환하여 드립니다. | ·이 제품은 소비자기본법에 따른 | 소비자분쟁해결기준에 따라 피해를 | 보상해 드립니다."
000561,2028,08,07,2028-08-07,s1,"포성자찰 리트미널만조건 | 라이네플리에틸렌)Waxim 오리지날 | 1.1 | 100 | 프리마를 넣어 드세요.품질보존을 위하여 사용 | 후 뚜껑을 닫아 건조하고 직사광선을 피한 실온에 | 보관하세요,유통과정에서 변질된 제품은 구입처 | 지점 및 대리점에서 교환하여 드립니다.이 제품은 | 소비자기본법에 따른 소비재분정해결 기준에 따라 | 피해를 보상해 드립니다.·부정,불량식품 신고는 | 11399080-023-9114 | ·MAXIM은 몬델리즈 인터내셔널 그름의 상표이며 | 라이선스 하에 사용됩니다.질소충전 | 소비기한 | 2028.08.0711:46 | 유 혜 원 인천 B | 까지 | 유리 | 뚜껑;PP | 8801037000382 | ///www.dongsuh.co.kr"
000562,2025,12,30,2025-12-30,s1,"BRAZIL CERRADC | BRAZTL | 고소한 너트류의 플레이버와 맛을 | 즐기실 수 있습니다. | 2001 | e2001 | 이디야 커피연구소의 연구개발 | made by이디야 드림팩토리 | 고객님께 제공합니다. | 2025.12.30 | 까지 | 기한 | 13:36 | 10,100 | 05起/200G"
000563,2026,01,10,2026-01-10,s1,26.01.10까지 | 1마 | LOF
000564,2026,06,25,2026-06-25,s1,소비기한 | 2026.06.25F01
000565,2025,12,05,2025-12-05,s1,냉장보관/소비기한 | 2025.12.05까지 | 15:46 F0608 | BK6 | 쫄깃탱글 면발과 | 새콤 | 과일 특제 양념장 | 쓸면
000566,2026,09,17,2026-09-17,s1,오른에 구문 | 2026.09.17까지 | 오튼에 구운 | 고구가탈램이 | sweet pocato | 고구마 말래야
000567,2025,10,29,2025-10-29,s1,25.10.29 | 까지 | 건강한 | 08:11D | THE | 릴비엔나 | 280g | X2 | 특별기획
000568,2026,02,23,2026-02-23,s1,"19760263004135 | 유유향유 | 21021-15 | ：·0-10℃·9卫 | 이어이므로 잘흔들어드시기 바랍니다.항상냉 | ·용기가 변형,평창,손상되었을 경우 내용물이 변 | 질되었을 가능성이'높으므로 음용하지 마십시오. | ·이 제품은 알류,메밀,땅콩,대두,밀,복숭아,토 | 마토,호두,돼지고기,쇠고기를 사용한 제품과 같 | 은 제조시설에서 제조하고 있습니다. | 2026.02.23 | 21116100 3D"
000569,2025,11,02,2025-11-02,s1,2025.11.02弄 | 13148
000570,2026,05,20,2026-05-20,s1,2026.05.20#지A박테영A | 5 | DOS 
000571,NONE,10,18,NONE-10-18,s1,10ml100/130 | 10.18 11:24 | 까지 F5.L2 | 가장많이 연구 | 세계 | NO.1 | Maeil | 바이오 | P R O B I O T I C | 릴요건
000572,NONE,10,15,NONE-10-15,fail,영양정보 | 탄수화물89 | LI三云 115 mg 6 % | 트랜스지방 0.5 g 마 | 7014% | 人31mg10% | 다를 수 있습니다. | 홈페이지:www.foodis.com | ILDONG 일동후디스 | 10.1513:56 | fooocl. | ILDONG 일등후디스 | 다를 수 있습니다. | 量31mg10% | 1IO | LI三云 115 mg 6 %  | 영양정보 | 15까지 | 홈페이지:www.foodis.com | a14.%| | 13:56 | 트랜스지방 0.5g 미 | 탄수화물 | LHHX16g1 | ∞ | 69THH | 9S:SI MESI'O | %9 WS  | %가 | 9S:SIMEST'OT | 69IXHH | %N | % | 8 | 영양정보 | 탄수화물89 | L三号115mg6% | 8g14%0.5g | 量31mg10% | 다를 수 있습니다. | : | 홈페이지:www.foodis.com | ILDONG 일등후디스 | 10.15瓶13:56 | 영양정보 | 4 | 탄수화물 | LI三号115mg6% | 0.5g | a 14% | 引量31mg10% | （2000ka | 다를 수 있습니다. | 홈페이지:www.foodis.com | ILDONG 일동후디스 | 10.1513:56
000573,NONE,NONE,NONE,NONE,fail,1.2A | 오늘 하루 요거트 한스푼 | 오늘 | 떠먹는 요거트 | 좋은 | 복숭아 | Peach Yogurt | 8억마리 | 320g (288kcal/ 80g×4) | 프로바이오틱스 | 개입 | 유산균 | 냉장보관 | 6%0.00142% | gx4 | (0~10℃) | 연출된 예 | GOOD TODAY | gx4 | 개입 | bNI | 320 g (288kcal / 80g×4) | Peach Yogurt | 복숭아 | 떠먹는 요거트 | 오늘 하루 요거트 한스푼 | 냉장보관 | %0.002% | 기한 | 10.22 | 8억마리 | 프로바이오틱스 | 유산균 | 연출된예 | O임무테무지 | L여극 | lo옷눔 | (0.01~0) | JNCJ | SOOOO | 어kb | (0.OT~0) | 있 재0..%. | HS | AO무테무지 | lo옷눔 | L여 극문 | 흑ㅎ | 손비 | 10.2 | 기한 | 오늘 하루 요거트 한스푼 | 떠먹는 요거트 | 복숭아 | GOOD TODAY | Peach Yogurt | 8억마리 | 320 g (288 kcal/ 80 gx4) | 프로바이오틱스 | 개입 | 유산균 | L | gx4 | (0~10℃） | 연출된 예 | D2LN | 소비 | 기한 | 오늘 하루 요거트 한스푼 | 오늘 | 떠먹는 요거트 | 좋은 | 복숭아 | GOOD TODAY | Peach Yogurt | 8억마리 | 320g(288kcal/80g×4) | 프로바이오틱스 | 개입 | 유산균 | 냉장보관 | %002% | gx4 | (0~10℃) | 연출된 예
000574,2026,02,24,2026-02-24,s1,"130mL/95kcal | 두생: HDPE | 号15g15% | 个站号24g7% | 포화지방0g0% | 지방09 | 00% | （%2,000kcal219 | 습니다. | 2026.02.24 | 209:26 | ATAB"
000575,NONE,10,14,NONE-10-14,up2x,10.14 | 13:48 | 00199 | PJS | 언시며 | 품유형 | 우유 | 및 소시지 | 내용량 | 750mL | 유통기한 | 무항생제 1급A원은
000576,2026,05,21,2026-05-21,s1,2023.09:22 | a026.05.21 | 생산담당 | 박 술 이 | 풀무원
000577,2026,04,20,2026-04-20,s1,지퍼를 달아 보관해 | s25.06.1 | 래식 | 2026.04.201A | DDODC
000578,2026,03,04,2026-03-04,s1,직화 참기름김 | 12봉 | 름김 | ed | Roasted Seaweec | HP3 | Seasoned with | Sesame Oil | 2026.03.04까지 | 450/30
000579,2026,07,10,2026-07-10,rot90,"15 | 16 | 17 | 18 | 19 | EXP:202607/10 | 3536373839 | 40 | 마리 | 사용하였습니다. | 와 모양은 다를 수 있으나, | 니다. | 양념하였습니다. | 습니다."
000580,2027,01,09,2027-01-09,s1,"ER6 | 김2E I2 28 B9 1.27 | 보관방법 실온보관 | 식품유형|과자(유탕처리제품 | 금),정제잠올레인유(잠올레 | 파래,효모추출물),향신료올레오레진류"
000581,2026,02,25,2026-02-25,s1,·보관방법:직사광신이도 | 소비 | 2026.02.25 까지B | 기한 | 비늘 | OT
000582,2025,01,21,2025-01-21,s1,2025-1.21.까자.F1 | 6 | With
000583,2035,11,23,2035-11-23,up2x,"지지 | 5 | 35-11.23C | 01:35 | 더급 | GS8 | 피두슬콩 | 까지 | 제품) | 가슴살/국산),정제수,가놀라유[카놀라유(외국산 | 규소수지]포도당,흑후추분말[흑후추(외국산(베 | ㅠㅅ수 | 시아 등)}],안데스소금,혼합제제(젖산나트륨 | 곡류가공품,혼합제제(폴리인산나트륨,피로인산 | 탄산수소나트륨,향신료조제품1,비타민C, 향신 | 1향미증지제 향시르조제품3 복합"
000584,2026,07,15,2026-07-15,s1,행복한세상 | 迎112 | √아동학대 | 우동권리보장원 | CROU | 5 | 부터 | 2025.07.16A | 2026.07.15 | 까지 | 맛있는 약속
000585,2026,05,16,2026-05-16,rot90,"/heat, milk & soy. Manufactured on equipment that also processes products that contain | IENTS: Wheat Flour, Vegetable Oil (Palm Oil), Sugar, Butter, | %66 | %%  | %0 | //% L | BuTTER | Baked Treat | Cookies | A Golden | 성연기정의영위무크위위연터격 | O-CLASSIC | EXP:2026.05.16 | 3.NO.CK.BT.AF1124 | GPR | HY | COSEESE NSE SSESSSR | COOKIES | CIAV | () | 을융h | Pure Indulgence | Cookies Bite | x | In Every | TES: Farinha de Trigo, Ole | Aromatizante Permitido, | qué sur des equipements | A Lever (Sodium Bicarbot | karbonat)(INs 50oii). MAK | Full | nozes. | .Fabricado em equipan | Vegétale (Huile De Palm | ) | Cream | Ga"
000586,NONE,NONE,NONE,NONE,fail,프으프는.으르.그스파지 | 원 주 트속리 정 수 는그등1
000587,2026,02,07,2026-02-07,s1,머리젬 | 스비기 | 경 | 품처 | 있는 | 한번에 | 분이 | 것이니 | 적 | 정 | 있이 | 제품에 수분 | 가혹 | 위험이 | 마십시오 | 쉽게 변질되오니 가급 | 아니라 제조과정시 생기는' | 드시지 | 삼키시면 질식의 | 파손되어 있는 경우 | 전자레인지에 넣지 마십시오 | 째로는 | 소비자분쟁해결기춘에 의거 | 제품은 | 총 내용량 | 니다. | 28g9% | 영양정보 | 랜스 | 三喜10mg1% | 1.2g2% | 단택질 | 당류9g 9% | 콜레스테롤0mg0% | 포화지방 0g 0% | 필요 열량에 따라 다를 수 있습니다. | 고객행복센터 | 소중한의견을기다립니다 | 비닐류 | 080-850-1200 | 1666-5471（号） | OTHER | 6 | cj.co.kr | 2026.02.0777 | H3m0
000588,2025,11,28,2025-11-28,s1,명가 | 50년 전통의 비법을 담은 | 재래김 | 2025.11.28까지 | JR2 | 1016-7 | F3
000589,2026,04,02,2026-04-02,s1,곤장재질(내면) | 100%号 | 제조원 |한울동 | 100% | 경상북도 영천 | 품목보고번호 | 건강한 먹거리입니다. | 보관방법 | 맛있는 TIP!조리예 | 반품 및 교 | 전자레인지에 10초 정도 돌려서 드시면 | 고객센테 | 10 | 소비한 | ·본 제품 | 같은 시 | ·본제 | 해결 | 안심하세요! | 있습 | 제품의보온도와기공인자에 따라 | ·본 | 을 | 801207 | 120599 | OTHER | 2026.04.02M10-28LEO
000590,2025,12,05,2025-12-05,s1,2025.12.05까지16:01:02
000591,2026,07,27,2026-07-27,s1,20% | 중량 | (자사용기 대비) | 껌 | 지널 | 26.07.27 | 까지 | 리에틸렌 | 품목보고번호 | 19690086003932
000592,2023,03,26,2023-03-26,s1,TUHE50ITEE7096 | KOBKM/DATE D'EMBALLAGE | 26-03-2023 | ATE/ FECHA DE EXPIRACION | 25/032025 | )/DATE DE LIMITE DE | MATION | E2204401D3085 | /NUMERO DE LOTE | APTMM/NUMERO DE LO | 30 g/r | NEFWEIGHT | JONAL FACTS | ECNET1O | TIN | MDS NET | 1.05oz | AMG6 NETO | -EE-E | 4ES | PR/1443/995 | 17960041231798 | 1200334V01 | ALLI스 | K4LZWEASRLANGA10640 | BAL-NFDeELAESCOM
000593,NONE,NONE,NONE,NONE,fail,PEPERO | LOTTE | 까지 | LOTTE PEPERO | 까지 | |YHLL | |YLL | 크LLO7 | PEPERO | LOTTE | 까지 | PEPERO | LOTTE | 까지
000594,2026,08,25,2026-08-25,s1,기운내 | 아잔 | 아지! | 야문국 | E | 티타임 | 에C | from | 2025.08.26부터2 | 2026.08.25까지B | 표
000595,2026,05,01,2026-05-01,s1,고소한 현미 | 2026.05.01/15:351 | 동록 | 영앙
000596,2026,08,13,2026-08-13,s1,안전관리인증 | HACCP | 연출된 이미지 입니다. | 부터 | 2026.08.13.81 | 까지
000597,2026,09,02,2026-09-02,s1,통전용 | 소비 | 부터 | 2025.09.03/17:42 | 기한 | 2026.09.02 | 까지
000598,2026,03,09,2026-03-09,s1,"소비기한 측면표기일까지 | HACCP | HACCP 인증제품 | 5：2017041515830 | 8801117546519 | 밀,달갈,우유,대두 함유 | 소비 | 부터 | 25.09.10(09:55) | 의한 피해보상·직사광선을 피해 | 기한 | 26.03.09(A) F4 | 까지 | ）080-023-5700（) | 및 구입한 곳"
000599,2026,09,04,2026-09-04,s1,소비 | 기한 | 2026.09.04A3. | 까지
000600,2026,08,31,2026-08-31,s1,"코코아분말 4%, | Bal | 2025.09.01부터 | 2026.08.31 까지 F2A | pr슬릿가공"
000601,2025,04,28,2025-04-28,s1,2025.04.28 B | 부터 | 2026.01.27 | 까지 | 맛있는 약속
000602,2026,09,22,2026-09-22,s1,CROWN | 2025.09.23A | 부터 | 까지 | 2026.09.22 | 맛있는 약속
000603,2026,09,24,2026-09-24,s1,"!달갈,쇠고기 혼입 가능 | 344383 | 자기본법에 의한 피해 보상 | 고객지원센터  |  질품은 구입 상점 및 | 항상 교환·부정·불량 | 1399 | 삼키지 않도록 주의 | 8 | ""801062""002542 | 고온에 약하 | 에서 직사광신을 | 26.09.24B | 보관해주시고 | OTHER | 2십시오 | 롯데웰푸드"
000604,2026,09,15,2026-09-15,s1,골레스데일 | 수신 자 요금 부담) | 롯데웰푸드 | htk//w.w.lottewelffood.com | 2026.09.15B1 | 까지 | 880106
000605,2028,07,01,2028-07-01,rot90,"2028.07.01A | 닭고기,계란,우"
000606,2026,10,01,2026-10-01,rot90,"050kcal) | 120gx5 | 号：600g | 레스행(멸균제품) | 품의유형: | 1부 | 목 | 0묘 | 클래식 | 표시된 날짜보다 긴 제품만으로 구성될 수 있습니다 | 하기 소비기한은 내용물 중 짧은 제품 기준이며, | 2026년 10월 01일 | 까지 | 조리예"
000607,2028,06,23,2028-06-23,s1,"(식육통조림/멸균제품) | 목보고번호 | 20050405003230 | 반품 및 | co.kr) | 구입처 및 | 교환장소 | 고객만족센터 | 산:미국 | 8801047862673 | 포솔트(네) | 본가공품 | 2028.06.23 | 등),카라기 | 까지 | (발색제)"
000608,NONE,NONE,NONE,NONE,fail,"6OSMC | …”……………… | ………….……..…시 | . | …………………” | ——…↑""……”………… | DwsO9 | 6OSMC | 으므으트. 모는. 1 르까지 | 6OSMC | …………………1…까지 | ”……………"
000609,2027,06,11,2027-06-11,s1,출선궤프가 제안하는 | 다양한 레시피를 확인해보세요 | 2027.06.11 까지 | 500 | 10:02-02 | 훈연 | 4%
000610,2026,06,04,2026-06-04,s1,F.1 | NCE1065 | 주동 | 기는 | 2026.06.04까지
000611,2026,07,20,2026-07-20,s1,"덴스지방 0g | 포화지방 09 | % | 콜레스테롤0mg | 0 | % | 단백질29 | 4% | 고객상담실 | （%200kcal | >준이므로 개인의 필요 열량에 따라 다를 수 있습니다. | 080-019-9119 | (수신자요금부당) | 빈 용있는 깨끗이 분리수거 하여 재활용합시다.소중한 자원,깨끗한 환경 | 소기한 | 2026.07.20B"
000612,2026,05,07,2026-05-07,s1,"업소명 및 | 112 | 소재지 | ·제조원:(주)동방푸드마스타 | 号105 | 번길70 | 영양정보 | 2026.05.07/A | 나트름 | 까지 | 원재료명 | 정제수,CJ마요소스대두유(대"
000613,2026,05,28,2026-05-28,s1,보관·사용 전 흔들어 주세요. | 2231 | 2026.05.28까지 | 13:47
000614,2026,03,07,2026-03-07,s1,보비기한 | 2026.03.07 A | 16:09
000615,2026,03,24,2026-03-24,s1,드시고 냉장보관 하십시오. | 소비기한 | 2026.03.24A | 까지
000616,2026,09,10,2026-09-10,s1,·반품 및 교환장소:고객상담실 및 구입처 | 제품은 소비자기본법에 의거 교환 또는 보상. | c | 소비자중심 | 1399 | 080019-9119） | 8고객상담실 | 이미지 사진 | 18:32 | 까지 | 2026.09.10
000617,2026,07,11,2026-07-11,clahe,"하는 향신료 줄기이므로 안심하고 드십시오. | 담실 | 분리수거를 생활화합시다. | https://www.daesang.com | 소중한 자원,깨끗한 환경 | 신자요금부담) | https://ww.jungoneshop.com | DAESANG | 소비기한: | u | 2026.07.11 | … | 비닐류 | ccm | [자중심 | 까지 | OTHER | 평거래위원회"
000618,2026,08,26,2026-08-26,s1,"V3LH(30g),将32含 | ※ 전자레인지 조리 불가 | 1.号1.5cm | 2.팬에 식용유를 넣고 중불에 | 3.대파를 넣고 1분간 더 볶다가 두부와 | 깍뜻 쌀고,대파는 앞게 | 1분 정도 충분히 예열한 뒤, | 소스를 넣고 30초간 꽃이면 완성! | 어슷 썰어주세요 | 돼지고기를 넣고 2분간 잘 볶아주세요 | 트러은 마파두부 Tip | 소비기한 | 홍콩식 마파두부의 | 2026.08-26701553 | 다양한 레시피를 | 확인해보세요 | 소비기한 | 후면 표시일 | 199104450779152 | 소스(살균 품)품목보고번호 | 정제쉬 양피 | 지가장"
000619,2026,09,15,2026-09-15,s1,영영이호 | yo170kcal | 叫号460mg233%全豆量41913% 18918% | 00%0g0g0% | 2g4% | 콜레스테롤 Omg 0% | %2000kcal | 개인의 필요 열량에 따라 다를 수 있습니다. | 11:06 | 2026.09.15 | 까지
000620,2026,07,06,2026-07-06,s1,개통후냉장보관·홍고추씨입자는원료고유의 성분이 | 안심하고 드십시오. | 2026.07.06까지 | 13:55
000621,2026,08,25,2026-08-25,s1,기준에 의거 교환 보장 또는 | 교환장소제조원및각구입처 | 1399 | 소비기한 | 2026.08.25 A F2
000622,2027,01,02,2027-01-02,s1,양파(중)1기 | 남은 국물에 | 700 | 볶아 드셔도 | 2 끓기 시작하면 야채와 | 양념을 넣고 센 불에 | 추가재료를 넣고 | 면을 따로 삶 | 3분간 끓입니다. | 약 5분간 더 끓입니다. | 더욱 맛있습! | 신비가한 | 2027.01.2 | 식품유형 | 품목보고번호 | 1991044507755 | 소스(살균제품) | 포리프르픽레반품
000623,2027,03,10,2027-03-10,clahe,",(알산) | 기타과당제수 | 주구사국산),비 | (  | 제L-글루담산나트륨(핫미증진저),잔단슨 | 청양고추엑기스C, 감귤류추출물 대두,밀함유 | 2027.03.10 | 까지 | GI | 1우:모드 | DA6"
000624,2027,06,15,2027-06-15,s1,소비기한 | '제철 재료 | 레의족시피가 | 2027.06.15 F2 | 궁금하다면? | 품질관리자이의성 | Q080-96-7 | ：8010
000625,2027,04,01,2027-04-01,s1,"80105""299602 | 소비기한 | 2027.04.01 | D010159 | 고객지원실(요금은 생표가 부담합 | 유리 | 080-996-7"
000626,2026,07,01,2026-07-01,s1,26.07.01 | H16:20F1
000627,NONE,NONE,NONE,NONE,fail,ZEROSUGAR | PRC | EXP | sugarlsls | 맛있는 | 곤약젤리 | 청포도 | 받말 01%e | sugarlsls | XT | 비무 | 00 | NN | 00 | Green Grape | NIN | ZEROSUGAR | 리 | n | 는젤도 | NN | 00 | NN | 있약포 | CICHDNS | ZEROSUGAR | PRO | EXP | sugarls | 맛있는 | 곤약젤리 | 청포도 | ioc tel Green Grape | 한말0.1% | ZEROSUGAR | 28：188.F2 | 건전조 | PRO | EXP | sugarlsls | 맛있는 | – | 곤약젤리 | 청포도 | 말0.1%
000628,2025,02,03,2025-02-03,rot90,25.02.03/1300L
000629,2025,09,22,2025-09-22,up2x,마이밀 | LKW21115E447E | 25.09.22까지 | 23:44 | oaWZ
000630,2026,03,31,2026-03-31,s1,"202603.31 | CUTTING POIN | 제품명 | 검은콩 귀리 호두 두유 | 포장재질(내면) | 폴리프로필렌 | 료명 | 두-미국산,장),탄산칼슘,정제소금(국산)대두,호두,땅콩,잣함유 | 아 | 별도 표기일까지 | 가공두유(멸균제품) | 2018049104473 | 유통 전문판매원-서울우유협동 | 경기C"
000631,2025,11,15,2025-11-15,s1,개:PP | OTHER | N1660 | 는 모두 이마트의 상표입니다 | 노브랜드의 이념과실진 | 25.11.15
000632,2025,12,28,2025-12-28,s1,스브산칼륨(모촌) | 도 안산시 단원구 시화로38(성곡동 | 680-5678 | 포장재질 내면:폴리에틸렌 | 구입저 및 판매원 | IO°C 이상에서 5분 이상 살균 | 안전관리인증 | HACCP | 2025.12.28 | N1065
000633,2025,12,24,2025-12-24,s1,"处量34g10% | 236kcal | 29g | 29 % | 지방8g | 랜스지방 0.5g 미만 | 558379 | 印量30mg10%日 | 15 | 단백질 7g | 열량에 따라 다를 수 있습니다 | 3 | 소비기한 | 2025. 12,24지 | 23128 B3 | 2,580"
000634,2026,02,05,2026-02-05,s1,"투,기,사우, | o/1399 | 2026.02.05 | B3 | 김유나"
000635,2026,02,21,2026-02-21,s1,245g | 100g#527kcal | 양정보 | 탄수화물 | 920% | 륨8mg | 27g50% | 24% | 류24 | Og1 | 프랜스지부 | 4mg1%E6g1 | 天量（%）2.000kcal | 클레스테 | 1일 영양성분 | 개인의 필요 | 2025.08.22부터 | 맛있는 약속 | 2026.02.21까지 | 못말리는
000636,2026,03,09,2026-03-09,s1,투실당 | 2026.03.09까지 | 한그릇
000637,2026,06,17,2026-06-17,s1,2026.06.17 까 22:37:55L1
000638,2026,06,16,2026-06-16,s1,접재요리 볶음요리 샤브샤브 등 | 실당면 | 2026.06.16 지 06:36:45 L1
000639,2026,02,02,2026-02-02,s1,N615 | 소비기한: | 2026.02.02 | 까지 | ±3 | 쓸깃한 면발과 가쓰오 조미 | No Brand | 메밀소
000640,2026,02,08,2026-02-08,s1,기한 | 2026.02.08 | 까지
000641,2026,09,02,2026-09-02,s1,2026.09.02 | 까지B | 권장설취량 및 섭취방법 | 담아우유를 부어드십시오 | 영양정보 | 8% | 110mg | 13% | 30g당 | 269 | 2% | 나트룸 | 139 | 탄수화물 | 1.3g | 당류 | 09 | 지방 | 0.7g | 트랜스지방 | 583 | 0mg | 25 | % | 포화지방 | 29 | 콜레스테를 | 175RAE | 단백질 | 0.3 mg | 비타민A | Q35mg | 비타민81 | 3.75mgNE | 25% | 비타민 B2 | 038mg | 나이아신 | 25mg | 275心-TE 25% | 25% | 비타민B6
000642,2026,03,01,2026-03-01,clahe,2026.03.01 | 400g | 영양정보 | 100g495kcal | 1일9 | 영양성분 | 388 | 0 | 기준치에 대한 비율 | 기씨 | 100g | 8% | 푼[설 | 150mg | 나트륨 | 글리 | 20% | 탄수화물 | 65g | 21% | 당류 | 21g | 23g | 43% | 지방 | 트랜스지방 | Og | 36%
000643,2026,01,21,2026-01-21,s1,"카국 | rand | 지석 | O kcal) | 202601.21 | 분말스프 중 | 0.6% | 분말스프,건더기스프를 개봉하여 넣은 다음 끊는 물을 | 후 뚜껑을 닫고 2분정도 지난 뒤 잘 저어 드시면 됩 | 의 스프를 첨가하여 나트륨(소금)섭취를 조절하십시오 | 164g（230kcal | 캐나다산),변성전분,정제소금(국산),옥수수기름옥 | 아,브라질등),규소수지],혼합제제(산도조절제,정제 | 4.6% | 산),정제소금(국산),간장분말에이치비,덕스트린,멀 | 1399 | （22%65%（19% | 영양정보 | 164g230kcal | E(중국산),산도조절제-건더기스프:별미튀김6회밀 | 총내용량당 | 1일 영양성분 기준치에 대한 비율 | 시아산)],건파(중국산),건당근,건미역,김후레이크 | 2.120mg106%号49g15%1g1% | 밀,대두,계란,새우,쇠고기,우유,아황산류 함유 | 1.8g3%0g0g0% | 525 | 0g0%5g9%"
000644,2027,03,11,2027-03-11,s1,커피 #달달한#당충전#홈카페 | 믹스커피 | 27.03.11 | 16:23
000645,2025,05,13,2025-05-13,s1,"2025-5-13 | LR13303:51 | No Brand | 브랜드가 아니다.소비자다 | 선 | 피하고 | 늘봉 | 수입원(주)이마트/ | 잘흔들어 | 서울특별시 중구 세종 | 주시고 | 개봉후 | 대로7길3기(순환독) | 반드시냉장보관 | ：021380.5678 | 소비기한 용기 상단 | 별도 표시일까지 | (년.월.일순) | 원재료명사과주스 | (사과퓨레,사관농축물), | 포도추스(정제수,폭로 | 당근농축액) | (망고퓨레,"
000646,2027,01,15,2027-01-15,s1,"irapefrui' | 15-01/2027 | ""몽허니"
000647,2026,08,19,2026-08-19,s1,"2026,08.19 | MOTZEROTR | 제품명 | 스파클링터트 | EROLZERC | 식품유형탄산음 | 소비기한경도는 | OLZERC | 원재료명 정제수 | 산,비타민C(영국산 | B2 JIEIP1869 | 직 | ZERO | 보관방법 | 제조원 | R | 유통진"
000648,NONE,NONE,NONE,NONE,fail,"밀,우유,대두함유 | (이 | (%∠) | (%E)97 | (%)2 | ,탄산 | .글리세린 | 융h울 | 10| | 원산지: | 2026708725 | t | (우유향) | (%) | 2026708 | 80 | CHA트 | (%E)9 | (%) | (K) | 철탕,팔유,변상전분,포 | .난산수소암오늄,탄산수소타트 | 4.정제소금.합성향료(우유항),글리세린 | Rila80 | 보관방법: | 지방산에스테르,우유분말,대두레시틴,카 | 리락쿠마컵 | 틴(학생료)밀,우유,대두 함유 | 2025San-X | THER | LA널(TEL | 4三64mg(3%） | 지방4g(7%) | 0mg（0%）1g（2% | 트랜스지방08 | 12g（4%） | 포화지방2g | 총내용 | 구입처 | 컵 | 리락쿠마 | .양이 | 총내용 | （）2000c | 量12g（4%） | 포화지방2g | 4三号64mg(3%) | 트랜스지방0g | 지방4g(7%) | 일 | 콜레스테를 Omg(0%)|단백질)여(2% | STHER | 2025San-X | 산에스테르 우유분말,대두레시틴,카 | 제소금,한상향료(우유향). | 산수소암요능 | 밀,우유,대두함유 | (%어o불b룹 | (% | 설탕,팔유.변 | (%돈)Bp9 h | . | 등,탄산주소타트 | (%)21 | ,글리세린 | FE | 원산지:중 | 202670872508 | +품및교환처: | HIAE | 청제소금.합성향료(우유항),글리세린 | 산에스테르 우유분말,대두레시틴,카 | PIHEE | 산수소암모능,탄산수소타트 | 밀,우유,대두 함유 | (이이터쿨입 | 실탕,팔유 | (%) | (%0I기 | (%)2 | 변상 | 내 | 10| | F | 원산지:중국반품및교학처: | 본제품은 공정거래위원회고 | 2026708725"
000649,NONE,NONE,NONE,NONE,fail,". 구파지 | ""더 맛있고 잘 | 아레 순한맛 | 오뚜기백세카레는 강홍 | 로즈마리,월계수잎 등을 | KSE CURRY MILD | （）60g(25g)7 | 조리방법1.고기 양파, 감자 당근을 적당한 크기 | 물을 붓고 재료가완전히 익을때까지 | 2.불을 약하게 한후 오뚜기백세카례를 | 레라이스 | 밥 위에 얹어내면완성됩니다. | 소비기 | 품목보고번호 | 20010445055181 | （4100g | 레라이스 | (SE CURRY MILD | 레 순한맛 | 품목보고번호 | 조리방법 | 재료(4인분) | 20010445055181 | 100g | 2.불을 약하게한후 오뚜기백세카레를 | 물을 붓고재료가완전히 익을때까지 | 1.고기,양파, 감자,당근을 적당한 크기 | （）60g，2(25g),7 | 밥 위에얹어내면 완성됩니다. | 로즈마리,월계수잎 등을 | 오뚜기백세카레는 강홍 | ""더 맛있고 잘 | 소비 | 이 이러티ㄷ어 |    | A서 |   | CSSEAHLCI | 입 | 흐겨ㄴ거눔폼 | CIAY |     | SUSSPLCC(T | 누 | ""O, | 바문면 | 그디스?. | . 그7파지 | 10:- | ""더 맛있고 잘 | 가레 순한맛 | 오뚜기백세카레는 강홍 | 로즈마리,월계수잎 등을 | KSE CURRY MILD | （4100g | （7）60g，（25g）7 | 조리방법1.고기양파, 감자당근을적당한크기 | 물을 붓고재료가 완전히익을때까지 | 2.불을약하게한후오뚜기백세카레를 | 레라이스 | 밥위에 얹어내면 완성됩니다. | 소비기 | 품목보고번호 | 20010445055181 | 루(믹:미국산/능즈사)데스트린,카레분12%강 | RIE | ㅣ구파지 | 1: | '더 맛있고 잘 | 아레 | 순한맛 | 오뚜기백세카레는 강홍 | 로즈마리,월계수잎 등을 | KSE CURRY MILD | 재료(4인분) | 100 | （）60g（25g） | 조리방법 | 1.고기,양파, 감자.당근을 적당한 크기 | 물을 붓고 재료가 완전히 익을때까지 | 2.불을 약하게 한 후 오뚜기백세카례를 | 레라이스 | 밥 위에 얹어내면 완성됩니다. | 소비기 | 품목보고번호 | 20010445055181 | 르(믹:미국산/호주산) | 델덱스트린.카레분12%[강"
000650,2026,08,05,2026-08-05,s1,10g18% | OTHER | 수축필 | 스티커:PP | E페트 | 星128 | 2026.08.050m | 10:49903
000651,2026,06,25,2026-06-25,rot90,2026.06.25X | OTHE | DWS14
000652,2027,03,31,2027-03-31,s1,"보관하세요·입구 부분에 내용물이궁으면잘안 열릴 준있으니 | 사용 후'잘,닭아 뚜껑을 당아 주세요·보관 중 침전이 생길 수 | 있으나 알룰로스 고유의 성분으로 안심하고 드셔도 | 1399 | ·본 제품은 공정거래 위원회 고시 소비자 분쟁해결기준에 | 의거 교환 또는 보상 받을 수 있습니다. | ）：080023-3399 | 소비기한 | 2027.03.31.A | 까지 | 영양정보 | 490g10039kcal | 나트륨 | 5mg 0%지방 | 0g0% | 탄수화물 | 75g 23% | 트랜스지방 | 0 | 당류 | 2g2% | 포화지방 | 08 | 0% | 당알콜 | 48 | 콜레스테롤 | omg 0% | 量62g | 단백질 | 0g0% | 개인의 필요 열량에 따라 다를 수 있습니다."
000653,2027,01,19,2027-01-19,s1,C08474B | 제조번호 | 2027.01.19 | 사용기한:
000654,2028,07,02,2028-07-02,s1,[미액리품)보피순면거버내추일 | Unlab | 2028.07.02까지 | 250703Gb05298
000655,2026,08,27,2026-08-27,s1,영양정보 | 100g568k | 恒县60mg34%号33g10%号16g16 | 클레스를 Omg 0% | 19g35% | 준이로 개인의 필요 열량에 따라 다를 '수 있습니다. | 소비기 | 2026.08.27 | B252 F2
000656,2026,09,04,2026-09-04,s1,총 내용량 40g | 115kcal | 1일 영양성분 | 기준치에 대한 비율 | 38% | ng | 3% | 10% | 5% | Dongwon | OTHER | 8% | mg | 22% | 12g | 22% | 叫（%）号2.000kcal | 8801047183655 | 따라 다를 수 있습니다 | 4 HJC | 2026.09.04
000657,2026,07,27,2026-07-27,s1,렌스지방 | 8g | 화지방 | 19 | 4% | 11 | 스테를 | 1e mg | 3% | 89 | 질 | 50 | 7% | 24 | 2026.07.27까지
000658,2026,01,16,2026-01-16,s1,2026.01.16파지 61?
000659,2026,08,24,2026-08-24,s1,Flavor | SWEET! | 2026.08.24 | 까지 | 103688 | 804433 | MADE IN KOREA | 안전관리인증 | 소비자 | HACCP | 중심
000660,2026,02,28,2026-02-28,s1,니다. | 영양정보 | 8% | 지방 19g | 나트륨 | 150mg | 35% | 탄수화물 | 100g | 31% | 트랜스지방 | og | 당류 33g | 33% | 포화지방 | 14g93% | 15 mg | 5% | 단백질 6g | 콜레스테롤 | 11% | 2026.02.28까지B20:35 | 기한 | 까지 | 801728 | 108830 | MADE IN KOREA | 안전관리인증
000661,2026,04,17,2026-04-17,s1,SNEFI! | 140g615kcal | 영양정보 | 10% | 지방 | 三号200mg | 24g44% | 93g29% | 탄수화물 | 트랜스지방 0.5g미만 | 48g48% | 당류 | 콜레스테롤20mg | 7% | 단백질 | 7g13% | 2026.04.17까지A10:04 | 소비 | 기한 | 38017281108748 | HACCP
000662,2026,03,11,2026-03-11,s1,"15g | 화지방 | 1mg | 레스테롤 | 3g | 난백질 | 일영양성분 기준 치에 대한 비율(%)은 2,0 | /준이므로 개안의 필요 열량에 따라 다를수 | 소비기한 | 2026.03.11까지 | 까지 | ©SAIVIG."
000663,2025,09,11,2025-09-11,s1,25.09.11 | 부터 | 26.02.10 | 까지 | 20:20 A04
000664,2026,02,20,2026-02-20,s1,"유지를위해 질소충전 포장을 하였습니다. | OTHER | 전관리인증 | CCP | 801043""044400 | 2026.02.204- | 영양정보 | 350kcal | 47g15% | 탄수화물 | 号480mg24% | 당류6g6% | 16g30% | 지방 09 | 14.4g8% | 5mg미만 1% | 단백2 | 있습니다"
000665,2026,03,25,2026-03-25,s1,"제조원 및 구입처 | 제용량당 1일 영양성분기준 에 대한내 | 고환 | 나트륨 | 직사광선을 피하여 건조하고 | 탄수화물 | 서늘한 곳에 실온보관 | 당류 | 26g | 은 알레르기 발생 가능성이 있는 토마토 | 트랜스지방 | 20g | 사용한 제품과 같은 제조시설에서 제조 | 포화지방 | 0g | 니다.개봉시 포장재 절단면이 날카 | 콜레스테롤 | 45mg15% | !으니 주의하세요 | 1200 | 3g5% | 죽은 공정거래위원회 고시 소비자분쟁 | 기준이므로 개인의 필요 열량에 따라 대를 수 있습다. | 에의거 교환 또는 보상받을 수 있습니다. | 139 | 의 신선도를 유지하기 위해 넣은 선도 | 는 드시지 마십시오 | 2026.03,25"
000666,NONE,NONE,NONE,NONE,fail,LOTTE | 8801062893546 | 금·1 | 까지 | :·1A | 268290108 | 8 | S | 3LLOT | 8801062893546 | ·1A | 까지 | LOTTE | 8801062893546 | 금물·11 | 까지
000667,2025,09,23,2025-09-23,s1,HACCP | 식품의약품인전처 | 2025.09.23 | 부터 | 2026.06.22 | 까지 | 맛있는 약속
000668,2026,04,30,2026-04-30,s1,소비기한 | 영9 | 2026.4.30 | A5203270510 | 성향료(바
000669,2026,09,02,2026-09-02,s1,SALTINE' CRACKERS | 2025.09.03# | 까지 | 2026.09.02 | 맛있는 약속
000670,NONE,NONE,NONE,NONE,fail,릿이 통째로 | 부터 | 까지 | 릿이 통째로 | JHD- | 10 | |Y | 10 | 릿이 통째로 | 부터 | 그 | 까지 | 릿이 통째로 | 2 | 7 | 부터 | 까지
000671,2025,10,01,2025-10-01,s1,소비 | 2025.10.01/17:15 | 기한 | 부터 | 2026.03.31/A | 까지 | 입니다 | http://www.orionworld.com
000672,2026,02,08,2026-02-08,s1,"포화시호3 | 클래스테롤10mg | 단백질5g | 객지원센터 | 비닐류 | 080-024-6060 | 자요금부담 | OTHER | 801062""641826 | 26.02.08 F4C3 | 까지 | 품질관리하에 제조되었습니다."
000673,NONE,NONE,NONE,NONE,fail,"-814-8950 | 피해 서늘한 곳 | 법:직사광선을 | 하얀 표면층이 발생할 수 있으 | 반품 및 교환장소:구입처 및 제조원 | 후 보관하시고 유통기한내 드 시T바를 | 새우 | 품은 계란,메밀,땅콩,고등어, | 아 토마토,아황산류,호두.닭소기,쇠 | 11399 | -03 | 조개류(굴, 전복,홍합포함),잣을 사용한 | 제조시설에서 제조하고 있습니다. | 정거래위원회 고시 소비자분쟁해결기준 | 한 또는환불을 받으실 수 있습니다 | 하얀 표면층 | 0- | 래위원회 고시 소비자분쟁해결기준 | 씨설에서 제조하고 있습니다. | 류(굴,전복, | 끝 | 보관 | 목 | 타나는 | 한불을 받으실 수 있습니다 | 0- | Yㅁ | 1399 | 교환 | 층이 | 목 | 구음 | 발생할수 | 피해 서늘 | 0 | 이 | F> | 합포 | 우 | Hnon도o | 움 | IR. | F | 우쇠 | 조 | 용 | 후 | 봉 | 걷을다 | 습 | 심입 | 특IY H이피 | 한구 | 의기 | 포 | K | 땅산홍 | 연연터터 | 유 | ) | 1 | 디Y | 을 | 이 | 극게 | 공 | 표 | 후은 | 법 | 하 | 품 | 행90백ㄱ | 연위연제위연정연정추 | 814-8950 | 법:직사광성을 피해 서늘한 곳 | 이 | 하얀 표면층이 발생할 수 있으 | 어 나타남는 현상으로 안심하고 드 셔도 | 반품 및 교환장소:구입처 및 제조원 | 80-200-3222午：号享 | 후 보관하시고 유통기한내 드 시 바랍 | 우 | 사 | 품은 계란,메밀,땅콩,고등어, | 소 | 아 토마토,아황산류, 호두,닭소기. | 을 사용힌 | 초개류(굴.전복,홍합포함),잣을 | 제조시설에서 제조하고 있습니다. | 공정거래위원회 고시 소비자분쟁해결기준 | 또는 환불을 받으실 수 있습니다. | 11399 | -814-8950 | 피해 서늘한 곳 | :직사광선을 | 법:2 | 하얀 표면층이 발생할 수 있으 | 어 나타나는 현상으로 안심하고 드셔도 | 반품 및 교환장소:구입처 및 제조원 | 2·주의사항:개봉후 님 | 80-200-3222 | 유통기한내 드시1바람 | 새우 | 후 보관하시고 우 | 품은 계란,메밀,땅콩,고등어, | 아 토마토,아황산류,호두.닭소기,쇠 | 을 사용한 | 조개류(굴,전복,홍합포함),잣을 | 제조시설에서 제조하고 있습니다. | 공정거랜위원회 고시 소비자분쟁해결기준 | 환 또는 환불을 받으실 수 있습니다. | 11399"
000674,2026,06,02,2026-06-02,s1,연미 BIo | 귀리 | Oats | 백미 | White | 난소화성밀 | 단백질11 | 희원 | （190g7 | 26.06.02 | 소비 | 기한 | 까지 | LT5
000675,2028,06,03,2028-06-03,s1,사골육수 | 음의 갚고담이 | CRL523B 11:01 | 03-06-2028 | % | %060兰 | BYOC
000676,2026,06,10,2026-06-10,s1,2026.06.10  04:46:13L1
000677,2027,08,17,2027-08-17,s1,조리 | 4분 | 2027.08.17 | 까지 | e | 수#멸치국수#비빙국수 | 800kcal)
000678,2026,07,24,2026-07-24,s1,"명반나트륨), | 정제소금,가수문 | 옥수수,밀),탄산나트륨,향소 | 말, s | 효모추출물, | 변성전분,5'리 | 티드이나트륨, | 물,카라멜색소|,초산 | 추추출물 | 밀,우유,대두,토 | 폴리에틸렌(내포장) | LONE | 원 | N1409 | 노ECY과실천 | 는 모두 이마트의 | 2026.7.24 | J210"
000679,2027,09,17,2027-09-17,s1,주의사항 | 하십시오. | 당전을 피하지고 실온에 보관 | 제조원 | 연암율금로 42/ | 080）225-1383 | 전문 | （号）/（02）380-5678 | 번호 | 20090449018240 | 및 교환처:구입처 및 제조원 | 소비기한 | 2027.09.17 | 까지 | 804645 | 006746
000680,2025,10,15,2025-10-15,s1,비닐류 | OTHER | 인민관4인중 | HACCP | 809117 | 021739 | 8 | 소비기한 | 2025.10.15 | 까지
000681,2026,01,09,2026-01-09,s1,V2 | 2026.01.09 11:251지1 | 운 | 게 맛있는
000682,2026,01,25,2026-01-25,s2,갈 | 그부드러운 | 2026.01.2512:421m11J1
000683,2026,03,11,2026-03-11,s1,Korean Style Beef Soup | 2026.03.11 A | 00105 090406 | 까지
000684,2026,03,23,2026-03-23,s1,2026.03.23 | 03815 193648 | 까지
000685,2026,05,28,2026-05-28,s1,2026.05.28B | 001261322 | 까지 | STE | 탕 | 우려내
000686,2025,10,03,2025-10-03,s2,영양정보 | 탄수화물 | 나트륨 | 600mg30% | 단백 | 引量40mg13% | 소비기한 | 제조일자 | 반품 및 교환처:구입처 및 제조원 | 우려가 있으니 섭취 시 주의하시기 바랍니다.-실조 | -조리방법:중간불에서 가열 조리 후 섭취 | 4.9 | 1（%）2000kcal0 | 81809148793278 | 2025.10.032025.10.12까지
000687,2025,10,17,2025-10-17,s1,개봉시 원 | 용도 | 냉 | 100% | 식품유형:포장육 |   | 803000317683 | 2025년 10월 17일 | 까지 | 한 | HACCP | 비닐류 | 냉장보관 | OTHER OTHER | 라벨:PP
000688,2025,11,10,2025-11-10,s1,gs | 이미지 사진 | 까지 | 2025.11.10 | 소비기한: | 년한계란
000689,2025,10,27,2025-10-27,s1,영양정 | 1일 영양성분 | 기준치에 대한 비를 | 총 내용량당 | 33% | ulbel | 三云660mg | 2% | 탈수화물 8g | 4% | 당류4g | 20% | 11g | 23% | 표지방 3.4g | 17% | 콜레스테롤 50mg | 22% | 단백질 12g | 열량에 따라 다를 수 있습니다. | 고객행복센터 | 080-850-1200 | 1666-5471（号） | 소중한 의견을 기다립니다 | 25.10.27 까지B
000690,2025,10,11,2025-10-11,s1,메가피자불고기버 | 2025.10.08.01시 부터 | 2025.10.11.22시 까지 | 880106892402222211 | 号/1/FC35 | Y표
000691,2026,09,22,2026-09-22,s1,GAERS | HKIERS | T | SNIGKERS | 자뉴' | 부터 | 25.09.23/07:31 | 까지 | 26.09.22/F3 | Milka | 갱 | 연.양 | 연 양캠
000692,2026,08,21,2026-08-21,s1,"9 | OTEIN | BAR | 1 단백질 | 호리온 | 유성 | 우유,땅 | 26.08.21 E | name"
000693,2026,09,01,2026-09-01,s1,"BCAA 2,000mg | 닥터유 프로 단백질바 크런치 70 | 온)닥터유PRO단백 | un | W2.700 | 16 | Post | 애너지바기 | 부터 | 25.09.02/04:33 | 까지 | 26.09.01/F3 | Ghama | Mika"
000694,NONE,NONE,NONE,NONE,fail,"착한 카카오 | 프로젝트 | 지속 가능한 상생을 위한 | SUSTAINABLE CACAO 사용 | 공 | 이륨 | ∞ | 연 | %% | 얀밝 | 폴리에틸렌 | 19690086003670 | 품목보고번호 | 코코아매스),코코아버터(외국산;말레이시아,싱가 | 가공유지I,코코아매스II(코코아빈;베네수엘라산) | 우유,대두 함유 | SUSTAINABLE CACAO사용 | 열,유통 중 변질품은 구입상점 및 본사에서 교환 | 얀 반점이 생길 수 있으나,인체에 무해하니 드셔도 괜찮 | 착한 카카오 | 밝은 마음 | 프로잭 | 롯데웰푸드 | 70g385kcal | 12%异38g38% | 15100% | 9% | 8801062636822 | %6 | %0065品五店 | OSAC CIUAI NRIAL IN | %% | 장렛.양으 | .연배  | 루이륨 | 15100% | 12%异38g38% | 70g385kcal | 밝은 마음 | 얀 반점이 생길 수 있으나,인체에 무해하니 드셔도 괜찮 | 유통 중 변질품은 구입상정 및 본사에서 교환 | 롯데웰푸드 | 19690086003670 | ∞ | 801062636822 | 폴리에틸렌 | 곡산;말레이시아,싱 | 우유,대두 함유 | \,돼지고기 | SUSNC CAIURI NREALIN | 착한 카카오 | 프로젝트 | 지속 가능한 상생을 위한 | SUSTAINABLE-CACAO 사용 | 장.으 | 228929m | 2901 | %8688兰 | 제 | % | 얀 | 밝 | 1 | A00 | 착한 카카오 | 프로젝트 | 지속 가능한 상생을 위한 | SUSTAINABLE CACAO 사용 | %68 | %0016品五 | %4 | 밝"
000695,2027,09,09,2027-09-09,clahe,03 | 2027.09.09 | 까지 | 리
000696,2025,10,28,2025-10-28,s1,"오.-조로 작후는 거용물이 뜨거우니 섭취 시 주의 | 뜨거운 들기 | 수 있으니 주의하십시오.-간혹 | 주의 | 주십시오.-제품의 특성상 고기의 | 류,호두,오칭어,초개류(굴,전복,홍합),잣을' | I서 제조하고 있습니다.'-부정·불량식품 | 2025.10.28까지"
000697,2025,10,07,2025-10-07,s1,2025.10.07 15 | 1파지B3S | 6ZM
000698,NONE,NONE,NONE,NONE,fail,"10.12 R1435 | 낮아진 | 당 함량 | 12 | 20%00WN | *식약처 평균값 대비 | CHU아상컵당,아연함 | 7 | THU상컵당,.아연함ㅠ | ·식약처 평균값 대비 | 12R1435 | 04241373 | 여 | 함 | o이. | 04241373 | kO | 10.12 R1435 | 낮아진 | 당 함량 | 20%D0Wm | ·식약처 평균값대비 | U아상생당,아연함/ | 10.12 R1435 | 낮아진 | 당 함량 | 20%00WN | ·식약처 평균값 대비 | CU0상컵당,아연함"
000699,NONE,NONE,NONE,NONE,fail,"차모찌리도 | 2025 | 809720 | 822525 | 폰즈,와사비 미 포함 | 차모찌리 | 2025 | 폰즈,와사비 미포함 | 809720 | 822525 | 9CR | ab | 8 | U9CR | 차모찌리도 | 2025 | 809720 | 822525 | 폰즈,와사비미포함 | 차모찌리도 | 2025 | – | 822525 | 809720 | 8 | 폰즈,와사비 미포함"
000700,2025,10,24,2025-10-24,s1,0뚝 | 표 | 2025.10.24까지.F3 | -
000701,2025,10,05,2025-10-05,s1,나25.10.05까지8전동하 | 300 | 원
000702,2025,10,09,2025-10-09,s1,미 | 25.10.09까지.B2.F2
000703,2026,01,25,2026-01-25,s1,흔들어 | 드세요! | 소비기한 | 2026.01.25 16:468 | 부담 없이 맛있는 초코우유
000704,2026,07,29,2026-07-29,s1,"나T,리 | 안심하고 드십시오. | ：080-024-2311 | 9까지 | 2026.07.29 | 16:11"
000705,2026,06,29,2026-06-29,s1, 실은에 과시고개봉 후는잘밀통여냉장보만 하신시오 | 특성상 분리상이 발생될 수있으나제층는 이상이 없니 | 개봉 | 고드서도될 다·사용 직전층분히흐들에세사용하시기바랍 | 냉장보문 | 卫检08090-333 | 소색기한 | 2026.06.29까지 | 김상규 B
000706,2026,03,11,2026-03-11,s1,를 열고 스프를 꺼낸 후 (2) 불고기맛 스프의 양을 | 기호에 맞게 넣습니다 | 먹기 알맞게 부습니다. | 2026.03.11까지 | 0235B081 | 8801045560038 | 영양정보 | LIE号810mg | 41% | 탄수
000707,2026,08,19,2026-08-19,s1,2026.08.19B
000708,2025,09,18,2025-09-18,s1,2025.09.18까지 | 6B2喜4
000709,2025,10,14,2025-10-14,s1,제일제방 | 모 | 행복 | 특한 | 샐러드처럼 | 오리엔탈 드 | 가볍게 즐기세요! | 25.10.14 | MR10 | 조리에
000710,2025,10,14,2025-10-14,s1,더블황치즈 | 아메리간쿠- | 16종의스티커와 | 2025.10.14까지.F3 | 1.9g | 저당
000711,2025,10,09,2025-10-09,s1,간 년 | 연중무휴 | 국밥 | 얼콘 | 순살감자탕 | ㅇ밥 | 소비el | 2025.10.09 | 까지 | OTHER | 809011 | 836361
000712,2025,11,20,2025-11-20,s1,"햄계란 | 새로 비버먹는 | 케찬반 | Unbe | 연출된 예 | 소비기한 | 2025.11.20 | 까지 | 809011 | 836736 | 4,900 | 원 | 중앙닭강정)오리지널떡볶이 | 809267021634"
000713,2025,10,23,2025-10-23,s1,민:다이닝 | 일식끝판왕 장호준 세프의 | & | 일본식함박커리 | 소비기한 | 2025.10.23 | 까지 | OTHER | 8809056561815
000714,2026,03,12,2026-03-12,s1,"KF | 소비기한 (일,월, 년) | 12.3.2026"
000715,2026,06,26,2026-06-26,clahe,2실수 있비> | 24ZK | 영양정보 | 三量130mg7%个封量34g10%弄20208 | 비닐류 | 三人0g#都天#960% | 10g19% | 量0mg0%4g7% | THER | 성분 기 대한(은 20 | EXP:26/06-2026
000716,2025,11,07,2025-11-07,s1,억어도 꿀맷 | 2025/11/07B1 | 영양정보 | 총내용량 당 | 1일영양성분기준지 | 나트륨 | 72mg
000717,NONE,NONE,NONE,NONE,fail,Maeil | Enioy Yogurt | 언요 | Maeil | Enjoy Yogur | OR | Maeil | Enioy Yogurt | Maeil | R | 게 | Enioy Yogurt
000718,2026,01,17,2026-01-17,s1,2026.01.17 | 제품명 | AMYANG | 원료명
000719,2026,04,04,2026-04-04,s1,2026.04.04 1 | 10277101:57LJH | Shake it! | 흔들어 드세요!
000720,2026,02,28,2026-02-28,s1,F2H16:37 | 2026.02.28 | B-GLUCAN | 700mg | 놀라운 맛을 위해 흔들어 주세요 | 어메이징 오트 오리지널
000721,2026,12,17,2026-12-17,s1,GS23 | 2026.12.17 | 핫초코 | ORIGINAL | 하나. | 네덜란드와 인도네시아산 코코아 | 울더로 더욱 진하고 달콤한 맛 | 따뜻한 물만 있으면 남녀노소 누구나 | 좋아하는 깊은 풍미의 핫초코 | 스틱 포장으로 언제 어디서나 | 즐길 수 있는 간편함 | 영양정보 | 200g(20gX10） | 1(20g）85kcal | L三喜50mg3% | 全量量16g5%号11g11%
000722,NONE,NONE,NONE,NONE,fail,
000723,NONE,NONE,NONE,NONE,fail,상단의 링는피오일입니는 | 제조원퇴 | 상단의 링 | 이며 | 제스일며 | 90 | AT | 상단의 링모입 | 제조웨통레 | 26.050 | 상단의 링는오실입니 | 제칠성음 | 제조원투
000724,2026,05,20,2026-05-20,s1,<c25헤택가 | 26.05.20까지13:49
000725,2026,04,16,2026-04-16,s1,26.04.16까지 09:20
000726,2026,09,16,2026-09-16,rot90,2026.09.1603
000727,NONE,NONE,NONE,NONE,fail,"간편하게 뜰우세요! | EASY CUT! | RKK4T | 까지 | 사골로만 고아 | 준) | 하고 맛있게 | ,쇠고기미역국 | 전자레인지 이용시 | 5분 | 전자레인지용 용기에 부은 후 | 전자레인지용 덮개 또는 별을 | 씌워5분 | （700 | I,쇠고기미역국 | 하고 맛있게 | 준) | 사골로만 고아 | 전자레인지 이용시 | 700W | 전자레인지용 덮개 또는 벌을 | 전자레인지용 용기에 부은 후 | 간편하게 뜰우세요! | IEASY CUT! | RKK4T | 불 | BAAET | TSUCSL  | 흐금이융 융무위러무터 | l상융l이|지이러지 | 신매미ㅣ | Hoㄷ{금Y | 준 | 골S | 작삼융이지ㅔ이러지지 | 미다 | (골 | Hoㄴ금륨Y | |Y | CSTCSL   | 간편하게 뜯우세요! | EASY CUT | RKK4T | 까지 | 사골로만 고아 | 준) | 하고 맛있게 | ,쇠고기미역국 | 전자레인지 이용시 | 전자레인지용 용기에 부은 후 | 5분 | 전자레인지용 덮개 또는 별을 | 700 | 간편하게 뜰우세요! | EASY CUT | RKK4T | 까지 | 사골로만 고아 | 준) | 하고 맛있게 | ,쇠고기미역국 | 전자레인지 이용시 | 전자레인지용 용기에 부은 후 | 5분 | 전자레인지용 덮개 또는 별을 | 씌워 | 5号（700W）"
000728,2026,06,24,2026-06-24,s1,2026.06.24
000729,2026,01,07,2026-01-07,s1,"1장국 | 소비기한 | 2026,01.07 | 04:55 | 3A] | 까지 | 사골 육수와 들기름으로 | 맛을 낸 구수한 국물 | 한 번 볶아내 | 고소한 황태 | 두부를 더해 | 부드러운 식감 | 태듬뿐해장국 조리방법"
000730,NONE,NONE,NONE,NONE,fail,
000731,2026,03,08,2026-03-08,clahe,2026.03.08#H | 21850090336
000732,NONE,NONE,NONE,NONE,fail,트르르 로로크로토 | 느그르는. 그르.오는 파지 | 원 주 트가스 림 절 수 프트크는 | 우유추 트징
000733,2026,03,24,2026-03-24,s2,모든 날이 빛날거마 | 2026.03.24까지.0244 804
000734,2025,10,28,2025-10-28,s1,080-855-55257GSTHEFRESH080-345-T700 | 총내용 | 당류 0 | 3% | 1g0.2% | 포화지방2.5 | 트랜스지방 0 g | 4g 7% | 196m | 6g11% | mg 5% | 리얼프라이스는 가격과 품질의 합리적 | 809117 | 022323 | 2025.10.28까지!
000735,2027,01,12,2027-01-12,s1,"영양정보 | 风0g0%量0mg0%0g0% | ：00：485g | ·식품유형·당류가공품·소비기한·별도표기일까지 | ：201404874877：（） | 비을배당체,나한과추출분말(중국산)·포장재질·응기- | 폴리에틸렌테레프탈레이트,뚜껑-폴리프로필렌 | 2027.01.12.H | 개봉 후 벌레 등이 들어가 오염될 수 있으므로, | 사용후 뚜껑을닫아 서늘한곳에 보관하세요. | 있으니,사용후잘 닦아뚜껑을닫아주세요. | 보관중침전이생길수있나,알로스 | 02-6747-2300"
000736,2025,12,17,2025-12-17,s1,품명 | 오/늘/은 말차 | 식품유형 | 고형차 | 중량 | 장재질 | 폴리에틸렌 | 100g | 품목보고번호 | 원및 판매원 | 200906311472 | 064-787-2254www.onulun.com | 소비자 상담실 | 장 주의사항 직사광선을 피하고 건냉한 곳에 보관하십시오. | 기한:제품의 별도표기일까지 | 2025.12.17
000737,2026,03,04,2026-03-04,s1,내용량 | 소비기한 | 에리스리 | ：202302811574 | ：032-873-2272 | 139 | 서늘한 곳에 보관하세요.보관 중 침전물이 생길 수 있나알스 | 있으니사용 후잘닦아주세요. | sugar | HACCP | FREE | 809668 | 040258 | 까지 | 소비기한2026.03.04
000738,2026,02,12,2026-02-12,s1,100%) | Best before | 모비기한 | 2026.02.12까지(B) | 구매처 | 09:27:05 | 땅콩 | 함유 | *개봉 후빠른 시일내에 섭취해주세요! | 슈페너츠 | 908 | 유리 | 공식편체와 | 460g | 다양한 해택를 | 파인하세요! | 품질 보증이 불가합니다. | lool- | HACCP | Reanuts
000739,2024,08,07,2024-08-07,s1,"EA4 | 2023.08.08 | 2024.08.07 11:00까지 | 대두,밀, 조개류바지락 함유 | 9일 | ：1991045804787 | 08-850-100/166-5471/.c | 450g5kcal | 영양정보 | 당류 8g 8% | 7g13% | 4三号4.070mg204% | 号 17g5% | 13g24% | g1.1g7%mg0% | 따라 다를 수 있습니다."
000740,2026,07,23,2026-07-23,s1,2026.07.23 | 커 | The | 본 제품은 더플랜잇의 데이터 기반 | PlantEat | 푸드테크가 적용되었습니다 | 영양정보 | 45g | 자 | 200kcal | 리에틸렌(내면) | 1일 영양성분 | 총 내용량당 | 기준치에 대한 비율 | 13% | LIE号265mg | 10% | 탄수화물 31 g | 10%
000741,2025,12,03,2025-12-03,s1,25.08.04제조 | 제주 | Pulmuone | 25.12.03까지 | 햇마늘 | 햇 | 국산 | 무원 | 다진마
000742,2026,05,01,2026-05-01,s2,88:34 2号ERC17S | 2026:05.01광AL Q01087
000743,2026,11,16,2026-11-16,s1,"1544-4307 | 지물배농장, 강원도 홍천군 내 | 138182告 | 4원 (주)컨비니,서울특별시 강 | 립돌배(국내산)60%,유기농 | R조일로부터 24개월 | 2018041201011 | 500ml | 병에 컨비니 돌배발효액 | 이나 | ?026.11.16 | 유리"
000744,2027,08,18,2027-08-18,s1,"290g2010037817447 | 원재료명 | ）100% | 슬로패밀리 경기도 양평군 단월면 | 제조원 | 922-8/031-774-5714 | 보관방법 | 실온보관,개봉 후 냉장보관 | 원액과 음용수를1:8또는기호에맞게 | 음용법 | 금공법 | 희석해서 다양한 음료로 드십시오 | 포장재질 용기(유리),뚜껑(PS), 속마개(HDPE) | 반품 및 교환 구입처 또는 본사 | 소비기한2027.08.18 까지 | 뚜껑:PS | 속마개:HDPE | 본 제품은 공정거래위원회고시 소비자피해보상 | 규정에 의거 교환 또는 보상받으실 수 있습니다."
000745,2026,01,10,2026-01-10,s1,-° | 체다 고다 | 모짜렐라| 크림치 | 540Kcal60%25% | 소비. | 26.01.10T 1 | 까지 | 기한
000746,2026,06,23,2026-06-23,s1,2026.06.23까지
000747,2026,06,22,2026-06-22,s1,"섭취시설사를일으킬수있으며,용기는가열조리용으로사용불기가합니다 | ※뚜껑을 처음 열때 뱅소리'가 나야 정상제품입니다. | 소비기한 | 2026.06.22 | 16:59 | 까지"
000748,2027,01,22,2027-01-22,s1,"100%EH | 우리쌀 | 고추장 | 소비기한 | 2027.01.2214:25 | 8""8"
000749,NONE,NONE,NONE,NONE,fail,"의 맛을 살린 | 엇국 | d Pollock Soup | MUJI EDJ | [10g(32kcal)X57H] | | 끊인 해장국입니 | 사규하게 | [10g(32kcal)X5H] | d Pollock Soup | 엇국 | 의 맛을 살린 | 깜끄하게 끊인 해장국입니 |  MUJI EJJ | o | 승돈패우 ㅎ표두더우따 ㄷ | [PSTKXCST,] | 작면면매터 | 논F | [PST/XSE) ] | oil [ | 논F | P6D리 가지스크 | 의 맛을 살린 | 엇국 | d Pollock Soup | [10g（32kcal)X5H】MUJI無印 | | 맛을 살린 | 엇국 | ed Pollock Soup | MUJ EJJ | [10g(32kcal)X57H] | 해장국입니 | 채 | 코 L브 | 까꾸하게 | 끝이 | |"
000750,2026,01,06,2026-01-06,s1,"조미유를 잘 비벼 | 분 더 끊입니다. | 조리법 | 소하고 진한 | 게리 | 3""801043""015226 | 2026.01.06까지 | 2090143 | 볶음요리에→ | 올리브와 | 영양정도 | 기준이므로 개인의 필요 열량에 때 | 11g20%162 | 8g53% | 7g7%20037 | 1일 영양성분 기준치에대한 | L号1,100mg55% | 800 | 1000 | 수전년 | 1200 | 나소스 등의 재료로 많이지 | 서양에서는 샐러드요리나 | 니다.특히,다른 식물성 | 동안 인류에게 애용되 | 1100m | 1400 | 아게"
000751,2025,05,08,2025-05-08,s1,8고객상담실 | 80019-9119） | 플라리스틱 | DAESANG | ne | 소비자실 | OTHER | 활용합시다. | https://www.daesang.com | 한 환경 | https://www.jungoneshop.com | 2025.05.08 | 까지 | 11:05
000752,2020,07,19,2020-07-19,s1,"mg,제날레프린영산염(P)-10m로 | -50 | 니라민레산염(P)-25m,인무 | 量P）300mg风：全理 | →트르산나트륨수물,시트르산수화를물,오연 | 19, | 1수 프락토올리고당,프로필런글리콜[성생) 미황 | 연노랑)의 투명한 액제[효능·효과 감기 제장상 | (여러 증상)][곳물,코막힘, 재채기,인휘목구멍통 | 기침,가래,오한춤고떨리는증상),발열,두통, | 전통,근육통]의 완화 | 제조번호/사용기한(연,월.일) | 20460/20.07.19"
000753,NONE,NONE,NONE,NONE,fail,"1:1. | 카레 약간매운맛 | ""더 맛있고 잘 녹는 | SI BEKSE CURRY MEDIUM | 오뚜기백세카레는 강황 함 | 로즈마리,월계수잎 등을 잘 | 밥 위에 얹어내면 완성됩니다. | 182 | 소비기한 | 号12%31.9 | I BEKSE CURRY MEDIUM | 카레약간매운맛 | 민,훼누 | 목보고번호 | 그비과지 | 오뚜기백세카레는 강황 함 | ""더 맛있고 잘 녹는 | 2소비기한 | 을 | Tㅇ | t | Y이름 | 0 | PLA | 14:12 | 카레 약간매운맛 | ""더 맛있고 잘 녹는 | SI BEKSE CURRY MEDIUM | 오뚜기백세카레는 강황 함 | 로즈마리,월계수잎등을잘 | 물을고가하니다 | 2을악하게한카를조금 | 밥위에 얹어내면 완성됩니다. | 5182 | |소비기한 상 | 号12%31.95 | . | 카레약간매운맛 | '더 맛있고 잘 녹는 | SI BEKSE CURRY MEDIUM | 오뚜기백세카레는 강황 함 | 로즈마리,월계수잎 등을 잘 | 재료(4인분) | 들을고재가전지입니다 | 을약하게카를조금씨 | 목보고번호 | 밥 위에 얹어내면 완성됩니다. | 밀:미국산/호주산) | 20010445055182 | 쿠민,훼누그릭 웨널'로즈 | 유(말레이시아산) | 덱스트린 키 | 토마토부 | 소비기한 | 12%31.95"
000754,2026,05,24,2026-05-24,s1,"2%1.2% |  정제소금(해수:국산 | 손쉬운 앱빙구시다 요리법 | 아레르기 | 대두,밀 | 의 | 먼저간 | 개등 각종 요리시 | 기전끝는 물에 | 닭고기최 | 사용한 제품과 같 | 본 제품은 공정거 위 | 마 아황산류,  | 의사항 | 분쟁해결기에거 | 대해 교환 및 환불 해드니다 | 직사광선을 피하고서늘한 곳에보관하여주십시오. | 관방법 | 033-462-5050 /www.bukseorak.com | 2객센터 | orwer pendingo your cals . | 8809093047273 | OTHER | +1213747775www.wltarusa.om | 소비기한(BEST BEFORE) | 2026.05.24까지"
000755,2026,04,30,2026-04-30,s1,wink | Chupd | Chips | 1+1 | 소비기한 | 2026.4.30 | B5202270517 | 영양정보 | 제품명 | 카라파키 산리오캐릭터즈 초콜릿 | 식품유형 | 내용 | 초콜릿가공품소비기한별도표기일까지(연월. | 수입원
000756,2027,02,24,2027-02-24,s1,0 g | 0g | 0% | 0g | 0mg | 0% | 콜레스테롤 | 0% | 단백질 | 0 | 2027.02.24 | 까지 | H26 | 비닐류
000757,NONE,10,22,NONE-10-22,s1,고단백 | 고단백 | 2 | 12 | 2+1 | 2+7 | .1600 | 소비기한 | 10.22 F1 V3JB1 | 까지 | 여는곳 | youus | 춘식이우유 | 1등급 | 바나나 | 원유
000758,2026,03,11,2026-03-11,s1,2026.03.11 | 까지 | A23:05 | 신다게 흔들고! 단백질 충전!
000759,2026,05,14,2026-05-14,s1,"자몽항하 | 마색소안토시아닌! | 물할있으다 | 뒤집었다가 드십시오, 제품에 | 미늄 뚜 개봉시주의 본 제품은 | 2과또는 상받을 수있습니다. | 2026/05/14 | 10:48 | G | LAB1047-3"
000760,NONE,NONE,NONE,NONE,fail,"제품명 요플레 오리지널 |품목복보고변호 | 낮아진 | 당 함량 | 20%DOWN | CFU 이상/컵당 | ·개봉후에는 반드시 | 20%DOWN | NMO0%0 | ,NMO0%0 | 릎영 | :- | 제품명 요플레 오리지 | |품몸보고면 | 낮아진 | 당 함량 | 20%DOWN* | CFU 이상 | ·개봉후에는 반드 | 품몸보고번호 | 제품명 요플레 오리지널 | SUGAR | OWER | 업소명및소재지(그, | 낮아진 | 당 함량 | ㅇ비Ö | . | 20%DOWN | 80.64%（ | 변성전분,향료, 올리고 | . | 설팅 | ㅇ | (변성전분,덱스트큰 | o | CFU 이상/컵당) | ·개봉후에는 반드ㅅ"
000761,NONE,NONE,NONE,NONE,fail,"콜레스테롤 30 | 0-022-0056 | 기로배출 | ………… | 기로 배출 | 00 | … | r | … ! ""…! | 콜레스테롤30m | 022-0056 | 영양성부 | 기로배줄 | 11.110PF1 | 클레스테롤30m | 913%16 | 객장보관하거나,빨리 드세요 | 1일 영양성분 기 | 기준이므로개인이  | 080-022-0056 | 게기로 배출 | ……… | .. ..."
000762,2026,08,02,2026-08-02,s1,크 버터쿠키 | 리스 | élice | itter Cookies | 1000 | 20260802 | 바삭한 식감 | CRISP. | 풍부한 | BUT
000763,NONE,NONE,NONE,NONE,fail,"含240ml195kcal | 240mL195kcal | 위해 | #뜬먹 | 98%27g27% | 원유78%,미론 | 4.5g30% | 농축과집고형분 | 96g11% | 65%)0.1% | 2000kcal | 수있습니다 | 11.12 | 농추구집고형분 | 2978%喝 | 65%0.1% | 240mL/195kca | / | %0%9 | EY000Z | ‘%8/ | %00S | 8 | 倍240mL195kcal | 240mL195kcal | 위해 | 798%27g27% | 원유78%,메론 | 4.5g30% | 농과집(고형분 | 6g11% | 65%)0.1% | 2.000kca | 수있습니다 | 11.12 | 05,시F | EF""트 | 위해 | 品240mL195kcal | 240mL(195kcal | #뜬익 | 7g8%27g27% | 원유78%,매론 | 4.5g30% | 농과집고형분 | 96g11% | 65%)0.1% | 2000kca | 수 있습니다 | 11.12m | -"
000764,NONE,NONE,NONE,NONE,fail,"SDIYA | 0 | 01""21 | 2025.65.12 | 달콤한 두유 | 달콤한두유 | N | 0 | - | 01:21 | 2026.63.12 | 달콤한두유 | 지밀 | IDIYI | 01""21 | 2025.65.12 | 달콤한 두유 | 지밀"
000765,NONE,NONE,NONE,NONE,fail,
000766,2026,09,24,2026-09-24,s1,Best before/Batch: | 24 09 26 02 18 | L5175G2 087431 | Shake well before serving.Once | opened keep inthe tidge and | consume within 3 days
000767,NONE,NONE,NONE,NONE,fail,COCO | ZERO | CO | ZERO | CO | 3 | U | ZING | BPRO | COCO | ZERO | COCO | ZERO | 2126.03.1
000768,2026,06,26,2026-06-26,clahe,20260626 B005
000769,2026,12,10,2026-12-10,s1,EAP:2026.12.10 00FIF11
000770,NONE,NONE,NONE,NONE,fail,"HEWOVSER | 9412030 | LOTNO, | 94-2030 | HEWONE | etb | BSOMEH | HEWONSEBS | LOTNO, | 9412039 | HEWOVSEE | LOTNO, | 제조 | 9412030 | EXPIRYDATE | 사용기"
000771,NONE,NONE,NONE,NONE,fail,"교로라핑의 | 2+1 | ¥2.800 | 12.1-12.31 | 세APP | 쓰육보관 | 2 | SAMOS | 12000m | 1.000 | ot이lA | 이이져 | 당 | 딸기소다 | 5148206 | 2+1 | 1.000 | 12.1-12.31 | 2+Z | n | 0281150 | 000* | 0007 | D | CNS | ddv | 2+Z | UJWEDe | 2로리핑의 | 밀했디 | [Uabe] | [une | na | 2+1 | #2,800 | 12.1-12.31 | 세APP | 복보관 | SAMOE | ab | 자mcitcg | 2000 | 1.000 | 아이a | doa | 아이져 | 22 | 무설당캔디 | 모로리질의 | S밀M지 | l] | 189739388172 | 딸기소다 | 으트리피비원기 | 2+1 | W2.800 | 12.1-12.31 | 세븐APP | 쏘옥보관 | SMO의 | 번지ttg | 172000m | 1.000 | 0205148206 | 아이서 | 아이져 | 이이져"
000772,NONE,12,20,NONE-12-20,s1,"교차 | 매일)두유검은콩 | 고단백 | 고단백 | 정식품)고단백 | 190ml | 190ml | 2.800 | 12 | 12 | 33.200 | 고단보 | 21.400m | 2 1,6002 | 8801121025710 | 8801033808913 | 88010338 | 12.20.10:0747F5 | 유통 | Dwz | 까지 | 기한 | 향상사랑해 | 후레쉬 | 감사합니다 | 서울우유 | 밀크 | 100%FreshMilk"
000773,NONE,12,10,NONE-12-10,s1,"교차 | 교차 | 정식품)고단백 | 고단백 | 정식품)베지밀 | 정식 | 190ml | 190ml | 검은콩두 | 373.200 | 33.200 | 3개? | 12: | 21.600 | 21.600 | 1,6 | 8801033807893 | 신번말의기준 | 후레수 | 까지 | 12.10.14:30 | -- | 크 | 까지 | 11.28.14#30 | sh MiK | 신선함의 | 서울우유 | 기준, | 제조일자 | 확인하세요 | 재활용 일반팩류 | '내편을 여십시오 | 입구부분은별도로 | 저지방 | 분리하지 않으셔도 됩니다."
000774,2026,02,08,2026-02-08,s1,"연바날라함 | 로즈버드 | (원두:브라질산) | 말(커피원두 | 화제3 | 절제,잔탄검 | 천연비 | 설픔칼륨(미료) | 고카페인함유,총카페인 함량78mg | 801069422317 | 26.02.08 | 08134.B | 까지"
000775,2017,12,05,2017-12-05,clahe,"880112 | 5.12.17 | 절취선 | 코 | 간편하게! | 커피를 | 탐지분 | CMC | 요 | 숭아향. | 각미료 | 유와제 2종 | 소수지, | la | (용기) | 플리에릴렌(두평) | 수 있으니 | /반드시 일용 | m | 청양군 청남면 막골길7"
000776,2026,01,09,2026-01-09,s1,BARISTA | Rules | 바리스타스 | 2026.01.09 | 까 | 04:53F5 0
000777,NONE,NONE,NONE,NONE,fail,"황색제4호 | drate 6g | 2% | (우하리재) | 0% | (2b) | Fiber 0g | 두함유 | [n l | gan 5g | ·내포장재 | 10% | 을피하고온도 | des 5g Added Sugars | 교환장소구입 | w4.000 | 위원회고시소비자분성에 | 0% | Calcium11mg 0% | 교환 또는 보상받을 수있습니다. | 139 | Potas. 34mg 0% | ：080-215-980（ | vouhow much a nuttient in | 영양정보 | 132 | 100g559kcal | 1일명당 | LE号42.8mg | 号599 | uc, MILK | 弄53.69 | 54% | INCENTRATE, SOY LECITHIN (AN | 33.79 | 62% | ), NATURAL AND ARTIFICIAL | PPERMINT OIL, COLORS ADDED | 트랜스지방09 | AKE, BLUE 1 LAKE). | 03% | UCT CONTAINS MILK AND SOY. | 콜레스테를2mg | 19% | 단백질59 | 9% | K26560-14C23-F | 소비기한: | 202603 | ANDES CANDIESI | DVANWI11 | ©TRI, LLC | www.tootsie.com | 10-26560-KORQ1PP | 트오일 | 제1호 | [Unab | 부정 | 100ga | 5 | 8 | JCT CONTAINS MILK AND SOY. | AKE, BLUE 1 LAKE). | PERMINT OIL, COLORS ADDED | NATURAL AND ARTIFICIAL | NCENTRATE, SOY LECITHIN AN | s5g Added Sugars | rate 6g | 1how much a nutientin | Potas. 34mg 0% | Calcium 11mg 0% | C,MILK | 14118600041 | 10-26560-KORQ1PP | www.tootsie.com | ©TRI,LLC | DELAVAN,WI53115USA | ANDES CANDIESI | 소비기한: | K26560-14C23-F | 콜레스테 | 영양정보 | 포화 | m | 수화물59 | fru | A | 号42.8mg | 2026 | 100g559kcal | 8132 | 수신자부 | m1 | 31 | DZEL | 77 | 방 | Y | CAY | 류 | 트 | 포 | 을 | %0 |  b, no | %0 bte'ser | SuebnS peppy Bg sa | Bg ayeur | dd | IR | ∞ | 9 | F | CIAV | S | abrR | %6 | bs | %1 | %EO | 60E | 60 | %79 | DLEE AY | %9 | %81 | b69 | 86000 | u wueunu e uonu houun | %0 bWte'sepo | %0 | M,00 | Kc | 0 | %00 | SuebnS peppy Bg s | %0 | BYE | () | %7 | Bg aeaup | drate 6g | 2% | (우해피제출) | 0% | (개l) | Foer 0g | n수  | gan 5g | 함유 | des 5g Added Sugars | 10% | 을 피하고 온도 | 교환장소:구입 | w4.00 | 위원회고시소비자분 | 0% | Calcium11mg0% | 교환 또는 보상받을 수 있습니다 | 부정 | 6 | • | Potas.34mg 0% | ：080-215-980 | wouhow much a nutient in | 영양정보 | 41329 | 100g559kcal | 100g | 1일명g | LE号42.8mg | 18% | Uc,MILK | 弄53.69 | 54% | ICENTRATE, SOY LECITHIN (AN | , NATURAL AND ARTIFICIAL | 33.7g | 62% | PERMINT OIL, COLORS ADDED | 트랜스지방09 | AKE, BLUE 1 LAKE). | 30.4 | 03% | JCT CONTAINS MILK AND SOY. | 콜레스테를2mg | 단백질59 | K26560-14C23 | 소비기한: | 202603 | ANDES CANDIESI' | DEVANWI53115US | ©TRI, LIC | www.tootsie.com | 10-26560-KORQ1PP | 색료식용색 소황색제4호 | 네민트오일 | 2% | (우위인재) | drate 6g | 크식요새청색제1호 | 0% | u(b) | Fiber 0g | 알루미두함유 | u수  | Igars 5g | ·내포장재 | 사장신 | 10% | 을 피하고 온도가낮은 곳·반들 | des 5g Added Sugars | 10 | 교환장소구입처은 구정가 | W4.000 | 위원회 고시 소비자분정내 | 교환 또는 보상받을 수있습니다정 | 0% | Calcium 11mg 0% | 1399 | Potas.34mg 0% | ：080-215-9800（ | Hn wou how much a nutrient in | 영양정보 | 132 | 100gg559kcal | 100g | 1일 명양기준 | L三号42.8mg | 59 | 18% | UC, MILK | 53.69 | 54% | INCENTRATE, SOY LECITHIN (AN | 33.7 | 62% | ),NATURAL AND ARTIFICIAL | 트랜스지방09 | PPERMINT OIL, COLORS ADDED | AKE, BLUE 1 LAKE). | 304 | 03% | JCT CONTAINS MILK AND SOY. | 콜레스테를 2mg | 1% | 단백질59 | 9% | O0Kca | a니다 | 5 | K26560-14C23-F | 소비기한: | 2026 03 | ANDES CANDIESI | DELAVAN,WI53115USA | ©TRI,LLC | www.tootsie.com | 비닐류 | 10-26560-KORQ1 PP"
000778,NONE,NONE,NONE,NONE,fail,연세우유 | 10 | 크림(이등특) | lotus | Biscoff | Nbe | () | Biscoff | Lotus | 2026 06 22 0 | 크림( 등-복) | 연세우유 | 100 | 8 | 양아투정 | 0 22 90 9202 | smo | 3 EE 키 모리IE | smo | 180 | 물이는 | 양하무지 | 9연세우유 | 크림이등-북 | 8 | () | mlel | e | lotus | 2026 0622 08 | Biscoff. | 연세우유 | 8 | 크림(미등복) | C | Nw전의을 | nlbel | 519 | lotus | 온은 1은 그글 ㄷ | Biscoff.
000779,2026,06,03,2026-06-03,s1,"￥000 | 리미티드 | 6),저지방코코아피 | 무소재지: | 시린,합성향료(바닐린향). | 신위면 진위서로63) | 알레르기정보:해이즐넷,우유대두함유 | ·판매원:매일유업(주)경기도 | 평택시 진위면 진위서로63 | ：1588-1539 | ·식품유형:과자 | 반품및교환:구입처 및수입원 | 산환원철,비타인터질산영 비타민B2엽 | 의거 교환또는 보상 | ·알레르기 정보:밀(글루텐),보리(글루텐) | 받을 수 있습니다 | 카 | 부정·불량식품 | 신고는국번없이 | 같은 제조시설에서 제조하고 있습니다. | 영양정보 | 원산지:캐나다 | 개봉필름:알루미능 | 52g267kcal | L三号125mg | 6%全量33.5g10% | 03 06 2026 | 4.79 | L234K07--- 83 15:37 | 트랜스지방0g | 量1.6mg1%3.8g | ·소비기한(일-월-년순 까지) | ·냉장보관을하지 마시고. | 10980080005 | 건조하고서늘한곳에보관"
000780,2026,04,27,2026-04-27,s1,1:일로 | 프로핑 | 이크페 | 20 | T-SELEC | HS | 19:06 | 2026:04.27 | 흔들어 주세요!
000781,2026,10,02,2026-10-02,s1,05:12 F5 91 | 2026.10.02
000782,NONE,12,19,NONE-12-19,clahe,12.19 D1758 | S | 요플레 | 0 | 5 | 로 살아서 장까지! | 캔수
000783,2025,12,21,2025-12-21,s1,ACTIVA | 저지방/딸기 | 25.12.21지 15sU20
000784,2037,05,22,2037-05-22,clahe,20370522 | 1455F
000785,2026,10,15,2026-10-15,clahe,OPEN→ | 2026.10.15 | 11134 F9 | COLD | BREW
000786,NONE,12,17,NONE-12-17,fail,"BHLES | DNLES | 2.0 | 까지 | . | OdWN | 1 | 신선함의 기준 | 서울우우 | 서울우유 | 제조일자를 확인하세요! | 서울우유 | 레조일자를 확인하세요! | 서울우우 | 신선함의 기준 | zmpo | ㅎㅎ롱IY | OdWN | 까지 | 영IY위어후 를GY류조E | C허류Y지 | 양ㅎ롱Y | 통한 | 유기 | 아ㅎ롱IFY | 양ㅎ롱IY | i영IY위어후 를GY루조IEY | 공C허류Y지 | zmpo | … | w | 12.17，1302F5 | 까 | pdl | 제조 | 12.05.1380231 | WZ | 일자 | 신선함의 기준 | 제조일자를 확인하세요! | 서울우 | 서울우유 | 1 | 2.0 | 까지 | OdWN | 1... | …… | 제조 | . | .""… | 1 | 일지 | 신선함의 기준 | 제조일자를 확인하세요! | )서울우우 | 서울우유"
000787,2026,04,09,2026-04-09,s1,국산원 | K | 소비기한 | 까지 | 2026.04.09 09:05 | 서울우유 | 저지방
000788,NONE,NONE,NONE,NONE,fail,빙그레 | 아나나앗 | 우유 | ….… | …………… | …… | !..… | …… | RZR | 6빙그레 | 아나나와 | 우유 | ·…   | 빙그레 | 아나나앗 | 우유 | ….… | ………… | ……
000789,NONE,NONE,NONE,NONE,fail,"2+1 | 2200 | 2.300 | 2300 | 2.300 | Unael | .b | 12.19 D1758 | 오플레 | 2200 | 1700 | [Unbel] | 0 | 23 | 2.3 | 독점개발 | to.l. | .. | "" | . | .. | . | 11 | 8 | 2+1 | 1+7 | 8 | 30 | 60 | . | 배 | …) | 1 | HAO | 0 | 85210 61 Z1 | 25 | MD | T0EE | ODEE | 2+7 | 2+1 | [Unbel | Unel | 12.19 D1758 | HC | M10 | S | 플레 | 60 | 특허 | #10-25784 | 2+1 | 신abl | 2250 | 2300 | 2300 | 2.300 | 700 | Unael | 12.19 D1758 | 00 | 플레 | 점개발 | 배H"
000790,NONE,01,02,NONE-01-02,s2,소비기한 | 01일까지(년월순) | 신고는 국번 | 제조회사 | formance | 원재료명 | 0100%の | 비타민B2우유함유 | L | 영양정보: | 총내용량81g | 309kcal | K | 1227mg61%g3%69%14g3% | EyB2) | 비닐류 | 424mg12%4.617mg | PP | < | 11100 | (28) | C | 1901550151289 | 4-0141 | A10 | g1.2g8%0g0%0g0% | New Taste New Happiness/www.neje.co.kr | 00 | D/
000791,NONE,NONE,NONE,NONE,fail,I'mReal1002 | I'mReal1002 | 1* | .1. | 굼리 | I'mReal100号 | I'mReal1002号
000792,2026,04,05,2026-04-05,s1,uabel | 1+1 | ARISI | 2026.04.05 | 1드: 4E D
000793,2026,05,06,2026-05-06,s1,NRI MAT | 2-1 | 2+7 | 1+1 | 1+1 | 양있는 | 매일우유 | F2 K 03:53 | 2026.05.06 | 흔들어드세요 | 언스위트
000794,2026,10,27,2026-10-27,s1,W2300 | 2026.10.27
000795,NONE,NONE,NONE,NONE,fail,Endak | SPICY | LEVEL | Enaak | ANTAR TOP | 오에스 | VIIS BSVL ROI | ndak | yppUE | SIANTAR TOP | HIGH TASTE SPECIAUST | GEMEE | Enaas | SPICY | LEVEL3 | yOpUE | ANTAR TOP | Endak | IANTAR TOP | IGH | - | LSITVIS3S 3SVLI | 오에스
000796,NONE,NONE,NONE,NONE,fail,SIANTAR TOP | HIGH TASTE SPECIAST | GEME | Enaa | DDU | IANTAR TOP | TASTES | EMY | fraan | 6 | MIGH | IANTAR TOP | Y | GEMSE
000797,2026,08,25,2026-08-25,s1,IANTAR | Tor | MAKANAN RINGAR | NOODLE SNAC | GEMEL | Enaak | Eetr | 25 08 2025 25 | 25 08 2026 A1 | Eat | CHICKEN | FLAVOUR | 아있 | Time
000798,NONE,NONE,NONE,NONE,fail,43 | 비요 | 비요 | 24 | 24 | 12.20 D1539 | 요플레 | 1000m | 1000 | 요플레 | 비요 | 2424 | 40. 40 | DD | AC | 2륨 | 비영IR | OIR | UOOL | HH | 2륨 | 독정개발 | 6510 0Z Z1 | 비영IR | 비OIR | cb | 비요 | 12.20 D1539 | 요플레 | 1000m | 더강한 이중캠 | 단백점 | 단백집 | 4Re | 40. | 40 | 43 | 비요뜨 | 비요뜨 | 24 | 12.20 D1539 | 요플레 | 1000 | 더강한 이중캡
000799,NONE,NONE,NONE,NONE,fail,12.20 D1539 | 요플레 | C | 요플 | f.. | .... | ... | ··· | … | .1 | · | 2륨 |  0'Z1 | 12.20 D1539 | 요플레 | 12.20 D1539 | HC | 요플레
000800,2026,08,12,2026-08-12,s1,"- | 데인 | 마일드로스트 | 동서이니카누아입드입 | ￥5.500 | #5.500 | w3,800 | 참재 | 농심 | 떡복이 | 이백면안 | 품질유지기한 | 2026.08.12 | 52257848 | 15:52"
000801,2026,03,25,2026-03-25,s1,2.800 | ARISIA | 2026.03.25 | 01:39 F1 | 2016 | EST | ORGANI | 황산류 호두 것을 사용한 제품과 | 있습니다.부정 불량식품신고:국빈 | 125ml | 14%12%1% | 0% | 00 | 00 | 유산? 발요액
000802,2026,07,03,2026-07-03,s1,"허니머스타드 | 2001044505534 | 포장재질 용기-폴리에틸렌(내면],뚜껑-폴리에틸렌 | /벤지식이섬유 잔탄검,겨자분겨자외국산캐 | 영양정보 | 265g | 나다.미국,우크라이나 등).향미유건조당밀 | 100g285kcal | 호소저 향신료 영양화제 대 | 대두계란함유 | 三号650mg33%日全号27g8% | @주식회사 오뚜기 | 号OCACNG128 | 异22g22%不19g35% | :일토아토우되지고기고기조개 | g4.6g31% | 혼입가능·소비자기본법에 따라 피해 보상· | 는국이 | 15mg5%1g2% | 광선을피해사한 곳에보관개봉후에는 | 200 | 인의 들요 열에 따라다를 수 있습니다. | 심시오·표준의번호 및 명칭SH20드레싱인증 | 203 | 0024-231） | 88010451176338 | 소비기한 | DN2 | 2026,07.03 | OTHER | 까지 | 09:15"
000803,2026,09,13,2026-09-13,s1,쌀56% | 함유 | Mil | CLASSIC | 2026/09/13 | 입안에서 사르르
000804,NONE,NONE,NONE,NONE,fail,블-랙 | EXP M9T | EXP | 랜 | - |  X |   | H2-\ | [Unbe] | 블-랙 | PRD M0E5 | EXF W9E7 | 블-랙 | D  | EF MT
000805,NONE,NONE,NONE,NONE,fail,"제조회사 | 설탕,포도당,물옛 | nance | 원재료명 | 비타민B2우유함유 | 총내용량81g | 영양정보: | 309kcal | EK | 비닐류 | /B2) | PP | 424mg12%4.617mg | LT<1 | New Taste New Happiness/www.neje.co.kr | ) | … | … | ① | 901550151289 | tnte | A10 | () | CU1 | ① | T< | /B2) | K | nance | 424mg2%4.617m | 영양정보: | New Taste New Happiness/www.neje.co.kr | 원재료명 | 제조회시 | () | 비타민B2우유함유 | 설탕,포도당,물엿,구연산나 | PTT | 1901550151289 | 309kcal | 총내용량81g | 비닐류 | (6(0) | R | dd | 68을해울 | B0K0 | X2 | “ | 4C그 | 기구0 | <>27 | ( | 6 | MNC-4£CT | 2 | 4C그 | 구74> | ……… | ( | 0 | (6(0) | <1>2 | dd | 68융 | 제조 | 유화제.유당영화갈들0.6%,성향료(자몽항)푸마르산나트름 | 설탕,포도당,둘 | iance | 원재료명 | 비타민B2 우유함유 | 총내용량81g | 영양정보: | 309kcal | m6% | EK | B2) | PP | 424mg12%|74.617mg | 일양성분지 비은므로인의필다를수있니 | 存礼工< | New Taste New Happiness /www.neje.co.kr | () | T—I | ① | ① | 4901550151289 | CO | A1o | 제조회사 | 181.54%, | 설탕,포도당,물엿,구연산 | 원재료명 | rance | 우유함유 | 비타민B2 | go | 총내용량81g | 영양정보: | 309kcal | '비닐류 | EK | %% | /B2) | PP | 424mg12%|74.617mg | 일성분지한기이므로는필요따다를수있니다 | UT<t | New Taste New Happiness /www.neje.co.kr | ()) | ) | * | ① | NCL | 4 | ""901550151289 | 95 | A10"
000806,2016,02,10,2016-02-10,s1,3 | [nel] | nbe | 31500 | nbe | 여수너공를글 | 2026 10 02 16:30 2041255 | ASSAM MILK TEA
000807,2026,05,29,2026-05-29,s1,EXP 29/05/2026 | 04:03:39J11 | wel/ | shake
000808,2026,06,12,2026-06-12,clahe,"2026.06.12 | 유(국내산)35%, | 미디엄 갈닛은 커"
000809,2026,08,30,2026-08-30,clahe,"13:42B1 | 2026.08.30 | 상양키광원공장, | (주)빙그레 경기도"
000810,2026,03,31,2026-03-31,s1,26.03.31 | B/1020 | 10 | nl분
000811,2026,03,31,2026-03-31,s1,26.03.31 | B/1020 | の元，1未满の乳见 | C5UD. | Nl
000812,2026,05,29,2026-05-29,s1,Hel Hej! | Im | Im | Real | Real | 100 | 100 | 2.1 | 101 | EXP 29/05/2026 | 04:03:39 J11 | Best B | wel/ | shake
000813,2024,01,02,2024-01-02,s1,"手外 | Cte ge i e | nlel | 9연세우유 | W4OC0 | 110g(580kcal) | iscoff.com 을 참조해주세요 | s Bakeries Belgie, | at52,9971Lembeke, | -에서 생산하였습니다. | 리2 1 24 FS | Best before"
000814,NONE,NONE,NONE,NONE,fail,8 | 연세우유 | 크림이등-북! | 8 | 드 | Co | NEN산상품 | W1500 | W4.000 | otus | coff | 160g | ..1 | [nbel | 잃 | tus | EN산상품 | @연세우유 | 크림이등-북 | :0 | W4.000 | 8 | 8 | 8 | :. | sm | ’ |   | smo | :8 | 8 | 8 | @연세우유 | 1 | 크림이동-북) | 8 | 10 | EN 산상을 | #1500 | W4.000 | [unbel | [unlabl | otus | coff. | : | 8 | @연세우유 | 8 | 크림이듬~북! | [unle | [Unlbel | NEN신상을 | [Unel | unlel | W150 | w4.000 | [nabel | otus | coff | R | 160g | (B)
000815,NONE,NONE,NONE,NONE,fail,신상동 | 0 | 8 | ……… | R | 상도 | W4000 | H6ml | unabe | uk e | [Unbel | W4000 | [unlbel
000816,NONE,NONE,NONE,NONE,fail,wt300 | EASY OUT | YVELK | Apple Shine | . | Apple Shine | THE | 름띠 | EASY OUT | 리린 | 젤블 | N: | |ㄹ | OOCAT | O0C | JE | VEL | HE | Apple Shine | w1300 | [Unael | unlbe | EASY OUT | 젤리 | HE | 블리 | Apple Shine
000817,NONE,NONE,NONE,NONE,fail,테이b | 테이라l | 모지E | 본NE | 43.43 | 스1개1 E E | BEE:N1Y22826 | 115639025 | 4343 | Vz | eb eb | R:: |  7:표 | eb eb | EVH | PBP | abl | 테아a! | ZVE | 5 | V2513201 15639 25 | BBEN12826 | 테아a뜻 | unlbel | PRO | HAE | 00 | 모지E | 4343 | EE:25
000818,NONE,NONE,NONE,NONE,fail,43 | .88 | .. | 1.0.80 | F | °O.. | 00 | 000 | 88 | ::표 |  도 회 | Eb | 으1개 E경 없트 | BEE:NHY1220265 | 43 | 0 | 6 | .. | 또·H! | - | × | 0
000819,2026,05,18,2026-05-18,s2,2+1 | 2+1 | w5.000 | b | 2.800. | 2.800. | 1마 | 김치 | (x%EZ) | LOLLS09/ | CYTIW | e | 6w 009 | 00 | J | %Z7 | BEST BEFORE: 18.05.2026 | MI1882IB 23:14:23G1
000820,2018,05,02,2018-05-02,s2,"W5.GCC | naub | L0LLS | WVOOT WOH VIVAOIS NIW | unipos | siebns | U] | aq | (PTIW) | 6w86 | o | bw 009 | 09 | 내응 | 609 | B, | 00 | BEST BEFORE: 18.05.2U26 | MI1882IB23114:23G1"
000821,2026,02,02,2026-02-02,s1,2+12+1 | PEEL HERE | 클김지 | EXF26/02/02FV | 0311 20:28 | ab | schoolchoice. | ·수입업소명 및 소재지 | 함량:부분탈지우유 | 원산지:미국°내용 | ·식품유형:치스
000822,NONE,NONE,NONE,NONE,fail,21 | PEEL HERE | 리지 | 031120:28 | choolchoice. | 수민업소명모소 | 함량:부분탈지우유 | 원산지:미국°내용 | ·식품유형:치스 | choolchoice. | → | PEEL HERE | BB | 하  | EBE R | : | 식품유형:처스 | 원산지:미국·내용 | 함량:부분탈지우유 | 수인업소명및소기자 | Unab | PPB  | 1+3 | PEEL HERE | choolchoice. | 산자: | - | 21 | PEEL HERE | schoolchoice. | 수인업소명및소p | 함량:부분탈지우유 | ·원산지:미국내용 | ·식품유형:치스
000823,2027,02,23,2027-02-23,s1,Using our classic Fr | our Brioche kee | for longer and are sti | thanks to our perre | our in-house sta | that uses wil | 3256540003347 | BBD(YYWY/MMDD): | 2027/02/23 | L25351 | 마 | 031316:01P
000824,NONE,12,05,NONE-12-05,s1,[Unlabe] | 바나나앗 | 비요며 | 비요뜨 | 12.18.10:41 F5 | 까지 | 12.05. 10.41 D1 | 산선함의 기준 | 서울우유 | 서울우유
000825,2026,06,22,2026-06-22,s1,3320 | 흔들어드세요 | 2026.06.22 17:34 90
000826,2016,06,02,2016-06-02,rot90,2016.06:2 | 흔들어드세요
000827,NONE,07,07,NONE-07-07,s2,소비기한(아래8승자) | Best Befon | (YYYY/MN.EO) | 제품명 | 수입판매업소 | 원재료명 | ·소비자상담 | 해결기준에 의거 교 | ··· | （40114MarsF | 7.7
000828,NONE,NONE,NONE,NONE,fail,"Melon Aavored Nalk | 세기한 용기 표기일까지 | ※뚜껑은 제거후 일반쓰레기로 바 | F | EN | HK | … | …… | … | "" | … | … | Sd | NCR | [Unbel | Melon Aavored Nalk |  기봉보하나, | 080-022-0056 |  무은제거후일반쓰기 | ROTHER | 666666660 | TE ·-I D트F | Melon Aavored Nilk | , | BC | 유함개봉후 냉장보관하거나.리 | 080-022-0056 | PS | ※뚜껑은 제거후일반쓰레기로바 | OTHER | 66666"
000829,2026,03,20,2026-03-20,s1,"·이제품은알류,메밀,땅콩,대두,밀 복숭아,로 | 마토,호두,되지고기,쇠고기를 사용한 제품과 ? | 은 제조시설에서 제조하고 있습니다. | 2026.03.20 | 16:48:46 3A"
000830,2025,12,20,2025-12-20,s1,DANONe | ACTIVA | 저지방사과 | 25.12.20M 00m042
000831,NONE,NONE,NONE,NONE,fail,"8833：75.37.8925 | 42 | 원산지:폴란드 | *이 제품은 공정거래위원회 고시 소비자분쟁해결기준에 | 의거 교환 또는 보상받을 수 있습니다 | 제품명:락티마 익스를루시브 올리브 8포션(Lactima Exclusive with olives 8portions) | （130）ACIMAP00 | 2470251727 | 41） | ：45%（，，（）7% | (그린을리부, 정제수 정제소금,구연산상나트를), 탈지분유, 구연산삼나트름, 제상인산나트를 산성피로인산나트를 | 피로인산나트를, 플리인산나트를, 우유단백질, 유청분말(우유) 정제소금,카라기난,로커스트콩결 우유함유 | 영양정보 | 140g（17.5gx8）/17.5g（1）40kcal | 12002 | *7：（XP：：140g[17.5gx8315kcal] | (그린올리브, 정제수, 정제소금,구연산삼나트름) | 트륨 | 플리인산나트름,우유단백질,유청분말(우유) 정제소금,카라기난,로커스트콩검 | 내용량 | .37 | 의거교환또는 보상받을 수 있습니다 | *반품및교환:구입처및수입처*포장재질: | .235 | 탈지분유 | 구연산삼나트름 | 异1g0已1% | 제삼인산나트륨 | Z0.0. | 알미늄(외포장:동이) | 우유함유 | 3.:3. |      | R<) | 수 | ( | L | : | nc | 여류 | h | P0007器高 | %6 Bug | IY1O | %9682%06营8%0001客# | (  | (() | 3. | 4: | E.U7.E. | 제품명:락티마 일스루시브 올리브 8포션(Lactima Exclusive with olives 8portions) | （130cO20）LACTIMASP.Z0.00： | 2470862517427 | ：45%（，，，合，，，（7% | (그림을리부, 정제수,정제소금 구연산상나트를) 발지분유 구연산삼나트를,제상인산나트를 산성피로인산나를 | 피로인산나트름, 플리인산나트를, 우유단백질, 유청분말(우유)정제소금,카라기난,로커스트콩검 우유함유 | 영양정보 | 140g（17.5gx8）/17.5g（1）40kcal | 量175mg9%午量1g0r0%弄1g0p1%2.8:5% | 0g2大23g15%营大10mg4%明3g5% | 200202 | 7：（日XP：：140g17.5gx8，315kcal | *이 제품은 공정거래위원회 고시 소비자분쟁해결기준에 | 의거 교환 또는 보상 받을 수 있습니다. | ~ | Bd스ESA스 | 제품명:락티마 익스클루시브 올리브 8포션(Lactima Exclusive with olives 8portions) | （1302ACA0.0 | *원산지:폴란드 | 45%7% | (그린올리브 정제수, 정제소금, 구연산삼나트름) 탈지분유, 구연산삼나트름,제삼인산나트름, 산성피로인산나트를 | 피로인산나트륨, 폴리인산나트륨,우유단백질, 유청분말(우유)정제소금,카라기난,로커스트콩검 | 우유함유 | 영양정보 | 140g（17.5gx8）/17.5g（1）40kcal | LE号175mg9%E午量1g口r0%异1gmp1%X2.8g5% | 0g23g15%10mg4% | 단백질3g 5% | 2000 | ：(X：：140g[17.5gx8315kcal] | *이 제품은 공정거래위원회 고시 소비자분쟁해결기준에 | 의거 교환 또는 보상 받을 수 있습니다."
000832,NONE,NONE,NONE,NONE,fail,"*원산지:폴란드 | 영양정보 | 의거 교환 또는 보상받을 수 있습니다. | 제품명:락티마 이스클루시브 올리브 8포션(Lactima Exclusive with olives 8portions) | （130ACMA0.0 | 140g（17.5g×8）/17.5g（1）40kcal | 00至23g15%人10mg4%时3g5% | 200ca | ：（P：）：14017.5g8315kca | 139 | *이제품은 공정거래위원회 고시 소비자분쟁해결기준에 | 제품명:락티마 익스클루시브 올리브 8포션(Lactima Exclusive with olves 8portions) | 3 | (그린올리브, 정제수, 정제소금,구연산삼나트름) | 영양정보 | 랜스지방0g | m | 175mg9% | *이제품은 공정거래위원회 고시 소비자분쟁해결기준에 | 포화지방2.3g | 37. | 의거 교환 또는 보상받을 수 있습니다. | 탄수화물1g미만 0% | .2325 | /17.5g（1至）40kcal | 4% | *원산지:폴란드 | 2.: | %682 | %9 6 | 3. | % | 6 | %91 | () | 0012）冠百品：品品百 | %66 | 0 | ( | 3. | 3.: | [Unle | P809：4537.2025411412 | 제품명: 락티마 이스클루시브 올리브 8포션(Lactima Exclusive with olives 8portions) | ：（130c20）LAHASP20.0： | ）02470862517274 | ：45%（，，，#合，），（）7% | (그린을리부, 정제수 정제소금 구연산상나트름) 탈지분유구연산삼나트를 제상인산나트를 산성피로인산나트 | 피로인산나트를, 플리인산나트를우유단백질,유청분말(우유) 정제소금,카라기난,로커스트콩경우유형유 | 영양정보 | 140g（17.5g×8至）/17.5g（1）40kcal | 量175mg9%1g00%#1g1%2.895% | 01至23：15%量人10mg4%3.5% | 1200c | ：（P：：14017.5gx82，315kca | *이 제품은 공정거래위원회 고시 소비자분쟁해결기준에 | 의거 교환 또는 보상 받을 수 있습니다. | . | …:………. | 원산지:폴란드 | 제품명:락티마 익스클루시브 올리브 8포션(Lactima Exclusive with olives 8portions) | （130）CAP0.0 | 4） | ：45%（，，（）7% | 우유함유 | (그린올리브, 정제수, 정제소금,구연산삼나트름), 탈지분유,구연산삼나트룹, 제삼인산나트름, 산성피로인산나트를 | 피로인산나트룹, 폴리인산나트룹, 우유단백질, 유청분말(우유), 정제소금,카라기난,로커스트콩검 | 140g（17.5gx8）/17.5g（1）40kcal | 영양정보 | 1g0%1g1%2.8g5% | ㅣ단백질3g 5% | LI三喜175mg9% | ‒ | 트랜스지방Og | 2.3g15%10mg4% | 2.00ca | ：X：：140g[17.5gx8315kcal | *이 제품은 공정거래위원회 고시 소비자분쟁해결기준에 | 의거 교환 또는 보상 받을 수 있습니다."
000833,2026,04,27,2026-04-27,s1,20 | 인크포 | HS19:06 | 2026:04.27 | 흔들어 주세요!
000834,2026,02,02,2026-02-02,s1,PEEL HERE | E 26/02/02FV | 031120:28 | schoolchoice. | 함량:부분탈지우유(우유) | Low-Moist
000835,2026,02,02,2026-02-02,s1,L800 | 1.700 | PEEL HERE | EXF26/02/02FV | 0311 20:28 | sohooichoice
000836,2018,05,02,2018-05-02,s2,단백 | 단백 | 20g | 20g | LOLLS09/ | 66 | DN | w009 | 600L | BSL | w08L | H | BEST BEFORE: 18. 05. 2Ui26 | M1882I B 23:14:23 G1 | EA | 601 | 4*
000837,NONE,NONE,NONE,NONE,fail,"EXFFER2126K1.1 | PEEL HERE | CHEDDAR CHEESE | Premium CHEESE | PEEL HERE | ER21261K11 | NN'SINANTNS | SCAVEVHEREEEHESE | [unel | Premium CHEESE | INGREDIENTS:CHEDA | CHEDDAR CHEESE | SALT, ENZYMESANN | EFTEB2126K11 | PEEL HERE | .BONGARDS | CHEDDAR CHEESE | Premium CHEESE | EAFFER2126K111 | PEEL HERE | BONGARDS | CHEDDAR CHEESE | Premium CHEESE | (od.Og Aded Sugas, %O | Sium 18. | SALT, ENZYMES, ANN | INGREDIENTS: CHEDDA | LAK BLU"
000838,NONE,NONE,NONE,NONE,fail,"EXPFEB2126I10 | PEEL HERE | CHEDDAR CHEESE | PEEL HERE | '1TVS | SCHAVEERHE | O%S | mpos | 971383483 | PPIETIVILE | Total F | Premium CHEESE | Sodiur | Aancl  | (15%D | CHEDDAR CHEESE | INGREE | SALT,I | CONTAI | SCAHEVEERHEE | PPIETVIR | 971384X3 | EXPFEB2126 IKT | HERE | RONGARD | CHEDDAR CHEESE | emium CHEESE | EXPFEB21261K164 | PEEL HERE | RONGARDS | CHEDDAR CHEESE | Premium CHEESE"
000839,2026,01,03,2026-01-03,s1,건강한 닭이 낳은 | SEVEN | Farm | 달기 | 등급 | 신선한 | 세븐잠 | 품질등급 | 증량규격 | 왕란 | 특린 | 세븐잠이 선정한 깨끗한 농장에서 | 등급 | 대란 | 정성들여 키운 닭이 낳은 | 소란 | 신선한 계란입니다. | 축산물품질평가원 | 2025.11.26 | 등급판정일자: | 2026.01.03 | 소비기한 | 000 | AAR | TOT | TOT | 검란 | 세척 | 실균 | 선별포장 | 해척한 환경 | 17503 | 식품유형:시요라 O~10‘C 냉장보 | ·축산물” | 통과한 신선한 계란입니다.
000840,2026,01,01,2026-01-01,s1,"옥수수 | 3 | 100 | 제품명 /벽돌모양 레드벨넷 케이크 | 90g（430kcal） | 식품유형/빵류 | 내포장재/용기:PET,포크:PS,트레이:종이 | 20210363128114 | 6 | 판매원 | 1333 | 제조원 | 원 |(취)타르트엔코/경기도 용인시 처인구 모현읍 초부로 | 132-12（TEL031-323-4177） | 소비기한 | 26.01.01 | 80924311176679 | 안안끼"
000841,2025,12,22,2025-12-22,s1,145 | kcal | 이미지예 | ~10°C) | 2025.12.22.1지
000842,2026,07,03,2026-07-03,s1,03-07-2026 | L260KBB-J011:09 | 소비기한(일-월-년 순 까지) | FERRERO | ROCHER
000843,2026,06,17,2026-06-17,s1,보상 받을 수 있습니다 | 영양정보 | 90g562kcal | 나트륨15mg | 1% | 탄수화물39g | 12% | 당류 29g | 29% | 지방42g | 78% | 트랜스지방0g | 포화지방 22g | 145% | 콜레스테롤9mg | 3% | 단백질79 | 13% | 소비기한 | (일-월-년 순 까지) | 17.06.2026 | 203K06UKC | 16:3202 | 3801121044087
000844,2026,07,03,2026-07-03,s1,HRRRO | ROCHER | 2-1 | 03 07 2026 | L260KBB-JO 1109 | 소비기한 (일-월-년 순 까지) | FERRERO | ROCHER
000845,2026,06,17,2026-06-17,s1,29g | 29% | 지방 | 트랜스지방 09 | 포화 | 콜레스테롤 9mg | 3% | 단백 | 소비기한 | (일-월-년 순 까지) | 17.06.2026 | L203K06UKC | 16:3202
000846,2026,05,28,2026-05-28,s1,16:53 28.05.2026 | OPJO4535224 | und vor Warme schutzen. | 10248428 | m수방5 | 비닐류 | 2Mmg단3 | ANPP | 号（2000cal | 기이으로 개인의 필요 열량에 따라 라를 수 있습니다.
000847,2026,05,28,2026-05-28,s1,1653 28.05.2026 | OPJ04535224 | und vor Wärme schützen. | 40g190kcal | 원료 | 110mg6278%111%风8g15% | 비닐류 | 44g204mg% | AR전고있습니 | %2.000kca | PP
000848,2026,05,21,2026-05-21,clahe,POECNR | 21 05 2026 | 1218KBBNHX
000849,2026,05,21,2026-05-21,s1,POOCEN | 21 05 2026 | 218KBBNHX
000850,2026,08,09,2026-08-09,s1,완구원산지:중국 | L286K11-76 | R 13 10 2025 | E 09 08 2026 | 스코비 | 초코비
000851,2026,06,30,2026-06-30,s1,246K11-1 | P03092025 | E 30 06 2026
000852,NONE,NONE,NONE,NONE,fail,"BE I. | "" | ! | ! |   | CBE14:0826 | [Unbe | LE"
000853,2026,05,24,2026-05-24,s1,LT |  26.05.24
000854,2026,09,04,2026-09-04,s1,식품안전관리인증 | HACCP 마크란? | HACCP | 식약처에서 위생적이고 안전하다고 | 인증한 식품에만 표기하는 마크입니다 | 801117282301 | 소비 | 부터 | 기한 | 2025.11.05/15:11 | 까지 | 2026.09.04/ A-1
000855,2026,08,25,2026-08-25,s1,GEMEL | snaa | El | 25 08 2025 25 | 25 08 2026 A1 | HICKEN | AVOUR
000856,2026,03,16,2026-03-16,s1,"경기도 평택싱언웃 | 판매원:매일유업(주)경기도 | 2유,대두 함유 | 평택시 진위면 진위서로 63 | ：1588-1539 | ·반품 및 교환:구입처 및 수입원 | (밀가루,니코틴 | 본 제품은 공정거래위원회 고시에 | 염,비타민B2,엽 | 의거 교환 또는 보상 | 가추출분말,효모. | 받을 수 있습니다 | 플라스틱 | 텐),보리(글루텐) | ·부정·불량식품 | 를 사용한 제품과 | 신고는 국번없이 | PP | 하고 있습니다. | 1399 | 개봉필름:알루미늄 | 원산지:캐나다 | 52g267kcal | 空量33.5g10% | 03 16 2026 | 13.1g | 24% | L234K07---83 15:37 | 4.7g31% | 3.8g | 7% | (%)2.000kcal | 량에 따라 다를 수 있습니다. | ·소비기한(일-월-년 순 까지) | ·냉장보관을 하지 마시고, | 건조하고 서늘한 곳에 보관 | 80005"
000857,2025,01,28,2025-01-28,s1,"ACETO BALSAMICO | DIMODENAIG | Certificato da Organismo | 식품위생법에 의한 한글표시 | ·제품명:모데나발사믹식초 | 14 | Giuseppe Cremonini VFoschie | Modena, tly)·유동기한:제품 뒷면하단 별도 | （）250m | ：6%75.99% | （100%）23%（100%） | 1%0.01% | 무수아황산함유 | ·원산지:이탈리아 | ·용기재질:유리 | ·뚜껑내부:폴리에틸렌 | ·뚜껑외부:알미늄반품교환장소:구입처 및 판매처 | 초산균이 자연적으로 명어리져생긴 마더오브비니거로 | 걸러내서서섭취하시면 됩니다.본제품은 소비자 피해 | 보상규정에 의거 교환 및 보상을 받을 수 있습니다. | 본 제품은 이태리에서 포장까지 마친 원제품으로 | 2025/01/28 | 산도:6% | 유리 | 250ml | 8007150901968"
000858,2021,10,28,2021-10-28,up2x,2021/10/28 | LR0188 | 07:00
000859,NONE,NONE,NONE,NONE,fail,1298 | 1398 | 2 | 0 | 8 | · | O
000860,2022,07,29,2022-07-29,s2,isletmeKayitNo:TR-41-K-001282 | Parti Sen No Batch No | kg | 2000)70.550z | sgararang Bupo | Hnmase | Ea Aose It.Jar.B.ane | -COI | hestour dam and sunigts Store in aoyour-fe pao/Corsener daes unendrt tetr de la chalaur | cantains lard andits dervaves /Aucun de nos poduits ne cantient pes ar saindour ou dadifs/ | e.Tuciye | Tavsiye edlan tiketim tanhi(TEt)ve partinumarasi ambalajn izenindedir. | Best before date see on the package | 0227472840-01001641646-01005400549 | Cesit No/ Sote-Nr | 0g | Ref No/ Kind No | Ner Agritk /Netto Gewicht | Product Date / Best Before | Uretim Tarihi/TETT | babgmbos No/ Namero de Articulo | HOMDD H BAB Soort nummer | Pards Net Ner Weighr | Temo / Netto gewicht | tayas | (03 | VRSTA BR Nr Speciment | ulgo fembs / Peso Neto | 29 | AOIB | NETO TEZINA.Grcutaten | GIDA SAN Ve TIC.AS | Kadapd Bapos  | Cobze Organlze Sanay. | Od/Yyroboe/Prolivodac | 9 | LOT:233 | han Dede Cd 0 ak No2 | Oebz8 /KOcaall/TURKEY | BEST BEFORE | To02620466713(PbX | 29.07.2022 | FaX-0.2626410680-90 | www.layas. com tr | 690997 | BOXNO:B056291 | 156297 | numh.nnboaaahawysiby
000861,NONE,NONE,NONE,NONE,fail,"s2kg | (2000)70.55OZ | ar SesNo Bach | Pradust Dale | tayas | Best Betoeu | LOT:232 | BEST EEFORE | 23,07.2022 | 8690997156297 | BOYMOB05629 | mumf.mpb)oa.aafw ysiy | mumk.npb)oL.aafal ysi.wy | (2000)70.55OZ | 4Kg | tayas | 2307.2022 | BEFORE | Karisik Meyye Dolqulu Yunu | Kawrisik Metve'Dolqulu'Yumu | seael | -nbe | Pat Ser No BachNo | Prpdus Date Bes Betoru | tayas | 4 | LoT:23z | BEST BEFORE | s2kgf | 2307.2022 | 890997156297 | (2000)70.55Z | mamk.mbo.aaaw ysimy | De DB6S3 | tayas | 5629 | LOT-232 | s2kge | BEST BEFORE | 2307.2022 | 390997136297 | B0YMO:305629 | (2000)70.55OZ | mumf.mpb)oLaafaw ysi.y"
000862,NONE,NONE,NONE,NONE,fail,A consommer de préférence avant le/ | Consumir preferentemente antes del/ | 35-239-001 | 编线:18:8889 | EXP | Poids net: 125g | Best before/ | FR | A consumir de preferéncia antes de : | CE | PRP | A consumir de preferéncia antes de: | NN | Best before/ | :18:8889 | Hopa | 280201481846 | 11S | A consommer de préférence avant le / | Best before/ | Consumir preferentemente antes del/ | FR | 35-239-001 | A consumir de preferéncia antes de: | CE | PRUO | 编线：18:#88 | EXP | Poids net; 125 g | 80 | A consommer de préférence avant le/ | Best before/ | FR | Consumir preferentemente antes del/ | 35-239-001 | A consumir de preferéncia antes de: | CE | FFRC | 125g | Poids net : | 22802011481846
000863,NONE,NONE,NONE,NONE,fail,Cnm | 31889 | 125g | Aconsomme  pretrence ante/ | R | Best betore! | 35-239-00) | CE | Acosm deptrincaantes de | PRUC | EXP | Poids net: | PRR:18:281 | Best belore! | rence aant le/ | 8 | PESIOEN | mben | ud sunsuoo | 125g | :1au spod | 30 | 100-6EZ-SE | 4 | Acorsomme dptenct ante/ | Bestbelore/ | （35-239-00 | R | Cnmpetesdel | CE | Aonsmr de pternca stsd | PROD | 188 | EXP | 125g | Poids net:7 | Acorsmmrde prenceaante/ | FR | Best betore/ | 35-239-001 | Consumir prederenlemerte antes del/ | CE | Aconsmir de preterinca antes de | 글:18: | PROC | .10.2020 | EXP | 125g | 32280261281848 | Poids net:
000864,2023,03,04,2023-03-04,s1,TION FACTS/NAHRWERTKENNZEICHNUNG | serving/ Nahrwerte pro | oes frmt/ Brenert aus fett | a Ve nsT | Stre t/d esitige etsuen | TaF:t/fet | 259 | as iat/ davon ungesttigte fettsiuren | 139 | holesterol/Cholesterin | Sodium/ Natrium | Total Carbohydrate/Kohlenhydrate: | DitaFer/D Baltfe: | Sugar/Davon Zucker: | 99 366 | amkalim109mg1%sen | 3mg17% | EnesingelenTabou0 | Ererji(Kal-K) | Dale Limile deconsomlio | Tenminste HOdr TO SonTkem Tmi | •Best before •Mindesters Holbar Bis | BEST BEFORE:04/03/2023 | BATCH:3751 | 690777125215 | Netto Gewicht-Net Agrlik | Net Weight-Poids Net | Nettonkt-L | e400g
000865,NONE,NONE,NONE,NONE,fail,DELI | 1.8% | FOODS | DOEL! | 3hh4b-+ | 1.8% | %8 | 0.Z | -G4YS | T | %81 | -G*Y | DELI | FOODS | 3kh시-+ | B | 1.8% | DELI | FOODS | -- | 1.8% | 연에크시원크일
000866,2021,09,25,2021-09-25,s1,-44y | 3 | 25.09.2021
000867,NONE,NONE,NONE,NONE,fail,EGOGold | PBD | nATE | 2020 | 2021 | ATCHA COOKIES | EATCH | E | DAT | E | NO | 0 | EGOGold | TCHA | Wm | X | -00 | n | HOO | omm | -CINN | NωU | 0 | 초코집21%은 | NN | 00 | NN | O° | 초코집 항량의 차이를 느로? | Or | NN | 00 | NN | 0 | NeN | NN- | O00 | C | 0a1- | LOPOTTCVH UT | 3 | 00 | 20 | 초코집 항량의 카이를드로타 | TEGOGold | PRD | DATE | 7 | 29 | DATE | 20 | E | P | 1.0 | ATCH | 2 | 0 | 21 | ATCHA COOKIES | NO | Y | 20 | BY | TEGOGold | PRR | DRTE | NON | 07 | 2020 | 8e | DATE | 1 | 2021 | BATCH'NO | OEY | ATCHA COOKIES
000868,NONE,NONE,NONE,NONE,fail,E | EGOGold | HA COOKIES | BATE | FcA | 08 | EGO | WmT | -70 | 100 | omm | NWUR | -RUN | 0+0 | D | 2829 | 21 | E | NON | 9 | U | E | EGOGold | IA COOKIES | TCH | 초조 | EGOGold | wcn | F | IA COOKIES | na | AT | TC | H | N | 6
000869,2021,09,15,2021-09-15,s1,"코트리플샌드 | 제조선에서 제조하고 있습니다. | 영양정보 | 200 | 100gg520kca | 곳에보 | 소비자분쟁히결 | 号230mg12%伞数62g19%43g | 15-09-2021 | 을수있습니다. | 01:10 | 27g50%0.3g16g107 | 1000000848327 | 011399 | 爱量15mg5%7g13% | 구입처 | 트레이:PP | No Brand는 이마트의 상표입니다 | 2 | 우유,내두,밀,계단,아황산류 함유"
000870,2021,10,15,2021-10-15,s1,1일 영양성분 | 1일영양성분 | 정보10g | 100g | EXP | 기준치에 대한 비을 | 기준치에 대한 비율 | 210mg11%30g5 | 56% | 15.10.2021 6B | 53g16%0.5g | AME44A 13:28 | 내용량 | 당류25g | 25%9 | 75g | 5mg2%12g | 22% | 100g | 에은2으로의의량에다대를수있습다.
000871,2021,10,15,2021-10-15,s1,0g8 | EXP | 三量210mg11%030g | 子时量53g 16% | 트랜스지방0.5 | 15.10.2021 68 | 내용량 | AME44A 13:28 | 25g25%鲜9g | 75g | 00g당 | 国动明量5mg2%智12g
000872,NONE,NONE,NONE,NONE,fail,"AANVZZON | QEDITS | HESIMH | BestByFEB/26/21 | 10:48NDL2A | o | 690001 | 16 | Open & Enjoy! | BELGIOIOS | BestBy FEB/26/21 | FRE3H | MO2ZAREL | AMERICA'S FAVOIRITECH | 10:48NDL2A | SLICED | CRAFTED IN WISCONS | PASTEURIZED MILK,I | EIMES, SA | ""No stgmiamt difo | 'om cors beat | BELGIOIOSO CHEESEC | GERATEI | BELGIOIOSO.COM | EE- FER | NETWT16071453 | 69000 | psON | S S | QEDITS | cacEPCENREEBR스 | TOYVZZON | HESINH | ILV | acECCIABA스T | Nutrition Facts Servings | AMERICA'S FAVOIRITE | MO2ZAREL | BEDLGIOIOS | BELGIOIOSO CHEESE | 43 | Calcium (8% DV), tron | SLI | NETWT16071250 | FRESH | HEEIAH | AOMVZZR | C | QEDITS | APTT VAPTCRIIE | 4 | BestByFEB/26/21 10:48NDL2A | TAAVZZON | s (d%9)6usL | QEDIIS | aip osON | HEAMH | 9 | 169000 | (Incl. og Added Sugars | BestByFEB/26/21 | 10:48NDL2A"
000873,2021,08,26,2021-08-26,s1,HEHAH | AOMRZZEET | QEDITS | BELGIOIOS | BestBy FE8/26/21 | 10:48NDL.2A
000874,NONE,04,05,NONE-04-05,s1,"18KS09133a | PRODUCT OF THE USA | LE号290mg15% | Nutrition | Amount/serving | % DV Amount/serving | % DV | Iyou're not completely satsfied with | Facts | Total Fat 6g | 8% Total Carb. <1g | About 11 Servings | 0% | Sat. Fat 4.5g | 21% | Fiber 0g | per container | 0% | Trans Fat Og | Total Sugars <1g | COSTCO WHOLESALE | Serving size | Cholestero! 25mg | 1oz(28g) | 8% | Incl. Og Added Sugars 0% | Sodium 80mg | 4% Pruiein 5g | SEATTLE,WA 98124-1535 | Calories | 80 | 1-800-774-2678 | Www.cOSTCo.cOM | ITM./ART.9090 | CONIAIRS: MILK. | KEEP REFRIGERATED | BEST BEFORE | 18KS09133a | PRODUCT | OF THE USA | l9661909090"
000875,NONE,04,05,NONE-04-05,s1,RODUCT OF THE USA | 刘#23g43%楼个对#0.90空片 | 민수을 3g 1% | 看0人号90mg3%时18 | Nutrition | Amount/serving | %DV Amount/serving | Facts | Total Fat 6g | 8% Total Carb.<1g | 0% | About 11 Servings | Sat. Fat 4.5g | 6Fiber 0g | 0% | COSTOO WHOLESALE | per container | Trans Fat g | Total SUugars<1g | Serving size | InclL 0o Addet Sugars 0% | Cholesterol 25mg | 10z(28g) | SEATTLE.WA 98124-1535 | Sodium 80mg | 4% Pruiein 5g | VitaminD0%-Calcium0%-Iron0%·Potassium0% | ITM./ART.9090 | CONIAIRS: MILK | KEEP REFRIGERATED | 18KS09133a | BEST BEFORE | MAR222106157293W0 | PRODUCT | OF THE USA | 096619090907
000876,2021,07,01,2021-07-01,s1,"19:27 | 2021.07,01 | 까지 | 피크닉,사과"
000877,NONE,12,30,NONE-12-30,s1,sera | BEST BEFORE103V0472 | BATCH:0946/1/3 | SADE | HELVA | SUBE SESAMPASTE | TRADITIONAL HELVA | Netwt.:12.3oz- | 350ge
000878,NONE,NONE,NONE,NONE,fail,Sera | 109467173 | SADE | SUBE SESAMPASTE | HELVA | TRADITIONAL HELVA | 350.e | Netogowiche | Nerwt:123at | BEFUREH | HELVA | SADE | TRADITIONAL HELVA | SUBE SESAMPASTE | Sera | IQVS | VVTIH | RATIH TNHLINIA | SS SSESN SSEE | AUVS | E/T/9PEO | 5240450:300/3日1533 | Sera | BEST BEFUREHUCTUT | BATCHF094613 | SADE | SOBE SESAMPASTE | HELVA | TRADITIONAL HELVA | 350.e | Nonogewichr | New:123ar | Sera | BEST BEFORE:OSPUNVES | BATCHF0946V13 | SADE | SUBE SESAMPASTE | HELVA | TRADITIONAL HELVA | 350.e | Nonogowichr | Notwt:123ot
000879,2021,05,11,2021-05-11,s1,"CHEE DIP | 품위생법에의한한글표시사항 | 영양정보 | 초엔 답 치즈(치즈8% 함유) | NACHO CHIPS CHILI FLAVOR | 回2.400mg | EL SABOR MEXICAN FOODS S.A | 23% | KOKKINIA, INOFITA VIOTIA | PC32011,GREECE | X1300 | Tel:+302262031020 | 147-31 | +30 22620 31188 | Cheesep:Wat,vetbil(eedolconuto | 85g，全90g1,155kcal) | 트랜스지방0 | 포화지방14g | Fax:+30 2262031695 | 콜레스테를Omg | Web site: www.elsabor.gr | 단백질10g | place. Best before seeon padkage. | TOTAL NET WEIGHT: | 175ge | PROD.DATE: 15/07/2020 | EXP. | DATE: 11/05/2021 | 0720W177 | 5120217510198311"
000880,2021,05,11,2021-05-11,s1,영양정보 |    | Emat nogetabery | NACHO N' DIP | 175ge | PROD.DRTE:15/07/2020 | EXP. DRTE:11/05/2021 | LOT0720W177 | 5120217510198310
000881,2021,06,08,2021-06-08,s1,2021.06.08까지1 | 유통기한 | 15:3110 | 개봉 후 반드시 냉장보관 하시고 빨리 드시기 | 바랍니다
000882,2021,06,08,2021-06-08,s1,유통기한 | 2021.06.08까지 | 15:31A10 | 0-10C空 | 개봉 후 반드시 냉장보관 하시고 벌리 드시기
000883,2021,01,04,2021-01-04,clahe,생산일자 | 2021.01.04 | 유통기한 | 2021.67.03 | 까지 | 80115030045
000884,2021,01,04,2021-01-04,up2x,생산일자 | 유통기한 | 2021.01.04 | 2021.07.03 | 까지 | 8801150300451
000885,NONE,NONE,NONE,NONE,fail,①주의사항 | 본제용은 용국과 건과류가들어가 있어서 유통종에섭게 변집원 | 우려가 있습니다.그러므로 개봉 후에는 가급적 떨리 드십시오. | SSG.COM | 유통기한 | 8804433100120 | 6874207.09 | 까지 | HACCP | 0% | 8804433 | 우려가 있습니다.그러므로 개봉 후에는 가급적 리 드십시오. | 0 | 주의사항 | 클리 | 1001 | 874297.09 | 유통기한 | HACCP | SSG.COM | 까지 | SSCSL V | PEADCN | ① | 1x | SSCSSN | B/Y① | 0주의사항 | 문제품은 용곡물과 간과류가 들어가 있어서 유통중에 업게 변절 원 | 우려가 있습니다.그리므로 개봉 후에는 가급적 필라 드십시오. | HACCP | SSG.COM | 유통기한 | 20% | 8804433100120 | 6874297:09 | 까지 | a | 주의사항 | D0% | 본 제품은 통곡물과 건과류가 들어가 있어서 유통중에 섭게 변질 될 | Aly 2%7 | 2200% | 우려가 있습니다.그러므로 개봉 후에는 가급적 빨리 드십시오. | HACCP | 2200% | SSG.COM | 28% | 30203% | 25%20g200% | 25%2#206% | 유통기한 | 5% |  00% | 3 | 80% | 80% | 6874297.09 | 8804433100120 | 까지
000886,NONE,07,09,NONE-07-09,rot90,유동기한 | SSG.COM | 07.09 | 까지
000887,NONE,NONE,NONE,NONE,fail,"Contains Sachets oa: | R | Seasoning Powder, Seasoning Oil, Sweet Soy | Sauce, Chili Powder, Fried Shallot | 12 | 스 1 | ant Noodles | eng | G Spicy | Pedas | reng | ntanées | s/Ins | EEF CFEE | 1 | HALAL | mlenie | ant Noodles | Pedas | 1 | oning Oill, Sweet Soy | 1 | OspaS | 2 | O | DidS B | SUIS | SDpod | bua | Dids B | bua | Contains Sachets of: | R | Seasoning Powder, Seasoning Oil, Sweet Soy | Sauce, Chili Powder, Fried Shallot | ant Noodles | eng | 9Spiey | reng Pedas | tondes | STIR FRY NOODLES | tees Inst | V/AL | 10 | Contains Sachets of: | anie | Seasoning Powder, Seasoning Oil, Sweet Soy | R | Sauce, Chilli Powder, Fried Shallot | FF | 12 | F | ant Noodles | SERVING SUGGESTION | eng | G Spicy | eng Pedas | STIR FRY NOODLES | tees Insntanées | HALAL"
000888,NONE,NONE,NONE,NONE,fail,"wkmie | Seasoning Powder Seasoning Oi, Sweet Soy | Sauce. Chi Powder, Fid Shallot | BEFORE 2021 12 | KRA152 | tNoodles | eng | 9 Spicy | 04 | Pedas | hnie | tondes | edas | Noodles | KR 71 | BEFORE | 52 | 2021 | Powder Ft | 12 | ing Ol, Sweet Soy | fos iaMs ro buu | BEFORE 2021 12 | Dids | SDpod | Dids | 6ua |   | fos wams ro buuoses aMed buuoses | Contains Sachete oti | Saoning Powder Seasoning Oil, Swee Soy | Sauce ChM Powder, Fid Shallot | BEFORE 2021 12 D4 | CKRA1520 | tNoodles | eng | 9 Spicy | eng | Pedas | ODLE | wsnie | Contains Sachets of! | Seasoning Powder, Seasoning Ol, Sweet Soy | Sauce Chili Powder, Fried Shallt | BEF'ORE | 12021 | FKR AI52 | 12 | nbel | tNoodles | SERVONG SUGGESTION | eng | 99 | Spicy | ing Pedas | STIR FRY NOODLES"
000889,2021,05,27,2021-05-27,s2,"""100Juice | Dlke | 트로피칼 | Tropical | FRUIT BOWLS@ | STMOA | BEST BV MAY 27 2021"
000890,2021,04,05,2021-04-05,s1,10:56 | 2021.04.05 | 까지 | 흔들어드세요 | 허쉬초콜릿드링크
000891,2021,04,05,2021-04-05,s1,"10:56 | 2021,04.05 | 까지 | 흔들어 드세로"
000892,2022,02,07,2022-02-07,s1,Betty | SuperMoist. | Crocker | O7FEB2022 PV 07:17 2 | Chocolate
000893,2022,02,07,2022-02-07,s1,SuperMoist. | Bettly | Crocker | O7FEB2022 PV 07:172
000894,2021,06,02,2021-06-02,s1,23145 | 2021.06.02 | 까지 | 피크닉청포도
000895,2021,06,02,2021-06-02,s1,"23:45 | 2021,06,02 | 까지 | 피크닉청포도"
000896,2023,02,15,2023-02-15,s1,AKBAR | FOR THE PERFECT CUP | Pour freshly boiled water and allow to | Store in a cool dry place | Can be drunk either hot or cold. | Packing Date / Date d'emballage | YnaxoBamy llpi-JIanmi | KacairaH yaks/ara ynakyBaHHs | Expiry Date / Date d'expiration | 2023/02/15 | Verbrauchsdatum / Tazen ao | Akbar Brothers (Pvt) Ltd | CakTay Mep3isi/TepMin 3éepiraHHs | 334JayMawathom0an | 100×1.25g
000897,2025,05,19,2025-05-19,s2,"controllo autorizzato dal Mipaaf. | 식품위생법에의한한글표시사항 | ·제품명:모데나 발사믹식초·식품의 유형 | 발효식초·수입·판매원:서영이앤티(주)서울 | 14cet | GpCrmninViahieo1142pm | Modena, Italy)·유통기한:제품 뒷면 하단별 | 250 | 6%5.99 | （100%）23%（100% | 1%0.01% | 무수아황산 함유 | ·원산지:이탈리아 | ·용기재질:유리 | 뚜껑내부: 폴리에틸렌 | ·뚜껑외부:알미능반품교환장소:구입처 및 판매 | 080-584-5151 | 들지 않는 건냉한 곳에 보관·식초에서 발견되는 입자는 | 초산균이자연적으로덩어리져생긴 마더오브비니거로 | 인체에 무해하며 있는 그대로 드시거나 필터 등으로 | 걸러내셔서섭취하시면 됩니다.본 제품은 소비자 피해 | 보상규정에의거 교환 및 보상을 받을 수 있습니다 | 본 제품은 이태리에서 포장까지 마친 원제품으로 | 올리타리아 홈페이지 www.olitaliakorea.kr | Best before: | 산도:6% | 유리 | 250ml | 8007150901968 | Certificato da Organismo di | 직수입됩니다 | BEST BEFORE | 2025/05/19 | 뚜껑내부: HDPE | 뚜껑외부:알미늄"
000898,2025,05,19,2025-05-19,s2,"식품위생법에의한한글표시사항 | ·제품명:모데나 발사먹식초·식품의 유일 | 五：营）8：2500 | 人：6%8品盟：21275.90 | （100%）23%（100% | 1%，早（）001% | 무수아황산 함유 |   | 유리 | 산도:6% | 250ml | Certificato | controllo autorizzato | 발효식초 수입·판매원:서영이앤티(주)1서울 | ·원산지:이탈리아 | ·용기재질:유리 | ·껑내부:물리에틸랜 | 정외부:알미 반교환장소:구입처일만 | 들지 않는 건생한 곳에 보관 -식초에서 발견되는 입자는 | 초산교이 자연적로영어리져 생긴 마디오비니거로 | 인체에 무해하며, 있는 그대로 드시거나 필터 등으로 | 걸러내서서섭휘하시면 됩니다.본 제용은 소비자피해 | 보상 규정에 의거 교한 및 보상을 받을 수 있습니다. | 1399 | 직수입입니다. | 물리타리아 페이지 www,olitaliakorea.kr | Best before: | BESTBEFORE | 2025/05/19 | 8 | 0071501901968"
000899,2022,09,02,2022-09-02,s1,"영양정보 | CAPPUCCINO | 10g395kcal | Candies | EXP.DATE:2022.09.02 | ※개봉 후빠른 시일내에도시기바랍니다 | ※패키지의사진이나일스트는이미지오나 | ※간혹 작은캔디나 빈능지가 나올수있으다 | -제품 중량에는 차이가 없습니다. | ※건강밸런스를생각하여,한번에많은 양의 | 섭취를삼가시기 바랍니다."
000900,2022,09,02,2022-09-02,s2,CAPPUCCINO | MCA에 APM니C | 영양정보 | 395kcal | Candies | 10oyu | 5% | 사방 0g | 0 | 30 | 랜스지방0 | 88 | 0g | 단배질10 | 0 | EXP.DATE:2022.09.02 | 페기자에 사진이나 일스는 이미지  | 간록 적을 괜디나 변시가 나용 | -제용 중할에는 차이가 없습니다 | 설취를 함가사기 바랍니다.
000901,2021,11,01,2021-11-01,s1,l  | 응능 | EZ | S/ | DD/MM/YYYY | zechowywac w | consmeiinte :/Nispozy | 68 | 01/11/2021 | paquets/Confine 10 ambalaje/Zawiera | Inomi suhom | przed:/Najboji potrjebii do:/ Nairaje uporabno | 10pakwanSad1aktasebj | L2102731 | peernc aes de: n dnn | Contem10embalagens/neptx10 | 10
000902,2021,11,01,2021-11-01,s1,EIH | DD/MMY | 01/11/2021 | L2102731
000903,2021,08,31,2021-08-31,s1,MISUPA | MiSU | 31-08-2021 | L2024403-234 | merba | DOUBLE | CHOCOLATE | COOKIES | with delicious | Dark and | Milk Chocolate Chunks
000904,2022,06,22,2022-06-22,clahe,22-06-2022 | Merba | 12024403234 | PATISSERIE | EDITION | N | 19 | 2 | DOUBLE | CHOCOLATE | COOKIES | with delicious Dark and. | M.o. OReeolate CRunks
000905,NONE,NONE,NONE,NONE,fail,"제품명 초코크레커 비스킨 |원산지 인도네시아 | 식품 | UBM | 포장재질 폴리프로필렌 유통기한 제품의 별도표기된 해당 | EXP:01.2022 | BP.1.5102 | 밀가루(밀),설랑(보존료 무수아황산 함유),팜유경 | 포도당(보존료 무수아황산 함유),탄산수소암모눔,탄산수 | 원제료명 | 능성 | 밀우유 때두 아신류 함유 | 01399T | 보관방법직사광선을 피하고 건냉한 곳에 보관반품 및 | 본제품은공정거래위원회고시소비자분쟁해결기준에의거 교환 | BISCARS | BP.1.5102 | EXP:01.2022 | HI | HI | 0건 |   |  N    |     | 제품명 초코크레커 비스킨 |원산지 인도네시아| 식품 | 2 | 8 | UBM | 포장제질 폴리프로필렌 유통기한 제품의 별도표기된 해 | BIScis | EXP:01.2022 | BP.1.510 2 | 밀가루밀),설팅(보존료 무수아황산 함유,잠유,경 | 포도당(보존료 무수아황산 함유,탄산수소암모늄,탄산수 | 원재료명 | (유전자형두포품가능성이음 성 | 가능정없음 | 밀우유대두아산류함 | 1399U | 보관방법|직사광선을 피하고 건냉한 곳에 보관 반품 및 | 본 제품은 공정거래위원회 고시 소비자분쟁해결 기준에 의거 교환 | 제품명 | 초코크래커 비스킨 원산지|인도네시아 |식품 | 수입관대원 | UBM | 포장재질 폴리프로필렌유통기한 제품의 별도 표기된 해당 | B1ScuTs | EXP:01.2022 | 밀가루(밀),설탕(보존료 무수아황산 함유),잠유,경호 | BP.1.5102 | 원재료명 | 포도당(보존료 무수아황산 함유),탄산수소암모늄,탄산수 | 대두레시티(유전자변형대두포함 가능성있음) | 한성 | 밀우유 대두아용신류 함유 | 제조사 | PT,UN | 보관방법 | 직사광선을 피하고 건냉한 곳에 보관 | 반품 및 | 본 제품은 공정거래위원회 고시 소비자분쟁해결 기준에 의거 교환"
000906,NONE,NONE,NONE,NONE,fail,UBM | EXP:01.2022 | BP.1.5102 |   E | 일가루일 보존로 우수행산 위 | 은    | BP.1.5102 | EXP:01.2022 | 1유 | 보로 위수선 위 |   |   | - | MMV EE  | HanN | EXP:01.2022 | BP.1.510 2 | E | 보  | 진을 | 은  을  | UBM | 품명 초크크기 비스세 완신지 인도택지 | EXP:01.2022 | BP.1.5102 | 글리프로린|유통기한제품의 별도 표 | 유  | 부정 물령시를 신고는 국이 B 제조사 | 보양일 직용선을 대2 전한 해 보 | 본제품은 공정회 그시 소세부해를 기준에 있
000907,NONE,NONE,NONE,NONE,fail,"UBM | 35g（650kca | EXP:01.2022 | 밀가루릴,경화팜유산화방재째 부달하드록시아니솔 함위 | BP.1.2072 | 원자료명 | BISCUITS | M | 제브매O이 | apeol | Nu | BP.1.2072 | EXP:01.2022 | Toacker | ""N | wan | oacker | 35650kca | UBM | BISCUITS | EXP:01.2022 | BP-1.2072 | 원치료명 | 을 | 0 | 제품은공정거위의회분정결기준에의거또받을수있 | INFORA | arpoo | 지품명 대크러커 이스지안지인도식유형지 제진 | 2088660 | 내용량 | 135g（650kcal | UBM | BISCUITS | 밀가류밀,경화팜위산화방지부발해드독록시아니솔함위4 | EXP:01.2022 | BP.1.2072 | 관방법 직사광산을 피하고 건당한 곳에 보관 포장제질 몰리프로를 | 제품은 공정거위원회기소지분정해결기준에의거교환또는보상받을수있 | ""N | INFORMA.SINE"
000908,NONE,NONE,NONE,NONE,fail,raypvo | UBM | EXP:01.2022 | BP.1.2072 | 'N | opeo | BP.1.2072 | EXP:01.2022 | Zoacker | UBM | utcurs | ATT | EXP:01.2022 | BP-1.20702 | UBM | BISCUITS | EXP:01.2022 | BP1.2072
000909,2021,09,20,2021-09-20,s1,초면바 | 소자 에 | 8066001428758 | 20-09-2021
000910,2021,09,20,2021-09-20,s1,00001428758 | 20-09-2021
000911,2022,05,05,2022-05-05,s1,"Nestle | Nesguik | 초플릿맛 | 균형잡한 | 영양섭취 | 상기 그림은 연을 된 화면임 | 네스틱을 맛있게 | 로서 | 만드는 방법 | 넣은후저어주요 | 영양정보 | (（13.5gx | 25g51k | 우리 제품한 | 300mg | 15 | 우유 | 829 | 아연  | 트랜스지방 08 | 09 | Nestie. | 비아민 DS가 어 않 | 19.3mg161% | 유익한식 | 14%103mg103% | 네스워맛은 성장 아이들이 | 02mg17%15mg125% | 교형잡영양섭취를 합수 있도록 | 157915%11911 | 20010 | 네슬레에게 이야기 하세요 |  에 라 다를 수 있습니다. | 식품유형기타 코아가공품 | /99 주리타 아베누,아라스(ZLRTABNUE ARARAS,BRA) | 원료명비타D,비타인B | 대두 함유 | 통기한밑에 표시된일자까지 | 4장 폴리에탈런수지 | 유5기한 | 2022.05.05 | 0300365707:54 | CHER"
000912,2022,05,05,2022-05-05,clahe,esamin | 44 | 만동 | 영양정보 | 2 | [Unbel | 유익한 | 식 | 1 | 슬레에게 아이기하세요 | 电27话：08-70-1 | [n주e | 2022.05.05 | 03003657 | 07154 | )Ca.
000913,NONE,NONE,NONE,NONE,fail,"NG | 스 | 아이밀 | 남냥 | 8180115750545 | DHA웨하스 | 유통기한: | 요구르트 | 22   5 | HACC | 탄우린 | M10μg | 워질 | 약A북말 | 0.36% | mg | 24mg | 36g[190kcal,6 g(27H)×62] | 요구르트 | 含含量含6.74.% | B | 까지 | 9  | DHA웨하스 | 아이밀 | 4m | 냥남 | 요구르트 | !/읽지정 | 36g[190 | 유통기한: | kcal. | 1550545 | 까지 | ST""LT | 9 | T2 | 서위하H | 스I | 삐a다여 | Y우하HH | 8 | OdoE | u | %9ε0 | 콤콤H어 | Ho | DHA분말 | 0.36% | LiE | 혼합분말 | 6.74% | 36g[190 kcal,6 | 9(2개H) × | NG | 아이밀 | 스 | 남냥 | 818011571550545 | DHA웨하스 | 유통기한 | 요구르트 | 까지 | 읽지정 | 아HA분말 | 0.36%. | 탄윤린 | 요구르트 | 含含量含6.74% | 24mg | m9 | 36 g[190 kcal.6 g(27H)×62] | NG | 아이밀 | 스 | 냥냥 | 81801157550545 | DHA웨하스 | 유통기한: | 요구르트 | 까지"
000914,2021,07,21,2021-07-21,s1,"26,000 | MOTHER | 일부터 | 2021-07:21 | 월까지 | ：10:3002088 | amm | MOTHER | 엄마로태어나다 | 아이엠마더"
000915,2021,07,21,2021-07-21,up2x,26:000 | MOTHER | 2021-07:21 | 기지 | 78:103002088 | MOTHER | 아이엠마더
000916,2022,06,06,2022-06-06,s1,"식의유일반식(기타가) | 원재료명 | 권장섭취량 | 및섭취방법 | 섭취시 | 주의사항 | 보관방법 | 고객상담실 | 내포장재질 | 구입처및고객상담실 | 연구및개발원 | (주)함소아제약 | 유통전문 | 서울특별시 강남구 도산대로 | 제조원 | 판매원 | 663127-16 | 100g（10g10） | 영양정보 | 1（10g）10kcal | 총내용량당 | 환 또는 보상받을 수 있습니다. | 1.5ag | 0% | 15 mg | 나트륨 | 1% | ※본 제품은 알류(가금류),메밀 | 29 | 1% | 20g | 탄수화물 | 6% | 땅콩,밀,고등어,게,새우,돼지기 | 2g | 2% | 20g | 당류 | 20% | 복승아, 토마토, 아황산류,호두 | 0g | 0% | 0g | 고기,쇠고기,오징어, 조개류 | 지방 | 0% | 0g | 0g | 전복,홍합 포함),잣 등을 원자료로 | 트랜스지방 | 0g | )% | 0g | 사용한 제품과 같은 제조시설에서 | 포화지방 | 0% | 0mg | 0mg | 제조되었습니다.※부정·불량식품 | 콜러스테롤 | 0% | 0% | 단백질 | 0g | 0% | 0g | 0% | 17mg | www.hamsoamall.com | 비E인C | 1.7 mg | 2% | 17% | www.hamsoapharm.com | 비E민B1 | 0.078mg | 7% | 0.78mg | 65% | 비타민B2 | 0.099mg | 7% | 0.99mg | 71% | SE'2B6 | 0.081mg | 5% | 0.81mg | 54% | 8180922612049351 | 2022.06.06 B"
000917,2022,06,06,2022-06-06,s1,"서시남구도산대로 | 원 | 16号/13-16 | 舌8%100g（10g*10至） | 총 내용량 당 | 영양정보 | 제은 일(가), | 서부 기준치에 대한 바을 | 1포당 | 1% | 29 | 2% | 29 | 전복,합포함),장을원 | 0% | 당 | 사용한제과갈은제조시 | 0g | 제조되었습니다.※부정·불정식 | 트팬스지방 | 0% | 1399 | 지방 | 0% | 0% | www.hamsoamall.com | ~% | 17 mg | 17% | 2% | 0.78mg | 65 % | 1.7ma | 7% | 0.07gmg | 7% | 0.99mg | F!B1 | 0.099mg | 비타민B> | diF:2B6 | 2022.06.06"
000918,2017,09,01,2017-09-01,s2,②모양만들기 | 쁘피 초콜릿 | 서늘한곳 혹은 냉장고약10분에서 | 간단하고 쉽게 만들 수 있는 | APPLICATION | WRAPPING TIP | Bread | 유통기한 | Cardens | 잘녹은 ①을 티스푼 등을 | 이용하여 몰드에 채운다. | Tip 입회용말주머니를이용하여 | 돌드에 당으면 깔끔하게 차을 수 있어요 | 귀여운동물모양의 | ③굳히기 | 귀여우면서도다양한 모양과 | 초클릿을군한다 | 크기의동물얼굴초콜릿을 | 화이트핑크엘로우3가지색상으로 | Tip 초클릿이군기 전에몸드를바닥에치면 | 표먼이 매끄러운 초골릿을만들 수 있어요 | DIY제품이에요 | 활용도가높은다크초코펜이 | 들어 있어 다양한 모양의 | ④장식하기 | 나만의 초골릿을만들수 있어요! | 따뜻한 물에중당하여 녹인 초코펜으로 | 다양하게장식하여 완성한다. | Tip 다양한 모양과 색상으로 꾸민 초콜릿을 | CR코드를 통하여 확인하세요 | 응용예 | 응용예 | 응용예 | 귀여운동물들의표정을 | 동그라미와하트초콜릿을 | 초코펜을이용하여 | 푸드데코펜을이용해 | 띠초콜릿을초코덴을 | 이용하여 귀여운인형을 | 다양하게 표현해보세요 | 메시지를쓰고케이크나머핀 | 이용하여 롤리랍스틱과 앞뒤로 | 만들 수 있어요 | 위에 올려 장식해보세요 | 붙이고 예쁘게 포장해보세요 | 202 1.09.17 | FCM003 | 8809409690124
000919,2022,03,11,2022-03-11,s1,"3.150 | 시고기 | 800 | 국산 대파를 사용하여동정건조한 | 리얼슬라이스 | 생생대파 | 해표 | °해표리얼슬라이스 생생대과 특징 | °해표리얼습라어수생과 사용방법 | 다시다 | 국, 탕, 피개,불용슬라이스 대파가 | 필요한 모든 요리에 가능 | 믿을수있는 높은품질의국산 농산을 | 동결거조공법으로 고유의맛과항을유지 | 한스의을 대가 | 복원되면 요리에 어주세요 | 18:월은보관으로간면 | 해먹여형,캠핑등·백게구대가능 |  탕,찌개용 | 8,개+ | 제품명 | 해표리얼슬라이스생생대 | 내용량 | 식품유형과·채가공품 | 포장재질 | 유통기한후면 하단표기일까지 | 원재료명 | 吾号堂卫划室 2017052530116 | 까대파97%(국산),올리고당 | 보관방법 | 제조원 | 주의하시기바랍니다.동결건조 제품은 습기에 약하므로개봉 | 후에는가급적빨리사용하시고,장기 보관시잘밀봉하여냉 | 장·냉동보관하여주십시오.부정· 불량식품신고는국번없이 | 1399：080-900-6133（） | ·반품 및 교환장소:구입처 및 고객상담실·dr.sajo.co.kr | 사조 | 2022.03.11"
000920,2022,03,11,2022-03-11,s1,3.150 | 생생대파 | 2弄：080-900-6133（个享） | 2022.03.11
000921,2022,02,25,2022-02-25,clahe,ICC | | | PAPER | 쌀가루40% | EXP:20220225AU | 라이스페이피
000922,2022,02,26,2022-02-26,s1,RUGE | PAPEP | 쌀가루40% | 라이스페이피 | EXP:2022/02/26 AU
000923,2020,01,02,2020-01-02,s1,02.01.20:49.N0 | 천안신 | 유통기한 | 까지 | GT | 아인슈타인 | 100%/1A | 두뇌구성성분DHA | 머리가 마시는 우유! | 아인슈타인
000924,2018,02,02,2018-02-02,s1,2입 | 02.02.18:17.M0 | 천안신 | 유통기한 | 까지 | 남양 | 맛있는 우유GT | 100%1号司！ | 우유 | 맛있는 | 우유 | GT | 대한민국최고등급!
000925,2018,02,02,2018-02-02,s1,2임 | 02.02.18:17.M0 | 맛있는 우유GT | 100%1号司！ | 우유 | 앗있는 | 후유 | GT | 대한민국 최고등급!
000926,2021,06,10,2021-06-10,s1,2021.06.10 H | 맹 | 연유 | 일 | 71521元500g | 1452克0.01%/） | 일까지·병법실 | 유유-유통기한:용기상단표기 | OTHER
000927,2021,08,23,2021-08-23,s1,"허니머스타드 | 닭가슴살샐러드, 소시지 | 김요리에 잘 어울립니다 | 식품유형 소스 | 晋号至卫州堂200104450534 | 원로명정제수,식물성유지외국산이르 | 티니이국중국러드스터13% | 미국산시초머스터드 소글터메릭,파프리카,기타과당,설팅 | %5% | 지분이니다식,정소금난황액,오련지식이섬유 잔탄검 겨자분 | 한 곳에 보관,개봉후에는 냉장~0c보관 | 하시고 얼지않도록 주의하십시오. | 객심실0--부 | 2021-08.23 | OTHER | 15:27 | 까지"
000928,2022,03,13,2022-03-13,s1,DE [ECCO | 식품위생법에 의한 한글표시사항 | 500ml | 1001250220028 | 13/03/22 L19520 | C2211:40
000929,2022,03,13,2022-03-13,s1,ut ttllo | 500ml | 13/03/22L19520 | 022
000930,2021,07,29,2021-07-29,s1,2021·07:29까지 | 17198122 | 오행복출만 사랑가특일
000931,2021,07,29,2021-07-29,clahe,2021-07.2903 | 1719B122 | √행복출만 사람가득°
000932,2036,05,01,2036-05-01,s1,E0E1.05.36 | 10:38 F1
000933,NONE,NONE,NONE,NONE,fail,
000934,2021,02,10,2021-02-10,s1,크 | 뚜껑HDPE | 을아 만들었습니다. | 21.01.25체조 | 21.02.10까지 | 영양정보 | 190m/10kcal
000935,2021,02,10,2021-02-10,s1,니다 | 21.01.25M炎 | 21:02:10까지 | 영양정보 | 90m/110kcl
000936,2021,10,19,2021-10-19,s1,청국장 | 다담 | 2021.01.20 | 2021.10.19 | 530g(4/7） | 8801007097268
000937,2022,06,11,2022-06-11,s1,热080-99-7 | 적수 | 2022.06.11.09:49
000938,2022,06,11,2022-06-11,s2,  | 2022.06.11.09:49
000939,2021,10,28,2021-10-28,s1,2021/10/28 | LR0190 | HSTEN
000940,NONE,NONE,NONE,NONE,fail,HSTEAS | 2 | HERSH | /28 | w | O00 | HO? | HERSh | 3038188 | 3 | ㅇ | 2026138128 | ㅇ | 3 | 7 | R | 8.4 | HS
000941,2021,07,02,2021-07-02,s1,UU | FUNG | CRUNCH | RUL | MATES | MATES | BEST BY | 20210702 | 1800741 | 17:28 | RUNCH | MATES | acho | rorta | Chip
000942,2021,05,29,2021-05-29,s1,"PROD 29 08 2020 | EXP 29 05 2021 | Wib Yornr | TT1OY | B 03 | 18:30 | Cheese Snack Biscuits, Ingrect | Wheat Flour, Vegetable Ois | Sunflower', Dried Cheese (12%) | PowLersd Cheese, Natural Fa | (Chuese), Yeast Extracl. | Siucose Syrup, Salt, Dris | Earley Malt Extract, Raisl | (yimmonium Bicarbonal | Eicarbonate), Acid (Lacti | Flavearings (Pepper, Cay | Milk, Gluten. May alsccont | (p)s | Salgo ye | pgall"
000943,2020,08,28,2020-08-28,s1,"PROD -28 08 2020 | 29052021 | Cheese Snack Biscuits. | Wheat Flour, Vegetable | Sunfloweri, Dried Cheese (12s | PowLerrd Cheese, Natural R | (Chuese), Yeast Exracf | Siuuose Syrup, Salt, Dr | Earley Malt Extract, Rais | (mronium Bicarbons | Eicarbonate), Acid (Laci | Flavcirings (Pepper, | Milk, Gluten, Mmy alsc | J,J"
000944,2021,07,03,2021-07-03,s1,gullón | .(a | PROD: 03/04/2020 | EXP:03/07/2021 | L3080942022:13
000945,2020,04,03,2020-04-03,s1,gullón | PROD:03/04/2020
000946,2021,09,30,2021-09-30,s1,2021.09.30 | AVE11E 12:16
000947,2021,09,30,2021-09-30,s1,2021.09.30 | AVE11E12:16
000948,2021,10,24,2021-10-24,s1,80 | 53501GrascmtGermany. | X | Caipohydrates | L4924000499134 0019 | Production Date: 24/07/2020 | Best Before Date: 24/10/2021
000949,2021,10,24,2021-10-24,s1,Praduclon Date:24o7/2020 | Best Before Date 24/10/2021
000950,2022,09,16,2022-09-16,s2,Swiss m | 쿠키앤초코 | alz | az | 2022.09.16.14:27진천 F | 성이영위위
000951,2021,04,05,2021-04-05,s1,"02:14 | 2021,04.05 | 까지 | HERSHEY'S | 허쉬초콜릿드링크 | ORIGINAL | 오리지널 | 235×4 | *동일날짜로포장된 상품입니다."
000952,2021,04,05,2021-04-05,s1,"02:14 | 2021,04,05 | 허쉬초콜릿드링크 | HERSHEY'S | ORIGINAL | 오리지널 | 号235L×4 | -동일날짜로 포장원 상품입니다."
000953,2021,02,05,2021-02-05,s1,연출이미지 | 90.33% | 는햄등심 | 100% | Phrs | IO□ | 촉촉하고 담백한 | BEER&PLNTTER | 융무 | 21.01.07 | 21.02.05 | B | 8801057869629 | DA1
000954,2021,02,05,2021-02-05,rot90,햄등심 | NN | 촉촉하고담백한 | 100% | 21.02:05B | BEER&P | Phre | 생식용
000955,2022,01,25,2022-01-25,s1,비스트 | 하비스! | 달콤한선울이가득! | 롯데제과 | facebook | 22.01.25 22:51 | 까지 | x3움3
000956,2022,01,25,2022-01-25,s1,하비스트 | 한니스! | facebook | 22.01.25 22151 | 까지
000957,2021,02,22,2021-02-22,s1,주/ | 영양정보 | 秀8270m|15kcal | 号暑10mg1%量299%2 | 0%% | 35 | 量0mg0%0% | EIComg0%7g2%0mgo3 | 트F-몰리에 | 1일영양성기치에대한비은 | 기준이므로개인의 필요 열량에 따라다를수있습다 | 은과육 | 보하시고 | 유유를 | 31.01.29제조 | 통관본사 | 21.02.22까지 | 기준에 | 페트 | A- | 8801114139844
000958,2021,02,02,2021-02-02,clahe,영양정보 | 套48820m/115kca | 35 | -0d | Ong 0EDg0 비EPAgE | - | 车1C0mg0%合7mg2800 | 号200 | 21:02:2 | e] | 8801114139844
000959,2022,07,19,2022-07-19,s1,"초고추장 | 새콤달콤 초고추장 이야기! | 싱품한라임/건강한올리고당/건강에좋은매실/곳한다늘 | 19504901206 | 소지본사서울특별시동대문구 천호대로26 | 원로명 고추장이있고추양념중국산),물면 소맥분(밀미국,호주 | 일을 정제소금,실당,정제수,기타과당,구연산마(중국신 | 라임농축액미국신,발효식초0,5%올리고당,매실농축역 효모분말 | 대두일힘유 | 모장자질 용기리드자-몰리어달린,뚜-몰리프로필렌 | ·사늘하고 건조한 곳에 보관,개봉 후에는 냉징보관 | ·본제품은 소비자기본법에 의거 교환또는 보상 | ·반품 및 교환장소:본사 및 구입처 | 080-019-919（ | DAESANG /ndeng.COn | 영양정보 | 100g8220kc | 号170mg86国个4815岁3737不 | [일 영영성분 기준치 대한 은 20으 | 는 이 분수거하여 용. 소한 자원 곳한  | 2022:07.19"
000960,2022,07,19,2022-07-19,s1,초고추장 | 새콤달콤초고추장이야기! | 영양정보 | 2022.07.19
000961,2023,10,21,2023-10-21,s1,2023/10/21 | L02956.001A | 2일 파스타소스와 더욱 | 어울립니다 | 폰타나 | 의 시작 | 파니아 | 파스타면의 비밀 | 스타면의 선택이 파스 | 100% | 4의맛을좌우합니다토 | 듀럼밀의 배유를같아 | 올한 감마니아는 듀럼 | 사용한 탄력있는 식감의 | 으로 유명합니다.듀럼
000962,2023,10,21,2023-10-21,s1,2023/10/21 | L02956.001A | 量2+100%
000963,2023,11,14,2023-11-14,s1,2023/11/14 | L20640 | 쿼스파게티면 맛있게십 | 릭스 | Fresco | 쿼스파게티는 | 이탈리아 정동기술로 | 을 만들어빠르게 | 좋은 파스타는 좋은 | 조리가가능한 | 스파게티입니다. | 듀럼밀 세올리나(밀)에서 | 시작됩니다.스파게티를 | STEP1 | 잘아는특별한당신을 | 위해프리미엄 맛을 가정에서 | 간편하게 즐기실 수 있도록 | 준비하였습니다. | STEP | 量2100%
000964,2023,11,14,2023-11-14,s1,2023/11/14 | L20640 | Fresco | 좋은 파스타는 좋은 | 듀일 세리나(일)에서 | STEP1. | 시작됩니다 스파게티를 | 잘아는 특한 당신을 | STEP
000965,NONE,06,02,NONE-06-02,s1,"DT&SPRUNGLI GMBH·수입판매업소:(주)농심 서울 | 방동)·유통기한제품 뒷면의 표시일까지(일월년순,첫번째 1= | 세조일자원재료명설팅,코아매스,코코아버터무수유지방, | 영양정보 | 100g530kcal | 12mg4%6.2g11% | (E701.13)J25 | ood SA | Mah. Baglargid. No:14 | DE-52072AACHEN | 23.07.202 | L5700 17 | Prod. date / Fecha de producción / Data de | fabricaco// | 3""046920""029674 | (//) | 100g NET | STORE IN A COOL AND DRY LACE | Consenar en lugar frescoy seco· Consenar em loc | /Serin ve kur yerdesal"
000966,2021,08,10,2021-08-10,s1,"1Le | 10/08/2021 | ZUMO DE UVAMOSCATEL. | L-H000:121622 | MUSCAT GRAPE JUICE. | EN MUSCAT GRAPE JUICE. | Muskaatvinamarjamahl | Simon iL. Pressitud | kcal, rasvad Og sh kllstunud | rasvhapped Og. ssivesikud | 16.3gshsuhkrud16.3g | kiudained Og, valgud 0.2g sool | 제영시온착습 모스카텔주스 | 8L(650kcal | 심품유형과체주스"
000967,2022,10,17,2022-10-17,s1,"제품명 | 녹차원녹차라떼 | 식품유형 | 고형차 | 내용량 | 130g（13g×10） | 내포장재질 | 폴리에틸렌 | {야자경화유(외국산:인도네시아 | 말레이시아산 | 필리핀산 등)38. | 유크림(호추산 | 19.2%，是50 | 유지(외국산:말레이시아산 | 원재료명 | 네시아산,말레이시아산,필리핀산 | ）77%51% | 녹가산 이산소,글리신 | 구연산나트륨,요구르트향코톤 덕스트린 | 합성향료(요구르트향) 합성향료(사이다향) | 합성향료(레몬향) 레본오일 라임오일 | 오렌지오일 아라비아검)정제염(국산) | HERS | 우유,대두함유 | 문의 및 교환처 본사 및 구입처 | 품목보고번호 | CHOCOU | 업소명 및 | 소재지 | 공장소재지: | 433 | ：021597-3949 | 적조하고 있습니다.·직사용선 및 곡온다습한 듯을 피해 건 | 공정거위원회시소비자 | 분쟁 해결기준에 의거 교환 또는 보상을 받으실 수 있습니다. | 유통기한 | 2022.10.17"
000968,2022,10,17,2022-10-17,rot90,HEAS | 내포장재질 | 제품명 | 원재료명 | 유통기한 | (3 | WWW.NOKCHAWON.CO.KR | H | x10 | 2022.10.17 | i유 | 楼子周1824284 | 包室433 | 까지
000969,2022,06,30,2022-06-30,s1,"emgdi | tecindi soiarm naturale divaniglial, | conratilme%miriss5% | mandore nocciole Latee cereali contenent | 영양정보 | .6g | 100g458 | 45 %]. | 0mg0%3g5% | 25ge-4410 | 468 | 1962100 | im ho ascuto | Pride | Dabimsnte entro fine: | 2022/06/30 | L157828 | 13:05 | MA IMBONATI 59, MILANO (ITALY). | RALE EUROPA 14, SENAGO (MI)."
000970,2022,06,30,2022-06-30,s2,"Pride | L157828 | do citri | ngi, frun | c trus | rich | olat | jus | b9 | 영양정보 | 100ge458 | Kcal | 45 % | omal | ukrt. | 档0时量0m90%／2号32.5% | 61,63 | ratten. | OOH | sne-2410z | (uaden 2es) | e | A | 1381 | ntat frais et sec | Im-nte entro fine: | 2022/06/30 | ho ze avant fin: | 13:05 | MA(MBONATI 59, MILANO (ITALYI. | ALE EUKOPA 14, SENAGO (MII."
000971,2021,11,11,2021-11-11,s1,"3 | 빙그레 | 색소·향료 | 무첨가 | ""Kids sna | '와 | 친구들 | 치즈 | 2021.11.118 | 까지 | 칼습함유철분함유7까지 비타민 | I초콜릿 칩 싱글 | 허쉬"
000972,2021,06,25,2021-06-25,s1,2021.06.25 | ChocolateMilk | 푸르릴 | 생초콜릿우유
000973,NONE,NONE,NONE,NONE,fail,LOCAdeHONES | 플로어 하니 | 식물유형 | LOCAdeHONES | 4 | 그라 | R용공 | Fe  | LOCAdCHONEY | 1 | Uunael | BEST EY | 021222 | LOCAdebONES | mnde | 제품명 | 물로버 허니 | 식물유형 | [] | 수입원 | 제a심 | - | 2
000974,NONE,NONE,NONE,NONE,fail,LOCRLMONEP | LOCRLHONEH | L
000975,2023,08,03,2023-08-03,s1,Fresco | 프레스코 후실리 | (FRESCO FUSILLI) | 좋은 파스타는 좋은 듀럼밀 | 세몰리나(밀)에서시작됩니다. | 파스타면의한종류인 후실리는 | 프레스코후실리는신선한 | 꼬불꼬불돌돌말린 나사모양이 | 듀럼밀 세몰리나(밀)를  | 특징입니다. | 선별엄선하여  합니다 | 샐러드나 파스타로 요리해 먹으면 | 뚜기 프레스코파게 | 간단한일품 요리가 됩니다. | 함께 하시면 전문스피니점의 | 꼬불간소양때문에 쉽게 | 맛을 가정에서도손쉽게 | 면이 | 붙지 않고 소스가많이 묻어 | 즐기시 수 있습니다. | 맛을풍부하게 느낄 수 있어 | 리거 교환 | 간단히 기분 전환용 간식으로도 | 드살수 있습니다 | 2023/08/03 | L20434 08 | 8801045360553 | ·제조원: | Pastificio Fabianelli S.p.A | 오뚜Jmars | 이프매원: | 주시회사오뚜기 | 경기도 안영시 동안구 총안대로 46
000976,2023,08,03,2023-08-03,s1,프레스코 후실리 | Fresco | (FRESCO FUSILL) | 파스타면의한 종류인 쿠실리는 | 꼬불끄볼돌들말린 나사 모양이 | 특징입니다. | 샐러드나 파스타로 요리해 먹으인 | 간단한 일품 요리가 됩니다. | 하여. | 2에계 | 않고소스가많이어 | 하시면전점의 | 느수있어 | 앗을 게 | 기단하기분 전환용 기시이로 | 가+있습니다 | 드O수 있습니다. | 2023/08/03 | L20434 | Pastificio Fabianelli Sp.A | 이매원: | 옴또기
000977,2020,11,03,2020-11-03,s1,03 11 20 20 | 03112021 | 222A3 | snuead pue
000978,NONE,NONE,NONE,NONE,fail,"222A3 | 31í | ""uossuued sepun pesn dnou uogeepul zeapuow | oul soudduud zopepuow | Aq peinqusi pue pouodul | u uupeuo sanpoud sesseood osje jeug juudinbe uo paungoenuew | sinueod pue | uouo ogeuls pue pued jo aue sae poo | d uedIo qwabay peugoop-oN enS nol eum uopaibul | DVIN ISVMHOANI | pue | 1 | NCC | NWW | VSOUBS | cc | 08 | MINIl OREO and device are trade | ° | ·· | lnc | der | KOMPOSIS: TEPUNG TERIGU, GULA MINYAK NABAT MENGANDUNG | ANTOKSIDAN TBHOI BUBUK COKLAT, SIRUP FRUKTOSA PENGEMBANG | (NATRUM & AMONIUM BIKARBONAT), GARAM, PATI JAGUNG. PENGEMULSI | MENGANDUNG ALERGEN, LIHAT DAFTAR BAHAN YANG DICETAK TEBAL | (LESITIN KEDELAl), PERISA SINTETIK VANILA | DIPRODUKSI PADA PERALATAN YANG JUGA MEMPROSES BISKUIT YANG | INFORMASI NILAIC | MENGANDUNG SUSU DAN KACANG | JUMLAH PEN SAIAN/AM | Kemel-ContainsAntioxidant TBHO (INS319mCocoaPowder.FructoseSyrup. | ingredients. Wheat Flour, Sugar, Non-Hydrogenated Vegetable Oil Palm, Paim | Enerer TotaR/Tota En | Energi dari Lemake | Raising Aoents (Sodum Bicarbonate (NS5oo(i), Ammonium Bicarbonate | ONS503Salt.ComStarch,Emulsfier(SoyaLecithin(NS322Nature | identical Vanilla Flavour. | Food additives are of plant and synthetic origins. | Allergen information: Contains wheat and soya. | Manufactured on equipment that also processes products containing millk | and poanuts. | Nab | PRODUCT OF INDONESIA | UR AA be | Imported and Distributed by: | B378Dr.ASantosAvenue.ParanagueCity.Phlippines | Mondelez Phiippines Inc. | ConsumerResponseCenter:(02)820-2866 | phconsumercare@mdiz.com | MiINIl OREO and device are trademarks of | Mondelez Intermational group used under permission. | DONEGIA | … | 93113839 | 222A3 | 02 | O | ""uopsspuuad sepun pesn dnou puogeuueul zejapuow | -ul souddund zopopuoy | :Aq peinqusi pue pepodul | Mi Duupeuoo sonpoud sesseooad osye peg uudinbe uo panjoeynuon | sinueod pue | ubuo ouls pue pued jo aie sapDe poo | DNVOA NVO NSNS DNNANVDNAW | 0301 | 0311 | ° | 2 22A3 | ab | w7 | uossuued aapun pesn dnoul uogeueul zeepuo | ARATEE | jo syeUepeu Be aaep pue OBO INIw | woozipwpeuraueunsuooud | [ne] | oulsuud aepuow | ab | Aa pejnqusia pue pouoduj | miu Duupeuoo sonpoud sesseooud osje ie suauadinbe uo paunoejnuew | synueod pue | upouo oguvs pue iund jo aue lenalppe poo | d'ed qaben paeueoop-uoN bns'nolum suepebu) | ANTSAMPBIMVESAMAOMSIAMPEISAESAMRRRMIAMPURSAMMIISUS | wv/irvsiadivimnr | AUIIAMSVCSANSANRHIAMEAYPSAMARRINONIRISANIUNTINII | ONT S N SNNN ONNONGONIE"
000979,2020,12,15,2020-12-15,s1,오리온 | 후레쉬베리 | FRESH BERRY | 801117545512 | 2020. 12. 15>08: 53 | 221.06.14F2
000980,2021,06,14,2021-06-14,s1,후레쉬베리 | 2020-12-1503:13 | 2021.06.147=2
000981,2021,08,08,2021-08-08,rot90,OQ:4431631 | 20210808 | Rouno | 'RiCpS | Great | THICKE
000982,2022,02,15,2022-02-15,s1,"USEBY 15FEB22B 09107 | Clara | Pan-steak Beyf& Bro | Ole | PASTA SAUCE | ltalian Style | Cook penne according to package ims | •In a pan, saute garic onions and dho | Bend in Car Oe Italn Style"
000983,2021,08,20,2021-08-20,s1,AKBAR | 식품위생법에 의한 한글표시 | 제품명 | 히비스커스허브티(HIBISCUS) | 식품의 유형 | 침출차(허브티) | 원료및함량 | 00% | 중량 | 100g | 포장재질 | 폴리에틸렌 | 보관방법 | 건냉한 장소에 보관 | 반품및교환 | 수입원 및구입처 | 제조원 | Akbar Brothers Ltd. | 수입/소분원 | （032)672-3742 | （）1800-9750 | 판매원 | 교환또는보상을 받을수있습니다. | 유통기한2021.08.20 까지 | OTHER | 200~250ml | 90~100℃ | Black Tea 2~3분 | Herbal Tea 3~5분
000984,2021,08,20,2021-08-20,s1,BAR | 식품위생법에 의한 한글표시 | 식품의 유형 | 히비스커스 허브티(HIBISCUS) | 원료 및 항량 | 침출차(허브티) | 중량 | 포장재질 | 보관방법 | 플리에틸렌 | 반품 및 교환 | 건냉한 장소에 보관 | 수입원 및 구입처 | 제조원 | 수입/소분원 | 0032)672-3742 | 판매원 | （）1800-9750 | 유통기한 2021.08.20 까지
000985,2022,02,02,2022-02-02,rot270,c22-2-2 | 962810107
000986,NONE,NONE,NONE,NONE,fail,EXPDEC-28-2021 | L0TGC184296 | EFDE2021 | NOW | SMPPoN | 임영 | EXPiDEC-28-2021 | LOT:OC184296 | NOsW | EXP-DEC-28-2021 | 10 | L0TGC184296
000987,2022,02,02,2022-02-02,rot180,Ba2/2-22-2CEE1 | DONO
000988,2021,01,22,2021-01-22,rot90,EP: DE1-22-2021 | Newt | NANGO
000989,2020,07,20,2020-07-20,clahe,27 | DA CONSUMARSI PREFERIBILMENTE ENTRO IL: | PREPARATO A BASE DI | BEST BEFORE: | GRASSO VEGETALE | ALUNGA CONSERVAZIONE U.H.T. | DA MONTARE E PER CUCINA | P20/07/20 | 14:54:2309 | MIX | responaible sources | Board from | FSC | KOg | FSCC014047 | 1000mle | da | for | Whipping | Montare | Pooking | e perCucina
000990,NONE,NONE,NONE,NONE,fail,ALUNGA CONSERVAZIONE U.H.T. | 1000mle | Whipping | Montare | HOPIA | eperCucina | PREPARATO A BASE DI | DA CONESMAARA PREFERRLMENTE ENTIO IL | GRASSO VEGETALE | BEST BEFONE: | DA MONTARE E PERCUCINA | MUX | 14-34:232409 | FSC | F8C-C014047 | da | DECTNOOAA | 1000mle | e perCucina | da | DA MONTARE E PER CUCINA | PREPARATO A BASE DI | Whippin | ZIONE U.H.T. | fmos | op | mmyoo3 | 10 | omnd | bnddmM | rop | 10 | ∠POFIOO-O84 | XIN | C | WENTE ENTRO IL | PREPARATO A BASE DI | DACONESNARTREFER | ALUNG CONSERVAZIONE U.H.T. | GRASSO VEGETALE | BEST BEFORE | DA MONTAREE PER CUCINA | 20 | MIX | 14:34:2309 | 200 | ESC | P80*C014047 | 1000mle | Montarea | Wnipping | Pooking | epercucina | PREPARATO A BASE DI | GRASSO VEGETALE | DA CONSUAARSI PREFERIELMENTE ENTRO IL | A LUNGA CONSERVAZIONE U.H.T. | BEST BEFONE | DA MONTAREEPER CUCINA | 2P2697261 | MUX | F2007 | 14.34:2309 | FSC | F8C-CG14047 | 1000mle | for | Whipping | da | fCooking | Montare | HoPIA | e perCucina
000991,2021,03,04,2021-03-04,s1,"10% | 6% | 8% | until thickend; stir. | 10% | It source of | Cholesterol, | time is approximate. | in A, Vitamin C, | Jes are based on a | ITE HOMINY CORN | ERALS: NIACIN, | THIAMIN MONO- | VIN, FOLIC ACID. | ods Sales, Inc. | Ralcorp Holdings,Inc. | MO6318-618 | 14173-D | R096153 | WITH | FG-ZG1-A#10a | SINEERING | 12NK09119 | BEST BY MAR 04 2021 09:34"
000992,2021,03,04,2021-03-04,up2x,"Stoy stiringnstes stiinedum neat | Cok s to 7minutes; stiring frequenty | 10% | Reinove from heat; cover; let star | 6% | 4. | untit thickend; stir. | 8% | For thkcker grits ese less wator; for thin | 10% | ise more wuter. | 인 | Due to cirterences In microwave ovens | source | ol. | time is approximate. | C. | cholesterc | Vitamin | ona | ORN | DMINYO | S:NIACIN. | WIN MONO. | FOLIC ACID. | 14173-D | sies,Ine. | Holdings, Inc. | R096153 | 62182-3618 | FG-ZG1-A#10a | NEEAING | 2NKO9119 | BEST-841MAR 04 2021 09:34"
000993,NONE,02,18,NONE-02-18,fail,4본바코드 | OTIC | 백도요거트 | 92 | 18까지 | :49.F1G | ∞ | 8 | 4본바코드 | 0 국 | 바여내 | 18까지 | IOOTIC | 6 | 백도 요거트 | (VU) | OT- | A | 97号100起 | 200 | 8 | 801121510179 | 早号201849716） | 품여내A | 4본바코드 | 8 | 백도 요거트 | 02.18 | 2018H | 15:49.F1G | IOTIC | 4본 바코드 | ∞° | 1801121510179 | 백도요거트 | 20184 | 2000 | 97元号1000起
000994,NONE,NONE,NONE,NONE,fail,02 | .18까지 | T5:49.F1R | PROB | 0 | 18까지 | a dd | PR OB | IYICSI | 02.180 | T5:49.F1R | PROB | 02.180 | 15:49.F1R | P RO B
000995,NONE,NONE,NONE,NONE,fail,PROB | PROB | PROB | 18까지 | PROB
000996,NONE,02,17,NONE-02-17,fail,1 | .19까지 | :10F1E | R OBIO | 4본 바코드 | 8 | 8011 | 딸기요거 | 8 | 4본 바코드 | 0 | 영c | 10.F1E | 온까지 | P R OBIOT I C | 딸기요거 | QT' | 8 | 80112151010 | ] | 02 | 19까지 | 13 | :10.F1E | 4본바코드 | 8 | 801 | 딸기요거 | 1 | 02.17A | 13:10-F1E | PR OBIOT I C | 4본 바코드 | 880112151010 | 딸기요거
000997,NONE,NONE,NONE,NONE,fail,131826 | 딸기요거 | 4본 바코드 | 8 | 4본 바코드 | 연륨 | PROBIOTIC | 딸기요거 | 비EA | 880112151010 | EA | 우3:1요까지 | 4본 바코드 | 8801121 | 딸기요거 | 1510 | 18 | PROBIOTI C | 4본 바코드 | 880112151010 | 딸기요거
000998,2021,11,11,2021-11-11,s1,"B0 | Graisshaft, Germany. | ren | 유사용한 제품과 같은 | H제조하고 있습니다. | 정거래위원회 고시 | 해결기준에의거교환 | L49240005130901614 | Production Date: 11/08/2020 | Best Before Date: 11/11/2021 | 001686301555"
000999,2021,11,11,2021-11-11,s1,50 | en | Date:11/11/2021
001000,2021,09,07,2021-09-07,s1,pod0 | BEST BEFORE | O7 SEP 21 | 30811L5
001001,NONE,NONE,NONE,NONE,fail,BEST BEFORE | 308115 | 27 | 3081 | Hunt | Sesameal | &Palmers | 1822 | 0) | Chpu | CRACES | 200gNETM2 | ENDo0 | 808 | STLL8O5 | OTPEOR21 | 308115 | LEN. | BEST BEFORE | OSEP2T | 308115
001002,NONE,NONE,NONE,NONE,fail,2022.08 | 2022.0824 | 2022.08 | 202.
001003,NONE,NONE,NONE,NONE,fail,80 | 80 | 20
001004,2020,08,10,2020-08-10,s1,크 | 허니머스타트 | 영양정보 | 기지에  | 트랜스지방0g | 클레스테를 0mo | 농심 | 2020.08·10까지 | A3121606 | Muytard | toner
001005,NONE,NONE,NONE,NONE,fail,동심 | Muytard | 포화지법 | CCP | Tuytard | 심 | R욱 | pom | n욱 | () | tocd | rad | 0 | -k8 | 6 | 02 | 9 | an | OK | 허니어 | 0 | 2.93 | PD | 마a일니다 | 3020:08-1026 | 9A31包1606 | Muytard | nel | 영양정보 | 30 년일 | 보ab | -RP | n지 | 포화지병 그9요 | a.mg | 프레스대표 | 는 마입니다. | HPCOP | 동심 | na | -반품 및고면 | 3030:08/1027 | 8312包1606 | 801043-036748 | Muytard
001006,2022,06,29,2022-06-29,s1,·직접섭취및각종요리에적당한양을넣어사용하십시오본겨품은소비자 | 老488500g/l00g8210kcal | 분생해결기준에의거교환또는환불받을수있습니다.직사광선을피해 | 量3520mg176%全站量3611%8导2727% | 실은에보관하시고거봉후에는냉장보관하시는 것이좋습니다.오리들수록 | #316%国型人大度08王内0.8:5% | 상이진해결수있나 자연수성에의한 현상이미로안심하고서도됩니다. | 콜렉스터를 | Fe9g16%#合0mg | ·본제품은 최고기서우조개홍합을사용한제품과 같은 제조시설에서 | 1399 | 품질유지기한:2020.12.30 | 8801161501687 | 2022.06.29까지
001007,2022,06,29,2022-06-29,s1,2020.12.30 | 2022.06.29
001008,2022,11,24,2022-11-24,s1,"No Brand | HIBISCUS HERB TEA | 히비스커스허브티 | 과잎 | No Brand는 이마트의 상표입니다 | 식통용 침출차포장재질여과포(PA),실(P),내포장(PE) | 히비스커스10(외국산이집,나이지리아,수단산등) | ·보분상의주의사항:고온다습한곳을피하고개봉한차는밀봉하여 | 서늘한곳에 보관하십시오·본제품은공정거래위원회고시소비자 | 해결기준에의거활또는 보상받을수있습니다본제품은 OTR | 복승아,메밀,대두를사용한 | 제품과같은 제설에서 | 2입습니부정불량 | 曙0/1399 | 8809580861344 | 2022.11.24"
001009,2022,11,24,2022-11-24,s1,히비스커스 허브티 | 3연가 우니다 | No Brand는 이아의상입니다 | 00 | VGO 일대사8한 | 에 | 8809580861344 | 8522011399 | 2022.11.24
001010,2021,08,09,2021-08-09,s1,"B | 유통기한:별도 표시일까지 | 포장재질: 폴리프로필렌 | 반품 및 교환장소구입처또는 수입원 | 보상받을수 있습니다 | 분쟁 해결기준에의거교환 또는 | 보관하세요 | 바랍니다 | 귀리,밀,곡물 | DD/MM/YYYY(일/월/년) | 09.08.2021 08:43 | 해 | 이"
001011,2021,08,09,2021-08-09,s1,유통기한:별도표시일까지 | DD/MM/YYYY(일/월/년) | 09.08.2021 08143
001012,2021,11,10,2021-11-10,s1,6.500 | 5.980 | [Unabel] | 융ZIE | [unlael | DAESANG  | ·제조일: | 2020.11.11 | ·유통기한: | 2021.11.10
001013,2021,11,10,2021-11-10,s1,5.980 | 2020.11.11 | 2021.11.10
001014,2022,01,11,2022-01-11,s1,"EACUCK | 채소육수 | 간편한 | 더한육수베이스 | 사과로단맛을 | 우려내고 국내산 | 국내산채소를 | 250ml号是 | Vegetable Flavor | L-글루탐산나트륨 | 무첨가 | 2022.01.11.A | 미음,죽등에 | 사용하시면 좋습니다. | 본품 | 250ml | 육수 | 250ml | 완성 | %"
001015,2022,01,11,2022-01-11,s1,"CACUCK | 채소육수 | 간편한 | 더한육수베이스 | 사과로단맛을 | 우려내고국내산 | 국내산채소득 | Vegetable Flavor | 250ml号量 | Broth | L-글루탐산나트륨 | 무첨가 | 2022.01.11.A | 미음,죽등에 | 사용하시면 좋습니다 | 본 | 융수 | 250ml | 완성 | 26%02%"
001016,NONE,NONE,NONE,NONE,fail,"FRESH MOZZARELLA | PEARLS | BEI.GIOIOSO | REFRIGERATED | KEEP | BestByFEBi21/21 | 19:18NDL4C | OVL | MERICA'S FAVORITE CHEESE | (10%DV, | arnish a salad or have a healthy snack | PAS | (0% | Potas | FREE | RBST | BestBy FEB/21/21 | （6972208 | WYEN | 19:18NDL4C | STVH | VTTANVZZENHLEAH | SSOIOSTㅋO | BEI.GIOIOSO | FRESH MOZZARELLA | 1TIUIOS | AMERICA'S FAVORITE CHEESE | PEARLS | GLUTEN | FREE | RBST | 21/2g.""LittleOnes"" | FREE | arnish a salad or have a healthy snack | NutriingzzguntrinCal | To%m% | %F%% | Mein%%Calium%.on%olas.% | CTAFTEDIWICONSIN FROM PASTEURIZED MILK, VINEGAR, ENZYMES, SALT. | Noigicencsbeom  c tdiciloes. | NERN | 131142""00480 | 80z225g) | 9 | KEEP | REFRIGERATED | B2ESZRAIL | VTTAAVZZONHLEAH | 8/ | %0 | IISN | FRESH MOZZARELLA | MERICA'S | PEARLS | BEL.GIOIOSO | VORITE C,HEESE | EFRIGERATED | KEEP | FREE | RBST | 5m | BestByFEB/21/21 | 19:18 | FREE | GLUTEN | AMERICA'S FAVORITE CHEESE | FRESH MOZZARELLA | PEARLS | Garnish a salad or have a healthy snack | 21/2g."" | BEI.GIOIOSO | 31142""00480 | ""Little Ones"" | REFRIGERATED | KEEP | FREE | RBST | BestByFEBi21i21 | 19:18NDL4C"
001017,NONE,NONE,NONE,NONE,fail,"FRESH MOZZARELLA | 'EARLS | BEI.GIOIOSO | RRST | 119:18NDL4C | BestByFEB/21/21 | HEESE | Best ByFEB/21/21 | youus ay D aa o pe D sm | 19:18NDL4C | STIVHO | ATSITTZZEMHL EIH | OSOIOID크E | BEi.GIOIOSO | FRESH MOZZARELLA | CHEESE | AMERICA'S FAVORITEC | PEARLS | RBST | FREE | DLUTEN | FREE | Rarmish a salad or huve a healthy snack | TtalFtg%.asF.t1mg. |  avL.Total Car. wto fon Dv. Pter Oo (on DV.Toa Sucars Og thd cg Aded Buam. oN | FM.Poielnpto DV. v. D(os Ov.Calcum CaN DV,Hon (o DV, Poan o.DV | GTAFTECHIW.CONSIN FROM PASTEURIZED MILK, VINEGAR, ENZYMES, SALT. | NER | 0 | ED | 80吃25g) | OSOOISㅋE | FRESH | MOZZARELLA | GIOIOSO | ARLS | ORITE CHEESE | 19:18NDL4C | BestByFEB/21/21 | Total F | Nutritior:Faots Sor | (4%DVs | REE | STE | FRESH MOZZARELLA | GTAFTEDNIW | MERIC | Nosignfr | Total Car | <10) | BEI.GIOIOSO | EARLS | ish a salad or | A'S | Fat | FAVORITE CHEESE | lsave a healthy snack | ittle | (28g) | Ones | Amnunt por | Og (inc | 15mg(5%ov.Sodou85mg | w0 | ENZY | A.O9 Added Bur | Potan (oy,DV) | IES, SALT | Calorks 70, | ATS,0% | FREE | RBST | 119:18NDL4C | BestByFEB/21/21"
001018,2021,05,01,2021-05-01,clahe,2021:05.1 | 1619 F1
001019,NONE,NONE,NONE,NONE,fail,
001020,2020,02,27,2020-02-27,s1,"유통기한 | 여러분의좋은아침을위하여 | Post | 현미로든한이침을 만들면 | 2020.02.27 | 손재갑 | 고소한현미 | 담당이 안전하게 만들고, | 09:06#2 | 까지 | 이혜정 | 담당이꿈끔히살팠습니다. | 좋은아침!좋은생각! | Post | 현미로든든한 아침을 만들면, | 고소한현미"
001021,2021,06,28,2021-06-28,s2,"100.元！ | 건국 | 여으 | LTT | KU | 건국유업 | 500g | 2021.06,28.4 | 10:33 | Sweetened | Condensed | mue | HONUKEUNIR | 경4 | 업게"
001022,NONE,NONE,NONE,NONE,fail,2021:06 | 10:33 | |00국원! | 연유 | 건국 | KU건국유업 | WKue | 그 | KU 0 | 100让！ | 500 | 202 | 건국유업 | 0 | fa | —” | 28 | 논게 | L | 논 | 이 | u | 90 | KU 8 | ML | 0이 | ESSOT | 82 | 20 | 121906 | |00.! | 연유 | 건국 | [KU연건국유업 | 2021.06 | 10:33 | 28 | |00국신원유! | 건국 | 연으 | Pod | KU | 건국유업 | 위나지 시 | 두경의 | 역게 | 가운
001023,2021,07,13,2021-07-13,s2,CAMBO0OLA | Imported | Use by: | Best before:13.07.2021
001024,2021,07,13,2021-07-13,s1,AMBOZOLA | Imported | Best before:13.07.2021
001025,2020,12,09,2020-12-09,s1,"양반 | 백합죽 | 든든한아침을책임지는 | 한끼 건강식 양반죽 | 유통기한 | 공한죽은 전통죽에현대적인 가치를디하여 | 14:26-2 | 1992 | 모020. 12.09파지 | 모든제르를 한번에 널고 오랜시간 저으면서 | 는 전통방식 그대로 담아재료 본연의 | 깊은 맛이 살아 있습니다. | 식풍의 유형 즉석조리식품 열근제품)에토르트식품 | 양한죽은 맛과 영양을 제대로 담아내어 | 181420g | 유통기한 상단별도표시일까지 | 한끼의 품격을 올리는 건강식입니다. | 12.4%（60%，40%）55% | 배트남신, 양반역합축육수대합조가농축에기조개살중국산,정계 | 양반죽1등비법 백합죽은 | 소금국산),조개농축액·디홍합/국산,정제소금국산),당근 참기름 | 조통방식 길은 맛:모든 재르를 한번에 넣고 오랫동안 저으면서 | 건표고버섯, 고소한풍미분말,양파농축액 | 대두,조개류홍합 포함함유 | 끝여 재르 본연의 맛이 살아 있는 |  19950227050198 | 쌀알이 긁고 깨지지 않은 | 국내산 참발과 업쌀 | *좋깃하고 담백한 | 본제품은공정거리유원회고시소비사분정하결기준에의거교환또는보상받을수입일다"
001026,2020,12,09,2020-12-09,s1,"양반 | 백합죽 | 든든한 아침을 책임지는 | 한끼 건강식 양반죽 | 한국은 전축에 현대적인 가치를 디하여 | 유동기한 | 모동로를 한면에 넣고오랜시간 저으면서 | 14:26-2 | 2020.12,09까재 | 는 전통광식 그대로 담아 재료 본연의 | 표론것이 살아있습니다. | 일축은맛과 영양을 제대로 담아내어 | 한끼의 품격을 올리는 건강식입니다. | 40 | root | 124%档60%40%号55% | 양반죽 1등비법 백합축은 | 생당식 길은맛:오든제래를한번데 그오랫동안저오연서 | 전표그고섯 교소한풍이분을 영화농축액 | 들여 재로 본연의 맛이 살아있는 | 인15 | '물일이 금고 깨지지 않은 | ·이제통은일 최기조기류물전목도회 오정어 4유 위 계B이제원 | 국내산참발과 입할 | 저품과같은 제조시설에서제조하 입습다·보변형업 1설온보관공! | *콜깃하고 담백한 | 동보관물들의 2개봉한제품은 변실의 우아의금격변대대원 | 은공원"
001027,2020,09,08,2020-09-08,s1,12:08 | 2020. 09. 08 | 까지 | 새로운앱 | 언스위트(무당) | Breeze | 몬드 브리즈
001028,2021,07,07,2021-07-07,s1,2021.01.08 B | 제조일 | 유통기한 | 2021.07.07 까지 | 맛있는 약속
001029,2021,07,07,2021-07-07,s1,e | 2021.01.08 B | 제조일 | 유통기한 | 2021.07.07까지
001030,NONE,NONE,NONE,NONE,fail,"HERSHEY'S Kitchens | 98BKA1 | 102022 | 2 cups sugar | 1 tsp. salt | 13/4cups all-purposeflour | 2 tsp. vanilla extract | 2eggs | 3/4cUp HERSHEYS Cocoa | 1 cup milk | 1-1/2tsp.bakingpowder | 1/2 cup vegetable oil | ""PERFECTLY CHOCOLATE"" | 1-1/2tsp.baking soda | 12 cup (I stick) butter or margarine | 213CupHERSHEY'S COCOa | 3 cups powdered sugar | 1/3 cup milk | 1/2 cup sugar | 14 cUp HERSHErS COcoa | 1/3 cup hot water | 4 cups milk | 3/4 tsp. vanill extract | BAKING CHOCOLATE | HERSHEYS ""PERFECTLY CHOCOLATE"" | CHOCOLATE CAKE | 1cup boiling water | CHOCOLATE FROSTING (recipe follows) | 1 tsp. vanilla extract | Dash of salt | OLEVEL | TABLESPOONS | OF COCOA | OTABLESPOON | DOUNCE | SHORTENING | UNSWEETENED | OLEVEL | OROIL | BAKING CHOCOLATE | TABLESPOON | OF COCOA | ②TEASPOONS | SHORTENING | EDTEASPOONS | DOUNCE | SUGAR | SEMI-SWEET | HERSHEYS -PERFECTLY CHOCOLATE"" CHOCOLATE FROSTING | HERSHEY'S Kitchens | 1-1/2tsp.bakingsoda | 3/4CupHERSHEY'S COCOa | Dash of salt | mioctur | 3/4tsp. vanillxtract | 1/3 cup hot water | 1/2 cup vegetable oil | cup milk | eggs | 1tsp. salt | OROIL | = | CHOCOLATE FROSTING (recipe follows) | ""PERFECTLY CHOCOLATE"" | cup boiling water | 2 tsp. vanilla extract | | | 10 | 98DBKA1 | .Cool 10 min,; remove from pans to | 2022 | 1 tsp. vanilla extract | DOUNCE | smartlobelM | SCAN HERE FOR MORE | FOOD IMFORMUATION | 2202 0L | 3 | L | "" | + | inun ee | lles jo useo | sebns sdno 7 | SNOODSVICAE | SNOODSV | NOOdSTML | SNOOSTVL | 엔 | SMOR | Nes jo useo | Jens dno Z |   | epos bueq dstZl-1 | Jebns sdno7 | 2202. 0k | suap! | HERSHEY'S Kitchens | 98UBKA1 | 10 2022 | HERSHEYS ""PERFECTLY CHOCOLATE"" | CHOCOLATE CAKE | 2 cups sugar | 1tsp, salt | 2 tsp. vanilla extract | 1-3/4cupsall-purposeflour | 2eggs | 3/4cup HERSHEY'S Cocoa | 1cup boiling water | 1cup milk | 1-1/2tsp.bakingpowder | ""PERFECTLY CHOCOLATE"" | 1/2 cup vegetable oil | 1-1/2tsp.baking soda | CHOCOLATE FROSTING (recipe follows) | CC E CH  CH  IG  | HERSHES-PERFECTLY CHOCOLATE"" CHOCOLATE FROSTING | 12cup(1stick)butterormargarine | 213cupHERSHEY'SCoCoa | 3 cups powdered sugar | 1 tsp. vanilla extract | 1/3 cup milk | FAVORITE HOT COCOA TOP OF STOVE SERVINGS: | 12 cup sugar | V4.cupHERSHEY'SCOCOa | 1/3 cup hot water | Dash of salt | 4 cups milk | 3/4 tsp.vanilla extract | 11 | @LEVEL | TABLESPOONS | OF COCOA | OTABLESPOON | DOUNCE | SHORTENING | UNSWEETENED | OLEVEL | OROIL | BAKING CHOCOLATE | TABLESPOON | OF COCOA | TEASPOONS | SHORTENING | EDTEASPOONS | DOUNCE | SUGAR | SEMI-SWEET | BAKING CHOCOLATE | . | HERSHEY'S Kitchens | 크8DEEA1 | 102022 | HERSHEYS ""PERFECTLY CHOCOLATE"" | CHOCOLATE CAKE | 2cups sugar | 1tsp. salt | 2 tsp. vanilla extract | 1-3/4cupsall-purposeflour | 2eggs | 1 cup boiling water | 3/4cup HERSHEY'S Cocoa | 1cup milk | ""PERFECTLY CHOCOLATE"" | 1-1/2tsp.bakingpowder | 1/2 cup vegetable oil | 1-1/2tsp.baking soda | CHOCOLATE FROSTING (recipe follows) |  C H L CHOCL O IG  | HERSHEYS -PERFECTLY CHOCOLATE"" CHOCOLATE FROSTING | 1/2 cup (Istick) butter or margarine | 213cUpHERSHEY'SCoCOa | 3 cups powdered sugar | 1 tsp. vanilla extract | 1/3 cup milk | g | FAVORITEHOT COCOA TOP OF STOVE 6 SERVINGS: | 1/2 cup sugar | 114CupHERSHEY'SCOCoa | 1/3 cup hot water | neqopuos | PHE RARNRE MR | Dash of salt | 4cups milk | 3/4 tsp. vanilla extract |     | LEVEL | TABLESPOONS | ITABLESPOON | DOUNCE | OF COCOA | SHORTENING | UNSWEETENED | OLEVEL | OROIL | BAKING CHOCOLATE | TABLESPOON | OF COCOA | ②TEASPOONS | 3DTEASPOONS | DOUNCE | SHORTENING | SUGAR | SEMI-SWEET | BAKING CHOCOLATE"
001031,NONE,NONE,NONE,NONE,fail,"IERSHEY S Kitchens | 98DEKA1 | 102022 | ERSHEYS -PERFECTLY CHOCOLATE"" | HOCOLATE CAKE | 2 cupt sugar | 13/4cupsall-purposeflour | 1tsp, salt | 2 tsp. vanilla extract | 3/4cup HERSHEYS Cocoa | 2eggs | 1cup boiling water | HV2upbulangpowder | 1 cup milk | 1/2cup vegetable oil | -PERFECTLY CHOCOLATE"" | LU2tup.bokingsoda | CHOCOUATE FROSTING (recioe folowt) | TH | MESHEYS-PERFECTLY CHOCOLATE CHOCOLATE FROSTING | 2 cup butter or margarine | 23OpHERSHEYSCOCOa | 3 cups powdered sugar | I tsp, vanilla extrac | 1/3 cup milk | 12 cup tuge | COHRSHEYSCocOe | 13 cup hot water | Dech ed ua | 4 cups mik | 3/4 tsp. vanulle extract | OTALESPOON | OOUNC | SIORTEHNG | = | ARING CHOCOLATE | EETENED | OHR OL | OCOCOA | OTAROON | GORTDANG | EIDTEASPOONS | OOUNCE | - | MIRACCHOCOLAE | IERSHErS Kitchens | HEYS-PERFECTLY CHOCOLATE"" CHOCOLATE FROSTING | 30 | HITEHOT COCOA TOP OF STOVE 6 SERVINGS: | RSHEYS CocOB | unta | + | Leggs | 1 tsp. salt | Ø | rTI | min. Stir in bo | CHOCOUATE FROSTING (recipe fo | 1 | cup boi | 98DEKA1 | 1 | 2022 | 1 tsp, vanilla extr | smoricbeo | SCAR MEE PR WORE | FOOD SWFGRHUTION | uecopouse | 2207 | = | Jebns pajap | = | ino | eueA ppe"" | s66a | auue6 | oul | Dol | - | HOOSTEVLO | DHNEELHOS | + | TATe | wtins dnoz | MnaE/L | Jebms paiapmodsdnse | epos buea taZn | inou asodund-le sdno E | 3es -dsai | ebns sdeoZ | 220Z | 10 | 98DBKA1 | IERSHEYS Kitchens | 102022 | IRSHEY-PERFECTLY CHOCOLATE"" | . | HOCOLATE CAKE | 2cupt sugar | 1 tsp, salt | 2 tsp, vanilla extract | 1.3 cups all-purpose four | 2e9gs | 3/4CUp HERSHEYS Cocoa | 1cupk | 1cup boiling water | tiz ep beong pouder | V/2 cup vegetable oil | -PERFECTLY CHOCOUATE"" | L-u2 tap baking soda | CHOCOLATE FROSTING (recipe feto |  oCnd ourbcoud bang pCobidyreebo | ds Co ORORey. FrONE Wih-PERFECTLY CHOCOLATE CHOCOLATE FROSTING I2 uNRg | TQ | MRMEYS-PERFECTLY CHOCOLATE CHOCOLATE FROSTING | a cuec buteror margarine | 2BOUP HERSHEYSCOCOR | 3 cups powdered sugar | 1 tsp. vanilla extrac! | 1/3 cup milk | amount adaoralmk.yaeded.Sstr invas. About 2 cups frosting | TANOHTEHOT COCOA TOP OF STOVE 6 SERMINGS: | 12cup tug | 4eppGHErsCocos | V3 cup hot water | Dehdiak | 3/4 bp. vaie extract | Acupa m | OUML | 7 | OG | OURL | BAINGDRECOLAE | UPEASPOON | OOUNCE | S8DEK.A1 | ERSHErS Kitchens | 102022 | ERSHEYS""PERFECTLY CHOCOLATE"" | HOCOLATE CAKE | 2 cups sugar | 1 tsp, salt | 2 tsp. vanilla extract | 13/4cups all-purpose flour | 2eg9s | 1cup boiling water | 3/4cup HERSHEYs Cocoa | 1 cup milk | ""PERFECTLY CHOCOLATE"" | Hi2p bangpowder | 1/2 cup vegetable oil | CHOCOUATE FROSTING (recipe folow) | 1U2 tg.baking soda | eeounto 3sor Grease and four two 9-inch round baking pans. Combine dryingredients in aorge Cow | em m oi and vanila: beat on med tpeed 2 min Stir in boling water (batter wil be thinl. Pour intop | einso- aor untal woden pick inverted in center comes out clean Cool Io min:remove from p | mie tcis.Crc | etey, FrOSt With""PERFECTLY CHOCOLATE-CHOCOLATE FROSTING. 12 SeV | MERSHEYS-PERFECTLY CHOCOLATE CHOCOLATE FROSTING | i2 cug  sc butter or margarine | 3 cups powdered sugar | 1 tsp, vanilla extrac | 2CUpHERSHEYS COcOa | 1/3 cup milk | urount additional milk, if reeded, Stir in vanilla. About 2 cups frosting. | FAVOHITE HOT COCOA TOP OF STOVE 6 SERMINGS: | y2 cup sugar | 13 cup hot water | OpHERSHEYS CocOB | Dusha sae | A cups milk | 3/4 tsp. vanilte extract | .ceo.ed suatin wvcepan, stir in water.Cook and stir | o ue tbd se 2 miutessee in | ehen. Do NioT BolL eRemove from heat, add vanila. | OR | OUVL | TAARLLSPOONVS | OTAEOON | OOUNCE | UNRWEETENED | SSORTEHG | CIR ORL | RAKING CNDCOLATE | AAK3S | CCOHE | OOUNCE | MDFLA | LEM SEET | IMONG CKOCOAR"
001032,2019,07,16,2019-07-16,s1,HACCP | 22 | Fresh Chopped Noodle | 우리입앗에 | 짓가라 후루족 | 것하고통동한 면말이 | 내입닷에딱! | 2019.07.16까지 | F1김지영 | 1kg5~6 | 인분 | （cal85al
001033,2019,07,16,2019-07-16,s1,"복조리 | Fresh Chopped Noodle | 입양o | 7국 | 한 | 2019.07.16까1x1 | F1""김지영 | 1kg5~62是"
001034,2021,06,28,2021-06-28,s1,"감위 레드칠리맛 | 식품유형 | 과자(유처리제품) | 겉바속바 | 감자플레이크(독일산:감자, 유화제) | 미강유(태국산),소맥전문(독일산) | 옥수수그래율(옥수수, 옥수수조제분말 | 이산화규소),소매부 방유,질리양 | 미립당,산도조절제,질리맛풍미분) | 정백당,결정셀룰로스,식울성크림 | 감자맛분말,합성향료,정제염 | 레드 칠리맛 | 밀,대두, 토마토,우유,새우 함유 | 포장재질 폴리프로필렌 | 유통기한 후면 표기일까지 | 속도바색! | 19720154001460（） | ·쇠고기,돼지고기,게,땅콩,잣, 계란,닭고기 | 오징어, 조개류(굴, 전복,홍합 포함)를 사용한 | 제품과 같은 시설에서 제조하고 있습니다. | ·직사광선을 피하고 서늘하고 건조한 곳에 보관 | 구운칠리맛 | 하십시오.개봉후바로드십시오. | 양념이들뿐 | 그을 보이는 질은 갈색이나 검은색는 | 원료의 | 일부분도 전하고 드셔도 됩니다 | ·소비자기본법에 의거 교환,환불하 십니다. | ·반품:본사 및 구입한 곳. | ·신선도 유지를 위해 질소충전포장을 | 하였습니다. | 2021.06.28까지 | 2A31129 | 영양정보 | 320kcal | 三350mg18%午量36g11% | ·본사: 서울특별시 동작구 | 3.6g4%18g33% | 112 | 0 | 0mg0%3g5% | 2 열량에 따라 다를 수 있습니다."
001035,2021,10,07,2021-10-07,s1,"T | 믿우유,대두함유 | 총 내용량 9g | 영양정보 | 巴弄64.4g64% | 382kca | 7.6g14%0g | 0.3g1% | 量量24.3mg8% | 개인의 필요 열량에 따라 다를 수 있습니다. | Made in Germany | 수입원매크로통상(주전화. | :n | 02-6300-8181 | /10-3-11523-1-1281 | 271502（a） | 본 제품은 공정거래위원회 고시 소비 | S Cream Candies | 원산지:독일 | 해결기준에의거 교환 또는 보상받을 | 있습니다반품 및 교한구일처또는 | Produced by/Producedat/제조사: | AUGUST STORCK KG | 부정불량 식품 신고는 국번없이 | Lecithin (E322),Flavour. | Paulinenweg12,33790Halle | (Westfalen),www.storck.com | Imported by: SHRIRO (M) SDN BH | www.werthers-original.com | () | Distributed by | Section1A46100PetalingJaya | Matrix Star Marketing Pte Ltd | Malaysia,Tel:+60378749842 | 22 Sin Ming Lane, Midview City | Couverture nt'I Trad. Corp. (membe | #04-84,Singapore57399 | Composite Group)Makati Gity, Philp | PROD.07.07.2020 | EXP. 07.10.2021 | PP | 10120.0-2681-5081 | DR38E | 포장재질: | 폴리프로필렌 | 90n | 보관요령:직사광선을 피해 서늘하고 | ：90g（382kca | 건조한 곳에 보관 유통기한:제품에 표시한 | e 90g | Net Weight:"
001036,2021,10,07,2021-10-07,s1,"제품명:워더스오리지 | AROO | 영양정보 | 5%2%naausnnia | 路369g18% | 包0.3g1% | al1%（n（Ns3220)） | 之间话243mg8% | 수입환 매크로통상제전화 | :Daa | 02-6300-8181室人H坐 | 271502（8aTE） | /10-3-11523-1-1281 | 본제품은 공정거래위원회 고시 소비 | 원산지:독일 | 해결기준에의거교한 또는보상받 | ©Cream Candies | 있습니다 반품및교한,구입처동립 | IgredinsSGluSp,GmCOndd | Producd byPodxeda | 부정볼량 식품 신고는 국번업이 | Whey,Butter4.)Cae Sp,mfer Soy | AUGUST STORCK KG | Lecithin(E32z), Flavour. | Panwe233790ae | (Westalen,wwstarc.con | Imported by: SHRIRO (M) SON BX | www.werthers-original.com | Se400Peang | ( )s | MtaSar Markeing PeUd | MaeTeL+6037874832 | 2Sin Ming Lane, Midiew Gty | Couverturel1ad Corplmem | Sil Bebef | sngpore79 | CompositeGp)MatP | PROD, 07.07.2020 | (n2 | EXP. 07.10.2021 | 10120.025081 | DR38E | 포장재질 | 폴리프로필렌 | 90 n | 含型：90g（382kc | 보관요령:직사광선을 피해 서늘하고 | e90 | 건조한 곳에 보관 유통기한.제품에 표시한 | 일까지.읽는법:상(PROD.)-제조일)"
001037,2021,03,18,2021-03-18,s1,옹징어 | 2021.03.18까지 | 100% | 질구뭐서 | 론 구운 오징어채 | LH2：200
001038,2021,12,28,2021-12-28,s2,EXP:2021.12.28 DDFL TF29
001039,2021,12,28,2021-12-28,s2,EXP:2021.12.28 D0FL TF29
001040,2022,04,15,2022-04-15,s1,EXP:2022.04.15 DDER TJ16
001041,2022,04,15,2022-04-15,s1,EXP: 2022.04.15 DDER TJ16
001042,2021,09,13,2021-09-13,s1,protein | amilid | 13.09.21 | Bes beroe/mindestens haltbarbis:
001043,2021,09,13,2021-09-13,s1,dmilio | 13.09.21 | Best bero./mindestens haltharbis:A
001044,2021,04,30,2021-04-30,s1,2000000770024 | 30-04-2021 | L.DEM27BLO | 1111805
001045,2021,04,30,2021-04-30,s1,2000000770024 | 30-04-2021 | L.DEM27BLO | 1111805
001046,2021,10,07,2021-10-07,s1,"No Brand | 식품유형 | 초클릿가공품 | MADE FOR CONSUMER | 제조사 | NATRA MATISA | 수입원 | 이마트서울시성동구 성로 31 | （8+27）02-380-5678 | 유통기한 | 제품 뒷면별도 표시일까지(일/월/년원 | 버터오일해비라기레시천 | 지ㅅ초코바 | 원재료명 | anut Chocolate Bar | 버티오일,코어스바라레 리버 | 정보 | 252g | 우유땅콩함유 | 100g 500 kcal | 포장제질 | 폴리프로필렌 | 1일 영양성분 | 기준치에대한비율 | 보관방법:직사광선을피해건조하고서늘한곳에 보관해 | 170mg | 9 % | ·본 제품은 계란,대두,밀을 사용한 제품과 같은 제조시설 | 52g | 제조하고 있습니다. | 16 % | g | ·본 제품은 공정거래위원회 고시 소비자 분쟁해결기준에 의거 | 44 % | 교환또는 보상받을수있습니다. | 52 % | 0.2 g | 반품 및 교환장소:구입처 및수입원 | 12 g | 80 % | Omg | 3 % | 18 % | （%2000l | 필요 열량에 따라 다를 수 있습니다. | 000000292618 | 07/10/2021"
001047,2021,05,12,2021-05-12,s1,No Brand | 브랜드가 아니다. 소비자다 | 2021.05.12B5 | UMM | BEARS
001048,2021,05,12,2021-05-12,s1,2021.05.12B5 | 9 | UNIM | BEARS
001049,2022,01,06,2022-01-06,s1,Brand | 브랜드가아니다.소비자다 | 최적의 소재와제조방법을찾아 | 가장최저의 가격대를 만드는 것 | 이것이 노브랜드의 이념과 철학 | 당시이스마트컨슈머가 되는길 | 홈스타일 로제 | 스파게티 소스 | 2022.01.06 까지C | Homestyle Rose Spaghetti Sauce | N29 | E | 노브랜드의이념과실천
001050,2022,01,06,2022-01-06,s1,Na Brano | 브랜드가아니다. 소세자다 | 처적의소재와제조장법을찾아 | 가장저의가려대를 만드는 | 이것이 노분랜드의 이념과철하 | 홈스타일 | 로제 | 스파게티 소스 | 2022.01.06까지C | N129
001051,2022,12,20,2022-12-20,s1,"자몽차 Grapefruit Ta ra | No Brand는 | 부어잘저은후드십시오여름에는차게겨울에는따뜻하게드시면좋습니다. | 제품명 | 자몽차 | 식품유형액상차 | 내용량 | 2.000g | 50%50%）50% | 백설탕,정제수,사양벌꿀(국산) 1.5%, MC,구연산 카라기난 | 제조원 | 유통전문 | 판매원 | 포장재질 | 유리(뚜껑:주석도금강판/내면:PVC) | 유통기한 | 하단별도표기일까지 | 품목보고번호 | 본관방법: 직사광선을피하고개봉 후에는뚜껑을닫아 | 반드시냉장보관하십시오 | 본제품은 공정거래위원회 고시소비자 | 분쟁해결기준에의거교환 또는 보상을 | 받을 수있습니다 | 11399 | 반품 및 교환장소:구입처 및제조원 | 뚜껑:철 | 유통기한 | 2022.12.20"
001052,2022,12,20,2022-12-20,s1,자몽차 Grapefruit Tea | |식품유형 액상차 | 명자차 | 50%50%50% | 정제수 사양(15OM  | 리K무경주식도감/인:PVC | 보관방법 직사광선을 피하고개봉 후에= 뚜명을단아 | 분제을거래위원회 고신 소비지 | 기에의거교한또는 보상 | 반용일교한장소구입처및제조원 | 2022.12.20
001053,2022,09,01,2022-09-01,s1,"건강기능식품/프락토올리고당 | 유형: | 3500 | 2.5gx60（150g） | 원료명 및함량:프락토올리고당,무수결정 | 포도당,볶은귀리분말,결정셀률로스, | 유산균혼합분말 우유 함유 | 내포장재질:폴리에틸렌(PE) | 직접 또는 물과 함께 섭취하십시오. | 섭취 시 주의사항: | 분은 성분을 확인 후 섭취하여 주십시오. | 와 상담하십시오. | 파손 등에 주의하십시오. | ：20003 | 유통기한:2022.09.01 | 까지"
001054,2022,09,01,2022-09-01,s1,"건강기능식품/프락토올리고당 | LH号号：2.5g×60至（150g） | 3500 | 원료명및 함량:프락토올리고당,무수결정 | 포도당, 은귀리분말,결정로 | 스테아린산마그네슘, 자일리를,이산화규소, | 유산균혼합분말 우유 함유 | 내포장재질:폴리에틸렌(PE) | 직접 또는 물과 함께 섭취하십시오 | 섭취 시 주의사항: | 와 상담하십시오 | 파손 등에 주의하십시오 | ：20003 | 유통기한:2022.09.01 | 까지"
001055,2022,08,10,2022-08-10,s1,9.980 | 9.980 | 보이차 | TEAZEN | 모이자 | TEAZEN | 히비스커스 | 2022.08.10 | 36g（18gx2062.5%
001056,2022,05,27,2022-05-27,s1,헛개나무열 | 쌍 | 감잎차음용법 | 우리기 | 한번 넣은 차는 2~3회 우려 드서도 좋습니다. | *기호에 따라 물의 영.감임의 양을 조절해서 드셔도 좋습니다. | 감잎차의 제조공정 | 2022.05.27 | 제품명 김동곤 명인의 감잎차 | 내용량 30g | 100% | 내포장재질 폴리에릴렌 | 유통기한 별도표기일까지
001057,2022,05,27,2022-05-27,s1,찾개나무열다 | 2022.05.27
001058,2021,10,14,2021-10-14,s1,국연컵전 | 감자전 | 2+1 | 3.280 | 2+1 | 3.280 | 2021.10.14까지_DU5 | 10:28
001059,2021,10,14,2021-10-14,clahe,2+1 | 3.280 | na2b | 280 | 2021.10.140 | 10:28
001060,2022,06,23,2022-06-23,s1,보관시지퍼를 이용하세요 | SUNGJIN | 100% | 찹쌀가루 | Glutinous Rice Powder | 2022.06.23까지 | 100% | THE
001061,2022,07,04,2022-07-04,s1,"제조일자: | 2021.01.05 | 유통기한: | 2022.07.04 | 까지 | ·식품의 유항고추장·내용량50g·원재료명및 량물엇고 | 号卫920.9% | 영양정보 | (국비,정제수 천일국센)기루20월고추국센,주정,대두, | 号260mg128%站号46g14%号2g23% | 정제소금,대두분,국산가루,국두은·포장질 | 기무경-유리드인·변통및교처전국관·보 | 을 때 실은보개 후 장보·식이 진해 | 2000ca | 지는 것은 숙성에의한 한상으로 안심하고 드세요·부정불증 | 이므로 개인의 필요 열량에 따라다를 수있습니다. | 식품 신고는국변입이 13·본 제통은 소비자분정 해결기준에 | 의,보상가능·이제품은 말을사용제과같은 제조 | 시실서 제조하고 있습니다.조시제이제당(주/중 | 도논보 "
001062,2022,07,04,2022-07-04,s1,파조일지: | 2021.01.05 | 유통개한 | 2022.07.04 | 2
001063,2022,01,04,2022-01-04,s1,제조일자: | 2021.01-05 18:26 CA2 | 유통기한: | 2022.01.04 18:26까지 | un번b | 영양생기에(은2c이으로 개의요
001064,2022,01,04,2022-01-04,s1,제조일자: | 2021.01.05 18:26 CA2 | 유통기한: | 2022.01.04 18:26
001065,2022,05,04,2022-05-04,s1,"100% | 국내산 | 해표맛내기분말이 좋은 이유 | 원료에서 공정까지, 업격한 품질관리시스템을 거쳐안심! | 최적의 온도에서로스팅하며잘 우러나는국! | 100% | 제품명 | 맛내기분말 | 식품유형 | 기타가공품 | 내용량 | 40g(5gx87H)） | 유통기한 후면 하단 표기일까지 | 0 | 원재료명 | 55%4% | 건무4%(무:국션,건당근2%당근:국선) | 사우 조류홍합 함유 | 제조원 | 유통전문판매원 | 포장재질 |  2014033226135 | 보관방법 | 습기나 직사광선을 피하여 서늘한 곳에 보관해 주십시오. | 개봉 후에는 냉장보관하여 주시기 바랍니다. | 같은 제조시설에서 제조하고 있습니다. | 반품 및 교환장소:구입처 및고객상담실 | ·포장재가 날카로우므로개봉 및사용시주의하십시오 | ·본 제품은 공정거래위원회 고시 소비자분쟁해결기준에 의거 교환 | 또는보상을 받을 수 있습니다 | 0013sajo. | 유통기한 | 2022.05.04까지 | 8801200252"
001066,2022,05,04,2022-05-04,s1,적의온스딩잘우나는  | 100%电 | 유동기한 후면하민 | 45%（24 | 5%#225%（4%牌 | 24%保8822%（82 | (주)강고집/경기도 남양주시 진간을로 | 유문(사조대/경도연시성 | 기나 직사명선을피하여  곳에 보배 주십시오 | ·반품일 교광장소:구입처 및고객상당실 | ·부정불량식를 신고는 국번업이19 | （）：080-900-61330.c | 유통기한 | 2022.05.04까지1
001067,2021,12,06,2021-12-06,s1,2021.12.06 | 리:조은이 | PEACOCK | 서울요리원 | 야채해물 | 깊은맛을더해주는
001068,2021,03,01,2021-03-01,s1,9인에름 | 2021.03.1 | 100%对骨 | 선별된자 | 레프릴레이 | 100%寸话 | 영양정보
001069,2021,03,18,2021-03-18,s1,2021.03.18
001070,NONE,NONE,NONE,NONE,fail,"피너 | 영진 | 01.24 A | 떠먹는 | 불가리스 | 든든한끼 | 통곡물과 국내산 오곡으로 든든하게! | 바니나약 를 귀리 내산오 | 칼로리는 낮지만 포안감 가득한 곤익과 바나나로 가법게! | 바나나& 곤약 | 150g | PRE MIU M | 150g | 통곡물과 국내산오곡으로든든하게! | 든든한끼 | 불가리스 | 떠먹는 | 01.24 A | 바나나 & 곤약 | 1+3 | +Z | 2+1 | 떠글글 | 2+1 | J능군정1거거 | -   | X/8 / |    | 6OGL | 승군 정거거 | 깨네온플를 폴이눈처내논 교름눈을 | |떠 | 금글 | kn | 848 | 3 | 01.24A | 떠먹는 | PREMEUM | 불가리스 | 든든한끼 | 통곡물과 국내산 오곡으로 든든하게! | 바    | 칼로리는 낮지만 포인감 가록한 곤약과 바나나로 가법게! | 바나나 & 곤약 | 150g | + | + | nbe | Enioy thre Qualt, | 01.24 A | 남양 | PREMIUM | 떠먹는 | 불가리스 | 든든한끼 | 통곡물과 국내산 오곡으로 든든하게! | 칼로리는 낮지만 포만감 가득한 곤약과 바나나로 가법게! | 2국냉산 온곡 | √ 바나나√ 곤약√ 롱곡를 귀리 | 바나나 & 곤약 | 150g | 3.74%0.15%102/g/800"
001071,NONE,NONE,NONE,NONE,fail,01.24 H | 불가리스 | 한끼 | 든든 | 동곡물과 국내산 오르으로 토든하밍! | 떠먹는 | 바나나스공약 | 1508 | 동곡물과 국내산 오르으로 토든하게! | 든든한끼 | 불가리 | 떠어는 | 01.24 | I떠글글 | 2+ | HA | I | oln. | 글글 | |떠를 | loln | .10 | 01.24 H | 떠먹는 | 불가리스 | 든든한끼 | 동력물라 국내신 오력으도 토도채개! | U | [nabe | 1509 | 01.24 | 떠먹는 | 불가리스 | 한끼 | 든든 | 동곡물과 국내산 오르으로 프든차게방! | U | 150
001072,2023,09,18,2023-09-18,rot90,AUTHENTIC | SPAGHETTI | 이탈리아정통 | 스파게티 | OF ITA | L38M | 2023/09/18 | Product of | M1 | ITAL | 08:30 | 이탈리아 전통의 파스타 전문 제조기업에서 생산된 정통 스파게티입 | 100% | 5-6인분
001073,2023,09,18,2023-09-18,s1,TS. | l더프Y | NHHHLNV | 2023/09/188 | 5-6015 | L38MM1:
001074,2021,09,30,2021-09-30,s1,"（16.1%1%） | 254% | 3.4%），（22%），13%） | 추출을,합성향로(바닐린형,카라멀향)우유대두함은 | 유당,지분유 전지분은 ,합성(버발형,상), | 먹아추출물 우유 대두 함은 | 영양정보 | 奇75g470 kcal | 영양정보 | 量54.8mg3封量34.711%3232% | 85mg0.4%量242 | 229%内2349 | 国26.174128mg36 | 国档17.19114%上45 | %）00 | 으  다대 수입습니다 | 号1（200 | ·리도불체이즐넛·식품유형·일크초클릿·원재로명:설당,식물성 | ，（14.9% | 제로명:설당, | 하이슬넷4.4%),유당,유지방,탈지분유 시,이추출물 | 코코아버테(24%),식물성유지 | 백은,전지분유 | 합성행로(비닐린형,카리행우유,대두 은 | 탈지분유,레시틴합성향(비 | 유,대두함은 | 영양정보 | 怡375g240kcal | 55m16.6 | 영양정보 | 240ktal | 0.184340 | 国67955等163916 | 国129865.6mg196 | 国135990%期64g2号国29 | （0 |  수 | 30/09/2021 L4620"
001075,2021,09,30,2021-09-30,s2,BBEMEEME사:LUNOTSSRNGU (SOHEZ)AG 원 | - | 22 | 임정보 | 148875g4704c | 영양정보 | 548093B含聘34791138聘329323 | 509040242 | 订35365805 | 0 | E | 14 | 우유. | 경영정보 |  489 37 5 g 240 kcal | 영양정보 | LR | HICHLY MELTARLI | KIEF COOL | QUALITYGUARANTE | SWIESMADE | MANMTACTUUPINNWIEIELAND OY | LNDTA | UNDTAVRAINA | 30/09/2021 | L4620
001076,2021,07,31,2021-07-31,s1,BEST BEFORE | 2021.07.31 | EPLPOM | 75261 | erving eize:28 g | Avg. Quantity | Avg. Quantity | 2890kJ (691Cal) | #1067
001077,2021,07,31,2021-07-31,s1,IRA | BEST BEFORE | 2021.07.31 | EPLPOM
001078,2023,09,24,2023-09-24,clahe,SELL BY 20230924 CRURU
001079,NONE,NONE,NONE,NONE,fail,ITEM ERIOI | 1WOr6 B | I0 | SELL BY 2023 09 24 CRURU | ITEM | SELL BY 202309 24 GRURU | 산지:미국 | 일까지(년월일준) | ：946ml | TEMF12191 | 일지로 | 명시 | 2 | NlNbl | 포장재질 | 의 | 시 | Apple | B USA | TON
001080,2022,09,12,2022-09-12,s1,"코코아매스9 % | 터,전분가공품,맥아엑기스,전지분골드1, | 당,합성향료2종,효소제,효모 | 21.10.13 D | 롯데제과 | ·달걀,쇠고기,돼지고기혼입 가능 | 까지 | 7g*3）/1（37g）210kcal | 2297% | 量11911% | 温号210mg11% | 90만 | 4.9933% | 지방 12 9 22 %트랜스지방 0.5 90만 | 8953% | 497% | *2）/1（39g215kcal | 고객지원 | g8% | 元13913% | 080-024-6000 | 6940% | 5% | 8801062879144 | http://www.lottecongaik"
001081,2021,06,17,2021-06-17,s1,4.9g9% | 개인의 필요 열량에 따라 다를 수 있습니다. | HACCP | 대포장 지퍼백 사용법 | 1개봉할때 | 2닫을때 | 그림처럼후면에표기된 | 잡는곳부분과이와 | 개봉후 그림처럼 | 대칭되는 전면부분을 | 지퍼를닫으면 | 잡아개봉해 주세요 | 제품의 신선도를 | 유지시켜 줍니다. | 2021.06.17까지 | 261536 | 농심 | 공객상담 수신자요금부담 | 080-023-5181 | ·본사: 서울특별시 동작구 | www.nongshim.com | C0CO112(IC） | ere registered trademarks of iTw
001082,2021,06,17,2021-06-17,s1,대포장 지피백 사용법 | 2닫을때 | 제품의 신선도를 | 2021.06.17外X | 0B26钟企量1536 | 농심 | 고객상담 수신자요금부담 | 080-023-5181 | ·본사:서울별시 동작구 | 0112）
001083,2021,07,09,2021-07-09,s1,응성실 뚜정용기나면 | 2021.07.09 | 까지 | 18：42 | HACCP | ：809069309190 | :HDPE | 영양정보
001084,2021,07,09,2021-07-09,s1,2021.07.09 | 까지
001085,2023,10,09,2023-10-09,s1,"Tasters | 초이스 | Choice | 제품명:테이스터스초이스 오리지날 식품유형:커 | 기한:아래에 표시된일자까지원재료명및 | 5336 | TTE-Nestle(Korea) Co., Ltd. | 뚜껑:PP | 2023.10.09 | 20:38 | 02843657"
001086,2023,10,09,2023-10-09,s2,초이스 | 오리지빌 | HACCP | 피업소명 및 소재지:롯데네슬레코리아 주식회사 | 기한:아래에 표시원 일자까지 원재료명 및 | ：100%： | 8号早量：1981041500250：咨星在号 | 위행 개형 후에는 건조학공 성능원 곳에 박들 | 시일를 보관하이 거피의 및관 함을 김식하서 | 요·집소축전· 제품은 공전기래위원의고 | 신 소비자 분생 해길 기준에 이건 교환 또 | 보 | 6336. | 3eo -Tastors Choice is areg stored | nark Used under license. Distrbuted | TTE-Nestle(Koroa) Co Ltd. | 유리 | 2023.10.09 | :PP | 02843657 | 20:38
001087,2022,06,14,2022-06-14,s1,2022.06. 14
001088,2022,06,14,2022-06-14,s1,2022.06. 14
001089,2023,08,05,2023-08-05,s1,"알로기유들질 | L87.5% | mde ti dur biolbgica | ent mola biologia de rigo duro | 1399 | www.gedfood.co.kr | beguten),agua | 영양정보 | sche deegwaren van harde tarwe | 至鲜不购187% | enten: bioiogisch meel van harde tanwe | 레스 Omg 0% | 60g109% | Po2eo | 500g e- 1,1 Ib | Daconsumrs preerblmententro/Mindesens albarbe | Prodot intl Hergesteltin ten/ Produod | ntaly/Proout en tale / Producido en tal / | Geproducrdin tale | Vialiceti7azzoN.a | tel390462508600fax+390462508681 | ua UE / EU Agricuture | Cueratorecontrolato.n91898/ | Best before: | ContrlleOperatorn189 | 05/08/2023 | L03232970"
001090,2021,04,16,2021-04-16,s1,"종가집 | 2020.07.17제조 | 2021.04.16 | JONGGA | 검은콩조림 | 첨 | 제품명종가집 검은콩조림 | 식품의 유형 조림류(살균제품) | 내응량60g | 유통 기 한 후면상단표기일까지 | 135 | 농축액(생강:국산),카놀라유,설탕,볶음참께,식물성유산균발효액 ENT |  밀 대두새우 함유 | 포장재질 내인 폴리프로필렌(PP) | 居号生卫业20030449009547 | 품및 교환장소판매원및구입처 | 3 | 127 | ccm"
001091,2021,04,16,2021-04-16,s1,"2020.07,17 | 종가집 | 2021.04.16 | 검은콩조림 | 연일지 | EEPP | 윗구입"
001092,2021,03,19,2021-03-19,s1,가슴산 | 당 | 갈릭 | Pulmuone | 국산무 | 발효식초로 만든 건강 | 조리예 | 레몬무쌈 | 2021.01.20제조 | 첨가 | （010℃ | 소브산칼륨보존료] | 냉장보관 | 2021.03.19까지!
001093,2021,05,25,2021-05-25,clahe,2021.05.25 | 18:26.F1
001094,2021,01,13,2021-01-13,s1,"고소미 | 유통기한 | 21.01,13(11:08) | 22.01.12(8) | 까지"
001095,2022,01,12,2022-01-12,s1,"고소민 | 21.01.13(11:08) | 22,01,12(B)"
001096,2021,06,11,2021-06-11,s1,() | 가낮은 곳에 보관 | 영양정보 | 총내 | 0/1399 | 080-023-5700 | 총개용량당 | ·반품처:본사 및 구입한곳 | 나트륨 | 기준치에 | 650mg | 탄수화물 | 61g | 당류 | 18g | 지방 | 22 | 트랜스지방 | 9 | 2021.01.12 | 부터 | 포화지방 | 유통 | 2021.06.11 | 69 | 08:15A04F5 | 까지 | 글레스테롤 | 기한 | 40% | 단백질 | 5 mg 미만 | 9g | 1% | 일영양성 | 0量（%）2000kcal | 16% | 필요 엽량에 따라 다를 수 있습니다.
001097,2021,06,11,2021-06-11,s1,영양정보 | 229 | 표화지방 | 2021-01.12 | 69 | 40% | 유통 | 2021.06.11 | 5 mg미닌 | 기한 | 08:15A04F5
001098,2021,03,18,2021-03-18,s1,"조리예 | 2021.01.18제조 | 건강한 | Pulmuone | 2021.03.18까지 | 발식 | 단무지 | 쌓단무지 | 두께가 얇아 | 싸먹는 | 53.9%，2.025%230g | 月【48-22 | 물무원은고객의의을중니다.wwmuk·부정식품신는국번이19 | 빙초산,시카린나트룸(감미료), | 0~10℃ | 뉴첨가 | HACCP | 냉장보관"
001099,2021,01,18,2021-01-18,s1,Pulmuone | 2021.01.18제조 | 발효식초 | 쌈단무지 | 두께가 앓아 | 싸먹는 | 0-10c
001100,2021,03,14,2021-03-14,s1,"안심 프로젝트 | 2021.01.14제조 | 2021.03.14까지 | Pulmuone | 조리예 | 발효식초로 만든 | 무농약무 | 무색소 | 김밥단무지 | 49%2.25%/310g | 건강한 | 빙초산,사카린나트륨(감미료), | 0~10℃ | 첨가 | 국내산무 | 소브산칼륨(보존료) | 냉장보관 | 밥재료 | 내용량 30g | 5"
001101,2021,03,14,2021-03-14,s1,2021.01.14제종 | 2021.03.14까지 | Pulmuone | 무색소 | 발효식초로 만든 | 김밥단무지 | 무농약무 | 49%（，2.25%/310g | 국내산무 | 0-10℃ | 들청가
001102,2021,03,14,2021-03-14,s1,Maeil | 썬업 | 과일야채샐러드 | 2 | 2021.03.14 | 18:330
001103,NONE,NONE,NONE,NONE,fail,Maoll | 썬업 | 과일채샐러드 | 201.9814 | 20119814 | 썬업 | Maell | F | 10 | FW | Maell | 썬업 | 201 | Mael | 썬업 | 과일야채샐러드 | 20210.14 | 183
001104,2021,08,26,2021-08-26,s1,우렁강된장 | 다담 | 2020.11.27 | 2021.08.26 | 500g（4/） | 8801007330723
001105,2021,08,26,2021-08-26,s1,다당 | 우렁강된장 | 2020:11.27 | 2021.08.26 | 500（4/）
001106,2027,03,21,2027-03-21,s1,철취선→ | 까지 | 유통기한 | 2D21 03 27 F182 | 14:05 0764 | 개 | Stew | 양한재료로 | 식품의 유형:
001107,2021,02,28,2021-02-28,s1,김치육배기 | 김치특기 | 해물 | 해물 | 안심 프로젝트 | 21.02.28까지 | 유통기한 | 15:10 | A15 | 리면사리가 들어있어 | 국물 | 라면
001108,2021,02,28,2021-02-28,s1,김치배기 | 김치기 | 해물하. | 해물*오4 | 21.02.28 까지 | 15:10 | A15 | 그
001109,2021,03,22,2021-03-22,s1,김치북배가 | 김치육해기 | 해물후호 | 배기우! | 해물 | 북수 | 욱수 | 안심 프로젝트 | 유통 | 21.03.22까지 | 기한 | 14:53L23
001110,2021,03,22,2021-03-22,s1,배기위 | 김치해기 | 김치북에가 | K수 | 해물. | 해물오 | 안식프로젝도 | 21.03.22까지 | 14:53L23
001111,2022,07,12,2022-07-12,s1,"소금 | 도금 | 단표기일까지 | 천일영국신,알마미 | 아능농축약프랑스 | 325.93% | 6% | , 복아 | 오5에 전복 | 을아직시공신을 |  곳에보시 |  임심하고사용하셔도 | 의또는보상 | 부 | D1009 | 2022.07.12까지 | 12:23A22"
001112,2022,07,12,2022-07-12,s1,금 | 심금 | 2022.07.12까지 | 12:23A22
001113,2023,11,15,2023-11-15,s1,"Unla개bel | 2,590 | 로   | 2023.11.15B | 193044500675 | wt  |  "
001114,2023,11,15,2023-11-15,s1,  | 2023.11.15B | -21
001115,2022,01,12,2022-01-12,s1,2022.01.12 까지 | 한병하B
001116,2022,01,12,2022-01-12,s1,2022.01.12 까지 | 한병하B
001117,2022,01,20,2022-01-20,s1,3709 | 유동기한하[ | 원재료명교추8 | BE 용품과같은 저지일 | .보 | 보)변풍및장소:관매원 및구출 | 신 군일 9.름성분이 분리될 수있으나  | 병병손상되을경우 드시지다서하 | 2022.01.20B
001118,2022,01,20,2022-01-20,s1,식의유청2 | 일함유 | 2022.01.20B
001119,2021,12,16,2021-12-16,s1,000 | 02·13 | 2021.12.16
001120,NONE,NONE,NONE,NONE,fail,0213 | 2021.12 16 | 0a18 | 2021.02 16 | O00 | 0213 | 2021.0216
001121,2023,01,10,2023-01-10,s1,"식품의 유형 사양벌꿀 | 내 용량1kg | 원재료명 및 함량 | 100%) | 포장재질용기-폴리에틸렌테 | 레프탈레이트,뚜껑-폴리프로필렌 | 소분원(주)꽃샘식품/경기도 | 반품 및 교환장소 본사 및 | （080-541-9920) | ·보관방법:①사용 후에는 뚜껑을 꼭 | 닫아 상온의 건조한 곳에 보관하십시오. | ②냉장고에 보관하지 마십시오.벌끌은 | 성분 조성상 저온이나 온도변화에 의해 | 결정이 생길 수 있으나 품질에는 이상이 | 없습니다.결정된끌은따뜻한 물에중탕 | 으로 두시면 결정이 없어집니다. | ·본 제품은 공정거래위원회 고시 소비자 | 분쟁해결기준에 의거 교환 또는 보상을 | 받으실 수 있습니다. | ·만 12개월 미만의 영아에게는 섭취 | 시키지 마십시오. | 02404 | 품질유지기한:2023.01.10 | 8803217013588 | 뚜껑:PP | NT 50g"
001122,2023,01,10,2023-01-10,s1,"식품의 유형 사양법 | 내용량1kg | 원재료명 및 항량 | 100%） | 포장재질 용가-폴리에틸렌터 | 레프탈레이트,뚜껑-폴리프로필렌 | 소분원(주)생식품/경기도 | 3583 | 반품 및 교환장소 본사 및 | 080-541-9920） | ·보관방법:①사용 후에는 뚜껑을 꼭 | 닫아 상온의 건조한 곳에 보관하십시오 | ②냉장고에 보관하지 마십시오. 벌끌은 | 성분 조성상 저온이나 온도변화에 의해 | 결정이 생길 수 있으나 품질에는 이상이 | 없습니다.결정된 끌은 따뜻한 물에 중량 | ·본 제품은 공정거래위원회 고시 소비자 | 분쟁해결기준에 의거 교환 또는 보상 | -만 12개월 미만의 영아에게는 섭취 | 시키지마십시오 | 품질유지기한:2023.01.10"
001123,2021,10,09,2021-10-09,s1,"Each Guylian Chocolate is marked with | the Guylian©,our quality signature | that guarantees that our chocolates meet | 250g(1,390kcal)022.636% | ian N.V. | 매스코코아버터 전지분유해바라기레시틴),전지분유 | 글릿,코코아매스,해바라기레시틴,천연향료 우유 함유 | 1399 | 상품개별코드 | 250g | 수 있으나,인체에 무해하니 드셔도 괜찮습니다. | 55kcal | 早48:48% | 고객지원센터 | 14g93% | 080-024-6060 | 801062632275 | 09-10-2021 102 L0283"
001124,2021,10,09,2021-10-09,s1,"250g（1.390kcal）o登22.636% | 플릿(성탕접직부읍콩코아버터,해바라기레신팀) | 상품개별코드 | 진열,유용 중 변질품 구입상정 및 부사에성 공할 | 09-10-2021 /02 L0283"
001125,2021,12,28,2021-12-28,s1,물군을 | 2020.12.29부터17:22 | 2021.12.28까지F1A2
001126,2021,12,28,2021-12-28,s1,2020.12:29부터17:22 | 2021.12.28F1A2
001127,2021,06,10,2021-06-10,s1,"ETip | 19830308010293 | 유통기한 | 후면표기일까지(연월.일) | 내포장재질 | 폴리프로필렌 | 원재료명(과자) | 옥수수(호주산) 식물성유지( | 료(치킨향,브레드항),강미료(크랄로스) | 쉬쉬크 | 달걀,대두밀,닭고기함유 | 제품명 | 식품유형 | 복합조미식품 | 수입및 | (주)동원홈푸드 | 소분업소명 | 80g | 제조사 | 460kcal | 원산지 | 싱가포르산 | 5%异2g2% | 내포장재질 폴리에틸렌 | 13g87% | 원재료명(스프)설탕,정저 소금,토마토분말과정 | 양파분말, 간장분말(간장, 정제소금,말토택스트린) | 합성향료(치킨향,당밀향)가늘분말세(효 | 중변질품은구입상점 | 추출물,정제소금,식물성:지),칠리발 제상인산 | 보존을위해질소충전 | 의한 피해보상 | 칼슘,L-글루탐산,효소처리 스테베구연산,후추 | 말이산화규소 -리보뉴를레오티드이나트륨식을 | 마음 | 성유지,시나몬분말,합성향료(집항) 파프리카 | 말이므로, 안심하고 | -024-6060 | lttecnf.co.kr | 포함),잣혼입 가능 | 20.12.1123:04 | 부터 | 21.06.10#1 | 까지 | OTHER"
001128,2021,06,10,2021-06-10,s1,"(() | 쉐크 | 식유형 | 원산지 | 싱가포르신 | 원재료명(스프설당,정지 소금마토보일 | 내포상재질 플리에틸렌 | 售13987% | 양파분일,간장분일(간장,제소금, | 주출물,정제소금,식물성 지참인 | 감담산,요소처리스테연산 | 성유지,시나온분일,합성항()피므리기 | 포함).잣 혼입 가능 | 부터 | 20.12.1123:04 | 21.06.10#1"
001129,NONE,12,05,NONE-12-05,clahe,유동기한 | Expiry Date | 02-07 | 22:04 | FP는 | 까지 | Denmarl | 덴마크 | 한/인/판/매 | [n | 기면 | 암 | 28681157 | 2625866081 | 드림림요구롱트플레인 | 시탁일 | 700 | 원 | 20 | 25% | 12.5%2.858% | 100%24204%（922100%）
001130,NONE,02,12,NONE-02-12,s1,있있는 | 잊있는 | 잊있는 | 잊있는 | GT | Ue | 4 | GT | 02.12.12:53.HA | 유통기한 | 까지 | 맛있는 우유GT | 100%1号！ | 맛있는 | 우유
001131,NONE,02,12,NONE-02-12,s2,"잇있는 | 맛있는 | 02.12.12""53.HH | 우유 | 앗있는 | 우유 | 유통기한 | 까지→ | 100%18al | 맛있는 우유GT"
001132,2021,02,19,2021-02-19,s1,안심 프로젝트 | 제조일자2020.12.12 | 유등기한2021.02.19 | done | 오스수알갱이가 톡톡! | 치>
001133,2021,02,19,2021-02-19,s1,2u지202012.12 | 2021.02.19 | 일생이가 록록!
001134,NONE,NONE,NONE,NONE,fail,"EP REFRIGERATED | MADE IN USA | DANIELE, INC. | GENOA SALAME, | PROVOLONE CHEESE&TARALLI | NO NITRATES OR NITRITES ADDED* | made in New England | All natural ingredientst | cultured celery powder | NET WT 3OZ | ↑Minimally processed, no artificial ingredients added | U.S. | AND PASSED BY | INSPECTED | *Except for those naturally occurring in sea salt & | DEPARTMENT OF | AGRICULTURE | SELL BY03-0321LOT 651 EST 54 | PROVOLONE CHEESE&TARALLI | EP REFRIGERATED | NO NITRATES OR NITRITES ADDED* | GENOA SALAME | made in New England | All natural ingredientst | NET WT 3OZ | DANIELE,INC. | B | SELL BY 0303021LOT 651 EST54 | MADE IN USA | 15 1571591071280048 7735 | CI S I CAUE | er | 151571591071208049 7735 | ZEI 0  2 | AES SSLL CN | `S | ur | PPAPCTCLTCART | CI I E RNNE | EP REFRIGERATED | MADE IN USA | DANIELE,INC. | GENOA SALAME | PROVOLONE CHEESE&TARALLI | NO NITRATES OR NITRITES ADDED* | made in New England | All natural ingredientst | tMinimally processed, no artificial ingredients added | U.S. | ""Except for those naturally occurring in sea salt & | AND PASSED BY | INSPECTED | cultured celery powder | DEPARIMENT OF | AGRICULTURE | NET WT 3OZ | SELL BY0303-21L0T 651ST 54 | EP REFRIGERATED | MADE IN USA | DANIELE, INC. | GENOA SALAME | PROVOLONE CHEESE &TARALLI | NO NITRATES OR NITRITES ADDED* | made in New England | All natural ingredientst | U.S. | ↑Minimally processed, no artificial ingredients added | INSPECTED | *Except for those naturally occurring in sea salt & | AND PASSED BY | cultured celery powder | DEPARTMENT OF | AGAICULTURE | NET WT 3 OZ | SELL BY030321LOT 651EST 54"
001135,2024,09,21,2024-09-21,clahe,PUIOU | BEST.PEFORE:24/09/21 | 924118 | RED BEANSIN | TOMATO SAUCE | WARICOT ROUCES BREPARER
001136,NONE,NONE,NONE,NONE,fail,RED | 10 | FORE | TOMATO | BEANS | NI | SNVa | ae] | CEDRE | RED BEANS | TOMATO SAU | COI R | 6 | oue | G | GAN | 5 | MT | m | FEORE | RED BEANSIN | 1409/28 | TOMATO SAUGE | MARNCOT ROUGS CRPARER | -12 | 02
001137,2021,07,17,2021-07-17,s1,"MAYUNNAT | INGREDIENTS: Canola Oil | NUTRITION INFORMATION | Range Eggs (9),Sugar, at, | 415.Contain Traces of Soyl. | Avy Quentity Avg. Uuantity | CARBOHYDRATE | Refrigerate afer opening. | 2Souhbank B bank | -BMEDim | 格en.on801065000248 | FYF294018:28 | BEST BEFORE 17 JUL 21"
001138,2021,10,23,2021-10-23,s1,EXP.2021.10.23 | 1CE17:47
001139,2021,02,28,2021-02-28,s1,20H07 | 2021:02:28 | 100%赔 | ORANGE | 비가열냉장주스 | 이 | 새움 | 20m | 90 kcal | 5mg 1% | 2g6% | 19g19% | 0g0% | 09 | 09 | 0%
001140,2021,02,20,2021-02-20,s1,"2021,02,20 | 100%谐 | DRANGE | 비가열 냉징주스 | 새움 | 296%"
001141,2022,03,14,2022-03-14,s1,"5a%aiau | PRO.DATE: 14.09.2020 | EXP.DATE: 14.03.2022 | L901-258 20 0101499 49:03 | 2-3 n.uuns mouun ionnu. | -2681-5081inulunmia-iunam | Bunene (u lou d)grussoñoni | ANFSSUSINFlICUOE | PY COLA Kembang Gula Lunal JeliRasa Cola/ | 유통기한2022년 03월 14일까지 | 구연산,라열시, 합성항(라)광유,카나우바 | 주의제발경될수있 이 | 691216090446 | www.haribo.com"
001142,2021,06,28,2021-06-28,s1,AIDLI | gs (9)SugaMstard cngMastard | SeGaic)is | 8801065103925 | GHC275J06:05 | BEST BEFORE 28 JUN 21
001143,2021,06,28,2021-06-28,s1,1801065103925 | GHC275J0605 | BEST BEFORE: 28 JUN 21
001144,2021,05,25,2021-05-25,s1,123317 | 유통기한 | YYYY.MM.DD | 2021.05.25 KB | 1Q00000866048
001145,2021,05,25,2021-05-25,s1,123317 | 유통기한 | YYYY.MM.DD | 000000866048 | 2021.05.25 KB
001146,2021,12,13,2021-12-13,s1,· | 019-919 | ·제조일: | 2020.12.14 | ·유통기한: | 2021.12.13
001147,2021,12,13,2021-12-13,s1,R | ERRE | 예조를 | 2020.12.14 | 2021.12.13
001148,2022,07,31,2022-07-31,s1, / | 절취선 | 뚜껑:LDPE | 유통기한(미개봉): | 라벨:PS | 2022.07.31 | RE
001149,2022,07,31,2022-07-31,s1,라벨:PS | 뚜껑:LDPE | 2022.07.31
001150,2021,09,18,2021-09-18,s1,"72 | BEST BEFORE(DD/MM/YYYY): | 18/09/2021 | (E200),Praservative(E234),Cob"
001151,2021,09,18,2021-09-18,s1,"voo5w | EST BEFORE(DD/MM/YYYY): | 18/09/2021 | Kraft Singles Processed Cheese 25% L | INGREDHENTS: Cheese (Ml, Sat"
001152,2021,10,31,2021-10-31,s1,"610400010016 | Importer: DKSH Singapore Pte Ltd, | 47JalanBuroh#09-01ingapore619491 | Store in a cool and dry place | ner nuts. | Best before  | s: 31 % | 2021/10/31 | L4690 | 100gNET"
001153,2021,10,31,2021-10-31,s1,"JOX SES O 0OT8 | 7610400-010016 | Importer DKSH Sngapore Pte Ltd, | B69 | Store in a cool and dy place | 6∠1 | Best before- | (m) | 2021/10/31 | STIO | L4690 | 100gNET"
001154,2021,09,21,2021-09-21,s1,%68 |  이 |   | %188 | o 8O | VISVTMIOTB MALLIAMI VMIONIVA | %S 8WS1 | %E WOS  | %9 8SE | 21-09-2021 /18 L0265
001155,2021,09,21,2021-09-21,s1,"유통기한 후면표 | H서늘한 곳에 진열, | 125g（690kcal）0 | 午量50g15% | Chocolaterie Guylian N.V. | LE晨50mg3% | 21-09-2021 /18 L0265"
001156,2021,02,07,2021-02-07,s1,서울우의 | 짜먹는 | 요구르E | 짜요까요 | 유통기한 | 까지 | 21.02.07 | 06:47 | 240 g[300
001157,2021,02,07,2021-02-07,s1,서울우요 | 짜먹는 | 짜요까요 | 유통기한 | 21.02.07 | 06:47 | 까지 | 240gl300
001158,2021,08,10,2021-08-10,s1,EMCXIKS | 国器5mg3%国时量30g325 | BEST BEFORE (YYYY/MM/DD) | 20210810 | 033B200:24
001159,2021,08,10,2021-08-10,s1,各等71（0000000 | DEST BEFORE (YMWIOD) | 20210810
001160,2021,04,23,2021-04-23,s1,21.04.23.09:47 | Binch
001161,2021,04,23,2021-04-23,s1,Binch | 21.04.23.09:47
001162,2021,12,06,2021-12-06,s1,아이비 | OW SUGAR | 기한 | 2021.12.06A. | 까지
001163,2021,12,06,2021-12-06,s1,아이비 | OW SUGAR | 유통 | 기한 | 2021.12.06A. | 까지
001164,NONE,03,01,NONE-03-01,s1,콘푸라이트 | 유통기한 | 여러분의 좋은 아침을 위하여 | Post | 2081.03.01 | 박정원 | 담당이 안전하게 만들고 | 1/3라이트 | 는디: 드크 #는 | 까지 | 이혜정 | 담당이 꼼끔히 살폈습니다. | 뚜라이트 | 73 라이트
001165,2021,03,01,2021-03-01,s1,"유통기한 | 콘푸라이트 | 여러분의좋은 아침을위하여 | Post | 2021.03.01 | 박정원  팀 | 담당이 안전하게 만들고, | 라이트 | 20:59 | #2 | 까지 | 이혜정 | 담당이 몸콤히 실렸습니다. | 좋은아침! 좋은생각! | 관푸라이트 | 1/8 라이트"
001166,NONE,NONE,NONE,NONE,fail,"품목보고번호 | 20060372438444 | 식품의 유형 | 450g（15g30） | 설탕,포도당,덱스트린,쌍화농축혼 | 합분말[덕스트린,갈근농축액(고형문 | 60%55 | %）13%60% | 산),액상카라멜)6%,대추(국산)2%,아 | 원재료명 | 본드(미국산)2 %, 잣중국산)2 %, 카라 | 및함량 | 멜색소분말 쌍화농축분말(고형분 50 | %)1%,생강추출액분말, 계피농축액분 | （40%)10%0.7% | 이산화규소*쌍화[작약,천궁,당귀,황기 | 생강,대추:국산,숙지황중국),계피(베트남). | 감초(우즈베키스탄)]잣 함유 | 우통 기한 | 별도표기일까지 | 내포장재질:폴리에틸렌 | 유통전문판매원 | w.co8 | ·유통기한: | 까지 | 장재 | 질 | 제 | 조 | 원 | 식품의 유형 | 품목보고번호 | 유통전문판매원 | 제 | 포장재질 | 유통기한별도표기일까지 | ·유통기한: | 및함량 | 원재료명 | 내포장재질:폴리에틸렌 | 본드(미국산)2% | %)13 %. | 60 % | 450g（15X30） | 20060372438444 | 이산화규소* | )액상카라멜6% | 대추농축액(고형부 60%, | 소*쌍화작약, 천국, 당귀, 황기 | 출액분말 | 생화농축액고형분55 | ,덱스트린, | 잣중국산)2%,카 | 잣함유 | (고형분 50 | !.쌍화농축 | 까지 | 러 | %09 | 아 | OS ) | %2( | 28/ | 86%눈hy ly yoosndaulMm( | %9 | | | %1% | 실 | 서 | H | 제 | :리지움이· | 8장6눈 근야 l놀 머이os내세니이(호름기 | 서 | |x«< | 단무Q %오[%.½(% 이니림 | 작T압기림레배위테인'. % | %09  | 66안지이이('%상탕 | 브극림리 | 기이탁'택 | 흐겨느눔폼 | 号20060372438444 | 식품의 유형 | 450g（15g30） | 설탕,포도당,데스트린,쌍화농축혼 | 합분말[덕스트린,갈근농축액(고형문 | 아국 | 60%55 | %）13%60% | 산),액상카라멜)6%, 대추(국산)2 %, 아 | 원재료명 | 본드(미국산)2 %,잣중국산)2 %, 카라 | 및함량 | 멜색소분말 쌍화농촉분말(고형분 50 | %1%, 생강출액, 계피농축액부 | （40%)10%0.7% | SOTE | 이산화규소*쌍화 작약,천궁,당귀,황기 | 생강,대추:국산,숙지황(중국)계피(베트남) | 감초(우즈베키스탄)]잣 함유 | 유 통 기 한 별도표기일까지 | 포장재 질내포장재질:폴리에틸렌 | ·유통기한: | 2022-82678 | 까지 | 품목보고번호 | 20060372438444 | 식품의 유형 | |고형차|내용량 | 450g（15gX307Hg） | 설탕,포도당,덱스트린. | 출혼 | 합분말[덱스트린,갈근 | 액( | 그형분 | 60%55 | %)13%,60%, | 액상카라멜]6%,대추(국산)2%,아 | 원재료명 | )2 %,잣(중국산)2 %,카리 | 및 함량 | 축분말(고형분 50 | 추출액분말, 계피농축액분 | 40%)10%0.7% | 이산화규소*쌍화[작약,천궁,당귀,황기, | 생강,대추:국산,숙지황(중국),계피(베트남). | 감초(우즈베키스탄)] 잣 함유 | 유 통기한 | 별도표기일까지 | 포 장 재 질 | 내포장재질:폴리에틸렌 | 제 조 원 | 유통전문판매원 | wwopis.co | ·유통기한 : | 2022.82678 | 까지"
001167,NONE,NONE,NONE,NONE,fail,"품목보고번호 | 20060372438444 | 식품의 유형 | 설탕,포도당,덕스트린,쌍화농축혼 | 합분말[덱스트린,갈근농축액(고형문 | 60%55 | 원재료명 | 본드(미국산)2 %, 자중국산)2 %,카라 | 및 함량 | 멜색소분말,쌓화농축분말(고형분 50 | %)1%, 생추술액한말 계피농 액분 | （号40%）10%0.7% | 이산화규소*쌍화 작약,전국,당귀,황기 | 감(우즈베스탄] | 유 동 기 한 별도묘기일까지 | 450g（15g30） | %）13%号60% | 산),액상카라멜)6%,대추(국산)2%,아 | 생강,대추:국산,숙지항중국).계피(베트남) | 잣함유 | 포장 재 질 내포장재질:플리에필렌 | 유동전문 판 매 원 리식취ma tomecicok 세시 공세구 로 3 | ·유동기한: | 까지 | ·유동기한 | 유동전문판매원 | 제 | 포장재질 | 유동기한 | 식품의 유형 | 품목보고번호 | 조 | 및 함량 | 원재료명 | 8플러스주)mwto | 내포장재질:플리에틸렌 | 별도묘기일까지 | ae | %)13 %. | 60% | 설탕 | 고형차 | 20060372438444 | de | omecicOk 세시 경A구 로 38 | 국산), | 포도당. | 40%10%/0 | 숙지황중국) | 450g（15gX30） | 잣향유 | 갈 | 거(베트남) | 7 | 계피농축액부 | (고형분 50 | 쌍화녹축 | de | e | / | %20%01%0% | 융 | %E1(% | :회용 | 음슬 무로님 | :움이 | ( | /이%01(%  ) |  %연정우르기리 한 % | 창6율우조무아우이(구%정C | '한 | HU탕 E5 XA)  일  | 号号至卫坐堂20060372438444 | 450（1530） | 설탕,포도당,덱스트린,쌍화농축혼 | 합분말[덕스트린,갈근농축액(고형분 | 60%55 | %）13%号60% | 원재료명 | 산),액상카라멜)6%,대추(국산)2%,아 | 본드(미국산)2 %, 재중국산)2 %, 카라 | 및 함량 | 멜색소분말 쌍화농축분말(고형분 50 | %)1 %, 생강추출액분말,계피농축액분 | （7喜号40%10%0.7% | 이산화규소·생화 작약 천궁,당귀,황기 | 생강,대추국산,숙지황중국)계피(베트남) | 감초(우즈베키스탄)] | 가 | 유 통 기 한 별도묘기일까지 | 잣 함유 | 포장재 질 내포장재질:플리에필렌 | 유a전문관매원 식취oncok세시공무 | ·유동기한: | 202284678 | 까지 | 품목보고번호 | 20060372438444 | 식품의 유형 | 고형차  내용량 | 450g（15gX307g） | 설탕,포도당,덱스트린,쌍화농축혼 | 한분말(덕스트리,갈근농축액(고형문 | 60%55 | %）13%60%号 | 산) | ).액상카라멜)6%,대추(국산)2%,아 | 원재료명 | 본드(미국산)2 %, 자중국산)2 %, 카리 | 및 함량 | 멜색소분말,쌍화농축분말(고형분 50 | %)1 %, 생강추출액분말,계피농축액분 | 40%10%0.7% | 이산화규소*쌍화 작약,천궁,당귀,황기 | 생강,대추:국산,숙지항(중국),계피(베트남) | 감초(우즈베키스탄)] | 유 동 기 한 | 잣향유 | 별도표기일까지 | 포 장 재 질 | 내포장재질:폴리에틸렌 | 제 조 원 | 유동전문관매원 | 홍플리스주)wwwhomepiscokr 서울택일시 공세구 파극로 36 | ·유동기한: | 링크음 골림 | 까지"
001168,2021,08,31,2021-08-31,s1,"49%함 | 통소물·조사LMOTS | 일지·본제통은두를 원료로 시용한제품의 동들한 | 7610400010108 | Impoter: DKSH Singapore Pte Ltd, | 47anuong | e100g NET | 535 kcal | 1mg0#5g9% | 2021/08/31 | L3810 | A consommer de préférence avant le"
001169,2021,08,31,2021-08-31,s1,610400-010108 | hpoter DSH Snpoe Pte lad | e100gNET | 5kd | 2021/08/31 | L3810 | me de plence ante
001170,2022,01,18,2022-01-18,s1,ERSHEY'S | 22.01.18 | 까지 | AZELNUT CREME WAFERS MINI | 허쉬 헤이즐넷 웨하스 미니
001171,2022,01,18,2022-01-18,s1,RSHEY'S | 22.01.18 | ELNUT CREME WAFERS MINI | 쉬 헤이줄넷 웨하스 미니
001172,NONE,NONE,NONE,NONE,fail,"·반품교환장소 구입처 이계품은헤이즐넷가이돈드를사용한지 | 같은시설에서 제조·본제품은 공정거래위원회 | 고시소비자분정해결기준에 의거그환으는보상받을수 | 영양행보 | 4%). Ingredients: sugar, cpoabuter, whole | 있습니다·부정불량식품신고는국 | 880g444kcal | t flour, emulsifer soy lecis qconut oil, | ·소비자상당실(수신지부당 | 爆4%号47914%8号419042% | sodium diphosphate),saltged cocoa | 2749%16.8112% | nds. Product of Italy. Keep colard dry. | 식품위생법 의하한근 | 로지난민슨 해당월의 1일까지 | 量14mg5%62g11% | tillante (4%). Ingrédients sbeume de | onate acide de sodium, diphohadodique) | ufacured by/briquépar/J | Toacker | WgUb-ED/WU-PD | 2021.09 | 1-39054Unterinn/Auna diSotto | BZ/ South Tyrol/Italy | 80g ㅅ | >LJG081446133 | 제품명:로아커 초콜릿 클래식화이트(코코아버터28%함유·식품유형:초클릿가공품·수입원(주델리팜서울시서초구 | 코아버터 전지분탈분일가루대우레시코넷오일망창서.정소금,저지방코코아대두분말유일대두함 | 2020 | 18PP | udre, farine de froment, ém | kaithines | d'italie. Tenir au frais et au sec. | 21,Q | 104mg | Best before end: | A consommer de préférence avant fin: | www.loacker.it | 1-39054Unterinn/Auna diSotto | ufactured by/Fabriqué par/:i | www.loacker.it | Lacker | 식품의생법에 의한 한국크기 | ·소비자상담실(수신자부담) | 있습니다·부정 불량식품신고는 | 고시소비자분쟁해결기준에의거 | ·반품교환장소구입처·이제품은해 | 2200 | 코아버터 전지분유탈지분일가루대우레시틴코코넷오일 명창제. 정제소금,저지방코코아대두분말우유밀대두함유 | ·제품명:로아커초클릿클래식화이트(코아버터28%함·식품유형초클릿가공품·수입원:널리서울시서크구 | vhich satu | A consommer de préfer | 80g ^ | 해당월의 1일까지 | 즐넷과 아몬드를 사용하게 | prence vant fn: | Best before end: | 104mg | Rlo | 晋量14mg5%62g11% | 267：49%016.89112% | 00 | 34%号4714%41.942% | 같은시설에서 제조·본제품은공정거래위원회 | >LJG081446133 | 2021.09 | 4880g444kcal | soja. Peutco | XOH- | cenir des noisettes et des | nate | tillante (4%). Ingrédients | nds. Product of Italy. Keep col | 4%). Ingredients: sugar, | r soy lecthis | 9 | ( | 624651- | ROK | %1679 | %S 6 | 608 | 6u tot | /s/Z8 | peo | -608 | /8 | d-2/- | bw tor | unseb sappe Juop/sppe Alle pajeines uplum jo | dd | 66 |   | 2302 | ( | ·제품명:로아커 초콜릿클래식화이트(코코아버터28%함유·식품유형:초클릿가 | 주덤리팜 서 | ·원산지:이탈리아·제조사:로아커사·원재료명및 함랑 설 | 코아버터 전지분지분일가루대우크넷일통창제 정소금 저방코코아대두분말 우유일대두 | 2 | 임n | ·반품교환장소 구입치 이계품은해이넷과아온드를사용하지같은시설에서제조·본제품은 공정거래위원회 | 고시소비자분해결기준에의거 그도는보을영보 | 김 | 있습니다·지시그는 | 4%). Ingredients: sugar, gobuiter, whole | 80g444kcal | 있습니다 | 号84%空销量479.14%8419.42% | dim ipsaedco | t flour, emulsifer soy ledin | qconut oil, | ·소비자상담실(수신자부당 | 사상담실(주신사우당 | ds. Product ftaly Kepolad dy. | [식품의생법에 야한 한글 표시 | 26749%0g168g112% | pp | 14mg5%62g11% | tillante (4%). Ingrédientss | 월의 1일까지 | udre, farine de froment, ém | de | pnate acide de sodium, diphol | erel malge, anne ue soja. reut cutenir des noisettes et des a | d'italie. Tenir au frais et au sec. | s grds: | 104mg | ufactured by/Fabriqué par/:J | Best before end: | Toacker | A consommer de préférence avant fin: | lgb-ED/-PD | 2021.09 | 1-39054Unterinn/AunadiSotto | BZ/ South Tyrol /Italy | 80g^ | >LJG081446133 | www.loacker.it | ·제품명:로아커 초콜릿 클래식 화이트 (코코아버터28% 함유)·식품유형: 초콜릿가공품·수입원:(주널리팜 서울시 서츠구_융 | 코코아버터 전지분유.탈지분유 일가루대두레시틴코코넷오일 평창제 정제소금,저지방코코아 대두분말 우유밀 대두함유 | 일 함당·설 | Bal | Classic White 80g | ·반품교환장소:구입처·이제품은 헤이줄넷과 아몬드를 사용한제품 같은 시설에서 제조·본 제품은 공정거래위원회 | 고시 소비자분쟁 해결기준에의거교화도보상받을 | 4%). Ingredients: sugar, cpcoa butter, whole | 영양행보 | 있습니다·부정 불량식품신고는 국 | 4880g444kcal | t flour, emulsifier soy lecthis, cpconut oil, | 834%号447g14%号41.9g42% | isodium diphosphate), salt, fat-edured cocoa, | ·소비자상담실(수신자부담) | nds. Product of Italy. Keep coolard dry. | 26.7g49%0g16.8g112% | |프의사번에이하 | 624651-ROK | 号14mg5%62g11% | tillante (4%). Ingrédients: suge, beurre de | 일까지 | 일영은2으로으수 | udre, farine de froment, émjkifat pdithines | onate acide de sodium, diphophatedipodiquel, | sa caeo maigre, rarine ue soja. Peut coutenir des noisettes et des amandes. Produit | d'Italie. Tenir au frais et au sec. | of which saturated fatty acids/dont acides gras srure Zae | 21,0 | dium | 104mg | ufactured by/Fabriqué par/:J | Best before end: | A consommer de préférence avant fi n: | Toacker | 2021.09 | :4Nl-ED/-PD | 1-39054Unterinn/AunadiSotto | BZ/ South Tyrol / Italy | 80g  | >LJG081446133 | www.loacker.it"
001173,NONE,NONE,NONE,NONE,fail,"·은공 | 888：44 |       | 1953629115 | Toacker | 2021.09 | 80g  | >LJG081446133 | 입습니다·부정물 | hodun dphosphate, sihatiand ooa | Ts. Prodat ftaly odr | tilante (4%), Ingredientg an) | de tame de frement | ir des noisetes et desa | snate aode de sadion, dohtooi | ale Tenie an faiset ssec. | 104mg | tacuredby/broep | Best bedort end | Asome de piece   | 3054UtS | /Solpl/t | winadeti | 'oacker | 80g  | ED/eu | >LJG081446133 | 2021.09 | 608 | 0 | /p/2 | -m | tpe | y | d/panpe | buyot | p e   | 사품장 로 채릿 콜식화트 (코러버타28N 우 | 소비자생담시수시기 | tacuredbyif | 'Toacker | 2021.09 | (-P0 | S | 80g ^ | >LJG081446133 | wwwladea | ·제공장 로아커 물릿 클식화이트(코러하비티BN 방우·식품유 릿가궁품·수입원 제금 서울시구오 | 철5경동신상달·내공·5g( ·원시 이달리제조사로아사·료중및용 일 | 수 | 교소구··은 | 고사쇄비서분정결준그 | M). logredients: sosar, dotte, ahoe | #48880:444kcl |  fou emuluher say edin goout al | odum iphosphte,sathad co | nds. Prodoct of 1taly. Heapoiaid ry. | 电700王国8150128 | 95562911% | Rillante (4%). Ingredientg anheome de | udre farme be froment | L | poate aode de sadiom, dip | 5 | ir des moirettes at des in | Tanlt au frats et su sec. |  wtit statalet tay acsI Rsst aeg | ARLA | 14mg | tacuredby/fbroepa: | Best belone end. | A ctsoemerde pnlisence aant fs | Toacker' | 2021.09 | -ED-PO | 1354Uete/aS | 80g  | >LJG081446133 | /Solyel/tly | wawloadetit"
001174,2021,03,14,2021-03-14,s1,유통기한 | 2021.03.14 | 까지 | 10：41 | B05 | 8801155737733 | 개봉 후 반드시 냉장보관 하시고 빨리 드시기 | 0-10 | 바랍니다·광선에 노출된 치즈는 탈색될수 | 있으니 유의하시기바랍니다 | Dongwon
001175,2021,09,07,2021-09-07,s1,BEST BEFORE: (D/M/Y) | /() | 07 09 21 | 037F | 15:40
001176,2021,09,07,2021-09-07,s1,BEST BEFORE: (D/M/Y) | 07 09 21 | 037F | 15:40
001177,NONE,NONE,NONE,NONE,fail,NGE JAM | NGE JAM | on | 190 | CE | AM | SA | IGE JAM
001178,NONE,NONE,NONE,NONE,fail,E39918612821 | BESI | BEB88812821 | MCEJAM | T3911398612821
001179,2023,09,01,2023-09-01,rot90,"Pure Ceylon tea, packed in Sri Lanka | TC/E/PR/1007/478 | Best Before Date: 01 SEP 2023 | 5285146149 | 6398 | 0 | W"
001180,2023,09,01,2023-09-01,rot270,"8689 | Best Before Date: 01 SEP 2023 | Pure Ceylon tea, packed in Sri Lanka"
001181,2022,04,14,2022-04-14,s1,BEST BY APR 14 2022 | n1ooyuice | Dke | 망고 | Mango | FRUIT BOWLS:
001182,2022,04,14,2022-04-14,s1,BEST BY APR 14 2022 | 100uice | Dke | 망고 | Mango | FRUIT BOWLS'
001183,2021,10,08,2021-10-08,s1,03:29 | 2021.10-08
001184,2021,10,08,2021-10-08,s1,03:29 | 2021.10-08
001185,2021,09,28,2021-09-28,s1,e LOTTE | 마가렛트 | 오리지널 | 20.12.29 | 14:38 | 부터 | 고객지원센터 | 21.09.28 | 080-024-6060 | 까지
001186,2021,09,28,2021-09-28,clahe,CLOTTE | 영사 | 아가렛트 | 오리지널 | 부터 | 불고객지원센터 | 14:38 | 080-024-6060 | 20-12-29 | 까지 | 21.09.28
001187,2020,04,23,2020-04-23,s1,"신선 | 왕란 | FRESH EGGS | 국산 | 냉장제품 | 157H(1,020g) | 유통기한2020.04.23 F1 | ：303270940006"
001188,2020,04,23,2020-04-23,s1,신선 | 왕란 | FRESHEGGS | HACCP SYSTEM으로 관리하는 농가에서 | 건강한 담이 남은 계란만을 담았습니다. | HACCP | 냉장제품 | 국산 | 15H（1.020) | 유통기한 2020.04.23 F1 | ：303270940006 | 페지
001189,2019,06,28,2019-06-28,s1,"2019.06.16부터AM | 2019.06.28까지Fe | 3배더 | 큼직해서 다양하게 즐길 수 있는 | 행복한 | 큰두부 | 콩 | 1kg | DELICIOUS | 더급니다. | SOY FO0D | 고소한 콩의 맛을 제대로 살려 | 1kg | ·내용량 | 어떤으31에도 OK! | (1,000kcal） | 100% | (미국,캐나다.호주등) | 대두함유 | ·제품명:단단한 큰두부 | ·식품의유형:두부 냉장보관 | 유동기한 전면상단표시일까지"
001190,2019,06,28,2019-06-28,s1,2019.06.16부터AM | 2019.06.28까지Fe | 행복한 | 큼직해서 다양하게 즐길수 있는 | 3배더 | 큰두부 | O | DELICIOUS | 1kg | 1kg | 3배드화 | 고소한 콤의 맛을로 실려 | · | 어떤요리에도O시 | ·품명:단민한두부
001191,2020,12,08,2020-12-08,s1,∠)6 | 0%5∠통 | D | h | BEST BEFORE: (D/M/Y) | /() | 08 12 20 | 950C | 00:55
001192,2020,12,08,2020-12-08,s1,BEST BEFORE: (/MY) | 08 12 20 | 950C | 00:55
001193,2021,02,11,2021-02-11,s1,"서울특별시서대문구중청로7 | préférence avantle:/Mindestens | haltbar bis:/Consumir prefe- | rentemente antes del: I Ten | 제조사 INESTLE PORTUGAL UNIPESSOAL,LDA | minste houdbaar tot: /Da | 원산지 포르투갈 | consumarsi preferibilmente | 제품 뒷면에 표시된 일자까지 | entro il:/Szraz, hüvös helyen | 유통기한 | tárolandó. Minóségét megórzi: | (Best before, 일/월/년 순) | 200g | 00 | 내포장재질 폴리에틸렌 | 06:20 | 보관방법 실온 보관 | Prod date:13/02/2020 | Best before:11/02/2021 | 제품의 보존성증진을 위해 질소 가스를 | L00440303F8 | 충전했습니다. | ·본 제품은 공정거래위원회 고시 소비자 | 분쟁 해결 기준에 의거,교환 또는보상 | 받으실 수있습니다. | ·반품 및 교환:구입처 및 수입원 | 1399 | ：080-234-0003：OTHER | OTHER | TASTING NOTES | 리치힘&카리엘향 | 1613036932 | THE STARBUCKS·ROAST | 부한 바다감&감렬"
001194,2021,02,11,2021-02-11,s1,"艺15-16倍口已告就人E外0E | préférence avantle:/Mindestens | 제조사 NESTLE PORTUGAL UNIPESSOAL,LDA | haltbar bis: /Consumir prefe- | rentemente antes del: /Ten | 원산지 포르투갈 | minste houdbaar tot: /Da | 제품 뒷면에 표시된 일자까지 | consumarsi preferibilmente | 유통기한 | entro il:/ Szaraz, havs helyen | (Best before,일/월/년 순) | tarolandó. Minóségét megorzi: | 200g | 내포장재질 폴리에틸렌 | 보관방법 실온 보관 | 06:20 | Prod date:13/02/2020 | 제품의 보존성증진을 위해 질소 가스를 | Best before:11/02/2021 | 충전했습니다. | L00440303F8 | 본제품은 공정거래위원회 고시 소비자 | 분쟁 해결 기준에 의거,교환또는 보상 | 받으실 수있습니다. | 품및교한:구입처및 수입원 | 1399 | ：080-234-0003：OTHER | OTHER | TASTING NOTES | THE STARBUCKS* ROAST | 613036932"
001195,NONE,NONE,NONE,NONE,fail,"제조원 | 소분업소 | 내포장재질 | 폴리에틸렌테레프탈레이트 | 품목보고번호 | 19780614009513 | 식품유형 | 초콜릿가공품 | 유통기한 | 후면표기일까지(연.월.일) | 원재료명 | 우유,대두함유 | 영양정보 | 90g | 520 kcal | 21.10.180 | 8801062880188 | 롯데제과 | 티라미수스위트{식물성유지I(참분별유;말레이시아산),기타설탕,혼합분유I(네 | 덜란드산;전지분유,탈염유청막투과분말),기타가공품,유당,가공치즈,커피},설탕, | 혼합분유II{외국산(싱가포르,네덜란드,프랑스 등);전지분유,코코아매스|},코 | 코아매스I(코코아빈;가나산),식물성유지I,식물성유지,코코아버터,코코아 | 매스혼합분유I,유화제,.유화제,유화제,합성향료 | ·직사광선 및 습기를 피해 서늘한 곳에 진열,유통 중 변질품은 본사 및 구입상점에서 | ·달갈,밀,땅콩,소고기,돼지고기,복숭아,호두 혼입 가능 | 유통 중 초콜릿 표면이 녹아 하얀 반점이 생길 수 있으나,인체에 무해하니 드셔도 | 괜찮습니다.·휴지 줍는고운 마음, 안 버리는밝은 마음 | L80mg4%号47g15%异42g42% | 3%0.519127% | 15mg5%6g11% | %200 | http://www.lotteconf.co.kr | 15mg5%6g11% | 3463%0.519127% | 三号80mg4%午量47g15%异42g42% | 영양정보 | ·직사광선 및 습기를 피해 서늘한 곳에 진열, | 식품유형 | 내포장재질 | %200c | 원재료명 | 소분업소 | 괜찮습니다.·휴지줍는 고운 마음, 안버리는 밝은 마음 | ·유통 중 초콜릿 표면이 녹아 하야 반점이 생길 수 있으나, | ·달갈,밀땅콩,소고기,돼지고기복숭아,호두 혼입 가능 | 제조원 | 매스,혼합분유,유화제,유화제,유화제,합성향료우유, 대두 함유 | 코아매스(코코아빈:가나산)식물성유지,식물성유지씨 | 혼합분유(외국산(싱가포르,네덜란드 프랑스 등):전지분유,코코아매스,코 | 덜란드산:전지분유 탈염유청막투과분말)기타가공품,유당, 가공치즈,커피,설탕, | 티라미수스위트{식물성유지I(잠분별유;말레이시아산),기타설탕,혼합분유(네 | 초콜릿가공품 | 폴리에틸렌테레프탈레이트 | 240 | 1158 | http://www.lotteconf.co.kr | 90g | ,유통 중 변질품은 본사 및 구입상점에서 |  19780614009513 | 유통기한 | 520kcal | 인체에무해하니드셔도 | 후면표기일까지(연.월.일) | 8801062880188 | 롯데제과 | ,코코아버터,코코아 | . | . | (이이:) | ( |   | ……… | "" | …… | 00 | %69 %SW | %9%W | %5% | ''7 | …요 | 한택배 렛렛 렛렛 렛햇렛 연 | 한벌영베프 브투 브연위 | 연연무림영 영희연 | 몸운온륨 | 창조위정연터영닥연연 | 조영정영영정정 | 제조원 | 소분업소 | 내포장재질 | 폴리에틸렌테레프탈레이트 | 号卫19780614009513 | 식품유형 | 초콜릿가공품 | 유통기한 | 후면표기일까지(연.월.일) | 티라미수스위트{식물성유지I(참분별유;말레이시아산),기타설탕,혼합분유I(네 | 덜란드산;전지분유,탈염유청막투과분말),기타가공품,유당,가공치즈,커피},설탕, | 원재료명 | 혼합분유I|({외국산(싱가포르,네덜란드,프랑스 등):전지분유,코코아매스|},코 | 코아매스|(코코아빈;가나산),식물성유지Il,식물성유지I,코코아버터,코코아 | 매스,혼합분유I,유화제,.유화제,유화제합성향료우유,대두 함유 | ·직사광선 및 습기를 피해 서늘한 곳에 진열,유통 중 변질품은 본사및 구입상점에서 | 달걀,밀,땅콩,소고기,돼지고기,복숭아,호두 혼입 가능 | 유통 중 초콜릿 표면이 녹아 하얀 반점이 생길 수 있으나,인체에 무해하니드셔도 | 괜찮습니다.·휴지 줍는 고운 마음,안 버리는밝은 마음 | 영양정보 | 520kcal | 21.10.180 | L三80mg4%午号47g15%异42g42% | 343%0.519127% | 15g5%6g11% | 8801062880188 | 롯데제과 | lotteconf.co. | 제조원 | 소분업소 | 내포장재질 | 폴리에틸렌테레프탈레이트 | 품목보고번호 | 19780614009513 | 식품유형 | 초콜릿가공품 | 유통기한 | 후면표기일까지(연.월.일) | 티라미수스위트{식물성유지I(참분별유;말레이시아산),기타설탕,혼합분유I(네 | 덜란드산;전지분유,탈염유청막투과분말),기타가공품,유당,가공치즈,커피},설탕, | 원재료명 | 혼합분유II{외국산(싱가포르,네덜란드,프랑스 등);전지분유,코코아매스|},코 | 코아매스II(코코아빈;가나산),식물성유지I|,식물성유지I|,코코아버터,코코아 | 매스,혼합분유Il,유화제,유화제I,유화제l,합성향료우유,대두 함유 | 직사광선 및 습기를 피해 서늘한 곳에 진열, 유통 중 변질품은 본사 및 구입상점에서 | 달걀,밀,땅콩,소고기,돼지고기,복숭아,호두 혼입 가능 | 유통 중 초콜릿 표면이 녹아 하얀 반점이 생길 수 있으나,인체에 무해하니 드셔도 | 괜찮습니다.·휴지 줍는 고운 마음,안 버리는 밝은 마음 | 영양정보 | 총 내용량90g | 520 kcal | .. | L三层 80 mg 4 % 个号 47 g 15 %异 42 g 42 % | 34g63%0.5g19g127% | 15mg5% 6 g11 % | 8 | 801062880188 | 고객지원센터 | 롯데제과 | http://www.lotteconf.co.kr"
001196,2021,01,18,2021-01-18,s1,"제조원 | 15 | 소분업소 | 내포장재질폴리에틸렌테레프탈레이트 | 号卫业堂 19780614009513 | 식품유형 | 초콜릿가공품 | 유통기한 | 후면표기일까지(연,월.일) | 원재료명 | ·달갈,밀,땅콩,소고기,돼지고기,복숭아,호두 혼입 가능 | 영양정보 | 号90g | 520kcal | 21.1.18! | 15mg5%6g11% | 080-024-6060"
001197,2021,10,10,2021-10-10,clahe,eryb | Garudafood | 10 10 2021 | Un그bel | out | COs | CratR
001198,NONE,NONE,NONE,NONE,fail,ery | Garudafood | ：40102021 | CFSN | CratAN | Garudafood | 30오 | poofopmumt | SJa | poajopmmpb | ery | Garudafood | FE:0102021 | CFSIN | COL | GratA | ery | R | Garudafood | 至：1108021 | CN | Coc mHt | Cratk
001199,2021,10,20,2021-10-20,s1,"신 소 일이,주신 한시   금중 | 수   | 영양정보 | 450g100g190kcal | 210010581616%46 | 영 | ·제조일: | 2020.10.21 | •유통기한 | 2021.10.20"
001200,2021,10,20,2021-10-20,s1,6 | 영영명보 | M | 2020.10.21 | 2021.10.20
001201,2022,07,16,2022-07-16,s1,t0 | E | PET | 2022.07.16 | ·보관방법:직망을 매보 | PET뚜껑:LDPE) | 제조사 오타후쿠 소시주 원신지 일본 | 원치료명 | 토마토 함유 | 서울시 서초구신 | ·신반포로 31 | HYM
001202,2022,07,16,2022-07-16,s1,E | PET | 2022.07.16
001203,2023,02,28,2023-02-28,s1,"지:미국 | 대대한 비율임 | :180mg（57%） | 1g미만(0%). | 다공증 발생 위험 | 북인이 흡수되고 이용 | 아그네슘]신경과 | 한 출액 응고에 필요 | 地会（2670mg）) | 화랑로 | 20123521 EXP28/02/2023 | 해결기준"" | 섭취방법:1일3회 | 손이 | 히드록시 | D3분말 | 118061 | LN31331.12 | 담하시기 | 신오 | 이무 | F일 | 을 피해 서늘한 | 않는 곳 | n"
001204,2023,02,28,2023-02-28,s1,:미국 | 백대한 비율임 | :180mg（57%） |  1g 미만 (0%) | 공증 발생 위험 | 이 수되고 이용 | 그네습]신경과 | 액 응고에 필요 | 价（2.670mg)) | 20123521  EXP 28/02/2023 | LN31331.12 | 본 제품은 | 사광선을 | 을 피해서늘한 | Hu
001205,NONE,NONE,NONE,NONE,fail,Hier Öffnen | VITALIS | Dr.Oetker | 05.21 L095 2 | Knusper | müsli | Plus | MULTI-FRUCHT | Dr.Oetker | Mindestens haltbar bis Ende: Monat/Jahr | Dr.Oetker | Dr.Oetker | VITAUIS | MULTI-FRUCHT | Knusper | müsli' | 'Plus | Hier öffnen | Mindestens haltbar bis Ende: Monat/Jah | 05.21 L0952 | OCCLPTIPTIT | snldusnu | G | LHCITU-IPTIT | snld | SITLIS | 9 | Hier öffnen | VITALIS | Dr. Oetker | 05.21 L095 2 | Knusper | Mindestens haltbar bis Ende: Monat/Jahr | Plus | müsli | MULTI-FRUCHT | Dr.Oetker | Hier öffnen | VITAUIS | Dr.Oetker | 05.21L095 2 | Knusper | Mindestens haltbar bis Ende: Monat/Jahr | Plus | müsli | MULTI-FRUCHT | Dr.0etker | G
001206,NONE,NONE,NONE,NONE,fail,Hier öffnen | Dr.Oetker | VITALIS | 05.21L0952 | Knusper | plus | Mindestens hltbarbis Ende:Monatlahr | müsli | MULTI-FRUCHT | Dr.Oetker | Dr.Oetker | Dr.Oetker | MULTI-FRUCHT | VITALIS | Hier öffnen | 05.21 L0952 | Mindesenshtabsnde:Moat | SIVLN | AtTITIIT | snld ysu | LtCITITT | snld | Po | Hier ffiner | Dr.Oetker | 5 | VITALS | 05.21 L0952 | Knusper | Mindestens haltbar bis Ende Monatlah | müsli | Plus | MULTI-FRUCHT | Dr.Oetker | Hier ffen | Dr.Oetker | VITALIS | 05.21 L0952 | Knusper | Mindestens haitbar bis Ende:Monat/Jahr | plus | müsli | MULTI-FRUCHT | Dr. Oetker
001207,2020,08,18,2020-08-18,s1,"쇼코아틀리에의 건강한 | ·비간초플앗아란? | 영양정보 | aeg80g(5gx767)(480kcsl) | 탄수화를 70 | 2%369 | 당류0g | 11%34g | 09 | 포화지방49 | 콜레스테롤0mg | 0%0 mg | 卫（031888-9889 | 0% | 구입처 및 유용전문판매원 | 단백질19 | 2%79 | 197303470031119 | 개인의 필요 열량에 따라 다를 수 있습니다 | 우유.계란,견과류 등 | 상받을 수 있습니다. | 유통 | HACCP | 2020.08.18 | 기한 | 까지 | 류,잣,호두를 사용하는 제품과 갈 | 제조시설에서 제조하고 있습니다 | 0/1399 | 8809419870981"
001208,2020,08,18,2020-08-18,s1,对8码减时过泾88量12号120-64克 | 스지방00 | 148810371889-9899 | 으  수 다 | 전최 고시 소비자분정해결가준에 의거 교환 또는 | 생받을 수 있습니다. | 이 하인 반점이 성길 수 있으나.인체에 무해합니다. | 2020.08.18까지 | 기한 | 8809419870981 | 售司10-0567371
001209,2021,08,03,2021-08-03,s1,03.08.2021 | A202162 | 19:21
001210,2021,08,03,2021-08-03,s1,03.08.2021 | A20216219:21
001211,2021,07,03,2021-07-03,s1,"원산지 말레이시아 | 아랍에미레이트 | 아랍에미레이트 | 말레이시아 | 말레이시아 | 설방 탈지분유,밀가루, | 설탕,탈지분유,밀가루 | 밀크초클릿설탕, 전지분유 | 일크 전지분은,3 | 코코아버터,카라엘 | 코코아버터,헤이넷 | 코코아버터, 코코아매스,탈지 | 유지방 | 코코아매스, 식물성유지, | 분유식물성유지 레시글리 | 1전지분유 | 코코아분말합성향료 | 세린지방산에스테르 합성 | 향료(바닐린)],웨이페(일가) | 설당,말토 | 제소금 | (헤이즐넷향),탄산수소 | 코프아매스 | 나트륨 | 설당,판스테이린 건 | 시럽,코코아분말,단산수시나 | 성향료(가라멜향), | 탄산칼습, 정제소금 | 향료(바딜린! | 탄산수소나트륨 | 향료(바닐린),프르테이 | 밀,우유,대두함유 | 밀우유대두함유 | 밀우유함유 | 밀,우유,대두함유 | 이제품은 얼레르기 발생가능성이있는 | 이제품은 알레르기 발생가능성이 있는 | 이 제품은 알레르기 발생가능성에요 | 땅콩,호두를사용한제품과 같은 | 대두를사용한 제품과 같은 | 땅콩,호두를사용한 제품과 같은 | 광콩 | 제조시설에서 제조하고 있습니다. | 제조시설에서 제조하고 있습니다. | 제조시설에서 제조하고 있습니다. | 유통기한 | 2021.07.03 | 02957846 | 비닐류 | 8809415434934 | OTHER | 까지 | 날개포장파우치"
001212,2021,07,03,2021-07-03,s1,"코코아버터,에이출넷 | 유지방 | 코코아에스, 식울성유지 | 코코아분일 성향로 | 제린자방산에스테로,D생 | (M어플넷형)안산수소 | 나트용 | 일유유 대두행유 | 일유,대두함유 | 일유함유 | 일.유유 대두참유 | 대두를사용한 재과같은오4용은 | 서조2 요습니다 | 유동기한 | 2021.07.03 | 02957846 | 8809415434934 | OTHER"
001213,2021,05,15,2021-05-15,s1,"ltem Namel: | X-PEACHFB1913 | Net Weight | ric acid, | dium citrate [ | PHISCA | od Industrial | County, | an540We | ade on | and soybeans. | NUTRI | CTS | Expiry Date | Serving Size | Serving Perl | 2021.05.15 | Quantity Per | 20g | ISO22000 | Calories | Kcal | Protein | Fat | Saturated F | [rans Fat | Cholesterol | Carbohydrat | 4171152115849741 | SCA | Sugar | Sodium"
001214,NONE,NONE,NONE,NONE,fail,"Item Name | Net Weight | X-PEACHFB1913 | dium citrate | od Industrial | anS40+We | ic acid, | PHISCA | nd sovbeans. | Lounty, | NUTRI | ade on | Serving Sizer | Serving Per | CTS | Quantity Per | Expiry Date | Calories | 20g | 2021.85.15 | Protein | Kcal | Saturated A | [rans Fat | holesterol | arbohydrat | ugar | 471152115849741 | SCA | ngredients:Glucose syrup, sugar, carrageenan, sor | peach juice, peach flavor and natural color (gardenia t | AddrsNo.17NankangrdRdNanouCi | ww.sophisca.com  Made in Taiwan  Atlergy Inform | AA | at | dium | mg | rbohydrat | holesterol | rans Fat | Saturated | Protein | Calorjes | Quantity Pe! | Serming Per | Serving Size | NUTR | anS4D0W | od Industrial | dium citrate | Net Weight | tem Name | PEACHFB1913 | 2821.05.15 | Expiry Date | ade on | Lounty, | PHISCA | ic acid, | VISIH | uno | uoape | vos | gredients:Glucose syrup, sugar, carrageenan, sor | peachjuice, peach favor and natural olor(gardenia | Addsi | aenpwnip | eunsnpul po | M+OSGE | MOIIN | nuen | iey suen | epyoq | Jeo | wn. | VOs | unie | epyoq | Jebn | 000ZZOS | 2 | saoes | nuen | SS5 | ais bu | uno | jeunsnpuj po | aenp wnip | *tem Name | Net Weight | PEACHFB1913 | dium citrate [ | gredients:Glucose syrup,sugar,carrageenan, sor | od Industrial | each juice,peach flavor and natural color (gardenia t | anSA0W | AddrssNo.107Nankang3rdRdNanouCity | w.sophisca.com* Made in TaiwanAlergy Inform | ic acid, | PHISCA | nd sovbeans. | ounty, | ade on | NUTR | Serving Size Tn | Serving Per | TS | Expiry Date | Quantity Per | Calories | Ml | 20g | 2821.85.15 | Protein | at | Kcal | Saturated : | rans Fat | holestero! | arbohydrat | ugar | dium | 47115211584974 | SCA | 5S | •ltem Name | Net Weight | PEACH.FB1913 | dium citratel | gredients: Glucose syrup, sugar, carrageenan, sor | od Industrial | each juice, peach flavor and natural color (gardenia | anS0W | AddressNo.107,Nankang3rdRd,Nantou City | ww.sophisca.com Made in Taiwan  Atlergy Inform | ic acid, | HISCA | wand sovbeans. | Lounty, | ade on | NUTR | Serving Size | CTS | Serving Per | Expiry Date | Quantity Pe! | Calories | 2821.85.15 | Protein | 20g | at | Kcal | Saturated F | rans Fat | holesterol | 15022900 | arbohydrat | ugar | dium | 47115211584974 | SCA"
001215,2020,06,15,2020-06-15,clahe,Gery |  Garudafood | EXF : 15 06 20E1 | dhoco | Giadkers | U:00100014221200 | MD235513036016 | CHOCOLATE | RACKERS | 게리초코크래커
001216,2021,06,13,2021-06-13,s1,Gery |  Garudafood | EXP : 13 06 2021 | CEBXEO0 | Ghoco | ckers | CHOCOLATE
001217,2022,05,30,2022-05-30,s1,플이스 | 요를 | 유통기한 | 2022.05.30 L14
001218,2022,05,30,2022-05-30,s1,블이스 | Y | 2022.05.30 L14
001219,2021,01,14,2021-01-14,s1,유통기한 | 2021.01.14
001220,2021,01,14,2021-01-14,s1,유통기한 | 2021.01.14
001221,2021,01,01,2021-01-01,s1,빙그레 | 뽀로로 | 색소·향료 | 무첨가 | 친구들 | 카카오 | 2021 . 1.1. . 1 | Ca | Fe | Vit | 까지 | 칼습함유철분함유7가지 비타민
001222,2021,11,10,2021-11-10,s1,3 | 빙그레 | 색소·향료 | 무첨가 | 소와 | 친구들 | 카카오 | 까지 | 칼승합유없분할유:7까지 비타민 | 2021.11.1OB
001223,NONE,NONE,NONE,NONE,fail,"Kraft | 11 APR_2021 | F81756 | BEST WHEN USED BY DATE SHOWN, | ORIGINAL | LIFTHERETOOPEN | TUCK FLAPINTOCLOSE | LEVANTEAQUIPARAABRIR | METALASOLAPAPARACERRAR | FR등AA | CREAM CHEESEIOUESO.CREMA | NETWT/CON.NET:8OZ（2269)@D | LOTEYFECHA DE CADUCDAD | MAPRESOS ENELENVASE | LEVANTEAQUIPARAABRIR | LIFTHERE TOOPEN | CR통AM SEM | ORIGINAL | Kraft | BEST WHEN USED BY DATE SHOWN, | NET:80Z（2269)D | F8 | 11 APR_2021 | METALASOLAPAPARACERRAR | TUCKFLAPINTOCLOSE | SS | TTNCAT | 99L. | 8 | HIEAM C | NET:80Z22690 | Kraft | 11 APR_2021 | F81756 | BEST WHEN USED BY DATE SHOWN, | ORIGINAL | LOTEY FECHA DE CADUCDAD | IMPRESOS ENEL ENVASE | LFT HERE TOOPEN | TUCKFLAPINTOCLOSE | LEVANTEAQUIPARAABRIR | METALASOLAPAPARACERRAR | CREA | ~ | - | GUS | REMA | ORNGMLAL | CREAM CHEESE/QUESO CREMA | NETWT/CONT.NET:80Z(2269) | KD | Kraft | 11 APR_2021 | F81756 | BEST WHEN USED BY DATE SHOWN, | ORIGINAL | LOTE Y FECHA DE CADUCIDAD | IMPRESOS EN EL ENVASE | LIFT HERE TOOPEN | TUCKFLAPINTOCLOSE | LEVANTEAQUIPARAABRIR | METALASOLAPAPARACERRAR"
001224,2021,04,11,2021-04-11,s1,11 APR 2021 | Kraft | F81756 | ORIGINAL | TUCKFLAPINTO CLOSE | UFTHERE TOCPEN | METALASOLAPAPARACERRAR | LEVANTEMAIPARAABRIR
001225,2022,06,27,2022-06-27,s1,"제조일자: | 2020.12.28 | 우실로 만든대운테양초글드 고추 내용량 1kg | 이일당주충정남도논신시연무을 축본일 | 유통기한: | 2022.06.27 | 후면 상단표기일까지영 고추장 | 20- | 판매 1위에는 이유가 있다. | 포장재질 | 20g106号415%2 |  물엇고추양중국산가루 93% | 不胎25g5%国档0g空费内0694% | 해찬들만의 쌀과 콩 통시발효 | 营时量0mg0%日智4g7% | 기술로 더욱 맛있게 매운 맛! | 국신고추가루 25 있고추중국산),주정대두 | 2000 | 이으로인의요따다수있습니다. | 정제소금,대두분참쌀,국산쌀가루,종국 대두 함유 | 진질수있다숙성에의한한상이미로 안심하고도니다 | 고객행복센터 | 거보이은시  | 1666-5471（号） | 고 사용후포 시분리여 주 | cj.co.kr | 8801007166575"
001226,2022,06,27,2022-06-27,s1,제조일자: | 2020.12.28 | 유통기한: | 2022.06.27 | 영정보  | 판매1위에는 이유가있다. | U | 해찬들만의 발과콩 동시발효 | 기술로 더욱 맛있게 매운 맛
001227,2022,01,11,2022-01-11,s1,ORION | 드라이브할때 피크닉갈때 | 집에서도 | HACCP | 유통 | 21.01.12(14:38) | 부터 | 기한 | 22.01.11(B) | 까지 | http://www.orionworld.com
001228,2022,01,11,2022-01-11,s1,ORION | 타마이브할매 디크닉갈매 | 에서너5 | 유통 | 21.01.12(14:38) | 부터 | 기한 | 22.01.11(B) | 까지
001229,2021,10,28,2021-10-28,s1,GRACE | CROUN | 2020.10.29제조 | 제조일 | 유동기한 | 2021.10.28까지 | 맛있는 약속
001230,2021,10,28,2021-10-28,s1,GRACE | CROW'N | 2020.10.29제조 | 는역 | 2021.10.28까지
001231,2021,05,05,2021-05-05,s1,냉장제품 | 유통기한 | 까지 | 21:05.05 15:43 년1 | 구 | 흑임자우유
001232,2021,05,05,2021-05-05,s1,명장품 | 유통기만 | 21.05.05 15:43 F1 | 흑임자우유
001233,2021,03,09,2021-03-09,s1,2021.03.09까지 | 01 | 단호박5
001234,2021,03,09,2021-03-09,s1,2021.03.09까지 | 01141-5
001235,2020,09,26,2020-09-26,s1,위해질스 | 영양정보 | 100g | LE570mg | 탄수화물60g | 당류 38 | 지방 35g | 트랜스지방 0.5g미만 | 포화지방 16g | 상기사진은이미지컷입니다 | 콜레스테롤Omg | 단백질7g | 비닐류 | 필요 열량에 따라 다를 수 있습니다. | 3450 | OTHER | 20.03.2704:44 | 부터 | 20.09.26/#2 | 까지 | 고객지원센터 | 과 | 080-024-6060 | 수신자요금부 | /lwwldteconi.cokr
001236,NONE,NONE,NONE,NONE,fail,01.28.F2 | N-T11.A | rand' | FRESA | 니다.소비자다 | 컨슈머가 되는 길 | 떠먹는 요구르트 | 딸기맛 | delicious | Yoqurt | YOGU | 컨슈머가 되는 길 | 니다.소비자다 | rand | 떠먹는 요구르트 | 01. | delicious | N-T11. | 28. | 딸기맛 | 3 | T | snomMp | pueu | y | mboh | snmMp | yt 내 | 6 | pueu | HIIIN | NI | 01.28.F2 | N-T11.A | rand' | 니다.소비자다 | 컨슈머가 되는 길 | 떠먹는 요구르트 | 딸기맛 | delicious | 01.28.F2 | N-T11.  | rand | FRESA | 니다.소비자다 | MILK& | 컨슈머가 되는 길 | 떠먹는 요구르트 | YOGU | 딸기맛 | delicious | Yoqurt
001237,NONE,NONE,NONE,NONE,fail,"rand' | 01.28,F2 | 니다.소비자다 | N-T11.A | 컨슈머가 되는 길 | 떠먹는 요구르트 | FRE | 딸기맛 | roGU | Yogurt | delicious | 컨슈머가 되는 길 | 니다.소비자다 | rand | ogurt | 떠먹는 요구르트 | delicious | 딸기맛 | N-T11. | 01.28. | 영 극바 | snommp | 88 | Mmb | .pue.l | 7mbof | omommp |  극는 | 83 | yo귀수  | pueJ | rand"" | 01.28.F2 | 니다.소비자다 | N-T11.A | 컨슈머가 되는 길 | 떠먹는 요구르트 | 딸기맛 | delicious | rand | 01.28,F2 | N-T11.A | 니다.소비자다 | 컨슈머가 되는 길 | 떠먹는 요구르트 | FRES | MILK& | roGU | 딸기맛 | Yogurt | delicious"
001238,NONE,NONE,NONE,NONE,fail,"（m%）.9% | √프로바이오틱스 함유 | R플레 | 성장에 필요한 | 칼승,비타민D3함유 | √얼려 먹으면 더 맛있어요! | P | 도 | 균1억 이상/mL | 유통기한 | 까지 | m | SIOIR | 균1억이상/mL | H | √얼려 먹으면더 맛있어요! | < | √프로바이오틱스 함유 | 칼습,비타민D3함유 | 성장에 필요한 | (m | 유동기한 | . | . | 까지 | … | / | 바이트 | IYI | T/요 | ww | 야대구에어R프시 | ）.% | √프로바이오틱스 함유 | 성장에 필요한 | 칼승,비타민D3함유 | √얼려 먹으면 더 맛있어요! | 도 | 균1억이상/mL | 유통기한  | 까지 | （% | 프로바이오틱스 함유 | 요데 | 성장에 필요한 | 칼슘,비타민D3함유 | K | 얼려 먹으면 더 맛있어요! | 도 | / | 유동기한 | 까지 | 균1억이상/mL | m"
001239,2020,12,19,2020-12-19,s2,상하목장 | SUOw | 천천히.을바르게 | SLOW KITCHEN | 단호박크림스프 | 2020.12.19ㄴ1 | PUMPKIN CREAM SOUP
001240,2020,12,19,2020-12-19,s1,다상하목장 | 2020.12.19 L1 | Slow | 천천히올바르게 | SLOWKITCHEN | PUMPKIN CREAM SOUP | 단호박크림스프
001241,2022,06,13,2022-06-13,s1,유통기한: | 2022.06.13 | 880107号10084
001242,2022,06,13,2022-06-13,s1,순차른양념 찜장 | 2022.06.13
001243,2023,12,31,2023-12-31,s1,"NET WEIGHT | 80 GR. | 31/12/2023 | 201474 | PESO LIDUIDO | (2,820z)"
001244,2023,12,31,2023-12-31,s1,31/12/2023 | Lu | 80 GR. | 201474 | (2.820z）
001245,2021,11,01,2021-11-01,s1,2021.11.01 | gomg | om | ROTEIN BAR | 백칠바
001246,2021,01,20,2021-01-20,s1,"제품명초코칩쿠키 | 식품유형과자 | 유기한 | 측면 또는 밑면 표기인까지 | 号19870415003165 | 포장재질 | |폴리프로필렌 | 치즈분말,유화제,언하이드로밀 | 크팬,합성향료,혼합제제(합성향 | 유통 | 21.01.20(08:06) | 부터 | 료,카카오추출물),혼합제제(합 | 성향료,카라멜색소)밀,달걀, | 기한 | 2.0.B(A) | 까지 | 우유, | 시고기함유 | 8801117109202"
001247,2022,01,19,2022-01-19,s1,"유능기한 측면 또는 밑면 프기이까게 | 제품명 초코집쿠키식품유형 과자 | 포장재질 | 플리프로필린 | 号至卫电19870415003165 | 치즈분말,유화제,언하이드로밀 | 크짜, 합성향료,혼합제제(합성향 | 유통 | 21.01.20(08:06) | 료,카카오추출물),혼합제제(합 | 기한 | 22.01.19(A) | 성향료,카라멜색소 밀,달걀 | 우유 | 시고기 함유 | 8801117-109202"
001248,2021,07,15,2021-07-15,s1,20210715J | 비지는일가집의 한가족 입니다. | 반품및교환강소 | 유통과경에서면질된 제품 | 개봉후에는변길의 우려가입으니녕장고게보관 | 일가집 | ·본 제품은 공정거래위원회 고시 소비자분정해결기준 | 의거교환또는보상을받을수있습니다. | Since1982 | 우엉플러스 | 99 | 김밥용 | 단무지 | 한층 듣구어 줍니다
001249,2021,07,15,2021-07-15,s1,20210715J | 논입기집의 한가록 입니다 | 1일가집 | 우엉플러스 | 단무지 | 기바요 | O
001250,2021,04,11,2021-04-11,s1,cass | 3A고드십시오. | 크 | ieat.라면) | E로트식품 | 부터 | 21.01.12 | ·수되지기7지방일부국산미국스테인캐나다동 | 21.04.11 | 까지
001251,2021,04,11,2021-04-11,s1,rass | H | at.라면) | 21.01.12 | A | 21.04.11
001252,2021,08,19,2021-08-19,s1,2021.08.19771-5
001253,2021,08,19,2021-08-19,s1,2021.08.19 까지-5
001254,2019,09,13,2019-09-13,rot90,2019.09.13 | 드시기 전 충분히 흔들어 주세요 | 1 | 까지 | 새로운캡
001255,2019,09,13,2019-09-13,s1,10:53 | 2019.09.13 | 까지 | 새로운앱 | 드시기 전 충분히 흔들어 주세요
001256,2023,07,03,2023-07-03,s1,EPIRY DATE:2023/07/3 L.18520
001257,2023,07,03,2023-07-03,up2x,EPIRY DATE:2023/07/3 L.1852)
001258,2022,03,15,2022-03-15,s1,     | ()  | eo o  | 五808） | 논을 | · | / | (2) | 음 | 2022/03/15203-
001259,2021,08,30,2021-08-30,s1,ACANASTA | Tortillas | DE TRIGO | TA | 60 | 8x020(320-gr) | Lote/Batch no.: | T320308 | Consumir pref. antes de:30/08/2021
001260,2030,08,20,2030-08-20,rot90,ote/Batch | mir pref. ante | 02:07 | ANASIA | 20（320 | 30/08/20 | T320308
001261,NONE,NONE,NONE,NONE,fail,"THEE트리스.찜닭 | OTHER 냉장보관 | 실(내면)폴리에틸렌(필름),폴리프로필렌(용> | 23879-211994035811548 | 50（）/Tel.1566-8312230 | 유통기한 전면별도 표기일까지 원재료명 및 함량 무우60%(국내산),정제수,정제소금(국산),빙초산 | （）（（10 | 및교환장소:구매처 및 판매원·본 제품은 공정거래위원회고시소비자 분쟁 해결기준에 의거 교환 또는 | 1 | 보상 받을 수 있습니다.·사용한 포장재는 분리수거하여 주십시오.·부정,불량식품 신고는 국번없이 13 | 및교환장소:구매처 및 판매원·본제품은 공정거래위원회고시 소비자 분쟁 해결기준에의거 교환 또는 | 제품명 THE테트리스찜닭용치 | OTHER 냉장보관 | CO,LTD | THEE테트리스,찜닭 | 빙조 | 용 | 01703 | HLO | ）） | HIO | .017'03 | TH티테트리스찜닭 | OTHER 냉장보관 | 넷품명 HE테트리스찜닭용치킨무|식품의 유형 절임식품|포장재질(내면) 폴리에틸렌(필름),폴리프로필렌(용기 | 99403511548 | 토저D | 50（）Tel.1566-8312230 | 표매원 | 주서요 | 유통기한 전면별도표기일까지 원재료명 및 함량 무우60%(국내산),정제수,정제소금(국산),빙초산 | （）（2（-10 | 및교환장소:구매처 및 판매원 본제품은 공정거래위원회고시 소비자분해결기준에 의거교환 또는 | 핑닭 | 테트리스 | THE테트리스_ 찜닭| | CO,LTD | OTHER 냉장보관 | 제품명 | THE테트리스찜닭용치킨무|식품의 유형/절임식품|포장재질(내면)|폴리에틸렌(필름), 폴리프로필렌(용기) | 23879-211994035811548 | 업회시 | 50（）Tel.1566-8312230 | 유통기한 전면별도표기일까지 원재료명 및 함량 무우60%국내산),정제수,정제소금(국산),빙초산 | （）（2）（：（10 | 및 교환장소:구매처 및 판매원·본 제품은 공정거래위원회고시 소비자 분쟁 해결기준에 의거 교환 또는"
001262,NONE,07,06,NONE-07-06,fail,"THEE테트리스.찜닭 | OTHER영장M | '품명[HE터트리스범당용치킨무식풍의 유형|절임식품|포상제질(내면]를리에팅렌(필름)폴리프로립진(용 | 内23879-211994035811 | 기전인도기업지원재료영일원무우60%(국내산)경계수,정제소금(국산)방신 | 보상 받을 수 있습니다""사용한 포장재는 분리수거하여 주십시오·부경 불광식품 신고는 국변없이1E | 보상 받을 수 있습니다. | 일교환장소:구매치및 판매원 | 성신2 | THE터트리스범당용치킨무|식풍의 유형절임식품|포장제질(내면)|를리에팅렌(필름)폴리프로필천용) | ·사용한 모장는 분리수거하여 주심시오·부경광식를 신고는 국번원이 | 이원재료명 및 행량 | 238附79-21器号卫19940358115 | THEE테트리스.찜 | 7-6/ | (욱N) | 7 | l· | ()(M)%09 | RRHHLO | 루배킬브 | THE테트리스 찜닭 | OTHER병정M관 | 통명때E터트리스범담용치킨무식풍의 유형결임식품 |포상제질(내연)를리에팅렌(필릉)리프로진 | 조 | 3238479-211994035811 | 기한연도기일지원영무우60%(국산)정수정지소금(국산) | 8850（）/Te1566-8312230 | -1 | 보산 발을 수있습니다 사용한 포장계는 분리수거하여 주심시오·부경 플광식 신고는 국번원이 1 | THE테트리스.찜닭 | OTHER 냉장보관 | 제품명 THE터트리스임담용 | 식품 포상재결(내면이용리에틸렌(필릉)폴리프로필진(용기) | 조원 | 9238279-21号1994035811548 | 星50（含）/TeL1566-8312/8230 | 유통기한 전면별도 표기일까지|원재료영 및 항량 무우60%(국내산)정제수,정제소금(국산),빙초산 | 일그현장소:구치및 판매원-본제품은 공경거원하고시 소비지 분경기문에의거교한는 | 보상 받을 수 있습니다·사용한 포장재는 분리수거하여 주심시오.·부경 불광식품 신고는 국변없이 "
001263,2022,12,03,2022-12-03,s1,"레몬청 | 하단별도표기일까지 | 액상차 | 1.200g | 20050518017-84 | 구연산, 비타민C | 서광식품영농조합법인/ | 126 | 제조원 | /061-833-8757 | (주이마트/ | 377 | （个27)/02-380-5678 | 질유리(뚜껑:주석도금강판/내면:PVC) | 빛교환처:구입처및제조원 | 법:직사광선을피해서늘한 곳에보관하십 | 2개봉 후에는 반드시 냉장 보관하시고 가능한 | 원드십시오. | 방법:기호에 알맞게 생수 또는 탄산수에 희석 | 이드십시오. | 13 | 2022.12.03 | 109478750682 | 뚜껑:철"
001264,2022,12,03,2022-12-03,s1,"하도표기일까지 | 20050518017-84 | 구연산,비타인C | 식영능조법인/ | 7061-833-8757 | 理子377 | （全号27)/02-380-5678 | 처:구입처및제조원 | 피에 서는한 곳에 보관하 | 후에는 반드시 냉장 보관하시고 가능한 | :기호에 알맛게 생수 또는 탄산수에희석 | 011399 | 2022.12.03"
001265,2022,06,NONE,2022-06-NONE,s1,8 | Sinsles | tosol | WL0167 11:21 | BESTBYJUN2022 | 7239236133
001266,2022,06,NONE,2022-06-NONE,s1,WL01671121 | BESTBYJUN2022
001267,2022,09,05,2022-09-05,s1,"제품명 | 디자인워터허니부쉬레몬 | 식품유형 | 고형차 | 내용량 | 30g（3gX107H2)/0kcal | 내포장재질 | 폴리에틸렌 | 품목보고번호 | 19990372301-514 | 제조원 | 소비자상담실 | 080-542-6656（） | 에리스리톨, 사과산,레몬향분말(데스트릭,유당,레몬 | 향키베이스 아라비아검,유화제,무수구연산,허니부 | 원재료명 및 함량 | 아스파탐(감미로)이산화규소, 난소화성말토텍스트린 | 레본과습분말(레몬(이스라엘산)농축액 고형분65%) | 40%）0.8%， | 139 | 의거그환또는보상받을수입습니다이지품은우두그어게 | 심를일으수있니다.·성말이어수된은 | 아니므로 안심하고 섭취하시기 버랍니다. | 영양정보 | 17813g0kcal | 유통기한 | 2022.09.05 | 까지"
001268,2022,09,05,2022-09-05,s2,직품유 | 내용 | 소비자상담실 | 080-542-6656（午 | 에리스리5.시과산 레온부일 스트린 유당 레 | CN | 65 | 영양정보 | 유통기한 | 디자인워터 허니부쉬레온 | 30R13gX107H170kcal | 내보정재 | 플리에틸렌 | 보고호 | 19990372301-514 | 제조 | 원재료영 및 함량 | 유사제 | 보신오  | 1399 | 본제중은 | 은 제조시설에서 제조최고요 | 보 | 1개uBgs 0.kcal | 国0%含特0%80%000%0% | 2022.09.05 | 까지
001269,NONE,NONE,NONE,NONE,fail,Best before: | 11/0ct/2021 | 201931102 | 23:33:03 | 201931102 | Best before: | 23:33:03 | 11/0ct/2021 | Best before:11/0ct/2021 | 201931102 | 2333:03 | 20 | Best before: | 11/0ct/2021 | 201931102 | 23:33:03
001270,NONE,NONE,NONE,NONE,fail,Best before | 1i/0ct/2021 | 201931102 | 23.33:03 | 201931102 | 시 | Oct | 2021 | 1202/05011 | Best before: | 110ct/2021 | 201931102 | 23:33:03 | Best before | 11/0ct/2021 | 201931102 | 23.33.03
001271,2023,07,08,2023-07-08,s1,"세린,정제수※고등어,돼지고기함 영당  | 1.000mg（1： | 0g（0%0g（0%12 | Omg(O%),기능성분 EPA+DHA:70m | 의 수치는1일영양성분기준치에 대한비을 | 관방법 직사광선을 받지 않는 서늘한 곳에 보 | LOT:007091 | EXP:2023/07/08"
001272,2023,07,08,2023-07-08,s1,"1.000mg（1含月销） | 0g0%0g（0% | 0 mg(O%),기능성분 EPA+DHAT | 의수치는1일영양성분기준치에대한 | 관방법 직사광선을 받지 않는 서늘한 | LOT:007091 | EXP: 2023/07/08"
001273,2022,06,17,2022-06-17,s1,"식품위생법에 의한 한글표시사항 | 제품명 | 110g（614.68kcal) | 수입업소명및 소재지 | 원산지및제조사 터키,ANLGIDA SAN VETICAS. | 제품듯면하단조즉표시일까지 (읽는법 일월년) | 포장재질 | 是1.424%，同 | 영양정보 | 号240mg 12%|巴车贴号59g | 7档3963%47档0 | 를omg | 0%단백질4 | Produced For Jouy&Co Sweets B.V. | Windsor House -HG1 2PW | Net Wt | JOUY | BEST BEFORE | 17/06/2022 | 8719189"
001274,2022,06,17,2022-06-17,s2,식품위생법에 의한 한글표시사항 | 영양정보 | F | Net Wt | 중명 | 110g（614.68kcal) | 완산지및제조사E키 ANL GDASANVETICAS | 코코O | 00 | T | 배념e | E | PP | m | 0%4 | 보고 | EV | Sen/ Nahnwt | e/War | Kirng? | saden/Wovt odye/ytiot hodnoty/Valores miconuie | waren/ Kohlund | Enegy/EregeEno | Stot in a col and dy place/ Koel en droog be | Walor enemetEneou |  eenFe/Moies ge | sey/ Theaal Fe/ Idy/lalgy/ Gead Geank | ofwtih stuates /waanan veradgde wetuam/ daengrunpe fes | uts w tym kwny thcowe natycone/ vae mitt fee/2tahe nane | P | natent musne elin de le oules strades/ d os add gesl uut | dez332.1508X07aandam | AIO | Catolydrate/Koolydraten/ Kohlenhydrate/Gucdes/Weglowod | EETS | yco.com www.jouyco.com | -of whidh sogars /waaran sulen /daven Zacker /don suoe w ym ak | Oe-H32nw | oknlztohoaky/de en cls anicm/dct ncdhe | Harrogate -Herth Yoriatire -United Kingdom | Petin/Eesel Be Poteney Boe Photn | bet beoe/len me bouhur tt/Mndetms hahur be | SFoUUSSESUSaUSaUSNSOUSUSe | Conumie predeeotemente artes det/ Da consamunl preteriblnerte erto lt | JOUY | 4CO | BEST | BEFORE | 17/06/2022 | Lot | NO:117 | 8 | 19189
001275,2021,11,07,2021-11-07,s1,"100 | KEEP IN COOL, DaIACE | BN:191020A7 | EXP.D:2021.11.07 | //()"
001276,2021,11,04,2021-11-04,s1,영양정보 | 8410g | 100g时535kcal | 페트 | 2000000611648 | 뚜껑:HDPE | PK130S | EXP:2021.11.04
001277,2021,11,04,2021-11-04,s1,·이체품은 | 영양정보 | m 3 BB 8  | 뚜껑:HDPE | PK130 S | EXP:2021.11.04
001278,2022,01,03,2022-01-03,s1,"ToaFaturaTca | Srded n | -Treans taLenains | CartonyraesNandt | Net weight | 03/10/2019 | Producednspanby | 03/01/2022 | Dprodksdsn | Hero AG,Ka RctS"
001279,2022,10,09,2022-10-09,s2,건강기능식품 | 기능식품 | WA02830585EXP2022/10/09 | 식청의약안전서
001280,2022,10,09,2022-10-09,s2,영 | WA02830585EXP2022/10/09
001281,2025,08,05,2025-08-05,s1,"VNEGAR OF MODENA BALSANESIG AUSMODENA | VNAIGRE BALSAMOUE DE MODENE VNAGRE | BALSAMICO DE MODENA/ BALSAMK VNEDDIKE FRA | VNAGRE BALSAMICO DE MOOENA | INGREDIENTnso | ZUTATENWensWenWser, | TralbenOSt' NGREDIENTS:Vinare de Vin' vin | vinagre de vno' vino'aua)mostd de uva | Oncentd'INGREDENER nDKn | Vand,mOSGRDENEN | i | INGREDIENTES ngre e vnO'Wnho' | agua),mosto de uvas concentrado'. | PER IL PROCESSO BIOLOGICO | MIPAAF AUTHORILZED INSPECTION BODY-IT BIO DO | Herestelundetln/Putet mboulele | ar:/Prdlruc | tapet atGepdeerd en vepakd dcr. | Produzdoy engaralads em. | Acetificio Carandini Emilio S.p.A | Via perFormigine54.41051 | Castelnuovo Rangone (Mo)-llalie | Pute -P- | D  | L2182007:28 | 05/08/25 | Adna:/Adidiy/Sure/Aidita/ADdez | 250mle | 8014347001509"
001282,2025,04,01,2025-04-01,s1,CARAMEL FREE | GRIS | 제용영 데니그리스 발시믹비네가-35%모도동축과 | 식유형식6) | 업소영 및 | （风IC（TEL：02-975-2922） | 人1002.104（） | 산화방지제(데타중이형신길륨)이산화황 함유 | 원산지이달리이 | 부정개봉시 손이다칠우리가있으니주의하시기바습니다 | 본제은 공정거래위원회고시소비자 분생해결기준에의거교한또는 | /nS//f/ | AimetalingSiCSQA | adena | BBO:01/04/2025 | Producedine | L0092 | Acetifoo | M. de Nigrs | 80023Cal | PROUCTOR | 250ml
001283,2022,04,23,2022-04-23,s1,"LOT:0123049210N | BBD: 2022/04/23 | An Ideal Org | Our organic sweetener is made | Fusively of100% blue | Compared to other sweteners, | 식품 위생법에의한한글 표시사항 | 인증품의 표시사항 | Keep sealed."
001284,2022,04,23,2022-04-23,s1,LOT:0123049210N | BBD: 2022/04/23
001285,2022,11,21,2022-11-21,s1,"OLIO DI SEMI DI VINACCIOLO | GRAPESEED OIL | ·제품명 스틸라포도씨유 | (Stilla Grape Seed Oil) | ·식품의구형:기타식물성유지 | ：100% | ·저조사원산지:AgrioilpA/이아 | ·수입원 | 011 Tel：02385-722 | 4412 | ·유통기한:제품측면의 별도표시일가지(읽는법:일/월/년순) | .：1,000ml（1L)）（8,100kcm） | ·교환장소:수입원 및 구입처 | ·보관방법:직사광선이 없는 서늘안 곳에 보관 | 뚜껑:other | 교환 및 환불 받으실 수 있습니다. | 영양정보 | 1（%）2000c | 21/11/2022 | L20.326 | 1le | CONFEZIONATO DA/ PACKED BY: | AGRIOL SPA- V Seude SNC | Roccadaspide (SA) -Italy | www.agrioilit | 8014111440046"
001286,2022,11,21,2022-11-21,s2,"·시의형:기타 식동성 유지 | 조사원산지:AgriolSpA/o | 精话盟01名Tel:0238522 | lle | ACRDL SPA- VIa Seude Snc | CONFEZIONATO DA/ PACKED BY: | occadanpide (SA)- Italy | OLIO DI SEMI DI VINACCIOLO | GRAPESEED OIL | 스틸라포도씨유 | (Stilla Grape Seed Oil) | ·수업원 | ·유통기2:제품축면의도표시인어지(읽는법:일/원/년습) | ·모장재장:용가-유리,뚜장-고일도으리에달렌,알이능 | ：8含：1.000ml(1L）（8.100GD | ·교환장소:수입원 및 구입치 | 음리 | ·보관방법:직사광선이 없는 시는안 공에 보관 | :orer | ·본 계품은 공정거래위원회 고시비자분쟁해결기에 의기 | 교환 및 환불 받으실 수 있습니다. | 역양계보 | 100m1 | 1일영양 | 100m | 1 | 나트 | Orng | 00 | 지방 | 90u | 67 | 단수하를 | 00 | 트랜스지방 | 화지방 | 당류 | Ou | 00 | 100 | 플레스트를 O | 00 | 단백질 | 00 | 00% | 2.000k710-028 | core tlore in a coo and dry place, away from light and heat | Canservir in huogD frosco e asciutto, al riparo dalle tuce e da tono | DA CONSUMARSI PREFERIBLMENTE ENTRO/ BEST BEFORE END | 21/11/2022 | L20.326 | www. agrioil.t | 014117 | 440046"
001287,2023,10,01,2023-10-01,s1,기일지(원는법:일.월년순) | #送20 1399 | pberas angt fo varmelilder og besyet md  undg | DeCecco di FlppoFara S.Martino S.pA-aFDeCe |  p | PESO LiIQUIDO | PUSTICA | 500ge11lb | art k / HAndstenshatba bis | /Temps de cuisor/Kochaeit/Tiempo | /(/ | Exp: 01 10 23 | 09:26L9/91C | Lotto 00220275
001288,2023,05,22,2023-05-22,s1,"S.MARTINELLI& CO. | WATSONVILLE, CA USA | www.martinellis.com | BEST BY: | 10 FL.OZ. | 2023.05.22 | （296mL) | 21:31 E"
001289,2024,11,21,2024-11-21,s1,21157 T1 | BED:24/11/21 | ODOOA | Non | Dairy | tnu
001290,2024,11,21,2024-11-21,s1,2115711 | BED:24/11/21 | Non | inuo | Ua!
001291,2022,11,05,2022-11-05,s1,"）TEL.02-723-8175 | LDPE | Lime, cut into wedge | 서울특별시 송파구삼학사로89 | e Time: 20 Minutes | 유통기한 제품별도표기일까지(읽는법:년/월/일순) | 90%10% | henoodes in hot water for2 minute | til softened. Drain and rinse in cold | 보관상주의사항 직사광선을피하고실온에서보관 | r for 30 seconds. Set aside. | ·기효에따라 RealTHA Sauce를 가미해서 드세요. | ar Anise, Cinnamon Stick, Ginge | ·제품 전면의 사진은 조리예입니다. | 139 | Browi sugar in the chicken stock. | Jit to boll | 미성아이 www.msimall.co.kr | 내용량당 | r and simmer over medium heat fo | 영양정보 | 총내용량당 | 49.03mg | 2%지방 | ninutes.Discard theCimon Stick and | 250 | 탄수화물 | 2039 | 포화지방 | 902kcal | 콜레스테를 | 0%단백질 | 아다를수입습니다 | Rice vinegar into the chicken stock | 200 | the Sliced Chicken Breast with the | ared noodles. | RICE STICK 3 mm | g the Stock M ture to a bowland | over the Chiy en. | ish v th the E Sprouts am | ande Leaves. | e wit the lime | dges. | EDFO/ENBALLESAR: | THNT | 8858135001551 | Fooc Interr | ama l | TOWTOKkN | Rama l | D, Ban KheLaem,B | 10120.ALA0 | reipes. | se visit wy w.r il-tnai.com | PR0:2020/11/05(NTNi) | EXP:2 | 2022/11/05(Y/M/D) | I: makeoplwsl-thai.com | DLCT"
001292,2022,11,05,2022-11-05,clahe,"수입원:미성패 | Tame: 20 Minules | 서울백시파구심확사 89 | 기기지(/일) | 2号黑包：#外90%，个10% | he noodles in hot water for 2 minute | 포장재질:플리에필인 | sotened Drain and rinse in cold | 보관상 주의사할직사광선를 피하고 실은에서 보관 | for ao seconds. Set aside. | 기에U라 Ren THA SaUce가이해서 드세요. | 반품 및 교환:구입처 및 수입원 | ar Anise,Cinnamon Stick.Gingel | ·제품 전면의 사진은 조리에입니다. | Browi sugar in the chicken stock. | 은 소자정기에의거 교한또는 보상받을수있습니다. | 011399 | Iit to boll. | D성ofoi www.msimall.co.kr | or and simmer over medum heat fcr | 영양정보 | 2% | 39 | rinutes. Discard the Cinamon Stok and | 2090635合 | LE49.03mg | #48号2509 | Anise. Add THA! Fish sauce | 0%  | 902kcal | Om2 | 00 | 9 | Alice vinegar into the chicken stock. | the Slleed Chicken Breastynte | ared noodles. | RICE STICK 3 mm | d the Stock  | 'ure toa bowa | over the Chn | an. | ish m theE | I Sprou | ande | Leaves. | ewit | the lime. | fgos | DFO | IENBALLE | 'IR: | Au | 8581351001551 | mtor | al | imal | ow | POKN | 3 Bar | KN,Laem,B | O | 1012 | re | ipes | se | visit | WT/w.r | mm | n05 E | Cons | 20111O5NTN1 | : ma | H | EXE | 2022/11/05(Y/M/D) | DU | AILLANDI"
001293,2020,09,02,2020-09-02,up2x,햇 | 日期：2020/09/2 | SAUT | 净含量：400克 |    | NON-PIUEED-NON-FROTES
001294,2021,11,NONE,2021-11-NONE,s1,GET IN TOUCH | BEST BY | NOV2021 | 1-800-280-6934 | 0282FTX143 | 12:11 | AOY COMPAR CHCAGO .IL 60BUT
001295,2021,11,NONE,2021-11-NONE,s1,CET IN TOUCH | 280-6834 | BEST BY | NOV2021 | 0282FTX143 | 312:11
001296,2023,11,NONE,2023-11-NONE,s1,"움위생법에 의한 한글표시사항> | 강해 어린이들이 장시간 물고 있거나,여러 개를 한번에 | 섭취하면 입속에 상처나 심한 경우 염증이 유발될 수 | 영양정보 | 200g | 있어 주의가 필요함*부정불량식품 신고:국번 없이 | 100g:360kcal | 1399 | 0mg0%个量90g28%异76.4g76% | 200ge7.05oz | MADE IN ITALY | 0g0%0g0g0% | 콜레스테를0mg 0% 단백질 | PESO NETTO /NET WEIGHT | Papillano | Lotton.8-80027Frttamaggiore(NA)italy | www.perledisole.com | 11/2023 L20204150-331"
001297,2023,11,NONE,2023-11-NONE,s2,"강에 어린이이 장시간 물고 입거나,여러 게를 한번에 | 심취하면 입속에 상처나 심한 경우 영중이 유발될수 | 영양정보 | #48号200g | 있어주의가 필요함""부정량식품신고-국번없이 | 上国0mg0%个特量9g28%弄76.4g782 | 不0g0%天0业赠0g0% | ：（0.1%）4：200g（：720KCa款：风：MADEIN | 동위정입에 의한 한글표시사항> | TALY别风：三0附（TEL:070-86677460）吉 | 31果做生1（：/壁大PAPILLONSPL | 재질:플리프로렌 원재료명·설당포도당시럽 모도당,구연산 천연형료(데본청이 15 심식소본 용은 공정거위 고시 | 소비자 분기에 의거그는 보상을 받을 수 있습니다.보관방법고은 다습 직사광선을 피하고 실은보관 주의사항 신맛이 | 100g5/360kcal | 200ge7.05oz | MADE IN ITALY | B스터S Ong OSE2 | PESO NETTO /NET WEIGHT | CARAMELLE DURE AL GUSTO DI UIMONE RIPIENE CON POLVERE FREZZANTE | ineredenemucchero.sckoppo di gucosio, destrosio. acidmante acido cllico (E33os | aroma natirale ds lmane Co Tose), calorante curcumru CEtoas | HARD NOILED CANDHES WTTH LEMON FLAVOUR AND FILED WITH SOUR POWDER | naural lemon favOr Co.Tors). tumenc added for colur tEtool. | 2 | Confezionato do Papilon srt-Consorto Fracta Labor | Ppllao | www.perledisole.com | ComororeEpomo ihoeo thesoo e aseato kupo dle font d care e das loe | drota de ok/ Siare naoood dy poe ey hom he ooe aded araye | De cormaarni prcertimerte orto fine/Best bedore end/A 71et | 11/2023L20204150-331 | 8"
001298,2021,06,24,2021-06-24,s1,Best before date: | CHOCO MILR TART | 24/06.2021 | L2020269 05:32
001299,2021,07,28,2021-07-28,s1,"크래커,빵과일,구운감자스파계티피자,튀김 | 영양정보 | 영영정보 | 비닐류 | 50g80%0% | 2313 | 8 | HACCP | 유통기한 | 2021.07.28 | 냉장보관 | 8801150161113 | www.maeil.com"
001300,2021,07,28,2021-07-28,s1,영양정보 | BOEE | 유통기발 | 2021.07.28 | 63 | 8801150161113
001301,2029,11,21,2029-11-21,s1,"SCHEESE PARMIGIANO REGGIANO | AGED OVER 15 MONTHS | Product of Ialy | AuorizazionePamigjanReganvigen9/2 | Keep rfigerated +0 / +10°Cc | Production day: | 30.11.20 | Best before: | 29.11.21 | 0.150kg | LOTTO:LH0335D | 08:46 | MULINO FORMAGGI SRL | etak Via Emilio Lenido, 58 - Parma"
001302,2029,11,21,2029-11-21,s1,HEESE PARMIGIAVO REGGIANO | AGED OVER 15 MONTHS | Product of Italy | Autorzzazione Paigiano Reggianovigente09/2012 | Keep refrigerated +00c /+10°c | 29.11.21 | 0.150kge
001303,2021,09,14,2021-09-14,s1,1HN:14/09/2020 | 15:38 | EXP：14/09/2021 | L5 TKO
001304,2021,04,12,2021-04-12,clahe,"CHOIce | 2021-04.12 | 부드럽게 | 발라먹는 | 버터 | Spreadable Bud | 日 51% / 200 g(1,570 kcal) | 조리예 |  냉장제품"
001305,2021,04,12,2021-04-12,up2x,CHoice | L | 2021-04-12 | 부드럽게 | 발라먹는 | 버터 | Spreadable | 日51%/200g(1.570kcal) | 조리예 | * 냉장제품
001306,2021,07,19,2021-07-19,s1,"Butter | 서울우유 | 식물성 | 냉장제품 | 아침에버터 | 고칼슘 Spreadable Type | 0%7%05% | /200g(1,500kcal) | 2021-07.19"
001307,2022,11,06,2022-11-06,s1,13:37307BEST | BEFDRE 06/11/2022 | NUTRITION INFORMATION | Sening per a 14 | CARBOHYDRAIE | renge | Retrigerate atve openi
001308,2022,11,06,2022-11-06,clahe,1337307BEST | BEFORE D6/11/2022 | cnge
001309,2021,04,30,2021-04-30,s1,"Inner units not | labeled for retail sale. | (ASCOPBIC ACID) | 11500007608 | Amount/serving | Read below before serving. | Nutrition | % DV | Amount/serving | % DV | ·Do not use if Foil Seal | Facts | Total Fat Og | 0% | Fiber 1g | is broken or missing. | 2 servings | Sodium 5mg | Total Sugars 11g | ·Reeeropening | Serv size | Total Carb 13g | and use within 2 days. | 14% | IncI Og Added Sugars | 1 tub | Protein 0g | Not a signicant | Scit es Prduits Neste | Calories | Potassium10%·VitaminC45% | SA, Vevey, Switzerand or | used with pemission. | 2019Nestie. | PEST BY 30APR21 | APP Biub | 00125157K1 | US7608 | 15:35"
001310,2021,04,30,2021-04-30,s1,"1500007608 | -Do not use i Fl Seal | Fiber 1g | -Retrigerate ter opening | Nutrition | Total Fat Og | and use mithin 2 daye | Total Sugars 11g | Facts | Sodium 5mg | Incl Og Added Sugars | servings | Total Carb 13g | SA Ven, Swtrond or | Serv size | Calories | REST 7L 30APR21 | 00125157K1"
001311,2022,10,20,2022-10-20,s1,"[Unnb] | NOLSAN | SEALEO | NOUISAO | CELLE POI | 심수입원:한정주식회 | Canada | ※본 제품은 공정거래위원회 | 두,쇠고기,조개류(굴, 전복, 통합 포함 | 품과 같은 제조시설에서 제조하고있습 | 건강기능식품이력추적관리번호 | ：6292620008854+ | LOT:191001008 | EXF':2022/10/20 | 629262008 | EXPORT"
001312,2022,10,20,2022-10-20,s1,공과 같은제조시실에서 제조하고 | 건강기식이수적관번호 | ：629220008854只器71 | L.O7:191001008 | EXF:2022/10/20
001313,2022,01,15,2022-01-15,s2,"컨크랜베리 | 제품명 | 건크랜베리 | 1214 | 식품의유형 | 수입원 | 당절임 | 소분원 | 구입처 및 해당업소 | 반품및 교환처 | 소비자상담실 | 하단별도표시일까지 | 031-763-466 | 유통기한 | 내용량 | 59Qg | 원산지 | 마리아니팩킹사 | 미국 | 제조회사 | 원재료명및함량 | 5%%% | 내포장재질 | 폴리에틸렌(PE) | 닭고기,쇠고 | 생산시설 | 유통기한 | 까지 | OTHER | 8801416824745 | 지 오징어, 조개류(굴, 전복,홍합 포함), 아황산류를 사용한제 | 서 포장하였습니다.특이체질,알레르기 체질의 경우에는? | 따라과민반응을나타낼 수 있으므로 드실 때 주의하시기 바랍 | 공정거래위원회 고시 소비자분쟁해결 기준에 의거 교환 또는 보상 | 2022.01.15 BUA16"
001314,2022,01,15,2022-01-15,s2,"제품명 | 수입원 | 구입처 및 해당업소 | 하단별도표시일까지 | 반품및 교환처 | 마리아니택킹사 | 유통기한 | 내용량 | 원재료명 및 함량 | 내포장재질 | 유통기한 | 당정임 | 식품의 유형 | 건크랜베리 | 早12414号 | 031-763-466 | 소비자 상담실 | 미국 | 소분원 | 원산지 | 50Q.g | 155%44%1% | 폴리에틸렌(PE) | 제조회사 | 개봉 후에는 | 메' | 보징어, 조개류(글,전복,혼함 포학), 아황산류를 사용한제 | 장하였습니다.특이체질 알레르기체질의 경우에는 | 정거래위원회 고시 소비자분쟁해결 기준에 의거 교환 또는 보상 | 까지 | OTHER | 2022.01.15BUA16"
001315,2021,12,09,2021-12-09,s1,BRKZL NUT | 제품명브라질넷 | 200g | 포장재질 폴리에틸렌(내면) | 유통기한 후면 별도표기일까지(년월일순) | 원산지페루 | 원재료명 및 함량 | 100% | 유통기항:2021.12.09 | 까지 | ：809019710039
001316,2021,12,09,2021-12-09,s1,BRZIL NUT | (주)석보유통/경기도 광주시 곤지암읍 구수동 39 | 유통기M:2021.12.09
001317,2022,12,07,2022-12-07,s1,PACKED DATE /FECHA DE EMBALAJE | EXPIRY DATE / FECHA DE EXPIRACION | CPOK TOAHOCTN/ | 07/12/2020 | DATE DE LIMITE DE CONSOMMATION | 07/12/2022 | BATCH NO/NUMERO DE LOTE | HOMEP NAPTIW/NUMERO DE LOT | E2003403D03342 | 30 g/r | 2 | :1.050Z | EA[SY
001318,NONE,NONE,NONE,NONE,fail,"30 g/r | EALS7 | KEEP IN COOL DRY PLACE - CONSERVAR EN LUGAR FRESCO Y SECO | XPAHMTb B CYXOM NPOXIATHOM MECTE NPM OTHOCMTENBHOR BNAKCHOCTH HE SONEE 7O% | CONSERVER DANS UN ENDROIT FRAIS ET SEC | PACKED DATE /FECHA DE EMBALAJE | AATA YTAKOBKM/DATE D'EMBALLAGE | EXPIRY DATE / FECHA DE EXPIRACION | CPOK TOAHOCTM/ | DATE DE LIMITE DE CONSOMMATION | E2003403D3342 | BATCH NO/NUMERO DE LOTE | HOMEP NAPTHM/NUMERO DE LOT | HUTRUTONALFACTS | 1.050z | BCL FER TIRG | 1 | TC/U/PR/1443/99S | 200328V00 | MAIRAS MMTEBOAIOMAL OVTED | CONSERVER DANS UN ENDROIT FRAIS ET SEC | KEEP IN COOL DRY PLACE - CONSERVAR EN LUGAR FRESCO Y SECO | ROTENONUMER DERO DELOT | CPOK TOAHOC | EXPIRY DATE / FECHA DE EXPIRACION | PACKED DATE /FECHA DE EMBALAJE | TC/E/PR/1443/995 | EAES7 | LIMITE DE CONSOMMATION | TM | 1 | E2003403D3342 | NPM OTHOCMTENBHOM BNAKHOCTM HE SONEE 70% | 30 g/r | 1050Z | J/OE | 1O  O'2 | //스8 | $1.1 | SLOVITVNOA | OCLAA TOTVOEINE SPEVR | ZOSO'L | //28 | LPAPCRICAACBBCAAVAPECAARCER | KEEP IN COOL DRY PLACE -CONSERVAR EN LUGAR FRESCOY SECO | XPAHKTb BCXOM NPOXRARHOM MECTE NPM OTHOCITENBHOR BRAKCHOCTH HE EONEE 7ON | CONSERVER DANS UN ENDROIT FRAIS ETSEC | PACKED DATE /FECHA DE EMBALAJE | AATA YIAKOBKM/DATE D'EMBALLAGE | 彩 | EXPIRY DATE /FECHA DE EXPIRACION | CPOK TOAHOCTM/ | DATE DELIMITE DE CONSOMMATION | E2003403D3342 | BATCH NO/NUMERO DE LOTE | HOMEP NAPTMM/NUMERO DE LOT | 30 g/r | MUTRMONALFACTS | 1.050z | CPRTS | "" | .31. | TOEP | 13/995 | 200328V00 | MMLIRAS | LUFVDUD | EALSTA | KEEP IN COOL DRY PLACE-CONSERVAR EN LUGAR FRESCO Y SECO | XPAHMTb B CYXOM NPOXNARHOM MECTE NPM OTHOCMTENbHOH BNAKHOCTH HE EONEE 7O9 | CONSERVER DANS UN ENDROIT FRAIS ET SEC | PACKED DATE /FECHA DE EMBALAJE | 8 | AATA YTAKOBKM/DATE D'EMBALLAGE | EXPIRY DATE / FECHA DE EXPIRACION | — | CPOK TOAHOCTM/ | DATE DE LIMITE DE CONSOMMATION | E2003403D3342 | BATCH NO/NUMERO DE LOTE | HOMEP NAPTMM/NUMERO DE LOT | NET WEIGHT | 30 g/r | BECMETO | PONOS MET | 1.050z | HUTRUTIONALFACTS | OA | uoS Nos | R TS |   | CAUDRAES | KOTAI RAT | 99 | 688410 | TC/EPR/1443/995 | 2002V00 | RCLBCACS 4EN | CAAAN | MALTRASMTERRLAMOOLALOPVTLDAORAQOORO | GAE3 | A | A | CA R | - | 18 | EAL S7G"
001319,2021,11,22,2021-11-22,s1,"영양정보 | 200g | 100g520kcal | 및 교환장소:구입처 | 100gg | 영양성분 기준치에 대한 비율 | 회 고시 소비자 분쟁 | 나트륨 | 290mg15% | 지방 | 25g | 46 % | 을 수 있습니다. | 탄수화물 | 68g21 | 트랜스지방 | 0g | 22/11/2021 | 399 | 당류 | 7g 7% | 포화지방 | 11g | 73% | 랍니다.·땅콩,호두, | M2032812:07B | 콜레스테롤 5mg미만 1% 단백질 | 다과용으로 함께 | 5.8g | 11% | 다."
001320,2021,11,22,2021-11-22,s1,"영양정보 | 교환장소:구입처 | 200g | 100g | 회고시소비자 분쟁 | 100g20kcal | 을수있습니다. | 나트륨 | 영양성분 기준치에 대한 비율 | 290mg15#不 | 399· | 탄수화물 | 68g21% | 25g46% | 랍니다.·땅콩,호두 | 당류 | 트랜스지방0g | 다과용으로 함께 | 797% | 量5mg1%5.8g11% | 11g73% | 22/11/2021 | 1%）200kcal | M2032812:07B | 이므로 개인의 필요 열 다를 수 있습니다."
001321,2022,02,15,2022-02-15,s1,"2.000 | 안에서 부드럽게 녹아내리는 | (란쿠키 | 2022.02.15까지B12:25 | 과자 | (주)대산후드/경기도 파주시 | 541-50 | 영양정보 | 총 내용량 | 30g150 | 롯데쇼핑(주)/서울특별시 | 판매원 | 30 g당 | 1일영양성분 | 중구 남대문로 81(소공동) | 기준치에대한 비율 | 한 | 후면 표시일까지 | 나트륨75mg | 4% | 295mg | 내면) 폴리에틸렌 | 탄수화물20g | 6% | 80g | 100 | 당류 9.2g | 9% | 지방79 | 13% | 새료명 | 트랜스지방 | 1L다가린가공유재팔스테아린에스테르화의 | 09 | 말레이시아산,대두외국요이자 | 포화지방 3.2g | 상량 | 21% | 프리페어드에드블켓,수수전분,식물성크림,산도 | 콜레스테롤15mg | 5% | ,산도,정소,성바 | 1.79 | 계란,우유,대두,밀함유 | 19930355028194 | 과 고운다을 이은 보 | 수로 | 이은 ,,등어유, | ,오,시용 | 은 공고시소 기준"
001322,2022,02,15,2022-02-15,s1,"2000 | 만쿠키 | 2022.02.15까지B12:25 | 영양정보 | 541-50 | 롯데스핑(주/서울특별시 | 30 g당 | 중구 남대문로 81(소공동) | 나트를 75mg | 지방79 | ADRAEE | 空期风3.29 | 5 | 계린, 우유, 대두,일 함유 | 订19930359028194"
001323,2023,07,09,2023-07-09,s1,"(월/년순 | 료명 | 경세몰리나무 | 100% | 量100.g | 포장재질 | 폴리프로필렌 | )을 넣고 | (내면) | 분 징도 삶아주세요 | LHo500g | 교환장소:구입처 | 양ll! | 1일 영양성분 | 공정거래 | 지에 대한 | 교환는"" | 보상 | 니다 | 불량 식품 신고 | OT1399 | 대두 혼입가능성이 | 22 | （%）2.000kcal | 8008993270914 | L190191042000 17：18 | PYOD:09/07/2020 | EKP:09/07/2023"
001324,2023,07,09,2023-07-09,s1,플리포로필렌 | 붙 이도 살아주세요 | 电1899-3000 | 교환장소 구입 | 정거래위 | 교육 | 받다품 | 신과 | 혼입가능성 | 8008993270914 | PVIOD:09/07/2020 | .KP:09/07/2023
001325,NONE,NONE,NONE,NONE,fail,K193154000 | 0O0 | Kellogg's | tarts | FAMILY | REWARDS | BEST If | Used-By | JUL 2221 GC202:31 | SLIP THUMB UNDER TAB | FROSTED | COOKIES | & CREME | Arificially Flavored/Con sabor artificial | POPTARTS.COM | R | TO OPEN | LIFT GENTLY | VISIT US AT | JUL2221GC202:31 | tarts | Arifill Fored/Con sbor rificial | & CREME | COOKIES | SLIP THU | FROSTED | LIFT GENTLY | TO OPEN | JDER TAB | Used-By | BEST If | K193154000 | Kellogg's | obbogpol | AV SN LISIA | EOOWES | SjJet | ATWV | K193154000 | 0 | Kellgg's | tarts | R | · | FAMILY | REWARDS | BEST I | Used-By | JUL2221GC202:31 | TO OPEN | SLIP THUMB UNDER TAB | LIFT GENTLY | FROSTED | COOKIES | & CREME | Artiicilly Favored/Con sabor atificial | VISIT US AT | POPTARTS.COM | K193154000 | 0 | Kellogg's | tarrs | R | FAMILY | REWARDS | BEST If | Used-By | JUL22 21GC202:31 | TO OPEN | SLIP THUMB UNDER TAB | LIFT GENTLY | FROSTED | COOKIES | & CREME | Artificially Flavored/Con sabor artificial | VISIT US AT | POPTARTS.COM
001326,2021,07,19,2021-07-19,s1,"제품명 | 유통기한전면 | 이스트엑기스분말, 유산균발효분말. | 우유,대두,밀,쇠고기,오징이 | 영양정보 | 총 내용량당 | L号1120mg | 탄수화물80g | 당류 79 | 2021.07.19 까지 | 179 | 트랜스지방 0g | 부담은 덜고,마음은 채우고 | 12A1 | 포화지방8g | 콜레스테롤Omg | 단백질11g | 리방법 | 60030 | 물을 약8스푼정도 남기고 따라버린 후액상스프를 넣고 | 1600 | 30초 이상 볶습니다. | 800 | 1120mg | 2000mg | 적당량(약2큰술정도)이 되면 불을끄고 맛있게드십시오. | 18 | 법취 조절하기 위하여 기호에 따라적경량의 스프를 청가하여 조리하십시오 | （）1140mg | 8801073"
001327,2021,07,19,2021-07-19,s1,"제품명 | 유통기한 전연"" | 가일칼리제(산도조절제),구아검,구연산,녹차풍미유. | 식물성크림분말,정제염,양파분,조미콩단백분,맛베이스 | 이스트엑기스분말,유산균발효분말. | 향미증진제,불맛잠봉조미유,신미제(산도 | 우유,대두,밀,쇠고기,오정 | 영양정보 | L鸟量1120mg | 탄수을 80g | 당류79 | 2021.07.19 까지 | 부담은덜고,마음은채우고 | 17g | 12A1 | '트랜스지방0g | 포화지방 8g | 리방를 | 레스타 Omg | 단백질11g | 60030 | 물을 약용스폰 경도 남기고 따라버린후액성스프를 넘고 | 대당량(약 2큰술경도)이 되면 불을 끄고 맛있게 드십시오. | 1120mg | 8"
001328,2021,06,26,2021-06-26,s1,"라면사리 | 오뚜기 | 각종전골,찌강용 | 2021.06.26까지 | D402 | A171 | 8801045522012 | 유의·조리 시 안전사고에 주의 | 080088-1212）"
001329,2021,06,26,2021-06-26,s1,"라면사리 | 오뚜기 | 각종전골, 지정 | 2021.06.26까지 | 0402 | A171 | 8801045522012 | 건조한 곳에 보관:벌레나 냉새의 영향을 받기 쉬우므로 | 유의-조리시 안전사고에 주의 | ：080-088-1212（）"
001330,2021,03,05,2021-03-05,s1,애플망고(페루산) | 2021.03.05 | 32 | 24000 | GOURMET494
001331,2021,04,19,2021-04-19,s1,파주장단콩 | 조리예 | 강릉초당두부 | 담백하고구수한 | 청국장 | 2021.04.19. | 보관방법냉 | 반품및교환처구입처및본사
001332,2021,12,NONE,2021-12-NONE,s1,Cme/ | DDM | 12/2021 | LOT | P24158 | 11:00 | 3700112016414
001333,2021,12,NONE,2021-12-NONE,s2,DDM | P24158 | 12/2021 | LOT | 11:00 | 3700112016414 | N
001334,2021,10,26,2021-10-26,rot90,"y | 26 OCT 2021 | BEST BEFORE | TILLVERKAD I SPANIEN/ GEPRODUCEERD INS | HERGESTELLT IN SPANIEN/ FREMSTILLETISN | PRODOTTO IN SPAGNA/ PRODUZIDOENSR | 콜레스테를 Omg | 지방 19g | 4三暑157mg | 영양정보 | FABRICADO EN ESPANA / FABR | Aardappelchips met ka | Potatischips med k | Kartoffelchips med | Kartoffelchips mit | Batatas fritas com | Patate fi | Patates fregides | 실수있십니다 | 0%단백질2g | 35%0g | 8%回午龄量16g | www.patatastorres.com | (Barcelona) ESPANA | 08160Montmel | cVerneda del Congost,4 | Pol. Ind. EI Pedregar | PATATAS FRITAS TORRESS.L"
001335,NONE,02,30,NONE-02-30,clahe,0mg | 라다 수 있습니다. | 电电（%）电2.30） | Patatas frtas conta | Patate uegldes ombt | Potato chips with cov | Chips de pommes dey | Paatefe con orome | Batatas fuitas comto | Kartofielchips mit r | Kartotelchips mech | Potatischips med A | Aardappelchips met k | FADMADEINSPAINTEABRIQUEEN | FABPICADO EN ESPARA/FAL | PRODOTTO IN SPAGNA/PRODUZIDOLI | HERGESTELLT IN SPANIEN/FREMSTILET | TILLVERKAD ISPANIEN / GEPRODUCEEROR | PATATAS FRITAS TORRESSL | Pol. Ind. EI Pedregar | RRES | cVerneda del Congost.4 | 08160Montmeld | BEST BEFORE | (Barcelona) ESPANA | www.patatastorres.com | 26OOT2021 | 17:41 LOT 300
001336,2021,07,04,2021-07-04,s1,"Melon & Mango Cheese 125g | 영양정보 | 三号213mg | 30.1g | 异18.5g | 39.3g | 트랜스지방 1.3g | 931616000095 | Use By: | 04 JUL 21 | 축산물가공품의 유형가공치즈 | 판매원 | ""우유,이산화항 함유”"
001337,2021,07,04,2021-07-04,s2,Melon&MangoCheese125g | 영양정보 | 9316160000950 | 45#213mg | 2小0#20.19 | 509kcal | 3949 | 总1859 | 11% | 1.3g | 10% | 9% | 아지방 | 레스 | 1799 | 73% | 88a | 131mg | Use By: | 119% | 44% | 04  JUL 21 | 16% | Mon M | CV | 1 | 8 | 제 | 조사 | /TEOO | FREUHCEESE CO CAUSTPTYLD | 유통기한 | 0 | JUN6일 | MaW | OC-SCMMM
001338,2021,06,08,2021-06-08,s1,"재활용우수 | zerland, Emmi Schweiz AG, | Keep refrigerated | )re:08.06.2021 | emmi | 6109002058201"
001339,2021,06,08,2021-06-08,s1,pre: 08.06.2021
001340,2021,11,25,2021-11-25,s1,520笔克/mg | sodium | /Valid for Hong Kong only | sonitrilros | Macca HeTTo: | PROD. 25/11/2020 | EXP.  | 25/11/2021 | ITN2 2 33011:32 | PP
001341,2021,11,25,2021-11-25,s1,/Valid for Hong Kong only | PROD.25/11/2020 | 25/11/2021 | ITN2233011:32
001342,2021,09,10,2021-09-10,s1,"""with Mom's | -  어 있 수 있습니다. | Ordinary? | Total Sugars 17g | Trans Fat Og | Incl.13gAddedSugars26% | Best If Used By: | 0% | Cholest Omg | 8% | Protein 3g | SEP 10 2021 | Sodium180mg | 02547861B19:15 | 6·Iron0.7mg4%·Potas.122mg2% | VitDOmcg0%·Calcium35mg2% | OCTIPOCA SYRIP BRONNI"
001343,2021,09,10,2021-09-10,s1,with Mom's | Tota/ Sugars 17g | UD | In13Adbeugars2% | Best I Used By: | Cholest Omg | Protein 3g | SEP 10 2021 | 5odlum180mg | 025478618 19：15
001344,2021,08,10,2021-08-10,s1,"ed with a childhood | 식위생법에의한한글표시사항 | 711：E：2/12005 | 는 건가공 내용 | (유통기는2BEST FUSED BY | colorful Morocco. | NOV/2.20252025-1112 | JANFEB2MAR3APR4MAY5 | 유한제용 됐면별도기일까지유통기한읽는법예시장조) | NAUGSEPOCT 1 | the markes flled with dry-roasted | ·직시을 피하고한 곳에실온보 | riesand pomegranate we brought | touch oflemon and a pinch of | 영양정보내8량당 | 1일내용량당 | 에의거교할 또는 보상받을 수입습니다. | 트랜스지방 0g | 반품일교구처 | 지방1.5g | 단 79 | -간건리 입접이 모어 인을수 있습니다. | 이은 명사한과 | 0% | Incl.7gAddedSugars15% | 10mg | 9% | Protein 7g | Best If Used By: | lron1mg6%:Potas.279mg6% | AUG 10 2021 | SUGAR, NATURAL POMEGRANATE | OCHERRES CHERRIES | 02237861B20:51"
001345,2021,08,27,2021-08-27,s1,"ted with honey | 식품위생법에 의한 한글표시사항 | 제용 뒷면 별도표기일까지(유통기한읽는법예시장조 | sweetness was the ideal complement | 5%스지방 0g | 식이성유 49 | Ordinary"" | 7g | Cholest. Omg | 0% | Incl. 7g Added Sugars | 15% | Sodium220mg | 10% | Protein 7g | Best If Used By: | Iron 1mg 8%·Potas.231mg 4% | AUG 27 2021 | 02407861C19:10 | -C HONEY, GROUND VANILLA BEANS,"
001346,2021,08,27,2021-08-27,s1,"ted with honey | local farmer's market. | sweetness was the ideal comylement | yroasted almonds. We added toasted | seeds and pure ground Madagascar vanilla | round out this irresistible combination. | Ordinary"" | Cholest. Omg | 0% | Ind.7gAddedSugars15% | Sodium220mg | 10% | Protein 7g | Best I Used By: | AUG 27 2021 | 02407861C19:10"
001347,2021,10,31,2021-10-31,s1,Ciokoloi | Dal 1959 | WITOR'S | 2021/10/31 | 07:235 | ICA3
001348,2021,10,31,2021-10-31,s1,Ciokolotti | ITOR'S | 2021/10/31
001349,2022,08,21,2022-08-21,s1,21-08-2022 | L2023403 -073 | merla | NOUGATELLI | COOKKIES | with delicious hazelnut | ceme | filling
001350,2021,08,21,2021-08-21,s1,21-08-2021 | L2023403-073 | merba | OOKKNES | witR delicious | Raselnut | cheme | fieling
001351,2022,06,09,2022-06-09,s1,JRZR | 09-06-2022 | merba | L2016203-023 | SIN C E | EKHAZELNUT | COOKIES | delieious eombination of | choeolate and hagelnuts
001352,2022,06,27,2022-06-27,s1,FUSIL | MisURA | RAFILATUE | AL BRONZO | Pack_MISURA500g2 | 상품명: | 입 | 유통기한 :2022-06-27 | 8809394830895 | U7% GRANO ITALIANU | ASTA | PRODOTTA IN ITALIA | 500g6 | net weight 17.
001353,2022,06,27,2022-06-27,s1,FUSIL | AL BRONZO | MisURA | 유통기한:2022-06-27 | 8809394830895 | PRODOTTA IN ITALIA
001354,2022,07,06,2022-07-06,s1,L0T:20-18816:51 | BB:06 JUL2022
001355,2021,07,22,2021-07-22,s1,"영양정보 | L客号：150g | 100g190kcal | 100g号 | 1일영양성분 | 기준치에대한 비를 | 320mg | 탄수화물 | 9 | 3.3g | 트랜스지방 | :(10C) | 10g | 콜레스테를 | 1일영양성분 기준치에대한비을 | （%）2.000kcal72 | PP | 필요열량에 따라 다를 수 있습니다. | Net weight | 150g | Servingsize25g/envingsperpaclage | Per Serving | Per/100g | 2021.07.22 | :LO11 | salt, lacti acid | Best before | Energy (k/kcal) | (YYYY/MM/DD) | h | 21: | erotein(e) | contains milk. | -saturated fat (8) | (//) | Denmark by ANa | Cholesterol(mg) | Foodsamba,8260 | Viby I.,Denmark at | Dietary fbre (e) | Hjermvej 28.7500 | Sodium(me) | 320 | Calcum(mg)"
001356,2023,08,20,2023-08-20,s2,BATCH:0001015697 | EXP:08/22 MFD:08/20 23:16 | Bo0p(30.4g) | 30 | SECO | 30.4GRAMS | 6-8FL02 | MOL | OWATER. | OEVEA | AGE
001357,2023,08,20,2023-08-20,s2,EXP:08/22MFD:08/20 23:16 | BATCH:0001015697 | 3O.4 GRAMS | 0z | B-DPL
001358,NONE,NONE,NONE,NONE,fail,"kisin ve 3-4 dakika daha karstirarak | in. Kaynamaya baslayinca ocag | i karistirarak | 15x25cmboyutianndalk |  8(1 cay bardablo | pisirmeye devam edin. | Kazandibini 3,5 su bardae | Kaynamaya baslaynca 3-4d | pisirmeye deam edin ve kay | dizeltin.Urerine2 yemek kapb | 26 cm capinda aluminyum bir tepsinin | sicakligina gelince bundeo | tabanini ve kenarlarini tum yuzeyleri | dilimleyerek servis yapm | kaplayacak sekilde margarin ile | yalayin. Uzerine pisirdiginiz tatly! | dökun ve kuvvetli ates uzerinde | tatinin enerive bes | gezdirerek kenarlar kizarncaya kadar | (yaklasik5-10dakika)altiniyakin.Oda | Yag | sicakligina gelince buzdolabina alin ve | Karbonhidrat | 2 saat bekletin. Dilimleyin ve spatula | yardim ile ters cevirerek servis yapin. | icindekiler:Seker, msir | srvis önerisi: Rulo seklinde kvirarak servis | unu, tapyoka nisastas, | renklendiici(betaa) | tep.ile yapiniz. | Domuz yagi ve domundam | hicbir urunu icermez | TürGida Kodeksi'ne uygundur. | islelmeKayit No:TR-35-K-000884 | Mensei: Tüirkiye | Net:165ge | R.7. | 12.2020-13:28/1819011 | 690629219 | Enerji | 153Kca | Protein | Dr. Oetas | Telelon:08 | OSI | Serin, kuru ve kokusuz yerde saklayiniz. | Tavsiye edilen tüketim tarihi/Parti no: | epi8 | 8 | Dr. Oetker Gida San. ve Tic. A.S. | cevreyel | verdigimiz Önemi | i gostermektedir. | Tavsiye edilen tüketim tarihi/Parti no: | Serin, kuru ve kokusuz yerde saklayniz. | islerme Kayit No:TR-35-K-000884 | teps1ele yapiniz. | 12.2020-13:28/1819011 | Dr. Oetker Gida San. ve Tic. A.S. | Net:165ge | Mensei: Turkiye | renklendirici (beta kam | unu, tapyoka nisastas, | icindekiler:Seker, misir | dilimleyerek servis yapm | hicbir urunu icermez | Domuz yag ve domu | 8690629211 | Protein | Enerji | Ve | 153Kc | 2BSL | 61262906918 | nupluuoquD | irin. Kaynamaya baslayinca ocag | kisin ve 3-4 dakika daha karstirarak | pisirmeye devam edin. | yaglayin. Uzerine pisirdiginiz tatliy | yardim ile ters cevirerek servis yapin. | 10 | MIN | eourtoc.e.es | 6126290698 | 8 | 2 | OIC'MMN | sahiptir | anapluuoquDx | tpu) | mpyE eukeseq eheeuhex | gepeq ns SE fugipuezex | epuueankoq Wp soxsl | kisin ve 3-4 dakika daha karstirarak | 1. Kaynamaya baslayinca ocag | lkaristirarak | 15x25 | cml | ardag)o | pisirmeye devam edin. | Kazandil | rutia, | Kaynarma | su bar | pisirmeye de | yb | laynca 3-4 | da) | diuzelin. Uzerine2 yemek kapb | vam edin ve ka | onceden 18orc | 26 cm capinda aluminyum bir tepsinin | ayainda20-an | stims hnn | sicakdigna gelince bundei | tabanini ve kenarlarin tum yüzeyleri | dilimleyerek servis yapm | kaplayacak sekilde margarin ile | yalayin. Uzerine pisirdiginiz tatly1 | dökun ve kuvetli ates uzerinde | 100gtarifin | tatinin | gezdirerek kenarlar kizarncaya kadar | Enerji | (yaklasik5-10dakika)altiniyakinOda | Yag | 153Kcd | sicakligina gelince buzdolabina alin ve | Karbonhidrat | 2 saat bekletin. Dilimleyin ve spatula | Protein | yardimi ile ters cevirerek servis yapin. | igindekiler:Seker, misir | s rvis önerisi: Rulo seklinde kivirarak servis | unu,tapyoka nisastas. | yapistiyraykmisemincmapindki | renklendirici (betakarm) | tep.cle yapiniz. | Domuz yagi ve domund | hicbir ürunu icermez | TürGida Kodeksi'ne uygundur. | I:lel.meKayit No:TR-35-K-000884 | Tart, Onen | Dr. Oeter Dn | Telelon:Q80 | OSI | Serin, kuru ve kokusuz yerde saklayiniz. | Tavsiye edilen tüketim tarihi/Parti no: | Mensei: Turkiye | n8 | O51 | epi8 | Net: 165 ge | 11006:OS1 | R.7. | 12.2020-13:28/1819011 | 8 | 8""690629219 | Dr. Oetker Gida San. ve Tic. A.S. | Bekir Saydam Cad. No: 68 35865 PancarAoral/ZMR | irin.Kaynamaya baslayinca ocag | frekli karistirarak | 50g(1caybardap)og | kisin ve 3-4 dakika daha karistirarak | 15x25.cmboyutlanndakpm | Kazandibini 3.5 su bardab  | pisirmeye devam edin. | Kaynamaya basiaynca 3-4 dak | pisirmeye devam edin ve kaysl | duzeltin. Ozerine2 yemek kapb | 3 | onceden 18o*C ye istlmis hnnim | ayarinda20-25daklapiirinFim | 26 cm capinda alüminyum bir tepsinin | sicakligina gelince budoabonda3 | tabanini ve kenarlarini tum yüzeyleri | dilimleyerek servis yapn. | kaplayacak sekilde margarin ile | yaglayin. Uzerine pisirdiginiz tatly! | 100gtarifine gore ha | dökun ve kuvvetli ates uzerinde | tatinin enerji ve besin | gezdirerek kenarlar kizarincaya kadar | Enerji | (yaklasik5-10dakika)altini yakin.Oda | Yag | 153Kca | Karbonhidrat | sicakligina gelince buzdolabina alin ve | Protein | 2 saat bekletin. Dilimleyin ve spatula | yardimi ile ters cevirerek servis yapin. | icindekiler: Seker, misirm | srvis önerisi: Rulo seklinde kivrarak servis | unu, tapyoka nisastas, | renklendirici (beta karotm) | yapak istiyorsanz,yakmaislemini 30cmsapndaki | tepsicle yapiniz. | Domuz yagI ve domundan | hicbir ürünu içermez | TürGida Kodeksi'ne uygundur. | Tarit, One | islermeKayitNo:TR-35-K-000884 | Dr. Oetkar Dev | Telefon:Q80041508 | Serin, kuru ve kokusuz yerde saklayiniz. | wW.C | Mensei: Turkiye | Tavsiye edilen tüketim tarihi/Parti no: | Net: 165 g e | R.7. | 12.2020-13:28/1819011 | 8690629219 | SO9001SO22000veSO1401belgelerinesahipir. | Dr. Oetker Gida San. ve Tic. A.S | BekirSaydam Cad.No:68 35865 PancarAsreal ZMIR"
001359,NONE,NONE,NONE,NONE,fail,"eriin. Kaynamaya baslayinca ocag | 26 cm capinda aluminyum bir tepsinin | tabanin ve kenarlarni tum yuzeyleri | kaplayacak sekilde margarin ile | yaglayin. Uzerine pisirdiginiz tatlry | dokun ve kuvveti ates uzerinde | 2 saat bekletin. Diimleyin ve spatula | tep:fe yapiniz. | Tur, Gida Kodeksi'ne uygundur. | Mensei:Turkiye | Net:165ge | 12.2020-13:28/1819011 | sureki kanstrarak | kisin ve 3-4 dakika daha karstirarak | pisirmeye devam edin. | onceden taerCn | scaklna  | diimdeperek | 1001a | tatlin | Energ | Yag | Karbonhid | sicakligina gelince buzdolabina alin ve | Protein | Icindekiler:Seker,mu | yardimi ile ters cevirerek servis yapin. | unu, tapyoka nisanta | rvis önerisi: Rulo seklinde kvirarak servis | renklendirici (beta) | yap | iak istiyorsaniz, yakma islemini 30 cm sapindaki | Domuz yag ve dor | hicbir urunu içerm | lemeKayitNo:TR-35-K-000884 | serin, kuru ve kokusuz yerde saklayniz. | Tavsiye edilen tüketim tarihi/Parti no: | R.7. | 8 | 1690 | Dr. Oetker Gida San. ve Tic. A.s. | Bekir Saydam Cad.No:6835865Pancaror | gistrmeltede | Tavsiye edilen tüketim tarihi/Parti no: | serin, kuru ve kokusuz yerde saklayiniz. | leimeKayitNo:TR-35-K-000884 | Tur, Gida Kodeksi'ne uygundur. | tepr ife yapiniz. | vap | 12.2020-13:28/1819011 | yardim ile ters Sevirerek servis yapin. | Dr. Oetker Gida San. ve Tic. A.s. | R.7. | Ne:165ge | Mensei: Turkiye | ina alin ve | yDnSuDN Duop Dpop tE an us | hicbir urunu icen | Domuz yag ve do | renklendirici (beta | unu, tapyoka nis | lcindekiler:Seker., | Tort. | 6290691 | 8 | kisin ve 3-4 dakika daha karstrarak | pisirmeye devam edin. | 3 | 069m | op an o zno | don | aa)(upuauad | dpp |  A | yoiDanluon Duop Dypop t-E an uIsi | uan. Kaymamaya baslayinca ocal | rekli kangtirarak | kisin ve 3-4 dakika daha karstirarak | Kaanditin 3s w bas | pisirmeye devam edin. |  dedne  | oncedans | warmda n-z | 26 cm capinda alaminyum.bir tepsinin | tabanin ve kenarann tumyazeyleri | dirmleperek seris | kaplayacak sekilde margarn ie | yaslayn. Uzerine piirdiiniz tatiy | 100110 | dokun ve kuvvetli ates umerinde | tatl | gezdirerek kenarlan kmanncaya kadar | Energ | Yat | Karbonhidn | ISIK | vaklasik s-1o dakika)alanyakn.Oda | sicakligina gelince buzdolabina alin ve | Protein | 2 saat bekletin. Dilimleyin ve spatula | Icindeldler Seker,mse | yardimt ile ters cevirerek servis yapin. | unu, tapyoka nisastan | 3s rvis onerisi: Rulo seklinde kivirarak servis | renkdendirici (beta k | iap | p iak istiyorsaniz, yakma islemini 30 cm gapindaki | Domuz yag ve dor | teps ife yapiniz | hicbir arunu icerme | Tur, Gida Kodeksi'ne uygundur. | le.meKayitNo:TR-35-K-000884 | erin,kuru ve kokusuz yerde saklayiniz. | Mensei:Turkiye | Tavsiye edilen tuketim tarihi/Parti no: | Net:165ge | R.7. | 86904 | 12.2020-13:28/1819011 | Dr. Oetker Gida San. ve Tic. A.s. | Bekir SaydamCad.No:6835865Pancarr. | 32 | peirin. Kaynamaya baslayinca ocag | urekli kanstirarak | kisin ve 3-4 dakika daha karstirarak | pisirmeye devam edin. | PDUETT | daettm | oncedien | ayand2o2 | 3 | sicaksiguna am | 26 cm sapinda aluminyum bir tepsinin | tabamini ve kenarlarni tum yuzeyleri | PRTEW | kaplayacak sekilde margarin ile | 100ztar | yaglayin. Uzerine pisirdiginiz tatiy! | tatlaen | dokun ve kuvvetli ates uzerinde | Epar | gezdirerek kenarlar knarncaya kadar | Yag | (yaklasik5-10dakiko)altiniyakin.Oda | Karbonl | Protein | sicakligina gelince buzdolabina alin ve | 2 saat bekletin. Dilimleyin ve spatula | Icindekiler.Seker, ms | yardimi ile ters cevirerek servis yapin. | unu, tapyoka nigasta | s irvis önerisi: Rulo seklinde kivirarak servis | renklendirici (beta | yap rak istiyorsaniz, yakma istemini 30 cm sapindaki | Domuz yag ve dom | hicbir ürunu igermee | tepsfe yapiniz. | Tur. Gida Kodeksi'ne uygundur. | leimeKayitNo:TR-35-K-000884 | erin, kuru ve kokusuz yerde saklayiniz | Mensei: Turkiye | Net:165ge | Tavsiye edilen tüketim tarihi/Parti no: | R.7. | 16903 | 8 | 12.2020-13:28/1819011 | Dr. Oetker Gida San. ve Tic. A.S | Bekir Saydam Cad.No:68 35865PancarASreuR"
001360,2021,09,02,2021-09-02,s2,"Mmor | √RENKLENDIRICI KCERMEZ | sogan, nane ozuta. | Urunlerimizin hicbir cesidinde domuzyagive | CORBANIZI HAZIRLAMAK iCiN: | 1.1paket Knorr YaylaCorbasi'n (72g) | uzerindedir.Serin, kuruve kokusuzyerde | salaynzsetmayitNo:-34153 | 2. Kayniayana kadar karstralim. | 100ml | 1 Porsiyon | Enerji ve | hazirlanmis | (250ml) hazirlanmis (250mluicin | corba icin | Besin Ögeleri | verdigimizi gostermektedir. | 25kcal/100kj | 60kcal/250kJ | Enerji | 0,3g | 0,8 g | Yag | 0,1g | 0,3g | Doymus yag | Gida isletmecisi: Unilever San | arbonhidrat | 4,6g | 11,6g | %4 | ve Ticaret Türk A.S. Saray Ma | eker | 1,1g | 2,7g | %3 | Dr. Adnan Buyukdeniz Cad: | 0,1g | 0,2g | Uwilever No:1334768,Umraniye-ista | 0,6g | 1,4g | %3 | 0,6g | 1,6g | %26 | 2ge | mondi TR-39-K-006339 | 6906378 | corbalanmizn tazell | harm | l uzuto | Ssu bardagi(1 litre) soguk suya ilave edelim. | ISO9001,FSSC22000,SO14001veOHSAS1800 | belgeli tesislerimizde Türk GIda Kodeksi'ne uy | 1 porsiyon | olarak üretilmistir. Bu belgeler kaliteye,gida | güvenligine,cevremize ve calisanlarmiza on | corba icin | RA* | %3 | %1 | Yaklasik 4 Porsiyon www.herkessofra | %2 | %1 | tein | ortalamabiryetiskininreferansalmdizeyinibelirtir8400kJ/2000kca | TETT:02.09.21 2U2 5930 | Mondi Kalenobel | C/LDPE"
001361,2021,09,02,2021-09-02,s2,"CORBANIZI HAZIRLAMAK iCIN: | ve Ticaret Turk AS. Saray M | Dr. Adnan Buyukdeniz Cad. | 0.39 | No:1334768,Umraniye-lst | Besin Ogelerl | 0.29 | Doymus yad | 26 | 0.69 | mava orgto. | aroma | nane bitkisel yao(pal/m | sogan, nane orutu | dave edelim. | saklayiniz.lsletmeKagitNo:TR-34-k-01530s | I5O9001.F55C22000.150140019eOH5AS180 | belgelf tesislerimizde Tark Gida Kodeksr neuy | olarak uretilmistir. Bu belgeler kalitee.gda | guvenligine, cevremize ve calisanlanmitaon | verdigimizi gostermektedir. | www.herkessofra | 1 Porsiyon | RA- | 3-Kis/katest | (250m) hazirtanmis | Yaklasik 4 Porsiyon | 100ml | serba isin | Gida isletmecisi: Unilever Sar | hazirtanmis | 60kcal/250kj | 2 | sorba icin | 0.8g | 4 | Eneri ve | 25kcal/100kj | 0.3g | 1169 | 93 | 019 | Unilever | neru | 469 | 2.7g | 1 | 3 | 119 | arbonhidrat | 149 | 0.1g | net | 1,6g | 0,6g | 5930 | 8 | 690637 | alambiryetiskinineferanatmdzeyinibelirtir0/200kca | TETT:02.09.21"
001362,2021,10,13,2021-10-13,s1,"tereyai ilave edin ve 2-3 dk. | iargarin | Tatlinin | daha karistirarak pisirmeye devam | edin. | sup | Ocaktan aldiktan sonra arada | Enerji | karistirarak 10 dk. soutun. Dibine kek | dilimi veya süt ile islatilmis | Karbo | 2-3 adet bisküvi koyulmus kaselere | -Seke! | bosaltip souk servis yapin. | Protei | Tuz | icindek | tozu, ni | (ksante | Domu | yapabilirsiniz. | higbir | Türk Gida Kodeksi'ne uygundur. | isletme Kayit No:TR-35-K-000884 | Mensei: Tuirkive | Tavsiye edilen tüiketim tarihi/Parti no: | 690 | Net:143g | 04.2021-10:13/1906064 | R.8."
001363,2021,10,13,2021-10-13,s1,daha karistirarak pisirmeye devam | sup | Ocaktan aldiktan sonra arada | karistirarak 10 dk sogutun. Dibine kek | dilimi veya süt ile islatilms | 2-3 adet biskuvi koyulmus kaselere | -Seker | bosaltip soguk servis yapin. | Icindek | yapabilirsiniz | hicbir | IsletmeKayitNo:TR-35-K-000884 | Mensei: Tuidor | Tavsiye edilen tüketim tarihi/Parti no: | 143g | 04.2021-10:13/1906064
001364,NONE,NONE,NONE,NONE,fail,"18C05 | Mfd | 02 | 2018 | niuey | 02 | 2021 | Lanarnruen | m | nin 30°c | DIRECNS: Gently mssge a sufficien quantit of the | ACTIVE INGREDIENTS: | Lot Na. | m | Rellef fo stressed and tired muscles around neck and shou- | der areas. Non-greasy. Light Texture, Soothing Fragrancs. | cream onto the affected muscles 2 to 4 times a day. | utactured tor. | ared by | m | n mouaassU | ildr | d-Campr110%Menthl10%Mintil6.0% | ream onto the affected muscles 2 to 4 times a day. | Rellef for stressed and tired muscles around neck and shoul | nin 30° | LC Thand by | unauoru | Mfd | Lot Na. | 18C05 | nd) Lid., | Lanararnruun | LanyuucuBUG | -nous pue eu pune sesn pelp pue pessens ofa | nssebipca pneil egl | huangun | PJW | Aq panioeps | Jol panoepu | nous pe e pun sesn pag pu pessens oor | LUG | LarULuLLBUGI | ns sebiBca pnell eg | huangun | 810220 | PIW | 1CS5 | Lot Na. | 18C05 | Md | 02.2018 | nlhuenu | 022021 | lin mui laoias sU | Lanamarifiuen | lmmm | mm | eme | lumm | mm | fua: lmmuuaniniu fuuliumnleuin lau | neghnin D pnJinuwnieul fhmAmiuaa | ui Wmunurieuluuluamgah | nin 30° | Rellef for stressed and tired muscles around neck and shout | ler areas. Non-greasy. Light Texture, Soothing Fragrancs. | DIRECTioNS: Gently massage a sufficlent quantiy of the | cream onto the affected muscles 2 to 4 times a day. | ACTIVE INGREDIENTS: | dCampr11.0%Mnl10%inl6% | betlore use Store below 3o'C. |  PaTor Baim Thaland Ld. | puactured for | po | ared by. | Lot Na. | 18C05 | Mfd | 022018 | nauany | 02 2021 | n lUSIl SU | Lanamarnuen | wu링mm | u | m | umamr | nis 30°c | Relief for stressed and tired muscles around neck and shoul- | der areas. Non-greasy. Light Texture, Soothing Fragrance. | DIRECTioNS: Gently massage a sufficient quantity of the | cream onto the affected muscles 2 to 4 times a day. | ACTIVE INGREDIENTS: | d-Camphor110%,Menthol100%Mintil6.0% | CAUioN: Fo extemal use ony Keep out of reach of | betore use, Store below 3o'c. | nutactured tor: | w Pa Toer Balm (Thalland) Ld, | ouc (Mhailand)) | nulactured by"
001365,2022,11,01,2022-11-01,s1,"상행에 가객이 기어 있습니다 | 담터I | 2022.11.01 | w2,000 | 복숭아 | 허니블랙티 | PEACH HONEY BLACK TEA | 이미지사진 | 아카시아 | 벌꿀함유 | 6속 | 13g×6^78g(318kcal) | 자일로스 설탕 | 자일리를함유"
001366,2029,09,20,2029-09-20,s1,"Kabapo Bapoc/Net Weight: | ：50g（212kcal） | e50g | PROD. 29.06.2020 | 포장재질:종이,폴리프로필렌 | EXP.29.09.20:21 | E37B"
001367,2021,09,29,2021-09-29,s1,e50g | Koblpe BocNet Weight | 읽는법상PROD)제조입하EXP) 유통기한일월년순 | 否：50g(212kcal) | 포장재질종이 폴리프로필렌 | 02-6300-818） | PR0D. 29.06.2020 | 至271502（送） | EXP. 29.09.2021 | E 37B
001368,NONE,NONE,NONE,NONE,fail,283/2842/15:58 | M | 283126421 | 15:58 | 8:5 | W | 8:5 | 283:2842-15:58 | M | M | 293.264215:58
001369,2025,09,21,2025-09-21,s1,"영양정보 | 1조각당 | 1일영양성분 | 1조각당 | 1일영양성분 | 기준치에대한 비을 | 기준치에 대한 비율 | 113g | 나트륨 28mg | 1% | 지방 2g | 4% | 25.09.21 | (7.5g×15±2) | 탄수화물 4.5g | 1.4% | 트랜스지방 0g | 0% | 233.1A2710:07 | 1±2(7.5g） | 38kcal | 당류 2g | 2% | 포화지방 1g | 7% | 콜레스테롤Omg | 0% | 면백질 0.5g | 1% | Ciemne,ul.Wolominska 125, | 05-250Radzymin,Poland | e-mail: export@tago.com.pl | www.tago.com.pl | (ROHOLS)O!! | 융h"
001370,2021,12,03,2021-12-03,s1,Production Date: | 2021.12.03 | Best Before: | 44362101H11 | Day/Month/Year) | Production date and best before | are printed on the package.
001371,2022,04,27,2022-04-27,s1,1) | 100g | B | ) | D | 10-0015 | 1-9 | 4 | L3F | U | 0-0015 | 荣成分表（100g当D） | 0120-125-628 | 36Tkoal | 4.0E | 3E. | 1 | 83.3 | 56m | () | 식품위생법에 의한 한글표시사항 | 하고 머쉬로오 | 905加发（870.2%#7) | 2-643-0718 | 1580174002054 | 20220427 A
001372,2022,03,07,2022-03-07,s1,tant sucres | weis/Proteina/Ehwit | n/Protein/Proteinal | Zout/Salt/Salt/Sal/Sal/Sel | :(--) | :18 | (-) | ad  | EXP :07-03-2022 | 2031TNG1070905B8
001373,2022,03,07,2022-03-07,s1,(-) | EXP :07-03-2022 | 2031TNQ1070905B8
001374,NONE,NONE,NONE,NONE,fail,"LOACKER, PURE GOODNESS! | Pure goodness from the heart | 2022.05 | of the Alps | >LJK1702372080 | LOACKER, SAVEUR PURE! | Saveur pure venue du cour | 80001928 | 1.3202 | des Alpes | -ED/-PD | Loacker | A. Loacker Konfekt GmbH | 1-39054Unterinn-Auna di Sotto-BZ | ·보을온도가은보·그소 구 | 三号64mg3%个数量23.5g7%异112g11% | 9.618%08.4g56% | 위기에의거는 보을수입니부경 | 74 | 量0mg0% 2.8g5% | 四开人内K13270-15G17 | S | t.preféerence avant fin: | Manufactured by / Fabriqué par: | for/pour: | Heinfels - Tyrol - Austria | South Tyrol/ Italy / www.loacker.it | 영양정보 | 4837.5g192Kcal | urt37,5g | ·이제품은 아온드를사용한제품과 같은 제조시설에서 제조하고 있습니다·본제품은 공경거래 | 620167 | 1날류 | 2.00ca | PP | 따라다를 수있습니다 | SI | 16 | préférence avant fin: | LJK1702372080 | 2022.05 | K13270-15G17 | 이은이드사용과같은시설에서조고있습니다본제은 | 프로젝린 | 早：080-215-9800 | 보관· | 반품고 | Manufactured by/ Fabriqué par; | 80001928 | Heinfels - Tyrol- Austria | A. Loacker Konfekt GmbH | 量0mg0%2.8g5% | 96918%084g56% | 号64mg3%全数号23597%异11211% | 영양정보 | （200a | 舌4837.5g192Kcal | South Tyrol / Italy/ www.loacker.it | 1-39054 Unterinn-Auna di Sotto-BZ | : | for/pour: | Pure goodness from the heart | LOACKER, PURE GOODNESS! | Loacker | Saveur pure venue du ceur | LOACKER, SAVEUR PURE | 6SE unut | des Alpes | of the Alps | 37.5gam.1.3202 | ghurt37.5g | 620167 | KOR |  ZI%6SEZ E bh | k eal | %S68 | unod/10 | : | %0w号 | ∞ | 2 | 0008 | ∞ | ∠LOS1-OLZEN | 85-517-080铝吉 | 작 | ^ | bhealea | dd | 1OS-OLZE | 00 | T | 계 | L | R | 멍 | nod/10 | 3 | S  SRSS | LOACKER, PURE GOODNESS! | Pure goodness from the heart | of the Alps | G | 2022.05 | 0 | >LJK1702372080 | LOACKER, SAVEUR PURE | unlbel | Saveur pure venue du cou | 800011928 | 1.320 | des Alpes | préférence avant fin: | -ED/b-PD | Manufactured by/Fabriqué par; | |for /pour: | Loacker | : | A. Loacker Konfekt GmbH | I-39054Unterinn-AunadiSotto-BZ | Heinfels - Tyrol -Austria South Tyrol/Italy/www.loackerit | 영양정보 | 4837.5g192Kcal | 号64mg3%个量23.5g7%异11.2g11% | a | ·이제품은이운드를사용한제품과 같은제조사설에서제조하고있습니다·본제품은 공정거래 | 위최교시소지분해결기준에의거교관또는보상받을수입습니다.·부경불광 | 620167 | 타 | 量0mg0%2.8g5% | 7.4 | K13270-15G17 | 1（%2.00kcl7 | PP | 따라C 수입습니 | LOACKER, PURE GOODNESS! | Pure goodness from the heart | ,5gem1.3202 | of the Alps | 2022.05 | LOACKER, SAVEUR PURE! | LJK1702372080 | Saveur pure venue du cæur | 80001928 | des Alpes | enantfn: | ED/2b-PD | Manufactured by / Fabriqué par: | for/pour: | Loacker | A. Loacker Konfekt GmbH | 1-39054Unterinn-Aunadi Sotto-BZ | Heinfels - Tyrol - Austria | South Tyrol / Italy / www.loacker.it | 저지방코코아 전지분유비트루트농축 헤이즐넷바닐라시니온일 우유내누 임위'내포성에널·클터 | 영양정보 | 舌48含37.5g192Kcal | ghurt37,Sg620167-KOR | 프로필렌 ·보관장소:직사광선을 피하고 온도,습도가 낮은 곳에 보관·반품교환장소 구입처 | 号64mg3%量23.5g7%异112g11% | ·이제품은 아온드를 사용한 제품과 같은 제조 시설에서 제조하고 있습니다.·본제품은 공경거래 | 위원회 고시소비자분쟁 해결기준에 의거 교환 또는 보상받을 수 입습니다.·부정불량 | 量0mg0%12.8g5% | 13900280 | 7,4테트 | 비닐류 | 1888号788%22.000kca7200212990 | 中K13270-15G17 | PP | 따라다를 수 있습니"
001375,NONE,NONE,NONE,NONE,fail,"LOACKER, PURE GOODNESS | Pure goodness from theham | 2022.05 | of the Alps | >LJK1702372080 | LOACKER, SAVEUR PURE | 80001928 | Saveur pure venue du ce | des Alpes | Mandactured by/Fabrique par | Loacker | Heinfes-yl-AustaSoyl//die | 235738102 | 95：18%00984:56 | A | H5量0mg0328g5 | K13270-15G17 | erencetfn | -PD | for/pour. | A.Loacker Kondekt GmbH | 39054UnterinnAunadiSettoZ | 舌4883159192Kc | -PO | yelerence avant fin: | LJK1702372080 | 2022.05 | Heintes-yol-AsSol//iet | A.Lcke KneGm- Untein-nisSt-B | 8000 | 62353810211 | Omg 0% | 895918% | 영성성보 | 1928 | 2805% | 话4号837591924c | Saveur pure venue ducaw | LOACKER, SAVEUR PURE | Pure goodness from the hamt | LOACKER, PURE GOODNESS! | des Alpes | of the Alps | ZOZEL | 6S'L | 375g13202 | BO,SMSS | m//-- | d/u/papepuen | 888 | 51E | 5 | //s|-- | peol | - | pady sap | m | BSMSS | LOACKER, PURE GOODNESS | Pure goodness from theham | 2022.05 | of the Alps | LJK1702372080 | 6 | LOACKER, SAVEUR PURE | 80001928 | Saveur pure venue duc | des Alpes | reterence avant fin: | -PD | uepar | for l pour | Toacker | A Lecer Klet CbH | Heindes-1yl-At5 | 1-39054Unterinn-AunadiSotte-8Z | South Tyml/taly/ | wlkackecit | 영영성보 | 3/59192Kca | 295180984956 | TA | 0mg0%28g5% | 13270-15G17 | 2v | LOACKER, PURE GOODNESS | Pure goodness from the heart | 2022.05 | of the Alps | 9’ | LJK1702372080 | LOACKER, SAVEUR PURE | Saveur pure venue du cam | 80001928 | des Alpes | pelerence avant fin: | -PD | Manufactured by/Fabrique par:|for/pour, | Toacker' | ALoackerKonfektGmbH-39054UnterinnAunadiSottoBZ | Heinfels-Tyrol-Austria|Sout Tyrol/itaby/waxlaciecit | 883459192Kca | 그원·도의보· | 64334量2357102:1% | 175g60 | 2896918%09三#84563 | TA | 电话023：1399282-19808215980 | 含电器0mg0%2895% | EK13270-15G17"
001376,2021,12,02,2021-12-02,s2,19:51TK3 | BESTBY20211202KOFEAJAPA
001377,2021,12,02,2021-12-02,s2,"19151TKS | BESTBY20211202(KDFEA,JAPHN,"
001378,2021,01,22,2021-01-22,s1,"지퍼포장:개봉후보 | 포장일자 | DGFARM | 2021.01.22 | Superfood | 수입원 | ) 176,904  | 구입처 및 판매원 | 소비자상담실 | 리에틸렌 | 포장일자 | 별도표기일 | 054-763-7717 | 2081011399"
001379,2021,01,22,2021-01-22,s2,포장일자 | GFARm | 자연의 | 신선함에 깨끗함을 | Superfood | ）176.904 | 구입처및판매원 | 포장일자 | 리에틸렌 | 054-763-7717 | 2021.01.22 | 더하다 | 별도표기일 | 2a01399
001380,2021,04,09,2021-04-09,s1,"넷슨카페 | 마일드 커피믹로 | 52kcal | 315mg1% | 커피한잔(12 )에는 플리이 | 832g25% | 760g60% | 28g20% | 유익한 상식 | 18310g67% | 030ng 0% | 2021.04.09 | 8801055 | 롯데네슬레코리아 주식회사 | 복설탕,식물성크림물엇,식물성유지 | 업소명및 | 경회유:외국산,제 제인 | ·본제품은 공정위원회고소비사 | 충부도 청주시총덕구 | 소지 | 7221"
001381,2021,04,09,2021-04-09,s2,넷슨카페 | 마일드 커피픽스 | 52kc | N656 | 080-730-5336 | 2021:04.09 | OTHER | 92833657 | 02:00 | 2722021 | -2-
001382,2023,01,05,2023-01-05,s1,"사용기한:2023.01.05 | 제조번호:K58C | :5DM4ZXV7P | 제조자 | TW89GS,영국 | 60-322Poznan,音引三 | 수입자:글락소스미스클라인 | 서울특별시 용산구 한강대로92 | IGR063.07"
001383,2023,01,05,2023-01-05,s1,사용기한: | 2023.01.05 | 일련번호: | 60-322Poznan.暑三 | 수입자:글락소스미스클라인
001384,NONE,NONE,NONE,NONE,fail,"161752115 | 09-2018 | Parti no/Son kul. ta.: | nite polimiksin Bye esdeger polimiksin B sülfat ve yardimc | Parti no/Son kul. ta.: | madde olarak sm petrolatum ve beyaz petrolatum icerir. | Cocuklarn goremeyecegi, erisemeyecegi yerlerde | ve ambalajnda saklayiniz. | 4 | 3o°C'nin altndaki oda sicakliginda saklanmalidr. | Kullanmadan önce kullanma talimatin okuyunuz. | UI | Recete ile satilir. | e | Ruhsat no:26.12.1958.47/10 | 00 | Ruhsat sahibi: Pfizer aclan Ld.Sti. | UI | Uretmlaand | 2166-8 | Orake,-istanbul | ln | ve ambalajinda saklayniz. | Cocuklarn goremeyecegi, erisemeyecegi yerlerde | Orake,-istanbul | reaa | Ruhsat sahibi: Pfizer llaclan Ltd. Sti. | Ruhsat no:26.12.1958.47/10 | Recete ile satilir. | Kullanmadan once kullanma talimatin okuyunuz. | 30°C'nin altndaki oda sicakliginda saklanmaldir | 2166-8 | ououUlrU. | 161752115 | 09-2018 | Parti no/Son kul.ta.: | I | 151752115 | 09-2018 | Parti no/Son kul.ta.: | wne | ctetteoenme pue e e..  | ISBnOlSyO"
001385,NONE,NONE,NONE,NONE,fail,"161752115 | 09-2018 | Parti no/Son kul. ta.: | unu | nquesI2u0 | mpes eg ejadey | Parti no/Son kul. ta: | etradoo000 | mdkpetmbetolatmicerir | Cocukiam goremeyecegi,erisemeyecegi yerierde | ve ambalajinda sakiaynz. | 30°C'nin atndak oda scakignda saklanmaldir. | Kullanmadan dnce kulanma talimatn okuyunuz | 11 | Repate le sati. | Ruhsetno:26.12.1958-47/10 | Ruhsat sahid: Pizer laclan LId.So | 2166-8 | UretimPizeraglandSt.34347 | Orakt,istanbu | mpes ag ejadey | -10) | znunnoyo uneugey eueyp eouq uepeuueim | - | ouepes euos o pepuneu.J.o | Zukepyes epuleeque an | epueue jgaoexuesuengeaaueng uepnoor |  a  | ve ambalajinda saklaynz. | Qocukar gtremeyecegji,erisemeyecegiyerlerde | Kullamdan ncklamatalimatn oyunuz | 30°Cnin nda dsicaigasmalidr | r | Runsatno:261218587/10 | Ruhsat sahi: Pize lacian Ltd.Su. | Reqete le satir. | Orat, istanbu | 2166-8 | 8102-60 | STTZSZT9T | 161758115 | 09-2018 | Parti no/Son kul. ta: | opjejakgeoelauesue'geoaauanuueppoo) | us pueseo puneuu.J.e | znunnyo uneugey euen eouquepeuuegmm | zutkepes epulepeque aA | nqueis | J0b0! | pes al eieday | 161758115 | 09-2018 | Parti no/Son kul. ta.: | epueua gaelauasuegaaewaiuepnooy | piuuepes epuipeos epo pepunye uu..oe | znunmo uneuel eem oouquepeuelm. | pue yd s esun | Zuepes epulepeue an | nquesI Luo"
001386,2022,04,25,2022-04-25,s1,"-C | 제조번호(LOT No.): | 사용기한(Exp Date): | Y44A | 2022,04,25"
001387,2021,07,NONE,2021-07-NONE,s1,PRESIDENT | CREAM CHEESE WITHIALIC&CHIVES | 제품영 | 우유밀항유 | 냉장제품 | 축산물가공품의유형 가공치즈(살균제품:72CO) | 수입판매원 | 유통기한 | 원재료영및항량 | 125g428kcal | 625mg31%量6.3g2%202% | 0074%227.8185% | 量0mg0%11.1g20% | 의거 교환 또는 보상받을수있습니다. | www.lactalis-intermational.com8111919 | Net weight:125g REG.EST.NO.1975 | Best Before(DD/MM/MM):17/C7/2021 | 9316389009567
001388,2021,07,NONE,2021-07-NONE,s1,CREAM CHEESE WITIALICCHIVES | 우유일8유 | 냉장제품 | 开婴40074%楼人对#21豆费装27：185% | BetBefore(D/Mm:17/C7/2021 | 913163891009567
001389,2021,06,20,2021-06-20,s1,츠 뚜또브츠테스 | 2.190 | ·원재료명:정제수니타드코 | 요금부담전 -1 | 쁘띠첼 | petit2el | 요거젤리 화이트코코 | Whitecoeo | 피친 요거질라 화아트코교 | 2021.06.20 | 4%11%36%15%
001390,2021,06,20,2021-06-20,s1,쁘띠첼 | petitzel | 요거젤리 화이트코코 | 2021.06.20
001391,2021,02,25,2021-02-25,s1,로므로로 | 토종효모로만든 | 로만밀 통밀식빵 | WHOLE GRAIN | 통곡물의 힘!영양 가득 로만말 | 2021.02.25까지 | C윤재철R | 42l | Super | 2.64%9.06%50% | Soft | 28.9%21
001392,2021,02,25,2021-02-25,s1,"토종료모로만든 | 로만밀 통밀식빵 | WHOLE GRAIN | 통곡물의 힘!영양가득 로맨말 | 2021.02,25N | 윤재절R | 4234 | 264米0人906%7倍50% | Super | 0289%惠9号日21# | 281（13%）112%99） | Soft"
001393,2022,07,14,2022-07-14,s2,"EXTRA VIRGIN OLIVE OIL | 만토바 엑스트라 권 | MANTOVA | 올리브 오임 | 유통기 | !주의 사항 | Best ifused by seetikL2019N.0660 | 17floz(500ml) | COMPAGNIAALIMENTARE ITALIANA S.p.a. | info@alimentareitalianait wwwalimentareitaliana.it | 50 | Superior category olive oil obtained directly from olives an | solely by mechanical means | COLD PRESSED - CHOLESTEROL FREE | RATELLI | SENCEI90S | Nutrition Facis | Serving Size I tbsp (is mL) | 낮은온도에서 올리브오일이 뿌떻게 | Servings Per Container 33 | 될수 있습니다점진적으로상온에서 | Amount Por Serving | 원상태로돌아옵니다 | Calories 120 | FatCal.120 | 빛과열로부터멀리두세요 | Daly Va ue"" | Total Fat | 1 | 21% | 냉장고에보관하지말아주세요 | Saturate29 | 9% | Polyunsralnp Fat 1.5g | Olive Oil may become cloudy at lower | Moncerraed Fat 10g | temperatures, it gradually retums | Cholestn | 0% | to its nomal state at room temperature. | Sodium | 0% | Keep away from light and heat sources. | Total G | ote 0g | 0% | Do not store in refngerator. | Protei | Q4817601101 | a+0o5odona2000 | ProductcontainsselecthighqualtyExtraVirginOliveOil from: | 14.JUL.2022 | Product packed by"
001394,2021,09,01,2021-09-01,s1,찬아름 | 202109.01 | OTHER | 무보존료 | 열량나트륨 탄수화물 당류 클러스터를 지방 스방 포화자방 | 단백질 | 8zZmg 24g ftg OgtgOgQ0g | 0.35g
001395,2021,09,01,2021-09-01,up2x,"찬아름 | OTHER | 무보존료 | 2021-09.013 | 精量4000%40% | 식주정,원 온스이스시니은 .0· ·가 | 로들랜리드클리에들렌·보관방업:습가업고서들한곳보련하어개후급력리드기바럽다·유기 플어도 | 표시된일지·품및교환장소:구입처 및대리경·본제품은 공거계원시소자분정준에의거교 | 合206全当：0163-214：2008399 | 나용 단수록를 당류 플계스를 지장 트랜스장 모행 | 05 | 24 | TL0Rg | Ogarg | 11%"
001396,2022,11,01,2022-11-01,s1,"크 유기농 | 정성스럽게 고르고,볶아서 부드럽고 | 산 보리차 | 무표백제티백에 담았습니다. | 품질유지기한 | 10gX20T) | 2022.11.01 | 100%"
001397,2022,11,01,2022-11-01,up2x,"이미지 사진 | 크유기농 | 정성스럽게 고르고,볶아서 부드럽고 | 산 보리차 | 무표백제 티백에 담았습니다. | 풍질유지기한 | BX20T | 2022:11.01 | .리 | 1100%/套"
001398,2021,07,23,2021-07-23,s1,"Apricot &AImond Cheese | 영양정보 | 4三暑 380mg | 56.2g | 당류 42g | 지방49g | 트랜스지방 2g | 31.4g | 콜레스테롤 | 단백질12g | 9316160001193 | Use By: | 23 JUL 21 | ·반품및교환장소:구입처 또는 수입업소 | 1399 | 제품명 | 축산물가공품의 유형 가공치즈 | 내용량 | 원산지 | 업소명및소재지 | 유통기한 | 원재료명 | ""우유,이산화황 함유"" | 표장)재질"
001399,2021,07,23,2021-07-23,s1,Apricot & AImond Cheese | 영양정보 | 4三号380mg | 916160001193 | 단백질 12g | Use By: | 23 JUL  21 | 8#200g(714kcal）
001400,NONE,NONE,NONE,NONE,fail,"품목보고번호 | 20060372438442 | 식품의 유형 | 고형차|내용량 | 450g（15gX307h） | 설탕,덱스트린 생강농축액분말[덱 | 스트린,생강능축액(고형분 60%,국 | 13.84% | 원재료명 | 2014% | 및 함량 | 제생강오일,이신화규소,분당).대추(국 | 산)2 %, 재(중국산)2 %, 아몬드(미국산) | 2%,정제소금,카라멜색소분말,이산화 | 규소잣 함유 | 유통기한 | 별도표기일까지 | 포장재질 | 내포장재질:폴리에틸렌 | 제 조 원 | 유통전문판매원 | ·유통기한: | 2022.88628 | 까지 | 유통전문판매원홀플러스(주)ww.homepuscok서울시강서구화곡로38 | 포장재질 | 유통 기한별도표기일까지 | 식품의 유형 | 품목보고번호 | ·유통기한: | 및함량 | 원재료명 | |내포장재질:폴리에틸렌 | 규소 | 제생강오일이신화규소 | 450g（15g307） | 20060372438442 | 정제소금 | 잣함유 | .생강농 | ,카리멜색소문말 이산화 | 보다 | 까지 | 논 | 논 |    무  연   | 몸들무모님 | Y« | 2202 | 산 | 눔 | 서 | |Y | 2202 | :지운이· | 서 | 루트클룸:탈터연장탈 | |Y/« | y석인제관입영헌식 | 한스인영래%장상 |  연C장운이 | 기이 준 | (방장 장 )  S  | 홍눔폼 | 号 20060372438442 | 식품의 유형 | 450g（15gX30） | 설탕,덱스트린 생강농축액분말[덱 | 스트린,생강농축액(고형분 60%, 국 | 12 | 13.84% | 원재료명 | 204% | 및함량 | 제생강오일,이신화규소,분당),대추(국 | 산)2 %,재(중국산)2 %,아몬드(미국산) | 2%,정제소금,카라멜색소분말,이산화 | 규소잣함유 | 유통기한 | 별도표기일까지 | 포장재질 | 내포장재질:폴리에틸렌 | 제 조원 | 유통전문판매원 | ·유통기한: | 2022-86668 | 까지 | 품목보고번호 | 20060372438442 | 식품의 유형 | 고형차 | 내용량 | 450g（15gX307h） | 설탕,덱스트린,생강농축액분말[덱 | 스트린,생강능축액(고형분 60 %,국 | 13.84%0 | 원재료명 | 204% | 및 함량 | 제생강오일,이신화규소,분당),대추(국 | 산)2 %,재중국산)2 %,아몬드(미국산 | 2%,정제소금,카라멜색소분말,이산화 | 규소잣함유 | 유 통 기 한 | 별도표기일까지 | 포장재질 | 내포장재질:폴리에틸렌 | 제 조 원 | 유통전문판매원 | ww.homeos.co.kr308 | ·유통기한: | 2022.88638 | 까지"
001401,NONE,NONE,NONE,NONE,fail,"품목보고번호 | 20060372438442 | 식품의 유형 | 450g（15gx307） | 설탕,덕스트린,생농축액분말(덱 | 스트린,생강농축에고형분 60%국 | 원재료명 | 13.84%0 | 및함량 | 204% | 제(생강오일,이신화규소,본당)대취국 | 산)2 %,재(중국산)2 %,아은드(미국산) | 2%,정제소금,카라멜색소분말,이산화 | 규소짓 함유 | 유 통 기 한 별도표기일까지 | 포장재질 | 제 조 원 | 내포장재질:폴리에틸렌 | 유통전문판매원 | ·유통기한: | 2022-86628 | 까지 | ·유통기한 | 제 | 포장재질 | 유통기한 | 식품의 유형 | 및 함량 | 원재료명 | 2022. | 별도표기일까지 | 규소 | 2%, | 제생강오일 | 13.84% | 고형차 | 짓함유 | 생강 | 내용링 | 450g（15gx307Wg） | 까지 | 혼합제 | 국 | H | 몽들무모님 | M | 융 | |x«| | 한자2. | 정제소음,카리멜색소분말,이신화 | 산 | 내포장재질:폴리에틸렌 | 원 | 号号至卫堂20060372438442 | 유통전문판매원 홈플러식주)mwhomepuscok 세울시 강서구 화곡로 38 | 몽들무모님 |  Moosna | 장 장치장징빵키리2 | V | 인정리일연 | 기운이방리 | （ | 号号卫20060372438442 | 45015307 | 설탕,덕스트린,생강농축액분말(덱 | 츠트린,생강능축액(고 형분 60 %국 | 원재료명 | 13.84%0 | 및 함량 | 20% | 제(생강오일,이신화규소,분당).대취국 | 산)2 %,잿중국산)2%, 아은드(미국산) | 2%,정제소금,카라멜색소분말,이산화 | 규소잣함유 | 유 통 기 한 별도표기일까지 | 포장 재 질 내포장재질:폴리에틸렌 | 3 | 유통전문판 매원 |홍물러식주)wwhomepuscak 서울특벌시 강서구 최곡로 38 | ·유통기한: | 2022-88628 | 까지 | 품목보고번호 | 20060372438442 | 식품의 유형 | 고형차 내용량 | 설탕,텍스트린,생농축액분말[덱 | 450g（15gX307hg | 스트린,생강능축액고형분 60%국 | 1384% | 원재료명 | 아검.폴리소르베이트20! %.혼합제 | 및 함량 | 제생강오일, 이신화규소,블당)대취국 | 산)2 %,전중국산)2 %, 아은드(미국산) | 2%,정제소금,카라멜색소분말,이산화 | 규소짓함유 | 유통기한 | 별도표기일까지 | 포 장 재 질 | 내포장재질:폴리에틸렌 | 제 조 원 | 35 | 유통전문판 매원 | ·유통기한: | 2022-86628 | 까지"
001402,NONE,05,10,NONE-05-10,up2x,"129084二5-10号 | 16=리믹스 | 모양만들기 손에 식용유를 바른 후 반죽을 떼어서 손바닥 위에 넓게 | 펴고 잼믹스를 넣어 터지지 않게 잘 오므려 주세요 | 굽기 | 예열된 프라이팬에 기름을 두르고 반죽의 밀봉된 부분을 아래로 향하게 | 약한 불로 급다가 밑부분이 노릇노롯해지면 뒤집어서 누르개로 눌러주세요 | (누르개가 없을 경우 밥공기나 뒤집개로 눌러주세요. | 더 구워주시면 맛있는 호떡이 완성됩니다. | 어프라이어활용법 | （29620 | 당롤 | 1 반죽을 밀대로 앞게 펴준 후 잼믹스를 골고루 뿌려주세요 | 2돌돌 말아준 후,적당한 크기로 쌀어주세요. | 호떡볼 | 1 반죽에 잼믹스를 넣어 동그랗게 만들어주세요 | ※반죽이 끈적일 수 있어 식용유를 손에 바르거나 덧가루를 뿌려주세요. | 우통기한 | HD | 까지 | 88010071820644"
001403,NONE,NONE,NONE,NONE,fail,글기 | 어프라이어 활용법 | 우통기한 | HD | 380 | 1541 | 까지 | 그양만들기 손에 식용유를 바른 후 반죽을 때어서 손바닥 위에 널게 | 펴고 잼믹스를 넣어 터지지 않게 잘 오므려 주세요 | 예열된 프라이팬에 기름을 두르고 반죽의 밀봉된 부분을 아래로 향하게 | 약한 불로 급다가 밀부분이 노릇노롯해지면 뒤집어서 누르개로 늘러주세요 | (누르개가 없을 경우 밥공기나 뒤집개로 눌러주세요.) | 더 구워주시면 맛있는 호덕이 완성됩니다. | 1（29620 | 1 반죽을 밀대로 앞게 피준 후 점믹스를 골고루 투려주세요 | 2돌돌 말아준 후.적당한 크기로 필어주세요 | 호맥볼 | 1 반죽에 챔믹스를 넣어 동그래게 만들어주세요. | 프반죽이 끈적일 수 있어 식용유를 손에 바르거나 댓가무를 후려주제요. | ※금기 전 실은에서 차분~1시간 발효시긴 후구우면 여옥 맛았게 즐기살 수 | 우통기한 | 호백봉 | 어프라이어활용법 | 더 구워주시면 맛있는호떡이 완성됩니다. | (누르개가없을경우밥공기나뒤집개로늘러주세요.) | ※금기전 실은에서 문사 요사간  구무면이욱 제 가살수 | #반죽이 끈적일 수 있어 식용유를 손에 바르거나 댓가무를 후려주세요. | 6o | 1 반죽을 밀대로 앞게 퍼준 후 잼믹스를 골고루 투려주세요. | ※둥근 반죽 그릇에 온도를 맞춘 따듯한 물 0m와 이스트를 넣은 후 주적으로 공고루 자어주세요 | 반죽에 잼믹스를 넣어 동그랗게 만들어주세요. | 돌돌 말아준 후.적당한 크기로 필어주세요 | 까지 | HD |  어 | 위면연 | 한클면면연배면연한면영 | 90 | (<) | 53 | 한우연증 | 한종ㅣ.면 | ~ | 8 | 1 | 2 | 손에 식용유를 바른 후 반죽을 떼어서손바닥위에 널게 | |«를 | 펴고 잼믹스를 넣어 터지지 않게 잘 오므려 주세요 | 예열된 프라이팬에 기름을 두르고 반죽의 밀봉된 부분을 아래로 향하게 | 약한 불로 급다가 밀부분이 노릇노롯해지면 뒤집어서 누르개로 눌러주세요 | OH | 식~면안인낫터태파데취 | ~스안인.터킬부파위 | 한레연우연증레레 | 산클면면면레구면연한면면정영영 | 융름이어파 | 면극 | 신장연운연방연) | 면을.겨래압연면면영연어영 | a정수레영연이클연면영지 | |«를폐 | 2양만들기 손에 식용유를 바른 후 반죽을 때어서 손바닥 위에 널게 | 퍼고 챔믹스를 넣어 터지지 않게 잘 오므려 주세요 | 국기 | 예열된 프라이팬에 기름을 두르고 반죽의 밀봉된 부분을 아래로 향하게 | 약한 불로 급다가 밀부분이 노릇노롯해지면 뒤집어서 누르개로 눌러주세요 | (누르개가 없을 경우 밥공기나 뒤집개로 늘러주세요.) | 1~2享 | 더 구위주시면 맛있는 호력이 완성됩니다. | 어프라이어 활용법 | ※등근 반죽 그롯에 온도를 맞춘 따뜻한 물 로와 이스트를 넣은 후 주격으로 공고루 자이주세요 | 1 반죽을 밀대로 알게 피준 후 점믹스를 골고루 투리주세요. | 2돌돌 말아준 후.적당한 크기로 떨어주세요 | 호백봉 | 1 반죽에 쟁믹스를 넘어 동그랑게 만들어주세요 | #반죽이 끈적일 수 있어 식용유을 손에 바르거나 몇가무를 루라주세요 | *금기 전 실은에서 과분~사간 발호사건 후구후면 여목 맛았계출기살수 | 우통기한 | HD | 时至制9么380 | 15411 | 까지 | 8801007820644 | 모양만들기 손에 식용유를 바른 후 반죽을 때어서 손바닥 위에 널게 | 펴고 잼믹스를 넣어 터지지 않게 잘 오므려 주세요 | 글기 | 예열된 프라이팬에 기름을 두르고 반죽의 밀봉된 부분을 아래로 향하게 | 약한 불로 급다가 밑부분이 노릇노롯해지면 뒤집어서 누르개로 눌러주세요 | (누르개가 없을 경우 밥공기나 뒤집개로 눌러주세요.) | 1~2享电1 | 더 구워주시면 맛있는 호떡이 완성됩니다. | 어프라이어 활용법 | 1 반죽을 밀대로 앞게 피준 후 쟁믹스를 골고루 투려주세요 | 2돌돌 말아준 후.적당한 크기로 벌어주세요 | 호백볼 | 1 반죽에 챔믹스를 넣어 동그래게 만들어주세요. | #반죽이 끈적일 수 있어 식용유를 손에 바르거나 댓가루를 루려주세요. | ※금기 전 실온에서 차분~시간 발효시긴 후 구우면 마옥 맛았게 즐가살 수 | 우통기한 | HD | 까지 | 88610071820644
001404,2021,01,27,2021-01-27,s2,"01399 | 백 | 날어 충분히 반주 | 속성시니다. | 유통기한: | 적당한 목으로 | 등의 재료로 만든 | 을 널고호박,감자 | 국수가완성됩니다. | 客号750 | 0m를넣어충분히 | 0~30是 | 영양정보 | 들어 일게 퍼준 후 끌는 | 이번 것인는 수재에가 완성 | 호화,감자 등 아를 날어 | 좋반요파를 만드실 수 있습니다. | 개인의 필요 열량에 따라C | 1666-547(号cj.co.kr | 불산한 실량이첫선을 보인 해입니다. | 개봉한 제품은 벌레,이물,공팡이 | 나고자라민용수 | 순심 될가루입니다. | 주 | 의 | 받을 수 있습니다. | 사항 | 0 | ·이 제품은 대두,우유들 사용한 제품과 같은 제조 | 제조합니다. | 2021.01.27F1 | 14:38B-1 | 까지 | 100g360kcal | 三号5.9mg0%个量72g22%15弄3493% | 23g4%005694% | 量量0mg0%12922% | 09 | 12973"
001405,2021,01,27,2021-01-27,s1,"全话9011399 | 실 말가무입니다 | 주 | 의사항 | 받을 수 있습니다. | 2o | 제조합니다. | 불어 충분의 민쪽 | EABAGHA. | 유통기한: | 적당한으로 | 등의 재료로 만든 | 2021.01.27F1 | 을널고 ,감자 | 14:38B-1 | 국수가완성됩니다. | 까지 | L8含750 | 0m를이 충분히 | 10098360KCa | 10~30是全 | 영양정보 | 数805694% | 들어업게준끌는l | 강자 등이 어 | 한요처를드수 있습니다 | 개인의 필요 열람에 떠 | 166-4.cj.co.km | 산한 실당선을 보인 해입니다."
001406,2021,07,31,2021-07-31,s1,BEST BEFORE | 유리 | 21/07/31 | 분리배출 | L142055 | 껑:P | 18073
001407,2021,07,31,2021-07-31,s1,BEST BEFORE | 유리 | 21/07/31 | 분리배출 | L142055 | 118073 | 껑:PP
001408,2021,12,16,2021-12-16,s1,"Valentine | Limited | LOTTE | 핑크베리 | Smart Recycle | 카카오를활용한재생용지 | 제조원 | 내용량 | 114g(38gx3号） | 비타민E),설탕,혼합분유{외국산 | 영양정보 | 号114g(38gx3号） | 국산),코코아버터,복분자딸기과 | 1号（38g）220kcal | 갈,말토덱스트린,딸기그래(중 | 14g26% | 지,합성향료,프로필렌글리콜,호 | 우유,대두 함유 | 구입상점 및 본사에서 교환 | 0/1399 | 21. 12. 16 D | 하얀 반점이 생길 수 있으나, | 버리는 밝은 마음 | 까지 | 8801062876907 | 고객지원센터 | 롯데제과"
001409,2021,12,16,2021-12-16,s1,"핑크베리 | 114g(38gx3号） | F민티),설탕,혼합분유(외국산 | 영양정보 | )코코아버터,복분자딸기과 | 토텍스트린,딸기그래둘(중 | 香号1149（38.9x3号） | LE喜45mg2% | 성향료,프로필렌글리콜,호 | 14926% | 1号（38g）号220kcal | 우유대두 함유 | 상점및 본사에서교환 | 8953% | 반점이 생길 수 있으나. | 21.12.16D | 드바은마음"
001410,2021,05,25,2021-05-25,clahe,너PR | 86 |    | NOOHO:Y | E Best befoe din | de | /mm/y-Aconsommer de | préférence avant le-Consumir preferencialmente antes de | 25.05.2021 | BEIQ
001411,2022,09,06,2022-09-06,rot90,"가공유장분(농축유청: 국산), 유청분말 | 인산칼륨,플리 | 바라기유(외국 | 원재료명설탕식물성크림분물엇해 | 내용량 | 유통기한측면상단표기일까지 | 소재지 | 업소명 및(주)담터/경기도 포천시 신북 | 정제소금, 탈지분유(미국산),비타민C, | 말(고구마: 국산), 합성향료(고구마향) | 분말(국산), 대두분, 분무건조고구마분 | 러시아, 헝가리, | (외국산)], 옥수수전분[옥수수: 외국산( | 서품유형고형차 | 제품명 | 준에 의거 교환 또는 보상받으실수 | 정거래위원회 고시 소비자분쟁해결' | 에서 제조하고 있습니다.본제품은 | 복숭아를사용한제품과 같은 제조시 | ·질소충전·이 제품은 호두,땅콩,밀 | 품목보고번호 | 용기(포장)재질 | 강황추출물분말 | 유통기한: | 습니다.·보관상주의사항:직사광선 | 216g（18gX12） | 고구마라떼 | 2022.09.06까지 | ,세르비아 등), | 19710372001234 | 렌(PE) | 내포장재질-폴리에틸 | 카제인나트륨제이 | 우유,대두함유 | 기타가공품 | ],고구마 | 름 | 운"
001412,2022,09,06,2022-09-06,s1,"2022.09.06까지 | 유통기한: | 제품명 | 고구마라떼 | 식품유형 | 고형차 | 변송명 | (주)담터/경기도 포천시 신북 | 소재지 | 유통기한 | 측면 상단 표기일까지 | 내용량 | 216g（18gX12至） | 원재료명 | 설탕 식물성크림분[물엇,해 | 카제인나트륨, 제이 | 바라기유(외국 | 정제소금,탈지분유(미국산),비타민C. | 우유,대두 함유 | 강황추출물분말 | 내포장재질-폴리에털 | 용기(포장)재질 | 렌(PE) | 19710372001234 | 품목보고번호 | ·질소충전·이 제품은 호두,땅콩,밀 | 복숭아를 사용한 제품과 같은 제조시설 | 에서 제조하고 있습니다.-본 제품은 | 준에 의거 교환 또는 보상받으실 수 있 | 습니다.·보관상 주의사항:직사광선을"
001413,2021,02,24,2021-02-24,s1,-반처:사 | 영양정보 | 일게 썰어 | 나트륨95mg | 하게 겨내면 | 탄수화물16g | 당류1g미만 | 지방 11g | 트랜스지방0.1 | 보이는 | 포화지방4.1 | 고층가루이므로 | 콜레스테롤0 | 됩니다 | 단백질2g | 1일영양성분 기준 | 이로 개인의 필요 | 비닐류 | 801117760403 | OTHER | HACCF | 유통 | 21.02.24 | 부터 | 21.07.23 | 기한 | 03:17D10 | 까지
001414,NONE,04,01,NONE-04-01,s2,플레스테홀 O | 단백질28 | 입니다. | OTHER | 760403 | 801117 | 부터 | 18 | 까지 | 유통 | 03:17D10 | 기한 | 영양정보 | 나 95mg | 16 | 당류 1 8미만 | 118 | 트랜스지방 0. | 포화지방 4.1 | 1일영영기 | 7 | 루이므로 | HA | 오리온 스택을인터넷에서만나요!http://www.orionworld
001415,2022,04,20,2022-04-20,s1,"카카오의 폴리페놀16 | (1개당)*Tannic acide | 나를 위한'휴식 | 미떼 | 핫초코 | 마일드 | 2022-04.201312240 | 달콤한 핫초코에 | 풍부한 우유맛이 더해진 | 부드러운 핫초코 | 이미지사진 | 300g(1,250kcal)[30g(125kcalx107H"
001416,2021,11,05,2021-11-05,s1,"미떼 | 화이트 | 초코 | 2021-11-0504:55파지 | 카카오버터가전해주는 | 부드러운 달콤함 | 2.7%（22.5%） | ：300g(1,250kcal)[30g(125kcal)×107H]"
001417,2021,11,05,2021-11-05,s2,미떼 | 화이트 | 초코 | 카카오버터가 전해주는 | 부드러운 달콤함 | 更27%（22.5%） | 2021.11.0504:55까지 | 조리에 | 名：300g(1.250kcal)[30g(125kcalx1071
001418,2021,07,18,2021-07-18,s1,THOMYAM | Assorted Puddimg | EXPIRYDHTE:2021.07.18 | Mango Pudding | Melon Pudding | Strawbemy Pudding | 130gX47g | ango | herry
001419,2021,07,18,2021-07-18,rot90,Strawbemy Pudding | Melon Pudding | Mango Pudding | EXPIRY DATE:202107.18 | A | Assorted Pudding | THOMYAM | 1 | 30gX471g
001420,2021,07,01,2021-07-01,s1,COOKIE | Mini | 한입에먹을 수 있는 | 글릿가득 | 미니 초코칩 쿠키 | 0116761005899 | 2021/07/01 | 255B211:01
001421,2021,07,01,2021-07-01,s1,COOKE | ENP | 한입에 억을 수 있는 | 2021/07/01
001422,2021,11,NONE,2021-11-NONE,s1,"oerir | HOB | Madewith100%Italian | BOIL | durum.wriear | AION  | we are commlted to'sringing | boing woter.bolitrw | you the best quallt . Should | you not be hap y with this | (tmete) | product, pleasr bring the | pockaging bc k to any | waitroebro hand we'l | replace our em cnui | NUTRITION | refund y:u. | TYPICAL VAUUE | Waltrose Lm.ted Bracknc! | AS PREPARED | BerkshireRG128YAUK | waitrose.com | Energy/서 | Energykc | Fat | 500ge | ofwhchsoroe | Carbohaute | of whichsgos | Fibre | Protein | R=%of your | BEST BEFORE END: | This packc | Nov2021 | .L9309F | 06:17"
001423,2021,11,NONE,2021-11-NONE,s1,AlOw come | Madewith100%italian | servirg forte | durumwriiear | (an | we ore commtted to Sringing | you me best qualt. Should | younor be hap y with this | product. pleasr bring the | pockoging br k fo any | waitrorebro | nand we' | TYPCKE | replace our em cnui | nefund ysu. | Waltrose Lm.ted Brackrc. | Energys | Energye | 500g | or wnchsigom | NoV2021 | .L9309F | 06:17
001424,2021,06,22,2021-06-22,s1,"식유정디 | 6 Crea | (7%), | 영양정보 | 내용 80g | Cane S | 내  | 325vcal | Lecithi | 유청분말, 대두레시틴,천연항료(바닐라항) | 밀.우유,대투항유 | 2A0mg | 6Aa | Made | 당류 51g | 폴리프로필렌 | 6.89 | 용기(포장)재질 | 0.16g | 포화지방4.6g | Pro | 011399 | AU | 0.6 | 반품및교환:구입처또는수입원 | W | ) | Store in a cool dry place. Best before: | PROD. 22.06.2020 | EXP. 22.06.2021 | DR36B"
001425,2021,06,22,2021-06-22,s1,"(7%), | 联69011399 | Msnuluuuau | PR0D. 22.06.2020 | EXP.22.06.2021 | DR36B"
001426,2020,04,17,2020-04-17,s1,"No.1 | 소가 | 두부 | ne | 만든 간간한 | 두부 | 단년한 | 부침용 | CHF100% | -10°c | 장보관 | 등면 행동산단로 62·원재료명 및 | 조제해수염화마그네숨, | 304504524. | 2020.04.17 FS2까지- | 충북 음성군 대소면 삼양로 | 100g90kcal"
001427,2020,08,12,2020-08-12,s1,"아니어 | 85 | 영양정보 | 30g170kcal | 충남 | 1일 영양성분 | 총 내용량당 | 30 g당 | 기준치에 대한 비율 | 7% | 370mg | 三喜130mg | 50 g | 15 | 탄수화물18g | 59 | 5% | 당1.9g | 2% | 279 | 50% | 19% | 지방10g | 0g | 트랜스지방 0 g | 8g | 53% | 포화지방2.9g | 0m | 0% | 제품명 수이집 어니전 | 클레스태를0mg | 생감자 의 %(수의 국신 0정  | 단백질29 | 원재료영분말(양태(국산),대본을동권 | 으유유 | 모장재질 플리프로런 | 농심 | 서울특별시동작구 | 112（） | 이은 | 용한 제 은- | http://www.nongshim.com | 주 | 8002-518 | ·빈품 및 교환경본사 각 공장,각 영업지점 및 특약점 | HACCP마크린? | 2020.08.12까지 | B321527 | 의 신선도 유 위 | nion"
001428,2020,08,12,2020-08-12,s1,J | Ø | 영양정보 | 3098170kcal | 午量189 | #199 | 농심 | 2020.08.12까지 | 0B321527 | nion
001429,2021,01,23,2021-01-23,s1,"NO: | samlip | 브리오슈 | 촉촉한 | 버터식빵 | BUTTER SLICED BREAD | 버터가 함유된 촉촉하고 풍미가 | 깊은 브리오슈버터식빵 | 2021.01.23까지 | CAL성태DEAD | 24 | 540 g(1,447 kcal) | SLICE | 가공버터 1.7 %"
001430,2021,01,23,2021-01-23,s1,No! | artip | 촉촉한 브리오슈 | 버터식빵 | BUTTER SLICED BREAD | 버터가 함유된 측족하고 풍미가 | 깊은 브리오슈 버터식장 | 2021.01-230 | 대A 고성태 | 24 | 540g(1.447kcal) | SLICE | 가공버터 1.7 %
001431,2021,08,19,2021-08-19,s1,"COOKIES, | TUSCA | Or | AND | CLASSIC OF TUSCAN | PASTRY | L REWORKING: A SHOWER | CANTUCCINI | NUGGETS  JOINS FRESH | INTENSE | ONEY, FRESH BARN EGGS | FLAVOURS | TASTE | ECAUSE AT SAPORI WE BAKE | COMBINES THE FULL AND | TErTURES. | 19 08 21 | L350232"
001432,2021,09,29,2021-09-29,s1,2021.09.29 | 까지김미영 | 카리
001433,2021,09,29,2021-09-29,s1,2021.09.29 | 까지김미영 | 카리
001434,2021,10,04,2021-10-04,s1,재미있게 즐길 | 왕소라가 | 과자 | CONCHSHAPEDSNAC | ·달콤히 | 고소 | 전통) | 2021.10.04 | 14:18
001435,2021,10,04,2021-10-04,s1,재미있게 을길 | 왕소라 | 과자 | CONCHSHAPEDSNA | ·달콩 | 고4 | 2021.10:04 | 전통 | 14:18
001436,2021,09,20,2021-09-20,s1,Hemezlus | 추억의 간식 | 짱이야 | ZZANG SNACK | ·고소인 | 땅카 | 추억을 간직한 고소한 | 퍼지는 | 2021.09.20 | 있어요 | 11:57 | .all)
001437,2021,08,29,2021-08-29,s1,"Tortilla | 싸고, 접고,말아서 만드는 | 다양한요리-또디아! | 61.63% | 20 | cm | 개입/빵류 | 5kcal) | 2021.08.29까지"
001438,2021,08,29,2021-08-29,s1,"Tortilla | 싸고,접고,말아서 만드는 | 다양하 요리-또디아! | 营61.63%者号 | 20 | 입/빵류 | kcal) | 2021.08.29까지"
001439,2021,09,03,2021-09-03,s1,날과자 | 구마형 | L. 8HAPED SNAC | 가지 | F1-A11:16 | 2021.09.03까지 | 제품명 | 인절미스낵 | 130 | 식품유형 | 과자(유처리제품) | 제조원 | 유통전문 | (주이마트서울시상 | 판매원 | (성수동2가)0 | 유통기한 | 제품 별도 | (외국산) | 리에일(내)
001440,2021,09,03,2021-09-03,s1,SHAPED | 가지 | 2021.09.03까지 | 인절미스낵 | #130 | 과자(유처리제품) | (주산들촌 전남 당양군
001441,2021,06,24,2021-06-24,s1,"2021.06.24 | No Brand | 브랜드가 아니다.소비자다 | 이제품 | 진 | 류호두 | 에서제 | 위원호 | 초 | 고 스프를 개봉하여 면 위에 골고루 뿌력주 | 용기의 안쪽 선까지 붓고 뚜껑을없으십 | 4-5（78号） | 얼큰한맛 | 취조절을위해 스프를기호에 맞게 | 영양정 | CE NOODLE | 恒暑2.640mg1329 | 0.8g1% | 스마트컨슈머#뒤기지않은면#간편#쌀국수 #얼큰한맛#해장 | 5 | 전자레인지 | 뜨거운물 | 싸구! | 조리불가 | 주의 | ~얼크큰한맛 | 2,6401ng | 325kcal) | 나트륨함량비교표시 | （）1640mg | 쌀가루 | 비닐류 | EL안"
001442,2021,06,24,2021-06-24,s1,2021.06.24 | No Brand | 걸큰한맛 | SE NOODLE | 전자레인지 | 뜨거운물 | 싸그시 | kcal) | 쌀국수얼큰한맛 | 나트를할량비 표시
001443,2021,09,06,2021-09-06,s1,and | 2021.09.06L4 | 07:28 | -BEEF SEAWEED SOUP- | 쇠고기사골 | 미역국 | #노브랜드#스마트컨슈머#간편한#깊은맛 | #밥한그롯뚝딱#쇠고기#사골까지#미역국 | 진한 | 사골국물의 | 깊은맛
001444,2021,09,06,2021-09-06,s1,2021.09.06L4 | 07128 | 쇠고기사골 | 미역국 | 이 | 사국께
001445,2021,10,23,2021-10-23,s1,CORN NUTS BAR | 2021.10.23 장배봉
001446,2021,10,28,2021-10-28,s1,2021.10.28.장재볼
001447,2022,07,22,2022-07-22,s1,"제품명 | 까페N | 식품의 유형 커피 | 원재료명 | 산), 볶은커피 11%(콜롬비아산)] | 내용량 | 100g（1.0g×1007Hg) | 포장재질 | 폴리에틸렌 | 유통기한 | 하단 표기일까지 | 보관상 | 습기 및 직사광선을 피하시고 실온에 보관 | 주의사항 | 하십시오 | 제조원 | 42080）225 | 유통전문 | 판매원 | （2）/（02）380-5678 | 号20090449018240 | 반품및교환처:제조원및구입처 | 제외됩니다. | 제조 시설에서 제조하고 있습니다. | 스틱내 질소충전 | 유통기한 | 2022.07.22 | 8804645""000256"
001448,2022,07,22,2022-07-22,s1,제품명 | 산). 볶은커피 11%(롬비아산)] | 내용량 | 100g（1.0g×1007Hg) | 포장재질 | 플리에틸렌 | 유통기한 | 하단 표기일까지 | 주의사항 | 하십시오 | 제조원 | 유통전문 | 客号卫型 20090449018240 | 제조 시설에서 제족하고 있습니다 | 2022.07.22
001449,2022,10,02,2022-10-02,s1,"No Brand"" | MADE FOR CONSUMER | 녹차 밀크티 | MilkTea(Green Tea) | :22.10.2"
001450,2022,04,26,2022-04-26,s1,80g(2g40) | 영양정보 | 1(2g）8kcal | 콜레스테롤0mg 0% | 단백질0g 0% | 있 | 쪽및시통 | ※ | 제조 | 20313 | 2022.04.26 F | 8806102877746
001451,2022,04,26,2022-04-26,s1,영양정보 | 80g（2g×40至） | 大陪000% | 1至（2g）8kcal | 콜레스테를0mg 0% | 트랜스지방0g2 | 0g0% | 단백질0g 0% | 성취 심포장재에 의해 | 의하시기 박립니다 제품 | 섭취한집시옹 | 주인있유므로주의한신 | 상처를 | 개봉시내용 | 몸이 | 감동항에 설취쉬켜 주집시오 | 산부 | 011399 | 섭취 | 20313 | 2022.04.26 F | 8806102877
001452,2022,09,13,2022-09-13,s1,"보관방법-습기가 적고 직사광선을 | 받지 않는 서늘한 곳에 보관하십시오. | -영,유아 및 어린이의 손이 닿지 않는 | 곳에 보관하십시오 | 내포장재질병:HDPE/뚜껑:PP | 반품및 | 구매처 및 소비자상담실 | 교환장소 | 소비자상담실 | 080-781-1948 | 에스케이내추럴팡(주)/경기도 | 제조원 | 유통전문 | 리|서울약사신협 /서울시 | 판매원 | 식품이력추적 | 7543720+ | 관리번호 | 유통기한(8자리) | 1억원 | 809447 | 402413 | ：20-139-002 | GMP | 유통기한:2022.09.13까지"
001453,2022,09,13,2022-09-13,s1,보관방법-습기가 적고 직사광선을 | 곳에 보관하십시오 | 반품 및 | 교환장소 | 구매처 및 소비자상담실 | 제조원 | 에스케이내추럴팡(주)/경기도 | 유통전문서울약사신협/서울시 | 판매원 | 식품이력추적 | 7543720+ | 관리번호 | 유통기한(8자리) | ：20-139-002 | GMP | 유통기한:2022.09.13까지
001454,2022,04,02,2022-04-02,s1,"Swiss miss | Swl | 제품명 | 흑당시럽 | 식품유형 | 당류가공품 | 내용량 | 200g | 품목보고번호 | 20140496065-83 | 원재료명 | 내포장재질 | 용기:폴리프로필렌,뚜껑:폴리에틸렌 | 제조원 | 64-34 | 손분원 | 및판매원 | 294 | ：02597-3949 | •WWW.NOKCHAWON.CO.KR | 문의 및 교환처본사및구입처 | 하고 있습니다. | 주의사항 | 빛상품은 속비자긴본법에 의한 소비장분쟁해결 기 | 춘에 의거 교환 또는 보상 받으실 수 있습니다. | 직사광선을 피하고 실온보관 하십시오. | 유통기한 | 2022.04.02 | 까지"
001455,2022,01,02,2022-01-02,s2,"Swiss miss | 당류가공움 | 품록보고번호 | 및판매원 | ：含：02）597-3949 | 제품명 | 의당시럽 | 식품유형 | 내용량 | 2009 | 20140496065-83 | 흑당시럽[마스코바도50%(필리핀산) | 물엇, 정제수 수크릴로스(감미료)카복시에 | 필셀물로스나트륨. 합성항료(바닐라항. 육당향), | 원재료명 | 소브산칼륨(보존료). 혼합제제(카라멜색소50% | D-소비톨액, 글리세린,정제수.프로필렌글리골 | 4%.글리세린지방산에스테르d-토코페롤(혼 | ，06%100% | 내포장재질 | 용기:폴리프로필렌.뚜껑:물리에틸렌 | 제조원 | 농위황사법입데이빵(주)/전라북도 무주군 | ·유통전문판매원: 녹차원(주)/서울시 서초구 | 손문원 | 人本CH星4284 | ·소분원:녹찬원(주)포천공장/경기도 모천시 | 午可薯星294 | -WWW.NOKCHAWON.CO.KR | 문의 및 교환처 | 본사및구입처 | ·인제품은 보류,운윤,메일,방공,대두,원본승아 | 토막통 사용한 제품과같은 체조 시설에서 제조 | 주의사항 | 합고 있습니다 | 불상품을 속비자기본법에 의한 손비자봇생해결 | 에 의거 교화 똑는봉상 밖으실 수 있습니다 | 기 | 직사관선을 피하고 실온보라 하십시오 | 0399 | 유통기한 | 2022.01.02 | 까지"
001456,2022,06,28,2022-06-28,s1,"suiss miss | Suiss miss | 유통기한: | 2022.06.28 | 까지 | 제품명 | 꿀자몽차믹스 | 식품유형 | 고형차 | 업소명 및 | (주)담터에프엔비/전라남도 | 소재지 | 538-46 | 유통기한 | 측면상단표기일까지 | 내용량 | 230g(23gX10至） | 원재료명설탕,폴리텍스트로스 | [포도당,D-소비톨,인산], 자몽농 | 축분말[덱스트린, 자몽농축고형분 | (이스라엘산)], 자몽과습분말(미국 | 산),결정과당,화이버슈가,자몽착 | 습분말(미국산), 아가베분말, 허니 | 파우더[아카시아벌꿀(국산),화분 | (국산), 치자분말(치자열매, 국산)], | 합성향료(자몽향), 구연산(무수) | 사과산, 비타민C, 유자분말, 손바 | 닥선인장열매분말 | 1100 | （23 | 잘저음 후드십시오 기혹에 따란 | 얼음을 결들여 드셔도 좋습니다. | 보관방법직사광선을피하여통풍이 | 잘되는 서늘한 장소에 보관하십시오 | 용기(포장)재질 | 질내포장재질-폴리에틸렌(PE) | 품목보고번호 | 20080509087-89 | ·이제품은우유, 땅콩,대두,밀복 | 숭아. 호두를 사용한 제품과 같은"
001457,2022,06,28,2022-06-28,s1,"2022.06.28 | 유통기한 | 꿀자몽차믹스 | 제품명 | 고형차 | 식품유형 | (주)담터에프엔비/전라남도 | 全村人会午各合午星538-46 | 측면상단표기일까지 | 유통기한 | 230g（23g×10号） | 내용량 | 설탕,플리데스트로스 | 축고형분 | 모도당D-소비 | 분일데스트리,자몽동 | (이스라엘산)], 자몽과습분말(미국 | 산),결정과당,화이버슈가 자몽착 | 출분말(미국산), 이가베분일 | 파우데아가시아벌골(국산) | (국산), 치자분말(치자일매, 국산) | 닥선인장열매분할 | 2·个1/100m | 직사광선을 피하여 동용이 | 질되는 서능한 장소에 보관하십시오 | 내포상재질-물리에달센(E) | 20080509087-89"
001458,2022,10,29,2022-10-29,s1,NOK | WON | 녹차원 | 아임시 | 2022.10.29 | 500g | 넘/은 검용 | 人不不40%10%
001459,2022,10,29,2022-10-29,s1,아임신 | 자로 | X | 2022.10.29 | 500g
001460,2022,11,18,2022-11-18,s1,제품명 | 550 | 원재료명 | 주의사항 | 문의및교화처 본사및 구입처 | 녹차원쥐·본 | ·공장소재지:경기도 포천씨 | 유통기한 | 2022.11.18
001461,2022,01,20,2022-01-20,s1,"아이에게 안전,엄마에겐 안심 | 아이밀 | 산양유아식과 이유식 NO.1 | 남남 | 일동후디스가 만들면다릅니다 | 스지퍼백으로 밀봉하면 맛과 품질 유지에 도음이 됩니다. | 이렇게 만들었어요! | 딸기 | ①자연에 더욱 가깝게! | a | 맛과영양이살아있는생과일그대로 | 동결건조하여,결은 바식하고 입에서는 | 부드럽게녹아편안하게 먹을 수 있습니다. | ②안심건강 먹거리! | 2022.01.20 | 우리땅에서 건강하게키운 잘익은 | 7100%量. | 식품유형과·채가공품 | 원재료명 | ）100% | 제품명 | 아이밀남남순딸기 | 유등전문관매원 | 포장재질(내면) 폴리에틸렌 | 유통기한 | 별도표시일까지 | 2070525300 | 직사광선을피하여 건조하고 | 영양정보 | 나트K | ILDONG MS디스 | O | 12g | 100% | 量11g3% | 46 kcal | 당류9g9% | 지방0g0% | 트랜스지방 0g"
001462,2021,11,01,2021-11-01,s1,"제품상단의 는고을개방한후 봉지재 | SECRET | （0072号） | RECIPE | 끓는물이용시 | 자연의 맛을 | 그대로간직한 | 데워드십시오 | 신선한원재료! | 의 우가로 주의하십시오 | 3첨가 | -아(감이료) | 명가 | 노하우로 | 유통기한 | 를식탁에 | 202111.1 | 09:48 | 오즈키친 영양닭죽 식품유형 즉석조리식품(레토르트식품) | 197280202 | 원제료명 | 대두밀.계란,우유,돼지고기,닭고기,쇠고기 함유 | 유통기한 상단표시일까지포장제질 폴리프로필렌(내면) | 미식을즐기고싶은 | 신비한부업정성을 | >으로행복한 하루 | 名450g | 210kcal"
001463,2021,11,17,2021-11-17,up2x,"전자레인지 조리신 | 데워트십시오 (0ow기즌2) | SECRET | RECIPE | 지고간 | 끓는물 이용시 | 자연의 맛을 | e | 그대로 간직한 | 신선한 원재료 | 청가 | - | 유통기한 | 09H48 | 2021/11.17 | 1507218874 | 오즈카친 영양담즉 4유형 즉식조리식품(려토ㄹ트식품 | , 가국 국신,국산,달고육수 정  | 대두.일 계란 우유.돼지고기,닭고기,식고기 함유 | 유개리 상단프시일까지 | 포상파질 몰리프로필렌(내면 | 즐기고싶은 | 한부업.정성 | 으로 행복한 하루 | 3489450g | 2ia kcal | 만익 보 제세 이사이 | T- | 주의하시기바맙니다"
001464,2022,11,18,2022-11-18,s1,%001 | 순 | 표스 | 2022.11.18 | 13857
001465,2022,11,18,2022-11-18,s1,980 | %00T |   | 순 | 표잎스 | 2022.11.18 | 13:57
001466,2020,11,03,2020-11-03,up2x,깊고 부드러움을 담다 | 보이차 | 보이차의 제조공정 | 분쇄 | 새청 | 발효숙성 및 건조 | 알맞은 크기로 | 재업한 원료를 익한 후 | 숙성과정을 통해 | 분쇄합니다 | 비비기를반복하고 | 미생물을발효시킨후 | 햇별에 건조시킵니다. | 건조합니다. | 보이차를 맛있게 를 | 즐기는 법 | 2020.11.03 | 90℃3号 | 보이차 삼각티백을 찻잔에 넣고 온수90‘다를 부어 | 기호어 따라우리는시2피 | 온도를 조절하드십시오 | 3분간 우린 후 티백을 건져내고 휘저어줍니다 | 제품명 보이차 | 식품유형 | 침출차 | 내용량 | 300gl1.2g×254 | 원재료영차나무잎(보이차중국산) | 내모 플리에틸런 | 200ml | 여과지 포장재질 폴리아미드 1 | 1회 섭취참고량 | HACCP | 137506220-001 | - | OTHER | wew sktea.carm
001467,2020,01,03,2020-01-03,up2x,깊고 부드러움을 담다 | 보이차 | 보이차의 제조공정 | 유청 | 발효숙성 및 건조 | 재한 료를인후 | 분쇄 | 비비기를반하고 | 사성라을 등에 | 에에건프시입니다 | 마생물을 발효시킨 주 | 분해니다 | 건조합니다 | 보이차를 맛있게 즐기는 벌 | 2020.1.03 | ure | 보이자력대이을 것민에 넘고 수요다 이 | 903E | 해간우린 후타이을 건재고취대어니다 | ua면l | 지나무일보이차중국신] | 15
001468,2022,12,03,2022-12-03,s1,"산 국히 | 김동곤명인이 만든 | 있ㅎ키 | 온기충전 | 계피생강차 | 김동곤명인명차 | 대한민국 식품명인 제28호 김동곤명인이 만든 쌍계명차는 | 1975 | 잘우러나는 피라이미드 | 제품화까지철저하게 | 관리합니다 | 드셔도 좋습니다. | 202212.03 | 생강국신),모과국산) 계피베트남산),발효차감천, | 구기자, 스테비아잎합성향료생강향 | 1975062001-219 | 유통기한별도표기일 까지"
001469,2022,12,03,2022-12-03,s1,씨5키 | 온기층전 | 계피생강차 | 김동곤 명인명차 | 2022.12.03 |  스 | 20
001470,2021,12,29,2021-12-29,s1,"사용 | 유통기한: | FK | 백설 | 2021.12.29 F2 | 까지 | BEKSUL | 감자 | 손에 달라붙지 않아 | 감자수제비가루 | 반죽이쉬운 | 곡류가공품 | 240g | （：7.5% | 수제비가루 | 【296%，4%（） | 밀함유 | 이렇게 요리해 보세요(2인분) | 1 | 1.240g量130m（ | 96003593 | 속성시니다.(속성시간이이연수가 | 적어들어넣기가니하주) | ·직사랑선을 피한 실은에 보관하십시오. | P | 세제,석유 등이있는 장소에 보관하지 마십시오 | (소금 다시 | ·개봉한제품은벌겨,이울,공광이 등에 의해오염 | 될수있으니,꼭밀봉하여냉장보관 하십시오. | 주의사·직중운물상을업을우가있으니주의하십시오. | ·실국수조리시갈에버일 영려가있이으로 주약하십시오. | 0早1801 | 백설감자수제비가루의장점 | 본은의거상수입니다. | 17.5% | 더는제입니다 | 오장조 합용과같은서합니다. | 사용모정반드시자원정버주십시 | 사하고 | 영양정보 | 外罩240g | 老48乳240g | 203#289"
001471,2021,12,29,2021-12-29,s1,백설 | 2021-12.29 F2 | 감자 | 반족이쉬운 | 수제비가루 | 支车2量服个17.5%
001472,2022,02,17,2022-02-17,s1,태양초 | OOMTREE | 2022.02.17
001473,2022,02,17,2022-02-17,clahe,202202.17
001474,2022,07,10,2022-07-10,s1,"180 | ·기의누린내를 없애주 고 | J기를 면하게 해주어 | 기요리를더욱맛 ~ | ·생선요 의비린내애주고 | 생신실을 E 유지시켜 | 생신요리를더욱깔끔하게~ | ·요리 면요리등 사용하시면 | 으리의무 철맛과풍마를 시켜줍니다. | 생강&매실맛 | 로요리의시작과 끝을 | 생구이생선조 생선개등.. | 고저육부을 2리등. | ·(우동,소바,끄치구이) | 2022.07.10.E."
001475,2022,07,10,2022-07-10,s1,2022.07.10.E.
001476,2022,05,10,2022-05-10,s1,과일의 영양을 담았습니다. | ·장※ | 식초 | 효모발과일초신 복니 | 주정초산 | 주의사항 | ·제품마다색깔차이가발생될수있으나이은로의 | 원물의 치이며 과품질의 이싱은의안생고 | ·원재료의고유성분으로인해침전물또는부우물이방수 | 이물질이아닌원료 유래성분이므로안심하고 사용하도 있 | 입처에서 | 준에의 | 고객행복센터 | 1666-5471（ | 20.11. 11 | 22.05.10 | IBl
001477,NONE,NONE,NONE,NONE,fail,과일의 영양을 당았습니 | A주의사항 | 미다  치아 을 수나 은  | 으 인 | 글을 1: 1 | 부터 | 100% | 주정 | 식조 | RA |  2C  | 고객형복센터 | 080-850-1200 | ci.co.kr | 1666-5471（是） | DPE | I B 1 | 까지 | 합성향료 | !주의사항 | 과일 | B1 | H | 까지 | 부터 | 20 | B | ( | T8I | {] | L | 99 | T8I | 0021-058-0801 |  Booae R  Ho 1OBO | d | 4 | RR | 과일의 영양을 말았니 | ODED | 100% | U | A주의사항 | RA |  2 C 1 | 고객행복센터 | 1666-5471（2） | 080-850-1200 | cj.co.kr | 22.0316 | 22 | 부터 | IB1 | 까지 | 합성향료 없의 1을 광입관으 | 과일의 영양을 담았습니 | 건강 | 210 | 6% | 식즈 | 200% | 과술가요 | 효오 발죠 | 주정 | 식조 |   | 주의사항 | RA | 름마다 색을 치이가 발생로 수 으나 어것은 들라요 | 인재료의 고유성부으로 인해 참전을 또는 들 하 | 이물질이 아난 료 유래 정문이으로 연심하고 문양 |   | 고객행복센터 | 080-850-1200 | 1666-5471（总办） | acjco.kr | UDPE | 22.10 | 부터 | 까지 | IB1
001478,2022,08,27,2022-08-27,s1,"480 | 요리을리고당 | 로리 | 60 | % | 30% | 남 동량기준 | 증인 | 요리에 반짝이는 | 자일로 | [be] | 올리고당60% | 윤기를 | 제품명 백설 요리올리고딩 | 설탕 | 식품유형 올리고당가공품 | 3010） | 업소명 및 소재지 | 씨제이제일지당(주) | 지인천광역시종구하암대로 20 | 반품 및 교환처 전국대리섬 및 판매처 | 품목보고번호 | 1973010015-43 | 포장재질용기:PE1,뚜껑:LDPE | 냉장보시 결정이 발생될 수 있으니 뚜껑을 닫아 서늘한 | 방법 | 못에 보관하십시오. | 01399 | 사항 분쟁해결기준에의거 교환 또는 보상 받을 주 있습니다. | 영양정보 | 1.200g | 100g310kcal | 三号10mg1%个量74g23%异50g50% | 1.3g2%0g0g0% | 0mg0%0g0% | （.000cal | 이르로개한의 필요 열량에 따리를 주있습니다. | AS1 | 까지 | 2022.08.27 방혁 | 고적행복신문 | Adic. | 라벨:OTHER | :LDPE"
001479,2022,08,27,2022-08-27,s1,요리-리고당 | 증인 | 자일로 | 60% | 설탕 | 제품명병성요리28 | 명프고 | 성분명 및 함량 | 9(주) | 업소행 및 소재지 | 유통기한 하단표기일시 | IDPE | 보럽 병장보신 결점이 별생될 수 있으니 뚜명을 달아 서는면 | 영양정보 | 图个时0mg0%日时1000% | 2022.08.27 방 혁 | OHER
001480,2020,12,18,2020-12-18,s1,백설 | 2.180 | 하얀설탕 | 식품유형설탕 | 영양정보 | 400 | 100 | 100400kcal | ·제조원및 판매원:씨제이제일제당(주)인천 | 광역시중구아암대로20 | 나트0mg | 0% | ·소분원(주)일광에프앤에스경기도이천시 | 31% | 含量100g | 雪弄100g | 100% | 지방09 | 0% | 트랜스지방09 | 포화지방09 | 0% | 콜레스테를0mg | 0% | 장소에 함께보관 | 단백질09 | 0% | 1일 영양성분 기준치에 대한 비율(%)은 | 2.000kcal | 따라다를수있습니다 | 안심하고 | ·제조연월일: | 2020.12.18 | 및대리점에서교환해 | 085-10016654710 | 1399 | 용장재는 반드지 지청된 장소에버려 | OTHER
001481,NONE,NONE,NONE,NONE,fail,4.980 | 바이오 | 영E | 10 | 10g | 피코크 유기농인증 | 요거트 | 01.3108:52 | kcal | 바이오 | 京6告7190086540 | 01.3108:52 | 피코크 유기농인증 | 요거트 | HSTH | ak | s | 0 | 생크림요거트 | RT 10 | ORT | 10 | R거트 | RESI | 바이오 | 윤욱[∠공EE | 이IOA | 뿐여 | %5657 | 윤욱[∠공 EE | 생크림요거 | 0867 | 98 | 0 | 200 | 피코크 유기농인증 | cc2 | 요거트 | 01.3108:52 | BU | 4.980 | 이노 | 바이오 | 바이오 | 은 | 99 % | 바 | O | 박영 | 1488900g | m 60 kcal | 피코크 유기농인증 | 1535% | 요거트 | 013108:52
001482,NONE,NONE,NONE,NONE,fail,피코크 유기농인증 | 요거트 | 01.3108:53 | T | 피코크 유기농인증 | 요거트 | 00 | 01 | 생크림요거로 | 10 | 분여 | ESBOMK IEIO | ESBOK IE'IO | 원욱|∠공 EE | 0 | 피코크 유기농인증 | 요거트 | 6196085060 | 01.3108:52 | 바이오 | E | 피코크 유기농인증 | 요거트 | 皖688715008606 | 01.31办08:52
001483,NONE,04,20,NONE-04-20,s1,BEST BY FEB/06/2107:45FL6H | inimg ldeas | wiodibasil oi ilistand | wmaCapese salad. | serve on arugula greens. | MADE IN THE USA | egtables and cured | BELGIOIOSO | as platter. | BURRATA | betolis a spoon. | lays fot best flavor. | NET WT. | 8OZ.(226g) | 4-2oz.Minis
001484,2022,09,28,2022-09-28,s1,명포도씨유(GRAPESEED OIL)식품유형 기타식물성 | 제품명 | 제조사Costa D'oro S.P.A. | 8300cal | 100 | 1399 | 영양정보 | 1.000m | 星号0mg0%包个列量0g0%5导080% | 830kcal | 92g170%型 | 1g10g67 | 콜레스테 0mg 0%단백질 | 0g | 0% | 1일영양성분기준치에대한비()은2기준이으로개인의에따다대 | 28/09/2022 L113782 | 2000000806853 | No Brand는 | N77 | 이마트의상표입니다 | #노브랜드#스마트컨슈머 #식용유#튀김
001485,2022,09,28,2022-09-28,s1,사  Costa D'oro S.P.A. | 원재료명포도씨유1 | 영양정보 | 928170%盒侧风 | 0%단질 | 2000 | 28/09/2022 L113782 | No Brandt | 이의상입니다
001486,2020,02,08,2020-02-08,s1,10 | 요도사요 | E 08 2 20 | 제품명 | 포도씨유(GRAPE SEED OIL) | 식품유형 | 기타식물성유지원산지 스페인 | 내용량 | 1000ml(8.300 kca) | 원재료명 | 至100% | 유통기한 | 제품 별도표기일까지(월/일/년순) | 보관방법 | 직사광선을 피해건조하고서늘한 곳에 | 보관하십시오 | 몰통-플리에틸렌테레프탈레이트 | 포장재질 | 무껑-롤리에틸렌 | 제조사 | Aceites delsur-coosur. SA | 수입원 | (주)이마트/서울특별시성동구 뚝섬로 | 372）380678
001487,2022,12,08,2022-12-08,s1,EXP:08.12.2022 | L22520 | 제품명 | 식품유형 기타식물성유지원산지스페인 | 포도씨유(GRAPE SEED OIL) | 내용량 | 원재료명 | 유통기한 제별도 기일까지(철일년습) | 보관방법 | 직사광선을 피해 건조하고 서늘한 곳에 | 보관하십시오 | 포장재질 | -플리에널젝터레프탈레이트 | Acetes de sur-coosuUr.SA | 수입원 | (주)이마트 서을덩시성동구 특성로 | 37人中275702380-5678
001488,2021,07,12,2021-07-12,s1,2021.07.12E | No Brand | 데일리 | 마요네즈 | DAILY | 4159
001489,2021,07,12,2021-07-12,s1,2021.07.12E | 데일링 | 마요네즈 | DAILY
001490,2021,08,06,2021-08-06,s1,은 | 유통기한 | 별도표시일까지 | 300g/2070kcal | 대두유대두외국산D | 오징어조굴전복홍합포함 | 브라파라라이 | 찾을시용제 | 에서제조하고있습니다. | ·주의.0Co보관시기름이 | 수지 | 원재료명 | 국산실당난항액2정제사 | 복합조마품1즈닝오 | 검복합조미식품2- | 개봉시단손이이지입 | 도록주의하오 | 나트림미증진이E | 칼슘이나트륨(산화방지 | 되어을경우드D | 계란 대두쇠고기함유 | 에서교환하시기바니다. | 중목보건회 | 200504150202863 | 반풍및교환 | 구입처 및 제조원 | 하시기바랍니다. | 본제품은소비분준에 | 제조원 | 교환또는환불받을수입습니다 | ·부정·품이 | 2020.12.07A | 2021.08.06A | OHR
001491,2023,07,08,2023-07-08,s1,  | PESO LIQUIDO | PASIC | 500ge1.1lb | Bfre/(//:/ | Exp:080723 | 15:19L4/3F
001492,2023,07,08,2023-07-08,s1,PESO LiIQUIDO | 500ge1.11b | Exp:08 07 23
001493,NONE,NONE,NONE,NONE,fail,"DICHIARAZIONE NUTRT IONAE MEDIA | DURCHSCHNITTLICHE AHRWERT | PERER | AVERAGE NUTRITIONAL DECLARATION | Energia Bennwert/ En.ng | di cui acidi grassi Ssaun | 392 | of which Saturated | 88 | Carboidati/ Kohlenhy'are Cabobi | di cui zuccheri | 858 | Proteine/EiveiB/Prol | 28 | Sale/Salz/Salt | 10g | 6 | Grassi/ ett/Fat | 0 | 4 | ∞ | davon Gesattigte fetsuren | 0 | m | 8 | 10 | davon zucker | 0 | of which sugars | ∞ | 8 | ""006830""840016 | 6 | Sale/Salz/Salt | Proteine/EiweiB/Prol | Grassi/Fett/ Fat | Energia/ Brennwert/ Engy | AVERAGE NUTRITIONAL DEC ARATION | DURCHSCHNITTLICHE AHRAERT | DICHIARAZIONE NUTRI IONACE MEDIA | of which sugars | davon zucker | di cui zuccheri | of which Saturated | davon Gesattigtefettsuren | di cui acidi grassi Satun | 128X8G | surans  jo | 8 | ∞ | surns t go | 0 | W | 0 | 86E | 8 | 7 | 0 | g/g/ | Rb | DICHLARAZIONE NUTRE IONACE MEDA | DURCHSCHNITTLICHE AHRWET | PER JERR | 1Mg | 6 | AVERAGE NUTRITIONA DECLARATION | Energia / Brennwert/ Eng | 12881385 | - | Grassi/Fett/Fat | 4 | di cui acidi grssi Saun | 392 | davon Gesattigte fetisuren | of which Saturated | ∞ | Caboidrati/ KohlenydateCaboldn | 10 | diaizuccheri | 85 | davon zucker | of which sugars | 8 | Proteine Eiveis/ Prolin | Sale/Salz/Salt | 2 | DICHIARAZIONE NUTRE IONALE MEDIA | PER/JERR | DURCHSCHNITTLICHE NAHRWERT | 10g | AVERAGE NUTRITIONAL DECLARATION | Energia / Brennwert/En.ng | 18 | Grassi/Fett/Fat | di cui acidi grassi Sann | 38 | davon Gesttigte fettsuren | of which Saturated | Carboidrati/Kohlenhydate Crbohydan | di cui zuccheri | davon zucker | of which sugars | ∞ | Proteine/Eiweis/ Proi in | Sale/Salz/Salt | 17/AUG-2022 L17082023"
001494,NONE,NONE,NONE,NONE,fail,DICHARAZIONE NUTRE ONI(E MEDA | DURCHSCHINITTLICHE AHEXER | E | 1Mg | AVERAGE NUTRITIONA DEC ARATION | Energa/ Brennwert/E | 1281G | Grassi/Fett Far | di cut acidi grass Sutun | 8 | davon Geaigte fetsaurcn | of wtich Saturated | Crhobdam | Cabcideati Kohlenbyc a | • | di cui rucchen | of which sugan | davon zucker | 8 | Protcine Emeis/ Fra a | Sale/Salz/Salt | tabilin | 8006830840016 | Sale/Salz/Sal | of which sugan | davoo | rassi/Fett/Fat | AWERAGE NUTRTIONAL | into | eiB/Pnu | Manletoas | P | 038S | DECIARAION |  (FR Io | IES/S/ | IS/S/2 | uns p jo | 8 | sapez uosrp | - | 1 | D | 8 | poitints ppo | - | 8 | //S | // | DICHARAZIONE NUTRE SONIIE MEDA | DURCHSCHINITTLICHE AHEWET | PE | 6 | AVERAGE NUTRIIONW DEC ARAXON | Energa / Brennwert/E- | (rass/Fett/ir | di ui aid grss Suun | 8 | danon Geige etaurn | ofshich Sanurated | .. | Carbcden Kohlcabyct | di aizucchen | dfahich sugan | davon zucker | Protcine /Eweis/Pu  | Sale/Sakz/Salt | COPAGNIAALIMENTARE TAI NASPA | 17/AUG/2023 L708203 | DICHLARAZIONE NUTRE ONSTE MEDIA | PEXE | DURCHSCHNITTLICHE AHEXET | AVERAGE NUTRTIONAL DECARATION | Energia/Brennwert/E ny | 2873 | Grassi /Fett/Fat | di cui acidi grase Satun | davon Geatigte fetaurn | of shich Sanurated | Carbcidani Kohlenhy ae ababyda | di cui zacchen | 9 | davon zucker | of which sugan | Proteine EiweiB/ Fry a | Sale/Salz/Salt | Podoto erergestll ur er duor | COMPAGNIA ALIMENTARE ITAI NASPA | 17/AUG/2023 L17062023
001495,2021,11,22,2021-11-22,s1,Sunnuts | 하루견과 | 견과한입 | 크래커 | 제품명 | 견과한입크래커 | 별도표기일까지 | 식품유형 | 원재료명 | 히말라야핑크소금 | 201903483217 | 하시면더욱 안전하게 드실수 있습니다.·신선도 | 유지를 위하여 방습제를넣었으니드시지마십 | 시오·반품 및교환장소:구입처 및고객상담실 | ：070-4610-4233 | 2021.11.22까지
001496,2022,09,18,2022-09-18,s1,"라멘 | 호을 | 식품위생법에 의한 한글표시사항 | 人送8屋147倍 | odrardCo | 장 폴리프로팔 | 보을수있습니다. | 원산지:태국·유통기한:제품 별도표시일까지(년/월/일 순) | 제품명 | 수량 | 내용량(개당) | 원재료명및 함량 | 백실당,액생포도당,구연산수크로스 | 나트름  | 34g | 감미착책식용식소적식제4호 | 포화지방 0g0% | 호스 자몽향 캔디 | 4개입 | 식용식스항시회비타C | (128kcal) | L-아스크브나트를성로 | -멘트질릿령,전연향료자동항01%) | 20 | 개인의 필요 열량에 과라 대를 수 있습니다 | 유통기한 | 2022-09-18 | ：809445021982"
001497,2022,09,18,2022-09-18,s1,호을 | 식품위생법에 의한 한글표시사항 | 台：080-1-515.8 | ·원산지:태국·유통기한: 제품 별도표시일까지년/일순 | 소비자분 | 제품영 | 수량 내용량(개당) | 원재료명 및 함량 | 호을스 자용향 캔디 | 4개입 | 34g | (128kcal) | 2022-09-18
001498,2021,06,30,2021-06-30,s1,3.480 | mplka | 2.380 | 식품유형 초클릿 | 원산지 스위스 | 제품명스위스씬즈다크 | 125 g (690 kcal) | 제조사 LINDT & SPRUNGLI (SCHWEIZ) AG | 내용량 | 12 | 유통기한별도표시일까지(연월일순) | 영양정보 | 12591055 | 昌49g15% | B异 47g47% | 37g69% | pen | 4三喜13mg1% | 트랜스지방0 g | 23g153% | 콜레스터를1mg 0% | 4.899% | 2021/06/30 | L1860
001499,2021,06,30,2021-06-30,s1,mlka | .480 | 2.380 | 원신지스위스 | 식품유형 초콜릿 | 제품명스위스씬즈다크 | 제조사 LINDT & SPRUNGLI (SCHWEIZ) AG | 8125g（690kcal) | 유통기한 별도 표시일까지(연월일순) | 喜8125g.100g8550k | 영양정보 | 国鲁13mg1% | 巴个封量49915%8弄47g47% | 트랜스지방0g | 2021/06/30 | L1860
001500,2021,09,23,2021-09-23,s1,Traditional | Corn Snack | Korean | Macaroni | 식품안전관리인증 | HACCP | 식의약품안전저 | 12.77% | /84.g(287kcal) | 2021.09.23까지
001501,2021,09,23,2021-09-23,s1,Traditional | HACCP | 号个个是量12.77% | /84.g(287kcal) | 2021.09.23까지
001502,2021,06,24,2021-06-24,s1,"2021.06.24 | 건파,식물성크림 건당금 | 가공품, 향미증진제 | No Brand | 2,복합조마식품3형 | 이미지 사진 | FLAVOR | 멸치맛 | 영양정보 | RICE NOODLE | N514 | 전자레인지 | 싸그스 | 쌀국수멸치맛 | 92.g(320kcal) | 쌀가로50%, 스 | 3.75%"
001503,2021,06,24,2021-06-24,s1,2021.06.24 | No Brand | 열치맛 | RICE NOODLE | 쌓구스 | 썰국수멸치맛
001504,2021,01,27,2021-01-27,s1,"스위티오 | 2021.01.27 C | SWEETIO | 후""쉬컷 파인애플 | 号卫2008030922047 | 식품의 유형 | 신선편의식품 | 원재료명 | 100%"
001505,2021,01,27,2021-01-27,s1,"스위티오 | 2021.01.27 C | SWEETIO | 후""쉬컷 파인애플 | ：30 | 电：：7：2008030922047 | 20量100%）"
001506,2021,02,19,2021-02-19,s1,"(MMDD() | ,, | : | TEM #1165366 | 量：907公克 | 제품명 | 벨지S | 淮市中华五路656号 | 제조 | Belgio | 编号：96972798 | BELGIO | 直话：449-9909（手機搬打加02） | 수입원 | (주)코 | :5°c | 경기도 | 내용량 | 원재료명 | 907g（2 | 보관방법 | 살균우유96 | 포장재질 | 0~5°CO서 | 유통기한 | 리에틸렌 | 28 | 축산물가2유형:1연 | 들에 별도요 | 32 | 반품 및환소:구입체및 | 每10公司 | *개봉후에는 부고 연질될 우려가일 | 25! | *부정·블량식품 신 ㄱ는 국번업이 | 17 | 영양정보 | 1 | 2 | 0.3 | 三号300mg15% | 3 | 135% | 트랜스A0 | 1 | 60g20% | 84 | 300毫克 | 1일 영양성분 기준에 대한 HE | 개인의 필요 연당에 라다를 수있 | 2-18OZ.PACKAGES | BS907g） | BELGIOIOSO CHEESEINC. DOW | Recipes and more at belgioiosaom | BEST BV 2021.02.19 08:27 FL7"
001507,2021,02,19,2021-02-19,s1,", | ：907公克 | 제품명 | 벨지S |   | 淮市中华五路656号 | 手编号：96972798 | 수입원 | ：449-9909（手機搬打加02） | 28 | 유형: | 32 | 10 | 25! | 부정-령식품스기는 국변 | 17스리 | 영양정보 | 1 | 12 | 山三器300mg15% | 0.3 | 19g35% | 트랜스 | 3 | 1 | 一日量60mg20% | 84 | 300毫克 | 1일 영양성분 기중REE | 21GZ.PACKAGES | BEST BY 2021.02.19 08:27 FL"
001508,NONE,NONE,NONE,NONE,fail,"d Almonds (steam pasteurized). | ALERGEN INFORMATON: Pod | ITM./ART.1386722 | 0% | 19661914337 | 83823 | PK01906 | BEST BY:OCT-19-2021 |  Amonds. | ALE CORPORATION | 124-1535 | 0.COM | mers with food an | road the ingr | Ciution:May o | ontain small shell P | n | sres | M. | ART:1386722 | duct of the USA | and foodn | BEST BY:OCT-19-2021 | PK01906 | 83823 | spu | %60b | %0 | udu oug peou ar | spuoLvA | Amonds (steam pasteurized) | ITON | JSA | 1386 | 2 | 0 | 9661914337 | 83823 | PK01906 | BESTBY:OCT-19-2021 | d AImonds (steam pasteurized). | f Amonds. | ALE CORPORATON | 9124-1535 | O.COM | product of the USA | ALERGEN INFORMATON: PrOducd | ana | y ""hat processes only almonds | e read the ingred. | memt carefulo | CHution: May contain small shell pi | ITM./ART.1386722 | 0% | 1966191433715 | 83823 | dn | arles | PK01906 | BESTBY:OCT-19-2021"
001509,NONE,NONE,NONE,NONE,fail,83823 | PK01906 | BESTBY:OCT-19-2021 | TAK | 13867 | BEST BY: | 83823 | 906-0Xd | 9060 | BESTBY:OCT-19-2021 | 906.0d | VVLI | 83823 | PK0.906 | BESTBY:OCT-19-2021 | Umonchs | Csteecm | - | MORATCR | Act of the USA | ITMARETS8672 | 156619014337 | 83823 | PK01906 | BESTBY:OCT-19-2021
001510,2023,12,01,2023-12-01,s1,효능·효과 | 제 품명:코멧 황사방역n | 스크 대형(KF94) | ·종 | 류:-용마스크(KF94) | 1577-7011 | ·제조국명:대한민국(Made in Korea) | ·포장단위:대형/25매 | 660290 | PL01002003562 | 2023.12.01.가시
001511,2023,12,01,2023-12-01,s1,·제조원: (주)씨앤씨어때럼 | 1-30） | ：1577-7011 | ·포장단위:대형/25매 | 660200 | 2023.12.01.09
001512,2018,05,16,2018-05-16,s1,"한여름눈꽃이 특별한 이유 | 엄선하였습니다 | 갯별의 명품천일염만을 담았습니다. | 작고 부드러운프리미엄천일염입니다. | 한여름눈꽃구운소금은. | 실시간 온도관리 시스템으로 | 온도를 조정하여제대로 구웠 | 습니다.(식약처권장가열온도 | 800元 | 샘표만의 3단계 클린시스템 | 으로 더 믿을 수 있습니다. | 모든요리에 간을 맞출 때사용 | 하세요 깔끔하고 시원한 맑은 | 국물 요리, 아삭하고향이살아 | 있는 나물 무침,팝조를하고 | 담백한구이 볶음요리등에 | 편리합니다. | 2018.05.16"
001513,2018,05,16,2018-05-16,s1,"고부드러운프리이업 천입니다. | 한여름눈꽃 구운소금은. | 습니다.(사약처장가온도 | 하세요 말하고 시원한읽은 | 국요리,아작하고 향이 싶아 | 있는나무침하고 | 담백한구이 음요리등에 | 2018.05.16"
001514,2022,08,16,2022-08-16,s1,"옥수수전분 | 저원식품 | Corn Starch Taste | 만두,송편,국수,부침,자장, | 350g | 튀김,하이라이스,탕수육등 | (1,260kcal | 각종 요리에 사용하시면 좋습니다. | 2022.08.16"
001515,2022,08,16,2022-08-16,s1,"옥수수전분9 | 식품 | Corn Starch Taste | 만두,송편,국수,부침,지장, | 뒤김.하이라이스,탕수 | 각종 요리에 사용하시면 좋습니다. | 350g | (1,260kcal | 2022.08.16"
001516,2021,11,19,2021-11-19,s1,"SUGAR | FLOUR | ·갈색설탕 | ORGANIC | ·밀가루 | 부침가루 | 부침가루 | ·튀김가루 | 어간 믿고 먹을 수 있는 부침가루 | 우기농 부침가루 | !제품으로 안심하고 드세요. | 에서 재배한 유기농 밀가루, | 유통기한: | XU | 습니다. | NIC | 이에 요리하세요 | 2021.11.19 F2 | 14:11 | 침가루 | 영양정보 | 1.400g | , 기농가루팔국내 | 100g335kcal | OTHER | 후추분말구아검 | 100gg | 1일영양성분기준치에대한비을 | 고객병부신터 | 밀함유 | 三号550mg | 28 % | 080-850-1 | 16-50 | 1900039-240 | 탄수화물73 g | 23% | ACj.co.kr | 당류4g | 4% | 등이있는 정소에보관하지마십시오. | 1.2g | 2 % | 트랜스지방09 | 하고 방장보관을 권정합니다. | 4% | 기,대두시우,고,산 | 콜레스테를0mg | 0% |  합니다. | 단백질89 | 15% | 있습니다. | 첫선을 보인 해입니다"
001517,2021,11,19,2021-11-19,s1,SUCI8 | ORGANIC | FLDUIB | 갈색설탕 | 부침가루 | 가 | 김가루 | 기능 부참가루 | 으로 안심하고 드세요 | 한유기일가루 | 유통기한 | 요리하세요 | XU | 2021.11.19 F2 | NIC | 14:11号C | 영양정보 | 참가루 | #48号1.400g | 100g号 | 100g335kcal | 1입영양성본 기준치에 대한 | LE鲁550mg | 고E | 巴个餐739 | 당류49 | 23% | Ac.ca | 大楼1.2号 | 4% | 트랜스지방09 | 0.69 | 필레스테를 0m요 | 단백질 89
001518,2022,12,07,2022-12-07,s1,"본저품은 소  | 간장 | 1905 | 기준에 의거는  | 908031 | 자료명 | O니다. | 마산 | 명산 | 중국),소백 | 영양정보 | 주정 | 몽고송표간장 | ORIGINAL | 2022.12.07 1684 | 4.5L(3,150kcal)"
001519,2022,12,07,2022-12-07,s1,마산 | 명산 | 영O보 | 몽고송표간장 | ORIGINAL | 2022.12.07 1684
001520,2021,07,08,2021-07-08,clahe,저칼로리 | 탱글탱글 | 8kcal | 비티인C 향유 | New 식감 | 돌고약절의 자스민복상아 | 식품유형 혼합으로 | 유동전문만원| | 130m8 | kca | [유돌고리아/서울트! | 소 | 용기포상시질 뚜껑용기! | 2021.07.08 | 까지 | 10:09 | 식품인전관리인증 | HACCP | OTH | 3 | 809069 | 309
001521,NONE,NONE,NONE,NONE,fail,2081:4 | B.08 | 까지 | Bkcal | 탱글딩 | New | 10:09 | HACCP | HACCP | 까지 | MON | 80 58:9503 | MN | j굴령 | New | 20号1:85-08 | 까지 | HACCP | 강kcal | New 직감 | CIAE | 조 | 기한 | 제용 후인 | 20RBX | en1.nr.ns | 107:075 | 까지 | 3 | B09 | HACCP
001522,2021,06,14,2021-06-14,s1,"감자목 | 그래을비린드시 | 산,기타시용유지 | 허브솔트맛 | 말,전지분전영 | 포장재질 플리이들 | 품목보고번호20% | 닭고기오징어시 | 합)혼입가능· | 톡!맛있는 감자소리 | 해질소충전 하였 | 녹색입자는 파슬라 | 보이는 검은 반점은 | 갈아만든 감자의 진한풍미 | 심하고 드셔도 됩니다 | 의한 피해보상·직사공 | 깔끔한감칠맛허브솔트 | 록가 낮은 곳에 보관 | 리 드세요·부정·불량 | 0/1399·7 | -5700（1522-4 | 사및 구입한 곳 | 영양정보 | HACCP | 비닐류 | OTHER | 100g | 기준치에4) | 오리온 스넥을 인터넷에서 만나요! | L三号620mg | 69g | 당류38 | 유통 | 2021.01.15 | 부터 | 지방24g | 2021.06.14 | 트랜스지방08 | 16:57A01 | 까지 | 118 | 기한 | 스0m8"
001523,2021,01,15,2021-01-15,up2x,"그래늘 네널란드시 | 감시 | ÷,기타식품유지 | 일.전지문유 건 | 포장재질 필리어널 | 허브솔트맛 | ·달길,방용,D | 닭고기,호장어,사 | 힙)혼입가능·지 | 해질소전 하었 | 녹색입자는 파슬리 | 보이는 경은 반점은 | 심하고 드시도 니 | 의한 피해보상·직시는 | 톡!맛있는 감자소리 | 로가 낮은 곳에 보라 | 리 드세요 ·부정 불B | Q011399.72利 | 갈아 만든 감자의 진한풍미 | 5700（品）1522-40 | 사 및 구입한 곳 | 깔끔한 감칠맛 허브솔트 | 100 | 영양정보 | 기준ael | 10088 | LE号620m8 | HACCP | OTHER | 만수화물 69 | 당류 38 | U발 | 2려트R일터5에서 만니요 | EBAXINOR | ho:l/www.orionworid.com | 부터 | 2021:01.15 | 까지 | 유통 | 16:57A01 | 기한"
001524,2021,06,25,2021-06-25,s1,감자로만 만듭니다 | 줄여 바작.담백한수미칩 오리지널 | 경북 | 30196 | 영양정보 | 충남 | 30 g당 | 1일 영양성분 | 기준치에 대한 비을 | 수미침 | 4三号130mg | 号19g | 수미감자 주요산지 | 6% | 당류2.1g | 2% | 지방8g | 15% | 트랜스지방0g | HACCP마크란? | 포화지방2.7g | 안전하고 위생적인 식품에만 지정하는 마크입니다. | 콜레스테롤0mg | 단백질29 | 1일영양성분 기준치에 대한 비율(%)은 | 기준이므로 개인의 필요 열량에 따라 디를 | 농심 | ·본사:서울특별 | 2021.06.25까지 | 23122 | http://www.nongshim
001525,2021,06,25,2021-06-25,s1,경북 | 영양정보 | 수미침 | 수미감자주요산지 | 回午封量19.9 | 트랜스지방09 | 안천하고 위생적인 식용에만 지정하는 마크입니다 | 클레스태를 0mg | 2021.06.25까지 | 농심 | A231227
001526,2021,01,21,2021-01-21,rot90,"유통기한: | ADAESANG | 80-019-119 | 2021.01.21.F2ㅈ지 | 한곳에보관개봉후에는냉장 | 조개류전복,홍합 포함잣 | 땅콩 | 1-112 | 새우,돼지고 | C | 염화비 | 돈 | > | 혼입기능. | 복숭아,"
001527,2021,01,21,2021-01-21,s1,일  | F-206046402-12 2-19504 | 일어시 | 한보 | 은 소비자 기본법에 의거 교왕또는보 | 电0/1399 | 유통기한: | 2021.01.21.F2
001528,2021,06,25,2021-06-25,s1,냉장제품 | 2021.06.25 | 흑임자우유 | |
001529,2021,02,11,2021-02-11,s1,2.990 | 유통기한 | 2021.02.11 | 리족 | 간간한 | 사각어묵 | 륨NATRIUM | 고단백PROTEIN | 연육함량SURIMI | 30광소 | 11양상 | 80이상 | 마맛을 좋이고 | 미를 올렸어요!
001530,2021,02,11,2021-02-11,s1,유통기한 | 2021.02.11 | 리쪽 | 깐깐한 | 사각어묵 | 연육함량|SURIMI | NATRUM | 고단백PROTEIN | 11일 | 80일용 | 30 | 맛고 | 미를 했어요!
001531,2022,06,06,2022-06-06,s1,영양정보 | 量400mg204%341% | 100g205kca | 日特393%双6911%人0 | 801399 | 을수mw.senpo.c | 080-996-77 | ：801005139748 | 2022.06.06.14:30
001532,2022,06,21,2022-06-21,s1,"표고버섯으로맛을낸 | 발효미원 | 식품유형 복합조미식품 | 유통기한후면별도표기일까지 | 내포장재질 폴리에틸렌 | 업소명원 대상(주)기흥공장경기도 용인시 김획구 동탑기흥로 | 사용하셔도 좋습니다. | 알우유,대두밀게 새우돼지고기쇠고기,닭고기 | 징어, 조개류(굴, 전복, 홍합 포학) 성분 혼입 가능. | 본 제품은 소비자 기본법에 의거 교환 또는 보상. | 품 및 교환장소:본사 및 구입처 | 2022, 06. 21 L29 | 분리수거를생활화 합시다.경"
001533,2022,06,21,2022-06-21,s1,표고버섯으로맛을낸 | 발효미원 | 피에따라 않을 조하에 사용하세요 | 11399 | 2022.06.21 L29
001534,2022,07,11,2022-07-11,s1,"한우다시 | 우추출분말(죄 | 양파페이스트 향미중진제 | 대두밀, 쇠고기, 닭고기, 조개류(굴) 함유 | 1800347002589 | 사용전 반드시읽어보세요 | 080-019-9119（） | 2022,07.11 A12"
001535,2022,07,11,2022-07-11,s1,"한우다시 | 대두, 일, 최고기, 닭고기, 조개류(글)참유 | 202207.11 A12"
001536,2021,02,19,2021-02-19,s1,6.990 | 0통합1등기업 | 행소시지&베이컨 | 부터 | 21.01.26A | 까지 | 21.02.19 | 5B1 | 더건강한 | 샌드위치행 | SANDWICH HAM | 굽지 않아도 | 무청가로건강하게 | 맛있게! | 제품명:The 건감한 문위치냉장제
001537,2021,02,19,2021-02-19,s1,10.11 | 21.01-26A | 21.02.19 | 더건강한 | 샌드위치햄
001538,2022,01,18,2022-01-18,s1,"HERSIES | 허쉬초코바나나웨하스미니 | 서주허쉬초코바나나웨하미 | 내포장재질 | 까지(연 | 영업장의명칭 | 군산시 서수55 | 준조콜립{야자유(말레이시아산 | 코코아파우더(미국산), 미강유 정제소금 | 밀.대두.문달걀 함유 | 비닐 | 22.01.18 | 영양정보 | 8100g | 恒三县160mg8% | 26g48% | 트랜스지방0g | 64g20% | 27g27% | 惠型6g11% | 20g133% | 콜레스테롤0mg0%"
001539,2022,01,18,2022-01-18,s1,tERSUEIS | 22.01-18 | 영양정보 | 个话64g20% | 200133%
001540,2020,12,14,2020-12-14,s1,데이토 | 인산D-사과신 | 이제품은우메일 | 개류(을 전부 합 | 김은제조시설에서자 | 통신및 습기를 피해 | 구입상점 및 론사에서 | 법에 의한 피해보상·제 | 에어베이킹(Air Baking)공법 | 열풍과 옥블으로둔번 구워 | 지방과 칼로리 부담이Down | 영양정보 | 기준지에 대한 비 | 150mg8% | 탄수화물 | 2397% | 당류 | 12912 | 지방 | 196% | 트랜스지방 | 포화지방 | 1298 | 골레스테올 | 단백질 | 16g | 마리네이드(Marinade)공법 | 진짜 감자의 풍미를 극대화한 공법 | 롯데제 | 20.12.14 22:54 | 부터 | 21.06.13 A1 | 까지
001541,2021,06,13,2021-06-13,s1,oog(Alr Baking) | 엄과오분으로범구워 | 지방리부oDown | 영양정보 | 20.12.14 22:54 | 롯데제 | 21.06.13 A1 | 부터 | 까지
001542,2022,01,22,2022-01-22,s1,"물목보고번호92 | 정지소국신영조간장천일호주 | (인도신),굴농축굴국신 | 호박산이나트륨 | 업소명 및 소재지 대상(주) | 본시서울특별시동다문구천호니로 | ·빈등 및교환장소:본및구입 | 은소자기본에의거 | ·부정 불량식품 신고는 국입이 | 199 | 22.01.22F2"
001543,2022,01,22,2022-01-22,s1,소지대(주) | 22.01.22F2
001544,2021,08,02,2021-08-02,s1,mini | 2021.08.02E |  () | mauma
001545,2021,08,02,2021-08-02,s1,int | 2021.08.02E | nama
001546,2021,07,04,2021-07-04,clahe,"배바라씨가 | to clo | *때로! | 해바라기 | 초크영 | 订热话1198803110012 | Q3212125 | 한산시 단원구 성곡로 32 | H바라기씨,설탕,물 | 코코아프리퍼레 | 전지분유,코코아 | 코아 | 분말레시틴],독 | 포르산),코코아프리 | 싱가포르)전지분유코코 | 릿향,바닐라향,설탕 | .039% | 유통중 변질품은본 | 의한 피해보상 | 땅콩,달길,호두 혼입 가능 | 하얀 반점이생길수있으나인체에 | 장을 하였습니다. | ·제품의 품 | 표명C | 무해하니드셔도 괜찮습니다. | 유통중초 | 롯데제과 | 고격지원센터 | 8801062629138 | 080-024-6060 | http://www.lotteconf.co.kr | 30 | 영양정보 | 160kcal | 号16g5%/13g13% | 나트륨20mg% | 320 | 9g17%0g | 51%/3g5% | 000c | 21.7.4 | 까지 | OTHER"
001547,2021,07,04,2021-07-04,s1,해바라기 | 1039% | 유법질은본 | 영양정보 | LE20mg）% | 9917% | 플레스태를 5 mg미만 1% | 1695% | 트랜스지방 09 | 309 | 8号13913% | 단백질3g5% | 320 | 21.07.04 | 까지
001548,2020,09,29,2020-09-29,up2x,"ocipe | 후 | al | Ven, | () | PRDD : 29/09/2020 | P28/09/202202 | NM.240GM"
001549,2020,09,29,2020-09-29,up2x, as y  | RROD : 29/09/2020* | 2809/2022 20273 | NM240GM
001550,NONE,NONE,NONE,NONE,fail,BEST BEFURE 2U21708/2 | LOT023802:54 4F | 4 | 8021202304381539 | 5278021202 380138 1539 | BEST BEFURE 2UZ1Z087 | LOT0238.02:544F | BEST BEFURE2U21708/2 | L0T 0238.02:54 4F
001551,2021,10,09,2021-10-09,s1,BESY BY:09/10/2021 21:08 | GLORIA'S FINEST | HORSERADISH SAUCE | REFRIGRATEAFTEROPENNG | 식품의 유형:소스 | HORSERADISH DRESSING) | 유통기한:A공 | 咨营：255G790Z)
001552,NONE,NONE,NONE,NONE,fail,LGG | 국내유일 | 독점공급 | Maeil | 바이오 | PROBIOT I C | 02.19F1 | 딸기요거트 | /85gx47 | n장제품 | 340g(280kcal9% | 된 | R | 바이오 | P R O B IO | Maeil | 340g(280kcal9% | /85g4） | 딸기 요거트 | 02.19F1 | 독점공급 | 국내유일 | 박여륨 | 이어 | xS8/욱 | 65 | 동K88/욱 | 박여륨 | 이어A | 링야논 | LGG. | 국내유일 | 된 | nce by | 독점공급 | Hbn | Maeil | 바이오 | R | PR O B IOTIC | 02.19F1 | 딸기 요거트 | /85gx47 | 냉장제품 | 340g(280kcal9% | 국내유일 | LGG. | 구된 | 독점공급 | Excellence by | Chr. Hansen | Maeil | 바이오 | P R O B IOT I C | 02.19开天F1 | 딸기 요거트 | /85gx4 | 냉장제품 | 0-10C | 340g(280kcal9% | 냉창보관
001553,NONE,NONE,NONE,NONE,fail,"LGG | 국내유일 | 독정공급 | Maeil | 바이오 | P R O B IO T I C | 02.19F1 | 딸기 요거트 | 号/85g×47 | 340g(280kcal,71996 | 바이오 | 0 | PR OB | Maeil | 340g(280kcal799 | 舌车然京号/85g×47 | 딸기 요거트 | 2.19F1 | GG | 독정공급 | 국내유일 | 헤어A | ×SS8/ | SS8/옥 | 바영스륨 | 에I어A | LGG. | 국내유일 | 독점공급 | Maeil | 바이오 | P-ROIB-FOTILC | 02.19F1 | 딸기요거트 | 舌享然京号/85g×47 | 340g(280kcal,9% | 국내유일 | LGG | 독점공급 | Maeil | 바이오 | PR O B-LOTIC | 02.19升人F1 | 딸기 요거트 | 냉장제용 | 340g(280kcal,9%"
001554,2020,06,03,2020-06-03,s1,20200603
001555,2020,06,03,2020-06-03,s1,20200603
001556,2022,03,16,2022-03-16,s1,"INS9011 | PRO.DATE: 16.09.2020 | EXP.DATE: 16.03.2022 | 12 | L901-260 20 0101209 13:23 | Ignuspiui | Gula Lunak Jeli Aneka Rasa Buah | asam sitrat), perisa sintetik, | wsirup qulakaramel, eks | gandung babi atau bahan baku ya | 80g(288kcal) | 二01TOE02-578-8385 | 시럼 영당,정세수 벌리틴(우),역스트로스 | 스스카 | www.haribo.com"
001557,2022,03,16,2022-03-16,s1,PRO.DATE:16.09.2020 | fouasu nandcomaonn | EXPDATE: 16.03.2022 | ngussqinai | L901-260 20 0101209 13:23
001558,2024,12,21,2024-12-21,s1,"ESEABADHE | sktties | 서울강남구학동로 40N층 | MaksWrigley Contectionery(China imited | 설당,포도당시럽 범유 구산,텍스터로 성전문(수수합성료 | 사과형 오레지항,포도행) | 원재료명 | 책료(이산티타능,식용 | 알루미늄레이 | 미러이크 시용색소 | 식용색소항색제A | 색소청색제호알루미늄레이크]카나우바욕스 | 청색2호일루이능레이 | 밀함유 | 포장재질 | 폴리에틸렌 | ·직사광신 | 본제품은 | 몸은 곳에 보관하시고개가능하플리드 | 소비자분해결기준에의거 교환 또 | •반품및교환처 | 080567-9898 | 원산지:중국 | 유통기한이 | 첫6자리 숫자 | 24/12/21 | 320 | 914973603035"
001559,2024,12,21,2024-12-21,s1,sknties | 24/12/21 | 320
001560,2020,11,25,2020-11-25,s1,"오트밀 | Post | 화이버 | 뜨거운 물과 함께 구수하고 | 우유와 함께 풍부한 맛의 | 나만의 레시피로 만드는 | 담백한 맛의 오트밀을 즐겨보세요! | 오트밀을 즐겨보세요! | 'Cold 오트말 | 추천 | 오트일 1개를 용기에 넣고 뜨거운물 | 1120m | 오트밀 1개를 용기에 넣고 취향에 | 1202/3）2 | (종이컵 2/3컵)를 부어 전자레인지에 | 따라,요거트,다양한 과일,견과류 | 잘 저어주면 완성 | 700W-2号，1000W-1号302 | 등과 우유 70m 를 부어 냉장실에 | 뜨거운 물과 항께 먹었을 때,한국인의 | 기호에 따라 끌이나 제철 과일,견과류를 | 넣어 두고 약 30분이 지나면 딱 억기 | 입맛에 딱 맞는 구수하고 담백한 맛의 | 넣어 함께 즐기면 더욱 좋습니다. | 좋은 나만의 Cold 오트밀 완성 | 레시피로 개발 되었습니다. | *조리 시 뜨겁기 때문에 화상에 주의하세요. | 즐길 수 있습니다. | 2020.11.25까지11:00"
001561,2022,06,11,2022-06-11,up2x,Lipton | 아이스티 | 복숭아맛 | LPTON TEA | AND FRUIT FLAVOR | 2022.06.11 | 14:21 | 770g(3)
001562,NONE,NONE,NONE,NONE,fail,"Lptor | 아이스티 | 복숭아맛 | LTON TEA | AND FRUIT FLAVOR | 2022.06 | 14:21 | 770g(357kcal) | 770g(3157kcal) | AND FRUIT FLAVOR | 복숭아맛 | 아이스티 | ITONTEA | 2022.06 | Uodr | yl어 | UBOESE)BOL | 90 | ㅇ온눔 | rl어o | Lptor | 아이스티 | 복숭아맛 | LTON TEA | AND FRUIT FLAVOR | 2022.06 | 14:21 | 770 g(3,157kcal) | Lpton | 아이스티 | 복숭아맛 | LPTON TEA | AND FRUIT FLAVOR | 2022 | 06 | 14:21 | 770g(3157kca) |    "
001563,NONE,NONE,NONE,NONE,fail,자간비 | 짧짤한맛 | IOPEN | Jagabee | A취급주의 :제품 개봉시 손이 베지 않도록 주의하시기 바랍니다. | IOPEN | 자가비 | A취급주의 :제품 개봉시 손이 베지 않도록 주의하시기 바랍니다 | 짧짤한맛 | 머허료쩌 | 22 | lA 1Z 1X | NODDC | 머료 | IA {Z{X | 자간비 | 짧짤한맛 | agatee | A취급주의:제품 개봉시 손이 베지 않도록 주의하시기 바랍니다. | IOPEN | 자가비 | 짧짤한맛 | Jagabee | A취급주의:제품 개봉시 손이 베지 않도록 주의하시기 바랍니다. | IOPEN | 제. | .12:47 | 까지
001564,NONE,NONE,NONE,NONE,fail,자간비 | 짭짤한맛 | OPEN | 4취급주의:제품 개봉시 손이 베지 않도록 주의하시기 바랍니다. | [OPEN | 428:88.85:47 | 자간비 | 4취급주의:제품 개봉시 손이베지 않도록 주의하시기 바랍니다. | 짭짤한맛 | 머옮료표 | lA 1Z {X | NadO: | 2 | NadO→ | 머옮료쩌 | lA {2 {X | 자간비 | 짧짤한맛 | [OPEN | A취급주의:제품 개봉시 손이 베지 않도록 주의하시기 바합니다. | 제2::4? | 자간비 | 짭짤한맛 | fgmte | A취급주의:제품 개봉시 손이 베지 않도록 주의하시기 바랍니다 | OPEN | 제종워깔:음:8음:음트 | 4?
001565,2017,01,02,2017-01-02,s1,"리톨 상품의 3대 조건! | 단맛을 내는원료 | 자일리톨50%이사함 | (자일리를화이트는 | 단맛을내는원 | 자일린톨이외의료는무설탕 원상용 | 62%) | 자일리톨이 | 치아를부식시킬수있는산이함유되지않아야 함 | 업그레이드 | ((산이 함유된 과측 등을 같이 사용하면 안됨) | 되었습니다! | 제품명 | XYLITOL화이트 | 내포장재질폴리에틸렌 | 자일리톨결정으로 | 유통전문판매원 | 사각사각한식감! | 186 | 19930294014369 | 유통기한후면표기일까지/연,월 | 화이트젠이 | 함유된자일리톨껌 | 트리아세틴 | 100% | 자일리를사용 | 11399 | 을나는 의로 중자일리를 62% 함유 | 인체에는 문해하니 드셔도 괜찮습니다. | 스와 합하서요! | 버스가  | BO-024-6060 | 롯데제과 | OTHER | 2.01.17 | 까지"
001566,2020,04,23,2020-04-23,s1,23 APR 2020 | XCr1 12 15:54 | EXTRA SHARP YELLO | 24 CRACKER | Cracker I | CU | 6개월 동안숙성된 깊은 | <크래프트>의 프리 | USA NO
001567,NONE,NONE,NONE,NONE,fail,SORING | STRINT | 2020 | 23 APR | 15154 | KCM 12 | 24 CRACKER C | EXTRA SHARP YEL | Cracker B | 6개월 동안 숙성된 값은 | <크래프트>의 프리 | USA NO | CCPMIEE | SEP A EL | 5 | EEEE | EEF | ( | EEEF | EEfP | API | EEEF | FEEP | A | EEEF | EEFP | 9 | 2020 | K | USA NO | 크래프트>의 프리 | 6개월 동안 숙성된 값은 | 1333 | Mde | 电话：201 | J333 | 1333 | 1333 | 33 | 33 | B | 3333 | Cracker | C | CRACKER | 24 | EXTRA SHARP YEL | 비 | 9 | CES ARRHR RRNVEL | ON AVU | +S:Sl | Pde e2 | S(RINE | 2020 | 23 HPR | 1554 | XCM 12 | 24 CRACKER | EXTRA SHARP YEL | Cracker [ | 크래프트>의 프리 | USA NO | 안숙성원 | 0. | 2020 | 23 HPR | 1554 | XCM 12 | 24 CRACKER | EXTRA SHARP YEL | Cracker I | Q | 6개월 동안 숙성된 값은 | 크래프트>의 프리 | USA NO
001568,2021,03,09,2021-03-09,s1,ZIPPER | 개봉 후 지퍼를 닫아주세요 | 유통기한 | 2021.03.09까 지 | B11 | 생설살 | 오리지널맛
001569,2021,11,30,2021-11-30,s1,21.11.30A1 | H | 도 | 한
001570,2021,11,30,2021-11-30,s1,21.11.30 A1
001571,2021,06,11,2021-06-11,s1,구고 | ICMIA | 2021.06.11 | N829 | A4 윤원자 | 노브랜드의 이념과 실천
001572,2021,06,11,2021-06-11,s1,EMAO | N82 | 2021.06.11 | A4 윤원자 | 아0.6%
001573,2022,01,06,2022-01-06,s1,"No Bran | BeeT | rand는 이마트의 상표입니다 | 비프 | 스파게티 | 만드는법 | (대중적인 식감8분) | P | 5 | 제품명 | 옴라이비프 스파게티소스 | 소스(멸균제, 제르트식품) | ·주의 게시에손이데이지않도록주의하십시오장가 | 식품유형 | 내용량 | 250g | 정제수,토마토페이스트(중= 양파 | (중국산),뤄밀가루(일10%: 미국, | 호주L),가공버터(뉴질랜드산)], | 모는들을수있습다·부정 | 시고기6%(호주산),당근,크러쉬드 | 원재료명 | 토마토(토마트 토마토주스 정제소금→신 | 영양정보 | 베이스 두류가공품, 포도당, 변성 처분 | 총 내용량당 | 20kal | 자연치,마늘분말,흑후추분말,바질분 | 나트륨 | 460mg | 대두밀,우유난류토마,쇠고기함은 | 탄수화물 | 269 | 별도표기일까지 | 169 | 직사광선을 피하고 실온에 보관하시 | 지방89 | 부관방법 | 바랍니다. | 트랜스0.5q 미만 | 40 % | 프강새 | 폴리프로필렌 | 69 | 8% | 시아스/충북 청주시 흥덕구 옥산면 | 레스테를25mg | 15% | 제조원 | 径102（02)430-1975 | 단색질89 | 유통전문 | AC마트/서울특별시 성동구 뚝섬로 | 1（200 | 판대원 | 기준이로개이의요 팅라다를수있습니다 | （27）/（02）380-5678 | 구처및제조원 | 220550202972 | 886489617185 | 2022.01.06까시 B"
001574,2022,01,06,2022-01-06,s1,"BeeF | Spaghetti sauc | 480250g | (8국N)기(일 | 호3)가공버터(뉴질랜드산) | 12716%）8元45 | 베이스 가공B 프B.변성 | 자연지,마,후주분일바진 | 영양정보 | 대두,일우유.난로,마로,쇠고기 함은 | 도기까지 | 직사람접을 피하고 실은에서 보관하시 | 몰리프로필렌 | 시아수/중복 청주시 흥덕구 옥산면 | 证1027（02）430-1975 | 国25mg | 89 | 트/서울시 성동구 특성로 | （午27）（02）380-5678 | 제조원 | 2022.01.06"
001575,2022,03,27,2022-03-27,s1,·제품명:지리산 때죽꿀 | ·원산지:국내산 | ：400g | ）100% | 23.5% | 1399 | ·품질유지기한: | 2022.03.27
001576,2022,03,27,2022-03-27,s1,·원산지:국내산 | ：400g | ：（）100% | 23.5% | ·번일교환장소:천사및구입처 | 2022.03.27
001577,2022,11,05,2022-11-05,s1,Premium | SeaOlle | MILK FLAVOR OOLONGTEA | 제품명 | 밀크향 가득우롱차 | 내용량 | 15g（1.5gx10E） | 식품유형 | 침출차 | 품목보고번호 | 원재료명 | 98%2% | 내포장재질 | 문의 및교환처 | 업소명및 | 소재지 | 받으실 수 있습니다. | 유통기한 | 2022.11.05
001578,2022,11,05,2022-11-05,s1,Prennium | Sea @lle | MILK FLAVOR OOLONGTEA | 밀크향 가득 우콩차 | 제품명 | 15g（1.5g×10E） | 내용량 | 품목보고번호 | 침춤차 | 식품유형 | 원재료명 | 98%（）2%） | 내포장재질 | 문의 및 교환처 | 업소명 및 | 소재지 | 받으실주 있습니다. | 2022.11.05 | 유통기한
001579,2022,11,02,2022-11-02,s1,"테비아잎,구기자,합성 | 판내원 쌍겨명차 | 号空1975162160 | 내포장재질 풀리에 | ·보관상 주의사항 실은 보관하A조 가경한 자는 신 | 건명한 곳에 보관하십시오.·형 불증식품 선는 국반업이1 | 관및문의체유통정H손및 | 1080-438 | 유통기한 | 2022.11.02"
001580,NONE,NONE,NONE,NONE,fail,국회국신 결영사 | 2022.1102 | 스테비마일 | 제조원 | 2022.1102 | REIN | 2022.1102 | 국화(국신)결명U | 스B비일 . | 복보 | 1975 | 나포징 | DSEARMO | 2022.1102
001581,2021,11,05,2021-11-05,s1,3.800 | PEACOCK | 160% | 망고 | 그대로 | MANGO AS IS | 슬라이스망고를그대로 동결건조 | 하여 망고본연의 맛을담은 | 우리가족 영양간식입니다 | 2021.11.05K23
001582,2021,11,05,2021-11-05,s1,PEACOCK | 망고 | 그대로 | MANGO AS IS | 라이 | 2021.11.05K23
001583,2021,12,15,2021-12-15,s1,"우유를넣고들 | Shake | 핫케C | 믹 | 202112.15 C | 설탕,포도당 | 유지팔핵 | 믹스” | 조리방법 | :HDPE | 안양시"
001584,2021,12,15,2021-12-15,s1,Shak | 핫켓이 | 20211215 | 믹스 | +2
001585,2021,10,28,2021-10-28,s1,"고구마케 | 화이트 컴파운드 버튼! | SLW- | 3200 | 제품명화이트컴파운드 | 00·본제품은 계란,메일,땅콩,밀 고등어,게. | 식품유형 캔디류캐러달 | 새우 돼지고기 복숭아,토마토 호두,닭고기, | 제조원AAISTCHOCOATEPTED | 쇠고기,오징어, 아황산류, 조개류굴,전복, | 수입원 | 미립물산(주) | 홍합 포함)가 사용된 동일 설비에서 소분 | 경기도용인시기흥구지삼로 | 2502210X号外2 | 되었습니다. | 오성비엔에프 | 통풍이잘되는서늘한 곳에서 보관하십시오. | 20310 | 이제품은 개봉한 후 빨리사용하시는것이 | (주)심양사 | 좋으며, 개봉 후에는 벌레.이물,곰팡이등에 | 295 | 의해오염될수 있으니 밀봉하여 냉장보관 | 유통기한 하단표기일까지 | 하십시오 | 150g(825kcal) | ·본 제품은 소비자분쟁해결기준에의거. | 싱가포르 | 교환 또는보상받을수 있습니다. | 원산지 | 139 | 원재료명실 | 설탕,식물성유지(참유),유청, | ·반품/교환: | 탈지분유레시틴, | 합성향료바닐린) | 대두우유함유 | ·큐원홈페이지:www.gone.co.kr | 포장재질내면 폴리에틸렌 | 유통기한 | 2021.10.28 L15 | 까지"
001586,2021,04,27,2021-04-27,s1,2121 | 2021.04.27 | 유통 중(특히 냉장. | 원료성분이가라 | 질이 아니오니 | 드시기바랍니다
001587,2021,04,27,2021-04-27,s1,2:1291 | 2021.04.27 | 이
001588,2023,01,09,2023-01-09,s1,16100 | 이집트산 브관시주의사항 직사광선을 | 리하고 서늘하고 건조한 곳에 보관하십시오 | 등및 교환장소구입처제조원 House | od import &Export수입소분판매원 | 031-796-6435 | 12-4 | 유통기한:하단표기일까지 | 2023.01.09
001589,2023,01,09,2023-01-09,s1,건조한 곳에 보관하십시오. | 구입처 제조원 HuSe | bod import&Exoor수입소문 | 9/031-796-6435 | B5人12-4 | 2023.01.09
001590,2021,02,18,2021-02-18,s1,유통기한 | 21.02.18까지 | Homeplus | 외리지널 | 베야컨 | Original | Bacpn
001591,2021,02,18,2021-02-18,s1,21.02.18까지 | Hemeplus | 외리지널 | 베야컨
001592,2022,01,05,2022-01-05,s1,22.01.05 A2 | 까지 | 이 | 수 | Y | 의 | HO
001593,2022,01,05,2022-01-05,s1,22.01.05 A2 | 까지
001594,2021,12,13,2021-12-13,s1,1399-0184 | 13:34A | 2021.12.13 | 10 | 까지 | 논:)
001595,2021,12,13,2021-12-13,s1,2021.12.13
001596,2021,01,22,2021-01-22,s1,IB3 | 조리예 | 21.01.22 | 13:56 | 부터 | 21.02.25 | D | 까지 | 탱글탱글 | 시각 | 내용량:0
001597,2021,03,07,2021-03-07,s1,No.1 | 햄.소시지&베이컨 | 통합1등기업 | 21.02.01 12:0부8 | 21.03.07 D 까지 | FB4 | 한 | 짠 맛을 줄여 | 안심 | Down | 국내산 | 100%
001598,2021,03,07,2021-03-07,clahe,No.1 | 앨소시지용베이면 | 7+2012.01-2018.12）号小 | 통합1등기업 | 대민민국  소시지베이 동기 | 21020112.0 | 21.03.07 | FB4 | D 까지 | 짠 맛을 줄여 | 안심 | Down | 100%
001599,2021,02,15,2021-02-15,s1,유통기한 | 2021.02.15A2 | 1985 | E | 브랜드 | 1등 | 삼호 | 사이드 | 12장 | !국1등어묵 | 내용량 | 480g | 6장×2 | 근사각 | UO
001600,2021,02,08,2021-02-08,s1,어묵 | 유통기한 | 북ö호 | 2021.02.08B5 | 호어묵 | 발이한바 | E1985 | 묵탕 | 대한민 | FISHCAKE | 1등어묵 | 무양자를우려낸 | 10la!
001601,2021,02,11,2021-02-11,s1,꽃게 | 꽃게 | 21.02.11 까지F1 | 어묵 | 대림 | 투속 | 진심을담아더욱건강한 | 부산어묵 | 쫄깃한 약속사각 | 안심 | 쫄깃한 약속사각어묵 | 특가기획
001602,2021,02,11,2021-02-11,s1,꽃게 | 꽃게 | 21.02.11까지F1 | 대림 | 어묵 | 속 | 진심을 담아더육건강한 | 부산어묵 | 쓸깃한 약속 사과 | 안심 | 쓸깃한 약속 사각어물 | 특가기획
001603,2021,02,24,2021-02-24,s1,꽃게 | 영영XIOHSE | 2021.02:24까지 | 생산자:정재만A | 알래스카 | 촉촉함의 비밀! | 전지방 | 100% | 몬스터 크랩을더욱 맛게! | #알래스카 | 명초8마요 | 소스와함께! | 계말이에 | #탱탱함 | 와' CLam'는 한성기업의 등록상표입니 | 00NU
001604,2021,02,24,2021-02-24,s1,꽃게 | 방명X | I매SEX | 2021-02.24까지 | 생산자:청재만 A7 | 촉촉함의 비밀! | 저지방 | 100% | 일래스카
001605,2021,03,06,2021-03-06,s1,/)% | (- | %68 | 6060号情店 | 2021.03.06 | 152379 | 삼호안심김밥맛살 | 132 g x 2 | 을 | / | ) | 삼호 | 안심김밥맛살 |    | 132gx2
001606,2021,04,03,2021-04-03,s1,'노요리 | 100 % | 오징어 | 국내산 | 오징어 | 충무김밥 | 함께 드실 수 있는 충무김밥입니다.취향에 따라 알싸한 | 김밥소스와 함께 드세요. | 2021.04.03까지 | 충무김밥12줄 | 2296
001607,2021,04,03,2021-04-03,s1,100% | 국니산 | 오징어 | 오징어 | 충무김밥 | 김밥소스와 함께 드세요 | 2021.04.03까지 | 충무김밥12 | 22961
001608,2021,06,29,2021-06-29,s1,2021.06.29 | 02348
001609,2021,08,29,2021-08-29,s1,2021:8.29 | 02348
001610,2021,02,12,2021-02-12,s1,"유통기한 | 2021.02.12까지 | 국민간식! 추억의 맛 그대로 | ORIGINA | 떡볶이 | 조리법(2인분,4분완성) | 내용량 | 300g | 포장재질 폴리에틸렌(내면) |  2008062303559 | 발(외국산)99%, 정제소금,발효주정 | 인하얀햇살(주) /경상남도 함양군 함양읍 이은농공길 54 | 100g | 포장재질 폴리에틸렌(내면) | 200504150202917 | 1먹품이을 흐르는 물게 씻어 주세요 | 혼합간장,비프추출페이스트',파르리카추출색소 | 내용량 39 | 포장재질 폴리에틸렌(내면) | 2享20周量20元"
001611,2021,02,12,2021-02-12,s1,2021.02.12까지 | 국민간색! 주억월 맛 그대로 | ORIGINA | 떡볶이 | 善号里卫2008062303559 | 포장재질  플리에일텐(내면) | 品号里卫型车200504150202917
001612,2022,02,25,2022-02-25,s1,2022.02.25 | 국산고추양국산양초고 | 강 | 2다.은일시과같은 시조고 있습니다.
001613,2022,02,25,2022-02-25,s1,2022.02.25
001614,2020,09,03,2020-09-03,s1,"리드지-둘리어틸레(PE) | ·및교장소:본사및구입처 | · 불광품신고는국번없이 19 | 총내용량2A | 영양정보 | 10g37kca | 0mg0%9g16% | 사응방법국,찌개무칭,조림 등모든요리에 | 시년소금과동일하게 사용하시면됩니다. | 31 | 수거를 | 2020.09.03 | 시다. | 자 | 09:50 | 공고객상담실 | DAESANG 대상주식"
001615,2020,09,03,2020-09-03,s1,A | 영양정보 | 소과 동일하게사용하시면됩니다 | 2020.09.03 | 09:50对
001616,2021,12,15,2021-12-15,s1,"님마을 고충가루 식품의 유형고층기루 | 제품명 | 号200603582008 | 48 | 인주영양F&S/ 경기도 이천시 | 量3233出203-11 | 고가루보통고층가루 | ）100% | 쌀플리에틸레테레프릴레이트 | 우-P(리프로필린) | 기 기일지 고객사랑센터 | 080.6370088 | 사능선을 미하여실은보관하시고,기 | 은 일봉 후 냉장보관을권합니다. | 교구입처및판매원 | 제은 공정거래위원회고시소비자분정 해결 | 에 의거교한 또는 보상을 받으실 수 있습니다. | 1399 | 2021.12.15 | E | 8809002414691"
001617,2021,12,15,2021-12-15,s1,（）100% | 2021.12.15
001618,2023,10,06,2023-10-06,s1,뜯는곳 | 2023.10.06B | 향이 생생한 | 직접 | 오뚜기 | 갈아먹는 | 통후츄 | OTTOGI WHOLE BLACK PEPPER | 원 흑후추0외국산에트남인도네시아달레이시아 등
001619,2023,10,06,2023-10-06,s1,2023.10.06B | 향이 생생한 | 직접 | 오뚜기 | 갈아먹는 | 통후추
001620,2022,07,19,2022-07-19,s1,식품유형 스실균저품 | 지지 본사울시동문구다 | 지인도선- |    | 원을 대두밀 조류굴) 함유 | 199504400292 | 2022.07.19T2
001621,2022,07,19,2022-07-19,s1,1099504490022 | 2022.07.192
001622,2022,01,14,2022-01-14,s1,남해산굴로만들어 | 제(변성전분말토텍스트리 | 농축액양 중국선 대두밀새우조기류  | 10165471 | 8801007683485 | 2022.01.1411:12
001623,2022,01,14,2022-01-14,s1,남애산굴로안 | 2022.01.14 11:12
001624,2022,04,26,2022-04-26,s1,2022.04.26.A | 백설 | 육류&해산물 요리에 | 마늘생강 | 잡내
001625,2022,04,26,2022-04-26,s1,2022.04.26.A | 3 | 백설 | 마늘생강공
001626,2021,07,03,2021-07-03,s1,1.2LX12号 | LOTYE | 제축사랑 | 유통기한 | 2021.07.03 | 12:20 | 까지
001627,2021,07,03,2021-07-03,s1,12본입 | 제출사람 | 유통기한 | 2021.07.03
001628,2021,07,20,2021-07-20,s1,"09:59B | 2021.07.20 | 동서 | 보리 | 보리,본연의 맛 | 100%"
001629,2021,07,23,2021-07-23,s1,09:598 | 2021.07.23 | 동서 | 보리
001630,2022,10,21,2022-10-21,s1,"식품유형 | 품목보고번호 | 20130372 | 237849 | 철임새콤레몬정백당 | ,레몬국산 | 비타민CjO0 % | 강주석도금강판병부경내면지질: | ·025 | 사원주·본사:서울시 서초구 서초 | 장소재지:경기도 포진서 장수면 | 유통기한 | 2022.10.21 | www.nokchawon.co.kr"
001631,2022,10,21,2022-10-21,s1,"식품유형 | 품목보고번호 | 질임새공래정당,레몬국신 | 비타민COO % | 유동기한 | 2022.10.21 | www.nokchawon.co.kr"
001632,2021,11,27,2021-11-27,s1,"스톤 | 2021.11.27 | 초코볼 | 식품유형초콜릿가공품 | 락이온제과/부산광역시 사하구 장평로50 | omeplus | 세조원 | ：05-204-2512 | 반품및 교환장소구입처 | 포장재질|내포장면-폴리프로필렌 | 판초코에이[설탕 가공유지(팔핵스테아린경화윤/ | 융청부말(유청분말(외국산/캐나다 체코 밀국등) | 원재료명 | lected with  | 빛학량 | 추출색소,지자황색소통화황색소,홍국색소,치자청 | 1신한 상 | 색소,카나우바와스' | 우유, 돼지고기, 대두 함유 | 품목번호 | 사용을 을 | 영양정보 | 50g | 266kcal | 1%量33g10% | 당류 28 g | 28% | 26%0 | 포화지방 13 g | 스테를0mg | 0%2g"
001633,2021,05,12,2021-05-12,s1,"우리곡물 그래 | lected with Pride | 검은약콩 | 플리스가 엄선한 상품에만 | 그니처의 이름을 불입니다 | 식품유형 기타가공품 | 영양정보 | 우리곡물그래놀라 검은 약콩 | 1001 | 제품명 | (주)리빙라이프 | 275-43 | 나트륨 | 제조원 | 스(주)ww.homeplus.co.kr | 탄수화물 | (350g(1.470kcal) | 당류 | 전문판매원 | 지방 | 통기한 | 뒷면 하단표시일까지 | 트랜스지방 | 포화지방 | 콜레스테롤 | 재료명 | 단백질 | 정제소금,구연산삼나트름, 합성향료(바닐라향), | 1일 영양성분 기준치에 대 | 올레오레진로즈마리 | 2.000Kcal710至7起 | 물질 우유, 대두밀 함유 |  20030368010-329 | 따라 다를 수 있습니다 | 서보관 | -아, 토마토, 아황산류, 호두쇠고기를 | 과 같은세소시실에서 제조하고 있습니다 | 문장소:구입처 및 판매원 | 8809120-4419 | 2021.05.12매지"
001634,2021,05,12,2021-05-12,s1,"김은악콩 | 우리그라검은약 | 1식품유형 기타가공 | 영양정보 | Tu182(9g）1350g（0.470kcal) | 1009818 | 지방 | 정소 구현산상나트를,합성향(바닐라향) | 트랜스지방 | 레오리 | 표화지방 | 1일 영양성분 기준재대 | 는지에서 제조하고 있습니다. | 2021.05.12마"
001635,2020,12,23,2020-12-23,s1,유통기한 | 오리온 | 2020-12-23.05:32 | 부터 | 2021.12.22/2F | 까지
001636,2021,12,22,2021-12-22,clahe,유동기한 | 2020-12-23.05:32 | 리온 | 2021.12.22/2F | 부터 | 까지
001637,2021,04,12,2021-04-12,s1,제크 | 찐치즈침 | 21.04.12 8 | 까지 | OPEN
001638,2021,04,12,2021-04-12,s1,"제크 | 까지 | 21.04, 12 B"
001639,2021,02,28,2021-02-28,s1,Goo Food GoodLife | · | 식품유형 커피 | 5 | Nesté. | 유약한 상식 | 의   | 2 | 폴리페놀 | 어 이야기 하세요. | 수지 | 营：08-730-336 | 2021.02.28 | 92423657 | 07:23
001640,NONE,NONE,NONE,NONE,fail,"2021 | 9242365 | estia | 리이 얼아나어 있니요? | 플리 | 72 mg | 7305336 | 02 | 0 | OTHER | L ie | 2021 | 불리페는 | 72 mg | 28 | é7 | 25 | 82 | 1202 | bal2 | 20 | 59E2626 | 22 | 201202 | 35 | 플리재놀이 없마니 들어 있니요 | 플리페늘 | 72mg | 2021.022 | 92423657 | 28 | Good Food, Good Life* | Neste. | 유 | 2 | A | 초이스 아일드 오카 한 판에는 | 쌓리제는이 얼마니 들어 입니요? | 것으로 | 불리페놀 | 72 mg | N | unlel | 유용기만 | 2021.02 | 28 | 72423657 | 02 | 236 | OTHER |     | DD T e"
001641,2023,01,24,2023-01-24,s1,"Olive Oil 100% | 스러인 지중해 연안의 잘 익은 올리브과육만을 | 건강한 올레인산 65%"" | 문 입책 을리브유는올리부고유의향이진배 | 실리드트레싱 소스 부음에사용하시면 좋습니다. | 식품유형 올리브유 | 1995020805615 | 2023.01.24 | 1 | 영양정보 | 国号0mg0%国全量0g | 반품및교환:구입처 및 소비자 | 10185%1 | 台（00-90-613) | 量0mg0%含0g0%"
001642,2022,03,19,2022-03-19,s1,BEST BEFORE: | 19MAR2022 | 22:17:52 | Coconut Cream | elassic Gald
001643,2021,10,16,2021-10-16,s1,E8P:16.10.2021 | 41 | DW16BVR | RVKAICRIEEVR XIOB | D2E'S 8 | 61 | N() | Bn
001644,2021,10,16,2021-10-16,s2,(OB | EXP:16.10.2021 | 0106-10-3 16:42 | 41 | R | 88n
001645,2021,10,12,2021-10-12,s1,2021/10/12M2 | L:28713 21:15
001646,NONE,NONE,NONE,NONE,fail,
001647,2021,12,14,2021-12-14,s1,EXPIRY DATE/ 유통기한 | 2021/12/14 | PCWW2P5117L3X12 | 한 | 더블(S | 식품위생H | 제품명 | 제품 | 써스워트W7
001648,2021,12,14,2021-12-14,s1,EXPIRY DATE/유통기한 | 2021/12/14 | PCWW2P5117L3X12 | 식품위생) | 더블( | 제품며
001649,2019,08,18,2019-08-18,s1,"2019.08.18까지 | 논은인 | 오리엔탈드레싱 | 두부샐러드,육류파채소스용으로잘 어울립니다. | <두부튀김샐러드 만들기> | 노오일 오리에타 드메시을 뿌겨주면 맛있는 두부김서러트 안 |  197202880022929 | 원료명 | 레모시치모농추과준이스라엔시 | 꼬장재질 용기-폴리에틸렌테레프탈레이트,뚜껑-폴리에틸렌 | 사는품과같은 에서조고 있니다본제품은 소비자 분준에의거고또 | 드싶시오·사충분들어사용하시오 상담실8-2-수신요금부 | 영양정보 | H270g | 880104511 | 100g110kcal | 1070mg54%28g8%16g16%"
001650,2019,08,18,2019-08-18,s1,2019.08.18까지 | 오리엔탈은 | 레싱 | <두부워김생러드 만들기> | 영양정보 | 100g110kcal | 三1070mg54%日个封量26g8%台弄16g16% | 트랜스지방 0g 포화지빵 Og 0%
001651,2021,03,09,2021-03-09,s1,2021.03.09 | 영양정보 | 300ml | 100mlg890kcal | 100ml | 나트륨 0mg | 0% | 탄수화물 0 g | 0% | 당류0g | 0% | 지방 99 g | 183% | 트랜스지방 0 g | 포화지방 8g | 53% | 클레스테롤mg | 0% | 단백질 0g | 0% | 기준이므로개인의필요량에따라다를수있습니다 | 유리 | 뚜껑:LDPE
001652,2021,03,09,2021-03-09,s1,2021.03.09 | 영양정보 | 300ml | 100ml=890kcal | 100mlg | 나트를 0mg | 0% | 탄수화물 09 | 0% | 당류0g | 0% | 지방 99g | 183% | 트랜스지방 0 g | 포화지방8g | 53% | 0% | 레스테를0mg | 단백질09 | 0%
001653,2019,08,19,2019-08-19,s1,2019.08.19까지 16:05단팔
001654,2019,08,19,2019-08-19,s1,2019.08.19지 16:05단
001655,2019,09,12,2019-09-12,s1,앗있는 | 좋은 재료만을엄선하여 | 순두부 | 오뚜기 맛있는 순두부찌개로 | 담았습니다 | 시원하고일근한국둘고 | 부드러운 순두부를함께 즐기세요 | 오뚜기 | 찌개 | #2019.09. 12 F1010:57 | 00 | 부은후법을 씌워3분간데워드십시오 | (반드시 전자레인자용 용기를 사용하십시오) | 순두찌를부은데워드십시오:물이끝기시작하면2분간더가열후드십시오 | 식품유형 즉석조리식품 | 영양정보 | 총내량 20 | 30kcal | 号80mg42%量1%8弄2 | 6g11% | OTHER | 오뛰] | 오뚜] | 주식회사
001656,2021,01,16,2021-01-16,s1,Doose Go | CoHree | alty-coffe:l.oose | Cortee | Loose C | Fee Specialty coffeeLo | 2021.01.160Se Co) | 식품의 유형 커피 | 본제품은 공정거래위원회 고시 소비자 | 업소명 및 |롯무덕쥐 모송공정경도 평역시 | 분해결 기준에 의거 정당한 소비지  | 소지 | 대해 교환 또는 보상 받을 수 있습니다 | 유통기한 전면 또는 후면 표기일 | 반품 및 교환 장소제조원 및 구입체 | 200 | 보관방법 직사광신을 고 습되지 다 | 추의하여 실은 보관하시기  | 100% | ：1577-630 | 포장재질폴리에틸렌 | 부정물량 식품신고는국면이 | 있으니 주의하시기 바랍니다. | 소 충전 | Coffee | Coffee Loose
001657,2021,01,16,2021-01-16,s1,ose | 2021.01-16 | 식의 유형커피 | 유통기한 | 전면 또는 후면 표기일 | 订含营：1577-6380 | 100% | 부장불량 식품신고는 국0 | 모창재징 플리에일렌 | 한경속에사는 우리 보전고보 | 8 후자트 면에 손 을 다칠 수 | 질소 중천 | 있으니 주의하시기 바입니다. | oose
001658,2021,10,20,2021-10-20,s1,ORGANIC | APPLE EXTRACT | POWDER | 유기농풍사과추출분말 | 맛있게 즐기는 법 | 1（2~39） | 식품의 유형 | 플란드 | 수입업소명 | 제조원 | 생산자 인증번호 | 포장재질 | 유기농 | 인중품의 | 유통기한 | 표시사항 | 告21：87-6-151堂 | 반품 및 교환처 | 판매원 또는 | 구입처 | 판매원 | 본계은우밀어우지고기고기 | 제품안의 실리카걸(방습제)은 인체에 무해하지만 절대 섭취하지 마십시오 | 2021.10.20까지19K13
001659,2022,10,05,2022-10-05,s1,"제품명 | 라우엘(베이)리브즈 | 내용량45 g | 원료명및함량 | 100% | 유통기한 | 별도표시일까지 | 포장재질(내면) 용기-폴리에틸렌테레 | 프탈레이트,뚜껑-폴리프로필렌, | 리드지-폴리에틸렌 | 원산지터키산 | 수출회사KUTAS | 수입업소(주)티알아이/충청북도음성 | 67935 | TEL:043-882-3752 | 소분업소베이시스푸드(주)/충북 진 | 170 | TEL:043-536-2546 | ※이 제품은 우유,메밀 땅콩,대두밀 | 쇠고기,홍합,새우를 사용한 제품과 | 같은 제조시설에서 제조하고있습니다. | ·보관방법:직사광선을피하고서늘 | 한곳에밀봉하여 보관하십시오. | ·본 제품은 공정거래위원회 고시 소 | 비자분쟁해결기준에의거교환,보상 | 또는 환불 받을수있습니다 | ·반품 및교환장소제조원및각구입처 | 11399 | 유통기한 | 2022.10.05 | 8809219694329"
001660,2022,10,05,2022-10-05,s1,"제품명 라우엘(베이)리브즈 | LH8459 | 100% | 유통기한 | 포장재질(내면) 용기-몰리에널렌테레 | 프탈레이트,누껑-플리프로필렌 | 리드지-플리에털렌 | 터키산 | 수출회사 KUTAS | 숙입업소속티일아이정복도음성 | Bayle수 | 可号2星679-35 | 소분업소 베이시스푸드(위/중복 진 | 170 | ※이제품은우유,메일,땅공,대두일 | 쇠고기합,새우를 사용한제품과 | 같은 제조시실에서 제조하고 있습니다 | 보관방법:직사광선을 피하고 서를 | ·본제움은공정거래위원획고신소 | 비자분정해결기준에의거교한,보상 | 또는 황을 받을수 있습니다 | 반품및교환장소제조원및각구입처 | 早1399 | 2022.10.05"
001661,2022,04,26,2022-04-26,s1,"벤도네시아,발대 학시아하 | 게 하단표시일까지 | 19934500 |  주시회사오무기 | 경기도안양시 동인 흥안대로 45 | 유주식시 | 1506-2 | 2- | 제요금부법사 | 2022.04.26B"
001662,2022,04,26,2022-04-26,s1,모시일 | 1330445006 | 사 오후기 | 오유주식 | 2022.04.26B
001663,2020,08,29,2020-08-29,s1,"온 가족이 즐기는 몸에 흡수를 줄인설탕 | 자일로스 설탕 | 스위트리 | 이제 제대로 알고 드세요 | 백설 스위트리 자일로스 설탕은? | [자일로스의설탕출수 억제 원리] | 가고와 요리에더울 사용하기 편리합니다. | 와용 스이어 요리사용에리하고 | 에 잘녹아 행이 잘 우러나도 도와습니다. | 는자작나무,메이플 등 자연에서 유래한 | 트리 자일로스실랑에는 자작나무 메이플등 | 일반설탕 | 서 유래한 자일로스 성분이 함유되어 있습니다. | 포도당,과당으로 분해되어 | 자일로스 | 이럴때 쓰면더 좋아요 | 장에서 흡수 | 설팅은 장에서설팅분해소수크라아제에 의해 포도당과 | 과당으로 분해되어몸에 수됩니다. | 각종요리담금/절임커피/음료 제과/제빵 | 자일로스는설분해소의활성을억제하여 설탕이몸에 | 출수되는 것을 줄여주는데 도움을 줍니다. | 스위트리 브랜드를 소개합니다. | 영양정보 | 건강을 담은 라이프 스위트너 백설 스위트리 | 나트름 Omg | 0% | 지방0g | 백설 스위트리(SWEETREE)는 | 500g | 0% | 含数量100g | 100g8 | 31% | 트렌스지방0g | C100 | 400 kcal | 당류 88g | 발한 HealthyLife-Sweetener 브랜드입니다. | 88% | 방 0g | 클레스터를 O mg | 0% | 단백질 0 g | 2수 | 3%D-T人9.5% | 20.2% | 080-850-1200166-5471（号cj.co.k | 제씨제이제일제당(주)인천광역시중구 아암대로 20 | 문육보호 | 19730190015-54 | 및 대리점 | 잘수의므로습하거나화장품,,석유등이있는소에보관하지마십시오. | OTHER | 81801007184777 | 은꼭지로일봉하여보관하십시오. | 第1399 | 유통기한: | 부주의로아상이생긴제품은각관점및대리점에서교관해드립니다. | 2020.08.29 A | 는반드시 지정된 장소에 버려 주십시오. | 까지"
001664,2020,08,29,2020-08-29,s1,8가족이는에수를줄인설량 | 자일로스설탕 | 이제 제대로 일고드세요 | o자A A S 이 이 이 | 영양정보 | 건강을 담은 라이프 스위트너백설 스위트리 | #100g | 0 | 100 | w한 Heaithy Lile-Sweetener 브드g니다. | 名、D-对空入9.5%，上全路管至礼0.2% | 4이제(주부구2 | 19730198015-54 | 유통기한: | 2020.08.29 A | 까지
001665,2021,01,28,2021-01-28,s1,삼 | dnwps | samlip | 2021.01.28까지최종헌 | SWEET | HONEY | CASTELLA | 촉촉한 꿀 카스테라
001666,2021,01,28,2021-01-28,s1,6 | duos | samlip | 2021.01.28까지최종현 | SWEET | HONEY | CASTELLA | 촉촉한 꿀 카스테라
001667,2021,09,14,2021-09-14,s1,"다(안데스소금(아르헨티나산 | 베포테이토맛씨즈! | 안데스소금(아르헨티나산)13 | 유청,아스파탐(감미료,페닐 | 우유,대두 | 유통기한 | 후면 별도일 | 포장재질 | 폴리프로를 | (주)제이) | 총 내용량 80 g | 업소명및 | 영인면 | 영양정보 | 400kcal | 소재지 | “소비자 | 1일 영양성분 | 총 내용량당 | 기준치에대한 비율 | 号2010410 | 나트륨 | 665mg33% | *이 제품은 토마토 | 50 g | 15% | 탄수화물 | 고등어,게,복숭아, | 4% | 당류 | 4g | 홍합포함),잣,아 | 지방 | 19 g | 35 % | 에서제조하고있 | 트랜스지방 | 0g | *간혹 덜 튀겨진  | 포화지방 | 5g | 33 % | 므로치아손상에 | 콜레스테롤 | 0mg | 0% | *품질 보존을 위해 | 단백질 | 7g | 13 % | 흡습되기 싶우므로 | %2000ca | 과 습기찬 곳을 4 | 이므로 개인의 필요 열량에 따라 다를 수 있습니다. | '본 제품은 공정거 | 준에 의거 교 | 부 | 반품및소 | 2021.09.14 | 까지"
001668,2021,09,14,2021-09-14,s1,"Popcoun | 다(안데스소금(아르센터 | 안데스소금(아르헨티나 | 유청,아스파담(감미료 | 우유, | 유통기한 | 총 내용량 80g | 포장재질 | 영양정보 | 400kcal | 업소명 및 | (주) | 나트를 | ' | 탄수화물 | 풍보고번호20 | 50g | 15% | 49 | 4% | '이 제품은 토마토 | 199 | 35 % | 고등어,계복숭에 | 트랜스지방 | 포화지방 | 0.9 | 홍합포함)짓에 | 콜레스테롤 | 5.9 | 33 % | 0mg | 단백질 | 0% | '간혹덜 위겨진 | 79 | 13% | 으로 치야 | 보 | 과기E | ME | 2021.09.14 | 까지"
001669,2021,02,08,2021-02-08,s1,"가쓰 | 에그마요 | 스쿱 샐러드 | 피그더가트 스C는 신선한제를RK 의 | 마요소스로버무리간하에는센러드입니다. | 에발라 | 더 맛있게! | ※냉장 | 400g(1088kcal) | 깐계란70%, 난황분 | 0.4%28.56% | 2021.02.08까지 A | 송원기"
001670,2021,10,23,2021-10-23,s1,"식품유형 과자 | 측면 또는 밑면 표기일까지 | 초코집쿠키 | 폴리프로필렌 | 19870415003165 | 화제,언하이드로 | 부터 | 료 4종 밀, 달걀 | 유통 | 20.10.24(06:27) | 고기 함유 | 21.10.23(A) | 까지 | 기한 | 8801117109202"
001671,2021,10,23,2021-10-23,s1,"부터 | 까지 | 유동 | 20.10.24<06:27) | 하제,언하이드로 | 료 4종일.달걀. | 기한 | 21.10.23(A) | 고기 함유"
001672,2021,05,19,2021-05-19,s1,유통기한 | 2021.05.19까지 | 14：54 B11 | 88011551737278 | Dongwon
001673,NONE,05,19,NONE-05-19,s2,2021..05.19 | 粤在谷14：54B11 | 18 | 유통기한 | Dangwon
001674,2021,07,18,2021-07-18,s1,Maeil | 창하[지즈 | 2021.07.18까지 | D김창훈 | 13:55 | 부드럽고 고소한 | 체타 치즈 | Chedaar | Slice rneese | 체다 슬라있스 | 고소한숙성체다와 | 러운크림치즈의 조화 | /180g（600kcal）/ | 5%66%0%6% | 이미지사진
001675,2021,03,15,2021-03-15,s1,"(간장고추지 | 오이지무침 | 신과 | 비비고찬의신선한 약속 | 2021.03.15까지 15:26 A | 비비고 오징어채볶음은? | 비비고 한식발효장은? | 해찬을고추장과 백설올리고당으로 매름달큼맛을 냈습니다. | 발요에 발효를더하는 | 조리예 | 식품의 유형조림류(살균제품) | 20170370327-60 | 유통기한 | 후면표기일까지 | 포장재질(내면)폴리프로필렌 | 참고추장,정제수,오"
001676,2021,03,15,2021-03-15,s1,단간장고추지 | 오이지무침 | 2021.03.15MN 15:26 A | 식의유 조립류(실균제)
001677,2021,11,28,2021-11-28,s1,U | 2021.11.28E | 까지
001678,2021,11,28,2021-11-28,s1,2021.11.28E
001679,2021,03,16,2021-03-16,s1,야끼 | 2021.01.16제조 | 2021.03.16까지 | 일제당과 중소기업의 | MJ20102 | 을위한동반성장 브랜드입니다. | 칼칼국물과 풍성 버섯건더기로 완벽한 한그릇! | 김치 | 칼국수 | 버섯 | 텅당
001680,2021,03,16,2021-03-16,s1,2021.01.16제조 | 일제당과중소기업의 | 2021.03.16까지 | 위한 동반성장 브랜드입니다. | 김치 | 칼국수 | 버섯
001681,2022,10,22,2022-10-22,s1,전원식품 | 전원 | 뉴쥬가 | New Sugar | 음식에 단맛이 필요할 때 | 사용기준에 적합하게원하는 감도에 따라 사용하세요. | 2022.10.22 | 100g | 사카린나트륨제제
001682,2022,10,22,2022-10-22,s1,WON | 전원 | 뉴슈가 | New Sugar | 사용기준에적하게 원하는 도에 바 사용하세요 | 2022.10.22
001683,2021,11,14,2021-11-14,s1,"1Le | 14/11/2021 | 1-14 25:8 | ZUMO DE NARANJA. | ORANGE JUICE. | DON | SIMON | ORANGENSAFT. | SPANISCHEN ORANGEN, MIT | NATURLICHEM FRUCHTFEISCH | igrateuret consmmer dans les5"
001684,2021,11,14,2021-11-14,s1,14/11/2021 | 1Le | L-140 1205:13 | SIMON
001685,2021,11,29,2021-11-29,s1,2.2390 | 오리온 | 유통기한 | 부터 | 2020.1.30/026 | 2021.11.29 | 까지 | 식품안전관리인증 | HACCP | HACCP 마크란? | 8801117276201 | 식약처에서위생적이고안전하다고 | 인증한 식품에만표기하는 마크입니다 | http://www.orionworld.com
001686,2020,11,27,2020-11-27,s1,금 | Fine Salt | SALT | I특징 | 제조2020.11.27 | 끗하고고운소금입니다. | 하여 더욱깨끗하고 맛이 깔끔합니다. | 해하여 불순물을제거한후 가열해재결정시킨 소금입니다. | 연출이미지 | 시개등 여러 요리에 폭널게 사용하실 수 있습니다. | 식품의 유형 재제소금 | 유통기한 제조일로부터 5년까지 | 30 | 100%0%10%） | 장지가 날카로우니 개봉및 사용시 주의하십시오 | 고객행복센터 | 080-850-1200 | 8801007028705
001687,2020,11,27,2020-11-27,s1,제조2020.11.27 | 100%90%10%） | 가 널기우니 개본 일 사용시 주의하십시오
001688,NONE,NONE,NONE,NONE,fail,F1 | 2081 | 이a | UIR.I | [Unble]] | ..J..! | F1
001689,NONE,NONE,NONE,NONE,fail,B론RT | U론RT | 은 | 20그 | JL4
001690,2020,10,01,2020-10-01,rot270,"2,0 | SUoSUMSSSUSSYS IUS'IS, | B08 | 608 | 20201001 | 0 | BW 00e | 6008 | 699 | 26 | ceulsser | zeursser | Ueursser | ueulsser | %SVU!WP!n | %0 | 1nCe | CCPESPPIVPSVPE | PEPTRIICSVE | TOT E | SBT1V | unipos | wos'ds | sS | Au"
001691,2020,08,16,2020-08-16,up2x,"A | 0% | 공품 | vitamin | 3% | 0% | Iron | Calcium | *Percent Daily Values are based on a 2.ooo | calorie diet.Your daily values may be highsr | or lower depending on your calorie needs: | 2,500 | 2,000 | Calories | 80g | 함유 | 65g | Less than | Total Fat | 259 | 20 | Less than | Sat Fat | 300mg | 300mg | Less than | Cholesterol | 2400m | 2.400 mg | Less than | Sodium | 3759 | 300g | Total Carbohydrate | 259 | 30 g | Dietary Fiber | INGREDIENTS: | COCONUT,SUGAR,SODIUM METABISULFITE | (AS PRESERVATIVE) | 20200816RE | BEST BEFORE: | 5111229 | Corp. | cl | any | City6014 | nes | rp.corn"
001692,2021,07,03,2021-07-03,s1,자반 | 설탕 무첨가 | 2021.07.03 | 돌김자반을 맛있게 즐기는 방법 | 볶음밥과고소하게 | 떡국을더 맛있게
001693,2021,07,03,2021-07-03,up2x,자반 | 설탕 무첨가 | 2021.07.03 | 돌김자반을 맛있게 즐기는 방법 | 볶음밥과 고소하게 | 떡국을 더 맛있게
001694,2022,07,01,2022-07-01,s1,(주)당약 | REALCACAO100% | 카카오파우더 | NETWT.500g | www.kapdang.com리배 | 유통기한: | 2022.07.01까지 | 含：500g
001695,2022,07,01,2022-07-01,s1,REALCACAO100% | 카카오파우더 | 2022.07.01까지
001696,2022,06,23,2022-06-23,s1,"몬스틱 이렇게 활용하세요! | 로사용 | 커피우유등각종차에스문대신시니몬스틱을넣이 | 벌레퇴치스프레이/방향제 | 사용한시은깨끗이 씻어물에 널고 끝여 천면 모기서 | 뱅쇼(프림 | 따듯한와인) | 냄비에 레드와 | 넣고 약한 불 | 0분 정도 끝여주면 따듯한 뱅쇼를 즐같수 있습니다 | 시나몬캔 | 시나온스틱으들을만들면 열이가해져은하게시나온 행을 | 느까실 수있며,또한벌레모기등을 쫓아내는 역도니다 | ·유통기한 | 2022.06.23"
001697,2022,06,23,2022-06-23,s1,2022.06.23
001698,2021,12,22,2021-12-22,s1,"조리예 | 시설에서 제조하고 있습니다.·손비자 분장해결 | 기준에 의거,교환 또는 보상 가능·취급시 | 용기가 유리 재질이므로 파손되어 다칠 위험이 | 있으니 주의하여 주십시오.·개봉 시 빵소리를 | 확인하세요 | ·쉽고 맛있는스파게티 레시피(1인분기준) | 180 | 1~2분간 북아주세요 | 3.베이,버섯파프리카등의 재료를함께넣어드면 있 | 22%함유 | SH2 | 2021.12.2218:24"
001699,2021,12,22,2021-12-22,s1,기준에의거 | 있으니 주의하여 주십시오·개봉 지 방소 | 1.AEP BOOB 상A | 0g(인원) | 3.베이등의넣어 드 | a22%함유 | 2021.12.2218:24
001700,2021,10,27,2021-10-27,s1,IYIOYIO | 공 | 21-10.27 A2 | 눔 | %868含1%658传 | %LOL69L品悟五 | (COEE)HDO | %1%WO | ( ) | 60YY% | %
001701,2021,10,27,2021-10-27,s1,"o | PYIO | RO | 공리 | 21.10.27 | A2 | o | 8801062880201 | 2OL69／楼五 | hhe | k  | 에 집열, 유통중변질품은 본사 및 구입상점에서항상 교환 | 터오일 유청단택분말 코코아분말시 합성향료 (바닐라향 | 中080-024-6060 | 2%厨时量35911%8号28:28%"
001702,2021,05,17,2021-05-17,s1,Maeil | 유기능 | 상하치즈 | 저나트륨 | 유기농 | 2021.05.17 까지 | 함유 | 아기치츠 | D이현경 | 13:12 | 영양균형 | 13개월 | ~24개월 | 유기농 자연치즈 81%
001703,2021,07,16,2021-07-16,s1,않도로가좋아하는 | Cheese | 칼슘왕시즈 | Ca | 2021.07.16 | 12:07 B | 까지 | 우유칼슘2.3% | *보존료무첨가 | 180g（600kcal1
001704,2021,07,16,2021-07-16,s1,"가 좋아하는 | Cheese | 칼슘왕시즈 | Ca | 2021.07.16 | 까지 | 12:07B | 우유 칼슘 2.3% | ""보존료무참가"
001705,2021,06,04,2021-06-04,s1,"서울우유 | Cheese | 최상의 치즈블렌딩 | 마스터 | 치즈 | 고다,체다,국산버터의 완벽한 밸런스 | GOUDA | CHEDDAR | 2021.06.04 | (이미지사 | 유통기한 | butter | 15:58B"
001706,2021,06,04,2021-06-04,s1,"Cheese | 최상의 치즈블렌딩 | 치즈 | 마스터 | 고다,체다,국산버터의 완벽한밸련스 | GOUDA | CHEDDAR | 유통기한 | 2021.06.04 | 15:58B | butter"
001707,2021,05,02,2021-05-02,s1,Homeplus | 2021.05.02 | 정성가득 | BTHE | 치 | 음 | 아모도42%우리밀원간장
001708,2021,05,02,2021-05-02,s1,2021.05.02 | 정성가록 | 열칭 | 음
001709,2021,04,12,2021-04-12,s1,©LOTTE | 제크 | 찌치즈침 | OHEESE OFIP | 까지 | 21.04.12 A
001710,2021,01,16,2021-01-16,s1,O LOTTE | 마가렛트 | 오리지널 | 21.01.16 07:34 | 고객지원센터 | 부터 | 21-10.15 | BF4 | 080-024-6060 | 까지 | 롯데제과 | ©무릎이 입선경
001711,2021,10,15,2021-10-15,s1,"마가렛트 | 21:01-16 | 21, 10.15 | 07:34 | B F4 | 부터 | 까지 | 080-024-6060"
001712,2021,07,18,2021-07-18,s1,"·이제일 | 고기술아효투달고시 | 유(출, 전목홍합 포학) 사 | 못시설에서 제조하고 있습! | 광선및 기를 피해 진 | 구입상점 및 본사에서 상 | 하였습니다. | 영양정보 | 30g145 | 1일양성봉 | 기준치에4한비를 | 나트륨 | 180mg9% | 510mg | 탄수화물 | 16g5% | 46g | 당류 | 1.4g1% | 48 | 지방 | 7.4g14% | 218 | 트랜스지방 0.5g미만 | 0.5g미 | 포화지방 | 2.3g15% | 6.4 | 43% | 콜레스테롤 | Omg | 0% | Smg미문 | 0.3% | 단백질 | 2.2g | 4% | 68 | 11% | 표면에 있는검은반점은오분에 구운 | 흔적과 | 네과 | 통옥수수의씨눈이므로 안심하고드셔도 | 됩니다. | 21.01.1918:16 | 21.07.18#3"
001713,NONE,NONE,NONE,NONE,fail,"080921 | chrañte pred teplem. | Mindestens haltbar bis/Ten minste houdbaar tot/ | oonsemmer de préférence avant le/Best Before:/ | Avaxwon kat npotiunon npiv ano/Minimlni trvanlivost do: | Kühl und trocken lagern./Koel en droog | bewaren./A conserver dans un endroit sec et | frais./Store in a cool dry place./Dunaooetat oe | Opooepó kat Enpó μépos./ Skladujte v suchu a | Avaxwon kata nporiumon npiv ano/Minimalnitrvanlivost do: | oansommer de préférence avant le/Best Before:/ | Mindestens haltbar bis/Ten minste houdbaar tot/ | chrañte pred teplem. | pooepo Kal Enpo uepos./ Skladujte v suchu a | frais./Store in a cool dry place./DuldooeTat oe | bewaren./A conserver dans un endroit sec et | Kühl und trocken lagern./Koel en droog | 080921 | LSO8O | ↓ZSO8O | Mindestens haltbar bis/Ten minste houdbaar tot/ | Soansemmer de préférence avant le/Best Before:/ | ""AvaXwon katá npotiunon piv. an/Minimlni trvanlivost do: | 080921 | Kühl und trocken lagern./Koel en droog | bewaren./A conserver dans un endroit sec et | frais./Store in a cool dry place./buλdooetat oe | opooepó kal Enpó μépos./Skladujte v suchu a | chrañte pred teplem. | Mindestens haltbar bis/Ten minste houdbaar tot/ | corsommer de préférence avant le/Best Before:/ | AvaXwon katá npotiunon rpv ano/Minimlni trvanlivost do: | 080921 | Kühl und trocken lagern./Koel en droog | bewaren./A conserver dans un endroit sec et | frais./Store in a cool dry place./uxáooεtat oε | Opooepó kal Enpó μépos./Skladujte v suchu a | chrañte pred teplem."
001714,NONE,NONE,NONE,NONE,fail,080921 | Mindestens haltbar bis/Ten minste houdbaar tot | seunspnimer de preference avantle/Bast Bofore/ | Avaxaon kara nporiunon npav and/Minimaini trvanlivost do: | Koht und trocken lagem/Koel en droog | bewaren./A conserver dars un endroit sec et | trais/Store in a cool dry pince./dulddderalde | bpooepo kal Enpo uepos/Skadujte v suohu a | chrante pfedtoplem. | 08 0921 | /Minimaini trvanlivost do: | LZ6O8O | 6ooip ue | enuons Aeinpeps/todamoduaimo odaoode | uoidospodeye | Booipuejeos/webelueyoonpunuos | LZSO8O | oleeapnouasuuolsiqieeysuasnpu | Mindestens haltbar bis/Ten minste houdbaar tot/ | ipnimerde preterence avantle/Best Befored | -Avaxson kard npotiunon mpv and/Min maini trvanlivost do: | .B.8 | 21 | Kohl und trocken lagem/Koel en droog | bewaren /A conserver dars un endroit sec et | trais/Store in a cool dry place /duldddetatos | Cpooepo kalEnpo uepoc/skadujte v suohua | chrante pfed toplem. | Mindestens haltbar bis/Ten minste houdbaar tot | insemmer de preforence avant le/Best Beforer | Avaxsonj kard rooriunom mpw and/Minimaini trvanlivost do: | 080921 | Kahl und trockenlagem/Koel en droog | bewaren./A conserver daris un endroit sec et | frais/Store in a cool dry plnce./ouAdaaetat ae | Opoocpo kat Enpo uepoe/Skiadujte v suohua | chrante pfed toplerm
001715,2021,02,07,2021-02-07,s1,[na | 유통기한 | 2021.02.07P1 | 노어목 | 민국 1등 브랜드* | 육 74%로 부드럽고 탱글한 | 살어묵 | 야채
001716,2021,02,07,2021-02-07,s1,유통기한 | 2021.02.07P1 | 어목 | 민국 등 브랜드 | 육74로부드럽고탱글한 | 살어묵 | 채
001717,2021,02,08,2021-02-08,s1,[Unlae] | G09 | 유통기한 | 21.02.08까지 | 소스에 버무려진 어묵과 떡의 만남! | 한오뎅 | 볶이
001718,2021,02,08,2021-02-08,s1,유통기한 | G09 | 21.02.08까지 | 버무려진 어묵과 떡의 만님! | 오딩 | 볶이3
001719,2021,03,11,2021-03-11,s1,가오 | 21.03.11까지B | 한식명가 | 100% | 새콤하게 만든 | 하선정 | 쌈구 | since1954 | 200g | （4客106g] | 새콤한 맛이 필요한 모든 요리에 딱! | 작은뺨 | （0-10）
001720,2021,03,11,2021-03-11,s1,그시 | 21.03.11까지B | 한식명가 | 100%让早星 | 새콩하게만든 | 하선정 | 쌈구 | 작은 쌈
001721,2021,07,06,2021-07-06,s1,"1（130g)） | 28유를다시두른 낙자를 | 3복은  C-M | 읽고 센 불에서 약간 볶아습니다 | 넘고 분 30간센 불에서 같이 아니다. | 실고지품 | 요리가 쉬워진다다담! 다양하게 즐기세요! | [차돌박이 주꾸미볶음] | 주꾸미와 차돌박이를 넣어 | 기고중국산) | 주꾸이 볶은에 활용해보세요 | 맛있게 매운 맛으로 입맛을 | 맥분말:미국산,호주산) | 살려줍니다 | 중국산),탈지대두분, 정제소금, | [오징어 두루치기] | 을마늘:중국산),설탕,혼합간장 | 소면을 비버 매콤한오징어 | 두루치기로 즐겨보세요 | 역양조간장원액정소금기과당),정제 | 근사한 술안주로즐기실 수 | 을 진생 해굴농축액 | 있습니다. |  밀개함유 | 00-850-1200166-5471 | 어게우기 | 기오어을 사용한 | 2021.01.07 | 서저조하고 있습니다소비자 | 과또는 보상가능·부정불량식품 | 2021.07.06 | 신는 이·이 제품은 질소충전하였습니다."
001722,2021,07,06,2021-07-06,s1,"일미국산호주산 | 대문정제소 | 기늘중국산)설당혼합간장 | 기제 | O8 |  4D-A | 2021, 01, 07 | 은 질소이 | 2021.07.06 | 부터 | 까지"
001723,2021,05,13,2021-05-13,s1,절취선 | 유통기한 | 까지 | 2021.05.13 F1A1 | 지겨 | 만든 | 여낸
001724,2021,05,13,2021-05-13,s1,유통기한 | 2021.05.13 F1A1 | 지
001725,2021,02,16,2021-02-16,s1,PIG IN THE GARDEN | SALAD for MEAL | 참치마요 | 스쿱 샐러드 | 빵에발가 | 더욱맛있게! | 400984ka | 기타수산물가공품 | 26%（716.%） | 区28.32% | 2021.02.16 까지 A | 송원기
001726,2021,02,16,2021-02-16,s1,참치마요 | 스클 샐러드 | 빵에발라 | 더욱 맛있게! | kcal) | 16%) | 区28.32% | 2021.02.16까지A | 종원기
001727,2021,02,08,2021-02-08,s1,스쿱샐러드 | 빵에발라 | 더욱맛있게! | 2021:02:08까자A | 송원기
001728,2021,02,08,2021-02-08,s1,감자만요 | 스룹 샐러드 | 방에발라 | 더욱맛있게! | 2021:02:08外A | 송원기
001729,2021,03,13,2021-03-13,s1,2021.03.13 | 절취선) | od | e plus | 가 풍부한 | 곰탕 | 국수 | 살이들어있는 | 당 면요리입니다. | 올어바웃푸드앱 | 맛있는 레시피를
001730,2028,10,01,2028-10-01,s1,와사비 | 2OE1 10.028
001731,2021,10,02,2021-10-02,s1,와사비 | 2021.10.028
001732,2022,11,18,2022-11-18,s1,"은순후추는 공게 길아 | 이그대로 살아 있어 | 이크 요리등에 | 좋습니다. | 천건향신료,건조제품 | 후추0외국산트남 | 인도네시아말레이시아등) | 하단표시일까지 | 19040076 | - | 2022.11.18B"
001733,2022,11,18,2022-11-18,s1,"전 행신료, 건조제품 | 후추0와국산에E닝 | 인도네시마 멀레이시아 등 | 단표시일지 | RS | - | 2022.11.18B"
001734,2022,01,20,2022-01-20,s1,"제조원주진성프염경기도화성시 감초록 7-5 문 | 원 및구입체 원지료명 및 험량 -기주진  | 2022.01,20(A)"
001735,2022,01,20,2022-01-20,s1,"5 | ·- | 2022,01,20(A)"
001736,2021,02,08,2021-02-08,s1,2021.02.08 | 14:16 | ㅇ
001737,2021,02,08,2021-02-08,s1,2021.02.08 | 14:16两内 | '하목장
001738,2022,01,05,2022-01-05,s1,16:58 581 | 20220105
001739,2022,01,05,2022-01-05,s1,16:58051 | 2022.01.05
001740,2022,11,01,2022-11-01,s1,"300 | 10） | HACCP | ·품질유지기한 | 2022,11.013"
001741,2022,11,01,2022-11-01,s1,[48 | (국산 | 2022.11.01
001742,2021,10,26,2021-10-26,s1,2021.10.26 | Homeplus | 고소하고 부드러운 | 콘스프볼 | Corn Soup | Ball | 식품유형 | 콘스프볼 | 70g（312kcal） | 풍목보고번호 | 과자류(유처리제품) | 포장재질폴리에틸렌 | 20170435485108 | 유통기한제품별도표기일까지 | 원재료명 | 및함량 | 대두 밀 함유 | 제조원 | 보관방법 | 그환장소구입처 및 판매원 | 가급적빨리 드십시오 | 043-8
001743,NONE,10,26,NONE-10-26,s1,2021 | 10.26 | Homeplus | 고소하고 부드러운 | 콘스프볼 | Corn Soup | Ball | L18870g(312kcal | 유기한기일까지
001744,2022,01,28,2022-01-28,s1,유통기한 | 오리온 | 2021.01.29.01:14 | 2022.01.28/2N
001745,2021,01,29,2021-01-29,s1,부터 | 까지 | 유통기한 | 2021.01.29.01:14 | 2022.01.28/2N
001746,2021,10,12,2021-10-12,s1,"넷분말(코코넷:필리핀산),기타설탕),복음 | 밀기울,산도조절제전분,가공연유기타 | 크림치즈 | 과당,정제소금,산도조절제I,발효가공버 | 리집 냉장고 속 | 터(가공버터(외국산:뉴질랜드,네덜란드, | 호주 등),팔스테아린유(말레이시아산)), | 요네즈에도 | 기타가공품I,합성향료(버터향,코코넷향), | 직어 먹어요! | 산화방지제,기타가공품!| | 밀,대두우유아황산류함유 | 85g | 내포장재질 | 폴리프로필렌 | 430kcal | 용기재질 | 폴리에틸렌테레프탈레이트 | 1일영양성분 | 19960375066308 | 밀,달갈,호두,땅콩,잣,쇠고기,닭고기, | 330mg | 17% | 돼지고기,조개류혼입 가능 | 물59 g | 18% | ·소비자기본법에 의한 피해보상 | 20 g | 20% | ·직사광선및습기를피해진열하시고 | 35 % | 유통 중 변질품은 구입상점 및 본사에서 | 스지방 0.5g미만 | 항상 교환·휴지 줍는 고운 마음 | 지방 11 g | 안버리는밝은마음 | 73% | 롤0mg | 0% | ·과자 표면에 보일 수 있는 짧은 | 5g | 9% | 실 모양은 코코넷분말 껍질 또는밀기울 | 이므로 안심하고 드셔도 됩니다. | 라다를 수 있습니다. | 고객지원센터 | 8801062881710 | D-024-6060 | 수신자요금부담 | www.lotteconf.c | 20.10.13 | 까지 | 21.10.12"
001747,2021,10,12,2021-10-12,s1,"넷분말(코코넷:필리편산),기타설탕),뷰음 | 일기울산도조절제전분,가공연유기타 | 과당,정세소금,산도조절제발가공버 | 요네즈에도 | 플리에릴벤테레프릴레이트 | 세일,달길,호두,땅공,잣,최고기,닭고기 | 돼지고기조개류입 가능 | 지방 0.5 g미만 | 유통종 변질품은 구입상점 및 분사에서 | 향상 교환·유지는고운마음 | 실 모양은 코코넷분말 컵질 또는 말기울 | 고객지원센터 | 20.10.13 | 21.10.12"
001748,NONE,NONE,NONE,NONE,fail,행복한 | 콩 | CHEILJEDANG | DELICIOUS | 손맛살린 | SOY FOOD | 고소한두부 | 1등급 | 국산콩 | :음두: | 제품명:행복한콩 손맛살린 고소한두부 | 380g(399kcal) | 99.01%（ | 단단하게 눌러 고소한 두부의 맛은 살리고 따뜻할때 | 진공포장하여 신선하고 폰득한 식감을 살렸습니다. | 고소한두부 | 손맛살린 | CHEILJEDANG | 380g(399kcal | 진공포장하여 신선하고 폰득한 식감을 살렸습니다 | 단단하게눌러고소한두부의맛은살리고따뜻할때 | 99.01%（ | 제품명:행복한콩 손맛살린 고소한두부 | 행복한 | 이] | SOYFOOD | 돌풀동모:금음:웅주님 | (규무기 .6.드 | DELICIOUS | ()%.으6입 | 윤는 | 깔면영능전영수위위 | 본을 | 은 | L0S | 00 | 5 | 3이라서 | 행복한 | . | 콩 | CHEILTEDANG | DELICIOUS | 손맛살린 | SOY F0D | 고소한두부 | 1등급 | 단단하게 늘러 고소한 두부의 맛은 살리고따뜻할때 | 국산콩 | 진공포장하여 신선하고 존득한 식감을 살렸습니다. | 제품명:행복한콩 손맛살린 고소한두부 | 380g(399kcal) | 99.01%（ | 좋다 | 콩이라서 | 행복한 | 이1 | 콩 | CHEILJEDANG | 손맛살린 | DELICIOUS | SOY F00D | 고소한두부 | 1등급 | 단단하게 눌러 고소한 두부의 맛은 살리고 따뜻할 때 | 국산콩 | 진공포장하여 신선하고 폰득한 식감을 살렸습니다. | 제품명:행복한콩 손맛살린 고소한두부 | 380g(399kcal) | F99.01%（）
001749,NONE,NONE,NONE,NONE,fail,행볼한 | 콩 | DELICIOUS | 손맛살린 | 고소한두부 | 1등급 | 국산콩 | 제품명:행복한콩 손맛살린 고소한두부 | 380g(399kcal) | 99.01%（） | CHEILJEDANG | 단단하게 눌러 고소한 두부의 맛은 살리고 따뜻할때 | 진공포장하여 신선하고 폰득한 식감을 살렸습니다. | 9 | 손맛살린 | 고소한두부 | 국산콩 | 그등급 | 389ka99% | 진공포장하여 신선하고 폰득한 식감을 살렸습니다. | 단단하게놓러고소한 두부의 맛은 살리고 따뜻할때 | 제품명:행복한콩 손맛살린 고소한두부 | 행복한 | SOY FOOD | 0 | 몸뿔동모:금음:송주림증 | (무논)%.이9요 | 럼터담구 | 본을 | T | (논)%.어6요 | 몸동모:음:웅주음 | 원공논 | 본을 | 루럼터딛구 | 은 | 3 | o | 라 | A | 좋다 | 행복한 | 콩 | DELICIOUS | F0O1 | CHEILJEDA | 손맛살린 | 고소한두부 | 1등급 | 단단하계 늘리 고소한 두부의 맛은 살리고따뜻할때 | 국산콩 | 진공포장하여 신선하고 손득한 식감을 살했습니다. | 1:: | 제품명 :행복한콩 손맛살린 고소한두부 | 380g(399kcal) | 99.01%（) | 좋다 | 콤이라서 | 행복한 | 콩 | DELICIOUS | CHEILJEDANG | SOY FOOD | 손맛살린 | 고소한두부 | 1등급 | 단단하게 눌러 고소한 두부의 맛은 살리고 따뜻할 때 | 국산콩 | 진공포장하여 신선하고 쏜득한 식감을 살렸습니다. | 제품명:행복한콩 손맛살린 고소한두부 | 380g(399kcal) | 99.01%（
001750,2021,06,28,2021-06-28,s1,1일영양성분 | 유통기한 | 2021.06.28 | 기준치에 대한 비율 | mg | 8%지방5g | 9% | D23:54 | 트렌스지방 0.5 q 미만 | 9 | 0% | 포화지방39 | 0% | 단질4g | 7% | 10mg | 暂合120mg | 17% | 8801150501117 | OTHER
001751,2021,06,28,2021-06-28,s1,人-100 | 0412 | 어갑니-본 제은 공정거레위회 고시 소비지분장 | 기준지에 대한 비를 | 영영성봉 | 지방59 | 유통기한 | 0% | 0500吃 | 2021.06.28 | 0% | 지방 | #49 | D023:54 | 3% | 酒合120mg
001752,2022,01,10,2022-01-10,s1,롯데제과 | 801062013418 | 고객지원센터 | 22.01.10 | htt://ww.lteconf.co.kr
001753,2022,01,10,2022-01-10,s1,롯데제과 | ※고객지원센터 | 22.01.10
001754,2021,12,05,2021-12-05,s1,RIM PASTA SAUCE | liart PREMIUM PASTA SAUCE | BEST HEFOFE20211205 | LOT 139499Z002E51251 | 식품위생법에의한 한글표시사항 | 유리 | 뚜껑:철 | 조리에입니다
001755,2021,12,05,2021-12-05,s1,liart PREMIUM PASTA SAUCE C | MW PRSTA SAUCE | BESTBEFORE20211205 | LOT139499Z002EST251 | 식위생법에의한 한글표시사항
001756,2021,12,20,2021-12-20,s1,"""오리온 | (주)오리온 | 다이제 | 씬 | 801117131210 | 유통 | 부터 | 2020.12.21/09:12 | 2021.12.20(3) | 기한 | 까지"
001757,2023,03,09,2023-03-09,s1,"BEST WHEN USED BY | 09MAR2023 | 0955 CP31 | Nutrition Facts | Serving Size 1 Tbsp (17g) | Servings about 17 | Amount Per Serving | Calories 15 | %Daily Value* | Total Fat Og | 0% | Sodium280mg | 12% | Total Carb 3g | 1% | Sugars 2g | Protein 0g | *Percent Daily Values are | based ona 2,000 caloriediet. | INGREDIENTS: TOMATO PUREE | (WATER, TOMATO PASTE), DISTILLED | VINEGAR, CORN SYRUP, SALT. | RAISIN PASTE, ORANGE PUREE, | SPICES AND HERBS, DRIED GARLIC | AND ONION, CARAMEL COLOR, | XANTHAN GUM, CELERY SEED. | KRAFT FOODS GROUP, INC. | NORTHEIELD.IL60093-2753USA"
001758,2023,03,09,2023-03-09,s1,BEST WHEN USED BY | 09MAR2023 | 0955CF31 | Nutrition Facts | Serving Size1Tbsp(17g) | 0% | Sodium280mg | 12% | Total Carb 3g | 1% | Sugars 2g | Protein Og
001759,2021,04,24,2021-04-24,s1,제품명 | 넷츠월드하루견과 | 내용량 | 25gx30（750g） | 식품의 유형 | 땅콩 또는 견과류가공품 | 유통기한 | 별도표기일까지 | 원재료명 및 함량 | 제조원 | 품목보고번호 | 포장재질 | 내면-종이 | 2021.04.24 | 까지
001760,2021,04,24,2021-04-24,s1,"whichiidetetost mixot Amond.Wainut.Cashewnut | Buebeny ond Crorbemy | 제품명 | 넷츠웨드 하루견과 | 4825gx309（050g) | 식품의 유형 | 탕콩또는 견과류가공품 | 유통기한 별도표기일까지 | 원로명및함량 | 0%0 | (외국산:미국,칠레,키르기스스탄등)15%,전불루레리블루리설당,구연산,천연항로 | (블루베리함),해바라기유,소르빈산칼률(보존로)/미국산 15% 토토왕읍 | 제조원 | 号生卫州2013044511682 | 모장재일 내면-총이 | 유통기한 2021.04.24 까지"
001761,2021,11,22,2021-11-22,s1,"150g(780kcal) | AVANILLA FLAVOUR FILLING (28%) | r,sugar, vegetable oils (palm, | 2021/11/22ES | ed cream 28%: sugar, vegetable | ral flavour (vanilla flavour) O.1% | Aay contain milk and eggs. | It maximum 23°C | Best before"
001762,2021,11,22,2021-11-22,s1,"150g (780kcal) | VANILLA FLAVOUR FLLING (28%) | sugar, vegetable oils (palm, | nt (sodium hydrogen carbonate), | 2021/11/22 E9 | d cream 28%: sugar, vegetable | Il flavour (vanill flavour) 0.1%. | oy contain milk and eggs. | maximum 23°C | Best before"
001763,2021,12,23,2021-12-23,s1,"No Brand | 브랜드가 아니다.소비자다 | 참깨스틱 | Sesame Sticks | #노브랜드#스마트컨슈머#고소한 | #간식#우유랑#참깨스틱 | 1.49%0.1% | 2021.12.23 | N182 | 220g (1,090Kcal) | 노브랜드의 이념과실천 | 이미지사진"
001764,2021,12,23,2021-12-23,s1,"No Brand | 브랜드가 아니다.소비자다 | 참깨스틱 | Sesame Sticks | #노브랜드 #스마트컨슈머 #고소한 | #간식#우유랑#참깨스틱 | N182 | 2021.12.23 | 1.49%，梦0.1% | 220g(1,090Kcal) | 노브렌드의 이념과실천"
001765,NONE,01,07,NONE-01-07,fail,"CHICAGO,IL60601 | RAFTHEINZ FODS COMPANY | AF CONTAIN: TREE NUTS. | conplhis: PEANUT. | 7-3268 | RE OR CALL | E CORN STARCH, XANTHAN GUM. | FOODS COMPANY | KraftHeinz | 10/SEP/21 I21:36 | JGREG | 리아 | 10/SEP/21 I 21:36 | 3 | h  | SR | 0920-6612-080 731 | 82 | 8661 | 88h | 1 | 10() | 또기 | (크래프트하인즈코리아 | 0국 | 수입 | 유동기한 | 199g | 488 | 원파료명 | 구입처있수입판대원 | TEL | 080-2193-0750 | N卫付0 1399 | 사용시과 | 제입니다 | 기간 보경시변침의 | 손상되없을 | 경우내이 | NGREE | E,CORN STARCH, XANTHAN GUM. | FRUCI | conpIhs: PEANUT. | MAF CONTAIN: TREE NUTS. | IBAT HEINZ FOODS COMPANY | KraftHeinz | CHICAGO,IL 60601 | ANT RE OR CALL | 1877-6 7-3268 | FOR MC VE | F0FOMATION. | - | 1oio | 268 | COMPANY | GAR | THAN GUM. | R, PEANUT OIL, HONEY, COR | KraftHeinz | 에따사을수요 | 90% | 10/SEP/21I21:36 | 1.7% | 뚜껑-물리프로 | FOR MC'E | CHICAGO,IL60601 | KRAFT HEINZ FOODS COMPANY | MAF CONTAIN: TREE NUTS. | CONTINS: PEANUT. | FRUCTO | NGREDL | 보관 | 내el | 유동기한 | 수입 관매원 | 원재료명 | TOSE, CORN STARCH, XANTHAN GUM. | 공장소 | S EN SUGARPEANUTOIHONEY CORS | 류들 | 거래 | UC | rir' | 고는 | fo | 0 | 권 | 직사광신 | 29 | 방꽁 | 땅꽁, | H! | 199g | 4일'까지 | 제품 | (주)크래프트하인즈코리아 | 미국 | RRAFT HEINZ FOODS COMPANY | 10 | 11 | 광공 또는 견과류가공품 | r표 | 0贩1399 | 입처 | ra | .리드- | 지과 락은 제존시설에서 제조하고 있니 | 080-2193 | 함유 | 성탕. | 뒷면하단 | 소승전한 | 고 | 우련가 | 시에 | -19에답렌테레프팔레이트(PE),푸껑-리프로링텐 | 망능기를,옥수시정제소,,우수 | 임. | 수입판이 | 기를피하고서늘한 곳에 보관하여 주십시오 | 있으니 | 제 | 풍입니다 | KraftHeinz | 르시  | 10/SEP/21121:36 | ASN"
001766,NONE,NONE,NONE,NONE,fail,"mgcoNTAIN: TREE NUTS. | KraftHeinz | 10/SEP/21121:36 | RAFT HEINZ FOODS COMPANY | hS: PEANUT. | COMPANY | 10/SEP/21121:36 | 3 | 109091031310 | E | CORN STARCH, XANTHAN GUM. | hs: PEANUT. | mgf coNTAIN: TREE NUTS. | KRAFT HEINZ FOODS COMPANY | KraftHeinz | DNCAGO,IL60601 | 8747-3268 | RE OR CALL | C E | 1000 | FORMATION. | 3NOH | 110 | 10/SEP/21121:36 | 12 | A | I0FORMATION | ORMCE | 1773268 | CNCAG0.IL60601 | RAFT HEINZ FOODS COMPANY | MA CONTAIN: TREE NUTS. | canhs: PEANUT | RCT | LCAEE | RE OR CALI | ECORN STARCH, XANTHAN GUM. | TS: PEANUTS SUGARPEANUT OIL, HONEY, COH SI | KraftHeinz | ( | COMPAE | 2 | 9 | 10/SEP/21121:36 | 미리"
001767,2020,12,30,2020-12-30,s1,가격은 그 | 25%더드 | 2020.12.30/08:19 | 부터 | 021.06.29/8 | 까지
001768,2021,06,24,2021-06-24,s1,가격은 그 | 2020.12.30/08:19 | 25 | 2021.6.24 | 더드 | %
001769,2021,12,22,2021-12-22,clahe,C LOTTE | 더욱 달콤하고 바삭해진 | 엄마손 | 파이 | 달콤한 선물이 가득! | 롯데제과 | 21.12.22T | facebook | 까지
001770,2019,10,18,2019-10-18,s1,19.04.19제조15:37 | 찬마루 | 19.10.18까지 | 된장 | 밀가루를 넣지 않아 | 깔끔하게 | 구수한맛! | 450g(607kcal)
001771,2019,10,18,2019-10-18,s1,19.04.19제조15:37 | 19.10.18까지 | 찬마루 | 된장 | 밀가루를 넣지 않아 | 깔끔하게 | 구수한맛! | 450g(607kcal)
001772,2020,08,07,2020-08-07,s1,"ㅋ탐 | 꼬리공탕 | 영선한 소모리를 록고아 집고 진한 국물 맛 |  3가지 | e | 외식 국물요리 | 1직접 가열시 | 4분 | 냄비에 내용물을 부은 후, | 센 불에 4분간 η여 드세요. | 2020.08.07까지 A | 2끝는 물 이용시 | 전자레인지 이용시 5분 | 끝는 물에 봉지를 그대로 | 용기에 내용물을 부은 후 전자레인지용 | 넣고 5분간 데운 후 드세요. | 가열된 제품은 뜨거우므로 화상에 | （1000W4） | 일하십시오."
001773,2020,08,07,2020-08-07,s1,맞았게 | 꼬리공탕 | 즐기는 | tp 3가지 | 1직접가열시 | 4분 | 냄비에 내용물을 부은후 | 센불에 4분간 끝여 드세요 | 2020.08.07까지 A | 2끝는 물이용시 | 3 전자레인지 이용시5분 | 읽는 물에 봉지를 그대로 | 용기에 내용물을 부은 후 전자레인지용 | 고 5분간 데운 후 드세요. | 700 | E 제품은 뜨기우으로 화상에 | 章二豆（1000WA客人4#）
001774,2021,04,02,2021-04-02,s1,공병이숙 | 2021.04.02 | 16:52号
001775,2021,04,02,2021-04-02,s1,공병이중 | 2021.04.02 | 16:52号
001776,2021,04,05,2021-04-05,clahe,"R | Seasoning Powder, | Sauce,Chili Powder | 05 04 2021 | CKR A2 32 05 | It Noodles | J | Noodles | NOUILLES SAUTE | DRY NOODLES | YenNoedels | autées"
001777,2021,04,05,2021-04-05,s1,"emie | Sauce, Chll Powder | 05 04 2021 | CKRR23205 | It Noodles | SUGGESTONL | NDEPRESENTATION | eng | Noodles | autées | enNoedels"
001778,2021,04,09,2021-04-09,s1,고객지원센터 | 080-024-6060 | 롯데세과 | 21.04.09 19:02 | 까지
001779,2021,04,09,2021-04-09,s1, 고객지원센터 | 080-024-6060 | 롯데제과 | 수신URVS | http://www.lotteconl.co.kr | 21.04.09 19:02 | 까지
001780,2020,09,01,2020-09-01,s1,"포장재질 폴리프로필렌 | HACCP | HACCP지정제품 | 난산수소나트륨,산성피. | 나트륨,쌀가루,푸마르 | 5종 | 달걀,밀, 7 | 760487005194 | 8801117555115 | 유통 | 2020.03.02/12:48 | 부터 | 기한 | 2020.09.01/AF2 | 까지 | 구입한 곳"
001781,2020,09,01,2020-09-01,s1,"-HACCP지정제품 | .rdm | HACCP | 포장재질 폴리프로필렌 | HAG E  | 식물성유지 1(옥수수 외국산(러시아,형가리,세 | -소비톨액,물엇,초콜릿,식물성유지 3,혼합제제 | 글리세롤,소르비탄지방산에스테르),이소말토올리 | 유화제 5종,코코아분말.전지분유,식물성유지 5, | 트름,쌀가루,푸마르 | 산수소나트름,산성피 | 학유 | 달걀,일 | 8801117555115 | 5종 | 부터 | 760487005194 | 2020.03.02/12:48 | 2311 | 까지 | 2020.09.01/A F2 | (굴),토마토,땅콩 혼입 가능·제품의 신선도 보존 | 4한 피해보상·직사광선을 피해 온·습도가 낮은 곳 | 구입한곳"
001782,2022,10,01,2022-10-01,s1,HNUNONIT | OILNAH. | 정위 | Cusiue | 2022/10/01 | 99.60 | L40L | C1
001783,2021,06,13,2021-06-13,s1,o | 2021.06.13까지
001784,2021,06,13,2021-06-13,s1,2021.06.13까지
001785,2021,09,19,2021-09-19,s1,EXP:2021.09.19 DDF0 TC20
001786,2021,09,19,2021-09-19,s1,EXP:2021.09.19 D0F0 TC20
001787,NONE,NONE,NONE,NONE,fail,Hier öffnen | 12.20L3101 | VITALIS | Dr.Oetker | Knusper | musli | Honeys | Mindestens haltbar bis Ende: Monat/lahr | r.Oetker | VITALIS | Knusper | Honeys | Hier öffnen | K | 3 | Mindestens haltbar bis Ende: Monat/lan | 12.20 L3101 | ueireeuonepurseq eqaey sualsepulm | TIRIS | Jadsnuy | usnu | Jasnur | TIIS | Hier offnen | G | 12.20L3101 | VITAUIS | Dr.Oetker | Mindestens haltbar bis Ende: Monat/iahr | Knusper | müsli | Honeys | Hier öffnen | 12.20L3101 | VITALIS | Dr.0etker | Mindestens haltbar bis Ende: Monat lahs | Knusper | musli | Honeys
001788,NONE,NONE,NONE,NONE,fail,Hier offnen | 12.20L3101 | VTALIS | Mindesters tathar bs Ende Morat/ar | etiker | Knusper | musl | Honeys | etker | VITALIS | Hier offnen | Honeys | 3 | 12.20L3101 | ar bs Ende: Mo | SIMLN | snuy | SIVIS | 12.20L3101 | VITALIS | Mindestens tatar bs Ende Menat/ab | etker | Knusper | müsli | Hoheys | Her ffen | 12.20 L310 | VITALIS | Mindesters halther bs Ende: Monat/ar | etker | Knusper | mus | Honeys
001789,2021,01,16,2021-01-16,s1,유통기한: | 2021.01.16 15:02 GD1 | 까지
001790,2021,01,16,2021-01-16,s1,유통기한 | 2021.01.1615:02GD1 까지
001791,2020,08,13,2020-08-13,s1,"세계일류상품 |  반 때일용질곡법 | 2 | 주 | 00W | 영양정보 | 조리방법 | 수 | Um1 | 080-850-1200 | 주의사 2 성을 일으전 우하 | 166-5471号748 | 1후 | 1전한Ed민드 | 유통기한: | 20.08,13 F 1 | 까지 | 8801007811192"
001792,2020,08,13,2020-08-13,s1,"세계일류상품 | 영양정보 | 080-850-1200 | 国1665471 | 일 | 유통기한 | 20.08, 13 F1 | 까지 | ：801007811192"
001793,2021,11,07,2021-11-07,s1,20211107 | 07-24F1 | 현미녹차 | 동서 | 음용법 | 수회 흔들어 낸 후 음용 하십시오 | 냉수 음용법 | 1120 | 관기녹차를 시원하게 즐기실 수 있습니다. | 동서식품 | www.dongsuh.co.kr
001794,2021,11,07,2021-11-07,s1,07-24F1 | 202111.07 | 현미녹차 | 동서 | 1001~2 | 수회흔들어 낸 후 음용하십시오 | 평수 음용법 | 17量个120ml量 | 사3~4분 경과 후 티벽을 수회 흔들어 주시면 맛있는 | 동서식품 | 등느치를 시원하게 즐기실 수 있습니다. | www.dongsuh.co.kr | 경치로 한번 더 포장하여 맛과 향이 잘 보존됩니다
001795,2021,01,27,2021-01-27,s1,[연출된 예] | 2021.01.27 | 공동연구 | 장건강도 떠불 | 맛도 떠불! | 건 | 마이크로바이음 | 장 속 유산균까지 생각한 마이크로바이음으로 | 특허받은 STT*공법으로 부드러워 맛있게! | 색소를 넣지 | 프로젝트 | 장을 떠불로 튼튼하게! | 마이크로바이 | 장을떠불로
001796,2021,01,27,2021-01-27,s1,"연출은이 | 2021.01.27 | 장건강도 떠불! | 맛도 떠불 | 마이크로바이움 | 장속 유산균까지 생각한 마이크로바이올으로 | 특허받은 ST""공법으로 부드러워 맛있게 | 색소를 넣지 | 프로크트 | 장을 떠불로 톤론하게 | 마이크로바이 | 장을 때불로"
001797,NONE,NONE,NONE,NONE,fail,HERSHEY | 28：28 | 부터 | 까지 | RICH CHOCOLATE CAKE | INCE1894 | RICH CHOCOLATE CAKE | 28：号：28 | D | H | 운드:들문:무론 | BPP CC PVTCHCHCUE | - | PAP CCLPVTCHCH UR | NCE1894 | HERSHEY | RICH CHOCOLATE CAKE | 부터 | 까지 | HERSHEY | RICH CHOCOLATE CAKE | 28.28 | 부터 | 까지
001798,2021,10,14,2021-10-14,s1,WAFERROLL | 인도네시아산(O | 치즈 웨이퍼롤 | N875 | #바삭#처즈#스틱#웨이퍼롤 | E8P:2021/10/14 | NoBrand | 14.109
001799,2021,10,14,2021-10-14,s1,WAFERROLL | 인도네시아산이 | 치즈 웨이퍼롤 | N875 | 115g（560kcal)0.54% | XP: 2021/10/14 NoBrand | 14.J109
001800,2021,01,14,2021-01-14,s1,"크랜베리바나나 | 영양정보 | 350g | 내용량 | 350g | 100g435kcal | 1일 영양성분 기준치에 대한 비을 | 내포장재질 | 틸레 | mg | 3% | 년월일) | 탄수학물 60 | 20% | 258 | 25% | 드영농조합법인 전라남도 | 유43g | 17% | 8801062894864 | 400 | 지방 15g | 28% | ※F-리미국산),설탕,식물성유지(말레 | 트랜스지방0g | 일과일믹스글리세린(태국산:설탕 | 포화지방6g | 080-024-6 | 수신자요금부 | 로린 무수아황산호 방지제),바나 | 콜레스테롤 1.9mg | 1 | UTR | 연향료(바나 | 단백질8g | 15% | 티이국산 | 가 산류 함유 | 1일 영양성분 기준치에 대한 비율(%)은 | Okcal 기준 | 이므로 개인의 필요 열량에 따라 다를 | 있습니다 | 2021/01.14 | 문합에 의한 1B보상·부정,불량식품 신고는 국번없이 | 은아을·들은 대두.일,호루,땅콩,달길 토마토,닭고 | 00:42 | 같은 제조시설 서 제조하고 있습니다.-제품 보관시 밀 | 경내 별레 유인 능성이 있으니 밀봉하여 보관해주세요."
001801,2021,03,05,2021-03-05,clahe,"Milk solids: 14% minimum in chocolate | Cocoa solids: 33 % minimum in chocol | May contain tree nuts and gluten. | .8. | rice crispies and berres | EN1 | Milk chocolate with | 621519/090419 | 05.03.2021 | KE59 | comflakes, | e/Consumir | de | preferéncia antes de/Bast fore: | Bestbefore, | SCG SWIS COe God | Manufacturer/Fabricante/Tiverkare | Tillverkad i Schweiz | Made in Switzerland/Fabricado na Suia | Carbohydrates/hidratos decarbon/olydat | fat /lipidos/fett | energy/energia/energi | utitinle/lorenegetic/ning |   |    | D-64602 Bensheim | salt/sal/salt | protein/proteinas/protein | fhic sugars/s uais ia/ | 반품처구입처 | Ulbl | 시설에서 제조하고 있습니다. | 또는 보상 | 소비자 | 지 | 신기 | 제품은 | a0 | 20 | 버E20 | 크레치 | CRUNCHY | [U. | 스의 | 소비자 | 호루 | 받으실 | I·모장 | .83 | y | 수 | 제조 | (양정"
001802,2021,03,05,2021-03-05,s1,"621519/090419 | 0.8%blueberies0.8 | table salt), raspberries | 05.03.2021 | Best betore/ |  peleraante e/Bast fre | D-64602Bensheim | ChocolatFreyAG,CH-5033Buchs | Manufacturer/Fabricante/Tiverkare: | Tillverkad i Schweiz | Made in Switzerland/Fabricado na Suiga/ | salt/sal/salt | protein /proteinas /protein | of which sugars/dos quais aqicaresvrsetr | Carbohydrates/hidratos de carbono/olhy | fwhichtessd | fat /lipidos / fett | energy/energia/enetgi | utitiall/ d | 이설에 | 크런치 | CRUNCHY | 하고 | 83x"
001803,2021,01,15,2021-01-15,s1,해플 | 쿠키 | 2021.01.15.B | 까지
001804,2021,01,15,2021-01-15,s1,애플 | 쿠키 | 2021.01.15.B | 까지
001805,2020,11,09,2020-11-09,clahe,"롯데제과 | 8""801062""014675 | 고객지원센터 | 20.02.10 | 부터 | 080-024-6060 | 20.11.09 | DA | 수신자요금부담 | 까지 | aiip.//www.lottee"
001806,2029,02,19,2029-02-19,s1,8801062014675 | 롯데체과 | 29·02:19 | 20.11.09 DA | 고객지원센터 | 부터 | 080-024-6060 | 까지 | 수신자요금부담
001807,2021,02,25,2021-02-25,s1,호 | 주의:번에 삼키지 않도록 주의하세요 | -0000 | 고객지원센터 | 투데시가 | 080-024-6060 | 158g | 수신자요금부담 | 75 kcal | http://www.lotteconf.co.kr | 에대한 비율 | 29 % | '비닐류 | 35 % | 8801062334247 | OTHER | 89 | 39 | 21.02.25 B1 | 까지 | 127% | 8% | 13% | 2.000kcal716 | e니다.
001808,2020,08,13,2020-08-13,s1,"Doritss | 지방 25g | 포화지방88 | 콜레스테롤1.2mng | 단백질 5g | *표면에 있는 검은 반점은 오븐에 | 롯데제과 | 20.02.1411:49 | 20.08.13#3 | 비닐류 | 까지 | OTHER | ""세계 NO.1나츠"" | 위 문구는 도리토스 브랜드에N | 적용됩니다. | : Euromonitar inter | 20162E | 공시자료."
001809,2020,08,13,2020-08-13,s1,"25g | 포화지방 88 | 콜레스테롤 1.2m. | 단백질5g | 1일 영양성분 기준치에 대참 비 | 개인의 필요 열량에 따라 나을 | *표면에 있는 검은 반점은 오분에 | 통옥수수의 씨눈이므로 안심하고드 | 데제과 | 20.02.1411:49 | 20.08.13#3 | ""세계 No.1나 | OTHER | 2017风H | 위문구는 도리토스범 | : Euromonito"
001810,2022,10,23,2022-10-23,s1,BEST BY 23 10.22
001811,2023,10,22,2023-10-22,s1,BEST BY 23. 10.22
001812,2021,03,26,2021-03-26,s1,CROU'N | 제조일 | 2020.03.2783 | 유통기한 | 2021.03.26 까지 | 맛있는 약속 | SALTINE
001813,2021,03,26,2021-03-26,s1,CROW'N | 2020.0327 B3 | 제조일 | 유통기한 | 2021.03.26까지 | 맛있는약속 | SALTIN
001814,2022,06,07,2022-06-07,s1,"영양정보 | 1000g/100g215kcal | 제품명 정성깃든 고추장 식품유형 고추장 내용량 1kg | 提量2.970mg149%量45g14%异35g35% | 포장재질 용기,뚜껑,라벨-폴리프로필런/리드지(내면>-폴리에틸렌 | 4%트랜스지방-포화지방0g | 5mg1%5g9% | ）0.63% | 133%（ | 식품,종국 밀함유 | 号卫 19880449001-282 | 号（）号155） | 제조원 | 080900-3214 | （377（27） | （02）380-5678 | 반품 및 교환장소 제조원 및 구입처 | 01399 | 품질유지기한 | 2022.06.07 | 8801161501663 | 까지 | /SAOTHER"
001815,2022,06,07,2022-06-07,s1,"喜4号#1000g/00g8215kcal | 영양정보 | 比层量2970mg149%月全量量4514%异53% | 营95mP18R/529% | 원로램 물렷그주양(고충가루9.3%,경제소금,마늘,양파/중국신 | 全卫63 | 品133 | 号工地克198400- | 색품 종국 밀활유 | 2022.06.07 | TA"
001816,2021,01,15,2021-01-15,s1,"00%국산무로 | 한식명가 | 내콤하게 만든 | 하선정 | 쌈무 | since1954D | 21.01.15부EA | 2104.14 | 새콤한맛 | 350g | 삼겹살,훈제오리,무섬말이,냉면 등 | 조리예 | [4185.5g] | 새콤한 맛이 필요한 요리에 딱! | 무(국산)53% | 8801391102715 | 고객행복센터 | 아산류함보관방법:냉장보관(-10)유통기한전면표시일까지 | 080-850-1200 | 1666-5471（是） | 10 | 포장재질(내면):리드(P),용기(PP)반품 및 교환처:·전국판매점 | ·페닐알라닌 함유·무에있는검은심줄이나 반점은 이물이 아닙니다"
001817,2021,04,14,2021-04-14,s1,100%子让至 | 한식명가 | 콤하게 만든 | 하선정 | 쌈무 | 21.01-15부EA | 21.04.14까지 | 350g | 심검살 혼제오리 무범들이 냉인동 | 14号15 | 새름한 맛이 필요한 요리어딱! | 무국산)53% | 정생 2- | 통위국선정제 제소금국선신도조제 소부보로  | 보 생보  시 | 166-54712号 | 포장세질내란데드(PP용개PP)품및지국진대정
001818,2022,01,18,2022-01-18,s1,"708%2.2 | 정,메주된장에주정제소금/중국선정제수,최고기사태역기스(최고기주색)정제 | 3국신,청양고층기루 주정,대파농축액,마늘농축에 효모추출물, 정제소금.한우 | 박레이트 뚜껑-플리프로밀런·업소명및 소재지:대상(주)순창공장:전리북도 | O08 | 후냉장보관·반품 및 교환장·본사 및 구입처·본저품은소비자기본법에의거 | 교환 또는 보상·부정·불량식품 신고는 국번업이 | 대두일,쇠고기 함유 | 全语不恩，可快D22005 | ·제조일: | 2021.01.19 | ·유통기한: | 2022.01.18 | 지"
001819,2022,01,18,2022-01-18,s1,중국 기기 | 디두.일 쇠고기 함은 | 예조일 | 2021.01.19 | 유용간 | 2022.01.18
001820,2020,09,01,2020-09-01,s1,"HACCPO크? | 영양정보 | 등내R80 | 3009150kcal | 30 g당 | 1일영양성분 | 4유자(유처리세)유기면기지 | 기준치에 대한 바을 | 총 내용양당 | 난)정백당,미강유(태국산),, 소백문(밀 | yE鲁300mg | 15% | 800mg40% | .E(카라멜페이스트,합성향료(카라멜항),평유,버터. | 탄수화물 21g | 6% | 559 | 당류99 | 17% | 9% | 23g | ,카오소안니트소산조제1,비타민E산도 | 지방79 | 23% | 13% | 19g | (소금:호주산),후레비부스터분말, 합성향료(카라멜향) | 트랜스지방 0.5g미만 | 35% | 0.5 g미만 | 16% | 6g | 콜레스테볼1.8mg | 40% | 号室20010549541117（70） | 1% | 4.8 mg | 새우,대두,쇠고기,계란,땅콩,잣,닭고기,오징어 | 단백질 19 | 2% | 49 | 2% | 한 제품과 같은 제조 시설에서 제조하고 있습니다. | 17 | 환불해 드립니다. | 사즈의사항 | 곳에 보관하십시오.흡습되기가은 | 1399OTHER | 2020.09.01까지 | 112 | 2B021936 | hitp://www.nongshim.com | 080023518 | ,각 광장,각 영업지정 및 특약점"
001821,2020,09,01,2020-09-01,s1,"영양정보 | 30g59 150 kes | 30g8 | )8 대경유(국신) ( | 기지에 대한 바을 | 용 내용했공 | y#喜300mg | ( P() | 15% | 800mg401 | (신 | 당류99 | 6% | 559 | 지방79 | 9% | 23g | 소금·호주션주비부스터부을 합성로( | 13% | 19g | 트랜스지방 0.5g미만 | 0.5 go만 | 2.4g16% | 零号生地20010549541117（70） | 量1.8mg1% | 69 | 제유,대두,쇠고기,계란,땅공,잣,닭고기,오징어 | 4.8 mg | 단백질19 | 한 제품과 같은 제조 사설에서 제조하고 있습니다. | 2% | 49 | 환불해드립니다주의사항 | 2에 보관하십시오.흡습되기T은 | PO 1399OTHER | 112 | 2020.09.01까지 | hitp://www.nongshim.com | 2B021936 | 080-023-5181 | 간광,각영지정 및 특역점"
001822,2021,06,09,2021-06-09,s1,"제조번호: | 사용기한: | 2021.06.09 | 알레르기비염,결막염 두드위가 까 | 하루 한알 간편 복용 | I | 작은 알약 사이즈"
001823,2021,06,09,2021-06-09,s1,제조번호: | 사용기한: | 2021.06.09 | 작은일액시
001824,2021,09,07,2021-09-07,s1,아래 첫6슷자) | (DD/AM/YY) | 영양정보 | 07 09 21 | L三层4Cmig2%个量24g%日月 | 037A1 | 1474069 | 8g15% | 트랜스지방 09 되가 | 16:55 | 量10mg3% | 단백질 | 1일영양성분 기준치에 대한 비율/ | 1804973306204 | 이므로 개인의 필요 열량에 따리 | 몰티스 밀지요 12%함유 | 37g（180kcal）
001825,2021,09,07,2021-09-07,s1,관래 첫 6슷자) | Best Before | AOMM/YY! | 07 09 21 | 영양정보 | 037A1 | 1474069 | 16:55 | L三县Cg2%巴个封管24 | 大档8g15%单老人不0g | 804973306204 | 量人时10mg3% | Cispmteentresoveredwitsmthmilehoclte | 1일 영생론 기준치에 대한 비을 | De로 의 으 열림에  | 37g/fekcal | 地区（异）量制星401148 | ATE AUSTRALIA
001826,2021,09,19,2021-09-19,s1,for/Best for: | 19/09/2021 | PC32 04:57
001827,2021,11,28,2021-11-28,s1,TWININGS | Strawberry& Mango | No Best for: sWE Bast fore: | 28/11/2021 PL | 0000499930-333 02:24
001828,2021,11,28,2021-11-28,s1,NININGS | Best for:  Bast fore: | 28/11/2021 PL | 0000499930-333 0224
001829,2021,03,07,2021-03-07,s1,"samlip | No | 촉촉한1A등급 | 우유식빵 | MILK SLACED BREAD | 국내산 1등급 우유(세균수 기준 1A등급)가 함유되어 | 우유의 깊은 풍미를 느낄 수 있는 우유식빵 | 2021.03.073A | 양대수 | 24 | 540 g(1,318 kcal) | SLICE | 早异 2.49 %"
001830,2020,12,NONE,2020-12-NONE,s1,004CG4CB19BB12/2020
001831,2020,12,NONE,2020-12-NONE,s2,004CG4CB19BB_12/2020
001832,2022,09,02,2022-09-02,s1,마카다미아 | 230g | 2022.09.02 | 100% | BUK26
001833,NONE,NONE,NONE,NONE,fail,마카다 | 230g | BUK26 | 2822:83.82 | 100% | 100% | 마카다 | 282:8382BLK26 | 230g | 거거터 | %001 | %00이 | 거러터 | 마카다 | 230g | ##282288:82BLK26 | 100% | 마카다 | 230g | BUK26 | 3822:882 | 100%
001834,2022,07,12,2022-07-12,up2x,022.07.120 | 14
001835,2032,07,01,2032-07-01,s1,2032-07-1=마
001836,2021,10,02,2021-10-02,s1,HOMESTYLE | DRESSING | No | PALSAMIC | RESSING | FRES SALAD | 타일발믹드레싱 | N355 | 2021.10.02까지A | 25%/395g(6kal)
001837,2021,10,02,2021-10-02,s1,HOMESTYLE | DRESSING | SALSAMIC | RESSING | 분타일 발사믹 드레싱 | N355 | 2021.10.02까지A | 325% /395g(691kcal)
001838,2021,10,15,2021-10-15,s1,"제조원 | 유전문 | 02-380-5678 | 후면 하단 표시일까지 | 조제거자30%미국산초 | 8.4%미강정소마 | 난에계한 국산에 | (화방지제)설당정 | 화이트식초 항료로알나온 | 원재료명 | 멘토정유인도,학 | 조제품,주정,심항색소,파라옥사 | 대두계란,쇠고기함 | 20050415020260 | 조에조고있 | 의거교환및불받으실수있습니다. | ·반품및교환장구입처및제조원 | 보및급방법당선을하고실은에서보자하 | 도시기버랍니다 원료중겨자의특성상발은 에보리한 | 상이변하는경우가있으품질에이상이없으니시용진 | 들어사용하시기바랍니다기가변형평창 손상되었거니 | 3물이변되었을경우시지마시고 | 구처에서 교환하시기랍니다 | 39 | 뚜껑G:LDPE | 2021.10.15까지B"
001839,2021,10,15,2021-10-15,s1,대두기린 쇠고기 입유 | 12005041502026510 | 발으실수 있습니다. | 이는 경우가있다 | 어사용하P버니가 | 이경우지시고 | 서에서교한하시기니다 | 2021.10.15까지B
001840,2021,09,30,2021-09-30,s1,"후면하단표시일까지 | 유동기들 | 64% | 성전부리 | Brano | 0700%号：唱 | 공품A,과가공품B | 올레오레진시컴,파라옥시 | 200504150202606 | 이참산류 호두 닮고기 스고 | 일용한제품가 같은자 | 제품은 공정거래워원기시소비지분장 | 기준에의거교환및환불은수있습다 | 벤품 및 교환장소:구입처 및 원 | ·보관및취급방법:직사광선을 | 보관하시기 바라며개봉 후에는냉 | 기급적빠른시일내에드시기바람 | 변형,팽창,손상되었거나내용물이 | 경우드시지 마시고구입처에서 | 교환하시기바랍니다. | 2021.09.30까지A"
001841,2021,09,30,2021-09-30,s1,8은 공정거R | 의거교및원 | 방법 직사신 | 적시일에드기 | B | 2021.09.30까지A
001842,NONE,NONE,NONE,NONE,fail,05-2021B) | LE147 15:20 | No Brand | MADE FOR CONSUMER | 100%JUICE | WHITE GRAPE | ·JUICE. | NFC | 착줍 | 백포로 주스 | be | MADE FOR CONSUMER | No Brand | WHITE GRAPE | 백포로주스 | NFC | 100%JUICE | 착줍 | C | LE14715:20 | T | 05-2021(B） | PUEJd ON | MOCCV UNCMONCAC RN | ATPCIPHM | nr %00 | apinr | AY MCIPHM | pueld ON | 05-2021(B) | LE147 15:20 | No Brand | MADE FOR CONSUMER | 1O0% JUICE | WHITE GRAPE | ·JUICE. | NFC | 착줍 | 백포도주스 | 05-2021<B2 | LE147 15:20 | No Brand | MADE FOR CONSUMER | 100%JUICE | WHITE GRAPE | ·JUICE. | NFC | 착죠 | 백포도 주스
001843,NONE,NONE,NONE,NONE,fail,05-2021(B） | LE147 15:20 | No Brand | MADE FOR CONSUMER | WHITE GRAPE | JOICE- | NF | 착 | 백포도주 | - | MADE FOR CONSUMER | No Brand | NFC | OR | LE147 15:20 | 05-2021(B） | puEJBDN | PuEJaON | 05-2021(B) | LE147 15:20 | No Brand | MADE FOR CONSUMER | WHITE GRAPE | JUICE- | NFC | 백포로 | 05-2021(B2 | LE147 15:20 | No Brand | MADE FOR CONSUMER | WHTEGRAPE | JUICE | NF | 착출 | 백포로주스
001844,2021,11,23,2021-11-23,s1,"500g | 영양정보 | 100gg550kcal | 国090mg0%22% | 페트 | 2""000000597737 | 경:HDPE | PL020S | EXP:2021.11.23"
001845,2021,11,23,2021-11-23,s1,개인수입월및구입처 | 영양정보 | 9015%弄25925%34063 | 老期8装500g | 100g550kcal | 00g0%5912922% | 2000000597737 | 페트 | B:HDPE | EXP:2021.11.23 | PL020 S
001846,2021,09,23,2021-09-23,s1,녹차 크레페 | 含0.81315% | EXP:2021/09/23 | 231209
001847,2021,09,23,2021-09-23,clahe,독차크레파 | 4io kcaIl 인도네신아산 | 量20.81315 | EP-2021/09/23 | 231209 | 0 | 2
001848,NONE,NONE,NONE,NONE,fail,NoR | WAFERROLL | 인도넨시악산(요EM) | 바닐라향 웨이퍼롤 | N318 | E8F：2021811218 | No Brand | 18K107 | #스마트영어#이마트 | 115g(565kcal）/01% | 브랜드가아니다소비자다 | EP202111218 | 닐라향 웨이퍼를 | 18107 | 115g(565kcal）/01% | No Brand | N318 | SLEN | 물피아하의 | WEO | TEON | BLEN | 쿨피아하의리르 | TWONOYIHI | WAFERROLL | 인도네시아산요티M | 바닐라향웨이퍼를연3그 | 딸공 | 비작서바널 | 115g1565kcal/a | No Brand | 부랜드가아니다소비자다 | NOR | -VANIT | WAFERROLL | 인도네시아산(O티M) | 바닐라향 웨이퍼를 | N318 | 115g（565kca）/01% | 브랜드의 이명과 실천 | #달공 #바작 서바닐라항 #스틱 #웨이퍼를 | No Brand | 브랜드가 아니다. 소비자다 | 17
001849,2021,11,18,2021-11-18,s1,NO | 2WAFERROLL | 그3T | 바닐라향 웨이퍼를 | E8P:2021/11:18 | 10K107
001850,2021,12,16,2021-12-16,up2x,"CHOS | WAFERROLI | 인도네시아진 | 초코 웨이퍼를 | N819 | 노브랜드의 이념과 실천 | #노브렌드#스마트건슈어 #이마트을 | 115g（575kcal）20742% | #달콩 #바삭 #초코#스틱,#웨이퍼물 | E8P20211216 | NoBrand | 브랜드가 아니다.소비자다 | 16L110"
001851,NONE,NONE,NONE,NONE,fail,WAFERROLL | 인도네시이 | 초코 웨이퍼롤 | N319 | EXP20211306 | No Brand | 16L110 | EXP 2021L118 | 초코 웨이퍼롤 | O | No Brand | 2 | N319 | 6LEN물피이하 | UON | ON | 6LEN | 쿨피이하 프 | WAHERROUL | 인도네시이 | 초코 웨이퍼롤 스르1요 | 1 | opm1115g6575kcaoao/72 | EXP20211316 | WAFERROU | CRIC | - | 인모네시아 | 초코 웨이퍼롤 | N319 | [Une | 1115g（575koalaog | EXP2021012.06 | No Brand | 161110
001852,2022,08,18,2022-08-18,clahe,4714377150433 | ED4891 | EXP: | 20220818
001853,NONE,01,08,NONE-01-08,fail,4891 | 08 | 18 | EXP: | 02 | EXP: | 02 | 0 | 00 | N | LO | PPXc | 8 | 8 0 | GGOZ | dx3 | 14891 | 2020 | 08 | 1.8 | 1437715043 | LOT: | EXP: | 48 | 08 | 18
001854,2022,01,18,2022-01-18,s1,"식용유형향미유 | (주)엔아이에프 | 저조원 | 160 | 천하코퍼레이션서울록시 | 구정로70K워) | 리브유 98%(터키산) | 오일1%[올리브유 | 트러플 | 스페인산),건조 | 99% | 섯1%(이탈리아 | 송로비 | 산)], | 송로버섯향 | （1~35℃) | 사광선을 피해 건조하고 서늘한곳에보 | 포장재질 | 병(유리), 뚜껑(PE) | 20170275127-21 | 소비자상담실 | 02-3431-0100 | 빈풍및고환 | 판매원 및쿠입처 | 기한하단별도기일까지 | 취급시주의사항 | ※저온 보관시동결현상으로 | 뿌영게 보일수있으나품질에 | 문제가 없습니다 | ※가열시향이날이 | 므로요리의 | 마지막단계에 | 하세요 | 유통기한 | 2022.01.18"
001855,NONE,NONE,NONE,NONE,fail,SPRAY | G0TO | COMPAGNAUEN | TALANASA | ViaPomte  | 03030Broccsela | www.srakgkr | SACCA | CON | OL10 | Sevizo conm | Dcon | 280-12023 | L20302 N0781 | 등 | L20302 N0781 | 280-12023 | SENZA | Daconsme nd | SPRAY | 03030Brccose | 182ON20807 | 8077-087 | 증을 | 182ON Z0C0Z7 | 820773082 | SCR | SENZA | yd | SPRAY | G0K | COMPAGNAUE | TALANAS | 03030Brocoselar | www.sprapeg | PA | AGAS | SACCA | CON | MZO corSura | Daconsumrpen | 280-22023 | L20302N0781 | oapesse | SPRAY | GOCO | COMPAGNAAUER | TALANASAA | Vonte a | 03030Brocosela | wwwsprayegu | PR | DELLENTE | IRA | E di | 마 | SACCA | CON | Sevizio consuraui | Daconmn  | 280-12023 | L20302 N0781
001856,NONE,NONE,NONE,NONE,fail,COMPAGNAAUES | TAUANASA | VaPomte em | 03030 Broccstar | www.sprajlegl | GAS | LENTE | IRA | Edi | SACCA | Sevidocn | CON | Da consmreel | 28.0ct2023 | L20302 N0781 | SPRAY | PR | 응 | SENZA | GAS | L20302 N0781 | 28.0ct2023 | SPRAY | 03030Brocos | COMPAGNAAI | Da consi'm | www.spra | Va Pote  | D | taadsMMM | SRNL | 820772082 | 82077087 | VI | OTTO | plusiou | SENZA | 비d | sMm | BRO 0E0ED | SPRAY | COMPAGNAAUES | TAUANAS | VaPorte a | 03030Brcoscan | www.sprejlen | GAS | TRA | E di | SACCA | CON | Da con | ALTA | 280±2023 | L20302N0781 | SPRAY | COMPAGNAALE | TTALANASAA | Va PonteTam | 03030 Broccostan | www.sprajlege | PR | OELENTE | IRA | Edi | SACCA | Sevizocons | CON | Intosprape | OLIO | Da consimare preteribli | RLLA | 280c12023 | L20302N0781
001857,NONE,NONE,NONE,NONE,fail,"(MALAYSIA) SDN BHD | 원산지: 멀레이지아 | 정제소금, 사항수수식초 | 재:유리 | Per100g | 1112kJ/266kcal | Less Than 0.1g | 64.5g | 59.3g | 이는 제품의 문제가 아니다.잘흔들어드세요 | • SHAKE WELL BEFORE USE | NO REFRIGEP | ATION NECESSARY | SATCH NO | 170720 | EST BEFORE: | 17022022 | 18：358g | Energy | Protein | 2.1g | Fat-Total | Saturated | Less Than 0.1g | Carbohydrate | Sugar | Salt | 4.3g | 칠리와다른재료들의 | 분리가발생할수있으나 | ICUASA | mm.com | 1321-A | ATCH NO | NO REFRIGEP | · SHAKE WEL BEFORE USE | Salt | Sugar | Carbohydrate | Saturated | Fat-Total | Protein | Energy | 177072022 | ST BEFORE: | 170720 | 부정불량식풍 신고는 | 직사광선을 | 이지아 | 엑스트라핫 칠리소 | 312011399 | TION NECESSARY | Less Than 0.1g | Less Than 0.1g | 1112kJ/266kcal | 수입원 | 4.3g | 59.3g | 64.5g | 2.1g |   |  ueul ss | 6069 | Be't | 2202.2021 | peieunies | Jebns | 6069 | Jebns | peeinies | DSE: | toxlo | 식품원생법에 의할학표시사 | :LNGHAMS SONS | (MALAYSIA) SDN BHD | 2 | 원산지:멀레이지아 | 2312.201 | 원재료명 및항량:설태소레드처리34% | 정제소금, 사랑수수식 | 批8营：358g | 포장재질:유리 | Per100g | Energy | 1112kJ/266kcal | Protein | 2.1g | Fat-Total | Less Than 0.1g | Saturated | Less Than 0.1g | Carbohydrate | 64.5g | Sugar | 59.3g | Salt | 4.3g | 칠리와 다른 재료들의분리가발생할수있으나 | 이는 제품의 문제가아 니다.잘흔들어드세요 | ASIA | · SHAKE WELL BEFORE USE | 1321-A | ·NO REFRIGERTION NECESSARY | EATCH NO | D | tam,com | 170720 | EST BEFORE: | 17022022 | 식품위생법에 의할 학국표시사회 | 자:LINGHAM&SONS | 식품유형:소스 | (MALAYSIA) SDN BHD | -3 | 원산지:말레이지아 | 231220 | 원재료명 및 함량:성태소드처리34% | 정제소금,사탕수수식초 | 客e：358g |    | 포장재질:유리 | 반용및교확장원처및수입원 | 早11399 | Per100g | 1112kJ/266kcal | Energy | 2.1g | Protein | Less Than 0.1g | Fat-Total | Less Than 0.1g | Saturated | 64.5g | Carbohydrate | 59.3g | Sugar | 4.3g | Salt | 칠리와다른재료들의분리가발생할수있으나 | 11700 | 이는 제품의 문제가 아니다.잘흔들어드세요 | ACASIA | ·SHAKE WELL BEFORE USE | NO REFRIGEPTION NECESSARY | ATCH NO | mam.com | EST BEFORE: | 19"
001858,2024,07,17,2024-07-17,clahe,A | - | Enery | 112037266 828 | Per1000 | Aratein | Fat-Tots | Less Than O.tg | 219 | Saturated | Carbohydirate | Lons Thaan 0.1g | Eugar | 6489 | 5030 | 43g | SHAKE WELL | ·NOREFRIGEF | EFORE USE | TION NECESSARY | ATCH NO | 170720 | IST BEFORE. | 17-07-2024
001859,NONE,01,08,NONE-01-08,s1,"(기후,토양 등)을 뜻합니다. | 제품이 아닙니다.) | 신선함을 유지해줍니다 | 품유형 기타식물성 유지 | [유통기한 하단 표시일7 | 고객지원실(요금은 생표가 부담합니다) | Q080-996-7 | 영양정보 | 500mL(1g=1.08ml） | 100 g8900kcal | 星量0mg0%含量0g0%0g0% | 贴100185%三人 | 智0mg0%0g0% | 으 | www.fontanastyle.com | f N 폰다나 | PRW7 | :LDE | 외캡:일마능/:PP"
001860,NONE,NONE,NONE,NONE,fail,신선 유지해습 | 기의 하단되시일까 | 고자원실 오은 가 부 | 영양정보 | 100900kca | 반주을 | PRR00709 | 2122/07708 | 080-996-77 | 8500m1g=108m | lbl | EMA | 1 | 0% | www fontarastyle.com | 801005 | 964012 | 영양정보 | 2객자원실 오금은 병가 부담재 | 3 | 유지해줍니 | EH | 에 남아 더문 | 500 | 00 | t어 | 966-080限 | 12 | 11 | 0 | 4 | -966-0802 |   | ·유리이 상 하하어 | 신선는 유지습니 | -물성유지 | 7 | nbe | 1 | 卫080-996-7 | 영양정보 | #g500mg10） | 100g900kcal | ww fontsrastyle.com | PRR | 0070 | 2722/07708 | 801005964012 | 보도민트 범이의 바니다 | 9 | ·프람스지에 에 당아 | ·유리이 실움 단하여 음그 | 제용이 하됩니다나 | 신신함는 유지해줍 | -기의 하단표일까서 | 속통유스물싱유시 | 10% | EH | 공부주식회사 이션 | 在0元 | 고객자원실 모금은 생보가 부담합-대 | 080-996-77 | 영양정보 | #8g500m（g=108m） | 100g900kcal | 반주최을 |   | 트랜스재방 | 18 | www.fonterastyle.com | ‘ | PRR·00709 | 2122/07/08 | 8801005964012
001861,2023,06,18,2023-06-18,s1,et ata temperureofer than sCto ensue | Fhn-Yeteb-Kastfbe-Fbe | TRAFILA RUVIDA AL BRONZO | Eiten-Pten-Pn | SaleanSalSalSZ | tth dlposibbbestur e sauce | PAESE DICOTNAZIONE | www.dececco.com | DELGRANO:UE E NONUE | PAESE DI MOLTURA:TAUA | EPD | SERVIZIO CLIENTI | 80086110 | Tempodi cottur/Coolingtim/Tems decisson | PESO LiQUIDO | 500ge1.1 lb | Daconsumasenbienteento /Bst before:// | hbarbis/Consmir peenm ntes el: | (/// | Exp:180623 | 06:37L11/05C | Lotto00220170 | alC-Cda Caldi | 8001250120120
001862,2023,06,18,2023-06-18,s1,PESO LiIQUIDO | 500ge1.1lb | Exp:180623
001863,2023,08,04,2023-08-04,s1,AL NERO DI SEPPIA | 04/08/2023 |  .25같은 제조설에서 | L2172 | 2825g
001864,2023,08,04,2023-08-04,clahe,AL NERO DI SEPPIA | 04/08/2023 | 12172 | 39
001865,2021,09,17,2021-09-17,s1,D | 2021.09.17 L1
001866,2021,09,17,2021-09-17,s1,2021.09.17 L1
001867,2022,07,NONE,2022-07-NONE,s1,BEST BY JUL 2022 | P203111422 22:36 | 품명물라 핫소스오리지널 | 식품유형 소스 | 150ml | 수입원 | (주)삼경에프에스 | 유통기한 | 별도표시 해당월의 1일까지 | (BEST BY 월.년순) | 읽는방법 | 원재료명 | 멕시코/ | 준에 의거교환 포는 보상 | 용우수
001868,NONE,NONE,NONE,NONE,fail,"BESTBYL2022 | 시당의1일까지 | BR9 | 인원 | 프Q스 | 18150mm | ESTBY | 81 | 외포 | ROU EMEAER | 9ORNH | VMMRR() | 2202181538 | AES | BESL BY | 20 | RA스 | (상경에프에스 | 88150ml | 도시해당의1일까지 | (BESTBY) | e | NLE)FEB2MAREAA | [Unnbe] | 1-P | N | BESTBYJL2022 | BP04 | 1422236 | 라핫소스오리널 | 이트원 | 상경에프에스 | 150ml | HNE1026 | 경도트시 해당의 1일까지 | IBEST BY월 년스 | JNI2) FE32MAR3 T AS4) | 일 | tos SANE De ChaDSA | 피현고 사능션 | 8 | 원회 | 31 | 13518-8389 | 공진 조비자 | #40001399 | -,부영외포-PP"
001869,2021,09,26,2021-09-26,s1,Tipcó | AosUSInAnou | Consume before date | EXP:26/09/2021FOR EXPORT | NFC:26/11/2020 15:14A26
001870,2021,09,26,2021-09-26,s1,CTipci | EXP: 26/09/2021 F0R EXPORT | MFG: 26/11/2020 15:14A26
001871,2020,11,10,2020-11-10,s1,"ish with ihe Bean | e with the lime wedges. | ED FOR / EMBALLE POUR | THAITAN | Fo us Intemationo Etd. |  Tewi,irok okket, Ra | BagKhLaemBangkk | FR0:2020/11/10 | redpes | se visit www.real- | ments  suggestions are since | marketing@real-thai.zen | DUCTOF THAILAND | DUTDFTHAILANDE | RBAGRB026/R1"
001872,2022,10,14,2022-10-14,s1,"2.480 | 제품 명청정원 태국식 볶음쌀국수면 | 영양정보 | 4품유형건면 | 200 | Thn Hon od Jin Slok Comy | 号20913日站号10：49号00 | 750kcal | 대생(주)서울특별시 동대문구 천호대로26 | 지방7g0 | 000至35923% | 유통기한 후면표기일까지 | mg0%E型12g22% | 75%25% | 원산지베트남 | 200g |  폴리프로필렌(PP) | ·직사광선을 피하고 습기가 없는 상온에 보관하세요. | 29070 | ·본 제품은 소비자 분쟁해결 기준에 의거,교환 또는 | 보상을 받을수 있습니다. | ·반품 및 교환장소:판매원 및 구입처 | 01399 | 80019-9119（ | 2022-10.14L4 | DAESANG 대상주식회사 | hp/wwjungoneshop.com | 분리수거를 생발화 합시다.소중원사원,개끗한경"
001873,2022,10,14,2022-10-14,s1,대국식국수면 | D ony fd ont Sk Oonen | 영양정보 | )시동구 | 75%外提25% | 을 가는성에보 | 80-09-9（） | 2022-10.14 L4
001874,2022,10,21,2022-10-21,s1,"제품명 | 트롤리 초코바나나향 머쉬멜로 | 五号20.86%（）0.07 | 원산지 이탈리아포장재질 플리프로 | BULGARIAGOSTNOSRL8150(567KCa | 천연향료(바나나입)이) | X·41011399 | m,BS Re | 영양정보 | 150g | L号120mg6% | 全型号123938%8异10059 101% | 10ses | 트랜스지방 0g | 비닐류 | 6.8913% | 1.8g12% | 콜레스테를Omg | E43.596% | leciina di soias di mais. | as, jrabe de ghcoa nulos agua, | geaen | 570211201 | 22.10.21"
001875,2022,10,21,2022-10-21,s1,570211201 | 22.10.21
001876,2030,09,21,2030-09-21,s1,"CHOCOLAT AU LAIT | MILK CHOCOLATE | aroma of vanilla. Cocoa: 30% min. | 제품명정어리모양 밀크초콜릿 | 유통 중 제품 표면이 녹아 하얀 반점이 생길 수 | 식품유형밀크초클릿 제조사 SOCIETE DV | 있으나 체에 무해하니 드서도 관합찮습니다 | 본제품은 공정거래위원회고시소비자분쟁해결기준에 | 021380-5678 | 의거 교환또는보상받을수있습니다. | 377（271) | 이제품은 계란등콩매일일복아호두를사용한 | 제품 별도표시일까지(일/월/년순) | 제품과 같은 제시설에서 제하고있습니다 | 유통기한 | 읽는법 예 D/MYY-) Y년MM월DD일까지 | 번품 및교환장소구입처 및수입원 | Batch number:501006330921 | 60g(325kcal） | 설탕, 전지분유,코코아버터,코코아매스 | 60g 325kcal | OF:168043 | 원재료명대두레시틴,천연향료 | 山星量40mg2%伞站量35g11%异35g35% | 유,대두 함유 | 内1935%题上02g至内12g80% | 663350 | 100638 | B8D30/09/21"
001877,2021,11,03,2021-11-03,s1,MILK | 03/11/2021 H318:22 | MILK CHOCOLATE | ADBURY DAIRY MIL | INEVERY2009OF | GLASSAND AHALI | FULL CREAM MILI
001878,2021,11,03,2021-11-03,s1,03/11/2021 H318:22 | PROUDLY MADE IN TASMANIA | CADBURY DAIRY MILI | OFFULLCREAM MILK | AGLASSANDAHALF | MILK CHOCOLATE | IN EVERY 2009OF
001879,2024,09,04,2024-09-04,s1,"식품위생법에의한한글표시사항 | 식품유형 초골릿가공품 | 영양정보 | 150g(750kcal | 단수 | /0 | 不档679 | 트랜스지방 00 | 空费不档4.0g | 플레스테SOng |  유천변형 대두 포능성 이 | 전자변형옥수수 포함가능성 | 단백질19 | 우유 밀.대두 함유 | 8804973""306723"" | OTHER | 22720 | 2024.09.04"
001880,2024,09,01,2024-09-01,clahe,손스 | 30672# | 202409-01 | OTHER
001881,NONE,NONE,NONE,NONE,fail,BEST IF USED BY | 2021JUN20 | 2671W32KA.5 | 09:46:00 | AEATIN' | NI | 09:46:00 | 2671W32KA5 | 2021JUN20 | BEST IF USED | MEATIN' | NIIA | B0ACC0 | BEST IF USED BY | 2021JUN20 | 2671W32KA5 | 09:4i:00 | AAEATIN' | BEST IF USED BY | 2021JUN20 | 2671W32KA.5 | 09:4:00 | AAEATIN'
001882,NONE,NONE,NONE,NONE,fail,BEST IF USED BY | 2021JUN20 | 2671W32KA.5 | 09:4E:00 | aLaEATIN' | NIIE | 09:4E:00 | 2671W32KA.5 | 2021JUN20 | BEST IF USED B | LSMEMS | AEATIN' | NIIA | B0NCC2 | BEST IF USED BY | 2021JUN20 | 2671W32KA5 | 09:4E:00 | aiEATIN' | BEST IF USED BY | 2021JUN20 | 2671W32KA5 | 09:4E:00 | agEATIN'
001883,2021,09,09,2021-09-09,s1,"y u punower a ang  | (ammonium bicarbonate, sodum | BISCOITOS COM ARANDOSG | assol) agente e Tementacao(bicarbonato de | Conserar em localseco fresco. | Ingediene  e , ahr ule de flarea | CIASTECZKA Z ZURAWINA | piecenia(wodoroweglan amonowy, wodoroweglan | suchym miejscu. | 看130mg（7%）巴个量56g（17%） | 40/号1g（4%）弄21g（21%） | 13g（24%）0g3g（20%） | 量0mg（0%）5g（9%） | 80ge | %）2.000kca | 09/09/2021 | L.20-3636 | 2003JL0913:11"
001884,2021,09,09,2021-09-09,s1,80ge | 09/09/2021 | 2003JL 0913:11 | L.20-363
001885,2021,12,05,2021-12-05,s1,OUR UNIQUE PROCES | (공휴일 제외) | 카카오톡 | 주의 깊게 준수하여 주시기 바랍니다. | tamil | 8 | 718117610112 | EXP: | 2021-12-05 | PROD: | 2020-06-05 | 2021.12.05 | 100961833 | 000970 Z41LN318:59 | DANONe
001886,2020,06,05,2020-06-05,s1,모유가 아기에게 가장 | 주의 깊게 준수하여 주시기 바랍니다. | Z0-ZSLLZ | 718117610112 | 2021-12-05 | EXP: | 2020-06-05 | PROD: | 100961833 | 2021.12.05 | 000970 Z41 | LN318:59
001887,2023,08,22,2023-08-22,s1,KPHCJ 20235 | BBE20230822 | Dole의 다양한 | 제품과 이벤트를 | 인스타그램에서 | 만나보세요! | 4：550g | 1：310g
001888,2023,08,22,2023-08-22,s1,20235 | KPHC | BBE20230822 | Dole의 다양한 | 제품과 이벤트를 | 인스타그램에서
001889,2021,08,31,2021-08-31,s1,serving. | Inner units not | I Seal is broken or missing. | labeled for retal sale. | ropening and use within2 days. | HANAS FROM COSTA RICA | ACID). | 1500000311 | DDUCTSCOMPANYFREMONTMI49413USA | BEST BY 31AUG21 | Bananas | 01255157C202:05:6 | USO31
001890,2021,08,31,2021-08-31,s1,wal is brakan or missing. | pening and ue wthin 2 days. | NAS FROM COSTA RIGA | 50000031 | BEST BY | 31AUG21 | Bananas
001891,2022,05,22,2022-05-22,s1,유통기한 | 2022.05.22 | 03283404 | 09:25 | 까지 | 801055705870
001892,2022,05,22,2022-05-22,s1,유통기한 | 2022.05.22 | 03283404 | 09:25
001893,2021,03,19,2021-03-19,s1,PEACOCK | Mamolo | 마몰로 | Diliziosa | 밀크푸딩 | MILK PUDDING | 0g230% | 2021.03.19 | 이미지사진
001894,2021,03,19,2021-03-19,s1,PEACOCK | Mamolo | 밀크푸딩 | MILK PUDDING | 2021.03.19 | 90gx27H30% | 이미지사진
001895,2021,03,17,2021-03-17,s1,PEACOCK | Mamolo | Diliziosa | 커스터드 푸딩 | CUSTARD PUDDING | 2021.03.17 | 90gx210% | 이미지사진
001896,2021,03,17,2021-03-17,s1,PEACOCK | Mamolo | Ls vita Dilizive | 커스터드 푸딩 | CUSTARD PUDDING | 90gx210% | 이미지사진 | 2021.03.17
001897,2021,05,29,2021-05-29,s1,E.P MAY 29 2021 | Dnle | FRUIT BOTTLE | 트로피칼 | Tropical
001898,2021,05,29,2021-05-29,s1,"MAY 29 2021 | Dmle | FRUIT BOTTLE"" | 트로피칼 | Tropical"
001899,NONE,07,30,NONE-07-30,fail,"BBE:NOU 29 2021 | 품명후롯를있고 | 부정·불식신는번8/ | 수입관대원의크에 시울시 강남구 |   | ABAMAR | -AG- | 8ca | -MO-DC-2 | A | nb | 1 | 파민 | 보건방법 | BBE:NOU29 202 | 12026200N38 | 7-30-00-30 | - | (70 US  | PRNOY IE | P | 12026200N38 | BBE:NOU 29 2021 | unbl | 부정, | 수입원울시강구 | e Teerd  | 120 | -NAG | A-MDEC- | PEA | [nlbe | 1 | [ | BBE:NOU292021 | 제품명후릇바를 망고 | 식품의유형 | ·부정불량식품신고는국없이 | 과·치가공품 | 수입판매원 위 돌코리아서울시 강남구 | ·복품은공정 | 해결기준에의거보상들을수요니다 | 511（1204 | e Teend d | ·본제품은 복이를한 | 가 | JAN-1FB-22VAR-31APR-41 | MA-AUG-8 | POCT-10NO-DEC-12 | 666g387kcal | BE  | 로명 | (수)"
001900,NONE,NONE,NONE,NONE,fail,PEE:NOU 29 2021 | BEE:NOU 29 2021 | ARRMEXIKNTE | 12026200N-388 | BEE:NOU 29 2021 | ·무장 | LALI | UN | PBEWOV 29 2021 | ·부정 동통신는  |   | ·K은   | MENENZAR | [unlel | 표 | Un | [Unl | Unl
001901,2021,10,28,2021-10-28,s1,28.10.2021 | :30821:182 | 004657
001902,2021,10,28,2021-10-28,s1,28.10.2021 | ：308 21:182
001903,2027,08,21,2027-08-21,s1,PRD.27/08/20 0012B | BB0.27/08/21 | PLANT-BASED | Flora | SPREAD | ORIGINA | WITH 6 VITAMINS** | Made with | Sunflower Oil & Canola Oil | i | 2.7fmegaand.2fmega3perserving
001904,2022,01,15,2022-01-15,s1,영양정보 | 종 내용량50Ug | 100g530kcal | 3259%5033 | 0mg0%10g18% | 1일영양성분기준치에대한비은0c기준이므로인의 다데수 | No Brano는 모두 이마트의 상표입니다 | PR2115 | EXP:2022.01. 15
001905,2022,01,15,2022-01-15,s1,영양정보 | 종내85 | 100g530kc | 0g0%10g18% | No Brand는 모두 이마트의 상요립 | PA21IS | EXP:2022.01. 15
001906,2021,09,03,2021-09-03,s1,중적들 | 슈레드치즈 | 2032221/372 | 03.09.2020 | 03.09.2021
001907,2021,08,16,2021-08-16,s1,unlbe | nbb | LDONG | 후디스 | 아이밀 | 남냥 | 8801157552983 | 유통기한: | 바나나웨하스 | 2021.08.16
001908,2021,08,16,2021-08-16,s1,LDONG | 우디스 | 앙이밀 | 냥냥 | 바나나워하스 | 8011571552983 | 2021.08.16
001909,2021,12,29,2021-12-29,s1,2021.12.29 | 롬눈 | (bu ) | )+씨 | 누어이이 | 어 | 무이어 | 어이
001910,2021,05,07,2021-05-07,s1,"그림과 같이양쪽을 | 잡아당겨개봉하세요 | 건강하게 키원 | 키요 | 소금,산화아연,레시틴 | 달걀, 우유,대두,밀함유 | 유통기한] | 표시일까지 | 포장재질 폴리에틸렌 | 보상 받을 수 있습니다.·부정 | 유통기한: | · 불량식품 신고는 국번없이 | 2020.05.0819:52 | 1399 | 2021.05.07이도행 | 홈페이지:www.foodis.com | 까지 | ：02)2049-2000"
001911,NONE,NONE,NONE,NONE,fail,"Iotal Fat 1g | % Daily Value | Saiturated Fat 0g | 30% | Trans Fat og | 영양정보 | Sodium | 5m9 | 1 | Total C:rb'5 | 15% | Dietany Fiber 29 | 본은.우유밀  | 고있습니다본은 공 | 거교환또는보상받으실수입습 | Total Suigars 10g | 직사신을 하고  | Incl Og Added Sugars | 1·실 | Not a signiticant | TAUSA주- | Protein <1g | 를확인한후먹이십오- | 흔들어주십시- | 마십시오-투위 | VitDOmcg0%·Calcium10.4mg4% | 섭취하게하시고 먹는 동 | 하십시오 섭부병법:- | IronOmg0%Pofs140mg20% | 남긴제품은변의우리의니 | - | Vit C23mg 45% | 경우반드시방장보하교 | NGREDIENTS:ORGANI PEARS DRANCBLUEBERES | 의냉동보경시 | ORGANIC APPLES, ORGANIC AVGCADOS VTAMIN C | 하십시오-전 | ASCORBIC CID,ORANCLIME UCE ONETRAE | 따라 핫수를 조절하여 이요 | 21MRY2021 | 1319 | 014251591P | 03 | R | e | source of protein | Total C:rb 5 | VitC23mg45% | IronOmg0%·Pos140mg20% | VitD0mcg0%Calum10.4mg4% | Protein <1g | RGA | GREDIEN | Total Sugars 10g | Incl Og Added Sugars | 014251591P | 211RY2021 | APPLES, | Daily Value | HIC PEARS. | source of protein | Not a signiticant | ICENTRATE | 거교또는 보상받으 | 본제품은 난류.우유떠듀. | 를확인한후역아십시오- | T2A USA주의청:-정 | 직사광신을 따하고 건조고 | 의동보시 | 경우반드시냉장보고 | -봉드 | 남긴제품은변의우가 | 하십시오 섭취방법:-원 | 섭취하게 하시고 먹는 동간 일서과 | 흔들어주십-두정이가 | 따라수를조장여 역 | 하십시오- | 43958874 | WE | - |  K | - | - | CS | 120219012 | %Daily Value | irans Fat og | Iotal Fat 1g | Saiturated Fat 0g | de5sp | - | - | e M | - | - | - | buig | unipos | 2b | %8 | otal Fat 1g | °.Daily Val | Saiturated Fat 0g | TransFat og | 30 | Cholesterol omg | ntetg | n면 | 영양정 | 5mg | 양정보 | Sodium | m | 1otal Carb15g | 0501量1004 | Dietany Fiber 29 | 15% | 본은우유밀 | 고있습다본은 공 | 거교환또는 보상받으실수입 | Total Sugars 10g | 직신을하고 | Incl Og Added Sugars | 1 | Not a significant | TB8ACSA주:- | Protein <1g | source of protein | 를확인한 후역이십- | 흔들주십오-방 | 마십시오-두위의성원일 | VitDOmcg0%·Calium10.4mg4% | 섭취하게 하고  동 | 하십시오 섭방법:- | IronOmg0%Potis140mg20% | 남긴제품은변의우하의 | - | Vit C23mg45% | 경우반드시냉정보관내계 | NGREDIENTS:ORGANIC PEARS DRCANCBLUEBERES | 의냉동보경시 | 하십시오- | ORGANIC APLES,ORGANIC AVOCADOS VTAINC | 따라 윗수를 조절여 이 | ASCORBICACID,ORGANIC-LME JUICE ONCETAE | GEERPU OM | Cerified rganic by regnTih | 21MRY2021319 | 014251591P03 | Iotal Fat 1g | %Daily Valu | 1 | Saturated Fat 0g | 3% | 1 | TransFat 0g | e] | Cholesterol omg | Unael] | 영양정보 | n5mg | Sodium | 159 | 0501%售1404E | Total Carb | 15% | Dietany Fiber 2y | ·본 제품은 난류,우유.대듀.밀 복승에 를 | 제조되고 있습니다.·본 제품은 공정계웨 | 거,교환 또는 보상 받으실 수 있습지을 | Total Sugars 10g | 직사랑선을 피하고 건조하고 한 궤학 | Incl Og Added Sugars | Not a signiticant | 72904LSA平94：一-粤到 | Protein <1g | source of protein | 를 확인한 후 억아십시오-안정하 들법 | 흔들어 주십시오-뚜경이 방가져있게니를 | 마십시오-뚜껑에 유아의 손이 지일의 | VitDOmcg0%·Calcium10.4mg4% | 섭취하게 하시고 먹는 동간 열에서 지원에 | 하십시오 섭취방법:-홍후 청황 | IronOmg0%·Pos140mg20% | 남긴 제품은 변질의 우려가인으니마를 | -개봉후 전량섭취를 장드세 | Vit C23mg45% | 경우반드시 냉장보관하고 2일 이패면 | 의냉동보관시풍질의 변화가4 | NGREDIENTS: ORGANIC PEARS, DRGANIC BLUEBERIES | 하십시오-전자테인지에 자하 | ORGANIC APPLES, ORGANIC AVGCADOS, VTAMIN C | 따라 횟수를조절하여 덕이십시오 | ASCORBICACID,ORGANIC-LIME JUICE CONGENTRAT | Cerified rganic by regon Tith | 50 | 21RY2021 319 | - | 014251591P03"
001912,NONE,NONE,NONE,NONE,fail,"Iotal Fat 1g | %Daily Valus | Saturated Fat Og | TramFatog | Sodium | Jotal C:rb 50 | Fiber 29 | Dietary | Total Sugars 10g | Incl Og Added Sugars | Protein <1g | VitD0mcg0%Calcium10.4mg4% | IronOmg0%·Pols140mg20% | VitC23mg45% | NGREBENTS: DRGANC PEARS | ASCORBIC ACID) ORAIC UME SUCE BUREATE | Ceried Organic by Oregen-Tih | 21MRY2021 | 319 | 03 | 014251591P | 3% | 영양정보 | 5mg | 15%0 | 2 | Not a signiticant | TBAS- | soutce of protein | 0- | -2 | A | SA | - | Sodium | ramaFat Og | Protein <1g | Total Sugars 10g | Dietary | Iron Omg 0% | VitD0mcg0%·Calcum10.4mg4% | VitC23mg45% | Incl Og Added Sugars | REBENTS: | 5mg | Fiber 29 | 014251591P | 21MRY2021 | .Pols140mg20% | LE | Nota s | -45 | Fo | S- | V | 2 | 이희l | DSE10N | /08 | oesilte | R- | 2R | -r | - | -SL | OpUDis E 10N | Cne | 2 | buus | unipos | /08 | LOtal Fat 1g | TDally Valu | 3/8 | Sturated Fat 0g | ByUeA | TramaFalog | Cholesieol Omg | Sodium 5mg | otalCirb150 | ] | U | Dietary Fiber 29. | Total Sugars 10g | Incl Og Added Sugars | Nota slenc | TBAS - | Protein <1g | soutca clfprotn | - | VitDOmcg0%Calium10.4mg4% | Iron0mg0%Po:s140mg20% | VitC23mg45% | INGREBHENTS: DRGAMIC PEARS PAC BUEERE | -E | ORGANIC APPLES ORGAIC AVEEDOS MA | ASCORBIC ACID) ORANIC UME SUE GUSEATAE | ERBER PRODUCTS CO. FREMONT,MSUS | Cerified Organic by Oregen'Tith | 21MRY2021 | 014251591P | 05 | otal Fat 1g | % Daily Valus | Saturated Fat Oo | 30/ | TramFaton | Cholesterol Oma | 영양정보 | 5mg | Sodium | [Une | otal C:rh 5g | 150%0 | Fiber 29 | Dietary | Total Sugars 10g | 8 | Incl Og Added Sugars | TBAS - | Not a signitcant | Unb- | Protein <1g | source of protaim. | U어주오- | 바십시오-2 | 참게 A2 EM | VitD0mcg0%Calcium10.4mg4% | 하신시오 취법  | 남간제은 번 | Iron0mg0%.Pots140mg20% | -8 | VitC23mg45% | 의R5 | NGREBENTS: ORGANIC PEARS DANC BUEERE | ORGANIC APPLES, DRGAUC AVCADOS MTAMR | 의 부를표e | ASCORBIC ACID) ORGANIC-LIME SJUCE GUACEATRATE | EERBER PRODUCTS CO., FREMONTT3US | Certisied Organic by Oregon-Tith | 1319 | 21MRY2021 | 0목 | 014251591P"
001913,2021,09,14,2021-09-14,s1,2기농 발익생 | ILDQNG | 후디스 | 아이밀 | 남냥 | 818011571550538 | 초유웨하스 | 유통기한: | 2021.09.14 | 우유 | 까지
001914,2021,09,14,2021-09-14,s1,약기농 발막병 | 아이밀 | 우디스 | 남남 | 초유웽하스 | 2021-09.14 | 우유
001915,2021,06,24,2021-06-24,s1,EXP JUN 24 2021 | 영양정보 | 55g836kcal | 59당 | 1일영양성분 기준치에한비울 | 나트륨0mg | 탄수회물99 | 당류 | 99
001916,2021,06,24,2021-06-24,rot90,영양정보 | EXP JUN 24 2021 | 00
001917,2021,05,25,2021-05-25,s1,콘프로스 | LGOLD | 25.05.2021 | 152 | 00:53
001918,2021,05,25,2021-05-25,s1,CGOLD | 25.05.2021 | 152 | Q0:53
001919,2023,12,20,2023-12-20,s1,"린지 게임하고 | SEALI | 품받자 | 영양:기능정보 | EPA및 DHA함유유지 | 인이 흡수되고'이용되는데 | 필요, 골다공증발생 위험 | 客08（0%）不1.2g（2 | PADHA1.100mg | ※0)인의 수치논 1일 영양성분 | ※본 제품은 공정거래위원회 구시 소비 | 알레르기 발생 가는 성이 있는 우유 | 기 토마토,호두,쇠고기,조개류(물 | 사용한 제품과 같은 제조시설에서 저조 | 1577-2488 | LOT:201200869 | EXP:2023/12/20 | 62926200"
001920,2022,10,15,2022-10-15,s1,"좋은 오메가3를 선택하는5가지 방법! | 1（：Frost&sulivan2017)） | 품질관리와 기술력으로 만든 제품입니다. | 03 신선한 제품인가? | 04 세계적 수준의 품질관리 | 검사를 통해 최상의 품질을 전해드립니다. | 05 청정지역원료 | ·제조번호: | 2001537 | ·유통기한: | 2022.10.15 | 까지 | ""www.tfood.go.kr""에서 식품이력추적 | 이력추적 | 관리번호를 입력하시면 건강기능식품의 | 정보를 확인하실 수 있습니다."
001921,2022,10,15,2022-10-15,s1,03 신선한 제품인가? | 04세계적 수준의 품질관리 | 2001537 | ·제조번호: | 2022.10.15 | ·유통기한: | 정보를 확인하실 수 있습니다.
001922,2022,06,14,2022-06-14,s1,"영양·기능정보 | [MSM]관절 및 연골건강에 도움을 | 출수 있음[NAG]관절 및 연골건강 | 에 도움을 줄 수 있음 | [비타민D]칼슘과 인이 흡수되고 | 이용되는데 필요/뼈의 형성과 유지 | 에 필요/골다공증발생 위험 감소에 | 도움을 줌 | 총30일 분량 | 14（3200g） | 3g（1%）0g | （0%)0g(0%)0mg | (0 %), D 5 μg(50 %), | MSM1.5g,NAG0.5g | ※()안의 수치는 1일 영양성분기준치 | 에 대한 비율임 | 제조번호: | 2012901 | 유통기한: | 2022.06.14 | 까지 | GMP | 81809099850619"
001923,2022,06,14,2022-06-14,s1,"영양·기능정보 | [MSM]광절 및 연골건강에 독음을 | 출수있음 NAG]광절 및 연골건강 | 에 도움을 줄 수 있음 | 도움을줌 | 총30일분량 | 1：4（3200g） | 3g（1%）.0g | (0%）,ED5g（50%）, | MSM1.59.NAG0.5g | 에 대한 비율임 | 제조번호: | 2012901 | 유통기한: | 2022. 06. 14 | 까지 | GMP"
001924,2022,01,21,2022-01-21,up2x,Roasted | CASHEWNUT | 구운캐슈네 | 202201.21刀人 | 300g | AE100%
001925,NONE,NONE,NONE,NONE,fail,구운캐슈너 | 구운캐슈네 | 인도산 | ONMEHS | 구운캐슈네 | 1+100% 3008 | (외국산베 | COSHEWNUT | Roasted | 구운캐슈네 | 0121天 | 个100%300% | (외국산트남산)
001926,2021,04,27,2021-04-27,s1,ROASTED | PISTACHIO | 이미지사진 | 2021.04.27까지 | 구운피스타치오
001927,2021,04,27,2021-04-27,s1,ROASTED | PISTACHIO | 2021.04.27까지 | 구운피스타치오 | 120g
001928,2022,01,14,2022-01-14,s1,뚜정:알미늄 | 유통기한 | 2022.01.14 | 809236 | 006488
001929,2022,01,14,2022-01-14,s1,유통기한 | 2022.01.14
001930,2022,01,01,2022-01-01,s1,인증번호 | CER-0PT100509 | C191194 | 유통기한 | 2022.01.01 | 809236 | 006600
001931,2022,01,01,2022-01-01,s1,CER-0PT100509 | 인증번호 | C191194 | 유통기한 | 2022.01.01
001932,2022,01,02,2022-01-02,s1,2022.01.2 2
001933,2022,01,22,2022-01-22,s1,2022.01.22
001934,2022,03,29,2022-03-29,s1,DARK | HERSHEY'S | Acai& Blueberry Flavors |  니다 | 방동입가능 | 영정보m6% | 2022.03.29 | 19g35% | 방0g | 45c9 | 12g80% | 3g 5% | 다수있습n
001935,2022,03,29,2022-03-29,s1,AERSHEY'S | 65재 | 2022.03.29
001936,2021,12,21,2021-12-21,s1,eclpse | 922151 8-2-0378-20 | 역품위생법에의한한글표시사항 | 유형 캔디 | 8/45g（180kcal） | 통기한 제품면 별도표시(일/월/년순) | 원산지:중국 | 직사광선을 피하고 서늘한 곳 보관 | 1399 | 영양정보 | E量7g0% | 图1.9元4% | Omg 0% | 기한: 읽는 법 BEST BEFORE: (DD/MM/Y) | (EST BEFORE 뒤일/월/년 순) | 21/12/21 | 322 | 8049731306488
001937,2021,12,21,2021-12-21,clahe,eclipse | 김한:읽는 | (위 일/월/념 순) | 21/12/21 | 322 | 180497311306488
001938,2021,03,NONE,2021-03-NONE,s1,SU | 016CM4CB19BB 03/2021
001939,2021,03,14,2021-03-14,clahe,L021937076 2233 14.03.21 | MADE FROK | PLANT-BASED OILS | Contains VitaminA | 0.4g (or 00mg) of | Omega 3 per serving* | I can't believe | Se rightsiepanel | it's not | Butter! |  EGEABEUSRED NE KORGINAL
001940,NONE,NONE,NONE,NONE,fail,L02193707622314.03.2 | PLANT-IASED OILS | Datins faninA | /can'tbelieve | it's not | Butter! | I | ARE FAN | Butter! | Ican't believe | 23 | it's not | 14.03.2 | 91201688 | jong | foust! | 61 | fous!! | YUAPR | 178027920861207 | 021937076223314.03.2 | Ican'tbelieve | it's not | Butter! | 102193707622-3014.03.21 | KARE FIIA | PLANT-AASED OILS | Dartais RaninA | 0.g00gd | Dnep 3pe serig | S p | lcan'tbelieve | it's not | Butterl
001941,2022,05,27,2022-05-27,s1,Unbel | BBE:27.05.2022 | 211220:BBCIA | HORSERADISH-MAYO SAUCE | AERACENRION | ENERGY | OFHCHSN | ADATTETONNCHLDREN | FREE FROM: GLUTEN
001942,2022,05,27,2022-05-27,s1,BBE:27.05.2022 | 211220:BBCIA
001943,2023,09,29,2023-09-29,s1,BEST EFORE-2023-09-29 09:50
001944,2023,09,29,2023-09-29,s1,BLAOPIED24/260L-BGC2816 | ESTEFORE：2023-09-2909-50
001945,NONE,NONE,NONE,NONE,fail,Da consumarsi preferibilmente entro fine: | Best before end: | Mindestens haltbar bis Ende: | Consumir preferentemente antes del fin de: | A consommer de préférence avant fin: | Ten minste houdbaar tot einde: | 08 | 2021 | 063 | 2. | Ten minste houdbaar tot einde: | A consommer de préférence vant fin: | Consumir preferentemente antes del fin de: | Mindestens haltbar bis Ende: | Best before end: | Da consumarsi preferibilmente entr fine: | ㅇ | 0 | 80 | 0 | 0 | T | 290 | 22노 | 80 | Da consumarsi preferibilmente entro fine: | Best before end: | Mindestens haltbar bis Ende: | Consumir preferentemente antes del fin de: | A consommer de préférence avant fin: | Ten minste houdbaar tot einde: | 08 | 2021 | 063 | 2. | Da consumarsi preferibilmente entro fine: | Best before end: | Mindestens haltbar bis Ende: | Consumir preferentemente antes del fi n de: | A consommer de préférence avant fin: | Ten minste houdbaar tot einde: | 08 | 2021 | 063 | 2©
001946,NONE,NONE,NONE,NONE,fail,Da consumarsi preferibilmente entro fine: | Consumir preferentemente antes de fin de: | 08 | Best before end: | Mindestens haltbar bis Ende: | A consommer de preference avant fin: | Ten minste houdbaar tot einde: | 202 | 6 3 | 2 | O | Daconsumarsi preferibilmente entro fine: | r de pr | vente antes del fin de: | 0 | 2 | o | N | 2 | . | 8 0 | Da consumarsi preferibilmente entro fine: | Best before end: | Mindestens haltbar bis Ende: | Consumir preferentemente antes del fin de: | A consommer de preference avant fin: | Ten minste houdbaar tot einde: | 08 | 20 | 2- | 063 | Da consumarsi preferibilmente entro fine: | Best before end: | Mindestens haltbar bis Ende: | Consumir preferentemente antes del fin de: | A consommer de préférence avant fin: | Ten minste houdbaar tot einde: | 2021 | 이8 | 2 | ㅇ 6 3
001947,2016,06,23,2016-06-23,up2x,"Mild | cnapak | Netweight300g/549kcal | Best before· | A consommer de | préférence avant le: | EXP:10HUG2022 | MFG:10AUG_2020 | Manufacturing,date. | Date d'embaliage: | LOT:BE/YCCS-100820:10-B05 | Lot No: | inBelgium by FineFood Catering, 44 | Solyay.148osgintes:imporleen.Francepar | IBERCOS.AS.245.ChemnUParCbOCU | 'Grand Saint Charles. G6ooo Perpignan | Impored in Germany by Delimondo Handeis GMBH& Co KG,Am Schifibeker | Ber94 | 2180VG | 111 | Hamburg·Geimporteerd in Nederland door Unidex B. | Antwoordnummer920NL2 | Hilegom-Impored in Japan by Tomoe Corporation 6-23-16 Okusawa Selagayuku Tokvo 7s8-oo83 | ·Impored in Malta by Paolo Bonnicl Lid Upper Cross Rd Marsa HMR i4  Impored in Singapore | Yo CheongPleLidB14UpperCrcularRao584 | : Impored in Sn Lanka by B& oEnterpnses | Kynsey Road | Colombo osoimported in swizerland b | Coop Tniersteinerallee 14 | 4oo2 Basel.inmporled in India by | Chenab mpex Pvl. | Jid""siA.Ansa ind Estate.Saki | Vinar Road.Sakinaka. | Andhert ( | Easl) | Mumbar400072"
001948,2020,08,NONE,2020-08-NONE,s1,EXP:10 | RU62022 | MFG:10 | AUG.2020 | Bae
001949,2023,07,16,2023-07-16,s1,"Semi di cumino | essiccati | nelle migliori coltivazioni | selezionati | di tutto il mondo. | Conservare lontano da luce, | umidita e fonti di calore. | 20ge | DA CONSUMARSI PREFERIBILMENTE ENTR L | 16 07 23"
001950,2023,07,16,2023-07-16,s1,"Semi di cumino | gelle migliori coltivazioni | Conservare lontano da luce, | 20ge | 16 07 23"
001951,2022,09,16,2022-09-16,s1,16.09.2022 L1
001952,2022,09,16,2022-09-16,s1,16.09.2022 L1
001953,2021,10,NONE,2021-10-NONE,s1,"제품명 | 갈레트브르통 | 수입판매원 | 식품의 유형과자 | 40g（185kcal） | 제조회사 | BISCUITERIE DE LA POINTE DU RAZ | heures. | 원재료명 | 원산지 | enu  nd | 프랑스 | es beurre | 유통기한 | 우유,밀계란함유 | is extra f | Sodium/Sodium 42,5mg | Glucides / Carbohydrate 4,5 g | 포장재질:종이(내포장:폴리에틸렌) | Fibres / Fibre O g | du Raz | Sucres /Sugars 1,5g | 영양정보 | 반품 및 교환장소:구입처 및수입판매업소 | 4三号213mg11% | 23g7% | 40g，185kcal | 9g17% | 트랜스지방1g | 당류 8g 8% | Vitamine C/Vitamin C | 25mg8% | 640% | 단백질3g 5% | OTHER | Aconsommer de préférence ay | 40 | OCT.o2021 | g | EMB29168A | 488430011402"
001954,2021,10,NONE,2021-10-NONE,s1,40g（185kcal | 제품 별도표시된 Best before:월/년의 01일까지 | 4号器213mg 11% | 个量23g7% | 440g.185kcal | 트랜스지방 1g | Poids net/Net weight/Nettogewicht: | 40 | OCT.2021 | EMB29168A | 3488430011402
001955,2020,10,NONE,2020-10-NONE,s1,"de beu | heures. | orisée | lisati | 유통기한 | Sodium/Sodium 95 mg | 포장재질:종이(내포장:폴리에틸렌) | 영양정보 | 40g,196kcal | 4E号158mg8% | 20g6% | 12g22% | 트랜스지방 0.7g | 단백질 2g 4% | 引42mg14% | 40g | --OCTb2O2oe | 14884 | EMB29168A"
001956,2021,10,NONE,2021-10-NONE,rot90,--OCTb2021 | conso | ner de préference avant le: | rbohydrate 12g | 95mg | 125mg | “9 | Poids net/Net weight/Nettogewicht | 17（220 | 号158mg8% | 영양정보 | 부정쟁 식통신고 국변영이 | 유통기한 | 12g22% | 제조최사 | 营器42mg14% | 제품 별도표 | 마레프브 | EMB29168A | sa | 단력일
001957,2021,10,NONE,2021-10-NONE,rot90,"（200 | 置33mg11% | 10% | 周|1399 | 이(내포장:폴리에릴렌) | 1iemejind | 제품별도표시된 Best before:월/년의 01일까지 | 밀가루,버터(우유 식염),설당,계란(난황) 정제소금평창제 우유.밀,계란 함유 | BISCUITERIE DE LA POINTE DU RAZ 원산지 | 0g（426ca | TEL.0298706073-FAX0298706941 | 트랜스지방 0.5g 미만 | www.biscuiteriedelapointeduraz.com | 4880g(40g×2），1号（40g）号，213kcal | 29770PLOGOTT7 | 반품및고환장소:구입처 및 수입판대업소 | 직사광선을 피하고 건조하고 서늘한곳에 보관하세요. | 22g.4% | 9g60% | 弄11g11% | 프랑스 | NCE | Raz | du Raz | a Ja Pointe du Ra | lleure qua | ilisation | est autoris | ne ce parfum soutenu | hturation de 15 heures. | vement a partir | A consommer de préférence avant fin: | ""488430""021500 | Best before end : | --OCT.2021"
001958,2020,11,13,2020-11-13,s1,"하림 | 제조 2020.11.13 | Harim | Real | HAPPY | DANCE- | 100%HUMANGRADE | STUDIO | 더:리얼 저키 한우간 | 100% | Why 소간? | 오직 엄선한 한우간 풍미로 해피댄스 | 소간에는 다양한 영약소아미노산 | 오메가지방산 비타민등가 | 수분컨트롤로 합성보존료는 0% | 다량 밀집되어 있어 눈건강,간건강,출력 | 수분 컨트롤 노하우로 건조된 고기를 안전하게 보존 | 유지 등에 도움을 줍니다.그리고 소량으로 | 도 많은 영양소 섭취가 가능합니다. | 합성 착색료·감미료·향미제 무첨가 | ※다량 급여 시메변이 어질 수 있으니 | 소량씩 급여하며 적정량을 찾아주세요 | 흥내내지 않은 원물 그대로의 색,맛,향만 가득 | Nutrition facts | ·사료관리법에 의한 표시사항 | 조지방 | 조회분 | 수분 | 人3100%人 | 조단백질 | 8%이하 | 19%이하 | 50%이상 | 8%이하 | ·동물의약품 첨가내용:없음·중량:60g·유통기한 | 더:리얼 및 반려견영양에 대해 궁금한 | Pet Parents Hotline | 점이 있을 때, 언제든지 전화주세요 | 080-850-0085 | #하림펫푸드 | FHAPPY DANCE"
001959,2020,11,13,2020-11-13,s1,제조2020.11.13 | Real | 10O%HUMAN GRADE | HAPP | 더:리얼 저키한우간 | DANCE- | 100%别量，2 | 수분건트를로 합성보존로는 0% | Why 소간? | 수분 를 노하우로  고기를 인전보 | 활성 착색료·감미료·향미제 무청가 | 통내내지 않은 원을 그대의 색 맛.형만 가록 | ·사료관리법에 의한 표시사항 | 20 | Nutrition facts | PesParents Hotline | 080-850-0085
001960,2022,06,15,2022-06-15,s1,"rancio di tonno in olio di oliva | gredienti: tonno, olio d'oliva, sale. | ES | 12.00734/C | 12.00385/C | www.rizzoliemanuelli.com | CE | econsumare entro 3/4 giorni. | L7 1661/15-06-2022"
001961,2027,03,21,2027-03-21,s1,27/03/21 11:01 | 121022LUC1 HC1
001962,2027,03,21,2027-03-21,s1,27/03/21 11:01 | 121022LUC1 HC1
001963,2021,10,09,2021-10-09,s1,제조일자 및 유통기한하단 별도 표기일 | 제조일자2019.10.10 | 유통기한 2021.10.09
001964,2021,10,09,2021-10-09,s1,전자 기하단별도표기일 | S자2019.10.10 | 유기반2021.10.09
001965,2023,10,12,2023-10-12,s1,-하신료 건조제품) | 200105567 | 단표시을 가지 | 부껑폴리프로를 | 담실  | 주식회사 오뚜기 | 충북 음성군 대소면 대능신단로 | ww.ottog.co.kr | 2023.10.12 | K09
001966,2023,10,12,2023-10-12,s1,080-02-2 | 조식의시오뚜기 | 2023.10.12 | K09
001967,2022,08,24,2022-08-24,s1,"유기농 | 황금 | () | 매실 | ·보관방법:직사광선을피 | 고 건냉한 곳에 보관 | 하시고 개봉 후에는 냉정 | 관하여 주십시오. | ·침전물은 매실 과육이므 | 안심하고 드셔도 됩니다. | 8""809194 | 825121 | 유통기한 | 2022.08.24"
001968,2022,08,24,2022-08-24,s1,황금 | () | 매실 | ·모영법: 직사광선을 | 2022.08. 24
001969,2021,08,NONE,2021-08-NONE,s1,1391551LB | CALORIES | 24u | Best Before | 08/2021 | Fok mor | 036CAALB03 | re fun visit
001970,2021,06,18,2021-06-18,s1,Mindestens haltbar bis: | Best before: | 18.06.2021 | Chocobelle
001971,2021,06,18,2021-06-18,clahe,Mindestens haltbar bis: | A consommer de préférence avant le: | Best before: | Chocobelle | 18.06.2021
001972,2023,03,15,2023-03-15,s1,20006 | 사용기한:2023.03.15 | 고농도 인공누액 무방부제 | 하메론-S | 점안액 | 1회용 | (히알루론산나트륨) | 0.18% | 0.5mL | EU GMP 인증 안과전문기업 | 샤천당제약(즈)
001973,2023,03,15,2023-03-15,s2,：20006 | 고농도 인공누액 무방부제 | 하메론-S | (히알루론산나트륨) | 점안액 | 1회용 | 0.18% | 0.5mL | EU GMP 인증 인과전문기업 | xO(S) | 사용기한:2023.03-15
001974,NONE,NONE,NONE,NONE,fail,"Hazirladiginiz pudingi | kaselere bosaltin. | Soguk servis yapin. | neri: | icin | kaka | Dor | ürü | kaselere paylastirin. | Türk Gida Kodeksi'ne uygundur. | Sihi/Parti no: | Mensei: Türkiye | Tavsiye edilen tüketim | Net:147g | 09.2021-14:35/1914619 | R.13. | Jingi ters cevirerek servis yapmak istiyorsaniz, | I (3 su bardagl) süt ile pisirin ve önceden | islatilmis servis kaplarina döküp sogutun. | ingin kabuk tutmasini önlemek icin pisirdikten | I arada karistirarak 10 dakika sogutun ve | sOl | isletmeKayitNo:TR-35-K-000884 | Serin, kuru ve kokusuz ortamda saklayiniz. | Uretici: Dr. Oetker Gida San. | des:BekirSaydamCad.No:6835865 | Dui | er | ISO.22000 | ve | ISO | 14001belgelerinesahipn | gida | lig | jine | e | cevreye | Tavsiye edilen tüketim | verdigimiz | isletmeKayitNo:TR-35-K-000884 | orem | Serin, kuru ve kokusuz ortamda saklayiniz. | Türk Gida Kodeksi'ne uygundur. | kaselere paylastirin. | SOr. | 09.2021-14:35/1914619 | I arada karistirarak 10 dakika sogutun ve | ingin kabuk tutmasini önlemek icin pisirdikten | I (3 su bardagl)sut ile pisirin ve önceden | lingi ters cevirerek servis yapmak istiyorsanz, | neri: | s:Bekir SaydamCad.No:6835865 | Soguk servis yapin. | kaselere bosaltin. | Hazirladiginiz pudingi | ihi/Parti no: | Uretici: Dr. Oetker Gida San. | R.13. | Net:147g | Mensei: Turkiye | uru | Dor | kaki | icin | er | JOT | nun | H1,8 | IlulpndziullipeuieH | ne | OSts | api6 | OSIOn | o.tttotic.즌 | H8.8 | nun | J0S | lulpndziullipeulzep | Hazirladiginiz pudingi | kaselere bosaltin. | Soguk servis yapin. | neri: | lingi ters gevirerek servis yapmak istiyorsaniz, | I (3 su bardagl)süt ile pisirin ve önceden | icin | a islatilmis servis kaplarina döküp sogutun. | kaka | ngin kabuk tutmasin önlemek igin pisirdikten | Dor | arada karistirarak 10 dakika sogutun ve | sol | ürú | kaselere paylastirin. | Türk Gida Kodeksi'ne uygundur. | IsletmeKayit No:TR-35-K-000884 | Serin, kuru ve kokusuz ortamda saklayiniz. | Mensei: Turkiye | Tavsiye edilen tüketim ihi/Parti no: | Net:147g | 09.2021-14:35/1914619 | R.13. | Uretici: Dr. Oetker Gida San. | ds:BekirSaydamCad.No:6835865F | Hazirladiginiz pudingi | kaselere bosaltin. | Soguk servis yapin. | neri: | lingi ters çevirerek servis yapmak istiyorsaniz, | I (3 su bardagl) süt ile pisirin ve önceden | icin | aislatilmis servis kaplarina döküp sogutun. | kaka | ingin kabuk tutmasini önlemek icin pisirdikten | Dor | sora arada karistirarak 10 dakika sogutun ve | uru | kaselere paylastirin. | Turk Gida Kodeksi'ne uygundur. | DS | 3 | isletmeKayitNo:TR-35-K-000884 | DID | Serin, kuru ve kokusuz ortamda saklayiniz. | Mensei: Turkiye | Tavsiye edilen tüketim Sihi/Parti no: | Net:147 | 9 | 09.2021-14:35/1914619 | R.13. | Uretici: Dr.Oetker Gida San. | ds:BekirSaydamCad.No:6835865"
001975,2026,02,21,2026-02-21,s1,"LI DOMATES CORBASI IcindeKiler IToz | nl: Budday unu,kurutulmus ogutuimus | u sebze suyu konsantreleri (kereviz,havuc, | 2. Kaynayana kadar karistiralim. | Kisik ateste 10 dakika pisirdikten sonra | dinlendirip servis edelim. Afiyet olsun. | 100ml | Enerji ve | hazirlanmis | 1 Porsiyon | (250 ml) hazirlanmis (250ml in | Besin Ogeleri | corba icin | 22kcal/90kj | corba icin | 55kcal/230kj | verdigimizi gostermektedir. | Enerji | Yag | 0,2g | 0,5g | %1 | Yaklasik 4 Porsiyon | Doymus yag | 0,1g | 0,2g | GIda isletn | Karbonhidrat | 4,6g | 11,5g | ve Ticaret | Seker | 1,1g | 2,9g | %3 | Dr. Adnan buyukdeniz Ca. | 0,2g | 0,6g | %2 | Uwilever No:1334768Umraniye-lstanbu | tein | 0,6g | 1,4g | %3 | 0,6g | 1,6g | %27 | se | TE1T :26.02.21 | 5A1P.NO:1398 | (mondiTR-39-K-006339 | 1Q8063781230"
001976,NONE,NONE,NONE,NONE,fail,"LIDOMATES CORBAST IcindekIer ITOT | seunu urutulmus ogutamds | Yaklasik 4 Porsiyon | . | I토TT | RENKLENDIRICI | ICERAAEZ. | otu tue Ponirale suyu toru caat | er (sot Dranolseter. pancar kok | trme biberrata.yada | oit arabiber. sarmaak defne yapragt | wonsantreenCkerevt haue. | Kaynayana kadar karstralm. | dinlendirip servis edelim. Afiyet olsun. | 100mt | 1Parsiyon | 1 porsiyon | Enerji ve | hazirlanmis | 250ml)hazrlanmis(250muikin | corba icin | RA- | verdigimizl gostermektedir. | asin Ogeleri | corba icin | 55kcal/230kJ | 43 | 22kcal/90kj | 0.5g | R1 | 029 | %7 | Gida isletn | 029 | 4 | ve Ticaret | 0.1g | ymus yag | 1159 | %3 | Dr. Adnan | buyukae | onhidrat | 469 | 2,9g | %2 | Unileuev | No:1334768.0mrany | 1,1g | 029 | 069 | 1,4g | 3 | 0.6g | 1,6 g | %27 | tein | 0.6g | wtigkininreferansalumduzeyinibelirtir(B400kJ/2000kca) | tein | asn Ogeleri | Enerji ve | honhidrat | 2. Kaynayana kadar karstralm. | hin referans alm duzeyinit | 0.6g | 069 | 0,2g | 469 | 0.1g | 029 | 100mt | 1,1g | 55kcal/230kj | 1 Porsiyon | 1,6 g | 1.4g | 069 | 2,9g | 1159 | 029 | 0.5g | belirtir(8400kJ/2000kcal) | %27 | %3 | C | Yaklasik 4 Porsiyon | belgeli tesisle | No:1334768.Umran | Dr. Adnan | ve Ticaret | Gida isletn | UeJ0n'BL7E ELON | Ueupya | Z/0)unp e sa | L% | E% | Dz0 | 690 | 96 | wjeisuey uepey eueeufen | wesn | OSZ1 | bZ0 | D9' | 9'0 | b9'0 | uaabgurs | DA1 | beK snu | ① | b9'0 | 691 | b9'0 | 2Z% | bt'l | E% | 620 | b9'0 | E | 6Z | b9' | EeJpilud | DeK snu | % | 5Z0 | ulasl epie | L | MOEZVN S | ES | Sruueyizey | BA? | wleiasuenuepey eueeunex | HDOMATES CORBAST ICindeker ITeT | sa unu urutulrogomds | ttu tur. Pomiralesuu tou csot | ert ronal ok | oont karabiber.sarmaak deme yapradt | Oranlerimizin hicbir cesidindedomus | CORBANIZI HAZIRLAMAK ICIN: | en tetm tnm p | I.Ipaket Knor Kremal Domates Corbasindeog) | ssu bardadiitre Douaucaave edelim. | aklayiniz,Sletme Kayit No:TR-4 | 2.kayngana kadar karsuralm. | 150.9001.FSSC22000.15014001=0/5A5m | Kistk ateste to dakika pisirdikten sonra | belgeltesislerimide Tort Gdaxodesrne | dinlendirip servis edelim. Afyet olsun. | olarak uretimistir. Bu belgeler ales gdd | 100mt | 1Parsiyon | Iporsiyon | govenligine. cevremizeve calisaniarminas | hazirtanmis | 1250mllhazruanmls(250mlicm | Enerji ve | corba icin | RA"" | verdigimizl gostermektelr | corba icin | 55kcal/230kj | '3 | arsn Ogeleri | Yaklasik4 Porsiyon | 22kcal/90kl | 05g | 31 | 029 | 1 | Gida isletr | Eneti | 0.1g | 029 | 84 | ve Ticaret | Doymus yag | 59 | 13 | Dr. Adnan Duyukaenizcsd | honhidrar | 4,6g | 299 | T.lg | 42 | UnileverNo:1334768.Omranlye-1stanb | 029 | 0.6g | 1,4g | 43 | 0,.6g | 16g | %27 | tein | 0.6g | talama bir yetigkinin referans alm duzeyini belir la4oo kJ2go keal) | TE1T2E.0221 | e | SA1P.NO:1598 | 8 | 6806371817 | Cmone Mon Koed | /MENKLENDIRICI KCERAMEZ | LIDOMATES CORBASt Icindekier ITor | tod unu.kurutulmusodutuimds | botu tut pomiralt suvu toru tsot | (toer (adt pruna) seker.pancar koku | eeruu.smaotmou kurutuimus | San.tatl kimmse biber oruta.sagsz | nrausukonsantrelen(kerevz.havuc. | Deut karatber.sarmsak. detne yapragu. | pumuta.sot ve sot aranler, hardal,soya. | antem hatgi ve susam icerebiit | Orunlerimizin hibrcesdende dom | Katkiaryoktu .Turkpe de aretim | CORBANIZI HAZIRLAMAK iCIN: | edilen tuketim tarihi Tere parmo | -Ipaket Knor Kremall Domates Corbast'ni(6om). | azerindedir. serme kuru ekouut ye | ssu bardadrCitrel soguksuco lave edelim. | saklayiniz, Isletme Kayit No:TR-34-o | 2.Kaynayana kadar karstralm. | 1509001.FSSC22000.15014001=OH5AS | Kisik ateste 1o dakika pisirdikten sonra | belgell tesislerimide Turk Gda Kodeisne | dinlendirip servis edelim. Afiyet olsun. | olarak uretilmistir. Bu belgeler taitee gda | 1 Porsiyon | 1 porsiyon | guvenligine, cevremize ve calisaniarimin | 100mt | 1250milhazrlanmis(250mlicin | hazirtanmis | RA- | Enerji ve | verdigimizl gostermektedir. | corba icin | corba icin | 43 | 55kcal/230kj | Yaklasik 4 Porsiyon | 3sin Ogeleri | 22kcal/90kl | 0.5g | Gida isletn | Eneti | 0.29 | 1 | 029 | ve Ticaret | 0.1g | R4 | 11.59 | Dr. Adnan Buyukaenizcas | Doymus yad | 4,6g | %3 | 2,9g | Unilevev | No:1334768.Umraniye-Istand | bonhidrar | 1.1g | %2 | 0.6g | 0.2g | 3 | 1,4g | 0.6g | %27 | 1,6 g | tein | 0.6g | ptatamabiretlgknihreleransalumduzeyinibelirtir(B400kJ/200okcat) | e | 1806371181 | 3 | 14 | Monsi Kalenobel | mones | TASOX | 00"
001977,2021,01,14,2021-01-14,s1,"√RENKLENDiRICI ICERMEZ. | CORBANIZI HAZIRLAMAK iCiN: | 2. Kaynayana kadar karstiralim. | dinlendirip servis edelim. Afiyet olsun. | belgeli tesislerimizde Türk GIda Kodeksi'ne uy | olarak uretilmistir.Bu belgeler kaliteye, gida | Enerji ve | hazirlanmis | [250ml)hazirlanmis(250ml)icin | guvenligine,cevremize ve calisanlarmiza on | Besin Ögeleri | corba icin | corba icin | %3 | verdigimizi gostermektedir. | 25kcal/100kj | 60kcal/250kj | Eneri | 0,8g | Yaklasik 4 Porsiyon | 0,3g | www.herkessofra | Yag | 0,1g | 0,3g | %2 | GIda isletmecisi: Unilever San: | Doymus yag | 4,6g | 11,6g | %4 | ve Ticaret Türk A.S. Saray Mal | larbonhidrat | 1,1g | 2,7g | %3 | Dr. Adnan Buyukdeniz Cad. | seker | 0,1g | 0,2g | 0,6g | 1,4g | %3 | sodyum | 0,6g | 1,6g | %26 | 72ge | TETT:14.01.21 | A2P.N0:38B | 906371862"
001978,2020,11,04,2020-11-04,clahe,2020.11.0420:386
001979,2020,11,04,2020-11-04,clahe,2020.11.0420:38
001980,2022,10,15,2022-10-15,s1,：MP19011 | 사용기한:2022.10.15
001981,2022,10,15,2022-10-15,s1,：MP19011 | 사용기한:2022.10.15
001982,2021,10,20,2021-10-20,s1,"라XC | 더~맛있는! | 게먹으면 | 2021,10.20"
001983,2021,10,20,2021-10-20,s1,쓸라XC | 202110.20
001984,2022,01,19,2022-01-19,s1,"3 | 70g | 내용량 | 랜디 | 연표기일까지 | 복숭아,우유,돼지고기 함유 | 监信含：080-512-2020 | 총 내용량70g | 245kcal | 量57g18% | 지방0g0% | 포화지방0g0% | 801204505450 | 10%4g7% | 유통기한 | 2022.01.194 | 까지"
001985,2022,01,19,2022-01-19,s1,"복송아,우유,돼지고기 함유 | 총 내용량 70g | 245kcal | 量57g18% | 지방0g0% | 포화지방0g0% | 1801202535450 | 0%4g7% | 유통기한 | 2022.01.19A | 까지"
001986,2023,01,04,2023-01-04,s1,"동아제과 | 흑당 | BLACK SUGAR CANDY | 흑설탕30%함유 | 2023.01.04 | 1,000 | 100g | 400kcai（C号）"
001987,2025,12,28,2025-12-28,clahe,"BIOYUGA | CARAMEL | 캬라멜 | 동아의 | 무색소 | 정직한 마음 | 202512.28 | 1동아제고 | W 1,000 | iIk |  (,) 4. 64 %  | 90g05 kcalz | （）3.31%院"
001988,NONE,NONE,NONE,NONE,fail,"무색소 | 카라멜 | BIO YUGA | CARAMEL | 90g05kca | W 1,000 | RIK | （）4.64% | 时异（早只）3.31% | FIK | 동아제과 | R | W 1,000 | 서가마 | 33) | 000 | 유 | Fo | X! | %1()ㄴ1 | TSOF06 | 000 | 서가마 | to10号 | 무색소 | BARAMGA카라멜 | CARAMEL | 12.28 | 1됐아제지 | 90g05kca | W 1,000 | （F）4.64% | 13 | 只（9只3.31%悦 | r사 | 동아의 | 무색소 | 카라멜 | BIOYUGA |  마 | CARAMEL | 90g05kca | W 1,000 | HIK | 外（）4.64% | 寸异（早品3.31%品"
001989,2022,11,23,2022-11-23,s1,"2022.11.23 | '적백당 물연구연새산도조절제 | 레온향다.성향료례온행첨가물치 | 제품명후르츠향스 | 색소SU) | 식품의유형 캔디류 | 제조원한을식품/경기 | 정백당,물연구연새산도조절제 | 유통전문관매원 우주통상/경기노 강수시 | 합성향말기혼합 | 유통기한별도표기일까지 | 내 용량55g | 말기다로플렌글리를주정텍스트린코치 | 내포장재질 폴리에틸렌 | 날추출색소시클로데스트린산도 | 号 19950355316107 | 조절제혼합제-치자그린정백 | 보관방 직사선을 피하여 온도 습도가 낮은 실은에 보하 | 당.정제수치자항색소치자청색 | 소,주정,산도조절제 | ·본제품을 드실때치아에 손상이 갈수 | 있으니 독여서 드십시오 | 정백당,물명,구연새산도조절 | ·이 제품은 밀가루를 사용한제품과같 | 오랜지디 제-오렌지리S정수치자 | 제합성향(오렌지항)혼합제 | 주의사항 | 읍 제조시설에서 제조하고 있습니다 | 본제품은 공정거래위원회고시소'사 | 원재료명및 | 분쟁해결 기준에 의거 교환또 보상 | 식품 청가를 | 황색소정백당.신도조제코치 | 받으실 수 있습니다. | 닐추출색소주정 | 1309 | 정책당물연구연센산도조절제 | 31-76 | 생(복승아합 | 영양정보 | S정수양추 | 총 내용량당 | 로스 | 나7mg | 탄주화를 54g | 营弄389 | 정도조 | 트랜스지방09 |  o mg | 2"
001990,2022,11,23,2022-11-23,s1,2022.11.23 | 영양정보
001991,2021,12,28,2021-12-28,s1,"157g | 원재료명 | E바나나놓의 | 우유,대두 | 스카치 | 캔디 | 내포장재질폴리에렌 | 售号：119680086005101 | ·이 제품을 됐지고기,복숭아 | 한 제품과 같은 제조시설에서 제 | 157g | 잇습니다.-속비자 기본법에 의한 피 | 영양정보 |  제품이 고온에 약합니다.직사광 | 700kcal | 해 30°C 이하에서 낮은 습도로 보간 | 내용량당 | 1일영양성분기준치에대한비을 | 18% | 시고,개봉 후 빨리 드십시오.:유통 | 恒喜360mg | 연질품은 본사 및 구입상점에서 항상교 | 验140g | 43% | 유지출는 고운마음, 안버리는 밝은마 | 110% | 013 | 28% | 간혹'빈올지가 나홀수 있으나 제품  | 방0.2g | 약에는 차 이가 없습니다.·한번에 삼키지 | 방13g | 87% | 좋도록 주의하세요 | 데를20mg | 7% | 4질1g만 | 1% | 고객지원센터 | 롯대제과 | 量（%）号.2.000kcal | 080-024-6060 | 데제과 제의C 일부는 | 사인열매 | 21.12,28 A2 | 자 매 품 | 롯데스카치커피"
001992,2021,12,28,2021-12-28,s1,"플리에'렌 | 스카치디 | 돼지고기,복숭아 | 이제품 | 제과 잡제조시설에서 | #81578 | 개봉 후리 트십시오:유 | 본식 및 구입상점에선 항상 | 43% | 36Cng | 140g | 110% | 홍지가 나을수 있으나 제를 | 이가 없습니다.·한번에 삼키 | 80.28 | 87% | #138 | 7% | 롯데대과 | 清量20mg | 1% | 21.12.28 A2 | 매"
001993,2021,10,29,2021-10-29,s1,아스파탐합 | IPS | 새우계란 | 포장사질내면 폴리에 | 0- | 보관방법실온의건 | ·이 제품은 메땅콩 | 호두닭고기 쇠고기 | 시설에서 제조하고 | 소비자분쟁해결기 | ·부정·불량식품 | 제품입니다.·보 | 개봉후바로드 | 영양정 | 총 내용량당 | /터갈릭 새우칩 | 나트륨 | 탄수화물 | 당류 | 지방 | HACCP마크는 위해방지를 위한 사전예방적 | 트랜스 | 식품안전관리체계로서 가장 효과적이고 효율적인 | 포화지 | 식품안전관리체계로 인정받고 있는 마크입니다. | 콜레스테롤 | 단백질 | 1일8 | 2021.10.29 | 기준이 | 15:38 | 비닐류 | OTHER
001994,2021,10,29,2021-10-29,s1,보관방법설의인 | IPS | -이제은매일명 | 호두닭고기시고 | 시설에서제조로 | 소비지장 | ·부정 식 | 제품입니다볼 | 개봉후바로드 | 영양정 | 탄수화를 | 당류 | 터갈릭 새우칩 | 포화지 | 식물인전가리체계로서 가장효가적이고효을적인 | 2021.10.29 | 비닐류 | 15:38
001995,2021,12,18,2021-12-18,s1,"18.12.2021 | w2,000 | ROSHEN | JOHNNY | KROCKER | MILK | 로센 조니 크로커 밀크 | 바바석 완"
001996,2021,12,18,2021-12-18,s1,"18.12.2021 | ROSHEN | w2,000 | JOHNNY | KROCKER | MILK | 로센 조니 크로커 밀크 | 바바"
001997,2021,12,27,2021-12-27,s1,PRETLE | 뿌부 | 390kcal | 18 % | 5 M  | 39 | %100% | 149 | 스지방 | 40 % | 1% | 밀우유 대두함유 | 2mg | 20140332468-15 | 89 | 15 % | 은  통마트고기싶고기시오장어 | 같은 서  니다 | （000kcal | 개인의 필요 열량에 따라 다를 수 있습니다 | 건조한곳에보관하시고개봉후는가급적리 | 부정신고국업이및 | 조구입상점및본에서항상교환해드립니다. | Peet Up for Fin | 809260942189 | 2021.12.27 | www.samjin.net
001998,2021,12,27,2021-12-27,s1,-3- | 09260942189 | 구입본서 상 교 드립니다. | Up for | Zrn | 2021.12.27
001999,2021,04,24,2021-04-24,s1,ulmuone | 생가득 | 라볶이 | 소스 | 21.04.24까지 | 120g | C | 10:47
002000,2021,04,24,2021-04-24,s1,ulmuone | 생가득 | 구물 | 라볶이 | 소스 | 21.04.24까지 | 120g | C | 1047
002001,2022,01,27,2022-01-27,s1,UN | Korean | Macaroni P | 잇날그 | /84g（293.9kcal) | 구워드시면 더욱 맛있습니다! | 2个个是12.58% | 2022.01.27까지
002002,2022,01,27,2022-01-27,s1,/84g（293.9kcal) | 옥수수분말 12 | 리육 맛있습니다 | 2022.01.27
002003,2022,05,15,2022-05-15,s1,"rache | 그라쉐 | 2022.05.15 | Chocolatier | Happy | 행복한 쇼콜라띠에 | 딸기향 | Strawberry | w1,500 | 100g(580Kcal）"
002004,2022,05,15,2022-05-15,s1,ache | 2022.05.15 | Chocolatier | Happy | 행복한 쇼콜라띠에 | 딸기향 | Strawberry | w1500
002005,2022,07,27,2022-07-27,s1,"1lappy Ch | 밀크초코 | Mhilk Choco | rche | 1라쉐 | 2022.07.27 | Chocolatier | Happy | 행 복한 쇼콜라띠에 | 화이트초코 | White Choco | w1,500 | ※템퍼링 공정 필요없음 | 109（600Kcal）"
002006,2022,07,27,2022-07-27,s1,"uche | 2022.07.27 | Chocolal ier | Hap py | 행복한 쇼콜라띠이 | 화이트초고 | Write Checo | w1,500"
002007,2022,01,14,2022-01-14,s1,Sweet Taste | auus:nau / ingredients | Uws1090%in01a9%ina | Coconut 90% sugar 9% salt | Manufactured and Distributed by | 1sinan7wog 29/12minli | nnaaun Jnasnd 12140 | lucky 7 food co.Itd | namai lardloomkaew pathumthani 12140 | BEST BEFORE | 2022/01/14 | 9537300037 | RODUCT OF THAILAND
002008,2022,01,14,2022-01-14,s1,auus=nau / ingredients | uws1390%ln01a9%n | Coconut 90%sugar 9%salr | Manufactured and Distributed by | 13an7aa29/12minl | e12140 | lucky 7 food co.Itd | BESTBEFORE | 37300037 | 2022/01/14
002009,2021,12,02,2021-12-02,rot90,"N,TAILAN):BEST BEFDRE 02 12 2021(AJSTRALIA)"
002010,2021,12,02,2021-12-02,s2,"N,TAIWAN);BEST BEF0RE 02 12 2021(AJSTRALIA)"
002011,NONE,NONE,NONE,NONE,fail,2020.C6.30 | 2020.C6.30 | 2020.C6.30 | [Unel | [Un] | 2020.C6.30
002012,NONE,NONE,NONE,NONE,fail,2020.C6.30 | 2020.C6.30 | 2020.C6.30 | 2020.C6.30
002013,2022,10,01,2022-10-01,s1,RFID | 코감기가싹 | 코앤쿨 | 제조번호:': | 19025 | 사용기한:; | 2022.10.01 | GTIN.8806435073914
002014,2023,06,28,2023-06-28,s1,"밴드닥터 | Band Doctor | 의약외품 | 통기구명 | 특수 폴리에틸렌망 | 소독과 보호기능을 하나로! | •제품명:밴드닥터 대형 | ·효능효과:상처부위,환부등의 보호 | （130 | •사용시주의사항:피부과민증상이있는경우에는 | 2 | 서늘한 실온에 보관하십시오. | ·제조업자:주식회사밴드닥터 | ∞ | 101,201，2021含202） | （02)2668-2255 | www.banddoctor.co.kr | [대형] 8매입 | B2200629 | 제조번호: | 사용기한: | 2023.06.28"
002015,2023,06,28,2023-06-28,s1,밴드닥터 | Band Docfor | 의약외품 | 소독과 보호기능을 하나로! | ·제 품 명:밴드닥터 대형 | 효능효과:상정부위황부 등의 보호 | 2 | 02）2668-2255 | 90 | [대형] 8매입 | B2290629 | 2023.06.28
002016,NONE,NONE,NONE,NONE,fail,"TKSPT:I | y ye fg | 1910202222:04 | B1612387 | V7 | frais el sec. | (E491) | consurmmer de predere | jul alals | cnbo | 1910202222:04 | LEVADURA | INSTANTANEA | Levadura | (Saccharomyces | 2WEVIS | emulgente: monoeslearato det | 1an(E491 | Modo de empleo: Mezclar a b | arina 0 a | masa al principlo del ergsado, Almacenaren | LSV | ugar fresco y | seco. | Lote/Fecha | de | produccion/Consumir _preferentemente antes | de:ver anelenvase.Pesoneto:500g | LEVEDURA | INSTANTANEA | Ingredlentes | Levedura | (Saccharomyces | cerevisia), | emulsificador monoestearato de sorbitana | Made in France by | (491)MpMraf | Fabrique en France par | a massa no inico da amassadura. Cowearrses | Fabricado en Francia por | lugar fresco e seco Lote/Data do producai | consumir de preferéncia antes de: veja n | Fabricado na Franga por | embalagemPeso tiguids:50g | 8 | SJILESAFFRE-137rueGabrlelPern | 59703-Marcq-en-Barceuf-France | Doos opn osd waberequ |  ela ap sene muaajad ap mnsuo | lugdapod epepoa/ator ooas a oosa, sebn | gruesog unpesseue ep oolul ou esee e | ndene e ensi obadu ap opo tL6 | oueyuos ap  | BunpeAaT | VINYANVLSNI | K5PR:1 | ua-reubeuy opes jop Oidiouud pe esu | ap opereopseouo auabinua | saafuaiyooes) | einpeaan | TTP7T | aepad ap souunsuoa | q! | JN20SPSC4 | S.I.LESAFFRE-137rue Gab | abr | pD.. | Ce by | (E491) | Aq aueguf apey | Ixm2 | 19 | 19104202222: | B | 1612387 |  () T | TSRT:IT | SUS E.EEbS- L L | 19102022 | 22 | 04J | B | 1612387 | ep pnol | ngernej e seunsiw obadue ap opow(L6ra | ap oreoseouocauabmu | aafuaeypces) | Boossopnbyosed wabejeque | wt jop oidiouud pe eseu | ebessinad ap pnoou | A oosaus sen | einpeas | Bunpena"
002017,2021,10,23,2021-10-23,s1,EXF.2021.10.23 | 1CE16:19
002018,2021,10,23,2021-10-23,s1,"EXP. 2021, 10. 23 | 1CE16:19"
002019,2022,03,09,2022-03-09,clahe,9-03-2022
002020,2023,05,01,2023-05-01,s1,VEGAN | DRE:01/05/2023
002021,2022,04,09,2022-04-09,s1,"식품안전관리인증 | HACCP | kcal | ZERO | Stevia*1个/100ml | 제품명 | 무설탕 비타민C 복숭아티 식품의 유형당류가공품 | 제조·판매원 | (주)바이오믹스테크/서울시 영등포구 | 1702-6403-3388) | 유통기한 | 원재료명 | 23 | 및함량 | 비타민(CO.5%,합성향료(요구르트행) 파인에플농촉분말(파인에플농축역(고형분 | 용기(포장)재질 | 희석양 | 号17H（10g）/号100ml | 반품및 교환 | 구입처및판매원 | 개봉한 제품은 꼭 밀봉하여 보관해 주시기 바랍니다 | 유통기한 | 2022.04.09"
002022,2022,04,09,2022-04-09,s1,"kcal | 제품명 | 무설탕 비타민C 복숭아티 식품의 유형 딩류가공품 | (취방인옥믹스텐크/서울시 영등포국 | 제조·판매원 | 1人堂17（02-6403-3388） | 유통기한 | D- | 원재료명 | 및함량 | 용기(포장)재질 | 号17（10g）/量100ml | 반품및 교환 구입처 및 판매원 | 은복 일봉하여 보라해 추시기 바랍니다 | 2022,04,09"
002023,2020,11,10,2020-11-10,s1,"재질 | (oo kcal) | 폴리프로필렌(내면),트레이-폴리에틸랜터 | 료명 | 밀크초콜릿[설탕,전지분유,코코아매스,코코아번 | (잠유,해바라기유),대두레시틴,바닐라,아몬드 | 시럽[설탕,아라비아검],혼합제제합성향료,커피 | 글리콜,자당,정제수,구연산),합성향료(버터우 | 우유,대두 함유 | PK139 S | EXP:2020,11.10 | 2000"
002024,2020,11,10,2020-11-10,s1,"료명 | 우유,대두 함유 | PK139S | EXP:2020.11.10 | 2 | O0"
002025,2020,01,03,2020-01-03,s1,플R | AUNIPORUREPS | YJ 20.01.03.13:04 | 0 | NO | (%00
002026,2020,01,03,2020-01-03,s1,  | e o  | o | YJ 20.01.03.13:04 | 0
002027,2020,11,26,2020-11-26,s1,귀리로 맞이하는 따뜻한 아침! | Post | 화이버 오트밀 | 2우유와 항께 풍부한 맛의 | 3나안의 레시피로 만드는 | 따라 요거트 다양한 과일 견과류 | 등과우유70m부어냉장실에 | 넣어 두고 약 30분이 지나면 딱억기 | 입맛에 딱맞는 구수하고 담백한맛의 | 좋은 나만의 Cold 오트밀 완성 | 레시피로개발 되었습니다 | ·조리시뜨검기 때문에 화상에 주의하세요. | 포스트 화이버 오트밀이 특별한 이유! | 2020.11.26 까지 13:00
002028,2020,11,26,2020-11-26,s1,귀리로 많이하는 아뜻한이집! | Post | 화이버 오트밀 | 2020.11.26까지13:00
002029,2020,11,22,2020-11-22,s1,"메요네즈 습관처럼 고르지는 않나요? | CLEAN | CAP |   이  | 제품 영 고소한마요네즈 | 13803-7002-184 | 300g | 북국산-마국,중국,아르헨티나 등,정제수,난황역 | B 미국 이탈리아 등,영조식초 실당,고소마요 | 옥스스알파전북옥수수외국선,정제소금국산] | 분금 형유,이디 티,대이칼숭이나트렇신화방지제 | 반:세울특시 동대문구 천호대로 26 | 트유을퇴택 시양 같은 제직설에서 제조하고 있습니다 | ∞ | 으 의수인 | 접·부품·물통신는 국입이 | 80-019-119（人内） | ccm | F DAESANG /W daOng cOm | 2020.11.22 | 까지 | 08:58"
002030,2019,11,18,2019-11-18,s1,"2,000 | W | 이츠웰 | CJ | 프레시웨이 | 주방세제 | 레몬 | 1L | 레몬향으로 상큼하게 | 피부보호효과로 순하게 | 2019.11.18"
002031,NONE,NONE,NONE,NONE,fail,W | 2.000 | 이츠웰 | 프레시웨이 | 주방세제 | 레온 | 레몬향으로 상큼하게 | 피부보홍홍관 | 2019.11 | Quality | 하 | ：1010389：：01L·： | 18 | H | 주방세제 | 이츠웰 | W2.000 | 피부로 | 2019 | 프레시웨이 | 하고 | 레온 | 비 | 000 | 28 | 레몬향으로 상큼하게 | IFYRH | AA | W2.000 | 이츠웰 | Quality | 프레시웨이 | 주방세제 | 레오 | 레몬향으로 상큼하게 | 피부보호효과 | 63 | ：1010389 | W | 2.000 | 이츠웰 | Quallity | Promise | 프레시웨이 | 주방세제 | 레목 | 레몬향으로 상큼하게 | 968052019.118 | 피부보호효과로 | 산품한 | 상큼하고 | ：1010389：：0车1·含119 | 순학게 |    | 김사:되내품는물 깨모이 | A | 북신시요 | 부니 장사간 사공사 고무장인 | 80873906028
002032,2022,03,22,2022-03-22,s1,"포장재질내인):용기-유리경-철 폴리영화비닐·유동기한하단드 | ·보관방법:직사광선을 피한 실온에서 보관하여주시고,개봉후에는 방공보 | (논)%08 /%SZL∠< | 주제요·주의사항:이제품은토마토 복승아,대두,우유일최고기 물기명들 | 조개류굴)를 사용한 제품과 같은 제조시설에서 제조하고 있습니다.용기를개조 | 13 | 보관할 경우 공광이가 발생할 수 있으니깨끗한 스푼을 사용하시고가급적물리드8 | 뚜껑을 처음 열때'병소리'가 나야 정상제품입니다.·본제품은 공정거레유원회과 | 소비자분쟁해결 기준에의거,교환 또는 보상을 받을 수있습니다.반품및고관 구 | 28·：080-254-6580 | 유통기한: | 2022.03.22"
002033,2022,03,22,2022-03-22,s1,제용명:복용자리물기력·식품유청: | 7125%780%（）#创824 | 정제인:응기-유리-.리영-  | 热28·卫240号号：080-254-5530 | 유통기한: | 2022.03.22
002034,2017,12,20,2017-12-20,s1,17.12.20 | L352MW--12:14 | utelld | 하루를 시작하는 행복한 방법
002035,2017,12,20,2017-12-20,s1,17.12.20 | L352MW-.12:14 | utelld | 하루를 시작하는 행복한 방
002036,2020,08,22,2020-08-22,s1,BEST BY 20.08.22
002037,2020,08,22,2020-08-22,s1,BES1 B4 20.08.22
002038,2020,11,26,2020-11-26,s1,LOOKAS 9 | R e s e r v e | Drip in Stick | 프리미엄다크로스팅 | O-grader가 선택한 명품 아메리카노 | 최상급 아라비카원두 블렌딩 | 깊은 형이 뛰어난 다크 아메리카노 | 000000D | 유통기한 | 2020.11.266 | 까지
002039,2021,12,03,2021-12-03,s1,Selected with | Pride | 2021.12.03까지 | ·최적의 온도와 시간으로 로스팅하여 | 고소~하고 풍미가 좋습니다 | ·캐슈넛 최대 생산지인 베트남산 캐슈넛 | 구운캐슈너
002040,2021,12,03,2021-12-03,s1,Selected with | Pride | 2021.12.03까지 | ·최적의 온도와 시간으로 로스팅하여 | 고소-하고 풍미가 좋습니다 | •캐슈넷 최대 생산지인 베트남산 캐슈넷 | 구운캐슈너
002041,2020,08,27,2020-08-27,s1,CHEW&Real | 청정원 | sman | 통째로 구운 군고구마의 풍미와 달콤함 | ·이 제품은 대듀 우유 일 서유 효부 | 아랑산류를 사용한 제품과 같은 제조사설에시' | 제조하고 있습니다. | 포장사실나면 폴리프로필렌 | ·본제품은 소비자 분방결 기준해의 | 내용량60g | 교환또는 보상을을수일다 | 100% | 빈품 및 교환장소:관매연및구립 | ·부정·랑이 | 소재지 | 유통전문판매원:대생(주)서울특별시 동대문구 천호대로26 | ccm | 총 내용량60 g | 영양정보 | 170kcal | DAESANG D영주S시 | 00g0%0mg0%2g4% | 2020.08.27까지F2 | 주의사항 | 빠는 하얀분과 같습니다.(이미지1) | 안심하고 드셔도 됩니다.(이미지2) | 개봉후 가급적멜리드십시오.
002042,2020,08,27,2020-08-27,s1,CHEW&Real | 통째로 구운 군고구마의 풍미와달콤함 | 모민 플리프로린 | 710024） | 818860g | 170kcal | 영양정보 | 2020.08.27까지F2 | 주의사항 | 는 하안분과 같습니다.(이미지1) | 안심하고도시도 니다.(이미지2)
002043,2019,12,20,2019-12-20,s1,CALIFORNIA | Walrut | 2019.12.20.FBS | 캘리포니아호두
002044,2019,12,20,2019-12-20,s1,CALIFORNIA | Valnut | 2019.12.20.FBS | 호두 | 캘리포니아
002045,2021,12,10,2021-12-10,s1,A지하적으로 일통하면맛과 품질 유지에 도음이 됩니다. | ①자연에 더욱 가깝게! | I대잔치! | ①수이 | 영양정보 | 三量0mg0%个量13.5g4% | 异12g12% | 지방0g 0% | 트랜스지방0g | 415g6% | 2021.12.10
002046,2021,12,10,2021-12-10,s1,영양정보 | 랜스09 | 20时号1596% | 2021.12.10
002047,2021,07,31,2021-07-31,s1,1500000306 | BEST BY 31JUL21 | Pears | 00935157C107:14:8 | US0306
002048,2021,07,31,2021-07-31,s1,1500000306 | BEST BY 31JUL21 | Pears | 00935157C107:14:8 | US0306
002049,2021,03,25,2021-03-25,s1,"식품유형 소스(살균제품 | 번품및 교환장쇠 판매원 및 구입처 | 제조원 | F2号255 | 유통전문판매원 대생주)서을 특시동대문구 천호대로 8 | 원재료명 다이스드토마토토토마토주스구연산 영화일 | 습/미국신),정제수,토마토페스 중국센,로스티트 양 | (양파·국산,대두유·외국산),UHT크(유크림,카라가난/독일 | 신설당생크림유크우유국대두에이스 | 62.1%（5 | 토마토,대두,우유 밀 쇠고기,닭고 조개류굴 함유 | 포장재질 용가-유리, 뚜껑-철 폴리엄화비닐 | 卫F1-20060464021-115.F2-195044902346 | 알류,메밀,땅콩,고등어,게,새우,돼지고기,복숭아,아용신류. | 호두,오징어,조개류(전복,홍합 포함),잣 성분 혼입 가능. | (늘하고 건조한 곳에 보관,개봉 후에는 냉장보관 | 본 제품은 소비자 기본법에 의거 교환 또는 보상. | ccm | 080-019-919（ | 유통기한: | 2021.03.25.F2 | 까지"
002050,2021,03,25,2021-03-25,s1,"식품유형|소스(실군제품) | F1 (주)복음자리 충남 | 용있교신대원및구 | 제조원 | F2대생(주)천안공장 | 산시 성동면 산업단지로3일2 | 문판매원 대생주) 서들 | 다이스드토마토토) | |동대문구 천호대로 장 | 숨/미국산),정제수,토마로페 | 마토주스,구연산영 | (양파:국산,대두유:외국산), U | 중국산),로스티트 1 | 산),설탕,생크림(유크림(우유:국: | (유크림, 카라기난/독일 | 변성전분,치킨역기스,정제소금,2 | 대두유, 김철앗에이스 | 韩配621%号7 | 파,바질,오레가노,흑 | 보장재질 용가-유리,뚜껑-철 폴리염화비날 | 늘하고 건조한 곳에 보관,개봉 후에는 냉장보관 | 본 제품은 소비자 기본법에 의거 교환 또는 보상 | 1399 | 080-09-9119（2） | ccm | 유통기한: | 2021.03.25.F2 | 까지"
002051,NONE,04,14,NONE-04-14,s1,유동기한 | 04-14 | 까지 | Expiry Date | 13:45 |  JK | 여는곳 | 덴마크 | Denmark | 민트라떼 | Mint Latte | SINCE | 2007 | PREMIUM | LATTE
002052,NONE,NONE,NONE,NONE,fail,04-14 | 13:45 | JK | 여는 | Expiny Date | 덴마크 | 민트라떼 | Denmar | Mint Latte | SINCE | 2007 | PREMIUM | LATTE | 음동 | SINCE | 2007 | PREMIUM | 민트라떼 | 덴마크 | C | AONIN | LOOZ | MLEMVOA | 2O0Z | SCNIN | 터매교 | SP:SI | nea | dx | 04-14 | 까식 | 유동기b | 13:45JK | 여는곳 | Expiry Date | 덴마크 | Denmar | 민트라떼 | Munt Latte | SINCE | 2007 | PREMIUM | LATTE | 04-14 | 여는곳 | JK | Expiry Date | 13:45 | 덴마크 | 민트라떼 | Denmaru | Mint Latte | SINCE | 2007 | PREMIUM | LATTE
002053,2020,08,11,2020-08-11,s1,"LOTTE | Chefood | 쉐푸드 | 2020.08.11- | 쉐푸드 스파게티 | 까르보나라 | 담백한 크림소스와 신선한 베이컨,양송이의 맛이 | [key Point] | 2유림 | Chef's Choice | 가정간편식 | 1인분 | 11220g | 40%4%2%） | 본이미지는 품 참고용 | 1209开100g | 이미지 것입니다"
002054,NONE,NONE,NONE,NONE,fail,"00 g: | ergi / | 2433k//kAx/ | 590kcal/kkan | 51 g/r | radas / | fett / | 31g/r | EAL | 046920028721 | 8,0g/r | Best before end: | es/ | 1,0g/r | pa | 12 2021 | beAKM | 15g/r | L5640 30506:39 | 0,06g/r | ited Kingdom: 4 New Square, | of Ireland:PO BOX 13038, | outh Africa) (Pty) Ltd., 4 Bree | or: Lindt & Sprüngli (España) | Distribueras  av / Markkinoija: | AO KOHLa: CM. WTaMn: | tan 6A, SE-16972 Solna. | peTeH3Mn Ha TeppuTopun P①: | 01000, PoccM9, r.MocKBa, | , nomelleHne 18. | LINDT & SPRUNGLI SAS | ar en lugar fresco y seco./ | rrt ocht sValt. / XpaHuTb npn | www.lindt.com | o  BAaKHOCTN  BO3AyXa He | Net weight / Peso neto / Nettopaino/ | 50g/r | Nettovikt / Macca HeTTo: | PAP | Consumir preferentemente antes del fin de / | Parasta ennen loppua / Bäst före utgngen av / ToAeH | QUA LI T Y GUARAN T E E | CHOCOLADEFABRIKEN LINDT & SPRUNGLI AG | KILCHBERG / SWITZERLAND | &SPRO | MANUFACTURED IN FRANCE BY: | FR-64400OLORON-SAINTE-MARIE | COCOA | LINDT SUSTAINABILITY | o  BAaKHOC  Bo3AyXa  He | rrt ocht sValt. / XpaHuTb npn | ar en lugar fresco y seco. | , noMeeHne 18. | 01000, PoccMg,r.MocKBa, | peeHM Ha TeppuTopn P: | tan6A,SE-16972Solna. | istribueras av / Markkinoija: | por: Lindt & Sprungli (España) | outh Africa) (Pty) Ltd., 4 Bree | of Ireland:POBOX 13038, | ited Kingdom: 4 New Square, | beAKn | fett/ | radas/ | 00 g: | 590kcal/kkan | 2433kJ/kAl | 0,06 g/r | 15 g/r | 1,0g/r | 8,0g/r | 31g/r | 51 g/r | AO KOHua: CM. WTaMn: | Parasta ennen loppua / Bäst före utgngen av / ToAeH | Consumir preferentemente antes del fin de / | Best before end: | Nettovikt / Macca HerTo: | Net weight / Peso neto / Nettopaino / | CHOCOLADEFABRIKEN LINDT & SPRUNGLI AG | QUALITY GUARANTEE | L5640 305 06:39 | 122021 | 3""046920""028721 | LINDT SUSTAINABILITY | FR-64400OLORON-SAINTE-MARIE | MANUFACTURED IN FRANCE BY: | LINDT & SPRUNGLI SAS | KILCHBERG/ SWITZERLAND | www.lindt.com | 50g/[ | 258816 | COCOA | &SPRI | A |   | 1228201026970m | ASITIIVNIVISNS IONIT |    | 1/900 | /8LS | J/8LE | 1/80'8 | /80'L | J/8SL | 800 | /sepe. | 33 | 9 | VMECS | ASISINVNIVSSNS ICNIT | YU | () u  u  | 258816 | 1/8900 | A | 1/8SL | ed | 1/80 | 1/80'8 | J/8LE | /8 LS | :800 | 00 g: | ergi/ | 2433kJ/kAk/ | 590kcal/kkaa | 51g/r | radas/ | fett/ | 31g/r | EAI | 3 | 3046920028721 | 8,0g/r | Best before end: | es/ | 1,0g/r | pa | 122021 | beAKM | 15g/r | L5640 305 06:39 | 88 | 0,06g/r | PAP | ited Kingdom: 4 New Square, | of Ireland:POBOX 13038, | outh Africa) (Pty) Ltd., 4 Bree | Consumir preferentemente antes del fin de/ | por: Lindt & Sprüngli (España) | Parasta ennen loppua / Bäst före utgngen av/ToAeH | Distribueras av / Markkinoija: | AO KOHua: CM. WTaMn: | tan6A,SE-16972Solna. | QUALITY GUARANTEE | peTeH3MM Ha TeppMTopu P①: | CHOCOLADEFABRIKEN LINDT & SPRONGLI AG | 01000, PoccMy, r.MocKBa, | KILCHBERG/SWITZERLAND | ,noMeleHne 18. | SPR | MANUFACTURED IN FRANCE BY: | LINDT& SPRUNGLI SAS | FR-64400OLORON-SAINTE-MARIE | COCOA | ar en lugar fresco y seco./ | LINDT SUSTAINABILITY | G PRO | rrt ocht svalt./XpaHuTb npn | www.lindt.com | o BAaKHOCTM BO3AyXa He | Net weight / Peso neto / Nettopaino | 50g/re | Nettovikt / Macca HeTTo: | 00 g: | ergi / | 2433kJ/kA/ | 590kcal/kka | o6p | 51 g/r | Ceprupukaly | radas / | fett / | 31 g/r | 3 | ""046920028721 | 8,0 g/r | Best before end: | es/ | 1,0g/r | 12 2021 | pa | 15g/r | beAKM | L564030506:39 | 0,06 g /r | PAP | ited Kingdom: 4 New Square, | of Ireland:PO BOX13038, | outh Africa) (Pty) Ltd., 4 Bree | Consumir preferentemente antes del fin de/ | Parasta ennen loppua / Bst före utgángen av / ToAeH | or: Lindt & Sprüngli (España) | Distribueras av / Markkinoija: | AO KOHua: CM. WTaMn: | tan 6A,SE-16972Solna./ | QUALITY GUARANTEE | peTeH3un Ha TeppuTopun P①: | CHOCOLADEFABRIKEN LINDT & SPRUNGLI AG | 01000, Poccuy, r.MockBa, | KILCHBERG / SWITZERLAND | ,noMelleHne 18. | MANUFACTURED IN FRANCE BY: | LINDT & SPRUNGLI SAS | COCOA | FR-64400OLORON-SAINTE-MARIE | ar en lugar fresco y seco./ | LINDT SUSTAINABILITY | rrt ocht svalt. / XpaHuTb npn | www.lindt.com | oü BAaKHOCTM BO3AyXa He | Net weight /Peso neto /Nettopaino / | 50g/r | Nettovikt / Macca HeTTo:"
002055,NONE,NONE,NONE,NONE,fail,"0g: | 2433k/kAx/ | 590kcal/kkaA | 51 g/r | das/ | EAL | 31 g/r | 046920028721 | 8,0g/r | Best before end: | 1,0g/r | 122021 | 15 g/r | L564030506:39 | 0,06g/r | d Kingdom: 4 New Square, | fIreland:POBOX13038, | th Africa) (Pty) Ltd., 4 Bree | : Lindt & Sprungli (España) | stribueras av / Markkinoija: | 6A,SE-16972Solna. | TeHmn Ha eppwTopun PD: | 0oo,PoccMs,r.MockBa, | en lugar fresco y seco. / | ocht svalt. / XpaHnTb npn | 50g/re | gi/ | tt/ | 3 | PAKM | PAP | Consumir preferentemente antes del fin de / | Parasta ennen loppua / Bst före utgángen av / ToAeH | AO KoHua: CM. WITaMn: | QUALITY GUARANTEE | CHOCOLADEFABRIKEN LINDT & SPRONGLI AG | KILCHBERG / SWITZERLAND | oMeueHe18. | MANUFACTURED IN FRANCE BY: | LINDT& SPRONGLI SAS | COCOA | FR-64400OLORON-SAINTE-MARIE | LINDT SUSTAINABILITY | www.lindt.com | Net weight /Peso neto / Nettopaino. | BAaXHOCTM BO3AyXa He | Nettovikt / Macca Herro: | BAaxHOCTM  BO3AyXa He | ocht svalt. / XpaHwTb npn | en lugar fresco y seco. / | oMeujeHne 18. | 0o,PoccMs,r.MocKBa, | TeH3Mn Ha TeppMTopun P$: | 6A,SE-16972Solna | : Lindt & Sprungli (España) | th Africa) (Pty) Ltd., | Ireland:POBOx13038, | 2AKM | das/ | . | g: | 590kcal/kkaA | 2433kl/kA/ | 0,06g/r | 15g/r | 1,0g/r | 8,0g/r | 31 g/r | 51 g/r | 4 Bree | AO KOHua: CM. WTaMn: | Parasta ennen loppua / Bst fore utgngen av / ToAeH | Consumir preferentemente antes del fin de /  | Best before end: | Nettovikt / Macca Herro: | Net weight / Peso neto / Nettopaino/ | QUALITY GUARANTEE | L5640 | 122021 | 3 | LINDT SUSTAINABILITY | FR-64400OLORON-SAINTE-MARIE | MANUFACTURED IN FRANCE BY: | ""046920""028721 | LINDT& SPRONGLI SAS | KILCHBERG/ SWITZERLAND | www.Iindt.com | 30506:39 | 50g/r | 258816 | D | J/80S | 1268201026970m | ALITIBVNIVLSNS LONIT | WOIPU!IMMM | LZ0Z ZL | AIITVNO | LaNI | 'auenbs Mn t :opsu | (eues)unds  u | J/8 LS | /8900 | /8 1E | 1/0 | J/8SL | sep | WXVE | WOIPU!IMMM | ALITIIVNIVLSNS LONIT | ONVTSIZLIMS/EIIHCTIX |     | (eued) unuds  pu: | 'aenbs Mn t opuly p | /8900 | MOXVS | LZOZ ZL | B] | /8 LE | /1 | J/8 LS | :80 | 0g: | gi/ | 2433kJ/kAk | 590kcal/kkaA | 51 g/r | das/ | EAL | t! | 31g/r | 3 | 3046920028721 | D | 8,0 g/r | Best before end: | 1,0g/r | 122021 | PAKM | 15 g/r | L564030506:39 | PAP | 0,06g/r | d Kingdom: 4 New Square, | fIreland:POBOX13038, | Consumir preferentemente antes del fin de/ | th Africa) (Pty) Ltd., 4 Bree | Parasta ennen loppua /Bast fore utgangen av/FoAeH | : Lindt & Sprungli (España) | stribueras av /Markkinoija: | Ao KoHua: CM. MTaMn: | 6A,SE-16972Solna. | QUALITY CUARANTEE | TeHMM Ha TeppuTopMn PD: | CHOCOLADEFARRIKEN LINDT A SPRONGLI AG | 000,PoccMs,F,MockBa, | KILCHBERG/SWITZERLAND | ToMeueHne 18. | MANUFACTURED IN FRANCE BY: | LINDT & SPRONGLI SAS | GOCOA | FR-64400OLORON-SAINTE-MARIE | en lugar fresco y seco./ | LINDT SUSTAINABILITY | ocht svalt./XpaHwTb npn | www.lindt.com | Net weight/ Peso neto / Nettopaino | 50g/r | BAaXHOCTM BO3AyXa He | Nettovikt/Macca Herro: | 0g: | gi/ | 2433kj/kAk/ | 590kcal/kkaA | 51 g/r | das/ | EAL | tt/ | 31 g/r | 3 | 046920""028721 | 8,0 g/r | Best before end: | 1,0g/r | 122021 | 15 g/r | 506:39 | BAKM | L5640305 | PAP | 006g/r | d Kingdom: 4 New Square, | fIreland:POBOX13038, | Consumir preferentemente antes del fin de/ | th Africa) (Pty) Ltd., 4 Bree | Parasta ennen loppua /Bást före utgángen av /ToAeH | : Lindt  Sprüngli (España) | stribueras av/Markkinoija: | Ao KOHua: CM.WTaMn: | 6A,SE-16972Solna. | QUALITY GUARANTEE | TeH3Mn Ha TeppMTopMn P: | CHOCOLADEFABRIKEN LINDT & SPRONGLI AG | KILCHBERG /SWITZERLAND | ooo,PoccMs,r.MockBa, | OMeujeHme 18. | MANUFACTURED IN FRANCE BY: | LINDT | LINDT & SPRUNGLI SAS | COCOA | FR-64400 OLORON-SAINTE-MARIE | en lugar fresco y seco./ | LINDT SUSTAINABILITY | www.iindt.com | ocht svalt./XpaHnTb npn | 50g/r | Net weight/Peso neto/Nettopaino/ | BAaXKHOCTM BO3AyXa He | Nettovikt/ Macca HeTTo:"
002056,2021,12,17,2021-12-17,s1,2021.12. 17
002057,2021,12,17,2021-12-17,s1,2021.12.17
002058,2022,06,22,2022-06-22,s1,"메뉴제안 | ., 찌개등국물요리에큰술 | 조절하십시오 | 역 천일염 함유 |  소성가 참유되었습니다. | 기사용 | SRNV 등었습니다. | 가열 후 섭취식품 | 알류 게생우 돼지고기. 닭고기 | 오칭어, 우유조개류(굴. 홍합) | 성분 혼입가능 | [L모장재질 폴리에틸렌 | 온제품은 손비자 기본법에 의거 | 교환 또는 보상 | 반품및교환장소:복산및구입처 | 영국)포도당,가루여 국물내기베이 | 부청불량식품 신고는 국번없이 | 의우지:국산),효모식품, 맛선생베이스 알파 | 080-019-919（） | 엄맛페이스트 | 대두,밀, 쇠고기, 조개류 함유 | 취)기공장 경기도 용인시 기흥구 동탄기흥로 | 26 | 8801052012032 | 을피하시고 건조하고 서늘한 곳에 보관. | 포장지가 날카로우므로 개봉 및 사용시 주의 하십시오. | 해필 수 있으나 품질에는 이상이 없으니 안심하고 드셔도 됩니다. | DAESANG 대상주식회사 | ·유통기한 | 2022,06,22 L30 | 까지 | OTHER 분리수게를 생화합시다 .소중한 자원 개끗한 환경"
002059,2022,06,22,2022-06-22,s1,"메뉴제안 |  국요리에1큰술 | 역 전일영 함유 | 사용 | 알겐생워 돼지고기닭고기 | 오징어 우유조개류(글홍합) | 성분 흡입가능 | 제품은소비자기본법에의거 | 교환 또는 보상 | 및교환장소:복산및구입처 | 모도 가록역 국물내기베이 | 량식품신고는 축번없이 | 식태국산).소고기추출액(소고기 | 자국신) 효모식품. 맛선생베이스, 알파 | 080-019-119（早 | 대두,일 쇠고기, 조개류 함유 | 58기도 용인시 기구 동탄기용로 | 본사서울특별시 동대문구 천호대로 26 | 8801052012032 | 피하시고 건조하고 서늘한 곳에 보관. | ·문장지가 널카로우으로 개용 및 사용시 주의 하십시오 | 2022,06,22 L30"
002060,NONE,NONE,NONE,NONE,fail,个量5g2% | 트랜스지방o8 | GG- | 매일유업(주) | 번 | 제 | 4g4% | %6 | 플라스틱 | OTHER | 은 세계에서 | 15mg5% | 106 | OnE/ | OTHER | SN로 | 플리스틱 | 복숨아. | 7 | 갑은 | 1 | LF? | o0 | 40818 | 매일유업(취 | 0 | 90 | Frllol | LI 0 | Frllollcr | r | 80/ | %S | %t Suol | 보포 | 플리에일 | Ci용김보. | ~청업공iF5) | 5 | 그로 주의바랍니다. | 吉LH号900g/100 | IC | 탄수화물 5g2% | 랜스지방 0g | 4.5g8% | OTHER | 8180112/17 | 매일유업(주 | 계에서 | 바이오틱 유산균입니다 | 明盟楼目1588-1539 | 591 | （2018） | 04.17715:59 | www.maeill. | com | 个量5g2% | 风2.6g17% | 4g4% | 트랜스지방og | 5 | 70mg4% | 398796 | 플라스틱 | LGG | OTHER | OE/경PP | 매일유업(쥐) | 1588-1539 | 산균은 세계에서 | www.maeil.com | 04.177周15
002061,NONE,NONE,NONE,NONE,fail,매일유업(취) | 바이오틱 유산균입니다 | OTHER | LGG | 매일유업(취 | 70 | 55 | (0 | 기기근성이어 | %88 | 0o | 0 | H | 매일유업(취) | 내오틱 유산곤입니다 | 电2号网1588-1539 | D4.170W15:59 | www.maeil. | com | 수화52% | 당류44 | 96 | 랜스지방으B | GG | 88071211 | OTHER | 매일유업(취) | 59 | 电型8目1588-1539 | 계에서 | 바이오틱 유산군입니다 | 04.17W15:59 | www.maeil.com | 2000（2018）
002062,2023,02,NONE,2023-02-NONE,s1,L0T502337-04 | EXP | 02/2023 | SOLGARe | Since | 1947 | “100”
002063,2023,02,NONE,2023-02-NONE,s1,"LOT | 502337-04 | EXP | 02/2023 | Since | SOLGAR"" | 1947 | “100"""
002064,2021,09,03,2021-09-03,s1,"실온보관,개봉후에는 냉장보 | 보관방법 | 로 변질우려가 있으니 한번에 | 하여 추십시오. | 특정성분 | 65.8% | 9%1.9% | !주의사항 | ·사용 후 포장재는 반드시 분리배출 | 십시오.이 제품은 대두,밀,고등어.게서 | 고기,돼지고기,땅콩,닭고기,오징어 조개 | 전복,홍합 포함)을 사용한 제품과 | 설에서 제조하고 있습니다.·제품 | 가 유리재질이므로 파손되어 다칠 | 4559 | 0o | 2021.09.0315:47"
002065,2021,09,03,2021-09-03,s1,"변칠후려가 있으니 한 | 보관방법 | 하여 축십시오 | 65.8%） | 특정성분 | 9%叫1.9% | 4주의사항 | 유리재질이므로 파손되어 다 | 쟁해결 기준에 의거 교환 또 | '소리 | 있습니다""개봉 시""빵 | 455g | ·부정·불량식품 신고 | (-3인분) | 미국산 | 2021.09.0315:47 | .9%)"
002066,2020,04,30,2020-04-30,s1,"구논 | 신선함의 기준,산란일자를 확인하세요 | 06 | 산란일자 2020.04.06 | 60001 | 유통기한 2020.04.30 | 까지 | 품질등급 중방규격 | 1등급 | 소란 | 급 | 축산물품질평가원 | 선란 | 무항생제 | 냉장제품 | 축산물의유항식용란"
002067,2020,04,30,2020-04-30,s1,"(공 | 신선함의 기준,신란일자를 확인하세요 | 6 | 산란일자 | 2020,04.06 | 0001 | 유통기한 2020.04:30 | 까지 | 1등 | 축산물물집평가면 | 그란 | 무항생제 | 냉장제품 | 축산물의유항식용란"
002068,2022,11,09,2022-11-09,s1,oy /Ptes almentares de semo | Kochait /Tamoo de coccim/Temgo de corimento | PESO LIQUIDO | 500ge1.1lb | Exp:091122 | 20:22L12/1F | Lotto:00119313
002069,2022,12,11,2022-12-11,s1,100%买00 | 의소동위소 분석법은 밀원으로사용되는 끌의 | 신워여부를관범하는시험으로가보스프리이엄아생 | 外全23529100% | 여 포도당이 용무하이 자엔그대로의과이  | 제품명 프리업 이을식의유형  | 우도기일지 | 100%（） | 30-29 | 포장재질PET용기 P(성소 본사및구입 | 0133411602w0. | 품질유지 | 2022.12.11까지
002070,2022,03,24,2022-03-24,s1,CRAFT | TEA | KK | tea | 이미지사진 | AON BALM TEA | 레몬밤 | 담백함을 즐길 수 있습니다. | 품질유지기한 | 몬밤 | 2022.03.24 | 00%
002071,2022,03,24,2022-03-24,s1,KAFT | TEA | HON | BALM TEA | 이미지사진 | 레몬밤 | 당백함을 즐길 수 있습니다. | 품질유지기한 | 2022.03.24
002072,2024,12,21,2024-12-21,s1,"ues | 제품명 | 스키틀즈사워 | 입판매업소 | 4011 | 제조업소 | Mars Wrigley Contectionery (China) Limited | 사과향,오렌지방:,포도양 | 원재료명 | 호알루미레이크식용식 | 카니우바확스 | 밀함유 | 포장 | 새질 | 폴리에틸렌 | 반품 및 교환처 | 판매업소 및 구입처 | 080-567-9898 | 원산지:중국 | 유통기한아래첫6지리숫자 | BEST BEF-ORE: DD/MMYY | 24/12/21 | 311"
002073,2024,12,21,2024-12-21,clahe,"제품명 | 입판매업소 | 제조업소 | 원재료명 | 일함유 | 포장 대질 | ·직립 광선을 피하여 | ·본제품은 공정거래위원획 고시 | 바품 및 교환지 | 소비 | 판매업소 및 구입처 | 080-567-9898 | 2801399 | ·원산지:중국  | 유통기 이래 청 6지리 슷자 | JBEONEDOMTM | 24,12/21 | 311"
002074,2020,05,28,2020-05-28,s1,선정된 신안 증도의 태평염전 | 성들채 | 2020.05.28 | ·맞있는 국신 | 인공식 | ·과학적 | 미네람군 | 우리 | 으로 | 염 | ·강하원 | 하고 맛있게 | 품질야E | 맛있다 | 10%
002075,2020,05,28,2020-05-28,s1,생원 신안 증도의 태평염전 | 성들채 | 2020.05.28 | 염 | 고 맛있게 | 많있다 | T0
002076,2022,03,04,2022-03-04,s1,유형:커피·업소명 및 소재지:롯테네슬레코리아 | 21 | 사래에 표시된 일자까지·원재료명 및 함량:커피 | 인스턴트커피 97%(커피윈두:외국 | 본은커피 3%(커피 원두:콜롬비아산8 | 5% | 15%））：1981 | ·소비자기 본법에 의한 피해보상 부정·불량식품 신고는 |  1399NESCAFEisaregster | ed trademark. Used under licens | 100ge | buted by LOTTE-Nestle (Korea) | 다 마신후 업바닥에 급게 길린 원두기류 일부가 있 | 미는 신번히교 풍부한 키피 향매를 유해급게 갈이 넣 | 88010551704552 | 2022.03.04 14 | 00653657
002077,2020,10,21,2020-10-21,s1,"방법 | 2020.10.21 | 09:43 | Tasting Note | Floral, Peach, Orange,Mellow, | 로스팅 | 바디감 | 커피원두 | 산미 | 중량:1k9"
002078,2020,10,21,2020-10-21,s1,2020.10.21 | 09:43 | Tasting Note | 로스팅 | 바디감 | kg | 산미 | 중량:
002079,2021,01,03,2021-01-03,s1,이미지컷 | 매일 매일 행기는 건강한 습관 | 브라질너트 | Brazil nuts | 2021.01.03까지
002080,2021,01,03,2021-01-03,s1,이미지컷 | 매일 매일 행기는 건강한 습관 | 브라질너트 | Brazil nuts | 2021.01.03까지
002081,2019,09,16,2019-09-16,s1,"CHEILJEDANG | 한식명가 | 付100%品 | 하선정 | 새콤하게 만든 | 쌈무 | 19.06.17부E18 | 19.09.16까지 | 새콤한 맛 | 350 | 삼겹살,훈제오리,무쌈말이,냉면 등 | 새콤한 맛이 필요한 요리에 딱!|내용량 18 | 010 | 유통기한전면표시일까지 | ·은 4두.을시용은  고 있습니. | 위국선,정제수,지소금국산,산도조적제,스산널보리 | 본문은 쓰교또는 보받을 수있습니 | |원재로명 | 사과산,구연산,사카린나트림감미,글리신 아스파탐(퍼닐알라닌 | ·시용후는 반시분리해출하해 주심시오. | 참유감이로,이산나트륨(신화방지 이산류 함유 | 801391102715 | 고객행복센터 | ·은우의 | 업소명및 | 소중한 의견을기다립니다 | 소재지 | 조:(주품종식도원주시문무공단길월0 | 080-850-1200 | OTHER | ·20-및 | 1666-5471（号） | ·인주는:보방법 정보 포장니인 르 트"
002082,2019,07,09,2019-07-09,s1,PD.:2019/07/09 | 0152U230E | 12:57
002083,2020,11,06,2020-11-06,s1,"abnque au Portugal | BEST BEFORE: /A COnSOmmer de | préférence avant le :/ Mindestens | haltbar bis:/Consumir prefe- | rentemente antes del:/ Ten | minste houdbaar tot:/Da | consumarsi preferibilmente | entro il:/Szraz, h¯vös helyen | tárolandó. Minóségét megrzi: | 를 | 09:13 | Prod date:13/03/2020 | Best before:06/11/2020 | 닐류 | L00730303G8 | HER | OTHER | 613036932158"
002084,2020,11,06,2020-11-06,s1,BEST BEFORE: /A consommer de | preference avant le:/Mindestens | 09:13 | Prod date: 13/03/2020 | Best before: 06/11/2020 | L00730303G8 | IER | THER
002085,2021,11,22,2021-11-22,s1,쌀 | Yummy | STIC | 10 | 2021.11.22 | 글루텐츠 | GLUTI | 유기P
002086,2021,11,22,2021-11-22,s1,쌀 | Yummy | STIL | 10 | 202111.22 | 글루텐 | GLUTI
002087,2021,09,03,2021-09-03,s1,"안전기아몬드 | 2021.09.03까지A5 | 제품명인절미아몬드 | 식품유형 땅콩 또는 견과류 가공품 내용량 | 유통기한별도 표기일까지 | 원재료명 | 추출물 | 후에는 | 본 제품은 땅콩, 계란,게 | 전복,홍한"
002088,2021,09,03,2021-09-03,s1,2021.09.03까지A5 | 제명 인절미아몬드 | 원쟁
002089,2021,11,09,2021-11-09,s1,"자유시2는 | 2021.11.09 A1 | 향,바닐라향.연유향,버F' | 덜란드산),버터유( | ""자연을 푸르게 환경을 깨끗이 | Jayou-si-gan | ),널탕,원유(국산)] | 규화제2,바닐린,구연산 땅콩,우유.대두,계란 O | ],식물성유지(말레이시아산),유당,혼합분 에의 | HPC020027 | 19207693 | Mini | 유화제1,합성향료/땅콩 교환? | 영상간혹 번"
002090,2021,11,09,2021-11-09,s1,"2021.11.09 A1 | 자유시간 | ""자연을 푸르게 환경을 깨끗이"" | 향,바닐라향,연유항,버F | 유1기타코코아가 | 얼란드산),버터유 | 선탕,원유(국산)],식물성유지(말레이시아산),유당,혼합분에 | 규화제2,바닐린,구연산 평콩,우유,대두,계란 | 8801019207693 | 2/"
002091,2021,09,21,2021-09-21,s1,"EGG | COOKIES | #노브랜드#스마트컨슈머#부드럽고#달콤한 | #우리아이#온가족#간식#국내산계란 | GG | 2021.09.21 | 250g(1,168kcal) | 국내산계란"
002092,2021,09,21,2021-09-21,s1,EGG | COOKIES | 2021.09.21 | 250g(1168kcal) | 국내산
002093,2021,11,17,2021-11-17,s1,"CRISPY ROLL | 21GRAINS | 과지(S제 | 는보상 | 하단 표기일까지 | 반품및교환장소 | 직사광선과 고온 | 0g(.212kcal) | 통풍이 잘되는 가 | 개봉 후에는 빠 | 드시는 것이 좋습 | ·부정·불량식품 신고: | ·본 제품은 땅콩,돼지 | 호두,닭고기,쇠 | 조개류바지락, | 사용한 제품과 같은 | 제조하고 있습 | 유,달걀,밀,메밀,대두함유 | 로필렌 | 기준치에 대한 비율 | 총 내용량당 | g | 1일 영양성분 | 13% | 지방73g | 기준지에 대한 비률 | No Brand | 40% | 135% | 트랜스지방09 | 50% | 포화지방 33g | 0mg | 67 % | 10 | 220% | 비닐류 | 18 % | OTHER | 81 | 2021.11.17,A"
002094,2021,04,28,2021-04-28,s1,이VR | 2021.04.28川
002095,2021,04,28,2021-04-28,s1,( | CAYIOO | 2021.04.28 지
002096,2022,06,16,2022-06-16,s1,"육수이야기 멸치다시팩 | 깊고,깔끔한 국물 맛을 즐길수있습니다 | 제품상세내용 | 800mL~1L9 | 제품명 | 육수이야기멀치다시적 | 물을끓인다. | 식품유형 | 기타수산물가공품 | 내용량 | 80g(8g×10ea) | 물이 끊으면 다시책을 넣고 | 10~20 | 건져내고 요리에 활용한다. | (국내산), | 새우 함유일레르기 위원질 | ·본제품은 공정거래위원회 고시에 의거 교환 또는 | 포장재질 | 여과지_PA/내PE | 보상받을 수 있습니다. | 제조원및 | 주식회사 티류드 | ·본 제품은 메밀 대두게 새우 조개류 난류땅콩 | 경기도 포천시 가민 위로.내 | 고등어 돼지고기,복숭아,아황산류,호두,닭고기, | 소비자상담실 | 031-541-6900 | 오징어,우유. 밀.쇠고기, 토마토,잣을사용한 | 품목보고번호 | 201803006549 | 제품과 같은 제조시설에서제조하고 있습니다. | 11399 | 보관방법 | 실온보관 | ※신선도 유지를위한 산소흡수제는 드시지마세요 | (습기 및 직사을매곳에 | 반품 및 교환장소 | 2022.06.16 | www.teafood2018.com"
002097,2022,06,16,2022-06-16,s1,육수이야기 멸치다시팩 | -본제은 공정래위원회 고사에 의거 교황 또는 | ※신선도 유지를 위한 산소홈수제는 드시지 마세요. | 202206.16 | www.teafood2018.com
002098,2021,05,25,2021-05-25,s1,"130m | 도조절제2,산도조제3 | (주)진안공장/전북인터넷주소 | 실온에 보관하여 주십시오. | 반드시분리 | 후민포장지는 | N는냉책 | 고객행복센터 | 다 | 소중한 의견을 기다습니다 | O1399 | 080-850-1200 | 1666-5471（号） | 한국판매점 | 껑을 삼키지 않도록 주의하세요. | 이 될 수 있으니 주의하세요. | 130mL/95kcal | mg0%0g0% | %2000kcal | 다를 수 있습니다. | 2021.05.25 | 11:25 | ARA1"
002099,2021,05,25,2021-05-25,s1,고실은에 보관하여 주십시오 | 에의거 교화 | 1011399 | 상기지 않도를 주의하세요 | 이답수있의니 주의하세요 | 0%日#090% | 4时%200kcal1径星19 | 2021.05.25 | 11:25 | ARA1
002100,2021,09,17,2021-09-17,s1,0.53% | 유통기한 | 2021.09.17 | 까지
002101,2021,09,17,2021-09-17,s1,유통기한 | 2021.09.17
002102,2021,12,25,2021-12-25,s1,인지 | 쉐프 | 2021.12.25까지B | 알ㄹ오올오 | 파스타소스 | aglioe Olio Pasta Sauce | ORIGINAL
002103,2021,12,25,2021-12-25,s1,2021.12.25까지B | 알오올리오 | 파스타소스 | Aglioe Olio Pasta 8auce | ORIGINAL
002104,2021,01,28,2021-01-28,s1,"samlip | 우유가들어가 | 촉촉한 밀 | SOFT MILK | 2021.01.28 까지 | 개입 | 600 g(2,248 kcal) / 75gX8"
002105,2021,01,28,2021-01-28,s1,samlip | 우유가 들어가 | 촉촉한 밀 | SOFT MILK | 2021.01.28 까지 | 8개입 | 600g(2.248kcal/75gX8
002106,2022,01,03,2022-01-03,s1,디서 블렌드 | FULL AUTHEN |  을 | 는방법 | 2022.01.03 | 12:55 | 간3분 | Tasting Note | 로스팅 | 바디감 | 산미 | 100% | 중량:1 kg | E브랜드) 1KG
002107,2020,09,01,2020-09-01,s1,"1/卷购：350kca | 香营128g16gx | 영양정보 | 1至2（16g）845 | 0.8%,정제소금,산성피로인산나트름,구연산, | 6(비타민Ds, 미디움 처인 트리글리세라이드,전분 | 1조각당 | 1일 영양성분 기준치에 대한 비을 | 5650mg | 우유함유 | 105mg | 나트륨 | 0% | 79 | 1g | 탄수화물 | 1% | 79 | (c) | 당류 | 19 | 7% | 23g | POLSKA SP.ZO.O./플란드 | 37g | 지방 | 0.9g | 133 | 트랜스지방 | 0g | 17% | 16 g | 포화지방 | 2.5g | ·반품 및 교환:구입처 및 수입원 | 3% | 70 mg | 10mg | 콜레스테롤 | 4% | 10g | ）080-512-7300 | 29 | 단백질 | 14%600mg | 고시 소비자 분쟁 해결기준에 의거 교환 또는 | 96 mg | 칼슘 | 1%0.754 | 0.12#g | 비타민D | 밀봉하여 반드시 냉장보관하시고 빠른 시일내에 | 즐기실 수 있습니다 | 1399 | m&Vitamin D | milk | a delicious cheese | ones | CH3371C17:01L3 | EXP:01 09 2020"
002108,2020,09,01,2020-09-01,s1,"영양정보 | 1일 영이이 | 1조각당 | 정제소금,산성피로인산나트름,구연산, | (민Ds,미다음 제인 트리글리세라이드,전분, | 우유 함유 | 단수을 | 19 | 지방 | LSKA SP.ZO.O./란드 | 플레스테품 | 14%600mg | -반품 및 교환:구입처 및 수입원 | 110.75万 | 단력질 | 080-512-7300 | 시I 소비자 분쟁 해결기준에 의거 교환 또는 | 기실 수 있습니다 | 011399 | m&Vitamin D | delicious cheese | ones | CH3371C17:01L3 | EXP:01 09 2020"
002109,2022,02,24,2022-02-24,s1,함이 좋은헤이즐넛향 | 100%ARABICACOFFEE | 원두커피백 | HACCP | 유통기한 | 2022.02.24 | 8804645003639 | www.mcnulty.co.kr
002110,2022,02,24,2022-02-24,s1,향이 좋은 헤이즐넛향 | 100%ARABICACOFFEE | 원두커피백 | HACCP | 유통기한 | 2022.02.24 | 804645003639
002111,NONE,NONE,NONE,NONE,fail,2022.08 25 | 2022.08 25 | 2022.08 25 | 2022.08 25
002112,NONE,NONE,NONE,NONE,fail,2022.0825 | 2022.0825 | 2022.0825 | 2022.0825
002113,2022,03,12,2022-03-12,s1,RFET | mentos | Firuit | FruTie | 2022/03/12 | 1C411
002114,2020,12,01,2020-12-01,s1,"※조리/취 | 풍드보 육수 | Fond De Veau | 오븐에 구운 소고기뼈에 볶은 | 야채,마늘, 양파,허브 등을 넣고 | 우려 낸 후 치즈를 넣어 더욱 부드럽고 고소한 | 정통 프랑스식 갈색육수입니다. | 장기간 상온 보관시,빛에 의해 부분적으로 | 탈색될 수 있습니다. 또한 유지가 녹아서 | 간혹 부드러워지거나,등칠 경우가 있으나 | ccm | 품질에는 영향이 없습니다. | 소비 | w.daesang.com/ww.jungoneshop.com | DAESA | 분리수거를 생활화 합시다.소중한 자원 깨끗한 환경 | 대상주식회 | ·명 표생. | 2020.12.01 | 16:0605"
002115,2020,12,01,2020-12-01,s1,"풍드보 육수 | Fond De Veau | 오븐에 구운 소고기뼈에 볶은 | 야채마늘,양파,허브 등을넣고 | 정통 프랑스식 갈색육수입니다. | 장기간 상용 보관시,빛에 의해 부분적으로 | 활색될 수 있습니다.또한 유지가 녹아서 | 품질에는 영향이 없습니다. | ww.cdaesang.com/www.jungoneshop.com | DAES! | 문수거를 생활화 협다.소종현 자원 계못한 환경 | 2020.12.01 | 16:06X/05"
002116,2020,07,05,2020-07-05,s1,"TTMT널임유 | 유통기한 | 한후면 표기실까지 | 포장재질폴리프로필렌 | 号卫19910461101126（） | 영양정보 | 30% | 인체에 무해하오니 안심하고 드셔도 됩니다. | L三县120mg | ·포장제가 날카로우므로 개봉 및 사용시 주의하여 주십시오. | 탄화물16g | ·소비자기본법에 의거 교한,환불. | 139 | un | ·품본사및영업소혹은구입한곳 | 비닐류 | 지방19 | 2 | ·신선도 유지를위해 질소충전포장을하였습니다. | OTHER | 2 | 트랜스지방0g | 2020.07.05까지 | 14.4mg | 310630 | 단백질29 | 1일 양성분 기준치에  | 기준이므로 개인의 필요 행"
002117,2020,07,05,2020-07-05,s1,"포장사질 물리프로들렌 | 유통기한 추면 표설지 | 영양정보 | 号19910461101126（） | 30g8 | L三弄120mg | 인체에 무메하오니 안심하고 드셔도 됩니다. | 16 | ·포장제가 날카로우므로 개봉 및 사용시 주의하여 주십 V오. | ·소비자기본법에 의거근를,관불 | 지방  | 1399 | ·변풍·본사및 영업소 혹은 구입한 곳. | 트랜스지방0일 | ·도유재소충전보장을하습니다. | 369 | 14.4m | 2020.07.05까지 | 단백2 | 310630 | 1일9 영성본 기준 | 기준으로의"
002118,2021,01,03,2021-01-03,s1,"SAVZAK!뉴질랜드 쇠고기의 순살코기만 | ""아이를 위한""말고,""어른들을 위한""스넥은 | 끌랐어요 | 없을까? | SAVZAK!청정원""햇살담은 발효진간장""에 | ""어른을 위한""?음 그럼""진짜맛""이 필요 | 매콤한 마늘과 양파를 넣어 불갈비맛을 | 하겠네 진짜 고기로 만들어 진한 고기의 | 더했구요 | 풍미가 담긴 스넥같은 거! | SAVZAK!고기결 사이사이 부드러움을 | 원료를 그대로 스낵으로 만든다는 건 원료비도 | 더하는 기술을 사용했지요 | 높고미생물 관리가 어렵다구 쉽지않은데 | SAVZAK!손에 묻지 않고 사브작사브작 | 그래서 전문가가 필요한거지 10년 아상 고기밥 | 먹은 연구원과 미게터,그리고 생산전문가가 | 먹도록한입크기로 만들었어요 | 해결할야 | 제중명사브작 좋긴 육포바이트오리지널 | 号F1-2000018900296.F2-201601890058 | ·실온보관(직사광선을 피하고 서늘한 곳에 보관하여 주십시오) | ·본 제품은 공정거래위원회 고시 소비자 분장해결 기준에 | 7185.70%0） | 의거,교환 또는 보상 받을 수 있습니다. | ：080-019-9119 | 재조미분비프맛분말신분하간장말외국산세!정제소금,청정원 햇살담은자연 | (수신자요금부담) | 숙성발효진간장,비프분말다,혼합제제정저소금,아질산나트름발식제,탄산 | ·반품 및 교환장소:판매원 및 구입처 | 나트를,비타민C글리신 혼합제제/-2함수결정프도당.말토데스트린유장 | 분말 옥수전브대두농축나두단빅 파프리키추출식스심청색스 올려오레 | 01399 | 진침시컴,다늘분말이,어% 양파분말이,어% 생강추출물분말 추추추출물분말 | DAESANG 대상주식회사 | 내용링30g | /w.unonesh.om | 모장재질내면 폴리에렌(PE] | 网115424 | F2（午）2400 | ccm | 문관터 대상(주)서울특별시 동대문구 천호대로 26 | 2021.01.03 F2B"
002119,2021,01,03,2021-01-03,s1,"SAVZAK!뉴질랜드 쇠고기의 순살코기만 | ""이이를 위한' 말고,""어른들을 위한' 스넥은 | SAVZAK! 충정원""갯살담은 발호진간장""에 | 매용한 마늘과 양따를 넣어 불갈비맛을 | SAVZAK!고기결사이사이 부드러움을 | 더하는 가술을 사용합지요. | SAVZAK!손에 문지 않고 시브작사보작 | 연은 연구과 마터 그리고 생신전문기가 | 먹도록 한입크기로 만들었어요. | 国编丘F-200018900296.F2-20F018300538 | 의거,교환 또는 보상 받을 수 있습니다. |   E | 2021.01.03 | F2B"
002120,2020,07,20,2020-07-20,s1,2020.07.20 | 거품 | 까지IO1 F1 | CHOICE FOR US | CHOICE FOR | 거품을 걷어내고 | 든는한 한 끼만담 | 얼큰한맛
002121,2020,07,20,2020-07-20,s1,2020.07:20 | 까자IO1 F1 | 얼큰한맛 | 거품을 걷어내 | 든든한한기만
002122,2021,10,09,2021-10-09,s1,"17% | HERSHEY MALA | 제조원 | 49 % | SDN.BHD.(1025 | (주)삼경물산 경기도 | S-U | 65% | 0.5 g미만 | 113% | 8 | 로필렌 | 7% | '릿(설탕 전지분 유코 | mg | 코코아버터스물성 | 16% | 유지,유딩,율지방레시 | 코아베 | 인재료명 | 제,합성향료(바닐린) 을 | （%）2000kcal | ? 열량에 따라 다를 수 있습니다. | 우유,대두 함은 | 원산지 | 말레 이시아산 | 지원센터 | 혼입가능 | 곳에 | 24-6060 | 진열,유통 중 보 질품은 구  상침 | 및 | 요금부담 | 본사에서 교환 | otteconf.co.kr | 소비자기본법에 의한 피해보잘 | 011399 | 비닐류 | 휴지줍는 고운마음,안 버리를 밝은마음 | 생길수 있으나.인체에 무해해니 | OTHER | 을셔로 괜찾습니다. | SHEY'S | 간혼 비봉지가 나을 수 있으나 제품중량 | 에는 차이가 없습니다. | 본 제품은 미북 사의 엄격한 품질 | 다. | 관리하에 제조되어 | 몬드밀크초콜릿 | 21.10.09.L2G | 까지"
002123,2020,11,02,2020-11-02,s1,는 부분까지 손쉽게 클리닝이가능합니다 | 일회용치실 | 제조국: 대한민국 | 제조원:건치산업사 | 별시서 | 377） | 리에렌※본 제품은공정거래위원회고시소비자 | 교환 또는 보상받을 수 있습니다 | 사항 | 가나지 않도록 주의 하십시오. | 삶을좀더건강히관리하기위해서는 | 와상담후매일사용하십시오 | 용시 주의사항 | OTHER | 의어린이의사용시어른의 | 요합니다 | 치과검진을 권유드립니다 | No Brand 는 이마트의 상표입니다. | 20201102
002124,2020,11,02,2020-11-02,s1,더건강히관리하기위해서는 | 문시주의사항 | 일어린이의사용시어른의 | No Brand 는이아트의상입니다. | 20201102
002125,NONE,NONE,NONE,NONE,fail,BEST EY 211PR/21 | PTIW3TOHM | $81 | WEPH FARMS | KALIFORNIA NATURAL | ARTIF | WHOLE MILK | ORINOS | OZZARETLA | NOTBS | YTIWATOHM | AAMAANBEN NUI | 13 | 1933 | WHOLE MILK | ALIFORNIA NATURAL | NEPHFARMS | BEST EY 211APR/21 | SWBNLE | BEST BY 21APR/21 | O0 | PTIW3TOHM
002126,NONE,NONE,NONE,NONE,fail,EEST EY 21QPR/21 | ATTA | PTIW 3TOHN | YETH FARMS | EEST EY | KLFORNIA NATURAL | APR/21 | WHOLE MILK | NOrBSI | SLZARELLA | YTIW 3TOHM |  1S | 1 | S  | SLZARELLA | WHOLE MILK | YLFORNIA NATURAL | PEFH FARMS | BEST BY 2A | YTRIT | TUNIL | [Ube | BEST EY21OPR/21 | ATTL | S | TUTMAANABN NA | PTIW 3TOHM
002127,2021,11,04,2021-11-04,s1,Cocod & | ehocolate | 유통기한: | 2021.11.04 | 是（BT360） | 코코아분말 | 포장사질 폴리에탈렌(PE) | PT.BUMTANGERANG | MESNOT도네시 | 0100% | 및험량 | 【528101 | 52B106.810 | 본제품은공정거워원고시소비지분결기준에의거한는보받을수있습니다 | 반품및 교환처구입처 | 卫271E：1644-0935 | 8809212800307 | 80g
002128,2021,08,12,2021-08-12,s1,HEINZ FOODS COMPANY MAIN | 五0168人宁222 | ：-：3369 | /28g×12号）·2：（983%） | （0.9%）（0.8%）·早 | 보관하여주십시오반품및교환장소:구입처및 | TIOH2/TEL080-2193-0750 | (수신자 부담 전 재 신선항을 유지 | 하기위해질산 | 이제품은 | 신설에서제조 | 견과류를 사용한재통과? | 하고 있습니다.4e하er | 011399 | -본제품은 공정거래위원회고시에의한 소비자분쟁 | 해결기준에따라교환 또는 보상받을수 있습니다. | 유통기한 | 2021.08.12까지
002129,2021,08,12,2021-08-12,s1,유통기한 | 2021.08.12까지
002130,2021,11,01,2021-11-01,s1,HERSHEY'S | 허쉬 초코크림 샌드위치 쿠키 | 유통기한 | 2021.11.01
002131,2021,11,01,2021-11-01,s1,HERSHEY'S | 2021.11.01
002132,2021,10,04,2021-10-04,rot90,FRUA6 T-2 | 04/10/21 | 20 | 2
002133,2021,10,04,2021-10-04,s1,04·10-21 | FR0816T-2 | 20 | (/6E)Z0 | IMLIN
002134,2022,11,02,2022-11-02,s1,"별도 표기일까지 | 150g[15gx107H] | 원재료명 | 및함량 | 비아 0.2 %, 수크랄로스(감미료) | 포장재질 | 내면:폴리에틸렌(PE) | 우유,대두,밀,땅콩함유 | 품목보고번호 | 20160086809-251 | 반품및 교환 | 구입처및판매원 | 서제조하고 있습니다. | 유통기한 | 2022.11:02 | 809568422673"
002135,2022,11,02,2022-11-02,s1,"설탕없이 달한을무차 | Lo1150g（15gx107H] | 합성향료 | 및합량 | 비아0.2 %, 수크팔로스(감미) | 우유,대두, 일,땅콩 함유 | 2022.11:02"
002136,2021,10,11,2021-10-11,s1,"엄격한 기준과 정성으로 우리 식 | 새롭게 높여가는 신세계푸드의 식품 브랜드 입니다. | Olbaur | 제품명 | 멸치볶음고추장소스 | 식품유형 | 소스살균제품) | 제조원 | 농업회사법인순창문옥례식품(주/ | 156-9 | （128-14 | 고소하게 감칠맛 좋은 | 유통기한 | 후면하단표기일까지 | 멸치 | 실온보관,개봉후 냉장보관 | |올반 | 180g(60gX37H) | 붉음 | 원재료명 | 추양중국산,밀볶음 탈지대두분,정 치 | Anchovy | [국내산),양파,설탕,마늘올리고당,혼합제D-소비톨액 | -장함유 | 명인의 비법이 7 | 말티시럽,공기를 토마토발요액 참기름,매실농축액 | 미향,L-글루담산나트륨(향미증진제,생강 | Olbaan Fooe | 전통고추장에 | 대두밀,토마토함유 | 대한민국 식품명인 36호 | 팽 플리에용기리드지,플리프로필레(무껑 | 올반키친의레시피를 당이 | 位19970499063240 | 멸치볶음고추장 소스를 만들었 | ·이 제품은 쇠고기를 사용한 제품과 같은 제조사설에서 제조하고 있습니다. | 바르고정길하게 만듭니다 | ·직사광선을 피해 서늘한 곳에 보관하시고 개봉 후에는 냉장보관 하세요. | √튜브용기로 휴대가간편하고 깔끔합니다. | ·본제품은 공정거래위원회고시소비자 분쟁해결 기준에의거 교환 | √국내산멸치의 고소함을 담았습니다. | 또는 보상받을수있습니다 | 01399 | 반품 및 교환장소:판매원 및구입처 | 지원t/ww.shinsegaefood.com/c/vocsf | 초리계 | 售023397-113 | 0기 | 유통기한 | 2021.10.111 | 까지 | 8809547911433"
002137,2021,10,11,2021-10-11,s1,"엄격한 기준과정 | 새롭게 높여가는 신세계푸드의 | 멜치볶음고추장소스 | 소스싱군제품 | 농업회산인순창문신(주 | 号526884082156-9 | 人三/128-14 | 유 | 후면하단표기일까지 | 고소하게 감칠맛 좋은 | 실은보관 개봉후냉장보관 | 멸 | 1음반 | 180g(60gX37h2 | 음고 | 볼 | .D- | 일기,역 참기,매신능축액 | L산증진제,생강 | 대두일,토마로 함유 | Olbaan Fodd | 용기드지,리프로필렌(무경 | 울반키진의 레시피를 S | 电线19970499063240 | ·이제품은 쇠고기 사용한 제품과 같은 제조사설에서 제조하고 있습니다. | 바르고 정갈하게 만듭니다 | ·직사광선을 때서한곳에 보관하시고개용 후에는 방장보관하세요 | ·본은공정고시소자분생기에의거교 | 보을수입니다 | √국내산 열치의 고소함을 담았습니다 | ·반품및교환장소:판매원 및 구입처 | 유통기한 | 2021.10.111 | 8809547911433"
002138,2021,06,29,2021-06-29,s1,Una령 | Homeplus | 맛도 영양도 | 견과류 | 2021.06.29 | 멸치볶음 | 조리예 | STIR-FRIED | ANCHOVY | 호막를해고소한멸치음이에요! | 진공포장으로 신선함을 유지해요! | HACCP | 진공포장
002139,2021,06,29,2021-06-29,s1,Homeplus | 맛도 영양도 | 견과류 | 멸치볶음 | 2021.06.29 | 조리예 | 멀치 사용하여신선하고아몬드와 | c고소한 멀치음이에요! | 곳포장으로신선함을 유지해요
002140,2021,05,05,2021-05-05,s1,국산 면일지 | nepus | 정성가 | 2021.05.05 | 말램이 | 게만든 일품반찬 | 무 | 제주 | 1509 | 로자연스런 단맛 | 조리에 | 2.61%
002141,2021,04,11,2021-04-11,s1,N | 2021.04.11까지 | YMC0310:22 | JS | 유를 | 워내 | 돌길
002142,2021,04,11,2021-04-11,s1,2021.04.11까지 | YMC-0310:22
002143,2021,02,08,2021-02-08,s1,21.02.08 까지F1 | 대표어묵 | 어물 | FAMILY | 산o묵 | FOR OUR | 얇은사각 | 앞아서 더욱 맛있는 부산어묵 | 황금식감 | mm
002144,2021,07,13,2021-07-13,s1,"필수재르- | 명부대 | 四1509 | 509.917C早早 | 3472-58 | ①비에 | 원재료명 정제수,물였,마늘(중국산),사골공축액 | [우사골추출농축액(우사골:호주신),정제소금(국 | 넣고 끌고루 석는다 | 산), 양파국산), 얼근풍이료, 멀치추출농축액복 | 음다대기, 고추장,고충가루]고추가루2,청양고충 | ②소시지행, 김치 양파를 | 가루,생강,된장 흑후추분,양조간장,다시n | 떻어서 넣고 센불에서 | 두밀쇠고기 되지가우유함은 | 대상주 기흥공장 경기도 용인시 기흥구 | ③물이 끝어 오르면 중불로 | 5분간 인후대파. | 소재지은 사·서울특별시 동대문구 천호대로26 | 두부를 넣고 2분간 더 | 끌여 완성한다. | 부대찌개완성! | 있으니 반드시 냉장 보관하시고 개봉 후에는 | 도록 빨리 드시기 바랍니다 | 알로 메밀 따콩,고등어게,시구 복숭아 토마토 | 이산를 호두,온징어,조 개류 홍합 포함 | 장성분 혼입 가능 | ·본제품은 소비자기본법에 의거 환 또는 보상 | ·반품 및 교환장소: 본사 및 구입 | *조리/취식 시 고온에 주의하세요. | 가스레인지 종류와 불세기에 따라 조러시간이 달라질 수 있습니다. | 080-019-9119（） | 8801052057521 | 유통기한 | HACCP | 2021.07.13.A | 까지"
002145,2021,07,13,2021-07-13,s1,"- | 정수,명 (국신) 사역 | (우사(우주)국 | 대싱주 용공장경기도 용인시 기용구 | 시대문구천대로28 | 도들리시기 바랍니지 | 오어2 | 일가 | 01309 | 리/식 시 고온에 주의하세요 | 2021.07.13.A"
002146,2022,07,26,2022-07-26,s1,"제품명 | 건조크랜베리 루비 | 식품유형 | 당절임 | 150 | 원산지 | 미국 | OCEAN SPRAY CRANBERES | 제조원 | (주)열매마을 | 수입원 | 200 | (주)맑은농산 경기도 남양주시 | 소분원 | 76719 | (주)삼양사 | 판매원 | 경기도 성남시 분당구 판교로25 | 유통기한 | 하단표기일까지 | 원재료명 | 크랜베리62%,설탕,구연산 | 아로니아주스농축액,해바라기니? | 포장재질 PET(용기)+PP(뚜껑) | 유통기한2022.07.26까지A4"
002147,2022,07,26,2022-07-26,s1,"식품유형 당절임 | 내용량5 | 원산지미국 | OCEAN SPRAY CRANBERE | 제조원 | (주)열매마을 | 200 | (주)맑은농산 경기도 남영주시 | 室73-9 | (주)삼양사 | 경기로 성남시 분당구 판교로 | 유통기한 | 하단표기일까지 | 원재료명 | 크램베리 62 %.설탕,구연산 | 아로니아주스동축액, 해바라개 | 포장재질 PET(용기)+PP(뚜껑) | 150g | 유통기한2022.07.26까지AUS | 2%"
002148,2022,01,03,2022-01-03,s1,오뚜기 | 토마토페이스트 | 43.% | 9g | 2022.01.032
002149,2021,03,31,2021-03-31,s1,"to be CHEF | 대생주)건간0 | 본사서울특별시 동대문구 진도 | ARIN | 生医营865.4%（量5brix） | 토매토 대두,밀,쇠고기,닭고기,조개류(굴) 함유 | 중집용가-유리,뚜껑-철 | 19950449002348 | 으유 성분 혼입 기능. | 제늘하고 건조한 곳에 보관,개봉 후에는 냉장보관. | 본제품은 소비자 기본법에 의거 교환 또는 보상. | 1399 | 0019919 | ccm | 유리 | F DAESANG ht/ww,daesang.com | cwt/wwjungoneshop.com | 소비자성 OTHER | 유통기한: | 2021.03.31.F2 | 까지"
002150,2021,03,31,2021-03-31,s1,"to | 대생(주)인 | CHEF | 65.4%（量5brix） | 토 대두,밀,쇠고기,닭고기, 조개류(굴) 함유 | 질 용가-유리.뚜껑-철,몰리염화비닐 | 电19950449002348 | ARO | 오유성분 혼입 가능 | 号11399 | 2D80-019-9119（人内） | F DAESANG IEO/AMnN daeana COm | ccm | 유통기한: | 2021.03.31.F2 | 까지"
002151,2022,11,09,2022-11-09,s1,2022.11.09
002152,2019,07,11,2019-07-11,s1,부터 | 19.06.12 | 19.07.11B | 있되지요 | 블후랑크 | 태
002153,2019,07,17,2019-07-17,s1,19.06.12 | 19.07.17B | 후랑크 | EH
002154,2021,05,21,2021-05-21,s1,OPEN | OPENL | 자거전에 씹는껌 | 휘바 | LOTTE | 자일리톨 | 오리지날 | 21.05.21 | 닥터자일리버스와 함께하세요 | 치과 진료가어려운이웃에게치과 진료봉사를제 | 판매원 | 목보고번호 | 19690086003923 | 재료명
002155,2021,05,21,2021-05-21,s1,자거전에 씹는껌 | 휘바 | LOTTE | 자일리톨 | 오리지날 | 21.05.21 | 과 이 이게 과 
002156,2021,12,25,2021-12-25,s1,meat & light. | Keep in a cool a | Product of Thailand. | Distributed by CAL Marketing Pty Ltd | customerservice@calmarketing.com.au | 145g NET (5.1oz) | BEST BEFORE: | DEC.25.2021 | L.XF
002157,NONE,05,10,NONE-05-10,s2,Keep in a cool ary | Product of Thailand. | Distibuted by CAL Marketing Pty Ltd | austomerservice@calmarketing.com.au | 145gNET (5.1oz) | at o mgir. | BEST BEFORE:
002158,NONE,04,13,NONE-04-13,rot90,불가리스 | 2762 | 분결기준에의거는보상을을수있니다변품장소:입공장 | 다치지 않도록 주의바랍니다.·이 제품은 공정거래위원회 고시 소비자 | ·개봉후에는 냉장보관 하거나 빨리 드시기바랍니다.용기 가장 자리에 | 원로영과 평량1 | 유통기한 용기측면 표시일까지 보존기준0~0C 냉장보관 | milk100 | 04.13D0932 | 을 유하고 있으니 어드 | 유정이 생길 수 있으나 는 부행어문약) | 넣지 않아 것이 갈공합니다.첨기움이 없해 보에 | (결라탄 등월 청개한 대른 들서면는 읽 에번통) | 불가라스 밀크00은 결축한 참성을 원 인행해 | 유제품 전문 Dep. | 남양유업수 | unbe
002159,NONE,04,13,NONE-04-13,s1,제품명 | 유동기한  | 용기 측면 표시일까지 보존기준 0~0c 냉장보면 | 남양유업주식화사 세종공장 -세종별자치시 정군면 장기로 8-개 | 04.13 00932 | 불가리스 | milk1o | 88010691184296 | 남양유업신
002160,2021,04,08,2021-04-08,up2x,"BEST BEFORE | 20210408 | 02:36 1ED04070 | INGREDIENTS: PEANUTS,P | AND/OR CANOLA AND/OR COTTO | OIL, SEA SALT. | ALLERGEN INFORMATION: COI | PEANUTS.MAY CONTAIN TRACE AM | OF: ALMONDS, BRAZIL NUTS, CAS | HAZELNUTS, PECANS, PISTAC | M#597527 | 식품위생법에 의한 한글표시사항 | MACADAMIA NUTS,WALNUTS, COC | 품명 | 후디즈 칵테일 피넛 | WHEAT, SOY, MILK. | 품유형 | 땅콩 또는 견과류가공품 | Nutcracker Brands, In | 조사 | NUTCRACKER BRANDS,INC. | Dept.SKN | 입원 | (주)코스트코 코리아 | T.1899-9900 | 뚜껑-PP | ElPas0,TX79906USA | 경기도 광명시 일직로 40 | H용량 | 1,190g | Questlons or comments, | % | callMon.-Fri.,1-877-984-6639 | 원재료명 | 면실유),천일염1% | 땅콩 함유 | (except national holidays). | Please have entire package available when you | 포장재질 | 폴리에틸렌테레프탈레이트 | 보관방법 | 직사광선을 피하고 서늘한 곳에서 보관하십시오 | Packaged in tbe U.SA. | Hoody's® is a registered trademark of | 유통기한제품의 별도표시일까지(년월일순) | 원산지:미국 | Nutcracker Brands,Inc. | 반품 및 교환장소:구입처 및 수입원"
002161,NONE,04,08,NONE-04-08,up2x,"P-STBEFORE2021 | 02:361ED04070 | 04.08 | INGREDIENTS: PEANUTS. | AND/OR CANOLA AND/OR COTTO | OIL,SEA SALT | ALLERGEN INFORMATION: COI | PEANUTS.MAY CONTAIN TRACE AM | #597527 | 식품위생법에 의한 한글표시사항 | OF: ALMONDS, BRAZIL NUTS.CAS | 후디즈 칵테일 피넛 | HAZELNUTS, PECANS, PISTAC | 땅콩 또는 견과류가공품 | MACADAMIA NUTS,WALNUTS, COC | NUTCRACKER BRANDS,INC | WHEAT, SOY,MILK | （午）月E至2101T1899-9900 | Nutcracker Brands, In | 경기도 광영시 일직로 40 | Dept.SKN | 1.1900 | ElPaso,TX79906USA | 894%5%（2 | 명 | 연실유).전일염1% | Questions or comments, | H질 | 풀리에틸렌테레프틸레이트 | callMon-Fr.1-877-984-6639 | 땅콩 함유 | 방법 | 직사광선을 피하고 서늘한 곳에서 보관하십시오 | (except national holidays). | 기한제품의 별도표 시일 까지 | Please hawe cntre package nalablk when you"
002162,2023,06,18,2023-06-18,s1,"KIRKLAND | adtion, quality and | Spanish | I Queen | vest and preparation | sget tee |  paish Queen | rlis to alwaysget the | e Spain | Olives | aorand texture from the | has of Sevil, pain | l dy place. |  pening. | stuffed with minced pimiento | npsopitfrgents. | LAND | L.0170 BEST BY:06/18/23 | atre | h Queen | ves | OLIVES | Iminced pimiento | SPAIN"
002163,2023,06,18,2023-06-18,s1,KIRKLAND | Queen | Spanish | Olives | stuffed with minced pimiento | L 0170 BEST BY :06/18/23 | LAND | OLIVES | h Queen | ves | minced pimiento
002164,2021,01,29,2021-01-29,s1,HEILJEDANG | 20.10.30부터 | 식명가 | 21.01.29까지 | 한선정 | 백설매실당파 발효식초로 | 100% | 치자단무지 | 4(무) 빙초산사카나트름아스파탐카민백로) | 200g | 담거운 | 식품 유형 절임식품/살균제품 유통기한 전면 표시일까지
002165,2021,01,29,2021-01-29,s1,식명가 | 20.10.30부터 | 차선정 | 백셜매실당파발효 | 21.01.29까지 | 맞았게안든10이%국산무 | 치자단무지 | 들꼬를 | 4(무)사니트아스) | 200g
002166,2021,04,12,2021-04-12,s1,%%6 | 더하는 | 2021.04.12
002167,2021,05,28,2021-05-28,s1,2021.05.28 | 광동
002168,2021,05,28,2021-05-28,s1,09153R2 | 2021.05.28 | 광동 | 옥
002169,2020,01,15,2020-01-15,s1,아몬드 35 | 뉴 하루견과 | 하루견과 | Sunnuts | DAILY NUTS | NUT WORLD | 2020.01.15
002170,NONE,NONE,NONE,NONE,fail,"035% | 뉴하루견과 | 하루견과 | DAILY NUTS | NUT WORLD | 2020.0115不 | bunnuts | 다는 | 2020.0115不 | DTUTM AUN | sinuuns | Sunnuts | 하루견과 | NUT WORLD | DAILY NUTS | of Almonds, Cashew Nut, Walnut,and Cranbery. | 뉴하루견과 | 20g | 0号35%2 | 따코띠노 | OGUNPIS | DTUONMOUN | 알우짝 | sinuuns | 아몬드 | 뉴하루견과 | 25 | D   | 하루견과 | of AImonds,Cashew ut, Walnut,and Cranbemy. | umnus | DAILY NUTS | NUT WORLD | 따은 | 2020.0115不 | 뉴하루견과 | 아몬드5 | D    | 하루견과 | sunnuts | of AImonds, Cashew Nut, WaInut, and Cranbemy. | 1 | DAILY NUTS | NUT WORLD | 2020.0115不"
002171,2020,06,24,2020-06-24,s1,"자투 | 되는 곳에 보관하십시오 | 명주사물리자무 | 과량섭취시 설사를 일으갈 수 있으며,특하5세이하 | 영유아가 안전히 섭취할 수 있도록 보호자약지도 바랍니다 | 00件（件8利星32412号 | 조금씩어드십시오 | 목에 걸리지담도록조 | 71413-10 | ·이제품은 대두장용한 제품과같은제조설에서 | （：1-350）： | 제조하고있습 | 물면 기타과당,결라틴 D-소비톨액 복숭아농축액1.6%(고 | ·폐기술분리수거를생활화 합시다 | 0199 | 조제L,산도조절제I, 산도조절제피,요거트분말, 아미드 | 두혼합과일,픽터,타식용유지가공품 | ·본 제품은 소비자분쟁해결기준(공정거래위원회 | 돼지고기,우유 복숭아함유 | 고시)의거교환또는보상받을수있습니다 | 148459020 | 반품및 교환:본사혹은구입처 | 20.06.24 J | 1일영양성분 | 1일 영양성분 | 총내용량당 | 기준치에대한 비율 | 기준치에대한 비율 | 13mg | 1% | 지방 | 0g 0% | 40g | 트랜스지방 | 0g | 12% | 0d. | 0% | 20 | na지바"
002172,2020,06,24,2020-06-24,s1,"보관하십시오 |  A | 시성사를 있수 있으아5세이하 | 영유아가와 선수 있도록보지의지도바립니다 | 목에걸리 | 조금씩어드십시오 | 手售话生点W704警号楼1413-10 | ·이제품은 대동공! | 용한 제동과 같은 제조시설에서 | 제조하고 있수! | D- 복승아농축액1.6%고 | 폐기를 분리수거를 생활화합시다 | 7年28%（70%异24401人 | 1399 | BAIL선도제IL,선도조절제표,요거트분말, 아미드 | 두통 혼합과일행, 턴기타식용유지가공품 | 본제품은 소비자분해결기준(공정거래위원회 | 돼지고기,우유 복숭아함유 | 고시)에의거 교환 또는 보상받을 수 있습니다 | 8459020 | 반품 및 교환:본사 혹은 구입처 | 00-022006（） | 20.06.24 J | 004307543 | 1일 영양성분 | 총 내용량당 | 1일 영양성분 | 기준치에대한 비율 | 기준치에대한 비율 | 13mg | 1% | 지방 | 0g 0% | 40g | 12% | 트랜스지방 | Og | 20 | 교공기바 | 0%"
002173,NONE,NONE,NONE,NONE,fail,"768 | 0-10 | 탁기부유유칭,올리고당,성 | 드가바람니다.·흔들어세요·부정불링 | 768 | “…” | 07.01 | F2 ER | 등요플레바이오플레사과 | 768 | 000工口 | 010 | 탁기부유유치,오리고당실 | 00119 | 리드기바랍니다·호들어드세요·부정 물당 | 아바랍니다·냉장 보관 | 요들바이오플레사과 | 한,되드시기 바랍니다.흔들어세요·부정 | 다지지않도록구의바니다보는"
002174,2021,09,05,2021-09-05,s1,·식품유형조장 | 号号：1860490 | 대두밀함유 | 영양정보 | 고객상담실 | 080-019-919风 | 5900mg295 | 지방0g0% 트린스방모제 | DAESANG 대상주식사 | 콜레스테롤Om0%단be1 | /wwonsh.cm | 수거 하여응시다 | 일 영양성분 기준을d | 2021.09.0514:48
002175,2021,09,05,2021-09-05,s1,남고기 조개류를 사용한재과 | 영양정보 | 대두. 밀함유 | 山三警5.800-2961场78 | 스OOSE | 2021.09.05 14:48
002176,2021,02,11,2021-02-11,s1,생신상어묵 | ERIMSUN | DELICIOUS | [unlabbel | 다선 | 21.02.11 까지F1 | THE ORIGIN. | 산어묵
002177,2021,02,11,2021-02-11,s1,OELICIOUS | 21.02.11 까지F1 |      | THE ORIGIN. | 나어묵
002178,2022,05,19,2022-05-19,s1,Sweet SO | ace | www.sweetspace.co.kr | 유통기한 BEST BEFORE | 2022.05.19 | 사로 | 영양정보 | 100g 325ktal | 324 | 36.2号 | 총내용량당 | 4% | 나트륨 80mg | 24% | 연산·북산 | 수화물77g | 49% | 당근농축액. | 당류49g | 사과농축역 | 지방0g | 향 (계리장) | 트랜스지방0g | 포화지방0g | 돼지고기 함은 | 콜레스테를Omg | 렌 | 단백질4.2g
002179,2022,01,19,2022-01-19,s1,"종류및동급 정제유채유 | 003- | 2022.01.19 | （240 | 본제품은,공정거래위원회 고시 | 영양정보 | 148900ml | 소비자 분쟁해결 기준에 의거 | 0-190l | 고환또는 보상받을 수 있습니다 | 喜0mg0%量量0% | 반품 및교환:구입처 및 소비자 | 10185%809至内892 | 怡（080-900-6133） | 营时量0mg0%/0g0% | 깔끔아개사용법 | 8801039204276 | 사조대림"
002180,2022,01,19,2022-01-19,s1,종류및등급 | 정제유채유 | KSH2103（） | 인증기관명 한국식품연구원 | 인증번호 | 2003- | 100% | 품목보고번호 | 1995020805633 | 900ml（25C） | 유통기한 상단 또는 중앙 별도표시일까지 | 2022.01.19 | 2 | 름은 햇빛이나공기에노 | L国喜0mg0%/包午量0g.0%8享0g0 | 信1009185309789
002181,2018,12,04,2018-12-04,s1,"1000 | 양상추샐러드, 토마토샐러드,육류요리에 잘 어울립니다. | 工出章2001044505530 | (토마토샐러드) | 영양정보 | 250g | 대두 토마토 계란,밀 쇠고기 함유 | 100g350kcal | 에틸린 | 680mg34%gg% | 不3g61%0g5g33% | 量10mg3%1g1% | ·직랑신을때해시늘한곳에보관하시고,봉후에는냉장 | -0보관하시고 얼지 않도록 주의하십시오 | 080024-231 | 818010451176307 | 2018.12.04 | OTHER | 14:17 | 뚜껑:LDPE | 라:PP"
002182,2019,02,20,2019-02-20,s1,"허니머스타드 | 닭가슴살샐러드, 소시지,각종 튀김요리에잘어울립니다 | 2001044505534 | 원로영/정재수,식물성유지외국생아르헨티나미국 | (쓰시지살러드) | 영양정보 | 4265g | 100g号285kcal | 2린지식이섬유 | 60mg3%g% | 195%g46g | 10mg3%g2% | 080024231 | 818010451176338 | 2019.02:20 | OTHER | 13:24 | 까지 | :LDPE | :pp"
002183,2019,02,20,2019-02-20,clahe,"허니머스트 | 닭가슴살샐러드, 소시지, 각종 튀김요리에 잘 어울립니다. | W시리트 | 2001044505534 | 善48名2659 | 영양정보 | 100g285kcal | 人0E25% | 号650mg33%全封量282：28 | 0국선 연지 자심겨지분케나다션,정계소금 변액 오지식이섬유 |  형  화 로 평  은 | E을 용가-폴리에틸렌 내면,뚜껑-폴리에틸렌 | 10mg3%1g2% | 人人年128 | 이은 을 토토 유은 댁지교기 신교기 조개류굴를 사용한 제품과 같은 | 한성고입승·배등은 자분해결준의거고도 | ··직을 대널 | 818010451176338 |  부 성 이보고 일 주안십시 | ：080-024-2311 | 2019.02:20 | 까지 | 13:24 | OTHER | 라BPP"
002184,2020,09,25,2020-09-25,s1,"산미국러 | .유통기한:하단표시일까지 | ·은손되면다칠위험이있으니취습시주의하기비리니다 | ·직사광선이 닿지 않는 서늘한 곳에 보관하시고 개통 | 후에는 뚜껑을 꼭 닫아 냉장고에 보관하십시오 | 4合：080-024-2311（ | 2020.09.25 | 1541 | 까지 | 오뚜기 | 오뚜기 | 관리인증 | 주식회사 | HACCP | wm,otiog.co.kr"
002185,2020,09,25,2020-09-25,s1,·직사광선이 닿지 않는 서늘한 곳에 보관하시고 개통 | 후에는 뚜껑을 꼭 닫아 냉장고에 보관하십시오. | ·포장재질-마개뚜껑:폴리에틸렌 | ·号生卫：200164450557 | 2020.09.25 | 1541 | 까지 | 주식회사 | 뚜기 | 총북 음성군 대소면 대풍산단로 28 | HACCP | mam_otiog.00.kr
002186,2020,06,10,2020-06-10,s1,"2020.06.10까지 | 제품명칠갑동치미냉면육수 | 4품의 유형 소스(실균제품) | 육수장연 | 정제수,액상과당,소스간장(탈지 | 대두:인도산),소고기엑기스 | (소고기:호주산),정제소금(국산) | 원재료명 | 식초맥아엑기스:미국산),소르비 | 육수의 장인을 만나다 | 통액,혼합제제유화제,주정,차추출물) | 대두쇠고기함유 | 칠갑농산은 [안심할 수 있는 먹거리] | 보관방법직사광선을피하여실온보관 | [맛의 자부심], [정성] [선별된 좋은 재료]로 | 반품및교환장소제조원 및 구입처 | 한국인의 입맛을 사로잡은육수장인입니다. | 유통기한후면표기일까지 | 포장재 질폴리에틸렌(내면) | 품목보고번호 | 19030472005291 | 더 맛있게 먹는 냉면 | 칠갑농산(주): | 제조원인터넷 홈페이지: | www.chilkab.co.kr | 칠갑 공식쇼핑몰: | www.chilkabmall.co.kr | 1577-7966 | 얼음육수 | 4조고있습니다. | 은보받을수 습니다. | 부  을 도주심시오 | 수으니 으로드십시오 | 니다. | OTHER | 8801759007430"
002187,2020,06,10,2020-06-10,s1,"2020.06.10까지 | 품명칠갑동치미냉면육수 | 육수장연 | 품의 유형 소스(실균제품) | 정제수,액싱과당,소스간장(탈지 | 대두:인도산),소고기엑기스 | (소고기:호주산,정제소금국산) | 식초맥아에기스:미국산,소르비 | 육수의장인을만나다 | 멜액,혼한제제유화재 주정,차추출물) | 칠갑농산은 [안심할 수 있는 먹거리] | 대두,쇠고기 함유 | [맛의 자부심].[정성],[선별된 좋은재료]로 | 보관방 법 직사광선을 피하여 실은보관 | 한국인의입맛을사로잡은 육수장인입니다. | 번및교환장소 제조원 및 구입처 | 유통기한 후면 표기일까지 | 포장재질 플리에일엔(내면) | 더맛있게먹는냉면 | 872-6 | 실갑 공식쇼핑을: | 얼음육수 | N | 8801759007230"
002188,2020,08,07,2020-08-07,s1,.이제품은 일 Tm.4 | ·유통기한:하단표시일까지 | ·게품은 피손되면 다칠 위험이있은급시주의하시기버렵니다 | ·직사광선이 닿지 않는 서늘한 곳에 보관하시고 개봉 | 후에는 뚜껑을 꼭 닫아 냉장고에 보관하십시오. | 2068 | ：080-024-2311（） | 2020.08.07 | 14:01 | 까지 | 오뚜기 | Q뚜] | 안전관리인중 | 주식회사 | HACCP | 128 | ww.otiogi.co.kr
002189,2022,04,NONE,2022-04-NONE,s1,BLSTBEFORE:FEB/04/2022 | 청유샤브소스
002190,NONE,NONE,NONE,NONE,fail,TL1BEFORE FEB/04/20 | 청유샤브소스 | * | t*' | H | X | 유샤브소스 | * | 불! | TE1BEFORE:FEB/04/2 | 청유샤브소스 | N1BEFOREFEB/04/20 | 청유샤브소스
002191,2020,10,20,2020-10-20,s1,"2020.10.20 | 14:43 | Tasting Note | 과습꽃내음,사탕수수,긴여운"
002192,2022,10,20,2022-10-20,rot90,22.10.20 | 사탕수수 | 긴여운 | Finisl
002193,2020,06,10,2020-06-10,s1,g(50kcal) | 유통기한: | 하세요. | 2020.06.1023:30 :11 | 까지
002194,2020,06,10,2020-06-10,s1,g(50 kcal) | 세요 | 유통기한 | 2020.06.10 23:30A11 까지
002195,2021,10,28,2021-10-28,s1,유통기한 | 까지 | nl | 2021.10.28 | 09:36E3 | 을 넣고 잘 저어주세요 | 봉치포장재질:폴리에틸렌 | OTHER
002196,2021,10,08,2021-10-08,s1,유통기한 | 2021.10.8 09.36 3 | 봉지포장재질:폴리에필린 OE | 넣고 잘 저어주세요. | g（65kcal）7.6%10.1%
002197,2021,01,13,2021-01-13,s1,귀여운 공룡모양의 초코비스킨! | 초코영공룡 | 유통기한 | 2021.01.13까지
002198,2021,01,13,2021-01-13,s1,귀여운 공롱모양의 초코비스킷! | 공룡 | 유통기한 | 초코 | 2021.01.13까지
002199,2021,08,05,2021-08-05,s1,유통기한 | 2021.08.05 | 00373405 14:13 0 | 까지 | 8 801055721955
002200,2021,08,05,2021-08-05,s1,유통기한 | 2021.08.05 | 00373405 14:13 C | 까지 | 8 801055721955
002201,2020,10,08,2020-10-08,s1,를 | 군극큼 | lo | 20. 10.08 B2 | 60/융 | %00 | B6CA BT | %69层品石 | ∞
002202,2020,10,08,2020-10-08,s1,20.10.08 2 | %S8 6 GE  | %00五 | 드 | %儿69层品行
002203,2021,01,08,2021-01-08,s1,영양정보 | 鲁名500g | 100g170kcal | ·제조일: | 2019.10.09 | 号4270mg214%个号20g6%弄11g11% | 2021.01.08 | 까지 | 4.07%0g1g7% | ·유통기한: | 0mg0%13g24% | 인전관리인 | ccm | DAESANG | PP | 대상주식회사 | 8801052436012 | PPAOTHBR
002204,2021,01,08,2021-01-08,s1,2019.10.09 | #488500 | 남제조일 | 까지 | 영양정보 | 108170 kcal | 2021.01.08 | 202 | ·유통기한 | 40：7人0：至8171 | ccm | DAESANG | o//ww.cesarng co | 8801052436012
002205,2021,03,05,2021-03-05,s1,두드 크림치즈 | FPTE | PEPERO | 21.03.05 T | 까지
002206,2021,03,05,2021-03-05,s1,누드 크림치즈 | LOTTE WPEPERO | 까지 | 21.03.05 T
002207,2020,05,11,2020-05-11,s1,"있으니 주의하십시오·부정 불량식품 신고는 국번 | %,대두를 사용한 제품과 같은 제조시설에서 제조 | 겨 통품이 잘 되는 서늘한 실온에서 보관하십시오. | 하거나 화장품·약품·향신료·가름 등 강한 냉새가 | ·개봉한 제품은 벌레·이물·공광이·홈착 등에 의해 | 1 냉장하여 보관하십시오-사용 시 혼동될 수 있는 | SAJO | -지마십시오. | 8 | 801039 | 937594 | OTHER | 들은 공정거래위원회고시 소비자 분정해결 기준에 의거 교환 | ：080-900-6133（） | 유통기한: | 총내용량1 kg | 100g350kcal | 79g24% | 당류 2g 2% | 2020.05.11 | 14:07 | 0g | 0.3g2% | 8g15% | 까지 | 기준이므로 개인의 필요 열량에 따라 다를 수 있습니다."
002208,NONE,NONE,NONE,NONE,fail,"연 | HOVHNO |   |   | %00L | 는 | 000 | 60 | 6g9 | 6 | 포화지방0g | 홍 | 8 | 801005154154 | 0 | (국신) | 긴선하게 우루북 | 소국 | 일은한 밀치국수,기억하시나요 | (치국신) | 여행 가는 길에 들린 휴 게소 에서 | 든든하게 즐겼던 그때그 추억. | 이산하규소, 형미중진 | 생표국시와 함께 하세요. | 조미식 호비산이 | 우요담스 |  국수별 용선보인 를 합니다 | 만-폴리 | N큰일치스프- | 샘표 얼큰멸치국수는?* | 营业2007047 | 전문매원성프식품( | 중구충무로 | D열치육수에 고충 가루를 더해 | 주)우리면 | 팔공시원한 국물! | 은선면 충의 | #진공숙성 반죽으로 더 쓸깃한 면발! | 신고는 국민업 | 교한처:판매원및구 | 비자 기법법의 일 | 맛있게 먹는 방법 | ∗ | 냉에물7OmLC3가팔팔으면 | 30 | ! | 더플여행물 필요 없이 바로 드세요! | 영양정보 | 품은에 일류.짓.호 | 3어게 새우,조개류(굴,7 | K교기 복숭아,토마토,에 | 101g | !["" | 병고같은제조시설에서제 | 325kcal | 비용신을 피하여 건조한 살 | 별후메는 가능한한 벌리 | 총내용량당 | 1일 영양성분 | 트윙식임)섭취를 줄이세이 | 기준치에 대한 비율 | 라스프앵을 조절하여 드 | L三量2,000mg | 탄수화물 68g | 100% | 당류7g | 21% | 지방1.4g | 7% | 2000mg | 트랜스지방 0g | 3% | 포화지방0g | 0 | U | 콜레스테를Omg | 단백질 10g | 0% | 1일 영양성분 | 154 | 준치 | %81 | ( | %0 | %0 | E | %8 | %L | %13 | 6/풀음 | 6g | %00 | b0h | pu |  영는 | L.,I"" | 비 여 터 |   R  | i | … |  국  | 름는V | FY | TONA C | 영우 V논 | 18 | MR SAmB BA | HIOVH를로 키H | 및후메는 가능한한 벌리 | 중선을 피하여 건조한 | 병3같은 제조시설에서? | 시고기 복숭아,토마토 | 3어게새우,조개류(굴, | 전문만매원 | 고번 | 이노스 | 소금(국신 | 규소 | 81 | 은선면 충의 | 주)우리면 | 단백질 10g | 영양성분7 | 지방1.4g | 당류7g | 탄수화물68g | 총내용량당 | 325kcal | 老号101g | 영양정보 | 더플여형을 필요 없이 바로 드세요! | 30 | 냉어물 7Om(3k 컵가팔팔깊으면 | 신공성 반죽으로 더 졸깃한 면발! | 팔시원한 국물! | 말치육수에 고층가루를 더해 | * 샘표 얼큰멀치국수는! | * 맛있게 먹는 방법 * | 하게즐던그그 추의 |  치수 하나요? |  구수별사용신보인 를 우미합니다 | 생표국시와 함께 하세요. | 여행 가는 길 | 그손하게 우류북 | 여행 ""” | 기준치에대한비율 | 60 | 길에들린 휴게소에서 | 1일 영양성분 | 000 | 100% | 00 | 80 | HOV |    로   |   | 는 | b0m0 |   통지 |    | 이로 (이) | 7 | 피라 스프 앵을 조절하여 | p | HOH |     | 여우 V논 |    | 8 | %00L | 70 | 높아 | 00 | 689暑停 | 60 | 6/풀 | 마 | 포화지방0g | 콜레스테Omg | nla | ( | u연동도‘k | 국 | (로 ) | 中 |   | 홍 | 공애리 | 의"
002209,2022,05,31,2022-05-31,s1,EXP2022.05.31 | VV | 801005154154 | %00L | FRRR | 1일 영양성분 | 88 | 기준에대한 비을
002210,2020,09,22,2020-09-22,s1,"19870415003307 | 呈249 | 표기일까지 | 탐,복숭아(중국산),올리고 | 스산)],식물성유지1(경화 | 88011171555719 | 지방산에스테르,프로필렌 | 2거트분말,유화제 4종,식 | (주)오리온 | 식품안전관리인증 | 루,푸마르산),조제크림분 | HACCP | 로 4종,잔탄검,곡류가공품 | http://www.orionworld.com | 유통 | 부터 | 을위해 일매지는 질소충전 | 20.03.23(11:98) | 기한 | E가 낮은 곳에 보관,개봉 | 20.09.22(BC8) | 까지 | ）080023-57"
002211,2020,09,22,2020-09-22,s1,"19870415003307 | 249 | 표기일까지 | 복숭아(중국산),올리고 | 8801117555719 | 스산)],식물성유지1(경화 | 지방산에스테르,프로필렌 | (주)오리온 | 2거트분말,유화제 4종,식 | HACCP | 루,푸마르산),조제크림분 | hto:/w.orionworld.com | 4종,잔탄검,곡류가공품 | 20.03.23(11:98) | 위해 일매지는 질소충전 | 20.09,22(B08) | 가 낮은 곳에 보관,개봉 | ：（）080-023-57"
002212,2020,10,30,2020-10-30,s1,"量卫0101399 | ·고분성소:구입처 | 모을 수 있습니다. | 은 공정거계위원회 소비자분쟁해결 기준에 의거하여 교환 또는 | 트에른 4기가 포항된 제품과 같은 제조시설에서 제조하고 있습니다. | 폴리에틸렌 | 질랜드산) | 4선 분리유청단백분말(미국산)],믹스베리피스(뉴 | /명 비EEA 비타민D | 널기외국산! | 연 표기 |  19830360016170 | 혼합제제2d-αa-토코페릴아세테이 | 밀가루미국산,캐나다산] | 운동 전후 | 밀,대두,우유 함유 | 오트푸레이크 브라운 | 내용량 | 논 | 330g | 유통기한 | 식품유형 | 8801083273303 | 2020.10.30 | 07:45 | 최광훈 | 까지 | 곡류가공품 | 채우고싶을 때 | 간편하고 가법게 허기를 | HACCP | 농심켈로그주식회사 | 080-023-6411 | 수있습니다. | www.kellogg.co.kr | (수신자 부담) | 소비자 상담실 | 문의처 | 홈페이지 | OTHER | 비님류"
002213,2020,10,30,2020-10-30,s1,"으로 나 해의 영을 받기 쉬우므로 개봉 | 号02证011399 |  발될수 | 관하시오 | 신 문리유청단백분말(미국산)] | 합제제2(d-α-토코페릴아세테이 | 아스코브산나트름, 비타민B:영산 | 정제소금.탄산칼습,제삼인산 | 밀가루미국산,캐나다산] | 19830360016170 | 밀.대두,우유 함유 | 믹스베리피스(뉴 | 식물성유지),스페셜 | 오트푸레이크브라운 | 글리세 | 논 | 식품유형 | 유통기한 | 2020.10.30 | 1801083273303 | 07:45 | 까지 | 곡류가공품 | HACCE | 0"
002214,2020,10,16,2020-10-16,s1,뺏면은 무면이으장개가면 | 제품a | 으면에  | -0 국 국신 미 7국신 | 위개 | 배은 표기일지 | 보관방법 | 조리방법 | 영양정보 | 기열된 용가는 데우 뜨거우므로 화상생에 주의하십시오 | ·본제품은 소세자 분정결 기준 의 과는 보을 수있습다. | 고객행복센터 | 주의사항 | 2특금중포장손상을입으면제품변질의우려가있습니다. | 다.·사용 후 포장지는 반드시 분라배출하여 주십시오 | 080-850-1200 | 1계통및죄후보관경우제통변질의우력가있습니다. |  부신는 | 1666-54718499 | 유통기한: | 20.10.16F1 | 8801007216317
002215,2020,10,16,2020-10-16,s1,영양정보 | 운동기한 | 20.10.16 F1 | 8801007216317
002216,2023,06,NONE,2023-06-NONE,s1,Store in a cool dry place | BEST BEFORE END | and once opened store | in an airtight container. | JUN 2023 | Carton- widely recycled | Film -not yet recycled | LO152 15:27 | Stay in the loop: | You | 'f | Tube | Packaging is | Packed in the UK | recyclable where | typhoo.co.uk | facilities exist
002217,2023,05,NONE,2023-05-NONE,s1,Store in a cool dry place | BEST BEFORE END | and once opened store | in an airtight container. | MAY 2023 | Carton- widely recycled | Film-not yet recycled | L0148 16:15 | Stay in the loop: | @f | You | Tube | Packaging is | Packed in the UK | recyclable where | typhoo.co.uk | facilities exist
002218,2023,05,NONE,2023-05-NONE,s1,Store in acoldry place | and once opened store | BEST BEFORE END | in an airtight container | Carton-widely recycled | MAY 2023 | Fim-notyetreoycled | L014816:15 | Stay in the loop: | Vf © | YOu | Tube | Packed in the UK | Pacagiegis | typhoo.co.uk | regydablewhere | fctsensr
002219,2022,02,01,2022-02-01,s1,"Vongole | Spaett sauce | 봉골레 | 스파게티 | 만드는법 | 대중적인 식감8 | 홈스타일 봉레스파거티소스 | （号/）#250g | 에서교합하시기비 | 고등어,게지기 | ·제은 공정거리위 | 원재료명 | 로는환불받을수있습니다.상 | 영양정보 | 총 내용량당 | 우유오정어새우아황신류대두고기, | 星量_2.100mg | 밀조개류(바지락,굴)함유 | 国14g | 당류 59 | 유통/한 | 별도표기일까지 | 지방99 | 보관방법 | 직사광선을 피하고 실 | 에서 보관하시기바랍니다. | 트랜스지방0Q | 포화지방 29 | 포장재질 | 폴리프로필렌 | 콜레스테를 5mg미만 | (주시아스/출북청국 | 1흥덕구 옥산면 | 13 | 단백질 39 | 径1027 | 2)430-1975 | 18 | 1일영양성분기준지에대한비 | 시성동구 뚝성로 | 5% | 통 | (주이마트/서울특 | 기준이므로 개인의 필요 열량에 따라대 | 판매 | 377（6午27) | 02)380-5678 | 반통및교환장소구입처 및 제조원 | 8309489617158 | 2022.02.01 까지 D"
002220,2019,09,30,2019-09-30,rot90,BEET  EEF 디RE | 8250020539 | SEP.30.2019 |  pRUm ar S | 00:59 | 1 3nesTME
002221,2022,06,03,2022-06-03,s1,LEON! | Sotsr | JEL | 이용사우어 비타민이형프도리 | 영양정보 | MITAMIN-C GREEN GRAPE JELLY) | 내용량당 합황 | 1일 영생기 | 식품의 유행 랜디 | 全隆位三童业座豆工T.031-559-2633 | 4150 | 탄수화를(Carbohydrate) | 三（）T.02-3600-8181 | 당류(Sugars) | 410 | 수입/판매원 | 지방(Total Fat) | 349 | 트랜스지방(Trans Fat) | 0.029 | 3A% | 포화지방(Saturated Fat) | 09 | 0% | H50g（173kcal) | 콜레스테를(Cholesterol) | 0.01g | 0% | 0mg | 0% | 단백질(Protein) | 22g | 0% | 비타민C(Viamin C) | 255mg | 4% | 돼지고기 밀 함유 | 개인의 필요 열량에 따라 다를 수 있습니다 | 일레르기유발물질 | 원산지프랑스 | OTHER | 2022.06.03까지
002222,2021,02,07,2021-02-07,s1,"·츠콜릿·원자료명 및 함량:설탕, | 의(외국산미국산,호주산,별기에산) | 본 제품은 (주위즈크리에이티브와의 | wiz | 유당,가공유크림,코코아버터, 유화제1 | 저작권 사용계약에 의하여(주심광식품에서 제조, | 은 대두 함의·직사광선 및 습기를 피해 진열 | 해터제파식핑주에서 판매하는 것으로 무단목제를 금합니다. | 영양정보 | 0667） | 827g165kcal | L三号20mg1%午型量14g4%导14g14% | 벤품 및 교환장소본사및 구입한곳·포장글리에틸렌 | 11g20%0g7g47% | 티트레이.폴리프로필렌(스틱·유통기한:후면표기일까지 | 5mg1%2g4% | 1492 | ：197304300372 | 가 허용된 제품입니다.※이 제품은 땅콩,밀 계란,소고기를 사용한 | HPC095310 | 제품과 같은 제조시설에서 제조하고 있습니다. | 2021.02.07지 | 3801019203541 | 비닐류 | http://www.ht.co.kr | ·자연을 푸르게 환경을 깨끗이 | OTHER | 호태 | 화이트 | 엔젤 | 큐 | 티"
002223,2021,02,07,2021-02-07,s1,"wiz | 작클릿·원료영 및 항량설당 | 의외국선미국산 호주산 발기에산 | 영양정보 | #488165kcal | 0당 가공유크림 코코아버터,유화제 | ·직사선및습기를때진열 | 山县20mg1量4g44g14号 | 1120%信0大747 | 量5m12g4% | 레이리프로렌스틱·유통기한후연기일지 | HPC095310 | 생진로40·유통전문만대완해터제파식주 | 이은 명밀 ,소고를사용한 | 8801019203541 | 과 같은 제조시설에서 제조하고 있습니다. | 2021.02.07H지 | 시식혹남은막대를이용하여 | 비방을놀이를길수있어요 | 자면을 무르게 경을 끗이 | OTHER | 화이트 | 엔젤 | 크티"
002224,2022,09,14,2022-09-14,s1,해주세요 | 튼을눌러 | No | 이용 가능합니다.(버츄오 제오) | *네스프레소오리지널랩슬이 | 호환되는모든기종에서 | （110ml）2 | *네스프레소머신사용시 | 大30CH7 | 에스프레소(40ml)로 | 유통기한 | 2022.09.14
002225,2022,09,14,2022-09-14,s1,해주세요 | 튼을눌러 | No | 이용 가능합니다.(버측오 제외) | 호완되는 모든 기종에서 | *네스프레소 오리지널 랩슬이 | 署2（110m）至2大本道 | 에스프레소(40m)로 | 네스프레소 머신 사용시 | 유통기한 | 2022.09.14
002226,NONE,NONE,NONE,NONE,fail,"EART | 제명유기농석류맛 막대사당[천연 | 只人个个58%是38%25% | 早话99800109室 | NNECTICUT06902 | 및햄량 | E005%（0.5%402（五65%） | :복관방법:직사광선을 피해 실은에서 보관 | OF MEXICO | 02（5%）0.1%5%） | ：01139 | EARTH.COM | 유기농딸기맛 막대사탕[천연향료(말기항1%] | 人57%，39%2% | 바 버려주효과다취시 치아상 | 명(스인증원 | 이나 성상을 합수 있니다이저 | 0.（五餐65%）0.1%（是65%） | 계람주유마를 사용한제품과 길은 자 | 유기농블루베리맛막대사당[천연향료(불루베리항0.5%]식품유형캔디류 | 시실에서 제조하고 있습니다 | 人个个57，3%不25% | 영양정보 | Ily wrapped | 0..02 | 나트륨 Omg 0% | 탄수화물89 | ops | 지방 0g 0% | 콜레스테를Omg 0% | dod  | TUMEARTH | organic p | EORE | 2023.0303 | MEXICO | rawberry | cs aroud of Our | 식품유형 캔디류 | 제품명 | 유가농 막대사랑 | dients | ts, Black Currane | vors ma | 인지및 수입 | 1% | ALEDE | DE | 유기농포도맛 약대사탕[천인향료(포도항(0.5%] | 식품유형 칸디류 | 천번호 | 제품명 | 유기농 인증기관 | 건국에코써트인증원 ECOCERT KOF | TH INC. | 원료명 | 제품명 | 식품유형 캔디류 | 자조앤스빌 | 원료명 | 031-982-4905 | 및함량 | 10600533室 | 量：欢99800109 | 제품명 | 원료명 | 및함량 | lseus | MEXICO | ops  | Ily wrapped | EARTH.COM | OFMEXICO | 0109至 | 원료명 | 제품명 | 유기농사랑수수 | 유기농블루베리맛막대사탕 | rawberry | 유기농딸기맛 막대사랑 | 유기농포도맛 | 유기농식 | op organic p | 023. | TUMEARTH | nrye | 0303 | 베리향0.5%] 식품유형 캔디류 | 식품유형 | 1%고 | 식품유형 | 200 | 콜레스테를Omg 0% | 나트륨Omg 0% | 영양정보 | useus | 个号8907 | YUMEARTH YUMEAR | 보관 | rganic | 고 | %0 bW0 | 고 | %60 | smash | aberry | p.o | 또시 | H | O | C/ | EO EO | 구 | [ | 도 | paddeum시l | dd Sdo | TCDIO | BO | WCCDIO | UMEARTA | ganie | stiawberry | smash | E--E-- | YUMEARTH YUMEAR | organic pop | organic | %0 DW  | d sdor | 0 | paddeim시Ⅲl | BM/< | KY | 506P-286-180 | Ye | roHe | [ | ORR NBARIDY PRAT | 뭐 | BHY | TRBY | mo fo pnoio | EART | 유기농석맛 막대사황천연형원 | [식품유형 ]캔다류 | 1% | 유기농포도맛 막대사탕 [천연향료(포도행)0.5%] | 식품유형 캔디류 | 유가농 인증기관 | H INC. | 人个个58%38%2.5% | 유기농 인증번호 | 刘99800109型 | 어코 | OCERT KOR | NNECTICUT06902 | OFMEXICO | E2005%（营/.5%002（五号65%） | 402（65%）0.1%65%） | ·보관상법 | 비직사관선을 피해 실은에서 보관 | EARTH.COM | A号801399 | 유기농딸기맛 막대사장[천연향료(딸기항)1%] | 식품유형 캔디류 | 거래위원회소비지 | 결기준에 | 품명 | 섭취후 대 | 습니다. | 료명 | 人57%，39%2% | 031-982-4905 | 7005%3 | 명(주에코리디스인증원 | 이나 성상을 유발합수 있니다이제 | 订40.1%（立营65%）等40.1%（五营是65%） | 예람 후유토마를 사용한 제품과 같은 제 | 刘10600533壶 | 유기농블루베리맛막대사당천연향료블루베리항0.5%] 식품유형캔디류 | 시절에서 제조하고 있습니다 | 量：对99800109 | 제품명 | 원료명 | 人个578%，38.6%不25% | 영양정보 | 및향량 | 003%）0.02%%） | 나트륨 0mg 0% | 탄수화물89 | 지방0g 0%트랜스지방 이 | 콜레스테롤Omg 0% | A | 0 | TUMEARTH | organic | 1ORF | MEXICO | eelicious YummEarth varietes | awberr | Vitamin CPops"" | rse our | 0 | nlel | Or | ganic Cand | W | EAKT | 유기농석류맛 막대사당 [천연항료(성료원) | 유가농 악대사랑 | 식품유형 | CNCI | roud of Our | 제품명 | 식품유형 캔디류 | 제품영 | dients | Co | 유기농사당수수설팀5 | (UOll | ors may | en | 구입저및 수입 | ts, Black Currane | CALIBNO UEMENOD S CE RL DE | 제최0 | CALELEACAACOPONADA 370O-B.PAR | -A-SUX | 제조회사 | NOLSIRA BAA MAORAOATUANA B | 早%）人4901%6线客0.1% | 주소/ | 22215.MEX000/TEL:52664-627-4126 | 전화번호 | 제품명 | 유기농포도맛 막대사탕 [천연향료포도항)0.5%] | 식품유형 캔디류 | 유기농 인증기관 | 건국에써트인증원 (ECOCERT KOR | TH INC. | 원료명 | 人个58%38%2.5% | 99800109 | NNECTICUT06902 | 및햄량 | E00.5%（0.5%0.2%65%） | ·본관방범:직사광선을 피해 실온에서 보관 | OFMEXICO | 0.265%）0.1%（65%） | 전을 실거래위원회 소비자물해길좋에 잊기 | 01399 | EARTH.COM | 통은보장 방을주 있습니사을 싶경후 | 유기농딸기맛 막대사탕 [천연향료(딸기향)1%] | 식품유형 캔디류 | 제품명 | 식로손상의 환험이 있는니주의하여 추십시요 | 자 | (주조앤스빌 | 57%，39%2% | 섭취후 박대는 다칠 우력가 있의니 휴지에 | 질사 | 소 | 기로2번일 | 원료명 | 바른 버려주집시료 과다섭취신 치아속상 | 031-982-4905 | 맛함량 | 1（7）1%00.5%量10.3%（号号65%） | 이나 성사을 유발할수 있습니다이제 | 명 (주)에코리더스 인증원 | 40.1%（65%）40.1%（65%） | 계란 후유 토마토를 사용한 제품과 갈은 제주 | X10600533 | 시설에서 제조하고 있습니다 | 量：预99800109 | 유기농블루베리맛막대사탕[천연향료(블루베리항)0.5%] 식품유형 캔디류 | 제품명 | 영양정보 | 원료명 | 个57.8%，38.6%2.5% | Ily wrapped | 및함량 | 005%（2/05%00%% | 탄수화물8 | 0.03%5%40.02%5%） | 나트륨Omg 0% | ops | aPproo | 지방 0g 0% | 트랜스지방0y/ | WVA | 콜레스테롤Omg0% | 200 | 7UMEARTH | op organic | REORE | 023.03 | 03 | tseus | ma | orijo pnpoud | coy | SICCS | MEXICO | awberry | itamin CPops | urse our | fal | 8809284591271"
002227,NONE,NONE,NONE,NONE,fail,영양정보 | dod u | TUMEARTH | p organic | RUORE | 0303 | Atamin C Pops | HINC. | INECTICUT06902 | EARTH.COM | OF | MEXICO | el | 방(기행일) | e | P02 | rapped | 유기F8사담수 | 시과동축0고 | 나트통 Omg 0% | 지방 Og 0% | 만수화를 8 | 플레스테를 Omg 0% | 트랜스지방 이 | Oums | 1 | MEXICO | awberry | our | gan | 0 | 0 | organic | TUMEARTK | 03 | myEarth varieties | 03 | RORE | Ca | unlbe | 영양정보 | 레스테홀 | Omg | pop | MEARTH YUM | rganic | %이비 | pop | u06. | %060高 | -- | EETY | E | OODGW | toerry | YUMEARTH YUMEAR | rganic pop | sanl | %이O | HINC | NECTICUTOBSOZ | OF | ART | MEXICO | .COM | bel | 유기능입미산구인번산5조) | 15/1% | nbel | 비타. | 03 | 가공사항 |  불객거린도 | 00 | 지방 0g 0% | 플레스테를 Omg 0% | 스지분 | PUIRALHRMRIRR | TUMEARTH | o.ganic | ORF | icious YummyEart | 1WE | H INC. | INECTICUTOB902 | 못도넷 맥대사항 | RC11 | OFMEXICO | EARTH.COM | E6L | 유기농기맛 미대사장천인항기형 | 0 | X0.2 | M05 | 식품el | 비. | ·산산동종제재C | 01( | ENSESAP | 유기능 분부베리학대사장 | Ily wrapped | 원람명 | 공유영 | ops | 영양정보 | 25 | 나트통Omg 0% | 지방 Og O% 스지방 9  | 플레스테를 Omg 0% | OuoGs0 | TUMEARTH | organic | PURORE | 023.03 | 803 | OiunE | MEXCO | redellious YummyEarthvarieties | awberry | 동e | itamin C Pops | OLE | Fbe
002228,NONE,NONE,NONE,NONE,fail,8B28/03/23027 | Fottonie | andeli | a. | SSA | ACETO | AMICO | Landele | 828/03/23 | IG | dJ | o | VSS | 7057/20/82 | 828/03/2342 | Satonie | Lande | a. | SSA | CETO | AMICO | ENATGP | 28/03/230272 | tse | Landele | SSA | CETO | AMCO | ENAIGP
002229,2028,03,23,2028-03-23,s1,BB 28/03/23 | SSA
002230,2022,07,21,2022-07-21,s1,주의사항 | 어화상을입을수있니주의하십시 | 제품의기를가열기구주변에놓지마시 | 부정불량식품신고는국번업이13 | 영양정보 | 탄수화물 | 트랜스지방 | 유동결 | 1g=1.09ml | 2022.07.21
002231,2022,07,21,2022-07-21,s1,2022.07.21
002232,2022,12,20,2022-12-20,s1,주의사항 | 이화상을입을수있으주의하십시이 | 제의응기가일기구주번놓지마싶시오 | 부정량식품신고는국이9 | 영양정보 | 100gg900kc | 탄수화물 | 당류 | 콜레스테롤 | 단백질 | 1g=1.09ml | 2022.12.20
002233,NONE,NONE,NONE,NONE,fail,편리합니다 | 사용하기 | .2023 0121 | bo | 2023 | 1융x | 사용하기 | 편리합니다 | 1009(355kcal) | AHE | 2 | 편리합니다 | 사용하기 | 2023 0121 | 퍼지지 않습니다. | NRI 사용인 | 편리합니다 | 사용하기 | (355kcal) | 2023 0121
002234,2023,01,21,2023-01-21,s1,편리합니다 | 사용하기 | ·20230121
002235,2022,02,22,2022-02-22,s1,3.184 | QUAKER | -ESTD1877- | 2022.02.22 | 까지
002236,2021,06,08,2021-06-08,s1,"OCOPIE | 윈파이 | Vitamin DOmcg | Cakum 1mg | Potassium 74mg | 9星419 | 보관방법 | 섭취시주의사항 | 제품이 목에 걸릴수 있으므로 쉽어서 드십시오. | 00/외국산:태국, | 제조라인에서제조되었습니다. | (중국산) | 제품은공정거래워원고시소비자분해결기준의거고환또 | 09/국산) | 보상받으실수있습니다. | , 아본드(미국산), | ·반품 및 교환장소:구입처 및 제조원 | 산)메이플시럽 | 나다산올리고당) | 2021.06.08까1 | OTHER"
002237,2021,06,08,2021-06-08,s1,"1코파이 | 8#1709 | -제품이 목에결릴수 있이로 법어서드십시오 | 7%외국산:태국, | 제조라인에서 제조되었습니다. | 100%/2号）， |  아온드(미국산) | 보상받으실수 있습니다. | 산),메이플시럽 | ·반품 및 고환장소:구입처 및제조원 | 캐니다산,올리고당) | 1399 | 2021.06.08까2"
002238,2022,06,30,2022-06-30,s1,"AMICA | ruz | kcal, | BestBeforg2022/06/30 | pack! | Batch L6 | EASY OPEN | RESEALABLE | STAY FRESH | y | 법에의한한글표시사항> | LEMON 제품의유형:캔디류 | 영양정보 |  내용정당 | #40 | 1일영양성분 | 기준치에 대한 비를 | 총 내용량당 | 1일영양성분 | 95kcal | 나트름omg | 기준치에 대한 비를 | 지방0g"
002239,2022,06,30,2022-06-30,s1,kcal | <UZZy | pack! | BestBefore2022/06/30 | Batch L36
002240,NONE,NONE,NONE,NONE,fail,BEST IF JSEDB | 2021MAY26 | 2421S31FA5 | 08:44:00 | ASIEATIN' | T | 08:44:00 | 2421S31F | 2021MAY | BEST IF | SIIS SVES | ASEATIN? | BEST IF JSED BY | 2021MAY26 | 2421S31FA5 | 08:44:00 | FSEATIN? | BEST IF JSED | 2021MAY26 | 2421S31FA5 | 08:44:00 | ASEATIN?
002241,NONE,NONE,NONE,NONE,fail,BEST IF USED | 2021MAY26 | 2420531FA5 | 08:44:50 | ASEATIN? | AUE | RSEATIN? | AUE | N | 3n | 0077.80 | BEST IF USED 3 | 2021PAY26 | 2421531A5 | 08:44:00 | SEATIN? | Z | BEST IF USED | 2021MAY26 | 242031FA5 | 08:44:50 | ASEATIN?
002242,2022,03,13,2022-03-13,s1,"제품명 | 투이리스트스탁커피 마일드블린터식품유형커리 | ·스틱내질소충전 | 제조원 | ·이제품은우유일류,평콩대두밀을사용한제품과같은 | 유통전문관원 | 투플레이스주식회사/충청북도음성군대소연대소신단로20 | 제조사설에서 제조하고 있습니다. | 유통기한 | 하단표기일까지 | ·본제품은소비자기본법에의한소비지분쟁해결준에의거 | 정당한 소비자피해에대해보상해드립니다. | 내용량 | 33g(1.1 gX307H) /120kcal | ·직선을하고온습도가낮으며,통품이되는곳에 | 원재료명 | 100%90%（10% | 보관해 주십시오. | （00% | ·부정·불품신고는국번업에으 | 내포장제질 폴리에틸렌 | 200049035-685 | 영양정보 | 33g(1.1g307H） | ·제품개봉이나섭취시포장재에의해상처를입을수 | 17H(1.1 g)4kcal | 있으므로 주의해 주십시오 | 5mg0%号1g0%异0g0% | ·유통과정중내용물이변되었을경우섭취하지마고 | 구입체 및 판매원에서 교환 하십시오. | 콜레스테롤0mg0% | 단백질 0q0% | 별날개판는심가 주십시오 | 유통기한 | 202203.13 | 880802410238501 | 까지"
002243,2022,03,13,2022-03-13,s1,  | /도구 성 정자  | - | 유통개한 하단표기일까지 | 본은 세에 위 | 33g(1gX3071gl)/120kcal | 开间100%790%/手等8间10% | F：0年空/100%） | 电：7线20004935-65 | 영양정보 | ·수 | 量500%空量190%8等100% | ·정중   | 营40m0%000% | 2022.03.13
002244,NONE,NONE,NONE,NONE,fail,Daysan | BRETON | MadameLoik | MadameLoik | BRETON | paysan | BEWAARN | UDSA S | Daysan | BRETOn | SANS CONSERAEU | INDER BEWARMIOC | MadameLoik | H | paysan | CONSERVATEUR | BRETon | SANS | MadameLoik
002245,2021,05,21,2021-05-21,clahe,Daysan | BRETOn | SANS CONSERVATE | INOER BEWAARMIDOR | MadameLoik | FRDT ETUT | EXP:21/05/21
002246,2021,07,22,2021-07-22,s1,5O | 유통 | 2021.07.22 | 까지 | 남 | 드빈치 | deVinch | de Vinch Butter
002247,2021,09,07,2021-09-07,s1,2.900 | 아이밀 | 남남 | 818011571551351 | J0785F08 | 단호박볼 | 유통기한 | 2021.09.07 | 까지
002248,2021,09,07,2021-09-07,s1,아이밀 | 남남 | 유통기한 | 2021.09.07 | 단호박볼
002249,2021,10,20,2021-10-20,s1,"Enjoy the Quaity | 치즈 | 2.900 | 꼬야 | 한번더고민하고 | 한번더 검사하고! | 않이고야는 | 한번더생각합니대! | 소중한 내 아이가 먹을거니까, | 0 | 2021.10.20 | 00 | 아이의성장발달 단계를한번 더생각했어요 | 아이게 | •두뇌발달을위해아이가직접집게해주세요 | 한번내 | •체중과 운동량이증가하는 시기니까 | 영양간식으로꼭행겨주세요 | 남양유기농 주스와 함께 먹이면 더욱 좋아요 | 만 | 마지 | 100% | 20120520324"
002250,NONE,NONE,NONE,NONE,fail,"ipouch | Total Fat | 50 | Saturated | oD.Mily Value | Irans Fat g | Chiclesterolc | Sodiun: 30mg | Total Carb 12g | Dietary Fiber 1g | 13% | Tatal Sugars 9g | Inc! Og Added Sugars | Protein Og | Not a signiticant | pource of protein | 확인한 | VitDOm0%·Calcium10mg4% | 들어주신 | Iron 0.3m! | 2%·Potas190mg25% | 하십시오 | VitA100mcp0%VitC22mg45% | INGREDIENTS: OR | CARROTS, ORGANIC APPLES | 경우한SA | TER ORGANIC LEMON JUIC | ORGANIC MANGOES | CONCENTRATE, VITAMIRFC (ASCORBAC ACID) | - | GERBERPRODUCTSCO.FREMONTMI49413S | SCertified Organic by:0regon Tilth | 091RY2021005 | 013051591F08 | Amuunt | 013051591 | Certified Organic by·Oregon | GERERPRODUCTSCOFEMOMI49413 | CONCENTRATE, VITAMAINEC | VitA100mcj | Protein Og | Chiclesterol | Total Fatc | Gal | NGREDIENTS: | Iron 0.3my | Total Sugars 9g | Dietary Fiber 10 | Saturated | Inc! Og Added Sugars | 2%·Potas190mg25% | les | 0%VitC22mg45% | dpouch | (ASCORBAC | ource of prote | Not a signitican | ACO | ORGAH | 3958893 | 8688568 | 1 | 1202A9060 | Sa | %0 | - | oe npos | E SUe | /.1 | OS | lunouy | onFacts | Amu | pouci | Total Fat | 50 | Saturated | B.hil Value | Irans Fato | Chiclesterol( | Sodium 30mg | Total Carb 12g | Dietary Fiber 1g | 13% | Tatal Sugars 9g | Incl Og Added Sugars | Proteia 0g | Not a significant | ource f protein | VitD0m10%·Calcium10mg4% | 들어주신 | 십uQ- | Iron0.3m2%Potas190mg25% | VitA100mcJP0%VitC22mg45% | -31 | - | C CARROTS ORGANIC APPLE | INGREDIENTS: ORA | DRGANIC MANGOESTTER DRGANC LEMON JUC | CONCENTRATE, VITAMINFC (ASCORBIC ACID) | - | GERBERPRODUCTSCO.FREMONTMI49413S | Certified Organic by:0regon rith | n | 013051591P | ition Facis | Amount | calonies | size | a pouch | Total Fatog | 50 | Saturated a | D.il Value | i rans Fat og | °/o | Chiotesteral Omg | Sodiunt 30mg | 영양정보 | Total Car12g | 58 | BERAT | Dietary Fiber 1g | A | 13% | Tatal Sugars 9g | Inc! Og Added Sugars | Protein Og | Not a signiticant | source of protein | TBALW | VitDOmn0%·Calcium 10mg 4% | 될어주십요주 | A- | 2%·Potas190mg25% | Iron 0.3m | Vit A100mcg20%·VitC22mg 45% | -H후전의 | INGREDIENTS: ORAIC CARROTS ORGANIC APPLES | ORGANIC MANGOES WTER. ORGANIC LEMON JUIC | 하심오-전합 | CONCENTRATE, VITANINEC (ASCORBAC ACID) | GERBERPRODUCTSCO.FREMONT.MI49413,US | Certified Organic byiOregon rith | 688S65"
002251,2021,05,09,2021-05-09,rot90,013051591P | 09MAY2021 | /A1 | ron 0.3n | roteia Og | . | acts | 2 | ViC | C
002252,NONE,01,04,NONE-01-04,s1,"wive net | 순산양유아식 | 부드럽고순한의맛있는간장소스 | 사용용도 국물요리입은국  국수하에 간편하게 한스문 | 强全：190m49% | 국신 대두국신,먹아조청 주정,정지수,가농2주정 | 다시마추출액 다시마:국산),정제소금국선],표고버섯추출액기스표고 | 충포고섯국산,정금국신,정소금국선 영동학 일 | 아북주시소원면메가폴리스로·포장용리터티프털터 | 아이배넷(주) | Www.ivenet.co.kr | MT2001SG1 | 8809360921749 | 유통기한: | 202.01.04 | 까지"
002253,2022,01,04,2022-01-04,s1,순산양유아식 | 부드럽고순한 | 수의에간편하게 한스문 | 1m | 아이배넷(주) | 유통기한: | 까지 | 2022.01.04
002254,2021,10,26,2021-10-26,s1,"과수원 이이 | 사용달콩쟁 | 풍명: 음자리 정쟁딸기절리 | 식통유형:간디류 | 1号号：50g | 영:물연 설당 -소비톨액 젤라틴 복 | 222 | P가기기국신 | ·유통전문판매원:(주복음자리 충남논산시 | E기타식용 | 네아딸기농 | ：080-254-6580 | 3%)화 | ·www.bokumjari.co.kr | 기함 | ：201011096-34 | 영양정보 | 총내용량 50g | ·포장자질4:폴리에틸렌 | 165kcal | 号5mg0%号39g12%26g26%Og0% | ·유통한 해단 별도 표기일까지 | *보관행합 직사광선을 피하고 습기가 없는 서 | g0g0%0mg0%3g5% | 늘한곳에보관하십시오. | （%）2000kcal | *주의총:이제품은 복숭아,대두,우유를 사용 | 개인의 필요열량에 따라 다를 수있습니다. | 한제품과같은제조시설에서 제조하고 있습니 | 다.고릉섭취시설사를일으킬 수 있습니다.제 | 풍이고온에 약하니 하기 직사광선을 피하여 | 2020.10.27 | 부터 | 30c이하에서 보관해주세요.한번에드실 경우 | 2021.10.26 | 질식의 위험이있으니잘어드십시오. | 까지 | 철리에있는경은반점은딸기의씨이므로안심 | 하고드시기바랍니다. | 비닐류 | 8""805999600598 | OTHER"
002255,2021,10,26,2021-10-26,s1,"22428 | 기타식용 | 사 물기능 | 8636%异料 | 지고기 형유 | 724：080-254-6580 | ·www.bokumjari.co.kr | 영양정보 | 일도표기일까지 | 号50g0%鲜量39g12%号26g26%档0g0% | 165K | 을페하고 습기가 없는 서 | 赠0g王7话0g0%0mg0%量3g5% | 승아 대두,우유를사용 | 서조하고 있습니 | 일으릴수 있습니다.제 | 직사광선을 피하여 | 주요 한번에드실 경우 | 2020.10.27 | 잘법어드십시오 | 2021.10.26 | 부터 | 은 들기의 씨이므로 안심 | 까지 | 8805999600598"
002256,2021,04,30,2021-04-30,s1,MO | 모림가입 | 품명모링가입 | 품의유형 기타가공 | 목보고번호20170430 | 로및형모링가읽인도 | 170g | 유통기한 제품상단또는해 | (주가화에프엔 | 제조원 | 1용한 | 충청북도  | 소 | 분 | 경기도안성사원 | [한국생활건강 | 유통전문관대원 | 교환또는보상 | 유동신문관대원 | 서울 광진구 등로해 | 2021.04.30까지
002257,2021,04,30,2021-04-30,s1,모림가 | 의유N | 0 | 유통기한상 | 제조원 | 충청책도전 | 소분원 | 경기도안 | 유동진문관에원 | 2021.04.30까지
002258,2022,01,24,2022-01-24,s1,이미지사진 | 2022.01.247 | 구운아몬드 | 三()100% 450g | 땅콩또는견과
002259,2022,12,15,2022-12-15,s1,A00 | 제품명 | 내용량 | 52g013gX40E | 식품유형 | 품목보고번호 | 19980467010457 | 100% | 원재료명 | 리에틸린터레프틸레이트 뚜를 몰리프로를 | 용기포장재질 | 여파지장질 | 나일론 | 주의사항 | ·본제품은 공정거위원회고시소비지분정해결기준에 | 의거교또는보상을받으실수있습니다 | ·물을메밀을 용 품과같 있 | 문의및교환처 | 업스명및소제지 | 녹차원주·본사:서울시서초구초대로4일 4 | ·공장소지:충남금 진산연실화로 | 유통기한 | 2022.12.15 | 까지
002260,2022,12,15,2022-12-15,s1,스커스이집트 | 100% |  시 | -입처·소비 | 유통기한 | 2022.12.15 | 까지
002261,2022,01,11,2022-01-11,s1,EASYCAP O는법 | 1%99 | 총 | 어 | 유통기한 | 2022.01.11 | 까지
002262,2022,01,11,2022-01-11,s1,   | 유동기한 | 2022.01.11
002263,2021,12,01,2021-12-01,s1,"프라이드져란오양구이 식품의유형 칸디류 | 영양정보 | 60g/200kcal | 182（） | 60g/200kca | 콘시럽 설탕,절라틴D소비톨액2%,아서빌인산 | VIDAL GOLOSNAS,SA | 포장재질플리에밀렌 | 얼량에 라다를수 있습니다. | 품및교환수입원 및구입처 | 부정 불량식품신고는 국번업이 13'본제품은 공정거래 | 고소지기준에의거교하또는보상받 | 2021.12.01"
002264,2021,12,07,2021-12-07,rot180,20211207 | BA | VEOMEIOOO TON
002265,NONE,NONE,NONE,NONE,fail,03.05 10:14 C2 | 서울우유 | 서울우유원유 | 99.997% | 더진한 | 서울우유 | 03.05 10:14 C | 더진한 | 99.997% | 서울우유원유 | Y | %26666 | ZJMI:OI SO'ED | %26666 | ZO MFI:OT SO'ED | 03.D510:144 C2 | 국서울우유 | 서울우유원유 | 99.997% | 더진한 | 03.0510:14A C2 | 서울우유 | 서울우유원유 | 99.997% | 더 | 진한
002266,NONE,NONE,NONE,NONE,fail,03.05 10:14外C2 | 스서율우유 | 서울우유원유 | 99.997% | 03.05 10:14 C2 | 99.997% | 서울우유원 | %26666 | %26666 | 상공통Y | 03.0510:14C2 | 99.997% | 03.0510:14C2 | 서울우유원유 | 99.997%
002267,2022,09,NONE,2022-09-NONE,s1,Extremadura | PiMeNtN | Consejo.Regulador | Denominacion de Origen Protegida |  VERA | de lg | LA3138441 | 814249121012562 | Best before / Batch: | SEP 2022-LOTE 2531
002268,2022,09,NONE,2022-09-NONE,s1,PiMeNtON | Consejo.Regulador | Denominactan deOrigen Protegida | VERA | de lg | LA3138441 | SEP 2022-L0TE 2531
002269,2016,03,21,2016-03-21,clahe,16/03/21 | P210150610
002270,2016,03,21,2016-03-21,s1,16/03/21 | P210150610
002271,2021,08,02,2021-08-02,s1,MaXIm | CAFE | 2021.08.02 12:51 인천 A/0 | Cappuccino | Vanilla | TER COF | 10sticks | 조리예
002272,2021,08,02,2021-08-02,s1,MaXIm | CAFE | 2021.08.02 12:51 인천 A/0 | Cappuccino | Vanilla | 10sticks
002273,2021,08,09,2021-08-09,s1,MaXim | CAFE | 2021.08.09 19:55 | 인천 A/O | Cappuccino | Hazelnut | 10sticks | 조리예
002274,2021,08,09,2021-08-09,s1,MaxIm | CAFE | 2021.08.09 19:55 인천A/0 | Cappuccino | Hazelnut | 10 | sticks
002275,2023,12,22,2023-12-22,s1,2020.12.231조 | 2023.12.22
002276,2023,12,22,2023-12-22,s1,2020.12.23세조 | 2023.12.22
002277,NONE,NONE,NONE,NONE,fail,SHRY | NETWT.3.64OZ(103g) | 0189 | PEST | NETWT.3.64 OZ.(103g) | EIL | . | 6810 | NETWT.3.64OZ.(103g) | BEST BY JUL 3023 | 0189 | NETWT.3.640Z.(103g) | 0189 | EET
002278,NONE,NONE,NONE,NONE,fail,01 | BY JUL | BEST | BEST | NETWI3.640Z(1030) | BYJUIL | 6810 | 1538 | NEJWT3.640Z(1030) | BEST BY JUL 20E | 0189 | NETWI3.640Z(1030) | 2023 | BY JUIL | 0189 | BEST
002279,2021,01,03,2021-01-03,s1,"곡류가공품 | (로그사로부터 기술도입에의해제조) | 글리세린,글리세린지방산에스테르] | 대두 함유 | 74%55% | 15%，5%，5%） | 유통기한 | 2021.01.03 | 15:394号7 | 까지"
002280,2021,01,03,2021-01-03,s1,글리세린클리세린지방산에스테르] | 대투함유 | 15%，5%，5%） | 2021.01.03 | 유통기한 | 15:39X害71 | 까지
002281,NONE,NONE,NONE,NONE,fail,"수포함가능성있음D-사과유라지고기 | 산구연산합성(투티프니향나트름 | 연산삼나트름,정제소금글리지방산에스테르 리 | 제린심색소, 파프리카추출색국색료(식용색소 | 텅색제1호카민,이산화티타늄) | 길,돼지고기함유 | 포장-비닐류P(폴리프로필렌 | 번.포장-트 PE | 광선을피하고 서늘한 에 실온보 | 구입처또는수입원 | 비닐류 | -비자 분쟁해결기준에의 | 브상받을 수 있습니다. | PP | 유를사동한제품과같은 시설에제조 습니다. | 101399 | 035g | 트렌스지방 0g | 021g | 길~쭉 길~쪽 | 3809256677088 | 뜯어먹는 재미가 있는 | 토네이도 젤리 | 07.2022 | 내용량당 | 18898 | 내용량"" | 1% | 24% | 1% | 니스테를 | 0% | 零0.53 | 1% | 성분기준에대문N | 8 | 뜯어먹는 재미가 있는 | 길~쭉 길~쪽 | 토네이도 젤리 | 유를사한제품과같은시설에수 제조 있습니다. | 상받을 수 있습니다. | 비자 분쟁해결기준에의 | 구입처 또는수입원 | 광선을피하고 서늘한 곳에 실온보 | 포장-비닐류P어폴리프로필포장-페트 PE] | 돼지고기함유 | 색제1호카민,이산화티타늄) | 린심항색소 파프리카추출색색료(식용색소 | 1연산삼나트름,정제소금글리지방산에스테르클리 | 산구연산합성프나트름 | 수포함가능성있음)D-사과 유리티되지기 | 8 | 879256 | 07.2022 | 677088 | 트랜스지방 | 주전문(유천자현령 | 0 | ) | dd | 이 | 8 | 높~루 높~르 | %1 | 0  | 60 | B120温上每五 | %17 | 60  | Bge0  | abb | h | dd | R | 3)- | 0 | 수수포함가능성있음)D-사과7유젤라틴되지고기 | T77전문(유전자변형 | 산구연산합성투티프대향산나트를 | 연산삼나트름제소금글리지방산에스테르클리 | 제린 심황색소 파프리카추출색:7책리식용색소 | 검색제1호카민,이산화티타늄) | ,돼지고기함유 | 포장-비닐P폴리프로필렌포장-페트(PE] | 광선을 피하고 서늘한 곳에 실온보? | 구입처 또는 수입원 | -비자 분쟁해결기준에의 | 브상받을 수 있습니다. | PP | 유를사한제품과같은시설에제조 있습니다 | 101399 | 내용링당 | 내용량 | 트름 | #035g | 수화물 | 3g | 트렌스지방 0g | 24g | 24% | 021 | 1 | Fru | 러스테를 | 0.1 | 팩질 05 | 생성분기준지에대 | 길~쭉길~쪽 | 809256677088 | 뜯어먹는 재미가 있는 | 토네이도 젤리 | 07.2022 | 수수포함가능성있음,D-사과유젤라틴되지고기], | 일기수록/구전문(유진자인청 | 본산구연산합성향(투티프대향.2%)정산나트룹, | 1연산삼나트램,정제소금,글리 지방산에스테데르 글리 | 제린,심황색소, 파프리카추출색  색료(식용색소 | 성색제1호카민,이산화티타늄) | 길,돼지고기 함유 | 포장-비닐류PP(폴리프로필렌),내포장-페트(PET) | 광선을 피하고 서늘한 곳에 실온보? | 구입처 또는 수입원 | 비닐류 | 비자 분쟁해결기준에의> | 브상 받을 수 있습니다. | PP | 유를 사동 한 제품과 같은 시설에 4제조하 였습니다. | 1399 | 내용량당 | 내용량다 | 기준위대한대 | 트름mg | 1% | 035g | 1% | 수화물30g | 91. | 트렌스지방 0g | 당류24g | 24% | 0.21g | 1% | 레스테를 Cm | 0% | 0.53 | 1% | 길~쭉 길~쪽 | 8 879256677088 | 뜯어먹는 재미가 있는 | 토네이도 젤리 | 07.2022"
002282,NONE,NONE,NONE,NONE,fail,"수모가능성인D-기 | 산구연신생0 | 민심색소파프리카추백리(식용색스 | 아산티타) | L돼지고기 함유 | 모장-비P리프로린,-P | 구인서또는 수입 | 비자 분쟁해경기준에의 | 01399 | 길~쪽길~쪽 | 들어먹는 재에가있는 | 토네이도 페리 | 07.2022 | 상받을 수 있습니다. | 를새 한제품과 같은 사설\제죄 습니다. | FP |  09 | 15 | 스 | 1% | 8 | E39256 | 677088 | 길~쪽길~쪽 | 네이도 | 가 있는 | 072022 | 같은 사설제죄 습니다. | 2 | 소금 | 프로] | (베료식용색소 | bhe | ~르높~ | 10 | 60 B | Rb-k | 4b | 1 | \ | dd | - | ( | 1 | 수수포함가능성인D-시과 E2 | 신구연산 | 민산싱나 제소리 1  | 민심참책소파프라카추출·베료식용식소 | [제1호카인이산화티타동) | L돼지고기 함유 | 모장-비 | 구인최또는수입 | 비자 분기준에의 | 상받을 수 있습니다. | R새 제감은 시설제 니 | 84201399 | PP | 7 | 수라을 | [Unl | TS | 길~쭉길~적 | 들어먹는 재메가 있는 | 토네이도 쟁리 | 8 | 39256 | 677088 | 07.2022 | 수수포함가능성있음 D-시과유라탄지기 | 산구인산 합성향(투티프청02시센나트를 | 연산심나트름,정제소금,글리|지방산에스테르 클리 | 민심창색소파프리카추출색: 1백료식용색소 | 색제1호가인,이산화티타동] | 4.돼지고기 함유 | 모장-비닐류PP플리프로릴렌],1모장-테트 (PE) | 광선을 파바고 세능한 곳에 실온 | 구입처 또는 수입원 | 비자 분쟁해결기준에 의 | 상받을 수 있습니다. | 유를 사도 한제품과 같은 사설에제조 켰습니다. | PP | 812421011399 | 0359 | unlbel | 트랜스지발 og | 표화지장 | n | 길~쪽 길~쪽 | 들어먹는 재미가 있는 | 로네이도 젤리 | 8859256 | 677088 | 072022"
002283,2022,01,20,2022-01-20,s1,"철리 | 포장재질플리 | 제품명마이주쏙 | 업소명및소 | 폴릭클릿싱 | 원재료명 | 중아향, 욕구르 | 출과 | 치자황책소, | 환또는환불받을수이 | 영업소또든본 | 상담실에서 항상 반품교환 | 드립니다 | 를일으킬수있 | ·직사광선을 피하고 온도 | 도가나2 | 에보관해주시 | 580号 | 1080-709- | 아가좋지 | 2신 | 은주의를 요합니다. | /1399 | 총 | 영양정보 | 115kcal | 3%弄14g14% | 당알콜99 | 书10mg1% | 트 | 스지방 | 13% | X81994% | %단 | %비타민C 32 mg | 32% | 콜레스테를0mgC | 1일영양성분기준치에 대한 | 다를 수 있습니다 | NSC628 | 2021.01.21제조 | 8801111941198 | 2022.01.20까지B | 맞있는 과세상 | http://www.crown.co.kr"
002284,2022,01,06,2022-01-06,clahe,21.01.07 R | 809497530272 | 22.01/06 | 영양정보 | 총내/량50g | 170kcal | 号40g12% | ER | 28g28% | 지방0g 0% | 단는 | 포화지방0g 0% | 콜레스테를Omg 0% | DEIC500mg500% | OTHER | Lne | eryhing give thanks. | ~.고리온단 | 원료까지
002285,2022,01,06,2022-01-06,s1,"쓸라C구민 | 09497530272 | 21.01.07 A | 동정보 | 22.01,06 | 방 Og 0%스 Omg 0% | T/0 kcal | ERIC500mg500% | 까지다에고려은단"
002286,2021,12,31,2021-12-31,s1,CROWN | PART | 내콤닫콤 | 비타민C함육모음 | O0S'LM | 담큼 | Grape 포도 | CROU'N | 콤달콤 | Go!GO! | Lemonade-레모네이트 | CROU'N | GO!Gn | 함육모 | 21.12.31
002287,2021,12,31,2021-12-31,s1,H콤달콤 | 비타민C학로을 | OOS'LAA | 새콤달콤 | emonade-레모네이드 | 21.12.31
002288,2021,12,18,2021-12-18,s1,"18.12.2021 | w2,000 | ROSHEN | JOHNNY | ROCKE | CHOCO | 로센 조니 크로커 초코 | 바식바식한 와 | 코크김사르르 | 부드러운 | TOHNNY | KROCKER"
002289,2021,12,18,2021-12-18,s1,18.12.2021 | w2.000 | JOHNNY | ROCKE | CHOCO | 로센 조니 크로커 초코 | 비석바식한 와 | KROCKER
002290,2021,09,10,2021-09-10,s1,"Meringue | Cookie | 꽃 머랭쿠키 | w2,000 | 2021.09.10까지 | /25g(9kcal)"
002291,2021,09,10,2021-09-10,s1,"Meringue | Cookie | 글끝 | 머랭쿠키 | w2,000 | 2021.09.10까지1 | /25g(99kcal)"
002292,2021,07,03,2021-07-03,s1,W1000 | TOAST | 2021.07.03까지 | BREA
002293,2021,07,03,2021-07-03,s1,GARLIG | W1.000 | OAST | 2021.07.03까지
002294,2022,09,22,2022-09-22,s1,루이보스 맛있게 즐기기! | 3-5min | 3~5분간 기다립니다.(물의 양은 종이컵 | 합니다) | 면차가매우진해집니다) | 냉차로 만드시는 방법 | 여름철에는차를반컵정도에우려내어 | 식힌후얼음을띄워드시거나.우려낸 | 차를밀폐용기에담아 냉장고에넣어 | 차게해서 드셔도 좋습니다. | 품질유지기한 | 2022.09.22
002295,2022,09,22,2022-09-22,s1,떻게 즐기기! | 3-5min | 3~5분간 기다립니다.(물의 잉은 좋이럼 | 합니다) | 면 차가 매우 진해집니다) | 냉차로 만드시는 방법 | 여름철에는차를반컵 정도에우려내어 | 차게해서 드셔도 좋습니다. | 품질 유지기한 | 2022.09.22
002296,2022,06,06,2022-06-06,s1,"w1,000 | 2022.06.06 | E21. | Murgerbon | 흑당 | 밀크티 | 아몬드 | 고소한아몬트의만납 | 진하고달콤한흑당과 | 이미지예시"
002297,2022,06,06,2022-06-06,s1,"w1,000 | 2022.06.06 | E21. | Murgerbon | · 흑당 | 밀큼티 | 아몬드 | 고소한아몬트의만납 | 진하고달롭한담과"
002298,2021,10,15,2021-10-15,s1,식품안전관리인 | HACCP | Hot Taste(매운만 | 9AO | 24g /기타어육가공품(비살균제품) | （4123% | 23.23% | 2021.10.15까지
002299,2021,10,15,2021-10-15,s1,HACCP | Hol Taste(oi운 | 24g/기타어육가공품(비살균제품) | 2021.10.15까지
002300,2022,01,31,2022-01-31,s1,2022.01.31까지
002301,2022,01,31,2022-01-31,s1,2022.01.31까
002302,2022,02,03,2022-02-03,s1,FISH SNACK | Hot | laste | 24 g (80 kcal) | 매운맛 | V号74.38% | . 수   오 에 | 2022.02.03까X
002303,2022,02,03,2022-02-03,s1,FISH SNACK | 매운맛 | 24g (80 kcal) | 2022.02.03까X
002304,2022,07,31,2022-07-31,s1,"Grache | 그라쉐 | 2022.07.31 | Happy | 행복한 쇼콜라띠에 | 밀크초코 | Milk Choco | w1,500 | 7템퍼링 공정 필요없음 | 10g(575Kca） | 另是101%片"
002305,2022,07,31,2022-07-31,s1,"Grache | 2022.07.31 | Happy | 행복한 쇼콜라띠에 | 밀크초코 | Milk Choco | w1,500"
002306,2021,11,23,2021-11-23,s1,21.11.23
002307,2021,11,15,2021-11-15,s1,"산지:플란드 | 밀,우유,계란,대두함유 | 넥(TOFINEK CARAMEL WAFER) | 직사광선을 피하고 건냉한 곳에 보관 | 4（160g） | 포도당과당시럼, 밀가루(밀,플란드)설탕 | 量28g（8%）： | 星号81mg（4%） | 4.1gSalto.51g | 22000:2005/IFS/BRC. | TOFINEK | Deliciously baked cookies | 3809247 | 970372 | 15.11.2021.까지"
002308,2021,11,15,2021-11-15,s1,( | 일유유계란대투 형음 | 식의유:자 | 식통유생에의한 한시사항 | Wadens wcmeng(dents:c | TOFINEK | Deliously baked cook | 8809247970372 | 15.11.2021.까지
002309,NONE,NONE,NONE,NONE,fail,"03.13.13:47F5 | 03.01.13:47FEA | 서울우유 | 서울우유 | [00% | 체세포수 1등급·세균수1A | 체세포수 | 세균수 | 1등급 | 82.3L(1.495元 | 1A등급 | 03.01. | 03.13.13:47F5 | 13:47A | 서울우유 | 1A등급 | 세균수 | 체세포수1등급·세균수1A | Ll00% | 서울우유 | 체세포수 | 1등급 | %0011 | 양농롱Y8SY | 큰을 | 0..,  | 큰을V | 문을V | x | 논관IY | %001 | 양농롱FY | 통Y | O.L, TT달 | 03.13.13:47瓶F5 | 03.01.1347EA | 서울우유 | 서울우유 | Ll00% | 체세포수1등급·세균수1A | 체세포수 | 세균수 | 号2.3L(1.495斤 | 1A등급 | 1등급 | 03.13.13:47F5 | 03.01.13:47FEA | 서울우유 | 서울우유 | 100% | 체세포수 1등급·세균수1A | 체세포수 | 세균수 | 982.3L(1.495k | 1등급 | 병경제품 | 1A등급"
002310,NONE,NONE,NONE,NONE,fail,03.13.13:47F5 | 03.01.13:47早EA | 서울우유 | 100% | 체세포수1등급·세금수A | 수 | 세균수 | 1용급 | 1A용급 | 03.01. | 03.13. | 13:47 | 13:47 | 세균수 | 체세포수1등급·세금수재 | 부터A | Ll00% | 까 F5 | 서울우유 | 001 | 양공통Y CAN | S2: | 양농통Y | 0LI1'TTE° | 03.13.1347F5 | 03.01.13:47FEA | A육R서울우유 | 체세포수1등급·세금수7 | 세문수 | 76 | 1A품를 | 03.13.13:47F5 | 03.01.13:47EA | 서울우유 | 시우대 | L00 | 체세포수1등급·세금수1사 | 체세수 | 세균수 | 1용급 | 1A통급
002311,2020,08,17,2020-08-17,s1,킹 | 베인 | 파우터 | Baking Powder | 이맛! | 끔한 | 150g | (주)청은에프엔비 | 제조2020.08.17
002312,2020,03,17,2020-03-17,s2,Baking Powder | 150g | (주)청은에프엔비 | 제 조2020.03.17
002313,2021,01,01,2021-01-01,s1,Best before:/Mindestens haltbar | bis:/AvaAwon kata npoTiunon | πpIv aro: | P1 120/E 1 1.21 | ×
002314,2021,10,17,2021-10-17,s1,18:09 P4 | PD 17.10.2020 / EX 17.10.2021
002315,2022,06,15,2022-06-15,s1,"리스피로 | 15.06.2022 | 원재료명 | 유통기한제품별도표기일까지 | 내용량 | 식품유형 초콜릿가공품 | 소분원 | 판매원 | 수입원 | 제조사 | 제품명 | CRISPY | 우유,대두함유 | （0.03%） | 가능성있음), | 지방산에스테트,대두레시티(유전자변형대두포함 | 전지분유,유청분말,헤이즐넷페이스트 소르비타 | （9.009%） | 175g(805kcal) | 626 | 미성패밀리(주) | 서울특별시 송파구삼학사로89 | （）TEL：02-723-8175 | (주)니코인터내셔널 | GUANGDONG SHANTAI FOODSTUFF CO, LTD. | ,글리세린지방산에스테르,소금 | TEL:031-759-7590 | 원산지중국 | 총내용량 15g 수 | 영양정보 | ·반품 및 교환처:구입처수입원 | ·직사광선을 피하고 건냉한 곳에 보관 하십시오 | 의거 교환 또는 피해보상을 받을 수있습니다. | ·본 제품은 재정경제부고시 소비자피해보규 | 포장재질 | 미성아wwmsimlcokr | 저일도플리에견 외포- | Sos | CRISPY"
002316,2022,06,15,2022-06-15,s1,"(스피롤 | 15.06.2022 | 원재료명 | 내용량 | 소분원 | 수입원 | 판매원 | 우유,대두 함유 | （0.03%） | 가능성오 | 제품 별도 표기일까 | 175g(805kcal） | 626 | 있음), | |송파구 삼학사로 89 | 创县至890241102克 | ·본2A | 용교의  | 부정·"
002317,2020,12,03,2020-12-03,s1,202012.03.까지 | 안전관리인 | HACCP | 농원조 | y2
002318,2020,12,03,2020-12-03,s1,202012.03.까지 | 안전원리인증 | HACCP | 청권건조 | y
002319,2020,10,29,2020-10-29,s1,"2020.10.29 | 14:16 | Tasting Note | 허브,삼나무,호두,헤이줄넷,카카오 | 로스팅 | 바디감"
002320,2020,10,29,2020-10-29,s1,"2020.10.29 | 14:16 | Tasting Note | 허브,삼나무,호두,헤이출넷,카카오 | 로스팅"
002321,2022,11,04,2022-11-04,s1,2022.11.04 끄지 | 13:21房L拉
002322,NONE,NONE,NONE,NONE,fail,"세계1 | 가용많이 연구된"" | NO.I | LGG유산 | LGG. | 국내유일 | 독점공급 | Maeil | 바이오 | P-R-O-B-IOTLC | 설탕 | 04.15 | 플레인 요거트 | 무첨가 | /85gx4 | 냉장제품 | 340g(260kcal) | 바이오 | 부 | P-R-O- | Maeil | 85gx4） | 340g(260kcal) | 플레인 요거트 | 04.15开大 | 독점공급 | 국내유일 | 류야논 | YST0 | 어어A | 배H«×8S8/욱 | CmteerT | 설무 | 한테식 | 박며운륨 | YSTO | 어어A | CLfcerT | 류야는 | 2C7 | LON | 2V997 | & | IACIY | 세계 가장광이연구단 | NO.I | LGG유산군 | LGG. | 국내유일 | 독점공급 | Maeil | 바이오 | P-R-O-B--OT | 설탕 | 04.15 | 플레인 요거트 | 무첨가 | /85gx47 | 냉제품 | 340g(260kcal) | 세계↑ | 가장 많이 연구된"" | LGG유산균 | NO.I | LGG. | 국내유일 | 독점공급 | Maeil | 바이오 | P-R-O-BIIOTLE | 04.15开大 | 설탕 | 플레인 요거트 | 무첨가 | 85gx4 | 냉장제품’ | 0-10°C | 340g(260kcal) | 냉장보관"
002323,NONE,NONE,NONE,NONE,fail,세계 | NO. | GG. | 국내유일 | Maeil | 독점공급 | 바이오 | P-R-O-B-IOTLC | 탕 | 04.15 | 첨가 | 플레인요거트 | 享异/85gx47g | 냉딩제품 | 340g(260kcal) | 106502 | 바이오 | ARIO | Maeil | /85gx47 | 340g(260kcal) | 플레인 요거트 | 04.15 | 독점공급 | 국내유일 | 문운요능 | 66 | 헤어A | YSI'O | ×$8/\욱 | IKIlY | 가 | `ON | 탕첨 | 동K8/ | 바여륨 | YHLST'O | 이어A | T | 20997 | 'ON | IKCIY | 세계1 | NO. | GG. | 국내유일 | Maeil | 독점공금 | 바이오 | PERSO-B--OT | 탕 | 04.15 | 첨가 | 플레인 요거트 | 告享梦豆异/85gx471g | 340g(260kcal) | 냉장제 | 세계 | 까5이연구원 | NO. | LGG | 국내유일 | Maeil | 독점공급 | 바이오 | P-R-O-BIIO-TLC | 탕 | 04.15人 | 첨가 | 플레인요거트 | /85gx4g | 냉장제품 | 340g(260kcal)
002324,2020,09,06,2020-09-06,s1,UF | 유통기한 | 2020.09.06 | 22:47 | 까지
002325,2020,09,06,2020-09-06,s1,유통기한 | 2020.09.06 | 22:47
002326,2022,10,23,2022-10-23,s1,한후사용하십시요 | 색의 우려가 있으니 주의해 주세요 | 있으니 반드시휴지통에 버려 주세요 | 있으니 취급에 주의해주세요 | 익해 주세요 | FO | 경우 전문의 등과상담해 주세요 | 하여사용부위가붉은반점부어오름또는 | 주의사항 | 8806147078894 | 캡/라벨:PP | OTHER | 201024/N12FS2A | 2022.10.23.04:10 까지
002327,2022,10,23,2022-10-23,s1,후사용하십시요 | 의 우려가 있으니 주의해 주세요 | 2리 반드시 유지통에 버려 주세요 | 2니 취급에 주의해 주세요 | 전문의 등과 성담해 주세요 | 사용부위가 붉은 반점 부어오름 또는 | 806147078894 | 캡/라벨PP | OTHER | 201024/N12FS2A | 2022.10.23.04:10 까지
002328,2020,10,21,2020-10-21,s1,"제품명 | 식품유형 추잉 | 내용량 | 포장재질폴리에틸레 | 유통전문판매원 | 원재료명자일리톨6 | 꺼베이스{토코펜롤(홈 | 2%,젤라틴,아라비 | 소제 | 민트향 2종시 | /본합제제(락,가공지),카나우 | 감미료(수크랄로스,아스 | 돼지고기 함유 | DKO1 | 반품 | 및 | 교환정 | 제조원 | No Brand는 모두 이마트의상표입니다 | 2020.10.21=E | OTFER | 8801019413575"
002329,2020,11,30,2020-11-30,s1,대로 26 | ccm | 2020.11.30 | 20:55 | 까지
002330,2020,11,30,2020-11-30,s1,시기구동로 |   | 2020.11.30 | 까지 | 20:55
002331,2021,12,16,2021-12-16,clahe,2021.12.16
002332,2021,12,16,2021-12-16,s1,17：53588 | 2021.12.16
002333,2021,10,04,2021-10-04,s1,21.10.04F8
002334,2021,10,04,2021-10-04,s1,21.10.04F8
002335,2021,11,18,2021-11-18,s1,2021.11.18 | 26:31F1 | 식품유형과채음 | 사랑 | 유통기한 상단 | 제족원 | 및 | 윤 | 흡 | 라벨과 페트를 분리하여재활용해주세 | 구트육 | 주감굴
002336,2021,11,18,2021-11-18,s1,2021.11.18 | 23:31 F1 | 사랑 | ·라벨과 페트를 분리하여 재활용적주 | 주강
002337,2023,01,05,2023-01-05,s1,CUT OR TEAR HERE | ilty' | 2023.01.05 | 행복을 주는 커피 | ROAST | 리치헤이즐넛향
002338,2023,01,05,2023-01-05,s1,CUT OR TEAR HERE | nlty | 2023.01.05 | 행복을 주는 커피 | 리치 헤이즐넷향
002339,2021,12,28,2021-12-28,s1,"카우 | 특허 등록번호 | 10-1855891-0000 | 영양정보 | 315g | 총내용량당1일 영양성분 기준치에대한 비율 | 1.345kcal | L三喜1130mg | 226g | 57% | 号177g | 70% | 지방41g | 177% | 트랜스지방0.5g미만 | 76% | 7 | 밀크 Milk | 콜레스테를 50mg | 247% | 단백질 14g | 17% | 2000kca | 25% | 이로개인의 들요 열량에 따라 다수 있습니다. | 1952 | 기은 원원유설탐,원유,육당) 설탕,식물성유지(아자경 | E제운산이진 설팅)풀루란,정제소금,전분,기타 식용유지가공품, | 8801062335824 | 롯데제과 | ·벤통지가나을 수 있으나 제품 중량에는 차이가 없습니다. |  리는 밝은마음 A한번에 삼키지 않도록 주의하세요. | 080024-600 | http://www.lotteconf.co.kr | 21.12.28 | 까지 | OTHER"
002340,2021,12,28,2021-12-28,s1,"키T | 10-1855891-0000 | 영양정보 | 香名9315 | LE号1130mg | 电午器2268 | 8弄1778 | #号0.5g | 밀크Milk | 37 | 레스50mg | 247% | 量14号 | 各星1952 | 요당,원유.유당),설당,식물지(아자경 | 고기대두 함유·복숭아,땅콩 혼압 가능 | 801062335824 | 은을 번에 삼키지 않도록 주의하세요. | 롯데제과 | 21.12.28 | 까지"
002341,2021,12,15,2021-12-15,s1,을이 | 상 | 제조일 | 2020.12.16B | 유통기한 | 2021.12.15 | 까지 | 맛있는약속
002342,2021,12,15,2021-12-15,s1,N | 상 | 제조일 | 2020.12.16B | 까지 | 맛있는 | 유통기한 | 2021.12.15
002343,2022,04,09,2022-04-09,s1,"HACCP | kcal | ZERO | Stevia*1个月/100ml | 제품명 | 무설탕 말차 레몬에이드|식품의 유형당류가공품 | 제조·판매원 | (주)바이오믹스테크/서울시 영등포구 | 1702-6403-3388） | 유통기한 | 100g10gx10 | 3%4.41% | 원재료명 | 미국산),유기농차광재배말차(제주산) 2.5%,무수구연산 | 및함량 | 1.7% | 스테비아0.2 %,수크랄로스(감미료 | 용기(포장)재질 | 희석양 | 月17（10g）/号100ml | 반품및 교환 구입처 및 판매원 | 개봉한 제품은 꼭 밀봉하여 보관해 주시기 바랍니다. | 유통기한 | 2022.04.09"
002344,2022,04,09,2022-04-09,s1,"HACCP | Kcal | 제품명 | (전방인옥믹스테크/서울신 영등포구 | 제조·판매원 | 人堂17.（02-6403-3388) | 유통기한 | 营五7100g10gx107 | 223%（441% | 원재료명 | 및함량 | 스테비아0.2%, 주크플로스(감미료) | 회석양 | 号17（10g）/居100ml | 반품및 교환 구입처 및 판매원 | 복리법법:직사광섭을 피해 선활 곳에 보관하십시오. | 제용은 제 일용하여 보경해 추시기바합니다. | 全国员含8机：02-6403-3388 | 2022.04.09"
002345,NONE,NONE,NONE,NONE,fail,Pulmuone | 우유대신 코코넛으로! | 식물성 액티비아 | 비건인증 | 풀무원다논 | ACTIVA | 02.12017112:520 | DANONE | egan | 식물성 액티비아 | ACTIVA | 우유대신 코코넷으로! | …. | 풀무원다논 | 비건인증Yegan | Pulmuone | · | 이 | · | 1EX MZ 7 | LALOT | 국송금륨 | uDba | 아 | Pulmuone | DANONe | 우유대신 코코넷으로! | 식물성 액티비아 | 비건인증Yogur | 풀무원다는 | ACTVA | 02.120171120520 | Pulmuone | DANONe | 우유대신 코코넛으로! | 식물성 액티비아 | 비건인증 | egan | 풀무원다논 | ACTIVA
002346,NONE,NONE,NONE,NONE,fail,우유대신 코코넷으로! | 식물성 액티비아 | 비건인증 | 풀무원다논 | ACTIVVA | 02.12112C520 | Pulmuone | egan | 식물성액티비아 | ACTIVA | 우유대신 코코넷으로! | 비건인증egcr | 풀무웠다논 | WALO | 이 | 아 | 국료 | Uonw/nd | VAL V | 국공륨 | 이제정터양이 | Pulmu | 우유대신 코코넷으로! | 식물성 액티비아 | 비건인증)ger | 품무원다논 | ACTIVA | 02.12017120520 | Pulmuone | 우유대신 코코넛으로! | 식물성 액티비아 | 비건인증 | gcn | 풀무원다논 | ACTIVVA | 02.120171120520
002347,2021,10,04,2021-10-04,s1,"Produced under license from McCormick | and Co.,Inc., Sparks, MD, USA | sal | 입맛에 맞춘 척고의 제품을생산하고 있습니다. | 유통기한: | 2021.10.04 C | ：809118815078 | OTHER | 뚜껑:PP"
002348,2021,10,04,2021-10-04,s1,"Produced under license from McComick | and Co.,Inc., Sparks, MD, USA | Sal | 은 18로우비M 의하여 설립  | 입것에 있춘최고의 제품을 생산하고 있습니다 | 2021.10.04 C"
002349,2019,09,11,2019-09-11,s1,유통 | 부터 | 19.04.12 05:18 | 까지 | 기한 | 19.09.11 A 6
002350,2019,09,11,2019-09-11,s1,부터 | 유통 | 19.04.1205:18 | 까지 | 기한 | 19.09.11 A 6
002351,2021,09,13,2021-09-13,s1,유통기한2021.09.13 | 0억원 | 산물배상책임보험가입 | CCP인증을 받아 안전하게 | 실수있도록 만들었습니다. | 국내에서 재배한 | 우리의땅고츠가루 | Red pepper | 님 | 영양정보 | 100g | 100g号 | 하여 고추 본래의 맛을 느낄 수 있습니다. | 나트륨 50mg | 2.5% | 5%30 | 500g型量53g | 16% | 연 고추 고유의 맛과 색이 살아니다. | 10g8370kcal | 당류18g | 18%
002352,2021,09,13,2021-09-13,s1,유기한2021.09.13 | 0억원 | 국내에서 재배한 | 우리의땅고줏가루 | Red pepper | 영양정보
002353,2021,10,22,2021-10-22,s1,"g（255kca） | LOTTE PEPERO | 까지 | ,21:10.22 T"
002354,2021,10,22,2021-10-22,s1,LOTTE | PEPERO | 21.10.22 T | 까지
002355,2021,02,12,2021-02-12,s1,유통기한 | 2021.02.12A7 | 1등어묵 | FDL | 대한민국 | 삼호 | 부산어묵 | 첨가 | 쫓기끌긴식감이살아있는 | 대를더해 안심! | 도톰사각 | 含：480g | [240g×2]8
002356,2021,02,12,2021-02-12,s1,유동기한 | 2021.02.12A7 | FD3 | 1등어묵 | 대한민국 | 삼호 | 부산어묵 | 도통사각 | 첨가 | [240g×2]8 | 클더해안심! | 电话：480g
002357,2021,10,10,2021-10-10,s1,"식품유형 : 천연향신료 건조제품 | Iow to U6e | 제품명 : 큐민 분말,내용량:45g | 100% | 유식의 요리 | 보관시 주의사항:직사광선을 받지 않는 | 건조하고 서늘한 곳에 보관하여 주십시오 | 반품 및 교환장소:구입처 | 제조사:Akay Spices Pvt Ltd | N 때는데 | 유통기한:하단표기일까지 | 2021.10.10"
002358,2021,10,10,2021-10-10,s1,식품유형: 천연향신료 건조제품 | 2021.10.10
002359,2021,06,10,2021-06-10,s1,남녀노소누구나 좋아하는 머거본 대표영양간식 | 식품 유형 땅콩 또는 견과류가공품 | 포장재질|폴리에틸렌(내면)|품목보고번 | 제품명 칼몬드 | 유통기한 별도 표기일까지 | 원재료명 | 비닐류 | OTHE | 2021.06.10까지 | E12
002360,2021,06,10,2021-06-10,s1,7AR | CALMONDR 칼슘멸치 +고소한 아몬드!! | 제 품 명 칼몬드 | 2021.06.10까지 | OTHE | E12
002361,2019,12,10,2019-12-10,s1,"제조 2019.12.10 A03 | 백설 | BEKSUL | 요리의 맛을 살려주는 소금 | lavoed | falt | 맛소금 | FLAVORED SALT | 백설 맛소금의 특징 | √요리의 깊은 맛을 살려주는 소금입니다. | 국내산 소금을 사용하며 깨끗하고 맛이 깔끔합니다. | 모든 요리에 사용되며,특히 계란, 무침, 조림 | 등의 요리에 사용하시면 좋습니다. | 제품명 맛소금 식품의 유형 가공소금 | 제조연물일 후면표시유통기해 제조일로부터 5년까지 | 제조원 페제어제일제당주식회사 부신시 사하구 대대로 20 | （90%年营代 | ·용은 소자  수 | 원재료명 | ·제품에 이상이 있는 경우 구입서 2 드니 | 이나 음식 조시 식생 리  으"
002362,2019,12,10,2019-12-10,s1,"제조 2019.12.10 A03 | 백설K | 요리의 맛을 살려주는 소금 | 맛소금 | FLAVORED SALT | 백설 맛소금의 특징 | 요리의 길은 맛을 살리주는소금입니다 | 국내산소금을사용하여해끗하고 맛이 팔끔합니다. | 모든 요리에 사되에 특하계란,무칭,조림 | 제품명 맛소금통의 앞 가공소금 | -E | 민재일 후연표시 유통기한 제조일로부터 5년까지 | 정제소금국내산90% I-금루융센나트"
002363,2021,08,04,2021-08-04,s1,"껍질속에 숨겨진 놀라운 보물 | Wonderful"" | 영양정 | PISTACHIOS | 총 내용량 80g( | 100g（ | 100g8 | 나트름 | 탄수화를 | 식이섬유 | 당류 | 지방 | 트렌스지방 | 엄선한 피스타치오를 담았습니다. | 포화지방 | 플레스테를 | 단백질 | 2021.08.04까지 | 피스타치오와 건강한 간식 | 까먹는 재미에 빠져보세요 | 1일 영양소 기준 | 2.000kcal713 | WonderfulPistachios.co.kr | 얼량에 라에 | 제품명 | 원더풀 피스타치오 (가염) | 식품의유형  | 매원 및 소재지 | 조원 및 소재지 | （19 | 내용을 | 유통기한 | 제품 뒷면표기일까지(년월.일순) | 재료 및 함량 | 관방법:개봉후일봉"
002364,2021,08,04,2021-08-04,s1,Wonderful' | PISTACHIOS | 영쟁 | 1000822 | 2021.08.04까지 | 제품명 | 원더풀 피스타치오 (가염) | 원및 소재지 | 원및소재지 | 식품의 유 | 통기한 | 제품 뒷면 표기일까지(년.월.일 순) | 료 및 함량 | 법:개통 | 피스타치오(
002365,2021,12,22,2021-12-22,s1,별사탕이 | 들어 | 건 | HARDT | #노브랜드 #스마트컨슈머# | #추억의간식#우유랑#별 | N603 | 노브랜드의 이넘과 실 | 2021.12.22 A
002366,2020,10,01,2020-10-01,s1,01-10-2020 | 11091037
002367,2020,10,01,2020-10-01,s1,01-10-2020 | 11091037
002368,2022,01,16,2022-01-16,clahe,"nr | 2个30ml量早020120ml名个号 | 2~30（150ml/1） | 제품명 콜롭비아 슈프리모 한드드립 원두커피 식품의 유형 커피 품목보고번호 | 20090401814510000% | 내포장재질-폴리에틸렌|유통기한|별도 표시일까지|제조원 및 판매원 | 비한국맥널 | 42080225-1383 | (이 전화는 수신자 요금 부담입니다.)질소충전책 | ·보관상 주의사항:보관상 주의사항:습기 및 직사광선을 피하시고 건조한 실은에 보관 | 하십시오·반품 및 교환처:구입처 및 판매원·본 제품은 공정거래위원회 고시 소비자 분쟁 | HACCP | 해결 기준에 의거 교환 또는 보상을 받을 수 있으며,개봉시에는 반품이 되지 않습니다.단,제조상 | 품질하자가있을경우는제외됩니다·부정불랑식품신고는국번업이3·이제품은우유 | 대두,돼지고기를 사용한 제품과 같은 제조 사설에서 제조하고 있습니다. | 유통기한 | 2022.01.16"
002369,2022,01,16,2022-01-16,s1,T | 유동기한 | 2022.01.16
002370,2022,05,12,2022-05-12,s1,"인의 | 사능 | 피간장 | 2022.05.12聘 | 품목보고번호 | 만능장아피간장소스 | 식품이유형 | 19550509001497 | 내용량 | 대두,밀함유 | 실온보관 | 유통기한"
002371,2022,11,12,2022-11-12,s1,neplus | 2022.11.12 | naiture | 15곡가득미슷곡물차
002372,2022,11,12,2022-11-12,s1,neplus | 2022.11.12 | 15곡가득미슷곡물차
002373,NONE,NONE,NONE,NONE,fail,No Brand | 브랜드가 아니다.소비자다 | 최적의 소재와 제조방법을 찾아 | 가장 최저의 가격대를 만드는 것 | 이것이 노브랜드의 이념과 철학 | 당신이 스마트 컨슈머가 되는 길 | 10cm기준 | 간편한 | 8-10 | 감자전믹스 | TM | 당신이 스마트컨슈머가 되는 길 | 이것이 노브랜드의 이념과 철학 | 가장 최저의 가격대를 만드는 것 | 최적의 소재와 제조방법을 찾아 | 브랜드가 아니다.소비자다 | No Brand | 간편한 | 감자전믹스 | C | 98-10 | 라이 | 10cm기준 | OT-80 | puedd oN | 이연 연리 | lo/2. | 이 | 이배연 연 | pueda oN | WL | No Brand | 브랜드가 아니다.소비자다 | 최적의 소재와제조방법을찾아 | 가장 최저의 가격대를 만드는 것 | 이것이 노브랜드의 이념과 철학 | 당신이 스마트 컨슈머가 되는 길 | EASY TIOCOOR | 10cm기준 | T0 | 간편한 | 98-10 | 감자전믹스 | 라이 | otato Pancake | TM | No Brand | 브랜드가 아니다.소비자다 | 최적의 소재와 제조방법을 찾아 | 가장 최저의 가격대를 만드는 것 | 이것이 노브랜드의 이념과 철학 | 당신이 스마트 컨슈머가 되는 길 | COO8 | EASY TO | 10cm기준 | 간편한 | 8-10 | 9 | 감자전믹스 | 라이 | otato Pancake | 74 | 3
002374,2021,12,27,2021-12-27,s1,2021.12.27 | No Brand | 브랜드가 아니다.소비자다 | 최적의 소재와 제조방법을 찾아 | 가장 최저의 가격대를 만드는 것 | 이것이 노브랜드의 이념과 철학 | 당신이 스마트 컨슈머가 되는 길 | 8-10 | 간편한 | 윤라이 | 감자전믹스
002375,2019,10,28,2019-10-28,s1,2019.10.28 | 담백한 식사빵과 함께 | 상큼한 과일 샐러드와 함께 | 제품명 발사믹러드레싱 식품의 유형 소스내 | 제조신세계푸드음성공장/충청북도 | (이마트서시성동구성로37/성수동) | 발사믹모데나와인식초(이탈리0 | 원치료명 | 포도녹축액 카라멜색소)옥스
002376,2019,10,28,2019-10-28,s1,2019.10.28 | 담백한 식사빵과함께 | 상큼한 과일 샐러드와 함께 | 신세계푸드 음성공장/충청북도 | 0-10 | 원재료명 | 5축액카라멜
002377,2022,12,21,2022-12-21,s1,"품명 |맑은 순환 돼지감자차 식품유형 침출차내용 | 디비이이-한서하해의 | 제조원 농업회 | 판매원|쌍계명차(수 | 1975062 | 펄프 | 내포장재질 폴리에틸렌 | 설취심고량 | 200ml | 을 수 있습니다. | 교환 및 문의처 유통과정에서 파손 및병잘 | 본사에서 교환해드립니다 | 이제품은 메밀, 복숭아를 사용한 가품과 같은 세조시설에 하고 있습니다. | HACCP | ·유통기한 | -2022.12.21 | 까지"
002378,2022,12,21,2022-12-21,s1,"명 맑은 순환 돼지감자차 |식품유형 침출차 | 지감자 (국산),굴페(국신)발 | 새료성 | 한서학료원 | 세조원|농업 | 판매원|쌍계명차(수 | 펄프 | 号197506 | 200ml | 내포장재질플리에틸렌 | 교환 및 문의체|유통과정에서 파손 및 병장 | 부사에서 교환해드립니다 | ·이품은 대일 복숭아를 사용한감지에 | 것고있습니다 | 全1080-43800） | 유동기한 | 2022.12.21 | 까지"
002379,2022,10,20,2022-10-20,s1,"유통기한: | 2022.10.20 | 까지 | 제품명 | 꿀유자차믹스 | 식품의유형 | 고형차 | 업스명및소시지 | （53846 | 유통기한 | 측면 상단 표기일까지 | 내용량 | 220g(22gx10) | 원재료명 | 설,유당절임혼합분이분말정포도당,유자청유자절임 | (유재국산),설탱M,폴리텍스트로시포도당,D-소비톨,인새, | 유자과습분말유자(국산)],유자분말(국산),결정과당, | 허니파우데아카시아벌꿀(국산),화분국산),치자분말 | (치자열매,국산),합성향료(유자향,비타민C,구연산무수)사과산 | 용기포장재질 내포장재질-폴리에틸렌(PE) | 20080509087-88 | ·본 제품은 우유,땅콩, 대두밀,복숭아,호두를 사용한 제품과 같은 | 제조시설에서 제조하고 있습니다.본 제품은 공정거래위원회 고시 | 소비자 분쟁 해결 기준에 의거 교환 또는 보상받을 수 있습니다. | ·스틱 끝 부분이 날카로우니주의하십시오·질소충전 | 넣고 잘 저은 후 드십시오.·보관상 주의사항:직사광선을 | 피하여 통품이잘 되는 서늘한 장소에 보관하십시오"
002380,2022,10,20,2022-10-20,s1,"유통기한: | 2022.10.20 | 까지 | 제품명 | 꿀유자차믹스 | 식품의 유형 | 고형차 | 업스평및소페피 | （538-46 | 유통기한 | 측면상단표기일까지 | 내용량 | 220g(22g×10㎡) | 원재료명 | 설당,유자당절임혼합분일이분일결정모도당,유자청유자절임 | (유자국산),설팅해 플리텍스티로시모도당D-소비톨,인션 | 유자과습분말유자국산, 유자분말 국산),결정과당 | 허니파우데아카시아벌국산),화분국산)치지분말 | (치자열매, 국산에,합성병료(유자청),비타민C,구연산무쉬),사과산 | 내포장재질-물리에릴렌(PE) | 제조사설에서 제조하고 있습니다엔 제용은 공정거래위원회 고시"
002381,2021,08,17,2021-08-17,s1,"·제품명:플랜터스 허니 로스티드 피넷 | 90%1.7%0.2% | ·식품의유형:땅콩 또는 견과류가공품·제조업소명 | 옥수수전분(유전자변형 옥수수 포함 가능성 있음), | 신선함을 | 유지하기 위해 질소충전한 제품입 | 이제품은 | 견과류를 사용한 제품과 같은 제조 | 서제조하고 | 유통기한 | 2021.08.17 | 까지"
002382,2021,08,17,2021-08-17,s1,허니 롬스티드 피넷 | 유지하기위해 질소중전한 제품입 | 080-2193 | 견과류를 사용한 제품과 같은 제조 | 제품은 | 신선함을 | 제조하고 | 유통기한 | 2021.08.17
002383,2020,10,08,2020-10-08,s1,55mg | nl제산el | 일해제 있습니다. | 영양정보 | 巨卡时量0.8g0%8#0g0% | 나E황 0 mg 0% | 재방0g 0s | 王野大档0g0%啤盟0.2g0% | 트렌스재항 0g | 유통기한 | 아산 20%) | 2020.10.08.14:01 | 새빌로 55 | 인천B 박시명 | 까지 | 여 핵생의 맛과 향을 언제나 처음처럼 신선하게 즐기세요. | 리드미바람니다. | 해드립다. | 를 보해 다리Ud
002384,2020,10,08,2020-10-08,s1,SS mg | 산e | 일해재 있습니다 | 영양정보 | 나용 0mg 0% | 营午奶量0.8g0%8#0g0% | 三强人0g | 圣然大0g0%啤量0.2g0% |  0g.0% | 유통기한 | 아산 20%) | 새별로 55 | 2020.10.08 .14:01 | 2204-66 | 인천B  | 박시명 | 까지 | S미버랍니다. | 보태 드리
002385,2019,08,18,2019-08-18,s1,통전문판매원해대 | 품목보고번호 | !! | 60g | 층전 포장을 하였습니다. | kcal | % | 지방0g | 0% | 19.03.19 | F216:43 | 19.08.18 | 까지 A5 | 에따라 | 안전관리인증 | 고객만족살:수신자요금부담 | HACCP | 비닐류 | 080-233-6677
002386,2019,08,18,2019-08-18,s1,줌목보고번호 | 량60g | 전 포장을 하였습니다. | kcal | % | 방09 | 0% | 19.03.19 | F2 16:43 | 19.08.18 | 까지 A5 | 에따라 | 고인신수신자요부
002387,2021,01,14,2021-01-14,s1,유통기한 | HACCP | 2021.01.14까지
002388,2021,01,14,2021-01-14,s1,유통기한 | HACCP | 2021.01.14까지
002389,2021,08,04,2021-08-04,s1,맛있게 매운 | 태양초골 | 골드 고추장 | 유통기한: 2021.08.04 | 까지 | 8801007325613
002390,NONE,NONE,NONE,NONE,fail,러운새로운와플 | 게이트 | UTAIE | 8801062521272 | 클밀국1·모금:1토 | 고객지원센터 | 080-024-6060 | 하은축'1 | 까지 | 롯데제과 | 수신지요금부담 | http://www.lotteconf.co.kr | 게이트 | 러운새로운와플 | 롯데제과 | http://www.lotteconf.co.kr | 080-024-6060 | 수신자요금부담 | 고객지원센터 | 8801062521272 | rio | T | KH | CIO | mtoro..tl.. .o U[ | 임은영쿠 | 삐움 | o0 | mtoro..tl.. .o U[ | 잡로:물감·지 | 은영X | 삐움 | 자영터공리 | 000 | Q0e  | 러운새로운와플 | 게이트 | 8801062521272 | 고객지원센터 | 까지 | 롯데제과 | 080-024-6060 | 수신자요금부담 | http:l/www.lotteconf.co.kr | Q0e | 러운 새로운와플 | 에이트 | 8801062521272 | L1AIE | 글국1·모금:토 | 고객지원센터 | 까지 | 롯데제과 | 080-024-6060 | 광은숙 | ‘ | 수신자요금부담 | http://www.lotteconf.co.kr
002391,2021,03,18,2021-03-18,s1,"새로운와플 | 이트 | 8801062521272 | YARe | 2021.03.18 | 고객지원센터 | 18:21 | 광은죽"" | 080-024-6060 | 롯데제과 | 수신자요공부 | tp.wtconf.co.kr"
002392,2021,07,21,2021-07-21,s1,"0.0% | 2.0% | d Sugars | 76.0% | 0.0% | 0.0% | （食用红色40號，食用蓝色1號） | 0.0% | NETWEIGHT/BERATBERSIH/净重：3.52OZ（100g克） | 0.0% | MANUFACTURED BY: | w much a nutrient in a | ydiet.2,000caloriesa | BEST BEFORE: | BAIK SEBELUM: | : | 2021.07.21 | 6"
002393,NONE,NONE,NONE,NONE,fail,"01JL_2020 | Kraft | F8 0734 | BEST WHEN USED BY DATE SHOWN, | ORIGINAL | LOTE Y FECHA DE CADUCIDAD | IMPRESOS EN EL ENVASE | TUCKFLAPINTOCLOSE | METALASOLAPA PARA CERRAR | DRIGINAL | Kraft | MPRESOS EN EL ENVASE | BEST WHEN USED BY DATE SHOWN, | OTE Y FECHA OE CADUCIDAD | 01JL-2020 | F8 0734 | METALA SOLAPA PARA CERRAR | TUCKFLAPINTOCLOSE | MOATBR L VSVRR | 0 | COUOUDMNCBDBMRCUOD | PA EES I ESL E E | TANIAE | CMPBB8 A ARRR | 01JUL_2020 | Kraft | F8 0734 | BEST WHEN USED BY DATE SHOWN, | DRIGINAL | LOTE Y FECHA DE CADUCIDAD | IMPRESOS EN EL ENVASE | TUCKFLAPINTOCLOSE | METALASOLAPA PARA CERRAR | 01JUL_2020 | Kraft | F8 0734 | 7 | BEST WHEN USED BY DATE SHOWN, | ORIGINAL | LOTE Y FECHA DE CADUCIDAD | IMPRESOS EN EL ENVASE | TUCKFLAPINTOCLOSE | METALASOLAPA PARA CERRAR"
002394,NONE,NONE,NONE,NONE,fail,01L2020 | Kraft | F8 0734 | RIGINAL | BESTHREN USEBYDATESHOMN | LOTEY ECADE CAOCOAO | MREOS ENELBMAE | TUCKFLAPINTOCLOSE | METALASOLAPAPARACERAR | RIGINAL | BESTWRENUSEDBYDATESHOM | EYRECA OE CAOUCOAO | 01L2020 | F8 0734 | APARACERR | 3SYAAC | ANIE | 01JL2020 | Kraft | F8 0734 | RIGINAL | BEST HRENUSEDBYDATESHON | LOIEYBECHADE CAONCOAO | MREOSENEL BNASE | TUCKFLAPINTOCLOSE | METALASOLAPAPARACERRAR | 012020 | Kraft | F8 0734 | RIGINAL | BEST WHEN USED BY DATE SHOWN | LOTEYECKA DE CAONCOAO | MPRESOS ENEENASE | TUCKFLAPINTOCLOSE | METALASOLAPA PARA CERRAR
002395,2023,11,11,2023-11-11,s1,"왜프로바이오틱스를 섭취해야 하나요? | LGG°BB-12°는세계에서 | 가장많이 연구된 특허받은유산균입니다. | :LGG"" | 수많은논문과인체시험을통해기능과 | 안전성을과학적으로입증하였습니다. | :BB-12 | 유통기한(Exp) | 제조번호(Ld | 까지 | 2023/11/11"
002396,2022,01,02,2022-01-02,s1,QUAKER | -ESTD1877- | 2022.01.2 | 까지
002397,2022,01,25,2022-01-25,clahe,QUAKER | -WORLD'S No.I OATS BRAND* | ESTP1877- | 2022.01.25 | 까지
002398,NONE,NONE,NONE,NONE,fail,EEP2E | ·부정·불량식품신고는국번없13 | ·본제품은공정거래원고시소비자분생 | 해결기준에의거보상받을수있습니다 | DEEN12042 | 우수성을 확인하신후 | AWA- | 섭취하십시오 | nlaG] |    손상되었 48) | 한실되었을 경우 드시지 마십시오 | BHA |  D-0r | Thaland Ud | 식품신고는국 | 0 | 본 | …] | FT2 | ·부·량식품신고는국번없13 | ·복제품은공정거래위원고시소비자분생 | 준에의거보상법을수입습니다 | ·기이질의경우과응이 | 우리수니성분 확인하신후 | 섭취하십시오 | LAG | 실을 경우 C시지 마심시오 | E-2 | [Unle | e | Unel | 품명 | 후롯바를황도 | 전·체가공품 | 입민어원 | (유 돌코리아/서울시 강남구 | ·본제품은 공정거래위원회고시소비자 분쟁 | 511204） | 해결기준에 의거 보상받을수 있습니다. | e Thdand  | ·알레르기등특이제질의 경우 과민반응이 | 우려될수있으니 성분을 확인하신후 | AIAWAR | 섭취하십시오. | nlaGel | ·응기가 변형 평창 손상되었거나 내용물에 | 인실되없을 경우 드시지 마십시오 | a | ·통위는 관의 우가 않으니 | [Unbel |  T t  | nl
002399,2021,09,18,2021-09-18,s1,BBE SEP 18 2021 | 早80139 | ·본은 공고시 | 보
002400,2023,01,05,2023-01-05,s1,주태양생 | 컴퓨터계량시스템으로관리하고 | 핑크풍 | 유봉2023.01.05까지
002401,2022,11,04,2022-11-04,up2x,"loyer | 대업소영및 소지 심 서울복시 동격구 여의대승로 | d Hruittella to credte | 유통기한]별도표기일까지 (연 월,일 순) | 공통설당,포도당시럽,경화코코넷은,구연산,글래서린지방산에 | ioue  waets made wilh | 의재료명 | 한천,아라비이검,로커스트콩검,말토텍스트린,합성상로 | fruit juice | 블루리에 치자정색소,합성향료블루베리향),블루비 | Enjoy and shr a | 망고및 심황색소, 파프리카추출색소,합성향료망고항 | fantas truity | 라즈테리에 적양배추색소, 심황색소, 합성향료라즈베리행 | etr srience. | ·포장재갈:폴리프로필린·반품및 교환장소:취농심 교객상 | 또는 구입처에 문의·보관시 주의사항·직사랑선을 피하고 건녕한 | 후르트텔리 | 요구르트향(합성 요구르트향 첨가) | 총 내용량 | 영양정보 | A | 40 | 35mg2%326%5g55% | 8g53%0mg0% | 라즈베리맛 | 블루베리맛 | Reiel | mma.Perfetivan Me | Under licence of: Perfe | Under licence of:Perfetti Van me | PERFETTI | ER-ETTI | 20221104 | 0800""002675 | est before end:"
002402,NONE,NONE,NONE,NONE,fail,루트텔러 | 는구에의 ·서 주  | 4话22001399艺48 | 영양정보 | 라즈베리맛 | 블루베리맛 | ryy and shr | rience. | 라즈베리맛 | 블루베리맛 | M | 리름 | onoae | 48 pup Rf | 40 | 话心220013998 | 영양정보 | 라즈베리맛 블루베리맛 | 0M | low | dHruitiella to oreute | ioux weets mnde wilh | Fyy and shr. | Aantr-e. Hruity | r srience. | 후르트텔러 | 프e | 1주 건소 | 요구(구트항참개 | ·포정자실 리프로건·한일과경소 | 또는 구입거에 문의·보관서 주직사총 직공을 | 영양정보 | Ulam2수l | BgBN9 | 라즈베리맛 | 블루베리맛 | 1a
002403,NONE,NONE,NONE,NONE,fail,Imerica's Favorite | Chili Sauce | JHEINZ | 1869 | America's Favorite | Chili Sauce | SHEINZ | SAUCI | 1869 | TONYS | ZNIEH | 6981 | TTLHS | 698m | ZNIEHC | Inerica's Favorite | Chili Sauce | JHEINZ | 1869 | JHUULI | Anerica's Favorite | Chili Sauce | SHEINZ | CHILI | 1869 | SAUCE
002404,NONE,NONE,NONE,NONE,fail,"Imerica's Favorite | Chili Sauce | JHEINZ | 1869- | HEINZ | Anerica's Favorite | Chili Sauce | 6981 | AOOD | -6981 | ZNIEHE | aoapH S,pua | Inerica's Favorite | Chili Sauce | 12 | JHEINZ | CHIILI | 1869- | SAUCE | Imerica's Favorite | Chili Sauce |    | JHEINZZ | CHIILI | 1869 | SAUCE"
002405,2021,11,01,2021-11-01,s1,원재료명 | 유통기한 | 2021.11.01 | 까지
002406,2021,11,01,2021-11-01,s1,2021.11.01
002407,2022,03,08,2022-03-08,s1,MaXIim | CAFE | 2022.03.08 | 810389A | Caramel | Macchiato | 10sticks | 조리예
002408,2022,10,29,2022-10-29,s1,"도 표기입까지(일,월,년순) | 당근추출일,비트루트추출물, 천연청료 | 과일주스농축(파인아플,파션푸롯,글, | TEL:0213431-0100星川 | S. TOB | PROD: 29.10.2019 08:07 | EHP : 29.10.2022 4882"
002409,2022,10,29,2022-10-29,s1,"(일까지(일,월,신순) | TEL：023431-010时室 | IMB200g |  29.10.2019 08:07 | 4RB2 | PROD: | EXP : 29.10.2022"
002410,NONE,NONE,NONE,NONE,fail,길~쭉 길~쪽 | 뜯어먹는재미가 있는 | 809256 | 5677101 | 토네이도 젤리 | 04.2022 | 맺실은보관 | 바자 분행해결기준에 의기 | 구입체 또는 수입원 | 보상 받을 수 있습니다 | 1399 | 48평당 | #4898 | 18035 | 9% | 트랜스지 | 24% | 0% | 8 | 뜯어먹는재미가 있는 | 토네이도젤리 | 길~쭉길~쪽 | 04.2022 | 8 | 809256 | 677 | Finm | n | ~~ | 8 | 극CI매Y | 60  | %0 | bu0  | 60 B | %2 | %6 | %1 | bua h | 8B8h | Io B | 길~쭉 길~쪽 | 뜯어먹는 재미가 있는 | 8 809256677101 | 토네이도 젤리 | 04.2022 | 3 | K돼지고기 참유 | 공선을 배고 세한 곳에 실은보관 | 구입체 또는 수입원 | 비자 분쟁해경기준에 의거 | 사용 감은 시에서조 | 보상 받을 수 있습니다. | 1399 | 내용광당 | 총내용량당 | 트름70mg | 4% | 0.35g | 수화를30g | 9% | 트렌스지방 0g | 당류 24g | 24% | 0219 | 레스테를 Omg | 0% | 0.53g | 길~쭉 길~쭉 | 뜯어먹는 재미가 있는 | 8809256 | 677101 | 토네이도 젤리 | 04.2022
002411,2022,01,12,2022-01-12,clahe,인전관리인증 | HACCP | ：080-754-5152 | 대추치 | 담터 대추차 맛있게 드시는 방법 | 유통기한 | 2022.01.12 | 까지 | 1（15g | 스푼으로 잘 저어서 | 넣습니다. | (약90m)을 붓습니다.드십시오. | 8809257332153
002412,2023,01,18,2023-01-18,s1,"3-5min | 합니다) | ②차가 우러나면 티백을 건져내고맛있는 | 면 차가 매우 진해집니다) | 냉차로 만드시는 방법 | 식힌 후 얼음을 띄워 드시거나,우려낸 | 차를밀폐용기에 담아 냉장고에 넣어 | 차게해서 드셔도 좋습니다. | 원산지/품질 유지기한 | 크로아티이산 | 2023.01.18"
002413,2022,07,20,2022-07-20,s1,땅콩 또는 견과류 가공품 | 영업장의 | 명칭 | 소재지 | (주)길림양행 | 품목보고번호 | 20030368161-353 | 브추출물 | 반품 및 교환: 본사및 구입처 | 대두.밀우유함은 | 홍합 포함)를 사용한 제품과 같은 포장시설에서 생산하였습니다 | 교환 또는 보수 | 부정·불량 식 | 2022.07.20까지 A1
002414,2021,11,01,2021-11-01,s1,"건조하고 | Pumpkinpowder1.85% | 하십시오. | Margarine, Refined sait, Bakina | 경우가 있으나 | Honey scent, Honey O.06 %o. | 부탁 드립니다. | a-Amylase | 변질된 제품은 | Net Content:100g | 하여 드립니다. | Manufacturer : HANJIiN FOOD CO..TD. | 원회고시 소비자 | ·Add:88-3,Jangnimbeonyeong | 반풍및교한 | -ro, Saha-gu, Busan, Korea | Tel:+82-51-261-9944 | Storage : Avoid direct sunlight. | store at cool and dry place | 에서 제조하였습니다. | 소제는 선도유지의 목적이며,인체에 | 무해하나드시지 마십시오 | 8802896000780 | 개봉 후에는 변질의위험이 있으므로바로드십시오 | 봉지 째 전자레인지에 가열하지 D 시오 | 00|저 | 2021.11.01.까지"
002415,2021,11,01,2021-11-01,s1,"이고시 소비자 | ManuaCtUner-HALN FOoD Co,LTD. | 교한또는 환 받을 | Add:88-3,Jangnimbeonyeong | —ro. Saha gu, Busan, Korea | 예밀을사용한제품과 | Tel:+82-51-261-9944 | 에서 제조하였습니다 | 제는 선도유지의 목적이며,인체에 | 투해하나드시지마십시오 | 1399 | 개봉 후에는 변질의 위험이 있으므로 바를 드십시오. | 봉지 패 전자레인지에 가열하지시오 | 2021.11.01.지"
002416,2021,12,25,2021-12-25,s1,유형 디 | 108 | 사ROYALFASSNBV | 실탕 포도당과당사포오 | 로코페혼합형 호박추출술물사추출 | 물토아투추출물 무우추술물 | 장자질 리어틸렌(내면) | 반품 및 교환 수입원 및 구입처 | 영애결 기준에 의거 교환 또는 보상받을 수 있습니다 | '2021.12.25 | 영양정보 | weeny | 143kcal | Beeny. | 88091647 | YBEENYCOM
002417,2021,12,25,2021-12-25,s1,2021.12.25 | eeny | Beeno.
002418,2023,05,10,2023-05-10,s1,인스턴트 | 분말이스트 | 식품첨가물 혼합제제 | INSTANT YEAST | 빠 | 89 | Q범아식품 | 2023.05.10 | 까지
002419,2023,05,10,2023-05-10,s1,인스턴트 | 분말이스트 | INSTANT YEAST | 빠 | Q범아식품 | 2023.05.10 | 까지
002420,2020,10,23,2020-10-23,s1,23.10·2020
002421,2020,10,23,2020-10-23,s1,23.10·2020
002422,2023,02,07,2023-02-07,s1,교환장소:구입처 | 입소분원:(주)신영에프에스 | ：031-796-6435 | 판매원:(주)푸드올마켓 | ：1588-2216 | 교환 또는 보상을 받을 수 있습니다 | FOOD | 유통기한:하단표기일까지 | MARKET | oodallmarket.co.kr | 2023.02.07 | PET | 뚜껑:PP | 809258657316 | 리드지:OTHER
002423,2023,02,07,2023-02-07,s1,L환장조:구입저 | 1数：031-796-6435 | 판매원:(주)푸드올마켓 | ：1588-2216 | FOOD | 유용기한:하단표기할 | MARKET | podalimarketco.kr | 2023.02.07 | PET | 309258657316
002424,2022,06,09,2022-06-09,clahe,9 | 2022/06/09 | 3CPA | 314492
002425,2022,06,09,2022-06-09,clahe,2022/06/09 | 3C2P4
002426,2021,01,18,2021-01-18,s1,"풍부한 영양소 함유 | www.wondetidmm | 영양성분 | 제품명 | 원더풀 아몬드(가염) | 식품의 유형 | 땅콩 또는 견과류 가공품 | · | 200g | 판매원 및 소재지 | 00g620kcal | 파라마운트팔즈코리애유, | 같은 제조 |  120 | ·제문 | 인스토피아빌딩94호 | 기준치에 대한 비율 | 관또돼해 | 나트륨 | 제조원 및 소재지 | (주)더채움,경기도고양시 | 230mg | 12% | 일산동구장진천길4길 | 탄수화물 | 22g | 7% | 89-19 | 식이섬유 | 10g | 40% | 교4 | 유통기한 | 제품 뒷면 표기일까지 | 당류 | 5g | (년.월.일순) | 지방 | 50 g | 93% | 내용량 | 200g | 트랜스지방 | og | 포화지방 | 27% | 원재료명 및 함량 | 4g | 콜레스테를 | Omg | 0% | 단백질 | 21g | 저밀도 폴리에린(내면 | 38% | 포장재질 | 칼름 | 700mg | 20% | 칼습 | 2008032038746 | 240mg | 34% | 품목보고번호 | 철분 | 4mg | 33% | 비타민E | 15mg | 1일 영양소 기준치에 대한 비을(%)은 | 136% | 비닐류 | 따라 다를 수 있습니다 | OTHER | KR7090211-A | 2021.01.18까지"
002427,2021,01,18,2021-01-18,s1,"안 영양소 함유 | 영양성분 | 제품명 | www.wondeia. | 2000 | 원더플 아온드 (가염) | 00og620kcal | 식품의 유형 | 땅콩 또는 견과류 가공품 | 판매원및소재지 | 파라마운트플즈크리애유. | ·이제문 | 1일영양성분 | 기준치에 대한 비를 | 나트 | 서울시경구연주로12 | 끝은 터받 | 탄수화물 | 230mg | E914 | 12% | 제조원및소재지 | 식이섬유 | 229 | (주)더체움,경기도 고영시 | 10g | 7% | 일산동구 장진천길 42 | 당류 | 40% | 89-19 | 지방 | 59 | 유통기한 | 50g | 제품 뒷면 표기일까지 | 트랜스지방 | 93% | (년.9 .일순) | 포파지방 | 0g | 내용량 | 200g | · | 플레스테를 | 49 | 27% | 원재료명 및 함량 | 단백질 | Omg | 아몬드(미국상, 4) | O% | 21g | 38% | 갑습 | 700mg | 20% | 포장제질 | 저밀도 폴리에일린내면 | 240mg | 철분 | 비타민티 | 34% | 품목보고번호 | 2008032038746 | 1일영일소기청에대한비(%)은 | 33% | 136% | 따라 다를 수 있습니다. | 2021.01.187지 | OTHER"
002428,2020,12,23,2020-12-23,s1,"영양정보 | 가열된용기는매우 뜨거우므로 화상에 주의하십시오. | 2.·본 제품은 소비자 분쟁해결 기준에 의거,과또는 보상받을 수 있습다. | 주의사항 | 고객행복센터 | 3.후변의 우리가있니다.소·부정신는국이 | 080-850-1200 | 1666-5471(号39） | 유통기한: | 20.12.23F2E | 까지 | 81180100712562381"
002429,2022,07,03,2022-07-03,s1,"괜디 | 의 유형 | （手）门ET：041-752-6444 | 41. | 소분원 | 충남금산군 부면 한사래길22 | 33.9 | 明三早暑（年）T.1600-8192 | 0.02g | 수입/판매원 | 트랜스지방 | 09 | 0.019 | 플레스테를 | 0mg | 단백질 | LH号号50g（172kcal) | 2.0g | 비타민C | 280.mg | ）0.16%（ | 개인의 필요 열량에 따라다를 수 있습니다 | 돼지고기, 밀함유 | 알레르기유발물질 | 제조사 GERSON'SNC | 원산지프랑스 | 포장재질 폴리에틸렌테레프탈레이트+플리에틸렌(내면) | OTHER | 2022.07.03"
002430,2021,06,11,2021-06-11,clahe,20210611 | SPE | KNB107 | BEST If Used By | LIFT TAB TO
002431,2021,06,11,2021-06-11,s1,SPE | 20210611 | KNB 107 | BEST HUsed By
002432,2020,07,16,2020-07-16,clahe,크림(유지방는 | 큰15%) | 제품9Oml(3ookcau) | 연향료(바닐라향)0.4% | ㄷ분태8% | 이미지 사진입니다 | Natuur. | N조 20.07.16 A | NATURAL PREMIUM ICE CREAM | 바닐라&아몬드바
002433,2020,07,16,2020-07-16,s1,0.4%. | Natuur. | 제조 | 20.07.16 | 바닐라&아몬드바
002434,2023,01,07,2023-01-07,s1,제품명 | 유기농 아름다운 보성녹차 | 식품의 유형 | 침출차 | 원재료명및함량 | ）100%（） | 내용량 | 11g(1.1g×107H) | 품목보고번호 | 19960519025-34 | 내포장재질 | 여과지(천연필프) | 11399 | 주의사항 | ·본제품은공정거래위원회고시 소비자분쟁해결 | 기준에의거교환 또는 보상을 받을 수 있습니다. | 제조원 | 영농조합법인 보성제다. | 반품 및 교환장소 | 구입처 및제조원 | 유통기한 | 별도표시 | 2023.01.07 | 유통기한: | 까지 | 영농조합 | 보성제다 | 법
002435,2021,06,03,2021-06-03,s1,:[%6% | 6  W 0S  | 09VE | 10 | 0 | K | 7616500662292 | Consumir preferencialmente antes de | 03.06.2021
002436,NONE,09,03,NONE-09-03,rot90,"Consumir preferencialmente antes de | Milkchocolatewithhazelnuts—Ingredients:sugar,hazeinuts | ground)nuts)cocut,ddskmmmk(mcowsm | fomcowmi)m.sihinunngMcntin | 616500 | 30%minimuminchocolateMiksolids:18%minimuminchoco | May33hwite | imported bv Shoprite Checkers (Ptv) Ltd. Cn. Wlliam Dabs& Old Par | *제품명:밀크 크런치 넷 [헤이즐넷(헤이즐넛,헤이즐) | 31%9.3% | 66229 | （490kcal） | 탈지분유,코코아매스,버터오일 대두레시틴 천연형료(바닐라황대두,우유 합은 | 별도표시일까지(읽는방법:일/월/년순) ·보관방법:직시광선을 | 不人CHOCOLATFREYAG：喜量车02-3459-8000 | N | 398 | 영양정보 | 11399 | 본 제용은 소비자 기본법에의한 소비자 문장해결 | 기준에 의거 교환 또는 보상 받으실 수 있습니다 | AOE | 제은 계란메일 일목승아 이산화황 | 호두 등과 같은 제조시실에서 제조하고 있습니다."
002437,2020,09,13,2020-09-13,s1,"五（03） | -모장재질 물리에일 용일 교장소 구입처 일 수입원 | 영양정보 | L三号312mg16%48号19.7g6%9弄17318% | 우수아광산을 사용한제품과 같은 제조시설에서 | 제조하고 있습니다.보관상 유의사항:반드시 냉장보관하시고 | 31.4g58%三菱 #可#27145% | 개봉후 가급적 벌리 드시기 바랍니다.·이 제품은 공정거래 | 量0mg0%8g15% | 위원회 고시 소비자 분쟁해결기준에 의거 교환 또는 | 보상 받을 수 있습니다. |  성분 주해  이은  이    | NUTRITION INFORMATION | LENOS FOOOS PTY LTD | 10 BUNGALEEN COURT, | DANDENONGSOUTH, | 8.0g | WCTORIA, | FAT-Tota! | 21.7g | AUSTRALA3175 | 0.1g | <0.1g | 19.7g | TEL+-613)9706373 | 4.5g | 17.9g | 78mg | 312mg | ww.lemosfoods.com | SODIUM | BEST BEFORE: | 13/09/2020 | (//:"
002438,2020,09,13,2020-09-13,s1,nbe | 생이e | 영양정보 | 우수에는을 사용혼고 같은 공조시해서 | 제봉후 기급적일리 드미 령니이 제통은 공정거 | 위완회 고시 소자 본명결기준해의대 교또 | 보상을수입습니!) | NUTRITION INFORMATION | LENCSFOPYLD | Ag Ony PerSenve 25g | JENERGY | Per100g | DANOBKONGCOH | P9OTEN | FAT-Toal | MCTCRA | -Sarilad | ASTRALA37 | -Tas | CARONCATE-TO | 1 | -Sugars | SODUM | wmom | BEST BEFORE: | 13/09/2020 | (//
002439,2022,01,26,2022-01-26,s1,"1,000 | Hanjin | eeuiKinge | 꾸이킹 | 오리지널 | Grilled Fish Snack/ Original T | 식품안전관리인증 | 유 통 기 한 | HACCP | 2022.01.26 | 유통기한별도표기일까지 | 802896002234"
002440,2022,01,26,2022-01-26,s1,"w1,000 | gguiKing | 꾸이킹 | 2022.01.26"
002441,2021,08,03,2021-08-03,s1,-ACOCK | 130kca/站1 | GEREAL BAR | 시리얼바 | 2021.08.03 | 35g/130kcal
002442,2021,08,03,2021-08-03,s1,든든한3 K시한끼식사 | COCK | GEREAL BAR | 시리얼바 | 2021.08.03 | 35g/130kcal
002443,2021,11,11,2021-11-11,s1,"BEST BEFORE 11:11:21 | 16:06 | K12015月 | No Braand'"" | neuovása"
002444,NONE,NONE,NONE,NONE,fail,"BEST_BEFORE! | 16:06 | No Brand | Meμovasa | BEST | 06 | NoBrand"" | BEFORE | PUS ON | NONE | Dgpaortav |   | 90:91 | ESTBEFORE  | 16:06 | No Brpmd | LEMONADE | Meμovasa | SI2 | SONAKE | BEST EEFORE | 16:06 | No Brand"" | LEMONADE"
002445,2021,01,16,2021-01-16,s1,2021.01.1621:56 | KRA2 | RY | 유통기한 | IUT | BAR | 의앤넛바
002446,2021,01,16,2021-01-16,s1,2021.01.1621:56 | KRA2 | RY | 유통기한 | UT | 넷바
002447,2021,02,04,2021-02-04,s1,제조번호 | 205 | 2021.02.04 | 사용기한 | 비닐류 | SLDPE OTHER
002448,2021,02,04,2021-02-04,s1,205 | 제조번호 | 2021.02.04 | 사용기한 | LDPE | OTHER
002449,2021,06,09,2021-06-09,s1,"질랜드 | 금함 | 키위드러 | 소수지발효식최주정,먹아역기 | 사리핀산사과퓨레사과 | 오네즈식물성유지오 국산 | 제소금.DL- | 과산혼합제제프 | 인산나트름 제제닥스트 | ·거린디두최고기 함유 | 클리어일렌터레프틸 | E푸장-물리 | 기일까지·유  | 유통기 | 0703-87-20 | 법분의 | 영양성분 | 2020.12: 10체조 | 2021.06.09파지"
002450,NONE,NONE,NONE,NONE,fail,키위드리싱 | 10개조 | 2O:1 | (93 | A2 | 2 | RTE | 키위 | 10조 | 05 | E | 4 | 16 | 키위드상 | 질텐드산 | M | 일2 | 2021.06. | 키위드-리싱 | 있용 | 박기민산시과원려 시가 | 산합서서 | ] | u4 | 1일 | 영양청분 | 10조 | :1. | 16자지
002451,2021,08,14,2021-08-14,s1,2021.08.14 | Homeplus | Jignal | 치아씨드가들어간 | 랜치시저드레상
002452,2021,12,02,2021-12-02,up2x,"제품명/꿀땅콩 |식품유형 땅콩 또는 건파류 가공품' | 위시지 | 중국  내용량 (1.5.kg | 제조원 F1]QINGDAO BADQUAN PEANUTS PRODUET | MONG2HOJODGIOULN.IRAINGOIDD | 수입원 C1 주민민푸드/경상남도 양산시 물금을 기존  | EAA사영도 | 경성남도 양신 | 소분원 | 세계식품 주식회사/부산광역시 영도구항 | 광역시 영도구하경 | 포장재질 폴리프로필렌(뚜껑],폴리에틸렌테레프탈레이트동 | 원재료명 땅콩,밀가루,설탕,아카시아꿀,옥수수유,덱스트린,소금 땅콩,밀 함유 | 080740-3350 | 방습제를투입하였으니먹지마세요.·본 제품은 공정거래위원회 고시소비자분정해결기준에 의거 교환 또는 보상받을 수 있습니다. | 절단부분에손이베일수있으니주의하십시오.이제품은대두,토마토,복숭아,새우,우유,계란,호두,닭고기,최고기,오징어,조개류/굴, | 홍합포함사용한 제품과같은제조설에서제조하고 있습니다.ww,murgerboncom ww.instagram.com/murgeron | 21.12.2까F2C2 | PP | 용기OTHER |  정 사활용어리움 속음게너FET) | 8 | 801133 | 006264"
002453,2021,12,22,2021-12-22,s1,"제품명 꿀땅콩 식품유형 몽콩도 | 제조원 F1 QOINGDAO BAQUAN PEANUTSPRO | 소분원세식품 주식회사부산경력시정도구 | 방용,일 함유 | 포장재질 폴리프로필렌(푸정,물리메들인터레프 릴레이 | 원제료명 방콩,밀가루,설탕,아카시아를,옥수수유,덕스트린,소금 | #8기21.12.22까TIF2C2"
002454,NONE,NONE,NONE,NONE,fail,"Durchschnitliche | Energie: | pro100g | pro Portion | SOLDAN | davon gesttigte ets | Em-eukal | Kohlenhydrate: | davon Zucker: | Eiweis. | nur echt mit der Fahne! | 73 k (17 kcal) pro Bonbon. | 제품명엠-오이칼클래식 | 식품유형캔디류 | 수입업소명제제에프비에스E:0 | Menthol; Eukalyptusól. | 경기도용인시기흥구지상로 | 유통기한 | (월,년으로표시-표시월의1일까지 | 75g(292kcal） | 원재료명 | 설탕,포도당시럽,카라엘 | 천연향료(멘를,유칼립투스오일) | 원산지독일 | 용기(포장)재질 폴리프로필렌 | ※사탕째 삼킬 경우 질식 또는 식도손상의 위험이 | 있으니주의하여주십시오 | Bei lichtgeschützter, trockener und kühler | ※본 제품은 공정거래위원회 고시 소비자 분장 | ※보관방법:건냉한 곳에 보관 | 199 | 02.2023 | ※반품 및 교환:구입처 및 수입원 | L303189 | 18020745 | 총내용량 75g | 영양정보 | 292kcal | Inhalt: | 0mg0%个量73g23%弄525g53% | 75ge | 0mg0%g0% | 009077072589 | %200kcl | 91325Adelsdorf,Deutschland | Nhrwertet | DR.C. | Fett: | 16551 | 2g-55tui | (392kcal) | %pro | portion"" | 08 | 97g | 08 | 0B1 | 70g | 218 | 08 | 15g | _scnaf.s | mausgewahite | Salz: | 08 | 08 | Og | 및 | 소재지 | 201（255-1） | 제품 뒷면 표시일까지 | 제 조 사Dr.C.SOLDAN GmbH | 해결기준에 의거 교환 또는 보상받을 수 있습니다. | Lagerung mindestens haltbar bis Ende: | am다를수있습니다 | Dr. C. SOLDAN GmbH· Dr.-Carl-Soldan-Platz 1 | Lagerung mindestens haltbar bis Ende: | Bei lichtgeschützter, trockener und kühler | 009077 072589 | Menthol; Eukalyptusöl. | 18020745 | L303189 | 02.2023 | davon Zucker: | Kohlenhydrate: | Fett: | Energie: | Saiz: | Eiweis: | pro100g | 75ge | Inhalt: | 0g | ※반품 및 교환:구입처 및 수입원 | 139 | ※보관방법:건냉한곳에보관 | ※사탕째삼킬경우 질식 또는 식도손상의위험이 | 용기(포장)재질 폴리프로필렌 | 제조사Dr.C.SOLDANGmbH | 75g(292kcal） | 식품유형캔디류 | 제품명엠-오이칼클래식 | nur echt mit der Fahnel | 해결기준에의거교환 또는 보상받을수있습니다. | ※본제품은 공정거래위원회고시소비자분정 | 있으니주의하여주십시오. | 공 | 유통기한 | 수입업소명 제제에프비에스E: | m0% | 0mg225g | 영양정보 | 산지독일 | 소재지 | e | Zutat | SOLDAN' | (월년으로표시-표시월의1일까지 | 제품 뒷면표시일까지 | 2011（255-1） | 경기도용인시기구지상로 | 다를수있습니다 | .Purel | 292kcal | 총내용량75g | ※ | 한요 | BSL융h움 | 0( | pu EZ6T | (-S2  | aind' | 0- | :※ | : | 융 |  ( | eups | 및츠 | 귀eyu | 80 | 80 | 80 | 80 | 46 | pro100g | :ZjeS | -  | 7 | peyu | BSL융h움 | : | 66T | ※ |  ( | ) | (T-SSZIX)PTOZ | -  | 80 | 80 | 80 | :ZES | SST | 80 | emna-wr | 8OL | 8 L6 | 80 | oid% |  Z6E) | NAIOS | 8 ot od | Durchschnittliche | Nahrwertet | Energie: | pro 100g | DR.C. | SOLDAN· | 1655K | （22g-55t | pro Porti | Fett: | %pro | davongesttigte Fets. | (392kcal) | portion"" | 03 | 1B6 kc | Em.eukal | Kohlenhydrate: | 97 g | 08 | 03 | davon Zucker: | 70g | 21g | 0g | Wen undvbnnen. Pure Leiden | Eiweis: | 0g | 15g | schnaf.s | ausgewahite | 0g | 0g | VOnDCmb | vonEm-eukal1923entwicke | Salz: | Og. | ion ausut n Geschmaki |   | nur echt mit der Fahnel | D  . | 73k (17kcal) pro Bonbon. | 제품명엠-오이칼클래식 | Zutaten:ZukerGlksesirp; Karamell; | 식품유형캔디류 | 수입업소명제제에프비에스E- | Menthol; Eukalyptusöl. | 및 | 경기도용인시기흥구지상로 | 소재지 | 201（255-1) | 유통기한 | 제품 뒷면 표시일까지 | (월,년으로표시-표시월의 1일까지 | 75g(292kcal) | 원재료명천연향(엔들,유칼투스오일) | 설탕,포도당시럽,카라얼 | 제 조 사Dr.C.SOLDANGmbH | 원산지독일 | 용기(포장)재질 폴리프로필렌 | ※사탕째 삼킬 경우 질식 또는 식도 손상의 위험이 | 있으니주의하여 주십시오. | Bei lichtgeschützter, trockener und kühler | ※본 제품은 공정거래위원회 고시 소비자 분장 | 해결기준에 의거 교환 또는 보상받을 수 있습니다. | Lagerung mindestens haltbar bis Ende: | ※보관방법:건냉한 곳에 보관 | 02.2023 | ※반품 및 교환:구입처 및 수입원 | L303189 | 18020745 | 총내용량75g | 영양정보 | 292kcal | Inhalt: | 三县0mg0%个封量73g23%县525g53% | 75ge | g0%g0% | 0mg0%0g0% | 009077072589 | %200kca | wma다를 수 있습니다 | 4 | Dr.C. SOLDAN GmbH- Dr-Carl-Soldan-Platz 1 | 91325Adelsdorf,Deutschland | www.em-euk. | Durchschnittliche | Nahrwerte: | Energie: | pro100g | DR.C. | SOLDAN· | pro Portion | 1655K | 22g=55tucki | Fett: | % pro | (392kcal) | portion* | OB | (B6 kcal) | Em-eukal | Kohlenhydrate: | 978 | 08 | davon Zucker: | 70g | 218 | Wisen und Konnen. Pure Leiden | 0g | 158 | Zutaten. Dasst das Geheimeep | schaf sorgsam ausgewahite | EiweiB: | 0g | vonEm-eukale.1923entwickelt | Sa/z: | 0g | VonDr.CarSoldan Deeinzigaige Kombi | OR | nation aus Qualit und Geschmackist | 0 | nur echt mit der Fahne! | D   Ponen. | 73 k (17 kcal) pro Bonbon. | 제 품명일 | 엠-오이칼 클래식 | Zutaten:Zucker; Glukosesirup; Karamell; | 식품유형캔디류 | E0708768-568 | Menthol; Eukalyptusöl. | 및 | 경기도 용인시 기흥구 지삼로 | 소재지 | 20（255-1) | 유통기한 | 제품 뒷면 표시일까지 | (월,년으로 표시-표시월의 1일까지) | 내용량 | 75g(292kcal) | 설탕,포도당시럽,카라멜 | 원재료명 | 천연향료(멘톨,유칼립투스오일) | 제 조 사Dr.C.SOLDANGmbH | 원산지 | 독일 | 용기(포장)재질|폴리프로필렌 | ※사탕째 삼킬 경우 질식 또는 식도 손상의 위험이 | 있으니 주의하여 주십시오. | ※본 제품은 공정거래위원회 고시 소비자 분쟁 | Bei lichtgeschützter, trockener und kühler | 해결기준에 의거 교환 또는 보상받을 수 있습니다. | Lagerung mindestens haltbar bis Ende: | ※보관방법:건냉한 곳에 보관 | ※반품 및 교환:구입처 및 수입원 | 02.2023 | PP | L303189 | 18020745 | 총내용량 75g | 영양정보 | 292kcal | Gluten | 52.5g53% | Inhalt: | 三0mg0%个量73g23% | 75g | e | 지방 0g0% | 0mg0%0g0% | %2000ca | FM따라 다를 수 있습니다 | 4 | 009077072589 | Dr. C. SOLDAN GmbH· Dr.-Carl-Soldan-Platz 1 | 91325Adelsdorf,Deutschland | L3 | NUWN."
002455,NONE,NONE,NONE,NONE,fail,"제명엠-오이합 플래식 | 73k (17kcal)pro Bonbon. | Menthol; Eukalyptussl. | 02.2023 | 영양정보 | L303189 | Inhalt: | 지방gO 스 방0 | 75ge | 플레스테를Omg0 단백을ig0h | SOLDAN- | 0 | PrG100g | Energie | e | Fett! | Dxw | Kohienbydrate. | ack (st, | hur echt enit der Faheal | 수입업소에에D | 및 | 경기도시기 | 소재지 | 20101（内马#255-10 | 면시지 | 875g(292kcal) | 사D.CSOLDANGmbH | 산지록일 | 용기장재질 플리프로일 | 의사정해 상길 경우질식또는 식도손상의위했이 | 있으니주의하여주십시오 | 팬제은공장거에위체 고시소자 | 기에 | Bei lichtgeschutzter, trockener und kahler | Lagerung mindestens haltbar bis Ende: | 송내8T | 292kc | 18020745 | 009077072589 | SOLDAN GmbH: Dr-Carl-Soldan-Platz1 | ' | 009077072589 | 02.2023 | 100E | ° | Inhalt: | 원재교명 | 유통기한 | Ot- | 기 | 사에상경우 질시또는 식도손산의이 | 소재지 | 있으니주 | 경엠-오이칼플래식 | SOLDAN. | 레스테를OmgOn 단백 | 量0mgo-量23 | 영양정보 | AD.CSOLDAN GmbH | 경기도 입시 | 重1（闪4#255-10 | 292kc | : | 0- | sne | zed-uepios- | 귀e니비 | 8SL | 8 | 7 | Tzeld-uepjos-1ue5 | 8SL | 취e니비 | 0x | aua sia ieaiey suaisapuu Bunaen | k: | oe6 | x | SRR |  B | (6Z) | 1< | 1 | 0- | 80 | WOL | -NVIOS | - | SOLDAN' | DR.E | Wrte | Dro 10c | Energie: | P Lis | Fett! | Kohienhydrate | 70 | von De Can So Dp | 03 | Civon Zucirn | or act miR de Faheel | ttschseen(8400/20kcom | Diese Packung enthaltca. 3 Portionen. | 및 | 3 (17kcal)pro Bonbon | 全风2011（内话255-10 | Zutaten: Zuckey Glukosesirup: Karamell: | Menthol; Eukalyptusol. | 75g(292kcal) | AD.CSOLDANGmbH | 산지대일 | 기장재질 플리프로일랜 | ※사형에상립 경우질식또는 식도손상의 위이 | 있의니주의하여주시오 | 한재공거위치시소자 | 부정-불방식품 신과은 국면입이 | Bei lichtgeschutzter, trockener und kohler | 한품교층:구업처일수입 | Lagerung mindestens haltbar bis Ende: | 292kc | 02.2023 | 영양정보 | L303189 | 18020745 | Inhalt: | 지방 gOn 트랜스재 지방0 | 75ge | 플레스테를 OmgOn 단백들goh | 4 | 009077072589 | mbH.Dr-Carl-Soldan-Platz1 | SOLDAN Gn | Deu | DR.C. | SOLDAN. | Dwrahshnidhe | Nahrwrrtos | Energiei | Mo Partion | m-euka | Fett: | U | TUER | 70M | von Dr. Car Soldan De sintigrip tom | Kohlenhydrate | W2 | OR | natien auns Oaalitat und Ce | Civon Zudem | 09 | houe echt mit der Fahea! | Ewe&. | Salz | 제 품 명 엠-오이칼 플래식 | 시품유형디유 | Fntschsenen(8400k/2000kcai) | Diese Packung enthalt ca. 3 Portionen. | 잎 | 경기도 용인시기를구치로 | 소재지 | 请201型21风0255-1 | 73 kl (17kcal)pro Bonbon. | Zutaten: Zucker Clukosesirup; Karamell; | 제품 뒷면 표시일까지 | 유통기한 | (월,년으 표시표시활의 1일 | Menthol; Eukalyptusol. | h875g（292kcal) | 설향,모도달시업,가라결. | 원재일 | 제  사DI.CSOLDAN GmbH | 원 신 지목일 | 용기포장재질몰리프로릴렌 | 의 사당패 삼길 경우질식또는 식도손상의 위있이 | 있으니주의하여 주십시오 | 1본제품은 공청거래위원치 고시소비자문 | 매결기준에의거교환또는 보에을 수있습니다 | 한보관방법:경녕한곳에보리 | 병부정·불방식품 신고는 국번없이대 | Bei lichtgeschutzter, trockener und kuhler | #반품 및교형:구업처및수입 | Lagerung mindestens haltbar bis Ende: | 송내용량경 | 292kc | 02.2023 | 영양정보 | L303189 | 48路0mg0-含时话1g238#52g | 18020745 | 지방 OgO~ 트랜스자발 O. 포바자방0 | Inhalt: | 75g | e | 플레스테물 (mgO° 단백물g0 | 009077072589 | SOLDAN GmbH· Dr.-Carl-Soldan-Platz1 | dorf.Deutsehtanl"
002456,2024,09,15,2024-09-15,s1,mutitonnell/Valor nunzionaimedi/ Valores | aci igassistaui dos gas scidos oros | saturads/ dngesige fettsuren: | 2ucher1 | 면기일까지읽는일원년순) | htothenscue | Aid foliol | 분은 공정거위원 고시소비자분정해결 기준에의거 | 영양정보 | valusksde | e Nahstougsee | ceaal0conumasi | agemt Rote-Bete- | Mindestens halbarbis: | tSuensmite: | fcts/ | ests atis/ | 15.09.2024 | ssatif | fitos ativos/ | L308698 | rabfuhrend wirken. | 15091204 | 009077073111 | cHetel | Net weight: | 75ge | 2.6407 | ode:7666446
002457,2024,09,15,2024-09-15,s1,영양정보 | 15.09.2024 | Net weight: | 75ge
002458,NONE,NONE,NONE,NONE,fail,"4% | 대두레시틴,전연료여퍼엔트05%) 성 | Total Fat3.5g | 15% | （0.05%0.1%） | Saturated Fat 3g | (소이 | Trans Fat Og | 0% | 우유대두함유 | 청색제1호 알루미늄레이크 | cholesterol Omg | 0% | ·내포장재살 종이·보관장소 직 | Sodium Omg | 2% | 온도습도가낮은·반품고환강소구입체 | otal Carbohydrate 6g | 0% | ·본제품은 공정거래원회고시소비지분정 | Dietary Fibe g | 해결기준에의거교환또' 보생받을 수있습니다 | Tota/Sugars 5g | 10% | 01399 | Includes 5g Added Sugars | 全：080215-980（ | otein 1g | 号1329 | Calcium11mg0% | 영양정보 | Damcg 0% | 1000g559kcal | Potas.34mg0% | n0mg 0% | 山E号43.3mg | 2.% | %DayVale telsyouhow uch a nutient in | 탄수화물59g | 18% | rsdysusd forgenerlnuttn advie. | 号53.69 | 54% | REDIENTS: SUGAR, PALM KERNEL AND | 33.79 | 62% | MOIL,COCOA (PROCESSED WITH | AL), NONFAT MILK, LACTOSE, MILK | 트랜스지방0g | TEIN CONCENTRATE, SOY LECITHIN (AN | 304203% | SIRIER), NATURAL AND ARTIFICIAL | DR,PEPPERMINT OIL, COLORS ADDED | 콜레스테롤2mg | 1% | OW 5LAKE, BLUE 1 LAKE) | 단백질 5g | 9% | PRODUCT CONTAINS MILK AND SOY. | 이미로 개의 필요열량에 때라대를 수입습니다 | ：2022.04 | ANDES CANDIES LP | DEAVANWI53115 | ©TRI,LLC | www.tootsie.com | GoroM | 5 | PRODUCT CONTAINS MILK AND SOY. | OW 5LAKE, BLUE 1 LAKE). | DR,PEPPERMINT OIL, COLORS ADDED | SIRIER), NATURAL AND ARTIFICIAL | EIN CONCENTRATE, SOY LECITHIN AN | LI,NONFAT MILK, LACTOSE, MILK | IOL,COCOA PROCESSED WITH | REDIENTS:SUGAR, PALM KERNEL AND | cttn | Omg 0% | Damog 0% | otein 1g | Tota/ Sugars 5g | Dietary Fiber Og | Total Carbohydrate 6g | odium Omg | holesterol Omg | Trans Fat Og | Saturated Fat 3g | Total Fat 3.5g | Inoludes 5g Added Sugas | Potas.34mg0% | Calcium 11mg 0% | 1 | 0002 | 4 | 5 | 10% | 15% | ·부정불량식품신고는국번인이 19 | 해결기준에의거교한또는 보상받을 수있습니다 | 온도 습도가낮은곳-법 | ·니내포장제살종이·보관장 | 청색 제1호 알루미능레이 | (식용색소항색계호일 | （005% | 메두레시틴천연료며 | www.tootsie.com | ©TRI,LLC | DEAVANWI53115 | ANDES CANDIES LP | ：2022 | 식품양생 의한 한 | 이로 개의 필요량에리대수입니다 | 단백질5g | 콜레스테롤2mg | 33.79 | 界5369 | 탄수회물 59g | 县433mg | 100g | 영양정보 | 200 | 304203% | 1일 영양 분기준지에대한 | 1000g559kcal | 0.05% | 1329 | K26560-2118 | 우유대두함유 | 62% | 54% | 18% | 9% | 2.% | % E0Z0OE  | %6 | 인 | %81 | %ts | % Z9 | POIT E.U I S RS | %7 | bhkekoo | 66 | 6/E | l0h | 名600 | %9 | S | 12000 | sebinS peppy g sapnou | g aepyoqg o | buo joasajou! | ·%0Bowoo | bu unypo | %0bug | wolim | PONI A. ,  S | S | 96 | %1 | % 0로 OE  | 0 | OLEE | % Z9 | %ts | %81 | b65 | %7 | bEEh | 品品格6001 | 90bug | %0 own | %01 | SiebinS peppy bg sapnoul | %0 | bg aphyoqeg o | %8 | bu wnypo | h | %0 | %0 | DO SUBI | E | %9↓ | % | 4% | 연엔E05%) | Total Fat3.5g | 15% | （0.05%）（0.1%） | Saturated Fat 3g | (식용소행색제호알마뉴이크 식용색소 | TransFat og | 0% | 청색제1호알루미능데에리 우유대두 함유 | Cholesterol OImg | 0% | ·내포장재상 종이·보관생소 직광신을 피하고 | Sodium Omng | 2% | 온도,습도가 낮은·반품교환장소 구입처 | otal Carbohydrate 6g | 0% | ·본제품은 공정거래원회고시소비자분정 | Dietay Fiber0g | 결가에의거또는보상받을수있습니다 | TotalSUgas 5g | 10% | 01399 | Includes 5g Added Sugars | ·비1수신지부담) | otein 1g | 132g | 영양정보 | D0mcg0%Calcium11mg0% | 100559kcal | . | Potas.34mg0% | n0mg 0% | 4号433mg | 2% | %Dalylabe lsyouhow much ntient in | talt,0 | 탄수화물 59g | 18% | dvie. | 号5369 | 54% | REDIENTS: SUGAR, PALM KERNEL AND | 3379 | 62% | MOIL,COCOA PROCESSED WITH | IJ, NONFAT MILK, LACTOSE, MILK | 트랜스지방0g | TEIN CONCENTRATE, SOY LECITHIN (AN | 304g203% | SIRER), NATURAL AND ARTIFICIAL | DR, PEPPERMINT OIL, COLORS ADDED | 콜레스테롤2ing | 1% | OW 5LAKE, BLUE1LAKE) | 단백질 59"" | 9% | PRODUCT CONTAINS MILK AND SOY. | 200 | CD로 p의 필요량에라대수입습니다 | 5 | ：202204 | ANDES CANDIESLP | DEAVANWI53115S | © TRI,LLC | www.tootsie.com | 4% | 0.05%） | Total Fat 3.5g | 15% | （0.05%）（0.1%） | Saturated Fat 3g | (식용색소 황색 제호 알루미뉴레이크 식용색소 | Trans Fat Og | 0% | 청색제1호알루미늄레이우유 대두 함유 | Cholesterol Omg | 0% | ·내포장재절 종이·보관장소 직사당신을 피하고 | Sodium Omg | 2% | 온도,습도가 낮은 곳·반품교환장소 구입처 | otal Carbohydrate 6g | 0% | ·본제품은 공정거래원회 고시 소비지분. | Dietary Fiber 0g | 해결기준의거 교환 또는보상받을 수 있습니다. | Total Sugars 5g | 10% | 01399 | Includes 5g Added Sugars | 00-215-9800 | otein 1g | 132g | 영양정보 | Calcium11mg0% | DOmcg 0% | 1000559kcal | Potas.34mg0% | n0mg 0% | 100g | 1일 영양성분기준치에대한바을 | 2% | 4三暑43.3mg | %Daiy Vate tels you how much a nutrent in | infidie00 | 18 % | 탄수화물 59g | resa dayisused forgeneral nutition advice. | 54% | 宗53.69 | REDIENTS: SUGAR, PALM KERNEL AND | 62 % | 337 | AOIL,COCOA(PROCESSED WITH | 트랜스지방0g | LJ),NONFAT MILK, LACTOSE, MILK | EIN CONCENTRATE, SOY LECITHIN (AN | 304203% | SIFIER), NATURAL AND ARTIFICIAL | 콜레스테롤2mg | 1% | OR,PEPPERMINT OIL, COLORS ADDED | OW 5 LAKE, BLUE 1 LAKE). | 단백질5g | 9% | PRODUCT CONTAINS MILK AND SOY. | 1200 | 이므로 개인의 필요열량에 때라다를 수 있습니다 | 5 | ：2022.04 | 00 | ANDES CANDIES LP | DELAVAN,WI53115USA | © TRI,LLC | www.tootsie.com"
002459,2021,11,30,2021-11-30,s2,"GANO | *제품명: 크레미니 | *보관방법:직사광선을 피해 건조한 | 실온에보관제조사:LuigiZaini | 영양정보 | SpA·수입판매원:홈플러스(주) | 같은 제조사설에서 제조하고 있습니다. | COL | DER | [18.1%10%8.4% | 코코아분말3.2%함유]*원산지:이탈리아*식품유형:초콜릿가공품 | ：186（1025kcal） | 유지가공품(코코아버터, 코코넷유해바라기유) 코코아버터, 탈지코아분말, 유분말, 포도당 | 대두레시틴,천연향료,합성향료대두,우유 함유*유통기한:2021-11-30 | 까지 | 喜号菱1869 | 100gg551kcal | 比三器30mg2%个数量53216%5弄52g52% | 02-3459-8000量号盟35965%档合#091至169107% | 39800元611元 | 포재:연이내 | 의한 송비자'문행해결 기준에 의거 교할 또등 본상 발은실 수 | 있습니다.는 제품은 일,건과류를 사용한 제품과"
002460,2021,11,30,2021-11-30,s2,8 | D | ·제품명: 크레미니 | 0181%克010%208.4% | 끼지 | 코코아분말3.2었함유·원산지:이탈리아·식물유형:초확가공공 | 2021-11-30 | 8：186.9（025kca）：：00 | 유지가(아버 넷해바라기아버터 아말 유분 도 | 1009 | 대두시선합대두우유 향유·유동기한: | 영양정보 | 보공방법:정사평설을피해검조한 | o-:LugZan | 21 | 2.2
002461,2021,10,31,2021-10-31,s1,LINDT& SPRUNGLI | 03644g4 | (y/m/d | 2021.10.31 | Tin made in China | NET WT 96g
002462,2020,12,02,2020-12-02,s1,2020.12.2 | 23:26至 | 식할 우가있아나 반드시 냉강보관 | 온도변시생문으로 물이일수으나 는아상이 | (C4트(N)마그4M | ：00-893234个 | 또는구입본은 공고시소자 | 기에의거 교황 활불또는 보상을받을수 있습니다·오처리 | ·유통기한:용기상단표시제조일로 부터 12개월까지 | 뚜껑:DPE | 8801047288114 | 리벨:PP
002463,2020,12,02,2020-12-02,clahe,2020.12.2 | 23:26至 | 4084 | 유통기한:용기상단 묘시재조일로 부터 12개월까지
002464,2022,05,NONE,2022-05-NONE,s1,영양·기능정보 | 1：37075g | PharmaCare Laboratories Pty Ltd. | 18JubileeAve.WarriewoodNSW22 | (B)54859EXP05/2022
002465,2022,01,20,2022-01-20,s1,Sivenet | ivenet | 아이배냇 | 아이배냇 | 유산균 | 유산균 | 우리애를 | 음소금 | 우리아이장건강을 | 우리아이장건강을 | 위한하루습관 | 위한하루습관 | 프로바이오틱스 | 프로바이오틱스 | 리애들 | 음소금 | ivenet | 2022.01.20 | 아이애넷 | 아이애넷 | 생유산균 | 아이배넷 생유산균 60G | 16/ | 9.900 | 후디스 | ivenet | 키요 | 순한 | 리조또소스' | 아이배냇꼬마 | 세계덮밥소 | 토마토 소고기 | 국산소고기 | 한우사골육수 | 규동 | 순한s
002466,2022,01,20,2022-01-20,s1,아이배넷 | 아이배넷 | 음소금 | 유산균 | 유산균 | 프로바이오틱스 | 프로바이오틱스 | 소금 | 아이배넷 | 2022.01.20 | 아이앨넷 | 생유산균 | 9.900 | 키요 | 리조또소스 | 아이배넷꼬마 | 토마토소고기 | 세계 | '덮밥소 | ㅇ규동
002467,2021,05,18,2021-05-18,s1,NFO:187/1172019 13:10 | EXP:18/05/2021B/N02 | jaim | 자임 | NFC | 물 한방울넣지않은 | 착즙주스 | GRAVIOLA | 그라비올라
002468,2021,05,18,2021-05-18,s1,HFD:18/11/2019 13:10 | EXP: 18/05/2021 B/N 02 | oim | 자임 | 물한방울 넣지않은 | GRAVIOLA | 그라비올라
002469,2023,06,22,2023-06-22,clahe,Use Byi | 22.06.2023
002470,2023,06,22,2023-06-22,s1,UseBy: | 22.06.2023
002471,2021,03,18,2021-03-18,s1,하림 | XHomeplus  | 등급판정일:21.03.12F1 | 유통기한:21.03.18A | L22103127228011
002472,2021,03,18,2021-03-18,s1,하림 | ×Homeplus  | 등급판정일 :21.03.12 F1 | 유통기한:21.03.18A | L2210312722801
002473,2021,03,16,2021-03-16,s1,자연을담은 | 건강먹거리 | 자연 | 등급판정일 : 21.03.10 F1 | 유통기한:21.03.16A | L22103107228011 | 축산농가 인증 정도 | ：14-0436 | 早餐：14501095室 | 생신자:김종문 | 농창소재지 전북 정읍시품목:육계 | 상단필 | 유통 중 포장저가 | 작보관하시고 기능 | 장소:구입처 및 | -제품은 공정거래위원회 고시 소비자분쟁 | 에의거 교환 또 | 습니다.부정 불량 식품 신고는 | 1399 | 사용(인체에 무해하나 심용 불가) | 기가 충분히 익을 정도 | 오배가있을 수 있의너 드실 | 의하지기 바랍니다.·로트번오 | 동일함·동급판정일:별도 표
002474,2021,03,16,2021-03-16,s1,자연을담은 | 건강먹거리 | 자연 | 등급판정일 :21.03.10.F1 | 유통기한:21.03.16A | L22103107228011 | 11399：2真
002475,2021,03,13,2021-03-13,s1,이력b적 | STS | 0714012100022 | 원산지:참조기(국산)천일염(국산) | 100（）g） | 2021.03.13 | 49900 | 신선의 자신감 | Homeplus
002476,2021,03,13,2021-03-13,s2,원산지:참조기(국산)천일염(국산) | 49900 | 신선의 자신감Homeplus | STS | 이력주서 | 이행 | 번호 | 0714012100022 | 100g | 2021.03.13 | MI043 | 100%三07
002477,2023,03,15,2023-03-15,s1,하메론S | ：20006 | 2023.03.15
002478,2023,03,15,2023-03-15,s2,하메론-S | 20006 | 2023.03.15
002479,NONE,NONE,NONE,NONE,fail,E2ICHO | 제종번홍; | 181923 | 2022.07 | OTHER | B92B | 2022.07 | 제조번호: | 1 | 매가격 | 82618Y | 매가 격 | O21C알 | 제조번호: | 181928 | 2022.07 | OTHER | E2 IC HO | 0258 | 제조번호: | 131923 | 2022.07 | OTHER
002480,NONE,NONE,NONE,NONE,fail,Ez IC HO | B | 2022.07 | E2 IC HO | 2022.07 | 181928 | 매가격 | 매가격 | MZ IC HO | 2022.07 | EZ IC HD | 58 | 제종법후츠 | 3192B | 2022.07
002481,2021,05,28,2021-05-28,s1,2021.05.28까지A박태영A | 16.87%25% | AMMY'S SOFT COOKIE: | JAMRS | Fr
002482,2021,03,28,2021-03-28,s1,202103.28A | JAMis
002483,2021,05,05,2021-05-05,s1,유통기한021.05.05 | 까지 | 흔들어서드시면 | 빨대를 꽃아서 많있게 도세요! | 맛이 더욱 좋습니다.
002484,2021,05,05,2021-05-05,s1,유통기한2021.05.05 | 12:50 | 까지 | 흔들어서 드시면 | 맛이 더욱 좋습니다 | 발대를 곳아서 같있게 도세요!
002485,2022,08,03,2022-08-03,s1,홈플러스 창립 | 24 | ANNIVERSARY | 구운캐슈넛트 | 350g | 100% | 땅콩 또는 견과류 가공품 | 2022.08.03.GBH
002486,2022,08,03,2022-08-03,s1,홈플러스 창립 | 24 | ANNIVERSARY | 구운캐슈넛트 | 350g | E100% | 땅콩 또는 견과류 가공품 | 2022.08.03.GBH
002487,2021,02,06,2021-02-06,s1,포장일자: | 2021.02.06 | PNENT | 자연그대로 | 건강하게 담았습니다
002488,2021,02,06,2021-02-06,s1,포장일자: | 2021.02.06 | 잣 | 건강하게 담입자
002489,2021,04,18,2021-04-18,s1,kg | 서울 | 레드 | Che | 모짜렐라 | MOZZARELLAC | AESE | 2021.04.18 까지14:39 | 모짜렐라 생치주가 | 그대로 담긴 자연기즈
002490,2021,04,18,2021-04-18,s1,서울 | Che | kg | 슈레드 | 라 | 모짜렐 | ESE | MOZZARELLAS | 2021.04.18 까지14:39 | 모짜텔라 생친주가 | 그대로 담긴자인
002491,2022,09,08,2022-09-08,clahe,"08.09.22 | 06:21L0253 | 따라 다 수 있습니다. | 1일 영양성분 기준치에 대한 | 클레스테물Omg(0%) | 지방Og(0%) | .量0mg(0%) | 보관방법:개불전 직사광선이 | 제조사 | 원산지 | 식품의유형 과체주스 | 제품명- | 영양정보 | ""장재질:고일도플리에이 | 교한 받으수 있습니다. | 그환장소 | 내용량 | 함량 | 원재료및 | 유통기한 | 수입원 | 그용은 공정거래위원의 고서소비자본장에울기 | 식용 | Boo | 제주명 | 레이지 레은주스피 | 수업원 및구입처 | 26865SanRocco aPeom0 | Polenghi LASsd | 이태리 | 200ml(50kca) | 천연향료(레온향)우수아원비t | 정제수,레몬주스농42N | 제품상단의 별도표시업까지를 | 412（0日 | 서울록별시강서구 명 | 영남프레이션 T"
002492,NONE,NONE,NONE,NONE,fail,B8.P | 06:21 | 관장소 | 원재료 | 유통기한 | 수입원 | 식의유 과주스 | 고5 | 제조사 | 원산지 | 44H | 285 | diegsUd | 이테리 | < | POREERRW | pgn sape | o | o | Pd Batron | 식등의유형 | 과주스 | 원산지 | 이터리 | 제조사 | Poleg Ustd | 수입원 | 유통기한 | 원재료 및 | 내용량 | 관장소 | POREERR | blo | < | 성양 | NN | 급 | I. | 06:21L25 | 원제로l] | 유통기한 | 수입원 | 제조사 | 산지 | 10 | 25865Seom | PliengpUtd | 이테리 | 제주스 | ” | 내용링 | 환장소 | 원재료및 | 유통기한 | 수입원 | 2 | 제조사 | 원산지 | 식의유 과주스 | 20 | 위 | 시구4 | 2686 | 이태리
002493,2022,02,10,2022-02-10,s1,BEBETO | Bears | 223/10.08.2020 | 10.02.2022 | 10g | 518239 0118（） | GUMMY CANDY
002494,2022,02,10,2022-02-10,s1,BEBETO | Bears | 10.08.2020 | 10.02.2022 | 10g
002495,2021,01,27,2021-01-27,s1,ABES | 2021.01.27까지 | 망도신라명과 | 내C.되0:무)투i | #5더이> | 깨햄버거빵 | Segame Hamburger Roll | 70g(205kcal) | 2.38% | 식품인전관리인증 | HACCP
002496,2021,01,27,2021-01-27,s1,2021.01.27까지 | 깨햄버거빵 | Segame Hamburger Roll | 70g(205kcal) | 号2.38%
002497,2023,01,24,2023-01-24,s1,"2023.01.24 09:06 | 올리브유 | 해표 | Olive Oil 180% | 압착하여 만들었습니다. | “건강한올레인산65%"" | 식품유형/올리브유 | 19902065"
002498,2021,05,07,2021-05-07,s1,6.280 | 6.280 | K | 2021.05.07
002499,2021,05,07,2021-05-07,s1,6.280 | 6.280 | 2021.05.07 | PICKLEDBURDOCK
002500,2021,08,21,2021-08-21,s1,ETN | xY|x | / | ) LLEYY/이() | lo | (구논)%09 | Y-70 | 관 | 021.08.21 | () | () | （6）60 | 기런터Y | ( | / | pueid ON | ()%09 | (
002501,2021,08,01,2021-08-01,s1,위위 | 021 | 1.08.21 | PUeION
002502,2022,01,24,2022-01-24,s1,REAL NUTS 리얼넛츠 | 20号（号）100%） | （100% | 제조원|주대봉식품/경기도 광주시 | /소비담실-0식또는가 | 76806 | 리드시기바라니다개봉남은제은밀용기에닫아냉장보관해주십시오 | 각하여간혹호두캡질조각이있을수있으므로드실때추의하시기바랍니다. | 및 교환장소:구입처 및제조원 | 1399 | N111 | 2022.01.24 | 노브랜드의 | 이념과 실천 | 8802989004572 | No Brand는 이마트의상표입니다
002503,2022,01,24,2022-01-24,s1,REAL NUTS 리얼넷츠 | 을나타널도 8으D로 드N주의BAP바 | 드시기 바랍니다.개불 후 남은 제품은 일페용기에 | 교환장소:구입처 및제조원 | 01399 | 2022.01.24 | N111 | No Brand는 이마트의 상입니다
002504,2022,01,06,2022-01-06,s1,씨를뺀건자 | 식품유형 | 신취/경기도광주시초월을 갑길D4길4A | 준에의거교환또는 보상받을수있습니다. | 등및교환장소:소분원및판매원 | 신고는 이 | · | Brand는 이마트의 상표입 | 2022.01.06 DVA07 | 까지
002505,2022,01,06,2022-01-06,s1,원과보을수업 | 소:소원 | 신고는국이 | 2022.01.06 DVA07
002506,2021,08,08,2021-08-08,s1,"유통기한 2021.08,08 까지 | DRIED | HACCP | FO0D | 이미지사진 | 150g"
002507,2021,08,08,2021-08-08,s1,"유통기한 2021.08,08 까지 | DRIED | FOOD | Sweetl | Potato | 고구마 | 말랭이"
002508,2021,11,09,2021-11-09,s1,NUT BAR | 2021.11.0916:28 | -DOUBLE CHOCO.
002509,2021,11,09,2021-11-09,s1,NUT BAR | 2021.11.0916:28 | -DOUBLE CHOCO.
002510,2022,03,09,2022-03-09,s1,지퍼포장개봉후보관시지퍼를이용하세요 | Rodsted Cacao Nibs | 담백하고 고소한 | 본연의 맛이 가득한 | 카카오닙스 | 2022.03.09 DUA21 | 豆1008 | 240g
002511,2022,03,09,2022-03-09,s1,지피포장개용 후보관시 지퍼를 이용하세요 | Rodsted Cacao Nibs | 담백하고곤소한 | 본연의 맛이 가득한 | 카카오닙스 | 2A22.03.09 DUAZ1 | 240g
002512,2021,11,04,2021-11-04,s1,건블루베리 | 30g | 블루베리70% | 2021.11.04 DUK05 A
002513,2021,11,04,2021-11-04,s1,건블루베리 | 블루베리70% | 330g | 2021.11.04 DUK05 A
002514,2022,02,16,2022-02-16,s1,전조저정육류(실균제품) | 면표기일까지 | (S벤(내면) | 200189002146/F2.2016018900550 | 매직사광선을 피하고 서늘한 곳에 보관하여 주십시오) | 구정처 및제조원 | 032821-1107 | 봉후에는변질될 우려가 있으니바로드시기바랍니다 | 제품을 봉지와 함께 전자레인지로 가열하지마십시오. | 분리수거 실천으로 자원과 환경을 보존합시다. | 1399 | 비닐류 | OTHER | 818090441941834 | 2022.02.16F2D
002515,2022,02,16,2022-02-16,s1,#(직사공신을 피하고 서늘한 곳에 보관하여 주십시오) |  실로 자 경을 보존합시다. | OTHER | 2022.02.16F2D
002516,2022,07,20,2022-07-20,s1,HorC | Dto | feel | aste | 2022.07.20 | 새색블랙보리는 농촌진흥청에서 개발된 | '혹다향'종자를 사용하여 만든 | ‘새싸블랙보리'분말제품입니다. | 어린새싸을채엽하여녹차만들듯이 | 일반방식으로 만든 분말 제품보다공정상 | 불순물이적어안전하며색과향미가 | 뛰어납니다.
002517,2022,07,20,2022-07-20,s1,aste | 2022.07.20 | 새싸불랙보리는 농촌진홍청에서개발원 | '새블택보리”분말제품입니다
002518,2023,01,25,2023-01-25,s1,LEMONRALM TEA | -레몬밤티— | 식품유형침출차 | 레몬밤티 | 제품명 | 135g(09g×15）号卫时 | 20030275066150 | 100%（ | 별도표기일 | 포제절 나일론(여과지) 폴리에틸렌(내면) | 구입처및제조원 | OTHER | ·제품은 메밀을사용한제품과같은 시설에서 제조하고 있습니다. | ·본제품은 공정거래위원회고시 | 소비자 분쟁해결기준에 의거 교환 | 또는 환불받을 수 있습니다. | 1399 | 8808018520723 | 품질유지기한 | 2023.01.25
002519,2023,01,25,2023-01-25,s1,제품영 레몬방티 | 식품유형 침출차 | 号100%（2） | 20030279586150 | 별도표기일 |  (여과지) 리에렌(내면) | 구입처 및제조원 | ·제품은 공거래위원회고시 | 선자 분쟁해결기준에 의거 교환 | 또는를받을 수 있습니다. | 101399 | 8808018520723 | 2023.01.25
002520,2023,10,02,2023-10-02,s1,Brand | 가아니다.소비자다 | 02/10/2023 |  Herbal Ie | PEPPERNNT | TEA | 페퍼민트티 | NET WT. 20 g/20 TEA BAGS
002521,2023,10,02,2023-10-02,s2,Brand |  Herbal Ie | PEPPERI | TEA | 페퍼민트티 | NETWT20g/20TEA BAGS | 02/10/2023
002522,2022,09,14,2022-09-14,s1,SBURT POWDER | 2022.09.14 | N747 | NoErand | 브랜드가 아니다.소비자다 | CALAMANSI EXTRACT 100% | 100% | 라만시
002523,2022,09,14,2022-09-14,s1,RTPOWDER | 2022.09.14 | N747 | Notranu | CALAMANSI EXTRACT 100% | VANS | 100 | 갈라만시
002524,2023,01,25,2023-01-25,s1,"40 | 5,180 | No Brand | 이용두 | 율무차 | 2023.01.25"
002525,2023,01,25,2023-01-25,s1,5.180 | 율무차 | 2023.01.25
002526,2023,02,15,2023-02-15,s1,"9.940 | 5,180 | No Brand | 브랜드가 아니다.소비자다 | 2023.02.15"
002527,2023,02,15,2023-02-15,s1,5.180 | 9.940 | No Brand | 2023.02.15
002528,2021,10,19,2021-10-19,s1,"MEDIUM | BLEND | 미디움블렌드 | 마일드한 컨셉의 제품으로 달콤하면서 | 부드러운커피입니다 | SWEET& CREAMY | 100% | 브라질산 80%, | 인도네시아산 20% | MEDIUM | LIGHT | 고소하고 부드러운 시티 로스트 | 개봉후 빠른 시간 내에 드시는 것이 가장 좋 | 2021.10.19까지 | 10:50 | N522 | 노브랜드의이념과 실천"
002529,2021,10,19,2021-10-19,s1,MEDIUM | BLEND | 미디움블렌드 | SWEET& CREAMY | 100 | 브라질산 80% | 인도네시아산20% | 2021.10.19까지 | 10:50 | N522
002530,2022,01,19,2022-01-19,s1,No Branu | HAZELNUT | TASTE | RICH | FLAVOR | BEEND | MILD | MIGH | COFFEE | ROAST | 헤이즐넛향블렌드 | #노브랜드#스마트컨슈머 | #티타임 #풍부한풍미 #깊은향 #분쇄원두커피 | 2022.01.19까지 | 14:09 | 이미지사진 | 227g | 7%0% | (80z) | 30%20%
002531,2022,01,19,2022-01-19,s1,HAZELNUT | BEENB | MILD | MIGH | COFFEE | ROAST | 헤이즐넛향블렌드 | #노브랜드#스마트컨슈머 | 2022.01.19까지 | 14:09 | 227g | (80z)
002532,2022,06,30,2022-06-30,s1,농가득 | 추장 | 영양정보 | hed Gochujang | 1일 영영생 | NT3 | 이미지사진 | 2022.06.30 | 77%
002533,2022,06,30,2022-06-30,s1,가득 | 추장 | N13 | 2022.06.30
002534,2021,12,04,2021-12-04,s1,"2021.12.04 | 수,당,축레산올리 | 수크릴로남다로, 산화아연 | OOM에 놀을 OT"
002535,2021,12,04,2021-12-04,s1,2021.12.04 | 사과 어린이 은르공장 |  과재응로 2상단 또는 | 136-2 | 招全（080-766-6543) | )산화이여
002536,2021,09,22,2021-09-22,s1,"huile de tournesol, | ho ben tancat en un lloc fresc i sec. | en pols | Sucre, farina de blat, xarop de gluco | pessic mb raspadura de tairona u | Consumir | preferentemente antes del/Consumir | preferentment | abans | pce antBes efr/Mesns hahar | huile de paimiste | Ten minste houdbaar tot: | LOTE: | totalement hydrogenée, | let pasteuri'zada, cacau | EXP | 22/09/2021 | L- 2209 13:22 | Sal/Sal/Sel/Salt/Sa | Fbra alimentaria/Fibra | de los cuales aicares/ | Hidratos de carbono/H | icui acidi ssi polnsa | e ls cuales pnstur | di cui acid grassi monoin: | de las culesmonoinsatur | delas cuales saturadas/c | Grasas /Greixos / Matiere? | Valo energtico/Valor en | VOEDINGSWARDEVERMELDI | 포장재질 플리프로필렌(내면)트레이종이 | 원재료명 | 유통기한 | 원산지 스페인 | 제조사NDUSTRIAL PASTELERA SAN NARCSO,SAU | 2380567877（ | 식품유형 류 | '제품명 나량촉-코코아분말2.1% | 일계란, 우유함유 | 240g(972kcal | 用售50mg17%盟4g7% | L三器180mg9% | 영양정보 | van noten bevatten. Gesloten | cacaopoeder (2%), | Ingrediénten: | NL: Cake met siaasappelscl | 0053 | 热量52916%359359 | 100g405"
002537,2021,09,22,2021-09-22,s2,"  | 영양정보 | ar-hi traces de fru | 5 | pols | (2%) | iacor | gas teu  | consumarsi prefenbilst | e | R | Ten minst- houdbaar tot: | entro a | etde ruc | tol | LOTE | let pasteur ada,cacau | EXP | ouf lgu | 22/09/2021 | L-220913:22 | //STS | 0 | Hie/ Valor | KAREIGNED | IEOURATON | DON NUTRICIONAL | 유통기] | 원산지 | din a cool dy place | WC50.SAU"
002538,2021,08,05,2021-08-05,s1,"Grasas/Graisses | VOIMOTEN,MELK en SOIA. | s/dont saturées/ | 23.6g | JCHEN BEDECKT MIT KOKON | /Carbohydates | pseurisierte EiER, Glukose und Fruktose | 250.2g | Kos (6%), Shaummttel (Glycerin), T | olydaten | (yrphsaSureNatium,Nrimbikarb | dater/Crboidst | Konservieruna | (latriumpropionaa), Suerungsmitel(M | FRUCHTE, MILCH und SOJA. | amntr/re lmntaires/ | Dietary Fibre/Fibras alimen'sies/ | 21.6g | Fbra alimentare/Fbrer/l i | funtighedsbevarende inide | Eiwitten/EweiB /Protein/Proteine/ | 5.2g | y,uf(ane,m,knse | Protein/ | Sal/Sel/Salt/Sal/Zout/Salz/Jaii | Sale/Salt/a | 0.5g | ANGDDER, MALAOg SOJA. | IT TORZAHVODERTAL COCCO. | EsConsumir preferentemente antes delLote: | Conservar en un lugar fresco y seco | IngrediUNTige | zuccho | FR A conson mer de préférence avant le/Lot: | A conserver dans un endroit frais et sec | e tp.stesio, coue (67oi, umidicanti (gicenil, | anenu evitanti (iroiastaid acido di sode. | EN Best before/Ba'ch: | Store in a cool: nd dry place | Dicarconale di arsusi, arumi ivanigfie, buno | consen rrato di soaccat | Armazenar em loual fresso e seco | altico) puo contenere tracce d | FRTTAAGUSU'D, LAITSe SNIA. | Bewaren ii eer koele og d-oge | DE Mindestans haltbar bis/Lot-Nr: | Tocnen und kuhl lagern. | acosumasi preferibimenteentro Lotto: | Consenare in luogo fresco e asciutto |  AR | 88287） | Best before: | 2021/08/05"
002539,2021,08,05,2021-08-05,s2,"50.2g | Pvoptoephat SBure Niatrum, Natrlumbean | ntouiseret AeG. Dlucose og frucirn  | 529 | de to e) Kan indeholde te | ID TIAIAMOPERTAL COCCO. | InredPa ds RuNTO. On di girns |  oo eri umidncant gice | ears ne  aumI tanigfe be | AR | Idont saturbes/ | 3.60 | yas satunadas ! | imye | ACHEN BEDECKT MIT KOKON | Otdranes | rdtrater 1Ctale | Ciatrumprolionat. Sauerungnminel Me | Dutt Werlh. | butter). | KonserViere | e quaos pess | /dn | res/ | ei ui puccheri/ varav socketacr/ | FROCHTE, MULCH urD SOJA. | Dirtay Fibee feas alimen es/ | fbea alimentaris/Fibres alimentaires! | 1.6g | Fibra alimentare / Fibre/ asad u | Protpinas/ Protbines/ Protein / Proteinas/ | (ycerin), I pvemidde atrium acid pyrolon | tntighedsbevarende | Ewiten/Eweid /Protein/ Proteine/ | Proein /32 | natrumocad | oun tvenme, smen, konsere | Sal/Sel /Salt/Sal/Zout/Sae:Sai | Sale/ Salt/ clall | 0.5g |  VGDDER, MFLAOg COJA | Consorvar en un lugar fresco y seco | FR A consot, mei de preteronce avant IanLot | A conserver 'ansn endroit fralis ot soc | EN | Best before/B.h: | PT Consumir de pr.terencia antes delLote: | Store in a cool | id dry piace | Armazenar em loci fren'.J e Buco | Houdbaat totl ot: | Puo contenete | NL | Bewaren  oe Koele og ne | AABVSD,LAIIOCMIA | traces | DE Mindeaiens Ialtbar bis/Lot-Nr: | ToL on und kunI Iagemn. |     | I | Ua cot'sumarsl preferiblimente nntrof Lotto: | Consen are in luogo fresco e atciutto | ESNSINESOO | Best before: | 2021/08/05 | Batch:278320"
002540,2021,12,19,2021-12-19,s1,"L400g | 영양정보 | 100g  335kcal | 80-5678 | 100g | 1일영양성분 기준치에대한비율 | 77(2) | 나트륨 | 10mg | 1% | LTD | 탄수화물 | 76g | 23% | 일/월/년순) | 당류 | 52g | 52% | 0.9 | 지방 | 0g | 0% | 산,코코넷오일,펙틴,카나우바왁스,천 | 가향,블루베리향),착색료(식용색소황 | 트랜스지방 | 0g | 포화지방 | 0g | 0% | 035 | 콜레스테롤 | Omg | 0% | 난,잠유,펙틴,카나우바옥 | 향),착색료(식용색소황색제4호,식용 | 단백질 | 8g | 15% | 청색제1호) | （%）2.000kcal | 0.2 | ?량에따라다를 수 있습니다. | 유,펙틴,카나우바확스,천연향료(레 | 제4호) | 퀴,롤-폴리프로필렌(내면) | 보관 | 같은제조시설 | 흰쟁해결기준에 | 블록:비닐류(OTHER) | 바퀴,롤: 비닐류(PP) | 2100000110291901 | Expriy Date :19/12/2021"
002541,2021,12,19,2021-12-19,s1,"당류 | 가 불루베리항)착색료(식용색소항 | ).학색료(식용색소황색제4호,식 | 0% | 0.2062 | （%）2.000kcal | 유.펙,카나우바와스,천연향료(레 | 보관 | 같은 제조시설 | Expriy Date: 19/12/2021"
002542,2021,10,17,2021-10-17,s1,2021/10/17 | POPPING | GHOCO | BALLS | 팝핑초코볼
002543,2021,10,17,2021-10-17,s1,2021/10/17 | POPPINC | HHOGO | BALLS | 팔핑초코몰
002544,NONE,04,06,NONE-04-06,s2,"도전 | 도전하라! | 한일식품(주) | 한강라면 | 매운맛 그~까이꺼!! | 덤벼 | 178g(330kcal) | 202103.211588-1530 | 영양정보 | 4三喜200mg103%日午站号 | 양파농축액, | 4.6g9% | 글루텐(독일산)3 | 정제속금(국산),옥수수기 | 콜레스테홀0mg0% | 2060mg | 나트름험량비교표시 | 숙면(국물형)나트름평균함량 | 조리예 | 제품명 | 유통기한 별도 표기일까지 반품및 교환장소 구입처 및 제조원 | 두 | 륜 | 트렌스지방0 Q | 혼 | 공품 | O, | 1200 | 1400 | 1600 | 1000 | 3 | 800 | 0mg | 1 | 크(39) 건청경채(중국산)건당로(중국산),건파 초미최고기맛후레이크,건고버 | 섯, | 43） | 오일베이스(대두유, 고추씨맛풍미유), d-토코페돌(혼합형) | 밀,대두, 우유,닭고기,쇠고기, 조개류(바지락, 모시조개)함유 | 포장재질(내면)폴리에틸렌-면,분말스프,향미유/폴리프로필렌-후레이크/알미늄용기 | 88010858816 | '소량 사용하여 약간의 신막이 달 수 있으나벽질될 것이 아니오니 안심하고 등실시옥용기에 반드시 불을 | 오징어 | 황산류를 사용한 제품과 같은 제조시설에서 제조하고 있습니다,·본 제"
002545,2021,03,12,2021-03-12,up2x,"조리이 | 영양정보 | 매운맛 그~까이께!! | 1588-1530 | 20210312a재일실 | 입치말 | 산 | 신증 | 178g(330kcal) | (일:미 | 및 교환장소 | 청제소 | 1200 | 행미증 | (드이나트클 3)라먼후트 | 숙면물 | 초미쇠고기맛후레이크 건료고버 | 삼:아르헨티나,미국,브라질 등) | 80 | 108 | 8 | 알.고 | 지탁,모시조개)학유 | 후레이크/알마 용기 | A | 크(30 건정 | 센대 | 일번이 | 하고 | 밀,대두,우 | 모장재질 | 업소영 및 소 | 풍욕보고면"
002546,2022,04,NONE,2022-04-NONE,s1,"CHOCOLATE | 식품유형 초콜릿가공품 | (주)이마트 /서울특별시 성동구죽섬로 | 수입원 | 377（号2）/02-380-5678 | 제조사 | NATRA SAINT ETIENNE | 초콜릿(코코아매스,설탕,코코아버터, | 원재료명 | 즈드 코코아빈(코코아빈,설탕) | 우유 함유 | 유통기한 | 포장재질 | 알루미늄 호일(내면) | 직사광선을 피해 건조한 곳에 보관 | 구입처 | 고시 | 소비자 분쟁해결기준에 | 환불 받을 수 있습니다 | 1399 | 계란,대두,밀,호두를 사용한 제품과 | 시설에서 제초하고 있습니다 | 중 | 초콜릿 포 | 표면이 녹아 하얀 반점이 생걸 수 | 인체에 무해하니 드셔도 괜찮습니 | 영양정보 | 500kcal | 총 내용량당 | 1일 영양성분 | 나트륨 | 5mg | 21100000017933131 | 탄수화물/ | 50g | 15% | 당류 | 47% | 04/2022 | 지방 | 56% | 0.04g | L0293 | 포화지방 | 18g120% | 04:42 | 콜레스테롤 5 mg | 단백질 | No Brand는 이마트의 상표입니다 | 200"
002547,2022,04,NONE,2022-04-NONE,s1,"식품유형 초콜릿가공품 | (주)이마트/서을특별시 성통구 축섬로 | 수입원 | 377（午号27）/02-380-5678 | 제조사 | NATRA SAINT ETIENNE | 원재료명 | 즈드 코코아빈(코코아빈,설탕) | 표시일까지(월/년 순 | 유통기한 | YYYY 년 MM활 01일까지 | 알루미늄 호일(내면) | 핑행 건종한 곳에 보관 | 보반본의부이간유일 | 원회 | 보시소비자 분쟁해결기준에 | 활불 | 제품관 | 대두 | 설에서 제조하곤 있습니 | 영양정보 | 15% | 47% | 7 | 56%6 | 04/2022 | 유통기한 | L0293 | 04:42 | NoBrand는 이마트의 상표입니다"
002548,2021,04,02,2021-04-02,s1,간이되어있는 촉촉한삶은계란 | 방금 삶아낸 것처럼 | 영양과 수분은 그대로! | SOFTI | EGG | BOILED | ：100g/131.4kcal（50gX27H） | 상기 제품은 이미지것입니다. | 유통기한:21.04.02까지B17 | 알가열제품비살균제품 | 식품의유형 1알가열제품 | 영양정보 | 100g5027） | 1H60g65.7kcal | 17H（50g | 1일 영양성분 기준치에 대한비을 | A2078% | L三喜210mg | 탄주화물29 | 11% | 당류09 | 36a
002549,2021,04,02,2021-04-02,s1,간이되어있는 촉촉한 살은계란 | 방금 삶아낸 것처럼 | 영양과 수분은 그대로! | SOFTEGG | 100g/13kcal5g | 상기 제품은 이미지것입니다. | 유통기한:21.04.02까지B17 | 알가열제품/비살균제품
002550,2021,09,30,2021-09-30,s1,"SNACKS | No Brand"" | 30-09-2021 | D4002 | STRONG | MINIS | Peppermint | Flavor | 이미지사진 | 네덜란드산(OEM) | 스트롱민트 | 50g(195kcal/）1.1%"
002551,2021,09,30,2021-09-30,s1,SACKS | 30-09-2021 | D4002 | STRONG | MNTS | Peppermiut | Flavor | 스트롱민트 | 네덜란드산(OEM) | 50g195kca/（）11%
002552,2021,01,22,2021-01-22,rot90,08:560210209 | Best Before:2 | MADR | whichis still used today. | 21.01.22 920g | Juring
002553,2021,01,22,2021-01-22,rot90,08:560210209 | Best Before: | 21.01.22 920g | for'c | p in Lo | of Ed
002554,2021,11,18,2021-11-18,s1,"ㅠ | 22赠78.5% | puegON | 모장제질폴리프로램린 | 영양정보 | 100g500kcal | 교현또는 보상받을수있습니다 | 早801399 | 반품 및교환장소:구입서및수입원 | 8#49 | 52 % | 80% |  g | 3% | mng | 10g | ""000000""292618 | 수 있습니다. | 18/11/2021"
002555,2021,11,18,2021-11-18,s1,주프 | 너초바 | 18/11/2021
002556,2021,11,17,2021-11-17,s1,EXP 2021.11.17 | 비자보호실전화번호: | 영양정보 | ASSORTED | 20 | 1.14kg(800kcal)
002557,2021,11,17,2021-11-17,s1,EXP 2021.11.17 | ASSORTED | 20 | LT4Kg(8OOkcal)
002558,2022,04,01,2022-04-01,s1,"JF | candy | 40g(144kcal) | L星套440mg | 个量35.52g | 제품에년,월.일순으로표기된날까지 | 号24.32g | 주식사트리와이즈 경기도파주시 운정안길 | 포화지방09 | 201窖1719至（号等）T.02-402-0026 | 콜레스테롤Omg | 설탕,옥수수전분(유전지변형 옥수수포함 | 단백질09 | 및 함량 | 가능성 있음데스트로오스L주석산 | 탄산수소나트를심황색소 코치닐추출색소 | 식용색소청색제2합성착색료비트레드 | 반품 및 교환 수입원 및 구입처 | 포장재질 | 폴리프로필렌 | 보관방법 | 직사광선 및 습기가 없는 | 5411011820405 | 서늘한 곳에 보관 하십시오. | 1399 | 2022.04.01"
002559,2022,04,01,2022-04-01,s1,2022.04.01
002560,2022,10,21,2022-10-21,s1,"-보관방법:직사광선을피해 | 캔디류 | 건초하고 서늘한 곳에 보관 | 식품유형 | 반품및교환장소: | 업소명및 | 02)380-5678 | 至377（271) | 소재지 | 해결기준에의거 교환 또는 보상 | 제조사 | JUST CANDY | 있습니다. | 유통기한 | 제품별도표시일까지(년-월-일순) | ·이 | 내용량 | 200g(720kcal) | 변형 옥수수포함가능성 있음 | 영양정보 | 총내용 | 100g360kal | 정제수구연사,락 DL-사과산청엽 | 4恒号30mg2% | 지방 0g0% | 트렌스지방 0g | 원재료명 | 시구연정제수커트스 | 0mg0%00% | Zout, Sall | 제수)스피루리나농축액,홍화농축액 | 이브로 개인의 필요 열량에 따라 다를 수 있습니다. | 푸마르산 카나우바와스'코코너오일, | 밀,심황색소, 착색료(이산화티타늄) | 포장재질 | 폴리에틸렌(내면) | 원산지네덜란드 | 718469320912 | 200ge | 2022-10-21 | aniles del Consu | wir de preleréncia | Mindst holdbar | Q43D92VT0414:48"
002561,2022,10,21,2022-10-21,s1,"식품유형 디 | WQ0021380-5678 | 설합 포동당시업, 육수수전분(유전자 | 영양정보 | 정)피나] | 프마르산 카나우바학스코코넷오일 | 일급,심황색소,학색료(이산화티타능) | 포장재질 플리에릴엔(내면) | 원산지네얼란드 | 2022-10-21 | 200ge | D43D92VT0414"
002562,2021,08,29,2021-08-29,s1,29/08/2021 L27021 | 300 g e 15:42 2
002563,2021,08,29,2021-08-29,s1,TIEX | 29/08/2021 L27021 | 300ge15:422
002564,2021,09,25,2021-09-25,s1,"420g(2,118kcal) | 자이럴때 먹어요! | 정제소금 | 밀함유 | [식사 대용으로! | 포장재질폴리프로필렌 | 실에서 간식으로! | 반품및교처구입처 또는 수입원 | （）：080-850-7313 | !영양간식으로! | 있으니 가적이면 빨리 드시기 바랍니다 | 133 | 영양정보 | 香悟420g | 2,18kcal | 2""110358″ | 개인의 필요 열량에 따라 다를 수 있습니다. | 2021/09/25"
002565,2021,09,25,2021-09-25,s1,자 이럴때 먹어요! | 식사 대용으로! | H号#4209（2118kcah | 실에서 간식으로! | 장재질플리프필렌 | 있으니 가해이면 들리 시기 바합니다. | 011339 | 영양정보 | 2021/09/25
002566,2021,10,15,2021-10-15,s1,kcal/네널란드산(OEM) | 15.10.2021 | 10000001597720 | TLE40C09:24
002567,2021,10,15,2021-10-15,s1,15.10.2021 | TLE40C | 09:24
002568,2022,04,14,2022-04-14,s1,E4 14/04/2022 | EAL | N319 | 고워이퍼를
002569,2022,04,04,2022-04-04,s1,EXF 04/04/2022 | N319
002570,2021,05,07,2021-05-07,s1,"2021.01.08제조 A |     | 2021.05.07 까지 A | 告套叫100% | 영양정보 | 240g300kcal | 봉0국센,성전분 토스타마린드검D-사산 구연산 단"
002571,2021,05,07,2021-05-07,s1,2021.01.08제조A | 2021.05.07 까지 A | 영양정보 | - | 0
002572,2021,12,29,2021-12-29,s1,제품명 믹스넷점보 | 유통기한별도표기일까지 | 식품유형 땅콩 또는 견과류가공품 | 내용량 1kg | 원재료명 | 및함량 | OTHER8802989003773 | 유통기한: | 2021.12.29 | 까지
002573,2021,12,29,2021-12-29,s1,유통기한 별도표기일까지 | 제품명익스넷점보 | 식품유형 땅콩 또는 건과류가공품 | 까지 | 유통기한: | 2021.12.29
002574,2021,12,16,2021-12-16,s1,BRAZIL NUT | 제품명 | 땅콩 또는 견과류 가공품 | 식품유형 | 내용량 | 160g | ECOMMODITIES S.A.C. | 원산지페루산 | 제조업소 | 수입판매업소 | 식품소분업소 | 후면 하단표기일까지 | 유통기한 | 100% | 원재료명 | 보상받을수 있습니다. | 11399 | 2021.12.16까지A6 | 2000000|905143
002575,2021,12,16,2021-12-16,s1,BRAZILNUT | 식유형 | 내용량 | 원산지페루산 | 식품소분업소 | 보성을수있습니다. | 11399 | 2021.12.16까XA6
002576,2020,02,18,2020-02-18,s1,"제품명 | 유기농상황채 | 본제품은공정거래위원회 | /T（061)433-6826 | 고시소비자분쟁해결기준에 | 공급원 | 의거,교환또는보상을받을 | /전남강진군 강진읍 목화길15 | 우기농 상황채 | 30g | ·부정·불량식품신고는 | 상황버섯(국내산) | 1399 | 인증품의표시사항 | ·직사광선을피하여건조하 | 취급자청림농원영농조합법인 | 용기(포장)재질 | 폴리에틸렌(내면) | 고서늘한 곳에 보관하시고 | 반품 및교환 | 구입처 | 개용후남은제품은일통하 | 유기농 | 생산지 | 여냉장보관하세요. | 포장년월일 | 2020. 02.18 | 인중기관명 | 65-6-9 | 할인판매 | 6286號"
002577,2020,02,18,2020-02-18,s1,우기농 상황채 | /전남강진군강찬용목화일 15 | ·부정-광식통신고는 | 2020. 02. 18 | ng号20.953
002578,2024,01,14,2024-01-14,s1,Nalural | pice | CORIANDER SEESDS | 코리앤더 씨드 | 상품명:코리앤더씨드 | ：NETWT.130g | 100 | 의거 교환또는보상을받을 수있습니다 | Shin Young | www.shinyoungspice.com | 유통기한:하단표기일까지 | 8809258654292 | 2024.01.14
002579,2024,01,14,2024-01-14,s1,CORIANDER SEESDS | 코리앤더 씨드 | R  랑: 코리엔더 씨드 1이0 %(인도산) | 불은공 고시 소비자 분기준에 | 유통기한:하단표기일까지 | 2024.01.14
002580,2021,11,17,2021-11-17,s1,친정엄마 볶음검정까 | 제품명 | 200g | 내용량 | 기타농산가공품 | 식품유형 | 100% | (중국산) | 원재료명 | 유통기한 하단표시일까지 | 제조원농업사법인한생(주)/ | 충남 서천군 장 항읍 장항공단길 | 2842117/041-956-1434 | 20050471173-177 | 품목보고번호 | 유통기한 | 2021.11.17까지
002581,2021,11,17,2021-11-17,clahe,친정엄마 붉음검정까 | 제품명 | 2008 | 내용량 | 기타농산가공품  | 식품유형 | 100% | (중국산) | 원재료명 | 유통기한 하단표시일까지  | 기/내에 | 보관및 직사 선용피하고서늘한 | 급방법곳에 관하시기바람다 | 제조원 농업 회사법인 한생(주)/ | 충남 서천군 장 강을 장항공단길 | 282 1177041-956-1434 | 号里卫室20050471173-177 | 유통기한 | 2021.11.17까지 | M
002582,2021,01,07,2021-01-07,s1,2021.01.07 | ·유통기 제조일로부트 | ·제조년월일 상단별도표기 | ·본제품은 공정거래위원회고시 | 소비자분쟁해결기준에의거 교환 | 또는 보상받을수있습니다. | ·빈품및교환장소구입처 및제조원 | ：200053105 | SSG.COM
002583,2021,01,07,2021-01-07,s1,2021.01.07 | SSG.COM
002584,2023,11,04,2023-11-04,s1,"04-11-23 | E-LM30920 | 경수입원 | a%ao5%beBa | (2일.월.년순) | aestivum Vitt), Tartufo Nero 0,1%(Tuber | (Tuber astua | #A484122 | 뚜껑:철 | melanosporum Vitt), Aromi. Puo contenere | 로검은서양송로향)0.5% | per piatti a base di carne o pesce e per | Tubers | salare 'acqua della pasta. Consevare al | or bos | riparo da luce e fonti di calore. | andher"
002585,2023,11,04,2023-11-04,s1,04-11-23 | E-LM30920 | tracce o spore del genere Tuber spp. Ideae | per piati a base di carne o posce e per | salare l'acqua della pasta. Consevare ai
002586,NONE,08,05,NONE-08-05,s1,"SUPPLEMENT FACTS: | Amount Per Serving | (StandardizedtoContain10%60.0mg | Marigold Extract | (StandardizedtoContain20%108:0mg | Lutein Oil, 20mg) | Vitamin A (as Retinyl Palritate) | Vitamin B1 (as Thiamine | Hydrochloride) | Vitamin B2 (as Riboflavin) | mg 82% | Vitamin E (as D-Tocopherol) | Zinc (as Zinc Oxide) | 8.5mg | Selenium (as Sodium Sal | 40.0／57 | a2.000caloriediet. | BatchNo:652332 | Exp.Date:12/22"
002587,NONE,08,05,NONE-08-05,s2,"(StandardzedtoContain20%10e-Ong | Viamin A (as Retiny Pabritste) | Vitamin B2(as Riboflavin) | BatchNo:652332 | Exp.Date:12/22 | DiRECoNs : Take 1 Capsule a day, or as | directed by your heaithcare professional. | The product is not a medicine preventing and | curino disease. | SUPPLEMENT FACTS: | Servino Size I Capsule(s) | Seving Per Container 30 | Amount Per Serving | Haematococcus PuMals Extract | CStandardized to Contain 10% | %DV1 | Astaxanthin. 6ma) | Marigold Extract | 60.0mg | Lutein Oil, 20mg) | Hydrochlorde) | 2.100U | Vitamin E (as D-aTocopberol) | Zinc (as Zinc Oxide) | no 82% | Seenium Cas SodiumSa | 8.5mg | MU 55 | +Percent Dalby Values(%DV) | 2.000 caloriediet. | 40.0元 | •Daily Value not established: | based on | OTHER INGREDIENTS: SOY bean OIV/ Fish | Blueberry Extract Soy Lecithin, sot Capsute | ollAnchovy) Beeswax. Biberry Extract | (Pia Gelatin, Glycerin, Punified Water, Titanium | Dioxide, Caramel Color) | WARNaNG: H you are Dreanant nursing or takino | Discontinue use and consut vour doctor it any | any medications, consult your doctor before use. | adverne reacbons occur, when taken in excesshe | mar ihibit the absorption of B-carotene. Store in a | amounts. it may turn the san yelow temporarly R | cool, dry place. | DONOT USE IF BLSTER SEALIS BROKEN. | KEEP OUT OF REACHOF CHILDREN."
002588,NONE,NONE,NONE,NONE,fail,"EM3} | Mengazzoli | 이산화항 참유 | 유리 | ""Cantie OFI/""COntainsSULATES | 6% a | 250mle | / : | P.D.:2020.10 15 | B.B:2023.1015 | 8005140001926 | 한글표시사항 | /6% | ) | (PP) | wbtokr | 250mle | B.B:2023.1015 | P.D.:2020.1015 | Mengazzoli | EMB | 6% | 한표시사항 | ONDISCO S.RL | 이산하  | 18052 | ZS08L | ozzesu∂W | EW3 | r | 8052 | 2. .5 | 88 | A | ele 09 | (dd8 | !ozzesuW | W63z | EMB | Mengazzoli | 한시사항 | 件：制生（口02-538-373） | 50) | 이산화항 참유 | 16% | 일지 | DSCOSR | 유리 |  N수입 | (PP) | 수 있니다. | bookr | y |   | ngro |  COnSUS | 250mle | / e: | P.D:2020.1015 | B.B: | 2023.1015 | 8005140001926 | «EM3 | Mengazzoli | 한글표시사항 | EW사이크 디 모데나 | 8 | 이산화항 함유 | 2SM/:6% | 기일까지 | (는법:의순) | 유리 |   및 수입업소 |  (PP) | 20 399 | 상수있습니다. | wborat.cokr | y |   | ""Cantene SOLFI/COntainS SULAITES | 6% ail | 250mle | Dacosumarsi preferibilmenteentro il:/Best Before: | P.D.:2020.1015 | B.B.:2023.1015 | 8005140001926"
002589,2023,10,15,2023-10-15,up2x,"Mengazzoli | : | 이  | MOICONDGOD SA | 유리 | PP | 에 거 교 | eMen Pu of  | ee e re piene pi guste | ""Cantiem SOuim/-Contains SULFTS | nse d rgmie di cotrolo otriret oMpof | 6%aci | 250mle | ore igo fescutoSlore inacol dry plac | feonneni greflinente amtra it:/des Befoee. | PO:2020.1015 | 8.8. | 2023.10.15 | 800514000926"
002590,2023,10,27,2023-10-27,s1,"ANTICA | MODENA | ** | LENves ro | Parfumé, dense, avec des senteurs de bois. | Weinessig. | Ingredients: Vinaigre de Vin, mout de raisin | caramel 5d, antoxdant anyaride sulfreux) | Eiweiss/protéines/proteine 0,9 g. | alkoholhaltig | 6% | contiene alcool | MINDESTENS HALTBAR BIS: / cons. de préf avant: | L3010 | 27.10.2023 | Hergestelt von/ Produit par/ Prodotto | ACETUM SpaVia Pertini 440 | Ceriicatdorgaiicontlautorizatal | Mi cF | 8015352319658 | Made in Italy"
002591,2023,10,27,2023-10-27,s1,ANTICA | MODENA | Ingredient. Aceto di Vino mosto duva | 27.10.2023 | 8015352319658
002592,2023,08,11,2023-08-11,s1,서늘한 곳에서보관하시기바습니다 | 유기능크래마소스 | 교확장소구입처 및수입원 | 쟁해결기준에 의거 교환 | 7220（2/）5告 | ：01399 | 인증품의표시사항 | 년수) | 房人79.4%（时售100%） | 식20(외인식(와인(포도) | 100%） | 제조시:ACETFCO CARANDN | *不VaperFomigne5441051 | *不至：031-595-6281 | *인증기관:OCPB sl | 量：TBO0092089 | L2242016:34 | 11/08/23 | EMURTUES FOR10m/ | 1027KJ-242Kcal | 57.5g
002593,2023,08,11,2023-08-11,s1,L2242016:34 | 11/08/23 | OEEIA-E HTOR WUES FOR 1 E | o | 1027KJ-242Kca | 57.59
002594,2022,08,05,2022-08-05,s1,RANCA | Infomao nuticional(10 g) | SaSeal | uco |   | 05.08.2022 L1 | 580 g
002595,2022,08,05,2022-08-05,s1,RANCA | SZ | ic@ | 05.08.2022 L1 | 580g
002596,2022,10,22,2022-10-22,s1,OLITALIA | EXTRA VIRGIN OLIVE OIL | <식품위생법에의한한글표시사항> | 肉2异100%2（年2：LDPE，年2号 | 00-584 | 5 | 제품은 공정거래위원회고시소비자분쟁해결기준에의거교환 | 5는 보상받을수 있습니다. | 영양정보 | 반수0g | 레스테를Omg | Best before: | 2022/10/22 | 본 제품은 이탈리아에서 포장까지 마진 | 품으로 직수입습니다. | 500ml | DPE
002597,2022,10,22,2022-10-22,s1,OLITALIA | EXTRA VIRGIN OLIVE OIL | 2022/10/22 | 500ml1
002598,2021,12,NONE,2021-12-NONE,clahe,"Rapsoe0.75 | 100% rapeseed oil | certified by agroVet GmbH | str | 지명 소 유채유식품유형  | 全人置子星109制17盒 | 유기한도기의이일수) | L48g750ml6.210kcal | 贝100% | 영양정보 내 | 조RAPSO OSTERE CH GMBH | 6,210kc | 원산지오스리아 | 용기포장재질 병-유리 | Omg | 단수00 | 0% | 뚜껑-고일도플리에릴렌 | 09 | 0% | 본제품은 공정거위원회교시 | 식이셈유 0g | 0% | 지방 9 | 0% | 소비자분정결기준에 의거교환 |  29 | 1278% | 또는보상받을 수 있습니다. | 보관방법:직사광선 고은다승한 | Ong | 300% | 곳을 피해 서늘하고 건조한 곳에 보관 | 早：# 1399 | 단백질 0g | 0% | 반품및교환:구입처또는수입원 | Qulity frm the nature | Light proof-bottl protecs the product | protect from heat and light | RAPSO Osterreich GmbH | BrandstatterstraBe 6, | A-4082Aschach | Intemnet wwrapso.at | Best belore dale:/ RE/Balchno: | 12/2021 L20154 08:38 | 001466207911"
002599,2021,12,NONE,2021-12-NONE,s1,"Rapsoe0,75 | 12/2021L2015408:38"
002600,2020,10,21,2020-10-21,s1,뉴슈가 | 분말 | 무등의 | NEWSUGAR | POWDER | 50년 | 전통 | 팽튀기 | 행위기류에 소량 | 청가하면 좋습니다 | 60g | 식품첨가물 혼합제제류 | (삭카린나트륨제제) | 제조일:2020.10.21
002601,2020,10,21,2020-10-21,s1,뉴슈가 | 분말 | 60g | 제조일:2020.10.21
002602,2022,07,07,2022-07-07,s1,"식품위생법에 의한 한글표시 | ·제품명포도씨유-베에트로 코리첼리·식품유형기타스 | :750ml610kcal25℃）婴生 | ·원신이탈리아·제조원Pitro Cricell Spa·포 | 뚜껑-알루미늄,뚜껑(내면)-폴리에틸렌·수입판매업소신 | 충남 천안시 서북구 직산읍 부송1길 5·유동기라발하는 | 연일)·응도발연이아음김등의고온가으 | 좋습니다 | ·보관방법:공기,직사광선 등에 노출되면 산화변질이 되기 쉬우므로 | 후에는 | 마개를 꼭 닫아 실온에 보관하여 주십시오·반품 및 교환장스 | 수입업소 | ·소비자담-수신본제품은 생결준는 | 수있습니다 | 부정·불량식품신고는국번없이3용기를가열조리용으로 | 마십시오 | 영양정보 | （750mL）100m825kcal | 0mg0%0g0% | 1일양성분비은2므로의필요따라다를수있습니다 | 80042751156365 | 2022.07.07 I U01 018950 | NET.CONT.750mle | (25.3U.S.OZ)"
002603,2022,07,07,2022-07-07,s1,식품위생법에 의한 인 | 웃지 | 0% | 750m（6.190kcal25c）s美五） | -x:O탈리아-조Petro CoriceSpa· | (연일 | 후에는 | ·공기직사광선 등어 노되면 산화변싶이 되기 쉬우 | 마십시오 | 부·국이으 | 48（750mL）100m/z825kcal | 영양정보 | 人量0mg0%1E时0g0% | 2022.07.07 I L0T018950
002604,NONE,01,11,NONE-01-11,s2,"PESO LIQUIDO | 500ge1.1lb | Ex: 171123 | 16:17L2210 | Lot.to 00220322 | Conservare lontano da fonti di calore, dalla luce ed evitare ambienti umidi / | Store away from heat sources, from light and avoid damp places /Conserver  | l'abri des sources de chaleur, de la lumiére et éviter les endroits humides /Vor | Wärmequellen und Licht geschützt lagern, feuchte Umgebung vermeiden/ | Mantener alejado de fuentes de calor y de la luz. Evitar ambientes húmedos/ | Manter longe de fontes de calor, de luz e evitar ambientes midos /Verwijderd | van warmte- en lichtbronnen bewaren, vochtige omgeving vermijden/ | Opbevares langt fra varmekilder og beskyttet mod lys. Undga fugtige | omgivelser /Förvara pá avstand fran värme och ljus och undvik fuktig miljo | Da consumarsi preferibilmente entro il: /Best before: | A consommer de preférence avant le:/Mindestens haltbar bis:/ | Consumir preerentemente antes del:/Consumir de preferéncia | antes de:/Ten minste houdbaar tot:/Bedst far:/Bst fore:/ | (/// | 8"
002605,NONE,01,11,NONE-01-11,s2,"PESO LiQUIDO | 500ge | 1.1lb | 15:17 | 172113 | Lotto | L15 | 00220322 | Conservare lontano da fonti di calore, dalla luce ed evitare ambienti umidi/ | Store away from heat sources, from light and avoid damp places / Conserver  | I'abri des sources de chaleur, de la lumiére et éviter les endroits humides / Vor | Warmequellen und Licht geschützt lagern, feuchte Umgebung vermeiden/ | Mantener alejado de fuentes de calor y de la luz. Evitar ambientes hümedos / | Manter longe de fontes de calor, de luz e evitar ambientes úmidos / Verwijderd | van warmte- en lichtbronnen bewaren, vochtige omgeving vermiden/ | Opbevares langt fra varmekilder og beskyttet mod lys. Undga fugtige | omgivelser / Forvara pá avstánd fran värme och ljus och undvik fuktig miljo | Da consumarsi preferibilmente entro it/ Best before: | A consommer de préference avant le:/ Mindestens haltbar bis | Consumir preferentemente antes del: / Consumir de preferéncia | antes de: /Ten minste houdbaar tot: / Bedst far./Bast fore:/ | (//)/ | ~ | x: | 8"
002606,2022,04,02,2022-04-02,s1,프레스코 | 포도씨유 | 2022.04.02 17:17 | 까지 | 뚜껑을 | 닫혀 생 여려가 없습니다 | 경우 뿌영게 응고될수 | 전혀 | 업습니다. | 사항 및 보관방법 | 약간의이취가 | 사용 후에는 | 표기일까지 | 100% | 500m25cl | 제조원BORCESAGACLTRAL 8NDS | SSAU | 소부원주식회사오두기울신광역시울주군심남한 | 구대로 19 | 수입에원주식회사오뚜기경기도안양시 동안구 | CH室 405 | 포장재질용가플리틸런테레프탈레이트 뚜 | 리에틸린 | ·부정·불량식품신고는국번업이3본저 | 분쟁해결기준에의거 교환또는 보상받으실수 | 营：080-024-231（ | 영양정보 | 100g900kcal（1g=1.09m） | 나트륨 | 탄수화물 | 콜레스터롤 Omg 0%  | 단백질
002607,2022,04,02,2022-04-02,s1,프레스코 | 2022.04.02 17:17 | 주식회사 오뚜기 경기도 안양시 동원도 | ·부정·링시품 신고는 국번업이 3·물제 | ：080-024-231（全 | 영양정보 | 100g号900kca（ig-109m）
002608,2022,01,17,2022-01-17,s1,시 | 2022.01.17
002609,2022,01,17,2022-01-17,s1,2022.01.17
002610,2021,07,11,2021-07-11,s1,paysan | BRETOn | EXP: 11.07.2021 | H184 F318
002611,2021,12,01,2021-12-01,s1,후추후레이크양송이분 | 포장재질 뚜껑 내면)폴리염화비닐 | 제조원주식회사오뚜기경기도안양시 동안구흥안다로 46 | 품목보고번호 | ·소비자기본법에의한피해보상·부정·불량식품신고는국 | 2021.12.01 | 13:48 | 뚜껑:철
002612,2021,12,01,2021-12-01,s1,이크양송이분 | 포정재철 경내연물리영화비닐 | 스자 기에 의한  보상 | ：08024211 | 2021-12:01 | 13148
002613,NONE,NONE,NONE,NONE,fail,"Paellero | Carmencita | VALENCIANA | L30408J04-2023 | 조리예 | Paellero | SOBRES | SACHETS | 12 | RACIONES | SERVINGS | ALENCIANA | 12 RACIONES | Paellero | VALENCIANA | Paellero | 2 | L30408J 04-2023 | 조리예 | Carmencita | ATECNIIRA | SONIAIS | SIEHONS | SES | 5 | Paellero"" | Carmencita | VALENCIANA | L30408J 04-2023 | © | 3 | SOBRES | SACHETS | 조리에 | RACIONES | SERVINGS | Paellero | ALENCIANA | Paellero | Carmencita | VALENCIANA | L30408J 04-2023 | 3 | SOBRES | SACHETS | 조리예 | 12 | RACIONES | SERVINGS | Paellero | VALENCIANA"
002614,NONE,NONE,NONE,NONE,fail,"Paellero"" | Carmencita | VALENCIANA | 04-2023 | 조리예 | aeulero | L30408U | SAERES | 3 | AOWET | 2 | AERES | VALENCIANA | Paellero | L30408J04-2023 | Carmencita | 조리예 | © | ANECNIIAA | ANNIIAA | Paellero | Carmencita | VALENCIANA | L30408J04-2023 | @ | 조리에 | Paellero | 1 | Paellero"" | Carmencita | VALENCIANA | L3040804-2023 | 3 | SDERES | 조리예 | T2S | ae"
002615,2022,12,21,2022-12-21,s1,"이유:복합조미식품 | :도시일까지 | 高，104室（不2器） | 역보관하여주십시오. | 조제품, 전연항신료 | 서울 | 727 | 김치 | 디드컴퍼니주) | 본제품은 공정거래위원회 | KIMCHISA | 수요습니다. | 2022.12.21까지 | PRONC | NET WLE"
002616,2022,12,21,2022-12-21,s1,2035128 | /2 | 서울 | 김치 | KIMCHS | 2022.12.210지
002617,2022,05,04,2022-05-04,s1,"25965""00111""3 | 유통기한: | 2022.05.04까지 | MANUFACTURED FOR FUNACHO INC. | Calclum 6% | Vitamin A 0% | Protein 2g | Sugars 2g | Total Carbohydrate 11g | Sodium1030mg | Cholesterol 5mg | Trans Fat Og | Saturated Fat 1.5g | Total Fat 11g | Calories150 | Amount Per Serving | Servings Per Contae | Serving Size 1 cur | Nutrition Facts | HEBRON,KY41048 | Calories from Fat 100 | Vitamin C 2% | % Daily Value"" | Contains : Mik | ※본 제품 용기는 전자레인지용이 아닙니 | ：284g（2x142g） | 원료명:정제수,대두유 인산이전분, | ▪유통기한: 제품 밀면표기일까지 | ：（）（031-947-88 | 조원:AFPadvanced foodp | 제품유형: 소스 (실근제품) | 원산지:미국 | 제품명:편나츠 치즈 소스 | 보존기준:건냉한 곳에 보관(개봉 후 | 식품위생법에의한한 | 부정·불량식품 신고는 국번없이 | 반품 및 교환장소:구입처 또는(주) | 뚜껑재질: 폴리에틸렌(내면) | 용기재질: 폴리스틸렌 | 구연산나트륨,천연향료치 | 할라피노페퍼,정제소금 | 경기도 파주시 탄현면 새오로"
002618,2022,05,04,2022-05-04,s1,"2596500111 | 2022.05.04까지 | Amount Per Sening | Senings Per Co | Sening Size 1a | Nutrition Facts | Total Fat 11g | Calories 150 | Total Carbohydrate11g | Sodium100mg | Cholesterol mg | Trans Fat Og | Saurade at 1g | Protein 2g | Sugars 29 | Dietay Fber g | MANURCTRED FOR RAACHO NC. | Calcum 6% | Calones fromnFat10 | HBRON,KY48 | Viam'n C24 | : | 식품위생법에의한 | : | 수:- | : | : | : | 警488：284g20x1429"
002619,2022,03,31,2022-03-31,s1,31-03-2022 | 시사항 | DHOT DIP WTH CHESE) | 14号号250g | A질유리뚜껑-절 | 시일까지(는법일 | 行号号136.76（ | 에 보관(개봉 |  보 하십시오) | 을 받을 수 있습니다. | JUNITA SLS
002620,2022,03,31,2022-03-31,s1,31-03-2022 | 4务警250g | WANTED | JUANITASELSM
002621,2023,12,21,2023-12-21,s1,MBASCO | Shis is the | Senuine Article | LOT122120 | 2023.12.21 | mMhenny
002622,2023,12,21,2023-12-21,s1,MBASCO | his is the | LOT122120 | 2023.12.21 | oAenny
002623,2022,12,19,2022-12-19,s1,"ZENITH | 장소맥문(밀:미국산호주세) | 넘(중국산)], 합성향료레온행 | 晋号：2009037518-3 | ·내포장재질유리병 리프로정 | : | ·제원주리아제 | UCE | 4H至457 | TEL（031-885-0860 | 유통기한: | 2022.12.19 | 시용하십시오"
002624,2022,12,19,2022-12-19,s1,w(주)코리아제 | 국산 | CE | 022.12.19
002625,2021,06,22,2021-06-22,clahe,Troaicana. | THE WORLD'S NO.I | 롯데칠성음료 | JUICE BRAND | Q别大|100% 190ml×6叫 | opicana | 2021.06.22 | PureJuice Orange100% | 15:50F1 | 6170585 | 8801056
002626,2021,06,22,2021-06-22,s1,Tro2aia | THE WORLD'S NO. | 롯데칠성음료 | JUICE BRAND | /10%190mX6叫 | opicana. | 2021.06.22 | 15:50F1 | PureJuice Orange100% | 8 801056 170585
002627,2021,12,08,2021-12-08,s1,"FRUITS& GRANOLA | 근문을 넣어 | 더백맛했습니다 | HAGH FIER, PROTEIN INCLUOEO | 380g | 2021.12.08까"
002628,2021,12,08,2021-12-08,s1,TS&GRANOL | ）4.69%（6.5% | 380g | 2021.12.08
002629,NONE,NONE,NONE,NONE,fail,"원산지 | 제조회 | D-89303 Gunzburg | W. u. H. Küchle GmbH & Co. KG | www.knabbi.de | www.kuechle.de | Postfach1336 | 과자류 | spapier st | 기향0. | SuBunas | sunflower leci | 내용량. | wberry) | 식품위새 | nmehl, Starke, Rote-Bete-Saft-k | sweetener: sucralose | 05.2023 | D9482 | ㅇ유 | 80.105%）） | 에의 | 41035600119252821 | 유통기 | 알레르기 | 원재료명:밀가루,감자전분,비트뿌리농 | 한글표시사항 | 바라기레시틴(유화제),수크랄로스(감 | 연향료(딸기향), 합성향료(딸기향), | 1399 | *()안의 수치는 1일 영양소기준치에대한비율임 | （%）2000kcal | 콜레스테롤 | 지방og(0%) | 0mg(0%）号19.5g(6%）弄0g（0%） | 영양정보 | onzentrat, Aroma, Emulgator:Lecithine, | 보:밀함유-포장재질폴리프 | 법:월,년순) | 25g（85kcal） | 경신을 피해 | 뒷면표시된 | 단백질2g(3%) | 트랜스지방 0g | 한곳에보 | 포화지방0g(0 | 25g | T.07C | knabt | r요 | D: Zutaten | icralose | iroot juiceconcentrateflvouring, emulsifer:V | o | Omg(0%) | 구입처및수 | 월의 | 05.2023 | 도 | S | (%)6Z | (%0)6wo | D9482 | SO | 60|x | (%0）60 | ∞0 | (%0）60 | () | 话16号 | ( | () | 7qeuy) | ((%9010% | ( | y표 | spungns | sunflower leci | sweetener: sucralose | D: Zutaten | SuBunas | icralose | 식품위생업에의한 | 한글표시사항 | 향 | 원재료명:밀가루,감자전분,비트뿌리 | (천연 | 기향0. | 합 | 료(딸 | 0.105%）） | 참연향료(딸기향), 합성향료(딸기향), | (knabl | sspapier stwberry) | 바라기레시틴(유화제),수크랄로스(감 | 식품 | 과자류 내용량 | 알레르기 | :밀함유·포장재질:폴리 | 제조회 | 유동기 | -뒷면표시된 | 월의 | 원산지 | 1일까지 | 법:월,년순) | 구입처및수 | 전을 피해서늘한 뜻에보 | 0 | 영양정보 | 25g（85kcal) | 0mg（0%）号19.5g（6%） | 당류 0g(0%) | 2 | 지방og(0%) | 트랜스지방 0g | 포화지방 0g(0 | 46 | 00 | 콜레스테롤 | Omg(0%) | 단백질2g(3%) | （%）2000kcal | 기준이므로개인의 필요열량에따라다를수있습니다 | *()안의 수치는1일영양소기준치에대한비율임 | W. u. H. Küchle GmbH & Co. KG | 139 | Postfach1336 | 25g | D-89303Gunzburg | www.kuechle.de | www.knabbi.de | 0)0 | () | “(() | 66  | 안 | 60 | (%E)6Z | ( | （%0）60 | （%0)6wo | 일 | o | 향 | ungns | \+ | qeuy) | 연 | 수인원 | 원산지 | 제조회 | 식품 | D-89303 Ginzburg | W. u. H. KOchle GmbH & Co.KG | nabl | Postfach1336 | : | www.knabbi.de | www.kuechle.de | ·과자류 | sspapier st:swberry) | 기향0. | H.KUt | SuBunas | D:Zutaten | sunflower leritk | E: Ingredient:wheat four, starcin, | ：250 | 18 | ),합3 | 이과 | 실품위시업에의한글표시사항 | D9482 | cralose |  , | sweetener:sucralose | 05.2023 | 유 | 0.105%）） | eiroot juice concentrate,favouring,emulsifier. | 4103560019252821 | 1일까지 | 유통기한 | -알레르기·밀함유포장재질폴리프 | 새바라기레시틴(유화제),수크랄로스감! | -연향료(딸기향),합성향료(딸기향), | ·원재료명:밀가루,감자전분,비트뿌리농 | 139 | *()안의 수치는 1일 영양소기준치에 대한 비율임 | 기준이으로개인의필요열량에 따라다를수있습니 | （%）200kcal | Omg(0%) | 콜레스테롤 | 지방og(0%) | 0mg（0%）号195g(6%）0g（0%） | 영양정보 | 25g（85kcal | 법:월,년순) | 5뒷면표시된 | 구인처및 수으 | 신을 | 단백질2g(3%) | 트랜스지방 0g | 피해 | 궁월의 | 25g | 포화지방 0gl( | U | 원산지 | 제조회 | 식품 | (knabl | (천연 | T.07C | 수인위 | www.knabbi.de | www.kuechle.de | D-89303Gunzburg | Postfach1336 | W. u. H. Küchle GmbH & Co. KG | sspapier siswberry) | 号·250 | 기향0. | H.Kuchlmr | :Ingredien:wurstrcertuiceconcentrateurin,musifer: | SuBunas | D: Zutaten | sunflower lecitha | PP | Sn | 합료(딸 | 식품위생업에의히한글표시사항 | cralose | mehI,Starke, Rote-Bete-Saft-Kanzentrat, Aroma,mulgator:Lecithine, | sweetener:sucralose | 05.2023 | D9482 | 0.105%）） | 0 | 35600 | ""ly: | 2528 | 1일까지 | 유통기 | ·원재료명:밀가루,감자전분,비트뿌리농 | 반 | 알레르기 | 바라기레시틴(유화제),수크랄로스(감) | 연향료(딸기향),합성향료(딸기향), | 기준이므로개인의필요열량에따라다를수있습니 | %）2000cal | Omg(0%) | 콜레스테롤 | 지방0g(0%) | 0mg（0%）19.5g（6%）0g（0%） | 25g（85kcal） | *()안의 수치는 1일영양소기준치에 대한비율임 | 및 | 구입처및수 | 법:월,년순) | -뒷면표시된 | :밀함유·포장재질:폴리프 | 경신을 피해 서늘한 꽃에 보” | 단백질2g(3%) | 트랜스지방 0g | 궁월의 | 포화지방0g(0 | 25 g"
002630,NONE,NONE,NONE,NONE,fail,"D-89303Gonburg | W.u.H. KOchle GmbH & CO.KG | 05.2023 | D9482 | 1에의 | 한글표시사항 | 이의수일소기준 | www.knabbide | www.kuechie.de | Postfach 1336 | 1o | 05e | -Bete | 원겨료영:일가루,감자전분 비트루리 | ntat Aroma,Emolgator Lecthl | 05.2023 | ap aupanym | D9482 | 0 | (PB | EER |   | sadedss | 1qeur | 169010 | 081 | ungns | lamyuns | E:Ingredient | tjuceconcentrate fvouringemusfer | sunfiower le | sweetener:sucralose | D:Zutater | nmehl.Starke, Rote-BeteSfx | nzertat Aroma,Emolgator Lecithine. | SuBunc | gralose | 식품위서에의호한글표시사항 | 원겨르영:일가루,참자진분,비트푸리 | 800.105% | 연피기원.합성료(당기를) | 바라기민유수크플로스업 | bery | 연표시원 | 20 | W0g0% | 1 | 지의수는소기준 | W.u.H. KOchle GmbH & CO.KG | 무전,부식통신2는국번있이1 | 25g | Postfach1336 | D-89303G0nzturg | www.kuechie.de | www.knabbide | epraupanyM | epigqeuyMMw | ww.knabbide | www.kuechle.de | D-89303Ginzhurg | Postfach1336 | W.u.H KOchie GmbH &Co.KG | 모모 | 05.2023 | D9482 | 실품위 에의한글표시사항 | Talose | nmehl.Starke, Rote-BeteS. | SW | ner:sucral | satuy | 1o's | é | 00 | 0 | 2 | 2 | 8.2 | cpoot juice concen | '연되(광기향,합성명료(기]. | -원로명:밀가루,감전문.제트리원 | 이의수는소 | mgo% | 지ogi0%) | 바라기에 민파제L수크팔로스감 | entat Aroma,EmdgtorLecthir | ntrate. flavouring | [Unel] | 스지 | (원,년순) | 등면표시원 | emu | 제로회 | www.knabbi.de | www.kuechie.de | D-89303 Gtn2hurg | Postfach 1336 | W.u. H. KUchleGmbH& Co.KG | spate | D.Zutaten | sunfiowerleeln | E:Ingredient.wheat four.sa | 05.2023 | D9482 | 식품위에의 한글표시사항 | calose | nmehl,Starke, Rote-BeteSaf-y | sweetener.sucralose | 00.105%） | tuconentrte fvongemufer | 이 | 유동기 | 원겨료명:밀가루,참자전분,미트푸리 | 연한교담기향,합성원료(담기능) | Omg 0H | 무전,주식통신고는국번있이1 | nentatAom,EmoatorLecithine | 시민유파기,수크랑로스 | 월년 | 연표시관 | 일장유 분동과진"
002631,2022,01,20,2022-01-20,s1,"KiSS | KISS | 00 | 플래닛 구미 | 8.8gx57H)(290kcal | Planef Gummu | IBERICA S.A. | 1월일순으로표기된날까지 | Soft Fruit Gums | 스(서울시 강남구 봉은사로 | ）（22176-0324 | 유통기한·BEST BEFORE | 2022.01.20 | 2016-0364562） | 설탕,정제수,포도당,젤라틴 | 산,합성향료(딸기향,라즈 | 94g（18.8g | 영양정보 | 17H(18.8g) 58 | 로(식용색소청색제1호카민, | 근 농축물 밀납 | 1일 영양 | 1개당 | 기준치에대한 | 나트륨 15/ng | 午号13.5g | 에보관(적정온도:20°cC 이하) | 10% | 营号10.3g | 오연품및교환구입처또는수입판매원 | 지방0.1g | 트랜스지방 0g | 플레스테롤Omg | 구미섭취시주의사항: | 이의 경웅박든신봉혼자가 | 러조각으'로 나눈 후 취식 | 연준십시오."
002632,2022,01,20,2022-01-20,s1,"Planef Gumm | SoftFruitGums | 유통기한 •BEST BEFORE | 3ERICAS.A | 2022.01.20 | 일순으로 표기된 날까지 | ）1132/2176-0324 | 17H（18.8g）59 | 医号636.2号 | 2016-03645622 | 설탕,정제수,포도당,질라틴 | 산,합성향료(딸기향,라즈 | LE喜1509 | (사용색소청색제1호카민 | 0号1X59 | 근 농축물,밀납 | 연구미선취시주의사항"
002633,2022,02,03,2022-02-03,s1,"3BUIRGLE | 트롤리 미니버거모양젤리 | 50g(165kcal) | 독일 | 제조사 | TON GmbH | 스위트스페 이스(주) 서울시 강남 | 22316（9）T.（02）2176 | 에스통상의 경기도 화성시 송산면 화성 | Igrediens:Glucose rup;sugglatine;acis | 42016-0364562室 | lactic acidglinggent ectinluri os backc | 실탕 젤라틴(돼지),구연) | red radishred grape,t | lemon, spirulina); flavourin | 소적포도통축액리농축에 | 스피클리나색소,합성향료 (파인애 | 복숭아향,레몬향),식울성유지,밀남, | 돼지고기 함유 | Best before: | 문장재질 | |폴리에틸렌트레프탈레이트+돌린 | 관방법:직사광선을 피해 서늘한 곳에 보관 방서 및방 | 사항.개봉후가급적리드십시오반품및 교환 구입처또는 | 계품은 공정거래위원회고시 소비가분정해결기준에의거 | 2022.02.03 | 보상받을 수있습니다.※부정·불량식품 신고는 국번 업 | 영양정보 | 50mg3%个型量3.5g12%异24249 | 총내용량50g | 0g0%0g0g0% | 0mg 0% | TE2.8g5% | Sweet S@ace"
002634,2022,02,03,2022-02-03,s1,2022.02.03 | Suwed S@ace
002635,2022,10,09,2022-10-09,s1,"NUTRITION INFORMATION | eneiayvalue | 337kcal | 제품명 트롤리 키스 | 식품유형 | 캔디류 | 100g（333kca | 0.0 g | 스위트 스페이스(주) 서울특별시강남구 봉은 |  d | 23）T02-2176-0324 | 0.0g | carbohydrates | 제조사 TROLLI IBERICAS.A. 원산지 스페 | 79g | thereof sugar | 유통기한 제품 뒷면에 일월년 순으로 표시된 날까 | 61g | 원재료이 | 고도당시럽,설탕,정제수,젤라틴(돼지),구연산) | protein | 4.2 g | 펙틴,천연향료 (말기향)착색료(카민지기 | <0.2g | 반품 및 교환장손구입처 똥는 수입판매원 보관 | WGREDIENTS: GLUCOSE SYRUP, SUGAR: WATEL | GEATINE: AGDULANTS: CTRIC ACD, LACIC AD; | 소비자 분쟁해결 기준에의거교환 또는 보상 | 글을수 | GFAOUR | 습니다.부정·불량식품 신는 국번이P | 영양정보 | 量100mg5%个数号79g74%保6 | 포화지0 | Best before / Lot.Nr: | 레스테 Omg 0% 단백질 | 09.10.2022 | Sweet S | Dace | 030293316 | MANUFACTURED BY: | ua(VALeNCIA)-ESpan."
002636,2022,10,09,2022-10-09,s1,"NUTRITION INFORMATION | 식유형견디류 | 22319）102-2176-032 | 799 | TROLLI IBERICASA원산지스 | 제용됐에입년으로 시 | 당시설당,정계수,라원(지) | WGREDIENTS: GLUCOSE SYRUP SUGAR: VABR | CELATINE: AGDULANS: CTRIC ACD, LACIC ADD | 및 교상소구입처또는 수입판매원 | 소비자 분정해 기에 의거 교또는 보상 | 영양정보 | best before / Lot.Nr.: | 国费10095%#全时8799 | 09.10.2022 | 030293316 | Sweet .S"
002637,2022,11,01,2022-11-01,s1,"1.980 | Trol0 | Swedt S | SOUR | ace | QUMM CANDY | ww.sweetspacerco.kr | 트롤리 사우어구미캔디 | 내용량 | 우중기한BEST BEFORE | 팅)캔디류 | 100g(325kcal） | 독일 | 제조사 TrolliGmbH | 에연월일순으로표기된날까지 | 2022.11.01 | 시E스제이스(주)서울시 강남구 봉은사로 | 영양정보"" | 총내용량1 | 109325kcal | 2016-036452 | 총내용량당 | 수초산전분라(지구연산 | 나트륨80mg | 탄수화물77g | 당류49g | 홍화농액 스피클리나녹축액 천연향료계리형 | 지방0g | 오크린메리향포도돼지고기함은 | 트랜스지방 0g | 리프달레이트+플리프로팔렌 | 포화지방0g | 을에서한곳에보관 방서및방충관리철건 | 콜레스테를Omg | 단백질4.2g | MALATE(ESD) COLIOURING"
002638,2022,11,01,2022-11-01,s2,To08 | CUMM CANDY | 88100g(325kcam） | 내이스(주)서울시 강남구봉은사로 | 8人636.2 | 贴餐779 | SOUR | ace | 트 리사우어구미 괜디 | tspacoeokr | 우공기한-BEST BEFORE | Tol GmbH | 2022.11.01 | E1）T（02）2176-0324 | 영양정보 | 용량 | 325kcal | 총내용량당 | 나트B0mg | 당류 49g | 지방0g | 0% | NEROERE | 트랜스지방 Og | 포화지방0g | 스Omg | 단백질4.2g | 8% | 41 | WAIR MOCOIED
002639,2021,12,04,2021-12-04,s1,"6.980 | 5,0009 | NEW | JELLYSTRAWS | 60 | 미니사이 | 오렌지맛 | 사과맛 | 천연 | 60 | 2021.12.04"
002640,2021,12,04,2021-12-04,s1,NEW | JELLYSTRAWS | 60 | 미니사이 | 50겔 | 천연 | -1个早780g | 2021.12.04
002641,NONE,05,01,NONE-05-01,s2,"영양정보 | 200g/100g625kcal | 16.2mg5%5.1g9% | LINDOR, | created by | the Lindt Master | INORhas! | Chocolatiers. | sion and love | for chocolate | since1845. | Mge  | LINDT & SPRUNGLLSpA | LINDT SUSTAINA-BIEI | www.Iindt-com | 31102021 | 57000 | 코코아버터, 코코아매스,전지분유,헤이즐넷, 탈지분유,유당,무수유지방,레시틴 | 맥아추출물,합성향료우유, 대두 함유·유통기한제품 뒷면의표시일까지 | (일월년순)·보관방법:직사광선을 피하고건냉한 장소에보관·반품 및 교환 | 종이 | Tel080-023-5181 | 내장 | 비yR-OTHER | 비닐류-pp | 85mg4%量44.3g14%40g40% | 2.3g9%48g89%g35g233% | detd | HIGHLY MELTABLE. KEEP COOL | QUALITY GUARANTEE | CHOCOLADEFABRIKEN LINDT & SPRONGLIAG | KILCHBERG / SWITZERLAND | MANUFACTURED IN ITALY BY: | IT-21056INDUNOOLONA（VA) | COCOA"
002642,2021,10,31,2021-10-31,s1,ge | 557000 | 31 10 2021
002643,2032,06,09,2032-06-09,up2x,"ate ICeuvorturel.Ingredients:cocoa | (D) Zartbitter Schokolade WMuvertirel. | Nährwerte/Nutritional value a1oo g | Zucker. Kakaasutter, Emulgatar: Leci | 95 | Brennwert/Energy | 2190kJ/526kcal | Kakao: 55Thmindestens. Kann Bestandte | 32,6.9 | Fett /Fat | Milch und Guten enthalten. Kuhl und t | dav.gesattigte Fettsauren/Saturated Fat 20,5g | Mindestens halthar bis Ende: Siehe | 46,8g | Kuvertiresthmelzenundtemperieren | Chocolare | Kohlenhydrate /Carbohydrates | 41,99 | und im Wassertad bel schwarher Hit | H& CO.KG | davon Zucker/from sugar | achten, dass moglichst kein Wasser in | Germany | Eiweiss/Protein | 6,39 | einen schonen Glana:ala der Kuvertu | kolade.de | Salz / Salt | 0,01g | bei schwaciher Hitae unter Rihren | tweight: | Kuverture durch Unterruhren des l | abkuhlen.lassen.Dann die Kuver | 11.2022L10452 : | leichtaufetwa30-32°Cerwamen"
002644,NONE,NONE,NONE,NONE,fail,"95 | Brennwert/Energy 2190kJ/526kcal | davgsatieFettsurenaturatedFa | H& CO.KG | Kohlenhydrate / Carbohydrates | davon Zucker /from sugar | 41.99 | Eiweiss/Protein | 6.39 | tweight: | Salz/ Salt | 0,01gbei schwacher H | 11.2822L10452 | Leicht aufeha 30-32Cenwan | Nahrwerte/Nutritional value 100g | Fett/Fat | 32,69 | Kakas: | 46,89 | Germany | Kuverturesc | kolade.de | und im Wasserbad | x | achten, dass m | einen schicen Glanz:2 | Htce | OE | Kuvertire durch Unterrutren | Dann die | veight: | &CO. KG | 99 | 4084 | 3032 | Salz/ Salt | Eiweiss /Protein | Fett/Fat | Nahrwerte/ Nutritional value100g | 11.2822L10452 | . | 0,01g | 6.39 | bei sche | A5tEOS | 6100 | 8'97 | 67 | 0 | E | 0 | ap'apel | e75017778711 | 30 | 610'0 | ne/zie | 0 | 6E'9 | ∞ | ep'apepos | 6612 | 6897 | 6928 | caa/. | G6 | 18202 | /8240) | 95 | Nahrwerte/Nutritional value100g | Brennwert/Energy2190kJ/526kcal | day.gesttigteFesurenSaturatedFat20 | Fett/Fat | 32,6g | Croteite | H& Co. KG | Kohlenhydrate/Carbohydrates46.8g | Germany | davon Zucker /from sugar | 41.99 | kolade.de | Eiweiss/Protein | und im Wassertad | weight: | 6.39 | achten, dass m | Salz/Salt | einenschien Ganz:2lade k | 0,01gbei schwacherHitze unter Ru | 11.282 L10452 a | Kuvertire durch Ueterrunren | n.lassen.Dann de | Lleichtaf332°e | ICoprtsrel.Iepred | Nahrwerte/Nutritional value100g | 95 | OlZartemar Scikotate | Brennwert/Energy 2190kJ/526kcal | Zucker, Halkantutter,Ermal | Fett /Fat | Kakao: 55%m | 32,69 | Mich und Cen enthalen Koh | Esters. Kann Be | dav.gesattigteFettsauren/SaturatedFat20 | Mindestens halbar bis Ende: | H&CO.KG | Kohlenhydrate/Carbohydrates46.8g | davon Zucker/from sugar | Kuvertireschmelaenunt tam | Germany | 41,99 | und im Wassertbad bi sth | kolade.de | Eiweiss/Protein | 6.39 | achten, dass migichst kein Wa | tweight: | Salz/Salt | einenschinen Glanz:2/3 dar Ku | 0,01g | bei scheacher Hitze unter Ri | AADE | Kuvertire turch Ucterruhren | 11.2822L10452 | abkislen-lassen, Oann die | leichtaufehaa30-32Cerwa"
002645,2021,12,14,2021-12-14,s2,"류 | 보관방법:직사광선을 피해 건조 | 영양정보 | 8270g | 하고 서늘한 곳에 보관 하십시오. | 100g435kcal | 377 | 본 제품은 땅콩, 복숭아, 호두를 | 100gg | 1일 영양성분 | 기준치에대한 비율 | yal Family Food Co., LTD | 사용한 제품과 같은 제조시설에서 | L三喜160mg | 제조하고 있습니다. | 8% | 품별도 표시일까지(년/월/일 순) | 본 제품은 공정거래위원회 고시 | 탄수화물67g | 21% | 인애플 밀가루,설탕,맥아당,동아 | 소비자분쟁해결기준에 의거 교환 | 당류 27g | 27% | 가린[잠유,정제소금,대두레시틴, | 또는 환불받을 수 있습니다 | 지방17g | 31% | 합제제(에스테르화팜유,합성향료), | 부정·불량 식품 신고는 국번 없이 | 트랜스지방 | 0g | 색료(β-카로틴)],버터,계란, 전지 | 반품 및 교환장소:구입처 및 수입원 | 포화지방 | 10g | 분유,합성향료(파인애플향),정제 | 67% | 소금, 착색료(β-카로틴) | ·개봉후가급적빨리섭취하시기 | 콜레스테롤 | 45 mg | 15 % | 바랍니다. | 단백질 3g | 길,대두,우유,계란 함유 | 5% | SSG.COM | %000ca | 폴리프로필렌(내면) | EXPIRYDHTE 2021.12.14 | 0023805678 | 1399 | 기준이므로 개인의 필요 열량에 따라 다를 수 있습니다 | 21000000976198"
002646,2021,12,14,2021-12-14,s2,"영양정보 | 100g5435kcal | 하고 서늘한 곳에 보관 하십시오. | 100g5 | 본제품은영,복송아호두를 | 4三器160mg | 堂377含个） | 사용한 제품과 같은 제조시설에서 | 탄수화물 | 27% | 품 빌도 표시일까지(년/월/일 순) | 178 | 인애플.밀가루,설탕,맥아당,동아. | 가린(참유.정제소금,대두레시틴. | 또는 환를 받을 수 있습니다. | 부정 불량 식품 신고는 국번 없이 | 반품 및 교환장소구입처 및 수입원 | 15% | 색료(β-카로틴)],버터,계란,전지 | 근유.합성향료(파인애플향),정제 | 개통 후 가급적 물리섭취하시기 | 소금, 착색료(β-카로탄) | I대두,우유.계란 함유 | SSG.COM | EXPIRY D9TE2021.12.14 | 表48#370 | 보관방법:직사광선을 피해 건조 | 1일영양성 | 기준치에대한 비를 | 02)380-5678 | 8% | 678 | 21% | pyal Family Food Co.LTD | 제조하고 있습니다 | 본 제품은 공정거래위원회 고시 | 당류 | 27 g | 소비자분쟁해결기준에 의거 교환 | 31% | 트랜스지방 | 0g | 포화지방 | 10g | 67% | 합제제(에스테르화팔유,합성향료), | 1399 | 콜레스테롤 | 45 mg | 단백질 | 38 | 5% | 바랍니다 | 071020001 | 폴리프로필렌(내인)"
002647,2022,01,24,2022-01-24,s1,0.45% | 2022.01.244N | 2%14g | 26% | 안전관리인증 | 트랜스지방0g | HACCP | 비닐류 | 포화지방8g | 2%단백질3g | SSG.COM | OTHER
002648,2022,01,24,2022-01-24,s1,05 | 2022.01.242N | 2%4 | HACCP | SSG.COM | OTHER | 2
002649,2021,07,01,2021-07-01,s1,CHOCOCHIP BROWNI | BBE 01.07.2021 | LO07-242009:18 | COOKIE 초코칩 브라우니 쿠키
002650,2021,07,01,2021-07-01,clahe,CHOCOCHIP BROWN | COOKE 초코칩 브라우니 쿠 | BBE 01 07 2021 | LO72420 0818
002651,2021,08,18,2021-08-18,s1,이미지사진 | 2021.08.18
002652,2021,08,18,2021-08-18,s1,ajita | 2021.08.18
002653,2025,11,30,2025-11-30,s1,GTIN:00846566660261 | 2020-12-08 | 846566660261 | 31438992 | 2025-11-30 | LOT | ZEXP | Batch code | Date of manufacture | Use-by date | VER: 01 | 30003468 | safe andproper use of this product. | NIGHT&DAY AQUA | AIR OPT | 26134-2099USA | contact | U.S. Pat.: www.alconpatents.com | lenses | 나TX | (lotrafilcon A) | Soft Contact Lenses | MD | LFA140
002654,2025,11,30,2025-11-30,s1,2020-12-08 | 846566660261 | 31438992 | 2025-11-30 | VER: 01 | 30003468 | EXP | NIGHTS-DAY AQUA | US. Pat:wwalconp | AIR OPT | u | S (9 SN3NSU | g tinted softcontatlens76% | ing1%Coply | (lotrafilcon A) | Soft Comta Lenses
002655,2021,03,25,2021-03-25,up2x,21.03.25퀘지0A6b | MPRQ | 장·케·어 프로젝트 | IIV야쿠르트
002656,2021,03,25,2021-03-25,clahe,21.03.25#N0A6b | MPRO | 장-케어프로젝트
002657,2021,07,01,2021-07-01,s1,DIEUORELLE | Prgva la nuo | ricetta Dietore | L'unicit di Dietorelle | RICCHE DI SUCCHI DI | SOLO AROMI NATL | in una gamma ricca! | SENZA COLORANTI AF | Morbide | La Stevia | America.usu | Gommose | calorle e ha | Volte mag | Scoprii | www. | DUREeRIPIENE | Gelées | 955kJ/229kcal | PER LAMBIENTE | di cui: acidi grassi saturi | 94g | di cui: zuccheri | 09 | 70ge | 93 g | 09 | 09 | L19173A | 01/07/21 | 800-239185
002658,2021,07,01,2021-07-01,s1,wELLE | Lunicità di Dietorelle | ricetta Diet | in una gamma ricca! | RICCHE DI SUCCH | Morbide | Gommose | DUREeRIPIENE | Gelees | 7oge | L19173A | 01/07/21
002659,2022,06,11,2022-06-11,s1,"·제표명: 전자렌지용 팝콘 | ARDENG | mini | ·제 조 원: CONAGRA BRANDS, NC. | （(）031-947888 | 16723 | ·유통기한:아래표기일까지 | ·원료명:립콘 옥수수(74%)광오일(팜오일,구연산, | 티셔리부틸히드로취논(산화방지제), | 정제소금,천연형료(버터형) 안나토색소. | 우유함유 | 78g(2.750oz)3(99Kcal) | ·포장재질:종이재 | 폴리프로릴렌(내포장) | ·보존기준:실은 보관 | 011399 | 팝콘조리법 | 열려 있는 부분을 대각선으로 당기시면 손업게 봉지가 | 8809159350118 | 유통기한(Y/M/D): | 2022.06.11까지"
002660,2022,06,11,2022-06-11,s1,min | 2022.06.11까지
002661,2021,01,11,2021-01-11,s1,eEat | Real | 유상과자 포장제질 리프로필련 | 용의별도기일까지 | 장소구업처및수입원 | 시설에서 | Possibles ces de s | 特质面包（含做椎油077% | gg | （%.7)，蒸麦纤维。可能有 | 수 있니다 | %12)0n | PROD: 2021-01-11 | ynsm eferentente antes det: | s hbar bis | BRODPINDE (MED OLNENLEL |  e oarheldsdatum | Ingredienser: hvedeme | aeret soie | Atención al consumidor: | Customer service: | indeholde spore afsesam | neto/Net weight: | 50e(1.760
002662,2022,01,11,2022-01-11,s2,"Eat, | Rea | PROD: 2021-01-11 | EXP: 2022-01-11 | te antec cec | hamtar Dae | unstom | nckon at consumidor! | o720238queyaquey | service: | mo teto: I het weilght | wehe / Nto Gewicht"
002663,2021,08,18,2021-08-18,s1,"galletas_quely | Atención al consumidor: | Customer service: | a cool, dryplace. Protect from | ht and strong odours. | Neto: /Pes Net: | weight: /Nettogewicht: | 0ge(1.76oz) | (%24) | Gi | 60 | .(%0,8) | RMACION NUTRR | lores medios por | RITIONAL INFOR | pical values per1 | 5 | etico/Energy | 2 | adas/Poyunsaturates | Carbono/Carbhrate | taria / Fibre | umir preferentementl | nir preferentment all | festens haltbar bis | PROD: 2020-08-18 | EXP: 2021-08-18"
002664,2021,08,18,2021-08-18,s1,woight:/Nettogewicht: | 0ge(1.76oz) | PROD: 2020-08-18 | EXP: 2021-08-18
002665,2021,03,26,2021-03-26,s1,Fibre/Fibres/Ballsstoe/Vezels/Fibre | 3.1 | ein/Pines/ei/ ien/Proteine/ | 3.1 | Salt/ Sel/ Salz /Zout / Sodio/ | 1.0 | L20086 | 26 MAR 2021 | YLE19HN UK
002666,2021,03,26,2021-03-26,s1,toff/Vezk/bre | Protein/Protéines/EiweiB/ Ewiten / Proteine/ | 3.1 | Salt /Sel/ Salz / Zout / Sodio /z | 3.1 | 1.0 | L20086 | 26 MAR 2021 | ported ingredients br | Tel:+44(0)1162340246/
002667,2021,09,09,2021-09-09,s1,"le, 3,5%tranebar | (ammonium bikarbo- | eholde spor af SoJA | og NODDER. Opbeares tart g kaligt. | 09/09/2021 | L.20-371"
002668,2021,09,09,2021-09-09,s1,09/09/2021 | L.20-371
002669,2022,04,18,2022-04-18,s1,Slowly Snfused | 10g11g10 | 1O STICKS | 0통기한 | 2022.04.18 | 02933404 | 11:10
002670,2023,04,30,2023-04-30,s1,BBD:30-04-2023 | L.20.19-23.1
002671,2021,04,05,2021-04-05,s1,"연출된 이미지 | 제품명 초코블랑 | 식품유형 빵류 | SPC | SAMLIP | 제품교환장소 유통전문판매원 및 구입처 | ],정제소금,합성향료 | 알류(달갈),우유,대두,밀함유 | 080-739-8572（） | www.spcsamlip.co.kr | 유통기한 | 2021.04.05 까지 | 8801068388787"
002672,2021,04,05,2021-04-05,s1,"제품명 초코블랑 | 식품유형 방류 | 제품교한장소 유통전문판매원 및구입지 | 1.정재초금,한성향료 | 080-739-8572（早） | 알류(달갈), 우유, 대두, 일 함유 | 2021.04.05까지"
002673,2021,04,25,2021-04-25,s1,2021.04.25 | 유통기한 | 까지 | 비닐류 | 영양정보
002674,2021,04,25,2021-04-25,s1,2021.04.25 | 유통기한 | 영양정보
002675,2021,03,23,2021-03-23,s1,PEACOCK | Mamolo | 마올로 | vita. | Diliziosa | 메이플 푸딩 | MAPLE PUDDING | 90g25% | 2021.03.23 | ·이미지사진
002676,2021,03,23,2021-03-23,s1,PEACOCK | Mamolo | La vita Dilizisa | 메이플 푸딩 | MAPLE PUDDING | 90gx25% | 2021.03.23 | 이미지사진
002677,2021,08,04,2021-08-04,s1,팽개 원 천 과일 | 2021.08.0410 | 11:18
002678,2021,08,04,2021-08-04,s1,2021.08.04까지 | 11:18
002679,2021,07,17,2021-07-17,s1,Sweetjelly | 스위트앤젤 파 | 오뚜기 | HACCP | Sweet | OTHER | 리드지:OTHER | 스티커:PP | 2021.07.17까지 | 90 g(70 kcal) | 파인애플 7%
002680,2021,10,29,2021-10-29,s1,Sin·sem | colorantes·corantes | conservantes | gluten·glüten | lactosa·lactose | Pom'bel | Consumir preferentemente antes del: | la fruta de cuchara | Consumir de preferéncia antes de: | 29/10/2021 08: 58 U07 | manzanay | platano | Conservar en frio (0-10°C) | Conservar no frio (0-10°C) | macá ebanana
002681,2021,09,10,2021-09-10,s1,"3By 10/09/21 | 캡리포니아뭔스터 슬라이스 처즈(냉장제품) | CALFORNIA MUENSTER SICES CHESE | 영양정보 | 1011219:47 | （72c15） | 226g350Kcal) | 031 | 경기도 용인시 처인구 모 | 유통한 | 우유치즈럴처정제소금 | 소(렌넷),안나색소 | 우유함유 |  2 | 저일도플리어릴렌 | 개불 가적 리드시고 남은치즈는 | 잘못보관하면 공광이가 생길수있으니원전 | 보관방법 | 밀봉하여 가급적 냉동보관 하시길 바랍니다. | 샌드위치,버거를 등에 적링사용 | 반등일교처수입원및구입처 | ※본제품은공정래위원회고시W지부제결 | 기준에의거교황보상받으실수 있습니다."
002682,2021,09,10,2021-09-10,s1,3By 10/09/21 | 1011219:47 | 은  | 42E01399
002683,2021,12,03,2021-12-03,s1,80' | BEST BY: 03/12/2021 | CAL:141/160 | LOT:SIV1/19/1
002684,2021,12,03,2021-12-03,s1,BEST BY 03/12/2021 | CAL:141/160 | LOT:S/V1/19/1
002685,2021,07,28,2021-07-28,s1,"TINE FLOTEMYSOST | 130 g | FLOTEMYSOST,26%fett | BEST FOR: | Pakket i beskyttende atmosfaere | 28.07.2021 | M106 | KJOLEVAREO°C-4°C | L.150:3:44:41 | TINE | 80035999 | 1038010029646 | Pb.7,0901Oslo"
002686,2021,11,05,2021-11-05,s1,No Brand' | 브랜드가 아니다.소비자다 | 2021.11.05 | 꿀단호박죽 | SWEET PUMPKIN | RICE PORRIDGE | 이미지사진 | 250g(165kcal)() | 3%0.5%
002687,2021,02,02,2021-02-02,s1,"2021.02.02 | 21:062 | 청정수원지캠페인1탄 | 임진강주상절리 | ""열천 방문의 해"
002688,2021,06,11,2021-06-11,s1,"(GB) Morzarellaslces, 40% | 품명 | 모짜렐라 슬라이스치즈[냉장제품] | Per 100g Persice | 식품유형 | 721 | 1용량 | 150g（窖453kcal） | ·제품은 소비자분정해결기준에의거교한이상 | ：1899-300） | 포장재질폴리프로필렌 | 269（） | OTHER | 후면 하단별도표기 [읽는법:일.월.년순] | 영양정보 | 후면 하단별도표기일까지 [읽는법: 일.월.년순] | 총내용량 | 100g | 4-4872mg24%25 | Selangor, Malaysia. Philippin | Unenholt Philines Inc,Unit | Net weight: | 150ge | Avene Coe 2nd Stret, Bokio | Global City,Taguig City,Phiipp | Singapore: KSH Marketing Se | Singapore 619491. | 11.09.2020 | 11.06.2021 | 20345540 | Production date/BEST BEFORE /Lo1"
002689,2021,03,15,2021-03-15,s1,2021.03.15 | 10:484内 | 상하 | 0 | ORGAN | 유기동
002690,2018,11,03,2018-11-03,s1,03.11 18:00 | Hav'eat | 유기농 | MIL | 기능
002691,2021,03,10,2021-03-10,s1,"의거 교환 및 보상받으실수 있습니 | 6%.케이소스물였혼합간장지대두-외국산 | 미국산,중국신)코츠가루(중국선)설당,마늘 L-글루탐산나트향이 | 매운 | 닭고기, 대두,밀 함유 | 홍합고등어게이신류를사용한 제과 같은 제조설에서 조하고 있습니다. |  사용 제움으로 아 을이 동하수있으다 심하고 드싶오 | 춘천식닭갈비구이 | 1.25%242%） | 냉장 | 210)（）/1kg | 유통기한:2021.03.10"
002692,2021,03,10,2021-03-10,s1,춘천식닭갈비구이 | 210|1g | 순e | 유통기한:2021.03.10
002693,2021,04,19,2021-04-19,s1,202104.19 A | 4이인재 | ASY | CUT | PIG | IN | THE | GARDEN | SALAD for MEAL | 포켓 | 그레이프발사믹 | 드레싱 | 적포도가 더해져 | 향긋함이 살아있는 | 발사믹 드레싱 | 지A
002694,2021,04,19,2021-04-19,s1,202104.19 A | D인재 | ASYE | PIG | IN | THE | GARDEN | 포켓 | 그레이프발사믹 | 드레싱 | 발사미 드레싱
002695,2022,01,14,2022-01-14,s1,"컨피던트 | 국순산양유아식 | 개봉후에는 지퍼부분을잘맞춘 후단이 | 아이애냇베방 | 핑거요지드 | 맛있는 유균 과자 핑거 요거 | 요거트가그대로~ | UF자! | 입안에서사르르~떠먹는 | 를과자로 | 살아있는 20억 유산균! | 국내제조~안심 먹거리! | 2022.01.14까지 | HACCP | 영양정보 | 제품명 핑거요트기 | 식품유형 과재 1g당유신균 1억이상 | :을  | 제조원 | 24-2 | 나트륨 28mng | 巴全贴冒179 | 아넷수/충청북도주시 대소원면 메기물리스3로 8 | 당류13g | 유동기한 별 | 人培20g.80kcal | 도록주주 | 지방0.4g | 원재료명 | 9 | 주지  | 트랜스지방09 | 탈지분유(미국산),유크림,유청단백분말,혼협제절라터, | 후억이 | 0.2g | 레스테를2.4mg | 단백질 29 | 달영유장분말,네널드션티미오전분대국산 남,구연 | 20 | 1.160%， | 유유함유 | 용기포장재질 | 플리에틸린내면 | 품목보고번호 | 201403866713 | 아이H/"
002696,2021,07,23,2021-07-23,s1,"⑤  니다. | ②제을 려서제거니다. | ⑥을정도인니다 | ⑤그 아  | 영양정보 | 1g0만 | 02g | 유통기한 | 트랜스지방0g | 포화지방 | 0g | 콜레스테롤Omg | 주사항·개봉후에는가인한빨리드십시오·먹이다남긴제품은변질의 | 4179 | 우리가있으나다시먹이지마심시오·가열후에는내용물이뜨거우니체온정도로 | *식품이력추적관리번호: | 进（880112176781) | 안전관리인증 | 비닐류 | +유통기한 | HACCP | 이력추적 | ""www.tod.go.kr'o서 | 식품이력추적관리번호를 | 입력하시연 시품의 정보를 | OTHER | 확인하실 수 있습니다. | 캡:PP | 2021.07.23 | 12:40E5 | 매일유업(주) | 1588-15 | www.maeil.co"
002697,2021,06,06,2021-06-06,s1,"아이애넷베베 | 빠고구마와바나나 | 영양정보 | 120kcal | 0g0%1g2% | 유통기한: | 2021.06.06 | 까지 | 아이애냇(주) | www.ivenet.co.kr | 8""809360922401"
002698,2021,11,29,2021-11-29,s1,"H오리지널 | [싱가권석 | 어린이를 위한 | 건강한 단백질 영양간식! | 무항생제 우리 돼지 한돈! | 지방이 적은 뒷다리살을 사용해 | 부드럽고 담백한 육질! | 고기를 곱게 갈아,저온숙성과 | 참숫 훈연의 전통 건조 방식 | 간장과 올리고당으로 순한 양념 | 1입진공 개별 포장,어린이가잡고 | 먹기 편한 사이즈로 하나씩 쏙쏙! | ※ 개별스틱의 모양은 일정하지 않을 수 있습니다. | 2021.11.29까지"
002699,2021,08,23,2021-08-23,s1,김과자 | 기름에 | 튀기지않은 | Seaweed Snack | 네 번 구워 더욱 고소하고 맛있는 | 참께 | 우리아이 영양간식 | 국산김참매 | 매A배합 | 이미지사진 | DHA 15 mg | 2021.08.23 | 20 glika | /총 내용량 당 | 봄은참께4%
002700,2021,08,23,2021-08-23,s1,김광자 | 냥냥 | 기름에 | 흰기지 않은 | Seauweed Snack | 네 번 구워 더욱 고소하고 맛있는 | 우리아이 영양간식 | 참께 | 국산김참 | DHA | DHA 15 mg | 2021.08.23 | /총내용량당 | 20 glskal | 44372%
002701,2022,12,16,2022-12-16,s1,후생 | 성시 | 지장필간경 | 포장재 | 섭취 | 시기바랍니다 | t..홈페o지:www.koreaeun | 영양·기능정보 | 11（670g） | 성지질 개선·혈행 개선에 | 도움을 | 출수 | 제조번호 | 2100054 | 유통기한 | 2022.12.16 | 까지
002702,2022,12,16,2022-12-16,s1,과품시관을방유을취에합제간 | 제와 | 판십 | 체 | 인중한 | 질취 | 접공 | 전 | 분섭재용혹우하 | 알 | 취 | …홈페이지 | www.koreaeun | 영양·기능정보 | 080-277-0006 | (0 %).당 | 섭취활 당항량:열립 7K | ：12号：1金（670mg） | 1577-2488 | 탄수화들0 | 성지칠 개선혈행 개선에 로움을 | 제조번호 | 혈중 | 2100054 | 출수 | 유통기한 | 2022.12.16 | 까지
002703,2022,10,29,2022-10-29,s1,"추파 | 0.1%행위 | 것산,사과산구연산합성형료(딸기형)비 | 오렌지맛 | 체리,파인애플,오렌지레은 복승아 | FRUIE | 라즈베리나블루베리수박,키위 | 0.1%함유 | 사과산,구연산,합성향료(오렌지항)파 | 설탕,포도당시럽,혼합과일퓨레(사과, | 척루츠 | 체리,파인에플오렌지레몬,복숭이 | 2%함유 | 라즈베리 바니나,블루베리수박 | 젖산,사과산,구연산,합성향료(사과항 | 실탕,포도당시럽,혼합과일퓨레(사 | 포도향 | 체리, 파인애플 오렌지,레몬,복스 | 딸기맛 | 오렌지맛 | 사과맛 | 라즈베리,바나나,블루베리 수박키 | 02%함유) | 사과산,구연산,합성향료(포도향) | 복승아 함유 | 상실내포장연,먹따플리프로런 | 이제품은우유를사용제가같은제조시설에서제 | 본제품은 소비자기본법에의거교큰 환불해드립니다. | 주농심담구입 | PERFETI | 식품신고는국번보상주의사하고조 | 노관하십시오·사당제심글경우질식또 식도수상의 | 있니구이하여주시오막로다칠우려가있으 | 영양정보 | 2022/10/29 | 총 내용량 | 영양정도 | 2A444 | 号5mg0%日个时量1189"
002704,2022,10,02,2022-10-02,s1,뿔스 | FaRUIn | 더루츠 | 영양정보 | 2022/10/2 | 2A444
002705,2021,12,07,2021-12-07,s1,07-12-21 17:51 10 | 620 | 699
002706,2021,12,07,2021-12-07,s1, A | 07-12-21 17:51 10
002707,NONE,NONE,NONE,NONE,fail,"100 | 곤향, | Skittles | 유통기한 아래 첫 6자리 숫장 | BEST BEFORE: (DD/MM/YY) | 0000 | Lemon | 5 | …” | （002000 | BEST BEFORE: (DD/MM/YY) | 유통기한: 아래 첫 6자리 숫자 | Skittles | udo | S일스드 | 90 | 500/居00/层00号店） | 향 | 그일스럼드 | 600/居00/高00混号后） | 90 | ‘몰 | 곤향, | , | Skittles | emoh | Be Favo | 유통기한:아래 첫 6자리 숫자 | BEST BEFORE: (DD/MM/YY) | （：000005 | , | 곤향, | , | Skittles | 봉 | Flavo | Lemon | Flavol | GRape | Flavoue | 9WbeR | Flavoue | 유통기한:아래 첫 6자리 숫자 | BEST BEFORE: (DD/MM/YY) | 00000"
002708,NONE,NONE,NONE,NONE,fail,"Skittles | 유통기한 아래 첫 6자의 숫자 | 향. | R | BEST BEFORE: (DD/MMYY) | （号：002/002/00） | （：00）/002/00） | Skittles | x9o1 | 质00/600景） | 경일벌스클드을 | 00/层00/600遇亏语） | B | 1 | Skittles | 유통기한 아래 첫 6자의 숫재 | BEST BEFORE (DD/MM/YY) | （8：002）/002/00） | 로ASRR2 | 향, | Skittles | grmon | GRape | FlavouR | 유통기한 아래 첫 6자의 숫표 | BEST BEFORE: (DD/MM/YY) | （元：009/002/00） | B9SSR"
002709,2021,10,28,2021-10-28,s1,새콤다콩 | PART | 비타민C학육모음 | 7Strawberry-딸기 | N | 새콤닫큼 | Grape-포도 | 새금다코 | 비타민C | Lemonade-레모네이s | GolGO! | Go!Gn | 새겨대콜 | 새금닫 | 비타민C함유모음 | 21.10.28 | cal29gX47HEIC40mg/100g
002710,2021,10,28,2021-10-28,s1,H콤달콤 | 비티민C학유모음 | stsawberry- | 새콤닫콤 | 새콤달콤 | emonade-레모네이s | 새콤닫트 | 새콤콤 | gx47Wgl.HIC40mg/100g | 비타민C않유모음 | 21.10.28
002711,2022,01,11,2022-01-11,s1,BTTOY | OPEND | 22.01.11 | 리팝 | to | 스크류 | 주물러 | 수박 | *이미지 사진
002712,2022,01,11,2022-01-11,s1,TTO | OPIEND | 22.01.11 | 클리팝 | 주물러
002713,2021,10,22,2021-10-22,s2,게이플미니쿠ㅋ | 150g（720kcal | 0.83%）0.64%） | EXPIRE DATE: 22/10/2021 12:15
002714,2021,10,22,2021-10-22,s2,게이플 미니쿠ㅋ | 0人0.83%，豆（0）0.64%（0元 | EXPIRE DATE:22/10/2021 12:15
002715,2021,12,15,2021-12-15,s1,공구젤리 | 80g(256kcal) | 포장재질폴리에틸렌 | 4D | 원료및 | 카p바와스 | Gummy | 돼지고기함유 | 동로로 | COLTD | 지글로벌코리아 | TOLS | 수입원 | 0-4264-7755) | 교환장소수입원및 판매처 | 1399 | 홍콩대루 복승아 토맞토를 | 같은 제조시설에서제조 | 80g | 당 | 기준치에대한 비을 | 0% | 58 g | 18% | 41% | 스지방09 | 빵0g | 0% | mg | 0% | 1936756228471 | 11% | （%）号20kcal0 | MADE IN CHINA | 따라 다를수 있습니다. | Best Before: | 2021/12/15
002716,2021,12,15,2021-12-15,s1,4D | DOELICIOUS | Gummy | TOOLS | 용3 | 193675622847 | f | Best Before: | 2021/12/15
002717,NONE,NONE,NONE,NONE,fail,버거모양 | SNAR FARM | ORGER | K | 제조 | 영양정보 | 탄수물 63g | 총 내용량 80g | 플라스틱PP | 270 kcal | H | 20mg | 19% | 38% | 0 | ORGER | SNAR FARM | 270kcal | 총 내용량 80g | 영양정보 | 품유형 | 내용량 | 제품명 | 캔드 | 809 | 버거모 | -08 | SNRNARNN | 00 | %8E | dd | SRNREAN | 버거모양 | 풀 | SNAR FARM | 용 | 품유형 | H | ORGER | 210 | 영양정보 | 0m | 탄수물 63g | 19% | 총내용량 80g | 38% | 나스틱Pe | 270 kcal | 제품명 | 스남 버거모양 | SNAK FARM | I용량 | 80g(279 | 영양a | 캔디 | 품유형 | ORGER | 총내용량10g | 셈 | 당류 | 원재/ | 소정 | 원 | 유 | 제조 | 주 | 수입파매의 | 빙 | 회원 포장재 | 반품및교환! | * 현품의 사진은 연출된 이미지 입너 | 1%트랜스 | 나드륨20mg | 영양정보 | 19%포화지 | 탄수회물 63g | 38% | 콜레스 | 총 내용량 80g | 가플라스틱PP | 당류E89 | 270kcal | 09 | 지방00
002718,2022,02,23,2022-02-23,s1,IMPERIAT | EXP 23.02.2022
002719,2026,01,09,2026-01-09,s1,"2026,01.09 | 식품의 유형 | 천일염 | 업소명 및 | ·제조원:(주가원/경기도김포 | 소재지 | ·유통전문판매원:데쇼핑 | 유통기한 | 후면 상단표기일까지 | 100% | 원료 및함량 | 포장재질 | 용기,라벨:폴리에널렌테레프탈레이 | 번풍 및 교환장소 | 구입처 및 판매원 | ·직사광선과습기를피하이 | ·소금은 흡습성이 있기때 | 있으나 품질에는 이상이 | ·개벌에서 채염되어 검은 | 에는 이상이 없습니다 | ! | ·본제품은 공정거래위원 | 주의사항 | 의거 교환 또는 보상 받을 | ·본제품은 난류우유메 | 고기,복숭아 토마토,오장 | 제조시설에서 제조하고 있 | ·부정·불량식품 신고는"
002720,2026,01,09,2026-01-09,s1,"2026,01.09 | 의 유형 | 천일염 | 업소명및 | ·제조원:가원/경기도김포 | ·유통전문판매원:대소팅 | 유통기한 | 후면 상단표기일까지 | （100% | 용기 라텔:몰리에센터레트틸레이 | 구입치 및 만매원 | ·직사광선과 습기를 피하 | 소 이 일기 | 있이나 품질에는 이상이 | 에서채임도어김은 | 에는 이상이 입니다. | ·부청 불광식품 신고는"
002721,2022,12,30,2022-12-30,s1,"2022,12,30 | 식품의 유형 가공소금 | 원재료명 | 구운소금(국산/전일역 | 및향량 | 로즈메리분말모로코스 | (원산지) | L-글루탐산나트륨항미중진 | 제조원 | (주)가원경기도김표 | 유통전문판매원 | 롯데쇼핑(주)서울특 | 유통기한 | 후면 상단표기일 | 포장재질 | (용기)폴리에틸렌터 | 품목보고번호 | 2016036279920 | 취급,보관시주의사항 | -직사광선과 습기를 피하여 상온에 | -소금은 흡승성이 있기 때문에 굳에 | 이상이 없습니다. | 본 제품은 새우를 사용한 제품과 같은 | 보관방법 직사광선을 피하고서늘 | 반품 및 교환장소:구입처 및 제조원 | 본 제품은 공정거래위원회 고시 소바 | 받을 수 있습니다. | 이일:choicel@lotte.com"
002722,2022,12,30,2022-12-30,s1,"2022.12.30 | 식품의 유형 | 가공소금 | 원재료명 | 구운소금국산천일업 | 및함량 | (원산지) | 로즈메리분일모로고 | (주가원 경기도감 | 유통전문판매원 롯데쇼핑주)서울 | 유통기한 후면 상단표기업 | 포장재질(용기)폴리에릴렌 | 2016036279920 | 취급,보관시 주의사항 | -직사광선과 습기를 피하여 상은에 | -소금은 승성이 있기 때문에 늘이 | oao 없습니다. | 본은 세사용한 제품과 길 |  고 | 반V교환장소:구입처및 제조 | 본재용은 공정거래위원회 고시소비 | 早话：名生话20101 138"
002723,NONE,08,02,NONE-08-02,rot90,917834 8-2-0424-19 1125-3 | 19/12120B12 | BEST BEFORE
002724,NONE,NONE,NONE,NONE,fail,BEST BEFORE | 1912120B12 | 9178348-2-0424-191125-3 | 9178348-2-0424-19 1125-3 | 19/12120B12 | BEST. BEFORE | APESTSL IS | BESI BEFORE | 19112120B12 | 9178848-2-0424-19 1125-3 | BEST BEFORE | 19112120-B12 | 9178348-2-0424-191125-3
002725,2021,10,28,2021-10-28,s1, 095 E 28 10 21 | 9061 | ICTTT | SUNVCME NEE | 9061 | N
002726,2017,03,22,2017-03-22,s1,L0076 | 17.03.22 | 04:55 | 10076 178322
002727,2017,03,22,2017-03-22,s1,L0076 | 17.03.22 | 04:55
002728,2021,11,04,2021-11-04,s1,"총내용량70g | 수화46. | 14%异3.22g | 285kcal | 1.33g | 3% | 14% | 11g | 1,4g | 10ge | ETHRNEYPOWDER, WITHOLVE OIL( 1) | HASCOM MEL EAZEITE 11%) | RNSPUVER, MIT OLIVENL (1%) | ERONNGPULVER, MED OLIVENOLIE (11%) | UKE HONUNGSPULVER, MED OLIVOLA (11%) | BOCE CRALEN HONING EN OLIFOLIE (11%) | BEST BEFORE | a/ Hgestelt | on/Tillverkad i | 04 NOV 2021 | 14:31 LOT 309 | SIN | GLUT"
002729,2021,11,04,2021-11-04,s1,"国全费量46.29 | 14%回弄3229 | 스지방0g | #5#7.7g | MEREIACON MEL EN POLVD CON ACEITE DE OLVA (M%) | DINOE POWDER, WTH OLVE ORL (I%) | PEETALHUE DOLNE GI) EN FORME DE SPIRALES | eolttrat a Esparya/ | eemEsoane /Prodotto | 04NOV 2021"
002730,2021,06,25,2021-06-25,s1,Choco | Mindestens haltbar bis: | Best before: | Petit | A consommer de préférence avant le: | Beurre | 25.06.2021 | assorted mini
002731,NONE,NONE,NONE,NONE,fail,"oduction laitiere. | propicen Bretagne a partir de créme | Fe maturée durant 18h, le beurre | Gall Professionnel se caractérise par | floal particuliéerement riche. | POIDS NET | suited to milk production. | NET WEIGHT | 250 g | bouquet. | A consommer de préférence avant le :/ Best before: | des notes de fruits secs et un bouquet | ur milk is collected in the Léon and Trégor region, a land that is exceptionally | Made in Bitany using fresh cream that has been matured for 18 hours, Le Gall | Professionnel butter has characteristic nutty notes and a particularly rich floral | bouquet. | Professionel butter has characterstic nutty notes and a particlarly rich floral | Made in Brittany using fresh cream that has been matured for 18 hours, Le Gall | suited to milk production. | Dur mik is collected in the Léon and Trégor region, a land that is exceptionally | floral particuliérement riche. | des notes de fruits secs et un bouquet | Gall Professionnel se caractérise par | Fe maturée durant 18h, le beurre | oduction laitiére. | A consommer de préférence avant le :/ Best before: | 1 | 250 g | NET WEIGHT | POIDS NET | POT  CCT | !프u— | npnss! | anbnoq | panbnog | POI LCCT | : | ! | A consommer de préférence avant le :/Best before: | Co  | oduction laitiere. | propicen Bretagne a partir de créme | Fe maturée durant 18h, le beurre | 18004.2021 | Gall Professionnel se caractérise par | des notes de fruits secs et un bouquet | 08：03F174 | floral particuliéerement riche. | Our milk is collected in the Léon and Trégor region, a land that is exceptionally | suited to milk production. | POIDS NET | Made in Britany using fresh cream that has been matured for 18 hours, Le Gall | NET WEIGHT | Professonnel butter has characteristic nutty notes and a particularly rich floral | 250g | bouquet. | A consommer de préférence avant le :/Best before: | Collet en pas L_on rgor nte ai | oduction laitiére. | propice Bretagne a partir de créme | Fa maturée durant 18h, le beurre | Gall Professionnel se caractérise par | des notes de fruits secs et un bouquet | floral particuliérement riche. | Dur milk is collected in the Léon and Trégor region, a land that is exceptionally | POIDS NET | suited to milk production. | NET WEIGHT | Made in Brittany using fresh cream that has been matured for 18 hours, Le Gall | 250 g | Professionnel butter has characteristic nutty notes and a particularly rich floral | bouquet."
002732,2021,12,25,2021-12-25,s1,"담미정 | L* | 통산자 | 2021,12.25 | 품목보고번 | 과자 | 20100372272963 | 150g(530kcal) | 사용한 제품과 같은 제조시설에서 제조하고 있습니다. | 밀, 콩(대두) 함유 | 영양정보"
002733,2021,12,25,2021-12-25,s1,"달미정 | 통산자 | 2021,12.25 | 일.공(대두) 함유"
002734,2022,02,04,2022-02-04,s1,2022.02.040E | 송사당 | 달콤달콤딸기향 | 개봉 | OTHER | 후빨리드세요 | 뜯는곳
002735,2022,02,04,2022-02-04,s1,2022.02.04NE | 송사탕 | 달콩달콩 딸기항 | Li | 는곳
002736,2021,04,28,2021-04-28,s2,"교환 또는 보상 받을 수 있습니다""부정·불량 식품 신고는 | 재활용어려움 | <0.10 | 26g | 200ge | 200g | 20. | % | 0247062574 | 200g690kc | 유통기한라도기(일/월년순)지포장재질 PET 덮거:PE(OTHER) | 본 제품은 공정거래위원회 고시 소비자분쟁해결기준에 의거 | 1399 | 200g/100g号345kcal | 영양정보 | L三暑800mg40%全号0g0%异0g0%大档27g50% | 1.29至16g107%量70mg23%25g45% | 200kcal0 | Emmi Raclette Classic Slices | Swiss semi-hard cheese, 47 % Fat in dry matter, from | pasteurised cow's millk. | ingredients: Made of pasteurized cow's milk, salt, | bacterial culture, rennet. | Contains milk. | per10gcontains | Energy | 1437kJ/346kcal | Fat | 27g | of wnich saturates | 16g | Carbohydrate | <0.19 | of which sugars | Protein | Salt | 2.0g | Packaged in a protective atmosphere. | Importeur: Fine F&B Service Co Ltd., 06017 Seoul/ Korea | Keep refrigerate at +4°C to +8°C. | Best before: | 28.04.2021 | CH | 2066 | L1002021551 | Articel Number. 1282849 | Product of Switzorland | Emmi Schweiz AG | CH-6002LI2em | 7610900133901 | 0080 0090 00100 | mmi.com"
002737,2021,06,12,2021-06-12,s1,and Goat Cheese | 12g80%50mg17%13g23% | BEST BEF0RE: 12.06.2021 | LOT:96210113 | NETENEIGHT: | 150g | 41228910037401 | 20
002738,2021,06,05,2021-06-05,s1,"EN: WWITE FUDGE FLAVOUR COATED PRETZELS | May also contain Peanuts, Nuts, Egg. | NL: PRETZELS OMHULD MET WITTE FUDGE | 02g | extract, rijsmiddel (natriumcarbonaten). | eevealing | BEST BEFOREITEMNSTE HONOBARTOT | 05 06 21  T10 | 05:48024 | Stor in ol end | 90ge | Once opened store innainghtcotane | 5000168215037 | Eenmal geopend,bewarenineenalgsotavepam"
002739,2021,09,26,2021-09-26,s1,같은 제조시설에서 제조하고 있습니다. | soya. mustard and celery. | 영양정보 | L三著123mg6%个婴量155g5% | HUNTER | FOODS | Manufactured Under License From | Mfg:27/09/2020 | By Hunter Foods Limited. FZCO | Exp:26/09/2021 | B.N:2727A | f그in | Made in Unired Arab Emirates | Store in a coel and dr Dtace
002740,2021,12,18,2021-12-18,s1,94.97% | 5% | 0.03% | 구운코넷집/Roasted (om | 경기도 시도 | 플리에일렌조사kedie | 보관생주의직선을한 | TEL:03196- | 본제은 공정거위고시소비 | Manufactured by : Ampol Food Processing Lt | 라 교는 보수니. | APF | BEST BEFORE | www.kingislandr | EXP 2021.12.18 A | Product of malew
002741,2021,12,18,2021-12-18,s1,EXP 2021.12.18 A | erory.bslinghelenLs
002742,2021,08,13,2021-08-13,s1,"with rich, | 식정위생법에의한한시사장 | agascar vanilla. | 제품 뒷면별도기입까지(유동기한읽는법 예시상조) | n, creating a creamy vanilla | it with tart pomegranate | e dry roasted cashews. It's a | very that was meant to be. | 0% | Incl.7gAddedSugars13% | mg | 5% | Protein 6g | Best If Used By | .Calcium15mg2% | AUG 13 2021 | URAI FLAVOR. CITRIC ACID, FRUIT AND | 02267861C09:53"
002743,2021,08,13,2021-08-13,s1,"vith rich, | ascar vanilla. | Teatinga creamy vanilla | with-tart pomegranate | dry roasted cashews. It's a | ry that was meant to be. | Incl.7gAddedSugars13% | 0% | Best If Used By | Protein 6g | AUG 13 2021 | 5% | 02267861C09:5 | Iron2mg15%·Potas.240mg6%"
002744,2021,01,10,2021-01-10,s1,41187003610049091 | KA3AXCTAHCKNI | 10.01.20 | 10.01.21 | CHDOOLATE | 100e/g | AA
002745,2024,04,06,2024-04-06,s1,(01)08699717010109 | （21)151368657 | S.K.T.:06.04.2024 | Parti No:190926
002746,2022,01,08,2022-01-08,s1,"A080892 | 표준코드 | 8806500029815 | 사용기한 | 2022.01.08 | BU2A | 제조번호 | 3ERFA4BREZ | 일련번호 | 제조자 | 전공정위탁제조(제조의뢰자) | : GLAXOSMITHKLINE | UK LIMITED, 1-3 IRON | BRIDGE ROAD, | STOCKLEY PARK WEST, | UXBRIDGE,UB111BT, | 영국 | 전공정위탁제조(제조자): | GLAXOSMITHKLINE INC, | 7333 MISSISSAUGA | ROAD NORTH, | MISSISSAUGA,ONTARIO, | L5N 6L4,HL/C"
002747,2022,01,08,2022-01-08,s1,"A080892 | 8806500029815 | 표준코드 | 2022.01.08 | 사용기한 | BU2A | 제조번호 | 3ERFA4BREZ | 일련번호 | 제조자 | BRIDGE ROAD, | 영국 | 전공정위탁제조(제조자).: | 7333 MISSISSAUGA | ROAD NORTH. | 4.캐나다"
002748,2022,11,12,2022-11-12,s1,1080-640-0088 | 제조 | (21)19B13512404 | 번호 | 19027 | 2022.11.12 | 사용 | 기한 | (01)08806980026021 | 1를 의약품과 함께 보관하십시오. | I/nedrua mfnr nn kr의‘의약품 검색'란 참조
002749,NONE,NONE,NONE,NONE,fail,"Ny-omg Tabbet | EST"" Forte | ANINOL | (01)08699502013063 | (21)145G0V1T99XY2A | （10)9LB00463 | (17)S.K.T.:12.2020 | HNINOL | (01)08699502013063 | (10) | (17) | (21)145G0V1T99XY2A | 9LB00463 | S.K.T. | ：12.2020 | ae bugi | EST"" Forte | Kgllomg Tablet | TONTINA | °1°x°S(2’) | 1age bugr | IENTINA | KyllmgTablet | NeST"" Fote | (01)08699502013063 | （21)145G0V1T99XY2A | (17)S.K.T-:12.2020 | （10）9LB00463 | esT” Forte | (01)08699502013063 | （21)145G0V1T99XY2A | (17)S.K.T.:12.2020 | （10）9LB00463"
002750,2022,06,15,2022-06-15,s1,"w1,000 | SINCE 1986 | 2022.06.15까지IE25 | HOTESPU-Y | 다볶음 | 그러아몬드 | 30GIo"
002751,2022,02,20,2022-02-20,s1,Best Before /Baik Sebelum / | MFG:21-11/2020 J231J | ExP:20/02/2022 M20159 | 95569951202871
002752,2022,01,20,2022-01-20,clahe,Malkist | Crackers | 9alkist | EXP:012022 | G. 1-207 4 | Saran Penyajian
002753,NONE,NONE,NONE,NONE,fail,Malkist | crackers | Walkist | EXP:01.2022 | G.1.207 4 | Saran Penyajan | G.1.207 4 | EXP:01.2022 | Saran Penyajian | uejlefued uees | uejefued ueues | tSMW | Malkist | crackers | Walkist | EXP:01.2022 | G.1.207 4 | Mokist | crackers | Malkist | Kod | EXP:01.2022 | G.1207 4 | Saran Penyajian
002754,2021,05,29,2021-05-29,s1,URRO DELLE ALPI | Brdzrare | dal 1784 | 알프스 MESLPRO DELEAPI) | 100ge | 지:이탈리아 | 사:BRAZZALE S.p.A. | 2142） | 우유함유 | 및 교환:구입처 및 수입원 | 0597 | 냉장제품 | 재질:종이(내면:폴리에틸렌) | 号：100g（10gx107H） | 플라스틱 | PVC | 재활용 어려움 | 의거교환 또는 보상 받을 수있습니다. | 00°C/+10℃ | L.OTTO3335 | 29/05/2021 | 09:28 | 001605 | 011653
002755,2021,05,16,2021-05-16,s1,"제소금,치즈컬쳐,렌넷,착색료(수용성안나토) | 지방89 | 15% | 5 | 트랜스지방0.5g미만 | 생장보관""냉장제품""우유 함휴 | 神奈川川崎市川崎区池上新町3-1-4 | 포화지방5g | 포시일까지 (년.월.일순) | 33% | 포장재질:폴리에틸렌 | 콜레스테롤25mg | 8% | 및수입원 | 원산지:미국 | 단백질7g | 13% | 1일영양성분기준치에대한비을(%)은 | 011399 | 2000 | 으니 냉장보관하거나 빨리 드시기 바랍니다. | 다를 수 있습니다 | 로서 패티등의 원료는 들어있지 않습니다. | BEST BY: 2021.05.16 | 643373 | ""SIMPLE, | philosppy of atural-GFoodness. We pride ourselvesin | WHOLESOME | good- | thetourrduts donot containany artificial | & NUTRITIOUS | DA | Tavorcor preservatives. | r Gchue,  | 5485870368 | yumry! | akt onaburger.stackit withyour"
002756,2021,05,16,2021-05-16,s1,"소금,지스설제 민넷직식리(수용성안나토 | 정보관""냉장제품""우유 함유 | 지방 89 | 15% | 트랜스지방0.5g미만 | [시일까지 (년.월.일순) | 포화지방 5g | 포장재질:폴리에틸렌 | 神奈川景川崎市川崎区池上新町3-1-4 | 플레스테를 25mg | 33% | 및수입원 | 8% | 원산지:미국 | 01399 | 단백질 7g | 1일 영양성분 기준치에 대한비울(%) | 일니 냉장보관하거나 클리 드시기 바랍니다. | 2.0 | 로서 패티동의 원료는 들어있지 않습니다. | BEST BY: 2021. 05.16 | 643373 | SIMPIE, | WHOLESOME |  NUTRIT | favor or preservatives. | Arlaes ice attery,sgtlyswetaada | 5485870368 | .t"
002757,2022,09,10,2022-09-10,s1,"109-227 | 별꿀(사양별꿀) | 제품명 | 사양별글 | 내용량 | 원재료명 | 사양별꿀(국산)00% | 용기-폴리에틸렌 테레프탈레이트, | 내포장재질 | 우껑 롤리프로필레 | 문의및 | 본사 및 구입처 | 교환처 | ：021597-3949 | 녹치원(주)포천공장 | 소분원 | 293 | 판매원 | 보관시 주의사항:1직사광선을 피하고 흡습되지 | 주의하여실온에보관하십시오. | (단 냉장고에 보관 | 벌끌의 | 당분의 과포화로 일어나는 | 결정화 | 끌은 따뜻한 물에 병째로 넣어 | 자연스럽게 독이면 됩니다.(단 끊이지 | 이설팅을먹고 저장하여 | 생산한 꿀·부정 | 불랑식품 | 고시 소비자분쟁해결 기준에 의거 교환 또는 보상 | 받으실 수 있습니다·만 12개월 미만의 영아에게는 | 벌끌을 섭취시키지 마십시오 | 품질유지기한 | 표기일까지) | 2022.09.10 | 뚜껑:PP | 818017671335587 | 라벨:PP | WWW.NOKCHAWON.cO.KR"
002758,2022,09,10,2022-09-10,s1,식품유형발플(사양활 | 全是心工制网109-227室 | 사양 | 내용량 | 제품명 | 원재료명 | 플리에텔렌 테레프달레이트 | 내포장재질 | 본사및 구입처 | 문의및 | 교환처 | 녹차원(주)모천공장 | 소분원 | 판매원 | 되지 | 주의하여 | 먹고 저상하여 | 고시조비창생해진 기준에 의건 | 섭취시키지 마십시오 | 품질유지기한 | 표기일까지 | 2022.09.10
002759,2021,05,12,2021-05-12,s1,Tutto | 250g (253 kcal) | Tutto | 뚜또 코코딸기 | 2021.05.12
002760,2021,05,12,2021-05-12,s1,Tutto | Tutto | 250g253ca | 뚜또코코딸기 | 6 | 2021.05.12
002761,2023,06,01,2023-06-01,s1,AKBAR | 2020/06/01 | 2023/06/01 | LOTNO:86336 | 200g/mpamm | 7.04 oz | Store in a cool dry place.
002762,2023,06,01,2023-06-01,s1,Put one AKBAR tea bag in a cup. Add Sresh boilim | 510141761000790 | Packing Date/Date d'emballage/Verpackdatum | AKBAR | 2020/06/01 | 2023/06/01 | LOT NO:86336 | Expliry Date/ Date dexpiration/Verbrauchsdatum | TepMiN 3epiran/Taew aoCaay Mep3imi | Expirs la data de/ Izgatavofanas datums | Pagaminimo da PrimeeDa prydatnosc: | Bnbaomdol goo/ | Ne Weight/Poids Net/ Neto Gewicht | 200g/mpam | Neto svars/ Neto svoris/Netokal/Waga neto | 7.04 oz | FULY AUTOMATCALLYACTEDEIQ | 3asaprBaTs 3-5MRyT | Akbar Brothers( | Store in a cool dry place.
002763,2021,11,06,2021-11-06,s1,"250ge | 80% | HIGNY DEMI-SEL | eelai pestee sel2%,fements atiques | 06-11-21 | MatG/Fat/et/ | Isignu | 311 | 250g6 | lSteMere | MILDGESAUERTE GESALZENE BUTERVOH SIGY"
002764,2021,11,06,2021-11-06,s1,DEM-SEL | 250ge | 80% | 06-11-21 | Isignu | 250g | 311 | osteMere
002765,2021,03,16,2021-03-16,s1,LHN | edled | Best before | 16.03-2021 | BJ09172701:06 | Stir well before use | Refrigerate after opening | and consume within 3 days
002766,2021,03,16,2021-03-16,up2x,INNOSOT | LHN | eed | Besl before | 16.03-2021 | 2-01106 | BU0917 | Btir well before use | Retngerate afer opening | nsdayn | and oonoure winl | Do noLfmeO
002767,2021,12,01,2021-12-01,s1,BEST BEFORE | DD MMYY | ACONSOMMER AVANT | ARNOTTS | #01/12/2021 | U0246B18:04 | TimTam | 910280987537
002768,2031,12,01,2031-12-01,s1,ARNOTTS | # 01/12/2031 | V0246B1804 | TimTam. | 910280987537
002769,2021,12,08,2021-12-08,s1,it Kelapa | ONUTBISCUIT | EXP DATE: 08.12.2021 | 1636TNG2160903F0
002770,2021,10,11,2021-10-11,s1,"DO NOT USE IFS | NIS UP | 써 드라이드토마토페스토 | 40.2%4.6%） | 좋해 별도표기일까지(읽는법: 연,월,일 순) | 402%4.6% | 2.체수넷.정제소금 그라니피타노치즈 (우유 | 우유 |  함유 | 시오 |  합하고 있습니다 |  있유수도 있습니다. | 고 서한 곳에 | 22주 안에 드세요) | 구또는 수입원 | 뚜껑:철 | 2021.10.11 | 6-129276 | LJ28417:01"
002771,2021,10,11,2021-10-11,s1,N ISUP | DO NOT USE IF | 뻔드라이드 토마토 페스토 | 뚜껑:철 | 2021.10.11 | LJ28417:01
002772,NONE,NONE,NONE,NONE,fail,COCAGNE | Siace 1906 | L130J | 601010134010 | R | POIDS NET | NETTOGEWICHT | POIDS EGOUTTE | PESO LIOUIDO | UITGELEKT GEWIGHT | NET WEIGHT | PESO ESCORRIDO | 120g | DRAINED WEIGHT | 84g | 05.2024 | NET WEIGHT | PESO L | 120g | POIDS NET | 0 | 05.2024 | 1303 | DRAINED WEIGHT | PESO ESCORRIDO | POIDS EGOUTTE | 84g | 68 | 0 | DIS | LHOIMESOLEN | 6v8 | BCCCSCLOSSLOO | LEOIMEGOLLEN | PNLE | OCAGNE | Sfarceleoo | POIES NET | NETIOGEVICHI | POIDS EGOUTLE | PESO LICUIDO | UITGELEKT GENGH | NET WEIGHT | PESO ESCORRIDO | 120g | DRAINED WEIGHT | 849 | 1601010134010 | COCAGNE | R | POIDS NET | POIDS EGOUTTE | NETTOGEVCHT | UITGELEKT GEWICHT | PESO LIQUIDO | PESO ESCORRIDO | NET WEIGHT | DRAINED WEIGHT | 120g | 849 | 05.2024 | L1307 | 601010134010
002773,NONE,NONE,NONE,NONE,fail,CAGNE | Since 1906 | NETTOGEMICHT | POIDS NET | PESO LiauiDo | NET WEIGHT | 120g | POIDS EGOUTTE | UITGELEKT GENICHT | PESO ESCORRIDO | URAINED WEIGHT | 05.2024 | 849 | L130J | 601010134010 | NET | VET | 120g | WEIGHT | 05.2024 | D0 | 3 | 849 | ES | 6v8 | 9 | COET | Lin | URAINED WEIGHT | TS | 10 | 06 | 5 | POIDS NET | COEIT | 6v8 | LHDM LAN | LHaMEEOLLEN | 9O6T | LEN SaOD | I | NELOGEWICHI | POHDS NET | 906 | PESO LduDO | 90 | NET WEIGHIT | 1209 | POIDS EGOULAE | UTGELEKT GENIGHI | PESOESCORRIDO | DRAINEDWEIGHT | 052024 | 849 | L1307 | 1601010/134010 | XOCAGNE | Sfnce-loo6 | POIGS NET | NETTOGEMUCHI | PESO LIQUIDO | LF | NET WEIGHT | 1209 | POIDS EGOUTTE | UITGELEKT GENICHI | PESO ESCORRIDO | URAINED WEIGHT | 05.2024 | 849 | L130J | 5 | 1601010134010
002774,2021,10,08,2021-10-08,s1,"POIDS NET: | BES7-BX 2021-10-08 | LaLi | Ingredients : Water, | Mustard Seed, Vinegar, | Salt, Citric Acid, Turmerr | 식품위생법에의한한글표기사항 | 7%） | 2.식품의 유형향신료조제품 | 3.원산지:미국 (USA) | 4.: OLDS PRODUCTS COMPANY | 5.（1588-2216） | 6.유통기한:제품에별도표기일까지 | (읽는법: 년/월/일) | 7.4客号：200z（567g） | 8.2：27% | 9.용기-PET껑-PP | 01399"
002775,2021,10,08,2021-10-08,up2x,"POIDSNE | ODSNET | BESI-BV 2021-10-08 | LaLi | Ingredients : Water, | Mustard Seed, Vinegar, | 식품위생법에 의한 한글표기사항 | 0 | Salt, Citric Acid.Turmer | 재면라리그레인머스트자27) | 2 식품의 유형 향신료조제품 | 조연합지:미국(USA) | AMEAEOIDS IRODUKTS COMPANY | 유통기 제품에 별도 표기일까지 | 718132002967 | (인는법: 년/월/일) | 10. | 3 | Best Before Date I see on packaglng | ShakeV | well before sor"
002776,2021,09,15,2021-09-15,s1,"BEST BY 2021-09-15 | LaLi | Ingredients : Vinegar, | Water, Mustard seed, | Salt, Turmeric, Paprika | 식품위생법에의한한글표기사항 | 2.식품의 유형:향신료조제품 | 3.원산지:미국(USA) | (읽는법: 년/월/일)"
002777,2021,09,15,2021-09-15,s1,BEST BY 2021-09-15 | .aLi | 식위생법에의한한근프기사할
002778,2021,10,02,2021-10-02,s2,"Red | 영양정보 | 1759 | 1809075121779 | Alvis Bros Ltd, Lye Cross Farm, | Leicester | RedhillBristolBS405RH | 제플명:레드 2O제스ENRED LECESTER)제즈원:ALVIS BROS LTD워산지:영국 | 02470-2517421132 | '보관기준 냉정보관인-'원재료양 우용 정저스금,렌넷 스타터첩처 안나토색소 | 운유참유 | 175g/100g400kcal | 720mg36%午号0g0%0g0%34g63% | 0g21g141%量30mg10%24g44% | 은2수있 | OTHER | 要开人BestBeloreg）：175g（00kcal | 이상 는시드구입 관로문하기 비립니.개용후음식들리드시기버립니다 | Weight (중량) | Best Before (유통기한) | 2506070 | 02.10.21 | 8 | 00074"
002779,2021,10,02,2021-10-02,s2,"18090751121779 | Red | Alvis Bros Ls, Lye Cross Farm, | Leicester | Redhu Bristol aS6D SRH | OAEMREDLECESEONEBAVS BROS LTDBAA 영국 | 1 | Best Before (유동기한) | Weight() | 02.10.21 | 1759 | 2506070 | 8 | 00074"
002780,2021,04,06,2021-04-06,s1,"San Au Suleustolevie | ( | 452. | Fvars +2C8°C | 1.5%(ragsohal. | D SaitAr | Geme de queso | Sees sk | ou hndido. | 06/04/21 | Biskimesmefleo | hgedenser0s(S0%) | (50%),leche, oua, | 282 | pastourseret mak | 14:390 | nd |  e undde | (40452), | makesnebadere,sa15 | odo lodicol) sa | CONSERVAR EN RIO BITRE | Opbere+8 | +2°Cy+8C | 150ge"
002781,2021,04,06,2021-04-06,s1,06-04/21 | 141390 | 150ge
002782,2021,04,22,2021-04-22,s1,"PURE SHEEP'S CHEESE | WITH BLACK TRUFFLE | (preservative). | NUTRITION FACTS | lot: | Serving size | 100g | Per 28 g | 0229102010 | 1685kJ | 479KJ | Calories | z06kcai | 114kcal | Best before: | Total fat | 33 g | 929 | 23,29 | 65 | 22/04/2021 | Saturated fat | Carbohydrate | 2,3g | 0,6g | 01g | <0,1g | Protein | 25g | 79 | Salt | 1.9g | 05g | Net Weight: 200 g | Keep refrigerated Ibetween | 4°℃and10°℃C | 8420197005886 | Ciudad Real·Spain"
002783,2021,04,22,2021-04-22,s2,"Net Weight: 200 g | Keep refrigerated between | 1420197005886 | PUF'ESHEEP'SCHEESE | WITH BLACK TRUFFLE | Inuredients: pasteurized sheep's milk, biack truffie saucr | (1,5%)Agaricusbisporus,cornoll,water.Tuberaestivum1,5%,sait, | fiavourings, dried porcine mushrooms, denydrated potatoes herb. | water extract of Tuber aestivum and black truftle flavouring), salt. | rennet, stabilizer: calcium chloride. preservative iytozyme (from egg | and cheese cultures.nedible rind.On rind.black truffle sauce.E-235 | Lof: | (preservative). | NUTRITION FACTS | Per280 | 0229102010 | 1002 | A79kJ | 1685KJ | 114kcol | Best before: | serving size | 929 | 22/04/2021 | Calores | 330 | 6.59 | 23.20 | 0.60 | Tofal fat | Saturated fat | 239 | c0.1.9 | 0,19 | 79 | Carbohydiate | sugans | 259 | 0.59 | 1.99 | Protein | Salf | 4°℃and10℃ | 13420Malagon | 8 | Produced by Quesos Rocinante, s.L | Ctra de Toledc, t/n | Ciudad Reat- Spain"
002784,2021,04,18,2021-04-18,s1,"STARTER CULTURE, RENNET | CHARGENR52257099 | Z0445 | EC | BEST BEFORE | 0.300kg | 18-04-2021 | 8717731003003 | 축산물위생관리법에의한한글표시사항 | 제품명:에담(EDAM) | 원산지:네덜란트 | L：300G（948Kcal） | 원재료 및 함량:우유. 소금,렌넷,발효배양균 | 냉장제품 | 우유함유 | 보관방법:4'C ~7C 냉장보관 | HDPE"
002785,2021,04,18,2021-04-18,s2,"8717731003003 | o-시경이번29 | EDAM CHEESE4O+ | INGERDIENTS PASTEUR, COWS MILK. SALT | STARTER CULTURE, RENNET | KEEP REFRIGRADETEDBETWEEN+4 C +7'C | CHARGENR52257099 | BEST BEFORE | 18-04-2021 | NL | Z0445 | EC | 0.300kg | 축산물위생관리법에 의한 한글표시사항 | CEDAM | TENBV | 신가자지 | 우유항 | 보상 받으 | 임에가인 제이로기재정 고시에 의거 | /수 있습니다."
002786,2022,06,22,2022-06-22,s1,W.120 | Prodotto da: - Manufactured by: | LASAGNE | nello stabilimento di Via Asolana n.28 | Crespano del Grappa (TV) | all'uovo | 500ge1.1lb | 86fY | mir depreferencia antes. de: | 500小-净重500克 | CARTA | INCARTO | ESTERNO | Prod.23 06 2020 | L26M | 22-06 2022 | 05:41
002787,2020,06,23,2020-06-23,s1,cf.120 | S.P.231Km.35.100Corato(BA)-ITALIA | LASAGNE | Crespano del Grappa (TV) | all'uovo | preferibilmente entro itB | 500ge1.1lb | net weight-poids net-peso liauido- | Bec Helto 500r-Tasacanmarb-5oorp | L26M | Prod.23 06 2020 | 05:41 | E22062022
002788,2021,04,03,2021-04-03,s2,"Organic | value | 식품위생법에의한 한글표시사항 | 제품명:유기농아가베시럽프리미엄 | 식품유형:당시업류 | 원산지:멕시코 | BIOAGAVES DELACOSTA | 조원 SADECV. | ：（（：031-793-5370） | Lot:Bl-10304842 | 100%Naturalandorganicsweetener. | ed from the Blue Agave plant, ready to serve. | rgy,flavor enhancer, greater sweetening power. | yfood.co.kr | tion Fac | Sie 1Tbsp. | (21g) | ings Per Can | about.32 | Calories 60 | ntPors | 全：NinoObrero2267Cudadindustrtal | Total Fat 0g | aacNayarlt,Medoo;Cp.63173 | Saturated Fat Og | Trans fk 0g | 0% | 15512（ | Cholestarol Omg | Sodium Omg | 07 | 유동기원·제품에 별도표시,읽는법:년,을 | Total Carb.16g | 6% | ：日100% | Fiber g | 0% | Sugars 16g | :건조하고서늘한실은보,개용 | Protein 0g | 냉장보관 | Viaminc,caldum or ror. | Nota signicart souroe Vitamin A | 반품및교환:수입원 또는 구입처 | Peon Daly Values ane based on | 본계품은 공정거대위원회고시 소비자 분계해결 | a2000calonediet | 기준에 의거 교환 또는 보상받을 수 있습니다. | Produced by: BIOAGAVES DE | LACOSTASA DEC.V. | Best Before: 2021/04/03 | 8118093231920024>"
002789,2021,04,03,2021-04-03,s2,"Organie | 10o% Naturarand organic sweetener. | Dd from the Blue Agave plant. ready to sorve. | rgy, favor enhancer. greater sweelening power. | 식품위생법에의한한글표시사항 | yfood.co.kr | 제용명:유기농아가베사업 프리미업 | 당 | LionFa | 원산지:대시료 | BIOACAVES DEIA COSTA | 원SADECV. | 9：NinoObieo2267Cuddindum | 业151512（电办：2点） | Foww 09 | ] | 1 | Lot:BI-10304842 | ACOSTA: | Best Before: 2021/04/03 | 1809"
002790,2021,12,06,2021-12-06,s1,JAN | BATCH:R4552 | 06/12/2021 | Kaya | 담백 | Green
002791,2021,12,06,2021-12-06,s1,SAAI | BATCH:R4552 | BEST BEFORE | 06/12/2021: | K | aya | Green | Product Or Singapore
002792,2022,02,02,2022-02-02,rot270,M2/2-22-2183
002793,2022,10,05,2022-10-05,s1,"bNroodk, | oreignfoo | iww.foreignfe | www..or | 2022/10/05"
002794,2022,10,05,2022-10-05,s2,2022/10/05
002795,2021,03,18,2021-03-18,s1,2-1 | 2021.03.18까지 | L-116:24 | 3빙그레 | 오늘의 | 과일야채
002796,2021,03,18,2021-03-18,s1,  | 2021.03:18까지 | 16:24 | 빙그레 | 오늘의 | 과일야채
002797,2021,04,28,2021-04-28,s1,2+1 | 2+1 | 2+1 | 2.1 | 2.1 | 20 | nbel | Denmark | 관마크 | 슈레드 | 피자치즈 | SHRED PIZZA CHEESE | 유통기한:2021.04.28까지 19:09 | 25.g(80kcal)
002798,2021,04,28,2021-04-28,s1,덴마크 | 슈레든 | 피자시즈 | SHRED PIZZA CHEESE | 유기한:2021.04.28까지 19:09 | 2598eke
002799,2021,12,27,2021-12-27,s1,오리온 | 다이제 | 유통 | 부터 | 2020·12:28/16:35 | 미니 | 기한 | 2021.12.27(3) | 까지
002800,2021,12,27,2021-12-27,s1,’오리온 | 다이젠 | 2020.12.28/16:35 | 부터 | 미니 | 2021.12.27(3) | 까지
002801,2021,09,29,2021-09-29,s1,"제품명 콘스프볼 | 2021.09.29 | 식품의유형 과자류우 | 제조원지디앤와이(/충정북도 | un Soup | 국내산 | 0413号3含 | 쌀가루 | 유통전문판매원홈플러스위/ | Rol | 서울특별시 강서구화곡로 38 | 유통기한 제품별도표기일까지 | 외국산:호주브라질 | 콘스프시즈닝16 %, | 탄산칼습,-토코페를( | 용기-페트리5 | 가루(국내산)6.6% | 포장재질 | 320 g(1.437 kcal)"
002802,2021,09,29,2021-09-29,s1,2021.09.29 | 제품명 콘스트 | 832001460 | 식품의유형 24 | 제조원지디앤와이/충방E | Boll | 국냉산 | 쌀가루 | 2星4130 | 유통전문판매원 용플러스츠 | 서울별시 강서구회 | 유통기한 제품별도프기울 | 목 | 프시즈님16 % | 설가루국내산) | 탄산답.d- | 320g(1467kcal) | )6.6% | 포장재질 | 8기-
002803,2021,04,19,2021-04-19,s1,유통기한 | 2021.04.19 13:36 | #연세밀크#무앙생제인증 | YONSEI
002804,2021,04,19,2021-04-19,s1,2021.04.19 13:36 | #연세일크 #부양생제인증 | XSNSI
002805,NONE,NONE,NONE,NONE,fail,"990 | 스샘표 | 순작 | 우리땅에서자란 | 연근우엉차 | Sempio Lotus root & Burdock Tea | 순작연근우엉차 마시는 법 | 국내산 | 100% | 본연의 모습에가까운 연근파 우엉 | 2023.01X13 | 14:41 | 물처럼 수시로 즐기세요 시원하게 드실 때는 20분 이상 | 우리고 취향에 따라 물의 양을 조절하셔도 좋습니다. | 연근 테두리의 검은 반점은 연근 고유의 무늬입니다 | 우엉 중심부의 흰색은 우영 원료의 심 부분이며,표면의 | 청록색은 원료 본연의 성분으로 모두 고유의 특징입니다 | 청록색은 원료 본연의 성분으로 모두 고유의 특징입니다. | 우엉중심부의흰색은 우엉원료의 심부분이며,표면의 | 연근 테두리의 검은 반점은 연근 고유의 무늬입니다. | 본연의 모습에가까운 연근파 우엉 | 우리고 취향에 따라 물의 양을 조절하셔도 좋습니다. | 물처럼 수시로즐기세요 시원하게 드실 때는20분 이상 | 순작연근우잉차마시는법 | 연근우엉차 | 수샘표 | Sempio Lotus root & Burdock Tea | 우리땅에서자란 | 국내산 | 100% | %00l | 1YR송근 |   | I | %00l | 큰거미송근터노끝 | 1KR송근 | 3 | 표 | 299r | 수샘표 | 순작 | 우리땅에서자란 | 연근우엉차 | Sempio Lotus root & Burdock Tea | 순작 연근우성차 마시는법 | 국내산 | 물처럼 수시로 즐기세요 시원하게 드실 때는 20분 이상 | 100% | 우리고 취향에 따라 물의 양을 조절하셔도 좋습니다. | 본연의 모습에가까운 연근파 우엉 | 연근 테두리의 검은 반점은 연근 고유의 무늬입니다 | 우엉 중심부의흰색은 우영 원료의 심 부분이며,표면의 | 청록색은 원료 본연의 성분으로 모두 고유의 특징입니다 | 202701X13 | X14416 | 순작 | 샘표 | 우리땅에서자란 | 연근우엉차 | Sempio Lotus root & Burdock Tea | 순작 연근우엉차 마시는 법 | 국내산 | 100% | 물처럼 수시로 즐기세요 시원하게 드실 때는 20분 이상 | 우리고 취향에 따라 물의 양을 조절하셔도 좋습니다. | 본연의 모습에가까운 연근파 우엉 | 연근 테두리의 검은 반점은 연근 고유의 무늬입니다 | 우엉 중심부의 흰색은 우엉 원료의 심 부분이며,표면의 | 청록색은 원료 본연의 성분으로 모두 고유의 특징입니다 | 20201X13"
002806,NONE,NONE,NONE,NONE,fail,"↓샘표 | 우리 땅에서 자란 | 연근우엉차 | 순작 연근우영차 마시는법 | 국냉산 | 100% | 본연의모습에가까운 연근파우영 | 2025.0113 | 1441 | U | Semplo Lotus root & Burdock Tea | 물처럼 수시로 즐기세요 시원하게 드실 때는 20분 이상 | 우리고 취향에 따라 물의 양을 조절하서도 좋습니다. | ·연근 테두리의검은 반점은 연근고유의 무늬입니다. | ·우엉 중심부의 흰색은 우영 원료의 심 부분이며,표면의 | 청록색은 원료 본연의 성분으로 모두 고유의 특징입니다. | 청록색은 원료 본연의성분으로 모두 고유의 특징입니다 | 우엉중심부의흰색은 우영원료의심 부분이며,표면의 | 연근 테두리의 검은 반점은 연근 고유의 무늬입니다 | 본연의모습에가까운 연근파우영 | 우리고취항에 따라 물의 양을 조절하서도 좋습니다. | 순작연근우영차마시는법 | 연근우엉차 | 호샘표 | 41 | 우리 땅에서자란 | root & Burdock Tea | 순칙 | 국내산 | 100% | D8S | %00L | ROZY | 표Rㅇ | %0O0 | 논 | 융송근 | 표육스 | 호생표 | L | 연근우엉차 | 우리 땅에서 자란B | Semplo Lotus root & Burdock Tea | 순작 연근우영차 마시는 법 | 500L122 | 국내산 | 물처험 수시로 늘기세요-시원하게 드실 때는 20분 이상 | 우리고 취항에 따라 물의 양을 초결하서도송습니다. | 100% | 본연의모습에가까운 연근파우영 | 연근 테두리의 검은 반점은 연근 고유의 무니입니다 | ·우영 중심부의 현색은 우영 원료의 심 부분이며,표면의 | 청록색은 원료 본연의 성분으로 모두 고유의 특징입니다 | P16 | 샘표 | 순작 | 우리 땅에서 자란 | 연근우엉차 | Semplo Lotus root & Burdock Tea | 순작 연근우영차 마시는 법 | 국내산 | 물처럼 수시로 즐기세요 시원하게 드실 때는 20분 이상 | 100% | 우리고 취향에 따라 물의 양을 조절하서도 좋습니다. | 본연의 모습에가까운 연근파 우엉 | ·연근 테두리의 검은 반점은 연근 고유의 무늬입니다. | ·우엉 중심부의 흰색은 우영 원료의 심 부분이며,표면의 | 청록색은 원료 본연의 성분으로 모두 고유의 특징입니다 | 113"
002807,2021,12,29,2021-12-29,s1,2021.12.29P4 | 20.56 | 곰표밀가루 | 중력다목적용 | 수제비·칼국수·만두·부침 등 가정요리용
002808,2021,12,29,2021-12-29,s1,2021.12.29 P.4 | 20:56 | 곰표밀가루 | 중력다목적용 | 수제비·칼국수·만두·부침등가정요리용
002809,2023,01,20,2023-01-20,s1,국내산 재료만 담은 | 팔방이이 | 우엉차 | 달콤한맛 | 녹차원 우엉차는 국내산 우엉으로 | 만들어 맛파 향이 뛰어납니다 | 2023.01.20 | 100
002810,2023,01,20,2023-01-20,s2,월기 | 국내산 재료만 담은 | 팔방미이 | 우엉차 | Sweet | 탈콤한앗 | 녹차원 무영차는 국내산 무영으로 | 만윤어 맛마 향이 뛰어났니다 | 100元 | er | 2023.01.20 | 雪鲁天）100dl1g×100号）（早价50%p/50%1KorenBurdockte牛擀茶
002811,2023,01,13,2023-01-13,s1,"01.22 | 제품명 | 고소한 호두아몬드율무차 | 내용량 | 540g（18gx30个号） | 내포장재질 | 폴리에틸렌 | 식품유형 | 고형차 | 원재료명 | 정백당, 땅콩가공분(물엇,땅콩버터 | (중국산) 식물성유지(외국산:말레이시 | 1%, 호두(미국산)1 %, 이산화규소 | 우유,대두 호두 땅콩함유 | 문의 및 교환처본사및 구입처 | 품목보고번호 | 제조원 | 단자연영농조합법인/경남 사천시곤명면 | 금성들월55 | 유통전문판매원 | 논차원줘 | 주의사항 | 본제품읍 일토마토 복숭아를 사용 | 유통기한 | 2023.01.13"
002812,2023,01,13,2023-01-13,s2,"540g（18g×30） | 22 | 제품명 | 고소한 호두아몬드플무차 | 내용량 | 내포장재질 | 몰리에릴렌 | 식품유형 | 원재료명 | 정백당.땅용가공분(물엇,땅콩버터 | 고형자 | 아산 통).가제인나트용,유의재),복음생기무(외국산) | (중국산),식통성유지(외국산: 말레이시 | 일파이(외국신)식성크(원 이자 | 유청분일 제이인신 이산규소)대보  | 아본분대미국산 정제,음무부(중육신) | 1%,로워미국산) 소 이신화규스 | 우대.  | 문의 및 교화체 메사 및 구입치 | 보고번호 | 20030806080145 | 제 | 유통전문판대원 | 시시구시 | 주의사항 |    1 | A | 유통기한 | 2023.01.13 | 까지"
002813,2021,04,02,2021-04-02,clahe,BARIST | RULES | 바리스타들츠 | 2기한 2021:04.02 | 17:27FSG
002814,NONE,NONE,NONE,NONE,fail,BABIETA | 바리스타홀스 | 유관기한 | 972-992 | 가 | BABIET | 유본기한 | Ha~eiR | BABIES | 바리스타스 | 유분기한 | BRBISTA | 바리스타플스 | 유관기한
002815,2021,06,28,2021-06-28,s1,"가자톡 | 그래들 네덜란드션 | 삼,기타식용유지 | 말,전지문유,건영 | 브솔트맛 | 우유 | 포장재질 폴리 | 품목보고번호 | 달걀 | 혼 | 톡맛있는감자소리 | 색 | 보이는 | 걸은 | 반점은 | 같아만든 감자의진한풍미 | 심하고 | 셔도 됩니다 | 의한1해보상·직사공 | 깔끔한감칠맛허브솔트 | 리드세요 · 북정·랑 | 011399·7 | -5700（号）1522-40） | 사및구입한곳 | HACCP | 영양정보 | 100g | 기준치 | 三云620mg | 탄수화물69g | 2021.01.29 | 부터 | 당류38 | 유통 | 2021.06.28 | 지방24g | 기한 | 00:10A01 | 까지 | 트랜스지방08 | 1 | 콜레스테를0mg | 단백질18 | N E"
002816,NONE,NONE,NONE,NONE,fail,"감자톡 | 솔트맛 | 특!맛있는 감자소리 | 같아만든 감자의진한풍미 | 깔끔한 감칠맛 허브솔트 | 모드세효·부정: | 2071399.74 | 영양정보 | 100gg | 유통 | 3831:81:28 | LE620mg | 기한 | 부터 | 00:10A01 | 당류38 | 까지 | 포장재질 품 | 보이 | 로가 뇌용 곳에 보일 | 한el | 1 | 보상·적 | HACCP | 5700（号）1522-4 | 사 및 구입한 곳 | OTHER | hta://www.orionworld.com | 100 | 기준치 | 탄수화물69g | 248 | 트랜스지방O8 | AOmg | 지방 11 | 73 | 기한 | 유통 | 깔끔한감칠맛허브솔트 | 같아 만든감자의진한풍미 | 감자톡 | 00:10A01 | 3831:8:28 | !맛있는 감자소리 | HACCP | 까지 | 부터 | 지방24 | 당류38 | 量698 | LE号620mg | 100gg | 영양정보 | 0mg | 0 | 00 | 걸 | o | OU | raora | 기준 | Su0 | 8E8 | 목보 | Bixte | 상의도리 | 둘HY | xu | 신통 | 98 | 맛 | 움공 | SUOR | 80 | /xu | 8E | 869暑文间 | IC | 움공 | 0 | -2S!(x)0OLS- | 힙 | lo | 교통 | (3 | i2 | 눌Y | 자톡 | /맛있는 감자소리 | 같아 만든 감자의 진한풍미 | 깔끔한 감칠맛 허브솔트 | O1399743 | 5700（利1522 | 사 및 구입한 곳 | OTHER | 영양정보 | onion | world.com | 1008 | 100 | 유통 | 3831:81:38 | LE警620mg | 기준b | 기한 | 부터 | 탄수화를 69g | 00:10A01 | 당.38 | 까지 | 248 | 트랜스지방O8 | ALOmg | RI ILE | 2 | 감자톡 | 브솔트맛 | /10 | 산,기타식용유지 | 1 네일란드 | 전지품유,건 | 포장재질 | 플리 | 특!맛있는 감자소리 | 고 | 같아 만든 감자의 진한풍미 | 등 | 61 | 깔끔한 감칠맛 허브솔트 | 보이 | '은 | 심하도 | 의한 1 생보상·직사들 | 서도협니 | 로가 낮은 곳에 보양 | 리 두세효·부정 물을 | 011399742 | 5700（号）1522-4 | HACCP | 사 및 구입한 곳 | OTHER | 영양정보 | 오리은 스내를 이니병이서 마니요 | hto:i/www.orianworid.com | 100gg | 유통 | 2831:81:28 | 기준b] | LE号620mg | 부터 | 탄수화물 69 g | 기한 | 00:10A01 | 당류 38 | 까지 | 지방 24 g | 트랜스지방 O8 | 포하지방 11E | 73 | 단백질TS | 0"
002817,2022,01,04,2022-01-04,s1,"유통기한 별도포시일M | 주정발영 | 제두외국산,소막·미국선, 3인 | 정제소금 변정전분 스모IG | 농축액 지킨기서호연두 | 용가-유리 뚜양 개면-몰리염회비실 | 19983841585461F1 | 품목보고번호 | 2820038275561F2 | 제조원F1(취신성에프엄/경기도화성시영검연조록로 | 2022.01.04(C)f2 | 080-996-777 | P | 유리 | ：801005960038"
002818,2022,12,01,2022-12-01,s1,"*본저품은 소비자 분장해결 기준에 이어 교환 또는 | RPICKLES | 보상받을 수있습니다. | “부정,불량식품 신고는 국번없이99 | 온이 피클 | *반품 및교환처:구입처또는수입 | *진공중전제품으로 뚜정이잘을 지않으니습급시 | 2022.12.01"
002819,2022,12,01,2022-12-01,s1,RPICKLES | 이피클 | 2022.12.01
002820,2021,11,19,2021-11-19,s1,스위트웰 | 파프리카시즈닝 | PAPRIKA SEASONING | 제품명:파프리카시즈닝 | NETWT.450g | 원료 및 항랑(원산지:공맛경정도담의스트린고촌가중국산 | 올레오레진파프리카40%정저소금(국내산 | 8-58 | 추소:경기트주시초을선동길2-4 | 판매원: (주)푸드을마켓 | 人：1人26-31 | FOOD | AIMARKET. | 유동기한:하단표기일까지 | 2021.11.19 | 재활용:어려움
002821,2021,11,19,2021-11-19,s1,파프리카시즈닝 | PAPRIKA SEASONING | AIMARKET. | 2021.11.19
002822,2021,10,07,2021-10-07,s1,유통기한: | 2021.10.07 | 08:260A | 까지 | 조리예 | 제품명 | 식품유형밀가루 | 내용량1kg | 원재료명 | 100%（1C） | 말함유 | 유통기한 | 후면 상단표기일까지 | 업소명 | 20050614233404 | 보관방법
002823,2021,10,07,2021-10-07,s1,유통기한: | 2021.10.07 | 08:260A | 2100%(OEHLIC) | 热2520050614233404
002824,2022,11,08,2022-11-08,s1,유통기한 | 2022.11.08 | 담E1 | 자판기 | 우유맛 한잔 | 측연 상단기일까지 | 20g22g×10号
002825,2022,11,08,2022-11-08,s1,유기 | 2022.11.08 | 0 | 담터 | 자판기 | 유맛 안잔
002826,NONE,NONE,NONE,NONE,fail,03 LL 2021 | 61205:50 | LL | US:50 | 2 | 61205:50 | 03 LL F0E1 | 612 | 05:50
002827,NONE,NONE,NONE,NONE,fail,03LIL2031 | 61205:50 | ILL | US:50 | 12 | 05:50 | 03LIL2021 | 612 | 05:50
002828,2022,01,02,2022-01-02,s1,Best before | Digunakan sebelum | 02.01.2022 | CH07024/23:46 | Stir well before use | Kocok dahulu sebelum pakai | Setelah dibuka disimpan di lemari es | and consume within 3 days | dan dikonsumsi dalam 3 hari
002829,2022,01,02,2022-01-02,s1,02.01.2022 | CH07024/23:46
002830,2022,05,21,2022-05-21,s1,HOHOVHO | Best Before | 2022.05.21 | JONUS TEAR ALONG DOTTED LINE | T1:16:45 64
002831,2022,05,21,2022-05-21,s1,2022.05.21 | OEUS TEAR AtONG DOTTED LINE | 1116:45-04
002832,2021,08,30,2021-08-30,s1,ButtaCao | BEST-BEFORE | 2021.08.30 | H218E33
002833,2021,08,30,2021-08-30,s1,202108.30 | H218E33
002834,2021,06,30,2021-06-30,clahe,Pure Butter | BEST BEFORE | 20210630 | H218ATE
002835,2021,06,30,2021-06-30,s1,Rure Butter | BEST BEFORE | 20210630
002836,2021,08,01,2021-08-01,s1,BISKUT SANDWIC | BEST BEFORE: | 01/08/2021X28 | Choco | Dark | CREAM SANDWICH | VANILLA FLAVOURED
002837,2022,08,02,2022-08-02,s1,티아린드 | 1010-7190-5511 | 이신화항 함유 | 산지:대국 | 영양정보 | 国个器2196% | 8弄1313% | 大00000% | EEmg 08 | 三强人文话00g00% | 型192% | K | 80900% | 时量00mg00% | 5XP.02/08/2022 | BEST BEFORE: DD/MM/YYYY
002838,2022,08,02,2022-08-02,s1,XP-02/08/2022 | ST BEFORE: DD/MM/YYYY
002839,2021,05,24,2021-05-24,s1,ELS | Best Before | C: 15138 | 2021.05.24 | T:11:09 | SIB | 요고N요구
002840,2021,05,24,2021-05-24,s1,Best Before | 우:1등1공부 | 2021.05.24 | SIB | 요고N요구
002841,2023,09,22,2023-09-22,s1,"RAMIREZ & CA (FILHOS), S.A. | Phone:(351)229997878 | EMAIL: RAMIREZ@RAMIREZ.PT | www.ramirez.pt | 22-09-2023"
002842,2023,09,22,2023-09-22,s1,Distribuido por:/Distribué par: | EMAIL: RAMIREZ@RAMIREZ.PT | www.ramirez.pt | 22-09-2023
002843,NONE,NONE,NONE,NONE,fail,HE | 06.2023L164A | 601010512221 | 5 | SI | 601010512221 | 06.2023L164A | HE | HESI | HH | H917220290 | 5 | W917220290 | HH | HL | E | 06.2023-L164A | 5601010512221 | HL | 06.2023L164A | 5601010512221
002844,NONE,NONE,NONE,NONE,fail,06.2023 | L164A | 06.2023 | 료료료 | 06.2023L164A | 50 | H6 | 06.2023 | L164A | 5 | 60101051222
002845,2020,03,09,2020-03-09,s1,"VIETXOCO | Thanh Phan: Agar -Agar 100% | Cach ding: | Cho25grAgarhoatanvaocung2en3Iitnuocngot | Saudodun soi trong vong 5 dan10 pht de Agartan | hoan toan. | melting. | ty le thich hp, rói dé ngui cho dén khi dong dc. | suitable rate, cooling the liquid in to jelly. | Bao quán ndi kh ráo thong mt | 'én Cong Nghe Nhap Ts | C.au Au | CTY TNHH PHAN TRAN | CNTCSPS:2514/2012/YTHCM-CNTC | TCCSS6:TCCS02/2012/CTY.PT | HSD: 3 nm ké ti ngay saiwt | 09.03.2020"
002846,2020,03,09,2020-03-09,s1,VIETXOCO | Thanh Phin:Agar-Agar 100% | Phim Dug | (6n Cong Nghe | 09.03.2020
002847,2021,12,30,2021-12-30,s1,Vollkornbrot | 30.12.2021 | delba | 1L240812 | fit & aktiv | Ohne Konservierungsstoffe | No preservatives | Sans agent conservateur | Sin conservantes | Senza conservanti | Sevienorsh/ening sugest | Net wcighe woids net/ | peso m4.D so netto | 50uye
002848,2021,12,30,2021-12-30,s1,Vollkornbrot | fit & aktiv | 30.12.2021 | 1L240812 | Ohne Konservierungsstoffe | delba | No preservatives | Sans agent conservateur | 50uu e
002849,2021,08,15,2021-08-15,s1,"OTTO BLACK PEPPER | 오토미 | OTTO | 오토 | 후추 | ：1995044502851 | ：450g | ·제품명:후추가루 | ·식품의유형:향신료 조제품영흥식품(주) | 5%17-31 | 브라질,우크라이나 등) | (043)877-7500 | ·유통기한: | 2021.08.15 | 까지 | ·용기재질:PS | ·사용하신 후에는일봉하여건조하고 | 서늘한 곳에 보관하여 주십시오. | ·반품 및 교환장소:본사 및 구입처 | PS8803447100133 | 139 | 본저품은 소자기본번에으 소자"
002850,2021,08,15,2021-08-15,s1,OTTO BLACK PEPPER | 오토미 | 오 | OTTO | 후추 | 영용석() | 2021.08.15
002851,2021,08,02,2021-08-02,s1,( | 387kca | gras saturés /di | : | carboidrati | 65 g | of which sugars /davon Zucker /dont | sucres/di cui zuccheri | 12 g | Fibe /Nahrungsfaser/fbres | imentaires /fibre | 8g | Prlein/ iweis/ rotein/ teine | 11g | Sal/Saiz/sel/ sale | 0.025g | contains naturally occurring sugars | P | Net weight/Nettogewicht/poids net/ | e500g | Zubenetusy | famia Oig | chiudere bene mballaggio. | lngantalm | Moh cder | labriqueen Ssepar:/fabricato insvizzerads: | ore:/Mindestens haltbar bis:/a consommerde | 02.08.21 | L196 21708
002852,2021,08,02,2021-08-02,s1,of which sugars /davon Zucker /dont | sucres /di cui zuccheni | Fore/ Nahrungsfasern/ fibres | coriains naturally occurring sugars | e500g | and by:/ Hergestelt in er Schweiz durch | Fore: Mindestens haltbar bis:/a consommer de | 02.08.21
002853,2021,08,11,2021-08-11,s1,"cone fof which saturates | odany / carbe'ryc | exmpparw:5.9g, w tym cukr | 1/6enTb4wH/：219 | con:1,5 g. Po otwarciu spoi | Is/ CheA OTeapAHe | MupaAO2-3AHM. | ent / Produced in Poland | 三量600mg30% | 5.9g2%4.3g4% | 14-300Morag,P | d/Nonua. | /pcs/6p.×16 | 130g | OT WIERASZ | M fiapwga Na: | EXP: 11.08.2021 | 22 | 0059/08/2 18:58 | 1014"
002854,2021,08,11,2021-08-11,s1,eapoaw s.99. w tym cukr | t/Produced in Poland | 14-300Morag.P | /prs/6p.x16 | 130g | EXP: 11.08.2021 | 0059/08/2
002855,2022,09,13,2022-09-13,s1,AKBAR | 식품위생법에의한한글표시 | 제품명 | 히비스커스허브티(HIBISCUS) | 식품의 유형침출차(허브티) | 号20140347201498 | 원료및함량 | 100%） | 중량 | 30g（20E/×1.5g) | 포장재질 | 여과지:폴리아미드내포장재질:폴리에틸렌 | 보관방법 | 건조한실온에보관 | 반품및교환 | 판매원및구입처 | 제조원 | 한국티팩토리(주) | 1073 | 판매원 | （）01800-9750 | www.tea-korea.kr Item No.913962 | 유통기한 2022.09.13 | OTHER | 200-250ml | Black Ted2-3 | 90100℃ | Herbal Te 3-5
002856,2022,09,13,2022-09-13,s1,AKBAR | 중량 | 100%（） | 포장재질 | 30g（20E/M×1.50) | 여과지:플리아미드내포장재질 플리에탈엔 | 반품 및 교환 | 제조원 | 판매원 및 구입처 | 한국티팩토리(주) | （）E201800-9750 | 暑2022.09.13
002857,2023,06,02,2023-06-02,s1,EPD | DNV·GL | Rison74 | DE CECCO | dal 1886- | Exp: 02 06 23 | 11:50L9/71C | Lotto 00220154
002858,2023,06,02,2023-06-02,s1,DELELEO | Exp:020623 | 11:50L9/71C | Lotto 00220154
002859,2022,06,15,2022-06-15,s1,BESTBEF0RE 20220615 | 35020118:42
002860,2022,06,15,2022-06-15,s1,BEST BEFORE 2022.06.15 | 350201118:42
002861,2020,08,25,2020-08-25,s1,Atsamabe | PRO0: 25/08/2020 15: 55 | PRESIDENT Whipping | Créme | Cream | Supérieure
002862,2021,08,30,2021-08-30,s1,"neiiema-Hallum B.V. | 9074-3-0 | P.O.Box3-3074ZL | Hallum - Hollarid | www.hellema.com | Best Before: | HELBMA-HALIMBV | (상성동,성은당 5) | 2021.08.30 | SME06B 07:48 | 1710508912188"
002863,NONE,03,04,NONE-03-04,s2,nevema-Hallum B. | 2021:08. | Made by | P.O.BOX3-3074ZL | Hallum- Hollarid | 1. | 9074-3-4 | www.hellema.com | Best Before: | SMEO6B | 8
002864,2023,03,02,2023-03-02,s1,삼심쿠권호일 | BESTTBEPURE-02/03/2023
002865,NONE,NONE,NONE,NONE,fail,7 | on ing On tn Tatad | 2 | T | ONENR | T |  t en IM Tatal | TAOD | XL
002866,2028,02,22,2028-02-22,clahe,Roll Break | L20238 | 28/02/22 | Da consumarsi preferibilmente entro il / Best before:
002867,NONE,NONE,NONE,NONE,fail,Robl Break | 26383322 | Da consumarsi preferibilmente entro it/ Best before: | Roll Break | ATII | ITALY | yadL | Da consumarsi preferibilmente entro it/ Best before: | joaq ig/oua auuajad eunuo eg | ymadL | TIOL | RollBreak | 2능로8글일 | Da consumarsi preferibilmente entro it / Best before: | RollB | E94 | V2 | B/eak | 26383392 | Da consumarsi preferibilmente entro it / Best before:
002868,2021,08,04,2021-08-04,s1,"No Bral | 브랜드가 아니다소터 | 마탕 | 2021.08.04 | 이트 | 2분 | 0000 | 189.7g（355kcal | #완면각#생라면 | 13.18%， | MALA NOODLB S | 원료명 -공행(6g 밀가루말미국산,캐나다 | 영양정보 | 190g | 1.00mg85%67g21%6g6% | 355kcal | 5g10%g128% | 나트림중제,프카추출소, 올, | 0mg0%10g18% | 마십시오-링드에일린 부)부위에입 | 1700mg | 0mg1 | 2000mg | 나트륨함량비교표시 | （）1640mg | 1일기준장 | 인한산미로를 소량사용하여약간의 신이날 수있나번 | ,등에를사용과 |  을에 | （350 | ·본계품은공정고시소가결기준에의거교환또는 | N926 | 4화상주의 | 노브랜드의 이념과 실천"
002869,2021,08,04,2021-08-04,s1,No Br | 마탕 | 2021.08.04 | 2분 | 189.7g（355kcat | 마라랑면소 | 13.18%五享 | 영양정보 | 国170985午时量67921%18号696% | #5910%三809五#78298% | 量电量0mg0%E时10g18% | N9264
002870,2021,02,25,2021-02-25,s1,"이 | 10:59 | 2021,02.25 | 100% | 냉장주스 | GRAPE | 채움. | 영양정보 | LE号25mg1% | 탄수화물 | 号31g.10% | 당류 | 29929% | 지방 | 트랜스지방00 | 포화지방 | 콜레스테롤"
002871,2021,02,25,2021-02-25,s1,"10:59 | 2021,02,25 | 100% | GRAPE | 채움 | 영양정보 | 25mg13"
002872,2021,04,07,2021-04-07,s1,빙그레 | 뿌려먹는 | NGGRAE | DZZARELLA | HEESE | 모짜렐라 | 10'C 냉장제품 | 치즈 | 봉후냉동보관 | 자연치즈 | 파렉라 치즈 99% | 159(75kcal) | 2021.04.07까지
002873,2021,04,07,2021-04-07,s1,뿌려먹는 | HEESE | 모짜렐라 | 1O'C냉장제품 | 후냉통보관 | 치즈 | 자연치즈 | 마델라 치즈 99% | 59(75kcal) | 2021.04.07까지
002874,2021,04,11,2021-04-11,s1,"21 | deee HB | 2:1 | 대수소R자 | Bianca | 원재료 명모짜라치즈9 %외국산: 미국,프랑스,독일 등/실구융 | 포장재 질폴리에틸렌(내면) | 2005026200991 | 보관방법O~0'C에서 냉장보관 | 반품 및 교환 구입처 및 주'L코 | 소명(주)명세/경기도 평택시 | 745-24 | 10.202（57） | 쉽게 공팡이가 필 수 있이니즉시 사용하십시오 | 011399 | 2021.04.11"
002875,2021,04,11,2021-04-11,s1,21 | 2021.04.11
002876,2022,12,04,2022-12-04,s1,simplus | 본질[]에집중하다 | 꿀자몽차 | Honey Grapefruit Tea | 국산 사양벌꿀과 미국산 자몽을 | 사용하여 달콤합니다. | 이미지사진 | 2kg)50%50%， | 사양벌꿀국신5% | 2022.12.04HB
002877,2022,12,04,2022-12-04,s1,simplus | 본질[]에집중하다 | 꿀자몽차 | Honey Grapefruit Tea | 국산 사양벌꿀과 미국산 자몽을 | 사용하여 달콤합니다. | 2kg/（)50%150% | 사양법꿀(국산)1.5 % | 이미지사진 | 2022.12.04HB
002878,2021,06,21,2021-06-21,s1,2021.06.21 | 16:12 | Denmark | 미채
002879,2021,06,21,2021-06-21,s1,"2021,06.21 | 16:12"
002880,2021,04,13,2021-04-13,s1,X4개입 | 88g(377kcal) | Marketo | 나쿠아즈 | 유통 | 2020.10.14/09:25 | 기한 | 2021.04.13/8 | witk | atte | 폭신한 프랑스 | 정통 디저트
002881,2021,04,13,2021-04-13,s1,개입 | Market o | 쿠아즈 | 유통 | 2020-10:14/09:25 | 기한 | 2021.04.13/8 | 부터 | 까지 | 폭신한 프랑스 | 정통 디저트
002882,2023,12,08,2023-12-08,s1,"먹는 오뚜기 식초를 | 활용한살림레시피 | 안심세적! | 국산고충가를 | 식초를희석한물에 | 과일과 아채를 세책하세요. | 안심살균! | 도마나행주는식초로 | 닦거나 뿌려주세요 | 안심 | 빨래찌꺼기, 냄새제거, | 옷색감 유지에도좋습니다 | 100% | 2023.12.08_F3 | 10147"
002883,2023,12,08,2023-12-08,s1,"먹는오뚜기 식초 | 안심세! | 식초를 의석안이 | 안심살균! | 도마나 행주는시크로 | 거나 세요 | 유에도 | 발래미께기, 새 제 | 2023.12:08.F3"
002884,2022,07,20,2022-07-20,s1,"프레스코 | Q뚜] | 포도씨유 | 2022.07.20. 11:57까 | 안심캡사용법 껑을 열면 마개가 | 함께 열리며, 뚜껑을 닫으면 마개도 | 함께 닫혀 샐 염려가 없습니다 | 시에는약간의이취가발생할수있니사용웃에는 | 00%00m | 주식사오두기 울신공시주심남 반구 | 영양정보 | 100g900kca(（g-109m | 8"
002885,2022,07,20,2022-07-20,s1,프레스코 | 포도씨유 | 2022.07.20. 11:57 #지 | 안심결 사용법 뚜껑을 열연 마개가 | 함께 열리며 뚜경을 달으면 마개도 | 함께 닫혀 살 영려가 없습니다. | 통결현상 개울성이나 방장보관 하실 경을 | 나이는 도유 고유 성으로 | 시O는 약간의 이취가 발생할 수 있니사용 이 | 모도유 10임스페인센 | 영양정보
002886,2022,01,04,2022-01-04,s1,꼬리금딩 | 수2 | BIDPE | 2022·01-04
002887,2022,01,04,2022-01-04,s1,2022-01-04
002888,2021,07,15,2021-07-15,s1,토마토 미트몰 | 5800 | 4.500 | 4.500 | 2021.07.15 A | Chom | 키위드레싱 | 마요즈대두두의국식국 액 | · | (주)하림
002889,2021,07,15,2021-07-15,s1,5800 | 4.500# | 4.500 | 2021.07.15 A | Cham | 키위드레싱 | E | (주)하림
002890,2021,11,11,2021-11-11,s1,"하림 | 품명:하림뉴머스타드소스 | 280 | 36.73% | 국산/식초,겨자씨16%,소금,투에릭분일 시니무분 | 알]기타과당,토마토케첩토아토페이스트(외국산)기타 | 고당발효식초정제소(국산)설팅],마요네즈[식물성유지( | 외국산),난황액(난계란:국산발효식초설통,정제소금발식 | 초울려오진투,자추출을 트기 | ·유통기한·하단표시일까지·보관방실은보·변품에고소 | (주)하림 | 8801492353870 | 유통기한 | 2021.11.11"
002891,2021,11,11,2021-11-11,s1,영:하림뉴머스타드소스 | ：2800-4号9号营：全0 | 全电：736.7330 | 9.D0(외국N) | (국) | (주)하림 | 2021.11.11
002892,2021,03,31,2021-03-31,s1,"&감글 | 이드 | 에비 | 아이티 | 제조원 | 경기도 | 양주시 | 45 | 0~10 | 유통기한 | 용기하 | 표시일까지 | 설탕,제주감글농 | 원재료명정제수 | 당 | 금글주스(대만 | 액(국산),기타과 | 구연산,비타민C, | 구현산나트륨, | 합성향료감귤향) | 포장재질 | 폴리프로필렌 | 20080395120269 | 품목보고번호 | 풍부한맛을실수습니다 | 발대:PP | 뚜정:베트 | 리드:OTHER | #유통기한 | 2021.03.311 | 20:1004"
002893,2021,03,31,2021-03-31,s1,"양주시 | 조원 | 유동기한 | 제주감교농출 | 정제술 | 구현산나트 | 알리프로필렌 | 20080395120269 | CEMCAPER | 2021,03.31 | 20:1004"
002894,2024,02,13,2024-02-13,s1,보관하십시오반품및 교환장소구입처 제조사 | NEDSPICE PROCESSING VETNAM LTD | 124 | 유통기한:하단표기일까지 | 2024.02.13
002895,2024,02,13,2024-02-13,s1,12-4 | 유통기한:하단표기일까지 | 2024.02.13
002896,2021,07,20,2021-07-20,s1,2021.07.20 | 100g | 영양정보
002897,2021,07,20,2021-07-20,s1,2021-07.20
002898,2021,11,09,2021-11-09,s1,연겨자 | 2021.11.09向 | 뜯는곳 | 맛있는 겨자 소스 만드는 법
002899,2021,11,09,2021-11-09,s1,연겨자 | 2021.11.094
002900,2022,08,08,2022-08-08,clahe,20220808 | 멜에스레은레 | 2100 | 제품령 | 20%管 | 30.015%起 | 천연형료 | 식품유형E대주 | 제조사 | EROROOSRL | 10 | 수입 | ）02-7 | 서공시송하
002901,2022,08,03,2022-08-03,s1,20220803
002902,2020,07,22,2020-07-22,rot90,"ALMONI | 제품명아몬드슬라이스 | 모장사질내인플리내일한 | 산지미국산 | 틀SLICED | 1 | 81 | EVERY DAY WITH FRESH NUT | 809022201707 | 포장2020.07.22 | FOR OUR FAMILY! | 장라인에서 생산되었습니다. | (굴,전복,홍합포함)를사용하는제품과동일한포 | ·본제품은 땅콩,대두밀.계란,게서유.되지"
002903,2020,07,22,2020-07-22,s1,SLICED | ALMOND | 포장2020.07.22 | 지미국산 | 장라인에서생산되업습니다. | 지5(년일순)
002904,NONE,NONE,NONE,NONE,fail,053002939075 | HDPE | 6 | 033002939072 | 0L2023 085 11:01 | 3A0H | 52023 085 1101 | BEST BY | 053002939075 | www- | HDPE | 0 | 647065 | 5706L3023 085 11:01 | 053002939075 | www | HDPE
002905,2021,05,19,2021-05-19,s1,a | 189489158 | 2021.05.19까지 | 8BA0939）
002906,2021,05,01,2021-05-01,s1,2021:05.1오까2
002907,2020,10,31,2020-10-31,clahe,"88J200g(905kal) | 원산지 영국 | 188368824223（988456（021566-1334 282822 | 원계료명 | 밀가루(일) 설당,식물성유지,포도당과당시렵,보리액아추출을,탄신수소니트룡 | 탄산수소암모늄,청제소금 | 밀 함유 | 본제품은 유대두를 원로로 사용한 품과 동열한 생산에에서제조 되어습니다 | 일는 |  수나.  | PP | ENTS: WHEAT FLOUR, SUGAR, VEGETABLE OIL, GLUCOSE-FRUCTOSE SYRUP, BARLEY MALT | BEST BEFORE: | ENTS (SODIUM BICARBONATE, AMMONIUM BICARBONATE), SALT, CONTAINS: GLUTEN MAY | ESP. GALLETAS. INGREDIENTES: HARINA DE TRIGO, AZUCAR, ACEITE VEGETAL, JARABE DE | Prod 31 10 2020 HB | , EXTRACTO DE MALTA DE CEBADA, GASIFICANTES (BICARBONATO SODICO, BIGARBONATO DE | ENE: GLUTEN. PUEDE CONTENERLECHE, SOJA. PT. BOLACHAS. INGREDIENTES: FARINHA DE | Exp30102021 | O VEGETAL, XAROPE DE GLUCOSE/FRUTOSE, EXTRACTO DE MALTE DE CEVADA, LEVEDANTES | ODIO, BICARBONATO DE AMONIO),SAL CONTEM: GLUTEN. PODE CONTER LEITE, SOJA. F. BISCUITS. | ual | JE DE BLE, HUILE VEGETALE, SIROP DE GLUCOSE-FRUCTOSE, EXTRAIT DE MALT D'ORGE, AGENTS | NATE DE SODIUM, BICARBONATE D'AMMONIUM), SEL CONTIENT: GLUTEN. PEUT CONTENIR | . KEKSE. ZUTATEN: WEIZENMEHL ZUCKER, PFLANZENOL GLUKOSE-FRUKTOSE-SIRUP. | AKT BACKTAIENMTELNATRMHNDROGENCARBONAT AMONUMHDROGENCARBONAT. | nrrr | OREKYAMABNKMOAPIOYAIOKTIKOIAPARONTECAITANOPAKIKO | AK | OONAU | LLES | NASRENMERTE NALOREMSR | IVALE"
002908,2020,10,31,2020-10-31,s1,Rich | Prod 31 10 2020 HB | Exp30102021 |  rrr
002909,2021,07,21,2021-07-21,s1,21·07·2021
002910,2021,07,21,2021-07-21,s1,21·07·2021
002911,2030,06,21,2030-06-21,s1,PRO:02/11/20 307 | EXP:30/06/21 14:53
002912,2020,11,02,2020-11-02,s1,PR0:02/11/20 307 | EXP:30/06/2114:53
002913,2020,11,18,2020-11-18,s1,제니코 | 베이킹 파우더 | BAKING POWDER | 2020.11.18 | 식품첨가물의명칭 | 합성팽창제 | 제품명 | 제니코베이킹파우더 | 제조연월일추연 상단표기 | LH客300 | 유통기한 | 원재료명 | 보관방법 | 유통전문판매원 | 제니코식품(주) | 포장재질(내면) | 저일도폴리에틸렌 | 97046100164 | 반품및교환 | 본사 또는 구입처 | (02)26352671（031)6836638 | 11399 | JENICO | 제니코식품주식회사
002914,2020,11,18,2020-11-18,s1,제니코 | 베이킹 파우더 | BAKING POWDER | 2020.11.18 | 21011399 | JENISO
002915,2022,09,15,2022-09-15,up2x,"공 | 망고주스 | 피하고 | 에따라 다를 수 있습니 | 위희 | 코 | 푸 | 유제 | 2022.09.15 | 유통기한 | OMYAM | 제품 | Pudding | 제조 | 망고맛그 | am | fe | Mango | 3 | with nata de coco | 0.12% | (po)oupr) | 5a, | 80023 | 130g(116Kcal) | 0 | 망고주스 | 66486 | 55 | 9"
002916,2022,09,15,2022-09-15,s1,PENY | ONYAM | 2022.09.15 | 망고 푸딩 | ddin | with nata
002917,2030,04,21,2030-04-21,s1,식품위생법에의한 한글표시사항 | 영양정보 | preferéncia antes de: | 30/04/21 | 100 | CH 2371 | 74.3g | 당류2.1g | 트랜스지방0g | 175g | Gallo | My | RKisotl | PERFETTO
002918,2030,04,21,2030-04-21,s1,30/04/21 | CH | 237 | 175g | Gallo
002919,2021,09,11,2021-09-11,s1,CRUNCIY | Spelt | DINRE | BALDMRAR | Bioland | DE-OKO-001 | EU-Landwirtschaft | e400g | 11.09.2021
002920,2021,09,11,2021-09-11,s1,CRUNCIR | e4002 | 11.09.2021
002921,2021,09,12,2021-09-12,s1,DE-OKO-001 | Bjoland | e42 | Landwirtschaft | 12.09.2021
002922,2021,09,12,2021-09-12,s1,Bioland | e42 | 12.09.2021
002923,2021,06,13,2021-06-13,s1,2021.06.13 | 02:45 06 | 고칼슘 | Higd | 를위한 | 을만듭니다 | Labnosh | 마시는 | 마일드라제 | 하루권장량 | 36% | IgI | 合91% | Og 0%
002924,2021,06,13,2021-06-13,s1,2021.06.13 | 02:45D6 | 위한 | 없됩니다. | O0 | 36#号 | Labnosh | 마시는 식 | 마일드라해 | 17. | 하루권장황 | 단백질36 | 칼숨 91# | 커피추역(고 | 30mkca
002925,2021,11,06,2021-11-06,s1,"BELLAT'E | Honey Cherry Plum | FruitTea | 허니체리플럼플릇티 | 202111.06H | 11:06 | 식품유형 | 액상차 | 내용량 | 300g(30g107g) | 설탕, 정제수,자두퓨레18%(자두:국산) | 다크스위트체리농축액3% | （100%68%） | 원재료명 | 0.15% | 100%5%） | 구연산 아카시아꿀1%(국산) | 합성향료(자두향) | 号卫 19830464033503 | 유통기한상단표시일까지 | 포장재질폴리에틸렌(내면) | 이제품은 우유 대두 토마토, 복승아를 사용한 | 제품과 같은 제조시설에서 제조하고 있습니다 | 직사광선을피하여건조하고 | 서늘한곳에 보관하십시오 | 포장재절단면이날카로워다칠우려가 | 있으므로 개봉 및 사용시 주의하십시오. | 11399 | 본제품은소비자분쟁해결기준에의거 | 교환 또는보상받으실수있습니다 | 유통기한을꼭확인후사용하십시오. | ：080024-2311）"
002926,2021,11,06,2021-11-06,s1,"BELLAT'E | Honey Cherry Plum | FruitTea | 허니체리플럼플롯티 | 2021.11.06R | 11:06 | 식품유형 액상차 | 300g（30gx10） | 설탕,정제수, 자두퓨레18%(자두:국산). | 다크스위트체리농축액3% | 100%8%） | 0.15% | 100%/65%） | 구연산, 아카시아꿀1%(국산) | 합성향료(자두향) | 유통기한 상단표시일까지 | 포장재질 물리에일렌(내면) | 이제품은 우유 대두 토마토 복승아를 사용한 | 제과 같은 제조시설에서 제조하고 있습니다. | 직사광선을 피하여 건조하고 | 서늘한 곳에 보관하십시오 | 포장재 절단업이 날카로워 다철 우려가 | 있으므로 개를 및 사용시 주의하십시오 | 볼제품은 손비자분쟁해결기에의거 | 교활 또든 보상 받으실 수있습니다. | 유통기한을 꼭 확인 후 사용하십시오."
002927,NONE,NONE,NONE,NONE,fail,요플레 | TOPPING | 다크초코 | 토핑부터 특별하니까/ | 1으/1이이)품 | 유통기한 | 2 | CNDDOD | EQ | C | / | 2 | 8B 요플레 | 2 | 입 | 기획 | 토핑부터 특별하니까/ | KOB | 토핑 | 다크초코 | TOPPING | 유통기한 | 88%40 | 1 | 입 | 2 | / | Eh | 오레오 | TOPPING | 다크초코 | 토핑부터 특별하니까 | 1으(1이이 | 따크츠 브라우니큐키 솔티드 8[다즈 | 유통기한 | 오플레 | TOPPING | 다크초코 | 토핑부터 특별하니까/ | 16 | 88%40 | 유통기한 | N
002928,NONE,NONE,NONE,NONE,fail,요플레 | TOPPING | 다크초코 | 토핑부터특별하니까 | 4 | DEIOERIEE! | c8 | E | lc | 요플레 | 2일 | 기획 | 토핑부터특별하니까 | 토평 | 다크코 | TOPPING | 유동기한 | 12 | 입 | 2 | cB | EEIOREYE! | 159 | TOPPING | 크코 | 토핑부터특별하니까 | 4 | 띠으 | 요레 | 125g250 | TOPPING | 다크츠코 | 토핑부터 특별하니까/ | 유동기한
002929,2022,09,27,2022-09-27,s1,2022. 09. 27
002930,2022,09,27,2022-09-27,s1,2022.09. 27
002931,2022,06,30,2022-06-30,s1,Latbe | 돌체 라떼 | 24 STICKS | ：4152g（1920kcal） | [17.3g(80kcal)×247H | 연유파우더 0.8% | 유통기한: | 22.06.30 인천BD
002932,2022,02,01,2022-02-01,s1,식품위생법에의한한금시사항 | 트플리사우어글로우월즈식품유형캡디류 | 제품이면의 별도표시일까지 | (일월년순) | 100g(320kcal) | 01.02.22 | 08:13 | 060223233 | ER 100ge
002933,2022,02,01,2022-02-01,s2,060223233 | EAE | (일월년) | 이었인벌도시일까지 | 100g(320kcal) | 2 4 | BLIBU1000 | 01.02.22 | 08:13 | 100ge
002934,2022,02,02,2022-02-02,s1,Energieenergynerienerglaenergewartost | 포장재질플리프로필린수업 | uses  cui ucherl | 제품이면의별도표시일까지을 | 100g(340kcal) | - pe | 100 | 스지방Og지방O 0% 러스ny C 단9% | 02.02.22 | 207:47 | 060224 242 | Madeby/Distrbution: PrOducent/Dytrbutor:Gyito | 100g
002935,2022,02,02,2022-02-02,s1,02.02.22 07.47
002936,2021,11,11,2021-11-11,s1,￥3000 | 바라? | 82 | 미카카오함량 | DREAM | 82% | CACAO | 블루베리(10 | 21.11.11 | 드림카카오B24
002937,2021,11,11,2021-11-11,s1,나라? | 89 | 카카오함량 | 82 % | 21.11.11
002938,2021,10,NONE,2021-10-NONE,s1,10 | booz Wn!pos | UOLLBM | Best Before10/2021 | 041DSCLV08 | 4000001731
002939,2022,07,29,2022-07-29,s1,"COCOLIFE cOCOnT oil. | INGREDIENTS:100%UNREFINED, | STORAGE : Keep away from direct sunlight. | No refrigeration required. | Coconut oil melts at 25°c. | www.장수농가m | LOT NO. | VA351 | EXP DATE | 2022/07/29 | 8809413-6057"
002940,2022,07,29,2022-07-29,s1,"of the most nourishing foods in | medium-chain fatty acids(Mcr). | o ite recipes & body care wis | COCOLIFE COCOn ait. | INGREDIENTS: 1OU9 UNREFINED, | VA351 | 2022/07/29"
002941,2021,07,05,2021-07-05,rot90,489120 | 킨더초콜릿 | 영양정보 | 1일 영양성 | 10g당 | 기준에대한 | 20 | L三喜18.5mg | 탄수화물 8.2g | 나뉘먹기 중아요 | 당류 8g | 파티동 | 지방 5.3g | 스지방 0.2g미만 | 22.6g | 35mg | 콜레스테를 5.0ny | 8.7g | 단백질 1.3g | 300mg | 칼슘 45mg | 136.8mg | 245m | 1일영양성분 기준치에대한 비율(%)은 | 000kcal | 기준이므로 개인의 필요 열량에 따라 다를 | 있습니다. | ：33%：13% | 品五：1588-1539 | 프학널린행해 설랑 발지·빈품 및 교환:구입처 및 수입원 | 행로바달행·본제품은 공정거래위원회 고시에 의거 | 15:51 | L252XA--3 | 05 07 2021 | 교환 또는 보상 받을 수 있습니다 | RETAUASL | 139 | ·직사광선을 피하여건조하고 | 서늘한 장소에 보관 | ·원산지:이탈리아 | OTHER | 기지 | 유통기한(일-월-년순
002942,2021,07,05,2021-07-05,s1,05 07 2021 | L252XA-3 | 평 | 15:51 | 1:OEE: | E1O  | B: | 1이이:R
002943,2020,06,23,2020-06-23,s1,"2020.06.23 | 년델일'부장,량식품 신조는'국된"
002944,2020,06,23,2020-06-23,s1,2020.06.23
002945,2023,08,27,2023-08-27,s1,유통기한 | 보관방법 | 제조원 | 수입판책 | 27/08/2023 | .L02401 | 16:16 | 05709700734
002946,2021,09,25,2021-09-25,s1,chadiym sudhyim miekca | unfborusatgifacores | 000396042092 | 25 09 2021 HB 19 06:06 | hgpedetle an ingogpat
002947,2021,09,25,2021-09-25,s1,000396042092 | 25 09 2021 HB 19 06:06
002948,2021,08,12,2021-08-12,s1,apuy | 12.08.2021L260XG-U 11
002949,2021,08,12,2021-08-12,s1,12.08.2021 | L260XG-U11
002950,2021,04,30,2021-04-30,s1,국산원유로만든신선한크림사용 | 발효시킨 깊은풍미 | 2021.04.30 | 상하목장 | 우버터
002951,2021,04,30,2021-04-30,s1,2021.04.30 | 상하목장 | 클우버터
002952,2021,11,03,2021-11-03,s1,"48 | 옥수수:외국산러시아세르비아 | 카오색소,혼합제제1덕스트린,치자 | 네덜란드전지분유코코아매 | 돼지고기,우유, 대두 함유 | 지자황색소),혼합제제I] | 롯데제과 | 변질품은 | CHOCOLATE CHIP SINCI | 고객지원센터 | 롯데제과 | 달용안 선물이 가득! | OTHER | 21.11.03 | 까지"
002953,2020,05,28,2020-05-28,s1,Home plus | 야생화꿀 | Wild flower Honey | ：300g | ·보관방법:사용 후에는 뚜껑을 꼭 아 반드시 상온의 건조한 곳에 보관하십시오. |   이  이  | 고시 소비자 분쟁해결 기준에 의게 | 또는 보생을 받으실 수 있습니다. | 부정 블광식품신고는 국번업이39 | ·만 2을 미의 유해에게는 섭취시키지 마십시오 | 2020.05.28 | ·품질유지기한:
002954,2021,02,28,2021-02-28,s1,2021.02.28까지E6B | samlip | AMM | JAMrS | SOFT
002955,2022,11,04,2022-11-04,s1,Kelggs | 리얼 그래놀라 | 오리지널 | 올바른식품선택을돕는영양성분 기준치 | egg | HACCP | 유통기한 | 2022.11.04
002956,2021,01,02,2021-01-02,s1,주의사항·사용중 외관이 비슷한 소금 | 입되지 않도주의하십시오슬도 | 기준치한비율 | 0% | 31% | 100% | 1399 | 력 주십시올포장지에는 공기를배기 위해 작은 | 0% | 구멍이 려 있습니다. | (설탕은 장기보관이 가능한 식품이므로 제조일자만 표7합니다.) | 0% | 0% | 0% | %g.00kcal | 비닐류 | 리메수있습니다 | cj.co.kr | LDPE | 8801007102238 | ·제조연월일: | 2021.01.02 B 02:23 김민찬 | VE1
002957,2021,01,02,2021-01-02,s1,주의사항·사용중 외관이비슷한 소림 | 0% | 31 % | 100% | 구영이 려 있습니다 | 0% | 0% | 비널 | LDPE | @cj.co.kr | 81801007102238 | 2021.01.02 B 02:23 김민찬
002958,2022,07,27,2022-07-27,s1,仓丘100% | 오뚜기 | 순후추 | 韩100% | 450g | 고다는 | 본은분기준에거또는으수있습다. | 로·주사오기 | 15219 | 2022.07.278
002959,2022,07,27,2022-07-27,s1,至100% | 순후추 | 幸车100% | 2022.07.278
002960,2021,10,08,2021-10-08,clahe,개봉및사용 | 용기뚜을일 | 고모장을 | 후사용하신 | 보관방법 을 | 당선을 피하고 서널원 | 주신시오 습한 에서는 굴을 | 맛있는 요리제안! | 히브와천일염이만나고기을살래이 | 2021.10.0802 | 고객행복센터 | 페트 | 080-850-1200 | 166-5471（号） | F | www.ci.co.kr
002961,2021,11,21,2021-11-21,s1,202111.21 | Homeplus | Sige | 산고추로 만든 | 고가루 | Powder
002962,2020,03,13,2020-03-13,s1,AUSTRALIA | MACADAMA | FRO M | K | Custalia | #岁2020.03.13 | 제품명마카다미아 | 300g | 원산지호주산 | 포장일자후면 별도표기 | 포장재질(내면) 폴리에틸렌 | 080-700-8383（） | 반품 및 교환:구입처 및 판매원 | 한 포장라인에서 생산되었습니다. | 보상 받을 수 있습니다. | ·직사광선을 피하고 건조한 실온에 보관하여 주십시오. | 개봉 후에는 밀폐하여 냉장 보관하여 주십시오. | 1399
002963,2020,11,06,2020-11-06,s1,먹는 오뚜기 식초를 | 활용한 살림레시피 | 안심세척! | 식초를희석한 물에 | 과일과 아채를 세척하세요. | 안심살균! | 도마나행주는 식초로 | 닦거나뿌려주세요 | 안심행! | 빨래끼꺼기 넘 제거 | 옷색감 유지에도좋습니다 | 는1 | 저산도4.5 | 45는 음식공유의 망과 항을 잘실려주는 신 | 2020.11.06 F2i0
002964,2022,09,03,2022-09-03,s1,이스트로 맛있는 | 유통기한: | 우유식빵만들기! | 2022.09.03 | 필요한 재료 | 조리법 | 10분간 반축한다. | 동그렇게 동글리기 한 다음 15분간 휴지시킨다. | 2-3.반죽을 동그렇게 모양잡아 오분팬에 넣거나. | TIP | 3급기 | 일반적인 식빵모양으로 자르기보다는 | 180~200℃至 | 콤직하게 썰거나손으로 뜯어서 | 오일소스등을 찍어 먹으면 good!
002965,2022,09,03,2022-09-03,s1,유통기한: | 이스트 로맛있는 | 2022.09.03 | 우유식빵 만들기 | 필요한 재료 | 조리법 | 3금기
002966,2021,09,03,2021-09-03,s1,03/09-21 | （：1464） | L20312 | 12:03 | 제품 측면에 별도표시일까지(일/월/년) | 우유유 | 산용 | 2 | FRASCI
002967,2021,09,03,2021-09-03,s1,03/09-21 | FRASCI
002968,2021,05,28,2021-05-28,s1,"ELT | 2021.05.28 | ：早量801399 | 및함량 | 원재료명 | 유통기한 | 제조원 | 제품명 | 五：070-4610-4233 | 구운아몬드아몬드(미국산)] | 별도표기일까지 | 201304411637 | ],설탁, 복합조미식품[(설탕,정제소금(국산),혼합제제 | 80735421531"
002969,2021,07,07,2021-07-07,s1,"STRAI | CAN | 2021.07.07 | ：070-4610-4233 | ：早801399 | 통전한제움입니다반품 | 밀폐하여 냉장보관하시면 더육 | 있습니다.·보관방법:직사광선을 | 및함량 | 원재료명 | 유통기한 | 제조원 | 제품명 | 별도표기일까지 | 넷츠홀릭 불닭볶음향아몬드식품의유형 땅콩또는견과류가공품내용량30g | {고추가루(베트남산, | 포장재질내면-폴리에틸렌품목보고번호 | $ | 습니다.·본제품은품질유지를위하여 잘 | ：807354215324 | 201304116388"
002970,2022,11,14,2022-11-14,s1,"WORLDS | 카디 | 식품유형: 천연항신료 | 용도:고급식육가공, 이이스크림 | 1399 | 0 | 2022.11.14"
002971,2022,11,14,2022-11-14,rot90,2022. 11.14 | WORLD
002972,2022,03,20,2022-03-20,s1,유통기한 202203.20
002973,2022,03,20,2022-03-20,s1,유동기한202203.20
002974,2022,03,15,2022-03-15,s1,PROD: 21/09/2020 | EXP: 15/03/2022
002975,2022,03,15,2022-03-15,s1,PR00:21/09/2020 | EXP:15/03/2022
002976,2020,05,12,2020-05-12,s1,YYQ오일 | VANILLA YQOL) | 1.：1.2% | 2.：5.0% | 4.7：2.0% | 2020.05.12 | ·직사광선을 피하고 건념한 곳에 보관 | )8% | 한소비자분쟁하기준에의거 정당 | 받을 수 있습니다 | 1399 | ：031-353-6871
002977,2020,05,12,2020-05-12,s1,4YQ오일 | 2020.05.12
002978,2020,07,20,2020-07-20,s1,이미지사진 | 무위 | 号号：115（480kcal） | 유랑면 | CHOICE FOR US | 윈도오보머보 | o무 무브 r위 r위nn | 묘무ㅇ수드 | S | 20.07.20까저M8C F
002979,2020,07,20,2020-07-20,s1,무오 | 号号：113（480kcal) | 눈도오보름보 | o무nn | r묘무 o도드 | 20.07.20까저M8C
002980,NONE,NONE,NONE,NONE,fail,"COLORED AND | FLAVORED WITH | sna | FRUIT JUICE | pack | gummy/worms | YUMMY | EART | OGM WORS) | 식품유형 밴디류 | 区E：031-982-49 | Our PIanet Frlendly Ingre | 12853 | 시스설팅, 모도당 절라터되지 옥수수전분 | 석복숭아항 | Cane Sugar | 돼지고기 복숭아 함유 | Peach flavor | Ponegranate flavor | 'WE PROAMET | Carrot Julce | 합법: 직사용선을 피하고 실은에서 보 열려드시지 아십시요 | SEE | 0139 | 불기준에거상범을수·5이하의 어린이 | YummyEarth Good for us. | 노·상 | Good for Mother Earth. | 수니이은  | 토아토를 사용한 제품과 같은 제조사설에서 제조하고 | 영양정보 | 320g | 2021.1217 | 星号17mg1%巴伞封号78g24%异59g59% | 100g号340kcal | 0%三0g0g0% | 量Omg0%E型7g13% | ade in France | Hyearth.con | We're Proud of | unts | syrup | 폴리프로플 | 구입처 또는 수입원 | 있습니다 | OTHER | 号17g78g24%59g59% | 영양정보 | FRUIT JUICE |  Org 0% | ” | FLAVORED WITH | COLORED AND | 0%三人不0g0g0% | 공합법: 직사공선을 | E聘型7g13% | 피하고? | gummvworms | 지입는법:년월일 순) | WORNSI | 구입처 또는 수입원 | 포장재질 | 100g号340kcal | 48320g | 돼지고기 복 | 2853 | T식품유형 밴디류 | 이하의어린이 | 폴리프로필렌 | 2021.1217 | Carrot Juloe | Ponegranate flavor | Peach flavor | ryearth.co | Cane Sugar | Good for Mother Earth. | YumnyEarth Good for us. | syrup | 5 | pie | 7 | pacl | sna | eus | Jped C | suuoMwwwns | sn Jof poog yueghumy | uebns euen | PO00 | 89287 | %060600 | ul | %0 6u |  6/%6 | 0    | bhlo | sn o poog Yueghun | ns eue | dnufe  | Jo pnoid euM | 90286-160： | 한 | suaomMuwns | yoed | eus | COLORED AND | FLAVORED WITH | sna | FRUIT JUICE | pack | gummv/worms | YUMM | YumE | EARTH | rthwes bomove | 구OGM WORG A통유형 C | We're Proud of | 区制E：031-982-49 | Our Planet Frlendiy Ingre | 1至2853 | 0 | 스설당,포도당 필라텐돼지 우수수전분. | onts | 씬 전연망뢰 | 항복숭아항 망고향) | 사 과농축액 | Peach flavor | Ponegranate flavor | WE PROM | Carrot Juloe | ALHASTE | :직사광선을 피하고 실은에서 보관' | 얼려드시지 마십시요 | SONSNG | SNEETO | 부행기준에의거 교할 는보상받을수·5세이 | 10/1399车 | 소비지 | 반품' | YumnyEarth. Good for us. | 노약지 | 심를 금하여 주시요·과시 치아슨상 | Good for Mother Earth. | 수 이은. | 사용한 품과 같은 제조 사설에서 제조하고 | 있습니다 | 영양정보 | 320g | 2021.1217 | 영영정보 | 100g号340kcal | 号17g1%巴个到量78g24%异59g59% | 0% 트랜스지방 Og 포화지방 Og 0% | 量Omg0%型7g13% | 으의으수있 | 257 | ade in France | OTHER | nbuted by YuhyEarth ingo | yBroadStStarnforaetp6902 | nryearth.com | COLORED AND | FLAVORED WITH | sna | FRUIT JUICE | pacl | gummy/worms | YUMMY | EARTH | 식품유형 | 캔디류 | 제B명 | 구미월IGLMMY WORMS) | We're Proud of | Our PIanet Frlendly Ingre-nts | 区TEL：031-982-4905 | 2853 | 시로사스설당,포도당,절라티(되지, 옥수수전분, | 1연산,천연항뢰석류향 복숭아향 망고향) | 하비리기유 카나우버역스 블랙일더비리농축액 사과농축액 | M syrup | 호박능의 무농액 운농축액 당근농축액 블랙커런트 | Cane Sugar | 농축액 파프리카농축액 | 돼지고기,복숭아 함유 | 30100ca | Peach fIavor | 드기일지읽는법 원일 | ""WE PROMRE | Pomegranate flavor | 제조사 /PGRSON SW | 원신지 프랑스바구입처 또는 수입원 | Carrot Julce | ALMAS KE | '보관방법:직사광선을 피하고 실은에서 보관 얼려드시지 마십시요 | SNETMS | 01139 | YumyEarth. Good for us. | 분정해결기준에 의거 교환 또는 보상 받을 수있습니다·5세이하의 어린이 | 및 노약지는 성취를 금하여 주심씨요·과다섭취시 치이손상 | Good for Mother Earth. | HNEN | 이나설를 유을수 있습니다 이제능은 은. | 토마토를 사용한 제품과 같은 제조 사설에서 제조하고 | 있습니가 | 영양정보 | 香4张320g | 2021.1217 | 강양정보 | 100g340kcal | LE号17mg1% | 巴伞点量78g24%异59g59% | 0%0g0g0% | 를Omg 0% | E型7g13% | 200 | 591257 | OTHER | ade in France | inibuted by YunipySarth Inc | NBroadStStarford eT06902USA | Hyearth.cop"
002981,NONE,NONE,NONE,NONE,fail,"Dack | COLORED AND | FLAVORED WITH | FRUIT JUICE | gummyworms | OMM | EARTZH | SWEETAD | 2021.1217 | 영양정보 | lociag irarpeigdes | Wo' ra Prod of | Sogu | WE PICNC | ALARG | Peah Plavor | Carrot Juloe | -TNED | YanmuEwrth Good Ar ue | Good For Mothar Earth |  O | FRUIT JUICE | COLORED AND | 경양정 | 2021.1217 | o | Opacl | yaed C | L33RS | SuuuoN | p | 1I2L | no | 30 | mypoogaghiuna | 03 | 0 | uuns | suuuom | ped C | Dacl | COLORED AND | FLAVORED WITH | FRUIT JUICE | Vornns | WEPI | Good fir ul | 2021.1217 | 화지 | Dack | COLORED AND | FLAVORED WITH | FRUIT JUICE | gummvworms | ecady mdorehakrdoe | N | d adae locrg frarpe rgees | YUMM | nUU | EARTR | Wo"" re Proud of | Our Pianet Priandly Ingre ats | 3 | PPE1보 | Came Sogr | NE POMET | Peoch Fiavor | SWEETOR | Ponogranate Plavor | Carrot Juloe | -TNEn | Ymnybarth Good fie ur | Good For Methar Eartis. | A | U | 2021.1217 | 20 | 영양정보 | 空好大湾% | Myearrh.co"
002982,2021,09,14,2021-09-14,s1,"통기한 | 2021.09.14 까지 | 제품면: 프레첼갈릭버터맛 | 号：:85g(412.kcal) | 식품의유형: 과자(유처리제품) | 49-510号 | HR | ：0319486399 | 유통기한:별도표기일까지 | 레외국산이 | 터 후레바파우다),설탕,"
002983,2021,09,14,2021-09-14,s1,2021.09.14 | 연: 프레첼갈릭버터맛 | 88：85g(412kca) | 심의유형 과자(유처리제) | R | - | V. DPDA BR O
002984,2021,05,01,2021-05-01,s1,"1399 | 광소구입처·본계품은 공정거래위원호 |  공을 피하고온도습도기 낮은 곳 | 4838g207kcl | K71128-08K18-0S | 알루미늄레이크),콘시럽고형분 | 식용색소 행색제4호 알루미레이크식용색소청색제1호 | 소금,평정계학색로(식용색소 적색제40호 알루미레이크 | 2021.05.01"
002985,2021,05,01,2021-05-01,s1,2021.05.01
002986,2022,04,01,2022-04-01,s1,1399 | 비지분생결기준에 의거고한또는 보상받을수 | 소:구입처·본제품은 공정거레위원회 | 영리광서울시 서초구 언남길 5(영재동 신성들딩) | 41838g213kcal | 王鲜12g809 | 0680-21-9800 | ANDES CANDIESLP | 2022.04.01
002987,2022,04,01,2022-04-01,s1,2022.04.01
002988,2021,07,20,2021-07-20,s1,"간편하고 | 맛있는 | 낙지젓 | 내용량 | 120g | 제품명 | 맛있는 낙지젓 | 보관방법 | 0~10℃ | 유통기한 | 하단별도표시일 까지 | 유형 | 양념젓갈 | 품목보고번호 | 20130208856-30 | 정제소금20%,글리신],생강분말중국산,정제소금(국내산) | 폴리에틸렌(내면) | 스스명및소재지 | 릿교환장소 구입처 뜨는 제조 및 판매권 | 병물품신 국번업이 3 | 단지 | ：809352812130 | 2021.07.20-5"
002989,2021,07,20,2021-07-20,s1,간편하고 | 맛있는 | 낙지젓 | 으용기한 | 201302086-30 | 소 구입처는제조 및 판매원 | E지 | 8809359812130 | 2021.07.20V6
002990,2021,03,20,2021-03-20,s1,"마파두부 | 고소한두부와돼지고기,표고버섯,죽순을두반장과 | 굴소스로볶은 중화풍두부안주 | :아색하고은은한의 죽순 | 21E | 이미지예 | 250g4%0%.04%） | 유통기한 | 524%2%2%，.17% | 2021.03.20지"
002991,2021,03,20,2021-03-20,s1,F파두부 | 글소스로휴은 중화용투부안주 | [Uab] | 号25g/号44%号10%（804%） | 寸5.24%全期2%开卫快圳2%全117% | 2021.03.20m
002992,2021,02,21,2021-02-21,s1,"박임식품 | Baegallcosa | HACCP | 2021.02.21까지 | 소담한두부 | 지연들담은 | 부드러운두부/국,찌개용 | Sodam-han Soybedn Curd | ·본 제품은 공장·G영원회 고시 소비자 분정배결 기준에 의거 교환 | 및함량 | 베이트65,소르비탄지방산에스테르 카르복시에틸셜를 | 1399 | 로오스나트름,정제영) 대두함은 | ·사용상 주의:개봉 후에는 가급적 발리 드시는 것에 좋습니다. | NH농협 | 330g | 3억원 생신물 책임보험 가입"
002993,2021,11,22,2021-11-22,s1,2021.11.22
002994,2022,07,13,2022-07-13,s1,4080 | 70225%号- | 재질내인:용가-유리병플리에들티플리 | 프로클P유통기한하단표기일까지 | 방이지않도록 | 하시오 사용중약간의침전들이길수있 | 제품변질이 아니므로안심하고사용하서도 니다 | ·반풍 및 고환장소:본사 및 구입처·부정·불량식품 신고는 국번 | 수 있습니다.·업소명 및 소재지대상(주)오산공장경기도 오산시 가장로 | 고객상담실 | 영양정보 | 国人0g至0g0%人量0mg0%#0g0% | 2022.07.13
002995,2022,07,13,2022-07-13,s1,이지도 |    사 | 2022.07.13 A
002996,2022,10,15,2022-10-15,s1,프렌스콘 | 카놀라유 | 2022.10.15 | 까지 | 안생사용법 뚜껑을 열면 마개가 함께 열리며 | 을 달도하영가다 | 동결한상 등 | 동는수고의성으로 품는 | 나시시주시용중공기시간노는간의 | 유형카라유 | o500m（25C） | 100%（ | 제조원 | 유통기한단표기일까지 | 2019032443443 | 포장재질용폴리에틸렌테레프탈레이트뚜껑-폴리에틸런 | 대두 우유 식고기게땅콩혼입가능 | 소비자기본법에따라 피해보상 | ：080-024-231（） | 영양정보 | 100g900kcal | .09m) | 나트륨 | 탄수화물 | 당류 | 콜레스테를Omg 0% | 단백질 | 8801045450018
002997,2022,10,15,2022-10-15,s1,카놀라유 | 2022.10.15  | 사 오기 경기도 평택시 모승을 포승공단로2 | A가능 | 스비지기에라피보상 | /1399 | 2营：080-024-2311 | 100gg900kcal | 트랜스지방O포지방 | PP
002998,2021,10,07,2021-10-07,s1,2021.04 | 号卫202046408-32 | 유통기한단표기일까지 | 0139 | 8801007185910 | 2021.10.0711:15
002999,2021,10,07,2021-10-07,s1,2021.10.07 11:15
003000,2021,10,12,2021-10-12,s1,·제품명진한맛과향이가들가름 | ·원재료명및항량 | 力营100%号 | ·보관방법직사광선을피하여 | 서늘한곳에 실온보관 | ·반품및교환판매원및구입처 | 培号丘克20020498314103 | Penilaoil | 제조원주참고을 | 2817 | 장재질 폴리에틸렌캡유리용기 | ·홈o.ww.chko.o.kr | 2021.10.12 | 식품의유형 | 들기름식용유지 | 300mL(25c） | 2.505 cal | 07:LDPE | 8801759000622 | 재활용어려움
003001,2021,12,05,2021-12-05,s1,강비딩 | 1577-7966 | 니다. | 참기름 | 表4号：300ml | 加mg830kcal | 1일영영성팀 | 대한비율 | 0% | 170 | 2021.12.05 | 쌀가공식품선두기업 | 일갑농산 | 칠갑농산(주
003002,2022,06,18,2022-06-18,s1,"器号空用章19790190025-145 | 외국센네트남 미안마,인도 등 | 지당주 인천광역시중구 서해대로 NAR일 | 포장자질내면 마가-물리네널린 | 300mL100g900kcal | 0m0%午量0g0%异0g0% | 185%3% | 量0mg0%0g0% | 00 | 2022.06.18 10:30 | DPFLDPE | 라빨PP"
003003,2022,11,26,2022-11-26,s1,유통기한:2022.11.26 | 까지 | ·하나 | 네덜란드와인도네시아산코코아분말로 | 더욱 진하고달콤한맛 | ·들· | 엄선된재료를최적의비율로만든 | 담터만의 부드럽고 풍성한 핫초코 | 셋· | 스틱포장으로언제어디서나 간편하게 | 감미로운정통초클릿 맛을느보세요 | 담터 앗초코 맛있게 드시는방법 | (90m | 영양정보 | 320（2016） | 至（2083kcal | 2%1.6g | 나트륨 49mg | 1695 | 트랜스지방0g | 风1.5g10% | 号118 | 人量0mg0%1g | ·스틱 끝부분이 날카로우니 주의 하십시오. | 11399 | 교환문의처:구입처 및대리점
003004,NONE,NONE,NONE,NONE,fail,"수입원:(주)어씨디글로(wwwscdala | 산지:독일 | 제회:W.LoH.I | 식품유형:과자류 | 16%))(<nabber | www.knabbi.de | www.kuechle.de | D-89303 Gunzburg | Postfach1336 | W. u. H. Küchle GmbH & Co. KG | ·제품명:크나버 종이과 | Safflower Konzentrat, brilar tblau F | D: Zutaten : Weizenmeh! s arke, Aros | kuphle GmbH&o.Ke | 18号：25g85kca | spapierappie | 학성향료(사과하 | 사과향 | 식접 | 위생법에의한한글표시사항 | 05.2023 | D9481 | 이레 | 홍농 | Emulgator: Lecithine, SüBungsmitel:Sucralosr, | ·원,년순) | 안:세출뒷면2시된해당의1일까지 | 경보밀함서·포장개질:폴리프로필렌 | 139 | *()안의 송치는 1일영양소기준치에 대한비율임 | 기준니으로개인의 필요열량에 따라다를수있습니다 | （%）2000kcal | On:g(0%) | 콜레스테롤 | 지방0g(0%) | 0mg（0%）19.5g(6%）0g(0%） | 영양정보 | 식요색소청색 호(착색료) | 구인처 민수의원 | 25g（85kcal） | 단백질2g(3%) | 트랜스지방 0g | 포화지방0g(0%) | 25g | 사가향)가라기레시틴(산제),수크랄로스감미코 | 원지료명:2가루,감자전분천연향료(사과향,합성향로 | ""o | 3 | 5 | 6 | o0 | 1l9 | 2 | 8 | 2 | 05.2023 | (%0)6u0 | D9481 | （%0）60品 | (%0）60 | 60 | (%0)60 | 사 | 10 |  () | (%9 | sucralose, safflower concen'rdte, coloul brilliant blue FCF | D:Zutaten:Weizenmehs arke,AroEmulgator:Lecithine, SuBungsmitel:Sucralosf. | Safflower Konzentrat, britlai tblau F | 식품 위 생법에 위한 한글표시사항 | ·제품명:크나버 종이과치사과항 | 원지료명:경가루,감자전분 전연향료(사과향),합성향 | 사가향)라기레시틴(제),수크람로스(감미로 | 16%))(nabbers ∂apierappie | 식용색소청색호(착색료) | 유형·과자류 | 용량:2g(5kci | 함·포장캐질:폴리프로필렌 | W.LoH.Kuchle GmbH& | 뒷면시된해당의 1일까지 | 순) | 입원:(주)어스씨디글로벌(www.scda | 근인처 미수의원 | 영양정보 | 25g（85kcal) | 82S | 0mg（0%）号19.5g（6%）0g（0%） | 트랜스지방 0g | 포화지방0g(0%) | 지방0g(0%) | 콜레스테롤 | Onig(0%) | 단백질2g(3%) | 1（%）2000kcal | 기준므로개인의 필요열량에따라다를수있습니다 | M | *()안의 송치는1일영양소 기준치에 대한 비율임 | W. u. H. Küchle GmbH & Co. KG | 1399 | 25g | Postfach1336 | D-89303Gunzburg | www.kuechle.de | www.knabbi.de | (960）6 | () | （%（%)（% | 66 | ( | 60 | (%)2 | （%0）60% | (%0）6uo | (곳 | 3 | ㅇ | 9 | S | t | (%9 | <금 | MHOnMENEIL | \t | ((%9 | 수입원:(주)에 | 산지:독일 | 제초회:W.L.H. | 식품유형:과자류 | 16%))(<nabbersapiera.ppie) | 천연향토사과향.16%),바성향료(사과하 | www.knabbi.de | www.kuechle.de | D-89303 Gunzburg | Postfach1336 | W. u. H. Kachle GmbH & Co.KG | ·제품명:크나버종이과자 | Safflower Konzentrat, britlai tblau F | D:Zutaten: Weizenmeh! | sucralose, saflower concen'rate, colout brilliant blue FCF | 씨디 | 8号：2g5kco) | > | irile GmbH | 사과항 | 20 | 식감위생법에의한한글표시사항 | 05.2023 | D9481 | arke Aro , Emulgator:Leithine,SuBungsmitel:Sucralosr, | 밀포장리프로필렌 | (사가향 =나라기레시탄( i제),수크랄로스감미코 | 원지료명:달가루,감자전분천연향료(사과향,합향로 | 4 | o | 3 | 5 | 6 | 1l9 | 2 | 5 | 2 | 8 | 2 | 8 | 1399 | *()안의 치는1일영양소기준치에대한비율임 | （%）200kcal | Ong(0%) | 콜레스테롤 | 지방0g(0%) | 0mg（0%）19.5g(6%）号0g(0%） | 영양정보 | 순뒷면 시된 대당의1일까지 | 식요색소청색거 호(착색료) | 기준 | 구이처만이- | 으로개인의필요열량에 따라다를수있습니다 | 25g（85kcal) | 단백질2g(3%) | 트랜스지방 0g | 포화지방0g(0%) | 25g | 원산지:독일 | 제회:W.LoH.kuchle GmbH&a.Ke | 四：号：25g（5kca | 수입원:(주)에스씨디글로벌(wwy | 16%)) | D-89303Gunzburg | Postfach1336 | W. u. H. Küchle GmbH & Co. KG | www.knabbi.de | www.kuechle.de | ·제품명:크나버 종이과치사과향 | nabberspapierappie | D:Zutaten: Weizenmehs arke,AroeEmulgator:Leithine, SuBungsmittl:Sucralos, | Safflower Konzentrat, britlar tblau Fol | sucralose, safflower concen""rate, colour brilliant blue FCF | 식숍 위 생법에 위한 한글표시사항 | 05.2023 | D9481 | 이레가정보A밀함·포장개질:폴리프로필렌 | 홍사농 | 사까향) | 원지료명:결가루,감자전분 전연향료(사과향),합성향료 | 통11안:세품뒷면 | 3 | 5 | 0 | 원,년순) | T화구인처및 | 기준므로개인의필요열량에따라다를수있습니다 | （%2000kcal | Ong(0%) | 콜레스테롤 | 지방0g(0%) | 0mg(0%）19.5g（6%）0g（0%） | 25g（85kcal） | *()안의 송치는 1일 영양소 기준치에 대한 비율임 | 식용색소청색체1호(착색료) | 나라기레시틴(우산제),수크랄로스(감미로 | 시된해당의 1일까지 | 단백질2g(3%) | 트랜스지방 0g | 포화지방0g(0%) | 25g"
003005,NONE,NONE,NONE,NONE,fail,"입원(주)의 | 양 사과향16%). | 제품명:크나버 좋이과차 | W. u. H. KOchle GmbH & CO.KG | D-89303GUnzburg | Postfach1336 | Safflower Konzentrat, braa tblauF | D:Zutaten: Weizenmeht  arke, ro | www.knabbi.de | www.kuechle de | 号：2ig65k | 사과항 | 식점위법에의한한글표시사항 | D9481 | 05.2023 | 원거료명:A사루,감자전분 | mulgatorLcthinSBungmi:os | 라기래시민 | 플레스테를 | 이만의치는 1일영양소기준지에대한비용 | 기로개인의요업라수였습니다 | 당니1일까게 | 1제수크답로스감이 | 원연향료(사과방방 | 트랜스지방0g | 1질플리프모젝랜 | 회학력) | 출지·독법 | 국자류 | nabber | sucale,sawer cncenr lu brillanblUeFF | 씨디금 | Hile Gmbl | apier | 8 | 2 | 8 | lo | 0g0 | 욕소청위회 | 293元 | g | aanym | 05.2023 | 9EEI UP | 1 | D9481 | 0 | 00 | 일양 | agqeu | (X | ( | (91 | sucralose,safflower concen.rate colou brillat blueFCF | DZutaten:WeizehkEuioctineSunm | Safflower Konzentrat.bra tlauF | 식접위정법에 위한 한글표시사항 | 원치료명:사무,감자전분전연향료사과항방1 | 품명:크나버 좋이과치사과항 | 박성학료사과에 | 나라기래시틴터제수크람로스감이트 | 사과향(16%). | 식요속소청약원회학책 | nabber | sapier | 질플리프로필법 | 패1일 | 김원:(주)에조씨 | 나Ongo% | 宁科号195g80g10m | 00 | 트랜스지방 0g | 0g | 기0g0) | 레스테를 | 中话话23元 | 기존 으로개인의요업에라다를수있습니다 | PP | 이만의 수치는 1일 영양소기준자에 대한비용일 | 平8，提81399 | 25g | W. u. H. KOchle GmbH & Co.KG | Postfach1336 | D-89303Gonzburg | www.kuechle de | www.knabbi.de | B | 60 | 른 | O | Aneq | DHSDZ8 | pany | (91 | 9EE1 peys | 세품명:크나버좋이고2사과 | 사과향16%). | W.u.H. KOchle GmbH & Co.KG | Posfach1336 | H지류 | nabbet | Saflower Konzentrat, bria tblauF | D:Zutaten:Weizenmeh | sucralose,saffower concen'. | ERngredient:wheat four,st | www.knabbi.de | www.kuechle.de | D-89303Gunzburg | 용량:2 | Dapieropy | S | 가상학l | 식위법에여한한글표시사항 | colou brilant blue F | cn. | D9481 | a-Lunng emukher sunflowelearas.t | 05.2023 | 원료명:사루,감자전분 | [Une] | 나라기레시팀터 | 0 | 2 | O | 식 | 6 | 지l0g0) | 19  | 영양정보 | R육소청속 | 2 | 플레스테를 | 만의~치는1일 영양소 기준저대한비을일 | 42g | 제수크로스감이 | 신인향사과형한학 | 트레스피방0g | 입원:(주)어스씨디금로텔 | 유현 | 제품명:크나버 종이과치사과항 | 지·독일 | ·광자류 | nabber | W. u. H. KOchle GmbH & Co. KG | 무 | eenun | Postfach1336 | D:Zutaten: Weizenmeht Sarke, Aro | sucralose,safflower concen.rate colou briliant blue FCF | www.kuechle.de | 0-89303 Gunzburg | Safflower Konzentrat, brital tblauF | www.knabbi.de | &E | H.MUrile GmbH& | u喜号：2ig65kg | Japieraop | 식접 위 생법에 위한 한글표시사항 | D9481 | 05.2023 | 원지료명A사무감자전분전연향료사과항방 | Emulgator:.Lecithine,SuBungsmitel:s | 8 | 2 | 2 | 라기래시틴터 제1수크람로스감이트 | 6 | 6 | 0 | 요색소청약원회학책 | 플레스테를 | 지방0g0) | 0rg/0% | 기 | 이만의 수치는 1일 영양소기준지에 대한비율원 | 스포기 | 으로개인의 괜요업방에파라다를 수있습니다 | 시원개당 의1일까? | 1정폴리프로필변 | 트랜스지방 09 | Ses | 포화지방0g"
003006,2022,05,26,2022-05-26,s1,Moueuysuew | Ssiuu ssims | 2022.05.26 | Swiss miss
003007,2021,11,30,2021-11-30,s1,"마이끼 이이 | AR CHEESE | 097%至 | 20140332468-15 | 의건조한 곳에 보하시고,개는 기적리 | 방소구입상청및본에서항상 교환해드립니다. | Neet Up for | Fn: | 260942189 | 2021.11.30 | w.samjin.net"
003008,2021,10,05,2021-10-05,s1,이 | ynuppy aS S | 미니바이 | 05-10-21 21:04 6 | 62 | S/OS/n/ap// | 60 | 699 | B6L
003009,2021,10,05,2021-10-05,s1,05-10-21 21:046 | //
003010,2021,12,11,2021-12-11,s1,"Flavor. Lactic Acid, Tetrasodim Pyrophosp | andBrilliantSue1E133) | No. FR- | attrn | 밀로우 엘로우 트위스트 | 식은형캔디 | g(472kcal) | 원산지필리핀 | -도당시럽실당,정제수캘리최기D-소비를 | RE FOODS | Net Weigh | 빈성전분한성향료(멜포행) 정산니트피 | ORATION | 인산나트름 정산우유)착색료(식용색소 | 22（）02-723-8175 | 440 | 星57.312克） | 알유쇠고기우유함유 | Suceré | 첫면 별도표기일까지 | |보관방법 직사광선을 피하고 건냉한 곳에 보관 | BEST BEFORE:월일/년 순)] | 미니비 | 수 있습니다 | Best Before: | 1399 | 교환장소:구입처 및 수입원 | 이 www.msimall. | 11 12 2021 | 11181253"
003011,2021,12,11,2021-12-11,up2x," Geins,Sorbtol Modted Con starts | uo. Lactie Acid, Tatrasodium Pyrophose | (TspP) Sodum Lactale and Anicia Co | Y | andBrwte1E133) | 은 우 로스트 | JRONCI | By.S COn | 472kcal) | Cy BrgyTy Mls Bcan. P | 원산지필리핀 | RE FOOOS | - | No.FP. | ORATON | 원재명 | 성보 | 24102-723-8175 | 8784524223 | Net Weigh | 5元312日 | nabe | 연명도표기일까지 | A기 위유싶유 | 모창집 프로엔 | B5OSE 일신인 | 보관병리 경을 고 건냉한 보관 | 평거래위원회 고시 소비자 분쟁해결기준에 의거 교환 또는 | Sucere | 있습니다. | 징소:구입처 및 수입원 | www.msimnr | Best Betore: | 90 | 03 | 11 12 2021 | 11181253"
003012,2024,01,29,2024-01-29,s1,원산지 멕시코 | 영양정보 총 | 나트륨 | 지방 91 | 콜레스테 | OIL | 29.Jan.2024 | L21029 N1725
003013,2024,01,29,2024-01-29,clahe,0 | 영양정보 | U | BAG | VITH | OIL | 29.Jan.2024 | L21029N1725
003014,NONE,NONE,NONE,NONE,fail,1UM POWER | y CiNnaMen FLaX | ALWANS | Lets stay connected | fo | B | 부튜FOR트 | TUN | ：44W | 13617 | WEBERRY TASTE | NDSESSAANS | y CiNnaMen FLaX | 1UM POWER | UEBERRY TASTE | fP | ALWAAS | ASLES PPPIE | 00 | 0 | Xe ueweZm h | ' | Xel ueweuns h | Mtt | 'Nns | 1S | d | 4 | Let | onnecteest | fo | p | 1UM POWER | BESI | 10 | y CiNnaMen FLaX | JEBERRY TASTE | ALWAYS | RGA | 2 | 1BENORE | 1UM POWER | REFORE | 13:44W | 136017 | y CiNnaMen FLaX | WEBERRY TASTE | ALWANS | WROSESAAN
003015,2022,07,01,2022-07-01,s1,"Tootsie | 리 설당시유,지우유코아 | Ron | Midgees | 오지항설당시유농지아 | 영양성보 | （0.05%）： | 탐지우유코아,유청,구연산대두러시티 | 100g | 리프로 | ·로다 우리가있니드 | 스지방09 | 식품위생법에 의한 한글표시사항 | ·로수 | M70237-07C18 | 스터0mg |  주시 | 소비시""당실(수신자부담) | · | 080-215-9800 | 2022.07.01 | 88091411470237"
003016,NONE,NONE,NONE,NONE,fail,Tootsie | Ron | 080-215-9800 | 2022.07.0 | E | Midgees | M7Q237-072 | 8 | 8091411 | 470237 | 2022.07 | lootsi | 0096-517-080 | (B | Tootsie | Ron | Midgee | 07 | 080-215-9800 | 2022.07.0 | 809141 | 47C237 | AAS | Tootsie | VAE | Ron | Midgees | 영양성보 | 00 | PE | 0 | T6og | 0.0 | M70Q237-070 | 0m9 | 080-215-9800 | 대 | 2022.07.0 | 8 | 8091411470237
003017,2022,02,23,2022-02-23,s1,GRAPE GUMMY | tion Facts | 100g(3.52oz) | 380 | 1.0% | 0.0% | 20% | 32.0% | NAMAPRODUK: GUMMYANGGUR | ate88.0g | 1.0% | 0g | 5.0g | Added SUs | 76.0% | GLAT SORBITOL MEO UNGIBAHAN | AHAN PRISAR KONDIG ONER MAKANAN | WEGBERABERSH净重2000克 | DMANUFACTURED BY: | 2022.02.23
003018,2028,01,04,2028-01-04,clahe,X | 아자흡분말0이3일기 | 2028.01.04 | U:S
003019,2021,11,13,2021-11-13,s1,"ORUN | 바삭지 | 21-11.13 | CRUNCH CHOO | 까지 | Kcal),"
003020,2021,03,23,2021-03-23,s1,쇠고기를사용한 제품과같은 제조시설에서 제조하고 | 있습니다.이 제품은 소비자분쟁 해결기준 | 에 의거 교환 또는 보상을 받을 수 있습 | 니다.·부정·불량 식품 신고는 국번없이 | 1399080-589-3223/4 | 2021.03.23 | 14:58 | 1D
003021,2021,03,23,2021-03-23,s1,쇠고기를사용한 제품과 같은제조시설에서 제조하고 | 있습니다.이 제품은 소비자분쟁 해결기준 | 에의거 교환 또는 보상을 받을 수 있습 | 1399：080-589-3223/4 | 2021: 03. 23 | 14:58
003022,2021,11,01,2021-11-01,s1,20m3.000 | 2021.11.01
003023,2021,11,01,2021-11-01,clahe,2021.11.01
003024,2021,09,13,2021-09-13,s1,"SKIFVT | SKPP | 13.09.2021 | L257XW--02:22 | ·식품의 유형:준초콜릿·원재료명및성분 | -알레르기정보:헤이즐넷우유,대두항 | 영양정보"
003025,2021,09,13,2021-09-13,s1,"SKCI2V2 | 13.09.2021 | L257XwL-02:22 | nutella | 하루를 시작하는 행복한 방 | -알레르기정보 헤이넷우요,0두"
003026,2021,04,10,2021-04-10,s1,"21.04.10까지 | H客号：560g | 4주의사항 | 유통기한: | 상단표기일까지 | 초리하지 마십시오 | 품목보고번호: | 밥드시 개옹방법을 춘수해 주세요. | 1992015423619 | 37.5%/01号， | 인하여 변질의 우려가 있으니추의 하십시오. | 트치즈 |[자연치즈 | 제품에 치즈가 번져보이는 것은 치즈 | 제,가공치즈,산도조 | 알갱이므로 변질품이 아닙니다. | 치즈(호주산/원유 | 설탕,대두유,분리대 | 미액,L-글루탐산나 | 5‘-이노신산이나트 | 합성향료(치즈향) | 引量5mg2%497% | 대두함유 | （%2000kca | 주십시오 | 환 또는 보상받을 | 개봉방법"
003027,2021,09,28,2021-09-28,s2,"Packs |    | .,LTD | Product Name /Blueberry Cake | Nom du Produit Biscuit Myrtille | al |    | Ingredients/ | Wheat Flour, Sugar, Maltose, Wax Gourd, Blueberry. | Ingrédients | Margarine[PalmOil,Salt, Lecithin(E322), |   | Artificial Butter Flavor, β-Carotene 1. Butter, Egg. | 12% |  ()  | MilkPowder,BlueberryFlavor,Salt,β-Carotene(E160a) | 37% | Farine de Ble, Sucre, Maltose, Courge Cireuse, Myrtille, | 50% |  β-()1 | Margarine[HuiledePalme,Sel, Lecithines(E322). |    | Arome, Carotene I .Beurre, CEuf, Lait en Poudre, Arome, | 61% | Sel,Carotene(E160a) | β-() | Net Weight/ | 184g(6.50z) | 113% | Poids Net | (23g×8Pieces/23g×8) | 9 | 35% | 184公克（6.5益司）（23g×8入） | Shelf Life/ | Shown on the package | Voir date indiqube sur | Best Before/ | Shown on the package | 1913% | conservation | Durée de | 'emballage. | A consommer de | remballage. | Voir date indiquee sur | preference avant | BEST BEF0RE:2021/09/28 | W5 | Aliergen Inomation Contains eoa. wheat. | milk, soybears. | MD)"
003028,2021,09,28,2021-09-28,s1,"Product Name Bluebery Cake | Nom du Produt Biscut Myrtile | Wheat Fiour, Sugar Matose, Wax Gourd Blueberry | Margaine[PalmOSaltLecithin(322] | () | Atfcia Buter Flavor.B-Carotene Butter,Egg | MiBtCoee | B-()1 | MagaHuledPam,Se,LicesE2 | ·B-() | 净重量184公克（6.5盗司）（23g×8入） | BEST BEFDRE: 2021/09/28 | (YMD)"
003029,2021,11,02,2021-11-02,s1,"제품명: 일크와플쿠기(탈지분유 8%함유) | 全全2（TEL：031-495-402） | 13101（） | *알레기정보은 과방과대두원료로 | 하는제과같은 제조시 설에서생산되었습니다. | *원재료영: 일가루(소분)경화유,달갈분말,소금 | 탄산수소나트콩(팽장제) 산화방지제(d-코페를 | *보관방법:해중의 접근이어려우며건조하고그능진 | (합형), 대두유),참유,설탕,탈지분유8%, 주정, | 곳에보관하시고개통후냉장이나 일용보관을 요합니다. | *유전자변형 대두포함 가능성 있음 | 밀.계란,대두,우유함유 | 100g |  400mg20%|0g | 56g17%16g107% | 28%量引誉0mg0% | 32g59%7g13% | IMPERIA | （%2000ca | FOODS | 기준이으로 개인의 필요 열량에 따라 다를 수 있습니다. | 4184000810179611 | 02.11.2021"
003030,2021,11,02,2021-11-02,s1,- | 4184000810179610 | 02.11.2021
003031,2020,07,14,2020-07-14,s1,a | E | 2020-07-14 | 净含量：360g | L：360
003032,2021,04,12,2021-04-12,s1,"ENPROCESSED CHEESE SPREAD CREAMY. | Najlepiej spozypzed, nr parti: | (from milk.Fat in drymatter:40%. | SER TOPIONY O SMAKU SMIETANKOWYM. | EP.12-04-2021 35 | 0063/08/2 15:07 | ,%45 | Keepintemperature:+4=+10°℃ | Przechowywacwtemp.:+4°C++10°℃ | 10-43 | 0 | /224kcal | 16g | ProductofPoland/WprodukowanowPosce/uly:L | 13g | HALAL | 5.0g | 3,8g | 号16g30%热#0.80 | 1 | PL | 2,5g | 28151603 | WE | 100g(6x16,67g) | Masa netto. | 5901126013804"
003033,2022,11,21,2022-11-21,clahe,Deliamoi | IMSAPNGANUESOR | 18850g | COCONOT | 기 | SUGAR | U | L부정물중식통신고는 국진 | 8997021880033 | Gula Jawa | 21 11 2022PX | NET.WEIGHT:500g(170z) | www.dellgmor.com
003034,2022,11,21,2022-11-21,clahe,Deliomc | COCONOT | SUGAR | Gula Jawa | C188003X | 21 11 2022 P) | NET.WEIGHT:500g(17 | wwwdelgmor.com
003035,2022,08,28,2022-08-28,s1,흑설당 | GOCREN | GULA JAWA | 28 08 2022 | Net Weight:10.56 oz (300g)
003036,2022,08,28,2022-08-28,s1,COCONUT SUGAR | GULAJAWA | NetWeight:10.56oz(300g) | 28 08 2022PX
003037,2021,02,18,2021-02-18,s1,박인식문 | HACG | 3억원 성산물 책임보험가람 | 자연을담은 | 소담한 | '연두부 | 2021.02.18까자 | 로오나트정수) | 300g | Soybean
003038,2021,02,18,2021-02-18,s1,소담한 | 연두부 | 2021.02.18까지 | 300g
003039,2021,03,01,2021-03-01,s1,정통아메리칸스타일 | 켄터키소시지 | 청정원 | 19935%09 | KENTUEKY SAUSAGE | 유통기한 | 2021.03.01까지
003040,2021,03,01,2021-03-01,s1,정통 아메리칸 스타일 | 켄터키소시지 | KENIUCKESAUSAOE | 2021.03.01까지
003041,2022,01,17,2022-01-17,s1,"18 | tipping ond os fnieingil | NUTRITION | INFORMATION | Energy (kcd) | Sev.Size1Tbsp (15ml) | Protein (g) | Sevings per contoiner: 33 | Carbohydte | Totlsugor(g) | Total at@-91.2 | Sourotedfor@133 | Impored ord iste | 470n | T BEST IF USED BY | BATCH M | 17. JAN.2022L0529 | ①Poced in tal by | Vn0 | Tovamell ldiPeso | Firenze, ltoly | deleo | 41790001"
003042,2022,01,17,2022-01-17,s1,INFORMATION | Produc mbeomecodbelw20 | 17.JAN.2022 | L0529 | de·leo
003043,2020,07,13,2020-07-13,s1,he | 3 | 2020-07-13 | KL | 净含量：360g | 내용량: | 360g
003044,2022,05,02,2022-05-02,s1,"제품명:방보소또다강 | (BAMBOE SOTO DAGING) | Nutrition Facts | 식품유형:소스(살균제품) | Serving Size 10 g | 업소명및소재지:(주)인코트레이딩 | Serving per pack about 4 | (TEL055-344-0119) | Amount Per Serving | 경상남도김해시한림면가산로57 | Calories 20 | 원산지:인도네시아 | 제조사: BAMBOE 내용량:40g | Calories from Fat 5 | % Dally Val | 코리안더,생강,갈랑갈,강황(심황) | Total Fat 0.5g | 유통기한:제품별도표기일까지 | Saturated Fat Omg | (읽는법:년월일순) | Trans Fat Omg | 포장재질:폴리에틸렌 | 반품및교환:구입처 및수입처 | Cholesterol Omg | 0% | 보관방법:직사광선을피하고 | Protein 1g | 2% | 서늘한곳에보관 | Total Carbohydrate 29 | 1% | Dietary Fiber 1g | *이 제품 사진은 조리 예시입니다. | Sugar 1g | Sodlum730mg | juice | 1.Boil beef with erml water | Silicebeef1/2cmtivick | Calories per gram: | Add bamboe ihstant spices | PercentDailyValuesarebasedona2.000 | sfwesaninue cookingio | lower depending on your calori needs. | fiavor. | g 3.Serve hot with garnish, a dash | of lemon juice and chilli sauce. | Ingredients:shallots, salt, | mixed spices, vegetable oil, | BEST BEFORE: | 2022.05.02 | PRODUCT OF INDOINES | CUSTOMER CARE | 9cp1-BAMBOE | bps seputar bumbu bamboe | 061226263 | (BEBAS PULSA) | 8992735"
003045,2022,05,02,2022-05-02,s1,"Nutrition Facts | 3. 3.Serve hot with garnish, a dash | 2022.05.02 | PRODUCT OF INDOAES."
003046,2021,10,20,2021-10-20,s1,"2021.10.20 | 식품의유형 기타가공품 | 스중국 | (외국산:러시아가리세르비아등을레오진 | 원재료명 | 파프리카4%,정제소금(국산),이신화규소(고결방지제) | 제조원 | (주에프앤에스식품/경기도 오산시 경기대로 | 78-58（317-25) | 소분업소명 | (최브려드가든 성남공장/경기도 성남시 중원 | 및 소재지 | 7至52B106盒，B107 | 号卫200203364411119 | 플리에릴렌테레프달레이트(PET)껑-폴리프로 | 포장재질 | 필렌(P),실링자-폴리스티런페이페(PSP) | 유통기한 | 제품별도표기일까지(년,월,일) | 보관방법실은보-봉하거리드시바럽니다 | 1441399 | 반품및교환처구입처본제품은난류우유메밀땅콩밀고등어. | 게돼지고기 복승아토마토대두아황산류호두잣새우,닭고기 | 쇠고기오징어조개류(굴.홍합 전복포함를사용한 제품과 같은 | 제조설에서 제조하고있습니다본제품은 공정거래워원회고시 | 소비자분정 해결기준에 의거 교환 또는 보상받을 수 있습니다."
003047,2021,04,07,2021-04-07,s1,07/04/2021 | LAE81 | salsa tartu | DAmic
003048,2021,04,07,2021-04-07,s1,07/04/2021 | salsa tart | DAmia
003049,2016,02,21,2016-02-21,s1,250ge | a/rial nutritional | i/E/Energ | Avo Hage | Brimi | Mozzarella16.02.21 | A0150838 | Qualitá | Mon OGM | Ohue Gentechuik | intoobrim.l-www.bimit | TAGADOD
003050,2016,02,21,2016-02-21,s1,250g | AuoHage | Brimil | Mozzarella16.02.21 | A0150838
003051,2020,12,19,2020-12-19,s1,FHSH | 2020.12.19까지
003052,2020,12,19,2020-12-19,s1,2020.12.19까지
003053,2021,10,28,2021-10-28,s1,"두망 | SAS Biscuits POULT | Parc d'Activités d'AIbasud, Secteur 2 | 원회고시 | 피해서늘이 | 니다.부 | 28/10/2021 | 정보 | 150G | M2030211:27A | 656kcal | 량당 | 1일 영양성분 기준치에 대한 비율 | 285mg14%量106.5g33%异 | 54g54% | 225942%0g | 11.25g75% | 테롤 | 9.6mg | 3%단백질 | 6.9g13% | Pull here | to open"
003054,2021,10,28,2021-10-28,s1,우유를 사용한 제품과 같은 제조사설에서제조하교있습다.를본계품 | 원회고개분정해결기준에의거교또는 보상받을수있습니다.보경방법 | SAS Biscuits POULT | Parc d Activtes dAbesud Secter2 | . | BP133-82001MONTAUBANCEDEX-FRANCE | 901399话正路：79 | 정보 | 150G | 28/10/2021 | 량당 | 656kcal | M2030211:27A | 일 영양성분 기준치에 대한 비율 | 1055033%台元 | 5g.54%
003055,2021,03,06,2021-03-06,s1,"유통기한 | 2021.03.061M1 F3 | 제품명 | 포장재질(내면) | 폴리에틸렌 | 유통기한 후면 상단 표시일까지 | 원재료명 | 알레르기유발물질:대두.달걀 함유 | 제조원 | 224 | 유통전문판매원 | 품목보고번호 | F1:20070355264-461 F3:20150355222-97 | 메추리알,우유,메밀,땅콩,밀,고등어,게,새 | 우,돼지고기,복숭아,토마토, 아황산류,잣,호 | 영양정보 | 170 | 총내용량당 | 370k | 합포함)혼입가능성있음·본 제품은 공정 | 1일영양성분기준치에대 | 거래위원회고시 소비자분쟁해결 기준에의 | L三喜460mg | 탄수화물20g | 수 있습니다.·반품 | 구입처·보관방법 | 당류13g | -정·불량식품 신고 | 지방 28g | 트랜스지방0g | EGS25080-855-5525 | 포화지방4.8g | 量225mg | 단백 | 받개인의 필요 열량에 | 문치에 대한 비율"
003056,2021,03,06,2021-03-06,s1,"유통기한 | 2021,03,0617 F3 | 포장재질(내면) | 유통기한 후면 상단 표시일까지 | 원재료명 | 3224 | 메주리앞,우유,메일.땅콩.일고등어게새 | 합포함)혼입가능성있음·본 제품은 공정 | 거래위원회고시 소비자분쟁해결 기준에의 | LE鲁 460mg | 순있습니다.반품 | 电量209 | 구입처본관방법 | 弄13g | ·불량식품 신고 | 지방 28g | 트랜스지방 09 | 46525080-855-5525 | 489 | 콜레스테를"
003057,2022,02,19,2022-02-19,s1,"[호두] | “대일 먹는 건강습관"" | NALNUT | 2022.02.19까지"
003058,2022,02,19,2022-02-19,s1,G상 | 예일이는건강습관” | WALNUT | 호두] | 2022.02.19까지
003059,2021,10,04,2021-10-04,s1,"""유산균과 건과 | 유산균 | PREMIUIM HEALTHY M | 내용량 | 300g | 2021.10.04까지"
003060,2021,10,04,2021-10-04,s1,"유산균 | ""유산균a전 | 300g | 2021.10.04까지"
003061,2022,03,05,2022-03-05,s1,영양' | 기준치에대한비을 | 3% | 100gg | 60 mg | 27% | 87g | 나트륨 | 6% | 탄수화물 | 당류 | 3.9g | 7% | 지방 | 0g | 3% | 트랜스지방 | 0.5g | 포화지방 | 0% | 원재료명 | Omg | 콜레스테롤 | 13% | 7g | 포장제집 | 단백질 | 이 | 2000 | 하고있습 | 수있이니 | ·본 제품은 공 | 의거교환 | ·직사랑선 및함 | 개봉 는  | 809608e10398 | ·부정·랑식 | ·소비자 상담 | ·빈품 및교환 | 제조202103.06 | 유토2022.03.05
003062,2022,03,05,2022-03-05,s1,3% | 100g8 | 27% | 6% | 민수 | 지방 | 3% | 프랜스지방 | 화지방 | 0% | 0mg | 뉴레스테를 | 13% | 79 | 모장 | 200kcal | unbel | 1809608210398 | ·부정- | 제조2021:03.06 | 유2022:03.05
003063,2021,10,18,2021-10-18,s1,HOHEY BUTTER ALMOND | 허니버터 | 아모드 | EXP:2021/10/18 A6 | 바이
003064,2021,10,18,2021-10-18,s1,HOHEY BUTTER ALMOND | 허니버터 | 아모드 | 120 | EXP:2021/10/18 A6 | 바이
003065,2021,11,12,2021-11-12,s1,No | MaXIm. | 아이스 | 블랙 | 커피믹스 | 2021.11.12 19:22A0 | 20 | 블르 | STICKS
003066,2021,11,12,2021-11-12,s1,Noa | MaXIm | 아이스 | 블랙 | 커피믹스 | 2021.11.12 19:22 2A | 20 | STICKS | 블르
003067,2021,06,15,2021-06-15,s1,21.06.15
003068,2021,06,15,2021-06-15,s1,21.06.15
003069,2020,08,09,2020-08-09,s1,8 | 트랜스지방 | 8804874549397 | 포화지방8 | 콜레스테롤 | 단백질3g | F2D17:04 | 20.02.10부터 | 1일 영양성분7 | 기준이므로 개인 | 20.08.09까지
003070,2020,08,09,2020-08-09,s1,지방8 | 트랜스지방 | 8804874549397 | 포화지방 | 콜레스테 | F2D17:04 | 단백질3g | 20.02.10부터 | 1일 영양성분 | 기준이므로 개요 | 20.08.09 까지
003071,2021,08,19,2021-08-19,s1,"말랑카우초유프로틴밀크 | 제조판매원 | 데세과(주) | 1952 | 플리프로필렌 | 후면표기일까지(연.월.일) | 폭신폭신 | 19830308010294 | 초유 프로틴 | 초유단백분말을 | Plus+ | 97.200mg | 2021.08.19 | #129g71 | 까지OTHER | 위원초유단백분말이 만나 깊고 진한 풍미 | 의한 피해보상·유통 중 변질품은 구입상점 및 본사에서 | 1399 | 특허에어레이션 | ·휴지 줍는 고운 마음, 안버리는밝은 마음 | 공법으로 | 폭신폭신한 식감 | 1298 | 영양정보 | 560kcai | 총 내용량당 | 1일 영양성분 | 준치에 대한 비울 | 470mg | 24% | 특허등록 번호: | 나트륨 | 94g | 29 % | 10-1855891-0000 | 탄수화물 | 71g | 71% | 당류 | 31% | 지방 | 17g | 트랜스지방 | 0.2g | 87% | 포화지방 | 13 | 8%6 | 13 % | 콜레스테롤 | 25 mg"
003072,2021,08,19,2021-08-19,s1,랑 | 카우 | 초유 프로틴 | 우유에 초유단백분말 | Plus+ | 골 수 있으나제를 중량에는 차이가 없습니다. | 은백보일이 만나 깊고 진한 품미 | 2021.08.19 | 빠허에어레이션 | 8五餐：早含：话80/1399 | 특신목신한 식감 | :유지 줍는 고운 마음.한 버리는 밝은 마음 | 영양정보 | 나트륨 | 탄수화물 | 당류 | 지방 | 트랜스지방 | 178 | 포화지방 | 0.28 | 콜레스테롤
003073,2021,08,25,2021-08-25,s1,"（16-18） | 밀크카라멜 | 식품 | 캐디류 | 영양정보 | 롯데제과(주)서울시 영등포구 양평도 | 470kca | (주)한샘식품 경기도 평택시 어소1길1 | 후면표기일까지(연.월.일) | L三号360mg | OTHER | 유설탁육 | 탄수화물88g | 당류 65g | 지방 11g | 유화제1,쇼트닝I1,유화제!,유화제Ⅲ,당밀 | 우유,일 | 트랜스지방 0g | 종이제 | 19930309017 | 포화지방 11g | 73% | 콜레스테롤 5mg미만 | 단백질5g | 습니다.·직사광선 및 습기를 | 9% | 곳에 진열,유통 중 변질품은 | 롯데제과 | !본사에서교환 | 139 | 법에 의한 피해보상 | 고운마음,안버리는 밝은마음 | 880106233507 | 2021.08.25까지"
003074,2021,08,25,2021-08-25,s1,"밀크카라엘 | 롯데제과(주) 서울시영동포구 양평노 | (주)한생식품 경기도 평택시 어소1길1. | 후면표기일까지(연.월.일) | 영양정보 | LE鲁360mg | 탄수화를88g | 营弄658 | 7出室1993030901 | 118 | 니다.·직사광선 및 습기를 | 게 진열,유통 중 변질품은 | 트랜스지방 Og | 포화지방11g | 사에서교환 | 플레스테를 5mg미만 | 11399 | 단백질58 | T38 | 의한피해보상 | 롯데제과 | 음,안버리는 밝은마음 | 2021.08.25까지"
003075,2021,01,16,2021-01-16,s1,모유 유래 유산균 | 섭취방법 | 풍목보고번호 | 유통기한 | 내포장재질 | 반품및교환처 | 소비자 상담실 | ·섭취시주의사항: | 139 | 유통기한: | 2021.01.16 | 까지
003076,2021,01,16,2021-01-16,s1,모유 유래 유산균 | 2021.01.16
003077,2021,12,13,2021-12-13,s1,10ma | omao | 당류 9g | 지방09 | 트랜스지방 09 | 0 | % | 포화지방09 | 0 | % | 콜레스테롤Cm9 | 1 | % | 단백질1 g미만 | 비닐류 | OTHER | 터 | 고객지원 | 60 | 080-024-0 | 롯데제과 | 수신자요밤 | /www.lotteconf.co.kr | 21.12.13 | 까지
003078,2021,12,13,2021-12-13,s1,고객지원수 | 080.024 | 롯데제과 | 21.12.13 | 까지
003079,2021,11,01,2021-11-01,s1,Sdod | saingeguyw | PON9SE8 | 60V | 6U | DE | buwZEh | 68% | k | )( | · | 10 | 00 | 66 | 논l | 4의/움용 | 유통기한 | 2021.11.01 | 까지
003080,2021,11,01,2021-11-01,s1,1h | 0 | SARININ TIHH BSIOOS | Ve  | 논이 | 유통기한 | 2021.11.01 | 까지
003081,2020,12,03,2020-12-03,s1,"100go | 100g425 ko | 콩,식물성유 | 1일영양성분 | 유밀가루,레시 | 기준치에대한 비율 | 성향료(강콩향:/정) | 50mg | 탄수화물 | 3% | 비타민E | 당류 | 549 | 23 % | 땅콩,우유, 밀 | 54% | 지방 | 22 % | 099 | 고기를사용한 | 모지 | 있습니다 | 크레사 | 0 mg | 습도가낮으며 | 단 백 질 | 5g | 시오.·제품에아 | !국 각 지점 및 영업소 | 비타민티 | 7.0 mga-TE | 64y | 서항상만품·교환하 | 000ca | 래위원회 고시 소비 | 필요 열량에 따라 다를수 있습니다. | 당한 소비자의 회해 | 다. | NSC4260 | 30 | 2580 | 외포장지 | 끗하게·부정·불팀 | 8801111912075 | ·생산 공정상 간후 | 퓨터로 계량하므로 | ·치아가 좋지 않 | 2020.12.03B | 니다. | 제조일 | 2021.12.02 | 유통기한 | 까지 맛있는 약속 | 모리운"
003082,2021,12,02,2021-12-02,s1,"유,밀가루C스 | 성향료(강공향정) | 비타민터 | 화물 | 기에  | 50 mg | 당류 | 3% | 지방 | 54y | 23 % | 고기를 사용한 | 있습니다 | 22% | 습도가 낮으D | 시오·제에 | 국각지정영업소 | 단 백 질 | 0mg | 한시 만품 교환해 | 래위원회 고시 소비 | 비타민티 | 59 | 당한 소비자의희해 | 2000 | 7.0 mga-TE | 니다. | 필요 열정에 따라 다들수 있습니다 | 30 | 2580 | 곳하게·부정불 | NSC4260 | ·생산 공정상간 | 8801111912075 | 퓨터로 계량하므 | 치아가 좋지않드 | 다. | 제조일 | 2020.12.03B | b | 유동기한 | 2021.12.02 | 까지 맛있는 약속"
003083,2021,12,02,2021-12-02,s1,"라함! | 영양 | 47g（49gx3号） | g155kcal | 1봉당 | 분기준치에대한 비율 | 나트륨 25 mg | 1% | 36 | 11% | 26g | 26 % | 03 | 1% | 트랜스지방 0 9 | 콜레스테롤Omg | 단백질39 | （2.000kcal71元 | 1일 영양성분 기준치에 대란 | 이므로 개인의 필요 열량에I | ""다를 수 있습니 | 21.12.02 | 신원한겠등신면 | 심이사있어요"
003084,2021,12,02,2021-12-02,s1,라함! | 영행 | 47493号） | LE暑25mg | 1% | 36 | 11% | 异26g | 26 % | 2.8g | 1% | 트랜스지방09 | 콜레스테를Omg | 단백질 39 | % | 21.12.02
003085,2021,06,27,2021-06-27,s1,N826 | 2021.06.27 | 노브랜드의이념과 실천 | 51B03:41 | SNAC | 고 달콤한 추억의 옛날 과자 | SEASHELL SHAPED | 소라형 | 과자
003086,2021,06,27,2021-06-27,s1,N826 | 2021.06.27 | 51BX903:41 | 고 탈콤한 추억의 옛날 과자 | 소라형 | 과자
003087,2021,06,30,2021-06-30,s1,N58O | S라드산OEM | 30.06.2021 3A | JVE27B | 321:21 | 10000001597713
003088,2021,06,30,2021-06-30,s1,N58O | A95KCaLSEE산HOEM | 30.06.2021 3A | JVE27B 21:21 | 600000597713
003089,2021,09,15,2021-09-15,s1,"15-09-2021 | hoco Sasd | ·보관방법 식시광선을 피해 건조한 곳에 보관 | 영양정보 | 150g | 100g525kcal | 대두함유 | ·이 제품은 메밀 땅콩,아황산류를 사용한 제품과 | 같은 제조시설에서 제조하고 있습니다. | 60mg20%6g11% | W년M월 D일까지 | /02-380-5678 | 반품및교환장소:수입원및구입처"
003090,2021,09,15,2021-09-15,s1,"15-09-2021 | RHE37D15:25 | oco Sad | 4号150g | 영양정보 | 100g525 kcal | 보관방법 식스광선을 피해 건조한 곳에 보관 | 영영정보 | ·본제품은 공정거래위원회고시 소비자분쟁해결기준에의거 | 号180mg9%午62g19%饼35g35% | 교환 또는 환불받을 수 있습니다. | 28g52%张02g鲜砖18g120% | 다듀 함유 | ·이제품은 메밀땅공,아산류를사용한 제품과 | 营升全时60mg20%6g11% | 같은 제조시설에서 제조하고 있습니다 | 2000 | OTHER | 트레이:PP | 개의 필요 열량에 따라 다를 수 있습니다. | ·반품 및 교환장소:수입원 및 구입저 | 02-380-5678"
003091,2021,09,17,2021-09-17,s1,"12520 | 식품유형 | 수입원 | 제품별도표시일까 | 콘콘넛 필링 | 37%, | 원재료명 | , | 코코넛 | 해바라틴 전연향) | 우유함유 | 포장재질 폴리프로린나면 | 초코바 | 보관방법: 직사광신을건곳에보 | 반품및교환장소:구입서일수 | ·과량섭취시설사를일일수다 | Coconut Chocolate Bar | ·이제품은, | 252g | 사용한 제품과 같은 제조시설에서 제조하 | 영양정보 | 100g465kcal | ·본 제품은 공정거래위원회 고시 | 1일 영양성분 | 소비자분쟁해결 기준에 의거 교 | 100 g% | 기준치에대한 비율 | 또는 보상받을수 있습니다. | 12 % | ·부정·불량 식품 신고는 국번 없이1 | L三喜240mg | 17 % | 탄수화물 56g | 50 % | No Brand는 이마트 | 당류 50g | 46 % | 25g | 127% | 7% | 콜레스테롤20mg | 7% | ""000000""611 | 단백질49 | %）2000ca | 기준이므로 개인의 필요 열량에 따라 다를 수 있습니다. | 17-09-2021"
003092,2021,09,17,2021-09-17,s1,코코넛 | 반일교환장소 | ·과량섭취시성사 | 초코바 | 이 | ·본 계은 공거래위인회과 | 조비자 해기에의거 | Coeonut Chocolate Bar | 또는보상받을수있습니다 | ·부정-광식품 신고는국변업이1 | 100g8465kcal | 영양정보 | No Brand는 이아s | 17 | 100g% | 50 | 나트 | 탄수화물 | 당류 | 聘259元 | 스20mg | （）2.000 | 이     수 있니다. | 17-09-2021
003093,2023,01,03,2023-01-03,s1,"No Brand | 소면 | 조리시간 | 3号40至 | Noodle | #진공숙성#잔치국수#멸치국수#비빙국수 | N70 | 노브랜드의 | 500 g (1,800 kcal) | 이념과실천 | 2023.01.03 | 까지"
003094,2023,01,03,2023-01-03,s1,"소면 | Noodle | 조리시간 | 500g(1,800kcal) | N70 | 2023.01.03 | 노브랜드의 | 이념과 실천 | 까지"
003095,2022,10,12,2022-10-12,s1,oBrand | 2022.10.12 | 가아니다비자다 | 까지 | 부드럽고 | 소바 | 폴 깃식 감 | 계 절 별 및 | 메밀 | #폴깃식감 #에밀소바 #냉모일 | 한 | BUCKWHEAT
003096,2022,10,12,2022-10-12,s1,oBrand | 2022.10.12 | 까지 | (조방메밀 | 함지식 | 게절법일
003097,2021,04,12,2021-04-12,s1,유통기한: | 2021.04.12 | 까지 | ·계절별미 | No Brand | 브랜드가 아니다.소비자다 | 비빔막국
003098,2021,04,12,2021-04-12,s1,2021.04.12 | ·계절별미 | No Brand | 비브막국
003099,2022,08,07,2022-08-07,s1,영양·기능정보 | 발생 위험 감소에 도움을 춤 | 1：2（4g） | 1일섭취량당 | 함량 | 엘량 | %영양성분기준치 | 탄수화물 | 15 kcal | 단백질 | 4g | 0g | 1% | 지방 | 0g | 0% | 나트륨 | 0mg | 0% | 비타민C | 500mg | 0% | 비타민D | 10 μg | 500% | 100% | 제조· | 번호 | 52200808-01 | 2022.08.07 까지 | 8809425104261
003100,2022,11,21,2022-11-21,s1,"U | 제품명꿀유자차 | F식품유형액상차 | 유통 기한 하단 표기일 까지 내용량 1 kg | 제조원 투원농협유자가공사업소/전남 | 2418 | 유통전문판매원(주)담터/경기도 포천 | 号209785-8 | 号1994051800763 | 원재료명 유자당절임[유자(국산),설탕] | 설탑, 정제수, 사양벌글 (국산) | 카복시메틸셀룰로스나트륨, | 구연산(결청),비타민C | 용기재질 | 유리/뚜껑 재질:주선도금강 | 판, 폴리염화비닐(내부) | 음용방법 | 1（80m号 | 25g(3~4日会号） | 넣고 | 저은 후 드십시오 | kgCON | 유통기한: | 까지 | 2022.11.21"
003101,2022,11,21,2022-11-21,s1,"제품명 꿀유자차 식품유형 액상차 | 유통기한하단표기까지내용량1 g | 제조원 투원녹협 자가공사업소/ 전남 | 2418 | 유통전문판매원(주)담터/경기도 포천 | 号20972185-8 | 晋号互7量1994051800763 | 원재료명 유자당절임[유자(국산),석탐] | (국산), | 설립,정제수사양벌( | 구연산(결청),비타민C | 유리/껑 재질:주십도금강 | 판리염화비닐(내부) | 1080m | 25.93~4仓号 | 처은후 드십시오 | 2022.11.21"
003102,2022,03,29,2022-03-29,s1,"다크 컴파운드 칩스 | 人E220310号 | :/0--3 | 유통기한하단기일지 | 120g/630kcal | 영양정보 | 100g525k | 설탐,코코아파우더 | 1일영영론기 | 식물성유지(팔유)레시틴 | Omg 0%N 2 | 합성향료(바닐린) | 대두함유 | 最时量0mg0%盟3g5% | 200 | (4면) | 유통기한 | 2022.03.29 L31 | 8801013810097"
003103,2022,03,29,2022-03-29,s1,20 | E8201046 | 48080-020-359 | 유동기 하단기일까지 | 영양정보 | 10098525 | 코코아파우더 | 대두함유 | 时#00%E3g5元 | 만들어 드실 수 있습니다. | 유통기한 | 8801013810097 | 2022.03.29 L31
003104,2023,12,06,2023-12-06,s1,2배사과식의는 | 청정원배사과식초'는? | DoUT | ENCTH | 발성식초아닌 | 00%발 식초 입니다 | HACCF 인증을받은 | 성정원에서 직접 만듭니다 | 양조절캡사용법 | 정원공장에서직접 담그는 | 요주(주.2)로 만들어 발식초 | 1연의 맛과 향이 풍부합니다. | 총산초산으로서 | 윤재로명 및 정제 | 266%8对8 | 본 |  용후을 | 건조하고 사늘한 에 보관하십 | 시용중액수침전물성길수있으식축의분이므로심하고 | 도니다이제품은두일을사용과같은제조설에서 | D·보제품은자부결7의교또는보 | 을수다.변및그환장소:·부정 불식 | 080-019-919（） | 2023.12.0610:13
003105,2023,12,06,2023-12-06,s1,해사과식초'는? | 청정원 | 2023.12.0610:13
003106,2021,01,11,2021-01-11,s1,담백하고 깔끔한 | 미원 | 맛소금 | Seasoning Salt | 2021.01.11 A | 250g | 90.3%
003107,2021,01,11,2021-01-11,s1,담백하고 깔끔한 | 미원 | 맛소금 | 2021.01.11 A | Seasoning Salt | 250g | 人90.3
003108,2022,07,16,2022-07-16,s1,"Fibre/ Vlknina / Vlknina: | Protein/ Bikoviny/ Bielkoviny: | Salt/Sül/Sol: | 50g2400% | 영양정보 | 85187621570 | 10g345kcal | 400g | Best before: see on pack | na zadni strané obale | datum vyroby/Minimainarvanlivost do: | na zadnej strane obalu. | Baik digunakan sebelum: ihat kemasan. | duct of | püvodu | a povodu | ari: Thailand | 16/07/2022D20G17 | EYBY: | S'PUBLIC COMPANY LIMITED | I Rd., Pak Raet, Ban Pong, | Thailand | ww.mama-ricenoodles.com | la.co.th"
003109,2022,07,16,2022-07-16,s1,Protein / Bakoviny/ Bielloviny: | Salt/sul/Sof: | 85187620157 | 345kcal | Best before: see on pack | Datum viroby / Minim | luct of. | püvodu• | povodu | ari: Thailand | 16/07/2022D20G17 | S'PUBLIC COMPANY LIMITED | w.mama-ricenoodles.com
003110,2021,06,09,2021-06-09,s1,유통기한 | 2021.06.09_까지 | 14:51B11 | Dongwor | 롭피르어
003111,2021,06,09,2021-06-09,up2x,0 | Dongwr- | 유통기한 | 2021.06-09관진 | 克14:51日11 | 리피르어
003112,2021,03,28,2021-03-28,s1,99% | 꼬짜렐라 | SOFT | 유통기한: 2021.03.28 까지 | 모짜렐라치즈 99 %
003113,2021,03,28,2021-03-28,s1,닮은 | CONR | 99 % | 모짜렐라 | GTME TRSTEO | 유통기한:2021.03.28까지
003114,2021,09,25,2021-09-25,s2,GRANB'OR | Netweight125g | CAMEMBERT | Best before/Consumir preferentemente antes del/A consommer de préférence | avant/Data de validade/: Lsiyl si | PR0D.DATE.:2020.09.25 | -BESTBEFORE:2021.09.25
003115,2021,09,25,2021-09-25,s2,Net weight 12s so | Best betore/Consumir preferertemente antes det/A consommer de proference | PR0D.DATE.:2020.09.25 | -BEST BEFORE:2021.09.25
003116,2021,12,29,2021-12-29,s1,"두반장맛 베이스로 맛을낸 | 정통 중화풍 마파부양념 | 식품유형 소스(살균제품) | 早工生3800347002-521 | 내포장재질 폴리프로필렌 | 품및 상소본사 및구입치 | 가루.구연산,영양강화제 | 대두 밀 돼지고기. 땅콩, 조개류(굴) 함유 | 업소명 및대상(주)기홍공장:경기 | 소제지28/본사: 서울특별 | ·토마토닭고기쇠고기 | 알류. | 우유게.오징어, 조개류(홍 | 분 | 혼입 가능. | 직시가선을피해건조하고ㅅ | One R=cipe | 보관개봉후변질될수있으 | 가급적 | 한번C사용하십시오 | '본 제은 소비자기본법에 의거교환 | 또는 보상. | 080019-9119） | *조리/취식시 고온에 주의하세요 | 가스인지 종류와 불세기에 따라 조리시간이 달라질 수 있습니다. | 신불로 볶다가 마 두부양념 | （200gl量20ml01g% | ccm | 3 | 8801052048765 | 유통기한 | 2021.12.29.C | 까지"
003117,2021,12,29,2021-12-29,s1,"식품유형 소스(살균제품) | 조화풍 마파두부양념 | 내포장재질 물리프로필렌 | 3800347002-521 | 상소 본사 및 구입치 | 가루,구연산,영양강화제 | 업소명 일 대상(주)기흥공정경 | 소재지28/본사:서울록별 | 토마토닭고기쇠고기 | 우유 게.오징어,조개류(총 | . | 혼입 가능. | ·직시가선을피해 건조하고스 | 보관,개봉 후 변질될 수 있으 | 한번사용하십시오 | 김,곳에 | 가급적 | 또는 노상 | 080-019-9119（） | *조리/취식시 고온에 주의하세요 | 가스레인지 종류와 불세기에 따라조리시간이 달라질 수있습니다. | 8801052648765 | 手早/2000号20元 | 넣고 중에서 30 통인조 | 유통기한 | 2021.12.29.C"
003118,2021,07,10,2021-07-10,s1,each | Lyehee | 1003g（120koal) | 2021.07.10 | FRO | 프루탑스
003119,2021,07,10,2021-07-10,s1,Lyehee | 警号1003g(140koal) | 202107.10 | FRU | 오프루립스
003120,2021,09,30,2021-09-30,s1,"단무 | *싸장면과 같이 드시는건 권장하지 않습 | HC屏80g280kcal | 식회사 일번토구시울지 금천구 가산디지일로 2.호 일로  | 실료(식용산소 참석제4호 식용색소 식제호)'국장재실 | 070-4142-0249李9小8用活量包时 | 자아치도하 섭취하여 주시키 바립니다""부정 | 비자의 피해에해 교한또는 보상을 받을 수있습니다 | 64g20%56956%大0g0% | mokcal기준이므로 개인의 필요 열량에 따라 다를 수 있습니다 | EXP :2021.09.30 | 6192657215104541 | PP"
003121,2021,09,30,2021-09-30,s1,"단무 | HC停80g 280kca | EXP: 2021,09.30"
003122,2021,06,15,2021-06-15,s1,A consommer de préférence avant le/ | Consumir preferentemente antes del/ | 판매가 | 6500! | PRCIC | 5.09.2020 | EXP | 15.06.2021 | 본점 | 033-119 0057780002 | Poids net : 125 g | W0
003123,NONE,NONE,NONE,NONE,fail,A consommer de préterence avant le / | 판매가 | Consumir preterentemente antes del/ | 6500 | PRD | 1등:ㅁ음:을우 | Wo | Poids net:125g | FR | Best betore/ | A consumir de preferéncia antes de: | 01-119 | 0057780082 | P 1등: : 링우 | 판 | 매 | OAA | 10099 | {∠H0 | au spioe | :lau splod | OAA | CIT-EEO | Z000822500 | 10059 | {≤ HO | A consommer de preterence avant le/ | Best before/ | 판매가 | Consumir preterentemente antes del/ | 6500 | Aconsumr de preferéncia antes de: | FERP 13:88:2829 | 01-119 | 005778 | Poids net:125g | FR | Aconsommer de préterence avant le/ | 판매가 | Best betore/ | Consumir preterentemente antes del/ | 65001 | A consurmir de preteréncia antes de: | 1등:ㅁ:2음 | 007-1190057780002 | FRU드 | 2929127600065 | Wo | Poidsnet:125g
003124,2021,03,07,2021-03-07,s1,2021.03.07 | 19:42F1
003125,2021,03,07,2021-03-07,s1,"2021.03,07 | 19:42F1"
003126,2021,02,16,2021-02-16,s1,▶점선을 따라 개불하십시오. | 반건조첫사랑 군고구마 | 무농약 고구마로 | 2021.02.16 | 만 든 계세의
003127,2021,02,16,2021-02-16,s1,반건조청사랑군고구마 | 021.02.16 | 65g/27
003128,2022,08,25,2022-08-25,s1,8.980 | 8.980 | 100%层 | 개별농가 절저관리 | 트라피스 | 2022.08.25
003129,2022,08,25,2022-08-25,s1,8.980 | 8.980 | 트라피 | 2022.08.25
003130,2022,03,30,2022-03-30,s1,"품질표시 | ·제품명: 리산 전통꿀 | ·식품유형 | ·밀원명:잡화 | •내용량 | ·원료및 | 벌꿀(집 | %국산 | ·포장재질:8 | 뚜껑-PE | ·보관방법:직시선을 피하고 | 상온보관 하십시오. | ·꿀의 특성상 저온이나 장기간 보관 시에 | 결정이 생길 수 있으나 품질에는 | 이상이 없습니다. | 22.5% | ·결정화된 끌온 유리병에 옮겨 따뜻한 | 물에 병째로 넣어 중탕으로 자연스럽게 | 녹이면 됩니다.(단,끊이지 마십시오) | 구입처 및 대리점에서 교환하여 드립니다. | ·본 제품은 소비자기본법에 의한 소비자 | 분쟁해결기준에 의거 교환 또는 보상받 | 으실 수 있습니다. | ·만 12개월 미만의 영유아에게는 섭취시키지 마십시오. | ·유통기한: | 2022.03.30까지 | 8803662170041 | 지리산마천농업엄동조합 | 1172 | TEL(055)963-7107 FAX(055)963-7106"
003131,2022,03,30,2022-03-30,s1,품질표시 | 김산 전통끝 | 벌꿀(집 | %국산 | 상온보관 하십시오. | 결정이 생일 수 있으나 품질에는 | 유통기한: | 2022.03.30
003132,2021,05,22,2021-05-22,s1,유통기한: | 2021.05.22 | 까지 | ·3 | No Brand | 브랜드가 아니다.소비자다 | 메밀소바
003133,2021,05,22,2021-05-22,s1,유통기한: | 2021.05.22 | 쓸깃한 면발과 가쓰오 조피액으로 국 | No Brand | 메밀소바 | ·NOODLES
003134,2021,10,14,2021-10-14,s1,2기 | 곡물밭 | 아이밀 | 무농약 7혼합 곡물영양간식 | ILDONG 일등후디스 | 홈페이지:www.foodis.com | HACCP | ：02)2049-2000 | 2021.10.14까지
003135,2021,10,14,2021-10-14,s1,含：022049-2000 | 2021.10.14까지
003136,2022,11,09,2022-11-09,s1,"무첨가 | ILDONG | 건강하게키워요 | 후디스 | L글루당나트름 | 키요 | 사과인애플 | 순유기농 | 분말 함유 | D | 카레 | Curr | C | Powdel | 칼슘,비 번D 함유 | Irganic | 유기능인증 | 카레분말 | 칼슘5 비민D | 5μg | 2022.11.09 | 조리예 | /총내용광당"
003137,2022,11,09,2022-11-09,s1,"우디스 | 키요 | 사과인에플 | 분말 함유 | 순유기농 | D | Ca | Curr | 카레 | 칼슘,비M백D 함유 | Powder | Organíe | 유기놓 인증 | 카레분말 | 칼슘 | 민D | 5.u9 | 2022.11.09 | 비 | 售五30%）0.4%"
003138,2022,01,09,2022-01-09,s1,튀김가루 | 유통기한: | 2022.01.09 | 튀김가루 | 12:56  A | 까지 | 조리예 | 부침용밀가루 | 식품유형 | 밀가루 | 내용량 | 제품명 | 원재료명 | 100%（号） | 밀함유 | 후면상단표기일까지 | 유통기한 | 씨제이제일제당(주) | 포장재질(내면) | 품목보고번호 | 20050614233403 | 폴리에틸렌 | 전국대리점및판매처 | 영양정보
003139,2022,01,09,2022-01-09,s1,뒤깅가루 | 2022.01.09 | 12:56A | 위김가
003140,2021,07,12,2021-07-12,s1,"sias | sias | 2021.01.13제조A | 프리미엄 | 2021.07.12까지 A | 오리엔탈드레싱 | PREAIM ORIENTAL DRESSING | 고올레산 | 해바라기유사용 | 12% | 1,000g"
003141,2021,07,12,2021-07-12,s1,"sias | sias | 2021.01.13제조A | 2021.07.12까지A | 프리미엄 | 오리엔탈드레싱 | REMM ORIENTAL DRESSING | 고올레산 | 해바라기유사용 | 12% | 1,000g"
003142,2021,12,11,2021-12-11,s1,"Bui Bsott | Signature Blend Full Potential | I've sourced coffes that interplay hamoniously | with each other. They are characterized by their | sweetness, vibracy and complexity of lavour, | lending themselves best to coffe. The roasting | and brewing techniques 've developed enhance | Paul Bassett 블렌드에사용된커피들은 서로간의 흘륭한 | 조화를이루며 커피에 가장잘어울리는달콤하고 | 풍미를 가장 맛있게 이끌어냅니다 | Pau Sarret | 2020.12.12제조 | 2021.12.11까지"
003143,2021,12,11,2021-12-11,s1,기법과 추을방시은 이특발한기가진 분면의앗과 | Pau1Basrets | 2020.12.12제조 | 2021.12.11까지
003144,2022,01,11,2022-01-11,s1,22.01.11 22:19 | facebook.
003145,2022,01,11,2022-01-11,s1,22.01-11 22119
003146,2021,04,22,2021-04-22,s1,서울우 | 2021.04.22 | 09151
003147,2021,04,22,2021-04-22,s2,2021:04.22 | 09:51 | OTHER | PP
003148,2022,01,14,2022-01-14,s1,"2022.01.14 | 제품명 복음께 | 식품의유형 기타농산가공품 | 号电1960355183170 | 원재료 및 함량 | 100%（9（24 | 지리아, 파키스탄 등) | 포장재질(내면)용기리드지-ET-P | 100% | 유통기한 우측상단표시일까지 | 보관방법 직사랑선을 피하고실은 보관 | CO398（） | 반품 및 교환 장소 구입처 | 옥진식품/경기도 파주시소라지로 | 1576（031943-045"
003149,2022,01,14,2022-01-14,s1,"2022.01.14 | 金码100%（9号位（2号） | 지리아,파키스타등 | 100% | 8기우단시일하지 | 76（0317943-045"
003150,2021,12,10,2021-12-10,s1,2021.12.10 | 영양정보 | 160ml | 영앙정보 | 80cal | 100mlg | 나트룹0mg | 탄수화물0g | 당류0 | 뚜껑:LDPE | 지방 99 g | 트랜스지 | 포화지방 | 콜레스테롤 | 단백질 0g
003151,2021,12,10,2021-12-10,s1,2021.12.10 | 영양정보 | 100mlg | 나를Omg | 탄수를0 | 당류0 | 不赠99g | 트랜스지
003152,2021,06,30,2021-06-30,s1,"포테토츠 | 개봉후비로드시오 | 안심하고 -셔도 됩니다 | 소비자가 본법에 이거 교환,환불해 드립니다. | 早011399 | ·반품르사및 | 이한곳 | 해질소충전포장을 하였습니다. | ·신선소유지를 | 8801043005814 | 2021.06.30까지 | 25号1337 | 영양정보 | 345kcal | 1.8g2%23g43% | 08g53%"
003153,2021,06,30,2021-06-30,s1,분이나타널 수 입니에 | 사연책인 현상으로 인제에 해이오니 | 01399 | 2021·06.30.까직 | B25号1337 | 영양정보 | 9号1892%风1923943% | 00853%
003154,2021,07,11,2021-07-11,s1,유통기한 | 2021.07.11 | 02:36
003155,2021,07,11,2021-07-11,s1,2021.07.11
003156,2021,10,26,2021-10-26,s1,영양정보 | 총 내용량 | 28gl4g×77W | 1개(4 g)당 | 16 kcal | 나트륨 56mg | 탄수화물29 | 일가케 | 당류 0g | 지방 0g | 트랜스지방 0g | 포화지방 0g | 콜레스테를Omg | 단백질1g미만 | 1일영온2 | 부정·불량식품신고 | 1399 | 유통기한 | 2021.10.26 | 까지 | ee
003157,2021,10,26,2021-10-26,s1,영양정보 | 1月691号 | 으리가케 | 2021.10.26
003158,2021,04,25,2021-04-25,s1,FOOD | M N  Semela Bef Susige | ·조원: ATA FO (P구) | ·본계용은 공정거래위원회 고시소비자 분정해결 기준에의거교를또는 | 合（全国139） | FPETY | 널루 | THER | 2021.04.25 | 까지
003159,2020,04,23,2020-04-23,s1,"소금입니다. | 믿을수 있습니다 | 천일영선별 | 워터사워 | 클린시스템 | 마그네터 | 클린시스템 | 클린시스템 | ① 입자가 곱고 부드러워모든 | 요리에 간을 맞출때사용하시면 | 좋습니다. 깔끔하고시원한맑은 | 국물 요리, 아식하고향이살아 있는 | 나물무침,짧조름하고담백한구이 | 볶음 등에 사용하세요. | 샘표 명품 구운소금을 만드는 | 신안바다 천일염 | 하나천혜의자연환경을 가진 | 신안바다갯벌의명품천일염입니다. | 채임한프리미엄천일염으로간수가 | 잘 빠져 쓴 맛이 적고 부드럽습니다. | 09 | 2020.04.23"
003160,2021,06,13,2021-06-13,s1,HACCP | 비닐류 | 는자연의행복을담은동원F&B | 패밀리브랜드입니다. | won | 유통기한 | 2021.06.13까지 | 08:3402 | 8801155728809
003161,NONE,NONE,NONE,NONE,fail,2.0M | 메대개 | 10202113:42 | L010276 141000 | L010276 141000 | 10202 | 13:42 | . | 일 | unabe | 10 202113:42 | L010276 141000 | 20E | 10 202113:42 | L010276141000
003162,2021,09,20,2021-09-20,s1,O | Organic | ARONIA puff | 40g(160kca) | 유기농 아로니아 동결건조분말(국산) 1.3 % | 2021.09.20
003163,2021,02,16,2021-02-16,s1,(() | 20.11.17부터 | 21.02.16까지 | PLIY
003164,2021,02,09,2021-02-09,rot90,REAL | 20210209 | 상큼한 | 블루베리 | 케이크 | 100g(268kcal/7.14%3200
003165,NONE,09,06,NONE-09-06,s1,paldo | 김치맛 | SINCE | 1986 | 김치 | 도시라 | 17까지RT | ·세월이 지나도 언제나 맛있게. | 조리예 | 스프류중 | 꽃는물e부 | 김치함량9.6%함유(건조물기준) | 유탕면/86 | 1395cal
003166,NONE,NONE,NONE,NONE,fail,"07.2021 | L1392772 | Topping | RUF | RUF | Topping | 2x40g | A consommer de preference avant.fin. | Ten minste houdbaar tot einde: | Mindestens halthar bis Ende: | 11:24 | Best before end: | Mousse a Fouetter - Slagschuim | Schlagcreme - Dessert Topping | Mousse a Fouetter - Slagschuim | Schlagcreme - Dessert Topping | Schlagcreme - Dessert Topping | Mousse a Fouetter - Slagschuim | Best betore | Mind | A consommer de preference avant fin | RU | Topping | end | halthar bis Ende: | 10e: | RUF | Schlagcreme - Dessert Topping | Mousse a Fouetter - Slagschuim | Topping | 2x40g | 6uddo1 | buddol | 60Z | rSt- tiW | fuddo1 | PUS | buiddol | A consommer de preference avant fin: | 07.2021 L1392772 | Ten minste houdbaar tot einde: | Mindestens halthar bis Ende: | 11:24 | Best before end: | Topping | RUF | Mousse a Fouetter - Slagschuim | Schlagcreme - Dessert Topping | RUF | Topping | Mousse a Fouetter - Slagschuim | Schlagcreme - Dessert Topping | pourfils gteau et remes laces | voor fruit, taart en is | u Obst, Kuchen und Eis | for frult, cake or ice cream | 2x40g | A consommer de preference avant fin | 07.2021 | L1392772 | Ten minste houdbaar tot einde: | 11:24 | Mindestens halthar bis Ende | Best before end: | Topping | RUF | Mousse a Fouetter - Slagschuim | Schlagcreme - Dessert Topping | RUF | Topping | Mousse ã Fouetter - Slagschuim | Schlagcreme - Dessert Topping | rsles | voor fruit, taart en ijs | zu Obst, Kuchen und Eis | for fruit, cake or ice cream | 2x40g"
003167,2021,10,10,2021-10-10,s1,lot: | 2010 | BEST BEFORE: | 10.10.21
003168,2021,09,18,2021-09-18,s1,"·제품명: | /ge | 量：200克 | e /uune | 영양정보 | ,. | 18.09.2021 | L:26717:031 | 004052"
003169,2018,04,21,2018-04-21,s1,"ILEDEFRANCE. NORMANTAL | Valeurs nutritionnelles | Fromageries PERREAULT, | Nutrition infomation | 534htFr | Energe/Energy | 320K077 kcal | Matieres rasses/fat | 329 | www.ledefrancecheese.com | -dontaade gasstures) | 229 | 4.6g | 7tranches/slices/ | 150ge | -dont soces/of which sugars | at de poducinMantacurng atel | 18/04/21 | M1/259/294E | 090291119403"
003170,2020,04,21,2020-04-21,s1,"ILEDEFRANCE. CHARMIDOR | Nwmakadwa | Fromagerie ERREAULT, | 15418/372kal324k/78kal | Product of france | Ket aodesgessturs) | 7tranches/slices/ | 150ge | ""edepdtiMan | latmataientsfee e68een oyenne. | *ppal soure fomtmswihan averge of68cows. | 20-04-21 | 268/296L4A | 090291119472 | 0个80500%12件0501"
003171,2021,11,11,2021-11-11,up2x,아태 | Poly | Roly | Rg | HAITAI | 롤리폴릴 | ROLY POLY | 초코 | ·부드러운 롤웨하스 속에 초코· | 2021.11.1171 | 안전관리인증 | HACCP | %62g295kcal. | 식품의약품안전처 | #웨하스속에 #초콜릿이쏙 #롤리폴리
003172,2020,06,21,2020-06-21,s1,"量人9至174211.302号 | 재활용우수 | 영양정보 | L三号750mg | 150g.100g405kcal | 탄수화물0g | 트랜스지방 | 당류0g | 포화지방24g | 지방33g | 콜레스테롤90mg | 61% | 159% | 단백질26g | Naturally aged on wooden boards | UNESCO World Heritage site | Free ranging cows | Queso Gouda 48% M.G. / E.S. | rante: annatto (E16Ob). | Protein/Proteinas 26,3g. Salt/Sal 1,9g | 20-06-21 | 120917 | Z0114 | 150ge | Keep refrigerated/ | Consumir preferen-"
003173,2022,05,NONE,2022-05-NONE,s1,FIA | BEST BEFORE END: | 05/2022 | LOL34
003174,2022,08,13,2022-08-13,s1,R 2020/08/13 | EXP 2022/08/13 | 04:53 | Naturall Pure | Neve | 500ml(16.9floz)
003175,2021,03,18,2021-03-18,s1,E | 2021.03.18刀
003176,2021,04,30,2021-04-30,s1,[Ube] | STR | STRK | 극바농는 | 2 | ~영홍 | 어 | 2021.04.30
003177,2021,03,25,2021-03-25,s1,Denmar | IRING | 국산원유 | ST | ※냉장 | 39 | OHS | 오리지널 | 구워먹는 치즈 | 125g(470kcal | 99.39% | Original | 2021.03.25까지
003178,2021,03,25,2021-03-25,s1,CRL5 | TRINC | ST | 오리지널Original | 구워먹는 치즈 | 125g40 | 别99.39% | 2021.03.25까지
003179,2021,07,08,2021-07-08,s1,BRIE | NetWeight 125g | () | 2021.07.08
003180,2021,07,08,2021-07-08,s1,BRIE | NetWeight125g | () | 2021.07.08
003181,2021,06,14,2021-06-14,s1,14.06.2021 | 1398 | S5A | 17:34 | 1711953063954
003182,2021,06,14,2021-06-14,s1,1398S5A17:34 | 14.06.2021 | 5711953063954
003183,2021,03,26,2021-03-26,s1,생만도 | Mandupi (DumplinSR | 만두피주정저리식품 | 2709 | 후에일보관하고사용 |  fica) | 2021.03.26 | 500g | 0-10℃
003184,2021,06,28,2021-06-28,s1,BESTIF USED BY JUN 28 2021 | Y2R 0E0036 1749
003185,2021,06,28,2021-06-28,s1,"BEST IF USED BY, JUN 28 2021 | Yh2R DE0036 1749"
003186,2021,10,21,2021-10-21,s1,Production Date/Tanggal Proouksi | Expiry Date/Baik digunakan sebelum | 생면식감 | AIR DRIED 기름에 튀기지 않은면 | OCT.22.2020 | OCT.21.2021 | Serving Suggstio | Saran Peniein | Pulmuone | 직화짜장 | edRamunNoo Jnlackbean Sauce
003187,2022,01,17,2022-01-17,s1,도표기일 까지·조원( | ：041-741-730 | 에의한소비자 분쟁해결기준에 의기하 | 여교환또는 보상을받을수있습다 | 라면사리가들어요 | 2022.01.17 | 까지 | '떡톡 | 겨보세요!
003188,2022,01,17,2022-01-17,s1,에의한 소비자분정해경기준에 의 | 여교환 또는 보상을 받을 수있습다 | ·부정·불량식품 신고는 국번업이  | 라면사리가들어요 | 2022.01.17 | 구들 | 22 | 떡록
003189,2022,08,16,2022-08-16,s1,ED | ONDS | 店48营908g | 영양정보 | INGREDIENTS: Slied AImOnds Steam paSsteuized). | 都大国口都（）2000ca/7 | Calories | ALERGEN INFORMATION: ProduCd in a PeanUut-roe | Caution: May contain small shell pieces. | ITM./ART.1386722 | 119661914337 | BEST BY: AUG 16 2022
003190,2022,08,16,2022-08-16,clahe,EDK | ONDS | ITM./ART.1386722 | 03823 | BEST BY: AUG 16 2022 | PK03306
003191,2021,11,19,2021-11-19,s1,"980 | 식품의 유형 캔디류 | 새질 폴리에틸렌 | 표기일까지(연 | 유통기한 | 048443826 | 1225 | 데제과(주)서울시 | (주)전북 군산 | 엿젤라틴,D-소비톨액4.8 | 제,합성향료(수박향,딸기향),펙틴 | 원재료명 | 제혼합제제홍화황색소치자청색소 | 돼 | %(고형분65 %) | 2유,대두 복숭아 땅콩을 사용한 제품과 | 은중수 | 항상 교환·과량섭취시설사를 | 안버리는밝은마음·부정,불량식 | 고 | 총내용량91g | 방법 | 제품이 | 사광선을 피해30°C | 320kcal | 도로보관,개봉 후 | 한번에 삼키지 않도 | 주의하세요. | 24% | 부터 | 61% | 20.11.20D | 0% | 21.11.19 | 9% | 2000kcal | 롯데제과"
003192,2021,11,19,2021-11-19,s1,980 | 91g | 24% | 20.11.20D | 21.11.19 | 롯디제과
003193,2021,07,13,2021-07-13,s1,1단계 | 순한맛 | 매코닥록 해요! | 유통기한 | 21.07.13까지 A17:12 | Imuone | 여이에 라면사리 | 생면식감 | 기름에튀기 | 국들 | !간편하게 즐겨보세요! | }] | ~10°C | 쏘개 | 냉장보관 | 1개 | 한 가닥까지쫓깃합니다.
003194,2021,07,13,2021-07-13,s1,1단계 | 순한맛 | 매콘달록 해요! | 21.07.13까지 A17:12 | Imuone | 으루이세 라면사 | 국 | !간편하게 즐겨 | ~10° | 냉장보관
003195,2021,12,13,2021-12-13,s1,2021.12.13 | 음깨 | 제품명 검정볶음께 | 식품의유형 기타농산가공품 | 19960355183167 | VESAME | 원재료 및 함량 | 100%（ | 유통기한 우측상단표시일까지 | 보방법 직사선을피하고실은보관 | 반품 및 교환 장소 구입처 | 1976（031943045
003196,NONE,NONE,NONE,NONE,fail,"식의유형:기타식물성유지 | 반품및고한:구입처및수입원 | OCT-10m，NOV-11,DEC-12 | 조:NATURA BIOS.DE R.L DE CV | 1139 | 기준에의거 교환 또는 보상을 반을 수 있습니다 | LOTACAEU051120 | Exp:EXPNOV052022 | Natura BioS.deR.LdeC.V.7503019799826 | 니다. | 원산지:역시코 | Lot: | NGREDIENTS: | Extra Virgin | Arocado Oil. | Mede in Mexico by: | NaturaBios.deR.LdeC.V.7503019799826 | Made in Mexico by: | Arocado Oil. | Extra Virgin | INGREDIENTS: | ExpP:EXP NOV052022 | LOt:LOT ACAELU51120 | 기준에의거교환 또는 보상을 받을 수 있습니다. | 1399 | 원산지:역시코 | rke | ""OO OpRDN | :107 | 66는 | L-I-N-10 | Elyke: | 49. | :익스트라버진 아보카도 오일 | 식의유형:기타식물성유지 | 48营：260m（2.171kcao | 更营：100% | 원신지:역시요 | 452012 | 고:구입처및수업원 | :N-EB-2MAR-3 | MYSJUNGNU-7AUG-SP | OCT-10m,NOV-11岁,DEC-12% | 보관방법:직사광선을 피하고,건냉소 보관 | 응기재진:용가-유리/뚜경-플리프로필렌 | :NATURA BIOS. DE R.LDE CV | 1399 | 본거품은 공정거래위원회 고시소비자 분경해결 | 기준에의거 교환 또는 보상을 받을 수 있습니다 | Lot: | LOT ACAEV051120 | Exp:EXP NOU052022 | NGREDIENTS: | btna Virgin | hrocado Oil | Made in Mexico by: | Natua Bios.deRLdeC.V.7503019799826 | 있습니다. | 영:이스트라버진 아보카도오일 | 식동의 유형:기타식물성유지 | 488:260ml(2.171kcal) | 5 | 원산지:역시코 | 452012 | 반품및고한:구입처및수입원 | OCT-10割, NOV-11 型, DEC-12别 | 보관방법: 직사광선을 피하고,건냉소보관 | 응기재질:용기-유리/뚜껑-플리프로필렌 | 조:NATURA BIO S. DE R.L DE C.V | 1399 | 본처품은 공정거래위원회 고시소비자 분정 해결 | 기준에의거 교환 또는보상을 받을수 있습니다 | Lot: | LOT ACAEU051120 | Exp:EXP NOU052022 | INGREDIENTS: | Extra Virgin | Arocado Oil. | Made in Mexico by: | Natua BioS. de R.LdeC.V.7 503019 799826"
003197,NONE,NONE,NONE,NONE,fail,"스아오일 | 고:구입처W수입원 | OCT-10W.NOV-11N.DEC-120 | :기-유/- | NA:NATURA BIO S. DERLDE CV | #位11399 | 기준에의거교한 또는 보상을 반을 수 있습니다. | Exp:EXP NOU052022 | 설산지:역시코 | NGREDIENTS: | Extra Vrgin | Avocado Oil. | Mide in Mexico by: | Natura Bio5.deR.LdeC.V.7503019799826 | Natura Bio S. de R.L de C.V. | Mude in Mexico by: | Nvocado OiL | Extra Virgin | NGREDIENTS: | ExP:EXP NOU052022 | Lot: | 기준에 의거 교한 또는 보상을 받을 수 있습니다. | 011399 | 사용록생시송파구 | 설산지:액시고 | LOTACAEU051120 | AUG-8,SEP-9월. | 7503019799826 | 107 | MOOEDOAN | UOIA | cO25, LC EC   | :307 | 66 | EL-AONO-D | ealc: | 버일 | 5营：260m（2171kcao | 40量100% | 현산지:역시료 |  452011 | MAS.UN-UDIC-AUG-OL. SEPOL | OCT-10.NOV-11DEC-120 | / | NRA:NATURA BIO S, DE RLDE CV | 기술에 의거 교한 또는 보상을 받을 수 있습니다. | Lot:LOT ACAEU051120 | EXP:EXPNOU052022 | NGREDIENTS: | bea Vroin | Arocado OL | Made in Mexico by: | Natun BioS.deRLdeCV.7503019799826 | 49 | 스라버 아도오일 | 의유형:기식성유지 | 信营：260ml（#微警2.171kca) | 更至外100% | （70472545 | 원산지:역시고 | 107452012（14号） | 반통활고환:구입치맞수입원 | EEBAN18FED-28.MUAR-30L.APR- | MAY-SL.UN-SNUL7E.AUG-B.SEP-90 | OCT-10W,NOV-11N.DEC-12 | 보관방법: 직사광선을피하고건념소보관 | 기재실:용기-유리/정-리프렌 | 조시):NATURA BIO S.DE R.L DE C.V | 은공경거래위원회고시 소비자분정해결 | 기준에 의거 교환 또는 보상을 받을 수 있습니다. | Lot: | LOT ACAEV051120 | ExP:EXP NOU052022 | NGREDIENTS: | Extra Virgin | Avocado OiL. | Mude in Mexico by: | Natura BioS.deR.LdeC.V.7503019799826"
003198,2025,10,12,2025-10-12,s1,원산지:뉴질랜드 | 수입업소명 및 소재지: | 원재료명 및 함량: | 100% | 유통기한:제품별도표시 | 일까지(읽는방법:일/월/년순) | 포장재질:두껑(내면)-폴리에 | 틸렌 본체-유리 | 보관방법:직사광선을 | 피하여 건조한실온 보관. | 낮은온도에서 동결현상으로 | 침전물이생길수있으나 | 상온에서 일정시간 보관시 | 원상태로 돌아오며 품질 | 변화는 없습니다 | 반품 및 교환장소:구입처 | 12.10.2025 | 952546
003199,2025,10,12,2025-10-12,rot90,MSOE | 반품 및 교환장소:구입처 | 변화는없습니다 | (은온도에서 | 12 | 1o | 원재료명 및 함량: | 본체-유리 | 러스(주)02- | 소명및 소재지: | 952546 | 12.10.2025 | 수있으나 | 031221 | 동결현상으로 | -3459 | -8000
003200,2022,09,21,2022-09-21,s1,extra virgin | olive oil | flavoured with | White Truffle | La Espanola | cesurs | gulten | 21.09.2022 | NUTRITION FACTS | Typical values per | Energy value: | 3381kj(822kcal) | 91.4g | 12.8g | 70.4g | 8.2g | 0g | Sugars | 0g | Fibre | 0g | Protein | 0g | Vitamin E 18mg | 41703DOS HERMANAS SEVILLA(SPAIN)
003201,2022,09,21,2022-09-21,s1,extra virgin | olive oif | White Truffle | La Espanola | 21.09.2022 | 3381kj(822kca) | 09 | 0g | 00 | 09
003202,2021,10,NONE,2021-10-NONE,s1,LOT 93042 | EXP10/2021
003203,2021,10,NONE,2021-10-NONE,s1,LOT93042 | EXP | 10/2021
003204,2023,06,26,2023-06-26,s1,Best Before: 2023/06/26
003205,2023,06,26,2023-06-26,s1,Best Before: 2023/06/26
003206,2021,04,13,2021-04-13,s1,03:09 | 2021.04.13 | 까지 | WHIPPING CREAM
003207,2021,07,20,2021-07-20,s1,왼쪽으로 당기세요.Open | uaitr | NO | 큐은QUNO.1 | 의미하며-의품질로 | 고객 만지향합니다. | 2021.07.2021:14 | 크9 | 큐원 | 통밀가루 | 강력 엠(M)
003208,2021,07,20,2021-07-20,s1,왼쪽으로 당기세요.Open | ua | N | 원은QNo1 | 의미하며 의질로 | 고객 안시항합니다. | 2021.07.20 21:1 | 9큐원 | 통밀가루 | 강력 엠(M)
003209,2022,12,02,2022-12-02,s1,"※사용 | 2냉비에 물4이 와티아시 | 80넣고함께끌여육수를만 | ①삶은면과 숙주쪽파를그릇에 담은 | 드시기 바랍니다.강한 충격에 면이 뒤 | 육수를 부으면 완성! | Tip.기트에따라 저민 양파와 소고가를 | 080-996-7777 | 정통방콕식 팟타이 | 고객지원실(요금은 생표가 부담합니다) | 250g | 영양정보 | 900kcal | 나트륨15mg | 1% | 号205g | 63 % | 당류0g | 0% | 지방2.5g | 5% | 트랜스지방09 | 포화지방0g | 0% | 콜레스테롤Or | 0% | 불리는 경우:실온수에30분 이상 당가 | 단백질15g | 27 % | ·삶는경우:끝는물에2분간살은 후 천원 | 1일영양성분 | %00 | ②팬에 오일을 두르고 계란을 스크럼 | kcal기준이s | 개인의 필요 열량에 따라 다를 수 | 새우를넣고익히기 | 있습니다. | 3 불린 면을 넣고 볶다가 면이 부드레 | 티아시아키친 팟타이소스 85g을 넣 | 1~2분간 졸이듯이 볶기 | ④숙주와 쪽파를 넣고 숨이 죽을 때까지 | 완성! | ：801005000703 | OTHER | Tip. 기호에따라 고충가루,땅공가루를 뿌리 | EXP:2022-12-02 | 이 만아니라 가 | 283 | 파스타 대신 사"
003210,2022,12,02,2022-12-02,s1,p. | 영양정보 | LH客250g | 정통 방곡식 맛타이 | 나15mg | 900kcal | 午量2059 | 1% | 당류0g | 25g | 63% | 0% | 트랜스지방00 | 5% | 포화지방09 | 콜레스테를 Or | 0% | 단백질 15g | 0% | 1일 영양성분? | 大量（%）2.000 | 27% | 있습니다. | 개인의 필요 열광에 따라 다을 수 | ②팬에 오일을 두a고 개을 스크 | @불린 업을 넣고불다가 업이 부드라 | ©숙주와 목따를 넣고 숨이 죽을 데까지 | OTHER | 완성 | EXP:2022/12/02 | 283
003211,2021,08,11,2021-08-11,s1,BEST BY AUG 11 2021 | 100Juice | Dke | 복숭아 | Peach | FRUIT BOWLS
003212,2022,08,25,2022-08-25,s1,"0-020-0087 | 시향남읍 | 일판매원:인 | 조업소명:미국, | 위장장애를유발할수 | 을확인하십시오. | 직사광선을 | 응고에 영향을 | 제약공단 3길 | 상담하십시 | 한국오츠카 | 게 알레르기가 | 에 | 피해 | 글리세린, | 건조 | 있 | 출혈 | 4.본 | 2392871 | 식사 | Exp: | 2022/08/25"
003213,NONE,NONE,NONE,NONE,fail,NSANII | Hand- | TSON | LOPMSEIPPUDIMMIPUES | ING for FOUR GENERATIONS - | NDSAY | PERFECTING for FOUR GENERATIONS < | LiNDSA | ARGE | LARGE | BLACKRIPE PITTED OMVES | No artificial flavors Handpicked | 66Z170g)WTANSBS.Z） | ATIW | EOPS CIPPUIMMIPUS | WSANIT | TSON | NDSAY | NG for FOUR GENERATIONS 6 | ilavors | RGE | -pubH | BLACK RIPE PITTED OLIVES | No artificial flavors Handpicked | -N> PERFECTING for FOUR GENERATIONS < | LiNDSA | LARGE | 6-Z(170)WT.AN（2S.Z） | DOPTEMOPPEIM IUPS | DUEENICITTESC NCUUIT | ASANII | 12024 | NSON | WSANI | Hand- | TSON | picked
003214,NONE,NONE,NONE,NONE,fail,WNSANT | 'No artificial flavors · Handpicked | BLAEK RIPEPITTED OHIVES | DUAGINIA | NDSAY | -W PERFECTING for FOUR GENERATIONS  | LiNDSA | ARGE | LARGE | BLADK RIPE PITTEE OMIVES | 'No artificial flavors •Handpicked | NSANIT | ASON | ARGE | LiNDSA | LARGE | NSANIT | 35 | J0 | No artificial flavors· Handpicked | N0#2835 | BLALK RIPE PITTED ONIVES | 12012 | NSANTT | -W PERFECTING for FOUR GENERATIONS | 'No artificial flavors • Handpicked | BLADKRIPEPITTEE OHIVES | pickel
003215,2022,10,13,2022-10-13,s1,NSH EXTRA VIRGIN OLIVE | 100% | O2B8LL | OOSA | BF | 2022.10.13
003216,2022,01,15,2022-01-15,s1,"okio | SAKBBRRY GURRY | tion | Facts | es | E129.FD&CREDNO40). | MAKANAN YANG DIBENARKAN. | 1.0% | 40) | NETWEIGHT/BERATBERSIH净重：3.520Z（100g/克） | 0.0% | 0.0% | MANUFACTURED BY: | COCONFOOD INDUSTRIES SDN. BHD. | NO. 3, LORONGAYAM DIDIK TAMAN RIA JAYA, | 08000SUNGAIPETAN.KEDAHMALAYA | TEL:604-4412231 FAX:604-4412235 | BEST BEFORE: | 2022.01.15 | 6470"
003217,2022,01,15,2022-01-15,s1,"OKcㅇ | tion | EIWEIGHT/BERATBERSIH净重3520Z（100克） | COCONFOOD INDUSTRIES SDN, BHD | DSOOO SUNGAIPE TANI KEDAH, MALAYSIA | 2022.01.15"
003218,2021,03,16,2021-03-16,s1,"경기도 안산시 단원구 | *유통기한:별도기업 | * 제품의 유형:과자 | *알레르기정보:본제을 | 는제품과 같은  | * 원산지:몰도바 | *반품및 교환처:수입원 | *：300g（：1604kcal） | *내포장재질:플리에탈린 | * 제조사:SA FRANZELUTA | *보관방법:해충의접근이 | 관하시고,개봉후 냉장이나 | 보관방법:직사광선을피 | 달갈분말,유당 | * 부정,불량식품신고는국 | 밀,계란,우유함유 | Imperia | Foeds |  200mg10% 三0g | 14g93% | 당류 32g | 콜레스테를Omg 0% | PP | 지방 31g | 61%7g13% | 300g | 41840 | 16.03.2021"
003219,2021,03,16,2021-03-16,s1,"盟：300g（#型：1,604kcal） | Imperia | 18%#0对锁14栋9396 | 300g | 16.03.2021"
003220,2020,07,13,2020-07-13,rot180,NEV | Kid-O | SUPER CHOCO | 20200713 | LT | dx3
003221,2021,03,08,2021-03-08,s1,구이용 | 강원하우등시1#(9) | 원산지:국내산(한우고기) | 1 | 123 | 도축장(주)강원업서 | 포장일자 | 유통기한 | 2021.03.05 2021.03.08 | 100g8（） | 중림(g) | 17900 | 180 | 零线：401340 | 32220 | 가격(원) | 이력 | 002131488349 | 번호 | LOTTE Mart | 반품 및 교환구입처
003222,NONE,NONE,NONE,NONE,fail,BEST IF USED BY | 2022/JUN/14 | 112436960(A)13:29 | OVEN-READY | Barilla | LASAGNE | n.399 | Barilla | Banla | 112436960(A)13:29 | 2022/JUN/14 | BEST IF USED BY | OVEN-READYLSGE | OVEN-READY | LASAGNE | n.399 | AN EAS | BEST IF USED BY | 2022/JUN/14 | 112436960(A)13:29 | OVEN-READY | Barilla | LASAGNE | n.399 | BEST IF USED BY | 2022/JUN/14 | 112436960(A)13:29 | OVEN-READY | Barilla | LASAGNE | n.399
003223,NONE,NONE,NONE,NONE,fail,BEST IF USED BY | 2022/JUN/14 | 112436960(A)13:29 | Barilla | OVEN-READY | LASAGNE | n.399 | Barilla | Baria | 2022/JUN/14 | BEST IF USED BY | OVEN-READYLASGE | OVEN-READY | LASAGNE | n.399 | RO | /N/20 | 112436960(A)13:29 | ANIVLAS | OUANT | BEST IF USED BY | 2022/JUN/14 | 12436960（A）13:29 | Barilla | OVEN-READY | LASAGNE | n.399 | BEST IF USED BY | 2022/JUN/14 | T12436960(A)1329 | Barilla | OVEN-READY | LASAGNE | n.399
003224,2021,08,21,2021-08-21,s1,자일리톨53 | HPC 017288 | 부드러운 | √자일리 | 함유 | /잔소리졸함유 | 강황추출성분 | 쉬링크:OPS | 리드·알루미늄 | PP | 2020.08.22부터 | 培0.01% | 2021.08.21까지
003225,2021,08,21,2021-08-21,s1,자일리를53 | 부드러운 | √자일라 | 통RKE통OY | 잔소리졸합유 | 2020.08.22부터 | 2021.08.21까지
003226,2022,01,29,2022-01-29,s1,"항및 설취방법]1일1회, |  불과 함께섭취하십시오. | 시한 사항은 설명서 참조 | 제조번호:L | DM47200130 | 유통기한: | 2022.01.29 | 까지"
003227,2022,01,29,2022-01-29,s1,설취방법]1일1회 | 불과함께 섭취하십시오 | 한사항은 설명서 참조 | 조번호 | DM47200130 | 통기한: | 2022.01.29 | 까지
003228,2021,01,04,2021-01-04,s2,B话：330413023 | FE:0008048 | PACRDHTE:26/0772021LOT:480242 | 4/01/2021
003229,2022,07,NONE,2022-07-NONE,s1,LOT#3114412 | 00:26 | BEST BY 07/2022 0068
003230,2022,03,28,2022-03-28,s1,28-03-2022 | C02-20272-G-21:29 -272
003231,2021,04,04,2021-04-04,s1,"21.04.04까지 UCa | 을정제밀크시슬추출물분말, 비탄민B· 염산염 | ,비타민B-영산염,난소화성말토 | 快100（ | 는카나우바왁스,히드록시프로필메틸셀 | 을스테아린산마그네슘,글리세린,에틸 | 무과병추출분말(나무과병:중국산) | BCT-3Streptococcus thermphilus, | misp.lacti,lactailus aido- | 간 | 국생)영지추출농축액,공든애플농 | 유단질혼합지매실농 | 실 수 있습니다.이상사례 발생시 | 상담하거나 고객센터로 문의하십 | 밀헛스트 | www.fredi"
003232,2021,09,21,2021-09-21,s1,4THEBORN | 21.09.21 | 11:28 | 백종원의 | 크림컵떡볶이 | 양념을 가~들!! | 머금은 구멍떡'
003233,2021,09,21,2021-09-21,s1,THEBORN | 21.09.21 | 11:28 | 백종원의 | 크림컵떡볶이 | 양념을 가~득 | 어금은 구멍떡
003234,2022,11,NONE,2022-11-NONE,s1,"스파게 | ·원산지:스페인 | 이제품은 계란을 사용한 | 제과은시설에서 | 제품명 스파게티SPAGH | 제조하고 있습니다. | 식품유형 | ·본제품은 공정거위원회고시 | 소비자 분쟁해결기준에의거 | 수입원 | 말는환불받을수 있습니다. | 377（ | ·보관방법:직사광선을 피해 | 제사GALIO | 서늘한 곳에 보관하십시오 | 유통기한 | 제품 뒷면 표기 | 부정·불량식품신고는국번업이 | (읽는 | -반품및교환장소:구입 및수입원 | YMM일O | kg(3,400 kc | 듀렁세올리나밀, | 밀함유 | 포장 플리프로필렌 | 영양정보 | 비닐류 | 口号看30mg2号国数量68g21% | 플레스테Omg0%단백질1 | Best before end:/Batch: | 11/2022-L1031901112"
003235,2022,11,NONE,2022-11-NONE,s1,[원산지:스페인 | 스파게 | 이제을계를사한 | 제조하고 있는니다 | 자 | 보관방법: 직사전을  | -반용및 교환장소:구입지수입원 | 영양정보 | 11/2022-L1031901112
003236,2021,03,30,2021-03-30,s1,2021.03.30까지 장연기.E.E | Fresh Sandwich Bread | 국민 | 샌드위치 | 식빵 | SHINSEGAE FOOD
003237,2021,03,30,2021-03-30,s1,2021.03.30까지 장연기.E.E | Fresh Sandwich Bread | 국민 | 샌드위치 | 식빵
003238,2020,12,10,2020-12-10,s1,French biscuit factory since 1gos. | A very sweet and soft madeleine | www.stmichel.com | Manufactured by: | St Michel Biscuits | 2 bvd de I'industrie - Contres | 4170O LE CONTROIS-EN-SOLOGNE | FRANCE | Ploduction date PRD: DD.MM.Y or YY.MM.DD | Best Before EXD: D.MM.YY or YY.MM.DD | PRD:10.12.2020 | EXD: 16.10.2021 | 20:15L11H345/2 | 175ge
003239,2020,11,04,2020-11-04,s1,Monuf Biscuits | s /industrie - Contres | 2bECONTROIS-EN-SOLOGNE | 41700 | FRANCE | vie il. | foanve eiene  | 1178530415735 | benten l m | Best Before ED: D.MLYMY r YYMM.DD | PRD: 04.11.2020 | EXD: 06.11.2021 | 13:41L101V2309/1
003240,2021,11,06,2021-11-06,s1,2bCONTROIS-EN-SOLOGNE | FRANCE | 1178530415735 | PRD: 04.11.2020 | EXD: 06.11.2021 | 13:41L101V2309/1
003241,2022,01,28,2022-01-28,s2,75g e | FROMTHE | KINGDOM | OF | BELGIDN | EXP.28-01-2022 L0197 | PRD.15-07-2020 08:46
003242,2020,01,18,2020-01-18,s1,68197 | FRD:18-01-2020
003243,NONE,07,21,NONE-07-21,s1,"유동기한 제용에 범도 표기원 월의 1일까지 (읽는 법 /년 순) | chocolate con leche. | www.novipiusport.it | 44.3g | fresco, seco y sin olor. | 41,5g | Zuccheri/Sucres/Sugars/Azicares | 9.0g | A consommer de preference avant fin / | Proteine/Proteines/Protein /Proteinas | 0.15g | ELAH·DUFOURS.p.A. | 07-21 | Novi Ligure (AL) Strada Serravalle,73 | L0G2046 | MADE IN ITALY"
003244,NONE,07,21,NONE-07-21,s1,"chocolate con leche. | www.novipiusport.it | and odourless place /Consevar en luga | 415 | Daconsmaripreterbimee ento fe! | Aconsommer Ce preferece t f | Best before end/Consumir prefereme | 07-21 | ELAH·DUFOURS.pA | LOG2046 | Novi Ligure Al)Strda Seravalle,73 | MADE IN ITALY"
003245,2021,09,20,2021-09-20,s1,16号 | inn250 | ou D) guvofar | Prod.20.09.2020 D49A | Exp.20.09.2021 | STORCK' Part ofTrm
003246,2021,08,15,2021-08-15,s1,특별 | 20 | 징히치즈 | 유기농 | 2021.08.15 까자 | 나트륨 | 매 | 17:57 | 기획 | 어린이치즈 | 두뇌·성장 | 국내 최저 나트륨으로 건강하게 | 3月（257）年月 | 유기농치즈 시장점유율 1위 | 유기농 자연치증81% | （120
003247,2023,01,17,2023-01-17,s1,"C5-37 | alce newo | +内容量：250g | 星35235 | otd. | 유통기한 제용 촉면별도 표시일까지(년 순) | 영양정보 | 导 100% | heat | 원산지이탈리아 | 용기포장질 폴리프로립렌 | 4008SANAZZAROSAVENABOALY | lehods | 인증기관CCPB sil | wing | nin |  d | -Best before:- | TU | LU | sot2a neteshie | 2023.01.17 | d | te and | L00350176 | 05:42 | 北部 | 8 | -(D=)0 | 荣姜成分表示（100g当龙》 | 熟量352kcalh《黄1g | 인하상품 | 脂黄1.1g、炭水化物5.9gm | ：50%100g | 實73g、食物藏推2.9g）、食 | 656 | 相当量0.01g（推定值） | 인하가격: | 1,640  | 商品情#505 | www.alcenero.jp"
003248,2023,01,17,2023-01-17,s1,P | 2023.01.17 | 8 | 인하상품 | ：50%100g | 656g | 인하가격: | 1.640 | www.alceneo.ip
003249,2023,02,01,2023-02-01,s1,No Brand | 브랜드가 아니다소비자다 | 2023.02.01 | 까지F2 | 잘되는 | 豆丘98.9 | 이스 | 빵 발효가 잘되는 | 이스트 | 豆豆98.9% | YEAST | 이미지사진 | 100g
003250,2023,02,01,2023-02-01,s1,No Brand | 2023.02.01 | 까지F2 | 효모98. | 이스 | DRY | INSTANT | 빵 발효가 잘되는 | 이스트 | 豆品98.9% | YEAST
003251,2023,04,NONE,2023-04-NONE,s1,"ede tomate (59). | 복립했법: 직사했선을 피하고 서능한 곳에 보관 | 입구입처 | -은 정거 공 소비자보장해결 기준 | 영양정보 | 卷4884500 | 나트륨 50mg | 已个封量679 | 335kcal | 당류 4g | og eO | 콜레스테를Omg | 지방 05 | 0%调型129 | DMATE Y ESPINACAS | bn Nutricional | nformation | >www.pastasgallo.es | i por/ | de pasta | s per: | 1457K | o/Energy | 344 kcal | Ctra. de Madid,6 | 2,0g | 14620ElCarpio.CORDOBA | fwhich: | 0,5g | FABRICADOEN ESPANA | 67g | MADE IN SPAIN | 4,0g | Mantener en-lugar fresco y seco. | 5pg | Consumir preferentemente antesder | 12g | fnde/Lote: | 0.359 | 04/2023L501"
003252,2023,04,NONE,2023-04-NONE,up2x,"ngresnt | ingredients | 팩스E | spinaeh. | [nbe | double tomato | nmces] | ie contener trazar de huevo. | 서늘한 | antain tracrs ol egg- | [Unel] | bg eor | 영양정보 | M8#450 | unabe | 335koal | 나트b | STA ALMENTICIA CON | JATE Y ESPINACAS | 당로 49 | n Nutrislonal | aformation | 10 | fos porl | s per | 1009 | o/Energy | de past | 1457K1 | 344kcol | wtichz | 209 | www.pastasgallo.es | urates | COMERCIAL | RCarbotydrote | 059 | Ctra. de Madtid,e | GALLO,SAN | 679 | 14620ELCaIPIOCORDOBA | 4,0g | FABRICADOEN ESPANA | Rbre | MADE IN SPAIN | 129 | Mantener en lugar fresco y seco | Consumir prefegememerite antesde | inv/Late | Best before end/Batc | Q4/2023L"
003253,2020,10,20,2020-10-20,rot90,"제수 | 페트 | 297 | CHIN-SU | D:20 10 2020 | 제공권장량:15g | ($기) | 요 | o | 마늘 | 7. | Vietnam. | 표 | 토마토페이 | 7(오금동, | Masan | 카민 | 마늘 | 그린빌딩7층 | 공 | 정제소금 | 요"
003254,2021,11,05,2021-11-05,s1,PCICEE | 2021.11.05까지
003255,2021,11,05,2021-11-05,s1,PCIRE | 2021.11.05까시
003256,2022,04,01,2022-04-01,s1,여Y | 2어 | 6단백질 | 활영양성분 | AGTR | 유에프오우주 캔디 | UF | sauer | S | candy | 2022. 04.01 | 17V8-99 | 5411011822652 | OPEN
003257,2022,04,01,2022-04-01,s2,GTRO | 유에프오 우주 밴디 | UF | sauer | candy | OPEN | 영10 | M | 2022. 04. 01 | 265 | 5 | 1411011
003258,2021,07,28,2021-07-28,s1,fmntomto-glutifmmto-sal | Da consumarsiprefernioimenteentroi! | PICHARTONEIRRONEI | 50ge | Bestbefor/Acosommerdprrenceant | NUTRTOHDECLARATIONI | FAIBENE | DECLARATIONNUTBTIONNELIE | 스28 07 2021 | ALLANATURA! | 1.760z | BIERSA/ BIEGT/BIERGE | CLAMI! | /CRASSI/FATIMATIERESGRASES | L3502419 | diciadigasstrilofahcgtuat | 8002590060923 | NSUOA | Onalunque siala tua
003259,NONE,NONE,NONE,NONE,fail,"022022B1 | FLAVOUR | CHICKEN | naak | GEMEL"" | Ect | Ready | 맛있어요 | To Eat | L0 | MON | Eat | yopu | N | Law3y | N | N | GEMEL | Enaak | Extra | ↓0 | CHICKEN | FLAVOUR | Ready | 맛있어요 | Diprod | PT.SIAIRTAR | Law39 | 0022022B1 | SIANTAR.TOP | LAVOUR | CHICKEN | GEMEL | Ready | 맛있어요 | To Eat | 022022B1 | PT.SIAR | FLAVOUR | SIANTARTOP | CHICKEN | CN TAS | GEMEL | Extra | 맛있어요"
003260,2022,07,29,2022-07-29,s1,CocoaWafen | 2022.07.29 | Cocoa Cream Flavor
003261,2022,07,29,2022-07-29,s1,8 | CocoaWafor | 2022.07.29 | Cocoa Cream Flavor
003262,2021,06,10,2021-06-10,s1,1200 | 5413121360055 | EXP DHTE 2021-06-10 | L120775A 15:33 | MDEECRODEI
003263,2021,05,27,2021-05-27,s1,2.8 | Chocochip | Cookies | EXP:2021.05.27 YP100
003264,2021,09,13,2021-09-13,s1,Kid-0 | SUPER CHOCO | Net Wt./NetContents120g | EXP:2021/09/13A1 | 키ise | 22 | 1200
003265,2021,10,06,2021-10-06,s1,COOkICS | Deitor | MSW | BB 2021.10.06 | HATARI | TOP | BRAND | Malkist Crackers | Chocoate | Berat Bersih/Net Weight:120g | Medan 20148-WNbONESIAs
003266,2021,09,12,2021-09-12,s1,BEST BEFORE | AERAGF /ALUES/VALORES MEDIOS/ | PER/POR/PO | PROD12 09 2020 | 100g/#1. | EXPIRY 12 09 2021 | ENERGY/VALOR ENERGETICO/ENERGIA/RA | 1939kj/Jy | c!Y.Y..1r | 462kall | 18.9g/小4 | sgT.i.i17 | ofwtic SATURATESde las cales | SATURADASdOS quaS SATURADOS  | 6.3g/μ=! | 0252 2 14:09 | 0001681-10462 | 65.9g/bte1 | of which SUGARSde las cales AuCREs
003267,2022,05,05,2022-05-05,s1,"ENERJI VE BESIN OGELERI TABLOSU | O.T./PD | ENERGY & NUTRITION FACTS - per | 100g | 05/05/2022 | ATLAGOS TAPERTEK | 31020 | nerij/ergyEnergil(alk) | 516/2155 | Yag/ | ZSiG | /Saturated Fat/teliet zisa/geNg | 50,3 | sey sugar/Ameybl ukor/Sn(g) | ibre/Rost /ui (g) | NET:18ge(0.630z)18:lil | UZ/Salt/SO/e(g) | 8698701013843"
003268,2022,05,05,2022-05-05,s1,ENERJIVE BESIN OGELERITABLOSU | ENERGY B NUTRION FACTS- per | 100g | retici/Mantactured by/Gyirtai: | 05/05/2022 | ELIT CIKOLATA VE SEKERLEME SAM | 31020 | Za40o2u345ur | PNLg NO: | T+902124440924F+902125960808 | wa.ellal.comir-iobelitckolata.comtr | en1Protefetee  | IlsietmeKayitNo:TR-34-K-037016 | 8698701013843 | NET:18ge(0.63oz)18: | A0.t
003269,2022,01,28,2022-01-28,s1,"조시설에서 제조되고 있습니다 | 류, 계란을 함유한 제품과 | 号43.3g | 39.3g | 43% | 은공정거래위원회 고시소비자분쟁해결 | 트랜스지방0.4g | 의거 교환 또는 보상받을수 있습니다. | 23.6 | 콜레스테를Omg | 157% | 단백질8g | 0% | 반및교환:구입처및수입원 | 요 열량에 따라 다들수 있습니다. | 2000ca1 | per/pour/pro/por/ | p./per / kohden/na: | 100g | energia/wartoscenergetyzna: | 2399kj | 573 kcal | 39 g | 24g | w ty' kwasy nasycone: | 45g | 43g | josta sokereita /w tym cukry: | 0,21g | MANUFACTURED BY: | KIM'S CHOCOLATES NV | GRUPENLAAN 11·3300 TIENEN· BELGIUM | PHONE:+32/16551580-·FAX:+32/16569242 | INFO@KIMCHOC.BE • WWW.KIMCHOC.BE | Net wt100ge | LF2021014 | 28.01.2022 | 5412956213413 | Min.:+15°C/59°FMax.:+21°C/68°F"
003270,2021,10,31,2021-10-31,s1,FERRERO | ROCHER | 31 10 2021 | L340XA-
003271,2021,07,07,2021-07-07,s2,"    | 지 | L | 에2에. | OTHER | 44 | 이제은 ,해일. 있.지기 아항산을 사한 계 은 제 시원에서 제조하고 있습니다. | TigerSelection140ge,6Pieces | Pasteurced Process Cheese spread Gruyere Inareaients Dos cheese | water Eue buteeme powter oulsayna sas. ssmad mik powter salt | Contans Muk mmentaler. Ingredients. Sass cheese water, Dunet | Dutecmlk gowder ermultitymg sat, ssimmed mo powset tan Contains Maoe | Creamy Ingredients: Bees cheese watet, tuitor butermah Doudor. | emutsayng sat | sknmed mak powder san Contains Mek | Product ot Sutrentand Emm Brhweit AG. | Keep tetrgerated | Crcoo2 Lozern www ammi.com | L1001981133 | Best before: | 07.07.2021 | emi | 16:00 | 23.31 | 2402 | C | 1616900 | 205820 | RS-1176617A"
003272,2021,05,03,2021-05-03,s1,2021.05.03까지 | Cheese | Farmhouse | 구워먹는치즈 | 기름을두르지말고약한불에구워드세요 | 영양정보 | 제조원 및 판매원 | YOUNGJUN | 부청주시 상당구 미원면 내산길26 | 全国品00478254 | 포정제질 플리이달린니면 | 보관방법WOC | 20405022 | 유기도기일까지제조일로부터60일 | 구워먹는치즈 | 품및 교방입및본사 | HAND | MADE | 자연치즈·생치즈·무방부제 | 냉장제품 | 150g/589.5kacl | 가능한 빠른 시일내드십시오
003273,2021,05,03,2021-05-03,s1,2G21.05.03지 | Farmhouse | Cheese | ul1b | 구워먹는 치즈 | 구드 | YOUNGJUN | 구워먹는치즈 | 자연치즈·생치즈·무방부제 | 은시일내드십시오 | 48150g/589.5kao
003274,2021,08,20,2021-08-20,s1,"9310288""603628 | 우유, 아항산류 함유 | 110g | 비닐류 | 영양정보 | 100g323kcal | 27%不19g | LDPE | 三量260mg13%个量33g10%异27g | 13g87%量量110mg37%5g | 냉장※ | 트랜스지방 1.5g | Best Before 2021/08/20"
003275,2021,10,10,2021-10-10,s1,"COLOURED CHEDDAR | Product of England. | LOTTE | BEST BEFORE | 10.10.21 | 311-130 028331 0004 | 200ge | 판 매 가 | 7200 | Singletons Dairy Ltd. Longridge, Lail"
003276,NONE,NONE,NONE,NONE,fail,04.10 | 나주 16 | 15品145kca | 1일 | 1위센! | 8m9 | 색! | 만듭니다! | 양로.29 | !은 기본 | 2빈틈없이! | GC녹심자 | 해 | 4일 | 21 | 가진 | 신청 | 152 | X2 | E45kca | ㄹ빈틈없이! | !은기본 | 만듭니다! | !도 | 나주1 | LonfususPL90010/m | LogsernGL752Y52/m | cr. | L.plantarum3512/m | 일 | 용용 | 샘 | 멍형 | 2 | 0만마리 이상/mL | 급ㄱ를교 | 82MR | 양흡 | 9 회 | 04.10 | 나주 16 | 여야저님 | 1일 | 1위션 | 만듭니다! | 은 기본 | 2빈틈없이! | 가정배달 신청 | 1522 | 2323 | 04.10 | 나주 16 | 영양정보 | 량 | 195145kca | 1일 | 1위션! | 색! | 한수레 Z9 | 만듭니다! | 명42g | (기존대비 | !은 기본 | 450 | 큰빈틈없이! | E판스방Og | GC북십자 | 가정배달 신청 | ccp | 1522-2323
003277,NONE,NONE,NONE,NONE,fail,"2일 | 떠먹는 | 불가리스 | 스푼이 | 토핑과 요거트의 환상 비울로 맛도~ | 또떠불 | nlbe | 또 깍 접어, 떠 먹는 | 불가리스 | 눈꽃 초코& 그래놀라 | 04.05 | [이미지예] | 냉장제품 | REMIUN | 04783 | [이미지예] | 냉장제품 | N | 또퍼블 | 또 깍 접어, 떠먹는 | 토핑과요거트의 환상비울로 맛도~ | π으 | 눈꽃 초코& 그래놀라 | 불가리스 | 1259170 | 04783 | 떠먹는 | 04.05 | 불가리스 | 1O""0 | √러<롬 | 연 | 그리<√ | 극릅 | [이] | 82 | 1o""7ㅇ  | √|러<롬 | 극 | 이영 | 극을 | 입 | 떠먹는 | 불가리스 | 스푼이 | 1토핑과 요거트의 환상 비을로 맛도~ | 또떠불 | 또 깍 접어,떠먹는불 가리스 | 눈꽃 초코& 그래놀라 | 04.05 | 04783 | [이미지예 | NEmSEPAACE | 냉장제품 | 2입 | PREMIUM | 떠먹는 | 불가리스 | 스품이 | 토핑과 요거트의 환상 비울로 맛도~ | 또떠볼 | [책bl | 또 깍 접어, 떠먹는 | 불가리스 | 눈꽃 초코& 그래놀라 | 플라스틱 | 04.05 | 04783 | [이미지예] | 영양정보 | 站125g170 | 냉장제품 | %ca"
003278,2023,10,02,2023-10-02,s1,condiges de vidapla | esuade | em nossas áreas dgdak | pesen | decoleiago bej-florpreta | eo QRrode ao la | sque | atubra oguras esp | abiamag reas deultivo | oganicoga Natie | kavealimentos.com.br. | N12021020B | Lote: | 02/10/23 | Validade:
003279,2023,10,02,2023-10-02,s1,ve alguns dos animu | em nossas areas | de conhecer mais sobre a | imentos.com.br. | N12021020B | 02/10/23 | Validade:
003280,2023,07,31,2023-07-31,s2,"영양정보 | 500ge | 수입원 | dor | 판해원 | 金#银上下品里1002104克号） | 제조사 | PASTIFICIO FELCETTGPA WI OMEIO | 입플기관CCPB an | #（TBIQ.0091898） | VAFELICETTI938037PREDAZZONTN | be sbmola de trioo duro biol | brtoaeomoia toogica do | 유a기한e | ne gluten),agua | 모장재절 플리프로일인 | www.gediood.co.kr | tche deeowaren van harde |  시자 기에 기  보성발을 수 있니다. | 1.734cm | 服量18m号1#伞新餐360g11%彩1393% | PP | URa UE / EU AOrOre | 09 | weContrcliatotrategB | ed Operatot nc1ens | o ooo / Inspocton Boody a | ITBIO009 | De ueme e Mn haa ti  Bt | wtes oe ITen rne toudaw t ee | telicely | 31/07/2023 | 3152717"
003281,2021,10,15,2021-10-15,s1,PEACOCK | organic | 2021.10.15 | 전통 간식인 미슷가루와 아몬드가 | 피코크 유기농
003282,2022,12,21,2022-12-21,s1,"LIE1402mk | 社个时量 768 | 8.78 | ·조리법 | 넣고 4분 정도삶습니다 | 조리예 | (산치국수 비범국수,동치미국수) | 새로운으개발로 더큰 도약을 하게 청수식품은 | 전통과신뢰를바당으로정인정신이것든에 | 주력하며 환경친업미적 | 선도하는 대표기업으로 끊입없이 거듭니겠습니다. | 2022.12.21까지"
003283,2021,09,10,2021-09-10,s1,"너켓 | 제품명 | 닭다리너게 | 식품유형 | 과자(유팅처리제품) | 소맥분(말·미국산) 방가루소매분(말 | 호주산),효모, 정제염(국산) 대두분,유 | 원재료명 혼합제제타피오카 화전분 말토스트 | 수수전분,치킨주 농축액,우라이드 | 시즈닝,감자분말,정제염 | 우라이드치킨 | 대두,밀,쇠고기,닭고기 함유 | 유통기한 후면 표기일까지 | 닭다리니겠 | 포장재질 폴리프로필렌 | 19760342001369(） | 후라이드 시킨맛을 스낵으로 | ·토마토, 우유,돼지고기,계란,잣,오징어 새우,게 | 구현닭다리너겟! 빵가루를 | 땅콩, 조개류(굴, 전복,홍 포함)를사용한 제품과 | 입히 더바작하고 고소합니다 | 같은시설에서 제조하있습니다 | ·직사광선을피하고서하고건조한 곳에 | 보관하십시오.개봉 | 바로드십시오 | ·소비자기본법에의거 | 완,환불해드립니다 | 면? | ·부정·불량식품 신고 | 있게 즐기 | 01399 | ·반품:본사및 구입한 | ·신선도유지를 위해 | 소충전포장을 | 하였습니다. | 맑다리 | HESR | 2021.09.10까지 | 메오매 꾸내주 | 228 | 영양정보 | 香L1309 | 100g515kcal | 100g | 1일 영양성분 | 준치에대한 비을 | L三喜660mg | 탄수화물 63 g | 당류6g | 지방26g | 트랜스지방 0.5 g미만 | 고객상담 수신작 | 포화지방79"
003284,2021,09,10,2021-09-10,s2,"너켓 | 식유형 과자(유당지리) | 전지리이드 | 우라이드치킨 | 시즈닝,김자분일,영 | 닭다라니것! | 유동기한 후면 기일까지 | 대두일최고기닮고기 향유 | 추라드시니을스낵으로 | 모상재질리프로엔 | 咨219760342001369(9 | 구현은닭다리 너켓!빵가루를 | 마로우유,대지고기계린장오정어 새 | 입 다바식하고 고소합니나 | 영용, 조개(전, 보) 사용한 | 게 즐기 | -반:본사및구입 | -신선도 유지를 위해 | 밝다라 | 2A31228 | 영양정보 | 재품명 달다리너것 | 원재료명 | 같은 시설에서제조하 | ·직사광선을 피하고 시 | 있니다 | 보관하십시오 개봉 | 하고건조한 곳에 | 민? | ·소비자기본법에 의거 | 바로드십시오 | ·부정 불량식품 신고 | 만.안해니다 | 하였습니다. | 소층전포장을 | 2021.09.10까지 | 100g8kcal | 100g5 | e量660mg | 个9器639 | 34562 | 339 | 당69 | 193 | 26g | 랜스지방0.5g미민 | 485"
003285,2021,08,06,2021-08-06,s1,"LH300g | 100品 | 6% | 틸렌(내면) | 8% | 289 | 15 % | 28 | 스지방09 | 259 | 구 공단로 48(복대동) | 8% | 3.9 | 늘하고 통풍이 | 콜레스테를Omg | 26 | 0% | 0mg | 품은공정거래 | 단백 29 | 4% | 69 | 변음및 교환장소: | 1일 | 성분 | 김준침에 대한 비율 | (%)은 | 량식품신고는 국번없이 | 2.000 | 준이므로 개인의 | 필요 | 혈량에 | 다를 수 있습니다"" | 품은 게새우,돼지고기,복 | HPC050270 | 땅콩.들고기,쇠고기,오징어,조개류 | ).잣, 아황산류를 사용한 제품과 같 | 제조하고 있습니다.※신선한 제품 | 충포장을 하였습니다 | 8801019609053 | 경을 깨끗이 | 발수 있어요 | 희망소비자가격 | 유통기한 | 비닐류 | 부터 | W4800 | 21.03.07 | 05:16 | OTHER | 21.08.06 | A 7 | 까지 | 국제스댁협회정회원 | HACCP | SNaC"
003286,2021,03,07,2021-03-07,s1,하고통이 | 품은공정거래 | 식품 신고는 국번없이 | 및 교환장소 | 명콩를고기쇠고기오징어조개류 | 은 게새우돼지고기록 | D.것 아황신류를 사용한 제품과 같 | 제조하고 있습니다 *신선한 제품 | 포장을 하였습니다 | 희망소비자 가격 | W4800 | 비닐류 | 유통기한 | 21.03.07 | 21.08.06 | 부터 | 까지
003287,2021,09,25,2021-09-25,s1,마켓·오 | 리얼치즈칩 | 포테이토 | 부터 | 2021.01.26/01:33 | SMART | 2021.09.25 | 까지 | PACKAGE | 8801117104603
003288,2021,09,25,2021-09-25,s1,마켓·오 | 리얼치즈칩 | 포테이토 | 2021.01.26/01:33 | 부터 | SMART | 2021.09.25 | 8801117104603 | 까지
003289,2022,01,31,2022-01-31,s1,220mg11%巴个卖器 | 46814%8弄 | 15g15% | 13区24%提人对#08空好风#7847% | 유통 | 2021.02.01/10:08 | 부터 | 营4个时量15mg5%日# | 487%IE9A72RE10% | 기한 | 2022.01.31 | 까지 | EB10.33mg28%LEIB2041mg29%
003290,2022,12,22,2022-12-22,s1,유통기한 | 2022.12.22/P | 컴스프 | 콘스프
003291,2022,12,22,2022-12-22,s1,2022.12.22/P
003292,2022,12,02,2022-12-02,s1,LH喜380可 | THF722-11-T0583C | F722-21-T0553C | 722-41-T0597C | Tetra Recart | Tetra Pak | Rev.01 | E 2022/12/02 K1H9 07: 16 | YYYY/M14/0003801
003293,2022,12,02,2022-12-02,s1,THF722-11-T0583C | F722-21-TO553C | Tetra Recart | Tetra Pak | E 2022/12/02 K1H9 07:16 | YYYY/MM/0003801 | Rev.01
003294,2021,07,26,2021-07-26,s1,FODWELL | 까먹는 포드램 | gr pe jam | Handu | 필요없어더욱 | 간편한~ | 에 쏘옥~짜먹는 | 포도캠 | 20210726
003295,2021,11,26,2021-11-26,s1,[unlabel | MFG : 25112020 | EP | Hoang Gia | 26.11.2021 | KRUK | ION | PHO THIT GA | IUFOST | EGIOl | O G | GATHAT
003296,2021,11,26,2021-11-26,s1,CONG NGHE TUI RETORT TIETTRONG | MFG: 26/11/2020 | Hoang Gia | EXP: 26/11/2021 | KRUK | FON | PHO THIT GA | TO1963 | GATHAT
003297,2021,10,21,2021-10-21,s1,유통기한: | 2021.10.21까지(원주B)(5) | PEACOCK | 기름에 튀기지 않은 | 구운사리면 | BAKED NOODLE | 기름으로 튀기지않고 고온으로구워 | 지방함유량이낮고불지않아 떨합니다. | 조리예 | 180gX47H | 면류첨가 | 알칼리제
003298,2021,10,21,2021-10-21,s1,2021.10.21까지(원주B)(5) | PEACOCK | 기름에 튀기지 않은 | 구운사리면 | BAKED NOODLE | 기름으로 뛰기지 않고 고온으로 구워
003299,2022,10,NONE,2022-10-NONE,s1,"HOB | 11-13mins | ESSENTIAL | WAITROSE | &PARTNERS | obng  er,trg | Dried durum wheat | semolina pasta. | ime results in  e lente | (mrescooked | drain immediately and serve. | ALERCENSs foralergenSs Incuding | cereas conianng gufen, see | best quolity shouldyounot behappy | with this product, please bring the | packaging back to any Waitrose & | Partners shop nd well replace your | NUTRITION | Energykcal | Not Yet | Recycled | XEG TAGAN | 25g | 500ge | Oct2022 | .L02831 | 03:21 | 1001691027798"
003300,2023,06,11,2023-06-11,s1,cuisine | e8g | Fettuccine | 에그 파스타 /페투치니 | 2023/06/11 | L5OMZ | 34601:35 | 250g(970kcal)2~32是 | 19.36% | 이탈리아산(OEM)
003301,2023,04,21,2023-04-21,s1,Best if used iefore: 21-04-2023 | 话00600%0 | 话006
003302,2023,02,06,2023-02-06,s1,이런 분께 권합니다! | 육류 위주의 식습관으로 지방질 섭취가 | 많으신 분 | ·제조번호: | 2100270 | 2023-02-06 | 인스턴트 식품 섭취를 많이 하시는 분 | ·유통기한: | 까지 | 부족한 운동으로 혈행 건강이 걱정되시는 분 | 이력추적 | 중성지방 수치가 걱정되시는 분 | 관리번호를 입력하시면 건강기능식품의 | 정보를 확인하실 수 있습니다. | 구입문의 | ※자세한 사항은 제품설명서를 참조하세요 | 080-977-3308（）
003303,NONE,NONE,NONE,NONE,fail,"이런분께 권합니다! | 건강기능식품이력추적관리번호:건강기능 | 육류 위주의 식습관으로 지방질 섭취가 | 7719620 | 많으신분 | ·제조번호: | 인스턴트 식품 섭취를 많이 하시는 분 | ·유통기한: | 까지 | 부족한 운동으로 혈행 건강이 걱정되시는 분 | www.tiogu.kr""에서 식품이력추적 | 중성지방 수치가 걱정되시는 분 | 관리번호를 입력하시면 건강기능식품의 | 정보를 확인하실 수 있습니다. | 구입문의 | 080-977-3308（） | ※자세한 사항은 제품설명서를 참조하세요 | ·제조번호: | （7719620 | 건강기능식품이력추적관리번호:건강기능 | ·유통기한: | 정보를 확인하실 수 있습니다. | 관리번호를 입력하시면 건강기능식품의 | www.tioc | ※자세한 사항은 제품설명서를 참조하세요. | 6.K에서 식품이력추적 | ·육류 위주의 식습관으로 지방질 섭취가 | ·부족한 운동으로 혈행 건강이 걱정되시는 분 | ·인스턴트 식품 섭취를많이하시는분 | 많으신분 | 이런 분께권합니다! | 080-977-3308（） | 중성지방 수치가 격정되시는 분 | 구입문의 |   | 기연카르를리기겨 | 격 |   | 이험 | c한겨기연장위환 | K | 연연:한연기 | 장창장정귀수장활위술말징취수 | c한겨격연 닐위 | 작정 | 기연카르를리기겨연 | 제이험 | 작연작:한면귀술무지 | 이런 분께 권합니다! | 건강기능식품이력추적관리번호:건강기능 | 육류 위주의 식습관으로 지방질 섭취가 | （7719620） | 많으신분 | ·제조번호: | 인스턴트 식품 섭취를 많이 하시는분 | ·유통기한: | 까지 | 부족한 운동으로 혈행건강이 걱정되시는 분 | www.tiou.gu.kr'에서 식품이력추적 | 중성지방 수치가 걱정되시는 분 | 관리번호를 입력하시면 건강기능식품의 | 정보를 확인하실 수 있습니다. | 구입문의 | 080-977-3308（） | ※자세한 사항은 제품설명서를 참조하세요 | 이런 분께 권합니다! | 건강기능식품이력추적관리번호:건강기능 | ·육류 위주의 식습관으로 지방질 섭취가 | （7719620 | 많으신분 | ·제조번호: | 1 | 인스턴트 식품 섭취를 많이 하시는 분 | 까지 | ·유통기한: | 부족한 운동으로 혈행 건강이 걱정되시는 분 | www.tio.gu.kr""에서 식품이력추적 | ·중성지방 수치가 걱정되시는 분 | 이력추진 | 관리번호를 입력하시면 건강기능식품의 | 정보를 확인하실 수 있습니다. | 구입문의 | 080-977-3308（） | ※자세한 사항은 제품설명서를 참조하세요"
003304,2025,03,NONE,2025-03-NONE,rot90,HERE | ULTRA THIN | Exp.: | LOT: | 03/2025 | CH20002 | 8809350088834
003305,2025,03,NONE,2025-03-NONE,s1,"CARE | HER | LOT | CH20002 | LUBRICATED | ULTRA THIN, | 03/2025 | 8809350088834"
003306,2020,09,01,2020-09-01,s1,"MADE IN KOREA | 2020-09-01 | 허리온팩 | Medi Heally | 메디힐리 | 그날이 편안해지는허리 순환존집중케어! | 허리 순환존은? | 사용방법 | 1.비닐포장을 뜯어주세요 | 2.허브 보호실링을 | 제품명 | Medi Healy 허리온팩 (온열팩) | 모델명HPAS | 원재료명 | 제조년월일 | 별도표기 | 유통기한제조일로부터 3년 | (주)피플파이 서울 서초구 양재동 윈드스톤빌딩 15F | 제조판매원 | 고객센터 | www,medihelly.com (한국OEM)"
003307,2020,09,01,2020-09-01,s1,2020-09-01 | 허리온팩 | Medi Heallu | 그남이편안해지는 허리순환존 집중케어! | KC
003308,2019,09,03,2019-09-03,s1,①3하세요! | 아트신고기 호두심과 | 사용한 | 서조하고 있습니다 | 영양정보 | 총내용n | 100g215 | 量49g15%40号39129 | 09g2%0 | 레스테를 Omg | E94g7% | Oy0 | 3% | 4mp3 | 에대한비을(%)은 | 라다를 수있습니다. | 난심 프로젝트 | 2019.03.04 | 2019.09.03
003309,NONE,NONE,NONE,NONE,fail,PRETZEL CRACKERS | AL | AUG292020 | LE | ZZ082926A | 10:48 | pro | PRETZEL CRACKERS | AL | ZZ082926A | AUG292020 | 10:48 | ㄱ∀ | 0l0 | PRETZEL CRACKERS | AL | AUG292020 | LE | ZZ082926A | 10:48 | PRETZEL CRACKERS | AL | AUG292020 | -E | ZZ082926A | 10:48 | G | pro
003310,NONE,NONE,NONE,NONE,fail,AL | E | AUG292020 | ZZ082926A | 10:48 | PRETZEL CRACKERS | PRETZEL CRACKERS | m | A | ZZ082926A | AUG292020 | 10:48 | LRLRECPRCILIZPLEE | n | ON | 3 | PRETZEL CRACKERS | AL | E | AUG292020 | ZZ082926A | 10:48 | PRETZEL CRACKERS | AL | E | AUG292020 | ZZ082926A | 10:48
003311,2021,03,11,2021-03-11,s1,DATE:11.03.2021 | NR:070
003312,2021,03,11,2021-03-11,up2x,BATEL3019 | DATE11.03.2021 | SRLNR:O70
003313,2021,07,05,2021-07-05,s1,"PRE | 제품명 | 코코넷칩 | Thitinan Food Co., Ltd. | 수입업소명 | 및소재지 | (부암동,타워베르빌) | 유통기한 뒷면표시일까지(읽는법 년) | 71%，5%， | 보관방법:직사광선을피하고서들한곳에보관하여 | Manufactured By: | 에는가급적 빨리섭취하시기바랍니다. | Thitinan Food Co,Ltd. | *반품및교환:수입업소및구입처소비자상담실: 07 | Bangthorad SamutSakhon | 또는보상 받을 수 있습니다. | 139 | E-Mail.thitinan_bee@yahoo.com | EST BFE0RE: 2021-07-05 | 851936001027 | PRODUSTOF THAIAND"
003314,2021,07,05,2021-07-05,s1,RE | COCONST | 일소제지(무임동타워배일) | 에는 가급적리취하시기바랍니다. | ·본제은 공정거위원회 고시소비자 분결기준0 | 또는 보상 받을 수있습니다. | 139 | EEST BR0RE:202107-05
003315,2021,08,03,2021-08-03,s1,lliter | lookies | EXP:2021.08.03 VP10
003316,2022,02,07,2022-02-07,up2x,Bifa | 2000 | KREMALI | KAKAO | BISKUVi | SANDVIC | BEE20220207 | PN232
003317,NONE,NONE,NONE,NONE,fail,Bifa | 2000 | KAKAO | KREMALI | SANDVICI | BiSKUVI | BBE 2022 02 | PN232 | 2000 | Bifa | KREN | On | ega | 23nE | 282 | Hd | 388 | AOHSIA | SIAANVS | OVHVN | Bifa | 2000 | KAKAO | KREMAL | SANDVIC | BISKUVI | Bifa | 2000 | KREMAL | KAKAO | SANDVIC | BISKUV | BBE 30220207 | PN232
003318,NONE,NONE,NONE,NONE,fail,EXP:20210.20 | Dalgom | 달공프란찌 | Franzzl | GREEN TEA CREAM COOKIE | 녹차크림쿠키 | Franzzi | EXP:20210.20 | 녹차크림쿠키 | GREEN TEA CREAM COOKIE | IZzuelH | 문숙믈터무닉 | IZzuelH | EXP:20210.20 | Dalgom | Franzzl | 달공프린찌 | GREEN TEA CREAM COOKIE | 녹차크림쿠키 | EXP:20210.20 | Dalgom | 달곰프란찌• | Franzzi | GREEN TEA CREAM COOKIE | 녹차크림쿠키
003319,2021,10,20,2021-10-20,rot270,GREEN TEA CREAM COOKIE | IZzuels | EXP:202110.20
003320,2021,04,27,2021-04-27,s1,"00 | Ualcolatte | frozen | 100% LATTE | Burata cheere | ITALIANO | Valcolatte | 해동일자2021,03.29 | 해동일로부터의 유통기한 2021.04.27"
003321,2021,09,01,2021-09-01,s1,샌드위치만능 레시피 | 맛있는샌드위치의한빛 | samlip | 연유버터 | 프레드 | 특한유샌드위치용스프레드 | 500g(2540kl) | 조리에 | 相28 %25% | 2021.09:01#지 | 이민
003322,2021,09,01,2021-09-01,up2x,"omtip | 연윤버터 | 드프레드 | 센트N지플 스N | 500g(2,540kcal) | 8%125% | 조) | 202109.01지 | 이이 | 한양"
003323,NONE,10,02,NONE-10-02,rot90,"STICKS | IICHEESE | USE BYMAY2421NC | 맞있는 간식, 갈바니 치즈! | COLBY | JACK | 716310:44 | NO | 1(Galbani) | MADE IN THE USA | NETWT.10-02"
003324,NONE,NONE,NONE,NONE,fail,Kraft | 자연치즈 함유 99% | SHREDDED | Triple Cheddar | REDED VERMONT KTECESHARPHR&MDDARCES | NO rbST | HORMONE | IRCATOHFBENEA | PEA14 CUP | BEEN | OWNRENE | DERVEDROM AS-REA | 110 | 170mg | NET WT | NON-AS-REAECO | SAT FAT | SODIUM | 80Z(226g） | 2996DV | 6g | CALORIES | TOTAL | SUGARS | 7%% DV | EDDED VERMONT  | PA14 CUP | Triple Cheddar | 자연치즈 함유 99% | Kraft | 80Z(2269） | NET WT | &MID C-DDAR CHEE | SHDOC | IM LN | (6 | SIST | 10 | (9)208 | AD L | A0 6 | TVLOL | WNIOOS | IMLN | '0 | b9 | OLL | S | NCHBOYISUCBCY IROHIM | 0091-20-12000 | ISQION | IYEHY | Kraft | 자연치즈 함유99% | HREDDED | Trple Cheddar | REDED VERMONTKECHARARBMDLDORCHES | NO rbST | HORMONE | UTAEDASTHOONE | PER114CUP | BEEN. | BETNEEN | NET WT | 110 | 60 | 170mg | 0a | ARO NON-NOST-REATE CONS | CALORIES | SAT FAT | SODIUM | TOTAL | SUGARS | 80Z(2269) | 29% DV | 7% DV | Kraft | 자연치즈 | 함유 99% | FTNELYSHREDDED | ALIT | Triple Cheddar | REDED VERMONTKECHARPDRMDCOARCES | NO rbST | 2---1 | HORMONE | MARE WTHMRKFRW COWSRASED | IWTHOVTAMED OSTHORWWE | SAGMPCANT OFENE A | PFA1/4 CUP | BEENSHON BETNENU | DERIVEDFROM T-REA | 110 | 170mg | NET WT | 6g | 0g | NON-ST-REEDCONS | SAT FAT | SODIUM | TOTAL | CALORIES | 80Z (226g) | 7%DV | SUGARS | 29%DV
003325,2021,08,02,2021-08-02,s1,Kraft | 자연치즈 함유99% | Trple Cheddar | NO rbST | 1-2021-8-02-16108-0-1 | HORMONE | 110 | NET WT | 80Z(226g)
003326,NONE,NONE,NONE,NONE,fail,"KaE | 자연치즈 함유99% | MexicansTE | FOUR | RHEESE | HREDED MONTEREY JACK,CHEDDAE | NO rbST | HORMONE | MAL WT MUKFROMCONS | WINOUTALTED RS HON | ""NO SIGNIAR NTDIFEBRNC | BEEN SHOL | BETW | 100 | 180mg | NET WT | DERIVEDT | 80Z (226g) | AND NON-rbST-TREN | SUP | 0. | SAT FAT | SODIUM | TOTAL | CALORIES | SUGARS | 25% DV | 8% DV | SATI | Mexican | 자연치즈함유99% | FOUR | 80Z(226g） | NET WT | IAIS. |   | (69zz)Z08 | IM LN | (6gzz) Z08 | A0%8 | A0 9%Z | TLOL | WNIGOS | IM LEN | 00 | d | OHISHCWINOLIM | ISQION | Krafe | 자연치즈 함유 99% | Mexicansre | FOURLHEESE | PEDDED MONTEREY JACK CHEDD | NO rbST | HORMONE | MAL WIT MIKFRON CONK | WTOUTA NEDS H | ""NO SIGNIARNT | 100 | NET WT | REL | 50 | 180mg | 0. | SAT FAT | SODIUM | TOTAL | DERIVED | CALORIES | SUGARS | 8 0Z (226g) | DV | %DV | AND NON-rbST-TR | K | 자연치즈 함유99% | EARSO | 1e | MexicansmE | FOUR CHEESE | SHREDDED MONTEREY JACK,CHEDDA | SADACHEI | NO rbST | HORMONE | MAL WITh MLKFROM COWS | WITNOUT ALDFD ROSTHON | PEP114DOP | *NOSIGNIFARNT DIFERIC | 100 | BEEN SHOEA BETWVEN | 50 | 180mg | 00 | NET WT | DERIVEDTR | bST-IRE | CALORIES | SAT FAT | SODIUM | TOTAL | SUGARS | 8 0Z (226g) | AND NON-rbST-TREATE | 25% DV | 8%DV"
003327,NONE,NONE,NONE,NONE,fail,"자연치즈함유99% | MexicansrE | SDDED MONTEREY JACK, CHEDD- | FOUREHEESE | NO rbST | HORMONE | NET WT | 80Z(226g) | adp | u0 | 5 | 180 | 0 | WOTAT | ""NO SIGNIG | AND NON-rDST- | Mexi | FOUR | KaE | can | ISqiON | 19108 | Mexican | 홍용 | -LS-NON ONY | 50 | (692)Z08 | SINOIS ON. | IM L3N | 081 | ISQTON | Kiafs | 자연지즈 함유 99l | MexicansrE | DDED MONTEREY JACK, CHEDDA' | FOURELEESE | NO rbST | u0 | HORMONE | 180 | 0 | NET WT | 80Z(226g) | ""NO SIGN | rbST | 자연치즈함유99% | AR | MexicansTYE | GRSDED MONTEREY JACK, CHEDDA'E- | FOUREHEESE | E-SUEIOLACE | 114C0P | NO rbST | 100 | HORMONE | CALORAES | 5. | SATFAT | 180 | MA   | WOUTATDSRO | 0 | NET WT | ""NO SIGNIE RNTDETIRE | 80Z(226g) | BEELSEDEBETWEY | DERIVEUA | AND NON-IbST-IRE"
003328,2021,12,26,2021-12-26,s1,"“흔들어 드세요"" | 유통기한 | 까지 | 2021.12.26 07:36"
003329,2021,12,26,2021-12-26,s1,"‘흔들어 드세요"" | 까지 | 유동기한 | 2021.12.26 07:36"
003330,2021,11,03,2021-11-03,s1,"식품위생법에 의한 한글표시사항 | *제품명:미니프레즐 솔트(요오드소금 3% 함유) | DUCOS29ca | *원산자:루마니아수입(주신우통상에/서울시용산구한강대로길,20호동자동 | 02-7-136 | 밀이산화황함유 | EXP: 2021.11.03 | 250g100g397kcal | 00"
003331,2021,11,03,2021-11-03,s2,"식품위생법에 의한 한글표시사항 | 명:미니프레즐 슬트(요오드소금 3% 함유) | 0：5C.DUNCECCOMSRL25093 | ：2202 | 业调对型立型好提交：02-77-1136 | :일기-시스연영산유정수,육수수문(유전자변행 옥수수 가능성있음] | 주을 요오드소금 효오 성당 단산나를,수산나를, 보존료(타중아산나트름) | 또장재질: 플리프로필랜 반품교한 구업처 또는 수업원 유통기한:제품 별도표시일까지(년/일/일 순) | 보기 적사을 피하고 건방한 곳에 보 은 소비자 경기에거교또는 보성을수 있습니다 | EXP 2021.11.03 | 99：专48售250g100g#397kcal | 4热香1.470mg74%）电中量75.6g（23%）界429（4%）对营5.7g（11%） | 电生0.679（4%mg/0311g（20%）"
003332,NONE,04,20,NONE-04-20,rot90,"BELGIOIOSO | MADE N THE USA | ERESH | BURRATA | BEST BY APR/29/2110:00FL60 | 4-2oz.""Minis | SOAKED IN CREAM | EATIN AMERC | LLED | KEEPI | 8"
003333,2021,10,30,2021-10-30,s1,Mondeléz | International | BEST BEFORE (DD/MM/YY) : | (//): | 30.10.2021 | 00Y4204452 | Nutrition Information | Serving size: 25g | Serving per pack: 4 | Per Serving | Per100g | Energy | 133kcal | 531kcal | Protein | 15g | 6.2g | 7.1g | 28.5g | -Saturated Fat | 4.3g | 17.2g | -Trans Fat | 0.1g | 0.4g | -Monounsaturated Fat | 2.3g | -Polyunsaturated Fat | 0.3g | 12g | Carbohydrates | 15.6g | 62.5g | -Sugars | 15.6g | 62.2g | Sodium | 18mg | 73mg | 을 
003334,2021,10,30,2021-10-30,s1,Mondeléz | International | BEST BEFORE (DD/MM/YY) : | (//) | 30.10.2021 | 00Y4204452 | Serving per pack 4 |  
003335,2021,07,02,2021-07-02,s1,11:37 L20184 2021/07/02
003336,2021,07,02,2021-07-02,s1,11:37 L20184 2021/07/02
003337,2020,06,01,2020-06-01,s1,"·제품명:주 질리 동물 | ANIMAL FRIEND | 캔디류·수입판매원:홈 | 서울시 강서구화고 | 표시일까지(읽는비 | （16g*8号480k | 포도당시럽,설탕 제 | 농축,변성전분,구 | 사과산,착색료(이 | 나트륨착색료(식 | 제1호)되지고 | 젤라틴(돼지고기) | 구연산,펙턴,합 | (이산화티타는 | (식용색소황색제) | 시럽,설탐,젤라터 | 변성전분,구연 | 사과산,착색료 | 나트륨착색료( | 오렌지항-포도ㄷ | 사과주스농축 | 0.4%,사과산책 | Manufacturer: Guangdong Fuwei Health | 나트륨착색료( | Technology Co., Ltd. | 돼지고기 함 | 글리프로필렌 | Product of China | 건조하고 서늘 | *부정,불량식품 | *본 제품은 소비지 | 해결기준에의거 | 2020:06/01 | 있습니다.온도 | 현상이발생할수 | 영양정보 | 4E#5mg0% | A y Os E"
003338,NONE,NONE,NONE,NONE,fail,"표시일 | （160 | 프도당시 | 농4.변성접 | 사과산, | 나 | 제1) | 플라턴(데지고 | 구연산 | (이산화티타 | (식용색소방) | 시립,설팅, | 법성전부,구 | 사과산,학색 | 나 | 오렌지-5 | 사과주스농 | 0.4% | 나트 | S지고기 | 그리프로렌 | 조하고 서 | 20206/01 | 영양정보 | ANIMAL FRI | Manufacturer: Guangdong Fuwel Health | Technology Co., Ltd. | AddM3Zone11AndBulidingDNo13-7&08,Jinyuan | induatrial Park,Chaoshan Road,Shantou,Guangdong.Chin | Product of China | Bost Bel | T | 별 제품은 소비지 | 기에 의기 | Beat Bel | Product of China | 20206/01 | Add:M3 Zone | Technology Co., Ltd. | 정보 | 0 | r2 | m | m!m | 10/90020 | logtog | Add:M3Zone11AndBulidingDNo.13-7&08,Jinyuan | 1ORN | KI KSICEN | 10/90202 | YIRV RY | RY EIOER | log isog | <EY | MEY'0 | ) | B | ANIMAL FR | 시일 | (160-88XIK4 | 사과산, | 나E  | 갤라틴(돼지고 | 구연산 | (이산화티ET | (식용식소) | 시렴,설 | 법성전부 | 사과산,학 | 나트통 | Manufacturer:Guangdong Fuwel Health | 오렌지항-포도 | Technology Co., Ltd. | 사과주스농4 | AddMoZone11AndBulldingDNo.13-7&08,Jinyuan | 0.4, | Inddutal Park,Chaoshan Road,Shantou,Guangdona.cni | 나트 | Product of China | 그리프로플랜 | Beat Bel | T | C | 신조하고 시 | 20206/01 | 벤 제품은 소비서 | 상이 발생할 수 | 영양정보 | ·제풍망주 젤리밥 | ANIMAL FRI | 겠디를 수입 | 서울시 강서구 | 표시일까지G | (16g-8名X1K4 | 포도당시럽 설 | 농속,변성전분 | 사과산,착색 | 나트름,작색료 | 제1 | 젤라틴(돼지고 | 구연산,펙틴 | (이산화티타) | (식용색소황색) | 시럽,설탕,젤라 | 변성전분,구 | 사과산,작색료 | 나트름,착색료( | Manufacturer: Guangdong Fuwel Health | 오레지형-포도 | Technology Co., Ltd. | 사과주스농축.! | Add.M3Zono11AndBuildingDNa.13-7&08Jinyuan | 0.4%,사과산 착 | Induatrial Park,Chaoshan Road.Shantou,Guangdons.Chin | 나트륨, 책료 | Product of China | 되지고기를형 | 그리프로필렌 | Best Bel | T | 건조하고 서출는 | 20206/01 | ·부정.불광식품 | ·본 제품은 소비지 | 해결기준에 의거 | 한상이 발생할 수 | 영양정보 | [Unlbbe"
003339,2022,01,24,2022-01-24,s1,"""내용량:30g | 절임식품 | 4론 4드시기 바랍니다. | ""반품소:구입처 및 수입업소 | 비닐류 | ""포정이능 | 1399 | OTHIER | 공고시소비자분쟁결기준에 의거 교환 또는 보산 | 수 있습니다. | sunfower oil pies, atura favers. | 24/01/2022 | N305 07:09 | ENO LOUO | Made in taly by:2. SAAsa | Z.1.LoC. Recocce Cniay | www.i..ova.it"
003340,NONE,NONE,NONE,NONE,fail,Ethical Tea | Partnership | 7017703452 | 29/SEP/2022 | 0000582504 - 273 | 22:07 | Improving the lives of tea | workers and their environment | Loose Tea. Tee lose. Té en hojas Thé en vrac | Te in foglie Losse thee Losvekt te Herbata Lisciasta | Best Before Mindestens haltbar bis · Ten minste | houdbaar tot · Consumir preferentemente antes del | A consommer de préférence avant le · Da consumarsi | preferibilmente entro il . Best for · Najlepiej Spozy Przed: | preferibilmente entro il . Best for · Najlepiej Spozy Przed: | A consommer de préférence avant le • Da consumarsi | . | houdbaar tot · Consumir preferentemente antes del | Best Before · Mindestens haltbar bis · Ten minste | Loose Te. Tee lose. Téen hojas. Théen vrac | C | 70177163452 | workers and their environment | Improving the lives of tea | Partnership | Ethical Tea | . | r | TCtTte | 0 | 222-1092890000 | 22027838762 | Tcttcte | Ethical Tea | Partnership | Improving the lives of tea | workers and their environment | Loose Tea· Tee lose· Té en hojas· Thé en vrac | Te in foglie·Losse thee ·Losvekt te · Herbata Lisciasta | 1 | 70177103452 | Best Before · Mindestens haltbar bis·Ten minste | houdbaar tot· Consumir preferentemente antes del | A consommer de préférence avant le · Da consumarsi | preferibilmente entro il.Best for·Najlepiej Spozy Przed: | 29/8EP/2022 | PL | 0000582504-273 | 22:07 | Ethical Tea | Partnership | Improving the lives of tea | workers and their environment | Loose Tea . Tee lose . Té en hojas • Thé en vrac | Te in foglie • Losse thee · Losvekt te · Herbata Lisciasta | 7017703452 | Best Before · Mindestens haltbar bis . Ten minste | houdbaar tot . Consumir preferentemente antes del | A consommer de préférence avant le. Da consumarsi | preferibilmente entro il . Best for . Najlepiej Spozy Przed: | 29/9EP/2022 | ' | 0000582504 - 273 | 22:07
003341,NONE,NONE,NONE,NONE,fail,Ethical Tea | Partnership | 29/8EP/2022 | 0000582504-273 | PL | 22:07 | Improving the Iives of tea | Te in foglie-Losse thee-Losvekt te-Herbata Liciasta | Loose Tea· Tee lose.Teen hojas· The en vrac | workers and their ervironment | 5 | 7017763452 | 8 | Best Before· Mindestens haltbar bis- Ten minste | houdbaar tot·Consumir preferentemente antes del | A consommer de preference avant le· Da consumarsi | preferibilmente entroil-Best for-Najlepiej Spozye Przed: | improwng te les o oment | 273 | avant le.Da | 22:07 | iarsi | 20:82 | 00 | Ethical Tea | Partnership | 0 | G0005 | Best Before- Mindestens haltbar bis-Ten minste | 7 | 6 | Ethical Tea | Partnership | Improving the Iives of tea | Te in foglie-Losse thee-Lasvekt te-Herbata Lidiasta | Loose Tea.Teelose.Teenhojas.Theen vrac | workers and their environment | 5 | 7017713452 | Best Before·Mindestens haltbar bis-Ten minste | houdbaar tot.Consumir preferentemente antesdel | preferibilmente entroil-Best for-NajlepiejSpozyc Przed: | Aconsommer de preference avant le.Da consumasi | 29/9EP/2022 | 0000582504-273 | PL | 22:07 | Ethical Tea | Partnership | Improving the lives of tea | Loose Tea. Tee lose.Teen hojas· Thé en vrac | workars and their environment | Te in foglie-Losse thee-Lesvekt te-Herbata Liciasta | 70177163452 | Best Before · Mindestens haltbar bis - Ten minste | houdbaar tot·Consumir preferentemente antes del | A consommer de préférence avant le· Da consumarsi | preferibilmente entro il- Best for - NajlepiejSpozye Przed: | 29/9EP/2022 | 0000582504-273 | PL | 22:07
003342,2023,12,30,2023-12-30,s1,30 12 23 | CASA FONDATA | TEONE | NEL 187 | CANNELLA | SPECIALITA ITALIANA
003343,2023,12,30,2023-12-30,s1,30 12 23 | CASA FONDATA | TEONE | NEL187 | CANNELLA | SPECIALITA ITALIANA
3344,2026,09,11,2026-09-11,s1,2026.09.11 | SAMYANG | Asepsys | 리퍼 | 디카페인커
3345,2026,08,19,2026-08-19,s1,26.08.19 | mtatov
3346,2026,09,10,2026-09-10,s1,"2026,09.10 | EDL7 | 상단의 화이타 | 용량5 | mL(240kcal) | xim | 0413079145 | 프레소"
3347,2027,09,01,2027-09-01,s1,2 | PRD 010925 | EXP 010927 | PRD M95 |  
3348,2031,02,05,2031-02-05,s1,고양이 Lol/knten | 일일 권장 급여량 (파우치) | () | () | Feding Guide (pouch/dal | ( | NET WeKR | HER | 2-4개월/months/ | 0.8-1.75 | 31/2-5poucha | 중량 | 4-8개월/months/ | 1.75-3.05 | 5-5/2pohes | 8-127H/months/月 | >5Vhes | 10274008
3349,NONE,NONE,NONE,NONE,fail,"1724.500 | 동봉되어 있어요 | 제육밥 | 름0.7 | 세븐APP | 이미지여 | 참고소한제육덮밥 | 품명 | 소비김한(년 월, 일 시간)까지 | 25.12.101X1 | 880111801237221010 | ：20000347052-3048 | 130 | 소비기한 | 하루습 | 끈하거 | %0%81%690%0%% |    | BE | MO | L0 | 품명 | AA | 문을우 | 매이조움움 | 저우규금 | 참고소한제육덮밥 | 을 | 00347052-3048 | 01 | 욱크 | 하융 | 세븐APP | 예약 | 할인 | 2025. | 소비기한 | 이미지예 | 제육 | 품 | 끈끈하거 | 동봉되어 있어요 | 하루습 | 돼지고기 | 4.500 | 참기름0.7 | 응 | 1000W700W | 2号10±230* | 428 g(770 kcal) | 9 | 따뜻하게 데워드세요! | 화물 당 류 지 방 트렌스방 포화지방 콜레스테를 단백질 | %24%50%05947%18%40% | 저우규규 | / |  -8/ | 00 | 하융 | %∠0 | 제븐APF | $ | 4.500 | 참고소한제육덮밥 | 품명 | 소비기한(년 월, 일 시간)까지 | 제조(년, 월,일 시간) | 2512:0801125.12.1018X | 880111801237221010 | 号卫：20000347052-3048 | ）25 | 소비기한는 | ap | 428g(770kcal) | 言0.7% | 74.500 | 동봉되어 있어요 | 제육밥 | n | 세븐APP | 예약 | ro | 이미지여 | 2号10±2层30 | (보제 | 2 | 00W | 단백 | 00 | 참고소한제육덮밥 | 품명 | 소비김한(년 월,일 시간)까지 | 25.12.1010X | 880111801237221010 | ：20000347052-3048 |  보관 | 수성출당식품 | 소비기한 | 하루습 | 끈끈하게"
3350,NONE,NONE,NONE,NONE,fail,"4.500 | 참고소한제육덮밥 | 품명 | 소비기한(년 월,일 시간)까지 | 제조(년월있시간) | 25.12.1010X | 25.12:0801人1 | 880111801237221010 | 全D171202号 | 하루습 | 끈끈하거 | ：20000347052-3048 | 2 |     | MOOLMOOI | $ | 문면알우 | 저우규규 | 품목보고 | 시 | 88011 | 참고소한제육덮밥 | H：20000347052-3048 | 소강학년월양시강까지 | 101 | 허CIAY | 욱급 | ddvi | EAPP | 비약 | 할인 | 뜬은 | 관 | 2025 | 소비기한 | 2025 | 22 | 이미지예 | 터반 | 표e | 끈끈하거 | 4.500 | 하루습 | W | 응 | 1000W700W | 210±230# | kcal) | 0 | 따뜻하게데워드세요! | 한식방 포화지방 클리스티를 | 단백질 | 저우규규 | 문면알우 | / |  - /   | 질 | MOOL | 은 | 4.500 | 품명 | 참고소한제육덮밥 | 소비기한(년 월,일 시간)까지 | 제조(년,월,일 시간) | 2512:0801125.12.1010X1 | 880111801237221010 | ：20000347052-3048 | 0.0 | 0.2.0 | 소비기한 | 하루순 | 끈끈하거 | 집악 | cal | $ | 이미지예 | 4.500 | 비닐제거 | 210±2#30去 | w | 00W | 단백질 | 소 | 참고소한제육덮밥 | 품명 | 소비김한(년 월,일 시간)까지 | 25.12.1010人/ | ㅅ | 880111801237221010 | ：20000347052-3048 | 지조원: 데대울인 주시회/경도 융입시기용구 중부로7길2- | F내장산관 | 상조구 영당도 | Tㅎ,술당'식금 | 소비기한스! | U | 하루습 | 끈끈하?"
3351,NONE,NONE,NONE,NONE,fail,"enjoyy | 품명 | 양념순살닭강정 | 08시 | 2 | 가저요 | 저요브레CIn | 8 | 08시 | 품명 양념순살닭강정 | O | 88 | enjoy | bofua | 88 | 1유오 오 | [(1)n“{(i | 1088 | bofua | enjoy y | 품명 양넘순살닭강정 | 255208108N | 1022次 | 적용배터믹스런D | 는(중국산),토마토 | 2 | AE | 스[토마토페이스트(토마 | (중국산)] | L요브레드 | enjoyy | 품명 | 양념순살닭강정 | 월08시 | 기 | 880111 843258322219 | 강정용준살치킨'-나[타고기(회국산) | 국산),닭강정용배터믹스{미 | ㅎÖㅇㄷ  | 2ㅎ | 2 | ¶ | :중국산),마는(중국사)] | 저요브레디미"
3352,NONE,NONE,NONE,NONE,fail,"enjoy | 품명 | 양념순살닭강정 | .08시 | 2! | 880 | 가저요수시 | 당강정요배터믹스{미 | 가루(밀:미국.호주산)}] | 2ㅎ | 키소스[마늘(중국산),토마토 | 페이스트(토마토:중국 | 품명 양넘순살닭강정 | 0 | 기년, | enjoy | bofua | T | ( | 88 | 88 | L | 유오 오 | G-1 | [(v)n“{( | boua | enjoy | 품명 양념순살닭강정 | 원.08시 | 2기2 | 가저요배터믹스[미 | 가루(미:미 | 키소스[마늘(중국산),토마토 | 페이스트(토마토:중국 | 토:중국산)구,마늘(중국 | 매코치킨소스스토마토페이스트(토마 | 출중국산)] | 저요브레디 | MOT | enjoy | 품명 | 양념순살닭강정 | 880111 84325832225 | 강정용준살치킨-4닭국(외국산) | ㅎÖㅇL | [국산),닭강정용배터믹스{미 | M7 óㅇ0 | 토:중국산)},마늘(중국산)] | 저요보레다n"
