image_id,year,month,day,final_date,stage,seconds,texts,raw
000001,2027,06,26,2027-06-26,s1,9.61,161 | 판매원 홀푸드코리아(주)/제주특 | 301空 | 내포장재질 폴리에틸렌(내면) | 号卫空20130628332176 | 반품 및 교환 구입처 | 1899-1494 | 보관방법 직사광선을 피하고 서늘 | 하고 습하지 않는 곳에 실온·보관 | 1포씩 드십시오.원액 그대로 섭취 | 하거나 물에 희석하여 드십시오. | 가볍게 흔들어서 드세요 | ※부정·불량식품 신고는 국번없이 | 고시 소비자 분쟁해결 | 기준에 의거 정당한 식품안전관리인증 | HACCP | 소비자 피해에 대해 | 보상해드립니다. 식품의약품인전저 | 소비기한 2027.06.26 까지 | LOTNO 543123,"[[""161"", 18, 33, 135], [""판매원 홀푸드코리아(주)/제주특"", 50, 41, 135], [""301空"", 124, 36, 135], [""내포장재질 폴리에틸렌(내면)"", 158, 39, 139], [""号卫空20130628332176"", 192, 38, 140], [""반품 및 교환 구입처"", 228, 41, 140], [""1899-1494"", 264, 38, 142], [""보관방법 직사광선을 피하고 서늘"", 297, 39, 144], [""하고 습하지 않는 곳에 실온·보관"", 332, 40, 144], [""1포씩 드십시오.원액 그대로 섭취"", 399, 40, 147], [""하거나 물에 희석하여 드십시오."", 434, 37, 147], [""가볍게 흔들어서 드세요"", 468, 34, 149], [""※부정·불량식품 신고는 국번없이"", 500, 39, 148], [""고시 소비자 분쟁해결"", 566, 29, 155], [""식품안전관리인증"", 582, 29, 402], [""기준에 의거 정당한"", 598, 35, 152], [""HACCP"", 608, 35, 403], [""소비자 피해에 대해"", 630, 30, 155], [""보상해드립니다."", 663, 32, 155], [""식품의약품인전저"", 654, 24, 410], [""소비기한"", 723, 30, 157], [""까지"", 719, 32, 462], [""2027.06.26"", 735, 38, 276], [""LOTNO"", 761, 26, 157], [""543123"", 758, 33, 277]]"
000005,2026,07,02,2026-07-02,s1,0.99,21:58F590 | 2026.07.02 | 2026.07.02,"[[""21:58F590"", 355, 61, 253], [""2026.07.02"", 409, 52, 259], [""2026.07.02"", 513, 63, 234]]"
000009,2026,10,29,2026-10-29,s1,5.04,"백설 포도씨유 | 100% | 수있습니다.사용후비용기와마개는 분리수거하여 재활용합시다.과열되거  | P5 2026.10.2909시1 | 제품명 포도씨유 식품유형 기타식물성유지 | 내용량 900 mL(7,430 kcal, 25 ℃) | 원재료명 100% | 업소명및 씨제이제일제당(주) | 소재지 14049 | 품목보고번호 19790190025-19 반품및구입처또는 | 소비기한라벨 상단표기일까지 교환처영업소 | 포장재질(내면) 용기-PET, 마개-PE | 영양정보 | 나트륨Omg 87% | 100g185% 13 | 콜레스테롤Omg 0% 단백질0g 0% | 1g=1.09mL","[[""포도씨유"", 59, 81, 347], [""백설"", 68, 61, 257], [""100%"", 99, 36, 357], [""수있습니다.사용후비용기와마개는 분리수거하여 재활용합시다.과열되거 "", 332, 48, 163], [""P5"", 434, 25, 167], [""2026.10.2909시1"", 439, 34, 265], [""제품명"", 488, 29, 163], [""포도씨유"", 489, 30, 222], [""식품유형 기타식물성유지"", 492, 29, 399], [""내용량"", 518, 29, 164], [""900 mL(7,430 kcal, 25 ℃)"", 522, 34, 221], [""원재료명"", 550, 29, 164], [""100%"", 554, 31, 217], [""업소명및"", 583, 40, 159], [""씨제이제일제당(주)"", 590, 31, 268], [""소재지"", 610, 34, 161], [""14049"", 616, 36, 267], [""품목보고번호"", 646, 36, 163], [""19790190025-19"", 653, 28, 270], [""반품및구입처또는"", 649, 42, 425], [""소비기한라벨 상단표기일까지"", 680, 51, 162], [""교환처영업소"", 678, 39, 429], [""포장재질(내면) 용기-PET, 마개-PE"", 744, 55, 163], [""영양정보"", 779, 52, 164], [""나트륨Omg"", 813, 42, 169], [""100g185%"", 844, 51, 167], [""87%"", 830, 30, 521], [""13"", 848, 55, 288], [""콜레스테롤Omg"", 873, 50, 168], [""0%"", 882, 25, 296], [""단백질0g 0%"", 877, 38, 370], [""1g=1.09mL"", 942, 37, 174]]"
000013,2026,03,20,2026-03-20,s1,1.79,"ONEY MUSTAF | 기한 | EL 2026.03.20A | 첼 품명:프레첼허니향머 | TARD H名号:85 g(409kcal | E 품유형:과자(유처리 | 나드맛 넘기도파주시월통산로40 | 러드머스타 | E 변성전분 데스E | 당가공소금정제소금 제상인 | 사양벌꿀 | 김.대두,우유","[[""ONEY MUSTAF"", 41, 46, 100], [""기한"", 419, 26, 256], [""EL"", 452, 41, 3], [""2026.03.20A"", 460, 41, 285], [""첼"", 530, 127, 0], [""품명:프레첼허니향머"", 580, 33, 246], [""TARD"", 620, 49, 0], [""H名号:85 g(409kcal"", 605, 30, 246], [""품유형:과자(유처리"", 627, 26, 246], [""E"", 638, 25, 1], [""나드맛"", 666, 32, 0], [""넘기도파주시월통산로40"", 662, 27, 241], [""러드머스타"", 712, 44, 247], [""E 변성전분 데스E"", 731, 35, 239], [""당가공소금정제소금 제상인"", 750, 37, 240], [""사양벌꿀"", 773, 32, 243], [""김.대두,우유"", 798, 34, 245]]"
000017,2026,11,25,2026-11-25,s1,2.24,"영양정보 총 내용량당 기준치에대한비율 1일영양성분 총 내용량당 | 나트름14mo 1% 지방 0e | 총내용량 48m 탄수화물19 0% 트랜스지방0g | 4kcal 당류 0g 0% 포화지방09 | 콜레스테롤Omg 0% 단택질0g | （2.000cal | 기준이으로,개인의 필요 열량에 따라다를 수 있습니다 | ©20r& LeeVin, ATOoNZ. All rights reserved. | 유통판매시법적벌을받습니다. | 2026.11.25","[[""1일영양성분"", 46, 30, 525], [""총 내용량당"", 56, 26, 601], [""영양정보"", 74, 47, 290], [""총 내용량당"", 64, 29, 398], [""기준치에대한비율"", 62, 32, 496], [""나트름14mo"", 94, 29, 400], [""1%"", 85, 20, 568], [""지방 0e"", 89, 32, 600], [""총내용량 48m"", 116, 42, 290], [""탄수화물19"", 122, 31, 401], [""0%"", 112, 23, 566], [""트랜스지방0g"", 116, 23, 608], [""4kcal"", 142, 23, 294], [""당류 0g"", 148, 29, 410], [""0%"", 140, 22, 566], [""포화지방09"", 143, 26, 608], [""콜레스테롤Omg"", 172, 23, 407], [""0%"", 168, 20, 568], [""단택질0g"", 171, 32, 600], [""（2.000cal"", 198, 33, 407], [""기준이으로,개인의 필요 열량에 따라다를 수 있습니다"", 216, 33, 408], [""©20r& LeeVin, ATOoNZ. All rights reserved."", 260, 37, 276], [""유통판매시법적벌을받습니다."", 311, 28, 278], [""2026.11.25"", 351, 32, 270]]"
000018,2025,04,02,2025-04-02,s1,2.52,OPEN | ABC | 코쿠키 OPEN | 맺있는 곡물로만든 t's ABe Time | 씨리얼 ABC | 초코 초코쿠키 | 쿠키앤크림 | kcal5%45% | ABC | 초코쿠키 | ：1801062879890 쿠키앤크림 | 25.4.2 B 까지 | 17:20 | 렛트 HEEDA,"[[""OPEN"", 28, 31, 661], [""ABC"", 62, 65, 478], [""씨리얼"", 116, 134, 168], [""맺있는 곡물로만든"", 76, 57, 209], [""코쿠키"", 106, 97, 455], [""초코"", 158, 47, 237], [""OPEN"", 140, 29, 616], [""ABC"", 209, 90, 515], [""t's ABe Time"", 191, 45, 593], [""초코쿠키"", 266, 131, 476], [""kcal5%45%"", 328, 95, 452], [""쿠키앤크림"", 313, 75, 519], [""ABC"", 447, 36, 524], [""：1801062879890"", 466, 32, 315], [""초코쿠키"", 494, 55, 507], [""25.4.2 B"", 512, 26, 266], [""쿠키앤크림"", 538, 33, 552], [""17:20"", 541, 28, 262], [""까지"", 554, 24, 495], [""렛트"", 638, 106, 236], [""HEEDA"", 722, 139, 454]]"
000022,2025,10,14,2025-10-14,s1,1.42,"KIRIN | 가영양 | 고구마 | 크림빵 25.10.14까지.A1.F2 | ESH SLOW BREAD | ""연출된 예 | 복합 | 특허유산균 | 구마/20%) 부담은","[[""KIRIN"", 236, 95, 93], [""가영양"", 290, 26, 25], [""고구마"", 330, 70, 42], [""크림빵"", 383, 102, 0], [""25.10.14까지.A1.F2"", 426, 88, 296], [""ESH SLOW BREAD"", 444, 55, 0], [""\""연출된 예"", 593, 48, 145], [""복합"", 665, 45, 468], [""특허유산균"", 715, 116, 371], [""구마/20%)"", 702, 45, 5], [""부담은"", 762, 93, 390]]"
000023,2025,10,10,2025-10-10,s1,0.93,빅단팥슈크림빵 | 25.10.10까지.A1/F2 | 맛도BG!기도B | 산균 | 공법 | 풍부한 단팥앙금 수크림 | 36o kcal),"[[""빅단팥슈크림빵"", 355, 178, 61], [""25.10.10까지.A1/F2"", 538, 68, 334], [""맛도BG!기도B"", 611, 40, 406], [""산균"", 723, 56, 0], [""공법"", 751, 48, 0], [""풍부한"", 779, 26, 0], [""36o kcal)"", 818, 45, 0], [""단팥앙금"", 832, 35, 376], [""수크림"", 846, 29, 507]]"
000024,2025,10,11,2025-10-11,det5,4.47,"아J리브 | 통밀식빵 | upgr | 발효빵맛춤 | 허유산균 F1. | 효공법 9 25.10.11까지 아 | 럽고 품부한 | 18.8.%, | 90.002% | (1,480kcal) 이미지 사진입니다.","[[""아J리브"", 88, 185, 32], [""통밀식빵"", 203, 163, 120], [""upgr"", 294, 49, 0], [""발효빵맛춤"", 332, 38, 0], [""허유산균"", 369, 60, 0], [""F1."", 387, 49, 143], [""효공법"", 410, 49, 0], [""25.10.11까지"", 438, 79, 136], [""아"", 432, 74, 685], [""9"", 429, 20, 85], [""럽고"", 459, 30, 0], [""품부한"", 451, 50, 33], [""18.8.%,"", 624, 45, 0], [""90.002%"", 656, 57, 0], [""(1,480kcal)"", 686, 51, 0], [""이미지 사진입니다."", 698, 39, 518]]"
000028,2025,03,31,2025-03-31,s1,3.07,GHANA행복사서항 | 970-4567-5050 가나와 함께한 50년의 이야기를 | 지금 바로 들어보세요 | (용성에세지 유효기간: ~25.3.31) | B한간 2.8. ∞ | 품릿습 | 변정통서 | 통능,"[[""GHANA행복사서항"", 97, 50, 321], [""970-4567-5050"", 150, 38, 53], [""가나와 함께한 50년의 이야기를"", 142, 40, 324], [""지금 바로 들어보세요"", 174, 35, 324], [""(용성에세지 유효기간: ~25.3.31)"", 199, 34, 325], [""B한간 2.8."", 540, 267, 162], [""∞"", 634, 20, 542], [""품릿습"", 802, 33, 427], [""변정통서"", 893, 38, 398], [""통능"", 944, 31, 398]]"
000029,2026,08,02,2026-08-02,s1,2.10,"총내 | 영등보 | 워미구 | 고번호 포화지방 | 대료명 콜레스테를 | 단백질4 | 1일영양성분 | 기준이므로 개 | 유화제,향료IV ·제품0 | 돼지고기, 복승아 함유 30℃ | 낮은습 습 | 롯데웰푸드 | 비닐류 | 801062898862 OTHER | 2026.08.02H1 | 까지 | )","[[""총내"", 30, 29, 677], [""영등보"", 94, 35, 242], [""포화지방"", 130, 37, 631], [""워미구"", 143, 31, 261], [""콜레스테를"", 152, 42, 617], [""고번호"", 173, 30, 202], [""대료명"", 187, 27, 191], [""단백질4"", 175, 41, 623], [""1일영양성분"", 200, 32, 632], [""기준이므로 개"", 216, 30, 635], [""·제품0"", 251, 36, 639], [""유화제,향료IV"", 300, 50, 130], [""30℃"", 278, 39, 646], [""낮은습"", 308, 45, 649], [""습"", 304, 25, 701], [""돼지고기, 복승아 함유"", 300, 86, 316], [""롯데웰푸드"", 389, 44, 252], [""비닐류"", 457, 32, 476], [""801062898862"", 516, 38, 166], [""OTHER"", 510, 42, 463], [""2026.08.02H1"", 624, 42, 164], [""까지"", 648, 38, 464], ["")"", 656, 23, 687]]"
000032,2025,03,22,2025-03-22,det5,1.89,2025.03 22까지 | B8 13:40 | 너라면할 수있어,"[[""2025.03"", 473, 54, 139], [""22까지"", 492, 52, 330], [""B8 13:40"", 508, 62, 178], [""너라면할"", 560, 81, 121], [""수있어"", 573, 70, 288]]"
000034,2026,06,30,2026-06-30,erode5,5.83,1.660 | (|1 PEPERO | 26.06.30 05:18 F2,"[[""1.660"", 266, 44, 285], [""PEPERO"", 485, 57, 345], [""(|1"", 492, 20, 225], [""26.06.30 05:18 F2"", 560, 45, 188]]"
000038,2027,02,12,2027-02-12,s1,1.84,"오뚜기크림스프80G | 2,590 | 1+1 3.980 | EF | ISOUP | IPUMPKIN | 2027.02.12/K | 콘스프 | 캅스프 | VONO","[[""오뚜기크림스프80G"", 63, 42, 147], [""2,590"", 104, 62, 196], [""1+1"", 165, 38, 538], [""3.980"", 181, 26, 635], [""EF"", 194, 31, 0], [""ISOUP"", 217, 35, 0], [""IPUMPKIN"", 259, 30, 227], [""2027.02.12/K"", 543, 61, 159], [""캅스프"", 622, 41, 141], [""콘스프"", 614, 54, 379], [""VONO"", 637, 27, 54]]"
000042,2025,10,12,2025-10-12,s1,0.64,"Denmark | Min | 2025, 10.12.A | nmarh","[[""Denmark"", 398, 38, 538], [""Min"", 467, 26, 652], [""2025, 10.12.A"", 592, 77, 279], [""nmarh"", 680, 109, 107]]"
000046,2025,10,10,2025-10-10,s1,0.98,소비기한 | 나2025.10.10.까지-D 현종,"[[""소비기한"", 615, 38, 116], [""나2025.10.10.까지-D 현종"", 692, 49, 228]]"
000050,2025,09,30,2025-09-30,s1,4.38,"제품명 후레쉬 미니제리(빙수용) 영양정보 | 식품유형 캔디류 200g 200 | 100g348kcal | 원재료명 농축액, 사과농축액, 오렌지농축액,레몬농축액,혼합제제 100g 1일영양성분 | 나트륨 기준치에 대한비을 | 1(프로필렌글리콜 저 합성향료,트리아세틴),합성향료 65mg3% | 혼합제제2(주정,천연방 프로필렌글리콜,합성향료),혼 탄수화물 87 g 27% | 합제제3(프로필렌글리콜,주정, 합성향료,젖산)혼합제 당류 66g 66% | 제4(천연항료,프로필렌글리콜,주정),홍국색소,혼합제제 지방 0g 0% | 트랜스지방 0g | 포화지방 0g 0% | 콜레스테롤 0mg 0% | 출색소,정제수,β3-카로틴(착색료),비타민타} | 단백질 0g | 소비기한 후면표기일까지 | 포장재질 플리프로필렌2025.09.30 기준이므로 개인의 필요 열량에 따라 다불수 1일 영양성분 기준치에 대한비을(%)은2 | 제조원 달공씨앤에프/경기도 파주시 정문로 | 543-1(周) 끔과사랑의 과자 | 유통전문판매원 (주)청우식품/경기도포천시영중면 (주)청우식품 | 129 7객행복센터 | 080-039-8585 | 반품및교제조원 및 판매원 www.cwfood.co.kr | 8801204","[[""제품명"", 38, 36, 19], [""후레쉬 미니제리(빙수용)"", 38, 31, 128], [""영양정보"", 64, 83, 514], [""식품유형"", 72, 42, 20], [""캔디류"", 71, 32, 125], [""200g"", 71, 30, 269], [""200"", 81, 50, 645], [""100g348kcal"", 102, 55, 621], [""원재료명"", 107, 40, 24], [""100g"", 122, 41, 522], [""농축액, 사과농축액, 오렌지농축액,레몬농축액,혼합제제"", 136, 52, 25], [""1일영양성분"", 137, 41, 641], [""기준치에 대한비을"", 154, 44, 612], [""저 합성향료,트리아세틴),합성향료"", 166, 32, 164], [""나트륨"", 164, 43, 513], [""1(프로필렌글리콜"", 168, 41, 30], [""65mg3%"", 186, 47, 592], [""프로필렌글리콜,합성향료),혼"", 199, 38, 237], [""혼합제제2(주정,천연방"", 201, 43, 32], [""탄수화물"", 204, 42, 510], [""87 g 27%"", 220, 38, 605], [""합제제3(프로필렌글리콜,주정, 합성향료,젖산)혼합제"", 235, 46, 34], [""당류"", 240, 33, 521], [""66g 66%"", 253, 36, 610], [""제4(천연항료,프로필렌글리콜,주정),홍국색소,혼합제제"", 268, 41, 39], [""지방"", 276, 32, 514], [""0g 0%"", 286, 34, 619], [""트랜스지방"", 314, 37, 524], [""0g"", 320, 29, 623], [""포화지방"", 350, 35, 524], [""0g"", 354, 29, 623], [""0%"", 356, 25, 668], [""출색소,정제수,β3-카로틴(착색료),비타민타}"", 394, 34, 54], [""콜레스테롤"", 388, 27, 516], [""0mg"", 389, 32, 609], [""0%"", 389, 24, 668], [""소비기한"", 425, 32, 52], [""후면표기일까지"", 432, 37, 128], [""단백질"", 424, 34, 512], [""0g"", 424, 29, 622], [""포장재질"", 456, 35, 49], [""플리프로필렌2025.09.30"", 457, 60, 124], [""1일 영양성분 기준치에 대한비을(%)은2"", 460, 27, 513], [""제조원"", 483, 36, 51], [""달공씨앤에프/경기도 파주시 정문로"", 496, 41, 131], [""기준이므로 개인의 필요 열량에 따라 다불수"", 477, 32, 511], [""543-1(周)"", 518, 37, 131], [""유통전문판매원"", 534, 41, 59], [""(주)청우식품/경기도포천시영중면"", 550, 50, 130], [""끔과사랑의 과자"", 530, 32, 502], [""129"", 570, 39, 130], [""(주)청우식품"", 555, 50, 499], [""반품및교제조원 및 판매원"", 628, 83, 58], [""7객행복센터"", 592, 35, 550], [""080-039-8585"", 619, 46, 515], [""www.cwfood.co.kr"", 640, 41, 515], [""8801204"", 792, 54, 485]]"
000054,2025,10,08,2025-10-08,s1,2.22,오 | 미니 꿀호떡 | 가25.10.08까지E 이영자 | 16 2/400g（1124 | 0.56%豆 %外号05,"[[""오"", 104, 167, 351], [""미니 꿀호떡"", 272, 67, 257], [""가25.10.08까지E 이영자"", 625, 51, 237], [""16"", 750, 82, 168], [""2/400g（1124"", 744, 66, 237], [""%外号05"", 807, 53, 321], [""0.56%豆"", 820, 49, 1]]"
000058,2027,03,27,2027-03-27,s1,3.76,"사랑하는 산람과 국수를 | 오기국수는 F2) | 최고의 재료와 옛 정성을 그대로 당은 최고의 국수 입니다. 제조원 | 다가수 숙성제면법 | 운도로 오행시간 을  ·대두 | 으 을  손비자기 | 보관 | 듣시기 바랍니다. | 원 안에 인본 수에 맞는 | 국수를 채우면 정확학 양으로 총 내용량 | 딱1인분 알게 조리세요~ 영양정보 100g340 | 당류 797%X 39 | （100） 트랜스지방 포화지방 19 | 量1.000m5） | 오뚜기국수를 넣고 | 4~5분간 삶습니다 ""조리법 대로삶아 행권 드시면 나트륨함량 | 줄어들어요~ | 나트룸 함량 %영양성분 기준 | 조리전 | 삶은후 | 빠면 완성됩니다. | *%영양성분 기준치 : 1일영양성분 기준치에대한 | *당사 식품안전센터 분석 결과 | HACCP 8801045""490472 | 2027.03.27 | F2A09:15","[[""사랑하는 산람과 국수를"", 17, 38, 34], [""F2)"", 45, 20, 287], [""제조원"", 69, 24, 233], [""오기국수는"", 68, 51, 9], [""최고의 재료와 옛 정성을"", 82, 45, 15], [""그대로 당은 최고의 국수 입니다."", 95, 47, 15], [""다가수 숙성제면법"", 121, 45, 8], [""·대두"", 141, 20, 230], [""을 "", 151, 38, 14], [""손비자기"", 153, 27, 240], [""운도로 오행시간"", 164, 36, 14], [""으 을 "", 177, 36, 13], [""보관"", 196, 20, 247], [""듣시기 바랍니다."", 218, 50, 321], [""총 내용량"", 257, 41, 380], [""원 안에"", 272, 29, 28], [""인본 수에 맞는"", 266, 27, 104], [""정확학 양으로"", 283, 28, 104], [""100g340"", 276, 45, 372], [""국수를 채우면"", 293, 38, 16], [""영양정보"", 293, 42, 235], [""딱1인분"", 317, 43, 15], [""알게"", 302, 27, 105], [""조리세요~"", 318, 25, 104], [""39"", 312, 22, 437], [""당류"", 340, 22, 243], [""797%X"", 330, 46, 293], [""포화지방"", 338, 34, 361], [""19"", 333, 20, 436], [""트랜스지방"", 356, 26, 243], [""（100）"", 382, 39, 9], [""量1.000m5）"", 404, 41, 9], [""오뚜기국수를 넣고"", 420, 36, 22], [""\""조리법 대로삶아 행권 드시면 나트륨함량"", 417, 54, 237], [""4~5분간 삶습니다"", 439, 27, 23], [""줄어들어요~"", 441, 26, 253], [""%영양성분 기준"", 448, 28, 407], [""나트룸 함량"", 460, 24, 317], [""조리전"", 485, 20, 249], [""삶은후"", 504, 21, 251], [""*%영양성분 기준치 : 1일영양성분 기준치에대한"", 536, 41, 247], [""빠면 완성됩니다."", 555, 26, 23], [""*당사 식품안전센터 분석 결과"", 560, 26, 244], [""8801045\""490472"", 659, 28, 309], [""HACCP"", 692, 24, 28], [""2027.03.27"", 727, 38, 338], [""F2A09:15"", 756, 35, 339]]"
000062,2026,05,26,2026-05-26,s1,0.79,호수 | ZEC 제대로 만든 크래귀! | 26.05.26 4법 까지 | EE,"[[""호수"", 180, 54, 665], [""ZEC"", 489, 331, 176], [""제대로 만든 크래귀!"", 554, 121, 368], [""까지"", 670, 26, 588], [""26.05.26 4법"", 683, 84, 284], [""EE"", 901, 120, 478]]"
000066,2026,08,17,2026-08-17,s1,1.75,n. | 커피만들어있어요 | 2026.08.17 08:3년천A/P 피만 들어있어요 | Maxim. 2026.08.17 0-3101 | Mocha Gold Mild Max | Mocha Gold | AMERICANO BLACK AMERICANO BI | 커피만 들어있는 Max | 블랙스틱커피 모카골드 미 | 0 STICKS 20 커피원두1 | STICKS 중량: 18g | 20 STICKS,"[[""n."", 268, 71, 1], [""커피만들어있어요"", 325, 40, 191], [""2026.08.17 08:3년천A/P"", 385, 45, 243], [""피만 들어있어요"", 413, 30, 559], [""Maxim."", 461, 94, 234], [""2026.08.17 0-3101"", 456, 35, 586], [""Max"", 515, 66, 588], [""Mocha Gold Mild"", 519, 38, 260], [""AMERICANO BLACK"", 558, 32, 278], [""Mocha Gold"", 559, 29, 609], [""AMERICANO BI"", 589, 27, 625], [""커피만 들어있는"", 711, 58, 163], [""Max"", 729, 82, 564], [""블랙스틱커피"", 751, 52, 161], [""모카골드 미"", 785, 49, 564], [""0"", 832, 53, 1], [""20"", 857, 75, 562], [""STICKS"", 850, 33, 32], [""커피원두1"", 876, 36, 657], [""20"", 912, 53, 147], [""STICKS"", 901, 24, 579], [""중량: 18g"", 906, 35, 655], [""STICKS"", 928, 22, 202]]"
000070,2026,10,08,2026-10-08,s1,1.50,좋은 | GOOD TODAY | 가 있는 | 피스타치오 | Pistachio | 2026.10.08까지 | 고소한 풍0O | 바작한 | 100% (1.650kcal),"[[""좋은"", 36, 73, 158], [""GOOD TODAY"", 88, 31, 158], [""가 있는"", 225, 54, 0], [""피스타치오"", 314, 103, 5], [""Pistachio"", 383, 45, 0], [""2026.10.08까지"", 640, 46, 265], [""고소한 풍0O"", 689, 100, 415], [""바작한"", 752, 127, 403], [""(1.650kcal)"", 896, 69, 37], [""100%"", 898, 43, 12]]"
000074,2026,08,28,2026-08-28,s1,2.25,제품명 백설 허니머스타드 소스 | 내용량 250g | 식품의 유형 소스(살제품) | 소비기한 후면 별도 표시일까지 | 실온보관/개봉후냉장보관 UL | 유통전문판매원:씨제이제 | 일제당(주)충청북도 진천군 광 | 업소명및 112 | 소재지 ·제조원:(주)동방푸드마스타 | CAC宝105 | 번길70 | 2026.08.28/C | 까지 | 한제제(유회,"[[""제품명"", 206, 31, 228], [""백설 허니머스타드 소스"", 200, 31, 282], [""내용량"", 237, 28, 228], [""250g"", 234, 34, 280], [""식품의 유형"", 268, 32, 217], [""소스(살제품)"", 268, 33, 279], [""소비기한"", 301, 26, 218], [""후면 별도 표시일까지"", 300, 29, 279], [""실온보관/개봉후냉장보관"", 334, 33, 279], [""UL"", 341, 29, 571], [""유통전문판매원:씨제이제"", 366, 31, 290], [""일제당(주)충청북도 진천군 광"", 394, 29, 278], [""업소명및"", 416, 37, 207], [""112"", 423, 34, 274], [""소재지"", 448, 29, 217], [""·제조원:(주)동방푸드마스타"", 450, 34, 275], [""CAC宝105"", 478, 35, 275], [""번길70"", 505, 38, 271], [""2026.08.28/C"", 596, 68, 224], [""까지"", 652, 42, 432], [""한제제(유회"", 945, 32, 388]]"
000078,2025,06,19,2025-06-19,s1,3.63,"옥수수전분), 국산)변성전분},과·채가공품/미 {토마토,정제소금,구연산 | 대두,밀,토마토함유 | 300g 안전관리인증 | 보 100g270kcal HACCP | OTI | mg27%59g18%18g18% | 3%트랜스지방 0g | 5g2%1g2% | 8809781220032 | 2025.0619제조","[[""{토마토,정제소금,구연산"", 34, 68, 453], [""옥수수전분),"", 24, 48, 0], [""국산)변성전분},과·채가공품/미"", 43, 81, 0], [""대두,밀,토마토함유"", 116, 53, 510], [""300g"", 314, 40, 309], [""안전관리인증"", 321, 26, 616], [""보"", 343, 40, 0], [""100g270kcal"", 348, 37, 278], [""HACCP"", 342, 30, 614], [""OTI"", 388, 25, 692], [""mg27%59g18%18g18%"", 404, 49, 0], [""3%트랜스지방 0g"", 452, 44, 0], [""5g2%1g2%"", 502, 43, 0], [""8809781220032"", 544, 47, 544], [""2025.0619제조"", 683, 47, 209]]"
000079,2026,01,31,2026-01-31,s1,1.75,머들러로사용 | 뱅쇼(프랑스 따듯한 와인) | ·소비기한 | 2026.01.31 까지,"[[""머들러로사용"", 132, 55, 105], [""뱅쇼(프랑스 따듯한 와인)"", 266, 50, 112], [""·소비기한"", 534, 34, 119], [""2026.01.31"", 568, 45, 200], [""까지"", 578, 26, 523]]"
000083,2026,07,01,2026-07-01,det5,1.80,행사상품 | 롯샌 상금달콤롯데샌드 | 파인애플 | 26.07.01 | 7106,"[[""행사상품"", 230, 65, 219], [""롯샌"", 484, 195, 163], [""상금달콤롯데샌드"", 404, 55, 213], [""파인애플"", 568, 41, 252], [""26.07.01"", 641, 60, 163], [""7106"", 688, 56, 186]]"
000087,2026,08,10,2026-08-10,s1,1.85,"4,120 | 4,330 | 2025.08.11 부터 | 까지 | 2026.08.103 맛있는 약속","[[""4,120"", 188, 47, 79], [""4,330"", 288, 55, 583], [""2025.08.11"", 549, 54, 106], [""부터"", 569, 44, 471], [""까지"", 640, 41, 469], [""2026.08.103"", 661, 50, 109], [""맛있는 약속"", 672, 43, 555]]"
000088,2025,09,04,2025-09-04,s1,1.22,소비 25.09.04 00:34 부터 | 기한 까지,"[[""부터"", 498, 49, 602], [""소비"", 510, 49, 27], [""25.09.04 00:34"", 518, 52, 183], [""까지"", 570, 47, 598], [""기한"", 588, 54, 31]]"
000092,2026,12,05,2026-12-05,s1,1.32,날내내 | 제티 | 제티 | 2026 12 05 10216진전F,"[[""날내내"", 26, 59, 183], [""제티"", 408, 130, 256], [""제티"", 528, 77, 292], [""2026 12 05 10216진전F"", 665, 68, 114]]"
000096,2026,05,26,2026-05-26,s1,0.68,Pad | 2026.05.26,"[[""Pad"", 42, 39, 21], [""2026.05.26"", 456, 49, 236]]"
000100,2026,02,11,2026-02-11,s1,1.89,"Iool | Peonuts | 日早人100%） | A508 Best before | 소비기한 2026.02.11 까지(A) | 쇠판대원 및 구매처 | 땅콩 07:53:58 | 함유 | 10,시니 | 1300-1908 슈퍼너츠 | 352-026 유리 | 460g 확인하세요! 다양한 혜 | 6%","[[""Iool"", 403, 43, 198], [""Peonuts"", 438, 60, 189], [""日早人100%）"", 586, 81, 59], [""A508"", 613, 56, 92], [""Best before"", 627, 36, 237], [""소비기한"", 646, 35, 238], [""쇠판대원 및 구매처"", 675, 72, 90], [""2026.02.11 까지(A)"", 680, 78, 214], [""땅콩"", 716, 41, 151], [""함유"", 735, 36, 156], [""07:53:58"", 734, 49, 261], [""10,시니"", 756, 63, 112], [""1300-1908"", 780, 59, 128], [""352-026"", 809, 44, 153], [""유리"", 808, 23, 234], [""슈퍼너츠"", 810, 35, 405], [""460g"", 847, 41, 299], [""다양한 혜"", 842, 32, 404], [""확인하세요!"", 858, 28, 405], [""6%"", 878, 31, 179]]"
000104,2026,04,01,2026-04-01,s1,1.31,S WEE.T | 2026.04.01 | Brand | MILK STICKS | 우유스 | 16,"[[""S WEE.T"", 518, 39, 171], [""2026.04.01"", 618, 31, 259], [""Brand"", 658, 31, 7], [""MILK STICKS"", 748, 44, 1], [""우유스"", 789, 59, 20], [""16"", 910, 30, 510]]"
000108,2025,10,24,2025-10-24,s1,3.88,No Brane | 출산글두부 | 상콩 국산콩을사용하여만들어 | 0% 더욱 고소하고 담백한 두부입니다 | 소비기한: | 个站号5g2%营弄0g0% | 25-10-24까지14 | 백질5g9% | Joo kcal 기준이으로 개인의 요 량에 따라 | 하거나 빨리 드시기 바랍니다 | 시 소비자 분쟁해결 기준에 의게 | -반품 및 교환장소:구입치 및 | 01011399 142044 | 대 위원회 고시 소비사 문생해르기순에는기 | 수 있습니다.반품 및 교환장소:구입처 및 | 11399 809387 742044,"[[""No Brane"", 63, 25, 214], [""출산글두부"", 148, 119, 0], [""상콩"", 207, 22, 5], [""국산콩을사용하여만들어"", 215, 37, 125], [""0%"", 224, 28, 0], [""더욱 고소하고 담백한 두부입니다"", 235, 42, 88], [""个站号5g2%营弄0g0%"", 326, 48, 0], [""소비기한:"", 318, 31, 258], [""백질5g9%"", 366, 30, 3], [""25-10-24까지14"", 370, 51, 285], [""Joo kcal 기준이으로 개인의 요 량에 따라"", 389, 36, 0], [""하거나 빨리 드시기 바랍니다"", 423, 38, 2], [""시 소비자 분쟁해결 기준에 의게"", 450, 48, 3], [""-반품 및 교환장소:구입치 및"", 476, 47, 8], [""01011399"", 494, 29, 3], [""142044"", 526, 29, 445], [""대 위원회 고시 소비사 문생해르기순에는기"", 637, 52, 1], [""수 있습니다.반품 및 교환장소:구입처 및"", 657, 56, 4], [""11399"", 673, 45, 3], [""809387"", 697, 26, 334], [""742044"", 706, 27, 427]]"
000111,2025,10,05,2025-10-05,s1,0.72,5.10.25 11:50F21 | asty 다.소비자다 and | GE | EAS,"[[""asty"", 408, 65, 38], [""5.10.25 11:50F21"", 403, 54, 247], [""and"", 451, 34, 622], [""다.소비자다"", 474, 20, 617], [""GE"", 538, 23, 1], [""EAS"", 824, 37, 661]]"
000113,2026,01,16,2026-01-16,s1,0.88,rand | .소비자다 | 2026.01.16 | 담은 | ed Radish 랑이무침 이미지사진 | 식감이살아있는 무침 | 니다.,"[[""rand"", 241, 44, 0], ["".소비자다"", 266, 33, 0], [""2026.01.16"", 318, 45, 233], [""담은"", 461, 86, 0], [""랑이무침"", 580, 203, 0], [""ed Radish"", 658, 41, 0], [""이미지사진"", 661, 44, 442], [""식감이살아있는"", 694, 38, 0], [""무침"", 690, 54, 622], [""니다."", 719, 32, 0]]"
000117,2025,11,28,2025-11-28,s1,1.41,브랜 | 2025.11.28M4 당신이 | 08:54FF2 | Ho Brand BR | 아니다.소비자다 | 스파트 컨슈머가 되는 길 AMEI | LD | LEW | T E | #취향저격 아메 | 라더,"[[""2025.11.28M4"", 371, 36, 301], [""08:54FF2"", 406, 39, 292], [""Ho Brand"", 443, 86, 179], [""아니다.소비자다"", 476, 55, 204], [""브랜"", 476, 31, 682], [""스파트 컨슈머가 되는 길"", 500, 59, 200], [""당신이"", 502, 37, 672], [""LD"", 575, 73, 226], [""LEW"", 623, 83, 220], [""BR"", 616, 85, 611], [""AMEI"", 650, 67, 606], [""T"", 656, 29, 265], [""E"", 671, 28, 300], [""#취향저격"", 718, 36, 290], [""아메"", 850, 59, 638], [""라더"", 858, 35, 13]]"
000121,2027,04,13,2027-04-13,s1,2.21,02380-56787 | 분쟁해결 기준에의거교환 또는 | 한물받을 수있습니다·반품및 | 교환장소:구입처 및 제조원·부정 | 11399 8809580 | No Brand는 모두이마트의상표입니다 | 2027.04.13 | MOCHAGO | WICOFFEE | 연카금드 익스,"[[""02380-56787"", 70, 58, 253], [""분쟁해결 기준에의거교환 또는"", 368, 64, 165], [""한물받을 수있습니다·반품및"", 391, 62, 166], [""교환장소:구입처 및 제조원·부정"", 414, 55, 169], [""8809580"", 426, 24, 405], [""11399"", 438, 53, 170], [""No Brand는 모두이마트의상표입니다"", 514, 36, 268], [""2027.04.13"", 582, 45, 235], [""MOCHAGO"", 718, 101, 529], [""WICOFFEE"", 766, 83, 530], [""연카금드 익스"", 807, 81, 525]]"
000125,2026,04,07,2026-04-07,s1,0.82,"82%, | 품/ | cal) | 2026.04.07021","[[""82%,"", 40, 43, 0], [""품/"", 112, 33, 0], [""cal)"", 166, 44, 0], [""2026.04.07021"", 467, 54, 219]]"
000129,2026,01,09,2026-01-09,s1,1.00,2026.0109 | 가장최저의 가격대를만드는것×⑥ | 이것이 노브랜드의 ⑥×⑥ 이념과 철학 | ×⑥당신이 스마트 컨슈머가 되는길 | 유형 | 원,"[[""2026.0109"", 446, 37, 292], [""가장최저의 가격대를만드는것×⑥"", 558, 27, 226], [""이것이 노브랜드의 ⑥×⑥ 이념과 철학"", 575, 27, 226], [""×⑥당신이 스마트 컨슈머가 되는길"", 594, 27, 226], [""유형"", 680, 34, 0], [""원"", 710, 21, 2]]"
000133,2025,11,25,2025-11-25,s1,1.45,"곳에 보관하십시오 | 피해건조하고 서늘한 | 제조하고 있습니다. | ·본 제품은 공정거래위원회 고시 | 소비자 분쟁 해결기준에 의거 | 2""000000292656 | 25-11-2025","[[""곳에 보관하십시오"", 14, 29, 188], [""피해건조하고 서늘한"", 30, 65, 342], [""제조하고 있습니다."", 80, 29, 186], [""·본 제품은 공정거래위원회 고시"", 104, 45, 182], [""소비자 분쟁 해결기준에 의거"", 128, 36, 187], [""2\""000000292656"", 432, 42, 201], [""25-11-2025"", 526, 43, 284]]"
000137,2026,03,26,2026-03-26,s1,3.14,"이미지사진 | HOHICHA WAFERS | 원재료명 | 품유형 과자 | 충청남도 아산시 신창 | 48（） | 구세종대로7길 우유,대두,밀 함유 | 5678 | 60g | 반품 및 교환장소구입처 및 제조원 | 곳에 보관해 주시고 개봉 후에는 빨리 드십시오. | 60g/60gg310kcal 소비기한 | 2026.03.26 | 12 % 14g14% /13:36 | 13g87% | 6g 7% 까지 | 의 필요 열량에 따라 다를 수 있습니다. | N2063 | 브랜드의 이념과 실천 804433 103510 | OTHER","[[""이미지사진"", 38, 39, 481], [""WAFERS"", 120, 63, 142], [""HOHICHA"", 126, 78, 0], [""원재료명"", 156, 31, 130], [""품유형 과자"", 172, 43, 0], [""충청남도 아산시 신창"", 190, 50, 0], [""48（）"", 213, 40, 0], [""구세종대로7길"", 253, 42, 0], [""우유,대두,밀 함유"", 270, 36, 108], [""5678"", 277, 31, 0], [""60g"", 301, 32, 0], [""반품 및 교환장소구입처 및 제조원"", 331, 56, 100], [""곳에 보관해 주시고 개봉 후에는 빨리 드십시오."", 402, 45, 0], [""60g/60gg310kcal"", 482, 40, 0], [""소비기한"", 482, 36, 217], [""2026.03.26"", 518, 61, 292], [""12 %"", 519, 28, 0], [""14g14%"", 524, 37, 40], [""/13:36"", 551, 60, 289], [""13g87%"", 560, 43, 4], [""6g 7%"", 594, 39, 0], [""까지"", 608, 37, 424], [""의 필요 열량에 따라 다를 수 있습니다."", 628, 39, 0], [""N2063"", 679, 50, 0], [""브랜드의 이념과 실천"", 708, 31, 0], [""OTHER"", 731, 27, 115], [""804433"", 730, 34, 247], [""103510"", 734, 23, 360]]"
000141,2026,09,17,2026-09-17,s1,1.06,스틱 | #노브랜드 #스마트컨슈머 #고소한 | #간식#우유랑#참깨스틱 | RISPY 2026.09.17 | NACK | CRISP | SNACK,"[[""스틱"", 239, 252, 283], [""#노브랜드 #스마트컨슈머 #고소한"", 366, 55, 344], [""#간식#우유랑#참깨스틱"", 396, 47, 385], [""2026.09.17"", 529, 48, 138], [""RISPY"", 554, 73, 0], [""NACK"", 598, 71, 0], [""CRISP"", 635, 58, 591], [""SNACK"", 676, 51, 590]]"
000145,2027,03,24,2027-03-24,s1,3.03,"생강청의 Des | 사원한 | dweet | 제품명 청 따뜻한 따뜻한물 | 소비기한 밀크티 | 식품유형 | 품목보고번호 신신한 유위내 | 원재료명 토핑 | 생강(국산) | 산)0.7% | （）34.98 1002 √푸드베이스 신송길 | 올레오레진진 샐러드라에 | 제조원 주의사항 Frult Ta/ | 보존료 무참가제 | 유통전문 색이 진해질 수역 | 판매원 2027.03.240 특이체질,알려리 027.01.23 | 포장재질 에 따라 과민분을 No Bral 2027 | int 원료 확인후십 | Ginger ·원료의 특성상 No | 현상이 생길수 액상치 브랜드 | 고 이없/ 당신이 | 주에 N1195 노브랜드의 이범과 실렌 ·본제품 Type | 부정,불량 한제품과 같은 | 593%% 있습니다 본제은","[[""생강청의 Des"", 36, 73, 448], [""사원한"", 69, 67, 447], [""dweet"", 71, 72, 109], [""청"", 145, 126, 102], [""따뜻한"", 142, 71, 449], [""제품명"", 142, 46, 31], [""소비기한"", 166, 45, 25], [""따뜻한물"", 178, 59, 471], [""식품유형"", 190, 57, 21], [""품목보고번호"", 214, 53, 6], [""밀크티"", 214, 46, 474], [""원재료명"", 239, 44, 24], [""신신한 유위내"", 246, 54, 474], [""생강(국산)"", 265, 44, 16], [""산)0.7%"", 286, 43, 12], [""토핑"", 283, 44, 471], [""（）34.98"", 310, 39, 15], [""1002"", 332, 44, 10], [""올레오레진진"", 356, 38, 13], [""√푸드베이스"", 353, 50, 451], [""신송길"", 367, 26, 621], [""샐러드라에"", 384, 38, 478], [""제조원"", 402, 31, 36], [""주의사항"", 430, 36, 454], [""유통전문"", 462, 32, 30], [""Frult Ta/"", 448, 45, 534], [""보존료 무참가제"", 468, 36, 449], [""판매원"", 486, 33, 36], [""색이 진해질 수역"", 497, 34, 454], [""2027.03.240"", 506, 35, 230], [""포장재질"", 529, 34, 29], [""특이체질,알려리"", 526, 35, 449], [""027.01.23"", 524, 27, 524], [""int"", 554, 29, 107], [""에 따라 과민분을"", 555, 40, 451], [""No Bral"", 571, 34, 536], [""2027"", 569, 34, 671], [""Ginger"", 597, 48, 124], [""원료 확인후십"", 584, 45, 449], [""·원료의 특성상"", 614, 50, 445], [""No"", 630, 43, 673], [""고"", 631, 20, 86], [""현상이 생길수"", 642, 51, 448], [""액상치"", 652, 34, 558], [""N1195"", 676, 50, 181], [""브랜드"", 659, 31, 672], [""주에"", 684, 31, 21], [""이없/"", 673, 64, 444], [""당신이"", 688, 32, 673], [""노브랜드의 이범과 실렌"", 702, 33, 183], [""부정,불량"", 703, 50, 21], [""·본제품"", 702, 68, 440], [""593%%"", 752, 77, 113], [""Type"", 732, 31, 676], [""한제품과 같은"", 730, 62, 444], [""있습니다"", 764, 67, 440], [""본제은"", 788, 74, 440]]"
000149,2026,04,28,2026-04-28,s1,3.68,제품명 국산 고층가루 | 식품유형 卫外190g | 원재료명 卫100 %(H) | 소비기한 하단표시일까지 | 보관 및직사광선을피하고서늘한 | 취급방법 곳에 보관하시기 바랍니다. | 제조원농업회사법인 한생(주)/ | 충남 서천군 장항읍 장항공단길 | 을 이 28117/041-956-1434 Brand | 유통전문판매원(주)이마트/ 소비자다 | 37 | (全) / (02)380-5678 | 만능 号2005047117351 | 26 소비기한: 2026.04.28 까지 0%국산 | 충가루 | ERPOWDER | 1#양년 | #고추 | Nd Brand,"[[""국산 고층가루"", 44, 51, 210], [""제품명"", 64, 46, 143], [""卫外190g"", 80, 54, 210], [""식품유형"", 98, 54, 140], [""卫100 %(H)"", 118, 52, 219], [""원재료명"", 133, 48, 146], [""하단표시일까지"", 156, 44, 218], [""소비기한"", 170, 41, 154], [""보관 및직사광선을피하고서늘한"", 253, 63, 159], [""취급방법"", 288, 47, 160], [""곳에 보관하시기 바랍니다."", 276, 43, 230], [""제조원농업회사법인 한생(주)/"", 311, 49, 171], [""충남 서천군 장항읍 장항공단길"", 342, 48, 173], [""Brand"", 366, 47, 582], [""28117/041-956-1434"", 369, 43, 177], [""을 이"", 400, 46, 17], [""소비자다"", 391, 37, 595], [""유통전문판매원(주)이마트/"", 400, 44, 177], [""37"", 428, 49, 183], [""(全) / (02)380-5678"", 456, 41, 185], [""만능"", 486, 42, 36], [""号2005047117351"", 486, 49, 182], [""0%국산"", 531, 115, 552], [""충가루"", 594, 145, 548], [""소비기한:"", 552, 38, 189], [""2026.04.28"", 564, 36, 261], [""까지"", 565, 30, 441], [""26"", 586, 23, 0], [""ERPOWDER"", 644, 91, 570], [""1#양년"", 682, 49, 620], [""#고추"", 699, 42, 622], [""Nd Brand"", 816, 91, 363]]"
000153,2026,10,12,2026-10-12,s1,1.03,P | 쌀가루 40% | EXP:2026/10/12E,"[[""P"", 313, 128, 26], [""쌀가루 40%"", 478, 102, 155], [""EXP:2026/10/12E"", 551, 30, 208]]"
000157,2027,07,08,2027-07-08,hires,7.04,N1586 | 11904 | 보관법법 A분 08/07/2027 | 입일 확 리기 | 시20troe,"[[""N1586"", 768, 53, 206], [""11904"", 760, 40, 587], [""08/07/2027"", 782, 51, 566], [""보관법법"", 800, 34, 414], [""A분"", 788, 21, 496], [""입일 확 리기"", 822, 52, 416], [""시20troe"", 870, 55, 422]]"
000161,2027,05,10,2027-05-10,s1,3.43,"N1674 1004电 | 대상이 근신공장 | 전북특별자치도 군산시 외항로 84 | 딩 (취이마트/서울특별시 중구 서종대로일 37 | SYRU 全盐】/02-380-5678 | 용가-폴리에틸렌터레프틸레이트 | JP (PET),캡-폴리에틸레(PE) | 号生卫20030484120103 D-LOPE | 산품 및 교환장소 구입처 및 제조원 :OTHER | 올리고당! 01199 | 2027.05.10 16:53 | N1212","[[""1004电"", 76, 23, 351], [""N1674"", 92, 32, 0], [""대상이 근신공장"", 148, 41, 286], [""전북특별자치도 군산시 외항로 84"", 176, 37, 291], [""딩"", 236, 84, 101], [""(취이마트/서울특별시 중구 서종대로일 37"", 242, 42, 288], [""全盐】/02-380-5678"", 273, 30, 294], [""SYRU"", 288, 21, 118], [""용가-폴리에틸렌터레프틸레이트"", 306, 37, 299], [""JP"", 336, 36, 6], [""(PET),캡-폴리에틸레(PE)"", 334, 31, 298], [""号生卫20030484120103"", 364, 31, 266], [""D-LOPE"", 362, 28, 481], [""산품 및 교환장소 구입처 및 제조원"", 393, 32, 264], ["":OTHER"", 380, 30, 474], [""01199"", 444, 38, 265], [""올리고당!"", 461, 46, 0], [""2027.05.10 16:53"", 508, 58, 284], [""N1212"", 838, 115, 592]]"
000165,2027,01,13,2027-01-13,s1,0.69,묻는곳→ | 보관시지퍼를이용하세요 | 2027.01.13까지,"[[""묻는곳→"", 322, 28, 475], [""보관시지퍼를이용하세요"", 361, 40, 384], [""2027.01.13까지"", 552, 83, 275]]"
000169,2026,03,18,2026-03-18,s1,0.70,2026.03.18 | 까지 F1,"[[""2026.03.18"", 441, 63, 240], [""까지"", 486, 41, 242], [""F1"", 494, 43, 363]]"
000173,2026,09,17,2026-09-17,s1,1.19,IRJOIO | AㅅI | 아이비 | LOW SUGAR | 손비2026.09.17A1 | 기한,"[[""IRJOIO"", 266, 80, 549], [""AㅅI"", 340, 73, 527], [""아이비"", 500, 76, 270], [""LOW SUGAR"", 550, 31, 301], [""손비2026.09.17A1"", 598, 55, 210], [""기한"", 630, 29, 212]]"
000177,2026,08,18,2026-08-18,s1,1.51,Sablé | 사브레 | 소비기한 2025.08.19 2026.08.18A 부터 | 까지 | 내 | DY,"[[""Sablé"", 440, 31, 346], [""사브레"", 490, 75, 279], [""소비기한"", 592, 109, 158], [""2025.08.19"", 568, 36, 228], [""부터"", 574, 35, 529], [""2026.08.18A"", 603, 35, 226], [""까지"", 620, 35, 530], [""내"", 686, 81, 624], [""DY"", 921, 85, 194]]"
000178,2026,06,25,2026-06-25,s1,1.15,땅공신도 | HACCP | 2025.09.26 | 2026.06.25 부터 | 까지 맛있는 약속 | 무UEE 화이트하임,"[[""땅공신도"", 98, 59, 220], [""HACCP"", 374, 49, 233], [""2025.09.26"", 468, 55, 248], [""부터"", 486, 20, 454], [""2026.06.25"", 509, 55, 249], [""까지 맛있는 약속"", 520, 36, 449], [""화이트하임"", 832, 176, 462], [""무UEE"", 816, 75, 145]]"
000180,2026,06,02,2026-06-02,s1,1.24,식품안전관리인증 | HACCP | 2025.09.26 | 2026.06.2 | 까지맛있는약속,"[[""식품안전관리인증"", 381, 28, 234], [""HACCP"", 405, 32, 231], [""2025.09.26"", 496, 35, 261], [""2026.06.2"", 536, 46, 258], [""까지맛있는약속"", 566, 27, 404]]"
000183,2027,07,28,2027-07-28,s1,2.80,"면이잘분지않고 면의 탄력성 향상 세몰리나가루로만들어 배유 부분만 도정하여만든 잘붙지않아처음식감그대로 100% 듀럼밀의배유를같아 100% 파스타면의비밀 이탈리아감파니아 폰타나 4,480 | 맜있는 맛으로떠나는 여행 PROD.DATE: 2024.07.29 | EXP.DATE: 2027.07.28 | B1ML21124 16:13","[[""4,480"", 128, 61, 559], [""파스타면의비밀"", 222, 170, 224], [""이탈리아감파니아"", 229, 194, 256], [""폰타나"", 165, 60, 301], [""잘붙지않아처음식감그대로"", 266, 220, 82], [""100%"", 264, 219, 111], [""듀럼밀의배유를같아"", 224, 143, 144], [""100%"", 214, 135, 177], [""면이잘분지않고 면의 탄력성 향상"", 273, 216, 19], [""세몰리나가루로만들어"", 236, 138, 43], [""배유 부분만 도정하여만든"", 242, 156, 60], [""맜있는"", 496, 74, 3], [""맛으로떠나는 여행"", 536, 172, 34], [""PROD.DATE: 2024.07.29"", 514, 60, 183], [""2027.07.28"", 540, 44, 338], [""EXP.DATE:"", 558, 45, 186], [""16:13"", 575, 40, 380], [""B1ML21124"", 593, 47, 188]]"
000187,2028,02,05,2028-02-05,s1,1.35,HNINEINIT 이 |기간율 2028/02/05 융를%0이룸 | 90:80 | L06T N2,"[[""이"", 268, 382, 121], [""HNINEINIT"", 266, 356, 8], [""|기간율"", 257, 208, 190], [""융를%0이룸"", 286, 265, 566], [""2028/02/05"", 424, 33, 285], [""90:80"", 436, 53, 426], [""L06T"", 460, 35, 283], [""N2"", 466, 30, 386]]"
000190,2022,11,26,2022-11-26,det5,4.07,"185)114615 722.11.26 | 원재료명및함토마토필프 까4 | 제품명 (바실리코 스파게티소스 (고분29 | 식품유청 소스(실균제품 원산지 이탈리아 전방료 | 조 BaniaGeRFrtsp.(바틸라) | 수인 무원식(주) | 730-27 | 껑열면 표시일까지(일/월/년) | 실온보관 용기-유리,뚜껑·철제 | 00g225.6kcam 포장재질 폴리염화비닐(내면) | Carbohydr | 2.6 | 0.3","[[""722.11.26"", 426, 46, 207], [""185)114615"", 412, 33, 218], [""제품명"", 716, 25, 230], [""(바실리코 스파게티소스"", 730, 41, 254], [""원재료명및함토마토필프 까4"", 720, 69, 401], [""식품유청"", 746, 25, 231], [""소스(실균제품"", 758, 39, 253], [""조"", 766, 35, 223], [""원산지"", 765, 27, 317], [""(고분29"", 748, 66, 403], [""BaniaGeRFrtsp.(바틸라)"", 786, 51, 252], [""이탈리아"", 769, 24, 352], [""전방료"", 770, 87, 401], [""수인"", 790, 12, 236], [""무원식(주)"", 806, 46, 248], [""730-27"", 830, 54, 250], [""껑열면 표시일까지(일/월/년)"", 856, 55, 249], [""실온보관"", 869, 34, 252], [""00g225.6kcam"", 898, 37, 259], [""포장재질"", 898, 26, 321], [""용기-유리,뚜껑·철제"", 887, 32, 356], [""폴리염화비닐(내면)"", 906, 29, 356], [""0.3"", 944, 17, 355], [""2.6"", 934, 13, 357], [""Carbohydr"", 928, 25, 410]]"
000192,2024,06,02,2024-06-02,det5,8.22,식품유형 는한결같은 만촉스러운 | 소비기한 등을선형기문법D | 제품과 을품요통게하는기치를찾이는 토가도 | 원재료명 | 22理：080-2193-075014开手） | 유전문판매원 (주)크레프트하인츠코리아 | 제조원 (주)에스피씨삼림 C00 | 청수공항 총북 청추지 치총택구산단로88(송정동) | 비간한 2 6 24까지D | (508 kcal 01 인 TH | 유리 | (50g 350 | 002280g,"[[""는한결같은 만촉스러운"", 152, 41, 377], [""식품유형"", 167, 55, 43], [""등을선형기문법D"", 178, 45, 340], [""소비기한"", 196, 47, 55], [""을품요통게하는기치를찾이는 토가도"", 203, 50, 251], [""제품과"", 230, 35, 70], [""원재료명"", 254, 39, 75], [""22理：080-2193-075014开手）"", 281, 36, 177], [""유전문판매원"", 311, 50, 168], [""C00"", 327, 80, 634], [""(주)크레프트하인츠코리아"", 312, 38, 239], [""제조원"", 359, 44, 185], [""(주)에스피씨삼림"", 366, 35, 249], [""청수공항 총북 청추지"", 390, 36, 250], [""치총택구산단로88(송정동)"", 380, 59, 367], [""비간한"", 422, 78, 175], [""2"", 436, 21, 257], [""6"", 440, 23, 345], [""24까지D"", 428, 53, 387], [""01"", 457, 26, 259], [""인"", 460, 29, 306], [""TH"", 460, 29, 357], [""(508 kcal"", 482, 62, 45], [""유리"", 517, 24, 215], [""(50g"", 532, 55, 638], [""350"", 532, 52, 666], [""002280g"", 932, 37, 0]]"
000193,2026,03,06,2026-03-06,s1,0.96,Bol | 토마토 | 볼로네즈 | 2026.03.06F 3인분 신선한 토마토 | 소비기한 | 2개 52 | 이상구매 시,"[[""Bol"", 320, 182, 478], [""토마토"", 454, 117, 551], [""볼로네즈"", 510, 77, 578], [""신선한 토마토"", 595, 93, 544], [""소비기한"", 599, 28, 100], [""2026.03.06F"", 561, 140, 232], [""3인분"", 617, 48, 574], [""52"", 794, 190, 394], [""2개"", 766, 113, 165], [""이상구매 시"", 840, 46, 189]]"
000197,2026,07,30,2026-07-30,s1,1.68,"기 오즈키진 브라운비프카레 뚜기 오즈키친 고추마 | 3,980 ‘른 시일 내에 상품을 준비 해당 상품은 품절 되었 | (5)483603 | 2026.07.30까지","[[""기 오즈키진 브라운비프카레"", 162, 23, 7], [""뚜기 오즈키친 고추마"", 160, 29, 522], [""3,980"", 228, 55, 89], [""해당 상품은 품절 되었"", 215, 28, 553], [""‘른 시일 내에 상품을 준비"", 237, 32, 528], [""(5)483603"", 288, 29, 600], [""2026.07.30까지"", 531, 40, 175]]"
000201,2027,03,30,2027-03-30,s1,4.29,"카레는 노란오뚜기카레 는 | 최고의 건강요리입니다. | 3,780 | 2,380 | 2027.03.30까지 S2 | 13:583D11P | 비밀카레 약간매운맛 글루텐프리 | 카레라이스 | OTTOGI GLUTEN FREE CURRY MEDIUM | 재료(4인분) | 비(밀의 레시피 | 1.밀가루가 아닌국산가루쌀로더욱 고소하게! 조리방법 | 230% | 44.1% | *오푸기카레 약간매운맛 기준 다음밥위에없어내면 완성됩니다. | 유형 상단 표시일까 | 원료명 | 마늘분,후추분,표고버섯에기스문말 | 포장재질 폴리에틸렌( 제조원 춘식회사 오뚜기 | 돼지고기","[[""카레는"", 102, 71, 0], [""노란오뚜기카레"", 114, 71, 250], [""는"", 127, 32, 590], [""최고의 건강요리입니다."", 160, 57, 283], [""3,780"", 266, 56, 0], [""2,380"", 334, 58, 321], [""2027.03.30까지"", 490, 37, 213], [""13:583D11P"", 517, 40, 234], [""S2"", 520, 24, 608], [""비밀카레"", 554, 51, 70], [""약간매운맛"", 560, 40, 201], [""글루텐프리"", 563, 26, 342], [""OTTOGI GLUTEN FREE CURRY MEDIUM"", 590, 40, 67], [""카레라이스"", 588, 33, 339], [""비(밀의 레시피"", 640, 55, 70], [""재료(4인분)"", 623, 30, 337], [""1.밀가루가 아닌국산가루쌀로더욱 고소하게!"", 678, 51, 51], [""230%"", 702, 48, 54], [""조리방법"", 692, 27, 336], [""44.1%"", 726, 51, 53], [""*오푸기카레 약간매운맛 기준"", 754, 31, 186], [""유형"", 776, 32, 57], [""다음밥위에없어내면 완성됩니다."", 772, 29, 336], [""원료명"", 800, 35, 54], [""상단 표시일까"", 812, 23, 568], [""마늘분,후추분,표고버섯에기스문말"", 894, 57, 67], [""포장재질"", 916, 35, 63], [""폴리에틸렌("", 924, 31, 132], [""돼지고기"", 946, 26, 73], [""제조원"", 942, 30, 295], [""춘식회사 오뚜기"", 944, 32, 394]]"
000205,2027,05,18,2027-05-18,s1,1.26,"CumJmo ""urT | BEST BEFORE (DD/MM/YYYY) | LDENCURRY 18. 5.2027 | AUCE With VEGETABLES | 3.580","[[""CumJmo"", 268, 189, 241], [""\""urT"", 220, 81, 541], [""BEST BEFORE (DD/MM/YYYY)"", 408, 43, 205], [""18. 5.2027"", 444, 40, 252], [""LDENCURRY"", 469, 62, 0], [""3.580"", 494, 41, 509], [""AUCE With VEGETABLES"", 504, 43, 0]]"
000209,2027,06,11,2027-06-11,erode5,9.45,"0(내면) | 새유계란,잣조개류혼일가농소자가 | 139 | 여 주십시오,소비기한을 곡 특인 후 사용,실시오 | : 080-024-2311(个大至半国) | Orktchon | 2027.06.11까지 | 101169F25LM | 7","[[""0(내면)"", 142, 49, 0], [""새유계란,잣조개류혼일가농소자가"", 212, 73, 48], [""139"", 247, 90, 28], [""여 주십시오,소비기한을 곡 특인 후 사용,실시오"", 282, 85, 4], ["": 080-024-2311(个大至半国)"", 326, 69, 121], [""Orktchon"", 432, 76, 267], [""7"", 709, 14, 472], [""2027.06.11까지"", 554, 67, 205], [""101169F25LM"", 590, 71, 202]]"
000212,NONE,12,16,NONE-12-16,s1,2.21,VONO | VONO | 어니언 | 12.160 | :16 SF17L | 어 | Q4기 쇠고기스프 malle 온뚜기 | OTHER |  으 어니다. 280go禁量800ml 불에 올려놓고 끝을때까지 3분 간더 끌이면 맞있는 놓지 앞도록 가끔 저으면서 | 잘저어준다을기 시작하면 오뚜기최고기스는가됩니다. | 불을 약하게 합니다. | 가열된용기는 뜨거우므로 화상 | 120010445055201,"[[""VONO"", 299, 32, 483], [""VONO"", 313, 28, 194], [""어니언"", 358, 37, 484], [""12.160"", 532, 26, 339], ["":16"", 548, 29, 254], [""SF17L"", 553, 34, 353], [""쇠고기스프"", 610, 88, 164], [""어"", 576, 20, 515], [""Q4기"", 592, 30, 112], [""온뚜기"", 610, 20, 508], [""malle"", 626, 22, 505], [""OTHER"", 678, 24, 605], [""280go禁量800ml"", 780, 53, 123], ["" 으 어니다."", 790, 53, 125], [""놓지 앞도록 가끔 저으면서"", 780, 33, 520], [""불에 올려놓고 끝을때까지"", 789, 29, 331], [""잘저어준다을기 시작하면"", 803, 28, 331], [""3분 간더 끌이면 맞있는"", 794, 30, 529], [""오뚜기최고기스는가됩니다."", 808, 33, 528], [""불을 약하게 합니다."", 818, 27, 332], [""가열된용기는 뜨거우므로 화상"", 860, 35, 145], [""120010445055201"", 892, 40, 427]]"
000214,2026,08,13,2026-08-13,s1,1.79,8：21：2 | 농축액에서 나타나는 지연적인 | 현상이므로 안심하고드셔도 | 됩니다 | ·본 제품은 소비자기본법에 | 의거교환 또는 보상 | ·부정·불량식품 신고는 | 11399 | 소비자중심 | 빈용기는 깨끗이 분리수거하여 재활용합시.소한사원깨끗한 환경 | 2026.08.13±14:±16 | 까지,"[[""8：21：2"", 46, 39, 273], [""농축액에서 나타나는 지연적인"", 199, 51, 222], [""현상이므로 안심하고드셔도"", 225, 50, 222], [""됩니다"", 257, 36, 221], [""·본 제품은 소비자기본법에"", 276, 43, 218], [""의거교환 또는 보상"", 302, 36, 222], [""·부정·불량식품 신고는"", 328, 37, 220], [""11399"", 354, 31, 224], [""소비자중심"", 406, 23, 288], [""빈용기는 깨끗이 분리수거하여 재활용합시.소한사원깨끗한 환경"", 458, 31, 222], [""2026.08.13±14:±16"", 528, 42, 268], [""까지"", 546, 21, 503]]"
000215,2015,01,25,2015-01-25,s2,2.16,"·참전물 유래 성분이므로 안심하시고 사용하셔도 | 됩니다. ·보관 중 갈변이 발생 할 수 있으나 과실 | 농축액에서 나타나는 자연적인 현상이므로 | 안심하고 드셔도 됩니다. | ·본 제품은 소비자기본법에 | 의거 교환 또는 보상. | ·부정·불량식품 신고는 | 11399 | ccM | 이상레시 2150 HACCP 소비자중심 2개 | 가지 이상구매시 | 5E E BRRS | 11,980 | 홍 청정원 | 명사상품 | 2개구매시 10ml | 50 25-1 15 | 1기이스/점/ | 1051","[[""·참전물"", 21, 43, 115], [""유래 성분이므로 안심하시고 사용하셔도"", 36, 78, 124], [""됩니다."", 90, 44, 133], [""·보관 중 갈변이 발생 할 수 있으나 과실"", 106, 83, 134], [""농축액에서 나타나는 자연적인 현상이므로"", 139, 79, 149], [""안심하고 드셔도 됩니다."", 182, 55, 156], [""·본 제품은 소비자기본법에"", 215, 56, 154], [""의거 교환 또는 보상."", 249, 48, 165], [""·부정·불량식품 신고는"", 280, 48, 163], [""2150"", 385, 167, 0], [""11399"", 312, 33, 178], [""소비자중심"", 379, 26, 261], [""이상레시"", 409, 48, 0], [""2개"", 440, 125, 557], [""5E E BRRS"", 482, 41, 2], [""이상구매시"", 510, 65, 558], [""11,980"", 542, 69, 11], [""홍"", 607, 37, 567], [""명사상품"", 630, 45, 548], [""청정원"", 628, 50, 649], [""2개구매시"", 654, 46, 539], [""10ml"", 655, 39, 649], [""50"", 689, 84, 529], [""1기이스/점/"", 726, 49, 512], [""1051"", 770, 28, 678], [""ccM"", 364, 15, 290], [""HACCP"", 376, 17, 199], [""가지"", 491, 12, 498], [""25-1"", 710, 22, 574], [""15"", 720, 17, 617]]"
000219,2026,09,07,2026-09-07,s1,0.74,2026.09.07 까지 | 김상규B,"[[""2026.09.07 까지"", 475, 36, 277], [""김상규B"", 503, 30, 278]]"
000223,2026,08,13,2026-08-13,s1,0.82,A1 | 연겨자 | 2026.08.138,"[[""A1"", 247, 129, 610], [""연겨자"", 437, 62, 251], [""2026.08.138"", 520, 45, 218]]"
000227,2028,09,17,2028-09-17,s1,3.45,"영양정보 100m812kcal 48900m | 사과농축액 중국선발 | 에센스 | 14% | 틸렌테레프탈레이트 | 예틸렌 | 2 | 회사 오뚜기 | 광역시울주군삼남을반구대로 | 음성군대소면대품신단로2 | 따라 피해 보상 | Okitchen | 하고 뚜껑을달아실은보과 오기 식 한 대망인 | 길수있으나 원료 유라임 시제경보세오 개봉 시, 둥근고리에 손가락을끼워 | 락을끼워아래로때어사용 n. 아래로 페어낸 후 사용하십시오. | 招营：080-024-231（个风导 | 2028.09·17.5쪽 | 14:45 | VDA4 | 연출이일지 | 800ml/40 | 농축액 2","[[""48900m"", 36, 37, 317], [""영양정보"", 72, 80, 114], [""100m812kcal"", 62, 43, 304], [""사과농축액 중국선발"", 148, 34, 0], [""에센스"", 174, 28, 0], [""14%"", 198, 27, 0], [""틸렌테레프탈레이트"", 242, 34, 0], [""예틸렌"", 266, 30, 0], [""2"", 288, 45, 0], [""회사 오뚜기"", 319, 36, 0], [""광역시울주군삼남을반구대로"", 334, 59, 0], [""음성군대소면대품신단로2"", 355, 60, 0], [""Okitchen"", 376, 39, 179], [""따라 피해 보상"", 386, 41, 0], [""오기 식 한 대망인"", 399, 28, 176], [""시제경보세오"", 413, 24, 185], [""개봉 시, 둥근고리에 손가락을끼워"", 398, 57, 285], [""하고 뚜껑을달아실은보과"", 422, 64, 0], [""n."", 436, 32, 182], [""아래로 페어낸 후 사용하십시오."", 422, 55, 293], [""길수있으나 원료 유라임"", 442, 62, 0], [""락을끼워아래로때어사용"", 460, 63, 0], [""招营：080-024-231（个风导"", 478, 74, 0], [""2028.09·17.5쪽"", 489, 63, 229], [""14:45"", 505, 46, 376], [""VDA4"", 544, 41, 429], [""연출이일지"", 694, 57, 592], [""800ml/40"", 738, 86, 587], [""농축액 2"", 774, 63, 616]]"
000231,2028,05,27,2028-05-27,s1,1.26,제조번호: | 255284 | 사용기한 | 20280527 | 까지 까지 | BO 20BD,"[[""제조번호:"", 558, 23, 215], [""255284"", 574, 33, 290], [""사용기한"", 597, 24, 213], [""20280527"", 616, 33, 288], [""까지"", 638, 26, 146], [""까지"", 636, 23, 542], [""BO"", 708, 86, 0], [""20BD"", 706, 79, 271]]"
000232,NONE,NONE,NONE,NONE,fail,8.14,"INAGOS | 15,맛지g 15.980 1통,맛게 | 메디켈허브 사용기한및제조재(P,P2):- 제조번호:튜브상단에별도표기 15,맛g 15.930 | 1% | 15.986 | 제조번호:류브 상단에별도 표기 제조번호:튜브상단에별도포기 제조번호:튜브 상단에별도표기 | 사용기한 및 제조재P1, P2): 사용기한및제조자(P1,P2): 사용기한및제조재P,P2): | TOTAL TOTAL TOTAL TOTAL TOTAL TOTAL TOTAL TOTAL | 내9주지 메디캘허보 메디캘허브 메디컬허브 메디컬혀브 메디캘허브 + T 7 7 7 7 | 제조번호:튜브 상단에별도 표기. | 사용기한및제조자(P,P2): | TOTAL TOTAL P2 TOTAL TOTAL | 7 | 메디켈허브 메디캘허브","[[""15.980"", 98, 46, 374], [""사용기한 및 제조재P1, P2):"", 516, 25, 139], [""TOTAL"", 545, 32, 0], [""TOTAL"", 549, 30, 344], [""7"", 617, 108, 344], [""메디컬혀브"", 630, 42, 175], [""제조번호:튜브 상단에별도표기"", 496, 19, 146], [""제조번호:튜브상단에별도포기"", 496, 25, 144], [""사용기한및제조자(P1,P2):"", 513, 27, 141], [""TOTAL"", 545, 32, 0], [""TOTAL"", 552, 42, 341], [""7"", 618, 147, 334], [""+"", 584, 49, 232], [""메디컬허브"", 630, 48, 171], [""T"", 586, 20, 243], [""메디캘허보"", 630, 42, 174], [""7"", 614, 121, 340], [""1통,맛게"", 97, 46, 374], [""TOTAL"", 544, 27, 0], [""TOTAL"", 548, 29, 344], [""메디캘허브"", 630, 42, 175], [""7"", 616, 112, 343], [""15,맛지g"", 100, 49, 374], [""1%"", 314, 11, 97], [""제조번호:류브 상단에별도 표기"", 496, 21, 147], [""사용기한및제조재P,P2):"", 514, 23, 143], [""TOTAL"", 544, 31, 0], [""TOTAL"", 549, 30, 343], [""메디캘허브"", 629, 44, 174], [""INAGOS"", 68, 56, 848], [""사용기한및제조재(P,P2):-"", 221, 154, 431], [""제조번호:튜브상단에별도표기"", 225, 160, 452], [""메디켈허브"", 254, 159, 305], [""15.986"", 417, 88, 838], [""15,맛g"", 197, 96, 752], [""TOTAL"", 1089, 64, 0], [""P2 TOTAL"", 1092, 76, 540], [""메디캘허브"", 1260, 80, 355], [""15.930"", 196, 83, 754], [""내9주지"", 624, 56, 179], [""제조번호:튜브 상단에별도 표기."", 992, 34, 295], [""사용기한및제조자(P,P2):"", 1030, 40, 280], [""TOTAL"", 1090, 59, 0], [""TOTAL"", 1097, 48, 657], [""7"", 1199, 50, 38], [""메디켈허브"", 1261, 76, 356]]"
000236,2026,04,08,2026-04-08,s1,3.63,"가급적 한번에 사용하세요. | 영양정보 총나 | L三号830mg42% 탄수화물 8g 2 % | 14g26%0.5g | 引人印量45mg15% 단백질3g5% | 2026.04.08까지 <E | 15:45:09 | www.fontanastyle.com '비닐류 | 0808728888 OTHER 8""8","[[""가급적 한번에 사용하세요."", 151, 52, 135], [""영양정보"", 258, 64, 138], [""총나"", 262, 43, 664], [""L三号830mg42%"", 303, 48, 144], [""탄수화물 8g 2 %"", 304, 44, 468], [""14g26%0.5g"", 344, 55, 144], [""引人印量45mg15%"", 383, 46, 148], [""단백질3g5%"", 386, 48, 487], [""2026.04.08까지 <E"", 491, 48, 182], [""15:45:09"", 524, 38, 234], [""www.fontanastyle.com"", 563, 43, 189], [""'비닐류"", 561, 36, 548], [""0808728888"", 606, 41, 190], [""8\""8"", 610, 45, 646], [""OTHER"", 624, 40, 521]]"
000240,2027,05,20,2027-05-20,s1,4.50,소비자중심 | 139 | 영양정보 500g/10025kcal | 0mg0%号72g22%2g2% | 61g5gog0%0g | 0g0%0mg0%0g0% | 개인의 필요 열량에 따라 다를 수 있습니다. | 2027.05.20 F1 | 까지 | F12408 | 캡LDPF/실리콘라벌위 | 8801052120188 wwdaesang.com/ | 8019-919 wwjungoneshop.com | 청청에코템,"[[""소비자중심"", 236, 32, 548], [""139"", 339, 34, 293], [""영양정보"", 377, 34, 292], [""500g/10025kcal"", 375, 32, 400], [""0mg0%号72g22%2g2%"", 408, 34, 295], [""61g5gog0%0g"", 442, 29, 296], [""0g0%0mg0%0g0%"", 476, 33, 295], [""개인의 필요 열량에 따라 다를 수 있습니다."", 522, 27, 290], [""2027.05.20 F1"", 597, 50, 293], [""까지"", 624, 39, 573], [""F12408"", 678, 53, 288], [""캡LDPF/실리콘라벌위"", 749, 30, 524], [""8801052120188"", 768, 25, 311], [""wwdaesang.com/"", 776, 21, 522], [""8019-919"", 796, 22, 334], [""wwjungoneshop.com"", 796, 22, 486], [""청청에코템"", 830, 27, 416]]"
000244,2026,06,21,2026-06-21,s1,1.08,2025.08.22/00132 부터 | 2026.06.21 까지,"[[""2025.08.22/00132"", 531, 82, 284], [""2026.06.21"", 568, 67, 278], [""부터"", 578, 45, 639], [""까지"", 626, 42, 630]]"
000248,2026,04,21,2026-04-21,s1,4.25,"하십시오개호 | 옥수수의 일부분으로 안심하고 드서도 됩니다 | ·소비자기본법에 의거 교환,환불해 드립니다. | 1399 | ·반품·본사 및 구입한 곳. | ·신선도 유지를 위해 질소충전포장을 | 하였습니다. OTHER | 1801043036672 | 시킨 후 2026.04.21까지 | 니다 | 영양정보 총내용량83g 420kcal | 620mg31%量55g17% | 3.3g3%20g37% | 量0mg0%5.0g9% | 2.000kcal | ·본사:서울 있습니다.","[[""하십시오개호"", 19, 42, 120], [""옥수수의 일부분으로 안심하고 드서도 됩니다"", 61, 100, 123], [""·소비자기본법에 의거 교환,환불해 드립니다."", 95, 93, 125], [""1399"", 132, 93, 130], [""·반품·본사 및 구입한 곳."", 174, 73, 134], [""·신선도 유지를 위해 질소충전포장을"", 202, 83, 138], [""OTHER"", 209, 32, 507], [""하였습니다."", 250, 52, 148], [""1801043036672"", 400, 61, 249], [""2026.04.21까지"", 490, 66, 279], [""시킨 후"", 544, 45, 0], [""니다"", 582, 25, 1], [""총내용량83g"", 650, 54, 491], [""영양정보"", 700, 107, 189], [""420kcal"", 684, 50, 525], [""620mg31%量55g17%"", 740, 93, 208], [""3.3g3%20g37%"", 784, 63, 221], [""量0mg0%5.0g9%"", 853, 68, 237], [""2.000kcal"", 881, 40, 566], [""있습니다."", 910, 42, 580], [""·본사:서울"", 932, 41, 475]]"
000252,2026,07,09,2026-07-09,s1,0.82,소비기한 | 2026.07.09 | 2026.07.09,"[[""소비기한"", 418, 60, 190], [""2026.07.09"", 532, 88, 278], [""2026.07.09"", 621, 97, 301]]"
000256,2027,01,02,2027-01-02,s1,1.11,Nexweel | E080-023-3399个 | B ERO 글루타치온 50mg | 보로 소비기한 | 27.01.02 E,"[[""Nexweel"", 160, 135, 155], [""E080-023-3399个"", 458, 61, 260], [""ERO"", 527, 61, 126], [""B"", 519, 50, 0], [""글루타치온 50mg"", 517, 26, 297], [""보로"", 563, 34, 153], [""소비기한"", 565, 34, 213], [""27.01.02 E"", 602, 59, 240]]"
000260,2027,04,01,2027-04-01,s1,1.51,스터수지 | 금(가공소 | 로인산나 | |노신산이 8801392002663 | WB1A | 27.04.01 | 까,"[[""스터수지"", 224, 76, 0], [""금(가공소"", 278, 80, 0], [""로인산나"", 333, 84, 0], [""8801392002663"", 319, 118, 226], [""|노신산이"", 392, 95, 0], [""WB1A"", 458, 88, 169], [""까"", 541, 64, 649], [""27.04.01"", 552, 152, 162]]"
000264,2026,06,06,2026-06-06,s1,0.78,"26,06,067F7119:37 F2B","[[""26,06,067F7119:37 F2B"", 682, 51, 197]]"
000268,2026,07,14,2026-07-14,s1,0.67,리츠 | ZEC 제대로 만든 크래커! | 26.07.14 0:32 2,"[[""리츠"", 53, 96, 607], [""ZEC"", 425, 166, 233], [""제대로 만든 크래커!"", 485, 62, 330], [""26.07.14 0:32 2"", 563, 44, 248]]"
000272,2026,05,10,2026-05-10,s1,3.64,"[Uubel | 따우더 네열란드산)],유지크림분 | 가루크림분말,고추장,도당,정제 (식울성유지:외국산)],스위트항시즈닝 영양정보 | 산도조절제,파프리카추출색소작 총 내용량당 | 기 | 커향), 향료,향미중진제 | 탄수화물 59.6g | 1일(내면) 폴리에릴렌 당류 11.29 | 量19900355116313 지방 23.2g | 및교환장소 구입처 및판매원 용은 소비자기본법에 따는 소비자분재해결 트랜스지방 | 에 의거 교환 또는 보상을 받을 수 있습니다. 포화지방 15 | 콜레스테롤 | 메, 딸콩,고등어,게,새우,돼지길,복 단백질 | 아,이황산류 호두,닭고기,오장어 조가 류(굴, 1일 영양성분 기준치에 댓 기춘이으로개기기필요열 | 복,혼합포함),잣 혼입가능 넘이 있스다 | 직사광선을 피하고 건조한 못에 실은 년관 | 제품의 품질보존을 위해 질소가 충진=장을 | 하요습니다. | 2026.05.10c 8""80207","[[""[Uubel"", 168, 38, 248], [""따우더 네열란드산)],유지크림분"", 302, 27, 184], [""(식울성유지:외국산)],스위트항시즈닝"", 315, 30, 173], [""영양정보"", 308, 27, 526], [""가루크림분말,고추장,도당,정제"", 329, 32, 167], [""산도조절제,파프리카추출색소작"", 343, 26, 180], [""총 내용량당"", 334, 23, 532], [""기"", 341, 26, 666], [""커향), 향료,향미중진제"", 370, 25, 160], [""탄수화물"", 373, 22, 541], [""59.6g"", 376, 22, 650], [""당류"", 392, 23, 555], [""11.29"", 393, 24, 663], [""1일(내면) 폴리에릴렌"", 406, 41, 131], [""지방"", 412, 22, 552], [""23.2g"", 410, 24, 668], [""量19900355116313"", 423, 46, 125], [""트랜스지방"", 432, 26, 565], [""및교환장소 구입처 및판매원"", 440, 50, 119], [""용은 소비자기본법에 따는 소비자분재해결"", 455, 52, 119], [""포화지방"", 454, 21, 570], [""15"", 451, 22, 699], [""에 의거 교환 또는 보상을 받을 수 있습니다."", 474, 60, 109], [""콜레스테롤"", 473, 24, 567], [""단백질"", 496, 26, 571], [""메, 딸콩,고등어,게,새우,돼지길,복"", 516, 61, 99], [""1일 영양성분 기준치에 댓"", 517, 23, 573], [""기춘이으로개기기필요열"", 530, 25, 574], [""아,이황산류 호두,닭고기,오장어 조가 류(굴,"", 536, 61, 94], [""복,혼합포함),잣 혼입가능 넘이 있스다"", 557, 60, 89], [""직사광선을 피하고 건조한 못에 실은 년관"", 580, 56, 83], [""제품의 품질보존을 위해 질소가 충진=장을"", 600, 59, 78], [""하요습니다."", 630, 37, 73], [""8\""80207"", 664, 27, 594], [""2026.05.10c"", 673, 48, 113]]"
000276,2026,03,25,2026-03-25,s2,1.97,자가비 케첩맛 | Jagabee | !취급주의:제품 개봉시 손이 베지 않도록 주의하시기 바랍니다. | OPEN | 제조일파: 25.09.26 19:28 | ：26.03.25,"[[""자가비"", 58, 59, 212], [""케첩맛"", 59, 62, 510], [""Jagabee"", 91, 20, 280], [""OPEN"", 328, 33, 150], [""!취급주의:제품 개봉시 손이 베지 않도록 주의하시기 바랍니다."", 308, 25, 282], [""제조일파: 25.09.26 19:28"", 615, 36, 189], [""：26.03.25"", 644, 35, 196]]"
000280,2026,03,23,2026-03-23,s1,0.86,CJ | 체일제당 | SSC5 | 2026.03.23 | 까지 | GOURMET | DELICIOUS 고에 LIFE | ASTY CUISINE | 모짜렐라돈카:,"[[""CJ"", 113, 28, 119], [""체일제당"", 161, 44, 116], [""SSC5"", 378, 27, 325], [""2026.03.23"", 426, 35, 277], [""까지"", 488, 23, 371], [""GOURMET"", 596, 72, 368], [""고에"", 684, 130, 350], [""LIFE"", 673, 26, 599], [""DELICIOUS"", 690, 27, 232], [""ASTY CUISINE"", 770, 71, 377], [""모짜렐라돈카:"", 900, 120, 122]]"
000284,2026,08,20,2026-08-20,s1,4.81,"합살미니도나스 만드는 방법 YYY | auH | 1.계한물 만들기 2.반축하기 3.뒤가기 | -①의 반죽그릇에 반죽미스 -프라이팬에높이 약2cm~3cm | 24m（4 240g（2号2 | 넣고 잘 저어 고루 섞어 주세요 섞어춘 후 손으로 2~3분정도 가열한 후 반축을 넣고 4~5분정도 | 반죽해 주세요 고르게 튀겨주세요 | 반죽을메추리알 크기정도 ※ 도나스를 튀기면 2에 정도 부푸니,둥글린 반죽은 | （910g.20m 프라이의 절반안 넣고 거주세요 | 동그란 구슬 모양으로 퉁글려 주세요 ※도나스가 식으면 토핑믹스와 잘어 드세요 | 합살치볼 요 합살찰방 만드는 방법 | 공통 | 방 | 합살치즈볼 만들기(프라이팬 조리) 찹살찰빵 만들기에어프라이어 조 | 넣고 구멍이 생기지 않도록 동그렇게 둥글려 주세요 | 후 반죽을 넣고 4~5분정도 고르게 튀겨주세요 ※기호에 따라 검은께또는 참께를넣으시면 맛있는 합 | 기호에 따라 다양한 치즈를 넣어 조리하실 수 있습니다. | FSCC155910 소비기한: | 2026.08.20 A | 까지 | 801045380513","[[""합살미니도나스 만드는 방법"", 50, 31, 146], [""YYY"", 50, 44, 437], [""auH"", 94, 21, 39], [""1.계한물 만들기"", 234, 29, 23], [""2.반축하기"", 232, 27, 247], [""3.뒤가기"", 228, 27, 455], [""-①의 반죽그릇에 반죽미스"", 254, 25, 214], [""-프라이팬에높이 약2cm~3cm"", 253, 24, 402], [""24m（4"", 272, 26, 22], [""240g（2号2"", 270, 27, 227], [""넣고 잘 저어 고루 섞어 주세요"", 288, 24, 22], [""섞어춘 후 손으로"", 284, 22, 229], [""2~3분정도"", 285, 20, 292], [""가열한 후 반축을 넣고 4~5분정도"", 283, 28, 413], [""반죽해 주세요"", 300, 21, 229], [""고르게 튀겨주세요"", 300, 21, 416], [""반죽을메추리알 크기정도"", 317, 22, 227], [""※ 도나스를 튀기면 2에 정도 부푸니,둥글린 반죽은"", 318, 23, 404], [""（910g.20m"", 333, 26, 229], [""프라이의 절반안 넣고 거주세요"", 334, 26, 412], [""동그란 구슬 모양으로 퉁글려 주세요"", 348, 25, 228], [""※도나스가 식으면 토핑믹스와 잘어 드세요"", 349, 24, 403], [""합살치볼 요 합살찰방 만드는 방법"", 388, 33, 147], [""공통"", 422, 27, 83], [""방"", 438, 29, 65], [""합살치즈볼 만들기(프라이팬 조리)"", 477, 32, 70], [""찹살찰빵 만들기에어프라이어 조"", 472, 33, 393], [""넣고 구멍이 생기지 않도록 동그렇게 둥글려 주세요"", 533, 26, 0], [""※기호에 따라 검은께또는 참께를넣으시면 맛있는 합"", 558, 29, 316], [""후 반죽을 넣고 4~5분정도 고르게 튀겨주세요"", 571, 31, 0], [""기호에 따라 다양한 치즈를 넣어 조리하실 수 있습니다."", 595, 29, 0], [""FSCC155910"", 694, 22, 83], [""소비기한:"", 694, 35, 227], [""2026.08.20 A"", 728, 44, 261], [""까지"", 780, 33, 576], [""801045380513"", 807, 27, 9]]"
000288,2029,07,25,2029-07-25,s1,0.84,2029 07 25 | LE 만,"[[""2029 07 25"", 462, 37, 234], [""LE 만"", 487, 40, 227]]"
000289,2030,07,23,2030-07-23,det5,1.83,030.07.23까지 | 404 32205,"[[""030.07.23까지"", 490, 63, 200], [""404 32205"", 523, 61, 202]]"
000293,2025,10,24,2025-10-24,s1,2.22,물한방울 넣지 않고 | REGTCLEN | H 00%！ BOTTE |   25.10.24까지 | 뚜껑HDPE (06:37) | 라벨:PP | 니다·용가 재활용 우수 영양정보 총내용량 7m | 통번에 100mlg40kcal | 과 같은 보로드시기버랍 量15mg93%0 | P·본제품은 공정 88%% | 이수습다. | MELC O mg 0% 营合61mg9%/程U,"[[""물한방울 넣지 않고"", 340, 63, 193], [""REGTCLEN"", 349, 20, 453], [""BOTTE"", 363, 22, 460], [""H 00%！"", 382, 88, 131], [""25.10.24까지"", 478, 42, 289], ["" "", 492, 47, 60], [""(06:37)"", 505, 26, 292], [""뚜껑HDPE"", 528, 30, 138], [""라벨:PP"", 550, 28, 141], [""총내용량 7m"", 546, 40, 471], [""니다·용가"", 572, 35, 59], [""재활용 우수"", 568, 31, 137], [""영양정보"", 586, 70, 218], [""100mlg40kcal"", 578, 61, 440], [""통번에"", 600, 31, 59], [""보로드시기버랍"", 626, 31, 59], [""量15mg93%0"", 627, 91, 219], [""과 같은"", 655, 34, 55], [""P·본제품은 공정"", 682, 35, 55], [""88%%"", 668, 93, 222], [""이수습다."", 711, 38, 55], [""MELC O mg 0%"", 760, 42, 240], [""营合61mg9%/程U"", 737, 88, 369]]"
000297,2026,04,08,2026-04-08,s1,0.66,2026.04.08 | 산물 안전관리인증 | 상책임 HACCP | 보험가입 | 법심겁데,"[[""2026.04.08"", 110, 65, 324], [""산물"", 176, 31, 0], [""안전관리인증"", 168, 31, 96], [""상책임"", 202, 39, 0], [""HACCP"", 198, 36, 102], [""보험가입"", 230, 31, 0], [""법심겁데"", 721, 404, 40]]"
000301,2027,04,09,2027-04-09,s1,1.03,157kcal | OTHER | 소비기한 | 2027.04.09 | 까지,"[[""OTHER"", 494, 27, 529], [""157kcal"", 514, 32, 23], [""소비기한"", 568, 29, 23], [""2027.04.09"", 580, 53, 186], [""까지"", 642, 26, 666]]"
000305,2026,02,24,2026-02-24,erode5,5.95,스비기한: | 26.02.24,"[[""스비기한:"", 312, 40, 29], [""26.02.24"", 376, 42, 171]]"
000309,2027,04,01,2027-04-01,erode5,13.39,2027.04.01까지 | HC02F2,"[[""2027.04.01까지"", 682, 51, 156], [""HC02F2"", 724, 45, 226]]"
000310,2026,09,28,2026-09-28,s1,2.89,"제조및(주)석보유통 | 2011044104650 | 원재료명 | 축액,해바라기씨유)]20% 호두함유 | 정보 200g20g122kcal | 글레스테롤Omg)0% 3g6% | 소비기한 2026.09.28 까지 | 종이 | 809019711769","[[""제조및(주)석보유통"", 82, 25, 199], [""2011044104650"", 125, 22, 198], [""원재료명"", 206, 27, 196], [""축액,해바라기씨유)]20%"", 240, 26, 304], [""호두함유"", 242, 27, 551], [""정보"", 268, 26, 226], [""200g20g122kcal"", 266, 23, 387], [""글레스테롤Omg)0%"", 341, 22, 205], [""3g6%"", 340, 22, 408], [""소비기한"", 570, 28, 193], [""2026.09.28"", 569, 29, 333], [""까지"", 568, 27, 603], [""종이"", 718, 33, 541], [""809019711769"", 746, 28, 247]]"
000314,2026,09,01,2026-09-01,s1,0.87,오는 | 좋은 | GOOD TODAY | ·번구워 더구수한 | 누룸지 2026.09.01까지B | carched Rice 연출된예 | 10,"[[""오는"", 134, 99, 194], [""좋은"", 216, 99, 195], [""GOOD TODAY"", 276, 33, 195], [""·번구워 더구수한"", 409, 40, 3], [""누룸지"", 489, 115, 0], [""2026.09.01까지B"", 441, 64, 349], [""연출된예"", 544, 26, 583], [""carched Rice"", 566, 31, 0], [""10"", 868, 114, 485]]"
000318,2025,11,09,2025-11-09,s1,1.61,"2025.11.09 | 돈 TOW | LH引T1500 | F&B/경기도 성남//중원-둔촌대로 | 14(www.dongwonfnb.com) | 리투아니아.이탈리아 등),정제소금 | 천일역(호추산)],조미액,대두유,설탕 | 게농축액 -글루담산나트륨(향미증 진제) | 린,프필렌글리콜),호합제제[폴리글리세","[[""2025.11.09"", 390, 57, 277], [""돈"", 416, 57, 6], [""TOW"", 425, 38, 302], [""LH引T1500"", 587, 34, 188], [""F&B/경기도 성남//중원-둔촌대로"", 618, 39, 79], [""14(www.dongwonfnb.com)"", 644, 34, 73], [""리투아니아.이탈리아 등),정제소금"", 770, 45, 32], [""천일역(호추산)],조미액,대두유,설탕"", 802, 49, 41], [""게농축액 -글루담산나트륨(향미증 진제)"", 830, 48, 38], [""린,프필렌글리콜),호합제제[폴리글리세"", 915, 56, 16]]"
000322,2025,10,29,2025-10-29,s1,0.69,2025.10.29 까지D어명 | 사조 | 우리,"[[""2025.10.29 까지D어명"", 410, 56, 153], [""사조"", 874, 33, 40], [""우리"", 922, 29, 44]]"
000326,2025,10,18,2025-10-18,s1,2.75,011399 | 영양정보 70g98kcal | 0g0%4.2g8% | 2025.10.18 까지,"[[""011399"", 424, 25, 380], [""영양정보"", 500, 37, 76], [""70g98kcal"", 493, 32, 293], [""0g0%4.2g8%"", 561, 36, 81], [""2025.10.18 까지"", 770, 35, 200]]"
000330,2025,11,02,2025-11-02,s1,3.71,"소장재질(내면): 플 | F1-2019045 김치/비실균제품 49500799刘 | BLOSSOM CAMPUS | 115-23F4 | 사/경기로 화성시 건인 전북지 / 아도 진안군 부귀면 가정갈  | 잘가간 상 온에 논출될 경우 변질  우려가 있으니 개봉후 | 마루로 선명한 빛깔 25.10.04 | 25.11.02 소비자중심 | 드대상 대통령상 수상 | F1 | 900g AB7 | 100g30kcal | 탄수화물6g2% | 시방 0g 0% | 지방 0g 0% J김지양념풀C | #上#量2g4% | 한에수 있습니다. (HH(국산)],C J김치양념베이스,채소류(국산) | 080-850-1200 생강페이스트(생강·국산),유산군배양액 C.J새우액저,하선정멸치액정골드[멀치(국산)], | 새우,대두 함유 5291 | 880100","[[""소장재질(내면): 플"", 138, 33, 421], [""김치/비실균제품"", 154, 35, 280], [""F1-2019045"", 168, 31, 277], [""49500799刘"", 169, 34, 427], [""BLOSSOM CAMPUS"", 191, 32, 432], [""사/경기로 화성시"", 236, 23, 268], [""115-23F4"", 228, 22, 439], [""건인 전북지 / 아도 진안군 부귀면 가정갈 "", 250, 49, 261], [""잘가간 상 온에 논출될 경우 변질  우려가 있으니 개봉후"", 329, 58, 216], [""마루로 선명한 빛깔"", 447, 24, 95], [""25.10.04"", 450, 35, 332], [""25.11.02"", 488, 33, 335], [""드대상 대통령상 수상"", 504, 28, 113], [""소비자중심"", 500, 29, 626], [""F1"", 526, 21, 341], [""900g"", 580, 40, 120], [""AB7"", 583, 31, 396], [""100g30kcal"", 602, 41, 117], [""탄수화물6g2%"", 627, 44, 114], [""시방 0g 0%"", 651, 36, 121], [""지방 0g 0%"", 678, 48, 118], [""#上#量2g4%"", 699, 52, 107], [""J김지양념풀C"", 680, 58, 584], [""한에수 있습니다."", 734, 32, 138], [""(HH(국산)],C J김치양념베이스,채소류(국산)"", 740, 44, 234], [""C.J새우액저,하선정멸치액정골드[멀치(국산)],"", 759, 48, 234], [""080-850-1200"", 765, 30, 147], [""생강페이스트(생강·국산),유산군배양액"", 774, 48, 237], [""새우,대두 함유"", 792, 25, 329], [""5291"", 792, 32, 624], [""880100"", 808, 29, 549]]"
000334,2026,03,15,2026-03-15,s1,0.97,냉장보관/소비기한 | 2026.03.15까지 | DC5 03:41 A1609 | 산 겨울무로 담가 | 시원한 동치미 육수,"[[""냉장보관/소비기한"", 340, 52, 238], [""2026.03.15까지"", 426, 51, 290], [""03:41 A1609"", 470, 45, 289], [""DC5"", 490, 28, 215], [""산 겨울무로 담가"", 664, 146, 1], [""시원한 동치미 육수"", 751, 158, 0]]"
000338,2026,05,28,2026-05-28,s1,0.88,A KbA | 2026.05.28 까지 | 14:48 | LIFE,"[[""A KbA"", 346, 39, 451], [""까지"", 432, 33, 476], [""2026.05.28"", 447, 62, 200], [""14:48"", 498, 53, 193], [""LIFE"", 758, 36, 104]]"
000342,2026,06,22,2026-06-22,s1,0.66,‘비 2026.06.22,"[[""2026.06.22"", 488, 53, 295], [""‘비"", 490, 23, 159]]"
000346,2026,05,15,2026-05-15,s1,1.35,포화지방0.8g | HACCP | 비닐류 | 803103 002825 | OTHER | 스비기한 | 2026.05.15까지,"[[""포화지방0.8g"", 397, 24, 413], [""HACCP"", 474, 23, 528], [""비닐류"", 544, 22, 566], [""803103"", 578, 39, 151], [""002825"", 573, 33, 321], [""OTHER"", 591, 30, 551], [""스비기한"", 668, 43, 67], [""2026.05.15까지"", 712, 55, 120]]"
000350,2027,05,15,2027-05-15,s1,4.24,"식품형 해바라기유 | ·제조업소:BASSO FEDELE& | 업소경및 FIGLI S.R.L. | 소지 수입판매업소:롯데쇼핑주 롯데마트 | 사업본부/서울특별시 송파구 올림피로 | 269（ | 소기한 제품의 별도 표기일까지(년/월/일 순) | 원 료명 100%） | 포장 질(내면) 용기:PET,뚜껑 :PE | 2027/05/15 | L51351N1G | 영양정보 100ml820kca 1.000m | 나륨0mg 0 % 0g0%0g | 91g169% | 콜레스테롤0mg 0% 단백질0g0% | 뚜평:LDPE 3004123017466 | 라벨:PP","[[""식품형"", 238, 31, 170], [""해바라기유"", 238, 28, 256], [""·제조업소:BASSO FEDELE&"", 264, 27, 263], [""업소경및"", 289, 28, 171], [""FIGLI S.R.L."", 282, 26, 264], [""수입판매업소:롯데쇼핑주 롯데마트"", 302, 27, 267], [""소지"", 312, 27, 179], [""사업본부/서울특별시 송파구 올림피로"", 320, 28, 266], [""269（"", 340, 27, 267], [""소기한"", 364, 28, 175], [""제품의 별도 표기일까지(년/월/일 순)"", 363, 30, 259], [""원"", 387, 20, 178], [""료명"", 388, 25, 189], [""100%）"", 386, 28, 239], [""포장 질(내면) 용기:PET,뚜껑 :PE"", 412, 30, 161], [""2027/05/15"", 568, 33, 293], [""L51351N1G"", 597, 34, 293], [""1.000m"", 641, 32, 409], [""영양정보"", 667, 52, 174], [""100ml820kca"", 662, 33, 399], [""0g0%0g"", 692, 39, 307], [""나륨0mg 0 %"", 704, 33, 170], [""91g169%"", 736, 33, 173], [""단백질0g0%"", 754, 33, 347], [""콜레스테롤0mg 0%"", 765, 36, 175], [""뚜평:LDPE"", 924, 24, 210], [""3004123017466"", 924, 49, 314], [""라벨:PP"", 940, 24, 217]]"
000354,2027,07,06,2027-07-06,s1,5.71,"L525 조원:농업회사법인 데이웰(주) | /전북무 264-34 | 유통전문판매원 알티스트 /서울특별시영등포구 | 人堂15,12 원재료명 및 함량 알물로스 시럽, | 효소처 테비아,나한과추출분말 | (나한 量100%/ | 품목보고번호:20 496065261 | 피하시고개봉후에 껑을 달아 서늘한 곳에 보관하십시오 | 포장T 용기(PET)/뚜껑(PE) | 소비자 상담실:02 13-3388 | 구입처 주의사항본제 우유메밀 땅콩 대두,밀 복숭아토마토 | 호두를 사용한 제품 은 제조시설에서 제조하고 있습니다. | 흐르는 제형으로 사용 양 조절에 유의하세요 보관중 침전이 | 생길수있나알 스고유성분이미로 안심하고 드셔도 | 좋습니다.사용후 부분에 내용물이 군으면 잘 안 열릴 수 | 있어미로잘닦아 닫아서 보관해주십시오 취급부주의로 | 인한 포창 파손 될 가능성이 있으니드시지 마시고 | 하시기바랍니다. | 본 제품은 공정거래위원회 고시 소비자분장해결 기준에 의거 교환 | 또는 보상받으실 수 있습니다. | 1139 | 영양정보 警5258 | 100g15kcal | 67g | 소비기한: 2027.07.06 | HACCP | 뚜껑:PE 8809568426084 | 라벨:PP | ALTist'","[[""조원:농업회사법인 데이웰(주)"", 20, 42, 310], [""L525"", 25, 42, 205], [""264-34"", 40, 40, 316], [""/전북무"", 44, 38, 225], [""알티스트 /서울특별시영등포구"", 64, 45, 316], [""유통전문판매원"", 68, 46, 196], [""원재료명 및 함량 알물로스 시럽,"", 86, 45, 317], [""人堂15,12"", 89, 48, 192], [""테비아,나한과추출분말"", 105, 44, 316], [""효소처"", 108, 36, 245], [""(나한"", 132, 32, 255], [""量100%/"", 129, 37, 318], [""496065261"", 154, 45, 316], [""품목보고번호:20"", 158, 43, 182], [""껑을 달아 서늘한 곳에 보관하십시오"", 176, 44, 317], [""피하시고개봉후에"", 182, 39, 180], [""포장T"", 201, 26, 260], [""용기(PET)/뚜껑(PE)"", 196, 31, 319], [""13-3388"", 221, 40, 314], [""소비자 상담실:02"", 227, 38, 179], [""우유메밀 땅콩 대두,밀 복숭아토마토"", 245, 42, 325], [""구입처 주의사항본제"", 249, 44, 161], [""은 제조시설에서 제조하고 있습니다."", 268, 41, 320], [""호두를 사용한 제품"", 272, 38, 173], [""양 조절에 유의하세요 보관중 침전이"", 290, 37, 321], [""흐르는 제형으로 사용"", 294, 36, 171], [""스고유성분이미로 안심하고 드셔도"", 314, 35, 324], [""생길수있나알"", 318, 39, 178], [""부분에 내용물이 군으면 잘 안 열릴 수"", 336, 37, 318], [""좋습니다.사용후"", 342, 41, 174], [""닫아서 보관해주십시오 취급부주의로"", 360, 39, 321], [""있어미로잘닦아"", 365, 36, 169], [""인한 포창 파손"", 388, 35, 184], [""될 가능성이 있으니드시지 마시고"", 384, 29, 323], [""하시기바랍니다."", 407, 26, 324], [""본 제품은 공정거래위원회 고시 소비자분장해결 기준에 의거 교환"", 432, 46, 160], [""또는 보상받으실 수 있습니다."", 455, 33, 268], [""1139"", 480, 35, 241], [""警5258"", 514, 21, 457], [""영양정보"", 530, 33, 198], [""100g15kcal"", 533, 26, 440], [""67g"", 588, 25, 193], [""소비기한:"", 672, 27, 199], [""2027.07.06"", 680, 38, 300], [""HACCP"", 774, 20, 208], [""뚜껑:PE"", 795, 28, 272], [""8809568426084"", 796, 35, 348], [""라벨:PP"", 816, 27, 273], [""ALTist'"", 854, 38, 326]]"
000356,2027,03,17,2027-03-17,s1,4.25,"제조원 566 | 유통전문 (주)사조대림/경기도 | 판매원 125 | 포장재질 용기-폴리에틸렌테레프탈레이트 | (내면)우껑-폴리에틸렌 | 199104430241681 | 보관방법실온보관(개봉 후 냉장보관) | -본 제품은 공정거래위원회 고시소비자 분쟁해 | 결기준에의거 교환 또는 보상받을수 있습니다. | -반품 및 교환장소:구입처 및고객상담실-고객 | ：080-900-6133(）dr.sajo.0 | .kr-본제품은 밀,달갈,대두,우유,고등어게,새우 | 쇠고기,닭고기오징어 돼지고기 토마토 메밀,땅 | 콩,복숭아, 아황산류 호두 조개류굴,전복,홍합 포 | 함)를 사용한 제품과 같은 제조시설에서 제조하 | 고 있습니다.-원료에서 기인한 침전물이 발생할 | 수 있으니 흔들어서 사용해주세요. | 1399 | 8801039006610 LDPE OTHER | 소비기한 | 2027.03.17 A | 500g/10032kcal | 7.886mg 394 %不0g 0% | 탄수화물5g 2% 트랜스지방Og | 당류3g 3% 포화지방0g 0% | 0mg0%3 5%","[[""제조원"", 24, 33, 129], [""566"", 25, 31, 192], [""유통전문"", 60, 34, 126], [""(주)사조대림/경기도"", 52, 31, 193], [""판매원"", 81, 30, 131], [""125"", 72, 32, 191], [""포장재질 용기-폴리에틸렌테레프탈레이트"", 101, 44, 126], [""(내면)우껑-폴리에틸렌"", 124, 47, 133], [""199104430241681"", 150, 47, 126], [""보관방법실온보관(개봉 후 냉장보관)"", 177, 46, 139], [""-본 제품은 공정거래위원회 고시소비자 분쟁해"", 206, 49, 132], [""결기준에의거 교환 또는 보상받을수 있습니다."", 233, 50, 130], [""-반품 및 교환장소:구입처 및고객상담실-고객"", 259, 50, 134], [""：080-900-6133(）dr.sajo.0"", 286, 51, 132], ["".kr-본제품은 밀,달갈,대두,우유,고등어게,새우"", 314, 46, 134], [""쇠고기,닭고기오징어 돼지고기 토마토 메밀,땅"", 340, 46, 136], [""콩,복숭아, 아황산류 호두 조개류굴,전복,홍합 포"", 368, 49, 135], [""함)를 사용한 제품과 같은 제조시설에서 제조하"", 396, 47, 136], [""고 있습니다.-원료에서 기인한 침전물이 발생할"", 424, 46, 136], [""수 있으니 흔들어서 사용해주세요."", 452, 43, 139], [""1399"", 480, 43, 144], [""LDPE"", 578, 21, 390], [""8801039006610"", 594, 43, 154], [""OTHER"", 592, 24, 389], [""소비기한"", 644, 35, 144], [""2027.03.17 A"", 683, 74, 225], [""500g/10032kcal"", 737, 48, 149], [""0%"", 754, 27, 434], [""7.886mg 394 %不0g"", 769, 47, 147], [""2%"", 795, 35, 293], [""트랜스지방Og"", 786, 37, 348], [""탄수화물5g"", 804, 33, 150], [""3%"", 825, 38, 293], [""포화지방0g 0%"", 812, 46, 349], [""당류3g"", 834, 35, 174], [""5%"", 832, 25, 451], [""0mg0%3"", 857, 63, 150]]"
000359,2026,06,16,2026-06-16,det5,2.13,2026.06.16 까지A | 안전은 정보 아속,"[[""2026.06.16 까지A"", 490, 34, 229], [""안전은"", 518, 37, 189], [""정보"", 516, 38, 307], [""아속"", 514, 35, 498]]"
000360,2026,02,13,2026-02-13,erode3,9.46,"25.08.19 정조 | 26. 02. 13 까지 | 화류멸치볶음 게 특첨가 | 정장원이 만든 더욱 맛있는 반찬 | 원 반찬은?내 카의 맛과 영양을위한 현명한선택입니다. | 원과와 메치를 따트 볶아 더 고소하고 바삭합니다. | 강정원 견과류밀치볶은 식품유형 조류(균제 | 포면상단표 7 품목보고번호 200304490095 | 내포장재질 리프로렌 | 마는.이질는 정재소을,소스 이재동","[[""특첨가"", 558, 56, 475], [""정장원이 만든 더욱 맛있는 반찬"", 640, 40, 47], [""원 반찬은?내 카의 맛과 영양을위한 현명한선택입니다."", 678, 48, 0], [""원과와 메치를 따트 볶아 더 고소하고 바삭합니다."", 706, 39, 7], [""강정원 견과류밀치볶은"", 759, 29, 23], [""식품유형"", 766, 27, 250], [""조류(균제"", 762, 33, 343], [""포면상단표"", 786, 17, 33], [""7"", 786, 9, 151], [""품목보고번호"", 790, 23, 239], [""200304490095"", 784, 34, 350], [""내포장재질"", 813, 26, 243], [""리프로렌"", 808, 38, 340], [""25.08.19"", 340, 39, 355], [""26. 02. 13"", 373, 37, 356], [""정조"", 336, 35, 542], [""까지"", 369, 36, 543], [""화류멸치볶음"", 538, 86, 5], [""게"", 518, 105, 433], [""마는.이질는 정재소을,소스 이재동"", 852, 67, 199]]"
000364,2026,06,04,2026-06-04,det5,3.09,"차동왼장씨 부대지게 | Don gwon | 60g 소비기한 | 하남산 153-2 | .com 2026.06.04까지 | 차톨양 | 된장A 수라차톨된장찌개가 맛있는 이유 | 아채혼 | 건표고 온도 | L-글루 자사기존방식 | 농축액, 자사개선방식 | 출물 20%단축 열처리시간 | 함유 시간 | 재료의 맛을 제대료 첨단설비로 열처리 시간을20% 이상 단축시켜 단끼개대보","[[""차동왼장씨"", 46, 87, 80], [""부대지게"", 59, 60, 411], [""Don gwon"", 353, 42, 323], [""60g"", 468, 37, 0], [""소비기한"", 468, 31, 122], [""하남산"", 541, 36, 0], [""153-2"", 544, 41, 174], ["".com"", 570, 25, 0], [""2026.06.04까지"", 570, 45, 173], [""차톨양"", 640, 44, 0], [""된장A"", 680, 35, 1], [""수라차톨된장찌개가 맛있는 이유"", 695, 59, 125], [""아채혼"", 713, 32, 0], [""건표고"", 746, 35, 0], [""온도"", 740, 18, 142], [""자사기존방식"", 765, 30, 374], [""L-글루"", 781, 44, 0], [""농축액,"", 814, 45, 0], [""자사개선방식"", 806, 39, 413], [""출물"", 849, 41, 0], [""열처리시간"", 845, 20, 227], [""20%단축"", 861, 23, 228], [""함유"", 890, 45, 0], [""시간"", 900, 20, 469], [""첨단설비로 열처리 시간을20% 이상 단축시켜"", 932, 45, 157], [""재료의 맛을 제대료"", 951, 17, 156], [""단끼개대보"", 950, 21, 446]]"
000368,2026,09,22,2026-09-22,det5,9.26,"SBCRET | 고기를질게 RBCTPE 영양정보 240/kcal | 다져구현한 L巨号960mg48%量13 4% | 정통 유니짜장 白异 11g 11% 15g28% | 장을 트랜스지방0g 포화지방4.2g 28% | 量40mg13%E g 24% | （%2.000kcal 므5 | 개인의 필요 열량에 따라 다를 수 있습니다. | 4 0U | 비닐류 | OTHER 26.09.22.06:19 F3.7) 까지 | 꿀는물이용시 | 1促10岁 Z(700W) 꿀는 물에 제품을봉지째 넣고 3분 간데워드십시오 | 0초 *꿀는 물 이용시 파우치믿면(스패당 부분)에 뜨거운물이 고여 화상의 우려가 있으니주의하십시오*개봉시 내용이 퇴지 없드록 | 지 개봉하여주시기 바랍니다. 조리시뚜는근처의내용물을는곳아래로후개봉하십시오*가열후에는우치및내용물이매우거주하십시오 | 제품명 오즈키친 정통직화유니짜장 | 유형 측석조리식품 | 카라엘색소덱스트린,효모추물 대파,참맛짜장양념분 향미증진제 | 난각분말,생강 | 국 | 상 | 원드선정 | 의 상량","[[""SBCRET"", 160, 24, 133], [""영양정보"", 182, 51, 234], [""240/kcal"", 174, 41, 517], [""RBCTPE"", 173, 24, 132], [""고기를질게"", 194, 29, 107], [""4%"", 206, 31, 567], [""다져구현한"", 215, 30, 109], [""L巨号960mg48%量13"", 211, 54, 237], [""정통 유니짜장"", 237, 44, 100], [""白异 11g 11%"", 246, 44, 239], [""15g28%"", 236, 44, 410], [""28%"", 262, 36, 542], [""장을"", 276, 28, 0], [""트랜스지방0g"", 275, 38, 241], [""포화지방4.2g"", 266, 43, 404], [""g 24%"", 295, 32, 555], [""量40mg13%E"", 302, 55, 241], [""므5"", 330, 29, 584], [""（%2.000kcal"", 335, 43, 252], [""개인의 필요 열량에 따라 다를 수 있습니다."", 351, 44, 308], [""4"", 410, 27, 57], [""0U"", 408, 27, 121], [""비닐류"", 438, 38, 43], [""26.09.22.06:19 F3.7)"", 454, 42, 293], [""까지"", 469, 40, 587], [""OTHER"", 486, 27, 25], [""꿀는물이용시"", 521, 34, 124], [""1促10岁"", 546, 32, 1], [""Z(700W)"", 547, 24, 64], [""꿀는 물에 제품을봉지째 넣고 3분"", 544, 33, 122], [""간데워드십시오"", 543, 30, 311], [""0초"", 574, 25, 0], [""*꿀는 물 이용시 파우치믿면(스패당 부분)에 뜨거운물이 고여 화상의 우려가 있으니주의하십시오*개봉시"", 570, 29, 125], [""내용이 퇴지 없드록"", 568, 34, 549], [""지 개봉하여주시기 바랍니다."", 598, 29, 0], [""조리시뚜는근처의내용물을는곳아래로후개봉하십시오*가열후에는우치및내용물이매우거주하십시오"", 596, 37, 126], [""제품명"", 646, 32, 99], [""오즈키친 정통직화유니짜장"", 646, 32, 161], [""유형"", 679, 34, 109], [""측석조리식품"", 678, 33, 168], [""카라엘색소덱스트린,효모추물 대파,참맛짜장양념분"", 832, 61, 88], [""향미증진제"", 812, 58, 557], [""난각분말,생강"", 864, 37, 93], [""국"", 888, 19, 2], [""상"", 910, 25, 0], [""원드선정"", 932, 33, 0], [""의 상량"", 952, 15, 0]]"
000369,2027,06,25,2027-06-25,s1,1.08,대세씨 사오사이 | 런짜장 S1 2027. 06. 25 | 까지 | 3·분·요·리,"[[""대세씨 사오사이"", 26, 57, 367], [""S1 2027. 06. 25"", 431, 47, 233], [""런짜장"", 470, 110, 0], [""까지"", 486, 29, 487], [""3·분·요·리"", 542, 50, 36]]"
000373,NONE,02,08,NONE-02-08,s1,2.08,"우리쌀쇠고기 스프 | 식품유형 축석조리식품 | 소재지 | 입가능성이있습니다. 1일영양성분 | 영양정보 총내용량당 기준치에대한비를 총내용량당 기준치에대한비를 | L三号1,360mg 68% 지방5.1g 9% | 탄수화물45g 14% 트랜스지방0g | 총내용량60g 당류17g 17% 포화지방3.1g 21% | 237kcal 콜레스테롤10mg 3% 단백질2.8g 5% | 소비기한 | 로므르트스 모크, 1들 HACCP 비닐류 | OTHER | 8809847090135","[[""우리쌀쇠고기 스프"", 49, 50, 174], [""식품유형 축석조리식품"", 83, 36, 114], [""소재지"", 116, 25, 116], [""입가능성이있습니다."", 348, 39, 93], [""1일영양성분"", 358, 29, 565], [""총내용량당"", 376, 23, 188], [""총내용량당"", 368, 30, 422], [""기준치에대한비를"", 371, 30, 534], [""영양정보"", 388, 51, 76], [""기준치에대한비를"", 380, 24, 300], [""L三号1,360mg"", 404, 29, 185], [""68%"", 402, 21, 365], [""지방5.1g"", 398, 27, 426], [""9%"", 400, 31, 606], [""탄수화물45g"", 432, 33, 184], [""14%"", 427, 24, 365], [""트랜스지방0g"", 423, 26, 446], [""총내용량60g"", 447, 40, 74], [""당류17g"", 458, 29, 200], [""17%"", 452, 25, 365], [""포화지방3.1g"", 450, 27, 448], [""21%"", 452, 29, 608], [""237kcal"", 480, 43, 69], [""콜레스테롤10mg"", 484, 31, 182], [""3%"", 481, 26, 377], [""단백질2.8g"", 480, 29, 431], [""5%"", 478, 29, 621], [""소비기한"", 566, 27, 218], [""HACCP"", 578, 20, 541], [""로므르트스 모크, 1들"", 590, 37, 251], [""비닐류"", 584, 25, 631], [""OTHER"", 622, 28, 610], [""8809847090135"", 635, 28, 49]]"
000374,2026,08,28,2026-08-28,s1,2.97,"식 그대로 재료 본연의 값은 맛 Donguor | 단괄죽 1등 | 420g 소비기한 | 광주광역시 광산구 하남산 2026.08.28 | (www.dongwonfnb.com) | 도시일까지 | 12.0%（) | 밤7.0%,설탕,비타민C,산 든든한아침을 책임지는 | 금, 산도조절제B),고운앙금 한끼 건강식 양반죽 | 설탕,정제수,팔24%, 물엿,정 양반죽은 전롱죽에현대적인 가치를더하여 | 정제소금 雪5.7%（香60%叫 모든재료를한번에 넣고오랜시간저으면서끌여내는 | 폴리프로필렌 양반죽은 맛과영양을제대로 담아내어 | 19950227050186 한끼의품격을을리는건강식입니다. | 토,돼지고기,메밀, 알류,땅고 아, 아황산류대루,밀,쇠고기,조 양반죽 1등비법 밤단팔죽은? | 굴포함),오정어,새우,우유게 용한제품과 같은 제조시설에서 제 재료 본연의 맛이 살아 있는 | ·보관방법:1.실혼보관(냉장및 국내산 참쌀과 입쌀 쌀알이굵고깨지지 있은 | )2.개봉한 제품은변질의 우려가 | 한번에 드십시오.·조리 시 제품과 | 나안전사고에 주의하십시오 | 에 손을 베일 수있으니 주의하십실 3(무)첨가","[[""식 그대로 재료 본연의 값은 맛"", 222, 25, 4], [""Donguor"", 225, 44, 415], [""단괄죽"", 268, 77, 1], [""1등"", 268, 38, 198], [""420g"", 338, 34, 42], [""소비기한"", 340, 36, 250], [""광주광역시 광산구 하남산"", 399, 32, 2], [""2026.08.28"", 415, 59, 296], [""(www.dongwonfnb.com)"", 426, 34, 0], [""도시일까지"", 456, 27, 0], [""12.0%（)"", 486, 35, 0], [""밤7.0%,설탕,비타민C,산"", 518, 42, 0], [""든든한아침을 책임지는"", 514, 35, 336], [""금, 산도조절제B),고운앙금"", 545, 41, 0], [""한끼 건강식 양반죽"", 540, 37, 337], [""설탕,정제수,팔24%, 물엿,정"", 572, 46, 0], [""雪5.7%（香60%叫"", 597, 52, 0], [""양반죽은 전롱죽에현대적인 가치를더하여"", 568, 37, 301], [""정제소금"", 618, 36, 0], [""모든재료를한번에 넣고오랜시간저으면서끌여내는"", 611, 48, 273], [""폴리프로필렌"", 646, 43, 0], [""19950227050186"", 676, 49, 0], [""양반죽은 맛과영양을제대로 담아내어"", 654, 39, 317], [""한끼의품격을을리는건강식입니다."", 674, 37, 321], [""토,돼지고기,메밀, 알류,땅고"", 710, 67, 0], [""아, 아황산류대루,밀,쇠고기,조"", 734, 68, 0], [""굴포함),오정어,새우,우유게"", 758, 70, 0], [""양반죽 1등비법 밤단팔죽은?"", 726, 48, 264], [""용한제품과 같은 제조시설에서 제"", 782, 71, 0], [""·보관방법:1.실혼보관(냉장및"", 807, 72, 0], [""재료 본연의 맛이 살아 있는"", 774, 31, 358], ["")2.개봉한 제품은변질의 우려가"", 831, 74, 0], [""쌀알이굵고깨지지 있은"", 794, 67, 438], [""한번에 드십시오.·조리 시 제품과"", 854, 75, 0], [""국내산 참쌀과 입쌀"", 816, 49, 444], [""나안전사고에 주의하십시오"", 876, 73, 0], [""에 손을 베일 수있으니 주의하십실"", 902, 79, 0], [""3(무)첨가"", 893, 45, 441]]"
000375,2026,05,31,2026-05-31,s1,3.53,"소비 0 A2 26- 05.31 22:36 까지 | 기한 | 맛있는 죽의 기준이 되다 | 햇반 쌀전문가‘햇반’이 찾아낸,맛의 차이를 만드는 레시피 | 100% | √고소한 전복내장과 쫄깃한 전복의 | 살아있는 식감 | 전복내장죽 √정성들여 끓여낸 깊은 맛의 양지육수 | 한반 전복내장죽 조리방법 제품명 전복내장죽 | 인레인지조리시 식품의 유형 즉석조리식품 | 치상단'안전절취선'을1/2정도개봉하여 내용량 420g | 레인지에 닿지 않도록 상단을 접은후. 업소명및 씨이제일제당주식회사/ | 놓고 아래 기준에맞춰 조리해주세요. 소재지 210 | 700W 1000W 정제수,멥쌀(국산), 참고둥살[외를 | 2号30左 2분 | 아루마니아, 튀르키예 등)],표페 | 국산),새송이버섯,전복살[외권 | 이시아 인도네시아등)참","[[""26- 05.31"", 393, 29, 207], [""22:36"", 387, 34, 422], [""소비"", 396, 22, 63], [""0 A2"", 402, 29, 102], [""까지"", 398, 23, 644], [""기한"", 416, 27, 63], [""맛있는 죽의 기준이 되다"", 504, 48, 309], [""햇반"", 556, 93, 106], [""쌀전문가‘햇반’이 찾아낸,맛의 차이를 만드는 레시피"", 540, 46, 283], [""100%"", 582, 28, 288], [""√고소한 전복내장과 쫄깃한 전복의"", 610, 30, 287], [""살아있는 식감"", 635, 30, 306], [""전복내장죽"", 674, 60, 65], [""√정성들여 끓여낸 깊은 맛의 양지육수"", 661, 32, 295], [""제품명"", 738, 25, 412], [""전복내장죽"", 734, 26, 478], [""한반 전복내장죽 조리방법"", 745, 29, 60], [""인레인지조리시"", 772, 33, 61], [""식품의 유형"", 762, 29, 401], [""즉석조리식품"", 758, 27, 480], [""치상단'안전절취선'을1/2정도개봉하여"", 796, 39, 60], [""내용량"", 786, 32, 413], [""420g"", 784, 28, 482], [""레인지에 닿지 않도록 상단을 접은후."", 818, 34, 70], [""업소명및"", 810, 29, 409], [""씨이제일제당주식회사/"", 807, 28, 485], [""소재지"", 831, 24, 417], [""210"", 828, 31, 487], [""놓고 아래 기준에맞춰 조리해주세요."", 840, 33, 95], [""700W"", 866, 21, 120], [""1000W"", 868, 25, 216], [""정제수,멥쌀(국산), 참고둥살[외를"", 870, 41, 489], [""2号30左"", 887, 31, 112], [""2분"", 892, 25, 226], [""아루마니아, 튀르키예 등)],표페"", 897, 42, 490], [""국산),새송이버섯,전복살[외권"", 926, 47, 493], [""이시아 인도네시아등)참"", 948, 30, 492]]"
000379,2026,09,05,2026-09-05,s1,3.45,"영양정보 #LH159 | 三喜2mg0%E个量14g4% 13913% | 클레스테Omg0% 단백질0g 0% | 050926 18049731306914 | 2.13 50693519301171138095480 | 식품유형 캔디류 LH15g（60kcal） | OTHE | 원재료명 | 포장재진 구연산,구연산심니","[[""영양정보"", 268, 27, 34], [""#LH159"", 267, 30, 280], [""三喜2mg0%E个量14g4%"", 294, 25, 30], [""13913%"", 294, 23, 302], [""클레스테Omg0%"", 334, 25, 35], [""단백질0g 0%"", 332, 26, 210], [""050926"", 437, 34, 108], [""18049731306914"", 449, 40, 468], [""2.13"", 472, 35, 109], [""50693519301171138095480"", 483, 50, 463], [""식품유형 캔디류"", 687, 50, 62], [""LH15g（60kcal）"", 694, 33, 226], [""OTHE"", 714, 33, 600], [""원재료명"", 772, 35, 67], [""포장재진"", 800, 39, 64], [""구연산,구연산심니"", 790, 27, 117]]"
000383,2026,04,03,2026-04-03,s1,2.52,"HIEI500 | 젤리 | 제조원2층) 소비기한 후면표기일까지(연, 월,일) | 포장재질 폴리에틸렌 20170484590109 | 소비기한 | 2026.04.03 E | 까지 | 소비기한을 꼭!확인하세요 | 名489 HACCP | 160kcal | 트랜스지방 0g 포화지방0g 0% 비닐류 | 단백질 4g 7% OTHER","[[""HIEI500"", 218, 56, 239], [""젤리"", 284, 35, 271], [""제조원2층)"", 404, 34, 75], [""소비기한 후면표기일까지(연, 월,일)"", 397, 46, 166], [""20170484590109"", 413, 45, 301], [""포장재질 폴리에틸렌"", 432, 39, 78], [""소비기한"", 668, 29, 297], [""2026.04.03 E"", 693, 40, 356], [""까지"", 716, 23, 531], [""소비기한을 꼭!확인하세요"", 764, 67, 328], [""名489"", 791, 39, 414], [""HACCP"", 788, 24, 501], [""160kcal"", 810, 38, 426], [""트랜스지방 0g"", 874, 42, 186], [""비닐류"", 856, 21, 510], [""포화지방0g 0%"", 874, 33, 279], [""단백질 4g 7%"", 899, 40, 194], [""OTHER"", 888, 27, 498]]"
000387,2027,01,21,2027-01-21,s1,1.53,로당 홍삼농축액 | (薯合含是50mg/g | 분 60%이상 | 국산) 8% | 소비기한:2027.01.21 까지,"[[""로당 홍삼농축액"", 699, 32, 195], [""(薯合含是50mg/g"", 720, 30, 186], [""분 60%이상"", 742, 23, 224], [""국산) 8%"", 763, 34, 184], [""소비기한:2027.01.21"", 858, 31, 102], [""까지"", 862, 27, 405]]"
000391,2026,12,10,2026-12-10,s1,2.06,"4,500 | 누텔리 | 소비기한.2026.1210지 g0g당 1, | 연고농장 | YEON GO FARM | VEGAN | We deliver a cup of tea to a very precious | 박하차 티백 | [국내산]박한 | 25ea（1g/1日叫） | 식품의유형:침출차 | ：20180564 | “정직하게 볶았습니다. | Honestly roasted","[[""4,500"", 44, 62, 139], [""누텔리"", 54, 38, 661], [""소비기한.2026.1210지"", 122, 43, 329], [""g0g당 1,"", 126, 28, 677], [""연고농장"", 452, 69, 223], [""YEON GO FARM"", 494, 27, 266], [""VEGAN"", 570, 23, 255], [""We deliver a cup of tea to a very precious"", 603, 34, 217], [""박하차 티백"", 696, 43, 281], [""[국내산]박한"", 727, 30, 285], [""25ea（1g/1日叫）"", 764, 41, 279], [""식품의유형:침출차"", 790, 30, 306], [""：20180564"", 806, 34, 267], [""“정직하게 볶았습니다."", 850, 50, 244], [""Honestly roasted"", 872, 41, 278]]"
000392,2025,08,29,2025-08-29,s1,2.29,"SORION | THE | 실속형 2배UP 응가중량 대비 | 소비기한 | 간편하게 즐기는 | 25:08:29 14:52 | 깔끔한 더 자일리톨 26,08.28 | THE 용기 또는 파우치에 리필해서 드세요! | KYLITOL | 달지않아 깔끔한더자일리톨 | 더 드립니다 | 복숭아맛 | OTHER | 19870415003279","[[""SORION"", 62, 29, 216], [""THE"", 134, 74, 336], [""실속형"", 326, 163, 0], [""2배UP"", 293, 78, 357], [""응가중량 대비"", 335, 33, 428], [""소비기한"", 403, 22, 357], [""간편하게 즐기는"", 440, 46, 56], [""25:08:29 14:52"", 453, 28, 384], [""26,08.28"", 472, 25, 384], [""깔끔한 더 자일리톨"", 491, 54, 28], [""용기 또는 파우치에 리필해서 드세요!"", 552, 31, 342], [""THE"", 582, 60, 114], [""KYLITOL"", 643, 80, 52], [""달지않아 깔끔한더자일리톨"", 690, 38, 84], [""더"", 753, 114, 123], [""드립니다"", 718, 56, 214], [""복숭아맛"", 829, 27, 157], [""OTHER"", 910, 28, 257], [""19870415003279"", 919, 42, 326]]"
000394,2026,04,14,2026-04-14,det5,12.95,"죽장연 개장 인지조 | 축장연은 마을 이를측장연과자연을 | 0号三量个看01100% | 지역에서생산되는원료와전통방식으로 | 직접 장을 만드는브랜드입니다. | 원료명된장대두(외 | 수,된장2대두 | BE바 | 사골에 시준 | 대두밀쇠고기 함유 | 号20010445055895 | 우유,새우,돼지고기닭고기,토마톤,란,온징어게조개류 굴,통합전 | 함),잣,이황산류 혼입가능소비자법에 따라피해 보상 부정 | 이사이 일을 때(부문 제품 등)는 드시지 시고구입 에서 교환하 | 광을 피하여 실온에 보관하십시 | 조리방 재료 1/4左（80g） 영양정보 香202kcal | 200g）1（8g）30g400 총 내용량당 1일영양성분 주 마한내을 | 나트륨 3.300mg165% | 3. 6분 탄수하물 39g 12% | 6g 6% | 지방 59 9% | 트랜스 방09 4 | 감재박,두분 묵배기에물,양 깊어오는 하지방 0.9g 6% | 쌀어준비합니다. 감자,매호박을넣 4분간 행이버섯을넣고 2분 인두부 콜레스테롤 mg 0% | 간 더좋여완성합니다. 단백질 %）200kca7 15% | 1일영양성분 기준대 이므로개인의요열량 따라다를수있습니 | 오뚜기 | 함사 오뚜기 다있다! mal | 내소면 내품식 128 ACCP 비닐류 녹색인증 881045728834 | 국가한품기포장지 | OTHER ：G1-23-0679 | 2026.04.14까지 F345153","[[""죽장연"", 20, 42, 110], [""개장"", 22, 44, 221], [""인지조"", 18, 21, 685], [""축장연은 마을 이를측장연과자연을"", 95, 36, 134], [""0号三量个看01100%"", 107, 35, 133], [""지역에서생산되는원료와전통방식으로"", 120, 35, 133], [""직접 장을 만드는브랜드입니다."", 131, 32, 133], [""원료명된장대두(외"", 194, 38, 44], [""수,된장2대두"", 212, 31, 43], [""BE바"", 231, 16, 48], [""사골에"", 248, 17, 108], [""시준"", 252, 14, 305], [""대두밀쇠고기 함유"", 272, 29, 42], [""号20010445055895"", 294, 24, 47], [""우유,새우,돼지고기닭고기,토마톤,란,온징어게조개류"", 313, 34, 53], [""굴,통합전"", 322, 40, 454], [""함),잣,이황산류 혼입가능소비자법에 따라피해 보상"", 333, 39, 41], [""부정"", 338, 28, 460], [""이사이 일을 때(부문 제품 등)는 드시지"", 375, 32, 49], [""시고구입"", 374, 23, 275], [""에서 교환하"", 371, 28, 395], [""광을 피하여 실온에 보관하십시"", 395, 28, 50], [""영양정보"", 422, 33, 368], [""조리방"", 429, 25, 55], [""香202kcal"", 432, 43, 439], [""재료"", 432, 11, 146], [""1/4左（80g）"", 432, 25, 186], [""200g）1（8g）30g400"", 454, 26, 59], [""총 내용량당"", 446, 21, 370], [""1일영양성분"", 450, 25, 466], [""주 마한내을"", 455, 29, 503], [""나트륨"", 466, 25, 371], [""3.300mg165%"", 472, 31, 463], [""3."", 484, 22, 248], [""6분"", 494, 28, 317], [""탄수하물"", 487, 32, 367], [""39g"", 492, 33, 460], [""12%"", 498, 21, 539], [""6g"", 516, 33, 459], [""6%"", 518, 25, 542], [""지방"", 536, 24, 376], [""59"", 538, 31, 460], [""9%"", 540, 25, 541], [""트랜스"", 558, 28, 378], [""방09"", 560, 37, 439], [""감재박,두분"", 568, 27, 46], [""묵배기에물,양"", 569, 26, 143], [""깊어오는"", 571, 26, 247], [""하지방"", 582, 31, 390], [""0.9g"", 584, 35, 459], [""4"", 566, 13, 539], [""감자,매호박을넣"", 590, 28, 140], [""4분간"", 592, 22, 249], [""인두부"", 594, 31, 279], [""6%"", 584, 25, 541], [""쌀어준비합니다."", 606, 31, 42], [""행이버섯을넣고 2분"", 614, 32, 250], [""콜레스테롤"", 607, 29, 367], [""mg"", 610, 29, 461], [""0%"", 607, 24, 541], [""간"", 634, 18, 247], [""더좋여완성합니다."", 636, 33, 254], [""단백질"", 630, 29, 365], [""15%"", 629, 24, 535], [""1일영양성분 기준대"", 650, 19, 364], [""%）200kca7"", 647, 20, 493], [""이므로개인의요열량 따라다를수있습니"", 662, 33, 400], [""오뚜기"", 674, 20, 202], [""오뚜기"", 700, 43, 96], [""mal"", 688, 25, 197], [""함사"", 700, 15, 82], [""다있다!"", 704, 26, 196], [""내소면 내품식"", 740, 44, 35], [""녹색인증"", 742, 39, 303], [""128"", 753, 24, 151], [""ACCP"", 750, 11, 204], [""비닐류"", 752, 24, 252], [""국가한품기포장지"", 766, 21, 292], [""881045728834"", 758, 39, 408], [""OTHER"", 780, 24, 238], [""：G1-23-0679"", 780, 25, 292], [""2026.04.14까지"", 842, 55, 118], [""F345153"", 838, 72, 331]]"
000397,2026,02,19,2026-02-19,s1,3.98,"정보 香610g | 100g65kcal | 560mg28%量10g3%异7g7% | 2.1g4%0.5g3% | 0mg0%2g4% | （%200cal | 기준이므로 개인의 필요 열량에 따라 다를 수 있습니다. | ·고등어,우유,게,새우,쇠고기,오징어 | 알류메밀, 복숭아,호두,잣,땅콩,아황산 | 류혼입가능·소비자분쟁해결기준에의 | 거,교환또는 보상가능·취급 시용기가 | 유리재질이므로 파손되어 다칠위험이있 유리 | 리를 확인하세요. | ODT 2026.02.19 16:16","[[""정보"", 382, 31, 272], [""香610g"", 383, 34, 437], [""100g65kcal"", 401, 34, 426], [""560mg28%量10g3%异7g7%"", 419, 46, 262], [""2.1g4%0.5g3%"", 440, 44, 250], [""0mg0%2g4%"", 460, 36, 235], [""（%200cal"", 484, 37, 235], [""기준이므로 개인의 필요 열량에 따라 다를 수 있습니다."", 504, 35, 235], [""·고등어,우유,게,새우,쇠고기,오징어"", 556, 35, 235], [""알류메밀, 복숭아,호두,잣,땅콩,아황산"", 577, 40, 228], [""류혼입가능·소비자분쟁해결기준에의"", 598, 43, 227], [""거,교환또는 보상가능·취급 시용기가"", 618, 43, 225], [""유리재질이므로 파손되어 다칠위험이있"", 639, 44, 226], [""유리"", 644, 23, 464], [""리를 확인하세요."", 676, 35, 224], [""ODT"", 722, 33, 180], [""2026.02.19 16:16"", 728, 29, 291]]"
000401,2027,04,12,2027-04-12,s1,1.56,SPAM SPAM | 스럼 스를 25 스럼 25리이E | 27.04.12까지2W19:35,"[[""SPAM"", 38, 77, 252], [""SPAM"", 66, 91, 0], [""스럼"", 54, 36, 521], [""25리이E"", 50, 35, 572], [""스를"", 85, 40, 265], [""25"", 82, 25, 329], [""스럼"", 116, 29, 15], [""27.04.12까지2W19:35"", 599, 36, 225]]"
000405,2027,10,15,2027-10-15,s1,2.77,"2027.10.15# | 15.393F16K | 하이라이스스스 | OTTYGI HASH | 2. 물을 약하게한이스스스를 조금씩 넣어충분히풀어습니다. | Kitchen | 유형 | 료명달 | 코아분말 쇠고기,닭고기,밀,토마토,우유 대두조개류(굴) 함유 | 포장재질 품 제조원 $줄싱횟삭 올뛴길 128 | 십시오 | 080024-2311）","[[""2027.10.15#"", 272, 25, 205], [""15.393F16K"", 291, 24, 231], [""하이라이스스스"", 326, 58, 158], [""OTTYGI HASH"", 364, 23, 248], [""2. 물을 약하게한이스스스를 조금씩 넣어충분히풀어습니다."", 514, 26, 324], [""Kitchen"", 590, 26, 200], [""유형"", 642, 20, 103], [""료명달"", 665, 26, 101], [""코아분말"", 756, 33, 101], [""쇠고기,닭고기,밀,토마토,우유 대두조개류(굴) 함유"", 754, 50, 270], [""포장재질 품"", 789, 34, 102], [""제조원"", 793, 24, 295], [""$줄싱횟삭 올뛴길"", 778, 31, 353], [""128"", 792, 40, 352], [""십시오"", 866, 33, 104], [""080024-2311）"", 894, 36, 206]]"
000406,2028,08,05,2028-08-05,s1,1.92,5.08.28 40- | 경기 연천 먹는생물 | 갈승lC | 무기물합량(mg/L) 241~28 | 칼습(Ca) 나트륨(Na) 칼륨(K) 그승Me) 불소(F) | 211-28.1 3.9~4.9 5.0~6.8 0.0~0.1 | 835-3568左 | 개업소명및,"[[""5.08.28 40-"", 422, 53, 239], [""경기 연천 먹는생물"", 491, 47, 232], [""갈승lC"", 698, 35, 669], [""무기물합량(mg/L)"", 737, 50, 146], [""241~28"", 718, 31, 668], [""칼습(Ca)"", 762, 35, 150], [""나트륨(Na)"", 769, 25, 214], [""칼륨(K)"", 770, 20, 288], [""그승Me)"", 764, 29, 349], [""불소(F)"", 758, 30, 412], [""211-28.1"", 783, 31, 153], [""3.9~4.9"", 791, 24, 215], [""5.0~6.8"", 786, 27, 353], [""0.0~0.1"", 779, 28, 410], [""835-3568左"", 859, 30, 305], [""개업소명및"", 880, 31, 337]]"
000410,2027,04,13,2027-04-13,s1,1.01,명읽은햇살생강분말 식품의 유형 천연향신료 | 卫194040409243 | ·기한 2027.04.13,"[[""명읽은햇살생강분말 식품의 유형"", 533, 40, 267], [""천연향신료"", 533, 24, 475], [""卫194040409243"", 603, 45, 265], [""·기한"", 622, 35, 262], [""2027.04.13"", 636, 33, 371]]"
000414,2026,04,07,2026-04-07,s1,0.76,2026.04.07까지 | 회요,"[[""2026.04.07까지"", 550, 33, 265], [""회요"", 917, 66, 629]]"
000415,NONE,NONE,NONE,NONE,fail,15.47,뚜 | 까스마스아 | 영양정보 | I0% 냉장보관이 8093 00 60g/15kcal 락과조사기 아삭아살 새콤달콤한 아삭아살 새콤달콤한 야식아식색지관7 아삭아삭 새콤달콤한 아삭아삭 새고닫골한 아삭아살 새콤달콤한 | 0 4 0 락 락과초사 락과초사기 락과초사기 과초사 | 든는곳 | 영양정보 영양정보 영양정보 양정보 #48960g/ 19kc 60g/5kca 60g/15kcal 4860g/15kcal 5-8093 8809307 8809307 1390034 390034 | 量391%弄00.8% | R% | 0% 냉장보관 냉장보관 냉장보관 OTHI OTHER OTHER OTHER 는곳 노뜯는곳 들는곳 | 15C리이조산락고 | 나기 U장J산함 JU/1UV 아삭아삭 새콤달콤한 아삭아삭 새콤달콤한 P | 락리초사 락리조사기 MTR | 영양정보 영양정보 4860g/15kcal 4860g/15kcal 8809307390034 88093071390034 | 售420mg21%午量3g1%异1g可0.8% | 비닐류 | 레스테톨Om오 0%단백질0g 0% 뚜는곳 뚜는곳 | 냉장보관OTHER 냉장보관OTHER,"[[""아삭아살 새콤달콤한"", 500, 47, 345], [""영양정보"", 652, 31, 224], [""60g/15kcal"", 648, 28, 344], [""8809307"", 658, 22, 465], [""노뜯는곳"", 712, 61, 588], [""1390034"", 656, 14, 539], [""냉장보관"", 726, 20, 468], [""OTHER"", 724, 18, 519], [""아삭아살 새콤달콤한"", 500, 49, 343], [""0"", 543, 104, 108], [""I0%"", 506, 19, 146], [""락"", 545, 100, 226], [""과초사"", 541, 102, 316], [""영양정보"", 652, 34, 221], [""60g/5kca"", 648, 33, 342], [""냉장보관"", 726, 17, 471], [""OTHER"", 724, 17, 518], [""는곳"", 716, 95, 570], [""야식아식색지관7"", 501, 45, 350], [""0"", 548, 61, 94], [""락과초사기"", 552, 126, 222], [""영양정보"", 653, 28, 226], [""#48960g/ 19kc"", 648, 22, 346], [""5-8093"", 659, 14, 470], [""R%"", 688, 28, 575], [""OTHI"", 725, 14, 522], [""들는곳"", 711, 62, 587], [""락과초사기"", 552, 121, 224], [""아삭아삭 새고닫골한"", 500, 45, 348], [""4"", 548, 104, 88], [""아삭아삭 새콤달콤한"", 500, 39, 350], [""락과초사"", 549, 102, 196], [""양정보"", 652, 14, 239], [""4860g/15kcal"", 648, 28, 345], [""8809307"", 658, 23, 465], [""390034"", 656, 14, 544], [""量391%弄00.8%"", 672, 30, 300], [""0%"", 712, 13, 406], [""냉장보관"", 726, 21, 470], [""OTHER"", 724, 17, 521], [""뚜"", 102, 33, 360], [""까스마스아"", 154, 21, 396], [""영양정보"", 259, 72, 294], [""락과조사기"", 421, 380, 360], [""60g/15kcal"", 395, 102, 299], [""아삭아살 새콤달콤한"", 450, 217, 436], [""냉장보관이"", 505, 66, 226], [""00"", 476, 15, 297], [""8093"", 504, 41, 296], [""든는곳"", 620, 70, 216], [""15C리이조산락고"", 902, 49, 235], [""아삭아삭 새콤달콤한"", 1000, 88, 698], [""락리초사"", 1098, 228, 363], [""영양정보"", 1306, 59, 445], [""4860g/15kcal"", 1296, 51, 691], [""8809307390034"", 1313, 42, 936], [""售420mg21%午量3g1%异1g可0.8%"", 1344, 54, 455], [""0%단백질0g"", 1427, 40, 638], [""0%"", 1422, 35, 808], [""레스테톨Om오"", 1432, 24, 469], [""냉장보관OTHER"", 1450, 37, 941], [""뚜는곳"", 1426, 126, 1174], [""아삭아삭 새콤달콤한"", 1002, 87, 694], [""나기"", 1092, 205, 177], [""U장J산함"", 1080, 186, 261], [""JU/1UV"", 1056, 135, 291], [""락리조사기"", 1102, 241, 439], [""P"", 1026, 14, 971], [""MTR"", 1086, 21, 1211], [""영양정보"", 1305, 52, 449], [""4860g/15kcal"", 1296, 53, 692], [""88093071390034"", 1312, 39, 938], [""비닐류"", 1396, 31, 1067], [""냉장보관OTHER"", 1449, 36, 940], [""뚜는곳"", 1425, 118, 1174]]"
000419,2026,08,05,2026-08-05,s1,1.26,웨하 | EASY CAP 0는법 소비기한 | 2026.08.05Y | 영양정보 | 총 코코아분말6% | 否号：75g[400kcal(15gX | 알레르기정보:옆면확인,"[[""웨하"", 384, 93, 615], [""EASY CAP 0는법"", 469, 23, 181], [""소비기한"", 472, 24, 247], [""2026.08.05Y"", 497, 38, 311], [""영양정보"", 550, 35, 272], [""총 코코아분말6%"", 722, 35, 537], [""否号：75g[400kcal(15gX"", 744, 43, 535], [""알레르기정보:옆면확인"", 759, 34, 534]]"
000423,2026,06,04,2026-06-04,s1,1.15,580 | 조보로 | 소보로 6봉입 제로쿠앤크 | 쇠퇴쇠복 소보로 2026.06.04 2025.06.05 맛있는약속,"[[""580"", 106, 74, 0], [""조보로"", 174, 61, 105], [""소보로"", 260, 103, 243], [""6봉입"", 238, 29, 650], [""제로쿠앤크"", 254, 25, 657], [""쇠퇴쇠복"", 495, 102, 86], [""소보로"", 486, 127, 103], [""2025.06.05"", 455, 38, 344], [""2026.06.04"", 497, 31, 346], [""맛있는약속"", 501, 20, 472]]"
000427,2027,04,01,2027-04-01,s1,0.70,한리 | 참치액 | 따라할수없는 |  7 원조의 맛과향 | 2027.04.01,"[[""한리"", 488, 47, 347], [""참치액"", 621, 184, 227], [""따라할수없는"", 716, 29, 329], ["" 7"", 742, 47, 237], [""원조의 맛과향"", 736, 29, 331], [""2027.04.01"", 812, 31, 314]]"
000429,2025,01,04,2025-01-04,erode5,11.89,CUPOF | BESPECI | 2025.01.04 | 41873557 06:59,"[[""2025.01.04"", 701, 36, 234], [""41873557"", 723, 31, 232], [""06:59"", 716, 36, 421], [""CUPOF"", 275, 69, 128], [""BESPECI"", 325, 72, 116]]"
000432,2027,04,28,2027-04-28,s1,2.16,"iBRew PLUS | SWEET BLACK COFFEE | 스위트 블랙커피 | BReW& OH* |   아이브루 | +플러스 | 80 2027,04.28 | 80 STICKS 0.099 0Z. (2.8 g / 10 kcal) | STICKS NET WT. 7.920Z.(224 g /800 kcal)","[[""iBRew"", 328, 112, 210], [""PLUS"", 359, 38, 473], [""SWEET BLACK COFFEE"", 415, 32, 242], [""스위트 블랙커피"", 448, 29, 286], [""BReW& OH*"", 504, 82, 414], ["" "", 652, 70, 220], [""아이브루"", 654, 58, 288], [""+플러스"", 699, 45, 302], [""80"", 848, 55, 186], [""2027,04.28"", 822, 31, 287], [""80 STICKS 0.099 0Z. (2.8 g / 10 kcal)"", 856, 37, 253], [""STICKS"", 882, 20, 188], [""NET WT. 7.920Z.(224 g /800 kcal)"", 879, 34, 252]]"
000433,2026,03,05,2026-03-05,s1,2.09,유기농 가루녹차 | 50 g 식품유형 고형차 | 100%（) | 포장재질 대포장:폴리프로필렌 | 보관방법 실온보관 | 제조원 (주)티젠 |  80-23 | 기한 | W2026.03.05 | 나·부정·불량식품신고 | 보관상주사항: | 보 | R.2및문의 | M1580247室 | eazenmall.com,"[[""유기농 가루녹차"", 346, 30, 284], [""50 g"", 376, 22, 289], [""식품유형"", 372, 29, 352], [""고형차"", 372, 25, 394], [""100%（)"", 400, 29, 286], [""포장재질"", 427, 30, 254], [""대포장:폴리프로필렌"", 426, 32, 287], [""보관방법"", 452, 33, 252], [""실온보관"", 452, 32, 289], [""제조원"", 474, 23, 254], [""(주)티젠"", 477, 24, 292], ["" 80-23"", 502, 33, 289], [""기한"", 547, 33, 250], [""W2026.03.05"", 578, 49, 294], [""나·부정·불량식품신고"", 661, 46, 260], [""보관상주사항:"", 684, 48, 261], [""보"", 702, 44, 260], [""R.2및문의"", 722, 41, 261], [""eazenmall.com"", 808, 36, 292], [""M1580247室"", 794, 25, 333]]"
000437,2025,11,19,2025-11-19,clahe,4.87,보출형 구껑양당처 | 부추관향% | 뉴케어 | LLT103070500E | 25 11. 19까지 | 71 32 | O로미z 은들어 드세요,"[[""보출형 구껑양당처"", 27, 38, 442], [""부추관향%"", 83, 56, 443], [""뉴케어"", 390, 50, 217], [""LLT103070500E"", 425, 25, 294], [""25"", 442, 23, 285], [""11."", 442, 17, 332], [""19까지"", 442, 19, 378], [""71"", 456, 18, 330], [""32"", 455, 16, 360], [""은들어 드세요"", 560, 109, 424], [""O로미z"", 562, 90, 218]]"
000440,2025,NONE,13,2025-NONE-13,fail,12.54,"IN | 동백 기형아출성위험을높입니다. 해손상이나 치매를 011399 늘한 곳에 보관 페닐알라닌함유), 입국,효모 927 de 므 08: | 나피 | 울한 | 22 원동:담물:13까지 25:88:1300 25:88:13 | 0ml 리식품유형영균택주  근탁주 리식품유형실균택주 m6% 에판율량알분6% 포 포 포이 천동 천동 천동 | ：（47.927% （47.927% 当（7.927% 0 이 | ,주산),입국, 기(국산,주산), 입국,모 미국산,주산),입국,모 국,효포 이 | 스페(감미료,페닐알라함유), 스페(김미료,페닐알라함유), 보단품 | 카린나트륨(감미료) 니(감미료) 카린나트륨(감미로) 밀함유 밀함유 밀함유 | 시일까지 기상단표시일까지 가상단표시일까지 9 | 6400  서한 곳에 보관 피하고서늘한 곳에 보관 피하고서늘한 곳에 보관 9 우기 | #01399 01399 | ,기에 손상이나 치매를 ,기역력 손상이나 치매를 | 는기아볶을입니다 | 25:88:1308 25:88：13 | 200ml 200ml 리및콜리식품유형살균탁주 우리젤약결리식품유형살균탁주 에탄올함량알콜분6% 에탄올함량알콜분6% 포천 동 | ，（）7.927% ，（7.927%， 이 이 | 기루(미국산,호주산),입국,모, 가루(미국산,호주산),입국,효모, 터륨이 | 스과담(감미료,페닐알라년함유) 스피(감미료,페닐알라닌함유), | 사카린나트륨(감미료) 사카린나트륨(감미료) 밀함유 밀함유 | 용가상단표시일까지 용기상단표시일까지 | 电201300150833 1031532-6400 0532-6400 품을피하고서늘한 곳에 보관 선을 피하고 서늘한 곳에 보관 우기 | 1% 300150833 ：801390 | 성이    입니 | 이동백트 이동백우","[[""25:88:13"", 524, 30, 315], ["" 근탁주"", 720, 41, 245], [""m6%"", 737, 38, 252], [""포이"", 746, 59, 395], [""천동"", 744, 63, 422], [""当（7.927%"", 755, 44, 248], [""기(국산,주산), 입국,모"", 773, 50, 248], [""니(감미료)"", 804, 42, 249], [""시일까지"", 821, 42, 250], [""밀함유"", 812, 23, 347], [""우기"", 864, 128, 422], ["" 서한 곳에 보관"", 843, 39, 273], [""22"", 564, 328, 40], [""리식품유형영균택주"", 719, 44, 243], [""：（47.927%"", 754, 45, 246], ["",주산),입국,"", 771, 48, 247], [""스페(감미료,페닐알라함유),"", 788, 47, 249], [""카린나트륨(감미료)"", 803, 40, 249], [""9"", 864, 161, 410], [""기상단표시일까지"", 821, 34, 257], [""밀함유"", 812, 22, 348], [""피하고서늘한 곳에 보관"", 843, 32, 277], [""#01399"", 888, 44, 273], ["",기역력 손상이나 치매를"", 904, 42, 277], [""원동:담물:13까지"", 523, 26, 315], [""포"", 735, 26, 401], [""천동"", 744, 61, 416], [""이"", 759, 16, 401], [""국,효포"", 776, 18, 347], [""보단품"", 796, 11, 357], [""이"", 794, 38, 391], [""25:88:1300"", 524, 28, 314], [""리식품유형실균택주"", 721, 34, 257], [""0ml"", 731, 14, 262], [""포"", 734, 27, 399], [""천동"", 746, 61, 425], [""（47.927%"", 754, 43, 249], [""에판율량알분6%"", 739, 28, 285], [""미국산,주산),입국,모"", 772, 45, 250], [""0"", 760, 12, 403], [""스페(김미료,페닐알라함유),"", 790, 49, 251], [""카린나트륨(감미로)"", 805, 36, 253], [""가상단표시일까지"", 822, 39, 258], [""밀함유"", 814, 21, 347], [""피하고서늘한 곳에 보관"", 844, 35, 277], [""9"", 854, 52, 442], [""6400"", 854, 10, 287], [""01399"", 890, 43, 276], ["",기에 손상이나 치매를"", 906, 41, 278], [""는기아볶을입니다"", 922, 40, 279], [""동백"", 300, 45, 0], [""기형아출성위험을높입니다."", 342, 109, 18], [""011399"", 350, 91, 53], [""늘한 곳에 보관"", 338, 56, 102], [""페닐알라닌함유),"", 344, 76, 155], [""해손상이나 치매를"", 359, 67, 39], [""IN"", 324, 15, 426], [""입국,효모"", 361, 56, 171], [""927"", 346, 25, 195], [""08:"", 370, 46, 423], [""de"", 364, 18, 192], [""므"", 380, 11, 195], [""나피"", 412, 29, 204], [""울한"", 438, 31, 187], [""25:88:1308"", 1048, 54, 632], [""우리젤약결리식품유형살균탁주"", 1439, 76, 498], [""200ml"", 1460, 44, 509], [""포천"", 1469, 104, 780], [""에탄올함량알콜분6%"", 1478, 49, 581], [""，（7.927%，"", 1508, 87, 497], [""동"", 1515, 64, 843], [""기루(미국산,호주산),입국,모,"", 1544, 93, 500], [""이"", 1522, 41, 799], [""스피(감미료,페닐알라닌함유),"", 1580, 91, 501], [""사카린나트륨(감미료)"", 1606, 77, 503], [""용기상단표시일까지"", 1638, 83, 500], [""밀함유"", 1625, 38, 702], [""품을피하고서늘한 곳에 보관"", 1678, 99, 505], [""1031532-6400"", 1696, 68, 506], [""电201300150833"", 1722, 75, 498], [""：801390"", 1766, 141, 480], [""이동백트"", 1892, 59, 534], [""25:88：13"", 1048, 59, 631], [""리및콜리식품유형살균탁주"", 1438, 81, 494], [""200ml"", 1460, 43, 508], [""에탄올함량알콜분6%"", 1477, 48, 580], [""，（）7.927%"", 1508, 85, 496], [""가루(미국산,호주산),입국,효모,"", 1544, 89, 502], [""이"", 1522, 55, 795], [""스과담(감미료,페닐알라년함유)"", 1579, 88, 502], [""사카린나트륨(감미료)"", 1606, 76, 504], [""터륨이"", 1590, 66, 788], [""용가상단표시일까지"", 1638, 85, 498], [""밀함유"", 1624, 39, 703], [""우기"", 1725, 252, 861], [""선을 피하고 서늘한 곳에 보관"", 1682, 78, 529], [""0532-6400"", 1701, 52, 533], [""300150833"", 1728, 56, 528], [""성이 "", 1802, 125, 495], [""1%"", 1754, 7, 514], [""  입니"", 1832, 143, 487], [""이동백우"", 1894, 60, 537]]"
000441,2025,12,NONE,2025-12-NONE,s1,2.39,6개 | 8.25%（卫 85mL×67H(510mL/510kcal) 굴&배 Freezer Pop 아이스주스 얼려먹는 상하로 | 75%（60%） | 2025.12:53,"[[""6개"", 287, 42, 167], [""8.25%（卫"", 387, 154, 158], [""85mL×67H(510mL/510kcal)"", 442, 263, 177], [""아이스주스"", 520, 252, 303], [""상하로"", 494, 179, 476], [""얼려먹는"", 518, 169, 366], [""Freezer Pop"", 518, 103, 278], [""굴&배"", 520, 66, 208], [""75%（60%）"", 608, 219, 159], [""2025.12:53"", 743, 52, 250]]"
000443,2026,04,06,2026-04-06,s1,4.25,"요이요이 핑크폼 아기상어 | 유기농 쌀과자 초록 | 손개각으로과자를집는 소비기한 | 아이를위한유기농쌀과자 | 2026.04.06 16:094 으미요며 유가능? | 믿을 수 있는 유기농 재료 4,2 | 유기농 쌀로 만들어원재료 안심 | 소근육 운동을 고려한 모양설계 | 손가락으로 집어 스스로 먹을수 있는크기 | 성장에 필요한 영양이 쏙! | 과일의 건강한 단맛을 더해 | 더욱 맛있게! | 요미요미 안심정보공개시스템 | 원재료부터 생산까지 투명한 생산과정공개 | 제품명 요미요미 유기농 쌀과자 초록 식품의 유형 과자 영양정보 L8259 | 사질 (내면) 폴리프로필렌 20060515035126 | 량(유기능량 98%) 유기능(국), 유기농백포도농 보관방법 실온보관 총 내용량당 기준치에대 | (터키산),유기농브로콜리분말(국산) 로릴라 원말, 탄산칼슘 나트륨10mg | 空号229 | 11-9 당59 | 및고장소만매원및구입처 51 지방09 트랜스지방0g | 포화지방09 | 클레스테롤Omg | 2合105mg | 비타민C 15 mg | 으로개인의 필요 | 매일유업(주)","[[""요이요이"", 238, 55, 161], [""핑크폼 아기상어"", 225, 34, 317], [""유기농 쌀과자 초록"", 252, 26, 318], [""소비기한"", 311, 24, 357], [""손개각으로과자를집는"", 317, 37, 97], [""아이를위한유기농쌀과자"", 334, 43, 81], [""2026.04.06 16:094"", 348, 30, 375], [""으미요며 유가능?"", 348, 24, 633], [""4,2"", 395, 34, 669], [""믿을 수 있는 유기농 재료"", 398, 24, 418], [""유기농 쌀로 만들어원재료 안심"", 414, 22, 418], [""소근육 운동을 고려한 모양설계"", 435, 24, 419], [""손가락으로 집어 스스로 먹을수 있는크기"", 452, 23, 420], [""성장에 필요한 영양이 쏙!"", 473, 26, 421], [""과일의 건강한 단맛을 더해"", 512, 28, 421], [""더욱 맛있게!"", 530, 20, 425], [""요미요미 안심정보공개시스템"", 548, 33, 422], [""원재료부터 생산까지 투명한 생산과정공개"", 565, 29, 423], [""제품명 요미요미 유기농 쌀과자 초록 식품의 유형 과자"", 602, 30, 84], [""영양정보"", 608, 42, 381], [""L8259"", 590, 31, 523], [""사질 (내면) 폴리프로필렌"", 634, 27, 87], [""20060515035126"", 622, 25, 216], [""량(유기능량 98%) 유기능(국), 유기농백포도농"", 654, 39, 85], [""보관방법 실온보관"", 639, 22, 217], [""총 내용량당"", 642, 25, 384], [""기준치에대"", 637, 29, 514], [""(터키산),유기농브로콜리분말(국산) 로릴라 원말, 탄산칼슘"", 669, 42, 84], [""나트륨10mg"", 664, 22, 384], [""空号229"", 678, 20, 386], [""11-9"", 699, 38, 84], [""당59"", 694, 21, 393], [""51"", 718, 48, 85], [""지방09"", 710, 20, 387], [""및고장소만매원및구입처"", 731, 37, 87], [""트랜스지방0g"", 721, 24, 394], [""포화지방09"", 737, 22, 395], [""클레스테롤Omg"", 752, 25, 387], [""2合105mg"", 783, 27, 385], [""비타민C 15 mg"", 796, 25, 386], [""으로개인의 필요"", 822, 29, 411], [""매일유업(주)"", 845, 41, 385]]"
000447,2025,11,22,2025-11-22,s1,0.77,늘력보리한 | BLACK BAREEY TEA | 2025. 11 22,"[[""늘력보리한"", 46, 94, 374], [""BLACK BAREEY TEA"", 93, 50, 408], [""2025. 11 22"", 361, 39, 277]]"
000451,2026,02,27,2026-02-27,s1,3.15,"Calbee | 어니버터칠 | 렇게 만들어져요! | (미국산), 버터 | 신선한생감자! 시아분말아카시아(국신) | 스산 우유대두, 밀,조개류굴 | 소비기한후면표기일까지 | 포장재질 폴리에틸렌(내면) | 제조원해태가루비(주)제 | 강원특별자치도 원주시문막 | 2다. 유통전문판매원해태제과식품 | 서울특별시 용산구 한강대로 72 |  201603834281 | ·직사광선 및 습기찬 곳을 피하여 | 3.신선한기름에 | 제품은 공정거래위원회 고시에 의게 | 상·반품 및교환장소 본사및 구입 | 은 토마토,계란,계새우왜 | 아,호두조개홍합포험 | 류를 사용한 제품과제조시 | 반식!하고달콤한~ 의 일부분이니 안심하고C | 영양정보 허니버터집을 즐겨보세요! 녹색 가루는 파슬리입니다. 모2 | 25.08.28 F2 19:31 | 26.02.27 까지 A1 매콤달 | 수 있습니다.","[[""Calbee"", 120, 29, 6], [""어니버터칠"", 265, 44, 115], [""렇게 만들어져요!"", 291, 38, 128], [""(미국산), 버터"", 327, 24, 380], [""시아분말아카시아(국신)"", 342, 29, 379], [""신선한생감자!"", 339, 26, 244], [""스산 우유대두, 밀,조개류굴"", 357, 32, 380], [""소비기한후면표기일까지"", 372, 22, 383], [""포장재질 폴리에틸렌(내면)"", 388, 23, 383], [""제조원해태가루비(주)제"", 404, 27, 382], [""강원특별자치도 원주시문막"", 420, 31, 382], [""2다."", 439, 26, 174], [""유통전문판매원해태제과식품"", 437, 32, 383], [""서울특별시 용산구 한강대로 72"", 453, 31, 384], ["" 201603834281"", 470, 26, 385], [""·직사광선 및 습기찬 곳을 피하여"", 486, 24, 385], [""3.신선한기름에"", 498, 22, 234], [""제품은 공정거래위원회 고시에 의게"", 521, 22, 387], [""상·반품 및교환장소 본사및 구입"", 538, 32, 385], [""은 토마토,계란,계새우왜"", 570, 30, 385], [""아,호두조개홍합포험"", 586, 33, 386], [""류를 사용한 제품과제조시"", 603, 32, 388], [""모2"", 701, 143, 573], [""반식!하고달콤한~"", 662, 40, 132], [""허니버터집을 즐겨보세요!"", 686, 53, 130], [""의 일부분이니 안심하고C"", 668, 43, 387], [""녹색 가루는 파슬리입니다."", 686, 39, 389], [""영양정보"", 715, 40, 129], [""25.08.28 F2 19:31"", 744, 46, 434], [""매콤달"", 777, 72, 606], [""26.02.27 까지 A1"", 762, 49, 432], [""수 있습니다."", 824, 33, 125]]"
000455,2026,02,10,2026-02-10,s1,0.83,2025.08.11(10:48) | 2026.02.10 까지1 | luone | 차기르,"[[""2025.08.11(10:48)"", 422, 29, 469], [""2026.02.10 까지1"", 447, 26, 472], [""luone"", 866, 27, 0], [""차기르"", 939, 40, 168]]"
000459,2026,01,19,2026-01-19,s1,3.58,"농협 철원오대쌀 떡국 의 국산쌀로만들어쫄지하며 | 0 10 (周150g,13g) | 난곡물 7.29% 99.5% 유통전문 국산원 | 물시골분말 | 426.01.19 2 | 쇠고기 항유 | 루 3.약 2분 후 내용물을 골고루 저어주시고 맛있게 드세요 알큼에 민감하니 한또는 보상법 | *부정-불량 | 습니다. | 163390kcal | 元202%/内21g4%#00 | 0gg15%","[[""농협"", 214, 48, 229], [""떡국"", 312, 261, 470], [""철원오대쌀"", 288, 186, 424], [""의"", 276, 159, 588], [""국산쌀로만들어쫄지하며"", 289, 184, 602], [""0"", 456, 42, 6], [""난곡물"", 499, 58, 0], [""10"", 476, 24, 58], [""(周150g,13g)"", 476, 22, 496], [""99.5%"", 493, 24, 500], [""유통전문"", 493, 28, 677], [""7.29%"", 509, 22, 492], [""국산원"", 508, 25, 679], [""물시골분말"", 525, 24, 679], [""426.01.19"", 544, 23, 153], [""2"", 549, 42, 470], [""쇠고기 항유"", 572, 21, 677], [""루"", 625, 102, 0], [""3.약 2분 후 내용물을 골고루 저어주시고 맛있게 드세요"", 624, 22, 377], [""한또는 보상법"", 618, 21, 675], [""알큼에 민감하니"", 634, 22, 675], [""*부정-불량"", 666, 28, 674], [""습니다."", 694, 24, 0], [""163390kcal"", 773, 22, 441], [""元202%/内21g4%#00"", 806, 22, 444], [""0gg15%"", 820, 25, 439]]"
000463,2027,02,01,2027-02-01,s1,2.31,"열림 달함 | 닫힘 | 영양정보 제품명 백설 소불고기양팀 | 설 식품유형 소스(실제품) 씨제이제일제당(주)충청남도 500g 백설 | 제조원 씬산이연부 | 모장재질(내면)응가-유리두껑-폴리염화비널 | 불고기월 탄수 품목보고번호 소비기한하단표기일까지 20020464088-34 소불고> | 일새료명 합간장(아미노산역(탈지대두 | 100% | 조리예 국산배·사과 | 500g 내두,밀함유 | (925 kcall 번품및교환장소 전국판매점 | 고기1 kg용 | 까지 | 2027.02.1 AB6 | 05:31 | 明 13.2 % 暂导","[[""열림"", 141, 30, 420], [""달함"", 134, 36, 562], [""닫힘"", 163, 31, 96], [""백설"", 328, 88, 557], [""영양정보"", 307, 26, 176], [""설"", 330, 55, 0], [""제품명 백설 소불고기양팀"", 308, 29, 241], [""식품유형 소스(실제품)"", 327, 30, 243], [""500g"", 325, 24, 382], [""제조원 씬산이연부"", 354, 35, 245], [""씨제이제일제당(주)충청남도"", 344, 26, 272], [""불고기월"", 412, 110, 0], [""모장재질(내면)응가-유리두껑-폴리염화비널"", 377, 32, 244], [""탄수"", 394, 24, 185], [""소비기한하단표기일까지"", 396, 28, 246], [""소불고>"", 426, 101, 505], [""품목보고번호"", 429, 27, 248], [""20020464088-34"", 431, 24, 311], [""일새료명 합간장(아미노산역(탈지대두"", 446, 37, 246], [""100%"", 530, 51, 501], [""국산배·사과"", 556, 48, 495], [""조리예"", 551, 26, 141], [""내두,밀함유"", 578, 34, 252], [""500g"", 574, 29, 143], [""번품및교환장소 전국판매점"", 596, 42, 251], [""(925 kcall"", 594, 34, 125], [""고기1 kg용"", 610, 37, 125], [""까지"", 623, 20, 425], [""2027.02.1"", 648, 30, 287], [""05:31"", 665, 20, 313], [""AB6"", 656, 20, 422], [""明 13.2 % 暂导"", 691, 44, 620]]"
000464,2026,03,19,2026-03-19,s1,2.01,2026.03.194 2319 R12 | 스낵면 들꼬들 읽고 바로먹는 | 62 (285 kcal)x67h | 조리에 | 오뚜기molle 8801045572342 | 57264 | Fay,"[[""2026.03.194 2319 R12"", 451, 66, 339], [""읽고"", 564, 21, 296], [""바로먹는"", 558, 68, 360], [""들꼬들"", 582, 23, 292], [""62"", 605, 28, 443], [""(285 kcal)x67h"", 590, 55, 482], [""스낵면"", 612, 201, 15], [""조리에"", 652, 20, 292], [""8801045572342"", 694, 56, 416], [""57264"", 732, 76, 419], [""오뚜기molle"", 770, 41, 51], [""Fay"", 864, 159, 309]]"
000468,2026,04,06,2026-04-06,s1,0.90,"4,3 | 킨더조미 | 완구 원신지:배른남 | P 10 06 2025 | 06042026","[[""4,3"", 78, 54, 659], [""킨더조미"", 600, 30, 380], [""완구 원신지:배른남"", 669, 34, 402], [""P 10 06 2025"", 750, 34, 386], [""06042026"", 770, 33, 365]]"
000472,2026,01,17,2026-01-17,s1,1.37,거지 곡 | 위영양식 | /210g | (779.1kcal) | 13.19 | 2026 01.17,"[[""거지 곡"", 650, 41, 407], [""위영양식"", 674, 51, 419], [""/210g"", 742, 29, 282], [""(779.1kcal)"", 762, 26, 306], [""13.19"", 781, 27, 252], [""2026 01.17"", 824, 31, 229]]"
000473,2026,03,01,2026-03-01,hires,12.67,1 좋디 | 2 2봉지데! | 25%30 | 325keall | 1005 고소함이 가득! | 75g 보리니 | 9405 미 현미 | 2026.03.01 달 경향 함쌀 목문 수수 | 56% 목수수 | 부두서리테 | 20 | 160g 号：1211530 | 0당 지방랜스지방포화지방콜레스테롤단백질 | 당류 32 % / ( 0% 16% )/160g(694kca | 8% 20% 0g 5r 0.ng 9g | 18g 11g | 9 | 준이므로 개인의필요 량에따라 다를 | 000 | 2026.05 F07,"[[""좋디"", 184, 271, 1107], [""1"", 98, 19, 1061], [""2"", 230, 201, 439], [""25%30"", 370, 406, 878], [""2봉지데!"", 199, 80, 962], [""325keall"", 516, 41, 627], [""1005"", 537, 30, 652], [""고소함이 가득!"", 592, 68, 1078], [""75g"", 706, 37, 1126], [""9405"", 723, 29, 1106], [""보리니"", 722, 23, 1199], [""2026.03.01"", 754, 59, 1067], [""미"", 737, 20, 1199], [""현미"", 732, 23, 1233], [""달"", 750, 8, 1206], [""경향"", 748, 20, 1234], [""함쌀"", 756, 17, 1315], [""목수수"", 782, 31, 1344], [""목문"", 764, 11, 1362], [""56%"", 774, 8, 1326], [""수수"", 768, 13, 1400], [""부두서리테"", 798, 33, 1337], [""20"", 973, 278, 463], [""0당"", 1390, 23, 340], [""160g"", 1388, 19, 441], [""당류"", 1431, 24, 517], [""지방랜스지방포화지방콜레스테롤단백질"", 1428, 27, 578], [""号：1211530"", 1432, 33, 929], [""32 % / ("", 1466, 31, 700], [""0%"", 1466, 31, 767], [""8%"", 1468, 27, 521], [""20%"", 1468, 28, 571], [""16%"", 1466, 29, 835], [""0g"", 1478, 30, 640], ["")/160g(694kca"", 1493, 46, 930], [""18g"", 1496, 23, 513], [""11g"", 1494, 25, 574], [""5r"", 1493, 20, 710], [""0.ng"", 1494, 27, 768], [""9g"", 1494, 27, 840], [""000"", 1530, 11, 515], [""준이므로 개인의필요 량에따라 다를"", 1528, 22, 573], [""9"", 1528, 9, 786], [""2026.05"", 1595, 36, 640], [""F07"", 1600, 14, 847]]"
000474,2026,06,25,2026-06-25,erode5,2.84,캘리셔스 | 26.06.25 A,"[[""캘리셔스"", 54, 109, 225], [""26.06.25 A"", 726, 42, 293]]"
000478,2026,06,11,2026-06-11,erode5,1.93,4.800 | 26.06.11 A11,"[[""4.800"", 39, 62, 580], [""26.06.11 A11"", 512, 51, 265]]"
000480,2026,07,21,2026-07-21,s1,3.18,"026.07.21 보리가4.5% 함은 | ZERO | 미료(아세설탐칼륨,수크람로스 연양갱 | Red Dean Pasre Jell | 식품 | 교환장소구입상점 | 취시설사를일으킬수 | 30'C 이하에서 낮은 습도로 보관 | 정상 표면에 기포가 발생할 수 | 정보 | 300g（50g | 12（50g）95k | 33g | 유5g | 20g | 0% | 지방0g | 09 0% 1802259021360 | 0mg | 2% | （）200kca | 인의 요 리다를 수 있습니다. | 2026.06.04 | 롯데웰푸드","[[""보리가4.5% 함은"", 26, 51, 456], [""026.07.21"", 31, 40, 404], [""ZERO"", 283, 51, 367], [""연양갱"", 336, 53, 407], [""미료(아세설탐칼륨,수크람로스"", 355, 27, 126], [""Red Dean Pasre Jell"", 381, 46, 445], [""식품"", 429, 23, 128], [""교환장소구입상점"", 443, 23, 128], [""취시설사를일으킬수"", 457, 24, 129], [""30'C 이하에서 낮은 습도로 보관"", 483, 25, 130], [""정상 표면에 기포가 발생할 수"", 512, 23, 129], [""정보"", 550, 23, 129], [""300g（50g"", 566, 24, 142], [""12（50g）95k"", 581, 26, 169], [""33g"", 627, 24, 128], [""유5g"", 658, 24, 130], [""20g"", 674, 25, 129], [""0%"", 687, 20, 252], [""지방0g"", 704, 26, 132], [""09"", 720, 26, 130], [""0%"", 719, 20, 254], [""1802259021360"", 722, 22, 406], [""0mg"", 736, 25, 131], [""2%"", 748, 21, 254], [""（）200kca"", 766, 23, 132], [""인의 요 리다를 수 있습니다."", 777, 23, 133], [""2026.06.04"", 786, 35, 412], [""롯데웰푸드"", 816, 20, 143]]"
000482,NONE,NONE,NONE,NONE,fail,21.71,"2026 | ) | 码费：15419487447） 보트:1등하는 주비분의국주세주) 电：154-9487447) 국수세구 이류 | NC NC NCI NCI TIO | 일-한 공당국물에 줄 한 변량 1~한 공탕국물에 골.한 면발 로방국불에 을 있한 받든 곰탕국물에 놀 한 면발 FRIE FRIE FRIE FRIEN 장면 | 3 0 | B- 요T또 00뚜 리 조리예 면수 국수 면국수 微线：15419467447 154144RA47 | 2025. 202-21427 14까진 3-한 곰당국물에콜시한 면발 1-한 콤탕국물에 놀한 면발 딸기루 50% 는 ㅇㅇ NCNTIO NCNTg 3 양일아 | V프주 Va68 꿀끔는물에 믿는들에 끓는물에 FRIED FRIED | 조리에 조리예 조리예 분OK 4분O0K 4분OK 부OK 데드호오 | <조리방법> | 93.5g(80g.=13.5g/340kcal) | 제품명 피공당면 쌀국수 식품의 유 2097 | )충남 황성군 천읍 담산길30 | 1(변성전분,덱스트린,타피오카전분 | 이정제소골 | 라까러 #185g340kcal 국수 면국수 | 꿀는물에 꿀는물에 | 조리예 조리예 4분OK 4분OK | 조 조리 리 방법 | 8 | 93.5g(80g.=13.5g/340kcal) 93.5g(80g.4=13.5g/340kcal) e 바 3 미미 9 100° 100风早 열고 스프를 개봉하여 면위에 골고루 뿌 C)을 용기의 안쪽 표시선까지 부어출 스프를 개봉하여 면위에 골고루 뿌릭니 % | C 껑 9 닫은 후 4분간 기다린 후 잘 처에 드시면 됩니 을후 4분간 기다린 후찰처에드시면됩 | 곰탕면 쌀국수 식품의 유형 건번 조 209-7 | 03195别F2:告 2013047302216/F2202407203195230 30 | 미국산),전분(9 면불가루(웰외국산),밀가루(밀:호주산,미국산),전분(밀전분:호주산),혼합제제(변성전분,택스트린),타피오카전분 현성전분,덱스트린),타피오카전분 | 린지방산에스터 744 수(국산),천일염 8803660-882 88030601082441 | 도네시아 자경화원(정제가공유지(외국산:인도네시아,말레이시아,필리핀 등),L글루탐산 빨레이시아 영양정보 총 내용량 89359340 kca | ,복합조미식품기,건파(중국산),복합초미식품3사골액 9 | 프본오일SW(정제우지:호주산),설탕,복합조미식 | D","[[""码费：15419487447）"", 197, 22, 190], [""NCI"", 244, 44, 364], [""FRIEN"", 272, 48, 349], [""TIO"", 254, 23, 424], [""ㅇㅇ"", 479, 52, 681], [""끓는물에"", 570, 26, 556], [""조리예"", 580, 23, 345], [""4분OK"", 587, 22, 557], ["")"", 156, 9, 592], [""면국수"", 390, 449, 457], [""电：154-9487447)"", 195, 28, 220], [""NCI"", 244, 38, 368], [""FRIE"", 271, 56, 346], [""1~한 공탕국물에 골.한 면발"", 265, 64, 44], [""2025."", 488, 26, 68], [""14까진"", 490, 23, 217], [""V프주"", 550, 39, 146], [""믿는들에"", 569, 32, 553], [""조리예"", 580, 24, 343], [""4분O0K"", 586, 26, 555], [""<조리방법>"", 611, 24, 343], [""93.5g(80g.=13.5g/340kcal)"", 646, 33, 54], [""제품명 피공당면 쌀국수 식품의 유"", 663, 20, 58], [""2097"", 674, 27, 333], ["")충남 황성군 천읍 담산길30"", 690, 26, 387], [""1(변성전분,덱스트린,타피오카전분"", 706, 19, 369], [""이정제소골"", 724, 11, 396], [""#185g340kcal"", 736, 24, 479], [""로방국불에 을 있한 받든"", 261, 34, 96], [""장면"", 287, 318, 460], [""보트:1등하는 주비분의국주세주)"", 197, 22, 202], [""이류"", 206, 23, 376], [""NC"", 244, 44, 363], [""일-한 공당국물에 줄 한 변량"", 266, 67, 39], [""FRIE"", 272, 51, 348], [""202-21427"", 494, 48, 63], [""Va68"", 548, 35, 151], [""조리에"", 580, 21, 346], [""부OK"", 586, 13, 560], [""면수"", 368, 485, 448], [""국수세구"", 196, 17, 289], [""NC"", 244, 36, 368], [""곰탕국물에 놀 한 면발"", 262, 33, 98], [""FRIE"", 272, 47, 351], [""국수"", 453, 282, 483], [""3"", 322, 21, 508], [""딸기루 50%"", 508, 86, 332], [""꿀끔는물에"", 570, 18, 559], [""분OK"", 585, 16, 561], [""2026"", 108, 74, 463], [""조리예"", 369, 46, 370], [""B-"", 363, 14, 304], [""리"", 370, 13, 342], [""00뚜"", 383, 14, 337], [""요T또"", 396, 11, 330], [""는"", 509, 48, 366], [""데드호오"", 594, 50, 595], [""154144RA47"", 392, 44, 457], [""NCNTIO"", 499, 87, 739], [""양일아"", 540, 111, 1352], [""1-한 콤탕국물에 놀한 면발"", 532, 127, 73], [""FRIED"", 548, 100, 707], [""국수"", 954, 484, 966], [""꿀는물에"", 1138, 48, 1112], [""조리예"", 1160, 43, 691], [""4분OK"", 1172, 47, 1112], [""조리"", 1219, 22, 705], [""스프를 개봉하여 면위에 골고루 뿌릭니"", 1252, 39, 818], [""9"", 1248, 25, 779], [""93.5g(80g.4=13.5g/340kcal)"", 1290, 67, 117], [""100°"", 1280, 21, 783], [""C)을 용기의 안쪽 표시선까지 부어출"", 1280, 47, 813], [""3"", 1284, 19, 718], [""C"", 1299, 12, 719], [""을후 4분간 기다린 후찰처에드시면됩"", 1309, 48, 801], [""곰탕면 쌀국수 식품의 유형 건번"", 1328, 43, 179], [""209-7"", 1344, 41, 491], [""2013047302216/F2202407203195230"", 1371, 62, 199], [""면불가루(웰외국산),밀가루(밀:호주산,미국산),전분(밀전분:호주산),혼합제제(변성전분,택스트린),타피오카전분"", 1405, 70, 189], [""744"", 1439, 62, 212], [""88030601082441"", 1428, 36, 1007], [""자경화원(정제가공유지(외국산:인도네시아,말레이시아,필리핀 등),L글루탐산"", 1471, 54, 288], [""영양정보"", 1478, 31, 832], ["",복합조미식품기,건파(중국산),복합초미식품3사골액"", 1500, 47, 345], [""총 내용량"", 1478, 20, 956], [""9"", 1500, 11, 781], [""프본오일SW(정제우지:호주산),설탕,복합조미식"", 1528, 44, 354], [""D"", 1688, 15, 867], [""0"", 322, 47, 1181], [""微线：15419467447"", 393, 40, 409], [""NCNTg"", 498, 104, 731], [""3"", 470, 21, 1179], [""3-한 곰당국물에콜시한 면발"", 532, 135, 69], [""FRIED"", 548, 101, 703], [""면국수"", 891, 628, 926], [""라까러"", 979, 30, 470], [""꿀는물에"", 1138, 48, 1112], [""조리예"", 1162, 40, 693], [""4분OK"", 1174, 49, 1109], [""조"", 1219, 24, 701], [""리"", 1218, 20, 725], [""방법"", 1222, 47, 747], [""바"", 1272, 87, 711], [""8"", 1236, 23, 757], [""열고 스프를 개봉하여 면위에 골고루 뿌"", 1252, 45, 774], [""미미"", 1268, 53, 752], [""93.5g(80g.=13.5g/340kcal)"", 1290, 60, 115], [""e"", 1286, 56, 690], [""100风早"", 1281, 40, 769], [""%"", 1270, 7, 1122], [""껑"", 1306, 50, 723], [""9"", 1298, 8, 758], [""닫은 후 4분간 기다린 후 잘 처에 드시면 됩니"", 1308, 47, 769], [""조"", 1342, 15, 502], [""03195别F2:告"", 1371, 30, 441], [""30"", 1378, 33, 730], [""미국산),전분(9"", 1406, 25, 477], [""현성전분,덱스트린),타피오카전분"", 1414, 27, 764], [""린지방산에스터"", 1440, 23, 475], [""8803660-882"", 1430, 35, 1007], [""수(국산),천일염"", 1446, 24, 886], [""도네시아"", 1472, 14, 502], [""빨레이시아"", 1474, 22, 576], [""89359340"", 1473, 32, 988], [""kca"", 1467, 18, 1139]]"
000484,2027,11,14,2027-11-14,s1,0.87,"EXP:2027. 11,14 | 사조대림","[[""EXP:2027. 11,14"", 567, 24, 355], [""사조대림"", 650, 20, 303]]"
000486,NONE,NONE,NONE,NONE,fail,8.77,"cwpio Pickled Perila Leaves in Soy Sauce | 샘표 | 리엄마 | 0지 | Kosu 표 표 표 표g 이아 이아 27 7 /61 BMEs 9이루지2어 이 Fd 70g38.9% %68商0 %68商60 % 68602 Yl N | auad pa거pd c AeaT 리니dd pappd Oic 들단부분이 날가로므로개봉,보판및제기시주의하십시오 이미지사진 A | 20 | 표 2 1w 9이륨스2어 9이루스2어 0 | pones fos ut sayeaj eluad papd oiduss aones ros u saear eluad papd oiduas % 68%c 6 00 % 6-88 书c 6 0 9757-0 149757-0 9","[[""표"", 489, 110, 95], [""%68商60"", 528, 169, 545], [""/61 BMEs"", 473, 206, 286], [""Yl"", 417, 50, 554], [""표"", 494, 136, 87], [""N"", 508, 146, 574], [""%68商0"", 536, 127, 538], [""20"", 656, 166, 425], [""A"", 603, 14, 580], [""auad pa거pd c"", 644, 77, 52], [""27"", 485, 358, 50], [""이아"", 498, 227, 138], [""이 Fd"", 493, 145, 320], [""표g"", 482, 93, 96], [""7"", 475, 326, 149], [""이아"", 499, 226, 141], [""9이루지2어"", 488, 152, 321], [""표"", 495, 124, 95], [""% 68602"", 547, 130, 547], [""Kosu"", 551, 36, 49], [""AeaT 리니dd pappd Oic"", 632, 115, 49], [""cwpio Pickled Perila Leaves in Soy Sauce"", 61, 40, 252], [""샘표"", 118, 52, 446], [""리엄마"", 177, 73, 405], [""0지"", 322, 29, 523], [""70g38.9%"", 566, 35, 348], [""이미지사진"", 572, 30, 523], [""들단부분이 날가로므로개봉,보판및제기시주의하십시오"", 592, 32, 348], [""9이륨스2어"", 972, 307, 635], [""1w"", 1012, 327, 444], [""2"", 878, 30, 482], [""% 6-88 书c 6 0"", 1090, 257, 1097], [""aones ros u saear eluad papd oiduas"", 1210, 432, 84], [""9"", 1111, 20, 1243], [""9757-0"", 1146, 64, 1236], [""0"", 866, 151, 1116], [""9이루스2어"", 974, 303, 640], [""표"", 990, 249, 186], [""% 68%c 6 00"", 1092, 248, 1104], [""pones fos ut sayeaj eluad papd oiduss"", 1212, 427, 85], [""149757-0"", 1132, 92, 1238]]"
000489,2026,05,08,2026-05-08,s1,2.39,"G,40u | 영양정보 | 45mg15%12g | 2026.05.08.11153 F3.7 | 을 교간대드시오 | 원료명돼지고기국산),양파(국산)복은양파[양때국산) | 카놀라유(캐나다산),정제수,당근 마늘,토마토페이스트 양 | 지국물농축액사골역기스 비프역기스생강,우스타스우 | 소비기한상단표시일까지포장재질 플리으로를 | 801045686318 | 2 오]","[[""G,40u"", 73, 26, 596], [""영양정보"", 303, 23, 340], [""45mg15%12g"", 365, 26, 359], [""2026.05.08.11153 F3.7"", 433, 38, 321], [""을 교간대드시오"", 474, 24, 299], [""원료명돼지고기국산),양파(국산)복은양파[양때국산)"", 539, 31, 293], [""카놀라유(캐나다산),정제수,당근 마늘,토마토페이스트 양"", 554, 34, 292], [""지국물농축액사골역기스 비프역기스생강,우스타스우"", 568, 38, 291], [""소비기한상단표시일까지포장재질 플리으로를"", 658, 41, 291], [""801045686318"", 736, 32, 173], [""2 오]"", 760, 35, 193]]"
000493,2026,06,17,2026-06-17,s1,4.98,"잡곡밥 | ×3개입 | 밥엔야채 | 청정원 법&킨 ㄱ가지 녹황색야채가 | VEGETABLE 들뿐 들어있어요! 연출된 조리에 | 맛있는 밥&엔 조리법 199104430292190 | 내포장재질폴리에틸렌 소비기한후면하단표기일까지 | 원재료명 아채베이스[법엔맛립(유당(우유:미국산), 조미참페(볶음 | 참께(외국산),건청경채후레이크, 건양배추후레이크법엔씨즈닝과 | 답].당근후레이크(옥수수전분(옥수수:외국산),당근분말(건당근 | 레이크,클로렐라후레이크,시금치후레이크,건브로클리케일 | 달걀,우유, 대두밀, 조개류(굴 포함) 함유 | 영양정보 24g（8gx37m 128(8g)930kcal | 맛있는 밥게 요리제안 恒喜430mg22%午量5g2 2%弄3g3% | 0.9g2%0g 포화지방 0g G% | 클레스테를5mg 미만 단백질 1g미만2% | （%）2000ca | 개인의 필요 열량에 따라 다를 수 있습니다. | 관시 색상이 절어지거나  수있으니 개를 에는 가능 | 클리 사용하십시오:멘트곡 |  OAEANG | 기한: | 2026.06.17","[[""잡곡밥"", 23, 46, 375], [""×3개입"", 106, 29, 669], [""밥엔야채"", 146, 44, 215], [""법&킨"", 168, 36, 221], [""ㄱ가지 녹황색야채가"", 164, 31, 414], [""청정원"", 186, 32, 148], [""들뿐 들어있어요!"", 191, 34, 438], [""VEGETABLE"", 195, 28, 214], [""연출된 조리에"", 196, 30, 566], [""199104430292190"", 227, 34, 319], [""소비기한후면하단표기일까지"", 238, 33, 490], [""맛있는 밥&엔 조리법"", 246, 31, 133], [""내포장재질폴리에틸렌"", 245, 28, 325], [""원재료명 아채베이스[법엔맛립(유당(우유:미국산), 조미참페(볶음"", 292, 37, 321], [""참께(외국산),건청경채후레이크, 건양배추후레이크법엔씨즈닝과"", 310, 38, 322], [""답].당근후레이크(옥수수전분(옥수수:외국산),당근분말(건당근"", 329, 40, 323], [""레이크,클로렐라후레이크,시금치후레이크,건브로클리케일"", 365, 36, 324], [""달걀,우유, 대두밀, 조개류(굴 포함) 함유"", 384, 38, 323], [""24g（8gx37m"", 396, 22, 518], [""영양정보"", 412, 35, 329], [""128(8g)930kcal"", 411, 23, 544], [""맛있는 밥게 요리제안"", 430, 25, 144], [""恒喜430mg22%午量5g2"", 432, 29, 327], [""2%弄3g3%"", 427, 24, 532], [""0.9g2%0g"", 450, 31, 333], [""포화지방 0g G%"", 443, 26, 513], [""클레스테를5mg 미만"", 468, 25, 327], [""단백질 1g미만2%"", 461, 27, 506], [""（%）2000ca"", 482, 44, 329], [""개인의 필요 열량에 따라 다를 수 있습니다."", 499, 28, 331], [""관시 색상이 절어지거나 "", 531, 25, 333], [""수있으니 개를 에는 가능"", 524, 36, 485], [""클리 사용하십시오:멘트곡"", 545, 25, 333], ["" OAEANG"", 626, 21, 407], [""기한:"", 660, 22, 158], [""2026.06.17"", 666, 31, 242]]"
000494,2025,06,13,2025-06-13,det5,3.43,12개입 | 추침가량분 360g(1.740kcal) | (관리트로#그림0#오에스후기인크림 | 2.780 | 사리 후레쉬베리 | HAITAI 호데 오에스 자연을뚜르게환경을깨곳이 해터롤에서간식자기 | 쿠키앤크림 제조일 2025.06.13부 2823.12.120A2 | COORIE·REAM 소비기한,"[[""12개입"", 65, 44, 511], [""추침가량분"", 86, 43, 450], [""360g(1.740kcal)"", 92, 31, 517], [""(관리트로#그림0#오에스후기인크림"", 112, 37, 454], [""2.780"", 230, 45, 0], [""후레쉬베리"", 363, 108, 302], [""사리"", 358, 55, 134], [""오에스"", 472, 52, 158], [""호데"", 468, 35, 40], [""HAITAI"", 487, 16, 44], [""자연을뚜르게환경을깨곳이"", 492, 23, 370], [""해터롤에서간식자기"", 492, 13, 535], [""쿠키앤크림"", 528, 79, 86], [""제조일"", 524, 21, 377], [""2025.06.13부"", 528, 36, 459], [""2823.12.120A2"", 544, 36, 458], [""COORIE·REAM"", 565, 32, 145], [""소비기한"", 556, 23, 374]]"
000498,2026,03,07,2026-03-07,det5,2.44,고 | 08 | www. | 2026.03.07 | 21850291259,"[[""고"", 47, 16, 699], [""08"", 63, 24, 695], [""www."", 80, 14, 690], [""2026.03.07"", 528, 44, 252], [""21850291259"", 564, 52, 251]]"
000502,2026,06,20,2026-06-20,s1,4.02,"가자(유탕처리제품) | 광일제과/대구광 | 2026.06.20X 42 | 측면표시일까? | g（±3g（173kc | 1211530 H가루(밀:호주산 | 号30-0899065 올레인유을e) | 영양청보 총내용량 40g 골드말EGAEE 산),d- | 173kcal 유미국신합수 | 총내용광당 1일 영양성분 | 기준치에대한 비을 시력,카제인 | 三零120mg 6% 나트륨,이산화ㅠ | 수물 30g 9% 방(합성향로)이시 | 당79 7% | 지방ag 8% 공유지( 갈,함수결정 | 트랜스지방 09 시아산)코 | 1.9g 13% | 스테를Omg 널가물:이 | 39 제제국식 | （%2000 바닐리(합 | 의요 량에 따라다수있습니 폴리프로풀 | 量1980016304 | ·직사구","[[""가자(유탕처리제품)"", 330, 27, 483], [""광일제과/대구광"", 349, 30, 484], [""2026.06.20X"", 372, 35, 232], [""42"", 369, 28, 485], [""측면표시일까?"", 389, 28, 488], [""g（±3g（173kc"", 412, 28, 482], [""1211530"", 441, 22, 242], [""H가루(밀:호주산"", 436, 23, 483], [""号30-0899065"", 457, 22, 241], [""올레인유을e)"", 455, 30, 481], [""산),d-"", 474, 26, 483], [""영양청보"", 496, 40, 244], [""총내용량 40g"", 487, 26, 317], [""골드말EGAEE"", 491, 30, 480], [""173kcal"", 506, 26, 335], [""유미국신합수"", 510, 29, 481], [""1일 영양성분"", 531, 20, 337], [""총내용광당"", 537, 24, 248], [""기준치에대한 비을"", 546, 24, 307], [""시력,카제인"", 546, 31, 480], [""三零120mg"", 565, 34, 250], [""6%"", 566, 23, 366], [""나트륨,이산화ㅠ"", 565, 27, 483], [""수물 30g"", 586, 40, 249], [""9%"", 588, 26, 364], [""방(합성향로)이시"", 584, 31, 480], [""당79"", 606, 36, 250], [""7%"", 610, 23, 367], [""지방ag"", 628, 38, 248], [""8%"", 630, 25, 363], [""갈,함수결정"", 622, 33, 480], [""트랜스지방 09"", 650, 39, 253], [""공유지("", 642, 33, 479], [""1.9g"", 671, 38, 255], [""시아산)코"", 658, 29, 481], [""13%"", 673, 24, 357], [""스테를Omg"", 694, 34, 264], [""널가물:이"", 700, 32, 477], [""39"", 716, 28, 284], [""제제국식"", 718, 35, 477], [""（%2000"", 738, 25, 273], [""바닐리(합"", 737, 30, 478], [""의요 량에 따라다수있습니"", 751, 27, 273], [""폴리프로풀"", 757, 28, 480], [""量1980016304"", 778, 29, 481], [""·직사구"", 802, 21, 487]]"
000506,2026,06,18,2026-06-18,s1,1.70,HAITAI | 커피와 | 함께하는즐거움 | 이벤트 모하고 | 제주 돈가자! | 아가는 | 우리들의 | 제종 2025-06.19 부터 | 2026.06:18.C1 마지 과자(유처리제 151,"[[""HAITAI"", 330, 24, 32], [""커피와"", 454, 48, 546], [""함께하는즐거움"", 479, 58, 545], [""모하고"", 538, 35, 108], [""이벤트"", 539, 32, 54], [""제주"", 557, 31, 62], [""돈가자!"", 556, 31, 109], [""아가는"", 679, 20, 121], [""우리들의"", 713, 20, 53], [""제종"", 774, 27, 186], [""2025-06.19"", 772, 22, 239], [""부터"", 770, 23, 390], [""2026.06:18.C1"", 788, 25, 238], [""과자(유처리제"", 788, 23, 525], [""151"", 800, 67, 643], [""마지"", 794, 22, 391]]"
000510,2026,09,03,2026-09-03,s1,3.36,"건조양파,치즈분말,바질,오레가노,흑후추 | 62.1%（5Brix） | 토마토 대두우 밀쇠고기.닭고기, 조가 쿠굴함유 | 대포장자질 용기-유리,뚜껑-철,폴리염화비닐 | 및교환장소고객상담실 및 구입처 | 류 땅콩,게,새우,아황산류,오징어,돼지고기,조개류홍합 | 포함 성분 혼입 가능.,서늘하고 건조한 곳에 보관,개봉 후에는 | 냉장보관하여도 변질우려가 있으니 가급적 한번에 사용 | 본 제품은 소비자기본법에 의거 교환 또는 보상. 유리 | 1399 | 0199119 캡:철,라벨:P | s/,dsng.ms/nsp.com F12404 | 20:05 | 2026.09.03 까지","[[""건조양파,치즈분말,바질,오레가노,흑후추"", 143, 64, 85], [""62.1%（5Brix）"", 184, 58, 84], [""토마토 대두우 밀쇠고기.닭고기, 조가 쿠굴함유"", 225, 64, 79], [""대포장자질 용기-유리,뚜껑-철,폴리염화비닐"", 269, 59, 88], [""및교환장소고객상담실 및 구입처"", 314, 51, 109], [""류"", 362, 27, 95], [""땅콩,게,새우,아황산류,오징어,돼지고기,조개류홍합"", 360, 43, 117], [""성분 혼입 가능.,서늘하고 건조한 곳에 보관,개봉 후에는"", 399, 44, 114], [""포함"", 402, 30, 91], [""냉장보관하여도 변질우려가 있으니 가급적 한번에 사용"", 439, 38, 90], [""본 제품은 소비자기본법에 의거 교환 또는 보상."", 480, 34, 91], [""유리"", 498, 40, 476], [""1399"", 519, 47, 84], [""0199119"", 562, 42, 80], [""캡:철,라벨:P"", 558, 40, 452], [""s/,dsng.ms/nsp.com"", 596, 38, 82], [""F12404"", 586, 31, 490], [""20:05"", 635, 42, 304], [""2026.09.03"", 690, 50, 140], [""까지"", 709, 44, 492]]"
000514,2026,07,13,2026-07-13,s1,0.87,백티브 | 큰후리이 | 소비기한 | 2026.07.13 | 09: 03 | 까지,"[[""백티브"", 59, 65, 133], [""큰후리이"", 161, 72, 550], [""소비기한"", 552, 53, 60], [""2026.07.13"", 577, 46, 276], [""09: 03"", 612, 44, 362], [""까지"", 637, 54, 570]]"
000518,2026,09,14,2026-09-14,s1,0.73,26.09.14까지F2 | EdCH | ZL E,"[[""26.09.14까지F2"", 549, 105, 102], [""EdCH"", 657, 63, 329], [""ZL E"", 729, 112, 235]]"
000522,2026,02,21,2026-02-21,s1,1.46,내포장재질 폴리프로필렌 식품유형 과자 | 25.08.22 06:05 부터 | 26.02.21 H 까지,"[[""내포장재질 폴리프로필렌 식품유형 과자"", 168, 54, 5], [""25.08.22"", 513, 64, 145], [""06:05"", 506, 41, 390], [""부터"", 505, 40, 562], [""26.02.21"", 549, 46, 150], [""H"", 546, 28, 390], [""까지"", 560, 44, 555]]"
000526,2026,07,04,2026-07-04,s2,2.60,본 Pos 현대 그래놀라 | 2026.07.04/1462 | Ltd. 30개입 | 100027 | NETWT.1.62kg 버섯 | （54gx30） VONO R PORCINI MUS,"[[""Pos 현대 그래놀라"", 152, 55, 217], [""30개입"", 509, 54, 201], [""Ltd."", 508, 27, 3], [""100027"", 536, 21, 0], [""버섯"", 568, 62, 641], [""NETWT.1.62kg"", 573, 38, 63], [""VONO"", 601, 56, 363], [""（54gx30）"", 609, 36, 147], [""PORCINI MUS"", 604, 20, 617], [""R"", 618, 21, 574], [""본"", 162, 15, 12], [""2026.07.04/1462"", 380, 48, 55]]"
000530,2026,06,24,2026-06-24,s1,2.06,926.06.247 | 쓸주버리준1%함은 | 젤리스트로우 手2119390,"[[""926.06.247"", 185, 82, 276], [""쓸주버리준1%함은"", 370, 135, 74], [""手2119390"", 412, 99, 424], [""젤리스트로우"", 440, 104, 61]]"
000534,2027,01,29,2027-01-29,erode5,4.39,EXP2027.01.29 | 본 RE | 부8국VEIYS 9 4료국아  | 2고2,"[[""본"", 482, 39, 242], [""RE"", 496, 52, 289], [""9"", 546, 22, 303], [""2고2"", 666, 72, 253], [""EXP2027.01.29"", 384, 81, 260], [""4료국아 "", 593, 248, 378], [""부8국VEIYS"", 600, 235, 161]]"
000538,2026,02,06,2026-02-06,s1,1.36,열밥 | QFR | 2026.02.06 까지 E | 오두기와 함퍼 청소년 도박 근절,"[[""열밥"", 26, 49, 174], [""QFR"", 266, 48, 652], [""2026.02.06 까지 E"", 530, 29, 224], [""오두기와 함퍼 청소년 도박"", 554, 31, 193], [""근절"", 556, 24, 513]]"
000540,2025,03,24,2025-03-24,s1,0.77,2025.03.24012 | 원주르금최정 축의,"[[""2025.03.24012"", 503, 76, 105], [""원주르금최정 축의"", 532, 70, 110]]"
000543,2026,06,23,2026-06-23,erode5,8.67,FHA | 8-801005-2007 | 2026.06.23 | C1 09:25,"[[""FHA"", 30, 19, 147], [""8-801005-2007"", 668, 39, 222], [""2026.06.23"", 759, 62, 145], [""C1 09:25"", 805, 61, 176]]"
000544,2029,06,02,2029-06-02,erode5,3.77,1wt ka the | atkin noa | J 2029.06.2 | 나어,"[[""1wt ka the"", 326, 157, 362], [""atkin noa"", 386, 243, 0], [""J"", 536, 23, 244], [""2029.06.2"", 560, 66, 102], [""나어"", 650, 191, 46]]"
000548,2026,05,26,2026-05-26,s1,2.26,NB4 | 2026.05.26 11:29 | 소비기한 | 류오장어 혼입 가능·소비자분장해결기준에 의거 | 방가·제이일(주충청남도논산시 무색퍼트 | P李2216 | ·시용 모분리 | 보고번 | 18248-190 8801007303819,"[[""NB4"", 422, 39, 446], [""2026.05.26"", 442, 50, 201], [""소비기한"", 449, 38, 137], [""11:29"", 454, 35, 435], [""류오장어 혼입 가능·소비자분장해결기준에 의거"", 618, 46, 95], [""방가·제이일(주충청남도논산시"", 641, 53, 90], [""P李2216"", 657, 42, 92], [""·시용 모분리"", 678, 41, 91], [""무색퍼트"", 666, 30, 501], [""보고번"", 698, 41, 90], [""18248-190"", 722, 43, 99], [""8801007303819"", 751, 50, 171]]"
000552,2026,09,07,2026-09-07,s1,1.31,"을 조리용 순가락을 구분하여 사용하십시오. | sww.daesang.com 분리수거를 생활화합시다. | hps/wjungoneshop.com 소중한 자원,끗한 환경 G12507 | 2026.09.07 까지 | 09:14/15","[[""을 조리용 순가락을 구분하여 사용하십시오."", 540, 52, 76], [""sww.daesang.com"", 577, 28, 103], [""분리수거를 생활화합시다."", 574, 29, 258], [""소중한 자원,끗한 환경"", 599, 30, 258], [""G12507"", 592, 31, 400], [""hps/wjungoneshop.com"", 597, 26, 104], [""2026.09.07 까지"", 638, 46, 170], [""09:14/15"", 678, 40, 200]]"
000556,2026,08,07,2026-08-07,s1,0.60,2026.08.07 | 움트리 | n,"[[""2026.08.07"", 408, 46, 185], [""움트리"", 610, 99, 188], [""n"", 814, 261, 132]]"
000560,2027,07,13,2027-07-13,s1,2.30,"[코코넷 오일(인도네시아산! | 원재료명 필리핀산),잠유],카제인, | 제이인산칼륨,제삼인산칼술 | 폴리인산칼륨,유화제1, | 유화제2 우유 함유 | 포장재질 폴리에틸렌 | 동서식품(주)경상남도 | 제조원 창원시 의창구 반계로 40 | 품목보고번호 19860589043-12 | 소비기한 | 2027.07.13 15:26 | 창원C1 장주영 까지 | ·맛과 향미를 오래 보존하고 흡습을 | 방지하기 위해서 병에 옮겨 담아 | 사용하십시오. | ·직사광선을 피하시고 건조한 실온에 | 보관하십시오. | ·유통과정에서 변질된 제품은 대리점 | 또는 지점에서 교환하여 드립니다. | ·이 제품은 소비자기본법에 따른 | 소비자분쟁해결기준에 따라 피해를 | 보상해 드립니다.","[[""[코코넷 오일(인도네시아산!"", 24, 39, 197], [""필리핀산),잠유],카제인,"", 67, 38, 200], [""원재료명"", 89, 46, 48], [""제이인산칼륨,제삼인산칼술"", 110, 37, 201], [""폴리인산칼륨,유화제1,"", 152, 39, 202], [""유화제2"", 196, 41, 202], [""우유 함유"", 193, 40, 313], [""포장재질"", 244, 38, 62], [""폴리에틸렌"", 242, 39, 205], [""동서식품(주)경상남도"", 292, 39, 209], [""제조원"", 314, 38, 78], [""창원시 의창구 반계로 40"", 330, 38, 209], [""품목보고번호"", 381, 36, 71], [""19860589043-12"", 380, 35, 256], [""소비기한"", 426, 37, 258], [""2027.07.13 15:26"", 501, 49, 140], [""창원C1"", 552, 46, 211], [""장주영"", 557, 48, 349], [""까지"", 572, 37, 499], [""·맛과 향미를 오래 보존하고 흡습을"", 632, 40, 99], [""방지하기 위해서 병에 옮겨 담아"", 666, 42, 113], [""사용하십시오."", 696, 32, 118], [""·직사광선을 피하시고 건조한 실온에"", 730, 48, 105], [""보관하십시오."", 760, 37, 123], [""·유통과정에서 변질된 제품은 대리점"", 794, 39, 112], [""또는 지점에서 교환하여 드립니다."", 824, 41, 124], [""·이 제품은 소비자기본법에 따른"", 855, 46, 114], [""소비자분쟁해결기준에 따라 피해를"", 884, 39, 132], [""보상해 드립니다."", 912, 36, 133]]"
000564,2026,06,25,2026-06-25,s1,0.68,소비기한 | 2026.06.25F01,"[[""소비기한"", 382, 30, 111], [""2026.06.25F01"", 460, 43, 254]]"
000568,2026,02,23,2026-02-23,s1,2.60,"유유향유 19760263004135 | 21021-15 | ：·0-10℃·9卫 | 이어이므로 잘흔들어드시기 바랍니다.항상냉 | ·용기가 변형,평창,손상되었을 경우 내용물이 변 | 질되었을 가능성이'높으므로 음용하지 마십시오. | ·이 제품은 알류,메밀,땅콩,대두,밀,복숭아,토 | 마토,호두,돼지고기,쇠고기를 사용한 제품과 같 | 은 제조시설에서 제조하고 있습니다. | 2026.02.23 | 21116100 3D","[[""19760263004135"", 315, 44, 162], [""유유향유"", 328, 33, 68], [""21021-15"", 402, 48, 67], [""：·0-10℃·9卫"", 430, 44, 74], [""이어이므로 잘흔들어드시기 바랍니다.항상냉"", 480, 32, 88], [""·용기가 변형,평창,손상되었을 경우 내용물이 변"", 532, 36, 80], [""질되었을 가능성이'높으므로 음용하지 마십시오."", 558, 32, 79], [""·이 제품은 알류,메밀,땅콩,대두,밀,복숭아,토"", 588, 26, 83], [""마토,호두,돼지고기,쇠고기를 사용한 제품과 같"", 616, 30, 83], [""은 제조시설에서 제조하고 있습니다."", 644, 26, 88], [""2026.02.23"", 700, 35, 140], [""21116100 3D"", 724, 33, 140]]"
000572,NONE,10,15,NONE-10-15,s1,2.86,영양정보 | LI三云 115 mg 6 % 탄수화물89 | 7014% 트랜스지방 0.5 g 마 | 人31mg10% | 다를 수 있습니다. | 홈페이지:www.foodis.com | ILDONG 일동후디스 | 10.1513:56,"[[""영양정보"", 80, 93, 127], [""탄수화물89"", 111, 80, 541], [""LI三云 115 mg 6 %"", 148, 79, 128], [""트랜스지방 0.5 g 마"", 182, 98, 436], [""7014%"", 210, 53, 212], [""人31mg10%"", 282, 79, 125], [""다를 수 있습니다."", 384, 53, 125], [""홈페이지:www.foodis.com"", 441, 102, 206], [""ILDONG 일동후디스"", 522, 93, 116], [""10.1513:56"", 622, 105, 59]]"
000573,NONE,NONE,NONE,NONE,fail,20.26,gx4컵 개입 전을에 | 냉장보관 320 g (288kcal / 80g×4) 오늘 하루 으거트 함식 오늘 하루 요거트 한스준 오늘 하루 요거트 한스푼 오늘 하루 요거트 한스분 오늘 하루 요거트 한스분 속비 속비 기한 한 10.2粥 10.22M 10.22 10.2 10.2 Peach Yogurt 복숭아 오늘 하루 요거트 한스준 | 좋은 좋은 좋은 좋은 음볼 오통 오는 오통 오늘 떠먹는 요거트 떠먹는 요거트 떠먹는 요거트 떠먹는 요거트 떠먹는 요거트 떠먹는 요거트 | GOODTODAY GOOD TODAY GOOD TODAY GOODTDOAY %0.002% 복숭아 복숭아 복숭아 복숭아 복숭아 오늘 하루 요거트 한스분 소비 기한 기한 10.2M | 음류 Peach Yogurt Peach Yogurt Peach Yogurt Poach Yogurt 떠먹는 요거트 10.22 | 2 Sonal 소비 10.2 | GOODTODAY 오는 유산균 프로바이오틱스 8먹마리 복숭아 오늘 하루 요거트 한스분 기한 | 연출된예 Peach Yogurt 떠먹는 요거트 | 좋은 | GOOD TODAY 320 g (288 kcal/ 80 gx4) 320 g (288kcal/ 0gx42) 320g(288kcal/80gx42) 320g (288kcal/ 80g×4) 320g(288ked/80gX4) 복숭아 프로바이오틱스 프로바이오틱스 프로바이오틱스 프로바이오틱스 8억마리 8억마리 8억마리 8먹마리 8억마리 | 개입 개입 개입 개입 1 냉장보관 냉장보관 냉장보관 받부럼 베속마비볼프로부이오스0m2 6%，0.0142% 6%0.00142% 6%0.0012% 유산균 유산균 유산균 유산균 | gx4법 gx4 gx 4 gx4컵 (0~10℃) (0~10℃) (0~10℃) (0~10℃） | Peach Yogurt 연출된예 연출된 예 연출된 예 연출된 예 | 8억마리 | 320 g (288kcal /80gX4) 프로바이오틱스 | 개입 냉장보관 1 6%0.00142% 유산균 | gx4럽 (0~10℃) | 연출된 예 | 8억마리 | 320g(288kcal/80g×4) 프로바이오틱스 | 개입 냉장보관 유산균 | gx4럽 (0~10℃) %002% | 연출된 예,"[[""10.2"", 254, 41, 441], [""오늘 하루 요거트 한스푼"", 278, 31, 149], [""오늘"", 309, 56, 18], [""떠먹는 요거트"", 325, 64, 150], [""좋은"", 354, 59, 15], [""복숭아"", 394, 71, 146], [""Peach Yogurt"", 438, 25, 148], [""8억마리"", 768, 55, 522], [""320g (288kcal/ 80g×4)"", 800, 41, 137], [""프로바이오틱스"", 802, 26, 532], [""개입"", 826, 39, 37], [""유산균"", 822, 26, 558], [""냉장보관"", 838, 30, 180], [""6%0.00142%"", 843, 42, 270], [""gx4"", 857, 34, 35], [""(0~10℃)"", 860, 29, 181], [""연출된 예"", 874, 31, 602], [""GOOD TODAY"", 390, 23, 14], [""한"", 262, 48, 382], [""10.22M"", 254, 48, 430], [""오늘 하루 요거트 한스준"", 278, 35, 148], [""오통"", 310, 67, 13], [""떠먹는 요거트"", 324, 75, 145], [""좋은"", 348, 81, 7], [""복숭아"", 394, 79, 140], [""GOODTODAY"", 388, 19, 14], [""Peach Yogurt"", 438, 23, 149], [""8억마리"", 766, 57, 518], [""320 g (288kcal/ 0gx42)"", 800, 51, 131], [""프로바이오틱스"", 800, 27, 533], [""개입"", 826, 41, 38], [""유산균"", 822, 21, 564], [""냉장보관"", 838, 31, 179], [""6%0.0012%"", 843, 46, 269], [""gx4컵"", 857, 38, 34], [""(0~10℃)"", 860, 32, 179], [""연출된 예"", 874, 34, 600], [""10.2粥"", 256, 55, 377], [""오늘 하루 으거트 함식"", 277, 35, 149], [""오는"", 310, 56, 16], [""떠먹는 요거트"", 325, 66, 150], [""좋은"", 353, 60, 15], [""복숭아"", 396, 77, 144], [""8억마리"", 767, 48, 525], [""320g(288ked/80gX4)"", 798, 37, 140], [""받부럼 베속마비볼프로부이오스0m2"", 847, 59, 144], [""10.22"", 254, 42, 441], [""속비"", 262, 36, 386], [""오늘 하루 요거트 한스분"", 277, 32, 149], [""GOODTDOAY"", 390, 19, 16], [""Poach Yogurt"", 438, 25, 148], [""8먹마리"", 768, 51, 523], [""320g(288kcal/80gx42)"", 800, 44, 136], [""프로바이오틱스"", 802, 27, 532], [""개입"", 826, 42, 37], [""유산균"", 822, 27, 562], [""냉장보관"", 838, 30, 181], [""6%，0.0142%"", 844, 45, 269], [""gx4법"", 858, 36, 34], [""(0~10℃)"", 860, 27, 183], [""연출된 예"", 874, 31, 603], [""오통"", 309, 58, 15], [""떠먹는 요거트"", 325, 64, 150], [""좋은"", 354, 59, 14], [""복숭아"", 394, 73, 145], [""속비"", 255, 24, 386], [""10.2"", 254, 38, 442], [""기한"", 270, 25, 387], [""음볼"", 332, 123, 5], [""오늘 하루 요거트 한스분"", 278, 32, 150], [""떠먹는 요거트"", 325, 64, 149], [""복숭아"", 394, 73, 145], [""GOOD TODAY"", 389, 20, 16], [""Peach Yogurt"", 439, 26, 147], [""8억마리"", 768, 52, 522], [""320 g (288 kcal/ 80 gx4)"", 800, 41, 136], [""프로바이오틱스"", 802, 28, 531], [""개입"", 826, 39, 34], [""유산균"", 822, 29, 561], [""1"", 840, 20, 148], [""gx 4"", 858, 35, 35], [""(0~10℃）"", 860, 26, 180], [""연출된예"", 874, 31, 602], [""gx4컵"", 70, 76, 83], [""개입"", 73, 73, 113], [""320 g (288kcal / 80g×4)"", 284, 294, 137], [""Peach Yogurt"", 204, 107, 510], [""복숭아"", 238, 183, 531], [""떠먹는 요거트"", 327, 355, 603], [""오늘 하루 요거트 한스준"", 260, 221, 668], [""냉장보관"", 216, 99, 105], [""%0.002%"", 390, 255, 98], [""기한"", 404, 31, 682], [""10.22"", 472, 72, 681], [""8먹마리"", 592, 143, 166], [""Sonal"", 521, 27, 687], [""2"", 536, 23, 689], [""프로바이오틱스"", 594, 116, 148], [""유산균"", 590, 56, 131], [""연출된예"", 638, 72, 74], [""전을에"", 28, 25, 691], [""10.2M"", 370, 63, 639], [""소비"", 370, 33, 564], [""기한"", 394, 33, 564], [""음류"", 486, 172, 10], [""오늘 하루 요거트 한스분"", 406, 40, 220], [""떠먹는 요거트"", 474, 92, 220], [""복숭아"", 575, 98, 212], [""GOODTODAY"", 567, 31, 25], [""Peach Yogurt"", 640, 33, 219], [""8억마리"", 1118, 73, 765], [""320 g (288kcal /80gX4)"", 1166, 52, 201], [""프로바이오틱스"", 1169, 32, 779], [""개입"", 1205, 56, 52], [""유산균"", 1199, 38, 821], [""냉장보관"", 1222, 41, 263], [""1"", 1221, 26, 368], [""6%0.00142%"", 1230, 56, 391], [""gx4럽"", 1253, 50, 51], [""(0~10℃)"", 1254, 37, 266], [""연출된 예"", 1274, 39, 881], [""10.2"", 507, 82, 886], [""소비"", 506, 47, 771], [""기한"", 542, 43, 773], [""오늘 하루 요거트 한스분"", 556, 54, 302], [""오는"", 618, 103, 35], [""떠먹는 요거트"", 650, 140, 297], [""좋은"", 708, 114, 31], [""복숭아"", 786, 141, 292], [""GOOD TODAY"", 778, 33, 33], [""Peach Yogurt"", 878, 43, 301], [""8억마리"", 1532, 105, 1049], [""320g(288kcal/80g×4)"", 1600, 80, 276], [""프로바이오틱스"", 1604, 39, 1071], [""개입"", 1652, 70, 82], [""유산균"", 1644, 45, 1128], [""냉장보관"", 1674, 55, 359], [""%002%"", 1686, 71, 548], [""gx4럽"", 1716, 59, 74], [""(0~10℃)"", 1721, 46, 368], [""연출된 예"", 1748, 56, 1208]]"
000577,2026,04,20,2026-04-20,s1,1.02,지퍼를 달아 보관해 | s25.06.1 | 래식 2026.04.201A | DDODC,"[[""지퍼를 달아 보관해"", 79, 30, 574], [""s25.06.1"", 192, 43, 587], [""래식"", 488, 175, 0], [""2026.04.201A"", 468, 56, 271], [""DDODC"", 757, 32, 241]]"
000581,2026,02,25,2026-02-25,s1,1.32,·보관방법:직사광신이도 | 소비 2026.02.25 까지B | 기한 비늘 | OT,"[[""·보관방법:직사광신이도"", 23, 51, 41], [""소비"", 504, 50, 60], [""2026.02.25 까지B"", 528, 75, 142], [""기한"", 548, 47, 65], [""비늘"", 560, 48, 821], [""OT"", 651, 44, 790]]"
000582,2025,01,21,2025-01-21,s1,0.83,2025-1.21.까자.F1 | 6 | With,"[[""2025-1.21.까자.F1"", 430, 52, 103], [""6"", 747, 55, 594], [""With"", 818, 99, 449]]"
000586,2026,03,14,2026-03-14,erode5,3.28,2026.03.14지,"[[""2026.03.14지"", 446, 86, 86]]"
000590,2025,12,05,2025-12-05,s1,1.08,2025.12.05까지16:01:02,"[[""2025.12.05까지16:01:02"", 591, 62, 128]]"
000594,2026,08,25,2026-08-25,s1,2.15,기운내 E 야문국 | 티타임 | 아잔 아지! 에C | from | 2025.08.26부터2 표 | 2026.08.25까지B,"[[""기운내"", 106, 57, 183], [""아잔"", 196, 183, 75], [""아지!"", 204, 175, 212], [""야문국"", 139, 39, 845], [""E"", 149, 30, 749], [""티타임"", 184, 36, 707], [""에C"", 222, 38, 732], [""from"", 284, 45, 185], [""2025.08.26부터2"", 332, 63, 286], [""2026.08.25까지B"", 382, 69, 279], [""표"", 381, 58, 771]]"
000598,2026,03,09,2026-03-09,s1,4.38,"소비기한 측면표기일까지 | HACCP HACCP 인증제품 | 5：2017041515830 | 8801117546519 | 밀,달갈,우유,대두 함유 | 소비 부터 | 25.09.10(09:55) | 의한 피해보상·직사광선을 피해 기한 26.03.09(A) F4 까지 | ）080-023-5700（) | 및 구입한 곳","[[""소비기한 측면표기일까지"", 14, 31, 120], [""HACCP"", 52, 28, 553], [""HACCP 인증제품"", 58, 33, 645], [""5：2017041515830"", 102, 37, 2], [""8801117546519"", 254, 35, 539], [""밀,달갈,우유,대두 함유"", 313, 36, 108], [""소비"", 338, 32, 458], [""부터"", 341, 36, 865], [""25.09.10(09:55)"", 356, 35, 525], [""의한 피해보상·직사광선을 피해"", 386, 38, 1], [""기한"", 390, 35, 458], [""26.03.09(A) F4"", 392, 45, 517], [""까지"", 386, 38, 863], [""）080-023-5700（)"", 419, 36, 1], [""및 구입한 곳"", 456, 34, 2]]"
000602,2026,09,22,2026-09-22,s1,1.09,CROWN | 2025.09.23A 부터 | 2026.09.22 까지 | 맛있는 약속,"[[""CROWN"", 64, 49, 414], [""2025.09.23A"", 268, 69, 202], [""부터"", 262, 38, 525], [""까지"", 330, 50, 533], [""2026.09.22"", 344, 69, 199], [""맛있는 약속"", 345, 54, 627]]"
000606,2026,10,01,2026-10-01,erode5,12.96,"프시니 넣니보다간 하기 손의기법는내에를 ,중로로품것 수있습다 | 품클래식 ：CA5006 | 품의 유형 | 레스첨(멸균제품 2026년 10월 01일 | 189.600g | 200:5 까지 | D50Kca","[[""하기 손의기법는내에를 ,중로로품것"", 170, 46, 285], [""프시니 넣니보다간"", 190, 34, 269], [""수있습다"", 188, 28, 608], [""품클래식"", 230, 33, 27], [""：CA5006"", 250, 48, 267], [""품의 유형"", 265, 30, 20], [""레스첨(멸균제품"", 302, 31, 16], [""189.600g"", 338, 31, 7], [""200:5"", 374, 31, 8], [""D50Kca"", 412, 33, 9], [""2026년 10월 01일"", 312, 53, 325], [""까지"", 371, 48, 647]]"
000610,2026,06,04,2026-06-04,s1,1.34,NCE1065 F.1 | 주동 | 기는 2026.06.04까지,"[[""F.1"", 216, 52, 393], [""NCE1065"", 214, 23, 2], [""주동"", 272, 103, 0], [""기는"", 363, 36, 0], [""2026.06.04까지"", 374, 55, 392]]"
000614,2026,03,07,2026-03-07,s1,1.53,보비기한 | 2026.03.07 A | 16:09,"[[""보비기한"", 209, 50, 187], [""2026.03.07 A"", 252, 50, 352], [""16:09"", 309, 51, 412]]"
000618,2026,08,26,2026-08-26,s1,3.53,"V3LH(30g),将32含 | ※ 전자레인지 조리 불가 | 1.号1.5cm 2.팬에 식용유를 넣고 중불에 | 깍뜻 쌀고,대파는 앞게 1분 정도 충분히 예열한 뒤, 3.대파를 넣고 1분간 더 볶다가 두부와 | 소스를 넣고 30초간 꽃이면 완성! | 어슷 썰어주세요 돼지고기를 넣고 2분간 잘 볶아주세요 | 트러은 마파두부 Tip | 홍콩식 마파두부의 소비기한 | 다양한 레시피를 2026.08-26701553 | 확인해보세요 | 소스(살균 품)품목보고번호 199104450779152 소비기한 후면 표시일 | 정제쉬 양피 | 지가장","[[""V3LH(30g),将32含"", 36, 37, 1], [""※ 전자레인지 조리 불가"", 36, 30, 684], [""1.号1.5cm"", 90, 28, 13], [""2.팬에 식용유를 넣고 중불에"", 84, 30, 319], [""3.대파를 넣고 1분간 더 볶다가 두부와"", 88, 31, 609], [""깍뜻 쌀고,대파는 앞게"", 118, 31, 37], [""1분 정도 충분히 예열한 뒤,"", 111, 28, 329], [""소스를 넣고 30초간 꽃이면 완성!"", 114, 28, 629], [""어슷 썰어주세요"", 146, 31, 49], [""돼지고기를 넣고 2분간 잘 볶아주세요"", 138, 32, 290], [""트러은 마파두부 Tip"", 198, 33, 3], [""소비기한"", 254, 43, 220], [""홍콩식 마파두부의"", 258, 36, 25], [""2026.08-26701553"", 264, 46, 397], [""다양한 레시피를"", 287, 37, 34], [""확인해보세요"", 317, 36, 47], [""소비기한"", 347, 38, 598], [""후면 표시일"", 340, 45, 722], [""199104450779152"", 356, 41, 338], [""소스(살균 품)품목보고번호"", 376, 61, 1], [""정제쉬 양피"", 422, 46, 0], [""지가장"", 442, 23, 226]]"
000622,2027,01,02,2027-01-02,s1,2.11,양파(중)1기 | 남은 국물에 | 700 2 끓기 시작하면 야채와 볶아 드셔도 | 양념을 넣고 센 불에 추가재료를 넣고 면을 따로 삶 | 3분간 끓입니다. 약 5분간 더 끓입니다. 더욱 맛있습! | 신비가한 2027.01.2 | 식품유형 소스(살균제품) 품목보고번호 포리프르픽레반품 1991044507755,"[[""양파(중)1기"", 24, 37, 867], [""남은 국물에"", 68, 36, 861], [""700"", 100, 39, 260], [""볶아 드셔도"", 97, 34, 861], [""2 끓기 시작하면 야채와"", 108, 34, 536], [""양념을 넣고 센 불에"", 133, 48, 258], [""추가재료를 넣고"", 140, 31, 562], [""면을 따로 삶"", 139, 33, 859], [""3분간 끓입니다."", 166, 41, 259], [""약 5분간 더 끓입니다."", 172, 29, 560], [""더욱 맛있습!"", 170, 33, 859], [""신비가한"", 272, 49, 54], [""2027.01.2"", 303, 61, 375], [""식품유형"", 415, 56, 64], [""품목보고번호"", 410, 54, 507], [""1991044507755"", 399, 46, 725], [""소스(살균제품)"", 418, 52, 237], [""포리프르픽레반품"", 439, 30, 720]]"
000623,2027,03,10,2027-03-10,det5,2.64,"기타과남데 매미(국산)3 | 교고추의기스C,감귤류추출물 대두,밀함유 제L-루타산나트륨(*미증전제),전산류 | 2027.03.10 까지 GA | DA6","[[""기타과남데"", 20, 43, 155], [""매미(국산)3"", 16, 43, 451], [""제L-루타산나트륨(*미증전제),전산류"", 163, 84, 140], [""교고추의기스C,감귤류추출물 대두,밀함유"", 204, 77, 141], [""2027.03.10"", 258, 55, 211], [""까지"", 259, 44, 585], [""GA"", 280, 20, 642], [""DA6"", 300, 40, 575]]"
000627,2022,01,08,2022-01-08,erode5,3.11,IEROJUKAD | 2022:1:8 | ugarljl | 맛있는 | 약젤리 | 포도,"[[""IEROJUKAD"", 106, 41, 459], [""2022:1:8"", 410, 64, 180], [""ugarljl"", 525, 50, 112], [""맛있는"", 607, 126, 87], [""약젤리"", 698, 98, 145], [""포도"", 790, 103, 159]]"
000628,2025,02,03,2025-02-03,det5,1.40,25.02.03/1300LF1,"[[""25.02.03/1300LF1"", 398, 115, 220]]"
000632,2025,12,28,2025-12-28,s1,2.34,스브산칼륨(모촌) | 도 안산시 단원구 시화로38(성곡동 | 680-5678 | 구입저 및 판매원 포장재질 내면:폴리에틸렌 | IO°C 이상에서 5분 이상 살균 | 안전관리인증 | 2025.12.28 HACCP | N1065,"[[""스브산칼륨(모촌)"", 16, 33, 110], [""도 안산시 단원구 시화로38(성곡동"", 36, 69, 116], [""680-5678"", 122, 41, 38], [""포장재질 내면:폴리에틸렌"", 128, 57, 225], [""구입저 및 판매원"", 154, 53, 15], [""IO°C 이상에서 5분 이상 살균"", 184, 65, 2], [""안전관리인증"", 336, 27, 451], [""HACCP"", 354, 30, 452], [""2025.12.28"", 402, 75, 164], [""N1065"", 474, 53, 414]]"
000636,2026,03,09,2026-03-09,s1,1.08,투실당 | 2026.03.09까지 | 한그릇,"[[""투실당"", 30, 64, 336], [""2026.03.09까지"", 496, 95, 90], [""한그릇"", 908, 77, 0]]"
000640,2026,02,08,2026-02-08,s1,0.71,기한 | 2026.02.08 | 까지,"[[""기한"", 337, 34, 0], [""2026.02.08"", 384, 85, 71], [""까지"", 385, 39, 414]]"
000642,2025,03,01,2025-03-01,det5,5.51,2025.03.01 | 껌블 | 400 | 영양정보 100 g 495 kcal | 388 1일 영 오 오 양성 0 분율 | 기씨 100 g  기준치에 대한 비 | 글리 [설 나트륨 150 mg 8% | 탄수화물 65g 20 % | 당류 21g 21% | 지방 23g 43 % | 트랜스지방 0g | L 36%,"[[""2025.03.01"", 288, 94, 178], [""껌블"", 457, 200, 0], [""400"", 542, 71, 218], [""영양정보"", 594, 84, 57], [""100 g 495 kcal"", 578, 71, 190], [""양성"", 603, 24, 318], [""분율"", 618, 67, 360], [""1일"", 618, 30, 266], [""영"", 610, 21, 297], [""388"", 629, 28, 0], [""오"", 621, 12, 302], [""오"", 619, 14, 322], [""0"", 616, 14, 346], [""비"", 632, 45, 334], [""100 g "", 658, 42, 63], [""기준치에 대한"", 645, 58, 206], [""기씨"", 666, 33, 0], [""8%"", 680, 44, 340], [""[설"", 698, 36, 0], [""나트륨"", 710, 40, 58], [""150 mg"", 700, 35, 168], [""글리"", 726, 35, 0], [""20"", 734, 37, 335], [""%"", 729, 32, 377], [""65g"", 748, 37, 187], [""탄수화물"", 756, 41, 55], [""21g"", 800, 43, 203], [""21%"", 784, 50, 345], [""당류"", 805, 42, 86], [""43"", 838, 47, 348], [""%"", 832, 30, 389], [""지방"", 858, 39, 49], [""23g"", 854, 42, 144], [""트랜스지방"", 910, 46, 83], [""0g"", 906, 43, 238], [""36%"", 934, 51, 358], [""L"", 955, 8, 150]]"
000645,2025,05,13,2025-05-13,s1,2.32,"2025-5-13 | LR13303:51 | No Brand | 브랜드가 아니다.소비자다 | 수입원(주)이마트/ | 서울특별시 중구 세종 선 피하고 | 대로7길3기(순환독) ：021380.5678 늘봉 | 소비기한 용기 상단 주시고 개봉후 잘흔들어 | 별도 표시일까지 반드시냉장보관 | (년.월.일순) | 원재료명사과주스 | (사과퓨레,사관농축물), | 포도추스(정제수,폭로 | 당근농축액) | (망고퓨레,","[[""2025-5-13"", 394, 46, 95], [""LR13303:51"", 427, 61, 91], [""No Brand"", 554, 45, 125], [""브랜드가 아니다.소비자다"", 573, 42, 128], [""선"", 686, 25, 376], [""피하고"", 678, 28, 416], [""늘봉"", 714, 40, 376], [""수입원(주)이마트/"", 698, 65, 123], [""잘흔들어"", 714, 33, 417], [""서울특별시 중구 세종"", 717, 72, 129], [""주시고"", 738, 27, 357], [""개봉후"", 734, 37, 413], [""대로7길3기(순환독)"", 738, 69, 133], [""반드시냉장보관"", 753, 38, 356], [""：021380.5678"", 755, 66, 137], [""소비기한 용기 상단"", 777, 59, 144], [""별도 표시일까지"", 801, 55, 147], [""(년.월.일순)"", 821, 50, 153], [""원재료명사과주스"", 836, 59, 155], [""(사과퓨레,사관농축물),"", 853, 66, 158], [""포도추스(정제수,폭로"", 870, 65, 162], [""당근농축액)"", 893, 45, 239], [""(망고퓨레,"", 910, 39, 248]]"
000649,2027,04,07,2027-04-07,erode5,9.17,제껑류 | 2027.04.07까지 | 10:24 2009K | 레순한맛 더맛있고 | SE CURRY MILD | 20010445055181,"[[""제껑류"", 91, 76, 170], [""더맛있고"", 566, 33, 375], [""SE CURRY MILD"", 652, 37, 2], [""20010445055181"", 906, 38, 220], [""2027.04.07까지"", 492, 61, 27], [""10:24 2009K"", 532, 63, 28], [""레순한맛"", 600, 80, 0]]"
000653,2027,01,19,2027-01-19,s1,1.20,제조번호 C08474B | 사용기한: 2027.01.19,"[[""C08474B"", 461, 49, 192], [""제조번호"", 474, 41, 23], [""2027.01.19"", 500, 56, 196], [""사용기한:"", 530, 41, 29]]"
000657,2026,07,27,2026-07-27,s1,0.90,렌스지방 8g | 화지방 19 4% 11 | 스테를 1e mg 3% 89 | 질 50 7% 24 | 2026.07.27까지,"[[""렌스지방"", 80, 49, 0], [""8g"", 84, 37, 169], [""화지방"", 127, 46, 0], [""19"", 130, 39, 172], [""4%"", 133, 40, 279], [""11"", 140, 39, 495], [""스테를"", 172, 45, 2], [""1e mg"", 173, 42, 134], [""3%"", 174, 41, 282], [""89"", 180, 40, 500], [""질"", 218, 37, 4], [""50"", 216, 30, 175], [""7%"", 216, 35, 287], [""24"", 221, 36, 495], [""2026.07.27까지"", 490, 72, 97]]"
000661,2026,04,17,2026-04-17,s1,3.44,SNEFI! | 영양정보 140g615kcal | 三号200mg 10% 지방 | 탄수화물 93g29% 24g44% | 트랜스지방 0.5g미만 | 당류 48g48% | 콜레스테롤20mg 7% 단백질 | 7g13% | 2026.04.17까지A10:04 | 소비 | 기한 | 38017281108748 | HACCP,"[[""SNEFI!"", 40, 91, 147], [""140g615kcal"", 158, 92, 192], [""영양정보"", 146, 62, 17], [""10%"", 194, 37, 181], [""지방"", 198, 44, 255], [""三号200mg"", 198, 53, 6], [""24g44%"", 220, 52, 383], [""93g29%"", 236, 44, 108], [""탄수화물"", 239, 44, 6], [""트랜스지방 0.5g미만"", 256, 62, 282], [""48g48%"", 276, 48, 113], [""당류"", 280, 43, 23], [""콜레스테롤20mg"", 319, 45, 1], [""7%"", 320, 29, 186], [""단백질"", 322, 35, 255], [""7g13%"", 345, 50, 394], [""2026.04.17까지A10:04"", 525, 52, 112], [""소비"", 550, 40, 27], [""기한"", 586, 39, 31], [""38017281108748"", 751, 32, 158], [""HACCP"", 838, 22, 413]]"
000665,2026,03,25,2026-03-25,s1,3.13,"고환 제조원 및 구입처 나트륨 제용량당 1일 영양성분기준 에 대한내 | 직사광선을 피하여 건조하고 탄수화물 | 서늘한 곳에 실온보관 당류 26g | 사용한 제품과 같은 제조시설에서 제조 은 알레르기 발생 가능성이 있는 토마토 트랜스지방 20g | 포화지방 0g | 니다.개봉시 포장재 절단면이 날카 콜레스테롤 | !으니 주의하세요 45mg15% | 죽은 공정거래위원회 고시 소비자분쟁 3g5% | 에의거 교환 또는 보상받을 수 있습니다. 기준이므로 개인의 필요 열량에 따라 대를 수 있습다. | 139 | 의 신선도를 유지하기 위해 넣은 선도 | 는 드시지 마십시오 | 2026.03,25","[[""제조원 및 구입처"", 16, 35, 42], [""제용량당 1일 영양성분기준 에 대한내"", 32, 67, 366], [""고환"", 26, 33, 0], [""나트륨"", 32, 29, 345], [""직사광선을 피하여 건조하고"", 51, 48, 9], [""탄수화물"", 65, 36, 337], [""서늘한 곳에 실온보관"", 83, 48, 12], [""당류"", 86, 30, 341], [""26g"", 94, 32, 428], [""은 알레르기 발생 가능성이 있는 토마토"", 120, 56, 0], [""트랜스지방"", 137, 34, 346], [""20g"", 136, 29, 431], [""사용한 제품과 같은 제조시설에서 제조"", 150, 56, 0], [""포화지방"", 157, 33, 345], [""0g"", 156, 27, 439], [""니다.개봉시 포장재 절단면이 날카"", 182, 57, 0], [""콜레스테롤"", 182, 30, 344], [""45mg15%"", 202, 40, 428], [""!으니 주의하세요"", 213, 40, 1], [""3g5%"", 229, 34, 444], [""죽은 공정거래위원회 고시 소비자분쟁"", 243, 52, 0], [""기준이므로 개인의 필요 열량에 따라 대를 수 있습다."", 259, 43, 345], [""에의거 교환 또는 보상받을 수 있습니다."", 274, 43, 0], [""139"", 306, 39, 0], [""의 신선도를 유지하기 위해 넣은 선도"", 337, 41, 0], [""는 드시지 마십시오"", 372, 36, 0], [""2026.03,25"", 510, 39, 112]]"
000666,2025,08,01,2025-08-01,det5,2.82,LOTTE | 801062893546 | 25:08.01 A 까지,"[[""LOTTE"", 352, 34, 0], [""801062893546"", 438, 32, 158], [""25:08.01 A"", 549, 138, 33], [""까지"", 582, 53, 446]]"
000670,2026,06,24,2026-06-24,erode5,2.64,넷이 | 0 | 25.09.25 | 26.06.24P,"[[""넷이"", 105, 50, 8], [""0"", 301, 48, 22], [""25.09.25"", 445, 66, 8], [""26.06.24P"", 489, 68, 13]]"
000674,2026,06,02,2026-06-02,s1,1.08,연미 BIo | 귀리 Oats | 백미 White | 난소화성밀 | 단백질11 | 희원 1（190g7 | 소비 26.06.02 | 기한 | LT5 까지,"[[""연미 BIo"", 13, 29, 391], [""귀리"", 58, 47, 392], [""Oats"", 54, 31, 464], [""백미"", 184, 51, 400], [""White"", 188, 29, 479], [""난소화성밀"", 252, 47, 404], [""단백질11"", 364, 54, 404], [""희원"", 418, 35, 16], [""1（190g7"", 402, 26, 445], [""26.06.02"", 494, 61, 198], [""소비"", 508, 34, 2], [""기한"", 538, 33, 5], [""까지"", 538, 32, 484], [""LT5"", 553, 36, 86]]"
000678,2026,07,24,2026-07-24,s1,1.35,"명반나트륨), 정제소금,가수문 | 옥수수,밀),탄산나트륨,향소 | 말, s 효모추출물, 변성전분,5'리 | 티드이나트륨, 물,카라멜색소|,초산 | 추추출물 밀,우유,대두,토 | 폴리에틸렌(내포장) 원 | LONE | N1409 는 모두 이마트의 | 노ECY과실천 | 2026.7.24 | J210","[[""명반나트륨),"", 19, 34, 138], [""정제소금,가수문"", 38, 78, 320], [""옥수수,밀),탄산나트륨,향소"", 70, 113, 190], [""말, s"", 96, 27, 156], [""효모추출물,"", 94, 43, 196], [""변성전분,5'리"", 120, 85, 342], [""티드이나트륨,"", 133, 41, 148], [""물,카라멜색소|,초산"", 156, 90, 284], [""추추출물"", 170, 42, 138], [""밀,우유,대두,토"", 207, 82, 313], [""폴리에틸렌(내포장)"", 232, 69, 128], [""LONE"", 237, 68, 46], [""원"", 258, 31, 420], [""N1409"", 308, 80, 25], [""노ECY과실천"", 346, 49, 24], [""는 모두 이마트의"", 370, 47, 422], [""2026.7.24"", 482, 111, 114], [""J210"", 591, 69, 171]]"
000682,2026,01,25,2026-01-25,s2,1.11,2026.01.2512:421m11J1 | 그부드러운 갈,"[[""갈"", 677, 337, 273], [""그부드러운"", 639, 53, 3], [""2026.01.2512:421m11J1"", 476, 59, 35]]"
000686,2025,10,03,2025-10-03,s2,4.46,우려가 있으니 섭취 시 주의하시기 바랍니다.-실조 | -조리방법:중간불에서 가열 조리 후 섭취 | 영양정보 | 나트륨 600mg30% 탄수화물 | 4.9 | 引量40mg13% 단백 | 1（%）2000kcal0 | 81809148793278 | 제조일자 소비기한 | 2025.10.032025.10.12까지 | 반품 및 교환처:구입처 및 제조원,"[[""영양정보"", 112, 53, 18], [""탄수화물"", 165, 40, 411], [""나트륨"", 175, 40, 27], [""600mg30%"", 171, 40, 130], [""단백"", 252, 44, 483], [""引量40mg13%"", 260, 49, 39], [""소비기한"", 472, 36, 339], [""제조일자"", 481, 36, 61], [""반품 및 교환처:구입처 및 제조원"", 605, 41, 39], [""우려가 있으니 섭취 시 주의하시기 바랍니다.-실조"", 16, 31, 5], [""-조리방법:중간불에서 가열 조리 후 섭취"", 49, 39, 8], [""4.9"", 214, 53, 33], [""1（%）2000kcal0"", 302, 45, 17], [""81809148793278"", 424, 46, 49], [""2025.10.032025.10.12까지"", 536, 45, 35]]"
000690,2025,10,11,2025-10-11,s1,2.26,메가피자불고기버 | 2025.10.08.01시 부터 | 2025.10.11.22시 까지 | 880106892402222211 | 号/1/FC35 | Y표,"[[""메가피자불고기버"", 352, 59, 115], [""2025.10.08.01시 부터"", 396, 57, 97], [""2025.10.11.22시 까지"", 442, 59, 96], [""880106892402222211"", 632, 73, 103], [""号/1/FC35"", 668, 81, 114], [""Y표"", 872, 153, 433]]"
000694,2026,09,01,2026-09-01,erode5,6.20,보인 기기 | 제속개통합 정법품 | SUSTAINADLE CACO | 26.09.01 A3,"[[""보인 기기"", 224, 35, 318], [""제속개통합 정법품"", 294, 32, 297], [""SUSTAINADLE CACO"", 324, 41, 216], [""26.09.01 A3"", 430, 71, 151]]"
000698,NONE,10,12,NONE-10-12,s1,0.95,"10.12 R1435 | 낮아진 | 당 함량 20%00WN 12 | *식약처 평균값 대비 | CHU아상컵당,아연함","[[""10.12 R1435"", 383, 76, 122], [""낮아진"", 538, 48, 33], [""당 함량"", 574, 47, 36], [""12"", 584, 53, 418], [""20%00WN"", 606, 25, 45], [""*식약처 평균값 대비"", 674, 31, 39], [""CHU아상컵당,아연함"", 910, 69, 0]]"
000699,NONE,NONE,NONE,NONE,fail,14.85,"50 豆腐 0묘 5 | 차 차 콘즈,와사비 미 포함 809720 모찌리 차모찌리도 차모찌리도 모찌리도 모찌리도 2025 모찌리 5표 | 2025 2025 2025 2025 202510 822525 37 차모찌리 모찌리 | 이 809720 809720 809720 809720 809720 822525 822525 822525 822525 822525 | 콘즈,와사비 미 포림 몬즈,와사비미 포함 몬즈,와사비 미 포함 몬즈,와사비 미 포함 폰즈,와사비 미 포함 | 의1과 백김 에탄구견 판료 위리레 원품명위인/정류 | 2025 2025 | mmm | 8 809720 809720 822525 822525 | 몬즈,와사비미 포함 몬즈,와사비 미 포함 | 정품1고 탄단강","[[""차모찌리도"", 198, 171, 0], [""2025"", 494, 52, 85], [""809720"", 729, 39, 138], [""822525"", 726, 33, 331], [""폰즈,와사비 미 포함"", 787, 57, 134], [""5"", 84, 151, 63], [""모찌리"", 198, 196, 0], [""202510"", 491, 68, 79], [""809720"", 728, 42, 135], [""822525"", 724, 43, 326], [""몬즈,와사비 미 포함"", 788, 67, 128], [""의1과 백김"", 908, 65, 131], [""원품명위인/정류"", 906, 68, 296], [""2025"", 496, 51, 84], [""37"", 490, 27, 207], [""809720"", 729, 40, 136], [""822525"", 724, 35, 330], [""콘즈,와사비 미 포림"", 787, 58, 132], [""豆腐"", 84, 127, 2], [""모찌리도"", 198, 170, 93], [""차"", 206, 87, 11], [""2025"", 495, 50, 84], [""809720"", 729, 40, 138], [""822525"", 726, 33, 330], [""몬즈,와사비미 포함"", 787, 57, 132], [""50"", 85, 131, 0], [""모찌리도"", 196, 163, 91], [""차"", 205, 90, 10], [""0묘"", 82, 122, 6], [""차모찌리도"", 197, 160, 0], [""2025"", 496, 47, 86], [""809720"", 730, 37, 140], [""822525"", 726, 29, 330], [""몬즈,와사비 미 포함"", 787, 58, 133], [""에탄구견 판료 위리레"", 913, 48, 208], [""모찌리"", 257, 514, 684], [""2025"", 146, 129, 439], [""5표"", 302, 460, 811], [""콘즈,와사비 미 포함"", 294, 313, 146], [""809720"", 208, 136, 212], [""822525"", 389, 124, 218], [""차모찌리"", 399, 389, 0], [""2025"", 992, 100, 171], [""822525"", 1450, 65, 662], [""809720"", 1458, 72, 279], [""몬즈,와사비미 포함"", 1574, 105, 265], [""모찌리"", 397, 394, 0], [""이"", 736, 92, 2], [""2025"", 992, 99, 169], [""mmm"", 1305, 136, 329], [""822525"", 1448, 67, 660], [""809720"", 1457, 74, 279], [""8"", 1469, 50, 136], [""몬즈,와사비 미 포함"", 1574, 103, 269], [""정품1고 탄단강"", 1822, 101, 272]]"
000703,2026,01,25,2026-01-25,s1,1.06,흔들어 | 소비기한 드세요! | 2026.01.25 16:468 | 부담 없이 맛있는 초코우유,"[[""흔들어"", 344, 45, 408], [""드세요!"", 386, 47, 404], [""소비기한"", 394, 41, 49], [""2026.01.25 16:468"", 469, 64, 53], [""부담 없이 맛있는 초코우유"", 555, 36, 65]]"
000707,2026,08,19,2026-08-19,s1,0.63,2026.08.19B,"[[""2026.08.19B"", 508, 53, 122]]"
000711,2025,10,09,2025-10-09,s1,1.61,간 년 연중무휴 국밥 | 얼콘 순살감자탕 ㅇ밥 | 소비el | 2025.10.09 | 까지 | OTHER | 809011 836361,"[[""간 년"", 360, 37, 130], [""연중무휴"", 365, 36, 226], [""국밥"", 366, 39, 351], [""얼콘"", 425, 70, 106], [""순살감자탕"", 432, 77, 143], [""ㅇ밥"", 433, 50, 447], [""소비el"", 536, 31, 80], [""2025.10.09"", 581, 39, 188], [""까지"", 632, 25, 468], [""OTHER"", 740, 22, 450], [""809011"", 803, 25, 158], [""836361"", 802, 23, 278]]"
000715,2026,06,26,2026-06-26,det5,4.48,영양정보 242N | 비닐류 L三130mg7% 日个站量34g10%日弄20020% 60% | 지방10g 19% 트랜스지방 0g 포화지방9 | THER 콜레스테롤 Omg 0% 단백질 AC 7% | EXP:26/06/2026,"[[""242N"", 16, 34, 397], [""영양정보"", 47, 78, 73], [""60%"", 68, 36, 466], [""日个站量34g10%日弄20020%"", 64, 104, 220], [""포화지방9"", 86, 55, 366], [""L三130mg7%"", 104, 51, 64], [""비닐류"", 130, 37, 0], [""트랜스지방 0g"", 118, 49, 226], [""지방10g"", 140, 41, 64], [""19%"", 132, 33, 148], [""AC"", 143, 18, 315], [""7%"", 136, 27, 346], [""0%"", 161, 28, 200], [""단백질"", 151, 38, 255], [""콜레스테롤"", 174, 41, 63], [""Omg"", 166, 34, 148], [""THER"", 194, 51, 0], [""EXP:26/06/2026"", 467, 94, 61]]"
000719,2026,04,04,2026-04-04,s1,1.29,2026.04.04 1 | 10277101:57LJH | 흔들어 드세요! Shake it!,"[[""2026.04.04 1"", 392, 61, 90], [""10277101:57LJH"", 438, 53, 97], [""Shake it!"", 530, 102, 330], [""흔들어 드세요!"", 546, 41, 15]]"
000722,2026,08,01,2026-08-01,det5,1.16,26.08.1 | .0804,"[[""26.08.1"", 268, 53, 218], ["".0804"", 572, 57, 248]]"
000723,NONE,NONE,NONE,NONE,fail,5.77,상단의 량 22 | BT 26 | 26 26.050 | 상단의 량는 기오필법 상단의 링는피오일입니는 상단의 량는 피오벌입니나 상단의 량는 오캘입니니 상단의 량 보콜 입니 | 제조원 제조원퇴 제조원 제조원롯레 제조웨데 22 | 상단의 량 기보늘법 상단의 량는 니오필입니 나1 | 제조원 제조원제질 제질성,"[[""상단의 링는피오일입니는"", 862, 74, 148], [""제조원퇴"", 928, 59, 149], [""26"", 374, 35, 135], [""상단의 량는 오캘입니니"", 859, 100, 136], [""제조원"", 925, 71, 136], [""상단의 량는 기오필법"", 862, 70, 149], [""제조웨데"", 926, 59, 151], [""상단의 량는 피오벌입니나"", 861, 78, 148], [""제조원"", 927, 62, 149], [""BT"", 369, 12, 136], [""상단의 량 보콜 입니"", 859, 90, 147], [""제조원롯레"", 926, 65, 148], [""상단의 량"", 218, 135, 65], [""22"", 208, 46, 802], [""26"", 748, 53, 266], [""22"", 940, 77, 209], [""나1"", 1680, 62, 905], [""상단의 량 기보늘법"", 1730, 130, 295], [""제조원제질"", 1847, 148, 285], [""26.050"", 750, 95, 260], [""상단의 량는 니오필입니"", 1724, 162, 286], [""제질성"", 1830, 158, 629], [""제조원"", 1856, 123, 295]]"
000725,2026,04,16,2026-04-16,s1,0.90,26.04.16까지 09:20,"[[""26.04.16까지 09:20"", 461, 66, 54]]"
000729,2026,01,07,2026-01-07,s1,1.34,"1장국 | 소비기한 | 2026,01.07 | 04:55 | 3A] 까지 | 사골 육수와 들기름으로 | 맛을 낸 구수한 국물 | 한 번 볶아내 | 고소한 황태 | 두부를 더해 | 부드러운 식감 | 태듬뿐해장국 조리방법","[[""1장국"", 174, 103, 0], [""소비기한"", 286, 39, 11], [""2026,01.07"", 362, 54, 73], [""04:55"", 438, 55, 64], [""3A]"", 522, 40, 0], [""까지"", 538, 49, 448], [""사골 육수와 들기름으로"", 648, 39, 290], [""맛을 낸 구수한 국물"", 679, 38, 287], [""한 번 볶아내"", 730, 29, 286], [""고소한 황태"", 756, 33, 284], [""두부를 더해"", 808, 37, 280], [""부드러운 식감"", 840, 41, 277], [""태듬뿐해장국 조리방법"", 930, 59, 4]]"
000732,2026,03,16,2026-03-16,det5,1.70,2026.03.16까지,"[[""2026.03.16까지"", 437, 66, 8]]"
000734,2025,10,28,2025-10-28,s1,2.71,080-855-55257GSTHEFRESH080-345-T700 | 총내용 | 3% 1g0.2% 당류 0 | 4g 7% 트랜스지방 0 g 포화지방2.5 | mg 5% 6g11% 196m | 리얼프라이스는 가격과 품질의 합리적 | 809117 022323 | 2025.10.28까지!,"[[""080-855-55257GSTHEFRESH080-345-T700"", 18, 43, 0], [""총내용"", 50, 43, 493], [""당류 0"", 130, 49, 402], [""3%"", 144, 49, 9], [""1g0.2%"", 135, 49, 116], [""포화지방2.5"", 174, 41, 412], [""트랜스지방 0 g"", 184, 44, 120], [""4g 7%"", 194, 55, 0], [""196m"", 220, 43, 408], [""6g11%"", 227, 56, 117], [""mg 5%"", 240, 51, 0], [""리얼프라이스는 가격과 품질의 합리적"", 361, 34, 30], [""809117"", 391, 26, 374], [""022323"", 384, 28, 465], [""2025.10.28까지!"", 452, 81, 100]]"
000736,2026,12,17,2026-12-17,s1,3.00,품명 오/늘/은 말차 식품유형 고형차 | 중량 100g | 장재질 폴리에틸렌 품목보고번호 200906311472 | 원및 판매원 | 소비자 상담실 064-787-2254www.onulun.com | 장 주의사항 직사광선을 피하고 건냉한 곳에 보관하십시오. | 기한:제품의 별도표기일까지 | 2026.12.17,"[[""품명"", 99, 40, 0], [""오/늘/은 말차"", 94, 47, 132], [""식품유형"", 109, 48, 394], [""고형차"", 137, 59, 589], [""중량"", 144, 44, 385], [""장재질"", 171, 50, 0], [""폴리에틸렌"", 168, 42, 124], [""100g"", 174, 53, 589], [""품목보고번호"", 189, 52, 391], [""원및 판매원"", 206, 49, 0], [""200906311472"", 216, 59, 587], [""064-787-2254www.onulun.com"", 261, 93, 112], [""소비자 상담실"", 243, 40, 0], [""장 주의사항 직사광선을 피하고 건냉한 곳에 보관하십시오."", 292, 75, 0], [""기한:제품의 별도표기일까지"", 409, 63, 2], [""2026.12.17"", 641, 67, 219]]"
000739,2024,08,07,2024-08-07,s1,4.38,"EA4 | 2023.08.08 | 2024.08.07 11:00까지 | 대두,밀, 조개류바지락 함유 | 9일 | ：1991045804787 08-850-100/166-5471/.c | 영양정보 450g5kcal | 4三号4.070mg204% 号 17g5% 당류 8g 8% 7g13% | g1.1g7%mg0% 13g24% | 따라 다를 수 있습니다.","[[""EA4"", 370, 39, 489], [""2023.08.08"", 418, 55, 146], [""2024.08.07 11:00까지"", 449, 108, 141], [""대두,밀, 조개류바지락 함유"", 542, 35, 486], [""9일"", 647, 46, 574], [""：1991045804787"", 713, 30, 92], [""08-850-100/166-5471/.c"", 702, 49, 226], [""450g5kcal"", 735, 43, 341], [""영양정보"", 756, 48, 111], [""당류 8g 8%"", 769, 33, 349], [""7g13%"", 762, 32, 430], [""4三号4.070mg204%"", 785, 32, 118], [""号 17g5%"", 778, 31, 244], [""13g24%"", 792, 36, 418], [""g1.1g7%mg0%"", 808, 53, 118], [""따라 다를 수 있습니다."", 865, 32, 126]]"
000743,2026,11,16,2026-11-16,s1,2.08,"1544-4307 지물배농장, 강원도 홍천군 내 238182告 4원 (주)컨비니,서울특별시 강 립돌배(국내산)60%,유기농 R조일로부터 24개월 2018041201011 500ml 병에 컨비니 돌배발효액 | 이나 | ?026.11.16 | 유리","[[""1544-4307"", 116, 133, 15], [""지물배농장, 강원도 홍천군 내"", 206, 317, 94], [""238182告"", 90, 97, 171], [""4원 (주)컨비니,서울특별시 강"", 198, 312, 206], [""립돌배(국내산)60%,유기농"", 202, 316, 307], [""R조일로부터 24개월"", 154, 228, 355], [""2018041201011"", 144, 183, 412], [""500ml"", 159, 236, 456], [""병에 컨비니 돌배발효액"", 213, 292, 512], [""이나"", 308, 61, 382], [""?026.11.16"", 431, 76, 173], [""유리"", 496, 45, 7]]"
000747,2026,06,22,2026-06-22,s1,1.28,"섭취시설사를일으킬수있으며,용기는가열조리용으로사용불기가합니다 | ※뚜껑을 처음 열때 뱅소리'가 나야 정상제품입니다. | 소비기한 | 2026.06.22 | 16:59 까지","[[""섭취시설사를일으킬수있으며,용기는가열조리용으로사용불기가합니다"", 378, 38, 182], [""※뚜껑을 처음 열때 뱅소리'가 나야 정상제품입니다."", 462, 30, 184], [""소비기한"", 501, 32, 183], [""2026.06.22"", 532, 35, 246], [""16:59"", 571, 32, 276], [""까지"", 570, 28, 470]]"
000751,2025,05,08,2025-05-08,s1,2.07,8고객상담실 | 80019-9119） | 플라리스틱 | DAESANG ne | 활용합시다. 소비자실 OTHER | https://www.daesang.com | 한 환경 https://www.jungoneshop.com | 2025.05.08 | 11:05 까지,"[[""8고객상담실"", 90, 49, 163], [""80019-9119）"", 139, 51, 81], [""플라리스틱"", 286, 35, 559], [""DAESANG"", 326, 37, 190], [""ne"", 316, 30, 430], [""소비자실"", 344, 39, 371], [""OTHER"", 359, 38, 546], [""활용합시다."", 376, 51, 0], [""https://www.daesang.com"", 384, 39, 117], [""한 환경"", 415, 48, 0], [""https://www.jungoneshop.com"", 411, 34, 119], [""2025.05.08"", 458, 53, 180], [""까지"", 488, 49, 625], [""11:05"", 508, 57, 231]]"
000753,2026,03,01,2026-03-01,erode5,5.79,2026.03.1A까지 | 14:13 1C20L | 카레 약간매운맛 더맛있고 활녹 | CVRRY MEDUM,"[[""더맛있고 활녹"", 514, 36, 501], [""CVRRY MEDUM"", 568, 33, 99], [""2026.03.1A까지"", 411, 63, 88], [""14:13 1C20L"", 455, 66, 88], [""카레 약간매운맛"", 523, 90, 2]]"
000756,2027,02,24,2027-02-24,s1,0.90,0 g | 0g | 0g 0% | 콜레스테롤 0mg 0% | 단백질 0 0% | 2027.02.24 | H26 까지 | 비닐류,"[[""0 g"", 21, 26, 198], [""0g"", 54, 31, 196], [""0%"", 74, 37, 348], [""0g"", 88, 35, 193], [""0mg"", 124, 33, 194], [""0%"", 113, 36, 348], [""콜레스테롤"", 132, 43, 20], [""0%"", 150, 37, 348], [""단백질"", 169, 40, 20], [""0"", 159, 22, 200], [""2027.02.24"", 365, 44, 93], [""까지"", 386, 33, 354], [""H26"", 417, 46, 95], [""비닐류"", 537, 20, 327]]"
000760,NONE,11,20,NONE-11-20,det5,1.68,"11.20 R13 53 | 제품명 요플레 오리지널 목보고번호 | 낮아진 내자보과,0 업소명및소재지(주)기에경5 10C | 당함량 | 20%DOWN","[[""11.20 R13 53"", 528, 74, 187], [""제품명 요플레 오리지널"", 604, 78, 336], [""목보고번호"", 584, 37, 630], [""낮아진"", 668, 65, 118], [""업소명및소재지(주)기에경5"", 648, 100, 333], [""10C"", 680, 25, 582], [""당함량"", 714, 73, 114], [""내자보과,0"", 690, 33, 443], [""20%DOWN"", 752, 51, 125]]"
000763,NONE,11,01,NONE-11-01,erode5,5.70,11.1P85 시IF2,"[[""시IF2"", 425, 55, 456], [""11.1P85"", 443, 107, 217]]"
000764,2023,12,NONE,2023-12-NONE,erode3,3.77,CoTYA 0 | 00 | 2023.12 | 달콤한 두유 | 지밀,"[[""CoTYA"", 84, 59, 134], [""0"", 100, 50, 643], [""00"", 170, 18, 92], [""2023.12"", 464, 59, 314], [""달콤한 두유"", 536, 45, 319], [""지밀"", 694, 104, 259]]"
000766,2024,09,26,2024-09-26,s1,1.25,Best before/Batch: | 24 09 26 02 18 | L5175G2 087431 | Shake well before serving.Once | opened keep inthe tidge and | consume within 3 days,"[[""Best before/Batch:"", 392, 26, 235], [""24 09 26 02 18"", 444, 37, 230], [""L5175G2 087431"", 472, 35, 230], [""Shake well before serving.Once"", 484, 24, 419], [""opened keep inthe tidge and"", 500, 25, 418], [""consume within 3 days"", 514, 24, 419]]"
000767,2028,03,12,2028-03-12,erode5,1.98,COCO | ZERO | 10:54 | 2028.03.12,"[[""COCO"", 182, 39, 267], [""ZERO"", 208, 32, 299], [""10:54"", 469, 37, 305], [""2028.03.12"", 492, 47, 271]]"
000768,2026,06,26,2026-06-26,det5,1.19,20260626 B006 | 2 0,"[[""20260626 B006"", 355, 67, 252], [""2"", 485, 78, 87], [""0"", 701, 550, 0]]"
000770,NONE,NONE,NONE,NONE,fail,7.07,"94-2030 HEWd1E 10% | 0 | LOTNO, LOTINO. EWOVJEE HEWOVSER HEWdV5EB 015567 | 9412030 9412039 | LOTINO. LOTINO, HEWDN5EE HEWO15E5 | 제조 제조 9412030 Q412030 | EXPORYDATE EXPIRYDATE | 사용 사용기","[[""HEWOVSER"", 487, 32, 273], [""9412030"", 515, 36, 276], [""LOTNO,"", 496, 17, 210], [""10%"", 301, 89, 598], [""015567"", 488, 39, 341], [""EWOVJEE"", 486, 27, 285], [""HEWdV5EB"", 487, 30, 276], [""LOTINO."", 496, 14, 214], [""9412039"", 515, 34, 277], [""94-2030"", 335, 124, 422], [""HEWd1E"", 326, 107, 457], [""0"", 378, 26, 460], [""HEWO15E5"", 973, 60, 551], [""LOTINO,"", 990, 29, 425], [""제조"", 1018, 29, 426], [""Q412030"", 1027, 54, 553], [""EXPIRYDATE"", 1090, 30, 424], [""사용"", 1119, 22, 433], [""HEWDN5EE"", 973, 56, 551], [""LOTINO."", 990, 31, 421], [""제조"", 1018, 26, 425], [""9412030"", 1028, 61, 552], [""EXPORYDATE"", 1090, 30, 421], [""사용기"", 1118, 29, 429]]"
000771,2019,11,26,2019-11-26,det5,3.44,무설당칸디 | 오로리징의 딸기스다 | 밀디 | 2+1 세본APP 12.1-12.31 | 목보관 | 필비일지 | SAM이)한호질법 | .800 2 12000 | 1000 | 19 11 .26 | 5148-20,"[[""무설당칸디"", 116, 64, 263], [""오로리징의"", 124, 49, 143], [""밀디"", 152, 71, 135], [""딸기스다"", 203, 16, 652], [""필비일지"", 228, 32, 55], [""2+1"", 252, 88, 486], ["".800"", 259, 32, 38], [""12.1-12.31"", 253, 34, 626], [""세본APP"", 272, 34, 623], [""목보관"", 286, 31, 620], [""2"", 333, 36, 485], [""SAM이)한호질법"", 327, 38, 563], [""12000"", 362, 24, 581], [""1000"", 381, 40, 564], [""19 11 .26"", 432, 43, 303], [""5148-20"", 461, 28, 326]]"
000774,2026,02,08,2026-02-08,s1,1.66,"연바날라함 (원두:브라질산) 로즈버드 | 말(커피원두 | 절제,잔탄검 화제3 | 천연비 | 설픔칼륨(미료) | 고카페인함유,총카페인 함량78mg 801069422317 | 26.02.08 | 08134.B | 까지","[[""연바날라함"", 32, 56, 173], [""로즈버드"", 52, 36, 341], [""(원두:브라질산)"", 50, 45, 216], [""말(커피원두"", 76, 41, 215], [""화제3"", 88, 31, 298], [""절제,잔탄검"", 96, 39, 216], [""천연비"", 100, 37, 384], [""설픔칼륨(미료)"", 137, 48, 215], [""고카페인함유,총카페인 함량78mg"", 398, 205, 188], [""801069422317"", 402, 25, 261], [""26.02.08"", 468, 37, 282], [""08134.B"", 496, 38, 282], [""까지"", 516, 25, 426]]"
000778,2026,06,22,2026-06-22,det5,1.68,9연세우유 | 샌드 크림(1)등-복) | Biscoff 2026.06 22 C,"[[""9연세우유"", 48, 52, 414], [""샌드"", 116, 162, 55], [""크림(1)등-복)"", 82, 42, 435], [""2026.06 22 C"", 549, 63, 210], [""Biscoff"", 582, 96, 0]]"
000782,NONE,12,19,NONE-12-19,s1,0.68,12.19 D1758 | 오플레 | 00배 | 캔슈,"[[""12.19 D1758"", 459, 42, 276], [""오플레"", 740, 84, 178], [""00배"", 826, 131, 179], [""캔슈"", 929, 71, 209]]"
000784,2031,05,22,2031-05-22,det5,1.73,92 | 20310522 | 1455F | 2,"[[""92"", 289, 171, 47], [""20310522"", 441, 57, 238], [""1455F"", 478, 55, 270], [""2"", 616, 151, 54]]"
000787,2026,04,09,2026-04-09,s1,0.95,국산원 | K | 소비기한 까지 | 2026.04.09 09:05 | 서울우유 저지방,"[[""국산원"", 414, 33, 492], [""K"", 453, 60, 496], [""소비기한"", 524, 43, 179], [""까지"", 518, 46, 520], [""2026.04.09 09:05"", 578, 35, 213], [""서울우유"", 656, 62, 170], [""저지방"", 651, 53, 407]]"
000790,NONE,04,01,NONE-04-01,s1,3.20,소비기한 01일까지(년월순) 신고는 국번 | 제조회사 | formance 원재료명 | 0100%の | L 비타민B2우유함유 | 영양정보: 총내용량81g | K 309kcal | EyB2) 1227mg61%g3%69%14g3% 비닐류 | 424mg12%4.617mg PP | < | 11100 | (28) | C 1901550151289 | 4-0141 | A10,"[[""소비기한"", 22, 27, 180], [""01일까지(년월순)"", 31, 34, 263], [""신고는 국번"", 36, 47, 506], [""제조회사"", 62, 27, 177], [""formance"", 82, 41, 0], [""원재료명"", 88, 27, 179], [""0100%の"", 117, 36, 0], [""비타민B2우유함유"", 132, 29, 259], [""L"", 146, 39, 2], [""영양정보:"", 220, 34, 166], [""총내용량81g"", 222, 47, 418], [""309kcal"", 249, 36, 419], [""K"", 266, 44, 0], [""1227mg61%g3%69%14g3%"", 280, 38, 166], [""EyB2)"", 293, 36, 0], [""비닐류"", 294, 23, 553], [""424mg12%4.617mg"", 337, 30, 166], [""PP"", 338, 22, 555], [""<"", 372, 31, 0], [""11100"", 443, 28, 0], [""(28)"", 533, 45, 0], [""C"", 745, 60, 29], [""1901550151289"", 754, 94, 283], [""4-0141"", 874, 39, 0], [""A10"", 934, 41, 295]]"
000792,2026,04,05,2026-04-05,s1,1.05,uabel | 1+1 1-1 | ARISI | 2026.04.05 | 1드: 4E D,"[[""uabel"", 23, 29, 17], [""1-1"", 22, 41, 206], [""1+1"", 61, 46, 56], [""ARISI"", 164, 52, 75], [""2026.04.05"", 498, 36, 140], [""1드: 4E D"", 528, 23, 144]]"
000795,NONE,NONE,NONE,NONE,fail,7.41,lo Endak Fnaak Endak Endak Endol FNOOR | DDLE | LEVEL LEVEL3 FVEL 1 SPICY SPICY SRICY Enoak Enaak Fnoas 방 NTAR TOP ONTAR TOP ANTAR TOP ANTAR TOP noor | 오에스 2에스 | 18 0 IGH NTAR TOP NTAR TOP | 오에스 오에스 | 50,"[[""Endak"", 90, 67, 544], [""SPICY"", 545, 156, 23], [""LEVEL"", 554, 101, 0], [""Enaak"", 754, 399, 140], [""ANTAR TOP"", 606, 119, 571], [""오에스"", 918, 70, 599], [""Endak"", 88, 81, 541], [""SRICY"", 544, 185, 16], [""LEVEL3"", 561, 128, 0], [""ONTAR TOP"", 600, 144, 566], [""Enoak"", 749, 414, 146], [""Fnaak"", 90, 63, 549], [""방"", 740, 419, 122], [""Endak"", 90, 67, 546], [""FVEL"", 559, 65, 15], [""NTAR TOP"", 610, 105, 571], [""2에스"", 922, 53, 612], [""SPICY"", 547, 160, 17], [""Fnoas"", 755, 390, 147], [""1"", 548, 198, 0], [""ANTAR TOP"", 607, 121, 571], [""lo"", 32, 55, 22], [""DDLE"", 251, 196, 12], [""noor"", 624, 124, 846], [""FNOOR"", 178, 91, 1103], [""18"", 1094, 405, 0], [""0"", 1011, 28, 565], [""NTAR TOP"", 1204, 267, 1145], [""50"", 1712, 32, 6], [""오에스"", 1835, 128, 1206], [""Endol"", 180, 127, 1091], [""NTAR TOP"", 1204, 254, 1150], [""IGH"", 1117, 60, 1188], [""오에스"", 1838, 134, 1202]]"
000796,NONE,NONE,NONE,NONE,fail,5.85,DDUA 8 | 3w3) | TASTE S dOl IVLN NTAR TOP NTAR TOP Trcan Fraan | nao EM | 6 | ICY YIGH ANTAR TOP NTAR TOP | 4 | GEREY EM,"[[""NTAR TOP"", 603, 177, 571], [""nao"", 793, 334, 102], [""dOl IVLN"", 618, 130, 576], [""NTAR TOP"", 613, 146, 576], [""TASTE S"", 588, 42, 589], [""EM"", 819, 101, 297], [""DDUA"", 210, 241, 0], [""3w3)"", 336, 99, 58], [""Trcan"", 646, 41, 866], [""NTAR TOP"", 1224, 296, 1156], [""4"", 1290, 5, 1163], [""EM"", 1632, 209, 613], [""8"", 172, 47, 1272], [""Fraan"", 648, 43, 867], [""6"", 1008, 49, 914], [""YIGH"", 1116, 73, 1205], [""ANTAR TOP"", 1224, 290, 1158], [""ICY"", 1172, 187, 0], [""GEREY"", 1648, 348, 544]]"
000798,NONE,12,20,NONE-12-20,s1,0.92,43 | 비요 비요 | 24 24 | 12.20 D1539 | 1000m 요플레,"[[""43"", 82, 47, 631], [""비요"", 184, 31, 153], [""비요"", 191, 42, 265], [""24"", 262, 41, 455], [""24"", 270, 30, 509], [""12.20 D1539"", 501, 40, 261], [""요플레"", 782, 75, 264], [""1000m"", 846, 157, 187]]"
000802,2026,07,03,2026-07-03,s1,5.83,"허니머스타드 | 2001044505534 | 포장재질 용기-폴리에틸렌(내면],뚜껑-폴리에틸렌 | 나다.미국,우크라이나 등).향미유건조당밀 /벤지식이섬유 잔탄검,겨자분겨자외국산캐 영양정보 100g285kcal 265g | 호소저 향신료 영양화제 대 대두계란함유 三号650mg33%日全量27g8% | @주식회사 오뚜기 异22g22%不19g35% | 号CACNG128 | :일토아토우되지고기고기조개 g4.6g31% | 혼입가능·소비자기본법에 따라 피해 보상· 15mg5%1g2% | 는국이 광선을피해사한 곳에보관개봉후에는 200 | 인의 들요 열에 따라다를 수 있습니다. | 심시오·표준의번호 및 명칭SH20드레싱인증 | 03 | ：080-024-231） 88010451176338 | 소비기한 DN2 | OTHER 2026,07.03 까지 | 09:15","[[""허니머스타드"", 186, 26, 252], [""2001044505534"", 219, 26, 196], [""포장재질 용기-폴리에틸렌(내면],뚜껑-폴리에틸렌"", 242, 25, 188], [""/벤지식이섬유 잔탄검,겨자분겨자외국산캐"", 334, 28, 129], [""영양정보"", 354, 43, 306], [""265g"", 342, 20, 444], [""나다.미국,우크라이나 등).향미유건조당밀"", 357, 29, 128], [""100g285kcal"", 362, 31, 420], [""호소저 향신료 영양화제 대"", 378, 30, 127], [""대두계란함유"", 384, 27, 234], [""三号650mg33%日全量27g8%"", 388, 29, 309], [""@주식회사 오뚜기"", 402, 26, 132], [""号CACNG128"", 424, 35, 131], [""异22g22%不19g35%"", 414, 31, 311], ["":일토아토우되지고기고기조개"", 442, 31, 128], [""g4.6g31%"", 439, 28, 311], [""혼입가능·소비자기본법에 따라 피해 보상·"", 462, 29, 128], [""는국이"", 481, 40, 125], [""15mg5%1g2%"", 465, 30, 311], [""광선을피해사한 곳에보관개봉후에는"", 498, 33, 127], [""200"", 491, 28, 317], [""인의 들요 열에 따라다를 수 있습니다."", 506, 23, 318], [""심시오·표준의번호 및 명칭SH20드레싱인증"", 536, 35, 130], [""03"", 553, 36, 129], [""：080-024-231）"", 576, 41, 129], [""88010451176338"", 579, 26, 349], [""소비기한"", 603, 30, 221], [""DN2"", 602, 32, 418], [""2026,07.03"", 636, 29, 236], [""OTHER"", 646, 26, 161], [""까지"", 645, 28, 420], [""09:15"", 668, 31, 279]]"
000806,2026,10,02,2026-10-02,s1,1.86,3 | [nel] | nbe | 3.500 | nbe | 여수너공를글 | 2026 10 02 16:30 2041255 | ASSAM MILK TEA,"[[""3"", 24, 21, 1], [""[nel]"", 60, 26, 0], [""nbe"", 102, 34, 280], [""3.500"", 153, 40, 1], [""nbe"", 180, 59, 563], [""여수너공를글"", 372, 43, 317], [""2026 10 02 16:30 2041255"", 519, 60, 96], [""ASSAM MILK TEA"", 704, 57, 88]]"
000810,2026,03,31,2026-03-31,s1,1.22,26.03.31 | B/1020 | 10 | nl분,"[[""26.03.31"", 477, 64, 165], [""B/1020"", 538, 59, 173], [""10"", 778, 62, 138], [""nl분"", 861, 46, 645]]"
000814,2026,06,22,2026-06-22,erode5,5.44,로인매우유 | 드 | 이6 | g | NL00C | coff. 2026 06 22 CF,"[[""로인매우유"", 42, 37, 234], [""이6"", 144, 73, 4], [""g"", 171, 12, 76], [""NL00C"", 212, 25, 464], [""드"", 104, 66, 2], [""2026 06 22 CF"", 482, 54, 163], [""coff."", 518, 97, 0]]"
000818,2026,05,12,2026-05-12,erode3,3.25,42513201 15639 0825 | BBE.MAY 12 2026,"[[""42513201 15639 0825"", 424, 83, 148], [""BBE.MAY 12 2026"", 541, 80, 154]]"
000819,2026,05,18,2026-05-18,s2,3.74,2+1 2+1 | w5.000 | 2.800. 2.800. b | 1마 | 김치 | BEST BEFORE: 18. 05. 2026 | MI1882IB 23:14:23G1 | (x%EZ) | LOLLS09/ | CYTIW | e | 6w 009 | 00 | %Z7 J,"[[""2+1"", 32, 63, 338], [""2+1"", 35, 62, 497], [""w5.000"", 106, 27, 177], [""b"", 124, 20, 556], [""2.800."", 138, 23, 403], [""2.800."", 140, 27, 546], [""1마"", 267, 36, 673], [""김치"", 341, 62, 485], [""(x%EZ)"", 557, 60, 294], [""LOLLS09/"", 610, 73, 559], [""CYTIW"", 646, 55, 172], [""e"", 676, 71, 489], [""6w 009"", 776, 51, 167], [""00"", 892, 35, 96], [""J"", 912, 87, 353], [""%Z7"", 940, 42, 70], [""BEST BEFORE: 18. 05. 2026"", 426, 54, 132], [""MI1882IB 23:14:23G1"", 454, 46, 138]]"
000823,2027,02,23,2027-02-23,s1,2.65,Using our classic Fr | our Brioche kee | for longer and are sti | thanks to our perre | our in-house sta | that uses wil | 3256540003347 | BBD(YYWY/MMDD): | 2027/02/23 | L25351 마 | 031316:01P,"[[""Using our classic Fr"", 13, 27, 558], [""our Brioche kee"", 35, 26, 589], [""for longer and are sti"", 60, 36, 546], [""thanks to our perre"", 85, 34, 563], [""our in-house sta"", 109, 32, 581], [""that uses wil"", 133, 30, 603], [""3256540003347"", 420, 49, 259], [""BBD(YYWY/MMDD):"", 554, 57, 246], [""2027/02/23"", 594, 51, 212], [""L25351"", 674, 67, 192], [""마"", 671, 30, 542], [""031316:01P"", 732, 83, 202]]"
000827,2026,08,09,2026-08-09,erode5,6.02,OO원지 | 20260809 B | 24 691497,"[[""OO원지"", 404, 39, 263], [""20260809 B"", 481, 60, 208], [""24"", 517, 52, 202], [""691497"", 560, 35, 572]]"
000831,2026,07,16,2026-07-16,det5,21.19,"2800.15.07.2025 41 | ERF.16.07.2026 | （130C）ACMAS00 제품명:락티마 익스루시브 올리브 8포센(Lactima Exclusive with olives 8portions) on원산지:폴란드 | 24706251727 | ：45%（，，），（）7% | (그린울리브,정제수,정제소금,구연산삼나),딸지분유,구연산삼나트,제상인산나,산성피로인산나 | 피로인산나트,폴리인산나트,우유단백질,유청분말(우유),정제소금,라기단,로커스트컵우유함유 | 영양정보 140g17.5g8）/17.5g（1）40kcal | 里量175mg9%午量1gmp0%异1gp/1%X2.8g5% | 2002 | ：（X：：140g[17.5gx8315kca | 1399 | *이제품은 공정거래위원회 고시소비자분쟁해결기준에 | 의거교환 또는보상받을 수있습니다.","[[""2800.15.07.2025"", 446, 29, 146], [""41"", 448, 27, 447], [""ERF.16.07.2026"", 470, 26, 149], [""제품명:락티마 익스루시브 올리브 8포센(Lactima Exclusive with olives 8portions)"", 502, 23, 132], [""（130C）ACMAS00"", 516, 23, 137], [""on원산지:폴란드"", 514, 33, 526], [""24706251727"", 532, 28, 139], [""：45%（，，），（）7%"", 562, 30, 149], [""(그린울리브,정제수,정제소금,구연산삼나),딸지분유,구연산삼나트,제상인산나,산성피로인산나"", 578, 31, 153], [""피로인산나트,폴리인산나트,우유단백질,유청분말(우유),정제소금,라기단,로커스트컵우유함유"", 592, 31, 159], [""영양정보"", 606, 17, 193], [""140g17.5g8）/17.5g（1）40kcal"", 610, 22, 288], [""里量175mg9%午量1gmp0%异1gp/1%X2.8g5%"", 624, 30, 202], [""2002"", 654, 31, 211], [""：（X：：140g[17.5gx8315kca"", 668, 31, 221], [""1399"", 684, 31, 239], [""*이제품은 공정거래위원회 고시소비자분쟁해결기준에"", 699, 32, 268], [""의거교환 또는보상받을 수있습니다."", 714, 27, 307]]"
000835,2026,02,02,2026-02-02,s1,1.71,L800 1.700 | PEEL HERE | EXF26/02/02FV | 0311 20:28 | sohooichoice,"[[""L800"", 66, 23, 458], [""1.700"", 65, 23, 596], [""PEEL HERE"", 297, 26, 355], [""EXF26/02/02FV"", 394, 39, 352], [""0311 20:28"", 421, 38, 356], [""sohooichoice"", 554, 43, 333]]"
000839,2026,01,03,2026-01-03,s1,2.65,SEVEN 건강한 닭이 낳은 | 세븐잠 Farm 신선한 등급 달기 | 품질등급 증량규격 | 왕란 | 특린 세븐잠이 선정한 깨끗한 농장에서 | 등급 대란 정성들여 키운 닭이 낳은 | 소란 신선한 계란입니다. | 축산물품질평가원 | 등급판정일자: 2025.11.26 | 소비기한 2026.01.03 | 000 AAR | TOT TOT | 해척한 환경 세척 실균 검란 선별포장 | 17503 | 식품유형:시요라 O~10‘C 냉장보 | ·축산물” 통과한 신선한 계란입니다.,"[[""건강한 닭이 낳은"", 66, 55, 210], [""SEVEN"", 74, 29, 14], [""Farm"", 108, 74, 15], [""달기"", 132, 106, 591], [""등급"", 138, 94, 536], [""신선한"", 149, 123, 189], [""세븐잠"", 154, 38, 44], [""품질등급"", 243, 26, 24], [""증량규격"", 240, 26, 92], [""왕란"", 265, 22, 107], [""특린"", 286, 25, 103], [""세븐잠이 선정한 깨끗한 농장에서"", 277, 49, 210], [""등급"", 310, 25, 36], [""대란"", 309, 22, 111], [""정성들여 키운 닭이 낳은"", 317, 44, 211], [""소란"", 354, 20, 114], [""신선한 계란입니다."", 355, 44, 213], [""축산물품질평가원"", 378, 26, 37], [""2025.11.26"", 429, 46, 210], [""등급판정일자:"", 450, 60, 15], [""2026.01.03"", 482, 44, 208], [""소비기한"", 504, 51, 17], [""000"", 571, 22, 149], [""AAR"", 566, 27, 252], [""TOT"", 595, 28, 147], [""TOT"", 592, 31, 251], [""검란"", 607, 30, 367], [""세척"", 623, 26, 158], [""실균"", 620, 27, 263], [""선별포장"", 616, 27, 463], [""해척한 환경"", 626, 30, 32], [""17503"", 626, 27, 616], [""식품유형:시요라 O~10‘C 냉장보"", 743, 72, 130], [""·축산물”"", 786, 35, 192], [""통과한 신선한 계란입니다."", 786, 33, 470]]"
000843,2026,06,17,2026-06-17,s1,3.05,보상 받을 수 있습니다 | 영양정보 90g562kcal | 나트륨15mg 1% 탄수화물39g 12% | 당류 29g 29% 지방42g 78% | 트랜스지방0g 포화지방 22g 145% | 콜레스테롤9mg 3% 단백질79 13% | 소비기한 | (일-월-년 순 까지) | 17.06.2026 | 203K06UKC | 16:3202 | 3801121044087,"[[""보상 받을 수 있습니다"", 35, 34, 202], [""영양정보"", 134, 31, 190], [""90g562kcal"", 130, 29, 420], [""나트륨15mg"", 166, 28, 189], [""1%"", 164, 25, 388], [""탄수화물39g"", 164, 32, 435], [""12%"", 165, 30, 633], [""당류 29g"", 198, 30, 189], [""29%"", 198, 28, 371], [""지방42g"", 198, 33, 434], [""78%"", 198, 28, 629], [""트랜스지방0g"", 230, 32, 188], [""포화지방 22g"", 231, 32, 434], [""145%"", 232, 28, 618], [""콜레스테롤9mg"", 262, 32, 188], [""3%"", 264, 23, 384], [""단백질79"", 264, 27, 432], [""13%"", 266, 29, 629], [""소비기한"", 381, 32, 178], [""(일-월-년 순 까지)"", 410, 33, 180], [""17.06.2026"", 462, 30, 195], [""203K06UKC"", 484, 33, 206], [""16:3202"", 502, 37, 193], [""3801121044087"", 544, 31, 473]]"
000847,2026,05,28,2026-05-28,s1,3.19,1653 28.05.2026 | OPJ04535224 | und vor Wärme schützen. | 40g190kcal | 원료 110mg%111%815% | 비닐류 44g204mg% | AR전고있습니 2000ca | PP,"[[""1653 28.05.2026"", 422, 55, 131], [""OPJ04535224"", 487, 56, 123], [""und vor Wärme schützen."", 635, 45, 93], [""40g190kcal"", 806, 87, 164], [""원료"", 819, 30, 137], [""110mg%111%815%"", 849, 80, 172], [""비닐류"", 868, 42, 84], [""44g204mg%"", 889, 76, 184], [""AR전고있습니"", 892, 31, 4], [""2000ca"", 926, 72, 186], [""PP"", 931, 22, 107]]"
000851,2026,06,30,2026-06-30,s1,1.63,246K11-1 | P03092025 | E 30 06 2026,"[[""246K11-1"", 490, 62, 214], [""P03092025"", 545, 66, 169], [""E 30 06 2026"", 603, 62, 176]]"
000855,2026,08,25,2026-08-25,s1,1.37,GEMEL | snaa | 25 08 2026 A1 25 08 2025 25 El | HICKEN | AVOUR,"[[""GEMEL"", 54, 115, 257], [""snaa"", 258, 248, 0], [""El"", 478, 223, 465], [""25 08 2025 25"", 486, 54, 178], [""25 08 2026 A1"", 533, 48, 177], [""HICKEN"", 659, 88, 0], [""AVOUR"", 715, 87, 0]]"
000858,2021,10,NONE,2021-10-NONE,clahe,8.01,9 | 2021/10 | Ro1 88 | 0 7:00,"[[""9"", 179, 132, 430], [""2021/10"", 582, 21, 276], [""Ro1"", 596, 16, 310], [""88"", 594, 17, 367], [""0"", 608, 11, 328], [""7:00"", 607, 19, 343]]"
000859,NONE,NONE,NONE,NONE,fail,4.78,2상 2상 1298 | 09ecrl 1398 | CRT4 | 0 | 2 ·R84 3 0 | 6 7 8 9 | 0,"[[""1298"", 156, 59, 339], [""CRT4"", 402, 49, 258], [""2상"", 158, 42, 343], [""09ecrl"", 358, 36, 457], [""2상"", 158, 42, 343], [""1398"", 308, 123, 680], [""·R84"", 809, 94, 538], [""0"", 788, 19, 547], [""2"", 802, 11, 539], [""3"", 820, 21, 685], [""0"", 825, 24, 715], [""6"", 836, 16, 600], [""8"", 835, 20, 680], [""7"", 842, 11, 641], [""9"", 844, 21, 717], [""0"", 854, 21, 687]]"
000861,2022,07,23,2022-07-23,s2,1.72,"ar SesNo Bach | Pradust Dale Best Betoeu | tayas | LOT:232 | BEST EEFORE | s2kg 23,07 2022 | 8690997156297 BOYMOB05629 (2000)70.55OZ | mumf.mpb)oa.aafw ysiy","[[""s2kg"", 344, 62, 145], [""(2000)70.55OZ"", 388, 34, 164], [""ar SesNo Bach"", 229, 16, 353], [""Pradust Dale"", 252, 18, 336], [""tayas"", 262, 19, 258], [""Best Betoeu"", 255, 18, 405], [""LOT:232"", 300, 21, 374], [""BEST EEFORE"", 314, 17, 375], [""23,07 2022"", 328, 18, 377], [""8690997156297"", 368, 22, 33], [""BOYMOB05629"", 382, 19, 53], [""mumf.mpb)oa.aafw ysiy"", 438, 45, 36]]"
000862,NONE,NONE,NONE,NONE,fail,16.52,Aoorsocaner  prseronoo ant k Aconsommer de préférence avant le / A consommer de préférence avant le/ Aconsommer de préférence avant le / | Best before / E Best before/ Best before / A consommer de préférence avant le / FR FR FR FR | Corts. pirerxe koo te s tes 08l Consumir preferentemente antes del/ Consumir preferentemente antes del/ Consumir preferentemente antes del/ Best before / 35-239-001 35-239-001 35-239-001 35-239-001) | Aooem de pretainxe ankoodr A consumir de preferéncia antes de : A consumir de preferéncia antes de : A consumir de preferéncia antes de : CE CE CE FR | Consumir preferentemente antes del/ 35-239-001 | PE0P PROD PECP EXP EXP ExP aa:10.2L-. PR0n a9.10.2939 19 S:18:8809 A consumir de preferéncia antes de : #线：18:859 编线:18:8889 :18:로 CE | UN) PROD EXP 필로 18:믿므로 | NUN Polds ner Aconsumir de preferéncia antes de : Poids net: 125g Poids net; 125 g Best before / 125g 80 32280201481846 | :18:8889 Poids net: 125g 9 802 1844 | Aconsommer de préférence avant le/ | Best before/ FR | Raca Consumir preferentemente antes del/ 35-239-001 | 280201481846 % 0 A consumir de preferéncia antes de: CE | PROC EXP 블:18:로Y | Poids net : 125g 22802011481846,"[[""A consommer de préférence avant le/"", 292, 21, 340], [""Consumir preferentemente antes del/"", 320, 21, 342], [""35-239-001"", 322, 22, 671], [""编线:18:8889"", 382, 39, 404], [""EXP"", 388, 23, 351], [""Poids net: 125g"", 438, 35, 326], [""Best before/"", 306, 17, 405], [""FR"", 310, 17, 705], [""A consumir de preferéncia antes de :"", 334, 16, 346], [""CE"", 336, 15, 699], [""Aconsommer de préférence avant le /"", 290, 21, 339], [""Best before /"", 306, 17, 405], [""Consumir preferentemente antes del/"", 319, 20, 342], [""FR"", 309, 16, 705], [""35-239-001"", 322, 20, 674], [""A consumir de preferéncia antes de :"", 332, 16, 345], [""CE"", 334, 15, 697], [""PECP"", 382, 39, 334], [""#线：18:859"", 382, 37, 403], [""32280201481846"", 437, 24, 589], [""19 S:18:8809"", 382, 33, 345], [""Aoorsocaner  prseronoo ant k"", 292, 22, 339], [""E"", 307, 14, 403], [""FR"", 308, 15, 705], [""Corts. pirerxe koo te s tes 08l"", 322, 17, 344], [""35-239-001)"", 322, 20, 678], [""Aooem de pretainxe ankoodr"", 334, 15, 347], [""Polds ner"", 442, 19, 331], [""PR0n a9.10.2939"", 378, 34, 332], [""ExP aa:10.2L-."", 390, 31, 332], [""125g"", 437, 34, 403], [""Aconsommer de préférence avant le /"", 292, 19, 342], [""Best before /"", 306, 17, 405], [""Consumir preferentemente antes del/"", 320, 21, 343], [""FR"", 310, 16, 705], [""35-239-001"", 322, 22, 673], [""A consumir de preferéncia antes de :"", 333, 16, 345], [""CE"", 336, 15, 699], [""PROD"", 376, 16, 338], ["":18:로"", 382, 40, 404], [""EXP"", 388, 19, 352], [""Poids net; 125 g"", 438, 35, 327], [""80"", 438, 7, 635], [""PE0P"", 369, 82, 313], [""Aconsumir de preferéncia antes de :"", 437, 184, 378], [""UN)"", 418, 24, 325], [""Best before /"", 439, 66, 409], [""NUN"", 434, 23, 324], ["":18:8889"", 496, 125, 318], [""280201481846"", 690, 139, 274], [""Raca"", 648, 116, 471], [""0"", 690, 45, 508], [""%"", 700, 28, 501], [""A consommer de préférence avant le /"", 312, 17, 366], [""Best before /"", 328, 17, 434], [""FR"", 332, 16, 753], [""Consumir preferentemente antes del/"", 342, 17, 368], [""35-239-001"", 345, 20, 722], [""A consumir de preferéncia antes de :"", 358, 17, 370], [""CE"", 358, 15, 747], [""PROD"", 402, 20, 359], [""필로 18:믿므로"", 409, 48, 430], [""EXP"", 415, 18, 378], [""Poids net: 125g"", 469, 36, 350], [""9"", 470, 7, 670], [""802"", 470, 7, 680], [""1844"", 468, 11, 767], [""Aconsommer de préférence avant le/"", 583, 42, 683], [""Best before/"", 612, 30, 812], [""FR"", 618, 29, 1411], [""Consumir preferentemente antes del/"", 639, 30, 689], [""35-239-001"", 644, 33, 1351], [""A consumir de preferéncia antes de:"", 667, 26, 695], [""CE"", 670, 33, 1398], [""PROC"", 750, 30, 676], [""블:18:로Y"", 766, 98, 805], [""EXP"", 776, 38, 706], [""125g"", 874, 56, 803], [""Poids net :"", 882, 44, 664], [""22802011481846"", 876, 34, 1222]]"
000863,2022,10,20,2022-10-20,erode3,5.43,07 | Acnetomne t grtibeict hart t. | het betun. | Casucr iteterern wes on! 15-2N-07 | Arurs.nr (as grthrinca atenk | PE00 22.10.2020 | EP 22.10.202 | Pgiloh 125g,"[[""07"", 242, 21, 195], [""Acnetomne t grtibeict hart t."", 272, 24, 237], [""het betun."", 285, 19, 278], [""15-2N-07"", 284, 18, 461], [""Casucr iteterern wes on!"", 297, 27, 238], [""Arurs.nr (as grthrinca atenk"", 309, 24, 243], [""Pgiloh"", 410, 9, 253], [""PE00 22.10.2020"", 344, 26, 248], [""EP 22.10.202"", 358, 27, 249], [""125g"", 400, 24, 297]]"
000867,2020,02,07,2020-02-07,clahe,6.42,TEGOGold E 8 PRD P DATE DATE Nal nc 9 10 7 2 20 0 21 20 | ATOHA COOKIES ATCH NO 1 Y 20 BY,"[[""TEGOGold"", 639, 86, 0], [""PRD"", 638, 17, 300], [""DATE"", 638, 17, 361], [""Nal"", 646, 27, 471], [""nc"", 646, 30, 484], [""9"", 640, 15, 518], [""7"", 640, 13, 529], [""20"", 638, 15, 565], [""DATE"", 652, 20, 359], [""20"", 638, 11, 594], [""E"", 652, 14, 302], [""8"", 652, 17, 313], [""P"", 652, 14, 330], [""10"", 652, 18, 515], [""ATCH"", 663, 20, 311], [""2"", 651, 12, 565], [""0"", 651, 12, 576], [""21"", 651, 12, 594], [""ATOHA COOKIES"", 672, 20, 2], [""NO"", 664, 17, 387], [""1"", 663, 10, 443], [""Y"", 664, 14, 471], [""20"", 664, 18, 481], [""BY"", 664, 18, 512]]"
000868,2021,08,18,2021-08-18,fail,6.86,EGO | 1 9 | UmT | 3X7 | -00 | 전 100 비 E 1FEF 1FEF E 1방성 | omm | -CTUN | NWU | 0 | D10 | EGO EGO EGOGold EGOGold EGOGold EGOGold rolld 2829 TCH TCH FcA BATE % % ILNAU:LNT B88 초코 21 08 18 | IA COOKIES LA OOOKIES HA COOKIES ACOOKIES ACOOKIES | 초코림 M의 주-리다 | ※조 | EGOGold BSP F TC H B BAT AT H wwo CVUCUS- 10IN 0 G | IA COOKIES,"[[""E"", 286, 114, 439], [""EGOGold"", 422, 54, 0], [""HA COOKIES"", 440, 24, 0], [""BATE"", 428, 15, 257], [""FcA"", 443, 17, 227], [""08"", 448, 12, 360], [""1"", 214, 41, 532], [""9"", 214, 43, 558], [""E"", 292, 98, 392], [""EGOGold"", 420, 59, 0], [""IA COOKIES"", 439, 22, 0], [""18"", 438, 33, 371], [""EGO"", 418, 30, 4], [""ILNAU:LNT B88"", 438, 46, 203], [""1방성"", 286, 108, 442], [""EGO"", 418, 36, 1], [""rolld"", 428, 26, 93], [""LA OOOKIES"", 440, 20, 0], [""1FEF"", 286, 113, 439], [""EGOGold"", 422, 54, 0], [""ACOOKIES"", 440, 23, 1], [""TCH"", 444, 9, 227], [""%"", 434, 7, 277], [""EGO"", 49, 84, 207], [""UmT"", 212, 18, 191], [""3X7"", 224, 22, 189], [""-00"", 237, 19, 190], [""100"", 262, 20, 189], [""전"", 286, 23, 185], [""비"", 275, 16, 193], [""omm"", 299, 20, 186], [""NWU"", 360, 24, 182], [""-CTUN"", 349, 20, 186], [""D10"", 384, 23, 181], [""0"", 370, 13, 186], [""2829"", 440, 59, 189], [""초코 21"", 423, 85, 295], [""초코림 M의 주-리다"", 477, 78, 300], [""1FEF"", 286, 113, 439], [""EGOGold"", 422, 54, 0], [""ACOOKIES"", 440, 23, 1], [""TCH"", 444, 9, 227], [""%"", 434, 7, 277], [""※조"", 624, 56, 829], [""EGOGold"", 844, 97, 0], [""BSP"", 868, 93, 398], [""BAT"", 855, 30, 511], [""wwo"", 874, 63, 578], [""CVUCUS-"", 878, 61, 678], [""10IN"", 880, 62, 702], [""F"", 870, 23, 463], [""IA COOKIES"", 880, 35, 1], [""B"", 872, 21, 513], [""AT"", 874, 29, 532], [""TC"", 886, 22, 462], [""H"", 888, 21, 507], [""H"", 892, 21, 558], [""0"", 899, 18, 729], [""G"", 899, 20, 752]]"
000869,2021,09,15,2021-09-15,s1,3.49,"코트리플샌드 영양정보 200 | 제조선에서 제조하고 있습니다. 100gg520kca | 곳에보 15-09-2021 号230mg12%伞数62g19%43g | 소비자분쟁히결 01:10 27g50%0.3g16107 | 을수있습니다. 000000848327 爱量15mg5%7g13% | 구입처 0I1399 트레이:PP No Brand는 이마트의 상표입니다 2 | 우유,내두,밀,계단,아황산류 함유","[[""코트리플샌드"", 277, 30, 18], [""제조선에서 제조하고 있습니다."", 306, 29, 11], [""영양정보"", 302, 40, 646], [""200"", 295, 26, 771], [""100gg520kca"", 316, 33, 738], [""곳에보"", 325, 27, 0], [""소비자분쟁히결"", 347, 29, 0], [""号230mg12%伞数62g19%43g"", 338, 31, 642], [""15-09-2021"", 347, 27, 459], [""을수있습니다."", 367, 29, 0], [""01:10"", 365, 23, 526], [""27g50%0.3g16107"", 364, 30, 641], [""000000848327"", 375, 25, 258], [""0I1399"", 386, 23, 0], [""爱量15mg5%7g13%"", 388, 27, 641], [""구입처"", 406, 31, 0], [""트레이:PP"", 411, 23, 173], [""No Brand는 이마트의 상표입니다"", 414, 21, 241], [""2"", 410, 27, 638], [""우유,내두,밀,계단,아황산류 함유"", 522, 26, 585]]"
000873,2021,02,26,2021-02-26,s1,1.04,BELGIOIOS HEHAH AOMRZZEET QEDITS | Best By FEB/26/21 10:48NDL.2A,"[[""HEHAH"", 217, 184, 205], [""AOMRZZEET"", 258, 283, 238], [""QEDITS"", 228, 223, 324], [""BELGIOIOS"", 233, 260, 153], [""Best By FEB/26/21"", 435, 26, 160], [""10:48NDL.2A"", 433, 26, 277]]"
000874,NONE,NONE,NONE,NONE,fail,54.66,"18KS09133a 18KS09133a 18KS09133a 5 18KS09133a LIE善290mg15% L三号290mg15% LE号290mg15% 18KS09133a 1 10 10 L三号290mg15% 10 LI三香290mg15% 10 | PRODUCT OFTHE USA PRODUCT OFTHE USA PRODUCT OF THE USA PRODUCT OFTHE USA 23g43% PRODUCT OFTHE USA 23043%0.90 2343%0.9 수물3g 1% 탄수화물3g 1% 탄수화물3g 1% 수화3g 1% PRODUCT OF THE USA 탄수화물3g 1% | 90mg30% 等90mg30% 90mg30%18 트랜스지방0.9g | 설료기출지없담함비로깊료? 단백질18 단백질18 90mg30%18 | 개인의필요영량에따량 다를수있을 료있 90mg30% | 1일 영양성분기출지에대한 비용(%은? 단백질18 | 개인의필요열량에따라다수있을 | % | Nutrition Nutrition Nutrition Amount/serving Amount/serving Amount/serving % DV Amount/serving %DV Amount/serving % DV Amount/serving %DV % DV %DV fyoure not completefy satsfied with this Kirkiand Signature product, this Kirkiand Signafure product, Iyou're not completely satsfied with this Kirkiand Signature product, Ifyoufre not completefy satisfiedwth | Facts Facts Facts Total Fat 6g Total Fat 6g Total Fat 6g 8% 8% RE 8% Total Carb. <1g Total Carb. < 1g Total Carb. <1g Carb.s1g 0% 0% 0% your money wil be refunded. your money will be refunded. your money wit be refunded. | BEST BEFORE per container per container per container CONTAIRS: MILK. About 11 Servings About 11 Servings About 11 Servings per serving Calories Nutrition 10z (28g) Serving size per container Sat. Fat 4.5g Sat. Fat 4.5g Sat. Fat 4.5g Facts Nutrition 2% 21% 21% 21% Amount/serving Fiber 0g Fiber Og Fiber 0g Fiber Og %DV Amount/serving 0% 0% 0% STCO WHOLER COSTCO WHOLESALE COSTCO WHOLESALE COSTCO WHOLESALE DISTRIBUTED BY: DISTPIPUTED BY: DISTRIBUTED BY: DISTRIBUTED BY: %DV this Kirkiand Signature product, Ifyoufre not completefy satsfiedwith | Serving size Serving size Serving size Facts Trans Fat 0g Trans Fat Og Trans Fat Og About 11 Servings Total Fat 6g Total Sugars e1 Total Sugars <1g Total Sugars <1g Total Sugars <1g 8% Total Carb. <1g P.O. BOK 34 COHPORATION CORPORATION CORPORATION CORPORATION P.O.BOX34535 P.O.BOX34535 P.O.BOX34535 0% your money wil be refunded. | 10z(28g) 1oz(28g) 1oz(28g) 80 About 11 Servings Chofesterol 25mg Chofesterol 25mg Cholestero! 25mg 나 8% 8% 8% 2LTRE Incl.Og Added Sugars 0% Incl. Og Added Sugars 0% Incl. Og Added Sugars 0% 21% SEATTLEWA G8124-1535 SEATTLE,WA 98124-1535 SEATTLE,WA98124-1535 SEATTLE,WA 98124-1535 0% DISTRIBUTED BY: | Calories Sodium 80mg Sodium 80mg Sodium 80mg Sat. Fat 4.5g 4% Protein 5g 4% Pruiein 5g 4% Protein 5g Fiber 0g TC 1-800-774-2678 1-800-774-2678 1-800-774-2678 USA 1-800-774-2878 USA USA COSTCO WHOLESALE | per serving per serving per serving Calories Calories 80 8 80 80 per container Trans Fat Og VitaminD0%·Calcium0%·Iron0%·Potassium0% Vitamin D0%·Calcium0%Iron0%·Potassium 0% VitaminD0%·Calcium0%·Iron0%·Potassium0% ac리m O%: ron Os:Potassll Total Sugars <1g Www.cOSTCo.cOM WWIW.COBTCO.COM WWW.COSTCO.COM WWW.COSTCO.COM CORPORATION | MAR 22 21 06:57 293W0 10z(28g) Serving size INGRFNIENTS: CULTURED PASTEURIZED GOAT'S MILK, SALT, ENZYMES INGREDIENTS: CULTURED PASTEURIZED GOAT'S MILK, SALT, ENZYMES. INCRFNIENTS: CULTURED PASTEURIZED GOAT'S MILK, SALT, ENZYMES. Total Fat 6g Amount/serving NTS: CULTURED PASTEURZED GOATS MLK, SALT ENZYMES. Nutrition Cholesterel25mg8% Amount/serving Incl.0g Added Sugars 0% ITM./ART.9090 ITM./ART.9090 ITM./ART.9090 ITM.1ART.9090 SEATTLE,WA98124-1535 P.O.BOX34535 % DV Amount/serving %DV this Kirkiand Signafure product Ifyou're not completely satisfied wtth | CONTAIRS: MILK. CONTAIRS: MILK. CONDARS: MILK CONIAIRS: MILK. INCRENIENTS: CULTURED PASTEURIZED GOAT'S MILK, SALT, ENZYMES. alores 80 Sodium 80mg Cholesterol 25mg 8% Trans Fat 0g Sat. Fat 4.5g Facts Sodium 80mg 18KS09133a 18KS09133a 18KS09133a 18KS09133a KEEP REFRIGERATED KEEP REFRIGERATED KEEP REFRIGERATED KEEP REFRIGERATED 18KS09133a VitaminD0%·Calcium0%·Iron0%·Potassium0% 4% Protein 5g Total Fat 6g 8% WWW.COSTCO.COM 1-800-774-2678 USA Total Carb. <1g 0% your money will be refunded. | BEST BEFORE BEST BEFORE BEST BEFORE BEST BEFORE MAR2221 06:57 MAR 22 21 06:57 293W0 MAR 22 21 06:57 293W0 MAR 22 21 06157 293HO 293W0 About 11 Servings INGRFDENTS: CULTURED PASTEURIZED GOAT'S MILK, SALT, ENZYMES. PRODUCT PRODUCT PRODUCT PRODUCT Sat.Fat 4.5g 21% ITM./ART.9090 Fiber 0g 0% DISTRIBUTED BY: | 4% 8% OF THE USA OF THE USA OF THE USA OFTHE USA 1 0 119661909090 1119661909090 96619-09090 l9661909090 COSTCO WHOLESALE | Vitamin D0%·Calcium 0%-Iron 0%·Potassium 0% CONTAINS: MILK. Protein 5g Fiber 0g Total Carb. <1g % DV Amount/serving per container Serving size Trans Fat 0g 18KS09133a KEEP REFRIGERATED Cholesterol25mg8% Total Sugars <1g Incl. 0g Added Sugars 0% CORPORATION P.O.BOX34535 | BEST BEFORE Total Sugars < 1g MAR 22 21 06:57 293W0 10z (28g) VSN 3HL JO LONQOBd PRODUCT SEATTLE,WA98124-1535 USA | OF THE USA PRODUCT 18KS09133a KEEP REFRIGERATED Incl.Og Added Sugars 0% Calories 0 Sodium 80mg OFTHE USA 0 11119661909090 4%Protein 5g WWW.COSTCO.COM 1-800-774-2678 | %DV per serving 80 VitaminD0%·Calcium0%·Iron0%·Potassium0% | ITM./ART.9090 | 19661909090 ITM./ART.9090 WWW.COSTCO.COM 1-800-774-2678 USA SEATTLE,WA 98124-15 P.O.BOX34535 CORPORATION COSTCO WHOLESALE DISTRIBUTED BY: your money wit be refunded. this Kirkiand Signature product, Ifyoure not completefy satsfied with CONTAIRS: MILK. 1료 기자내량 비있습구 23g43% LE晋290mg15% INGRFDIENTS: CULTURED PASTEURIZED GOAT'S MILK, SALT, ENZYMES 18KS09133a KEEP REFRIGERATED | BEST BEFORE 단백질 트랜스지방 0.9g 탄수화물3g 1% MAR 22 21 06:57 293W0 PRODUCT | 18 포 OFTHE USA 0 l9661909090","[[""18KS09133a"", 10, 23, 374], [""PRODUCT OF THE USA"", 28, 47, 503], [""LE号290mg15%"", 22, 41, 717], [""Nutrition"", 184, 35, 198], [""Amount/serving"", 186, 29, 331], [""% DV Amount/serving"", 190, 29, 455], [""% DV"", 194, 20, 657], [""Iyou're not completely satsfied with"", 198, 27, 708], [""Facts"", 208, 29, 197], [""Total Fat 6g"", 216, 29, 331], [""8% Total Carb. <1g"", 222, 32, 461], [""About 11 Servings"", 232, 28, 193], [""0%"", 225, 20, 664], [""Sat. Fat 4.5g"", 239, 28, 341], [""21%"", 242, 23, 456], [""Fiber 0g"", 245, 26, 503], [""per container"", 252, 21, 193], [""0%"", 246, 24, 666], [""Trans Fat Og"", 262, 29, 342], [""Total Sugars <1g"", 268, 27, 504], [""COSTCO WHOLESALE"", 262, 27, 726], [""Serving size"", 272, 28, 189], [""Cholestero! 25mg"", 287, 28, 328], [""1oz(28g)"", 293, 30, 186], [""8%"", 289, 20, 463], [""Incl. Og Added Sugars 0%"", 292, 29, 517], [""Sodium 80mg"", 311, 30, 326], [""4% Pruiein 5g"", 314, 31, 460], [""SEATTLE,WA 98124-1535"", 304, 29, 715], [""Calories"", 319, 33, 186], [""80"", 332, 31, 267], [""1-800-774-2678"", 334, 24, 750], [""Www.cOSTCo.cOM"", 348, 27, 732], [""ITM./ART.9090"", 369, 30, 712], [""CONIAIRS: MILK."", 386, 23, 182], [""KEEP REFRIGERATED"", 406, 25, 536], [""BEST BEFORE"", 436, 23, 179], [""18KS09133a"", 440, 24, 563], [""PRODUCT"", 473, 24, 565], [""OF THE USA"", 490, 25, 559], [""l9661909090"", 498, 25, 713], [""2343%0.9"", 52, 61, 715], [""탄수화물3g 1%"", 43, 36, 850], [""10"", 35, 18, 942], [""等90mg30%"", 63, 44, 717], [""단백질18"", 82, 30, 886], [""this Kirkiand Signature product,"", 212, 26, 708], [""your money will be refunded."", 226, 22, 706], [""DISTRIBUTED BY:"", 247, 24, 743], [""CORPORATION"", 276, 23, 751], [""P.O.BOX34535"", 290, 24, 750], [""USA"", 320, 17, 787], [""per serving"", 339, 18, 185], [""VitaminD0%·Calcium0%·Iron0%·Potassium0%"", 345, 32, 326], [""INGREDIENTS: CULTURED PASTEURIZED GOAT'S MILK, SALT, ENZYMES."", 368, 33, 181], [""MAR 22 21 06:57 293W0"", 460, 23, 219], [""18KS09133a"", 9, 21, 378], [""PRODUCT OFTHE USA"", 28, 52, 501], [""L三号290mg15%"", 22, 45, 716], [""23g43%"", 39, 38, 711], [""탄수화물3g 1%"", 42, 38, 850], [""트랜스지방0.9g"", 57, 42, 817], [""10"", 35, 14, 942], [""90mg30%"", 61, 46, 714], [""단백질18"", 81, 30, 896], [""Nutrition"", 184, 37, 192], [""Amount/serving"", 184, 27, 330], [""% DV Amount/serving"", 190, 26, 456], [""%DV"", 193, 22, 657], [""fyoure not completefy satsfied with"", 197, 28, 706], [""Facts"", 208, 27, 196], [""Total Fat 6g"", 216, 28, 331], [""this Kirkiand Signature product,"", 211, 28, 706], [""About 11 Servings"", 232, 29, 192], [""8%"", 219, 20, 464], [""Total Carb. < 1g"", 222, 27, 492], [""0%"", 224, 24, 663], [""your money wit be refunded."", 225, 25, 706], [""Sat. Fat 4.5g"", 238, 28, 339], [""per container"", 252, 27, 189], [""21%"", 242, 24, 455], [""Fiber 0g"", 244, 27, 503], [""0%"", 246, 26, 666], [""DISTRIBUTED BY:"", 246, 27, 740], [""Serving size"", 272, 31, 187], [""Trans Fat 0g"", 262, 30, 340], [""Total Sugars <1g"", 267, 29, 503], [""COSTCO WHOLESALE"", 260, 27, 725], [""Chofesterol 25mg"", 286, 28, 327], [""CORPORATION"", 276, 25, 750], [""10z(28g)"", 292, 32, 184], [""8%"", 290, 23, 459], [""Incl. Og Added Sugars 0%"", 292, 29, 517], [""P.O.BOX34535"", 290, 26, 749], [""Sodium 80mg"", 310, 29, 324], [""4% Protein 5g"", 314, 30, 460], [""SEATTLE,WA 98124-1535"", 304, 29, 714], [""Calories"", 318, 34, 184], [""80"", 330, 39, 264], [""USA"", 320, 20, 786], [""per serving"", 337, 27, 181], [""Vitamin D0%·Calcium0%Iron0%·Potassium 0%"", 344, 38, 324], [""1-800-774-2678"", 333, 24, 750], [""WWW.COSTCO.COM"", 348, 27, 732], [""INCRFNIENTS: CULTURED PASTEURIZED GOAT'S MILK, SALT, ENZYMES."", 368, 35, 181], [""ITM./ART.9090"", 369, 34, 710], [""CONTAIRS: MILK."", 385, 26, 180], [""KEEP REFRIGERATED"", 405, 26, 536], [""BEST BEFORE"", 436, 24, 178], [""18KS09133a"", 440, 27, 562], [""MAR2221 06:57"", 458, 22, 219], [""293W0"", 459, 22, 423], [""PRODUCT"", 472, 27, 563], [""OF THE USA"", 490, 28, 557], [""119661909090"", 498, 28, 707], [""5"", 12, 9, 453], [""PRODUCT OFTHE USA"", 27, 46, 503], [""RE"", 222, 11, 504], [""Carb.s1g"", 223, 16, 528], [""2%"", 241, 16, 458], [""Fiber Og"", 245, 21, 506], [""DISTPIPUTED BY:"", 247, 23, 744], [""Total Sugars e1"", 268, 21, 508], [""STCO WHOLER"", 261, 22, 748], [""COHPORATION"", 276, 25, 752], [""나"", 288, 10, 466], [""2LTRE"", 290, 11, 532], [""P.O. BOK 34"", 289, 24, 751], [""SEATTLEWA G8124-1535"", 304, 26, 715], [""TC"", 318, 13, 789], [""8"", 332, 17, 274], [""1-800-774-2878"", 334, 21, 751], [""ac리m O%: ron Os:Potassll"", 346, 21, 437], [""NTS: CULTURED PASTEURZED GOATS MLK, SALT ENZYMES."", 369, 33, 249], [""CONDARS: MILK"", 386, 23, 182], [""KEEP REFRIGERATED"", 406, 26, 537], [""BEST BEFORE"", 437, 24, 179], [""18KS09133a"", 440, 26, 562], [""MAR 22 21 06157 293HO"", 460, 23, 219], [""PRODUCT"", 473, 26, 565], [""OFTHE USA"", 491, 24, 559], [""1"", 500, 9, 699], [""96619-09090"", 499, 22, 721], [""WWIW.COBTCO.COM"", 349, 32, 730], [""ITM.1ART.9090"", 370, 31, 713], [""18KS09133a"", 10, 23, 375], [""PRODUCT OFTHE USA"", 28, 44, 503], [""LIE善290mg15%"", 22, 39, 718], [""23043%0.90"", 52, 61, 714], [""수물3g 1%"", 41, 38, 824], [""1"", 34, 12, 944], [""설료기출지없담함비로깊료?"", 84, 70, 708], [""90mg30%18"", 69, 54, 717], [""개인의필요영량에따량 다를수있을"", 92, 44, 715], [""Nutrition"", 184, 35, 197], [""Amount/serving"", 185, 26, 331], [""%DV Amount/serving"", 190, 27, 454], [""%DV"", 194, 20, 657], [""Facts"", 208, 27, 198], [""Ifyoufre not completefy satisfiedwth"", 198, 24, 710], [""Total Fat 6g"", 216, 26, 332], [""8%"", 220, 23, 463], [""this Kirkiand Signafure product,"", 212, 25, 708], [""About 11 Servings"", 232, 27, 194], [""Total Carb. <1g"", 222, 25, 493], [""0%"", 225, 20, 665], [""your money wil be refunded."", 226, 22, 707], [""Sat. Fat 4.5g"", 240, 25, 342], [""per container"", 252, 21, 194], [""21%"", 243, 20, 457], [""Fiber Og"", 246, 23, 505], [""0%"", 246, 24, 666], [""DISTRIBUTED BY:"", 248, 23, 743], [""Trans Fat Og"", 262, 29, 342], [""Serving size"", 272, 27, 190], [""Total Sugars <1g"", 269, 25, 505], [""COSTCO WHOLESALE"", 262, 24, 726], [""Chofesterol 25mg"", 287, 27, 329], [""CORPORATION"", 276, 23, 751], [""1oz(28g)"", 293, 30, 186], [""8%"", 289, 20, 461], [""Incl.Og Added Sugars 0%"", 293, 26, 518], [""P.O.BOX34535"", 290, 23, 751], [""Sodium 80mg"", 311, 30, 327], [""4% Protein 5g"", 314, 27, 461], [""SEATTLE,WA98124-1535"", 305, 26, 715], [""Calories"", 319, 33, 186], [""80"", 332, 35, 261], [""USA"", 319, 22, 785], [""per serving"", 339, 20, 185], [""VitaminD0%·Calcium0%·Iron0%·Potassium0%"", 344, 31, 326], [""1-800-774-2678"", 334, 23, 751], [""WWW.COSTCO.COM"", 349, 26, 733], [""INGRFNIENTS: CULTURED PASTEURIZED GOAT'S MILK, SALT, ENZYMES"", 368, 31, 182], [""ITM./ART.9090"", 369, 32, 712], [""CONTAIRS: MILK."", 386, 22, 182], [""KEEP REFRIGERATED"", 406, 22, 537], [""BEST BEFORE"", 438, 21, 181], [""18KS09133a"", 440, 23, 563], [""MAR 22 21 06:57 293W0"", 460, 21, 219], [""PRODUCT"", 474, 23, 565], [""OF THE USA"", 491, 24, 559], [""0"", 499, 10, 699], [""1119661909090"", 499, 24, 706], [""BEST BEFORE"", 237, 117, 187], [""CONTAIRS: MILK."", 244, 128, 235], [""INCRENIENTS: CULTURED PASTEURIZED GOAT'S MILK, SALT, ENZYMES."", 419, 476, 248], [""per serving"", 226, 83, 287], [""Calories"", 229, 85, 302], [""10z (28g)"", 231, 86, 327], [""Serving size"", 244, 111, 347], [""per container"", 244, 101, 373], [""About 11 Servings"", 261, 136, 387], [""Facts"", 238, 79, 413], [""Nutrition"", 256, 124, 431], [""MAR 22 21 06:57 293W0"", 357, 280, 165], [""80"", 281, 54, 286], [""Vitamin D0%·Calcium 0%-Iron 0%·Potassium 0%"", 510, 367, 272], [""Sodium 80mg"", 384, 121, 309], [""Cholesterol 25mg 8%"", 409, 166, 332], [""Trans Fat 0g"", 386, 97, 359], [""Sat. Fat 4.5g"", 387, 102, 382], [""Total Fat 6g"", 378, 93, 405], [""Amount/serving"", 384, 107, 437], [""18KS09133a"", 428, 112, 614], [""4%"", 472, 36, 313], [""8%"", 476, 31, 406], [""% DV Amount/serving"", 524, 141, 431], [""Total Carb. <1g"", 548, 125, 399], [""Protein 5g"", 531, 87, 306], [""Incl.Og Added Sugars 0%"", 603, 188, 326], [""Total Sugars < 1g"", 569, 133, 352], [""Fiber 0g"", 536, 71, 378], [""KEEP REFRIGERATED"", 618, 165, 217], [""OF THE USA"", 611, 106, 131], [""PRODUCT"", 609, 92, 150], [""18KS09133a"", 616, 107, 182], [""0"", 626, 28, 561], [""%DV"", 675, 38, 433], [""VSN 3HL JO LONQOBd"", 592, 183, 582], [""ITM./ART.9090"", 798, 177, 247], [""SEATTLE,WA 98124-15"", 799, 182, 313], [""your money wit be refunded."", 788, 167, 398], [""this Kirkiand Signature product,"", 797, 182, 409], [""Ifyoure not completefy satsfied with"", 798, 184, 425], [""1료 기자내량 비있습구"", 835, 251, 513], [""23g43%"", 764, 101, 576], [""COSTCO WHOLESALE"", 800, 155, 361], [""LE晋290mg15%"", 779, 129, 590], [""19661909090"", 794, 137, 123], [""WWW.COSTCO.COM"", 799, 144, 276], [""DISTRIBUTED BY:"", 802, 129, 374], [""1-800-774-2678"", 804, 111, 291], [""P.O.BOX34535"", 802, 109, 332], [""CORPORATION"", 799, 100, 349], [""USA"", 802, 37, 307], [""트랜스지방 0.9g"", 869, 110, 559], [""탄수화물3g 1%"", 896, 102, 574], [""단백질"", 919, 48, 545], [""18"", 948, 21, 545], [""포"", 947, 24, 559], [""18KS09133a"", 12, 29, 483], [""PRODUCT OFTHE USA"", 36, 58, 646], [""L三号290mg15%"", 28, 50, 922], [""수화3g 1%"", 52, 51, 1062], [""10"", 46, 15, 1211], [""90mg30%18"", 88, 69, 922], [""료있"", 114, 94, 906], [""Nutrition"", 238, 43, 253], [""Amount/serving"", 238, 31, 428], [""%DV Amount/serving"", 245, 34, 586], [""%DV"", 249, 26, 844], [""Ifyoufre not completefy satsfiedwith"", 254, 32, 912], [""Facts"", 267, 35, 252], [""Total Fat 6g"", 278, 33, 426], [""this Kirkiand Signature product,"", 273, 32, 908], [""8%"", 282, 26, 596], [""Total Carb. <1g"", 285, 30, 634], [""About 11 Servings"", 299, 33, 250], [""0%"", 289, 26, 854], [""your money wil be refunded."", 290, 25, 910], [""Sat. Fat 4.5g"", 308, 33, 439], [""21%"", 311, 33, 584], [""Fiber 0g"", 315, 31, 648], [""per container"", 325, 26, 248], [""0%"", 317, 28, 856], [""DISTRIBUTED BY:"", 318, 31, 956], [""Trans Fat Og"", 338, 35, 441], [""Total Sugars <1g"", 345, 32, 649], [""COSTCO WHOLESALE"", 336, 32, 932], [""Serving size"", 350, 33, 243], [""CORPORATION"", 355, 30, 965], [""10z(28g)"", 377, 38, 239], [""Cholesterel25mg8%"", 370, 36, 422], [""Incl.0g Added Sugars 0%"", 376, 33, 666], [""P.O.BOX34535"", 374, 30, 965], [""alores 80"", 420, 85, 221], [""Sodium 80mg"", 400, 35, 420], [""SEATTLE,WA98124-1535"", 392, 32, 920], [""4% Protein 5g"", 404, 34, 593], [""USA"", 410, 25, 1009], [""VitaminD0%·Calcium0%·Iron0%·Potassium0%"", 443, 42, 419], [""1-800-774-2678"", 429, 32, 965], [""WWW.COSTCO.COM"", 448, 30, 942], [""INGRFDENTS: CULTURED PASTEURIZED GOAT'S MILK, SALT, ENZYMES."", 474, 42, 234], [""ITM./ART.9090"", 475, 36, 916], [""CONTAINS: MILK."", 496, 29, 234], [""KEEP REFRIGERATED"", 522, 28, 691], [""BEST BEFORE"", 561, 26, 232], [""18KS09133a"", 566, 32, 724], [""MAR 22 21 06:57 293W0"", 590, 27, 282], [""PRODUCT"", 609, 29, 727], [""OFTHE USA"", 631, 31, 720], [""11119661909090"", 642, 33, 904], [""0"", 642, 11, 898], [""18KS09133a"", 18, 39, 752], [""PRODUCT OF THE USA"", 56, 85, 1010], [""LI三香290mg15%"", 42, 73, 1437], [""탄수화물3g 1%"", 85, 62, 1709], [""10"", 71, 18, 1891], [""90mg30%"", 123, 74, 1437], [""1일 영양성분기출지에대한 비용(%은?"", 168, 98, 1427], [""개인의필요열량에따라다수있을"", 184, 81, 1434], [""단백질18"", 164, 45, 1795], [""%"", 212, 7, 1898], [""Nutrition"", 371, 58, 397], [""Amount/serving"", 370, 43, 667], [""% DV Amount/serving"", 380, 43, 915], [""%DV"", 386, 36, 1315], [""Ifyou're not completely satisfied wtth"", 396, 41, 1423], [""Facts"", 416, 50, 397], [""Total Fat 6g"", 432, 46, 666], [""this Kirkiand Signafure product"", 424, 44, 1421], [""8%"", 438, 41, 927], [""Total Carb. <1g"", 446, 44, 988], [""0%"", 449, 38, 1332], [""About 11 Servings"", 465, 50, 390], [""your money will be refunded."", 451, 38, 1418], [""Sat.Fat 4.5g"", 479, 48, 687], [""21%"", 484, 43, 911], [""Fiber 0g"", 491, 43, 1013], [""0%"", 493, 42, 1335], [""DISTRIBUTED BY:"", 494, 41, 1488], [""per container"", 505, 36, 387], [""Trans Fat 0g"", 526, 49, 689], [""COSTCO WHOLESALE"", 522, 43, 1455], [""Serving size"", 544, 46, 382], [""Total Sugars <1g"", 537, 43, 1015], [""CORPORATION"", 551, 40, 1505], [""10z (28g)"", 586, 58, 376], [""Cholesterol25mg8%"", 575, 52, 659], [""Incl. 0g Added Sugars 0%"", 586, 47, 1038], [""P.O.BOX34535"", 580, 39, 1503], [""Sodium 80mg"", 622, 51, 653], [""SEATTLE,WA98124-1535"", 610, 43, 1435], [""Calories"", 637, 54, 376], [""4%Protein 5g"", 628, 51, 923], [""USA"", 638, 38, 1571], [""80"", 664, 67, 534], [""1-800-774-2678"", 668, 41, 1505], [""per serving"", 677, 34, 372], [""VitaminD0%·Calcium0%·Iron0%·Potassium0%"", 690, 61, 655], [""WWW.COSTCO.COM"", 697, 40, 1469], [""INGRFDIENTS: CULTURED PASTEURIZED GOAT'S MILK, SALT, ENZYMES"", 737, 59, 366], [""ITM./ART.9090"", 739, 49, 1431], [""CONTAIRS: MILK."", 772, 42, 366], [""KEEP REFRIGERATED"", 812, 43, 1077], [""BEST BEFORE"", 873, 38, 362], [""18KS09133a"", 880, 42, 1130], [""MAR 22 21 06:57 293W0"", 918, 39, 441], [""PRODUCT"", 947, 40, 1134], [""OFTHE USA"", 981, 42, 1121], [""0"", 998, 23, 1394], [""l9661909090"", 998, 39, 1428]]"
000875,NONE,NONE,NONE,NONE,fail,35.02,"PRODUCT OF THE USA RODUCT OF THE USA JCTOFTHE USA JCTOFTHE USA 订档23g43% 민수을 3g 1% 탄수물3g 1% 탄수물3g 1% 단수초물3g 1% 10 10 atmg 15% 10 | 看客90mg30% 2304%三楼#0.90楼 2304%三楼#0.90楼 刘#23g43%楼个对#0.90空片 트랜스지방0.9g포 PRODUCT OFTHE USA 订号23043% 탄수화3g 1% | 1일영일성기내 看0人号90mg3%时18 看#日#90mg30%#18 看#日#90mg30%#18 단뚜19 | 비(신e1 4지습 量#90mg30% 트랜스지방0.9g 포 | BEST BEFORE CONIAIRS: MILK 10z(28g） Serving size percontainer About 11 Servings Facts Nutrition 개면9영양에속습나 1일영양성보기준지대한비월(치2 질19 | Nutrition Nutrition Nutrition Nutrition Amount/senving Amount/senving Amount/serving Amount/bening %DV Amount/senving %DV Amount/senving %DV Amount/senving %DV Amount/serving %0V %DV %DV %DV fyorhe nof comy Inis Kunianf Sigrafurs product. fyare not corpletely satsfedat | this Kiind Sigmature product | Facts Facts Facts Facts MAR2221 06157293WO Total Fat 6g Total Fat 6g Total Fat 6g Total Fat 6g 8% Total Carb.<1g 8% Total Carb.<1g 8% Total Carb,<1g 8% Total Carb.<1g 0% 0% 0% 0% your money wil be retunded. your money wll be refunded. be Tetun be Tetun | About 11 Senwings About 11 Senwings About 11 Senvings About 11 Servings Sat. Fat 4.5g Sat. Fat 4.5g Sat. Fat 4.5g Sat. Fat 4.5g 21% 21% 21%Fber Og 21%Fber Og Sodium 80mg 6Fiber 0g Fiber 0g Trans Fat 0g Sat. Fat 4.5g Total Fat 6g 0% 0% 0% 0% Amount/senving COSTOO WHOLESALE COSTOO WHOLESALE COSTOO WHOLESALE COSTOO WHOLESALE DISTRIBUTED BY: DISTRIBUTED BY: DISTRIBUTED BY: DISTRIBUTED BY: | Serving size per container Serving size Serving size Serving size per container percontainer percontainer Trans Fat g TransfFat 0g TransfFat 0g Transfat 0g INEREDIENTS: CULTURED PASTEURZED GOATS MUK SALT ENZYMES. Cholesterol25mg8% Total SUugars<1g Total Sugars < 1g Total Sugars<1g Total Sugars<1g Inc. Og Added Sugars 0% InclL 0o Addet Sugars 0% 1 P.O.BOX34535 P.O.BOX34535 P.O.BOX34535 P.O.BOX34535 CORPORATION CORPORATION CORPOPATION CORPOPATION | 10z(28g) 10z(28g) 10z(28g) 10z(28g) Cholesterol 25mg Cholesterol 25mg Cholesterol25mg8% Cholesterol25mg8% 8% 8% Indl. Og Added Sugars 0% Indl. Og Added Sugars 0% SEATTLEWA 98124-1535 SEATTLE.WA 98124-1535 SEATTLE.WA98124-1535 SEATTLE.WA98124-1535 | Calories Sodium 80mg Sodium 80mg Sodium 80mg Sodium 80mg VitaminD0%Calcium0%-Iron0%·Potassium0% 4% Prutein 5g 4% Protein 5g 4% Protein 5g 4% Pruiein 5g 4%P 8%1 1-800-774-2678 1-800774-2578 1-800774-2578 1-800-774-2678 USA USA USA USA | per serving  80  80 80 VitaminD0%Calcum0%·Iron0%·Potassium0% VitaminD0%Calcum0%·Iron0%·Potassium0% VitaminD0%-Calcium0%-Iron0%·Potassium0% Vitamn0%Cacum0%ron%Potssum% Prutein 5g Fiber 0g Total Carb.<1g %DV Amount/serving ITM./ART.9090 ITM./ART.9090 ITM./ART.9090 ITM./ART.9090 ITM./ART.9090 WWW.COSTCO.cCOM WW.COSTCO.COM WW.COSTCO.COM WWW.COSTCO.cOM %DV fyouhe nof completay satstied at | IMERFNICNTS: CULTURED PASTEURIZED GOATS MILK, SAT, ENZYMES. IMERFNICNTS: CULTURED PASTEURIZED GOATS MILK, SAT, ENZYMES. IMCRENIENTS: CULTURED PASTEURIZED GOAT'S MILK, SALT, ENZYMES. IMRFDIENTS: CULTURED PASTEURIZED GOATS MILK, SALT, ENZYMES Nutrition Total Sugars <1g Amount/serving %DV Amount/serving | CONAIRS: MILK CONLAIRS: MILK CONLAIRS: MILK CONIAIRS: MILK OFTHE USA PRODUCT 18KS09133a KEEP REFRIGERATED Facts nc. Og Addel Sugars 0% KEEP REFRIGERATED KEEP REFRIGERATED KEEP REFRIGERATED KEEP REFRIGERATED PRODUCT OFTHEUSA 0% your money wil be refunded. his Kunkiand Sigrafure product | BEST BEFORE BEST BEFORE BEST BEFORE BEST BEFORE l 18KS09133a 18KS09133a 18KS09133a 18KS09138 18KS09133a % 당% %DV Total Fat 6g 8% Total Carb.<1g | MAR 2221 06157293W0 MAR222106157293H0 MAR222106157293H0 HAR 22 21 06157 293HO MAR222106157293W0 About 11 Servings PRODUCT PRODUCT PRIODUCT PRODUCT PRODUCT Sat. Fat 4.5g 21% Fiber 0g 0% DISTRIBUTED BY: | 9661909090 OFTHE USA OF THE USA OFTHEUSA OFTHE USA OFTHE USA COs 0 Phis Ikiand Siy fharhe mof comcketet 09661909297 096619090907 096619090907 096619090907 196619090907 订档23g43% COSTOO WHOLESALE | ITM./ART.9090 per container Serving size WWW.COSTCO.COM USA SEATLEWA98124-1535 P.O.BOX34535 CC WHOLESALE DISTRIBUTED BY: lyor money wllbe refhunded. grafurs product h suttfed at Trans Fat Og 警器90mg360% 15% Total Sugars <1g P.O.BOX34535 CORPOPATION | 10z (28g) Cholesterol25mg8% 트랜스지방0.9g 탄수3g 1% Incl. Og Addec Sugars 0% USA SEATTLE,WA98124-1535 | Calories Sodium 80mg 4% Prutein 5g 1-800-774-2578 | per serving 80 VitaminD0%-Calcium0%-Iron0%·Potassium0% WWW.COSTCO.COM | ITM./ART.9090 | INERFNENTS: CULTURED PASTEURIZED GOATS MILK, SALT, ENZYMES | CONIAIRS: MILK KEEP REFRIGERATED | 18KS09133a | BEST BEFORE | MAR222106157293W0 PRODUCT | OFTHE USA 96619090907","[[""RODUCT OF THE USA"", 16, 34, 336], [""刘#23g43%楼个对#0.90空片"", 28, 53, 467], [""민수을 3g 1%"", 16, 33, 547], [""看0人号90mg3%时18"", 46, 49, 468], [""Nutrition"", 184, 27, 118], [""Amount/serving"", 180, 21, 209], [""%DV Amount/serving"", 180, 20, 291], [""Facts"", 208, 25, 118], [""Total Fat 6g"", 211, 22, 209], [""8% Total Carb.<1g"", 210, 21, 296], [""0%"", 208, 20, 430], [""About 11 Servings"", 232, 21, 117], [""Sat. Fat 4.5g"", 233, 24, 211], [""6Fiber 0g"", 233, 26, 308], [""0%"", 229, 20, 430], [""COSTOO WHOLESALE"", 240, 25, 467], [""per container"", 252, 25, 114], [""Trans Fat g"", 257, 24, 213], [""Total SUugars<1g"", 256, 27, 321], [""Serving size"", 272, 24, 110], [""InclL 0o Addet Sugars 0%"", 279, 24, 328], [""Cholesterol 25mg"", 282, 23, 203], [""10z(28g)"", 294, 25, 108], [""SEATTLE.WA 98124-1535"", 285, 22, 459], [""Sodium 80mg"", 306, 24, 202], [""4% Pruiein 5g"", 306, 23, 291], [""VitaminD0%-Calcium0%-Iron0%·Potassium0%"", 335, 24, 200], [""ITM./ART.9090"", 350, 28, 456], [""CONIAIRS: MILK"", 386, 23, 100], [""KEEP REFRIGERATED"", 393, 22, 337], [""18KS09133a"", 428, 21, 355], [""BEST BEFORE"", 438, 23, 97], [""MAR222106157293W0"", 456, 31, 124], [""PRODUCT"", 460, 24, 354], [""OF THE USA"", 480, 21, 350], [""096619090907"", 481, 28, 437], [""10"", 6, 11, 623], [""%0V"", 178, 17, 426], [""fyare not corpletely satsfedat"", 177, 14, 463], [""this Kiind Sigmature product"", 191, 20, 461], [""your money wil be retunded."", 204, 15, 462], [""21%"", 234, 19, 291], [""DISTRIBUTED BY:"", 226, 20, 480], [""CORPORATION"", 255, 20, 486], [""P.O.BOX34535"", 270, 20, 484], [""8%"", 280, 15, 293], [""USA"", 299, 18, 508], [""1-800-774-2678"", 312, 19, 483], [""WWW.COSTCO.cOM"", 328, 17, 471], [""IMCRENIENTS: CULTURED PASTEURIZED GOAT'S MILK, SALT, ENZYMES."", 362, 26, 99], [""PRODUCT OF THE USA"", 16, 36, 321], [""订档23g43%"", 17, 31, 467], [""단수초물3g 1%"", 16, 32, 559], [""10"", 7, 14, 620], [""看客90mg30%"", 38, 39, 468], [""트랜스지방0.9g포"", 34, 43, 535], [""1일영일성기내"", 55, 38, 462], [""단뚜19"", 54, 25, 587], [""비(신e1"", 67, 25, 576], [""4지습"", 76, 22, 585], [""Nutrition"", 182, 33, 116], [""Amount/bening"", 180, 21, 209], [""%DV Amount/senving"", 180, 21, 290], [""%DV"", 177, 22, 424], [""fyorhe nof comy"", 176, 17, 461], [""Inis Kunianf Sigrafurs product."", 190, 20, 459], [""Facts"", 207, 28, 115], [""Total Fat 6g"", 210, 25, 208], [""8% Total Carb,<1g"", 210, 26, 293], [""0%"", 208, 20, 430], [""your money wll be refunded."", 204, 20, 460], [""About 11 Senvings"", 230, 25, 116], [""Sat. Fat 4.5g"", 232, 23, 211], [""21%"", 233, 20, 289], [""Fiber 0g"", 233, 22, 319], [""0%"", 230, 25, 430], [""DISTRIBUTED BY:"", 226, 18, 480], [""COSTOO WHOLESALE"", 240, 23, 468], [""per container"", 251, 28, 112], [""Transfat 0g"", 257, 26, 212], [""Total Sugars < 1g"", 256, 27, 321], [""CORPORATION"", 254, 23, 483], [""Serving size"", 270, 27, 110], [""Inc. Og Added Sugars 0%"", 278, 26, 325], [""P.O.BOX34535"", 268, 21, 483], [""10z(28g)"", 292, 29, 107], [""Cholesterol 25mg"", 280, 26, 202], [""8%"", 280, 20, 287], [""SEATTLEWA 98124-1535"", 284, 27, 457], [""Sodium 80mg"", 306, 23, 200], [""4% Prutein 5g"", 305, 24, 288], [""USA"", 299, 20, 505], [""Calories"", 318, 34, 104], [""80"", 330, 37, 157], [""1-800-774-2678"", 313, 20, 483], [""Vitamn0%Cacum0%ron%Potssum%"", 334, 28, 199], [""WWW.COSTCO.cCOM"", 328, 21, 470], [""per serving"", 339, 24, 103], [""ITM./ART.9090"", 349, 32, 455], [""IMRFDIENTS: CULTURED PASTEURIZED GOATS MILK, SALT, ENZYMES"", 361, 30, 100], [""CONAIRS: MILK"", 386, 27, 98], [""KEEP REFRIGERATED"", 392, 23, 336], [""18KS09133a"", 428, 23, 353], [""BEST BEFORE"", 437, 24, 96], [""MAR 2221 06157293W0"", 455, 31, 122], [""PRODUCT"", 460, 21, 353], [""OFTHE USA"", 478, 23, 349], [""0"", 484, 13, 442], [""196619090907"", 480, 38, 445], [""1"", 254, 67, 428], [""l"", 430, 106, 319], [""ITM./ART.9090"", 350, 24, 460], [""18KS09138"", 427, 22, 356], [""HAR 22 21 06157 293HO"", 456, 31, 124], [""PRIODUCT"", 460, 21, 355], [""OFTHEUSA"", 480, 21, 350], [""09661909297"", 482, 25, 448], [""JCTOFTHE USA"", 16, 31, 363], [""2304%三楼#0.90楼"", 28, 51, 467], [""탄수물3g 1%"", 18, 31, 556], [""看#日#90mg30%#18"", 46, 49, 469], [""Nutrition"", 184, 25, 124], [""Amount/senving"", 180, 19, 211], [""%DV Amount/senving"", 180, 24, 290], [""%DV"", 177, 18, 426], [""Facts"", 208, 25, 118], [""0%"", 208, 19, 430], [""Total Fat 6g"", 211, 22, 209], [""8% Total Carb.<1g"", 210, 21, 295], [""be Tetun"", 206, 9, 519], [""About 11 Senwings"", 230, 21, 117], [""Sat. Fat 4.5g"", 233, 23, 211], [""21%Fber Og"", 234, 23, 287], [""0%"", 230, 20, 430], [""DISTRIBUTED BY:"", 226, 21, 481], [""COSTOO WHOLESALE"", 240, 23, 468], [""percontainer"", 252, 25, 114], [""TransfFat 0g"", 257, 27, 212], [""Total Sugars<1g"", 257, 26, 321], [""CORPOPATION"", 256, 17, 487], [""Serving size"", 272, 23, 111], [""P.O.BOX34535"", 270, 21, 484], [""Cholesterol25mg8%"", 282, 25, 203], [""Indl. Og Added Sugars 0%"", 280, 20, 310], [""10z(28g)"", 294, 25, 109], [""SEATTLE.WA98124-1535"", 284, 22, 460], ["" 80"", 328, 62, 96], [""Sodium 80mg"", 306, 21, 203], [""4% Protein 5g"", 306, 23, 290], [""USA"", 300, 18, 508], [""1-800774-2578"", 314, 19, 483], [""VitaminD0%Calcum0%·Iron0%·Potassium0%"", 335, 24, 199], [""WW.COSTCO.COM"", 328, 17, 471], [""ITM./ART.9090"", 350, 28, 457], [""IMERFNICNTS: CULTURED PASTEURIZED GOATS MILK, SAT, ENZYMES."", 362, 26, 98], [""CONLAIRS: MILK"", 386, 23, 100], [""KEEP REFRIGERATED"", 393, 20, 337], [""18KS09133a"", 427, 24, 353], [""BEST BEFORE"", 439, 18, 98], [""MAR222106157293H0"", 456, 29, 124], [""PRODUCT"", 460, 21, 355], [""OFTHE USA"", 480, 20, 351], [""096619090907"", 482, 27, 437], [""BEST BEFORE"", 138, 81, 191], [""CONIAIRS: MILK"", 144, 89, 240], [""INEREDIENTS: CULTURED PASTEURZED GOATS MUK SALT ENZYMES."", 264, 324, 263], [""MAR2221 06157293WO"", 214, 194, 167], [""10z(28g）"", 138, 57, 334], [""Serving size"", 150, 73, 356], [""percontainer"", 150, 73, 375], [""About 11 Servings"", 164, 95, 400], [""Facts"", 148, 58, 422], [""Nutrition"", 162, 90, 442], [""VitaminD0%Calcium0%-Iron0%·Potassium0%"", 322, 244, 291], [""Sodium 80mg"", 242, 74, 323], [""Cholesterol25mg8%"", 258, 115, 345], [""Trans Fat 0g"", 245, 70, 371], [""Sat. Fat 4.5g"", 247, 77, 395], [""Total Fat 6g"", 241, 66, 419], [""Amount/senving"", 246, 73, 453], [""4%P"", 304, 35, 327], [""8%1"", 309, 26, 423], [""%DV Amount/serving"", 338, 96, 452], [""Prutein 5g"", 341, 56, 325], [""nc. Og Addel Sugars 0%"", 386, 129, 347], [""Total Sugars <1g"", 367, 92, 371], [""Fiber 0g"", 343, 50, 397], [""Total Carb.<1g"", 356, 82, 417], [""PRODUCT OFTHEUSA"", 389, 122, 606], [""KEEP REFRIGERATED"", 394, 114, 236], [""OFTHE USA"", 386, 72, 152], [""PRODUCT"", 386, 62, 171], [""18KS09133a"", 390, 71, 203], [""9661909090"", 494, 121, 144], [""%"", 440, 18, 403], [""당%"", 440, 20, 423], [""%DV"", 440, 25, 457], [""ITM./ART.9090"", 514, 118, 276], [""SEATLEWA98124-1535"", 515, 127, 343], [""lyor money wllbe refhunded."", 514, 117, 423], [""WWW.COSTCO.COM"", 516, 94, 303], [""COs"", 480, 20, 397], [""Phis Ikiand Siy"", 491, 60, 440], [""fharhe mof comcketet"", 500, 74, 459], [""DISTRIBUTED BY:"", 521, 88, 404], [""警器90mg360%"", 523, 110, 580], [""订档23g43%"", 500, 65, 608], [""P.O.BOX34535"", 520, 75, 360], [""CC WHOLESALE"", 534, 76, 391], [""USA"", 520, 23, 335], [""grafurs product"", 548, 63, 439], [""h suttfed at"", 555, 48, 458], [""트랜스지방0.9g"", 572, 77, 591], [""15%"", 540, 22, 627], [""탄수3g 1%"", 590, 71, 605], [""JCTOFTHE USA"", 16, 31, 363], [""2304%三楼#0.90楼"", 28, 51, 467], [""탄수물3g 1%"", 18, 31, 556], [""看#日#90mg30%#18"", 46, 49, 469], [""Nutrition"", 184, 25, 124], [""Amount/senving"", 180, 19, 211], [""%DV Amount/senving"", 180, 24, 290], [""%DV"", 177, 18, 426], [""Facts"", 208, 25, 118], [""0%"", 208, 19, 430], [""Total Fat 6g"", 211, 22, 209], [""8% Total Carb.<1g"", 210, 21, 295], [""be Tetun"", 206, 9, 519], [""About 11 Senwings"", 230, 21, 117], [""Sat. Fat 4.5g"", 233, 23, 211], [""21%Fber Og"", 234, 23, 287], [""0%"", 230, 20, 430], [""DISTRIBUTED BY:"", 226, 21, 481], [""COSTOO WHOLESALE"", 240, 23, 468], [""percontainer"", 252, 25, 114], [""TransfFat 0g"", 257, 27, 212], [""Total Sugars<1g"", 257, 26, 321], [""CORPOPATION"", 256, 17, 487], [""Serving size"", 272, 23, 111], [""P.O.BOX34535"", 270, 21, 484], [""Cholesterol25mg8%"", 282, 25, 203], [""Indl. Og Added Sugars 0%"", 280, 20, 310], [""10z(28g)"", 294, 25, 109], [""SEATTLE.WA98124-1535"", 284, 22, 460], ["" 80"", 328, 62, 96], [""Sodium 80mg"", 306, 21, 203], [""4% Protein 5g"", 306, 23, 290], [""USA"", 300, 18, 508], [""1-800774-2578"", 314, 19, 483], [""VitaminD0%Calcum0%·Iron0%·Potassium0%"", 335, 24, 199], [""WW.COSTCO.COM"", 328, 17, 471], [""ITM./ART.9090"", 350, 28, 457], [""IMERFNICNTS: CULTURED PASTEURIZED GOATS MILK, SAT, ENZYMES."", 362, 26, 98], [""CONLAIRS: MILK"", 386, 23, 100], [""KEEP REFRIGERATED"", 393, 20, 337], [""18KS09133a"", 427, 24, 353], [""BEST BEFORE"", 439, 18, 98], [""MAR222106157293H0"", 456, 29, 124], [""PRODUCT"", 460, 21, 355], [""OFTHE USA"", 480, 20, 351], [""096619090907"", 482, 27, 437], [""PRODUCT OFTHE USA"", 30, 65, 660], [""订号23043%"", 36, 58, 938], [""atmg 15%"", 14, 32, 990], [""탄수화3g 1%"", 33, 57, 1122], [""10"", 15, 30, 1241], [""트랜스지방0.9g 포"", 65, 74, 1041], [""量#90mg30%"", 80, 63, 943], [""1일영양성보기준지대한비월(치2"", 120, 76, 936], [""질19"", 107, 46, 1144], [""개면9영양에속습나"", 138, 69, 938], [""Nutrition"", 366, 53, 238], [""Amount/serving"", 359, 34, 421], [""%DV Amount/serving"", 359, 34, 587], [""%DV"", 354, 35, 852], [""fyouhe nof completay satstied at"", 353, 32, 925], [""his Kunkiand Sigrafure product"", 382, 31, 923], [""Facts"", 414, 47, 239], [""Total Fat 6g"", 422, 39, 420], [""8% Total Carb.<1g"", 422, 37, 592], [""0%"", 416, 37, 861], [""your money wil be refunded."", 410, 29, 922], [""About 11 Servings"", 463, 40, 233], [""0%"", 459, 46, 857], [""DISTRIBUTED BY:"", 452, 34, 963], [""Sat. Fat 4.5g"", 466, 40, 430], [""21%"", 466, 36, 581], [""Fiber 0g"", 468, 40, 644], [""COSTOO WHOLESALE"", 480, 35, 940], [""per container"", 503, 40, 229], [""Trans Fat Og"", 515, 42, 431], [""Total Sugars <1g"", 512, 41, 647], [""CORPOPATION"", 510, 34, 973], [""Serving size"", 543, 46, 223], [""P.O.BOX34535"", 539, 34, 971], [""Cholesterol25mg8%"", 562, 44, 408], [""Incl. Og Addec Sugars 0%"", 558, 40, 661], [""SEATTLE,WA98124-1535"", 569, 36, 924], [""10z (28g)"", 586, 49, 216], [""4% Prutein 5g"", 609, 44, 583], [""USA"", 598, 32, 1015], [""Sodium 80mg"", 613, 42, 404], [""Calories"", 638, 49, 217], [""1-800-774-2578"", 627, 36, 968], [""80"", 660, 65, 321], [""WWW.COSTCO.COM"", 657, 30, 945], [""per serving"", 677, 46, 210], [""VitaminD0%-Calcium0%-Iron0%·Potassium0%"", 672, 45, 404], [""ITM./ART.9090"", 700, 47, 917], [""INERFNENTS: CULTURED PASTEURIZED GOATS MILK, SALT, ENZYMES"", 724, 47, 205], [""CONIAIRS: MILK"", 772, 43, 205], [""KEEP REFRIGERATED"", 786, 36, 678], [""18KS09133a"", 856, 37, 712], [""BEST BEFORE"", 876, 37, 199], [""MAR222106157293W0"", 912, 55, 250], [""PRODUCT"", 922, 35, 713], [""OFTHE USA"", 958, 37, 703], [""96619090907"", 960, 51, 895]]"
000878,NONE,NONE,NONE,NONE,fail,8.82,HELVA SADE BEFORER Sera Sera Sera Sera Sera Sera | TRADITIONAL HELVA SUBE SESAMPASTE BATCHF094613 BATCHF094613 BEST BEFORBUTO BEST BEFORBUTO 109467173 Sera | SADE SADE SADE SADE SADE SADE Sera | HELVA HELVA HELVA HELVA HELVA HELVA SOBE SESAMPASTE SOBE SESAMPASTE SOBE SESAMPASTE SOBE SESAMPASTE SUBE SESAMPASTE TRADITIONAL HELVA TRADITIONAL HELVA TRADITIONAL HELVA TRADITIONAL HEIVA TRADITIONAL HELVA | Nettogewichte: Netogowiche Netogewichr: Netogewichr: Nerwt:123at New:123ar New:123ar Nerw:1230z- 350ge 350e 350.e 350.e 350.e | BEST BEFORE:OE/O4/2S | BATCHF0946V13 | SADE | HELVA SUBE SESAMPASTE TRADITIONAL HELVA | Nonogmwkh: Notwt:123ot 350.e,"[[""Sera"", 211, 38, 369], [""109467173"", 448, 38, 154], [""SADE"", 476, 49, 158], [""SUBE SESAMPASTE"", 490, 39, 312], [""HELVA"", 520, 67, 163], [""TRADITIONAL HELVA"", 512, 43, 309], [""350.e"", 540, 32, 345], [""Netogowiche"", 543, 23, 274], [""Nerwt:123at"", 554, 29, 274], [""Sera"", 210, 42, 365], [""SADE"", 476, 55, 156], [""SOBE SESAMPASTE"", 490, 43, 309], [""HELVA"", 520, 79, 154], [""TRADITIONAL HELVA"", 511, 48, 308], [""Nettogewichte:"", 543, 26, 273], [""350ge"", 540, 38, 341], [""Nerw:1230z-"", 552, 31, 273], [""Sera"", 210, 37, 370], [""SADE"", 476, 52, 158], [""HELVA"", 520, 71, 162], [""Sera"", 211, 34, 370], [""SADE"", 477, 50, 158], [""SOBE SESAMPASTE"", 490, 41, 311], [""TRADITIONAL HEIVA"", 512, 45, 309], [""350e"", 540, 33, 345], [""HELVA"", 520, 71, 162], [""Sera"", 210, 39, 365], [""BEST BEFORBUTO"", 439, 50, 110], [""BATCHF094613"", 453, 50, 110], [""SADE"", 476, 51, 157], [""SOBE SESAMPASTE"", 490, 41, 310], [""HELVA"", 520, 71, 161], [""TRADITIONAL HELVA"", 512, 44, 306], [""350.e"", 540, 32, 345], [""Netogewichr:"", 542, 23, 275], [""New:123ar"", 554, 30, 275], [""BEFORER"", 178, 72, 184], [""HELVA"", 240, 154, 86], [""SADE"", 208, 91, 134], [""TRADITIONAL HELVA"", 394, 171, 105], [""SUBE SESAMPASTE"", 384, 149, 129], [""Sera"", 418, 96, 411], [""Sera"", 210, 39, 365], [""BEST BEFORBUTO"", 439, 50, 110], [""BATCHF094613"", 453, 50, 110], [""SADE"", 476, 51, 157], [""SOBE SESAMPASTE"", 490, 41, 310], [""HELVA"", 520, 71, 161], [""TRADITIONAL HELVA"", 512, 44, 306], [""350.e"", 540, 32, 345], [""Netogewichr:"", 542, 23, 275], [""New:123ar"", 554, 30, 275], [""Sera"", 419, 80, 735], [""BEST BEFORE:OE/O4/2S"", 872, 98, 222], [""BATCHF0946V13"", 906, 88, 224], [""SADE"", 953, 96, 319], [""SUBE SESAMPASTE"", 980, 71, 628], [""HELVA"", 1042, 139, 325], [""TRADITIONAL HELVA"", 1022, 79, 629], [""350.e"", 1081, 62, 692], [""Nonogmwkh:"", 1085, 42, 550], [""Notwt:123ot"", 1108, 51, 550]]"
000880,2021,05,11,2021-05-11,s1,2.28,영양정보 |    | Emat nogetabery | NACHO N' DIP | 175ge | PROD.DRTE:15/07/2020 | EXP. DRTE:11/05/2021 | LOT0720W177 5120217510198310,"[[""영양정보"", 70, 26, 180], [""  "", 184, 23, 460], [""Emat nogetabery"", 218, 24, 316], [""NACHO N' DIP"", 300, 24, 322], [""175ge"", 340, 38, 322], [""PROD.DRTE:15/07/2020"", 406, 23, 287], [""EXP. DRTE:11/05/2021"", 423, 24, 288], [""LOT0720W177"", 439, 24, 287], [""5120217510198310"", 438, 27, 478]]"
000884,2021,07,03,2021-07-03,up2x,6.38,고강출 꿀골 금 유는 | 생산일자 2021.01.04 | 유통기한 2021.07.03 까지 8801150300451,"[[""고강출 꿀골 금 유는"", 493, 192, 679], [""생산일자"", 763, 66, 256], [""유통기한"", 816, 64, 253], [""2021.01.04"", 823, 78, 403], [""2021.07.03"", 856, 75, 411], [""까지"", 886, 53, 680], [""8801150300451"", 934, 69, 783]]"
000886,2020,01,10,2020-01-10,erode3,3.79,SSG.COM | 유통기한 | 8804433 100120 8874207.09,"[[""SSG.COM"", 198, 24, 295], [""유통기한"", 234, 22, 257], [""8804433 100120"", 287, 30, 80], [""8874207.09"", 271, 60, 253]]"
000888,2021,12,NONE,2021-12-NONE,s1,1.33,"Seasoning Powder Seasoning Oi, Sweet Soy | wkmie Sauce. Chi Powder, Fid Shallot | BEFORE 2021 12 | KRA152 | tNoodles | eng | 9 Spicy","[[""wkmie"", 213, 85, 88], [""Seasoning Powder Seasoning Oi, Sweet Soy"", 229, 50, 347], [""Sauce. Chi Powder, Fid Shallot"", 240, 42, 344], [""BEFORE 2021 12"", 273, 50, 300], [""KRA152"", 290, 39, 292], [""tNoodles"", 337, 78, 113], [""eng"", 430, 66, 113], [""9 Spicy"", 470, 47, 92]]"
000890,2021,04,05,2021-04-05,s1,2.06,10:56 | 2021.04.05 | 까지 | 흔들어드세요 | 허쉬초콜릿드링크,"[[""10:56"", 258, 23, 447], [""2021.04.05"", 275, 27, 400], [""까지"", 294, 21, 491], [""흔들어드세요"", 323, 24, 457], [""허쉬초콜릿드링크"", 420, 26, 481]]"
000894,2021,06,02,2021-06-02,s1,1.11,23145 | 2021.06.02 | 까지 | 피크닉청포도,"[[""23145"", 224, 21, 470], [""2021.06.02"", 240, 23, 396], [""까지"", 260, 26, 540], [""피크닉청포도"", 368, 38, 326]]"
000898,2025,05,19,2025-05-19,s2,4.81,"Certificato | controllo autorizzato | 식품위생법에의한한글표시사항 | ·제품명:모데나 발사먹식초·식품의 유일 | 발효식초 수입·판매원:서영이앤티(주)1서울 | 五：营）8：2500 | 人：6%8品盟：21275.90 | （100%）23%（100% | 1%，早（）001% | 무수아황산 함유 | ·원산지:이탈리아 | ·용기재질:유리 | ·껑내부:물리에틸랜 | 정외부:알미 반교환장소:구입처일만 | 들지 않는 건생한 곳에 보관 -식초에서 발견되는 입자는 | 초산교이 자연적로영어리져 생긴 마디오비니거로 | 인체에 무해하며, 있는 그대로 드시거나 필터 등으로 | 걸러내서서섭휘하시면 됩니다.본 제용은 소비자피해 | 보상 규정에 의거 교한 및 보상을 받을 수 있습니다. | 1399 |   | 직수입입니다. | 물리타리아 페이지 www,olitaliakorea.kr | Best before: | BESTBEFORE | 2025/05/19 | 산도:6% 유리 | 250ml | 8 0071501901968","[[""식품위생법에의한한글표시사항"", 31, 60, 142], [""·제품명:모데나 발사먹식초·식품의 유일"", 46, 69, 120], [""五：营）8：2500"", 112, 67, 132], [""人：6%8品盟：21275.90"", 124, 70, 134], [""（100%）23%（100%"", 137, 70, 136], [""1%，早（）001%"", 150, 67, 139], [""무수아황산 함유"", 192, 44, 148], ["" "", 348, 66, 177], [""유리"", 462, 33, 348], [""산도:6%"", 485, 36, 216], [""250ml"", 512, 49, 218], [""Certificato"", 18, 30, 145], [""controllo autorizzato"", 26, 43, 134], [""발효식초 수입·판매원:서영이앤티(주)1서울"", 60, 64, 123], [""·원산지:이탈리아"", 222, 35, 152], [""·용기재질:유리"", 236, 33, 154], [""·껑내부:물리에틸랜"", 246, 37, 157], [""정외부:알미 반교환장소:구입처일만"", 246, 65, 159], [""들지 않는 건생한 곳에 보관 -식초에서 발견되는 입자는"", 272, 65, 164], [""초산교이 자연적로영어리져 생긴 마디오비니거로"", 284, 67, 167], [""인체에 무해하며, 있는 그대로 드시거나 필터 등으로"", 296, 64, 170], [""걸러내서서섭휘하시면 됩니다.본 제용은 소비자피해"", 309, 65, 172], [""보상 규정에 의거 교한 및 보상을 받을 수 있습니다."", 322, 62, 175], [""1399"", 339, 52, 177], [""직수입입니다."", 377, 28, 182], [""물리타리아 페이지 www,olitaliakorea.kr"", 375, 58, 184], [""Best before:"", 404, 28, 194], [""BESTBEFORE"", 410, 43, 230], [""2025/05/19"", 420, 40, 232], [""8"", 588, 11, 247], [""0071501901968"", 570, 49, 252]]"
000902,2021,11,01,2021-11-01,s1,0.75,EIH | DD/MMY | 01/11/2021 | L2102731,"[[""EIH"", 212, 28, 31], [""DD/MMY"", 424, 25, 317], [""01/11/2021"", 447, 26, 313], [""L2102731"", 471, 24, 321]]"
000906,2022,01,NONE,2022-01-NONE,s1,0.88,  E | UBM EXP:01.2022 일가루일 보존로 우수행산 위 | BP.1.5102 | 은   ,"[[""UBM"", 290, 27, 54], [""EXP:01.2022"", 351, 42, 299], [""BP.1.5102"", 372, 45, 295], [""  E"", 378, 53, 494], [""일가루일 보존로 우수행산 위"", 402, 49, 517], [""은   "", 530, 57, 480]]"
000910,2021,09,20,2021-09-20,s1,1.49,00001428758 | 20-09-2021,"[[""00001428758"", 308, 40, 365], [""20-09-2021"", 445, 45, 306]]"
000914,2021,07,21,2021-07-21,s1,1.45,"26,000 | MOTHER | 일부터 2021-07:21 | 월까지 ：10:3002088 | amm | MOTHER | 엄마로태어나다 | 아이엠마더","[[""26,000"", 130, 70, 382], [""MOTHER"", 296, 86, 62], [""일부터"", 370, 20, 0], [""2021-07:21"", 372, 25, 351], [""월까지"", 386, 20, 0], [""：10:3002088"", 390, 27, 309], [""amm"", 568, 23, 248], [""MOTHER"", 611, 54, 37], [""엄마로태어나다"", 659, 22, 206], [""아이엠마더"", 678, 31, 175]]"
000915,2021,07,01,2021-07-01,s2,1.38,26.000 | MOTHER | 2021 07 1 | 유통기한: 10:30 02088 | MOTHER | SAOMOLC | 아이엠마더,"[[""26.000"", 68, 53, 355], [""MOTHER"", 184, 55, 51], [""MOTHER"", 395, 42, 3], [""2021"", 234, 18, 303], [""07"", 234, 15, 390], [""유통기한:"", 248, 17, 264], [""10:30"", 248, 15, 323], [""02088"", 246, 15, 405], [""1"", 236, 9, 461], [""아이엠마더"", 441, 18, 123], [""SAOMOLC"", 429, 12, 154]]"
000919,2022,03,11,2022-03-11,s1,3.09,"3.150 시고기 | 국산 대파를 사용하여동정건조한 | 800 리얼슬라이스 생생대파 해표 | 다시다 | °해표리얼슬라이스 생생대과 특징 °해표리얼습라어수생과 사용방법 | 국, 탕, 피개,불용슬라이스 대파가 | 필요한 모든 요리에 가능 | 믿을수있는 높은품질의국산 농산을 한스의을 대가 | 동결거조공법으로 고유의맛과항을유지 복원되면 요리에 어주세요 | 18:월은보관으로간면  탕,찌개용 | 해먹여형,캠핑등·백게구대가능 8,개+ | 제품명 해표리얼슬라이스생생대 식품유형과·채가공품 | 내용량 유통기한후면 하단표기일까지 | 포장재질 吾号堂卫划室 2017052530116 | 원재료명 까대파97%(국산),올리고당 | 보관방법 | 제조원 | 주의하시기바랍니다.동결건조 제품은 습기에 약하므로개봉 | 후에는가급적빨리사용하시고,장기 보관시잘밀봉하여냉 | 1399：080-900-6133（） 장·냉동보관하여주십시오.부정· 불량식품신고는국번없이 사조 | ·반품 및 교환장소:구입처 및 고객상담실·dr.sajo.co.kr | 2022.03.11","[[""3.150"", 52, 45, 489], [""시고기"", 66, 41, 602], [""800"", 186, 37, 0], [""국산 대파를 사용하여동정건조한"", 192, 32, 260], [""리얼슬라이스"", 211, 34, 223], [""생생대파"", 220, 51, 329], [""해표"", 221, 23, 475], [""°해표리얼슬라이스 생생대과 특징"", 270, 39, 143], [""°해표리얼습라어수생과 사용방법"", 288, 50, 323], [""다시다"", 271, 60, 597], [""국, 탕, 피개,불용슬라이스 대파가"", 295, 42, 140], [""필요한 모든 요리에 가능"", 307, 37, 151], [""믿을수있는 높은품질의국산 농산을"", 327, 40, 137], [""동결거조공법으로 고유의맛과항을유지"", 347, 40, 135], [""한스의을 대가"", 338, 27, 334], [""복원되면 요리에 어주세요"", 350, 27, 334], [""18:월은보관으로간면"", 365, 34, 135], [""해먹여형,캠핑등·백게구대가능"", 388, 34, 146], ["" 탕,찌개용"", 376, 26, 323], [""8,개+"", 393, 30, 331], [""제품명"", 442, 23, 130], [""해표리얼슬라이스생생대"", 445, 29, 190], [""내용량"", 459, 23, 129], [""식품유형과·채가공품"", 457, 30, 344], [""포장재질"", 476, 23, 128], [""유통기한후면 하단표기일까지"", 475, 31, 342], [""원재료명"", 494, 25, 125], [""吾号堂卫划室 2017052530116"", 491, 32, 331], [""까대파97%(국산),올리고당"", 499, 27, 188], [""보관방법"", 513, 24, 124], [""제조원"", 531, 22, 121], [""주의하시기바랍니다.동결건조 제품은 습기에 약하므로개봉"", 631, 40, 111], [""후에는가급적빨리사용하시고,장기 보관시잘밀봉하여냉"", 649, 40, 110], [""장·냉동보관하여주십시오.부정· 불량식품신고는국번없이"", 668, 45, 109], [""1399：080-900-6133（）"", 685, 41, 109], [""·반품 및 교환장소:구입처 및 고객상담실·dr.sajo.co.kr"", 704, 47, 108], [""사조"", 696, 25, 432], [""2022.03.11"", 757, 28, 256]]"
000923,NONE,02,01,NONE-02-01,s1,1.59,02.01.20:49.N0 | 천안신 | 유통기한 까지 | GT | 아인슈타인 | 100%/1A | 두뇌구성성분DHA | 머리가 마시는 우유! | 아인슈타인,"[[""02.01.20:49.N0"", 249, 26, 214], [""천안신"", 268, 25, 297], [""유통기한"", 282, 21, 185], [""까지"", 281, 20, 414], [""GT"", 343, 40, 392], [""아인슈타인"", 382, 50, 180], [""100%/1A"", 418, 25, 177], [""두뇌구성성분DHA"", 497, 110, 158], [""머리가 마시는 우유!"", 556, 27, 230], [""아인슈타인"", 616, 81, 183]]"
000927,2021,08,23,2021-08-23,s1,2.71,"허니머스타드 | 닭가슴살샐러드, 소시지 김요리에 잘 어울립니다 | 식품유형 소스 | 晋号至卫州堂200104450534 | 원로명정제수,식물성유지외국산이르 | 티니이국중국러드스터13% | 미국산시초머스터드 소글터메릭,파프리카,기타과당,설팅 | %5% | 지분이니다식,정소금난황액,오련지식이섬유 잔탄검 겨자분 | 한 곳에 보관,개봉후에는 냉장~0c보관 | 하시고 얼지않도록 주의하십시오. | 객심실0--부 | 2021-08.23 | OTHER 15:27 까지","[[""허니머스타드"", 258, 38, 259], [""닭가슴살샐러드, 소시지"", 290, 25, 202], [""김요리에 잘 어울립니다"", 290, 25, 337], [""식품유형 소스"", 316, 31, 185], [""晋号至卫州堂200104450534"", 336, 26, 179], [""원로명정제수,식물성유지외국산이르"", 358, 32, 173], [""티니이국중국러드스터13%"", 377, 32, 168], [""미국산시초머스터드 소글터메릭,파프리카,기타과당,설팅"", 396, 32, 168], [""%5%"", 416, 29, 167], [""지분이니다식,정소금난황액,오련지식이섬유 잔탄검 겨자분"", 436, 33, 167], [""한 곳에 보관,개봉후에는 냉장~0c보관"", 545, 30, 172], [""하시고 얼지않도록 주의하십시오."", 563, 30, 167], [""객심실0--부"", 586, 37, 165], [""2021-08.23"", 622, 25, 262], [""OTHER"", 647, 26, 189], [""15:27"", 641, 28, 310], [""까지"", 650, 23, 419]]"
000931,2021,07,29,2021-07-29,clahe,3.51,2021:07:29까지 | 1719B122 | 행복후만 사랑가득이,"[[""2021:07:29까지"", 328, 24, 215], [""1719B122"", 341, 23, 218], [""행복후만 사랑가득이"", 364, 27, 209]]"
000933,NONE,NONE,NONE,NONE,fail,3.99,151385-79 오당:S0로 오당:S0로,"[[""오당:S0로"", 341, 44, 319], [""151385-79"", 386, 124, 275], [""오당:S0로"", 341, 44, 319]]"
000936,2021,10,19,2021-10-19,s1,1.60,다담 청국장 | 2021.01.20 | 2021.10.19 | 530g(4/7） | 8801007097268,"[[""청국장"", 310, 63, 306], [""다담"", 311, 44, 229], [""2021.01.20"", 374, 25, 268], [""2021.10.19"", 394, 26, 268], [""530g(4/7）"", 444, 32, 253], [""8801007097268"", 508, 20, 262]]"
000940,2021,07,03,2021-07-03,erode3,1.84,0 | 21 7 3 0 | 0 0 1 | 9 | HSMI,"[[""7"", 312, 9, 351], [""0"", 304, 7, 390], [""0"", 324, 10, 300], [""1"", 324, 11, 354], [""3"", 319, 8, 374], [""0"", 315, 8, 390], [""0"", 328, 10, 335], [""9"", 335, 10, 352], [""21"", 318, 25, 313], [""HSMI"", 480, 184, 11]]"
000941,2021,07,02,2021-07-02,s1,1.29,UU | CRUNCH RUL FUNG | MATES MATES | BEST BY | 20210702 | 1800741 | 17:28 | RUNCH | MATES | acho | rorta Chip,"[[""UU"", 140, 147, 0], [""FUNG"", 207, 24, 464], [""CRUNCH"", 229, 44, 129], [""RUL"", 217, 36, 288], [""MATES"", 250, 27, 160], [""MATES"", 256, 33, 7], [""BEST BY"", 336, 28, 367], [""20210702"", 360, 28, 369], [""1800741"", 387, 29, 367], [""17:28"", 412, 23, 384], [""RUNCH"", 574, 107, 2], [""MATES"", 646, 62, 9], [""acho"", 791, 182, 3], [""rorta"", 887, 38, 5], [""Chip"", 875, 57, 192]]"
000945,2020,04,03,2020-04-03,s1,0.80,gullón | PROD:03/04/2020,"[[""gullón"", 250, 57, 226], [""PROD:03/04/2020"", 416, 30, 128]]"
000946,2021,09,30,2021-09-30,s1,0.86,2021.09.30 | AVE11E 12:16,"[[""2021.09.30"", 313, 28, 385], [""AVE11E 12:16"", 335, 26, 390]]"
000950,2022,09,16,2022-09-16,s2,2.19,Swiss m | 쿠키앤초코 | 2022.09.16.14:27진천 F | 성이영위위 | alz | az,"[[""Swiss m"", 20, 33, 600], [""쿠키앤초코"", 322, 33, 281], [""alz"", 698, 20, 298], [""az"", 837, 28, 284], [""2022.09.16.14:27진천 F"", 357, 26, 144], [""성이영위위"", 458, 26, 242]]"
000954,NONE,NONE,NONE,NONE,fail,9.90,（）90.33% 7（）9033% 7（）9033% NN 햄등심 | 햄등심 =햄등심 햄등심 햄등심 햄등심 햄등심 21:82:838 촉촉하고 담백한 촉촉하고 담백한 촉촉하고 담백한 촉촉하고 담백한 최촉하고 담백단 00리방 100% 100% 100% 100% 100% Phre Pbrk Pbrk BEERKP 촉촉하고 담백한 100% | BEER BEER BEERAP BEER&PL UEN2L BEFRNPXOEER OR | 생식용 | ）9033% Pl | 21:82:83 21:81:83 21:81:83 21:82:83 21:82:83 7월8 0 0 B B DA1 DA1 DA1 DA1 지 까지 까지 품 부터 부터 부터 의 의 5이 5이 100% | 8 1801037 햄등심 촉촉하고 담백한 | BEERSPT ER | R 관품의유성 | 돼지2기무유심고기 | 9 부터 | 21:82:83 B DAT 까지 | 8801057869629,"[[""Phre"", 206, 48, 303], [""100%"", 214, 39, 175], [""=햄등심"", 251, 95, 0], [""촉촉하고 담백한"", 236, 38, 178], [""BEER&PL"", 268, 41, 190], [""21:82:83"", 469, 64, 173], [""지"", 450, 28, 301], [""부터"", 436, 17, 303], [""B"", 460, 17, 286], [""DA1"", 465, 20, 301], [""1801037"", 515, 22, 32], [""（）90.33%"", 200, 45, 0], [""100%"", 214, 45, 174], [""햄등심"", 250, 107, 0], [""촉촉하고 담백한"", 235, 40, 178], [""OR"", 248, 18, 348], [""BEERAP"", 269, 42, 188], [""21:82:83"", 468, 69, 170], [""B"", 460, 19, 284], [""DA1"", 464, 23, 299], [""8"", 522, 11, 23], [""00리방"", 216, 31, 188], [""UEN2L"", 265, 46, 193], [""7월8"", 468, 59, 178], [""햄등심"", 251, 94, 0], [""100%"", 214, 41, 174], [""최촉하고 담백단"", 237, 37, 179], [""BEFRNPXOEER"", 262, 55, 189], [""품"", 450, 57, 298], [""21:82:83"", 470, 56, 177], [""햄등심"", 252, 94, 0], [""7（）9033%"", 202, 46, 0], [""100%"", 214, 40, 173], [""Pbrk"", 203, 28, 313], [""햄등심"", 251, 96, 0], [""촉촉하고 담백한"", 237, 39, 179], [""BEER"", 273, 26, 194], [""부터"", 436, 16, 304], [""까지"", 450, 17, 305], [""의"", 439, 26, 325], [""21:81:83"", 469, 60, 174], [""5이"", 452, 13, 331], [""0"", 460, 22, 282], [""DA1"", 465, 18, 301], [""햄등심"", 99, 156, 354], [""NN"", 195, 24, 148], [""촉촉하고 담백한"", 227, 100, 384], [""100%"", 233, 118, 403], [""21:82:838"", 262, 156, 140], [""BEERKP"", 242, 103, 351], [""Pl"", 340, 83, 409], [""생식용"", 338, 27, 180], [""7（）9033%"", 202, 46, 0], [""100%"", 214, 40, 173], [""Pbrk"", 203, 28, 313], [""햄등심"", 251, 96, 0], [""촉촉하고 담백한"", 237, 39, 179], [""BEER"", 273, 26, 194], [""부터"", 436, 16, 304], [""까지"", 450, 17, 305], [""의"", 439, 26, 325], [""21:81:83"", 469, 60, 174], [""5이"", 452, 13, 331], [""0"", 460, 22, 282], [""DA1"", 465, 18, 301], [""）9033%"", 404, 87, 0], [""100%"", 428, 75, 354], [""햄등심"", 502, 191, 0], [""촉촉하고 담백한"", 472, 72, 361], [""ER"", 498, 41, 684], [""BEERSPT"", 532, 87, 385], [""R"", 687, 21, 121], [""관품의유성"", 678, 35, 153], [""돼지2기무유심고기"", 768, 40, 313], [""부터"", 871, 35, 605], [""까지"", 900, 39, 606], [""21:82:83"", 939, 126, 347], [""B"", 919, 30, 572], [""DAT"", 929, 34, 605], [""9"", 965, 17, 2], [""8801057869629"", 1024, 63, 44]]"
000955,2022,01,25,2022-01-25,s1,0.77,비스트 | 하비스! | 달콤한선울이가득! | 롯데제과 | facebook | 22.01.25 22:51 까지 | x3움3,"[[""비스트"", 72, 139, 409], [""하비스!"", 150, 139, 384], [""달콤한선울이가득!"", 371, 22, 292], [""롯데제과"", 387, 20, 314], [""facebook"", 406, 23, 293], [""22.01.25 22:51"", 466, 28, 232], [""까지"", 474, 27, 427], [""x3움3"", 639, 26, 233]]"
000958,2021,02,02,2021-02-02,erode3,7.36,영양정보 20  | 01한까 | 0통L2 | 21.01.29정조 | 21.02.02까질 | R,"[[""영양정보"", 271, 24, 175], [""20 "", 285, 36, 249], [""01한까"", 312, 33, 190], [""0통L2"", 345, 32, 189], [""R"", 488, 62, 270], [""21.01.29정조"", 412, 33, 159], [""21.02.02까질"", 428, 35, 157]]"
000960,2022,07,19,2022-07-19,s1,1.05,초고추장 | 새콤달콤초고추장이야기! | 영양정보 | 2022.07.19,"[[""초고추장"", 102, 66, 278], [""새콤달콤초고추장이야기!"", 128, 73, 239], [""영양정보"", 395, 38, 176], [""2022.07.19"", 484, 48, 208]]"
000964,2023,11,14,2023-11-14,s1,0.87,2023/11/14 | L20640 | Fresco | 좋은 파스타는 좋은 | 듀일 세리나(일)에서 | 시작됩니다 스파게티를 STEP1. | 잘아는 특한 당신을 | STEP,"[[""2023/11/14"", 232, 30, 142], [""L20640"", 257, 28, 145], [""Fresco"", 320, 45, 137], [""좋은 파스타는 좋은"", 368, 36, 153], [""듀일 세리나(일)에서"", 384, 40, 147], [""STEP1."", 379, 42, 329], [""시작됩니다 스파게티를"", 400, 35, 151], [""잘아는 특한 당신을"", 415, 38, 153], [""STEP"", 481, 36, 335]]"
000965,2023,07,20,2023-07-20,s1,3.55,"DT&SPRUNGLI GMBH·수입판매업소:(주)농심 서울 | 방동)·유통기한제품 뒷면의 표시일까지(일월년순,첫번째 1= | 세조일자원재료명설팅,코아매스,코코아버터무수유지방, | 영양정보 | 100g530kcal | 12mg4%6.2g11% | (E701.13)J25 ood SA | Mah. Baglargid. No:14 | DE-52072AACHEN | 23.07-202 | L5700 17 | Prod. date / Fecha de producción / Data de | fabricaco// 3""046920""029674 | (//) | STORE IN A COOL AND DRY LACE 100g NET | Consenar en lugar frescoy seco· Consenar em loc | /Serin ve kur yerdesal","[[""DT&SPRUNGLI GMBH·수입판매업소:(주)농심 서울"", 90, 49, 344], [""방동)·유통기한제품 뒷면의 표시일까지(일월년순,첫번째 1="", 111, 52, 322], [""세조일자원재료명설팅,코아매스,코코아버터무수유지방,"", 131, 63, 283], [""영양정보"", 231, 36, 144], [""100g530kcal"", 253, 36, 447], [""12mg4%6.2g11%"", 314, 37, 148], [""(E701.13)J25"", 418, 36, 232], [""ood SA"", 428, 24, 530], [""Mah. Baglargid. No:14"", 476, 24, 420], [""DE-52072AACHEN"", 514, 23, 149], [""23.07-202"", 634, 26, 153], [""L5700 17"", 666, 22, 153], [""Prod. date / Fecha de producción / Data de"", 739, 28, 82], [""fabricaco//"", 760, 34, 80], [""3\""046920\""029674"", 765, 34, 393], [""(//)"", 780, 25, 82], [""100g NET"", 813, 69, 400], [""STORE IN A COOL AND DRY LACE"", 812, 40, 82], [""Consenar en lugar frescoy seco· Consenar em loc"", 835, 31, 80], [""/Serin ve kur yerdesal"", 849, 36, 78]]"
000969,2022,06,30,2022-06-30,s1,3.99,"emgdi tecindi soiarm naturale divaniglial, | conratilme%miriss5% | mandore nocciole Latee cereali contenent | 영양정보 .6g | 100g458 45 %]. | 0mg0%3g5% | 25g@e-4410 | 468 1962100 | im ho ascuto | Pride | Dabimsnte entro fine: 2022/06/30 | L157828 | 13:05 | MA IMBONATI 59, MILANO (ITALY). | RALE EUROPA 14, SENAGO (MI).","[[""emgdi"", 81, 41, 301], [""tecindi soiarm naturale divaniglial,"", 91, 31, 318], [""conratilme%miriss5%"", 105, 36, 281], [""mandore nocciole Latee cereali contenent"", 127, 26, 283], [""영양정보"", 304, 29, 247], ["".6g"", 297, 20, 484], [""100g458"", 312, 23, 335], [""45 %]."", 322, 20, 474], [""0mg0%3g5%"", 363, 26, 241], [""25g@e-4410"", 438, 53, 55], [""468"", 545, 22, 164], [""1962100"", 545, 25, 252], [""im ho ascuto"", 558, 31, 41], [""Pride"", 590, 63, 575], [""Dabimsnte entro fine:"", 628, 24, 39], [""2022/06/30"", 632, 29, 304], [""L157828"", 663, 24, 302], [""13:05"", 688, 21, 302], [""MA IMBONATI 59, MILANO (ITALY)."", 706, 34, 47], [""RALE EUROPA 14, SENAGO (MI)."", 722, 37, 46]]"
000973,2022,12,02,2022-12-02,up2x,8.56,BEST BY | 02//12/22 | LOCRLeb8NEY | ocle | 제품명 글로버허니 | 식품유형 발질(십화질) | 수입원 | 제조상 식방양성 또 부 있습rg 의유보터 | 유통기한터 | BUN UD U,"[[""BEST BY"", 882, 47, 576], [""02//12/22"", 908, 45, 573], [""LOCRLeb8NEY"", 1390, 68, 516], [""ocle"", 1415, 34, 595], [""제품명"", 1454, 31, 368], [""글로버허니"", 1451, 30, 500], [""식품유형"", 1480, 31, 382], [""발질(십화질)"", 1478, 29, 498], [""수입원"", 1515, 28, 391], [""제조상"", 1544, 27, 394], [""식방양성 또 부 있습rg 의유보터"", 1548, 60, 606], [""유통기한터"", 1570, 24, 398], [""BUN UD U"", 1866, 41, 433]]"
000974,NONE,NONE,NONE,NONE,fail,4.53,89 MS BE치BS 12 12 | LOCRLMINEE LOCRLMINEE | 하 하 | 3지.4% 3지.4% | LOCRLHSNER | BALUEBNIAN,"[[""BE치BS"", 295, 32, 229], [""MS"", 296, 29, 232], [""12"", 296, 27, 233], [""LOCRLMINEE"", 462, 27, 201], [""하"", 482, 10, 220], [""3지.4%"", 540, 17, 234], [""89"", 300, 38, 172], [""12"", 296, 27, 233], [""LOCRLMINEE"", 462, 27, 201], [""하"", 482, 10, 220], [""3지.4%"", 540, 17, 234], [""LOCRLHSNER"", 924, 48, 404], [""BALUEBNIAN"", 1239, 32, 299]]"
000978,NONE,02,22,NONE-02-22,up2x,47.75,0311 03.01 2 3829 | 2.22A3 | he 'uorséjuued sapun pasn dnou6 ruogeuuejuj zajapuow | 2화 | Jo SxuuBpB Bu éouep puE O3HO INIw | Uec-e식1 | wodzijpupeeouatunsuooud | + TE MaANOONzTo 1Gk hers | 0 | % ouf sauctcsyud zajapuow | Xg pejnausig pue pouoduj | /S3-tbr0tc | MISANOONI JO LONQOHd | 'sanueod pue | 1.0ciy  SoU re Ame a Miu Bujuejuos sjonpoud sesseooud osje peu juaudjnbe uo paungoejnuew | 'BKos pue pedym suejuoo :uogeuuoju uaésav | whwid stesoesegingd eigy Antol nrenonsue roaca teunoes uOuo ogetuñs pue ud jo aB e시appe poo. | UungpoS/ruansgeN anonaleuuA rouapl | T:E AJWCHRSUPa JEAI eunueN MzzcsN) uuaoer xos)Jeyrsnua uous uoo es BtncossNl | 4ogwDmog.wsnaraprnpguwrl 비jaggfh eeuogeoa unjuouuy (ojoogsnl euuogueag unipos)suedy Buseb | WwNaYOUD/goPys0dr dnus sogonuyapmod oooo MéicsNl OHal uppoauy sueuoO-tuev | Mrpuoc uruar heprmeicar ebbanr uruar Mpu udud)o egacya peaugooup/H-uoNeéns nold noum :sauopeutul | wotpoutanits/Aunuec Neurl ONVOV NVA NSNS ONNONVONAW | awnL.otsogorcoar] ONVA UNMSIa S3SoHdw3W VoNr DNvA NvIVhvHad VOvd ISxNQoddIQ | Ma/타ugT uuP Inu3 TVBAL MVLAOIG ONVA NVHVA HVLAVg IVHI'NADHATV ONNQNVON3W | ABwe1 VINVA MLLALNIS VSNHAd'UVTAQAN MLLISA기) | wv/Nvirvs uad HvIwnr 1STNWAONAdONNOVT UNd WVAVS'(1VNOBHVB WNINOWY WNIHIN) | wrsanuinrewo coendeg terunr | oag Dut나gg/osg ue aryt | DMIN ISVWHOINI ONNONYONAWUVBVNXVANIWNVINDNOISAL ONNdAL ISISOdWON,"[[""03.01"", 436, 42, 722], [""3829"", 460, 89, 807], [""0311"", 460, 39, 716], [""2"", 460, 17, 829], [""he"", 470, 13, 38], [""2.22A3"", 487, 46, 713], [""Uec-e식1"", 522, 57, 26], [""2화"", 492, 11, 117], [""'uorséjuued sapun pasn dnou6 ruogeuuejuj zajapuow"", 562, 93, 485], [""+"", 541, 8, 5], [""MaANOONzTo 1Gk"", 566, 56, 31], [""TE"", 554, 13, 116], [""hers"", 560, 27, 157], [""0"", 564, 9, 3], [""Jo SxuuBpB Bu éouep puE O3HO INIw"", 593, 76, 597], [""%"", 625, 26, 205], [""wodzijpupeeouatunsuooud"", 635, 58, 722], [""/S3-tbr0tc"", 644, 57, 0], [""ouf sauctcsyud zajapuow"", 704, 59, 744], [""Xg pejnausig pue pouoduj"", 724, 65, 707], [""1.0ciy  SoU re Ame a"", 734, 53, 0], [""nrenonsue roaca teunoes"", 763, 46, 53], [""Miu Bujuejuos sjonpoud sesseooud osje peu juaudjnbe uo paungoejnuew"", 790, 117, 288], [""MISANOONI JO LONQOHd"", 760, 54, 753], [""whwid stesoesegingd eigy Antol"", 772, 52, 14], [""UungpoS/ruansgeN"", 800, 38, 107], [""T:E AJWCHRSUPa JEAI"", 818, 49, 10], [""'BKos pue pedym suejuoo :uogeuuoju uaésav"", 828, 85, 546], [""'sanueod pue"", 804, 38, 865], [""4ogwDmog.wsnaraprnpguwrl"", 833, 56, 0], [""eunueN MzzcsN) uuaoer xos)Jeyrsnua uous uoo es BtncossNl"", 879, 118, 277], [""uOuo ogetuñs pue ud jo aB e시appe poo."", 852, 77, 562], [""WwNaYOUD/goPys0dr"", 859, 44, 28], [""Mrpuoc uruar heprmeicar"", 870, 47, 0], [""비jaggfh"", 858, 26, 170], [""eeuogeoa unjuouuy (ojoogsnl euuogueag unipos)suedy Buseb"", 902, 117, 275], [""ebbanr uruar Mpu"", 884, 53, 0], [""dnus sogonuyapmod oooo MéicsNl OHal uppoauy sueuoO-tuev"", 924, 116, 278], [""anonaleuuA rouapl"", 888, 51, 766], [""wotpoutanits/Aunuec Neurl"", 910, 46, 0], [""udud)o egacya peaugooup/H-uoNeéns nold noum :sauopeutul"", 946, 113, 273], [""awnL.otsogorcoar]"", 930, 42, 60], [""Ma/타ugT uuP Inu3"", 958, 42, 0], [""ABwe1"", 976, 52, 8], [""ONVA UNMSIa S3SoHdw3W VoNr DNvA NvIVhvHad VOvd ISxNQoddIQ"", 999, 112, 270], [""wv/Nvirvs uad HvIwnr"", 992, 51, 0], [""TVBAL MVLAOIG ONVA NVHVA HVLAVg IVHI'NADHATV ONNQNVON3W"", 1022, 111, 270], [""ONVOV NVA NSNS ONNONVONAW"", 998, 65, 623], [""wrsanuinrewo coendeg terunr"", 1010, 53, 0], [""oag Dut나gg/osg ue aryt"", 1024, 53, 0], [""DMIN ISVWHOINI"", 1041, 48, 0], [""1STNWAONAdONNOVT UNd WVAVS'(1VNOBHVB WNINOWY WNIHIN)"", 1069, 110, 264], [""VINVA MLLALNIS VSNHAd'UVTAQAN MLLISA기)"", 1062, 74, 531], [""ONNONYONAWUVBVNXVANIWNVINDNOISAL ONNdAL ISISOdWON"", 1114, 109, 259]]"
000979,2021,06,14,2021-06-14,s1,1.51,오리온 | 후레쉬베리 FRESH BERRY | 801117545512 | 220. 12.150- | 221.06.141-2,"[[""오리온"", 328, 26, 239], [""후레쉬베리"", 362, 55, 173], [""FRESH BERRY"", 383, 22, 220], [""801117545512"", 398, 23, 400], [""220. 12.150-"", 450, 29, 273], [""221.06.141-2"", 472, 25, 273]]"
000983,2021,08,20,2021-08-20,s1,3.83,AKBAR | 식품위생법에 의한 한글표시 | 제품명 히비스커스허브티(HIBISCUS) | 식품의 유형 침출차(허브티) | 원료및함량 00%） | 중량 100g | 포장재질 폴리에틸렌 | 보관방법 건냉한 장소에 보관 | 반품및교환 수입원 및구입처 | 제조원 Akbar Brothers Ltd. | 수입/소분원 032)672-3742 | 판매원 ）1800-9750 | 교환또는보상을 받을수있습니다. | 유통기한2021.08.20 까지 | OTHER | 200~250ml Black Tea 2~3분 | 90~100℃ Herbal Tea 3~5분,"[[""AKBAR"", 41, 79, 190], [""식품위생법에 의한 한글표시"", 232, 43, 212], [""제품명"", 246, 24, 135], [""히비스커스허브티(HIBISCUS)"", 258, 45, 228], [""식품의 유형"", 270, 30, 111], [""침출차(허브티)"", 277, 32, 229], [""원료및함량"", 295, 29, 107], [""00%）"", 306, 45, 227], [""중량"", 320, 29, 141], [""100g"", 324, 29, 228], [""포장재질"", 346, 26, 123], [""폴리에틸렌"", 349, 33, 227], [""보관방법"", 371, 24, 125], [""건냉한 장소에 보관"", 376, 35, 227], [""반품및교환"", 397, 26, 111], [""수입원 및구입처"", 400, 34, 227], [""제조원"", 422, 25, 134], [""Akbar Brothers Ltd."", 426, 35, 226], [""수입/소분원"", 448, 27, 112], [""032)672-3742"", 451, 36, 225], [""）1800-9750"", 476, 34, 227], [""판매원"", 484, 28, 132], [""교환또는보상을 받을수있습니다."", 590, 29, 105], [""유통기한2021.08.20 까지"", 632, 31, 104], [""OTHER"", 828, 45, 502], [""200~250ml"", 866, 36, 84], [""90~100℃"", 881, 28, 231], [""Black Tea 2~3분"", 869, 36, 355], [""Herbal Tea 3~5분"", 888, 40, 350]]"
000987,2021,12,28,2021-12-28,s1,0.95,Quick Set | Net Wt: MANGO | 85g | EXP:DEC-28-2021,"[[""Quick Set"", 427, 27, 89], [""Net Wt:"", 491, 28, 168], [""MANGO"", 500, 50, 461], [""85g"", 506, 31, 189], [""EXP:DEC-28-2021"", 632, 27, 106]]"
000990,NONE,NONE,NONE,NONE,fail,16.12,BEST BEFOAA | 04- 04- 4 4 1000mle | da | DA CONSLUMAREIPREFER DA CONSLUMAREIPREFER DA CONSOMARSE PREFERIRILMENTE ENMIO ILI DA CONESMAARA PREFERRLMENTE ENTIO IL MENTE ENTRO IL MENTE ENTRO IL PREPARATO A BASE DI PREPARATO A BASE DI PREEPARATOABLASEDN PREPARATO ABASEDT PREPARATO ABASEDT | BEST BEFONE: BEST BEFOREE BEST BEFOREE BEST BEFORE: GRASSO VEGETALE CRASSO YEOTALE GRASSO VEGETALE GRASSO VEGETALE GRASSO VEGETALE | ALUMCA COWSERVEAZNOINE ULH.T. ALUNGA CONSERVAZIONE U.H.T. ALUNGA CONSERVAZIONE U.H.T. ALUNGA CONSERVAZIONE U.N.T. ALUNGA CONSERVAZIONE U.N.T. | eperCucina 로% DA MONTARE E PER CUCINA DA MONTARE E PERCUCINA DA MONTAAE E PER CUCINCA DA MONTAREE PER CUCINA DA MONTAREE PER CUCINA | 20 20 20 20 | 14 14-34:232409 14:34:2309 14:34:2309 23-109 - G MIX MIX MUX MIX | PSC PSC FSC 식관번P 식관번P F8C-C014047 P80*C014047 P80*C014047 FSC-C014047 | 1000mle 1000mle 1000mle 1000mle 1000mlC PREPARATO A BASE DI | HOPIA CUZ1R HDPK NDP16 Whippin 1a da da DA MONTARE E PER CUCINA Montare Montare Montarea Montarea Montave eperCucina eperCucina percucivta percucivta PCuciHa ooking ooking Wwippins Wwippins Whipping | ZIONE U.H.T. | DA CONSIUMARST PREFERIMILMENTE ENTRO ILG PREPARATO A BASE DI | BEST BEFORE GRASSO VEGETALE | ALUNGA CONSERVAZIONE U.H.T. | F2007 2P2697261 DA MONTAREE PER CUCINA | 14.34:2309 MIX | Boart Fr | PSC | F8C-CG14047 | 1000mle | HDPK dla Montaye for Whipping | eperCucinta fooking,"[[""ALUNGA CONSERVAZIONE U.H.T."", 316, 34, 358], [""1000mle"", 402, 37, 193], [""Whipping"", 418, 21, 432], [""Montare"", 431, 58, 277], [""HOPIA"", 454, 64, 158], [""eperCucina"", 447, 58, 281], [""PREPARATO A BASE DI"", 295, 28, 358], [""DA CONESMAARA PREFERRLMENTE ENTIO IL"", 310, 35, 123], [""GRASSO VEGETALE"", 308, 25, 359], [""BEST BEFONE:"", 324, 19, 128], [""DA MONTARE E PERCUCINA"", 329, 30, 359], [""MUX"", 350, 13, 441], [""14-34:232409"", 364, 30, 182], [""FSC"", 372, 14, 376], [""F8C-C014047"", 373, 20, 413], [""da"", 425, 22, 282], [""PREPARATO A BASE DI"", 294, 27, 357], [""DA CONSOMARSE PREFERIRILMENTE ENMIO ILI"", 310, 34, 123], [""ALUNGA CONSERVAZIONE U.H.T."", 316, 34, 356], [""GRASSO VEGETALE"", 308, 25, 358], [""BEST BEFORE:"", 324, 18, 129], [""DA MONTARE E PER CUCINA"", 328, 30, 358], [""MIX"", 348, 13, 442], [""FSC-C014047"", 372, 17, 415], [""1000mle"", 401, 38, 192], [""da"", 426, 17, 283], [""Montave"", 430, 62, 276], [""HDPK"", 453, 70, 156], [""eperCucina"", 446, 60, 280], [""-"", 361, 18, 252], [""G"", 364, 27, 374], [""CUZ1R"", 454, 62, 160], [""PREEPARATOABLASEDN"", 295, 26, 359], [""ALUMCA COWSERVEAZNOINE ULH.T."", 316, 32, 359], [""CRASSO YEOTALE"", 308, 24, 360], [""DA MONTAAE E PER CUCINCA"", 328, 27, 360], [""로%"", 343, 12, 282], [""14"", 367, 16, 185], [""23-109"", 362, 21, 245], [""1000mlC"", 402, 33, 195], [""1a"", 427, 14, 285], [""PCuciHa"", 445, 46, 297], [""Montare"", 432, 54, 278], [""NDP16"", 454, 63, 166], [""04-"", 284, 12, 143], [""4"", 292, 9, 157], [""MENTE ENTRO IL"", 305, 13, 252], [""PREPARATO ABASEDT"", 295, 28, 359], [""DA CONSLUMAREIPREFER"", 314, 24, 126], [""ALUNGA CONSERVAZIONE U.N.T."", 316, 32, 359], [""GRASSO VEGETALE"", 308, 24, 360], [""BEST BEFOREE"", 324, 15, 129], [""DA MONTAREE PER CUCINA"", 328, 25, 360], [""20"", 351, 12, 268], [""MIX"", 350, 14, 440], [""14:34:2309"", 364, 29, 183], [""20"", 357, 20, 200], [""PSC"", 372, 11, 378], [""P80*C014047"", 372, 19, 414], [""식관번P"", 366, 9, 417], [""1000mle"", 402, 37, 193], [""Montarea"", 432, 57, 274], [""Wwippins"", 415, 26, 431], [""ooking"", 440, 28, 427], [""percucivta"", 447, 54, 283], [""BEST BEFOAA"", 158, 63, 309], [""1000mle"", 244, 103, 222], [""eperCucina"", 350, 135, 166], [""da"", 297, 30, 202], [""DA MONTARE E PER CUCINA"", 429, 141, 299], [""PREPARATO A BASE DI"", 418, 118, 331], [""Whippin"", 468, 67, 213], [""ZIONE U.H.T."", 489, 66, 323], [""04-"", 284, 12, 143], [""4"", 292, 9, 157], [""MENTE ENTRO IL"", 305, 13, 252], [""PREPARATO ABASEDT"", 295, 28, 359], [""DA CONSLUMAREIPREFER"", 314, 24, 126], [""ALUNGA CONSERVAZIONE U.N.T."", 316, 32, 359], [""GRASSO VEGETALE"", 308, 24, 360], [""BEST BEFOREE"", 324, 15, 129], [""DA MONTAREE PER CUCINA"", 328, 25, 360], [""20"", 351, 12, 268], [""MIX"", 350, 14, 440], [""14:34:2309"", 364, 29, 183], [""20"", 357, 20, 200], [""PSC"", 372, 11, 378], [""P80*C014047"", 372, 19, 414], [""식관번P"", 366, 9, 417], [""1000mle"", 402, 37, 193], [""Montarea"", 432, 57, 274], [""Wwippins"", 415, 26, 431], [""ooking"", 440, 28, 427], [""percucivta"", 447, 54, 283], [""PREPARATO A BASE DI"", 590, 49, 718], [""GRASSO VEGETALE"", 616, 46, 719], [""DA CONSIUMARST PREFERIMILMENTE ENTRO ILG"", 620, 59, 254], [""ALUNGA CONSERVAZIONE U.H.T."", 633, 58, 719], [""BEST BEFORE"", 649, 32, 259], [""DA MONTAREE PER CUCINA"", 658, 51, 721], [""2P2697261"", 698, 67, 332], [""MIX"", 698, 27, 883], [""F2007"", 714, 29, 380], [""Boart Fr"", 716, 21, 863], [""14.34:2309"", 728, 52, 369], [""PSC"", 744, 23, 757], [""F8C-CG14047"", 746, 27, 834], [""1000mle"", 803, 68, 389], [""for"", 814, 21, 860], [""Whipping"", 833, 46, 859], [""dla"", 850, 38, 565], [""fooking"", 880, 65, 854], [""Montaye"", 861, 108, 558], [""HDPK"", 906, 141, 319], [""eperCucinta"", 894, 101, 568]]"
000992,2021,04,NONE,2021-04-NONE,det5,4.73,"10% 2 SlowNy stir n gnt | 0% 3 | 8% 4 until thickend: stir. | 10% | 8ource of ase more wuter. | Due to diterences in micros | Vitamin Bine Is approximato. | Dacd ona | OMINY CORN | MIN MONO. S: MACIN. | OLIC ACID. | hes,. Ine. |  Holdings, Inc. | 6318-5618 | 14173-D | R096153 | EERING FG-ZG1-A#10a | 04 2021 09:34","[[""2"", 39, 22, 103], [""SlowNy stir n gnt"", 27, 40, 116], [""10%"", 53, 22, 38], [""3"", 54, 18, 103], [""0%"", 68, 22, 40], [""4"", 68, 18, 104], [""8%"", 82, 21, 38], [""until thickend: stir."", 66, 43, 117], [""10%"", 100, 25, 32], [""ase more wuter."", 97, 33, 108], [""Due to diterences in micros"", 105, 49, 96], [""8ource of"", 123, 42, 0], [""Bine Is approximato."", 118, 39, 108], [""Vitamin"", 148, 36, 0], [""Dacd ona"", 174, 40, 0], [""OMINY CORN"", 196, 44, 0], [""S: MACIN."", 221, 42, 0], [""MIN MONO."", 232, 40, 0], [""OLIC ACID."", 243, 39, 0], [""hes,. Ine."", 292, 24, 0], [""14173-D"", 285, 31, 235], ["" Holdings, Inc."", 300, 39, 0], [""R096153"", 301, 31, 234], [""6318-5618"", 323, 30, 0], [""FG-ZG1-A#10a"", 316, 39, 202], [""EERING"", 362, 29, 11], [""09:34"", 399, 32, 304], [""04 2021"", 413, 36, 194]]"
000993,NONE,02,18,NONE-02-18,erode3,3.33,4본바코드 OT | 백도요거트 IC | 02.18# | 13: 49.F16,"[[""4본바코드"", 254, 33, 221], [""OT"", 296, 86, 497], [""IC"", 354, 55, 499], [""백도요거트"", 424, 151, 335], [""02.18#"", 513, 36, 299], [""13: 49.F16"", 547, 38, 299]]"
000995,NONE,NONE,NONE,NONE,fail,3.94,7 OE:JN.1M 우로:48까지 우로:48까지 우로:19까지 우류:19까지 | godd PROB PROB PROB PROB 20OD 18까지 | PROB,"[[""PROB"", 462, 110, 391], [""우로:19까지"", 272, 81, 242], [""7"", 270, 15, 257], [""OE:JN.1M"", 274, 61, 249], [""20OD"", 465, 104, 393], [""우류:19까지"", 273, 70, 247], [""PROB"", 464, 105, 392], [""우로:48까지"", 273, 76, 243], [""PROB"", 457, 112, 391], [""godd"", 414, 52, 123], [""우로:48까지"", 273, 76, 243], [""PROB"", 457, 112, 391], [""18까지"", 536, 56, 609], [""PROB"", 920, 225, 777]]"
000997,NONE,NONE,NONE,NONE,fail,6.73,4본 바코드 13187 13:187E 13:187E 13:10.F1E 131826 까지 | 륨 | 2ldOigQdD | 4본 바코드 4본바코드 4본 바코드 4본 바코드 4본바코드 PROBIOTI B | 8801121 8801121 0 0% 8 우류:18까지는 | 1510 1510 딸기요 딸기요거 딸기요거 딸기요기 딸기요기 딸기요기 | 4본 바코드 PROBIOTIC | 880112151010 딸기요거,"[[""131826"", 275, 52, 279], [""딸기요거"", 591, 78, 286], [""4본 바코드"", 499, 18, 203], [""8"", 516, 13, 202], [""13187"", 274, 45, 279], [""PROBIOTI"", 481, 196, 426], [""4본바코드"", 498, 21, 203], [""0"", 516, 14, 201], [""딸기요거"", 590, 85, 283], [""B"", 472, 32, 445], [""딸기요"", 588, 75, 283], [""4본바코드"", 500, 19, 204], [""0%"", 516, 13, 201], [""딸기요기"", 590, 77, 286], [""까지"", 263, 34, 280], [""13:10.F1E"", 280, 43, 279], [""13:187E"", 276, 44, 281], [""4본 바코드"", 499, 18, 205], [""8801121"", 545, 84, 190], [""딸기요기"", 591, 78, 286], [""1510"", 594, 39, 192], [""4본 바코드"", 242, 80, 130], [""륨"", 304, 46, 9], [""2ldOigQdD"", 455, 54, 54], [""13:187E"", 276, 44, 281], [""4본 바코드"", 499, 18, 205], [""8801121"", 545, 84, 190], [""딸기요기"", 591, 78, 286], [""1510"", 594, 39, 192], [""우류:18까지는"", 552, 93, 562], [""PROBIOTIC"", 973, 406, 853], [""4본 바코드"", 998, 34, 411], [""880112151010"", 1132, 240, 378], [""딸기요거"", 1180, 155, 572]]"
000999,2021,11,11,2021-11-11,s1,0.53,50 | en | Date:11/11/2021,"[[""50"", 68, 53, 2], [""en"", 122, 28, 6], [""Date:11/11/2021"", 400, 23, 348]]"
